attempt,a_data,a_basis,b_basis,bob,bmatch,err,irrad,mode,mu,lam_idx
276,0,0,1,1,0,0,147,1,9,0
697,0,1,0,1,0,0,147,1,9,0
2397,0,0,1,1,0,0,147,1,9,0
3004,1,0,0,1,1,0,147,1,9,0
3390,0,1,1,1,1,1,147,1,9,0
3455,1,1,1,1,1,0,147,1,9,0
3689,1,1,0,0,0,0,147,1,9,0
4737,0,1,0,1,0,0,147,1,9,0
5053,0,1,1,0,1,0,147,1,9,0
5912,0,1,0,0,0,0,147,1,9,0
6941,0,1,0,1,0,0,147,1,9,0
8000,1,1,1,1,1,0,147,1,9,0
8832,0,1,1,0,1,0,147,1,9,0
9453,1,0,1,0,0,0,147,1,9,0
9621,1,1,1,1,1,0,147,1,9,0
9842,0,0,0,0,1,0,147,1,9,0
10075,1,1,0,0,0,0,147,1,9,0
10281,1,1,0,0,0,0,147,1,9,0
12437,1,0,0,1,1,0,147,1,9,0
12519,0,1,0,1,0,0,147,1,9,0
12984,0,1,1,0,1,0,147,1,9,0
13539,0,0,1,1,0,0,147,1,9,0
13681,0,0,0,0,1,0,147,1,9,0
13893,1,1,1,1,1,0,147,1,9,0
14402,0,0,1,1,0,0,147,1,9,0
14805,0,0,1,1,0,0,147,1,9,0
15024,1,1,0,0,0,0,147,1,9,0
15220,1,1,0,0,0,0,147,1,9,0
15810,0,0,1,1,0,0,147,1,9,0
16324,1,1,0,0,0,0,147,1,9,0
17177,0,0,0,0,1,0,147,1,9,0
17405,0,0,0,0,1,0,147,1,9,0
17523,0,0,1,0,0,0,147,1,9,0
19987,1,1,1,1,1,0,147,1,9,0
20588,1,0,1,0,0,0,147,1,9,0
20664,1,0,0,1,1,0,147,1,9,0
21853,1,1,0,0,0,0,147,1,9,0
21926,0,0,1,1,0,0,147,1,9,0
22874,0,1,0,1,0,0,147,1,9,0
23956,0,1,0,1,0,0,147,1,9,0
24339,0,0,1,1,0,0,147,1,9,0
24697,0,1,0,1,0,0,147,1,9,0
24858,1,0,0,1,1,0,147,1,9,0
25541,0,0,0,0,1,0,147,1,9,0
26477,0,0,1,1,0,0,147,1,9,0
26519,1,0,1,0,0,0,147,1,9,0
26597,0,0,1,1,0,0,147,1,9,0
26995,1,1,0,0,0,0,147,1,9,0
27892,1,0,0,1,1,0,147,1,9,0
29665,1,0,0,1,1,0,147,1,9,0
30153,1,1,1,1,1,0,147,1,9,0
30549,0,1,0,1,0,0,147,1,9,0
30735,0,0,0,0,1,0,147,1,9,0
30805,0,1,1,0,1,0,147,1,9,0
30857,0,1,1,0,1,0,147,1,9,0
32119,1,0,0,1,1,0,147,1,9,0
32776,1,0,1,0,0,0,147,1,9,0
33769,0,1,0,1,0,0,147,1,9,0
34151,0,1,1,0,1,0,147,1,9,0
34534,1,0,0,1,1,0,147,1,9,0
34831,0,1,1,0,1,0,147,1,9,0
34958,0,0,0,0,1,0,147,1,9,0
35136,0,0,0,0,1,0,147,1,9,0
36128,1,0,1,0,0,0,147,1,9,0
36312,1,0,1,0,0,0,147,1,9,0
36525,1,0,1,0,0,0,147,1,9,0
36600,1,1,0,0,0,0,147,1,9,0
36742,1,0,0,1,1,0,147,1,9,0
36817,0,1,1,0,1,0,147,1,9,0
38345,0,1,0,1,0,0,147,1,9,0
39603,0,1,1,0,1,0,147,1,9,0
40351,0,0,0,0,1,0,147,1,9,0
40764,0,1,1,0,1,0,147,1,9,0
41389,1,0,1,0,0,0,147,1,9,0
41555,0,1,0,1,0,0,147,1,9,0
42096,1,1,0,0,0,0,147,1,9,0
42611,0,0,1,1,0,0,147,1,9,0
43082,1,0,0,1,1,0,147,1,9,0
43653,0,0,1,1,0,0,147,1,9,0
46459,1,0,0,1,1,0,147,1,9,0
47163,0,1,0,1,0,0,147,1,9,0
47191,0,0,1,0,0,0,147,1,9,0
50045,1,1,0,0,0,0,147,1,9,0
51028,1,0,1,0,0,0,147,1,9,0
52157,1,0,1,0,0,0,147,1,9,0
53184,1,1,1,1,1,0,147,1,9,0
54114,0,0,0,0,1,0,147,1,9,0
54708,0,0,0,0,1,0,147,1,9,0
55103,0,1,1,0,1,0,147,1,9,0
55702,1,0,1,0,0,0,147,1,9,0
56630,0,0,0,0,1,0,147,1,9,0
59011,1,0,0,1,1,0,147,1,9,0
59587,1,0,1,0,0,0,147,1,9,0
60100,0,1,1,0,1,0,147,1,9,0
60759,0,1,1,0,1,0,147,1,9,0
60867,0,0,1,1,0,0,147,1,9,0
61359,0,1,0,1,0,0,147,1,9,0
61385,1,1,0,0,0,0,147,1,9,0
61837,0,0,1,1,0,0,147,1,9,0
62430,0,1,0,1,0,0,147,1,9,0
63826,1,0,0,1,1,0,147,1,9,0
63997,0,1,0,1,0,0,147,1,9,0
64311,0,1,1,0,1,0,147,1,9,0
64938,0,1,0,1,0,0,147,1,9,0
65131,1,1,0,0,0,0,147,1,9,0
66748,0,1,1,0,1,0,173,1,9,0
67090,0,0,0,0,1,0,173,1,9,0
67126,1,0,1,0,0,0,173,1,9,0
68998,1,0,1,0,0,0,173,1,9,0
69121,1,1,1,1,1,0,173,1,9,0
69845,0,0,1,1,0,0,173,1,9,0
69991,1,0,0,1,1,0,173,1,9,0
71248,0,0,0,0,1,0,173,1,9,0
71467,0,1,0,1,0,0,173,1,9,0
71851,1,1,0,0,0,0,173,1,9,0
71914,0,1,0,1,0,0,173,1,9,0
72151,0,0,0,0,1,0,173,1,9,0
72187,1,1,1,1,1,0,173,1,9,0
73120,0,1,0,1,0,0,173,1,9,0
73938,1,0,1,0,0,0,173,1,9,0
74396,0,0,1,1,0,0,173,1,9,0
75786,0,1,0,1,0,0,173,1,9,0
76760,0,0,0,0,1,0,173,1,9,0
77326,0,0,1,1,0,0,173,1,9,0
77551,1,0,0,1,1,0,173,1,9,0
78944,0,0,1,1,0,0,173,1,9,0
78979,1,1,1,1,1,0,173,1,9,0
80589,1,0,0,1,1,0,173,1,9,0
80732,1,0,1,0,0,0,173,1,9,0
81066,0,1,0,1,0,0,173,1,9,0
81173,1,0,0,1,1,0,173,1,9,0
81295,1,0,1,0,0,0,173,1,9,0
81697,1,0,0,1,1,0,173,1,9,0
82929,1,0,1,0,0,0,173,1,9,0
83517,1,0,1,0,0,0,173,1,9,0
84253,0,0,1,1,0,0,173,1,9,0
84516,1,0,0,1,1,0,173,1,9,0
84846,1,0,0,1,1,0,173,1,9,0
85042,0,0,1,1,0,0,173,1,9,0
85093,0,0,0,0,1,0,173,1,9,0
85663,1,0,0,1,1,0,173,1,9,0
85744,0,0,0,0,1,0,173,1,9,0
85825,1,0,0,1,1,0,173,1,9,0
86262,1,0,1,0,0,0,173,1,9,0
86867,0,1,1,0,1,0,173,1,9,0
87856,0,0,0,0,1,0,173,1,9,0
88192,1,0,0,1,1,0,173,1,9,0
88402,1,1,1,1,1,0,173,1,9,0
88806,1,0,0,1,1,0,173,1,9,0
89243,1,1,0,0,0,0,173,1,9,0
89437,0,0,1,1,0,0,173,1,9,0
90722,0,1,1,0,1,0,173,1,9,0
90808,1,0,0,1,1,0,173,1,9,0
91368,0,0,0,0,1,0,173,1,9,0
91418,0,1,1,0,1,0,173,1,9,0
92007,1,0,0,1,1,0,173,1,9,0
93287,1,1,1,1,1,0,173,1,9,0
94152,0,0,0,0,1,0,173,1,9,0
95361,1,1,0,0,0,0,173,1,9,0
95393,1,1,1,1,1,0,173,1,9,0
95548,0,0,0,0,1,0,173,1,9,0
95660,0,0,0,0,1,0,173,1,9,0
96030,1,1,0,0,0,0,173,1,9,0
96976,1,1,1,1,1,0,173,1,9,0
97069,0,1,1,0,1,0,173,1,9,0
97087,1,0,1,0,0,0,173,1,9,0
97282,0,0,0,0,1,0,173,1,9,0
98467,1,1,0,1,0,0,173,1,9,0
99038,0,1,0,1,0,0,173,1,9,0
99157,1,1,1,1,1,0,173,1,9,0
99554,1,1,1,1,1,0,173,1,9,0
100757,1,1,1,1,1,0,173,1,9,0
101074,0,1,1,0,1,0,173,1,9,0
101279,1,0,1,0,0,0,173,1,9,0
102830,0,0,0,0,1,0,173,1,9,0
104006,0,0,0,0,1,0,173,1,9,0
104007,0,0,1,1,0,0,173,1,9,0
104146,0,1,1,0,1,0,173,1,9,0
104416,0,1,1,0,1,0,173,1,9,0
105985,1,0,0,1,1,0,173,1,9,0
106643,1,1,1,1,1,0,173,1,9,0
106882,1,1,0,0,0,0,173,1,9,0
107499,1,0,1,0,0,0,173,1,9,0
107560,1,0,1,1,0,0,173,1,9,0
107905,0,1,0,1,0,0,173,1,9,0
108991,1,0,0,1,1,0,173,1,9,0
109365,0,0,0,0,1,0,173,1,9,0
109567,1,0,1,0,0,0,173,1,9,0
109844,1,1,0,0,0,0,173,1,9,0
113053,0,0,1,1,0,0,173,1,9,0
113858,0,1,0,1,0,0,173,1,9,0
114150,1,1,0,0,0,0,173,1,9,0
114582,1,1,0,0,0,0,173,1,9,0
114877,0,1,0,1,0,0,173,1,9,0
115130,0,1,1,0,1,0,173,1,9,0
115377,0,1,0,1,0,0,173,1,9,0
116387,1,1,0,0,0,0,173,1,9,0
117380,0,0,0,0,1,0,173,1,9,0
117441,1,1,1,1,1,0,173,1,9,0
118112,1,0,1,0,0,0,173,1,9,0
118413,1,1,1,1,1,0,173,1,9,0
118932,1,1,0,0,0,0,173,1,9,0
119623,1,1,0,0,0,0,173,1,9,0
119856,1,1,0,0,0,0,173,1,9,0
119864,0,1,0,1,0,0,173,1,9,0
119974,1,1,1,1,1,0,173,1,9,0
120040,1,0,1,0,0,0,173,1,9,0
120581,0,0,0,0,1,0,173,1,9,0
120829,1,0,0,1,1,0,173,1,9,0
121432,1,1,1,1,1,0,173,1,9,0
121693,1,0,1,0,0,0,173,1,9,0
122011,1,1,1,1,1,0,173,1,9,0
122406,0,0,0,0,1,0,173,1,9,0
122540,1,0,1,0,0,0,173,1,9,0
122927,0,1,1,0,1,0,173,1,9,0
123539,1,1,1,1,1,0,173,1,9,0
124264,1,1,1,1,1,0,173,1,9,0
124338,1,0,0,1,1,0,173,1,9,0
125540,1,1,1,1,1,0,173,1,9,0
125907,0,1,1,0,1,0,173,1,9,0
126289,0,0,1,1,0,0,173,1,9,0
126411,0,1,1,0,1,0,173,1,9,0
126952,0,0,1,1,0,0,173,1,9,0
127224,0,0,1,1,0,0,173,1,9,0
127367,1,0,1,0,0,0,173,1,9,0
127391,1,0,0,1,1,0,173,1,9,0
128830,0,0,0,0,1,0,173,1,9,0
129438,1,1,0,0,0,0,173,1,9,0
130066,1,1,0,0,0,0,173,1,9,0
130713,1,0,0,1,1,0,173,1,9,0
130796,1,0,0,1,1,0,173,1,9,0
131666,1,0,1,0,0,0,101,1,9,0
131853,1,1,0,0,0,0,101,1,9,0
132294,1,0,0,1,1,0,101,1,9,0
132884,0,0,1,1,0,0,101,1,9,0
135113,0,1,0,1,0,0,101,1,9,0
135680,0,0,0,0,1,0,101,1,9,0
136372,1,1,1,1,1,0,101,1,9,0
136639,1,0,0,1,1,0,101,1,9,0
136655,1,1,0,0,0,0,101,1,9,0
138393,0,0,1,1,0,0,101,1,9,0
139655,1,1,1,1,1,0,101,1,9,0
140829,1,0,0,1,1,0,101,1,9,0
141295,0,0,1,1,0,0,101,1,9,0
141507,1,1,1,1,1,0,101,1,9,0
141589,1,1,0,0,0,0,101,1,9,0
142875,1,0,1,0,0,0,101,1,9,0
143351,1,0,1,0,0,0,101,1,9,0
145132,0,0,1,1,0,0,101,1,9,0
146008,0,1,0,1,0,0,101,1,9,0
146319,1,1,0,0,0,0,101,1,9,0
146434,1,1,0,0,0,0,101,1,9,0
146878,0,1,1,0,1,0,101,1,9,0
147006,1,1,1,1,1,0,101,1,9,0
148652,0,0,1,1,0,0,101,1,9,0
148990,0,0,0,0,1,0,101,1,9,0
149374,1,0,0,1,1,0,101,1,9,0
149540,1,0,0,1,1,0,101,1,9,0
149693,0,0,0,0,1,0,101,1,9,0
150254,1,1,1,1,1,0,101,1,9,0
150486,0,1,0,1,0,0,101,1,9,0
151666,1,0,1,0,0,0,101,1,9,0
151813,1,1,0,0,0,0,101,1,9,0
152932,1,1,0,0,0,0,101,1,9,0
154871,1,0,0,1,1,0,101,1,9,0
155553,1,0,1,0,0,0,101,1,9,0
155565,1,1,1,1,1,0,101,1,9,0
155934,1,1,1,1,1,0,101,1,9,0
158139,0,0,0,0,1,0,101,1,9,0
159061,0,1,0,1,0,0,101,1,9,0
159190,0,0,0,0,1,0,101,1,9,0
159300,1,1,1,1,1,0,101,1,9,0
159931,1,1,1,1,1,0,101,1,9,0
159980,1,1,0,0,0,0,101,1,9,0
162136,0,0,0,1,1,1,101,1,9,0
163487,1,1,0,0,0,0,101,1,9,0
164366,0,1,1,0,1,0,101,1,9,0
164556,0,1,0,1,0,0,101,1,9,0
164719,1,0,0,1,1,0,101,1,9,0
166802,1,1,1,1,1,0,101,1,9,0
168976,1,1,1,1,1,0,101,1,9,0
169102,1,1,1,1,1,0,101,1,9,0
170048,1,0,1,0,0,0,101,1,9,0
170410,1,0,1,0,0,0,101,1,9,0
171897,0,0,0,0,1,0,101,1,9,0
171912,1,1,1,1,1,0,101,1,9,0
174427,0,1,1,0,1,0,101,1,9,0
175935,1,0,0,1,1,0,101,1,9,0
176206,0,1,0,1,0,0,101,1,9,0
176944,1,0,0,1,1,0,101,1,9,0
177377,1,0,1,0,0,0,101,1,9,0
183915,0,0,1,1,0,0,101,1,9,0
185201,1,1,1,1,1,0,101,1,9,0
187725,0,0,1,1,0,0,101,1,9,0
188191,0,1,1,0,1,0,101,1,9,0
188223,0,1,0,0,0,0,101,1,9,0
188336,0,0,0,0,1,0,101,1,9,0
188748,1,1,1,1,1,0,101,1,9,0
189000,1,1,1,1,1,0,101,1,9,0
189054,1,0,0,1,1,0,101,1,9,0
192449,1,1,1,1,1,0,101,1,9,0
194393,0,1,0,1,0,0,101,1,9,0
195052,1,1,0,0,0,0,101,1,9,0
197879,0,1,0,1,0,0,112,1,9,0
198984,1,0,0,1,1,0,112,1,9,0
199194,1,1,1,1,1,0,112,1,9,0
200498,0,0,0,0,1,0,112,1,9,0
201282,1,0,0,1,1,0,112,1,9,0
202324,0,1,0,1,0,0,112,1,9,0
203454,1,0,1,0,0,0,112,1,9,0
205295,1,1,0,0,0,0,112,1,9,0
205977,1,0,0,1,1,0,112,1,9,0
206564,0,0,0,0,1,0,112,1,9,0
206628,1,0,1,0,0,0,112,1,9,0
207991,1,0,0,1,1,0,112,1,9,0
208668,0,0,1,1,0,0,112,1,9,0
209326,0,0,0,0,1,0,112,1,9,0
209770,0,0,0,0,1,0,112,1,9,0
210188,0,0,1,1,0,0,112,1,9,0
210555,0,1,1,0,1,0,112,1,9,0
211212,0,1,0,1,0,0,112,1,9,0
211401,0,1,0,1,0,0,112,1,9,0
212471,1,1,1,1,1,0,112,1,9,0
212863,1,0,0,1,1,0,112,1,9,0
213595,1,0,0,1,1,0,112,1,9,0
213791,1,0,1,0,0,0,112,1,9,0
215241,1,0,0,1,1,0,112,1,9,0
215793,1,0,1,0,0,0,112,1,9,0
216895,0,0,1,1,0,0,112,1,9,0
218302,1,0,0,1,1,0,112,1,9,0
218737,0,1,1,0,1,0,112,1,9,0
220579,1,0,0,1,1,0,112,1,9,0
220924,0,1,1,0,1,0,112,1,9,0
221816,1,0,0,0,1,1,112,1,9,0
224335,1,1,1,0,1,1,112,1,9,0
224729,1,0,1,0,0,0,112,1,9,0
226311,1,1,0,0,0,0,112,1,9,0
227800,0,1,0,1,0,0,112,1,9,0
227882,1,1,1,0,1,1,112,1,9,0
228125,1,0,1,0,0,0,112,1,9,0
228636,0,0,1,1,0,0,112,1,9,0
229256,1,0,1,0,0,0,112,1,9,0
230433,1,0,0,1,1,0,112,1,9,0
230772,0,0,1,1,0,0,112,1,9,0
231424,1,0,0,1,1,0,112,1,9,0
232850,1,1,0,0,0,0,112,1,9,0
233718,0,1,0,1,0,0,112,1,9,0
233836,0,1,1,0,1,0,112,1,9,0
234245,1,0,0,1,1,0,112,1,9,0
235669,0,1,0,1,0,0,112,1,9,0
236203,1,0,1,0,0,0,112,1,9,0
237485,1,0,0,0,1,1,112,1,9,0
238415,0,1,0,1,0,0,112,1,9,0
238465,0,0,1,1,0,0,112,1,9,0
239097,1,0,0,1,1,0,112,1,9,0
239602,1,0,0,1,1,0,112,1,9,0
240777,1,0,0,1,1,0,112,1,9,0
242377,0,1,0,1,0,0,112,1,9,0
242764,0,0,0,0,1,0,112,1,9,0
243039,1,1,1,1,1,0,112,1,9,0
244091,0,0,0,0,1,0,112,1,9,0
247693,1,1,1,1,1,0,112,1,9,0
248355,0,1,1,0,1,0,112,1,9,0
250206,0,1,0,0,0,0,112,1,9,0
253521,0,1,1,0,1,0,112,1,9,0
253601,1,1,0,0,0,0,112,1,9,0
254400,0,1,1,0,1,0,112,1,9,0
257505,1,0,0,1,1,0,112,1,9,0
259106,1,1,0,0,0,0,112,1,9,0
259838,1,0,0,1,1,0,112,1,9,0
260235,1,1,0,0,0,0,112,1,9,0
260634,0,1,1,0,1,0,112,1,9,0
260785,1,0,0,1,1,0,112,1,9,0
261156,1,0,1,0,0,0,112,1,9,0
261178,1,0,1,0,0,0,112,1,9,0
261507,1,1,0,0,0,0,112,1,9,0
263999,0,0,0,0,1,0,142,2,9,0
266230,1,0,1,0,0,0,142,2,9,0
266619,0,1,0,1,0,0,142,2,9,0
266710,0,1,1,0,1,0,142,2,9,0
266767,0,1,0,1,0,0,142,2,9,0
266975,0,0,1,1,0,0,142,2,9,0
268206,0,1,1,0,1,0,142,2,9,0
268620,0,0,1,1,0,0,142,2,9,0
268633,1,1,1,1,1,0,142,2,9,0
270663,0,1,0,1,0,0,142,2,9,0
270787,1,1,1,1,1,0,142,2,9,0
270942,0,0,0,0,1,0,142,2,9,0
271065,1,0,0,1,1,0,142,2,9,0
271388,1,1,0,0,0,0,142,2,9,0
271445,1,0,0,1,1,0,142,2,9,0
271539,1,1,0,0,0,0,142,2,9,0
271588,0,1,1,0,1,0,142,2,9,0
271901,1,0,0,1,1,0,142,2,9,0
272167,1,0,0,1,1,0,142,2,9,0
272234,1,1,1,1,1,0,142,2,9,0
272596,0,1,1,0,1,0,142,2,9,0
273926,1,0,0,1,1,0,142,2,9,0
273982,0,1,1,0,1,0,142,2,9,0
274619,1,0,1,0,0,0,142,2,9,0
275231,1,1,1,1,1,0,142,2,9,0
276008,1,0,1,0,0,0,142,2,9,0
276348,0,0,0,0,1,0,142,2,9,0
276566,0,1,0,1,0,0,142,2,9,0
277412,1,1,0,0,0,0,142,2,9,0
277887,0,1,1,0,1,0,142,2,9,0
278163,1,0,0,1,1,0,142,2,9,0
278207,0,0,1,1,0,0,142,2,9,0
278217,0,0,0,0,1,0,142,2,9,0
278535,0,0,0,0,1,0,142,2,9,0
279054,1,0,0,1,1,0,142,2,9,0
279180,1,0,0,1,1,0,142,2,9,0
279182,1,1,1,1,1,0,142,2,9,0
279492,1,0,0,1,1,0,142,2,9,0
279538,1,1,0,0,0,0,142,2,9,0
280273,0,0,1,1,0,0,142,2,9,0
280873,0,0,0,0,1,0,142,2,9,0
282107,1,0,0,1,1,0,142,2,9,0
282678,1,0,0,0,1,1,142,2,9,0
282904,0,1,1,0,1,0,142,2,9,0
283044,1,1,1,1,1,0,142,2,9,0
283625,0,0,0,0,1,0,142,2,9,0
283940,0,1,0,1,0,0,142,2,9,0
284419,1,1,1,1,1,0,142,2,9,0
284444,0,1,1,0,1,0,142,2,9,0
285624,1,0,1,0,0,0,142,2,9,0
287035,0,1,1,0,1,0,142,2,9,0
287252,1,1,1,1,1,0,142,2,9,0
287354,1,1,0,0,0,0,142,2,9,0
289630,0,1,1,0,1,0,142,2,9,0
290599,1,1,1,0,1,1,142,2,9,0
291061,0,0,1,1,0,0,142,2,9,0
291463,1,1,0,0,0,0,142,2,9,0
291559,1,0,0,1,1,0,142,2,9,0
292153,0,0,0,0,1,0,142,2,9,0
292737,1,0,0,1,1,0,142,2,9,0
294632,1,0,0,1,1,0,142,2,9,0
295116,1,0,1,0,0,0,142,2,9,0
295717,0,0,0,0,1,0,142,2,9,0
296122,0,0,1,1,0,0,142,2,9,0
296501,0,1,1,0,1,0,142,2,9,0
297005,1,0,0,1,1,0,142,2,9,0
297339,1,0,0,1,1,0,142,2,9,0
297843,0,1,0,1,0,0,142,2,9,0
299472,1,0,0,1,1,0,142,2,9,0
299904,1,1,1,1,1,0,142,2,9,0
300778,0,0,0,0,1,0,142,2,9,0
301065,0,1,1,0,1,0,142,2,9,0
302483,1,0,0,1,1,0,142,2,9,0
303182,1,1,0,0,0,0,142,2,9,0
304483,1,0,0,1,1,0,142,2,9,0
304565,1,1,0,0,0,0,142,2,9,0
304779,1,0,1,0,0,0,142,2,9,0
305419,1,0,1,0,0,0,142,2,9,0
306196,0,0,0,1,1,1,142,2,9,0
307931,0,1,0,1,0,0,142,2,9,0
308917,0,0,0,0,1,0,142,2,9,0
308997,0,1,1,0,1,0,142,2,9,0
310515,0,0,0,0,1,0,142,2,9,0
310796,0,1,0,1,0,0,142,2,9,0
310876,0,0,0,0,1,0,142,2,9,0
311393,0,1,0,1,0,0,142,2,9,0
312188,1,0,1,0,0,0,142,2,9,0
313619,0,0,1,1,0,0,142,2,9,0
314184,1,0,1,0,0,0,142,2,9,0
314257,0,1,1,0,1,0,142,2,9,0
314995,1,1,0,0,0,0,142,2,9,0
315589,0,1,0,1,0,0,142,2,9,0
315746,0,1,1,0,1,0,142,2,9,0
318085,1,1,1,1,1,0,142,2,9,0
318150,1,0,0,1,1,0,142,2,9,0
318343,0,0,1,1,0,0,142,2,9,0
319701,1,1,0,0,0,0,142,2,9,0
319781,0,1,1,0,1,0,142,2,9,0
320988,1,1,0,0,0,0,142,2,9,0
321674,1,1,0,0,0,0,142,2,9,0
322664,0,1,0,1,0,0,142,2,9,0
323337,1,1,0,0,0,0,142,2,9,0
323393,0,1,0,1,0,0,142,2,9,0
323912,1,1,0,1,0,0,142,2,9,0
324814,1,1,1,1,1,0,142,2,9,0
324834,1,0,1,0,0,0,142,2,9,0
325097,0,0,1,1,0,0,142,2,9,0
325364,1,1,0,0,0,0,142,2,9,0
325454,0,1,1,0,1,0,142,2,9,0
326363,0,1,0,1,0,0,142,2,9,0
327278,0,1,1,0,1,0,142,2,9,0
327723,1,1,1,1,1,0,148,2,12,0
328379,1,1,0,0,0,0,148,2,12,0
328624,1,1,0,0,0,0,148,2,12,0
329152,0,1,1,0,1,0,148,2,12,0
329501,0,1,1,0,1,0,148,2,12,0
330159,1,0,1,0,0,0,148,2,12,0
330925,0,1,0,1,0,0,148,2,12,0
331653,0,1,1,0,1,0,148,2,12,0
332136,0,0,0,0,1,0,148,2,12,0
332396,0,0,1,1,0,0,148,2,12,0
332517,1,0,0,1,1,0,148,2,12,0
333622,0,0,1,1,0,0,148,2,12,0
333634,1,0,0,1,1,0,148,2,12,0
334152,0,1,1,0,1,0,148,2,12,0
334692,1,1,0,0,0,0,148,2,12,0
337527,1,1,0,0,0,0,148,2,12,0
337831,1,1,1,1,1,0,148,2,12,0
338100,0,0,1,1,0,0,148,2,12,0
338314,1,0,1,0,0,0,148,2,12,0
339695,1,0,0,1,1,0,148,2,12,0
340035,0,1,0,1,0,0,148,2,12,0
340538,1,1,0,0,0,0,148,2,12,0
342455,0,1,1,0,1,0,148,2,12,0
342495,1,1,1,1,1,0,148,2,12,0
343001,0,0,0,0,1,0,148,2,12,0
343562,0,1,0,1,0,0,148,2,12,0
343608,0,1,0,1,0,0,148,2,12,0
343772,0,1,0,1,0,0,148,2,12,0
344699,0,0,0,0,1,0,148,2,12,0
345203,0,0,0,0,1,0,148,2,12,0
346578,0,0,1,1,0,0,148,2,12,0
347918,0,0,0,0,1,0,148,2,12,0
348233,0,1,0,1,0,0,148,2,12,0
348344,1,0,0,1,1,0,148,2,12,0
349337,0,1,0,1,0,0,148,2,12,0
349984,1,1,0,0,0,0,148,2,12,0
350018,1,0,1,0,0,0,148,2,12,0
351143,1,1,1,1,1,0,148,2,12,0
351407,0,1,0,1,0,0,148,2,12,0
352102,1,1,0,0,0,0,148,2,12,0
354109,0,0,1,1,0,0,148,2,12,0
354174,1,1,1,1,1,0,148,2,12,0
354489,1,0,1,0,0,0,148,2,12,0
354817,0,0,1,1,0,0,148,2,12,0
354843,0,0,1,1,0,0,148,2,12,0
356090,1,0,0,1,1,0,148,2,12,0
357786,1,1,1,1,1,0,148,2,12,0
358084,0,0,1,1,0,0,148,2,12,0
358882,1,1,1,1,1,0,148,2,12,0
359648,1,1,0,0,0,0,148,2,12,0
359907,1,1,1,1,1,0,148,2,12,0
360122,0,0,1,1,0,0,148,2,12,0
360312,1,0,1,0,0,0,148,2,12,0
360705,1,1,1,1,1,0,148,2,12,0
360747,1,0,0,1,1,0,148,2,12,0
361987,1,1,0,0,0,0,148,2,12,0
362034,1,1,0,0,0,0,148,2,12,0
362140,0,0,0,0,1,0,148,2,12,0
363960,0,0,0,0,1,0,148,2,12,0
364701,1,0,1,0,0,0,148,2,12,0
365046,0,0,1,1,0,0,148,2,12,0
365330,0,0,0,0,1,0,148,2,12,0
365459,1,0,1,0,0,0,148,2,12,0
366025,0,0,0,0,1,0,148,2,12,0
366908,0,0,0,0,1,0,148,2,12,0
367019,0,0,1,1,0,0,148,2,12,0
367185,0,1,0,1,0,0,148,2,12,0
367790,1,0,0,1,1,0,148,2,12,0
367926,1,1,0,0,0,0,148,2,12,0
368431,0,0,1,1,0,0,148,2,12,0
368891,0,0,0,0,1,0,148,2,12,0
369967,0,1,1,0,1,0,148,2,12,0
370617,0,0,0,0,1,0,148,2,12,0
370766,1,1,0,0,0,0,148,2,12,0
370921,1,1,1,1,1,0,148,2,12,0
371030,1,1,1,1,1,0,148,2,12,0
371291,1,1,0,0,0,0,148,2,12,0
371572,1,1,0,0,0,0,148,2,12,0
372295,0,0,0,0,1,0,148,2,12,0
373969,0,0,1,1,0,0,148,2,12,0
374146,1,0,1,0,0,0,148,2,12,0
374553,1,0,1,0,0,0,148,2,12,0
374889,1,1,1,1,1,0,148,2,12,0
374997,0,1,0,1,0,0,148,2,12,0
375617,1,0,0,1,1,0,148,2,12,0
375851,1,1,0,0,0,0,148,2,12,0
376216,0,0,0,0,1,0,148,2,12,0
377727,0,0,0,1,1,1,148,2,12,0
377847,0,1,1,0,1,0,148,2,12,0
378082,0,1,1,0,1,0,148,2,12,0
378114,0,0,1,1,0,0,148,2,12,0
378647,0,0,0,0,1,0,148,2,12,0
378985,0,1,0,1,0,0,148,2,12,0
379008,1,1,0,0,0,0,148,2,12,0
379594,0,1,0,1,0,0,148,2,12,0
380032,1,0,0,1,1,0,148,2,12,0
380234,0,1,0,1,0,0,148,2,12,0
380693,0,1,0,1,0,0,148,2,12,0
381135,1,1,0,0,0,0,148,2,12,0
381152,0,0,1,1,0,0,148,2,12,0
381227,0,1,0,1,0,0,148,2,12,0
381697,0,1,0,1,0,0,148,2,12,0
382117,0,1,1,0,1,0,148,2,12,0
382997,1,1,1,1,1,0,148,2,12,0
383737,0,1,1,0,1,0,148,2,12,0
383850,0,0,1,1,0,0,148,2,12,0
383985,1,0,1,0,0,0,148,2,12,0
385310,0,1,1,1,1,1,148,2,12,0
386096,0,1,0,1,0,0,148,2,12,0
386399,1,1,1,1,1,0,148,2,12,0
386809,0,0,1,1,0,0,148,2,12,0
387116,0,0,1,1,0,0,148,2,12,0
387235,1,1,1,1,1,0,148,2,12,0
387507,0,1,1,0,1,0,148,2,12,0
388221,1,0,0,1,1,0,148,2,12,0
388282,1,0,0,1,1,0,148,2,12,0
388311,1,1,0,0,0,0,148,2,12,0
388447,1,1,0,0,0,0,148,2,12,0
389017,0,0,0,0,1,0,148,2,12,0
389042,1,0,0,1,1,0,148,2,12,0
389654,1,1,1,1,1,0,148,2,12,0
389757,1,1,1,1,1,0,148,2,12,0
389776,0,0,0,0,1,0,148,2,12,0
390529,0,1,0,1,0,0,148,2,12,0
391031,1,0,1,0,0,0,148,2,12,0
392664,1,0,1,0,0,0,148,2,12,0
392967,1,1,0,1,0,0,148,2,12,0
393092,1,0,1,0,0,0,148,2,12,0
393594,0,0,1,1,0,0,146,2,12,0
393789,0,0,0,0,1,0,146,2,12,0
393902,1,1,0,0,0,0,146,2,12,0
394295,0,0,1,1,0,0,146,2,12,0
394344,0,0,1,1,0,0,146,2,12,0
394533,0,0,1,1,0,0,146,2,12,0
394854,0,0,0,0,1,0,146,2,12,0
396333,0,1,1,0,1,0,146,2,12,0
396768,1,1,1,1,1,0,146,2,12,0
397097,0,1,0,1,0,0,146,2,12,0
397482,0,1,0,1,0,0,146,2,12,0
397699,0,0,1,1,0,0,146,2,12,0
398164,0,0,0,0,1,0,146,2,12,0
399252,0,0,0,0,1,0,146,2,12,0
399289,0,1,1,0,1,0,146,2,12,0
399748,1,0,1,0,0,0,146,2,12,0
401280,1,1,1,1,1,0,146,2,12,0
402183,1,1,1,1,1,0,146,2,12,0
402324,1,1,0,0,0,0,146,2,12,0
402489,1,1,1,1,1,0,146,2,12,0
402968,0,1,1,0,1,0,146,2,12,0
403793,0,1,0,1,0,0,146,2,12,0
404872,1,0,0,1,1,0,146,2,12,0
405039,1,0,0,1,1,0,146,2,12,0
405325,0,1,1,0,1,0,146,2,12,0
405580,0,0,0,0,1,0,146,2,12,0
405849,0,1,0,1,0,0,146,2,12,0
406233,1,0,0,1,1,0,146,2,12,0
406646,0,1,0,1,0,0,146,2,12,0
407873,1,1,1,1,1,0,146,2,12,0
407877,0,1,0,0,0,0,146,2,12,0
408231,1,1,0,0,0,0,146,2,12,0
408246,0,0,1,1,0,0,146,2,12,0
408389,0,0,1,1,0,0,146,2,12,0
408500,1,0,1,0,0,0,146,2,12,0
408535,0,1,0,1,0,0,146,2,12,0
409613,1,0,1,0,0,0,146,2,12,0
409854,0,1,1,0,1,0,146,2,12,0
410886,0,1,1,0,1,0,146,2,12,0
411360,1,0,0,1,1,0,146,2,12,0
411994,1,1,1,1,1,0,146,2,12,0
412081,1,0,1,0,0,0,146,2,12,0
412117,1,0,0,1,1,0,146,2,12,0
413011,1,1,1,1,1,0,146,2,12,0
413852,0,1,1,0,1,0,146,2,12,0
414040,0,0,0,0,1,0,146,2,12,0
414176,1,0,0,1,1,0,146,2,12,0
414289,1,1,1,1,1,0,146,2,12,0
414322,0,1,1,0,1,0,146,2,12,0
415939,0,0,1,1,0,0,146,2,12,0
415949,0,0,0,0,1,0,146,2,12,0
416188,1,1,0,0,0,0,146,2,12,0
416533,1,1,0,0,0,0,146,2,12,0
416546,1,0,1,0,0,0,146,2,12,0
416588,1,0,0,1,1,0,146,2,12,0
417281,1,1,1,1,1,0,146,2,12,0
417771,1,0,0,1,1,0,146,2,12,0
418482,1,0,0,1,1,0,146,2,12,0
418691,0,1,0,1,0,0,146,2,12,0
418809,0,0,1,1,0,0,146,2,12,0
418993,0,0,1,1,0,0,146,2,12,0
419487,1,0,1,0,0,0,146,2,12,0
419684,1,0,0,1,1,0,146,2,12,0
421022,0,1,0,1,0,0,146,2,12,0
421478,1,0,0,1,1,0,146,2,12,0
421759,0,1,0,1,0,0,146,2,12,0
421778,0,1,1,0,1,0,146,2,12,0
422665,1,0,0,1,1,0,146,2,12,0
423529,0,0,1,1,0,0,146,2,12,0
423999,0,1,0,1,0,0,146,2,12,0
424302,1,0,1,0,0,0,146,2,12,0
424463,1,0,1,0,0,0,146,2,12,0
425185,0,1,0,1,0,0,146,2,12,0
425221,0,0,0,0,1,0,146,2,12,0
425302,0,0,1,1,0,0,146,2,12,0
426597,1,1,1,1,1,0,146,2,12,0
427323,1,1,1,1,1,0,146,2,12,0
428391,1,1,0,0,0,0,146,2,12,0
428658,1,0,1,0,0,0,146,2,12,0
430720,1,0,1,0,0,0,146,2,12,0
430762,1,0,0,1,1,0,146,2,12,0
430838,1,0,1,0,0,0,146,2,12,0
431786,0,1,1,0,1,0,146,2,12,0
432176,1,1,1,1,1,0,146,2,12,0
432195,0,1,1,0,1,0,146,2,12,0
432287,0,0,0,0,1,0,146,2,12,0
432673,1,1,0,0,0,0,146,2,12,0
432685,1,1,0,0,0,0,146,2,12,0
432850,1,0,1,0,0,0,146,2,12,0
433199,1,1,1,1,1,0,146,2,12,0
433482,1,0,0,0,1,1,146,2,12,0
433837,0,1,1,0,1,0,146,2,12,0
435241,0,0,0,1,1,1,146,2,12,0
435661,0,1,0,1,0,0,146,2,12,0
437095,0,1,1,0,1,0,146,2,12,0
438207,0,1,0,1,0,0,146,2,12,0
438589,1,0,1,0,0,0,146,2,12,0
438619,1,1,0,0,0,0,146,2,12,0
439198,1,0,1,0,0,0,146,2,12,0
439407,0,0,1,1,0,0,146,2,12,0
440733,0,1,0,1,0,0,146,2,12,0
441225,1,1,0,0,0,0,146,2,12,0
441792,1,1,1,1,1,0,146,2,12,0
442180,1,1,1,1,1,0,146,2,12,0
442336,0,1,1,0,1,0,146,2,12,0
442517,0,0,0,0,1,0,146,2,12,0
443734,0,0,0,0,1,0,146,2,12,0
444051,1,1,0,0,0,0,146,2,12,0
444108,0,1,1,0,1,0,146,2,12,0
444253,0,0,1,1,0,0,146,2,12,0
444399,1,0,1,0,0,0,146,2,12,0
444893,1,1,1,1,1,0,146,2,12,0
445088,0,0,0,0,1,0,146,2,12,0
446930,0,1,0,1,0,0,146,2,12,0
447103,1,1,1,1,1,0,146,2,12,0
447563,1,0,0,1,1,0,146,2,12,0
448515,0,1,0,1,0,0,146,2,12,0
448767,0,0,1,0,0,0,146,2,12,0
449578,1,0,0,1,1,0,146,2,12,0
449787,0,1,1,0,1,0,146,2,12,0
450475,0,1,1,0,1,0,146,2,12,0
450493,0,1,1,0,1,0,146,2,12,0
450851,1,1,0,0,0,0,146,2,12,0
451396,0,0,0,0,1,0,146,2,12,0
451411,1,0,1,0,0,0,146,2,12,0
451520,0,1,0,1,0,0,146,2,12,0
451541,0,0,1,1,0,0,146,2,12,0
451938,0,0,0,0,1,0,146,2,12,0
451968,0,1,0,1,0,0,146,2,12,0
453003,1,0,0,1,1,0,146,2,12,0
453147,0,1,0,1,0,0,146,2,12,0
453462,0,1,1,0,1,0,146,2,12,0
453588,1,1,0,0,0,0,146,2,12,0
453629,1,1,0,0,0,0,146,2,12,0
453834,0,0,1,1,0,0,146,2,12,0
454084,0,0,1,0,0,0,146,2,12,0
454286,1,1,0,0,0,0,146,2,12,0
454867,1,1,1,1,1,0,146,2,12,0
454922,1,1,1,1,1,0,146,2,12,0
456781,0,0,0,0,1,0,146,2,12,0
457171,0,1,1,0,1,0,146,2,12,0
457534,0,0,1,1,0,0,146,2,12,0
459843,1,0,1,0,0,0,99,2,12,0
460628,0,0,1,1,0,0,99,2,12,0
460768,1,1,1,1,1,0,99,2,12,0
461158,0,1,1,0,1,0,99,2,12,0
462729,1,0,1,0,0,0,99,2,12,0
469520,0,1,1,0,1,0,99,2,12,0
469720,1,0,1,0,0,0,99,2,12,0
469972,0,1,1,0,1,0,99,2,12,0
470359,0,0,1,1,0,0,99,2,12,0
471188,0,0,0,0,1,0,99,2,12,0
471457,0,0,0,0,1,0,99,2,12,0
473328,1,1,1,1,1,0,99,2,12,0
474623,0,0,0,0,1,0,99,2,12,0
476595,1,1,0,0,0,0,99,2,12,0
476626,1,0,0,1,1,0,99,2,12,0
477551,0,0,0,0,1,0,99,2,12,0
477914,1,0,0,1,1,0,99,2,12,0
478612,1,0,1,0,0,0,99,2,12,0
478807,0,0,1,1,0,0,99,2,12,0
480105,1,1,0,0,0,0,99,2,12,0
480232,1,1,1,1,1,0,99,2,12,0
481022,0,1,0,1,0,0,99,2,12,0
482446,1,1,0,0,0,0,99,2,12,0
482538,0,0,1,1,0,0,99,2,12,0
483288,0,0,0,0,1,0,99,2,12,0
483791,0,1,1,0,1,0,99,2,12,0
484288,0,0,0,0,1,0,99,2,12,0
486030,1,1,1,1,1,0,99,2,12,0
486467,1,1,1,1,1,0,99,2,12,0
486613,0,0,1,1,0,0,99,2,12,0
486982,1,0,1,0,0,0,99,2,12,0
488284,1,1,1,1,1,0,99,2,12,0
488368,0,1,1,0,1,0,99,2,12,0
488492,0,0,1,1,0,0,99,2,12,0
488614,1,0,0,1,1,0,99,2,12,0
491811,1,1,1,1,1,0,99,2,12,0
491859,1,1,0,0,0,0,99,2,12,0
491876,1,0,0,1,1,0,99,2,12,0
493005,0,1,1,0,1,0,99,2,12,0
493506,0,0,1,1,0,0,99,2,12,0
493801,1,1,0,0,0,0,99,2,12,0
494034,1,1,1,1,1,0,99,2,12,0
494143,0,0,1,1,0,0,99,2,12,0
494595,0,0,1,1,0,0,99,2,12,0
494972,0,0,1,1,0,0,99,2,12,0
495493,0,1,1,0,1,0,99,2,12,0
497161,0,0,0,0,1,0,99,2,12,0
498729,0,1,1,0,1,0,99,2,12,0
499273,1,1,1,1,1,0,99,2,12,0
499596,0,0,0,0,1,0,99,2,12,0
502526,0,0,1,1,0,0,99,2,12,0
502796,1,0,1,0,0,0,99,2,12,0
503298,0,0,1,1,0,0,99,2,12,0
503617,1,1,0,0,0,0,99,2,12,0
504958,0,1,1,0,1,0,99,2,12,0
505044,1,1,1,1,1,0,99,2,12,0
506980,0,0,0,0,1,0,99,2,12,0
509032,1,1,1,1,1,0,99,2,12,0
509843,0,1,0,1,0,0,99,2,12,0
510523,1,1,1,1,1,0,99,2,12,0
510884,0,0,1,1,0,0,99,2,12,0
512576,0,0,0,0,1,0,99,2,12,0
513468,1,0,1,0,0,0,99,2,12,0
514721,0,0,1,1,0,0,99,2,12,0
515657,0,0,1,1,0,0,99,2,12,0
516289,1,0,1,0,0,0,99,2,12,0
517667,1,1,1,1,1,0,99,2,12,0
518411,0,1,0,1,0,0,99,2,12,0
518951,0,0,0,0,1,0,99,2,12,0
520476,1,1,1,1,1,0,99,2,12,0
520563,0,0,0,0,1,0,99,2,12,0
520915,1,1,1,1,1,0,99,2,12,0
522521,1,0,1,0,0,0,99,2,12,0
522522,0,1,1,0,1,0,99,2,12,0
524825,0,1,0,1,0,0,97,1,12,1
525455,0,0,1,1,0,0,97,1,12,1
525551,0,0,1,1,0,0,97,1,12,1
526975,1,1,0,0,0,0,97,1,12,1
528827,1,0,1,0,0,0,97,1,12,1
531565,0,1,1,0,1,0,97,1,12,1
532842,0,0,0,0,1,0,97,1,12,1
533504,1,0,0,1,1,0,97,1,12,1
533697,1,0,1,0,0,0,97,1,12,1
534343,0,1,0,1,0,0,97,1,12,1
534353,1,0,0,1,1,0,97,1,12,1
534891,1,0,0,0,1,1,97,1,12,1
535187,0,1,1,0,1,0,97,1,12,1
535568,0,0,1,1,0,0,97,1,12,1
538603,0,1,0,1,0,0,97,1,12,1
538751,0,0,0,0,1,0,97,1,12,1
538903,0,0,0,1,1,1,97,1,12,1
540932,0,0,0,0,1,0,97,1,12,1
541091,0,1,1,0,1,0,97,1,12,1
542422,0,0,1,1,0,0,97,1,12,1
543557,1,1,1,1,1,0,97,1,12,1
545076,0,0,0,0,1,0,97,1,12,1
546162,1,0,0,1,1,0,97,1,12,1
548734,1,0,1,0,0,0,97,1,12,1
551299,0,0,0,0,1,0,97,1,12,1
551758,0,1,1,0,1,0,97,1,12,1
551968,0,1,1,0,1,0,97,1,12,1
552611,0,1,1,0,1,0,97,1,12,1
552786,1,0,1,0,0,0,97,1,12,1
557117,0,1,1,0,1,0,97,1,12,1
557348,1,1,1,1,1,0,97,1,12,1
560169,1,1,0,0,0,0,97,1,12,1
561129,1,1,0,0,0,0,97,1,12,1
561612,0,1,0,1,0,0,97,1,12,1
564059,0,0,1,1,0,0,97,1,12,1
564060,0,0,1,1,0,0,97,1,12,1
564947,0,1,1,0,1,0,97,1,12,1
565493,1,1,1,1,1,0,97,1,12,1
566785,1,0,1,0,0,0,97,1,12,1
567500,1,1,1,1,1,0,97,1,12,1
568668,0,0,1,1,0,0,97,1,12,1
570991,0,1,1,0,1,0,97,1,12,1
571143,1,1,0,1,0,0,97,1,12,1
571394,0,0,0,0,1,0,97,1,12,1
571675,0,0,1,1,0,0,97,1,12,1
572973,0,0,1,1,0,0,97,1,12,1
573080,1,0,1,0,0,0,97,1,12,1
574589,1,0,1,0,0,0,97,1,12,1
575603,1,1,0,0,0,0,97,1,12,1
575755,0,1,1,0,1,0,97,1,12,1
577502,0,1,1,0,1,0,97,1,12,1
578411,0,1,0,1,0,0,97,1,12,1
579110,0,0,0,0,1,0,97,1,12,1
581852,0,0,0,0,1,0,97,1,12,1
584268,1,0,0,1,1,0,97,1,12,1
584966,0,1,1,0,1,0,97,1,12,1
587438,0,1,1,0,1,0,97,1,12,1
589307,0,0,0,0,1,0,97,1,12,1
589697,1,1,0,0,0,0,97,1,12,1
591219,0,0,0,1,1,1,67,1,9,1
591896,0,0,0,0,1,0,67,1,9,1
591945,0,1,1,0,1,0,67,1,9,1
593214,0,0,0,0,1,0,67,1,9,1
593336,0,0,1,1,0,0,67,1,9,1
596738,0,0,0,0,1,0,67,1,9,1
599592,0,0,1,1,0,0,67,1,9,1
600927,1,1,1,1,1,0,67,1,9,1
601248,0,1,1,0,1,0,67,1,9,1
603687,1,1,0,0,0,0,67,1,9,1
608783,1,1,0,0,0,0,67,1,9,1
610267,1,1,0,0,0,0,67,1,9,1
615421,1,1,0,0,0,0,67,1,9,1
617905,0,0,1,1,0,0,67,1,9,1
619458,1,0,1,0,0,0,67,1,9,1
620660,1,0,1,1,0,0,67,1,9,1
622137,0,1,1,0,1,0,67,1,9,1
622492,1,1,0,0,0,0,67,1,9,1
624231,0,1,0,1,0,0,67,1,9,1
624503,0,0,0,0,1,0,67,1,9,1
624564,1,1,0,0,0,0,67,1,9,1
626132,1,1,0,1,0,0,67,1,9,1
628356,0,1,1,0,1,0,67,1,9,1
630861,1,0,1,0,0,0,67,1,9,1
631127,1,0,0,1,1,0,67,1,9,1
635390,0,0,1,1,0,0,67,1,9,1
638878,1,0,0,0,1,1,67,1,9,1
639143,0,1,0,1,0,0,67,1,9,1
640616,1,1,0,0,0,0,67,1,9,1
641253,0,0,1,1,0,0,67,1,9,1
643209,0,0,0,0,1,0,67,1,9,1
643634,1,1,1,1,1,0,67,1,9,1
644533,1,0,0,1,1,0,67,1,9,1
645177,0,1,1,0,1,0,67,1,9,1
646752,1,1,0,0,0,0,67,1,9,1
652657,0,1,0,0,0,0,67,1,9,1
655617,0,0,1,1,0,0,131,2,9,1
656973,1,0,1,0,0,0,131,2,9,1
657899,1,1,0,0,0,0,131,2,9,1
658037,1,1,0,0,0,0,131,2,9,1
659329,0,0,0,0,1,0,131,2,9,1
659569,1,0,1,0,0,0,131,2,9,1
659727,1,0,0,1,1,0,131,2,9,1
659959,1,0,0,1,1,0,131,2,9,1
660581,0,1,0,1,0,0,131,2,9,1
661044,1,1,1,1,1,0,131,2,9,1
661380,1,0,1,0,0,0,131,2,9,1
662705,0,1,0,1,0,0,131,2,9,1
662961,1,0,1,0,0,0,131,2,9,1
663542,1,0,0,1,1,0,131,2,9,1
663856,0,0,1,1,0,0,131,2,9,1
664543,0,1,0,1,0,0,131,2,9,1
665587,1,1,0,0,0,0,131,2,9,1
666580,1,1,0,0,0,0,131,2,9,1
667783,1,1,0,1,0,0,131,2,9,1
667947,1,0,1,0,0,0,131,2,9,1
668246,1,0,0,1,1,0,131,2,9,1
668582,0,0,1,1,0,0,131,2,9,1
668650,1,0,0,1,1,0,131,2,9,1
670683,1,0,0,1,1,0,131,2,9,1
672416,1,1,1,1,1,0,131,2,9,1
673615,1,0,1,0,0,0,131,2,9,1
674850,1,1,1,1,1,0,131,2,9,1
676142,0,0,1,1,0,0,131,2,9,1
676514,1,0,1,0,0,0,131,2,9,1
677030,0,1,1,0,1,0,131,2,9,1
679303,1,1,1,0,1,1,131,2,9,1
680236,0,1,0,1,0,0,131,2,9,1
683134,0,0,1,1,0,0,131,2,9,1
686729,0,0,1,1,0,0,131,2,9,1
687149,0,0,0,0,1,0,131,2,9,1
688966,1,0,0,1,1,0,131,2,9,1
691277,0,0,0,0,1,0,131,2,9,1
692384,1,1,0,0,0,0,131,2,9,1
693050,0,0,0,0,1,0,131,2,9,1
694097,0,1,1,0,1,0,131,2,9,1
695673,0,1,0,1,0,0,131,2,9,1
697399,1,1,0,0,0,0,131,2,9,1
697453,0,0,1,1,0,0,131,2,9,1
698171,0,0,1,1,0,0,131,2,9,1
699075,1,1,0,0,0,0,131,2,9,1
699647,0,1,1,0,1,0,131,2,9,1
700930,1,0,1,0,0,0,131,2,9,1
700968,0,0,1,1,0,0,131,2,9,1
701212,1,0,0,1,1,0,131,2,9,1
701377,1,0,0,1,1,0,131,2,9,1
701937,1,0,0,1,1,0,131,2,9,1
705233,0,0,0,0,1,0,131,2,9,1
707743,0,0,1,1,0,0,131,2,9,1
708532,0,0,0,0,1,0,131,2,9,1
710680,1,0,0,1,1,0,131,2,9,1
716148,1,1,0,0,0,0,131,2,9,1
717265,0,1,1,0,1,0,131,2,9,1
717706,0,1,1,0,1,0,131,2,9,1
719003,1,0,0,1,1,0,131,2,9,1
719824,1,1,1,1,1,0,131,2,9,1
719886,0,1,0,1,0,0,131,2,9,1
720914,0,1,1,0,1,0,216,2,12,1
721158,1,1,1,1,1,0,216,2,12,1
722199,1,1,1,1,1,0,216,2,12,1
722490,0,1,0,1,0,0,216,2,12,1
722669,0,1,1,0,1,0,216,2,12,1
722774,0,1,1,1,1,1,216,2,12,1
724356,0,0,1,1,0,0,216,2,12,1
724624,1,1,0,0,0,0,216,2,12,1
724789,1,0,1,0,0,0,216,2,12,1
724817,0,1,1,1,1,1,216,2,12,1
724821,0,1,0,1,0,0,216,2,12,1
725631,0,0,0,0,1,0,216,2,12,1
725768,0,1,0,1,0,0,216,2,12,1
725957,1,0,1,0,0,0,216,2,12,1
726127,1,0,0,1,1,0,216,2,12,1
726320,1,0,0,1,1,0,216,2,12,1
726357,0,0,0,0,1,0,216,2,12,1
726591,0,0,0,0,1,0,216,2,12,1
726713,0,1,0,1,0,0,216,2,12,1
727150,1,1,0,0,0,0,216,2,12,1
727373,1,0,0,1,1,0,216,2,12,1
727806,0,0,1,1,0,0,216,2,12,1
728279,0,1,1,0,1,0,216,2,12,1
728660,1,1,0,0,0,0,216,2,12,1
728977,1,0,0,0,1,1,216,2,12,1
729627,0,1,0,1,0,0,216,2,12,1
729796,0,0,0,0,1,0,216,2,12,1
732900,0,1,1,0,1,0,216,2,12,1
733151,1,1,0,0,0,0,216,2,12,1
733221,1,1,0,0,0,0,216,2,12,1
733542,1,0,1,0,0,0,216,2,12,1
733887,0,0,1,1,0,0,216,2,12,1
734967,1,0,1,0,0,0,216,2,12,1
735507,1,1,1,1,1,0,216,2,12,1
735751,1,1,0,0,0,0,216,2,12,1
736751,1,1,0,0,0,0,216,2,12,1
737021,1,0,0,1,1,0,216,2,12,1
737082,1,0,1,1,0,0,216,2,12,1
738343,0,0,1,1,0,0,216,2,12,1
739555,0,0,0,0,1,0,216,2,12,1
739831,1,0,0,1,1,0,216,2,12,1
740173,1,1,0,0,0,0,216,2,12,1
740548,0,1,0,1,0,0,216,2,12,1
741162,1,0,1,0,0,0,216,2,12,1
741345,0,0,0,0,1,0,216,2,12,1
741621,1,0,1,0,0,0,216,2,12,1
741674,0,0,1,1,0,0,216,2,12,1
742235,0,1,1,0,1,0,216,2,12,1
742472,0,1,0,1,0,0,216,2,12,1
743164,1,1,0,0,0,0,216,2,12,1
743165,1,0,0,1,1,0,216,2,12,1
743430,1,0,1,0,0,0,216,2,12,1
743977,1,0,0,1,1,0,216,2,12,1
745396,1,0,1,0,0,0,216,2,12,1
746689,0,0,1,1,0,0,216,2,12,1
747503,0,1,1,0,1,0,216,2,12,1
747851,0,1,0,1,0,0,216,2,12,1
748208,0,1,1,0,1,0,216,2,12,1
748275,0,0,1,1,0,0,216,2,12,1
749932,0,1,0,1,0,0,216,2,12,1
750070,1,1,1,1,1,0,216,2,12,1
750641,1,0,0,1,1,0,216,2,12,1
751328,0,0,1,1,0,0,216,2,12,1
752669,1,0,0,1,1,0,216,2,12,1
752838,0,0,0,0,1,0,216,2,12,1
753187,0,1,1,1,1,1,216,2,12,1
754011,0,1,1,0,1,0,216,2,12,1
754065,1,1,1,1,1,0,216,2,12,1
754318,1,1,1,1,1,0,216,2,12,1
756488,0,0,0,0,1,0,216,2,12,1
757739,0,1,0,1,0,0,216,2,12,1
757836,0,0,0,0,1,0,216,2,12,1
759590,0,0,0,0,1,0,216,2,12,1
761219,0,1,0,1,0,0,216,2,12,1
761605,0,1,0,1,0,0,216,2,12,1
762043,1,0,0,1,1,0,216,2,12,1
762970,1,0,0,1,1,0,216,2,12,1
763009,1,0,1,0,0,0,216,2,12,1
763425,0,0,0,0,1,0,216,2,12,1
763444,1,1,0,0,0,0,216,2,12,1
763786,0,1,1,0,1,0,216,2,12,1
764233,1,0,1,0,0,0,216,2,12,1
764688,1,0,0,1,1,0,216,2,12,1
765343,1,1,1,1,1,0,216,2,12,1
767164,1,0,1,0,0,0,216,2,12,1
767621,0,1,0,1,0,0,216,2,12,1
767887,1,1,0,0,0,0,216,2,12,1
768284,0,1,1,0,1,0,216,2,12,1
769019,0,1,1,0,1,0,216,2,12,1
769139,0,0,0,0,1,0,216,2,12,1
769505,1,1,1,1,1,0,216,2,12,1
769680,1,1,0,0,0,0,216,2,12,1
769785,0,0,1,1,0,0,216,2,12,1
770096,1,1,1,1,1,0,216,2,12,1
770504,1,0,0,1,1,0,216,2,12,1
771200,0,0,1,1,0,0,216,2,12,1
771519,0,1,1,0,1,0,216,2,12,1
771794,0,0,1,1,0,0,216,2,12,1
773249,0,0,0,0,1,0,216,2,12,1
773645,0,0,1,1,0,0,216,2,12,1
774279,0,1,0,1,0,0,216,2,12,1
774353,0,0,1,1,0,0,216,2,12,1
775591,0,0,0,0,1,0,216,2,12,1
775946,0,1,1,0,1,0,216,2,12,1
776593,0,0,1,1,0,0,216,2,12,1
776859,0,0,0,0,1,0,216,2,12,1
778362,1,1,1,1,1,0,216,2,12,1
778586,1,1,0,0,0,0,216,2,12,1
778732,1,1,0,0,0,0,216,2,12,1
779310,1,0,1,0,0,0,216,2,12,1
779416,1,1,1,1,1,0,216,2,12,1
779536,1,1,1,1,1,0,216,2,12,1
780093,1,1,0,0,0,0,216,2,12,1
780505,0,1,0,1,0,0,216,2,12,1
781622,0,1,1,0,1,0,216,2,12,1
782211,1,0,0,1,1,0,216,2,12,1
782212,0,0,1,1,0,0,216,2,12,1
782698,0,1,1,0,1,0,216,2,12,1
782747,0,0,1,1,0,0,216,2,12,1
783372,0,0,0,0,1,0,216,2,12,1
783580,1,1,1,1,1,0,216,2,12,1
784082,0,0,1,1,0,0,216,2,12,1
785296,1,1,0,0,0,0,216,2,12,1
786677,1,0,1,0,0,0,100,2,12,0
786825,0,0,0,0,1,0,100,2,12,0
786894,0,0,1,1,0,0,100,2,12,0
787748,0,1,1,0,1,0,100,2,12,0
788032,0,1,1,0,1,0,100,2,12,0
788057,0,1,1,0,1,0,100,2,12,0
788610,1,1,1,1,1,0,100,2,12,0
788762,0,1,0,1,0,0,100,2,12,0
789644,1,0,1,0,0,0,100,2,12,0
789978,1,0,1,0,0,0,100,2,12,0
790256,0,1,1,0,1,0,100,2,12,0
794008,1,0,1,0,0,0,100,2,12,0
794237,1,1,0,0,0,0,100,2,12,0
795085,0,1,0,1,0,0,100,2,12,0
796797,1,1,0,0,0,0,100,2,12,0
798367,0,1,0,1,0,0,100,2,12,0
798444,1,0,1,0,0,0,100,2,12,0
798968,0,0,0,0,1,0,100,2,12,0
799164,0,0,1,1,0,0,100,2,12,0
799607,1,1,0,0,0,0,100,2,12,0
800612,0,1,1,0,1,0,100,2,12,0
800625,0,0,0,0,1,0,100,2,12,0
801148,1,0,1,0,0,0,100,2,12,0
801497,0,1,1,0,1,0,100,2,12,0
802372,1,0,0,1,1,0,100,2,12,0
802885,1,0,0,1,1,0,100,2,12,0
803655,0,1,1,0,1,0,100,2,12,0
803658,0,1,0,1,0,0,100,2,12,0
803909,1,0,0,1,1,0,100,2,12,0
804013,1,0,1,0,0,0,100,2,12,0
804613,1,1,0,0,0,0,100,2,12,0
806319,1,1,1,1,1,0,100,2,12,0
806576,1,0,1,0,0,0,100,2,12,0
807170,0,1,1,0,1,0,100,2,12,0
807695,1,1,1,1,1,0,100,2,12,0
808500,0,0,1,1,0,0,100,2,12,0
809846,1,1,0,0,0,0,100,2,12,0
810373,1,0,1,0,0,0,100,2,12,0
810447,1,1,1,1,1,0,100,2,12,0
812197,1,0,1,0,0,0,100,2,12,0
812313,0,0,1,1,0,0,100,2,12,0
813503,1,1,0,0,0,0,100,2,12,0
813697,0,1,0,1,0,0,100,2,12,0
814150,0,1,1,0,1,0,100,2,12,0
815756,0,1,0,1,0,0,100,2,12,0
816263,1,0,0,1,1,0,100,2,12,0
816430,0,1,1,0,1,0,100,2,12,0
816503,1,0,1,0,0,0,100,2,12,0
818038,0,1,1,0,1,0,100,2,12,0
819227,1,1,0,0,0,0,100,2,12,0
820968,0,1,0,1,0,0,100,2,12,0
821953,0,1,1,0,1,0,100,2,12,0
822403,1,0,0,1,1,0,100,2,12,0
822606,1,1,0,0,0,0,100,2,12,0
822916,0,0,0,0,1,0,100,2,12,0
825097,1,1,0,0,0,0,100,2,12,0
825754,0,0,1,1,0,0,100,2,12,0
827487,0,0,0,0,1,0,100,2,12,0
827724,0,0,0,0,1,0,100,2,12,0
827726,1,1,0,0,0,0,100,2,12,0
830836,1,0,1,0,0,0,100,2,12,0
831346,1,0,1,0,0,0,100,2,12,0
832157,1,1,1,1,1,0,100,2,12,0
833059,1,1,0,0,0,0,100,2,12,0
833753,1,0,1,0,0,0,100,2,12,0
834024,1,0,1,0,0,0,100,2,12,0
834344,1,0,1,0,0,0,100,2,12,0
834553,0,0,1,1,0,0,100,2,12,0
836258,1,1,1,1,1,0,100,2,12,0
837392,1,1,1,1,1,0,100,2,12,0
837413,0,0,0,0,1,0,100,2,12,0
838382,1,0,1,0,0,0,100,2,12,0
838926,0,1,0,1,0,0,100,2,12,0
839156,1,0,0,1,1,0,100,2,12,0
840013,0,1,0,1,0,0,100,2,12,0
840198,1,1,0,0,0,0,100,2,12,0
840302,0,0,1,1,0,0,100,2,12,0
840355,1,0,0,1,1,0,100,2,12,0
841760,1,1,0,0,0,0,100,2,12,0
843278,0,1,1,0,1,0,100,2,12,0
844166,0,1,0,1,0,0,100,2,12,0
844579,0,0,1,1,0,0,100,2,12,0
845011,1,0,0,1,1,0,100,2,12,0
845235,1,0,0,1,1,0,100,2,12,0
848036,1,0,1,0,0,0,100,2,12,0
848393,1,0,1,0,0,0,100,2,12,0
849110,0,1,0,1,0,0,100,2,12,0
849157,0,0,0,0,1,0,100,2,12,0
849855,0,0,1,1,0,0,100,2,12,0
850436,1,0,1,0,0,0,100,2,12,0
851088,0,0,0,0,1,0,100,2,12,0
851128,0,0,1,1,0,0,100,2,12,0
852144,1,1,1,1,1,0,84,2,12,0
853516,1,1,1,0,1,1,84,2,12,0
854128,1,1,0,0,0,0,84,2,12,0
854274,0,1,0,1,0,0,84,2,12,0
854905,1,0,1,0,0,0,84,2,12,0
855072,0,1,1,0,1,0,84,2,12,0
855665,0,0,1,1,0,0,84,2,12,0
857327,1,1,0,0,0,0,84,2,12,0
858748,0,1,0,1,0,0,84,2,12,0
860693,1,0,1,0,0,0,84,2,12,0
861062,0,1,1,0,1,0,84,2,12,0
865071,0,0,0,0,1,0,84,2,12,0
866129,1,0,0,1,1,0,84,2,12,0
866240,0,1,0,1,0,0,84,2,12,0
869493,0,1,1,0,1,0,84,2,12,0
869530,0,0,0,0,1,0,84,2,12,0
869940,0,1,0,1,0,0,84,2,12,0
870920,0,1,0,1,0,0,84,2,12,0
871090,1,0,1,0,0,0,84,2,12,0
871391,0,0,1,1,0,0,84,2,12,0
871730,1,1,1,1,1,0,84,2,12,0
872799,0,1,0,1,0,0,84,2,12,0
872869,1,0,1,0,0,0,84,2,12,0
873913,1,1,1,1,1,0,84,2,12,0
874357,1,0,1,0,0,0,84,2,12,0
874940,1,0,1,0,0,0,84,2,12,0
875945,1,0,0,1,1,0,84,2,12,0
877671,1,1,1,1,1,0,84,2,12,0
879102,0,1,0,1,0,0,84,2,12,0
879727,1,0,0,1,1,0,84,2,12,0
880147,0,1,1,0,1,0,84,2,12,0
880767,0,0,0,0,1,0,84,2,12,0
881606,1,1,1,1,1,0,84,2,12,0
881727,1,0,0,1,1,0,84,2,12,0
882165,0,0,1,1,0,0,84,2,12,0
882287,1,0,1,0,0,0,84,2,12,0
882643,0,0,1,1,0,0,84,2,12,0
884083,0,1,1,0,1,0,84,2,12,0
884314,1,1,1,1,1,0,84,2,12,0
884743,1,1,0,0,0,0,84,2,12,0
886788,0,0,0,0,1,0,84,2,12,0
887143,0,0,0,0,1,0,84,2,12,0
887559,1,0,0,1,1,0,84,2,12,0
887702,1,0,0,1,1,0,84,2,12,0
887846,1,0,1,0,0,0,84,2,12,0
892804,1,1,0,0,0,0,84,2,12,0
893019,1,0,1,0,0,0,84,2,12,0
893287,1,0,1,0,0,0,84,2,12,0
894498,1,0,1,0,0,0,84,2,12,0
894940,0,1,1,0,1,0,84,2,12,0
895875,0,0,1,1,0,0,84,2,12,0
895882,1,1,1,1,1,0,84,2,12,0
898416,0,1,0,1,0,0,84,2,12,0
898969,0,1,1,0,1,0,84,2,12,0
899183,1,0,0,1,1,0,84,2,12,0
899540,1,1,0,0,0,0,84,2,12,0
900581,0,1,1,0,1,0,84,2,12,0
900960,1,0,0,0,1,1,84,2,12,0
901168,1,0,0,1,1,0,84,2,12,0
901753,0,1,1,0,1,0,84,2,12,0
902585,1,1,0,0,0,0,84,2,12,0
902853,1,0,1,0,0,0,84,2,12,0
904392,1,1,0,0,0,0,84,2,12,0
905568,0,0,1,1,0,0,84,2,12,0
906226,1,0,1,0,0,0,84,2,12,0
906763,0,0,0,0,1,0,84,2,12,0
906873,1,1,1,1,1,0,84,2,12,0
906880,1,0,1,0,0,0,84,2,12,0
907667,1,1,0,0,0,0,84,2,12,0
909513,0,0,0,0,1,0,84,2,12,0
910242,0,1,1,0,1,0,84,2,12,0
911019,1,0,0,1,1,0,84,2,12,0
911951,1,0,0,1,1,0,84,2,12,0
913242,1,0,0,1,1,0,84,2,12,0
913866,0,1,0,1,0,0,84,2,12,0
918414,0,0,0,0,1,0,89,1,12,0
918803,0,0,1,1,0,0,89,1,12,0
919551,1,1,1,1,1,0,89,1,12,0
919880,1,0,1,0,0,0,89,1,12,0
921782,1,1,0,0,0,0,89,1,12,0
922830,1,1,0,1,0,0,89,1,12,0
922961,1,1,1,1,1,0,89,1,12,0
923546,0,1,1,0,1,0,89,1,12,0
924526,0,0,1,1,0,0,89,1,12,0
926770,1,1,0,0,0,0,89,1,12,0
927565,1,1,0,0,0,0,89,1,12,0
928917,0,0,0,0,1,0,89,1,12,0
930637,1,0,1,0,0,0,89,1,12,0
930818,1,1,0,0,0,0,89,1,12,0
930886,0,1,0,1,0,0,89,1,12,0
931620,1,0,1,0,0,0,89,1,12,0
931670,0,1,1,0,1,0,89,1,12,0
932057,1,1,0,0,0,0,89,1,12,0
933064,0,1,1,0,1,0,89,1,12,0
934022,0,1,0,1,0,0,89,1,12,0
936853,0,1,0,1,0,0,89,1,12,0
937167,0,0,0,0,1,0,89,1,12,0
938762,0,1,0,1,0,0,89,1,12,0
939416,0,1,1,0,1,0,89,1,12,0
939517,0,0,1,1,0,0,89,1,12,0
939686,1,0,0,1,1,0,89,1,12,0
940693,0,1,0,0,0,0,89,1,12,0
940837,1,0,1,0,0,0,89,1,12,0
941339,1,1,1,1,1,0,89,1,12,0
941570,0,0,1,1,0,0,89,1,12,0
941650,0,0,0,1,1,1,89,1,12,0
942423,1,1,1,1,1,0,89,1,12,0
942792,0,0,1,1,0,0,89,1,12,0
943411,1,0,0,1,1,0,89,1,12,0
944789,1,0,0,1,1,0,89,1,12,0
945135,1,1,1,1,1,0,89,1,12,0
945347,0,0,1,1,0,0,89,1,12,0
946447,1,1,0,0,0,0,89,1,12,0
947644,0,0,1,1,0,0,89,1,12,0
947900,0,1,0,1,0,0,89,1,12,0
947936,1,1,0,0,0,0,89,1,12,0
948763,1,1,0,0,0,0,89,1,12,0
949279,1,1,0,0,0,0,89,1,12,0
949347,0,1,1,0,1,0,89,1,12,0
949368,0,1,1,1,1,1,89,1,12,0
950224,1,0,1,0,0,0,89,1,12,0
952260,1,0,0,1,1,0,89,1,12,0
952862,1,1,0,0,0,0,89,1,12,0
955496,0,1,1,0,1,0,89,1,12,0
956144,0,0,1,1,0,0,89,1,12,0
957937,1,0,1,0,0,0,89,1,12,0
958349,1,0,0,1,1,0,89,1,12,0
959477,0,0,0,0,1,0,89,1,12,0
959643,0,0,1,1,0,0,89,1,12,0
959894,0,0,1,0,0,0,89,1,12,0
961374,0,1,1,0,1,0,89,1,12,0
961401,1,0,1,0,0,0,89,1,12,0
961449,0,0,0,0,1,0,89,1,12,0
963356,0,0,1,1,0,0,89,1,12,0
964525,0,1,1,0,1,0,89,1,12,0
964698,1,0,1,0,0,0,89,1,12,0
966940,1,0,0,1,1,0,89,1,12,0
969928,0,0,0,0,1,0,89,1,12,0
970469,1,0,0,1,1,0,89,1,12,0
971959,0,1,1,0,1,0,89,1,12,0
972109,0,1,0,1,0,0,89,1,12,0
973026,0,0,0,0,1,0,89,1,12,0
973606,1,1,0,0,0,0,89,1,12,0
974161,0,1,0,1,0,0,89,1,12,0
975230,1,1,1,1,1,0,89,1,12,0
975995,0,0,1,1,0,0,89,1,12,0
976635,0,0,1,1,0,0,89,1,12,0
977506,0,0,0,0,1,0,89,1,12,0
979110,0,1,1,0,1,0,89,1,12,0
979709,1,0,0,1,1,0,89,1,12,0
980408,0,0,1,1,0,0,89,1,12,0
981527,1,0,0,1,1,0,89,1,12,0
981763,1,0,0,1,1,0,89,1,12,0
984984,0,1,1,0,1,0,93,1,9,0
985047,1,0,1,0,0,0,93,1,9,0
985223,1,0,1,0,0,0,93,1,9,0
985902,1,0,1,0,0,0,93,1,9,0
986106,1,1,0,0,0,0,93,1,9,0
986323,1,1,0,0,0,0,93,1,9,0
986624,1,1,1,1,1,0,93,1,9,0
987545,0,1,0,1,0,0,93,1,9,0
988166,1,1,1,0,1,1,93,1,9,0
989356,1,0,0,1,1,0,93,1,9,0
990759,0,0,0,0,1,0,93,1,9,0
990887,0,1,0,1,0,0,93,1,9,0
991597,1,1,0,0,0,0,93,1,9,0
991666,0,0,0,0,1,0,93,1,9,0
994502,1,0,1,0,0,0,93,1,9,0
995927,0,0,0,0,1,0,93,1,9,0
997154,1,0,1,0,0,0,93,1,9,0
1000836,1,1,1,1,1,0,93,1,9,0
1002018,0,1,1,0,1,0,93,1,9,0
1003351,0,1,1,0,1,0,93,1,9,0
1004568,0,1,1,0,1,0,93,1,9,0
1005318,0,1,1,0,1,0,93,1,9,0
1005351,1,0,0,1,1,0,93,1,9,0
1005466,0,1,0,1,0,0,93,1,9,0
1006742,0,0,1,1,0,0,93,1,9,0
1007475,1,0,1,0,0,0,93,1,9,0
1008547,1,0,1,0,0,0,93,1,9,0
1010446,0,1,1,0,1,0,93,1,9,0
1011642,1,0,1,0,0,0,93,1,9,0
1011734,1,1,0,0,0,0,93,1,9,0
1012166,0,0,1,1,0,0,93,1,9,0
1016264,1,1,0,0,0,0,93,1,9,0
1018632,0,0,1,1,0,0,93,1,9,0
1019100,1,0,0,1,1,0,93,1,9,0
1020507,1,0,1,0,0,0,93,1,9,0
1020780,1,1,0,0,0,0,93,1,9,0
1024684,1,0,1,0,0,0,93,1,9,0
1025784,1,1,1,1,1,0,93,1,9,0
1027250,0,0,1,1,0,0,93,1,9,0
1028701,0,0,1,1,0,0,93,1,9,0
1029446,0,1,1,0,1,0,93,1,9,0
1029938,1,1,0,0,0,0,93,1,9,0
1030218,1,1,0,0,0,0,93,1,9,0
1030730,0,1,1,0,1,0,93,1,9,0
1031829,0,1,0,1,0,0,93,1,9,0
1033234,0,0,1,1,0,0,93,1,9,0
1033357,0,1,1,0,1,0,93,1,9,0
1034656,1,1,0,0,0,0,93,1,9,0
1035308,0,0,1,1,0,0,93,1,9,0
1036450,1,1,1,1,1,0,93,1,9,0
1037390,0,1,1,0,1,0,93,1,9,0
1038546,1,0,0,1,1,0,93,1,9,0
1039594,0,0,0,0,1,0,93,1,9,0
1039901,1,1,0,0,0,0,93,1,9,0
1040190,1,1,1,1,1,0,93,1,9,0
1041046,1,0,1,0,0,0,93,1,9,0
1041262,0,0,0,0,1,0,93,1,9,0
1042877,0,0,1,0,0,0,93,1,9,0
1043598,1,0,1,0,0,0,93,1,9,0
1044416,1,0,1,0,0,0,93,1,9,0
1044906,1,0,0,1,1,0,93,1,9,0
1044949,1,1,0,0,0,0,93,1,9,0
1045881,1,1,0,0,0,0,93,1,9,0
1047596,0,1,0,1,0,0,93,1,9,0
1049138,0,1,1,0,1,0,136,1,9,0
1049185,0,1,0,1,0,0,136,1,9,0
1049516,1,0,0,1,1,0,136,1,9,0
1050164,1,1,0,0,0,0,136,1,9,0
1050839,1,1,1,1,1,0,136,1,9,0
1051607,1,0,1,0,0,0,136,1,9,0
1051843,0,0,1,1,0,0,136,1,9,0
1053383,1,0,0,1,1,0,136,1,9,0
1054850,0,0,0,0,1,0,136,1,9,0
1055014,1,1,0,0,0,0,136,1,9,0
1055918,0,0,1,1,0,0,136,1,9,0
1056204,1,1,1,1,1,0,136,1,9,0
1056265,1,0,0,1,1,0,136,1,9,0
1056555,1,0,1,0,0,0,136,1,9,0
1056928,1,1,1,1,1,0,136,1,9,0
1057972,0,0,0,0,1,0,136,1,9,0
1058716,0,0,1,1,0,0,136,1,9,0
1061097,1,1,1,1,1,0,136,1,9,0
1061104,1,1,1,1,1,0,136,1,9,0
1062596,1,0,1,0,0,0,136,1,9,0
1062922,0,0,1,1,0,0,136,1,9,0
1063982,0,1,1,0,1,0,136,1,9,0
1064389,1,1,0,0,0,0,136,1,9,0
1065065,1,1,0,0,0,0,136,1,9,0
1065256,1,1,1,1,1,0,136,1,9,0
1065374,1,1,0,0,0,0,136,1,9,0
1066113,0,0,0,0,1,0,136,1,9,0
1066288,1,0,0,1,1,0,136,1,9,0
1066352,0,1,1,0,1,0,136,1,9,0
1066445,1,1,1,1,1,0,136,1,9,0
1066636,0,1,1,0,1,0,136,1,9,0
1067244,0,0,1,1,0,0,136,1,9,0
1067733,1,0,1,0,0,0,136,1,9,0
1069207,0,0,1,0,0,0,136,1,9,0
1069423,0,0,0,1,1,1,136,1,9,0
1069760,1,0,1,0,0,0,136,1,9,0
1072303,1,1,0,0,0,0,136,1,9,0
1072468,0,1,0,1,0,0,136,1,9,0
1073737,0,0,1,1,0,0,136,1,9,0
1073951,0,1,1,0,1,0,136,1,9,0
1074219,1,0,0,1,1,0,136,1,9,0
1074264,0,0,1,1,0,0,136,1,9,0
1075491,0,1,1,0,1,0,136,1,9,0
1076202,0,1,0,1,0,0,136,1,9,0
1077198,0,1,1,0,1,0,136,1,9,0
1077415,0,0,0,0,1,0,136,1,9,0
1078038,1,1,1,1,1,0,136,1,9,0
1078724,1,0,1,0,0,0,136,1,9,0
1079501,0,0,0,0,1,0,136,1,9,0
1079661,1,1,1,1,1,0,136,1,9,0
1081539,0,1,1,0,1,0,136,1,9,0
1082984,1,0,0,1,1,0,136,1,9,0
1083908,0,1,0,1,0,0,136,1,9,0
1085076,0,1,1,0,1,0,136,1,9,0
1085316,0,0,0,0,1,0,136,1,9,0
1087096,0,0,1,1,0,0,136,1,9,0
1087696,1,1,1,0,1,1,136,1,9,0
1087836,1,0,0,1,1,0,136,1,9,0
1087929,1,0,0,1,1,0,136,1,9,0
1088149,0,0,1,1,0,0,136,1,9,0
1088565,0,1,0,1,0,0,136,1,9,0
1089164,0,1,1,0,1,0,136,1,9,0
1090353,0,1,0,0,0,0,136,1,9,0
1091082,1,0,0,1,1,0,136,1,9,0
1091423,1,0,0,1,1,0,136,1,9,0
1091503,1,1,0,0,0,0,136,1,9,0
1092510,0,1,0,1,0,0,136,1,9,0
1093585,0,0,1,1,0,0,136,1,9,0
1094147,0,1,1,0,1,0,136,1,9,0
1095004,1,0,0,1,1,0,136,1,9,0
1095662,0,0,0,0,1,0,136,1,9,0
1096878,1,0,1,0,0,0,136,1,9,0
1097157,1,1,1,1,1,0,136,1,9,0
1098103,1,0,1,1,0,0,136,1,9,0
1098178,1,0,1,0,0,0,136,1,9,0
1098212,0,1,1,0,1,0,136,1,9,0
1098487,0,1,0,1,0,0,136,1,9,0
1098963,0,1,1,0,1,0,136,1,9,0
1099186,0,1,0,1,0,0,136,1,9,0
1100378,0,0,0,0,1,0,136,1,9,0
1100622,1,1,0,0,0,0,136,1,9,0
1100686,0,1,1,0,1,0,136,1,9,0
1100959,1,1,0,0,0,0,136,1,9,0
1101449,0,1,1,0,1,0,136,1,9,0
1103416,1,1,0,0,0,0,136,1,9,0
1104569,0,1,1,0,1,0,136,1,9,0
1105818,1,0,0,1,1,0,136,1,9,0
1106224,1,1,0,0,0,0,136,1,9,0
1107254,0,0,1,1,0,0,136,1,9,0
1108079,1,1,0,0,0,0,136,1,9,0
1109547,0,0,0,0,1,0,136,1,9,0
1110111,1,1,1,1,1,0,136,1,9,0
1110554,0,0,0,0,1,0,136,1,9,0
1110865,0,1,1,0,1,0,136,1,9,0
1111177,1,0,0,1,1,0,136,1,9,0
1112038,0,0,1,1,0,0,136,1,9,0
1112889,0,0,1,1,0,0,136,1,9,0
1113663,1,1,1,1,1,0,136,1,9,0
1114078,0,0,1,0,0,0,136,1,9,0
1114268,0,0,0,0,1,0,114,1,9,0
1114977,0,1,1,0,1,0,114,1,9,0
1115275,1,0,0,1,1,0,114,1,9,0
1116108,0,1,1,0,1,0,114,1,9,0
1117003,0,1,1,0,1,0,114,1,9,0
1117951,0,0,1,1,0,0,114,1,9,0
1119746,0,1,1,0,1,0,114,1,9,0
1121101,0,0,1,1,0,0,114,1,9,0
1123000,1,0,0,1,1,0,114,1,9,0
1123575,0,0,0,0,1,0,114,1,9,0
1128579,1,1,1,1,1,0,114,1,9,0
1129339,1,1,0,0,0,0,114,1,9,0
1129943,1,1,1,1,1,0,114,1,9,0
1132295,0,1,1,0,1,0,114,1,9,0
1132507,1,0,0,1,1,0,114,1,9,0
1132871,0,0,0,0,1,0,114,1,9,0
1132889,1,1,0,0,0,0,114,1,9,0
1133497,0,0,1,1,0,0,114,1,9,0
1134947,1,1,1,1,1,0,114,1,9,0
1136374,0,0,0,0,1,0,114,1,9,0
1136856,1,0,0,1,1,0,114,1,9,0
1137628,1,1,0,0,0,0,114,1,9,0
1138348,1,1,1,1,1,0,114,1,9,0
1139463,0,0,1,1,0,0,114,1,9,0
1139573,0,0,1,1,0,0,114,1,9,0
1139824,0,0,1,1,0,0,114,1,9,0
1142456,0,0,1,1,0,0,114,1,9,0
1143264,1,1,0,0,0,0,114,1,9,0
1143742,1,0,1,0,0,0,114,1,9,0
1145539,0,1,1,0,1,0,114,1,9,0
1145759,1,0,1,0,0,0,114,1,9,0
1145798,1,0,0,1,1,0,114,1,9,0
1146154,0,1,0,1,0,0,114,1,9,0
1146556,1,0,0,1,1,0,114,1,9,0
1147243,0,1,1,0,1,0,114,1,9,0
1147497,0,0,0,0,1,0,114,1,9,0
1147673,1,1,0,0,0,0,114,1,9,0
1148216,0,1,0,1,0,0,114,1,9,0
1150373,1,0,1,0,0,0,114,1,9,0
1152393,1,1,1,1,1,0,114,1,9,0
1153635,0,1,1,0,1,0,114,1,9,0
1154066,1,1,1,1,1,0,114,1,9,0
1156106,1,1,0,0,0,0,114,1,9,0
1156508,0,0,0,0,1,0,114,1,9,0
1157709,1,0,1,0,0,0,114,1,9,0
1158268,1,1,1,1,1,0,114,1,9,0
1158583,1,1,0,0,0,0,114,1,9,0
1159122,1,1,0,0,0,0,114,1,9,0
1159377,0,0,0,0,1,0,114,1,9,0
1160656,0,0,1,1,0,0,114,1,9,0
1161760,1,1,0,0,0,0,114,1,9,0
1162169,1,0,0,1,1,0,114,1,9,0
1163638,0,0,0,0,1,0,114,1,9,0
1163792,0,0,1,1,0,0,114,1,9,0
1164724,1,0,0,1,1,0,114,1,9,0
1165047,1,0,0,1,1,0,114,1,9,0
1165208,1,1,0,0,0,0,114,1,9,0
1165429,0,1,1,0,1,0,114,1,9,0
1167778,1,1,1,1,1,0,114,1,9,0
1167939,0,1,1,0,1,0,114,1,9,0
1168226,0,1,1,0,1,0,114,1,9,0
1168345,1,0,0,1,1,0,114,1,9,0
1168538,1,0,0,1,1,0,114,1,9,0
1169526,1,0,1,0,0,0,114,1,9,0
1169717,1,0,0,1,1,0,114,1,9,0
1170242,0,1,0,1,0,0,114,1,9,0
1171118,1,1,1,1,1,0,114,1,9,0
1172540,0,0,1,1,0,0,114,1,9,0
1172588,0,1,0,1,0,0,114,1,9,0
1173000,0,1,1,0,1,0,114,1,9,0
1173439,1,1,1,1,1,0,114,1,9,0
1174644,1,1,1,1,1,0,114,1,9,0
1178746,1,0,0,1,1,0,114,1,9,0
1179364,1,0,0,1,1,0,114,1,9,0
1179585,0,0,0,0,1,0,114,1,9,0
1180422,1,0,1,0,0,0,179,1,9,0
1180606,1,0,0,1,1,0,179,1,9,0
1181302,1,1,1,1,1,0,179,1,9,0
1181886,0,1,0,1,0,0,179,1,9,0
1183112,0,1,0,1,0,0,179,1,9,0
1183981,1,0,0,1,1,0,179,1,9,0
1183984,1,0,1,0,0,0,179,1,9,0
1184918,0,0,1,1,0,0,179,1,9,0
1186292,0,1,0,1,0,0,179,1,9,0
1186393,1,0,1,0,0,0,179,1,9,0
1186417,1,0,0,1,1,0,179,1,9,0
1187530,1,0,1,0,0,0,179,1,9,0
1187651,0,0,1,1,0,0,179,1,9,0
1187928,0,0,1,1,0,0,179,1,9,0
1189455,0,1,1,0,1,0,179,1,9,0
1189481,0,1,0,1,0,0,179,1,9,0
1189664,1,1,1,1,1,0,179,1,9,0
1190319,0,1,1,0,1,0,179,1,9,0
1190586,0,0,0,0,1,0,179,1,9,0
1190710,1,0,1,0,0,0,179,1,9,0
1191214,1,1,1,1,1,0,179,1,9,0
1191483,1,0,0,1,1,0,179,1,9,0
1191997,1,1,1,1,1,0,179,1,9,0
1192442,0,1,1,0,1,0,179,1,9,0
1192619,1,1,1,1,1,0,179,1,9,0
1193863,0,1,1,0,1,0,179,1,9,0
1194080,1,0,1,0,0,0,179,1,9,0
1194402,0,0,1,1,0,0,179,1,9,0
1194512,0,0,0,0,1,0,179,1,9,0
1194565,1,1,1,1,1,0,179,1,9,0
1194701,1,0,0,1,1,0,179,1,9,0
1196011,1,0,1,0,0,0,179,1,9,0
1196458,1,1,1,1,1,0,179,1,9,0
1196557,0,1,0,1,0,0,179,1,9,0
1197027,1,1,0,0,0,0,179,1,9,0
1197547,1,0,0,1,1,0,179,1,9,0
1198850,1,0,0,1,1,0,179,1,9,0
1199019,1,0,1,1,0,0,179,1,9,0
1199704,0,0,0,0,1,0,179,1,9,0
1200751,1,0,0,1,1,0,179,1,9,0
1200823,0,0,0,0,1,0,179,1,9,0
1201216,1,1,1,1,1,0,179,1,9,0
1201237,0,0,1,1,0,0,179,1,9,0
1201806,0,1,1,0,1,0,179,1,9,0
1202033,0,0,1,1,0,0,179,1,9,0
1202161,0,0,1,1,0,0,179,1,9,0
1202221,1,0,0,0,1,1,179,1,9,0
1202424,0,0,1,1,0,0,179,1,9,0
1202558,1,1,0,0,0,0,179,1,9,0
1202956,0,0,0,0,1,0,179,1,9,0
1204371,1,0,1,0,0,0,179,1,9,0
1204442,1,0,1,0,0,0,179,1,9,0
1204528,0,0,1,0,0,0,179,1,9,0
1205071,1,1,0,1,0,0,179,1,9,0
1205089,1,1,0,0,0,0,179,1,9,0
1205830,1,0,1,0,0,0,179,1,9,0
1206568,1,1,0,0,0,0,179,1,9,0
1206840,0,0,0,0,1,0,179,1,9,0
1208631,1,1,0,0,0,0,179,1,9,0
1211806,0,1,1,0,1,0,179,1,9,0
1211913,0,1,1,0,1,0,179,1,9,0
1211989,1,0,1,0,0,0,179,1,9,0
1213492,0,0,0,0,1,0,179,1,9,0
1213939,1,0,0,1,1,0,179,1,9,0
1214744,0,1,0,1,0,0,179,1,9,0
1214841,0,1,0,1,0,0,179,1,9,0
1215193,1,1,0,0,0,0,179,1,9,0
1216468,0,1,0,1,0,0,179,1,9,0
1217309,0,0,1,0,0,0,179,1,9,0
1217363,0,0,1,1,0,0,179,1,9,0
1217540,1,0,0,1,1,0,179,1,9,0
1217714,1,1,1,1,1,0,179,1,9,0
1218298,1,0,1,0,0,0,179,1,9,0
1218569,1,1,0,0,0,0,179,1,9,0
1219668,1,0,0,0,1,1,179,1,9,0
1220393,1,0,0,1,1,0,179,1,9,0
1221832,0,1,0,1,0,0,179,1,9,0
1223663,0,0,0,0,1,0,179,1,9,0
1224075,1,1,1,1,1,0,179,1,9,0
1224644,0,1,1,0,1,0,179,1,9,0
1225477,1,0,0,1,1,0,179,1,9,0
1226003,1,0,0,1,1,0,179,1,9,0
1226524,0,1,0,1,0,0,179,1,9,0
1226591,0,0,0,0,1,0,179,1,9,0
1226993,0,1,0,1,0,0,179,1,9,0
1227284,1,0,0,1,1,0,179,1,9,0
1227527,0,1,1,0,1,0,179,1,9,0
1227962,1,0,0,1,1,0,179,1,9,0
1228226,0,1,0,1,0,0,179,1,9,0
1229162,0,1,0,1,0,0,179,1,9,0
1229229,1,0,1,0,0,0,179,1,9,0
1229240,0,1,0,1,0,0,179,1,9,0
1229290,0,1,0,0,0,0,179,1,9,0
1229476,1,1,0,0,0,0,179,1,9,0
1229495,0,1,1,0,1,0,179,1,9,0
1231283,1,1,1,1,1,0,179,1,9,0
1231311,1,0,0,1,1,0,179,1,9,0
1231626,1,0,1,0,0,0,179,1,9,0
1231836,1,0,0,1,1,0,179,1,9,0
1232094,1,0,0,1,1,0,179,1,9,0
1232239,1,0,1,1,0,0,179,1,9,0
1234324,0,0,0,0,1,0,179,1,9,0
1234409,1,0,0,1,1,0,179,1,9,0
1234810,1,1,1,1,1,0,179,1,9,0
1235506,0,1,1,1,1,1,179,1,9,0
1236317,1,0,0,1,1,0,179,1,9,0
1236532,1,1,1,1,1,0,179,1,9,0
1236662,1,1,1,1,1,0,179,1,9,0
1237120,0,1,1,0,1,0,179,1,9,0
1237300,0,0,1,1,0,0,179,1,9,0
1237897,1,1,0,0,0,0,179,1,9,0
1240268,1,1,1,1,1,0,179,1,9,0
1240305,1,1,1,1,1,0,179,1,9,0
1240312,1,1,1,1,1,0,179,1,9,0
1241075,1,0,1,0,0,0,179,1,9,0
1241313,1,0,1,0,0,0,179,1,9,0
1242108,0,0,1,1,0,0,179,1,9,0
1242214,0,0,0,0,1,0,179,1,9,0
1242284,1,1,1,1,1,0,179,1,9,0
1245007,1,0,0,1,1,0,179,1,9,0
1246862,0,0,1,1,0,0,90,1,9,0
1247494,0,1,0,1,0,0,90,1,9,0
1247535,0,1,1,0,1,0,90,1,9,0
1247983,1,1,1,1,1,0,90,1,9,0
1248238,0,1,1,0,1,0,90,1,9,0
1248326,1,1,1,1,1,0,90,1,9,0
1248502,1,0,1,0,0,0,90,1,9,0
1249035,1,0,1,0,0,0,90,1,9,0
1249578,0,0,1,1,0,0,90,1,9,0
1249842,1,0,1,0,0,0,90,1,9,0
1251298,1,0,1,0,0,0,90,1,9,0
1251657,1,1,1,1,1,0,90,1,9,0
1252270,1,1,1,1,1,0,90,1,9,0
1257170,1,1,1,1,1,0,90,1,9,0
1257971,1,0,0,1,1,0,90,1,9,0
1258020,0,0,1,1,0,0,90,1,9,0
1258724,0,1,0,1,0,0,90,1,9,0
1262351,0,0,1,1,0,0,90,1,9,0
1262528,1,0,0,1,1,0,90,1,9,0
1263529,0,0,0,0,1,0,90,1,9,0
1264444,1,0,1,0,0,0,90,1,9,0
1266566,0,1,0,1,0,0,90,1,9,0
1266846,0,0,0,0,1,0,90,1,9,0
1267855,0,0,1,1,0,0,90,1,9,0
1268420,0,0,0,0,1,0,90,1,9,0
1268859,0,0,0,0,1,0,90,1,9,0
1274294,0,0,0,0,1,0,90,1,9,0
1275561,1,1,1,1,1,0,90,1,9,0
1275635,0,0,1,1,0,0,90,1,9,0
1276059,0,1,1,0,1,0,90,1,9,0
1276337,1,1,0,0,0,0,90,1,9,0
1276857,1,0,0,1,1,0,90,1,9,0
1277163,0,0,1,1,0,0,90,1,9,0
1279079,0,0,0,0,1,0,90,1,9,0
1279383,0,1,0,1,0,0,90,1,9,0
1279749,1,1,0,0,0,0,90,1,9,0
1280400,0,1,0,1,0,0,90,1,9,0
1281402,0,1,0,1,0,0,90,1,9,0
1282091,0,1,0,1,0,0,90,1,9,0
1282427,1,0,0,1,1,0,90,1,9,0
1282930,1,1,0,0,0,0,90,1,9,0
1284226,0,0,1,1,0,0,90,1,9,0
1289260,1,1,1,1,1,0,90,1,9,0
1289981,1,1,1,1,1,0,90,1,9,0
1290108,1,0,0,1,1,0,90,1,9,0
1293075,1,1,0,0,0,0,90,1,9,0
1294772,1,1,1,1,1,0,90,1,9,0
1294906,0,0,1,1,0,0,90,1,9,0
1297697,0,1,1,0,1,0,90,1,9,0
1298135,1,0,1,0,0,0,90,1,9,0
1298481,1,0,1,0,0,0,90,1,9,0
1299067,0,0,1,1,0,0,90,1,9,0
1300276,1,0,1,0,0,0,90,1,9,0
1301295,0,1,0,0,0,0,90,1,9,0
1302211,0,0,1,1,0,0,90,1,9,0
1303379,1,1,1,1,1,0,90,1,9,0
1304150,0,1,0,1,0,0,90,1,9,0
1305882,0,1,0,1,0,0,90,1,9,0
1306379,1,0,1,0,0,0,90,1,9,0
1308093,1,0,1,0,0,0,90,1,9,0
1309763,0,0,1,1,0,0,90,1,9,0
1310667,1,1,0,0,0,0,90,1,9,0
1376714,1,1,1,1,1,0,111,1,9,0
1376886,0,0,0,0,1,0,111,1,9,0
1379042,1,0,0,1,1,0,111,1,9,0
1379349,1,1,0,0,0,0,111,1,9,0
1380284,1,0,0,1,1,0,111,1,9,0
1381081,1,1,1,1,1,0,111,1,9,0
1381326,0,0,0,0,1,0,111,1,9,0
1383515,0,0,1,1,0,0,111,1,9,0
1384136,1,1,1,1,1,0,111,1,9,0
1384920,0,1,0,1,0,0,111,1,9,0
1385182,1,0,0,1,1,0,111,1,9,0
1385875,0,1,1,0,1,0,111,1,9,0
1386030,1,1,1,1,1,0,111,1,9,0
1386095,0,1,1,0,1,0,111,1,9,0
1386842,1,1,0,0,0,0,111,1,9,0
1387568,0,1,1,0,1,0,111,1,9,0
1388131,0,1,1,0,1,0,111,1,9,0
1389177,0,0,1,1,0,0,111,1,9,0
1389260,1,1,1,1,1,0,111,1,9,0
1390081,1,1,1,1,1,0,111,1,9,0
1390710,1,0,1,0,0,0,111,1,9,0
1390924,1,1,1,1,1,0,111,1,9,0
1392801,1,1,1,1,1,0,111,1,9,0
1394737,0,1,1,0,1,0,111,1,9,0
1394758,0,1,0,1,0,0,111,1,9,0
1396040,1,0,0,1,1,0,111,1,9,0
1396230,1,1,1,1,1,0,111,1,9,0
1396597,1,1,1,1,1,0,111,1,9,0
1397646,1,0,1,0,0,0,111,1,9,0
1398277,0,0,1,1,0,0,111,1,9,0
1398530,1,1,0,0,0,0,111,1,9,0
1401491,1,0,0,1,1,0,111,1,9,0
1403952,1,1,0,0,0,0,111,1,9,0
1407161,0,1,1,0,1,0,111,1,9,0
1407401,1,0,0,1,1,0,111,1,9,0
1408505,0,0,0,0,1,0,111,1,9,0
1409337,0,0,0,0,1,0,111,1,9,0
1409397,1,1,0,0,0,0,111,1,9,0
1409867,1,1,1,1,1,0,111,1,9,0
1410357,0,1,0,1,0,0,111,1,9,0
1410969,1,0,0,1,1,0,111,1,9,0
1413137,1,0,1,0,0,0,111,1,9,0
1413811,0,1,1,0,1,0,111,1,9,0
1414139,1,1,0,0,0,0,111,1,9,0
1414645,1,0,1,0,0,0,111,1,9,0
1414958,1,0,0,1,1,0,111,1,9,0
1415336,0,0,0,0,1,0,111,1,9,0
1415373,1,1,1,1,1,0,111,1,9,0
1415719,0,0,0,0,1,0,111,1,9,0
1417650,0,1,1,0,1,0,111,1,9,0
1418770,1,1,1,1,1,0,111,1,9,0
1420361,1,1,1,1,1,0,111,1,9,0
1420491,0,1,1,0,1,0,111,1,9,0
1421726,1,1,1,0,1,1,111,1,9,0
1422892,1,1,0,0,0,0,111,1,9,0
1424522,1,0,0,1,1,0,111,1,9,0
1425108,1,1,0,1,0,0,111,1,9,0
1425291,1,1,0,0,0,0,111,1,9,0
1425583,1,1,1,1,1,0,111,1,9,0
1426178,0,1,0,1,0,0,111,1,9,0
1426535,1,1,1,1,1,0,111,1,9,0
1426745,0,1,0,1,0,0,111,1,9,0
1427766,1,1,0,0,0,0,111,1,9,0
1428362,0,0,0,0,1,0,111,1,9,0
1428440,1,0,1,0,0,0,111,1,9,0
1431880,0,1,0,1,0,0,111,1,9,0
1433916,0,1,1,0,1,0,111,1,9,0
1433998,0,1,1,0,1,0,111,1,9,0
1434225,0,1,1,0,1,0,111,1,9,0
1434335,1,0,0,1,1,0,111,1,9,0
1434601,0,1,0,1,0,0,111,1,9,0
1434998,0,1,1,0,1,0,111,1,9,0
1435778,0,1,0,0,0,0,111,1,9,0
1435991,1,1,1,1,1,0,111,1,9,0
1436809,0,1,1,0,1,0,111,1,9,0
1437384,0,1,0,0,0,0,111,1,9,0
1438263,0,0,0,0,1,0,111,1,9,0
1439435,1,0,0,1,1,0,111,1,9,0
1441502,0,1,0,1,0,0,111,1,9,0
1442695,0,1,0,1,0,0,122,2,9,0
1442713,1,0,1,0,0,0,122,2,9,0
1445197,0,0,1,1,0,0,122,2,9,0
1447302,1,0,1,0,0,0,122,2,9,0
1447384,0,0,0,0,1,0,122,2,9,0
1449710,1,0,1,0,0,0,122,2,9,0
1451208,1,0,1,0,0,0,122,2,9,0
1451222,0,0,1,1,0,0,122,2,9,0
1451937,1,0,1,0,0,0,122,2,9,0
1452811,0,1,0,1,0,0,122,2,9,0
1455571,0,1,0,1,0,0,122,2,9,0
1456164,1,1,1,1,1,0,122,2,9,0
1456498,0,1,0,1,0,0,122,2,9,0
1456847,1,1,1,1,1,0,122,2,9,0
1458222,0,0,0,0,1,0,122,2,9,0
1458785,1,0,1,1,0,0,122,2,9,0
1460853,0,0,1,1,0,0,122,2,9,0
1461545,0,1,0,1,0,0,122,2,9,0
1461814,0,0,1,1,0,0,122,2,9,0
1463194,0,0,0,0,1,0,122,2,9,0
1463272,0,0,1,1,0,0,122,2,9,0
1463584,0,0,0,0,1,0,122,2,9,0
1463790,0,0,0,0,1,0,122,2,9,0
1464741,0,0,1,1,0,0,122,2,9,0
1465143,1,0,0,1,1,0,122,2,9,0
1466140,0,0,0,0,1,0,122,2,9,0
1466209,0,1,0,1,0,0,122,2,9,0
1467609,1,1,0,0,0,0,122,2,9,0
1467685,1,1,0,0,0,0,122,2,9,0
1468056,0,1,0,1,0,0,122,2,9,0
1468367,0,0,1,1,0,0,122,2,9,0
1468541,1,0,1,0,0,0,122,2,9,0
1468551,1,0,0,1,1,0,122,2,9,0
1469248,1,0,0,0,1,1,122,2,9,0
1469536,0,0,1,1,0,0,122,2,9,0
1471097,0,1,1,0,1,0,122,2,9,0
1471747,1,0,0,1,1,0,122,2,9,0
1471768,0,0,0,0,1,0,122,2,9,0
1472706,0,0,0,0,1,0,122,2,9,0
1474400,1,1,1,1,1,0,122,2,9,0
1474800,0,0,1,1,0,0,122,2,9,0
1475144,1,1,0,0,0,0,122,2,9,0
1475982,1,1,0,0,0,0,122,2,9,0
1476341,0,1,0,1,0,0,122,2,9,0
1476966,1,1,1,1,1,0,122,2,9,0
1477567,0,0,0,0,1,0,122,2,9,0
1478395,1,1,1,1,1,0,122,2,9,0
1478777,1,1,1,1,1,0,122,2,9,0
1478950,1,0,1,0,0,0,122,2,9,0
1479169,0,0,0,0,1,0,122,2,9,0
1481393,0,0,0,0,1,0,122,2,9,0
1482179,1,1,0,0,0,0,122,2,9,0
1483820,0,0,0,0,1,0,122,2,9,0
1484013,0,0,1,1,0,0,122,2,9,0
1485085,0,1,1,0,1,0,122,2,9,0
1485613,0,0,1,1,0,0,122,2,9,0
1485714,1,1,0,0,0,0,122,2,9,0
1486090,0,1,0,1,0,0,122,2,9,0
1486411,0,1,0,1,0,0,122,2,9,0
1486601,0,1,1,0,1,0,122,2,9,0
1487374,0,1,1,0,1,0,122,2,9,0
1487533,0,0,1,1,0,0,122,2,9,0
1487671,0,1,0,1,0,0,122,2,9,0
1489215,1,1,1,1,1,0,122,2,9,0
1490400,0,1,0,1,0,0,122,2,9,0
1491039,1,0,0,1,1,0,122,2,9,0
1491215,1,1,1,1,1,0,122,2,9,0
1491890,0,0,1,1,0,0,122,2,9,0
1492920,1,0,1,0,0,0,122,2,9,0
1493837,1,1,1,1,1,0,122,2,9,0
1494836,1,0,1,0,0,0,122,2,9,0
1494900,0,0,1,1,0,0,122,2,9,0
1496134,1,0,1,0,0,0,122,2,9,0
1496347,0,0,0,0,1,0,122,2,9,0
1497142,1,1,1,1,1,0,122,2,9,0
1497849,1,1,0,0,0,0,122,2,9,0
1498162,1,1,0,0,0,0,122,2,9,0
1499199,1,1,0,0,0,0,122,2,9,0
1499946,1,1,0,0,0,0,122,2,9,0
1500207,0,0,0,0,1,0,122,2,9,0
1500459,0,1,0,1,0,0,122,2,9,0
1500567,0,1,0,1,0,0,122,2,9,0
1501294,0,0,0,0,1,0,122,2,9,0
1501691,0,0,1,1,0,0,122,2,9,0
1502173,0,1,1,0,1,0,122,2,9,0
1502382,1,1,0,0,0,0,122,2,9,0
1502705,1,1,0,0,0,0,122,2,9,0
1502916,0,1,0,1,0,0,122,2,9,0
1503615,1,0,1,0,0,0,122,2,9,0
1504921,0,0,1,1,0,0,122,2,9,0
1505388,1,0,0,1,1,0,122,2,9,0
1505900,1,0,0,1,1,0,122,2,9,0
1507118,0,1,0,1,0,0,122,2,9,0
1507331,0,0,1,1,0,0,158,2,12,0
1507765,1,1,1,1,1,0,158,2,12,0
1508167,0,0,0,0,1,0,158,2,12,0
1509750,1,1,1,1,1,0,158,2,12,0
1509866,1,0,1,0,0,0,158,2,12,0
1511226,0,1,1,0,1,0,158,2,12,0
1511569,0,1,1,0,1,0,158,2,12,0
1511571,1,0,1,0,0,0,158,2,12,0
1511706,1,1,0,0,0,0,158,2,12,0
1512160,0,1,0,1,0,0,158,2,12,0
1512425,0,0,0,0,1,0,158,2,12,0
1512860,1,1,0,0,0,0,158,2,12,0
1512995,1,1,1,0,1,1,158,2,12,0
1513225,1,1,1,1,1,0,158,2,12,0
1513826,0,0,0,0,1,0,158,2,12,0
1514419,1,0,0,1,1,0,158,2,12,0
1514620,1,0,1,0,0,0,158,2,12,0
1514775,1,0,0,1,1,0,158,2,12,0
1515625,0,1,1,0,1,0,158,2,12,0
1517362,1,0,1,0,0,0,158,2,12,0
1518897,0,1,1,0,1,0,158,2,12,0
1519364,0,1,0,1,0,0,158,2,12,0
1520289,1,1,1,1,1,0,158,2,12,0
1520367,1,0,1,0,0,0,158,2,12,0
1521264,0,1,1,0,1,0,158,2,12,0
1521723,1,1,0,0,0,0,158,2,12,0
1521763,1,0,1,0,0,0,158,2,12,0
1521777,1,0,0,1,1,0,158,2,12,0
1521854,0,1,1,1,1,1,158,2,12,0
1522460,1,0,0,1,1,0,158,2,12,0
1523700,0,1,1,0,1,0,158,2,12,0
1523764,0,0,1,1,0,0,158,2,12,0
1523899,1,0,0,0,1,1,158,2,12,0
1524194,1,1,0,0,0,0,158,2,12,0
1524499,1,1,0,0,0,0,158,2,12,0
1525257,1,0,0,1,1,0,158,2,12,0
1526496,0,1,1,0,1,0,158,2,12,0
1526539,1,0,0,1,1,0,158,2,12,0
1527254,1,0,0,1,1,0,158,2,12,0
1527366,1,0,1,0,0,0,158,2,12,0
1528295,0,0,1,1,0,0,158,2,12,0
1528553,1,1,0,0,0,0,158,2,12,0
1528607,0,1,1,0,1,0,158,2,12,0
1529518,1,0,1,0,0,0,158,2,12,0
1531176,1,0,1,0,0,0,158,2,12,0
1531352,1,1,0,0,0,0,158,2,12,0
1531427,0,0,1,1,0,0,158,2,12,0
1531564,0,0,1,1,0,0,158,2,12,0
1531642,1,1,0,0,0,0,158,2,12,0
1531672,1,1,1,1,1,0,158,2,12,0
1532079,1,0,0,1,1,0,158,2,12,0
1532189,0,0,1,1,0,0,158,2,12,0
1533070,1,0,1,0,0,0,158,2,12,0
1533620,1,0,1,0,0,0,158,2,12,0
1534147,0,1,1,0,1,0,158,2,12,0
1534936,0,1,0,1,0,0,158,2,12,0
1535079,1,0,0,1,1,0,158,2,12,0
1535188,1,0,1,1,0,0,158,2,12,0
1535464,1,0,1,0,0,0,158,2,12,0
1535474,0,1,0,1,0,0,158,2,12,0
1535605,1,1,0,0,0,0,158,2,12,0
1536186,0,1,1,0,1,0,158,2,12,0
1537370,0,0,0,0,1,0,158,2,12,0
1537914,1,1,1,1,1,0,158,2,12,0
1538045,0,1,0,1,0,0,158,2,12,0
1538513,0,1,0,1,0,0,158,2,12,0
1539118,0,0,0,0,1,0,158,2,12,0
1539291,0,1,0,1,0,0,158,2,12,0
1539445,0,0,0,0,1,0,158,2,12,0
1540304,1,1,1,1,1,0,158,2,12,0
1541403,1,0,0,1,1,0,158,2,12,0
1541489,0,1,0,1,0,0,158,2,12,0
1541854,0,0,1,1,0,0,158,2,12,0
1542493,1,1,1,1,1,0,158,2,12,0
1543047,0,1,0,1,0,0,158,2,12,0
1543312,0,0,1,1,0,0,158,2,12,0
1543881,1,0,0,1,1,0,158,2,12,0
1544819,1,1,1,1,1,0,158,2,12,0
1545387,0,0,1,1,0,0,158,2,12,0
1545476,1,0,1,0,0,0,158,2,12,0
1546373,1,0,1,0,0,0,158,2,12,0
1546403,1,1,0,0,0,0,158,2,12,0
1547153,1,1,1,1,1,0,158,2,12,0
1547518,0,1,1,0,1,0,158,2,12,0
1547744,0,0,1,1,0,0,158,2,12,0
1548312,0,0,0,0,1,0,158,2,12,0
1548315,1,0,1,0,0,0,158,2,12,0
1548387,1,0,1,0,0,0,158,2,12,0
1548811,1,0,1,0,0,0,158,2,12,0
1549509,1,0,1,0,0,0,158,2,12,0
1549582,0,1,1,0,1,0,158,2,12,0
1549735,1,0,1,0,0,0,158,2,12,0
1550097,1,1,1,1,1,0,158,2,12,0
1550883,1,1,0,0,0,0,158,2,12,0
1551489,0,0,1,1,0,0,158,2,12,0
1552527,0,0,0,0,1,0,158,2,12,0
1552544,0,1,1,0,1,0,158,2,12,0
1553474,0,0,1,1,0,0,158,2,12,0
1553759,1,1,0,0,0,0,158,2,12,0
1554732,1,0,0,1,1,0,158,2,12,0
1556578,0,1,0,1,0,0,158,2,12,0
1557242,1,1,1,1,1,0,158,2,12,0
1557672,1,1,1,1,1,0,158,2,12,0
1557884,1,1,0,0,0,0,158,2,12,0
1558374,0,0,0,0,1,0,158,2,12,0
1558977,1,1,0,0,0,0,158,2,12,0
1559786,0,1,0,1,0,0,158,2,12,0
1560507,0,1,1,0,1,0,158,2,12,0
1560613,1,1,0,0,0,0,158,2,12,0
1561238,0,1,1,0,1,0,158,2,12,0
1562614,0,1,1,0,1,0,158,2,12,0
1562893,0,0,1,1,0,0,158,2,12,0
1565160,0,0,1,1,0,0,158,2,12,0
1565847,1,1,1,1,1,0,158,2,12,0
1566014,1,0,1,0,0,0,158,2,12,0
1567038,1,1,1,1,1,0,158,2,12,0
1567674,1,0,0,1,1,0,158,2,12,0
1567690,0,1,0,1,0,0,158,2,12,0
1568755,0,1,1,0,1,0,158,2,12,0
1569602,0,1,1,0,1,0,158,2,12,0
1570762,1,0,1,0,0,0,158,2,12,0
1572328,0,1,0,1,0,0,158,2,12,0
1572360,1,1,1,1,1,0,158,2,12,0
1572598,1,0,1,0,0,0,158,2,12,0
1572963,0,1,1,0,1,0,175,2,12,0
1572964,1,1,1,1,1,0,175,2,12,0
1573082,0,1,0,1,0,0,175,2,12,0
1573145,0,0,0,0,1,0,175,2,12,0
1573928,0,1,1,0,1,0,175,2,12,0
1574005,0,1,0,1,0,0,175,2,12,0
1575070,1,1,1,1,1,0,175,2,12,0
1575136,0,0,0,0,1,0,175,2,12,0
1575161,0,0,0,0,1,0,175,2,12,0
1576708,0,1,0,1,0,0,175,2,12,0
1576847,0,1,1,0,1,0,175,2,12,0
1577556,1,1,0,0,0,0,175,2,12,0
1579023,1,0,1,0,0,0,175,2,12,0
1580976,1,1,1,1,1,0,175,2,12,0
1581554,1,1,0,0,0,0,175,2,12,0
1581578,1,0,0,1,1,0,175,2,12,0
1581593,0,1,0,1,0,0,175,2,12,0
1583094,0,1,0,1,0,0,175,2,12,0
1583273,0,1,0,1,0,0,175,2,12,0
1584064,1,1,0,0,0,0,175,2,12,0
1584506,0,0,0,0,1,0,175,2,12,0
1585695,0,0,0,0,1,0,175,2,12,0
1585724,1,0,1,0,0,0,175,2,12,0
1586090,1,0,1,0,0,0,175,2,12,0
1586404,1,1,1,1,1,0,175,2,12,0
1586590,0,1,1,0,1,0,175,2,12,0
1587240,1,1,1,1,1,0,175,2,12,0
1587513,1,0,1,0,0,0,175,2,12,0
1588010,0,0,1,1,0,0,175,2,12,0
1588354,0,0,0,0,1,0,175,2,12,0
1589113,0,1,0,1,0,0,175,2,12,0
1589317,0,1,1,0,1,0,175,2,12,0
1590277,1,1,0,0,0,0,175,2,12,0
1590747,1,0,1,0,0,0,175,2,12,0
1590818,0,1,0,1,0,0,175,2,12,0
1591876,0,1,0,1,0,0,175,2,12,0
1592690,0,1,0,1,0,0,175,2,12,0
1592945,0,1,0,1,0,0,175,2,12,0
1593892,1,0,0,1,1,0,175,2,12,0
1594032,1,0,0,1,1,0,175,2,12,0
1594143,1,0,1,0,0,0,175,2,12,0
1594479,0,1,1,0,1,0,175,2,12,0
1595186,0,1,0,1,0,0,175,2,12,0
1595235,0,0,0,0,1,0,175,2,12,0
1595463,1,1,1,1,1,0,175,2,12,0
1595636,1,0,1,0,0,0,175,2,12,0
1595642,1,1,1,1,1,0,175,2,12,0
1595928,1,1,0,0,0,0,175,2,12,0
1596480,0,0,0,0,1,0,175,2,12,0
1596567,1,0,1,0,0,0,175,2,12,0
1596700,0,0,1,1,0,0,175,2,12,0
1597128,0,0,0,0,1,0,175,2,12,0
1597421,1,1,0,0,0,0,175,2,12,0
1597676,1,1,0,0,0,0,175,2,12,0
1597743,0,1,0,1,0,0,175,2,12,0
1598004,0,1,1,0,1,0,175,2,12,0
1598027,0,1,0,1,0,0,175,2,12,0
1598199,1,1,1,1,1,0,175,2,12,0
1598205,0,1,1,0,1,0,175,2,12,0
1599194,0,0,1,1,0,0,175,2,12,0
1600074,1,1,0,0,0,0,175,2,12,0
1600208,0,1,0,1,0,0,175,2,12,0
1600796,1,0,0,1,1,0,175,2,12,0
1600909,1,0,0,1,1,0,175,2,12,0
1602473,1,0,1,0,0,0,175,2,12,0
1602774,0,1,0,1,0,0,175,2,12,0
1603175,1,1,1,1,1,0,175,2,12,0
1604335,1,1,1,1,1,0,175,2,12,0
1604343,1,1,0,0,0,0,175,2,12,0
1604697,1,0,1,0,0,0,175,2,12,0
1605028,0,1,0,1,0,0,175,2,12,0
1605530,0,0,1,1,0,0,175,2,12,0
1606285,1,1,1,1,1,0,175,2,12,0
1606347,0,1,0,1,0,0,175,2,12,0
1606788,1,0,1,0,0,0,175,2,12,0
1607139,0,0,1,1,0,0,175,2,12,0
1607808,0,0,1,1,0,0,175,2,12,0
1608005,1,0,0,1,1,0,175,2,12,0
1609278,1,0,0,1,1,0,175,2,12,0
1609437,1,1,1,1,1,0,175,2,12,0
1610275,1,0,1,0,0,0,175,2,12,0
1610576,1,1,0,0,0,0,175,2,12,0
1610585,1,1,0,0,0,0,175,2,12,0
1611208,0,1,1,0,1,0,175,2,12,0
1611610,1,1,1,1,1,0,175,2,12,0
1612450,1,1,1,1,1,0,175,2,12,0
1612627,1,1,1,0,1,1,175,2,12,0
1613841,0,1,1,0,1,0,175,2,12,0
1613914,0,0,1,1,0,0,175,2,12,0
1614637,1,0,0,1,1,0,175,2,12,0
1614648,1,1,0,0,0,0,175,2,12,0
1615558,0,1,1,0,1,0,175,2,12,0
1615568,0,0,0,0,1,0,175,2,12,0
1615639,1,1,1,1,1,0,175,2,12,0
1616062,0,0,0,0,1,0,175,2,12,0
1616478,1,0,1,0,0,0,175,2,12,0
1617151,0,1,0,1,0,0,175,2,12,0
1617152,1,1,0,0,0,0,175,2,12,0
1617503,1,0,0,1,1,0,175,2,12,0
1617548,1,0,1,0,0,0,175,2,12,0
1617570,0,0,1,1,0,0,175,2,12,0
1618247,1,1,1,1,1,0,175,2,12,0
1619004,0,0,0,0,1,0,175,2,12,0
1619055,0,1,0,1,0,0,175,2,12,0
1619370,0,1,1,0,1,0,175,2,12,0
1619771,0,0,1,1,0,0,175,2,12,0
1620253,1,0,1,0,0,0,175,2,12,0
1621086,0,0,1,1,0,0,175,2,12,0
1621426,0,1,1,0,1,0,175,2,12,0
1623259,0,1,1,0,1,0,175,2,12,0
1624024,1,0,0,1,1,0,175,2,12,0
1624028,0,0,1,1,0,0,175,2,12,0
1624126,0,1,1,0,1,0,175,2,12,0
1625028,0,1,0,1,0,0,175,2,12,0
1625357,1,0,1,0,0,0,175,2,12,0
1625890,0,1,0,1,0,0,175,2,12,0
1626081,1,0,0,1,1,0,175,2,12,0
1626560,1,1,1,1,1,0,175,2,12,0
1626811,0,1,1,0,1,0,175,2,12,0
1627049,0,0,0,0,1,0,175,2,12,0
1627186,0,1,1,0,1,0,175,2,12,0
1627198,0,1,0,1,0,0,175,2,12,0
1627255,1,0,1,0,0,0,175,2,12,0
1627387,1,0,1,0,0,0,175,2,12,0
1628692,0,1,0,1,0,0,175,2,12,0
1628991,1,0,0,1,1,0,175,2,12,0
1629195,0,1,1,0,1,0,175,2,12,0
1629751,0,1,0,1,0,0,175,2,12,0
1630912,0,0,0,0,1,0,175,2,12,0
1631036,0,1,1,0,1,0,175,2,12,0
1631176,1,0,0,1,1,0,175,2,12,0
1632702,1,0,1,0,0,0,175,2,12,0
1634603,0,1,1,0,1,0,175,2,12,0
1635026,0,0,1,1,0,0,175,2,12,0
1635658,1,0,1,0,0,0,175,2,12,0
1636580,1,0,1,1,0,0,175,2,12,0
1636771,0,0,1,1,0,0,175,2,12,0
1637389,1,1,0,0,0,0,175,2,12,0
1637791,0,0,1,1,0,0,175,2,12,0
1638264,1,1,1,1,1,0,175,2,12,0
1638365,0,1,1,1,1,1,175,2,12,0
1638385,1,0,1,0,0,0,175,2,12,0
1638397,0,1,1,1,1,1,175,2,12,0
1639289,0,0,1,1,0,0,95,2,12,0
1639769,0,1,0,1,0,0,95,2,12,0
1639916,0,0,1,1,0,0,95,2,12,0
1640826,0,0,1,1,0,0,95,2,12,0
1641149,0,1,1,0,1,0,95,2,12,0
1641179,0,1,1,0,1,0,95,2,12,0
1641245,0,1,0,1,0,0,95,2,12,0
1641272,1,1,1,1,1,0,95,2,12,0
1642057,1,0,0,0,1,1,95,2,12,0
1642699,0,1,0,1,0,0,95,2,12,0
1643207,0,0,1,1,0,0,95,2,12,0
1643370,0,0,0,0,1,0,95,2,12,0
1643668,0,0,1,1,0,0,95,2,12,0
1647243,0,0,0,0,1,0,95,2,12,0
1649516,0,0,0,1,1,1,95,2,12,0
1649947,1,1,0,0,0,0,95,2,12,0
1650422,1,0,1,0,0,0,95,2,12,0
1650454,0,1,0,1,0,0,95,2,12,0
1650953,1,0,0,1,1,0,95,2,12,0
1651541,0,0,1,1,0,0,95,2,12,0
1652710,1,1,0,0,0,0,95,2,12,0
1653642,0,1,1,0,1,0,95,2,12,0
1655984,1,1,1,1,1,0,95,2,12,0
1656072,1,0,1,0,0,0,95,2,12,0
1656109,0,0,1,1,0,0,95,2,12,0
1657504,1,0,1,1,0,0,95,2,12,0
1657721,1,1,0,0,0,0,95,2,12,0
1659310,0,1,0,1,0,0,95,2,12,0
1660605,1,0,1,0,0,0,95,2,12,0
1662254,1,0,1,0,0,0,95,2,12,0
1663958,0,0,1,1,0,0,95,2,12,0
1665025,1,0,1,0,0,0,95,2,12,0
1666714,1,1,0,1,0,0,95,2,12,0
1668398,0,1,0,1,0,0,95,2,12,0
1668518,0,1,1,0,1,0,95,2,12,0
1669662,0,0,0,0,1,0,95,2,12,0
1669870,1,0,0,1,1,0,95,2,12,0
1669964,1,1,0,0,0,0,95,2,12,0
1670921,1,1,0,0,0,0,95,2,12,0
1670945,1,1,0,0,0,0,95,2,12,0
1671212,0,1,0,1,0,0,95,2,12,0
1672415,0,0,0,0,1,0,95,2,12,0
1672433,1,1,1,1,1,0,95,2,12,0
1672609,0,0,1,1,0,0,95,2,12,0
1672713,0,1,0,1,0,0,95,2,12,0
1672778,0,0,0,0,1,0,95,2,12,0
1674078,0,0,0,0,1,0,95,2,12,0
1674338,0,0,0,0,1,0,95,2,12,0
1674657,0,1,0,1,0,0,95,2,12,0
1675050,1,1,0,0,0,0,95,2,12,0
1676364,0,1,1,0,1,0,95,2,12,0
1676614,1,1,1,1,1,0,95,2,12,0
1678568,0,1,0,1,0,0,95,2,12,0
1678739,1,0,0,1,1,0,95,2,12,0
1678754,0,0,0,0,1,0,95,2,12,0
1681373,1,0,0,1,1,0,95,2,12,0
1682391,1,0,0,1,1,0,95,2,12,0
1683351,0,0,0,0,1,0,95,2,12,0
1683391,1,1,1,0,1,1,95,2,12,0
1683881,1,1,0,0,0,0,95,2,12,0
1683916,1,0,0,1,1,0,95,2,12,0
1684027,0,1,1,0,1,0,95,2,12,0
1684896,1,1,0,0,0,0,95,2,12,0
1685086,1,0,1,0,0,0,95,2,12,0
1685193,0,0,0,0,1,0,95,2,12,0
1685429,0,1,0,1,0,0,95,2,12,0
1686479,1,0,1,0,0,0,95,2,12,0
1686515,0,1,0,1,0,0,95,2,12,0
1688223,0,1,1,0,1,0,95,2,12,0
1688529,0,0,1,1,0,0,95,2,12,0
1689137,0,0,1,1,0,0,95,2,12,0
1689647,0,0,0,0,1,0,95,2,12,0
1689940,1,0,0,1,1,0,95,2,12,0
1690661,1,1,0,0,0,0,95,2,12,0
1692203,1,1,1,0,1,1,95,2,12,0
1693322,1,1,1,1,1,0,95,2,12,0
1694181,0,0,0,1,1,1,95,2,12,0
1694246,1,0,1,0,0,0,95,2,12,0
1694532,0,1,0,1,0,0,95,2,12,0
1694561,0,0,1,1,0,0,95,2,12,0
1695716,1,1,0,0,0,0,95,2,12,0
1696444,1,1,1,1,1,0,95,2,12,0
1696693,0,1,0,1,0,0,95,2,12,0
1696959,1,0,1,0,0,0,95,2,12,0
1697480,1,1,0,0,0,0,95,2,12,0
1698676,1,0,1,0,0,0,95,2,12,0
1699395,1,0,0,1,1,0,95,2,12,0
1700669,1,1,1,1,1,0,95,2,12,0
1702305,0,0,1,0,0,0,95,2,12,0
1702680,1,0,0,1,1,0,95,2,12,0
1702879,1,0,0,1,1,0,95,2,12,0
1704465,0,0,1,1,0,0,137,2,12,0
1705175,0,0,1,1,0,0,137,2,12,0
1705403,0,1,1,0,1,0,137,2,12,0
1706464,0,1,1,0,1,0,137,2,12,0
1706665,1,0,0,1,1,0,137,2,12,0
1707660,1,1,0,0,0,0,137,2,12,0
1708470,0,0,1,1,0,0,137,2,12,0
1708899,0,1,0,1,0,0,137,2,12,0
1709418,1,0,0,0,1,1,137,2,12,0
1709568,0,0,0,0,1,0,137,2,12,0
1709761,0,0,0,0,1,0,137,2,12,0
1710024,0,0,0,0,1,0,137,2,12,0
1710104,0,0,1,1,0,0,137,2,12,0
1710518,1,0,1,0,0,0,137,2,12,0
1710629,0,0,0,0,1,0,137,2,12,0
1710803,1,1,0,0,0,0,137,2,12,0
1711443,0,0,0,0,1,0,137,2,12,0
1711681,1,0,0,1,1,0,137,2,12,0
1711820,1,0,1,0,0,0,137,2,12,0
1712432,1,1,1,1,1,0,137,2,12,0
1712871,0,0,1,1,0,0,137,2,12,0
1713575,0,0,1,1,0,0,137,2,12,0
1713868,1,1,1,1,1,0,137,2,12,0
1714532,0,1,1,0,1,0,137,2,12,0
1715284,1,0,0,1,1,0,137,2,12,0
1715932,1,1,1,1,1,0,137,2,12,0
1716524,0,0,1,1,0,0,137,2,12,0
1719555,1,0,1,0,0,0,137,2,12,0
1719616,1,0,1,0,0,0,137,2,12,0
1719995,1,0,1,0,0,0,137,2,12,0
1720245,0,1,0,1,0,0,137,2,12,0
1720321,0,1,1,0,1,0,137,2,12,0
1721255,1,1,1,1,1,0,137,2,12,0
1721408,1,0,1,0,0,0,137,2,12,0
1722491,1,0,0,1,1,0,137,2,12,0
1722751,0,0,0,0,1,0,137,2,12,0
1723121,1,1,0,0,0,0,137,2,12,0
1723333,0,0,0,0,1,0,137,2,12,0
1723493,0,1,0,1,0,0,137,2,12,0
1723638,1,1,1,1,1,0,137,2,12,0
1723704,1,1,0,0,0,0,137,2,12,0
1723734,1,1,0,0,0,0,137,2,12,0
1724013,0,0,1,1,0,0,137,2,12,0
1724975,0,1,1,0,1,0,137,2,12,0
1725082,0,0,0,0,1,0,137,2,12,0
1725138,0,1,0,1,0,0,137,2,12,0
1725504,1,0,1,0,0,0,137,2,12,0
1725524,0,1,0,1,0,0,137,2,12,0
1726251,0,1,1,0,1,0,137,2,12,0
1726433,0,0,0,0,1,0,137,2,12,0
1726775,1,1,0,0,0,0,137,2,12,0
1727950,1,0,0,1,1,0,137,2,12,0
1727954,1,0,0,1,1,0,137,2,12,0
1729463,0,0,1,1,0,0,137,2,12,0
1730069,1,1,0,0,0,0,137,2,12,0
1730444,0,1,1,0,1,0,137,2,12,0
1731032,1,1,1,1,1,0,137,2,12,0
1731199,1,0,1,0,0,0,137,2,12,0
1731346,1,1,1,1,1,0,137,2,12,0
1731449,1,1,0,1,0,0,137,2,12,0
1731818,1,0,1,0,0,0,137,2,12,0
1732693,1,0,1,0,0,0,137,2,12,0
1733034,1,1,0,0,0,0,137,2,12,0
1733320,0,0,1,0,0,0,137,2,12,0
1733738,1,0,1,0,0,0,137,2,12,0
1734595,0,0,0,0,1,0,137,2,12,0
1734917,0,1,1,0,1,0,137,2,12,0
1735088,0,1,0,1,0,0,137,2,12,0
1735325,0,1,1,0,1,0,137,2,12,0
1735345,0,0,1,1,0,0,137,2,12,0
1735520,0,1,0,1,0,0,137,2,12,0
1735570,1,1,1,0,1,1,137,2,12,0
1736179,0,1,1,0,1,0,137,2,12,0
1736585,1,0,0,1,1,0,137,2,12,0
1736658,1,0,0,1,1,0,137,2,12,0
1736908,0,0,0,0,1,0,137,2,12,0
1738971,1,1,0,0,0,0,137,2,12,0
1739568,1,1,1,1,1,0,137,2,12,0
1740763,1,0,1,0,0,0,137,2,12,0
1740827,0,1,0,1,0,0,137,2,12,0
1741091,0,0,1,1,0,0,137,2,12,0
1741429,1,1,1,1,1,0,137,2,12,0
1742664,0,0,1,1,0,0,137,2,12,0
1742991,1,1,0,0,0,0,137,2,12,0
1743627,0,0,0,0,1,0,137,2,12,0
1745331,1,1,0,0,0,0,137,2,12,0
1745538,0,0,1,1,0,0,137,2,12,0
1745694,1,1,0,0,0,0,137,2,12,0
1745908,1,0,1,0,0,0,137,2,12,0
1746239,1,0,0,1,1,0,137,2,12,0
1746630,0,0,0,0,1,0,137,2,12,0
1747221,1,0,1,0,0,0,137,2,12,0
1747583,1,0,1,0,0,0,137,2,12,0
1747920,0,0,0,0,1,0,137,2,12,0
1748213,1,0,0,1,1,0,137,2,12,0
1748607,1,0,1,0,0,0,137,2,12,0
1749817,0,0,0,0,1,0,137,2,12,0
1750393,0,1,0,1,0,0,137,2,12,0
1751103,0,1,1,0,1,0,137,2,12,0
1751170,0,1,0,1,0,0,137,2,12,0
1751324,1,1,1,1,1,0,137,2,12,0
1751956,0,1,1,0,1,0,137,2,12,0
1752024,0,0,1,1,0,0,137,2,12,0
1752543,1,1,1,1,1,0,137,2,12,0
1752553,0,0,0,0,1,0,137,2,12,0
1753038,1,1,1,1,1,0,137,2,12,0
1753884,1,0,0,1,1,0,137,2,12,0
1754260,1,0,1,0,0,0,137,2,12,0
1755048,0,0,1,1,0,0,137,2,12,0
1755096,1,0,0,1,1,0,137,2,12,0
1755389,1,0,0,1,1,0,137,2,12,0
1755486,0,0,0,0,1,0,137,2,12,0
1755828,0,1,0,1,0,0,137,2,12,0
1756249,1,1,0,1,0,0,137,2,12,0
1756269,1,0,1,0,0,0,137,2,12,0
1756426,0,0,1,1,0,0,137,2,12,0
1758174,1,0,1,0,0,0,137,2,12,0
1758331,1,0,1,0,0,0,137,2,12,0
1759152,1,1,0,0,0,0,137,2,12,0
1759609,1,0,0,1,1,0,137,2,12,0
1762436,1,1,0,0,0,0,137,2,12,0
1763271,0,1,1,0,1,0,137,2,12,0
1763483,1,0,0,1,1,0,137,2,12,0
1763715,0,1,0,1,0,0,137,2,12,0
1763906,0,0,0,0,1,0,137,2,12,0
1764761,1,1,0,0,0,0,137,2,12,0
1765604,1,1,1,1,1,0,137,2,12,0
1767623,1,0,0,1,1,0,137,2,12,0
1767665,0,0,0,0,1,0,137,2,12,0
1768885,0,1,0,1,0,0,137,2,12,0
1769813,0,0,1,1,0,0,135,2,12,0
1770485,0,1,0,1,0,0,135,2,12,0
1770497,1,1,1,1,1,0,135,2,12,0
1770772,0,1,0,0,0,0,135,2,12,0
1771486,0,0,0,0,1,0,135,2,12,0
1772048,0,0,0,0,1,0,135,2,12,0
1772157,1,0,0,1,1,0,135,2,12,0
1774952,1,1,0,0,0,0,135,2,12,0
1777147,0,0,0,0,1,0,135,2,12,0
1777220,0,1,0,1,0,0,135,2,12,0
1778895,1,0,1,0,0,0,135,2,12,0
1778937,0,0,0,0,1,0,135,2,12,0
1780028,0,1,1,0,1,0,135,2,12,0
1780131,1,0,0,1,1,0,135,2,12,0
1780500,0,0,0,0,1,0,135,2,12,0
1781386,0,1,1,0,1,0,135,2,12,0
1781390,0,0,1,1,0,0,135,2,12,0
1781647,1,0,1,0,0,0,135,2,12,0
1781740,0,1,0,1,0,0,135,2,12,0
1782389,0,0,1,1,0,0,135,2,12,0
1782460,1,1,1,1,1,0,135,2,12,0
1782748,0,1,0,1,0,0,135,2,12,0
1783104,0,1,1,0,1,0,135,2,12,0
1783293,1,0,1,1,0,0,135,2,12,0
1783561,1,1,1,1,1,0,135,2,12,0
1783809,1,0,1,0,0,0,135,2,12,0
1784029,0,1,1,0,1,0,135,2,12,0
1785431,0,0,1,1,0,0,135,2,12,0
1785627,1,1,0,0,0,0,135,2,12,0
1786138,1,0,0,1,1,0,135,2,12,0
1786462,0,1,1,0,1,0,135,2,12,0
1786989,0,0,0,0,1,0,135,2,12,0
1787008,0,1,1,0,1,0,135,2,12,0
1787720,0,0,0,0,1,0,135,2,12,0
1788704,1,1,0,0,0,0,135,2,12,0
1788860,1,1,0,0,0,0,135,2,12,0
1788915,1,1,0,0,0,0,135,2,12,0
1789273,0,1,1,0,1,0,135,2,12,0
1789977,1,0,0,1,1,0,135,2,12,0
1790068,1,0,0,1,1,0,135,2,12,0
1790646,0,0,0,1,1,1,135,2,12,0
1790760,0,0,1,1,0,0,135,2,12,0
1791040,0,1,1,0,1,0,135,2,12,0
1791127,1,1,1,1,1,0,135,2,12,0
1791534,0,0,0,0,1,0,135,2,12,0
1792265,1,1,1,1,1,0,135,2,12,0
1792310,1,0,0,1,1,0,135,2,12,0
1792407,0,0,0,0,1,0,135,2,12,0
1794864,0,1,1,0,1,0,135,2,12,0
1795788,0,0,0,0,1,0,135,2,12,0
1795815,1,1,1,1,1,0,135,2,12,0
1795884,0,0,1,1,0,0,135,2,12,0
1796020,0,0,1,0,0,0,135,2,12,0
1796166,1,1,0,0,0,0,135,2,12,0
1797274,1,1,0,0,0,0,135,2,12,0
1797589,0,1,1,0,1,0,135,2,12,0
1798599,1,1,0,0,0,0,135,2,12,0
1798751,1,1,1,1,1,0,135,2,12,0
1799142,1,1,0,0,0,0,135,2,12,0
1799233,1,0,1,0,0,0,135,2,12,0
1799266,1,0,0,1,1,0,135,2,12,0
1799273,1,0,0,1,1,0,135,2,12,0
1799450,0,1,1,0,1,0,135,2,12,0
1800499,0,0,1,1,0,0,135,2,12,0
1801380,0,0,1,1,0,0,135,2,12,0
1802001,0,0,0,0,1,0,135,2,12,0
1802162,1,0,1,0,0,0,135,2,12,0
1802196,1,0,0,1,1,0,135,2,12,0
1802805,1,0,0,1,1,0,135,2,12,0
1802980,1,1,0,0,0,0,135,2,12,0
1803131,1,1,0,0,0,0,135,2,12,0
1804115,0,1,1,0,1,0,135,2,12,0
1805273,1,0,0,1,1,0,135,2,12,0
1806645,1,0,0,1,1,0,135,2,12,0
1806786,0,1,1,1,1,1,135,2,12,0
1808522,1,0,1,0,0,0,135,2,12,0
1809019,0,0,0,0,1,0,135,2,12,0
1810678,1,0,0,1,1,0,135,2,12,0
1810993,1,0,1,0,0,0,135,2,12,0
1811039,0,1,0,1,0,0,135,2,12,0
1811880,1,0,0,1,1,0,135,2,12,0
1812059,0,1,1,0,1,0,135,2,12,0
1812064,1,0,0,1,1,0,135,2,12,0
1812083,1,0,1,0,0,0,135,2,12,0
1812132,1,0,0,1,1,0,135,2,12,0
1812248,1,0,0,1,1,0,135,2,12,0
1813354,1,0,1,0,0,0,135,2,12,0
1813946,0,0,0,0,1,0,135,2,12,0
1815369,1,1,0,0,0,0,135,2,12,0
1816646,0,0,1,1,0,0,135,2,12,0
1817608,0,1,1,0,1,0,135,2,12,0
1817695,1,1,0,0,0,0,135,2,12,0
1818465,0,0,1,1,0,0,135,2,12,0
1818793,1,0,1,0,0,0,135,2,12,0
1818920,1,1,1,1,1,0,135,2,12,0
1820954,0,1,0,1,0,0,135,2,12,0
1821736,0,0,0,0,1,0,135,2,12,0
1821960,1,0,0,1,1,0,135,2,12,0
1822007,0,1,0,1,0,0,135,2,12,0
1822684,0,1,0,1,0,0,135,2,12,0
1822806,1,1,1,1,1,0,135,2,12,0
1823192,1,0,1,0,0,0,135,2,12,0
1823512,1,1,0,0,0,0,135,2,12,0
1823529,0,1,1,0,1,0,135,2,12,0
1824299,0,0,0,0,1,0,135,2,12,0
1824934,0,1,1,0,1,0,135,2,12,0
1825021,1,0,0,1,1,0,135,2,12,0
1825385,1,1,1,1,1,0,135,2,12,0
1825997,0,0,0,0,1,0,135,2,12,0
1826041,0,0,1,1,0,0,135,2,12,0
1826967,0,1,1,0,1,0,135,2,12,0
1827992,1,1,1,1,1,0,135,2,12,0
1828086,0,0,0,0,1,0,135,2,12,0
1828541,0,1,1,0,1,0,135,2,12,0
1829332,0,1,0,1,0,0,135,2,12,0
1833874,1,1,0,0,0,0,135,2,12,0
1834490,1,0,1,0,0,0,135,2,12,0
1835179,0,1,0,1,0,0,138,2,12,0
1835884,1,1,1,1,1,0,138,2,12,0
1836229,1,1,0,0,0,0,138,2,12,0
1836254,0,0,0,0,1,0,138,2,12,0
1836515,0,0,1,1,0,0,138,2,12,0
1836729,1,0,0,1,1,0,138,2,12,0
1837506,1,1,1,1,1,0,138,2,12,0
1839063,0,1,0,1,0,0,138,2,12,0
1840224,0,0,0,0,1,0,138,2,12,0
1840580,1,0,1,0,0,0,138,2,12,0
1840648,0,1,1,0,1,0,138,2,12,0
1841311,0,0,0,0,1,0,138,2,12,0
1842587,1,0,0,1,1,0,138,2,12,0
1843311,1,0,0,1,1,0,138,2,12,0
1843494,1,0,0,1,1,0,138,2,12,0
1844858,1,1,0,0,0,0,138,2,12,0
1846225,1,1,0,0,0,0,138,2,12,0
1846413,1,1,0,0,0,0,138,2,12,0
1847550,1,1,0,0,0,0,138,2,12,0
1847618,0,1,1,0,1,0,138,2,12,0
1848006,1,1,1,1,1,0,138,2,12,0
1848054,0,0,0,0,1,0,138,2,12,0
1848092,0,1,1,0,1,0,138,2,12,0
1848660,0,0,0,0,1,0,138,2,12,0
1848871,1,0,0,1,1,0,138,2,12,0
1849442,1,1,1,0,1,1,138,2,12,0
1849581,1,0,0,1,1,0,138,2,12,0
1849670,1,0,0,1,1,0,138,2,12,0
1849804,0,0,1,1,0,0,138,2,12,0
1850485,1,0,1,0,0,0,138,2,12,0
1850498,1,1,0,0,0,0,138,2,12,0
1850929,1,1,1,1,1,0,138,2,12,0
1851064,0,0,1,1,0,0,138,2,12,0
1851160,1,0,1,0,0,0,138,2,12,0
1851427,0,1,1,1,1,1,138,2,12,0
1851713,0,0,0,0,1,0,138,2,12,0
1852111,0,1,1,1,1,1,138,2,12,0
1852223,1,1,1,1,1,0,138,2,12,0
1852762,0,0,0,0,1,0,138,2,12,0
1853531,0,0,0,0,1,0,138,2,12,0
1853884,1,0,0,1,1,0,138,2,12,0
1853887,0,1,1,0,1,0,138,2,12,0
1853899,1,1,0,0,0,0,138,2,12,0
1854373,1,1,0,0,0,0,138,2,12,0
1856855,0,1,1,0,1,0,138,2,12,0
1857285,0,1,0,1,0,0,138,2,12,0
1857478,0,1,1,0,1,0,138,2,12,0
1857870,1,1,1,1,1,0,138,2,12,0
1858356,0,0,0,0,1,0,138,2,12,0
1858704,1,0,0,1,1,0,138,2,12,0
1858866,0,0,0,0,1,0,138,2,12,0
1858906,1,1,1,1,1,0,138,2,12,0
1859029,0,0,0,0,1,0,138,2,12,0
1859147,0,0,1,1,0,0,138,2,12,0
1859550,0,0,0,0,1,0,138,2,12,0
1861524,1,0,1,0,0,0,138,2,12,0
1862463,1,0,1,0,0,0,138,2,12,0
1862713,1,0,0,1,1,0,138,2,12,0
1864091,1,1,0,0,0,0,138,2,12,0
1865385,0,0,0,0,1,0,138,2,12,0
1865423,0,1,0,1,0,0,138,2,12,0
1865430,1,1,1,1,1,0,138,2,12,0
1865619,1,1,1,1,1,0,138,2,12,0
1866166,1,1,0,0,0,0,138,2,12,0
1866878,1,1,0,0,0,0,138,2,12,0
1867451,0,1,1,0,1,0,138,2,12,0
1868628,1,0,1,0,0,0,138,2,12,0
1868642,1,1,0,0,0,0,138,2,12,0
1869927,1,0,1,0,0,0,138,2,12,0
1870145,1,1,1,1,1,0,138,2,12,0
1870553,0,0,1,0,0,0,138,2,12,0
1873107,1,0,0,1,1,0,138,2,12,0
1873953,0,0,1,1,0,0,138,2,12,0
1875566,0,0,0,0,1,0,138,2,12,0
1876006,1,1,1,1,1,0,138,2,12,0
1877303,0,1,0,1,0,0,138,2,12,0
1877419,0,1,0,1,0,0,138,2,12,0
1877879,1,0,1,0,0,0,138,2,12,0
1878157,0,0,0,0,1,0,138,2,12,0
1878227,0,0,0,0,1,0,138,2,12,0
1879037,0,1,1,0,1,0,138,2,12,0
1879613,1,1,0,0,0,0,138,2,12,0
1880075,0,0,1,1,0,0,138,2,12,0
1880111,0,1,1,0,1,0,138,2,12,0
1880122,1,1,1,1,1,0,138,2,12,0
1880275,1,0,0,1,1,0,138,2,12,0
1880918,0,0,0,0,1,0,138,2,12,0
1881091,0,0,0,0,1,0,138,2,12,0
1881442,0,1,0,1,0,0,138,2,12,0
1882288,0,1,1,0,1,0,138,2,12,0
1883567,0,0,0,0,1,0,138,2,12,0
1883902,1,1,0,0,0,0,138,2,12,0
1883950,0,1,0,1,0,0,138,2,12,0
1883991,0,0,0,0,1,0,138,2,12,0
1884765,1,0,0,1,1,0,138,2,12,0
1885718,1,1,1,1,1,0,138,2,12,0
1886749,1,1,1,1,1,0,138,2,12,0
1887669,1,1,0,0,0,0,138,2,12,0
1887788,1,1,1,1,1,0,138,2,12,0
1887872,1,1,0,0,0,0,138,2,12,0
1887987,1,1,1,1,1,0,138,2,12,0
1888305,0,0,0,0,1,0,138,2,12,0
1888475,1,1,1,1,1,0,138,2,12,0
1890109,0,1,1,0,1,0,138,2,12,0
1890358,0,0,0,0,1,0,138,2,12,0
1890782,0,1,1,0,1,0,138,2,12,0
1891824,1,1,0,1,0,0,138,2,12,0
1893055,1,1,0,0,0,0,138,2,12,0
1893061,0,1,1,0,1,0,138,2,12,0
1893127,1,0,0,1,1,0,138,2,12,0
1894283,0,1,0,0,0,0,138,2,12,0
1894767,1,1,0,0,0,0,138,2,12,0
1894900,1,1,1,1,1,0,138,2,12,0
1895098,1,1,0,0,0,0,138,2,12,0
1895133,1,0,1,0,0,0,138,2,12,0
1896577,0,1,0,1,0,0,138,2,12,0
1897471,1,1,1,1,1,0,138,2,12,0
1897507,1,0,1,0,0,0,138,2,12,0
1898403,0,1,0,1,0,0,138,2,12,0
1899683,0,1,1,0,1,0,138,2,12,0
1900458,0,1,1,0,1,0,138,2,12,0
1902556,1,0,0,1,1,0,137,2,12,1
1903220,1,1,0,0,0,0,137,2,12,1
1903286,0,1,1,0,1,0,137,2,12,1
1904070,1,0,1,0,0,0,137,2,12,1
1904597,0,0,1,1,0,0,137,2,12,1
1904813,0,1,1,0,1,0,137,2,12,1
1905578,0,0,0,0,1,0,137,2,12,1
1905814,0,1,0,1,0,0,137,2,12,1
1906436,1,0,1,0,0,0,137,2,12,1
1908078,0,1,1,1,1,1,137,2,12,1
1908161,0,1,0,1,0,0,137,2,12,1
1908596,1,0,1,0,0,0,137,2,12,1
1909297,0,0,1,1,0,0,137,2,12,1
1909809,0,0,0,0,1,0,137,2,12,1
1909980,1,0,0,1,1,0,137,2,12,1
1909988,0,0,0,0,1,0,137,2,12,1
1910367,1,0,1,1,0,0,137,2,12,1
1911327,0,0,1,1,0,0,137,2,12,1
1913078,0,0,0,1,1,1,137,2,12,1
1913544,1,0,0,1,1,0,137,2,12,1
1914092,1,1,1,1,1,0,137,2,12,1
1915272,0,0,0,0,1,0,137,2,12,1
1919434,1,1,1,0,1,1,137,2,12,1
1919491,0,1,1,0,1,0,137,2,12,1
1919978,0,0,1,1,0,0,137,2,12,1
1920475,1,1,0,0,0,0,137,2,12,1
1921102,0,1,0,1,0,0,137,2,12,1
1921864,0,1,1,0,1,0,137,2,12,1
1922017,1,0,0,1,1,0,137,2,12,1
1922229,0,1,0,1,0,0,137,2,12,1
1922700,0,0,0,0,1,0,137,2,12,1
1922947,1,0,0,1,1,0,137,2,12,1
1923718,1,0,0,1,1,0,137,2,12,1
1924642,1,1,0,0,0,0,137,2,12,1
1925007,0,1,0,1,0,0,137,2,12,1
1925134,0,0,1,1,0,0,137,2,12,1
1926022,0,1,1,0,1,0,137,2,12,1
1926755,0,1,1,0,1,0,137,2,12,1
1927209,1,0,1,0,0,0,137,2,12,1
1927529,0,1,0,0,0,0,137,2,12,1
1927906,1,1,1,1,1,0,137,2,12,1
1928005,1,1,1,1,1,0,137,2,12,1
1929216,0,0,1,1,0,0,137,2,12,1
1931365,0,1,0,1,0,0,137,2,12,1
1935476,0,0,1,1,0,0,137,2,12,1
1937526,1,0,1,0,0,0,137,2,12,1
1938202,1,1,1,1,1,0,137,2,12,1
1938561,1,0,1,0,0,0,137,2,12,1
1938770,0,0,0,0,1,0,137,2,12,1
1938953,0,1,0,1,0,0,137,2,12,1
1941802,1,1,1,1,1,0,137,2,12,1
1942254,1,1,1,1,1,0,137,2,12,1
1942728,0,0,1,1,0,0,137,2,12,1
1943168,0,1,1,0,1,0,137,2,12,1
1943878,1,0,0,1,1,0,137,2,12,1
1944656,0,1,0,1,0,0,137,2,12,1
1945506,0,0,0,0,1,0,137,2,12,1
1945978,0,0,0,1,1,1,137,2,12,1
1946606,1,0,1,0,0,0,137,2,12,1
1947829,0,0,0,0,1,0,137,2,12,1
1949786,1,1,0,0,0,0,137,2,12,1
1950183,1,0,0,1,1,0,137,2,12,1
1950502,1,0,0,1,1,0,137,2,12,1
1950993,1,1,0,0,0,0,137,2,12,1
1953651,1,1,1,1,1,0,137,2,12,1
1953798,0,0,0,0,1,0,137,2,12,1
1953983,1,0,1,0,0,0,137,2,12,1
1955817,1,0,1,0,0,0,137,2,12,1
1955885,1,1,0,0,0,0,137,2,12,1
1956346,1,0,1,0,0,0,137,2,12,1
1958585,1,0,1,1,0,0,137,2,12,1
1958700,0,1,1,0,1,0,137,2,12,1
1961552,0,1,0,1,0,0,137,2,12,1
1961812,0,1,1,0,1,0,137,2,12,1
1963716,1,0,1,0,0,0,137,2,12,1
1964263,0,0,0,0,1,0,137,2,12,1
1965074,1,0,0,1,1,0,137,2,12,1
1965862,0,0,0,0,1,0,137,2,12,1
1967157,1,0,0,1,1,0,116,2,12,1
1967590,1,0,0,1,1,0,116,2,12,1
1967900,0,0,0,0,1,0,116,2,12,1
1968189,1,0,1,0,0,0,116,2,12,1
1970292,1,0,0,1,1,0,116,2,12,1
1970867,0,0,1,1,0,0,116,2,12,1
1971003,1,0,0,1,1,0,116,2,12,1
1971526,1,0,0,1,1,0,116,2,12,1
1971586,0,1,1,0,1,0,116,2,12,1
1971778,1,0,0,1,1,0,116,2,12,1
1972528,0,1,1,0,1,0,116,2,12,1
1973059,0,1,1,0,1,0,116,2,12,1
1976861,1,0,1,0,0,0,116,2,12,1
1977460,1,1,0,0,0,0,116,2,12,1
1977662,1,0,0,1,1,0,116,2,12,1
1977694,0,1,0,1,0,0,116,2,12,1
1978190,1,0,0,1,1,0,116,2,12,1
1978356,1,1,1,1,1,0,116,2,12,1
1978640,1,0,0,1,1,0,116,2,12,1
1979337,1,1,1,1,1,0,116,2,12,1
1979571,1,0,1,0,0,0,116,2,12,1
1979993,1,1,0,0,0,0,116,2,12,1
1980284,1,0,1,0,0,0,116,2,12,1
1980763,1,1,0,0,0,0,116,2,12,1
1981128,0,0,0,0,1,0,116,2,12,1
1982032,1,1,0,0,0,0,116,2,12,1
1982419,0,0,1,1,0,0,116,2,12,1
1982574,1,0,1,0,0,0,116,2,12,1
1983012,1,1,1,1,1,0,116,2,12,1
1984698,1,0,0,1,1,0,116,2,12,1
1985060,1,1,0,0,0,0,116,2,12,1
1986213,1,1,0,0,0,0,116,2,12,1
1986272,0,1,1,0,1,0,116,2,12,1
1988317,0,1,0,1,0,0,116,2,12,1
1990109,0,1,0,1,0,0,116,2,12,1
1990198,1,0,0,1,1,0,116,2,12,1
1991944,0,0,0,0,1,0,116,2,12,1
1992348,1,0,1,0,0,0,116,2,12,1
1992460,0,0,1,0,0,0,116,2,12,1
1993186,0,1,0,1,0,0,116,2,12,1
1996339,0,0,1,1,0,0,116,2,12,1
1996697,1,1,0,0,0,0,116,2,12,1
1996730,1,0,1,0,0,0,116,2,12,1
1997763,0,0,1,1,0,0,116,2,12,1
1997770,0,1,1,0,1,0,116,2,12,1
1998559,1,0,1,0,0,0,116,2,12,1
1998787,0,0,1,1,0,0,116,2,12,1
2000294,1,1,0,0,0,0,116,2,12,1
2001094,0,1,1,1,1,1,116,2,12,1
2004824,1,0,0,1,1,0,116,2,12,1
2004945,1,1,1,1,1,0,116,2,12,1
2005754,1,0,1,0,0,0,116,2,12,1
2006993,0,1,1,0,1,0,116,2,12,1
2007178,0,0,0,0,1,0,116,2,12,1
2007182,1,1,0,0,0,0,116,2,12,1
2007319,0,0,1,1,0,0,116,2,12,1
2007966,1,0,0,1,1,0,116,2,12,1
2008665,0,0,0,0,1,0,116,2,12,1
2008804,0,1,1,0,1,0,116,2,12,1
2009322,1,0,1,0,0,0,116,2,12,1
2009921,0,0,1,1,0,0,116,2,12,1
2010473,1,0,0,1,1,0,116,2,12,1
2011041,0,0,0,0,1,0,116,2,12,1
2011511,0,1,1,0,1,0,116,2,12,1
2013401,0,1,0,1,0,0,116,2,12,1
2014778,0,1,0,1,0,0,116,2,12,1
2015287,0,1,0,1,0,0,116,2,12,1
2015427,0,1,0,1,0,0,116,2,12,1
2016464,1,0,0,1,1,0,116,2,12,1
2018103,0,0,1,1,0,0,116,2,12,1
2018138,0,0,0,0,1,0,116,2,12,1
2019085,1,1,1,1,1,0,116,2,12,1
2020008,1,1,0,0,0,0,116,2,12,1
2020900,1,1,1,1,1,0,116,2,12,1
2022816,1,1,0,0,0,0,116,2,12,1
2022908,1,0,1,0,0,0,116,2,12,1
2024019,1,0,0,1,1,0,116,2,12,1
2025869,1,1,1,1,1,0,116,2,12,1
2026695,1,0,0,1,1,0,116,2,12,1
2028700,0,1,0,1,0,0,116,2,12,1
2030463,1,1,1,1,1,0,116,2,12,1
2030738,1,0,0,1,1,0,116,2,12,1
2031655,1,0,1,0,0,0,128,2,12,1
2031711,0,0,1,1,0,0,128,2,12,1
2032109,0,0,0,0,1,0,128,2,12,1
2032283,1,1,0,0,0,0,128,2,12,1
2032868,0,0,0,0,1,0,128,2,12,1
2032988,0,0,0,0,1,0,128,2,12,1
2033880,1,1,1,1,1,0,128,2,12,1
2034805,1,0,1,0,0,0,128,2,12,1
2035059,1,0,1,0,0,0,128,2,12,1
2035715,1,1,0,0,0,0,128,2,12,1
2036231,0,1,1,0,1,0,128,2,12,1
2038449,0,1,1,0,1,0,128,2,12,1
2040337,1,1,0,0,0,0,128,2,12,1
2040506,1,0,1,1,0,0,128,2,12,1
2042470,1,1,1,1,1,0,128,2,12,1
2044228,0,1,0,1,0,0,128,2,12,1
2044694,1,1,0,0,0,0,128,2,12,1
2044698,1,1,0,0,0,0,128,2,12,1
2045955,1,1,1,1,1,0,128,2,12,1
2046771,1,1,1,1,1,0,128,2,12,1
2047116,0,0,1,0,0,0,128,2,12,1
2047921,1,1,1,1,1,0,128,2,12,1
2048006,1,1,0,0,0,0,128,2,12,1
2048315,0,1,0,1,0,0,128,2,12,1
2053405,1,1,0,0,0,0,128,2,12,1
2058269,1,0,0,1,1,0,128,2,12,1
2061005,0,0,0,0,1,0,128,2,12,1
2062231,1,1,0,0,0,0,128,2,12,1
2062478,1,0,0,1,1,0,128,2,12,1
2064058,1,0,1,0,0,0,128,2,12,1
2066188,1,1,1,0,1,1,128,2,12,1
2066276,0,1,0,1,0,0,128,2,12,1
2066506,0,0,0,0,1,0,128,2,12,1
2067153,0,0,1,1,0,0,128,2,12,1
2067675,1,0,0,1,1,0,128,2,12,1
2069113,1,0,1,0,0,0,128,2,12,1
2070523,1,1,0,0,0,0,128,2,12,1
2072292,1,0,0,1,1,0,128,2,12,1
2072667,0,0,0,0,1,0,128,2,12,1
2075719,0,0,0,0,1,0,128,2,12,1
2078164,1,1,0,0,0,0,128,2,12,1
2080556,1,0,0,1,1,0,128,2,12,1
2081479,1,1,0,0,0,0,128,2,12,1
2081504,1,1,0,0,0,0,128,2,12,1
2081636,0,0,1,1,0,0,128,2,12,1
2084300,0,1,0,1,0,0,128,2,12,1
2086444,1,1,0,0,0,0,128,2,12,1
2086941,1,0,0,1,1,0,128,2,12,1
2087073,0,0,1,1,0,0,128,2,12,1
2088539,0,1,0,1,0,0,128,2,12,1
2088718,1,1,1,1,1,0,128,2,12,1
2088898,0,0,1,1,0,0,128,2,12,1
2089119,0,1,0,1,0,0,128,2,12,1
2091749,1,1,0,0,0,0,128,2,12,1
2092226,0,0,1,0,0,0,128,2,12,1
2092277,0,0,1,1,0,0,128,2,12,1
2092501,0,0,0,0,1,0,128,2,12,1
2092611,0,1,1,0,1,0,128,2,12,1
2093383,0,0,0,0,1,0,128,2,12,1
2093432,0,0,0,0,1,0,128,2,12,1
2097123,1,0,0,1,1,0,128,2,12,1
2097245,1,1,0,0,0,0,97,2,12,1
2097299,1,0,1,0,0,0,97,2,12,1
2097421,0,1,0,1,0,0,97,2,12,1
2097815,1,0,1,0,0,0,97,2,12,1
2099916,0,0,0,0,1,0,97,2,12,1
2102167,0,1,0,1,0,0,97,2,12,1
2103375,0,1,0,1,0,0,97,2,12,1
2103910,0,1,1,0,1,0,97,2,12,1
2104726,0,1,0,1,0,0,97,2,12,1
2106181,1,1,0,0,0,0,97,2,12,1
2107362,1,1,1,1,1,0,97,2,12,1
2107567,0,0,1,1,0,0,97,2,12,1
2108624,0,0,0,0,1,0,97,2,12,1
2109537,0,1,1,0,1,0,97,2,12,1
2109756,0,1,0,1,0,0,97,2,12,1
2110214,1,1,1,1,1,0,97,2,12,1
2110419,1,1,1,1,1,0,97,2,12,1
2113965,0,1,0,1,0,0,97,2,12,1
2115660,0,1,0,1,0,0,97,2,12,1
2120533,1,1,1,1,1,0,97,2,12,1
2121703,1,0,1,0,0,0,97,2,12,1
2123304,1,0,0,1,1,0,97,2,12,1
2123674,0,1,0,1,0,0,97,2,12,1
2128444,0,1,1,0,1,0,97,2,12,1
2129491,1,1,0,0,0,0,97,2,12,1
2132170,0,0,1,1,0,0,97,2,12,1
2132309,1,1,1,1,1,0,97,2,12,1
2132318,1,0,0,1,1,0,97,2,12,1
2132576,1,0,0,1,1,0,97,2,12,1
2136778,0,0,0,0,1,0,97,2,12,1
2138628,1,0,0,1,1,0,97,2,12,1
2142409,0,0,1,1,0,0,97,2,12,1
2143075,1,0,0,1,1,0,97,2,12,1
2146911,0,1,1,0,1,0,97,2,12,1
2147115,1,1,1,1,1,0,97,2,12,1
2147546,0,0,1,1,0,0,97,2,12,1
2148122,0,0,0,0,1,0,97,2,12,1
2149342,1,1,0,0,0,0,97,2,12,1
2150562,0,1,1,0,1,0,97,2,12,1
2152889,1,0,1,0,0,0,97,2,12,1
2154636,1,1,1,1,1,0,97,2,12,1
2155174,0,0,1,1,0,0,97,2,12,1
2156453,0,1,1,0,1,0,97,2,12,1
2157377,0,0,0,0,1,0,97,2,12,1
2158292,0,1,1,0,1,0,97,2,12,1
2158546,1,0,0,1,1,0,97,2,12,1
2158963,0,1,1,0,1,0,97,2,12,1
2159411,1,1,0,0,0,0,97,2,12,1
2163293,1,1,1,0,1,1,145,2,12,0
2163429,1,0,0,1,1,0,145,2,12,0
2163867,0,1,0,1,0,0,145,2,12,0
2164307,1,1,1,1,1,0,145,2,12,0
2168246,1,0,0,1,1,0,145,2,12,0
2168429,1,0,1,0,0,0,145,2,12,0
2168507,0,1,0,1,0,0,145,2,12,0
2168973,1,0,0,1,1,0,145,2,12,0
2169355,1,0,0,1,1,0,145,2,12,0
2169855,1,1,0,0,0,0,145,2,12,0
2170089,1,1,1,1,1,0,145,2,12,0
2170752,0,1,0,1,0,0,145,2,12,0
2171437,0,0,0,0,1,0,145,2,12,0
2173066,0,1,1,0,1,0,145,2,12,0
2173456,1,0,1,0,0,0,145,2,12,0
2173834,1,1,1,1,1,0,145,2,12,0
2174454,1,0,1,0,0,0,145,2,12,0
2174968,0,1,0,1,0,0,145,2,12,0
2175883,1,1,0,0,0,0,145,2,12,0
2175992,0,0,0,0,1,0,145,2,12,0
2176010,1,1,0,0,0,0,145,2,12,0
2176582,1,0,1,0,0,0,145,2,12,0
2177619,0,1,1,0,1,0,145,2,12,0
2177738,1,0,0,1,1,0,145,2,12,0
2177743,0,0,0,0,1,0,145,2,12,0
2177872,1,1,1,1,1,0,145,2,12,0
2178023,0,1,1,0,1,0,145,2,12,0
2178073,0,0,1,1,0,0,145,2,12,0
2178166,1,1,0,0,0,0,145,2,12,0
2178447,0,1,0,1,0,0,145,2,12,0
2178629,0,0,0,0,1,0,145,2,12,0
2179053,0,0,1,1,0,0,145,2,12,0
2179237,1,1,1,1,1,0,145,2,12,0
2179430,0,0,0,0,1,0,145,2,12,0
2180204,1,0,0,1,1,0,145,2,12,0
2180420,0,0,1,1,0,0,145,2,12,0
2180634,0,0,1,1,0,0,145,2,12,0
2180673,0,0,0,0,1,0,145,2,12,0
2181090,1,0,0,1,1,0,145,2,12,0
2181110,1,1,1,1,1,0,145,2,12,0
2181177,0,0,1,1,0,0,145,2,12,0
2181241,1,1,1,1,1,0,145,2,12,0
2182952,1,1,0,0,0,0,145,2,12,0
2183265,0,1,1,0,1,0,145,2,12,0
2184009,1,1,0,0,0,0,145,2,12,0
2184202,0,1,1,0,1,0,145,2,12,0
2184770,0,1,1,0,1,0,145,2,12,0
2185387,1,0,0,0,1,1,145,2,12,0
2187197,0,1,0,1,0,0,145,2,12,0
2190091,1,1,1,1,1,0,145,2,12,0
2190528,1,0,0,1,1,0,145,2,12,0
2190663,1,1,0,0,0,0,145,2,12,0
2190986,1,0,1,0,0,0,145,2,12,0
2192101,1,0,0,1,1,0,145,2,12,0
2192934,0,0,1,1,0,0,145,2,12,0
2193332,1,0,0,1,1,0,145,2,12,0
2194693,1,0,0,1,1,0,145,2,12,0
2195741,1,0,0,1,1,0,145,2,12,0
2195786,1,0,0,1,1,0,145,2,12,0
2196059,1,0,1,0,0,0,145,2,12,0
2196122,0,1,0,1,0,0,145,2,12,0
2196492,1,0,1,0,0,0,145,2,12,0
2198978,1,1,0,0,0,0,145,2,12,0
2199154,1,1,0,0,0,0,145,2,12,0
2199380,0,0,0,0,1,0,145,2,12,0
2200048,1,0,1,0,0,0,145,2,12,0
2200049,1,1,1,1,1,0,145,2,12,0
2200865,1,1,1,1,1,0,145,2,12,0
2202213,1,1,1,1,1,0,145,2,12,0
2202245,0,1,0,1,0,0,145,2,12,0
2203245,1,0,1,0,0,0,145,2,12,0
2203458,1,0,1,0,0,0,145,2,12,0
2203901,1,1,0,0,0,0,145,2,12,0
2204017,0,0,0,0,1,0,145,2,12,0
2205585,1,0,0,1,1,0,145,2,12,0
2205920,1,1,0,1,0,0,145,2,12,0
2205942,1,0,0,1,1,0,145,2,12,0
2206018,0,0,1,1,0,0,145,2,12,0
2206568,1,1,0,0,0,0,145,2,12,0
2206740,1,1,1,1,1,0,145,2,12,0
2207976,1,0,0,1,1,0,145,2,12,0
2208806,1,0,0,1,1,0,145,2,12,0
2208934,1,1,1,1,1,0,145,2,12,0
2209063,1,0,1,0,0,0,145,2,12,0
2209152,1,1,0,0,0,0,145,2,12,0
2209439,1,0,1,0,0,0,145,2,12,0
2210456,1,0,1,0,0,0,145,2,12,0
2211552,1,0,0,1,1,0,145,2,12,0
2212977,1,0,1,0,0,0,145,2,12,0
2213275,1,0,1,0,0,0,145,2,12,0
2213380,1,0,1,1,0,0,145,2,12,0
2213735,1,0,0,1,1,0,145,2,12,0
2214562,0,1,1,0,1,0,145,2,12,0
2214840,1,1,1,1,1,0,145,2,12,0
2215346,1,0,0,1,1,0,145,2,12,0
2216239,1,1,0,0,0,0,145,2,12,0
2216514,1,1,0,0,0,0,145,2,12,0
2217197,0,1,1,0,1,0,145,2,12,0
2218279,0,1,0,1,0,0,145,2,12,0
2218734,1,0,0,1,1,0,145,2,12,0
2218876,0,0,1,1,0,0,145,2,12,0
2219111,1,1,1,1,1,0,145,2,12,0
2219386,0,0,1,1,0,0,145,2,12,0
2219498,1,1,0,0,0,0,145,2,12,0
2219765,0,0,0,0,1,0,145,2,12,0
2220328,0,1,0,1,0,0,145,2,12,0
2221042,0,1,0,1,0,0,145,2,12,0
2221451,0,0,1,1,0,0,145,2,12,0
2222398,1,0,1,1,0,0,145,2,12,0
2223154,1,0,0,1,1,0,145,2,12,0
2223273,0,0,1,1,0,0,145,2,12,0
2224057,0,1,0,1,0,0,145,2,12,0
2224548,1,1,0,0,0,0,145,2,12,0
2224644,1,0,0,1,1,0,145,2,12,0
2225057,0,1,0,1,0,0,145,2,12,0
2225278,0,0,0,0,1,0,145,2,12,0
2226910,0,1,0,1,0,0,145,2,12,0
2227332,0,1,0,0,0,0,145,2,12,0
2227482,0,0,1,1,0,0,145,2,12,0
2228730,1,0,1,0,0,0,117,2,12,0
2228828,0,1,0,1,0,0,117,2,12,0
2229122,1,1,1,1,1,0,117,2,12,0
2229181,1,1,1,1,1,0,117,2,12,0
2229232,0,1,0,1,0,0,117,2,12,0
2229335,1,1,0,0,0,0,117,2,12,0
2229923,1,1,0,0,0,0,117,2,12,0
2230403,1,0,1,0,0,0,117,2,12,0
2230673,0,1,0,1,0,0,117,2,12,0
2230746,1,1,0,0,0,0,117,2,12,0
2231382,1,1,1,1,1,0,117,2,12,0
2231538,1,1,0,0,0,0,117,2,12,0
2232951,0,0,0,0,1,0,117,2,12,0
2233471,0,1,0,1,0,0,117,2,12,0
2233725,1,1,1,1,1,0,117,2,12,0
2234226,0,0,0,0,1,0,117,2,12,0
2234280,1,0,0,1,1,0,117,2,12,0
2234347,0,1,0,1,0,0,117,2,12,0
2234419,0,0,0,0,1,0,117,2,12,0
2234617,1,1,1,0,1,1,117,2,12,0
2234869,0,0,0,0,1,0,117,2,12,0
2235073,0,0,0,0,1,0,117,2,12,0
2235681,1,0,1,0,0,0,117,2,12,0
2237564,1,1,0,0,0,0,117,2,12,0
2237648,0,0,0,0,1,0,117,2,12,0
2238431,0,1,0,1,0,0,117,2,12,0
2238586,0,0,1,1,0,0,117,2,12,0
2239395,0,0,1,1,0,0,117,2,12,0
2239994,1,1,1,1,1,0,117,2,12,0
2240205,1,1,1,1,1,0,117,2,12,0
2240530,0,0,0,0,1,0,117,2,12,0
2241931,1,0,1,0,0,0,117,2,12,0
2242430,0,0,1,1,0,0,117,2,12,0
2242493,0,0,1,1,0,0,117,2,12,0
2242800,1,0,0,1,1,0,117,2,12,0
2243173,1,0,1,0,0,0,117,2,12,0
2244297,0,1,1,0,1,0,117,2,12,0
2244513,1,0,1,0,0,0,117,2,12,0
2247036,0,0,0,0,1,0,117,2,12,0
2247331,0,0,1,1,0,0,117,2,12,0
2247582,0,0,0,0,1,0,117,2,12,0
2247938,0,0,0,0,1,0,117,2,12,0
2249402,0,1,0,1,0,0,117,2,12,0
2250718,0,1,0,1,0,0,117,2,12,0
2250793,1,0,1,0,0,0,117,2,12,0
2250850,1,1,0,0,0,0,117,2,12,0
2251920,1,1,0,0,0,0,117,2,12,0
2254334,1,0,1,0,0,0,117,2,12,0
2255192,0,0,1,1,0,0,117,2,12,0
2256974,1,1,0,0,0,0,117,2,12,0
2258331,0,0,0,0,1,0,117,2,12,0
2259429,1,0,1,0,0,0,117,2,12,0
2259655,0,1,1,0,1,0,117,2,12,0
2259712,0,0,0,0,1,0,117,2,12,0
2262128,0,1,0,1,0,0,117,2,12,0
2263259,0,0,0,0,1,0,117,2,12,0
2264713,1,0,1,0,0,0,117,2,12,0
2265414,0,0,0,0,1,0,117,2,12,0
2266241,1,0,0,1,1,0,117,2,12,0
2266827,0,1,1,0,1,0,117,2,12,0
2267016,0,1,0,1,0,0,117,2,12,0
2267080,1,1,1,1,1,0,117,2,12,0
2267181,1,0,1,0,0,0,117,2,12,0
2267283,0,1,1,0,1,0,117,2,12,0
2269260,1,1,1,1,1,0,117,2,12,0
2269664,0,1,0,1,0,0,117,2,12,0
2269784,1,1,1,1,1,0,117,2,12,0
2270924,1,0,1,0,0,0,117,2,12,0
2270925,1,1,0,0,0,0,117,2,12,0
2271062,0,1,1,0,1,0,117,2,12,0
2271374,1,0,0,1,1,0,117,2,12,0
2272017,1,0,0,1,1,0,117,2,12,0
2272695,1,0,0,1,1,0,117,2,12,0
2272731,1,1,1,1,1,0,117,2,12,0
2272851,1,0,0,1,1,0,117,2,12,0
2272906,1,0,1,0,0,0,117,2,12,0
2272949,1,0,1,0,0,0,117,2,12,0
2273071,1,1,0,0,0,0,117,2,12,0
2273598,1,0,1,0,0,0,117,2,12,0
2274159,0,1,1,0,1,0,117,2,12,0
2274474,0,1,0,1,0,0,117,2,12,0
2274511,1,1,0,0,0,0,117,2,12,0
2274789,0,1,1,0,1,0,117,2,12,0
2275321,0,0,1,1,0,0,117,2,12,0
2278008,1,1,0,0,0,0,117,2,12,0
2278664,1,1,1,1,1,0,117,2,12,0
2279974,1,1,0,0,0,0,117,2,12,0
2280446,0,1,0,1,0,0,117,2,12,0
2280544,0,0,1,1,0,0,117,2,12,0
2280967,1,1,0,0,0,0,117,2,12,0
2281861,0,1,0,1,0,0,117,2,12,0
2282140,0,1,1,0,1,0,117,2,12,0
2282380,0,1,0,1,0,0,117,2,12,0
2282538,0,1,1,0,1,0,117,2,12,0
2282827,0,0,0,0,1,0,117,2,12,0
2283464,0,0,1,1,0,0,117,2,12,0
2283470,0,1,0,1,0,0,117,2,12,0
2283885,0,1,1,0,1,0,117,2,12,0
2284209,0,1,1,0,1,0,117,2,12,0
2284595,0,0,0,0,1,0,117,2,12,0
2285730,1,0,0,1,1,0,117,2,12,0
2285737,0,1,1,0,1,0,117,2,12,0
2286091,0,1,1,0,1,0,117,2,12,0
2286205,0,0,1,1,0,0,117,2,12,0
2286627,0,1,1,0,1,0,117,2,12,0
2286764,1,1,0,0,0,0,117,2,12,0
2286783,1,1,1,1,1,0,117,2,12,0
2287635,0,0,1,1,0,0,117,2,12,0
2288187,0,0,0,0,1,0,117,2,12,0
2288392,1,1,1,1,1,0,117,2,12,0
2289877,1,0,1,0,0,0,117,2,12,0
2291756,0,0,0,0,1,0,117,2,12,0
2291843,0,0,0,0,1,0,117,2,12,0
2292504,0,0,0,0,1,0,117,2,12,0
2292834,1,1,0,0,0,0,117,2,12,0
2293163,0,0,1,1,0,0,117,2,12,0
2293257,0,1,1,0,1,0,117,2,12,0
2293678,1,0,0,1,1,0,117,2,12,0
2294181,0,0,0,0,1,0,136,1,12,0
2294432,1,1,0,0,0,0,136,1,12,0
2295574,1,0,0,1,1,0,136,1,12,0
2296537,0,0,0,0,1,0,136,1,12,0
2296544,1,1,0,0,0,0,136,1,12,0
2297373,1,1,0,0,0,0,136,1,12,0
2298678,0,0,1,1,0,0,136,1,12,0
2299994,1,1,1,1,1,0,136,1,12,0
2300109,1,1,1,1,1,0,136,1,12,0
2300586,1,1,0,0,0,0,136,1,12,0
2301411,0,0,0,0,1,0,136,1,12,0
2301774,1,0,1,0,0,0,136,1,12,0
2301859,0,0,0,0,1,0,136,1,12,0
2302366,0,1,1,0,1,0,136,1,12,0
2302901,0,0,1,1,0,0,136,1,12,0
2302944,0,0,0,0,1,0,136,1,12,0
2303800,1,0,1,0,0,0,136,1,12,0
2304101,1,0,0,1,1,0,136,1,12,0
2304336,1,1,1,1,1,0,136,1,12,0
2306678,0,1,0,1,0,0,136,1,12,0
2306835,0,0,1,1,0,0,136,1,12,0
2307115,1,1,0,0,0,0,136,1,12,0
2308817,0,0,1,1,0,0,136,1,12,0
2309132,1,0,0,1,1,0,136,1,12,0
2309186,0,1,1,0,1,0,136,1,12,0
2309491,0,0,1,1,0,0,136,1,12,0
2309575,0,0,0,0,1,0,136,1,12,0
2310116,1,0,1,0,0,0,136,1,12,0
2310302,1,1,0,0,0,0,136,1,12,0
2312070,0,0,0,0,1,0,136,1,12,0
2312365,1,0,0,1,1,0,136,1,12,0
2312514,1,0,1,0,0,0,136,1,12,0
2312643,0,1,0,1,0,0,136,1,12,0
2312812,1,1,1,1,1,0,136,1,12,0
2313270,1,0,1,0,0,0,136,1,12,0
2313431,0,0,0,0,1,0,136,1,12,0
2314879,0,0,0,0,1,0,136,1,12,0
2316825,0,1,0,1,0,0,136,1,12,0
2317061,1,1,0,0,0,0,136,1,12,0
2317099,1,0,1,0,0,0,136,1,12,0
2317197,1,1,0,0,0,0,136,1,12,0
2317609,1,1,1,1,1,0,136,1,12,0
2317819,0,1,0,1,0,0,136,1,12,0
2318135,1,0,1,0,0,0,136,1,12,0
2318336,0,1,1,0,1,0,136,1,12,0
2318738,0,0,0,0,1,0,136,1,12,0
2319021,1,1,1,1,1,0,136,1,12,0
2319077,0,1,0,1,0,0,136,1,12,0
2320367,0,1,1,0,1,0,136,1,12,0
2320672,0,0,1,1,0,0,136,1,12,0
2321177,0,0,0,0,1,0,136,1,12,0
2321836,1,1,0,0,0,0,136,1,12,0
2321926,0,0,0,0,1,0,136,1,12,0
2322189,1,1,1,1,1,0,136,1,12,0
2322755,1,1,1,1,1,0,136,1,12,0
2322879,0,1,1,0,1,0,136,1,12,0
2322970,1,0,1,0,0,0,136,1,12,0
2323204,0,0,0,0,1,0,136,1,12,0
2323850,1,1,1,0,1,1,136,1,12,0
2324205,1,1,1,1,1,0,136,1,12,0
2325178,1,0,1,0,0,0,136,1,12,0
2325392,1,1,0,0,0,0,136,1,12,0
2326543,0,1,0,1,0,0,136,1,12,0
2327897,1,0,0,1,1,0,136,1,12,0
2328385,0,1,1,0,1,0,136,1,12,0
2329387,0,0,0,0,1,0,136,1,12,0
2329501,0,0,0,0,1,0,136,1,12,0
2330342,0,1,1,0,1,0,136,1,12,0
2331131,1,0,1,0,0,0,136,1,12,0
2331814,1,0,1,0,0,0,136,1,12,0
2332039,1,1,1,1,1,0,136,1,12,0
2332052,0,1,1,0,1,0,136,1,12,0
2332334,1,0,0,1,1,0,136,1,12,0
2332636,1,0,0,1,1,0,136,1,12,0
2332657,0,0,1,1,0,0,136,1,12,0
2332827,0,1,0,1,0,0,136,1,12,0
2335392,0,0,1,0,0,0,136,1,12,0
2335422,1,1,1,1,1,0,136,1,12,0
2336172,0,0,0,0,1,0,136,1,12,0
2337044,0,0,1,1,0,0,136,1,12,0
2337523,1,1,1,1,1,0,136,1,12,0
2337671,0,1,0,1,0,0,136,1,12,0
2338103,0,1,1,0,1,0,136,1,12,0
2338189,0,0,1,1,0,0,136,1,12,0
2338385,1,0,1,0,0,0,136,1,12,0
2338538,1,1,1,1,1,0,136,1,12,0
2338677,0,0,1,1,0,0,136,1,12,0
2339428,0,1,1,0,1,0,136,1,12,0
2339736,0,0,0,0,1,0,136,1,12,0
2340285,0,1,0,1,0,0,136,1,12,0
2340569,1,0,0,1,1,0,136,1,12,0
2340842,0,0,0,0,1,0,136,1,12,0
2341436,0,1,1,0,1,0,136,1,12,0
2341681,0,1,0,1,0,0,136,1,12,0
2342372,0,1,0,1,0,0,136,1,12,0
2342771,1,0,0,1,1,0,136,1,12,0
2343917,1,0,1,0,0,0,136,1,12,0
2344263,0,0,1,1,0,0,136,1,12,0
2345130,1,1,1,1,1,0,136,1,12,0
2345796,0,0,0,0,1,0,136,1,12,0
2345906,1,0,1,0,0,0,136,1,12,0
2345990,1,0,1,0,0,0,136,1,12,0
2346915,0,0,0,0,1,0,136,1,12,0
2347534,1,0,0,1,1,0,136,1,12,0
2347731,1,0,1,1,0,0,136,1,12,0
2349043,0,0,0,0,1,0,136,1,12,0
2349229,1,0,0,1,1,0,136,1,12,0
2349305,0,1,1,0,1,0,136,1,12,0
2349742,1,0,0,1,1,0,136,1,12,0
2349801,1,0,0,1,1,0,136,1,12,0
2350843,0,1,1,0,1,0,136,1,12,0
2351376,0,0,0,0,1,0,136,1,12,0
2351882,1,0,0,1,1,0,136,1,12,0
2352335,1,1,0,0,0,0,136,1,12,0
2352866,0,1,1,1,1,1,136,1,12,0
2353073,0,1,0,1,0,0,136,1,12,0
2354139,1,0,0,1,1,0,136,1,12,0
2354141,1,1,0,0,0,0,136,1,12,0
2355598,0,0,1,1,0,0,136,1,12,0
2355775,1,0,0,1,1,0,136,1,12,0
2356955,1,1,1,1,1,0,136,1,12,0
2357128,1,0,0,1,1,0,136,1,12,0
2358324,1,0,1,0,0,0,136,1,12,0
2358536,0,0,0,0,1,0,136,1,12,0
2358944,0,1,0,1,0,0,136,1,12,0
2359631,1,0,0,1,1,0,133,1,9,0
2359734,0,1,0,1,0,0,133,1,9,0
2359813,1,1,1,1,1,0,133,1,9,0
2360097,0,1,0,1,0,0,133,1,9,0
2360694,0,0,1,1,0,0,133,1,9,0
2361293,0,0,1,1,0,0,133,1,9,0
2363560,0,1,1,0,1,0,133,1,9,0
2364175,1,1,1,1,1,0,133,1,9,0
2368998,1,0,0,1,1,0,133,1,9,0
2369598,1,0,0,1,1,0,133,1,9,0
2369795,0,0,0,0,1,0,133,1,9,0
2371033,1,1,1,1,1,0,133,1,9,0
2371305,1,1,1,1,1,0,133,1,9,0
2371427,0,0,1,1,0,0,133,1,9,0
2371525,0,0,1,1,0,0,133,1,9,0
2372240,0,1,0,1,0,0,133,1,9,0
2372280,1,0,0,1,1,0,133,1,9,0
2374414,0,1,0,1,0,0,133,1,9,0
2377147,0,0,0,0,1,0,133,1,9,0
2377752,1,1,1,1,1,0,133,1,9,0
2378320,1,0,1,0,0,0,133,1,9,0
2378503,0,0,0,0,1,0,133,1,9,0
2378616,0,1,1,0,1,0,133,1,9,0
2382680,0,1,0,1,0,0,133,1,9,0
2383767,1,1,1,1,1,0,133,1,9,0
2384254,0,0,1,1,0,0,133,1,9,0
2386719,0,0,0,0,1,0,133,1,9,0
2387282,0,1,0,1,0,0,133,1,9,0
2388475,1,0,0,1,1,0,133,1,9,0
2388610,1,1,1,1,1,0,133,1,9,0
2388616,1,1,1,1,1,0,133,1,9,0
2389653,0,1,1,0,1,0,133,1,9,0
2390126,1,1,1,1,1,0,133,1,9,0
2390151,1,1,0,1,0,0,133,1,9,0
2391307,1,1,1,1,1,0,133,1,9,0
2392933,1,0,0,1,1,0,133,1,9,0
2395871,1,1,0,0,0,0,133,1,9,0
2396389,0,1,1,1,1,1,133,1,9,0
2397508,1,0,1,0,0,0,133,1,9,0
2398757,0,1,0,1,0,0,133,1,9,0
2398775,1,1,0,0,0,0,133,1,9,0
2399416,1,0,0,1,1,0,133,1,9,0
2400430,1,1,1,1,1,0,133,1,9,0
2401833,1,0,0,1,1,0,133,1,9,0
2403503,1,1,0,0,0,0,133,1,9,0
2406019,1,1,0,0,0,0,133,1,9,0
2406050,1,1,0,0,0,0,133,1,9,0
2407003,1,0,0,0,1,1,133,1,9,0
2407399,0,0,1,1,0,0,133,1,9,0
2408664,1,1,1,1,1,0,133,1,9,0
2410090,0,0,1,1,0,0,133,1,9,0
2411637,0,0,1,1,0,0,133,1,9,0
2411796,1,1,1,1,1,0,133,1,9,0
2411908,0,0,0,0,1,0,133,1,9,0
2412420,1,0,0,1,1,0,133,1,9,0
2412787,1,1,0,0,0,0,133,1,9,0
2415317,0,0,1,1,0,0,133,1,9,0
2415465,0,0,1,1,0,0,133,1,9,0
2415719,0,0,1,1,0,0,133,1,9,0
2418229,1,0,0,1,1,0,133,1,9,0
2418733,0,0,1,1,0,0,133,1,9,0
2420772,1,0,0,1,1,0,133,1,9,0
2420835,1,1,1,1,1,0,133,1,9,0
2420909,0,0,1,1,0,0,133,1,9,0
2422633,0,1,0,1,0,0,133,1,9,0
2422685,1,1,1,1,1,0,133,1,9,0
2423140,1,1,0,0,0,0,133,1,9,0
2423323,1,0,1,0,0,0,133,1,9,0
2423493,1,0,0,1,1,0,133,1,9,0
2425104,0,1,0,1,0,0,171,1,9,0
2425530,1,0,1,0,0,0,171,1,9,0
2426344,0,1,0,1,0,0,171,1,9,0
2426876,1,0,1,0,0,0,171,1,9,0
2427225,0,1,1,0,1,0,171,1,9,0
2428731,0,0,0,0,1,0,171,1,9,0
2429273,1,0,1,0,0,0,171,1,9,0
2429569,0,0,0,0,1,0,171,1,9,0
2430815,0,0,0,0,1,0,171,1,9,0
2430932,1,1,0,0,0,0,171,1,9,0
2431659,0,1,1,0,1,0,171,1,9,0
2433437,0,1,1,0,1,0,171,1,9,0
2433858,0,1,1,0,1,0,171,1,9,0
2434650,1,0,1,0,0,0,171,1,9,0
2435141,0,0,0,0,1,0,171,1,9,0
2436204,0,1,1,0,1,0,171,1,9,0
2437021,1,0,1,0,0,0,171,1,9,0
2438027,1,1,0,0,0,0,171,1,9,0
2438508,0,0,0,0,1,0,171,1,9,0
2438918,0,0,1,1,0,0,171,1,9,0
2439063,0,1,1,0,1,0,171,1,9,0
2439507,1,0,1,0,0,0,171,1,9,0
2440695,1,0,0,1,1,0,171,1,9,0
2441242,0,0,0,0,1,0,171,1,9,0
2441463,0,1,1,0,1,0,171,1,9,0
2441501,0,0,0,0,1,0,171,1,9,0
2441831,0,0,1,1,0,0,171,1,9,0
2441956,1,1,0,0,0,0,171,1,9,0
2442157,1,1,1,1,1,0,171,1,9,0
2443607,1,1,1,1,1,0,171,1,9,0
2444040,1,1,0,0,0,0,171,1,9,0
2444334,1,0,0,1,1,0,171,1,9,0
2444878,0,0,0,0,1,0,171,1,9,0
2445457,0,0,0,0,1,0,171,1,9,0
2445686,1,1,0,0,0,0,171,1,9,0
2445790,1,0,0,1,1,0,171,1,9,0
2446420,0,0,1,1,0,0,171,1,9,0
2447272,1,0,1,0,0,0,171,1,9,0
2447782,1,0,1,0,0,0,171,1,9,0
2447835,0,0,0,0,1,0,171,1,9,0
2448354,1,1,1,1,1,0,171,1,9,0
2448437,1,1,1,1,1,0,171,1,9,0
2448502,1,1,0,0,0,0,171,1,9,0
2448976,1,0,1,0,0,0,171,1,9,0
2449104,0,1,0,1,0,0,171,1,9,0
2450575,0,0,0,0,1,0,171,1,9,0
2452231,0,1,0,1,0,0,171,1,9,0
2452842,0,0,1,1,0,0,171,1,9,0
2452979,1,0,1,0,0,0,171,1,9,0
2453776,1,0,1,0,0,0,171,1,9,0
2453875,0,1,0,1,0,0,171,1,9,0
2453908,0,1,1,0,1,0,171,1,9,0
2454413,1,1,0,0,0,0,171,1,9,0
2454900,0,0,0,0,1,0,171,1,9,0
2455704,0,1,1,0,1,0,171,1,9,0
2456464,1,0,1,0,0,0,171,1,9,0
2456689,0,1,0,1,0,0,171,1,9,0
2458541,0,0,1,1,0,0,171,1,9,0
2459398,1,1,0,0,0,0,171,1,9,0
2460171,0,0,1,1,0,0,171,1,9,0
2460641,1,0,1,0,0,0,171,1,9,0
2460738,0,0,0,0,1,0,171,1,9,0
2460740,1,1,0,1,0,0,171,1,9,0
2461074,0,0,1,1,0,0,171,1,9,0
2461168,0,0,1,1,0,0,171,1,9,0
2461624,0,1,0,1,0,0,171,1,9,0
2462535,0,1,0,0,0,0,171,1,9,0
2462898,0,0,0,0,1,0,171,1,9,0
2463728,0,0,1,1,0,0,171,1,9,0
2464735,0,1,1,0,1,0,171,1,9,0
2465093,0,0,1,1,0,0,171,1,9,0
2465235,0,1,0,1,0,0,171,1,9,0
2465347,1,0,0,1,1,0,171,1,9,0
2466096,1,1,0,0,0,0,171,1,9,0
2466374,0,0,1,1,0,0,171,1,9,0
2466859,1,1,0,0,0,0,171,1,9,0
2467539,0,0,0,0,1,0,171,1,9,0
2467718,1,1,0,0,0,0,171,1,9,0
2468868,1,0,0,1,1,0,171,1,9,0
2469299,1,1,1,1,1,0,171,1,9,0
2469324,1,0,0,1,1,0,171,1,9,0
2470256,1,0,0,1,1,0,171,1,9,0
2470717,1,1,1,1,1,0,171,1,9,0
2472801,0,1,0,1,0,0,171,1,9,0
2473162,0,0,1,1,0,0,171,1,9,0
2473805,1,1,1,1,1,0,171,1,9,0
2474544,1,1,0,0,0,0,171,1,9,0
2475074,1,1,1,1,1,0,171,1,9,0
2477139,1,1,1,1,1,0,171,1,9,0
2477548,1,0,0,1,1,0,171,1,9,0
2477938,0,1,0,1,0,0,171,1,9,0
2478829,0,1,1,0,1,0,171,1,9,0
2478888,1,1,1,1,1,0,171,1,9,0
2479116,1,1,1,1,1,0,171,1,9,0
2479872,0,0,1,1,0,0,171,1,9,0
2479890,1,1,0,0,0,0,171,1,9,0
2479915,0,0,0,0,1,0,171,1,9,0
2480533,1,0,1,0,0,0,171,1,9,0
2482593,1,1,1,1,1,0,171,1,9,0
2482961,0,0,1,1,0,0,171,1,9,0
2483108,1,0,1,0,0,0,171,1,9,0
2484095,0,1,1,0,1,0,171,1,9,0
2484449,1,1,0,0,0,0,171,1,9,0
2484875,1,1,1,1,1,0,171,1,9,0
2485144,0,1,1,0,1,0,171,1,9,0
2486562,0,1,1,0,1,0,171,1,9,0
2487239,0,0,0,0,1,0,171,1,9,0
2488531,0,1,1,0,1,0,171,1,9,0
2488595,0,1,0,1,0,0,171,1,9,0
2489029,0,0,0,1,1,1,171,1,9,0
2491055,1,0,0,1,1,0,96,1,9,0
2491363,1,1,1,1,1,0,96,1,9,0
2492321,0,1,0,1,0,0,96,1,9,0
2493107,1,1,0,0,0,0,96,1,9,0
2493291,1,1,1,0,1,1,96,1,9,0
2494942,0,1,1,0,1,0,96,1,9,0
2495072,1,1,1,1,1,0,96,1,9,0
2498113,0,1,1,0,1,0,96,1,9,0
2498500,0,0,1,1,0,0,96,1,9,0
2498719,1,0,0,1,1,0,96,1,9,0
2502943,0,1,0,1,0,0,96,1,9,0
2503534,0,1,1,0,1,0,96,1,9,0
2505297,0,1,0,1,0,0,96,1,9,0
2505547,0,1,0,1,0,0,96,1,9,0
2506608,0,0,0,0,1,0,96,1,9,0
2507337,0,0,0,0,1,0,96,1,9,0
2507777,0,1,0,1,0,0,96,1,9,0
2508139,1,1,0,0,0,0,96,1,9,0
2510356,1,1,1,1,1,0,96,1,9,0
2510664,1,1,1,1,1,0,96,1,9,0
2511541,0,1,0,1,0,0,96,1,9,0
2512042,0,1,0,1,0,0,96,1,9,0
2512211,0,0,0,0,1,0,96,1,9,0
2512901,0,1,0,1,0,0,96,1,9,0
2513314,0,1,1,0,1,0,96,1,9,0
2514955,0,1,1,0,1,0,96,1,9,0
2518991,1,1,0,0,0,0,96,1,9,0
2520273,1,1,0,0,0,0,96,1,9,0
2523515,0,0,1,1,0,0,96,1,9,0
2526732,0,0,1,1,0,0,96,1,9,0
2530387,1,1,0,0,0,0,96,1,9,0
2530793,0,1,0,1,0,0,96,1,9,0
2530938,0,1,1,0,1,0,96,1,9,0
2532378,1,0,0,1,1,0,96,1,9,0
2533197,1,1,0,0,0,0,96,1,9,0
2533354,1,1,0,0,0,0,96,1,9,0
2533881,0,1,0,1,0,0,96,1,9,0
2534915,1,1,0,0,0,0,96,1,9,0
2535114,0,1,0,1,0,0,96,1,9,0
2535205,0,0,1,1,0,0,96,1,9,0
2535304,1,1,0,0,0,0,96,1,9,0
2538302,0,1,1,0,1,0,96,1,9,0
2538673,0,1,1,0,1,0,96,1,9,0
2540422,0,1,0,1,0,0,96,1,9,0
2542093,0,0,1,1,0,0,96,1,9,0
2543609,0,0,1,1,0,0,96,1,9,0
2543731,0,1,0,0,0,0,96,1,9,0
2543908,0,1,1,0,1,0,96,1,9,0
2544939,0,1,0,1,0,0,96,1,9,0
2545393,1,0,1,0,0,0,96,1,9,0
2546348,0,1,1,0,1,0,96,1,9,0
2546403,0,0,1,1,0,0,96,1,9,0
2546427,1,1,0,0,0,0,96,1,9,0
2547245,1,1,1,1,1,0,96,1,9,0
2551543,0,1,0,1,0,0,96,1,9,0
2551879,1,0,1,0,0,0,96,1,9,0
2553312,0,1,1,0,1,0,96,1,9,0
2554780,0,0,0,0,1,0,96,1,9,0
2554961,1,1,1,1,1,0,96,1,9,0
2555518,0,1,0,1,0,0,96,1,9,0
2556033,1,0,1,0,0,0,107,1,9,0
2556242,1,1,1,1,1,0,107,1,9,0
2556390,0,0,0,0,1,0,107,1,9,0
2556517,1,0,0,1,1,0,107,1,9,0
2557309,1,0,1,0,0,0,107,1,9,0
2559417,1,1,1,1,1,0,107,1,9,0
2559554,0,0,1,1,0,0,107,1,9,0
2559671,1,0,0,1,1,0,107,1,9,0
2562124,0,0,1,1,0,0,107,1,9,0
2562530,1,0,1,0,0,0,107,1,9,0
2562627,0,0,1,1,0,0,107,1,9,0
2563674,1,1,1,1,1,0,107,1,9,0
2565031,0,0,0,0,1,0,107,1,9,0
2570145,0,0,1,1,0,0,107,1,9,0
2570243,0,0,0,0,1,0,107,1,9,0
2570964,0,0,1,1,0,0,107,1,9,0
2572569,1,0,1,0,0,0,107,1,9,0
2574327,0,0,1,1,0,0,107,1,9,0
2575361,0,1,0,0,0,0,107,1,9,0
2575405,0,1,1,0,1,0,107,1,9,0
2576123,0,1,1,0,1,0,107,1,9,0
2577960,1,1,1,1,1,0,107,1,9,0
2578420,0,0,0,0,1,0,107,1,9,0
2578960,1,1,0,0,0,0,107,1,9,0
2579279,1,0,0,1,1,0,107,1,9,0
2579600,0,1,1,0,1,0,107,1,9,0
2580263,0,1,0,1,0,0,107,1,9,0
2581565,0,0,1,1,0,0,107,1,9,0
2582331,0,0,0,1,1,1,107,1,9,0
2584048,0,1,0,1,0,0,107,1,9,0
2584781,1,1,1,1,1,0,107,1,9,0
2586906,1,1,1,1,1,0,107,1,9,0
2587512,1,0,0,1,1,0,107,1,9,0
2588269,1,0,0,1,1,0,107,1,9,0
2589076,0,1,1,0,1,0,107,1,9,0
2590504,1,0,1,0,0,0,107,1,9,0
2590510,1,0,1,0,0,0,107,1,9,0
2590820,1,0,1,0,0,0,107,1,9,0
2593393,1,0,0,1,1,0,107,1,9,0
2594240,1,0,0,1,1,0,107,1,9,0
2594511,0,1,1,0,1,0,107,1,9,0
2595019,1,0,0,1,1,0,107,1,9,0
2595273,1,0,0,1,1,0,107,1,9,0
2596754,1,0,1,0,0,0,107,1,9,0
2596823,1,1,1,1,1,0,107,1,9,0
2596978,1,1,1,1,1,0,107,1,9,0
2597079,0,0,0,0,1,0,107,1,9,0
2597151,0,1,1,0,1,0,107,1,9,0
2597555,1,0,0,1,1,0,107,1,9,0
2598008,0,0,0,0,1,0,107,1,9,0
2598544,0,1,1,0,1,0,107,1,9,0
2599028,0,0,1,1,0,0,107,1,9,0
2599047,0,1,0,1,0,0,107,1,9,0
2599710,0,0,1,1,0,0,107,1,9,0
2602152,1,1,0,0,0,0,107,1,9,0
2602659,1,0,1,0,0,0,107,1,9,0
2602999,1,0,1,0,0,0,107,1,9,0
2603343,1,1,1,1,1,0,107,1,9,0
2603936,0,0,0,0,1,0,107,1,9,0
2605327,1,0,0,1,1,0,107,1,9,0
2605413,1,0,0,1,1,0,107,1,9,0
2606218,1,1,0,0,0,0,107,1,9,0
2606951,1,0,1,0,0,0,107,1,9,0
2607846,1,1,1,1,1,0,107,1,9,0
2607905,1,1,1,0,1,1,107,1,9,0
2609367,0,1,1,0,1,0,107,1,9,0
2609709,1,1,1,1,1,0,107,1,9,0
2611636,1,0,0,1,1,0,107,1,9,0
2612106,1,0,1,0,0,0,107,1,9,0
2612228,0,0,1,1,0,0,107,1,9,0
2612265,0,1,0,1,0,0,107,1,9,0
2613358,1,0,0,1,1,0,107,1,9,0
2614154,1,1,0,0,0,0,107,1,9,0
2615431,1,1,0,0,0,0,107,1,9,0
2616300,0,0,0,0,1,0,107,1,9,0
2618037,1,0,1,0,0,0,107,1,9,0
2618039,1,1,1,1,1,0,107,1,9,0
2619898,1,1,1,1,1,0,107,1,9,0
2621674,1,0,0,1,1,0,120,1,9,0
2621754,0,1,0,1,0,0,120,1,9,0
2621974,1,0,1,0,0,0,120,1,9,0
2622627,1,1,1,1,1,0,120,1,9,0
2624772,1,0,0,1,1,0,120,1,9,0
2625089,0,1,1,0,1,0,120,1,9,0
2625556,0,1,0,1,0,0,120,1,9,0
2626528,1,1,1,1,1,0,120,1,9,0
2626988,1,1,0,0,0,0,120,1,9,0
2627133,1,1,1,1,1,0,120,1,9,0
2630571,1,0,0,1,1,0,120,1,9,0
2631582,0,0,1,0,0,0,120,1,9,0
2632255,0,1,1,0,1,0,120,1,9,0
2632486,0,0,1,0,0,0,120,1,9,0
2633425,0,1,0,1,0,0,120,1,9,0
2634549,1,0,0,1,1,0,120,1,9,0
2634780,0,1,0,1,0,0,120,1,9,0
2634826,1,0,0,1,1,0,120,1,9,0
2634978,0,1,1,0,1,0,120,1,9,0
2638964,0,1,1,0,1,0,120,1,9,0
2640345,1,0,0,1,1,0,120,1,9,0
2641562,0,0,1,0,0,0,120,1,9,0
2646924,1,0,1,0,0,0,120,1,9,0
2649336,1,1,0,0,0,0,120,1,9,0
2649948,0,0,0,0,1,0,120,1,9,0
2651878,1,1,1,1,1,0,120,1,9,0
2652930,0,1,1,0,1,0,120,1,9,0
2653063,1,1,1,1,1,0,120,1,9,0
2654636,0,0,1,1,0,0,120,1,9,0
2656397,1,0,1,0,0,0,120,1,9,0
2656832,1,1,1,1,1,0,120,1,9,0
2657594,0,1,0,1,0,0,120,1,9,0
2661028,0,0,1,1,0,0,120,1,9,0
2661661,1,1,0,0,0,0,120,1,9,0
2661891,1,1,1,1,1,0,120,1,9,0
2661992,0,0,1,1,0,0,120,1,9,0
2662023,1,0,1,0,0,0,120,1,9,0
2662430,1,1,1,1,1,0,120,1,9,0
2662645,0,1,0,1,0,0,120,1,9,0
2663444,1,1,1,1,1,0,120,1,9,0
2663490,0,1,1,0,1,0,120,1,9,0
2666974,1,0,1,0,0,0,120,1,9,0
2667350,0,0,1,1,0,0,120,1,9,0
2667459,0,0,1,1,0,0,120,1,9,0
2668552,1,0,1,0,0,0,120,1,9,0
2669311,1,1,1,1,1,0,120,1,9,0
2669402,1,0,1,0,0,0,120,1,9,0
2669649,0,1,1,0,1,0,120,1,9,0
2670284,0,0,1,1,0,0,120,1,9,0
2670357,1,1,1,0,1,1,120,1,9,0
2670846,0,0,0,0,1,0,120,1,9,0
2670920,0,0,1,1,0,0,120,1,9,0
2671809,0,1,1,0,1,0,120,1,9,0
2672434,1,1,1,1,1,0,120,1,9,0
2673693,0,1,1,0,1,0,120,1,9,0
2674463,0,1,1,0,1,0,120,1,9,0
2675252,0,0,1,1,0,0,120,1,9,0
2677222,1,1,0,0,0,0,120,1,9,0
2677952,1,1,1,1,1,0,120,1,9,0
2678869,0,0,0,0,1,0,120,1,9,0
2680821,0,1,0,1,0,0,120,1,9,0
2680992,0,1,0,1,0,0,120,1,9,0
2683578,1,1,1,1,1,0,120,1,9,0
2684673,0,0,0,0,1,0,120,1,9,0
2686445,0,1,0,1,0,0,120,1,9,0
2686602,1,1,0,0,0,0,120,1,9,0
2752857,1,1,0,0,0,0,70,1,9,0
2754700,0,0,0,0,1,0,70,1,9,0
2757900,1,0,0,1,1,0,70,1,9,0
2762742,0,0,0,0,1,0,70,1,9,0
2764194,1,0,0,0,1,1,70,1,9,0
2767848,1,0,1,0,0,0,70,1,9,0
2771275,1,0,0,1,1,0,70,1,9,0
2775595,1,1,0,0,0,0,70,1,9,0
2777488,0,0,0,0,1,0,70,1,9,0
2778266,1,0,0,1,1,0,70,1,9,0
2779201,1,1,1,1,1,0,70,1,9,0
2780714,1,1,1,1,1,0,70,1,9,0
2781988,0,0,1,1,0,0,70,1,9,0
2782008,1,0,0,1,1,0,70,1,9,0
2782846,1,0,0,1,1,0,70,1,9,0
2782896,1,0,0,1,1,0,70,1,9,0
2785471,0,1,0,1,0,0,70,1,9,0
2786702,1,1,1,1,1,0,70,1,9,0
2787625,0,0,0,0,1,0,70,1,9,0
2788582,0,1,0,1,0,0,70,1,9,0
2791438,1,0,1,0,0,0,70,1,9,0
2792920,1,1,1,1,1,0,70,1,9,0
2795813,1,0,1,0,0,0,70,1,9,0
2797325,0,0,0,0,1,0,70,1,9,0
2799028,0,1,1,0,1,0,70,1,9,0
2799669,1,1,0,0,0,0,70,1,9,0
2801419,0,0,1,1,0,0,70,1,9,0
2802024,1,1,0,0,0,0,70,1,9,0
2803139,1,0,0,1,1,0,70,1,9,0
2803148,1,0,0,1,1,0,70,1,9,0
2806059,0,1,0,1,0,0,70,1,9,0
2806171,1,1,0,0,0,0,70,1,9,0
2806250,1,1,1,1,1,0,70,1,9,0
2807785,0,0,1,1,0,0,70,1,9,0
2811958,1,1,0,0,0,0,70,1,9,0
2812287,0,0,1,1,0,0,70,1,9,0
2813632,1,1,0,0,0,0,70,1,9,0
2814009,1,1,0,0,0,0,70,1,9,0
2818653,1,0,0,1,1,0,178,2,9,0
2818901,1,0,1,0,0,0,178,2,9,0
2819262,1,0,0,1,1,0,178,2,9,0
2819309,0,0,0,0,1,0,178,2,9,0
2819444,1,1,1,1,1,0,178,2,9,0
2820152,1,0,1,0,0,0,178,2,9,0
2821863,0,0,1,1,0,0,178,2,9,0
2821966,1,0,0,1,1,0,178,2,9,0
2822833,0,0,1,1,0,0,178,2,9,0
2823207,0,0,1,1,0,0,178,2,9,0
2823743,0,1,1,0,1,0,178,2,9,0
2824564,0,0,1,1,0,0,178,2,9,0
2824752,0,1,1,0,1,0,178,2,9,0
2824795,0,1,1,0,1,0,178,2,9,0
2825469,0,0,1,1,0,0,178,2,9,0
2825665,0,1,1,0,1,0,178,2,9,0
2825802,0,1,1,0,1,0,178,2,9,0
2825815,1,0,1,0,0,0,178,2,9,0
2826051,1,1,0,0,0,0,178,2,9,0
2826703,1,1,0,0,0,0,178,2,9,0
2828249,0,0,0,0,1,0,178,2,9,0
2829233,0,0,0,0,1,0,178,2,9,0
2829420,0,1,0,1,0,0,178,2,9,0
2829666,0,1,0,1,0,0,178,2,9,0
2829757,1,0,0,1,1,0,178,2,9,0
2829892,0,0,0,0,1,0,178,2,9,0
2831031,0,0,0,0,1,0,178,2,9,0
2831055,0,0,0,0,1,0,178,2,9,0
2831123,0,1,1,0,1,0,178,2,9,0
2832352,1,1,0,0,0,0,178,2,9,0
2833213,1,0,0,1,1,0,178,2,9,0
2833716,0,0,0,0,1,0,178,2,9,0
2833869,1,0,1,0,0,0,178,2,9,0
2834774,1,0,1,0,0,0,178,2,9,0
2835092,0,1,0,0,0,0,178,2,9,0
2836091,1,0,0,1,1,0,178,2,9,0
2836249,1,0,1,0,0,0,178,2,9,0
2837021,0,0,1,1,0,0,178,2,9,0
2837227,0,0,1,1,0,0,178,2,9,0
2837630,1,1,1,1,1,0,178,2,9,0
2837958,0,1,0,1,0,0,178,2,9,0
2838007,0,1,0,1,0,0,178,2,9,0
2838262,1,1,1,1,1,0,178,2,9,0
2838294,0,0,0,0,1,0,178,2,9,0
2838400,1,1,0,0,0,0,178,2,9,0
2838401,1,0,1,0,0,0,178,2,9,0
2838468,1,1,0,0,0,0,178,2,9,0
2838491,1,0,1,0,0,0,178,2,9,0
2838547,1,1,0,0,0,0,178,2,9,0
2839731,1,0,1,0,0,0,178,2,9,0
2839870,1,0,1,0,0,0,178,2,9,0
2840149,1,1,1,1,1,0,178,2,9,0
2840296,1,1,0,0,0,0,178,2,9,0
2840347,1,0,0,1,1,0,178,2,9,0
2840369,0,1,1,0,1,0,178,2,9,0
2840376,1,1,1,1,1,0,178,2,9,0
2840566,0,1,0,1,0,0,178,2,9,0
2840664,1,1,1,1,1,0,178,2,9,0
2840874,0,0,1,1,0,0,178,2,9,0
2841255,0,1,0,1,0,0,178,2,9,0
2841481,1,0,0,1,1,0,178,2,9,0
2841960,1,1,1,1,1,0,178,2,9,0
2842092,1,0,0,0,1,1,178,2,9,0
2842310,0,1,0,1,0,0,178,2,9,0
2842323,1,0,1,0,0,0,178,2,9,0
2842799,1,1,1,1,1,0,178,2,9,0
2843661,0,0,0,0,1,0,178,2,9,0
2844562,0,0,1,1,0,0,178,2,9,0
2844568,0,0,0,0,1,0,178,2,9,0
2844602,0,1,1,0,1,0,178,2,9,0
2844775,1,1,1,1,1,0,178,2,9,0
2846643,0,0,1,1,0,0,178,2,9,0
2846838,1,0,1,0,0,0,178,2,9,0
2847494,1,0,0,1,1,0,178,2,9,0
2847895,0,1,1,0,1,0,178,2,9,0
2848105,0,1,1,0,1,0,178,2,9,0
2848645,1,1,1,1,1,0,178,2,9,0
2848741,1,0,1,0,0,0,178,2,9,0
2848921,0,0,0,0,1,0,178,2,9,0
2849831,0,0,0,0,1,0,178,2,9,0
2850181,0,1,0,1,0,0,178,2,9,0
2850260,1,0,1,0,0,0,178,2,9,0
2850981,0,1,0,1,0,0,178,2,9,0
2851565,1,0,1,0,0,0,178,2,9,0
2852069,0,0,0,0,1,0,178,2,9,0
2852167,0,0,0,0,1,0,178,2,9,0
2852642,1,0,0,1,1,0,178,2,9,0
2852775,0,0,0,0,1,0,178,2,9,0
2853675,1,1,1,1,1,0,178,2,9,0
2853778,1,0,1,0,0,0,178,2,9,0
2853984,0,0,0,0,1,0,178,2,9,0
2854314,0,1,0,1,0,0,178,2,9,0
2854854,1,1,1,1,1,0,178,2,9,0
2855172,0,1,0,0,0,0,178,2,9,0
2855213,0,0,1,1,0,0,178,2,9,0
2855688,0,0,1,1,0,0,178,2,9,0
2855814,0,0,0,0,1,0,178,2,9,0
2855984,0,1,0,1,0,0,178,2,9,0
2856396,1,0,0,1,1,0,178,2,9,0
2856925,1,0,1,0,0,0,178,2,9,0
2857311,0,0,1,1,0,0,178,2,9,0
2857380,1,1,0,0,0,0,178,2,9,0
2859272,0,1,1,0,1,0,178,2,9,0
2859371,1,1,1,1,1,0,178,2,9,0
2860034,1,1,0,0,0,0,178,2,9,0
2860082,0,1,1,0,1,0,178,2,9,0
2860178,0,1,1,0,1,0,178,2,9,0
2860251,1,0,0,1,1,0,178,2,9,0
2860628,1,1,1,1,1,0,178,2,9,0
2861051,0,1,1,0,1,0,178,2,9,0
2861756,1,0,1,0,0,0,178,2,9,0
2862076,0,1,1,0,1,0,178,2,9,0
2862176,1,1,1,1,1,0,178,2,9,0
2862225,1,0,1,1,0,0,178,2,9,0
2863258,0,1,1,0,1,0,178,2,9,0
2863718,1,1,0,0,0,0,178,2,9,0
2864758,1,1,1,1,1,0,178,2,9,0
2864810,1,1,0,0,0,0,178,2,9,0
2866503,0,1,1,0,1,0,178,2,9,0
2866663,0,0,0,0,1,0,178,2,9,0
2866732,0,1,1,0,1,0,178,2,9,0
2867740,1,1,0,0,0,0,178,2,9,0
2869628,0,0,1,1,0,0,178,2,9,0
2869929,1,1,1,1,1,0,178,2,9,0
2871719,1,1,0,0,0,0,178,2,9,0
2871873,1,1,0,0,0,0,178,2,9,0
2872589,0,1,0,1,0,0,178,2,9,0
2872826,1,1,0,0,0,0,178,2,9,0
2873395,1,0,0,1,1,0,178,2,9,0
2873551,0,1,0,1,0,0,178,2,9,0
2873817,1,1,0,0,0,0,178,2,9,0
2874136,0,1,1,0,1,0,178,2,9,0
2874452,1,1,1,1,1,0,178,2,9,0
2874680,1,0,0,0,1,1,178,2,9,0
2875867,0,0,1,1,0,0,178,2,9,0
2875886,0,1,0,1,0,0,178,2,9,0
2875888,0,0,0,0,1,0,178,2,9,0
2876449,0,1,1,0,1,0,178,2,9,0
2876611,0,1,1,0,1,0,178,2,9,0
2876925,1,0,1,0,0,0,178,2,9,0
2877110,0,1,0,1,0,0,178,2,9,0
2877123,1,0,1,0,0,0,178,2,9,0
2877227,1,1,0,0,0,0,178,2,9,0
2877656,1,0,1,0,0,0,178,2,9,0
2878195,0,1,1,0,1,0,178,2,9,0
2878956,1,1,0,0,0,0,178,2,9,0
2879425,1,1,0,0,0,0,178,2,9,0
2879613,1,1,1,1,1,0,178,2,9,0
2881454,1,0,1,0,0,0,178,2,9,0
2881751,1,1,0,0,0,0,178,2,9,0
2881997,1,1,1,1,1,0,178,2,9,0
2882103,0,0,0,0,1,0,178,2,9,0
2882973,1,1,0,0,0,0,178,2,9,0
2884662,1,1,0,0,0,0,102,2,12,0
2884673,0,0,0,0,1,0,102,2,12,0
2885367,0,0,1,1,0,0,102,2,12,0
2886261,0,0,1,1,0,0,102,2,12,0
2887787,1,0,0,1,1,0,102,2,12,0
2887801,0,0,0,0,1,0,102,2,12,0
2888027,0,1,0,1,0,0,102,2,12,0
2888795,0,1,1,0,1,0,102,2,12,0
2889007,1,0,0,1,1,0,102,2,12,0
2889409,1,1,0,0,0,0,102,2,12,0
2890106,0,0,1,1,0,0,102,2,12,0
2890159,1,0,0,1,1,0,102,2,12,0
2890298,1,1,1,1,1,0,102,2,12,0
2890998,1,1,1,1,1,0,102,2,12,0
2892378,0,0,1,1,0,0,102,2,12,0
2892543,1,1,0,0,0,0,102,2,12,0
2892584,1,1,0,0,0,0,102,2,12,0
2893480,0,1,1,0,1,0,102,2,12,0
2894551,1,1,0,0,0,0,102,2,12,0
2894690,0,1,0,1,0,0,102,2,12,0
2896091,1,1,0,0,0,0,102,2,12,0
2896214,0,1,1,0,1,0,102,2,12,0
2897150,1,0,1,0,0,0,102,2,12,0
2899044,0,1,1,0,1,0,102,2,12,0
2899155,0,0,1,1,0,0,102,2,12,0
2899994,1,0,1,0,0,0,102,2,12,0
2900239,0,1,0,1,0,0,102,2,12,0
2900422,0,1,0,1,0,0,102,2,12,0
2901048,0,0,0,0,1,0,102,2,12,0
2901554,0,0,1,1,0,0,102,2,12,0
2901651,0,1,1,0,1,0,102,2,12,0
2901979,1,0,1,0,0,0,102,2,12,0
2902181,1,1,1,1,1,0,102,2,12,0
2906150,0,0,0,0,1,0,102,2,12,0
2906664,0,1,0,1,0,0,102,2,12,0
2907121,0,0,0,0,1,0,102,2,12,0
2907217,1,1,0,0,0,0,102,2,12,0
2907253,1,0,1,0,0,0,102,2,12,0
2908579,0,0,0,0,1,0,102,2,12,0
2909144,0,0,0,0,1,0,102,2,12,0
2909237,1,0,1,0,0,0,102,2,12,0
2910132,1,1,1,1,1,0,102,2,12,0
2910243,1,0,0,1,1,0,102,2,12,0
2910517,1,0,1,0,0,0,102,2,12,0
2910730,1,1,0,0,0,0,102,2,12,0
2911668,1,0,0,1,1,0,102,2,12,0
2913386,0,0,1,1,0,0,102,2,12,0
2913489,0,0,0,0,1,0,102,2,12,0
2914607,0,0,1,1,0,0,102,2,12,0
2918453,1,0,0,1,1,0,102,2,12,0
2919275,1,0,0,1,1,0,102,2,12,0
2920033,1,1,0,1,0,0,102,2,12,0
2921578,1,1,0,0,0,0,102,2,12,0
2921607,0,1,0,1,0,0,102,2,12,0
2922578,0,1,0,1,0,0,102,2,12,0
2923134,1,0,0,1,1,0,102,2,12,0
2924609,1,0,0,1,1,0,102,2,12,0
2925049,0,1,1,0,1,0,102,2,12,0
2925319,1,1,0,0,0,0,102,2,12,0
2925553,0,1,0,1,0,0,102,2,12,0
2926213,0,1,0,1,0,0,102,2,12,0
2926243,1,1,1,1,1,0,102,2,12,0
2926602,0,1,1,0,1,0,102,2,12,0
2927635,0,0,0,0,1,0,102,2,12,0
2928171,1,0,0,1,1,0,102,2,12,0
2928420,0,0,1,1,0,0,102,2,12,0
2928502,0,1,0,1,0,0,102,2,12,0
2929341,0,0,0,0,1,0,102,2,12,0
2931434,1,1,0,0,0,0,102,2,12,0
2931782,0,1,0,1,0,0,102,2,12,0
2932208,0,1,0,1,0,0,102,2,12,0
2932358,1,0,0,1,1,0,102,2,12,0
2932687,0,0,0,0,1,0,102,2,12,0
2934092,1,1,0,0,0,0,102,2,12,0
2934411,1,1,1,1,1,0,102,2,12,0
2935815,1,0,1,0,0,0,102,2,12,0
2936253,1,1,1,1,1,0,102,2,12,0
2936533,1,1,0,0,0,0,102,2,12,0
2937431,1,1,1,1,1,0,102,2,12,0
2937596,1,1,0,0,0,0,102,2,12,0
2938238,0,1,1,0,1,0,102,2,12,0
2938718,1,0,0,1,1,0,102,2,12,0
2938815,1,1,1,1,1,0,102,2,12,0
2940857,1,1,1,1,1,0,102,2,12,0
2941220,1,1,0,0,0,0,102,2,12,0
2943864,1,1,1,1,1,0,102,2,12,0
2943994,0,0,1,1,0,0,102,2,12,0
2944369,0,0,0,0,1,0,102,2,12,0
2946376,1,1,1,1,1,0,102,2,12,0
2946706,1,1,0,0,0,0,102,2,12,0
2947111,0,0,1,0,0,0,102,2,12,0
2950647,0,1,0,1,0,0,98,2,12,0
2951864,0,0,1,1,0,0,98,2,12,0
2952639,1,1,0,0,0,0,98,2,12,0
2952769,1,0,1,0,0,0,98,2,12,0
2953256,0,1,1,0,1,0,98,2,12,0
2955006,1,1,1,1,1,0,98,2,12,0
2955025,1,0,1,0,0,0,98,2,12,0
2955879,0,1,1,0,1,0,98,2,12,0
2955927,1,1,1,1,1,0,98,2,12,0
2957640,0,0,1,1,0,0,98,2,12,0
2957679,0,0,0,0,1,0,98,2,12,0
2957950,1,0,0,0,1,1,98,2,12,0
2958502,1,1,0,1,0,0,98,2,12,0
2960510,1,0,1,1,0,0,98,2,12,0
2960866,1,0,1,0,0,0,98,2,12,0
2965089,0,0,0,0,1,0,98,2,12,0
2968061,1,1,1,1,1,0,98,2,12,0
2968457,1,0,1,0,0,0,98,2,12,0
2968465,0,0,1,1,0,0,98,2,12,0
2970149,0,0,1,1,0,0,98,2,12,0
2971181,1,0,1,0,0,0,98,2,12,0
2971239,1,1,1,1,1,0,98,2,12,0
2971569,0,1,1,0,1,0,98,2,12,0
2971827,1,1,1,1,1,0,98,2,12,0
2972652,1,0,1,0,0,0,98,2,12,0
2973681,1,1,1,1,1,0,98,2,12,0
2973847,1,1,0,1,0,0,98,2,12,0
2973886,1,0,0,1,1,0,98,2,12,0
2974848,1,0,1,0,0,0,98,2,12,0
2976488,1,1,1,1,1,0,98,2,12,0
2976692,0,1,1,0,1,0,98,2,12,0
2977538,1,1,1,1,1,0,98,2,12,0
2978361,0,1,0,1,0,0,98,2,12,0
2978697,0,0,1,1,0,0,98,2,12,0
2979069,0,1,1,0,1,0,98,2,12,0
2979774,0,1,1,0,1,0,98,2,12,0
2980367,1,1,1,1,1,0,98,2,12,0
2980433,0,1,1,0,1,0,98,2,12,0
2981018,1,1,0,0,0,0,98,2,12,0
2981799,0,1,0,1,0,0,98,2,12,0
2985926,0,1,0,1,0,0,98,2,12,0
2987779,0,0,1,1,0,0,98,2,12,0
2989368,0,0,1,1,0,0,98,2,12,0
2989860,0,1,0,1,0,0,98,2,12,0
2991374,0,1,1,0,1,0,98,2,12,0
2991584,1,1,1,1,1,0,98,2,12,0
2991626,0,0,0,0,1,0,98,2,12,0
2991989,1,1,1,1,1,0,98,2,12,0
2992541,1,1,1,1,1,0,98,2,12,0
2992979,0,0,0,0,1,0,98,2,12,0
2993006,0,1,0,1,0,0,98,2,12,0
2995710,1,0,0,1,1,0,98,2,12,0
2995829,1,0,1,0,0,0,98,2,12,0
2996173,0,1,1,0,1,0,98,2,12,0
2997449,1,0,0,1,1,0,98,2,12,0
2998058,0,1,0,1,0,0,98,2,12,0
2998067,0,1,0,1,0,0,98,2,12,0
2998803,1,0,0,1,1,0,98,2,12,0
2998904,0,1,0,1,0,0,98,2,12,0
2999770,0,1,0,1,0,0,98,2,12,0
2999836,1,1,1,1,1,0,98,2,12,0
3000123,0,0,0,0,1,0,98,2,12,0
3000675,1,0,1,0,0,0,98,2,12,0
3001162,1,1,0,0,0,0,98,2,12,0
3002521,1,1,0,1,0,0,98,2,12,0
3005776,1,1,0,0,0,0,98,2,12,0
3005854,1,1,1,1,1,0,98,2,12,0
3005991,1,0,0,1,1,0,98,2,12,0
3006308,1,1,0,0,0,0,98,2,12,0
3006692,1,0,1,0,0,0,98,2,12,0
3007330,1,1,1,1,1,0,98,2,12,0
3008504,0,1,1,0,1,0,98,2,12,0
3008603,0,1,1,0,1,0,98,2,12,0
3009435,0,0,1,1,0,0,98,2,12,0
3009619,0,0,1,1,0,0,98,2,12,0
3010247,0,1,1,0,1,0,98,2,12,0
3011335,1,1,1,1,1,0,98,2,12,0
3011401,0,1,0,1,0,0,98,2,12,0
3013247,0,1,1,0,1,0,98,2,12,0
3013564,0,0,0,0,1,0,98,2,12,0
3013809,1,1,1,1,1,0,98,2,12,0
3014657,1,1,0,0,0,0,140,2,12,0
3014659,1,0,0,1,1,0,140,2,12,0
3015011,0,0,1,1,0,0,140,2,12,0
3015283,0,0,1,0,0,0,140,2,12,0
3015707,1,0,1,0,0,0,140,2,12,0
3017179,1,0,0,1,1,0,140,2,12,0
3017241,0,1,0,1,0,0,140,2,12,0
3018480,1,0,1,0,0,0,140,2,12,0
3019401,0,1,0,1,0,0,140,2,12,0
3019488,1,1,0,0,0,0,140,2,12,0
3019521,0,0,0,0,1,0,140,2,12,0
3019560,0,1,0,1,0,0,140,2,12,0
3020790,1,0,0,1,1,0,140,2,12,0
3020832,1,0,0,1,1,0,140,2,12,0
3021360,0,1,1,0,1,0,140,2,12,0
3022406,0,1,1,0,1,0,140,2,12,0
3024036,1,0,1,0,0,0,140,2,12,0
3024054,1,0,1,0,0,0,140,2,12,0
3024642,0,1,1,0,1,0,140,2,12,0
3024988,1,1,0,0,0,0,140,2,12,0
3024992,1,0,1,0,0,0,140,2,12,0
3026321,0,1,1,0,1,0,140,2,12,0
3027465,0,0,1,1,0,0,140,2,12,0
3027489,0,0,1,1,0,0,140,2,12,0
3027719,0,0,1,1,0,0,140,2,12,0
3028429,1,0,0,1,1,0,140,2,12,0
3028925,1,0,0,1,1,0,140,2,12,0
3029001,0,1,0,0,0,0,140,2,12,0
3029150,0,1,0,1,0,0,140,2,12,0
3029196,0,1,1,0,1,0,140,2,12,0
3029959,1,0,1,0,0,0,140,2,12,0
3030156,1,0,0,1,1,0,140,2,12,0
3030437,1,0,0,1,1,0,140,2,12,0
3030848,0,1,0,1,0,0,140,2,12,0
3030939,0,1,1,0,1,0,140,2,12,0
3031105,0,0,1,1,0,0,140,2,12,0
3031596,0,1,1,0,1,0,140,2,12,0
3031824,1,1,0,0,0,0,140,2,12,0
3032177,0,0,1,1,0,0,140,2,12,0
3032311,1,1,0,0,0,0,140,2,12,0
3032436,1,0,1,0,0,0,140,2,12,0
3032656,0,1,0,1,0,0,140,2,12,0
3032716,1,1,1,1,1,0,140,2,12,0
3032743,1,0,0,1,1,0,140,2,12,0
3033346,1,0,0,1,1,0,140,2,12,0
3034691,0,0,0,0,1,0,140,2,12,0
3035635,0,0,0,0,1,0,140,2,12,0
3036000,0,1,1,0,1,0,140,2,12,0
3036718,1,1,1,1,1,0,140,2,12,0
3036850,0,0,0,0,1,0,140,2,12,0
3036943,1,0,1,0,0,0,140,2,12,0
3037417,0,1,0,1,0,0,140,2,12,0
3037677,1,0,0,1,1,0,140,2,12,0
3037848,1,0,1,0,0,0,140,2,12,0
3038228,1,0,0,1,1,0,140,2,12,0
3038774,0,1,1,0,1,0,140,2,12,0
3038932,1,1,0,0,0,0,140,2,12,0
3039799,1,0,1,0,0,0,140,2,12,0
3039927,1,0,1,0,0,0,140,2,12,0
3040083,1,1,1,1,1,0,140,2,12,0
3040098,0,0,1,1,0,0,140,2,12,0
3040824,0,1,0,1,0,0,140,2,12,0
3041423,0,1,0,1,0,0,140,2,12,0
3041427,0,0,0,0,1,0,140,2,12,0
3042333,0,1,0,1,0,0,140,2,12,0
3043469,0,0,0,0,1,0,140,2,12,0
3044066,0,1,1,1,1,1,140,2,12,0
3045575,0,0,1,1,0,0,140,2,12,0
3045884,1,0,0,1,1,0,140,2,12,0
3046148,0,0,0,0,1,0,140,2,12,0
3046929,1,1,1,0,1,1,140,2,12,0
3047028,1,1,0,0,0,0,140,2,12,0
3047239,0,1,1,0,1,0,140,2,12,0
3048316,1,1,1,1,1,0,140,2,12,0
3048731,0,1,1,0,1,0,140,2,12,0
3049673,1,1,0,0,0,0,140,2,12,0
3050051,0,0,0,0,1,0,140,2,12,0
3051145,0,0,0,1,1,1,140,2,12,0
3052076,0,1,1,0,1,0,140,2,12,0
3052265,0,0,1,1,0,0,140,2,12,0
3052339,1,0,1,0,0,0,140,2,12,0
3052503,0,0,0,0,1,0,140,2,12,0
3052810,0,0,0,0,1,0,140,2,12,0
3054096,0,0,1,1,0,0,140,2,12,0
3054257,0,1,1,0,1,0,140,2,12,0
3054768,1,0,0,1,1,0,140,2,12,0
3054896,1,0,0,0,1,1,140,2,12,0
3057071,0,0,0,0,1,0,140,2,12,0
3057191,0,1,1,0,1,0,140,2,12,0
3058255,0,0,0,0,1,0,140,2,12,0
3059063,0,1,1,0,1,0,140,2,12,0
3059278,1,0,0,1,1,0,140,2,12,0
3059742,0,1,0,1,0,0,140,2,12,0
3060112,1,0,1,1,0,0,140,2,12,0
3060866,0,0,1,1,0,0,140,2,12,0
3061564,1,1,1,1,1,0,140,2,12,0
3061621,0,0,1,1,0,0,140,2,12,0
3061938,0,0,0,0,1,0,140,2,12,0
3062042,0,1,0,1,0,0,140,2,12,0
3062799,1,1,0,0,0,0,140,2,12,0
3062805,0,0,0,0,1,0,140,2,12,0
3062817,0,1,1,0,1,0,140,2,12,0
3062905,1,0,0,1,1,0,140,2,12,0
3064619,0,0,1,1,0,0,140,2,12,0
3064722,0,1,0,1,0,0,140,2,12,0
3065288,0,0,1,1,0,0,140,2,12,0
3065720,1,1,0,0,0,0,140,2,12,0
3066532,1,0,0,1,1,0,140,2,12,0
3066833,0,0,1,1,0,0,140,2,12,0
3066863,1,1,0,0,0,0,140,2,12,0
3067315,1,0,1,0,0,0,140,2,12,0
3067720,0,0,0,0,1,0,140,2,12,0
3068237,1,0,0,1,1,0,140,2,12,0
3068326,0,1,1,0,1,0,140,2,12,0
3069850,1,0,1,0,0,0,140,2,12,0
3070345,1,1,1,1,1,0,140,2,12,0
3070493,0,0,0,0,1,0,140,2,12,0
3070494,0,1,1,0,1,0,140,2,12,0
3070498,1,1,0,0,0,0,140,2,12,0
3070515,0,0,1,1,0,0,140,2,12,0
3070567,1,0,0,1,1,0,140,2,12,0
3070623,0,1,0,1,0,0,140,2,12,0
3071465,1,0,0,1,1,0,140,2,12,0
3071739,1,0,1,0,0,0,140,2,12,0
3071841,0,0,0,0,1,0,140,2,12,0
3071874,1,0,0,1,1,0,140,2,12,0
3072161,1,0,0,1,1,0,140,2,12,0
3072279,1,0,1,0,0,0,140,2,12,0
3072586,0,0,0,0,1,0,140,2,12,0
3073161,1,1,1,1,1,0,140,2,12,0
3073310,0,1,0,1,0,0,140,2,12,0
3073912,1,1,0,0,0,0,140,2,12,0
3074177,0,0,1,1,0,0,140,2,12,0
3074353,0,0,1,1,0,0,140,2,12,0
3075079,0,0,1,1,0,0,140,2,12,0
3075478,0,0,1,1,0,0,140,2,12,0
3075681,1,1,1,1,1,0,140,2,12,0
3075775,0,1,1,0,1,0,140,2,12,0
3076163,0,1,0,1,0,0,140,2,12,0
3076778,1,1,1,1,1,0,140,2,12,0
3077104,1,1,0,0,0,0,140,2,12,0
3077492,1,0,1,0,0,0,140,2,12,0
3077918,0,1,0,1,0,0,140,2,12,0
3078192,1,1,0,0,0,0,140,2,12,0
3078661,0,1,1,0,1,0,140,2,12,0
3079082,0,1,1,0,1,0,140,2,12,0
3079282,1,0,1,0,0,0,140,2,12,0
3079770,0,1,1,0,1,0,140,2,12,0
3080711,0,1,1,0,1,0,136,2,12,0
3080740,1,1,1,1,1,0,136,2,12,0
3081912,0,1,1,0,1,0,136,2,12,0
3082131,1,1,0,0,0,0,136,2,12,0
3082537,0,1,1,0,1,0,136,2,12,0
3082770,0,0,0,0,1,0,136,2,12,0
3083410,0,1,1,0,1,0,136,2,12,0
3083707,1,1,1,1,1,0,136,2,12,0
3084656,1,0,0,1,1,0,136,2,12,0
3084787,0,0,1,1,0,0,136,2,12,0
3085255,0,0,1,1,0,0,136,2,12,0
3085758,1,0,0,1,1,0,136,2,12,0
3085888,1,0,1,0,0,0,136,2,12,0
3087243,0,1,1,0,1,0,136,2,12,0
3087462,1,0,1,0,0,0,136,2,12,0
3087561,0,0,1,1,0,0,136,2,12,0
3087992,1,0,1,1,0,0,136,2,12,0
3088561,0,1,0,1,0,0,136,2,12,0
3088791,1,1,0,0,0,0,136,2,12,0
3089097,1,0,0,1,1,0,136,2,12,0
3089402,0,0,0,0,1,0,136,2,12,0
3090944,1,0,1,0,0,0,136,2,12,0
3091218,1,0,0,1,1,0,136,2,12,0
3091662,1,1,1,1,1,0,136,2,12,0
3091715,0,1,1,0,1,0,136,2,12,0
3091807,0,0,0,0,1,0,136,2,12,0
3092049,1,1,0,0,0,0,136,2,12,0
3092650,1,1,0,0,0,0,136,2,12,0
3093216,0,0,0,0,1,0,136,2,12,0
3093547,1,0,1,0,0,0,136,2,12,0
3093621,0,0,1,1,0,0,136,2,12,0
3093801,1,1,1,1,1,0,136,2,12,0
3094484,0,0,1,1,0,0,136,2,12,0
3094779,0,1,1,0,1,0,136,2,12,0
3095721,1,1,0,0,0,0,136,2,12,0
3096579,1,0,0,1,1,0,136,2,12,0
3096704,1,0,1,0,0,0,136,2,12,0
3096915,1,0,0,1,1,0,136,2,12,0
3097554,0,1,0,1,0,0,136,2,12,0
3097712,0,1,1,0,1,0,136,2,12,0
3097813,0,1,1,0,1,0,136,2,12,0
3097890,0,0,1,1,0,0,136,2,12,0
3097939,1,0,0,1,1,0,136,2,12,0
3100169,0,1,0,1,0,0,136,2,12,0
3100518,1,1,1,1,1,0,136,2,12,0
3102974,1,1,1,1,1,0,136,2,12,0
3103363,0,1,1,0,1,0,136,2,12,0
3104442,1,0,0,1,1,0,136,2,12,0
3104971,0,0,0,0,1,0,136,2,12,0
3105278,0,1,0,0,0,0,136,2,12,0
3105294,0,1,1,0,1,0,136,2,12,0
3107295,0,0,1,1,0,0,136,2,12,0
3107875,0,0,1,1,0,0,136,2,12,0
3107940,1,0,0,1,1,0,136,2,12,0
3108489,1,1,1,1,1,0,136,2,12,0
3108500,0,1,0,0,0,0,136,2,12,0
3108759,1,1,0,0,0,0,136,2,12,0
3110373,0,1,1,1,1,1,136,2,12,0
3111033,1,0,0,1,1,0,136,2,12,0
3111380,0,1,0,1,0,0,136,2,12,0
3111802,0,0,0,0,1,0,136,2,12,0
3111960,0,1,0,1,0,0,136,2,12,0
3112491,1,0,1,0,0,0,136,2,12,0
3112495,0,0,0,0,1,0,136,2,12,0
3115040,1,1,1,1,1,0,136,2,12,0
3115353,1,1,1,1,1,0,136,2,12,0
3115545,0,0,1,1,0,0,136,2,12,0
3116649,1,1,0,0,0,0,136,2,12,0
3116704,0,0,1,1,0,0,136,2,12,0
3117482,0,0,1,1,0,0,136,2,12,0
3117665,1,0,1,0,0,0,136,2,12,0
3118288,1,0,0,1,1,0,136,2,12,0
3118763,0,0,1,1,0,0,136,2,12,0
3118889,0,0,1,1,0,0,136,2,12,0
3119308,1,1,0,0,0,0,136,2,12,0
3119525,0,1,1,1,1,1,136,2,12,0
3119569,1,0,1,0,0,0,136,2,12,0
3119667,0,0,0,0,1,0,136,2,12,0
3119803,0,0,1,1,0,0,136,2,12,0
3120684,0,1,0,0,0,0,136,2,12,0
3121584,0,1,1,0,1,0,136,2,12,0
3122239,0,0,1,1,0,0,136,2,12,0
3123432,1,1,0,0,0,0,136,2,12,0
3123654,0,0,1,1,0,0,136,2,12,0
3123873,1,1,1,1,1,0,136,2,12,0
3124624,0,0,0,0,1,0,136,2,12,0
3124663,1,1,0,0,0,0,136,2,12,0
3124966,0,1,1,0,1,0,136,2,12,0
3125214,0,0,1,1,0,0,136,2,12,0
3126071,1,0,0,1,1,0,136,2,12,0
3126354,0,0,1,1,0,0,136,2,12,0
3127624,0,0,0,0,1,0,136,2,12,0
3129535,0,0,1,1,0,0,136,2,12,0
3130091,1,0,0,1,1,0,136,2,12,0
3130231,0,1,1,0,1,0,136,2,12,0
3130573,0,0,0,0,1,0,136,2,12,0
3130749,0,1,1,0,1,0,136,2,12,0
3131890,0,0,0,0,1,0,136,2,12,0
3133003,1,1,0,0,0,0,136,2,12,0
3133361,1,0,0,1,1,0,136,2,12,0
3133845,1,1,0,0,0,0,136,2,12,0
3133967,0,0,0,0,1,0,136,2,12,0
3137348,0,0,0,0,1,0,136,2,12,0
3137954,1,1,0,0,0,0,136,2,12,0
3138029,1,0,1,0,0,0,136,2,12,0
3138443,1,0,0,1,1,0,136,2,12,0
3140005,0,1,0,1,0,0,136,2,12,0
3140128,0,1,0,0,0,0,136,2,12,0
3141325,0,0,0,0,1,0,136,2,12,0
3141540,1,1,1,1,1,0,136,2,12,0
3141933,0,1,0,1,0,0,136,2,12,0
3143907,0,1,1,0,1,0,136,2,12,0
3144391,0,0,0,0,1,0,136,2,12,0
3144575,0,1,1,0,1,0,136,2,12,0
3145621,1,1,0,0,0,0,136,2,12,0
3146144,0,0,1,1,0,0,132,2,12,0
3146240,1,0,0,1,1,0,132,2,12,0
3147617,0,1,1,0,1,0,132,2,12,0
3147677,0,0,1,1,0,0,132,2,12,0
3147685,1,1,0,0,0,0,132,2,12,0
3148725,0,1,1,0,1,0,132,2,12,0
3149753,0,1,0,1,0,0,132,2,12,0
3149802,0,1,0,1,0,0,132,2,12,0
3149844,1,1,0,0,0,0,132,2,12,0
3150275,0,0,1,1,0,0,132,2,12,0
3150292,0,0,1,1,0,0,132,2,12,0
3150431,0,0,0,0,1,0,132,2,12,0
3150468,1,1,1,1,1,0,132,2,12,0
3150675,0,0,0,0,1,0,132,2,12,0
3152105,0,1,0,1,0,0,132,2,12,0
3152945,0,0,1,0,0,0,132,2,12,0
3153282,1,0,1,0,0,0,132,2,12,0
3154255,1,0,1,0,0,0,132,2,12,0
3155060,1,0,0,1,1,0,132,2,12,0
3155287,0,1,1,0,1,0,132,2,12,0
3155340,1,0,0,1,1,0,132,2,12,0
3156137,1,0,1,0,0,0,132,2,12,0
3156270,1,1,0,0,0,0,132,2,12,0
3157085,0,1,0,1,0,0,132,2,12,0
3157511,1,0,0,1,1,0,132,2,12,0
3157772,0,0,1,1,0,0,132,2,12,0
3157831,0,1,0,1,0,0,132,2,12,0
3159371,0,1,0,1,0,0,132,2,12,0
3159814,1,1,0,0,0,0,132,2,12,0
3161115,1,0,0,1,1,0,132,2,12,0
3161201,1,0,1,0,0,0,132,2,12,0
3161458,0,0,1,1,0,0,132,2,12,0
3162440,1,0,1,0,0,0,132,2,12,0
3162462,1,0,1,0,0,0,132,2,12,0
3162600,1,1,0,0,0,0,132,2,12,0
3162790,0,1,0,1,0,0,132,2,12,0
3163203,0,1,0,1,0,0,132,2,12,0
3163755,1,1,1,1,1,0,132,2,12,0
3164653,1,1,0,0,0,0,132,2,12,0
3164700,0,0,0,0,1,0,132,2,12,0
3164972,0,0,1,1,0,0,132,2,12,0
3165373,0,0,1,1,0,0,132,2,12,0
3167253,0,1,0,1,0,0,132,2,12,0
3167443,0,0,1,1,0,0,132,2,12,0
3167576,0,0,1,1,0,0,132,2,12,0
3168563,0,0,1,1,0,0,132,2,12,0
3169293,0,0,0,0,1,0,132,2,12,0
3170157,0,1,0,1,0,0,132,2,12,0
3171032,0,0,0,0,1,0,132,2,12,0
3171537,0,0,1,1,0,0,132,2,12,0
3171551,1,0,1,0,0,0,132,2,12,0
3171944,1,1,1,1,1,0,132,2,12,0
3172410,1,0,1,0,0,0,132,2,12,0
3173354,1,0,1,0,0,0,132,2,12,0
3173441,1,0,1,0,0,0,132,2,12,0
3175225,0,0,0,0,1,0,132,2,12,0
3175760,1,0,0,1,1,0,132,2,12,0
3176034,1,1,0,0,0,0,132,2,12,0
3176575,0,0,1,1,0,0,132,2,12,0
3178015,1,0,1,0,0,0,132,2,12,0
3178075,0,0,0,0,1,0,132,2,12,0
3178994,0,0,1,1,0,0,132,2,12,0
3179370,1,1,0,0,0,0,132,2,12,0
3179799,1,1,0,0,0,0,132,2,12,0
3180172,1,0,0,1,1,0,132,2,12,0
3180174,0,0,1,1,0,0,132,2,12,0
3181702,0,1,1,1,1,1,132,2,12,0
3181953,0,1,0,1,0,0,132,2,12,0
3183008,1,0,0,1,1,0,132,2,12,0
3183114,0,0,0,0,1,0,132,2,12,0
3185582,1,0,1,0,0,0,132,2,12,0
3187530,0,1,1,0,1,0,132,2,12,0
3188256,0,1,1,0,1,0,132,2,12,0
3188546,1,1,1,1,1,0,132,2,12,0
3189250,0,0,0,0,1,0,132,2,12,0
3189860,0,1,1,0,1,0,132,2,12,0
3190853,1,0,0,1,1,0,132,2,12,0
3190943,1,1,1,1,1,0,132,2,12,0
3191806,0,0,0,0,1,0,132,2,12,0
3191917,1,0,1,0,0,0,132,2,12,0
3192563,1,1,1,1,1,0,132,2,12,0
3192764,1,1,0,0,0,0,132,2,12,0
3193632,1,0,1,0,0,0,132,2,12,0
3194724,1,0,1,0,0,0,132,2,12,0
3194746,0,0,0,0,1,0,132,2,12,0
3194885,0,0,1,1,0,0,132,2,12,0
3195939,1,1,1,1,1,0,132,2,12,0
3196177,1,0,1,0,0,0,132,2,12,0
3196310,1,1,0,0,0,0,132,2,12,0
3198439,0,0,0,0,1,0,132,2,12,0
3198870,0,1,0,1,0,0,132,2,12,0
3199411,0,0,1,1,0,0,132,2,12,0
3199877,1,0,0,1,1,0,132,2,12,0
3200585,0,1,0,1,0,0,132,2,12,0
3200657,1,1,1,1,1,0,132,2,12,0
3201031,0,1,0,1,0,0,132,2,12,0
3201352,0,1,0,1,0,0,132,2,12,0
3201565,1,0,0,1,1,0,132,2,12,0
3202297,1,1,0,0,0,0,132,2,12,0
3204267,1,0,1,0,0,0,132,2,12,0
3204427,0,1,1,0,1,0,132,2,12,0
3204727,1,0,1,0,0,0,132,2,12,0
3205452,0,1,1,0,1,0,132,2,12,0
3206206,0,0,0,0,1,0,132,2,12,0
3206953,1,0,0,1,1,0,132,2,12,0
3207107,1,0,0,1,1,0,132,2,12,0
3207704,1,0,0,1,1,0,132,2,12,0
3208901,1,0,1,0,0,0,132,2,12,0
3209037,1,1,1,1,1,0,132,2,12,0
3209745,0,1,1,0,1,0,132,2,12,0
3209798,0,0,1,1,0,0,132,2,12,0
3209942,1,1,1,1,1,0,132,2,12,0
3210372,1,0,0,1,1,0,132,2,12,0
3210823,1,1,1,1,1,0,132,2,12,0
3211002,1,1,1,1,1,0,132,2,12,0
3211088,0,0,0,0,1,0,132,2,12,0
3211254,1,1,1,1,1,0,132,2,12,0
3211288,0,0,0,0,1,0,182,2,12,0
3211485,1,0,1,0,0,0,182,2,12,0
3211557,1,0,1,0,0,0,182,2,12,0
3211793,0,0,0,0,1,0,182,2,12,0
3212047,1,1,0,0,0,0,182,2,12,0
3212392,1,1,0,0,0,0,182,2,12,0
3212816,1,0,1,0,0,0,182,2,12,0
3213360,0,0,0,0,1,0,182,2,12,0
3213458,0,1,0,1,0,0,182,2,12,0
3214070,0,0,0,0,1,0,182,2,12,0
3214335,1,0,0,1,1,0,182,2,12,0
3214528,0,1,0,1,0,0,182,2,12,0
3214780,0,1,0,1,0,0,182,2,12,0
3214983,1,1,0,0,0,0,182,2,12,0
3215641,0,0,0,0,1,0,182,2,12,0
3216158,0,1,1,0,1,0,182,2,12,0
3216267,1,1,1,1,1,0,182,2,12,0
3216745,0,0,0,0,1,0,182,2,12,0
3216907,0,1,1,0,1,0,182,2,12,0
3216914,1,0,0,1,1,0,182,2,12,0
3217148,1,1,1,1,1,0,182,2,12,0
3217241,1,1,0,0,0,0,182,2,12,0
3217515,0,0,1,1,0,0,182,2,12,0
3217652,0,1,1,0,1,0,182,2,12,0
3217814,0,1,0,1,0,0,182,2,12,0
3218172,0,0,1,1,0,0,182,2,12,0
3218217,0,0,1,1,0,0,182,2,12,0
3218404,1,1,0,0,0,0,182,2,12,0
3218648,0,1,1,0,1,0,182,2,12,0
3219015,1,0,0,1,1,0,182,2,12,0
3219085,0,0,1,1,0,0,182,2,12,0
3219327,0,1,0,1,0,0,182,2,12,0
3219825,0,1,1,0,1,0,182,2,12,0
3219850,1,0,0,1,1,0,182,2,12,0
3219942,0,0,1,1,0,0,182,2,12,0
3220274,1,1,0,0,0,0,182,2,12,0
3220627,0,1,1,0,1,0,182,2,12,0
3220855,1,1,0,0,0,0,182,2,12,0
3221358,0,0,0,0,1,0,182,2,12,0
3221983,1,0,1,0,0,0,182,2,12,0
3222051,1,1,0,0,0,0,182,2,12,0
3222463,0,1,0,1,0,0,182,2,12,0
3222495,1,0,1,0,0,0,182,2,12,0
3223240,1,1,1,1,1,0,182,2,12,0
3223751,1,0,1,0,0,0,182,2,12,0
3224405,1,1,0,0,0,0,182,2,12,0
3225752,1,0,0,1,1,0,182,2,12,0
3225897,1,1,1,1,1,0,182,2,12,0
3226295,0,1,0,1,0,0,182,2,12,0
3226596,1,1,1,1,1,0,182,2,12,0
3226671,0,0,0,0,1,0,182,2,12,0
3227215,0,1,0,1,0,0,182,2,12,0
3227504,1,1,1,1,1,0,182,2,12,0
3228692,0,0,0,0,1,0,182,2,12,0
3229203,1,1,1,0,1,1,182,2,12,0
3229384,1,0,0,1,1,0,182,2,12,0
3229503,0,0,1,1,0,0,182,2,12,0
3229708,0,0,0,0,1,0,182,2,12,0
3230166,0,1,1,0,1,0,182,2,12,0
3230495,1,1,1,1,1,0,182,2,12,0
3230994,1,1,1,1,1,0,182,2,12,0
3231749,0,1,1,0,1,0,182,2,12,0
3232086,0,1,1,0,1,0,182,2,12,0
3232350,0,1,0,1,0,0,182,2,12,0
3232487,0,0,0,0,1,0,182,2,12,0
3232564,1,0,0,1,1,0,182,2,12,0
3233564,0,1,0,1,0,0,182,2,12,0
3233736,0,0,0,0,1,0,182,2,12,0
3234930,1,1,0,0,0,0,182,2,12,0
3235171,0,0,1,1,0,0,182,2,12,0
3235228,1,1,0,0,0,0,182,2,12,0
3235699,1,0,1,0,0,0,182,2,12,0
3235809,0,1,1,0,1,0,182,2,12,0
3235939,1,1,1,1,1,0,182,2,12,0
3236589,0,1,0,1,0,0,182,2,12,0
3237128,1,1,1,1,1,0,182,2,12,0
3237180,1,0,1,0,0,0,182,2,12,0
3237376,0,0,1,1,0,0,182,2,12,0
3237869,0,1,0,1,0,0,182,2,12,0
3238752,1,0,0,1,1,0,182,2,12,0
3238819,1,0,0,1,1,0,182,2,12,0
3238889,1,0,0,1,1,0,182,2,12,0
3239008,0,0,0,0,1,0,182,2,12,0
3239572,0,0,0,0,1,0,182,2,12,0
3239580,1,0,1,0,0,0,182,2,12,0
3239795,1,1,1,1,1,0,182,2,12,0
3239922,0,0,1,1,0,0,182,2,12,0
3240007,1,1,0,0,0,0,182,2,12,0
3240481,1,1,1,1,1,0,182,2,12,0
3240749,1,1,0,0,0,0,182,2,12,0
3241113,0,1,0,1,0,0,182,2,12,0
3241764,0,0,1,1,0,0,182,2,12,0
3242061,1,1,1,1,1,0,182,2,12,0
3242690,0,0,0,0,1,0,182,2,12,0
3242782,1,1,1,1,1,0,182,2,12,0
3242959,1,0,0,1,1,0,182,2,12,0
3243396,1,1,0,0,0,0,182,2,12,0
3243552,0,1,1,0,1,0,182,2,12,0
3243723,0,1,1,0,1,0,182,2,12,0
3243826,0,0,0,0,1,0,182,2,12,0
3244083,0,0,0,1,1,1,182,2,12,0
3244415,1,0,1,0,0,0,182,2,12,0
3244511,1,0,1,0,0,0,182,2,12,0
3245161,0,0,0,0,1,0,182,2,12,0
3245507,0,1,1,0,1,0,182,2,12,0
3246059,1,0,1,0,0,0,182,2,12,0
3246146,1,0,0,1,1,0,182,2,12,0
3246403,0,1,0,1,0,0,182,2,12,0
3246428,0,0,0,0,1,0,182,2,12,0
3247260,0,0,1,1,0,0,182,2,12,0
3247496,1,1,1,1,1,0,182,2,12,0
3247938,1,1,1,1,1,0,182,2,12,0
3248379,0,0,1,1,0,0,182,2,12,0
3248509,0,1,0,1,0,0,182,2,12,0
3248789,1,1,0,0,0,0,182,2,12,0
3249043,1,0,0,1,1,0,182,2,12,0
3249289,1,1,1,1,1,0,182,2,12,0
3250183,0,0,0,0,1,0,182,2,12,0
3250346,1,0,0,1,1,0,182,2,12,0
3250478,0,1,0,1,0,0,182,2,12,0
3250529,0,1,1,0,1,0,182,2,12,0
3250610,1,0,1,0,0,0,182,2,12,0
3251131,0,0,1,1,0,0,182,2,12,0
3251369,0,1,1,0,1,0,182,2,12,0
3251581,1,1,0,0,0,0,182,2,12,0
3252076,0,0,1,1,0,0,182,2,12,0
3252165,0,0,0,0,1,0,182,2,12,0
3252469,1,0,1,0,0,0,182,2,12,0
3252673,1,1,1,1,1,0,182,2,12,0
3252676,0,1,1,0,1,0,182,2,12,0
3253153,1,1,1,1,1,0,182,2,12,0
3253569,1,0,1,0,0,0,182,2,12,0
3253788,0,0,1,1,0,0,182,2,12,0
3254066,0,0,1,1,0,0,182,2,12,0
3254205,0,0,0,0,1,0,182,2,12,0
3254217,1,1,1,1,1,0,182,2,12,0
3254231,0,0,0,0,1,0,182,2,12,0
3254954,1,1,1,1,1,0,182,2,12,0
3255365,0,1,1,0,1,0,182,2,12,0
3255528,0,0,0,0,1,0,182,2,12,0
3255880,1,1,1,1,1,0,182,2,12,0
3256478,1,1,1,1,1,0,182,2,12,0
3257461,1,0,0,0,1,1,182,2,12,0
3259495,0,1,0,1,0,0,182,2,12,0
3259869,0,1,1,0,1,0,182,2,12,0
3260159,0,0,1,1,0,0,182,2,12,0
3260569,1,1,0,0,0,0,182,2,12,0
3261007,1,1,0,0,0,0,182,2,12,0
3261567,0,0,1,1,0,0,182,2,12,0
3261917,0,1,0,1,0,0,182,2,12,0
3262411,0,1,1,0,1,0,182,2,12,0
3262516,1,0,0,1,1,0,182,2,12,0
3262652,1,1,0,0,0,0,182,2,12,0
3262670,0,1,0,1,0,0,182,2,12,0
3262866,1,0,0,1,1,0,182,2,12,0
3264056,1,1,0,0,0,0,182,2,12,0
3264135,1,1,1,1,1,0,182,2,12,0
3264152,1,0,0,1,1,0,182,2,12,0
3264468,1,0,0,1,1,0,182,2,12,0
3264991,1,0,1,0,0,0,182,2,12,0
3266974,0,1,0,1,0,0,182,2,12,0
3267338,1,0,1,0,0,0,182,2,12,0
3268430,1,0,1,0,0,0,182,2,12,0
3269853,1,1,1,1,1,0,182,2,12,0
3270351,1,1,1,1,1,0,182,2,12,0
3270375,0,1,1,0,1,0,182,2,12,0
3270456,1,1,1,1,1,0,182,2,12,0
3270599,0,0,1,1,0,0,182,2,12,0
3270605,1,0,0,0,1,1,182,2,12,0
3270710,1,1,1,1,1,0,182,2,12,0
3271071,1,0,1,0,0,0,182,2,12,0
3271383,0,1,0,1,0,0,182,2,12,0
3271801,0,0,0,0,1,0,182,2,12,0
3272766,1,1,0,0,0,0,182,2,12,0
3273077,1,1,1,1,1,0,182,2,12,0
3273540,0,0,0,0,1,0,182,2,12,0
3274463,0,1,1,0,1,0,182,2,12,0
3274650,1,1,0,0,0,0,182,2,12,0
3275626,1,0,0,1,1,0,182,2,12,0
3276392,1,1,1,1,1,0,182,2,12,0
3276676,1,1,0,0,0,0,182,2,12,0
3277424,0,1,1,0,1,0,91,2,12,1
3280208,0,1,1,0,1,0,91,2,12,1
3281563,0,1,0,1,0,0,91,2,12,1
3284902,0,0,1,1,0,0,91,2,12,1
3287458,0,0,0,0,1,0,91,2,12,1
3288076,0,0,1,1,0,0,91,2,12,1
3289305,0,0,1,0,0,0,91,2,12,1
3292215,1,1,1,1,1,0,91,2,12,1
3292472,0,0,1,1,0,0,91,2,12,1
3292806,1,0,1,0,0,0,91,2,12,1
3293774,1,1,1,1,1,0,91,2,12,1
3294047,0,0,0,0,1,0,91,2,12,1
3295018,0,1,0,1,0,0,91,2,12,1
3295095,1,0,0,1,1,0,91,2,12,1
3295209,1,0,0,1,1,0,91,2,12,1
3296102,0,0,0,0,1,0,91,2,12,1
3296110,0,0,1,1,0,0,91,2,12,1
3296826,1,1,1,1,1,0,91,2,12,1
3300040,1,0,1,0,0,0,91,2,12,1
3300101,0,0,0,1,1,1,91,2,12,1
3302408,0,1,1,0,1,0,91,2,12,1
3303680,0,0,1,1,0,0,91,2,12,1
3303808,1,1,0,0,0,0,91,2,12,1
3306717,0,0,0,0,1,0,91,2,12,1
3307511,1,0,0,1,1,0,91,2,12,1
3308323,0,1,0,1,0,0,91,2,12,1
3311354,0,0,1,1,0,0,91,2,12,1
3312240,0,0,1,1,0,0,91,2,12,1
3312911,0,1,0,1,0,0,91,2,12,1
3312946,1,0,0,1,1,0,91,2,12,1
3316965,1,1,0,0,0,0,91,2,12,1
3317012,1,0,1,1,0,0,91,2,12,1
3317397,0,0,0,0,1,0,91,2,12,1
3318279,0,0,0,0,1,0,91,2,12,1
3320120,0,1,1,0,1,0,91,2,12,1
3320822,0,0,1,1,0,0,91,2,12,1
3323457,0,0,1,1,0,0,91,2,12,1
3324590,0,0,0,0,1,0,91,2,12,1
3324883,1,1,0,1,0,0,91,2,12,1
3326036,1,0,1,0,0,0,91,2,12,1
3327828,0,0,0,0,1,0,91,2,12,1
3329489,1,0,1,0,0,0,91,2,12,1
3333016,1,1,0,0,0,0,91,2,12,1
3333228,1,1,1,0,1,1,91,2,12,1
3335061,1,1,1,1,1,0,91,2,12,1
3337145,0,1,0,1,0,0,91,2,12,1
3337298,1,1,1,1,1,0,91,2,12,1
3337645,1,0,1,0,0,0,91,2,12,1
3339419,1,1,0,0,0,0,91,2,12,1
3341030,0,0,0,1,1,1,91,2,12,1
3341765,0,0,1,1,0,0,91,2,12,1
3342667,0,0,0,0,1,0,155,2,12,1
3343096,1,0,0,1,1,0,155,2,12,1
3344250,1,0,1,0,0,0,155,2,12,1
3344884,0,1,1,0,1,0,155,2,12,1
3345064,1,0,0,1,1,0,155,2,12,1
3345094,1,1,0,0,0,0,155,2,12,1
3345808,1,0,0,1,1,0,155,2,12,1
3345850,1,0,0,1,1,0,155,2,12,1
3347203,1,1,0,0,0,0,155,2,12,1
3348037,0,0,0,0,1,0,155,2,12,1
3348327,0,0,1,1,0,0,155,2,12,1
3348549,0,1,1,0,1,0,155,2,12,1
3348607,0,1,0,1,0,0,155,2,12,1
3349291,0,0,1,1,0,0,155,2,12,1
3349637,1,0,1,0,0,0,155,2,12,1
3349715,0,1,0,1,0,0,155,2,12,1
3350313,0,0,1,1,0,0,155,2,12,1
3351649,0,1,1,0,1,0,155,2,12,1
3352304,1,1,0,0,0,0,155,2,12,1
3352345,0,0,1,1,0,0,155,2,12,1
3355843,1,0,1,0,0,0,155,2,12,1
3356887,0,0,1,1,0,0,155,2,12,1
3356899,0,0,1,1,0,0,155,2,12,1
3357082,1,1,0,0,0,0,155,2,12,1
3357964,1,0,0,1,1,0,155,2,12,1
3360220,0,0,1,1,0,0,155,2,12,1
3360623,1,0,1,0,0,0,155,2,12,1
3360933,1,0,0,1,1,0,155,2,12,1
3361393,0,1,1,0,1,0,155,2,12,1
3363767,0,1,0,1,0,0,155,2,12,1
3364166,0,0,0,0,1,0,155,2,12,1
3365173,0,1,0,1,0,0,155,2,12,1
3365612,1,1,0,0,0,0,155,2,12,1
3365810,1,0,0,1,1,0,155,2,12,1
3365858,0,1,0,1,0,0,155,2,12,1
3366451,0,0,0,0,1,0,155,2,12,1
3366820,1,0,1,0,0,0,155,2,12,1
3367064,0,1,1,0,1,0,155,2,12,1
3367613,1,1,0,0,0,0,155,2,12,1
3368071,1,0,0,1,1,0,155,2,12,1
3368838,1,1,0,0,0,0,155,2,12,1
3368961,1,0,0,1,1,0,155,2,12,1
3369499,0,0,1,1,0,0,155,2,12,1
3370979,1,0,0,1,1,0,155,2,12,1
3371669,1,1,1,1,1,0,155,2,12,1
3371761,0,0,0,0,1,0,155,2,12,1
3372489,0,1,0,1,0,0,155,2,12,1
3372529,1,1,1,1,1,0,155,2,12,1
3373178,0,1,1,0,1,0,155,2,12,1
3375443,1,1,1,1,1,0,155,2,12,1
3375687,0,0,0,0,1,0,155,2,12,1
3375962,1,0,1,0,0,0,155,2,12,1
3376142,0,0,0,0,1,0,155,2,12,1
3379247,1,0,1,0,0,0,155,2,12,1
3379798,1,1,1,1,1,0,155,2,12,1
3380492,1,1,0,0,0,0,155,2,12,1
3381274,1,1,0,1,0,0,155,2,12,1
3382591,0,1,0,1,0,0,155,2,12,1
3383564,1,0,0,1,1,0,155,2,12,1
3383919,0,0,1,1,0,0,155,2,12,1
3384046,1,0,0,1,1,0,155,2,12,1
3384947,1,1,1,1,1,0,155,2,12,1
3386958,1,1,1,1,1,0,155,2,12,1
3387258,1,0,0,1,1,0,155,2,12,1
3387281,1,0,0,1,1,0,155,2,12,1
3387463,1,1,0,0,0,0,155,2,12,1
3389385,0,0,1,1,0,0,155,2,12,1
3389469,0,1,0,1,0,0,155,2,12,1
3390388,1,1,0,0,0,0,155,2,12,1
3390709,0,0,0,0,1,0,155,2,12,1
3390911,1,1,1,1,1,0,155,2,12,1
3391711,0,1,1,0,1,0,155,2,12,1
3391894,0,1,1,0,1,0,155,2,12,1
3393050,1,0,1,0,0,0,155,2,12,1
3393569,0,0,1,1,0,0,155,2,12,1
3395668,1,1,1,1,1,0,155,2,12,1
3396849,0,1,1,0,1,0,155,2,12,1
3397276,1,1,1,1,1,0,155,2,12,1
3397470,0,1,1,0,1,0,155,2,12,1
3398539,0,1,1,0,1,0,155,2,12,1
3399511,0,0,0,0,1,0,155,2,12,1
3399654,0,0,1,1,0,0,155,2,12,1
3401413,0,0,1,1,0,0,155,2,12,1
3402055,0,0,0,0,1,0,155,2,12,1
3402144,1,1,1,0,1,1,155,2,12,1
3402790,1,0,0,1,1,0,155,2,12,1
3403293,0,0,0,0,1,0,155,2,12,1
3403542,1,0,0,1,1,0,155,2,12,1
3404921,0,0,1,1,0,0,155,2,12,1
3405650,0,1,0,1,0,0,155,2,12,1
3405869,0,0,1,1,0,0,155,2,12,1
3406501,0,0,0,0,1,0,155,2,12,1
3406718,1,1,1,1,1,0,155,2,12,1
3406870,1,1,1,1,1,0,155,2,12,1
3407523,1,1,0,0,0,0,155,2,12,1
3408025,1,0,0,1,1,0,195,2,12,1
3408412,0,0,1,1,0,0,195,2,12,1
3408463,0,1,1,0,1,0,195,2,12,1
3408864,1,0,0,1,1,0,195,2,12,1
3409233,1,1,1,1,1,0,195,2,12,1
3409553,0,0,0,0,1,0,195,2,12,1
3409570,0,1,1,0,1,0,195,2,12,1
3409858,1,1,1,1,1,0,195,2,12,1
3409909,1,1,1,1,1,0,195,2,12,1
3410212,0,1,0,1,0,0,195,2,12,1
3410389,1,1,0,0,0,0,195,2,12,1
3410602,0,0,0,1,1,1,195,2,12,1
3411061,1,1,1,1,1,0,195,2,12,1
3411411,0,0,0,0,1,0,195,2,12,1
3412153,0,0,1,1,0,0,195,2,12,1
3412574,0,0,1,1,0,0,195,2,12,1
3413259,1,1,1,1,1,0,195,2,12,1
3413458,0,0,0,0,1,0,195,2,12,1
3414190,1,1,1,1,1,0,195,2,12,1
3416027,1,1,0,0,0,0,195,2,12,1
3418451,1,0,0,1,1,0,195,2,12,1
3419049,0,1,1,0,1,0,195,2,12,1
3419653,0,0,0,0,1,0,195,2,12,1
3419948,1,1,1,1,1,0,195,2,12,1
3420054,1,0,0,1,1,0,195,2,12,1
3420769,0,1,0,1,0,0,195,2,12,1
3422037,0,0,0,0,1,0,195,2,12,1
3422343,1,1,1,1,1,0,195,2,12,1
3424528,1,1,1,1,1,0,195,2,12,1
3426597,0,1,0,1,0,0,195,2,12,1
3427515,1,1,0,0,0,0,195,2,12,1
3427760,0,0,0,0,1,0,195,2,12,1
3427810,0,0,1,1,0,0,195,2,12,1
3427815,1,1,0,0,0,0,195,2,12,1
3427983,0,0,1,1,0,0,195,2,12,1
3428289,1,0,0,1,1,0,195,2,12,1
3428603,0,1,0,1,0,0,195,2,12,1
3428936,1,0,1,0,0,0,195,2,12,1
3430602,0,0,0,0,1,0,195,2,12,1
3430962,1,0,1,0,0,0,195,2,12,1
3431510,0,0,0,0,1,0,195,2,12,1
3432345,0,0,0,0,1,0,195,2,12,1
3432756,1,0,1,0,0,0,195,2,12,1
3432868,1,1,1,1,1,0,195,2,12,1
3433354,0,1,0,1,0,0,195,2,12,1
3434109,0,1,1,0,1,0,195,2,12,1
3434511,1,1,1,1,1,0,195,2,12,1
3434604,1,0,0,1,1,0,195,2,12,1
3435668,0,1,0,1,0,0,195,2,12,1
3437686,0,0,1,1,0,0,195,2,12,1
3439577,1,1,1,1,1,0,195,2,12,1
3439889,0,1,0,1,0,0,195,2,12,1
3440468,0,1,0,1,0,0,195,2,12,1
3441183,1,1,0,0,0,0,195,2,12,1
3442669,1,0,1,0,0,0,195,2,12,1
3443556,1,0,1,0,0,0,195,2,12,1
3445410,0,0,1,1,0,0,195,2,12,1
3446387,1,0,0,1,1,0,195,2,12,1
3447264,0,1,0,0,0,0,195,2,12,1
3448717,0,0,1,1,0,0,195,2,12,1
3450666,1,1,1,1,1,0,195,2,12,1
3450753,1,1,0,0,0,0,195,2,12,1
3451268,0,1,1,0,1,0,195,2,12,1
3451812,0,1,0,1,0,0,195,2,12,1
3452548,0,0,1,1,0,0,195,2,12,1
3452964,0,0,1,1,0,0,195,2,12,1
3453995,1,0,0,1,1,0,195,2,12,1
3454515,0,1,1,0,1,0,195,2,12,1
3454674,0,0,1,1,0,0,195,2,12,1
3455436,1,1,1,1,1,0,195,2,12,1
3456218,1,1,0,0,0,0,195,2,12,1
3456241,0,1,1,0,1,0,195,2,12,1
3456412,1,1,0,1,0,0,195,2,12,1
3456577,0,0,1,1,0,0,195,2,12,1
3457079,1,1,1,1,1,0,195,2,12,1
3458341,1,0,0,1,1,0,195,2,12,1
3459544,0,1,1,0,1,0,195,2,12,1
3459889,0,0,0,0,1,0,195,2,12,1
3460019,0,0,0,0,1,0,195,2,12,1
3460897,0,1,1,0,1,0,195,2,12,1
3462219,1,1,0,0,0,0,195,2,12,1
3463232,0,0,1,1,0,0,195,2,12,1
3465060,1,0,0,1,1,0,195,2,12,1
3466710,1,1,1,1,1,0,195,2,12,1
3468172,1,0,0,1,1,0,195,2,12,1
3469266,1,1,1,1,1,0,195,2,12,1
3470010,0,1,0,1,0,0,195,2,12,1
3470080,1,1,1,1,1,0,195,2,12,1
3470548,1,1,0,0,0,0,195,2,12,1
3470995,0,1,0,1,0,0,195,2,12,1
3471064,0,0,1,1,0,0,195,2,12,1
3471595,1,1,1,1,1,0,195,2,12,1
3471927,0,0,1,1,0,0,195,2,12,1
3472388,0,1,0,1,0,0,195,2,12,1
3474653,0,0,1,1,0,0,160,2,12,1
3474851,1,1,1,1,1,0,160,2,12,1
3475003,0,0,0,0,1,0,160,2,12,1
3477484,1,0,1,0,0,0,160,2,12,1
3477552,1,1,1,1,1,0,160,2,12,1
3478833,1,1,1,1,1,0,160,2,12,1
3479588,1,0,1,0,0,0,160,2,12,1
3480352,1,0,1,1,0,0,160,2,12,1
3481085,0,0,0,0,1,0,160,2,12,1
3481541,0,1,0,1,0,0,160,2,12,1
3483557,1,0,0,1,1,0,160,2,12,1
3485410,1,0,0,0,1,1,160,2,12,1
3485516,1,0,0,1,1,0,160,2,12,1
3486269,0,1,1,0,1,0,160,2,12,1
3486552,0,0,1,1,0,0,160,2,12,1
3486736,0,1,0,1,0,0,160,2,12,1
3486793,1,0,0,1,1,0,160,2,12,1
3487474,0,1,0,1,0,0,160,2,12,1
3488161,0,0,1,1,0,0,160,2,12,1
3490308,0,0,1,1,0,0,160,2,12,1
3491723,1,0,0,1,1,0,160,2,12,1
3492102,1,1,1,1,1,0,160,2,12,1
3492196,0,0,1,1,0,0,160,2,12,1
3493346,0,0,1,1,0,0,160,2,12,1
3493783,0,1,0,1,0,0,160,2,12,1
3493866,1,1,0,0,0,0,160,2,12,1
3494327,1,0,0,0,1,1,160,2,12,1
3495580,0,0,0,0,1,0,160,2,12,1
3495907,1,1,1,0,1,1,160,2,12,1
3497881,1,0,0,0,1,1,160,2,12,1
3499091,0,1,1,0,1,0,160,2,12,1
3499522,1,0,0,1,1,0,160,2,12,1
3500670,0,0,0,0,1,0,160,2,12,1
3500907,0,0,1,1,0,0,160,2,12,1
3503677,1,0,0,1,1,0,160,2,12,1
3504755,1,0,0,1,1,0,160,2,12,1
3507472,1,1,0,0,0,0,160,2,12,1
3507495,1,0,1,0,0,0,160,2,12,1
3508371,0,0,1,1,0,0,160,2,12,1
3508700,1,0,0,1,1,0,160,2,12,1
3509565,1,1,1,1,1,0,160,2,12,1
3509726,1,0,0,1,1,0,160,2,12,1
3510480,0,1,1,0,1,0,160,2,12,1
3511128,0,0,0,0,1,0,160,2,12,1
3511810,0,1,0,1,0,0,160,2,12,1
3512042,1,1,0,0,0,0,160,2,12,1
3512383,0,0,0,0,1,0,160,2,12,1
3513412,0,0,0,0,1,0,160,2,12,1
3515297,1,1,0,0,0,0,160,2,12,1
3515518,0,1,0,0,0,0,160,2,12,1
3516439,0,0,0,0,1,0,160,2,12,1
3516882,0,0,1,1,0,0,160,2,12,1
3518213,0,1,0,1,0,0,160,2,12,1
3520171,0,0,0,0,1,0,160,2,12,1
3520605,0,1,0,1,0,0,160,2,12,1
3521531,0,0,0,0,1,0,160,2,12,1
3521932,1,1,1,1,1,0,160,2,12,1
3522544,1,0,1,0,0,0,160,2,12,1
3525107,1,0,0,1,1,0,160,2,12,1
3525518,0,1,0,1,0,0,160,2,12,1
3525776,0,0,1,1,0,0,160,2,12,1
3527905,1,0,0,1,1,0,160,2,12,1
3527950,1,0,0,1,1,0,160,2,12,1
3528159,1,0,1,0,0,0,160,2,12,1
3528678,1,1,1,1,1,0,160,2,12,1
3528823,0,1,1,0,1,0,160,2,12,1
3529002,1,1,1,1,1,0,160,2,12,1
3529068,1,0,0,1,1,0,160,2,12,1
3531198,0,1,0,1,0,0,160,2,12,1
3531372,1,0,0,1,1,0,160,2,12,1
3531950,0,1,0,1,0,0,160,2,12,1
3533515,1,1,1,1,1,0,160,2,12,1
3534726,1,1,1,1,1,0,160,2,12,1
3534888,0,1,0,1,0,0,160,2,12,1
3536175,1,0,0,1,1,0,160,2,12,1
3536640,1,0,0,1,1,0,160,2,12,1
3537625,1,0,0,1,1,0,160,2,12,1
3538985,1,0,1,0,0,0,128,2,12,0
3539303,1,1,1,1,1,0,128,2,12,0
3540777,1,1,0,0,0,0,128,2,12,0
3540810,1,1,0,1,0,0,128,2,12,0
3541031,1,0,1,0,0,0,128,2,12,0
3541203,0,0,0,0,1,0,128,2,12,0
3541285,0,0,0,0,1,0,128,2,12,0
3541444,0,0,0,0,1,0,128,2,12,0
3541475,0,0,0,1,1,1,128,2,12,0
3543206,0,1,0,1,0,0,128,2,12,0
3544049,1,1,1,1,1,0,128,2,12,0
3544319,1,0,1,0,0,0,128,2,12,0
3545127,0,1,1,0,1,0,128,2,12,0
3545631,1,0,0,1,1,0,128,2,12,0
3546529,1,1,1,1,1,0,128,2,12,0
3547062,1,0,0,0,1,1,128,2,12,0
3547427,0,1,0,1,0,0,128,2,12,0
3547445,0,0,1,1,0,0,128,2,12,0
3548673,0,0,0,0,1,0,128,2,12,0
3548948,1,1,0,0,0,0,128,2,12,0
3549061,0,1,1,0,1,0,128,2,12,0
3549216,1,0,0,1,1,0,128,2,12,0
3549231,0,1,0,1,0,0,128,2,12,0
3550030,1,1,1,1,1,0,128,2,12,0
3550974,1,0,1,0,0,0,128,2,12,0
3551011,0,1,0,1,0,0,128,2,12,0
3551530,1,0,0,1,1,0,128,2,12,0
3551845,1,0,0,1,1,0,128,2,12,0
3551894,1,1,0,0,0,0,128,2,12,0
3552627,1,1,0,0,0,0,128,2,12,0
3552937,1,1,1,1,1,0,128,2,12,0
3553082,1,0,1,0,0,0,128,2,12,0
3554250,0,1,1,0,1,0,128,2,12,0
3554883,1,0,1,0,0,0,128,2,12,0
3555552,1,1,1,1,1,0,128,2,12,0
3555721,0,0,1,1,0,0,128,2,12,0
3556710,0,0,1,1,0,0,128,2,12,0
3556995,1,0,0,1,1,0,128,2,12,0
3558552,1,1,0,0,0,0,128,2,12,0
3559134,1,1,1,1,1,0,128,2,12,0
3560045,0,0,0,0,1,0,128,2,12,0
3561160,0,0,1,1,0,0,128,2,12,0
3561462,0,1,1,0,1,0,128,2,12,0
3562026,0,1,0,1,0,0,128,2,12,0
3562261,0,1,0,0,0,0,128,2,12,0
3562538,0,1,1,0,1,0,128,2,12,0
3562799,1,1,1,1,1,0,128,2,12,0
3564970,1,1,0,0,0,0,128,2,12,0
3565652,0,0,0,0,1,0,128,2,12,0
3566083,0,1,1,0,1,0,128,2,12,0
3566289,0,0,0,0,1,0,128,2,12,0
3567904,0,1,1,0,1,0,128,2,12,0
3568536,0,0,0,1,1,1,128,2,12,0
3569199,1,0,0,1,1,0,128,2,12,0
3570500,0,1,1,0,1,0,128,2,12,0
3570848,1,0,0,1,1,0,128,2,12,0
3571355,0,0,0,0,1,0,128,2,12,0
3571554,1,1,0,0,0,0,128,2,12,0
3572211,0,1,0,1,0,0,128,2,12,0
3572548,0,1,0,1,0,0,128,2,12,0
3572647,0,1,0,1,0,0,128,2,12,0
3573160,1,1,0,0,0,0,128,2,12,0
3573927,1,1,0,0,0,0,128,2,12,0
3574208,1,1,0,0,0,0,128,2,12,0
3574295,0,1,0,1,0,0,128,2,12,0
3574659,0,1,1,0,1,0,128,2,12,0
3575154,0,0,0,1,1,1,128,2,12,0
3575285,1,1,1,1,1,0,128,2,12,0
3575928,1,0,1,0,0,0,128,2,12,0
3576129,1,1,0,0,0,0,128,2,12,0
3576181,0,1,0,1,0,0,128,2,12,0
3576648,1,0,1,0,0,0,128,2,12,0
3577331,0,1,0,1,0,0,128,2,12,0
3577364,0,0,1,1,0,0,128,2,12,0
3577468,1,1,1,1,1,0,128,2,12,0
3577608,1,1,1,1,1,0,128,2,12,0
3578452,0,0,0,0,1,0,128,2,12,0
3579897,0,1,1,0,1,0,128,2,12,0
3579983,0,0,0,0,1,0,128,2,12,0
3580237,0,1,1,0,1,0,128,2,12,0
3582677,1,0,0,1,1,0,128,2,12,0
3582699,1,1,1,1,1,0,128,2,12,0
3582960,0,0,1,1,0,0,128,2,12,0
3583285,1,0,1,0,0,0,128,2,12,0
3583928,0,0,0,0,1,0,128,2,12,0
3584381,0,0,1,1,0,0,128,2,12,0
3584969,1,0,1,0,0,0,128,2,12,0
3584994,0,1,0,1,0,0,128,2,12,0
3586461,0,0,1,1,0,0,128,2,12,0
3587023,1,0,0,1,1,0,128,2,12,0
3588952,1,1,0,0,0,0,128,2,12,0
3589262,1,0,0,1,1,0,128,2,12,0
3589331,0,1,1,0,1,0,128,2,12,0
3590098,0,1,0,1,0,0,128,2,12,0
3590312,0,0,1,1,0,0,128,2,12,0
3590568,0,0,1,1,0,0,128,2,12,0
3591890,0,1,0,1,0,0,128,2,12,0
3592097,1,1,0,0,0,0,128,2,12,0
3593005,0,0,0,0,1,0,128,2,12,0
3593118,0,0,0,0,1,0,128,2,12,0
3593614,1,0,0,1,1,0,128,2,12,0
3593673,0,0,0,0,1,0,128,2,12,0
3594241,1,1,1,1,1,0,128,2,12,0
3594461,1,0,1,0,0,0,128,2,12,0
3595515,0,1,0,1,0,0,128,2,12,0
3596042,0,1,0,1,0,0,128,2,12,0
3596133,0,0,0,0,1,0,128,2,12,0
3596576,1,1,0,0,0,0,128,2,12,0
3596859,0,0,1,1,0,0,128,2,12,0
3596994,0,1,0,1,0,0,128,2,12,0
3597354,0,0,0,0,1,0,128,2,12,0
3597443,1,0,0,1,1,0,128,2,12,0
3597663,0,0,0,0,1,0,128,2,12,0
3598306,0,1,1,0,1,0,128,2,12,0
3598336,0,1,0,1,0,0,128,2,12,0
3598586,1,1,1,1,1,0,128,2,12,0
3598641,0,0,0,0,1,0,128,2,12,0
3599113,1,0,1,0,0,0,128,2,12,0
3599407,1,1,1,1,1,0,128,2,12,0
3601138,1,0,0,1,1,0,128,2,12,0
3601280,0,0,1,1,0,0,128,2,12,0
3601545,0,1,1,0,1,0,128,2,12,0
3602361,1,0,1,0,0,0,128,2,12,0
3602405,0,1,0,1,0,0,128,2,12,0
3603758,1,1,1,1,1,0,128,2,12,0
3603803,1,1,1,1,1,0,128,2,12,0
3603985,0,1,0,1,0,0,128,2,12,0
3604269,1,1,1,1,1,0,128,2,12,0
3604642,0,0,1,1,0,0,126,2,12,0
3605377,0,1,1,1,1,1,126,2,12,0
3605845,1,0,0,0,1,1,126,2,12,0
3606327,0,1,0,1,0,0,126,2,12,0
3607117,1,0,0,1,1,0,126,2,12,0
3607376,0,1,1,0,1,0,126,2,12,0
3607457,0,0,1,1,0,0,126,2,12,0
3607555,1,1,0,0,0,0,126,2,12,0
3607945,0,0,0,0,1,0,126,2,12,0
3610465,1,0,1,0,0,0,126,2,12,0
3611575,0,1,0,1,0,0,126,2,12,0
3611852,1,0,0,1,1,0,126,2,12,0
3611955,1,1,0,0,0,0,126,2,12,0
3612553,1,1,0,0,0,0,126,2,12,0
3612713,0,0,1,1,0,0,126,2,12,0
3613412,1,0,0,1,1,0,126,2,12,0
3614454,0,0,0,0,1,0,126,2,12,0
3614799,1,0,1,0,0,0,126,2,12,0
3614919,1,0,0,1,1,0,126,2,12,0
3615578,0,1,0,1,0,0,126,2,12,0
3615775,1,1,0,0,0,0,126,2,12,0
3616127,1,0,0,1,1,0,126,2,12,0
3616564,0,1,1,0,1,0,126,2,12,0
3617304,1,0,1,0,0,0,126,2,12,0
3617790,0,0,0,0,1,0,126,2,12,0
3617920,0,0,0,0,1,0,126,2,12,0
3618956,1,1,0,0,0,0,126,2,12,0
3619552,1,0,1,0,0,0,126,2,12,0
3619633,0,0,0,0,1,0,126,2,12,0
3619654,0,0,1,1,0,0,126,2,12,0
3620023,1,0,1,0,0,0,126,2,12,0
3620265,1,0,0,1,1,0,126,2,12,0
3622941,1,1,0,0,0,0,126,2,12,0
3623033,0,1,0,1,0,0,126,2,12,0
3624521,1,0,0,1,1,0,126,2,12,0
3624585,0,0,0,1,1,1,126,2,12,0
3625581,0,0,0,0,1,0,126,2,12,0
3626490,1,0,0,1,1,0,126,2,12,0
3626561,0,0,1,1,0,0,126,2,12,0
3626778,0,1,0,1,0,0,126,2,12,0
3627037,1,1,1,1,1,0,126,2,12,0
3628116,0,0,1,1,0,0,126,2,12,0
3628364,1,0,0,1,1,0,126,2,12,0
3629128,1,1,0,0,0,0,126,2,12,0
3629466,1,0,0,1,1,0,126,2,12,0
3629633,0,1,0,1,0,0,126,2,12,0
3629876,1,0,0,1,1,0,126,2,12,0
3631312,0,0,0,0,1,0,126,2,12,0
3631722,1,0,0,1,1,0,126,2,12,0
3631967,0,0,1,0,0,0,126,2,12,0
3632136,1,0,0,1,1,0,126,2,12,0
3632277,0,0,0,0,1,0,126,2,12,0
3632964,1,1,1,1,1,0,126,2,12,0
3633121,0,1,1,0,1,0,126,2,12,0
3634912,0,1,0,1,0,0,126,2,12,0
3635703,0,1,0,1,0,0,126,2,12,0
3637210,1,0,0,1,1,0,126,2,12,0
3637389,1,1,1,1,1,0,126,2,12,0
3638077,0,1,1,0,1,0,126,2,12,0
3638785,0,0,0,0,1,0,126,2,12,0
3639169,1,1,0,0,0,0,126,2,12,0
3639507,0,0,1,1,0,0,126,2,12,0
3639554,1,0,1,0,0,0,126,2,12,0
3640413,0,1,1,0,1,0,126,2,12,0
3640915,0,0,0,0,1,0,126,2,12,0
3641088,1,1,1,1,1,0,126,2,12,0
3642804,1,0,1,0,0,0,126,2,12,0
3643071,1,0,1,0,0,0,126,2,12,0
3643148,0,1,0,1,0,0,126,2,12,0
3644671,1,1,0,1,0,0,126,2,12,0
3645186,1,1,1,1,1,0,126,2,12,0
3645600,0,1,0,1,0,0,126,2,12,0
3645952,1,0,0,1,1,0,126,2,12,0
3646116,0,0,0,0,1,0,126,2,12,0
3646689,1,0,1,0,0,0,126,2,12,0
3647099,0,1,0,1,0,0,126,2,12,0
3647161,1,0,0,1,1,0,126,2,12,0
3647637,1,1,0,0,0,0,126,2,12,0
3648169,0,0,1,1,0,0,126,2,12,0
3648843,0,1,0,1,0,0,126,2,12,0
3650229,1,1,1,1,1,0,126,2,12,0
3650500,1,0,0,1,1,0,126,2,12,0
3650842,1,0,1,0,0,0,126,2,12,0
3652253,0,1,1,0,1,0,126,2,12,0
3652357,0,1,0,1,0,0,126,2,12,0
3652813,1,1,1,1,1,0,126,2,12,0
3653833,0,0,1,1,0,0,126,2,12,0
3653931,0,0,0,0,1,0,126,2,12,0
3654052,1,1,1,1,1,0,126,2,12,0
3654110,0,0,1,1,0,0,126,2,12,0
3654383,1,1,1,1,1,0,126,2,12,0
3654448,1,1,0,1,0,0,126,2,12,0
3654978,0,0,1,1,0,0,126,2,12,0
3655130,0,1,0,1,0,0,126,2,12,0
3655730,1,0,1,0,0,0,126,2,12,0
3655769,1,0,0,1,1,0,126,2,12,0
3655939,0,1,1,0,1,0,126,2,12,0
3656581,1,0,0,1,1,0,126,2,12,0
3656883,1,1,1,1,1,0,126,2,12,0
3657115,0,0,1,1,0,0,126,2,12,0
3657483,0,1,0,1,0,0,126,2,12,0
3658077,1,1,1,1,1,0,126,2,12,0
3660374,0,1,1,0,1,0,126,2,12,0
3660565,1,1,0,0,0,0,126,2,12,0
3660608,1,0,0,1,1,0,126,2,12,0
3661371,0,1,1,0,1,0,126,2,12,0
3661400,0,1,0,1,0,0,126,2,12,0
3661938,1,0,0,1,1,0,126,2,12,0
3663441,1,0,0,0,1,1,126,2,12,0
3663692,0,1,0,1,0,0,126,2,12,0
3663979,1,0,0,1,1,0,126,2,12,0
3665033,0,1,0,1,0,0,126,2,12,0
3665086,1,0,0,1,1,0,126,2,12,0
3666122,0,0,0,1,1,1,126,2,12,0
3666678,1,0,0,1,1,0,126,2,12,0
3668189,0,0,1,1,0,0,126,2,12,0
3668287,0,1,0,1,0,0,126,2,12,0
3668421,0,1,1,0,1,0,126,2,12,0
3668909,1,0,0,1,1,0,126,2,12,0
3669627,0,1,1,0,1,0,126,2,12,0
3669927,0,0,1,1,0,0,126,2,12,0
3670985,0,1,1,0,1,0,92,2,12,0
3671249,0,0,0,0,1,0,92,2,12,0
3671410,1,0,0,1,1,0,92,2,12,0
3671780,0,1,1,0,1,0,92,2,12,0
3671919,0,1,1,0,1,0,92,2,12,0
3672708,1,0,1,0,0,0,92,2,12,0
3672996,0,0,0,0,1,0,92,2,12,0
3673934,1,1,0,0,0,0,92,2,12,0
3674066,0,1,0,1,0,0,92,2,12,0
3674448,1,0,1,0,0,0,92,2,12,0
3675582,0,0,1,1,0,0,92,2,12,0
3675617,0,1,1,0,1,0,92,2,12,0
3675715,0,0,1,1,0,0,92,2,12,0
3676501,0,1,0,1,0,0,92,2,12,0
3677288,0,1,1,0,1,0,92,2,12,0
3678067,1,0,0,1,1,0,92,2,12,0
3678735,1,0,0,1,1,0,92,2,12,0
3679857,0,1,1,0,1,0,92,2,12,0
3680319,0,0,0,0,1,0,92,2,12,0
3683079,0,0,0,0,1,0,92,2,12,0
3683126,1,1,1,1,1,0,92,2,12,0
3685317,0,1,1,0,1,0,92,2,12,0
3685587,0,0,1,1,0,0,92,2,12,0
3688404,1,0,0,1,1,0,92,2,12,0
3688717,1,1,0,0,0,0,92,2,12,0
3688987,1,0,1,0,0,0,92,2,12,0
3691087,1,1,1,1,1,0,92,2,12,0
3691366,0,0,0,0,1,0,92,2,12,0
3691466,1,0,1,0,0,0,92,2,12,0
3693739,0,0,1,1,0,0,92,2,12,0
3694307,1,0,1,0,0,0,92,2,12,0
3694830,1,0,1,0,0,0,92,2,12,0
3694869,0,0,1,1,0,0,92,2,12,0
3695245,1,1,0,0,0,0,92,2,12,0
3696120,1,0,1,0,0,0,92,2,12,0
3696835,1,0,1,0,0,0,92,2,12,0
3697035,0,1,0,1,0,0,92,2,12,0
3699505,0,1,0,1,0,0,92,2,12,0
3699930,1,1,0,0,0,0,92,2,12,0
3702380,1,0,0,1,1,0,92,2,12,0
3702544,1,1,0,0,0,0,92,2,12,0
3703577,1,0,1,0,0,0,92,2,12,0
3703614,1,1,0,0,0,0,92,2,12,0
3704568,0,0,0,0,1,0,92,2,12,0
3705176,1,0,1,0,0,0,92,2,12,0
3705426,1,0,1,0,0,0,92,2,12,0
3707859,0,1,1,0,1,0,92,2,12,0
3708281,0,1,1,0,1,0,92,2,12,0
3708370,1,1,1,1,1,0,92,2,12,0
3709480,0,0,1,1,0,0,92,2,12,0
3710516,1,1,1,1,1,0,92,2,12,0
3710925,1,1,1,1,1,0,92,2,12,0
3713856,1,0,1,0,0,0,92,2,12,0
3714464,0,1,0,1,0,0,92,2,12,0
3715082,0,0,1,1,0,0,92,2,12,0
3717995,0,1,0,1,0,0,92,2,12,0
3719868,1,0,0,1,1,0,92,2,12,0
3721184,0,0,1,1,0,0,92,2,12,0
3722020,0,1,0,1,0,0,92,2,12,0
3722033,1,0,1,0,0,0,92,2,12,0
3723113,1,0,0,1,1,0,92,2,12,0
3724162,0,0,1,1,0,0,92,2,12,0
3724619,1,0,1,0,0,0,92,2,12,0
3724882,0,1,0,1,0,0,92,2,12,0
3724945,1,1,1,1,1,0,92,2,12,0
3725093,1,1,1,1,1,0,92,2,12,0
3725522,0,0,0,0,1,0,92,2,12,0
3725806,0,1,0,0,0,0,92,2,12,0
3726797,0,1,0,1,0,0,92,2,12,0
3727056,1,1,0,0,0,0,92,2,12,0
3729532,0,0,0,0,1,0,92,2,12,0
3731244,0,0,0,0,1,0,92,2,12,0
3731501,1,1,0,0,0,0,92,2,12,0
3731714,1,0,1,0,0,0,92,2,12,0
3731775,0,0,1,1,0,0,92,2,12,0
3732729,1,0,1,0,0,0,92,2,12,0
3733256,0,0,1,1,0,0,92,2,12,0
3734010,0,1,0,1,0,0,92,2,12,0
3734690,0,0,0,0,1,0,92,2,12,0
3734835,1,0,1,0,0,0,92,2,12,0
3735706,0,0,0,0,1,0,55,2,12,0
3737442,0,0,1,1,0,0,55,2,12,0
3740573,1,0,0,1,1,0,55,2,12,0
3741767,0,1,1,0,1,0,55,2,12,0
3742230,1,0,1,0,0,0,55,2,12,0
3743260,1,1,0,0,0,0,55,2,12,0
3747095,1,1,0,0,0,0,55,2,12,0
3747653,1,0,0,1,1,0,55,2,12,0
3751422,0,1,1,0,1,0,55,2,12,0
3752827,0,1,1,0,1,0,55,2,12,0
3753279,0,0,1,1,0,0,55,2,12,0
3753721,1,1,1,1,1,0,55,2,12,0
3756170,1,0,1,0,0,0,55,2,12,0
3757533,0,1,0,1,0,0,55,2,12,0
3759142,0,1,0,1,0,0,55,2,12,0
3759730,0,0,1,1,0,0,55,2,12,0
3760584,1,0,1,0,0,0,55,2,12,0
3761829,1,0,0,1,1,0,55,2,12,0
3763182,1,0,1,0,0,0,55,2,12,0
3764193,1,0,1,0,0,0,55,2,12,0
3767637,1,0,0,1,1,0,55,2,12,0
3768200,1,0,1,0,0,0,55,2,12,0
3772908,1,0,1,0,0,0,55,2,12,0
3774031,0,0,1,1,0,0,55,2,12,0
3775891,1,1,1,1,1,0,55,2,12,0
3777448,1,1,1,1,1,0,55,2,12,0
3777513,1,1,1,1,1,0,55,2,12,0
3779868,1,1,1,1,1,0,55,2,12,0
3781626,0,1,0,1,0,0,55,2,12,0
3782445,0,1,0,1,0,0,55,2,12,0
3782679,1,1,1,1,1,0,55,2,12,0
3785967,1,0,0,1,1,0,55,2,12,0
3787091,0,1,1,0,1,0,55,2,12,0
3787300,0,1,1,0,1,0,55,2,12,0
3787903,0,1,1,0,1,0,55,2,12,0
3787996,0,1,1,0,1,0,55,2,12,0
3788039,0,0,0,0,1,0,55,2,12,0
3788726,1,1,0,0,0,0,55,2,12,0
3791236,1,1,1,1,1,0,55,2,12,0
3791328,0,1,0,1,0,0,55,2,12,0
3792674,1,0,0,1,1,0,55,2,12,0
3792947,1,0,1,0,0,0,55,2,12,0
3795784,1,1,0,0,0,0,55,2,12,0
3796503,0,0,1,1,0,0,55,2,12,0
3797023,0,0,1,1,0,0,55,2,12,0
3797542,1,0,1,0,0,0,55,2,12,0
3800887,1,0,0,1,1,0,55,2,12,0
3801351,0,1,1,0,1,0,93,2,12,0
3801968,1,1,1,1,1,0,93,2,12,0
3802318,1,1,0,0,0,0,93,2,12,0
3803050,1,1,1,1,1,0,93,2,12,0
3803271,0,1,1,0,1,0,93,2,12,0
3804171,1,1,1,1,1,0,93,2,12,0
3804557,1,1,1,1,1,0,93,2,12,0
3806235,0,1,0,1,0,0,93,2,12,0
3806601,1,0,0,1,1,0,93,2,12,0
3808818,0,1,1,0,1,0,93,2,12,0
3809130,1,0,0,1,1,0,93,2,12,0
3810596,1,0,1,0,0,0,93,2,12,0
3812013,1,1,1,1,1,0,93,2,12,0
3812670,0,0,0,0,1,0,93,2,12,0
3815134,1,0,0,1,1,0,93,2,12,0
3815848,0,0,1,1,0,0,93,2,12,0
3816396,1,0,0,1,1,0,93,2,12,0
3816620,0,1,0,1,0,0,93,2,12,0
3817039,1,1,1,1,1,0,93,2,12,0
3818049,0,0,1,1,0,0,93,2,12,0
3818917,0,1,0,1,0,0,93,2,12,0
3821118,0,1,1,0,1,0,93,2,12,0
3821743,1,0,1,0,0,0,93,2,12,0
3822111,0,0,1,1,0,0,93,2,12,0
3822272,1,0,1,0,0,0,93,2,12,0
3822603,1,0,1,0,0,0,93,2,12,0
3823731,1,1,1,1,1,0,93,2,12,0
3823782,1,0,0,1,1,0,93,2,12,0
3824422,0,1,0,1,0,0,93,2,12,0
3824583,0,1,0,1,0,0,93,2,12,0
3824995,0,1,0,1,0,0,93,2,12,0
3825112,1,0,0,1,1,0,93,2,12,0
3825549,0,1,1,1,1,1,93,2,12,0
3825591,0,1,1,0,1,0,93,2,12,0
3826014,0,0,0,0,1,0,93,2,12,0
3826052,0,1,0,1,0,0,93,2,12,0
3826073,0,0,1,1,0,0,93,2,12,0
3827008,1,0,0,1,1,0,93,2,12,0
3827158,0,0,0,0,1,0,93,2,12,0
3827545,1,1,0,0,0,0,93,2,12,0
3827986,0,0,1,1,0,0,93,2,12,0
3828841,1,0,0,0,1,1,93,2,12,0
3829158,0,0,1,1,0,0,93,2,12,0
3829387,0,0,0,0,1,0,93,2,12,0
3829807,0,0,1,1,0,0,93,2,12,0
3830244,1,1,0,0,0,0,93,2,12,0
3830346,0,0,1,1,0,0,93,2,12,0
3830885,0,1,1,0,1,0,93,2,12,0
3830992,1,1,0,0,0,0,93,2,12,0
3834157,0,1,0,1,0,0,93,2,12,0
3835563,1,1,0,0,0,0,93,2,12,0
3835857,1,1,1,1,1,0,93,2,12,0
3837601,0,0,0,0,1,0,93,2,12,0
3837614,1,0,1,0,0,0,93,2,12,0
3837727,1,0,1,0,0,0,93,2,12,0
3837766,0,1,0,1,0,0,93,2,12,0
3840227,0,1,1,0,1,0,93,2,12,0
3841355,1,1,1,1,1,0,93,2,12,0
3842362,0,1,0,1,0,0,93,2,12,0
3842687,1,0,0,1,1,0,93,2,12,0
3842824,1,0,1,0,0,0,93,2,12,0
3843912,1,1,1,1,1,0,93,2,12,0
3846436,1,1,0,0,0,0,93,2,12,0
3847871,0,1,0,1,0,0,93,2,12,0
3848429,0,1,0,1,0,0,93,2,12,0
3849672,1,0,1,0,0,0,93,2,12,0
3853672,1,0,0,1,1,0,93,2,12,0
3856485,1,0,1,0,0,0,93,2,12,0
3856661,1,1,0,0,0,0,93,2,12,0
3858898,1,0,1,0,0,0,93,2,12,0
3859290,0,0,1,1,0,0,93,2,12,0
3860321,1,1,0,0,0,0,93,2,12,0
3861329,0,0,0,1,1,1,93,2,12,0
3861585,0,1,0,1,0,0,93,2,12,0
3861835,0,0,0,1,1,1,93,2,12,0
3862506,0,0,0,0,1,0,93,2,12,0
3864086,1,1,1,1,1,0,93,2,12,0
3864751,0,1,0,1,0,0,93,2,12,0
3865441,1,1,0,0,0,0,93,2,12,0
3865973,0,1,1,0,1,0,93,2,12,0
3865978,0,1,1,0,1,0,93,2,12,0
3867174,0,1,0,0,0,0,162,2,12,0
3868094,0,0,0,0,1,0,162,2,12,0
3868283,1,0,1,0,0,0,162,2,12,0
3869373,1,0,0,1,1,0,162,2,12,0
3869570,1,0,1,0,0,0,162,2,12,0
3869736,1,1,0,0,0,0,162,2,12,0
3869927,0,0,1,1,0,0,162,2,12,0
3870169,1,1,0,0,0,0,162,2,12,0
3870549,1,0,0,1,1,0,162,2,12,0
3871006,0,0,1,1,0,0,162,2,12,0
3871330,1,1,1,1,1,0,162,2,12,0
3872015,1,0,1,0,0,0,162,2,12,0
3873530,1,1,1,1,1,0,162,2,12,0
3873537,0,0,0,0,1,0,162,2,12,0
3873750,1,0,1,0,0,0,162,2,12,0
3874226,1,0,0,1,1,0,162,2,12,0
3874269,0,0,0,0,1,0,162,2,12,0
3874917,1,1,1,1,1,0,162,2,12,0
3875188,0,1,0,1,0,0,162,2,12,0
3875203,1,1,1,1,1,0,162,2,12,0
3875336,0,0,0,0,1,0,162,2,12,0
3875716,0,0,1,1,0,0,162,2,12,0
3875807,1,1,0,0,0,0,162,2,12,0
3875882,1,0,0,1,1,0,162,2,12,0
3875971,1,0,0,1,1,0,162,2,12,0
3875986,1,0,0,1,1,0,162,2,12,0
3876307,0,0,1,1,0,0,162,2,12,0
3876364,0,1,1,0,1,0,162,2,12,0
3876652,1,0,0,1,1,0,162,2,12,0
3876808,1,0,0,1,1,0,162,2,12,0
3876822,0,0,1,1,0,0,162,2,12,0
3877279,1,1,1,1,1,0,162,2,12,0
3877792,1,0,0,1,1,0,162,2,12,0
3878353,1,0,0,1,1,0,162,2,12,0
3878378,1,0,1,0,0,0,162,2,12,0
3879124,0,0,1,1,0,0,162,2,12,0
3879236,1,0,1,0,0,0,162,2,12,0
3879277,0,1,1,0,1,0,162,2,12,0
3880595,0,0,1,1,0,0,162,2,12,0
3880634,0,0,0,0,1,0,162,2,12,0
3881287,0,0,0,0,1,0,162,2,12,0
3881483,1,0,0,1,1,0,162,2,12,0
3882528,1,0,1,0,0,0,162,2,12,0
3882535,1,1,0,0,0,0,162,2,12,0
3883122,1,0,0,1,1,0,162,2,12,0
3883464,1,1,1,1,1,0,162,2,12,0
3883524,1,1,1,1,1,0,162,2,12,0
3883911,0,0,0,0,1,0,162,2,12,0
3883955,1,1,0,0,0,0,162,2,12,0
3884555,1,1,1,1,1,0,162,2,12,0
3884902,0,1,1,0,1,0,162,2,12,0
3885018,0,1,0,0,0,0,162,2,12,0
3885028,1,0,0,1,1,0,162,2,12,0
3885071,1,1,0,0,0,0,162,2,12,0
3885851,1,1,0,0,0,0,162,2,12,0
3886270,0,1,0,1,0,0,162,2,12,0
3886454,0,1,1,0,1,0,162,2,12,0
3886740,0,0,0,0,1,0,162,2,12,0
3887666,1,1,1,1,1,0,162,2,12,0
3888145,0,0,1,1,0,0,162,2,12,0
3888393,1,1,0,0,0,0,162,2,12,0
3889217,0,0,0,0,1,0,162,2,12,0
3889517,1,0,1,0,0,0,162,2,12,0
3890273,0,1,0,1,0,0,162,2,12,0
3891738,0,1,1,0,1,0,162,2,12,0
3892142,1,0,1,0,0,0,162,2,12,0
3892723,1,0,0,1,1,0,162,2,12,0
3893459,1,0,0,1,1,0,162,2,12,0
3893710,0,0,1,1,0,0,162,2,12,0
3894155,0,1,1,0,1,0,162,2,12,0
3894675,1,1,1,1,1,0,162,2,12,0
3894982,1,0,1,0,0,0,162,2,12,0
3896408,1,0,0,1,1,0,162,2,12,0
3896459,0,0,0,0,1,0,162,2,12,0
3897098,1,1,0,0,0,0,162,2,12,0
3897341,1,1,1,1,1,0,162,2,12,0
3897943,1,1,0,0,0,0,162,2,12,0
3898384,1,1,1,1,1,0,162,2,12,0
3898589,0,0,1,1,0,0,162,2,12,0
3898951,1,0,1,0,0,0,162,2,12,0
3899362,0,1,0,1,0,0,162,2,12,0
3899526,1,0,0,1,1,0,162,2,12,0
3899651,1,1,1,1,1,0,162,2,12,0
3900104,1,1,0,0,0,0,162,2,12,0
3901245,1,0,1,0,0,0,162,2,12,0
3901434,0,0,1,1,0,0,162,2,12,0
3902245,0,0,0,0,1,0,162,2,12,0
3902402,1,0,1,0,0,0,162,2,12,0
3902578,1,1,1,1,1,0,162,2,12,0
3902824,0,1,0,1,0,0,162,2,12,0
3903431,1,1,1,1,1,0,162,2,12,0
3903729,0,1,0,1,0,0,162,2,12,0
3904241,1,1,1,1,1,0,162,2,12,0
3906331,1,0,1,1,0,0,162,2,12,0
3906832,1,0,0,1,1,0,162,2,12,0
3906885,0,1,0,1,0,0,162,2,12,0
3907036,1,0,1,0,0,0,162,2,12,0
3907162,0,1,0,1,0,0,162,2,12,0
3907449,0,1,0,1,0,0,162,2,12,0
3907555,0,1,0,1,0,0,162,2,12,0
3907567,0,0,1,1,0,0,162,2,12,0
3908235,0,0,1,1,0,0,162,2,12,0
3908455,0,0,0,0,1,0,162,2,12,0
3909312,0,0,0,0,1,0,162,2,12,0
3909593,0,0,0,0,1,0,162,2,12,0
3910069,0,0,0,0,1,0,162,2,12,0
3912278,0,1,0,1,0,0,162,2,12,0
3912376,0,1,1,0,1,0,162,2,12,0
3912739,1,0,1,0,0,0,162,2,12,0
3912845,1,0,0,1,1,0,162,2,12,0
3912934,1,1,1,1,1,0,162,2,12,0
3913071,0,0,1,1,0,0,162,2,12,0
3913378,0,1,1,0,1,0,162,2,12,0
3914522,1,1,0,0,0,0,162,2,12,0
3915466,1,1,0,0,0,0,162,2,12,0
3915807,1,1,1,1,1,0,162,2,12,0
3916480,1,1,0,0,0,0,162,2,12,0
3916531,1,1,0,0,0,0,162,2,12,0
3916556,1,0,1,0,0,0,162,2,12,0
3916848,0,0,0,0,1,0,162,2,12,0
3917516,1,0,0,1,1,0,162,2,12,0
3917776,1,0,0,1,1,0,162,2,12,0
3919784,1,1,1,1,1,0,162,2,12,0
3919866,1,0,0,1,1,0,162,2,12,0
3920097,0,0,0,0,1,0,162,2,12,0
3920269,0,1,0,1,0,0,162,2,12,0
3920710,1,0,0,1,1,0,162,2,12,0
3921220,1,1,0,0,0,0,162,2,12,0
3921392,1,1,1,1,1,0,162,2,12,0
3922649,1,0,0,1,1,0,162,2,12,0
3924188,0,1,1,0,1,0,162,2,12,0
3924431,0,0,0,0,1,0,162,2,12,0
3924828,0,0,0,0,1,0,162,2,12,0
3924920,1,1,0,0,0,0,162,2,12,0
3925856,1,0,0,1,1,0,162,2,12,0
3925897,1,0,1,0,0,0,162,2,12,0
3926280,0,0,0,0,1,0,162,2,12,0
3926609,0,1,1,0,1,0,162,2,12,0
3926849,0,1,1,0,1,0,162,2,12,0
3927145,1,0,0,1,1,0,162,2,12,0
3927467,1,0,1,0,0,0,162,2,12,0
3927789,1,0,0,1,1,0,162,2,12,0
3929279,1,0,0,1,1,0,162,2,12,0
3929348,1,0,0,1,1,0,162,2,12,0
3929731,1,0,1,1,0,0,162,2,12,0
3930352,0,0,0,0,1,0,162,2,12,0
3930381,0,1,1,0,1,0,162,2,12,0
3930519,1,1,0,0,0,0,162,2,12,0
3930538,0,0,0,0,1,0,162,2,12,0
3930828,0,1,0,1,0,0,162,2,12,0
3932309,0,0,1,1,0,0,162,2,12,0
3932647,0,1,0,1,0,0,162,2,12,0
3934916,1,0,0,1,1,0,162,2,12,0
3936621,0,0,1,1,0,0,162,2,12,0
3937506,0,0,1,1,0,0,162,2,12,0
3937587,1,0,0,1,1,0,162,2,12,0
3937870,0,1,0,1,0,0,162,2,12,0
3938389,1,0,0,1,1,0,162,2,12,0
3938725,0,0,1,1,0,0,162,2,12,0
3938967,0,0,0,0,1,0,162,2,12,0
3939019,0,0,1,1,0,0,162,2,12,0
3939515,1,1,0,0,0,0,162,2,12,0
3939787,1,1,1,1,1,0,162,2,12,0
3939829,0,1,0,1,0,0,162,2,12,0
3940069,0,0,0,0,1,0,162,2,12,0
3940369,1,0,0,1,1,0,162,2,12,0
3940923,0,1,0,1,0,0,162,2,12,0
3941317,0,1,1,0,1,0,162,2,12,0
3941665,0,0,0,0,1,0,162,2,12,0
3941912,1,0,0,1,1,0,162,2,12,0
3942087,0,0,1,1,0,0,162,2,12,0
3942330,0,0,0,0,1,0,162,2,12,0
3943273,1,1,1,1,1,0,162,2,12,0
3943690,0,1,0,1,0,0,162,2,12,0
3943795,1,0,0,1,1,0,162,2,12,0
3943880,1,0,0,1,1,0,162,2,12,0
3944302,1,1,1,1,1,0,162,2,12,0
3944475,1,0,0,1,1,0,162,2,12,0
3944503,1,0,0,1,1,0,162,2,12,0
3944836,0,0,1,1,0,0,162,2,12,0
3945390,0,1,1,1,1,1,162,2,12,0
3945745,1,1,0,0,0,0,162,2,12,0
3946112,1,0,1,0,0,0,162,2,12,0
3946287,1,0,0,1,1,0,162,2,12,0
3946647,1,0,0,1,1,0,162,2,12,0
3946747,1,0,1,0,0,0,162,2,12,0
3947075,0,1,1,1,1,1,162,2,12,0
3947333,0,0,0,0,1,0,162,2,12,0
3948100,1,1,0,0,0,0,162,2,12,0
3949590,1,1,0,0,0,0,162,2,12,0
3950078,0,0,1,0,0,0,162,2,12,0
3950230,1,1,0,0,0,0,162,2,12,0
3950340,1,1,1,1,1,0,162,2,12,0
3951332,1,0,1,0,0,0,162,2,12,0
3952359,1,0,1,0,0,0,162,2,12,0
3953739,1,0,1,0,0,0,162,2,12,0
3954061,1,0,1,0,0,0,162,2,12,0
3954601,1,1,0,0,0,0,162,2,12,0
3954719,1,0,1,0,0,0,162,2,12,0
3955220,0,0,1,1,0,0,162,2,12,0
3955662,0,1,0,1,0,0,162,2,12,0
3956089,0,0,0,0,1,0,162,2,12,0
3956215,1,1,0,0,0,0,162,2,12,0
3957134,0,0,1,1,0,0,162,2,12,0
3957909,1,0,1,0,0,0,162,2,12,0
3958329,0,0,1,1,0,0,162,2,12,0
3959458,1,1,0,0,0,0,162,2,12,0
3959529,0,0,1,1,0,0,162,2,12,0
3959583,1,1,1,1,1,0,162,2,12,0
3960187,0,0,0,0,1,0,162,2,12,0
3960799,0,0,0,0,1,0,162,2,12,0
3961277,1,0,0,1,1,0,162,2,12,0
3961556,1,0,1,0,0,0,162,2,12,0
3962023,0,1,1,0,1,0,162,2,12,0
3962301,1,0,0,1,1,0,162,2,12,0
3963082,1,0,0,1,1,0,162,2,12,0
3963165,1,0,1,0,0,0,162,2,12,0
3963181,0,1,0,1,0,0,162,2,12,0
3963445,1,1,0,0,0,0,162,2,12,0
3963473,0,0,0,0,1,0,162,2,12,0
3963594,1,0,1,0,0,0,162,2,12,0
3964483,1,1,0,0,0,0,162,2,12,0
3965030,0,0,0,0,1,0,162,2,12,0
3965151,1,0,1,0,0,0,162,2,12,0
3965236,0,0,0,0,1,0,162,2,12,0
3965374,0,0,1,1,0,0,162,2,12,0
3965485,0,1,0,1,0,0,162,2,12,0
3967549,0,1,0,0,0,0,162,2,12,0
3968592,1,1,1,1,1,0,162,2,12,0
3968632,1,0,0,1,1,0,162,2,12,0
3969142,0,0,1,1,0,0,162,2,12,0
3969496,0,1,1,0,1,0,162,2,12,0
3969903,1,0,0,1,1,0,162,2,12,0
3970633,1,1,1,1,1,0,162,2,12,0
3970811,0,0,0,0,1,0,162,2,12,0
3972027,1,1,1,1,1,0,162,2,12,0
3972092,0,1,0,1,0,0,162,2,12,0
3972563,1,1,0,0,0,0,162,2,12,0
3973016,0,1,1,1,1,1,162,2,12,0
3973113,1,0,0,1,1,0,162,2,12,0
3973167,1,1,0,0,0,0,162,2,12,0
3975005,1,1,1,1,1,0,162,2,12,0
3975096,0,1,1,0,1,0,162,2,12,0
3975315,0,1,0,1,0,0,162,2,12,0
3975556,1,0,0,1,1,0,162,2,12,0
3976400,0,0,0,0,1,0,162,2,12,0
3977702,0,1,1,0,1,0,162,2,12,0
3978167,1,0,0,1,1,0,162,2,12,0
3979009,0,0,1,1,0,0,162,2,12,0
3979081,1,0,1,0,0,0,162,2,12,0
3979192,1,1,1,1,1,0,162,2,12,0
3979196,1,1,1,1,1,0,162,2,12,0
3979631,1,1,1,1,1,0,162,2,12,0
3980076,0,1,1,0,1,0,162,2,12,0
3980341,1,1,1,1,1,0,162,2,12,0
3980514,1,0,1,0,0,0,162,2,12,0
3980931,1,1,0,0,0,0,162,2,12,0
3981142,1,0,1,0,0,0,162,2,12,0
3981843,1,1,1,1,1,0,162,2,12,0
3982070,1,1,0,0,0,0,162,2,12,0
3982159,1,0,0,1,1,0,162,2,12,0
3983069,1,0,0,1,1,0,162,2,12,0
3983566,1,0,0,1,1,0,162,2,12,0
3983912,1,1,0,0,0,0,162,2,12,0
3984245,0,1,1,0,1,0,162,2,12,0
3984807,1,1,1,1,1,0,162,2,12,0
3985018,0,0,1,1,0,0,162,2,12,0
3985566,0,0,0,0,1,0,162,2,12,0
3985742,1,1,1,1,1,0,162,2,12,0
3985903,1,0,0,1,1,0,162,2,12,0
3987857,0,1,0,1,0,0,162,2,12,0
3988079,0,0,1,1,0,0,162,2,12,0
3988302,1,0,0,1,1,0,162,2,12,0
3988313,1,1,0,0,0,0,162,2,12,0
3988753,1,0,0,1,1,0,162,2,12,0
3989043,1,1,0,0,0,0,162,2,12,0
3990255,0,1,1,0,1,0,162,2,12,0
3991410,0,1,1,0,1,0,162,2,12,0
3991687,1,0,1,0,0,0,162,2,12,0
3992626,0,0,0,0,1,0,162,2,12,0
3993453,1,0,1,0,0,0,162,2,12,0
3993911,1,0,0,0,1,1,162,2,12,0
3994053,1,0,1,0,0,0,162,2,12,0
3994248,1,1,0,0,0,0,162,2,12,0
3994499,0,0,0,0,1,0,162,2,12,0
3994630,1,0,0,1,1,0,162,2,12,0
3994662,0,1,0,1,0,0,162,2,12,0
3994987,0,0,1,1,0,0,162,2,12,0
3996138,1,1,0,0,0,0,162,2,12,0
3996368,1,1,0,0,0,0,162,2,12,0
3997475,1,0,1,0,0,0,162,2,12,0
3998143,1,1,1,1,1,0,131,2,12,0
3998803,1,0,1,0,0,0,131,2,12,0
3999728,0,1,0,1,0,0,131,2,12,0
4000242,0,1,1,0,1,0,131,2,12,0
4001992,0,0,1,1,0,0,131,2,12,0
4003371,0,0,1,1,0,0,131,2,12,0
4003534,1,1,1,1,1,0,131,2,12,0
4003718,1,0,1,0,0,0,131,2,12,0
4004478,1,1,1,1,1,0,131,2,12,0
4005465,1,0,1,0,0,0,131,2,12,0
4005581,1,1,0,0,0,0,131,2,12,0
4007167,1,1,0,0,0,0,131,2,12,0
4008199,1,0,0,1,1,0,131,2,12,0
4008537,0,1,0,1,0,0,131,2,12,0
4009421,0,1,0,1,0,0,131,2,12,0
4009966,1,1,0,0,0,0,131,2,12,0
4010547,1,1,0,0,0,0,131,2,12,0
4011925,0,1,1,0,1,0,131,2,12,0
4012212,0,0,0,0,1,0,131,2,12,0
4012340,0,0,0,0,1,0,131,2,12,0
4012604,1,0,1,0,0,0,131,2,12,0
4014775,0,1,0,1,0,0,131,2,12,0
4016097,1,1,1,1,1,0,131,2,12,0
4016204,0,1,0,1,0,0,131,2,12,0
4017746,1,1,1,1,1,0,131,2,12,0
4017898,1,1,1,1,1,0,131,2,12,0
4018198,1,0,0,1,1,0,131,2,12,0
4019207,1,1,1,1,1,0,131,2,12,0
4019322,1,1,1,1,1,0,131,2,12,0
4019886,0,1,1,0,1,0,131,2,12,0
4019942,0,1,1,0,1,0,131,2,12,0
4022402,1,0,0,1,1,0,131,2,12,0
4022832,1,0,1,0,0,0,131,2,12,0
4023059,0,1,0,1,0,0,131,2,12,0
4023129,1,0,1,0,0,0,131,2,12,0
4023411,0,1,0,1,0,0,131,2,12,0
4023486,0,0,0,0,1,0,131,2,12,0
4023800,1,0,0,1,1,0,131,2,12,0
4023914,1,1,1,1,1,0,131,2,12,0
4024134,0,0,0,0,1,0,131,2,12,0
4024412,0,1,0,1,0,0,131,2,12,0
4025378,0,0,0,0,1,0,131,2,12,0
4025679,1,1,1,1,1,0,131,2,12,0
4027112,0,1,1,0,1,0,131,2,12,0
4027452,1,0,1,0,0,0,131,2,12,0
4028575,0,0,1,1,0,0,131,2,12,0
4028817,1,0,1,0,0,0,131,2,12,0
4028899,0,1,1,0,1,0,131,2,12,0
4029447,1,1,0,0,0,0,131,2,12,0
4029977,0,1,1,0,1,0,131,2,12,0
4031419,1,0,1,0,0,0,131,2,12,0
4031644,1,1,0,0,0,0,131,2,12,0
4032340,1,1,1,1,1,0,131,2,12,0
4032520,1,0,0,1,1,0,131,2,12,0
4032595,0,0,1,1,0,0,131,2,12,0
4033644,1,1,1,1,1,0,131,2,12,0
4033691,0,1,0,1,0,0,131,2,12,0
4034021,1,0,1,0,0,0,131,2,12,0
4034152,0,1,1,0,1,0,131,2,12,0
4034515,1,0,1,0,0,0,131,2,12,0
4034645,1,1,1,1,1,0,131,2,12,0
4035197,1,0,0,1,1,0,131,2,12,0
4035959,1,0,1,0,0,0,131,2,12,0
4035988,1,1,0,0,0,0,131,2,12,0
4037870,1,0,1,0,0,0,131,2,12,0
4037940,1,1,0,0,0,0,131,2,12,0
4037974,1,1,1,1,1,0,131,2,12,0
4038932,0,0,0,0,1,0,131,2,12,0
4039136,0,1,1,0,1,0,131,2,12,0
4039439,0,1,0,1,0,0,131,2,12,0
4039548,0,1,1,0,1,0,131,2,12,0
4039634,0,1,1,0,1,0,131,2,12,0
4039916,1,1,0,0,0,0,131,2,12,0
4041620,0,0,1,1,0,0,131,2,12,0
4043289,0,0,0,0,1,0,131,2,12,0
4043544,0,1,0,1,0,0,131,2,12,0
4043589,1,1,0,0,0,0,131,2,12,0
4044181,1,1,1,1,1,0,131,2,12,0
4044375,0,1,1,0,1,0,131,2,12,0
4044457,0,1,1,0,1,0,131,2,12,0
4044822,0,1,0,1,0,0,131,2,12,0
4045164,0,1,0,1,0,0,131,2,12,0
4045978,0,0,0,0,1,0,131,2,12,0
4046184,1,1,0,0,0,0,131,2,12,0
4046970,0,1,1,0,1,0,131,2,12,0
4047069,0,1,0,1,0,0,131,2,12,0
4048353,1,1,1,1,1,0,131,2,12,0
4048846,0,0,0,0,1,0,131,2,12,0
4049137,0,1,0,1,0,0,131,2,12,0
4049867,1,0,1,0,0,0,131,2,12,0
4049982,0,0,1,1,0,0,131,2,12,0
4049989,1,1,0,0,0,0,131,2,12,0
4051458,1,1,0,1,0,0,131,2,12,0
4052061,1,0,1,0,0,0,131,2,12,0
4053145,0,1,0,1,0,0,131,2,12,0
4053388,0,0,1,1,0,0,131,2,12,0
4053590,1,1,0,0,0,0,131,2,12,0
4053782,1,0,1,0,0,0,131,2,12,0
4054081,0,1,0,1,0,0,131,2,12,0
4054774,1,0,1,0,0,0,131,2,12,0
4054894,0,1,1,0,1,0,131,2,12,0
4055593,0,0,1,1,0,0,131,2,12,0
4056802,1,0,0,1,1,0,131,2,12,0
4057124,1,0,0,1,1,0,131,2,12,0
4057578,1,0,1,0,0,0,131,2,12,0
4058099,1,1,1,1,1,0,131,2,12,0
4058493,1,0,1,0,0,0,131,2,12,0
4062615,1,1,0,0,0,0,131,2,12,0
4063026,1,1,1,1,1,0,131,2,12,0
4063145,1,0,1,0,0,0,131,2,12,0
4063231,0,0,0,1,1,1,131,2,12,0
4070033,0,0,1,0,0,0,208,2,12,2
4115281,1,1,0,0,0,0,208,2,12,2
4128773,1,0,1,0,0,0,124,2,12,0
4130176,0,0,1,1,0,0,124,2,12,0
4130361,0,0,0,1,1,1,124,2,12,0
4132264,0,0,0,0,1,0,124,2,12,0
4132596,1,1,0,0,0,0,124,2,12,0
4134086,0,0,1,1,0,0,124,2,12,0
4134090,1,1,1,1,1,0,124,2,12,0
4134553,0,1,1,0,1,0,124,2,12,0
4135639,1,0,1,0,0,0,124,2,12,0
4137564,0,1,0,1,0,0,124,2,12,0
4137718,0,0,1,1,0,0,124,2,12,0
4137788,1,1,1,1,1,0,124,2,12,0
4138197,1,0,0,1,1,0,124,2,12,0
4138482,0,1,1,0,1,0,124,2,12,0
4138629,0,0,1,1,0,0,124,2,12,0
4139589,1,1,0,0,0,0,124,2,12,0
4140176,1,1,1,1,1,0,124,2,12,0
4140633,0,1,1,0,1,0,124,2,12,0
4141072,0,1,1,0,1,0,124,2,12,0
4141841,0,0,1,1,0,0,124,2,12,0
4143782,0,1,0,1,0,0,124,2,12,0
4146083,0,1,0,1,0,0,124,2,12,0
4147634,1,1,0,0,0,0,124,2,12,0
4148666,1,1,0,0,0,0,124,2,12,0
4148703,0,1,0,1,0,0,124,2,12,0
4149154,1,1,1,1,1,0,124,2,12,0
4151584,1,1,0,0,0,0,124,2,12,0
4155121,0,1,0,1,0,0,124,2,12,0
4155885,1,0,1,0,0,0,124,2,12,0
4156849,0,1,1,0,1,0,124,2,12,0
4157612,0,0,1,1,0,0,124,2,12,0
4157802,1,1,0,0,0,0,124,2,12,0
4158121,0,0,0,0,1,0,124,2,12,0
4158146,1,0,0,1,1,0,124,2,12,0
4158333,1,0,0,1,1,0,124,2,12,0
4160236,1,0,1,0,0,0,124,2,12,0
4161705,0,0,1,1,0,0,124,2,12,0
4161819,0,1,1,0,1,0,124,2,12,0
4162033,0,0,1,1,0,0,124,2,12,0
4162984,1,0,0,1,1,0,124,2,12,0
4163186,0,1,0,1,0,0,124,2,12,0
4164253,1,0,0,1,1,0,124,2,12,0
4164643,0,0,0,0,1,0,124,2,12,0
4165025,1,0,1,0,0,0,124,2,12,0
4165171,1,0,0,1,1,0,124,2,12,0
4165835,1,1,0,0,0,0,124,2,12,0
4166470,0,0,1,1,0,0,124,2,12,0
4166731,0,0,1,1,0,0,124,2,12,0
4167487,0,1,1,0,1,0,124,2,12,0
4168677,1,0,0,1,1,0,124,2,12,0
4168787,0,0,0,0,1,0,124,2,12,0
4169277,0,1,1,0,1,0,124,2,12,0
4169486,0,1,1,0,1,0,124,2,12,0
4169518,1,1,1,1,1,0,124,2,12,0
4170181,1,0,1,0,0,0,124,2,12,0
4170533,0,1,0,1,0,0,124,2,12,0
4170600,0,1,1,0,1,0,124,2,12,0
4170793,1,1,0,0,0,0,124,2,12,0
4170993,1,0,1,0,0,0,124,2,12,0
4173481,1,0,1,0,0,0,124,2,12,0
4174287,1,1,0,0,0,0,124,2,12,0
4175058,1,0,1,0,0,0,124,2,12,0
4175447,0,1,1,0,1,0,124,2,12,0
4175623,1,0,1,0,0,0,124,2,12,0
4177023,0,0,0,0,1,0,124,2,12,0
4177337,1,1,1,1,1,0,124,2,12,0
4177787,0,1,1,0,1,0,124,2,12,0
4178239,1,0,0,1,1,0,124,2,12,0
4178742,1,0,0,0,1,1,124,2,12,0
4180771,0,1,1,0,1,0,124,2,12,0
4181258,0,1,1,0,1,0,124,2,12,0
4181342,0,0,0,0,1,0,124,2,12,0
4182043,1,1,1,1,1,0,124,2,12,0
4182436,0,0,1,1,0,0,124,2,12,0
4183139,0,1,1,0,1,0,124,2,12,0
4184245,1,1,1,1,1,0,124,2,12,0
4185237,1,1,1,1,1,0,124,2,12,0
4185292,0,0,1,1,0,0,124,2,12,0
4185614,0,1,0,1,0,0,124,2,12,0
4186493,1,0,0,1,1,0,124,2,12,0
4186669,1,1,1,1,1,0,124,2,12,0
4186950,0,0,0,0,1,0,124,2,12,0
4187607,1,1,1,1,1,0,124,2,12,0
4189340,1,0,0,1,1,0,124,2,12,0
4190206,0,1,0,1,0,0,124,2,12,0
4191106,0,0,0,0,1,0,124,2,12,0
4191109,1,1,1,1,1,0,124,2,12,0
4191125,0,1,1,0,1,0,124,2,12,0
4191429,0,1,1,1,1,1,124,2,12,0
4191457,0,1,0,1,0,0,124,2,12,0
4192238,1,1,0,0,0,0,124,2,12,0
4192954,0,0,0,0,1,0,124,2,12,0
4193164,0,1,0,1,0,0,124,2,12,0
4193289,0,1,0,1,0,0,124,2,12,0
4193963,1,0,1,0,0,0,124,2,12,0
4194223,0,0,1,0,0,0,124,2,12,0
4195358,1,0,1,0,0,0,110,2,12,0
4196728,1,0,0,1,1,0,110,2,12,0
4196873,0,0,1,1,0,0,110,2,12,0
4198184,0,1,0,1,0,0,110,2,12,0
4200701,0,0,1,0,0,0,110,2,12,0
4201945,1,0,0,1,1,0,110,2,12,0
4204070,1,1,1,1,1,0,110,2,12,0
4204175,0,1,1,0,1,0,110,2,12,0
4204861,1,1,1,1,1,0,110,2,12,0
4205102,0,0,0,0,1,0,110,2,12,0
4205866,1,0,1,0,0,0,110,2,12,0
4206117,1,1,1,1,1,0,110,2,12,0
4206334,0,0,0,0,1,0,110,2,12,0
4206956,1,0,0,1,1,0,110,2,12,0
4208257,1,1,1,1,1,0,110,2,12,0
4208573,0,0,0,0,1,0,110,2,12,0
4209715,1,1,1,1,1,0,110,2,12,0
4209746,1,1,0,1,0,0,110,2,12,0
4209852,1,1,1,1,1,0,110,2,12,0
4210972,1,1,1,1,1,0,110,2,12,0
4212340,1,0,1,0,0,0,110,2,12,0
4215615,0,1,1,0,1,0,110,2,12,0
4215795,0,1,1,0,1,0,110,2,12,0
4218025,0,1,0,1,0,0,110,2,12,0
4220832,0,1,0,1,0,0,110,2,12,0
4220959,1,0,1,0,0,0,110,2,12,0
4221025,1,0,1,0,0,0,110,2,12,0
4221074,0,0,1,1,0,0,110,2,12,0
4221265,0,0,1,1,0,0,110,2,12,0
4224044,0,0,0,0,1,0,110,2,12,0
4224385,0,0,0,0,1,0,110,2,12,0
4225060,1,0,0,1,1,0,110,2,12,0
4225623,0,0,1,1,0,0,110,2,12,0
4225745,1,0,1,0,0,0,110,2,12,0
4226029,1,0,0,1,1,0,110,2,12,0
4226379,0,0,1,1,0,0,110,2,12,0
4226505,0,0,0,0,1,0,110,2,12,0
4226601,1,0,1,0,0,0,110,2,12,0
4227222,1,0,1,0,0,0,110,2,12,0
4227651,0,1,1,0,1,0,110,2,12,0
4227917,0,0,1,1,0,0,110,2,12,0
4228580,0,0,1,1,0,0,110,2,12,0
4228971,1,0,1,0,0,0,110,2,12,0
4230125,1,1,0,0,0,0,110,2,12,0
4230743,0,0,1,1,0,0,110,2,12,0
4231538,1,1,1,1,1,0,110,2,12,0
4232027,0,0,0,0,1,0,110,2,12,0
4233541,0,1,1,0,1,0,110,2,12,0
4233697,1,0,0,1,1,0,110,2,12,0
4233816,0,0,1,1,0,0,110,2,12,0
4234180,0,1,1,0,1,0,110,2,12,0
4234245,0,1,1,0,1,0,110,2,12,0
4234333,1,1,1,1,1,0,110,2,12,0
4235473,0,1,1,0,1,0,110,2,12,0
4236795,0,1,1,0,1,0,110,2,12,0
4237163,0,0,1,1,0,0,110,2,12,0
4237870,0,1,1,0,1,0,110,2,12,0
4239767,1,1,0,0,0,0,110,2,12,0
4240006,1,0,0,1,1,0,110,2,12,0
4241298,1,1,0,0,0,0,110,2,12,0
4241701,1,0,0,1,1,0,110,2,12,0
4243616,1,1,1,1,1,0,110,2,12,0
4244811,1,0,1,0,0,0,110,2,12,0
4245699,1,1,1,1,1,0,110,2,12,0
4246134,1,1,1,1,1,0,110,2,12,0
4246506,1,1,0,0,0,0,110,2,12,0
4247140,0,1,1,0,1,0,110,2,12,0
4247356,0,1,0,1,0,0,110,2,12,0
4247463,0,0,1,0,0,0,110,2,12,0
4247827,1,1,1,1,1,0,110,2,12,0
4248721,1,0,1,0,0,0,110,2,12,0
4249417,0,0,0,0,1,0,110,2,12,0
4250877,0,1,1,0,1,0,110,2,12,0
4253980,1,1,0,0,0,0,110,2,12,0
4254181,0,1,1,0,1,0,110,2,12,0
4254392,0,1,0,1,0,0,110,2,12,0
4254628,1,0,0,1,1,0,110,2,12,0
4254635,1,1,1,1,1,0,110,2,12,0
4256554,1,1,0,0,0,0,110,2,12,0
4256715,1,0,0,1,1,0,110,2,12,0
4257337,1,1,0,0,0,0,110,2,12,0
4259492,1,1,0,0,0,0,110,2,12,0
4259593,1,1,1,1,1,0,110,2,12,0
4261297,1,0,1,0,0,0,136,2,12,0
4263071,1,0,1,0,0,0,136,2,12,0
4263263,1,1,0,0,0,0,136,2,12,0
4263513,1,0,1,0,0,0,136,2,12,0
4263965,1,0,1,0,0,0,136,2,12,0
4264090,1,1,0,0,0,0,136,2,12,0
4265388,1,1,1,1,1,0,136,2,12,0
4265391,0,0,1,1,0,0,136,2,12,0
4266801,1,1,0,0,0,0,136,2,12,0
4267183,0,0,1,1,0,0,136,2,12,0
4267325,0,0,0,0,1,0,136,2,12,0
4267536,1,0,1,0,0,0,136,2,12,0
4268260,0,0,0,0,1,0,136,2,12,0
4268389,0,0,0,0,1,0,136,2,12,0
4268471,1,1,1,1,1,0,136,2,12,0
4269523,0,0,1,1,0,0,136,2,12,0
4269992,1,1,1,1,1,0,136,2,12,0
4270964,1,1,0,0,0,0,136,2,12,0
4270968,1,0,1,0,0,0,136,2,12,0
4271199,0,1,0,1,0,0,136,2,12,0
4271300,1,0,0,1,1,0,136,2,12,0
4271531,0,1,1,0,1,0,136,2,12,0
4272239,1,1,0,0,0,0,136,2,12,0
4273009,0,0,1,1,0,0,136,2,12,0
4273576,1,1,0,0,0,0,136,2,12,0
4273810,1,0,0,1,1,0,136,2,12,0
4273919,0,1,0,1,0,0,136,2,12,0
4273992,1,1,0,0,0,0,136,2,12,0
4274235,1,0,1,0,0,0,136,2,12,0
4274866,0,1,0,1,0,0,136,2,12,0
4275484,1,1,0,0,0,0,136,2,12,0
4275506,1,0,0,1,1,0,136,2,12,0
4276486,0,1,0,1,0,0,136,2,12,0
4276950,0,1,1,0,1,0,136,2,12,0
4277074,0,1,1,0,1,0,136,2,12,0
4277231,1,1,0,0,0,0,136,2,12,0
4277552,0,0,0,0,1,0,136,2,12,0
4277863,1,0,0,1,1,0,136,2,12,0
4277980,1,0,1,0,0,0,136,2,12,0
4278441,0,1,0,1,0,0,136,2,12,0
4279276,0,1,1,0,1,0,136,2,12,0
4280244,0,1,0,0,0,0,136,2,12,0
4281710,0,1,0,1,0,0,136,2,12,0
4281989,0,0,1,1,0,0,136,2,12,0
4282284,0,1,0,0,0,0,136,2,12,0
4284244,1,1,0,0,0,0,136,2,12,0
4284884,1,0,1,0,0,0,136,2,12,0
4285571,0,0,1,1,0,0,136,2,12,0
4286516,1,0,1,0,0,0,136,2,12,0
4287359,0,1,0,1,0,0,136,2,12,0
4287783,0,1,1,1,1,1,136,2,12,0
4289878,1,0,0,1,1,0,136,2,12,0
4290213,0,1,0,1,0,0,136,2,12,0
4290429,1,0,0,1,1,0,136,2,12,0
4290855,1,1,0,0,0,0,136,2,12,0
4292099,1,1,1,1,1,0,136,2,12,0
4292481,1,1,0,0,0,0,136,2,12,0
4292723,1,1,0,1,0,0,136,2,12,0
4292741,0,0,1,1,0,0,136,2,12,0
4293082,0,0,1,1,0,0,136,2,12,0
4293218,0,1,0,1,0,0,136,2,12,0
4293846,1,0,1,0,0,0,136,2,12,0
4293964,0,0,1,0,0,0,136,2,12,0
4293972,1,1,0,0,0,0,136,2,12,0
4294356,0,0,0,0,1,0,136,2,12,0
4294807,1,1,0,0,0,0,136,2,12,0
4295013,0,1,0,1,0,0,136,2,12,0
4295049,0,0,0,0,1,0,136,2,12,0
4295364,0,0,0,0,1,0,136,2,12,0
4296324,0,0,1,1,0,0,136,2,12,0
4296378,1,0,1,0,0,0,136,2,12,0
4296838,1,1,0,0,0,0,136,2,12,0
4297167,0,0,0,0,1,0,136,2,12,0
4297956,0,0,0,0,1,0,136,2,12,0
4300487,1,1,0,0,0,0,136,2,12,0
4300851,1,0,1,0,0,0,136,2,12,0
4301802,1,1,1,1,1,0,136,2,12,0
4301943,1,1,0,0,0,0,136,2,12,0
4302967,1,0,1,0,0,0,136,2,12,0
4304303,0,0,0,0,1,0,136,2,12,0
4304405,1,0,1,0,0,0,136,2,12,0
4304658,1,0,0,1,1,0,136,2,12,0
4305248,1,0,1,0,0,0,136,2,12,0
4305739,0,1,0,1,0,0,136,2,12,0
4305833,1,1,0,0,0,0,136,2,12,0
4306238,1,0,1,0,0,0,136,2,12,0
4306286,0,0,1,1,0,0,136,2,12,0
4306892,0,0,0,0,1,0,136,2,12,0
4307722,1,0,1,0,0,0,136,2,12,0
4308234,1,1,0,0,0,0,136,2,12,0
4308333,0,1,1,0,1,0,136,2,12,0
4308739,1,0,0,1,1,0,136,2,12,0
4308756,0,1,0,1,0,0,136,2,12,0
4308928,1,0,1,0,0,0,136,2,12,0
4310174,1,1,0,0,0,0,136,2,12,0
4310298,1,1,0,0,0,0,136,2,12,0
4310941,1,1,0,0,0,0,136,2,12,0
4310979,0,0,0,0,1,0,136,2,12,0
4311698,0,0,1,1,0,0,136,2,12,0
4311761,1,0,0,1,1,0,136,2,12,0
4311801,0,1,1,0,1,0,136,2,12,0
4311825,1,1,0,0,0,0,136,2,12,0
4312284,0,0,1,1,0,0,136,2,12,0
4312740,1,0,0,1,1,0,136,2,12,0
4312881,0,1,1,0,1,0,136,2,12,0
4312927,1,1,1,1,1,0,136,2,12,0
4313451,1,0,0,1,1,0,136,2,12,0
4313918,1,1,0,0,0,0,136,2,12,0
4314843,1,0,1,0,0,0,136,2,12,0
4316012,1,1,0,0,0,0,136,2,12,0
4317159,0,1,1,0,1,0,136,2,12,0
4317438,0,0,0,0,1,0,136,2,12,0
4317826,0,1,1,0,1,0,136,2,12,0
4318977,1,1,1,1,1,0,136,2,12,0
4319694,1,0,1,0,0,0,136,2,12,0
4320400,1,0,0,1,1,0,136,2,12,0
4320865,0,0,0,0,1,0,136,2,12,0
4320958,1,0,1,0,0,0,136,2,12,0
4320974,1,1,0,0,0,0,136,2,12,0
4321686,1,1,0,0,0,0,136,2,12,0
4322636,0,1,0,1,0,0,136,2,12,0
4323029,0,0,0,0,1,0,136,2,12,0
4323030,0,0,1,1,0,0,136,2,12,0
4323867,1,1,1,1,1,0,136,2,12,0
4324156,1,0,0,1,1,0,136,2,12,0
4324670,1,1,1,1,1,0,136,2,12,0
4325047,1,1,0,0,0,0,136,2,12,0
4325661,1,0,1,0,0,0,117,2,12,0
4326050,1,0,0,1,1,0,117,2,12,0
4326232,1,0,1,0,0,0,117,2,12,0
4327267,0,0,1,1,0,0,117,2,12,0
4327993,1,1,1,1,1,0,117,2,12,0
4328420,1,1,1,1,1,0,117,2,12,0
4328763,0,1,0,1,0,0,117,2,12,0
4330215,0,1,1,0,1,0,117,2,12,0
4330245,0,0,1,1,0,0,117,2,12,0
4331951,1,1,0,0,0,0,117,2,12,0
4332926,1,1,1,1,1,0,117,2,12,0
4334327,0,1,1,0,1,0,117,2,12,0
4334642,0,1,1,0,1,0,117,2,12,0
4335068,0,1,1,0,1,0,117,2,12,0
4335452,0,1,0,1,0,0,117,2,12,0
4336237,0,1,1,0,1,0,117,2,12,0
4337437,1,0,1,0,0,0,117,2,12,0
4339093,1,0,0,1,1,0,117,2,12,0
4339307,1,0,0,1,1,0,117,2,12,0
4340434,0,1,0,1,0,0,117,2,12,0
4341032,1,0,1,0,0,0,117,2,12,0
4341758,1,0,0,1,1,0,117,2,12,0
4342929,0,1,1,0,1,0,117,2,12,0
4343317,0,1,1,0,1,0,117,2,12,0
4343761,0,1,1,0,1,0,117,2,12,0
4343802,1,0,0,1,1,0,117,2,12,0
4344667,0,0,1,1,0,0,117,2,12,0
4344865,1,1,1,1,1,0,117,2,12,0
4345245,0,0,1,1,0,0,117,2,12,0
4345278,0,1,0,1,0,0,117,2,12,0
4345577,1,1,0,0,0,0,117,2,12,0
4345609,0,1,1,0,1,0,117,2,12,0
4346364,0,0,0,0,1,0,117,2,12,0
4348397,0,1,0,1,0,0,117,2,12,0
4348746,1,0,1,0,0,0,117,2,12,0
4348963,1,0,0,1,1,0,117,2,12,0
4349363,1,1,1,1,1,0,117,2,12,0
4350444,1,0,0,1,1,0,117,2,12,0
4351560,1,0,0,1,1,0,117,2,12,0
4352189,1,1,0,0,0,0,117,2,12,0
4352919,1,0,0,1,1,0,117,2,12,0
4355056,1,1,1,1,1,0,117,2,12,0
4355368,0,1,1,0,1,0,117,2,12,0
4355815,1,1,0,0,0,0,117,2,12,0
4356185,0,1,1,0,1,0,117,2,12,0
4356247,0,0,0,0,1,0,117,2,12,0
4356764,0,1,1,0,1,0,117,2,12,0
4356936,1,0,1,0,0,0,117,2,12,0
4357099,1,1,1,1,1,0,117,2,12,0
4357188,1,0,0,1,1,0,117,2,12,0
4357522,1,0,1,0,0,0,117,2,12,0
4358028,1,1,1,1,1,0,117,2,12,0
4358123,1,0,1,0,0,0,117,2,12,0
4358947,1,1,1,1,1,0,117,2,12,0
4360007,0,0,0,0,1,0,117,2,12,0
4360498,0,0,1,1,0,0,117,2,12,0
4361868,1,0,1,0,0,0,117,2,12,0
4362105,0,1,0,1,0,0,117,2,12,0
4362931,0,0,1,1,0,0,117,2,12,0
4363947,0,0,1,1,0,0,117,2,12,0
4363998,1,1,0,0,0,0,117,2,12,0
4364396,1,0,0,1,1,0,117,2,12,0
4364553,0,1,1,0,1,0,117,2,12,0
4364655,1,0,0,1,1,0,117,2,12,0
4366296,0,0,0,0,1,0,117,2,12,0
4366342,0,0,1,1,0,0,117,2,12,0
4367170,0,0,1,1,0,0,117,2,12,0
4369680,0,1,0,0,0,0,117,2,12,0
4372012,0,1,1,0,1,0,117,2,12,0
4372284,1,0,0,1,1,0,117,2,12,0
4372375,0,1,1,0,1,0,117,2,12,0
4372729,1,0,0,1,1,0,117,2,12,0
4373136,0,1,0,1,0,0,117,2,12,0
4374924,1,0,0,1,1,0,117,2,12,0
4375301,0,1,1,0,1,0,117,2,12,0
4375795,0,0,0,0,1,0,117,2,12,0
4375938,0,0,1,1,0,0,117,2,12,0
4375945,1,1,0,0,0,0,117,2,12,0
4377013,0,0,1,0,0,0,117,2,12,0
4377257,1,1,1,1,1,0,117,2,12,0
4377930,1,1,0,0,0,0,117,2,12,0
4378393,1,1,1,1,1,0,117,2,12,0
4378943,0,1,0,0,0,0,117,2,12,0
4379533,0,0,0,0,1,0,117,2,12,0
4379977,0,0,1,0,0,0,117,2,12,0
4380152,1,1,1,1,1,0,117,2,12,0
4380208,1,1,0,0,0,0,117,2,12,0
4380236,0,0,0,0,1,0,117,2,12,0
4380269,0,1,1,0,1,0,117,2,12,0
4380426,1,0,0,1,1,0,117,2,12,0
4380965,1,1,1,1,1,0,117,2,12,0
4381260,0,1,0,1,0,0,117,2,12,0
4381335,1,1,1,1,1,0,117,2,12,0
4381798,1,0,0,1,1,0,117,2,12,0
4381828,1,1,0,0,0,0,117,2,12,0
4382363,1,0,0,1,1,0,117,2,12,0
4382841,1,1,1,1,1,0,117,2,12,0
4383914,1,0,0,1,1,0,117,2,12,0
4384487,0,0,0,0,1,0,117,2,12,0
4384772,0,0,1,1,0,0,117,2,12,0
4385932,0,0,1,1,0,0,117,2,12,0
4386085,0,0,1,1,0,0,117,2,12,0
4386614,1,1,1,1,1,0,117,2,12,0
4387989,0,0,0,0,1,0,117,2,12,0
4388864,0,1,0,1,0,0,117,2,12,0
4389780,1,1,1,1,1,0,117,2,12,0
4390025,1,0,1,0,0,0,117,2,12,0
4390368,1,1,0,0,0,0,117,2,12,0
4390614,0,1,0,1,0,0,117,2,12,0
4392839,1,1,1,1,1,0,96,2,12,0
4392989,0,0,1,1,0,0,96,2,12,0
4393720,0,1,1,0,1,0,96,2,12,0
4393766,1,1,1,1,1,0,96,2,12,0
4396718,1,0,1,0,0,0,96,2,12,0
4399102,0,1,1,0,1,0,96,2,12,0
4399183,0,1,0,1,0,0,96,2,12,0
4399598,0,1,1,0,1,0,96,2,12,0
4400235,0,1,0,1,0,0,96,2,12,0
4401296,1,0,1,0,0,0,96,2,12,0
4401398,0,1,1,0,1,0,96,2,12,0
4401418,1,0,1,0,0,0,96,2,12,0
4401532,1,1,0,0,0,0,96,2,12,0
4401654,1,1,0,0,0,0,96,2,12,0
4402539,1,0,0,1,1,0,96,2,12,0
4403389,0,0,1,1,0,0,96,2,12,0
4403904,1,0,0,1,1,0,96,2,12,0
4404088,0,1,1,0,1,0,96,2,12,0
4406452,0,1,1,0,1,0,96,2,12,0
4406710,0,0,1,1,0,0,96,2,12,0
4407299,1,1,0,0,0,0,96,2,12,0
4407398,1,1,0,0,0,0,96,2,12,0
4408055,0,1,0,1,0,0,96,2,12,0
4408265,0,1,0,1,0,0,96,2,12,0
4410492,1,1,0,0,0,0,96,2,12,0
4410964,0,1,0,1,0,0,96,2,12,0
4411431,0,0,1,1,0,0,96,2,12,0
4411975,0,0,1,1,0,0,96,2,12,0
4412307,1,1,0,0,0,0,96,2,12,0
4412775,1,1,0,0,0,0,96,2,12,0
4412912,1,0,0,1,1,0,96,2,12,0
4413413,1,0,0,1,1,0,96,2,12,0
4413439,0,0,0,0,1,0,96,2,12,0
4414880,1,0,1,0,0,0,96,2,12,0
4415339,1,0,0,1,1,0,96,2,12,0
4415432,0,0,1,1,0,0,96,2,12,0
4415502,1,0,1,0,0,0,96,2,12,0
4416088,1,1,1,1,1,0,96,2,12,0
4416126,0,0,0,1,1,1,96,2,12,0
4417153,1,1,1,1,1,0,96,2,12,0
4417154,1,1,1,1,1,0,96,2,12,0
4417775,1,0,1,0,0,0,96,2,12,0
4417909,0,1,0,1,0,0,96,2,12,0
4418215,1,0,0,1,1,0,96,2,12,0
4419647,0,1,0,1,0,0,96,2,12,0
4421194,1,0,1,0,0,0,96,2,12,0
4421599,1,1,1,1,1,0,96,2,12,0
4421833,0,1,0,1,0,0,96,2,12,0
4422689,1,1,1,1,1,0,96,2,12,0
4422874,0,0,1,1,0,0,96,2,12,0
4423591,1,1,0,0,0,0,96,2,12,0
4423784,1,1,1,1,1,0,96,2,12,0
4425543,1,1,0,0,0,0,96,2,12,0
4425866,1,0,1,0,0,0,96,2,12,0
4427197,0,1,1,0,1,0,96,2,12,0
4428559,0,0,1,1,0,0,96,2,12,0
4428817,1,1,0,0,0,0,96,2,12,0
4428901,0,1,1,0,1,0,96,2,12,0
4430521,1,0,0,1,1,0,96,2,12,0
4431674,0,1,1,0,1,0,96,2,12,0
4431679,0,0,0,0,1,0,96,2,12,0
4432313,0,1,0,0,0,0,96,2,12,0
4433063,1,0,0,1,1,0,96,2,12,0
4434542,0,0,0,0,1,0,96,2,12,0
4434758,0,0,0,0,1,0,96,2,12,0
4434870,0,0,1,1,0,0,96,2,12,0
4435644,0,1,1,0,1,0,96,2,12,0
4436338,0,0,1,1,0,0,96,2,12,0
4437098,0,1,1,0,1,0,96,2,12,0
4437462,1,1,1,1,1,0,96,2,12,0
4437565,1,0,1,0,0,0,96,2,12,0
4437693,0,0,1,1,0,0,96,2,12,0
4438017,1,1,1,1,1,0,96,2,12,0
4438757,1,0,1,0,0,0,96,2,12,0
4438794,1,0,1,0,0,0,96,2,12,0
4439108,1,0,1,0,0,0,96,2,12,0
4439143,0,1,1,0,1,0,96,2,12,0
4439539,0,0,1,1,0,0,96,2,12,0
4440328,0,0,0,0,1,0,96,2,12,0
4440429,1,0,1,0,0,0,96,2,12,0
4440455,0,0,0,0,1,0,96,2,12,0
4441844,0,1,1,0,1,0,96,2,12,0
4441890,0,0,1,1,0,0,96,2,12,0
4443194,0,1,1,0,1,0,96,2,12,0
4444042,0,0,1,1,0,0,96,2,12,0
4445698,0,0,0,0,1,0,96,2,12,0
4446233,0,0,0,0,1,0,96,2,12,0
4447238,0,0,1,1,0,0,96,2,12,0
4448181,1,0,1,0,0,0,96,2,12,0
4448452,0,0,0,0,1,0,96,2,12,0
4448703,1,0,1,0,0,0,96,2,12,0
4449220,1,0,1,0,0,0,96,2,12,0
4449780,1,0,1,0,0,0,96,2,12,0
4450663,0,1,1,0,1,0,96,2,12,0
4451583,0,1,0,1,0,0,96,2,12,0
4452156,1,1,1,1,1,0,96,2,12,0
4452615,1,1,0,0,0,0,96,2,12,0
4452953,1,0,0,1,1,0,96,2,12,0
4453742,1,1,1,1,1,0,96,2,12,0
4453901,0,0,1,1,0,0,96,2,12,0
4455459,0,0,1,1,0,0,96,2,12,0
4455508,1,1,1,1,1,0,96,2,12,0
4455679,1,0,0,1,1,0,96,2,12,0
4456077,1,1,0,0,0,0,96,2,12,0
4456901,0,1,1,0,1,0,106,2,12,0
4457354,0,1,0,1,0,0,106,2,12,0
4458390,0,0,1,1,0,0,106,2,12,0
4458685,1,1,0,0,0,0,106,2,12,0
4459596,0,0,0,0,1,0,106,2,12,0
4459998,0,1,1,0,1,0,106,2,12,0
4460518,1,1,1,1,1,0,106,2,12,0
4460546,0,1,1,0,1,0,106,2,12,0
4462759,1,0,0,1,1,0,106,2,12,0
4463858,0,0,0,0,1,0,106,2,12,0
4465453,0,1,1,0,1,0,106,2,12,0
4466804,1,0,0,1,1,0,106,2,12,0
4467673,0,1,1,0,1,0,106,2,12,0
4468405,1,1,0,0,0,0,106,2,12,0
4468806,1,1,1,1,1,0,106,2,12,0
4470527,1,1,1,1,1,0,106,2,12,0
4470741,0,1,0,1,0,0,106,2,12,0
4472284,0,0,1,1,0,0,106,2,12,0
4472397,1,1,0,0,0,0,106,2,12,0
4475057,1,1,1,1,1,0,106,2,12,0
4475702,0,0,1,1,0,0,106,2,12,0
4476294,1,0,1,0,0,0,106,2,12,0
4477669,0,0,0,0,1,0,106,2,12,0
4479046,1,1,0,0,0,0,106,2,12,0
4479386,0,0,0,0,1,0,106,2,12,0
4479873,0,1,0,1,0,0,106,2,12,0
4480302,1,1,1,0,1,1,106,2,12,0
4480338,1,1,0,0,0,0,106,2,12,0
4480390,0,0,0,0,1,0,106,2,12,0
4480785,0,1,0,1,0,0,106,2,12,0
4481796,0,1,0,1,0,0,106,2,12,0
4482025,1,0,1,0,0,0,106,2,12,0
4482279,1,0,0,1,1,0,106,2,12,0
4483787,1,0,1,0,0,0,106,2,12,0
4483812,1,1,1,1,1,0,106,2,12,0
4484294,0,0,0,0,1,0,106,2,12,0
4487294,1,0,1,0,0,0,106,2,12,0
4487380,1,0,0,1,1,0,106,2,12,0
4488607,1,1,0,0,0,0,106,2,12,0
4488778,1,1,1,1,1,0,106,2,12,0
4490464,1,1,1,1,1,0,106,2,12,0
4491168,1,1,0,0,0,0,106,2,12,0
4491315,0,1,0,1,0,0,106,2,12,0
4492492,1,1,0,0,0,0,106,2,12,0
4492663,0,1,1,0,1,0,106,2,12,0
4493277,1,0,1,0,0,0,106,2,12,0
4494963,0,0,1,1,0,0,106,2,12,0
4496764,0,0,0,0,1,0,106,2,12,0
4496880,1,0,1,0,0,0,106,2,12,0
4497953,0,0,1,1,0,0,106,2,12,0
4499486,1,0,0,1,1,0,106,2,12,0
4500208,1,1,1,1,1,0,106,2,12,0
4500457,1,1,0,0,0,0,106,2,12,0
4500959,1,1,0,0,0,0,106,2,12,0
4501265,0,0,1,1,0,0,106,2,12,0
4502281,0,1,1,0,1,0,106,2,12,0
4503061,1,1,0,0,0,0,106,2,12,0
4503119,0,1,1,0,1,0,106,2,12,0
4503427,0,0,0,0,1,0,106,2,12,0
4503590,1,1,0,0,0,0,106,2,12,0
4503914,0,1,1,0,1,0,106,2,12,0
4504153,1,0,0,1,1,0,106,2,12,0
4506528,1,1,1,1,1,0,106,2,12,0
4506713,0,1,0,1,0,0,106,2,12,0
4506782,0,1,1,0,1,0,106,2,12,0
4507075,1,1,0,0,0,0,106,2,12,0
4507396,1,1,1,1,1,0,106,2,12,0
4507953,0,0,0,1,1,1,106,2,12,0
4509511,1,1,1,1,1,0,106,2,12,0
4509550,1,0,0,1,1,0,106,2,12,0
4509585,1,0,0,1,1,0,106,2,12,0
4510104,0,0,1,1,0,0,106,2,12,0
4510120,0,0,1,1,0,0,106,2,12,0
4512024,0,0,0,0,1,0,106,2,12,0
4513427,0,1,1,0,1,0,106,2,12,0
4513933,0,1,0,1,0,0,106,2,12,0
4514307,1,1,1,1,1,0,106,2,12,0
4514360,0,1,1,0,1,0,106,2,12,0
4514543,0,0,1,1,0,0,106,2,12,0
4515151,0,1,0,1,0,0,106,2,12,0
4515248,1,0,1,0,0,0,106,2,12,0
4515733,1,0,1,0,0,0,106,2,12,0
4516190,1,1,1,1,1,0,106,2,12,0
4517297,1,0,1,0,0,0,106,2,12,0
4517578,1,0,0,1,1,0,106,2,12,0
4518431,1,0,1,1,0,0,106,2,12,0
4519189,1,0,0,1,1,0,106,2,12,0
4520305,1,1,0,0,0,0,106,2,12,0
4521359,1,1,1,1,1,0,106,2,12,0
4524792,0,0,0,0,1,0,68,2,12,0
4524876,1,0,1,0,0,0,68,2,12,0
4524904,0,0,1,1,0,0,68,2,12,0
4526677,1,0,1,0,0,0,68,2,12,0
4527819,1,1,1,1,1,0,68,2,12,0
4527843,0,1,1,0,1,0,68,2,12,0
4529184,0,1,1,0,1,0,68,2,12,0
4530686,0,0,0,0,1,0,68,2,12,0
4530937,1,0,1,0,0,0,68,2,12,0
4531065,0,0,1,1,0,0,68,2,12,0
4531470,0,0,1,1,0,0,68,2,12,0
4532928,1,0,0,1,1,0,68,2,12,0
4535464,0,1,0,1,0,0,68,2,12,0
4536378,1,0,1,0,0,0,68,2,12,0
4537470,1,1,1,1,1,0,68,2,12,0
4538437,1,0,0,1,1,0,68,2,12,0
4539680,0,0,1,1,0,0,68,2,12,0
4539855,0,1,0,1,0,0,68,2,12,0
4541175,1,0,1,0,0,0,68,2,12,0
4541395,0,0,1,1,0,0,68,2,12,0
4542437,0,1,1,0,1,0,68,2,12,0
4543362,1,1,1,1,1,0,68,2,12,0
4543448,0,0,1,1,0,0,68,2,12,0
4543685,0,0,1,1,0,0,68,2,12,0
4548494,1,1,0,0,0,0,68,2,12,0
4548648,1,0,1,0,0,0,68,2,12,0
4549128,1,0,0,1,1,0,68,2,12,0
4553921,1,0,1,0,0,0,68,2,12,0
4554359,0,0,1,1,0,0,68,2,12,0
4554721,0,0,0,0,1,0,68,2,12,0
4554987,0,1,0,1,0,0,68,2,12,0
4556075,0,0,0,0,1,0,68,2,12,0
4556944,1,0,0,1,1,0,68,2,12,0
4559096,1,0,1,0,0,0,68,2,12,0
4559376,0,0,1,1,0,0,68,2,12,0
4560521,0,1,0,1,0,0,68,2,12,0
4562206,1,0,0,1,1,0,68,2,12,0
4562718,0,1,0,1,0,0,68,2,12,0
4563434,1,0,1,1,0,0,68,2,12,0
4563632,1,1,0,0,0,0,68,2,12,0
4564174,1,1,1,1,1,0,68,2,12,0
4564795,0,1,0,1,0,0,68,2,12,0
4564923,0,0,0,0,1,0,68,2,12,0
4565837,1,0,0,1,1,0,68,2,12,0
4567157,0,0,0,0,1,0,68,2,12,0
4567423,0,0,0,0,1,0,68,2,12,0
4568663,0,1,1,0,1,0,68,2,12,0
4570303,1,0,1,0,0,0,68,2,12,0
4571836,1,1,1,1,1,0,68,2,12,0
4572148,1,0,1,0,0,0,68,2,12,0
4573152,1,1,1,1,1,0,68,2,12,0
4573363,0,1,1,0,1,0,68,2,12,0
4574239,0,0,1,1,0,0,68,2,12,0
4574959,0,1,0,1,0,0,68,2,12,0
4576230,0,1,0,1,0,0,68,2,12,0
4580719,0,0,0,0,1,0,68,2,12,0
4581041,1,0,0,1,1,0,68,2,12,0
4581056,1,1,1,1,1,0,68,2,12,0
4581698,0,1,0,1,0,0,68,2,12,0
4585093,0,0,0,0,1,0,68,2,12,0
4585368,0,0,1,1,0,0,68,2,12,0
4585742,1,1,0,0,0,0,68,2,12,0
4586689,0,1,1,0,1,0,68,2,12,0
4587708,1,0,1,0,0,0,137,2,12,0
4588291,1,0,0,1,1,0,137,2,12,0
4588834,0,0,1,1,0,0,137,2,12,0
4589368,1,1,0,0,0,0,137,2,12,0
4590726,1,0,0,1,1,0,137,2,12,0
4591119,1,0,1,0,0,0,137,2,12,0
4591530,1,0,0,1,1,0,137,2,12,0
4591567,0,1,0,1,0,0,137,2,12,0
4592411,0,0,0,0,1,0,137,2,12,0
4592547,1,0,1,0,0,0,137,2,12,0
4593313,1,1,0,0,0,0,137,2,12,0
4593515,0,1,0,1,0,0,137,2,12,0
4593748,1,1,1,1,1,0,137,2,12,0
4594255,1,1,1,1,1,0,137,2,12,0
4596089,1,0,0,1,1,0,137,2,12,0
4596341,1,0,0,1,1,0,137,2,12,0
4597752,0,1,0,1,0,0,137,2,12,0
4598125,0,1,0,1,0,0,137,2,12,0
4598161,1,0,0,1,1,0,137,2,12,0
4598180,0,0,0,0,1,0,137,2,12,0
4598862,1,1,1,1,1,0,137,2,12,0
4599094,1,0,1,0,0,0,137,2,12,0
4599167,0,1,0,1,0,0,137,2,12,0
4599979,1,0,0,1,1,0,137,2,12,0
4600900,0,1,0,1,0,0,137,2,12,0
4601285,1,0,0,1,1,0,137,2,12,0
4602562,0,0,0,0,1,0,137,2,12,0
4602857,0,0,0,1,1,1,137,2,12,0
4603385,1,0,0,1,1,0,137,2,12,0
4604041,0,1,1,0,1,0,137,2,12,0
4604691,1,1,1,1,1,0,137,2,12,0
4605103,1,1,1,1,1,0,137,2,12,0
4605144,0,1,1,0,1,0,137,2,12,0
4605611,0,0,1,1,0,0,137,2,12,0
4605620,1,0,1,0,0,0,137,2,12,0
4606055,1,1,0,0,0,0,137,2,12,0
4606426,0,0,0,0,1,0,137,2,12,0
4606739,0,1,1,0,1,0,137,2,12,0
4607561,1,0,1,0,0,0,137,2,12,0
4608015,0,1,0,1,0,0,137,2,12,0
4608789,1,0,1,0,0,0,137,2,12,0
4608928,0,0,1,1,0,0,137,2,12,0
4608991,1,1,1,1,1,0,137,2,12,0
4609682,1,0,1,0,0,0,137,2,12,0
4610378,0,0,0,0,1,0,137,2,12,0
4610707,0,0,1,1,0,0,137,2,12,0
4611516,1,1,1,1,1,0,137,2,12,0
4611576,0,1,0,1,0,0,137,2,12,0
4612340,0,1,1,0,1,0,137,2,12,0
4612822,1,1,1,1,1,0,137,2,12,0
4613383,1,0,1,0,0,0,137,2,12,0
4613590,0,0,0,0,1,0,137,2,12,0
4613990,1,1,0,0,0,0,137,2,12,0
4614274,1,0,0,1,1,0,137,2,12,0
4614973,0,1,1,0,1,0,137,2,12,0
4615270,0,1,1,0,1,0,137,2,12,0
4616005,0,0,1,1,0,0,137,2,12,0
4616242,0,1,0,1,0,0,137,2,12,0
4616340,1,1,0,0,0,0,137,2,12,0
4618219,0,0,0,0,1,0,137,2,12,0
4618962,0,0,1,1,0,0,137,2,12,0
4620783,1,0,0,0,1,1,137,2,12,0
4621003,0,1,1,0,1,0,137,2,12,0
4621408,0,0,0,0,1,0,137,2,12,0
4621561,1,1,0,0,0,0,137,2,12,0
4621767,1,1,0,0,0,0,137,2,12,0
4622843,0,0,0,0,1,0,137,2,12,0
4623381,1,1,1,1,1,0,137,2,12,0
4624304,0,0,1,1,0,0,137,2,12,0
4624498,1,1,1,1,1,0,137,2,12,0
4624678,1,1,1,1,1,0,137,2,12,0
4625721,0,1,1,0,1,0,137,2,12,0
4626002,1,1,1,1,1,0,137,2,12,0
4626226,0,1,1,0,1,0,137,2,12,0
4626940,1,1,1,1,1,0,137,2,12,0
4627239,0,1,1,0,1,0,137,2,12,0
4630514,0,0,0,0,1,0,137,2,12,0
4631330,1,1,0,0,0,0,137,2,12,0
4632236,1,0,0,1,1,0,137,2,12,0
4632272,1,1,0,0,0,0,137,2,12,0
4632518,1,0,0,1,1,0,137,2,12,0
4632716,0,0,1,1,0,0,137,2,12,0
4632838,0,1,0,1,0,0,137,2,12,0
4633000,0,0,0,0,1,0,137,2,12,0
4633336,0,1,1,0,1,0,137,2,12,0
4633835,1,0,1,0,0,0,137,2,12,0
4634036,1,1,0,0,0,0,137,2,12,0
4634878,1,0,1,0,0,0,137,2,12,0
4635558,1,1,1,1,1,0,137,2,12,0
4636393,1,0,0,1,1,0,137,2,12,0
4636439,1,1,0,0,0,0,137,2,12,0
4636895,0,1,0,1,0,0,137,2,12,0
4637455,1,1,0,0,0,0,137,2,12,0
4638833,0,1,1,0,1,0,137,2,12,0
4639471,1,0,1,0,0,0,137,2,12,0
4639899,1,0,1,0,0,0,137,2,12,0
4640560,1,1,1,1,1,0,137,2,12,0
4640941,1,1,0,0,0,0,137,2,12,0
4641593,0,1,1,0,1,0,137,2,12,0
4641917,0,1,1,0,1,0,137,2,12,0
4642728,0,0,0,0,1,0,137,2,12,0
4643220,1,1,0,0,0,0,137,2,12,0
4643227,0,0,0,0,1,0,137,2,12,0
4644503,0,0,1,1,0,0,137,2,12,0
4645306,1,0,1,0,0,0,137,2,12,0
4645775,1,1,1,1,1,0,137,2,12,0
4645949,1,1,1,1,1,0,137,2,12,0
4646084,0,1,1,0,1,0,137,2,12,0
4646535,1,0,0,1,1,0,137,2,12,0
4646862,0,0,0,0,1,0,137,2,12,0
4647737,1,1,0,0,0,0,137,2,12,0
4648104,0,1,1,0,1,0,137,2,12,0
4648399,0,1,0,1,0,0,137,2,12,0
4649935,1,1,0,0,0,0,137,2,12,0
4650079,0,0,1,1,0,0,137,2,12,0
4650614,0,1,0,1,0,0,137,2,12,0
4651242,1,0,0,1,1,0,137,2,12,0
4651383,0,0,1,1,0,0,137,2,12,0
4652469,0,1,1,0,1,0,137,2,12,0
4652490,1,1,1,1,1,0,137,2,12,0
4652491,0,1,1,0,1,0,137,2,12,0
4652766,1,0,1,0,0,0,137,2,12,0
4653032,1,1,0,0,0,0,137,2,12,0
4653929,1,0,1,0,0,0,133,2,12,1
4655830,0,0,0,0,1,0,133,2,12,1
4656392,1,1,1,1,1,0,133,2,12,1
4658295,0,1,0,1,0,0,133,2,12,1
4661287,0,1,1,0,1,0,133,2,12,1
4665985,1,0,0,1,1,0,133,2,12,1
4667000,0,1,1,0,1,0,133,2,12,1
4667886,0,0,1,1,0,0,133,2,12,1
4668738,0,0,0,0,1,0,133,2,12,1
4668782,0,1,1,0,1,0,133,2,12,1
4668985,0,0,0,0,1,0,133,2,12,1
4669982,1,0,1,0,0,0,133,2,12,1
4670401,0,1,0,1,0,0,133,2,12,1
4673061,0,1,0,1,0,0,133,2,12,1
4674276,1,0,1,0,0,0,133,2,12,1
4676325,0,0,0,0,1,0,133,2,12,1
4677614,0,0,0,0,1,0,133,2,12,1
4677878,1,1,1,1,1,0,133,2,12,1
4677983,1,0,0,1,1,0,133,2,12,1
4679330,0,0,1,1,0,0,133,2,12,1
4680794,0,1,0,1,0,0,133,2,12,1
4681767,1,0,0,1,1,0,133,2,12,1
4684139,1,1,0,0,0,0,133,2,12,1
4684619,0,0,0,0,1,0,133,2,12,1
4684635,0,1,0,1,0,0,133,2,12,1
4684714,1,1,0,0,0,0,133,2,12,1
4685630,0,0,0,0,1,0,133,2,12,1
4685967,0,1,1,0,1,0,133,2,12,1
4686307,0,1,1,0,1,0,133,2,12,1
4687507,0,1,0,1,0,0,133,2,12,1
4687957,1,1,1,1,1,0,133,2,12,1
4688653,0,0,1,1,0,0,133,2,12,1
4688714,0,0,1,1,0,0,133,2,12,1
4688968,1,1,0,0,0,0,133,2,12,1
4689012,1,1,1,1,1,0,133,2,12,1
4690924,0,0,1,1,0,0,133,2,12,1
4691808,0,0,0,0,1,0,133,2,12,1
4693652,1,0,1,0,0,0,133,2,12,1
4694296,1,1,0,0,0,0,133,2,12,1
4695559,1,0,1,0,0,0,133,2,12,1
4695680,0,1,1,0,1,0,133,2,12,1
4695968,1,0,0,1,1,0,133,2,12,1
4697100,0,0,0,0,1,0,133,2,12,1
4697444,1,1,0,0,0,0,133,2,12,1
4697528,1,0,1,0,0,0,133,2,12,1
4697551,1,0,1,0,0,0,133,2,12,1
4698517,0,1,0,1,0,0,133,2,12,1
4699220,0,1,1,0,1,0,133,2,12,1
4699366,0,0,0,0,1,0,133,2,12,1
4699753,1,0,1,0,0,0,133,2,12,1
4700302,1,0,1,0,0,0,133,2,12,1
4704478,1,1,0,0,0,0,133,2,12,1
4705800,0,1,0,1,0,0,133,2,12,1
4706423,0,0,0,0,1,0,133,2,12,1
4708381,1,0,0,1,1,0,133,2,12,1
4710437,0,1,1,0,1,0,133,2,12,1
4710796,0,0,0,0,1,0,133,2,12,1
4710821,0,0,1,1,0,0,133,2,12,1
4713638,0,0,0,0,1,0,133,2,12,1
4713796,0,1,0,1,0,0,133,2,12,1
4716299,0,1,1,0,1,0,133,2,12,1
4716429,0,0,1,1,0,0,133,2,12,1
4718049,0,1,1,0,1,0,133,2,12,1
4718137,1,0,1,0,0,0,133,2,12,1
4718508,1,1,0,0,0,0,133,2,12,1
4718704,0,1,0,1,0,0,146,2,12,1
4719120,0,0,0,0,1,0,146,2,12,1
4720483,0,0,0,0,1,0,146,2,12,1
4722153,1,1,0,0,0,0,146,2,12,1
4724242,1,0,0,1,1,0,146,2,12,1
4725253,1,1,0,0,0,0,146,2,12,1
4725746,0,0,1,1,0,0,146,2,12,1
4726884,1,0,0,1,1,0,146,2,12,1
4727175,0,1,1,0,1,0,146,2,12,1
4727247,0,1,1,0,1,0,146,2,12,1
4727337,0,1,1,0,1,0,146,2,12,1
4728202,1,1,1,1,1,0,146,2,12,1
4728929,1,0,1,0,0,0,146,2,12,1
4729331,1,0,0,1,1,0,146,2,12,1
4729938,0,0,1,1,0,0,146,2,12,1
4731030,1,0,0,1,1,0,146,2,12,1
4731263,0,1,1,0,1,0,146,2,12,1
4732111,0,0,0,0,1,0,146,2,12,1
4732171,1,1,1,1,1,0,146,2,12,1
4732571,0,0,1,1,0,0,146,2,12,1
4733288,0,1,1,0,1,0,146,2,12,1
4733369,0,1,1,0,1,0,146,2,12,1
4734771,1,0,0,1,1,0,146,2,12,1
4736079,1,1,0,0,0,0,146,2,12,1
4736125,1,1,0,0,0,0,146,2,12,1
4737321,1,1,1,1,1,0,146,2,12,1
4738317,0,0,0,0,1,0,146,2,12,1
4738952,1,1,0,0,0,0,146,2,12,1
4739422,1,0,1,0,0,0,146,2,12,1
4739944,1,0,1,0,0,0,146,2,12,1
4740891,1,0,0,1,1,0,146,2,12,1
4742030,0,1,0,1,0,0,146,2,12,1
4742968,0,1,0,1,0,0,146,2,12,1
4743013,1,0,1,1,0,0,146,2,12,1
4743275,0,1,1,0,1,0,146,2,12,1
4744440,1,0,0,1,1,0,146,2,12,1
4745522,0,0,0,0,1,0,146,2,12,1
4746246,1,0,0,0,1,1,146,2,12,1
4747352,1,0,1,0,0,0,146,2,12,1
4748439,1,0,0,1,1,0,146,2,12,1
4748841,0,0,0,0,1,0,146,2,12,1
4749566,0,0,0,0,1,0,146,2,12,1
4749928,0,1,0,1,0,0,146,2,12,1
4750367,1,0,1,0,0,0,146,2,12,1
4751103,0,0,0,0,1,0,146,2,12,1
4751527,0,0,0,0,1,0,146,2,12,1
4752306,1,1,1,1,1,0,146,2,12,1
4752546,0,1,0,1,0,0,146,2,12,1
4752630,0,1,1,0,1,0,146,2,12,1
4753100,1,0,0,0,1,1,146,2,12,1
4754071,1,1,1,1,1,0,146,2,12,1
4755127,1,0,1,0,0,0,146,2,12,1
4755981,0,1,0,1,0,0,146,2,12,1
4756733,1,1,0,0,0,0,146,2,12,1
4758198,0,1,0,1,0,0,146,2,12,1
4758373,0,1,1,0,1,0,146,2,12,1
4758486,0,0,1,1,0,0,146,2,12,1
4759095,1,1,0,0,0,0,146,2,12,1
4759146,1,1,0,0,0,0,146,2,12,1
4759450,1,0,1,0,0,0,146,2,12,1
4759642,1,1,1,1,1,0,146,2,12,1
4760037,0,0,1,1,0,0,146,2,12,1
4760644,0,1,0,1,0,0,146,2,12,1
4761103,1,0,0,1,1,0,146,2,12,1
4761384,0,1,0,1,0,0,146,2,12,1
4762073,0,0,0,0,1,0,146,2,12,1
4763080,1,1,0,0,0,0,146,2,12,1
4764840,0,1,1,0,1,0,146,2,12,1
4766059,0,0,1,1,0,0,146,2,12,1
4766482,0,1,1,0,1,0,146,2,12,1
4767699,0,0,1,1,0,0,146,2,12,1
4768372,1,1,1,1,1,0,146,2,12,1
4769558,0,0,1,1,0,0,146,2,12,1
4769664,0,0,1,1,0,0,146,2,12,1
4769897,0,1,1,0,1,0,146,2,12,1
4771192,1,1,1,1,1,0,146,2,12,1
4772517,1,0,1,0,0,0,146,2,12,1
4773646,0,1,1,0,1,0,146,2,12,1
4774645,1,0,1,0,0,0,146,2,12,1
4776363,0,1,1,0,1,0,146,2,12,1
4777069,0,0,1,1,0,0,146,2,12,1
4777636,0,1,1,1,1,1,146,2,12,1
4780460,1,0,1,0,0,0,146,2,12,1
4781035,0,0,0,0,1,0,146,2,12,1
4781266,1,0,0,1,1,0,146,2,12,1
4783098,0,0,0,0,1,0,146,2,12,1
4783587,0,1,1,0,1,0,146,2,12,1
4783775,0,1,1,0,1,0,146,2,12,1
4784377,1,1,0,0,0,0,191,2,12,1
4784994,0,0,1,1,0,0,191,2,12,1
4785745,1,0,1,0,0,0,191,2,12,1
4786132,0,1,1,0,1,0,191,2,12,1
4787571,1,1,0,0,0,0,191,2,12,1
4787910,1,1,0,0,0,0,191,2,12,1
4787917,0,0,0,0,1,0,191,2,12,1
4789126,0,1,1,0,1,0,191,2,12,1
4789577,1,0,0,1,1,0,191,2,12,1
4791159,1,1,1,1,1,0,191,2,12,1
4791643,1,0,1,0,0,0,191,2,12,1
4791891,1,1,1,1,1,0,191,2,12,1
4792544,1,0,0,1,1,0,191,2,12,1
4792848,1,1,0,0,0,0,191,2,12,1
4793558,0,0,0,1,1,1,191,2,12,1
4793687,1,0,1,0,0,0,191,2,12,1
4794863,1,0,1,1,0,0,191,2,12,1
4795544,0,0,1,1,0,0,191,2,12,1
4796723,0,0,0,0,1,0,191,2,12,1
4797781,1,0,0,1,1,0,191,2,12,1
4798174,0,0,1,1,0,0,191,2,12,1
4798737,1,0,0,1,1,0,191,2,12,1
4799050,0,1,0,1,0,0,191,2,12,1
4799419,0,0,1,1,0,0,191,2,12,1
4801525,1,1,1,1,1,0,191,2,12,1
4802025,1,0,0,1,1,0,191,2,12,1
4802342,0,1,0,1,0,0,191,2,12,1
4802481,0,0,0,1,1,1,191,2,12,1
4803015,0,0,0,0,1,0,191,2,12,1
4803124,1,0,0,1,1,0,191,2,12,1
4805611,1,0,1,0,0,0,191,2,12,1
4806253,0,1,0,1,0,0,191,2,12,1
4806254,1,1,1,1,1,0,191,2,12,1
4807706,1,1,0,0,0,0,191,2,12,1
4808358,0,0,0,0,1,0,191,2,12,1
4808447,0,1,1,0,1,0,191,2,12,1
4808873,1,1,1,1,1,0,191,2,12,1
4810180,0,1,0,1,0,0,191,2,12,1
4811259,0,0,0,0,1,0,191,2,12,1
4811780,1,0,0,1,1,0,191,2,12,1
4812984,1,1,0,0,0,0,191,2,12,1
4814165,0,0,1,1,0,0,191,2,12,1
4815800,1,0,0,0,1,1,191,2,12,1
4816400,0,1,0,0,0,0,191,2,12,1
4817720,0,0,0,0,1,0,191,2,12,1
4818832,1,0,0,1,1,0,191,2,12,1
4818991,1,1,0,0,0,0,191,2,12,1
4819138,1,1,1,1,1,0,191,2,12,1
4819422,1,0,0,0,1,1,191,2,12,1
4820152,0,1,0,1,0,0,191,2,12,1
4820730,1,0,0,1,1,0,191,2,12,1
4820919,0,0,0,0,1,0,191,2,12,1
4821934,1,1,0,0,0,0,191,2,12,1
4822004,1,0,1,0,0,0,191,2,12,1
4822036,1,0,0,1,1,0,191,2,12,1
4822073,1,0,1,0,0,0,191,2,12,1
4822860,1,0,0,1,1,0,191,2,12,1
4822879,1,1,0,0,0,0,191,2,12,1
4822901,0,0,1,1,0,0,191,2,12,1
4823110,0,0,0,0,1,0,191,2,12,1
4824891,1,1,0,0,0,0,191,2,12,1
4825696,1,1,1,1,1,0,191,2,12,1
4826554,0,0,1,1,0,0,191,2,12,1
4827108,1,1,0,0,0,0,191,2,12,1
4827350,0,1,1,0,1,0,191,2,12,1
4827717,1,0,1,0,0,0,191,2,12,1
4827734,1,1,1,1,1,0,191,2,12,1
4827857,1,1,0,0,0,0,191,2,12,1
4828386,0,1,0,1,0,0,191,2,12,1
4829102,1,1,1,1,1,0,191,2,12,1
4830205,0,1,0,1,0,0,191,2,12,1
4830704,1,0,0,1,1,0,191,2,12,1
4830956,1,0,0,1,1,0,191,2,12,1
4832225,1,0,0,1,1,0,191,2,12,1
4832437,0,1,0,1,0,0,191,2,12,1
4832684,1,1,0,0,0,0,191,2,12,1
4832955,0,0,1,1,0,0,191,2,12,1
4833060,1,1,0,0,0,0,191,2,12,1
4834256,0,1,1,0,1,0,191,2,12,1
4834676,1,0,1,0,0,0,191,2,12,1
4835265,0,1,1,0,1,0,191,2,12,1
4836561,0,0,1,1,0,0,191,2,12,1
4836855,1,1,1,1,1,0,191,2,12,1
4838028,0,1,0,1,0,0,191,2,12,1
4838060,0,1,1,0,1,0,191,2,12,1
4838853,1,0,1,0,0,0,191,2,12,1
4839423,1,0,1,0,0,0,191,2,12,1
4839938,1,0,0,1,1,0,191,2,12,1
4840420,1,1,0,0,0,0,191,2,12,1
4840427,0,0,1,1,0,0,191,2,12,1
4840841,0,1,1,0,1,0,191,2,12,1
4840908,1,1,1,1,1,0,191,2,12,1
4841064,1,0,0,1,1,0,191,2,12,1
4841528,0,1,0,1,0,0,191,2,12,1
4843237,1,1,1,1,1,0,191,2,12,1
4843502,0,1,1,0,1,0,191,2,12,1
4843925,1,1,1,1,1,0,191,2,12,1
4844118,0,0,0,0,1,0,191,2,12,1
4844222,1,0,1,0,0,0,191,2,12,1
4844608,0,0,0,0,1,0,191,2,12,1
4844968,1,0,1,0,0,0,191,2,12,1
4845847,1,1,0,0,0,0,191,2,12,1
4846196,1,0,0,1,1,0,191,2,12,1
4846444,1,1,0,0,0,0,191,2,12,1
4846502,0,0,1,1,0,0,191,2,12,1
4846738,1,1,0,0,0,0,191,2,12,1
4847314,0,0,0,0,1,0,191,2,12,1
4847470,0,1,1,0,1,0,191,2,12,1
4848105,0,0,0,0,1,0,191,2,12,1
4848134,0,1,0,1,0,0,191,2,12,1
4848450,0,0,0,0,1,0,191,2,12,1
4849283,0,1,0,1,0,0,191,2,12,1
4849561,1,1,1,1,1,0,191,2,12,1
4851421,0,0,0,0,1,0,94,2,12,1
4852066,1,0,1,0,0,0,94,2,12,1
4852458,1,0,0,1,1,0,94,2,12,1
4853153,0,0,1,1,0,0,94,2,12,1
4854393,1,0,0,1,1,0,94,2,12,1
4854743,0,1,1,0,1,0,94,2,12,1
4854790,0,0,1,1,0,0,94,2,12,1
4856770,0,0,0,0,1,0,94,2,12,1
4856778,0,1,0,1,0,0,94,2,12,1
4858597,0,0,1,1,0,0,94,2,12,1
4858761,0,1,0,1,0,0,94,2,12,1
4864010,1,1,1,1,1,0,94,2,12,1
4864660,1,0,0,1,1,0,94,2,12,1
4866046,1,1,1,1,1,0,94,2,12,1
4867751,1,1,0,0,0,0,94,2,12,1
4868425,1,0,1,1,0,0,94,2,12,1
4869202,0,0,0,0,1,0,94,2,12,1
4870056,0,0,1,1,0,0,94,2,12,1
4874640,0,1,0,1,0,0,94,2,12,1
4875565,1,1,1,1,1,0,94,2,12,1
4878946,0,0,0,0,1,0,94,2,12,1
4880096,1,0,0,1,1,0,94,2,12,1
4880760,1,0,0,1,1,0,94,2,12,1
4884937,0,1,0,1,0,0,94,2,12,1
4890978,1,1,0,0,0,0,94,2,12,1
4892316,0,0,1,1,0,0,94,2,12,1
4894190,0,0,1,1,0,0,94,2,12,1
4894707,1,0,1,0,0,0,94,2,12,1
4897606,1,0,0,1,1,0,94,2,12,1
4898548,1,1,0,0,0,0,94,2,12,1
4898829,0,0,1,1,0,0,94,2,12,1
4899516,0,0,0,0,1,0,94,2,12,1
4901021,1,0,1,0,0,0,94,2,12,1
4903136,1,0,1,0,0,0,94,2,12,1
4904200,0,1,0,1,0,0,94,2,12,1
4905540,0,0,1,1,0,0,94,2,12,1
4905609,1,0,0,0,1,1,94,2,12,1
4906528,0,0,1,1,0,0,94,2,12,1
4907603,1,1,0,0,0,0,94,2,12,1
4908112,0,1,1,0,1,0,94,2,12,1
4909091,0,1,1,0,1,0,94,2,12,1
4909470,1,0,1,0,0,0,94,2,12,1
4911531,0,0,1,0,0,0,94,2,12,1
4912852,0,1,1,0,1,0,94,2,12,1
4914542,1,0,0,1,1,0,94,2,12,1
4914766,0,0,0,0,1,0,94,2,12,1
4916252,1,1,0,0,0,0,123,2,12,0
4917527,0,0,1,1,0,0,123,2,12,0
4918847,1,1,0,1,0,0,123,2,12,0
4918858,0,1,0,1,0,0,123,2,12,0
4919108,1,1,0,0,0,0,123,2,12,0
4919257,1,1,1,1,1,0,123,2,12,0
4919540,0,0,0,0,1,0,123,2,12,0
4920949,1,0,1,0,0,0,123,2,12,0
4921229,1,0,0,1,1,0,123,2,12,0
4921603,0,1,0,1,0,0,123,2,12,0
4922820,0,1,1,0,1,0,123,2,12,0
4923351,1,0,0,1,1,0,123,2,12,0
4924588,0,0,1,1,0,0,123,2,12,0
4924742,0,1,1,0,1,0,123,2,12,0
4925624,1,0,1,0,0,0,123,2,12,0
4926042,0,0,1,1,0,0,123,2,12,0
4926588,0,1,0,1,0,0,123,2,12,0
4926906,0,1,1,0,1,0,123,2,12,0
4927051,1,1,0,0,0,0,123,2,12,0
4928267,1,1,1,1,1,0,123,2,12,0
4928838,1,1,1,1,1,0,123,2,12,0
4929105,1,0,1,0,0,0,123,2,12,0
4929579,1,1,0,0,0,0,123,2,12,0
4930998,0,0,0,0,1,0,123,2,12,0
4931065,1,1,1,1,1,0,123,2,12,0
4932293,0,1,0,1,0,0,123,2,12,0
4932298,0,0,1,1,0,0,123,2,12,0
4932370,0,1,1,0,1,0,123,2,12,0
4932987,0,0,0,0,1,0,123,2,12,0
4933873,1,1,1,1,1,0,123,2,12,0
4934143,0,0,1,1,0,0,123,2,12,0
4934469,0,1,1,0,1,0,123,2,12,0
4934876,1,0,1,0,0,0,123,2,12,0
4934927,1,0,1,0,0,0,123,2,12,0
4935614,0,0,1,1,0,0,123,2,12,0
4936134,0,0,0,0,1,0,123,2,12,0
4936209,1,0,1,0,0,0,123,2,12,0
4937036,0,1,1,0,1,0,123,2,12,0
4937410,1,1,0,0,0,0,123,2,12,0
4937476,0,0,1,1,0,0,123,2,12,0
4937811,0,1,0,1,0,0,123,2,12,0
4938310,0,0,0,0,1,0,123,2,12,0
4940256,1,1,1,1,1,0,123,2,12,0
4940607,1,0,1,0,0,0,123,2,12,0
4941791,1,0,0,1,1,0,123,2,12,0
4943254,1,0,1,0,0,0,123,2,12,0
4944844,1,0,1,0,0,0,123,2,12,0
4944919,1,0,0,1,1,0,123,2,12,0
4945046,0,1,0,1,0,0,123,2,12,0
4946115,1,1,0,0,0,0,123,2,12,0
4946129,0,0,0,0,1,0,123,2,12,0
4949453,0,0,1,1,0,0,123,2,12,0
4949974,0,1,0,1,0,0,123,2,12,0
4950504,1,1,0,0,0,0,123,2,12,0
4950751,1,0,0,1,1,0,123,2,12,0
4951549,1,0,0,1,1,0,123,2,12,0
4951866,1,1,1,1,1,0,123,2,12,0
4953633,1,1,0,0,0,0,123,2,12,0
4953972,1,1,0,0,0,0,123,2,12,0
4954390,1,0,0,1,1,0,123,2,12,0
4954525,0,0,1,1,0,0,123,2,12,0
4954715,0,1,1,0,1,0,123,2,12,0
4955826,1,1,1,1,1,0,123,2,12,0
4956154,1,0,1,0,0,0,123,2,12,0
4956960,0,0,0,0,1,0,123,2,12,0
4957028,0,1,0,1,0,0,123,2,12,0
4959018,1,1,1,1,1,0,123,2,12,0
4960111,0,1,0,1,0,0,123,2,12,0
4961399,0,1,1,0,1,0,123,2,12,0
4961845,1,0,1,0,0,0,123,2,12,0
4961970,0,1,1,0,1,0,123,2,12,0
4962076,0,1,1,0,1,0,123,2,12,0
4962620,0,1,1,0,1,0,123,2,12,0
4962869,1,1,1,1,1,0,123,2,12,0
4963938,1,0,1,0,0,0,123,2,12,0
4964564,0,1,0,1,0,0,123,2,12,0
4965163,1,1,0,0,0,0,123,2,12,0
4965533,1,0,0,1,1,0,123,2,12,0
4965997,1,1,0,0,0,0,123,2,12,0
4966632,1,0,1,0,0,0,123,2,12,0
4966855,0,1,0,1,0,0,123,2,12,0
4967083,0,1,1,0,1,0,123,2,12,0
4967890,0,0,1,1,0,0,123,2,12,0
4968597,0,1,1,0,1,0,123,2,12,0
4969670,1,1,0,0,0,0,123,2,12,0
4969879,1,0,0,1,1,0,123,2,12,0
4970114,0,1,1,0,1,0,123,2,12,0
4970370,1,0,0,1,1,0,123,2,12,0
4970776,1,1,0,0,0,0,123,2,12,0
4971572,0,0,1,1,0,0,123,2,12,0
4972734,0,0,1,1,0,0,123,2,12,0
4974764,0,1,1,0,1,0,123,2,12,0
4975135,1,1,1,1,1,0,123,2,12,0
4975384,1,1,1,1,1,0,123,2,12,0
4975618,1,1,0,0,0,0,123,2,12,0
4976317,0,1,1,0,1,0,123,2,12,0
4976756,0,1,0,1,0,0,123,2,12,0
4977169,1,0,1,0,0,0,123,2,12,0
4977196,0,0,0,0,1,0,123,2,12,0
4977701,0,1,1,0,1,0,123,2,12,0
4977899,1,0,1,1,0,0,123,2,12,0
4978727,0,1,0,0,0,0,123,2,12,0
4979213,1,1,1,1,1,0,123,2,12,0
4979642,1,1,1,1,1,0,123,2,12,0
4980484,1,0,0,1,1,0,123,2,12,0
4980511,0,0,1,1,0,0,123,2,12,0
4980693,0,0,0,0,1,0,123,2,12,0
4981320,0,0,1,1,0,0,166,1,12,0
4981403,1,0,0,1,1,0,166,1,12,0
4981773,1,1,1,1,1,0,166,1,12,0
4982204,0,1,1,0,1,0,166,1,12,0
4982720,1,0,1,0,0,0,166,1,12,0
4983500,0,1,0,1,0,0,166,1,12,0
4984114,0,0,0,0,1,0,166,1,12,0
4984518,1,0,0,1,1,0,166,1,12,0
4984553,1,1,0,0,0,0,166,1,12,0
4985152,0,1,1,0,1,0,166,1,12,0
4985600,1,1,1,1,1,0,166,1,12,0
4986555,0,0,1,1,0,0,166,1,12,0
4987116,1,0,0,1,1,0,166,1,12,0
4987250,0,0,1,1,0,0,166,1,12,0
4987523,0,0,1,1,0,0,166,1,12,0
4987839,1,1,1,1,1,0,166,1,12,0
4988435,1,1,1,1,1,0,166,1,12,0
4988944,1,0,1,0,0,0,166,1,12,0
4989472,0,0,0,0,1,0,166,1,12,0
4989884,1,1,1,1,1,0,166,1,12,0
4990607,0,0,0,0,1,0,166,1,12,0
4991639,1,0,1,0,0,0,166,1,12,0
4991719,1,1,0,0,0,0,166,1,12,0
4992324,1,1,0,0,0,0,166,1,12,0
4992674,1,1,0,0,0,0,166,1,12,0
4992774,0,1,1,0,1,0,166,1,12,0
4992890,0,0,1,1,0,0,166,1,12,0
4993968,0,1,1,0,1,0,166,1,12,0
4994297,1,0,0,1,1,0,166,1,12,0
4994756,0,0,0,0,1,0,166,1,12,0
4994801,0,0,1,1,0,0,166,1,12,0
4994946,1,0,0,1,1,0,166,1,12,0
4994964,0,1,0,1,0,0,166,1,12,0
4995684,1,1,0,0,0,0,166,1,12,0
4996093,1,1,0,0,0,0,166,1,12,0
4996365,0,1,0,1,0,0,166,1,12,0
4997120,0,0,0,0,1,0,166,1,12,0
4998763,1,0,1,0,0,0,166,1,12,0
4998807,0,0,1,0,0,0,166,1,12,0
4998941,0,1,1,0,1,0,166,1,12,0
4999336,1,0,1,0,0,0,166,1,12,0
4999655,1,0,1,0,0,0,166,1,12,0
4999881,0,1,0,1,0,0,166,1,12,0
5000496,1,1,1,1,1,0,166,1,12,0
5000682,0,0,0,0,1,0,166,1,12,0
5001906,1,0,1,0,0,0,166,1,12,0
5002028,0,0,1,1,0,0,166,1,12,0
5002466,0,0,1,1,0,0,166,1,12,0
5002805,1,0,1,0,0,0,166,1,12,0
5003331,1,0,0,1,1,0,166,1,12,0
5003649,1,0,1,0,0,0,166,1,12,0
5004885,1,0,1,0,0,0,166,1,12,0
5004897,1,0,0,1,1,0,166,1,12,0
5005743,1,1,1,1,1,0,166,1,12,0
5005842,0,0,1,1,0,0,166,1,12,0
5006052,1,0,1,0,0,0,166,1,12,0
5006788,1,1,1,1,1,0,166,1,12,0
5007344,1,0,1,0,0,0,166,1,12,0
5007761,1,0,0,1,1,0,166,1,12,0
5007852,0,0,1,1,0,0,166,1,12,0
5008366,0,1,0,1,0,0,166,1,12,0
5008591,0,1,0,1,0,0,166,1,12,0
5008602,1,0,1,0,0,0,166,1,12,0
5009173,0,0,0,0,1,0,166,1,12,0
5009472,1,0,0,1,1,0,166,1,12,0
5010519,0,1,0,1,0,0,166,1,12,0
5010682,0,0,0,0,1,0,166,1,12,0
5010846,0,1,1,0,1,0,166,1,12,0
5010995,1,1,1,1,1,0,166,1,12,0
5011064,0,0,1,1,0,0,166,1,12,0
5011574,1,0,1,0,0,0,166,1,12,0
5011607,0,1,1,0,1,0,166,1,12,0
5011968,1,1,1,1,1,0,166,1,12,0
5012314,1,1,0,0,0,0,166,1,12,0
5013915,1,0,0,1,1,0,166,1,12,0
5014122,0,1,1,0,1,0,166,1,12,0
5014336,1,0,0,1,1,0,166,1,12,0
5014345,1,0,1,0,0,0,166,1,12,0
5014564,0,1,1,0,1,0,166,1,12,0
5014956,1,1,0,0,0,0,166,1,12,0
5015025,0,0,0,0,1,0,166,1,12,0
5015075,1,1,1,1,1,0,166,1,12,0
5015187,1,1,0,0,0,0,166,1,12,0
5016747,1,1,0,0,0,0,166,1,12,0
5017601,0,0,1,1,0,0,166,1,12,0
5017943,0,1,0,1,0,0,166,1,12,0
5018130,1,1,1,1,1,0,166,1,12,0
5018166,1,1,0,0,0,0,166,1,12,0
5018330,0,1,0,1,0,0,166,1,12,0
5018445,0,0,0,0,1,0,166,1,12,0
5018884,1,1,1,1,1,0,166,1,12,0
5019195,0,0,0,0,1,0,166,1,12,0
5019233,0,0,1,1,0,0,166,1,12,0
5019621,0,1,0,1,0,0,166,1,12,0
5020249,1,1,0,0,0,0,166,1,12,0
5021640,1,0,0,1,1,0,166,1,12,0
5021861,0,1,0,1,0,0,166,1,12,0
5021980,0,0,1,1,0,0,166,1,12,0
5022686,0,0,1,1,0,0,166,1,12,0
5022862,0,0,1,1,0,0,166,1,12,0
5023194,1,1,1,1,1,0,166,1,12,0
5023620,1,0,1,1,0,0,166,1,12,0
5023813,1,1,0,0,0,0,166,1,12,0
5024027,0,0,0,0,1,0,166,1,12,0
5025298,1,0,0,1,1,0,166,1,12,0
5025814,0,0,1,1,0,0,166,1,12,0
5025875,0,0,1,1,0,0,166,1,12,0
5026916,1,1,0,0,0,0,166,1,12,0
5027199,1,1,1,1,1,0,166,1,12,0
5027240,0,0,0,0,1,0,166,1,12,0
5027487,0,1,0,1,0,0,166,1,12,0
5027584,1,0,1,0,0,0,166,1,12,0
5027658,1,0,1,0,0,0,166,1,12,0
5027863,0,1,0,1,0,0,166,1,12,0
5028462,0,1,1,0,1,0,166,1,12,0
5028877,1,0,1,0,0,0,166,1,12,0
5029900,1,1,0,0,0,0,166,1,12,0
5030852,1,0,0,1,1,0,166,1,12,0
5031071,1,0,1,0,0,0,166,1,12,0
5031498,0,0,0,0,1,0,166,1,12,0
5031863,1,1,1,1,1,0,166,1,12,0
5031877,0,0,0,0,1,0,166,1,12,0
5032111,0,0,1,1,0,0,166,1,12,0
5032521,1,1,0,0,0,0,166,1,12,0
5033073,0,1,0,1,0,0,166,1,12,0
5033348,0,1,0,1,0,0,166,1,12,0
5034204,0,0,0,0,1,0,166,1,12,0
5035180,1,0,1,0,0,0,166,1,12,0
5035719,0,1,0,1,0,0,166,1,12,0
5035974,1,0,1,0,0,0,166,1,12,0
5037161,1,0,1,0,0,0,166,1,12,0
5037354,1,1,0,0,0,0,166,1,12,0
5038258,0,1,1,0,1,0,166,1,12,0
5038288,1,0,0,1,1,0,166,1,12,0
5038459,0,1,1,0,1,0,166,1,12,0
5038470,1,1,1,0,1,1,166,1,12,0
5038533,1,0,1,0,0,0,166,1,12,0
5039101,1,1,0,0,0,0,166,1,12,0
5039160,1,0,1,0,0,0,166,1,12,0
5039260,0,0,0,0,1,0,166,1,12,0
5039516,1,1,0,0,0,0,166,1,12,0
5039605,1,0,0,1,1,0,166,1,12,0
5040285,0,1,1,0,1,0,166,1,12,0
5040311,1,1,1,1,1,0,166,1,12,0
5040333,1,0,1,0,0,0,166,1,12,0
5040720,0,0,1,1,0,0,166,1,12,0
5041367,0,1,0,1,0,0,166,1,12,0
5041510,0,1,0,1,0,0,166,1,12,0
5041533,0,1,0,1,0,0,166,1,12,0
5041708,1,1,0,0,0,0,166,1,12,0
5041926,0,0,1,0,0,0,166,1,12,0
5042479,0,1,0,1,0,0,166,1,12,0
5042995,1,1,0,0,0,0,166,1,12,0
5043461,1,1,0,0,0,0,166,1,12,0
5043585,1,1,0,0,0,0,166,1,12,0
5043861,1,0,0,1,1,0,166,1,12,0
5043885,1,0,1,0,0,0,166,1,12,0
5044269,0,0,1,1,0,0,166,1,12,0
5044710,1,0,0,1,1,0,166,1,12,0
5045125,0,0,1,1,0,0,166,1,12,0
5046225,1,0,0,1,1,0,166,1,12,0
5047174,0,1,0,1,0,0,121,1,9,0
5049344,0,0,0,1,1,1,121,1,9,0
5049420,0,1,1,0,1,0,121,1,9,0
5049525,1,1,0,0,0,0,121,1,9,0
5050294,1,0,0,1,1,0,121,1,9,0
5052269,1,1,1,1,1,0,121,1,9,0
5053094,0,0,0,0,1,0,121,1,9,0
5054450,1,0,0,1,1,0,121,1,9,0
5055082,1,1,1,1,1,0,121,1,9,0
5055616,1,1,0,0,0,0,121,1,9,0
5056144,0,1,1,0,1,0,121,1,9,0
5056371,1,0,0,1,1,0,121,1,9,0
5058108,0,0,0,0,1,0,121,1,9,0
5058647,0,0,0,0,1,0,121,1,9,0
5059150,0,1,0,1,0,0,121,1,9,0
5060185,1,1,1,1,1,0,121,1,9,0
5060531,1,0,1,0,0,0,121,1,9,0
5061350,1,0,0,1,1,0,121,1,9,0
5064556,1,1,0,0,0,0,121,1,9,0
5065337,0,1,1,0,1,0,121,1,9,0
5065582,0,0,0,0,1,0,121,1,9,0
5066962,1,0,1,0,0,0,121,1,9,0
5067359,1,0,0,1,1,0,121,1,9,0
5068049,0,1,1,0,1,0,121,1,9,0
5068170,0,0,0,0,1,0,121,1,9,0
5069147,1,0,1,0,0,0,121,1,9,0
5071176,1,1,1,0,1,1,121,1,9,0
5071224,0,1,0,1,0,0,121,1,9,0
5072797,1,0,1,0,0,0,121,1,9,0
5074551,1,1,1,1,1,0,121,1,9,0
5074816,0,0,0,0,1,0,121,1,9,0
5076829,0,0,0,0,1,0,121,1,9,0
5077599,1,1,0,0,0,0,121,1,9,0
5077760,1,1,1,1,1,0,121,1,9,0
5077780,0,1,0,1,0,0,121,1,9,0
5077950,1,0,0,1,1,0,121,1,9,0
5078041,1,1,1,1,1,0,121,1,9,0
5078973,1,0,0,1,1,0,121,1,9,0
5080273,1,0,1,0,0,0,121,1,9,0
5081053,0,1,0,1,0,0,121,1,9,0
5081071,0,0,1,1,0,0,121,1,9,0
5081816,1,0,0,1,1,0,121,1,9,0
5081881,1,0,0,1,1,0,121,1,9,0
5082394,1,1,1,1,1,0,121,1,9,0
5082628,1,0,1,0,0,0,121,1,9,0
5083236,0,1,1,0,1,0,121,1,9,0
5084026,1,1,0,0,0,0,121,1,9,0
5084174,0,0,1,1,0,0,121,1,9,0
5084587,0,1,1,0,1,0,121,1,9,0
5085860,1,1,0,1,0,0,121,1,9,0
5087839,1,1,0,0,0,0,121,1,9,0
5088614,0,1,1,0,1,0,121,1,9,0
5088671,0,1,0,1,0,0,121,1,9,0
5089261,1,0,0,1,1,0,121,1,9,0
5089537,0,1,0,1,0,0,121,1,9,0
5089566,1,0,0,1,1,0,121,1,9,0
5090281,1,1,0,0,0,0,121,1,9,0
5090614,1,0,0,1,1,0,121,1,9,0
5091187,0,1,1,0,1,0,121,1,9,0
5091270,1,0,1,0,0,0,121,1,9,0
5091520,1,1,1,1,1,0,121,1,9,0
5093239,1,0,0,1,1,0,121,1,9,0
5093425,0,0,0,0,1,0,121,1,9,0
5094770,0,0,0,1,1,1,121,1,9,0
5095062,1,1,0,0,0,0,121,1,9,0
5095635,0,0,1,1,0,0,121,1,9,0
5097211,1,0,0,1,1,0,121,1,9,0
5098070,1,1,1,1,1,0,121,1,9,0
5098387,0,1,1,0,1,0,121,1,9,0
5098733,0,1,0,1,0,0,121,1,9,0
5099998,1,0,1,0,0,0,121,1,9,0
5100826,0,1,1,1,1,1,121,1,9,0
5102007,0,0,0,0,1,0,121,1,9,0
5103334,0,0,1,1,0,0,121,1,9,0
5103545,1,1,1,1,1,0,121,1,9,0
5104066,0,1,1,0,1,0,121,1,9,0
5104709,1,1,1,1,1,0,121,1,9,0
5105715,0,1,1,0,1,0,121,1,9,0
5106056,0,1,1,0,1,0,121,1,9,0
5106200,1,1,1,1,1,0,121,1,9,0
5106805,1,1,0,0,0,0,121,1,9,0
5107078,1,0,0,1,1,0,121,1,9,0
5107284,0,0,1,1,0,0,121,1,9,0
5107291,1,1,0,0,0,0,121,1,9,0
5107293,1,1,1,1,1,0,121,1,9,0
5109318,1,1,1,1,1,0,121,1,9,0
5109471,0,0,0,0,1,0,121,1,9,0
5110823,0,1,0,1,0,0,121,1,9,0
5111975,1,1,1,1,1,0,157,1,9,0
5113528,1,0,1,0,0,0,157,1,9,0
5114256,0,0,1,1,0,0,157,1,9,0
5115408,0,1,1,0,1,0,157,1,9,0
5115826,0,1,1,0,1,0,157,1,9,0
5116121,0,1,0,1,0,0,157,1,9,0
5116458,0,1,1,0,1,0,157,1,9,0
5116613,1,0,1,0,0,0,157,1,9,0
5118115,0,0,0,0,1,0,157,1,9,0
5118143,0,1,1,0,1,0,157,1,9,0
5120252,1,1,1,1,1,0,157,1,9,0
5122237,1,1,1,1,1,0,157,1,9,0
5122417,0,1,1,0,1,0,157,1,9,0
5122546,1,0,0,1,1,0,157,1,9,0
5123814,0,1,1,0,1,0,157,1,9,0
5123840,0,0,1,1,0,0,157,1,9,0
5124768,0,0,0,0,1,0,157,1,9,0
5125648,1,1,1,1,1,0,157,1,9,0
5125859,1,1,1,1,1,0,157,1,9,0
5126293,1,0,1,0,0,0,157,1,9,0
5126341,0,1,1,0,1,0,157,1,9,0
5126923,0,0,0,0,1,0,157,1,9,0
5127164,1,1,1,1,1,0,157,1,9,0
5127313,0,0,1,1,0,0,157,1,9,0
5129206,0,0,1,1,0,0,157,1,9,0
5130017,0,1,1,0,1,0,157,1,9,0
5130096,0,0,1,1,0,0,157,1,9,0
5130722,0,1,0,1,0,0,157,1,9,0
5131328,1,1,1,1,1,0,157,1,9,0
5132043,1,1,0,0,0,0,157,1,9,0
5132401,1,0,0,1,1,0,157,1,9,0
5133032,1,1,1,1,1,0,157,1,9,0
5135701,1,0,1,0,0,0,157,1,9,0
5136563,1,0,0,1,1,0,157,1,9,0
5136784,1,0,0,1,1,0,157,1,9,0
5137349,1,0,0,1,1,0,157,1,9,0
5137590,0,1,1,0,1,0,157,1,9,0
5138680,0,0,0,0,1,0,157,1,9,0
5139667,1,1,1,1,1,0,157,1,9,0
5140599,1,1,1,0,1,1,157,1,9,0
5140852,0,1,1,0,1,0,157,1,9,0
5141106,1,0,0,1,1,0,157,1,9,0
5144053,1,0,0,1,1,0,157,1,9,0
5145487,1,1,1,0,1,1,157,1,9,0
5146496,0,1,1,0,1,0,157,1,9,0
5146589,1,0,1,0,0,0,157,1,9,0
5147280,1,1,1,0,1,1,157,1,9,0
5147441,1,0,0,1,1,0,157,1,9,0
5147623,0,1,1,0,1,0,157,1,9,0
5147805,1,1,1,1,1,0,157,1,9,0
5147968,0,1,1,0,1,0,157,1,9,0
5148046,1,0,1,0,0,0,157,1,9,0
5150653,1,0,0,1,1,0,157,1,9,0
5152169,1,0,0,1,1,0,157,1,9,0
5152321,0,1,0,1,0,0,157,1,9,0
5152612,1,0,0,1,1,0,157,1,9,0
5152718,1,0,1,0,0,0,157,1,9,0
5155483,0,0,0,0,1,0,157,1,9,0
5155759,0,1,1,0,1,0,157,1,9,0
5155901,1,0,0,1,1,0,157,1,9,0
5156125,1,0,0,1,1,0,157,1,9,0
5156418,0,0,1,1,0,0,157,1,9,0
5156729,0,1,0,1,0,0,157,1,9,0
5157406,0,1,1,0,1,0,157,1,9,0
5160104,0,0,1,1,0,0,157,1,9,0
5160261,1,0,0,1,1,0,157,1,9,0
5160994,1,1,0,0,0,0,157,1,9,0
5161287,0,1,0,1,0,0,157,1,9,0
5161912,0,0,0,0,1,0,157,1,9,0
5162294,0,0,1,1,0,0,157,1,9,0
5162486,1,0,1,0,0,0,157,1,9,0
5163424,1,1,1,1,1,0,157,1,9,0
5163467,0,0,1,1,0,0,157,1,9,0
5165280,0,0,0,0,1,0,157,1,9,0
5165422,1,0,1,0,0,0,157,1,9,0
5165968,0,0,1,1,0,0,157,1,9,0
5166313,1,1,1,1,1,0,157,1,9,0
5168138,0,1,1,0,1,0,157,1,9,0
5168188,0,1,0,1,0,0,157,1,9,0
5168242,0,0,1,1,0,0,157,1,9,0
5169447,0,0,1,1,0,0,157,1,9,0
5169680,0,0,0,0,1,0,157,1,9,0
5174192,1,0,1,0,0,0,157,1,9,0
5174858,1,0,0,1,1,0,157,1,9,0
5176697,1,0,1,0,0,0,157,1,9,0
5179226,0,1,0,1,0,0,81,1,9,0
5179594,0,0,0,0,1,0,81,1,9,0
5180850,1,0,1,0,0,0,81,1,9,0
5181787,0,0,0,0,1,0,81,1,9,0
5181946,1,1,1,1,1,0,81,1,9,0
5183584,0,1,0,1,0,0,81,1,9,0
5185810,1,1,0,0,0,0,81,1,9,0
5186133,0,0,1,1,0,0,81,1,9,0
5186531,0,0,1,1,0,0,81,1,9,0
5188180,1,0,1,0,0,0,81,1,9,0
5190451,1,0,0,1,1,0,81,1,9,0
5192758,1,0,1,0,0,0,81,1,9,0
5193908,1,1,1,1,1,0,81,1,9,0
5199005,1,1,1,1,1,0,81,1,9,0
5200780,1,0,1,0,0,0,81,1,9,0
5201707,1,1,0,0,0,0,81,1,9,0
5201938,1,1,1,1,1,0,81,1,9,0
5202786,1,1,0,0,0,0,81,1,9,0
5204053,0,1,1,0,1,0,81,1,9,0
5204424,0,0,0,1,1,1,81,1,9,0
5205705,1,0,0,1,1,0,81,1,9,0
5205727,1,1,1,1,1,0,81,1,9,0
5207130,1,0,0,1,1,0,81,1,9,0
5209901,1,1,0,0,0,0,81,1,9,0
5210211,1,1,1,1,1,0,81,1,9,0
5213831,1,1,1,1,1,0,81,1,9,0
5215864,0,0,1,1,0,0,81,1,9,0
5215906,1,1,1,1,1,0,81,1,9,0
5221416,1,0,1,0,0,0,81,1,9,0
5221448,1,0,0,1,1,0,81,1,9,0
5222277,1,0,1,0,0,0,81,1,9,0
5222688,1,0,1,0,0,0,81,1,9,0
5223094,1,0,0,1,1,0,81,1,9,0
5224074,1,1,0,0,0,0,81,1,9,0
5225579,1,1,0,0,0,0,81,1,9,0
5226510,0,1,1,0,1,0,81,1,9,0
5226913,1,1,1,1,1,0,81,1,9,0
5227367,0,1,0,1,0,0,81,1,9,0
5232502,1,1,0,0,0,0,81,1,9,0
5233475,1,1,0,0,0,0,81,1,9,0
5239609,1,0,1,0,0,0,81,1,9,0
5242745,1,0,1,0,0,0,81,1,9,0
5242901,0,1,0,1,0,0,208,2,9,0
5243994,1,1,1,1,1,0,208,2,9,0
5244510,0,1,0,1,0,0,208,2,9,0
5244821,0,0,0,0,1,0,208,2,9,0
5244826,1,1,1,1,1,0,208,2,9,0
5245800,1,1,1,1,1,0,208,2,9,0
5246433,0,1,1,0,1,0,208,2,9,0
5247107,0,1,0,1,0,0,208,2,9,0
5247892,1,0,0,1,1,0,208,2,9,0
5248057,0,1,0,1,0,0,208,2,9,0
5248194,0,0,1,1,0,0,208,2,9,0
5248558,1,1,0,0,0,0,208,2,9,0
5248867,0,1,1,0,1,0,208,2,9,0
5248876,0,1,1,1,1,1,208,2,9,0
5248932,0,1,1,0,1,0,208,2,9,0
5249160,1,1,0,0,0,0,208,2,9,0
5249362,1,1,1,1,1,0,208,2,9,0
5250302,1,1,0,1,0,0,208,2,9,0
5250394,0,1,1,0,1,0,208,2,9,0
5250652,1,0,1,0,0,0,208,2,9,0
5250889,1,1,0,0,0,0,208,2,9,0
5251125,0,1,1,0,1,0,208,2,9,0
5252725,0,1,0,1,0,0,208,2,9,0
5252938,0,0,0,0,1,0,208,2,9,0
5253217,1,0,0,1,1,0,208,2,9,0
5253323,1,0,0,1,1,0,208,2,9,0
5253520,0,0,0,0,1,0,208,2,9,0
5253960,1,1,0,0,0,0,208,2,9,0
5254346,0,0,0,0,1,0,208,2,9,0
5254919,1,0,0,1,1,0,208,2,9,0
5255282,0,0,1,1,0,0,208,2,9,0
5256061,0,1,1,0,1,0,208,2,9,0
5256111,0,0,1,0,0,0,208,2,9,0
5256205,1,1,0,0,0,0,208,2,9,0
5256502,0,1,0,1,0,0,208,2,9,0
5256610,0,1,1,0,1,0,208,2,9,0
5257725,0,0,1,1,0,0,208,2,9,0
5257730,1,1,0,0,0,0,208,2,9,0
5258144,0,1,0,1,0,0,208,2,9,0
5258446,0,0,0,0,1,0,208,2,9,0
5259460,1,0,0,1,1,0,208,2,9,0
5261248,1,1,1,0,1,1,208,2,9,0
5261517,0,1,0,1,0,0,208,2,9,0
5262512,1,0,0,1,1,0,208,2,9,0
5262893,1,1,0,0,0,0,208,2,9,0
5262925,0,1,1,0,1,0,208,2,9,0
5263367,1,1,0,0,0,0,208,2,9,0
5267038,0,0,0,0,1,0,208,2,9,0
5267332,0,0,0,0,1,0,208,2,9,0
5267745,0,0,0,0,1,0,208,2,9,0
5269311,1,0,1,0,0,0,208,2,9,0
5270673,1,0,1,0,0,0,208,2,9,0
5272272,1,1,1,1,1,0,208,2,9,0
5272516,1,1,0,0,0,0,208,2,9,0
5272941,1,0,1,0,0,0,208,2,9,0
5272966,0,0,1,1,0,0,208,2,9,0
5274288,0,0,0,0,1,0,208,2,9,0
5274507,0,1,0,0,0,0,208,2,9,0
5275500,0,1,1,0,1,0,208,2,9,0
5275502,0,0,0,0,1,0,208,2,9,0
5275594,1,0,0,1,1,0,208,2,9,0
5276906,1,0,1,0,0,0,208,2,9,0
5277432,0,1,1,0,1,0,208,2,9,0
5277797,1,1,0,0,0,0,208,2,9,0
5278122,1,0,0,0,1,1,208,2,9,0
5278218,0,0,0,0,1,0,208,2,9,0
5278680,1,0,0,1,1,0,208,2,9,0
5279180,0,0,1,1,0,0,208,2,9,0
5279440,1,0,0,1,1,0,208,2,9,0
5280266,1,0,0,1,1,0,208,2,9,0
5280637,0,0,1,1,0,0,208,2,9,0
5280813,1,0,0,1,1,0,208,2,9,0
5281000,1,0,1,0,0,0,208,2,9,0
5281045,0,0,1,1,0,0,208,2,9,0
5281301,1,0,0,1,1,0,208,2,9,0
5281729,1,0,0,1,1,0,208,2,9,0
5282729,0,1,0,1,0,0,208,2,9,0
5283341,0,1,0,1,0,0,208,2,9,0
5283647,1,0,1,0,0,0,208,2,9,0
5284405,0,0,1,1,0,0,208,2,9,0
5284614,0,1,0,1,0,0,208,2,9,0
5284788,1,0,0,1,1,0,208,2,9,0
5285342,1,0,0,1,1,0,208,2,9,0
5285990,0,1,0,0,0,0,208,2,9,0
5286906,1,0,1,0,0,0,208,2,9,0
5286967,0,1,1,0,1,0,208,2,9,0
5287150,1,0,0,0,1,1,208,2,9,0
5288070,0,1,0,1,0,0,208,2,9,0
5288183,0,0,1,1,0,0,208,2,9,0
5288214,0,1,0,1,0,0,208,2,9,0
5288632,0,1,0,1,0,0,208,2,9,0
5289587,1,1,0,0,0,0,208,2,9,0
5289699,1,1,1,1,1,0,208,2,9,0
5290603,0,1,0,1,0,0,208,2,9,0
5290663,1,0,1,0,0,0,208,2,9,0
5291000,0,1,0,1,0,0,208,2,9,0
5291218,0,1,0,1,0,0,208,2,9,0
5291230,1,0,0,1,1,0,208,2,9,0
5291883,0,0,0,0,1,0,208,2,9,0
5292321,0,1,1,0,1,0,208,2,9,0
5292959,1,0,1,0,0,0,208,2,9,0
5292979,0,1,0,1,0,0,208,2,9,0
5293473,0,0,1,1,0,0,208,2,9,0
5293637,0,0,1,1,0,0,208,2,9,0
5294183,0,1,1,0,1,0,208,2,9,0
5294470,0,1,0,0,0,0,208,2,9,0
5294594,1,1,1,1,1,0,208,2,9,0
5296019,1,0,0,1,1,0,208,2,9,0
5296247,1,0,0,1,1,0,208,2,9,0
5297060,0,1,1,0,1,0,208,2,9,0
5297542,1,1,1,1,1,0,208,2,9,0
5298828,1,0,0,1,1,0,208,2,9,0
5298887,1,0,1,0,0,0,208,2,9,0
5298971,1,1,1,1,1,0,208,2,9,0
5299047,1,0,1,0,0,0,208,2,9,0
5299782,0,0,1,1,0,0,208,2,9,0
5300787,1,1,0,0,0,0,208,2,9,0
5301684,0,1,1,0,1,0,208,2,9,0
5302218,1,0,1,0,0,0,208,2,9,0
5302708,1,1,0,0,0,0,208,2,9,0
5303651,1,1,1,1,1,0,208,2,9,0
5304192,1,0,0,1,1,0,208,2,9,0
5304544,0,1,0,1,0,0,208,2,9,0
5305714,1,0,0,1,1,0,208,2,9,0
5305715,1,0,0,1,1,0,208,2,9,0
5306350,1,1,1,1,1,0,208,2,9,0
5306880,0,1,1,0,1,0,208,2,9,0
5306977,1,1,1,1,1,0,208,2,9,0
5307370,0,0,0,0,1,0,208,2,9,0
5307607,0,0,0,0,1,0,208,2,9,0
5307838,1,1,0,0,0,0,208,2,9,0
5308606,1,1,1,1,1,0,105,2,12,0
5310590,1,0,0,1,1,0,105,2,12,0
5311787,1,0,0,1,1,0,105,2,12,0
5318241,0,1,0,1,0,0,105,2,12,0
5319515,1,1,0,0,0,0,105,2,12,0
5319573,1,0,0,1,1,0,105,2,12,0
5320916,1,1,1,1,1,0,105,2,12,0
5321387,1,1,0,0,0,0,105,2,12,0
5321485,1,0,0,1,1,0,105,2,12,0
5324288,0,1,1,0,1,0,105,2,12,0
5324334,0,0,1,1,0,0,105,2,12,0
5326197,1,1,0,0,0,0,105,2,12,0
5326384,1,0,0,1,1,0,105,2,12,0
5328406,0,1,1,0,1,0,105,2,12,0
5328438,1,1,0,0,0,0,105,2,12,0
5330078,0,1,1,0,1,0,105,2,12,0
5330337,0,0,1,1,0,0,105,2,12,0
5330411,1,0,1,0,0,0,105,2,12,0
5330951,1,1,1,1,1,0,105,2,12,0
5332642,1,1,1,1,1,0,105,2,12,0
5333423,1,1,0,0,0,0,105,2,12,0
5333590,1,0,0,1,1,0,105,2,12,0
5334020,0,1,0,1,0,0,105,2,12,0
5334724,0,0,0,0,1,0,105,2,12,0
5334876,1,1,0,0,0,0,105,2,12,0
5335953,1,0,0,0,1,1,105,2,12,0
5336208,1,1,0,0,0,0,105,2,12,0
5336923,1,0,1,0,0,0,105,2,12,0
5337577,1,0,1,0,0,0,105,2,12,0
5337618,0,1,0,1,0,0,105,2,12,0
5337953,0,0,1,1,0,0,105,2,12,0
5339534,1,0,1,0,0,0,105,2,12,0
5341155,1,1,1,1,1,0,105,2,12,0
5342084,1,0,0,1,1,0,105,2,12,0
5342177,1,1,0,0,0,0,105,2,12,0
5342665,0,0,1,1,0,0,105,2,12,0
5343661,0,1,1,0,1,0,105,2,12,0
5343872,1,0,1,0,0,0,105,2,12,0
5344512,1,0,0,1,1,0,105,2,12,0
5345563,0,0,1,1,0,0,105,2,12,0
5346717,0,0,0,0,1,0,105,2,12,0
5347670,0,0,1,1,0,0,105,2,12,0
5347922,1,0,1,0,0,0,105,2,12,0
5347955,0,0,0,0,1,0,105,2,12,0
5349733,0,0,1,1,0,0,105,2,12,0
5350210,0,1,1,0,1,0,105,2,12,0
5351582,1,0,0,1,1,0,105,2,12,0
5352068,0,0,0,0,1,0,105,2,12,0
5354512,0,1,1,0,1,0,105,2,12,0
5354652,1,1,0,0,0,0,105,2,12,0
5355911,0,0,1,1,0,0,105,2,12,0
5356647,0,1,0,0,0,0,105,2,12,0
5356889,0,1,1,0,1,0,105,2,12,0
5357161,1,1,0,0,0,0,105,2,12,0
5357252,0,0,1,1,0,0,105,2,12,0
5357618,0,1,1,0,1,0,105,2,12,0
5357763,0,0,1,1,0,0,105,2,12,0
5358211,1,0,0,1,1,0,105,2,12,0
5359415,1,1,1,1,1,0,105,2,12,0
5360702,1,1,0,0,0,0,105,2,12,0
5360766,0,1,0,1,0,0,105,2,12,0
5361041,0,0,0,0,1,0,105,2,12,0
5361267,1,1,0,0,0,0,105,2,12,0
5362282,0,0,1,1,0,0,105,2,12,0
5362528,1,0,0,1,1,0,105,2,12,0
5362890,1,0,0,1,1,0,105,2,12,0
5364405,0,1,0,1,0,0,105,2,12,0
5366391,1,0,0,1,1,0,105,2,12,0
5367104,1,1,0,0,0,0,105,2,12,0
5369481,0,0,1,1,0,0,105,2,12,0
5370275,0,0,1,1,0,0,105,2,12,0
5370454,0,1,0,1,0,0,105,2,12,0
5371550,0,0,0,0,1,0,105,2,12,0
5371776,1,0,0,1,1,0,105,2,12,0
5372241,1,0,1,0,0,0,105,2,12,0
5373942,1,1,1,1,1,0,105,2,12,0
5373976,1,1,0,0,0,0,212,2,12,0
5374191,1,1,0,0,0,0,212,2,12,0
5374814,0,1,0,1,0,0,212,2,12,0
5375125,1,0,0,1,1,0,212,2,12,0
5375355,0,0,0,0,1,0,212,2,12,0
5375624,1,0,0,1,1,0,212,2,12,0
5375777,1,0,1,0,0,0,212,2,12,0
5375961,0,0,0,0,1,0,212,2,12,0
5375986,0,1,1,0,1,0,212,2,12,0
5376376,0,1,1,0,1,0,212,2,12,0
5377035,0,1,1,0,1,0,212,2,12,0
5377529,1,1,1,1,1,0,212,2,12,0
5378616,1,0,0,0,1,1,212,2,12,0
5379528,1,0,1,0,0,0,212,2,12,0
5379980,0,0,1,1,0,0,212,2,12,0
5380195,0,0,0,0,1,0,212,2,12,0
5380815,1,1,0,1,0,0,212,2,12,0
5381388,0,1,0,1,0,0,212,2,12,0
5381810,0,0,0,0,1,0,212,2,12,0
5382206,0,1,0,1,0,0,212,2,12,0
5382409,1,1,0,0,0,0,212,2,12,0
5382434,1,1,1,1,1,0,212,2,12,0
5382561,1,1,0,0,0,0,212,2,12,0
5382614,0,1,1,0,1,0,212,2,12,0
5382634,0,1,0,1,0,0,212,2,12,0
5382817,1,0,0,1,1,0,212,2,12,0
5382862,0,0,0,0,1,0,212,2,12,0
5383103,0,1,0,1,0,0,212,2,12,0
5383504,0,1,0,1,0,0,212,2,12,0
5384052,1,0,0,1,1,0,212,2,12,0
5384388,1,1,1,1,1,0,212,2,12,0
5384524,1,0,0,1,1,0,212,2,12,0
5384833,1,1,0,0,0,0,212,2,12,0
5384949,1,0,0,1,1,0,212,2,12,0
5385581,0,1,1,0,1,0,212,2,12,0
5385940,1,1,1,0,1,1,212,2,12,0
5385977,0,1,0,1,0,0,212,2,12,0
5387594,1,1,0,0,0,0,212,2,12,0
5387874,1,0,0,1,1,0,212,2,12,0
5387930,0,0,1,1,0,0,212,2,12,0
5388054,0,0,0,0,1,0,212,2,12,0
5388505,0,0,1,1,0,0,212,2,12,0
5388871,0,0,0,0,1,0,212,2,12,0
5388992,1,0,1,0,0,0,212,2,12,0
5389088,1,0,1,0,0,0,212,2,12,0
5389093,1,1,1,1,1,0,212,2,12,0
5389308,0,1,1,0,1,0,212,2,12,0
5389863,1,1,0,0,0,0,212,2,12,0
5390084,0,1,1,0,1,0,212,2,12,0
5390576,1,0,1,0,0,0,212,2,12,0
5390685,1,1,1,1,1,0,212,2,12,0
5391482,1,1,0,0,0,0,212,2,12,0
5392218,1,1,0,0,0,0,212,2,12,0
5392486,1,0,1,0,0,0,212,2,12,0
5392693,0,1,1,1,1,1,212,2,12,0
5393110,0,0,0,0,1,0,212,2,12,0
5393914,0,0,0,0,1,0,212,2,12,0
5394656,0,1,1,0,1,0,212,2,12,0
5394685,1,0,1,0,0,0,212,2,12,0
5394921,1,1,0,0,0,0,212,2,12,0
5395334,1,0,0,1,1,0,212,2,12,0
5395870,0,0,0,0,1,0,212,2,12,0
5396103,1,0,1,0,0,0,212,2,12,0
5396128,1,0,0,1,1,0,212,2,12,0
5396210,0,0,1,1,0,0,212,2,12,0
5397285,0,1,1,0,1,0,212,2,12,0
5397355,1,1,1,1,1,0,212,2,12,0
5397470,0,0,0,0,1,0,212,2,12,0
5397582,0,0,1,1,0,0,212,2,12,0
5397783,0,0,1,1,0,0,212,2,12,0
5397964,0,0,1,1,0,0,212,2,12,0
5398741,0,1,1,0,1,0,212,2,12,0
5399063,0,0,1,1,0,0,212,2,12,0
5399391,0,0,1,1,0,0,212,2,12,0
5399749,1,0,0,1,1,0,212,2,12,0
5399833,0,1,0,1,0,0,212,2,12,0
5400023,1,0,0,1,1,0,212,2,12,0
5400306,1,0,1,0,0,0,212,2,12,0
5401377,0,1,0,1,0,0,212,2,12,0
5401453,0,1,0,1,0,0,212,2,12,0
5401850,0,1,0,1,0,0,212,2,12,0
5402309,0,1,1,0,1,0,212,2,12,0
5402571,0,1,1,0,1,0,212,2,12,0
5402767,1,1,1,1,1,0,212,2,12,0
5403022,1,1,1,1,1,0,212,2,12,0
5403099,0,0,0,0,1,0,212,2,12,0
5403144,1,0,1,0,0,0,212,2,12,0
5403442,1,0,1,0,0,0,212,2,12,0
5403944,0,0,0,0,1,0,212,2,12,0
5404881,1,1,1,1,1,0,212,2,12,0
5404922,0,0,0,0,1,0,212,2,12,0
5405343,0,0,1,1,0,0,212,2,12,0
5405446,1,0,1,0,0,0,212,2,12,0
5405559,0,1,1,1,1,1,212,2,12,0
5406292,0,1,1,0,1,0,212,2,12,0
5406719,1,1,1,1,1,0,212,2,12,0
5406812,1,0,1,0,0,0,212,2,12,0
5407090,1,0,0,1,1,0,212,2,12,0
5407827,1,0,1,0,0,0,212,2,12,0
5407958,1,0,1,0,0,0,212,2,12,0
5408227,1,1,0,0,0,0,212,2,12,0
5408284,0,1,0,0,0,0,212,2,12,0
5408382,1,1,0,0,0,0,212,2,12,0
5409782,0,0,0,0,1,0,212,2,12,0
5409853,0,1,1,0,1,0,212,2,12,0
5410212,1,0,1,0,0,0,212,2,12,0
5410524,0,1,1,0,1,0,212,2,12,0
5411264,0,1,0,1,0,0,212,2,12,0
5412251,1,1,0,0,0,0,212,2,12,0
5412625,0,1,0,1,0,0,212,2,12,0
5413080,1,0,1,0,0,0,212,2,12,0
5413426,0,0,0,0,1,0,212,2,12,0
5413476,1,1,1,1,1,0,212,2,12,0
5413569,1,0,0,1,1,0,212,2,12,0
5413804,0,1,1,0,1,0,212,2,12,0
5413819,1,1,0,0,0,0,212,2,12,0
5413870,0,1,1,0,1,0,212,2,12,0
5414082,0,1,0,1,0,0,212,2,12,0
5414186,1,1,1,1,1,0,212,2,12,0
5414475,0,0,0,0,1,0,212,2,12,0
5414783,1,0,1,0,0,0,212,2,12,0
5414825,0,0,1,1,0,0,212,2,12,0
5415298,1,0,1,0,0,0,212,2,12,0
5415328,0,0,1,1,0,0,212,2,12,0
5416091,1,0,0,1,1,0,212,2,12,0
5416288,0,0,1,1,0,0,212,2,12,0
5416440,1,0,0,1,1,0,212,2,12,0
5416712,0,1,1,0,1,0,212,2,12,0
5416852,1,1,0,0,0,0,212,2,12,0
5417291,1,0,0,1,1,0,212,2,12,0
5417807,0,1,1,0,1,0,212,2,12,0
5418473,1,0,1,0,0,0,212,2,12,0
5418956,1,1,1,1,1,0,212,2,12,0
5419562,0,1,1,0,1,0,212,2,12,0
5419647,0,0,0,0,1,0,212,2,12,0
5419942,0,1,1,0,1,0,212,2,12,0
5420142,0,1,1,0,1,0,212,2,12,0
5420877,0,1,0,1,0,0,212,2,12,0
5420930,0,0,0,0,1,0,212,2,12,0
5421034,0,1,1,0,1,0,212,2,12,0
5421183,1,0,1,0,0,0,212,2,12,0
5421737,1,0,0,1,1,0,212,2,12,0
5421754,0,0,1,1,0,0,212,2,12,0
5421810,1,0,1,0,0,0,212,2,12,0
5421921,1,1,0,0,0,0,212,2,12,0
5422349,1,1,1,1,1,0,212,2,12,0
5423303,0,0,0,0,1,0,212,2,12,0
5423502,1,0,1,0,0,0,212,2,12,0
5423722,0,0,1,1,0,0,212,2,12,0
5423741,1,0,1,0,0,0,212,2,12,0
5424108,0,1,1,0,1,0,212,2,12,0
5424237,0,1,0,1,0,0,212,2,12,0
5424950,1,0,1,1,0,0,212,2,12,0
5425256,0,1,1,0,1,0,212,2,12,0
5425508,0,0,0,0,1,0,212,2,12,0
5425536,1,1,0,0,0,0,212,2,12,0
5425559,1,1,0,0,0,0,212,2,12,0
5425846,0,1,0,1,0,0,212,2,12,0
5425850,0,1,0,1,0,0,212,2,12,0
5426071,1,0,0,1,1,0,212,2,12,0
5426098,1,0,0,1,1,0,212,2,12,0
5426378,1,0,1,0,0,0,212,2,12,0
5426472,1,0,0,1,1,0,212,2,12,0
5426482,0,1,1,0,1,0,212,2,12,0
5426629,0,1,1,0,1,0,212,2,12,0
5426800,0,0,0,0,1,0,212,2,12,0
5426850,1,1,1,1,1,0,212,2,12,0
5426879,0,1,0,1,0,0,212,2,12,0
5427284,0,1,0,1,0,0,212,2,12,0
5427363,1,1,0,0,0,0,212,2,12,0
5427395,1,1,1,1,1,0,212,2,12,0
5427412,0,0,1,1,0,0,212,2,12,0
5427534,1,1,0,0,0,0,212,2,12,0
5428163,1,1,0,0,0,0,212,2,12,0
5429085,1,0,0,1,1,0,212,2,12,0
5429269,1,1,1,1,1,0,212,2,12,0
5429279,1,0,1,0,0,0,212,2,12,0
5429431,1,1,1,1,1,0,212,2,12,0
5429849,0,0,0,0,1,0,212,2,12,0
5429999,0,0,1,1,0,0,212,2,12,0
5430574,1,0,1,0,0,0,212,2,12,0
5431207,1,1,1,1,1,0,212,2,12,0
5431565,1,0,1,0,0,0,212,2,12,0
5432448,0,0,1,1,0,0,212,2,12,0
5432562,0,1,0,1,0,0,212,2,12,0
5432801,0,0,1,1,0,0,212,2,12,0
5433528,1,0,1,1,0,0,212,2,12,0
5433612,1,0,1,0,0,0,212,2,12,0
5434082,1,1,1,1,1,0,212,2,12,0
5434420,0,0,1,1,0,0,212,2,12,0
5435039,0,0,0,0,1,0,212,2,12,0
5435224,1,0,0,0,1,1,212,2,12,0
5435482,1,1,1,1,1,0,212,2,12,0
5436050,0,1,0,1,0,0,212,2,12,0
5436068,1,1,0,0,0,0,212,2,12,0
5436474,1,0,1,0,0,0,212,2,12,0
5436511,0,1,0,1,0,0,212,2,12,0
5437475,0,1,0,1,0,0,212,2,12,0
5438252,1,0,1,0,0,0,212,2,12,0
5438711,0,1,0,1,0,0,212,2,12,0
5439193,0,1,0,0,0,0,212,2,12,0
5439281,1,0,0,1,1,0,212,2,12,0
5439397,1,1,0,0,0,0,212,2,12,0
5439420,1,0,0,1,1,0,212,2,12,0
5478055,1,0,1,0,0,0,147,2,12,2
5503391,1,0,0,0,1,1,147,2,12,2
5506067,1,0,1,0,0,0,155,2,12,0
5506123,1,1,0,0,0,0,155,2,12,0
5506489,0,1,1,0,1,0,155,2,12,0
5506567,1,1,0,0,0,0,155,2,12,0
5506885,0,0,1,1,0,0,155,2,12,0
5508182,0,0,1,1,0,0,155,2,12,0
5508478,1,0,1,0,0,0,155,2,12,0
5509334,1,1,1,1,1,0,155,2,12,0
5509694,1,0,0,1,1,0,155,2,12,0
5509753,1,1,1,1,1,0,155,2,12,0
5510069,1,0,1,0,0,0,155,2,12,0
5510691,0,1,1,0,1,0,155,2,12,0
5512462,1,0,1,0,0,0,155,2,12,0
5512690,1,1,1,1,1,0,155,2,12,0
5513084,0,0,1,1,0,0,155,2,12,0
5513302,0,0,0,0,1,0,155,2,12,0
5513641,1,1,1,1,1,0,155,2,12,0
5513925,1,0,0,1,1,0,155,2,12,0
5513950,1,1,1,1,1,0,155,2,12,0
5514066,1,1,0,0,0,0,155,2,12,0
5514404,0,0,0,0,1,0,155,2,12,0
5514437,1,1,0,0,0,0,155,2,12,0
5515144,1,1,0,0,0,0,155,2,12,0
5515255,1,1,1,1,1,0,155,2,12,0
5515366,1,1,0,0,0,0,155,2,12,0
5515379,1,1,0,0,0,0,155,2,12,0
5516066,0,1,1,0,1,0,155,2,12,0
5517059,0,1,1,0,1,0,155,2,12,0
5517701,0,0,1,1,0,0,155,2,12,0
5518014,0,0,1,1,0,0,155,2,12,0
5520504,1,1,1,1,1,0,155,2,12,0
5520668,1,1,0,0,0,0,155,2,12,0
5520824,1,1,1,1,1,0,155,2,12,0
5521020,0,1,0,1,0,0,155,2,12,0
5521058,1,1,1,1,1,0,155,2,12,0
5521678,0,1,0,1,0,0,155,2,12,0
5521820,1,0,0,1,1,0,155,2,12,0
5522134,0,0,0,0,1,0,155,2,12,0
5522566,1,1,1,1,1,0,155,2,12,0
5522573,1,1,0,0,0,0,155,2,12,0
5523472,1,1,1,1,1,0,155,2,12,0
5523575,1,0,1,0,0,0,155,2,12,0
5524270,1,0,1,0,0,0,155,2,12,0
5524805,1,0,1,0,0,0,155,2,12,0
5525329,0,1,1,0,1,0,155,2,12,0
5525531,1,1,1,1,1,0,155,2,12,0
5526147,1,0,0,1,1,0,155,2,12,0
5527226,0,1,1,0,1,0,155,2,12,0
5527798,1,0,1,0,0,0,155,2,12,0
5527947,1,1,1,1,1,0,155,2,12,0
5529617,0,0,1,1,0,0,155,2,12,0
5530449,1,1,0,0,0,0,155,2,12,0
5530651,1,0,1,0,0,0,155,2,12,0
5531528,1,1,1,1,1,0,155,2,12,0
5531715,1,0,0,1,1,0,155,2,12,0
5531877,0,1,0,1,0,0,155,2,12,0
5534042,0,0,0,0,1,0,155,2,12,0
5534744,0,1,1,0,1,0,155,2,12,0
5534966,0,0,0,0,1,0,155,2,12,0
5535105,1,1,1,1,1,0,155,2,12,0
5535852,1,0,0,1,1,0,155,2,12,0
5538766,1,1,0,0,0,0,155,2,12,0
5539090,0,1,0,1,0,0,155,2,12,0
5539349,0,0,0,0,1,0,155,2,12,0
5539490,1,1,1,1,1,0,155,2,12,0
5540026,1,0,1,0,0,0,155,2,12,0
5540348,0,1,0,1,0,0,155,2,12,0
5540416,0,1,1,0,1,0,155,2,12,0
5541733,0,0,1,1,0,0,155,2,12,0
5542475,0,0,0,0,1,0,155,2,12,0
5542491,0,1,1,0,1,0,155,2,12,0
5543052,1,0,1,0,0,0,155,2,12,0
5543154,0,1,1,0,1,0,155,2,12,0
5543251,1,1,1,1,1,0,155,2,12,0
5543976,0,1,1,0,1,0,155,2,12,0
5544046,1,0,0,1,1,0,155,2,12,0
5544093,1,1,1,1,1,0,155,2,12,0
5544560,1,0,0,1,1,0,155,2,12,0
5544628,1,0,1,0,0,0,155,2,12,0
5545414,1,1,1,1,1,0,155,2,12,0
5545506,1,1,0,0,0,0,155,2,12,0
5547667,1,0,1,0,0,0,155,2,12,0
5548430,0,1,1,0,1,0,155,2,12,0
5548807,1,1,1,1,1,0,155,2,12,0
5549036,1,0,0,1,1,0,155,2,12,0
5550012,1,0,0,1,1,0,155,2,12,0
5550604,1,0,1,0,0,0,155,2,12,0
5551065,1,1,1,1,1,0,155,2,12,0
5553039,1,1,1,1,1,0,155,2,12,0
5553782,0,1,1,1,1,1,155,2,12,0
5554286,0,0,0,1,1,1,155,2,12,0
5554372,0,1,0,1,0,0,155,2,12,0
5556525,1,1,0,0,0,0,155,2,12,0
5556564,1,1,0,0,0,0,155,2,12,0
5556900,1,1,0,0,0,0,155,2,12,0
5557643,0,0,1,0,0,0,155,2,12,0
5557717,0,0,1,1,0,0,155,2,12,0
5558150,0,0,0,0,1,0,155,2,12,0
5558264,0,1,1,0,1,0,155,2,12,0
5558489,1,0,0,1,1,0,155,2,12,0
5558947,0,0,0,0,1,0,155,2,12,0
5560061,0,1,0,1,0,0,155,2,12,0
5560116,0,1,1,0,1,0,155,2,12,0
5560703,0,1,0,1,0,0,155,2,12,0
5560931,0,0,1,1,0,0,155,2,12,0
5561674,1,0,1,0,0,0,155,2,12,0
5562046,1,1,1,1,1,0,155,2,12,0
5562301,0,1,0,1,0,0,155,2,12,0
5562415,0,0,1,1,0,0,155,2,12,0
5563808,0,0,1,0,0,0,155,2,12,0
5564286,1,0,1,1,0,0,155,2,12,0
5564346,1,1,0,0,0,0,155,2,12,0
5564646,1,1,1,1,1,0,155,2,12,0
5564652,1,0,1,0,0,0,155,2,12,0
5565177,0,0,1,1,0,0,155,2,12,0
5565667,1,1,0,0,0,0,155,2,12,0
5565752,1,0,1,0,0,0,155,2,12,0
5565891,1,1,1,1,1,0,155,2,12,0
5566237,1,1,1,1,1,0,155,2,12,0
5567504,0,1,0,1,0,0,155,2,12,0
5568688,0,1,1,0,1,0,155,2,12,0
5568780,0,1,1,0,1,0,155,2,12,0
5569364,1,1,1,1,1,0,155,2,12,0
5569495,0,1,1,1,1,1,155,2,12,0
5569657,1,1,0,0,0,0,155,2,12,0
5570469,1,0,0,1,1,0,155,2,12,0
5570935,0,1,1,0,1,0,177,2,12,0
5571147,1,1,0,0,0,0,177,2,12,0
5571688,1,0,0,1,1,0,177,2,12,0
5571901,1,0,1,0,0,0,177,2,12,0
5572238,1,1,1,1,1,0,177,2,12,0
5572482,0,1,0,1,0,0,177,2,12,0
5573024,1,1,0,0,0,0,177,2,12,0
5573060,1,0,0,1,1,0,177,2,12,0
5573124,1,0,0,1,1,0,177,2,12,0
5574512,1,1,0,0,0,0,177,2,12,0
5574897,0,1,0,1,0,0,177,2,12,0
5575611,0,1,1,0,1,0,177,2,12,0
5577374,1,1,1,1,1,0,177,2,12,0
5577380,1,0,0,1,1,0,177,2,12,0
5577826,1,0,1,0,0,0,177,2,12,0
5578782,0,0,0,0,1,0,177,2,12,0
5579293,0,0,1,1,0,0,177,2,12,0
5579871,1,0,1,0,0,0,177,2,12,0
5580041,1,1,1,1,1,0,177,2,12,0
5580526,0,0,0,0,1,0,177,2,12,0
5580733,0,0,0,0,1,0,177,2,12,0
5580819,1,1,1,1,1,0,177,2,12,0
5580922,0,0,0,0,1,0,177,2,12,0
5581444,1,0,0,1,1,0,177,2,12,0
5581962,0,1,0,1,0,0,177,2,12,0
5582235,0,0,1,1,0,0,177,2,12,0
5583290,0,1,0,1,0,0,177,2,12,0
5583583,0,1,0,1,0,0,177,2,12,0
5583652,1,1,0,0,0,0,177,2,12,0
5583899,1,0,0,1,1,0,177,2,12,0
5584772,0,0,1,1,0,0,177,2,12,0
5584840,0,0,0,0,1,0,177,2,12,0
5584897,1,0,0,1,1,0,177,2,12,0
5585656,1,0,1,0,0,0,177,2,12,0
5586133,1,0,0,1,1,0,177,2,12,0
5586765,0,0,1,1,0,0,177,2,12,0
5586772,0,0,0,0,1,0,177,2,12,0
5587259,0,0,0,0,1,0,177,2,12,0
5587451,0,0,0,0,1,0,177,2,12,0
5587513,0,0,1,1,0,0,177,2,12,0
5587701,1,0,1,0,0,0,177,2,12,0
5587967,0,1,0,1,0,0,177,2,12,0
5588021,0,1,1,0,1,0,177,2,12,0
5588197,0,1,0,1,0,0,177,2,12,0
5588251,1,1,0,0,0,0,177,2,12,0
5588378,0,0,1,1,0,0,177,2,12,0
5588486,0,1,0,1,0,0,177,2,12,0
5589541,1,0,1,0,0,0,177,2,12,0
5589958,0,0,1,1,0,0,177,2,12,0
5590200,1,1,1,1,1,0,177,2,12,0
5590687,0,1,1,0,1,0,177,2,12,0
5590753,0,0,1,1,0,0,177,2,12,0
5591676,1,0,1,0,0,0,177,2,12,0
5591706,0,0,0,0,1,0,177,2,12,0
5592027,1,0,1,0,0,0,177,2,12,0
5593369,0,1,0,1,0,0,177,2,12,0
5593711,1,1,0,0,0,0,177,2,12,0
5593727,1,1,0,0,0,0,177,2,12,0
5594680,0,1,1,0,1,0,177,2,12,0
5594754,0,0,0,0,1,0,177,2,12,0
5595494,1,0,1,0,0,0,177,2,12,0
5595841,1,1,1,1,1,0,177,2,12,0
5596081,1,1,1,0,1,1,177,2,12,0
5596375,0,1,1,0,1,0,177,2,12,0
5596503,0,0,1,1,0,0,177,2,12,0
5597213,1,1,0,0,0,0,177,2,12,0
5598255,0,0,0,0,1,0,177,2,12,0
5598452,1,0,1,0,0,0,177,2,12,0
5599263,1,0,0,1,1,0,177,2,12,0
5599814,1,1,0,0,0,0,177,2,12,0
5600191,1,1,1,1,1,0,177,2,12,0
5600364,1,0,1,1,0,0,177,2,12,0
5600669,0,0,1,1,0,0,177,2,12,0
5601865,1,1,0,0,0,0,177,2,12,0
5601916,0,0,1,1,0,0,177,2,12,0
5601937,0,1,1,0,1,0,177,2,12,0
5604235,0,1,0,1,0,0,177,2,12,0
5604610,0,0,0,0,1,0,177,2,12,0
5605279,1,0,1,0,0,0,177,2,12,0
5605380,1,0,1,0,0,0,177,2,12,0
5606005,1,0,0,1,1,0,177,2,12,0
5606356,0,0,1,1,0,0,177,2,12,0
5606814,0,1,1,0,1,0,177,2,12,0
5607032,0,0,1,1,0,0,177,2,12,0
5607405,0,1,0,1,0,0,177,2,12,0
5607492,1,1,0,0,0,0,177,2,12,0
5607844,0,0,0,0,1,0,177,2,12,0
5608106,1,1,1,1,1,0,177,2,12,0
5608452,1,0,0,1,1,0,177,2,12,0
5608501,0,1,0,1,0,0,177,2,12,0
5608775,1,1,0,0,0,0,177,2,12,0
5609233,1,0,0,1,1,0,177,2,12,0
5609316,0,0,1,1,0,0,177,2,12,0
5610707,0,1,1,0,1,0,177,2,12,0
5611133,1,0,0,1,1,0,177,2,12,0
5611361,0,0,0,0,1,0,177,2,12,0
5611836,0,0,1,1,0,0,177,2,12,0
5612467,1,1,0,0,0,0,177,2,12,0
5613193,1,1,1,1,1,0,177,2,12,0
5613724,0,1,1,0,1,0,177,2,12,0
5614748,0,1,0,1,0,0,177,2,12,0
5615101,0,0,1,1,0,0,177,2,12,0
5615465,1,1,1,1,1,0,177,2,12,0
5616521,0,0,1,1,0,0,177,2,12,0
5617240,0,1,0,1,0,0,177,2,12,0
5617255,1,0,0,1,1,0,177,2,12,0
5617539,1,0,0,1,1,0,177,2,12,0
5618456,0,1,0,1,0,0,177,2,12,0
5618679,0,1,1,0,1,0,177,2,12,0
5619430,1,1,1,1,1,0,177,2,12,0
5619550,0,0,0,0,1,0,177,2,12,0
5619554,0,0,1,1,0,0,177,2,12,0
5620417,0,1,0,1,0,0,177,2,12,0
5620698,0,0,1,1,0,0,177,2,12,0
5620866,1,0,0,1,1,0,177,2,12,0
5621016,1,1,1,1,1,0,177,2,12,0
5621886,0,1,1,0,1,0,177,2,12,0
5622076,1,0,0,1,1,0,177,2,12,0
5622258,0,1,1,0,1,0,177,2,12,0
5622705,1,1,1,1,1,0,177,2,12,0
5623494,0,1,0,1,0,0,177,2,12,0
5623791,1,0,1,0,0,0,177,2,12,0
5624124,0,0,1,1,0,0,177,2,12,0
5624357,1,0,1,0,0,0,177,2,12,0
5624676,0,0,1,1,0,0,177,2,12,0
5624787,0,1,1,0,1,0,177,2,12,0
5624791,1,0,1,0,0,0,177,2,12,0
5625237,0,0,1,1,0,0,177,2,12,0
5625366,1,1,1,1,1,0,177,2,12,0
5625438,0,1,0,1,0,0,177,2,12,0
5625469,0,1,1,0,1,0,177,2,12,0
5627166,0,0,1,1,0,0,177,2,12,0
5627514,1,0,0,1,1,0,177,2,12,0
5628510,0,0,0,0,1,0,177,2,12,0
5628967,0,1,1,0,1,0,177,2,12,0
5629459,1,1,1,1,1,0,177,2,12,0
5629648,0,0,0,0,1,0,177,2,12,0
5629958,1,0,1,0,0,0,177,2,12,0
5630577,1,0,0,1,1,0,177,2,12,0
5630900,1,0,1,0,0,0,177,2,12,0
5632141,1,0,1,0,0,0,177,2,12,0
5632499,1,1,0,0,0,0,177,2,12,0
5632724,1,0,1,0,0,0,177,2,12,0
5633840,1,1,0,0,0,0,177,2,12,0
5634141,1,0,0,1,1,0,177,2,12,0
5634763,0,0,1,1,0,0,177,2,12,0
5635434,0,1,0,1,0,0,177,2,12,0
5635505,1,0,0,1,1,0,177,2,12,0
5636073,0,0,0,0,1,0,177,2,12,0
5636596,0,1,0,1,0,0,138,2,12,0
5637019,1,1,0,0,0,0,138,2,12,0
5637166,1,1,0,0,0,0,138,2,12,0
5637998,1,1,0,1,0,0,138,2,12,0
5638260,1,0,0,1,1,0,138,2,12,0
5638530,1,0,1,0,0,0,138,2,12,0
5639494,0,1,0,1,0,0,138,2,12,0
5640697,1,1,0,0,0,0,138,2,12,0
5641129,1,0,0,1,1,0,138,2,12,0
5642346,1,1,1,1,1,0,138,2,12,0
5642428,1,1,1,1,1,0,138,2,12,0
5642989,1,1,0,0,0,0,138,2,12,0
5643119,0,1,1,0,1,0,138,2,12,0
5643139,0,0,0,0,1,0,138,2,12,0
5643287,1,1,0,0,0,0,138,2,12,0
5644453,1,0,0,1,1,0,138,2,12,0
5644994,1,1,1,1,1,0,138,2,12,0
5645123,0,1,1,0,1,0,138,2,12,0
5646076,0,1,0,1,0,0,138,2,12,0
5646233,0,1,1,0,1,0,138,2,12,0
5646257,0,1,1,0,1,0,138,2,12,0
5646817,0,1,0,1,0,0,138,2,12,0
5646931,0,1,1,0,1,0,138,2,12,0
5648000,0,1,0,1,0,0,138,2,12,0
5648561,1,0,1,0,0,0,138,2,12,0
5649007,1,0,0,1,1,0,138,2,12,0
5649339,0,1,1,0,1,0,138,2,12,0
5649428,1,0,0,1,1,0,138,2,12,0
5649853,1,0,0,1,1,0,138,2,12,0
5650961,1,1,0,0,0,0,138,2,12,0
5652036,0,0,0,0,1,0,138,2,12,0
5652818,1,0,1,0,0,0,138,2,12,0
5652983,0,0,0,0,1,0,138,2,12,0
5653068,1,1,1,1,1,0,138,2,12,0
5653245,0,0,0,0,1,0,138,2,12,0
5654782,0,0,0,0,1,0,138,2,12,0
5655015,0,0,1,1,0,0,138,2,12,0
5655333,1,0,1,0,0,0,138,2,12,0
5655621,1,1,0,0,0,0,138,2,12,0
5655827,0,1,1,0,1,0,138,2,12,0
5657132,1,1,1,1,1,0,138,2,12,0
5658856,0,1,0,1,0,0,138,2,12,0
5660568,0,1,0,1,0,0,138,2,12,0
5662162,1,1,0,0,0,0,138,2,12,0
5662487,0,1,0,1,0,0,138,2,12,0
5662785,1,1,0,0,0,0,138,2,12,0
5664310,0,0,0,0,1,0,138,2,12,0
5664676,0,1,0,1,0,0,138,2,12,0
5665136,0,0,1,1,0,0,138,2,12,0
5665147,1,1,0,0,0,0,138,2,12,0
5665576,1,1,0,0,0,0,138,2,12,0
5665614,1,1,1,1,1,0,138,2,12,0
5666516,1,0,1,0,0,0,138,2,12,0
5666657,0,0,1,1,0,0,138,2,12,0
5666805,0,1,1,0,1,0,138,2,12,0
5667322,1,1,1,1,1,0,138,2,12,0
5667329,0,0,0,0,1,0,138,2,12,0
5667491,0,0,0,0,1,0,138,2,12,0
5668017,0,0,1,1,0,0,138,2,12,0
5668592,1,1,0,0,0,0,138,2,12,0
5668927,1,1,0,0,0,0,138,2,12,0
5669119,1,1,0,0,0,0,138,2,12,0
5669540,1,0,1,0,0,0,138,2,12,0
5669864,0,0,0,0,1,0,138,2,12,0
5670106,0,0,0,0,1,0,138,2,12,0
5670268,1,1,0,0,0,0,138,2,12,0
5672122,0,1,0,1,0,0,138,2,12,0
5673911,0,0,1,1,0,0,138,2,12,0
5673991,0,1,0,1,0,0,138,2,12,0
5674627,1,0,1,0,0,0,138,2,12,0
5674813,1,0,0,1,1,0,138,2,12,0
5676264,0,0,1,1,0,0,138,2,12,0
5676507,1,1,1,1,1,0,138,2,12,0
5676812,1,0,1,0,0,0,138,2,12,0
5677220,0,0,0,0,1,0,138,2,12,0
5679082,1,0,1,0,0,0,138,2,12,0
5680144,1,1,0,0,0,0,138,2,12,0
5680369,0,0,1,1,0,0,138,2,12,0
5681300,1,0,1,0,0,0,138,2,12,0
5682691,1,1,1,1,1,0,138,2,12,0
5683010,0,1,0,1,0,0,138,2,12,0
5683605,1,0,0,1,1,0,138,2,12,0
5683962,1,1,1,1,1,0,138,2,12,0
5684386,1,0,1,0,0,0,138,2,12,0
5684733,1,1,0,0,0,0,138,2,12,0
5684960,0,1,1,0,1,0,138,2,12,0
5685067,0,0,0,0,1,0,138,2,12,0
5686846,1,1,0,0,0,0,138,2,12,0
5687536,0,0,1,1,0,0,138,2,12,0
5687825,0,0,1,1,0,0,138,2,12,0
5688108,0,1,0,1,0,0,138,2,12,0
5688141,0,1,0,1,0,0,138,2,12,0
5689004,0,0,1,0,0,0,138,2,12,0
5690941,1,1,1,1,1,0,138,2,12,0
5690976,0,0,0,0,1,0,138,2,12,0
5691125,1,1,1,1,1,0,138,2,12,0
5691261,0,1,0,1,0,0,138,2,12,0
5692366,1,1,1,1,1,0,138,2,12,0
5695209,0,1,1,0,1,0,138,2,12,0
5695210,0,0,1,1,0,0,138,2,12,0
5695458,0,1,1,0,1,0,138,2,12,0
5695581,0,1,0,1,0,0,138,2,12,0
5695609,0,0,0,0,1,0,138,2,12,0
5696174,1,0,0,0,1,1,138,2,12,0
5697223,0,1,0,1,0,0,138,2,12,0
5698320,1,1,0,0,0,0,138,2,12,0
5698915,0,1,0,1,0,0,138,2,12,0
5699241,0,0,1,1,0,0,138,2,12,0
5699839,1,1,1,1,1,0,138,2,12,0
5701106,0,0,1,1,0,0,138,2,12,0
5701253,1,1,1,1,1,0,138,2,12,0
5701270,0,0,1,1,0,0,138,2,12,0
5701933,0,1,1,0,1,0,125,2,12,0
5704235,1,0,0,1,1,0,125,2,12,0
5704318,1,0,1,0,0,0,125,2,12,0
5704697,1,0,0,0,1,1,125,2,12,0
5704899,1,1,0,0,0,0,125,2,12,0
5705009,1,0,1,0,0,0,125,2,12,0
5705032,0,0,0,0,1,0,125,2,12,0
5707383,1,1,0,0,0,0,125,2,12,0
5707798,0,0,0,0,1,0,125,2,12,0
5707994,1,1,0,0,0,0,125,2,12,0
5709170,1,1,0,0,0,0,125,2,12,0
5710756,0,1,0,1,0,0,125,2,12,0
5711195,0,0,1,1,0,0,125,2,12,0
5712741,0,0,0,0,1,0,125,2,12,0
5714271,1,1,0,0,0,0,125,2,12,0
5714297,1,0,1,0,0,0,125,2,12,0
5716483,1,0,0,1,1,0,125,2,12,0
5716816,1,0,1,0,0,0,125,2,12,0
5717063,1,1,1,1,1,0,125,2,12,0
5718539,0,0,0,0,1,0,125,2,12,0
5718957,0,1,0,1,0,0,125,2,12,0
5719325,0,0,1,1,0,0,125,2,12,0
5719945,1,1,0,0,0,0,125,2,12,0
5720579,0,0,0,0,1,0,125,2,12,0
5721040,0,0,0,0,1,0,125,2,12,0
5722817,1,0,1,0,0,0,125,2,12,0
5723790,0,1,1,0,1,0,125,2,12,0
5724526,0,0,1,1,0,0,125,2,12,0
5725167,0,1,1,0,1,0,125,2,12,0
5725352,1,1,0,0,0,0,125,2,12,0
5725871,1,1,0,0,0,0,125,2,12,0
5726434,0,1,0,1,0,0,125,2,12,0
5726671,1,0,1,0,0,0,125,2,12,0
5726909,0,1,1,0,1,0,125,2,12,0
5727187,0,0,1,1,0,0,125,2,12,0
5727462,1,0,0,1,1,0,125,2,12,0
5728729,0,0,0,0,1,0,125,2,12,0
5729867,1,0,1,0,0,0,125,2,12,0
5730889,1,1,0,0,0,0,125,2,12,0
5731150,0,1,1,0,1,0,125,2,12,0
5731407,1,0,1,0,0,0,125,2,12,0
5731454,0,0,0,0,1,0,125,2,12,0
5731779,0,1,0,1,0,0,125,2,12,0
5732027,0,1,1,0,1,0,125,2,12,0
5732876,0,0,0,1,1,1,125,2,12,0
5733031,1,1,1,1,1,0,125,2,12,0
5733663,1,0,0,1,1,0,125,2,12,0
5734190,1,0,1,1,0,0,125,2,12,0
5734255,1,0,0,1,1,0,125,2,12,0
5734908,1,0,1,0,0,0,125,2,12,0
5735061,1,0,0,1,1,0,125,2,12,0
5735848,1,0,0,0,1,1,125,2,12,0
5736018,1,0,0,1,1,0,125,2,12,0
5738260,1,0,1,0,0,0,125,2,12,0
5738576,1,0,0,0,1,1,125,2,12,0
5739498,1,1,1,1,1,0,125,2,12,0
5740597,1,1,1,1,1,0,125,2,12,0
5741015,0,0,1,1,0,0,125,2,12,0
5741780,0,1,0,1,0,0,125,2,12,0
5742286,0,0,0,0,1,0,125,2,12,0
5742718,0,1,0,1,0,0,125,2,12,0
5742813,0,1,0,1,0,0,125,2,12,0
5743030,0,1,0,1,0,0,125,2,12,0
5743635,1,0,1,0,0,0,125,2,12,0
5744548,1,0,0,0,1,1,125,2,12,0
5745168,0,1,0,1,0,0,125,2,12,0
5745207,1,1,1,1,1,0,125,2,12,0
5745864,0,1,0,1,0,0,125,2,12,0
5745908,0,1,0,1,0,0,125,2,12,0
5746639,1,1,1,1,1,0,125,2,12,0
5748485,0,0,0,0,1,0,125,2,12,0
5748613,1,0,0,1,1,0,125,2,12,0
5748841,1,0,1,0,0,0,125,2,12,0
5749117,1,0,0,1,1,0,125,2,12,0
5749208,1,0,0,1,1,0,125,2,12,0
5749765,0,1,0,1,0,0,125,2,12,0
5750902,0,0,0,0,1,0,125,2,12,0
5751890,0,0,0,0,1,0,125,2,12,0
5751945,1,1,1,1,1,0,125,2,12,0
5752252,0,1,0,1,0,0,125,2,12,0
5752992,0,1,0,1,0,0,125,2,12,0
5755268,1,1,1,1,1,0,125,2,12,0
5755283,0,1,1,0,1,0,125,2,12,0
5755333,0,0,1,1,0,0,125,2,12,0
5756225,1,0,1,1,0,0,125,2,12,0
5757110,1,1,0,0,0,0,125,2,12,0
5758980,1,0,1,0,0,0,125,2,12,0
5759083,1,0,0,1,1,0,125,2,12,0
5760251,0,0,1,1,0,0,125,2,12,0
5760511,0,1,1,0,1,0,125,2,12,0
5762186,1,0,0,1,1,0,125,2,12,0
5763832,1,0,0,1,1,0,125,2,12,0
5764656,0,0,0,0,1,0,125,2,12,0
5767087,1,1,0,0,0,0,125,2,12,0
5767230,0,0,1,1,0,0,140,2,12,0
5767540,0,1,1,0,1,0,140,2,12,0
5768100,0,0,0,0,1,0,140,2,12,0
5769583,0,1,1,0,1,0,140,2,12,0
5769893,1,0,0,1,1,0,140,2,12,0
5770489,0,1,0,1,0,0,140,2,12,0
5770551,0,1,0,1,0,0,140,2,12,0
5770663,0,1,1,0,1,0,140,2,12,0
5771968,1,0,0,1,1,0,140,2,12,0
5772836,1,1,0,0,0,0,140,2,12,0
5774232,1,1,1,1,1,0,140,2,12,0
5776128,0,1,1,0,1,0,140,2,12,0
5776195,0,0,1,1,0,0,140,2,12,0
5776676,1,0,1,0,0,0,140,2,12,0
5776829,1,1,1,1,1,0,140,2,12,0
5778800,1,0,1,0,0,0,140,2,12,0
5780494,0,0,1,1,0,0,140,2,12,0
5780515,1,1,0,0,0,0,140,2,12,0
5781395,0,0,0,1,1,1,140,2,12,0
5781589,0,0,1,1,0,0,140,2,12,0
5782084,0,0,1,1,0,0,140,2,12,0
5782455,0,1,0,1,0,0,140,2,12,0
5782645,0,0,0,1,1,1,140,2,12,0
5783011,0,0,0,0,1,0,140,2,12,0
5783609,0,0,1,1,0,0,140,2,12,0
5783680,1,1,1,1,1,0,140,2,12,0
5783896,0,0,0,0,1,0,140,2,12,0
5784416,1,1,1,1,1,0,140,2,12,0
5784425,0,0,0,0,1,0,140,2,12,0
5784532,0,0,1,1,0,0,140,2,12,0
5785212,0,0,1,1,0,0,140,2,12,0
5785244,1,0,1,0,0,0,140,2,12,0
5786922,0,1,0,1,0,0,140,2,12,0
5787737,1,0,0,1,1,0,140,2,12,0
5787852,1,0,0,1,1,0,140,2,12,0
5788456,0,1,0,1,0,0,140,2,12,0
5788969,1,1,1,1,1,0,140,2,12,0
5789166,1,1,1,1,1,0,140,2,12,0
5790945,1,1,1,1,1,0,140,2,12,0
5791262,1,1,0,0,0,0,140,2,12,0
5791285,0,1,0,1,0,0,140,2,12,0
5791475,0,1,1,0,1,0,140,2,12,0
5791622,1,1,1,1,1,0,140,2,12,0
5791962,0,0,0,0,1,0,140,2,12,0
5792402,0,1,0,1,0,0,140,2,12,0
5793389,0,1,0,1,0,0,140,2,12,0
5794986,1,1,1,1,1,0,140,2,12,0
5795678,0,0,1,1,0,0,140,2,12,0
5795988,1,0,1,0,0,0,140,2,12,0
5796916,0,1,1,1,1,1,140,2,12,0
5797478,1,1,0,0,0,0,140,2,12,0
5797572,0,0,0,0,1,0,140,2,12,0
5797964,0,0,1,1,0,0,140,2,12,0
5798163,0,0,1,1,0,0,140,2,12,0
5799060,1,0,1,0,0,0,140,2,12,0
5800747,1,0,0,1,1,0,140,2,12,0
5800963,0,0,1,1,0,0,140,2,12,0
5802065,1,1,0,0,0,0,140,2,12,0
5802250,0,1,1,0,1,0,140,2,12,0
5802453,0,0,0,0,1,0,140,2,12,0
5802746,1,0,1,0,0,0,140,2,12,0
5803281,0,0,0,0,1,0,140,2,12,0
5805018,1,0,1,0,0,0,140,2,12,0
5805454,1,0,0,1,1,0,140,2,12,0
5806255,1,0,0,1,1,0,140,2,12,0
5806885,1,0,1,0,0,0,140,2,12,0
5807091,1,1,0,0,0,0,140,2,12,0
5807387,1,0,0,1,1,0,140,2,12,0
5807472,0,1,1,0,1,0,140,2,12,0
5808805,1,0,0,1,1,0,140,2,12,0
5808985,0,1,0,1,0,0,140,2,12,0
5809130,1,0,1,0,0,0,140,2,12,0
5809327,0,1,1,1,1,1,140,2,12,0
5809355,0,0,0,0,1,0,140,2,12,0
5810095,1,0,1,0,0,0,140,2,12,0
5810270,0,1,0,1,0,0,140,2,12,0
5810827,0,0,0,0,1,0,140,2,12,0
5810984,1,0,0,1,1,0,140,2,12,0
5811370,0,0,0,0,1,0,140,2,12,0
5811640,0,0,1,1,0,0,140,2,12,0
5812227,0,1,1,0,1,0,140,2,12,0
5812835,1,1,0,0,0,0,140,2,12,0
5813036,0,1,1,0,1,0,140,2,12,0
5813234,1,1,0,0,0,0,140,2,12,0
5813573,0,1,1,0,1,0,140,2,12,0
5813670,1,1,1,1,1,0,140,2,12,0
5814922,0,1,1,0,1,0,140,2,12,0
5815934,0,1,1,0,1,0,140,2,12,0
5815943,1,1,0,0,0,0,140,2,12,0
5816042,0,1,1,0,1,0,140,2,12,0
5816187,1,0,1,0,0,0,140,2,12,0
5816336,0,0,1,1,0,0,140,2,12,0
5816385,0,0,1,1,0,0,140,2,12,0
5816676,1,0,1,0,0,0,140,2,12,0
5817129,0,1,0,1,0,0,140,2,12,0
5817366,1,0,0,1,1,0,140,2,12,0
5817538,1,1,0,0,0,0,140,2,12,0
5817965,1,1,1,1,1,0,140,2,12,0
5819227,1,1,0,0,0,0,140,2,12,0
5820595,0,0,1,1,0,0,140,2,12,0
5820687,1,0,0,1,1,0,140,2,12,0
5820734,1,1,0,0,0,0,140,2,12,0
5823152,0,1,0,1,0,0,140,2,12,0
5823242,0,1,0,1,0,0,140,2,12,0
5823636,1,1,0,0,0,0,140,2,12,0
5824080,0,1,1,0,1,0,140,2,12,0
5824127,1,0,0,1,1,0,140,2,12,0
5824174,1,1,1,1,1,0,140,2,12,0
5824320,0,0,1,1,0,0,140,2,12,0
5824463,1,1,0,0,0,0,140,2,12,0
5825043,0,0,1,1,0,0,140,2,12,0
5825701,1,0,0,1,1,0,140,2,12,0
5827830,0,1,1,0,1,0,140,2,12,0
5828623,0,1,1,0,1,0,140,2,12,0
5828681,1,1,1,1,1,0,140,2,12,0
5828857,1,1,1,1,1,0,140,2,12,0
5829190,0,0,0,0,1,0,140,2,12,0
5829510,1,0,1,0,0,0,140,2,12,0
5829658,1,1,0,0,0,0,140,2,12,0
5829728,0,1,1,0,1,0,140,2,12,0
5830557,1,0,0,1,1,0,140,2,12,0
5830688,1,0,0,1,1,0,140,2,12,0
5831262,0,0,1,1,0,0,140,2,12,0
5831593,0,1,1,0,1,0,140,2,12,0
5832412,0,1,0,0,0,0,140,2,12,0
5832807,0,1,0,1,0,0,115,2,12,0
5833786,1,1,1,1,1,0,115,2,12,0
5833943,0,1,1,0,1,0,115,2,12,0
5834679,1,0,1,0,0,0,115,2,12,0
5835513,0,0,0,0,1,0,115,2,12,0
5835727,1,1,0,0,0,0,115,2,12,0
5835938,1,0,0,1,1,0,115,2,12,0
5835986,1,0,1,0,0,0,115,2,12,0
5836968,1,0,0,1,1,0,115,2,12,0
5837063,0,0,1,1,0,0,115,2,12,0
5842034,1,0,0,1,1,0,115,2,12,0
5843687,1,0,0,1,1,0,115,2,12,0
5844686,1,0,0,1,1,0,115,2,12,0
5845125,0,1,0,1,0,0,115,2,12,0
5845285,0,1,0,1,0,0,115,2,12,0
5846243,0,1,1,0,1,0,115,2,12,0
5846365,1,0,1,0,0,0,115,2,12,0
5846508,1,1,0,0,0,0,115,2,12,0
5847437,0,1,1,0,1,0,115,2,12,0
5848721,1,0,0,1,1,0,115,2,12,0
5849644,0,0,0,0,1,0,115,2,12,0
5849854,1,1,1,1,1,0,115,2,12,0
5850207,1,0,1,0,0,0,115,2,12,0
5850723,1,1,0,0,0,0,115,2,12,0
5850792,0,1,0,1,0,0,115,2,12,0
5851039,0,1,0,1,0,0,115,2,12,0
5851878,1,0,1,0,0,0,115,2,12,0
5851987,0,0,1,1,0,0,115,2,12,0
5852115,1,0,1,0,0,0,115,2,12,0
5852268,0,1,1,0,1,0,115,2,12,0
5853679,0,0,1,1,0,0,115,2,12,0
5853700,0,1,1,0,1,0,115,2,12,0
5854718,0,1,0,1,0,0,115,2,12,0
5855033,1,0,0,1,1,0,115,2,12,0
5855045,1,0,0,1,1,0,115,2,12,0
5855109,1,0,1,0,0,0,115,2,12,0
5855305,1,1,1,1,1,0,115,2,12,0
5855723,1,0,1,0,0,0,115,2,12,0
5855782,1,1,0,0,0,0,115,2,12,0
5856412,1,0,1,0,0,0,115,2,12,0
5857060,1,0,0,1,1,0,115,2,12,0
5857744,1,0,0,1,1,0,115,2,12,0
5858672,1,1,1,1,1,0,115,2,12,0
5858913,1,1,0,0,0,0,115,2,12,0
5862540,1,1,1,1,1,0,115,2,12,0
5863598,0,1,0,1,0,0,115,2,12,0
5863884,0,1,0,0,0,0,115,2,12,0
5864131,1,1,1,1,1,0,115,2,12,0
5866053,1,0,0,1,1,0,115,2,12,0
5866666,1,1,0,0,0,0,115,2,12,0
5866670,0,0,0,0,1,0,115,2,12,0
5867571,1,0,0,1,1,0,115,2,12,0
5867640,0,1,0,1,0,0,115,2,12,0
5867883,0,1,0,1,0,0,115,2,12,0
5868697,1,1,0,0,0,0,115,2,12,0
5868841,0,1,0,1,0,0,115,2,12,0
5868988,1,1,1,1,1,0,115,2,12,0
5871822,0,0,1,1,0,0,115,2,12,0
5871837,1,0,0,1,1,0,115,2,12,0
5872833,1,0,0,1,1,0,115,2,12,0
5873456,1,1,1,1,1,0,115,2,12,0
5874139,1,0,1,0,0,0,115,2,12,0
5874475,1,0,0,1,1,0,115,2,12,0
5874774,1,0,1,1,0,0,115,2,12,0
5874837,0,1,1,0,1,0,115,2,12,0
5876135,1,1,0,0,0,0,115,2,12,0
5876219,0,0,1,1,0,0,115,2,12,0
5876413,1,0,0,1,1,0,115,2,12,0
5877111,1,0,0,1,1,0,115,2,12,0
5877809,0,0,0,0,1,0,115,2,12,0
5878361,1,1,0,0,0,0,115,2,12,0
5880103,1,0,1,0,0,0,115,2,12,0
5881905,1,1,1,0,1,1,115,2,12,0
5882624,0,0,0,0,1,0,115,2,12,0
5884710,0,1,1,0,1,0,115,2,12,0
5885125,0,1,0,1,0,0,115,2,12,0
5885405,0,1,1,1,1,1,115,2,12,0
5885493,1,1,1,1,1,0,115,2,12,0
5885729,0,0,1,1,0,0,115,2,12,0
5886213,1,1,0,0,0,0,115,2,12,0
5886275,1,1,1,1,1,0,115,2,12,0
5886575,0,1,0,1,0,0,115,2,12,0
5887191,0,1,0,1,0,0,115,2,12,0
5888120,1,0,0,0,1,1,115,2,12,0
5888189,0,1,1,0,1,0,115,2,12,0
5890955,1,1,1,1,1,0,115,2,12,0
5891618,0,1,1,0,1,0,115,2,12,0
5891905,0,1,1,0,1,0,115,2,12,0
5893525,1,0,1,0,0,0,115,2,12,0
5893536,1,1,1,1,1,0,115,2,12,0
5893611,1,1,1,1,1,0,115,2,12,0
5893613,0,1,1,0,1,0,115,2,12,0
5893750,0,1,0,1,0,0,115,2,12,0
5893909,0,1,1,0,1,0,115,2,12,0
5897917,1,1,0,1,0,0,115,2,12,0
5899732,1,1,1,1,1,0,92,2,12,0
5901529,1,0,0,1,1,0,92,2,12,0
5901666,0,1,1,0,1,0,92,2,12,0
5901755,0,0,1,1,0,0,92,2,12,0
5901919,0,1,1,1,1,1,92,2,12,0
5903354,1,1,1,1,1,0,92,2,12,0
5903677,0,0,0,0,1,0,92,2,12,0
5903999,1,0,1,0,0,0,92,2,12,0
5904306,1,1,1,1,1,0,92,2,12,0
5904684,1,1,0,1,0,0,92,2,12,0
5906279,1,1,0,0,0,0,92,2,12,0
5906534,0,0,1,1,0,0,92,2,12,0
5907493,1,1,1,1,1,0,92,2,12,0
5907920,1,0,1,0,0,0,92,2,12,0
5909676,0,0,0,0,1,0,92,2,12,0
5910932,0,1,1,0,1,0,92,2,12,0
5911445,1,1,1,1,1,0,92,2,12,0
5912339,1,0,1,0,0,0,92,2,12,0
5912825,1,0,1,0,0,0,92,2,12,0
5912838,0,1,1,0,1,0,92,2,12,0
5913305,0,0,1,1,0,0,92,2,12,0
5914185,0,0,0,0,1,0,92,2,12,0
5914410,0,1,1,0,1,0,92,2,12,0
5914905,1,0,0,1,1,0,92,2,12,0
5916443,1,1,0,0,0,0,92,2,12,0
5917203,1,1,0,0,0,0,92,2,12,0
5917616,1,0,0,1,1,0,92,2,12,0
5917707,0,0,0,0,1,0,92,2,12,0
5918678,1,1,1,1,1,0,92,2,12,0
5920907,0,1,0,1,0,0,92,2,12,0
5921550,1,1,0,0,0,0,92,2,12,0
5922160,1,1,1,1,1,0,92,2,12,0
5922789,0,1,0,1,0,0,92,2,12,0
5923454,1,0,0,1,1,0,92,2,12,0
5924078,1,0,0,1,1,0,92,2,12,0
5924189,0,1,0,1,0,0,92,2,12,0
5925358,0,1,1,0,1,0,92,2,12,0
5925585,0,1,0,1,0,0,92,2,12,0
5926451,1,0,1,0,0,0,92,2,12,0
5926756,1,0,1,0,0,0,92,2,12,0
5927720,0,1,0,1,0,0,92,2,12,0
5928075,0,1,1,0,1,0,92,2,12,0
5928250,1,0,0,1,1,0,92,2,12,0
5928614,1,0,1,0,0,0,92,2,12,0
5929078,0,0,1,1,0,0,92,2,12,0
5929207,0,0,1,1,0,0,92,2,12,0
5930328,0,0,0,0,1,0,92,2,12,0
5931145,1,0,0,1,1,0,92,2,12,0
5932340,1,1,1,1,1,0,92,2,12,0
5933090,0,0,0,0,1,0,92,2,12,0
5933796,1,0,0,1,1,0,92,2,12,0
5934293,1,0,1,0,0,0,92,2,12,0
5935774,0,0,1,1,0,0,92,2,12,0
5935803,1,1,1,1,1,0,92,2,12,0
5936707,1,0,0,1,1,0,92,2,12,0
5939101,1,1,1,1,1,0,92,2,12,0
5939938,1,0,1,0,0,0,92,2,12,0
5940071,1,1,0,0,0,0,92,2,12,0
5940080,1,1,1,1,1,0,92,2,12,0
5940563,1,0,0,1,1,0,92,2,12,0
5942544,0,0,0,0,1,0,92,2,12,0
5942862,0,1,1,0,1,0,92,2,12,0
5942977,0,1,1,0,1,0,92,2,12,0
5944221,1,1,0,0,0,0,92,2,12,0
5944550,0,0,1,1,0,0,92,2,12,0
5945855,0,0,0,0,1,0,92,2,12,0
5946052,0,0,0,0,1,0,92,2,12,0
5946732,0,0,0,0,1,0,92,2,12,0
5946906,0,1,0,1,0,0,92,2,12,0
5946955,0,0,1,0,0,0,92,2,12,0
5947878,1,0,0,1,1,0,92,2,12,0
5949792,1,0,0,1,1,0,92,2,12,0
5950457,1,1,1,1,1,0,92,2,12,0
5952454,1,1,0,0,0,0,92,2,12,0
5952837,0,1,1,0,1,0,92,2,12,0
5953954,0,0,1,1,0,0,92,2,12,0
5954918,1,0,1,0,0,0,92,2,12,0
5957640,0,1,1,0,1,0,92,2,12,0
5958305,1,0,0,1,1,0,92,2,12,0
5958314,1,1,0,0,0,0,92,2,12,0
5958355,0,1,1,0,1,0,92,2,12,0
5958383,1,1,1,1,1,0,92,2,12,0
5960601,0,0,0,0,1,0,92,2,12,0
5960812,0,0,0,0,1,0,92,2,12,0
5961045,0,1,0,1,0,0,92,2,12,0
5961372,0,0,1,1,0,0,92,2,12,0
5961565,0,1,1,1,1,1,92,2,12,0
5962657,0,0,1,1,0,0,92,2,12,0
5962720,1,0,1,0,0,0,92,2,12,0
5964035,0,0,1,0,0,0,80,2,12,0
5964366,1,1,0,0,0,0,80,2,12,0
5965036,0,1,1,0,1,0,80,2,12,0
5966441,0,0,0,0,1,0,80,2,12,0
5967024,0,0,0,0,1,0,80,2,12,0
5967149,0,0,1,1,0,0,80,2,12,0
5969084,1,0,0,1,1,0,80,2,12,0
5969948,0,1,0,1,0,0,80,2,12,0
5970758,1,0,1,0,0,0,80,2,12,0
5970797,1,1,0,0,0,0,80,2,12,0
5973226,1,1,0,0,0,0,80,2,12,0
5973664,1,0,1,0,0,0,80,2,12,0
5975891,1,1,0,0,0,0,80,2,12,0
5977987,0,0,0,0,1,0,80,2,12,0
5979669,0,0,1,1,0,0,80,2,12,0
5980277,1,0,0,1,1,0,80,2,12,0
5981896,0,1,0,1,0,0,80,2,12,0
5982263,1,0,1,0,0,0,80,2,12,0
5983426,0,1,0,1,0,0,80,2,12,0
5984828,1,1,1,1,1,0,80,2,12,0
5984877,0,0,1,1,0,0,80,2,12,0
5985144,1,0,0,1,1,0,80,2,12,0
5986495,1,1,0,0,0,0,80,2,12,0
5987390,0,1,0,1,0,0,80,2,12,0
5987789,1,0,0,1,1,0,80,2,12,0
5988247,1,1,0,1,0,0,80,2,12,0
5989185,0,1,0,1,0,0,80,2,12,0
5989201,0,1,1,0,1,0,80,2,12,0
5990172,0,1,1,0,1,0,80,2,12,0
5990319,1,0,1,0,0,0,80,2,12,0
5993197,0,1,1,1,1,1,80,2,12,0
5993682,1,1,0,0,0,0,80,2,12,0
5994036,0,1,1,0,1,0,80,2,12,0
5994330,1,0,1,0,0,0,80,2,12,0
5994344,0,0,0,0,1,0,80,2,12,0
5994428,1,1,1,1,1,0,80,2,12,0
5996775,1,0,1,0,0,0,80,2,12,0
5998072,1,1,0,1,0,0,80,2,12,0
5998213,1,1,1,1,1,0,80,2,12,0
5998807,1,0,0,1,1,0,80,2,12,0
5999400,1,1,0,0,0,0,80,2,12,0
6000896,1,0,0,1,1,0,80,2,12,0
6000999,0,1,0,1,0,0,80,2,12,0
6001839,1,0,0,1,1,0,80,2,12,0
6002555,0,0,1,1,0,0,80,2,12,0
6004244,0,0,0,0,1,0,80,2,12,0
6005076,0,1,0,1,0,0,80,2,12,0
6005789,1,1,1,1,1,0,80,2,12,0
6006268,0,1,1,0,1,0,80,2,12,0
6006675,1,0,1,0,0,0,80,2,12,0
6006838,0,1,1,0,1,0,80,2,12,0
6007741,1,1,1,1,1,0,80,2,12,0
6008706,1,0,1,0,0,0,80,2,12,0
6009421,0,1,1,0,1,0,80,2,12,0
6009828,0,0,1,1,0,0,80,2,12,0
6011894,1,1,1,1,1,0,80,2,12,0
6013482,1,0,1,0,0,0,80,2,12,0
6013889,0,0,0,0,1,0,80,2,12,0
6013967,0,0,0,1,1,1,80,2,12,0
6014198,0,1,0,1,0,0,80,2,12,0
6014855,1,0,1,0,0,0,80,2,12,0
6018869,0,1,1,0,1,0,80,2,12,0
6020243,0,1,0,1,0,0,80,2,12,0
6020248,1,1,0,0,0,0,80,2,12,0
6020723,1,1,1,1,1,0,80,2,12,0
6022776,1,0,1,0,0,0,80,2,12,0
6024401,0,1,1,0,1,0,80,2,12,0
6024714,0,1,1,0,1,0,80,2,12,0
6027398,1,0,1,0,0,0,80,2,12,0
6027483,0,0,1,1,0,0,80,2,12,0
6027648,0,0,0,0,1,0,80,2,12,0
6029782,1,0,0,1,1,0,171,2,12,1
6029784,1,0,0,1,1,0,171,2,12,1
6031225,1,1,0,0,0,0,171,2,12,1
6031409,0,0,0,0,1,0,171,2,12,1
6032933,1,1,0,0,0,0,171,2,12,1
6034349,1,0,1,0,0,0,171,2,12,1
6034970,1,0,1,0,0,0,171,2,12,1
6034996,1,0,1,0,0,0,171,2,12,1
6035800,0,0,1,1,0,0,171,2,12,1
6036798,0,1,1,0,1,0,171,2,12,1
6039142,1,1,0,0,0,0,171,2,12,1
6039215,1,1,1,1,1,0,171,2,12,1
6040194,0,1,1,0,1,0,171,2,12,1
6040996,1,1,0,0,0,0,171,2,12,1
6042270,1,0,1,0,0,0,171,2,12,1
6042553,1,0,0,1,1,0,171,2,12,1
6043058,1,1,1,1,1,0,171,2,12,1
6043529,0,1,0,1,0,0,171,2,12,1
6044413,0,0,0,0,1,0,171,2,12,1
6044808,1,0,1,0,0,0,171,2,12,1
6045017,0,0,0,1,1,1,171,2,12,1
6048352,0,0,1,1,0,0,171,2,12,1
6048791,1,1,1,1,1,0,171,2,12,1
6049524,0,1,0,1,0,0,171,2,12,1
6050192,1,0,0,1,1,0,171,2,12,1
6051101,0,1,0,1,0,0,171,2,12,1
6052625,1,1,1,1,1,0,171,2,12,1
6052851,1,1,1,1,1,0,171,2,12,1
6053138,0,1,1,0,1,0,171,2,12,1
6053290,0,1,0,1,0,0,171,2,12,1
6053559,0,0,0,0,1,0,171,2,12,1
6053885,0,1,0,1,0,0,171,2,12,1
6055469,1,1,1,1,1,0,171,2,12,1
6055537,1,1,1,1,1,0,171,2,12,1
6055714,1,0,1,0,0,0,171,2,12,1
6056324,0,0,1,1,0,0,171,2,12,1
6056596,1,1,0,0,0,0,171,2,12,1
6057842,1,1,0,0,0,0,171,2,12,1
6058302,0,0,1,1,0,0,171,2,12,1
6058417,0,0,1,1,0,0,171,2,12,1
6058625,1,0,0,1,1,0,171,2,12,1
6059905,1,1,1,1,1,0,171,2,12,1
6060455,1,1,1,1,1,0,171,2,12,1
6060471,1,1,0,0,0,0,171,2,12,1
6060513,0,1,1,0,1,0,171,2,12,1
6060977,1,0,0,1,1,0,171,2,12,1
6061084,1,0,1,0,0,0,171,2,12,1
6063102,0,0,0,0,1,0,171,2,12,1
6065752,1,1,0,0,0,0,171,2,12,1
6066058,1,1,0,0,0,0,171,2,12,1
6066085,1,0,1,0,0,0,171,2,12,1
6066878,1,1,1,1,1,0,171,2,12,1
6067513,0,1,0,1,0,0,171,2,12,1
6069448,1,0,1,0,0,0,171,2,12,1
6069824,0,1,1,0,1,0,171,2,12,1
6070241,0,1,1,0,1,0,171,2,12,1
6070446,1,1,1,1,1,0,171,2,12,1
6070844,1,0,0,1,1,0,171,2,12,1
6070861,0,0,1,0,0,0,171,2,12,1
6071579,0,0,0,0,1,0,171,2,12,1
6073529,0,0,0,0,1,0,171,2,12,1
6074150,1,1,0,0,0,0,171,2,12,1
6075169,0,1,0,1,0,0,171,2,12,1
6075207,1,0,0,1,1,0,171,2,12,1
6075450,0,0,0,0,1,0,171,2,12,1
6075932,1,0,1,0,0,0,171,2,12,1
6075958,1,1,1,1,1,0,171,2,12,1
6076419,0,0,1,1,0,0,171,2,12,1
6076494,1,1,1,1,1,0,171,2,12,1
6076610,1,0,0,0,1,1,171,2,12,1
6078666,0,1,0,1,0,0,171,2,12,1
6078964,1,1,0,0,0,0,171,2,12,1
6079129,1,0,0,1,1,0,171,2,12,1
6079936,0,0,1,1,0,0,171,2,12,1
6080054,0,1,1,0,1,0,171,2,12,1
6080074,1,1,1,1,1,0,171,2,12,1
6080407,1,1,0,0,0,0,171,2,12,1
6080582,0,1,1,0,1,0,171,2,12,1
6081445,0,1,1,0,1,0,171,2,12,1
6085382,0,0,0,0,1,0,171,2,12,1
6085465,1,1,0,0,0,0,171,2,12,1
6085826,1,1,0,0,0,0,171,2,12,1
6086314,0,1,1,0,1,0,171,2,12,1
6086699,0,1,1,0,1,0,171,2,12,1
6088527,0,0,1,1,0,0,171,2,12,1
6090245,1,1,1,1,1,0,171,2,12,1
6091394,0,0,0,0,1,0,171,2,12,1
6091648,0,1,1,0,1,0,171,2,12,1
6092330,1,0,1,0,0,0,171,2,12,1
6093040,0,0,0,0,1,0,171,2,12,1
6093317,0,1,0,1,0,0,171,2,12,1
6093840,1,0,0,1,1,0,171,2,12,1
6095419,1,0,0,1,1,0,133,2,12,1
6096050,1,0,0,1,1,0,133,2,12,1
6097594,1,1,0,1,0,0,133,2,12,1
6097882,0,1,0,1,0,0,133,2,12,1
6100276,0,0,1,1,0,0,133,2,12,1
6101421,1,1,1,1,1,0,133,2,12,1
6101656,0,0,0,0,1,0,133,2,12,1
6101958,1,1,1,1,1,0,133,2,12,1
6102063,0,1,0,1,0,0,133,2,12,1
6102329,0,0,0,0,1,0,133,2,12,1
6106153,0,1,1,0,1,0,133,2,12,1
6107605,0,0,0,1,1,1,133,2,12,1
6108029,0,1,1,0,1,0,133,2,12,1
6108701,1,0,0,1,1,0,133,2,12,1
6108989,1,0,0,1,1,0,133,2,12,1
6110059,1,0,0,1,1,0,133,2,12,1
6110393,0,1,1,0,1,0,133,2,12,1
6110783,1,1,0,0,0,0,133,2,12,1
6111986,0,0,1,1,0,0,133,2,12,1
6112930,0,0,1,1,0,0,133,2,12,1
6113835,0,0,1,1,0,0,133,2,12,1
6114116,1,0,1,0,0,0,133,2,12,1
6115381,0,0,0,0,1,0,133,2,12,1
6116038,1,0,0,1,1,0,133,2,12,1
6116250,1,1,0,0,0,0,133,2,12,1
6116990,1,0,0,1,1,0,133,2,12,1
6118247,1,0,1,0,0,0,133,2,12,1
6119398,0,1,1,0,1,0,133,2,12,1
6119442,0,1,1,0,1,0,133,2,12,1
6121380,1,1,0,0,0,0,133,2,12,1
6121650,0,0,0,0,1,0,133,2,12,1
6123761,0,0,1,1,0,0,133,2,12,1
6124733,0,0,0,0,1,0,133,2,12,1
6124787,0,1,0,1,0,0,133,2,12,1
6125152,0,0,0,0,1,0,133,2,12,1
6125903,1,1,1,1,1,0,133,2,12,1
6126068,0,0,1,1,0,0,133,2,12,1
6128063,0,0,0,1,1,1,133,2,12,1
6128235,0,0,1,1,0,0,133,2,12,1
6129724,0,1,0,1,0,0,133,2,12,1
6129726,1,0,1,0,0,0,133,2,12,1
6129941,1,0,1,0,0,0,133,2,12,1
6131844,0,1,1,0,1,0,133,2,12,1
6131851,0,0,1,1,0,0,133,2,12,1
6131965,0,1,0,0,0,0,133,2,12,1
6132600,1,1,0,0,0,0,133,2,12,1
6133102,0,1,1,0,1,0,133,2,12,1
6134582,0,0,1,1,0,0,133,2,12,1
6135230,1,1,1,0,1,1,133,2,12,1
6135598,1,0,1,0,0,0,133,2,12,1
6136521,1,1,1,1,1,0,133,2,12,1
6136592,1,1,1,1,1,0,133,2,12,1
6140496,0,0,1,1,0,0,133,2,12,1
6140531,1,1,1,1,1,0,133,2,12,1
6140774,0,1,0,1,0,0,133,2,12,1
6141484,0,0,0,0,1,0,133,2,12,1
6142665,1,1,0,0,0,0,133,2,12,1
6143060,0,0,1,0,0,0,133,2,12,1
6144685,1,1,0,0,0,0,133,2,12,1
6144875,1,0,0,1,1,0,133,2,12,1
6145857,1,1,1,1,1,0,133,2,12,1
6147128,0,1,0,1,0,0,133,2,12,1
6147132,1,0,0,1,1,0,133,2,12,1
6147716,1,0,1,0,0,0,133,2,12,1
6147764,1,0,0,1,1,0,133,2,12,1
6148797,1,0,1,0,0,0,133,2,12,1
6149869,0,1,0,1,0,0,133,2,12,1
6150780,1,0,0,1,1,0,133,2,12,1
6151547,1,1,0,0,0,0,133,2,12,1
6152391,1,0,1,1,0,0,133,2,12,1
6153839,0,1,1,0,1,0,133,2,12,1
6155331,0,1,0,1,0,0,133,2,12,1
6156524,1,1,0,0,0,0,133,2,12,1
6157482,1,1,0,0,0,0,133,2,12,1
6158664,1,1,0,0,0,0,133,2,12,1
6158671,0,0,0,0,1,0,133,2,12,1
6159142,1,1,1,1,1,0,133,2,12,1
6159302,0,1,0,1,0,0,133,2,12,1
6159475,1,0,1,0,0,0,133,2,12,1
6159943,0,0,1,1,0,0,133,2,12,1
6162090,1,0,1,0,0,0,112,2,12,1
6164226,1,1,1,1,1,0,112,2,12,1
6165369,0,0,0,0,1,0,112,2,12,1
6165495,1,0,0,1,1,0,112,2,12,1
6166421,1,0,0,1,1,0,112,2,12,1
6166555,1,0,1,0,0,0,112,2,12,1
6168282,1,1,0,0,0,0,112,2,12,1
6168794,1,1,0,0,0,0,112,2,12,1
6169081,0,1,1,0,1,0,112,2,12,1
6169270,0,1,1,0,1,0,112,2,12,1
6171250,0,1,0,1,0,0,112,2,12,1
6174266,0,1,0,1,0,0,112,2,12,1
6175468,1,0,0,1,1,0,112,2,12,1
6179067,1,0,1,0,0,0,112,2,12,1
6179198,1,1,1,1,1,0,112,2,12,1
6183292,1,1,1,1,1,0,112,2,12,1
6184310,0,0,0,0,1,0,112,2,12,1
6185749,1,1,1,1,1,0,112,2,12,1
6186630,0,0,1,1,0,0,112,2,12,1
6187987,1,1,0,0,0,0,112,2,12,1
6190764,0,1,0,1,0,0,112,2,12,1
6191265,0,1,0,1,0,0,112,2,12,1
6192113,1,1,0,1,0,0,112,2,12,1
6193829,0,1,0,1,0,0,112,2,12,1
6195009,1,1,0,0,0,0,112,2,12,1
6195154,1,1,1,1,1,0,112,2,12,1
6195159,1,0,1,0,0,0,112,2,12,1
6201811,0,0,1,1,0,0,112,2,12,1
6202849,1,1,1,1,1,0,112,2,12,1
6202905,0,1,0,1,0,0,112,2,12,1
6202974,0,1,1,0,1,0,112,2,12,1
6204182,1,1,1,1,1,0,112,2,12,1
6204328,1,0,0,1,1,0,112,2,12,1
6205574,1,1,0,0,0,0,112,2,12,1
6206648,0,0,0,0,1,0,112,2,12,1
6207803,0,1,1,0,1,0,112,2,12,1
6207845,1,0,1,0,0,0,112,2,12,1
6208865,0,0,1,1,0,0,112,2,12,1
6209473,1,0,1,0,0,0,112,2,12,1
6209760,0,1,0,1,0,0,112,2,12,1
6210385,1,0,1,0,0,0,112,2,12,1
6211121,0,0,1,1,0,0,112,2,12,1
6214327,1,1,1,1,1,0,112,2,12,1
6214729,1,0,1,0,0,0,112,2,12,1
6214734,0,0,1,1,0,0,112,2,12,1
6214765,0,0,0,1,1,1,112,2,12,1
6216296,0,1,1,0,1,0,112,2,12,1
6218907,0,0,0,0,1,0,112,2,12,1
6219718,0,1,1,0,1,0,112,2,12,1
6221436,0,0,1,1,0,0,112,2,12,1
6221463,0,1,1,0,1,0,112,2,12,1
6222061,0,1,0,1,0,0,112,2,12,1
6223878,1,1,0,0,0,0,112,2,12,1
6224138,1,1,1,1,1,0,112,2,12,1
6227375,1,1,0,0,0,0,90,1,12,1
6227629,0,1,1,0,1,0,90,1,12,1
6229605,0,0,1,1,0,0,90,1,12,1
6233198,1,0,0,1,1,0,90,1,12,1
6233739,0,0,1,1,0,0,90,1,12,1
6234159,1,0,0,1,1,0,90,1,12,1
6235412,0,1,1,1,1,1,90,1,12,1
6235939,1,1,1,1,1,0,90,1,12,1
6235994,1,0,1,0,0,0,90,1,12,1
6237710,0,1,0,1,0,0,90,1,12,1
6238061,0,0,1,1,0,0,90,1,12,1
6238591,1,1,0,0,0,0,90,1,12,1
6238897,1,1,0,0,0,0,90,1,12,1
6239406,1,0,0,1,1,0,90,1,12,1
6240070,1,1,0,0,0,0,90,1,12,1
6241305,0,0,1,1,0,0,90,1,12,1
6244189,1,0,1,0,0,0,90,1,12,1
6245826,0,0,1,1,0,0,90,1,12,1
6245868,1,1,0,0,0,0,90,1,12,1
6246893,0,1,0,1,0,0,90,1,12,1
6247145,1,1,1,1,1,0,90,1,12,1
6248576,1,1,0,0,0,0,90,1,12,1
6248754,0,0,0,1,1,1,90,1,12,1
6250271,0,1,1,0,1,0,90,1,12,1
6250931,0,1,0,1,0,0,90,1,12,1
6251101,1,0,1,0,0,0,90,1,12,1
6251139,0,1,1,0,1,0,90,1,12,1
6251283,0,0,1,1,0,0,90,1,12,1
6251521,1,0,0,1,1,0,90,1,12,1
6251527,0,1,1,0,1,0,90,1,12,1
6252114,0,1,0,1,0,0,90,1,12,1
6252484,1,1,1,1,1,0,90,1,12,1
6253475,1,1,0,0,0,0,90,1,12,1
6254497,0,0,1,1,0,0,90,1,12,1
6256726,0,1,1,1,1,1,90,1,12,1
6257054,1,0,0,1,1,0,90,1,12,1
6258655,1,1,1,1,1,0,90,1,12,1
6260396,0,0,1,1,0,0,90,1,12,1
6261395,0,1,1,0,1,0,90,1,12,1
6261996,1,0,0,1,1,0,90,1,12,1
6262782,0,1,0,1,0,0,90,1,12,1
6264267,1,1,1,1,1,0,90,1,12,1
6265233,0,1,0,1,0,0,90,1,12,1
6266767,0,1,0,1,0,0,90,1,12,1
6267630,1,1,0,0,0,0,90,1,12,1
6271539,1,0,0,1,1,0,90,1,12,1
6273237,0,0,0,0,1,0,90,1,12,1
6274791,0,1,0,1,0,0,90,1,12,1
6274886,0,0,0,0,1,0,90,1,12,1
6275645,1,1,0,0,0,0,90,1,12,1
6276627,0,0,1,1,0,0,90,1,12,1
6280995,0,0,0,0,1,0,90,1,12,1
6281033,0,0,0,0,1,0,90,1,12,1
6281640,1,0,0,1,1,0,90,1,12,1
6283177,1,0,0,1,1,0,90,1,12,1
6283870,0,0,0,0,1,0,90,1,12,1
6284389,1,1,1,1,1,0,90,1,12,1
6288071,1,1,1,1,1,0,90,1,12,1
6288386,1,1,0,0,0,0,90,1,12,1
6289031,0,0,0,0,1,0,90,1,12,1
6289294,1,1,0,1,0,0,90,1,12,1
6289329,1,1,0,0,0,0,90,1,12,1
6289380,0,0,0,0,1,0,90,1,12,1
6289541,1,0,1,0,0,0,90,1,12,1
6289661,1,0,0,1,1,0,90,1,12,1
6290212,1,0,0,1,1,0,90,1,12,1
6292645,0,0,1,1,0,0,120,2,9,0
6293859,1,0,1,0,0,0,120,2,9,0
6294799,0,0,1,1,0,0,120,2,9,0
6294984,0,1,0,1,0,0,120,2,9,0
6297165,0,1,1,0,1,0,120,2,9,0
6298557,1,0,0,0,1,1,120,2,9,0
6299544,0,1,0,1,0,0,120,2,9,0
6299784,1,0,0,1,1,0,120,2,9,0
6300234,0,1,0,0,0,0,120,2,9,0
6300351,1,1,1,1,1,0,120,2,9,0
6300938,1,1,0,0,0,0,120,2,9,0
6301116,0,0,0,0,1,0,120,2,9,0
6302700,0,1,1,0,1,0,120,2,9,0
6304250,1,0,1,0,0,0,120,2,9,0
6304395,1,1,1,1,1,0,120,2,9,0
6310168,1,1,0,0,0,0,120,2,9,0
6310714,0,1,0,1,0,0,120,2,9,0
6311335,1,1,0,0,0,0,120,2,9,0
6312259,1,1,1,1,1,0,120,2,9,0
6313182,1,0,0,1,1,0,120,2,9,0
6314970,0,1,0,1,0,0,120,2,9,0
6315219,0,1,0,1,0,0,120,2,9,0
6316505,1,1,1,1,1,0,120,2,9,0
6319121,0,1,1,0,1,0,120,2,9,0
6319890,0,1,0,1,0,0,120,2,9,0
6320685,1,1,0,0,0,0,120,2,9,0
6321127,0,0,0,0,1,0,120,2,9,0
6321345,1,0,0,1,1,0,120,2,9,0
6321498,1,0,0,1,1,0,120,2,9,0
6322077,0,0,1,1,0,0,120,2,9,0
6322109,0,1,0,1,0,0,120,2,9,0
6323381,1,1,1,1,1,0,120,2,9,0
6323634,1,1,1,1,1,0,120,2,9,0
6324168,1,1,0,0,0,0,120,2,9,0
6324880,1,1,0,0,0,0,120,2,9,0
6325783,0,1,0,1,0,0,120,2,9,0
6326283,1,0,1,0,0,0,120,2,9,0
6329047,1,1,0,0,0,0,120,2,9,0
6329081,1,0,1,0,0,0,120,2,9,0
6330867,1,1,0,0,0,0,120,2,9,0
6330961,0,0,0,0,1,0,120,2,9,0
6331883,0,0,0,0,1,0,120,2,9,0
6332084,0,1,0,1,0,0,120,2,9,0
6332238,0,0,1,1,0,0,120,2,9,0
6333131,1,0,1,0,0,0,120,2,9,0
6334786,0,1,0,1,0,0,120,2,9,0
6336670,0,0,1,1,0,0,120,2,9,0
6337536,1,0,0,1,1,0,120,2,9,0
6338292,1,1,1,1,1,0,120,2,9,0
6338651,1,1,0,0,0,0,120,2,9,0
6339536,0,1,0,1,0,0,120,2,9,0
6339601,1,0,1,0,0,0,120,2,9,0
6339727,0,0,1,1,0,0,120,2,9,0
6339856,0,0,0,0,1,0,120,2,9,0
6340928,1,0,1,0,0,0,120,2,9,0
6342312,0,0,0,0,1,0,120,2,9,0
6344433,1,1,0,0,0,0,120,2,9,0
6345532,0,0,1,1,0,0,120,2,9,0
6346105,1,0,0,1,1,0,120,2,9,0
6347246,0,0,1,1,0,0,120,2,9,0
6348023,1,1,1,1,1,0,120,2,9,0
6348561,1,1,0,0,0,0,120,2,9,0
6349115,1,1,0,0,0,0,120,2,9,0
6349430,0,1,0,1,0,0,120,2,9,0
6351629,1,0,0,1,1,0,120,2,9,0
6351725,1,0,0,1,1,0,120,2,9,0
6353804,0,1,1,0,1,0,120,2,9,0
6355102,1,0,1,0,0,0,120,2,9,0
6355232,1,1,1,1,1,0,120,2,9,0
6355290,0,1,1,0,1,0,120,2,9,0
6357003,1,1,0,0,0,0,116,2,12,0
6357116,0,0,1,1,0,0,116,2,12,0
6357385,0,1,1,0,1,0,116,2,12,0
6357403,0,1,0,1,0,0,116,2,12,0
6357588,1,0,1,0,0,0,116,2,12,0
6357988,1,1,0,0,0,0,116,2,12,0
6358498,0,0,0,0,1,0,116,2,12,0
6358981,0,1,1,0,1,0,116,2,12,0
6360266,0,1,1,0,1,0,116,2,12,0
6360633,0,0,0,0,1,0,116,2,12,0
6360782,0,1,0,1,0,0,116,2,12,0
6360947,1,1,0,0,0,0,116,2,12,0
6361090,1,0,1,0,0,0,116,2,12,0
6361167,1,0,1,0,0,0,116,2,12,0
6361905,0,0,0,0,1,0,116,2,12,0
6363766,0,0,0,0,1,0,116,2,12,0
6364152,0,0,0,0,1,0,116,2,12,0
6364745,0,0,1,1,0,0,116,2,12,0
6366060,1,1,0,0,0,0,116,2,12,0
6367485,0,0,1,1,0,0,116,2,12,0
6368068,0,0,1,1,0,0,116,2,12,0
6368191,0,0,0,0,1,0,116,2,12,0
6368508,0,1,0,1,0,0,116,2,12,0
6369629,1,1,1,1,1,0,116,2,12,0
6370434,1,1,0,0,0,0,116,2,12,0
6370446,0,0,1,1,0,0,116,2,12,0
6371843,0,0,0,0,1,0,116,2,12,0
6372085,1,1,0,0,0,0,116,2,12,0
6372523,1,0,0,0,1,1,116,2,12,0
6372987,1,0,1,0,0,0,116,2,12,0
6373131,0,1,1,0,1,0,116,2,12,0
6373654,0,0,0,0,1,0,116,2,12,0
6373818,0,1,1,0,1,0,116,2,12,0
6373833,0,0,1,1,0,0,116,2,12,0
6374430,1,0,1,0,0,0,116,2,12,0
6375032,1,1,1,1,1,0,116,2,12,0
6375234,0,1,1,0,1,0,116,2,12,0
6375752,0,0,0,0,1,0,116,2,12,0
6375920,1,1,0,0,0,0,116,2,12,0
6376114,0,1,0,1,0,0,116,2,12,0
6377158,0,0,0,0,1,0,116,2,12,0
6377800,1,0,0,1,1,0,116,2,12,0
6378086,0,0,1,1,0,0,116,2,12,0
6379510,1,0,1,0,0,0,116,2,12,0
6381033,0,1,1,0,1,0,116,2,12,0
6381044,1,0,0,1,1,0,116,2,12,0
6381444,0,1,1,0,1,0,116,2,12,0
6382291,0,1,1,0,1,0,116,2,12,0
6383375,1,0,1,0,0,0,116,2,12,0
6384007,0,1,0,1,0,0,116,2,12,0
6384667,1,0,1,0,0,0,116,2,12,0
6385180,1,0,0,1,1,0,116,2,12,0
6387194,1,1,0,1,0,0,116,2,12,0
6387206,1,0,1,0,0,0,116,2,12,0
6387919,1,0,1,0,0,0,116,2,12,0
6388669,0,0,1,1,0,0,116,2,12,0
6389359,1,1,0,0,0,0,116,2,12,0
6390029,1,1,1,1,1,0,116,2,12,0
6390153,1,0,0,1,1,0,116,2,12,0
6390599,1,1,1,1,1,0,116,2,12,0
6390601,1,0,0,1,1,0,116,2,12,0
6390846,0,0,1,1,0,0,116,2,12,0
6390899,0,1,1,0,1,0,116,2,12,0
6391216,0,0,0,0,1,0,116,2,12,0
6391593,1,1,1,1,1,0,116,2,12,0
6393065,1,0,0,1,1,0,116,2,12,0
6393783,1,0,0,1,1,0,116,2,12,0
6393804,0,0,0,0,1,0,116,2,12,0
6395427,0,1,1,0,1,0,116,2,12,0
6395501,1,1,1,1,1,0,116,2,12,0
6395772,0,0,0,0,1,0,116,2,12,0
6396398,1,1,1,1,1,0,116,2,12,0
6396688,0,1,0,1,0,0,116,2,12,0
6397625,0,1,1,0,1,0,116,2,12,0
6399712,0,1,1,0,1,0,116,2,12,0
6400443,1,0,0,1,1,0,116,2,12,0
6402473,1,0,0,1,1,0,116,2,12,0
6402598,1,1,0,0,0,0,116,2,12,0
6403881,1,0,0,1,1,0,116,2,12,0
6404155,1,1,0,0,0,0,116,2,12,0
6404371,0,0,1,1,0,0,116,2,12,0
6404437,0,0,0,0,1,0,116,2,12,0
6404951,0,0,0,0,1,0,116,2,12,0
6405332,0,1,0,1,0,0,116,2,12,0
6405750,1,1,1,1,1,0,116,2,12,0
6406534,0,1,0,1,0,0,116,2,12,0
6406667,1,0,0,1,1,0,116,2,12,0
6406885,1,0,1,0,0,0,116,2,12,0
6407738,1,1,0,0,0,0,116,2,12,0
6408335,0,1,1,0,1,0,116,2,12,0
6408356,0,1,1,0,1,0,116,2,12,0
6409655,0,0,1,1,0,0,116,2,12,0
6410399,1,1,1,1,1,0,116,2,12,0
6410716,0,0,0,0,1,0,116,2,12,0
6411104,1,1,0,0,0,0,116,2,12,0
6411946,0,1,1,0,1,0,116,2,12,0
6412415,1,0,1,0,0,0,116,2,12,0
6412745,1,1,0,0,0,0,116,2,12,0
6412961,1,0,1,0,0,0,116,2,12,0
6414426,0,0,0,0,1,0,116,2,12,0
6415118,0,1,1,0,1,0,116,2,12,0
6415424,1,0,1,0,0,0,116,2,12,0
6415525,1,1,0,0,0,0,116,2,12,0
6415869,0,0,1,1,0,0,116,2,12,0
6416022,1,0,0,0,1,1,116,2,12,0
6418258,0,1,0,1,0,0,116,2,12,0
6418832,0,0,1,1,0,0,116,2,12,0
6420038,1,0,0,1,1,0,116,2,12,0
6420115,0,1,0,1,0,0,116,2,12,0
6421627,1,1,1,1,1,0,116,2,12,0
6422198,0,1,1,0,1,0,116,2,12,0
6422446,1,1,1,1,1,0,116,2,12,0
6422474,1,1,0,0,0,0,116,2,12,0
6423431,1,1,0,0,0,0,127,2,12,0
6423677,0,1,1,1,1,1,127,2,12,0
6424823,0,1,0,1,0,0,127,2,12,0
6424925,1,0,1,0,0,0,127,2,12,0
6425980,0,1,0,1,0,0,127,2,12,0
6426097,0,1,0,1,0,0,127,2,12,0
6427382,0,0,1,1,0,0,127,2,12,0
6427703,1,0,0,1,1,0,127,2,12,0
6428555,1,0,1,0,0,0,127,2,12,0
6430814,1,1,1,1,1,0,127,2,12,0
6430837,1,1,1,1,1,0,127,2,12,0
6431301,0,0,1,1,0,0,127,2,12,0
6432883,1,0,0,1,1,0,127,2,12,0
6433486,0,1,0,1,0,0,127,2,12,0
6433541,0,0,0,0,1,0,127,2,12,0
6433667,1,0,1,0,0,0,127,2,12,0
6434622,0,1,1,0,1,0,127,2,12,0
6434766,0,1,0,1,0,0,127,2,12,0
6435427,0,0,1,1,0,0,127,2,12,0
6435689,1,1,0,0,0,0,127,2,12,0
6437000,1,1,1,1,1,0,127,2,12,0
6437811,1,0,0,1,1,0,127,2,12,0
6438564,1,0,0,1,1,0,127,2,12,0
6439348,1,1,0,0,0,0,127,2,12,0
6439815,0,1,1,0,1,0,127,2,12,0
6439865,1,1,0,0,0,0,127,2,12,0
6440370,1,1,0,1,0,0,127,2,12,0
6440609,0,1,1,0,1,0,127,2,12,0
6440853,1,1,1,1,1,0,127,2,12,0
6441206,1,1,0,0,0,0,127,2,12,0
6442804,1,0,1,0,0,0,127,2,12,0
6443409,0,1,1,0,1,0,127,2,12,0
6443442,0,0,0,0,1,0,127,2,12,0
6443477,0,1,1,0,1,0,127,2,12,0
6443492,0,0,0,0,1,0,127,2,12,0
6443588,1,0,1,0,0,0,127,2,12,0
6443614,0,0,1,1,0,0,127,2,12,0
6444069,0,0,0,0,1,0,127,2,12,0
6444502,1,0,0,1,1,0,127,2,12,0
6445287,0,0,0,0,1,0,127,2,12,0
6445616,0,1,1,0,1,0,127,2,12,0
6445684,1,1,1,1,1,0,127,2,12,0
6446913,1,1,0,0,0,0,127,2,12,0
6447129,1,0,1,0,0,0,127,2,12,0
6448046,1,1,1,1,1,0,127,2,12,0
6448454,1,0,1,0,0,0,127,2,12,0
6450663,0,0,0,0,1,0,127,2,12,0
6451507,1,0,1,0,0,0,127,2,12,0
6451509,0,1,1,0,1,0,127,2,12,0
6451651,1,1,1,1,1,0,127,2,12,0
6452176,0,1,0,1,0,0,127,2,12,0
6452382,1,0,0,1,1,0,127,2,12,0
6452494,1,0,0,1,1,0,127,2,12,0
6453189,0,0,1,1,0,0,127,2,12,0
6453281,0,1,0,1,0,0,127,2,12,0
6453501,1,0,1,0,0,0,127,2,12,0
6453681,0,1,1,0,1,0,127,2,12,0
6454068,1,0,0,1,1,0,127,2,12,0
6454114,0,1,0,1,0,0,127,2,12,0
6454596,1,0,1,0,0,0,127,2,12,0
6454814,1,1,1,1,1,0,127,2,12,0
6455380,1,0,1,0,0,0,127,2,12,0
6456880,1,1,0,0,0,0,127,2,12,0
6457119,1,1,1,1,1,0,127,2,12,0
6457448,1,0,1,0,0,0,127,2,12,0
6457818,0,1,0,1,0,0,127,2,12,0
6457833,1,0,0,1,1,0,127,2,12,0
6458022,1,1,1,1,1,0,127,2,12,0
6458442,1,0,1,0,0,0,127,2,12,0
6458825,0,0,1,1,0,0,127,2,12,0
6459554,1,0,1,0,0,0,127,2,12,0
6459568,1,0,1,0,0,0,127,2,12,0
6460002,1,1,1,1,1,0,127,2,12,0
6460575,1,1,0,1,0,0,127,2,12,0
6460942,1,1,1,1,1,0,127,2,12,0
6461327,0,0,0,0,1,0,127,2,12,0
6461816,1,1,0,0,0,0,127,2,12,0
6462150,0,0,0,0,1,0,127,2,12,0
6462483,1,1,1,1,1,0,127,2,12,0
6462558,0,1,1,0,1,0,127,2,12,0
6462772,0,0,0,0,1,0,127,2,12,0
6463698,1,0,0,1,1,0,127,2,12,0
6463939,0,0,1,1,0,0,127,2,12,0
6465699,0,1,0,1,0,0,127,2,12,0
6466293,1,0,0,1,1,0,127,2,12,0
6466753,0,1,1,0,1,0,127,2,12,0
6467074,0,1,0,1,0,0,127,2,12,0
6467385,0,1,1,0,1,0,127,2,12,0
6467506,0,0,1,1,0,0,127,2,12,0
6467960,0,1,0,1,0,0,127,2,12,0
6468668,1,1,0,0,0,0,127,2,12,0
6469039,0,0,1,1,0,0,127,2,12,0
6469074,1,1,1,1,1,0,127,2,12,0
6469081,0,0,0,0,1,0,127,2,12,0
6469273,1,1,1,1,1,0,127,2,12,0
6469556,0,0,0,0,1,0,127,2,12,0
6472384,0,1,1,0,1,0,127,2,12,0
6472470,1,1,0,0,0,0,127,2,12,0
6472528,1,0,0,1,1,0,127,2,12,0
6472971,1,1,0,1,0,0,127,2,12,0
6473358,0,1,0,1,0,0,127,2,12,0
6474169,0,0,1,1,0,0,127,2,12,0
6475005,0,1,1,0,1,0,127,2,12,0
6475114,1,0,1,0,0,0,127,2,12,0
6475813,0,0,1,1,0,0,127,2,12,0
6475949,0,0,1,1,0,0,127,2,12,0
6476522,1,0,0,1,1,0,127,2,12,0
6476809,0,0,0,0,1,0,127,2,12,0
6476866,1,1,0,0,0,0,127,2,12,0
6476963,0,1,0,1,0,0,127,2,12,0
6477516,1,1,0,0,0,0,127,2,12,0
6478814,0,0,0,0,1,0,127,2,12,0
6478980,0,1,1,0,1,0,127,2,12,0
6479076,0,0,1,1,0,0,127,2,12,0
6479838,0,0,1,1,0,0,127,2,12,0
6480201,0,1,0,1,0,0,127,2,12,0
6481610,0,1,0,1,0,0,127,2,12,0
6481656,0,1,1,0,1,0,127,2,12,0
6481797,1,1,1,1,1,0,127,2,12,0
6481926,1,1,0,0,0,0,127,2,12,0
6482330,0,0,1,1,0,0,127,2,12,0
6483347,0,1,0,1,0,0,127,2,12,0
6483349,1,0,1,0,0,0,127,2,12,0
6483945,0,0,0,0,1,0,127,2,12,0
6484441,0,1,1,0,1,0,127,2,12,0
6484578,0,0,1,1,0,0,127,2,12,0
6484859,1,0,1,0,0,0,127,2,12,0
6485337,1,1,1,1,1,0,127,2,12,0
6486298,0,1,0,1,0,0,127,2,12,0
6486650,1,1,1,1,1,0,127,2,12,0
6488264,1,0,0,1,1,0,119,2,12,0
6488722,1,0,1,0,0,0,119,2,12,0
6488918,0,0,1,1,0,0,119,2,12,0
6489140,0,0,1,1,0,0,119,2,12,0
6489699,1,1,0,0,0,0,119,2,12,0
6489810,1,1,1,1,1,0,119,2,12,0
6490562,1,0,0,1,1,0,119,2,12,0
6490801,1,1,1,1,1,0,119,2,12,0
6491087,0,0,0,0,1,0,119,2,12,0
6491120,0,0,0,0,1,0,119,2,12,0
6491857,1,0,0,1,1,0,119,2,12,0
6492111,0,1,1,0,1,0,119,2,12,0
6492399,0,0,1,1,0,0,119,2,12,0
6492420,0,0,0,0,1,0,119,2,12,0
6492775,0,1,1,0,1,0,119,2,12,0
6493353,1,0,1,0,0,0,119,2,12,0
6493525,0,1,0,1,0,0,119,2,12,0
6493954,1,1,0,0,0,0,119,2,12,0
6493995,0,1,1,0,1,0,119,2,12,0
6494064,1,0,1,0,0,0,119,2,12,0
6494898,1,0,0,1,1,0,119,2,12,0
6495264,0,1,0,1,0,0,119,2,12,0
6495394,0,1,1,0,1,0,119,2,12,0
6496217,0,1,0,1,0,0,119,2,12,0
6497205,1,0,0,1,1,0,119,2,12,0
6501530,0,0,0,0,1,0,119,2,12,0
6502375,0,1,0,1,0,0,119,2,12,0
6502448,0,0,0,1,1,1,119,2,12,0
6502490,0,1,0,1,0,0,119,2,12,0
6502666,1,0,0,1,1,0,119,2,12,0
6502813,0,0,0,0,1,0,119,2,12,0
6503082,1,0,0,1,1,0,119,2,12,0
6503294,0,0,0,0,1,0,119,2,12,0
6503346,1,1,1,1,1,0,119,2,12,0
6503589,1,0,1,0,0,0,119,2,12,0
6504965,1,0,0,1,1,0,119,2,12,0
6505113,1,1,1,1,1,0,119,2,12,0
6505138,0,0,0,0,1,0,119,2,12,0
6505570,0,1,0,1,0,0,119,2,12,0
6506850,1,1,1,1,1,0,119,2,12,0
6506939,1,1,0,0,0,0,119,2,12,0
6507305,1,0,0,1,1,0,119,2,12,0
6508796,0,1,1,0,1,0,119,2,12,0
6509986,0,0,1,1,0,0,119,2,12,0
6510636,0,1,1,1,1,1,119,2,12,0
6510674,0,0,1,1,0,0,119,2,12,0
6511245,1,0,0,1,1,0,119,2,12,0
6511872,1,1,0,0,0,0,119,2,12,0
6512159,0,1,1,0,1,0,119,2,12,0
6512471,0,1,0,1,0,0,119,2,12,0
6512682,1,0,0,1,1,0,119,2,12,0
6514061,0,1,1,0,1,0,119,2,12,0
6514165,1,1,0,0,0,0,119,2,12,0
6514711,0,1,1,0,1,0,119,2,12,0
6514873,1,0,0,1,1,0,119,2,12,0
6514960,1,1,0,0,0,0,119,2,12,0
6515469,0,0,1,1,0,0,119,2,12,0
6516607,0,0,0,0,1,0,119,2,12,0
6517626,1,1,1,1,1,0,119,2,12,0
6518818,1,1,1,1,1,0,119,2,12,0
6519019,0,1,0,1,0,0,119,2,12,0
6519271,1,1,1,1,1,0,119,2,12,0
6519286,0,0,1,1,0,0,119,2,12,0
6519521,1,0,0,1,1,0,119,2,12,0
6519716,0,1,0,1,0,0,119,2,12,0
6520906,0,1,1,0,1,0,119,2,12,0
6521658,1,1,0,0,0,0,119,2,12,0
6522157,1,1,0,1,0,0,119,2,12,0
6522312,1,0,1,0,0,0,119,2,12,0
6524004,1,1,1,1,1,0,119,2,12,0
6525493,0,0,1,1,0,0,119,2,12,0
6527310,1,1,0,0,0,0,119,2,12,0
6527340,1,0,0,1,1,0,119,2,12,0
6527368,0,1,1,0,1,0,119,2,12,0
6527944,0,0,1,1,0,0,119,2,12,0
6528439,1,0,0,1,1,0,119,2,12,0
6528539,1,1,1,1,1,0,119,2,12,0
6528696,1,1,0,0,0,0,119,2,12,0
6528855,1,0,0,1,1,0,119,2,12,0
6529078,1,0,1,0,0,0,119,2,12,0
6529464,0,0,1,1,0,0,119,2,12,0
6529619,1,1,1,1,1,0,119,2,12,0
6529856,0,1,0,1,0,0,119,2,12,0
6531457,0,0,0,0,1,0,119,2,12,0
6531883,1,0,0,1,1,0,119,2,12,0
6532773,1,0,1,0,0,0,119,2,12,0
6534553,0,1,1,0,1,0,119,2,12,0
6534915,0,1,0,1,0,0,119,2,12,0
6536641,0,0,1,1,0,0,119,2,12,0
6537244,1,0,1,0,0,0,119,2,12,0
6537353,1,0,0,1,1,0,119,2,12,0
6537407,1,0,1,0,0,0,119,2,12,0
6538868,0,0,0,0,1,0,119,2,12,0
6539193,0,0,1,1,0,0,119,2,12,0
6539281,0,1,0,1,0,0,119,2,12,0
6539310,0,0,1,1,0,0,119,2,12,0
6539435,1,0,0,1,1,0,119,2,12,0
6539515,1,1,1,1,1,0,119,2,12,0
6540360,0,0,1,1,0,0,119,2,12,0
6541393,1,1,0,0,0,0,119,2,12,0
6541761,0,0,1,1,0,0,119,2,12,0
6542052,1,0,1,0,0,0,119,2,12,0
6543173,0,0,1,1,0,0,119,2,12,0
6544580,0,1,0,1,0,0,119,2,12,0
6545463,1,0,1,0,0,0,119,2,12,0
6546350,1,0,0,1,1,0,119,2,12,0
6546378,0,1,1,0,1,0,119,2,12,0
6548585,1,1,1,1,1,0,119,2,12,0
6548723,0,1,0,1,0,0,119,2,12,0
6548860,0,0,1,1,0,0,119,2,12,0
6549042,1,1,1,1,1,0,119,2,12,0
6549296,1,0,1,0,0,0,119,2,12,0
6549712,1,0,1,0,0,0,119,2,12,0
6550570,0,1,0,1,0,0,119,2,12,0
6550790,0,1,0,1,0,0,119,2,12,0
6550897,1,0,1,0,0,0,119,2,12,0
6551356,1,0,0,1,1,0,119,2,12,0
6551794,0,0,0,0,1,0,119,2,12,0
6552750,1,0,1,0,0,0,119,2,12,0
6552962,1,1,1,1,1,0,119,2,12,0
6553106,0,0,0,0,1,0,119,2,12,0
6554085,1,0,1,0,0,0,177,1,12,0
6554265,1,1,1,1,1,0,177,1,12,0
6555350,1,1,1,1,1,0,177,1,12,0
6555695,0,1,1,0,1,0,177,1,12,0
6555856,0,1,1,0,1,0,177,1,12,0
6556696,1,0,1,0,0,0,177,1,12,0
6556977,1,0,1,1,0,0,177,1,12,0
6557261,1,0,0,1,1,0,177,1,12,0
6558026,1,0,0,1,1,0,177,1,12,0
6558559,0,0,1,1,0,0,177,1,12,0
6559046,0,0,1,1,0,0,177,1,12,0
6559283,1,1,0,0,0,0,177,1,12,0
6559304,0,0,1,1,0,0,177,1,12,0
6559525,0,1,0,1,0,0,177,1,12,0
6559642,1,1,0,1,0,0,177,1,12,0
6560025,1,1,1,1,1,0,177,1,12,0
6560068,0,0,0,0,1,0,177,1,12,0
6560626,0,1,0,1,0,0,177,1,12,0
6560965,0,1,0,1,0,0,177,1,12,0
6561658,0,1,0,1,0,0,177,1,12,0
6561886,1,1,0,0,0,0,177,1,12,0
6561976,1,0,1,0,0,0,177,1,12,0
6562729,1,1,0,0,0,0,177,1,12,0
6562860,0,0,0,0,1,0,177,1,12,0
6563556,1,1,1,1,1,0,177,1,12,0
6563932,0,0,0,0,1,0,177,1,12,0
6564168,1,1,0,0,0,0,177,1,12,0
6564381,1,1,0,0,0,0,177,1,12,0
6564814,1,1,0,0,0,0,177,1,12,0
6565344,1,0,1,0,0,0,177,1,12,0
6565615,1,0,1,0,0,0,177,1,12,0
6565910,1,0,0,1,1,0,177,1,12,0
6566120,1,0,1,0,0,0,177,1,12,0
6566748,0,1,1,0,1,0,177,1,12,0
6567445,1,1,0,0,0,0,177,1,12,0
6568029,0,0,1,1,0,0,177,1,12,0
6568170,1,0,1,0,0,0,177,1,12,0
6568450,0,1,0,1,0,0,177,1,12,0
6568833,1,0,1,0,0,0,177,1,12,0
6569402,1,1,1,1,1,0,177,1,12,0
6569616,0,0,1,1,0,0,177,1,12,0
6569863,0,0,1,1,0,0,177,1,12,0
6570082,0,1,0,1,0,0,177,1,12,0
6570867,0,0,1,1,0,0,177,1,12,0
6571671,0,0,0,0,1,0,177,1,12,0
6573529,1,0,1,0,0,0,177,1,12,0
6573911,1,1,1,1,1,0,177,1,12,0
6575066,1,0,0,1,1,0,177,1,12,0
6575686,0,1,0,1,0,0,177,1,12,0
6575704,1,1,1,1,1,0,177,1,12,0
6575971,1,1,1,1,1,0,177,1,12,0
6576301,1,0,0,1,1,0,177,1,12,0
6576691,0,1,0,1,0,0,177,1,12,0
6577644,1,0,0,1,1,0,177,1,12,0
6578401,0,1,0,0,0,0,177,1,12,0
6578689,0,0,0,0,1,0,177,1,12,0
6578704,0,0,1,1,0,0,177,1,12,0
6579253,1,1,1,1,1,0,177,1,12,0
6579319,1,1,1,1,1,0,177,1,12,0
6579664,1,0,0,1,1,0,177,1,12,0
6579873,0,1,0,1,0,0,177,1,12,0
6580477,1,1,0,0,0,0,177,1,12,0
6580631,0,0,0,0,1,0,177,1,12,0
6581242,1,1,1,1,1,0,177,1,12,0
6581419,0,0,1,1,0,0,177,1,12,0
6581891,1,0,1,0,0,0,177,1,12,0
6582735,1,1,1,1,1,0,177,1,12,0
6582767,0,0,1,1,0,0,177,1,12,0
6583803,0,0,0,1,1,1,177,1,12,0
6583859,0,1,1,1,1,1,177,1,12,0
6584070,1,1,0,0,0,0,177,1,12,0
6584078,0,0,0,0,1,0,177,1,12,0
6584102,0,1,1,0,1,0,177,1,12,0
6584357,0,1,1,0,1,0,177,1,12,0
6584737,1,0,0,1,1,0,177,1,12,0
6584921,1,1,0,0,0,0,177,1,12,0
6585037,1,0,0,1,1,0,177,1,12,0
6586449,0,0,0,0,1,0,177,1,12,0
6586605,0,0,1,1,0,0,177,1,12,0
6586636,0,0,1,1,0,0,177,1,12,0
6586929,1,1,1,1,1,0,177,1,12,0
6587828,1,1,1,1,1,0,177,1,12,0
6587876,0,0,0,0,1,0,177,1,12,0
6588147,0,1,0,1,0,0,177,1,12,0
6588689,1,1,1,1,1,0,177,1,12,0
6589001,0,0,1,1,0,0,177,1,12,0
6589611,0,0,0,0,1,0,177,1,12,0
6590234,0,1,1,0,1,0,177,1,12,0
6590374,1,0,0,1,1,0,177,1,12,0
6590547,0,1,0,1,0,0,177,1,12,0
6590620,1,1,1,1,1,0,177,1,12,0
6590756,1,0,0,1,1,0,177,1,12,0
6591024,0,1,0,1,0,0,177,1,12,0
6591460,0,1,0,1,0,0,177,1,12,0
6591752,1,0,1,0,0,0,177,1,12,0
6592215,1,1,0,0,0,0,177,1,12,0
6593604,0,1,0,1,0,0,177,1,12,0
6594198,0,0,0,0,1,0,177,1,12,0
6595100,1,0,1,0,0,0,177,1,12,0
6596427,1,0,0,1,1,0,177,1,12,0
6596438,0,0,0,0,1,0,177,1,12,0
6596516,0,0,1,1,0,0,177,1,12,0
6598112,0,0,0,0,1,0,177,1,12,0
6598182,0,1,1,0,1,0,177,1,12,0
6599136,1,0,0,1,1,0,177,1,12,0
6599726,0,0,1,1,0,0,177,1,12,0
6600765,0,0,1,1,0,0,177,1,12,0
6601205,1,0,1,0,0,0,177,1,12,0
6601516,0,0,1,1,0,0,177,1,12,0
6602473,0,1,0,1,0,0,177,1,12,0
6602888,1,1,1,1,1,0,177,1,12,0
6603162,1,1,0,0,0,0,177,1,12,0
6603515,1,0,1,0,0,0,177,1,12,0
6603566,0,0,0,0,1,0,177,1,12,0
6603575,0,0,0,0,1,0,177,1,12,0
6604034,1,0,1,0,0,0,177,1,12,0
6604105,0,1,1,0,1,0,177,1,12,0
6604348,1,0,0,1,1,0,177,1,12,0
6604900,0,1,1,0,1,0,177,1,12,0
6605007,1,1,0,0,0,0,177,1,12,0
6605068,0,0,0,0,1,0,177,1,12,0
6605260,0,0,0,0,1,0,177,1,12,0
6605559,0,0,0,0,1,0,177,1,12,0
6605734,1,1,1,1,1,0,177,1,12,0
6605958,1,1,0,0,0,0,177,1,12,0
6606260,1,1,1,1,1,0,177,1,12,0
6606517,0,0,0,0,1,0,177,1,12,0
6607338,0,0,1,1,0,0,177,1,12,0
6607853,0,1,1,0,1,0,177,1,12,0
6608690,1,0,1,0,0,0,177,1,12,0
6609075,1,1,1,1,1,0,177,1,12,0
6609379,1,1,1,1,1,0,177,1,12,0
6609391,1,1,1,1,1,0,177,1,12,0
6610097,0,1,1,1,1,1,177,1,12,0
6610123,0,0,0,0,1,0,177,1,12,0
6610233,0,1,1,1,1,1,177,1,12,0
6610804,0,1,0,1,0,0,177,1,12,0
6610959,0,1,1,0,1,0,177,1,12,0
6611780,1,1,1,1,1,0,177,1,12,0
6612115,0,0,1,1,0,0,177,1,12,0
6612117,0,0,1,1,0,0,177,1,12,0
6612211,0,0,1,1,0,0,177,1,12,0
6612214,1,1,1,1,1,0,177,1,12,0
6612511,0,0,1,1,0,0,177,1,12,0
6614330,0,0,0,0,1,0,177,1,12,0
6614522,0,1,0,1,0,0,177,1,12,0
6614589,1,1,1,1,1,0,177,1,12,0
6614673,1,0,1,0,0,0,177,1,12,0
6615100,1,1,1,1,1,0,177,1,12,0
6615359,1,0,0,1,1,0,177,1,12,0
6615573,0,0,0,0,1,0,177,1,12,0
6615713,1,1,0,0,0,0,177,1,12,0
6615888,0,0,1,1,0,0,177,1,12,0
6615893,1,0,1,0,0,0,177,1,12,0
6617322,1,0,1,0,0,0,177,1,12,0
6617431,1,1,1,1,1,0,177,1,12,0
6617466,1,0,0,1,1,0,177,1,12,0
6618341,0,1,1,0,1,0,177,1,12,0
6618497,1,1,1,1,1,0,177,1,12,0
6618601,1,0,1,0,0,0,177,1,12,0
6618684,1,0,1,0,0,0,177,1,12,0
6618721,0,0,0,0,1,0,177,1,12,0
6618810,0,1,0,1,0,0,177,1,12,0
6621171,0,1,1,1,1,1,78,1,9,0
6621694,1,1,1,1,1,0,78,1,9,0
6623340,1,1,0,0,0,0,78,1,9,0
6626260,1,1,1,1,1,0,78,1,9,0
6626472,0,0,1,1,0,0,78,1,9,0
6628077,0,1,1,0,1,0,78,1,9,0
6628911,1,1,0,0,0,0,78,1,9,0
6629548,1,0,0,1,1,0,78,1,9,0
6632178,1,0,1,0,0,0,78,1,9,0
6632606,1,0,0,1,1,0,78,1,9,0
6633158,0,1,1,0,1,0,78,1,9,0
6634421,0,1,0,1,0,0,78,1,9,0
6635541,1,0,1,0,0,0,78,1,9,0
6635731,1,0,0,1,1,0,78,1,9,0
6638051,0,1,0,0,0,0,78,1,9,0
6638584,1,1,1,1,1,0,78,1,9,0
6639795,0,1,1,0,1,0,78,1,9,0
6640977,0,0,0,0,1,0,78,1,9,0
6641216,0,1,0,1,0,0,78,1,9,0
6642628,1,0,1,0,0,0,78,1,9,0
6644354,1,1,0,0,0,0,78,1,9,0
6644896,1,0,1,0,0,0,78,1,9,0
6647632,0,0,1,1,0,0,78,1,9,0
6647639,1,0,1,0,0,0,78,1,9,0
6648158,0,1,1,0,1,0,78,1,9,0
6650619,1,1,0,0,0,0,78,1,9,0
6651835,1,0,1,0,0,0,78,1,9,0
6656125,1,1,1,1,1,0,78,1,9,0
6657003,1,1,1,1,1,0,78,1,9,0
6658729,0,1,0,1,0,0,78,1,9,0
6663186,1,0,1,0,0,0,78,1,9,0
6664165,0,1,1,0,1,0,78,1,9,0
6668402,1,0,0,1,1,0,78,1,9,0
6669273,0,0,1,1,0,0,78,1,9,0
6670654,0,1,1,0,1,0,78,1,9,0
6672405,1,1,1,1,1,0,78,1,9,0
6673627,1,0,1,0,0,0,78,1,9,0
6673942,0,0,0,0,1,0,78,1,9,0
6675340,1,0,1,0,0,0,78,1,9,0
6675549,0,0,0,0,1,0,78,1,9,0
6676452,0,1,1,0,1,0,78,1,9,0
6676976,0,0,0,0,1,0,78,1,9,0
6677672,1,0,1,0,0,0,78,1,9,0
6678676,1,1,1,1,1,0,78,1,9,0
6681484,0,1,1,0,1,0,78,1,9,0
6684077,1,1,0,0,0,0,78,1,9,0
6686646,1,1,1,1,1,0,121,2,9,0
6686714,0,0,1,1,0,0,121,2,9,0
6687484,0,0,0,0,1,0,121,2,9,0
6687900,0,1,0,1,0,0,121,2,9,0
6688502,1,1,0,0,0,0,121,2,9,0
6688562,1,1,0,0,0,0,121,2,9,0
6689240,1,1,1,1,1,0,121,2,9,0
6690097,1,1,1,1,1,0,121,2,9,0
6691425,1,1,0,0,0,0,121,2,9,0
6695149,1,1,1,1,1,0,121,2,9,0
6695433,1,1,0,0,0,0,121,2,9,0
6696276,1,0,0,1,1,0,121,2,9,0
6696283,1,1,1,1,1,0,121,2,9,0
6701558,0,0,0,0,1,0,121,2,9,0
6701583,1,1,1,1,1,0,121,2,9,0
6702223,0,0,1,1,0,0,121,2,9,0
6702369,1,0,1,0,0,0,121,2,9,0
6703177,1,1,0,0,0,0,121,2,9,0
6703448,1,1,1,0,1,1,121,2,9,0
6704515,0,1,0,1,0,0,121,2,9,0
6704607,1,1,1,1,1,0,121,2,9,0
6705482,1,0,0,1,1,0,121,2,9,0
6705904,0,0,1,1,0,0,121,2,9,0
6705926,0,1,1,0,1,0,121,2,9,0
6706074,0,0,0,0,1,0,121,2,9,0
6706446,1,1,1,1,1,0,121,2,9,0
6708589,1,0,0,1,1,0,121,2,9,0
6709418,1,0,1,0,0,0,121,2,9,0
6710812,0,1,1,1,1,1,121,2,9,0
6711200,1,0,1,0,0,0,121,2,9,0
6711537,1,0,0,1,1,0,121,2,9,0
6711628,0,1,1,0,1,0,121,2,9,0
6712298,1,1,0,0,0,0,121,2,9,0
6712740,1,1,0,0,0,0,121,2,9,0
6713942,1,0,0,1,1,0,121,2,9,0
6714540,1,0,0,1,1,0,121,2,9,0
6714654,1,0,1,0,0,0,121,2,9,0
6716590,1,1,1,1,1,0,121,2,9,0
6718739,1,1,0,0,0,0,121,2,9,0
6719003,1,1,0,0,0,0,121,2,9,0
6719732,1,0,0,1,1,0,121,2,9,0
6721522,0,0,0,0,1,0,121,2,9,0
6721924,1,0,1,0,0,0,121,2,9,0
6722421,1,1,0,0,0,0,121,2,9,0
6723500,1,1,1,1,1,0,121,2,9,0
6723597,1,0,0,1,1,0,121,2,9,0
6723691,0,1,0,1,0,0,121,2,9,0
6723953,0,1,0,1,0,0,121,2,9,0
6724017,1,1,1,1,1,0,121,2,9,0
6724819,0,0,1,0,0,0,121,2,9,0
6725358,0,1,1,0,1,0,121,2,9,0
6725533,1,1,0,0,0,0,121,2,9,0
6725660,1,0,1,0,0,0,121,2,9,0
6727564,1,0,1,0,0,0,121,2,9,0
6728573,1,0,1,0,0,0,121,2,9,0
6731865,0,0,1,1,0,0,121,2,9,0
6732016,1,1,1,1,1,0,121,2,9,0
6732236,1,0,1,0,0,0,121,2,9,0
6733005,1,1,0,0,0,0,121,2,9,0
6733855,0,0,1,1,0,0,121,2,9,0
6733913,0,1,0,1,0,0,121,2,9,0
6736440,1,0,1,0,0,0,121,2,9,0
6737680,0,0,0,0,1,0,121,2,9,0
6737999,0,0,0,0,1,0,121,2,9,0
6738690,0,1,1,0,1,0,121,2,9,0
6738773,0,1,1,0,1,0,121,2,9,0
6738986,1,1,1,1,1,0,121,2,9,0
6739558,1,0,1,0,0,0,121,2,9,0
6739757,1,0,0,1,1,0,121,2,9,0
6741380,1,0,1,0,0,0,121,2,9,0
6741676,0,1,1,0,1,0,121,2,9,0
6742757,1,1,0,0,0,0,121,2,9,0
6744894,0,1,0,1,0,0,121,2,9,0
6745219,0,1,0,1,0,0,121,2,9,0
6745336,0,0,1,0,0,0,121,2,9,0
6745632,0,0,0,0,1,0,121,2,9,0
6747518,1,1,0,0,0,0,121,2,9,0
6752074,0,0,1,1,0,0,103,2,12,0
6753326,1,1,0,0,0,0,103,2,12,0
6754136,1,1,0,0,0,0,103,2,12,0
6755446,0,0,1,1,0,0,103,2,12,0
6756457,1,0,0,1,1,0,103,2,12,0
6756695,1,1,0,0,0,0,103,2,12,0
6758627,1,0,0,1,1,0,103,2,12,0
6759413,0,0,0,0,1,0,103,2,12,0
6759445,1,0,1,0,0,0,103,2,12,0
6760302,1,0,0,1,1,0,103,2,12,0
6760697,0,1,0,1,0,0,103,2,12,0
6761279,1,0,1,0,0,0,103,2,12,0
6761819,0,1,0,1,0,0,103,2,12,0
6762149,1,1,1,1,1,0,103,2,12,0
6762832,0,0,0,0,1,0,103,2,12,0
6763014,0,0,1,1,0,0,103,2,12,0
6763169,1,0,0,1,1,0,103,2,12,0
6765537,0,1,0,1,0,0,103,2,12,0
6766566,1,0,0,1,1,0,103,2,12,0
6767285,1,0,0,1,1,0,103,2,12,0
6767395,0,0,1,1,0,0,103,2,12,0
6769358,0,1,0,1,0,0,103,2,12,0
6771415,0,0,0,0,1,0,103,2,12,0
6771692,1,1,1,1,1,0,103,2,12,0
6772492,1,1,1,1,1,0,103,2,12,0
6772537,1,0,1,0,0,0,103,2,12,0
6772649,1,0,1,0,0,0,103,2,12,0
6773047,1,1,1,1,1,0,103,2,12,0
6774100,0,1,0,1,0,0,103,2,12,0
6775909,1,1,1,1,1,0,103,2,12,0
6776194,0,1,1,0,1,0,103,2,12,0
6776620,1,1,1,1,1,0,103,2,12,0
6777797,1,0,0,1,1,0,103,2,12,0
6778013,1,1,1,1,1,0,103,2,12,0
6778066,0,0,0,0,1,0,103,2,12,0
6778125,1,1,0,0,0,0,103,2,12,0
6778378,1,1,1,1,1,0,103,2,12,0
6779615,1,0,0,1,1,0,103,2,12,0
6779856,0,1,0,1,0,0,103,2,12,0
6780192,0,0,0,0,1,0,103,2,12,0
6782516,1,0,1,0,0,0,103,2,12,0
6783195,0,1,0,1,0,0,103,2,12,0
6783291,1,0,1,0,0,0,103,2,12,0
6784860,0,0,0,0,1,0,103,2,12,0
6785962,1,1,0,0,0,0,103,2,12,0
6786336,0,0,1,1,0,0,103,2,12,0
6786453,1,0,0,1,1,0,103,2,12,0
6787501,1,1,0,0,0,0,103,2,12,0
6787971,1,1,1,1,1,0,103,2,12,0
6788849,0,0,0,0,1,0,103,2,12,0
6790512,0,0,0,0,1,0,103,2,12,0
6790943,0,0,1,1,0,0,103,2,12,0
6791642,0,1,1,0,1,0,103,2,12,0
6793490,1,1,0,0,0,0,103,2,12,0
6794145,1,0,0,1,1,0,103,2,12,0
6794224,1,0,0,1,1,0,103,2,12,0
6794537,0,1,0,1,0,0,103,2,12,0
6795748,1,1,1,1,1,0,103,2,12,0
6798447,0,1,0,1,0,0,103,2,12,0
6799477,1,0,1,0,0,0,103,2,12,0
6799662,1,1,0,0,0,0,103,2,12,0
6800708,1,1,1,1,1,0,103,2,12,0
6801155,0,1,0,1,0,0,103,2,12,0
6801177,1,0,0,1,1,0,103,2,12,0
6802744,1,1,0,0,0,0,103,2,12,0
6804776,0,1,0,1,0,0,103,2,12,0
6804898,1,1,0,0,0,0,103,2,12,0
6805460,1,1,0,0,0,0,103,2,12,0
6805866,0,1,0,1,0,0,103,2,12,0
6807659,1,1,1,1,1,0,103,2,12,0
6808484,1,0,1,0,0,0,103,2,12,0
6808510,0,1,0,1,0,0,103,2,12,0
6809155,0,0,0,0,1,0,103,2,12,0
6810170,0,1,0,1,0,0,103,2,12,0
6811224,0,0,1,1,0,0,103,2,12,0
6813287,1,0,1,0,0,0,103,2,12,0
6814149,1,1,0,0,0,0,103,2,12,0
6815596,1,0,0,1,1,0,103,2,12,0
6881297,0,1,0,1,0,0,122,2,12,0
6881340,0,1,0,1,0,0,122,2,12,0
6883085,0,0,1,1,0,0,122,2,12,0
6883396,0,0,1,1,0,0,122,2,12,0
6883654,0,1,1,0,1,0,122,2,12,0
6884451,1,0,1,0,0,0,122,2,12,0
6885233,0,0,1,1,0,0,122,2,12,0
6885885,0,0,0,0,1,0,122,2,12,0
6886050,0,0,0,0,1,0,122,2,12,0
6886196,0,0,0,0,1,0,122,2,12,0
6886428,1,0,1,0,0,0,122,2,12,0
6886969,0,0,0,0,1,0,122,2,12,0
6887382,1,1,0,0,0,0,122,2,12,0
6888032,1,0,1,0,0,0,122,2,12,0
6889173,1,1,0,0,0,0,122,2,12,0
6890837,1,0,1,0,0,0,122,2,12,0
6890839,1,1,1,1,1,0,122,2,12,0
6891052,1,0,1,0,0,0,122,2,12,0
6892098,1,1,1,1,1,0,122,2,12,0
6892345,0,1,1,0,1,0,122,2,12,0
6893127,1,0,1,0,0,0,122,2,12,0
6893160,0,0,0,0,1,0,122,2,12,0
6893499,0,1,1,0,1,0,122,2,12,0
6893713,1,0,0,1,1,0,122,2,12,0
6893812,0,0,0,0,1,0,122,2,12,0
6893880,1,1,0,0,0,0,122,2,12,0
6894855,0,1,1,0,1,0,122,2,12,0
6895071,1,0,1,0,0,0,122,2,12,0
6895191,0,1,0,1,0,0,122,2,12,0
6896587,0,1,1,0,1,0,122,2,12,0
6897099,0,0,1,1,0,0,122,2,12,0
6897390,0,0,1,1,0,0,122,2,12,0
6897633,0,0,0,0,1,0,122,2,12,0
6897678,0,1,1,0,1,0,122,2,12,0
6899439,0,0,0,0,1,0,122,2,12,0
6899871,1,0,1,0,0,0,122,2,12,0
6899901,1,0,1,0,0,0,122,2,12,0
6900704,1,1,0,0,0,0,122,2,12,0
6901260,0,1,0,1,0,0,122,2,12,0
6901335,1,0,0,1,1,0,122,2,12,0
6901797,1,0,0,1,1,0,122,2,12,0
6901935,0,1,0,1,0,0,122,2,12,0
6902844,1,1,0,0,0,0,122,2,12,0
6902851,1,0,0,1,1,0,122,2,12,0
6902939,0,0,1,1,0,0,122,2,12,0
6903067,0,1,1,0,1,0,122,2,12,0
6904847,0,1,0,1,0,0,122,2,12,0
6904943,0,0,0,0,1,0,122,2,12,0
6905242,0,1,1,0,1,0,122,2,12,0
6905525,0,0,0,0,1,0,122,2,12,0
6905799,1,1,0,1,0,0,122,2,12,0
6907163,1,0,1,0,0,0,122,2,12,0
6907452,1,0,0,1,1,0,122,2,12,0
6907754,1,1,1,1,1,0,122,2,12,0
6907759,0,1,0,1,0,0,122,2,12,0
6908053,0,1,1,0,1,0,122,2,12,0
6908072,0,0,0,0,1,0,122,2,12,0
6908466,1,0,1,0,0,0,122,2,12,0
6908585,0,0,1,1,0,0,122,2,12,0
6909515,1,0,1,0,0,0,122,2,12,0
6909567,0,0,0,0,1,0,122,2,12,0
6909693,1,0,0,1,1,0,122,2,12,0
6909954,1,0,0,1,1,0,122,2,12,0
6910478,1,0,0,1,1,0,122,2,12,0
6911384,0,0,0,0,1,0,122,2,12,0
6912822,1,1,1,1,1,0,122,2,12,0
6913831,1,1,0,0,0,0,122,2,12,0
6914749,0,0,1,1,0,0,122,2,12,0
6914942,1,1,1,0,1,1,122,2,12,0
6915362,0,1,1,0,1,0,122,2,12,0
6915392,0,1,1,0,1,0,122,2,12,0
6916080,1,1,1,1,1,0,122,2,12,0
6916566,0,1,1,0,1,0,122,2,12,0
6916786,1,0,0,0,1,1,122,2,12,0
6918561,0,0,0,0,1,0,122,2,12,0
6919520,1,0,1,0,0,0,122,2,12,0
6919524,1,0,0,1,1,0,122,2,12,0
6919891,0,0,0,0,1,0,122,2,12,0
6920151,0,1,1,0,1,0,122,2,12,0
6921853,0,1,1,0,1,0,122,2,12,0
6921873,0,1,0,1,0,0,122,2,12,0
6921935,1,0,1,0,0,0,122,2,12,0
6922159,0,0,1,1,0,0,122,2,12,0
6923026,1,1,0,0,0,0,122,2,12,0
6924382,1,1,0,0,0,0,122,2,12,0
6924555,0,1,0,1,0,0,122,2,12,0
6925056,1,1,0,0,0,0,122,2,12,0
6925670,1,0,0,1,1,0,122,2,12,0
6925996,0,1,1,0,1,0,122,2,12,0
6928834,1,0,1,0,0,0,122,2,12,0
6929018,0,1,0,1,0,0,122,2,12,0
6929312,1,0,1,0,0,0,122,2,12,0
6929812,1,1,0,0,0,0,122,2,12,0
6931094,1,0,1,0,0,0,122,2,12,0
6931648,0,1,1,1,1,1,122,2,12,0
6931883,1,0,0,1,1,0,122,2,12,0
6932547,1,1,0,0,0,0,122,2,12,0
6933049,0,1,0,1,0,0,122,2,12,0
6933418,1,1,1,1,1,0,122,2,12,0
6933693,1,1,1,1,1,0,122,2,12,0
6933797,1,1,1,1,1,0,122,2,12,0
6934236,0,0,0,0,1,0,122,2,12,0
6935576,1,0,0,1,1,0,122,2,12,0
6935813,1,0,1,0,0,0,122,2,12,0
6935862,0,1,0,1,0,0,122,2,12,0
6936406,1,1,1,1,1,0,122,2,12,0
6937042,0,1,0,1,0,0,122,2,12,0
6937157,0,1,0,1,0,0,122,2,12,0
6937631,1,1,0,0,0,0,122,2,12,0
6937635,0,0,1,1,0,0,122,2,12,0
6937989,1,0,0,1,1,0,122,2,12,0
6938545,1,1,0,1,0,0,122,2,12,0
6939576,0,0,0,0,1,0,122,2,12,0
6939918,1,0,1,0,0,0,122,2,12,0
6939922,0,1,0,0,0,0,122,2,12,0
6940255,0,1,1,0,1,0,122,2,12,0
6940513,1,1,1,1,1,0,122,2,12,0
6941271,0,1,1,0,1,0,122,2,12,0
6941527,1,1,1,1,1,0,122,2,12,0
6941692,0,0,0,0,1,0,122,2,12,0
6941730,1,0,0,1,1,0,122,2,12,0
6941829,0,0,0,0,1,0,122,2,12,0
6941842,1,0,1,0,0,0,122,2,12,0
6942143,1,1,1,1,1,0,122,2,12,0
6942155,0,1,1,0,1,0,122,2,12,0
6942730,0,1,1,0,1,0,122,2,12,0
6942835,0,0,0,0,1,0,122,2,12,0
6943098,1,1,0,0,0,0,122,2,12,0
6943445,0,1,1,0,1,0,122,2,12,0
6945384,0,0,1,1,0,0,122,2,12,0
6945561,0,0,1,1,0,0,122,2,12,0
6945729,1,0,1,0,0,0,122,2,12,0
6946426,0,0,0,0,1,0,122,2,12,0
6947558,0,0,1,1,0,0,167,2,12,0
6947853,0,1,1,0,1,0,167,2,12,0
6947861,1,0,1,0,0,0,167,2,12,0
6948325,0,1,1,0,1,0,167,2,12,0
6948580,0,0,0,0,1,0,167,2,12,0
6949340,1,1,1,1,1,0,167,2,12,0
6949722,0,1,1,0,1,0,167,2,12,0
6949902,1,1,0,0,0,0,167,2,12,0
6950594,0,0,1,1,0,0,167,2,12,0
6950669,0,0,1,1,0,0,167,2,12,0
6951209,0,1,0,1,0,0,167,2,12,0
6951708,1,1,1,1,1,0,167,2,12,0
6952720,0,0,1,1,0,0,167,2,12,0
6953409,0,1,1,0,1,0,167,2,12,0
6953467,1,1,1,1,1,0,167,2,12,0
6954647,0,1,1,0,1,0,167,2,12,0
6954975,1,1,0,0,0,0,167,2,12,0
6955017,1,0,1,0,0,0,167,2,12,0
6955295,1,1,1,1,1,0,167,2,12,0
6955365,0,0,1,1,0,0,167,2,12,0
6955375,1,1,0,0,0,0,167,2,12,0
6956211,1,0,1,0,0,0,167,2,12,0
6956478,0,1,1,0,1,0,167,2,12,0
6956632,1,1,0,0,0,0,167,2,12,0
6957039,1,0,1,0,0,0,167,2,12,0
6957168,0,0,1,1,0,0,167,2,12,0
6957605,0,1,1,0,1,0,167,2,12,0
6958396,0,1,1,0,1,0,167,2,12,0
6958451,0,1,0,1,0,0,167,2,12,0
6959934,1,0,0,1,1,0,167,2,12,0
6960105,1,1,1,1,1,0,167,2,12,0
6961619,0,1,0,1,0,0,167,2,12,0
6961744,1,1,0,0,0,0,167,2,12,0
6962097,1,0,1,0,0,0,167,2,12,0
6962149,1,0,0,1,1,0,167,2,12,0
6962852,0,1,0,1,0,0,167,2,12,0
6963730,1,0,0,1,1,0,167,2,12,0
6963800,0,0,1,1,0,0,167,2,12,0
6963850,0,1,0,1,0,0,167,2,12,0
6964021,1,1,1,1,1,0,167,2,12,0
6964754,0,1,0,1,0,0,167,2,12,0
6965911,1,0,0,1,1,0,167,2,12,0
6966426,1,0,1,0,0,0,167,2,12,0
6966540,1,1,1,1,1,0,167,2,12,0
6966752,1,0,0,1,1,0,167,2,12,0
6967067,0,0,0,0,1,0,167,2,12,0
6968799,1,0,0,1,1,0,167,2,12,0
6969104,1,0,1,0,0,0,167,2,12,0
6969833,1,1,1,1,1,0,167,2,12,0
6970102,0,1,1,0,1,0,167,2,12,0
6970292,1,1,0,0,0,0,167,2,12,0
6970791,0,0,1,1,0,0,167,2,12,0
6971257,0,1,0,1,0,0,167,2,12,0
6972161,0,0,0,0,1,0,167,2,12,0
6972264,0,0,0,0,1,0,167,2,12,0
6972438,0,1,0,1,0,0,167,2,12,0
6973667,0,0,1,1,0,0,167,2,12,0
6973997,0,1,1,0,1,0,167,2,12,0
6974179,0,1,1,0,1,0,167,2,12,0
6976677,1,1,0,0,0,0,167,2,12,0
6977272,0,1,0,1,0,0,167,2,12,0
6977749,0,1,0,1,0,0,167,2,12,0
6978432,0,1,1,0,1,0,167,2,12,0
6979429,0,1,1,0,1,0,167,2,12,0
6979886,1,0,1,0,0,0,167,2,12,0
6980894,1,0,1,0,0,0,167,2,12,0
6980989,1,1,1,1,1,0,167,2,12,0
6981077,0,1,1,0,1,0,167,2,12,0
6981129,1,0,0,1,1,0,167,2,12,0
6981608,1,0,0,1,1,0,167,2,12,0
6982016,1,1,0,0,0,0,167,2,12,0
6982306,1,0,1,0,0,0,167,2,12,0
6982643,0,0,1,1,0,0,167,2,12,0
6982744,0,0,1,1,0,0,167,2,12,0
6982885,1,1,0,0,0,0,167,2,12,0
6983351,0,0,1,1,0,0,167,2,12,0
6984154,0,0,1,1,0,0,167,2,12,0
6985100,0,0,1,0,0,0,167,2,12,0
6985784,1,1,1,1,1,0,167,2,12,0
6986659,1,0,1,0,0,0,167,2,12,0
6986797,0,0,1,1,0,0,167,2,12,0
6987178,1,1,1,0,1,1,167,2,12,0
6987784,1,0,1,0,0,0,167,2,12,0
6987902,0,0,1,1,0,0,167,2,12,0
6988168,0,1,1,0,1,0,167,2,12,0
6988180,0,1,0,1,0,0,167,2,12,0
6988232,0,1,0,1,0,0,167,2,12,0
6989347,1,0,1,0,0,0,167,2,12,0
6989599,1,0,1,0,0,0,167,2,12,0
6989675,0,1,1,1,1,1,167,2,12,0
6990108,1,1,0,0,0,0,167,2,12,0
6990500,0,1,1,0,1,0,167,2,12,0
6990690,1,0,1,0,0,0,167,2,12,0
6991005,1,0,1,0,0,0,167,2,12,0
6991659,0,0,1,1,0,0,167,2,12,0
6992145,0,0,1,1,0,0,167,2,12,0
6993492,1,0,1,0,0,0,167,2,12,0
6994110,1,1,1,1,1,0,167,2,12,0
6994793,0,0,0,0,1,0,167,2,12,0
6995575,1,0,1,1,0,0,167,2,12,0
6995705,0,1,1,0,1,0,167,2,12,0
6997045,0,0,0,0,1,0,167,2,12,0
6997132,1,1,1,1,1,0,167,2,12,0
6997338,0,1,1,0,1,0,167,2,12,0
6997600,1,0,1,0,0,0,167,2,12,0
6998117,1,0,1,0,0,0,167,2,12,0
6998432,1,0,0,1,1,0,167,2,12,0
6998778,1,1,1,1,1,0,167,2,12,0
6999596,0,1,1,0,1,0,167,2,12,0
6999647,0,1,1,0,1,0,167,2,12,0
6999697,0,1,1,0,1,0,167,2,12,0
6999739,1,0,0,1,1,0,167,2,12,0
7000567,0,0,0,0,1,0,167,2,12,0
7000791,1,0,0,1,1,0,167,2,12,0
7001047,0,1,1,0,1,0,167,2,12,0
7001072,1,1,0,0,0,0,167,2,12,0
7001589,1,1,1,1,1,0,167,2,12,0
7001838,0,1,1,0,1,0,167,2,12,0
7002764,0,0,0,0,1,0,167,2,12,0
7003156,0,0,1,1,0,0,167,2,12,0
7003254,0,1,0,1,0,0,167,2,12,0
7003698,0,0,0,0,1,0,167,2,12,0
7003770,0,0,0,0,1,0,167,2,12,0
7003784,0,1,0,1,0,0,167,2,12,0
7005002,1,0,0,1,1,0,167,2,12,0
7005458,0,1,0,1,0,0,167,2,12,0
7006383,0,1,1,0,1,0,167,2,12,0
7006463,1,1,1,1,1,0,167,2,12,0
7006685,0,1,0,1,0,0,167,2,12,0
7007104,0,0,0,0,1,0,167,2,12,0
7008473,0,0,0,0,1,0,167,2,12,0
7008731,0,0,1,1,0,0,167,2,12,0
7009418,1,1,1,1,1,0,167,2,12,0
7010315,0,0,0,0,1,0,167,2,12,0
7010531,1,1,1,1,1,0,167,2,12,0
7011095,1,0,1,0,0,0,167,2,12,0
7011153,1,0,0,1,1,0,167,2,12,0
7011654,1,0,0,1,1,0,167,2,12,0
7011798,1,1,1,1,1,0,167,2,12,0
7013909,0,0,0,0,1,0,83,2,12,0
7014353,0,1,0,1,0,0,83,2,12,0
7014787,1,1,0,0,0,0,83,2,12,0
7015193,0,0,1,1,0,0,83,2,12,0
7016563,1,0,0,1,1,0,83,2,12,0
7017102,0,0,0,1,1,1,83,2,12,0
7017362,1,0,0,1,1,0,83,2,12,0
7018853,1,1,0,0,0,0,83,2,12,0
7020613,0,1,1,0,1,0,83,2,12,0
7020828,0,1,0,1,0,0,83,2,12,0
7022530,1,0,0,1,1,0,83,2,12,0
7022919,1,0,1,0,0,0,83,2,12,0
7023139,0,0,0,0,1,0,83,2,12,0
7023203,0,0,0,0,1,0,83,2,12,0
7025886,1,1,1,1,1,0,83,2,12,0
7025973,1,1,0,0,0,0,83,2,12,0
7026120,1,1,1,1,1,0,83,2,12,0
7026256,1,0,1,0,0,0,83,2,12,0
7027009,0,0,0,0,1,0,83,2,12,0
7028390,1,1,0,0,0,0,83,2,12,0
7030272,1,1,0,0,0,0,83,2,12,0
7030575,0,1,1,0,1,0,83,2,12,0
7031427,0,1,1,0,1,0,83,2,12,0
7032171,0,1,1,0,1,0,83,2,12,0
7032279,1,1,0,0,0,0,83,2,12,0
7032712,0,1,0,1,0,0,83,2,12,0
7032739,0,0,0,0,1,0,83,2,12,0
7032799,1,0,0,1,1,0,83,2,12,0
7034311,1,0,0,1,1,0,83,2,12,0
7035588,0,1,1,0,1,0,83,2,12,0
7037430,0,1,0,1,0,0,83,2,12,0
7037661,0,0,0,0,1,0,83,2,12,0
7038436,0,0,1,1,0,0,83,2,12,0
7038670,0,1,0,1,0,0,83,2,12,0
7038820,0,0,1,1,0,0,83,2,12,0
7038961,1,0,1,0,0,0,83,2,12,0
7039626,1,1,0,0,0,0,83,2,12,0
7039782,0,1,0,1,0,0,83,2,12,0
7041194,1,0,1,0,0,0,83,2,12,0
7041300,1,0,1,0,0,0,83,2,12,0
7041525,1,0,1,0,0,0,83,2,12,0
7041641,1,0,0,1,1,0,83,2,12,0
7043129,0,0,1,1,0,0,83,2,12,0
7045426,1,1,1,1,1,0,83,2,12,0
7045615,1,1,1,1,1,0,83,2,12,0
7046293,0,0,1,1,0,0,83,2,12,0
7047390,0,1,1,0,1,0,83,2,12,0
7047772,0,0,0,0,1,0,83,2,12,0
7048077,0,1,0,1,0,0,83,2,12,0
7049587,1,1,1,1,1,0,83,2,12,0
7049621,0,0,0,0,1,0,83,2,12,0
7050064,1,1,0,1,0,0,83,2,12,0
7050484,0,1,0,0,0,0,83,2,12,0
7051016,1,0,1,0,0,0,83,2,12,0
7052114,1,0,0,1,1,0,83,2,12,0
7052697,1,1,1,1,1,0,83,2,12,0
7052826,0,1,0,1,0,0,83,2,12,0
7055913,0,1,0,1,0,0,83,2,12,0
7058071,0,0,0,0,1,0,83,2,12,0
7060043,1,1,1,1,1,0,83,2,12,0
7061064,0,1,1,0,1,0,83,2,12,0
7061382,1,0,1,0,0,0,83,2,12,0
7061434,0,0,1,1,0,0,83,2,12,0
7063765,0,1,1,0,1,0,83,2,12,0
7064493,0,0,0,0,1,0,83,2,12,0
7064545,0,0,1,1,0,0,83,2,12,0
7065029,1,0,0,1,1,0,83,2,12,0
7065296,0,0,0,0,1,0,83,2,12,0
7066306,0,1,1,0,1,0,83,2,12,0
7067617,1,1,1,1,1,0,83,2,12,0
7067703,0,0,1,1,0,0,83,2,12,0
7068797,0,1,0,1,0,0,83,2,12,0
7069098,1,0,0,1,1,0,83,2,12,0
7069478,0,0,1,1,0,0,83,2,12,0
7071315,1,1,0,0,0,0,83,2,12,0
7071679,0,0,0,0,1,0,83,2,12,0
7073396,1,1,1,1,1,0,83,2,12,0
7074230,1,0,1,1,0,0,83,2,12,0
7078201,1,1,0,0,0,0,117,2,12,0
7078436,1,0,0,1,1,0,117,2,12,0
7078511,1,0,1,0,0,0,117,2,12,0
7079577,1,0,1,0,0,0,117,2,12,0
7079894,0,1,0,1,0,0,117,2,12,0
7080211,1,0,1,0,0,0,117,2,12,0
7080589,1,1,0,0,0,0,117,2,12,0
7080625,1,1,0,0,0,0,117,2,12,0
7080640,0,1,1,0,1,0,117,2,12,0
7080964,0,1,0,1,0,0,117,2,12,0
7082317,1,1,1,1,1,0,117,2,12,0
7082499,1,1,0,0,0,0,117,2,12,0
7082538,1,0,0,1,1,0,117,2,12,0
7082875,1,0,1,0,0,0,117,2,12,0
7083388,0,0,0,0,1,0,117,2,12,0
7084760,0,0,1,1,0,0,117,2,12,0
7084798,0,1,1,0,1,0,117,2,12,0
7085875,0,0,0,0,1,0,117,2,12,0
7086852,0,0,0,0,1,0,117,2,12,0
7086937,0,0,0,1,1,1,117,2,12,0
7087168,0,0,1,1,0,0,117,2,12,0
7087925,1,0,0,1,1,0,117,2,12,0
7088269,0,0,0,0,1,0,117,2,12,0
7088344,0,0,1,0,0,0,117,2,12,0
7088613,1,1,0,0,0,0,117,2,12,0
7088852,0,1,0,1,0,0,117,2,12,0
7089019,0,1,0,1,0,0,117,2,12,0
7089148,1,0,0,1,1,0,117,2,12,0
7089305,0,0,0,0,1,0,117,2,12,0
7089574,0,0,0,0,1,0,117,2,12,0
7089797,1,0,1,0,0,0,117,2,12,0
7091056,0,1,0,1,0,0,117,2,12,0
7091088,1,0,0,1,1,0,117,2,12,0
7091347,0,0,0,0,1,0,117,2,12,0
7092229,0,0,0,0,1,0,117,2,12,0
7092600,1,1,1,1,1,0,117,2,12,0
7092866,0,0,1,1,0,0,117,2,12,0
7093454,0,0,1,1,0,0,117,2,12,0
7094665,0,0,0,0,1,0,117,2,12,0
7095347,1,1,1,1,1,0,117,2,12,0
7095932,1,0,1,0,0,0,117,2,12,0
7097075,0,1,0,1,0,0,117,2,12,0
7097201,1,1,0,0,0,0,117,2,12,0
7097259,0,1,1,0,1,0,117,2,12,0
7098138,1,0,0,1,1,0,117,2,12,0
7099577,1,1,0,0,0,0,117,2,12,0
7100193,0,0,1,1,0,0,117,2,12,0
7100422,1,1,1,1,1,0,117,2,12,0
7101210,0,1,0,1,0,0,117,2,12,0
7102442,1,1,0,0,0,0,117,2,12,0
7102771,1,0,1,0,0,0,117,2,12,0
7104137,1,0,1,0,0,0,117,2,12,0
7104553,0,1,1,0,1,0,117,2,12,0
7104810,1,1,0,0,0,0,117,2,12,0
7105697,0,0,1,1,0,0,117,2,12,0
7106735,1,1,1,1,1,0,117,2,12,0
7106817,1,1,1,1,1,0,117,2,12,0
7106849,1,0,1,0,0,0,117,2,12,0
7108980,0,1,0,1,0,0,117,2,12,0
7109054,1,1,1,1,1,0,117,2,12,0
7109702,0,0,0,0,1,0,117,2,12,0
7110156,0,1,1,0,1,0,117,2,12,0
7110338,0,1,0,1,0,0,117,2,12,0
7110978,0,1,1,0,1,0,117,2,12,0
7111036,0,0,1,0,0,0,117,2,12,0
7111264,1,0,0,1,1,0,117,2,12,0
7111989,1,0,1,0,0,0,117,2,12,0
7113674,0,0,1,1,0,0,117,2,12,0
7114454,1,1,0,0,0,0,117,2,12,0
7114619,0,0,0,0,1,0,117,2,12,0
7115268,0,1,0,1,0,0,117,2,12,0
7116079,1,1,0,0,0,0,117,2,12,0
7116503,1,0,1,0,0,0,117,2,12,0
7117173,1,1,1,1,1,0,117,2,12,0
7117546,0,0,1,1,0,0,117,2,12,0
7118142,1,1,1,1,1,0,117,2,12,0
7118806,1,1,1,1,1,0,117,2,12,0
7119541,0,1,0,1,0,0,117,2,12,0
7119989,1,1,1,1,1,0,117,2,12,0
7121471,0,1,1,0,1,0,117,2,12,0
7121537,1,1,1,1,1,0,117,2,12,0
7122152,1,0,0,1,1,0,117,2,12,0
7123577,1,1,0,0,0,0,117,2,12,0
7124948,1,0,1,0,0,0,117,2,12,0
7127277,1,1,1,1,1,0,117,2,12,0
7127749,0,0,0,0,1,0,117,2,12,0
7128080,1,1,1,1,1,0,117,2,12,0
7128404,1,0,0,0,1,1,117,2,12,0
7128607,1,0,0,1,1,0,117,2,12,0
7128932,0,1,0,1,0,0,117,2,12,0
7129855,0,0,0,0,1,0,117,2,12,0
7130065,0,0,0,0,1,0,117,2,12,0
7130336,0,1,0,1,0,0,117,2,12,0
7131062,0,1,1,0,1,0,117,2,12,0
7131159,0,0,0,0,1,0,117,2,12,0
7131285,0,1,0,1,0,0,117,2,12,0
7131689,1,1,0,0,0,0,117,2,12,0
7131732,1,0,0,1,1,0,117,2,12,0
7132084,0,0,1,1,0,0,117,2,12,0
7133321,1,1,0,0,0,0,117,2,12,0
7133701,0,1,0,1,0,0,117,2,12,0
7134111,1,1,1,1,1,0,117,2,12,0
7134693,1,1,0,0,0,0,117,2,12,0
7135059,1,0,1,0,0,0,117,2,12,0
7135449,0,0,0,0,1,0,117,2,12,0
7136180,0,1,0,1,0,0,117,2,12,0
7137710,1,0,0,1,1,0,117,2,12,0
7137936,0,1,0,1,0,0,117,2,12,0
7138417,0,1,1,0,1,0,117,2,12,0
7139216,0,0,1,0,0,0,117,2,12,0
7139970,0,0,1,1,0,0,117,2,12,0
7140220,0,1,0,1,0,0,117,2,12,0
7141076,1,0,0,1,1,0,117,2,12,0
7141096,1,0,0,1,1,0,117,2,12,0
7141678,1,1,0,0,0,0,117,2,12,0
7141685,1,1,1,1,1,0,117,2,12,0
7142287,1,0,0,1,1,0,117,2,12,0
7142437,0,0,0,0,1,0,117,2,12,0
7144818,0,1,0,1,0,0,134,2,12,0
7144917,1,1,1,1,1,0,134,2,12,0
7145955,0,0,1,1,0,0,134,2,12,0
7146319,1,1,1,1,1,0,134,2,12,0
7147044,1,1,0,0,0,0,134,2,12,0
7147380,0,1,0,1,0,0,134,2,12,0
7147766,0,0,1,1,0,0,134,2,12,0
7148217,1,0,1,0,0,0,134,2,12,0
7148514,0,1,0,1,0,0,134,2,12,0
7148859,0,1,1,0,1,0,134,2,12,0
7149403,0,1,0,1,0,0,134,2,12,0
7150025,0,0,1,1,0,0,134,2,12,0
7150256,1,0,1,0,0,0,134,2,12,0
7150585,0,0,0,0,1,0,134,2,12,0
7150859,1,0,1,0,0,0,134,2,12,0
7154639,0,0,0,0,1,0,134,2,12,0
7154734,1,1,1,1,1,0,134,2,12,0
7155163,1,0,1,0,0,0,134,2,12,0
7155347,0,1,0,1,0,0,134,2,12,0
7155469,0,1,1,0,1,0,134,2,12,0
7156151,1,0,1,0,0,0,134,2,12,0
7156280,0,0,1,1,0,0,134,2,12,0
7156962,1,1,0,0,0,0,134,2,12,0
7157859,0,1,1,0,1,0,134,2,12,0
7158068,1,0,0,1,1,0,134,2,12,0
7158229,0,0,0,0,1,0,134,2,12,0
7158480,0,0,1,1,0,0,134,2,12,0
7158621,0,1,0,1,0,0,134,2,12,0
7159522,1,0,1,0,0,0,134,2,12,0
7159906,1,1,0,0,0,0,134,2,12,0
7160548,1,1,1,1,1,0,134,2,12,0
7160791,0,0,1,1,0,0,134,2,12,0
7161350,0,0,1,1,0,0,134,2,12,0
7161465,1,0,1,0,0,0,134,2,12,0
7162833,0,0,1,0,0,0,134,2,12,0
7162915,0,1,0,1,0,0,134,2,12,0
7163034,1,0,0,0,1,1,134,2,12,0
7163287,0,0,1,1,0,0,134,2,12,0
7163350,0,0,0,0,1,0,134,2,12,0
7163391,1,1,1,0,1,1,134,2,12,0
7164710,1,0,1,0,0,0,134,2,12,0
7165157,0,0,1,1,0,0,134,2,12,0
7165290,1,1,0,0,0,0,134,2,12,0
7165687,0,0,1,1,0,0,134,2,12,0
7165713,0,1,1,0,1,0,134,2,12,0
7166915,1,1,1,1,1,0,134,2,12,0
7167461,0,0,0,0,1,0,134,2,12,0
7167588,0,0,1,1,0,0,134,2,12,0
7167695,1,0,0,1,1,0,134,2,12,0
7167702,0,0,1,1,0,0,134,2,12,0
7169541,1,1,0,0,0,0,134,2,12,0
7170677,1,0,1,0,0,0,134,2,12,0
7170777,0,1,1,0,1,0,134,2,12,0
7170778,0,0,1,1,0,0,134,2,12,0
7171932,1,0,0,1,1,0,134,2,12,0
7171954,1,1,1,1,1,0,134,2,12,0
7171987,1,1,1,1,1,0,134,2,12,0
7172029,0,0,0,0,1,0,134,2,12,0
7172898,0,0,1,1,0,0,134,2,12,0
7173917,0,1,1,0,1,0,134,2,12,0
7174086,1,0,0,1,1,0,134,2,12,0
7175536,1,1,0,0,0,0,134,2,12,0
7175800,1,0,0,1,1,0,134,2,12,0
7175970,1,0,0,1,1,0,134,2,12,0
7177097,0,0,1,1,0,0,134,2,12,0
7177194,1,1,1,1,1,0,134,2,12,0
7177628,1,0,0,1,1,0,134,2,12,0
7178361,0,1,1,0,1,0,134,2,12,0
7178592,0,0,1,1,0,0,134,2,12,0
7178960,1,0,0,1,1,0,134,2,12,0
7180275,1,0,0,1,1,0,134,2,12,0
7180971,0,0,0,0,1,0,134,2,12,0
7180978,0,0,0,1,1,1,134,2,12,0
7181683,1,1,1,1,1,0,134,2,12,0
7181806,1,1,1,1,1,0,134,2,12,0
7181817,1,0,1,0,0,0,134,2,12,0
7181819,0,0,1,1,0,0,134,2,12,0
7182232,1,1,1,1,1,0,134,2,12,0
7183004,0,1,1,0,1,0,134,2,12,0
7183116,0,1,0,1,0,0,134,2,12,0
7183194,1,0,1,0,0,0,134,2,12,0
7183835,1,1,0,1,0,0,134,2,12,0
7184279,0,1,0,1,0,0,134,2,12,0
7184348,0,0,0,1,1,1,134,2,12,0
7185201,1,0,0,1,1,0,134,2,12,0
7186416,1,0,1,0,0,0,134,2,12,0
7186899,1,0,0,1,1,0,134,2,12,0
7186998,0,1,1,0,1,0,134,2,12,0
7187552,0,1,0,1,0,0,134,2,12,0
7188759,0,1,1,0,1,0,134,2,12,0
7189111,0,0,0,0,1,0,134,2,12,0
7189145,1,1,1,1,1,0,134,2,12,0
7189163,1,0,0,1,1,0,134,2,12,0
7189509,1,1,1,1,1,0,134,2,12,0
7189819,1,0,1,0,0,0,134,2,12,0
7190244,1,1,1,0,1,1,134,2,12,0
7190549,1,1,0,0,0,0,134,2,12,0
7192009,1,0,1,0,0,0,134,2,12,0
7192093,0,0,0,0,1,0,134,2,12,0
7193788,1,0,1,0,0,0,134,2,12,0
7194252,1,1,0,0,0,0,134,2,12,0
7194694,1,1,0,0,0,0,134,2,12,0
7194726,1,1,1,1,1,0,134,2,12,0
7195848,0,0,0,0,1,0,134,2,12,0
7196249,1,1,0,0,0,0,134,2,12,0
7197681,0,0,1,1,0,0,134,2,12,0
7198753,1,1,1,0,1,1,134,2,12,0
7199013,0,1,1,0,1,0,134,2,12,0
7199370,0,1,1,0,1,0,134,2,12,0
7200089,0,0,0,0,1,0,134,2,12,0
7200341,1,0,0,1,1,0,134,2,12,0
7201625,0,0,1,1,0,0,134,2,12,0
7202203,1,0,1,0,0,0,134,2,12,0
7202421,0,0,1,1,0,0,134,2,12,0
7202685,1,0,0,1,1,0,134,2,12,0
7202902,1,1,0,0,0,0,134,2,12,0
7202989,0,1,0,1,0,0,134,2,12,0
7203800,0,1,0,0,0,0,134,2,12,0
7203956,1,1,1,1,1,0,134,2,12,0
7204705,1,1,1,1,1,0,134,2,12,0
7204738,0,1,0,1,0,0,134,2,12,0
7204923,1,1,1,1,1,0,134,2,12,0
7205139,1,0,0,1,1,0,134,2,12,0
7205207,0,1,0,1,0,0,134,2,12,0
7205438,1,0,1,0,0,0,134,2,12,0
7205690,0,0,1,1,0,0,134,2,12,0
7207516,1,0,1,0,0,0,134,2,12,0
7207974,0,1,1,0,1,0,134,2,12,0
7208267,1,0,0,1,1,0,134,2,12,0
7209404,1,1,0,0,0,0,96,2,12,0
7211276,0,1,1,0,1,0,96,2,12,0
7212209,0,1,0,1,0,0,96,2,12,0
7212471,1,0,1,0,0,0,96,2,12,0
7213165,1,0,0,1,1,0,96,2,12,0
7214161,1,1,0,0,0,0,96,2,12,0
7214263,1,0,0,1,1,0,96,2,12,0
7214650,1,0,1,0,0,0,96,2,12,0
7214894,0,1,0,1,0,0,96,2,12,0
7215223,0,1,0,1,0,0,96,2,12,0
7215526,0,1,0,1,0,0,96,2,12,0
7215987,1,0,0,1,1,0,96,2,12,0
7216206,1,1,0,0,0,0,96,2,12,0
7217130,0,1,1,0,1,0,96,2,12,0
7217533,0,1,0,1,0,0,96,2,12,0
7217689,1,1,0,0,0,0,96,2,12,0
7218297,0,0,0,0,1,0,96,2,12,0
7218865,1,0,0,1,1,0,96,2,12,0
7220878,0,1,1,0,1,0,96,2,12,0
7221421,1,1,1,1,1,0,96,2,12,0
7222310,0,1,0,1,0,0,96,2,12,0
7222779,0,0,0,0,1,0,96,2,12,0
7223501,0,1,0,1,0,0,96,2,12,0
7224231,0,0,1,1,0,0,96,2,12,0
7224363,0,1,1,0,1,0,96,2,12,0
7224508,1,1,0,0,0,0,96,2,12,0
7225406,0,1,0,1,0,0,96,2,12,0
7225456,0,0,1,1,0,0,96,2,12,0
7226239,0,1,0,1,0,0,96,2,12,0
7226375,0,1,0,1,0,0,96,2,12,0
7226512,0,0,0,0,1,0,96,2,12,0
7228000,1,1,0,0,0,0,96,2,12,0
7229601,0,0,1,1,0,0,96,2,12,0
7229998,1,0,1,0,0,0,96,2,12,0
7231162,1,0,1,0,0,0,96,2,12,0
7232079,1,1,1,1,1,0,96,2,12,0
7232161,1,0,0,1,1,0,96,2,12,0
7232686,0,1,0,1,0,0,96,2,12,0
7232703,1,1,1,1,1,0,96,2,12,0
7232931,1,1,0,0,0,0,96,2,12,0
7233246,1,1,1,1,1,0,96,2,12,0
7234088,1,0,1,0,0,0,96,2,12,0
7234188,0,0,0,0,1,0,96,2,12,0
7234471,0,0,1,1,0,0,96,2,12,0
7235264,1,1,1,1,1,0,96,2,12,0
7236284,1,0,1,1,0,0,96,2,12,0
7236430,0,1,0,1,0,0,96,2,12,0
7238540,1,1,0,0,0,0,96,2,12,0
7239278,0,0,1,1,0,0,96,2,12,0
7240376,0,0,1,1,0,0,96,2,12,0
7240550,0,1,0,1,0,0,96,2,12,0
7241798,0,0,0,0,1,0,96,2,12,0
7242936,0,0,0,0,1,0,96,2,12,0
7242943,0,1,0,1,0,0,96,2,12,0
7243178,0,1,1,0,1,0,96,2,12,0
7244068,0,1,1,0,1,0,96,2,12,0
7244312,0,0,1,1,0,0,96,2,12,0
7244450,0,1,0,1,0,0,96,2,12,0
7244573,0,1,1,0,1,0,96,2,12,0
7244921,0,0,1,1,0,0,96,2,12,0
7245622,0,1,0,1,0,0,96,2,12,0
7246089,1,1,1,1,1,0,96,2,12,0
7246845,0,1,1,0,1,0,96,2,12,0
7247930,1,0,0,1,1,0,96,2,12,0
7248206,0,0,1,1,0,0,96,2,12,0
7249298,0,1,1,0,1,0,96,2,12,0
7253883,0,0,1,1,0,0,96,2,12,0
7254943,0,0,1,1,0,0,96,2,12,0
7255529,0,0,0,0,1,0,96,2,12,0
7256279,1,1,1,1,1,0,96,2,12,0
7257082,0,0,1,1,0,0,96,2,12,0
7257198,0,0,1,1,0,0,96,2,12,0
7259971,0,1,0,1,0,0,96,2,12,0
7260304,1,1,0,0,0,0,96,2,12,0
7261210,1,1,1,1,1,0,96,2,12,0
7262428,1,0,1,0,0,0,96,2,12,0
7262549,1,0,0,0,1,1,96,2,12,0
7263000,1,0,1,0,0,0,96,2,12,0
7263322,1,1,0,0,0,0,96,2,12,0
7263721,1,1,0,0,0,0,96,2,12,0
7264897,0,0,0,0,1,0,96,2,12,0
7266062,0,1,0,1,0,0,96,2,12,0
7266537,0,0,1,1,0,0,96,2,12,0
7267112,0,0,0,0,1,0,96,2,12,0
7269410,1,0,1,0,0,0,96,2,12,0
7273381,1,1,1,1,1,0,96,2,12,0
7273852,0,1,1,0,1,0,96,2,12,0
7273934,0,0,1,1,0,0,96,2,12,0
7274219,1,1,0,0,0,0,96,2,12,0
7274981,1,0,1,0,0,0,133,2,12,0
7275437,0,1,0,1,0,0,133,2,12,0
7275982,1,0,1,0,0,0,133,2,12,0
7277631,1,1,1,1,1,0,133,2,12,0
7280238,1,1,0,0,0,0,133,2,12,0
7280554,0,1,0,1,0,0,133,2,12,0
7280685,1,1,1,1,1,0,133,2,12,0
7281016,1,0,0,1,1,0,133,2,12,0
7281252,1,0,1,0,0,0,133,2,12,0
7283867,0,0,1,1,0,0,133,2,12,0
7284522,0,1,0,1,0,0,133,2,12,0
7285209,0,1,0,1,0,0,133,2,12,0
7287051,0,1,0,1,0,0,133,2,12,0
7287792,1,0,0,1,1,0,133,2,12,0
7288470,0,0,0,0,1,0,133,2,12,0
7288778,0,1,1,0,1,0,133,2,12,0
7288972,0,0,0,1,1,1,133,2,12,0
7289435,1,0,0,1,1,0,133,2,12,0
7289543,1,0,1,0,0,0,133,2,12,0
7289557,0,1,1,0,1,0,133,2,12,0
7290391,0,1,1,0,1,0,133,2,12,0
7290394,0,0,0,0,1,0,133,2,12,0
7290494,1,1,1,1,1,0,133,2,12,0
7291802,1,1,0,0,0,0,133,2,12,0
7292104,0,1,1,0,1,0,133,2,12,0
7292260,0,0,1,1,0,0,133,2,12,0
7292291,0,1,1,0,1,0,133,2,12,0
7293034,1,0,0,1,1,0,133,2,12,0
7293128,1,0,1,0,0,0,133,2,12,0
7293634,0,0,1,1,0,0,133,2,12,0
7293886,1,0,1,0,0,0,133,2,12,0
7294248,1,0,0,1,1,0,133,2,12,0
7294427,1,0,0,1,1,0,133,2,12,0
7295106,1,0,0,1,1,0,133,2,12,0
7295250,1,1,0,0,0,0,133,2,12,0
7296928,0,0,1,1,0,0,133,2,12,0
7297863,0,0,1,1,0,0,133,2,12,0
7298400,1,0,0,1,1,0,133,2,12,0
7300045,0,1,0,1,0,0,133,2,12,0
7300375,1,0,0,1,1,0,133,2,12,0
7301002,0,0,0,0,1,0,133,2,12,0
7301173,1,0,1,0,0,0,133,2,12,0
7301490,0,0,0,0,1,0,133,2,12,0
7301604,1,0,0,1,1,0,133,2,12,0
7301937,0,0,1,1,0,0,133,2,12,0
7303011,1,0,1,0,0,0,133,2,12,0
7303468,1,1,0,0,0,0,133,2,12,0
7303928,1,0,0,1,1,0,133,2,12,0
7304321,0,0,0,0,1,0,133,2,12,0
7305003,1,0,1,0,0,0,133,2,12,0
7305724,0,1,1,0,1,0,133,2,12,0
7306505,0,0,0,0,1,0,133,2,12,0
7306600,0,0,0,0,1,0,133,2,12,0
7306950,1,0,0,1,1,0,133,2,12,0
7307211,0,1,0,1,0,0,133,2,12,0
7307240,1,1,1,0,1,1,133,2,12,0
7307830,1,1,0,0,0,0,133,2,12,0
7308682,1,0,0,1,1,0,133,2,12,0
7309472,1,1,1,1,1,0,133,2,12,0
7309607,1,1,1,1,1,0,133,2,12,0
7310077,1,1,1,1,1,0,133,2,12,0
7310316,0,1,1,0,1,0,133,2,12,0
7310361,0,1,0,1,0,0,133,2,12,0
7310814,0,1,1,0,1,0,133,2,12,0
7310902,0,1,0,1,0,0,133,2,12,0
7312294,0,0,0,0,1,0,133,2,12,0
7312849,1,0,0,1,1,0,133,2,12,0
7313504,0,0,1,0,0,0,133,2,12,0
7314419,0,1,0,1,0,0,133,2,12,0
7314660,0,1,1,0,1,0,133,2,12,0
7317087,1,1,1,1,1,0,133,2,12,0
7317150,0,1,1,0,1,0,133,2,12,0
7317416,0,0,1,1,0,0,133,2,12,0
7317883,0,0,0,0,1,0,133,2,12,0
7318105,1,1,0,0,0,0,133,2,12,0
7319161,1,0,0,1,1,0,133,2,12,0
7319369,1,1,1,1,1,0,133,2,12,0
7319907,0,1,1,0,1,0,133,2,12,0
7320522,0,1,1,0,1,0,133,2,12,0
7320858,1,0,1,0,0,0,133,2,12,0
7321203,1,1,1,1,1,0,133,2,12,0
7321796,1,0,1,0,0,0,133,2,12,0
7323115,1,0,0,1,1,0,133,2,12,0
7323925,1,1,0,0,0,0,133,2,12,0
7324412,0,0,1,1,0,0,133,2,12,0
7324551,0,0,1,1,0,0,133,2,12,0
7324675,1,1,0,0,0,0,133,2,12,0
7324810,1,1,1,1,1,0,133,2,12,0
7325938,0,1,0,1,0,0,133,2,12,0
7325943,0,0,0,0,1,0,133,2,12,0
7326441,1,0,0,1,1,0,133,2,12,0
7326540,1,1,0,0,0,0,133,2,12,0
7326897,0,0,1,1,0,0,133,2,12,0
7327296,1,1,1,1,1,0,133,2,12,0
7328087,1,0,0,1,1,0,133,2,12,0
7329810,1,1,1,1,1,0,133,2,12,0
7330759,0,0,0,0,1,0,133,2,12,0
7330769,0,0,1,1,0,0,133,2,12,0
7330940,1,1,1,1,1,0,133,2,12,0
7331312,1,1,1,1,1,0,133,2,12,0
7332633,0,0,0,0,1,0,133,2,12,0
7332796,1,1,1,0,1,1,133,2,12,0
7332847,0,0,1,1,0,0,133,2,12,0
7333091,1,0,0,1,1,0,133,2,12,0
7333095,1,0,1,0,0,0,133,2,12,0
7333604,1,0,1,0,0,0,133,2,12,0
7334161,1,1,0,0,0,0,133,2,12,0
7334235,0,0,1,1,0,0,133,2,12,0
7334515,0,1,0,1,0,0,133,2,12,0
7334673,1,0,0,0,1,1,133,2,12,0
7334806,1,0,1,0,0,0,133,2,12,0
7334968,0,1,1,0,1,0,133,2,12,0
7335147,1,0,1,0,0,0,133,2,12,0
7335438,1,1,0,0,0,0,133,2,12,0
7335594,0,0,1,1,0,0,133,2,12,0
7336250,0,0,1,1,0,0,133,2,12,0
7337963,0,0,0,0,1,0,133,2,12,0
7338128,0,0,1,1,0,0,133,2,12,0
7338156,0,0,0,0,1,0,133,2,12,0
7338357,1,0,0,1,1,0,133,2,12,0
7338660,1,1,0,0,0,0,133,2,12,0
7339376,0,1,0,1,0,0,133,2,12,0
7339852,0,1,0,1,0,0,133,2,12,0
7340284,0,1,0,0,0,0,131,2,12,0
7341171,1,0,1,0,0,0,131,2,12,0
7341337,1,0,1,0,0,0,131,2,12,0
7342741,0,1,0,1,0,0,131,2,12,0
7342909,0,0,0,0,1,0,131,2,12,0
7343428,0,1,1,0,1,0,131,2,12,0
7343477,0,0,0,0,1,0,131,2,12,0
7343694,1,1,1,1,1,0,131,2,12,0
7343765,0,0,0,0,1,0,131,2,12,0
7344745,1,0,1,0,0,0,131,2,12,0
7346888,1,1,0,0,0,0,131,2,12,0
7347034,0,0,0,0,1,0,131,2,12,0
7347464,0,0,0,0,1,0,131,2,12,0
7347693,1,1,0,0,0,0,131,2,12,0
7347959,0,1,0,1,0,0,131,2,12,0
7348515,1,0,1,0,0,0,131,2,12,0
7348920,0,1,0,0,0,0,131,2,12,0
7349070,1,0,0,1,1,0,131,2,12,0
7349691,1,1,1,1,1,0,131,2,12,0
7350515,1,1,0,0,0,0,131,2,12,0
7351254,0,1,0,1,0,0,131,2,12,0
7351607,0,0,1,1,0,0,131,2,12,0
7351783,1,0,1,0,0,0,131,2,12,0
7352722,0,0,1,1,0,0,131,2,12,0
7353268,1,1,0,0,0,0,131,2,12,0
7353690,1,1,1,1,1,0,131,2,12,0
7354259,0,0,0,0,1,0,131,2,12,0
7354713,1,0,0,1,1,0,131,2,12,0
7355569,1,0,1,0,0,0,131,2,12,0
7356358,1,0,1,0,0,0,131,2,12,0
7356892,1,1,1,1,1,0,131,2,12,0
7357045,0,1,1,0,1,0,131,2,12,0
7357089,1,0,1,0,0,0,131,2,12,0
7357700,1,0,0,1,1,0,131,2,12,0
7358096,1,1,1,0,1,1,131,2,12,0
7360319,1,0,0,1,1,0,131,2,12,0
7360669,1,0,1,0,0,0,131,2,12,0
7361413,1,1,0,0,0,0,131,2,12,0
7362186,0,1,1,0,1,0,131,2,12,0
7362633,0,0,1,1,0,0,131,2,12,0
7362651,1,0,1,0,0,0,131,2,12,0
7362897,1,0,1,0,0,0,131,2,12,0
7365798,1,0,0,1,1,0,131,2,12,0
7365945,1,1,1,1,1,0,131,2,12,0
7366354,0,1,1,0,1,0,131,2,12,0
7366665,1,0,0,1,1,0,131,2,12,0
7367366,1,1,1,1,1,0,131,2,12,0
7367748,1,1,1,0,1,1,131,2,12,0
7368462,0,0,1,1,0,0,131,2,12,0
7368708,1,1,0,0,0,0,131,2,12,0
7368831,1,0,0,1,1,0,131,2,12,0
7368844,1,0,0,1,1,0,131,2,12,0
7369792,0,1,1,0,1,0,131,2,12,0
7370516,0,1,1,0,1,0,131,2,12,0
7371426,1,0,1,0,0,0,131,2,12,0
7373584,0,0,0,0,1,0,131,2,12,0
7373629,1,1,0,0,0,0,131,2,12,0
7374373,0,1,1,0,1,0,131,2,12,0
7374486,0,0,0,0,1,0,131,2,12,0
7374497,1,0,1,0,0,0,131,2,12,0
7374523,0,1,0,1,0,0,131,2,12,0
7377488,1,0,0,1,1,0,131,2,12,0
7377880,1,1,1,1,1,0,131,2,12,0
7378870,1,0,1,0,0,0,131,2,12,0
7378962,0,0,0,0,1,0,131,2,12,0
7380340,1,0,1,0,0,0,131,2,12,0
7380939,1,1,1,1,1,0,131,2,12,0
7381036,0,1,0,1,0,0,131,2,12,0
7381118,1,0,1,0,0,0,131,2,12,0
7381868,1,1,1,1,1,0,131,2,12,0
7382099,0,1,1,0,1,0,131,2,12,0
7382101,1,1,0,0,0,0,131,2,12,0
7382617,1,0,1,0,0,0,131,2,12,0
7383206,1,0,0,1,1,0,131,2,12,0
7383804,0,0,1,1,0,0,131,2,12,0
7384317,0,1,1,0,1,0,131,2,12,0
7387548,0,0,0,0,1,0,131,2,12,0
7387987,1,1,1,1,1,0,131,2,12,0
7388212,1,1,0,0,0,0,131,2,12,0
7388777,1,1,0,0,0,0,131,2,12,0
7388794,0,0,1,1,0,0,131,2,12,0
7389210,0,0,0,0,1,0,131,2,12,0
7389299,1,1,0,0,0,0,131,2,12,0
7390300,0,1,0,1,0,0,131,2,12,0
7391141,1,1,0,0,0,0,131,2,12,0
7391237,0,1,1,0,1,0,131,2,12,0
7391586,1,1,1,1,1,0,131,2,12,0
7392450,1,1,0,0,0,0,131,2,12,0
7394798,1,1,1,1,1,0,131,2,12,0
7396013,1,1,0,0,0,0,131,2,12,0
7396055,1,0,0,1,1,0,131,2,12,0
7396504,0,0,0,0,1,0,131,2,12,0
7396563,0,1,1,0,1,0,131,2,12,0
7397163,0,1,0,1,0,0,131,2,12,0
7397585,1,1,0,0,0,0,131,2,12,0
7397669,1,1,1,1,1,0,131,2,12,0
7397862,1,1,1,1,1,0,131,2,12,0
7398630,1,1,1,0,1,1,131,2,12,0
7398923,1,0,1,0,0,0,131,2,12,0
7399040,0,0,1,1,0,0,131,2,12,0
7399092,0,1,1,0,1,0,131,2,12,0
7399125,1,1,0,0,0,0,131,2,12,0
7399290,0,0,1,1,0,0,131,2,12,0
7399438,0,0,0,0,1,0,131,2,12,0
7400107,1,0,1,0,0,0,131,2,12,0
7400408,0,0,0,0,1,0,131,2,12,0
7401275,0,1,0,1,0,0,131,2,12,0
7401502,0,1,1,0,1,0,131,2,12,0
7402140,1,0,0,1,1,0,131,2,12,0
7402297,0,0,0,0,1,0,131,2,12,0
7402380,0,1,1,0,1,0,131,2,12,0
7402780,0,1,1,0,1,0,131,2,12,0
7403233,0,0,1,1,0,0,131,2,12,0
7403862,1,1,1,1,1,0,131,2,12,0
7404142,1,0,1,0,0,0,131,2,12,0
7404849,0,0,0,0,1,0,131,2,12,0
7404889,1,0,1,0,0,0,131,2,12,0
7405964,0,0,1,0,0,0,129,2,12,1
7409121,0,0,1,1,0,0,129,2,12,1
7409203,0,1,0,1,0,0,129,2,12,1
7412678,1,0,0,1,1,0,129,2,12,1
7413412,0,1,0,1,0,0,129,2,12,1
7413722,1,1,0,0,0,0,129,2,12,1
7414246,1,1,0,0,0,0,129,2,12,1
7414743,1,0,1,0,0,0,129,2,12,1
7419100,0,0,1,1,0,0,129,2,12,1
7421613,1,0,1,0,0,0,129,2,12,1
7423079,1,0,1,0,0,0,129,2,12,1
7425366,1,1,1,1,1,0,129,2,12,1
7425730,0,0,1,1,0,0,129,2,12,1
7425788,0,0,1,1,0,0,129,2,12,1
7426129,0,1,0,1,0,0,129,2,12,1
7426253,0,1,0,1,0,0,129,2,12,1
7427650,0,1,0,1,0,0,129,2,12,1
7428205,0,0,0,0,1,0,129,2,12,1
7429392,1,1,0,0,0,0,129,2,12,1
7429526,0,1,0,1,0,0,129,2,12,1
7430534,1,1,0,0,0,0,129,2,12,1
7431570,1,0,0,1,1,0,129,2,12,1
7433367,0,0,1,1,0,0,129,2,12,1
7434037,0,0,1,1,0,0,129,2,12,1
7434217,1,0,0,1,1,0,129,2,12,1
7434694,1,0,1,0,0,0,129,2,12,1
7435666,1,1,0,0,0,0,129,2,12,1
7436217,1,0,1,0,0,0,129,2,12,1
7436220,0,1,0,1,0,0,129,2,12,1
7436356,0,1,0,1,0,0,129,2,12,1
7437724,1,0,0,1,1,0,129,2,12,1
7438585,1,0,1,0,0,0,129,2,12,1
7438978,1,0,0,1,1,0,129,2,12,1
7440021,1,0,1,0,0,0,129,2,12,1
7440079,0,1,0,1,0,0,129,2,12,1
7441120,0,1,0,1,0,0,129,2,12,1
7441214,0,1,0,1,0,0,129,2,12,1
7442648,0,0,0,1,1,1,129,2,12,1
7442998,0,0,0,0,1,0,129,2,12,1
7443347,0,1,0,1,0,0,129,2,12,1
7443866,0,0,0,0,1,0,129,2,12,1
7444091,0,0,1,1,0,0,129,2,12,1
7446006,0,1,0,1,0,0,129,2,12,1
7446288,1,0,1,0,0,0,129,2,12,1
7447839,0,1,0,1,0,0,129,2,12,1
7448363,0,1,0,1,0,0,129,2,12,1
7448900,0,0,0,0,1,0,129,2,12,1
7451748,0,1,1,0,1,0,129,2,12,1
7451866,0,1,1,0,1,0,129,2,12,1
7453179,1,1,1,1,1,0,129,2,12,1
7453414,1,1,1,1,1,0,129,2,12,1
7453441,1,0,0,1,1,0,129,2,12,1
7457030,1,0,1,0,0,0,129,2,12,1
7457079,1,0,0,1,1,0,129,2,12,1
7458819,1,0,1,0,0,0,129,2,12,1
7458845,0,0,0,0,1,0,129,2,12,1
7459888,1,1,0,0,0,0,129,2,12,1
7460005,1,0,1,0,0,0,129,2,12,1
7460533,0,1,0,0,0,0,129,2,12,1
7460781,1,1,0,0,0,0,129,2,12,1
7460968,1,0,1,0,0,0,129,2,12,1
7461429,0,1,0,1,0,0,129,2,12,1
7461609,0,0,1,1,0,0,129,2,12,1
7463012,1,1,1,1,1,0,129,2,12,1
7463871,1,1,0,0,0,0,129,2,12,1
7466041,0,0,1,1,0,0,129,2,12,1
7466168,0,0,1,1,0,0,129,2,12,1
7467464,0,0,1,1,0,0,129,2,12,1
7469303,0,0,0,0,1,0,129,2,12,1
7469775,0,0,1,1,0,0,129,2,12,1
7470734,0,0,0,0,1,0,129,2,12,1
7470782,1,0,1,0,0,0,129,2,12,1
7471331,1,1,1,1,1,0,142,2,12,1
7471949,0,1,1,0,1,0,142,2,12,1
7472023,0,1,0,1,0,0,142,2,12,1
7472387,0,0,0,0,1,0,142,2,12,1
7472503,0,0,0,0,1,0,142,2,12,1
7472762,1,1,1,1,1,0,142,2,12,1
7473911,1,0,0,1,1,0,142,2,12,1
7476688,1,1,0,1,0,0,142,2,12,1
7477025,1,0,1,0,0,0,142,2,12,1
7477277,0,0,0,0,1,0,142,2,12,1
7477965,0,0,1,1,0,0,142,2,12,1
7477993,0,0,0,0,1,0,142,2,12,1
7479033,1,1,1,1,1,0,142,2,12,1
7479992,1,1,0,0,0,0,142,2,12,1
7481108,0,0,0,0,1,0,142,2,12,1
7481842,1,1,0,0,0,0,142,2,12,1
7482054,0,1,1,0,1,0,142,2,12,1
7485048,0,0,0,0,1,0,142,2,12,1
7485902,0,0,0,0,1,0,142,2,12,1
7485970,1,0,1,0,0,0,142,2,12,1
7486558,0,1,0,1,0,0,142,2,12,1
7490333,1,1,0,0,0,0,142,2,12,1
7491100,1,0,1,0,0,0,142,2,12,1
7492939,0,1,1,0,1,0,142,2,12,1
7493380,0,0,0,0,1,0,142,2,12,1
7493636,1,0,0,1,1,0,142,2,12,1
7497470,1,1,1,1,1,0,142,2,12,1
7498018,1,1,1,1,1,0,142,2,12,1
7500713,0,1,0,1,0,0,142,2,12,1
7501170,1,1,1,1,1,0,142,2,12,1
7502342,0,1,0,1,0,0,142,2,12,1
7505277,1,1,1,1,1,0,142,2,12,1
7506218,1,1,1,1,1,0,142,2,12,1
7506684,0,0,0,0,1,0,142,2,12,1
7507408,1,1,1,1,1,0,142,2,12,1
7508775,0,1,0,1,0,0,142,2,12,1
7508779,0,1,0,1,0,0,142,2,12,1
7511336,1,1,0,0,0,0,142,2,12,1
7511854,0,1,0,1,0,0,142,2,12,1
7511931,0,1,1,0,1,0,142,2,12,1
7512084,1,1,1,1,1,0,142,2,12,1
7512457,1,1,0,0,0,0,142,2,12,1
7513117,0,1,1,0,1,0,142,2,12,1
7513763,1,0,0,1,1,0,142,2,12,1
7513909,0,0,1,1,0,0,142,2,12,1
7514017,0,0,0,0,1,0,142,2,12,1
7515326,1,0,1,0,0,0,142,2,12,1
7516137,1,1,0,1,0,0,142,2,12,1
7516878,1,1,0,0,0,0,142,2,12,1
7517837,1,0,1,0,0,0,142,2,12,1
7519022,1,0,1,0,0,0,142,2,12,1
7519344,0,0,0,0,1,0,142,2,12,1
7519604,1,0,1,0,0,0,142,2,12,1
7519966,1,0,1,0,0,0,142,2,12,1
7520648,0,1,0,1,0,0,142,2,12,1
7520987,1,0,1,0,0,0,142,2,12,1
7521415,0,0,1,1,0,0,142,2,12,1
7525245,0,1,0,1,0,0,142,2,12,1
7525358,1,1,0,0,0,0,142,2,12,1
7526475,1,0,0,1,1,0,142,2,12,1
7527774,1,1,0,0,0,0,142,2,12,1
7527821,1,0,1,0,0,0,142,2,12,1
7528331,0,0,1,1,0,0,142,2,12,1
7528534,1,1,0,0,0,0,142,2,12,1
7529031,1,1,1,1,1,0,142,2,12,1
7529837,0,1,1,0,1,0,142,2,12,1
7530730,0,0,1,1,0,0,142,2,12,1
7530865,1,1,1,1,1,0,142,2,12,1
7531356,0,1,0,1,0,0,142,2,12,1
7532446,0,0,1,1,0,0,142,2,12,1
7533610,0,0,0,0,1,0,142,2,12,1
7533741,1,1,0,0,0,0,142,2,12,1
7533914,0,1,0,1,0,0,142,2,12,1
7534533,1,0,0,1,1,0,142,2,12,1
7534849,1,0,1,0,0,0,142,2,12,1
7535133,1,1,1,1,1,0,142,2,12,1
7535843,1,0,0,1,1,0,142,2,12,1
7547921,1,0,1,0,0,0,61,2,12,1
7548770,0,1,1,0,1,0,61,2,12,1
7550921,0,0,1,1,0,0,61,2,12,1
7551211,0,0,0,0,1,0,61,2,12,1
7553389,0,1,1,0,1,0,61,2,12,1
7556833,0,0,0,0,1,0,61,2,12,1
7559116,1,0,1,0,0,0,61,2,12,1
7561487,1,1,1,1,1,0,61,2,12,1
7562012,1,1,0,0,0,0,61,2,12,1
7562582,0,0,0,0,1,0,61,2,12,1
7563839,0,0,1,1,0,0,61,2,12,1
7569837,1,0,0,1,1,0,61,2,12,1
7569894,1,0,1,0,0,0,61,2,12,1
7571509,0,1,0,1,0,0,61,2,12,1
7572687,1,0,1,0,0,0,61,2,12,1
7573910,1,1,0,0,0,0,61,2,12,1
7575226,0,0,0,0,1,0,61,2,12,1
7575251,1,0,1,0,0,0,61,2,12,1
7578205,0,0,1,1,0,0,61,2,12,1
7578257,0,1,1,0,1,0,61,2,12,1
7578503,1,0,1,0,0,0,61,2,12,1
7585321,1,1,0,0,0,0,61,2,12,1
7587179,0,0,0,0,1,0,61,2,12,1
7587430,0,0,1,1,0,0,61,2,12,1
7589864,1,0,1,0,0,0,61,2,12,1
7590154,0,0,0,0,1,0,61,2,12,1
7590578,0,0,0,0,1,0,61,2,12,1
7590736,1,0,0,1,1,0,61,2,12,1
7595034,1,0,1,0,0,0,61,2,12,1
7600229,1,1,1,1,1,0,61,2,12,1
7601691,0,0,0,0,1,0,61,2,12,1
7601800,1,1,0,0,0,0,61,2,12,1
7603369,1,1,0,0,0,0,144,2,12,0
7603450,0,0,1,1,0,0,144,2,12,0
7603900,0,0,1,1,0,0,144,2,12,0
7604326,0,1,0,1,0,0,144,2,12,0
7604349,0,1,0,1,0,0,144,2,12,0
7604796,0,0,0,0,1,0,144,2,12,0
7605347,1,1,0,0,0,0,144,2,12,0
7605508,1,1,1,1,1,0,144,2,12,0
7606496,1,0,0,1,1,0,144,2,12,0
7606732,0,1,1,0,1,0,144,2,12,0
7607482,0,1,0,1,0,0,144,2,12,0
7607638,1,1,0,0,0,0,144,2,12,0
7608274,0,0,1,1,0,0,144,2,12,0
7608323,0,1,1,0,1,0,144,2,12,0
7608624,1,1,1,1,1,0,144,2,12,0
7608709,0,0,0,0,1,0,144,2,12,0
7608951,1,0,0,1,1,0,144,2,12,0
7608979,1,0,1,0,0,0,144,2,12,0
7609446,0,1,0,1,0,0,144,2,12,0
7609845,1,0,0,1,1,0,144,2,12,0
7610362,0,1,0,1,0,0,144,2,12,0
7610895,1,1,1,1,1,0,144,2,12,0
7612128,1,1,1,1,1,0,144,2,12,0
7613866,0,1,1,0,1,0,144,2,12,0
7614823,0,1,1,0,1,0,144,2,12,0
7615780,1,0,0,1,1,0,144,2,12,0
7616085,1,0,0,1,1,0,144,2,12,0
7617229,0,1,0,0,0,0,144,2,12,0
7618945,0,0,0,0,1,0,144,2,12,0
7618992,0,1,0,1,0,0,144,2,12,0
7619924,0,1,0,0,0,0,144,2,12,0
7619996,0,0,0,0,1,0,144,2,12,0
7620159,1,0,1,0,0,0,144,2,12,0
7620563,1,0,0,1,1,0,144,2,12,0
7620895,1,1,0,0,0,0,144,2,12,0
7620941,1,1,0,0,0,0,144,2,12,0
7623414,0,0,1,1,0,0,144,2,12,0
7624175,1,1,1,1,1,0,144,2,12,0
7624332,1,1,1,1,1,0,144,2,12,0
7624367,1,1,0,0,0,0,144,2,12,0
7624569,0,0,1,1,0,0,144,2,12,0
7624869,1,0,1,0,0,0,144,2,12,0
7626701,1,0,1,0,0,0,144,2,12,0
7626712,1,1,1,1,1,0,144,2,12,0
7627248,1,1,1,1,1,0,144,2,12,0
7627284,1,0,1,1,0,0,144,2,12,0
7627584,0,0,1,1,0,0,144,2,12,0
7628586,1,0,0,1,1,0,144,2,12,0
7628626,0,0,0,0,1,0,144,2,12,0
7628807,0,0,0,0,1,0,144,2,12,0
7629031,0,0,1,1,0,0,144,2,12,0
7629322,1,1,1,1,1,0,144,2,12,0
7629485,0,1,0,1,0,0,144,2,12,0
7631486,1,1,1,1,1,0,144,2,12,0
7632281,1,1,0,0,0,0,144,2,12,0
7632600,1,1,1,1,1,0,144,2,12,0
7632708,0,0,0,0,1,0,144,2,12,0
7632869,0,1,1,0,1,0,144,2,12,0
7633630,1,0,1,0,0,0,144,2,12,0
7633961,1,1,1,1,1,0,144,2,12,0
7634290,0,1,0,1,0,0,144,2,12,0
7635952,1,0,1,0,0,0,144,2,12,0
7636057,0,0,0,0,1,0,144,2,12,0
7636167,0,1,0,1,0,0,144,2,12,0
7636262,1,0,0,1,1,0,144,2,12,0
7636528,1,1,1,1,1,0,144,2,12,0
7636686,1,1,0,0,0,0,144,2,12,0
7637368,0,0,1,1,0,0,144,2,12,0
7637797,1,1,1,1,1,0,144,2,12,0
7639243,0,0,0,0,1,0,144,2,12,0
7639511,1,1,0,0,0,0,144,2,12,0
7639724,0,1,1,0,1,0,144,2,12,0
7639746,1,1,1,1,1,0,144,2,12,0
7640018,1,1,0,0,0,0,144,2,12,0
7640035,0,1,1,0,1,0,144,2,12,0
7640218,1,0,1,0,0,0,144,2,12,0
7640264,1,0,1,0,0,0,144,2,12,0
7640459,1,0,1,0,0,0,144,2,12,0
7640500,0,0,1,1,0,0,144,2,12,0
7640839,1,1,0,0,0,0,144,2,12,0
7640989,0,1,1,0,1,0,144,2,12,0
7641424,1,0,0,1,1,0,144,2,12,0
7641790,0,0,1,1,0,0,144,2,12,0
7642323,1,0,1,0,0,0,144,2,12,0
7643210,1,0,0,1,1,0,144,2,12,0
7643365,1,0,1,0,0,0,144,2,12,0
7644312,0,0,1,1,0,0,144,2,12,0
7644364,1,0,0,1,1,0,144,2,12,0
7644861,1,0,1,0,0,0,144,2,12,0
7645466,0,1,1,0,1,0,144,2,12,0
7645702,1,0,1,0,0,0,144,2,12,0
7645893,0,0,1,1,0,0,144,2,12,0
7646979,1,0,1,0,0,0,144,2,12,0
7648187,1,0,1,1,0,0,144,2,12,0
7648449,1,0,0,1,1,0,144,2,12,0
7648819,0,1,0,1,0,0,144,2,12,0
7649212,1,1,0,0,0,0,144,2,12,0
7649989,0,1,0,1,0,0,144,2,12,0
7650191,1,1,1,1,1,0,144,2,12,0
7650353,1,1,0,0,0,0,144,2,12,0
7651584,0,0,0,0,1,0,144,2,12,0
7651833,1,1,1,1,1,0,144,2,12,0
7652282,0,0,1,1,0,0,144,2,12,0
7652943,1,0,1,0,0,0,144,2,12,0
7654436,0,0,1,1,0,0,144,2,12,0
7655091,1,1,1,1,1,0,144,2,12,0
7655696,0,1,0,1,0,0,144,2,12,0
7656813,0,1,1,0,1,0,144,2,12,0
7658478,1,1,0,0,0,0,144,2,12,0
7658639,1,0,0,1,1,0,144,2,12,0
7658718,0,1,1,0,1,0,144,2,12,0
7658775,0,0,0,0,1,0,144,2,12,0
7660207,0,1,0,0,0,0,144,2,12,0
7660266,0,1,1,0,1,0,144,2,12,0
7660529,0,1,1,0,1,0,144,2,12,0
7660547,0,0,0,0,1,0,144,2,12,0
7660909,1,1,0,0,0,0,144,2,12,0
7661732,0,1,1,0,1,0,144,2,12,0
7662124,0,0,0,0,1,0,144,2,12,0
7662931,0,1,1,0,1,0,144,2,12,0
7663657,1,1,1,1,1,0,144,2,12,0
7664319,1,0,0,1,1,0,144,2,12,0
7664909,1,0,0,1,1,0,144,2,12,0
7665119,1,0,1,0,0,0,144,2,12,0
7665456,0,0,1,0,0,0,144,2,12,0
7665588,1,0,0,1,1,0,144,2,12,0
7665690,0,0,0,0,1,0,144,2,12,0
7665798,1,1,1,1,1,0,144,2,12,0
7665953,1,0,0,1,1,0,144,2,12,0
7666471,0,1,1,0,1,0,144,2,12,0
7667000,0,0,0,0,1,0,144,2,12,0
7667037,1,0,1,0,0,0,144,2,12,0
7668213,1,1,0,0,0,0,100,2,12,0
7668346,1,0,0,1,1,0,100,2,12,0
7668638,0,0,1,1,0,0,100,2,12,0
7669409,0,0,1,1,0,0,100,2,12,0
7672222,1,1,0,0,0,0,100,2,12,0
7672318,1,0,1,0,0,0,100,2,12,0
7672821,0,0,1,1,0,0,100,2,12,0
7673316,0,1,1,0,1,0,100,2,12,0
7673617,1,1,0,0,0,0,100,2,12,0
7674851,1,1,1,0,1,1,100,2,12,0
7675684,1,0,0,1,1,0,100,2,12,0
7675737,0,1,1,0,1,0,100,2,12,0
7675875,0,0,0,0,1,0,100,2,12,0
7676547,1,0,1,0,0,0,100,2,12,0
7676876,0,0,0,0,1,0,100,2,12,0
7677765,1,1,1,1,1,0,100,2,12,0
7678315,1,0,1,0,0,0,100,2,12,0
7679296,1,0,0,1,1,0,100,2,12,0
7681125,1,1,0,0,0,0,100,2,12,0
7682004,1,0,1,0,0,0,100,2,12,0
7682530,0,1,1,0,1,0,100,2,12,0
7682963,0,1,1,0,1,0,100,2,12,0
7683072,0,1,1,0,1,0,100,2,12,0
7683076,0,0,0,0,1,0,100,2,12,0
7683320,1,1,0,0,0,0,100,2,12,0
7684794,0,1,1,0,1,0,100,2,12,0
7684956,0,0,0,0,1,0,100,2,12,0
7685416,0,1,1,0,1,0,100,2,12,0
7685906,1,0,0,1,1,0,100,2,12,0
7686130,0,1,0,1,0,0,100,2,12,0
7686540,1,0,0,1,1,0,100,2,12,0
7687276,1,1,1,1,1,0,100,2,12,0
7687318,1,0,0,1,1,0,100,2,12,0
7687662,1,1,0,1,0,0,100,2,12,0
7692461,1,0,1,0,0,0,100,2,12,0
7692820,0,0,1,1,0,0,100,2,12,0
7692853,0,1,0,1,0,0,100,2,12,0
7692927,1,0,0,1,1,0,100,2,12,0
7693121,0,0,0,0,1,0,100,2,12,0
7693499,0,0,0,0,1,0,100,2,12,0
7695641,0,1,0,1,0,0,100,2,12,0
7695851,1,0,1,0,0,0,100,2,12,0
7697394,1,1,0,0,0,0,100,2,12,0
7697519,0,1,1,0,1,0,100,2,12,0
7697685,0,0,0,0,1,0,100,2,12,0
7698186,1,0,1,0,0,0,100,2,12,0
7698786,0,1,1,0,1,0,100,2,12,0
7699720,0,1,0,1,0,0,100,2,12,0
7700605,1,1,1,0,1,1,100,2,12,0
7702410,0,0,1,1,0,0,100,2,12,0
7702914,1,1,1,1,1,0,100,2,12,0
7704441,0,1,1,0,1,0,100,2,12,0
7704687,0,0,1,1,0,0,100,2,12,0
7705947,0,0,1,1,0,0,100,2,12,0
7706295,0,1,0,1,0,0,100,2,12,0
7706393,1,0,0,1,1,0,100,2,12,0
7706413,1,0,1,0,0,0,100,2,12,0
7706893,1,0,1,0,0,0,100,2,12,0
7707440,0,0,1,1,0,0,100,2,12,0
7710184,1,1,0,0,0,0,100,2,12,0
7710649,0,0,0,0,1,0,100,2,12,0
7710831,1,1,0,0,0,0,100,2,12,0
7711017,0,1,0,1,0,0,100,2,12,0
7711427,1,1,0,0,0,0,100,2,12,0
7711460,0,1,1,0,1,0,100,2,12,0
7711519,0,1,0,1,0,0,100,2,12,0
7712659,1,1,0,0,0,0,100,2,12,0
7713907,1,0,1,0,0,0,100,2,12,0
7714740,0,0,0,0,1,0,100,2,12,0
7716316,1,1,0,0,0,0,100,2,12,0
7718247,0,0,1,1,0,0,100,2,12,0
7718382,1,1,1,1,1,0,100,2,12,0
7718521,1,1,0,0,0,0,100,2,12,0
7718658,0,0,1,1,0,0,100,2,12,0
7719254,1,1,0,0,0,0,100,2,12,0
7719373,1,1,1,1,1,0,100,2,12,0
7719724,1,1,0,0,0,0,100,2,12,0
7720863,0,0,0,0,1,0,100,2,12,0
7721293,0,1,1,0,1,0,100,2,12,0
7721358,0,1,0,1,0,0,100,2,12,0
7721609,1,1,1,1,1,0,100,2,12,0
7722594,0,1,0,1,0,0,100,2,12,0
7722638,0,0,1,1,0,0,100,2,12,0
7723034,1,0,0,1,1,0,100,2,12,0
7723290,1,1,1,1,1,0,100,2,12,0
7723389,1,0,0,1,1,0,100,2,12,0
7724113,0,1,1,0,1,0,100,2,12,0
7726801,0,0,1,1,0,0,100,2,12,0
7727074,0,1,1,0,1,0,100,2,12,0
7727166,0,0,1,1,0,0,100,2,12,0
7729930,1,0,1,0,0,0,100,2,12,0
7731694,0,1,1,0,1,0,100,2,12,0
7732869,0,0,1,1,0,0,100,2,12,0
7734222,0,0,0,0,1,0,76,1,12,0
7734754,1,0,1,0,0,0,76,1,12,0
7735431,1,0,0,1,1,0,76,1,12,0
7735691,0,1,0,1,0,0,76,1,12,0
7735970,0,1,0,1,0,0,76,1,12,0
7736339,1,1,1,1,1,0,76,1,12,0
7738897,0,0,0,0,1,0,76,1,12,0
7739009,0,1,0,1,0,0,76,1,12,0
7739268,0,0,1,1,0,0,76,1,12,0
7739690,0,1,1,0,1,0,76,1,12,0
7740360,1,1,0,0,0,0,76,1,12,0
7741088,1,0,1,0,0,0,76,1,12,0
7742023,1,0,1,0,0,0,76,1,12,0
7743325,0,1,1,0,1,0,76,1,12,0
7746101,1,1,0,0,0,0,76,1,12,0
7748185,0,0,0,0,1,0,76,1,12,0
7749176,1,0,0,1,1,0,76,1,12,0
7750315,1,0,0,1,1,0,76,1,12,0
7751221,0,1,1,0,1,0,76,1,12,0
7751236,1,1,1,1,1,0,76,1,12,0
7752321,0,1,1,1,1,1,76,1,12,0
7753900,1,1,0,0,0,0,76,1,12,0
7754238,0,0,1,1,0,0,76,1,12,0
7755345,0,0,0,0,1,0,76,1,12,0
7755370,1,1,1,1,1,0,76,1,12,0
7755425,0,0,0,0,1,0,76,1,12,0
7757440,0,1,0,1,0,0,76,1,12,0
7757539,0,0,1,1,0,0,76,1,12,0
7758891,1,0,0,1,1,0,76,1,12,0
7762210,0,1,1,0,1,0,76,1,12,0
7762237,1,1,0,0,0,0,76,1,12,0
7764813,0,1,1,0,1,0,76,1,12,0
7766109,0,0,1,1,0,0,76,1,12,0
7768246,0,1,0,1,0,0,76,1,12,0
7769122,0,0,1,1,0,0,76,1,12,0
7771120,0,1,1,0,1,0,76,1,12,0
7772481,1,0,1,0,0,0,76,1,12,0
7772528,1,0,1,0,0,0,76,1,12,0
7774987,1,0,1,0,0,0,76,1,12,0
7775600,1,1,1,1,1,0,76,1,12,0
7776377,0,0,1,1,0,0,76,1,12,0
7776564,0,1,1,0,1,0,76,1,12,0
7776646,0,0,0,0,1,0,76,1,12,0
7776759,1,0,0,1,1,0,76,1,12,0
7777653,1,0,0,1,1,0,76,1,12,0
7778678,0,1,1,1,1,1,76,1,12,0
7778764,1,1,0,0,0,0,76,1,12,0
7779172,1,0,0,1,1,0,76,1,12,0
7781307,0,1,0,1,0,0,76,1,12,0
7781398,1,0,0,1,1,0,76,1,12,0
7783725,0,0,0,0,1,0,76,1,12,0
7784094,0,1,1,0,1,0,76,1,12,0
7784308,0,0,0,0,1,0,76,1,12,0
7784509,1,0,0,1,1,0,76,1,12,0
7785026,0,1,1,0,1,0,76,1,12,0
7785176,1,0,0,1,1,0,76,1,12,0
7785387,1,1,1,1,1,0,76,1,12,0
7786480,0,0,0,0,1,0,76,1,12,0
7787644,0,0,1,1,0,0,76,1,12,0
7787803,0,0,0,0,1,0,76,1,12,0
7788254,0,1,0,1,0,0,76,1,12,0
7788625,1,0,0,1,1,0,76,1,12,0
7789552,0,0,0,0,1,0,76,1,12,0
7790402,0,0,0,0,1,0,76,1,12,0
7790520,0,0,1,1,0,0,76,1,12,0
7790706,0,1,1,0,1,0,76,1,12,0
7790836,1,1,0,0,0,0,76,1,12,0
7793201,0,0,0,0,1,0,76,1,12,0
7795593,0,0,1,1,0,0,76,1,12,0
7795694,1,0,0,1,1,0,76,1,12,0
7796527,0,0,0,1,1,1,76,1,12,0
7796817,1,1,1,1,1,0,76,1,12,0
7798287,0,1,0,1,0,0,76,1,12,0
7798874,1,0,1,0,0,0,117,1,9,0
7799067,0,1,1,0,1,0,117,1,9,0
7801380,1,0,1,0,0,0,117,1,9,0
7801440,0,1,0,1,0,0,117,1,9,0
7801661,0,1,1,0,1,0,117,1,9,0
7803010,0,1,0,1,0,0,117,1,9,0
7804536,1,1,0,0,0,0,117,1,9,0
7804884,1,0,1,0,0,0,117,1,9,0
7808205,1,0,1,0,0,0,117,1,9,0
7808393,0,0,1,1,0,0,117,1,9,0
7808443,1,0,1,0,0,0,117,1,9,0
7808519,0,1,1,0,1,0,117,1,9,0
7810315,1,1,1,0,1,1,117,1,9,0
7810612,0,0,0,0,1,0,117,1,9,0
7810855,1,0,1,0,0,0,117,1,9,0
7811077,1,1,1,1,1,0,117,1,9,0
7812676,0,0,0,0,1,0,117,1,9,0
7815128,0,0,1,1,0,0,117,1,9,0
7815186,0,1,1,0,1,0,117,1,9,0
7815353,1,1,0,0,0,0,117,1,9,0
7815375,0,1,0,1,0,0,117,1,9,0
7815588,0,0,1,1,0,0,117,1,9,0
7816880,1,0,1,0,0,0,117,1,9,0
7817022,0,0,1,1,0,0,117,1,9,0
7817544,0,0,1,1,0,0,117,1,9,0
7818399,1,0,0,1,1,0,117,1,9,0
7819396,0,0,0,0,1,0,117,1,9,0
7819511,0,0,1,1,0,0,117,1,9,0
7821333,0,1,0,0,0,0,117,1,9,0
7822402,0,1,1,0,1,0,117,1,9,0
7823267,1,1,1,1,1,0,117,1,9,0
7824555,1,0,1,0,0,0,117,1,9,0
7824773,1,0,0,1,1,0,117,1,9,0
7825189,1,1,1,1,1,0,117,1,9,0
7826302,1,1,1,1,1,0,117,1,9,0
7827388,1,1,0,0,0,0,117,1,9,0
7827986,0,0,1,1,0,0,117,1,9,0
7829077,1,0,0,1,1,0,117,1,9,0
7829138,0,1,1,0,1,0,117,1,9,0
7830300,1,0,0,1,1,0,117,1,9,0
7831809,1,0,1,0,0,0,117,1,9,0
7832637,1,0,1,0,0,0,117,1,9,0
7833530,1,0,0,1,1,0,117,1,9,0
7833545,1,0,1,0,0,0,117,1,9,0
7834015,0,0,1,1,0,0,117,1,9,0
7834148,0,1,1,0,1,0,117,1,9,0
7834528,0,0,1,1,0,0,117,1,9,0
7835462,0,0,1,1,0,0,117,1,9,0
7837666,0,1,1,0,1,0,117,1,9,0
7838900,0,0,0,0,1,0,117,1,9,0
7839097,1,1,1,1,1,0,117,1,9,0
7839572,0,0,0,0,1,0,117,1,9,0
7840520,1,0,0,1,1,0,117,1,9,0
7840989,1,0,1,0,0,0,117,1,9,0
7842161,1,1,1,1,1,0,117,1,9,0
7842713,1,0,1,0,0,0,117,1,9,0
7843524,0,1,1,0,1,0,117,1,9,0
7844514,0,1,0,1,0,0,117,1,9,0
7844539,0,0,0,0,1,0,117,1,9,0
7844867,0,0,1,1,0,0,117,1,9,0
7845341,0,1,1,0,1,0,117,1,9,0
7847625,0,0,0,0,1,0,117,1,9,0
7848045,0,1,0,1,0,0,117,1,9,0
7851929,0,1,1,0,1,0,117,1,9,0
7852038,1,1,1,1,1,0,117,1,9,0
7852164,0,1,0,1,0,0,117,1,9,0
7852504,1,0,0,1,1,0,117,1,9,0
7852708,1,0,0,1,1,0,117,1,9,0
7854430,1,0,0,1,1,0,117,1,9,0
7854546,0,0,0,0,1,0,117,1,9,0
7854724,0,1,1,0,1,0,117,1,9,0
7857459,1,0,1,0,0,0,117,1,9,0
7857485,0,1,0,1,0,0,117,1,9,0
7858091,0,0,0,0,1,0,117,1,9,0
7861503,1,1,1,1,1,0,117,1,9,0
7862644,1,0,1,0,0,0,117,1,9,0
7863094,0,0,0,0,1,0,117,1,9,0
7867633,1,0,0,1,1,0,64,1,9,0
7868345,1,1,1,1,1,0,64,1,9,0
7869437,1,0,1,0,0,0,64,1,9,0
7872104,0,0,0,0,1,0,64,1,9,0
7872337,1,1,1,1,1,0,64,1,9,0
7872574,1,0,0,1,1,0,64,1,9,0
7874934,0,1,0,1,0,0,64,1,9,0
7876552,0,1,1,0,1,0,64,1,9,0
7878379,0,1,1,1,1,1,64,1,9,0
7880564,1,0,0,1,1,0,64,1,9,0
7881130,1,1,1,1,1,0,64,1,9,0
7884287,0,0,0,0,1,0,64,1,9,0
7884792,1,0,0,1,1,0,64,1,9,0
7885049,0,0,0,0,1,0,64,1,9,0
7886883,0,0,1,1,0,0,64,1,9,0
7887744,0,0,1,1,0,0,64,1,9,0
7888458,0,1,0,1,0,0,64,1,9,0
7892298,1,1,1,1,1,0,64,1,9,0
7894386,0,1,0,1,0,0,64,1,9,0
7895414,1,0,0,1,1,0,64,1,9,0
7895852,0,1,1,0,1,0,64,1,9,0
7896305,0,0,0,0,1,0,64,1,9,0
7897067,1,1,1,1,1,0,64,1,9,0
7899006,0,1,1,0,1,0,64,1,9,0
7899117,1,0,0,1,1,0,64,1,9,0
7899272,1,1,0,0,0,0,64,1,9,0
7900046,1,1,0,0,0,0,64,1,9,0
7902068,1,1,1,1,1,0,64,1,9,0
7910928,1,1,1,1,1,0,64,1,9,0
7910963,0,1,1,0,1,0,64,1,9,0
7913465,0,1,0,1,0,0,64,1,9,0
7914563,0,0,1,1,0,0,64,1,9,0
7916339,1,1,1,1,1,0,64,1,9,0
7918787,1,0,1,0,0,0,64,1,9,0
7918985,0,0,0,0,1,0,64,1,9,0
7919882,0,0,1,1,0,0,64,1,9,0
7920556,0,0,1,0,0,0,64,1,9,0
7921585,0,1,1,0,1,0,64,1,9,0
7927161,1,0,0,1,1,0,64,1,9,0
7930348,0,0,0,0,1,0,151,2,9,0
7930511,0,1,1,0,1,0,151,2,9,0
7930742,0,0,1,1,0,0,151,2,9,0
7930749,1,0,0,1,1,0,151,2,9,0
7931752,0,0,0,0,1,0,151,2,9,0
7932090,1,0,0,1,1,0,151,2,9,0
7932423,0,1,0,1,0,0,151,2,9,0
7933173,1,0,1,0,0,0,151,2,9,0
7934980,1,0,0,1,1,0,151,2,9,0
7935525,0,1,1,0,1,0,151,2,9,0
7935754,0,0,0,0,1,0,151,2,9,0
7937763,0,1,1,0,1,0,151,2,9,0
7938254,0,1,0,1,0,0,151,2,9,0
7938713,0,0,1,1,0,0,151,2,9,0
7938765,1,1,0,0,0,0,151,2,9,0
7938979,1,1,0,0,0,0,151,2,9,0
7939102,0,1,0,1,0,0,151,2,9,0
7940063,1,0,0,1,1,0,151,2,9,0
7940498,0,0,0,0,1,0,151,2,9,0
7940748,0,0,1,1,0,0,151,2,9,0
7941582,0,0,1,1,0,0,151,2,9,0
7941870,1,0,0,1,1,0,151,2,9,0
7942697,1,1,0,0,0,0,151,2,9,0
7944882,0,1,0,1,0,0,151,2,9,0
7944905,1,0,1,0,0,0,151,2,9,0
7945664,1,0,1,1,0,0,151,2,9,0
7947159,1,1,0,0,0,0,151,2,9,0
7947426,0,1,0,1,0,0,151,2,9,0
7947615,0,1,0,1,0,0,151,2,9,0
7948476,0,0,0,0,1,0,151,2,9,0
7948545,0,0,0,0,1,0,151,2,9,0
7949127,0,0,1,1,0,0,151,2,9,0
7949207,1,0,0,1,1,0,151,2,9,0
7949732,0,1,1,0,1,0,151,2,9,0
7950058,1,0,1,0,0,0,151,2,9,0
7950301,1,0,1,0,0,0,151,2,9,0
7950487,0,0,1,1,0,0,151,2,9,0
7950767,0,1,0,1,0,0,151,2,9,0
7951050,1,0,0,1,1,0,151,2,9,0
7951150,1,1,1,1,1,0,151,2,9,0
7952368,0,1,0,1,0,0,151,2,9,0
7953137,1,0,0,1,1,0,151,2,9,0
7953952,1,0,0,1,1,0,151,2,9,0
7955232,1,1,1,1,1,0,151,2,9,0
7957483,0,1,1,0,1,0,151,2,9,0
7957871,1,0,1,0,0,0,151,2,9,0
7958010,0,1,0,1,0,0,151,2,9,0
7958260,1,1,1,1,1,0,151,2,9,0
7959252,0,0,1,1,0,0,151,2,9,0
7961764,0,1,1,0,1,0,151,2,9,0
7961885,1,0,0,1,1,0,151,2,9,0
7963325,1,0,1,0,0,0,151,2,9,0
7963353,0,1,0,1,0,0,151,2,9,0
7964147,1,0,1,0,0,0,151,2,9,0
7966025,0,0,0,0,1,0,151,2,9,0
7966730,1,0,1,0,0,0,151,2,9,0
7966847,0,0,0,0,1,0,151,2,9,0
7967098,0,0,0,0,1,0,151,2,9,0
7967713,0,1,0,1,0,0,151,2,9,0
7967781,0,1,1,0,1,0,151,2,9,0
7967845,0,0,1,1,0,0,151,2,9,0
7968638,0,0,1,1,0,0,151,2,9,0
7968809,0,0,1,1,0,0,151,2,9,0
7969861,0,1,0,1,0,0,151,2,9,0
7970083,0,1,1,0,1,0,151,2,9,0
7970373,1,0,0,1,1,0,151,2,9,0
7970399,1,1,1,1,1,0,151,2,9,0
7971203,0,0,1,1,0,0,151,2,9,0
7972151,1,1,0,0,0,0,151,2,9,0
7972865,1,0,0,1,1,0,151,2,9,0
7973294,0,1,1,0,1,0,151,2,9,0
7973616,0,1,0,1,0,0,151,2,9,0
7974569,1,0,0,1,1,0,151,2,9,0
7974783,1,0,0,1,1,0,151,2,9,0
7975034,0,0,0,0,1,0,151,2,9,0
7975546,1,0,0,1,1,0,151,2,9,0
7975828,1,0,0,1,1,0,151,2,9,0
7977803,1,1,1,1,1,0,151,2,9,0
7978367,1,0,1,0,0,0,151,2,9,0
7978988,0,0,0,0,1,0,151,2,9,0
7979208,0,0,0,1,1,1,151,2,9,0
7981549,0,0,1,0,0,0,151,2,9,0
7981574,0,1,0,1,0,0,151,2,9,0
7982659,1,0,1,0,0,0,151,2,9,0
7984395,1,0,0,1,1,0,151,2,9,0
7986152,1,1,0,0,0,0,151,2,9,0
7986715,1,1,1,1,1,0,151,2,9,0
7987089,0,1,1,0,1,0,151,2,9,0
7987097,0,1,0,1,0,0,151,2,9,0
7987582,1,0,0,1,1,0,151,2,9,0
7988634,0,0,0,0,1,0,151,2,9,0
7988683,1,0,1,0,0,0,151,2,9,0
7989068,1,0,0,1,1,0,151,2,9,0
7989379,0,1,1,0,1,0,151,2,9,0
7990105,1,1,0,0,0,0,151,2,9,0
7990320,0,1,1,0,1,0,151,2,9,0
7990827,0,1,1,0,1,0,151,2,9,0
7991010,1,1,0,0,0,0,151,2,9,0
7992109,0,1,1,0,1,0,151,2,9,0
7992136,1,1,0,0,0,0,151,2,9,0
7993521,0,1,1,0,1,0,151,2,9,0
7993851,1,1,0,0,0,0,151,2,9,0
7994216,0,0,0,0,1,0,151,2,9,0
7995275,1,0,1,1,0,0,151,2,9,0
7995731,1,1,1,1,1,0,119,2,12,0
7996155,0,0,0,0,1,0,119,2,12,0
7996159,0,0,1,1,0,0,119,2,12,0
7996414,1,0,1,0,0,0,119,2,12,0
7997326,1,1,1,1,1,0,119,2,12,0
7998036,1,1,1,1,1,0,119,2,12,0
7999874,0,0,1,1,0,0,119,2,12,0
7999942,1,1,0,0,0,0,119,2,12,0
8001317,1,0,0,1,1,0,119,2,12,0
8001463,1,0,1,0,0,0,119,2,12,0
8004187,1,1,0,0,0,0,119,2,12,0
8004567,0,0,1,1,0,0,119,2,12,0
8004708,1,1,0,0,0,0,119,2,12,0
8004803,1,1,1,1,1,0,119,2,12,0
8004875,1,0,1,0,0,0,119,2,12,0
8005193,0,0,0,0,1,0,119,2,12,0
8005378,0,1,0,1,0,0,119,2,12,0
8005443,1,0,1,0,0,0,119,2,12,0
8007197,0,1,0,1,0,0,119,2,12,0
8008205,0,1,0,1,0,0,119,2,12,0
8008667,0,1,1,0,1,0,119,2,12,0
8009120,1,0,0,1,1,0,119,2,12,0
8009206,1,1,1,1,1,0,119,2,12,0
8009316,1,0,1,0,0,0,119,2,12,0
8009388,1,0,0,1,1,0,119,2,12,0
8010416,1,0,1,0,0,0,119,2,12,0
8015300,1,0,1,0,0,0,119,2,12,0
8015390,0,0,0,0,1,0,119,2,12,0
8016482,0,1,1,0,1,0,119,2,12,0
8016614,1,0,0,1,1,0,119,2,12,0
8016735,0,0,0,0,1,0,119,2,12,0
8016956,1,0,0,1,1,0,119,2,12,0
8017687,1,1,0,0,0,0,119,2,12,0
8017738,0,0,0,0,1,0,119,2,12,0
8017914,0,0,0,0,1,0,119,2,12,0
8018033,1,1,0,0,0,0,119,2,12,0
8018186,0,0,0,0,1,0,119,2,12,0
8019963,0,1,0,1,0,0,119,2,12,0
8020294,1,0,0,1,1,0,119,2,12,0
8020626,1,0,1,0,0,0,119,2,12,0
8021116,1,1,0,0,0,0,119,2,12,0
8021259,1,1,0,0,0,0,119,2,12,0
8021804,0,1,1,0,1,0,119,2,12,0
8023951,0,1,0,1,0,0,119,2,12,0
8024865,0,0,0,0,1,0,119,2,12,0
8025201,0,0,1,1,0,0,119,2,12,0
8025216,1,1,0,0,0,0,119,2,12,0
8025305,0,0,0,0,1,0,119,2,12,0
8025830,0,0,1,1,0,0,119,2,12,0
8026234,0,1,0,1,0,0,119,2,12,0
8026496,1,1,0,0,0,0,119,2,12,0
8027146,0,1,0,0,0,0,119,2,12,0
8027446,0,1,0,1,0,0,119,2,12,0
8027693,1,1,1,1,1,0,119,2,12,0
8027744,1,0,0,1,1,0,119,2,12,0
8028097,0,0,1,1,0,0,119,2,12,0
8028124,1,1,1,1,1,0,119,2,12,0
8028404,1,1,1,1,1,0,119,2,12,0
8028548,0,0,1,1,0,0,119,2,12,0
8030187,1,0,1,0,0,0,119,2,12,0
8030974,1,1,0,0,0,0,119,2,12,0
8031228,0,0,1,1,0,0,119,2,12,0
8031652,0,1,1,0,1,0,119,2,12,0
8032194,0,1,1,0,1,0,119,2,12,0
8032812,0,0,1,1,0,0,119,2,12,0
8034233,0,1,0,1,0,0,119,2,12,0
8035095,1,0,0,1,1,0,119,2,12,0
8036144,0,0,1,1,0,0,119,2,12,0
8036156,1,1,1,1,1,0,119,2,12,0
8036807,1,1,0,0,0,0,119,2,12,0
8036997,1,1,0,0,0,0,119,2,12,0
8037678,1,1,1,1,1,0,119,2,12,0
8038416,0,1,0,1,0,0,119,2,12,0
8039080,1,0,1,0,0,0,119,2,12,0
8039374,0,0,1,1,0,0,119,2,12,0
8040381,1,1,0,1,0,0,119,2,12,0
8040988,0,1,0,1,0,0,119,2,12,0
8042271,0,1,0,1,0,0,119,2,12,0
8042444,1,1,1,1,1,0,119,2,12,0
8042774,0,1,0,1,0,0,119,2,12,0
8043035,1,1,1,1,1,0,119,2,12,0
8043081,0,0,1,1,0,0,119,2,12,0
8043443,0,0,1,1,0,0,119,2,12,0
8043785,1,0,0,1,1,0,119,2,12,0
8044536,1,0,0,1,1,0,119,2,12,0
8045063,0,0,0,0,1,0,119,2,12,0
8046713,0,1,0,1,0,0,119,2,12,0
8048228,1,1,0,0,0,0,119,2,12,0
8048399,1,1,1,1,1,0,119,2,12,0
8053978,0,0,1,1,0,0,119,2,12,0
8054218,1,1,1,1,1,0,119,2,12,0
8054912,0,0,0,0,1,0,119,2,12,0
8055073,0,1,0,1,0,0,119,2,12,0
8056173,1,0,1,1,0,0,119,2,12,0
8057303,0,0,1,1,0,0,119,2,12,0
8057342,1,1,0,0,0,0,119,2,12,0
8057987,1,0,1,0,0,0,119,2,12,0
8060774,0,0,1,1,0,0,119,2,12,0
8061218,1,1,1,1,1,0,124,2,12,0
8061238,1,0,1,0,0,0,124,2,12,0
8061851,1,1,0,0,0,0,124,2,12,0
8062150,0,1,1,0,1,0,124,2,12,0
8062162,0,0,0,0,1,0,124,2,12,0
8062217,1,1,1,1,1,0,124,2,12,0
8062409,1,1,1,1,1,0,124,2,12,0
8063090,0,0,0,0,1,0,124,2,12,0
8063123,0,1,0,1,0,0,124,2,12,0
8064413,1,0,1,0,0,0,124,2,12,0
8064511,0,1,0,1,0,0,124,2,12,0
8065175,1,0,0,1,1,0,124,2,12,0
8065498,0,0,0,0,1,0,124,2,12,0
8065848,1,1,1,1,1,0,124,2,12,0
8066315,1,1,0,0,0,0,124,2,12,0
8067598,0,0,0,0,1,0,124,2,12,0
8067848,0,1,0,1,0,0,124,2,12,0
8069500,1,0,1,0,0,0,124,2,12,0
8069902,0,1,0,0,0,0,124,2,12,0
8069953,0,0,0,0,1,0,124,2,12,0
8070181,0,1,0,1,0,0,124,2,12,0
8070420,0,0,1,1,0,0,124,2,12,0
8070933,1,0,1,0,0,0,124,2,12,0
8071567,0,1,1,0,1,0,124,2,12,0
8072088,0,1,1,0,1,0,124,2,12,0
8072968,1,0,0,1,1,0,124,2,12,0
8073078,1,0,0,1,1,0,124,2,12,0
8073376,1,0,0,1,1,0,124,2,12,0
8074483,0,1,0,1,0,0,124,2,12,0
8074544,1,0,0,1,1,0,124,2,12,0
8074806,0,1,0,1,0,0,124,2,12,0
8075142,0,0,0,0,1,0,124,2,12,0
8075483,1,1,1,1,1,0,124,2,12,0
8075968,1,0,0,1,1,0,124,2,12,0
8076167,0,1,0,1,0,0,124,2,12,0
8076890,1,0,1,0,0,0,124,2,12,0
8077654,0,0,1,1,0,0,124,2,12,0
8078763,1,1,0,0,0,0,124,2,12,0
8078879,0,0,0,0,1,0,124,2,12,0
8079109,1,0,0,1,1,0,124,2,12,0
8080151,1,0,1,0,0,0,124,2,12,0
8081961,1,1,0,0,0,0,124,2,12,0
8082311,1,1,0,0,0,0,124,2,12,0
8082423,1,1,1,1,1,0,124,2,12,0
8082680,0,0,1,1,0,0,124,2,12,0
8083696,0,0,0,0,1,0,124,2,12,0
8083928,0,0,1,1,0,0,124,2,12,0
8084003,0,1,0,1,0,0,124,2,12,0
8084379,0,1,0,1,0,0,124,2,12,0
8084448,0,1,0,1,0,0,124,2,12,0
8085474,1,1,0,0,0,0,124,2,12,0
8085497,1,1,0,0,0,0,124,2,12,0
8086124,1,1,1,1,1,0,124,2,12,0
8086890,1,1,0,0,0,0,124,2,12,0
8087071,1,0,0,1,1,0,124,2,12,0
8087580,1,1,1,1,1,0,124,2,12,0
8087760,1,0,1,0,0,0,124,2,12,0
8087821,0,1,0,1,0,0,124,2,12,0
8088181,0,0,0,0,1,0,124,2,12,0
8089001,0,1,0,1,0,0,124,2,12,0
8089083,1,1,1,1,1,0,124,2,12,0
8089415,0,1,0,1,0,0,124,2,12,0
8090081,1,1,1,1,1,0,124,2,12,0
8090179,1,1,1,1,1,0,124,2,12,0
8090962,1,0,1,0,0,0,124,2,12,0
8091729,0,1,1,0,1,0,124,2,12,0
8091916,1,1,1,1,1,0,124,2,12,0
8092668,0,1,1,0,1,0,124,2,12,0
8094266,1,0,0,1,1,0,124,2,12,0
8094669,0,1,1,0,1,0,124,2,12,0
8094862,0,0,0,0,1,0,124,2,12,0
8095093,1,1,0,0,0,0,124,2,12,0
8095363,1,1,1,1,1,0,124,2,12,0
8096389,1,0,0,1,1,0,124,2,12,0
8096824,1,1,0,0,0,0,124,2,12,0
8097489,0,0,0,0,1,0,124,2,12,0
8097735,1,1,1,1,1,0,124,2,12,0
8097738,0,0,0,0,1,0,124,2,12,0
8098586,1,1,0,0,0,0,124,2,12,0
8099025,0,1,0,1,0,0,124,2,12,0
8100805,0,0,0,0,1,0,124,2,12,0
8101069,1,0,1,0,0,0,124,2,12,0
8101280,1,1,1,1,1,0,124,2,12,0
8102387,1,0,1,0,0,0,124,2,12,0
8102785,1,0,0,1,1,0,124,2,12,0
8102898,1,1,0,0,0,0,124,2,12,0
8104046,1,0,1,0,0,0,124,2,12,0
8104465,1,0,0,1,1,0,124,2,12,0
8104483,1,1,0,0,0,0,124,2,12,0
8104657,0,1,1,0,1,0,124,2,12,0
8104918,1,1,1,1,1,0,124,2,12,0
8105370,0,1,1,0,1,0,124,2,12,0
8105373,1,0,1,0,0,0,124,2,12,0
8105502,0,1,0,1,0,0,124,2,12,0
8106122,1,1,0,0,0,0,124,2,12,0
8106485,0,1,0,1,0,0,124,2,12,0
8107004,1,0,0,1,1,0,124,2,12,0
8107396,1,1,0,0,0,0,124,2,12,0
8110638,0,1,1,0,1,0,124,2,12,0
8110732,1,0,1,1,0,0,124,2,12,0
8111676,0,0,1,1,0,0,124,2,12,0
8112636,1,0,1,0,0,0,124,2,12,0
8113664,0,0,0,0,1,0,124,2,12,0
8113920,1,1,1,1,1,0,124,2,12,0
8114508,0,0,1,1,0,0,124,2,12,0
8114764,0,1,1,1,1,1,124,2,12,0
8115074,1,1,1,1,1,0,124,2,12,0
8117653,1,0,0,1,1,0,124,2,12,0
8117976,0,0,1,1,0,0,124,2,12,0
8118098,1,0,0,1,1,0,124,2,12,0
8118382,0,0,1,1,0,0,124,2,12,0
8118385,1,0,0,1,1,0,124,2,12,0
8118967,0,1,1,0,1,0,124,2,12,0
8119077,1,1,0,0,0,0,124,2,12,0
8120707,0,0,0,0,1,0,124,2,12,0
8120763,0,1,1,0,1,0,124,2,12,0
8121544,0,1,0,1,0,0,124,2,12,0
8121773,1,1,1,1,1,0,124,2,12,0
8122119,1,0,1,0,0,0,124,2,12,0
8122786,1,0,0,1,1,0,124,2,12,0
8122941,1,1,1,1,1,0,124,2,12,0
8123406,1,0,1,0,0,0,124,2,12,0
8123850,1,1,0,0,0,0,124,2,12,0
8125073,1,1,1,1,1,0,124,2,12,0
8125946,0,1,0,1,0,0,124,2,12,0
8126461,0,1,0,1,0,0,124,2,12,0
8142156,1,1,1,1,1,0,98,2,12,2
8160534,1,0,1,0,0,0,98,2,12,2
8192396,0,0,1,1,0,0,133,2,12,0
8193600,0,0,1,1,0,0,133,2,12,0
8193667,0,1,1,0,1,0,133,2,12,0
8194015,1,1,0,0,0,0,133,2,12,0
8194350,1,1,1,1,1,0,133,2,12,0
8194842,1,0,1,0,0,0,133,2,12,0
8195592,1,0,0,1,1,0,133,2,12,0
8196084,1,0,1,0,0,0,133,2,12,0
8196319,0,0,1,1,0,0,133,2,12,0
8196396,0,1,1,0,1,0,133,2,12,0
8196824,0,1,1,0,1,0,133,2,12,0
8197288,0,1,0,1,0,0,133,2,12,0
8197461,0,0,0,0,1,0,133,2,12,0
8197637,1,0,0,1,1,0,133,2,12,0
8198278,1,0,1,0,0,0,133,2,12,0
8199951,1,0,1,0,0,0,133,2,12,0
8200059,1,0,0,1,1,0,133,2,12,0
8200704,1,0,0,1,1,0,133,2,12,0
8200817,1,0,0,1,1,0,133,2,12,0
8201187,0,1,1,1,1,1,133,2,12,0
8201959,0,1,0,1,0,0,133,2,12,0
8202331,0,1,0,1,0,0,133,2,12,0
8202492,1,1,0,0,0,0,133,2,12,0
8202605,0,0,1,1,0,0,133,2,12,0
8202851,0,1,1,0,1,0,133,2,12,0
8203604,1,0,0,1,1,0,133,2,12,0
8204365,1,1,1,1,1,0,133,2,12,0
8204389,0,1,0,1,0,0,133,2,12,0
8204725,0,1,0,1,0,0,133,2,12,0
8205439,1,1,1,1,1,0,133,2,12,0
8206122,0,1,1,0,1,0,133,2,12,0
8206516,0,0,1,1,0,0,133,2,12,0
8206777,0,0,1,1,0,0,133,2,12,0
8206998,1,0,0,1,1,0,133,2,12,0
8207063,1,0,0,1,1,0,133,2,12,0
8207341,1,1,0,0,0,0,133,2,12,0
8207516,0,1,1,0,1,0,133,2,12,0
8207689,0,1,1,0,1,0,133,2,12,0
8208285,0,1,0,1,0,0,133,2,12,0
8208533,0,0,0,0,1,0,133,2,12,0
8209226,1,0,0,1,1,0,133,2,12,0
8210446,1,1,0,0,0,0,133,2,12,0
8210597,0,0,1,1,0,0,133,2,12,0
8210976,0,0,0,0,1,0,133,2,12,0
8210979,0,0,0,0,1,0,133,2,12,0
8211216,0,0,0,0,1,0,133,2,12,0
8211728,1,1,0,0,0,0,133,2,12,0
8212481,1,0,1,0,0,0,133,2,12,0
8212700,0,1,1,0,1,0,133,2,12,0
8213371,1,1,0,0,0,0,133,2,12,0
8215017,0,0,1,1,0,0,133,2,12,0
8215335,0,0,1,1,0,0,133,2,12,0
8216375,0,1,1,0,1,0,133,2,12,0
8216648,1,0,0,1,1,0,133,2,12,0
8217244,0,1,1,0,1,0,133,2,12,0
8217487,1,1,0,0,0,0,133,2,12,0
8218173,1,0,0,1,1,0,133,2,12,0
8218934,0,1,1,0,1,0,133,2,12,0
8219128,1,1,1,1,1,0,133,2,12,0
8219946,1,1,0,0,0,0,133,2,12,0
8221623,0,0,1,1,0,0,133,2,12,0
8222281,0,0,1,1,0,0,133,2,12,0
8222437,0,0,0,0,1,0,133,2,12,0
8222498,0,0,1,1,0,0,133,2,12,0
8223877,1,1,1,1,1,0,133,2,12,0
8224533,0,1,1,0,1,0,133,2,12,0
8225248,0,1,1,0,1,0,133,2,12,0
8225448,0,1,1,0,1,0,133,2,12,0
8225463,0,1,0,1,0,0,133,2,12,0
8226640,0,0,1,1,0,0,133,2,12,0
8226952,1,0,1,0,0,0,133,2,12,0
8227335,1,0,0,1,1,0,133,2,12,0
8227738,0,1,1,0,1,0,133,2,12,0
8227888,0,1,1,0,1,0,133,2,12,0
8228895,0,1,1,0,1,0,133,2,12,0
8228947,0,0,1,1,0,0,133,2,12,0
8229391,1,0,0,1,1,0,133,2,12,0
8229463,0,1,1,0,1,0,133,2,12,0
8230011,1,0,0,1,1,0,133,2,12,0
8230501,0,1,0,1,0,0,133,2,12,0
8230564,0,1,0,1,0,0,133,2,12,0
8231708,0,1,1,0,1,0,133,2,12,0
8232214,1,0,1,0,0,0,133,2,12,0
8232591,1,0,1,0,0,0,133,2,12,0
8233828,1,0,1,0,0,0,133,2,12,0
8235891,1,0,0,1,1,0,133,2,12,0
8235920,0,0,1,1,0,0,133,2,12,0
8236090,0,0,1,1,0,0,133,2,12,0
8236165,0,1,0,1,0,0,133,2,12,0
8236415,0,1,0,1,0,0,133,2,12,0
8236564,1,0,0,1,1,0,133,2,12,0
8237366,1,1,1,1,1,0,133,2,12,0
8238878,1,0,0,1,1,0,133,2,12,0
8239209,1,0,0,1,1,0,133,2,12,0
8240221,1,1,1,1,1,0,133,2,12,0
8240285,1,1,0,0,0,0,133,2,12,0
8240438,0,1,0,1,0,0,133,2,12,0
8240944,1,0,0,1,1,0,133,2,12,0
8241784,1,1,0,1,0,0,133,2,12,0
8242501,0,1,1,0,1,0,133,2,12,0
8242682,1,1,0,0,0,0,133,2,12,0
8243579,1,1,1,1,1,0,133,2,12,0
8243667,0,1,1,1,1,1,133,2,12,0
8244022,0,0,1,1,0,0,133,2,12,0
8244030,1,0,0,1,1,0,133,2,12,0
8244305,0,0,1,1,0,0,133,2,12,0
8245040,0,1,1,1,1,1,133,2,12,0
8245048,1,1,0,0,0,0,133,2,12,0
8245162,0,1,0,1,0,0,133,2,12,0
8245382,0,0,1,1,0,0,133,2,12,0
8246784,0,0,0,0,1,0,133,2,12,0
8248616,1,0,1,0,0,0,133,2,12,0
8248631,1,0,0,1,1,0,133,2,12,0
8248757,0,0,0,0,1,0,133,2,12,0
8249282,0,1,0,1,0,0,133,2,12,0
8249640,0,0,1,1,0,0,133,2,12,0
8251325,0,1,1,0,1,0,133,2,12,0
8252507,1,1,0,0,0,0,133,2,12,0
8253111,1,1,1,1,1,0,133,2,12,0
8253196,1,1,0,0,0,0,133,2,12,0
8253210,0,1,1,0,1,0,133,2,12,0
8253745,0,0,1,1,0,0,133,2,12,0
8254166,0,1,1,0,1,0,133,2,12,0
8254521,0,0,1,1,0,0,133,2,12,0
8255436,0,1,0,1,0,0,133,2,12,0
8256057,0,1,1,0,1,0,133,2,12,0
8256974,1,1,0,1,0,0,133,2,12,0
8257174,0,1,0,1,0,0,133,2,12,0
8257227,1,0,1,0,0,0,133,2,12,0
8258004,0,1,1,0,1,0,158,1,12,0
8258736,1,1,0,0,0,0,158,1,12,0
8258965,1,0,1,0,0,0,158,1,12,0
8259649,1,1,0,0,0,0,158,1,12,0
8259700,1,1,1,1,1,0,158,1,12,0
8259746,0,1,1,0,1,0,158,1,12,0
8260089,0,1,1,0,1,0,158,1,12,0
8260390,1,0,1,0,0,0,158,1,12,0
8261592,1,0,1,0,0,0,158,1,12,0
8261683,0,0,0,0,1,0,158,1,12,0
8262291,1,1,0,0,0,0,158,1,12,0
8262384,1,0,0,1,1,0,158,1,12,0
8262819,0,1,1,0,1,0,158,1,12,0
8262998,1,1,0,0,0,0,158,1,12,0
8263315,1,0,0,1,1,0,158,1,12,0
8263823,1,1,1,1,1,0,158,1,12,0
8264257,0,1,0,1,0,0,158,1,12,0
8265067,1,0,1,0,0,0,158,1,12,0
8265085,1,1,0,0,0,0,158,1,12,0
8265242,1,1,0,0,0,0,158,1,12,0
8265723,0,1,1,0,1,0,158,1,12,0
8266188,0,0,1,1,0,0,158,1,12,0
8266372,1,0,1,0,0,0,158,1,12,0
8267190,1,1,1,1,1,0,158,1,12,0
8267287,1,0,1,0,0,0,158,1,12,0
8267690,1,1,1,1,1,0,158,1,12,0
8267917,1,1,0,0,0,0,158,1,12,0
8268156,1,0,1,0,0,0,158,1,12,0
8268415,0,0,0,0,1,0,158,1,12,0
8268593,0,0,0,0,1,0,158,1,12,0
8269211,1,1,0,0,0,0,158,1,12,0
8270038,0,0,1,1,0,0,158,1,12,0
8270201,0,0,1,0,0,0,158,1,12,0
8270590,1,0,0,0,1,1,158,1,12,0
8270833,0,0,1,1,0,0,158,1,12,0
8271369,1,1,0,0,0,0,158,1,12,0
8273179,0,1,0,1,0,0,158,1,12,0
8273431,1,0,1,0,0,0,158,1,12,0
8273744,0,1,0,1,0,0,158,1,12,0
8273839,0,1,0,1,0,0,158,1,12,0
8274116,0,1,1,0,1,0,158,1,12,0
8274126,0,1,0,1,0,0,158,1,12,0
8274891,0,1,1,0,1,0,158,1,12,0
8275192,0,1,1,0,1,0,158,1,12,0
8275216,0,1,0,0,0,0,158,1,12,0
8275795,1,1,1,1,1,0,158,1,12,0
8276208,1,0,1,0,0,0,158,1,12,0
8276287,0,1,1,0,1,0,158,1,12,0
8276688,1,1,1,1,1,0,158,1,12,0
8277167,0,1,1,1,1,1,158,1,12,0
8277626,0,1,1,0,1,0,158,1,12,0
8277927,0,0,0,0,1,0,158,1,12,0
8278057,1,1,0,0,0,0,158,1,12,0
8278962,0,1,1,0,1,0,158,1,12,0
8279346,0,1,1,0,1,0,158,1,12,0
8279358,0,1,0,1,0,0,158,1,12,0
8280222,0,0,1,1,0,0,158,1,12,0
8281060,1,1,1,1,1,0,158,1,12,0
8281480,0,1,1,0,1,0,158,1,12,0
8281655,1,0,0,1,1,0,158,1,12,0
8281730,0,1,0,1,0,0,158,1,12,0
8281858,1,1,1,0,1,1,158,1,12,0
8282285,0,0,1,1,0,0,158,1,12,0
8283229,1,1,1,1,1,0,158,1,12,0
8283755,1,0,0,1,1,0,158,1,12,0
8283785,1,0,0,1,1,0,158,1,12,0
8284093,1,1,0,0,0,0,158,1,12,0
8284135,0,1,1,0,1,0,158,1,12,0
8284366,0,0,1,1,0,0,158,1,12,0
8285665,0,1,1,0,1,0,158,1,12,0
8285690,1,1,0,0,0,0,158,1,12,0
8286557,0,0,0,0,1,0,158,1,12,0
8288352,0,0,0,0,1,0,158,1,12,0
8288390,0,0,1,1,0,0,158,1,12,0
8290317,0,1,1,0,1,0,158,1,12,0
8290407,1,0,0,1,1,0,158,1,12,0
8290652,1,0,0,1,1,0,158,1,12,0
8292642,1,0,1,0,0,0,158,1,12,0
8292750,1,1,1,1,1,0,158,1,12,0
8293133,0,1,0,1,0,0,158,1,12,0
8294058,1,0,0,1,1,0,158,1,12,0
8295295,1,1,1,1,1,0,158,1,12,0
8295959,1,0,1,0,0,0,158,1,12,0
8297304,1,1,1,1,1,0,158,1,12,0
8297778,0,1,0,1,0,0,158,1,12,0
8298202,1,1,1,1,1,0,158,1,12,0
8299426,1,0,0,1,1,0,158,1,12,0
8299708,0,0,1,1,0,0,158,1,12,0
8301099,1,0,0,1,1,0,158,1,12,0
8302339,1,0,0,1,1,0,158,1,12,0
8302880,1,1,1,1,1,0,158,1,12,0
8303099,1,0,0,1,1,0,158,1,12,0
8305144,0,0,0,0,1,0,158,1,12,0
8306712,0,1,1,0,1,0,158,1,12,0
8306925,1,1,1,1,1,0,158,1,12,0
8307366,1,0,0,1,1,0,158,1,12,0
8307451,1,1,1,1,1,0,158,1,12,0
8307753,0,1,0,1,0,0,158,1,12,0
8308105,0,1,1,0,1,0,158,1,12,0
8308792,0,1,0,1,0,0,158,1,12,0
8308950,1,0,1,1,0,0,158,1,12,0
8309058,0,1,0,1,0,0,158,1,12,0
8309131,1,1,0,0,0,0,158,1,12,0
8309554,1,0,1,0,0,0,158,1,12,0
8311301,0,0,0,0,1,0,158,1,12,0
8313318,0,0,0,0,1,0,158,1,12,0
8313384,0,0,0,0,1,0,158,1,12,0
8313955,0,1,0,1,0,0,158,1,12,0
8313971,1,0,0,1,1,0,158,1,12,0
8314473,0,0,1,1,0,0,158,1,12,0
8314481,0,0,1,1,0,0,158,1,12,0
8314820,1,1,1,1,1,0,158,1,12,0
8314842,0,0,0,0,1,0,158,1,12,0
8314908,1,0,1,0,0,0,158,1,12,0
8316107,0,0,0,0,1,0,158,1,12,0
8316278,0,0,0,0,1,0,158,1,12,0
8316290,0,1,0,1,0,0,158,1,12,0
8316384,1,1,0,0,0,0,158,1,12,0
8316685,0,1,1,1,1,1,158,1,12,0
8316699,1,0,1,0,0,0,158,1,12,0
8316788,0,0,1,1,0,0,158,1,12,0
8316877,0,0,0,0,1,0,158,1,12,0
8317928,0,0,1,1,0,0,158,1,12,0
8317963,1,0,1,1,0,0,158,1,12,0
8318579,1,1,0,0,0,0,158,1,12,0
8318593,0,0,1,1,0,0,158,1,12,0
8318841,1,1,0,0,0,0,158,1,12,0
8319444,1,1,0,0,0,0,158,1,12,0
8319831,1,0,1,0,0,0,158,1,12,0
8319891,0,1,0,1,0,0,158,1,12,0
8320567,0,1,0,1,0,0,158,1,12,0
8321836,1,1,1,1,1,0,158,1,12,0
8323371,0,1,0,1,0,0,86,1,9,0
8326133,0,0,0,0,1,0,86,1,9,0
8328789,1,0,1,0,0,0,86,1,9,0
8330311,0,1,1,0,1,0,86,1,9,0
8330768,1,1,1,1,1,0,86,1,9,0
8332633,0,1,0,1,0,0,86,1,9,0
8332643,0,1,1,0,1,0,86,1,9,0
8333074,0,0,1,1,0,0,86,1,9,0
8333932,0,0,0,0,1,0,86,1,9,0
8335062,1,0,0,1,1,0,86,1,9,0
8335398,0,0,0,0,1,0,86,1,9,0
8335709,1,1,1,1,1,0,86,1,9,0
8339089,1,1,0,0,0,0,86,1,9,0
8339179,0,0,1,1,0,0,86,1,9,0
8339500,0,0,0,0,1,0,86,1,9,0
8339723,1,1,0,0,0,0,86,1,9,0
8340209,0,0,1,1,0,0,86,1,9,0
8340955,1,0,0,1,1,0,86,1,9,0
8341022,1,1,0,0,0,0,86,1,9,0
8341115,0,1,0,1,0,0,86,1,9,0
8341123,1,1,1,1,1,0,86,1,9,0
8342511,1,1,0,0,0,0,86,1,9,0
8342662,0,0,0,0,1,0,86,1,9,0
8343942,0,1,0,1,0,0,86,1,9,0
8344441,1,1,1,1,1,0,86,1,9,0
8345928,1,1,1,1,1,0,86,1,9,0
8346549,0,0,1,1,0,0,86,1,9,0
8347096,1,0,1,0,0,0,86,1,9,0
8347144,1,1,0,1,0,0,86,1,9,0
8348362,1,1,0,0,0,0,86,1,9,0
8350087,1,1,0,0,0,0,86,1,9,0
8352391,1,0,1,0,0,0,86,1,9,0
8355347,0,1,0,1,0,0,86,1,9,0
8355981,1,0,0,1,1,0,86,1,9,0
8358883,1,1,0,0,0,0,86,1,9,0
8358906,1,0,0,1,1,0,86,1,9,0
8359809,1,0,0,1,1,0,86,1,9,0
8360069,0,0,1,1,0,0,86,1,9,0
8361064,1,0,1,0,0,0,86,1,9,0
8362207,1,1,0,0,0,0,86,1,9,0
8366010,0,0,0,0,1,0,86,1,9,0
8366650,0,0,0,0,1,0,86,1,9,0
8367534,1,0,1,0,0,0,86,1,9,0
8368061,1,1,0,0,0,0,86,1,9,0
8370243,1,0,1,0,0,0,86,1,9,0
8371256,1,0,0,1,1,0,86,1,9,0
8372109,1,0,1,1,0,0,86,1,9,0
8373305,1,0,0,1,1,0,86,1,9,0
8374006,1,1,0,0,0,0,86,1,9,0
8374074,1,0,1,0,0,0,86,1,9,0
8377035,1,1,1,1,1,0,86,1,9,0
8377447,0,0,0,0,1,0,86,1,9,0
8377822,0,1,0,1,0,0,86,1,9,0
8378373,1,0,1,0,0,0,86,1,9,0
8380554,0,1,0,1,0,0,86,1,9,0
8381282,0,0,1,1,0,0,86,1,9,0
8384701,1,1,1,1,1,0,86,1,9,0
8384717,0,0,1,1,0,0,86,1,9,0
8384939,1,0,1,0,0,0,86,1,9,0
8385286,0,0,0,0,1,0,86,1,9,0
8387220,0,0,1,1,0,0,86,1,9,0
8387574,0,1,1,0,1,0,86,1,9,0
8388363,1,1,1,1,1,0,86,1,9,0
8389399,1,1,0,0,0,0,100,1,9,0
8391953,1,0,0,1,1,0,100,1,9,0
8392008,1,0,1,0,0,0,100,1,9,0
8393079,1,0,1,0,0,0,100,1,9,0
8393129,1,0,1,0,0,0,100,1,9,0
8393419,1,0,1,0,0,0,100,1,9,0
8393551,0,0,0,0,1,0,100,1,9,0
8396823,1,0,1,0,0,0,100,1,9,0
8397115,0,0,1,1,0,0,100,1,9,0
8398653,1,1,1,1,1,0,100,1,9,0
8398680,0,1,0,1,0,0,100,1,9,0
8398935,0,0,0,0,1,0,100,1,9,0
8399733,0,0,1,1,0,0,100,1,9,0
8400618,0,0,0,0,1,0,100,1,9,0
8401723,1,0,0,1,1,0,100,1,9,0
8402739,1,1,1,1,1,0,100,1,9,0
8403546,0,0,1,1,0,0,100,1,9,0
8403996,1,0,1,0,0,0,100,1,9,0
8404055,0,0,0,1,1,1,100,1,9,0
8404446,1,1,0,0,0,0,100,1,9,0
8404773,1,1,1,1,1,0,100,1,9,0
8405035,0,1,0,1,0,0,100,1,9,0
8405252,1,0,1,0,0,0,100,1,9,0
8407461,1,1,1,1,1,0,100,1,9,0
8407677,0,1,0,1,0,0,100,1,9,0
8408647,0,1,1,0,1,0,100,1,9,0
8413631,1,0,1,0,0,0,100,1,9,0
8415872,1,1,0,0,0,0,100,1,9,0
8415913,0,1,1,0,1,0,100,1,9,0
8416143,0,1,1,0,1,0,100,1,9,0
8416351,0,1,0,1,0,0,100,1,9,0
8417230,1,1,0,0,0,0,100,1,9,0
8417353,1,0,1,0,0,0,100,1,9,0
8418026,1,1,0,0,0,0,100,1,9,0
8418504,1,1,0,0,0,0,100,1,9,0
8420249,0,1,1,0,1,0,100,1,9,0
8420379,1,1,0,0,0,0,100,1,9,0
8420493,0,0,1,1,0,0,100,1,9,0
8420951,0,0,0,0,1,0,100,1,9,0
8422769,1,0,0,1,1,0,100,1,9,0
8423730,1,1,1,1,1,0,100,1,9,0
8423844,0,0,1,1,0,0,100,1,9,0
8424544,1,0,0,1,1,0,100,1,9,0
8424810,1,1,1,1,1,0,100,1,9,0
8424916,1,0,0,1,1,0,100,1,9,0
8427479,1,0,0,1,1,0,100,1,9,0
8430972,0,0,0,0,1,0,100,1,9,0
8432323,0,0,1,1,0,0,100,1,9,0
8434166,0,1,0,1,0,0,100,1,9,0
8435266,0,0,0,0,1,0,100,1,9,0
8435917,0,0,0,0,1,0,100,1,9,0
8436181,1,1,0,0,0,0,100,1,9,0
8436879,1,1,0,0,0,0,100,1,9,0
8436892,0,0,0,0,1,0,100,1,9,0
8437292,1,0,1,0,0,0,100,1,9,0
8439224,0,1,0,1,0,0,100,1,9,0
8440395,1,1,0,1,0,0,100,1,9,0
8443035,1,1,1,1,1,0,100,1,9,0
8445419,1,1,0,0,0,0,100,1,9,0
8445847,1,1,0,0,0,0,100,1,9,0
8446109,1,0,1,0,0,0,100,1,9,0
8446178,1,0,1,0,0,0,100,1,9,0
8446863,0,0,0,0,1,0,100,1,9,0
8446875,0,1,1,0,1,0,100,1,9,0
8448656,0,1,0,1,0,0,100,1,9,0
8449773,1,1,1,1,1,0,100,1,9,0
8450491,0,1,0,1,0,0,100,1,9,0
8450608,1,1,1,1,1,0,100,1,9,0
8451358,0,1,1,0,1,0,100,1,9,0
8452351,0,0,1,1,0,0,100,1,9,0
8452674,1,1,1,1,1,0,100,1,9,0
8452876,0,0,1,1,0,0,100,1,9,0
8453012,1,1,0,0,0,0,100,1,9,0
8453211,1,1,0,0,0,0,100,1,9,0
8455523,0,1,1,0,1,0,141,1,9,0
8455657,1,0,1,0,0,0,141,1,9,0
8455853,0,1,0,1,0,0,141,1,9,0
8456452,0,0,1,1,0,0,141,1,9,0
8457911,1,0,0,1,1,0,141,1,9,0
8459762,0,1,1,0,1,0,141,1,9,0
8460232,0,1,1,0,1,0,141,1,9,0
8461117,1,1,0,0,0,0,141,1,9,0
8462509,0,1,0,1,0,0,141,1,9,0
8462971,0,0,1,1,0,0,141,1,9,0
8464798,0,1,0,1,0,0,141,1,9,0
8467571,0,1,0,1,0,0,141,1,9,0
8467616,1,0,1,1,0,0,141,1,9,0
8468595,0,0,0,0,1,0,141,1,9,0
8469149,1,1,0,0,0,0,141,1,9,0
8469625,1,0,0,0,1,1,141,1,9,0
8469695,1,1,1,1,1,0,141,1,9,0
8469950,1,1,0,0,0,0,141,1,9,0
8470763,0,0,0,0,1,0,141,1,9,0
8471252,1,0,1,0,0,0,141,1,9,0
8472068,1,0,0,1,1,0,141,1,9,0
8472842,1,1,0,0,0,0,141,1,9,0
8473354,0,1,1,0,1,0,141,1,9,0
8473581,1,1,1,1,1,0,141,1,9,0
8473737,1,1,1,1,1,0,141,1,9,0
8474572,0,1,0,1,0,0,141,1,9,0
8474848,0,0,0,0,1,0,141,1,9,0
8475109,0,0,0,0,1,0,141,1,9,0
8475139,0,0,1,1,0,0,141,1,9,0
8475732,0,0,1,1,0,0,141,1,9,0
8476224,1,0,0,1,1,0,141,1,9,0
8476957,1,1,0,0,0,0,141,1,9,0
8477695,0,1,1,0,1,0,141,1,9,0
8478438,0,0,0,0,1,0,141,1,9,0
8478515,1,0,1,0,0,0,141,1,9,0
8481164,0,0,0,1,1,1,141,1,9,0
8482633,0,1,0,1,0,0,141,1,9,0
8483747,0,1,1,0,1,0,141,1,9,0
8484580,1,1,1,1,1,0,141,1,9,0
8485147,0,0,0,0,1,0,141,1,9,0
8485538,0,0,1,1,0,0,141,1,9,0
8486117,1,0,1,0,0,0,141,1,9,0
8486380,1,0,1,0,0,0,141,1,9,0
8486679,1,0,0,1,1,0,141,1,9,0
8487026,0,0,1,1,0,0,141,1,9,0
8487400,1,0,0,1,1,0,141,1,9,0
8487477,1,0,1,1,0,0,141,1,9,0
8487602,0,0,0,0,1,0,141,1,9,0
8489302,0,0,0,0,1,0,141,1,9,0
8490231,0,1,0,1,0,0,141,1,9,0
8492756,0,1,0,1,0,0,141,1,9,0
8492977,0,0,0,0,1,0,141,1,9,0
8493711,0,0,1,1,0,0,141,1,9,0
8493989,1,0,1,0,0,0,141,1,9,0
8493993,0,0,0,0,1,0,141,1,9,0
8495903,1,1,1,1,1,0,141,1,9,0
8496232,1,1,0,0,0,0,141,1,9,0
8498192,1,0,0,1,1,0,141,1,9,0
8498491,0,0,0,0,1,0,141,1,9,0
8498759,0,1,0,1,0,0,141,1,9,0
8499057,0,1,1,0,1,0,141,1,9,0
8500368,0,1,0,1,0,0,141,1,9,0
8500662,0,1,1,0,1,0,141,1,9,0
8501127,0,1,0,1,0,0,141,1,9,0
8501410,1,0,0,1,1,0,141,1,9,0
8501475,0,1,0,1,0,0,141,1,9,0
8501994,0,0,1,1,0,0,141,1,9,0
8504480,1,1,1,0,1,1,141,1,9,0
8505454,1,1,1,1,1,0,141,1,9,0
8506647,1,1,0,0,0,0,141,1,9,0
8507947,1,1,1,1,1,0,141,1,9,0
8508049,0,1,1,0,1,0,141,1,9,0
8508292,0,1,0,1,0,0,141,1,9,0
8508416,0,1,1,0,1,0,141,1,9,0
8509659,0,0,1,1,0,0,141,1,9,0
8509666,0,1,1,0,1,0,141,1,9,0
8510342,0,1,0,1,0,0,141,1,9,0
8510920,1,1,1,1,1,0,141,1,9,0
8510999,0,0,0,0,1,0,141,1,9,0
8511082,0,1,0,1,0,0,141,1,9,0
8511242,1,1,0,0,0,0,141,1,9,0
8511250,0,1,1,0,1,0,141,1,9,0
8511776,1,1,1,1,1,0,141,1,9,0
8512516,0,1,0,1,0,0,141,1,9,0
8512946,0,0,1,1,0,0,141,1,9,0
8513876,0,0,1,1,0,0,141,1,9,0
8514361,1,0,0,1,1,0,141,1,9,0
8514382,0,1,0,1,0,0,141,1,9,0
8514527,0,1,0,1,0,0,141,1,9,0
8515022,1,0,1,0,0,0,141,1,9,0
8515244,1,0,1,0,0,0,141,1,9,0
8515550,1,0,0,1,1,0,141,1,9,0
8516211,0,1,1,0,1,0,141,1,9,0
8516330,1,0,1,0,0,0,141,1,9,0
8516357,0,0,0,0,1,0,141,1,9,0
8517134,1,1,0,0,0,0,141,1,9,0
8517196,1,0,1,0,0,0,141,1,9,0
8517533,1,1,0,0,0,0,141,1,9,0
8517744,0,1,1,0,1,0,141,1,9,0
8518687,0,0,0,0,1,0,141,1,9,0
8519293,0,0,0,0,1,0,141,1,9,0
8519855,1,0,1,0,0,0,150,1,9,0
8520933,1,0,0,1,1,0,150,1,9,0
8521380,1,0,1,0,0,0,150,1,9,0
8521511,0,1,1,0,1,0,150,1,9,0
8521973,0,0,0,0,1,0,150,1,9,0
8522967,1,1,1,1,1,0,150,1,9,0
8523258,0,1,1,0,1,0,150,1,9,0
8523379,0,0,1,1,0,0,150,1,9,0
8523472,1,1,0,0,0,0,150,1,9,0
8523867,0,0,1,1,0,0,150,1,9,0
8525214,0,0,1,1,0,0,150,1,9,0
8525823,1,1,0,0,0,0,150,1,9,0
8526659,0,0,1,1,0,0,150,1,9,0
8526998,1,1,1,1,1,0,150,1,9,0
8527157,1,1,0,0,0,0,150,1,9,0
8528274,0,0,0,0,1,0,150,1,9,0
8528557,0,0,1,1,0,0,150,1,9,0
8528938,0,0,0,0,1,0,150,1,9,0
8529091,0,1,0,1,0,0,150,1,9,0
8529364,0,0,0,0,1,0,150,1,9,0
8529657,1,1,1,1,1,0,150,1,9,0
8530376,0,1,1,1,1,1,150,1,9,0
8530794,1,0,1,0,0,0,150,1,9,0
8531439,0,0,1,1,0,0,150,1,9,0
8531571,0,1,1,0,1,0,150,1,9,0
8532241,0,0,1,1,0,0,150,1,9,0
8532407,1,0,1,0,0,0,150,1,9,0
8533815,1,0,1,0,0,0,150,1,9,0
8534465,1,1,1,1,1,0,150,1,9,0
8535273,0,1,0,1,0,0,150,1,9,0
8536802,1,0,0,1,1,0,150,1,9,0
8536807,0,0,0,0,1,0,150,1,9,0
8536973,0,1,0,1,0,0,150,1,9,0
8537300,0,0,1,1,0,0,150,1,9,0
8538253,1,1,1,1,1,0,150,1,9,0
8539180,1,0,1,1,0,0,150,1,9,0
8541393,0,1,1,0,1,0,150,1,9,0
8542623,1,1,1,1,1,0,150,1,9,0
8542737,1,0,1,0,0,0,150,1,9,0
8543323,0,1,1,0,1,0,150,1,9,0
8543561,0,1,0,1,0,0,150,1,9,0
8543577,0,0,1,1,0,0,150,1,9,0
8544201,0,1,1,0,1,0,150,1,9,0
8544473,1,1,0,0,0,0,150,1,9,0
8544987,0,0,1,1,0,0,150,1,9,0
8545857,1,0,0,1,1,0,150,1,9,0
8546868,1,0,0,1,1,0,150,1,9,0
8547277,1,0,1,0,0,0,150,1,9,0
8547384,0,0,1,1,0,0,150,1,9,0
8548366,1,0,0,1,1,0,150,1,9,0
8548492,0,1,1,0,1,0,150,1,9,0
8549353,1,0,1,0,0,0,150,1,9,0
8549484,0,0,1,1,0,0,150,1,9,0
8549803,1,0,1,0,0,0,150,1,9,0
8550325,1,1,0,0,0,0,150,1,9,0
8551558,1,1,1,1,1,0,150,1,9,0
8552988,0,0,0,0,1,0,150,1,9,0
8553302,0,1,0,1,0,0,150,1,9,0
8553428,1,1,0,0,0,0,150,1,9,0
8553770,0,1,1,0,1,0,150,1,9,0
8556942,1,0,1,0,0,0,150,1,9,0
8557173,0,0,0,0,1,0,150,1,9,0
8557896,1,0,1,0,0,0,150,1,9,0
8559026,1,0,1,0,0,0,150,1,9,0
8562040,0,0,0,0,1,0,150,1,9,0
8562176,0,0,1,1,0,0,150,1,9,0
8562276,1,1,0,0,0,0,150,1,9,0
8562717,0,0,1,1,0,0,150,1,9,0
8562760,0,0,0,0,1,0,150,1,9,0
8563381,0,1,1,0,1,0,150,1,9,0
8563879,0,0,0,0,1,0,150,1,9,0
8564178,0,0,0,0,1,0,150,1,9,0
8565506,1,1,1,1,1,0,150,1,9,0
8565686,0,1,1,0,1,0,150,1,9,0
8566727,0,1,1,0,1,0,150,1,9,0
8566821,0,1,1,0,1,0,150,1,9,0
8567334,0,0,0,0,1,0,150,1,9,0
8567589,1,0,1,0,0,0,150,1,9,0
8568443,1,1,0,0,0,0,150,1,9,0
8568817,1,0,0,1,1,0,150,1,9,0
8569529,0,1,0,1,0,0,150,1,9,0
8570175,1,0,1,0,0,0,150,1,9,0
8571578,1,1,1,1,1,0,150,1,9,0
8571840,1,0,1,0,0,0,150,1,9,0
8571882,1,0,0,1,1,0,150,1,9,0
8572335,1,1,1,1,1,0,150,1,9,0
8572340,1,0,1,0,0,0,150,1,9,0
8573451,0,0,0,0,1,0,150,1,9,0
8574049,0,1,1,0,1,0,150,1,9,0
8575526,0,1,0,1,0,0,150,1,9,0
8575549,1,0,0,1,1,0,150,1,9,0
8575980,0,0,1,1,0,0,150,1,9,0
8577026,0,1,0,1,0,0,150,1,9,0
8577538,0,1,1,0,1,0,150,1,9,0
8577888,1,1,1,1,1,0,150,1,9,0
8579763,1,1,1,1,1,0,150,1,9,0
8580561,1,0,0,1,1,0,150,1,9,0
8580908,1,1,1,1,1,0,150,1,9,0
8581239,0,1,1,0,1,0,150,1,9,0
8581437,1,1,1,1,1,0,150,1,9,0
8582206,0,0,1,1,0,0,150,1,9,0
8583032,0,0,0,0,1,0,150,1,9,0
8583224,1,1,0,1,0,0,150,1,9,0
8584841,1,0,0,1,1,0,150,1,9,0
8585609,1,0,1,0,0,0,120,1,9,0
8586467,1,0,0,1,1,0,120,1,9,0
8587232,1,1,1,1,1,0,120,1,9,0
8587851,0,1,1,0,1,0,120,1,9,0
8587926,1,0,1,0,0,0,120,1,9,0
8588075,1,1,0,1,0,0,120,1,9,0
8588788,0,0,1,1,0,0,120,1,9,0
8589085,1,0,1,0,0,0,120,1,9,0
8589831,0,1,1,0,1,0,120,1,9,0
8590430,1,1,0,0,0,0,120,1,9,0
8590852,1,0,1,0,0,0,120,1,9,0
8590945,0,1,1,0,1,0,120,1,9,0
8592003,1,0,0,1,1,0,120,1,9,0
8592696,0,1,0,0,0,0,120,1,9,0
8594800,0,1,0,1,0,0,120,1,9,0
8595591,0,0,0,0,1,0,120,1,9,0
8596303,0,0,0,0,1,0,120,1,9,0
8597283,0,0,1,1,0,0,120,1,9,0
8597494,1,0,1,0,0,0,120,1,9,0
8598261,0,1,0,1,0,0,120,1,9,0
8598914,1,0,0,1,1,0,120,1,9,0
8599100,1,0,0,1,1,0,120,1,9,0
8599744,1,0,0,1,1,0,120,1,9,0
8600044,1,0,0,1,1,0,120,1,9,0
8600099,0,1,0,1,0,0,120,1,9,0
8600120,1,0,0,1,1,0,120,1,9,0
8601773,1,1,0,0,0,0,120,1,9,0
8602450,1,1,1,1,1,0,120,1,9,0
8603479,0,0,1,1,0,0,120,1,9,0
8605745,0,1,1,0,1,0,120,1,9,0
8606176,1,0,0,1,1,0,120,1,9,0
8606668,0,1,0,1,0,0,120,1,9,0
8607548,0,1,0,1,0,0,120,1,9,0
8610263,1,0,1,0,0,0,120,1,9,0
8611372,1,1,0,0,0,0,120,1,9,0
8611886,0,1,0,1,0,0,120,1,9,0
8612801,1,0,1,0,0,0,120,1,9,0
8613047,0,0,0,0,1,0,120,1,9,0
8613194,1,0,1,0,0,0,120,1,9,0
8613854,0,0,1,1,0,0,120,1,9,0
8614022,0,0,1,1,0,0,120,1,9,0
8614217,0,1,0,1,0,0,120,1,9,0
8617112,1,1,0,0,0,0,120,1,9,0
8617278,1,0,1,0,0,0,120,1,9,0
8617374,1,0,0,1,1,0,120,1,9,0
8617467,1,0,1,0,0,0,120,1,9,0
8618312,0,1,1,0,1,0,120,1,9,0
8618956,1,1,1,1,1,0,120,1,9,0
8619318,0,0,0,0,1,0,120,1,9,0
8619528,1,0,0,1,1,0,120,1,9,0
8622017,1,1,1,1,1,0,120,1,9,0
8622172,0,1,0,1,0,0,120,1,9,0
8622313,1,1,0,0,0,0,120,1,9,0
8622631,1,0,0,1,1,0,120,1,9,0
8623458,0,0,1,1,0,0,120,1,9,0
8623593,0,1,1,0,1,0,120,1,9,0
8623736,1,0,1,1,0,0,120,1,9,0
8624502,0,0,1,0,0,0,120,1,9,0
8624635,0,0,0,0,1,0,120,1,9,0
8625399,1,1,0,0,0,0,120,1,9,0
8625627,1,0,1,0,0,0,120,1,9,0
8626254,1,0,0,1,1,0,120,1,9,0
8626444,0,1,1,0,1,0,120,1,9,0
8626448,0,1,1,0,1,0,120,1,9,0
8626460,1,1,0,0,0,0,120,1,9,0
8626692,1,1,0,0,0,0,120,1,9,0
8628993,0,1,0,1,0,0,120,1,9,0
8629723,1,1,1,1,1,0,120,1,9,0
8630198,0,0,1,1,0,0,120,1,9,0
8630293,1,0,1,0,0,0,120,1,9,0
8630497,0,0,1,1,0,0,120,1,9,0
8631443,1,0,0,1,1,0,120,1,9,0
8631674,1,0,1,0,0,0,120,1,9,0
8632158,0,1,1,0,1,0,120,1,9,0
8632356,0,0,0,0,1,0,120,1,9,0
8632556,0,0,1,1,0,0,120,1,9,0
8634596,1,1,1,1,1,0,120,1,9,0
8635178,1,1,1,1,1,0,120,1,9,0
8635360,1,0,0,1,1,0,120,1,9,0
8635523,0,1,0,1,0,0,120,1,9,0
8636352,1,1,1,1,1,0,120,1,9,0
8636433,0,1,1,0,1,0,120,1,9,0
8636787,1,1,1,1,1,0,120,1,9,0
8637012,1,0,0,1,1,0,120,1,9,0
8637240,0,0,1,1,0,0,120,1,9,0
8639260,0,0,0,0,1,0,120,1,9,0
8640205,1,1,1,1,1,0,120,1,9,0
8641058,1,1,1,1,1,0,120,1,9,0
8641117,0,0,1,1,0,0,120,1,9,0
8641743,1,1,0,0,0,0,120,1,9,0
8641957,0,1,0,1,0,0,120,1,9,0
8642648,0,0,0,0,1,0,120,1,9,0
8642892,1,1,1,1,1,0,120,1,9,0
8643950,1,1,1,1,1,0,120,1,9,0
8645016,0,1,1,0,1,0,120,1,9,0
8645750,1,0,0,1,1,0,120,1,9,0
8646257,0,0,1,1,0,0,120,1,9,0
8647369,1,1,1,1,1,0,120,1,9,0
8647652,0,0,0,0,1,0,120,1,9,0
8648508,0,0,0,0,1,0,120,1,9,0
8648829,0,0,1,1,0,0,120,1,9,0
8651028,0,1,1,0,1,0,111,1,9,0
8651040,0,1,1,0,1,0,111,1,9,0
8651407,1,0,1,0,0,0,111,1,9,0
8652114,1,1,0,0,0,0,111,1,9,0
8653226,1,1,1,1,1,0,111,1,9,0
8654134,1,0,0,1,1,0,111,1,9,0
8654977,0,0,0,0,1,0,111,1,9,0
8655547,0,0,0,0,1,0,111,1,9,0
8656421,0,0,0,0,1,0,111,1,9,0
8658521,1,0,0,1,1,0,111,1,9,0
8658864,1,1,0,0,0,0,111,1,9,0
8659904,1,1,1,1,1,0,111,1,9,0
8661892,0,0,0,0,1,0,111,1,9,0
8662219,1,0,1,0,0,0,111,1,9,0
8663028,1,1,0,0,0,0,111,1,9,0
8664332,0,1,1,0,1,0,111,1,9,0
8664622,1,0,0,1,1,0,111,1,9,0
8665266,0,0,1,1,0,0,111,1,9,0
8665267,0,1,0,1,0,0,111,1,9,0
8666146,1,0,1,0,0,0,111,1,9,0
8666952,1,0,1,0,0,0,111,1,9,0
8667614,1,0,1,0,0,0,111,1,9,0
8668118,1,1,1,1,1,0,111,1,9,0
8668480,0,0,0,0,1,0,111,1,9,0
8669987,0,1,0,1,0,0,111,1,9,0
8670524,0,1,0,1,0,0,111,1,9,0
8670732,1,0,1,0,0,0,111,1,9,0
8671329,0,1,0,1,0,0,111,1,9,0
8672091,1,0,0,1,1,0,111,1,9,0
8673073,1,0,0,1,1,0,111,1,9,0
8674485,0,0,0,0,1,0,111,1,9,0
8675368,0,0,0,1,1,1,111,1,9,0
8678655,1,0,1,0,0,0,111,1,9,0
8678771,1,0,1,1,0,0,111,1,9,0
8678819,1,0,0,1,1,0,111,1,9,0
8679727,1,0,0,1,1,0,111,1,9,0
8679810,0,0,0,0,1,0,111,1,9,0
8679813,0,1,0,1,0,0,111,1,9,0
8679869,1,1,0,0,0,0,111,1,9,0
8680526,1,0,0,1,1,0,111,1,9,0
8681279,0,1,0,1,0,0,111,1,9,0
8682381,0,1,1,0,1,0,111,1,9,0
8684181,1,1,0,0,0,0,111,1,9,0
8685728,0,0,0,0,1,0,111,1,9,0
8688181,0,1,0,1,0,0,111,1,9,0
8688184,1,1,0,0,0,0,111,1,9,0
8688229,0,0,1,1,0,0,111,1,9,0
8689455,0,0,1,1,0,0,111,1,9,0
8689996,1,0,1,1,0,0,111,1,9,0
8690350,1,1,0,0,0,0,111,1,9,0
8690698,1,0,0,1,1,0,111,1,9,0
8692417,1,0,1,0,0,0,111,1,9,0
8694258,0,0,1,1,0,0,111,1,9,0
8694334,1,1,0,0,0,0,111,1,9,0
8694465,1,1,0,0,0,0,111,1,9,0
8694741,1,1,0,0,0,0,111,1,9,0
8694892,1,1,0,0,0,0,111,1,9,0
8695380,0,0,0,0,1,0,111,1,9,0
8696008,0,0,1,1,0,0,111,1,9,0
8696861,0,1,0,1,0,0,111,1,9,0
8696949,1,1,1,1,1,0,111,1,9,0
8697387,0,1,1,0,1,0,111,1,9,0
8698448,0,1,1,0,1,0,111,1,9,0
8699090,1,1,0,0,0,0,111,1,9,0
8699404,1,1,0,0,0,0,111,1,9,0
8699762,0,1,1,0,1,0,111,1,9,0
8701405,1,0,0,1,1,0,111,1,9,0
8703847,1,1,0,0,0,0,111,1,9,0
8704299,0,0,0,0,1,0,111,1,9,0
8705289,0,1,1,0,1,0,111,1,9,0
8706843,0,1,0,1,0,0,111,1,9,0
8707288,1,0,0,0,1,1,111,1,9,0
8708006,0,0,0,0,1,0,111,1,9,0
8710312,1,0,0,1,1,0,111,1,9,0
8710616,1,1,0,0,0,0,111,1,9,0
8710963,1,1,0,0,0,0,111,1,9,0
8711763,0,0,1,1,0,0,111,1,9,0
8711973,1,1,1,1,1,0,111,1,9,0
8713025,1,1,1,1,1,0,111,1,9,0
8713466,0,0,1,1,0,0,111,1,9,0
8713492,1,1,1,1,1,0,111,1,9,0
8713575,1,1,1,1,1,0,111,1,9,0
8713873,1,1,1,1,1,0,111,1,9,0
8714837,1,1,0,1,0,0,111,1,9,0
8718171,1,1,1,1,1,0,255,1,9,1
8718437,1,0,0,1,1,0,255,1,9,1
8719129,1,1,1,1,1,0,255,1,9,1
8719532,0,1,1,0,1,0,255,1,9,1
8719553,0,1,1,0,1,0,255,1,9,1
8719688,1,0,1,0,0,0,255,1,9,1
8720287,0,0,0,0,1,0,255,1,9,1
8721620,1,0,1,0,0,0,255,1,9,1
8722744,0,1,1,0,1,0,255,1,9,1
8722749,0,0,0,0,1,0,255,1,9,1
8722776,0,0,1,1,0,0,255,1,9,1
8724168,0,1,0,1,0,0,255,1,9,1
8724693,1,0,0,1,1,0,255,1,9,1
8725190,0,0,0,0,1,0,255,1,9,1
8726470,0,0,1,1,0,0,255,1,9,1
8727389,0,1,1,0,1,0,255,1,9,1
8728807,0,1,0,1,0,0,255,1,9,1
8729042,0,1,1,0,1,0,255,1,9,1
8729823,1,1,1,0,1,1,255,1,9,1
8729869,1,1,0,0,0,0,255,1,9,1
8730255,1,1,1,1,1,0,255,1,9,1
8730893,1,1,1,1,1,0,255,1,9,1
8731427,0,0,1,1,0,0,255,1,9,1
8731960,0,1,1,0,1,0,255,1,9,1
8732100,0,1,1,0,1,0,255,1,9,1
8732714,0,1,0,1,0,0,255,1,9,1
8733251,0,1,1,0,1,0,255,1,9,1
8733592,1,0,1,0,0,0,255,1,9,1
8734018,1,0,1,0,0,0,255,1,9,1
8734273,0,1,0,1,0,0,255,1,9,1
8736226,0,0,0,0,1,0,255,1,9,1
8736764,1,0,0,0,1,1,255,1,9,1
8736787,0,1,1,0,1,0,255,1,9,1
8736871,0,0,1,1,0,0,255,1,9,1
8737038,0,1,1,0,1,0,255,1,9,1
8738115,1,0,0,1,1,0,255,1,9,1
8738357,1,0,0,1,1,0,255,1,9,1
8738735,0,1,0,1,0,0,255,1,9,1
8739052,1,0,1,0,0,0,255,1,9,1
8739671,0,1,1,0,1,0,255,1,9,1
8740867,0,0,1,1,0,0,255,1,9,1
8740975,0,0,0,0,1,0,255,1,9,1
8741088,0,0,0,0,1,0,255,1,9,1
8742067,0,0,0,0,1,0,255,1,9,1
8742273,1,1,1,1,1,0,255,1,9,1
8742563,0,0,1,1,0,0,255,1,9,1
8742953,0,0,1,0,0,0,255,1,9,1
8743218,1,0,1,0,0,0,255,1,9,1
8743955,0,0,0,0,1,0,255,1,9,1
8744172,0,0,0,0,1,0,255,1,9,1
8744269,1,1,1,1,1,0,255,1,9,1
8744295,0,0,0,0,1,0,255,1,9,1
8744612,0,0,1,1,0,0,255,1,9,1
8744725,1,1,0,0,0,0,255,1,9,1
8745587,1,1,0,0,0,0,255,1,9,1
8745656,1,1,0,0,0,0,255,1,9,1
8745699,0,1,0,1,0,0,255,1,9,1
8746015,1,0,1,0,0,0,255,1,9,1
8746189,0,0,0,0,1,0,255,1,9,1
8746282,0,0,0,0,1,0,255,1,9,1
8746987,1,0,0,1,1,0,255,1,9,1
8747059,0,1,0,1,0,0,255,1,9,1
8748862,1,1,0,0,0,0,255,1,9,1
8748876,0,0,0,0,1,0,255,1,9,1
8749917,0,0,0,0,1,0,255,1,9,1
8750393,0,0,0,0,1,0,255,1,9,1
8750620,0,1,0,1,0,0,255,1,9,1
8750627,0,0,0,0,1,0,255,1,9,1
8750652,0,1,0,1,0,0,255,1,9,1
8750949,1,0,0,1,1,0,255,1,9,1
8751808,0,1,0,1,0,0,255,1,9,1
8753223,1,0,1,0,0,0,255,1,9,1
8753856,0,1,1,0,1,0,255,1,9,1
8754430,1,1,1,1,1,0,255,1,9,1
8754570,1,1,0,0,0,0,255,1,9,1
8754756,1,0,0,1,1,0,255,1,9,1
8755192,1,0,1,0,0,0,255,1,9,1
8755778,0,1,0,1,0,0,255,1,9,1
8757199,0,0,0,0,1,0,255,1,9,1
8757387,0,0,1,1,0,0,255,1,9,1
8757403,0,1,0,1,0,0,255,1,9,1
8757604,1,1,0,0,0,0,255,1,9,1
8757640,0,1,1,0,1,0,255,1,9,1
8758174,0,0,1,1,0,0,255,1,9,1
8758241,1,0,0,1,1,0,255,1,9,1
8758896,1,1,1,1,1,0,255,1,9,1
8759499,1,1,0,0,0,0,255,1,9,1
8759504,1,1,1,1,1,0,255,1,9,1
8760095,1,0,1,0,0,0,255,1,9,1
8760510,0,1,1,0,1,0,255,1,9,1
8760707,1,1,0,0,0,0,255,1,9,1
8762495,1,0,1,0,0,0,255,1,9,1
8762733,1,1,1,1,1,0,255,1,9,1
8763178,0,0,1,0,0,0,255,1,9,1
8763372,1,1,0,0,0,0,255,1,9,1
8763629,0,1,1,0,1,0,255,1,9,1
8763734,0,1,0,1,0,0,255,1,9,1
8764136,0,0,0,0,1,0,255,1,9,1
8764392,0,1,1,0,1,0,255,1,9,1
8764499,1,0,1,0,0,0,255,1,9,1
8764506,1,0,0,1,1,0,255,1,9,1
8764990,1,0,0,1,1,0,255,1,9,1
8765848,0,1,0,1,0,0,255,1,9,1
8766145,0,1,0,1,0,0,255,1,9,1
8766171,0,1,0,1,0,0,255,1,9,1
8766942,1,1,1,1,1,0,255,1,9,1
8767486,1,0,1,0,0,0,255,1,9,1
8767625,1,1,0,0,0,0,255,1,9,1
8768758,1,0,1,0,0,0,255,1,9,1
8769146,1,1,0,0,0,0,255,1,9,1
8769547,1,0,0,1,1,0,255,1,9,1
8769793,1,1,0,0,0,0,255,1,9,1
8769898,0,0,0,1,1,1,255,1,9,1
8770017,1,0,0,1,1,0,255,1,9,1
8770110,1,1,1,1,1,0,255,1,9,1
8770565,1,0,1,0,0,0,255,1,9,1
8771796,1,0,0,1,1,0,255,1,9,1
8771993,1,0,1,0,0,0,255,1,9,1
8773626,1,1,0,0,0,0,255,1,9,1
8774768,0,1,1,0,1,0,255,1,9,1
8775031,1,1,0,0,0,0,255,1,9,1
8775332,1,0,0,1,1,0,255,1,9,1
8775757,1,1,1,1,1,0,255,1,9,1
8775866,1,1,0,0,0,0,255,1,9,1
8776412,1,1,0,0,0,0,255,1,9,1
8776706,1,1,1,1,1,0,255,1,9,1
8776910,0,1,0,1,0,0,255,1,9,1
8777217,0,1,0,1,0,0,255,1,9,1
8778023,1,0,1,0,0,0,255,1,9,1
8778071,1,0,0,1,1,0,255,1,9,1
8778513,1,1,0,0,0,0,255,1,9,1
8778610,0,1,1,0,1,0,255,1,9,1
8778614,0,0,0,0,1,0,255,1,9,1
8778658,0,1,0,1,0,0,255,1,9,1
8779423,1,0,1,0,0,0,255,1,9,1
8780504,1,1,1,1,1,0,255,1,9,1
8780917,0,0,1,1,0,0,255,1,9,1
8781132,0,0,1,1,0,0,255,1,9,1
8781419,0,1,0,1,0,0,255,1,9,1
8781574,1,0,1,0,0,0,255,1,9,1
8782187,0,0,0,0,1,0,123,1,9,1
8782429,0,1,0,1,0,0,123,1,9,1
8783454,0,1,0,1,0,0,123,1,9,1
8783626,0,0,1,1,0,0,123,1,9,1
8784936,0,0,0,0,1,0,123,1,9,1
8785986,1,0,0,1,1,0,123,1,9,1
8787555,0,1,0,1,0,0,123,1,9,1
8787877,1,0,0,0,1,1,123,1,9,1
8788230,0,0,1,1,0,0,123,1,9,1
8789897,0,1,1,0,1,0,123,1,9,1
8789927,1,1,0,0,0,0,123,1,9,1
8791306,0,1,0,1,0,0,123,1,9,1
8791959,1,0,1,0,0,0,123,1,9,1
8792536,1,0,1,0,0,0,123,1,9,1
8792831,1,1,1,1,1,0,123,1,9,1
8793176,1,0,0,1,1,0,123,1,9,1
8793672,1,1,0,0,0,0,123,1,9,1
8793711,0,0,0,0,1,0,123,1,9,1
8798157,0,0,1,1,0,0,123,1,9,1
8799484,0,1,1,0,1,0,123,1,9,1
8799715,0,0,0,0,1,0,123,1,9,1
8801101,1,0,0,1,1,0,123,1,9,1
8802460,0,0,0,0,1,0,123,1,9,1
8804401,1,1,1,1,1,0,123,1,9,1
8806326,0,1,1,0,1,0,123,1,9,1
8806545,1,0,0,1,1,0,123,1,9,1
8807613,1,1,0,0,0,0,123,1,9,1
8808011,0,1,0,1,0,0,123,1,9,1
8808493,0,0,1,1,0,0,123,1,9,1
8809245,1,1,0,0,0,0,123,1,9,1
8809666,1,0,0,1,1,0,123,1,9,1
8810232,1,0,0,1,1,0,123,1,9,1
8811152,1,1,0,0,0,0,123,1,9,1
8811722,1,0,1,0,0,0,123,1,9,1
8811856,0,0,1,1,0,0,123,1,9,1
8812302,1,0,1,0,0,0,123,1,9,1
8813518,1,1,1,1,1,0,123,1,9,1
8813598,1,1,0,0,0,0,123,1,9,1
8814052,1,1,1,1,1,0,123,1,9,1
8816167,0,0,0,0,1,0,123,1,9,1
8816569,1,1,0,0,0,0,123,1,9,1
8816580,0,1,0,1,0,0,123,1,9,1
8818994,0,0,0,0,1,0,123,1,9,1
8819889,1,0,1,0,0,0,123,1,9,1
8821186,1,0,0,1,1,0,123,1,9,1
8822101,1,1,0,0,0,0,123,1,9,1
8823974,0,0,0,0,1,0,123,1,9,1
8824223,1,0,1,0,0,0,123,1,9,1
8825211,1,1,1,1,1,0,123,1,9,1
8827828,1,0,0,1,1,0,123,1,9,1
8828957,1,1,0,0,0,0,123,1,9,1
8832880,1,1,1,1,1,0,123,1,9,1
8833127,1,0,1,0,0,0,123,1,9,1
8833204,0,1,1,0,1,0,123,1,9,1
8834000,1,1,0,0,0,0,123,1,9,1
8834104,0,0,1,1,0,0,123,1,9,1
8837056,1,0,0,1,1,0,123,1,9,1
8838686,0,1,1,0,1,0,123,1,9,1
8842029,1,1,0,0,0,0,123,1,9,1
8842150,0,0,1,1,0,0,123,1,9,1
8843523,1,1,0,1,0,0,123,1,9,1
8844004,0,0,0,0,1,0,123,1,9,1
8844114,0,0,0,0,1,0,123,1,9,1
8845494,0,1,0,1,0,0,123,1,9,1
8845605,0,0,1,1,0,0,123,1,9,1
8846317,0,0,1,1,0,0,123,1,9,1
8847061,0,1,0,1,0,0,123,1,9,1
8850444,0,1,0,1,0,0,130,1,9,1
8850500,0,1,1,0,1,0,130,1,9,1
8851637,1,1,0,0,0,0,130,1,9,1
8853405,0,0,0,1,1,1,130,1,9,1
8854272,1,0,1,0,0,0,130,1,9,1
8856339,1,0,1,0,0,0,130,1,9,1
8856422,0,0,0,0,1,0,130,1,9,1
8856608,0,1,0,0,0,0,130,1,9,1
8856763,0,0,1,1,0,0,130,1,9,1
8857921,0,0,0,0,1,0,130,1,9,1
8858029,0,0,1,1,0,0,130,1,9,1
8858289,0,1,0,1,0,0,130,1,9,1
8859203,1,0,0,1,1,0,130,1,9,1
8859868,1,1,0,0,0,0,130,1,9,1
8860669,1,1,0,0,0,0,130,1,9,1
8860694,0,0,1,1,0,0,130,1,9,1
8861945,1,0,1,0,0,0,130,1,9,1
8864004,1,1,1,1,1,0,130,1,9,1
8865286,1,1,0,0,0,0,130,1,9,1
8865497,1,0,0,1,1,0,130,1,9,1
8865637,1,1,1,1,1,0,130,1,9,1
8866145,1,0,0,1,1,0,130,1,9,1
8867342,0,1,0,1,0,0,130,1,9,1
8867695,0,1,1,0,1,0,130,1,9,1
8868789,1,0,0,1,1,0,130,1,9,1
8868889,1,1,0,0,0,0,130,1,9,1
8870824,1,1,0,0,0,0,130,1,9,1
8871032,1,0,0,1,1,0,130,1,9,1
8871931,1,0,1,0,0,0,130,1,9,1
8872703,0,0,0,0,1,0,130,1,9,1
8873805,1,1,0,0,0,0,130,1,9,1
8874524,0,1,0,1,0,0,130,1,9,1
8876150,1,1,0,0,0,0,130,1,9,1
8876354,1,0,1,0,0,0,130,1,9,1
8876570,1,0,1,0,0,0,130,1,9,1
8877876,1,0,1,0,0,0,130,1,9,1
8878727,0,1,1,1,1,1,130,1,9,1
8880965,0,0,0,0,1,0,130,1,9,1
8882097,1,1,1,1,1,0,130,1,9,1
8882565,0,1,0,1,0,0,130,1,9,1
8883348,1,1,1,1,1,0,130,1,9,1
8883932,0,1,1,0,1,0,130,1,9,1
8883945,0,1,1,0,1,0,130,1,9,1
8884294,0,1,1,0,1,0,130,1,9,1
8886397,0,1,1,0,1,0,130,1,9,1
8887680,0,1,0,1,0,0,130,1,9,1
8888074,0,0,0,0,1,0,130,1,9,1
8888184,1,0,1,0,0,0,130,1,9,1
8889289,1,1,1,1,1,0,130,1,9,1
8889892,0,1,0,1,0,0,130,1,9,1
8890684,1,0,1,0,0,0,130,1,9,1
8890971,1,1,1,1,1,0,130,1,9,1
8891168,1,0,1,0,0,0,130,1,9,1
8891530,1,0,0,1,1,0,130,1,9,1
8891699,1,0,0,1,1,0,130,1,9,1
8892975,1,0,0,1,1,0,130,1,9,1
8893239,1,0,1,0,0,0,130,1,9,1
8893616,0,1,1,0,1,0,130,1,9,1
8893772,1,1,0,0,0,0,130,1,9,1
8894272,1,0,0,1,1,0,130,1,9,1
8894948,0,0,1,0,0,0,130,1,9,1
8896368,1,1,0,1,0,0,130,1,9,1
8899740,0,0,0,0,1,0,130,1,9,1
8903961,0,1,1,0,1,0,130,1,9,1
8904042,0,0,1,1,0,0,130,1,9,1
8909108,1,1,1,1,1,0,130,1,9,1
8910666,0,0,0,0,1,0,130,1,9,1
8911687,0,0,0,0,1,0,130,1,9,1
8915971,0,1,1,0,1,0,101,1,9,1
8916764,0,0,1,1,0,0,101,1,9,1
8917165,1,1,0,0,0,0,101,1,9,1
8917567,1,0,0,1,1,0,101,1,9,1
8921542,0,0,1,1,0,0,101,1,9,1
8923372,0,1,0,1,0,0,101,1,9,1
8924698,1,1,0,0,0,0,101,1,9,1
8927933,1,0,1,0,0,0,101,1,9,1
8929894,0,0,0,0,1,0,101,1,9,1
8929970,0,0,1,1,0,0,101,1,9,1
8930630,0,1,1,0,1,0,101,1,9,1
8930689,0,1,1,0,1,0,101,1,9,1
8931225,1,0,0,1,1,0,101,1,9,1
8934207,0,1,0,1,0,0,101,1,9,1
8935603,0,1,0,1,0,0,101,1,9,1
8941641,0,1,1,0,1,0,101,1,9,1
8942226,1,0,0,1,1,0,101,1,9,1
8943089,0,1,0,1,0,0,101,1,9,1
8945034,0,0,1,1,0,0,101,1,9,1
8946365,1,0,0,1,1,0,101,1,9,1
8947672,0,1,0,0,0,0,101,1,9,1
8948413,1,1,0,0,0,0,101,1,9,1
8950161,0,0,0,0,1,0,101,1,9,1
8951270,1,0,1,0,0,0,101,1,9,1
8951435,0,0,1,1,0,0,101,1,9,1
8951997,1,1,0,0,0,0,101,1,9,1
8952126,0,0,1,0,0,0,101,1,9,1
8952345,1,1,0,0,0,0,101,1,9,1
8953649,0,0,0,0,1,0,101,1,9,1
8957965,1,0,1,0,0,0,101,1,9,1
8958299,0,0,1,1,0,0,101,1,9,1
8964916,1,1,1,1,1,0,101,1,9,1
8965260,0,1,1,0,1,0,101,1,9,1
8966862,1,1,0,0,0,0,101,1,9,1
8969822,0,1,0,1,0,0,101,1,9,1
8970040,0,0,1,1,0,0,101,1,9,1
8970276,1,0,0,1,1,0,101,1,9,1
8970654,1,1,1,1,1,0,101,1,9,1
8973850,1,1,1,1,1,0,101,1,9,1
8977268,0,0,1,1,0,0,101,1,9,1
8977427,1,0,0,1,1,0,101,1,9,1
8977535,0,0,1,1,0,0,101,1,9,1
8977868,0,0,0,0,1,0,101,1,9,1
8978540,1,1,1,1,1,0,112,1,9,0
8979455,0,0,1,1,0,0,112,1,9,0
8979754,1,0,0,0,1,1,112,1,9,0
8980189,1,0,1,0,0,0,112,1,9,0
8984000,1,0,1,0,0,0,112,1,9,0
8985991,1,0,0,1,1,0,112,1,9,0
8990478,1,1,0,0,0,0,112,1,9,0
8990614,0,1,0,1,0,0,112,1,9,0
8990913,0,1,1,0,1,0,112,1,9,0
8993937,0,0,0,0,1,0,112,1,9,0
8994535,0,0,1,0,0,0,112,1,9,0
8996979,1,0,0,1,1,0,112,1,9,0
8997664,1,0,0,1,1,0,112,1,9,0
9001444,0,1,0,1,0,0,112,1,9,0
9004831,0,0,1,1,0,0,112,1,9,0
9005057,1,0,0,1,1,0,112,1,9,0
9005622,0,0,0,1,1,1,112,1,9,0
9005769,1,1,1,1,1,0,112,1,9,0
9005869,0,0,0,0,1,0,112,1,9,0
9006351,0,0,1,1,0,0,112,1,9,0
9006660,0,1,0,1,0,0,112,1,9,0
9008355,1,1,1,1,1,0,112,1,9,0
9008768,0,0,1,1,0,0,112,1,9,0
9008863,0,1,1,0,1,0,112,1,9,0
9010239,0,1,1,1,1,1,112,1,9,0
9010424,1,1,0,0,0,0,112,1,9,0
9012392,0,0,1,1,0,0,112,1,9,0
9014370,1,1,0,0,0,0,112,1,9,0
9014944,1,1,0,0,0,0,112,1,9,0
9014952,1,1,1,1,1,0,112,1,9,0
9016081,0,0,1,1,0,0,112,1,9,0
9016251,1,0,0,1,1,0,112,1,9,0
9019809,1,0,1,0,0,0,112,1,9,0
9021079,0,1,1,0,1,0,112,1,9,0
9023591,1,0,1,0,0,0,112,1,9,0
9024466,1,1,1,1,1,0,112,1,9,0
9026303,0,0,1,1,0,0,112,1,9,0
9027969,0,1,0,1,0,0,112,1,9,0
9028412,1,1,1,1,1,0,112,1,9,0
9029138,1,1,1,1,1,0,112,1,9,0
9029240,1,0,0,1,1,0,112,1,9,0
9029444,1,1,0,0,0,0,112,1,9,0
9029491,1,1,1,1,1,0,112,1,9,0
9029974,1,1,1,1,1,0,112,1,9,0
9030388,0,0,0,0,1,0,112,1,9,0
9030705,0,0,1,1,0,0,112,1,9,0
9030821,1,1,1,1,1,0,112,1,9,0
9031398,0,1,1,0,1,0,112,1,9,0
9031698,1,0,1,0,0,0,112,1,9,0
9033060,1,1,0,0,0,0,112,1,9,0
9034061,0,0,0,0,1,0,112,1,9,0
9034946,0,1,1,0,1,0,112,1,9,0
9035259,1,0,1,0,0,0,112,1,9,0
9037227,1,1,0,0,0,0,112,1,9,0
9037237,0,1,1,0,1,0,112,1,9,0
9037311,0,1,0,1,0,0,112,1,9,0
9037788,0,1,1,0,1,0,112,1,9,0
9038094,1,1,0,0,0,0,112,1,9,0
9040041,0,1,1,0,1,0,112,1,9,0
9040273,0,0,1,1,0,0,112,1,9,0
9040988,1,1,1,1,1,0,112,1,9,0
9041194,1,0,0,1,1,0,112,1,9,0
9041716,0,1,0,1,0,0,112,1,9,0
9042689,0,0,0,0,1,0,112,1,9,0
9042790,0,1,1,0,1,0,112,1,9,0
9043969,0,0,0,0,1,0,165,2,9,0
9044102,1,1,1,1,1,0,165,2,9,0
9044669,1,1,0,0,0,0,165,2,9,0
9045082,1,0,0,1,1,0,165,2,9,0
9045608,1,0,1,0,0,0,165,2,9,0
9046644,1,1,1,1,1,0,165,2,9,0
9047101,1,1,1,1,1,0,165,2,9,0
9047955,1,1,1,1,1,0,165,2,9,0
9049053,1,0,0,1,1,0,165,2,9,0
9049113,0,1,1,0,1,0,165,2,9,0
9049426,0,0,0,0,1,0,165,2,9,0
9049691,0,1,1,0,1,0,165,2,9,0
9050235,1,1,0,0,0,0,165,2,9,0
9050582,1,0,1,0,0,0,165,2,9,0
9051095,1,0,0,1,1,0,165,2,9,0
9051282,1,0,0,1,1,0,165,2,9,0
9051724,0,1,1,0,1,0,165,2,9,0
9051925,0,0,1,1,0,0,165,2,9,0
9052706,0,0,1,1,0,0,165,2,9,0
9053267,1,0,0,1,1,0,165,2,9,0
9053489,1,0,1,0,0,0,165,2,9,0
9053539,1,1,0,0,0,0,165,2,9,0
9054276,0,1,1,0,1,0,165,2,9,0
9054647,0,0,0,0,1,0,165,2,9,0
9054667,1,1,1,1,1,0,165,2,9,0
9056153,1,1,0,0,0,0,165,2,9,0
9056169,1,0,0,1,1,0,165,2,9,0
9056370,0,0,0,0,1,0,165,2,9,0
9056445,1,1,1,1,1,0,165,2,9,0
9057172,0,0,1,1,0,0,165,2,9,0
9057575,1,0,1,0,0,0,165,2,9,0
9058150,0,0,0,0,1,0,165,2,9,0
9060732,1,1,0,0,0,0,165,2,9,0
9060862,1,0,0,1,1,0,165,2,9,0
9061159,0,1,0,1,0,0,165,2,9,0
9061963,0,1,1,0,1,0,165,2,9,0
9062314,0,0,1,1,0,0,165,2,9,0
9062682,1,0,0,1,1,0,165,2,9,0
9062696,0,0,0,0,1,0,165,2,9,0
9063423,1,1,0,0,0,0,165,2,9,0
9063657,0,1,0,1,0,0,165,2,9,0
9064273,0,0,0,0,1,0,165,2,9,0
9064395,1,0,1,0,0,0,165,2,9,0
9064685,0,1,0,1,0,0,165,2,9,0
9065119,0,0,0,0,1,0,165,2,9,0
9066354,0,0,1,1,0,0,165,2,9,0
9067080,0,0,1,1,0,0,165,2,9,0
9068591,1,1,1,1,1,0,165,2,9,0
9069973,1,1,1,1,1,0,165,2,9,0
9070790,1,1,1,1,1,0,165,2,9,0
9072182,1,0,0,1,1,0,165,2,9,0
9072569,1,0,0,1,1,0,165,2,9,0
9072595,1,0,0,1,1,0,165,2,9,0
9072910,0,1,1,0,1,0,165,2,9,0
9073430,1,0,1,0,0,0,165,2,9,0
9073613,0,1,1,1,1,1,165,2,9,0
9073915,0,0,1,1,0,0,165,2,9,0
9074476,1,0,0,1,1,0,165,2,9,0
9074483,0,0,1,1,0,0,165,2,9,0
9074892,1,0,0,1,1,0,165,2,9,0
9076060,1,0,0,1,1,0,165,2,9,0
9076672,0,0,0,0,1,0,165,2,9,0
9076896,1,1,1,1,1,0,165,2,9,0
9077453,1,0,0,1,1,0,165,2,9,0
9077564,1,0,0,1,1,0,165,2,9,0
9077621,0,1,0,1,0,0,165,2,9,0
9077881,1,1,1,0,1,1,165,2,9,0
9078432,1,0,1,0,0,0,165,2,9,0
9078463,1,1,0,0,0,0,165,2,9,0
9078539,1,1,1,1,1,0,165,2,9,0
9079064,1,1,0,0,0,0,165,2,9,0
9079370,1,1,1,1,1,0,165,2,9,0
9079639,1,1,0,0,0,0,165,2,9,0
9081124,0,1,1,0,1,0,165,2,9,0
9081344,1,0,1,0,0,0,165,2,9,0
9081414,1,1,0,0,0,0,165,2,9,0
9081536,0,1,1,0,1,0,165,2,9,0
9081653,0,1,1,0,1,0,165,2,9,0
9082538,0,0,1,1,0,0,165,2,9,0
9082613,1,0,0,1,1,0,165,2,9,0
9082614,1,0,1,0,0,0,165,2,9,0
9083314,0,1,0,1,0,0,165,2,9,0
9083478,0,1,1,0,1,0,165,2,9,0
9083641,0,0,0,0,1,0,165,2,9,0
9084621,1,1,0,0,0,0,165,2,9,0
9084875,1,1,0,0,0,0,165,2,9,0
9085632,0,1,1,0,1,0,165,2,9,0
9087918,1,1,0,0,0,0,165,2,9,0
9089157,0,1,0,1,0,0,165,2,9,0
9090107,0,0,0,0,1,0,165,2,9,0
9090199,1,0,1,0,0,0,165,2,9,0
9091023,1,1,0,0,0,0,165,2,9,0
9091610,0,1,1,0,1,0,165,2,9,0
9091863,1,1,1,1,1,0,165,2,9,0
9092075,1,0,1,0,0,0,165,2,9,0
9092310,1,0,1,0,0,0,165,2,9,0
9092601,0,1,1,0,1,0,165,2,9,0
9092790,0,1,1,0,1,0,165,2,9,0
9093297,0,1,1,0,1,0,165,2,9,0
9094055,1,0,0,1,1,0,165,2,9,0
9094605,0,0,0,0,1,0,165,2,9,0
9095389,1,0,0,1,1,0,165,2,9,0
9095576,0,1,1,0,1,0,165,2,9,0
9095679,0,1,1,0,1,0,165,2,9,0
9096583,0,1,1,0,1,0,165,2,9,0
9097010,0,0,0,0,1,0,165,2,9,0
9098488,1,1,1,0,1,1,165,2,9,0
9098541,1,1,0,0,0,0,165,2,9,0
9099352,0,1,1,0,1,0,165,2,9,0
9099797,1,1,0,0,0,0,165,2,9,0
9100711,1,1,1,1,1,0,165,2,9,0
9102116,0,1,0,1,0,0,165,2,9,0
9102157,1,0,1,0,0,0,165,2,9,0
9102825,0,0,1,1,0,0,165,2,9,0
9103353,0,1,0,1,0,0,165,2,9,0
9104381,0,0,0,0,1,0,165,2,9,0
9104721,0,1,0,1,0,0,165,2,9,0
9105158,0,1,0,1,0,0,165,2,9,0
9108257,1,0,0,1,1,0,165,2,9,0
9110520,1,0,0,1,1,0,124,2,12,0
9112476,0,0,1,1,0,0,124,2,12,0
9113616,1,1,1,1,1,0,124,2,12,0
9115120,1,0,0,1,1,0,124,2,12,0
9116488,1,0,0,1,1,0,124,2,12,0
9116800,1,0,1,0,0,0,124,2,12,0
9116834,1,1,0,0,0,0,124,2,12,0
9116853,1,1,0,0,0,0,124,2,12,0
9118119,0,1,0,1,0,0,124,2,12,0
9118802,1,0,0,1,1,0,124,2,12,0
9119011,1,0,1,0,0,0,124,2,12,0
9119349,0,1,0,1,0,0,124,2,12,0
9119567,1,0,1,0,0,0,124,2,12,0
9119934,1,0,0,1,1,0,124,2,12,0
9120455,0,0,0,0,1,0,124,2,12,0
9121159,1,1,0,0,0,0,124,2,12,0
9121410,0,1,1,0,1,0,124,2,12,0
9122965,1,1,1,1,1,0,124,2,12,0
9124388,0,0,0,0,1,0,124,2,12,0
9124502,1,0,1,0,0,0,124,2,12,0
9125818,1,0,1,0,0,0,124,2,12,0
9125874,1,1,1,1,1,0,124,2,12,0
9126036,0,1,0,1,0,0,124,2,12,0
9126231,0,0,0,0,1,0,124,2,12,0
9126500,0,0,0,0,1,0,124,2,12,0
9127016,0,1,1,0,1,0,124,2,12,0
9127315,0,0,1,1,0,0,124,2,12,0
9127457,1,0,0,1,1,0,124,2,12,0
9127512,1,0,0,1,1,0,124,2,12,0
9128419,1,1,1,1,1,0,124,2,12,0
9129032,0,1,0,1,0,0,124,2,12,0
9131025,0,0,1,1,0,0,124,2,12,0
9131035,1,0,1,0,0,0,124,2,12,0
9131357,0,0,1,1,0,0,124,2,12,0
9131916,1,0,0,1,1,0,124,2,12,0
9132268,1,0,1,1,0,0,124,2,12,0
9132425,1,1,0,0,0,0,124,2,12,0
9132540,0,0,0,0,1,0,124,2,12,0
9132730,1,1,0,0,0,0,124,2,12,0
9134828,0,1,1,0,1,0,124,2,12,0
9134896,0,1,0,1,0,0,124,2,12,0
9134984,0,1,0,1,0,0,124,2,12,0
9135509,1,1,0,0,0,0,124,2,12,0
9135779,1,1,1,1,1,0,124,2,12,0
9136064,0,0,0,0,1,0,124,2,12,0
9136090,1,0,1,0,0,0,124,2,12,0
9136657,1,0,1,1,0,0,124,2,12,0
9136674,0,0,1,1,0,0,124,2,12,0
9136822,1,1,0,0,0,0,124,2,12,0
9137021,1,1,0,0,0,0,124,2,12,0
9138637,1,1,0,0,0,0,124,2,12,0
9138881,0,1,1,0,1,0,124,2,12,0
9138886,1,1,1,1,1,0,124,2,12,0
9139327,1,1,0,0,0,0,124,2,12,0
9139329,0,0,1,1,0,0,124,2,12,0
9140355,0,0,0,0,1,0,124,2,12,0
9140649,0,1,1,0,1,0,124,2,12,0
9141604,1,0,1,0,0,0,124,2,12,0
9141676,0,1,1,0,1,0,124,2,12,0
9141756,0,0,0,0,1,0,124,2,12,0
9141819,1,0,0,1,1,0,124,2,12,0
9141921,1,1,1,1,1,0,124,2,12,0
9143532,1,1,1,1,1,0,124,2,12,0
9143635,0,1,1,0,1,0,124,2,12,0
9146819,1,0,0,1,1,0,124,2,12,0
9146975,1,0,0,1,1,0,124,2,12,0
9147570,0,0,1,1,0,0,124,2,12,0
9147625,1,1,1,1,1,0,124,2,12,0
9149017,0,1,0,1,0,0,124,2,12,0
9149248,1,0,0,1,1,0,124,2,12,0
9150367,0,0,1,1,0,0,124,2,12,0
9150606,0,1,1,0,1,0,124,2,12,0
9150965,0,0,1,1,0,0,124,2,12,0
9151079,1,1,0,0,0,0,124,2,12,0
9151961,0,0,1,1,0,0,124,2,12,0
9152614,1,0,1,0,0,0,124,2,12,0
9152644,0,0,1,1,0,0,124,2,12,0
9153009,0,1,1,0,1,0,124,2,12,0
9153441,0,0,1,1,0,0,124,2,12,0
9153642,0,0,1,1,0,0,124,2,12,0
9153719,1,1,1,1,1,0,124,2,12,0
9154214,1,1,0,0,0,0,124,2,12,0
9154280,0,1,1,0,1,0,124,2,12,0
9155764,1,0,1,0,0,0,124,2,12,0
9157160,0,0,0,0,1,0,124,2,12,0
9157446,1,1,1,1,1,0,124,2,12,0
9157758,0,0,1,1,0,0,124,2,12,0
9158655,0,1,0,1,0,0,124,2,12,0
9159191,1,1,0,0,0,0,124,2,12,0
9160354,0,1,0,1,0,0,124,2,12,0
9160451,1,0,0,1,1,0,124,2,12,0
9161275,1,0,1,0,0,0,124,2,12,0
9162471,0,1,1,0,1,0,124,2,12,0
9163169,0,0,0,0,1,0,124,2,12,0
9163951,1,1,0,0,0,0,124,2,12,0
9164029,1,1,1,1,1,0,124,2,12,0
9164152,1,0,0,1,1,0,124,2,12,0
9164692,0,0,0,0,1,0,124,2,12,0
9165040,1,0,0,1,1,0,124,2,12,0
9165135,0,1,0,1,0,0,124,2,12,0
9165473,1,0,1,0,0,0,124,2,12,0
9165541,0,1,0,1,0,0,124,2,12,0
9166097,0,1,1,0,1,0,124,2,12,0
9167401,0,0,0,0,1,0,124,2,12,0
9167675,1,1,1,1,1,0,124,2,12,0
9167921,1,1,0,0,0,0,124,2,12,0
9168279,1,1,1,1,1,0,124,2,12,0
9168755,1,1,1,1,1,0,124,2,12,0
9169257,1,1,0,0,0,0,124,2,12,0
9169425,1,0,1,0,0,0,124,2,12,0
9169893,0,1,1,0,1,0,124,2,12,0
9170121,1,1,1,1,1,0,124,2,12,0
9171218,1,0,1,0,0,0,124,2,12,0
9171536,0,1,1,1,1,1,124,2,12,0
9171733,1,1,1,1,1,0,124,2,12,0
9171809,0,1,1,0,1,0,124,2,12,0
9172463,0,0,1,1,0,0,124,2,12,0
9173580,0,1,0,1,0,0,124,2,12,0
9173583,0,1,1,0,1,0,124,2,12,0
9175196,0,1,1,0,1,0,148,2,12,0
9175321,1,0,0,1,1,0,148,2,12,0
9176196,1,1,0,0,0,0,148,2,12,0
9176589,0,1,1,0,1,0,148,2,12,0
9177128,0,1,1,0,1,0,148,2,12,0
9177756,1,0,1,0,0,0,148,2,12,0
9179194,0,0,0,0,1,0,148,2,12,0
9179713,0,0,1,1,0,0,148,2,12,0
9179892,1,1,0,0,0,0,148,2,12,0
9181243,0,1,1,0,1,0,148,2,12,0
9181773,0,1,0,1,0,0,148,2,12,0
9181783,1,1,0,0,0,0,148,2,12,0
9181812,0,0,1,1,0,0,148,2,12,0
9182083,1,0,1,0,0,0,148,2,12,0
9182341,1,0,1,0,0,0,148,2,12,0
9182444,1,0,1,0,0,0,148,2,12,0
9182528,0,1,1,0,1,0,148,2,12,0
9182560,0,0,1,1,0,0,148,2,12,0
9183221,0,0,1,1,0,0,148,2,12,0
9183604,0,0,0,0,1,0,148,2,12,0
9183668,0,0,0,0,1,0,148,2,12,0
9183794,0,0,1,1,0,0,148,2,12,0
9183867,0,0,1,1,0,0,148,2,12,0
9184162,1,0,1,0,0,0,148,2,12,0
9184317,0,1,0,1,0,0,148,2,12,0
9184398,0,1,0,1,0,0,148,2,12,0
9185399,0,0,1,1,0,0,148,2,12,0
9185806,1,1,0,0,0,0,148,2,12,0
9186015,1,1,1,1,1,0,148,2,12,0
9186129,0,1,1,0,1,0,148,2,12,0
9186474,0,1,1,0,1,0,148,2,12,0
9186679,1,0,0,1,1,0,148,2,12,0
9186763,0,1,0,1,0,0,148,2,12,0
9186837,1,1,0,0,0,0,148,2,12,0
9187281,1,0,0,1,1,0,148,2,12,0
9187441,1,0,1,0,0,0,148,2,12,0
9187475,0,1,0,1,0,0,148,2,12,0
9187641,0,1,1,0,1,0,148,2,12,0
9187748,0,0,0,0,1,0,148,2,12,0
9188150,1,1,0,0,0,0,148,2,12,0
9188363,1,1,0,0,0,0,148,2,12,0
9188444,0,1,0,1,0,0,148,2,12,0
9188458,1,1,0,0,0,0,148,2,12,0
9189093,0,1,1,0,1,0,148,2,12,0
9189978,1,1,0,0,0,0,148,2,12,0
9190000,1,0,1,0,0,0,148,2,12,0
9190163,1,0,0,0,1,1,148,2,12,0
9190213,1,1,1,1,1,0,148,2,12,0
9191210,1,1,0,1,0,0,148,2,12,0
9191219,1,1,1,1,1,0,148,2,12,0
9191563,0,1,1,0,1,0,148,2,12,0
9191757,0,1,0,1,0,0,148,2,12,0
9193062,0,0,1,1,0,0,148,2,12,0
9193265,1,0,0,1,1,0,148,2,12,0
9193564,1,0,0,1,1,0,148,2,12,0
9193616,0,0,0,0,1,0,148,2,12,0
9195754,1,0,1,0,0,0,148,2,12,0
9196481,0,0,1,1,0,0,148,2,12,0
9197175,0,0,0,1,1,1,148,2,12,0
9197660,1,1,0,0,0,0,148,2,12,0
9198320,1,1,0,0,0,0,148,2,12,0
9199002,0,0,0,0,1,0,148,2,12,0
9199010,1,1,1,1,1,0,148,2,12,0
9199909,1,1,1,1,1,0,148,2,12,0
9200658,0,1,0,1,0,0,148,2,12,0
9200687,0,0,1,1,0,0,148,2,12,0
9200749,0,1,1,0,1,0,148,2,12,0
9200860,1,1,1,1,1,0,148,2,12,0
9201137,1,0,0,1,1,0,148,2,12,0
9201973,0,0,0,0,1,0,148,2,12,0
9202141,0,0,1,1,0,0,148,2,12,0
9203450,0,1,1,0,1,0,148,2,12,0
9203626,1,1,1,1,1,0,148,2,12,0
9204249,0,0,0,1,1,1,148,2,12,0
9204426,1,1,1,1,1,0,148,2,12,0
9204502,0,1,0,1,0,0,148,2,12,0
9205622,0,0,1,1,0,0,148,2,12,0
9205953,0,0,1,1,0,0,148,2,12,0
9206231,1,1,1,1,1,0,148,2,12,0
9207286,0,0,1,1,0,0,148,2,12,0
9209006,0,0,0,0,1,0,148,2,12,0
9209720,0,0,0,0,1,0,148,2,12,0
9209935,0,1,1,0,1,0,148,2,12,0
9209985,0,1,0,1,0,0,148,2,12,0
9211117,0,1,0,1,0,0,148,2,12,0
9211595,1,0,1,0,0,0,148,2,12,0
9211618,0,1,1,0,1,0,148,2,12,0
9212323,1,1,0,0,0,0,148,2,12,0
9212503,0,0,0,0,1,0,148,2,12,0
9212810,1,1,1,1,1,0,148,2,12,0
9213526,0,0,1,1,0,0,148,2,12,0
9213711,0,1,0,1,0,0,148,2,12,0
9214925,0,1,1,0,1,0,148,2,12,0
9215044,1,0,0,1,1,0,148,2,12,0
9215444,0,1,0,1,0,0,148,2,12,0
9215731,1,0,1,0,0,0,148,2,12,0
9216837,1,1,1,1,1,0,148,2,12,0
9217214,0,1,0,1,0,0,148,2,12,0
9217348,0,1,0,1,0,0,148,2,12,0
9217624,1,1,1,1,1,0,148,2,12,0
9217738,0,0,1,1,0,0,148,2,12,0
9217796,1,0,0,1,1,0,148,2,12,0
9218038,0,1,0,1,0,0,148,2,12,0
9219144,1,1,1,1,1,0,148,2,12,0
9219621,0,1,1,0,1,0,148,2,12,0
9220578,1,1,0,0,0,0,148,2,12,0
9220671,0,0,0,0,1,0,148,2,12,0
9220856,0,1,0,1,0,0,148,2,12,0
9221132,0,1,1,1,1,1,148,2,12,0
9221271,1,1,1,1,1,0,148,2,12,0
9221309,0,1,1,0,1,0,148,2,12,0
9222204,0,1,1,0,1,0,148,2,12,0
9222205,0,1,1,0,1,0,148,2,12,0
9222246,0,0,1,1,0,0,148,2,12,0
9222827,0,1,1,0,1,0,148,2,12,0
9222839,1,1,1,1,1,0,148,2,12,0
9223500,1,1,1,1,1,0,148,2,12,0
9224435,1,1,0,1,0,0,148,2,12,0
9224492,1,1,0,0,0,0,148,2,12,0
9225921,0,0,0,0,1,0,148,2,12,0
9226038,1,0,1,0,0,0,148,2,12,0
9226116,1,1,0,1,0,0,148,2,12,0
9226218,1,1,0,0,0,0,148,2,12,0
9226440,1,0,0,1,1,0,148,2,12,0
9226695,0,0,0,0,1,0,148,2,12,0
9227802,1,1,0,0,0,0,148,2,12,0
9228438,1,1,1,0,1,1,148,2,12,0
9228496,1,0,1,0,0,0,148,2,12,0
9228525,1,1,0,0,0,0,148,2,12,0
9228528,1,1,0,0,0,0,148,2,12,0
9229893,0,0,1,1,0,0,148,2,12,0
9230795,1,0,0,1,1,0,148,2,12,0
9230819,0,1,1,0,1,0,148,2,12,0
9233146,0,1,1,0,1,0,148,2,12,0
9233489,0,1,1,0,1,0,148,2,12,0
9233796,0,0,0,1,1,1,148,2,12,0
9235770,0,0,1,1,0,0,148,2,12,0
9235818,1,1,1,1,1,0,148,2,12,0
9236160,0,1,1,0,1,0,148,2,12,0
9236445,0,0,0,0,1,0,148,2,12,0
9236851,0,0,1,1,0,0,148,2,12,0
9236973,1,0,1,0,0,0,148,2,12,0
9237239,1,0,1,0,0,0,148,2,12,0
9237241,0,0,1,1,0,0,148,2,12,0
9238146,0,1,0,1,0,0,148,2,12,0
9239958,0,1,1,0,1,0,148,2,12,0
9241756,0,0,0,0,1,0,103,2,12,0
9244360,1,1,0,0,0,0,103,2,12,0
9245539,1,0,1,0,0,0,103,2,12,0
9247763,1,1,1,1,1,0,103,2,12,0
9247891,1,0,0,1,1,0,103,2,12,0
9248254,1,0,0,1,1,0,103,2,12,0
9248505,0,0,1,1,0,0,103,2,12,0
9248783,1,1,0,0,0,0,103,2,12,0
9249399,1,1,1,1,1,0,103,2,12,0
9249974,1,0,1,0,0,0,103,2,12,0
9250039,0,0,0,0,1,0,103,2,12,0
9251901,1,1,1,1,1,0,103,2,12,0
9252543,1,1,1,1,1,0,103,2,12,0
9253640,1,1,0,0,0,0,103,2,12,0
9254253,0,0,0,0,1,0,103,2,12,0
9254411,1,1,1,1,1,0,103,2,12,0
9254806,0,0,1,1,0,0,103,2,12,0
9257534,0,1,1,1,1,1,103,2,12,0
9258290,0,1,0,1,0,0,103,2,12,0
9258498,1,0,1,0,0,0,103,2,12,0
9258651,1,0,0,1,1,0,103,2,12,0
9259190,1,1,0,0,0,0,103,2,12,0
9259523,0,0,0,0,1,0,103,2,12,0
9259825,0,1,0,1,0,0,103,2,12,0
9260023,0,0,0,0,1,0,103,2,12,0
9260403,0,1,0,1,0,0,103,2,12,0
9261109,0,1,1,1,1,1,103,2,12,0
9262100,0,1,1,0,1,0,103,2,12,0
9262143,0,1,0,1,0,0,103,2,12,0
9262165,1,0,1,0,0,0,103,2,12,0
9262443,0,1,1,0,1,0,103,2,12,0
9262473,0,0,0,0,1,0,103,2,12,0
9262730,0,1,0,1,0,0,103,2,12,0
9262994,1,0,0,1,1,0,103,2,12,0
9263518,0,0,0,0,1,0,103,2,12,0
9264299,1,0,1,0,0,0,103,2,12,0
9264429,1,0,1,0,0,0,103,2,12,0
9264925,0,0,1,1,0,0,103,2,12,0
9265719,0,0,1,1,0,0,103,2,12,0
9265891,1,0,1,0,0,0,103,2,12,0
9265976,0,1,0,1,0,0,103,2,12,0
9266092,0,0,0,0,1,0,103,2,12,0
9266883,1,0,0,1,1,0,103,2,12,0
9268140,0,1,1,0,1,0,103,2,12,0
9268532,1,1,1,1,1,0,103,2,12,0
9268641,0,1,1,0,1,0,103,2,12,0
9269766,0,0,1,1,0,0,103,2,12,0
9271194,0,1,0,1,0,0,103,2,12,0
9271199,0,1,0,1,0,0,103,2,12,0
9271260,0,1,0,1,0,0,103,2,12,0
9272471,0,1,1,0,1,0,103,2,12,0
9273294,0,1,0,1,0,0,103,2,12,0
9273957,0,0,1,1,0,0,103,2,12,0
9274050,1,1,0,0,0,0,103,2,12,0
9274760,1,0,0,1,1,0,103,2,12,0
9274810,0,0,1,1,0,0,103,2,12,0
9275180,0,0,1,1,0,0,103,2,12,0
9275209,0,1,1,0,1,0,103,2,12,0
9276920,1,0,1,0,0,0,103,2,12,0
9277772,0,1,0,1,0,0,103,2,12,0
9278542,1,0,1,0,0,0,103,2,12,0
9278658,0,1,1,0,1,0,103,2,12,0
9279080,0,0,0,0,1,0,103,2,12,0
9279282,1,1,1,1,1,0,103,2,12,0
9280862,1,1,0,0,0,0,103,2,12,0
9280986,1,1,1,1,1,0,103,2,12,0
9282523,1,0,0,0,1,1,103,2,12,0
9283137,0,0,1,1,0,0,103,2,12,0
9283343,0,0,0,0,1,0,103,2,12,0
9284028,0,0,0,0,1,0,103,2,12,0
9288116,1,0,0,1,1,0,103,2,12,0
9289046,0,1,1,1,1,1,103,2,12,0
9289390,1,1,0,0,0,0,103,2,12,0
9291527,1,0,0,1,1,0,103,2,12,0
9292414,1,1,0,0,0,0,103,2,12,0
9292704,0,0,1,1,0,0,103,2,12,0
9293161,0,1,1,0,1,0,103,2,12,0
9294256,0,1,1,0,1,0,103,2,12,0
9294790,0,0,0,0,1,0,103,2,12,0
9295046,1,1,0,0,0,0,103,2,12,0
9297365,1,0,0,1,1,0,103,2,12,0
9298625,1,1,1,1,1,0,103,2,12,0
9298731,1,1,1,1,1,0,103,2,12,0
9298744,0,0,1,1,0,0,103,2,12,0
9299008,0,0,1,1,0,0,103,2,12,0
9299304,1,0,1,0,0,0,103,2,12,0
9299526,1,0,0,1,1,0,103,2,12,0
9301481,0,0,1,1,0,0,103,2,12,0
9301894,0,0,1,1,0,0,103,2,12,0
9302870,1,1,0,0,0,0,103,2,12,0
9303755,1,1,0,0,0,0,103,2,12,0
9303855,1,1,1,1,1,0,103,2,12,0
9304116,0,0,0,0,1,0,103,2,12,0
9305343,0,0,1,1,0,0,103,2,12,0
9306947,0,1,1,0,1,0,129,2,12,0
9307345,0,1,1,0,1,0,129,2,12,0
9307373,0,1,1,0,1,0,129,2,12,0
9307619,1,0,1,0,0,0,129,2,12,0
9307815,1,1,0,0,0,0,129,2,12,0
9311855,0,1,1,0,1,0,129,2,12,0
9313184,0,0,0,0,1,0,129,2,12,0
9313555,1,0,1,0,0,0,129,2,12,0
9313716,1,0,1,0,0,0,129,2,12,0
9313872,0,0,1,1,0,0,129,2,12,0
9313996,0,0,1,1,0,0,129,2,12,0
9314734,1,0,1,0,0,0,129,2,12,0
9314741,0,0,0,0,1,0,129,2,12,0
9314762,0,1,0,1,0,0,129,2,12,0
9316026,1,1,1,1,1,0,129,2,12,0
9316097,0,1,0,1,0,0,129,2,12,0
9316671,0,0,0,0,1,0,129,2,12,0
9316756,1,1,0,0,0,0,129,2,12,0
9316758,0,0,1,1,0,0,129,2,12,0
9317299,0,1,0,1,0,0,129,2,12,0
9318081,0,1,1,0,1,0,129,2,12,0
9318387,1,1,0,0,0,0,129,2,12,0
9320021,1,1,1,1,1,0,129,2,12,0
9320605,0,0,0,0,1,0,129,2,12,0
9320849,1,0,0,1,1,0,129,2,12,0
9320890,1,1,0,0,0,0,129,2,12,0
9321724,1,0,1,0,0,0,129,2,12,0
9321816,0,0,0,0,1,0,129,2,12,0
9321969,0,1,1,0,1,0,129,2,12,0
9322778,0,0,1,1,0,0,129,2,12,0
9322791,0,1,1,0,1,0,129,2,12,0
9323333,1,0,1,0,0,0,129,2,12,0
9323507,1,1,1,1,1,0,129,2,12,0
9323513,0,1,1,0,1,0,129,2,12,0
9323694,1,1,0,0,0,0,129,2,12,0
9324232,0,0,1,1,0,0,129,2,12,0
9325150,0,1,1,0,1,0,129,2,12,0
9325732,0,1,0,1,0,0,129,2,12,0
9326073,0,1,1,0,1,0,129,2,12,0
9326722,1,0,1,0,0,0,129,2,12,0
9326741,0,0,0,0,1,0,129,2,12,0
9326789,0,1,1,0,1,0,129,2,12,0
9328582,1,1,0,0,0,0,129,2,12,0
9329005,1,1,0,0,0,0,129,2,12,0
9330404,1,0,0,1,1,0,129,2,12,0
9330891,1,1,1,1,1,0,129,2,12,0
9331447,1,1,1,1,1,0,129,2,12,0
9332033,1,1,1,1,1,0,129,2,12,0
9332145,0,0,0,0,1,0,129,2,12,0
9333271,1,0,0,1,1,0,129,2,12,0
9333594,0,1,0,1,0,0,129,2,12,0
9334143,0,0,1,1,0,0,129,2,12,0
9334779,1,1,0,0,0,0,129,2,12,0
9334835,1,0,0,1,1,0,129,2,12,0
9334963,0,0,1,1,0,0,129,2,12,0
9335152,0,0,1,1,0,0,129,2,12,0
9336142,0,0,0,0,1,0,129,2,12,0
9336364,1,0,1,0,0,0,129,2,12,0
9337333,0,0,1,1,0,0,129,2,12,0
9337571,1,1,0,0,0,0,129,2,12,0
9337828,0,0,1,1,0,0,129,2,12,0
9337921,0,0,1,1,0,0,129,2,12,0
9338708,1,1,0,0,0,0,129,2,12,0
9339299,0,1,1,0,1,0,129,2,12,0
9339851,1,1,0,0,0,0,129,2,12,0
9340222,1,0,0,1,1,0,129,2,12,0
9341213,1,0,0,1,1,0,129,2,12,0
9341384,1,0,1,0,0,0,129,2,12,0
9341655,1,1,0,0,0,0,129,2,12,0
9341721,0,1,0,1,0,0,129,2,12,0
9341966,1,0,0,1,1,0,129,2,12,0
9342382,1,1,1,1,1,0,129,2,12,0
9342840,0,1,1,0,1,0,129,2,12,0
9343035,0,1,1,0,1,0,129,2,12,0
9343382,0,1,1,0,1,0,129,2,12,0
9343634,0,1,0,1,0,0,129,2,12,0
9343854,1,1,0,0,0,0,129,2,12,0
9343865,0,0,1,1,0,0,129,2,12,0
9344501,1,0,0,1,1,0,129,2,12,0
9344997,0,1,0,1,0,0,129,2,12,0
9345063,1,1,1,1,1,0,129,2,12,0
9345734,1,0,1,1,0,0,129,2,12,0
9345849,0,1,0,1,0,0,129,2,12,0
9346935,0,0,0,0,1,0,129,2,12,0
9347269,1,0,0,1,1,0,129,2,12,0
9348109,1,0,1,0,0,0,129,2,12,0
9349489,0,1,1,0,1,0,129,2,12,0
9350240,0,1,0,1,0,0,129,2,12,0
9351952,1,1,0,0,0,0,129,2,12,0
9353445,0,1,1,0,1,0,129,2,12,0
9354574,0,0,1,1,0,0,129,2,12,0
9354593,0,1,0,1,0,0,129,2,12,0
9355423,1,0,1,0,0,0,129,2,12,0
9356061,1,0,0,1,1,0,129,2,12,0
9356514,1,0,0,1,1,0,129,2,12,0
9356618,0,1,1,0,1,0,129,2,12,0
9356856,1,1,0,0,0,0,129,2,12,0
9357020,0,0,1,1,0,0,129,2,12,0
9357135,1,1,0,0,0,0,129,2,12,0
9357476,0,1,1,0,1,0,129,2,12,0
9357606,0,0,0,0,1,0,129,2,12,0
9357613,1,0,1,0,0,0,129,2,12,0
9358082,1,1,1,1,1,0,129,2,12,0
9358189,1,0,1,0,0,0,129,2,12,0
9358706,1,1,0,0,0,0,129,2,12,0
9359291,0,0,0,0,1,0,129,2,12,0
9359584,1,0,1,0,0,0,129,2,12,0
9359819,0,1,0,1,0,0,129,2,12,0
9360094,0,1,0,1,0,0,129,2,12,0
9360281,1,0,1,0,0,0,129,2,12,0
9360769,1,0,0,1,1,0,129,2,12,0
9361451,0,1,1,0,1,0,129,2,12,0
9361966,1,1,1,1,1,0,129,2,12,0
9362072,1,1,0,0,0,0,129,2,12,0
9362102,0,0,0,0,1,0,129,2,12,0
9363188,0,1,1,0,1,0,129,2,12,0
9363603,1,0,0,1,1,0,129,2,12,0
9363847,0,1,1,0,1,0,129,2,12,0
9364316,1,1,0,0,0,0,129,2,12,0
9364480,0,0,0,0,1,0,129,2,12,0
9364594,0,0,0,0,1,0,129,2,12,0
9364788,1,0,0,1,1,0,129,2,12,0
9364893,1,0,1,0,0,0,129,2,12,0
9365107,0,1,1,0,1,0,129,2,12,0
9365612,0,0,1,1,0,0,129,2,12,0
9365642,0,0,1,1,0,0,129,2,12,0
9365914,0,0,0,0,1,0,129,2,12,0
9367026,1,0,1,0,0,0,129,2,12,0
9367564,1,0,1,0,0,0,129,2,12,0
9368864,0,1,1,0,1,0,129,2,12,0
9370349,1,0,0,1,1,0,129,2,12,0
9370429,0,0,0,0,1,0,129,2,12,0
9370524,0,0,1,1,0,0,129,2,12,0
9371668,1,0,1,0,0,0,159,2,12,0
9371677,0,0,1,1,0,0,159,2,12,0
9371682,1,0,1,0,0,0,159,2,12,0
9371754,0,1,1,0,1,0,159,2,12,0
9372285,0,1,0,1,0,0,159,2,12,0
9372939,1,0,1,1,0,0,159,2,12,0
9373142,0,1,1,0,1,0,159,2,12,0
9373844,0,1,0,1,0,0,159,2,12,0
9374166,0,0,0,0,1,0,159,2,12,0
9375852,0,0,1,1,0,0,159,2,12,0
9377123,0,0,0,0,1,0,159,2,12,0
9377236,0,0,0,0,1,0,159,2,12,0
9377836,1,1,1,1,1,0,159,2,12,0
9377891,0,0,0,0,1,0,159,2,12,0
9378432,0,1,1,0,1,0,159,2,12,0
9378871,1,1,0,0,0,0,159,2,12,0
9379154,0,1,1,0,1,0,159,2,12,0
9379442,0,1,0,1,0,0,159,2,12,0
9380033,0,0,1,1,0,0,159,2,12,0
9380285,1,0,1,0,0,0,159,2,12,0
9380824,0,1,1,0,1,0,159,2,12,0
9381148,1,0,0,1,1,0,159,2,12,0
9381326,0,1,1,0,1,0,159,2,12,0
9381337,0,1,0,1,0,0,159,2,12,0
9381928,1,1,0,0,0,0,159,2,12,0
9382339,1,0,1,0,0,0,159,2,12,0
9382592,0,0,1,1,0,0,159,2,12,0
9383284,0,1,0,1,0,0,159,2,12,0
9384273,1,1,0,0,0,0,159,2,12,0
9385903,0,0,0,0,1,0,159,2,12,0
9386293,0,0,0,0,1,0,159,2,12,0
9386725,1,0,1,0,0,0,159,2,12,0
9386753,1,0,1,0,0,0,159,2,12,0
9387180,1,1,1,1,1,0,159,2,12,0
9387247,0,1,0,1,0,0,159,2,12,0
9387770,0,0,0,0,1,0,159,2,12,0
9387851,1,1,0,0,0,0,159,2,12,0
9388088,0,0,1,1,0,0,159,2,12,0
9388385,0,1,1,0,1,0,159,2,12,0
9388477,1,1,1,0,1,1,159,2,12,0
9389122,1,1,1,1,1,0,159,2,12,0
9389306,0,0,0,0,1,0,159,2,12,0
9389857,1,0,0,1,1,0,159,2,12,0
9389983,1,1,1,1,1,0,159,2,12,0
9390942,0,1,0,1,0,0,159,2,12,0
9391063,1,0,1,0,0,0,159,2,12,0
9391112,1,0,0,1,1,0,159,2,12,0
9391468,0,0,1,1,0,0,159,2,12,0
9392430,0,1,0,1,0,0,159,2,12,0
9392468,0,1,0,1,0,0,159,2,12,0
9392478,1,0,1,0,0,0,159,2,12,0
9394477,0,1,1,0,1,0,159,2,12,0
9394926,0,1,0,1,0,0,159,2,12,0
9394970,0,1,1,0,1,0,159,2,12,0
9395981,1,0,1,0,0,0,159,2,12,0
9398424,1,1,1,1,1,0,159,2,12,0
9398488,1,0,0,1,1,0,159,2,12,0
9398657,0,1,0,0,0,0,159,2,12,0
9398921,1,1,1,1,1,0,159,2,12,0
9400111,1,1,0,0,0,0,159,2,12,0
9400155,0,1,1,0,1,0,159,2,12,0
9400337,0,0,0,0,1,0,159,2,12,0
9401031,0,1,1,0,1,0,159,2,12,0
9401857,1,1,0,0,0,0,159,2,12,0
9402136,0,0,1,1,0,0,159,2,12,0
9402851,1,1,1,1,1,0,159,2,12,0
9402852,1,1,0,0,0,0,159,2,12,0
9403201,0,0,0,0,1,0,159,2,12,0
9403231,0,0,0,0,1,0,159,2,12,0
9403245,0,1,0,1,0,0,159,2,12,0
9403416,0,1,1,0,1,0,159,2,12,0
9403841,1,0,0,1,1,0,159,2,12,0
9406132,0,0,1,1,0,0,159,2,12,0
9406146,0,0,1,1,0,0,159,2,12,0
9406312,0,0,1,1,0,0,159,2,12,0
9406327,0,0,1,1,0,0,159,2,12,0
9407940,0,0,1,1,0,0,159,2,12,0
9408150,1,1,0,0,0,0,159,2,12,0
9408591,1,0,1,0,0,0,159,2,12,0
9408837,0,0,1,1,0,0,159,2,12,0
9408886,0,1,0,1,0,0,159,2,12,0
9409142,1,1,1,1,1,0,159,2,12,0
9409370,1,0,1,0,0,0,159,2,12,0
9409649,0,0,0,0,1,0,159,2,12,0
9411042,1,1,1,1,1,0,159,2,12,0
9411487,1,0,1,0,0,0,159,2,12,0
9411683,1,1,0,0,0,0,159,2,12,0
9412514,0,0,1,1,0,0,159,2,12,0
9412634,0,1,0,1,0,0,159,2,12,0
9413054,0,1,1,0,1,0,159,2,12,0
9413150,0,1,1,0,1,0,159,2,12,0
9413153,0,1,0,1,0,0,159,2,12,0
9414838,1,0,0,1,1,0,159,2,12,0
9415009,0,0,1,1,0,0,159,2,12,0
9415356,1,0,0,1,1,0,159,2,12,0
9415545,0,0,1,1,0,0,159,2,12,0
9415729,0,1,0,1,0,0,159,2,12,0
9415854,0,0,1,1,0,0,159,2,12,0
9416037,1,0,1,0,0,0,159,2,12,0
9417326,0,0,1,1,0,0,159,2,12,0
9417957,0,0,1,1,0,0,159,2,12,0
9418343,1,0,0,1,1,0,159,2,12,0
9418455,1,1,1,1,1,0,159,2,12,0
9418506,1,0,1,0,0,0,159,2,12,0
9419777,1,1,1,1,1,0,159,2,12,0
9419937,1,0,0,1,1,0,159,2,12,0
9419955,1,0,1,0,0,0,159,2,12,0
9420452,0,1,0,1,0,0,159,2,12,0
9420708,1,1,0,0,0,0,159,2,12,0
9421251,1,1,0,0,0,0,159,2,12,0
9421365,0,1,0,1,0,0,159,2,12,0
9421612,1,0,0,1,1,0,159,2,12,0
9421744,1,1,0,0,0,0,159,2,12,0
9422265,0,0,0,0,1,0,159,2,12,0
9422496,0,1,1,0,1,0,159,2,12,0
9422916,0,0,0,0,1,0,159,2,12,0
9423348,0,0,0,0,1,0,159,2,12,0
9423349,0,0,1,1,0,0,159,2,12,0
9423378,0,0,0,0,1,0,159,2,12,0
9423526,0,1,0,1,0,0,159,2,12,0
9423853,1,0,1,0,0,0,159,2,12,0
9424237,1,0,0,1,1,0,159,2,12,0
9424330,0,0,1,1,0,0,159,2,12,0
9426141,0,1,0,0,0,0,159,2,12,0
9427049,1,1,1,1,1,0,159,2,12,0
9427513,1,1,1,1,1,0,159,2,12,0
9427709,1,1,1,1,1,0,159,2,12,0
9428113,0,0,0,0,1,0,159,2,12,0
9428952,0,1,0,1,0,0,159,2,12,0
9429175,1,0,1,0,0,0,159,2,12,0
9430038,0,0,1,0,0,0,159,2,12,0
9431111,1,1,0,0,0,0,159,2,12,0
9431124,1,0,1,0,0,0,159,2,12,0
9431466,0,0,1,1,0,0,159,2,12,0
9432493,0,1,1,0,1,0,159,2,12,0
9432756,1,1,1,1,1,0,159,2,12,0
9433242,1,1,1,1,1,0,159,2,12,0
9435082,1,1,1,1,1,0,159,2,12,0
9436044,1,1,1,1,1,0,159,2,12,0
9436348,0,1,1,0,1,0,159,2,12,0
9436515,1,0,0,1,1,0,159,2,12,0
9436791,1,0,0,1,1,0,159,2,12,0
9436985,1,1,0,0,0,0,159,2,12,0
9437615,1,1,0,0,0,0,98,2,12,0
9437977,0,0,1,1,0,0,98,2,12,0
9438551,1,1,1,1,1,0,98,2,12,0
9439071,1,1,1,1,1,0,98,2,12,0
9439600,0,1,1,0,1,0,98,2,12,0
9439618,1,0,1,0,0,0,98,2,12,0
9439625,0,1,0,1,0,0,98,2,12,0
9439906,1,0,0,1,1,0,98,2,12,0
9439962,0,1,0,1,0,0,98,2,12,0
9440512,1,1,0,0,0,0,98,2,12,0
9440825,0,1,0,1,0,0,98,2,12,0
9441023,1,1,1,1,1,0,98,2,12,0
9441707,0,1,0,1,0,0,98,2,12,0
9442597,1,0,0,1,1,0,98,2,12,0
9442732,0,1,1,0,1,0,98,2,12,0
9443126,0,0,0,0,1,0,98,2,12,0
9443165,0,0,1,1,0,0,98,2,12,0
9444399,0,0,1,1,0,0,98,2,12,0
9445050,0,0,1,1,0,0,98,2,12,0
9445378,0,0,0,0,1,0,98,2,12,0
9445755,1,1,1,1,1,0,98,2,12,0
9447191,0,0,0,0,1,0,98,2,12,0
9447729,1,1,1,1,1,0,98,2,12,0
9448758,0,1,0,1,0,0,98,2,12,0
9448927,1,1,0,0,0,0,98,2,12,0
9449234,1,0,1,0,0,0,98,2,12,0
9449289,1,0,1,0,0,0,98,2,12,0
9449451,1,1,1,1,1,0,98,2,12,0
9451142,0,1,0,1,0,0,98,2,12,0
9452056,0,1,1,0,1,0,98,2,12,0
9453186,0,1,1,0,1,0,98,2,12,0
9454067,0,1,1,0,1,0,98,2,12,0
9455141,0,1,0,1,0,0,98,2,12,0
9455205,1,0,1,0,0,0,98,2,12,0
9455571,1,0,0,0,1,1,98,2,12,0
9456228,1,0,0,1,1,0,98,2,12,0
9456511,0,0,1,1,0,0,98,2,12,0
9457092,1,0,1,0,0,0,98,2,12,0
9457534,1,1,1,1,1,0,98,2,12,0
9458840,0,1,1,0,1,0,98,2,12,0
9460462,0,1,1,0,1,0,98,2,12,0
9464480,0,1,1,0,1,0,98,2,12,0
9465229,0,0,0,0,1,0,98,2,12,0
9466583,0,1,0,1,0,0,98,2,12,0
9467448,1,1,1,1,1,0,98,2,12,0
9467484,0,1,0,0,0,0,98,2,12,0
9469061,0,0,0,0,1,0,98,2,12,0
9469560,0,1,1,0,1,0,98,2,12,0
9470852,0,0,0,0,1,0,98,2,12,0
9471321,0,0,0,0,1,0,98,2,12,0
9472551,1,1,1,1,1,0,98,2,12,0
9472620,1,0,0,1,1,0,98,2,12,0
9474036,0,0,0,0,1,0,98,2,12,0
9474715,0,0,1,1,0,0,98,2,12,0
9475930,1,1,0,0,0,0,98,2,12,0
9476242,1,0,1,0,0,0,98,2,12,0
9477205,0,1,1,0,1,0,98,2,12,0
9479517,1,0,1,0,0,0,98,2,12,0
9480041,1,0,0,1,1,0,98,2,12,0
9480779,1,1,0,0,0,0,98,2,12,0
9482194,1,0,1,0,0,0,98,2,12,0
9482663,1,1,1,1,1,0,98,2,12,0
9483392,0,0,1,1,0,0,98,2,12,0
9485641,0,1,0,1,0,0,98,2,12,0
9486576,1,1,0,1,0,0,98,2,12,0
9486919,0,0,1,1,0,0,98,2,12,0
9487496,1,1,1,1,1,0,98,2,12,0
9488061,0,0,1,1,0,0,98,2,12,0
9488149,0,0,0,0,1,0,98,2,12,0
9488184,0,0,0,0,1,0,98,2,12,0
9489171,0,1,1,0,1,0,98,2,12,0
9489184,0,1,1,0,1,0,98,2,12,0
9489462,0,0,0,0,1,0,98,2,12,0
9489658,1,1,1,1,1,0,98,2,12,0
9492561,0,0,1,1,0,0,98,2,12,0
9493224,1,1,0,0,0,0,98,2,12,0
9493528,1,1,0,0,0,0,98,2,12,0
9494092,1,1,0,0,0,0,98,2,12,0
9494266,0,0,0,0,1,0,98,2,12,0
9495037,0,0,0,0,1,0,98,2,12,0
9498911,1,0,1,0,0,0,98,2,12,0
9499403,0,0,0,0,1,0,98,2,12,0
9499591,1,1,1,1,1,0,98,2,12,0
9500731,0,0,1,1,0,0,98,2,12,0
9500919,0,1,1,0,1,0,98,2,12,0
9501757,0,0,1,1,0,0,98,2,12,0
9501948,0,1,0,1,0,0,98,2,12,0
9502052,1,1,1,1,1,0,98,2,12,0
9522560,1,1,1,1,1,0,145,2,12,2
9568681,0,1,0,1,0,0,102,2,12,0
9569462,1,0,0,1,1,0,102,2,12,0
9569898,1,1,1,1,1,0,102,2,12,0
9570024,1,0,0,1,1,0,102,2,12,0
9570639,0,0,1,1,0,0,102,2,12,0
9572211,0,1,1,0,1,0,102,2,12,0
9572337,0,1,0,1,0,0,102,2,12,0
9572352,1,0,0,1,1,0,102,2,12,0
9573579,1,1,1,1,1,0,102,2,12,0
9574113,0,0,1,1,0,0,102,2,12,0
9575022,1,1,0,0,0,0,102,2,12,0
9575091,1,0,0,1,1,0,102,2,12,0
9578227,1,0,1,0,0,0,102,2,12,0
9579025,1,0,1,0,0,0,102,2,12,0
9580250,1,0,1,0,0,0,102,2,12,0
9580450,1,1,1,1,1,0,102,2,12,0
9581430,1,0,0,1,1,0,102,2,12,0
9581911,0,1,0,1,0,0,102,2,12,0
9583910,0,1,1,0,1,0,102,2,12,0
9584297,1,1,1,1,1,0,102,2,12,0
9584348,1,0,1,0,0,0,102,2,12,0
9584376,1,0,0,1,1,0,102,2,12,0
9585366,0,0,1,1,0,0,102,2,12,0
9586025,1,0,1,0,0,0,102,2,12,0
9586703,0,0,0,0,1,0,102,2,12,0
9586753,1,1,1,1,1,0,102,2,12,0
9587382,0,1,1,0,1,0,102,2,12,0
9588738,1,0,1,0,0,0,102,2,12,0
9589028,0,0,0,0,1,0,102,2,12,0
9589199,0,0,1,1,0,0,102,2,12,0
9589230,1,0,1,0,0,0,102,2,12,0
9590882,1,1,0,0,0,0,102,2,12,0
9591413,1,0,0,1,1,0,102,2,12,0
9592531,0,0,0,0,1,0,102,2,12,0
9594372,0,0,1,1,0,0,102,2,12,0
9594447,0,0,0,0,1,0,102,2,12,0
9594492,0,0,1,1,0,0,102,2,12,0
9594753,0,0,1,1,0,0,102,2,12,0
9595725,0,1,0,1,0,0,102,2,12,0
9596213,1,1,0,0,0,0,102,2,12,0
9596973,1,1,1,1,1,0,102,2,12,0
9597949,1,0,0,1,1,0,102,2,12,0
9597996,1,1,0,0,0,0,102,2,12,0
9598037,1,0,0,1,1,0,102,2,12,0
9598144,1,1,0,0,0,0,102,2,12,0
9600223,0,1,0,0,0,0,102,2,12,0
9600731,1,0,0,1,1,0,102,2,12,0
9601650,1,0,1,0,0,0,102,2,12,0
9601771,1,0,1,0,0,0,102,2,12,0
9602105,0,1,1,0,1,0,102,2,12,0
9602408,0,1,1,0,1,0,102,2,12,0
9604344,0,1,1,0,1,0,102,2,12,0
9604516,0,0,1,1,0,0,102,2,12,0
9604798,0,0,0,0,1,0,102,2,12,0
9605117,1,1,0,0,0,0,102,2,12,0
9607411,0,0,1,1,0,0,102,2,12,0
9607518,1,0,0,0,1,1,102,2,12,0
9607849,1,0,1,0,0,0,102,2,12,0
9607895,1,1,1,1,1,0,102,2,12,0
9609093,0,1,0,1,0,0,102,2,12,0
9609893,1,0,0,1,1,0,102,2,12,0
9611114,0,1,0,1,0,0,102,2,12,0
9611784,1,1,1,1,1,0,102,2,12,0
9612398,0,1,0,1,0,0,102,2,12,0
9615131,1,0,0,1,1,0,102,2,12,0
9615693,1,1,1,1,1,0,102,2,12,0
9616168,0,1,0,1,0,0,102,2,12,0
9616208,0,0,1,1,0,0,102,2,12,0
9616585,1,1,1,1,1,0,102,2,12,0
9616921,1,0,0,1,1,0,102,2,12,0
9617184,1,1,0,0,0,0,102,2,12,0
9617479,0,1,1,0,1,0,102,2,12,0
9617792,0,0,1,1,0,0,102,2,12,0
9619761,1,1,0,0,0,0,102,2,12,0
9620290,1,0,0,1,1,0,102,2,12,0
9620849,0,0,0,0,1,0,102,2,12,0
9621138,1,1,1,1,1,0,102,2,12,0
9621475,1,1,0,0,0,0,102,2,12,0
9621639,1,1,0,0,0,0,102,2,12,0
9621760,1,1,0,0,0,0,102,2,12,0
9625278,0,1,0,1,0,0,102,2,12,0
9625788,1,1,0,0,0,0,102,2,12,0
9627212,1,1,0,0,0,0,102,2,12,0
9628453,0,0,1,1,0,0,102,2,12,0
9628545,0,1,1,0,1,0,102,2,12,0
9628697,0,1,0,1,0,0,102,2,12,0
9628755,1,1,1,1,1,0,102,2,12,0
9629347,0,1,1,0,1,0,102,2,12,0
9629580,0,0,0,0,1,0,102,2,12,0
9631067,1,1,0,0,0,0,102,2,12,0
9631201,0,0,1,1,0,0,102,2,12,0
9631897,1,0,1,0,0,0,102,2,12,0
9631938,1,1,0,1,0,0,102,2,12,0
9632138,0,1,1,1,1,1,102,2,12,0
9638671,1,1,0,0,0,0,82,1,12,0
9639425,1,1,1,1,1,0,82,1,12,0
9639495,0,1,1,0,1,0,82,1,12,0
9639685,1,1,0,0,0,0,82,1,12,0
9640099,1,1,1,1,1,0,82,1,12,0
9640773,1,0,1,0,0,0,82,1,12,0
9641454,1,1,1,1,1,0,82,1,12,0
9641712,1,1,1,0,1,1,82,1,12,0
9641823,1,1,0,0,0,0,82,1,12,0
9642508,0,1,1,0,1,0,82,1,12,0
9642566,0,0,1,1,0,0,82,1,12,0
9644296,0,1,0,1,0,0,82,1,12,0
9644450,1,0,0,1,1,0,82,1,12,0
9644647,1,1,1,1,1,0,82,1,12,0
9644852,1,1,1,1,1,0,82,1,12,0
9648910,1,0,0,1,1,0,82,1,12,0
9649014,1,1,0,1,0,0,82,1,12,0
9649085,1,0,0,1,1,0,82,1,12,0
9649332,0,0,1,1,0,0,82,1,12,0
9650029,0,0,0,0,1,0,82,1,12,0
9651027,1,0,1,0,0,0,82,1,12,0
9651535,1,1,0,0,0,0,82,1,12,0
9652818,0,0,0,0,1,0,82,1,12,0
9653156,0,0,1,1,0,0,82,1,12,0
9654264,1,1,1,1,1,0,82,1,12,0
9654488,0,0,1,1,0,0,82,1,12,0
9656065,1,0,1,0,0,0,82,1,12,0
9656829,0,0,1,1,0,0,82,1,12,0
9657938,1,1,1,1,1,0,82,1,12,0
9658885,0,1,0,1,0,0,82,1,12,0
9658969,0,1,0,1,0,0,82,1,12,0
9659567,0,0,0,0,1,0,82,1,12,0
9659663,1,1,0,0,0,0,82,1,12,0
9659698,0,1,0,1,0,0,82,1,12,0
9659821,1,1,0,0,0,0,82,1,12,0
9659896,1,1,1,1,1,0,82,1,12,0
9663188,1,0,0,1,1,0,82,1,12,0
9664149,1,1,0,0,0,0,82,1,12,0
9665754,0,0,0,0,1,0,82,1,12,0
9667892,0,0,0,0,1,0,82,1,12,0
9668653,0,1,1,0,1,0,82,1,12,0
9670405,0,0,0,0,1,0,82,1,12,0
9670463,0,0,1,1,0,0,82,1,12,0
9670919,0,1,1,0,1,0,82,1,12,0
9671142,1,0,1,0,0,0,82,1,12,0
9672237,0,1,1,0,1,0,82,1,12,0
9673155,1,1,0,0,0,0,82,1,12,0
9677808,1,0,1,0,0,0,82,1,12,0
9679042,1,1,1,1,1,0,82,1,12,0
9680046,1,1,1,1,1,0,82,1,12,0
9680750,1,1,0,0,0,0,82,1,12,0
9681279,0,0,0,0,1,0,82,1,12,0
9682611,1,0,0,1,1,0,82,1,12,0
9682758,1,1,0,0,0,0,82,1,12,0
9684337,0,1,1,0,1,0,82,1,12,0
9685341,0,1,0,1,0,0,82,1,12,0
9686040,1,1,0,0,0,0,82,1,12,0
9686921,0,0,0,0,1,0,82,1,12,0
9688398,1,0,1,0,0,0,82,1,12,0
9692182,0,0,0,0,1,0,82,1,12,0
9693281,0,1,1,0,1,0,82,1,12,0
9694147,0,0,1,1,0,0,82,1,12,0
9694279,0,1,0,1,0,0,82,1,12,0
9694365,0,0,0,0,1,0,82,1,12,0
9695380,1,0,0,1,1,0,82,1,12,0
9696596,0,0,0,0,1,0,82,1,12,0
9696973,0,0,0,0,1,0,82,1,12,0
9697699,0,1,0,1,0,0,82,1,12,0
9697892,0,1,0,1,0,0,82,1,12,0
9698134,0,0,0,0,1,0,82,1,12,0
9698549,0,0,0,0,1,0,82,1,12,0
9698882,1,0,0,1,1,0,82,1,12,0
9699735,0,1,1,0,1,0,165,1,9,0
9700179,0,0,1,1,0,0,165,1,9,0
9700345,1,0,0,1,1,0,165,1,9,0
9700553,0,1,0,1,0,0,165,1,9,0
9701555,0,1,1,0,1,0,165,1,9,0
9702296,1,0,1,0,0,0,165,1,9,0
9703038,0,1,1,0,1,0,165,1,9,0
9703538,0,0,0,0,1,0,165,1,9,0
9703596,1,1,0,0,0,0,165,1,9,0
9703696,1,0,0,1,1,0,165,1,9,0
9703703,1,1,0,0,0,0,165,1,9,0
9703919,0,1,0,1,0,0,165,1,9,0
9704183,1,0,1,0,0,0,165,1,9,0
9704266,1,1,1,1,1,0,165,1,9,0
9704860,1,1,0,0,0,0,165,1,9,0
9705149,1,1,1,1,1,0,165,1,9,0
9705681,1,0,0,1,1,0,165,1,9,0
9707777,0,0,1,1,0,0,165,1,9,0
9708113,1,0,0,1,1,0,165,1,9,0
9709785,1,1,0,0,0,0,165,1,9,0
9711623,1,0,0,1,1,0,165,1,9,0
9711796,1,0,0,1,1,0,165,1,9,0
9712045,1,1,0,1,0,0,165,1,9,0
9713735,0,1,1,0,1,0,165,1,9,0
9714119,0,0,0,1,1,1,165,1,9,0
9714800,0,0,1,1,0,0,165,1,9,0
9717374,0,0,1,1,0,0,165,1,9,0
9718873,0,0,0,0,1,0,165,1,9,0
9719364,1,0,1,0,0,0,165,1,9,0
9719981,1,1,1,1,1,0,165,1,9,0
9720191,0,0,0,0,1,0,165,1,9,0
9720996,0,1,1,0,1,0,165,1,9,0
9721006,0,1,1,0,1,0,165,1,9,0
9721614,1,1,0,0,0,0,165,1,9,0
9721734,1,0,1,0,0,0,165,1,9,0
9722351,1,0,1,0,0,0,165,1,9,0
9723596,1,0,1,0,0,0,165,1,9,0
9724956,0,1,1,0,1,0,165,1,9,0
9725861,1,0,0,1,1,0,165,1,9,0
9725867,0,0,0,0,1,0,165,1,9,0
9726618,0,1,1,0,1,0,165,1,9,0
9728756,0,0,0,0,1,0,165,1,9,0
9729053,0,0,1,1,0,0,165,1,9,0
9729204,0,0,1,0,0,0,165,1,9,0
9729468,1,1,0,0,0,0,165,1,9,0
9729679,1,0,1,0,0,0,165,1,9,0
9729911,1,0,1,0,0,0,165,1,9,0
9730320,1,0,0,1,1,0,165,1,9,0
9730703,0,0,1,1,0,0,165,1,9,0
9731776,1,1,1,1,1,0,165,1,9,0
9731894,0,1,0,1,0,0,165,1,9,0
9732583,0,1,1,0,1,0,165,1,9,0
9732668,0,1,0,1,0,0,165,1,9,0
9733334,0,0,0,0,1,0,165,1,9,0
9733535,0,1,1,0,1,0,165,1,9,0
9733672,1,0,1,0,0,0,165,1,9,0
9734698,1,0,1,0,0,0,165,1,9,0
9734932,1,1,0,0,0,0,165,1,9,0
9737627,1,0,1,0,0,0,165,1,9,0
9737970,1,0,1,0,0,0,165,1,9,0
9738324,1,0,0,1,1,0,165,1,9,0
9738793,0,1,0,1,0,0,165,1,9,0
9740011,0,1,1,0,1,0,165,1,9,0
9740239,0,0,0,0,1,0,165,1,9,0
9742077,0,1,0,1,0,0,165,1,9,0
9745190,1,0,1,0,0,0,165,1,9,0
9745406,1,0,1,0,0,0,165,1,9,0
9745754,0,1,0,1,0,0,165,1,9,0
9747476,1,1,0,0,0,0,165,1,9,0
9748679,1,1,0,0,0,0,165,1,9,0
9749403,1,1,1,1,1,0,165,1,9,0
9750948,1,1,0,0,0,0,165,1,9,0
9752373,0,1,0,1,0,0,165,1,9,0
9753057,1,1,1,1,1,0,165,1,9,0
9753557,0,1,0,1,0,0,165,1,9,0
9753562,0,0,0,0,1,0,165,1,9,0
9755024,1,1,1,1,1,0,165,1,9,0
9755425,1,0,1,0,0,0,165,1,9,0
9757044,1,1,0,0,0,0,165,1,9,0
9757967,0,0,1,1,0,0,165,1,9,0
9758564,1,0,0,1,1,0,165,1,9,0
9758671,1,0,1,0,0,0,165,1,9,0
9758919,1,1,0,0,0,0,165,1,9,0
9759430,1,0,0,1,1,0,165,1,9,0
9759564,1,0,0,1,1,0,165,1,9,0
9759730,0,1,1,0,1,0,165,1,9,0
9760340,1,0,0,1,1,0,165,1,9,0
9760397,0,1,1,0,1,0,165,1,9,0
9761149,0,1,1,0,1,0,165,1,9,0
9761837,1,0,1,0,0,0,165,1,9,0
9762069,0,0,1,1,0,0,165,1,9,0
9762456,1,0,0,1,1,0,165,1,9,0
9762770,0,1,0,1,0,0,165,1,9,0
9763246,1,0,1,0,0,0,165,1,9,0
9763376,1,0,1,0,0,0,165,1,9,0
9764362,1,1,0,0,0,0,165,1,9,0
9764832,1,1,1,1,1,0,165,1,9,0
9765074,1,1,1,1,1,0,199,1,9,0
9765089,1,1,1,1,1,0,199,1,9,0
9765295,0,1,0,1,0,0,199,1,9,0
9765795,0,0,1,1,0,0,199,1,9,0
9766263,0,1,1,0,1,0,199,1,9,0
9766939,0,1,0,1,0,0,199,1,9,0
9767865,1,0,1,0,0,0,199,1,9,0
9768249,0,0,0,0,1,0,199,1,9,0
9768304,0,1,0,1,0,0,199,1,9,0
9768828,1,1,0,0,0,0,199,1,9,0
9769214,1,0,1,0,0,0,199,1,9,0
9769492,0,0,0,0,1,0,199,1,9,0
9770362,1,0,0,1,1,0,199,1,9,0
9770934,0,0,0,0,1,0,199,1,9,0
9770962,1,1,1,1,1,0,199,1,9,0
9771097,1,0,1,0,0,0,199,1,9,0
9771156,1,1,1,1,1,0,199,1,9,0
9771267,0,0,1,1,0,0,199,1,9,0
9772015,0,0,0,0,1,0,199,1,9,0
9772356,1,0,0,1,1,0,199,1,9,0
9772812,1,0,1,0,0,0,199,1,9,0
9772909,1,0,0,1,1,0,199,1,9,0
9773027,1,1,1,1,1,0,199,1,9,0
9773146,1,1,1,1,1,0,199,1,9,0
9773148,0,0,0,0,1,0,199,1,9,0
9773365,1,0,1,0,0,0,199,1,9,0
9773371,0,0,0,0,1,0,199,1,9,0
9774000,1,1,1,1,1,0,199,1,9,0
9774010,1,1,0,0,0,0,199,1,9,0
9774329,1,0,1,0,0,0,199,1,9,0
9774419,0,1,0,1,0,0,199,1,9,0
9774613,0,1,1,0,1,0,199,1,9,0
9776525,0,0,0,0,1,0,199,1,9,0
9776614,0,0,1,1,0,0,199,1,9,0
9776740,1,1,0,0,0,0,199,1,9,0
9777234,0,1,1,1,1,1,199,1,9,0
9778123,0,0,0,0,1,0,199,1,9,0
9779568,0,0,0,0,1,0,199,1,9,0
9779722,1,1,1,1,1,0,199,1,9,0
9780095,0,1,0,1,0,0,199,1,9,0
9780663,0,1,1,0,1,0,199,1,9,0
9780936,1,1,0,0,0,0,199,1,9,0
9782373,0,0,1,1,0,0,199,1,9,0
9782766,0,1,1,0,1,0,199,1,9,0
9783263,0,1,0,0,0,0,199,1,9,0
9783912,0,1,0,1,0,0,199,1,9,0
9784124,0,0,1,1,0,0,199,1,9,0
9784496,1,0,1,0,0,0,199,1,9,0
9784625,0,0,0,0,1,0,199,1,9,0
9785408,1,1,1,1,1,0,199,1,9,0
9785466,1,0,1,0,0,0,199,1,9,0
9785738,0,0,1,1,0,0,199,1,9,0
9785941,0,0,0,0,1,0,199,1,9,0
9786206,1,0,0,1,1,0,199,1,9,0
9786290,1,0,0,0,1,1,199,1,9,0
9786823,1,1,1,1,1,0,199,1,9,0
9787751,1,1,0,0,0,0,199,1,9,0
9787924,0,0,1,1,0,0,199,1,9,0
9787994,1,1,1,0,1,1,199,1,9,0
9788183,0,1,1,0,1,0,199,1,9,0
9788900,0,1,1,0,1,0,199,1,9,0
9789428,0,1,1,0,1,0,199,1,9,0
9790108,0,0,0,0,1,0,199,1,9,0
9790109,1,1,0,0,0,0,199,1,9,0
9790644,1,0,0,1,1,0,199,1,9,0
9790922,0,0,0,0,1,0,199,1,9,0
9791170,0,0,0,0,1,0,199,1,9,0
9792630,0,0,1,1,0,0,199,1,9,0
9792771,0,0,0,0,1,0,199,1,9,0
9792846,1,0,1,0,0,0,199,1,9,0
9792891,0,0,0,0,1,0,199,1,9,0
9794447,0,1,0,1,0,0,199,1,9,0
9795231,0,1,0,1,0,0,199,1,9,0
9796955,0,1,1,0,1,0,199,1,9,0
9796956,0,0,1,1,0,0,199,1,9,0
9797065,1,1,1,1,1,0,199,1,9,0
9797068,1,0,0,1,1,0,199,1,9,0
9798265,0,0,0,0,1,0,199,1,9,0
9798483,1,0,0,1,1,0,199,1,9,0
9799259,0,0,0,0,1,0,199,1,9,0
9800139,1,1,0,0,0,0,199,1,9,0
9800923,0,0,1,1,0,0,199,1,9,0
9801252,0,0,1,1,0,0,199,1,9,0
9801865,0,0,1,1,0,0,199,1,9,0
9802130,1,0,0,1,1,0,199,1,9,0
9802176,1,1,1,1,1,0,199,1,9,0
9803477,0,0,1,1,0,0,199,1,9,0
9803514,1,0,1,0,0,0,199,1,9,0
9803838,1,0,0,1,1,0,199,1,9,0
9803854,0,0,1,1,0,0,199,1,9,0
9804067,1,0,0,1,1,0,199,1,9,0
9804330,1,0,0,1,1,0,199,1,9,0
9804432,0,0,0,1,1,1,199,1,9,0
9804865,1,0,0,1,1,0,199,1,9,0
9805026,1,1,1,1,1,0,199,1,9,0
9805222,0,0,1,1,0,0,199,1,9,0
9805244,0,0,1,1,0,0,199,1,9,0
9805552,0,1,1,0,1,0,199,1,9,0
9807431,0,0,1,1,0,0,199,1,9,0
9807629,1,1,0,0,0,0,199,1,9,0
9808376,0,0,1,1,0,0,199,1,9,0
9808860,1,1,1,1,1,0,199,1,9,0
9809618,1,1,0,0,0,0,199,1,9,0
9810012,1,1,0,0,0,0,199,1,9,0
9810288,0,1,1,0,1,0,199,1,9,0
9810372,1,1,1,1,1,0,199,1,9,0
9810523,1,0,0,1,1,0,199,1,9,0
9810829,0,1,0,1,0,0,199,1,9,0
9810934,1,1,0,0,0,0,199,1,9,0
9811332,0,1,1,0,1,0,199,1,9,0
9811518,1,0,1,0,0,0,199,1,9,0
9813276,0,0,0,0,1,0,199,1,9,0
9813571,0,0,0,0,1,0,199,1,9,0
9813793,1,0,1,0,0,0,199,1,9,0
9814428,0,0,0,1,1,1,199,1,9,0
9814441,0,0,0,0,1,0,199,1,9,0
9814615,1,0,1,0,0,0,199,1,9,0
9815000,1,1,1,1,1,0,199,1,9,0
9815275,0,1,1,0,1,0,199,1,9,0
9815350,0,1,1,0,1,0,199,1,9,0
9815387,1,0,1,0,0,0,199,1,9,0
9817213,1,0,0,1,1,0,199,1,9,0
9818448,1,1,0,0,0,0,199,1,9,0
9818614,0,1,0,1,0,0,199,1,9,0
9820206,1,0,1,0,0,0,199,1,9,0
9820259,0,0,1,0,0,0,199,1,9,0
9821266,0,1,0,1,0,0,199,1,9,0
9821988,0,0,1,1,0,0,199,1,9,0
9823161,0,1,0,1,0,0,199,1,9,0
9824163,0,0,1,1,0,0,199,1,9,0
9824186,0,0,0,0,1,0,199,1,9,0
9824396,0,0,0,0,1,0,199,1,9,0
9826586,1,0,0,1,1,0,199,1,9,0
9826859,0,1,1,0,1,0,199,1,9,0
9827962,0,0,0,0,1,0,199,1,9,0
9828805,0,1,1,0,1,0,199,1,9,0
9829342,0,0,1,1,0,0,199,1,9,0
9831912,1,1,0,0,0,0,113,1,9,0
9832274,0,0,1,1,0,0,113,1,9,0
9832861,0,0,0,0,1,0,113,1,9,0
9832942,1,1,0,0,0,0,113,1,9,0
9833485,0,0,1,1,0,0,113,1,9,0
9833907,1,1,1,0,1,1,113,1,9,0
9835100,0,0,0,0,1,0,113,1,9,0
9835499,0,1,0,1,0,0,113,1,9,0
9836945,0,0,1,1,0,0,113,1,9,0
9838038,0,1,0,1,0,0,113,1,9,0
9838113,1,1,0,0,0,0,113,1,9,0
9838365,0,0,1,1,0,0,113,1,9,0
9838679,1,1,1,1,1,0,113,1,9,0
9838954,1,0,1,0,0,0,113,1,9,0
9841889,0,0,0,0,1,0,113,1,9,0
9843098,1,1,0,0,0,0,113,1,9,0
9843717,0,0,1,1,0,0,113,1,9,0
9843731,0,0,0,0,1,0,113,1,9,0
9844882,1,0,0,1,1,0,113,1,9,0
9845068,0,1,0,1,0,0,113,1,9,0
9845202,0,1,1,0,1,0,113,1,9,0
9845983,1,0,1,0,0,0,113,1,9,0
9848649,1,1,0,0,0,0,113,1,9,0
9849302,0,0,0,0,1,0,113,1,9,0
9849483,0,0,1,1,0,0,113,1,9,0
9849535,0,1,0,1,0,0,113,1,9,0
9849771,1,0,0,1,1,0,113,1,9,0
9851274,1,1,0,0,0,0,113,1,9,0
9851468,1,0,0,1,1,0,113,1,9,0
9852385,1,0,0,1,1,0,113,1,9,0
9852607,0,1,1,0,1,0,113,1,9,0
9852766,1,1,1,1,1,0,113,1,9,0
9854323,0,1,0,1,0,0,113,1,9,0
9855981,1,1,1,1,1,0,113,1,9,0
9856000,1,1,1,1,1,0,113,1,9,0
9857141,0,1,1,0,1,0,113,1,9,0
9857290,1,0,0,1,1,0,113,1,9,0
9857473,0,1,0,1,0,0,113,1,9,0
9857501,1,1,0,0,0,0,113,1,9,0
9857538,1,0,0,1,1,0,113,1,9,0
9857603,1,0,1,0,0,0,113,1,9,0
9859010,1,0,0,1,1,0,113,1,9,0
9859973,0,1,0,1,0,0,113,1,9,0
9860371,0,0,1,1,0,0,113,1,9,0
9863340,1,1,0,0,0,0,113,1,9,0
9863414,0,1,1,0,1,0,113,1,9,0
9863426,1,0,0,1,1,0,113,1,9,0
9863688,1,1,0,0,0,0,113,1,9,0
9863771,1,0,0,1,1,0,113,1,9,0
9865788,1,0,1,0,0,0,113,1,9,0
9866989,1,0,0,1,1,0,113,1,9,0
9867815,0,1,1,0,1,0,113,1,9,0
9868176,0,1,0,1,0,0,113,1,9,0
9868571,1,1,0,0,0,0,113,1,9,0
9870721,0,0,1,1,0,0,113,1,9,0
9872018,0,1,1,1,1,1,113,1,9,0
9873249,1,0,0,1,1,0,113,1,9,0
9874033,0,1,0,0,0,0,113,1,9,0
9874723,0,1,1,0,1,0,113,1,9,0
9876167,1,0,0,1,1,0,113,1,9,0
9876229,1,0,0,1,1,0,113,1,9,0
9878836,1,1,1,1,1,0,113,1,9,0
9879511,1,1,1,1,1,0,113,1,9,0
9880031,0,1,0,1,0,0,113,1,9,0
9880230,0,1,0,1,0,0,113,1,9,0
9882886,0,0,1,1,0,0,113,1,9,0
9884224,1,1,1,1,1,0,113,1,9,0
9885109,0,0,1,1,0,0,113,1,9,0
9886079,1,0,0,1,1,0,113,1,9,0
9887352,0,0,0,0,1,0,113,1,9,0
9887404,0,1,0,1,0,0,113,1,9,0
9887778,0,0,0,0,1,0,113,1,9,0
9888096,1,0,0,0,1,1,113,1,9,0
9889759,1,0,1,0,0,0,113,1,9,0
9889844,1,1,1,0,1,1,113,1,9,0
9890681,0,0,0,0,1,0,113,1,9,0
9893735,0,1,0,1,0,0,113,1,9,0
9894209,0,1,0,1,0,0,113,1,9,0
9894559,1,1,1,1,1,0,113,1,9,0
9895999,1,0,1,0,0,0,199,2,9,0
9896644,0,0,1,1,0,0,199,2,9,0
9896668,0,1,0,1,0,0,199,2,9,0
9898306,1,0,0,1,1,0,199,2,9,0
9899125,1,0,1,0,0,0,199,2,9,0
9899223,1,0,1,0,0,0,199,2,9,0
9900179,0,1,0,1,0,0,199,2,9,0
9900300,1,0,0,1,1,0,199,2,9,0
9900369,1,1,0,0,0,0,199,2,9,0
9900421,1,1,0,0,0,0,199,2,9,0
9900566,0,0,0,0,1,0,199,2,9,0
9902614,0,0,0,0,1,0,199,2,9,0
9903315,0,0,0,0,1,0,199,2,9,0
9903551,1,1,1,1,1,0,199,2,9,0
9904385,1,1,0,0,0,0,199,2,9,0
9904892,0,0,1,1,0,0,199,2,9,0
9905428,1,1,0,1,0,0,199,2,9,0
9905936,0,0,1,1,0,0,199,2,9,0
9905990,0,1,1,0,1,0,199,2,9,0
9906482,1,1,0,0,0,0,199,2,9,0
9906705,1,0,0,1,1,0,199,2,9,0
9906776,1,0,1,0,0,0,199,2,9,0
9907711,1,0,0,1,1,0,199,2,9,0
9908147,1,0,1,0,0,0,199,2,9,0
9908229,1,1,0,0,0,0,199,2,9,0
9908391,1,1,0,0,0,0,199,2,9,0
9909317,1,0,0,1,1,0,199,2,9,0
9909408,0,0,0,0,1,0,199,2,9,0
9909423,0,0,0,0,1,0,199,2,9,0
9909874,1,0,1,0,0,0,199,2,9,0
9909970,0,1,0,1,0,0,199,2,9,0
9910045,1,0,1,0,0,0,199,2,9,0
9910913,0,0,0,0,1,0,199,2,9,0
9910967,0,1,1,0,1,0,199,2,9,0
9911082,1,1,0,0,0,0,199,2,9,0
9911142,1,0,1,0,0,0,199,2,9,0
9911621,1,0,1,0,0,0,199,2,9,0
9912396,1,0,0,1,1,0,199,2,9,0
9912463,1,0,0,1,1,0,199,2,9,0
9912994,1,0,1,0,0,0,199,2,9,0
9913210,0,0,0,1,1,1,199,2,9,0
9914172,1,0,1,0,0,0,199,2,9,0
9914939,1,0,1,0,0,0,199,2,9,0
9915321,0,1,1,0,1,0,199,2,9,0
9915416,1,0,0,1,1,0,199,2,9,0
9915810,1,0,0,1,1,0,199,2,9,0
9916985,1,0,0,1,1,0,199,2,9,0
9917136,1,1,0,0,0,0,199,2,9,0
9917334,1,0,0,0,1,1,199,2,9,0
9917780,1,0,1,0,0,0,199,2,9,0
9917826,1,0,0,1,1,0,199,2,9,0
9918064,1,0,1,0,0,0,199,2,9,0
9918271,1,1,1,1,1,0,199,2,9,0
9918333,1,0,0,1,1,0,199,2,9,0
9920649,0,0,1,1,0,0,199,2,9,0
9921991,1,0,0,1,1,0,199,2,9,0
9923383,1,0,1,0,0,0,199,2,9,0
9924928,1,1,1,1,1,0,199,2,9,0
9928174,1,0,0,1,1,0,199,2,9,0
9928834,1,1,0,0,0,0,199,2,9,0
9929202,1,0,1,0,0,0,199,2,9,0
9929212,1,1,0,0,0,0,199,2,9,0
9929540,0,0,1,1,0,0,199,2,9,0
9930230,0,1,1,0,1,0,199,2,9,0
9930988,1,0,1,0,0,0,199,2,9,0
9932826,1,0,0,1,1,0,199,2,9,0
9933207,1,0,0,1,1,0,199,2,9,0
9933769,1,0,1,0,0,0,199,2,9,0
9933807,0,0,0,0,1,0,199,2,9,0
9934016,1,0,0,1,1,0,199,2,9,0
9934639,1,1,1,1,1,0,199,2,9,0
9934989,1,0,0,1,1,0,199,2,9,0
9935053,1,0,1,0,0,0,199,2,9,0
9935699,0,0,1,1,0,0,199,2,9,0
9935787,0,0,0,0,1,0,199,2,9,0
9936075,1,1,0,0,0,0,199,2,9,0
9936152,0,1,0,1,0,0,199,2,9,0
9936182,1,1,1,0,1,1,199,2,9,0
9936538,0,1,1,0,1,0,199,2,9,0
9937038,0,1,1,0,1,0,199,2,9,0
9937075,0,1,0,1,0,0,199,2,9,0
9937636,1,0,1,0,0,0,199,2,9,0
9937645,1,0,1,0,0,0,199,2,9,0
9937860,1,1,0,0,0,0,199,2,9,0
9938647,0,0,1,1,0,0,199,2,9,0
9939566,0,1,1,0,1,0,199,2,9,0
9939824,1,0,0,1,1,0,199,2,9,0
9940980,1,0,1,0,0,0,199,2,9,0
9941424,0,0,1,1,0,0,199,2,9,0
9942797,1,0,1,0,0,0,199,2,9,0
9942878,1,0,0,1,1,0,199,2,9,0
9943100,0,0,0,0,1,0,199,2,9,0
9943638,1,0,0,1,1,0,199,2,9,0
9944279,0,0,0,0,1,0,199,2,9,0
9947323,0,0,0,0,1,0,199,2,9,0
9948051,0,0,0,0,1,0,199,2,9,0
9948368,0,1,1,0,1,0,199,2,9,0
9948748,0,0,0,0,1,0,199,2,9,0
9948780,1,0,0,1,1,0,199,2,9,0
9951057,1,1,0,0,0,0,199,2,9,0
9951058,0,1,1,0,1,0,199,2,9,0
9952023,0,0,0,0,1,0,199,2,9,0
9952484,1,0,1,0,0,0,199,2,9,0
9953108,1,0,0,1,1,0,199,2,9,0
9953535,0,1,0,1,0,0,199,2,9,0
9953621,0,0,1,1,0,0,199,2,9,0
9953677,1,1,0,0,0,0,199,2,9,0
9953746,1,0,1,0,0,0,199,2,9,0
9955025,1,1,1,1,1,0,199,2,9,0
9955106,1,0,1,0,0,0,199,2,9,0
9956321,1,0,0,1,1,0,199,2,9,0
9956500,0,0,0,0,1,0,199,2,9,0
9956924,0,1,1,0,1,0,199,2,9,0
9957126,1,1,1,1,1,0,199,2,9,0
9957543,0,0,0,0,1,0,199,2,9,0
9957836,1,1,0,0,0,0,199,2,9,0
9958084,0,1,1,0,1,0,199,2,9,0
9958814,1,1,0,0,0,0,199,2,9,0
9959658,0,0,0,0,1,0,199,2,9,0
9959737,1,1,1,1,1,0,199,2,9,0
9960608,1,1,0,0,0,0,199,2,9,0
9961146,0,0,0,0,1,0,199,2,9,0
9961753,0,0,0,0,1,0,112,2,12,0
9963798,0,0,0,0,1,0,112,2,12,0
9963835,0,0,0,0,1,0,112,2,12,0
9964554,1,0,1,0,0,0,112,2,12,0
9964997,0,0,1,1,0,0,112,2,12,0
9965050,1,0,1,0,0,0,112,2,12,0
9965057,0,1,0,1,0,0,112,2,12,0
9966522,0,0,0,0,1,0,112,2,12,0
9966573,0,0,1,0,0,0,112,2,12,0
9966616,1,1,1,1,1,0,112,2,12,0
9966877,1,1,1,1,1,0,112,2,12,0
9968730,1,0,1,0,0,0,112,2,12,0
9968840,1,1,0,0,0,0,112,2,12,0
9969353,1,1,1,1,1,0,112,2,12,0
9970010,1,0,1,0,0,0,112,2,12,0
9970605,0,0,1,1,0,0,112,2,12,0
9971874,1,1,0,0,0,0,112,2,12,0
9972852,1,0,1,0,0,0,112,2,12,0
9973301,0,1,0,1,0,0,112,2,12,0
9975540,1,0,0,1,1,0,112,2,12,0
9978604,0,1,1,0,1,0,112,2,12,0
9979539,0,0,0,0,1,0,112,2,12,0
9980537,1,0,0,1,1,0,112,2,12,0
9981261,1,1,0,0,0,0,112,2,12,0
9983335,1,0,1,0,0,0,112,2,12,0
9983476,0,1,0,1,0,0,112,2,12,0
9984488,1,0,0,1,1,0,112,2,12,0
9985361,0,0,0,0,1,0,112,2,12,0
9986082,0,0,1,1,0,0,112,2,12,0
9987295,0,0,0,0,1,0,112,2,12,0
9988653,0,1,0,1,0,0,112,2,12,0
9988707,1,1,1,1,1,0,112,2,12,0
9989360,1,1,1,1,1,0,112,2,12,0
9990185,0,0,0,1,1,1,112,2,12,0
9990352,0,0,0,0,1,0,112,2,12,0
9990436,0,0,1,1,0,0,112,2,12,0
9990516,0,1,0,1,0,0,112,2,12,0
9992555,0,0,1,1,0,0,112,2,12,0
9992706,1,1,0,0,0,0,112,2,12,0
9993416,0,1,1,0,1,0,112,2,12,0
9993584,1,0,1,0,0,0,112,2,12,0
9993924,0,0,0,0,1,0,112,2,12,0
9994059,0,1,1,0,1,0,112,2,12,0
9994204,0,1,1,0,1,0,112,2,12,0
9994914,1,1,0,0,0,0,112,2,12,0
9996421,1,1,0,0,0,0,112,2,12,0
9996462,0,1,0,1,0,0,112,2,12,0
9997743,1,1,1,1,1,0,112,2,12,0
9997761,0,1,0,1,0,0,112,2,12,0
9997851,0,1,1,0,1,0,112,2,12,0
9998635,1,0,1,0,0,0,112,2,12,0
9998760,0,0,1,1,0,0,112,2,12,0
9998994,0,1,1,0,1,0,112,2,12,0
9999030,1,0,1,0,0,0,112,2,12,0
10000994,1,1,1,1,1,0,112,2,12,0
10001774,0,1,0,1,0,0,112,2,12,0
10001818,1,1,0,0,0,0,112,2,12,0
10002963,0,1,0,1,0,0,112,2,12,0
10004020,1,0,0,1,1,0,112,2,12,0
10004525,1,1,1,1,1,0,112,2,12,0
10004692,0,1,1,0,1,0,112,2,12,0
10006114,1,1,1,1,1,0,112,2,12,0
10006172,0,1,0,1,0,0,112,2,12,0
10008053,1,0,1,0,0,0,112,2,12,0
10008112,1,1,0,0,0,0,112,2,12,0
10010158,0,0,0,0,1,0,112,2,12,0
10010685,1,0,1,0,0,0,112,2,12,0
10010878,0,0,1,1,0,0,112,2,12,0
10011142,1,1,0,0,0,0,112,2,12,0
10011828,0,0,0,0,1,0,112,2,12,0
10012620,0,0,0,0,1,0,112,2,12,0
10012857,1,0,1,0,0,0,112,2,12,0
10013123,1,1,0,0,0,0,112,2,12,0
10013766,1,1,1,1,1,0,112,2,12,0
10014040,1,0,0,1,1,0,112,2,12,0
10014754,0,0,1,1,0,0,112,2,12,0
10015566,0,0,1,1,0,0,112,2,12,0
10016092,0,1,1,0,1,0,112,2,12,0
10016103,0,1,1,0,1,0,112,2,12,0
10016162,1,0,0,1,1,0,112,2,12,0
10016188,0,0,1,1,0,0,112,2,12,0
10016665,1,1,0,0,0,0,112,2,12,0
10016692,1,1,0,0,0,0,112,2,12,0
10016909,0,0,0,0,1,0,112,2,12,0
10017448,0,0,0,0,1,0,112,2,12,0
10018601,1,1,1,1,1,0,112,2,12,0
10018674,0,0,0,0,1,0,112,2,12,0
10019158,0,0,1,1,0,0,112,2,12,0
10019222,1,1,0,0,0,0,112,2,12,0
10019303,0,0,0,0,1,0,112,2,12,0
10019970,0,1,1,0,1,0,112,2,12,0
10020117,0,0,0,0,1,0,112,2,12,0
10020594,1,1,0,0,0,0,112,2,12,0
10020941,0,0,1,1,0,0,112,2,12,0
10021150,0,0,1,1,0,0,112,2,12,0
10021433,1,0,0,1,1,0,112,2,12,0
10021438,0,1,0,1,0,0,112,2,12,0
10023075,0,1,1,0,1,0,112,2,12,0
10023617,1,1,1,1,1,0,112,2,12,0
10024782,0,1,0,1,0,0,112,2,12,0
10024792,1,0,1,0,0,0,112,2,12,0
10025140,1,0,1,0,0,0,112,2,12,0
10025581,1,0,1,0,0,0,112,2,12,0
10025641,0,1,1,0,1,0,112,2,12,0
10025647,1,1,1,1,1,0,112,2,12,0
10025722,1,1,1,1,1,0,112,2,12,0
10026105,1,1,1,1,1,0,112,2,12,0
10026108,0,0,0,0,1,0,112,2,12,0
10026599,1,1,1,1,1,0,112,2,12,0
10027824,1,0,1,0,0,0,119,2,12,0
10031496,0,0,1,1,0,0,119,2,12,0
10032313,1,0,0,1,1,0,119,2,12,0
10032564,1,0,0,1,1,0,119,2,12,0
10032776,1,1,1,1,1,0,119,2,12,0
10033308,1,0,0,1,1,0,119,2,12,0
10033364,0,1,0,0,0,0,119,2,12,0
10034809,0,1,1,0,1,0,119,2,12,0
10035440,1,1,1,1,1,0,119,2,12,0
10036226,0,1,0,1,0,0,119,2,12,0
10036781,0,0,1,1,0,0,119,2,12,0
10037096,0,1,0,1,0,0,119,2,12,0
10037261,0,0,0,0,1,0,119,2,12,0
10038448,0,0,0,0,1,0,119,2,12,0
10038517,1,1,1,1,1,0,119,2,12,0
10039247,0,0,0,0,1,0,119,2,12,0
10039449,1,1,1,1,1,0,119,2,12,0
10039714,1,1,1,1,1,0,119,2,12,0
10040343,0,1,0,1,0,0,119,2,12,0
10040397,0,1,0,1,0,0,119,2,12,0
10040770,1,1,1,1,1,0,119,2,12,0
10040788,0,0,0,0,1,0,119,2,12,0
10040823,1,0,1,0,0,0,119,2,12,0
10040863,0,0,1,1,0,0,119,2,12,0
10042034,1,0,0,1,1,0,119,2,12,0
10042587,1,1,0,0,0,0,119,2,12,0
10043077,1,0,1,0,0,0,119,2,12,0
10043571,1,1,1,1,1,0,119,2,12,0
10043718,0,1,1,0,1,0,119,2,12,0
10044732,1,1,0,0,0,0,119,2,12,0
10044767,1,1,1,1,1,0,119,2,12,0
10044955,0,0,1,1,0,0,119,2,12,0
10045145,0,1,0,1,0,0,119,2,12,0
10045391,0,0,0,0,1,0,119,2,12,0
10045785,0,0,1,1,0,0,119,2,12,0
10048447,1,0,1,0,0,0,119,2,12,0
10049650,0,1,1,0,1,0,119,2,12,0
10049813,0,1,1,0,1,0,119,2,12,0
10050206,0,1,0,1,0,0,119,2,12,0
10050933,0,1,0,1,0,0,119,2,12,0
10051407,0,1,0,1,0,0,119,2,12,0
10055162,1,0,0,1,1,0,119,2,12,0
10055470,0,1,1,0,1,0,119,2,12,0
10056040,0,0,1,1,0,0,119,2,12,0
10057154,0,1,1,0,1,0,119,2,12,0
10057521,0,1,1,0,1,0,119,2,12,0
10058691,1,0,1,0,0,0,119,2,12,0
10059620,1,1,1,0,1,1,119,2,12,0
10059772,0,0,1,1,0,0,119,2,12,0
10060217,1,1,1,1,1,0,119,2,12,0
10060841,1,1,0,0,0,0,119,2,12,0
10060864,1,1,0,0,0,0,119,2,12,0
10061942,1,1,0,0,0,0,119,2,12,0
10062135,1,1,0,1,0,0,119,2,12,0
10063719,0,0,0,0,1,0,119,2,12,0
10064045,0,1,0,1,0,0,119,2,12,0
10064670,0,0,1,1,0,0,119,2,12,0
10066021,1,0,1,0,0,0,119,2,12,0
10066106,1,1,0,0,0,0,119,2,12,0
10067263,0,1,1,0,1,0,119,2,12,0
10068089,1,1,0,0,0,0,119,2,12,0
10068161,0,0,1,1,0,0,119,2,12,0
10068217,0,1,0,1,0,0,119,2,12,0
10069123,1,1,0,0,0,0,119,2,12,0
10069174,1,1,1,1,1,0,119,2,12,0
10069198,1,1,1,1,1,0,119,2,12,0
10069643,1,0,1,1,0,0,119,2,12,0
10069910,0,1,0,1,0,0,119,2,12,0
10070590,1,0,1,0,0,0,119,2,12,0
10071298,1,1,1,1,1,0,119,2,12,0
10072301,1,1,0,0,0,0,119,2,12,0
10072853,0,0,1,1,0,0,119,2,12,0
10072900,0,0,0,0,1,0,119,2,12,0
10073682,1,0,1,0,0,0,119,2,12,0
10074373,0,0,1,1,0,0,119,2,12,0
10074514,0,0,1,1,0,0,119,2,12,0
10075207,0,1,1,0,1,0,119,2,12,0
10077202,0,1,1,0,1,0,119,2,12,0
10077473,0,1,1,0,1,0,119,2,12,0
10077640,1,0,1,0,0,0,119,2,12,0
10078053,0,1,1,0,1,0,119,2,12,0
10078873,1,0,1,0,0,0,119,2,12,0
10079689,0,1,1,0,1,0,119,2,12,0
10080031,0,1,0,1,0,0,119,2,12,0
10080282,1,0,1,0,0,0,119,2,12,0
10081875,1,1,0,0,0,0,119,2,12,0
10082008,0,0,0,0,1,0,119,2,12,0
10082028,0,1,1,0,1,0,119,2,12,0
10083847,1,0,1,0,0,0,119,2,12,0
10084960,1,1,1,1,1,0,119,2,12,0
10085965,1,0,0,0,1,1,119,2,12,0
10087506,0,0,1,1,0,0,119,2,12,0
10088075,1,0,1,0,0,0,119,2,12,0
10088367,0,0,1,1,0,0,119,2,12,0
10088842,1,0,0,1,1,0,119,2,12,0
10089974,1,1,1,1,1,0,119,2,12,0
10090113,0,1,0,1,0,0,119,2,12,0
10090572,1,0,1,0,0,0,119,2,12,0
10090996,0,1,1,0,1,0,119,2,12,0
10091210,1,1,0,0,0,0,119,2,12,0
10091225,0,1,1,0,1,0,119,2,12,0
10091364,0,1,0,1,0,0,119,2,12,0
10091531,0,0,0,0,1,0,119,2,12,0
10091801,1,1,0,0,0,0,119,2,12,0
10092914,1,1,0,0,0,0,91,2,12,1
10092931,1,1,1,1,1,0,91,2,12,1
10093249,0,0,1,1,0,0,91,2,12,1
10094633,0,1,1,0,1,0,91,2,12,1
10094643,1,0,0,1,1,0,91,2,12,1
10094813,0,1,0,1,0,0,91,2,12,1
10095800,1,1,0,0,0,0,91,2,12,1
10097217,1,0,1,0,0,0,91,2,12,1
10097340,1,1,0,0,0,0,91,2,12,1
10098849,1,1,1,0,1,1,91,2,12,1
10100738,1,1,1,1,1,0,91,2,12,1
10101647,0,1,1,0,1,0,91,2,12,1
10102527,0,1,1,0,1,0,91,2,12,1
10106331,0,1,1,0,1,0,91,2,12,1
10109472,1,0,1,0,0,0,91,2,12,1
10110111,1,0,1,0,0,0,91,2,12,1
10110311,1,1,0,0,0,0,91,2,12,1
10110949,0,1,1,0,1,0,91,2,12,1
10111526,1,0,0,1,1,0,91,2,12,1
10113179,0,1,0,1,0,0,91,2,12,1
10113587,0,0,0,0,1,0,91,2,12,1
10113944,0,1,1,0,1,0,91,2,12,1
10116272,1,0,1,1,0,0,91,2,12,1
10118101,1,0,0,1,1,0,91,2,12,1
10119224,0,0,0,0,1,0,91,2,12,1
10119526,1,1,1,1,1,0,91,2,12,1
10121932,0,0,1,1,0,0,91,2,12,1
10123213,1,1,1,1,1,0,91,2,12,1
10123727,0,1,1,0,1,0,91,2,12,1
10124158,1,0,0,1,1,0,91,2,12,1
10125397,0,0,1,1,0,0,91,2,12,1
10127336,1,0,1,0,0,0,91,2,12,1
10128972,1,0,0,1,1,0,91,2,12,1
10129544,0,1,0,1,0,0,91,2,12,1
10131301,1,1,0,0,0,0,91,2,12,1
10132225,0,1,1,0,1,0,91,2,12,1
10133223,1,1,1,1,1,0,91,2,12,1
10138632,0,0,0,0,1,0,91,2,12,1
10139621,0,1,0,1,0,0,91,2,12,1
10141713,1,1,0,0,0,0,91,2,12,1
10147099,0,1,0,1,0,0,91,2,12,1
10147406,1,1,0,0,0,0,91,2,12,1
10147620,0,0,1,1,0,0,91,2,12,1
10148084,1,0,1,0,0,0,91,2,12,1
10149476,0,0,1,1,0,0,91,2,12,1
10151649,0,0,0,0,1,0,91,2,12,1
10152225,0,1,0,1,0,0,91,2,12,1
10152903,0,0,1,1,0,0,91,2,12,1
10154759,1,1,0,0,0,0,91,2,12,1
10156429,1,0,0,1,1,0,91,2,12,1
10157066,0,0,0,0,1,0,91,2,12,1
10159338,0,0,0,0,1,0,107,1,12,1
10159527,0,0,0,0,1,0,107,1,12,1
10160342,1,0,0,1,1,0,107,1,12,1
10160859,0,0,1,1,0,0,107,1,12,1
10160989,0,1,0,0,0,0,107,1,12,1
10161969,1,1,1,1,1,0,107,1,12,1
10167203,0,0,0,0,1,0,107,1,12,1
10168565,1,0,1,0,0,0,107,1,12,1
10170270,1,0,0,1,1,0,107,1,12,1
10172084,1,1,1,1,1,0,107,1,12,1
10174040,0,1,1,0,1,0,107,1,12,1
10175596,0,1,0,1,0,0,107,1,12,1
10175731,1,0,0,1,1,0,107,1,12,1
10177576,0,0,0,0,1,0,107,1,12,1
10178700,1,1,1,1,1,0,107,1,12,1
10180793,0,1,1,0,1,0,107,1,12,1
10181833,0,1,0,1,0,0,107,1,12,1
10182219,1,0,1,0,0,0,107,1,12,1
10182339,0,1,1,0,1,0,107,1,12,1
10183168,0,1,0,1,0,0,107,1,12,1
10183535,1,0,1,0,0,0,107,1,12,1
10184346,1,1,1,1,1,0,107,1,12,1
10184935,0,0,0,0,1,0,107,1,12,1
10185826,1,0,1,0,0,0,107,1,12,1
10188330,1,1,1,1,1,0,107,1,12,1
10188912,1,1,1,1,1,0,107,1,12,1
10191084,0,1,1,0,1,0,107,1,12,1
10191611,0,0,0,0,1,0,107,1,12,1
10192330,1,1,1,1,1,0,107,1,12,1
10192846,1,1,1,1,1,0,107,1,12,1
10193217,0,0,1,1,0,0,107,1,12,1
10195816,1,0,1,0,0,0,107,1,12,1
10202797,1,0,0,1,1,0,107,1,12,1
10204602,0,0,0,0,1,0,107,1,12,1
10205012,1,1,1,1,1,0,107,1,12,1
10207982,0,0,0,0,1,0,107,1,12,1
10208115,0,0,0,0,1,0,107,1,12,1
10208426,0,0,1,1,0,0,107,1,12,1
10209419,1,0,1,0,0,0,107,1,12,1
10210966,1,0,1,0,0,0,107,1,12,1
10211125,1,0,1,0,0,0,107,1,12,1
10211392,1,0,1,0,0,0,107,1,12,1
10212128,1,0,1,0,0,0,107,1,12,1
10214558,0,1,1,0,1,0,107,1,12,1
10215656,1,0,0,1,1,0,107,1,12,1
10217866,0,0,1,1,0,0,107,1,12,1
10218582,1,1,0,0,0,0,107,1,12,1
10218811,0,1,0,1,0,0,107,1,12,1
10219197,0,1,0,1,0,0,107,1,12,1
10220782,1,0,0,1,1,0,107,1,12,1
10221458,0,0,1,1,0,0,107,1,12,1
10222151,0,1,1,0,1,0,107,1,12,1
10223113,0,0,0,0,1,0,107,1,12,1
10223730,1,0,1,0,0,0,105,1,9,1
10225148,0,1,1,0,1,0,105,1,9,1
10227976,1,1,0,0,0,0,105,1,9,1
10229753,1,1,1,1,1,0,105,1,9,1
10229992,1,1,1,1,1,0,105,1,9,1
10230884,1,0,1,0,0,0,105,1,9,1
10231113,0,0,1,1,0,0,105,1,9,1
10233411,1,0,0,0,1,1,105,1,9,1
10234175,1,1,0,0,0,0,105,1,9,1
10238548,0,1,1,0,1,0,105,1,9,1
10240037,1,0,0,1,1,0,105,1,9,1
10242110,1,0,1,0,0,0,105,1,9,1
10243247,1,1,0,0,0,0,105,1,9,1
10244295,0,1,1,0,1,0,105,1,9,1
10244564,0,1,0,1,0,0,105,1,9,1
10246083,1,1,0,1,0,0,105,1,9,1
10246202,0,0,1,0,0,0,105,1,9,1
10247630,0,1,1,0,1,0,105,1,9,1
10249967,0,1,0,1,0,0,105,1,9,1
10251195,0,0,0,0,1,0,105,1,9,1
10253103,0,0,1,1,0,0,105,1,9,1
10254272,0,0,1,1,0,0,105,1,9,1
10254505,1,0,1,0,0,0,105,1,9,1
10255389,1,1,0,0,0,0,105,1,9,1
10257768,0,1,0,1,0,0,105,1,9,1
10258819,1,0,0,1,1,0,105,1,9,1
10261494,0,0,1,1,0,0,105,1,9,1
10262169,0,1,1,0,1,0,105,1,9,1
10262266,0,0,1,1,0,0,105,1,9,1
10262607,1,1,1,1,1,0,105,1,9,1
10263374,0,1,0,1,0,0,105,1,9,1
10263624,0,1,0,1,0,0,105,1,9,1
10265809,1,0,1,0,0,0,105,1,9,1
10266232,1,0,0,1,1,0,105,1,9,1
10266251,1,0,1,0,0,0,105,1,9,1
10270570,1,0,1,0,0,0,105,1,9,1
10270888,0,0,0,0,1,0,105,1,9,1
10271449,0,0,0,0,1,0,105,1,9,1
10271923,0,1,0,1,0,0,105,1,9,1
10273281,0,1,1,0,1,0,105,1,9,1
10274180,1,1,0,0,0,0,105,1,9,1
10274759,1,0,0,1,1,0,105,1,9,1
10276734,1,1,0,1,0,0,105,1,9,1
10277286,0,0,0,0,1,0,105,1,9,1
10278412,0,0,0,0,1,0,105,1,9,1
10278659,0,1,0,1,0,0,105,1,9,1
10281608,0,1,0,1,0,0,105,1,9,1
10283130,1,0,1,0,0,0,105,1,9,1
10286023,0,0,1,1,0,0,105,1,9,1
10288363,0,1,1,0,1,0,105,1,9,1
10290237,1,0,0,1,1,0,160,1,9,1
10290353,1,1,1,1,1,0,160,1,9,1
10290968,1,1,0,0,0,0,160,1,9,1
10291713,0,0,0,0,1,0,160,1,9,1
10292336,1,0,0,1,1,0,160,1,9,1
10292644,0,0,0,0,1,0,160,1,9,1
10294364,0,1,0,1,0,0,160,1,9,1
10294915,0,1,0,1,0,0,160,1,9,1
10296165,1,1,1,1,1,0,160,1,9,1
10296351,0,1,0,0,0,0,160,1,9,1
10297994,1,0,0,1,1,0,160,1,9,1
10299275,1,0,1,0,0,0,160,1,9,1
10300029,1,1,1,1,1,0,160,1,9,1
10300706,0,0,0,0,1,0,160,1,9,1
10301219,0,1,1,0,1,0,160,1,9,1
10302263,1,1,1,1,1,0,160,1,9,1
10302439,1,1,0,0,0,0,160,1,9,1
10302858,1,1,1,1,1,0,160,1,9,1
10303129,0,0,1,1,0,0,160,1,9,1
10303791,1,0,0,1,1,0,160,1,9,1
10304078,0,0,1,1,0,0,160,1,9,1
10305536,0,0,1,1,0,0,160,1,9,1
10305552,1,1,0,0,0,0,160,1,9,1
10307651,0,0,1,1,0,0,160,1,9,1
10310431,1,0,0,1,1,0,160,1,9,1
10310737,0,0,0,0,1,0,160,1,9,1
10311218,0,0,1,1,0,0,160,1,9,1
10312045,1,1,1,1,1,0,160,1,9,1
10313042,1,1,0,0,0,0,160,1,9,1
10316096,0,1,0,1,0,0,160,1,9,1
10316613,1,1,1,1,1,0,160,1,9,1
10318756,1,1,0,0,0,0,160,1,9,1
10319993,0,0,0,0,1,0,160,1,9,1
10320378,0,1,0,1,0,0,160,1,9,1
10322366,0,0,0,0,1,0,160,1,9,1
10322805,0,1,1,0,1,0,160,1,9,1
10323961,0,1,0,1,0,0,160,1,9,1
10324395,1,0,1,0,0,0,160,1,9,1
10324617,1,0,1,0,0,0,160,1,9,1
10325200,0,1,1,0,1,0,160,1,9,1
10327151,1,0,0,1,1,0,160,1,9,1
10327480,0,1,0,1,0,0,160,1,9,1
10328385,0,1,0,0,0,0,160,1,9,1
10329804,0,1,0,1,0,0,160,1,9,1
10331121,1,1,0,0,0,0,160,1,9,1
10331698,1,0,1,1,0,0,160,1,9,1
10331942,0,1,1,1,1,1,160,1,9,1
10333416,0,0,0,0,1,0,160,1,9,1
10333655,1,0,1,0,0,0,160,1,9,1
10335308,0,1,0,1,0,0,160,1,9,1
10335320,0,1,1,0,1,0,160,1,9,1
10336988,1,1,1,1,1,0,160,1,9,1
10338362,1,0,1,0,0,0,160,1,9,1
10338404,1,1,1,1,1,0,160,1,9,1
10339508,0,1,0,1,0,0,160,1,9,1
10340082,1,0,0,1,1,0,160,1,9,1
10340218,1,1,1,1,1,0,160,1,9,1
10340992,0,0,0,0,1,0,160,1,9,1
10342320,0,1,1,0,1,0,160,1,9,1
10343396,0,0,1,1,0,0,160,1,9,1
10343872,1,1,0,0,0,0,160,1,9,1
10344370,0,0,0,0,1,0,160,1,9,1
10344646,1,0,1,0,0,0,160,1,9,1
10345240,1,1,1,1,1,0,160,1,9,1
10345496,1,1,1,1,1,0,160,1,9,1
10346209,0,0,1,1,0,0,160,1,9,1
10347255,1,1,0,0,0,0,160,1,9,1
10347321,1,0,1,0,0,0,160,1,9,1
10347327,1,1,1,1,1,0,160,1,9,1
10347342,0,1,1,0,1,0,160,1,9,1
10349561,0,0,0,0,1,0,160,1,9,1
10350302,0,1,1,0,1,0,160,1,9,1
10350806,0,1,1,0,1,0,160,1,9,1
10352491,1,1,0,0,0,0,160,1,9,1
10352507,1,0,0,1,1,0,160,1,9,1
10353747,0,1,1,0,1,0,160,1,9,1
10354047,0,0,0,0,1,0,160,1,9,1
10355150,1,0,1,0,0,0,142,1,9,0
10356891,0,0,1,1,0,0,142,1,9,0
10357093,0,0,1,1,0,0,142,1,9,0
10359450,0,1,0,1,0,0,142,1,9,0
10359848,1,1,0,0,0,0,142,1,9,0
10360508,1,0,1,0,0,0,142,1,9,0
10362022,1,0,0,1,1,0,142,1,9,0
10363445,0,1,0,1,0,0,142,1,9,0
10363638,0,1,1,0,1,0,142,1,9,0
10364665,0,0,1,1,0,0,142,1,9,0
10366422,0,0,0,1,1,1,142,1,9,0
10366678,1,0,1,0,0,0,142,1,9,0
10367134,1,0,0,1,1,0,142,1,9,0
10367808,1,1,0,0,0,0,142,1,9,0
10369324,1,1,1,1,1,0,142,1,9,0
10369558,0,1,1,0,1,0,142,1,9,0
10371305,0,1,1,0,1,0,142,1,9,0
10372176,1,1,1,1,1,0,142,1,9,0
10374341,0,0,0,0,1,0,142,1,9,0
10374782,0,0,0,0,1,0,142,1,9,0
10375943,0,1,0,1,0,0,142,1,9,0
10376947,0,0,1,1,0,0,142,1,9,0
10377471,1,1,1,1,1,0,142,1,9,0
10378519,1,0,1,0,0,0,142,1,9,0
10379611,1,1,0,0,0,0,142,1,9,0
10380213,0,1,1,0,1,0,142,1,9,0
10381353,0,1,0,1,0,0,142,1,9,0
10381739,1,1,1,1,1,0,142,1,9,0
10382398,0,0,0,0,1,0,142,1,9,0
10382505,0,0,1,1,0,0,142,1,9,0
10385344,1,0,1,0,0,0,142,1,9,0
10385475,1,0,0,1,1,0,142,1,9,0
10385638,0,0,0,0,1,0,142,1,9,0
10386146,0,0,1,0,0,0,142,1,9,0
10386177,1,0,1,0,0,0,142,1,9,0
10386379,1,0,1,0,0,0,142,1,9,0
10387220,0,1,1,0,1,0,142,1,9,0
10387558,0,0,0,0,1,0,142,1,9,0
10387629,0,0,0,0,1,0,142,1,9,0
10388261,1,0,1,0,0,0,142,1,9,0
10388441,0,0,0,0,1,0,142,1,9,0
10388875,1,0,0,1,1,0,142,1,9,0
10389095,1,1,1,1,1,0,142,1,9,0
10389154,0,1,1,0,1,0,142,1,9,0
10389376,0,0,0,0,1,0,142,1,9,0
10389429,1,0,0,1,1,0,142,1,9,0
10389430,0,0,1,1,0,0,142,1,9,0
10389962,0,0,0,0,1,0,142,1,9,0
10390020,1,0,0,1,1,0,142,1,9,0
10390794,0,1,0,1,0,0,142,1,9,0
10391715,0,0,1,1,0,0,142,1,9,0
10391784,0,1,1,0,1,0,142,1,9,0
10392805,0,1,1,0,1,0,142,1,9,0
10393080,1,0,1,0,0,0,142,1,9,0
10394579,1,1,1,1,1,0,142,1,9,0
10394594,0,1,0,1,0,0,142,1,9,0
10395370,0,1,1,0,1,0,142,1,9,0
10395409,0,0,1,1,0,0,142,1,9,0
10395644,0,0,1,1,0,0,142,1,9,0
10395694,1,0,1,0,0,0,142,1,9,0
10396371,0,1,1,1,1,1,142,1,9,0
10396434,1,0,1,0,0,0,142,1,9,0
10396692,0,0,1,1,0,0,142,1,9,0
10396968,1,1,1,1,1,0,142,1,9,0
10397314,1,0,1,0,0,0,142,1,9,0
10397371,0,0,1,1,0,0,142,1,9,0
10397635,1,0,0,0,1,1,142,1,9,0
10398397,1,1,0,0,0,0,142,1,9,0
10398569,1,1,0,0,0,0,142,1,9,0
10398703,0,1,1,0,1,0,142,1,9,0
10398739,0,0,1,1,0,0,142,1,9,0
10398758,1,0,0,1,1,0,142,1,9,0
10399873,0,0,1,1,0,0,142,1,9,0
10399973,1,0,1,0,0,0,142,1,9,0
10401463,1,1,1,1,1,0,142,1,9,0
10401488,0,0,0,0,1,0,142,1,9,0
10401979,0,1,0,1,0,0,142,1,9,0
10402621,0,0,0,0,1,0,142,1,9,0
10403017,1,0,0,1,1,0,142,1,9,0
10403061,1,1,0,0,0,0,142,1,9,0
10403823,1,1,0,0,0,0,142,1,9,0
10404546,1,0,0,1,1,0,142,1,9,0
10404599,0,0,1,0,0,0,142,1,9,0
10407646,0,0,0,0,1,0,142,1,9,0
10408761,0,1,1,0,1,0,142,1,9,0
10409053,0,1,0,1,0,0,142,1,9,0
10409225,1,0,0,0,1,1,142,1,9,0
10409577,1,1,1,1,1,0,142,1,9,0
10410552,0,1,0,1,0,0,142,1,9,0
10410922,1,0,0,0,1,1,142,1,9,0
10411286,1,0,0,1,1,0,142,1,9,0
10411676,0,0,0,0,1,0,142,1,9,0
10413706,1,0,0,1,1,0,142,1,9,0
10417311,0,1,0,1,0,0,142,1,9,0
10417403,1,0,0,1,1,0,142,1,9,0
10417528,1,0,1,0,0,0,142,1,9,0
10417996,1,0,1,0,0,0,142,1,9,0
10419293,1,1,1,1,1,0,142,1,9,0
10421080,1,1,0,0,0,0,125,2,9,0
10421579,0,1,0,1,0,0,125,2,9,0
10421971,1,1,0,0,0,0,125,2,9,0
10423232,1,0,1,0,0,0,125,2,9,0
10423598,1,0,0,1,1,0,125,2,9,0
10424893,1,0,0,1,1,0,125,2,9,0
10427056,0,0,0,0,1,0,125,2,9,0
10429872,1,0,1,0,0,0,125,2,9,0
10430346,0,1,0,1,0,0,125,2,9,0
10430724,0,0,0,0,1,0,125,2,9,0
10431111,1,1,0,0,0,0,125,2,9,0
10431119,0,1,0,1,0,0,125,2,9,0
10431461,0,0,0,0,1,0,125,2,9,0
10431494,1,0,1,0,0,0,125,2,9,0
10432255,0,0,0,0,1,0,125,2,9,0
10434118,1,1,1,1,1,0,125,2,9,0
10434368,1,0,0,1,1,0,125,2,9,0
10434643,1,1,0,0,0,0,125,2,9,0
10436203,0,1,1,0,1,0,125,2,9,0
10436418,1,1,1,1,1,0,125,2,9,0
10437267,0,1,0,1,0,0,125,2,9,0
10437591,1,0,1,0,0,0,125,2,9,0
10437611,1,1,0,0,0,0,125,2,9,0
10440733,1,1,1,1,1,0,125,2,9,0
10441268,1,0,0,1,1,0,125,2,9,0
10441675,0,0,1,1,0,0,125,2,9,0
10442373,0,0,1,1,0,0,125,2,9,0
10442404,1,0,1,0,0,0,125,2,9,0
10442895,1,0,1,0,0,0,125,2,9,0
10443025,0,1,1,0,1,0,125,2,9,0
10444737,1,1,0,0,0,0,125,2,9,0
10444909,0,0,1,1,0,0,125,2,9,0
10447793,0,0,1,1,0,0,125,2,9,0
10449738,1,0,1,0,0,0,125,2,9,0
10450043,1,1,1,1,1,0,125,2,9,0
10450547,1,0,0,1,1,0,125,2,9,0
10451737,1,0,1,0,0,0,125,2,9,0
10452952,1,0,0,1,1,0,125,2,9,0
10453946,0,0,0,0,1,0,125,2,9,0
10455460,1,1,1,1,1,0,125,2,9,0
10455959,1,1,1,1,1,0,125,2,9,0
10456330,0,1,1,0,1,0,125,2,9,0
10456453,0,0,0,0,1,0,125,2,9,0
10458056,0,1,1,0,1,0,125,2,9,0
10458303,1,0,1,0,0,0,125,2,9,0
10458873,0,1,1,0,1,0,125,2,9,0
10459735,1,1,1,1,1,0,125,2,9,0
10461962,0,0,1,1,0,0,125,2,9,0
10462275,0,0,1,1,0,0,125,2,9,0
10463012,1,1,0,0,0,0,125,2,9,0
10466152,0,0,0,0,1,0,125,2,9,0
10466374,1,0,0,1,1,0,125,2,9,0
10467058,1,0,0,1,1,0,125,2,9,0
10469124,1,1,1,1,1,0,125,2,9,0
10469398,0,0,1,1,0,0,125,2,9,0
10470153,1,1,1,1,1,0,125,2,9,0
10471848,0,1,0,1,0,0,125,2,9,0
10472501,0,1,0,1,0,0,125,2,9,0
10472536,1,1,1,1,1,0,125,2,9,0
10473735,0,1,0,1,0,0,125,2,9,0
10473886,1,0,0,1,1,0,125,2,9,0
10474319,0,0,1,1,0,0,125,2,9,0
10475765,1,0,0,1,1,0,125,2,9,0
10476117,0,1,1,0,1,0,125,2,9,0
10476566,0,0,1,1,0,0,125,2,9,0
10477795,0,0,0,0,1,0,125,2,9,0
10478252,0,1,1,0,1,0,125,2,9,0
10478358,0,1,0,1,0,0,125,2,9,0
10478376,1,0,1,0,0,0,125,2,9,0
10479170,1,0,1,0,0,0,125,2,9,0
10482432,0,1,1,0,1,0,125,2,9,0
10482650,0,1,1,0,1,0,125,2,9,0
10482721,1,0,1,1,0,0,125,2,9,0
10482821,0,1,0,1,0,0,125,2,9,0
10483981,0,0,1,1,0,0,125,2,9,0
