attempt,a_data,a_basis,b_basis,bob,bmatch,err,irrad
226,0,0,0,0,1,0,159
242,1,0,1,0,0,0,159
410,1,0,1,0,0,0,159
483,1,1,1,1,1,0,159
552,1,0,0,1,1,0,159
700,1,0,1,0,0,0,159
947,0,0,0,0,1,0,159
1124,1,1,0,0,0,0,159
1171,0,1,0,1,0,0,159
1280,1,0,1,1,0,0,159
1416,1,0,1,0,0,0,159
2274,1,0,1,0,0,0,159
2730,0,0,1,1,0,0,159
2855,1,1,0,0,0,0,159
2866,0,1,1,0,1,0,159
2882,1,1,1,1,1,0,159
3262,0,0,0,0,1,0,159
3272,0,1,0,1,0,0,159
3353,1,0,1,0,0,0,159
3618,1,1,0,0,0,0,159
4074,1,1,0,0,0,0,159
4148,0,1,1,0,1,0,159
4181,0,0,0,0,1,0,159
4601,1,1,1,1,1,0,159
4690,0,0,0,0,1,0,159
5024,1,1,1,1,1,0,159
5121,0,0,1,1,0,0,159
5242,0,1,1,0,1,0,159
5538,0,0,1,1,0,0,159
5620,0,0,1,1,0,0,159
5843,1,0,1,0,0,0,159
6297,0,0,0,0,1,0,159
6637,1,0,1,0,0,0,159
6715,0,0,0,0,1,0,159
7016,1,1,1,1,1,0,159
7032,0,0,0,0,1,0,159
7224,1,0,1,0,0,0,159
7235,0,1,1,0,1,0,159
7456,0,0,1,1,0,0,159
7626,1,1,0,0,0,0,159
7630,1,1,1,1,1,0,159
7737,0,1,1,0,1,0,159
8109,1,0,0,1,1,0,159
8147,0,1,0,0,0,0,159
8238,0,0,0,0,1,0,159
8576,1,1,0,0,0,0,159
8798,1,1,1,1,1,0,159
9025,0,0,1,1,0,0,159
9215,0,0,0,0,1,0,159
9225,0,1,1,0,1,0,159
9306,1,1,1,0,1,1,159
9389,1,1,0,0,0,0,159
9450,0,0,1,1,0,0,159
9498,1,1,1,1,1,0,159
9751,1,1,1,1,1,0,159
9911,1,0,0,1,1,0,159
9977,0,1,1,0,1,0,159
10064,0,0,0,0,1,0,159
10097,1,0,0,1,1,0,159
10360,1,1,0,0,0,0,159
10435,1,0,0,1,1,0,159
10697,0,1,0,1,0,0,159
10818,1,1,0,0,0,0,159
10879,0,0,0,0,1,0,159
11209,1,0,1,0,0,0,159
11213,0,0,0,0,1,0,159
11399,0,0,0,0,1,0,159
11536,1,0,0,1,1,0,159
11565,0,0,0,0,1,0,159
11576,1,1,0,0,0,0,159
11683,0,1,1,0,1,0,159
11697,1,0,0,1,1,0,159
11775,1,0,0,1,1,0,159
11885,1,0,1,0,0,0,159
12063,1,0,1,0,0,0,159
12182,0,1,0,1,0,0,159
12296,0,1,0,1,0,0,159
12304,0,1,1,0,1,0,159
12373,0,0,0,0,1,0,159
12644,1,1,1,1,1,0,159
12781,1,0,0,1,1,0,159
12898,1,1,1,1,1,0,159
12915,0,0,1,1,0,0,159
12961,1,0,1,0,0,0,159
12967,1,0,1,0,0,0,159
12988,1,1,1,1,1,0,159
13007,1,1,1,1,1,0,159
13025,1,0,0,1,1,0,159
13091,0,1,0,1,0,0,159
13095,0,0,1,1,0,0,159
13125,1,1,0,0,0,0,159
13155,1,1,1,1,1,0,159
13296,1,1,1,1,1,0,159
13330,0,1,0,1,0,0,159
13525,0,0,1,1,0,0,159
13573,0,0,1,1,0,0,159
13617,1,0,1,0,0,0,159
13625,1,1,0,0,0,0,159
13669,1,1,0,0,0,0,159
13779,1,0,0,1,1,0,159
13827,1,1,1,1,1,0,159
13836,0,0,1,1,0,0,159
13907,0,1,1,0,1,0,159
13926,0,0,0,0,1,0,159
13959,0,1,1,0,1,0,159
13968,0,0,0,0,1,0,159
13974,1,1,1,1,1,0,159
14095,0,0,1,1,0,0,159
14209,0,0,1,1,0,0,159
14282,1,1,1,1,1,0,159
14380,0,0,0,0,1,0,159
14415,1,1,1,1,1,0,159
14631,1,1,0,0,0,0,159
14735,0,0,0,0,1,0,159
14742,1,0,1,0,0,0,159
14982,0,0,0,0,1,0,159
14998,0,1,0,1,0,0,159
15877,1,0,1,0,0,0,159
15926,1,0,1,0,0,0,159
16131,1,0,0,1,1,0,159
16249,0,0,0,0,1,0,159
16299,0,1,0,1,0,0,159
16413,0,0,1,1,0,0,159
16586,0,0,0,0,1,0,159
16606,0,0,1,1,0,0,159
16609,0,1,1,0,1,0,159
16804,1,0,0,1,1,0,159
16860,1,1,1,1,1,0,159
16943,1,1,0,0,0,0,159
17018,0,1,1,0,1,0,159
17356,0,1,1,0,1,0,159
17393,1,1,1,1,1,0,159
17464,1,0,1,0,0,0,159
17595,1,1,0,0,0,0,159
17750,1,1,0,0,0,0,159
17811,1,1,1,1,1,0,159
17832,1,0,1,0,0,0,159
17840,0,1,0,1,0,0,159
17965,1,0,0,1,1,0,159
17992,0,1,1,0,1,0,159
18169,1,1,1,1,1,0,159
18233,1,0,0,1,1,0,159
18366,0,0,0,0,1,0,159
18374,1,1,0,0,0,0,159
18425,0,1,0,1,0,0,159
18548,1,1,0,0,0,0,159
18714,1,1,1,1,1,0,159
18746,1,1,0,0,0,0,159
19324,1,1,0,0,0,0,159
19386,0,1,0,1,0,0,159
19455,1,1,1,1,1,0,159
19562,1,1,1,1,1,0,159
19653,1,0,1,0,0,0,159
19658,1,1,0,0,0,0,159
19770,1,0,1,0,0,0,159
19962,0,1,1,0,1,0,159
20350,0,1,1,0,1,0,159
20506,1,1,0,0,0,0,159
20616,0,1,1,0,1,0,159
20776,1,1,1,1,1,0,159
20782,0,1,1,0,1,0,159
21086,1,0,1,0,0,0,159
21231,1,0,1,0,0,0,159
21371,0,0,1,1,0,0,159
21644,1,0,0,1,1,0,159
22209,1,0,0,1,1,0,159
22263,0,1,1,0,1,0,159
22408,0,1,0,1,0,0,159
22410,1,1,1,1,1,0,159
22736,1,1,1,1,1,0,159
22762,0,1,1,0,1,0,159
23084,0,0,1,1,0,0,159
23220,0,0,0,0,1,0,159
23386,1,0,1,0,0,0,159
23439,0,0,1,1,0,0,159
23489,0,1,1,0,1,0,159
23510,0,1,0,1,0,0,159
23583,1,1,0,0,0,0,159
23693,0,1,1,0,1,0,159
23729,1,0,0,1,1,0,159
23805,1,0,1,0,0,0,159
23843,1,1,1,1,1,0,159
23939,0,1,1,0,1,0,159
24141,1,1,1,1,1,0,159
24149,1,0,0,0,1,1,159
24322,0,0,0,0,1,0,159
24450,0,1,0,1,0,0,159
24573,1,0,0,1,1,0,159
24608,1,0,1,0,0,0,159
24633,0,0,0,0,1,0,159
24903,1,0,0,1,1,0,159
24907,0,0,0,0,1,0,159
24923,0,1,0,1,0,0,159
25089,0,0,1,0,0,0,159
25721,0,0,1,1,0,0,159
25818,0,1,1,0,1,0,159
25924,1,0,0,1,1,0,159
25936,0,1,0,1,0,0,159
26103,0,0,0,0,1,0,159
26337,1,0,0,1,1,0,159
26442,0,0,1,1,0,0,159
26514,0,0,0,0,1,0,159
26818,0,1,0,1,0,0,159
26885,0,0,1,1,0,0,159
26887,0,0,0,0,1,0,159
27065,1,0,0,1,1,0,159
27213,1,0,0,1,1,0,159
27218,1,1,0,0,0,0,159
27434,1,0,0,1,1,0,159
27521,0,1,1,0,1,0,159
27846,1,0,1,0,0,0,159
27966,1,1,1,1,1,0,159
27986,0,0,1,1,0,0,159
28162,0,0,0,0,1,0,159
28229,0,1,0,1,0,0,159
28484,1,1,0,0,0,0,159
28519,1,0,1,0,0,0,159
28736,0,1,0,0,0,0,159
28737,1,0,1,0,0,0,159
28776,0,0,1,1,0,0,159
28822,1,0,0,1,1,0,159
28893,1,1,0,0,0,0,159
28898,0,0,0,0,1,0,159
28903,0,1,0,1,0,0,159
28954,1,0,0,1,1,0,159
29133,0,0,0,0,1,0,159
29576,0,0,0,0,1,0,159
29762,1,0,1,0,0,0,159
29845,1,1,1,1,1,0,159
29885,0,1,0,1,0,0,159
29907,0,1,0,1,0,0,159
30021,0,1,1,0,1,0,159
30084,1,0,0,1,1,0,159
30133,1,1,0,0,0,0,159
30209,0,0,1,1,0,0,159
30373,0,1,0,1,0,0,159
30390,1,1,0,0,0,0,159
30666,1,0,1,0,0,0,159
30674,0,0,0,0,1,0,159
30736,0,1,0,1,0,0,159
30902,1,0,0,1,1,0,159
30961,0,1,1,0,1,0,159
30999,1,1,1,1,1,0,159
31318,1,1,1,1,1,0,159
31347,0,0,0,0,1,0,159
32124,0,0,1,1,0,0,159
32258,0,0,1,1,0,0,159
32325,0,1,0,1,0,0,159
32431,1,1,0,0,0,0,159
32475,1,0,0,1,1,0,159
32546,0,1,0,0,0,0,159
32802,0,0,0,0,1,0,159
32904,1,1,1,1,1,0,159
33115,1,1,0,0,0,0,159
33324,0,1,1,0,1,0,159
33531,1,0,0,1,1,0,159
33733,0,0,0,0,1,0,159
34113,0,0,1,1,0,0,159
34298,1,1,0,0,0,0,159
34318,0,0,1,1,0,0,159
34319,1,0,0,1,1,0,159
34329,1,1,1,1,1,0,159
34523,1,0,1,0,0,0,159
34555,1,0,0,1,1,0,159
34642,1,0,0,1,1,0,159
34746,1,1,0,0,0,0,159
34981,0,1,1,0,1,0,159
35023,1,1,1,1,1,0,159
35108,1,1,1,1,1,0,159
35168,1,1,1,1,1,0,159
35233,0,1,0,1,0,0,159
35239,1,0,0,1,1,0,159
35276,1,1,1,1,1,0,159
35310,0,1,0,1,0,0,159
35315,1,1,0,0,0,0,159
35434,1,1,0,0,0,0,159
35579,1,1,0,0,0,0,159
35703,1,1,1,1,1,0,159
35815,0,1,0,1,0,0,159
35834,0,1,1,0,1,0,159
35891,1,0,0,1,1,0,159
35954,0,0,1,1,0,0,159
36184,1,0,1,0,0,0,159
36188,0,0,0,0,1,0,159
36681,1,0,0,1,1,0,159
36687,0,0,1,1,0,0,159
36688,1,0,0,1,1,0,159
36979,0,1,1,0,1,0,159
37022,0,1,0,1,0,0,159
37320,0,0,0,0,1,0,159
37368,0,0,1,1,0,0,159
37372,0,1,0,1,0,0,159
37392,1,1,1,1,1,0,159
37543,1,0,0,1,1,0,159
37664,0,0,1,1,0,0,159
37684,0,1,1,0,1,0,159
37842,1,0,1,0,0,0,159
38160,1,1,0,0,0,0,159
38208,0,1,0,1,0,0,159
38262,0,0,0,0,1,0,159
38403,1,0,0,1,1,0,159
38562,0,1,1,0,1,0,159
38610,1,0,1,0,0,0,159
38705,0,0,0,0,1,0,159
38753,0,0,1,1,0,0,159
38843,1,0,0,1,1,0,159
38938,1,1,0,0,0,0,159
38954,0,0,0,0,1,0,159
38979,0,1,1,0,1,0,159
39065,0,1,0,1,0,0,159
39066,1,1,1,1,1,0,159
39197,1,1,1,1,1,0,159
39448,1,0,1,0,0,0,159
39484,0,1,0,1,0,0,159
39659,1,1,0,0,0,0,159
39746,1,0,0,1,1,0,159
39945,0,0,1,1,0,0,159
40203,1,1,1,1,1,0,159
40583,1,0,1,0,0,0,159
40620,0,0,0,0,1,0,159
40878,0,0,0,0,1,0,159
41002,1,1,0,0,0,0,159
41102,1,0,0,1,1,0,159
41116,1,1,0,0,0,0,159
41361,1,1,0,0,0,0,159
41462,0,0,0,0,1,0,159
41863,0,1,1,0,1,0,159
41920,1,0,1,0,0,0,159
42007,0,0,0,0,1,0,159
42177,0,0,0,0,1,0,159
42400,0,1,0,1,0,0,159
42772,0,0,1,1,0,0,159
42889,1,0,0,1,1,0,159
43852,1,1,0,0,0,0,159
43884,1,1,0,0,0,0,159
44269,1,1,1,1,1,0,159
44301,0,1,0,1,0,0,159
44506,0,0,0,1,1,1,159
44560,1,0,0,1,1,0,159
44655,1,0,1,0,0,0,159
44665,1,1,0,0,0,0,159
44739,0,0,0,0,1,0,159
44963,1,1,1,1,1,0,159
45093,1,1,1,1,1,0,159
45122,0,0,0,0,1,0,159
45266,1,0,1,0,0,0,159
45296,1,1,1,1,1,0,159
45308,1,1,1,1,1,0,159
45420,0,1,0,1,0,0,159
45773,1,1,1,1,1,0,159
46046,1,0,1,0,0,0,159
46350,1,1,0,0,0,0,159
46507,0,0,0,0,1,0,159
46560,1,0,0,1,1,0,159
46575,0,1,0,1,0,0,159
46612,0,1,0,1,0,0,159
46614,0,1,0,1,0,0,159
47089,0,0,0,0,1,0,159
47247,0,0,0,0,1,0,159
47346,0,0,0,0,1,0,159
47687,1,1,0,0,0,0,159
47829,1,1,1,1,1,0,159
47889,0,0,1,1,0,0,159
47932,1,1,1,1,1,0,159
48194,0,0,0,0,1,0,159
48201,0,0,1,1,0,0,159
48333,1,0,1,0,0,0,159
48387,0,0,1,1,0,0,159
48633,0,0,1,1,0,0,159
48637,0,1,1,0,1,0,159
48755,0,1,0,1,0,0,159
48865,1,0,0,1,1,0,159
49006,0,1,1,0,1,0,159
49013,0,0,0,0,1,0,159
49217,0,1,0,1,0,0,159
49251,0,1,1,0,1,0,159
49636,0,0,1,1,0,0,159
49720,1,0,0,1,1,0,159
49761,0,1,1,0,1,0,159
49964,0,0,1,1,0,0,159
49987,1,0,0,1,1,0,159
50185,0,1,0,1,0,0,159
50249,1,0,1,0,0,0,159
50303,1,1,0,0,0,0,159
50389,0,1,1,1,1,1,159
50578,0,1,0,1,0,0,159
50715,0,1,0,1,0,0,159
50911,1,0,0,1,1,0,159
50994,1,1,1,1,1,0,159
51046,1,1,1,1,1,0,159
51104,1,1,0,0,0,0,159
51214,0,0,0,0,1,0,159
51517,0,0,0,0,1,0,159
51546,1,0,1,0,0,0,159
51628,0,0,0,0,1,0,159
51654,1,1,0,0,0,0,159
51693,0,1,1,0,1,0,159
51817,0,0,0,0,1,0,159
51839,0,1,0,1,0,0,159
52099,0,1,1,0,1,0,159
52246,0,0,1,1,0,0,159
52478,0,0,0,0,1,0,159
52573,1,1,1,1,1,0,159
52878,1,1,0,0,0,0,159
53120,0,0,1,1,0,0,159
53184,1,1,1,1,1,0,159
53303,1,0,1,0,0,0,159
53614,0,0,0,0,1,0,159
53713,1,1,1,1,1,0,159
53873,0,1,1,0,1,0,159
54215,1,1,1,1,1,0,159
54270,0,1,1,0,1,0,159
54341,1,1,1,1,1,0,159
54468,1,0,1,0,0,0,159
54694,0,1,1,0,1,0,159
54777,0,0,1,1,0,0,159
54788,0,1,1,0,1,0,159
54992,0,0,1,1,0,0,159
55103,1,1,1,1,1,0,159
55123,0,0,0,0,1,0,159
55158,1,0,0,1,1,0,159
55612,1,1,1,1,1,0,159
55630,1,1,1,1,1,0,159
55637,0,1,0,1,0,0,159
55755,1,0,1,0,0,0,159
56012,0,1,1,0,1,0,159
56028,1,1,0,0,0,0,159
56132,0,1,0,1,0,0,159
56470,0,0,1,1,0,0,159
56561,0,1,1,0,1,0,159
56683,1,0,1,0,0,0,159
56728,1,1,1,1,1,0,159
56784,0,0,1,1,0,0,159
56902,1,0,0,1,1,0,159
57275,0,0,1,1,0,0,159
57421,1,0,1,0,0,0,159
57471,0,1,0,1,0,0,159
57664,1,0,1,0,0,0,159
57766,1,1,0,0,0,0,159
57799,1,1,1,1,1,0,159
57960,0,1,1,1,1,1,159
57964,0,0,1,1,0,0,159
58052,1,0,0,1,1,0,159
58055,1,0,0,1,1,0,159
58096,0,1,1,0,1,0,159
58128,1,0,0,1,1,0,159
58136,0,1,1,0,1,0,159
58143,0,1,0,1,0,0,159
58146,1,0,0,1,1,0,159
58181,0,0,0,0,1,0,159
58201,0,0,0,0,1,0,159
58216,1,0,0,1,1,0,159
58270,1,0,0,1,1,0,159
58489,1,1,0,0,0,0,159
58507,1,0,0,1,1,0,159
58566,0,1,0,1,0,0,159
58724,1,1,1,1,1,0,159
59095,1,1,1,1,1,0,159
59670,1,0,0,1,1,0,159
59716,0,1,0,1,0,0,159
59750,1,0,0,1,1,0,159
59874,0,0,1,1,0,0,159
60043,1,0,1,0,0,0,159
60104,1,1,0,0,0,0,159
60207,1,1,1,1,1,0,159
60241,1,0,1,0,0,0,159
60368,0,1,0,1,0,0,159
60479,0,0,1,1,0,0,159
60497,1,0,1,0,0,0,159
60532,1,0,1,0,0,0,159
60607,1,0,0,1,1,0,159
60863,1,0,0,1,1,0,159
61131,0,1,1,1,1,1,159
61151,0,1,1,0,1,0,159
61162,0,0,1,1,0,0,159
61226,1,1,0,0,0,0,159
61261,1,0,0,1,1,0,159
61328,1,0,1,0,0,0,159
61400,0,1,1,0,1,0,159
62080,1,0,0,1,1,0,159
62243,1,1,1,1,1,0,159
62275,1,0,1,0,0,0,159
62290,0,0,0,0,1,0,159
62437,0,1,1,0,1,0,159
62467,0,0,0,0,1,0,159
62544,0,1,0,1,0,0,159
62650,0,1,1,0,1,0,159
62822,0,1,0,1,0,0,159
62834,0,1,0,1,0,0,159
63096,1,0,1,0,0,0,159
63548,1,0,0,1,1,0,159
63559,1,0,1,0,0,0,159
63566,0,1,1,0,1,0,159
64372,1,1,1,1,1,0,159
64447,1,0,1,0,0,0,159
64451,0,1,0,1,0,0,159
64555,1,0,0,1,1,0,159
64613,0,0,1,1,0,0,159
65169,0,0,0,0,1,0,159
65227,1,0,0,1,1,0,159
65310,1,0,0,1,1,0,159
65864,0,0,0,0,1,0,102
66006,0,1,1,0,1,0,102
66418,1,1,0,0,0,0,102
66557,1,0,0,1,1,0,102
66697,1,0,0,1,1,0,102
66721,0,1,0,1,0,0,102
66989,0,0,1,1,0,0,102
67040,1,1,0,0,0,0,102
67422,0,0,1,1,0,0,102
67544,0,1,0,1,0,0,102
67604,1,0,1,0,0,0,102
67920,0,0,1,1,0,0,102
68076,1,0,0,1,1,0,102
68626,1,0,1,0,0,0,102
69005,1,1,0,0,0,0,102
69049,0,1,0,1,0,0,102
69356,0,0,0,0,1,0,102
69784,0,0,1,1,0,0,102
70102,0,0,1,1,0,0,102
70240,0,1,0,1,0,0,102
70719,0,1,0,1,0,0,102
70886,1,1,0,0,0,0,102
70903,1,1,1,1,1,0,102
71327,1,1,1,1,1,0,102
71483,1,0,0,1,1,0,102
71503,1,0,0,1,1,0,102
71585,1,1,0,0,0,0,102
71638,0,1,0,1,0,0,102
71730,1,1,1,1,1,0,102
71770,0,1,1,0,1,0,102
72094,1,1,0,0,0,0,102
73000,0,0,0,0,1,0,102
73039,1,0,0,1,1,0,102
73125,1,1,1,1,1,0,102
73143,1,0,1,0,0,0,102
73367,1,0,1,0,0,0,102
73470,1,1,1,1,1,0,102
73696,1,1,0,0,0,0,102
74189,0,1,1,1,1,1,102
74377,0,1,0,1,0,0,102
74425,0,1,0,1,0,0,102
74460,1,0,0,1,1,0,102
74756,1,1,1,1,1,0,102
74854,0,0,0,1,1,1,102
74877,1,0,0,1,1,0,102
75279,1,1,0,0,0,0,102
75443,0,1,0,1,0,0,102
75698,1,1,0,0,0,0,102
75755,1,1,1,1,1,0,102
76161,0,1,0,1,0,0,102
77403,0,0,1,1,0,0,102
77463,1,1,0,0,0,0,102
77638,1,1,0,0,0,0,102
77685,1,0,0,1,1,0,102
78055,1,0,1,0,0,0,102
78235,0,1,0,1,0,0,102
78420,0,1,0,1,0,0,102
78484,1,1,1,1,1,0,102
78618,0,0,1,1,0,0,102
78659,1,0,1,0,0,0,102
78676,0,0,1,1,0,0,102
78789,0,1,1,0,1,0,102
78884,1,0,1,0,0,0,102
78938,0,0,1,1,0,0,102
79012,1,0,0,1,1,0,102
79017,1,1,1,1,1,0,102
79088,0,0,1,1,0,0,102
79130,1,0,1,0,0,0,102
79347,0,1,1,0,1,0,102
79580,0,1,0,1,0,0,102
79807,0,1,1,0,1,0,102
79843,0,0,0,0,1,0,102
80249,1,0,1,0,0,0,102
80513,1,1,1,1,1,0,102
80607,1,1,1,1,1,0,102
80928,1,0,1,0,0,0,102
81012,0,0,1,1,0,0,102
81184,0,0,0,0,1,0,102
81301,1,0,1,0,0,0,102
81517,1,0,1,0,0,0,102
81532,0,1,0,1,0,0,102
81825,1,1,1,1,1,0,102
81846,0,1,0,1,0,0,102
82357,1,1,0,0,0,0,102
82478,0,1,0,1,0,0,102
82529,1,1,1,1,1,0,102
82797,0,1,1,0,1,0,102
83100,1,1,0,0,0,0,102
84353,0,1,1,0,1,0,102
84354,0,1,1,0,1,0,102
84426,0,1,1,0,1,0,102
84510,0,0,1,1,0,0,102
84693,1,0,1,0,0,0,102
85635,1,0,0,1,1,0,102
85888,1,1,0,0,0,0,102
86444,1,1,0,0,0,0,102
86650,1,1,0,0,0,0,102
86722,0,1,1,0,1,0,102
86857,0,0,1,1,0,0,102
86938,1,1,0,0,0,0,102
87226,0,1,1,0,1,0,102
87270,0,0,0,0,1,0,102
87617,0,0,0,0,1,0,102
88081,0,0,0,0,1,0,102
88127,1,0,0,1,1,0,102
88348,0,1,1,0,1,0,102
88399,1,1,1,1,1,0,102
89025,1,1,1,1,1,0,102
89145,0,1,1,0,1,0,102
89218,0,0,1,1,0,0,102
89246,0,0,0,0,1,0,102
89351,1,1,0,0,0,0,102
90111,0,1,0,1,0,0,102
90523,1,1,1,1,1,0,102
90862,1,0,1,0,0,0,102
91661,1,0,0,1,1,0,102
91812,1,0,0,1,1,0,102
92024,1,0,0,1,1,0,102
92652,0,1,1,0,1,0,102
92879,1,1,0,0,0,0,102
93203,1,1,1,1,1,0,102
93259,0,0,1,1,0,0,102
93395,0,1,0,1,0,0,102
93472,0,0,1,1,0,0,102
93554,1,1,1,1,1,0,102
93811,0,1,0,1,0,0,102
93983,0,0,1,1,0,0,102
94103,0,0,1,1,0,0,102
94363,1,1,1,1,1,0,102
94449,1,0,1,0,0,0,102
94487,1,0,1,0,0,0,102
94753,0,1,1,0,1,0,102
94796,0,0,1,1,0,0,102
95603,0,1,1,0,1,0,102
96077,0,0,1,1,0,0,102
96100,0,0,0,0,1,0,102
96717,1,0,1,0,0,0,102
96788,0,0,0,0,1,0,102
97024,1,0,1,0,0,0,102
97487,0,1,0,1,0,0,102
98329,1,1,0,0,0,0,102
98701,0,0,1,1,0,0,102
98807,1,0,1,0,0,0,102
99116,1,1,0,0,0,0,102
99235,1,1,0,0,0,0,102
99322,1,1,0,0,0,0,102
99417,1,0,1,0,0,0,102
99445,0,1,1,0,1,0,102
99993,1,0,0,1,1,0,102
100219,1,1,1,1,1,0,102
100242,1,0,0,1,1,0,102
100693,0,1,0,1,0,0,102
100999,0,0,1,1,0,0,102
101071,0,1,0,1,0,0,102
101134,1,0,1,0,0,0,102
101588,0,0,0,0,1,0,102
102087,1,1,1,1,1,0,102
102532,0,1,1,0,1,0,102
102641,1,1,1,1,1,0,102
103270,1,1,0,0,0,0,102
103404,0,0,0,0,1,0,102
103421,0,1,0,1,0,0,102
103789,0,1,0,1,0,0,102
103805,1,1,1,1,1,0,102
103995,0,0,1,1,0,0,102
104126,1,0,0,1,1,0,102
104209,1,0,1,0,0,0,102
104392,0,1,1,0,1,0,102
104467,0,0,1,1,0,0,102
104581,1,1,0,0,0,0,102
104651,0,1,0,1,0,0,102
105061,1,0,0,1,1,0,102
105359,0,1,1,0,1,0,102
105569,1,0,1,0,0,0,102
105581,1,0,0,1,1,0,102
105633,0,0,0,0,1,0,102
105769,0,0,1,0,0,0,102
105770,1,1,0,0,0,0,102
105792,1,0,1,0,0,0,102
105822,0,1,1,0,1,0,102
105895,0,0,0,0,1,0,102
106458,0,0,1,0,0,0,102
106670,0,1,0,1,0,0,102
106784,1,1,1,1,1,0,102
107084,0,0,1,1,0,0,102
107145,0,1,1,0,1,0,102
107703,0,1,0,1,0,0,102
108270,0,1,1,0,1,0,102
108312,0,0,1,1,0,0,102
108688,1,1,0,0,0,0,102
108783,0,0,0,0,1,0,102
109419,1,1,1,1,1,0,102
109553,0,0,1,1,0,0,102
109664,1,0,1,0,0,0,102
109671,0,1,1,0,1,0,102
109792,1,1,0,0,0,0,102
109801,0,0,1,1,0,0,102
110803,0,1,1,1,1,1,102
111579,0,0,1,1,0,0,102
112258,0,1,0,1,0,0,102
112334,0,1,1,0,1,0,102
112344,1,0,1,0,0,0,102
112562,1,1,0,0,0,0,102
112713,1,0,1,0,0,0,102
112997,1,0,1,0,0,0,102
113192,1,0,1,0,0,0,102
113207,1,0,1,0,0,0,102
113532,1,0,0,1,1,0,102
113598,0,0,0,0,1,0,102
113972,0,0,0,0,1,0,102
114156,1,0,1,0,0,0,102
114188,1,1,1,1,1,0,102
114205,0,0,0,0,1,0,102
114276,0,1,0,1,0,0,102
114385,0,1,0,1,0,0,102
114696,1,0,0,1,1,0,102
115163,1,0,1,0,0,0,102
115558,0,0,0,0,1,0,102
115559,1,1,1,1,1,0,102
115658,1,0,1,0,0,0,102
115659,1,0,1,0,0,0,102
116026,1,0,1,0,0,0,102
116168,1,1,1,1,1,0,102
116256,1,0,0,1,1,0,102
116299,1,1,1,1,1,0,102
116600,0,1,0,1,0,0,102
116840,1,1,1,1,1,0,102
117233,0,1,1,0,1,0,102
117399,0,0,1,1,0,0,102
117664,0,1,1,0,1,0,102
118472,1,0,0,1,1,0,102
118544,0,0,0,0,1,0,102
118615,0,0,1,1,0,0,102
119477,0,0,1,1,0,0,102
119492,0,1,1,0,1,0,102
119503,1,1,0,0,0,0,102
119551,1,1,0,0,0,0,102
119681,1,0,0,1,1,0,102
120081,1,1,0,0,0,0,102
120213,0,1,0,1,0,0,102
120845,0,1,0,1,0,0,102
120972,1,1,0,0,0,0,102
121113,0,0,1,1,0,0,102
121263,1,1,1,1,1,0,102
121446,1,0,0,1,1,0,102
121758,1,1,0,0,0,0,102
121833,1,0,0,1,1,0,102
122633,0,1,1,0,1,0,102
122636,1,1,0,0,0,0,102
122699,0,0,1,1,0,0,102
122743,1,0,1,0,0,0,102
122747,0,0,0,0,1,0,102
122795,1,0,1,0,0,0,102
122905,1,1,1,1,1,0,102
123072,0,1,1,0,1,0,102
123239,0,1,0,1,0,0,102
123351,1,1,0,0,0,0,102
123499,1,0,0,1,1,0,102
123715,0,1,1,0,1,0,102
123860,1,1,0,0,0,0,102
123927,1,0,1,0,0,0,102
124263,1,1,0,0,0,0,102
124403,1,0,1,0,0,0,102
124411,1,1,1,1,1,0,102
124631,0,1,1,0,1,0,102
124696,1,0,0,1,1,0,102
125175,0,1,1,0,1,0,102
125417,1,0,1,0,0,0,102
125548,1,0,1,0,0,0,102
125567,0,1,1,0,1,0,102
125706,1,1,0,0,0,0,102
125941,0,0,1,1,0,0,102
126042,0,0,1,1,0,0,102
126233,0,0,1,1,0,0,102
126592,1,1,1,0,1,1,102
126783,0,0,0,0,1,0,102
126824,0,1,1,0,1,0,102
127054,1,0,0,1,1,0,102
127096,0,0,1,1,0,0,102
127321,0,1,0,1,0,0,102
128094,1,1,0,0,0,0,102
128458,1,1,1,1,1,0,102
128602,1,1,0,0,0,0,102
128804,1,0,0,1,1,0,102
129082,0,0,1,1,0,0,102
129281,0,1,0,1,0,0,102
130236,0,1,0,1,0,0,102
130832,0,0,1,1,0,0,102
130865,1,0,0,1,1,0,102
131481,1,1,0,0,0,0,195
131502,0,0,0,0,1,0,195
131506,1,0,1,0,0,0,195
131586,1,1,1,1,1,0,195
131590,0,1,1,0,1,0,195
131618,1,0,0,1,1,0,195
131739,1,1,0,0,0,0,195
131801,1,1,1,1,1,0,195
131969,0,0,1,1,0,0,195
132064,0,0,0,0,1,0,195
132117,0,0,1,1,0,0,195
132666,0,0,0,0,1,0,195
132717,0,0,0,0,1,0,195
132874,1,0,0,1,1,0,195
133023,0,1,0,1,0,0,195
133324,0,0,0,0,1,0,195
133351,0,1,0,1,0,0,195
133476,0,0,1,1,0,0,195
133688,1,0,1,0,0,0,195
133879,1,0,1,0,0,0,195
133952,1,1,1,1,1,0,195
134213,1,0,0,1,1,0,195
134219,1,1,0,0,0,0,195
134296,1,0,0,1,1,0,195
134315,0,0,1,1,0,0,195
134447,0,1,1,0,1,0,195
134528,1,0,1,0,0,0,195
134612,0,0,0,0,1,0,195
134863,0,0,1,1,0,0,195
134901,1,1,0,0,0,0,195
134914,0,0,1,1,0,0,195
134948,0,1,1,0,1,0,195
134964,0,1,1,0,1,0,195
135033,1,1,1,1,1,0,195
135208,0,1,1,0,1,0,195
135239,1,1,0,1,0,0,195
135295,1,1,1,1,1,0,195
135314,0,0,0,0,1,0,195
135347,1,0,1,0,0,0,195
135391,1,0,1,0,0,0,195
135423,1,1,1,1,1,0,195
135474,0,0,0,0,1,0,195
135595,0,1,1,0,1,0,195
135604,0,0,1,1,0,0,195
135658,0,0,0,0,1,0,195
135681,0,0,0,0,1,0,195
135961,0,1,1,0,1,0,195
136054,0,0,1,1,0,0,195
136067,1,0,1,0,0,0,195
136069,1,1,0,0,0,0,195
136074,1,0,0,1,1,0,195
136116,1,1,0,0,0,0,195
136303,1,0,1,0,0,0,195
136313,0,0,1,1,0,0,195
136359,0,1,1,0,1,0,195
136390,1,0,1,0,0,0,195
136435,1,1,1,1,1,0,195
136626,1,0,0,1,1,0,195
136691,0,0,1,1,0,0,195
136692,1,0,0,1,1,0,195
136912,1,1,1,1,1,0,195
136944,0,1,1,0,1,0,195
136966,1,0,0,1,1,0,195
137014,0,1,0,1,0,0,195
137221,0,1,0,1,0,0,195
137261,1,1,1,1,1,0,195
137519,0,1,0,1,0,0,195
137615,1,0,1,0,0,0,195
137624,0,0,0,0,1,0,195
137639,1,1,0,0,0,0,195
137822,1,0,0,1,1,0,195
137865,1,0,1,0,0,0,195
137892,1,0,0,1,1,0,195
137959,0,1,0,1,0,0,195
138001,0,0,1,1,0,0,195
138044,1,0,1,0,0,0,195
138055,1,1,1,1,1,0,195
138093,0,1,1,0,1,0,195
138195,1,0,1,0,0,0,195
138198,0,1,1,0,1,0,195
138283,0,0,1,1,0,0,195
138368,1,0,1,0,0,0,195
138458,1,0,0,1,1,0,195
138742,0,0,1,1,0,0,195
138944,1,1,1,1,1,0,195
138986,1,0,0,1,1,0,195
138987,0,0,1,1,0,0,195
139102,1,1,1,1,1,0,195
139239,0,0,0,0,1,0,195
139275,0,0,0,0,1,0,195
139610,1,0,1,0,0,0,195
139748,1,1,1,1,1,0,195
139905,0,1,0,1,0,0,195
139972,0,0,1,1,0,0,195
140137,1,1,0,0,0,0,195
140315,1,1,1,1,1,0,195
140657,1,1,0,0,0,0,195
140663,1,1,0,0,0,0,195
140695,1,1,0,0,0,0,195
141070,1,1,1,1,1,0,195
141101,0,1,1,0,1,0,195
141145,0,1,0,1,0,0,195
141204,0,0,0,0,1,0,195
141256,1,0,1,0,0,0,195
141326,1,0,1,0,0,0,195
141423,1,0,0,0,1,1,195
141450,1,0,1,0,0,0,195
141606,0,1,0,1,0,0,195
141722,0,0,1,1,0,0,195
141785,1,0,0,1,1,0,195
141935,0,1,1,0,1,0,195
141990,0,1,0,1,0,0,195
142005,1,1,0,0,0,0,195
142043,0,1,1,0,1,0,195
142080,0,1,1,0,1,0,195
142108,0,1,0,1,0,0,195
142163,0,1,1,1,1,1,195
142172,1,0,1,0,0,0,195
142178,0,1,1,0,1,0,195
142196,1,1,0,0,0,0,195
142505,0,1,0,1,0,0,195
142566,0,1,1,0,1,0,195
142737,0,0,0,0,1,0,195
142778,1,0,1,0,0,0,195
142940,1,1,0,0,0,0,195
143068,0,0,1,1,0,0,195
143127,0,0,0,0,1,0,195
143149,1,1,1,1,1,0,195
143239,1,1,0,0,0,0,195
143259,1,0,0,1,1,0,195
143311,1,1,0,0,0,0,195
143343,0,1,0,1,0,0,195
143397,1,1,1,1,1,0,195
143553,0,1,0,0,0,0,195
143559,1,1,0,0,0,0,195
143619,0,0,1,1,0,0,195
143796,0,1,0,1,0,0,195
143883,0,1,1,0,1,0,195
143993,1,0,0,1,1,0,195
144003,1,1,0,0,0,0,195
144069,1,0,1,0,0,0,195
144147,1,0,0,1,1,0,195
144212,1,0,0,1,1,0,195
144364,1,1,1,1,1,0,195
144417,0,1,1,0,1,0,195
144626,1,1,0,0,0,0,195
144627,1,0,1,0,0,0,195
144647,1,1,0,0,0,0,195
144733,0,0,1,1,0,0,195
144770,0,0,1,1,0,0,195
145033,0,0,1,1,0,0,195
145062,0,1,1,0,1,0,195
145083,0,0,1,1,0,0,195
145177,0,0,0,0,1,0,195
145229,1,0,1,0,0,0,195
145504,0,0,1,0,0,0,195
145524,0,1,1,0,1,0,195
145636,0,0,0,0,1,0,195
146060,1,1,0,0,0,0,195
146217,1,0,0,1,1,0,195
146334,1,1,1,1,1,0,195
146396,1,1,1,1,1,0,195
146451,0,0,1,1,0,0,195
146545,1,0,0,1,1,0,195
146577,1,1,1,1,1,0,195
146669,0,0,0,0,1,0,195
146676,0,0,1,1,0,0,195
146713,1,1,0,0,0,0,195
146743,0,0,1,1,0,0,195
146803,0,1,0,1,0,0,195
146975,0,0,1,1,0,0,195
147163,1,1,1,1,1,0,195
147287,0,0,0,0,1,0,195
147382,0,1,1,0,1,0,195
147463,1,0,0,1,1,0,195
147632,1,0,1,0,0,0,195
147654,1,1,0,0,0,0,195
147721,0,0,1,1,0,0,195
147724,1,0,1,0,0,0,195
147925,0,1,0,1,0,0,195
147983,0,0,0,0,1,0,195
148094,0,1,0,1,0,0,195
148364,0,1,0,1,0,0,195
148500,1,1,0,0,0,0,195
148522,0,1,0,1,0,0,195
148689,0,0,1,1,0,0,195
148828,0,0,0,0,1,0,195
148952,0,1,1,0,1,0,195
148956,1,0,1,0,0,0,195
149065,0,1,0,1,0,0,195
149256,0,0,1,1,0,0,195
149373,0,1,0,1,0,0,195
149385,1,0,0,1,1,0,195
149430,1,1,0,0,0,0,195
149520,0,1,0,1,0,0,195
149728,0,0,0,0,1,0,195
149790,0,1,0,1,0,0,195
149850,1,1,0,0,0,0,195
149927,0,0,1,1,0,0,195
149936,0,1,1,0,1,0,195
149999,1,0,0,1,1,0,195
150023,1,0,0,1,1,0,195
150657,0,1,1,0,1,0,195
151026,1,1,1,1,1,0,195
151111,0,0,0,0,1,0,195
151181,1,0,0,1,1,0,195
151352,1,1,0,0,0,0,195
151499,1,1,0,0,0,0,195
151849,1,0,1,0,0,0,195
151888,0,1,0,1,0,0,195
151932,0,0,1,1,0,0,195
151984,0,0,0,0,1,0,195
152343,1,0,1,0,0,0,195
152372,0,1,0,1,0,0,195
152415,0,0,1,1,0,0,195
152553,0,0,0,0,1,0,195
152744,0,0,1,1,0,0,195
152850,1,1,0,0,0,0,195
152924,0,1,1,0,1,0,195
152953,1,0,1,0,0,0,195
152974,1,0,1,0,0,0,195
152997,1,1,0,0,0,0,195
153295,1,1,1,1,1,0,195
153305,1,0,0,1,1,0,195
153416,1,0,1,0,0,0,195
153657,1,1,1,1,1,0,195
153692,0,0,0,0,1,0,195
153753,0,0,1,1,0,0,195
153828,1,0,1,1,0,0,195
153883,1,0,1,0,0,0,195
154090,1,1,1,1,1,0,195
154118,0,1,0,1,0,0,195
154238,0,1,1,0,1,0,195
154426,1,1,0,0,0,0,195
154520,0,1,1,0,1,0,195
154569,0,0,1,1,0,0,195
154571,0,0,1,1,0,0,195
154575,0,1,0,1,0,0,195
154656,0,0,0,0,1,0,195
154690,0,1,0,1,0,0,195
154725,0,0,0,0,1,0,195
154780,0,1,0,1,0,0,195
154903,1,1,0,0,0,0,195
154927,1,0,1,0,0,0,195
155124,1,1,0,0,0,0,195
155231,0,1,1,0,1,0,195
155266,0,0,0,0,1,0,195
155268,1,0,1,0,0,0,195
155402,0,0,0,0,1,0,195
155416,1,0,0,1,1,0,195
155436,1,0,0,1,1,0,195
155486,0,1,1,0,1,0,195
155514,0,1,1,0,1,0,195
155552,0,0,0,0,1,0,195
155553,1,1,1,1,1,0,195
155715,1,1,0,0,0,0,195
155738,0,0,0,0,1,0,195
155871,0,0,1,1,0,0,195
155957,1,0,0,1,1,0,195
155995,0,1,1,0,1,0,195
156003,0,1,1,0,1,0,195
156162,1,0,1,0,0,0,195
156318,0,0,1,1,0,0,195
156472,0,0,1,1,0,0,195
156601,1,0,1,0,0,0,195
156604,1,0,0,1,1,0,195
156622,0,0,0,0,1,0,195
156643,0,0,0,0,1,0,195
156662,1,1,1,1,1,0,195
156664,1,1,1,1,1,0,195
156751,1,0,0,1,1,0,195
156793,0,1,0,1,0,0,195
156982,0,1,1,0,1,0,195
157095,0,1,1,0,1,0,195
157213,1,1,0,0,0,0,195
157252,0,0,1,1,0,0,195
157253,1,0,1,0,0,0,195
157350,0,1,0,1,0,0,195
157403,1,1,0,0,0,0,195
157407,1,1,0,0,0,0,195
157416,1,1,1,1,1,0,195
157463,1,1,0,0,0,0,195
157544,1,1,1,1,1,0,195
157736,0,1,1,0,1,0,195
157747,1,1,0,0,0,0,195
157948,0,1,0,1,0,0,195
158032,1,0,0,1,1,0,195
158299,0,1,0,1,0,0,195
158627,0,1,1,0,1,0,195
158731,1,1,1,1,1,0,195
158867,0,1,0,1,0,0,195
158875,1,1,1,1,1,0,195
159079,1,1,1,1,1,0,195
159127,1,0,1,0,0,0,195
159268,0,0,1,1,0,0,195
159270,0,0,1,1,0,0,195
159369,0,1,1,0,1,0,195
159490,1,0,0,0,1,1,195
159673,1,0,1,0,0,0,195
159963,1,0,1,0,0,0,195
159991,1,0,0,0,1,1,195
160049,0,1,1,0,1,0,195
160156,0,0,1,1,0,0,195
160269,0,0,1,1,0,0,195
160335,1,0,1,0,0,0,195
160362,0,1,0,1,0,0,195
160618,0,0,1,1,0,0,195
160669,0,1,1,0,1,0,195
160688,1,0,0,1,1,0,195
160840,1,1,0,0,0,0,195
160870,0,0,0,0,1,0,195
161158,0,1,0,1,0,0,195
161169,1,1,1,1,1,0,195
161182,1,1,0,0,0,0,195
161326,0,0,0,0,1,0,195
161464,1,0,1,0,0,0,195
161559,0,1,1,0,1,0,195
161571,1,1,0,0,0,0,195
161707,1,1,0,0,0,0,195
161850,0,1,0,1,0,0,195
161857,0,1,1,0,1,0,195
161869,0,0,1,1,0,0,195
161923,0,0,0,0,1,0,195
161954,1,0,0,1,1,0,195
161966,0,0,1,1,0,0,195
162016,0,1,1,0,1,0,195
162057,1,0,0,1,1,0,195
162128,1,0,0,1,1,0,195
162420,1,1,1,1,1,0,195
162592,0,0,0,0,1,0,195
162682,0,0,0,0,1,0,195
162791,0,0,1,0,0,0,195
162928,1,0,1,0,0,0,195
162941,0,1,0,1,0,0,195
162969,1,0,0,1,1,0,195
163121,0,1,1,0,1,0,195
163302,0,1,0,1,0,0,195
163512,1,0,0,1,1,0,195
163613,0,1,0,1,0,0,195
163664,1,0,1,0,0,0,195
163800,1,0,1,0,0,0,195
163866,0,1,0,1,0,0,195
164008,1,0,1,0,0,0,195
164021,1,1,1,1,1,0,195
164038,0,0,0,0,1,0,195
164119,1,0,1,0,0,0,195
164302,0,0,1,1,0,0,195
164477,1,0,0,1,1,0,195
164520,0,0,1,1,0,0,195
164875,1,0,0,1,1,0,195
165207,0,0,0,0,1,0,195
165282,0,1,0,1,0,0,195
165381,0,0,0,0,1,0,195
165490,0,0,1,1,0,0,195
165724,1,0,0,1,1,0,195
165897,1,1,0,0,0,0,195
166222,0,0,1,1,0,0,195
166244,1,1,1,1,1,0,195
166384,1,0,1,0,0,0,195
166432,0,1,1,0,1,0,195
166452,0,0,0,0,1,0,195
166580,0,1,1,0,1,0,195
166698,0,0,1,1,0,0,195
166946,0,1,0,1,0,0,195
167005,1,0,1,0,0,0,195
167035,0,1,0,1,0,0,195
167077,0,1,0,1,0,0,195
167259,0,1,0,1,0,0,195
167305,0,1,1,0,1,0,195
167416,1,1,1,1,1,0,195
167626,1,0,0,1,1,0,195
167656,1,1,1,1,1,0,195
167753,1,0,1,0,0,0,195
167764,0,1,1,0,1,0,195
167866,1,0,1,0,0,0,195
168038,1,1,1,1,1,0,195
168039,1,1,1,1,1,0,195
168053,1,0,1,0,0,0,195
168085,0,1,0,1,0,0,195
168139,1,1,0,0,0,0,195
168396,0,1,1,0,1,0,195
168511,1,1,0,0,0,0,195
168596,1,0,0,1,1,0,195
168764,0,1,1,0,1,0,195
169007,0,0,0,0,1,0,195
169162,1,0,0,1,1,0,195
169169,1,1,1,1,1,0,195
169193,0,1,1,0,1,0,195
169244,0,0,0,0,1,0,195
169280,0,1,0,1,0,0,195
169299,0,1,0,1,0,0,195
169442,1,1,0,0,0,0,195
169695,1,1,1,1,1,0,195
169808,1,0,1,0,0,0,195
169886,1,0,0,1,1,0,195
169917,1,0,1,0,0,0,195
169940,0,1,0,1,0,0,195
169967,0,0,1,1,0,0,195
170000,0,1,1,0,1,0,195
170511,0,1,0,1,0,0,195
170629,0,0,0,0,1,0,195
170705,0,1,1,0,1,0,195
171359,1,0,0,1,1,0,195
171372,1,1,1,1,1,0,195
171419,0,1,1,0,1,0,195
171516,0,1,1,0,1,0,195
171635,0,0,0,0,1,0,195
171685,0,0,1,1,0,0,195
171698,1,0,1,0,0,0,195
171939,0,0,1,1,0,0,195
171996,0,0,1,1,0,0,195
172209,0,0,1,1,0,0,195
172315,1,0,0,1,1,0,195
172422,0,0,1,1,0,0,195
172582,0,1,0,1,0,0,195
172728,0,0,0,0,1,0,195
172764,0,0,0,0,1,0,195
173118,0,1,1,0,1,0,195
173129,1,1,1,1,1,0,195
173259,0,1,0,1,0,0,195
173359,1,0,0,1,1,0,195
173669,1,1,0,0,0,0,195
173881,1,0,0,1,1,0,195
173965,1,0,0,1,1,0,195
173981,1,1,1,1,1,0,195
174089,1,1,0,0,0,0,195
174238,1,0,1,0,0,0,195
174254,0,0,0,0,1,0,195
174353,1,0,0,1,1,0,195
174537,1,0,0,1,1,0,195
174552,0,1,0,1,0,0,195
174622,0,0,0,0,1,0,195
174640,0,1,1,0,1,0,195
174664,1,0,0,1,1,0,195
174725,1,1,0,0,0,0,195
174882,1,0,1,0,0,0,195
174883,0,0,1,1,0,0,195
174994,0,0,0,0,1,0,195
175077,1,1,1,1,1,0,195
175082,1,0,1,0,0,0,195
175096,1,1,0,0,0,0,195
175334,1,0,0,1,1,0,195
175410,0,1,0,1,0,0,195
175458,1,1,0,0,0,0,195
175585,0,1,1,1,1,1,195
175611,0,0,0,0,1,0,195
175776,1,0,0,1,1,0,195
175777,0,0,1,1,0,0,195
175912,0,1,0,1,0,0,195
175923,1,1,0,0,0,0,195
175925,1,0,1,0,0,0,195
175998,1,0,1,0,0,0,195
176278,1,0,1,0,0,0,195
176293,1,0,0,1,1,0,195
176325,1,0,0,1,1,0,195
176338,1,0,1,0,0,0,195
176392,1,1,1,1,1,0,195
176542,0,1,1,0,1,0,195
176744,1,1,0,1,0,0,195
176877,1,0,0,1,1,0,195
177079,1,0,0,1,1,0,195
177108,0,0,0,0,1,0,195
177157,1,1,1,1,1,0,195
177378,0,0,1,1,0,0,195
177468,1,0,1,0,0,0,195
177527,1,1,1,1,1,0,195
177699,0,1,0,1,0,0,195
177781,0,1,1,0,1,0,195
177897,1,0,1,0,0,0,195
177921,0,1,1,0,1,0,195
178016,1,0,0,1,1,0,195
178128,0,0,1,1,0,0,195
178179,0,0,0,0,1,0,195
178182,1,0,0,1,1,0,195
178187,0,0,0,0,1,0,195
178263,1,1,1,1,1,0,195
178280,0,1,1,0,1,0,195
178467,1,0,0,1,1,0,195
178496,0,1,0,1,0,0,195
178518,1,0,1,0,0,0,195
178604,1,0,1,0,0,0,195
178689,0,1,1,0,1,0,195
178722,1,0,1,0,0,0,195
178729,1,1,1,1,1,0,195
178760,0,0,1,1,0,0,195
178879,1,0,1,0,0,0,195
178912,1,0,1,0,0,0,195
178940,0,0,1,1,0,0,195
179137,1,1,1,1,1,0,195
179228,1,0,1,0,0,0,195
179268,0,0,1,1,0,0,195
179306,0,0,0,0,1,0,195
179393,0,1,1,0,1,0,195
179472,1,0,0,1,1,0,195
179736,0,1,0,1,0,0,195
179879,1,1,1,1,1,0,195
179934,1,0,0,1,1,0,195
179938,0,0,1,1,0,0,195
180039,1,1,0,0,0,0,195
180293,0,1,1,0,1,0,195
180303,1,1,1,1,1,0,195
180515,1,0,1,0,0,0,195
180518,0,1,0,1,0,0,195
180613,0,0,1,1,0,0,195
180669,1,1,0,0,0,0,195
180711,0,0,0,0,1,0,195
180743,1,0,0,1,1,0,195
180996,1,1,1,1,1,0,195
181084,0,0,1,1,0,0,195
181105,0,0,0,0,1,0,195
181278,1,0,0,1,1,0,195
181675,1,1,0,0,0,0,195
182059,1,0,1,0,0,0,195
182070,0,0,1,0,0,0,195
182224,1,0,1,0,0,0,195
182298,1,0,0,1,1,0,195
182313,1,0,0,1,1,0,195
182534,1,0,0,1,1,0,195
182664,1,1,1,1,1,0,195
182699,0,1,1,0,1,0,195
182948,1,0,1,0,0,0,195
183020,1,1,0,0,0,0,195
183068,1,1,0,0,0,0,195
183107,0,1,1,0,1,0,195
183153,1,1,0,0,0,0,195
183201,0,0,0,0,1,0,195
183256,0,1,0,1,0,0,195
183553,1,0,1,0,0,0,195
183563,0,0,1,1,0,0,195
183784,0,0,0,0,1,0,195
184061,1,0,0,0,1,1,195
184067,0,1,0,1,0,0,195
184146,1,0,0,1,1,0,195
184831,0,0,1,1,0,0,195
185061,0,0,0,0,1,0,195
185146,0,1,1,0,1,0,195
185187,1,0,0,1,1,0,195
185195,0,1,1,0,1,0,195
185240,0,1,1,0,1,0,195
185281,1,1,1,1,1,0,195
185489,0,0,0,0,1,0,195
185506,1,0,0,1,1,0,195
185508,0,0,1,1,0,0,195
185704,1,1,1,1,1,0,195
185806,1,1,0,0,0,0,195
185917,1,1,0,0,0,0,195
185954,0,0,0,0,1,0,195
186096,1,0,1,1,0,0,195
186203,0,0,0,0,1,0,195
186371,0,0,0,0,1,0,195
186386,1,1,0,0,0,0,195
186453,0,0,1,1,0,0,195
186573,0,0,1,1,0,0,195
186733,0,1,0,1,0,0,195
186787,1,1,0,0,0,0,195
186871,1,0,0,1,1,0,195
186951,0,1,0,1,0,0,195
187002,0,0,1,1,0,0,195
187282,1,0,1,0,0,0,195
187347,1,0,0,1,1,0,195
187364,0,1,0,1,0,0,195
187428,1,1,0,1,0,0,195
187446,1,0,0,1,1,0,195
187460,1,1,0,0,0,0,195
187507,0,0,0,0,1,0,195
187610,0,1,1,0,1,0,195
187676,1,0,0,1,1,0,195
187683,0,1,0,1,0,0,195
187943,1,0,1,0,0,0,195
187957,0,1,1,0,1,0,195
188005,1,1,1,1,1,0,195
188013,0,1,1,0,1,0,195
188400,0,0,0,0,1,0,195
188463,1,0,0,1,1,0,195
188527,1,1,1,1,1,0,195
188573,0,0,0,0,1,0,195
188697,0,1,0,1,0,0,195
188778,0,1,0,1,0,0,195
188925,0,0,0,0,1,0,195
189181,1,1,0,0,0,0,195
189420,0,1,1,0,1,0,195
189464,1,0,1,0,0,0,195
189490,1,1,1,1,1,0,195
189507,1,1,1,1,1,0,195
189576,1,1,0,0,0,0,195
189632,1,0,0,1,1,0,195
189711,1,0,1,0,0,0,195
189749,1,0,0,1,1,0,195
189946,0,0,1,1,0,0,195
189955,1,0,1,0,0,0,195
190134,1,1,0,0,0,0,195
190294,1,1,1,1,1,0,195
190473,0,0,1,1,0,0,195
190670,1,1,0,0,0,0,195
190683,1,0,0,1,1,0,195
190784,1,1,0,0,0,0,195
190974,0,1,1,0,1,0,195
191254,0,0,0,0,1,0,195
191329,0,1,0,1,0,0,195
191351,0,1,0,1,0,0,195
191758,0,1,0,1,0,0,195
191842,0,1,0,1,0,0,195
191876,0,0,0,0,1,0,195
191887,1,1,1,1,1,0,195
191988,0,0,0,0,1,0,195
192201,0,0,1,1,0,0,195
192330,1,1,0,0,0,0,195
192553,0,0,1,1,0,0,195
192600,1,1,1,1,1,0,195
192670,1,0,1,0,0,0,195
192727,0,0,0,0,1,0,195
192751,0,0,0,0,1,0,195
192770,1,0,0,1,1,0,195
192821,0,1,0,1,0,0,195
192852,0,0,0,0,1,0,195
192900,0,1,0,1,0,0,195
192905,0,0,0,0,1,0,195
192928,0,1,1,0,1,0,195
193154,1,0,0,1,1,0,195
193393,1,0,1,0,0,0,195
193563,1,0,1,0,0,0,195
193620,0,1,0,1,0,0,195
193818,1,1,0,0,0,0,195
193950,1,0,0,1,1,0,195
194040,0,0,1,1,0,0,195
194078,0,0,1,1,0,0,195
194201,1,0,1,0,0,0,195
194484,1,1,0,0,0,0,195
194515,0,0,1,1,0,0,195
194601,1,0,0,1,1,0,195
194660,1,0,0,1,1,0,195
194956,1,1,1,1,1,0,195
195020,1,0,1,0,0,0,195
195155,0,0,0,0,1,0,195
195186,0,0,1,1,0,0,195
195263,1,1,1,1,1,0,195
195578,0,0,1,1,0,0,195
195579,1,1,0,0,0,0,195
195592,1,1,1,1,1,0,195
195650,1,1,1,1,1,0,195
195859,1,0,0,1,1,0,195
195861,1,1,0,0,0,0,195
195901,1,1,1,1,1,0,195
196271,1,0,1,0,0,0,195
196360,1,1,0,0,0,0,195
196488,1,1,0,0,0,0,195
196534,1,0,0,1,1,0,195
196672,0,0,1,1,0,0,144
196995,1,1,0,0,0,0,144
197002,0,0,1,1,0,0,144
197210,1,0,1,0,0,0,144
197292,0,1,1,0,1,0,144
197657,0,0,0,0,1,0,144
197797,0,0,0,0,1,0,144
197813,1,1,0,0,0,0,144
198691,1,0,0,1,1,0,144
198910,0,0,1,1,0,0,144
198922,1,0,1,0,0,0,144
198950,0,1,0,1,0,0,144
198976,1,1,1,1,1,0,144
199295,1,0,1,0,0,0,144
199437,1,0,0,1,1,0,144
200044,1,0,1,0,0,0,144
200105,1,0,1,0,0,0,144
200215,1,1,1,1,1,0,144
200438,0,1,0,1,0,0,144
200601,1,1,1,1,1,0,144
200857,1,1,0,0,0,0,144
201041,1,1,1,1,1,0,144
201098,1,1,1,1,1,0,144
201133,0,0,0,0,1,0,144
201164,0,1,1,0,1,0,144
201233,1,0,0,1,1,0,144
201484,0,0,0,0,1,0,144
201526,1,1,0,0,0,0,144
201646,0,1,1,0,1,0,144
201647,0,1,0,1,0,0,144
201731,1,1,1,1,1,0,144
202164,0,0,1,1,0,0,144
202296,0,1,1,0,1,0,144
202305,0,0,1,1,0,0,144
202378,1,1,1,1,1,0,144
202700,1,0,1,0,0,0,144
202761,1,1,0,0,0,0,144
202949,1,1,1,1,1,0,144
203199,1,1,1,1,1,0,144
203667,1,1,0,0,0,0,144
203786,1,1,1,1,1,0,144
204311,1,1,0,0,0,0,144
204593,0,1,0,1,0,0,144
204761,0,0,0,0,1,0,144
204838,1,1,1,1,1,0,144
205441,0,1,1,0,1,0,144
205499,1,0,1,0,0,0,144
205733,1,1,0,0,0,0,144
205803,0,0,0,0,1,0,144
205821,1,1,0,0,0,0,144
205908,1,0,1,0,0,0,144
205919,0,1,0,1,0,0,144
205989,0,0,0,0,1,0,144
206118,1,1,1,1,1,0,144
206217,0,1,1,0,1,0,144
206388,0,1,1,1,1,1,144
206613,0,1,1,0,1,0,144
206811,1,0,1,0,0,0,144
206828,0,1,1,0,1,0,144
207171,0,0,1,1,0,0,144
207312,0,0,1,1,0,0,144
207423,0,1,0,1,0,0,144
207452,1,1,1,1,1,0,144
207776,0,1,0,1,0,0,144
207852,1,0,0,1,1,0,144
208272,1,1,0,0,0,0,144
208323,0,1,0,1,0,0,144
208473,1,1,1,1,1,0,144
208753,0,1,0,1,0,0,144
208943,1,0,1,0,0,0,144
209072,1,1,0,0,0,0,144
209195,0,0,0,0,1,0,144
209353,1,1,1,1,1,0,144
209354,1,0,0,1,1,0,144
209434,1,0,0,1,1,0,144
209478,1,0,1,0,0,0,144
209511,1,0,0,1,1,0,144
209527,0,0,1,1,0,0,144
209552,0,0,0,0,1,0,144
209746,0,0,0,0,1,0,144
209776,1,1,1,1,1,0,144
209874,1,0,1,0,0,0,144
210409,0,0,1,1,0,0,144
210470,1,0,1,0,0,0,144
210658,0,0,1,1,0,0,144
210706,1,1,0,0,0,0,144
210760,0,1,1,0,1,0,144
210968,0,0,1,1,0,0,144
211056,1,1,1,1,1,0,144
211170,0,0,1,1,0,0,144
211196,0,1,0,1,0,0,144
211266,1,1,0,0,0,0,144
212030,1,0,1,0,0,0,144
212058,1,1,1,1,1,0,144
212060,1,0,1,0,0,0,144
212430,0,0,0,0,1,0,144
212886,0,0,1,1,0,0,144
213142,0,1,0,1,0,0,144
213251,0,1,1,0,1,0,144
213468,1,0,1,0,0,0,144
213553,1,0,0,1,1,0,144
213598,1,0,1,0,0,0,144
213947,1,1,0,0,0,0,144
214292,1,1,1,1,1,0,144
214305,1,1,0,0,0,0,144
214397,0,1,0,1,0,0,144
214488,0,1,0,1,0,0,144
214502,0,1,1,0,1,0,144
214577,1,1,0,0,0,0,144
214714,0,0,1,1,0,0,144
215151,0,0,0,0,1,0,144
215162,0,1,0,1,0,0,144
215218,0,0,1,1,0,0,144
215274,0,1,1,1,1,1,144
215291,1,0,0,1,1,0,144
215296,0,1,1,0,1,0,144
215322,0,1,0,1,0,0,144
215489,1,0,1,0,0,0,144
215555,1,1,0,0,0,0,144
215691,1,1,0,0,0,0,144
215713,0,0,0,0,1,0,144
215799,1,0,0,1,1,0,144
216043,1,0,1,0,0,0,144
216095,1,0,0,1,1,0,144
216194,1,0,1,0,0,0,144
216447,0,1,0,1,0,0,144
216455,0,1,1,0,1,0,144
216476,0,0,0,0,1,0,144
216484,1,0,1,0,0,0,144
216543,1,1,0,0,0,0,144
216563,0,0,1,1,0,0,144
216586,0,0,1,1,0,0,144
217191,0,1,1,0,1,0,144
217224,1,1,1,1,1,0,144
217302,1,0,1,0,0,0,144
217319,0,0,0,0,1,0,144
217820,0,0,1,1,0,0,144
217847,1,1,0,0,0,0,144
218421,0,1,0,1,0,0,144
218713,0,1,0,1,0,0,144
219146,1,1,1,1,1,0,144
219284,0,1,0,1,0,0,144
219451,1,0,0,1,1,0,144
219847,0,0,1,1,0,0,144
219904,1,1,0,0,0,0,144
220332,1,1,0,1,0,0,144
220622,0,1,1,0,1,0,144
220630,1,1,0,1,0,0,144
220699,0,1,1,0,1,0,144
220773,1,1,1,1,1,0,144
221082,0,1,0,1,0,0,144
221311,1,0,1,0,0,0,144
221455,0,1,1,0,1,0,144
221557,0,1,0,1,0,0,144
221707,1,0,0,1,1,0,144
221730,1,0,1,0,0,0,144
221775,1,0,1,0,0,0,144
222013,0,1,0,1,0,0,144
222178,0,1,0,1,0,0,144
222306,0,0,1,1,0,0,144
222744,1,0,0,1,1,0,144
222849,0,0,0,0,1,0,144
222899,0,1,0,1,0,0,144
222963,0,1,1,0,1,0,144
222997,1,1,0,0,0,0,144
223025,1,1,1,1,1,0,144
223151,0,1,0,1,0,0,144
223564,0,1,1,0,1,0,144
223653,1,1,0,0,0,0,144
223895,0,0,0,0,1,0,144
223983,0,0,1,1,0,0,144
224048,1,1,1,1,1,0,144
224085,1,1,1,0,1,1,144
224119,0,0,1,1,0,0,144
224124,1,0,0,1,1,0,144
224146,0,0,0,0,1,0,144
224163,0,0,1,1,0,0,144
224318,1,1,1,1,1,0,144
224508,0,0,1,1,0,0,144
224679,0,1,1,0,1,0,144
224685,0,0,0,0,1,0,144
224743,0,0,1,1,0,0,144
224830,1,1,0,0,0,0,144
224904,1,0,0,1,1,0,144
224966,1,0,1,0,0,0,144
225007,1,0,0,1,1,0,144
225044,0,1,1,0,1,0,144
225742,0,0,1,1,0,0,144
225747,0,0,0,0,1,0,144
225769,1,1,1,1,1,0,144
225824,0,0,1,1,0,0,144
226140,0,0,0,0,1,0,144
226276,1,1,0,0,0,0,144
226452,0,1,0,1,0,0,144
226655,1,1,1,1,1,0,144
226786,1,1,1,1,1,0,144
226839,0,0,1,1,0,0,144
226845,1,0,0,1,1,0,144
226875,1,1,0,0,0,0,144
227074,0,0,1,1,0,0,144
227077,0,0,0,0,1,0,144
227113,0,0,0,0,1,0,144
227164,1,0,0,1,1,0,144
227977,1,1,0,0,0,0,144
228076,1,0,1,0,0,0,144
228108,1,0,1,0,0,0,144
228331,1,1,1,1,1,0,144
228371,0,0,1,1,0,0,144
228668,1,0,1,0,0,0,144
229052,0,0,0,0,1,0,144
229246,1,1,0,0,0,0,144
229287,0,1,1,0,1,0,144
229329,1,0,0,1,1,0,144
229499,0,1,1,0,1,0,144
229938,0,1,1,0,1,0,144
230184,0,1,0,1,0,0,144
230327,1,1,0,0,0,0,144
230388,0,0,1,1,0,0,144
230513,1,1,0,0,0,0,144
230545,1,0,1,0,0,0,144
230629,1,0,1,0,0,0,144
230755,0,1,0,1,0,0,144
230791,1,0,1,0,0,0,144
230803,0,1,0,1,0,0,144
231043,1,1,1,1,1,0,144
231053,0,0,0,0,1,0,144
231199,0,0,1,1,0,0,144
231368,1,0,0,1,1,0,144
231490,1,1,0,1,0,0,144
231663,0,0,1,1,0,0,144
231703,0,1,1,0,1,0,144
231909,0,0,0,0,1,0,144
231915,1,1,1,1,1,0,144
231990,1,0,0,1,1,0,144
232011,0,0,0,0,1,0,144
232012,0,1,0,1,0,0,144
232162,1,0,0,1,1,0,144
232275,0,1,0,1,0,0,144
232281,0,0,0,0,1,0,144
232395,1,1,1,1,1,0,144
232568,0,0,0,0,1,0,144
232896,0,0,0,0,1,0,144
232902,1,1,1,1,1,0,144
233040,0,1,1,0,1,0,144
233121,0,0,1,1,0,0,144
233169,0,0,1,1,0,0,144
233321,0,0,1,1,0,0,144
233351,1,0,0,1,1,0,144
233373,1,1,0,0,0,0,144
233524,1,1,0,0,0,0,144
233577,1,1,1,1,1,0,144
233799,1,1,1,1,1,0,144
233937,1,0,0,1,1,0,144
234026,0,0,0,0,1,0,144
234337,0,1,1,0,1,0,144
234636,0,0,0,0,1,0,144
234789,1,0,0,1,1,0,144
235204,1,1,0,0,0,0,144
235227,1,0,0,1,1,0,144
235542,1,0,1,0,0,0,144
235641,1,0,1,0,0,0,144
235758,1,1,1,1,1,0,144
235885,0,1,1,0,1,0,144
235991,0,1,0,1,0,0,144
236022,0,1,1,0,1,0,144
236144,0,1,0,1,0,0,144
236361,1,0,0,1,1,0,144
236557,0,1,1,0,1,0,144
236559,0,1,1,0,1,0,144
236702,0,1,0,1,0,0,144
236893,0,1,1,0,1,0,144
237008,0,1,0,1,0,0,144
237273,0,1,0,1,0,0,144
237376,1,0,0,1,1,0,144
237409,0,0,1,1,0,0,144
237476,0,0,1,1,0,0,144
237663,0,0,1,1,0,0,144
237700,1,1,0,0,0,0,144
238112,0,0,0,0,1,0,144
238122,0,0,1,1,0,0,144
238262,0,1,0,1,0,0,144
238389,1,0,0,1,1,0,144
238423,0,1,0,1,0,0,144
238752,0,0,0,0,1,0,144
238798,1,1,1,1,1,0,144
238876,0,1,1,0,1,0,144
239182,1,1,1,1,1,0,144
239245,0,0,1,1,0,0,144
239398,0,1,1,0,1,0,144
239429,0,0,0,0,1,0,144
239477,1,1,1,1,1,0,144
239492,0,1,1,0,1,0,144
239539,0,0,0,0,1,0,144
239598,1,0,1,1,0,0,144
239805,0,1,0,1,0,0,144
239821,1,1,1,1,1,0,144
240346,0,1,0,1,0,0,144
240373,1,1,1,1,1,0,144
240379,0,0,1,1,0,0,144
240464,1,0,0,1,1,0,144
240748,1,0,0,1,1,0,144
240774,1,1,0,0,0,0,144
240783,1,0,1,0,0,0,144
240922,1,0,1,0,0,0,144
241068,1,0,0,1,1,0,144
241184,1,1,0,0,0,0,144
241273,1,0,0,1,1,0,144
241292,0,0,1,1,0,0,144
241321,0,1,0,1,0,0,144
241388,1,0,0,1,1,0,144
241613,0,1,1,0,1,0,144
241664,1,0,0,1,1,0,144
241747,1,0,0,1,1,0,144
241903,0,1,0,1,0,0,144
242166,0,0,1,1,0,0,144
242360,1,0,1,0,0,0,144
242374,1,1,1,1,1,0,144
242681,1,1,0,0,0,0,144
242691,0,0,0,0,1,0,144
242712,0,1,1,0,1,0,144
242933,0,1,0,1,0,0,144
243651,1,1,1,1,1,0,144
243693,0,0,1,0,0,0,144
243700,0,1,0,1,0,0,144
243810,1,0,1,0,0,0,144
243928,0,0,1,1,0,0,144
244195,1,0,1,0,0,0,144
244241,1,0,0,1,1,0,144
244322,0,1,0,1,0,0,144
244700,1,1,0,0,0,0,144
244801,1,0,1,0,0,0,144
245245,1,0,1,0,0,0,144
245310,1,0,1,0,0,0,144
245345,1,0,1,0,0,0,144
245363,1,0,0,1,1,0,144
245635,1,1,1,1,1,0,144
245779,1,1,1,1,1,0,144
246080,0,0,1,1,0,0,144
246186,0,1,0,1,0,0,144
246318,0,1,0,1,0,0,144
246629,0,1,1,0,1,0,144
246757,0,1,1,0,1,0,144
247021,1,1,1,1,1,0,144
247087,1,1,1,1,1,0,144
247387,0,1,0,1,0,0,144
247648,0,0,0,0,1,0,144
247689,1,0,1,0,0,0,144
247728,0,1,1,0,1,0,144
247812,1,1,1,1,1,0,144
247827,0,0,1,1,0,0,144
248117,1,1,1,1,1,0,144
248309,0,1,1,1,1,1,144
248328,0,0,1,1,0,0,144
248704,1,1,0,0,0,0,144
248918,0,0,1,1,0,0,144
249247,0,1,0,1,0,0,144
249335,0,1,1,0,1,0,144
249622,0,1,0,1,0,0,144
250073,1,0,0,1,1,0,144
250303,0,1,1,0,1,0,144
250598,0,0,1,1,0,0,144
250630,0,1,1,0,1,0,144
250693,1,0,1,0,0,0,144
250884,1,0,1,0,0,0,144
250925,0,1,0,1,0,0,144
251051,1,0,1,0,0,0,144
251275,1,0,1,0,0,0,144
251403,0,1,1,0,1,0,144
251560,0,1,0,1,0,0,144
252006,0,1,1,0,1,0,144
252051,0,0,1,1,0,0,144
252112,1,1,1,1,1,0,144
252331,0,1,1,0,1,0,144
252357,0,1,1,0,1,0,144
252441,0,1,1,1,1,1,144
252516,1,1,0,0,0,0,144
252608,0,0,1,1,0,0,144
252854,0,0,0,0,1,0,144
253148,0,0,0,0,1,0,144
253298,1,1,1,1,1,0,144
253322,0,0,1,1,0,0,144
253353,0,0,1,1,0,0,144
253440,0,0,0,0,1,0,144
253760,1,0,0,1,1,0,144
253775,0,1,0,1,0,0,144
254052,1,1,0,0,0,0,144
254250,1,1,0,0,0,0,144
254353,1,1,1,1,1,0,144
254405,1,0,0,1,1,0,144
254524,0,0,1,1,0,0,144
254542,0,1,0,1,0,0,144
254574,1,1,1,1,1,0,144
254814,1,1,0,0,0,0,144
254900,1,0,1,0,0,0,144
255314,0,0,0,0,1,0,144
255478,0,1,0,1,0,0,144
255484,0,0,1,1,0,0,144
255593,1,0,1,0,0,0,144
255622,0,1,1,0,1,0,144
255629,0,0,0,0,1,0,144
255648,0,1,1,0,1,0,144
256020,0,1,1,0,1,0,144
256280,0,0,1,1,0,0,144
256423,1,0,1,0,0,0,144
256949,0,1,0,1,0,0,144
257014,0,0,1,1,0,0,144
257039,0,0,1,1,0,0,144
257554,1,1,1,1,1,0,144
258143,1,1,1,1,1,0,144
258299,1,0,0,1,1,0,144
258357,1,0,1,0,0,0,144
258573,0,1,0,1,0,0,144
258913,0,0,0,0,1,0,144
259096,0,0,1,1,0,0,144
259271,1,1,0,0,0,0,144
259272,0,0,1,1,0,0,144
259332,0,0,1,1,0,0,144
259392,0,0,0,0,1,0,144
259507,0,1,0,1,0,0,144
260115,1,1,1,1,1,0,144
260138,0,1,0,1,0,0,144
260141,0,1,1,0,1,0,144
260188,0,1,1,0,1,0,144
260247,1,1,1,1,1,0,144
260249,1,0,0,1,1,0,144
260499,0,1,1,0,1,0,144
260628,1,0,1,0,0,0,144
260924,0,1,1,0,1,0,144
261033,0,0,1,1,0,0,144
261119,0,1,1,0,1,0,144
261142,1,0,0,1,1,0,144
261160,0,1,1,0,1,0,144
261413,1,1,1,1,1,0,144
261954,0,1,1,0,1,0,144
262148,1,0,1,0,0,0,182
262211,0,0,1,1,0,0,182
262417,1,0,0,1,1,0,182
262550,1,1,1,1,1,0,182
262602,1,0,0,1,1,0,182
262832,1,0,0,1,1,0,182
262927,1,0,0,1,1,0,182
263083,0,0,0,0,1,0,182
263294,1,0,0,1,1,0,182
263445,1,1,1,1,1,0,182
263473,0,0,0,0,1,0,182
263518,1,1,1,1,1,0,182
263665,0,0,1,1,0,0,182
263755,1,0,0,1,1,0,182
263762,0,1,1,0,1,0,182
263823,1,0,1,0,0,0,182
263832,1,1,1,1,1,0,182
263935,1,0,1,0,0,0,182
264150,0,1,0,1,0,0,182
264251,1,1,0,0,0,0,182
264301,1,1,0,0,0,0,182
264468,1,1,0,0,0,0,182
264557,0,0,1,1,0,0,182
264560,1,0,0,1,1,0,182
264606,0,1,0,1,0,0,182
264628,0,0,1,1,0,0,182
264654,0,1,0,1,0,0,182
264992,0,1,0,1,0,0,182
264996,0,1,1,0,1,0,182
265187,0,1,0,1,0,0,182
265288,1,1,1,1,1,0,182
265308,1,1,0,0,0,0,182
265481,1,0,0,1,1,0,182
265551,1,1,0,0,0,0,182
265715,0,1,0,1,0,0,182
265753,0,1,0,1,0,0,182
266054,1,1,0,0,0,0,182
266128,1,0,1,0,0,0,182
266201,0,0,0,1,1,1,182
266649,0,0,0,0,1,0,182
266780,0,1,0,1,0,0,182
266899,0,0,0,0,1,0,182
266990,0,0,1,1,0,0,182
267107,0,0,0,0,1,0,182
267517,0,0,1,1,0,0,182
267662,1,0,1,1,0,0,182
268005,0,0,0,0,1,0,182
268402,1,0,0,1,1,0,182
268444,0,0,0,0,1,0,182
268449,1,0,1,0,0,0,182
268511,1,0,0,1,1,0,182
268835,1,0,1,0,0,0,182
268904,0,1,1,0,1,0,182
268973,0,0,1,1,0,0,182
269293,0,1,0,1,0,0,182
269499,1,1,0,0,0,0,182
269509,0,1,1,0,1,0,182
269515,0,1,1,0,1,0,182
270021,0,0,1,1,0,0,182
270032,1,0,1,0,0,0,182
270094,1,0,1,0,0,0,182
270140,1,0,1,0,0,0,182
270224,1,1,1,1,1,0,182
270345,0,1,0,1,0,0,182
270597,0,1,0,1,0,0,182
270729,0,0,1,1,0,0,182
271010,0,0,0,0,1,0,182
271012,0,1,0,1,0,0,182
271074,1,0,0,0,1,1,182
271311,1,1,1,1,1,0,182
271514,0,0,0,0,1,0,182
271567,1,0,0,1,1,0,182
271792,0,0,1,1,0,0,182
271844,0,0,1,1,0,0,182
271949,0,0,1,1,0,0,182
272106,0,1,0,1,0,0,182
272189,1,0,1,0,0,0,182
272548,1,1,1,1,1,0,182
272734,0,0,0,0,1,0,182
272815,0,0,0,0,1,0,182
272820,0,1,1,1,1,1,182
272900,1,0,1,0,0,0,182
272997,1,0,0,1,1,0,182
273035,0,0,0,0,1,0,182
273220,0,0,1,1,0,0,182
273322,1,1,0,0,0,0,182
273348,0,0,1,1,0,0,182
273363,1,0,1,0,0,0,182
273413,1,0,1,0,0,0,182
273553,0,1,0,1,0,0,182
273715,1,0,1,0,0,0,182
273750,0,1,0,1,0,0,182
273753,0,0,1,0,0,0,182
273993,0,1,1,0,1,0,182
274044,1,0,1,0,0,0,182
274067,0,1,1,0,1,0,182
274158,1,1,0,0,0,0,182
274218,1,0,0,1,1,0,182
274445,0,0,1,1,0,0,182
274498,1,0,0,1,1,0,182
274843,1,0,0,1,1,0,182
274885,1,1,1,1,1,0,182
274923,1,0,0,1,1,0,182
275040,0,1,0,1,0,0,182
275043,1,0,1,0,0,0,182
275145,1,1,0,0,0,0,182
275164,0,0,0,0,1,0,182
275386,0,1,0,1,0,0,182
275928,0,1,0,1,0,0,182
275947,1,1,1,1,1,0,182
275965,0,1,0,1,0,0,182
276136,1,0,1,0,0,0,182
276208,0,1,0,1,0,0,182
276220,1,1,1,1,1,0,182
276376,1,0,1,0,0,0,182
276420,1,0,0,1,1,0,182
276669,1,0,1,0,0,0,182
276677,0,1,1,0,1,0,182
276705,1,0,0,0,1,1,182
276983,1,1,0,0,0,0,182
277017,1,0,0,1,1,0,182
277115,1,0,0,1,1,0,182
277130,0,0,1,1,0,0,182
277180,1,0,1,0,0,0,182
277182,0,0,0,0,1,0,182
277244,1,0,0,1,1,0,182
277474,0,1,1,0,1,0,182
277535,0,0,1,1,0,0,182
277641,1,0,1,0,0,0,182
277682,0,0,0,0,1,0,182
277728,1,1,0,0,0,0,182
277729,0,1,1,1,1,1,182
277738,1,1,0,0,0,0,182
277866,1,0,0,1,1,0,182
277876,0,1,1,0,1,0,182
277961,0,0,1,1,0,0,182
278149,0,0,1,1,0,0,182
278214,1,0,1,0,0,0,182
278298,1,1,1,1,1,0,182
278380,0,1,0,1,0,0,182
278404,0,0,1,1,0,0,182
278518,1,0,1,0,0,0,182
278764,0,1,1,0,1,0,182
278824,0,0,0,0,1,0,182
278973,0,0,1,1,0,0,182
278984,1,0,1,0,0,0,182
279042,1,0,0,1,1,0,182
279079,1,0,0,1,1,0,182
279084,0,1,0,1,0,0,182
279151,1,0,1,0,0,0,182
279179,1,1,0,0,0,0,182
279206,1,1,0,0,0,0,182
279362,0,1,1,0,1,0,182
279403,0,0,1,1,0,0,182
279495,0,0,0,0,1,0,182
280001,1,1,0,0,0,0,182
280033,1,1,1,1,1,0,182
280139,0,0,1,1,0,0,182
280151,1,0,1,0,0,0,182
280189,0,1,1,0,1,0,182
280337,0,0,0,0,1,0,182
280550,1,1,0,0,0,0,182
280588,1,0,1,0,0,0,182
280723,1,1,0,0,0,0,182
280909,0,0,0,0,1,0,182
280952,0,0,1,1,0,0,182
281071,1,1,0,0,0,0,182
281107,0,0,1,1,0,0,182
281175,1,1,0,0,0,0,182
281330,1,1,1,1,1,0,182
281354,0,1,0,1,0,0,182
281514,1,1,0,0,0,0,182
281734,0,0,0,0,1,0,182
281833,0,1,1,0,1,0,182
282338,1,1,1,1,1,0,182
282453,1,0,1,0,0,0,182
282592,0,1,0,1,0,0,182
282809,0,0,1,1,0,0,182
282822,1,1,1,1,1,0,182
283256,0,1,1,0,1,0,182
283387,0,1,0,0,0,0,182
283456,1,1,1,1,1,0,182
283461,0,0,0,0,1,0,182
283599,0,0,1,1,0,0,182
283777,0,0,0,0,1,0,182
283856,1,1,1,1,1,0,182
283955,0,1,1,0,1,0,182
284113,0,1,1,0,1,0,182
284205,0,1,0,1,0,0,182
284245,0,1,0,1,0,0,182
284266,1,1,1,1,1,0,182
284291,0,1,0,1,0,0,182
284418,0,1,1,0,1,0,182
284474,0,0,1,1,0,0,182
285169,1,1,0,0,0,0,182
285208,1,1,0,0,0,0,182
285293,1,0,1,0,0,0,182
285420,1,0,0,1,1,0,182
285536,1,0,1,0,0,0,182
285626,1,1,0,0,0,0,182
285761,1,0,1,0,0,0,182
285827,0,0,0,0,1,0,182
285963,0,1,0,1,0,0,182
286098,1,1,1,1,1,0,182
286182,1,0,1,0,0,0,182
286227,1,0,0,1,1,0,182
286325,0,0,0,0,1,0,182
286370,1,1,1,1,1,0,182
286447,0,0,1,1,0,0,182
286560,1,0,1,0,0,0,182
286632,1,1,1,1,1,0,182
286663,0,0,0,0,1,0,182
286728,0,0,0,0,1,0,182
286736,1,1,1,1,1,0,182
286748,1,1,0,0,0,0,182
286888,1,1,1,1,1,0,182
286939,1,1,0,0,0,0,182
287000,0,1,1,0,1,0,182
287077,0,1,1,0,1,0,182
287263,1,1,0,0,0,0,182
287281,1,0,1,0,0,0,182
287364,1,1,1,1,1,0,182
287620,0,1,0,1,0,0,182
287746,1,1,0,0,0,0,182
287782,0,1,0,1,0,0,182
287895,0,1,1,0,1,0,182
288018,1,1,1,1,1,0,182
288042,1,0,0,1,1,0,182
288315,1,1,1,1,1,0,182
288385,1,0,1,0,0,0,182
288416,0,1,1,0,1,0,182
288482,1,0,1,0,0,0,182
288589,1,0,1,0,0,0,182
288611,1,0,1,0,0,0,182
288769,0,0,1,1,0,0,182
288841,1,0,0,1,1,0,182
289090,1,0,0,1,1,0,182
289099,1,1,1,1,1,0,182
289147,0,1,0,1,0,0,182
289204,1,1,1,1,1,0,182
289272,1,0,0,1,1,0,182
289306,0,0,0,0,1,0,182
289376,0,1,0,1,0,0,182
289646,0,1,0,1,0,0,182
289841,0,0,0,0,1,0,182
289902,0,1,1,0,1,0,182
289974,0,0,1,1,0,0,182
290120,0,0,1,1,0,0,182
290435,0,0,1,1,0,0,182
290699,0,0,0,0,1,0,182
290823,0,0,0,0,1,0,182
290898,0,1,0,1,0,0,182
290961,1,0,1,0,0,0,182
291363,1,0,0,1,1,0,182
291376,1,0,1,0,0,0,182
291413,1,1,1,1,1,0,182
291420,0,0,1,1,0,0,182
291495,1,1,1,1,1,0,182
291582,0,0,0,0,1,0,182
291638,0,1,1,0,1,0,182
291882,1,1,0,0,0,0,182
292049,1,1,1,1,1,0,182
292056,0,1,0,1,0,0,182
292334,1,1,1,1,1,0,182
292505,0,1,0,1,0,0,182
292523,0,0,1,1,0,0,182
292720,0,1,0,0,0,0,182
292827,1,0,1,0,0,0,182
293099,1,0,0,1,1,0,182
293157,0,1,0,1,0,0,182
293409,1,1,1,1,1,0,182
293485,1,1,1,1,1,0,182
293693,0,0,0,0,1,0,182
293791,0,1,0,1,0,0,182
293961,0,1,1,0,1,0,182
293992,1,1,1,1,1,0,182
294291,1,0,0,1,1,0,182
294480,1,0,0,1,1,0,182
294553,1,1,0,0,0,0,182
294616,0,1,0,1,0,0,182
294753,0,1,1,0,1,0,182
294800,0,0,0,0,1,0,182
294803,1,0,0,1,1,0,182
294891,1,0,0,1,1,0,182
294926,1,1,0,0,0,0,182
295117,1,1,1,1,1,0,182
295393,1,1,1,1,1,0,182
295493,1,1,1,1,1,0,182
295509,0,0,1,1,0,0,182
295562,0,0,1,1,0,0,182
295583,1,1,1,1,1,0,182
295709,0,0,1,1,0,0,182
295816,1,0,1,0,0,0,182
295914,1,0,0,1,1,0,182
295967,1,0,0,1,1,0,182
296075,0,0,0,0,1,0,182
296133,0,0,0,0,1,0,182
296184,0,1,0,1,0,0,182
296231,1,1,1,1,1,0,182
296296,1,0,0,1,1,0,182
296386,1,0,1,0,0,0,182
296441,0,0,1,1,0,0,182
296529,1,1,1,1,1,0,182
296579,1,0,1,0,0,0,182
296625,1,1,1,1,1,0,182
296697,0,1,1,0,1,0,182
296766,0,0,1,1,0,0,182
296905,1,1,0,0,0,0,182
297218,0,0,0,0,1,0,182
297369,1,0,1,0,0,0,182
297587,1,1,0,0,0,0,182
297661,0,1,0,1,0,0,182
297728,0,1,1,0,1,0,182
297839,0,0,0,0,1,0,182
297880,1,0,1,0,0,0,182
297882,0,0,0,0,1,0,182
297907,0,0,0,0,1,0,182
297943,1,0,0,1,1,0,182
298023,1,1,0,0,0,0,182
298064,1,1,0,0,0,0,182
298212,0,1,0,1,0,0,182
298213,0,1,1,0,1,0,182
298307,0,1,0,1,0,0,182
298318,1,1,0,0,0,0,182
298357,0,0,1,1,0,0,182
298362,1,0,0,1,1,0,182
298711,0,1,1,0,1,0,182
298754,1,0,1,0,0,0,182
298869,0,1,1,0,1,0,182
298972,1,0,0,1,1,0,182
299011,1,0,0,1,1,0,182
299016,0,1,1,0,1,0,182
299048,1,0,0,1,1,0,182
299088,1,1,0,0,0,0,182
299100,0,1,0,1,0,0,182
299187,1,1,1,1,1,0,182
299292,0,1,1,1,1,1,182
299298,1,1,1,1,1,0,182
299399,0,0,1,1,0,0,182
299442,1,1,1,1,1,0,182
299476,1,1,0,0,0,0,182
299699,1,0,1,0,0,0,182
299859,0,0,0,0,1,0,182
300004,1,0,1,0,0,0,182
300111,0,1,1,0,1,0,182
300393,1,1,0,0,0,0,182
300508,0,0,0,0,1,0,182
300662,0,0,1,1,0,0,182
300822,0,1,0,1,0,0,182
301161,0,0,0,0,1,0,182
301179,0,1,0,1,0,0,182
301490,0,0,0,0,1,0,182
301541,0,1,0,1,0,0,182
301622,1,1,0,0,0,0,182
301644,0,0,1,1,0,0,182
301699,1,1,1,1,1,0,182
302009,1,1,0,0,0,0,182
302085,0,1,0,1,0,0,182
302225,0,0,1,1,0,0,182
302507,1,1,0,0,0,0,182
302710,0,1,0,1,0,0,182
302715,1,1,1,1,1,0,182
302825,0,0,1,1,0,0,182
302973,0,1,1,0,1,0,182
303054,1,0,1,0,0,0,182
303129,0,1,1,0,1,0,182
303253,0,0,1,1,0,0,182
303403,1,1,0,0,0,0,182
303421,1,1,0,0,0,0,182
303454,0,1,1,0,1,0,182
303575,1,1,1,1,1,0,182
303695,0,0,0,0,1,0,182
303723,0,1,0,1,0,0,182
303877,0,0,1,1,0,0,182
303887,1,0,0,1,1,0,182
304217,1,1,1,1,1,0,182
304418,0,1,1,1,1,1,182
304443,1,0,0,1,1,0,182
304656,0,1,1,0,1,0,182
304659,0,0,0,0,1,0,182
304681,1,0,1,0,0,0,182
304759,1,0,1,0,0,0,182
304791,1,0,0,1,1,0,182
305084,0,0,0,0,1,0,182
305131,0,1,1,0,1,0,182
305132,0,0,0,0,1,0,182
305247,1,1,1,1,1,0,182
305444,1,0,0,1,1,0,182
305750,1,0,1,0,0,0,182
305763,0,0,1,1,0,0,182
306202,1,1,1,1,1,0,182
306280,1,0,1,0,0,0,182
306371,1,0,0,1,1,0,182
306374,0,0,0,0,1,0,182
306471,1,1,1,1,1,0,182
306502,0,1,0,1,0,0,182
306586,0,0,0,0,1,0,182
306604,1,0,1,0,0,0,182
306692,0,1,0,1,0,0,182
306696,1,1,0,0,0,0,182
306705,0,0,0,0,1,0,182
306784,0,1,1,0,1,0,182
306820,1,0,0,1,1,0,182
307097,1,0,0,1,1,0,182
307182,0,1,0,1,0,0,182
307532,1,1,0,0,0,0,182
307593,0,0,1,1,0,0,182
307755,1,0,0,1,1,0,182
307782,0,0,0,0,1,0,182
307967,1,1,0,0,0,0,182
307991,1,1,0,0,0,0,182
308072,0,1,0,1,0,0,182
308173,0,1,0,1,0,0,182
308409,1,1,1,1,1,0,182
308431,1,1,1,1,1,0,182
308486,0,1,0,1,0,0,182
308633,1,0,0,1,1,0,182
308823,1,1,0,0,0,0,182
308832,1,1,0,0,0,0,182
308868,1,0,0,0,1,1,182
308963,0,0,0,0,1,0,182
309092,0,1,1,0,1,0,182
309218,0,0,0,0,1,0,182
309367,0,1,1,0,1,0,182
309595,1,1,0,0,0,0,182
309599,0,0,0,0,1,0,182
309611,0,1,0,1,0,0,182
309709,1,1,1,1,1,0,182
309717,0,0,0,0,1,0,182
309815,1,0,0,1,1,0,182
309922,1,1,1,1,1,0,182
310005,0,0,1,1,0,0,182
310035,0,0,1,1,0,0,182
310360,1,1,1,1,1,0,182
310557,0,0,0,0,1,0,182
310634,1,1,0,0,0,0,182
310903,1,1,0,0,0,0,182
310963,0,0,1,1,0,0,182
311081,1,0,1,0,0,0,182
311131,0,0,0,0,1,0,182
311274,0,1,0,1,0,0,182
311358,0,0,1,1,0,0,182
311409,1,0,1,0,0,0,182
311577,0,0,0,0,1,0,182
311876,0,0,0,0,1,0,182
312011,0,1,1,1,1,1,182
312021,0,0,1,1,0,0,182
312496,0,1,0,1,0,0,182
312530,0,0,1,1,0,0,182
312668,1,1,0,0,0,0,182
313418,0,0,0,0,1,0,182
313545,1,0,1,0,0,0,182
313771,0,0,1,1,0,0,182
313858,1,0,1,0,0,0,182
313893,1,0,1,0,0,0,182
314073,1,1,1,1,1,0,182
314105,0,1,1,0,1,0,182
314335,0,1,0,1,0,0,182
314523,1,0,1,0,0,0,182
314536,0,1,0,1,0,0,182
315140,1,0,0,1,1,0,182
315294,0,1,1,0,1,0,182
315314,0,1,0,1,0,0,182
315319,0,1,1,0,1,0,182
315578,0,0,1,1,0,0,182
315632,1,1,1,1,1,0,182
315648,0,1,0,1,0,0,182
315746,1,0,1,0,0,0,182
315793,0,1,1,1,1,1,182
315838,0,1,1,0,1,0,182
315849,0,0,0,0,1,0,182
315989,0,0,1,1,0,0,182
316049,1,0,0,1,1,0,182
316058,1,0,1,0,0,0,182
316075,1,1,1,1,1,0,182
316117,0,1,1,0,1,0,182
316169,0,0,0,0,1,0,182
316258,1,0,1,0,0,0,182
316318,1,1,0,0,0,0,182
316345,1,0,1,0,0,0,182
316392,0,0,0,0,1,0,182
316490,1,1,1,1,1,0,182
316538,0,1,0,1,0,0,182
316718,1,0,0,1,1,0,182
316759,0,0,1,1,0,0,182
316819,0,1,1,0,1,0,182
316895,0,1,0,1,0,0,182
317029,1,0,0,1,1,0,182
317712,1,1,0,0,0,0,182
318045,0,1,0,1,0,0,182
318108,0,0,0,0,1,0,182
318435,1,1,1,1,1,0,182
318652,0,1,0,1,0,0,182
318684,1,1,1,1,1,0,182
318712,1,0,1,0,0,0,182
318781,0,1,1,0,1,0,182
319112,0,0,0,0,1,0,182
319156,0,0,1,1,0,0,182
319201,0,0,1,1,0,0,182
319358,0,1,1,0,1,0,182
319367,1,1,0,0,0,0,182
319490,1,1,1,1,1,0,182
319689,1,0,0,1,1,0,182
319703,1,0,0,1,1,0,182
319865,1,0,1,0,0,0,182
319913,0,0,1,1,0,0,182
319959,0,0,1,1,0,0,182
320027,0,1,1,0,1,0,182
320034,1,1,0,0,0,0,182
320265,0,0,0,0,1,0,182
320278,0,1,1,0,1,0,182
320390,0,1,1,0,1,0,182
320505,1,1,0,1,0,0,182
320513,0,1,1,0,1,0,182
320540,1,1,0,0,0,0,182
320562,0,0,0,0,1,0,182
320659,1,0,1,0,0,0,182
320712,1,0,1,0,0,0,182
320714,0,0,1,1,0,0,182
321071,0,1,1,0,1,0,182
321136,1,1,1,1,1,0,182
321142,0,1,1,0,1,0,182
321191,0,0,1,1,0,0,182
321359,0,0,1,1,0,0,182
321433,1,0,1,0,0,0,182
321906,0,0,0,0,1,0,182
322015,0,1,1,0,1,0,182
322059,1,1,0,0,0,0,182
322267,0,1,1,0,1,0,182
322381,1,1,0,0,0,0,182
322547,1,1,0,0,0,0,182
322621,0,0,0,0,1,0,182
323061,1,0,0,1,1,0,182
323220,0,0,1,1,0,0,182
323279,1,1,0,0,0,0,182
323998,1,1,1,1,1,0,182
324005,0,1,0,1,0,0,182
324042,0,1,1,0,1,0,182
324133,0,0,0,0,1,0,182
324161,1,1,1,1,1,0,182
324263,0,1,0,1,0,0,182
324300,0,1,1,0,1,0,182
324514,0,1,1,0,1,0,182
324530,0,1,0,1,0,0,182
324665,0,1,1,0,1,0,182
324715,0,1,1,0,1,0,182
324882,1,0,1,0,0,0,182
325087,0,1,0,1,0,0,182
325493,1,1,0,0,0,0,182
325639,0,0,0,0,1,0,182
325677,0,0,0,0,1,0,182
325725,0,0,1,1,0,0,182
325776,0,0,1,1,0,0,182
325845,1,0,1,0,0,0,182
325923,0,1,1,0,1,0,182
325924,1,1,0,0,0,0,182
325928,0,1,0,1,0,0,182
326097,0,1,0,1,0,0,182
326157,0,1,0,1,0,0,182
326295,0,0,1,1,0,0,182
326441,0,0,1,1,0,0,182
326466,1,1,0,0,0,0,182
326527,0,0,1,1,0,0,182
326530,0,1,1,1,1,1,182
326536,0,1,0,1,0,0,182
326538,0,0,1,1,0,0,182
326651,1,0,0,1,1,0,182
326688,1,0,1,0,0,0,182
326895,0,1,0,1,0,0,182
326936,1,0,1,0,0,0,182
327116,0,0,1,1,0,0,182
327337,1,1,0,0,0,0,182
327475,1,1,0,0,0,0,182
327486,1,1,0,0,0,0,182
327691,1,0,1,0,0,0,106
327752,0,1,1,0,1,0,106
327858,0,1,1,0,1,0,106
327965,1,1,0,0,0,0,106
328445,0,1,0,1,0,0,106
328842,1,1,1,1,1,0,106
329136,0,0,1,1,0,0,106
329330,1,0,1,0,0,0,106
329434,1,1,0,0,0,0,106
329439,1,1,1,1,1,0,106
329493,1,0,1,0,0,0,106
329849,1,0,0,1,1,0,106
329966,1,0,1,0,0,0,106
330890,1,1,0,0,0,0,106
330903,1,0,0,1,1,0,106
331230,1,0,1,0,0,0,106
331605,0,1,0,1,0,0,106
331791,1,0,0,1,1,0,106
331906,1,0,1,0,0,0,106
332692,1,0,1,0,0,0,106
332885,0,1,1,0,1,0,106
333014,1,1,1,0,1,1,106
333031,0,1,0,1,0,0,106
333048,0,1,0,1,0,0,106
333049,0,1,1,1,1,1,106
333173,1,1,0,0,0,0,106
333873,0,1,0,1,0,0,106
334088,0,1,1,0,1,0,106
334587,0,0,0,0,1,0,106
335219,0,0,0,0,1,0,106
335738,1,0,0,0,1,1,106
335757,0,1,1,0,1,0,106
335767,0,0,1,1,0,0,106
335847,1,0,1,0,0,0,106
335912,0,1,1,0,1,0,106
335931,0,1,0,1,0,0,106
336028,1,1,0,0,0,0,106
336111,1,1,0,0,0,0,106
336229,1,0,1,0,0,0,106
336727,0,0,1,1,0,0,106
336850,0,0,1,1,0,0,106
336891,0,1,0,1,0,0,106
336908,1,0,1,0,0,0,106
337022,1,0,0,1,1,0,106
337087,0,1,0,0,0,0,106
337652,1,1,0,0,0,0,106
337751,0,1,1,0,1,0,106
337915,1,0,0,1,1,0,106
338218,0,0,1,1,0,0,106
338348,1,1,1,1,1,0,106
338355,0,1,0,1,0,0,106
338357,1,0,0,1,1,0,106
338367,1,0,0,1,1,0,106
338781,1,0,1,0,0,0,106
339235,1,0,0,1,1,0,106
339393,1,0,1,0,0,0,106
339923,1,1,0,0,0,0,106
340004,1,0,0,1,1,0,106
340013,1,1,0,0,0,0,106
340051,0,1,0,1,0,0,106
340083,0,0,0,0,1,0,106
340755,0,0,1,1,0,0,106
340965,1,1,1,1,1,0,106
340991,1,1,0,0,0,0,106
341010,1,0,1,0,0,0,106
341035,0,0,0,0,1,0,106
341581,0,0,1,1,0,0,106
341933,0,0,0,0,1,0,106
342023,1,0,1,0,0,0,106
342183,0,0,0,0,1,0,106
342607,1,0,1,0,0,0,106
342932,1,1,0,0,0,0,106
343114,1,0,1,0,0,0,106
343438,1,0,1,0,0,0,106
343628,1,0,0,1,1,0,106
343730,0,0,0,0,1,0,106
343806,1,1,0,0,0,0,106
343979,1,1,0,0,0,0,106
344328,0,0,1,1,0,0,106
344349,1,0,1,0,0,0,106
344355,1,0,0,1,1,0,106
344457,0,0,0,0,1,0,106
344566,0,0,0,0,1,0,106
344635,1,1,0,0,0,0,106
344744,0,1,1,0,1,0,106
345193,0,0,1,1,0,0,106
345455,0,1,1,0,1,0,106
345473,1,0,1,0,0,0,106
345663,1,1,0,0,0,0,106
345855,1,1,0,0,0,0,106
345865,1,1,0,0,0,0,106
345984,0,1,0,1,0,0,106
346399,1,0,0,1,1,0,106
346591,1,1,0,0,0,0,106
346875,0,0,0,1,1,1,106
346998,1,0,1,0,0,0,106
347284,1,0,0,1,1,0,106
347299,1,0,0,1,1,0,106
347545,1,1,1,1,1,0,106
347664,1,1,1,1,1,0,106
348197,1,0,0,1,1,0,106
348246,0,0,1,1,0,0,106
348537,1,0,0,1,1,0,106
349140,0,0,0,0,1,0,106
349186,1,0,0,1,1,0,106
349220,0,1,0,1,0,0,106
349416,1,1,0,0,0,0,106
349566,0,1,1,0,1,0,106
349709,0,1,1,0,1,0,106
349838,0,1,1,0,1,0,106
349867,0,1,1,0,1,0,106
350188,0,1,1,0,1,0,106
350539,0,1,0,1,0,0,106
350555,0,0,0,0,1,0,106
350573,1,1,0,0,0,0,106
350576,0,0,0,0,1,0,106
350639,0,1,1,0,1,0,106
351120,1,0,0,1,1,0,106
351351,0,0,1,1,0,0,106
351464,0,0,1,1,0,0,106
351506,0,1,0,1,0,0,106
351707,1,1,1,1,1,0,106
352153,0,0,1,1,0,0,106
352244,0,1,0,1,0,0,106
352256,1,0,0,1,1,0,106
352319,0,0,0,0,1,0,106
353036,0,1,0,1,0,0,106
353630,1,0,0,1,1,0,106
353638,0,0,0,0,1,0,106
353855,1,1,0,0,0,0,106
353866,0,1,0,1,0,0,106
354246,0,0,1,1,0,0,106
355074,0,0,1,1,0,0,106
355422,0,1,0,1,0,0,106
355485,0,0,1,1,0,0,106
355758,1,0,1,0,0,0,106
356536,0,1,0,1,0,0,106
356562,1,1,1,1,1,0,106
356984,0,1,0,1,0,0,106
357227,1,1,0,0,0,0,106
357880,1,1,0,0,0,0,106
358095,1,1,0,0,0,0,106
358265,1,1,0,0,0,0,106
358484,0,1,0,1,0,0,106
358723,1,0,1,0,0,0,106
358808,0,0,1,1,0,0,106
358969,0,0,0,0,1,0,106
359410,0,0,1,1,0,0,106
359733,0,1,0,1,0,0,106
359878,1,1,0,0,0,0,106
360449,0,0,1,1,0,0,106
360667,0,0,0,0,1,0,106
360786,0,1,1,0,1,0,106
361035,0,0,0,0,1,0,106
361147,1,0,1,0,0,0,106
361189,0,0,1,1,0,0,106
361394,1,0,0,1,1,0,106
361489,1,1,1,1,1,0,106
361716,1,1,1,1,1,0,106
361765,0,1,1,0,1,0,106
362046,0,0,1,1,0,0,106
362150,0,0,1,1,0,0,106
363194,0,0,0,0,1,0,106
363529,0,1,1,0,1,0,106
363581,1,0,0,1,1,0,106
363643,1,1,1,1,1,0,106
364000,0,1,0,1,0,0,106
364157,0,1,1,0,1,0,106
364282,0,1,1,0,1,0,106
364671,0,0,1,1,0,0,106
364680,1,0,1,0,0,0,106
364704,0,0,1,1,0,0,106
364756,1,0,0,1,1,0,106
364800,1,0,1,0,0,0,106
364959,0,0,1,1,0,0,106
364982,1,0,0,1,1,0,106
365106,1,1,0,0,0,0,106
365246,1,0,1,0,0,0,106
365479,0,0,0,0,1,0,106
365746,1,0,0,1,1,0,106
366124,0,0,1,1,0,0,106
366190,1,0,1,0,0,0,106
366214,1,1,0,1,0,0,106
366640,0,1,1,0,1,0,106
367088,0,1,0,1,0,0,106
367270,1,0,0,1,1,0,106
367479,0,1,1,0,1,0,106
368717,0,1,0,1,0,0,106
369110,0,0,0,0,1,0,106
369178,1,1,0,0,0,0,106
369264,1,0,0,1,1,0,106
369363,0,1,0,1,0,0,106
369644,0,1,1,0,1,0,106
369659,1,0,0,1,1,0,106
369929,0,0,1,1,0,0,106
370322,1,1,0,0,0,0,106
370391,1,0,0,1,1,0,106
371029,1,1,0,0,0,0,106
371220,1,1,1,0,1,1,106
371446,0,0,0,0,1,0,106
371769,1,0,0,1,1,0,106
371780,1,0,0,1,1,0,106
372046,0,1,0,1,0,0,106
372092,0,0,0,0,1,0,106
372896,0,0,1,1,0,0,106
372907,0,0,1,1,0,0,106
373154,0,0,1,1,0,0,106
373328,0,0,0,0,1,0,106
373376,0,1,0,1,0,0,106
373412,1,1,1,1,1,0,106
373868,1,1,1,1,1,0,106
373873,1,1,0,0,0,0,106
374585,1,1,0,0,0,0,106
374758,0,1,1,0,1,0,106
375094,0,0,1,1,0,0,106
375403,0,1,1,0,1,0,106
375477,1,1,0,0,0,0,106
375782,1,1,1,1,1,0,106
376252,1,1,1,1,1,0,106
376300,0,1,0,1,0,0,106
376434,0,1,1,0,1,0,106
376608,0,1,1,0,1,0,106
376850,0,0,1,1,0,0,106
377002,0,1,1,0,1,0,106
377512,0,1,1,0,1,0,106
377590,1,1,1,1,1,0,106
377832,1,0,0,1,1,0,106
377897,1,1,0,0,0,0,106
378034,1,1,0,0,0,0,106
378041,1,1,1,1,1,0,106
378070,1,0,1,0,0,0,106
378250,1,0,1,0,0,0,106
378281,0,0,1,1,0,0,106
378375,0,0,1,1,0,0,106
378442,1,1,1,1,1,0,106
378470,1,0,0,1,1,0,106
378749,0,0,1,1,0,0,106
378786,0,1,1,0,1,0,106
378950,0,1,1,0,1,0,106
379067,1,1,1,1,1,0,106
379457,1,0,0,1,1,0,106
379513,1,0,0,1,1,0,106
379519,0,1,1,0,1,0,106
379636,1,0,1,0,0,0,106
379734,1,0,1,0,0,0,106
379944,0,0,1,1,0,0,106
380376,0,1,0,1,0,0,106
380377,0,1,0,1,0,0,106
380634,0,0,1,1,0,0,106
380952,0,1,0,1,0,0,106
381015,0,1,0,1,0,0,106
381016,0,0,1,1,0,0,106
381235,0,1,0,1,0,0,106
381320,1,1,0,0,0,0,106
381795,1,0,0,1,1,0,106
382330,1,1,1,1,1,0,106
382391,1,1,1,1,1,0,106
382482,0,0,0,0,1,0,106
382520,0,0,0,0,1,0,106
382977,1,1,0,0,0,0,106
383117,1,0,1,0,0,0,106
383300,1,0,1,0,0,0,106
383467,0,1,1,0,1,0,106
383508,0,0,0,0,1,0,106
383606,0,0,1,1,0,0,106
383758,0,1,1,0,1,0,106
384104,1,0,1,0,0,0,106
384702,0,0,1,1,0,0,106
385170,0,0,0,0,1,0,106
385189,1,0,1,0,0,0,106
385374,0,0,0,0,1,0,106
385478,0,1,0,1,0,0,106
385668,1,1,0,0,0,0,106
386093,1,0,1,1,0,0,106
386146,0,0,0,0,1,0,106
386251,0,0,1,1,0,0,106
386299,0,1,0,1,0,0,106
386300,1,1,1,1,1,0,106
386340,1,0,1,0,0,0,106
386390,1,1,0,0,0,0,106
386427,1,1,1,1,1,0,106
386499,0,1,0,1,0,0,106
386865,0,1,1,0,1,0,106
386982,0,0,0,0,1,0,106
387701,1,1,0,0,0,0,106
387881,0,0,1,1,0,0,106
387996,0,0,0,0,1,0,106
388061,0,0,1,1,0,0,106
388354,1,1,1,1,1,0,106
388517,1,0,0,1,1,0,106
388642,1,1,0,0,0,0,106
389248,1,1,0,0,0,0,106
389267,1,1,1,1,1,0,106
390296,0,1,0,1,0,0,106
391237,0,1,0,1,0,0,106
391340,0,0,0,0,1,0,106
391610,1,0,1,0,0,0,106
391980,1,1,1,1,1,0,106
392438,0,0,1,1,0,0,106
392632,0,1,0,1,0,0,106
392634,1,0,0,1,1,0,106
392796,0,1,1,0,1,0,106
392860,0,0,1,1,0,0,106
393026,1,1,1,1,1,0,106
393040,1,1,1,1,1,0,106
393442,1,0,0,1,1,0,133
393458,0,0,0,0,1,0,133
393784,0,1,0,1,0,0,133
394138,1,1,0,0,0,0,133
394193,0,0,0,0,1,0,133
394269,0,1,0,1,0,0,133
394574,1,0,0,1,1,0,133
394725,0,0,1,1,0,0,133
394773,1,0,1,0,0,0,133
395420,0,1,0,1,0,0,133
395502,0,1,0,1,0,0,133
395748,0,1,1,0,1,0,133
396169,1,0,1,0,0,0,133
396435,1,1,1,1,1,0,133
396628,0,1,0,1,0,0,133
396769,1,1,0,0,0,0,133
396883,1,0,0,1,1,0,133
396895,0,0,0,0,1,0,133
396933,1,1,0,0,0,0,133
396936,1,1,0,0,0,0,133
396964,0,0,0,0,1,0,133
397001,0,0,0,0,1,0,133
397751,1,1,1,1,1,0,133
397836,1,0,1,0,0,0,133
398123,1,1,0,0,0,0,133
398192,1,0,0,1,1,0,133
398558,0,1,0,1,0,0,133
398757,0,0,1,1,0,0,133
399072,1,1,1,1,1,0,133
399566,0,0,0,0,1,0,133
399584,1,0,1,0,0,0,133
399806,0,1,0,1,0,0,133
399891,1,0,0,1,1,0,133
400139,0,1,0,1,0,0,133
400521,0,0,0,0,1,0,133
400867,0,0,1,1,0,0,133
400873,1,0,1,0,0,0,133
400964,1,1,1,1,1,0,133
401233,1,1,0,0,0,0,133
401239,1,1,1,1,1,0,133
401291,0,1,0,1,0,0,133
401404,1,1,0,1,0,0,133
401469,0,0,0,0,1,0,133
401935,0,0,0,0,1,0,133
402280,0,0,0,0,1,0,133
402529,0,0,1,1,0,0,133
403198,0,1,0,1,0,0,133
403383,0,0,0,0,1,0,133
403543,0,1,1,1,1,1,133
403607,1,0,1,0,0,0,133
403650,0,0,0,0,1,0,133
403653,0,0,1,1,0,0,133
403839,0,0,1,1,0,0,133
404028,0,1,0,1,0,0,133
404344,0,1,1,0,1,0,133
404530,1,0,1,0,0,0,133
404561,0,0,1,1,0,0,133
404602,0,0,1,1,0,0,133
404795,1,0,1,0,0,0,133
404924,0,0,1,1,0,0,133
405246,0,1,0,1,0,0,133
405286,0,0,0,0,1,0,133
405404,0,1,1,0,1,0,133
405456,1,0,1,0,0,0,133
405530,1,1,0,0,0,0,133
405532,0,1,0,1,0,0,133
405606,1,1,1,1,1,0,133
405869,0,1,0,1,0,0,133
405972,0,0,1,1,0,0,133
406028,0,1,1,0,1,0,133
406052,1,1,1,1,1,0,133
406191,1,0,0,1,1,0,133
406906,1,1,0,0,0,0,133
406996,0,1,0,1,0,0,133
407033,0,0,0,0,1,0,133
407203,1,0,1,0,0,0,133
407218,0,0,0,0,1,0,133
407475,0,0,0,0,1,0,133
407561,1,1,0,0,0,0,133
407700,0,0,0,0,1,0,133
407712,1,0,0,1,1,0,133
407838,0,1,1,0,1,0,133
407924,0,0,1,1,0,0,133
408030,1,0,0,1,1,0,133
408038,0,1,0,1,0,0,133
408072,1,1,0,0,0,0,133
408097,1,1,0,0,0,0,133
408312,1,0,0,0,1,1,133
408519,1,0,0,1,1,0,133
408817,0,1,0,1,0,0,133
409066,1,1,1,1,1,0,133
409153,1,1,0,0,0,0,133
409296,1,0,1,0,0,0,133
409436,1,1,0,0,0,0,133
409470,1,0,1,0,0,0,133
409484,0,1,0,1,0,0,133
409645,1,1,1,1,1,0,133
409905,0,1,0,1,0,0,133
409958,0,1,1,0,1,0,133
410133,0,1,1,0,1,0,133
410136,0,0,0,0,1,0,133
410194,1,0,1,0,0,0,133
410416,0,0,0,0,1,0,133
410675,0,1,1,0,1,0,133
411000,0,0,0,0,1,0,133
411062,1,0,1,0,0,0,133
411289,0,1,0,1,0,0,133
411291,1,0,0,1,1,0,133
411379,1,1,1,1,1,0,133
411440,0,0,1,1,0,0,133
411854,1,1,0,0,0,0,133
412053,1,1,0,0,0,0,133
412320,1,0,0,1,1,0,133
412502,0,1,0,1,0,0,133
412681,0,0,0,0,1,0,133
412811,1,1,1,1,1,0,133
413236,1,1,1,1,1,0,133
413250,0,1,1,0,1,0,133
413297,1,1,1,1,1,0,133
413469,0,1,0,1,0,0,133
413675,1,1,0,0,0,0,133
413861,0,1,1,0,1,0,133
414212,1,1,1,1,1,0,133
414323,0,0,1,1,0,0,133
414376,1,0,0,1,1,0,133
414571,1,0,0,1,1,0,133
414648,1,0,0,1,1,0,133
414689,1,0,0,1,1,0,133
414832,1,1,1,1,1,0,133
415228,0,0,0,0,1,0,133
415253,1,1,0,0,0,0,133
415305,1,0,1,0,0,0,133
415380,0,0,0,0,1,0,133
415557,0,0,0,0,1,0,133
415719,0,1,1,0,1,0,133
416491,1,0,0,1,1,0,133
416621,1,0,1,0,0,0,133
416760,0,0,0,0,1,0,133
416864,1,1,0,0,0,0,133
416889,1,0,1,0,0,0,133
417437,1,0,1,0,0,0,133
417613,1,1,0,0,0,0,133
417934,0,0,0,0,1,0,133
417977,0,0,1,1,0,0,133
418050,0,1,1,0,1,0,133
418096,0,1,0,1,0,0,133
418186,0,1,0,1,0,0,133
418224,1,1,0,0,0,0,133
418312,1,0,1,0,0,0,133
418325,0,0,0,0,1,0,133
418548,0,0,1,1,0,0,133
418719,0,0,0,0,1,0,133
418721,1,0,1,0,0,0,133
418777,0,0,1,1,0,0,133
418802,0,0,0,0,1,0,133
419107,0,0,0,0,1,0,133
419176,0,0,0,0,1,0,133
419241,0,1,1,0,1,0,133
419306,0,1,1,0,1,0,133
419367,1,1,1,1,1,0,133
419516,1,1,0,0,0,0,133
419594,1,1,1,1,1,0,133
419625,0,0,1,1,0,0,133
420369,0,0,0,0,1,0,133
420458,1,0,0,1,1,0,133
420532,1,1,0,0,0,0,133
420577,0,1,0,1,0,0,133
421066,1,0,1,0,0,0,133
421126,1,0,0,1,1,0,133
421309,1,0,1,0,0,0,133
421529,0,0,1,1,0,0,133
421584,1,0,1,0,0,0,133
421934,1,0,0,1,1,0,133
421970,1,0,1,0,0,0,133
421998,0,0,1,1,0,0,133
422183,0,1,1,0,1,0,133
422286,0,0,0,0,1,0,133
422484,0,0,0,0,1,0,133
422570,1,0,1,0,0,0,133
422689,0,0,1,1,0,0,133
422828,0,1,1,0,1,0,133
422928,0,1,0,1,0,0,133
422962,0,0,0,0,1,0,133
423135,1,0,0,1,1,0,133
423318,0,0,1,1,0,0,133
423403,1,1,0,0,0,0,133
423867,0,0,1,1,0,0,133
423977,0,0,0,0,1,0,133
424010,1,0,0,1,1,0,133
424362,0,1,0,1,0,0,133
424745,1,1,1,1,1,0,133
424796,1,1,1,1,1,0,133
425205,1,0,1,0,0,0,133
425295,1,0,1,0,0,0,133
425548,0,1,0,1,0,0,133
425603,1,1,1,1,1,0,133
425712,1,1,1,1,1,0,133
425890,1,1,1,1,1,0,133
425897,1,0,1,0,0,0,133
425955,1,0,1,0,0,0,133
425959,1,0,1,0,0,0,133
426216,0,1,1,0,1,0,133
426329,1,1,1,1,1,0,133
426369,1,1,0,0,0,0,133
426417,0,0,0,0,1,0,133
426454,1,1,1,1,1,0,133
426546,0,0,0,0,1,0,133
426567,0,0,0,0,1,0,133
426901,1,0,0,1,1,0,133
427472,1,1,0,0,0,0,133
427565,0,0,0,0,1,0,133
427640,1,0,1,0,0,0,133
428462,0,1,0,1,0,0,133
428530,1,0,1,0,0,0,133
428749,1,0,1,0,0,0,133
428796,0,1,1,0,1,0,133
428930,1,0,0,1,1,0,133
429004,0,0,0,0,1,0,133
429010,0,0,0,0,1,0,133
429455,1,0,1,0,0,0,133
429631,1,1,1,1,1,0,133
429977,0,1,1,0,1,0,133
430075,1,0,1,0,0,0,133
430706,0,0,1,1,0,0,133
430746,0,1,0,1,0,0,133
431097,0,0,0,0,1,0,133
431282,0,1,0,1,0,0,133
431348,0,0,0,0,1,0,133
431644,1,0,1,0,0,0,133
431668,1,0,0,1,1,0,133
431716,0,0,1,1,0,0,133
431815,0,0,0,0,1,0,133
431866,1,0,1,0,0,0,133
431867,1,1,0,0,0,0,133
432131,1,1,0,0,0,0,133
432526,0,0,1,1,0,0,133
432659,0,0,1,1,0,0,133
433014,1,0,1,0,0,0,133
433129,1,1,1,1,1,0,133
433198,1,1,0,1,0,0,133
433364,0,1,0,1,0,0,133
433375,0,0,1,1,0,0,133
433441,0,0,1,1,0,0,133
433537,1,1,0,0,0,0,133
433623,1,0,1,0,0,0,133
433844,1,1,1,1,1,0,133
434014,0,0,0,0,1,0,133
434177,1,1,1,1,1,0,133
434594,1,1,0,0,0,0,133
435082,0,0,1,1,0,0,133
435725,1,1,0,0,0,0,133
435877,1,0,1,0,0,0,133
435888,0,0,1,1,0,0,133
435917,0,1,0,1,0,0,133
436419,1,1,0,0,0,0,133
436492,0,0,1,1,0,0,133
436530,0,0,0,0,1,0,133
436556,0,1,0,1,0,0,133
436699,0,1,1,0,1,0,133
436877,1,1,0,0,0,0,133
436902,0,1,0,1,0,0,133
437596,1,0,0,1,1,0,133
437606,1,1,1,1,1,0,133
437621,1,0,1,0,0,0,133
437626,1,1,0,0,0,0,133
438307,0,0,0,0,1,0,133
438556,1,1,1,1,1,0,133
438600,1,0,0,1,1,0,133
438743,1,0,0,1,1,0,133
438859,1,0,1,0,0,0,133
439127,1,1,0,0,0,0,133
439178,0,0,0,0,1,0,133
439223,1,1,1,1,1,0,133
439438,1,1,1,1,1,0,133
439564,1,0,0,1,1,0,133
439735,1,0,0,1,1,0,133
439744,0,1,1,0,1,0,133
439778,0,1,1,0,1,0,133
440058,0,1,0,1,0,0,133
440162,0,1,0,1,0,0,133
440482,1,0,1,0,0,0,133
440516,0,0,0,0,1,0,133
440623,1,1,1,1,1,0,133
440827,1,1,0,0,0,0,133
440838,1,1,0,0,0,0,133
440937,1,1,1,1,1,0,133
441005,1,1,1,1,1,0,133
441290,0,0,0,0,1,0,133
441422,1,0,0,1,1,0,133
441506,1,0,0,1,1,0,133
441651,1,1,0,0,0,0,133
441663,1,0,1,0,0,0,133
441669,0,0,0,0,1,0,133
441886,0,1,1,0,1,0,133
442231,1,1,1,1,1,0,133
442360,1,1,0,0,0,0,133
442444,1,0,0,1,1,0,133
442564,1,1,0,0,0,0,133
442671,0,0,1,1,0,0,133
442908,0,0,1,1,0,0,133
443332,1,1,0,0,0,0,133
443475,0,0,1,1,0,0,133
443605,1,0,0,1,1,0,133
443838,0,1,1,0,1,0,133
443952,1,0,0,1,1,0,133
444039,0,1,0,1,0,0,133
444050,0,1,1,0,1,0,133
444080,1,1,0,0,0,0,133
444172,1,0,1,0,0,0,133
444441,1,1,1,1,1,0,133
444501,1,0,1,0,0,0,133
445091,0,0,1,1,0,0,133
445254,0,1,0,1,0,0,133
445676,1,1,1,1,1,0,133
445768,1,1,1,1,1,0,133
445854,0,0,0,0,1,0,133
446002,0,0,0,0,1,0,133
446053,1,1,0,0,0,0,133
446434,0,1,1,0,1,0,133
446526,1,0,0,1,1,0,133
446543,1,1,1,1,1,0,133
446920,0,1,0,1,0,0,133
446932,1,1,0,0,0,0,133
446943,0,0,0,0,1,0,133
447099,0,1,0,1,0,0,133
447277,0,1,0,1,0,0,133
448355,0,1,1,0,1,0,133
448480,0,1,1,0,1,0,133
448507,0,1,1,0,1,0,133
448757,1,0,1,0,0,0,133
448947,0,0,1,1,0,0,133
449288,1,1,0,0,0,0,133
449403,1,1,1,1,1,0,133
449418,0,0,1,1,0,0,133
449497,0,0,1,1,0,0,133
449604,0,0,0,0,1,0,133
449741,0,0,1,1,0,0,133
450207,1,1,1,1,1,0,133
450271,1,0,0,1,1,0,133
450511,1,0,0,1,1,0,133
451033,0,0,0,0,1,0,133
451213,0,0,0,0,1,0,133
451348,0,0,0,0,1,0,133
451482,0,0,1,1,0,0,133
451686,0,0,0,0,1,0,133
452061,1,1,0,0,0,0,133
452279,1,1,0,0,0,0,133
452424,0,0,0,0,1,0,133
452440,0,1,1,0,1,0,133
452456,0,0,1,1,0,0,133
452521,0,0,0,0,1,0,133
452526,0,1,1,0,1,0,133
452661,0,0,0,0,1,0,133
453394,1,1,1,1,1,0,133
453580,1,1,1,1,1,0,133
453619,0,0,1,1,0,0,133
453674,0,1,0,1,0,0,133
453814,0,1,0,0,0,0,133
453881,1,0,0,1,1,0,133
454052,0,0,0,0,1,0,133
454057,0,0,0,0,1,0,133
454540,0,0,0,0,1,0,133
454614,0,1,0,1,0,0,133
454678,1,0,0,1,1,0,133
454734,0,1,1,0,1,0,133
455334,0,0,1,1,0,0,133
455370,0,1,0,1,0,0,133
455441,1,1,0,1,0,0,133
455540,1,0,0,1,1,0,133
455929,0,0,0,0,1,0,133
455975,1,1,0,0,0,0,133
456281,0,0,0,0,1,0,133
456352,1,0,0,1,1,0,133
456507,0,0,0,0,1,0,133
456613,0,1,1,0,1,0,133
456629,0,1,0,1,0,0,133
456814,1,0,1,0,0,0,133
456935,1,0,1,0,0,0,133
457084,0,1,0,1,0,0,133
457317,1,0,0,1,1,0,133
457445,1,0,1,0,0,0,133
457457,0,0,0,0,1,0,133
457465,1,0,0,1,1,0,133
458040,1,0,1,0,0,0,133
458083,0,1,1,0,1,0,133
458162,0,1,0,1,0,0,133
458516,1,0,0,1,1,0,133
458664,0,0,0,0,1,0,133
458756,0,0,1,1,0,0,147
458883,0,0,0,0,1,0,147
459073,1,1,1,1,1,0,147
459120,1,0,1,0,0,0,147
459284,1,1,1,1,1,0,147
459712,0,0,1,1,0,0,147
459847,1,1,1,1,1,0,147
459883,0,0,1,1,0,0,147
459933,0,0,0,0,1,0,147
460220,1,1,1,1,1,0,147
460375,1,1,1,1,1,0,147
460537,0,1,0,1,0,0,147
460581,1,0,0,1,1,0,147
460636,0,1,0,1,0,0,147
460939,0,0,0,0,1,0,147
461022,1,0,0,1,1,0,147
461132,1,1,0,0,0,0,147
461136,1,0,0,1,1,0,147
461160,1,0,0,1,1,0,147
461260,0,0,0,0,1,0,147
461266,0,0,0,0,1,0,147
461294,0,0,1,1,0,0,147
461408,1,0,1,0,0,0,147
461473,0,0,1,1,0,0,147
461645,0,1,1,0,1,0,147
461950,0,0,1,1,0,0,147
462118,0,0,0,0,1,0,147
462161,0,1,0,1,0,0,147
462347,1,0,1,0,0,0,147
462457,1,0,0,1,1,0,147
462574,0,0,1,1,0,0,147
462844,0,0,0,0,1,0,147
462873,1,0,1,0,0,0,147
462880,1,1,0,0,0,0,147
462995,1,1,1,1,1,0,147
463093,0,1,0,1,0,0,147
463290,1,0,1,0,0,0,147
463322,1,1,1,1,1,0,147
463574,1,1,0,0,0,0,147
463854,1,1,1,1,1,0,147
463855,0,0,0,0,1,0,147
463903,0,0,1,1,0,0,147
464033,1,0,1,0,0,0,147
464034,0,1,0,1,0,0,147
464113,1,0,0,1,1,0,147
464204,1,0,1,0,0,0,147
464363,0,0,0,0,1,0,147
464430,0,0,0,0,1,0,147
464681,1,1,1,1,1,0,147
464710,1,1,1,1,1,0,147
464735,1,0,0,1,1,0,147
464763,0,1,1,0,1,0,147
464908,0,0,1,1,0,0,147
465154,0,1,0,1,0,0,147
465224,1,1,1,1,1,0,147
465251,1,0,0,1,1,0,147
465316,0,0,1,1,0,0,147
465427,0,1,0,1,0,0,147
465488,1,0,1,0,0,0,147
465691,1,0,1,0,0,0,147
465835,1,1,0,0,0,0,147
466032,0,0,0,0,1,0,147
466117,1,0,0,1,1,0,147
466197,0,0,1,1,0,0,147
466221,1,1,0,0,0,0,147
466257,1,0,0,1,1,0,147
466425,0,0,1,1,0,0,147
466477,1,0,0,1,1,0,147
466709,0,0,0,0,1,0,147
466785,0,1,1,0,1,0,147
466822,0,1,0,1,0,0,147
466874,1,1,1,1,1,0,147
467050,0,0,0,0,1,0,147
467245,0,0,0,0,1,0,147
467369,0,0,0,0,1,0,147
467442,0,1,0,1,0,0,147
467525,0,0,0,0,1,0,147
467528,1,0,1,0,0,0,147
468162,1,1,0,0,0,0,147
468166,1,1,0,0,0,0,147
468307,0,1,1,0,1,0,147
468377,0,1,1,0,1,0,147
468850,0,0,1,1,0,0,147
468977,0,1,0,1,0,0,147
469362,0,0,1,1,0,0,147
469980,0,0,1,1,0,0,147
470022,1,0,0,1,1,0,147
470029,0,1,0,1,0,0,147
470151,0,1,1,1,1,1,147
470231,0,0,0,0,1,0,147
470282,0,1,1,0,1,0,147
470374,0,1,1,0,1,0,147
470437,1,0,0,1,1,0,147
470459,1,1,1,1,1,0,147
470745,1,0,1,0,0,0,147
470817,0,1,0,1,0,0,147
470837,1,0,1,0,0,0,147
470921,0,0,0,0,1,0,147
470954,1,0,0,1,1,0,147
470996,0,0,1,1,0,0,147
471042,1,1,0,0,0,0,147
471045,1,1,0,0,0,0,147
471069,1,1,1,1,1,0,147
471071,0,1,1,0,1,0,147
471116,1,0,1,0,0,0,147
471153,1,1,1,1,1,0,147
471513,1,0,1,0,0,0,147
471577,1,1,0,1,0,0,147
471622,1,1,0,0,0,0,147
471934,1,0,0,1,1,0,147
471938,0,0,0,0,1,0,147
472238,1,0,0,1,1,0,147
472344,1,1,1,1,1,0,147
472413,0,0,1,1,0,0,147
472528,0,1,1,0,1,0,147
472621,1,0,0,1,1,0,147
472903,0,1,1,0,1,0,147
473009,0,1,0,0,0,0,147
473098,0,1,0,1,0,0,147
473263,0,1,1,0,1,0,147
473275,0,1,1,0,1,0,147
473382,1,1,1,1,1,0,147
473473,1,0,1,0,0,0,147
473504,0,0,1,1,0,0,147
473633,0,0,1,1,0,0,147
473769,1,1,0,0,0,0,147
473833,0,0,0,0,1,0,147
474396,1,1,0,0,0,0,147
474619,0,1,1,0,1,0,147
474733,1,0,1,0,0,0,147
474892,1,0,1,0,0,0,147
475019,0,1,0,1,0,0,147
475104,1,1,1,1,1,0,147
475283,0,1,1,0,1,0,147
475327,0,0,0,0,1,0,147
475672,1,0,1,0,0,0,147
475972,1,0,1,0,0,0,147
476001,1,1,0,0,0,0,147
476217,1,0,0,1,1,0,147
476227,0,0,0,0,1,0,147
476458,1,0,0,1,1,0,147
476580,1,0,1,0,0,0,147
476594,0,0,0,0,1,0,147
477124,1,0,0,1,1,0,147
477155,1,1,1,1,1,0,147
477354,0,0,1,1,0,0,147
477365,1,1,1,1,1,0,147
477671,0,0,1,1,0,0,147
477855,0,1,1,0,1,0,147
477892,1,1,1,1,1,0,147
478170,0,0,1,0,0,0,147
478178,1,0,0,1,1,0,147
478520,0,1,0,1,0,0,147
478587,1,1,0,0,0,0,147
478870,1,0,0,1,1,0,147
478912,0,1,1,0,1,0,147
478923,0,1,0,1,0,0,147
478945,1,0,0,1,1,0,147
479005,1,0,1,0,0,0,147
479063,0,0,0,0,1,0,147
479430,0,1,0,1,0,0,147
479468,1,1,1,1,1,0,147
479546,1,0,0,1,1,0,147
479719,0,1,0,1,0,0,147
480037,0,0,0,0,1,0,147
480488,0,0,1,1,0,0,147
480497,0,0,0,0,1,0,147
480538,0,1,0,1,0,0,147
480635,1,0,0,1,1,0,147
480653,1,0,1,0,0,0,147
481017,1,0,1,0,0,0,147
481104,0,1,0,1,0,0,147
481129,1,0,0,1,1,0,147
481239,0,1,1,0,1,0,147
481348,0,1,1,0,1,0,147
481471,1,1,1,1,1,0,147
481475,1,0,0,1,1,0,147
481641,1,1,0,0,0,0,147
481793,1,0,1,0,0,0,147
482116,1,0,0,1,1,0,147
482270,1,1,0,0,0,0,147
482452,0,0,0,0,1,0,147
482478,1,0,0,1,1,0,147
482941,1,1,0,0,0,0,147
483042,0,1,1,0,1,0,147
483176,1,1,1,1,1,0,147
483270,0,1,1,0,1,0,147
483286,1,0,0,1,1,0,147
483607,0,0,0,0,1,0,147
483870,0,0,1,1,0,0,147
483958,1,0,0,1,1,0,147
483979,1,1,1,1,1,0,147
484104,1,1,1,1,1,0,147
484190,1,0,1,0,0,0,147
484245,0,1,1,0,1,0,147
484246,0,1,1,0,1,0,147
484387,0,0,1,1,0,0,147
484391,1,0,0,1,1,0,147
484551,1,0,0,1,1,0,147
484763,1,0,1,0,0,0,147
484958,1,0,0,0,1,1,147
484982,0,1,1,0,1,0,147
485118,0,0,1,1,0,0,147
485464,0,0,0,0,1,0,147
485521,0,1,0,0,0,0,147
485663,0,0,1,0,0,0,147
486059,1,1,1,1,1,0,147
486124,1,0,0,1,1,0,147
486157,1,1,0,0,0,0,147
486295,1,1,0,0,0,0,147
486457,0,1,1,0,1,0,147
486478,1,0,1,0,0,0,147
486603,0,0,0,0,1,0,147
486645,1,0,1,0,0,0,147
486651,0,0,1,1,0,0,147
486730,0,0,0,0,1,0,147
487164,1,1,0,0,0,0,147
487380,1,0,1,0,0,0,147
487473,1,0,1,0,0,0,147
487488,0,1,0,1,0,0,147
487536,1,1,0,0,0,0,147
487838,0,1,1,0,1,0,147
487846,1,1,1,1,1,0,147
487869,0,0,0,0,1,0,147
488169,0,1,1,0,1,0,147
488500,1,1,1,1,1,0,147
488790,1,0,0,1,1,0,147
488810,0,1,1,0,1,0,147
489112,1,1,1,1,1,0,147
489199,1,0,0,1,1,0,147
489351,1,0,1,0,0,0,147
489483,1,1,0,0,0,0,147
489852,1,0,0,1,1,0,147
489856,1,1,0,0,0,0,147
489945,1,1,1,1,1,0,147
490235,0,1,1,0,1,0,147
490272,1,1,0,0,0,0,147
490746,1,0,1,0,0,0,147
491007,1,1,0,0,0,0,147
491371,1,0,0,1,1,0,147
491539,1,1,0,0,0,0,147
491597,1,1,0,0,0,0,147
491601,1,1,0,0,0,0,147
492013,1,0,0,1,1,0,147
492052,0,1,1,0,1,0,147
492304,1,1,1,1,1,0,147
492644,0,1,0,1,0,0,147
492800,1,0,1,0,0,0,147
492824,0,0,0,0,1,0,147
492870,1,0,0,1,1,0,147
492886,1,0,1,0,0,0,147
492920,1,1,0,0,0,0,147
492936,1,1,1,1,1,0,147
492942,1,1,0,0,0,0,147
492973,0,0,1,1,0,0,147
492985,1,0,0,1,1,0,147
493134,0,0,0,0,1,0,147
493156,0,1,1,0,1,0,147
493171,0,0,1,1,0,0,147
493217,1,0,1,0,0,0,147
493368,1,0,1,0,0,0,147
493819,0,1,0,1,0,0,147
493954,0,1,1,0,1,0,147
494026,1,1,1,1,1,0,147
494054,0,1,0,1,0,0,147
494118,0,0,0,0,1,0,147
494279,1,0,0,1,1,0,147
494832,1,1,0,0,0,0,147
495504,0,0,0,0,1,0,147
495574,1,0,1,0,0,0,147
495801,1,1,0,0,0,0,147
495864,1,0,1,0,0,0,147
495974,0,1,0,1,0,0,147
496121,0,0,0,0,1,0,147
496158,0,1,0,1,0,0,147
496195,0,0,1,1,0,0,147
496510,1,0,1,0,0,0,147
496518,1,1,0,0,0,0,147
496547,1,0,0,1,1,0,147
496683,1,1,1,1,1,0,147
496718,0,1,0,1,0,0,147
496881,0,1,1,0,1,0,147
497042,1,0,1,0,0,0,147
497187,1,1,1,1,1,0,147
497189,0,0,1,1,0,0,147
497206,0,0,0,0,1,0,147
497240,0,1,1,0,1,0,147
497327,1,1,1,1,1,0,147
497384,0,1,0,1,0,0,147
497547,0,1,1,0,1,0,147
498148,0,1,0,1,0,0,147
498461,1,1,1,1,1,0,147
498699,1,0,1,0,0,0,147
498846,1,0,1,0,0,0,147
498870,0,0,0,0,1,0,147
499080,1,0,1,0,0,0,147
499117,0,1,1,0,1,0,147
499607,0,1,0,1,0,0,147
499968,0,1,1,0,1,0,147
500208,1,1,0,0,0,0,147
500373,1,0,0,1,1,0,147
500755,1,0,0,1,1,0,147
500766,0,0,1,1,0,0,147
501340,1,0,1,0,0,0,147
501361,0,0,0,0,1,0,147
501440,0,0,1,1,0,0,147
501686,0,0,0,0,1,0,147
502046,0,1,1,0,1,0,147
502169,0,1,1,0,1,0,147
502363,0,1,0,1,0,0,147
502606,0,1,0,1,0,0,147
502621,0,0,0,0,1,0,147
503009,0,1,1,0,1,0,147
503023,1,0,0,1,1,0,147
503207,1,0,1,0,0,0,147
503427,1,1,1,1,1,0,147
503452,0,0,0,0,1,0,147
503605,1,1,0,0,0,0,147
503615,0,1,1,0,1,0,147
503620,0,0,1,1,0,0,147
503725,0,0,0,0,1,0,147
503880,1,1,0,0,0,0,147
503992,0,1,0,1,0,0,147
504023,1,1,0,0,0,0,147
504070,1,1,0,0,0,0,147
504228,0,1,0,1,0,0,147
504249,0,0,1,1,0,0,147
504405,1,1,0,0,0,0,147
504450,1,1,0,0,0,0,147
504765,1,1,1,1,1,0,147
504954,1,0,1,0,0,0,147
505206,0,0,1,1,0,0,147
505519,1,0,1,0,0,0,147
505638,0,0,1,1,0,0,147
505742,0,1,1,0,1,0,147
505921,1,1,1,1,1,0,147
506850,0,0,0,0,1,0,147
506910,1,0,0,1,1,0,147
507056,0,1,0,1,0,0,147
507076,0,0,0,0,1,0,147
507103,0,1,0,1,0,0,147
507262,1,1,0,0,0,0,147
507332,0,0,1,1,0,0,147
507446,1,0,1,0,0,0,147
507696,1,1,1,1,1,0,147
507729,0,1,0,1,0,0,147
507831,1,0,0,1,1,0,147
507942,0,1,1,0,1,0,147
508062,1,1,0,0,0,0,147
508369,0,1,0,1,0,0,147
508505,0,0,1,1,0,0,147
508553,0,1,0,1,0,0,147
508573,1,1,1,1,1,0,147
508632,0,0,0,0,1,0,147
509039,0,1,0,1,0,0,147
509215,1,1,1,1,1,0,147
509237,0,1,0,1,0,0,147
509272,1,0,1,0,0,0,147
509402,1,1,0,0,0,0,147
509598,1,0,0,1,1,0,147
509795,1,0,1,0,0,0,147
509969,1,0,0,1,1,0,147
509984,0,1,1,0,1,0,147
510011,1,0,1,0,0,0,147
510374,0,0,1,1,0,0,147
510390,0,0,0,0,1,0,147
510848,1,1,0,0,0,0,147
510958,0,1,0,1,0,0,147
511064,1,1,0,0,0,0,147
511271,1,0,0,1,1,0,147
511364,1,1,1,1,1,0,147
511510,0,0,1,1,0,0,147
511591,0,0,0,0,1,0,147
511781,1,1,1,1,1,0,147
511853,0,0,1,1,0,0,147
511895,1,0,0,1,1,0,147
512068,0,0,0,0,1,0,147
512251,1,1,0,0,0,0,147
512750,1,0,0,1,1,0,147
512802,0,1,1,0,1,0,147
512994,0,1,0,1,0,0,147
513040,0,0,1,1,0,0,147
513125,1,1,0,0,0,0,147
513225,1,0,1,0,0,0,147
513332,1,1,0,0,0,0,147
513412,1,0,0,1,1,0,147
513523,1,1,0,0,0,0,147
513652,0,1,1,0,1,0,147
513713,1,1,1,1,1,0,147
513796,1,1,1,1,1,0,147
514384,1,0,1,0,0,0,147
514396,0,0,0,0,1,0,147
514504,1,1,0,0,0,0,147
514664,0,0,0,0,1,0,147
514755,1,0,0,1,1,0,147
514785,0,1,1,0,1,0,147
514810,0,0,1,1,0,0,147
514883,1,0,1,0,0,0,147
514958,1,0,1,0,0,0,147
514973,1,1,0,0,0,0,147
515006,0,0,1,1,0,0,147
515282,1,0,0,1,1,0,147
515530,0,0,0,0,1,0,147
515809,1,0,1,0,0,0,147
515852,0,1,1,0,1,0,147
515901,0,1,1,0,1,0,147
516127,1,1,0,0,0,0,147
516296,0,1,1,0,1,0,147
516338,1,1,1,1,1,0,147
516361,0,1,1,0,1,0,147
516452,0,0,0,0,1,0,147
516597,1,1,1,1,1,0,147
516660,1,0,0,1,1,0,147
516691,1,0,1,0,0,0,147
516701,1,1,1,1,1,0,147
516708,0,0,1,1,0,0,147
516918,1,0,0,1,1,0,147
517075,0,0,0,0,1,0,147
517200,1,0,1,0,0,0,147
517241,1,1,1,1,1,0,147
517275,1,0,1,0,0,0,147
517384,1,0,0,1,1,0,147
517467,0,0,1,1,0,0,147
517502,1,0,0,1,1,0,147
517591,0,0,1,1,0,0,147
517730,1,1,1,1,1,0,147
517787,1,0,1,0,0,0,147
518022,1,1,1,1,1,0,147
518163,1,1,0,0,0,0,147
518171,0,0,1,1,0,0,147
518323,0,1,0,1,0,0,147
518506,0,0,0,0,1,0,147
518542,0,0,0,0,1,0,147
518563,1,0,0,1,1,0,147
518577,1,0,1,0,0,0,147
518726,1,0,1,0,0,0,147
518859,1,1,0,0,0,0,147
518904,1,0,1,0,0,0,147
519104,1,1,0,0,0,0,147
519321,0,0,1,1,0,0,147
519501,0,0,1,1,0,0,147
519609,0,0,1,1,0,0,147
519614,0,0,1,1,0,0,147
519650,1,0,0,1,1,0,147
519724,1,1,1,1,1,0,147
519785,1,1,0,0,0,0,147
519884,0,1,1,0,1,0,147
520050,1,0,0,1,1,0,147
520232,0,0,1,1,0,0,147
520669,1,0,1,0,0,0,147
520768,1,1,1,1,1,0,147
520994,0,0,0,0,1,0,147
521432,0,0,0,0,1,0,147
521544,1,0,1,0,0,0,147
521551,1,0,1,0,0,0,147
521597,1,0,1,0,0,0,147
521624,0,0,1,1,0,0,147
521765,1,1,0,0,0,0,147
521807,0,1,1,0,1,0,147
521877,1,1,1,1,1,0,147
521899,0,0,1,1,0,0,147
521920,0,1,0,1,0,0,147
522131,0,0,0,0,1,0,147
522283,0,0,0,0,1,0,147
522285,1,0,1,0,0,0,147
522826,1,1,1,1,1,0,147
522845,0,1,0,1,0,0,147
522848,0,0,0,0,1,0,147
522849,1,1,0,0,0,0,147
522857,1,1,0,0,0,0,147
522940,0,1,1,0,1,0,147
522971,0,1,0,1,0,0,147
523153,1,0,1,0,0,0,147
523205,1,0,1,0,0,0,147
523473,0,0,0,0,1,0,147
523589,0,1,1,0,1,0,147
524116,0,1,1,0,1,0,147
524166,0,0,0,0,1,0,147
524743,0,1,1,0,1,0,166
524784,0,1,1,0,1,0,166
524896,0,1,0,1,0,0,166
524996,0,0,1,1,0,0,166
525546,0,1,1,0,1,0,166
525672,0,1,0,1,0,0,166
525822,1,0,0,1,1,0,166
525826,1,1,0,0,0,0,166
525838,0,1,0,1,0,0,166
525914,1,0,1,0,0,0,166
526208,1,1,0,0,0,0,166
526543,0,0,1,1,0,0,166
526558,0,0,0,0,1,0,166
526797,1,0,1,0,0,0,166
526899,0,1,1,0,1,0,166
526926,1,0,1,0,0,0,166
527067,0,1,1,0,1,0,166
527326,1,0,0,1,1,0,166
527335,0,1,0,1,0,0,166
527362,0,1,0,1,0,0,166
527560,0,0,0,0,1,0,166
527596,1,1,0,0,0,0,166
527610,1,0,1,0,0,0,166
528122,0,1,0,1,0,0,166
528148,0,0,0,0,1,0,166
528197,0,0,1,1,0,0,166
528389,1,0,1,0,0,0,166
528500,1,0,1,0,0,0,166
528681,1,0,1,0,0,0,166
528689,0,1,0,1,0,0,166
528924,0,0,0,0,1,0,166
529098,0,1,1,0,1,0,166
529318,0,1,0,1,0,0,166
529382,1,0,1,0,0,0,166
529436,1,0,0,1,1,0,166
529448,1,0,1,0,0,0,166
529569,1,1,1,1,1,0,166
529644,1,0,1,0,0,0,166
529663,1,0,1,0,0,0,166
529751,0,0,1,1,0,0,166
529762,1,0,1,0,0,0,166
529944,0,0,1,1,0,0,166
530035,1,0,1,0,0,0,166
530308,1,0,1,0,0,0,166
530371,1,1,1,1,1,0,166
530703,1,0,0,1,1,0,166
530808,0,0,1,1,0,0,166
530932,1,1,1,1,1,0,166
530938,0,0,1,1,0,0,166
531150,0,0,0,0,1,0,166
531158,1,1,1,1,1,0,166
531277,1,0,1,0,0,0,166
531446,1,0,0,1,1,0,166
531631,1,0,0,1,1,0,166
531964,0,0,1,1,0,0,166
532013,0,0,1,1,0,0,166
532214,0,1,0,1,0,0,166
532553,1,1,0,0,0,0,166
532916,1,1,1,1,1,0,166
533070,0,1,0,1,0,0,166
533076,1,0,0,1,1,0,166
533088,0,1,1,0,1,0,166
533188,0,0,1,1,0,0,166
533271,1,0,0,1,1,0,166
533367,0,1,0,0,0,0,166
533479,0,1,0,1,0,0,166
533518,0,0,0,0,1,0,166
533607,0,0,1,1,0,0,166
533630,1,1,1,1,1,0,166
533914,1,1,0,0,0,0,166
533944,0,1,0,1,0,0,166
534102,1,1,0,0,0,0,166
534124,0,1,1,0,1,0,166
534276,1,0,0,1,1,0,166
534566,0,0,0,0,1,0,166
534689,0,1,1,0,1,0,166
534794,1,1,1,1,1,0,166
534806,0,1,0,1,0,0,166
534884,0,1,0,1,0,0,166
535230,0,1,1,0,1,0,166
535386,0,1,1,0,1,0,166
535417,0,0,1,1,0,0,166
535493,1,1,1,1,1,0,166
535623,0,1,1,0,1,0,166
535887,1,0,1,0,0,0,166
535902,1,1,0,0,0,0,166
535918,0,0,1,1,0,0,166
536078,0,1,1,1,1,1,166
536233,1,1,0,0,0,0,166
536237,1,0,0,1,1,0,166
536449,0,0,1,1,0,0,166
536567,1,0,0,1,1,0,166
536575,1,1,1,1,1,0,166
536849,1,0,0,1,1,0,166
536854,1,0,1,0,0,0,166
536961,0,1,0,1,0,0,166
537095,1,0,1,0,0,0,166
537163,0,0,0,0,1,0,166
537178,0,0,1,1,0,0,166
537202,0,1,1,0,1,0,166
537211,0,0,1,1,0,0,166
537389,1,0,0,1,1,0,166
537592,0,1,0,1,0,0,166
537656,1,1,1,1,1,0,166
537663,1,0,1,0,0,0,166
537852,1,0,1,0,0,0,166
538012,1,1,0,0,0,0,166
538373,0,0,0,0,1,0,166
538470,0,1,1,0,1,0,166
538528,0,1,1,0,1,0,166
538734,1,1,0,0,0,0,166
538889,1,0,0,1,1,0,166
539027,1,1,1,1,1,0,166
539113,1,0,0,1,1,0,166
539143,0,0,0,0,1,0,166
539167,0,0,1,1,0,0,166
539186,0,1,0,1,0,0,166
539340,0,1,1,0,1,0,166
539420,0,1,0,1,0,0,166
539445,1,1,0,0,0,0,166
539481,0,1,0,1,0,0,166
539658,1,1,0,0,0,0,166
539897,1,0,0,1,1,0,166
540067,0,0,0,0,1,0,166
540083,1,0,0,1,1,0,166
540399,1,0,1,0,0,0,166
540574,1,0,0,1,1,0,166
540885,1,1,0,0,0,0,166
540960,0,1,0,1,0,0,166
541035,0,1,0,1,0,0,166
541728,1,1,0,0,0,0,166
541753,0,1,0,1,0,0,166
541985,1,0,0,1,1,0,166
542053,0,0,0,0,1,0,166
542060,1,0,1,0,0,0,166
542182,0,1,0,1,0,0,166
542260,1,0,1,0,0,0,166
542335,0,1,1,0,1,0,166
542375,1,0,0,1,1,0,166
542412,0,0,0,0,1,0,166
542954,1,1,1,1,1,0,166
542982,0,0,1,1,0,0,166
543103,1,1,1,1,1,0,166
543313,0,1,0,1,0,0,166
543559,0,1,1,0,1,0,166
543597,0,0,1,1,0,0,166
543638,0,0,1,1,0,0,166
543710,1,1,1,1,1,0,166
543725,1,0,0,1,1,0,166
543752,1,1,0,0,0,0,166
543753,1,1,0,0,0,0,166
543810,1,0,1,0,0,0,166
543866,0,0,1,1,0,0,166
543893,0,1,0,1,0,0,166
544005,1,0,1,0,0,0,166
544011,1,0,0,1,1,0,166
544062,0,1,1,0,1,0,166
544189,0,0,0,0,1,0,166
544861,1,1,1,1,1,0,166
544932,1,1,1,1,1,0,166
545096,0,1,0,1,0,0,166
545149,0,0,1,1,0,0,166
545230,1,1,1,1,1,0,166
545274,0,1,0,1,0,0,166
545283,1,0,1,0,0,0,166
545381,1,0,1,0,0,0,166
545547,1,0,1,0,0,0,166
545725,0,0,0,0,1,0,166
545769,0,1,1,0,1,0,166
545832,1,0,0,1,1,0,166
545875,1,0,1,0,0,0,166
546000,1,0,1,0,0,0,166
546170,1,1,0,0,0,0,166
546269,0,1,1,0,1,0,166
546399,1,0,0,1,1,0,166
546714,1,0,0,1,1,0,166
547023,1,0,0,0,1,1,166
547343,0,1,0,1,0,0,166
547356,0,0,0,0,1,0,166
547457,1,1,1,1,1,0,166
547461,0,1,0,1,0,0,166
547787,1,1,0,0,0,0,166
547877,0,0,0,0,1,0,166
547939,0,0,1,1,0,0,166
547983,1,0,1,0,0,0,166
548058,1,1,1,1,1,0,166
548303,0,1,1,0,1,0,166
548385,1,0,0,0,1,1,166
548399,0,0,1,1,0,0,166
548451,0,1,0,1,0,0,166
548580,0,1,1,0,1,0,166
548592,1,0,0,1,1,0,166
548766,1,1,1,1,1,0,166
548858,0,1,0,1,0,0,166
548902,0,1,1,0,1,0,166
548975,0,0,1,1,0,0,166
549059,1,1,0,0,0,0,166
549146,0,0,0,0,1,0,166
549333,0,1,1,0,1,0,166
549430,1,1,1,1,1,0,166
549682,1,0,0,1,1,0,166
549763,1,0,1,0,0,0,166
549961,1,0,1,0,0,0,166
550762,0,1,0,1,0,0,166
550804,0,0,0,0,1,0,166
551021,0,1,1,0,1,0,166
551070,0,0,0,0,1,0,166
551110,0,1,0,1,0,0,166
551134,1,0,0,1,1,0,166
551473,1,0,1,0,0,0,166
551811,0,1,1,0,1,0,166
551870,0,1,0,1,0,0,166
551873,0,0,1,1,0,0,166
552139,1,0,1,0,0,0,166
552207,1,0,0,1,1,0,166
552263,0,1,1,0,1,0,166
552354,1,0,1,0,0,0,166
552532,0,0,1,1,0,0,166
552581,0,1,0,1,0,0,166
552587,0,0,0,0,1,0,166
552706,0,0,0,1,1,1,166
552765,1,1,1,1,1,0,166
552892,0,1,0,1,0,0,166
552962,1,0,0,1,1,0,166
553171,0,0,1,1,0,0,166
553254,1,0,1,0,0,0,166
553322,0,0,0,0,1,0,166
553388,0,1,1,0,1,0,166
553427,1,1,1,1,1,0,166
553602,0,0,1,1,0,0,166
553830,1,1,1,1,1,0,166
554032,1,1,0,0,0,0,166
554098,1,1,1,1,1,0,166
554136,1,0,1,0,0,0,166
554405,1,1,1,1,1,0,166
554701,0,1,0,1,0,0,166
555313,0,1,1,0,1,0,166
555406,0,1,0,1,0,0,166
555417,1,1,0,0,0,0,166
555587,0,1,0,1,0,0,166
555590,1,0,1,0,0,0,166
555614,1,1,1,1,1,0,166
555907,0,0,1,1,0,0,166
555987,1,0,0,1,1,0,166
556070,0,0,0,0,1,0,166
556344,0,0,0,0,1,0,166
556390,0,0,1,1,0,0,166
556455,0,1,0,1,0,0,166
556505,0,0,1,1,0,0,166
556552,0,0,1,1,0,0,166
556818,1,1,0,0,0,0,166
556870,0,1,0,1,0,0,166
557000,0,1,0,1,0,0,166
557064,0,1,1,0,1,0,166
557072,0,1,1,1,1,1,166
557126,0,1,0,1,0,0,166
557184,1,1,0,0,0,0,166
557436,1,0,0,1,1,0,166
557465,0,1,0,1,0,0,166
557639,0,0,0,0,1,0,166
557657,0,1,1,0,1,0,166
558201,0,0,1,1,0,0,166
558228,0,1,0,1,0,0,166
558257,1,0,1,0,0,0,166
558261,0,0,0,0,1,0,166
558714,1,0,0,1,1,0,166
558749,0,1,1,0,1,0,166
558935,0,1,0,1,0,0,166
559043,0,1,1,0,1,0,166
559271,0,1,0,1,0,0,166
559397,1,0,0,1,1,0,166
559498,0,0,0,0,1,0,166
559521,1,1,0,0,0,0,166
559564,0,1,1,0,1,0,166
559590,1,0,0,1,1,0,166
559695,0,0,0,0,1,0,166
559968,0,0,0,0,1,0,166
560463,0,1,1,0,1,0,166
560561,1,0,1,0,0,0,166
560652,1,1,0,0,0,0,166
560980,1,0,1,0,0,0,166
561006,1,1,1,1,1,0,166
561155,0,1,1,0,1,0,166
561231,0,0,1,1,0,0,166
561252,0,1,1,0,1,0,166
561284,0,0,0,0,1,0,166
561345,1,0,1,0,0,0,166
561404,0,1,1,0,1,0,166
561497,0,1,0,1,0,0,166
561575,0,0,1,1,0,0,166
561591,0,1,0,1,0,0,166
561686,1,1,1,1,1,0,166
561792,1,1,1,1,1,0,166
562015,1,0,1,0,0,0,166
562038,0,0,0,0,1,0,166
562042,0,0,0,0,1,0,166
562187,0,0,1,1,0,0,166
562278,1,0,0,1,1,0,166
562336,1,1,1,1,1,0,166
562482,1,1,0,0,0,0,166
562483,0,1,0,1,0,0,166
562524,1,1,0,0,0,0,166
562628,1,1,1,1,1,0,166
562630,1,1,1,1,1,0,166
562752,1,0,1,0,0,0,166
562928,1,0,0,1,1,0,166
562931,0,1,1,0,1,0,166
562990,0,0,1,1,0,0,166
563084,1,0,1,0,0,0,166
563135,0,1,1,0,1,0,166
563276,1,0,1,0,0,0,166
563412,0,1,0,1,0,0,166
563605,0,0,0,0,1,0,166
564041,1,1,0,0,0,0,166
564109,1,1,1,1,1,0,166
564128,0,1,1,0,1,0,166
564186,0,0,1,1,0,0,166
564216,1,1,1,1,1,0,166
564326,0,1,1,0,1,0,166
564402,1,0,0,1,1,0,166
564419,1,1,1,1,1,0,166
564614,1,1,0,0,0,0,166
564855,0,1,1,0,1,0,166
564892,0,0,0,0,1,0,166
564919,0,0,0,0,1,0,166
564992,1,1,1,1,1,0,166
565031,0,0,0,0,1,0,166
565080,1,1,0,0,0,0,166
565117,0,0,1,1,0,0,166
565126,1,1,0,0,0,0,166
565254,1,1,1,1,1,0,166
565300,1,0,0,1,1,0,166
565405,1,1,0,0,0,0,166
565449,0,0,0,0,1,0,166
565558,1,0,0,1,1,0,166
565675,1,0,1,0,0,0,166
566034,0,1,0,1,0,0,166
566058,1,1,1,1,1,0,166
566101,1,1,0,0,0,0,166
566248,0,1,1,0,1,0,166
566497,0,1,1,0,1,0,166
566957,1,1,1,1,1,0,166
567089,0,0,1,1,0,0,166
567230,1,0,0,1,1,0,166
567284,1,1,0,0,0,0,166
567395,0,1,0,1,0,0,166
567526,1,0,0,1,1,0,166
567544,1,1,0,0,0,0,166
567603,0,1,1,0,1,0,166
567810,1,0,1,0,0,0,166
567932,1,1,0,0,0,0,166
568374,1,1,1,1,1,0,166
568401,1,0,0,1,1,0,166
568467,0,1,0,1,0,0,166
569046,1,1,1,1,1,0,166
569067,0,1,1,0,1,0,166
569081,0,0,0,0,1,0,166
569159,1,0,0,1,1,0,166
569441,0,1,1,0,1,0,166
569948,1,0,1,0,0,0,166
570118,1,0,1,0,0,0,166
570336,0,1,0,1,0,0,166
570474,1,0,1,0,0,0,166
570596,0,0,1,1,0,0,166
570694,1,1,1,1,1,0,166
570700,1,1,0,0,0,0,166
571367,1,0,1,0,0,0,166
571429,1,0,0,1,1,0,166
571516,0,0,0,0,1,0,166
571696,0,1,0,1,0,0,166
571798,1,1,1,1,1,0,166
572001,0,1,1,0,1,0,166
572079,0,1,1,0,1,0,166
572198,0,1,0,1,0,0,166
572210,1,0,0,1,1,0,166
572472,1,1,0,0,0,0,166
572564,0,1,1,0,1,0,166
572626,0,1,1,0,1,0,166
572650,0,0,1,1,0,0,166
572919,0,0,0,0,1,0,166
572930,1,1,0,0,0,0,166
573171,1,1,0,0,0,0,166
573280,1,0,0,1,1,0,166
573345,1,0,0,1,1,0,166
573439,1,1,0,0,0,0,166
573527,1,1,0,0,0,0,166
573610,1,1,0,0,0,0,166
573986,0,0,1,1,0,0,166
574068,1,0,1,0,0,0,166
574258,0,0,0,0,1,0,166
574356,1,1,0,0,0,0,166
574424,0,0,0,0,1,0,166
574534,0,0,0,0,1,0,166
574544,0,1,1,0,1,0,166
574647,1,0,0,1,1,0,166
574846,0,1,1,0,1,0,166
575034,0,1,0,1,0,0,166
575151,1,0,0,1,1,0,166
575454,1,1,1,1,1,0,166
575470,1,1,0,0,0,0,166
575605,1,1,1,1,1,0,166
575804,1,1,1,1,1,0,166
575865,0,1,1,0,1,0,166
575870,0,0,1,1,0,0,166
575888,0,0,0,0,1,0,166
575980,0,0,0,0,1,0,166
576064,0,1,0,1,0,0,166
576113,1,1,1,1,1,0,166
576116,0,0,0,0,1,0,166
576141,1,1,1,1,1,0,166
576153,0,0,1,1,0,0,166
576192,0,0,1,1,0,0,166
576193,1,1,1,1,1,0,166
576266,0,0,1,1,0,0,166
576373,1,1,1,1,1,0,166
576379,1,0,1,0,0,0,166
576836,0,1,0,1,0,0,166
576876,1,1,1,1,1,0,166
576920,1,1,1,1,1,0,166
576983,1,1,1,1,1,0,166
577133,0,0,1,1,0,0,166
577140,0,0,0,0,1,0,166
577237,1,1,1,1,1,0,166
577296,0,0,0,0,1,0,166
577303,0,0,1,1,0,0,166
577646,0,1,1,0,1,0,166
577769,0,1,1,0,1,0,166
578022,0,1,0,1,0,0,166
578071,1,1,1,1,1,0,166
578090,0,1,1,0,1,0,166
578298,1,1,0,0,0,0,166
578306,0,0,0,1,1,1,166
578309,0,1,1,0,1,0,166
578327,0,0,1,1,0,0,166
578386,1,0,0,1,1,0,166
578691,1,1,1,1,1,0,166
578814,1,1,0,0,0,0,166
578897,0,1,0,1,0,0,166
579062,1,1,1,1,1,0,166
579176,1,1,0,0,0,0,166
579346,0,0,0,0,1,0,166
579367,0,0,0,0,1,0,166
579402,1,1,1,1,1,0,166
579404,0,1,1,0,1,0,166
579522,0,1,0,1,0,0,166
579533,0,0,0,0,1,0,166
579716,0,0,0,0,1,0,166
580055,0,0,1,1,0,0,166
580073,0,1,0,1,0,0,166
580135,0,0,1,1,0,0,166
580478,0,0,1,1,0,0,166
580714,1,1,1,1,1,0,166
580903,1,1,1,1,1,0,166
580931,1,0,0,1,1,0,166
580942,0,0,1,1,0,0,166
580986,1,0,1,0,0,0,166
581000,0,0,1,1,0,0,166
581069,1,1,1,1,1,0,166
581083,1,0,1,0,0,0,166
581112,0,0,0,0,1,0,166
581156,1,0,0,0,1,1,166
581275,0,0,0,0,1,0,166
581283,0,1,0,1,0,0,166
581551,0,0,1,1,0,0,166
581657,0,0,0,0,1,0,166
581751,1,1,1,1,1,0,166
582007,1,1,1,1,1,0,166
582067,1,0,1,0,0,0,166
582086,0,1,1,0,1,0,166
582095,0,0,0,0,1,0,166
582282,0,0,1,1,0,0,166
582518,0,1,1,0,1,0,166
582592,0,0,0,0,1,0,166
582721,1,0,0,1,1,0,166
582868,1,0,1,0,0,0,166
583327,1,0,1,0,0,0,166
583364,0,1,1,0,1,0,166
583511,1,0,0,1,1,0,166
583596,1,1,1,1,1,0,166
583652,1,1,1,1,1,0,166
584019,0,0,1,1,0,0,166
584028,1,0,1,0,0,0,166
584133,0,0,0,0,1,0,166
584250,0,1,0,1,0,0,166
584430,0,0,1,1,0,0,166
584445,1,1,1,1,1,0,166
584487,1,1,0,0,0,0,166
584518,0,1,0,1,0,0,166
584772,0,0,1,1,0,0,166
584951,0,0,1,1,0,0,166
585145,0,1,0,1,0,0,166
585148,0,0,1,1,0,0,166
585158,1,1,1,1,1,0,166
585202,1,0,1,0,0,0,166
585219,1,0,1,0,0,0,166
585255,0,1,1,0,1,0,166
585312,1,0,0,1,1,0,166
585340,1,1,1,1,1,0,166
585594,0,1,1,0,1,0,166
585686,0,1,0,1,0,0,166
585835,1,1,1,1,1,0,166
585940,1,1,1,1,1,0,166
585956,0,1,1,0,1,0,166
586076,0,1,0,1,0,0,166
586112,0,1,1,0,1,0,166
586204,1,1,1,1,1,0,166
586257,1,1,0,0,0,0,166
586365,1,0,0,1,1,0,166
586379,1,0,0,1,1,0,166
586404,1,1,1,1,1,0,166
586436,1,1,1,1,1,0,166
586520,1,0,1,0,0,0,166
586721,0,0,1,1,0,0,166
586813,1,0,0,1,1,0,166
586885,0,0,1,1,0,0,166
586975,1,1,0,0,0,0,166
587168,1,1,1,1,1,0,166
587437,1,1,1,1,1,0,166
587481,0,0,0,0,1,0,166
587560,0,0,1,1,0,0,166
587682,0,0,0,0,1,0,166
587683,0,0,1,1,0,0,166
587754,1,1,1,1,1,0,166
587958,0,1,0,1,0,0,166
588028,0,0,1,1,0,0,166
588213,0,0,0,0,1,0,166
588458,0,0,1,1,0,0,166
588550,1,1,1,1,1,0,166
588655,1,0,1,0,0,0,166
589132,0,1,0,1,0,0,166
589304,1,1,1,1,1,0,166
589698,1,0,1,0,0,0,166
589776,1,1,0,0,0,0,166
589920,1,1,1,1,1,0,83
590352,0,1,1,0,1,0,83
590481,1,0,0,1,1,0,83
590672,0,0,0,0,1,0,83
590821,1,0,0,1,1,0,83
591150,0,1,0,1,0,0,83
591580,1,0,1,0,0,0,83
591678,0,1,0,1,0,0,83
591742,0,1,1,0,1,0,83
591784,0,0,0,0,1,0,83
591878,0,1,1,0,1,0,83
592602,0,0,0,0,1,0,83
592887,1,0,0,1,1,0,83
593050,1,0,1,0,0,0,83
593169,1,1,1,1,1,0,83
593542,1,0,0,1,1,0,83
593612,1,1,0,0,0,0,83
593817,1,1,0,0,0,0,83
594007,0,0,1,1,0,0,83
594407,1,0,0,1,1,0,83
594431,0,0,0,0,1,0,83
594479,1,1,1,1,1,0,83
594811,1,1,1,1,1,0,83
595049,1,1,1,1,1,0,83
595201,0,1,1,0,1,0,83
595926,0,1,1,0,1,0,83
596029,0,0,0,0,1,0,83
596036,0,1,1,0,1,0,83
596644,0,0,1,1,0,0,83
596791,0,0,0,0,1,0,83
596852,1,0,1,0,0,0,83
596882,1,1,0,0,0,0,83
596947,1,0,1,0,0,0,83
597094,1,1,1,1,1,0,83
597325,0,0,1,1,0,0,83
597574,0,0,1,1,0,0,83
598060,0,1,1,0,1,0,83
598540,1,1,1,1,1,0,83
598611,1,1,1,1,1,0,83
598612,1,0,1,0,0,0,83
598703,0,1,1,0,1,0,83
598808,1,0,0,1,1,0,83
599517,1,0,0,1,1,0,83
599965,0,0,0,0,1,0,83
600078,0,0,1,1,0,0,83
600156,0,0,1,1,0,0,83
600242,0,1,1,0,1,0,83
600243,1,1,1,1,1,0,83
601071,1,1,0,0,0,0,83
601250,1,0,1,0,0,0,83
601273,0,0,0,0,1,0,83
601399,0,1,0,1,0,0,83
601877,0,0,1,1,0,0,83
602001,1,1,0,0,0,0,83
602060,1,0,0,1,1,0,83
602246,1,0,0,1,1,0,83
602497,0,0,0,0,1,0,83
602575,1,1,0,0,0,0,83
603015,1,0,0,1,1,0,83
603344,0,1,1,0,1,0,83
603361,0,0,1,1,0,0,83
604009,1,0,1,0,0,0,83
604066,0,1,1,0,1,0,83
604118,1,1,0,0,0,0,83
604444,1,1,1,1,1,0,83
604483,0,0,1,1,0,0,83
604488,1,1,1,1,1,0,83
604537,0,0,1,1,0,0,83
604874,0,0,0,0,1,0,83
604881,0,0,0,0,1,0,83
605354,0,1,1,0,1,0,83
605428,1,1,1,1,1,0,83
606170,0,0,1,1,0,0,83
606181,1,0,0,1,1,0,83
606836,0,1,1,0,1,0,83
606868,1,0,1,0,0,0,83
607185,0,0,0,0,1,0,83
607336,0,1,0,1,0,0,83
607352,1,1,1,1,1,0,83
608185,1,1,0,0,0,0,83
608382,0,1,0,1,0,0,83
608534,0,0,0,0,1,0,83
609149,1,1,0,1,0,0,83
609389,0,1,1,0,1,0,83
609424,1,0,0,1,1,0,83
609640,0,0,1,1,0,0,83
609798,1,1,1,0,1,1,83
609818,0,0,0,0,1,0,83
609923,0,0,0,0,1,0,83
610004,0,0,1,1,0,0,83
610464,1,0,1,0,0,0,83
610515,0,1,0,1,0,0,83
611017,0,1,0,1,0,0,83
611031,0,1,0,1,0,0,83
611155,1,1,0,0,0,0,83
611878,0,1,1,0,1,0,83
611972,0,1,1,0,1,0,83
612029,1,1,1,1,1,0,83
612051,0,1,0,1,0,0,83
612062,0,0,1,1,0,0,83
612691,0,1,0,1,0,0,83
612751,1,0,1,0,0,0,83
613120,1,1,1,1,1,0,83
613869,1,0,1,0,0,0,83
613881,0,1,1,0,1,0,83
613928,0,0,1,1,0,0,83
614212,0,1,1,0,1,0,83
614566,0,0,0,0,1,0,83
614862,0,1,0,1,0,0,83
614957,0,1,0,1,0,0,83
615496,0,1,0,1,0,0,83
615860,0,1,1,0,1,0,83
615965,0,1,1,0,1,0,83
616194,0,1,0,1,0,0,83
616236,0,0,0,0,1,0,83
616920,1,0,0,1,1,0,83
617340,1,0,0,1,1,0,83
618432,1,0,0,1,1,0,83
618499,1,1,0,0,0,0,83
618536,1,1,1,1,1,0,83
618669,0,0,0,0,1,0,83
619028,1,0,0,1,1,0,83
619100,0,0,0,0,1,0,83
619645,1,0,1,0,0,0,83
620067,1,1,1,1,1,0,83
620737,1,0,0,1,1,0,83
620962,0,1,1,0,1,0,83
621286,0,0,1,1,0,0,83
621498,1,1,0,0,0,0,83
621622,1,1,0,0,0,0,83
621784,1,1,1,1,1,0,83
621799,1,0,1,0,0,0,83
621830,1,0,0,1,1,0,83
622165,1,1,1,1,1,0,83
622214,1,1,1,1,1,0,83
622270,1,1,1,1,1,0,83
622454,1,0,0,1,1,0,83
622553,0,1,0,1,0,0,83
622804,1,1,0,0,0,0,83
622842,0,0,1,1,0,0,83
623031,0,1,0,1,0,0,83
623571,1,1,0,0,0,0,83
624916,0,1,1,0,1,0,83
625454,1,1,0,0,0,0,83
625561,1,0,1,0,0,0,83
625607,1,1,0,1,0,0,83
625710,0,1,0,1,0,0,83
626110,1,1,1,1,1,0,83
626251,1,0,1,0,0,0,83
626466,1,1,1,1,1,0,83
626473,0,1,1,0,1,0,83
626611,1,0,1,0,0,0,83
626690,0,0,0,0,1,0,83
626715,0,0,0,0,1,0,83
627343,0,0,0,0,1,0,83
627659,0,0,1,1,0,0,83
627765,1,0,0,1,1,0,83
627811,1,0,0,1,1,0,83
628056,1,0,1,0,0,0,83
628161,1,0,1,0,0,0,83
628252,1,0,0,1,1,0,83
628676,0,1,1,0,1,0,83
629287,1,0,1,0,0,0,83
629436,1,1,1,1,1,0,83
629664,1,0,0,1,1,0,83
629724,0,1,0,1,0,0,83
630049,1,1,0,0,0,0,83
630163,1,0,0,1,1,0,83
631249,1,0,0,1,1,0,83
631298,1,1,0,0,0,0,83
631423,1,1,0,0,0,0,83
631543,1,0,0,1,1,0,83
631558,1,0,1,0,0,0,83
632170,0,0,1,1,0,0,83
632482,0,0,0,0,1,0,83
632515,0,1,1,0,1,0,83
632526,1,0,1,0,0,0,83
632590,1,0,1,0,0,0,83
632601,1,0,0,1,1,0,83
632629,1,1,1,1,1,0,83
632701,1,0,0,1,1,0,83
633039,0,1,0,1,0,0,83
633589,0,0,1,1,0,0,83
633826,0,1,1,0,1,0,83
634105,0,1,0,1,0,0,83
634156,1,1,0,0,0,0,83
634404,0,1,1,0,1,0,83
634406,0,0,0,0,1,0,83
634494,1,0,0,1,1,0,83
634845,0,1,1,0,1,0,83
635230,0,0,1,1,0,0,83
635363,1,0,1,0,0,0,83
635692,0,0,0,0,1,0,83
636000,0,0,0,0,1,0,83
636059,1,0,0,1,1,0,83
636083,1,1,1,1,1,0,83
636249,1,1,1,1,1,0,83
636371,0,1,0,1,0,0,83
636510,0,1,0,1,0,0,83
636763,1,0,0,1,1,0,83
637020,1,0,1,0,0,0,83
637485,0,0,1,1,0,0,83
637806,0,1,0,1,0,0,83
638080,1,0,0,1,1,0,83
638158,1,1,0,0,0,0,83
638227,1,1,1,1,1,0,83
638599,0,0,0,0,1,0,83
638727,0,1,0,1,0,0,83
638875,1,1,0,0,0,0,83
638894,1,0,1,0,0,0,83
639015,0,1,0,1,0,0,83
639137,0,0,0,0,1,0,83
640134,0,0,0,0,1,0,83
640423,1,1,0,0,0,0,83
640716,1,0,0,1,1,0,83
641582,1,0,1,0,0,0,83
641817,0,1,0,1,0,0,83
641938,0,0,0,0,1,0,83
642127,0,0,0,0,1,0,83
642293,1,0,0,1,1,0,83
642754,1,0,1,0,0,0,83
642882,1,0,1,0,0,0,83
643296,0,0,1,1,0,0,83
643315,1,1,0,0,0,0,83
643334,0,0,1,1,0,0,83
644411,1,1,1,1,1,0,83
644511,0,1,0,1,0,0,83
644526,1,0,0,1,1,0,83
644635,0,0,0,0,1,0,83
644830,0,1,1,0,1,0,83
645045,0,1,1,0,1,0,83
645277,1,1,1,1,1,0,83
645364,0,1,0,1,0,0,83
645370,1,1,0,0,0,0,83
645436,1,1,1,1,1,0,83
645705,1,1,0,0,0,0,83
646588,0,1,1,0,1,0,83
647127,0,0,1,1,0,0,83
647245,0,0,1,1,0,0,83
647479,1,0,1,0,0,0,83
647713,0,0,0,0,1,0,83
647765,0,0,1,1,0,0,83
647941,1,1,1,1,1,0,83
648072,1,0,0,1,1,0,83
648084,1,0,1,0,0,0,83
648248,1,1,1,1,1,0,83
648368,1,0,0,1,1,0,83
648431,0,0,1,1,0,0,83
648463,0,0,1,1,0,0,83
648554,0,0,1,1,0,0,83
648651,1,0,1,0,0,0,83
648766,1,1,1,1,1,0,83
648786,0,1,0,1,0,0,83
648796,1,0,1,0,0,0,83
648894,1,1,1,1,1,0,83
649390,0,1,1,0,1,0,83
649403,1,0,1,0,0,0,83
649960,0,0,0,0,1,0,83
650284,0,0,1,1,0,0,83
650430,0,0,0,0,1,0,83
650624,1,0,0,1,1,0,83
650786,1,1,1,1,1,0,83
651090,0,0,0,0,1,0,83
651171,0,0,1,1,0,0,83
651307,1,0,0,1,1,0,83
651415,0,0,1,1,0,0,83
651584,0,1,0,1,0,0,83
651758,1,1,1,1,1,0,83
652010,1,0,0,1,1,0,83
652045,0,1,1,0,1,0,83
652667,0,0,0,0,1,0,83
653025,1,0,0,1,1,0,83
653088,0,1,1,0,1,0,83
653651,0,0,0,0,1,0,83
653732,1,1,1,1,1,0,83
653764,1,0,0,1,1,0,83
654075,1,1,0,0,0,0,83
654141,0,0,0,0,1,0,83
654480,0,1,0,1,0,0,83
654519,1,1,0,0,0,0,83
654788,0,0,1,1,0,0,83
655145,1,1,1,1,1,0,83
655218,0,0,0,0,1,0,83
655433,0,1,0,1,0,0,148
655837,0,0,0,0,1,0,148
655929,0,1,0,1,0,0,148
655934,1,0,0,1,1,0,148
655978,1,0,1,0,0,0,148
656027,1,1,0,0,0,0,148
656396,1,1,1,1,1,0,148
657165,1,1,0,0,0,0,148
657223,0,1,0,1,0,0,148
657418,1,0,1,0,0,0,148
657518,1,1,1,1,1,0,148
657691,1,1,1,1,1,0,148
657736,1,1,1,1,1,0,148
657907,0,1,0,1,0,0,148
657908,1,1,0,0,0,0,148
657957,1,1,1,1,1,0,148
658052,1,0,0,1,1,0,148
658069,0,1,0,1,0,0,148
658155,1,1,1,1,1,0,148
658362,0,0,0,0,1,0,148
658600,0,0,1,1,0,0,148
658612,0,0,1,1,0,0,148
658683,1,0,1,0,0,0,148
658751,1,1,1,1,1,0,148
659011,0,0,0,0,1,0,148
659252,0,0,0,0,1,0,148
659326,1,0,1,0,0,0,148
659438,1,1,0,0,0,0,148
659547,0,1,1,0,1,0,148
659939,1,1,0,0,0,0,148
660150,0,0,0,0,1,0,148
660184,1,1,1,0,1,1,148
660354,0,0,1,1,0,0,148
660487,0,1,1,0,1,0,148
660746,1,0,1,0,0,0,148
660771,0,1,0,1,0,0,148
660917,0,0,0,0,1,0,148
660981,1,1,0,0,0,0,148
661264,1,1,0,0,0,0,148
661385,0,1,0,1,0,0,148
661390,1,0,1,0,0,0,148
661404,1,0,1,0,0,0,148
661602,1,1,0,0,0,0,148
661610,0,0,1,1,0,0,148
662031,0,0,0,0,1,0,148
662190,0,0,1,1,0,0,148
662194,1,1,0,0,0,0,148
662328,1,1,1,1,1,0,148
662430,0,1,1,0,1,0,148
662510,1,1,0,0,0,0,148
662871,0,1,0,1,0,0,148
662896,0,0,0,0,1,0,148
663014,1,0,0,1,1,0,148
663121,0,1,1,0,1,0,148
663436,1,1,0,0,0,0,148
663618,0,0,0,0,1,0,148
663702,1,1,0,0,0,0,148
663801,0,0,1,1,0,0,148
663946,1,0,1,0,0,0,148
663980,1,1,1,1,1,0,148
663983,0,0,0,0,1,0,148
664080,1,1,1,1,1,0,148
664242,0,0,1,1,0,0,148
664619,0,0,1,1,0,0,148
664667,1,1,0,0,0,0,148
664722,1,1,0,0,0,0,148
664723,0,1,1,0,1,0,148
664734,0,0,0,0,1,0,148
665209,0,1,1,0,1,0,148
665232,1,0,1,0,0,0,148
665372,0,1,1,0,1,0,148
665396,1,0,0,1,1,0,148
665410,0,0,0,0,1,0,148
665827,1,0,1,0,0,0,148
665842,1,0,1,0,0,0,148
665940,1,0,0,1,1,0,148
666132,1,1,0,0,0,0,148
666187,1,0,0,1,1,0,148
666568,0,1,1,0,1,0,148
666757,0,0,1,1,0,0,148
666817,1,0,0,1,1,0,148
666974,1,0,1,0,0,0,148
667209,1,1,0,0,0,0,148
667258,1,1,1,1,1,0,148
667283,1,1,0,0,0,0,148
667721,1,1,0,0,0,0,148
667812,0,1,1,0,1,0,148
667832,1,0,1,0,0,0,148
667853,1,1,0,0,0,0,148
667864,1,1,0,0,0,0,148
668102,0,0,1,1,0,0,148
668122,1,1,0,0,0,0,148
668163,0,0,0,0,1,0,148
668270,0,0,0,0,1,0,148
668290,0,0,0,0,1,0,148
668385,0,1,1,0,1,0,148
668471,0,1,1,0,1,0,148
668555,0,0,0,0,1,0,148
668605,0,0,0,0,1,0,148
668647,0,1,0,1,0,0,148
668802,0,0,0,0,1,0,148
668902,0,1,1,0,1,0,148
668999,1,1,0,0,0,0,148
669074,1,0,1,0,0,0,148
669283,0,1,1,0,1,0,148
669297,1,1,1,1,1,0,148
669307,0,0,1,1,0,0,148
669377,1,1,1,1,1,0,148
669573,1,1,0,0,0,0,148
669804,1,0,0,1,1,0,148
670052,1,0,0,1,1,0,148
670194,0,1,1,0,1,0,148
670500,1,0,0,1,1,0,148
670667,1,1,0,0,0,0,148
670754,0,1,0,1,0,0,148
670843,0,1,1,0,1,0,148
670997,1,0,0,1,1,0,148
671150,1,1,1,1,1,0,148
671918,1,1,1,1,1,0,148
671959,0,0,0,0,1,0,148
671973,0,0,0,0,1,0,148
672806,1,0,0,1,1,0,148
672895,1,0,1,0,0,0,148
673120,0,1,0,1,0,0,148
673187,1,0,0,1,1,0,148
673212,0,1,0,1,0,0,148
673229,1,1,1,1,1,0,148
673367,1,1,0,1,0,0,148
673522,1,0,1,0,0,0,148
673675,1,0,0,0,1,1,148
673696,0,1,1,0,1,0,148
673995,0,0,1,1,0,0,148
674060,0,0,0,0,1,0,148
674143,0,0,0,0,1,0,148
674278,1,1,1,1,1,0,148
674603,0,1,1,0,1,0,148
674790,0,0,1,1,0,0,148
674878,1,0,1,0,0,0,148
674926,1,1,1,1,1,0,148
674964,1,1,1,1,1,0,148
675061,0,1,0,1,0,0,148
675451,1,1,0,0,0,0,148
675558,0,1,0,1,0,0,148
675685,1,1,1,1,1,0,148
675889,0,0,0,0,1,0,148
676245,1,0,0,1,1,0,148
676361,0,0,1,1,0,0,148
676421,0,0,0,0,1,0,148
676449,0,0,1,1,0,0,148
676531,0,0,0,0,1,0,148
676603,1,0,1,0,0,0,148
677483,0,0,1,1,0,0,148
677485,1,1,1,1,1,0,148
677615,1,0,0,1,1,0,148
677776,1,1,1,1,1,0,148
678039,1,1,1,1,1,0,148
678261,1,1,1,1,1,0,148
678742,0,0,1,1,0,0,148
678844,0,0,0,0,1,0,148
678851,1,1,1,1,1,0,148
679268,1,1,0,0,0,0,148
679273,1,1,0,0,0,0,148
679534,0,0,1,1,0,0,148
679594,1,0,0,1,1,0,148
679748,0,1,1,0,1,0,148
679781,1,1,0,0,0,0,148
679992,0,1,0,1,0,0,148
680124,0,1,0,1,0,0,148
680185,0,0,1,1,0,0,148
680331,0,1,0,1,0,0,148
680408,1,1,0,0,0,0,148
680420,0,1,0,1,0,0,148
680691,0,0,0,0,1,0,148
680717,1,1,0,0,0,0,148
681413,0,0,0,0,1,0,148
681569,1,1,0,0,0,0,148
681757,1,1,0,0,0,0,148
681843,0,1,1,0,1,0,148
681851,0,1,0,1,0,0,148
682011,1,0,0,1,1,0,148
682500,1,0,1,0,0,0,148
682544,0,1,1,0,1,0,148
682658,0,1,1,0,1,0,148
682785,0,0,1,1,0,0,148
682886,0,1,0,1,0,0,148
683005,0,1,0,1,0,0,148
683254,1,1,1,1,1,0,148
683491,0,1,1,0,1,0,148
683594,0,0,0,0,1,0,148
683665,0,0,0,0,1,0,148
683975,0,0,0,0,1,0,148
684091,0,1,1,0,1,0,148
684528,0,0,1,1,0,0,148
684587,1,1,0,0,0,0,148
684773,1,1,0,0,0,0,148
684814,0,0,1,1,0,0,148
684840,1,0,0,1,1,0,148
684930,1,1,1,1,1,0,148
685010,0,0,1,1,0,0,148
685101,1,1,1,1,1,0,148
685665,1,0,0,1,1,0,148
685801,1,1,0,0,0,0,148
686276,0,0,0,0,1,0,148
686476,0,0,0,0,1,0,148
686541,1,0,1,0,0,0,148
686869,1,1,0,0,0,0,148
686997,1,0,0,1,1,0,148
687072,0,1,0,1,0,0,148
687375,0,1,0,1,0,0,148
687382,0,1,0,1,0,0,148
687572,1,1,0,0,0,0,148
687798,1,1,1,1,1,0,148
687817,0,0,0,0,1,0,148
687854,0,0,0,0,1,0,148
688047,1,1,1,1,1,0,148
688435,1,1,1,1,1,0,148
688508,0,1,1,0,1,0,148
688514,1,0,0,1,1,0,148
688524,0,0,1,1,0,0,148
688747,0,0,1,1,0,0,148
688871,1,1,1,1,1,0,148
688954,1,0,0,1,1,0,148
689087,0,0,0,0,1,0,148
689165,0,0,0,0,1,0,148
689170,0,1,1,0,1,0,148
689346,0,0,0,0,1,0,148
689406,0,0,0,0,1,0,148
689464,1,1,0,0,0,0,148
689480,1,1,1,1,1,0,148
689682,1,1,1,1,1,0,148
689781,0,1,1,0,1,0,148
689806,0,0,0,0,1,0,148
690371,1,1,0,0,0,0,148
690848,0,0,1,1,0,0,148
691351,0,0,1,1,0,0,148
691448,0,0,1,1,0,0,148
691453,1,1,1,1,1,0,148
691466,1,0,1,0,0,0,148
691554,1,1,0,0,0,0,148
691792,0,1,0,1,0,0,148
692137,1,1,1,1,1,0,148
692232,0,1,1,0,1,0,148
692305,0,0,0,0,1,0,148
692459,0,0,0,0,1,0,148
692608,1,1,1,1,1,0,148
692807,1,1,0,0,0,0,148
692943,0,1,1,0,1,0,148
693048,1,0,1,0,0,0,148
693213,1,0,0,1,1,0,148
693285,1,0,1,0,0,0,148
693345,0,1,0,1,0,0,148
693348,1,1,1,1,1,0,148
693587,0,1,1,0,1,0,148
693903,0,1,0,1,0,0,148
693932,1,1,0,0,0,0,148
693965,1,1,0,0,0,0,148
694556,0,1,1,0,1,0,148
694558,1,1,1,1,1,0,148
694608,0,0,0,0,1,0,148
694700,1,0,0,1,1,0,148
694800,0,1,1,0,1,0,148
694916,0,1,0,1,0,0,148
694970,1,0,0,1,1,0,148
695103,0,0,1,1,0,0,148
695133,0,0,0,0,1,0,148
695217,1,1,0,0,0,0,148
695393,1,0,1,0,0,0,148
695529,1,1,0,0,0,0,148
695579,1,1,1,1,1,0,148
695609,1,0,1,0,0,0,148
695903,1,1,0,0,0,0,148
695906,1,0,0,1,1,0,148
696012,0,1,1,0,1,0,148
696087,0,1,0,1,0,0,148
696557,1,0,1,0,0,0,148
696587,1,0,0,1,1,0,148
696705,0,0,1,1,0,0,148
696751,1,1,1,1,1,0,148
696971,0,0,0,0,1,0,148
697041,1,0,1,0,0,0,148
697100,0,1,0,1,0,0,148
697294,1,1,0,0,0,0,148
697472,0,0,0,0,1,0,148
697869,0,0,0,0,1,0,148
697885,1,1,1,1,1,0,148
698012,1,0,0,1,1,0,148
698205,1,1,1,1,1,0,148
698319,1,1,1,1,1,0,148
698399,0,0,0,0,1,0,148
698439,0,1,0,1,0,0,148
698609,1,0,1,0,0,0,148
698935,1,1,1,1,1,0,148
699192,1,0,1,0,0,0,148
699352,1,0,1,0,0,0,148
699503,0,0,0,0,1,0,148
699657,0,1,0,1,0,0,148
699924,1,0,0,1,1,0,148
699941,1,0,0,1,1,0,148
700963,1,1,1,1,1,0,148
701254,0,1,0,1,0,0,148
701266,0,1,1,0,1,0,148
701277,0,1,0,1,0,0,148
701467,1,0,0,1,1,0,148
701548,0,0,1,1,0,0,148
701650,1,1,0,0,0,0,148
701660,0,1,1,0,1,0,148
701700,1,1,1,1,1,0,148
701924,1,0,0,1,1,0,148
702184,0,1,1,0,1,0,148
702226,0,0,0,0,1,0,148
702426,0,0,0,0,1,0,148
702845,1,0,0,1,1,0,148
702869,0,1,0,1,0,0,148
703014,1,1,1,1,1,0,148
703777,0,1,1,0,1,0,148
704139,1,1,0,0,0,0,148
704205,1,1,1,1,1,0,148
704243,1,0,1,0,0,0,148
704496,1,0,1,0,0,0,148
704506,1,1,1,1,1,0,148
704959,0,1,0,1,0,0,148
705360,1,1,0,0,0,0,148
705514,0,0,1,1,0,0,148
705556,0,1,0,1,0,0,148
705782,0,0,1,1,0,0,148
705892,1,1,0,0,0,0,148
705907,0,1,1,1,1,1,148
706026,1,1,1,1,1,0,148
706038,1,1,0,1,0,0,148
706259,1,1,0,0,0,0,148
706439,0,0,0,0,1,0,148
706610,1,1,1,1,1,0,148
706614,0,1,1,0,1,0,148
706629,1,1,1,1,1,0,148
706742,0,1,1,0,1,0,148
706772,1,0,0,1,1,0,148
706944,0,0,0,0,1,0,148
706976,0,1,0,1,0,0,148
707056,1,0,0,1,1,0,148
707245,0,1,0,1,0,0,148
707268,0,1,0,1,0,0,148
707330,1,1,0,0,0,0,148
707419,1,1,0,0,0,0,148
707459,0,0,0,0,1,0,148
707468,1,1,0,0,0,0,148
707510,0,0,0,0,1,0,148
707593,0,1,0,1,0,0,148
707904,1,1,0,0,0,0,148
708405,0,0,1,1,0,0,148
708452,0,1,1,0,1,0,148
708627,0,0,1,1,0,0,148
708658,0,1,0,1,0,0,148
708727,1,1,0,0,0,0,148
708749,1,0,1,0,0,0,148
708795,0,0,1,1,0,0,148
709032,0,1,1,0,1,0,148
709151,0,1,0,1,0,0,148
709329,1,0,1,0,0,0,148
709553,0,1,1,0,1,0,148
709587,1,0,0,1,1,0,148
710150,1,0,0,1,1,0,148
710341,0,0,1,1,0,0,148
710413,1,1,1,1,1,0,148
710492,0,1,1,0,1,0,148
710591,1,1,0,0,0,0,148
710833,0,0,1,1,0,0,148
710898,1,1,0,0,0,0,148
710994,1,1,1,1,1,0,148
711180,0,0,0,0,1,0,148
711195,0,0,1,1,0,0,148
711305,0,0,0,0,1,0,148
711329,1,0,0,1,1,0,148
711482,0,0,1,1,0,0,148
711671,0,0,0,0,1,0,148
711839,1,1,0,0,0,0,148
711870,0,1,0,1,0,0,148
711879,1,1,0,1,0,0,148
712164,0,1,0,1,0,0,148
712169,0,1,1,0,1,0,148
712307,0,1,0,1,0,0,148
712312,0,0,1,1,0,0,148
712641,0,1,0,1,0,0,148
712858,1,1,0,0,0,0,148
712874,0,1,1,0,1,0,148
712906,1,1,1,1,1,0,148
712938,1,0,0,1,1,0,148
713101,1,1,0,0,0,0,148
713353,1,1,1,1,1,0,148
713516,0,0,1,1,0,0,148
713586,0,1,0,1,0,0,148
714065,1,1,0,0,0,0,148
714239,0,1,1,0,1,0,148
714293,1,1,1,1,1,0,148
714435,1,1,0,0,0,0,148
714743,0,0,0,0,1,0,148
715039,1,1,0,0,0,0,148
715411,0,1,1,0,1,0,148
715465,1,1,1,1,1,0,148
715660,1,0,1,0,0,0,148
715945,0,0,1,1,0,0,148
716136,1,1,1,1,1,0,148
716350,0,1,1,0,1,0,148
716576,0,0,0,0,1,0,148
716584,1,0,0,1,1,0,148
716678,1,1,1,1,1,0,148
716680,0,1,0,1,0,0,148
717121,1,1,1,1,1,0,148
717327,0,1,1,0,1,0,148
717405,1,0,1,0,0,0,148
717606,0,0,1,1,0,0,148
717911,1,0,0,1,1,0,148
717923,1,1,0,0,0,0,148
718218,0,0,0,0,1,0,148
718298,1,1,0,0,0,0,148
718914,0,0,1,1,0,0,148
719108,1,0,1,0,0,0,148
719246,0,0,0,0,1,0,148
719406,1,1,0,0,0,0,148
719569,0,0,1,1,0,0,148
719612,0,1,1,0,1,0,148
719672,1,1,1,1,1,0,148
720135,0,1,0,1,0,0,148
720202,1,0,1,0,0,0,148
720256,0,1,1,0,1,0,148
720595,0,1,0,1,0,0,148
720831,0,1,0,1,0,0,148
720853,0,0,1,1,0,0,148
720941,0,1,1,0,1,0,106
721289,0,0,1,1,0,0,106
721686,1,0,1,0,0,0,106
721985,1,0,1,0,0,0,106
722008,1,1,1,1,1,0,106
722043,0,0,0,0,1,0,106
722084,1,0,0,1,1,0,106
722184,0,0,1,1,0,0,106
722199,0,1,0,0,0,0,106
722495,1,0,1,0,0,0,106
723030,1,0,1,0,0,0,106
723031,0,1,1,1,1,1,106
723045,1,0,1,0,0,0,106
723098,0,1,1,0,1,0,106
723188,1,0,0,1,1,0,106
723523,1,0,1,0,0,0,106
723659,0,1,1,0,1,0,106
724046,1,0,1,0,0,0,106
724180,0,1,0,1,0,0,106
724661,0,0,1,1,0,0,106
724829,0,0,1,1,0,0,106
724859,0,1,1,0,1,0,106
725053,0,0,1,1,0,0,106
725246,0,1,0,1,0,0,106
725323,1,1,1,1,1,0,106
725614,0,1,1,0,1,0,106
726068,1,1,1,1,1,0,106
726174,0,1,0,1,0,0,106
726368,0,0,1,1,0,0,106
726485,0,1,1,0,1,0,106
726499,0,1,0,1,0,0,106
726631,0,1,0,1,0,0,106
726634,0,0,0,0,1,0,106
726735,1,1,0,0,0,0,106
726788,1,1,1,0,1,1,106
726801,0,0,0,0,1,0,106
726828,0,1,1,0,1,0,106
727055,1,1,1,1,1,0,106
727172,1,1,1,1,1,0,106
727384,1,0,1,0,0,0,106
727447,1,0,1,0,0,0,106
727960,0,0,0,0,1,0,106
728185,1,0,0,1,1,0,106
728422,1,0,0,1,1,0,106
728482,1,0,0,1,1,0,106
728495,1,1,1,1,1,0,106
728560,0,0,1,1,0,0,106
728583,1,0,1,0,0,0,106
728779,0,1,0,1,0,0,106
728942,0,1,1,0,1,0,106
728982,1,0,0,1,1,0,106
729026,0,0,0,0,1,0,106
729080,0,1,1,0,1,0,106
729284,1,0,0,1,1,0,106
730318,1,1,0,0,0,0,106
730333,1,0,0,1,1,0,106
730505,0,1,1,0,1,0,106
730827,1,1,1,1,1,0,106
730878,1,1,0,0,0,0,106
731063,0,1,1,0,1,0,106
731162,0,1,1,0,1,0,106
731248,0,0,0,0,1,0,106
731507,0,0,0,0,1,0,106
731953,0,1,0,1,0,0,106
731994,1,1,0,0,0,0,106
732230,1,0,1,0,0,0,106
732956,0,0,1,1,0,0,106
733430,0,0,0,0,1,0,106
734052,1,1,1,1,1,0,106
734225,1,1,0,0,0,0,106
734542,1,1,1,1,1,0,106
734607,1,0,1,0,0,0,106
734697,1,0,1,0,0,0,106
734715,1,1,1,1,1,0,106
734967,1,1,1,1,1,0,106
735604,1,1,0,0,0,0,106
735612,0,0,1,1,0,0,106
735694,1,1,0,0,0,0,106
735696,1,1,1,1,1,0,106
735825,1,1,0,0,0,0,106
736021,1,0,0,1,1,0,106
736219,0,1,0,1,0,0,106
736275,1,0,1,1,0,0,106
736313,1,1,1,1,1,0,106
736423,1,1,0,0,0,0,106
736725,0,0,1,1,0,0,106
736732,1,1,0,0,0,0,106
736987,0,1,0,1,0,0,106
737056,1,0,1,0,0,0,106
737644,0,1,1,0,1,0,106
737839,1,1,1,1,1,0,106
738066,1,1,1,1,1,0,106
738189,0,1,1,0,1,0,106
738197,0,1,0,1,0,0,106
738251,1,0,0,1,1,0,106
738278,1,0,0,1,1,0,106
738457,0,0,0,0,1,0,106
738475,1,1,0,0,0,0,106
738701,1,0,0,1,1,0,106
739024,1,1,1,1,1,0,106
739077,0,1,1,0,1,0,106
739090,0,0,1,1,0,0,106
739208,1,1,0,0,0,0,106
739538,1,0,0,1,1,0,106
739785,1,1,1,1,1,0,106
739940,1,0,0,1,1,0,106
740013,1,1,1,1,1,0,106
740455,0,1,0,1,0,0,106
740688,0,1,1,0,1,0,106
740867,1,1,0,0,0,0,106
740889,1,1,1,1,1,0,106
741740,1,1,1,1,1,0,106
742107,0,0,0,0,1,0,106
742389,0,1,1,0,1,0,106
742457,1,1,0,0,0,0,106
742465,0,1,0,1,0,0,106
742643,1,0,0,1,1,0,106
742647,1,1,0,0,0,0,106
742948,1,0,0,1,1,0,106
742960,0,0,1,1,0,0,106
743185,1,0,0,1,1,0,106
743237,1,1,0,0,0,0,106
743240,1,0,1,0,0,0,106
743751,0,0,0,0,1,0,106
743864,1,1,1,1,1,0,106
743953,1,0,0,1,1,0,106
744005,1,1,0,0,0,0,106
744231,0,0,0,0,1,0,106
744248,0,0,0,0,1,0,106
744350,0,0,1,1,0,0,106
744511,1,0,0,1,1,0,106
744523,1,1,0,0,0,0,106
744801,1,0,1,0,0,0,106
744932,1,1,1,1,1,0,106
745316,0,1,1,0,1,0,106
745806,0,0,0,0,1,0,106
745862,1,1,1,1,1,0,106
745888,0,0,1,1,0,0,106
746046,0,0,0,0,1,0,106
746116,1,0,0,0,1,1,106
746122,1,0,1,0,0,0,106
746548,0,0,0,0,1,0,106
746787,1,0,1,0,0,0,106
746995,1,1,0,0,0,0,106
747092,0,1,1,0,1,0,106
747208,1,0,0,1,1,0,106
747235,0,0,1,1,0,0,106
747258,1,0,1,0,0,0,106
747284,1,1,0,0,0,0,106
747293,0,1,0,1,0,0,106
747428,1,1,0,0,0,0,106
747483,0,0,0,0,1,0,106
748183,1,1,0,0,0,0,106
748721,1,0,1,0,0,0,106
748738,1,0,0,1,1,0,106
748842,0,0,0,0,1,0,106
748906,1,1,0,0,0,0,106
748910,1,0,1,0,0,0,106
749757,1,1,0,0,0,0,106
749955,0,1,1,0,1,0,106
750355,0,1,0,1,0,0,106
751011,1,0,1,0,0,0,106
751034,1,1,0,0,0,0,106
751170,1,0,0,1,1,0,106
751287,1,1,0,0,0,0,106
751689,0,0,1,1,0,0,106
752101,0,0,0,0,1,0,106
752685,1,0,0,1,1,0,106
752694,1,1,0,0,0,0,106
753014,1,1,0,1,0,0,106
753092,1,0,0,1,1,0,106
753108,0,0,1,1,0,0,106
753320,1,1,0,0,0,0,106
753366,1,0,1,0,0,0,106
753372,1,1,0,0,0,0,106
753447,1,0,0,1,1,0,106
753782,0,1,1,0,1,0,106
753965,0,0,0,1,1,1,106
754237,1,1,1,1,1,0,106
754415,0,0,1,1,0,0,106
754781,0,0,0,0,1,0,106
755045,0,0,1,1,0,0,106
755246,1,1,0,0,0,0,106
755537,0,1,1,0,1,0,106
755655,1,1,0,0,0,0,106
755794,0,1,0,1,0,0,106
755827,0,0,0,0,1,0,106
755905,0,1,0,1,0,0,106
756284,0,1,0,1,0,0,106
756315,0,1,0,1,0,0,106
756473,0,1,1,0,1,0,106
756505,0,1,1,0,1,0,106
756870,1,1,1,1,1,0,106
757055,1,0,0,1,1,0,106
757138,0,1,0,1,0,0,106
757585,1,0,1,0,0,0,106
757711,0,1,0,1,0,0,106
758266,1,1,0,0,0,0,106
758494,1,0,1,0,0,0,106
758504,1,0,0,1,1,0,106
758677,1,0,0,1,1,0,106
758978,1,0,0,1,1,0,106
759105,1,1,1,1,1,0,106
759384,0,0,1,1,0,0,106
759586,1,1,0,0,0,0,106
759728,0,0,0,0,1,0,106
760942,0,1,1,0,1,0,106
761107,1,0,1,0,0,0,106
761381,0,1,1,0,1,0,106
761507,0,0,1,1,0,0,106
761607,1,1,0,0,0,0,106
761897,1,0,0,1,1,0,106
761948,0,1,1,0,1,0,106
762117,0,1,1,0,1,0,106
762196,0,1,0,1,0,0,106
762541,0,0,1,1,0,0,106
762564,0,0,0,0,1,0,106
762722,0,0,1,1,0,0,106
762824,0,1,1,0,1,0,106
763238,1,1,1,1,1,0,106
763430,1,0,0,1,1,0,106
763765,1,1,0,0,0,0,106
763988,1,0,1,0,0,0,106
764088,1,1,0,0,0,0,106
764480,0,0,0,0,1,0,106
764587,0,1,1,0,1,0,106
764864,1,0,0,1,1,0,106
765185,1,1,1,1,1,0,106
765385,0,0,1,1,0,0,106
765397,1,1,1,1,1,0,106
765564,1,0,0,1,1,0,106
766185,1,0,0,1,1,0,106
766287,0,0,1,1,0,0,106
766628,0,1,0,1,0,0,106
766671,1,0,0,1,1,0,106
766729,0,1,0,1,0,0,106
766900,0,1,1,0,1,0,106
766983,1,1,0,0,0,0,106
767239,1,1,0,0,0,0,106
767751,1,1,0,0,0,0,106
768054,0,1,0,1,0,0,106
768325,1,1,0,0,0,0,106
768385,0,0,0,0,1,0,106
768554,0,1,0,1,0,0,106
768597,1,1,0,0,0,0,106
768741,0,0,1,1,0,0,106
768908,0,1,0,1,0,0,106
768946,0,1,0,1,0,0,106
769057,0,0,1,1,0,0,106
769066,0,1,1,0,1,0,106
769523,0,1,1,0,1,0,106
769640,1,1,0,0,0,0,106
769978,1,0,1,0,0,0,106
770056,1,1,0,0,0,0,106
770161,0,1,0,1,0,0,106
770633,1,0,0,1,1,0,106
770683,0,1,1,0,1,0,106
770813,0,0,1,0,0,0,106
771006,1,0,0,1,1,0,106
771336,0,1,0,1,0,0,106
771780,1,0,0,1,1,0,106
771792,1,1,1,1,1,0,106
772327,1,1,0,0,0,0,106
772555,0,1,1,0,1,0,106
772631,0,1,1,0,1,0,106
772653,1,1,1,1,1,0,106
773487,0,1,0,1,0,0,106
773582,0,0,0,0,1,0,106
773742,0,0,1,1,0,0,106
774008,0,1,1,0,1,0,106
774073,1,1,1,1,1,0,106
774119,1,1,0,0,0,0,106
774167,1,0,1,0,0,0,106
774322,1,1,0,0,0,0,106
774336,1,1,1,1,1,0,106
774586,0,1,1,0,1,0,106
774699,1,1,0,0,0,0,106
774702,1,0,1,0,0,0,106
774711,1,0,0,1,1,0,106
775420,1,0,0,1,1,0,106
775493,0,0,1,1,0,0,106
775548,0,0,1,1,0,0,106
776004,1,1,1,1,1,0,106
776486,0,1,1,0,1,0,106
776995,1,0,1,0,0,0,106
777072,1,0,1,0,0,0,106
777213,1,0,0,1,1,0,106
777243,1,1,0,0,0,0,106
777508,0,0,1,1,0,0,106
777638,0,0,1,1,0,0,106
777685,1,1,1,1,1,0,106
777726,1,1,0,0,0,0,106
777966,0,1,1,0,1,0,106
778756,1,0,1,0,0,0,106
778899,1,1,0,0,0,0,106
779150,1,0,0,1,1,0,106
779297,1,0,1,0,0,0,106
779565,1,1,0,0,0,0,106
779607,1,1,0,0,0,0,106
779771,1,1,0,0,0,0,106
779911,0,1,1,0,1,0,106
779987,1,0,0,1,1,0,106
780620,1,1,1,1,1,0,106
780695,1,0,0,1,1,0,106
780786,0,0,0,0,1,0,106
780889,0,1,0,1,0,0,106
781135,1,1,1,1,1,0,106
781432,0,0,0,0,1,0,106
781678,1,0,1,0,0,0,106
782224,1,1,0,0,0,0,106
782580,1,1,1,1,1,0,106
782668,1,0,0,1,1,0,106
782870,1,0,1,0,0,0,106
783386,0,0,1,1,0,0,106
783452,1,0,1,0,0,0,106
783453,1,0,0,1,1,0,106
783649,1,0,1,0,0,0,106
783891,1,0,0,1,1,0,106
783894,0,0,1,1,0,0,106
784083,1,1,0,0,0,0,106
784116,0,0,1,1,0,0,106
784322,0,1,0,1,0,0,106
784351,1,0,1,0,0,0,106
784454,0,1,1,0,1,0,106
784780,1,1,1,1,1,0,106
785015,1,1,0,0,0,0,106
785652,0,0,1,1,0,0,106
785822,0,1,1,0,1,0,106
785823,0,1,0,1,0,0,106
785878,0,0,0,0,1,0,106
786246,0,1,0,1,0,0,106
786544,0,1,0,1,0,0,113
786665,1,1,0,0,0,0,113
786937,1,1,0,0,0,0,113
787283,0,1,0,1,0,0,113
787295,1,0,0,1,1,0,113
787380,1,1,0,0,0,0,113
787401,1,1,0,0,0,0,113
787555,0,0,0,0,1,0,113
787637,1,1,0,0,0,0,113
788027,1,0,0,1,1,0,113
788219,1,1,1,1,1,0,113
788284,0,0,1,1,0,0,113
788374,0,1,1,0,1,0,113
789020,0,0,1,1,0,0,113
789335,1,1,1,1,1,0,113
789364,1,1,0,0,0,0,113
789514,1,0,1,0,0,0,113
789555,1,0,0,1,1,0,113
789794,1,1,1,1,1,0,113
789832,0,1,1,0,1,0,113
789933,1,1,0,0,0,0,113
789991,1,0,1,0,0,0,113
790085,0,1,0,1,0,0,113
790390,0,1,0,1,0,0,113
790493,0,1,0,1,0,0,113
790838,0,1,0,1,0,0,113
790963,1,0,1,0,0,0,113
791000,0,0,0,0,1,0,113
791187,1,0,0,1,1,0,113
791234,0,0,0,0,1,0,113
791377,1,1,0,0,0,0,113
791602,0,0,1,1,0,0,113
791969,0,1,1,0,1,0,113
791985,0,1,1,0,1,0,113
792240,1,0,1,0,0,0,113
792329,0,0,1,1,0,0,113
792490,0,1,1,0,1,0,113
792576,1,0,1,0,0,0,113
792892,0,1,0,1,0,0,113
793265,0,1,0,1,0,0,113
793422,1,0,1,0,0,0,113
793472,0,0,0,0,1,0,113
793548,0,0,1,1,0,0,113
793573,0,1,1,0,1,0,113
793913,1,1,0,0,0,0,113
794232,0,1,0,1,0,0,113
794383,1,0,1,0,0,0,113
794837,0,0,1,1,0,0,113
795161,1,1,1,1,1,0,113
795454,0,1,1,0,1,0,113
795582,0,1,1,0,1,0,113
795720,1,0,1,0,0,0,113
795828,0,0,1,1,0,0,113
796031,0,1,0,1,0,0,113
796282,1,0,0,1,1,0,113
796375,1,1,1,1,1,0,113
796461,1,0,1,0,0,0,113
796723,1,1,0,0,0,0,113
796773,1,1,1,1,1,0,113
796861,0,0,1,1,0,0,113
797120,0,1,1,0,1,0,113
797520,1,0,1,0,0,0,113
797536,0,1,1,0,1,0,113
797583,0,1,0,1,0,0,113
797613,1,1,1,1,1,0,113
798070,1,1,0,0,0,0,113
798486,1,0,1,0,0,0,113
798582,1,0,1,0,0,0,113
798821,1,1,0,0,0,0,113
799098,0,0,1,1,0,0,113
799102,1,0,0,1,1,0,113
799485,0,0,0,0,1,0,113
799486,1,0,0,1,1,0,113
799556,0,0,1,1,0,0,113
799936,0,0,1,1,0,0,113
799956,1,1,1,1,1,0,113
800175,0,1,0,1,0,0,113
800812,0,1,1,0,1,0,113
800832,1,1,1,1,1,0,113
801307,0,1,1,0,1,0,113
801350,0,0,0,0,1,0,113
801432,0,1,1,0,1,0,113
801465,1,1,1,1,1,0,113
801549,1,1,0,0,0,0,113
801891,0,0,1,1,0,0,113
802015,0,1,1,0,1,0,113
802061,0,1,0,1,0,0,113
802233,0,1,0,1,0,0,113
802640,1,0,1,0,0,0,113
802645,0,1,1,0,1,0,113
803195,1,1,0,0,0,0,113
803293,0,0,1,1,0,0,113
803402,1,1,1,1,1,0,113
803438,1,0,1,0,0,0,113
803505,1,1,0,0,0,0,113
803793,1,0,0,1,1,0,113
803985,1,0,1,0,0,0,113
804520,0,1,1,0,1,0,113
804909,1,1,0,0,0,0,113
804948,0,0,1,1,0,0,113
805835,1,0,1,0,0,0,113
805895,0,1,1,0,1,0,113
806352,1,1,1,1,1,0,113
806411,1,1,1,1,1,0,113
806515,1,1,1,1,1,0,113
806522,1,1,1,1,1,0,113
806542,1,1,0,0,0,0,113
807304,0,1,0,1,0,0,113
807424,0,0,0,0,1,0,113
807592,0,1,0,1,0,0,113
807739,0,1,0,1,0,0,113
808129,0,0,1,1,0,0,113
808362,1,0,1,0,0,0,113
808608,0,1,0,1,0,0,113
808612,0,0,0,0,1,0,113
808620,0,1,1,0,1,0,113
808906,1,1,1,1,1,0,113
809011,0,1,0,1,0,0,113
809589,1,0,1,0,0,0,113
809593,1,0,1,1,0,0,113
810180,0,1,1,0,1,0,113
810512,0,0,1,1,0,0,113
810942,0,1,0,1,0,0,113
811034,1,1,0,0,0,0,113
811086,0,0,0,0,1,0,113
811224,1,0,1,0,0,0,113
811490,0,0,1,1,0,0,113
811632,0,1,0,1,0,0,113
811818,0,1,1,0,1,0,113
811877,1,0,1,0,0,0,113
811969,1,1,0,0,0,0,113
812161,0,0,1,1,0,0,113
812424,1,0,1,0,0,0,113
812429,0,1,0,1,0,0,113
812451,1,1,0,0,0,0,113
812686,0,0,1,1,0,0,113
812732,1,1,0,0,0,0,113
812779,0,1,0,1,0,0,113
812869,0,0,1,1,0,0,113
813012,1,0,0,1,1,0,113
813172,0,1,0,1,0,0,113
813489,1,1,0,0,0,0,113
813491,0,0,0,0,1,0,113
813592,0,0,0,0,1,0,113
813737,0,1,0,1,0,0,113
813740,0,0,0,0,1,0,113
813895,0,0,1,1,0,0,113
814150,0,0,0,0,1,0,113
814223,0,0,0,0,1,0,113
814398,0,1,1,0,1,0,113
814584,0,1,0,1,0,0,113
814609,0,0,0,0,1,0,113
814745,0,0,1,1,0,0,113
814791,0,1,1,0,1,0,113
814862,0,0,0,0,1,0,113
815033,0,1,0,1,0,0,113
815430,1,1,1,1,1,0,113
815710,0,1,0,1,0,0,113
815778,0,0,1,1,0,0,113
815806,1,0,1,0,0,0,113
816100,1,0,0,1,1,0,113
816425,1,0,1,0,0,0,113
816433,1,0,0,1,1,0,113
816956,1,0,0,1,1,0,113
817211,1,0,1,0,0,0,113
817433,1,1,0,0,0,0,113
817499,0,1,0,1,0,0,113
818072,1,1,0,0,0,0,113
818387,0,0,1,1,0,0,113
818499,0,1,0,1,0,0,113
818801,0,1,0,1,0,0,113
819072,0,0,0,0,1,0,113
819395,1,0,1,0,0,0,113
819416,1,0,1,0,0,0,113
819485,1,1,1,1,1,0,113
819520,1,0,1,0,0,0,113
819604,0,0,1,1,0,0,113
819819,0,0,1,1,0,0,113
819920,0,0,0,0,1,0,113
820178,0,1,0,1,0,0,113
820238,0,1,0,1,0,0,113
820449,0,0,1,1,0,0,113
820737,0,1,1,0,1,0,113
820849,1,0,1,0,0,0,113
821450,1,0,1,0,0,0,113
822000,0,1,1,0,1,0,113
822005,1,1,0,0,0,0,113
822194,0,0,1,1,0,0,113
822272,1,1,1,1,1,0,113
822357,0,1,0,1,0,0,113
822383,1,0,0,1,1,0,113
823362,1,1,0,0,0,0,113
823599,1,1,1,1,1,0,113
824046,1,1,0,0,0,0,113
824236,0,0,1,1,0,0,113
824383,1,1,0,0,0,0,113
824618,1,0,1,0,0,0,113
825033,1,1,0,0,0,0,113
825116,0,0,1,1,0,0,113
825236,0,0,1,1,0,0,113
825443,0,0,0,0,1,0,113
825538,0,0,1,1,0,0,113
825926,0,0,1,1,0,0,113
825969,0,0,0,0,1,0,113
826574,0,0,1,1,0,0,113
827100,0,0,0,0,1,0,113
827111,1,1,1,1,1,0,113
827357,0,0,1,1,0,0,113
827827,0,1,0,1,0,0,113
827887,1,0,1,0,0,0,113
828351,1,1,1,1,1,0,113
828367,1,0,1,0,0,0,113
828399,1,1,1,1,1,0,113
828571,1,1,0,0,0,0,113
828637,0,0,1,1,0,0,113
828810,0,1,1,0,1,0,113
829150,0,0,0,0,1,0,113
829439,1,1,0,0,0,0,113
829621,0,0,0,0,1,0,113
829709,0,1,0,1,0,0,113
829831,1,1,0,0,0,0,113
829832,1,0,1,0,0,0,113
829846,0,0,0,0,1,0,113
829929,0,0,1,1,0,0,113
830035,1,1,0,0,0,0,113
830160,1,0,0,1,1,0,113
830187,1,0,0,1,1,0,113
830235,0,1,0,1,0,0,113
830270,0,1,0,1,0,0,113
830553,0,1,1,0,1,0,113
830806,1,0,0,1,1,0,113
830847,1,0,1,0,0,0,113
830903,1,1,1,1,1,0,113
831087,1,1,1,1,1,0,113
831182,1,1,0,0,0,0,113
831394,1,1,0,0,0,0,113
831515,1,0,1,0,0,0,113
831631,1,0,0,1,1,0,113
832045,0,1,0,1,0,0,113
832157,1,0,0,1,1,0,113
832186,1,0,0,1,1,0,113
832196,1,1,1,1,1,0,113
832317,1,0,0,1,1,0,113
832517,0,1,1,0,1,0,113
832569,1,1,1,1,1,0,113
832628,1,0,1,0,0,0,113
832669,0,1,0,1,0,0,113
832740,0,0,0,0,1,0,113
833096,1,1,1,1,1,0,113
833389,0,1,1,0,1,0,113
833471,1,0,1,0,0,0,113
833611,1,1,0,0,0,0,113
833803,0,0,1,1,0,0,113
833928,1,0,0,1,1,0,113
833977,0,1,1,0,1,0,113
834767,0,0,0,0,1,0,113
834836,0,0,0,0,1,0,113
834845,0,0,0,0,1,0,113
834998,0,0,1,1,0,0,113
835007,1,0,1,0,0,0,113
835171,1,0,0,1,1,0,113
835342,0,0,1,1,0,0,113
835857,0,0,0,0,1,0,113
835886,0,0,0,0,1,0,113
836030,0,1,0,1,0,0,113
836066,0,0,0,0,1,0,113
836133,1,1,1,1,1,0,113
836173,1,0,0,1,1,0,113
836880,1,0,0,1,1,0,113
837043,0,0,0,0,1,0,113
837237,1,1,1,1,1,0,113
837305,1,1,0,0,0,0,113
837603,1,0,0,1,1,0,113
837762,1,1,1,1,1,0,113
837920,1,1,0,0,0,0,113
837921,0,1,1,0,1,0,113
838010,0,1,0,1,0,0,113
838373,0,0,0,0,1,0,113
838443,0,0,0,0,1,0,113
838457,1,0,1,0,0,0,113
838672,1,1,0,0,0,0,113
838897,1,0,0,1,1,0,113
838972,0,1,0,1,0,0,113
839078,1,1,0,0,0,0,113
839285,0,1,0,1,0,0,113
839608,1,0,0,1,1,0,113
839770,0,0,0,0,1,0,113
839961,1,1,1,1,1,0,113
840583,1,0,0,1,1,0,113
840775,1,1,1,0,1,1,113
840945,0,1,1,0,1,0,113
841066,1,1,0,0,0,0,113
841160,1,1,0,0,0,0,113
841310,0,0,1,1,0,0,113
841346,1,0,0,1,1,0,113
841507,1,0,0,1,1,0,113
842562,1,1,0,0,0,0,113
842860,0,1,1,0,1,0,113
843501,1,1,1,1,1,0,113
843634,0,1,1,0,1,0,113
843859,0,0,1,1,0,0,113
844010,0,0,0,0,1,0,113
844251,0,1,1,0,1,0,113
844311,0,0,1,1,0,0,113
844478,0,0,1,1,0,0,113
844582,1,0,1,0,0,0,113
844699,0,0,0,0,1,0,113
844754,1,1,1,1,1,0,113
845354,1,0,1,0,0,0,113
845485,0,0,1,1,0,0,113
845622,1,1,1,1,1,0,113
845757,0,0,0,0,1,0,113
846001,0,0,1,1,0,0,113
846333,1,0,1,0,0,0,113
846425,0,0,0,0,1,0,113
846646,1,0,1,0,0,0,113
846674,1,0,0,1,1,0,113
846702,1,0,1,0,0,0,113
846879,0,1,0,1,0,0,113
847114,0,0,0,0,1,0,113
847181,1,0,0,1,1,0,113
847331,1,0,1,0,0,0,113
847550,0,0,0,0,1,0,113
847798,1,0,0,1,1,0,113
848000,1,0,1,0,0,0,113
848021,1,1,0,0,0,0,113
848364,1,0,1,0,0,0,113
848474,1,1,1,1,1,0,113
848554,0,0,0,0,1,0,113
848704,0,1,1,0,1,0,113
848758,1,1,0,0,0,0,113
848767,1,1,1,1,1,0,113
848772,1,0,1,1,0,0,113
848839,1,0,0,1,1,0,113
848841,1,0,0,1,1,0,113
848886,0,0,0,0,1,0,113
848997,1,1,0,0,0,0,113
849020,1,0,0,1,1,0,113
849335,1,1,1,1,1,0,113
849370,0,0,0,0,1,0,113
849389,0,0,1,0,0,0,113
849425,0,1,0,1,0,0,113
849447,1,0,1,0,0,0,113
849448,0,1,1,0,1,0,113
849853,0,0,1,1,0,0,113
849862,1,1,0,0,0,0,113
850083,0,1,0,1,0,0,113
850247,1,1,1,1,1,0,113
850265,1,0,0,1,1,0,113
850305,0,0,0,0,1,0,113
850637,0,1,0,1,0,0,113
850702,0,0,0,0,1,0,113
850760,1,1,0,0,0,0,113
850916,1,0,1,0,0,0,113
851193,0,0,1,1,0,0,113
851656,1,1,1,1,1,0,113
851743,1,1,1,1,1,0,113
851769,1,0,0,1,1,0,113
852256,1,1,1,1,1,0,134
852324,0,1,1,0,1,0,134
852383,1,1,1,1,1,0,134
852458,1,0,0,1,1,0,134
853434,1,1,1,1,1,0,134
853847,1,0,0,1,1,0,134
854094,1,0,1,0,0,0,134
854651,0,1,0,1,0,0,134
854667,1,0,0,1,1,0,134
855054,0,1,0,1,0,0,134
855245,0,0,0,0,1,0,134
855301,1,1,1,1,1,0,134
855467,0,0,1,1,0,0,134
855604,1,1,1,1,1,0,134
855687,1,0,1,0,0,0,134
855858,0,1,0,1,0,0,134
855866,1,1,0,0,0,0,134
856011,1,0,0,1,1,0,134
856036,0,0,1,1,0,0,134
856149,0,1,1,0,1,0,134
856396,1,1,1,1,1,0,134
856422,0,0,1,1,0,0,134
856602,0,0,1,1,0,0,134
856741,0,0,1,1,0,0,134
856787,0,0,1,1,0,0,134
856936,1,1,0,0,0,0,134
857064,0,0,1,1,0,0,134
857435,1,1,0,0,0,0,134
857536,0,1,1,0,1,0,134
857811,0,0,1,1,0,0,134
857881,0,0,1,1,0,0,134
858037,1,1,0,0,0,0,134
858284,0,0,0,0,1,0,134
858377,1,0,1,0,0,0,134
858449,0,1,1,0,1,0,134
858586,0,1,1,0,1,0,134
858601,1,0,0,1,1,0,134
858846,1,1,1,1,1,0,134
859568,0,1,0,1,0,0,134
859914,0,1,0,1,0,0,134
860157,1,0,0,1,1,0,134
860229,1,1,0,0,0,0,134
860310,0,1,1,0,1,0,134
860358,1,1,0,0,0,0,134
860561,1,0,0,1,1,0,134
860594,0,1,1,0,1,0,134
861025,0,1,1,0,1,0,134
861198,0,0,0,0,1,0,134
861301,1,0,0,1,1,0,134
861400,0,0,1,1,0,0,134
861445,0,0,1,1,0,0,134
861760,0,0,0,0,1,0,134
861841,0,1,0,1,0,0,134
861910,0,1,0,1,0,0,134
861969,0,0,0,0,1,0,134
862007,1,1,1,1,1,0,134
862156,1,0,0,1,1,0,134
862251,0,0,1,1,0,0,134
862506,0,1,1,0,1,0,134
862628,0,1,1,0,1,0,134
862812,0,1,0,1,0,0,134
862833,0,1,0,1,0,0,134
862892,1,0,0,1,1,0,134
863059,0,1,1,0,1,0,134
863179,1,1,0,0,0,0,134
863310,0,1,1,0,1,0,134
863923,1,0,1,0,0,0,134
864514,0,0,1,1,0,0,134
864850,1,1,0,1,0,0,134
864981,0,0,1,1,0,0,134
865182,0,0,1,1,0,0,134
865190,0,1,0,1,0,0,134
865308,0,0,1,1,0,0,134
865328,0,1,0,1,0,0,134
865332,1,0,0,1,1,0,134
865462,0,0,0,0,1,0,134
865754,0,0,0,0,1,0,134
865945,1,0,1,0,0,0,134
866051,0,0,1,1,0,0,134
866145,1,0,1,0,0,0,134
866271,1,0,0,1,1,0,134
866281,1,0,0,1,1,0,134
866282,1,0,1,0,0,0,134
866315,0,0,1,1,0,0,134
866950,0,0,0,0,1,0,134
866985,0,1,1,0,1,0,134
867064,0,0,0,0,1,0,134
867068,1,0,1,0,0,0,134
867155,0,0,0,0,1,0,134
867383,1,1,0,0,0,0,134
867416,1,1,1,1,1,0,134
867506,0,1,0,1,0,0,134
867573,1,1,1,1,1,0,134
867703,1,0,1,0,0,0,134
867797,0,1,0,1,0,0,134
867874,1,1,1,1,1,0,134
867888,1,0,0,1,1,0,134
868204,1,0,0,1,1,0,134
868471,1,0,1,0,0,0,134
868754,1,1,1,1,1,0,134
869121,0,1,1,0,1,0,134
869188,0,1,1,0,1,0,134
869468,1,0,1,0,0,0,134
869840,0,1,0,1,0,0,134
870015,0,0,1,1,0,0,134
870087,1,1,0,0,0,0,134
870090,1,1,0,0,0,0,134
870305,0,0,0,0,1,0,134
870306,1,1,1,1,1,0,134
870624,1,0,1,0,0,0,134
870778,0,0,0,0,1,0,134
870782,0,1,1,0,1,0,134
870792,0,1,0,1,0,0,134
871519,0,0,0,0,1,0,134
871550,0,0,1,1,0,0,134
871565,0,1,0,1,0,0,134
872340,1,0,1,0,0,0,134
872367,0,0,0,0,1,0,134
872553,1,1,1,1,1,0,134
872658,1,0,1,0,0,0,134
872857,0,0,0,0,1,0,134
873221,1,0,0,1,1,0,134
873410,1,0,0,1,1,0,134
873894,0,1,0,1,0,0,134
874037,0,1,1,0,1,0,134
874126,1,0,0,1,1,0,134
874138,0,0,0,0,1,0,134
874401,1,1,1,1,1,0,134
874471,0,1,1,0,1,0,134
874873,1,1,0,0,0,0,134
874896,0,0,0,0,1,0,134
874936,1,1,0,0,0,0,134
875025,1,0,1,0,0,0,134
875183,1,1,0,0,0,0,134
875291,1,0,0,1,1,0,134
875355,0,0,1,1,0,0,134
875390,0,0,0,0,1,0,134
875423,1,0,1,0,0,0,134
875457,1,0,1,0,0,0,134
875820,0,1,0,1,0,0,134
875865,0,0,0,0,1,0,134
875957,0,0,0,0,1,0,134
876180,1,0,1,0,0,0,134
876257,0,0,1,1,0,0,134
876282,0,1,0,1,0,0,134
876395,0,1,0,1,0,0,134
876431,1,1,1,1,1,0,134
876570,1,1,0,0,0,0,134
876612,1,1,1,1,1,0,134
876664,1,1,1,1,1,0,134
876742,0,0,1,1,0,0,134
877044,1,0,1,0,0,0,134
877132,0,1,1,0,1,0,134
877139,1,0,1,0,0,0,134
877234,0,1,1,0,1,0,134
877583,1,1,0,0,0,0,134
877644,0,0,0,0,1,0,134
877732,0,0,1,1,0,0,134
877772,0,0,1,1,0,0,134
877907,1,1,0,0,0,0,134
877968,0,0,1,1,0,0,134
878002,0,0,0,0,1,0,134
878372,0,0,0,0,1,0,134
878475,1,0,1,0,0,0,134
878539,0,0,1,1,0,0,134
879104,0,0,1,1,0,0,134
879118,1,1,0,0,0,0,134
879548,0,0,1,1,0,0,134
879866,0,0,0,0,1,0,134
880003,0,0,0,0,1,0,134
880049,0,0,1,1,0,0,134
880193,0,0,1,1,0,0,134
880558,1,1,1,1,1,0,134
880680,1,0,0,1,1,0,134
880686,1,0,0,1,1,0,134
880903,1,1,1,1,1,0,134
880909,1,1,1,1,1,0,134
881019,1,1,1,1,1,0,134
881294,0,1,0,1,0,0,134
881334,1,1,1,1,1,0,134
881754,0,0,0,0,1,0,134
882278,1,1,1,1,1,0,134
882604,0,0,0,0,1,0,134
882616,1,0,1,0,0,0,134
882887,1,0,0,1,1,0,134
883138,0,1,0,1,0,0,134
883301,0,0,0,0,1,0,134
883347,1,0,0,1,1,0,134
883566,0,1,0,1,0,0,134
883570,1,1,1,1,1,0,134
883806,1,0,1,0,0,0,134
884489,1,0,1,0,0,0,134
884518,1,1,1,1,1,0,134
884550,1,1,0,0,0,0,134
884603,0,0,1,1,0,0,134
884972,1,1,0,0,0,0,134
884997,1,0,0,1,1,0,134
885035,0,1,1,0,1,0,134
885183,1,0,0,1,1,0,134
885214,1,0,0,1,1,0,134
885557,1,0,1,0,0,0,134
885588,1,0,1,0,0,0,134
885611,0,0,0,0,1,0,134
885793,1,1,1,1,1,0,134
885875,1,0,1,1,0,0,134
886140,0,1,1,0,1,0,134
886155,1,1,0,0,0,0,134
886808,0,0,1,1,0,0,134
886949,1,0,1,0,0,0,134
887099,0,0,0,0,1,0,134
887260,1,1,1,0,1,1,134
887279,0,1,0,1,0,0,134
887632,1,1,1,1,1,0,134
887677,1,1,0,0,0,0,134
887917,0,0,0,0,1,0,134
887920,0,0,0,0,1,0,134
888037,1,1,0,0,0,0,134
888096,1,0,1,0,0,0,134
888125,0,0,1,1,0,0,134
888221,1,0,1,0,0,0,134
888362,1,1,1,1,1,0,134
888526,0,0,1,1,0,0,134
889008,1,0,1,0,0,0,134
889145,1,1,1,1,1,0,134
889422,1,1,1,1,1,0,134
889495,0,0,0,0,1,0,134
889515,1,0,0,1,1,0,134
890381,0,0,1,1,0,0,134
890975,0,1,0,1,0,0,134
891052,1,0,0,1,1,0,134
891134,1,0,1,0,0,0,134
891373,1,1,1,1,1,0,134
891383,0,1,1,0,1,0,134
891472,0,0,0,0,1,0,134
891677,0,0,1,1,0,0,134
892012,0,0,1,1,0,0,134
892122,0,1,0,1,0,0,134
892156,0,0,1,1,0,0,134
892446,0,1,0,0,0,0,134
892571,0,1,1,0,1,0,134
892621,1,1,1,1,1,0,134
892688,0,1,1,0,1,0,134
892817,1,0,1,0,0,0,134
893025,0,1,0,1,0,0,134
893029,1,1,1,1,1,0,134
893158,0,1,1,0,1,0,134
893410,0,1,0,1,0,0,134
893498,1,0,0,1,1,0,134
893821,1,0,1,0,0,0,134
893941,1,1,0,0,0,0,134
893989,1,1,0,0,0,0,134
894103,1,0,0,1,1,0,134
894364,1,0,1,0,0,0,134
894371,0,1,0,1,0,0,134
894598,1,0,0,1,1,0,134
894655,0,1,0,1,0,0,134
894658,1,0,1,0,0,0,134
894716,1,0,0,1,1,0,134
894927,1,1,1,1,1,0,134
895031,1,0,0,1,1,0,134
895152,0,1,1,0,1,0,134
895187,1,1,1,1,1,0,134
895203,1,0,1,0,0,0,134
895659,0,1,1,0,1,0,134
895927,1,0,0,1,1,0,134
896154,1,0,1,0,0,0,134
896220,0,0,1,1,0,0,134
896230,0,0,1,1,0,0,134
896610,0,0,0,0,1,0,134
896707,1,1,1,1,1,0,134
896725,0,1,1,0,1,0,134
896898,1,1,1,1,1,0,134
897022,0,0,0,0,1,0,134
897174,0,0,1,1,0,0,134
897341,1,1,1,1,1,0,134
897600,0,0,0,0,1,0,134
897692,0,1,0,1,0,0,134
897833,0,0,0,0,1,0,134
898223,1,1,0,0,0,0,134
898754,1,1,0,0,0,0,134
898832,0,1,1,0,1,0,134
898843,1,0,0,1,1,0,134
898895,1,1,0,0,0,0,134
898974,0,1,1,0,1,0,134
899249,1,0,0,1,1,0,134
899280,0,1,0,1,0,0,134
899756,0,0,1,1,0,0,134
899778,1,1,1,1,1,0,134
899866,1,1,0,0,0,0,134
899875,1,0,1,0,0,0,134
900152,0,1,1,0,1,0,134
900161,1,1,0,0,0,0,134
900195,0,0,1,1,0,0,134
900288,0,0,0,0,1,0,134
900298,0,1,1,0,1,0,134
900467,1,1,0,0,0,0,134
900603,0,0,1,1,0,0,134
900920,1,0,0,1,1,0,134
901019,0,0,1,1,0,0,134
901020,0,1,1,0,1,0,134
901050,1,0,1,0,0,0,134
901263,1,0,1,0,0,0,134
901295,0,1,1,0,1,0,134
901329,1,0,0,1,1,0,134
901408,0,1,0,1,0,0,134
901470,1,1,1,1,1,0,134
901686,0,0,0,0,1,0,134
902218,0,0,1,1,0,0,134
902268,1,1,1,1,1,0,134
902334,1,0,1,0,0,0,134
902442,0,0,1,1,0,0,134
902654,0,1,1,1,1,1,134
902890,0,0,1,1,0,0,134
902981,1,0,0,1,1,0,134
903097,1,0,0,1,1,0,134
903166,1,0,0,1,1,0,134
903198,0,1,1,0,1,0,134
903427,0,0,1,1,0,0,134
903444,0,1,1,0,1,0,134
903481,1,0,1,0,0,0,134
903698,1,0,0,1,1,0,134
903806,0,1,0,1,0,0,134
903920,0,0,0,0,1,0,134
904187,1,1,1,1,1,0,134
904293,1,1,1,1,1,0,134
904617,1,0,1,0,0,0,134
905086,1,1,0,0,0,0,134
905616,1,1,0,0,0,0,134
905748,0,1,0,1,0,0,134
905826,0,0,1,1,0,0,134
905912,1,1,1,1,1,0,134
905943,1,0,1,0,0,0,134
906184,1,0,0,1,1,0,134
906490,0,0,0,0,1,0,134
906691,0,0,0,0,1,0,134
906809,0,1,0,1,0,0,134
907017,1,1,1,1,1,0,134
907138,0,1,0,1,0,0,134
907326,1,1,0,0,0,0,134
907798,1,1,0,0,0,0,134
908112,0,0,0,0,1,0,134
908491,1,1,1,1,1,0,134
908638,0,0,0,0,1,0,134
908702,0,1,1,0,1,0,134
908847,0,1,1,0,1,0,134
909418,0,0,1,1,0,0,134
909545,1,0,0,1,1,0,134
909741,1,0,0,1,1,0,134
909765,1,0,0,1,1,0,134
909963,0,1,0,1,0,0,134
910015,1,1,0,0,0,0,134
910121,0,0,0,0,1,0,134
910272,0,0,0,0,1,0,134
910330,1,1,0,0,0,0,134
910608,1,1,1,1,1,0,134
910681,0,1,0,1,0,0,134
910909,1,0,0,1,1,0,134
910911,0,1,1,0,1,0,134
911681,1,1,0,0,0,0,134
911732,1,0,0,1,1,0,134
911834,0,0,0,0,1,0,134
911842,1,0,1,0,0,0,134
911879,1,0,1,0,0,0,134
912122,1,0,0,1,1,0,134
912810,0,0,0,0,1,0,134
913270,1,1,0,0,0,0,134
913283,0,0,0,0,1,0,134
913444,1,0,0,1,1,0,134
913491,0,1,0,1,0,0,134
913515,1,0,0,1,1,0,134
913518,1,0,1,0,0,0,134
913534,0,1,0,1,0,0,134
913543,1,0,0,1,1,0,134
913622,0,1,0,1,0,0,134
913665,1,1,0,0,0,0,134
913808,1,1,0,0,0,0,134
913912,1,0,1,0,0,0,134
914077,0,1,0,1,0,0,134
914245,0,0,0,0,1,0,134
914332,1,1,0,0,0,0,134
914358,1,1,0,0,0,0,134
914521,0,0,1,1,0,0,134
914592,0,0,0,0,1,0,134
914678,0,1,0,1,0,0,134
915043,0,0,0,0,1,0,134
915058,1,0,1,0,0,0,134
915068,0,0,1,1,0,0,134
915276,0,1,0,1,0,0,134
915283,1,1,1,1,1,0,134
915516,1,1,0,0,0,0,134
915570,0,1,1,0,1,0,134
915578,1,0,1,0,0,0,134
915718,1,0,0,1,1,0,134
916052,0,0,0,0,1,0,134
916117,0,1,1,0,1,0,134
916236,0,1,0,0,0,0,134
916252,1,1,1,1,1,0,134
916378,1,1,1,1,1,0,134
916411,1,0,1,0,0,0,134
916530,0,1,1,0,1,0,134
916539,1,1,1,1,1,0,134
916659,1,0,1,0,0,0,134
916683,1,1,1,1,1,0,134
916716,0,0,0,0,1,0,134
916812,0,1,1,0,1,0,134
917352,1,1,0,0,0,0,134
917353,1,1,1,1,1,0,134
917585,1,0,0,1,1,0,98
917624,1,1,1,1,1,0,98
917658,1,0,1,0,0,0,98
917877,0,1,0,1,0,0,98
918099,1,0,1,0,0,0,98
918277,0,1,1,0,1,0,98
918320,1,0,1,0,0,0,98
918568,0,0,0,0,1,0,98
918910,0,1,1,0,1,0,98
918972,0,0,1,1,0,0,98
919271,1,1,0,0,0,0,98
919437,1,1,1,1,1,0,98
919762,1,0,0,1,1,0,98
919813,0,1,0,1,0,0,98
919914,0,0,0,0,1,0,98
919990,1,0,1,0,0,0,98
920185,0,1,0,1,0,0,98
920212,1,0,1,0,0,0,98
920941,0,1,1,0,1,0,98
921178,0,1,0,1,0,0,98
921484,1,1,1,1,1,0,98
921606,0,0,0,0,1,0,98
922099,0,1,1,0,1,0,98
922398,0,0,0,0,1,0,98
922688,0,1,0,1,0,0,98
922824,1,0,0,1,1,0,98
923231,1,1,1,1,1,0,98
923290,0,0,1,1,0,0,98
923314,1,1,1,1,1,0,98
923518,0,1,1,0,1,0,98
924101,0,0,1,1,0,0,98
924463,1,1,1,1,1,0,98
924499,1,0,1,0,0,0,98
924530,1,0,0,1,1,0,98
924613,1,0,1,0,0,0,98
924855,1,1,0,0,0,0,98
924857,0,1,1,0,1,0,98
924954,0,1,1,0,1,0,98
925139,1,1,0,0,0,0,98
925181,1,0,0,1,1,0,98
925349,1,0,0,1,1,0,98
925350,0,1,1,0,1,0,98
925583,1,0,0,1,1,0,98
925798,1,0,1,0,0,0,98
926133,0,1,1,0,1,0,98
926556,0,0,1,1,0,0,98
926568,0,0,1,1,0,0,98
926982,0,0,0,0,1,0,98
927078,0,0,0,0,1,0,98
927133,0,0,1,0,0,0,98
927318,1,1,0,0,0,0,98
927791,0,0,0,0,1,0,98
928661,1,1,0,0,0,0,98
928912,0,1,0,1,0,0,98
929182,1,0,1,0,0,0,98
929219,0,1,0,1,0,0,98
929963,0,0,0,0,1,0,98
930198,1,1,0,0,0,0,98
930597,1,1,1,1,1,0,98
930608,1,0,1,0,0,0,98
931043,0,0,0,0,1,0,98
931285,0,1,1,1,1,1,98
931731,1,1,1,1,1,0,98
931854,0,1,1,0,1,0,98
932175,1,0,0,1,1,0,98
932295,1,1,1,1,1,0,98
932403,0,0,1,1,0,0,98
932432,1,1,1,1,1,0,98
933426,0,1,1,0,1,0,98
933555,1,0,1,0,0,0,98
933654,0,0,0,0,1,0,98
933673,1,1,0,0,0,0,98
933712,1,1,1,1,1,0,98
933842,0,1,0,1,0,0,98
933978,0,1,0,1,0,0,98
934579,0,1,1,0,1,0,98
934615,1,0,1,0,0,0,98
934677,1,0,0,1,1,0,98
935179,1,0,1,0,0,0,98
935431,1,1,1,1,1,0,98
935883,0,0,1,1,0,0,98
935958,1,0,1,0,0,0,98
936263,1,0,0,1,1,0,98
936592,1,0,1,0,0,0,98
936977,0,0,0,0,1,0,98
937042,0,1,0,1,0,0,98
937133,1,0,0,1,1,0,98
937357,0,1,1,0,1,0,98
937416,1,1,0,0,0,0,98
937417,1,0,0,1,1,0,98
937440,1,1,0,0,0,0,98
937488,1,0,0,1,1,0,98
937906,0,0,1,1,0,0,98
938146,1,0,0,1,1,0,98
938286,1,1,1,1,1,0,98
938352,0,1,1,0,1,0,98
938759,0,0,1,1,0,0,98
938939,0,0,1,1,0,0,98
939217,1,0,1,0,0,0,98
939653,0,0,0,0,1,0,98
939732,0,0,0,1,1,1,98
940890,1,0,0,1,1,0,98
940936,1,0,1,0,0,0,98
941287,0,1,1,0,1,0,98
941865,0,0,0,0,1,0,98
942281,1,0,1,0,0,0,98
942493,1,1,1,1,1,0,98
942598,1,1,0,0,0,0,98
942745,1,1,0,0,0,0,98
943305,1,0,1,0,0,0,98
943544,1,0,1,0,0,0,98
943975,1,1,1,1,1,0,98
944035,0,1,1,0,1,0,98
944713,1,1,0,0,0,0,98
945441,0,1,1,0,1,0,98
945514,0,0,1,1,0,0,98
945739,0,0,1,1,0,0,98
945756,1,1,0,0,0,0,98
945840,1,0,0,1,1,0,98
945921,0,1,0,1,0,0,98
946096,0,0,0,0,1,0,98
946098,0,1,1,0,1,0,98
946186,0,1,1,0,1,0,98
946462,1,0,0,1,1,0,98
946627,0,0,1,1,0,0,98
947007,1,0,0,1,1,0,98
947065,0,1,1,0,1,0,98
947416,1,0,0,1,1,0,98
947912,1,1,0,0,0,0,98
948788,0,1,0,1,0,0,98
948859,0,1,1,0,1,0,98
948963,1,0,1,0,0,0,98
949021,1,0,1,0,0,0,98
949267,0,0,1,1,0,0,98
949516,0,1,1,0,1,0,98
949637,0,1,0,1,0,0,98
949774,0,1,1,0,1,0,98
950399,1,1,1,1,1,0,98
950713,1,0,1,0,0,0,98
950736,0,1,0,1,0,0,98
951693,1,0,1,0,0,0,98
951804,0,0,0,0,1,0,98
952068,0,0,1,1,0,0,98
952150,1,1,1,1,1,0,98
952364,1,1,0,0,0,0,98
952788,0,1,1,0,1,0,98
952937,1,1,0,0,0,0,98
953271,0,0,0,0,1,0,98
953442,0,0,0,1,1,1,98
953689,0,0,1,1,0,0,98
953727,0,0,1,1,0,0,98
954005,1,0,0,1,1,0,98
954227,0,0,1,1,0,0,98
954692,0,1,0,1,0,0,98
954855,0,0,0,0,1,0,98
954890,1,1,1,1,1,0,98
955212,1,0,0,1,1,0,98
955329,1,0,0,1,1,0,98
955477,1,1,1,1,1,0,98
955579,1,0,0,1,1,0,98
956131,1,0,1,0,0,0,98
956330,1,0,0,1,1,0,98
956363,1,1,1,1,1,0,98
956644,0,0,0,0,1,0,98
956869,1,1,0,0,0,0,98
957066,0,1,1,0,1,0,98
957228,0,0,0,0,1,0,98
957622,1,0,1,0,0,0,98
957811,1,0,1,0,0,0,98
957975,0,1,1,0,1,0,98
958227,0,1,1,0,1,0,98
958406,1,0,1,0,0,0,98
958950,1,1,0,0,0,0,98
959172,0,1,1,0,1,0,98
959430,0,0,0,0,1,0,98
960544,1,1,0,0,0,0,98
960617,0,0,0,0,1,0,98
960649,1,1,0,0,0,0,98
960809,0,1,1,1,1,1,98
960826,0,0,1,1,0,0,98
960918,1,1,1,1,1,0,98
961146,0,0,0,0,1,0,98
961256,1,1,1,1,1,0,98
961283,0,1,0,1,0,0,98
961341,0,1,0,1,0,0,98
961676,1,0,1,0,0,0,98
961969,1,0,1,0,0,0,98
962105,0,0,1,1,0,0,98
962237,0,0,1,1,0,0,98
962393,0,0,1,1,0,0,98
962477,1,1,0,0,0,0,98
962613,1,0,0,1,1,0,98
962615,1,0,0,1,1,0,98
962646,1,0,0,1,1,0,98
962739,1,0,0,1,1,0,98
963112,0,1,0,1,0,0,98
963413,0,1,1,0,1,0,98
963771,0,0,0,0,1,0,98
964203,0,0,0,0,1,0,98
964558,0,0,0,0,1,0,98
964616,0,1,0,1,0,0,98
964649,1,0,1,0,0,0,98
965050,1,0,1,0,0,0,98
965128,1,0,1,0,0,0,98
965508,0,1,0,1,0,0,98
965772,0,1,1,0,1,0,98
965894,1,0,0,1,1,0,98
965921,0,0,1,1,0,0,98
966300,0,0,0,0,1,0,98
966802,1,1,0,0,0,0,98
966963,1,1,0,0,0,0,98
967115,1,1,1,1,1,0,98
967431,0,1,0,1,0,0,98
967531,0,0,0,0,1,0,98
968009,1,0,1,0,0,0,98
968355,0,0,1,1,0,0,98
968737,1,1,0,0,0,0,98
968796,1,1,0,0,0,0,98
968839,0,0,0,0,1,0,98
968891,0,1,1,0,1,0,98
968937,1,1,1,1,1,0,98
969150,1,1,0,0,0,0,98
969249,1,0,1,0,0,0,98
969251,1,1,0,0,0,0,98
969262,0,1,0,1,0,0,98
969409,1,1,1,1,1,0,98
969924,1,1,1,1,1,0,98
970030,1,0,1,0,0,0,98
970369,0,1,0,1,0,0,98
970626,0,1,1,0,1,0,98
970655,1,0,0,1,1,0,98
970807,0,0,0,0,1,0,98
970911,1,1,1,1,1,0,98
970942,1,1,0,0,0,0,98
971108,1,1,0,0,0,0,98
971456,1,1,0,0,0,0,98
971616,0,0,0,0,1,0,98
971691,1,0,1,0,0,0,98
971692,0,0,0,0,1,0,98
971827,0,0,1,1,0,0,98
971885,0,1,1,0,1,0,98
972841,1,1,1,1,1,0,98
973135,0,1,0,1,0,0,98
973275,0,1,1,0,1,0,98
973286,0,1,0,1,0,0,98
973291,0,1,0,1,0,0,98
973723,1,0,1,0,0,0,98
974007,1,0,1,0,0,0,98
974534,0,1,0,1,0,0,98
974804,0,1,1,0,1,0,98
975065,0,0,1,1,0,0,98
975195,0,1,0,1,0,0,98
975219,1,1,1,1,1,0,98
975221,1,0,0,1,1,0,98
975366,0,0,0,0,1,0,98
975389,1,1,0,0,0,0,98
975406,1,1,0,0,0,0,98
975788,0,0,1,1,0,0,98
975805,0,0,0,0,1,0,98
976020,0,0,0,0,1,0,98
976544,0,0,1,1,0,0,98
976680,1,0,1,0,0,0,98
976833,1,1,0,0,0,0,98
976952,1,0,0,1,1,0,98
977661,1,1,0,0,0,0,98
978085,1,0,1,0,0,0,98
978211,0,1,1,0,1,0,98
978506,1,0,1,0,0,0,98
978741,0,0,1,1,0,0,98
979203,0,1,0,1,0,0,98
979210,0,0,1,1,0,0,98
979356,1,1,0,0,0,0,98
979700,1,1,0,0,0,0,98
980270,1,0,0,1,1,0,98
980282,0,1,1,0,1,0,98
980354,1,0,1,0,0,0,98
980583,0,1,0,1,0,0,98
980844,1,0,0,1,1,0,98
980879,0,0,0,0,1,0,98
981175,0,1,0,1,0,0,98
981453,1,1,1,1,1,0,98
981542,1,0,0,1,1,0,98
981582,0,1,1,0,1,0,98
981647,0,1,1,0,1,0,98
982043,0,1,1,0,1,0,98
982078,1,1,0,0,0,0,98
982959,0,1,1,0,1,0,98
983145,0,1,0,1,0,0,130
983438,0,0,1,1,0,0,130
983515,0,1,1,0,1,0,130
983551,0,0,1,1,0,0,130
983561,1,1,0,0,0,0,130
983840,0,1,1,0,1,0,130
984127,0,1,1,0,1,0,130
984154,0,1,0,1,0,0,130
984283,0,1,1,0,1,0,130
984584,1,0,1,0,0,0,130
984646,1,0,0,1,1,0,130
984650,0,1,1,0,1,0,130
984794,0,1,0,1,0,0,130
985118,1,0,0,1,1,0,130
985229,0,0,0,0,1,0,130
985279,1,1,1,1,1,0,130
985289,1,0,0,1,1,0,130
985437,1,1,0,0,0,0,130
985505,1,1,0,1,0,0,130
985517,1,0,1,0,0,0,130
985925,1,0,1,0,0,0,130
986226,0,1,1,0,1,0,130
986363,0,1,1,0,1,0,130
986758,1,0,1,0,0,0,130
987355,1,1,0,0,0,0,130
987368,1,1,0,0,0,0,130
987418,1,1,0,0,0,0,130
987657,0,1,0,1,0,0,130
987720,1,1,1,1,1,0,130
987789,0,0,0,0,1,0,130
988047,0,1,0,0,0,0,130
988139,1,1,1,1,1,0,130
988286,0,1,1,0,1,0,130
988361,1,0,0,1,1,0,130
988478,0,1,0,1,0,0,130
988538,1,0,1,0,0,0,130
988721,1,0,1,0,0,0,130
988838,0,0,1,1,0,0,130
988943,1,1,1,1,1,0,130
988953,1,0,0,1,1,0,130
989001,1,1,0,0,0,0,130
989267,0,1,1,0,1,0,130
989477,0,1,0,1,0,0,130
989715,1,1,0,0,0,0,130
989797,0,0,0,0,1,0,130
989974,0,1,1,0,1,0,130
990077,1,1,0,0,0,0,130
990240,0,1,1,0,1,0,130
990288,0,0,0,0,1,0,130
990699,1,1,0,0,0,0,130
990983,1,1,1,1,1,0,130
990993,0,0,1,1,0,0,130
991018,0,0,0,0,1,0,130
991543,1,1,0,0,0,0,130
991703,1,0,1,0,0,0,130
991879,0,0,0,0,1,0,130
992264,0,0,1,1,0,0,130
992557,0,0,1,1,0,0,130
992682,1,1,0,0,0,0,130
992762,0,0,1,1,0,0,130
992891,0,1,1,0,1,0,130
993201,1,0,1,1,0,0,130
993382,1,0,1,0,0,0,130
993896,0,0,0,0,1,0,130
994050,1,1,0,0,0,0,130
994273,1,0,1,0,0,0,130
994325,1,0,1,0,0,0,130
994560,0,1,0,1,0,0,130
994877,1,1,0,0,0,0,130
994965,0,0,0,0,1,0,130
995002,1,0,0,1,1,0,130
995021,1,0,0,1,1,0,130
995327,0,1,0,1,0,0,130
995432,1,1,1,1,1,0,130
995495,1,0,0,1,1,0,130
995595,0,0,0,0,1,0,130
995733,1,0,1,0,0,0,130
995906,1,0,1,0,0,0,130
996123,1,0,0,1,1,0,130
996133,1,0,1,0,0,0,130
996641,0,0,1,1,0,0,130
996813,0,1,1,0,1,0,130
996873,0,1,1,0,1,0,130
997066,0,0,0,0,1,0,130
997140,1,0,1,0,0,0,130
997252,1,0,1,0,0,0,130
997407,1,0,0,1,1,0,130
997451,1,0,1,0,0,0,130
997491,1,0,0,1,1,0,130
997593,1,1,0,0,0,0,130
997743,0,0,1,1,0,0,130
997893,0,1,0,1,0,0,130
998013,1,1,1,1,1,0,130
998021,1,1,0,0,0,0,130
998072,1,0,1,0,0,0,130
998092,1,0,0,1,1,0,130
998285,0,1,1,0,1,0,130
999042,0,1,1,0,1,0,130
999049,0,0,0,0,1,0,130
999053,1,0,0,1,1,0,130
999231,1,1,1,1,1,0,130
999495,0,1,0,1,0,0,130
999529,1,1,0,0,0,0,130
999938,0,0,0,0,1,0,130
1000019,1,1,0,0,0,0,130
1000199,1,0,1,0,0,0,130
1000233,1,1,0,0,0,0,130
1000339,1,1,0,0,0,0,130
1000354,0,1,1,0,1,0,130
1000368,0,0,1,1,0,0,130
1000462,0,1,0,1,0,0,130
1001121,1,0,0,1,1,0,130
1001551,1,0,1,0,0,0,130
1001603,1,1,1,1,1,0,130
1001614,0,1,1,0,1,0,130
1001947,1,1,1,1,1,0,130
1002276,1,0,0,1,1,0,130
1002334,1,1,0,0,0,0,130
1002372,0,1,0,1,0,0,130
1002382,1,0,0,1,1,0,130
1002639,1,0,1,0,0,0,130
1002711,0,0,1,1,0,0,130
1002840,0,0,0,0,1,0,130
1003112,1,0,1,0,0,0,130
1003116,1,0,0,1,1,0,130
1003184,1,0,0,1,1,0,130
1003203,1,1,0,0,0,0,130
1003296,0,1,0,1,0,0,130
1003402,1,1,1,1,1,0,130
1003582,0,0,1,1,0,0,130
1003674,1,1,0,0,0,0,130
1003685,1,1,0,1,0,0,130
1003861,1,1,1,1,1,0,130
1003996,1,1,0,0,0,0,130
1004219,1,1,1,1,1,0,130
1004497,1,0,0,1,1,0,130
1005043,0,1,1,0,1,0,130
1005555,0,1,0,1,0,0,130
1005643,0,0,1,1,0,0,130
1005672,1,1,0,0,0,0,130
1005716,1,0,0,1,1,0,130
1005775,1,0,0,1,1,0,130
1005916,0,1,1,0,1,0,130
1006162,1,0,0,1,1,0,130
1006199,0,1,1,0,1,0,130
1006226,1,1,1,1,1,0,130
1006589,1,0,0,1,1,0,130
1006822,0,0,0,0,1,0,130
1006869,0,0,1,1,0,0,130
1007587,1,1,0,0,0,0,130
1007765,1,0,1,0,0,0,130
1008376,0,1,0,1,0,0,130
1008391,1,1,0,0,0,0,130
1008606,1,1,0,0,0,0,130
1008746,1,0,0,1,1,0,130
1008939,1,1,1,1,1,0,130
1009014,0,1,0,1,0,0,130
1009021,1,0,0,1,1,0,130
1009069,1,1,1,1,1,0,130
1009502,1,1,1,1,1,0,130
1009561,1,1,0,0,0,0,130
1009583,1,1,1,1,1,0,130
1009645,1,0,0,1,1,0,130
1009841,0,1,0,1,0,0,130
1009972,0,0,0,0,1,0,130
1010065,0,0,1,1,0,0,130
1010092,1,1,0,0,0,0,130
1010328,1,0,1,0,0,0,130
1010790,1,1,0,0,0,0,130
1010794,1,0,0,1,1,0,130
1010871,1,0,1,0,0,0,130
1010884,0,0,1,1,0,0,130
1010895,1,0,0,1,1,0,130
1011004,0,1,0,1,0,0,130
1011027,0,1,0,1,0,0,130
1011276,1,0,0,1,1,0,130
1011457,0,1,0,1,0,0,130
1011933,1,1,1,1,1,0,130
1012083,0,0,1,1,0,0,130
1012133,1,1,0,0,0,0,130
1012294,1,1,0,0,0,0,130
1012473,0,0,1,0,0,0,130
1012758,1,0,1,0,0,0,130
1012814,1,0,1,0,0,0,130
1012846,0,1,1,0,1,0,130
1012902,1,0,1,0,0,0,130
1013196,0,0,1,1,0,0,130
1013240,1,0,1,0,0,0,130
1013576,0,1,0,1,0,0,130
1013598,0,0,0,0,1,0,130
1013806,0,1,0,1,0,0,130
1013869,1,1,1,1,1,0,130
1014310,1,0,1,0,0,0,130
1014316,0,1,1,0,1,0,130
1014388,1,1,0,0,0,0,130
1014502,0,0,0,0,1,0,130
1014538,0,1,0,1,0,0,130
1014828,0,0,1,1,0,0,130
1014902,1,1,1,1,1,0,130
1014984,1,1,1,1,1,0,130
1015103,1,1,1,1,1,0,130
1015144,0,1,0,1,0,0,130
1015262,1,1,0,0,0,0,130
1015835,0,0,0,0,1,0,130
1015882,0,0,0,0,1,0,130
1016469,1,0,1,0,0,0,130
1016774,1,1,1,1,1,0,130
1016783,1,1,1,1,1,0,130
1016794,1,1,0,0,0,0,130
1016859,0,1,1,0,1,0,130
1016868,1,0,0,1,1,0,130
1016908,1,0,1,0,0,0,130
1017035,0,1,1,0,1,0,130
1017039,0,0,0,0,1,0,130
1017242,1,1,1,1,1,0,130
1017252,1,1,1,1,1,0,130
1017301,0,1,0,1,0,0,130
1017376,0,1,1,0,1,0,130
1017432,0,0,0,0,1,0,130
1017502,0,1,0,1,0,0,130
1017590,1,0,1,0,0,0,130
1017780,0,0,0,0,1,0,130
1017809,1,0,0,1,1,0,130
1017968,0,0,0,0,1,0,130
1017983,0,0,1,1,0,0,130
1018589,0,1,0,1,0,0,130
1018609,0,0,1,1,0,0,130
1018642,1,1,0,0,0,0,130
1018703,1,1,1,1,1,0,130
1018912,1,1,1,1,1,0,130
1019260,0,0,0,0,1,0,130
1019408,1,0,0,1,1,0,130
1019723,1,1,1,1,1,0,130
1019852,0,0,0,0,1,0,130
1020073,1,0,1,0,0,0,130
1020257,1,1,0,0,0,0,130
1020354,0,1,1,0,1,0,130
1020551,0,1,1,0,1,0,130
1020660,1,1,1,1,1,0,130
1020675,1,0,0,1,1,0,130
1020935,0,0,0,0,1,0,130
1021418,1,0,1,0,0,0,130
1021482,1,0,0,1,1,0,130
1021499,1,1,1,1,1,0,130
1021637,0,1,0,1,0,0,130
1021752,1,0,1,0,0,0,130
1021827,1,0,0,1,1,0,130
1021861,1,1,1,1,1,0,130
1021894,0,1,0,1,0,0,130
1021954,0,0,1,1,0,0,130
1022021,1,1,1,1,1,0,130
1022027,0,1,0,1,0,0,130
1022096,0,0,1,1,0,0,130
1022101,1,0,0,1,1,0,130
1022127,0,0,0,0,1,0,130
1022152,0,1,1,0,1,0,130
1022374,0,1,1,0,1,0,130
1022491,1,0,0,1,1,0,130
1022664,1,1,0,0,0,0,130
1022824,1,1,1,1,1,0,130
1022946,1,0,1,1,0,0,130
1022996,0,1,1,0,1,0,130
1023005,1,0,1,0,0,0,130
1023117,1,0,0,1,1,0,130
1023234,1,0,0,1,1,0,130
1023371,0,0,1,1,0,0,130
1023669,0,1,1,0,1,0,130
1024635,1,1,1,1,1,0,130
1024699,0,0,0,0,1,0,130
1024907,0,0,0,0,1,0,130
1024961,0,1,0,1,0,0,130
1025404,1,1,1,1,1,0,130
1025412,1,1,1,1,1,0,130
1025628,1,0,1,0,0,0,130
1025665,0,1,0,1,0,0,130
1025787,0,1,0,1,0,0,130
1025854,0,1,1,0,1,0,130
1025995,1,1,1,1,1,0,130
1026178,0,0,1,1,0,0,130
1026358,1,1,1,1,1,0,130
1026569,1,0,1,0,0,0,130
1026598,1,0,0,1,1,0,130
1026649,0,0,0,0,1,0,130
1027025,1,0,1,0,0,0,130
1027146,0,1,1,0,1,0,130
1027274,1,1,0,0,0,0,130
1027446,0,0,0,0,1,0,130
1027537,0,0,1,1,0,0,130
1027588,1,0,0,1,1,0,130
1027764,1,0,0,1,1,0,130
1028073,1,0,0,1,1,0,130
1028133,1,1,0,0,0,0,130
1028175,0,1,1,0,1,0,130
1028358,1,1,1,1,1,0,130
1028393,1,1,1,0,1,1,130
1028959,1,0,0,1,1,0,130
1029295,0,1,1,0,1,0,130
1029365,1,1,1,1,1,0,130
1029369,1,0,0,1,1,0,130
1029626,1,1,1,1,1,0,130
1029879,0,0,0,0,1,0,130
1029970,1,0,0,1,1,0,130
1030368,0,1,1,0,1,0,130
1030503,0,1,0,1,0,0,130
1030925,1,0,0,0,1,1,130
1030934,0,1,1,0,1,0,130
1030940,0,1,1,0,1,0,130
1030981,1,1,1,1,1,0,130
1031694,1,0,0,1,1,0,130
1032187,0,0,0,0,1,0,130
1032210,1,0,0,1,1,0,130
1032412,1,0,0,1,1,0,130
1032615,0,0,1,1,0,0,130
1032854,0,1,0,1,0,0,130
1032965,1,1,0,0,0,0,130
1033131,1,0,1,0,0,0,130
1033150,1,0,1,0,0,0,130
1033216,0,1,1,0,1,0,130
1033305,0,0,1,1,0,0,130
1033332,0,0,1,1,0,0,130
1033506,1,1,0,0,0,0,130
1033514,1,0,0,1,1,0,130
1033669,0,1,0,1,0,0,130
1033820,0,0,0,0,1,0,130
1034099,0,1,1,1,1,1,130
1034193,0,1,0,1,0,0,130
1034283,0,1,0,1,0,0,130
1034343,0,0,1,1,0,0,130
1034432,1,1,0,0,0,0,130
1034674,1,1,1,1,1,0,130
1034754,1,1,0,0,0,0,130
1035297,1,0,0,1,1,0,130
1035303,1,1,0,0,0,0,130
1035498,1,0,0,1,1,0,130
1035607,1,1,0,0,0,0,130
1035815,0,0,1,1,0,0,130
1036442,1,1,0,0,0,0,130
1036520,0,0,0,0,1,0,130
1036527,0,1,0,1,0,0,130
1036760,1,1,0,0,0,0,130
1036781,0,0,0,0,1,0,130
1036804,0,1,1,0,1,0,130
1036819,0,1,1,0,1,0,130
1036986,1,0,0,1,1,0,130
1037160,1,0,0,1,1,0,130
1037737,1,1,1,1,1,0,130
1037904,0,1,1,0,1,0,130
1038182,0,0,0,0,1,0,130
1038792,0,0,0,0,1,0,130
1038900,0,0,0,0,1,0,130
1039188,1,0,0,1,1,0,130
1039240,0,1,1,0,1,0,130
1039453,1,0,0,1,1,0,130
1039564,0,1,0,1,0,0,130
1039651,0,0,0,0,1,0,130
1039799,1,0,0,1,1,0,130
1039861,0,1,1,0,1,0,130
1040033,0,1,1,0,1,0,130
1040117,1,0,1,0,0,0,130
1040487,0,1,0,1,0,0,130
1040637,1,0,1,0,0,0,130
1040674,1,0,0,1,1,0,130
1040678,1,1,0,0,0,0,130
1040696,0,1,1,0,1,0,130
1040824,0,1,1,0,1,0,130
1041081,0,1,0,1,0,0,130
1041266,0,1,1,0,1,0,130
1041400,0,0,1,1,0,0,130
1041593,1,0,1,0,0,0,130
1041603,1,0,1,0,0,0,130
1041622,0,0,0,0,1,0,130
1042129,0,0,0,0,1,0,130
1042258,1,1,1,1,1,0,130
1042594,0,0,0,0,1,0,130
1042723,1,1,1,1,1,0,130
1044078,0,1,0,1,0,0,130
1044170,0,0,0,0,1,0,130
1044395,1,0,1,0,0,0,130
1044703,0,0,0,0,1,0,130
1045111,0,0,1,1,0,0,130
1045182,0,0,1,1,0,0,130
1045229,1,1,0,0,0,0,130
1045422,1,1,1,1,1,0,130
1045428,1,1,1,1,1,0,130
1045505,1,0,0,1,1,0,130
1045621,0,0,0,0,1,0,130
1045625,1,0,1,0,0,0,130
1045709,0,1,0,1,0,0,130
1045735,0,1,1,0,1,0,130
1045786,0,1,0,1,0,0,130
1045968,0,1,0,1,0,0,130
1046035,0,0,1,1,0,0,130
1046071,1,0,1,0,0,0,130
1046252,0,0,1,1,0,0,130
1046369,1,0,1,0,0,0,130
1046519,1,0,0,1,1,0,130
1046584,0,1,0,1,0,0,130
1046664,0,0,1,1,0,0,130
1046773,1,0,0,1,1,0,130
1046891,1,1,0,0,0,0,130
1047062,1,0,0,1,1,0,130
1047285,0,0,1,1,0,0,130
1047289,0,1,1,0,1,0,130
1047332,1,1,1,1,1,0,130
1047400,1,1,1,1,1,0,130
1047449,1,1,1,1,1,0,130
1047468,1,0,1,0,0,0,130
1047778,1,0,0,1,1,0,130
1047858,1,1,1,1,1,0,130
1047920,0,1,0,1,0,0,130
1048624,0,1,0,1,0,0,98
1048697,1,1,1,1,1,0,98
1048790,1,1,1,1,1,0,98
1048879,0,1,1,0,1,0,98
1048885,0,0,1,0,0,0,98
1048909,1,1,0,0,0,0,98
1048924,1,0,0,1,1,0,98
1049416,1,1,1,1,1,0,98
1049555,1,0,1,0,0,0,98
1049644,0,0,1,1,0,0,98
1049749,0,0,1,1,0,0,98
1050078,1,1,0,0,0,0,98
1050480,1,0,1,0,0,0,98
1050920,0,0,0,0,1,0,98
1051074,1,1,0,0,0,0,98
1051151,0,0,1,1,0,0,98
1051215,0,0,1,1,0,0,98
1051248,1,1,1,1,1,0,98
1051373,1,0,0,1,1,0,98
1051729,1,1,1,1,1,0,98
1051944,1,0,1,0,0,0,98
1052165,0,0,0,0,1,0,98
1052265,0,1,0,1,0,0,98
1052279,1,1,0,0,0,0,98
1052391,0,1,1,0,1,0,98
1052643,1,1,1,1,1,0,98
1053219,1,0,1,0,0,0,98
1053327,0,1,0,1,0,0,98
1053860,1,1,1,1,1,0,98
1053884,0,0,0,0,1,0,98
1053941,1,1,1,1,1,0,98
1053969,1,1,0,0,0,0,98
1054201,0,1,0,1,0,0,98
1055220,1,1,0,0,0,0,98
1055397,0,1,0,1,0,0,98
1055403,1,1,0,0,0,0,98
1055472,1,0,1,0,0,0,98
1055995,1,1,0,0,0,0,98
1056078,0,1,1,0,1,0,98
1056195,1,1,0,0,0,0,98
1056215,0,1,1,0,1,0,98
1057209,0,0,0,0,1,0,98
1057253,1,1,1,1,1,0,98
1057655,1,0,0,1,1,0,98
1057882,0,0,0,0,1,0,98
1057983,1,0,1,0,0,0,98
1058624,0,1,0,1,0,0,98
1058835,0,1,1,0,1,0,98
1058909,1,0,0,1,1,0,98
1059004,1,1,0,0,0,0,98
1059517,1,1,0,0,0,0,98
1059519,1,1,0,0,0,0,98
1059686,0,1,1,0,1,0,98
1059724,0,1,0,1,0,0,98
1060106,0,1,1,0,1,0,98
1060418,0,1,1,0,1,0,98
1060507,1,1,0,0,0,0,98
1060795,0,0,0,0,1,0,98
1060903,1,1,0,0,0,0,98
1060962,0,0,1,1,0,0,98
1061084,0,1,0,1,0,0,98
1061154,1,0,0,1,1,0,98
1061343,0,1,1,0,1,0,98
1061557,0,0,1,1,0,0,98
1061573,0,0,0,0,1,0,98
1062382,0,0,0,0,1,0,98
1062676,0,0,1,1,0,0,98
1063299,1,1,0,0,0,0,98
1063607,1,1,0,0,0,0,98
1064592,0,1,1,0,1,0,98
1064818,1,0,1,0,0,0,98
1064975,0,1,1,0,1,0,98
1065436,0,0,0,0,1,0,98
1065796,0,1,1,0,1,0,98
1065847,1,0,1,0,0,0,98
1065871,0,1,0,1,0,0,98
1065886,1,0,1,0,0,0,98
1066270,0,0,1,1,0,0,98
1066417,1,1,1,1,1,0,98
1066475,0,1,0,1,0,0,98
1066528,0,0,1,1,0,0,98
1066672,0,1,1,0,1,0,98
1066787,0,1,1,0,1,0,98
1067109,1,1,0,0,0,0,98
1067252,0,0,1,1,0,0,98
1067378,1,0,1,0,0,0,98
1067789,0,0,0,0,1,0,98
1068046,1,1,0,1,0,0,98
1068121,1,0,0,1,1,0,98
1068371,0,0,1,1,0,0,98
1068497,0,1,1,0,1,0,98
1068552,0,1,1,0,1,0,98
1068695,0,1,1,0,1,0,98
1069163,1,1,1,1,1,0,98
1069599,0,1,1,0,1,0,98
1069884,0,0,0,0,1,0,98
1069998,1,1,0,0,0,0,98
1070070,0,0,0,0,1,0,98
1070158,0,1,0,1,0,0,98
1070181,1,0,0,1,1,0,98
1070664,1,0,1,0,0,0,98
1070907,0,0,0,0,1,0,98
1071201,0,0,1,1,0,0,98
1071486,1,1,1,1,1,0,98
1071587,1,1,0,0,0,0,98
1071763,0,1,1,0,1,0,98
1071930,0,1,0,1,0,0,98
1072133,0,1,0,1,0,0,98
1072504,1,1,0,0,0,0,98
1072763,1,1,1,1,1,0,98
1073047,0,0,1,1,0,0,98
1073240,0,0,0,0,1,0,98
1073281,1,1,1,1,1,0,98
1073336,0,1,0,1,0,0,98
1073692,0,0,0,0,1,0,98
1074073,1,1,0,0,0,0,98
1074179,0,0,1,1,0,0,98
1074252,0,1,1,0,1,0,98
1074615,0,1,1,0,1,0,98
1075274,0,1,1,0,1,0,98
1075335,1,0,0,1,1,0,98
1075373,1,1,1,1,1,0,98
1075482,0,0,1,1,0,0,98
1075489,1,1,1,1,1,0,98
1075516,0,0,1,1,0,0,98
1076336,0,0,0,0,1,0,98
1076347,1,0,1,0,0,0,98
1076600,0,1,1,0,1,0,98
1076674,0,0,0,0,1,0,98
1076694,0,0,1,1,0,0,98
1076712,1,1,1,1,1,0,98
1076791,1,1,0,0,0,0,98
1076838,1,0,1,0,0,0,98
1077378,0,0,1,1,0,0,98
1077398,1,1,1,1,1,0,98
1077423,0,1,0,1,0,0,98
1077444,1,1,0,0,0,0,98
1079905,0,0,1,1,0,0,98
1079926,0,1,0,1,0,0,98
1079983,0,1,0,1,0,0,98
1080475,1,1,0,0,0,0,98
1080626,1,0,0,1,1,0,98
1080641,0,1,1,0,1,0,98
1080647,1,0,1,0,0,0,98
1081090,0,0,1,1,0,0,98
1081425,0,0,1,1,0,0,98
1081659,0,1,1,0,1,0,98
1081696,1,1,1,1,1,0,98
1081775,1,0,0,1,1,0,98
1082065,1,0,0,1,1,0,98
1082195,1,1,1,1,1,0,98
1082367,1,0,0,1,1,0,98
1082971,1,1,0,0,0,0,98
1083196,1,0,0,1,1,0,98
1083446,0,1,1,0,1,0,98
1083670,1,1,0,0,0,0,98
1083679,0,1,1,0,1,0,98
1084028,1,0,1,0,0,0,98
1084359,0,1,1,0,1,0,98
1084621,1,0,1,0,0,0,98
1084944,0,0,0,0,1,0,98
1085020,0,1,0,1,0,0,98
1085120,1,0,1,0,0,0,98
1085360,1,1,0,0,0,0,98
1085919,0,0,0,0,1,0,98
1086060,0,0,0,0,1,0,98
1086326,1,0,1,0,0,0,98
1086394,1,0,0,1,1,0,98
1086594,1,0,1,0,0,0,98
1086746,0,1,1,0,1,0,98
1086806,0,0,0,0,1,0,98
1086885,0,1,0,1,0,0,98
1086898,0,0,0,0,1,0,98
1087131,1,0,0,1,1,0,98
1087248,0,1,1,0,1,0,98
1087371,1,1,1,1,1,0,98
1087527,0,0,1,1,0,0,98
1087782,0,0,0,0,1,0,98
1087799,1,0,1,0,0,0,98
1088280,1,0,0,1,1,0,98
1088366,0,0,1,1,0,0,98
1088727,1,0,0,1,1,0,98
1089609,1,0,1,0,0,0,98
1089962,1,1,0,0,0,0,98
1089999,0,1,0,1,0,0,98
1090017,0,0,1,1,0,0,98
1090044,1,1,1,1,1,0,98
1090184,0,0,1,1,0,0,98
1090252,0,0,0,0,1,0,98
1090375,1,0,0,1,1,0,98
1090426,0,1,1,0,1,0,98
1091151,0,0,0,0,1,0,98
1091391,1,0,1,0,0,0,98
1092256,1,0,1,0,0,0,98
1092576,0,0,0,0,1,0,98
1092620,0,0,0,0,1,0,98
1092683,1,0,1,0,0,0,98
1092758,0,1,1,0,1,0,98
1093059,0,1,1,0,1,0,98
1093262,0,0,1,1,0,0,98
1093431,1,1,1,1,1,0,98
1093533,1,0,1,0,0,0,98
1093629,0,1,0,1,0,0,98
1093974,0,0,0,0,1,0,98
1094127,1,1,0,0,0,0,98
1094687,0,1,0,1,0,0,98
1094880,0,1,1,0,1,0,98
1095069,1,1,0,0,0,0,98
1095621,0,0,0,0,1,0,98
1096052,1,0,0,1,1,0,98
1096056,1,0,1,0,0,0,98
1096336,0,0,1,1,0,0,98
1096473,1,0,0,1,1,0,98
1096480,0,0,0,0,1,0,98
1096749,1,0,1,0,0,0,98
1097069,1,0,1,0,0,0,98
1097622,1,0,1,0,0,0,98
1098126,0,1,1,0,1,0,98
1098638,0,0,1,1,0,0,98
1098651,0,1,0,1,0,0,98
1098830,0,1,1,0,1,0,98
1098863,1,0,0,1,1,0,98
1099329,1,1,0,0,0,0,98
1099537,1,1,0,0,0,0,98
1099797,1,0,1,0,0,0,98
1099987,1,1,1,1,1,0,98
1100364,1,1,0,0,0,0,98
1100780,0,1,1,0,1,0,98
1100933,1,0,1,0,0,0,98
1100959,0,0,1,1,0,0,98
1101084,0,0,1,1,0,0,98
1101316,0,1,1,0,1,0,98
1101363,1,0,1,0,0,0,98
1101412,0,0,0,0,1,0,98
1101582,0,1,1,0,1,0,98
1101661,0,0,0,1,1,1,98
1102030,0,1,0,1,0,0,98
1102339,0,0,1,1,0,0,98
1102342,0,0,0,0,1,0,98
1102469,1,1,0,0,0,0,98
1102498,1,0,0,1,1,0,98
1102628,1,1,1,1,1,0,98
1103116,0,1,1,0,1,0,98
1103246,0,1,1,0,1,0,98
1103322,1,0,1,0,0,0,98
1103356,1,0,1,0,0,0,98
1104569,1,1,0,0,0,0,98
1104575,0,1,1,0,1,0,98
1104789,0,1,0,1,0,0,98
1104814,0,1,0,1,0,0,98
1104975,0,1,1,0,1,0,98
1105044,1,0,1,0,0,0,98
1105088,1,0,0,1,1,0,98
1105121,0,0,1,1,0,0,98
1105138,0,0,1,1,0,0,98
1105371,0,1,1,0,1,0,98
1105545,0,1,0,1,0,0,98
1105724,0,1,0,1,0,0,98
1105842,1,0,0,1,1,0,98
1106070,0,0,1,1,0,0,98
1106142,0,1,0,1,0,0,98
1106201,1,1,1,1,1,0,98
1107528,0,1,0,1,0,0,98
1107570,0,0,1,1,0,0,98
1107659,0,0,1,1,0,0,98
1108138,0,1,0,1,0,0,98
1108167,1,1,1,1,1,0,98
1108249,1,1,0,0,0,0,98
1108342,0,0,1,1,0,0,98
1108442,0,0,0,0,1,0,98
1108452,0,1,0,1,0,0,98
1108582,0,1,0,0,0,0,98
1109894,1,0,0,1,1,0,98
1110017,1,1,1,1,1,0,98
1110352,1,1,0,1,0,0,98
1110615,1,0,1,0,0,0,98
1111052,0,1,1,0,1,0,98
1111188,1,1,0,0,0,0,98
1111325,0,1,0,1,0,0,98
1111395,1,0,1,0,0,0,98
1111631,1,1,0,0,0,0,98
1112075,0,0,0,0,1,0,98
1112982,1,1,1,0,1,1,98
1113395,0,0,1,1,0,0,98
1113471,1,1,1,1,1,0,98
1113662,0,0,1,1,0,0,98
1113872,1,0,0,1,1,0,98
1114142,0,1,1,0,1,0,165
1114404,0,0,1,0,0,0,165
1114624,1,1,1,1,1,0,165
1114875,1,1,1,1,1,0,165
1114962,0,0,0,0,1,0,165
1114991,0,0,0,0,1,0,165
1115001,1,0,0,1,1,0,165
1115073,1,0,1,0,0,0,165
1115224,0,1,0,1,0,0,165
1115379,1,1,0,0,0,0,165
1115538,0,1,1,0,1,0,165
1115667,0,0,0,0,1,0,165
1115807,1,0,1,0,0,0,165
1115854,1,1,0,0,0,0,165
1115899,1,1,1,1,1,0,165
1116083,1,0,0,1,1,0,165
1116142,0,0,1,1,0,0,165
1116398,1,1,1,1,1,0,165
1116479,0,1,0,1,0,0,165
1116606,1,1,1,1,1,0,165
1116799,0,1,0,1,0,0,165
1116854,0,1,0,1,0,0,165
1116992,1,1,1,1,1,0,165
1117115,1,0,0,1,1,0,165
1117118,1,0,0,1,1,0,165
1117439,1,1,0,0,0,0,165
1117455,1,0,0,1,1,0,165
1117746,1,0,1,0,0,0,165
1117781,0,1,0,1,0,0,165
1117829,1,0,1,0,0,0,165
1117895,0,1,1,0,1,0,165
1118093,0,1,0,0,0,0,165
1118508,0,1,1,0,1,0,165
1118957,1,0,1,0,0,0,165
1119414,1,1,0,0,0,0,165
1119494,1,1,1,1,1,0,165
1119708,1,1,1,1,1,0,165
1119778,0,0,1,1,0,0,165
1119912,0,0,0,0,1,0,165
1120165,1,0,0,1,1,0,165
1120281,0,1,0,1,0,0,165
1120306,1,1,1,1,1,0,165
1120486,1,0,1,0,0,0,165
1120756,0,1,1,0,1,0,165
1120864,1,1,0,0,0,0,165
1120869,1,1,1,1,1,0,165
1121067,0,1,0,1,0,0,165
1121170,0,1,0,1,0,0,165
1121263,1,1,1,1,1,0,165
1121459,0,0,1,1,0,0,165
1121622,0,1,0,1,0,0,165
1121624,0,1,1,0,1,0,165
1121755,1,0,0,1,1,0,165
1121764,0,0,0,1,1,1,165
1122057,1,0,1,0,0,0,165
1122088,0,0,1,1,0,0,165
1122282,0,0,1,1,0,0,165
1122453,0,0,0,0,1,0,165
1122561,0,1,1,0,1,0,165
1122659,0,0,1,1,0,0,165
1122900,1,1,1,1,1,0,165
1123164,1,1,0,0,0,0,165
1123336,0,0,1,1,0,0,165
1123428,1,0,1,0,0,0,165
1123464,0,1,0,1,0,0,165
1123542,1,0,1,0,0,0,165
1123570,1,0,1,0,0,0,165
1123736,0,1,0,1,0,0,165
1123775,1,0,1,0,0,0,165
1123835,0,1,1,0,1,0,165
1124030,1,1,1,1,1,0,165
1124074,0,1,0,1,0,0,165
1124413,0,0,0,0,1,0,165
1124794,0,0,1,1,0,0,165
1124934,1,0,1,0,0,0,165
1125056,0,0,1,1,0,0,165
1125233,1,0,0,1,1,0,165
1125341,1,0,1,0,0,0,165
1125349,0,0,1,1,0,0,165
1125674,1,1,0,0,0,0,165
1125676,1,0,1,0,0,0,165
1125780,1,0,1,0,0,0,165
1125994,0,0,0,0,1,0,165
1126126,1,0,0,1,1,0,165
1126359,0,1,0,1,0,0,165
1126418,0,1,0,1,0,0,165
1126568,1,1,0,0,0,0,165
1126649,0,0,0,0,1,0,165
1126853,0,1,1,0,1,0,165
1126898,0,0,0,0,1,0,165
1126900,1,1,1,1,1,0,165
1126931,1,1,0,0,0,0,165
1127108,1,0,0,1,1,0,165
1127453,1,0,0,1,1,0,165
1127726,1,1,0,0,0,0,165
1127934,0,0,1,1,0,0,165
1127970,1,0,1,0,0,0,165
1128302,1,1,0,0,0,0,165
1128509,1,0,0,1,1,0,165
1128681,1,0,1,0,0,0,165
1128817,1,1,1,1,1,0,165
1128833,1,0,0,1,1,0,165
1129182,1,1,1,1,1,0,165
1129305,1,0,0,1,1,0,165
1129377,1,1,0,0,0,0,165
1129386,0,1,0,1,0,0,165
1129466,0,0,1,1,0,0,165
1129980,1,1,0,0,0,0,165
1129987,1,0,1,0,0,0,165
1130100,0,0,1,1,0,0,165
1130119,1,0,0,1,1,0,165
1130130,0,0,0,0,1,0,165
1130258,1,1,1,1,1,0,165
1130619,0,0,0,0,1,0,165
1130759,1,0,0,1,1,0,165
1130889,0,0,0,0,1,0,165
1131117,1,0,1,0,0,0,165
1131146,0,0,0,0,1,0,165
1131175,0,1,1,0,1,0,165
1131186,0,0,1,1,0,0,165
1131288,1,1,1,1,1,0,165
1131320,0,1,1,0,1,0,165
1131340,1,1,0,0,0,0,165
1131421,0,0,1,1,0,0,165
1131467,0,0,0,0,1,0,165
1131548,0,0,1,1,0,0,165
1131669,0,1,1,0,1,0,165
1132154,0,0,1,1,0,0,165
1132390,0,0,1,1,0,0,165
1132486,0,1,1,0,1,0,165
1133033,1,1,1,1,1,0,165
1133382,1,0,0,1,1,0,165
1133464,0,0,1,1,0,0,165
1133537,0,0,1,1,0,0,165
1133950,1,0,1,0,0,0,165
1134136,1,1,0,0,0,0,165
1134168,0,0,1,1,0,0,165
1134329,1,0,0,1,1,0,165
1134362,0,0,1,1,0,0,165
1134554,0,1,1,0,1,0,165
1134585,0,0,0,0,1,0,165
1135024,1,1,0,0,0,0,165
1135090,1,1,1,1,1,0,165
1135105,0,0,0,0,1,0,165
1135163,0,1,0,1,0,0,165
1135173,0,1,0,1,0,0,165
1135194,1,1,1,1,1,0,165
1135303,0,0,1,1,0,0,165
1135374,1,1,0,0,0,0,165
1135691,1,0,1,0,0,0,165
1135872,1,0,0,1,1,0,165
1135877,1,1,0,0,0,0,165
1136064,1,1,1,1,1,0,165
1136398,1,1,0,0,0,0,165
1136564,1,0,0,1,1,0,165
1136804,1,1,1,1,1,0,165
1136805,1,0,1,0,0,0,165
1137053,0,0,0,0,1,0,165
1137104,1,0,1,0,0,0,165
1137181,0,0,1,1,0,0,165
1137253,0,0,1,1,0,0,165
1137413,0,1,1,0,1,0,165
1137503,0,0,1,1,0,0,165
1137530,1,1,0,0,0,0,165
1137846,1,0,1,0,0,0,165
1137874,1,1,0,0,0,0,165
1138097,0,0,1,1,0,0,165
1138109,1,1,1,1,1,0,165
1138329,0,1,1,0,1,0,165
1138344,0,1,0,1,0,0,165
1138597,0,1,1,0,1,0,165
1138840,0,0,1,1,0,0,165
1138870,1,0,1,0,0,0,165
1139020,1,1,0,0,0,0,165
1139159,1,1,0,0,0,0,165
1139172,1,1,1,1,1,0,165
1139301,1,1,0,0,0,0,165
1139394,0,1,0,1,0,0,165
1139415,0,0,1,1,0,0,165
1139670,0,1,1,0,1,0,165
1139714,1,1,0,0,0,0,165
1139740,1,1,1,1,1,0,165
1139758,1,0,1,0,0,0,165
1139950,1,0,1,0,0,0,165
1140010,0,0,0,0,1,0,165
1140125,0,1,0,1,0,0,165
1140282,0,0,1,1,0,0,165
1140377,1,1,1,1,1,0,165
1140424,0,1,1,0,1,0,165
1140850,1,0,0,1,1,0,165
1140921,0,1,1,0,1,0,165
1140940,0,0,0,0,1,0,165
1141027,0,1,1,0,1,0,165
1141032,0,0,1,1,0,0,165
1141219,1,0,0,1,1,0,165
1141255,1,0,1,0,0,0,165
1141420,1,0,1,0,0,0,165
1141652,1,1,1,1,1,0,165
1141751,1,1,1,1,1,0,165
1141895,1,0,0,1,1,0,165
1142002,0,1,0,1,0,0,165
1142008,1,0,1,0,0,0,165
1142020,0,1,0,1,0,0,165
1142098,0,0,0,0,1,0,165
1142327,0,1,1,0,1,0,165
1142371,1,0,1,0,0,0,165
1142408,0,1,1,0,1,0,165
1142489,0,0,0,0,1,0,165
1142690,1,0,1,0,0,0,165
1142915,1,0,1,0,0,0,165
1142964,1,0,1,0,0,0,165
1143280,0,1,0,1,0,0,165
1143382,1,0,1,1,0,0,165
1143888,1,1,1,1,1,0,165
1143916,0,0,1,1,0,0,165
1144152,0,0,1,1,0,0,165
1144306,0,1,1,0,1,0,165
1144415,1,1,0,0,0,0,165
1144469,0,0,0,0,1,0,165
1144501,1,1,1,1,1,0,165
1144582,0,1,1,0,1,0,165
1144865,0,0,0,0,1,0,165
1144866,0,1,1,0,1,0,165
1144930,1,0,1,0,0,0,165
1145013,1,1,1,1,1,0,165
1145041,1,0,0,1,1,0,165
1145117,1,1,0,1,0,0,165
1145223,1,1,1,1,1,0,165
1145368,1,0,0,0,1,1,165
1145423,1,1,1,1,1,0,165
1145443,1,0,0,1,1,0,165
1145629,0,0,1,1,0,0,165
1145655,0,1,0,1,0,0,165
1145787,0,0,1,1,0,0,165
1146013,0,0,0,1,1,1,165
1146022,0,0,1,1,0,0,165
1146357,1,0,1,0,0,0,165
1146403,0,1,0,1,0,0,165
1146458,1,1,0,0,0,0,165
1146576,1,1,0,0,0,0,165
1146594,0,1,0,1,0,0,165
1146774,0,1,0,1,0,0,165
1147083,0,0,0,0,1,0,165
1147164,1,1,1,1,1,0,165
1147275,0,0,1,1,0,0,165
1147354,0,1,0,1,0,0,165
1147453,0,1,0,1,0,0,165
1147537,1,0,1,0,0,0,165
1147708,0,0,1,1,0,0,165
1147744,1,0,1,0,0,0,165
1147755,0,1,0,0,0,0,165
1147866,1,0,1,0,0,0,165
1148342,0,1,1,0,1,0,165
1148392,0,0,0,0,1,0,165
1148492,0,0,0,0,1,0,165
1148654,1,1,0,0,0,0,165
1148662,1,0,0,1,1,0,165
1148690,1,1,0,0,0,0,165
1149083,1,1,1,1,1,0,165
1149116,0,0,0,0,1,0,165
1149230,1,0,1,0,0,0,165
1149737,0,1,1,0,1,0,165
1150053,1,0,0,1,1,0,165
1150130,0,1,0,1,0,0,165
1150194,1,1,1,1,1,0,165
1150235,1,0,1,0,0,0,165
1150408,1,0,0,1,1,0,165
1150658,1,0,1,0,0,0,165
1150865,1,1,1,1,1,0,165
1150883,0,1,0,1,0,0,165
1151129,1,1,0,0,0,0,165
1151248,0,1,1,0,1,0,165
1151386,0,1,0,1,0,0,165
1151405,0,1,0,1,0,0,165
1151856,0,0,1,1,0,0,165
1152349,0,1,1,0,1,0,165
1152814,1,0,1,0,0,0,165
1152923,1,1,1,1,1,0,165
1152974,0,1,1,0,1,0,165
1153092,1,0,1,0,0,0,165
1153098,0,0,1,1,0,0,165
1153322,0,1,1,0,1,0,165
1153335,0,0,0,0,1,0,165
1153696,1,1,0,0,0,0,165
1153864,1,0,1,0,0,0,165
1154029,0,0,1,1,0,0,165
1154268,1,0,0,1,1,0,165
1154383,1,0,0,1,1,0,165
1154434,0,1,0,1,0,0,165
1154473,0,0,0,0,1,0,165
1154556,1,0,1,0,0,0,165
1154636,0,0,1,1,0,0,165
1154758,1,0,0,1,1,0,165
1154814,1,0,0,1,1,0,165
1154837,0,0,0,0,1,0,165
1154922,0,1,0,1,0,0,165
1154993,0,1,1,0,1,0,165
1155110,1,0,0,1,1,0,165
1155137,0,1,1,0,1,0,165
1155215,0,1,1,0,1,0,165
1155220,1,0,0,1,1,0,165
1155311,1,0,1,0,0,0,165
1155486,1,0,0,1,1,0,165
1155617,1,0,0,1,1,0,165
1155768,0,0,1,1,0,0,165
1155803,0,1,0,1,0,0,165
1155855,0,0,1,1,0,0,165
1155859,0,0,0,0,1,0,165
1155938,0,0,1,1,0,0,165
1156013,0,1,0,1,0,0,165
1156249,0,0,1,1,0,0,165
1156296,1,0,0,1,1,0,165
1156351,1,0,0,1,1,0,165
1156402,1,1,0,0,0,0,165
1156708,0,0,1,1,0,0,165
1156749,1,1,1,1,1,0,165
1156755,1,0,0,1,1,0,165
1157067,0,0,0,0,1,0,165
1157082,0,0,1,1,0,0,165
1157319,1,1,0,0,0,0,165
1157408,1,0,0,1,1,0,165
1157516,1,1,1,1,1,0,165
1157782,1,0,0,1,1,0,165
1157864,1,1,1,1,1,0,165
1158046,1,1,0,0,0,0,165
1158184,0,0,1,1,0,0,165
1158428,1,1,0,0,0,0,165
1158767,0,0,1,1,0,0,165
1159065,1,1,0,0,0,0,165
1159375,0,0,0,0,1,0,165
1159394,0,0,0,0,1,0,165
1159574,0,0,0,0,1,0,165
1159577,1,1,1,1,1,0,165
1159936,1,1,1,1,1,0,165
1159980,0,0,1,1,0,0,165
1160093,0,0,1,1,0,0,165
1160105,0,0,1,1,0,0,165
1160711,1,0,0,1,1,0,165
1160805,0,1,0,1,0,0,165
1161151,0,1,1,0,1,0,165
1161249,1,1,1,1,1,0,165
1161365,0,1,0,1,0,0,165
1161369,0,1,0,0,0,0,165
1161558,0,0,0,0,1,0,165
1161776,1,0,0,1,1,0,165
1161859,0,0,1,1,0,0,165
1162359,1,0,1,0,0,0,165
1162574,1,1,0,0,0,0,165
1162717,1,1,0,0,0,0,165
1162799,1,0,0,1,1,0,165
1163000,0,1,0,1,0,0,165
1163107,1,0,0,1,1,0,165
1163163,0,0,1,1,0,0,165
1163205,1,0,1,0,0,0,165
1163211,1,0,0,1,1,0,165
1163462,0,1,1,0,1,0,165
1163641,1,1,0,0,0,0,165
1163684,0,0,1,1,0,0,165
1163718,1,0,0,1,1,0,165
1163811,0,0,0,0,1,0,165
1163964,1,0,1,0,0,0,165
1164152,1,1,0,0,0,0,165
1164414,1,0,1,0,0,0,165
1164424,1,1,1,1,1,0,165
1164669,0,0,0,0,1,0,165
1164716,1,0,1,0,0,0,165
1164795,1,0,0,1,1,0,165
1164961,0,1,0,1,0,0,165
1165011,1,0,0,1,1,0,165
1165140,1,0,0,1,1,0,165
1165362,0,0,0,0,1,0,165
1165371,0,1,0,1,0,0,165
1165472,1,0,1,0,0,0,165
1165774,1,1,1,1,1,0,165
1165941,1,0,1,0,0,0,165
1165991,0,1,1,0,1,0,165
1166042,1,1,0,0,0,0,165
1166119,0,0,0,0,1,0,165
1166173,1,0,1,0,0,0,165
1166253,1,1,0,0,0,0,165
1166324,0,1,1,0,1,0,165
1166342,0,0,0,0,1,0,165
1166554,0,0,1,1,0,0,165
1166620,1,0,1,0,0,0,165
1166691,0,0,1,1,0,0,165
1166890,0,0,0,0,1,0,165
1167028,1,0,0,1,1,0,165
1167356,0,1,1,0,1,0,165
1167447,0,1,0,1,0,0,165
1167540,1,0,1,1,0,0,165
1167561,0,1,1,1,1,1,165
1167564,0,0,1,0,0,0,165
1167685,0,1,0,1,0,0,165
1167709,0,0,1,1,0,0,165
1168078,1,1,0,0,0,0,165
1168349,0,0,0,0,1,0,165
1168635,1,1,1,1,1,0,165
1168743,1,1,1,1,1,0,165
1168835,1,0,0,1,1,0,165
1169055,0,0,0,0,1,0,165
1169274,0,1,0,1,0,0,165
1169418,0,0,0,0,1,0,165
1169474,1,1,1,1,1,0,165
1169554,0,1,0,1,0,0,165
1169689,0,1,1,0,1,0,165
1169693,0,0,1,1,0,0,165
1170159,0,0,1,1,0,0,165
1170334,0,0,0,0,1,0,165
1170526,0,1,0,1,0,0,165
1170573,0,1,0,1,0,0,165
1170617,0,0,1,1,0,0,165
1170741,0,0,0,0,1,0,165
1170760,0,1,0,1,0,0,165
1170816,0,1,1,0,1,0,165
1170864,0,0,1,1,0,0,165
1170888,1,0,1,0,0,0,165
1170921,1,1,0,0,0,0,165
1171083,1,0,0,1,1,0,165
1171338,1,1,1,1,1,0,165
1171387,1,1,1,1,1,0,165
1171396,0,0,0,0,1,0,165
1171411,0,1,0,1,0,0,165
1171451,1,1,0,0,0,0,165
1171495,1,1,0,0,0,0,165
1171617,1,1,1,1,1,0,165
1171876,1,1,0,0,0,0,165
1171920,1,0,0,1,1,0,165
1172073,0,1,0,1,0,0,165
1172342,0,1,1,0,1,0,165
1172364,1,0,1,0,0,0,165
1172789,1,0,0,1,1,0,165
1172881,1,0,0,1,1,0,165
1172900,0,1,1,0,1,0,165
1173830,1,1,0,0,0,0,165
1173835,1,0,0,1,1,0,165
1173864,0,1,1,0,1,0,165
1174003,0,1,1,0,1,0,165
1174091,1,1,1,1,1,0,165
1174296,1,1,1,1,1,0,165
1174304,1,1,0,0,0,0,165
1174331,1,1,1,1,1,0,165
1174338,1,0,1,0,0,0,165
1174734,0,1,0,1,0,0,165
1174755,1,1,0,0,0,0,165
1174888,1,1,0,0,0,0,165
1175128,0,1,1,0,1,0,165
1175133,0,1,0,1,0,0,165
1175153,1,0,0,1,1,0,165
1175154,0,1,1,0,1,0,165
1175419,1,0,0,1,1,0,165
1175646,0,0,0,0,1,0,165
1175664,1,1,0,0,0,0,165
1175670,1,0,0,1,1,0,165
1175754,1,1,0,0,0,0,165
1175885,1,1,0,0,0,0,165
1176040,1,0,1,0,0,0,165
1176253,1,1,0,1,0,0,165
1176324,1,1,0,0,0,0,165
1176699,0,1,0,1,0,0,165
1176827,0,0,1,1,0,0,165
1176837,1,1,0,0,0,0,165
1176932,1,0,0,1,1,0,165
1176956,1,0,1,0,0,0,165
1177261,0,1,0,1,0,0,165
1177323,1,0,0,1,1,0,165
1177509,1,0,1,0,0,0,165
1177595,0,0,1,1,0,0,165
1177750,1,1,1,1,1,0,165
1178021,1,0,1,0,0,0,165
1178176,1,0,1,0,0,0,165
1178251,1,1,0,0,0,0,165
1178303,1,0,0,1,1,0,165
1178324,1,0,0,1,1,0,165
1178352,0,1,1,0,1,0,165
1178795,1,1,0,0,0,0,165
1179056,0,1,0,1,0,0,165
1179407,1,1,0,0,0,0,165
1179436,1,1,0,0,0,0,165
1179438,0,0,1,1,0,0,165
1179580,0,1,0,1,0,0,165
1179715,0,0,0,0,1,0,106
1180326,0,0,1,1,0,0,106
1180449,0,1,1,0,1,0,106
1180575,0,1,1,0,1,0,106
1180740,1,1,0,0,0,0,106
1180783,0,1,0,1,0,0,106
1181070,0,1,0,1,0,0,106
1181211,1,1,1,1,1,0,106
1181277,0,1,0,1,0,0,106
1181593,0,0,1,1,0,0,106
1181646,1,0,1,0,0,0,106
1182039,1,1,0,0,0,0,106
1182112,0,1,0,1,0,0,106
1182916,0,0,1,1,0,0,106
1182923,1,1,0,0,0,0,106
1183025,1,0,0,1,1,0,106
1183221,0,0,1,1,0,0,106
1183466,0,1,1,0,1,0,106
1183519,1,0,1,0,0,0,106
1183524,0,1,0,1,0,0,106
1183845,0,0,0,0,1,0,106
1183849,0,0,0,0,1,0,106
1183981,1,1,1,1,1,0,106
1183994,0,1,0,1,0,0,106
1184394,0,1,1,0,1,0,106
1184721,0,0,0,0,1,0,106
1184756,0,0,0,0,1,0,106
1185037,1,0,1,0,0,0,106
1185047,1,1,1,1,1,0,106
1185059,1,0,0,1,1,0,106
1185130,0,0,1,1,0,0,106
1185224,0,1,1,0,1,0,106
1185429,0,1,0,1,0,0,106
1186458,0,0,0,0,1,0,106
1186460,1,0,1,0,0,0,106
1186467,1,0,0,1,1,0,106
1186522,0,1,1,0,1,0,106
1186586,1,1,0,0,0,0,106
1186622,0,1,1,0,1,0,106
1186672,1,1,0,0,0,0,106
1186697,1,1,1,1,1,0,106
1186967,0,1,1,0,1,0,106
1187320,0,1,0,1,0,0,106
1188071,1,1,0,0,0,0,106
1188171,0,0,1,1,0,0,106
1188195,1,0,0,1,1,0,106
1189391,0,1,1,0,1,0,106
1189422,1,0,0,1,1,0,106
1189447,1,1,1,1,1,0,106
1189734,1,0,0,1,1,0,106
1189767,1,1,0,0,0,0,106
1189998,1,1,0,0,0,0,106
1190121,0,0,1,1,0,0,106
1190134,0,0,0,0,1,0,106
1190214,0,0,1,1,0,0,106
1190302,1,1,0,0,0,0,106
1190551,1,0,0,1,1,0,106
1190691,1,1,0,0,0,0,106
1190933,0,0,0,0,1,0,106
1191165,0,0,1,1,0,0,106
1191640,1,0,1,0,0,0,106
1191755,0,0,0,0,1,0,106
1192131,1,0,0,1,1,0,106
1193006,1,1,1,1,1,0,106
1193046,0,0,0,0,1,0,106
1193061,1,0,1,0,0,0,106
1193107,0,1,1,0,1,0,106
1193297,0,0,0,0,1,0,106
1193409,1,1,0,0,0,0,106
1193799,0,1,1,0,1,0,106
1193906,0,0,1,1,0,0,106
1193918,0,1,0,1,0,0,106
1194190,1,1,1,1,1,0,106
1194306,0,0,1,1,0,0,106
1194327,1,1,1,0,1,1,106
1194391,0,0,1,1,0,0,106
1194705,1,0,0,1,1,0,106
1195310,0,1,1,0,1,0,106
1196177,1,0,0,1,1,0,106
1196401,1,0,1,0,0,0,106
1196865,1,0,1,0,0,0,106
1196932,0,1,0,1,0,0,106
1196947,0,1,1,0,1,0,106
1197079,0,1,0,1,0,0,106
1198102,0,1,1,0,1,0,106
1198188,1,1,0,0,0,0,106
1198202,0,0,1,1,0,0,106
1198317,1,1,0,0,0,0,106
1198456,0,1,0,1,0,0,106
1198501,0,1,0,1,0,0,106
1198896,1,0,1,0,0,0,106
1199413,0,0,1,1,0,0,106
1199936,1,1,0,0,0,0,106
1200018,0,1,0,1,0,0,106
1200279,1,0,1,0,0,0,106
1201095,0,1,0,1,0,0,106
1201371,1,1,1,1,1,0,106
1201643,0,0,1,1,0,0,106
1201700,0,1,0,1,0,0,106
1201734,0,1,1,0,1,0,106
1201764,0,0,0,0,1,0,106
1202626,0,0,0,0,1,0,106
1202860,0,0,0,0,1,0,106
1203121,1,1,1,1,1,0,106
1203541,0,1,0,1,0,0,106
1203822,1,1,0,0,0,0,106
1204208,1,0,1,0,0,0,106
1204349,0,1,1,0,1,0,106
1204573,0,0,0,0,1,0,106
1204687,0,0,1,1,0,0,106
1204875,1,1,0,0,0,0,106
1204915,0,0,0,0,1,0,106
1205043,0,1,1,0,1,0,106
1205224,0,1,0,1,0,0,106
1205290,0,1,1,0,1,0,106
1205383,1,0,1,0,0,0,106
1205388,1,0,1,0,0,0,106
1205548,1,1,0,0,0,0,106
1205728,0,0,0,0,1,0,106
1206019,0,1,0,1,0,0,106
1206060,1,1,1,1,1,0,106
1206171,1,0,1,0,0,0,106
1206258,1,0,1,0,0,0,106
1206318,1,0,1,0,0,0,106
1206327,0,1,1,0,1,0,106
1206407,1,0,0,1,1,0,106
1206461,1,0,0,1,1,0,106
1206567,1,0,0,1,1,0,106
1206854,0,0,0,0,1,0,106
1207107,1,0,0,1,1,0,106
1207211,0,0,1,1,0,0,106
1208094,0,1,1,0,1,0,106
1208130,0,1,0,1,0,0,106
1208292,0,1,0,1,0,0,106
1208446,1,0,1,0,0,0,106
1208451,0,1,1,0,1,0,106
1208649,1,1,1,1,1,0,106
1208780,1,1,1,1,1,0,106
1208830,0,0,1,1,0,0,106
1208903,1,1,1,1,1,0,106
1209215,1,0,0,1,1,0,106
1209411,1,1,0,0,0,0,106
1209515,0,0,1,1,0,0,106
1209779,0,0,1,1,0,0,106
1210462,1,0,1,0,0,0,106
1210591,1,1,1,1,1,0,106
1210739,1,1,1,1,1,0,106
1210791,1,1,1,1,1,0,106
1211380,0,0,1,1,0,0,106
1211627,0,1,1,0,1,0,106
1211676,1,1,1,1,1,0,106
1211758,0,0,0,0,1,0,106
1211769,0,0,0,0,1,0,106
1211810,1,1,0,0,0,0,106
1211983,1,1,1,1,1,0,106
1212014,0,0,0,0,1,0,106
1212472,1,0,1,0,0,0,106
1212507,0,0,0,0,1,0,106
1213768,0,1,0,1,0,0,106
1214041,1,0,0,1,1,0,106
1214044,0,1,0,1,0,0,106
1214062,0,1,0,1,0,0,106
1214156,0,0,0,0,1,0,106
1214338,0,1,1,0,1,0,106
1214513,0,1,1,0,1,0,106
1214743,1,1,0,0,0,0,106
1215041,1,0,0,1,1,0,106
1215469,1,0,1,0,0,0,106
1215632,1,1,1,1,1,0,106
1215719,0,1,1,0,1,0,106
1215800,0,0,0,0,1,0,106
1215938,1,1,0,0,0,0,106
1215952,1,1,1,1,1,0,106
1216285,0,0,1,1,0,0,106
1216691,1,0,0,1,1,0,106
1216695,0,0,0,0,1,0,106
1216984,0,0,1,1,0,0,106
1217107,0,1,0,1,0,0,106
1217545,1,1,0,0,0,0,106
1217827,0,0,0,0,1,0,106
1217880,0,0,1,1,0,0,106
1218446,1,1,1,1,1,0,106
1218662,0,1,1,0,1,0,106
1218693,0,0,1,1,0,0,106
1218740,1,1,1,1,1,0,106
1218888,1,1,1,1,1,0,106
1218966,1,0,0,1,1,0,106
1219255,1,1,0,0,0,0,106
1219257,1,0,1,0,0,0,106
1219471,1,0,0,1,1,0,106
1219562,1,1,0,0,0,0,106
1219793,1,0,1,0,0,0,106
1219899,1,0,1,0,0,0,106
1220077,0,0,0,0,1,0,106
1220709,1,0,1,0,0,0,106
1220951,1,1,0,0,0,0,106
1221080,0,0,0,0,1,0,106
1221158,0,1,0,1,0,0,106
1221396,0,0,1,1,0,0,106
1221996,0,1,0,1,0,0,106
1222011,1,0,1,0,0,0,106
1222253,0,0,0,0,1,0,106
1222308,0,1,0,1,0,0,106
1222606,1,1,0,0,0,0,106
1222877,1,1,1,1,1,0,106
1222966,1,0,1,0,0,0,106
1223666,1,1,0,0,0,0,106
1223721,1,1,1,1,1,0,106
1224260,0,0,1,1,0,0,106
1224450,1,0,1,0,0,0,106
1224595,1,0,0,1,1,0,106
1224739,1,1,1,1,1,0,106
1225017,0,1,0,1,0,0,106
1225307,1,0,0,1,1,0,106
1225675,1,1,1,1,1,0,106
1225829,0,1,0,1,0,0,106
1225944,0,0,1,1,0,0,106
1226190,0,0,1,1,0,0,106
1226618,1,1,1,1,1,0,106
1226672,0,0,1,1,0,0,106
1226731,1,1,0,0,0,0,106
1226817,1,1,0,0,0,0,106
1226890,0,1,1,0,1,0,106
1227287,0,1,0,1,0,0,106
1227379,1,1,1,1,1,0,106
1227395,0,0,1,1,0,0,106
1227484,0,1,1,0,1,0,106
1227898,0,1,1,0,1,0,106
1227956,1,0,0,1,1,0,106
1228444,1,0,1,0,0,0,106
1228559,0,0,0,0,1,0,106
1228594,0,0,1,1,0,0,106
1229408,0,1,0,1,0,0,106
1229486,1,0,0,1,1,0,106
1229828,1,1,0,0,0,0,106
1229910,0,0,0,0,1,0,106
1230264,0,1,1,0,1,0,106
1230274,1,1,1,1,1,0,106
1230384,0,1,1,0,1,0,106
1230556,1,0,0,1,1,0,106
1230634,1,0,1,0,0,0,106
1231245,1,0,1,0,0,0,106
1231257,1,1,1,1,1,0,106
1231715,1,1,0,0,0,0,106
1231773,0,0,1,1,0,0,106
1231971,1,1,0,0,0,0,106
1232058,0,1,0,1,0,0,106
1232145,1,1,0,0,0,0,106
1232820,1,1,0,0,0,0,106
1233008,1,0,1,0,0,0,106
1233110,0,1,0,1,0,0,106
1233208,0,0,1,1,0,0,106
1233382,0,1,1,0,1,0,106
1233685,1,1,1,1,1,0,106
1233759,0,0,0,0,1,0,106
1234966,1,1,0,0,0,0,106
1235056,0,1,0,1,0,0,106
1235135,1,1,1,1,1,0,106
1235684,1,0,1,0,0,0,106
1235685,0,1,1,0,1,0,106
1235787,0,0,0,0,1,0,106
1235907,0,1,1,0,1,0,106
1236054,1,1,1,1,1,0,106
1236226,1,0,0,1,1,0,106
1236627,0,0,1,1,0,0,106
1236693,1,0,1,0,0,0,106
1236845,0,1,0,1,0,0,106
1236971,0,1,1,0,1,0,106
1236987,1,1,0,0,0,0,106
1237003,0,0,0,0,1,0,106
1237009,1,1,0,0,0,0,106
1237255,1,0,1,0,0,0,106
1237345,0,1,1,0,1,0,106
1237384,0,1,0,1,0,0,106
1237626,1,0,1,0,0,0,106
1238080,1,0,1,0,0,0,106
1238166,0,1,1,0,1,0,106
1238860,0,0,0,0,1,0,106
1238902,1,1,1,1,1,0,106
1238985,1,0,1,0,0,0,106
1239238,0,0,1,1,0,0,106
1239332,1,0,1,1,0,0,106
1239355,0,1,0,1,0,0,106
1239683,1,1,0,1,0,0,106
1239769,0,0,1,1,0,0,106
1239816,1,0,0,1,1,0,106
1240159,1,1,0,0,0,0,106
1240176,1,0,0,1,1,0,106
1240207,0,1,0,1,0,0,106
1240301,0,1,0,1,0,0,106
1241152,0,1,0,1,0,0,106
1241159,1,1,0,0,0,0,106
1241402,1,0,1,0,0,0,106
1241536,0,0,1,1,0,0,106
1241730,1,1,1,1,1,0,106
1241854,1,1,0,1,0,0,106
1242169,1,1,1,1,1,0,106
1242232,1,0,1,0,0,0,106
1242370,0,0,1,1,0,0,106
1242453,1,1,1,1,1,0,106
1242545,0,0,0,0,1,0,106
1242686,1,1,0,0,0,0,106
1243067,0,0,0,0,1,0,106
1243193,0,1,0,1,0,0,106
1244003,0,0,1,1,0,0,106
1244302,1,0,0,1,1,0,106
1244325,1,0,1,0,0,0,106
1244329,0,0,0,0,1,0,106
1244458,0,1,0,1,0,0,106
1244479,0,0,0,0,1,0,106
1244778,0,0,0,0,1,0,106
1244858,0,1,1,0,1,0,106
1245035,0,0,0,0,1,0,106
1245136,1,0,1,0,0,0,106
1245421,0,1,0,1,0,0,70
1245882,0,0,0,0,1,0,70
1245888,1,1,1,1,1,0,70
1245969,0,0,1,1,0,0,70
1246475,1,0,1,0,0,0,70
1246512,1,1,1,1,1,0,70
1246645,0,1,1,0,1,0,70
1246708,1,0,1,0,0,0,70
1246749,0,0,0,0,1,0,70
1247095,0,0,0,0,1,0,70
1247210,0,0,0,0,1,0,70
1247331,1,0,1,0,0,0,70
1247999,1,0,1,0,0,0,70
1248131,0,1,1,0,1,0,70
1248437,0,0,0,0,1,0,70
1248494,1,0,0,1,1,0,70
1249065,0,0,1,1,0,0,70
1249407,0,0,1,1,0,0,70
1250278,1,0,0,0,1,1,70
1251652,0,1,0,1,0,0,70
1252285,0,1,0,1,0,0,70
1253140,0,0,0,0,1,0,70
1253873,1,1,0,0,0,0,70
1254936,1,0,1,0,0,0,70
1255125,1,1,1,1,1,0,70
1256536,1,1,0,0,0,0,70
1256704,1,1,1,1,1,0,70
1256714,1,1,1,1,1,0,70
1256990,1,0,1,0,0,0,70
1257019,0,0,1,1,0,0,70
1257117,1,1,1,1,1,0,70
1257428,0,0,1,1,0,0,70
1257671,0,1,1,0,1,0,70
1257908,1,1,1,1,1,0,70
1258230,0,0,0,0,1,0,70
1258292,1,0,1,0,0,0,70
1258456,0,0,1,1,0,0,70
1259195,1,0,0,1,1,0,70
1259314,0,1,0,1,0,0,70
1259769,1,1,1,1,1,0,70
1260671,1,1,0,0,0,0,70
1261104,1,0,1,0,0,0,70
1261714,1,0,0,1,1,0,70
1261821,0,1,1,0,1,0,70
1263077,1,0,1,0,0,0,70
1263206,0,1,0,1,0,0,70
1264270,0,0,1,1,0,0,70
1264287,1,0,0,1,1,0,70
1264442,1,1,0,0,0,0,70
1264665,1,0,1,0,0,0,70
1264857,1,1,0,0,0,0,70
1264923,0,0,1,1,0,0,70
1265170,0,1,0,1,0,0,70
1265301,0,0,1,1,0,0,70
1265543,1,0,1,0,0,0,70
1266909,1,1,0,0,0,0,70
1267137,1,1,1,1,1,0,70
1267257,0,1,1,1,1,1,70
1267562,0,1,0,0,0,0,70
1267642,1,0,1,0,0,0,70
1267758,1,0,0,1,1,0,70
1268152,0,1,0,1,0,0,70
1268560,0,0,0,0,1,0,70
1268672,1,1,1,1,1,0,70
1269185,0,0,1,1,0,0,70
1269789,1,1,0,0,0,0,70
1269802,1,1,1,1,1,0,70
1269822,1,0,1,0,0,0,70
1270609,0,0,0,0,1,0,70
1270789,1,1,0,0,0,0,70
1270880,0,0,0,0,1,0,70
1271400,0,0,1,1,0,0,70
1271784,0,1,1,0,1,0,70
1272359,1,0,0,1,1,0,70
1272363,0,1,1,0,1,0,70
1272377,0,0,1,0,0,0,70
1272825,0,1,0,1,0,0,70
1273031,1,0,1,0,0,0,70
1273143,0,1,0,1,0,0,70
1273758,0,1,0,1,0,0,70
1274158,0,1,0,1,0,0,70
1274205,0,0,0,1,1,1,70
1274285,0,1,0,1,0,0,70
1274450,0,1,1,0,1,0,70
1274692,0,0,0,0,1,0,70
1275003,0,0,0,0,1,0,70
1275324,0,0,1,1,0,0,70
1275984,0,0,0,0,1,0,70
1276362,1,0,1,0,0,0,70
1276374,1,0,1,0,0,0,70
1276448,0,1,1,0,1,0,70
1277465,0,0,0,1,1,1,70
1277485,0,1,0,1,0,0,70
1277590,0,0,0,0,1,0,70
1277617,0,0,1,1,0,0,70
1277635,1,1,0,0,0,0,70
1277920,1,1,0,0,0,0,70
1278558,0,0,1,1,0,0,70
1279128,0,1,0,1,0,0,70
1279423,0,0,1,1,0,0,70
1279821,0,1,0,1,0,0,70
1280159,0,1,0,1,0,0,70
1280668,0,1,0,1,0,0,70
1280999,1,0,1,0,0,0,70
1281019,1,0,0,1,1,0,70
1281242,0,1,0,1,0,0,70
1281409,0,1,0,1,0,0,70
1281789,1,1,1,1,1,0,70
1281945,0,1,1,0,1,0,70
1282112,0,0,0,1,1,1,70
1282397,0,0,0,0,1,0,70
1282434,1,1,0,0,0,0,70
1282445,0,0,0,0,1,0,70
1282737,0,0,1,1,0,0,70
1282845,0,0,1,1,0,0,70
1283357,0,1,1,0,1,0,70
1284077,1,1,1,1,1,0,70
1284101,0,1,1,0,1,0,70
1284198,1,0,0,1,1,0,70
1284211,0,1,0,1,0,0,70
1284691,1,1,0,1,0,0,70
1284912,1,1,1,1,1,0,70
1285131,1,0,0,1,1,0,70
1285874,1,1,1,1,1,0,70
1286022,1,0,0,1,1,0,70
1286212,0,0,0,0,1,0,70
1286691,1,0,0,1,1,0,70
1286833,1,0,1,0,0,0,70
1286844,0,0,1,1,0,0,70
1287103,1,1,0,0,0,0,70
1287267,0,1,0,1,0,0,70
1287307,1,0,1,0,0,0,70
1287366,0,0,0,0,1,0,70
1287793,0,1,0,1,0,0,70
1287927,0,1,0,1,0,0,70
1288044,1,0,1,0,0,0,70
1288138,0,0,0,0,1,0,70
1288150,1,0,0,1,1,0,70
1288170,1,0,1,0,0,0,70
1288727,0,0,1,1,0,0,70
1289356,0,1,0,1,0,0,70
1289718,1,0,1,0,0,0,70
1290350,0,0,1,0,0,0,70
1290782,0,1,0,1,0,0,70
1290889,1,1,0,0,0,0,70
1291500,1,1,0,0,0,0,70
1291819,1,1,1,1,1,0,70
1292435,0,1,0,1,0,0,70
1292835,0,0,0,0,1,0,70
1293009,0,1,0,1,0,0,70
1293368,1,1,0,0,0,0,70
1294225,1,0,1,0,0,0,70
1294607,1,1,0,0,0,0,70
1294785,0,1,0,1,0,0,70
1294866,0,1,1,0,1,0,70
1294905,0,0,0,0,1,0,70
1295352,1,1,0,0,0,0,70
1295648,1,0,0,1,1,0,70
1295940,0,0,1,1,0,0,70
1296032,1,1,0,0,0,0,70
1296332,0,1,0,1,0,0,70
1296471,0,0,0,0,1,0,70
1296491,1,1,1,1,1,0,70
1297105,1,0,0,1,1,0,70
1297331,1,1,0,0,0,0,70
1297742,1,1,0,0,0,0,70
1298019,0,0,1,1,0,0,70
1298329,0,1,1,0,1,0,70
1298355,0,0,1,1,0,0,70
1298918,0,1,0,1,0,0,70
1298936,1,0,0,1,1,0,70
1299273,0,0,1,1,0,0,70
1299904,0,1,1,0,1,0,70
1300055,0,1,0,1,0,0,70
1300089,1,0,1,0,0,0,70
1300980,1,1,1,1,1,0,70
1301137,0,1,1,0,1,0,70
1301594,0,1,1,0,1,0,70
1301677,1,1,0,0,0,0,70
1301692,0,1,1,0,1,0,70
1302292,0,0,0,0,1,0,70
1302418,0,1,1,0,1,0,70
1302526,1,1,1,1,1,0,70
1304120,1,0,1,0,0,0,70
1304238,0,1,1,0,1,0,70
1304777,0,0,0,0,1,0,70
1305030,0,1,0,1,0,0,70
1305235,1,1,0,0,0,0,70
1305248,1,1,1,1,1,0,70
1305651,0,0,0,0,1,0,70
1305885,0,1,0,1,0,0,70
1306051,1,1,0,0,0,0,70
1306136,0,0,0,0,1,0,70
1306808,0,1,0,1,0,0,70
1307098,0,0,1,1,0,0,70
1308027,1,0,1,0,0,0,70
1308219,0,1,1,0,1,0,70
1308276,0,0,0,0,1,0,70
1308773,1,1,0,0,0,0,70
1309280,1,1,1,1,1,0,70
1309868,0,0,1,1,0,0,70
1309967,1,1,1,1,1,0,70
1310454,1,1,1,1,1,0,70
1311107,1,0,1,0,0,0,119
1311448,0,0,0,0,1,0,119
1311632,1,0,1,0,0,0,119
1311649,0,0,0,0,1,0,119
1312168,0,1,1,0,1,0,119
1312302,1,1,0,0,0,0,119
1312508,1,1,0,0,0,0,119
1312785,1,1,0,0,0,0,119
1312848,0,1,0,1,0,0,119
1313195,0,1,1,0,1,0,119
1313220,0,0,1,1,0,0,119
1313509,0,1,1,0,1,0,119
1313842,0,0,0,0,1,0,119
1314487,1,1,1,1,1,0,119
1314581,1,1,1,1,1,0,119
1314598,0,1,0,1,0,0,119
1314783,0,0,0,0,1,0,119
1314843,1,1,0,0,0,0,119
1314916,0,1,1,0,1,0,119
1315182,1,1,0,0,0,0,119
1315377,0,0,0,0,1,0,119
1315409,0,0,1,1,0,0,119
1315459,1,0,1,0,0,0,119
1315572,1,1,1,1,1,0,119
1315587,1,1,0,0,0,0,119
1315931,1,1,1,1,1,0,119
1316020,0,1,1,0,1,0,119
1316158,1,1,1,1,1,0,119
1316225,1,0,0,1,1,0,119
1316370,0,0,0,0,1,0,119
1317331,0,0,1,1,0,0,119
1317532,0,0,0,0,1,0,119
1317568,1,0,0,1,1,0,119
1317950,0,1,0,1,0,0,119
1318022,0,0,1,1,0,0,119
1318138,0,1,0,1,0,0,119
1318185,1,1,1,1,1,0,119
1318236,1,0,0,1,1,0,119
1318482,1,1,0,0,0,0,119
1318666,0,0,1,1,0,0,119
1318868,1,1,1,1,1,0,119
1318995,1,1,1,1,1,0,119
1319134,0,0,0,0,1,0,119
1319215,1,0,0,1,1,0,119
1319549,0,1,0,1,0,0,119
1320180,0,1,1,0,1,0,119
1320197,1,0,1,0,0,0,119
1320308,1,0,1,0,0,0,119
1320320,0,0,1,1,0,0,119
1320339,0,1,0,1,0,0,119
1320526,0,0,1,1,0,0,119
1320688,1,1,0,0,0,0,119
1320796,0,1,0,1,0,0,119
1320953,0,0,0,0,1,0,119
1320983,0,0,0,0,1,0,119
1321397,0,0,0,1,1,1,119
1321698,1,1,0,0,0,0,119
1321889,0,1,1,1,1,1,119
1321944,1,1,0,0,0,0,119
1321951,0,0,1,1,0,0,119
1322031,1,0,0,1,1,0,119
1322039,0,0,1,1,0,0,119
1322063,1,0,1,0,0,0,119
1322105,1,0,0,1,1,0,119
1322359,1,1,1,1,1,0,119
1322382,1,1,0,0,0,0,119
1322494,0,1,0,1,0,0,119
1322861,0,1,0,1,0,0,119
1322912,0,0,1,1,0,0,119
1323206,0,1,1,0,1,0,119
1323557,0,0,1,1,0,0,119
1323657,1,0,0,1,1,0,119
1324058,0,1,1,0,1,0,119
1324134,1,0,1,1,0,0,119
1324438,0,1,0,1,0,0,119
1324549,0,0,0,0,1,0,119
1324712,1,1,0,0,0,0,119
1324945,1,1,0,0,0,0,119
1324963,0,1,1,0,1,0,119
1325241,0,0,1,1,0,0,119
1325260,0,0,0,0,1,0,119
1325356,1,0,1,0,0,0,119
1325605,1,0,1,0,0,0,119
1325700,0,0,0,0,1,0,119
1325885,1,0,0,1,1,0,119
1325999,0,1,1,0,1,0,119
1326278,1,0,1,0,0,0,119
1326470,1,0,0,1,1,0,119
1326497,0,1,1,0,1,0,119
1326566,1,1,0,0,0,0,119
1326986,0,0,1,1,0,0,119
1327090,0,1,1,0,1,0,119
1327634,1,1,0,0,0,0,119
1327649,1,1,1,1,1,0,119
1328047,1,1,1,1,1,0,119
1328159,0,1,0,1,0,0,119
1328528,0,1,0,1,0,0,119
1328703,0,1,0,1,0,0,119
1328770,0,0,0,0,1,0,119
1328839,0,1,0,1,0,0,119
1328908,0,0,0,0,1,0,119
1329049,1,0,0,1,1,0,119
1329481,0,0,0,0,1,0,119
1329962,1,1,0,0,0,0,119
1330288,1,1,1,1,1,0,119
1330456,1,0,0,1,1,0,119
1330708,1,1,0,0,0,0,119
1330829,0,0,1,0,0,0,119
1331375,1,0,0,0,1,1,119
1331402,1,0,1,0,0,0,119
1331441,0,0,1,1,0,0,119
1331639,1,1,1,1,1,0,119
1331727,0,1,0,1,0,0,119
1331931,1,1,0,0,0,0,119
1332273,1,1,0,0,0,0,119
1332302,0,1,0,1,0,0,119
1332456,0,1,0,1,0,0,119
1332757,1,0,1,0,0,0,119
1332834,0,0,1,1,0,0,119
1332911,1,1,1,1,1,0,119
1333206,0,1,0,1,0,0,119
1333219,1,0,1,0,0,0,119
1333300,0,0,1,1,0,0,119
1333515,1,0,1,0,0,0,119
1333734,1,1,0,0,0,0,119
1333754,0,0,0,0,1,0,119
1334192,0,0,1,1,0,0,119
1334212,0,1,1,0,1,0,119
1334256,1,0,0,1,1,0,119
1334319,0,0,0,0,1,0,119
1334395,0,1,1,0,1,0,119
1334831,0,1,0,1,0,0,119
1334965,1,1,1,1,1,0,119
1335115,0,0,1,1,0,0,119
1335235,0,0,0,0,1,0,119
1335279,0,1,1,0,1,0,119
1335417,0,0,0,0,1,0,119
1335593,0,0,0,0,1,0,119
1335747,0,0,1,1,0,0,119
1335759,0,1,0,1,0,0,119
1335876,0,1,1,1,1,1,119
1336049,0,1,0,1,0,0,119
1336071,0,1,1,0,1,0,119
1336350,0,0,0,0,1,0,119
1336364,0,1,1,0,1,0,119
1336367,0,1,0,1,0,0,119
1336425,1,1,1,1,1,0,119
1336505,1,0,1,0,0,0,119
1336690,0,1,1,0,1,0,119
1336696,1,1,0,0,0,0,119
1336817,0,1,1,0,1,0,119
1337335,1,0,1,0,0,0,119
1337717,0,0,1,1,0,0,119
1338090,0,0,0,0,1,0,119
1338165,0,0,1,1,0,0,119
1338263,0,0,0,0,1,0,119
1338683,1,1,0,0,0,0,119
1338730,1,0,1,0,0,0,119
1338752,1,1,0,0,0,0,119
1338920,1,0,1,0,0,0,119
1339210,1,1,0,0,0,0,119
1339269,0,0,0,0,1,0,119
1339393,1,0,1,0,0,0,119
1339854,1,1,1,1,1,0,119
1339863,0,0,1,1,0,0,119
1339888,1,0,0,1,1,0,119
1339947,0,0,1,1,0,0,119
1340026,1,0,1,0,0,0,119
1340241,0,0,0,0,1,0,119
1340887,0,1,0,1,0,0,119
1340940,0,1,0,1,0,0,119
1340952,1,1,0,0,0,0,119
1341160,1,1,0,0,0,0,119
1341499,0,1,1,0,1,0,119
1341569,0,0,1,1,0,0,119
1341605,0,0,0,0,1,0,119
1341936,1,1,0,0,0,0,119
1342268,1,1,0,0,0,0,119
1342304,0,1,0,1,0,0,119
1342342,1,1,0,0,0,0,119
1342505,0,0,1,1,0,0,119
1342532,1,1,1,1,1,0,119
1342561,0,0,0,0,1,0,119
1342618,0,1,0,1,0,0,119
1342762,0,0,0,0,1,0,119
1343214,0,1,0,1,0,0,119
1343242,0,1,1,0,1,0,119
1343328,1,1,0,0,0,0,119
1343563,0,1,1,0,1,0,119
1343831,0,0,0,0,1,0,119
1344096,1,0,1,0,0,0,119
1344114,1,0,1,0,0,0,119
1344121,1,1,0,0,0,0,119
1344293,1,0,0,1,1,0,119
1344402,1,1,1,1,1,0,119
1344433,1,0,1,0,0,0,119
1344576,1,1,1,1,1,0,119
1344842,0,1,0,1,0,0,119
1344856,0,1,0,1,0,0,119
1345264,1,0,0,1,1,0,119
1345322,1,0,1,0,0,0,119
1345361,1,1,0,0,0,0,119
1345607,1,0,0,1,1,0,119
1346126,1,1,0,0,0,0,119
1346253,0,0,1,1,0,0,119
1346609,0,1,1,0,1,0,119
1346650,1,0,1,0,0,0,119
1346744,1,1,0,0,0,0,119
1347190,1,1,0,0,0,0,119
1347684,0,1,1,0,1,0,119
1347964,1,1,0,0,0,0,119
1348273,0,1,1,0,1,0,119
1348339,1,1,0,0,0,0,119
1348377,0,0,0,0,1,0,119
1348494,0,0,1,1,0,0,119
1348570,1,0,1,0,0,0,119
1348922,0,1,1,0,1,0,119
1348947,0,0,0,0,1,0,119
1349025,1,0,1,0,0,0,119
1349075,1,0,0,1,1,0,119
1349113,0,1,0,1,0,0,119
1349197,1,1,0,0,0,0,119
1349853,0,1,1,0,1,0,119
1349901,0,1,0,1,0,0,119
1350005,1,1,1,1,1,0,119
1350249,1,1,0,0,0,0,119
1350410,1,1,0,0,0,0,119
1350476,1,1,0,0,0,0,119
1350661,0,0,1,1,0,0,119
1350666,0,0,1,1,0,0,119
1350799,1,1,1,0,1,1,119
1350923,1,1,0,0,0,0,119
1351128,1,1,0,0,0,0,119
1351231,1,1,0,0,0,0,119
1351404,1,0,1,0,0,0,119
1351480,0,1,0,1,0,0,119
1351494,0,1,0,0,0,0,119
1351591,0,1,0,1,0,0,119
1351869,0,1,0,1,0,0,119
1351890,1,0,1,0,0,0,119
1351952,1,1,1,1,1,0,119
1352302,0,1,1,0,1,0,119
1352857,0,0,1,1,0,0,119
1353437,0,1,1,0,1,0,119
1353495,0,1,1,0,1,0,119
1353873,0,0,0,0,1,0,119
1354015,1,0,1,0,0,0,119
1354314,0,0,0,0,1,0,119
1354597,1,1,0,0,0,0,119
1354805,1,1,1,1,1,0,119
1355273,1,1,1,1,1,0,119
1355491,1,0,0,1,1,0,119
1356050,0,0,0,0,1,0,119
1356156,0,1,0,1,0,0,119
1356229,1,0,1,0,0,0,119
1356414,1,0,1,0,0,0,119
1356472,1,1,1,1,1,0,119
1356667,1,0,0,1,1,0,119
1356726,0,0,1,1,0,0,119
1356785,1,1,1,1,1,0,119
1357091,0,1,0,1,0,0,119
1357491,1,1,0,0,0,0,119
1357638,0,0,1,1,0,0,119
1357862,0,0,0,0,1,0,119
1357866,1,1,0,0,0,0,119
1358122,0,0,0,0,1,0,119
1358489,1,1,1,1,1,0,119
1358504,1,0,0,1,1,0,119
1358510,0,0,0,0,1,0,119
1358568,0,0,0,0,1,0,119
1358584,0,0,0,0,1,0,119
1358948,1,1,0,0,0,0,119
1359139,0,1,1,0,1,0,119
1359341,1,0,0,1,1,0,119
1359441,1,1,1,1,1,0,119
1360391,0,1,1,0,1,0,119
1361051,1,0,0,1,1,0,119
1361258,1,1,1,1,1,0,119
1361282,0,0,0,0,1,0,119
1361453,1,1,0,0,0,0,119
1361682,0,1,0,1,0,0,119
1361941,1,1,1,1,1,0,119
1362315,1,1,0,0,0,0,119
1362472,1,0,1,0,0,0,119
1362797,0,1,0,1,0,0,119
1362899,0,0,0,0,1,0,119
1363022,1,1,0,0,0,0,119
1363149,0,0,1,1,0,0,119
1363161,1,0,0,1,1,0,119
1363332,1,0,1,0,0,0,119
1363392,1,0,0,1,1,0,119
1363445,1,0,1,0,0,0,119
1363565,1,1,1,0,1,1,119
1363571,1,0,1,0,0,0,119
1363700,1,0,1,0,0,0,119
1363865,1,1,1,1,1,0,119
1364154,1,1,0,0,0,0,119
1364189,1,0,0,1,1,0,119
1364412,1,1,0,0,0,0,119
1364759,0,0,0,0,1,0,119
1364946,0,1,0,1,0,0,119
1365069,0,0,1,1,0,0,119
1365177,0,0,0,0,1,0,119
1365752,0,0,0,0,1,0,119
1365992,1,1,0,0,0,0,119
1366179,0,0,1,1,0,0,119
1366239,1,1,0,0,0,0,119
1366449,0,1,1,0,1,0,119
1366478,1,1,1,1,1,0,119
1366685,1,1,1,1,1,0,119
1366805,0,0,1,1,0,0,119
1367013,1,1,0,0,0,0,119
1367101,1,0,1,0,0,0,119
1367156,0,1,0,1,0,0,119
1367192,1,1,0,0,0,0,119
1367934,0,1,0,1,0,0,119
1368436,1,1,0,0,0,0,119
1368521,1,1,0,0,0,0,119
1369141,0,1,0,1,0,0,119
1369303,1,0,0,1,1,0,119
1369730,1,0,0,1,1,0,119
1369882,0,0,1,1,0,0,119
1370234,0,0,0,0,1,0,119
1370787,1,0,0,1,1,0,119
1370850,0,0,0,0,1,0,119
1370998,1,0,0,1,1,0,119
1371520,1,0,1,0,0,0,119
1371622,1,1,1,1,1,0,119
1372107,0,1,1,0,1,0,119
1372467,1,0,1,0,0,0,119
1372698,1,0,0,1,1,0,119
1373003,1,0,0,1,1,0,119
1373259,0,1,0,1,0,0,119
1373526,1,1,0,0,0,0,119
1373704,0,1,0,1,0,0,119
1373814,0,1,1,0,1,0,119
1374249,1,0,1,0,0,0,119
1374342,1,1,0,0,0,0,119
1374401,1,1,0,0,0,0,119
1374469,1,1,1,1,1,0,119
1374979,0,1,1,0,1,0,119
1375064,1,1,1,1,1,0,119
1375347,1,1,1,1,1,0,119
1375615,1,0,1,0,0,0,119
1375755,1,0,1,1,0,0,119
1375837,0,1,1,0,1,0,119
1375872,1,0,0,1,1,0,119
1375995,0,1,0,1,0,0,119
1376153,0,0,1,1,0,0,119
1376220,1,0,0,1,1,0,119
1376407,0,1,0,1,0,0,71
1376569,0,1,1,0,1,0,71
1377408,1,0,0,1,1,0,71
1377717,1,0,1,0,0,0,71
1377938,1,0,1,0,0,0,71
1378197,1,1,1,1,1,0,71
1378739,0,0,0,0,1,0,71
1378886,0,0,0,0,1,0,71
1379203,1,0,0,1,1,0,71
1379560,1,1,1,1,1,0,71
1380132,0,0,1,1,0,0,71
1380235,0,0,0,0,1,0,71
1380341,1,1,1,1,1,0,71
1380568,1,1,0,0,0,0,71
1380880,0,0,1,1,0,0,71
1381438,0,1,1,0,1,0,71
1381443,1,0,0,1,1,0,71
1381498,1,1,1,1,1,0,71
1381582,0,1,1,0,1,0,71
1381816,0,1,0,1,0,0,71
1382024,0,0,0,0,1,0,71
1382026,1,1,1,1,1,0,71
1382235,0,1,0,1,0,0,71
1382660,0,1,1,0,1,0,71
1382778,1,1,1,1,1,0,71
1383168,0,0,0,0,1,0,71
1383256,1,1,0,0,0,0,71
1383667,1,1,0,0,0,0,71
1383729,1,1,1,1,1,0,71
1383732,0,1,0,1,0,0,71
1383919,1,0,1,0,0,0,71
1384212,0,1,1,0,1,0,71
1384555,0,1,1,0,1,0,71
1385760,0,1,1,0,1,0,71
1385832,0,1,0,0,0,0,71
1386145,0,1,0,1,0,0,71
1386634,0,0,0,0,1,0,71
1386853,0,1,1,0,1,0,71
1387621,1,0,1,0,0,0,71
1387893,0,0,1,1,0,0,71
1387979,0,0,0,1,1,1,71
1388082,0,0,1,1,0,0,71
1388422,0,0,1,1,0,0,71
1388438,1,1,1,1,1,0,71
1388509,0,1,1,0,1,0,71
1388758,0,0,1,1,0,0,71
1388855,0,1,0,1,0,0,71
1389488,1,0,1,0,0,0,71
1389752,0,0,1,1,0,0,71
1390210,1,1,1,1,1,0,71
1390900,1,1,1,0,1,1,71
1391082,0,1,1,0,1,0,71
1391307,1,1,1,1,1,0,71
1391826,0,1,0,1,0,0,71
1392240,1,1,1,1,1,0,71
1392301,1,1,0,0,0,0,71
1393233,0,1,1,0,1,0,71
1393301,0,1,0,1,0,0,71
1393860,1,1,0,0,0,0,71
1393862,0,1,0,1,0,0,71
1394156,1,1,0,0,0,0,71
1394449,1,1,0,0,0,0,71
1394522,0,1,0,1,0,0,71
1394626,0,1,1,0,1,0,71
1394952,0,1,0,1,0,0,71
1395482,1,1,1,1,1,0,71
1396454,0,0,1,1,0,0,71
1396499,1,1,1,1,1,0,71
1398028,0,1,0,1,0,0,71
1398151,1,1,0,0,0,0,71
1398395,1,1,1,1,1,0,71
1398842,1,0,0,1,1,0,71
1400210,1,1,0,0,0,0,71
1400268,1,0,0,1,1,0,71
1400891,1,1,0,0,0,0,71
1401122,1,1,0,0,0,0,71
1401210,0,1,0,1,0,0,71
1401418,0,0,1,1,0,0,71
1401717,1,0,0,1,1,0,71
1401764,0,0,1,1,0,0,71
1402026,0,0,1,1,0,0,71
1402061,0,0,1,1,0,0,71
1402179,1,0,0,1,1,0,71
1402293,0,1,0,0,0,0,71
1402382,0,0,1,1,0,0,71
1402538,1,0,1,0,0,0,71
1402566,1,1,1,1,1,0,71
1402877,0,0,1,1,0,0,71
1403560,1,1,0,0,0,0,71
1403968,0,1,0,1,0,0,71
1404243,0,1,0,1,0,0,71
1404249,1,1,0,1,0,0,71
1404356,0,0,1,1,0,0,71
1404517,0,1,1,0,1,0,71
1405361,0,0,1,1,0,0,71
1405439,1,1,0,0,0,0,71
1406292,1,1,0,0,0,0,71
1406457,0,1,0,1,0,0,71
1407227,1,0,1,0,0,0,71
1407271,1,0,0,1,1,0,71
1407537,1,1,0,0,0,0,71
1407550,1,1,1,1,1,0,71
1408015,0,1,0,1,0,0,71
1408936,0,0,1,1,0,0,71
1409181,1,1,1,1,1,0,71
1409241,1,1,1,1,1,0,71
1409335,1,1,1,1,1,0,71
1409666,1,1,0,0,0,0,71
1409779,0,0,0,0,1,0,71
1410173,0,0,0,0,1,0,71
1410296,0,0,0,0,1,0,71
1410484,1,1,1,1,1,0,71
1410505,1,0,1,0,0,0,71
1410675,0,0,0,0,1,0,71
1410732,1,1,0,0,0,0,71
1411048,1,0,0,1,1,0,71
1411403,0,1,0,1,0,0,71
1411674,1,1,1,1,1,0,71
1411993,1,0,1,0,0,0,71
1412053,0,1,1,0,1,0,71
1412953,1,0,1,0,0,0,71
1413432,1,1,1,1,1,0,71
1413735,0,1,1,0,1,0,71
1414293,1,1,0,0,0,0,71
1414416,1,0,1,0,0,0,71
1414453,1,1,0,0,0,0,71
1414486,0,0,1,1,0,0,71
1414499,1,1,0,0,0,0,71
1414840,1,1,1,1,1,0,71
1414845,0,0,0,0,1,0,71
1414929,0,1,1,0,1,0,71
1415627,0,0,1,1,0,0,71
1415754,0,1,1,0,1,0,71
1416032,1,0,1,1,0,0,71
1416047,0,0,1,1,0,0,71
1416073,0,1,1,0,1,0,71
1416986,0,0,0,0,1,0,71
1417402,1,1,1,1,1,0,71
1417568,1,1,1,1,1,0,71
1417844,0,1,1,0,1,0,71
1417918,0,0,1,1,0,0,71
1418128,1,0,1,0,0,0,71
1418825,1,1,0,0,0,0,71
1419270,0,1,1,0,1,0,71
1419659,0,1,0,1,0,0,71
1420320,0,1,0,1,0,0,71
1420370,1,1,1,1,1,0,71
1420379,0,1,0,0,0,0,71
1420514,0,1,1,0,1,0,71
1421161,1,1,1,1,1,0,71
1421329,0,0,0,0,1,0,71
1421378,0,1,1,0,1,0,71
1421509,0,1,1,0,1,0,71
1421566,1,0,0,1,1,0,71
1421589,0,0,1,1,0,0,71
1421637,1,1,1,1,1,0,71
1421645,0,0,0,0,1,0,71
1421675,0,0,0,0,1,0,71
1422170,0,0,1,1,0,0,71
1422336,1,1,1,1,1,0,71
1422354,1,0,1,0,0,0,71
1422365,1,0,1,0,0,0,71
1422445,1,0,1,0,0,0,71
1422578,0,1,1,0,1,0,71
1422690,1,0,0,1,1,0,71
1422770,0,0,1,1,0,0,71
1423132,1,1,1,1,1,0,71
1423840,1,1,1,1,1,0,71
1424068,0,0,1,1,0,0,71
1424249,1,0,0,1,1,0,71
1424275,0,1,0,1,0,0,71
1424398,0,1,0,1,0,0,71
1424535,0,1,1,0,1,0,71
1424971,1,0,0,1,1,0,71
1425393,0,1,0,1,0,0,71
1425881,1,0,1,0,0,0,71
1426063,1,0,0,1,1,0,71
1426106,1,0,0,1,1,0,71
1426854,1,1,0,0,0,0,71
1427403,0,0,0,0,1,0,71
1427862,1,1,0,0,0,0,71
1427868,0,1,1,0,1,0,71
1428015,0,1,1,0,1,0,71
1428033,0,0,1,1,0,0,71
1428084,0,1,0,1,0,0,71
1428349,0,0,0,0,1,0,71
1428882,1,1,0,0,0,0,71
1428938,1,1,0,0,0,0,71
1428941,1,0,1,0,0,0,71
1429096,1,0,0,1,1,0,71
1429123,1,1,0,0,0,0,71
1429163,1,1,0,1,0,0,71
1429230,1,1,0,0,0,0,71
1429491,1,1,1,1,1,0,71
1429665,1,0,1,0,0,0,71
1429670,0,0,1,1,0,0,71
1430319,1,1,0,0,0,0,71
1430370,0,1,0,1,0,0,71
1430616,0,1,0,1,0,0,71
1430878,1,1,0,0,0,0,71
1430884,0,0,1,1,0,0,71
1430933,1,0,0,1,1,0,71
1430987,1,0,1,0,0,0,71
1431089,0,1,1,0,1,0,71
1431315,0,1,0,1,0,0,71
1432084,1,0,1,0,0,0,71
1432118,0,1,0,1,0,0,71
1432643,1,0,0,1,1,0,71
1432652,0,0,0,0,1,0,71
1432891,1,0,1,0,0,0,71
1433604,1,1,0,0,0,0,71
1433947,0,1,1,0,1,0,71
1434204,1,0,1,0,0,0,71
1434909,1,1,0,0,0,0,71
1434912,1,0,0,1,1,0,71
1435247,1,0,1,0,0,0,71
1435419,0,0,0,0,1,0,71
1435448,0,1,0,1,0,0,71
1435990,1,0,0,1,1,0,71
1436048,1,0,0,1,1,0,71
1436181,0,1,1,0,1,0,71
1436372,0,1,1,0,1,0,71
1436528,0,0,0,0,1,0,71
1436729,0,0,0,0,1,0,71
1437094,0,1,1,0,1,0,71
1437144,0,1,0,1,0,0,71
1437258,0,0,0,0,1,0,71
1437560,1,0,1,0,0,0,71
1437878,0,0,0,0,1,0,71
1438061,0,1,1,0,1,0,71
1438089,0,0,1,1,0,0,71
1438533,0,1,1,0,1,0,71
1438577,1,1,1,1,1,0,71
1439359,1,1,1,1,1,0,71
1439680,0,0,1,1,0,0,71
1440024,0,1,1,0,1,0,71
1440258,0,1,1,0,1,0,71
1440378,0,0,1,1,0,0,71
1440441,0,1,1,0,1,0,71
1440849,1,1,0,0,0,0,71
1440935,1,1,0,0,0,0,71
1441308,1,0,0,1,1,0,71
1442170,1,0,1,0,0,0,102
1442360,1,0,0,1,1,0,102
1442477,0,1,0,1,0,0,102
1442963,0,0,1,1,0,0,102
1443243,0,1,1,0,1,0,102
1443405,0,0,1,1,0,0,102
1443625,0,0,1,1,0,0,102
1443729,1,0,0,1,1,0,102
1444109,0,0,0,0,1,0,102
1444201,0,0,1,1,0,0,102
1444663,0,0,0,0,1,0,102
1445143,1,1,1,1,1,0,102
1445158,1,1,1,1,1,0,102
1445719,0,0,0,0,1,0,102
1445997,1,1,0,0,0,0,102
1446413,0,0,1,1,0,0,102
1446452,1,1,1,1,1,0,102
1446879,1,1,0,0,0,0,102
1447177,0,1,1,0,1,0,102
1447239,0,0,1,1,0,0,102
1447273,1,0,0,0,1,1,102
1447276,1,1,1,1,1,0,102
1447375,1,1,1,1,1,0,102
1447757,1,1,0,0,0,0,102
1447975,1,0,0,1,1,0,102
1448054,0,0,0,0,1,0,102
1448327,1,0,1,0,0,0,102
1448446,1,1,1,0,1,1,102
1448497,0,1,1,0,1,0,102
1448522,0,1,1,0,1,0,102
1448553,1,0,1,0,0,0,102
1448636,0,0,0,0,1,0,102
1449114,1,1,1,1,1,0,102
1449218,0,0,0,0,1,0,102
1449448,0,0,1,1,0,0,102
1449458,0,0,1,1,0,0,102
1449543,1,0,0,1,1,0,102
1449706,1,0,0,1,1,0,102
1449799,1,1,0,0,0,0,102
1449888,0,0,0,0,1,0,102
1449900,1,0,1,0,0,0,102
1450033,1,0,0,1,1,0,102
1450058,1,0,0,1,1,0,102
1450454,1,1,0,0,0,0,102
1450633,0,0,1,1,0,0,102
1450646,1,0,1,0,0,0,102
1451067,1,0,1,0,0,0,102
1451416,0,1,1,0,1,0,102
1451705,1,0,1,1,0,0,102
1451746,1,0,0,1,1,0,102
1451808,0,0,1,1,0,0,102
1451871,1,0,1,0,0,0,102
1451912,1,1,1,1,1,0,102
1451931,1,0,1,0,0,0,102
1452024,1,0,1,0,0,0,102
1452041,0,1,1,0,1,0,102
1452176,0,1,1,0,1,0,102
1452480,1,1,1,0,1,1,102
1452540,1,0,0,1,1,0,102
1452548,0,1,0,1,0,0,102
1452647,1,1,0,0,0,0,102
1452782,0,0,1,1,0,0,102
1452817,1,0,1,0,0,0,102
1452843,1,0,0,1,1,0,102
1453245,1,0,1,0,0,0,102
1453248,1,1,0,0,0,0,102
1453772,0,1,0,1,0,0,102
1453797,0,0,1,1,0,0,102
1453972,1,0,0,1,1,0,102
1454150,0,0,0,0,1,0,102
1454784,1,0,0,1,1,0,102
1455095,0,0,0,0,1,0,102
1455280,1,1,1,1,1,0,102
1455324,1,0,0,1,1,0,102
1455560,1,0,0,1,1,0,102
1455881,1,1,1,1,1,0,102
1456107,0,1,0,1,0,0,102
1456242,0,0,1,1,0,0,102
1456320,1,0,0,1,1,0,102
1456348,1,1,0,0,0,0,102
1456353,1,0,1,0,0,0,102
1456499,1,0,0,1,1,0,102
1456674,1,1,0,0,0,0,102
1456867,0,0,1,1,0,0,102
1457029,0,1,1,0,1,0,102
1457108,1,0,1,0,0,0,102
1457604,0,0,0,0,1,0,102
1457700,0,0,0,0,1,0,102
1457935,0,0,1,1,0,0,102
1458074,0,1,1,0,1,0,102
1458194,0,1,1,0,1,0,102
1458260,1,0,0,1,1,0,102
1458314,0,1,1,0,1,0,102
1458491,0,0,1,1,0,0,102
1458658,0,0,0,0,1,0,102
1459374,0,1,0,1,0,0,102
1459377,1,1,1,1,1,0,102
1459477,1,0,1,0,0,0,102
1459485,0,1,0,1,0,0,102
1459809,1,1,0,0,0,0,102
1460140,0,0,0,0,1,0,102
1460193,0,0,0,0,1,0,102
1460533,1,0,0,1,1,0,102
1460635,1,1,0,0,0,0,102
1460708,1,0,0,0,1,1,102
1461548,1,0,0,1,1,0,102
1461576,0,1,0,1,0,0,102
1461715,1,0,0,1,1,0,102
1461774,0,1,1,0,1,0,102
1461788,0,0,0,0,1,0,102
1461829,1,1,0,0,0,0,102
1462287,0,1,1,0,1,0,102
1462585,0,1,1,0,1,0,102
1462602,0,0,1,1,0,0,102
1462767,0,1,0,1,0,0,102
1463119,0,1,0,1,0,0,102
1463626,0,0,0,0,1,0,102
1464099,1,1,0,0,0,0,102
1464169,1,1,1,1,1,0,102
1464316,0,0,0,0,1,0,102
1464379,1,0,0,1,1,0,102
1464423,0,0,1,1,0,0,102
1464506,0,0,0,0,1,0,102
1464593,0,1,1,0,1,0,102
1465424,0,1,0,1,0,0,102
1465722,1,0,1,0,0,0,102
1465738,0,0,1,1,0,0,102
1465749,0,1,1,0,1,0,102
1465907,0,1,1,0,1,0,102
1466301,1,0,1,0,0,0,102
1466601,1,0,0,1,1,0,102
1466706,1,1,0,0,0,0,102
1466971,0,1,0,1,0,0,102
1467174,1,1,1,1,1,0,102
1467279,1,1,0,0,0,0,102
1467345,1,1,1,1,1,0,102
1467412,0,1,1,0,1,0,102
1467847,1,1,0,0,0,0,102
1467913,0,1,0,1,0,0,102
1468335,1,1,0,0,0,0,102
1468614,0,0,1,1,0,0,102
1468720,0,1,1,0,1,0,102
1468738,0,0,1,1,0,0,102
1468742,1,1,0,0,0,0,102
1469233,0,0,1,1,0,0,102
1469243,1,1,0,0,0,0,102
1469721,0,0,0,0,1,0,102
1469776,1,1,1,1,1,0,102
1470239,0,1,1,0,1,0,102
1470380,0,1,1,0,1,0,102
1470387,1,0,1,0,0,0,102
1470404,1,0,1,0,0,0,102
1470418,0,1,1,0,1,0,102
1470669,0,1,0,1,0,0,102
1470736,1,0,1,0,0,0,102
1470966,0,0,1,1,0,0,102
1471628,1,0,0,1,1,0,102
1471767,1,0,0,1,1,0,102
1472432,1,1,0,0,0,0,102
1472699,1,1,0,0,0,0,102
1473144,0,0,1,1,0,0,102
1473285,0,1,1,0,1,0,102
1473499,1,1,1,1,1,0,102
1473554,0,0,1,1,0,0,102
1473672,0,1,0,1,0,0,102
1473825,0,0,1,1,0,0,102
1474157,0,0,0,0,1,0,102
1474221,1,0,0,1,1,0,102
1474457,1,0,1,0,0,0,102
1474680,0,1,0,1,0,0,102
1474794,0,0,1,1,0,0,102
1474873,0,0,0,0,1,0,102
1475144,0,0,0,0,1,0,102
1475190,1,1,0,0,0,0,102
1475346,0,0,1,1,0,0,102
1475397,0,1,1,0,1,0,102
1475556,1,0,0,1,1,0,102
1476360,0,0,1,1,0,0,102
1476498,1,0,0,1,1,0,102
1476639,1,0,0,0,1,1,102
1476718,0,1,0,1,0,0,102
1476759,0,0,1,1,0,0,102
1476860,1,0,1,0,0,0,102
1477120,0,1,1,0,1,0,102
1477391,0,0,0,0,1,0,102
1478036,0,0,0,0,1,0,102
1478291,0,1,1,0,1,0,102
1478397,0,0,0,0,1,0,102
1478446,0,1,1,0,1,0,102
1478581,0,1,1,0,1,0,102
1479137,0,0,1,1,0,0,102
1479207,1,0,0,1,1,0,102
1479487,0,1,0,1,0,0,102
1479671,1,0,1,0,0,0,102
1479795,0,1,0,1,0,0,102
1480248,0,0,1,1,0,0,102
1480404,1,0,1,0,0,0,102
1480776,1,1,1,1,1,0,102
1480785,0,0,0,0,1,0,102
1481887,1,0,1,0,0,0,102
1482281,1,1,1,1,1,0,102
1482787,1,0,0,1,1,0,102
1483033,1,1,1,1,1,0,102
1483649,0,0,1,1,0,0,102
1483758,0,0,0,0,1,0,102
1484010,0,0,1,1,0,0,102
1484407,0,1,1,0,1,0,102
1484884,1,1,1,1,1,0,102
1484937,1,0,1,0,0,0,102
1484978,1,0,1,0,0,0,102
1485140,0,1,0,1,0,0,102
1485358,1,0,0,1,1,0,102
1485454,0,0,1,1,0,0,102
1485679,1,0,0,1,1,0,102
1486379,1,1,1,1,1,0,102
1486620,0,1,1,0,1,0,102
1486908,0,0,1,1,0,0,102
1487301,1,0,0,1,1,0,102
1487474,0,1,0,1,0,0,102
1487728,0,0,1,1,0,0,102
1487895,0,0,0,0,1,0,102
1488949,1,1,1,1,1,0,102
1489423,0,0,0,0,1,0,102
1490034,1,0,0,1,1,0,102
1490280,1,0,1,0,0,0,102
1490735,0,1,1,0,1,0,102
1491050,0,1,1,0,1,0,102
1491101,1,1,0,0,0,0,102
1491344,1,0,0,1,1,0,102
1491490,0,1,1,0,1,0,102
1491521,0,0,1,1,0,0,102
1491588,1,0,0,1,1,0,102
1491691,0,0,0,0,1,0,102
1492071,1,1,1,1,1,0,102
1492188,1,1,0,0,0,0,102
1492431,1,1,1,1,1,0,102
1492433,1,1,1,1,1,0,102
1492549,0,1,0,1,0,0,102
1492590,1,1,0,0,0,0,102
1492875,0,1,0,1,0,0,102
1493336,0,0,0,0,1,0,102
1493506,0,1,0,1,0,0,102
1493747,0,1,1,0,1,0,102
1494274,1,0,0,1,1,0,102
1494487,0,1,1,0,1,0,102
1494877,1,1,1,1,1,0,102
1495194,1,1,0,0,0,0,102
1495782,1,1,1,1,1,0,102
1495913,0,0,0,0,1,0,102
1495940,0,1,1,0,1,0,102
1495978,1,0,1,0,0,0,102
1496012,0,1,0,0,0,0,102
1496014,0,0,1,1,0,0,102
1496057,1,1,0,0,0,0,102
1496194,0,0,0,0,1,0,102
1496307,1,1,1,1,1,0,102
1496451,0,1,0,1,0,0,102
1496664,0,1,0,1,0,0,102
1496836,0,0,1,1,0,0,102
1496969,1,0,0,1,1,0,102
1497003,1,0,1,0,0,0,102
1497156,1,1,0,0,0,0,102
1497284,0,0,1,1,0,0,102
1497363,1,1,0,0,0,0,102
1497458,1,0,1,0,0,0,102
1497577,0,1,1,0,1,0,102
1497732,0,1,1,0,1,0,102
1497790,1,1,0,0,0,0,102
1497991,1,1,0,0,0,0,102
1498045,0,1,0,1,0,0,102
1498099,0,1,1,0,1,0,102
1498294,0,1,0,1,0,0,102
1498360,0,0,0,0,1,0,102
1498890,0,1,0,1,0,0,102
1499164,0,0,0,0,1,0,102
1499263,1,0,0,1,1,0,102
1499605,1,0,1,0,0,0,102
1500060,1,0,1,0,0,0,102
1500317,0,0,0,0,1,0,102
1500376,0,0,1,1,0,0,102
1500479,1,1,0,0,0,0,102
1500724,0,1,1,0,1,0,102
1501553,0,1,0,1,0,0,102
1501598,1,1,0,0,0,0,102
1501631,0,1,0,0,0,0,102
1501781,0,1,1,0,1,0,102
1501788,1,1,0,0,0,0,102
1501872,1,0,0,1,1,0,102
1502050,0,1,1,0,1,0,102
1502535,0,0,0,0,1,0,102
1502723,0,1,0,0,0,0,102
1502827,0,1,1,0,1,0,102
1502867,1,1,0,0,0,0,102
1503210,1,0,1,0,0,0,102
1503742,0,0,0,0,1,0,102
1503909,0,0,0,0,1,0,102
1504085,0,1,1,0,1,0,102
1504408,0,1,1,0,1,0,102
1504449,1,1,1,0,1,1,102
1504911,0,0,1,1,0,0,102
1504996,1,1,0,0,0,0,102
1505006,1,0,1,0,0,0,102
1505222,1,0,1,0,0,0,102
1505389,1,1,1,1,1,0,102
1505705,1,0,1,0,0,0,102
1505994,0,0,0,0,1,0,102
1506090,0,1,0,1,0,0,102
1506295,1,0,0,1,1,0,102
1506388,0,0,1,1,0,0,102
1506453,0,1,1,0,1,0,102
1506485,1,1,1,1,1,0,102
1506876,0,1,1,0,1,0,102
1507071,0,1,1,0,1,0,102
1507372,0,1,0,1,0,0,110
1507513,1,0,1,0,0,0,110
1507702,0,0,0,0,1,0,110
1507983,1,0,1,0,0,0,110
1508271,0,1,0,1,0,0,110
1508396,1,0,0,1,1,0,110
1508404,1,0,0,1,1,0,110
1508665,1,0,1,0,0,0,110
1508756,1,0,1,0,0,0,110
1508838,1,0,0,1,1,0,110
1508981,1,0,0,1,1,0,110
1509220,0,1,0,1,0,0,110
1509263,1,0,0,1,1,0,110
1509365,1,1,0,0,0,0,110
1509551,1,1,0,0,0,0,110
1510068,0,1,1,0,1,0,110
1510155,0,0,0,0,1,0,110
1510374,1,1,1,1,1,0,110
1510552,0,0,1,1,0,0,110
1510750,1,1,1,1,1,0,110
1510838,1,0,1,0,0,0,110
1510845,0,1,0,1,0,0,110
1510889,1,0,1,0,0,0,110
1511060,0,1,1,0,1,0,110
1511423,1,1,1,1,1,0,110
1511771,1,0,0,1,1,0,110
1511964,1,0,0,1,1,0,110
1512257,0,0,0,0,1,0,110
1512379,1,0,1,0,0,0,110
1512424,0,1,1,0,1,0,110
1512577,0,1,1,1,1,1,110
1512776,0,1,1,0,1,0,110
1513600,1,1,1,1,1,0,110
1513853,1,1,0,0,0,0,110
1514157,0,1,1,0,1,0,110
1514158,1,1,1,1,1,0,110
1514370,1,1,1,1,1,0,110
1514386,1,0,1,0,0,0,110
1514401,1,1,0,0,0,0,110
1514428,0,0,1,1,0,0,110
1514609,0,0,1,1,0,0,110
1514660,1,1,1,1,1,0,110
1514766,0,1,1,0,1,0,110
1514851,0,1,1,0,1,0,110
1514871,1,0,1,0,0,0,110
1515575,1,0,0,1,1,0,110
1515868,0,0,0,0,1,0,110
1516179,0,1,0,1,0,0,110
1516470,1,1,0,0,0,0,110
1516814,0,0,0,0,1,0,110
1517431,1,1,1,1,1,0,110
1517619,1,1,0,0,0,0,110
1517658,1,0,1,0,0,0,110
1517693,0,0,1,1,0,0,110
1517767,0,1,0,1,0,0,110
1518268,0,1,1,0,1,0,110
1518345,1,0,1,0,0,0,110
1518451,1,1,0,0,0,0,110
1518700,0,1,1,0,1,0,110
1518950,1,0,0,1,1,0,110
1519057,1,0,0,1,1,0,110
1519337,1,0,0,1,1,0,110
1519461,0,0,0,0,1,0,110
1519579,0,1,1,0,1,0,110
1519713,0,0,0,0,1,0,110
1520041,1,1,0,0,0,0,110
1520062,0,0,0,0,1,0,110
1520136,0,1,0,1,0,0,110
1520286,1,0,0,1,1,0,110
1520402,0,1,1,0,1,0,110
1520731,0,0,1,1,0,0,110
1520829,1,0,0,1,1,0,110
1520997,0,0,1,1,0,0,110
1521154,1,1,1,1,1,0,110
1521209,0,1,0,1,0,0,110
1521375,1,1,1,1,1,0,110
1521406,1,0,0,1,1,0,110
1521707,1,1,1,1,1,0,110
1521886,0,0,1,1,0,0,110
1521916,0,1,0,1,0,0,110
1522672,1,1,0,0,0,0,110
1522869,1,1,0,0,0,0,110
1523120,0,0,0,0,1,0,110
1523525,1,0,1,0,0,0,110
1523627,0,1,1,0,1,0,110
1523693,0,0,0,0,1,0,110
1523857,1,1,1,1,1,0,110
1524141,1,0,1,0,0,0,110
1524306,0,1,0,1,0,0,110
1524394,0,1,1,0,1,0,110
1524455,1,1,0,0,0,0,110
1524505,1,0,1,0,0,0,110
1524889,0,1,0,1,0,0,110
1525010,0,1,0,1,0,0,110
1525518,1,0,0,1,1,0,110
1525523,0,0,0,0,1,0,110
1525549,1,1,1,1,1,0,110
1525556,1,1,1,1,1,0,110
1526010,0,1,1,0,1,0,110
1526645,1,0,1,0,0,0,110
1526863,1,1,1,1,1,0,110
1527503,1,0,1,0,0,0,110
1527714,1,1,0,0,0,0,110
1527856,1,0,1,0,0,0,110
1528089,0,1,1,0,1,0,110
1528264,1,1,0,0,0,0,110
1528567,1,0,1,0,0,0,110
1528667,0,1,0,1,0,0,110
1528997,1,0,0,1,1,0,110
1529364,1,1,0,0,0,0,110
1529474,0,1,0,1,0,0,110
1529589,1,1,0,0,0,0,110
1529999,0,0,1,1,0,0,110
1530008,1,0,1,0,0,0,110
1530061,1,1,0,0,0,0,110
1530128,0,0,0,0,1,0,110
1530239,0,0,0,0,1,0,110
1530547,1,1,1,1,1,0,110
1530602,1,1,1,1,1,0,110
1530708,0,0,1,1,0,0,110
1530951,1,1,1,1,1,0,110
1531183,0,0,1,1,0,0,110
1531690,0,1,0,1,0,0,110
1531718,1,0,0,1,1,0,110
1531826,1,1,1,1,1,0,110
1531991,0,1,0,1,0,0,110
1532217,0,1,0,1,0,0,110
1532384,0,0,1,1,0,0,110
1532494,0,1,1,0,1,0,110
1532689,1,0,0,1,1,0,110
1532851,0,1,1,0,1,0,110
1533065,1,0,1,0,0,0,110
1533591,1,1,0,0,0,0,110
1533613,1,0,0,1,1,0,110
1533669,0,0,0,0,1,0,110
1533693,0,1,0,1,0,0,110
1534061,1,1,0,0,0,0,110
1534095,0,0,1,1,0,0,110
1534350,0,1,0,1,0,0,110
1534368,1,1,1,1,1,0,110
1534480,0,0,0,0,1,0,110
1534833,1,1,0,0,0,0,110
1534880,0,0,1,1,0,0,110
1534917,1,1,0,0,0,0,110
1535234,1,0,1,0,0,0,110
1535528,0,0,0,0,1,0,110
1536363,0,0,1,1,0,0,110
1536374,1,1,1,1,1,0,110
1536408,1,1,0,0,0,0,110
1536430,1,1,0,0,0,0,110
1536872,0,0,1,1,0,0,110
1536973,0,0,0,0,1,0,110
1537164,0,1,1,0,1,0,110
1537217,1,0,1,0,0,0,110
1537676,1,0,1,0,0,0,110
1537787,0,0,1,1,0,0,110
1537883,0,0,1,1,0,0,110
1538102,0,0,1,1,0,0,110
1538176,0,1,1,0,1,0,110
1538225,1,0,1,0,0,0,110
1538329,0,0,0,0,1,0,110
1538362,1,0,1,0,0,0,110
1538475,0,1,0,1,0,0,110
1538482,0,0,1,1,0,0,110
1538496,0,1,0,1,0,0,110
1538617,1,0,0,1,1,0,110
1538956,0,1,1,0,1,0,110
1539521,1,1,1,1,1,0,110
1539577,1,1,1,1,1,0,110
1539579,0,0,0,0,1,0,110
1539839,1,1,0,0,0,0,110
1540282,0,1,1,0,1,0,110
1540492,1,0,1,0,0,0,110
1540674,1,1,0,0,0,0,110
1540782,1,1,0,0,0,0,110
1540810,0,1,1,0,1,0,110
1540834,0,1,0,1,0,0,110
1541191,0,0,0,0,1,0,110
1541940,0,0,1,1,0,0,110
1542005,0,1,1,0,1,0,110
1542373,1,0,1,0,0,0,110
1542404,0,1,0,1,0,0,110
1542427,0,1,0,1,0,0,110
1542531,1,1,1,1,1,0,110
1542869,0,0,1,1,0,0,110
1542963,0,1,0,1,0,0,110
1542967,0,1,0,1,0,0,110
1543028,0,0,1,1,0,0,110
1543337,1,1,1,1,1,0,110
1543460,1,1,1,1,1,0,110
1543486,0,1,0,1,0,0,110
1543547,1,0,1,0,0,0,110
1543701,0,1,1,0,1,0,110
1543957,1,0,1,0,0,0,110
1544002,0,1,1,0,1,0,110
1544519,1,1,0,1,0,0,110
1544553,0,1,0,1,0,0,110
1545194,1,1,1,1,1,0,110
1545290,1,1,0,0,0,0,110
1545305,1,0,1,0,0,0,110
1545699,0,1,0,1,0,0,110
1545745,0,1,0,1,0,0,110
1545840,0,0,0,0,1,0,110
1545842,0,1,0,1,0,0,110
1546359,1,1,0,0,0,0,110
1546471,1,1,0,0,0,0,110
1546825,0,1,0,1,0,0,110
1547439,1,1,1,1,1,0,110
1547715,1,1,0,0,0,0,110
1547743,1,0,1,0,0,0,110
1548307,0,1,1,0,1,0,110
1548351,0,1,1,0,1,0,110
1548645,0,1,0,1,0,0,110
1548729,1,0,0,1,1,0,110
1548901,1,0,1,0,0,0,110
1549407,1,0,0,1,1,0,110
1549712,0,0,0,0,1,0,110
1549771,1,0,0,1,1,0,110
1549962,1,1,1,1,1,0,110
1549972,0,0,1,1,0,0,110
1550046,0,1,1,0,1,0,110
1550701,0,1,0,1,0,0,110
1550769,1,0,0,1,1,0,110
1550953,0,0,1,1,0,0,110
1551358,0,1,0,1,0,0,110
1551401,1,1,0,0,0,0,110
1551649,0,0,1,1,0,0,110
1552102,0,1,0,1,0,0,110
1552307,0,0,1,1,0,0,110
1552314,0,0,0,0,1,0,110
1552562,0,0,1,1,0,0,110
1552631,0,0,0,0,1,0,110
1552801,0,0,0,0,1,0,110
1553110,0,0,0,0,1,0,110
1553187,1,1,1,1,1,0,110
1553539,0,1,1,0,1,0,110
1553695,0,0,0,0,1,0,110
1553734,0,0,1,1,0,0,110
1553849,1,1,1,1,1,0,110
1554307,0,1,1,0,1,0,110
1554548,1,0,0,1,1,0,110
1555243,1,0,0,1,1,0,110
1555270,1,0,0,1,1,0,110
1555295,1,0,1,0,0,0,110
1555354,0,1,1,0,1,0,110
1555911,1,0,0,1,1,0,110
1556018,0,0,1,1,0,0,110
1556099,1,0,0,1,1,0,110
1556109,1,0,0,1,1,0,110
1556116,0,1,1,0,1,0,110
1556229,0,1,1,0,1,0,110
1556525,1,0,1,0,0,0,110
1556734,1,1,1,1,1,0,110
1556964,0,0,0,0,1,0,110
1557090,1,0,0,1,1,0,110
1557092,1,1,0,0,0,0,110
1557258,1,1,0,0,0,0,110
1557285,1,1,0,0,0,0,110
1557491,1,0,1,0,0,0,110
1557675,0,0,0,0,1,0,110
1558109,0,1,0,1,0,0,110
1558332,1,1,1,1,1,0,110
1558954,0,1,1,0,1,0,110
1559081,0,1,0,1,0,0,110
1559292,0,1,1,0,1,0,110
1559365,0,1,1,0,1,0,110
1559597,1,1,0,1,0,0,110
1559870,1,0,0,1,1,0,110
1559914,0,0,0,0,1,0,110
1559923,1,1,1,1,1,0,110
1560020,0,0,0,0,1,0,110
1560024,1,1,0,0,0,0,110
1560036,0,1,1,0,1,0,110
1560056,0,1,0,1,0,0,110
1560069,1,1,1,1,1,0,110
1560154,1,1,0,0,0,0,110
1560577,1,1,1,1,1,0,110
1560799,1,0,0,1,1,0,110
1560920,1,1,0,0,0,0,110
1561288,0,0,0,0,1,0,110
1561547,1,0,0,1,1,0,110
1561586,0,0,1,1,0,0,110
1561668,0,0,1,1,0,0,110
1562019,0,1,0,0,0,0,110
1562473,1,0,0,1,1,0,110
1562558,1,1,0,0,0,0,110
1562786,1,1,0,0,0,0,110
1562963,0,0,0,0,1,0,110
1563032,1,1,1,1,1,0,110
1563340,0,1,1,0,1,0,110
1563816,1,0,0,1,1,0,110
1564314,1,0,0,1,1,0,110
1564352,1,1,0,0,0,0,110
1564548,0,0,0,1,1,1,110
1564621,0,0,1,1,0,0,110
1564669,1,1,1,1,1,0,110
1564764,0,0,0,0,1,0,110
1564869,0,0,0,0,1,0,110
1564932,1,0,0,1,1,0,110
1564967,0,1,1,0,1,0,110
1565145,1,0,1,0,0,0,110
1565185,0,0,0,0,1,0,110
1565742,0,1,0,1,0,0,110
1565753,0,0,1,1,0,0,110
1565900,0,1,1,0,1,0,110
1566030,0,1,0,0,0,0,110
1566208,1,0,1,0,0,0,110
1566227,1,1,0,0,0,0,110
1566422,1,1,0,0,0,0,110
1566438,0,1,1,0,1,0,110
1566700,1,0,1,0,0,0,110
1567543,1,0,1,0,0,0,110
1568313,0,1,0,1,0,0,110
1568421,1,0,0,1,1,0,110
1568428,0,1,1,0,1,0,110
1568685,1,1,1,1,1,0,110
1568727,1,1,0,0,0,0,110
1569126,0,0,0,0,1,0,110
1569155,1,0,0,1,1,0,110
1569161,1,0,0,1,1,0,110
1569821,1,0,0,1,1,0,110
1570133,1,1,1,1,1,0,110
1570413,0,1,1,0,1,0,110
1570895,1,1,1,1,1,0,110
1570975,1,1,1,1,1,0,110
1571200,0,0,1,1,0,0,110
1571508,1,0,0,1,1,0,110
1571795,0,0,1,1,0,0,110
1572260,1,1,1,1,1,0,110
1572279,0,0,0,0,1,0,110
1573011,1,1,1,1,1,0,102
1573382,0,1,0,1,0,0,102
1573420,1,1,1,1,1,0,102
1573492,0,1,1,0,1,0,102
1573562,1,1,1,1,1,0,102
1573817,1,1,1,1,1,0,102
1574040,0,0,0,0,1,0,102
1574094,1,0,1,0,0,0,102
1574261,1,1,1,1,1,0,102
1574372,1,1,1,1,1,0,102
1574385,1,0,0,1,1,0,102
1574411,1,0,0,1,1,0,102
1574451,0,0,0,0,1,0,102
1574787,1,0,1,0,0,0,102
1575009,1,0,1,0,0,0,102
1575147,0,1,1,0,1,0,102
1575180,0,1,0,1,0,0,102
1575639,0,1,0,1,0,0,102
1575740,0,1,0,1,0,0,102
1575774,1,1,1,1,1,0,102
1576438,0,0,1,1,0,0,102
1576482,1,1,0,0,0,0,102
1576964,1,1,0,0,0,0,102
1577395,0,0,1,1,0,0,102
1577406,1,0,0,1,1,0,102
1577517,1,1,0,0,0,0,102
1578261,0,0,0,0,1,0,102
1578441,1,0,0,1,1,0,102
1578933,1,0,1,0,0,0,102
1578957,0,0,1,1,0,0,102
1579170,1,1,1,1,1,0,102
1579257,1,0,0,1,1,0,102
1579626,1,0,1,0,0,0,102
1579744,0,0,0,0,1,0,102
1579782,1,0,1,0,0,0,102
1580538,0,0,0,0,1,0,102
1580638,1,0,0,1,1,0,102
1580794,1,1,1,1,1,0,102
1581004,1,1,1,1,1,0,102
1581255,1,1,1,1,1,0,102
1582221,1,0,1,0,0,0,102
1582232,1,1,0,0,0,0,102
1582249,1,0,1,0,0,0,102
1582294,0,0,1,1,0,0,102
1582468,1,1,0,0,0,0,102
1582485,1,1,0,0,0,0,102
1582539,1,0,0,1,1,0,102
1583068,0,0,1,1,0,0,102
1583341,0,0,1,1,0,0,102
1583457,1,0,0,1,1,0,102
1583469,1,0,1,0,0,0,102
1583600,0,1,0,1,0,0,102
1583607,1,0,1,0,0,0,102
1583724,1,0,1,0,0,0,102
1583868,0,1,0,1,0,0,102
1584030,1,1,0,1,0,0,102
1584282,1,1,1,1,1,0,102
1584423,0,0,0,0,1,0,102
1584648,0,0,0,0,1,0,102
1585252,0,0,1,1,0,0,102
1585257,1,1,1,1,1,0,102
1585305,0,0,1,1,0,0,102
1585530,1,0,1,0,0,0,102
1585674,1,1,0,0,0,0,102
1586464,1,1,1,1,1,0,102
1586543,0,1,0,1,0,0,102
1586659,0,1,0,1,0,0,102
1586685,1,0,1,0,0,0,102
1587255,0,1,1,0,1,0,102
1587372,0,0,1,1,0,0,102
1587823,0,1,1,0,1,0,102
1587837,0,0,1,1,0,0,102
1587959,1,1,0,0,0,0,102
1587987,0,0,0,0,1,0,102
1588655,0,0,0,0,1,0,102
1588857,1,1,0,1,0,0,102
1589263,1,1,0,0,0,0,102
1589317,1,1,0,0,0,0,102
1589375,1,1,0,0,0,0,102
1589563,1,0,0,1,1,0,102
1589638,0,0,1,1,0,0,102
1589776,1,1,0,0,0,0,102
1589785,1,1,1,1,1,0,102
1589798,1,1,0,0,0,0,102
1590172,1,1,1,1,1,0,102
1590180,0,0,1,1,0,0,102
1590491,0,1,1,0,1,0,102
1591198,1,0,0,1,1,0,102
1591313,1,0,0,1,1,0,102
1591429,1,0,1,0,0,0,102
1591862,0,0,1,1,0,0,102
1591958,1,0,0,1,1,0,102
1592331,0,1,0,1,0,0,102
1592522,0,0,0,0,1,0,102
1592553,0,1,0,1,0,0,102
1592564,1,0,1,0,0,0,102
1592713,0,0,1,1,0,0,102
1593179,0,1,0,1,0,0,102
1593219,0,1,0,1,0,0,102
1593311,1,0,0,1,1,0,102
1593591,1,1,0,0,0,0,102
1593672,1,1,0,0,0,0,102
1593966,0,1,0,1,0,0,102
1594615,0,0,1,1,0,0,102
1595320,0,0,0,0,1,0,102
1595359,0,0,0,0,1,0,102
1595423,0,1,0,1,0,0,102
1595436,0,0,1,1,0,0,102
1595678,0,1,0,1,0,0,102
1595745,0,0,0,0,1,0,102
1595807,1,0,0,1,1,0,102
1595883,1,0,1,0,0,0,102
1595992,1,0,0,1,1,0,102
1596404,0,1,1,0,1,0,102
1596599,0,0,1,1,0,0,102
1597131,0,1,1,0,1,0,102
1597399,1,1,0,1,0,0,102
1597942,0,0,0,0,1,0,102
1598475,1,0,0,1,1,0,102
1598499,0,1,0,1,0,0,102
1598504,0,0,1,1,0,0,102
1599471,1,0,1,0,0,0,102
1599536,1,0,0,1,1,0,102
1599783,0,0,0,0,1,0,102
1599834,0,0,1,1,0,0,102
1600828,1,0,0,1,1,0,102
1600902,0,1,1,0,1,0,102
1600908,1,1,0,0,0,0,102
1600915,0,0,0,0,1,0,102
1600943,1,0,0,1,1,0,102
1600953,1,1,1,1,1,0,102
1601129,0,1,1,0,1,0,102
1601136,0,0,0,0,1,0,102
1601151,0,1,1,0,1,0,102
1601688,1,1,1,1,1,0,102
1601716,1,0,1,0,0,0,102
1602085,1,0,1,0,0,0,102
1602202,1,1,1,1,1,0,102
1602280,1,0,0,1,1,0,102
1602416,1,0,1,0,0,0,102
1602567,1,1,1,1,1,0,102
1603235,1,1,0,0,0,0,102
1603239,0,0,0,1,1,1,102
1603282,1,0,0,1,1,0,102
1603345,0,0,0,0,1,0,102
1603473,0,0,0,0,1,0,102
1603495,1,0,0,1,1,0,102
1603573,1,1,0,0,0,0,102
1603591,1,0,0,1,1,0,102
1603837,1,0,0,1,1,0,102
1603842,0,0,0,0,1,0,102
1603942,0,0,1,1,0,0,102
1604103,0,1,1,0,1,0,102
1604312,1,0,1,0,0,0,102
1604345,1,1,1,1,1,0,102
1604651,1,1,0,0,0,0,102
1605011,0,0,0,0,1,0,102
1605518,1,0,1,0,0,0,102
1605654,1,0,0,1,1,0,102
1605715,0,1,0,1,0,0,102
1605741,0,0,0,0,1,0,102
1605818,0,0,0,0,1,0,102
1605846,1,0,0,1,1,0,102
1606384,1,1,0,0,0,0,102
1606423,0,1,1,0,1,0,102
1606622,0,1,1,0,1,0,102
1606754,0,1,1,0,1,0,102
1607175,1,0,0,1,1,0,102
1607259,1,1,1,1,1,0,102
1607336,1,1,1,1,1,0,102
1607391,1,0,0,1,1,0,102
1607420,0,1,0,1,0,0,102
1608018,0,1,1,0,1,0,102
1608203,0,0,0,0,1,0,102
1608375,1,1,1,1,1,0,102
1608530,1,0,1,0,0,0,102
1608621,0,0,1,1,0,0,102
1608671,0,1,1,0,1,0,102
1609004,0,0,1,1,0,0,102
1609127,1,0,1,0,0,0,102
1609385,1,1,0,0,0,0,102
1609574,1,1,0,0,0,0,102
1610148,0,1,1,0,1,0,102
1610174,1,0,1,0,0,0,102
1610200,0,0,0,0,1,0,102
1610455,1,0,1,0,0,0,102
1610530,0,0,0,0,1,0,102
1610780,1,1,1,1,1,0,102
1610897,0,1,1,0,1,0,102
1611115,0,1,1,0,1,0,102
1611488,0,0,0,0,1,0,102
1611530,1,0,0,1,1,0,102
1611682,1,0,1,0,0,0,102
1611838,0,0,0,0,1,0,102
1611902,0,1,0,1,0,0,102
1611922,0,1,0,1,0,0,102
1612152,1,0,0,1,1,0,102
1612330,0,1,1,0,1,0,102
1612331,1,0,0,1,1,0,102
1612376,1,0,0,1,1,0,102
1612378,0,1,1,0,1,0,102
1612387,1,0,0,1,1,0,102
1612515,0,0,1,1,0,0,102
1613077,1,0,1,1,0,0,102
1613156,1,1,1,1,1,0,102
1613307,0,1,1,0,1,0,102
1613335,1,1,0,0,0,0,102
1613594,1,1,0,0,0,0,102
1613698,1,1,1,1,1,0,102
1614248,0,0,0,0,1,0,102
1614552,1,0,0,1,1,0,102
1614829,1,1,1,1,1,0,102
1614851,1,1,1,1,1,0,102
1614937,0,0,1,0,0,0,102
1615096,0,0,1,1,0,0,102
1615170,1,0,0,1,1,0,102
1615240,0,0,1,1,0,0,102
1615819,1,1,1,1,1,0,102
1616054,1,0,1,0,0,0,102
1616093,0,0,0,0,1,0,102
1616487,1,1,0,0,0,0,102
1616558,1,0,0,1,1,0,102
1617033,0,0,0,0,1,0,102
1617134,0,1,1,0,1,0,102
1617357,0,1,0,1,0,0,102
1617503,0,0,1,0,0,0,102
1617598,0,0,1,1,0,0,102
1617896,0,0,1,1,0,0,102
1618035,1,1,0,0,0,0,102
1618082,0,0,1,1,0,0,102
1618465,0,1,1,0,1,0,102
1618670,0,0,0,0,1,0,102
1618689,0,0,0,0,1,0,102
1618754,1,1,1,1,1,0,102
1619036,1,1,1,1,1,0,102
1619067,0,1,1,0,1,0,102
1619507,1,0,0,1,1,0,102
1620663,0,1,0,1,0,0,102
1621829,1,1,1,1,1,0,102
1621911,1,0,1,0,0,0,102
1622263,0,0,1,1,0,0,102
1622412,0,1,1,0,1,0,102
1622923,0,1,0,1,0,0,102
1623061,1,1,0,1,0,0,102
1623472,1,0,1,0,0,0,102
1623668,0,1,1,0,1,0,102
1624026,1,1,0,0,0,0,102
1624047,0,1,1,0,1,0,102
1624323,1,1,0,0,0,0,102
1624366,1,0,0,1,1,0,102
1624607,1,0,1,0,0,0,102
1624625,0,0,0,0,1,0,102
1624966,1,0,1,0,0,0,102
1625053,1,1,1,1,1,0,102
1625099,1,1,0,0,0,0,102
1625722,1,1,0,0,0,0,102
1625877,0,0,0,0,1,0,102
1625946,0,1,0,1,0,0,102
1626281,0,1,1,0,1,0,102
1626309,0,0,1,1,0,0,102
1626681,0,0,1,1,0,0,102
1626977,1,1,1,1,1,0,102
1628440,0,1,1,0,1,0,102
1628456,1,1,0,0,0,0,102
1628520,0,0,1,1,0,0,102
1628573,1,0,0,1,1,0,102
1628958,1,1,1,1,1,0,102
1629067,0,0,1,1,0,0,102
1629121,1,0,1,0,0,0,102
1629378,1,1,0,0,0,0,102
1629662,0,0,0,0,1,0,102
1629882,0,0,0,0,1,0,102
1629902,0,0,0,0,1,0,102
1629904,1,0,0,0,1,1,102
1630250,0,1,0,1,0,0,102
1630378,1,1,0,0,0,0,102
1630695,1,0,1,0,0,0,102
1631188,0,1,0,1,0,0,102
1631514,0,1,1,0,1,0,102
1631573,1,0,1,0,0,0,102
1631875,1,1,1,1,1,0,102
1632039,1,0,1,0,0,0,102
1632124,0,1,1,0,1,0,102
1632251,1,0,1,0,0,0,102
1632288,1,1,1,1,1,0,102
1632473,0,1,0,1,0,0,102
1632617,1,0,0,1,1,0,102
1632624,0,1,1,0,1,0,102
1632857,0,0,1,1,0,0,102
1633298,0,1,1,0,1,0,102
1633489,1,0,1,0,0,0,102
1633704,1,1,0,0,0,0,102
1633747,1,1,0,0,0,0,102
1633831,1,0,0,1,1,0,102
1633847,0,1,0,1,0,0,102
1634203,0,1,1,0,1,0,102
1634432,0,1,0,1,0,0,102
1635211,0,0,1,1,0,0,102
1635501,1,1,0,0,0,0,102
1635645,0,0,0,0,1,0,102
1635648,1,1,0,0,0,0,102
1635795,1,0,1,0,0,0,102
1636287,1,0,1,0,0,0,102
1636439,1,0,0,1,1,0,102
1636523,1,1,0,0,0,0,102
1636632,1,1,1,1,1,0,102
1637108,0,0,1,1,0,0,102
1637268,0,1,1,1,1,1,102
1637321,1,0,1,0,0,0,102
1637401,1,1,0,0,0,0,102
1637866,0,1,0,1,0,0,102
1637912,0,1,1,0,1,0,102
1638005,0,0,1,1,0,0,102
1638488,1,1,0,0,0,0,115
1638620,0,0,0,0,1,0,115
1638629,0,0,1,1,0,0,115
1639054,0,0,1,1,0,0,115
1639066,1,1,0,0,0,0,115
1639174,1,0,0,1,1,0,115
1639363,0,1,1,0,1,0,115
1639546,0,0,0,0,1,0,115
1639719,0,0,0,0,1,0,115
1639720,0,1,0,1,0,0,115
1639746,1,1,0,0,0,0,115
1639927,0,0,0,0,1,0,115
1639928,0,1,0,1,0,0,115
1640082,1,1,1,0,1,1,115
1640195,1,0,1,0,0,0,115
1640197,0,1,0,1,0,0,115
1640566,1,1,1,1,1,0,115
1640927,1,1,1,1,1,0,115
1641014,1,1,1,1,1,0,115
1641243,0,1,1,0,1,0,115
1641245,1,0,1,0,0,0,115
1641428,1,1,0,0,0,0,115
1641493,0,1,0,1,0,0,115
1642190,1,1,0,0,0,0,115
1642415,1,1,0,0,0,0,115
1642513,1,1,1,1,1,0,115
1642804,1,1,1,1,1,0,115
1642929,0,1,1,0,1,0,115
1642975,0,0,0,0,1,0,115
1643566,0,1,0,1,0,0,115
1643653,1,0,1,0,0,0,115
1643767,0,0,1,1,0,0,115
1643787,1,1,1,1,1,0,115
1643887,0,0,0,0,1,0,115
1644465,0,0,1,1,0,0,115
1644524,0,1,1,0,1,0,115
1644538,0,0,0,0,1,0,115
1644581,0,0,0,0,1,0,115
1644912,1,1,0,0,0,0,115
1645520,0,1,1,0,1,0,115
1645805,1,0,1,1,0,0,115
1645984,1,1,0,0,0,0,115
1646103,1,1,0,0,0,0,115
1646337,0,0,1,1,0,0,115
1646347,0,0,0,0,1,0,115
1646563,1,1,0,0,0,0,115
1646620,1,1,1,1,1,0,115
1646692,1,0,1,0,0,0,115
1647178,0,0,1,1,0,0,115
1647194,0,0,1,1,0,0,115
1647205,0,0,0,0,1,0,115
1647235,1,0,1,0,0,0,115
1647247,1,1,1,1,1,0,115
1647550,0,1,1,0,1,0,115
1647555,0,0,0,0,1,0,115
1647762,0,1,1,0,1,0,115
1647763,0,1,0,1,0,0,115
1648251,0,1,0,1,0,0,115
1648500,1,0,1,0,0,0,115
1648587,0,0,1,1,0,0,115
1648597,1,0,0,1,1,0,115
1648693,0,1,1,0,1,0,115
1648747,1,0,1,0,0,0,115
1648989,0,0,1,1,0,0,115
1649003,1,1,0,0,0,0,115
1649014,0,0,1,1,0,0,115
1649215,0,1,0,1,0,0,115
1649580,0,1,1,0,1,0,115
1649674,0,1,1,0,1,0,115
1649792,1,1,1,1,1,0,115
1649917,0,0,1,1,0,0,115
1650097,0,0,1,1,0,0,115
1650191,0,1,1,0,1,0,115
1650433,1,1,0,0,0,0,115
1650650,0,1,0,1,0,0,115
1651432,1,0,1,0,0,0,115
1651706,0,0,1,1,0,0,115
1651761,1,1,0,0,0,0,115
1651769,0,1,1,0,1,0,115
1651825,1,0,0,1,1,0,115
1652018,1,1,1,1,1,0,115
1652091,1,0,1,0,0,0,115
1652446,0,0,1,1,0,0,115
1652671,1,0,0,1,1,0,115
1652715,0,1,0,1,0,0,115
1652867,0,0,1,1,0,0,115
1653022,0,1,1,0,1,0,115
1653170,0,0,0,0,1,0,115
1653451,1,1,1,1,1,0,115
1653677,1,0,0,1,1,0,115
1653743,0,0,1,1,0,0,115
1653931,1,0,0,1,1,0,115
1654020,0,1,1,0,1,0,115
1654301,1,1,1,1,1,0,115
1654393,1,1,0,1,0,0,115
1654497,0,1,1,0,1,0,115
1654851,0,0,1,1,0,0,115
1654999,0,0,0,0,1,0,115
1655310,0,0,0,0,1,0,115
1655330,1,0,1,0,0,0,115
1655335,0,1,0,1,0,0,115
1656013,1,1,1,1,1,0,115
1656063,1,0,0,1,1,0,115
1656266,1,1,0,0,0,0,115
1656327,1,0,0,1,1,0,115
1656396,0,1,0,1,0,0,115
1656457,1,1,1,1,1,0,115
1656577,1,1,0,0,0,0,115
1656679,0,0,0,0,1,0,115
1656691,1,1,1,1,1,0,115
1656970,0,0,0,0,1,0,115
1657248,0,0,1,1,0,0,115
1657805,0,0,1,1,0,0,115
1658026,0,0,1,1,0,0,115
1658210,1,0,0,1,1,0,115
1658614,0,1,0,1,0,0,115
1658935,1,1,0,0,0,0,115
1658981,1,1,1,1,1,0,115
1659117,0,0,0,0,1,0,115
1659828,0,1,0,1,0,0,115
1660396,0,0,1,1,0,0,115
1660602,1,0,0,1,1,0,115
1660913,1,0,1,0,0,0,115
1661074,1,0,1,0,0,0,115
1661263,1,1,0,0,0,0,115
1661506,0,0,0,0,1,0,115
1661674,0,1,1,0,1,0,115
1662834,0,1,1,0,1,0,115
1663130,0,0,1,1,0,0,115
1663651,0,1,0,1,0,0,115
1664090,0,1,1,0,1,0,115
1664193,0,1,0,1,0,0,115
1664394,0,0,0,0,1,0,115
1664496,1,1,0,0,0,0,115
1664500,0,1,0,1,0,0,115
1664526,0,0,1,1,0,0,115
1664658,1,1,1,1,1,0,115
1665069,1,0,1,0,0,0,115
1665195,1,0,1,0,0,0,115
1665384,1,0,1,0,0,0,115
1665430,0,0,0,0,1,0,115
1665679,0,0,1,1,0,0,115
1665871,0,1,1,0,1,0,115
1665914,1,1,1,1,1,0,115
1666398,1,1,0,1,0,0,115
1666814,0,1,1,0,1,0,115
1666988,1,1,0,0,0,0,115
1667066,0,1,0,1,0,0,115
1667122,0,1,0,1,0,0,115
1667234,0,0,0,0,1,0,115
1667715,1,1,0,0,0,0,115
1667773,1,0,0,1,1,0,115
1667828,1,0,1,0,0,0,115
1667849,0,1,1,0,1,0,115
1667944,1,1,1,1,1,0,115
1668333,1,0,1,0,0,0,115
1668342,0,0,0,0,1,0,115
1668351,1,1,1,1,1,0,115
1668912,0,1,0,0,0,0,115
1668917,0,1,1,0,1,0,115
1669441,0,0,1,1,0,0,115
1669647,1,1,1,1,1,0,115
1669825,0,1,1,0,1,0,115
1669916,1,1,1,1,1,0,115
1670079,0,1,0,1,0,0,115
1670152,1,1,0,0,0,0,115
1670406,1,0,0,1,1,0,115
1670431,0,1,1,0,1,0,115
1670684,1,0,1,0,0,0,115
1670921,0,1,0,1,0,0,115
1671456,1,0,0,1,1,0,115
1671814,0,0,0,0,1,0,115
1672933,0,1,0,1,0,0,115
1672945,1,0,0,1,1,0,115
1673349,0,0,0,0,1,0,115
1673677,0,0,1,1,0,0,115
1674219,0,1,1,0,1,0,115
1674495,0,0,1,1,0,0,115
1674550,0,1,1,0,1,0,115
1674803,0,1,0,1,0,0,115
1675105,0,0,1,1,0,0,115
1675435,0,1,0,1,0,0,115
1675732,1,0,1,0,0,0,115
1675964,0,1,1,0,1,0,115
1676003,1,0,1,0,0,0,115
1676145,1,0,1,0,0,0,115
1676213,1,0,1,0,0,0,115
1676265,0,0,0,0,1,0,115
1676400,0,0,0,0,1,0,115
1676424,0,1,0,1,0,0,115
1676436,1,1,1,1,1,0,115
1676532,0,0,0,0,1,0,115
1676612,1,1,0,0,0,0,115
1676806,0,0,0,0,1,0,115
1676924,1,0,1,0,0,0,115
1676981,0,0,1,0,0,0,115
1676990,1,1,1,1,1,0,115
1677023,1,1,0,0,0,0,115
1677139,1,1,0,0,0,0,115
1677211,0,0,1,1,0,0,115
1677554,1,1,1,1,1,0,115
1677860,0,1,1,0,1,0,115
1678223,1,1,0,0,0,0,115
1678518,1,1,1,1,1,0,115
1678597,0,0,0,0,1,0,115
1678754,1,0,0,1,1,0,115
1679322,1,0,1,0,0,0,115
1679368,0,1,1,0,1,0,115
1679384,1,1,0,0,0,0,115
1679437,1,0,0,1,1,0,115
1679967,1,1,1,1,1,0,115
1680043,0,1,0,1,0,0,115
1680332,0,1,1,0,1,0,115
1680478,1,1,1,1,1,0,115
1680725,0,1,0,1,0,0,115
1680774,1,1,0,0,0,0,115
1680963,0,0,0,0,1,0,115
1681131,1,1,1,1,1,0,115
1681182,1,1,0,0,0,0,115
1681272,0,1,0,1,0,0,115
1681420,0,1,1,0,1,0,115
1681526,1,1,1,1,1,0,115
1681609,1,0,0,1,1,0,115
1681620,0,0,1,1,0,0,115
1682040,1,1,0,0,0,0,115
1682048,1,0,1,0,0,0,115
1682162,1,0,1,0,0,0,115
1682287,0,1,0,1,0,0,115
1682342,0,1,1,0,1,0,115
1682916,0,0,1,1,0,0,115
1683002,1,0,1,0,0,0,115
1683598,0,0,1,1,0,0,115
1683678,0,1,1,0,1,0,115
1683781,1,0,0,1,1,0,115
1683864,1,0,0,1,1,0,115
1683973,1,0,0,1,1,0,115
1684058,0,1,0,1,0,0,115
1684234,0,0,0,0,1,0,115
1684236,0,1,0,1,0,0,115
1684258,1,1,1,1,1,0,115
1684317,1,1,1,1,1,0,115
1685004,0,1,0,1,0,0,115
1685174,1,0,1,0,0,0,115
1685325,0,0,1,1,0,0,115
1685410,0,1,1,0,1,0,115
1685508,0,0,0,0,1,0,115
1685539,1,1,1,1,1,0,115
1685574,1,0,1,0,0,0,115
1685667,1,0,1,0,0,0,115
1685729,1,0,1,0,0,0,115
1685865,1,0,1,0,0,0,115
1685917,1,1,0,0,0,0,115
1685968,0,1,0,0,0,0,115
1686298,1,1,1,1,1,0,115
1686375,1,1,1,1,1,0,115
1686534,1,0,1,0,0,0,115
1686598,0,0,0,0,1,0,115
1686698,0,1,0,1,0,0,115
1686752,0,0,1,1,0,0,115
1686816,1,0,1,0,0,0,115
1687350,0,0,1,1,0,0,115
1687391,0,1,0,1,0,0,115
1687576,0,0,1,1,0,0,115
1687642,1,0,1,0,0,0,115
1687789,0,0,1,1,0,0,115
1687993,0,0,1,1,0,0,115
1688260,0,0,1,1,0,0,115
1688359,0,1,0,1,0,0,115
1688459,1,0,1,0,0,0,115
1688476,0,1,1,0,1,0,115
1688569,0,1,0,1,0,0,115
1688851,1,0,1,0,0,0,115
1689295,1,1,0,0,0,0,115
1689394,0,0,0,0,1,0,115
1689531,1,1,0,0,0,0,115
1689593,0,1,1,0,1,0,115
1689616,1,1,0,0,0,0,115
1689959,0,0,1,1,0,0,115
1690028,0,1,0,1,0,0,115
1690334,0,0,0,0,1,0,115
1690412,1,0,1,0,0,0,115
1690415,1,1,0,0,0,0,115
1690577,1,0,0,1,1,0,115
1690736,0,0,1,1,0,0,115
1691073,1,0,1,0,0,0,115
1691279,0,0,0,0,1,0,115
1691347,1,1,1,1,1,0,115
1691614,0,0,0,0,1,0,115
1691634,0,0,1,1,0,0,115
1692491,1,0,0,1,1,0,115
1692636,0,0,1,1,0,0,115
1692642,0,0,0,0,1,0,115
1693196,0,0,0,0,1,0,115
1693275,1,0,0,1,1,0,115
1693317,0,1,0,0,0,0,115
1693481,1,1,0,0,0,0,115
1693927,0,1,1,0,1,0,115
1693971,0,0,0,0,1,0,115
1694140,1,1,1,1,1,0,115
1694151,1,0,1,1,0,0,115
1694679,0,1,1,0,1,0,115
1694712,1,1,0,0,0,0,115
1694873,1,1,1,1,1,0,115
1695239,0,0,1,1,0,0,115
1696014,1,0,1,0,0,0,115
1696043,1,0,1,0,0,0,115
1696174,1,0,0,1,1,0,115
1696226,1,0,1,0,0,0,115
1696296,1,1,0,0,0,0,115
1696351,0,0,0,0,1,0,115
1696385,0,0,1,1,0,0,115
1696630,0,0,0,0,1,0,115
1696783,0,1,0,1,0,0,115
1696808,1,0,1,0,0,0,115
1697113,0,1,0,1,0,0,115
1697613,1,1,0,0,0,0,115
1697671,0,0,1,1,0,0,115
1697914,0,0,1,1,0,0,115
1697936,0,0,1,1,0,0,115
1698201,0,1,1,0,1,0,115
1698272,0,0,1,1,0,0,115
1698789,1,1,1,1,1,0,115
1698902,0,0,0,0,1,0,115
1698923,1,1,1,1,1,0,115
1699157,1,0,1,0,0,0,115
1699424,1,1,0,0,0,0,115
1699858,1,0,0,1,1,0,115
1700026,1,0,1,0,0,0,115
1700088,0,0,0,0,1,0,115
1700294,0,1,1,0,1,0,115
1700386,1,1,1,1,1,0,115
1700441,0,0,0,0,1,0,115
1700462,1,0,0,1,1,0,115
1700528,1,1,1,1,1,0,115
1700910,1,1,0,0,0,0,115
1701059,0,1,1,0,1,0,115
1701167,1,0,1,0,0,0,115
1701220,1,0,1,0,0,0,115
1701247,0,0,1,1,0,0,115
1701340,1,1,0,0,0,0,115
1701535,0,1,1,0,1,0,115
1701640,1,1,0,0,0,0,115
1701732,0,1,0,1,0,0,115
1702117,1,1,1,1,1,0,115
1702253,1,0,1,0,0,0,115
1702491,1,0,1,1,0,0,115
1702622,0,0,1,1,0,0,115
1702896,0,1,0,1,0,0,115
1702964,1,0,1,0,0,0,115
1703020,1,1,1,1,1,0,115
1703167,1,1,0,0,0,0,115
1703371,0,0,1,1,0,0,115
1703509,0,0,0,0,1,0,115
1703554,1,1,1,1,1,0,115
1703680,1,0,0,1,1,0,115
1703805,1,1,0,0,0,0,115
1704141,0,0,1,1,0,0,227
1704309,0,0,1,1,0,0,227
1704402,0,1,0,1,0,0,227
1704444,0,0,0,0,1,0,227
1704460,0,0,1,1,0,0,227
1704643,0,1,1,0,1,0,227
1704731,1,0,1,0,0,0,227
1704782,0,0,0,0,1,0,227
1704790,0,0,1,1,0,0,227
1704854,0,1,1,0,1,0,227
1704950,0,1,0,1,0,0,227
1704952,0,1,1,0,1,0,227
1705083,1,0,1,0,0,0,227
1705196,0,0,0,0,1,0,227
1705310,0,0,0,0,1,0,227
1705317,0,0,0,0,1,0,227
1705493,0,0,1,1,0,0,227
1705511,1,1,0,0,0,0,227
1705636,0,1,1,0,1,0,227
1705751,1,0,0,1,1,0,227
1705832,0,0,1,1,0,0,227
1706111,1,0,0,1,1,0,227
1706409,0,0,0,0,1,0,227
1706504,0,1,1,0,1,0,227
1706582,0,1,0,1,0,0,227
1706637,0,0,0,0,1,0,227
1706653,0,0,0,0,1,0,227
1706658,1,1,1,1,1,0,227
1706673,0,1,1,0,1,0,227
1706759,0,0,1,1,0,0,227
1707005,0,0,1,1,0,0,227
1707108,1,0,0,1,1,0,227
1707365,1,0,1,0,0,0,227
1707393,0,1,0,0,0,0,227
1707407,1,1,1,1,1,0,227
1707634,1,1,0,0,0,0,227
1707651,0,0,1,1,0,0,227
1707744,1,0,1,0,0,0,227
1707898,1,1,0,0,0,0,227
1707948,0,1,0,1,0,0,227
1707955,1,0,0,1,1,0,227
1708053,0,1,1,0,1,0,227
1708090,1,0,1,0,0,0,227
1708421,1,0,0,0,1,1,227
1708490,1,0,0,1,1,0,227
1708531,0,0,0,0,1,0,227
1708622,0,0,0,0,1,0,227
1708705,1,0,0,1,1,0,227
1708841,0,0,1,1,0,0,227
1708889,1,0,1,0,0,0,227
1709197,1,1,1,1,1,0,227
1709202,0,1,0,1,0,0,227
1709254,0,0,1,1,0,0,227
1709394,1,0,1,0,0,0,227
1709449,1,1,1,1,1,0,227
1709495,1,1,1,1,1,0,227
1709579,0,0,0,0,1,0,227
1709667,0,1,0,1,0,0,227
1709838,1,0,1,0,0,0,227
1710094,1,0,1,0,0,0,227
1710149,0,1,1,0,1,0,227
1710302,0,1,0,1,0,0,227
1710329,0,1,0,1,0,0,227
1710367,1,0,0,1,1,0,227
1710504,1,0,1,0,0,0,227
1710659,0,1,1,0,1,0,227
1710725,1,0,0,1,1,0,227
1710743,0,0,1,1,0,0,227
1710757,1,0,1,0,0,0,227
1710813,1,1,0,0,0,0,227
1710845,0,0,0,0,1,0,227
1710882,1,1,0,1,0,0,227
1710959,1,0,1,0,0,0,227
1711220,1,1,0,0,0,0,227
1711313,0,1,0,1,0,0,227
1711444,1,1,1,1,1,0,227
1711646,1,1,1,1,1,0,227
1711656,1,0,1,0,0,0,227
1711725,1,1,0,0,0,0,227
1711806,1,0,1,0,0,0,227
1711977,0,0,1,1,0,0,227
1712203,1,0,1,0,0,0,227
1712388,1,0,0,1,1,0,227
1712487,1,0,1,0,0,0,227
1712529,0,0,1,1,0,0,227
1712569,1,1,0,0,0,0,227
1712601,1,1,1,1,1,0,227
1712957,0,1,0,1,0,0,227
1713010,1,0,1,0,0,0,227
1713011,1,1,1,1,1,0,227
1713148,0,1,1,0,1,0,227
1713222,1,1,1,1,1,0,227
1713224,1,1,1,1,1,0,227
1713288,0,0,1,1,0,0,227
1713438,1,1,0,0,0,0,227
1713586,0,1,1,0,1,0,227
1713700,1,0,1,0,0,0,227
1713722,1,0,0,1,1,0,227
1713791,1,0,0,1,1,0,227
1713840,0,0,0,0,1,0,227
1713883,1,0,0,1,1,0,227
1714007,1,0,0,1,1,0,227
1714057,0,1,0,1,0,0,227
1714156,0,1,0,1,0,0,227
1714292,0,0,0,0,1,0,227
1714334,0,0,1,1,0,0,227
1714454,0,0,1,1,0,0,227
1714573,1,1,1,1,1,0,227
1714765,1,0,0,1,1,0,227
1714966,1,1,1,1,1,0,227
1714974,1,0,1,0,0,0,227
1715004,1,0,1,0,0,0,227
1715240,1,0,0,1,1,0,227
1715295,0,1,0,1,0,0,227
1715357,0,0,0,0,1,0,227
1715369,0,0,0,0,1,0,227
1715418,0,1,1,0,1,0,227
1715436,1,1,0,0,0,0,227
1715447,1,0,1,0,0,0,227
1715502,1,0,1,0,0,0,227
1715528,0,1,0,1,0,0,227
1715595,1,0,0,1,1,0,227
1715685,0,0,1,1,0,0,227
1715962,1,0,0,1,1,0,227
1716037,0,0,0,0,1,0,227
1716053,0,0,0,0,1,0,227
1716245,1,0,0,1,1,0,227
1716454,0,0,1,1,0,0,227
1716455,1,0,0,1,1,0,227
1716507,1,0,0,1,1,0,227
1716890,1,0,1,0,0,0,227
1716914,1,0,1,0,0,0,227
1716932,0,0,1,1,0,0,227
1717090,1,0,1,0,0,0,227
1717139,1,1,1,1,1,0,227
1717173,0,0,0,0,1,0,227
1717360,0,0,0,0,1,0,227
1717402,0,0,0,0,1,0,227
1717447,0,0,1,1,0,0,227
1717471,0,1,1,0,1,0,227
1717473,0,1,0,1,0,0,227
1717586,1,1,0,1,0,0,227
1717735,0,1,0,1,0,0,227
1717808,1,0,0,1,1,0,227
1718051,0,0,1,1,0,0,227
1718095,0,1,0,1,0,0,227
1718733,0,1,1,0,1,0,227
1718759,1,0,0,1,1,0,227
1718832,0,1,0,1,0,0,227
1718853,1,0,0,1,1,0,227
1718925,0,0,0,0,1,0,227
1718930,0,0,0,0,1,0,227
1719027,1,0,0,1,1,0,227
1719084,0,1,0,1,0,0,227
1719105,0,1,1,0,1,0,227
1719190,1,0,1,0,0,0,227
1719195,0,1,0,1,0,0,227
1719251,0,1,0,1,0,0,227
1719395,0,0,0,0,1,0,227
1719473,1,1,0,0,0,0,227
1719492,1,1,1,1,1,0,227
1719595,1,0,1,0,0,0,227
1719758,1,0,1,0,0,0,227
1719893,0,1,0,1,0,0,227
1720242,0,0,1,1,0,0,227
1720513,0,0,0,0,1,0,227
1720697,1,1,0,0,0,0,227
1720707,0,1,1,0,1,0,227
1720720,0,0,0,0,1,0,227
1720768,1,1,1,1,1,0,227
1720894,0,0,1,1,0,0,227
1720969,0,1,1,0,1,0,227
1721012,0,1,0,1,0,0,227
1721337,0,1,1,0,1,0,227
1721451,0,0,1,1,0,0,227
1721491,0,0,0,0,1,0,227
1721572,1,0,0,1,1,0,227
1721670,0,0,0,0,1,0,227
1721840,1,0,0,1,1,0,227
1722124,0,1,1,0,1,0,227
1722189,1,1,0,0,0,0,227
1722191,0,0,1,1,0,0,227
1722234,0,0,1,1,0,0,227
1722392,0,0,0,0,1,0,227
1722472,1,1,1,1,1,0,227
1722753,0,0,1,1,0,0,227
1722794,1,1,0,0,0,0,227
1722839,1,1,1,1,1,0,227
1722866,1,1,0,0,0,0,227
1722871,1,0,0,1,1,0,227
1722911,0,1,1,0,1,0,227
1722966,0,1,0,1,0,0,227
1723177,1,1,0,0,0,0,227
1723195,0,0,1,1,0,0,227
1723472,1,1,0,0,0,0,227
1723605,1,0,1,0,0,0,227
1723704,1,1,0,0,0,0,227
1723707,0,1,0,1,0,0,227
1723728,0,0,0,0,1,0,227
1723960,1,1,1,1,1,0,227
1723971,1,0,1,0,0,0,227
1724141,1,1,1,1,1,0,227
1724190,1,1,0,0,0,0,227
1724357,0,1,0,1,0,0,227
1724372,0,0,1,1,0,0,227
1724390,0,0,0,0,1,0,227
1724410,0,1,1,0,1,0,227
1724445,1,1,1,1,1,0,227
1724480,0,0,1,1,0,0,227
1724656,1,1,1,1,1,0,227
1724672,1,1,1,1,1,0,227
1724682,0,1,0,1,0,0,227
1724738,1,1,0,0,0,0,227
1724745,0,1,1,0,1,0,227
1725016,1,0,1,0,0,0,227
1725061,1,0,1,0,0,0,227
1725323,1,1,0,0,0,0,227
1725339,1,1,0,0,0,0,227
1725372,1,0,1,0,0,0,227
1725404,0,1,1,0,1,0,227
1725420,1,0,0,1,1,0,227
1725616,0,1,1,0,1,0,227
1725862,0,1,1,0,1,0,227
1725936,1,1,1,1,1,0,227
1725967,1,1,1,1,1,0,227
1725996,1,0,1,0,0,0,227
1726034,1,1,0,0,0,0,227
1726203,0,1,0,1,0,0,227
1726262,0,1,0,1,0,0,227
1726295,1,0,1,0,0,0,227
1726306,0,0,0,0,1,0,227
1726380,1,1,1,1,1,0,227
1726563,1,1,0,0,0,0,227
1726712,1,1,1,1,1,0,227
1726782,1,0,1,0,0,0,227
1726949,1,1,0,1,0,0,227
1727242,0,1,0,1,0,0,227
1727391,0,1,0,1,0,0,227
1727543,0,1,1,0,1,0,227
1727615,1,0,1,0,0,0,227
1727644,1,1,1,1,1,0,227
1727690,1,0,0,1,1,0,227
1727743,1,1,1,1,1,0,227
1727920,0,1,1,0,1,0,227
1727934,1,1,1,1,1,0,227
1727960,1,0,0,1,1,0,227
1727982,1,1,0,0,0,0,227
1728095,0,1,0,1,0,0,227
1728136,1,0,0,1,1,0,227
1728275,1,0,1,0,0,0,227
1728708,1,1,1,1,1,0,227
1728890,1,1,1,1,1,0,227
1729042,1,0,0,1,1,0,227
1729188,0,1,0,1,0,0,227
1729296,1,0,0,1,1,0,227
1729392,1,0,1,0,0,0,227
1730284,1,0,0,1,1,0,227
1730611,1,0,1,0,0,0,227
1730618,0,0,1,1,0,0,227
1730718,1,1,1,1,1,0,227
1730874,0,0,1,1,0,0,227
1730940,1,1,0,0,0,0,227
1731037,0,0,0,0,1,0,227
1731222,1,0,1,0,0,0,227
1731273,0,0,0,0,1,0,227
1731370,1,1,0,0,0,0,227
1731546,0,0,1,1,0,0,227
1731596,1,1,0,0,0,0,227
1731703,0,0,0,0,1,0,227
1731832,1,1,1,1,1,0,227
1731998,0,0,1,1,0,0,227
1732021,1,0,1,0,0,0,227
1732121,1,0,1,0,0,0,227
1732244,0,1,1,0,1,0,227
1732256,0,1,0,1,0,0,227
1732307,1,1,1,1,1,0,227
1732524,1,0,0,1,1,0,227
1732534,1,0,1,0,0,0,227
1732595,1,1,0,0,0,0,227
1732686,1,0,0,1,1,0,227
1732691,1,0,1,0,0,0,227
1732862,0,1,1,0,1,0,227
1732909,0,1,0,1,0,0,227
1732920,1,1,1,1,1,0,227
1732940,1,1,1,1,1,0,227
1733013,1,0,0,1,1,0,227
1733024,0,0,0,0,1,0,227
1733083,0,0,1,1,0,0,227
1733229,1,1,1,1,1,0,227
1733407,0,1,0,1,0,0,227
1733503,1,1,1,1,1,0,227
1733546,0,0,0,1,1,1,227
1734100,1,1,1,1,1,0,227
1734327,0,1,1,0,1,0,227
1734334,1,1,1,1,1,0,227
1734374,0,1,1,0,1,0,227
1734385,0,1,0,1,0,0,227
1734534,0,1,0,1,0,0,227
1734544,1,1,1,1,1,0,227
1734582,0,0,1,1,0,0,227
1734584,0,0,0,0,1,0,227
1734616,0,0,0,0,1,0,227
1734709,1,1,0,0,0,0,227
1734948,0,0,1,1,0,0,227
1734950,0,1,1,0,1,0,227
1734952,1,1,1,1,1,0,227
1734978,1,0,1,0,0,0,227
1734998,0,0,0,0,1,0,227
1735005,0,0,1,1,0,0,227
1735040,0,0,1,1,0,0,227
1735154,1,1,1,1,1,0,227
1735319,0,1,1,0,1,0,227
