attempt,a_data,a_basis,b_basis,bob,bmatch,err,irrad,mode,mu,lam_idx
36,1,0,1,0,0,0,137,1,9,0
54,0,0,1,1,0,0,137,1,9,0
68,0,1,1,0,1,0,137,1,9,0
173,1,1,1,1,1,0,137,1,9,0
243,0,1,0,1,0,0,137,1,9,0
429,0,1,1,0,1,0,137,1,9,0
451,0,0,0,0,1,0,137,1,9,0
714,1,0,1,0,0,0,137,1,9,0
804,0,1,1,0,1,0,137,1,9,0
868,1,0,0,1,1,0,137,1,9,0
892,0,0,1,1,0,0,137,1,9,0
904,0,0,0,0,1,0,137,1,9,0
1018,1,1,0,0,0,0,137,1,9,0
1029,1,1,1,1,1,0,137,1,9,0
1431,1,1,1,1,1,0,137,1,9,0
1597,0,1,1,0,1,0,137,1,9,0
1615,0,1,1,1,1,1,137,1,9,0
1735,1,0,0,1,1,0,137,1,9,0
1802,0,1,0,1,0,0,137,1,9,0
1938,1,1,0,0,0,0,137,1,9,0
1965,0,0,1,1,0,0,137,1,9,0
2036,1,0,1,0,0,0,137,1,9,0
2078,0,1,1,0,1,0,137,1,9,0
2107,0,0,1,0,0,0,137,1,9,0
2124,0,1,1,0,1,0,137,1,9,0
2127,0,0,1,1,0,0,137,1,9,0
2177,1,0,0,1,1,0,137,1,9,0
2190,0,1,0,1,0,0,137,1,9,0
2257,1,1,1,1,1,0,137,1,9,0
2263,1,1,1,1,1,0,137,1,9,0
2268,1,0,0,1,1,0,137,1,9,0
2378,0,1,1,0,1,0,137,1,9,0
2408,1,0,0,1,1,0,137,1,9,0
2414,1,0,0,1,1,0,137,1,9,0
2443,1,1,0,0,0,0,137,1,9,0
3122,1,0,0,1,1,0,137,1,9,0
3135,1,1,1,1,1,0,137,1,9,0
3137,1,0,1,0,0,0,137,1,9,0
3324,1,1,0,0,0,0,137,1,9,0
3508,1,1,0,0,0,0,137,1,9,0
3736,1,0,0,1,1,0,137,1,9,0
3886,1,0,1,0,0,0,137,1,9,0
3954,1,0,0,1,1,0,137,1,9,0
4137,1,0,1,0,0,0,137,1,9,0
4198,1,0,0,1,1,0,137,1,9,0
4402,0,0,1,1,0,0,137,1,9,0
4531,0,0,1,1,0,0,137,1,9,0
4567,0,0,0,0,1,0,137,1,9,0
4684,0,1,0,1,0,0,137,1,9,0
4805,0,0,1,1,0,0,137,1,9,0
4832,0,0,1,1,0,0,137,1,9,0
4860,0,1,1,1,1,1,137,1,9,0
4912,0,0,0,0,1,0,137,1,9,0
4927,0,1,0,1,0,0,137,1,9,0
5044,0,1,0,1,0,0,137,1,9,0
5395,1,0,1,0,0,0,137,1,9,0
5402,1,1,0,0,0,0,137,1,9,0
5697,0,0,1,1,0,0,137,1,9,0
5706,0,1,0,1,0,0,137,1,9,0
5712,1,1,0,0,0,0,137,1,9,0
5742,0,1,1,0,1,0,137,1,9,0
5749,0,1,0,1,0,0,137,1,9,0
5829,0,1,1,0,1,0,137,1,9,0
5865,1,0,0,1,1,0,137,1,9,0
5882,0,0,0,0,1,0,137,1,9,0
6013,0,0,1,1,0,0,137,1,9,0
6357,1,1,1,1,1,0,137,1,9,0
6407,1,1,1,1,1,0,137,1,9,0
6591,1,1,0,0,0,0,137,1,9,0
6595,0,1,0,1,0,0,137,1,9,0
6631,1,0,0,1,1,0,137,1,9,0
6806,0,0,1,1,0,0,137,1,9,0
7067,1,0,0,1,1,0,137,1,9,0
7069,1,1,1,1,1,0,137,1,9,0
7127,0,0,0,0,1,0,137,1,9,0
7161,1,0,0,0,1,1,137,1,9,0
7192,1,0,0,1,1,0,137,1,9,0
7211,0,0,0,0,1,0,137,1,9,0
7306,1,1,0,0,0,0,137,1,9,0
7502,1,0,0,1,1,0,137,1,9,0
7527,1,1,0,0,0,0,137,1,9,0
7606,0,0,1,1,0,0,137,1,9,0
7657,1,0,1,1,0,0,137,1,9,0
7717,0,0,0,0,1,0,137,1,9,0
7733,1,1,1,1,1,0,137,1,9,0
7957,1,0,1,0,0,0,137,1,9,0
7965,0,1,1,0,1,0,137,1,9,0
7966,0,1,1,0,1,0,137,1,9,0
8021,0,0,1,1,0,0,137,1,9,0
8122,0,1,1,0,1,0,137,1,9,0
8419,0,0,1,1,0,0,137,1,9,0
8423,0,0,0,0,1,0,137,1,9,0
8448,0,1,1,0,1,0,137,1,9,0
8543,0,1,0,1,0,0,137,1,9,0
8896,1,1,0,0,0,0,137,1,9,0
8982,0,1,0,1,0,0,137,1,9,0
9140,0,1,0,1,0,0,137,1,9,0
9424,1,1,0,0,0,0,137,1,9,0
9566,0,1,0,1,0,0,137,1,9,0
9599,1,0,1,0,0,0,137,1,9,0
9663,0,0,0,1,1,1,137,1,9,0
9676,0,0,1,1,0,0,137,1,9,0
9701,0,1,0,1,0,0,137,1,9,0
9795,1,1,0,0,0,0,137,1,9,0
9863,0,0,0,0,1,0,137,1,9,0
10136,1,1,1,1,1,0,137,1,9,0
10181,1,1,1,1,1,0,137,1,9,0
10277,0,1,0,1,0,0,137,1,9,0
10417,0,1,1,0,1,0,137,1,9,0
10436,0,0,1,1,0,0,137,1,9,0
10775,0,0,1,1,0,0,137,1,9,0
10928,0,0,1,1,0,0,137,1,9,0
10962,1,1,1,1,1,0,137,1,9,0
11115,0,1,1,0,1,0,137,1,9,0
11167,1,0,0,1,1,0,137,1,9,0
11371,0,0,1,1,0,0,137,1,9,0
11433,0,0,0,0,1,0,137,1,9,0
11552,0,1,1,0,1,0,137,1,9,0
11589,0,0,0,0,1,0,137,1,9,0
11811,0,0,0,0,1,0,137,1,9,0
11830,1,1,0,0,0,0,137,1,9,0
11972,1,1,1,1,1,0,137,1,9,0
12042,0,1,0,1,0,0,137,1,9,0
12107,0,1,1,0,1,0,137,1,9,0
12119,1,0,0,1,1,0,137,1,9,0
12141,0,0,0,1,1,1,137,1,9,0
12166,0,0,1,1,0,0,137,1,9,0
12170,0,0,1,1,0,0,137,1,9,0
12175,0,1,0,1,0,0,137,1,9,0
12181,0,0,0,0,1,0,137,1,9,0
12257,0,0,0,0,1,0,137,1,9,0
12284,0,0,1,1,0,0,137,1,9,0
12323,0,1,1,0,1,0,137,1,9,0
12437,1,1,1,1,1,0,137,1,9,0
12472,1,1,1,1,1,0,137,1,9,0
12483,0,0,0,0,1,0,137,1,9,0
12484,1,0,0,1,1,0,137,1,9,0
12618,1,1,1,1,1,0,137,1,9,0
12643,0,1,1,0,1,0,137,1,9,0
12645,1,1,1,1,1,0,137,1,9,0
12803,1,0,0,1,1,0,137,1,9,0
12861,0,1,1,0,1,0,137,1,9,0
12867,1,1,1,1,1,0,137,1,9,0
12948,0,1,1,0,1,0,137,1,9,0
13021,1,0,0,1,1,0,137,1,9,0
13078,0,0,0,0,1,0,137,1,9,0
13133,1,1,1,1,1,0,137,1,9,0
13264,1,1,0,0,0,0,137,1,9,0
13292,1,0,1,0,0,0,137,1,9,0
13387,0,0,1,1,0,0,137,1,9,0
13416,0,1,1,0,1,0,137,1,9,0
13460,0,1,0,1,0,0,137,1,9,0
13558,1,1,0,1,0,0,137,1,9,0
13894,0,0,1,1,0,0,137,1,9,0
13932,1,1,1,1,1,0,137,1,9,0
14151,0,0,0,0,1,0,137,1,9,0
14215,0,0,0,0,1,0,137,1,9,0
14258,1,1,1,1,1,0,137,1,9,0
14316,1,1,0,0,0,0,137,1,9,0
14495,0,1,0,1,0,0,137,1,9,0
14518,0,1,1,0,1,0,137,1,9,0
14552,1,1,1,1,1,0,137,1,9,0
14583,0,0,0,0,1,0,137,1,9,0
14607,0,1,0,1,0,0,137,1,9,0
14688,1,1,0,0,0,0,137,1,9,0
14800,0,0,0,0,1,0,137,1,9,0
14887,0,0,0,0,1,0,137,1,9,0
14993,1,0,0,1,1,0,137,1,9,0
15005,1,0,0,1,1,0,137,1,9,0
15134,0,0,1,1,0,0,137,1,9,0
15188,1,0,0,1,1,0,137,1,9,0
15266,1,1,0,0,0,0,137,1,9,0
15566,1,1,0,0,0,0,137,1,9,0
15910,0,0,0,0,1,0,137,1,9,0
15917,1,0,1,0,0,0,137,1,9,0
15972,1,0,0,1,1,0,137,1,9,0
16045,0,1,1,0,1,0,137,1,9,0
16120,0,0,1,1,0,0,137,1,9,0
16217,1,1,0,0,0,0,137,1,9,0
16327,1,1,1,1,1,0,137,1,9,0
16379,0,0,1,1,0,0,137,1,9,0
16509,0,0,0,0,1,0,137,1,9,0
16622,0,0,0,0,1,0,137,1,9,0
16768,1,1,0,0,0,0,137,1,9,0
16813,0,0,1,1,0,0,137,1,9,0
16967,1,0,1,0,0,0,137,1,9,0
16983,0,1,0,1,0,0,137,1,9,0
17107,1,1,0,0,0,0,137,1,9,0
17128,1,1,1,1,1,0,137,1,9,0
17146,0,0,1,1,0,0,137,1,9,0
17278,1,1,1,1,1,0,137,1,9,0
17367,0,1,1,0,1,0,137,1,9,0
17387,0,1,1,0,1,0,137,1,9,0
17400,0,1,0,1,0,0,137,1,9,0
17429,1,1,0,0,0,0,137,1,9,0
17543,1,0,0,1,1,0,137,1,9,0
17723,0,0,0,0,1,0,137,1,9,0
17776,1,1,0,0,0,0,137,1,9,0
17833,0,0,0,0,1,0,137,1,9,0
17897,0,0,1,1,0,0,137,1,9,0
17905,0,0,1,1,0,0,137,1,9,0
17964,1,0,0,1,1,0,137,1,9,0
18474,1,1,0,0,0,0,137,1,9,0
18533,1,0,0,1,1,0,137,1,9,0
18581,0,1,1,0,1,0,137,1,9,0
18644,1,0,0,1,1,0,137,1,9,0
18710,1,0,0,1,1,0,137,1,9,0
18760,0,1,0,1,0,0,137,1,9,0
18923,1,0,1,0,0,0,137,1,9,0
18924,0,1,0,1,0,0,137,1,9,0
19014,1,0,1,0,0,0,137,1,9,0
19129,0,0,1,1,0,0,137,1,9,0
19130,0,1,0,1,0,0,137,1,9,0
19343,1,0,0,1,1,0,137,1,9,0
19639,1,1,0,0,0,0,137,1,9,0
19683,1,0,0,1,1,0,137,1,9,0
19695,0,1,1,0,1,0,137,1,9,0
19825,1,0,0,1,1,0,137,1,9,0
19887,1,0,0,1,1,0,137,1,9,0
19906,1,1,1,1,1,0,137,1,9,0
19914,1,1,1,1,1,0,137,1,9,0
19945,0,0,1,1,0,0,137,1,9,0
19956,1,1,1,1,1,0,137,1,9,0
19957,1,1,1,1,1,0,137,1,9,0
20078,0,0,1,1,0,0,137,1,9,0
20278,0,1,1,0,1,0,137,1,9,0
20448,0,0,0,0,1,0,137,1,9,0
20450,0,0,1,1,0,0,137,1,9,0
20563,1,0,1,0,0,0,137,1,9,0
20576,0,1,1,0,1,0,137,1,9,0
20708,0,0,1,1,0,0,137,1,9,0
20925,0,1,1,0,1,0,137,1,9,0
20975,0,1,0,1,0,0,137,1,9,0
20978,0,1,0,1,0,0,137,1,9,0
21000,0,0,1,1,0,0,137,1,9,0
21030,1,0,1,0,0,0,137,1,9,0
21263,0,0,1,1,0,0,137,1,9,0
21271,1,0,0,1,1,0,137,1,9,0
21600,1,0,1,0,0,0,137,1,9,0
21678,1,0,1,0,0,0,137,1,9,0
21952,0,0,0,0,1,0,137,1,9,0
22066,0,1,1,0,1,0,137,1,9,0
22226,0,1,1,0,1,0,137,1,9,0
22315,0,0,1,1,0,0,137,1,9,0
22317,1,1,0,0,0,0,137,1,9,0
22488,0,0,0,0,1,0,137,1,9,0
22544,0,0,0,0,1,0,137,1,9,0
22560,0,0,0,0,1,0,137,1,9,0
22660,1,0,1,0,0,0,137,1,9,0
22707,0,1,0,1,0,0,137,1,9,0
22812,0,0,0,0,1,0,137,1,9,0
22950,0,0,1,1,0,0,137,1,9,0
22960,0,0,0,0,1,0,137,1,9,0
23010,1,0,1,0,0,0,137,1,9,0
23039,0,0,0,0,1,0,137,1,9,0
23070,0,0,0,0,1,0,137,1,9,0
23148,1,0,1,0,0,0,137,1,9,0
23372,0,0,1,1,0,0,137,1,9,0
23522,1,0,0,1,1,0,137,1,9,0
23613,0,1,1,0,1,0,137,1,9,0
23642,0,0,1,1,0,0,137,1,9,0
23899,1,0,0,1,1,0,137,1,9,0
23915,0,1,1,0,1,0,137,1,9,0
23922,1,0,0,1,1,0,137,1,9,0
24154,1,0,0,1,1,0,137,1,9,0
24166,0,0,0,0,1,0,137,1,9,0
24202,0,0,1,1,0,0,137,1,9,0
24342,0,0,0,0,1,0,137,1,9,0
24419,0,1,0,1,0,0,137,1,9,0
24442,0,0,0,0,1,0,137,1,9,0
24511,1,0,0,1,1,0,137,1,9,0
24547,1,1,1,1,1,0,137,1,9,0
24800,1,1,0,0,0,0,137,1,9,0
24834,1,1,1,1,1,0,137,1,9,0
24837,0,0,0,0,1,0,137,1,9,0
24908,0,0,1,1,0,0,137,1,9,0
25080,0,1,1,0,1,0,137,1,9,0
25226,1,0,1,0,0,0,137,1,9,0
25301,0,0,0,0,1,0,137,1,9,0
25387,1,0,1,1,0,0,137,1,9,0
25448,0,1,1,0,1,0,137,1,9,0
25522,0,1,0,1,0,0,137,1,9,0
25598,0,0,0,0,1,0,137,1,9,0
25660,1,1,1,1,1,0,137,1,9,0
25664,1,1,0,0,0,0,137,1,9,0
25726,1,1,0,0,0,0,137,1,9,0
25737,0,1,1,0,1,0,137,1,9,0
25766,1,1,0,0,0,0,137,1,9,0
26025,1,1,1,1,1,0,137,1,9,0
26039,0,0,0,0,1,0,137,1,9,0
26074,0,0,1,1,0,0,137,1,9,0
26123,1,0,1,0,0,0,137,1,9,0
26137,0,0,1,0,0,0,137,1,9,0
26271,1,1,0,0,0,0,137,1,9,0
26314,0,0,0,0,1,0,137,1,9,0
26566,1,1,0,0,0,0,137,1,9,0
26703,0,1,0,1,0,0,137,1,9,0
27243,1,0,1,0,0,0,137,1,9,0
27255,0,1,0,1,0,0,137,1,9,0
27327,1,0,1,0,0,0,137,1,9,0
27639,1,0,0,1,1,0,137,1,9,0
27646,0,0,1,1,0,0,137,1,9,0
27676,0,0,1,1,0,0,137,1,9,0
27908,1,1,0,0,0,0,137,1,9,0
27921,1,0,1,0,0,0,137,1,9,0
28228,1,1,0,0,0,0,137,1,9,0
28248,0,0,1,1,0,0,137,1,9,0
28410,1,1,1,1,1,0,137,1,9,0
28513,1,0,0,1,1,0,137,1,9,0
28578,0,1,1,0,1,0,137,1,9,0
28598,1,1,1,1,1,0,137,1,9,0
28609,1,1,0,0,0,0,137,1,9,0
28612,1,0,0,1,1,0,137,1,9,0
28686,0,1,0,1,0,0,137,1,9,0
28829,1,0,0,1,1,0,137,1,9,0
28950,1,1,1,1,1,0,137,1,9,0
29164,1,1,0,0,0,0,137,1,9,0
29241,0,1,1,0,1,0,137,1,9,0
29271,0,1,1,0,1,0,137,1,9,0
29319,1,0,1,0,0,0,137,1,9,0
29325,1,0,1,0,0,0,137,1,9,0
29563,1,1,1,1,1,0,137,1,9,0
30024,1,1,1,1,1,0,137,1,9,0
30025,1,0,0,1,1,0,137,1,9,0
30543,0,1,1,0,1,0,137,1,9,0
30583,1,1,1,1,1,0,137,1,9,0
30700,1,0,1,0,0,0,137,1,9,0
30746,0,0,1,1,0,0,137,1,9,0
30847,1,0,1,0,0,0,137,1,9,0
30886,1,0,1,0,0,0,137,1,9,0
30983,0,1,1,0,1,0,137,1,9,0
31094,0,0,1,1,0,0,137,1,9,0
31325,0,0,1,1,0,0,137,1,9,0
31400,0,1,0,1,0,0,137,1,9,0
31468,1,1,0,0,0,0,137,1,9,0
31476,1,1,0,0,0,0,137,1,9,0
31652,1,1,0,0,0,0,137,1,9,0
31786,1,0,1,0,0,0,137,1,9,0
31967,1,0,0,1,1,0,137,1,9,0
32070,1,1,1,1,1,0,137,1,9,0
32240,1,1,0,0,0,0,137,1,9,0
32321,1,1,1,1,1,0,137,1,9,0
32357,1,0,0,1,1,0,137,1,9,0
32385,0,0,1,1,0,0,137,1,9,0
32507,0,0,0,0,1,0,137,1,9,0
32529,1,0,1,0,0,0,137,1,9,0
32579,0,0,0,0,1,0,137,1,9,0
32630,1,0,0,1,1,0,137,1,9,0
32700,1,0,0,1,1,0,137,1,9,0
32769,1,0,1,0,0,0,137,1,9,0
32772,1,1,0,0,0,0,137,1,9,0
32894,0,1,0,1,0,0,137,1,9,0
33188,1,0,1,0,0,0,137,1,9,0
33219,0,1,1,0,1,0,137,1,9,0
33243,0,1,1,0,1,0,137,1,9,0
33315,0,1,0,1,0,0,137,1,9,0
33357,0,1,0,1,0,0,137,1,9,0
33410,1,0,0,1,1,0,137,1,9,0
33438,0,1,1,0,1,0,137,1,9,0
33486,1,1,1,1,1,0,137,1,9,0
33561,1,1,0,0,0,0,137,1,9,0
33576,0,1,1,0,1,0,137,1,9,0
33644,1,1,1,1,1,0,137,1,9,0
33802,0,1,1,0,1,0,137,1,9,0
33828,0,1,1,0,1,0,137,1,9,0
33862,1,0,0,1,1,0,137,1,9,0
34056,0,0,1,1,0,0,137,1,9,0
34067,0,1,0,1,0,0,137,1,9,0
34124,0,1,0,1,0,0,137,1,9,0
34183,0,0,0,0,1,0,137,1,9,0
34203,1,1,1,1,1,0,137,1,9,0
34205,0,0,1,1,0,0,137,1,9,0
34404,1,1,1,1,1,0,137,1,9,0
34413,1,1,0,0,0,0,137,1,9,0
34699,0,1,0,1,0,0,137,1,9,0
34870,0,1,1,0,1,0,137,1,9,0
35471,0,0,0,0,1,0,137,1,9,0
35571,0,0,1,1,0,0,137,1,9,0
35587,0,0,1,1,0,0,137,1,9,0
35742,1,0,0,1,1,0,137,1,9,0
35756,0,1,1,0,1,0,137,1,9,0
36178,1,1,1,1,1,0,137,1,9,0
36230,0,0,1,1,0,0,137,1,9,0
36358,0,1,0,1,0,0,137,1,9,0
36676,1,1,1,1,1,0,137,1,9,0
36736,0,1,0,1,0,0,137,1,9,0
36829,0,0,1,1,0,0,137,1,9,0
36916,1,0,1,0,0,0,137,1,9,0
37134,0,1,1,0,1,0,137,1,9,0
37154,1,0,0,1,1,0,137,1,9,0
37217,0,0,1,1,0,0,137,1,9,0
37230,1,1,0,0,0,0,137,1,9,0
37388,0,1,1,0,1,0,137,1,9,0
37466,0,1,0,1,0,0,137,1,9,0
37544,1,1,0,0,0,0,137,1,9,0
37804,1,1,1,1,1,0,137,1,9,0
37826,1,1,0,1,0,0,137,1,9,0
37988,1,0,0,1,1,0,137,1,9,0
38044,0,1,1,0,1,0,137,1,9,0
38049,1,1,0,0,0,0,137,1,9,0
38126,1,1,1,1,1,0,137,1,9,0
38158,1,0,1,1,0,0,137,1,9,0
38209,0,0,1,1,0,0,137,1,9,0
38314,0,0,1,1,0,0,137,1,9,0
38512,1,1,1,1,1,0,137,1,9,0
38547,0,1,0,1,0,0,137,1,9,0
38589,0,0,1,1,0,0,137,1,9,0
38847,1,0,1,0,0,0,137,1,9,0
38966,0,0,1,1,0,0,137,1,9,0
38976,0,0,0,0,1,0,137,1,9,0
39007,0,0,1,1,0,0,137,1,9,0
39193,0,1,1,0,1,0,137,1,9,0
39348,0,1,1,0,1,0,137,1,9,0
39478,0,1,1,0,1,0,137,1,9,0
39556,1,0,1,0,0,0,137,1,9,0
39596,0,1,0,1,0,0,137,1,9,0
39679,1,0,1,0,0,0,137,1,9,0
39763,0,0,1,1,0,0,137,1,9,0
39823,1,1,0,0,0,0,137,1,9,0
40248,0,1,0,1,0,0,137,1,9,0
40656,1,1,1,1,1,0,137,1,9,0
40742,0,0,1,1,0,0,137,1,9,0
40765,1,0,1,0,0,0,137,1,9,0
40925,1,1,1,1,1,0,137,1,9,0
40964,1,1,0,0,0,0,137,1,9,0
41055,0,0,0,0,1,0,137,1,9,0
41061,1,1,0,0,0,0,137,1,9,0
41209,0,1,1,0,1,0,137,1,9,0
41574,1,1,0,0,0,0,137,1,9,0
41686,1,0,1,0,0,0,137,1,9,0
41795,0,0,1,1,0,0,137,1,9,0
41890,0,0,0,0,1,0,137,1,9,0
42089,0,0,1,1,0,0,137,1,9,0
42135,1,0,1,0,0,0,137,1,9,0
42180,1,1,0,0,0,0,137,1,9,0
42232,1,0,0,1,1,0,137,1,9,0
42317,0,0,1,1,0,0,137,1,9,0
42465,1,0,0,1,1,0,137,1,9,0
42541,1,1,0,0,0,0,137,1,9,0
42639,1,0,0,1,1,0,137,1,9,0
42654,0,1,1,0,1,0,137,1,9,0
42660,1,0,0,1,1,0,137,1,9,0
42944,1,1,1,1,1,0,137,1,9,0
43054,1,1,0,1,0,0,137,1,9,0
43151,0,1,1,0,1,0,137,1,9,0
43354,1,1,1,1,1,0,137,1,9,0
43399,0,0,1,1,0,0,137,1,9,0
43433,0,1,1,0,1,0,137,1,9,0
43453,0,0,1,1,0,0,137,1,9,0
43473,0,0,0,0,1,0,137,1,9,0
43543,1,0,1,0,0,0,137,1,9,0
43551,1,1,0,0,0,0,137,1,9,0
43621,1,1,0,0,0,0,137,1,9,0
43640,1,0,0,0,1,1,137,1,9,0
43666,0,0,0,0,1,0,137,1,9,0
43908,1,0,1,0,0,0,137,1,9,0
44243,0,0,0,0,1,0,137,1,9,0
44371,1,1,0,0,0,0,137,1,9,0
44404,1,1,1,1,1,0,137,1,9,0
44590,0,0,0,0,1,0,137,1,9,0
44627,1,1,0,0,0,0,137,1,9,0
44961,0,1,1,0,1,0,137,1,9,0
45043,0,1,1,0,1,0,137,1,9,0
45059,0,0,1,1,0,0,137,1,9,0
45275,0,0,0,0,1,0,137,1,9,0
45343,0,0,0,0,1,0,137,1,9,0
45350,0,0,0,0,1,0,137,1,9,0
45441,0,0,1,1,0,0,137,1,9,0
45480,0,1,1,0,1,0,137,1,9,0
45584,0,1,0,1,0,0,137,1,9,0
45627,0,0,0,0,1,0,137,1,9,0
45630,1,0,1,0,0,0,137,1,9,0
45644,1,0,0,1,1,0,137,1,9,0
45729,0,0,0,0,1,0,137,1,9,0
45857,0,1,0,1,0,0,137,1,9,0
45872,0,1,0,1,0,0,137,1,9,0
46009,1,1,0,0,0,0,137,1,9,0
46205,1,1,1,1,1,0,137,1,9,0
46259,1,0,1,0,0,0,137,1,9,0
46277,1,0,1,0,0,0,137,1,9,0
46322,0,0,1,1,0,0,137,1,9,0
46388,1,0,0,1,1,0,137,1,9,0
46486,1,1,0,0,0,0,137,1,9,0
46538,1,1,1,1,1,0,137,1,9,0
46608,1,1,1,1,1,0,137,1,9,0
46783,1,0,1,0,0,0,137,1,9,0
46927,0,1,0,1,0,0,137,1,9,0
47092,1,1,0,0,0,0,137,1,9,0
47100,0,1,1,0,1,0,137,1,9,0
47524,0,0,1,1,0,0,137,1,9,0
47537,1,1,1,1,1,0,137,1,9,0
47791,1,1,1,1,1,0,137,1,9,0
47980,1,1,1,1,1,0,137,1,9,0
48060,0,0,0,0,1,0,137,1,9,0
48145,0,0,0,0,1,0,137,1,9,0
48224,1,0,0,1,1,0,137,1,9,0
48319,0,0,0,0,1,0,137,1,9,0
48427,0,0,0,0,1,0,137,1,9,0
48585,1,1,0,0,0,0,137,1,9,0
48722,1,1,0,0,0,0,137,1,9,0
48886,0,0,1,1,0,0,137,1,9,0
49097,1,0,1,0,0,0,137,1,9,0
49203,0,1,0,1,0,0,137,1,9,0
49263,0,1,1,0,1,0,137,1,9,0
49291,1,0,0,1,1,0,137,1,9,0
49292,0,0,1,1,0,0,137,1,9,0
49412,1,0,1,0,0,0,137,1,9,0
49440,0,0,0,0,1,0,137,1,9,0
49458,0,1,1,0,1,0,137,1,9,0
49474,0,1,0,1,0,0,137,1,9,0
49478,0,1,0,0,0,0,137,1,9,0
49603,1,0,1,0,0,0,137,1,9,0
49666,0,0,0,0,1,0,137,1,9,0
49859,0,0,0,0,1,0,137,1,9,0
50195,0,0,1,1,0,0,137,1,9,0
50710,0,1,0,1,0,0,137,1,9,0
50883,1,1,1,1,1,0,137,1,9,0
50983,1,1,0,0,0,0,137,1,9,0
51232,0,1,1,1,1,1,137,1,9,0
51241,0,0,1,1,0,0,137,1,9,0
51253,1,1,1,1,1,0,137,1,9,0
51319,1,0,1,0,0,0,137,1,9,0
51549,0,1,1,0,1,0,137,1,9,0
51645,0,0,0,0,1,0,137,1,9,0
51729,1,0,0,1,1,0,137,1,9,0
51982,1,0,1,0,0,0,137,1,9,0
52029,0,0,0,0,1,0,137,1,9,0
52058,0,1,0,1,0,0,137,1,9,0
52148,0,1,0,1,0,0,137,1,9,0
52264,0,1,0,1,0,0,137,1,9,0
52296,1,0,0,1,1,0,137,1,9,0
52444,0,0,0,0,1,0,137,1,9,0
52678,1,1,1,1,1,0,137,1,9,0
52712,1,0,1,0,0,0,137,1,9,0
52932,0,1,0,1,0,0,137,1,9,0
53042,0,0,0,0,1,0,137,1,9,0
53127,0,1,0,1,0,0,137,1,9,0
53130,1,0,0,1,1,0,137,1,9,0
53161,1,0,1,0,0,0,137,1,9,0
53177,0,1,0,1,0,0,137,1,9,0
53280,0,1,0,1,0,0,137,1,9,0
53343,1,0,1,0,0,0,137,1,9,0
53410,1,1,1,0,1,1,137,1,9,0
53428,0,1,1,0,1,0,137,1,9,0
53444,1,1,1,1,1,0,137,1,9,0
53618,1,1,1,1,1,0,137,1,9,0
53626,1,1,1,1,1,0,137,1,9,0
53629,1,0,0,1,1,0,137,1,9,0
53819,0,0,0,0,1,0,137,1,9,0
53847,1,0,0,1,1,0,137,1,9,0
53911,1,0,1,0,0,0,137,1,9,0
54002,0,1,0,1,0,0,137,1,9,0
54049,1,0,0,1,1,0,137,1,9,0
54118,1,1,0,0,0,0,137,1,9,0
54162,0,0,0,0,1,0,137,1,9,0
54241,1,0,1,0,0,0,137,1,9,0
54343,0,1,1,0,1,0,137,1,9,0
54378,1,0,0,1,1,0,137,1,9,0
54503,1,0,1,0,0,0,137,1,9,0
54519,1,1,1,0,1,1,137,1,9,0
54888,1,1,1,0,1,1,137,1,9,0
54925,0,1,0,1,0,0,137,1,9,0
54957,1,1,1,1,1,0,137,1,9,0
54962,0,0,1,1,0,0,137,1,9,0
54973,1,0,0,1,1,0,137,1,9,0
55023,0,1,1,0,1,0,137,1,9,0
55286,1,1,0,0,0,0,137,1,9,0
55479,1,1,0,0,0,0,137,1,9,0
55528,0,0,1,1,0,0,137,1,9,0
55565,0,1,1,0,1,0,137,1,9,0
55568,0,1,0,1,0,0,137,1,9,0
55570,0,0,0,0,1,0,137,1,9,0
55604,0,1,0,1,0,0,137,1,9,0
55669,0,1,0,1,0,0,137,1,9,0
55708,0,1,1,0,1,0,137,1,9,0
55842,0,1,1,0,1,0,137,1,9,0
55915,1,0,0,1,1,0,137,1,9,0
56007,1,1,0,0,0,0,137,1,9,0
56093,0,1,1,0,1,0,137,1,9,0
56169,0,1,1,0,1,0,137,1,9,0
56170,1,0,1,0,0,0,137,1,9,0
56212,0,1,0,1,0,0,137,1,9,0
56277,1,0,1,0,0,0,137,1,9,0
56312,1,0,1,0,0,0,137,1,9,0
56321,1,0,1,0,0,0,137,1,9,0
56431,0,0,0,0,1,0,137,1,9,0
56534,1,0,0,1,1,0,137,1,9,0
56584,0,0,1,1,0,0,137,1,9,0
56650,0,1,0,1,0,0,137,1,9,0
56781,0,0,1,1,0,0,137,1,9,0
56819,1,0,0,1,1,0,137,1,9,0
56945,1,0,1,0,0,0,137,1,9,0
56960,0,1,1,0,1,0,137,1,9,0
57091,1,1,1,1,1,0,137,1,9,0
57096,1,0,1,0,0,0,137,1,9,0
57121,0,1,1,0,1,0,137,1,9,0
57500,1,0,0,1,1,0,137,1,9,0
57680,1,1,0,0,0,0,137,1,9,0
57707,1,1,1,1,1,0,137,1,9,0
57722,1,1,0,0,0,0,137,1,9,0
57763,0,1,1,0,1,0,137,1,9,0
57817,0,1,1,0,1,0,137,1,9,0
57926,0,1,1,0,1,0,137,1,9,0
57949,0,1,0,1,0,0,137,1,9,0
58007,0,0,0,0,1,0,137,1,9,0
58112,1,0,1,0,0,0,137,1,9,0
58333,0,0,0,0,1,0,137,1,9,0
58486,0,1,0,1,0,0,137,1,9,0
58532,1,0,0,1,1,0,137,1,9,0
58742,1,1,1,1,1,0,137,1,9,0
58840,1,0,0,1,1,0,137,1,9,0
58880,0,0,1,1,0,0,137,1,9,0
58912,1,0,1,0,0,0,137,1,9,0
58934,0,1,1,0,1,0,137,1,9,0
58951,0,0,1,1,0,0,137,1,9,0
58957,0,1,1,0,1,0,137,1,9,0
58970,0,0,1,1,0,0,137,1,9,0
58974,1,0,1,0,0,0,137,1,9,0
58995,0,0,0,0,1,0,137,1,9,0
59062,0,1,1,0,1,0,137,1,9,0
59206,1,1,1,1,1,0,137,1,9,0
59338,1,0,0,1,1,0,137,1,9,0
59600,1,1,1,1,1,0,137,1,9,0
59655,0,1,0,1,0,0,137,1,9,0
59763,1,0,1,0,0,0,137,1,9,0
59821,1,0,0,1,1,0,137,1,9,0
59880,1,1,1,1,1,0,137,1,9,0
59889,0,0,0,0,1,0,137,1,9,0
60002,0,0,0,0,1,0,137,1,9,0
60003,0,1,1,0,1,0,137,1,9,0
60153,0,1,1,0,1,0,137,1,9,0
60184,0,0,1,1,0,0,137,1,9,0
60210,0,1,0,1,0,0,137,1,9,0
60338,1,1,1,1,1,0,137,1,9,0
60348,0,0,1,1,0,0,137,1,9,0
60465,1,0,0,1,1,0,137,1,9,0
60489,1,0,1,0,0,0,137,1,9,0
60491,1,1,1,1,1,0,137,1,9,0
60617,0,1,1,0,1,0,137,1,9,0
60857,0,0,0,0,1,0,137,1,9,0
60911,0,1,1,0,1,0,137,1,9,0
61014,1,1,0,0,0,0,137,1,9,0
61026,0,1,1,0,1,0,137,1,9,0
61070,1,0,1,0,0,0,137,1,9,0
61301,1,0,1,0,0,0,137,1,9,0
61332,1,0,1,0,0,0,137,1,9,0
61539,0,0,1,1,0,0,137,1,9,0
61600,0,1,0,1,0,0,137,1,9,0
61613,0,1,0,1,0,0,137,1,9,0
61798,1,0,0,1,1,0,137,1,9,0
61843,0,0,1,1,0,0,137,1,9,0
61930,1,0,0,1,1,0,137,1,9,0
62002,0,1,0,1,0,0,137,1,9,0
62329,0,1,0,0,0,0,137,1,9,0
62331,1,0,0,1,1,0,137,1,9,0
62518,0,1,0,1,0,0,137,1,9,0
62632,0,0,1,1,0,0,137,1,9,0
62817,0,0,0,0,1,0,137,1,9,0
62854,0,0,1,1,0,0,137,1,9,0
62964,1,0,1,0,0,0,137,1,9,0
63049,0,0,0,0,1,0,137,1,9,0
63096,0,1,1,0,1,0,137,1,9,0
63403,0,0,1,1,0,0,137,1,9,0
63507,1,1,1,1,1,0,137,1,9,0
63516,0,0,1,1,0,0,137,1,9,0
63665,0,1,0,1,0,0,137,1,9,0
63766,0,1,1,0,1,0,137,1,9,0
63773,0,0,1,1,0,0,137,1,9,0
63841,1,0,0,1,1,0,137,1,9,0
63924,1,1,0,0,0,0,137,1,9,0
63943,1,1,0,0,0,0,137,1,9,0
63983,0,1,1,0,1,0,137,1,9,0
64162,0,1,0,1,0,0,137,1,9,0
64221,0,0,0,0,1,0,137,1,9,0
64245,1,0,1,0,0,0,137,1,9,0
64252,0,0,1,1,0,0,137,1,9,0
64269,1,0,0,1,1,0,137,1,9,0
64324,0,0,1,1,0,0,137,1,9,0
64526,1,1,0,0,0,0,137,1,9,0
64616,1,0,1,0,0,0,137,1,9,0
64734,1,1,1,1,1,0,137,1,9,0
64745,1,1,0,0,0,0,137,1,9,0
64818,0,1,0,1,0,0,137,1,9,0
64947,1,1,1,1,1,0,137,1,9,0
64990,0,0,1,1,0,0,137,1,9,0
65132,1,1,0,0,0,0,137,1,9,0
65160,1,1,0,0,0,0,137,1,9,0
65220,1,0,1,0,0,0,137,1,9,0
65276,0,1,0,1,0,0,137,1,9,0
65676,0,0,0,0,1,0,117,1,9,0
66045,1,1,0,0,0,0,117,1,9,0
66058,0,1,0,1,0,0,117,1,9,0
66134,0,0,0,0,1,0,117,1,9,0
66141,1,1,1,1,1,0,117,1,9,0
66255,1,1,0,0,0,0,117,1,9,0
66286,1,0,0,1,1,0,117,1,9,0
66288,1,1,0,0,0,0,117,1,9,0
66292,0,0,0,0,1,0,117,1,9,0
66431,0,1,0,1,0,0,117,1,9,0
66454,0,0,1,1,0,0,117,1,9,0
66514,0,0,1,1,0,0,117,1,9,0
66682,1,0,1,0,0,0,117,1,9,0
66892,1,1,0,0,0,0,117,1,9,0
66986,0,0,0,0,1,0,117,1,9,0
67021,1,0,1,0,0,0,117,1,9,0
67104,0,1,1,0,1,0,117,1,9,0
67234,0,1,1,0,1,0,117,1,9,0
67245,1,0,0,1,1,0,117,1,9,0
67325,1,0,0,1,1,0,117,1,9,0
67338,0,0,1,1,0,0,117,1,9,0
67373,0,0,1,1,0,0,117,1,9,0
67420,1,1,0,0,0,0,117,1,9,0
67640,1,1,1,1,1,0,117,1,9,0
67823,0,0,0,0,1,0,117,1,9,0
67837,1,0,1,0,0,0,117,1,9,0
68021,1,1,0,0,0,0,117,1,9,0
68098,0,0,1,1,0,0,117,1,9,0
68151,1,0,0,1,1,0,117,1,9,0
68295,1,1,1,1,1,0,117,1,9,0
68297,1,1,1,1,1,0,117,1,9,0
68600,1,1,1,1,1,0,117,1,9,0
68655,1,1,1,1,1,0,117,1,9,0
68908,1,0,0,1,1,0,117,1,9,0
68983,0,1,0,1,0,0,117,1,9,0
69042,0,0,1,1,0,0,117,1,9,0
69143,0,1,0,1,0,0,117,1,9,0
69192,0,1,0,1,0,0,117,1,9,0
69329,0,1,1,0,1,0,117,1,9,0
69373,1,0,1,1,0,0,117,1,9,0
69502,0,0,0,0,1,0,117,1,9,0
69508,0,0,0,0,1,0,117,1,9,0
69564,1,0,1,0,0,0,117,1,9,0
69680,0,1,1,0,1,0,117,1,9,0
69823,1,1,0,0,0,0,117,1,9,0
70091,0,0,1,1,0,0,117,1,9,0
70120,1,1,1,1,1,0,117,1,9,0
70159,0,0,1,1,0,0,117,1,9,0
70183,1,0,0,1,1,0,117,1,9,0
70259,0,0,0,0,1,0,117,1,9,0
70352,1,0,1,0,0,0,117,1,9,0
70397,1,1,1,0,1,1,117,1,9,0
70556,1,0,1,0,0,0,117,1,9,0
70579,0,1,1,0,1,0,117,1,9,0
70722,1,0,1,0,0,0,117,1,9,0
70889,0,0,1,1,0,0,117,1,9,0
71232,1,1,1,1,1,0,117,1,9,0
71461,1,1,1,1,1,0,117,1,9,0
71656,1,1,0,0,0,0,117,1,9,0
71966,1,1,1,1,1,0,117,1,9,0
72065,0,1,1,0,1,0,117,1,9,0
72147,1,1,0,0,0,0,117,1,9,0
72230,0,0,1,1,0,0,117,1,9,0
72772,1,0,1,0,0,0,117,1,9,0
72826,1,1,1,1,1,0,117,1,9,0
73064,0,0,0,0,1,0,117,1,9,0
73094,0,1,1,0,1,0,117,1,9,0
73615,1,1,0,0,0,0,117,1,9,0
73624,1,0,1,0,0,0,117,1,9,0
73779,1,0,0,1,1,0,117,1,9,0
73844,0,0,1,1,0,0,117,1,9,0
73925,0,0,0,0,1,0,117,1,9,0
74042,1,0,0,1,1,0,117,1,9,0
74134,0,0,0,0,1,0,117,1,9,0
74312,0,1,1,0,1,0,117,1,9,0
74462,1,1,0,0,0,0,117,1,9,0
74509,0,0,0,0,1,0,117,1,9,0
74594,0,0,0,0,1,0,117,1,9,0
74735,1,0,1,0,0,0,117,1,9,0
74907,1,0,0,1,1,0,117,1,9,0
75122,1,1,0,0,0,0,117,1,9,0
75165,0,0,1,1,0,0,117,1,9,0
75183,0,1,1,0,1,0,117,1,9,0
75346,1,1,0,0,0,0,117,1,9,0
75569,1,0,1,0,0,0,117,1,9,0
75795,0,0,1,1,0,0,117,1,9,0
76005,0,1,0,1,0,0,117,1,9,0
76107,1,1,0,0,0,0,117,1,9,0
76221,0,1,0,1,0,0,117,1,9,0
76267,1,1,1,1,1,0,117,1,9,0
76407,0,0,0,0,1,0,117,1,9,0
76927,1,0,0,1,1,0,117,1,9,0
77118,0,1,0,1,0,0,117,1,9,0
77253,0,0,0,0,1,0,117,1,9,0
77325,1,1,0,0,0,0,117,1,9,0
77459,1,0,0,1,1,0,117,1,9,0
77641,0,0,1,1,0,0,117,1,9,0
77778,1,0,1,0,0,0,117,1,9,0
77871,0,1,1,0,1,0,117,1,9,0
77916,0,1,1,0,1,0,117,1,9,0
77981,1,1,1,1,1,0,117,1,9,0
78012,1,0,1,0,0,0,117,1,9,0
78021,1,1,0,0,0,0,117,1,9,0
78234,0,0,1,1,0,0,117,1,9,0
78241,0,1,1,0,1,0,117,1,9,0
78259,0,0,1,1,0,0,117,1,9,0
78747,1,0,1,0,0,0,117,1,9,0
78897,1,1,0,0,0,0,117,1,9,0
78906,0,1,0,1,0,0,117,1,9,0
78954,0,0,1,1,0,0,117,1,9,0
79022,1,0,0,1,1,0,117,1,9,0
79029,1,0,1,0,0,0,117,1,9,0
79048,0,1,1,0,1,0,117,1,9,0
79091,1,1,0,0,0,0,117,1,9,0
79480,1,1,0,0,0,0,117,1,9,0
79624,1,1,0,0,0,0,117,1,9,0
79666,0,1,1,0,1,0,117,1,9,0
79778,1,0,0,1,1,0,117,1,9,0
79974,0,1,1,0,1,0,117,1,9,0
80144,1,0,0,1,1,0,117,1,9,0
80163,0,1,0,1,0,0,117,1,9,0
80372,1,1,1,1,1,0,117,1,9,0
80385,1,1,1,1,1,0,117,1,9,0
80614,0,1,1,0,1,0,117,1,9,0
80707,1,0,1,0,0,0,117,1,9,0
80843,1,0,0,1,1,0,117,1,9,0
80904,1,1,1,1,1,0,117,1,9,0
81061,0,0,1,1,0,0,117,1,9,0
81378,0,1,1,0,1,0,117,1,9,0
81410,0,0,0,0,1,0,117,1,9,0
81520,1,1,0,0,0,0,117,1,9,0
81579,1,0,0,1,1,0,117,1,9,0
81640,0,1,0,1,0,0,117,1,9,0
81684,0,1,0,1,0,0,117,1,9,0
81729,1,1,0,0,0,0,117,1,9,0
81741,0,0,1,1,0,0,117,1,9,0
81905,0,1,1,0,1,0,117,1,9,0
82125,0,1,0,1,0,0,117,1,9,0
82252,0,0,1,1,0,0,117,1,9,0
82514,1,0,1,0,0,0,117,1,9,0
82771,0,1,1,0,1,0,117,1,9,0
82921,0,0,1,1,0,0,117,1,9,0
83300,1,0,1,0,0,0,117,1,9,0
83458,0,0,0,0,1,0,117,1,9,0
83466,1,1,1,1,1,0,117,1,9,0
83587,0,1,0,1,0,0,117,1,9,0
83827,0,1,1,0,1,0,117,1,9,0
83935,0,0,0,0,1,0,117,1,9,0
83983,0,0,0,0,1,0,117,1,9,0
84023,1,0,0,1,1,0,117,1,9,0
84323,0,0,1,1,0,0,117,1,9,0
84375,0,0,0,0,1,0,117,1,9,0
84389,1,0,0,1,1,0,117,1,9,0
84554,0,0,1,1,0,0,117,1,9,0
84635,1,1,0,0,0,0,117,1,9,0
84878,1,0,1,0,0,0,117,1,9,0
85017,1,0,1,0,0,0,117,1,9,0
85346,1,1,0,0,0,0,117,1,9,0
85617,1,0,1,0,0,0,117,1,9,0
85662,0,1,0,1,0,0,117,1,9,0
85812,0,0,0,0,1,0,117,1,9,0
85822,0,0,0,0,1,0,117,1,9,0
85899,0,0,0,0,1,0,117,1,9,0
86179,1,0,1,0,0,0,117,1,9,0
86221,0,0,1,1,0,0,117,1,9,0
86424,0,0,1,1,0,0,117,1,9,0
86489,0,1,0,1,0,0,117,1,9,0
86513,0,1,0,1,0,0,117,1,9,0
86575,1,0,1,0,0,0,117,1,9,0
86778,1,1,0,0,0,0,117,1,9,0
86802,0,0,1,1,0,0,117,1,9,0
86823,1,0,1,0,0,0,117,1,9,0
86830,1,0,1,0,0,0,117,1,9,0
86849,0,0,1,1,0,0,117,1,9,0
86983,1,0,1,0,0,0,117,1,9,0
87028,1,1,1,1,1,0,117,1,9,0
87146,0,1,0,1,0,0,117,1,9,0
87231,0,0,1,1,0,0,117,1,9,0
87237,1,0,0,1,1,0,117,1,9,0
87467,0,1,0,1,0,0,117,1,9,0
87515,1,0,1,0,0,0,117,1,9,0
87780,1,1,0,0,0,0,117,1,9,0
87914,1,1,1,1,1,0,117,1,9,0
88005,1,1,0,0,0,0,117,1,9,0
88143,1,1,1,1,1,0,117,1,9,0
88177,1,0,0,1,1,0,117,1,9,0
88270,1,1,0,0,0,0,117,1,9,0
88321,0,1,1,0,1,0,117,1,9,0
88385,0,0,1,1,0,0,117,1,9,0
88537,0,0,1,1,0,0,117,1,9,0
88794,0,0,1,1,0,0,117,1,9,0
88798,1,1,1,1,1,0,117,1,9,0
88888,1,1,1,1,1,0,117,1,9,0
88946,0,1,1,0,1,0,117,1,9,0
88970,0,0,1,1,0,0,117,1,9,0
88980,1,0,0,1,1,0,117,1,9,0
89148,1,1,0,0,0,0,117,1,9,0
89217,0,0,0,0,1,0,117,1,9,0
89224,0,1,0,1,0,0,117,1,9,0
89324,0,0,1,1,0,0,117,1,9,0
89400,0,0,0,0,1,0,117,1,9,0
89413,0,0,0,0,1,0,117,1,9,0
89432,0,0,0,0,1,0,117,1,9,0
89493,0,0,1,1,0,0,117,1,9,0
89522,1,0,1,0,0,0,117,1,9,0
89587,1,1,1,1,1,0,117,1,9,0
89732,0,1,0,1,0,0,117,1,9,0
89750,1,0,1,0,0,0,117,1,9,0
89888,1,1,1,1,1,0,117,1,9,0
89928,1,1,0,0,0,0,117,1,9,0
90125,1,0,1,0,0,0,117,1,9,0
90133,0,1,0,1,0,0,117,1,9,0
90244,1,0,0,1,1,0,117,1,9,0
90250,1,1,0,0,0,0,117,1,9,0
90277,0,1,0,1,0,0,117,1,9,0
90288,1,1,1,1,1,0,117,1,9,0
90645,0,1,0,1,0,0,117,1,9,0
90739,0,1,0,1,0,0,117,1,9,0
90756,1,0,1,0,0,0,117,1,9,0
90767,0,1,0,1,0,0,117,1,9,0
90808,1,0,0,1,1,0,117,1,9,0
90905,1,1,0,0,0,0,117,1,9,0
90926,0,1,0,1,0,0,117,1,9,0
90963,0,1,0,1,0,0,117,1,9,0
90996,1,1,0,0,0,0,117,1,9,0
91093,0,1,1,0,1,0,117,1,9,0
91134,0,1,1,0,1,0,117,1,9,0
91563,1,1,0,1,0,0,117,1,9,0
91636,0,1,0,1,0,0,117,1,9,0
92113,1,0,1,0,0,0,117,1,9,0
92146,0,0,1,1,0,0,117,1,9,0
92228,1,0,0,1,1,0,117,1,9,0
92558,1,1,1,1,1,0,117,1,9,0
92683,1,1,1,1,1,0,117,1,9,0
92762,1,0,0,1,1,0,117,1,9,0
92859,1,0,0,1,1,0,117,1,9,0
92918,1,1,1,1,1,0,117,1,9,0
92987,0,0,0,0,1,0,117,1,9,0
93075,1,1,1,1,1,0,117,1,9,0
93233,1,1,0,0,0,0,117,1,9,0
93278,1,0,0,1,1,0,117,1,9,0
93472,1,1,0,0,0,0,117,1,9,0
93575,1,0,1,0,0,0,117,1,9,0
93584,1,1,1,1,1,0,117,1,9,0
93804,0,0,1,1,0,0,117,1,9,0
93968,1,0,0,1,1,0,117,1,9,0
94009,0,0,0,1,1,1,117,1,9,0
94108,0,1,1,0,1,0,117,1,9,0
94123,1,1,0,0,0,0,117,1,9,0
94231,0,1,0,1,0,0,117,1,9,0
94318,1,0,1,0,0,0,117,1,9,0
94322,0,1,0,1,0,0,117,1,9,0
94455,0,1,0,1,0,0,117,1,9,0
94477,0,1,1,0,1,0,117,1,9,0
94586,0,1,1,0,1,0,117,1,9,0
94636,0,1,0,1,0,0,117,1,9,0
94752,1,1,0,0,0,0,117,1,9,0
94976,1,0,1,0,0,0,117,1,9,0
94978,0,0,0,0,1,0,117,1,9,0
95003,1,1,0,0,0,0,117,1,9,0
95069,0,1,1,0,1,0,117,1,9,0
95094,0,0,0,0,1,0,117,1,9,0
95178,0,1,0,1,0,0,117,1,9,0
95261,1,1,0,0,0,0,117,1,9,0
95296,0,0,0,0,1,0,117,1,9,0
95299,0,0,0,0,1,0,117,1,9,0
95551,1,1,1,1,1,0,117,1,9,0
95603,1,1,1,1,1,0,117,1,9,0
95638,1,0,0,1,1,0,117,1,9,0
95685,0,1,0,1,0,0,117,1,9,0
95771,0,0,0,0,1,0,117,1,9,0
95826,0,1,1,0,1,0,117,1,9,0
95886,0,0,1,1,0,0,117,1,9,0
95935,0,0,1,1,0,0,117,1,9,0
96064,1,0,0,1,1,0,117,1,9,0
96264,0,0,1,0,0,0,117,1,9,0
96385,1,1,1,1,1,0,117,1,9,0
96470,1,0,0,1,1,0,117,1,9,0
96702,1,1,0,0,0,0,117,1,9,0
97054,0,0,1,1,0,0,117,1,9,0
97188,1,1,0,0,0,0,117,1,9,0
97226,1,0,0,1,1,0,117,1,9,0
97308,1,0,0,1,1,0,117,1,9,0
97404,1,0,0,1,1,0,117,1,9,0
97437,0,0,1,1,0,0,117,1,9,0
97592,1,0,0,1,1,0,117,1,9,0
97689,1,1,1,1,1,0,117,1,9,0
97746,0,1,1,0,1,0,117,1,9,0
98274,1,1,1,1,1,0,117,1,9,0
98377,0,0,1,1,0,0,117,1,9,0
98500,0,1,0,1,0,0,117,1,9,0
98688,1,1,0,1,0,0,117,1,9,0
99182,0,0,1,1,0,0,117,1,9,0
99327,1,0,0,1,1,0,117,1,9,0
99816,1,1,0,0,0,0,117,1,9,0
99942,0,1,1,0,1,0,117,1,9,0
100318,1,0,1,0,0,0,117,1,9,0
100328,0,0,0,0,1,0,117,1,9,0
100370,1,0,1,0,0,0,117,1,9,0
100386,1,0,0,1,1,0,117,1,9,0
100417,0,0,0,0,1,0,117,1,9,0
100483,1,0,1,0,0,0,117,1,9,0
100571,1,1,0,0,0,0,117,1,9,0
100917,0,1,1,0,1,0,117,1,9,0
100926,0,0,1,1,0,0,117,1,9,0
100937,0,1,0,1,0,0,117,1,9,0
101061,1,1,1,1,1,0,117,1,9,0
101275,0,0,0,0,1,0,117,1,9,0
101412,1,0,1,0,0,0,117,1,9,0
101448,1,0,1,0,0,0,117,1,9,0
101743,0,0,0,0,1,0,117,1,9,0
101772,0,1,1,0,1,0,117,1,9,0
101952,0,0,0,0,1,0,117,1,9,0
102064,0,0,1,1,0,0,117,1,9,0
102338,1,0,1,0,0,0,117,1,9,0
102448,1,0,1,0,0,0,117,1,9,0
102577,1,1,0,0,0,0,117,1,9,0
102796,1,0,0,1,1,0,117,1,9,0
102883,0,0,0,1,1,1,117,1,9,0
102975,0,0,0,0,1,0,117,1,9,0
102998,0,0,0,0,1,0,117,1,9,0
103287,1,0,0,1,1,0,117,1,9,0
103329,0,0,0,0,1,0,117,1,9,0
103354,1,0,1,0,0,0,117,1,9,0
103576,0,1,0,1,0,0,117,1,9,0
103623,0,0,0,0,1,0,117,1,9,0
103630,0,1,1,0,1,0,117,1,9,0
103712,0,1,0,1,0,0,117,1,9,0
103798,1,0,0,1,1,0,117,1,9,0
103896,1,1,0,0,0,0,117,1,9,0
103925,0,0,1,1,0,0,117,1,9,0
104012,1,0,0,0,1,1,117,1,9,0
104024,0,0,1,1,0,0,117,1,9,0
104170,0,1,0,1,0,0,117,1,9,0
104218,0,1,1,0,1,0,117,1,9,0
104322,0,0,0,0,1,0,117,1,9,0
104349,0,1,0,1,0,0,117,1,9,0
104373,1,0,1,0,0,0,117,1,9,0
104476,0,0,0,0,1,0,117,1,9,0
104517,0,1,1,0,1,0,117,1,9,0
104585,1,0,1,0,0,0,117,1,9,0
104642,1,1,0,0,0,0,117,1,9,0
104763,1,1,1,1,1,0,117,1,9,0
104898,1,0,1,0,0,0,117,1,9,0
104946,0,1,1,0,1,0,117,1,9,0
104997,1,0,0,0,1,1,117,1,9,0
105016,0,0,0,0,1,0,117,1,9,0
105018,1,0,0,1,1,0,117,1,9,0
105052,0,1,1,0,1,0,117,1,9,0
105098,0,0,0,1,1,1,117,1,9,0
105143,1,1,1,1,1,0,117,1,9,0
105159,0,1,1,0,1,0,117,1,9,0
105437,0,0,0,0,1,0,117,1,9,0
105477,1,0,0,1,1,0,117,1,9,0
105656,1,1,0,0,0,0,117,1,9,0
105689,0,1,0,1,0,0,117,1,9,0
105809,1,0,0,1,1,0,117,1,9,0
105880,1,0,1,0,0,0,117,1,9,0
105885,1,0,1,0,0,0,117,1,9,0
105904,0,1,1,0,1,0,117,1,9,0
105936,0,1,1,0,1,0,117,1,9,0
106079,1,0,1,0,0,0,117,1,9,0
106121,0,0,0,0,1,0,117,1,9,0
106138,1,1,0,0,0,0,117,1,9,0
106329,0,1,0,1,0,0,117,1,9,0
106349,0,1,1,0,1,0,117,1,9,0
106423,1,0,0,1,1,0,117,1,9,0
106481,0,0,0,0,1,0,117,1,9,0
106488,0,0,0,0,1,0,117,1,9,0
106607,1,0,1,0,0,0,117,1,9,0
106667,0,1,1,0,1,0,117,1,9,0
106920,0,1,1,0,1,0,117,1,9,0
107063,1,1,1,1,1,0,117,1,9,0
107090,0,1,1,0,1,0,117,1,9,0
107151,0,1,0,1,0,0,117,1,9,0
107188,0,1,0,1,0,0,117,1,9,0
107221,1,0,0,1,1,0,117,1,9,0
107551,1,0,0,1,1,0,117,1,9,0
107692,1,1,1,1,1,0,117,1,9,0
107752,1,0,0,1,1,0,117,1,9,0
107844,0,0,0,0,1,0,117,1,9,0
107883,1,0,0,1,1,0,117,1,9,0
107922,0,1,0,1,0,0,117,1,9,0
108076,1,0,0,1,1,0,117,1,9,0
108156,1,0,1,0,0,0,117,1,9,0
108178,1,0,0,1,1,0,117,1,9,0
108538,0,1,0,1,0,0,117,1,9,0
108597,1,0,1,0,0,0,117,1,9,0
109013,1,1,0,0,0,0,117,1,9,0
109068,1,0,0,1,1,0,117,1,9,0
109229,0,0,0,0,1,0,117,1,9,0
109652,0,1,1,0,1,0,117,1,9,0
109968,1,1,0,0,0,0,117,1,9,0
109983,0,1,1,0,1,0,117,1,9,0
110115,0,0,0,0,1,0,117,1,9,0
110181,0,0,0,1,1,1,117,1,9,0
110559,1,0,0,1,1,0,117,1,9,0
110633,0,1,0,1,0,0,117,1,9,0
110835,1,1,0,0,0,0,117,1,9,0
111113,0,1,0,1,0,0,117,1,9,0
111378,1,1,0,0,0,0,117,1,9,0
111409,1,1,0,0,0,0,117,1,9,0
111446,1,0,0,1,1,0,117,1,9,0
111653,0,1,1,0,1,0,117,1,9,0
111674,0,1,0,1,0,0,117,1,9,0
111719,1,0,0,1,1,0,117,1,9,0
111832,1,1,0,0,0,0,117,1,9,0
112016,0,0,1,1,0,0,117,1,9,0
112148,1,0,1,0,0,0,117,1,9,0
112215,0,1,0,1,0,0,117,1,9,0
112216,1,0,0,1,1,0,117,1,9,0
112813,1,1,1,1,1,0,117,1,9,0
113027,0,1,0,1,0,0,117,1,9,0
113214,1,1,0,0,0,0,117,1,9,0
113246,1,1,0,0,0,0,117,1,9,0
113271,1,1,0,0,0,0,117,1,9,0
113636,0,0,0,1,1,1,117,1,9,0
113783,0,1,1,0,1,0,117,1,9,0
113914,1,0,0,1,1,0,117,1,9,0
113988,1,0,1,0,0,0,117,1,9,0
113992,0,1,0,1,0,0,117,1,9,0
114294,0,1,0,1,0,0,117,1,9,0
114526,1,1,0,0,0,0,117,1,9,0
114568,1,0,1,0,0,0,117,1,9,0
114741,1,0,1,0,0,0,117,1,9,0
114864,0,0,0,0,1,0,117,1,9,0
115017,1,1,1,1,1,0,117,1,9,0
115360,1,0,1,0,0,0,117,1,9,0
115426,0,0,0,0,1,0,117,1,9,0
115441,0,1,1,0,1,0,117,1,9,0
116041,0,1,0,1,0,0,117,1,9,0
116056,0,0,1,1,0,0,117,1,9,0
116109,1,1,1,1,1,0,117,1,9,0
116293,1,0,0,1,1,0,117,1,9,0
116462,0,1,1,0,1,0,117,1,9,0
116509,1,0,1,0,0,0,117,1,9,0
116690,0,0,0,0,1,0,117,1,9,0
117105,0,0,0,0,1,0,117,1,9,0
117283,0,0,1,1,0,0,117,1,9,0
117289,1,1,1,1,1,0,117,1,9,0
117353,1,0,1,0,0,0,117,1,9,0
117405,0,1,0,1,0,0,117,1,9,0
117594,0,0,1,1,0,0,117,1,9,0
117620,1,1,1,1,1,0,117,1,9,0
117649,0,0,0,0,1,0,117,1,9,0
117670,1,1,0,0,0,0,117,1,9,0
117962,0,0,1,1,0,0,117,1,9,0
118065,1,1,0,0,0,0,117,1,9,0
118134,1,1,0,0,0,0,117,1,9,0
118362,0,0,0,0,1,0,117,1,9,0
118393,0,0,0,0,1,0,117,1,9,0
118526,1,1,1,1,1,0,117,1,9,0
118537,0,0,1,1,0,0,117,1,9,0
118684,1,1,1,1,1,0,117,1,9,0
118751,0,1,0,1,0,0,117,1,9,0
118771,1,0,1,0,0,0,117,1,9,0
118777,0,1,0,1,0,0,117,1,9,0
118885,1,0,1,0,0,0,117,1,9,0
118961,1,1,0,0,0,0,117,1,9,0
118984,1,0,0,1,1,0,117,1,9,0
119071,1,1,0,0,0,0,117,1,9,0
119124,0,0,1,1,0,0,117,1,9,0
119328,1,0,0,1,1,0,117,1,9,0
119424,0,0,1,1,0,0,117,1,9,0
119667,0,0,0,0,1,0,117,1,9,0
119764,1,1,0,0,0,0,117,1,9,0
120248,1,0,0,1,1,0,117,1,9,0
120260,1,1,0,0,0,0,117,1,9,0
120513,0,1,1,0,1,0,117,1,9,0
120585,1,1,1,1,1,0,117,1,9,0
120703,1,0,1,0,0,0,117,1,9,0
120757,0,1,0,1,0,0,117,1,9,0
121004,0,0,0,0,1,0,117,1,9,0
121253,0,0,0,0,1,0,117,1,9,0
121300,0,0,1,1,0,0,117,1,9,0
121382,0,0,0,1,1,1,117,1,9,0
121599,1,0,0,1,1,0,117,1,9,0
121611,0,1,1,1,1,1,117,1,9,0
121624,0,0,0,0,1,0,117,1,9,0
121870,1,1,0,0,0,0,117,1,9,0
121895,0,1,1,0,1,0,117,1,9,0
122007,0,1,0,1,0,0,117,1,9,0
122108,0,0,0,0,1,0,117,1,9,0
122153,0,1,1,0,1,0,117,1,9,0
122297,1,1,1,1,1,0,117,1,9,0
122611,1,0,1,0,0,0,117,1,9,0
122652,1,0,1,0,0,0,117,1,9,0
122709,1,1,1,1,1,0,117,1,9,0
122888,0,0,0,0,1,0,117,1,9,0
122980,1,1,1,1,1,0,117,1,9,0
123088,0,0,0,1,1,1,117,1,9,0
123343,0,1,1,0,1,0,117,1,9,0
123395,1,1,1,1,1,0,117,1,9,0
123444,1,1,0,0,0,0,117,1,9,0
123501,0,0,0,0,1,0,117,1,9,0
123550,1,1,1,1,1,0,117,1,9,0
123695,1,0,0,1,1,0,117,1,9,0
123734,0,1,0,1,0,0,117,1,9,0
123892,1,0,0,1,1,0,117,1,9,0
124004,0,1,0,1,0,0,117,1,9,0
124089,1,0,0,1,1,0,117,1,9,0
124339,1,1,0,0,0,0,117,1,9,0
124575,1,0,1,0,0,0,117,1,9,0
124664,1,0,0,1,1,0,117,1,9,0
124727,0,1,0,1,0,0,117,1,9,0
124735,1,0,1,0,0,0,117,1,9,0
124905,0,1,0,1,0,0,117,1,9,0
124920,1,0,1,0,0,0,117,1,9,0
125022,0,0,1,1,0,0,117,1,9,0
125061,0,0,0,0,1,0,117,1,9,0
125191,0,1,0,1,0,0,117,1,9,0
125214,0,0,1,1,0,0,117,1,9,0
125298,1,1,1,1,1,0,117,1,9,0
125320,1,0,0,1,1,0,117,1,9,0
125646,1,0,0,0,1,1,117,1,9,0
125781,1,1,0,0,0,0,117,1,9,0
125819,0,1,1,0,1,0,117,1,9,0
126264,0,0,1,1,0,0,117,1,9,0
126327,0,1,1,0,1,0,117,1,9,0
126343,0,1,1,0,1,0,117,1,9,0
126462,0,0,0,0,1,0,117,1,9,0
126877,1,1,0,0,0,0,117,1,9,0
127062,1,0,1,0,0,0,117,1,9,0
127175,1,0,0,1,1,0,117,1,9,0
127411,1,1,1,1,1,0,117,1,9,0
127516,1,1,0,0,0,0,117,1,9,0
127606,0,0,1,1,0,0,117,1,9,0
127640,1,1,1,0,1,1,117,1,9,0
127939,0,1,0,1,0,0,117,1,9,0
127970,1,1,1,1,1,0,117,1,9,0
128022,0,0,0,0,1,0,117,1,9,0
128052,0,0,0,0,1,0,117,1,9,0
128090,0,0,0,0,1,0,117,1,9,0
128228,1,0,0,1,1,0,117,1,9,0
128570,1,0,0,1,1,0,117,1,9,0
128582,1,0,1,0,0,0,117,1,9,0
128879,1,1,1,1,1,0,117,1,9,0
129486,1,1,1,1,1,0,117,1,9,0
129875,1,0,0,1,1,0,117,1,9,0
129953,1,0,0,1,1,0,117,1,9,0
130103,0,1,0,1,0,0,117,1,9,0
130200,1,0,1,0,0,0,117,1,9,0
130230,0,1,0,1,0,0,117,1,9,0
130298,0,1,1,0,1,0,117,1,9,0
130391,0,1,1,0,1,0,117,1,9,0
130549,1,0,1,0,0,0,117,1,9,0
130607,0,0,0,0,1,0,117,1,9,0
130745,1,1,0,0,0,0,117,1,9,0
130765,1,1,1,1,1,0,117,1,9,0
130828,0,1,1,0,1,0,117,1,9,0
130836,0,0,1,0,0,0,117,1,9,0
130864,0,1,1,0,1,0,117,1,9,0
130918,0,0,1,1,0,0,117,1,9,0
130991,1,0,1,0,0,0,117,1,9,0
131079,0,0,0,0,1,0,104,1,9,0
131400,0,0,1,1,0,0,104,1,9,0
131536,0,1,0,1,0,0,104,1,9,0
131738,0,0,1,1,0,0,104,1,9,0
132336,1,0,1,0,0,0,104,1,9,0
132355,1,1,0,0,0,0,104,1,9,0
132386,0,1,1,0,1,0,104,1,9,0
132441,1,1,1,1,1,0,104,1,9,0
132536,0,0,0,0,1,0,104,1,9,0
132551,0,0,1,1,0,0,104,1,9,0
132642,0,0,0,0,1,0,104,1,9,0
132702,0,0,1,1,0,0,104,1,9,0
132838,0,0,1,1,0,0,104,1,9,0
133001,0,0,1,1,0,0,104,1,9,0
133093,1,0,1,0,0,0,104,1,9,0
133211,0,1,1,0,1,0,104,1,9,0
133294,0,1,1,0,1,0,104,1,9,0
133308,0,0,1,1,0,0,104,1,9,0
133702,1,0,0,1,1,0,104,1,9,0
133749,0,1,1,0,1,0,104,1,9,0
133929,1,1,0,0,0,0,104,1,9,0
133978,0,1,0,1,0,0,104,1,9,0
133980,0,0,1,1,0,0,104,1,9,0
134002,0,1,1,0,1,0,104,1,9,0
134022,1,0,1,0,0,0,104,1,9,0
134029,0,1,1,0,1,0,104,1,9,0
134033,0,1,1,0,1,0,104,1,9,0
134416,1,1,1,1,1,0,104,1,9,0
134427,0,0,1,1,0,0,104,1,9,0
134494,1,1,1,1,1,0,104,1,9,0
134520,1,0,1,0,0,0,104,1,9,0
134771,1,0,1,0,0,0,104,1,9,0
134912,1,0,0,1,1,0,104,1,9,0
134936,1,0,0,1,1,0,104,1,9,0
134940,1,0,1,0,0,0,104,1,9,0
135066,0,0,0,0,1,0,104,1,9,0
135138,0,0,0,0,1,0,104,1,9,0
135375,1,0,0,1,1,0,104,1,9,0
135389,0,1,1,0,1,0,104,1,9,0
135522,0,1,1,0,1,0,104,1,9,0
135681,1,1,0,0,0,0,104,1,9,0
135696,1,1,0,0,0,0,104,1,9,0
135805,0,1,1,0,1,0,104,1,9,0
135896,0,0,0,0,1,0,104,1,9,0
136156,1,1,0,0,0,0,104,1,9,0
136444,0,0,0,0,1,0,104,1,9,0
136446,1,0,1,0,0,0,104,1,9,0
136513,0,0,0,0,1,0,104,1,9,0
136656,1,0,0,1,1,0,104,1,9,0
136795,1,0,0,1,1,0,104,1,9,0
137011,1,1,1,1,1,0,104,1,9,0
137088,0,1,0,1,0,0,104,1,9,0
137097,0,1,1,0,1,0,104,1,9,0
137131,1,1,0,0,0,0,104,1,9,0
137190,0,0,1,1,0,0,104,1,9,0
137306,1,1,0,0,0,0,104,1,9,0
137556,1,1,1,1,1,0,104,1,9,0
137598,1,0,0,1,1,0,104,1,9,0
137682,0,0,0,1,1,1,104,1,9,0
137751,0,1,0,1,0,0,104,1,9,0
138009,0,0,0,0,1,0,104,1,9,0
138061,0,0,1,1,0,0,104,1,9,0
138131,0,1,0,1,0,0,104,1,9,0
138158,1,0,0,1,1,0,104,1,9,0
138215,1,1,0,0,0,0,104,1,9,0
138466,0,0,1,1,0,0,104,1,9,0
138482,0,0,1,1,0,0,104,1,9,0
138489,1,1,0,0,0,0,104,1,9,0
138605,1,1,1,1,1,0,104,1,9,0
138976,0,0,0,0,1,0,104,1,9,0
139086,1,0,1,0,0,0,104,1,9,0
139134,1,0,0,1,1,0,104,1,9,0
139252,0,0,0,0,1,0,104,1,9,0
139842,0,0,1,1,0,0,104,1,9,0
139868,0,1,0,1,0,0,104,1,9,0
139932,1,1,1,0,1,1,104,1,9,0
139989,1,0,0,1,1,0,104,1,9,0
140167,1,1,0,0,0,0,104,1,9,0
140562,1,0,1,0,0,0,104,1,9,0
140678,0,0,0,0,1,0,104,1,9,0
140993,1,0,0,1,1,0,104,1,9,0
141261,1,1,1,1,1,0,104,1,9,0
141449,0,0,0,0,1,0,104,1,9,0
141725,0,0,0,0,1,0,104,1,9,0
141735,1,0,0,1,1,0,104,1,9,0
141991,0,1,1,0,1,0,104,1,9,0
142244,0,1,1,0,1,0,104,1,9,0
142376,0,0,1,1,0,0,104,1,9,0
142385,0,1,0,0,0,0,104,1,9,0
142683,1,0,0,1,1,0,104,1,9,0
142728,1,1,1,1,1,0,104,1,9,0
142805,0,0,0,0,1,0,104,1,9,0
142981,1,1,1,1,1,0,104,1,9,0
143058,1,1,0,0,0,0,104,1,9,0
143102,0,1,1,0,1,0,104,1,9,0
143566,0,0,1,1,0,0,104,1,9,0
143630,0,0,0,0,1,0,104,1,9,0
143659,0,0,0,0,1,0,104,1,9,0
144271,0,0,0,0,1,0,104,1,9,0
144786,0,1,1,0,1,0,104,1,9,0
144801,0,1,1,0,1,0,104,1,9,0
144909,1,1,0,0,0,0,104,1,9,0
145023,0,0,1,1,0,0,104,1,9,0
145142,1,0,1,0,0,0,104,1,9,0
145163,1,1,1,1,1,0,104,1,9,0
145224,0,0,1,1,0,0,104,1,9,0
145237,0,1,0,1,0,0,104,1,9,0
145262,1,1,0,0,0,0,104,1,9,0
145472,0,0,1,1,0,0,104,1,9,0
145533,0,1,0,1,0,0,104,1,9,0
145668,0,0,0,0,1,0,104,1,9,0
145689,1,0,1,0,0,0,104,1,9,0
145713,1,1,1,1,1,0,104,1,9,0
145763,0,1,0,1,0,0,104,1,9,0
145929,0,1,1,0,1,0,104,1,9,0
146159,1,0,0,1,1,0,104,1,9,0
146296,0,1,0,1,0,0,104,1,9,0
146996,0,1,1,0,1,0,104,1,9,0
146997,0,0,0,0,1,0,104,1,9,0
146999,1,0,0,1,1,0,104,1,9,0
147144,1,1,0,0,0,0,104,1,9,0
147173,0,1,0,1,0,0,104,1,9,0
147220,0,1,0,1,0,0,104,1,9,0
147225,1,0,1,0,0,0,104,1,9,0
147311,1,1,0,0,0,0,104,1,9,0
147470,0,1,1,0,1,0,104,1,9,0
147538,1,1,1,1,1,0,104,1,9,0
147585,1,1,0,0,0,0,104,1,9,0
147756,1,0,1,0,0,0,104,1,9,0
147882,1,1,1,1,1,0,104,1,9,0
148046,1,0,1,0,0,0,104,1,9,0
148052,0,1,1,0,1,0,104,1,9,0
148062,1,1,1,1,1,0,104,1,9,0
148085,0,0,1,1,0,0,104,1,9,0
148117,1,0,0,1,1,0,104,1,9,0
148260,1,0,1,0,0,0,104,1,9,0
148325,1,0,0,1,1,0,104,1,9,0
148754,0,1,0,1,0,0,104,1,9,0
148941,1,1,0,0,0,0,104,1,9,0
149071,1,0,1,0,0,0,104,1,9,0
149116,1,1,0,0,0,0,104,1,9,0
149170,1,0,0,1,1,0,104,1,9,0
149244,0,1,0,1,0,0,104,1,9,0
149359,0,0,0,0,1,0,104,1,9,0
149424,0,1,1,0,1,0,104,1,9,0
149674,0,1,0,0,0,0,104,1,9,0
149692,1,0,1,0,0,0,104,1,9,0
149995,1,0,1,0,0,0,104,1,9,0
149999,0,0,0,1,1,1,104,1,9,0
150381,0,0,1,1,0,0,104,1,9,0
150392,1,1,1,1,1,0,104,1,9,0
151014,0,1,1,0,1,0,104,1,9,0
151059,1,1,1,1,1,0,104,1,9,0
151137,0,1,0,1,0,0,104,1,9,0
151287,1,1,0,0,0,0,104,1,9,0
151375,1,1,0,0,0,0,104,1,9,0
151450,1,0,1,0,0,0,104,1,9,0
151503,0,0,1,1,0,0,104,1,9,0
151751,1,0,1,0,0,0,104,1,9,0
151895,1,1,1,1,1,0,104,1,9,0
151924,0,0,0,0,1,0,104,1,9,0
152065,1,1,1,1,1,0,104,1,9,0
152267,0,1,1,0,1,0,104,1,9,0
152486,0,0,1,1,0,0,104,1,9,0
152497,0,1,0,1,0,0,104,1,9,0
152509,1,0,0,1,1,0,104,1,9,0
153067,1,0,1,0,0,0,104,1,9,0
153459,1,1,1,1,1,0,104,1,9,0
153550,0,1,1,0,1,0,104,1,9,0
153709,1,0,0,1,1,0,104,1,9,0
153712,0,0,0,0,1,0,104,1,9,0
153741,0,1,0,1,0,0,104,1,9,0
153756,0,0,0,0,1,0,104,1,9,0
154064,0,1,0,1,0,0,104,1,9,0
154076,1,0,1,0,0,0,104,1,9,0
154289,1,0,1,0,0,0,104,1,9,0
154415,1,0,1,0,0,0,104,1,9,0
154450,1,1,0,0,0,0,104,1,9,0
154602,1,1,0,0,0,0,104,1,9,0
154738,0,1,1,0,1,0,104,1,9,0
154809,0,1,0,1,0,0,104,1,9,0
155151,1,1,1,1,1,0,104,1,9,0
155398,1,0,1,0,0,0,104,1,9,0
155567,1,0,0,1,1,0,104,1,9,0
155669,0,0,0,0,1,0,104,1,9,0
155862,1,0,1,0,0,0,104,1,9,0
155922,0,1,1,0,1,0,104,1,9,0
155930,0,0,0,0,1,0,104,1,9,0
155938,0,0,1,1,0,0,104,1,9,0
155957,1,1,0,0,0,0,104,1,9,0
156037,1,0,0,1,1,0,104,1,9,0
156216,0,1,1,0,1,0,104,1,9,0
156254,0,0,0,0,1,0,104,1,9,0
156422,1,0,1,0,0,0,104,1,9,0
156468,1,0,0,1,1,0,104,1,9,0
156477,0,1,0,1,0,0,104,1,9,0
156554,0,0,0,0,1,0,104,1,9,0
156600,0,1,1,0,1,0,104,1,9,0
156704,1,0,0,1,1,0,104,1,9,0
156728,0,0,0,0,1,0,104,1,9,0
156829,1,0,0,1,1,0,104,1,9,0
156873,1,1,0,0,0,0,104,1,9,0
157264,1,0,1,0,0,0,104,1,9,0
157615,1,1,1,1,1,0,104,1,9,0
157705,1,1,1,1,1,0,104,1,9,0
157715,0,0,1,1,0,0,104,1,9,0
157739,0,0,1,1,0,0,104,1,9,0
157742,0,0,0,0,1,0,104,1,9,0
157977,0,0,1,1,0,0,104,1,9,0
158057,1,1,0,0,0,0,104,1,9,0
158174,1,1,1,1,1,0,104,1,9,0
158250,1,1,1,1,1,0,104,1,9,0
158325,1,0,1,0,0,0,104,1,9,0
158586,1,0,0,1,1,0,104,1,9,0
158818,0,1,0,1,0,0,104,1,9,0
158917,1,0,0,1,1,0,104,1,9,0
159011,0,0,1,1,0,0,104,1,9,0
159176,1,1,1,1,1,0,104,1,9,0
159202,1,1,0,0,0,0,104,1,9,0
159287,1,1,0,0,0,0,104,1,9,0
159545,0,1,1,0,1,0,104,1,9,0
159733,1,0,1,0,0,0,104,1,9,0
159770,0,1,0,1,0,0,104,1,9,0
159896,0,1,0,1,0,0,104,1,9,0
160043,1,1,1,1,1,0,104,1,9,0
160057,1,0,0,1,1,0,104,1,9,0
160190,0,1,1,0,1,0,104,1,9,0
160226,0,1,0,1,0,0,104,1,9,0
160296,1,0,0,1,1,0,104,1,9,0
160319,1,1,1,1,1,0,104,1,9,0
160384,0,0,0,0,1,0,104,1,9,0
160629,1,1,1,1,1,0,104,1,9,0
160665,0,1,0,1,0,0,104,1,9,0
160703,0,0,0,0,1,0,104,1,9,0
160762,1,0,1,0,0,0,104,1,9,0
160830,0,1,1,0,1,0,104,1,9,0
161011,0,0,1,1,0,0,104,1,9,0
161060,1,0,0,1,1,0,104,1,9,0
161255,0,1,0,1,0,0,104,1,9,0
161308,1,0,1,0,0,0,104,1,9,0
161338,0,0,1,1,0,0,104,1,9,0
161619,0,0,1,1,0,0,104,1,9,0
161932,0,1,1,0,1,0,104,1,9,0
161945,0,0,0,0,1,0,104,1,9,0
162029,1,0,0,1,1,0,104,1,9,0
162030,0,1,1,0,1,0,104,1,9,0
162046,0,0,0,0,1,0,104,1,9,0
162064,1,0,0,1,1,0,104,1,9,0
162316,0,1,1,1,1,1,104,1,9,0
162325,0,0,0,0,1,0,104,1,9,0
162342,0,1,0,1,0,0,104,1,9,0
162460,0,1,1,0,1,0,104,1,9,0
162934,1,0,1,0,0,0,104,1,9,0
162976,1,0,1,0,0,0,104,1,9,0
162977,1,1,0,0,0,0,104,1,9,0
163108,0,0,0,0,1,0,104,1,9,0
163138,1,1,0,0,0,0,104,1,9,0
163142,1,0,1,0,0,0,104,1,9,0
163579,0,1,0,1,0,0,104,1,9,0
163716,1,1,1,1,1,0,104,1,9,0
163759,1,1,1,1,1,0,104,1,9,0
163813,1,0,0,1,1,0,104,1,9,0
163897,1,0,1,0,0,0,104,1,9,0
164049,1,0,1,0,0,0,104,1,9,0
164209,0,1,0,1,0,0,104,1,9,0
164740,1,0,1,0,0,0,104,1,9,0
164785,0,0,1,1,0,0,104,1,9,0
164812,0,0,0,0,1,0,104,1,9,0
165116,0,0,1,1,0,0,104,1,9,0
165285,0,0,0,0,1,0,104,1,9,0
165586,1,1,0,0,0,0,104,1,9,0
165596,1,1,1,1,1,0,104,1,9,0
165643,1,0,0,1,1,0,104,1,9,0
165850,1,0,1,0,0,0,104,1,9,0
165878,0,1,1,0,1,0,104,1,9,0
166662,0,1,1,0,1,0,104,1,9,0
166820,0,1,0,1,0,0,104,1,9,0
166916,0,1,1,0,1,0,104,1,9,0
167015,1,0,0,1,1,0,104,1,9,0
167042,0,0,0,0,1,0,104,1,9,0
167296,1,0,0,1,1,0,104,1,9,0
167384,1,1,1,1,1,0,104,1,9,0
167412,0,1,0,1,0,0,104,1,9,0
167662,0,1,1,0,1,0,104,1,9,0
167675,1,0,0,1,1,0,104,1,9,0
167769,0,0,0,0,1,0,104,1,9,0
167805,1,0,1,0,0,0,104,1,9,0
167868,1,1,1,1,1,0,104,1,9,0
167962,1,1,1,1,1,0,104,1,9,0
168017,0,0,0,0,1,0,104,1,9,0
168242,1,0,1,0,0,0,104,1,9,0
168373,0,1,0,1,0,0,104,1,9,0
168389,1,1,1,1,1,0,104,1,9,0
168672,0,0,1,1,0,0,104,1,9,0
168860,0,1,1,0,1,0,104,1,9,0
169292,0,1,1,0,1,0,104,1,9,0
169311,1,1,1,1,1,0,104,1,9,0
169441,1,1,1,1,1,0,104,1,9,0
169611,1,0,0,1,1,0,104,1,9,0
169804,1,0,0,1,1,0,104,1,9,0
169890,0,0,0,0,1,0,104,1,9,0
169931,1,1,0,0,0,0,104,1,9,0
169952,1,0,0,1,1,0,104,1,9,0
169987,0,0,1,1,0,0,104,1,9,0
170018,0,1,0,1,0,0,104,1,9,0
170060,1,0,1,0,0,0,104,1,9,0
170061,0,1,0,1,0,0,104,1,9,0
170316,1,0,1,0,0,0,104,1,9,0
170370,0,1,1,0,1,0,104,1,9,0
170441,0,1,0,1,0,0,104,1,9,0
170490,0,0,1,1,0,0,104,1,9,0
170627,1,0,0,1,1,0,104,1,9,0
170791,1,1,0,0,0,0,104,1,9,0
171323,0,0,1,1,0,0,104,1,9,0
171563,0,1,0,1,0,0,104,1,9,0
171856,0,1,0,1,0,0,104,1,9,0
172045,1,0,1,0,0,0,104,1,9,0
172234,1,0,1,0,0,0,104,1,9,0
172379,1,1,1,1,1,0,104,1,9,0
172537,0,0,0,0,1,0,104,1,9,0
172878,1,1,0,0,0,0,104,1,9,0
172933,0,1,1,0,1,0,104,1,9,0
172948,0,1,1,0,1,0,104,1,9,0
172975,0,0,0,0,1,0,104,1,9,0
172995,0,1,1,0,1,0,104,1,9,0
173017,1,0,1,0,0,0,104,1,9,0
173142,0,0,0,0,1,0,104,1,9,0
173259,1,1,1,1,1,0,104,1,9,0
173263,0,0,0,0,1,0,104,1,9,0
173315,0,0,0,0,1,0,104,1,9,0
173377,1,1,1,1,1,0,104,1,9,0
173392,0,1,1,0,1,0,104,1,9,0
173512,0,0,0,0,1,0,104,1,9,0
173731,0,1,0,1,0,0,104,1,9,0
173735,0,0,1,1,0,0,104,1,9,0
173852,1,1,0,0,0,0,104,1,9,0
174004,0,1,1,0,1,0,104,1,9,0
174156,1,1,0,0,0,0,104,1,9,0
174376,1,1,1,1,1,0,104,1,9,0
174504,1,1,1,1,1,0,104,1,9,0
174728,0,1,0,1,0,0,104,1,9,0
174971,1,0,1,0,0,0,104,1,9,0
174978,0,0,1,1,0,0,104,1,9,0
175112,0,0,0,0,1,0,104,1,9,0
175164,0,1,1,0,1,0,104,1,9,0
175361,0,1,0,1,0,0,104,1,9,0
175497,0,1,1,0,1,0,104,1,9,0
175559,0,1,0,0,0,0,104,1,9,0
175758,1,1,0,0,0,0,104,1,9,0
175863,1,1,1,1,1,0,104,1,9,0
176139,0,0,1,1,0,0,104,1,9,0
176660,1,1,1,1,1,0,104,1,9,0
176876,1,1,0,0,0,0,104,1,9,0
177071,1,1,0,0,0,0,104,1,9,0
177131,1,1,1,1,1,0,104,1,9,0
177590,0,0,1,1,0,0,104,1,9,0
177634,1,0,0,1,1,0,104,1,9,0
177873,0,1,0,1,0,0,104,1,9,0
177898,1,1,0,0,0,0,104,1,9,0
177933,1,1,0,0,0,0,104,1,9,0
178096,0,1,0,1,0,0,104,1,9,0
178112,0,1,0,1,0,0,104,1,9,0
178114,0,0,1,1,0,0,104,1,9,0
178170,1,1,1,1,1,0,104,1,9,0
178180,0,0,0,0,1,0,104,1,9,0
178416,1,0,0,1,1,0,104,1,9,0
178587,1,0,1,0,0,0,104,1,9,0
178632,0,1,0,1,0,0,104,1,9,0
178700,0,1,1,0,1,0,104,1,9,0
178847,1,0,1,0,0,0,104,1,9,0
178856,1,0,1,0,0,0,104,1,9,0
178964,1,1,1,1,1,0,104,1,9,0
178980,1,0,0,1,1,0,104,1,9,0
178992,1,0,1,0,0,0,104,1,9,0
179082,0,0,0,0,1,0,104,1,9,0
179232,1,1,1,1,1,0,104,1,9,0
179260,0,1,0,1,0,0,104,1,9,0
179315,0,1,0,1,0,0,104,1,9,0
179374,0,0,0,0,1,0,104,1,9,0
179412,1,0,1,0,0,0,104,1,9,0
179826,0,1,0,1,0,0,104,1,9,0
179855,1,1,0,0,0,0,104,1,9,0
180174,1,0,0,1,1,0,104,1,9,0
180257,1,0,1,0,0,0,104,1,9,0
180310,1,1,1,1,1,0,104,1,9,0
180432,1,0,1,0,0,0,104,1,9,0
180577,1,1,0,0,0,0,104,1,9,0
180631,1,1,1,1,1,0,104,1,9,0
180720,0,1,0,1,0,0,104,1,9,0
180763,1,0,1,0,0,0,104,1,9,0
180847,0,1,1,0,1,0,104,1,9,0
180920,1,1,1,1,1,0,104,1,9,0
180936,0,1,1,0,1,0,104,1,9,0
181376,1,0,0,1,1,0,104,1,9,0
181395,1,0,0,1,1,0,104,1,9,0
181465,1,1,1,1,1,0,104,1,9,0
181492,1,0,1,0,0,0,104,1,9,0
181575,0,0,1,1,0,0,104,1,9,0
181724,0,0,1,1,0,0,104,1,9,0
181863,0,0,0,0,1,0,104,1,9,0
181937,1,1,1,1,1,0,104,1,9,0
181956,1,0,1,0,0,0,104,1,9,0
181975,0,0,1,1,0,0,104,1,9,0
182078,1,1,1,1,1,0,104,1,9,0
182161,0,1,0,0,0,0,104,1,9,0
182165,0,0,0,0,1,0,104,1,9,0
182486,1,0,1,0,0,0,104,1,9,0
182556,1,0,0,1,1,0,104,1,9,0
182783,0,0,1,1,0,0,104,1,9,0
183075,1,0,1,0,0,0,104,1,9,0
183076,0,0,1,1,0,0,104,1,9,0
183095,0,1,1,0,1,0,104,1,9,0
183104,1,0,1,0,0,0,104,1,9,0
183159,0,0,1,1,0,0,104,1,9,0
183515,0,0,0,0,1,0,104,1,9,0
184086,0,1,0,1,0,0,104,1,9,0
184297,1,0,1,0,0,0,104,1,9,0
184387,1,1,0,0,0,0,104,1,9,0
184755,0,1,0,1,0,0,104,1,9,0
184828,0,1,0,1,0,0,104,1,9,0
185207,1,0,1,0,0,0,104,1,9,0
185298,1,1,0,0,0,0,104,1,9,0
185573,1,1,1,1,1,0,104,1,9,0
185708,1,0,0,1,1,0,104,1,9,0
185826,1,1,0,0,0,0,104,1,9,0
186047,0,0,0,0,1,0,104,1,9,0
186050,1,0,1,0,0,0,104,1,9,0
186056,1,0,0,1,1,0,104,1,9,0
186337,1,1,0,0,0,0,104,1,9,0
186490,0,1,1,0,1,0,104,1,9,0
186662,0,0,0,0,1,0,104,1,9,0
186795,0,0,1,1,0,0,104,1,9,0
186997,1,1,1,1,1,0,104,1,9,0
187218,0,0,0,0,1,0,104,1,9,0
187298,0,0,1,1,0,0,104,1,9,0
187440,1,0,1,0,0,0,104,1,9,0
187507,1,1,1,1,1,0,104,1,9,0
187724,0,0,1,1,0,0,104,1,9,0
187776,0,1,1,0,1,0,104,1,9,0
187820,0,1,0,1,0,0,104,1,9,0
187933,0,1,0,1,0,0,104,1,9,0
187957,1,0,0,1,1,0,104,1,9,0
188238,0,0,0,0,1,0,104,1,9,0
188342,0,1,1,0,1,0,104,1,9,0
188378,1,0,1,0,0,0,104,1,9,0
188393,1,1,1,1,1,0,104,1,9,0
188613,1,1,1,0,1,1,104,1,9,0
188636,0,1,1,0,1,0,104,1,9,0
188742,0,1,1,0,1,0,104,1,9,0
188769,1,1,1,1,1,0,104,1,9,0
188950,1,1,0,0,0,0,104,1,9,0
189029,1,0,0,1,1,0,104,1,9,0
189280,0,0,1,1,0,0,104,1,9,0
189291,1,0,0,1,1,0,104,1,9,0
189296,0,1,0,1,0,0,104,1,9,0
189299,1,0,1,0,0,0,104,1,9,0
189314,0,1,1,0,1,0,104,1,9,0
189395,0,1,1,0,1,0,104,1,9,0
189814,0,1,1,0,1,0,104,1,9,0
189975,1,0,1,0,0,0,104,1,9,0
189981,0,0,0,0,1,0,104,1,9,0
190108,1,0,0,1,1,0,104,1,9,0
190139,1,1,1,1,1,0,104,1,9,0
190231,1,0,0,1,1,0,104,1,9,0
190244,1,1,1,1,1,0,104,1,9,0
190305,1,0,0,1,1,0,104,1,9,0
190388,0,0,1,1,0,0,104,1,9,0
190416,0,0,0,0,1,0,104,1,9,0
190482,1,1,0,0,0,0,104,1,9,0
190516,0,0,1,1,0,0,104,1,9,0
190553,0,1,1,0,1,0,104,1,9,0
190670,1,0,1,0,0,0,104,1,9,0
190714,0,1,1,0,1,0,104,1,9,0
191103,1,1,1,1,1,0,104,1,9,0
191148,1,0,0,1,1,0,104,1,9,0
191220,1,0,1,0,0,0,104,1,9,0
191431,1,0,0,1,1,0,104,1,9,0
191550,1,0,1,0,0,0,104,1,9,0
191675,0,0,1,1,0,0,104,1,9,0
191875,0,0,0,0,1,0,104,1,9,0
192017,1,0,1,0,0,0,104,1,9,0
192118,0,1,0,1,0,0,104,1,9,0
192407,1,1,0,0,0,0,104,1,9,0
192459,0,0,1,1,0,0,104,1,9,0
192829,1,1,0,0,0,0,104,1,9,0
192832,1,1,0,0,0,0,104,1,9,0
193073,1,1,1,1,1,0,104,1,9,0
193101,0,0,1,1,0,0,104,1,9,0
193116,1,1,0,0,0,0,104,1,9,0
193142,0,0,0,0,1,0,104,1,9,0
193203,0,0,1,1,0,0,104,1,9,0
193205,1,0,1,0,0,0,104,1,9,0
193326,1,1,0,0,0,0,104,1,9,0
193416,1,0,0,1,1,0,104,1,9,0
193504,1,1,1,1,1,0,104,1,9,0
193576,0,0,1,1,0,0,104,1,9,0
193714,0,0,1,1,0,0,104,1,9,0
194005,0,1,1,0,1,0,104,1,9,0
194205,1,1,1,1,1,0,104,1,9,0
194281,1,1,1,1,1,0,104,1,9,0
194680,0,1,1,0,1,0,104,1,9,0
194691,1,0,1,0,0,0,104,1,9,0
194826,0,0,1,1,0,0,104,1,9,0
194966,0,0,0,0,1,0,104,1,9,0
195209,0,0,1,1,0,0,104,1,9,0
195213,1,0,1,0,0,0,104,1,9,0
195230,0,1,0,1,0,0,104,1,9,0
195281,1,1,1,1,1,0,104,1,9,0
195300,1,0,0,1,1,0,104,1,9,0
195369,1,1,1,1,1,0,104,1,9,0
195385,0,1,0,1,0,0,104,1,9,0
195424,0,0,1,1,0,0,104,1,9,0
195483,1,1,0,0,0,0,104,1,9,0
195853,0,1,1,0,1,0,104,1,9,0
195917,1,1,0,0,0,0,104,1,9,0
195987,1,0,1,0,0,0,104,1,9,0
196051,1,1,0,0,0,0,104,1,9,0
196151,1,1,1,1,1,0,104,1,9,0
196264,0,0,0,0,1,0,104,1,9,0
196270,0,1,1,0,1,0,104,1,9,0
196302,0,0,0,0,1,0,104,1,9,0
196575,1,0,0,1,1,0,104,1,9,0
196590,0,1,1,0,1,0,104,1,9,0
196687,0,1,1,1,1,1,146,1,9,0
196704,1,1,0,0,0,0,146,1,9,0
196877,1,1,1,1,1,0,146,1,9,0
197016,0,0,0,0,1,0,146,1,9,0
197414,1,1,1,1,1,0,146,1,9,0
197473,0,1,1,0,1,0,146,1,9,0
197485,0,1,0,1,0,0,146,1,9,0
197513,0,1,1,0,1,0,146,1,9,0
197618,1,0,0,1,1,0,146,1,9,0
197738,1,1,0,0,0,0,146,1,9,0
197866,1,0,0,1,1,0,146,1,9,0
197886,0,0,0,0,1,0,146,1,9,0
197902,1,0,0,1,1,0,146,1,9,0
198370,1,0,0,1,1,0,146,1,9,0
198511,0,0,0,0,1,0,146,1,9,0
198691,1,0,0,1,1,0,146,1,9,0
198710,0,1,1,0,1,0,146,1,9,0
198759,0,0,1,1,0,0,146,1,9,0
198835,0,1,0,1,0,0,146,1,9,0
198935,1,1,1,1,1,0,146,1,9,0
198972,1,0,0,1,1,0,146,1,9,0
199090,1,1,1,1,1,0,146,1,9,0
199222,1,1,1,1,1,0,146,1,9,0
199314,1,0,1,0,0,0,146,1,9,0
199373,1,0,0,1,1,0,146,1,9,0
199403,1,0,1,0,0,0,146,1,9,0
199435,1,0,0,1,1,0,146,1,9,0
199492,0,0,0,0,1,0,146,1,9,0
199617,1,0,1,0,0,0,146,1,9,0
199722,1,1,0,0,0,0,146,1,9,0
199835,1,1,1,1,1,0,146,1,9,0
200079,0,0,1,1,0,0,146,1,9,0
200088,0,1,0,1,0,0,146,1,9,0
200408,1,0,0,1,1,0,146,1,9,0
200429,0,1,1,0,1,0,146,1,9,0
200545,1,0,1,0,0,0,146,1,9,0
200570,1,1,1,1,1,0,146,1,9,0
200976,0,1,0,1,0,0,146,1,9,0
201014,1,1,0,0,0,0,146,1,9,0
201049,1,0,1,0,0,0,146,1,9,0
201064,1,1,1,1,1,0,146,1,9,0
201184,0,0,0,0,1,0,146,1,9,0
201263,1,0,1,0,0,0,146,1,9,0
201279,1,0,1,0,0,0,146,1,9,0
201293,1,1,0,0,0,0,146,1,9,0
201354,1,1,0,0,0,0,146,1,9,0
201388,0,0,0,0,1,0,146,1,9,0
201402,0,1,1,0,1,0,146,1,9,0
201560,1,1,0,0,0,0,146,1,9,0
201632,0,0,1,1,0,0,146,1,9,0
201715,0,0,1,1,0,0,146,1,9,0
201727,0,1,1,0,1,0,146,1,9,0
201787,0,0,1,1,0,0,146,1,9,0
201799,0,1,0,1,0,0,146,1,9,0
201913,1,0,0,1,1,0,146,1,9,0
202001,1,0,0,1,1,0,146,1,9,0
202438,0,1,1,0,1,0,146,1,9,0
202511,0,0,0,0,1,0,146,1,9,0
202777,1,1,1,1,1,0,146,1,9,0
202802,1,1,0,0,0,0,146,1,9,0
202816,0,1,0,1,0,0,146,1,9,0
202971,1,0,1,0,0,0,146,1,9,0
203208,0,0,0,0,1,0,146,1,9,0
203278,0,0,0,0,1,0,146,1,9,0
203304,0,1,1,0,1,0,146,1,9,0
203342,1,1,0,0,0,0,146,1,9,0
203355,0,0,1,1,0,0,146,1,9,0
203386,1,1,1,1,1,0,146,1,9,0
203465,1,0,1,0,0,0,146,1,9,0
203547,0,0,0,0,1,0,146,1,9,0
203841,1,1,1,1,1,0,146,1,9,0
204156,0,0,1,1,0,0,146,1,9,0
204187,0,0,0,0,1,0,146,1,9,0
204277,1,1,1,1,1,0,146,1,9,0
204456,1,1,0,0,0,0,146,1,9,0
204581,1,1,1,1,1,0,146,1,9,0
204790,1,0,0,1,1,0,146,1,9,0
204861,1,1,1,1,1,0,146,1,9,0
204868,0,1,0,1,0,0,146,1,9,0
204959,0,1,0,0,0,0,146,1,9,0
204970,0,1,0,1,0,0,146,1,9,0
205099,0,0,0,0,1,0,146,1,9,0
205300,1,1,0,0,0,0,146,1,9,0
205336,0,1,1,0,1,0,146,1,9,0
205347,1,1,1,1,1,0,146,1,9,0
205501,1,0,0,1,1,0,146,1,9,0
205672,1,0,1,0,0,0,146,1,9,0
205706,0,0,1,1,0,0,146,1,9,0
205709,0,0,0,0,1,0,146,1,9,0
205848,0,1,1,0,1,0,146,1,9,0
205916,1,1,1,1,1,0,146,1,9,0
205928,0,1,1,0,1,0,146,1,9,0
206037,1,0,1,0,0,0,146,1,9,0
206170,1,1,0,0,0,0,146,1,9,0
206354,1,0,0,1,1,0,146,1,9,0
206415,1,1,1,1,1,0,146,1,9,0
206647,1,0,0,1,1,0,146,1,9,0
206685,0,1,1,0,1,0,146,1,9,0
206691,0,0,0,0,1,0,146,1,9,0
206700,1,0,0,1,1,0,146,1,9,0
206828,0,0,0,0,1,0,146,1,9,0
206848,0,0,1,1,0,0,146,1,9,0
206926,1,1,0,0,0,0,146,1,9,0
206943,1,0,1,0,0,0,146,1,9,0
207013,1,1,1,0,1,1,146,1,9,0
207015,1,1,1,1,1,0,146,1,9,0
207313,1,0,0,1,1,0,146,1,9,0
207355,0,0,0,0,1,0,146,1,9,0
207411,0,1,0,1,0,0,146,1,9,0
207500,1,1,1,1,1,0,146,1,9,0
207541,1,0,0,1,1,0,146,1,9,0
207550,0,1,1,1,1,1,146,1,9,0
207646,0,1,1,0,1,0,146,1,9,0
207764,0,0,0,0,1,0,146,1,9,0
207768,0,1,0,1,0,0,146,1,9,0
207793,1,0,0,1,1,0,146,1,9,0
207920,1,0,1,0,0,0,146,1,9,0
208117,1,1,1,1,1,0,146,1,9,0
208323,0,0,1,1,0,0,146,1,9,0
208544,1,1,0,0,0,0,146,1,9,0
208616,0,1,1,0,1,0,146,1,9,0
208685,0,1,1,0,1,0,146,1,9,0
208779,0,1,1,0,1,0,146,1,9,0
208784,0,1,1,0,1,0,146,1,9,0
208961,0,1,1,0,1,0,146,1,9,0
208989,1,0,1,0,0,0,146,1,9,0
209191,1,1,0,0,0,0,146,1,9,0
209371,1,0,1,0,0,0,146,1,9,0
209393,1,1,1,1,1,0,146,1,9,0
209609,1,1,1,1,1,0,146,1,9,0
209632,0,1,0,1,0,0,146,1,9,0
209763,1,1,1,1,1,0,146,1,9,0
209900,0,1,1,0,1,0,146,1,9,0
209954,0,0,0,0,1,0,146,1,9,0
210070,0,0,0,0,1,0,146,1,9,0
210072,0,1,0,1,0,0,146,1,9,0
210138,0,1,1,0,1,0,146,1,9,0
210171,0,0,0,0,1,0,146,1,9,0
210174,1,0,1,0,0,0,146,1,9,0
210176,0,1,1,0,1,0,146,1,9,0
210268,1,1,0,0,0,0,146,1,9,0
210400,0,0,0,0,1,0,146,1,9,0
210558,0,1,1,0,1,0,146,1,9,0
210559,0,0,0,0,1,0,146,1,9,0
210594,0,1,0,1,0,0,146,1,9,0
210598,0,0,1,1,0,0,146,1,9,0
210653,0,1,0,1,0,0,146,1,9,0
210717,0,1,0,0,0,0,146,1,9,0
210811,1,0,0,1,1,0,146,1,9,0
210955,0,1,0,0,0,0,146,1,9,0
210980,0,1,0,1,0,0,146,1,9,0
211109,0,1,0,1,0,0,146,1,9,0
211350,1,1,1,1,1,0,146,1,9,0
211625,1,0,1,0,0,0,146,1,9,0
211682,0,1,0,1,0,0,146,1,9,0
211867,1,0,0,1,1,0,146,1,9,0
211910,1,1,1,1,1,0,146,1,9,0
212010,0,0,0,0,1,0,146,1,9,0
212064,1,1,1,1,1,0,146,1,9,0
212197,1,0,1,0,0,0,146,1,9,0
212244,0,0,0,0,1,0,146,1,9,0
212311,1,1,1,1,1,0,146,1,9,0
212466,1,0,1,0,0,0,146,1,9,0
212552,1,1,1,1,1,0,146,1,9,0
212585,0,1,0,1,0,0,146,1,9,0
212679,0,0,0,0,1,0,146,1,9,0
212866,1,1,1,1,1,0,146,1,9,0
213050,0,0,0,0,1,0,146,1,9,0
213320,1,0,0,1,1,0,146,1,9,0
213338,0,0,0,0,1,0,146,1,9,0
213363,0,1,0,1,0,0,146,1,9,0
213513,1,1,0,0,0,0,146,1,9,0
213520,0,1,0,1,0,0,146,1,9,0
213932,0,0,1,1,0,0,146,1,9,0
214250,1,0,1,0,0,0,146,1,9,0
214365,1,0,1,0,0,0,146,1,9,0
214443,0,0,0,0,1,0,146,1,9,0
214454,0,0,1,1,0,0,146,1,9,0
214646,1,0,1,0,0,0,146,1,9,0
214723,0,1,0,1,0,0,146,1,9,0
214838,0,1,0,1,0,0,146,1,9,0
214878,1,1,1,1,1,0,146,1,9,0
214912,1,0,1,0,0,0,146,1,9,0
215024,1,0,1,0,0,0,146,1,9,0
215116,0,0,0,0,1,0,146,1,9,0
215360,0,0,0,0,1,0,146,1,9,0
215478,0,1,1,0,1,0,146,1,9,0
215510,0,0,1,1,0,0,146,1,9,0
215613,1,0,1,0,0,0,146,1,9,0
215621,0,0,1,1,0,0,146,1,9,0
215838,1,1,1,1,1,0,146,1,9,0
215843,1,1,1,1,1,0,146,1,9,0
215879,0,0,1,1,0,0,146,1,9,0
216064,0,0,1,1,0,0,146,1,9,0
216152,1,1,0,0,0,0,146,1,9,0
216221,1,0,1,0,0,0,146,1,9,0
216323,1,1,0,0,0,0,146,1,9,0
216468,1,0,1,0,0,0,146,1,9,0
216730,1,0,0,1,1,0,146,1,9,0
216757,1,0,0,1,1,0,146,1,9,0
216831,1,0,0,1,1,0,146,1,9,0
216911,1,1,0,0,0,0,146,1,9,0
216954,0,1,1,0,1,0,146,1,9,0
216966,0,1,0,1,0,0,146,1,9,0
217037,0,1,1,0,1,0,146,1,9,0
217097,0,0,1,0,0,0,146,1,9,0
217180,1,0,0,1,1,0,146,1,9,0
217244,0,1,1,0,1,0,146,1,9,0
217286,0,1,0,1,0,0,146,1,9,0
217339,1,1,0,0,0,0,146,1,9,0
217407,1,1,1,1,1,0,146,1,9,0
217516,0,1,1,0,1,0,146,1,9,0
217963,0,1,1,1,1,1,146,1,9,0
218264,1,1,1,1,1,0,146,1,9,0
218348,0,0,0,0,1,0,146,1,9,0
218444,0,1,1,0,1,0,146,1,9,0
218482,1,0,0,1,1,0,146,1,9,0
218592,1,0,1,0,0,0,146,1,9,0
219170,1,0,0,1,1,0,146,1,9,0
219227,0,1,0,1,0,0,146,1,9,0
219340,1,0,1,0,0,0,146,1,9,0
219382,0,1,1,0,1,0,146,1,9,0
219511,1,0,0,1,1,0,146,1,9,0
219536,1,1,0,0,0,0,146,1,9,0
219569,1,1,1,1,1,0,146,1,9,0
219625,0,0,1,1,0,0,146,1,9,0
219631,1,1,0,0,0,0,146,1,9,0
219786,0,1,0,1,0,0,146,1,9,0
219881,1,1,1,1,1,0,146,1,9,0
220123,1,0,1,0,0,0,146,1,9,0
220126,0,0,0,0,1,0,146,1,9,0
220203,1,1,1,1,1,0,146,1,9,0
220414,1,0,0,1,1,0,146,1,9,0
220532,0,1,0,1,0,0,146,1,9,0
220638,0,1,1,0,1,0,146,1,9,0
220768,0,0,0,0,1,0,146,1,9,0
220914,1,0,0,1,1,0,146,1,9,0
221038,1,0,0,1,1,0,146,1,9,0
221070,1,0,0,1,1,0,146,1,9,0
221128,0,1,0,1,0,0,146,1,9,0
221231,0,1,0,1,0,0,146,1,9,0
221237,1,0,0,1,1,0,146,1,9,0
221254,0,0,0,0,1,0,146,1,9,0
221463,1,0,1,0,0,0,146,1,9,0
221590,0,1,0,1,0,0,146,1,9,0
221605,0,0,1,1,0,0,146,1,9,0
221694,1,1,0,0,0,0,146,1,9,0
221740,1,1,1,1,1,0,146,1,9,0
221933,1,1,0,0,0,0,146,1,9,0
222028,1,0,1,0,0,0,146,1,9,0
222033,0,1,0,1,0,0,146,1,9,0
222073,1,1,0,0,0,0,146,1,9,0
222207,1,0,1,0,0,0,146,1,9,0
222286,0,1,1,0,1,0,146,1,9,0
222334,1,1,0,0,0,0,146,1,9,0
222383,1,1,0,0,0,0,146,1,9,0
222393,1,1,0,0,0,0,146,1,9,0
222432,1,0,0,0,1,1,146,1,9,0
222502,1,0,0,1,1,0,146,1,9,0
222510,0,0,0,0,1,0,146,1,9,0
222593,0,1,1,0,1,0,146,1,9,0
222692,1,1,1,1,1,0,146,1,9,0
222833,0,1,0,1,0,0,146,1,9,0
222908,1,0,0,1,1,0,146,1,9,0
222941,0,1,0,1,0,0,146,1,9,0
223064,0,0,1,1,0,0,146,1,9,0
223314,1,1,0,0,0,0,146,1,9,0
223331,1,0,1,0,0,0,146,1,9,0
223394,1,1,1,1,1,0,146,1,9,0
223785,1,1,0,0,0,0,146,1,9,0
223838,1,0,1,0,0,0,146,1,9,0
223960,1,0,0,1,1,0,146,1,9,0
223982,1,0,0,1,1,0,146,1,9,0
224130,0,0,1,1,0,0,146,1,9,0
224178,0,0,1,0,0,0,146,1,9,0
224280,0,0,1,1,0,0,146,1,9,0
224395,1,0,1,0,0,0,146,1,9,0
224511,1,1,1,1,1,0,146,1,9,0
224536,0,0,0,0,1,0,146,1,9,0
224548,0,0,0,0,1,0,146,1,9,0
224650,1,0,1,0,0,0,146,1,9,0
224701,0,0,1,1,0,0,146,1,9,0
224853,1,0,0,1,1,0,146,1,9,0
224999,1,0,0,1,1,0,146,1,9,0
225005,0,1,1,0,1,0,146,1,9,0
225080,1,1,0,0,0,0,146,1,9,0
225211,0,0,0,0,1,0,146,1,9,0
225308,1,1,0,0,0,0,146,1,9,0
225542,0,0,0,0,1,0,146,1,9,0
225572,1,1,1,1,1,0,146,1,9,0
225595,0,0,0,0,1,0,146,1,9,0
225614,1,1,0,0,0,0,146,1,9,0
225883,1,0,0,1,1,0,146,1,9,0
226074,0,0,1,1,0,0,146,1,9,0
226220,1,0,1,0,0,0,146,1,9,0
226238,1,0,1,0,0,0,146,1,9,0
226354,1,0,0,1,1,0,146,1,9,0
226451,0,0,0,0,1,0,146,1,9,0
226607,0,1,0,1,0,0,146,1,9,0
226612,0,1,1,0,1,0,146,1,9,0
226691,0,1,1,0,1,0,146,1,9,0
226695,0,1,1,0,1,0,146,1,9,0
226789,0,1,0,1,0,0,146,1,9,0
226800,0,1,1,0,1,0,146,1,9,0
226836,1,0,1,0,0,0,146,1,9,0
227058,1,1,0,0,0,0,146,1,9,0
227271,1,1,1,1,1,0,146,1,9,0
227357,1,0,1,0,0,0,146,1,9,0
227363,1,1,0,0,0,0,146,1,9,0
227434,1,0,0,1,1,0,146,1,9,0
227499,0,1,0,1,0,0,146,1,9,0
227506,0,1,1,0,1,0,146,1,9,0
227558,0,1,0,1,0,0,146,1,9,0
227728,1,0,1,0,0,0,146,1,9,0
227847,0,0,0,0,1,0,146,1,9,0
227903,1,0,1,0,0,0,146,1,9,0
228009,0,1,1,0,1,0,146,1,9,0
228028,1,0,1,0,0,0,146,1,9,0
228127,0,0,1,1,0,0,146,1,9,0
228332,1,0,1,0,0,0,146,1,9,0
228483,1,1,1,1,1,0,146,1,9,0
228523,1,1,1,1,1,0,146,1,9,0
228563,1,1,0,0,0,0,146,1,9,0
228573,0,1,0,1,0,0,146,1,9,0
228613,1,0,1,0,0,0,146,1,9,0
228748,1,1,0,0,0,0,146,1,9,0
228835,1,1,0,0,0,0,146,1,9,0
228949,0,1,1,0,1,0,146,1,9,0
228980,0,1,1,0,1,0,146,1,9,0
228995,1,0,1,0,0,0,146,1,9,0
229053,1,0,1,0,0,0,146,1,9,0
229099,0,0,1,1,0,0,146,1,9,0
229219,1,0,1,0,0,0,146,1,9,0
229268,0,0,1,0,0,0,146,1,9,0
229335,1,1,0,0,0,0,146,1,9,0
229376,1,0,1,0,0,0,146,1,9,0
229645,0,1,1,0,1,0,146,1,9,0
229729,0,1,0,1,0,0,146,1,9,0
230004,0,0,0,0,1,0,146,1,9,0
230148,0,1,0,1,0,0,146,1,9,0
230176,0,0,1,1,0,0,146,1,9,0
230309,1,0,1,0,0,0,146,1,9,0
230455,0,0,0,0,1,0,146,1,9,0
230493,1,1,1,1,1,0,146,1,9,0
230628,0,1,0,1,0,0,146,1,9,0
230760,1,0,0,0,1,1,146,1,9,0
230852,0,0,1,1,0,0,146,1,9,0
230960,1,0,1,0,0,0,146,1,9,0
231010,0,1,1,0,1,0,146,1,9,0
231013,0,0,0,0,1,0,146,1,9,0
231144,1,0,1,0,0,0,146,1,9,0
231179,0,1,0,1,0,0,146,1,9,0
231193,1,1,0,0,0,0,146,1,9,0
231477,0,0,0,1,1,1,146,1,9,0
231479,1,0,1,0,0,0,146,1,9,0
231489,0,1,0,1,0,0,146,1,9,0
231506,1,1,1,1,1,0,146,1,9,0
231518,0,1,1,0,1,0,146,1,9,0
231565,1,0,0,1,1,0,146,1,9,0
231566,1,1,0,0,0,0,146,1,9,0
231733,0,0,1,1,0,0,146,1,9,0
231735,1,0,1,0,0,0,146,1,9,0
231783,1,1,1,1,1,0,146,1,9,0
231817,0,1,1,0,1,0,146,1,9,0
231873,0,1,0,1,0,0,146,1,9,0
231890,0,0,1,1,0,0,146,1,9,0
232080,1,0,1,0,0,0,146,1,9,0
232343,0,0,0,0,1,0,146,1,9,0
232407,1,0,0,1,1,0,146,1,9,0
232475,0,0,1,1,0,0,146,1,9,0
232617,1,0,0,1,1,0,146,1,9,0
233006,1,0,1,0,0,0,146,1,9,0
233069,0,0,0,0,1,0,146,1,9,0
233103,1,0,1,1,0,0,146,1,9,0
233345,0,1,0,1,0,0,146,1,9,0
233617,1,0,0,1,1,0,146,1,9,0
233704,1,0,0,1,1,0,146,1,9,0
233926,1,1,0,0,0,0,146,1,9,0
234163,0,1,0,1,0,0,146,1,9,0
234285,1,0,0,1,1,0,146,1,9,0
234331,1,1,0,0,0,0,146,1,9,0
234411,0,0,0,0,1,0,146,1,9,0
234471,0,0,1,1,0,0,146,1,9,0
234557,1,1,1,1,1,0,146,1,9,0
234850,1,1,0,0,0,0,146,1,9,0
234883,0,1,1,0,1,0,146,1,9,0
234911,0,0,1,1,0,0,146,1,9,0
234943,0,0,0,0,1,0,146,1,9,0
235043,1,0,0,1,1,0,146,1,9,0
235067,0,0,1,1,0,0,146,1,9,0
235130,0,0,0,0,1,0,146,1,9,0
235182,1,0,1,0,0,0,146,1,9,0
235439,1,0,0,1,1,0,146,1,9,0
235496,0,1,0,1,0,0,146,1,9,0
235527,1,1,1,1,1,0,146,1,9,0
235569,0,1,0,1,0,0,146,1,9,0
235614,1,0,1,0,0,0,146,1,9,0
235629,1,1,0,0,0,0,146,1,9,0
235638,1,0,1,0,0,0,146,1,9,0
235644,0,0,1,1,0,0,146,1,9,0
235724,1,0,0,1,1,0,146,1,9,0
235787,1,1,0,0,0,0,146,1,9,0
235966,1,1,0,0,0,0,146,1,9,0
235995,0,0,1,1,0,0,146,1,9,0
236549,0,1,0,1,0,0,146,1,9,0
236696,1,1,1,1,1,0,146,1,9,0
236708,1,0,1,0,0,0,146,1,9,0
236766,1,1,0,0,0,0,146,1,9,0
236813,1,1,1,1,1,0,146,1,9,0
236836,0,0,1,1,0,0,146,1,9,0
236840,1,0,0,1,1,0,146,1,9,0
236841,0,0,0,0,1,0,146,1,9,0
236866,0,1,1,0,1,0,146,1,9,0
236922,1,0,1,0,0,0,146,1,9,0
236943,1,1,1,1,1,0,146,1,9,0
237028,0,1,1,0,1,0,146,1,9,0
237190,1,1,1,1,1,0,146,1,9,0
237258,0,0,0,0,1,0,146,1,9,0
237569,0,0,0,0,1,0,146,1,9,0
237600,0,0,0,0,1,0,146,1,9,0
237831,1,0,0,1,1,0,146,1,9,0
237952,0,0,1,1,0,0,146,1,9,0
238073,0,1,0,1,0,0,146,1,9,0
238127,1,1,0,0,0,0,146,1,9,0
238167,0,1,1,0,1,0,146,1,9,0
238293,1,1,1,1,1,0,146,1,9,0
238331,1,0,1,0,0,0,146,1,9,0
238478,0,1,0,1,0,0,146,1,9,0
238497,1,1,1,1,1,0,146,1,9,0
238707,0,0,1,1,0,0,146,1,9,0
238720,0,1,0,1,0,0,146,1,9,0
238976,0,1,1,0,1,0,146,1,9,0
239006,0,0,1,1,0,0,146,1,9,0
239025,0,1,0,1,0,0,146,1,9,0
239120,0,1,0,1,0,0,146,1,9,0
239265,0,0,1,1,0,0,146,1,9,0
239379,1,0,0,1,1,0,146,1,9,0
239501,1,1,0,0,0,0,146,1,9,0
239511,1,0,0,1,1,0,146,1,9,0
239574,0,0,0,0,1,0,146,1,9,0
239580,1,1,0,0,0,0,146,1,9,0
239667,0,1,1,0,1,0,146,1,9,0
239769,0,0,1,1,0,0,146,1,9,0
239832,0,1,1,0,1,0,146,1,9,0
239876,0,1,1,0,1,0,146,1,9,0
239894,0,0,0,0,1,0,146,1,9,0
239927,0,1,1,0,1,0,146,1,9,0
239985,1,0,0,1,1,0,146,1,9,0
240091,0,0,0,0,1,0,146,1,9,0
240118,0,1,1,0,1,0,146,1,9,0
240304,1,0,1,0,0,0,146,1,9,0
240372,0,1,1,0,1,0,146,1,9,0
240434,1,1,0,0,0,0,146,1,9,0
240484,0,1,1,0,1,0,146,1,9,0
240491,0,1,1,0,1,0,146,1,9,0
240518,0,0,0,0,1,0,146,1,9,0
240547,1,0,1,0,0,0,146,1,9,0
240842,0,1,1,0,1,0,146,1,9,0
240881,0,1,0,1,0,0,146,1,9,0
241016,0,1,1,0,1,0,146,1,9,0
241058,1,0,0,1,1,0,146,1,9,0
241060,0,0,0,0,1,0,146,1,9,0
241062,0,1,1,0,1,0,146,1,9,0
241144,0,0,1,1,0,0,146,1,9,0
241236,0,0,1,1,0,0,146,1,9,0
241326,1,0,0,1,1,0,146,1,9,0
241623,0,1,0,1,0,0,146,1,9,0
241698,0,1,1,0,1,0,146,1,9,0
241714,1,1,0,0,0,0,146,1,9,0
241944,1,1,0,0,0,0,146,1,9,0
241973,0,0,0,0,1,0,146,1,9,0
242005,1,1,1,1,1,0,146,1,9,0
242007,1,1,1,1,1,0,146,1,9,0
242064,0,1,0,1,0,0,146,1,9,0
242133,0,1,0,1,0,0,146,1,9,0
242308,0,0,0,0,1,0,146,1,9,0
242627,0,0,1,1,0,0,146,1,9,0
242649,0,1,1,0,1,0,146,1,9,0
242794,1,1,0,0,0,0,146,1,9,0
242866,0,1,0,1,0,0,146,1,9,0
243003,0,1,0,1,0,0,146,1,9,0
243171,0,0,0,0,1,0,146,1,9,0
243180,1,1,1,1,1,0,146,1,9,0
243193,1,1,0,0,0,0,146,1,9,0
243357,0,1,1,0,1,0,146,1,9,0
243526,1,0,0,1,1,0,146,1,9,0
243884,1,0,1,0,0,0,146,1,9,0
243922,0,0,1,1,0,0,146,1,9,0
243957,0,0,0,0,1,0,146,1,9,0
244048,1,0,0,1,1,0,146,1,9,0
244116,0,0,0,0,1,0,146,1,9,0
244250,1,0,0,1,1,0,146,1,9,0
244506,1,1,0,0,0,0,146,1,9,0
244521,1,1,0,0,0,0,146,1,9,0
244769,1,0,0,1,1,0,146,1,9,0
244833,0,1,1,0,1,0,146,1,9,0
245285,0,1,0,1,0,0,146,1,9,0
245587,0,0,0,0,1,0,146,1,9,0
245619,1,0,1,0,0,0,146,1,9,0
245644,0,1,1,0,1,0,146,1,9,0
245650,1,0,1,0,0,0,146,1,9,0
245663,0,0,0,0,1,0,146,1,9,0
245737,1,1,1,1,1,0,146,1,9,0
245920,1,1,1,1,1,0,146,1,9,0
245946,0,0,0,0,1,0,146,1,9,0
246120,1,1,0,0,0,0,146,1,9,0
246140,0,0,0,0,1,0,146,1,9,0
246200,0,1,0,1,0,0,146,1,9,0
246280,0,1,1,0,1,0,146,1,9,0
246322,0,0,0,0,1,0,146,1,9,0
246587,0,1,1,0,1,0,146,1,9,0
246622,0,1,1,0,1,0,146,1,9,0
246758,0,0,1,1,0,0,146,1,9,0
246869,1,0,0,1,1,0,146,1,9,0
247287,0,1,1,0,1,0,146,1,9,0
247304,1,1,0,0,0,0,146,1,9,0
247352,1,1,1,1,1,0,146,1,9,0
247436,0,0,0,0,1,0,146,1,9,0
247716,0,1,1,0,1,0,146,1,9,0
247764,1,0,1,0,0,0,146,1,9,0
247772,1,0,0,1,1,0,146,1,9,0
247867,1,1,1,1,1,0,146,1,9,0
247971,1,1,0,0,0,0,146,1,9,0
248014,1,1,0,0,0,0,146,1,9,0
248144,1,1,1,1,1,0,146,1,9,0
248149,0,1,1,0,1,0,146,1,9,0
248176,1,0,0,1,1,0,146,1,9,0
248378,1,0,1,0,0,0,146,1,9,0
248416,1,1,1,1,1,0,146,1,9,0
248448,0,0,1,1,0,0,146,1,9,0
248580,1,1,1,1,1,0,146,1,9,0
248773,0,0,0,0,1,0,146,1,9,0
249147,1,1,1,1,1,0,146,1,9,0
249369,0,0,1,1,0,0,146,1,9,0
249389,0,1,0,1,0,0,146,1,9,0
249507,1,0,0,1,1,0,146,1,9,0
249535,0,1,0,1,0,0,146,1,9,0
249597,0,1,1,0,1,0,146,1,9,0
249619,0,1,1,0,1,0,146,1,9,0
249833,1,1,1,1,1,0,146,1,9,0
250159,1,0,1,0,0,0,146,1,9,0
250202,1,1,1,1,1,0,146,1,9,0
250232,1,1,0,0,0,0,146,1,9,0
250498,1,0,0,1,1,0,146,1,9,0
250594,1,0,1,0,0,0,146,1,9,0
250637,0,0,0,0,1,0,146,1,9,0
250731,1,0,1,0,0,0,146,1,9,0
250781,0,1,1,0,1,0,146,1,9,0
250813,0,1,1,0,1,0,146,1,9,0
250874,0,1,0,1,0,0,146,1,9,0
250961,1,0,0,1,1,0,146,1,9,0
251216,1,1,1,1,1,0,146,1,9,0
251328,0,1,0,1,0,0,146,1,9,0
251360,0,0,1,1,0,0,146,1,9,0
251384,1,0,1,0,0,0,146,1,9,0
251521,1,1,0,0,0,0,146,1,9,0
251664,1,1,0,0,0,0,146,1,9,0
251701,0,1,0,1,0,0,146,1,9,0
251962,1,1,1,1,1,0,146,1,9,0
251968,1,0,0,1,1,0,146,1,9,0
252077,0,0,1,1,0,0,146,1,9,0
252201,0,1,1,0,1,0,146,1,9,0
252221,1,1,1,1,1,0,146,1,9,0
252261,0,0,0,0,1,0,146,1,9,0
252460,0,1,1,0,1,0,146,1,9,0
252462,1,1,1,1,1,0,146,1,9,0
252538,0,0,0,1,1,1,146,1,9,0
252593,0,0,0,0,1,0,146,1,9,0
252647,0,0,0,0,1,0,146,1,9,0
252907,1,0,0,1,1,0,146,1,9,0
252940,1,1,0,0,0,0,146,1,9,0
253006,0,1,0,1,0,0,146,1,9,0
253150,0,1,1,0,1,0,146,1,9,0
253176,1,0,0,1,1,0,146,1,9,0
253211,1,1,0,0,0,0,146,1,9,0
253222,0,0,0,0,1,0,146,1,9,0
253255,0,1,1,0,1,0,146,1,9,0
253326,1,1,0,0,0,0,146,1,9,0
253403,0,0,1,1,0,0,146,1,9,0
253654,1,0,0,1,1,0,146,1,9,0
253960,0,0,0,0,1,0,146,1,9,0
254018,0,1,1,0,1,0,146,1,9,0
254027,0,1,1,0,1,0,146,1,9,0
254114,1,1,0,0,0,0,146,1,9,0
254204,1,1,1,1,1,0,146,1,9,0
254265,1,0,0,1,1,0,146,1,9,0
254368,0,1,0,1,0,0,146,1,9,0
254575,1,1,1,1,1,0,146,1,9,0
254642,0,0,0,0,1,0,146,1,9,0
254703,0,1,1,0,1,0,146,1,9,0
254745,0,0,1,1,0,0,146,1,9,0
254768,1,0,0,1,1,0,146,1,9,0
254814,0,1,1,0,1,0,146,1,9,0
254925,0,0,0,0,1,0,146,1,9,0
255072,1,1,1,1,1,0,146,1,9,0
255122,1,1,1,1,1,0,146,1,9,0
255145,1,1,1,1,1,0,146,1,9,0
255171,0,0,1,1,0,0,146,1,9,0
255455,1,0,0,1,1,0,146,1,9,0
255678,1,0,0,1,1,0,146,1,9,0
255740,0,0,1,1,0,0,146,1,9,0
255784,0,1,0,1,0,0,146,1,9,0
255960,0,1,1,0,1,0,146,1,9,0
255974,0,1,0,1,0,0,146,1,9,0
256110,1,1,0,0,0,0,146,1,9,0
256347,1,1,0,0,0,0,146,1,9,0
256352,1,1,0,0,0,0,146,1,9,0
256391,0,0,1,1,0,0,146,1,9,0
256483,1,1,1,1,1,0,146,1,9,0
256517,0,1,1,0,1,0,146,1,9,0
256526,0,0,0,0,1,0,146,1,9,0
256548,0,1,1,0,1,0,146,1,9,0
256574,0,1,0,1,0,0,146,1,9,0
256616,0,1,1,0,1,0,146,1,9,0
256767,0,1,0,1,0,0,146,1,9,0
256829,1,0,1,0,0,0,146,1,9,0
256836,0,1,0,1,0,0,146,1,9,0
256983,0,1,1,0,1,0,146,1,9,0
257010,1,1,0,0,0,0,146,1,9,0
257043,1,1,0,0,0,0,146,1,9,0
257086,0,1,0,1,0,0,146,1,9,0
257212,1,1,0,0,0,0,146,1,9,0
257361,0,1,0,0,0,0,146,1,9,0
257630,1,0,1,0,0,0,146,1,9,0
257690,0,1,0,0,0,0,146,1,9,0
257795,0,1,0,1,0,0,146,1,9,0
257812,1,0,0,1,1,0,146,1,9,0
258256,0,0,1,1,0,0,146,1,9,0
258316,1,1,0,0,0,0,146,1,9,0
258317,0,1,0,1,0,0,146,1,9,0
258480,0,0,1,1,0,0,146,1,9,0
258569,0,0,1,0,0,0,146,1,9,0
258681,0,1,1,0,1,0,146,1,9,0
258687,0,1,1,0,1,0,146,1,9,0
258713,1,0,0,1,1,0,146,1,9,0
258798,1,0,1,0,0,0,146,1,9,0
258988,0,1,0,1,0,0,146,1,9,0
259246,1,0,0,1,1,0,146,1,9,0
259349,0,0,1,1,0,0,146,1,9,0
259473,1,0,0,1,1,0,146,1,9,0
259506,0,1,1,0,1,0,146,1,9,0
259564,0,1,1,0,1,0,146,1,9,0
259747,0,1,1,0,1,0,146,1,9,0
259797,1,1,1,1,1,0,146,1,9,0
259833,1,0,0,1,1,0,146,1,9,0
259891,1,0,1,0,0,0,146,1,9,0
259894,0,0,0,0,1,0,146,1,9,0
260033,1,0,0,1,1,0,146,1,9,0
260061,1,0,1,0,0,0,146,1,9,0
260080,1,0,1,0,0,0,146,1,9,0
260282,1,1,1,1,1,0,146,1,9,0
260501,1,1,1,1,1,0,146,1,9,0
260534,1,1,0,0,0,0,146,1,9,0
260554,1,1,1,1,1,0,146,1,9,0
260561,0,1,0,1,0,0,146,1,9,0
260570,1,0,1,0,0,0,146,1,9,0
260637,1,1,0,0,0,0,146,1,9,0
260681,1,1,1,1,1,0,146,1,9,0
260784,0,1,1,0,1,0,146,1,9,0
260913,1,0,1,0,0,0,146,1,9,0
260915,1,0,0,1,1,0,146,1,9,0
261214,1,1,1,1,1,0,146,1,9,0
261234,1,1,1,1,1,0,146,1,9,0
261257,1,0,0,1,1,0,146,1,9,0
261433,1,0,0,1,1,0,146,1,9,0
261461,1,1,1,1,1,0,146,1,9,0
261495,0,1,0,1,0,0,146,1,9,0
261570,0,1,1,0,1,0,146,1,9,0
261587,0,0,0,0,1,0,146,1,9,0
261594,0,1,1,1,1,1,146,1,9,0
261631,1,0,0,1,1,0,146,1,9,0
261632,0,0,0,0,1,0,146,1,9,0
261728,1,0,0,1,1,0,146,1,9,0
261882,0,0,1,1,0,0,146,1,9,0
262041,0,1,0,1,0,0,146,1,9,0
262052,1,0,0,1,1,0,146,1,9,0
262489,0,1,0,1,0,0,118,1,9,0
262579,1,0,1,0,0,0,118,1,9,0
262649,1,1,1,1,1,0,118,1,9,0
262849,1,1,1,1,1,0,118,1,9,0
262950,0,0,0,0,1,0,118,1,9,0
263035,0,1,0,1,0,0,118,1,9,0
263106,0,1,0,1,0,0,118,1,9,0
264015,0,1,0,1,0,0,118,1,9,0
264225,1,1,0,0,0,0,118,1,9,0
264306,1,1,0,0,0,0,118,1,9,0
264592,0,0,0,0,1,0,118,1,9,0
264640,1,0,0,1,1,0,118,1,9,0
264962,1,1,0,0,0,0,118,1,9,0
265018,1,0,1,0,0,0,118,1,9,0
265060,0,1,1,0,1,0,118,1,9,0
265116,0,1,0,0,0,0,118,1,9,0
265449,1,0,0,1,1,0,118,1,9,0
265678,1,1,1,1,1,0,118,1,9,0
265741,1,1,0,0,0,0,118,1,9,0
266145,0,1,0,1,0,0,118,1,9,0
266591,1,1,0,0,0,0,118,1,9,0
266625,0,1,0,1,0,0,118,1,9,0
266833,1,0,1,0,0,0,118,1,9,0
266908,1,1,0,0,0,0,118,1,9,0
266958,1,0,0,1,1,0,118,1,9,0
267158,0,1,1,0,1,0,118,1,9,0
267222,0,0,0,1,1,1,118,1,9,0
267552,1,1,0,0,0,0,118,1,9,0
267591,0,0,0,0,1,0,118,1,9,0
267630,0,0,1,1,0,0,118,1,9,0
267885,1,0,0,1,1,0,118,1,9,0
268294,1,1,1,1,1,0,118,1,9,0
268317,1,1,0,0,0,0,118,1,9,0
268351,0,0,1,1,0,0,118,1,9,0
268613,0,1,0,1,0,0,118,1,9,0
268712,1,1,1,1,1,0,118,1,9,0
268776,1,0,0,1,1,0,118,1,9,0
268825,1,0,0,1,1,0,118,1,9,0
268943,0,1,1,0,1,0,118,1,9,0
269066,0,1,0,1,0,0,118,1,9,0
269254,1,1,1,1,1,0,118,1,9,0
269263,0,0,0,0,1,0,118,1,9,0
269316,0,1,1,1,1,1,118,1,9,0
269519,1,0,1,0,0,0,118,1,9,0
269521,1,0,0,1,1,0,118,1,9,0
269725,0,0,1,1,0,0,118,1,9,0
269837,1,1,0,0,0,0,118,1,9,0
269892,1,0,0,1,1,0,118,1,9,0
270057,1,0,0,1,1,0,118,1,9,0
270106,1,1,0,0,0,0,118,1,9,0
270218,1,1,0,0,0,0,118,1,9,0
270246,0,0,1,1,0,0,118,1,9,0
270345,1,0,1,0,0,0,118,1,9,0
270468,1,0,0,1,1,0,118,1,9,0
270637,1,1,0,0,0,0,118,1,9,0
270638,1,1,1,1,1,0,118,1,9,0
270655,1,1,0,0,0,0,118,1,9,0
270682,0,0,1,1,0,0,118,1,9,0
270685,0,1,1,0,1,0,118,1,9,0
270703,1,1,0,0,0,0,118,1,9,0
270833,0,1,0,1,0,0,118,1,9,0
270857,0,0,1,1,0,0,118,1,9,0
270920,0,1,0,1,0,0,118,1,9,0
270988,1,0,1,0,0,0,118,1,9,0
271003,1,1,1,1,1,0,118,1,9,0
271129,0,0,0,0,1,0,118,1,9,0
271297,1,0,1,0,0,0,118,1,9,0
271471,0,1,0,1,0,0,118,1,9,0
271488,1,1,0,0,0,0,118,1,9,0
271511,0,1,0,1,0,0,118,1,9,0
271514,1,0,0,1,1,0,118,1,9,0
272215,1,0,0,1,1,0,118,1,9,0
272288,0,1,0,1,0,0,118,1,9,0
272426,0,0,1,1,0,0,118,1,9,0
272497,0,1,0,1,0,0,118,1,9,0
272664,0,1,0,1,0,0,118,1,9,0
272695,1,0,0,1,1,0,118,1,9,0
272736,0,0,1,1,0,0,118,1,9,0
272758,1,1,1,1,1,0,118,1,9,0
272799,1,0,0,1,1,0,118,1,9,0
272881,0,1,0,1,0,0,118,1,9,0
273181,1,1,1,1,1,0,118,1,9,0
273244,1,1,1,1,1,0,118,1,9,0
273500,1,0,1,0,0,0,118,1,9,0
273501,1,0,1,0,0,0,118,1,9,0
273673,1,1,0,0,0,0,118,1,9,0
274040,1,0,0,1,1,0,118,1,9,0
274044,1,1,0,0,0,0,118,1,9,0
274057,1,0,0,1,1,0,118,1,9,0
274195,1,0,1,0,0,0,118,1,9,0
274201,0,1,0,1,0,0,118,1,9,0
274433,0,1,0,1,0,0,118,1,9,0
274494,0,0,0,0,1,0,118,1,9,0
274505,1,0,0,1,1,0,118,1,9,0
274593,1,1,1,1,1,0,118,1,9,0
274699,0,1,1,0,1,0,118,1,9,0
274841,1,1,0,0,0,0,118,1,9,0
275086,1,1,1,1,1,0,118,1,9,0
275087,1,1,1,1,1,0,118,1,9,0
275143,0,0,1,1,0,0,118,1,9,0
275149,0,1,1,0,1,0,118,1,9,0
275167,1,0,0,1,1,0,118,1,9,0
275390,0,1,0,1,0,0,118,1,9,0
275504,1,0,0,1,1,0,118,1,9,0
275729,1,0,0,1,1,0,118,1,9,0
275897,1,1,1,1,1,0,118,1,9,0
275932,1,0,1,0,0,0,118,1,9,0
276040,0,1,0,1,0,0,118,1,9,0
276234,0,0,1,1,0,0,118,1,9,0
276256,1,1,1,1,1,0,118,1,9,0
276333,0,1,0,1,0,0,118,1,9,0
276374,0,1,1,0,1,0,118,1,9,0
276478,1,0,0,1,1,0,118,1,9,0
276522,1,0,0,1,1,0,118,1,9,0
276545,1,0,0,1,1,0,118,1,9,0
276705,1,0,1,0,0,0,118,1,9,0
276753,0,1,0,1,0,0,118,1,9,0
276956,1,1,1,1,1,0,118,1,9,0
277015,0,0,0,0,1,0,118,1,9,0
277051,1,0,0,1,1,0,118,1,9,0
277060,0,0,1,1,0,0,118,1,9,0
277083,1,0,0,1,1,0,118,1,9,0
277107,0,1,0,1,0,0,118,1,9,0
277235,0,0,1,1,0,0,118,1,9,0
277259,1,0,1,0,0,0,118,1,9,0
277276,0,0,1,1,0,0,118,1,9,0
277394,1,1,0,0,0,0,118,1,9,0
277435,0,1,0,1,0,0,118,1,9,0
277546,0,0,1,1,0,0,118,1,9,0
277808,0,1,0,1,0,0,118,1,9,0
277829,1,0,0,1,1,0,118,1,9,0
277979,1,0,0,1,1,0,118,1,9,0
277984,0,1,0,1,0,0,118,1,9,0
278228,1,0,0,1,1,0,118,1,9,0
278313,0,0,1,1,0,0,118,1,9,0
278528,0,0,1,1,0,0,118,1,9,0
278646,0,0,0,0,1,0,118,1,9,0
278826,1,0,0,1,1,0,118,1,9,0
278914,0,1,0,1,0,0,118,1,9,0
279070,1,0,1,0,0,0,118,1,9,0
279096,1,0,1,0,0,0,118,1,9,0
279121,0,0,0,0,1,0,118,1,9,0
279155,0,1,0,1,0,0,118,1,9,0
279311,0,0,0,0,1,0,118,1,9,0
279418,0,0,1,1,0,0,118,1,9,0
279662,0,0,1,1,0,0,118,1,9,0
279691,0,1,1,0,1,0,118,1,9,0
279707,1,0,1,0,0,0,118,1,9,0
279709,0,1,0,1,0,0,118,1,9,0
279906,1,1,0,0,0,0,118,1,9,0
279974,1,1,0,0,0,0,118,1,9,0
280116,1,0,0,1,1,0,118,1,9,0
280162,1,1,0,1,0,0,118,1,9,0
280343,1,0,1,0,0,0,118,1,9,0
280372,0,0,1,1,0,0,118,1,9,0
280417,0,1,0,1,0,0,118,1,9,0
280450,0,0,0,0,1,0,118,1,9,0
280490,0,0,1,1,0,0,118,1,9,0
280572,0,0,0,0,1,0,118,1,9,0
280601,1,0,0,1,1,0,118,1,9,0
280611,1,1,1,1,1,0,118,1,9,0
280630,1,0,0,1,1,0,118,1,9,0
281107,0,0,0,0,1,0,118,1,9,0
281141,0,0,0,0,1,0,118,1,9,0
281273,0,1,1,0,1,0,118,1,9,0
281284,0,1,1,0,1,0,118,1,9,0
281286,0,1,0,1,0,0,118,1,9,0
281292,0,1,1,0,1,0,118,1,9,0
281376,0,0,0,0,1,0,118,1,9,0
281438,1,0,0,1,1,0,118,1,9,0
281441,0,0,0,0,1,0,118,1,9,0
281443,1,0,0,1,1,0,118,1,9,0
281746,1,1,1,1,1,0,118,1,9,0
281773,0,1,1,0,1,0,118,1,9,0
281843,0,0,0,0,1,0,118,1,9,0
282035,0,1,0,1,0,0,118,1,9,0
282075,0,0,0,0,1,0,118,1,9,0
282292,0,1,0,1,0,0,118,1,9,0
282308,1,0,1,0,0,0,118,1,9,0
282341,1,0,0,1,1,0,118,1,9,0
282476,0,1,0,1,0,0,118,1,9,0
282761,0,0,1,1,0,0,118,1,9,0
283102,0,1,1,0,1,0,118,1,9,0
283256,0,1,1,0,1,0,118,1,9,0
283287,1,0,1,0,0,0,118,1,9,0
283293,0,0,0,0,1,0,118,1,9,0
283391,1,1,1,1,1,0,118,1,9,0
283527,0,0,1,1,0,0,118,1,9,0
283561,0,1,1,0,1,0,118,1,9,0
283681,1,0,0,1,1,0,118,1,9,0
283714,0,0,0,0,1,0,118,1,9,0
283765,1,0,1,0,0,0,118,1,9,0
283780,1,1,0,0,0,0,118,1,9,0
283838,0,0,0,0,1,0,118,1,9,0
283870,0,0,0,0,1,0,118,1,9,0
284046,1,0,0,1,1,0,118,1,9,0
284180,1,1,1,1,1,0,118,1,9,0
284188,0,0,1,1,0,0,118,1,9,0
284414,0,0,1,1,0,0,118,1,9,0
284420,1,0,1,0,0,0,118,1,9,0
284535,0,1,0,1,0,0,118,1,9,0
284779,0,1,0,1,0,0,118,1,9,0
284812,1,0,1,0,0,0,118,1,9,0
284821,1,0,1,0,0,0,118,1,9,0
284843,1,0,0,1,1,0,118,1,9,0
284975,1,1,1,1,1,0,118,1,9,0
285017,1,1,0,0,0,0,118,1,9,0
285522,0,0,0,0,1,0,118,1,9,0
285637,0,1,1,0,1,0,118,1,9,0
285825,1,0,0,0,1,1,118,1,9,0
285844,1,1,0,0,0,0,118,1,9,0
286096,0,0,0,0,1,0,118,1,9,0
286160,0,1,0,1,0,0,118,1,9,0
286265,0,1,1,0,1,0,118,1,9,0
286464,1,0,0,1,1,0,118,1,9,0
286699,0,1,1,0,1,0,118,1,9,0
286813,1,0,0,1,1,0,118,1,9,0
286857,0,0,1,1,0,0,118,1,9,0
286901,0,0,0,0,1,0,118,1,9,0
286955,0,1,1,0,1,0,118,1,9,0
287174,0,1,1,0,1,0,118,1,9,0
287212,1,1,0,0,0,0,118,1,9,0
287512,0,0,1,1,0,0,118,1,9,0
287552,1,0,1,0,0,0,118,1,9,0
287920,1,0,0,1,1,0,118,1,9,0
287952,1,0,0,1,1,0,118,1,9,0
287959,1,0,1,0,0,0,118,1,9,0
287996,1,1,1,1,1,0,118,1,9,0
288023,0,0,0,0,1,0,118,1,9,0
288046,1,0,0,1,1,0,118,1,9,0
288206,1,0,0,1,1,0,118,1,9,0
288298,0,0,1,1,0,0,118,1,9,0
288435,1,1,1,1,1,0,118,1,9,0
288458,1,0,0,1,1,0,118,1,9,0
288574,0,0,0,0,1,0,118,1,9,0
288636,1,1,1,1,1,0,118,1,9,0
288781,0,1,1,0,1,0,118,1,9,0
289230,0,0,1,1,0,0,118,1,9,0
289428,0,1,1,0,1,0,118,1,9,0
289430,0,0,1,1,0,0,118,1,9,0
289509,0,0,0,0,1,0,118,1,9,0
289787,1,0,1,0,0,0,118,1,9,0
289956,1,1,1,1,1,0,118,1,9,0
289993,0,1,1,0,1,0,118,1,9,0
289999,0,1,0,1,0,0,118,1,9,0
290032,0,0,0,0,1,0,118,1,9,0
290074,0,1,1,0,1,0,118,1,9,0
290096,1,0,0,1,1,0,118,1,9,0
290150,1,1,0,0,0,0,118,1,9,0
290296,1,0,1,0,0,0,118,1,9,0
290319,1,0,0,1,1,0,118,1,9,0
290566,1,1,1,1,1,0,118,1,9,0
290687,0,1,0,1,0,0,118,1,9,0
290775,0,0,0,0,1,0,118,1,9,0
290835,0,1,1,0,1,0,118,1,9,0
290948,1,0,0,1,1,0,118,1,9,0
290961,1,1,0,0,0,0,118,1,9,0
291009,0,1,0,1,0,0,118,1,9,0
291062,0,1,1,0,1,0,118,1,9,0
291134,1,0,1,0,0,0,118,1,9,0
291212,1,1,1,1,1,0,118,1,9,0
291321,0,1,0,0,0,0,118,1,9,0
291368,1,1,0,0,0,0,118,1,9,0
291702,0,0,1,1,0,0,118,1,9,0
291816,1,0,0,1,1,0,118,1,9,0
291858,1,0,0,1,1,0,118,1,9,0
291877,1,0,0,1,1,0,118,1,9,0
292087,0,0,1,1,0,0,118,1,9,0
292363,1,1,0,0,0,0,118,1,9,0
292449,1,1,1,1,1,0,118,1,9,0
292475,1,1,1,1,1,0,118,1,9,0
292498,0,1,0,1,0,0,118,1,9,0
292508,1,1,1,1,1,0,118,1,9,0
292512,0,1,1,0,1,0,118,1,9,0
292615,1,0,1,0,0,0,118,1,9,0
292646,1,0,1,0,0,0,118,1,9,0
292724,0,1,0,0,0,0,118,1,9,0
292842,0,1,0,1,0,0,118,1,9,0
292995,0,1,1,0,1,0,118,1,9,0
293172,0,0,1,1,0,0,118,1,9,0
293246,0,1,0,1,0,0,118,1,9,0
293462,1,1,0,0,0,0,118,1,9,0
293611,1,0,0,1,1,0,118,1,9,0
293701,0,1,1,0,1,0,118,1,9,0
293814,0,1,0,1,0,0,118,1,9,0
294212,1,1,0,0,0,0,118,1,9,0
294213,0,0,1,1,0,0,118,1,9,0
294533,0,0,1,1,0,0,118,1,9,0
294680,0,1,0,1,0,0,118,1,9,0
294820,0,0,1,1,0,0,118,1,9,0
294844,1,0,0,1,1,0,118,1,9,0
295060,1,1,0,0,0,0,118,1,9,0
295293,1,0,1,0,0,0,118,1,9,0
295313,0,1,0,1,0,0,118,1,9,0
295551,0,0,1,1,0,0,118,1,9,0
295730,0,1,0,1,0,0,118,1,9,0
295897,0,0,1,1,0,0,118,1,9,0
295901,1,0,0,1,1,0,118,1,9,0
296010,0,0,1,1,0,0,118,1,9,0
296214,1,0,1,0,0,0,118,1,9,0
296313,0,0,0,0,1,0,118,1,9,0
296333,0,1,1,0,1,0,118,1,9,0
296442,0,0,1,1,0,0,118,1,9,0
296575,1,1,1,1,1,0,118,1,9,0
296603,0,0,0,0,1,0,118,1,9,0
296869,1,0,0,1,1,0,118,1,9,0
296927,0,0,1,1,0,0,118,1,9,0
297175,0,0,0,0,1,0,118,1,9,0
297373,0,1,0,1,0,0,118,1,9,0
297390,0,1,1,0,1,0,118,1,9,0
297657,0,1,1,0,1,0,118,1,9,0
297881,1,0,1,0,0,0,118,1,9,0
297918,0,0,0,0,1,0,118,1,9,0
297921,1,1,1,1,1,0,118,1,9,0
297973,0,0,1,1,0,0,118,1,9,0
297990,1,1,1,1,1,0,118,1,9,0
298118,0,1,1,0,1,0,118,1,9,0
298228,1,0,0,1,1,0,118,1,9,0
298505,1,1,0,0,0,0,118,1,9,0
298787,1,0,0,1,1,0,118,1,9,0
299042,0,1,1,0,1,0,118,1,9,0
299105,0,0,1,1,0,0,118,1,9,0
299149,1,0,0,1,1,0,118,1,9,0
299208,0,1,0,1,0,0,118,1,9,0
299476,1,0,0,1,1,0,118,1,9,0
299575,1,0,0,1,1,0,118,1,9,0
299631,1,1,1,1,1,0,118,1,9,0
299685,0,0,0,0,1,0,118,1,9,0
299912,0,1,0,1,0,0,118,1,9,0
299969,0,0,0,0,1,0,118,1,9,0
300032,0,0,1,1,0,0,118,1,9,0
300135,1,1,1,1,1,0,118,1,9,0
300283,0,0,1,1,0,0,118,1,9,0
300515,1,0,0,1,1,0,118,1,9,0
300568,0,1,1,0,1,0,118,1,9,0
300572,0,0,0,0,1,0,118,1,9,0
300583,0,1,0,1,0,0,118,1,9,0
300685,1,1,0,0,0,0,118,1,9,0
300726,0,0,1,1,0,0,118,1,9,0
300751,1,1,0,0,0,0,118,1,9,0
300976,0,0,1,1,0,0,118,1,9,0
301129,1,1,0,0,0,0,118,1,9,0
301307,0,1,1,0,1,0,118,1,9,0
301428,1,0,0,1,1,0,118,1,9,0
301528,0,1,0,1,0,0,118,1,9,0
301542,0,0,0,0,1,0,118,1,9,0
301590,1,0,0,1,1,0,118,1,9,0
301722,0,0,0,0,1,0,118,1,9,0
301796,1,1,1,1,1,0,118,1,9,0
301964,1,1,0,0,0,0,118,1,9,0
302060,1,0,0,1,1,0,118,1,9,0
302123,0,1,1,1,1,1,118,1,9,0
302200,0,0,0,0,1,0,118,1,9,0
302331,1,1,0,0,0,0,118,1,9,0
302357,1,0,1,0,0,0,118,1,9,0
302370,1,1,0,0,0,0,118,1,9,0
302444,1,0,1,0,0,0,118,1,9,0
302571,0,1,0,1,0,0,118,1,9,0
302778,1,1,1,1,1,0,118,1,9,0
303396,0,0,0,0,1,0,118,1,9,0
303520,1,1,1,1,1,0,118,1,9,0
303640,1,1,0,0,0,0,118,1,9,0
303917,0,0,0,0,1,0,118,1,9,0
304217,1,0,0,1,1,0,118,1,9,0
304283,0,0,1,1,0,0,118,1,9,0
304294,1,1,0,0,0,0,118,1,9,0
304298,1,0,0,1,1,0,118,1,9,0
304316,0,0,1,1,0,0,118,1,9,0
304354,0,0,1,1,0,0,118,1,9,0
304382,0,1,0,1,0,0,118,1,9,0
304385,0,1,1,0,1,0,118,1,9,0
304514,1,0,0,1,1,0,118,1,9,0
304604,1,0,1,0,0,0,118,1,9,0
304888,0,1,0,1,0,0,118,1,9,0
305132,1,0,1,0,0,0,118,1,9,0
305281,1,1,0,0,0,0,118,1,9,0
305355,0,0,1,1,0,0,118,1,9,0
305462,1,1,1,1,1,0,118,1,9,0
305477,1,0,1,0,0,0,118,1,9,0
305675,0,1,0,1,0,0,118,1,9,0
305733,1,0,0,1,1,0,118,1,9,0
305798,1,1,1,1,1,0,118,1,9,0
306163,1,1,1,1,1,0,118,1,9,0
306225,0,0,1,1,0,0,118,1,9,0
306228,1,1,1,1,1,0,118,1,9,0
306256,0,0,1,1,0,0,118,1,9,0
306273,0,1,0,1,0,0,118,1,9,0
306340,0,0,1,1,0,0,118,1,9,0
306513,1,0,1,0,0,0,118,1,9,0
306518,1,0,1,0,0,0,118,1,9,0
306548,1,0,0,1,1,0,118,1,9,0
306563,1,0,0,1,1,0,118,1,9,0
306782,0,0,1,1,0,0,118,1,9,0
306811,0,0,1,1,0,0,118,1,9,0
306973,1,0,0,1,1,0,118,1,9,0
307020,0,1,0,1,0,0,118,1,9,0
307033,1,1,0,0,0,0,118,1,9,0
307089,1,0,1,0,0,0,118,1,9,0
307119,0,0,0,0,1,0,118,1,9,0
307176,0,1,1,0,1,0,118,1,9,0
307364,0,0,0,0,1,0,118,1,9,0
307702,1,0,0,1,1,0,118,1,9,0
307718,0,1,1,0,1,0,118,1,9,0
307742,1,1,1,1,1,0,118,1,9,0
307814,1,0,0,1,1,0,118,1,9,0
307824,1,1,1,1,1,0,118,1,9,0
307883,1,0,0,1,1,0,118,1,9,0
307921,1,1,1,1,1,0,118,1,9,0
307947,0,1,0,1,0,0,118,1,9,0
307980,0,0,0,0,1,0,118,1,9,0
308210,0,0,1,1,0,0,118,1,9,0
308224,0,0,0,0,1,0,118,1,9,0
308566,1,1,1,1,1,0,118,1,9,0
308591,1,1,1,1,1,0,118,1,9,0
308664,0,1,1,0,1,0,118,1,9,0
308863,0,0,0,0,1,0,118,1,9,0
309261,0,1,0,1,0,0,118,1,9,0
309284,1,0,0,1,1,0,118,1,9,0
309576,0,1,0,1,0,0,118,1,9,0
309663,1,0,1,0,0,0,118,1,9,0
309683,1,0,0,1,1,0,118,1,9,0
309765,1,0,0,1,1,0,118,1,9,0
309827,0,1,0,1,0,0,118,1,9,0
309878,0,1,0,1,0,0,118,1,9,0
309982,0,1,0,1,0,0,118,1,9,0
310051,1,1,0,0,0,0,118,1,9,0
310140,1,1,1,0,1,1,118,1,9,0
310445,1,0,0,1,1,0,118,1,9,0
310957,0,0,0,0,1,0,118,1,9,0
311024,1,0,0,1,1,0,118,1,9,0
311187,1,1,1,1,1,0,118,1,9,0
311395,0,1,0,1,0,0,118,1,9,0
311709,1,0,1,0,0,0,118,1,9,0
311925,0,1,0,1,0,0,118,1,9,0
312426,1,0,0,0,1,1,118,1,9,0
312469,1,1,1,1,1,0,118,1,9,0
312667,1,1,0,0,0,0,118,1,9,0
312816,1,1,1,1,1,0,118,1,9,0
312994,1,1,1,1,1,0,118,1,9,0
313172,1,0,0,1,1,0,118,1,9,0
313209,0,0,1,1,0,0,118,1,9,0
313311,1,1,1,1,1,0,118,1,9,0
313415,1,0,1,0,0,0,118,1,9,0
313439,0,1,0,1,0,0,118,1,9,0
313805,0,1,1,0,1,0,118,1,9,0
314061,0,0,0,0,1,0,118,1,9,0
314067,1,1,1,1,1,0,118,1,9,0
314086,0,1,0,1,0,0,118,1,9,0
314184,1,1,1,1,1,0,118,1,9,0
314246,0,1,1,0,1,0,118,1,9,0
314283,0,0,0,0,1,0,118,1,9,0
314332,0,1,1,0,1,0,118,1,9,0
314818,0,0,0,0,1,0,118,1,9,0
314944,0,1,0,1,0,0,118,1,9,0
314966,0,0,0,0,1,0,118,1,9,0
315232,1,1,0,0,0,0,118,1,9,0
315272,1,1,0,0,0,0,118,1,9,0
315357,0,1,1,0,1,0,118,1,9,0
315393,0,1,1,0,1,0,118,1,9,0
315430,1,0,0,1,1,0,118,1,9,0
315488,1,1,0,0,0,0,118,1,9,0
315695,1,0,0,1,1,0,118,1,9,0
315811,0,0,0,0,1,0,118,1,9,0
316034,0,1,1,0,1,0,118,1,9,0
316099,1,1,1,1,1,0,118,1,9,0
316134,0,0,1,1,0,0,118,1,9,0
316349,0,0,1,1,0,0,118,1,9,0
316370,0,1,1,0,1,0,118,1,9,0
316482,1,0,0,1,1,0,118,1,9,0
316610,1,0,1,0,0,0,118,1,9,0
317043,1,1,0,0,0,0,118,1,9,0
317162,0,0,1,1,0,0,118,1,9,0
317182,1,0,0,1,1,0,118,1,9,0
317210,0,0,0,0,1,0,118,1,9,0
317220,0,0,0,0,1,0,118,1,9,0
317260,1,0,0,1,1,0,118,1,9,0
317552,1,0,1,0,0,0,118,1,9,0
317745,0,0,1,1,0,0,118,1,9,0
317789,0,1,0,1,0,0,118,1,9,0
317881,1,1,1,1,1,0,118,1,9,0
318079,1,1,1,1,1,0,118,1,9,0
318551,1,0,0,1,1,0,118,1,9,0
318653,1,0,1,0,0,0,118,1,9,0
319114,1,0,1,0,0,0,118,1,9,0
319127,1,0,1,0,0,0,118,1,9,0
319344,1,0,0,0,1,1,118,1,9,0
319471,1,0,0,1,1,0,118,1,9,0
319550,1,1,0,0,0,0,118,1,9,0
320297,0,0,1,1,0,0,118,1,9,0
320473,0,0,1,1,0,0,118,1,9,0
320588,0,0,0,0,1,0,118,1,9,0
320655,1,1,0,0,0,0,118,1,9,0
320664,0,0,1,1,0,0,118,1,9,0
320713,0,0,0,0,1,0,118,1,9,0
320745,1,1,0,0,0,0,118,1,9,0
320915,0,1,1,0,1,0,118,1,9,0
320965,0,1,1,0,1,0,118,1,9,0
320991,1,0,1,0,0,0,118,1,9,0
321105,0,0,0,0,1,0,118,1,9,0
321141,1,0,1,0,0,0,118,1,9,0
321347,0,0,0,0,1,0,118,1,9,0
321372,1,0,0,1,1,0,118,1,9,0
321512,0,0,0,0,1,0,118,1,9,0
321524,0,1,1,0,1,0,118,1,9,0
321530,1,1,0,0,0,0,118,1,9,0
321540,0,0,0,0,1,0,118,1,9,0
321677,0,0,0,0,1,0,118,1,9,0
321706,1,1,0,0,0,0,118,1,9,0
321761,0,1,1,0,1,0,118,1,9,0
321766,0,1,1,0,1,0,118,1,9,0
321812,1,1,1,1,1,0,118,1,9,0
321954,1,0,1,0,0,0,118,1,9,0
321999,0,0,0,0,1,0,118,1,9,0
322666,0,0,0,0,1,0,118,1,9,0
322731,1,1,1,1,1,0,118,1,9,0
322762,1,1,0,0,0,0,118,1,9,0
322968,0,1,0,1,0,0,118,1,9,0
323001,0,1,1,0,1,0,118,1,9,0
323036,1,0,0,1,1,0,118,1,9,0
323048,1,0,1,0,0,0,118,1,9,0
323074,1,1,0,0,0,0,118,1,9,0
323085,1,1,1,1,1,0,118,1,9,0
323086,1,1,0,0,0,0,118,1,9,0
323292,0,0,1,1,0,0,118,1,9,0
323625,0,1,1,0,1,0,118,1,9,0
323648,0,1,0,1,0,0,118,1,9,0
324000,0,0,0,0,1,0,118,1,9,0
324094,0,0,0,0,1,0,118,1,9,0
324192,1,1,0,0,0,0,118,1,9,0
324311,1,1,1,1,1,0,118,1,9,0
324425,0,0,0,0,1,0,118,1,9,0
324426,1,1,1,1,1,0,118,1,9,0
324466,1,1,1,1,1,0,118,1,9,0
324479,1,1,1,1,1,0,118,1,9,0
324893,1,1,1,1,1,0,118,1,9,0
324910,0,0,1,1,0,0,118,1,9,0
324941,1,0,0,1,1,0,118,1,9,0
324942,1,0,0,1,1,0,118,1,9,0
324954,1,0,1,0,0,0,118,1,9,0
324978,1,0,0,1,1,0,118,1,9,0
325189,0,0,0,0,1,0,118,1,9,0
325206,0,1,1,0,1,0,118,1,9,0
325388,0,0,0,0,1,0,118,1,9,0
325394,1,1,0,0,0,0,118,1,9,0
325551,0,1,0,1,0,0,118,1,9,0
325587,1,0,0,1,1,0,118,1,9,0
325641,0,1,0,1,0,0,118,1,9,0
325727,1,1,0,0,0,0,118,1,9,0
326043,1,1,1,1,1,0,118,1,9,0
326144,1,0,1,0,0,0,118,1,9,0
326188,0,1,0,1,0,0,118,1,9,0
326221,1,1,0,0,0,0,118,1,9,0
326274,1,0,0,1,1,0,118,1,9,0
326466,1,0,1,0,0,0,118,1,9,0
326511,1,0,1,0,0,0,118,1,9,0
326585,0,0,1,1,0,0,118,1,9,0
326693,0,0,1,1,0,0,118,1,9,0
326894,1,0,1,0,0,0,118,1,9,0
326911,1,0,1,0,0,0,118,1,9,0
327052,0,1,0,1,0,0,118,1,9,0
327324,0,1,1,0,1,0,118,1,9,0
327336,1,1,1,1,1,0,118,1,9,0
327348,0,1,0,1,0,0,118,1,9,0
327411,0,0,0,0,1,0,118,1,9,0
327445,1,0,0,1,1,0,118,1,9,0
327791,1,1,0,0,0,0,128,1,9,0
328118,0,1,0,1,0,0,128,1,9,0
328197,1,0,0,1,1,0,128,1,9,0
328284,1,0,0,1,1,0,128,1,9,0
328285,0,0,1,1,0,0,128,1,9,0
328431,1,1,1,1,1,0,128,1,9,0
328491,0,0,1,1,0,0,128,1,9,0
328550,0,1,0,1,0,0,128,1,9,0
328578,1,1,0,0,0,0,128,1,9,0
328607,1,1,0,0,0,0,128,1,9,0
328640,0,1,0,1,0,0,128,1,9,0
328840,0,1,0,1,0,0,128,1,9,0
328844,0,0,0,0,1,0,128,1,9,0
329014,1,0,1,0,0,0,128,1,9,0
329037,1,0,1,0,0,0,128,1,9,0
329057,0,0,1,1,0,0,128,1,9,0
329124,1,1,1,1,1,0,128,1,9,0
329161,0,0,1,1,0,0,128,1,9,0
329403,1,1,1,1,1,0,128,1,9,0
329748,1,1,0,0,0,0,128,1,9,0
329882,0,0,0,0,1,0,128,1,9,0
329894,1,1,1,1,1,0,128,1,9,0
329991,1,0,0,1,1,0,128,1,9,0
330014,0,0,1,1,0,0,128,1,9,0
330062,0,1,1,0,1,0,128,1,9,0
330103,0,1,0,1,0,0,128,1,9,0
330284,0,0,1,1,0,0,128,1,9,0
330354,0,0,1,1,0,0,128,1,9,0
330449,1,0,1,0,0,0,128,1,9,0
330513,0,0,0,0,1,0,128,1,9,0
330550,1,1,0,0,0,0,128,1,9,0
330616,1,0,0,0,1,1,128,1,9,0
330692,1,0,1,0,0,0,128,1,9,0
330864,1,0,0,1,1,0,128,1,9,0
330870,0,1,0,1,0,0,128,1,9,0
330881,0,0,0,0,1,0,128,1,9,0
330933,1,1,0,0,0,0,128,1,9,0
331040,0,1,1,0,1,0,128,1,9,0
331074,1,0,1,0,0,0,128,1,9,0
331263,0,1,0,1,0,0,128,1,9,0
331299,1,0,0,1,1,0,128,1,9,0
331383,0,1,1,0,1,0,128,1,9,0
331461,1,0,1,0,0,0,128,1,9,0
331550,0,0,1,1,0,0,128,1,9,0
331610,0,0,0,0,1,0,128,1,9,0
331837,0,0,1,1,0,0,128,1,9,0
331894,0,1,0,1,0,0,128,1,9,0
331955,0,1,0,1,0,0,128,1,9,0
332029,1,1,1,1,1,0,128,1,9,0
332080,0,0,0,0,1,0,128,1,9,0
332105,1,0,0,1,1,0,128,1,9,0
332116,0,0,1,1,0,0,128,1,9,0
332257,0,0,1,1,0,0,128,1,9,0
332280,0,0,0,0,1,0,128,1,9,0
332328,1,0,1,0,0,0,128,1,9,0
332448,1,0,0,1,1,0,128,1,9,0
332555,1,1,0,0,0,0,128,1,9,0
332730,1,0,0,1,1,0,128,1,9,0
332882,1,0,1,0,0,0,128,1,9,0
332895,0,1,0,1,0,0,128,1,9,0
332945,0,0,0,0,1,0,128,1,9,0
332992,1,1,1,1,1,0,128,1,9,0
333052,1,1,1,1,1,0,128,1,9,0
333173,0,1,0,1,0,0,128,1,9,0
333240,0,0,1,1,0,0,128,1,9,0
333269,0,0,0,0,1,0,128,1,9,0
333422,0,1,1,0,1,0,128,1,9,0
333505,0,0,1,1,0,0,128,1,9,0
333506,1,1,1,1,1,0,128,1,9,0
333557,1,0,1,0,0,0,128,1,9,0
333576,1,0,0,1,1,0,128,1,9,0
333654,1,0,1,0,0,0,128,1,9,0
333739,1,0,1,0,0,0,128,1,9,0
333901,0,0,0,0,1,0,128,1,9,0
333980,0,1,0,1,0,0,128,1,9,0
333982,1,1,1,1,1,0,128,1,9,0
334025,1,1,0,0,0,0,128,1,9,0
334075,1,0,0,1,1,0,128,1,9,0
334108,1,0,1,0,0,0,128,1,9,0
334417,0,1,0,1,0,0,128,1,9,0
334479,1,0,0,1,1,0,128,1,9,0
334527,1,1,1,1,1,0,128,1,9,0
334557,0,0,1,1,0,0,128,1,9,0
334575,1,1,0,0,0,0,128,1,9,0
334659,1,0,1,0,0,0,128,1,9,0
334759,1,1,0,0,0,0,128,1,9,0
334770,0,1,1,0,1,0,128,1,9,0
334814,1,1,1,1,1,0,128,1,9,0
334855,1,0,1,0,0,0,128,1,9,0
334970,1,0,0,1,1,0,128,1,9,0
335020,1,0,1,0,0,0,128,1,9,0
335084,1,0,0,1,1,0,128,1,9,0
335274,0,0,1,1,0,0,128,1,9,0
335457,0,1,0,1,0,0,128,1,9,0
335653,0,0,0,0,1,0,128,1,9,0
335829,1,0,1,0,0,0,128,1,9,0
335906,0,1,1,0,1,0,128,1,9,0
335908,1,0,1,0,0,0,128,1,9,0
336317,1,1,1,1,1,0,128,1,9,0
336512,1,0,1,0,0,0,128,1,9,0
336548,0,0,0,0,1,0,128,1,9,0
336748,1,1,1,1,1,0,128,1,9,0
336846,1,1,1,1,1,0,128,1,9,0
336851,0,1,1,0,1,0,128,1,9,0
336878,0,0,1,1,0,0,128,1,9,0
336980,0,0,0,0,1,0,128,1,9,0
336992,1,1,1,1,1,0,128,1,9,0
337184,0,1,0,1,0,0,128,1,9,0
337216,0,0,1,1,0,0,128,1,9,0
337282,1,0,1,0,0,0,128,1,9,0
337371,1,1,1,1,1,0,128,1,9,0
337391,0,0,1,1,0,0,128,1,9,0
337481,0,0,0,0,1,0,128,1,9,0
337494,1,1,1,1,1,0,128,1,9,0
337693,0,1,1,0,1,0,128,1,9,0
337705,1,1,0,0,0,0,128,1,9,0
337706,0,1,1,0,1,0,128,1,9,0
337755,0,0,1,1,0,0,128,1,9,0
337968,0,0,0,0,1,0,128,1,9,0
338203,0,0,0,0,1,0,128,1,9,0
338257,0,1,0,1,0,0,128,1,9,0
338342,0,0,0,0,1,0,128,1,9,0
338398,1,1,0,0,0,0,128,1,9,0
338748,0,0,0,0,1,0,128,1,9,0
338772,1,0,0,1,1,0,128,1,9,0
338815,1,1,0,0,0,0,128,1,9,0
339030,1,1,0,0,0,0,128,1,9,0
339069,1,0,0,1,1,0,128,1,9,0
339178,1,1,0,0,0,0,128,1,9,0
339367,0,0,1,1,0,0,128,1,9,0
339448,0,0,0,0,1,0,128,1,9,0
339455,1,1,1,1,1,0,128,1,9,0
339465,0,1,0,1,0,0,128,1,9,0
339493,0,1,1,0,1,0,128,1,9,0
339532,1,1,1,1,1,0,128,1,9,0
339598,0,0,0,0,1,0,128,1,9,0
339783,1,1,0,0,0,0,128,1,9,0
339817,1,0,1,0,0,0,128,1,9,0
339819,0,0,0,0,1,0,128,1,9,0
339890,0,1,1,0,1,0,128,1,9,0
340020,0,0,0,0,1,0,128,1,9,0
340193,0,1,0,1,0,0,128,1,9,0
340247,1,1,1,1,1,0,128,1,9,0
340366,0,0,1,1,0,0,128,1,9,0
340429,0,1,1,0,1,0,128,1,9,0
340565,0,0,1,1,0,0,128,1,9,0
340610,1,0,1,0,0,0,128,1,9,0
340625,1,0,1,0,0,0,128,1,9,0
340714,0,1,1,0,1,0,128,1,9,0
340863,1,0,1,0,0,0,128,1,9,0
340908,1,0,1,0,0,0,128,1,9,0
341029,0,0,1,1,0,0,128,1,9,0
341140,1,1,0,0,0,0,128,1,9,0
341142,0,1,0,1,0,0,128,1,9,0
341219,0,1,0,1,0,0,128,1,9,0
341232,1,0,0,1,1,0,128,1,9,0
341251,1,1,1,1,1,0,128,1,9,0
341335,1,1,1,1,1,0,128,1,9,0
341419,1,0,1,0,0,0,128,1,9,0
341422,0,1,1,0,1,0,128,1,9,0
341434,1,1,0,0,0,0,128,1,9,0
341521,0,1,0,1,0,0,128,1,9,0
341536,1,0,1,0,0,0,128,1,9,0
341564,0,1,1,0,1,0,128,1,9,0
341599,0,1,1,0,1,0,128,1,9,0
341635,0,1,0,1,0,0,128,1,9,0
341681,0,0,0,0,1,0,128,1,9,0
341776,1,0,1,0,0,0,128,1,9,0
341988,1,1,1,1,1,0,128,1,9,0
342037,1,0,0,1,1,0,128,1,9,0
342220,0,1,1,0,1,0,128,1,9,0
342537,0,0,0,0,1,0,128,1,9,0
342557,0,1,1,0,1,0,128,1,9,0
342839,0,1,0,1,0,0,128,1,9,0
342849,1,0,0,1,1,0,128,1,9,0
343042,0,1,0,1,0,0,128,1,9,0
343086,1,0,1,0,0,0,128,1,9,0
343162,0,0,0,0,1,0,128,1,9,0
343271,0,1,1,0,1,0,128,1,9,0
343396,0,1,0,1,0,0,128,1,9,0
343534,1,1,0,0,0,0,128,1,9,0
343614,1,1,0,0,0,0,128,1,9,0
343736,1,0,1,0,0,0,128,1,9,0
343780,0,1,0,1,0,0,128,1,9,0
343908,1,1,1,1,1,0,128,1,9,0
344069,0,1,1,0,1,0,128,1,9,0
344093,1,1,1,1,1,0,128,1,9,0
344110,1,1,1,1,1,0,128,1,9,0
344134,1,1,1,0,1,1,128,1,9,0
344213,0,0,0,0,1,0,128,1,9,0
344273,0,0,1,1,0,0,128,1,9,0
344295,1,0,1,0,0,0,128,1,9,0
344523,1,1,1,1,1,0,128,1,9,0
344588,0,0,0,0,1,0,128,1,9,0
344638,0,1,0,1,0,0,128,1,9,0
344928,1,0,1,1,0,0,128,1,9,0
345445,1,0,0,1,1,0,128,1,9,0
345555,1,0,1,0,0,0,128,1,9,0
345664,1,1,0,0,0,0,128,1,9,0
345678,0,0,0,0,1,0,128,1,9,0
345706,0,1,1,0,1,0,128,1,9,0
345796,1,0,0,1,1,0,128,1,9,0
345874,0,0,1,1,0,0,128,1,9,0
346154,0,1,1,0,1,0,128,1,9,0
346324,0,1,0,1,0,0,128,1,9,0
346475,1,1,0,0,0,0,128,1,9,0
346570,0,0,1,1,0,0,128,1,9,0
346581,0,1,0,1,0,0,128,1,9,0
346585,1,0,0,1,1,0,128,1,9,0
346597,0,0,0,0,1,0,128,1,9,0
346789,1,0,1,0,0,0,128,1,9,0
346980,0,0,0,0,1,0,128,1,9,0
347225,1,0,1,0,0,0,128,1,9,0
347296,1,1,0,0,0,0,128,1,9,0
347311,0,1,1,0,1,0,128,1,9,0
347661,0,1,0,1,0,0,128,1,9,0
347715,0,1,0,1,0,0,128,1,9,0
348195,1,1,1,1,1,0,128,1,9,0
348239,1,1,1,1,1,0,128,1,9,0
348310,1,1,1,1,1,0,128,1,9,0
348341,0,0,1,1,0,0,128,1,9,0
348376,1,0,0,1,1,0,128,1,9,0
348593,1,0,0,1,1,0,128,1,9,0
348839,1,0,0,1,1,0,128,1,9,0
348862,1,0,0,1,1,0,128,1,9,0
349117,1,0,0,1,1,0,128,1,9,0
349258,0,1,0,1,0,0,128,1,9,0
349278,1,0,1,0,0,0,128,1,9,0
349554,0,1,0,1,0,0,128,1,9,0
349668,1,0,0,1,1,0,128,1,9,0
349808,0,0,0,1,1,1,128,1,9,0
349810,1,0,0,1,1,0,128,1,9,0
349949,1,1,0,0,0,0,128,1,9,0
349956,0,1,1,0,1,0,128,1,9,0
350017,1,1,1,1,1,0,128,1,9,0
350321,0,1,1,0,1,0,128,1,9,0
350400,1,1,1,1,1,0,128,1,9,0
350477,1,0,1,0,0,0,128,1,9,0
350501,1,1,0,0,0,0,128,1,9,0
350557,0,0,1,1,0,0,128,1,9,0
350753,1,0,1,0,0,0,128,1,9,0
350887,1,1,1,1,1,0,128,1,9,0
351187,0,0,0,0,1,0,128,1,9,0
351284,1,1,0,0,0,0,128,1,9,0
351389,0,0,1,1,0,0,128,1,9,0
351396,0,1,1,0,1,0,128,1,9,0
351642,1,0,0,1,1,0,128,1,9,0
351649,1,1,1,1,1,0,128,1,9,0
351675,1,0,0,1,1,0,128,1,9,0
351749,1,1,1,1,1,0,128,1,9,0
351956,0,0,0,0,1,0,128,1,9,0
352081,0,0,0,0,1,0,128,1,9,0
352098,0,0,0,0,1,0,128,1,9,0
352224,1,0,0,1,1,0,128,1,9,0
352258,0,1,1,0,1,0,128,1,9,0
352326,0,1,1,0,1,0,128,1,9,0
352449,1,0,1,0,0,0,128,1,9,0
352487,0,0,1,1,0,0,128,1,9,0
352727,0,1,1,0,1,0,128,1,9,0
352732,0,0,1,1,0,0,128,1,9,0
352737,1,1,1,1,1,0,128,1,9,0
352894,1,0,1,0,0,0,128,1,9,0
352967,0,0,0,0,1,0,128,1,9,0
353151,1,1,1,1,1,0,128,1,9,0
353230,1,1,0,0,0,0,128,1,9,0
353320,0,1,0,1,0,0,128,1,9,0
353418,1,1,1,1,1,0,128,1,9,0
353508,0,0,0,0,1,0,128,1,9,0
353558,1,1,1,1,1,0,128,1,9,0
353620,0,1,0,1,0,0,128,1,9,0
353687,1,0,1,0,0,0,128,1,9,0
353694,1,1,0,0,0,0,128,1,9,0
353817,0,0,0,0,1,0,128,1,9,0
354040,0,0,0,0,1,0,128,1,9,0
354072,1,0,0,1,1,0,128,1,9,0
354089,1,0,1,0,0,0,128,1,9,0
354116,0,0,0,0,1,0,128,1,9,0
354508,0,0,1,1,0,0,128,1,9,0
354633,0,1,0,1,0,0,128,1,9,0
354697,1,1,1,1,1,0,128,1,9,0
354943,1,0,1,0,0,0,128,1,9,0
354948,0,1,1,0,1,0,128,1,9,0
354958,0,0,0,0,1,0,128,1,9,0
354992,0,1,0,1,0,0,128,1,9,0
354999,1,1,1,1,1,0,128,1,9,0
355027,1,1,0,0,0,0,128,1,9,0
355434,1,0,0,1,1,0,128,1,9,0
355618,1,0,1,0,0,0,128,1,9,0
355632,1,0,0,1,1,0,128,1,9,0
355655,0,0,0,0,1,0,128,1,9,0
355659,0,1,0,1,0,0,128,1,9,0
355734,1,1,1,1,1,0,128,1,9,0
355825,1,0,1,0,0,0,128,1,9,0
355877,0,1,0,1,0,0,128,1,9,0
356041,1,1,0,0,0,0,128,1,9,0
356043,1,0,0,1,1,0,128,1,9,0
356079,0,1,0,1,0,0,128,1,9,0
356385,1,1,1,1,1,0,128,1,9,0
356465,1,1,1,1,1,0,128,1,9,0
356503,0,1,1,0,1,0,128,1,9,0
356538,0,1,1,1,1,1,128,1,9,0
356607,0,0,1,1,0,0,128,1,9,0
356978,0,0,0,0,1,0,128,1,9,0
357080,0,0,0,0,1,0,128,1,9,0
357144,0,1,1,0,1,0,128,1,9,0
357219,1,1,1,1,1,0,128,1,9,0
357578,1,0,1,0,0,0,128,1,9,0
357626,1,1,1,1,1,0,128,1,9,0
357639,0,1,0,1,0,0,128,1,9,0
357683,0,1,1,0,1,0,128,1,9,0
357986,1,1,1,1,1,0,128,1,9,0
358103,1,1,0,0,0,0,128,1,9,0
358219,0,1,0,1,0,0,128,1,9,0
358234,0,1,1,0,1,0,128,1,9,0
358426,0,1,0,1,0,0,128,1,9,0
358453,0,0,1,1,0,0,128,1,9,0
358508,0,1,0,1,0,0,128,1,9,0
359007,0,1,0,1,0,0,128,1,9,0
359022,0,0,1,1,0,0,128,1,9,0
359158,0,0,1,1,0,0,128,1,9,0
359506,1,0,0,1,1,0,128,1,9,0
359527,0,1,0,1,0,0,128,1,9,0
359620,0,0,0,0,1,0,128,1,9,0
359797,0,1,0,1,0,0,128,1,9,0
359803,0,1,0,1,0,0,128,1,9,0
359874,0,0,1,1,0,0,128,1,9,0
360118,1,1,1,1,1,0,128,1,9,0
360144,1,0,0,1,1,0,128,1,9,0
360175,1,0,0,1,1,0,128,1,9,0
360342,0,0,1,1,0,0,128,1,9,0
360348,1,1,1,1,1,0,128,1,9,0
360401,0,1,1,0,1,0,128,1,9,0
360656,1,0,0,1,1,0,128,1,9,0
360661,0,1,0,1,0,0,128,1,9,0
360860,1,1,1,1,1,0,128,1,9,0
360961,0,1,0,1,0,0,128,1,9,0
361168,1,1,0,0,0,0,128,1,9,0
361179,1,0,0,1,1,0,128,1,9,0
361434,0,0,0,0,1,0,128,1,9,0
361565,1,1,0,0,0,0,128,1,9,0
361616,0,1,1,0,1,0,128,1,9,0
361660,0,0,0,0,1,0,128,1,9,0
361727,0,0,0,0,1,0,128,1,9,0
361730,1,1,1,1,1,0,128,1,9,0
361791,1,1,0,0,0,0,128,1,9,0
361864,1,1,1,1,1,0,128,1,9,0
362219,1,1,1,1,1,0,128,1,9,0
362464,1,1,1,1,1,0,128,1,9,0
362577,0,1,1,0,1,0,128,1,9,0
362619,1,0,0,1,1,0,128,1,9,0
362744,1,1,1,1,1,0,128,1,9,0
362810,1,1,0,0,0,0,128,1,9,0
362833,1,0,0,1,1,0,128,1,9,0
362880,1,0,1,0,0,0,128,1,9,0
362914,0,1,1,0,1,0,128,1,9,0
363112,1,0,0,1,1,0,128,1,9,0
363143,1,1,1,1,1,0,128,1,9,0
363163,1,1,1,1,1,0,128,1,9,0
363553,0,0,0,0,1,0,128,1,9,0
364242,1,0,0,1,1,0,128,1,9,0
364267,0,1,1,0,1,0,128,1,9,0
364393,1,0,0,1,1,0,128,1,9,0
364474,1,0,1,0,0,0,128,1,9,0
364646,1,1,0,0,0,0,128,1,9,0
364732,0,0,0,0,1,0,128,1,9,0
365021,1,0,1,0,0,0,128,1,9,0
365043,0,1,1,0,1,0,128,1,9,0
365064,0,1,0,1,0,0,128,1,9,0
365120,1,0,1,0,0,0,128,1,9,0
365411,0,0,0,0,1,0,128,1,9,0
365453,1,1,1,1,1,0,128,1,9,0
365528,1,0,0,1,1,0,128,1,9,0
365541,0,1,0,1,0,0,128,1,9,0
365706,0,0,1,1,0,0,128,1,9,0
365713,1,0,1,0,0,0,128,1,9,0
365750,0,0,0,0,1,0,128,1,9,0
365758,1,0,0,1,1,0,128,1,9,0
365774,1,1,1,1,1,0,128,1,9,0
365915,0,0,0,0,1,0,128,1,9,0
366040,1,1,1,1,1,0,128,1,9,0
366235,1,1,1,1,1,0,128,1,9,0
366394,0,0,1,1,0,0,128,1,9,0
366477,1,1,0,0,0,0,128,1,9,0
366522,0,0,1,1,0,0,128,1,9,0
366558,1,1,1,0,1,1,128,1,9,0
366632,1,1,0,0,0,0,128,1,9,0
366636,0,1,0,1,0,0,128,1,9,0
366686,0,0,0,0,1,0,128,1,9,0
366860,1,1,1,1,1,0,128,1,9,0
366888,0,1,1,0,1,0,128,1,9,0
366932,0,1,1,0,1,0,128,1,9,0
366967,1,1,0,0,0,0,128,1,9,0
366992,0,0,0,0,1,0,128,1,9,0
367113,1,0,1,0,0,0,128,1,9,0
367245,0,0,0,0,1,0,128,1,9,0
367248,1,0,1,0,0,0,128,1,9,0
367257,1,0,1,0,0,0,128,1,9,0
367445,0,1,1,0,1,0,128,1,9,0
368027,1,0,1,0,0,0,128,1,9,0
368216,0,1,1,0,1,0,128,1,9,0
368338,0,1,0,1,0,0,128,1,9,0
368457,0,0,0,0,1,0,128,1,9,0
368494,1,0,0,1,1,0,128,1,9,0
368507,0,0,0,0,1,0,128,1,9,0
368513,0,0,1,1,0,0,128,1,9,0
368643,1,1,1,1,1,0,128,1,9,0
368746,1,1,1,1,1,0,128,1,9,0
368765,0,0,1,1,0,0,128,1,9,0
368846,0,1,0,1,0,0,128,1,9,0
368866,0,0,0,0,1,0,128,1,9,0
369140,0,1,1,0,1,0,128,1,9,0
369339,0,0,1,1,0,0,128,1,9,0
369345,0,0,0,0,1,0,128,1,9,0
369537,0,0,1,1,0,0,128,1,9,0
369570,1,1,1,1,1,0,128,1,9,0
369778,1,0,0,1,1,0,128,1,9,0
369858,0,1,1,0,1,0,128,1,9,0
369909,1,0,1,0,0,0,128,1,9,0
369996,0,1,0,1,0,0,128,1,9,0
370242,1,0,0,1,1,0,128,1,9,0
370259,1,0,1,0,0,0,128,1,9,0
370400,1,1,0,0,0,0,128,1,9,0
370452,1,0,0,1,1,0,128,1,9,0
370553,1,1,0,0,0,0,128,1,9,0
370732,0,0,0,0,1,0,128,1,9,0
370744,0,1,0,1,0,0,128,1,9,0
370920,1,0,0,1,1,0,128,1,9,0
371039,1,0,1,0,0,0,128,1,9,0
371077,0,0,1,1,0,0,128,1,9,0
371123,0,0,0,0,1,0,128,1,9,0
371158,1,0,0,1,1,0,128,1,9,0
371226,1,0,1,0,0,0,128,1,9,0
371247,1,1,1,1,1,0,128,1,9,0
371256,1,1,0,0,0,0,128,1,9,0
371322,0,1,1,0,1,0,128,1,9,0
371429,0,1,1,0,1,0,128,1,9,0
371588,1,1,1,1,1,0,128,1,9,0
371606,0,0,1,1,0,0,128,1,9,0
371651,1,1,0,0,0,0,128,1,9,0
371742,0,1,0,1,0,0,128,1,9,0
372052,0,0,0,0,1,0,128,1,9,0
372056,0,1,1,0,1,0,128,1,9,0
372060,0,0,1,1,0,0,128,1,9,0
372116,0,1,1,0,1,0,128,1,9,0
372123,0,0,1,1,0,0,128,1,9,0
372163,1,0,0,1,1,0,128,1,9,0
372271,1,0,0,1,1,0,128,1,9,0
372282,0,0,0,0,1,0,128,1,9,0
372487,0,0,1,1,0,0,128,1,9,0
372668,1,1,0,0,0,0,128,1,9,0
372676,1,0,0,1,1,0,128,1,9,0
372686,1,0,0,1,1,0,128,1,9,0
372771,0,0,0,0,1,0,128,1,9,0
372949,0,0,1,1,0,0,128,1,9,0
372956,1,0,0,1,1,0,128,1,9,0
372973,1,1,1,1,1,0,128,1,9,0
373154,1,1,1,1,1,0,128,1,9,0
373439,0,1,0,1,0,0,128,1,9,0
373445,0,0,0,0,1,0,128,1,9,0
373528,1,1,1,1,1,0,128,1,9,0
373562,1,1,1,1,1,0,128,1,9,0
373734,1,1,0,0,0,0,128,1,9,0
373802,0,0,1,1,0,0,128,1,9,0
373870,1,0,1,0,0,0,128,1,9,0
373953,0,0,0,0,1,0,128,1,9,0
374083,0,1,0,1,0,0,128,1,9,0
374151,1,1,1,1,1,0,128,1,9,0
374215,0,1,0,1,0,0,128,1,9,0
374338,0,1,0,1,0,0,128,1,9,0
374457,0,0,1,1,0,0,128,1,9,0
374649,1,1,0,0,0,0,128,1,9,0
374728,1,1,1,1,1,0,128,1,9,0
374803,1,0,0,1,1,0,128,1,9,0
374820,0,0,0,0,1,0,128,1,9,0
374943,1,1,1,1,1,0,128,1,9,0
375228,1,1,1,1,1,0,128,1,9,0
375287,0,1,0,1,0,0,128,1,9,0
375479,0,1,0,1,0,0,128,1,9,0
375529,1,1,0,0,0,0,128,1,9,0
375626,0,1,0,1,0,0,128,1,9,0
375694,1,0,1,0,0,0,128,1,9,0
375771,0,0,0,0,1,0,128,1,9,0
375809,0,1,1,0,1,0,128,1,9,0
375829,1,0,0,1,1,0,128,1,9,0
375855,1,1,0,0,0,0,128,1,9,0
376132,1,1,0,1,0,0,128,1,9,0
376138,1,0,0,1,1,0,128,1,9,0
376203,0,1,0,1,0,0,128,1,9,0
376293,1,1,0,0,0,0,128,1,9,0
376333,0,1,0,1,0,0,128,1,9,0
376369,1,1,0,0,0,0,128,1,9,0
376380,1,0,1,0,0,0,128,1,9,0
376512,1,0,1,0,0,0,128,1,9,0
376542,1,0,0,1,1,0,128,1,9,0
376557,1,1,1,1,1,0,128,1,9,0
376650,0,1,1,0,1,0,128,1,9,0
376680,1,0,1,0,0,0,128,1,9,0
376912,0,1,1,0,1,0,128,1,9,0
377140,1,0,1,0,0,0,128,1,9,0
377196,0,1,0,1,0,0,128,1,9,0
377243,0,0,0,0,1,0,128,1,9,0
377252,0,0,1,1,0,0,128,1,9,0
377312,0,0,0,0,1,0,128,1,9,0
377551,0,0,1,1,0,0,128,1,9,0
377653,1,0,0,1,1,0,128,1,9,0
377691,0,0,1,1,0,0,128,1,9,0
377802,1,0,1,0,0,0,128,1,9,0
378068,0,0,1,1,0,0,128,1,9,0
378312,1,1,1,1,1,0,128,1,9,0
378314,0,0,0,0,1,0,128,1,9,0
378454,1,1,1,1,1,0,128,1,9,0
378475,1,0,1,0,0,0,128,1,9,0
378641,1,0,0,1,1,0,128,1,9,0
378673,0,1,1,0,1,0,128,1,9,0
378691,0,1,0,1,0,0,128,1,9,0
378852,0,0,1,1,0,0,128,1,9,0
379069,0,0,1,1,0,0,128,1,9,0
379098,0,0,1,1,0,0,128,1,9,0
379194,1,0,0,1,1,0,128,1,9,0
379315,1,1,1,1,1,0,128,1,9,0
379450,1,1,1,1,1,0,128,1,9,0
379480,1,1,0,0,0,0,128,1,9,0
379523,1,0,1,0,0,0,128,1,9,0
379723,0,0,0,0,1,0,128,1,9,0
379791,0,1,0,1,0,0,128,1,9,0
379809,0,1,0,1,0,0,128,1,9,0
380067,0,1,0,1,0,0,128,1,9,0
380102,0,1,1,0,1,0,128,1,9,0
380173,0,0,0,0,1,0,128,1,9,0
380206,0,1,1,0,1,0,128,1,9,0
380252,0,0,0,0,1,0,128,1,9,0
380437,0,0,0,0,1,0,128,1,9,0
380565,1,1,1,1,1,0,128,1,9,0
380648,1,0,0,1,1,0,128,1,9,0
380708,1,1,0,0,0,0,128,1,9,0
380809,1,0,1,0,0,0,128,1,9,0
380974,0,0,0,0,1,0,128,1,9,0
381196,1,0,1,0,0,0,128,1,9,0
381493,0,0,0,0,1,0,128,1,9,0
381520,0,1,1,0,1,0,128,1,9,0
381659,1,0,0,1,1,0,128,1,9,0
381744,1,0,1,0,0,0,128,1,9,0
382112,0,0,1,1,0,0,128,1,9,0
382129,1,0,1,0,0,0,128,1,9,0
382159,1,0,1,0,0,0,128,1,9,0
382224,0,1,0,1,0,0,128,1,9,0
382288,0,0,1,1,0,0,128,1,9,0
382334,1,0,1,0,0,0,128,1,9,0
382371,1,0,0,1,1,0,128,1,9,0
382465,0,0,1,1,0,0,128,1,9,0
382674,0,1,0,1,0,0,128,1,9,0
382815,1,0,1,0,0,0,128,1,9,0
382834,0,0,0,0,1,0,128,1,9,0
383053,0,1,1,0,1,0,128,1,9,0
383063,1,1,1,1,1,0,128,1,9,0
383135,0,1,1,0,1,0,128,1,9,0
383163,1,0,1,0,0,0,128,1,9,0
383398,0,1,0,1,0,0,128,1,9,0
383497,0,0,0,0,1,0,128,1,9,0
383567,1,1,0,0,0,0,128,1,9,0
383670,0,1,0,1,0,0,128,1,9,0
383825,0,0,1,1,0,0,128,1,9,0
384108,0,1,1,0,1,0,128,1,9,0
384401,1,1,1,1,1,0,128,1,9,0
384478,1,1,0,0,0,0,128,1,9,0
384561,0,0,1,1,0,0,128,1,9,0
384714,0,1,1,0,1,0,128,1,9,0
384812,1,0,0,1,1,0,128,1,9,0
384813,0,0,1,1,0,0,128,1,9,0
385074,0,1,1,0,1,0,128,1,9,0
385139,0,0,1,1,0,0,128,1,9,0
385188,0,0,0,0,1,0,128,1,9,0
385407,0,1,0,1,0,0,128,1,9,0
385449,1,0,1,0,0,0,128,1,9,0
385574,1,1,1,1,1,0,128,1,9,0
385726,1,1,1,1,1,0,128,1,9,0
385750,0,0,1,1,0,0,128,1,9,0
385864,0,1,0,1,0,0,128,1,9,0
385910,0,1,0,1,0,0,128,1,9,0
386011,0,1,1,0,1,0,128,1,9,0
386092,1,0,0,1,1,0,128,1,9,0
386315,0,0,0,0,1,0,128,1,9,0
386371,1,0,0,1,1,0,128,1,9,0
386392,1,0,1,0,0,0,128,1,9,0
386399,1,0,0,1,1,0,128,1,9,0
386661,0,1,1,0,1,0,128,1,9,0
386870,1,0,0,1,1,0,128,1,9,0
386930,0,1,1,0,1,0,128,1,9,0
387056,1,0,0,1,1,0,128,1,9,0
387229,1,0,0,1,1,0,128,1,9,0
387310,0,0,1,0,0,0,128,1,9,0
387353,1,1,1,1,1,0,128,1,9,0
387368,0,0,0,0,1,0,128,1,9,0
387402,1,0,0,1,1,0,128,1,9,0
387426,0,1,0,1,0,0,128,1,9,0
387437,0,0,1,1,0,0,128,1,9,0
387646,1,1,0,0,0,0,128,1,9,0
387680,1,1,1,1,1,0,128,1,9,0
387825,1,1,1,1,1,0,128,1,9,0
388113,0,0,0,0,1,0,128,1,9,0
388248,1,1,1,1,1,0,128,1,9,0
388352,0,0,0,0,1,0,128,1,9,0
388409,0,0,0,0,1,0,128,1,9,0
388453,1,1,1,1,1,0,128,1,9,0
388486,1,1,1,1,1,0,128,1,9,0
388626,0,1,0,1,0,0,128,1,9,0
388753,1,0,0,1,1,0,128,1,9,0
388787,0,0,0,0,1,0,128,1,9,0
389124,0,0,0,0,1,0,128,1,9,0
389188,0,0,1,1,0,0,128,1,9,0
389323,1,1,1,1,1,0,128,1,9,0
389393,0,1,0,1,0,0,128,1,9,0
389430,1,0,1,0,0,0,128,1,9,0
389676,0,1,0,1,0,0,128,1,9,0
390000,1,1,0,0,0,0,128,1,9,0
390198,1,1,0,0,0,0,128,1,9,0
390207,1,1,0,0,0,0,128,1,9,0
390522,0,0,1,1,0,0,128,1,9,0
390545,1,0,1,0,0,0,128,1,9,0
390756,1,1,0,0,0,0,128,1,9,0
390762,0,1,0,1,0,0,128,1,9,0
390833,0,0,1,1,0,0,128,1,9,0
390858,0,0,0,0,1,0,128,1,9,0
391056,1,1,0,0,0,0,128,1,9,0
391321,1,0,1,0,0,0,128,1,9,0
391367,1,0,0,1,1,0,128,1,9,0
391637,1,0,0,0,1,1,128,1,9,0
391827,0,1,0,1,0,0,128,1,9,0
391898,0,1,0,1,0,0,128,1,9,0
391948,0,1,0,1,0,0,128,1,9,0
392169,0,1,1,0,1,0,128,1,9,0
392172,1,0,0,1,1,0,128,1,9,0
392318,1,1,1,1,1,0,128,1,9,0
392351,1,1,1,1,1,0,128,1,9,0
392424,1,1,0,0,0,0,128,1,9,0
392432,1,0,0,1,1,0,128,1,9,0
392525,0,0,0,0,1,0,128,1,9,0
392583,0,0,1,1,0,0,128,1,9,0
392683,1,1,1,1,1,0,128,1,9,0
392729,0,1,0,1,0,0,128,1,9,0
392733,0,1,0,1,0,0,128,1,9,0
392820,0,0,0,0,1,0,128,1,9,0
392908,0,1,0,0,0,0,128,1,9,0
393138,1,1,0,0,0,0,128,1,9,0
393215,1,0,0,1,1,0,128,1,9,0
393277,0,0,1,1,0,0,221,1,9,0
393326,1,0,1,0,0,0,221,1,9,0
393395,1,0,1,0,0,0,221,1,9,0
393415,0,1,1,0,1,0,221,1,9,0
393418,0,0,0,0,1,0,221,1,9,0
393459,1,0,1,0,0,0,221,1,9,0
393462,1,0,0,1,1,0,221,1,9,0
393487,1,1,1,1,1,0,221,1,9,0
393499,1,0,0,1,1,0,221,1,9,0
393524,1,0,1,0,0,0,221,1,9,0
393618,1,0,1,0,0,0,221,1,9,0
393619,1,0,0,1,1,0,221,1,9,0
393628,1,1,1,1,1,0,221,1,9,0
393632,1,1,1,1,1,0,221,1,9,0
393659,1,0,1,0,0,0,221,1,9,0
393714,0,0,1,1,0,0,221,1,9,0
393777,0,0,1,1,0,0,221,1,9,0
393778,1,0,0,1,1,0,221,1,9,0
393798,0,1,0,1,0,0,221,1,9,0
393823,1,0,1,0,0,0,221,1,9,0
393903,0,1,0,1,0,0,221,1,9,0
394025,0,1,1,0,1,0,221,1,9,0
394183,1,1,1,1,1,0,221,1,9,0
394445,1,0,0,1,1,0,221,1,9,0
394500,0,1,1,0,1,0,221,1,9,0
394608,1,1,0,0,0,0,221,1,9,0
394610,0,0,0,0,1,0,221,1,9,0
394687,0,0,1,1,0,0,221,1,9,0
394714,0,1,1,0,1,0,221,1,9,0
394734,1,1,1,1,1,0,221,1,9,0
394799,0,0,0,0,1,0,221,1,9,0
394840,0,0,1,1,0,0,221,1,9,0
394894,0,0,0,0,1,0,221,1,9,0
395074,0,0,0,0,1,0,221,1,9,0
395267,0,0,1,1,0,0,221,1,9,0
395272,0,0,0,0,1,0,221,1,9,0
395287,0,1,1,0,1,0,221,1,9,0
395420,0,1,0,1,0,0,221,1,9,0
395541,1,1,0,0,0,0,221,1,9,0
395550,0,0,0,0,1,0,221,1,9,0
395556,1,0,0,1,1,0,221,1,9,0
395562,1,1,1,1,1,0,221,1,9,0
395578,1,1,0,0,0,0,221,1,9,0
395645,0,1,0,1,0,0,221,1,9,0
395649,0,0,0,0,1,0,221,1,9,0
395664,1,0,0,1,1,0,221,1,9,0
395679,1,0,1,0,0,0,221,1,9,0
395681,0,0,1,1,0,0,221,1,9,0
395694,1,1,1,1,1,0,221,1,9,0
395697,0,0,0,0,1,0,221,1,9,0
395738,1,0,0,1,1,0,221,1,9,0
395771,0,0,0,0,1,0,221,1,9,0
395858,0,0,1,1,0,0,221,1,9,0
395984,0,1,0,1,0,0,221,1,9,0
395986,1,0,1,0,0,0,221,1,9,0
396022,1,0,1,0,0,0,221,1,9,0
396027,1,1,0,0,0,0,221,1,9,0
396038,0,0,1,1,0,0,221,1,9,0
396252,0,1,1,0,1,0,221,1,9,0
396272,1,1,1,1,1,0,221,1,9,0
396308,1,0,1,0,0,0,221,1,9,0
396400,1,0,1,0,0,0,221,1,9,0
396426,0,1,0,1,0,0,221,1,9,0
396433,1,0,1,0,0,0,221,1,9,0
396476,1,0,0,1,1,0,221,1,9,0
396495,1,0,0,1,1,0,221,1,9,0
396518,0,0,1,1,0,0,221,1,9,0
396566,0,1,0,1,0,0,221,1,9,0
396574,0,1,1,0,1,0,221,1,9,0
396714,1,1,0,0,0,0,221,1,9,0
396781,1,1,1,1,1,0,221,1,9,0
396874,1,0,1,0,0,0,221,1,9,0
396912,1,0,0,1,1,0,221,1,9,0
396982,1,0,0,1,1,0,221,1,9,0
397070,1,1,0,0,0,0,221,1,9,0
397149,1,1,0,0,0,0,221,1,9,0
397546,1,1,1,1,1,0,221,1,9,0
397682,0,1,1,0,1,0,221,1,9,0
397732,0,0,0,0,1,0,221,1,9,0
397879,0,0,0,0,1,0,221,1,9,0
398016,1,1,1,0,1,1,221,1,9,0
398076,1,1,0,0,0,0,221,1,9,0
398111,1,0,0,1,1,0,221,1,9,0
398146,1,1,1,1,1,0,221,1,9,0
398253,1,1,1,1,1,0,221,1,9,0
398288,0,0,0,0,1,0,221,1,9,0
398319,1,0,1,0,0,0,221,1,9,0
398417,0,1,0,1,0,0,221,1,9,0
398534,0,0,0,0,1,0,221,1,9,0
398566,0,0,1,1,0,0,221,1,9,0
398589,0,1,1,0,1,0,221,1,9,0
398628,1,1,0,1,0,0,221,1,9,0
398636,0,0,0,0,1,0,221,1,9,0
398780,1,1,0,0,0,0,221,1,9,0
398791,0,0,1,1,0,0,221,1,9,0
398828,0,0,1,1,0,0,221,1,9,0
398834,0,1,0,1,0,0,221,1,9,0
398878,0,1,1,0,1,0,221,1,9,0
398918,1,0,0,1,1,0,221,1,9,0
398931,0,1,1,0,1,0,221,1,9,0
398960,1,1,0,0,0,0,221,1,9,0
399153,0,1,0,1,0,0,221,1,9,0
399428,1,1,1,1,1,0,221,1,9,0
399476,0,0,0,0,1,0,221,1,9,0
399479,0,1,0,1,0,0,221,1,9,0
399506,1,1,1,1,1,0,221,1,9,0
399698,0,1,1,1,1,1,221,1,9,0
399732,0,1,0,1,0,0,221,1,9,0
399742,0,1,1,0,1,0,221,1,9,0
399897,1,0,1,0,0,0,221,1,9,0
399978,0,0,1,1,0,0,221,1,9,0
400033,1,0,1,0,0,0,221,1,9,0
400076,1,1,0,0,0,0,221,1,9,0
400135,0,1,1,0,1,0,221,1,9,0
400367,1,0,0,1,1,0,221,1,9,0
400384,1,1,1,0,1,1,221,1,9,0
400403,0,1,0,1,0,0,221,1,9,0
400415,0,0,1,1,0,0,221,1,9,0
400491,1,0,0,1,1,0,221,1,9,0
400562,1,1,0,0,0,0,221,1,9,0
400726,0,0,0,0,1,0,221,1,9,0
400735,1,0,1,0,0,0,221,1,9,0
400746,1,0,1,0,0,0,221,1,9,0
400765,1,1,1,1,1,0,221,1,9,0
401149,1,0,0,1,1,0,221,1,9,0
401206,0,1,1,0,1,0,221,1,9,0
401266,1,0,0,1,1,0,221,1,9,0
401296,1,1,1,1,1,0,221,1,9,0
401349,1,0,1,1,0,0,221,1,9,0
401558,0,0,1,1,0,0,221,1,9,0
401628,1,0,0,0,1,1,221,1,9,0
401639,0,1,1,0,1,0,221,1,9,0
401864,1,0,1,0,0,0,221,1,9,0
401897,1,1,1,1,1,0,221,1,9,0
401953,1,0,0,1,1,0,221,1,9,0
402006,1,1,1,1,1,0,221,1,9,0
402048,1,1,0,0,0,0,221,1,9,0
402121,0,0,1,1,0,0,221,1,9,0
402149,0,1,1,0,1,0,221,1,9,0
402237,1,1,0,0,0,0,221,1,9,0
402269,0,1,1,0,1,0,221,1,9,0
402329,0,0,0,0,1,0,221,1,9,0
402644,1,1,0,0,0,0,221,1,9,0
402859,0,0,0,0,1,0,221,1,9,0
402868,1,1,0,0,0,0,221,1,9,0
402897,1,0,0,0,1,1,221,1,9,0
402916,1,0,0,1,1,0,221,1,9,0
402956,1,1,0,0,0,0,221,1,9,0
403013,1,0,1,0,0,0,221,1,9,0
403190,1,1,0,0,0,0,221,1,9,0
403218,0,0,0,0,1,0,221,1,9,0
403573,1,1,1,1,1,0,221,1,9,0
403605,1,1,0,0,0,0,221,1,9,0
403690,0,0,0,0,1,0,221,1,9,0
403740,0,0,0,0,1,0,221,1,9,0
403775,1,1,0,0,0,0,221,1,9,0
403831,0,1,1,0,1,0,221,1,9,0
403909,0,0,0,0,1,0,221,1,9,0
403940,0,0,1,1,0,0,221,1,9,0
404077,0,0,0,0,1,0,221,1,9,0
404175,1,0,0,1,1,0,221,1,9,0
404198,0,0,1,0,0,0,221,1,9,0
404205,0,1,0,1,0,0,221,1,9,0
404244,1,0,1,0,0,0,221,1,9,0
404470,1,1,1,1,1,0,221,1,9,0
404511,0,0,0,0,1,0,221,1,9,0
404513,0,0,1,1,0,0,221,1,9,0
404539,0,0,0,0,1,0,221,1,9,0
404543,1,0,0,1,1,0,221,1,9,0
404571,1,0,1,0,0,0,221,1,9,0
404679,0,0,0,0,1,0,221,1,9,0
404804,0,1,1,0,1,0,221,1,9,0
404826,1,0,0,1,1,0,221,1,9,0
404994,1,0,0,1,1,0,221,1,9,0
405103,1,0,1,0,0,0,221,1,9,0
405149,0,0,0,0,1,0,221,1,9,0
405183,1,1,1,1,1,0,221,1,9,0
405248,1,0,1,0,0,0,221,1,9,0
405295,1,0,1,0,0,0,221,1,9,0
405368,0,1,1,0,1,0,221,1,9,0
405454,0,1,0,1,0,0,221,1,9,0
405471,0,0,1,1,0,0,221,1,9,0
405486,0,1,1,0,1,0,221,1,9,0
405679,1,1,1,1,1,0,221,1,9,0
405692,1,1,0,0,0,0,221,1,9,0
405699,1,1,1,1,1,0,221,1,9,0
405732,0,0,0,0,1,0,221,1,9,0
405842,0,1,1,0,1,0,221,1,9,0
405856,1,1,1,1,1,0,221,1,9,0
405910,0,0,0,0,1,0,221,1,9,0
405965,1,0,0,1,1,0,221,1,9,0
406014,0,1,1,0,1,0,221,1,9,0
406050,0,0,1,1,0,0,221,1,9,0
406119,1,1,0,0,0,0,221,1,9,0
406154,0,0,1,1,0,0,221,1,9,0
406198,0,1,0,1,0,0,221,1,9,0
406373,0,0,1,1,0,0,221,1,9,0
406385,1,0,1,0,0,0,221,1,9,0
406611,0,1,0,1,0,0,221,1,9,0
406616,0,0,1,1,0,0,221,1,9,0
406692,0,0,1,1,0,0,221,1,9,0
406747,0,0,1,0,0,0,221,1,9,0
406787,0,1,1,0,1,0,221,1,9,0
406811,0,1,1,0,1,0,221,1,9,0
406833,0,1,1,0,1,0,221,1,9,0
406865,0,0,0,0,1,0,221,1,9,0
406949,0,1,1,0,1,0,221,1,9,0
407034,0,1,0,1,0,0,221,1,9,0
407040,0,0,0,0,1,0,221,1,9,0
407097,1,1,1,1,1,0,221,1,9,0
407108,0,0,1,1,0,0,221,1,9,0
407138,1,0,0,1,1,0,221,1,9,0
407169,0,1,1,0,1,0,221,1,9,0
407203,1,1,0,0,0,0,221,1,9,0
407300,0,0,1,1,0,0,221,1,9,0
407329,1,1,0,0,0,0,221,1,9,0
407409,0,1,1,0,1,0,221,1,9,0
407591,1,0,1,0,0,0,221,1,9,0
407594,1,0,1,0,0,0,221,1,9,0
407651,1,0,1,0,0,0,221,1,9,0
407851,0,0,0,0,1,0,221,1,9,0
407873,0,1,1,0,1,0,221,1,9,0
407911,0,0,0,0,1,0,221,1,9,0
408150,1,1,1,1,1,0,221,1,9,0
408209,1,0,1,0,0,0,221,1,9,0
408215,0,1,0,1,0,0,221,1,9,0
408223,1,0,1,0,0,0,221,1,9,0
408410,1,1,1,1,1,0,221,1,9,0
408500,0,0,1,1,0,0,221,1,9,0
408517,1,0,1,0,0,0,221,1,9,0
408518,1,1,0,0,0,0,221,1,9,0
408627,0,1,0,1,0,0,221,1,9,0
408685,0,1,1,1,1,1,221,1,9,0
408800,1,0,0,1,1,0,221,1,9,0
408806,1,0,0,1,1,0,221,1,9,0
408880,0,1,0,1,0,0,221,1,9,0
408906,0,0,0,0,1,0,221,1,9,0
408923,0,1,1,0,1,0,221,1,9,0
408946,1,0,1,0,0,0,221,1,9,0
408949,1,1,0,0,0,0,221,1,9,0
408966,1,1,0,0,0,0,221,1,9,0
408998,0,0,1,1,0,0,221,1,9,0
409003,0,0,1,1,0,0,221,1,9,0
409054,1,0,1,0,0,0,221,1,9,0
409094,0,0,0,0,1,0,221,1,9,0
409149,0,0,0,1,1,1,221,1,9,0
409184,1,1,1,1,1,0,221,1,9,0
409294,0,1,1,0,1,0,221,1,9,0
409334,0,1,1,0,1,0,221,1,9,0
409344,0,0,1,1,0,0,221,1,9,0
409402,0,1,1,0,1,0,221,1,9,0
409448,0,0,1,1,0,0,221,1,9,0
409613,0,0,0,0,1,0,221,1,9,0
409662,0,0,0,0,1,0,221,1,9,0
409809,1,0,1,0,0,0,221,1,9,0
409834,1,0,1,0,0,0,221,1,9,0
409866,1,0,0,1,1,0,221,1,9,0
409880,1,1,0,0,0,0,221,1,9,0
409891,1,0,1,0,0,0,221,1,9,0
409953,1,0,0,1,1,0,221,1,9,0
409995,1,1,0,0,0,0,221,1,9,0
410001,1,0,1,0,0,0,221,1,9,0
410115,0,1,1,0,1,0,221,1,9,0
410176,1,1,1,1,1,0,221,1,9,0
410233,1,0,0,1,1,0,221,1,9,0
410234,0,0,0,0,1,0,221,1,9,0
410352,0,0,1,1,0,0,221,1,9,0
410481,1,1,0,1,0,0,221,1,9,0
410497,0,0,1,1,0,0,221,1,9,0
410498,0,0,0,0,1,0,221,1,9,0
410499,0,0,0,0,1,0,221,1,9,0
410512,0,1,0,1,0,0,221,1,9,0
410658,0,1,1,0,1,0,221,1,9,0
410668,1,1,0,0,0,0,221,1,9,0
410797,0,1,0,1,0,0,221,1,9,0
410808,0,0,0,0,1,0,221,1,9,0
410810,0,1,0,1,0,0,221,1,9,0
410931,0,0,0,0,1,0,221,1,9,0
410952,1,1,1,1,1,0,221,1,9,0
411050,1,1,1,1,1,0,221,1,9,0
411063,1,0,0,1,1,0,221,1,9,0
411145,0,1,0,1,0,0,221,1,9,0
411156,1,0,1,0,0,0,221,1,9,0
411225,1,1,1,1,1,0,221,1,9,0
411248,1,1,0,0,0,0,221,1,9,0
411331,1,1,1,1,1,0,221,1,9,0
411345,1,0,1,0,0,0,221,1,9,0
411440,0,0,0,0,1,0,221,1,9,0
411486,1,0,0,1,1,0,221,1,9,0
411507,0,0,1,1,0,0,221,1,9,0
411532,0,0,1,1,0,0,221,1,9,0
411596,0,0,0,0,1,0,221,1,9,0
411604,1,1,1,1,1,0,221,1,9,0
411619,1,1,0,0,0,0,221,1,9,0
411648,1,1,1,1,1,0,221,1,9,0
411675,0,1,1,0,1,0,221,1,9,0
411684,0,1,0,1,0,0,221,1,9,0
411762,0,0,1,1,0,0,221,1,9,0
411907,0,1,0,1,0,0,221,1,9,0
412037,0,1,0,1,0,0,221,1,9,0
412092,1,0,0,1,1,0,221,1,9,0
412094,0,0,1,1,0,0,221,1,9,0
412096,0,0,0,0,1,0,221,1,9,0
412160,0,0,0,0,1,0,221,1,9,0
412214,1,0,1,0,0,0,221,1,9,0
412222,1,1,1,1,1,0,221,1,9,0
412307,0,1,1,0,1,0,221,1,9,0
412316,1,1,1,1,1,0,221,1,9,0
412330,1,1,1,1,1,0,221,1,9,0
412520,1,1,0,0,0,0,221,1,9,0
412584,1,0,0,1,1,0,221,1,9,0
412637,1,1,0,0,0,0,221,1,9,0
412644,0,0,1,1,0,0,221,1,9,0
412827,0,1,0,1,0,0,221,1,9,0
412844,0,1,1,0,1,0,221,1,9,0
412855,0,0,0,0,1,0,221,1,9,0
412872,1,0,1,0,0,0,221,1,9,0
412924,0,1,0,1,0,0,221,1,9,0
412963,1,0,1,0,0,0,221,1,9,0
412987,0,0,1,1,0,0,221,1,9,0
413031,1,1,0,0,0,0,221,1,9,0
413128,0,0,1,1,0,0,221,1,9,0
413156,0,0,0,0,1,0,221,1,9,0
413193,1,0,1,0,0,0,221,1,9,0
413196,0,1,0,1,0,0,221,1,9,0
413375,1,0,0,1,1,0,221,1,9,0
413424,0,0,1,1,0,0,221,1,9,0
413523,0,1,1,0,1,0,221,1,9,0
413638,0,0,0,0,1,0,221,1,9,0
413679,0,1,1,0,1,0,221,1,9,0
413720,1,1,0,0,0,0,221,1,9,0
413810,1,1,0,0,0,0,221,1,9,0
413842,1,1,1,1,1,0,221,1,9,0
413898,1,0,0,1,1,0,221,1,9,0
413961,0,0,0,0,1,0,221,1,9,0
413966,1,0,1,0,0,0,221,1,9,0
414046,0,0,1,1,0,0,221,1,9,0
414088,1,0,0,1,1,0,221,1,9,0
414288,0,1,0,1,0,0,221,1,9,0
414328,0,1,1,0,1,0,221,1,9,0
414338,1,1,0,0,0,0,221,1,9,0
414365,0,1,1,0,1,0,221,1,9,0
414400,1,1,1,1,1,0,221,1,9,0
414429,1,1,0,0,0,0,221,1,9,0
414536,0,0,0,0,1,0,221,1,9,0
414566,1,1,1,1,1,0,221,1,9,0
414572,0,0,0,0,1,0,221,1,9,0
414598,1,0,0,1,1,0,221,1,9,0
414621,0,1,1,0,1,0,221,1,9,0
414643,1,1,0,0,0,0,221,1,9,0
414815,0,1,1,1,1,1,221,1,9,0
414836,1,0,0,1,1,0,221,1,9,0
414895,0,0,0,0,1,0,221,1,9,0
414901,1,0,0,1,1,0,221,1,9,0
414903,0,1,1,0,1,0,221,1,9,0
414924,0,0,1,1,0,0,221,1,9,0
414949,1,0,0,1,1,0,221,1,9,0
415122,1,1,1,1,1,0,221,1,9,0
415161,0,0,1,1,0,0,221,1,9,0
415181,1,1,1,1,1,0,221,1,9,0
415193,1,1,1,1,1,0,221,1,9,0
415256,0,1,1,0,1,0,221,1,9,0
415288,1,0,1,0,0,0,221,1,9,0
415400,1,1,1,1,1,0,221,1,9,0
415431,0,1,1,0,1,0,221,1,9,0
415433,0,1,1,0,1,0,221,1,9,0
415543,1,1,0,0,0,0,221,1,9,0
415631,0,1,1,0,1,0,221,1,9,0
415633,1,1,1,1,1,0,221,1,9,0
415639,0,1,0,1,0,0,221,1,9,0
415827,0,1,1,0,1,0,221,1,9,0
415871,0,0,1,1,0,0,221,1,9,0
415920,0,0,1,1,0,0,221,1,9,0
415994,0,1,1,0,1,0,221,1,9,0
416023,1,0,1,0,0,0,221,1,9,0
416303,0,1,1,0,1,0,221,1,9,0
416383,0,0,1,1,0,0,221,1,9,0
416401,0,0,0,0,1,0,221,1,9,0
416525,0,1,1,0,1,0,221,1,9,0
416593,0,0,0,0,1,0,221,1,9,0
416702,1,0,1,0,0,0,221,1,9,0
416763,1,0,1,0,0,0,221,1,9,0
416937,1,0,0,0,1,1,221,1,9,0
416959,0,0,1,0,0,0,221,1,9,0
416970,0,0,0,0,1,0,221,1,9,0
417104,0,1,0,1,0,0,221,1,9,0
417176,1,1,0,0,0,0,221,1,9,0
417205,0,1,1,0,1,0,221,1,9,0
417256,1,1,0,0,0,0,221,1,9,0
417338,1,0,1,0,0,0,221,1,9,0
417346,1,0,0,1,1,0,221,1,9,0
417421,1,1,1,1,1,0,221,1,9,0
417454,0,1,1,0,1,0,221,1,9,0
417495,1,1,0,0,0,0,221,1,9,0
417532,0,0,1,1,0,0,221,1,9,0
417566,1,0,1,0,0,0,221,1,9,0
417594,1,1,1,1,1,0,221,1,9,0
417628,0,0,0,0,1,0,221,1,9,0
417637,1,0,0,1,1,0,221,1,9,0
417714,1,0,0,1,1,0,221,1,9,0
417720,1,0,0,1,1,0,221,1,9,0
417753,0,1,0,1,0,0,221,1,9,0
417864,1,1,0,0,0,0,221,1,9,0
417890,0,0,1,1,0,0,221,1,9,0
417892,1,1,0,0,0,0,221,1,9,0
417920,1,0,1,0,0,0,221,1,9,0
417922,0,0,1,1,0,0,221,1,9,0
417951,1,1,1,1,1,0,221,1,9,0
417999,0,1,1,0,1,0,221,1,9,0
418107,1,1,0,0,0,0,221,1,9,0
418151,1,0,1,0,0,0,221,1,9,0
418213,1,0,0,1,1,0,221,1,9,0
418217,0,1,0,1,0,0,221,1,9,0
418363,0,1,1,0,1,0,221,1,9,0
418407,1,0,1,0,0,0,221,1,9,0
418481,1,0,1,0,0,0,221,1,9,0
418738,1,1,1,1,1,0,221,1,9,0
418836,0,1,1,0,1,0,221,1,9,0
418881,0,1,1,0,1,0,221,1,9,0
418969,1,1,1,1,1,0,221,1,9,0
419024,0,0,0,0,1,0,221,1,9,0
419060,0,1,1,0,1,0,221,1,9,0
419077,1,1,0,0,0,0,221,1,9,0
419117,0,0,0,0,1,0,221,1,9,0
419149,1,0,1,0,0,0,221,1,9,0
419429,0,0,1,1,0,0,221,1,9,0
419517,0,1,1,0,1,0,221,1,9,0
419522,0,1,0,1,0,0,221,1,9,0
419665,1,1,1,1,1,0,221,1,9,0
419679,0,0,0,0,1,0,221,1,9,0
419722,1,0,0,1,1,0,221,1,9,0
419762,1,1,1,1,1,0,221,1,9,0
419895,1,0,1,0,0,0,221,1,9,0
419974,1,0,1,0,0,0,221,1,9,0
420035,1,0,0,1,1,0,221,1,9,0
420046,1,0,1,0,0,0,221,1,9,0
420053,1,1,0,0,0,0,221,1,9,0
420056,1,1,0,0,0,0,221,1,9,0
420088,0,1,0,1,0,0,221,1,9,0
420120,0,0,1,1,0,0,221,1,9,0
420369,0,1,1,0,1,0,221,1,9,0
420385,1,1,1,1,1,0,221,1,9,0
420469,0,0,0,0,1,0,221,1,9,0
420484,1,1,1,1,1,0,221,1,9,0
420489,1,0,0,1,1,0,221,1,9,0
420566,1,1,0,0,0,0,221,1,9,0
420615,0,1,0,1,0,0,221,1,9,0
420701,1,0,0,1,1,0,221,1,9,0
420759,1,0,1,0,0,0,221,1,9,0
420769,1,1,1,1,1,0,221,1,9,0
420774,0,1,1,0,1,0,221,1,9,0
420894,0,0,0,0,1,0,221,1,9,0
420967,0,1,0,1,0,0,221,1,9,0
420984,0,1,0,1,0,0,221,1,9,0
421038,1,1,1,1,1,0,221,1,9,0
421059,0,1,1,0,1,0,221,1,9,0
421061,1,0,0,1,1,0,221,1,9,0
421158,0,0,1,1,0,0,221,1,9,0
421221,1,0,0,1,1,0,221,1,9,0
421256,0,0,1,1,0,0,221,1,9,0
421262,0,1,0,1,0,0,221,1,9,0
421452,1,1,0,0,0,0,221,1,9,0
421481,0,1,1,0,1,0,221,1,9,0
421487,0,1,0,1,0,0,221,1,9,0
421631,1,0,1,0,0,0,221,1,9,0
421668,1,0,0,1,1,0,221,1,9,0
421734,1,0,0,1,1,0,221,1,9,0
421859,1,1,1,1,1,0,221,1,9,0
421888,1,0,0,1,1,0,221,1,9,0
421942,1,0,1,0,0,0,221,1,9,0
421956,0,0,0,0,1,0,221,1,9,0
422027,1,0,1,0,0,0,221,1,9,0
422174,1,1,1,1,1,0,221,1,9,0
422218,1,1,0,0,0,0,221,1,9,0
422273,1,0,0,1,1,0,221,1,9,0
422304,0,0,1,1,0,0,221,1,9,0
422605,1,1,1,1,1,0,221,1,9,0
422721,0,0,1,1,0,0,221,1,9,0
422801,1,1,0,0,0,0,221,1,9,0
422959,0,0,1,1,0,0,221,1,9,0
422976,1,1,1,1,1,0,221,1,9,0
423071,0,1,0,1,0,0,221,1,9,0
423085,1,0,1,0,0,0,221,1,9,0
423132,0,0,0,0,1,0,221,1,9,0
423369,0,1,0,1,0,0,221,1,9,0
423505,0,0,0,0,1,0,221,1,9,0
423521,1,0,1,0,0,0,221,1,9,0
423546,1,1,1,1,1,0,221,1,9,0
423556,0,0,0,0,1,0,221,1,9,0
423752,1,0,0,1,1,0,221,1,9,0
423817,0,1,0,1,0,0,221,1,9,0
423884,0,1,1,0,1,0,221,1,9,0
423893,1,0,1,0,0,0,221,1,9,0
424097,1,1,0,0,0,0,221,1,9,0
424196,0,1,1,0,1,0,221,1,9,0
424209,0,0,0,0,1,0,221,1,9,0
424225,0,0,0,0,1,0,221,1,9,0
424260,1,1,0,0,0,0,221,1,9,0
424351,0,0,1,1,0,0,221,1,9,0
424455,0,1,1,0,1,0,221,1,9,0
424475,0,1,0,1,0,0,221,1,9,0
424489,0,0,0,0,1,0,221,1,9,0
424569,1,1,0,0,0,0,221,1,9,0
424607,0,1,1,0,1,0,221,1,9,0
424620,0,1,0,1,0,0,221,1,9,0
424676,1,1,1,1,1,0,221,1,9,0
424687,1,1,1,1,1,0,221,1,9,0
424752,1,0,1,0,0,0,221,1,9,0
424805,1,1,0,0,0,0,221,1,9,0
424831,1,1,0,0,0,0,221,1,9,0
424876,0,1,1,0,1,0,221,1,9,0
424902,1,0,1,0,0,0,221,1,9,0
424986,1,1,0,0,0,0,221,1,9,0
425202,0,0,1,1,0,0,221,1,9,0
425231,0,1,1,0,1,0,221,1,9,0
425396,1,0,0,1,1,0,221,1,9,0
425398,0,0,1,1,0,0,221,1,9,0
425502,0,1,0,1,0,0,221,1,9,0
425518,1,1,0,0,0,0,221,1,9,0
425592,0,1,1,0,1,0,221,1,9,0
425642,1,0,0,1,1,0,221,1,9,0
425734,1,0,0,1,1,0,221,1,9,0
425826,1,0,1,0,0,0,221,1,9,0
425843,0,0,1,1,0,0,221,1,9,0
425910,0,0,1,1,0,0,221,1,9,0
425914,1,1,0,0,0,0,221,1,9,0
425927,1,0,1,0,0,0,221,1,9,0
425971,1,1,0,0,0,0,221,1,9,0
425972,0,0,1,1,0,0,221,1,9,0
425986,0,0,1,1,0,0,221,1,9,0
426002,0,0,0,0,1,0,221,1,9,0
426156,1,1,0,0,0,0,221,1,9,0
426185,1,1,0,0,0,0,221,1,9,0
426211,1,0,1,0,0,0,221,1,9,0
426294,1,0,0,1,1,0,221,1,9,0
426295,1,1,1,1,1,0,221,1,9,0
426312,1,1,1,1,1,0,221,1,9,0
426319,1,1,0,0,0,0,221,1,9,0
426386,1,0,1,0,0,0,221,1,9,0
426395,0,0,1,1,0,0,221,1,9,0
426414,1,1,0,0,0,0,221,1,9,0
426431,0,1,0,1,0,0,221,1,9,0
426571,0,1,0,1,0,0,221,1,9,0
426606,0,0,1,1,0,0,221,1,9,0
426608,0,1,1,0,1,0,221,1,9,0
426684,1,0,1,0,0,0,221,1,9,0
426744,0,0,0,0,1,0,221,1,9,0
426747,1,0,0,1,1,0,221,1,9,0
426807,1,1,1,1,1,0,221,1,9,0
426878,0,1,1,0,1,0,221,1,9,0
427103,0,0,1,1,0,0,221,1,9,0
427170,0,0,0,0,1,0,221,1,9,0
427321,0,1,0,1,0,0,221,1,9,0
427332,1,0,1,0,0,0,221,1,9,0
427403,1,0,1,0,0,0,221,1,9,0
427450,1,0,0,1,1,0,221,1,9,0
427527,1,0,1,0,0,0,221,1,9,0
427592,1,0,0,1,1,0,221,1,9,0
427643,1,0,1,0,0,0,221,1,9,0
427743,0,1,0,1,0,0,221,1,9,0
427770,1,0,0,1,1,0,221,1,9,0
427837,0,0,0,0,1,0,221,1,9,0
427900,0,0,0,0,1,0,221,1,9,0
427993,0,1,0,1,0,0,221,1,9,0
428031,0,1,1,0,1,0,221,1,9,0
428042,0,1,0,1,0,0,221,1,9,0
428125,1,0,1,0,0,0,221,1,9,0
428146,0,1,1,0,1,0,221,1,9,0
428252,0,1,1,0,1,0,221,1,9,0
428297,1,1,0,0,0,0,221,1,9,0
428306,1,1,1,1,1,0,221,1,9,0
428310,1,1,0,0,0,0,221,1,9,0
428325,0,1,0,1,0,0,221,1,9,0
428329,0,1,1,0,1,0,221,1,9,0
428332,0,1,0,1,0,0,221,1,9,0
428376,1,1,1,1,1,0,221,1,9,0
428395,1,0,0,1,1,0,221,1,9,0
428409,0,1,1,0,1,0,221,1,9,0
428487,1,1,1,1,1,0,221,1,9,0
428566,0,0,1,1,0,0,221,1,9,0
428612,0,1,1,0,1,0,221,1,9,0
428785,0,0,0,0,1,0,221,1,9,0
428891,1,1,1,1,1,0,221,1,9,0
428911,1,0,0,1,1,0,221,1,9,0
428990,1,1,0,0,0,0,221,1,9,0
429110,0,0,1,1,0,0,221,1,9,0
429137,0,1,0,1,0,0,221,1,9,0
429142,0,1,1,0,1,0,221,1,9,0
429273,1,1,0,0,0,0,221,1,9,0
429306,1,0,1,0,0,0,221,1,9,0
429393,0,0,1,1,0,0,221,1,9,0
429394,1,1,0,0,0,0,221,1,9,0
429413,0,0,1,1,0,0,221,1,9,0
429449,0,0,1,1,0,0,221,1,9,0
429557,0,0,1,1,0,0,221,1,9,0
429636,1,1,0,0,0,0,221,1,9,0
429653,1,1,0,1,0,0,221,1,9,0
429682,0,0,0,0,1,0,221,1,9,0
429736,1,0,0,1,1,0,221,1,9,0
429753,0,1,0,1,0,0,221,1,9,0
429815,1,0,1,1,0,0,221,1,9,0
429841,0,0,1,1,0,0,221,1,9,0
429921,1,1,1,1,1,0,221,1,9,0
429962,1,0,0,1,1,0,221,1,9,0
430013,0,1,1,0,1,0,221,1,9,0
430150,0,1,0,1,0,0,221,1,9,0
430198,1,0,1,0,0,0,221,1,9,0
430230,0,0,0,0,1,0,221,1,9,0
430232,0,1,0,1,0,0,221,1,9,0
430240,1,0,0,1,1,0,221,1,9,0
430241,0,0,1,1,0,0,221,1,9,0
430290,1,0,0,1,1,0,221,1,9,0
430508,0,1,1,0,1,0,221,1,9,0
430519,1,0,1,0,0,0,221,1,9,0
430527,0,0,0,0,1,0,221,1,9,0
430579,0,0,1,1,0,0,221,1,9,0
430877,0,0,1,1,0,0,221,1,9,0
430953,1,0,1,0,0,0,221,1,9,0
430991,0,1,1,0,1,0,221,1,9,0
430999,1,1,0,0,0,0,221,1,9,0
431036,1,0,1,0,0,0,221,1,9,0
431037,0,0,0,0,1,0,221,1,9,0
431260,0,0,1,0,0,0,221,1,9,0
431277,0,1,1,0,1,0,221,1,9,0
431302,0,1,1,0,1,0,221,1,9,0
431328,1,1,1,1,1,0,221,1,9,0
431372,0,0,1,1,0,0,221,1,9,0
431409,0,1,1,0,1,0,221,1,9,0
431416,1,0,0,1,1,0,221,1,9,0
431446,0,1,1,0,1,0,221,1,9,0
431457,1,0,1,0,0,0,221,1,9,0
431544,1,1,0,0,0,0,221,1,9,0
431568,0,0,0,0,1,0,221,1,9,0
431633,1,1,1,1,1,0,221,1,9,0
431693,0,0,1,1,0,0,221,1,9,0
431709,1,1,0,0,0,0,221,1,9,0
431731,0,1,0,1,0,0,221,1,9,0
431832,1,1,0,0,0,0,221,1,9,0
431904,1,1,0,0,0,0,221,1,9,0
431981,0,1,0,1,0,0,221,1,9,0
432045,1,1,1,1,1,0,221,1,9,0
432049,1,0,0,1,1,0,221,1,9,0
432087,0,0,1,1,0,0,221,1,9,0
432111,0,0,1,1,0,0,221,1,9,0
432137,0,0,0,0,1,0,221,1,9,0
432182,1,0,1,0,0,0,221,1,9,0
432189,0,1,1,1,1,1,221,1,9,0
432236,0,0,1,1,0,0,221,1,9,0
432450,1,1,1,1,1,0,221,1,9,0
432480,0,0,1,1,0,0,221,1,9,0
432601,0,1,1,0,1,0,221,1,9,0
432605,0,0,0,0,1,0,221,1,9,0
432679,0,1,1,0,1,0,221,1,9,0
432707,1,1,1,1,1,0,221,1,9,0
432735,0,0,1,1,0,0,221,1,9,0
432880,0,0,1,1,0,0,221,1,9,0
432924,0,1,0,1,0,0,221,1,9,0
432982,1,1,1,1,1,0,221,1,9,0
433014,0,0,0,0,1,0,221,1,9,0
433132,0,0,0,0,1,0,221,1,9,0
433204,1,1,1,1,1,0,221,1,9,0
433410,0,0,0,0,1,0,221,1,9,0
433461,0,0,0,0,1,0,221,1,9,0
433490,1,1,0,0,0,0,221,1,9,0
433507,1,1,0,0,0,0,221,1,9,0
433520,1,1,0,0,0,0,221,1,9,0
433570,0,0,0,0,1,0,221,1,9,0
433653,1,0,0,1,1,0,221,1,9,0
433690,1,1,0,0,0,0,221,1,9,0
433749,0,0,1,1,0,0,221,1,9,0
433798,1,0,0,1,1,0,221,1,9,0
433872,1,0,1,0,0,0,221,1,9,0
433873,1,0,1,0,0,0,221,1,9,0
433927,1,1,0,0,0,0,221,1,9,0
434007,1,1,1,1,1,0,221,1,9,0
434012,0,0,0,0,1,0,221,1,9,0
434062,0,0,1,1,0,0,221,1,9,0
434067,0,1,1,0,1,0,221,1,9,0
434073,1,0,0,1,1,0,221,1,9,0
434171,1,1,0,0,0,0,221,1,9,0
434193,0,1,1,0,1,0,221,1,9,0
434239,0,0,1,1,0,0,221,1,9,0
434249,1,0,0,1,1,0,221,1,9,0
434265,0,1,1,0,1,0,221,1,9,0
434314,1,1,0,0,0,0,221,1,9,0
434322,1,0,0,1,1,0,221,1,9,0
434338,1,1,0,0,0,0,221,1,9,0
434346,0,1,0,1,0,0,221,1,9,0
434362,1,1,0,0,0,0,221,1,9,0
434378,1,0,1,0,0,0,221,1,9,0
434391,0,0,0,0,1,0,221,1,9,0
434639,0,0,0,0,1,0,221,1,9,0
434757,1,0,0,1,1,0,221,1,9,0
434867,1,0,1,1,0,0,221,1,9,0
434971,1,1,0,0,0,0,221,1,9,0
434975,1,1,1,1,1,0,221,1,9,0
434993,0,1,1,0,1,0,221,1,9,0
435006,0,0,0,0,1,0,221,1,9,0
435022,0,1,1,0,1,0,221,1,9,0
435070,0,1,1,0,1,0,221,1,9,0
435218,0,1,0,1,0,0,221,1,9,0
435270,0,0,1,1,0,0,221,1,9,0
435345,0,1,0,1,0,0,221,1,9,0
435348,1,1,0,0,0,0,221,1,9,0
435445,0,0,0,0,1,0,221,1,9,0
435455,1,1,1,1,1,0,221,1,9,0
435492,0,0,1,1,0,0,221,1,9,0
435526,1,0,1,0,0,0,221,1,9,0
435585,0,1,0,1,0,0,221,1,9,0
435653,1,1,0,0,0,0,221,1,9,0
435670,1,1,0,0,0,0,221,1,9,0
435787,0,0,1,1,0,0,221,1,9,0
435811,0,0,0,0,1,0,221,1,9,0
435819,0,0,0,0,1,0,221,1,9,0
435887,1,0,1,1,0,0,221,1,9,0
435915,1,0,1,0,0,0,221,1,9,0
435978,0,0,1,1,0,0,221,1,9,0
436010,0,1,0,1,0,0,221,1,9,0
436045,0,1,1,0,1,0,221,1,9,0
436060,0,0,0,1,1,1,221,1,9,0
436128,1,0,1,0,0,0,221,1,9,0
436133,0,0,1,1,0,0,221,1,9,0
436203,1,0,1,0,0,0,221,1,9,0
436360,1,1,1,1,1,0,221,1,9,0
436374,1,0,0,1,1,0,221,1,9,0
436474,1,0,0,1,1,0,221,1,9,0
436617,0,1,0,1,0,0,221,1,9,0
436735,1,0,1,0,0,0,221,1,9,0
436737,1,0,0,1,1,0,221,1,9,0
436874,1,0,0,1,1,0,221,1,9,0
436939,1,1,0,0,0,0,221,1,9,0
436961,1,0,1,0,0,0,221,1,9,0
437107,1,0,0,1,1,0,221,1,9,0
437242,1,1,0,0,0,0,221,1,9,0
437275,1,1,1,1,1,0,221,1,9,0
437310,1,0,0,1,1,0,221,1,9,0
437451,0,1,1,0,1,0,221,1,9,0
437491,1,0,1,0,0,0,221,1,9,0
437549,1,1,0,0,0,0,221,1,9,0
437611,1,0,1,0,0,0,221,1,9,0
437621,1,0,0,1,1,0,221,1,9,0
437648,0,0,0,0,1,0,221,1,9,0
437649,0,0,1,1,0,0,221,1,9,0
437704,1,1,1,1,1,0,221,1,9,0
437869,1,1,1,1,1,0,221,1,9,0
437905,1,1,1,1,1,0,221,1,9,0
437908,1,1,1,1,1,0,221,1,9,0
437931,1,0,0,1,1,0,221,1,9,0
438029,1,1,0,0,0,0,221,1,9,0
438056,1,0,0,1,1,0,221,1,9,0
438126,1,0,0,1,1,0,221,1,9,0
438143,1,0,1,0,0,0,221,1,9,0
438309,0,1,1,0,1,0,221,1,9,0
438382,0,1,1,0,1,0,221,1,9,0
438512,1,0,1,0,0,0,221,1,9,0
438581,1,1,0,0,0,0,221,1,9,0
438610,1,1,1,1,1,0,221,1,9,0
438621,0,0,0,0,1,0,221,1,9,0
438646,0,1,0,1,0,0,221,1,9,0
438658,1,0,1,0,0,0,221,1,9,0
438683,1,0,0,1,1,0,221,1,9,0
438721,0,0,0,0,1,0,221,1,9,0
438736,0,0,1,1,0,0,221,1,9,0
438838,1,0,1,0,0,0,221,1,9,0
438917,1,0,1,0,0,0,221,1,9,0
439001,0,1,1,0,1,0,221,1,9,0
439016,0,0,1,1,0,0,221,1,9,0
439039,0,1,0,1,0,0,221,1,9,0
439063,1,0,0,1,1,0,221,1,9,0
439122,0,1,1,0,1,0,221,1,9,0
439196,1,1,1,1,1,0,221,1,9,0
439221,1,1,1,0,1,1,221,1,9,0
439248,0,0,1,1,0,0,221,1,9,0
439586,0,1,0,1,0,0,221,1,9,0
439599,1,1,0,0,0,0,221,1,9,0
439633,0,0,0,0,1,0,221,1,9,0
439714,1,1,0,0,0,0,221,1,9,0
439783,0,0,0,0,1,0,221,1,9,0
439786,1,1,1,1,1,0,221,1,9,0
439800,0,0,1,1,0,0,221,1,9,0
439903,1,0,1,0,0,0,221,1,9,0
440183,0,1,1,0,1,0,221,1,9,0
440210,1,0,1,0,0,0,221,1,9,0
440220,1,1,0,0,0,0,221,1,9,0
440225,1,1,1,1,1,0,221,1,9,0
440471,1,0,1,0,0,0,221,1,9,0
440489,1,1,1,1,1,0,221,1,9,0
440643,1,0,0,1,1,0,221,1,9,0
440737,1,0,0,0,1,1,221,1,9,0
440789,1,1,0,0,0,0,221,1,9,0
440839,0,1,1,0,1,0,221,1,9,0
440858,0,1,0,1,0,0,221,1,9,0
440934,0,1,1,0,1,0,221,1,9,0
440943,0,1,0,1,0,0,221,1,9,0
440963,1,1,1,1,1,0,221,1,9,0
441151,0,0,0,0,1,0,221,1,9,0
441173,0,0,1,1,0,0,221,1,9,0
441188,1,1,1,1,1,0,221,1,9,0
441281,0,1,0,1,0,0,221,1,9,0
441355,0,1,0,1,0,0,221,1,9,0
441360,1,0,1,0,0,0,221,1,9,0
441438,1,1,0,0,0,0,221,1,9,0
441463,1,0,0,1,1,0,221,1,9,0
441467,0,1,0,1,0,0,221,1,9,0
441529,1,1,0,0,0,0,221,1,9,0
441632,0,0,0,0,1,0,221,1,9,0
441687,0,1,0,1,0,0,221,1,9,0
441734,1,0,0,1,1,0,221,1,9,0
441807,0,0,1,1,0,0,221,1,9,0
441830,0,0,1,1,0,0,221,1,9,0
441890,0,1,0,1,0,0,221,1,9,0
441907,0,0,0,0,1,0,221,1,9,0
442247,1,1,1,1,1,0,221,1,9,0
442320,1,1,1,1,1,0,221,1,9,0
442349,0,0,0,0,1,0,221,1,9,0
442353,1,0,1,0,0,0,221,1,9,0
442382,1,1,1,1,1,0,221,1,9,0
442434,1,1,0,0,0,0,221,1,9,0
442566,1,1,0,0,0,0,221,1,9,0
442580,1,1,1,1,1,0,221,1,9,0
442825,0,0,0,0,1,0,221,1,9,0
442829,1,1,1,1,1,0,221,1,9,0
442925,0,0,1,1,0,0,221,1,9,0
442985,1,1,0,0,0,0,221,1,9,0
442987,1,0,1,0,0,0,221,1,9,0
443032,0,0,0,0,1,0,221,1,9,0
443119,1,0,1,0,0,0,221,1,9,0
443123,1,0,0,1,1,0,221,1,9,0
443146,0,0,0,0,1,0,221,1,9,0
443159,0,1,1,0,1,0,221,1,9,0
443231,0,1,1,0,1,0,221,1,9,0
443233,0,1,0,1,0,0,221,1,9,0
443269,1,1,0,0,0,0,221,1,9,0
443353,1,0,1,0,0,0,221,1,9,0
443410,1,0,1,0,0,0,221,1,9,0
443481,0,1,0,1,0,0,221,1,9,0
443616,0,1,1,0,1,0,221,1,9,0
443655,1,1,1,1,1,0,221,1,9,0
443768,1,1,0,0,0,0,221,1,9,0
444063,1,0,0,1,1,0,221,1,9,0
444072,0,1,1,0,1,0,221,1,9,0
444089,0,0,1,1,0,0,221,1,9,0
444127,1,1,0,0,0,0,221,1,9,0
444168,1,1,1,1,1,0,221,1,9,0
444235,0,0,1,1,0,0,221,1,9,0
444319,1,1,1,1,1,0,221,1,9,0
444385,0,1,1,0,1,0,221,1,9,0
444397,1,0,1,0,0,0,221,1,9,0
444537,0,1,1,0,1,0,221,1,9,0
444541,0,1,1,1,1,1,221,1,9,0
444543,0,0,1,1,0,0,221,1,9,0
444591,0,1,1,0,1,0,221,1,9,0
444654,0,0,1,1,0,0,221,1,9,0
444656,0,0,1,1,0,0,221,1,9,0
444766,0,0,1,1,0,0,221,1,9,0
444866,1,1,0,0,0,0,221,1,9,0
444897,0,0,1,1,0,0,221,1,9,0
444932,1,0,1,0,0,0,221,1,9,0
444989,0,1,1,0,1,0,221,1,9,0
445026,1,1,1,1,1,0,221,1,9,0
445064,0,1,0,1,0,0,221,1,9,0
445096,0,1,0,1,0,0,221,1,9,0
445125,1,1,0,0,0,0,221,1,9,0
445289,0,1,0,1,0,0,221,1,9,0
445348,0,0,0,1,1,1,221,1,9,0
445425,1,1,0,0,0,0,221,1,9,0
445462,1,0,1,0,0,0,221,1,9,0
445496,0,1,0,1,0,0,221,1,9,0
445510,0,0,1,1,0,0,221,1,9,0
445557,0,1,0,0,0,0,221,1,9,0
445608,0,1,0,1,0,0,221,1,9,0
445611,0,1,0,1,0,0,221,1,9,0
445692,1,0,0,1,1,0,221,1,9,0
445807,0,1,1,0,1,0,221,1,9,0
445855,1,1,0,0,0,0,221,1,9,0
445968,0,0,1,1,0,0,221,1,9,0
445971,1,1,1,1,1,0,221,1,9,0
446049,0,0,1,1,0,0,221,1,9,0
446233,1,1,0,0,0,0,221,1,9,0
446266,1,1,1,1,1,0,221,1,9,0
446339,0,1,1,0,1,0,221,1,9,0
446345,1,0,1,0,0,0,221,1,9,0
446366,1,0,0,1,1,0,221,1,9,0
446615,1,0,1,0,0,0,221,1,9,0
446664,0,0,0,0,1,0,221,1,9,0
446674,1,1,1,1,1,0,221,1,9,0
446682,0,1,1,0,1,0,221,1,9,0
446698,0,1,0,1,0,0,221,1,9,0
446813,0,0,1,1,0,0,221,1,9,0
446836,1,1,0,0,0,0,221,1,9,0
446852,0,0,0,0,1,0,221,1,9,0
446893,0,1,1,0,1,0,221,1,9,0
446931,1,1,1,1,1,0,221,1,9,0
446990,1,0,1,0,0,0,221,1,9,0
447008,0,1,1,0,1,0,221,1,9,0
447270,1,1,0,0,0,0,221,1,9,0
447318,1,0,1,0,0,0,221,1,9,0
447330,0,0,0,0,1,0,221,1,9,0
447407,1,1,1,1,1,0,221,1,9,0
447566,1,1,1,1,1,0,221,1,9,0
447578,0,0,1,1,0,0,221,1,9,0
447592,0,1,0,1,0,0,221,1,9,0
447606,0,1,1,0,1,0,221,1,9,0
447624,0,0,1,1,0,0,221,1,9,0
447636,0,0,1,1,0,0,221,1,9,0
447670,1,1,0,0,0,0,221,1,9,0
447691,0,1,1,0,1,0,221,1,9,0
447705,0,0,1,1,0,0,221,1,9,0
447787,1,1,1,1,1,0,221,1,9,0
447789,0,0,0,0,1,0,221,1,9,0
448130,0,0,0,0,1,0,221,1,9,0
448137,0,0,1,1,0,0,221,1,9,0
448191,0,1,0,1,0,0,221,1,9,0
448206,1,0,1,0,0,0,221,1,9,0
448324,0,0,1,1,0,0,221,1,9,0
448425,1,1,0,0,0,0,221,1,9,0
448467,1,0,0,1,1,0,221,1,9,0
448509,1,0,1,0,0,0,221,1,9,0
448519,1,1,0,0,0,0,221,1,9,0
448573,1,0,1,0,0,0,221,1,9,0
448677,1,0,0,1,1,0,221,1,9,0
448679,1,1,1,1,1,0,221,1,9,0
448741,1,1,0,0,0,0,221,1,9,0
448782,0,0,1,1,0,0,221,1,9,0
448874,0,1,1,0,1,0,221,1,9,0
448941,1,0,1,0,0,0,221,1,9,0
449014,1,1,0,0,0,0,221,1,9,0
449079,1,0,1,1,0,0,221,1,9,0
449143,0,1,0,1,0,0,221,1,9,0
449309,1,1,1,1,1,0,221,1,9,0
449626,0,0,0,0,1,0,221,1,9,0
449632,1,1,0,1,0,0,221,1,9,0
449647,0,1,1,0,1,0,221,1,9,0
449748,1,1,0,0,0,0,221,1,9,0
449767,1,0,1,1,0,0,221,1,9,0
449799,1,0,0,1,1,0,221,1,9,0
449811,0,0,1,1,0,0,221,1,9,0
449821,0,1,0,1,0,0,221,1,9,0
449844,0,0,1,1,0,0,221,1,9,0
449939,1,1,1,1,1,0,221,1,9,0
449971,1,0,0,1,1,0,221,1,9,0
450008,1,1,1,1,1,0,221,1,9,0
450130,1,1,0,0,0,0,221,1,9,0
450208,0,1,0,1,0,0,221,1,9,0
450231,0,0,0,0,1,0,221,1,9,0
450237,0,1,0,1,0,0,221,1,9,0
450258,1,1,1,1,1,0,221,1,9,0
450281,1,1,0,0,0,0,221,1,9,0
450577,0,0,1,1,0,0,221,1,9,0
450777,1,1,1,1,1,0,221,1,9,0
450808,1,0,1,0,0,0,221,1,9,0
450826,0,1,1,0,1,0,221,1,9,0
450912,1,0,0,1,1,0,221,1,9,0
450980,0,0,0,0,1,0,221,1,9,0
451012,1,1,0,0,0,0,221,1,9,0
451043,1,1,0,0,0,0,221,1,9,0
451133,1,0,1,0,0,0,221,1,9,0
451137,0,0,0,0,1,0,221,1,9,0
451167,0,0,1,1,0,0,221,1,9,0
451179,1,1,1,1,1,0,221,1,9,0
451237,0,0,1,1,0,0,221,1,9,0
451281,0,1,1,0,1,0,221,1,9,0
451356,1,0,0,1,1,0,221,1,9,0
451366,1,0,1,0,0,0,221,1,9,0
451373,0,1,0,1,0,0,221,1,9,0
451407,1,1,0,0,0,0,221,1,9,0
451471,0,0,0,0,1,0,221,1,9,0
451582,1,1,1,1,1,0,221,1,9,0
451717,0,0,0,0,1,0,221,1,9,0
451749,1,1,1,1,1,0,221,1,9,0
451756,0,0,0,0,1,0,221,1,9,0
451845,1,0,0,1,1,0,221,1,9,0
451864,1,1,0,0,0,0,221,1,9,0
451884,1,0,0,1,1,0,221,1,9,0
451907,0,1,0,1,0,0,221,1,9,0
451931,0,1,0,1,0,0,221,1,9,0
451976,0,1,0,1,0,0,221,1,9,0
452083,0,0,0,0,1,0,221,1,9,0
452090,1,0,0,0,1,1,221,1,9,0
452107,0,1,0,1,0,0,221,1,9,0
452206,0,1,1,0,1,0,221,1,9,0
452223,1,0,0,1,1,0,221,1,9,0
452293,0,0,1,1,0,0,221,1,9,0
452335,0,0,1,1,0,0,221,1,9,0
452409,0,1,1,0,1,0,221,1,9,0
452414,0,0,0,0,1,0,221,1,9,0
452421,1,1,0,0,0,0,221,1,9,0
452426,0,1,0,1,0,0,221,1,9,0
452443,0,0,1,1,0,0,221,1,9,0
452610,0,0,0,0,1,0,221,1,9,0
452701,1,0,1,0,0,0,221,1,9,0
452778,0,1,1,0,1,0,221,1,9,0
452886,0,0,0,0,1,0,221,1,9,0
452888,1,0,1,0,0,0,221,1,9,0
452950,0,1,0,1,0,0,221,1,9,0
453001,0,1,0,1,0,0,221,1,9,0
453003,1,1,0,0,0,0,221,1,9,0
453011,0,1,0,1,0,0,221,1,9,0
453066,0,1,1,0,1,0,221,1,9,0
453093,1,1,0,0,0,0,221,1,9,0
453171,1,0,0,1,1,0,221,1,9,0
453224,1,0,0,1,1,0,221,1,9,0
453259,1,1,0,0,0,0,221,1,9,0
453285,1,1,1,1,1,0,221,1,9,0
453331,0,0,0,0,1,0,221,1,9,0
453359,1,1,0,0,0,0,221,1,9,0
453410,1,1,0,0,0,0,221,1,9,0
453426,1,1,1,1,1,0,221,1,9,0
453486,1,1,1,1,1,0,221,1,9,0
453502,0,1,1,0,1,0,221,1,9,0
453521,1,1,0,0,0,0,221,1,9,0
453557,1,1,1,1,1,0,221,1,9,0
453617,0,1,1,0,1,0,221,1,9,0
453669,0,0,1,1,0,0,221,1,9,0
453701,0,1,1,0,1,0,221,1,9,0
453732,1,1,1,1,1,0,221,1,9,0
453759,1,0,0,1,1,0,221,1,9,0
453776,0,0,1,1,0,0,221,1,9,0
453809,0,1,1,0,1,0,221,1,9,0
454107,1,0,1,0,0,0,221,1,9,0
454193,0,1,0,1,0,0,221,1,9,0
454250,1,1,1,1,1,0,221,1,9,0
454409,0,1,0,1,0,0,221,1,9,0
454531,0,0,0,0,1,0,221,1,9,0
454540,1,0,1,0,0,0,221,1,9,0
454566,1,0,1,0,0,0,221,1,9,0
454646,0,1,0,0,0,0,221,1,9,0
454661,0,1,1,0,1,0,221,1,9,0
454733,0,0,0,0,1,0,221,1,9,0
454758,0,1,1,0,1,0,221,1,9,0
454786,1,0,0,1,1,0,221,1,9,0
454789,1,0,1,0,0,0,221,1,9,0
454871,0,1,0,1,0,0,221,1,9,0
454879,1,1,0,0,0,0,221,1,9,0
454884,1,1,1,1,1,0,221,1,9,0
454900,1,0,0,1,1,0,221,1,9,0
454922,1,1,0,0,0,0,221,1,9,0
454955,0,1,1,0,1,0,221,1,9,0
454963,0,0,1,1,0,0,221,1,9,0
454970,1,1,0,0,0,0,221,1,9,0
454971,0,0,1,1,0,0,221,1,9,0
454987,0,0,1,1,0,0,221,1,9,0
455018,0,0,0,0,1,0,221,1,9,0
455148,1,1,0,0,0,0,221,1,9,0
455155,1,0,0,1,1,0,221,1,9,0
455182,0,1,1,0,1,0,221,1,9,0
455287,0,1,1,0,1,0,221,1,9,0
455289,1,0,0,1,1,0,221,1,9,0
455314,1,0,1,0,0,0,221,1,9,0
455330,1,1,1,1,1,0,221,1,9,0
455388,1,1,0,0,0,0,221,1,9,0
455448,0,0,1,1,0,0,221,1,9,0
455609,1,1,0,0,0,0,221,1,9,0
455693,1,0,1,0,0,0,221,1,9,0
455778,1,1,0,0,0,0,221,1,9,0
455920,0,1,1,0,1,0,221,1,9,0
455942,1,1,1,1,1,0,221,1,9,0
456096,0,0,1,1,0,0,221,1,9,0
456106,0,0,0,0,1,0,221,1,9,0
456130,1,1,0,0,0,0,221,1,9,0
456200,0,0,1,1,0,0,221,1,9,0
456240,1,1,1,1,1,0,221,1,9,0
456282,1,0,1,0,0,0,221,1,9,0
456309,0,0,1,1,0,0,221,1,9,0
456350,0,1,1,0,1,0,221,1,9,0
456423,0,1,0,1,0,0,221,1,9,0
456494,0,0,1,1,0,0,221,1,9,0
456518,1,0,1,0,0,0,221,1,9,0
456530,0,0,1,1,0,0,221,1,9,0
456602,1,0,0,1,1,0,221,1,9,0
456613,0,0,0,0,1,0,221,1,9,0
456742,1,0,0,1,1,0,221,1,9,0
456850,0,0,1,1,0,0,221,1,9,0
456879,1,1,0,0,0,0,221,1,9,0
456882,0,1,1,0,1,0,221,1,9,0
456998,0,1,1,0,1,0,221,1,9,0
457029,0,0,0,0,1,0,221,1,9,0
457031,1,1,1,1,1,0,221,1,9,0
457035,1,0,1,0,0,0,221,1,9,0
457049,0,1,1,0,1,0,221,1,9,0
457168,0,0,1,1,0,0,221,1,9,0
457202,0,0,0,0,1,0,221,1,9,0
457281,1,1,1,1,1,0,221,1,9,0
457336,0,1,1,0,1,0,221,1,9,0
457397,1,0,0,1,1,0,221,1,9,0
457410,0,0,0,0,1,0,221,1,9,0
457703,0,0,0,1,1,1,221,1,9,0
457718,1,1,0,0,0,0,221,1,9,0
457733,0,1,0,1,0,0,221,1,9,0
457779,0,1,1,0,1,0,221,1,9,0
457920,1,0,0,1,1,0,221,1,9,0
457975,1,1,0,0,0,0,221,1,9,0
458037,0,1,1,0,1,0,221,1,9,0
458109,0,1,0,1,0,0,221,1,9,0
458142,0,0,0,0,1,0,221,1,9,0
458288,1,0,1,0,0,0,221,1,9,0
458302,0,0,1,1,0,0,221,1,9,0
458325,0,0,0,0,1,0,221,1,9,0
458370,0,1,0,1,0,0,221,1,9,0
458397,1,1,1,1,1,0,221,1,9,0
458495,0,0,0,0,1,0,221,1,9,0
458544,0,0,0,0,1,0,221,1,9,0
458627,0,1,0,1,0,0,221,1,9,0
458735,1,1,1,1,1,0,221,1,9,0
458741,1,0,0,1,1,0,221,1,9,0
458749,0,1,0,1,0,0,221,1,9,0
458799,1,0,1,0,0,0,111,1,9,0
458868,0,1,0,1,0,0,111,1,9,0
458871,0,1,0,1,0,0,111,1,9,0
459309,1,1,0,0,0,0,111,1,9,0
459611,1,1,1,1,1,0,111,1,9,0
459691,0,1,1,0,1,0,111,1,9,0
459742,1,1,1,1,1,0,111,1,9,0
459871,0,1,0,1,0,0,111,1,9,0
459897,1,0,0,1,1,0,111,1,9,0
460296,1,1,0,0,0,0,111,1,9,0
460323,1,1,1,1,1,0,111,1,9,0
460577,1,0,0,1,1,0,111,1,9,0
460800,1,0,1,0,0,0,111,1,9,0
460992,1,1,1,1,1,0,111,1,9,0
461225,0,0,1,1,0,0,111,1,9,0
461272,0,0,1,1,0,0,111,1,9,0
461280,0,0,0,0,1,0,111,1,9,0
461403,1,0,0,1,1,0,111,1,9,0
461495,0,1,0,1,0,0,111,1,9,0
461571,1,0,0,1,1,0,111,1,9,0
461681,0,0,0,0,1,0,111,1,9,0
462183,1,0,1,0,0,0,111,1,9,0
462202,0,0,0,0,1,0,111,1,9,0
462302,1,1,1,1,1,0,111,1,9,0
462554,1,1,0,0,0,0,111,1,9,0
462640,1,1,1,1,1,0,111,1,9,0
462721,1,0,0,1,1,0,111,1,9,0
462730,1,1,0,0,0,0,111,1,9,0
463045,1,1,1,1,1,0,111,1,9,0
463080,1,0,0,1,1,0,111,1,9,0
463142,0,1,0,1,0,0,111,1,9,0
463201,1,1,1,1,1,0,111,1,9,0
463206,0,0,0,0,1,0,111,1,9,0
463278,0,0,1,1,0,0,111,1,9,0
463459,0,1,1,0,1,0,111,1,9,0
463487,0,1,1,0,1,0,111,1,9,0
463688,1,1,0,0,0,0,111,1,9,0
463763,0,1,0,1,0,0,111,1,9,0
463914,0,1,0,1,0,0,111,1,9,0
464078,1,0,0,1,1,0,111,1,9,0
464099,1,1,0,0,0,0,111,1,9,0
464155,0,0,0,0,1,0,111,1,9,0
464156,1,0,1,0,0,0,111,1,9,0
464158,1,1,0,0,0,0,111,1,9,0
464188,0,1,0,1,0,0,111,1,9,0
464396,0,1,1,0,1,0,111,1,9,0
464702,0,0,0,0,1,0,111,1,9,0
464723,0,1,0,0,0,0,111,1,9,0
465096,1,0,0,1,1,0,111,1,9,0
465122,0,1,0,1,0,0,111,1,9,0
465123,0,0,1,1,0,0,111,1,9,0
465404,0,0,0,0,1,0,111,1,9,0
465639,1,0,1,0,0,0,111,1,9,0
465648,1,1,0,0,0,0,111,1,9,0
465717,0,0,0,0,1,0,111,1,9,0
465827,0,1,0,1,0,0,111,1,9,0
466086,1,0,1,0,0,0,111,1,9,0
466247,0,0,1,1,0,0,111,1,9,0
466326,1,0,0,1,1,0,111,1,9,0
466410,0,1,0,1,0,0,111,1,9,0
466522,0,0,0,0,1,0,111,1,9,0
466771,1,0,1,0,0,0,111,1,9,0
466847,1,1,0,0,0,0,111,1,9,0
467005,0,0,0,0,1,0,111,1,9,0
467031,1,0,1,0,0,0,111,1,9,0
467054,0,0,0,0,1,0,111,1,9,0
467085,0,1,1,0,1,0,111,1,9,0
467153,0,1,0,1,0,0,111,1,9,0
467162,0,1,1,0,1,0,111,1,9,0
467233,1,0,1,0,0,0,111,1,9,0
467365,0,1,1,0,1,0,111,1,9,0
467386,0,1,0,1,0,0,111,1,9,0
467650,1,1,1,1,1,0,111,1,9,0
467803,0,1,0,1,0,0,111,1,9,0
467838,0,1,0,1,0,0,111,1,9,0
468057,0,0,1,1,0,0,111,1,9,0
468224,1,0,0,1,1,0,111,1,9,0
468243,0,0,0,0,1,0,111,1,9,0
468381,1,1,1,1,1,0,111,1,9,0
468407,1,1,1,1,1,0,111,1,9,0
468509,1,1,1,1,1,0,111,1,9,0
468557,1,1,0,0,0,0,111,1,9,0
468562,1,0,1,0,0,0,111,1,9,0
469123,1,1,1,1,1,0,111,1,9,0
469130,0,0,1,1,0,0,111,1,9,0
469196,1,0,0,1,1,0,111,1,9,0
469515,0,1,1,0,1,0,111,1,9,0
469627,1,0,0,1,1,0,111,1,9,0
469660,0,1,0,1,0,0,111,1,9,0
469667,1,0,1,0,0,0,111,1,9,0
469682,0,0,0,0,1,0,111,1,9,0
470011,0,0,1,1,0,0,111,1,9,0
470135,0,0,1,1,0,0,111,1,9,0
470423,1,0,1,0,0,0,111,1,9,0
470621,0,0,0,0,1,0,111,1,9,0
470885,1,1,0,0,0,0,111,1,9,0
471001,0,1,0,1,0,0,111,1,9,0
471116,1,0,0,1,1,0,111,1,9,0
471440,0,1,1,1,1,1,111,1,9,0
471589,1,1,0,0,0,0,111,1,9,0
471624,1,0,1,0,0,0,111,1,9,0
471674,0,1,1,0,1,0,111,1,9,0
471681,0,0,0,0,1,0,111,1,9,0
471978,1,1,1,1,1,0,111,1,9,0
472047,1,1,0,0,0,0,111,1,9,0
472066,0,0,1,1,0,0,111,1,9,0
472105,0,0,1,1,0,0,111,1,9,0
472684,0,1,1,0,1,0,111,1,9,0
472776,0,0,1,0,0,0,111,1,9,0
472828,1,0,1,0,0,0,111,1,9,0
472953,1,0,1,0,0,0,111,1,9,0
473078,0,1,1,0,1,0,111,1,9,0
473081,1,0,1,0,0,0,111,1,9,0
473089,1,1,1,1,1,0,111,1,9,0
473198,0,0,1,1,0,0,111,1,9,0
473264,0,0,1,1,0,0,111,1,9,0
473477,0,1,0,1,0,0,111,1,9,0
473587,1,0,1,0,0,0,111,1,9,0
473595,1,0,0,1,1,0,111,1,9,0
473600,0,0,1,1,0,0,111,1,9,0
473668,0,1,0,1,0,0,111,1,9,0
473707,0,1,1,0,1,0,111,1,9,0
474203,0,1,1,0,1,0,111,1,9,0
474233,0,0,1,1,0,0,111,1,9,0
474278,1,0,1,0,0,0,111,1,9,0
474382,1,1,0,0,0,0,111,1,9,0
474422,1,1,1,1,1,0,111,1,9,0
474518,0,1,0,1,0,0,111,1,9,0
474571,1,0,0,1,1,0,111,1,9,0
474803,0,0,1,1,0,0,111,1,9,0
474844,0,1,1,0,1,0,111,1,9,0
474882,1,0,1,0,0,0,111,1,9,0
475269,1,1,0,0,0,0,111,1,9,0
475331,0,1,1,0,1,0,111,1,9,0
475498,0,1,1,0,1,0,111,1,9,0
475569,0,1,0,1,0,0,111,1,9,0
475733,1,0,0,1,1,0,111,1,9,0
475788,0,0,1,1,0,0,111,1,9,0
475837,0,1,0,0,0,0,111,1,9,0
475867,0,1,1,0,1,0,111,1,9,0
475935,1,1,0,0,0,0,111,1,9,0
476048,1,1,0,0,0,0,111,1,9,0
476089,0,0,1,1,0,0,111,1,9,0
476214,0,0,0,0,1,0,111,1,9,0
476325,0,0,1,1,0,0,111,1,9,0
476692,0,1,0,1,0,0,111,1,9,0
476776,0,0,0,0,1,0,111,1,9,0
476857,0,0,0,0,1,0,111,1,9,0
476901,1,0,0,1,1,0,111,1,9,0
476984,0,0,1,1,0,0,111,1,9,0
477262,0,0,1,1,0,0,111,1,9,0
477357,0,0,1,1,0,0,111,1,9,0
477400,1,0,0,1,1,0,111,1,9,0
477453,0,0,1,1,0,0,111,1,9,0
477460,0,1,1,0,1,0,111,1,9,0
477560,0,1,0,1,0,0,111,1,9,0
477635,0,1,0,1,0,0,111,1,9,0
477636,1,0,1,0,0,0,111,1,9,0
477739,1,0,1,0,0,0,111,1,9,0
477740,0,0,0,0,1,0,111,1,9,0
477791,1,1,1,1,1,0,111,1,9,0
477795,0,1,1,0,1,0,111,1,9,0
477895,0,0,0,0,1,0,111,1,9,0
477976,0,1,0,1,0,0,111,1,9,0
478044,0,1,0,1,0,0,111,1,9,0
478083,0,1,1,0,1,0,111,1,9,0
478134,0,1,1,0,1,0,111,1,9,0
478290,0,0,0,0,1,0,111,1,9,0
478291,1,1,1,1,1,0,111,1,9,0
478812,0,0,0,0,1,0,111,1,9,0
478864,0,0,1,1,0,0,111,1,9,0
478865,1,0,1,0,0,0,111,1,9,0
478927,1,0,1,0,0,0,111,1,9,0
478988,1,0,1,0,0,0,111,1,9,0
479106,0,1,1,0,1,0,111,1,9,0
479225,0,1,1,0,1,0,111,1,9,0
479238,1,0,0,1,1,0,111,1,9,0
479305,1,0,1,0,0,0,111,1,9,0
479435,0,1,0,1,0,0,111,1,9,0
479604,1,1,1,1,1,0,111,1,9,0
479639,0,1,0,1,0,0,111,1,9,0
479802,1,0,1,0,0,0,111,1,9,0
479938,0,1,0,1,0,0,111,1,9,0
479999,1,0,0,1,1,0,111,1,9,0
480380,0,1,1,1,1,1,111,1,9,0
480517,1,0,0,1,1,0,111,1,9,0
480968,0,0,1,1,0,0,111,1,9,0
481092,0,1,0,1,0,0,111,1,9,0
481112,0,1,0,1,0,0,111,1,9,0
481114,1,0,1,0,0,0,111,1,9,0
481285,0,0,0,0,1,0,111,1,9,0
481316,0,0,0,0,1,0,111,1,9,0
481397,0,1,1,0,1,0,111,1,9,0
481479,1,0,1,1,0,0,111,1,9,0
481492,1,0,0,1,1,0,111,1,9,0
481622,1,0,0,1,1,0,111,1,9,0
481760,1,0,1,0,0,0,111,1,9,0
481862,1,0,0,1,1,0,111,1,9,0
482006,1,0,1,0,0,0,111,1,9,0
482082,0,0,0,0,1,0,111,1,9,0
482162,1,1,1,1,1,0,111,1,9,0
482304,1,0,0,1,1,0,111,1,9,0
482339,0,0,0,0,1,0,111,1,9,0
482459,0,1,1,0,1,0,111,1,9,0
482493,0,1,1,0,1,0,111,1,9,0
482762,1,0,0,1,1,0,111,1,9,0
482776,0,1,0,1,0,0,111,1,9,0
482800,0,0,1,1,0,0,111,1,9,0
482813,0,0,1,1,0,0,111,1,9,0
482967,1,0,1,0,0,0,111,1,9,0
483003,1,1,0,0,0,0,111,1,9,0
483093,0,0,0,0,1,0,111,1,9,0
483231,0,0,0,0,1,0,111,1,9,0
483268,0,1,1,0,1,0,111,1,9,0
483322,1,1,0,0,0,0,111,1,9,0
483456,1,1,1,1,1,0,111,1,9,0
483495,1,1,1,1,1,0,111,1,9,0
483844,1,1,0,0,0,0,111,1,9,0
484633,1,0,0,1,1,0,111,1,9,0
484715,1,0,1,0,0,0,111,1,9,0
484770,1,1,1,1,1,0,111,1,9,0
485030,0,0,0,0,1,0,111,1,9,0
485331,1,0,1,1,0,0,111,1,9,0
485353,1,0,1,0,0,0,111,1,9,0
485604,0,0,1,1,0,0,111,1,9,0
485643,0,0,0,0,1,0,111,1,9,0
485901,0,0,0,0,1,0,111,1,9,0
485967,0,1,1,0,1,0,111,1,9,0
485973,0,0,0,0,1,0,111,1,9,0
486158,0,1,1,0,1,0,111,1,9,0
486362,0,0,0,0,1,0,111,1,9,0
486382,1,0,1,0,0,0,111,1,9,0
486466,1,0,1,0,0,0,111,1,9,0
486468,0,1,1,0,1,0,111,1,9,0
486509,0,0,0,0,1,0,111,1,9,0
486597,0,1,0,1,0,0,111,1,9,0
486614,0,1,0,1,0,0,111,1,9,0
486640,0,0,1,1,0,0,111,1,9,0
486660,0,0,1,1,0,0,111,1,9,0
486665,1,0,1,0,0,0,111,1,9,0
486703,1,0,0,1,1,0,111,1,9,0
486827,1,1,1,1,1,0,111,1,9,0
486874,1,0,1,0,0,0,111,1,9,0
486977,1,0,0,1,1,0,111,1,9,0
487034,0,0,1,1,0,0,111,1,9,0
487300,0,1,0,1,0,0,111,1,9,0
487480,0,0,0,0,1,0,111,1,9,0
487576,1,0,0,1,1,0,111,1,9,0
487913,1,0,0,1,1,0,111,1,9,0
488067,0,1,0,1,0,0,111,1,9,0
488153,0,1,1,0,1,0,111,1,9,0
488180,0,1,0,1,0,0,111,1,9,0
488264,1,1,1,1,1,0,111,1,9,0
488401,0,0,0,0,1,0,111,1,9,0
488425,0,0,1,1,0,0,111,1,9,0
488467,1,1,0,0,0,0,111,1,9,0
488490,0,1,1,0,1,0,111,1,9,0
488495,0,0,1,1,0,0,111,1,9,0
488502,1,0,1,0,0,0,111,1,9,0
488669,0,1,0,1,0,0,111,1,9,0
488757,1,0,0,1,1,0,111,1,9,0
488818,1,1,1,1,1,0,111,1,9,0
488840,0,1,1,0,1,0,111,1,9,0
488977,0,0,0,0,1,0,111,1,9,0
489000,0,0,0,0,1,0,111,1,9,0
489072,0,0,1,1,0,0,111,1,9,0
489342,1,1,1,1,1,0,111,1,9,0
489343,1,1,1,1,1,0,111,1,9,0
489411,0,1,0,1,0,0,111,1,9,0
489516,1,0,1,0,0,0,111,1,9,0
489591,1,1,0,0,0,0,111,1,9,0
490120,1,0,0,1,1,0,111,1,9,0
490438,1,0,1,0,0,0,111,1,9,0
490578,0,0,0,0,1,0,111,1,9,0
490855,0,0,0,0,1,0,111,1,9,0
491032,1,1,0,0,0,0,111,1,9,0
491062,0,0,0,0,1,0,111,1,9,0
491314,0,1,0,1,0,0,111,1,9,0
491380,1,1,1,1,1,0,111,1,9,0
491416,0,1,0,1,0,0,111,1,9,0
491606,1,0,0,1,1,0,111,1,9,0
491616,1,1,0,0,0,0,111,1,9,0
491703,0,0,0,0,1,0,111,1,9,0
491798,1,0,0,1,1,0,111,1,9,0
492043,1,1,1,1,1,0,111,1,9,0
492091,0,0,1,1,0,0,111,1,9,0
492475,0,1,1,0,1,0,111,1,9,0
492543,0,0,0,0,1,0,111,1,9,0
492643,0,1,1,0,1,0,111,1,9,0
492751,0,0,0,0,1,0,111,1,9,0
492876,0,0,1,1,0,0,111,1,9,0
493055,1,1,0,0,0,0,111,1,9,0
493120,1,1,0,0,0,0,111,1,9,0
493290,1,0,1,1,0,0,111,1,9,0
493721,1,0,1,0,0,0,111,1,9,0
493819,0,0,0,0,1,0,111,1,9,0
493827,0,1,1,0,1,0,111,1,9,0
493943,0,0,1,1,0,0,111,1,9,0
494126,0,1,1,0,1,0,111,1,9,0
494531,1,1,1,1,1,0,111,1,9,0
494569,1,1,1,1,1,0,111,1,9,0
494608,1,0,0,1,1,0,111,1,9,0
494665,0,1,1,0,1,0,111,1,9,0
494801,1,1,1,1,1,0,111,1,9,0
494804,1,0,0,1,1,0,111,1,9,0
494823,1,1,0,0,0,0,111,1,9,0
495024,0,1,0,1,0,0,111,1,9,0
495092,0,0,0,0,1,0,111,1,9,0
495093,0,1,1,0,1,0,111,1,9,0
495202,1,1,1,1,1,0,111,1,9,0
495251,1,1,1,1,1,0,111,1,9,0
495466,0,1,1,0,1,0,111,1,9,0
495658,0,1,1,0,1,0,111,1,9,0
495811,0,1,0,1,0,0,111,1,9,0
495832,1,1,1,1,1,0,111,1,9,0
495885,0,1,1,0,1,0,111,1,9,0
495993,1,0,0,1,1,0,111,1,9,0
496218,1,0,1,0,0,0,111,1,9,0
496312,1,0,0,1,1,0,111,1,9,0
496397,0,0,1,1,0,0,111,1,9,0
496402,0,0,0,0,1,0,111,1,9,0
496456,1,1,1,1,1,0,111,1,9,0
496594,0,0,1,1,0,0,111,1,9,0
496664,0,1,0,1,0,0,111,1,9,0
496709,0,0,0,0,1,0,111,1,9,0
497096,0,1,0,1,0,0,111,1,9,0
497121,1,0,1,0,0,0,111,1,9,0
497124,1,1,0,0,0,0,111,1,9,0
497213,0,1,1,0,1,0,111,1,9,0
497266,0,1,0,1,0,0,111,1,9,0
497279,0,1,1,0,1,0,111,1,9,0
497446,0,0,0,0,1,0,111,1,9,0
497758,1,0,1,0,0,0,111,1,9,0
497863,0,0,1,1,0,0,111,1,9,0
497899,1,1,1,1,1,0,111,1,9,0
497928,0,0,0,0,1,0,111,1,9,0
497989,0,0,1,1,0,0,111,1,9,0
498009,1,1,1,1,1,0,111,1,9,0
498069,1,1,1,1,1,0,111,1,9,0
498105,0,0,1,1,0,0,111,1,9,0
498258,1,1,1,1,1,0,111,1,9,0
498397,1,0,0,0,1,1,111,1,9,0
498483,0,0,1,1,0,0,111,1,9,0
498518,0,1,0,1,0,0,111,1,9,0
498584,1,0,0,1,1,0,111,1,9,0
498730,0,0,0,0,1,0,111,1,9,0
498865,1,0,1,0,0,0,111,1,9,0
498964,0,0,1,1,0,0,111,1,9,0
499155,0,0,0,0,1,0,111,1,9,0
499187,0,1,1,0,1,0,111,1,9,0
499459,0,0,1,1,0,0,111,1,9,0
499540,1,0,0,1,1,0,111,1,9,0
499565,0,0,0,0,1,0,111,1,9,0
499762,1,0,1,0,0,0,111,1,9,0
499859,0,1,1,0,1,0,111,1,9,0
500001,0,0,0,0,1,0,111,1,9,0
500092,1,1,0,0,0,0,111,1,9,0
500097,1,1,1,1,1,0,111,1,9,0
500208,0,0,1,1,0,0,111,1,9,0
500262,1,1,0,0,0,0,111,1,9,0
500297,0,1,1,0,1,0,111,1,9,0
500390,1,1,1,1,1,0,111,1,9,0
500452,0,1,1,0,1,0,111,1,9,0
500474,1,1,1,1,1,0,111,1,9,0
500749,1,1,1,1,1,0,111,1,9,0
500775,0,1,1,0,1,0,111,1,9,0
501166,0,0,0,0,1,0,111,1,9,0
501245,1,0,0,1,1,0,111,1,9,0
501272,0,0,1,1,0,0,111,1,9,0
501348,0,0,0,1,1,1,111,1,9,0
501373,0,1,1,0,1,0,111,1,9,0
501381,0,0,1,1,0,0,111,1,9,0
501451,0,0,0,0,1,0,111,1,9,0
501477,0,0,1,1,0,0,111,1,9,0
501532,1,0,0,1,1,0,111,1,9,0
501585,1,1,1,1,1,0,111,1,9,0
501787,0,0,1,0,0,0,111,1,9,0
501830,0,1,0,1,0,0,111,1,9,0
501862,1,0,0,1,1,0,111,1,9,0
501878,0,1,0,1,0,0,111,1,9,0
501889,0,1,0,1,0,0,111,1,9,0
502166,0,0,0,1,1,1,111,1,9,0
502205,1,0,0,1,1,0,111,1,9,0
502240,1,0,1,0,0,0,111,1,9,0
502646,0,1,0,1,0,0,111,1,9,0
502773,0,0,0,0,1,0,111,1,9,0
502867,1,1,1,1,1,0,111,1,9,0
502979,0,0,0,0,1,0,111,1,9,0
503124,0,1,1,0,1,0,111,1,9,0
503378,1,1,1,1,1,0,111,1,9,0
503392,0,1,0,1,0,0,111,1,9,0
503517,1,1,1,1,1,0,111,1,9,0
503521,0,1,0,1,0,0,111,1,9,0
503700,1,0,1,0,0,0,111,1,9,0
503791,0,1,1,0,1,0,111,1,9,0
504000,0,0,1,1,0,0,111,1,9,0
504085,1,1,1,1,1,0,111,1,9,0
504415,0,0,1,1,0,0,111,1,9,0
504485,1,0,0,1,1,0,111,1,9,0
504540,1,0,0,1,1,0,111,1,9,0
504620,0,1,0,1,0,0,111,1,9,0
504774,1,1,1,1,1,0,111,1,9,0
504906,0,1,1,0,1,0,111,1,9,0
505190,0,1,1,0,1,0,111,1,9,0
505198,0,1,1,0,1,0,111,1,9,0
505202,0,0,1,1,0,0,111,1,9,0
505269,1,0,0,1,1,0,111,1,9,0
505283,0,0,0,0,1,0,111,1,9,0
505503,0,0,0,0,1,0,111,1,9,0
505608,0,0,1,1,0,0,111,1,9,0
505622,1,1,1,1,1,0,111,1,9,0
505674,0,0,1,1,0,0,111,1,9,0
505684,1,1,1,1,1,0,111,1,9,0
506040,1,1,0,0,0,0,111,1,9,0
506086,1,1,0,0,0,0,111,1,9,0
506215,0,1,1,0,1,0,111,1,9,0
506272,0,0,1,1,0,0,111,1,9,0
506314,1,1,1,1,1,0,111,1,9,0
506711,0,1,1,0,1,0,111,1,9,0
506790,0,1,0,1,0,0,111,1,9,0
506817,0,0,1,1,0,0,111,1,9,0
507115,1,1,0,0,0,0,111,1,9,0
507147,0,0,1,1,0,0,111,1,9,0
507212,1,1,1,1,1,0,111,1,9,0
507500,0,0,0,0,1,0,111,1,9,0
507586,0,1,1,0,1,0,111,1,9,0
507641,1,1,1,1,1,0,111,1,9,0
507716,1,1,1,1,1,0,111,1,9,0
508103,0,1,1,0,1,0,111,1,9,0
508200,1,0,0,1,1,0,111,1,9,0
508424,1,1,1,1,1,0,111,1,9,0
508432,1,1,1,1,1,0,111,1,9,0
508436,1,1,0,0,0,0,111,1,9,0
508502,1,0,0,1,1,0,111,1,9,0
508609,0,0,0,0,1,0,111,1,9,0
508646,1,1,1,1,1,0,111,1,9,0
508662,0,0,0,0,1,0,111,1,9,0
508683,0,0,0,0,1,0,111,1,9,0
508684,1,0,0,1,1,0,111,1,9,0
508914,0,1,0,0,0,0,111,1,9,0
509117,0,1,0,1,0,0,111,1,9,0
509557,1,0,0,1,1,0,111,1,9,0
509770,0,1,1,0,1,0,111,1,9,0
509927,1,0,1,0,0,0,111,1,9,0
509961,0,1,1,0,1,0,111,1,9,0
510000,1,0,0,1,1,0,111,1,9,0
510208,0,0,1,1,0,0,111,1,9,0
510532,0,0,1,1,0,0,111,1,9,0
510591,0,0,0,0,1,0,111,1,9,0
510720,0,1,0,1,0,0,111,1,9,0
510736,0,1,1,0,1,0,111,1,9,0
510791,0,0,0,0,1,0,111,1,9,0
510797,0,1,0,1,0,0,111,1,9,0
510846,1,1,0,0,0,0,111,1,9,0
511023,0,0,1,1,0,0,111,1,9,0
511172,1,1,1,1,1,0,111,1,9,0
511222,0,1,0,1,0,0,111,1,9,0
511235,0,0,1,1,0,0,111,1,9,0
511367,0,0,1,1,0,0,111,1,9,0
511439,1,0,0,1,1,0,111,1,9,0
511638,0,0,0,0,1,0,111,1,9,0
511681,0,1,0,1,0,0,111,1,9,0
511773,1,1,0,0,0,0,111,1,9,0
511778,1,1,1,1,1,0,111,1,9,0
511823,1,1,1,1,1,0,111,1,9,0
512128,1,0,0,1,1,0,111,1,9,0
512347,0,1,1,0,1,0,111,1,9,0
512393,1,1,1,1,1,0,111,1,9,0
512438,0,0,1,1,0,0,111,1,9,0
512459,0,1,0,1,0,0,111,1,9,0
512668,1,1,1,1,1,0,111,1,9,0
512910,1,0,1,0,0,0,111,1,9,0
512944,0,0,1,1,0,0,111,1,9,0
512993,0,0,1,1,0,0,111,1,9,0
513010,0,0,1,1,0,0,111,1,9,0
513107,0,0,1,1,0,0,111,1,9,0
513145,1,0,0,1,1,0,111,1,9,0
513173,1,1,0,0,0,0,111,1,9,0
513232,1,1,1,0,1,1,111,1,9,0
513240,1,1,1,1,1,0,111,1,9,0
513278,0,1,1,0,1,0,111,1,9,0
513316,1,1,0,1,0,0,111,1,9,0
513383,0,0,0,0,1,0,111,1,9,0
513520,1,1,1,1,1,0,111,1,9,0
513707,1,1,0,0,0,0,111,1,9,0
513747,0,1,0,1,0,0,111,1,9,0
513762,1,0,1,1,0,0,111,1,9,0
513784,1,1,1,1,1,0,111,1,9,0
514083,1,1,0,0,0,0,111,1,9,0
514279,1,0,1,0,0,0,111,1,9,0
514544,1,1,0,0,0,0,111,1,9,0
514546,0,1,0,1,0,0,111,1,9,0
514661,1,1,0,0,0,0,111,1,9,0
514753,1,1,0,0,0,0,111,1,9,0
514771,0,0,1,1,0,0,111,1,9,0
514776,1,0,1,0,0,0,111,1,9,0
514789,0,0,1,1,0,0,111,1,9,0
514823,1,0,0,1,1,0,111,1,9,0
514949,1,0,0,1,1,0,111,1,9,0
514982,1,0,0,0,1,1,111,1,9,0
515416,1,1,0,0,0,0,111,1,9,0
515573,0,0,0,0,1,0,111,1,9,0
515577,0,1,0,1,0,0,111,1,9,0
515820,0,1,0,1,0,0,111,1,9,0
515900,0,1,1,0,1,0,111,1,9,0
516168,0,1,1,0,1,0,111,1,9,0
516662,0,1,1,0,1,0,111,1,9,0
516732,0,0,1,1,0,0,111,1,9,0
516755,0,0,1,1,0,0,111,1,9,0
516794,0,1,0,1,0,0,111,1,9,0
516948,1,1,0,0,0,0,111,1,9,0
517296,1,0,0,1,1,0,111,1,9,0
517429,0,1,0,1,0,0,111,1,9,0
517623,0,0,1,1,0,0,111,1,9,0
517638,0,1,0,1,0,0,111,1,9,0
517656,1,0,0,1,1,0,111,1,9,0
517894,1,0,0,1,1,0,111,1,9,0
518067,1,1,0,0,0,0,111,1,9,0
518098,1,1,0,0,0,0,111,1,9,0
518272,0,1,1,0,1,0,111,1,9,0
518316,1,1,1,1,1,0,111,1,9,0
518318,0,1,1,0,1,0,111,1,9,0
518339,0,0,0,0,1,0,111,1,9,0
518377,0,0,1,1,0,0,111,1,9,0
518492,0,1,0,1,0,0,111,1,9,0
518910,0,0,0,0,1,0,111,1,9,0
519031,0,0,0,0,1,0,111,1,9,0
519093,1,1,1,1,1,0,111,1,9,0
519358,1,1,0,0,0,0,111,1,9,0
519593,1,0,1,0,0,0,111,1,9,0
519669,1,1,1,1,1,0,111,1,9,0
519902,0,1,1,0,1,0,111,1,9,0
519911,1,0,0,1,1,0,111,1,9,0
520788,0,0,1,1,0,0,111,1,9,0
520939,1,1,0,0,0,0,111,1,9,0
520971,1,1,0,0,0,0,111,1,9,0
520972,0,1,1,0,1,0,111,1,9,0
520984,1,0,1,0,0,0,111,1,9,0
521035,0,1,1,0,1,0,111,1,9,0
521105,1,0,0,0,1,1,111,1,9,0
521160,0,0,1,1,0,0,111,1,9,0
521224,1,0,1,0,0,0,111,1,9,0
521295,0,0,0,0,1,0,111,1,9,0
521361,1,0,1,1,0,0,111,1,9,0
521487,0,1,1,0,1,0,111,1,9,0
521514,0,1,1,0,1,0,111,1,9,0
521658,1,1,0,0,0,0,111,1,9,0
521805,1,0,1,0,0,0,111,1,9,0
521821,1,1,1,1,1,0,111,1,9,0
522223,1,0,0,1,1,0,111,1,9,0
522305,1,1,1,1,1,0,111,1,9,0
522331,1,1,1,1,1,0,111,1,9,0
522392,1,1,1,1,1,0,111,1,9,0
522489,0,1,0,1,0,0,111,1,9,0
522500,0,1,0,1,0,0,111,1,9,0
522651,1,1,0,0,0,0,111,1,9,0
522659,0,1,0,1,0,0,111,1,9,0
522740,1,1,0,0,0,0,111,1,9,0
522775,1,0,0,1,1,0,111,1,9,0
522806,0,0,0,0,1,0,111,1,9,0
522919,0,0,0,0,1,0,111,1,9,0
523063,1,0,1,0,0,0,111,1,9,0
523072,1,0,1,0,0,0,111,1,9,0
523546,1,0,1,0,0,0,111,1,9,0
523576,0,1,1,0,1,0,111,1,9,0
523720,0,1,0,1,0,0,111,1,9,0
523984,0,0,1,1,0,0,111,1,9,0
524170,1,0,0,1,1,0,111,1,9,0
524260,0,1,0,1,0,0,111,1,9,0
524321,1,1,1,1,1,0,117,1,9,1
524474,0,1,1,0,1,0,117,1,9,1
524492,0,1,1,0,1,0,117,1,9,1
524521,0,0,0,0,1,0,117,1,9,1
524694,1,1,1,1,1,0,117,1,9,1
524975,1,0,0,1,1,0,117,1,9,1
525068,0,0,0,0,1,0,117,1,9,1
525100,0,1,1,0,1,0,117,1,9,1
525153,0,0,0,0,1,0,117,1,9,1
525161,0,1,1,0,1,0,117,1,9,1
525344,0,0,0,0,1,0,117,1,9,1
525401,1,0,0,1,1,0,117,1,9,1
525457,1,0,0,1,1,0,117,1,9,1
525526,0,1,1,0,1,0,117,1,9,1
525606,1,0,1,0,0,0,117,1,9,1
525714,1,1,0,0,0,0,117,1,9,1
525739,1,0,1,0,0,0,117,1,9,1
525946,0,0,1,1,0,0,117,1,9,1
525964,1,0,1,0,0,0,117,1,9,1
526145,1,1,1,1,1,0,117,1,9,1
526197,0,0,1,1,0,0,117,1,9,1
526305,0,0,1,1,0,0,117,1,9,1
526806,0,1,1,0,1,0,117,1,9,1
526951,1,1,1,1,1,0,117,1,9,1
527345,1,1,0,0,0,0,117,1,9,1
527450,1,1,1,1,1,0,117,1,9,1
527544,1,1,1,1,1,0,117,1,9,1
527551,1,0,0,1,1,0,117,1,9,1
527577,0,1,0,1,0,0,117,1,9,1
527650,1,0,0,1,1,0,117,1,9,1
527755,1,1,0,0,0,0,117,1,9,1
528285,1,0,1,0,0,0,117,1,9,1
528377,1,0,0,1,1,0,117,1,9,1
528639,1,0,0,1,1,0,117,1,9,1
528703,1,1,0,0,0,0,117,1,9,1
528822,0,0,1,1,0,0,117,1,9,1
528896,1,0,1,0,0,0,117,1,9,1
528965,1,0,1,0,0,0,117,1,9,1
529252,1,1,1,1,1,0,117,1,9,1
529281,1,1,0,0,0,0,117,1,9,1
529579,1,1,0,0,0,0,117,1,9,1
529695,0,1,1,0,1,0,117,1,9,1
529712,1,1,0,0,0,0,117,1,9,1
529758,0,0,0,0,1,0,117,1,9,1
529774,1,0,1,0,0,0,117,1,9,1
529854,0,1,1,0,1,0,117,1,9,1
530011,0,1,1,0,1,0,117,1,9,1
530121,0,0,1,1,0,0,117,1,9,1
530203,0,0,1,1,0,0,117,1,9,1
530437,0,1,1,0,1,0,117,1,9,1
530461,0,0,0,0,1,0,117,1,9,1
530523,1,1,0,0,0,0,117,1,9,1
530784,0,0,1,1,0,0,117,1,9,1
530920,0,0,0,0,1,0,117,1,9,1
530928,1,1,0,0,0,0,117,1,9,1
530989,1,1,1,1,1,0,117,1,9,1
531047,0,0,0,0,1,0,117,1,9,1
531049,1,0,0,1,1,0,117,1,9,1
531115,0,0,0,0,1,0,117,1,9,1
531350,0,0,1,1,0,0,117,1,9,1
531443,1,0,0,0,1,1,117,1,9,1
531510,0,1,0,0,0,0,117,1,9,1
531542,0,0,1,1,0,0,117,1,9,1
531644,0,1,1,0,1,0,117,1,9,1
531961,0,0,1,1,0,0,117,1,9,1
532032,1,0,1,0,0,0,117,1,9,1
532055,1,1,0,0,0,0,117,1,9,1
532204,0,0,0,0,1,0,117,1,9,1
532295,1,1,0,0,0,0,117,1,9,1
532425,1,1,1,1,1,0,117,1,9,1
532462,0,1,1,0,1,0,117,1,9,1
532623,1,1,1,1,1,0,117,1,9,1
532671,0,0,1,1,0,0,117,1,9,1
532824,1,1,0,0,0,0,117,1,9,1
532840,1,0,1,0,0,0,117,1,9,1
532895,1,0,1,0,0,0,117,1,9,1
532998,1,1,0,0,0,0,117,1,9,1
533011,0,0,0,0,1,0,117,1,9,1
533022,1,0,1,0,0,0,117,1,9,1
533155,0,1,0,1,0,0,117,1,9,1
533389,1,1,1,1,1,0,117,1,9,1
533396,1,1,1,1,1,0,117,1,9,1
533408,0,0,0,0,1,0,117,1,9,1
533546,1,1,0,0,0,0,117,1,9,1
533642,0,1,1,0,1,0,117,1,9,1
533648,0,0,1,1,0,0,117,1,9,1
533664,0,0,1,1,0,0,117,1,9,1
533703,1,0,0,1,1,0,117,1,9,1
533719,1,0,0,1,1,0,117,1,9,1
533823,0,1,0,1,0,0,117,1,9,1
533835,0,1,0,1,0,0,117,1,9,1
533886,1,0,1,0,0,0,117,1,9,1
533895,0,0,0,0,1,0,117,1,9,1
533991,0,0,1,1,0,0,117,1,9,1
534044,1,1,0,0,0,0,117,1,9,1
534060,0,1,0,1,0,0,117,1,9,1
534311,0,1,0,1,0,0,117,1,9,1
534313,0,1,1,0,1,0,117,1,9,1
534382,1,1,0,0,0,0,117,1,9,1
534411,0,0,0,0,1,0,117,1,9,1
534417,1,1,1,1,1,0,117,1,9,1
534607,1,0,0,1,1,0,117,1,9,1
534717,1,1,1,1,1,0,117,1,9,1
534935,0,0,1,1,0,0,117,1,9,1
535118,1,0,0,1,1,0,117,1,9,1
535140,0,0,0,0,1,0,117,1,9,1
535231,0,0,1,1,0,0,117,1,9,1
535357,0,1,1,0,1,0,117,1,9,1
535502,0,0,0,0,1,0,117,1,9,1
535542,0,0,0,0,1,0,117,1,9,1
535558,1,0,0,1,1,0,117,1,9,1
535603,0,1,0,1,0,0,117,1,9,1
535606,1,0,0,1,1,0,117,1,9,1
535645,0,1,0,1,0,0,117,1,9,1
535672,0,1,1,0,1,0,117,1,9,1
535694,1,0,1,0,0,0,117,1,9,1
535880,1,1,0,0,0,0,117,1,9,1
535905,1,0,0,1,1,0,117,1,9,1
535965,0,1,0,1,0,0,117,1,9,1
535991,1,1,0,0,0,0,117,1,9,1
536049,1,0,1,0,0,0,117,1,9,1
536090,0,0,0,0,1,0,117,1,9,1
536276,1,1,1,1,1,0,117,1,9,1
536399,1,1,0,0,0,0,117,1,9,1
536410,0,1,0,1,0,0,117,1,9,1
536420,0,1,0,1,0,0,117,1,9,1
536569,1,1,0,0,0,0,117,1,9,1
536624,0,0,0,0,1,0,117,1,9,1
536694,1,0,1,0,0,0,117,1,9,1
536730,1,0,0,1,1,0,117,1,9,1
536761,1,0,0,1,1,0,117,1,9,1
536882,0,1,0,1,0,0,117,1,9,1
537124,0,0,0,0,1,0,117,1,9,1
537324,0,0,0,0,1,0,117,1,9,1
537411,1,0,0,1,1,0,117,1,9,1
537500,1,1,0,0,0,0,117,1,9,1
537677,1,0,0,1,1,0,117,1,9,1
537754,1,0,1,0,0,0,117,1,9,1
538089,1,1,1,1,1,0,117,1,9,1
538120,0,1,0,1,0,0,117,1,9,1
538220,1,1,0,0,0,0,117,1,9,1
538229,1,0,1,0,0,0,117,1,9,1
538260,0,1,0,1,0,0,117,1,9,1
538299,1,0,0,1,1,0,117,1,9,1
538397,1,0,0,1,1,0,117,1,9,1
538427,0,1,0,1,0,0,117,1,9,1
538513,1,0,0,1,1,0,117,1,9,1
538518,0,0,1,1,0,0,117,1,9,1
538544,0,0,0,0,1,0,117,1,9,1
538712,0,1,1,0,1,0,117,1,9,1
538964,1,1,1,1,1,0,117,1,9,1
539057,0,0,1,1,0,0,117,1,9,1
539088,1,0,1,0,0,0,117,1,9,1
539238,1,1,1,1,1,0,117,1,9,1
539278,1,1,0,0,0,0,117,1,9,1
539380,0,0,1,1,0,0,117,1,9,1
539408,0,0,0,0,1,0,117,1,9,1
539417,1,1,0,0,0,0,117,1,9,1
539457,1,1,0,0,0,0,117,1,9,1
539587,1,0,0,1,1,0,117,1,9,1
539684,0,0,0,0,1,0,117,1,9,1
539940,1,0,1,0,0,0,117,1,9,1
540029,1,0,0,1,1,0,117,1,9,1
540161,0,1,0,1,0,0,117,1,9,1
540495,0,0,1,1,0,0,117,1,9,1
540742,0,0,1,1,0,0,117,1,9,1
540789,0,1,0,1,0,0,117,1,9,1
540865,1,1,1,1,1,0,117,1,9,1
541036,0,0,0,0,1,0,117,1,9,1
541058,1,0,1,0,0,0,117,1,9,1
541063,0,0,0,0,1,0,117,1,9,1
541258,0,1,1,0,1,0,117,1,9,1
541347,1,0,1,0,0,0,117,1,9,1
541358,1,1,1,1,1,0,117,1,9,1
541581,0,1,0,1,0,0,117,1,9,1
541629,0,0,1,1,0,0,117,1,9,1
541735,1,1,0,0,0,0,117,1,9,1
541829,0,0,0,0,1,0,117,1,9,1
542050,0,1,1,0,1,0,117,1,9,1
542136,0,0,1,1,0,0,117,1,9,1
542162,0,1,0,1,0,0,117,1,9,1
542268,1,0,1,0,0,0,117,1,9,1
542283,0,1,1,0,1,0,117,1,9,1
542347,1,0,1,0,0,0,117,1,9,1
542353,1,0,1,0,0,0,117,1,9,1
542593,0,1,0,1,0,0,117,1,9,1
542739,1,0,0,1,1,0,117,1,9,1
542967,0,0,1,1,0,0,117,1,9,1
542977,0,1,0,1,0,0,117,1,9,1
542991,1,1,0,0,0,0,117,1,9,1
543054,0,0,1,1,0,0,117,1,9,1
543074,0,0,1,1,0,0,117,1,9,1
543136,0,0,0,0,1,0,117,1,9,1
543259,0,1,1,0,1,0,117,1,9,1
543271,1,1,0,0,0,0,117,1,9,1
543400,0,0,1,1,0,0,117,1,9,1
543506,1,1,1,1,1,0,117,1,9,1
543607,0,1,1,1,1,1,117,1,9,1
543750,0,0,0,0,1,0,117,1,9,1
543778,0,0,0,0,1,0,117,1,9,1
544087,0,1,1,0,1,0,117,1,9,1
544137,1,0,1,0,0,0,117,1,9,1
544162,0,1,1,0,1,0,117,1,9,1
544177,1,1,1,1,1,0,117,1,9,1
545068,0,1,1,0,1,0,117,1,9,1
545126,1,0,1,0,0,0,117,1,9,1
545223,0,0,1,1,0,0,117,1,9,1
545391,1,1,1,1,1,0,117,1,9,1
545807,0,0,0,0,1,0,117,1,9,1
546167,0,1,0,1,0,0,117,1,9,1
546383,1,1,1,1,1,0,117,1,9,1
546389,0,1,1,0,1,0,117,1,9,1
546395,0,1,0,1,0,0,117,1,9,1
546549,1,1,1,1,1,0,117,1,9,1
547205,1,0,1,0,0,0,117,1,9,1
547539,0,1,1,0,1,0,117,1,9,1
547754,0,0,0,0,1,0,117,1,9,1
547763,1,0,1,0,0,0,117,1,9,1
547776,0,0,0,0,1,0,117,1,9,1
547922,0,0,0,0,1,0,117,1,9,1
547955,1,0,1,0,0,0,117,1,9,1
547977,1,1,1,1,1,0,117,1,9,1
547994,1,1,1,0,1,1,117,1,9,1
548242,0,0,0,0,1,0,117,1,9,1
548329,1,0,1,0,0,0,117,1,9,1
548359,1,0,1,0,0,0,117,1,9,1
548402,0,1,0,1,0,0,117,1,9,1
548673,1,1,1,1,1,0,117,1,9,1
548706,1,0,0,1,1,0,117,1,9,1
548726,1,1,0,0,0,0,117,1,9,1
548805,0,1,1,0,1,0,117,1,9,1
548899,1,1,0,0,0,0,117,1,9,1
549075,1,0,0,1,1,0,117,1,9,1
549156,0,1,1,0,1,0,117,1,9,1
549177,1,0,1,0,0,0,117,1,9,1
549180,0,1,0,1,0,0,117,1,9,1
549357,1,0,1,0,0,0,117,1,9,1
549363,0,1,0,1,0,0,117,1,9,1
549393,0,0,1,1,0,0,117,1,9,1
549404,0,1,1,0,1,0,117,1,9,1
549500,1,1,0,0,0,0,117,1,9,1
549964,1,0,1,0,0,0,117,1,9,1
549965,1,0,1,0,0,0,117,1,9,1
550173,1,0,0,1,1,0,117,1,9,1
550615,1,1,0,0,0,0,117,1,9,1
550679,0,0,1,1,0,0,117,1,9,1
550732,1,1,0,0,0,0,117,1,9,1
550813,1,0,0,1,1,0,117,1,9,1
550939,0,0,0,0,1,0,117,1,9,1
550950,1,0,0,1,1,0,117,1,9,1
551041,0,1,1,0,1,0,117,1,9,1
551315,0,1,1,0,1,0,117,1,9,1
551331,1,0,1,0,0,0,117,1,9,1
551348,0,0,0,0,1,0,117,1,9,1
551509,1,1,0,0,0,0,117,1,9,1
551518,0,1,1,0,1,0,117,1,9,1
551602,1,1,1,1,1,0,117,1,9,1
551691,1,1,1,1,1,0,117,1,9,1
551794,0,1,1,0,1,0,117,1,9,1
551849,1,1,0,0,0,0,117,1,9,1
551853,0,0,0,0,1,0,117,1,9,1
552132,1,0,1,0,0,0,117,1,9,1
552135,1,0,1,0,0,0,117,1,9,1
552136,0,0,0,0,1,0,117,1,9,1
552389,1,0,1,0,0,0,117,1,9,1
552482,0,0,1,1,0,0,117,1,9,1
552541,0,0,1,1,0,0,117,1,9,1
552664,0,0,1,1,0,0,117,1,9,1
552858,0,0,1,1,0,0,117,1,9,1
552909,1,0,1,0,0,0,117,1,9,1
552910,0,0,0,0,1,0,117,1,9,1
553031,0,0,1,1,0,0,117,1,9,1
553312,0,1,0,1,0,0,117,1,9,1
553523,0,1,1,0,1,0,117,1,9,1
553718,1,0,1,0,0,0,117,1,9,1
553826,0,0,1,1,0,0,117,1,9,1
553882,0,0,1,1,0,0,117,1,9,1
553922,1,0,0,1,1,0,117,1,9,1
554097,0,1,0,0,0,0,117,1,9,1
554107,0,0,1,1,0,0,117,1,9,1
554460,0,0,0,0,1,0,117,1,9,1
554698,0,0,0,0,1,0,117,1,9,1
554849,1,1,1,1,1,0,117,1,9,1
554879,1,0,1,0,0,0,117,1,9,1
554903,0,0,1,1,0,0,117,1,9,1
554919,1,1,0,0,0,0,117,1,9,1
554943,1,0,0,1,1,0,117,1,9,1
555163,0,1,0,1,0,0,117,1,9,1
555296,0,1,0,1,0,0,117,1,9,1
555463,0,1,1,0,1,0,117,1,9,1
555665,0,0,1,1,0,0,117,1,9,1
555757,1,1,1,1,1,0,117,1,9,1
555893,0,0,0,0,1,0,117,1,9,1
556041,1,1,1,0,1,1,117,1,9,1
556327,1,0,1,0,0,0,117,1,9,1
556555,1,1,0,0,0,0,117,1,9,1
556626,1,1,0,0,0,0,117,1,9,1
556921,0,1,0,1,0,0,117,1,9,1
556986,0,0,1,1,0,0,117,1,9,1
557087,1,0,1,0,0,0,117,1,9,1
557116,1,0,0,1,1,0,117,1,9,1
557231,1,0,1,0,0,0,117,1,9,1
557278,1,0,0,1,1,0,117,1,9,1
557323,1,1,0,0,0,0,117,1,9,1
557366,1,1,0,0,0,0,117,1,9,1
557376,1,0,1,0,0,0,117,1,9,1
557522,1,1,1,1,1,0,117,1,9,1
557565,0,1,0,1,0,0,117,1,9,1
557600,1,0,1,0,0,0,117,1,9,1
557637,0,1,1,0,1,0,117,1,9,1
557644,1,1,1,1,1,0,117,1,9,1
557658,0,1,0,1,0,0,117,1,9,1
557694,1,1,1,1,1,0,117,1,9,1
557741,1,0,0,1,1,0,117,1,9,1
557776,0,1,0,1,0,0,117,1,9,1
557824,0,0,0,0,1,0,117,1,9,1
558109,0,0,0,0,1,0,117,1,9,1
558280,0,0,0,0,1,0,117,1,9,1
558327,1,1,0,0,0,0,117,1,9,1
558398,0,0,1,1,0,0,117,1,9,1
558412,1,1,0,0,0,0,117,1,9,1
558799,1,0,0,1,1,0,117,1,9,1
558821,1,1,1,1,1,0,117,1,9,1
559032,1,0,1,0,0,0,117,1,9,1
559212,1,0,0,1,1,0,117,1,9,1
559407,0,0,1,1,0,0,117,1,9,1
559502,0,1,1,0,1,0,117,1,9,1
559581,0,1,1,0,1,0,117,1,9,1
559642,0,1,1,0,1,0,117,1,9,1
559715,1,0,0,1,1,0,117,1,9,1
559721,1,0,1,0,0,0,117,1,9,1
559884,1,0,1,0,0,0,117,1,9,1
559994,0,1,0,1,0,0,117,1,9,1
560004,0,0,0,1,1,1,117,1,9,1
560161,1,0,0,0,1,1,117,1,9,1
560203,1,1,1,1,1,0,117,1,9,1
560331,0,0,0,0,1,0,117,1,9,1
560333,1,0,0,1,1,0,117,1,9,1
560410,0,1,1,0,1,0,117,1,9,1
560471,1,1,1,1,1,0,117,1,9,1
560702,1,1,1,1,1,0,117,1,9,1
560824,1,0,0,1,1,0,117,1,9,1
560925,0,0,0,0,1,0,117,1,9,1
561197,0,0,0,0,1,0,117,1,9,1
561214,1,0,1,0,0,0,117,1,9,1
561299,1,0,0,1,1,0,117,1,9,1
561488,0,0,1,1,0,0,117,1,9,1
561931,1,0,0,1,1,0,117,1,9,1
562138,0,1,1,0,1,0,117,1,9,1
562159,1,0,1,0,0,0,117,1,9,1
562248,1,0,0,1,1,0,117,1,9,1
562320,0,0,1,1,0,0,117,1,9,1
562448,0,0,1,1,0,0,117,1,9,1
562498,1,1,1,1,1,0,117,1,9,1
562579,0,1,1,0,1,0,117,1,9,1
562589,1,1,0,0,0,0,117,1,9,1
562771,0,0,1,1,0,0,117,1,9,1
563022,1,1,0,0,0,0,117,1,9,1
563116,0,0,0,1,1,1,117,1,9,1
563394,0,0,0,0,1,0,117,1,9,1
563431,0,0,0,0,1,0,117,1,9,1
563661,0,0,0,0,1,0,117,1,9,1
563831,0,1,1,0,1,0,117,1,9,1
563880,0,1,0,1,0,0,117,1,9,1
563886,1,1,0,0,0,0,117,1,9,1
564022,1,1,1,1,1,0,117,1,9,1
564300,1,1,1,1,1,0,117,1,9,1
564445,1,0,1,0,0,0,117,1,9,1
564536,0,0,0,0,1,0,117,1,9,1
564653,0,0,1,1,0,0,117,1,9,1
564659,1,0,0,1,1,0,117,1,9,1
564695,0,0,1,1,0,0,117,1,9,1
564866,0,0,1,1,0,0,117,1,9,1
565154,0,1,1,0,1,0,117,1,9,1
565162,0,0,1,1,0,0,117,1,9,1
565197,0,1,0,1,0,0,117,1,9,1
565258,0,1,1,0,1,0,117,1,9,1
565283,1,0,0,1,1,0,117,1,9,1
565492,1,0,0,1,1,0,117,1,9,1
565632,1,1,0,0,0,0,117,1,9,1
565643,1,0,1,0,0,0,117,1,9,1
565701,1,0,1,0,0,0,117,1,9,1
565752,0,1,0,1,0,0,117,1,9,1
565759,0,0,1,1,0,0,117,1,9,1
565862,0,1,1,0,1,0,117,1,9,1
565891,0,0,1,1,0,0,117,1,9,1
565980,1,0,1,0,0,0,117,1,9,1
566013,0,1,0,1,0,0,117,1,9,1
566160,0,1,1,0,1,0,117,1,9,1
566181,1,1,1,1,1,0,117,1,9,1
566256,1,0,0,1,1,0,117,1,9,1
566262,0,1,0,1,0,0,117,1,9,1
566270,1,1,0,0,0,0,117,1,9,1
566296,0,0,1,1,0,0,117,1,9,1
566363,1,1,1,0,1,1,117,1,9,1
566630,0,1,0,1,0,0,117,1,9,1
566718,0,1,0,0,0,0,117,1,9,1
566726,1,0,0,1,1,0,117,1,9,1
566861,0,1,0,1,0,0,117,1,9,1
566862,1,1,0,0,0,0,117,1,9,1
566882,0,1,0,1,0,0,117,1,9,1
566951,0,1,1,0,1,0,117,1,9,1
567137,1,0,1,0,0,0,117,1,9,1
567139,1,0,0,1,1,0,117,1,9,1
567182,1,1,0,0,0,0,117,1,9,1
567227,0,1,0,1,0,0,117,1,9,1
567275,1,0,0,1,1,0,117,1,9,1
567737,1,1,0,0,0,0,117,1,9,1
567745,1,1,1,1,1,0,117,1,9,1
567873,0,1,1,0,1,0,117,1,9,1
567945,1,1,0,0,0,0,117,1,9,1
567953,0,1,1,0,1,0,117,1,9,1
568040,1,1,1,1,1,0,117,1,9,1
568267,1,0,1,0,0,0,117,1,9,1
568454,1,1,0,0,0,0,117,1,9,1
568545,1,1,1,1,1,0,117,1,9,1
568609,0,0,1,1,0,0,117,1,9,1
568651,1,0,0,1,1,0,117,1,9,1
568975,1,1,1,1,1,0,117,1,9,1
568989,0,1,0,1,0,0,117,1,9,1
569043,1,0,1,0,0,0,117,1,9,1
569316,0,0,1,1,0,0,117,1,9,1
569320,0,1,1,0,1,0,117,1,9,1
569386,1,0,1,0,0,0,117,1,9,1
569534,1,0,1,0,0,0,117,1,9,1
570005,1,1,1,1,1,0,117,1,9,1
570026,1,1,1,1,1,0,117,1,9,1
570027,1,1,1,0,1,1,117,1,9,1
570230,0,0,0,0,1,0,117,1,9,1
570267,1,1,1,1,1,0,117,1,9,1
570332,0,1,0,1,0,0,117,1,9,1
570691,1,1,0,0,0,0,117,1,9,1
570711,0,1,1,0,1,0,117,1,9,1
570923,1,1,1,1,1,0,117,1,9,1
571009,0,0,0,0,1,0,117,1,9,1
571050,0,0,0,0,1,0,117,1,9,1
571109,0,1,0,1,0,0,117,1,9,1
571117,0,0,0,0,1,0,117,1,9,1
571258,1,0,1,0,0,0,117,1,9,1
571270,0,1,0,1,0,0,117,1,9,1
571492,1,1,1,1,1,0,117,1,9,1
571503,1,0,1,0,0,0,117,1,9,1
572005,1,1,1,1,1,0,117,1,9,1
572029,1,1,1,1,1,0,117,1,9,1
572060,0,0,1,1,0,0,117,1,9,1
572152,0,1,0,1,0,0,117,1,9,1
572422,1,1,0,0,0,0,117,1,9,1
572604,0,0,1,1,0,0,117,1,9,1
572781,0,1,1,0,1,0,117,1,9,1
572812,1,0,1,0,0,0,117,1,9,1
572848,1,1,0,0,0,0,117,1,9,1
572849,0,1,0,1,0,0,117,1,9,1
572886,0,1,0,1,0,0,117,1,9,1
572932,1,0,1,0,0,0,117,1,9,1
573241,1,0,1,0,0,0,117,1,9,1
573471,0,1,0,1,0,0,117,1,9,1
573490,0,1,1,0,1,0,117,1,9,1
573568,1,0,0,1,1,0,117,1,9,1
573570,1,1,1,1,1,0,117,1,9,1
573765,1,1,0,0,0,0,117,1,9,1
573782,0,1,0,0,0,0,117,1,9,1
574024,0,1,0,1,0,0,117,1,9,1
574153,1,0,1,0,0,0,117,1,9,1
574164,1,1,1,1,1,0,117,1,9,1
574370,1,1,0,0,0,0,117,1,9,1
574458,1,0,0,1,1,0,117,1,9,1
574514,0,0,1,1,0,0,117,1,9,1
574582,0,1,0,1,0,0,117,1,9,1
574601,0,1,0,0,0,0,117,1,9,1
574651,1,1,0,0,0,0,117,1,9,1
574837,0,0,0,0,1,0,117,1,9,1
574883,0,0,0,0,1,0,117,1,9,1
574932,0,1,1,0,1,0,117,1,9,1
575024,0,0,0,0,1,0,117,1,9,1
575282,0,0,1,1,0,0,117,1,9,1
575340,0,0,1,1,0,0,117,1,9,1
575386,1,0,0,1,1,0,117,1,9,1
575594,0,0,0,0,1,0,117,1,9,1
575657,0,0,1,1,0,0,117,1,9,1
575778,0,0,1,1,0,0,117,1,9,1
575807,0,1,0,1,0,0,117,1,9,1
575963,0,0,0,0,1,0,117,1,9,1
576179,0,0,0,0,1,0,117,1,9,1
576231,0,1,0,1,0,0,117,1,9,1
576326,1,0,1,0,0,0,117,1,9,1
576434,1,1,0,1,0,0,117,1,9,1
576489,1,1,0,0,0,0,117,1,9,1
576701,1,1,1,1,1,0,117,1,9,1
576770,1,0,0,1,1,0,117,1,9,1
576809,1,1,1,1,1,0,117,1,9,1
576842,1,0,1,0,0,0,117,1,9,1
576880,0,1,1,0,1,0,117,1,9,1
576986,1,0,1,0,0,0,117,1,9,1
577027,1,0,1,0,0,0,117,1,9,1
577135,0,0,0,0,1,0,117,1,9,1
577318,0,0,1,1,0,0,117,1,9,1
577362,1,0,0,1,1,0,117,1,9,1
577398,1,0,0,1,1,0,117,1,9,1
577425,1,0,0,1,1,0,117,1,9,1
577432,1,0,1,0,0,0,117,1,9,1
577458,0,1,1,0,1,0,117,1,9,1
577570,0,1,0,1,0,0,117,1,9,1
577639,0,1,1,0,1,0,117,1,9,1
577677,1,0,0,1,1,0,117,1,9,1
577705,0,1,1,0,1,0,117,1,9,1
577730,0,1,0,1,0,0,117,1,9,1
578031,1,1,1,1,1,0,117,1,9,1
578166,1,1,1,1,1,0,117,1,9,1
578408,1,0,0,1,1,0,117,1,9,1
578500,1,0,1,0,0,0,117,1,9,1
578503,1,0,0,1,1,0,117,1,9,1
578611,0,1,0,1,0,0,117,1,9,1
578672,0,0,0,0,1,0,117,1,9,1
578753,1,0,0,1,1,0,117,1,9,1
578784,0,1,0,1,0,0,117,1,9,1
578916,0,0,1,1,0,0,117,1,9,1
579078,0,1,0,1,0,0,117,1,9,1
579099,0,1,1,1,1,1,117,1,9,1
579280,1,0,1,0,0,0,117,1,9,1
579333,0,0,0,0,1,0,117,1,9,1
579373,0,1,0,1,0,0,117,1,9,1
579392,0,1,0,1,0,0,117,1,9,1
579417,0,0,1,1,0,0,117,1,9,1
579445,1,1,0,0,0,0,117,1,9,1
579461,1,1,0,0,0,0,117,1,9,1
579608,1,0,0,1,1,0,117,1,9,1
580248,0,0,0,0,1,0,117,1,9,1
580425,1,0,0,1,1,0,117,1,9,1
580492,0,1,0,1,0,0,117,1,9,1
580545,0,0,1,1,0,0,117,1,9,1
580604,1,0,1,0,0,0,117,1,9,1
580680,1,0,0,1,1,0,117,1,9,1
580823,1,1,1,1,1,0,117,1,9,1
580826,1,0,0,1,1,0,117,1,9,1
580863,1,0,0,1,1,0,117,1,9,1
580921,0,0,1,1,0,0,117,1,9,1
580955,1,1,0,0,0,0,117,1,9,1
580996,0,1,0,1,0,0,117,1,9,1
581103,0,1,0,1,0,0,117,1,9,1
581130,0,0,0,0,1,0,117,1,9,1
581256,1,0,1,0,0,0,117,1,9,1
581332,1,0,1,0,0,0,117,1,9,1
581414,1,0,0,1,1,0,117,1,9,1
581835,0,1,0,1,0,0,117,1,9,1
582022,1,1,1,1,1,0,117,1,9,1
582028,1,0,1,0,0,0,117,1,9,1
582052,1,1,0,0,0,0,117,1,9,1
582078,1,0,0,1,1,0,117,1,9,1
582151,0,1,0,1,0,0,117,1,9,1
582351,1,0,1,0,0,0,117,1,9,1
582428,0,0,0,0,1,0,117,1,9,1
582539,1,0,1,0,0,0,117,1,9,1
582553,1,0,1,0,0,0,117,1,9,1
582622,1,1,1,1,1,0,117,1,9,1
582743,0,1,1,0,1,0,117,1,9,1
582840,1,0,0,1,1,0,117,1,9,1
582856,1,0,0,1,1,0,117,1,9,1
582886,0,0,1,1,0,0,117,1,9,1
583002,1,0,0,1,1,0,117,1,9,1
583250,0,0,0,0,1,0,117,1,9,1
583359,0,1,1,0,1,0,117,1,9,1
583392,0,1,1,0,1,0,117,1,9,1
583437,0,0,1,1,0,0,117,1,9,1
583698,0,0,0,0,1,0,117,1,9,1
583766,0,1,0,1,0,0,117,1,9,1
583808,0,0,1,1,0,0,117,1,9,1
583811,1,1,1,1,1,0,117,1,9,1
584130,1,0,0,1,1,0,117,1,9,1
584131,1,1,0,0,0,0,117,1,9,1
584306,0,1,1,0,1,0,117,1,9,1
584321,0,1,0,1,0,0,117,1,9,1
584414,0,0,1,1,0,0,117,1,9,1
584415,1,1,0,0,0,0,117,1,9,1
584728,0,0,1,1,0,0,117,1,9,1
584940,1,0,0,1,1,0,117,1,9,1
584956,0,0,0,0,1,0,117,1,9,1
585272,0,0,1,1,0,0,117,1,9,1
585475,0,0,0,0,1,0,117,1,9,1
585536,0,1,0,1,0,0,117,1,9,1
585559,1,1,0,0,0,0,117,1,9,1
585708,0,1,1,0,1,0,117,1,9,1
585745,0,0,0,0,1,0,117,1,9,1
585881,1,1,1,1,1,0,117,1,9,1
585936,0,0,0,0,1,0,117,1,9,1
585944,1,0,0,1,1,0,117,1,9,1
586125,1,0,0,1,1,0,117,1,9,1
586519,1,0,0,1,1,0,117,1,9,1
586640,0,0,0,0,1,0,117,1,9,1
586654,1,0,1,0,0,0,117,1,9,1
586839,1,0,1,0,0,0,117,1,9,1
586899,1,1,1,1,1,0,117,1,9,1
586910,1,1,0,0,0,0,117,1,9,1
586923,0,0,0,0,1,0,117,1,9,1
586963,1,0,1,0,0,0,117,1,9,1
587191,0,0,0,0,1,0,117,1,9,1
587205,0,0,1,1,0,0,117,1,9,1
587388,0,1,1,0,1,0,117,1,9,1
587436,0,0,0,0,1,0,117,1,9,1
587624,0,0,1,1,0,0,117,1,9,1
587668,1,0,0,1,1,0,117,1,9,1
587701,0,0,0,0,1,0,117,1,9,1
587934,1,0,0,1,1,0,117,1,9,1
587968,1,1,0,0,0,0,117,1,9,1
588044,1,0,1,0,0,0,117,1,9,1
588530,0,0,0,0,1,0,117,1,9,1
588625,1,0,1,0,0,0,117,1,9,1
589170,0,1,0,1,0,0,117,1,9,1
589183,0,0,0,0,1,0,117,1,9,1
589300,0,0,1,1,0,0,117,1,9,1
589458,1,0,1,0,0,0,117,1,9,1
589585,1,1,1,1,1,0,117,1,9,1
589644,0,1,1,0,1,0,117,1,9,1
589673,0,0,0,0,1,0,117,1,9,1
589735,0,0,0,0,1,0,117,1,9,1
589981,0,1,1,0,1,0,125,1,9,1
590020,1,0,0,1,1,0,125,1,9,1
590035,1,0,0,1,1,0,125,1,9,1
590076,0,0,1,1,0,0,125,1,9,1
590158,1,1,1,1,1,0,125,1,9,1
590203,1,1,0,0,0,0,125,1,9,1
590230,1,0,1,0,0,0,125,1,9,1
590310,1,1,1,1,1,0,125,1,9,1
590392,1,1,0,0,0,0,125,1,9,1
590428,1,1,1,1,1,0,125,1,9,1
590468,1,1,1,1,1,0,125,1,9,1
590512,1,1,1,1,1,0,125,1,9,1
590685,1,1,1,1,1,0,125,1,9,1
590773,0,0,1,1,0,0,125,1,9,1
591169,0,0,1,1,0,0,125,1,9,1
591210,0,1,0,0,0,0,125,1,9,1
591213,1,0,0,1,1,0,125,1,9,1
591245,0,0,0,0,1,0,125,1,9,1
591334,0,1,1,0,1,0,125,1,9,1
591364,0,1,1,0,1,0,125,1,9,1
591584,1,0,0,1,1,0,125,1,9,1
591589,1,1,1,1,1,0,125,1,9,1
591716,1,1,0,0,0,0,125,1,9,1
591834,1,0,0,1,1,0,125,1,9,1
591855,1,1,0,0,0,0,125,1,9,1
591866,1,0,0,1,1,0,125,1,9,1
591898,0,1,0,1,0,0,125,1,9,1
592012,1,0,0,1,1,0,125,1,9,1
592084,1,1,0,0,0,0,125,1,9,1
592200,1,0,1,0,0,0,125,1,9,1
592235,1,1,0,0,0,0,125,1,9,1
592563,1,1,1,1,1,0,125,1,9,1
592596,0,0,0,0,1,0,125,1,9,1
592687,0,0,1,1,0,0,125,1,9,1
592856,1,1,1,1,1,0,125,1,9,1
592858,0,1,0,1,0,0,125,1,9,1
592962,1,0,1,0,0,0,125,1,9,1
592997,1,1,0,0,0,0,125,1,9,1
593349,1,1,1,0,1,1,125,1,9,1
593492,1,0,1,0,0,0,125,1,9,1
593612,0,1,1,0,1,0,125,1,9,1
593671,1,1,0,0,0,0,125,1,9,1
593804,1,0,0,1,1,0,125,1,9,1
593806,1,1,0,0,0,0,125,1,9,1
594175,1,1,0,0,0,0,125,1,9,1
594182,0,0,1,1,0,0,125,1,9,1
594229,0,0,0,0,1,0,125,1,9,1
594558,0,0,0,0,1,0,125,1,9,1
594668,0,0,1,1,0,0,125,1,9,1
594799,0,1,0,1,0,0,125,1,9,1
594891,1,0,0,1,1,0,125,1,9,1
595066,0,0,0,0,1,0,125,1,9,1
595329,1,0,0,1,1,0,125,1,9,1
595465,0,0,1,1,0,0,125,1,9,1
595562,0,1,1,0,1,0,125,1,9,1
595644,0,1,0,1,0,0,125,1,9,1
595743,1,0,0,1,1,0,125,1,9,1
595801,1,1,0,0,0,0,125,1,9,1
596050,0,1,1,0,1,0,125,1,9,1
596080,0,1,0,1,0,0,125,1,9,1
596225,1,1,0,0,0,0,125,1,9,1
596391,0,0,0,0,1,0,125,1,9,1
596489,1,1,0,0,0,0,125,1,9,1
596558,1,0,0,1,1,0,125,1,9,1
596695,1,1,0,0,0,0,125,1,9,1
596807,1,0,1,0,0,0,125,1,9,1
596862,1,1,0,0,0,0,125,1,9,1
596952,0,0,0,0,1,0,125,1,9,1
597067,1,1,1,1,1,0,125,1,9,1
597237,1,0,1,0,0,0,125,1,9,1
597358,1,1,0,0,0,0,125,1,9,1
597526,1,0,1,0,0,0,125,1,9,1
597700,1,1,1,1,1,0,125,1,9,1
597709,0,1,1,0,1,0,125,1,9,1
597877,1,0,1,0,0,0,125,1,9,1
597930,0,1,1,1,1,1,125,1,9,1
597936,1,1,0,0,0,0,125,1,9,1
598075,0,1,1,1,1,1,125,1,9,1
598090,0,0,1,1,0,0,125,1,9,1
598298,1,0,1,0,0,0,125,1,9,1
598612,1,1,1,1,1,0,125,1,9,1
598721,0,0,1,1,0,0,125,1,9,1
598803,0,0,1,1,0,0,125,1,9,1
598890,0,1,0,1,0,0,125,1,9,1
599075,1,0,1,0,0,0,125,1,9,1
599085,1,0,0,1,1,0,125,1,9,1
599183,0,1,1,0,1,0,125,1,9,1
599311,0,1,0,1,0,0,125,1,9,1
599657,1,1,1,1,1,0,125,1,9,1
599664,1,1,0,0,0,0,125,1,9,1
599668,0,0,0,0,1,0,125,1,9,1
599680,0,1,0,1,0,0,125,1,9,1
599709,1,1,1,1,1,0,125,1,9,1
599762,0,0,1,1,0,0,125,1,9,1
599844,1,0,0,1,1,0,125,1,9,1
599920,1,1,1,1,1,0,125,1,9,1
600475,0,1,0,1,0,0,125,1,9,1
600583,1,0,1,0,0,0,125,1,9,1
600624,1,0,1,0,0,0,125,1,9,1
600641,0,0,0,0,1,0,125,1,9,1
600665,1,0,0,1,1,0,125,1,9,1
600848,0,1,0,1,0,0,125,1,9,1
600877,1,1,0,0,0,0,125,1,9,1
600988,0,0,0,0,1,0,125,1,9,1
601050,0,0,0,0,1,0,125,1,9,1
601087,0,1,0,1,0,0,125,1,9,1
601311,0,1,1,0,1,0,125,1,9,1
601424,1,1,0,0,0,0,125,1,9,1
601432,0,0,1,1,0,0,125,1,9,1
601562,0,1,1,0,1,0,125,1,9,1
601584,1,1,1,1,1,0,125,1,9,1
601655,1,1,1,1,1,0,125,1,9,1
601667,1,0,0,1,1,0,125,1,9,1
601771,0,1,0,1,0,0,125,1,9,1
601793,1,1,0,0,0,0,125,1,9,1
601815,1,1,1,1,1,0,125,1,9,1
601837,1,1,0,0,0,0,125,1,9,1
601905,0,0,1,1,0,0,125,1,9,1
601969,1,1,1,1,1,0,125,1,9,1
602001,1,0,1,0,0,0,125,1,9,1
602191,1,0,1,0,0,0,125,1,9,1
602199,1,1,1,1,1,0,125,1,9,1
602203,1,0,1,0,0,0,125,1,9,1
602215,1,0,0,1,1,0,125,1,9,1
602236,0,1,1,0,1,0,125,1,9,1
602244,0,0,0,0,1,0,125,1,9,1
602298,0,1,0,1,0,0,125,1,9,1
602472,1,0,1,0,0,0,125,1,9,1
602578,0,1,1,0,1,0,125,1,9,1
602590,1,0,1,0,0,0,125,1,9,1
602624,0,1,1,0,1,0,125,1,9,1
602625,1,1,1,1,1,0,125,1,9,1
602719,0,0,1,1,0,0,125,1,9,1
602804,0,1,0,1,0,0,125,1,9,1
602893,0,0,1,1,0,0,125,1,9,1
602912,1,0,1,0,0,0,125,1,9,1
603008,1,0,0,1,1,0,125,1,9,1
603021,0,0,0,0,1,0,125,1,9,1
603077,0,1,0,1,0,0,125,1,9,1
603282,1,1,1,1,1,0,125,1,9,1
603316,0,1,0,1,0,0,125,1,9,1
603326,0,1,1,0,1,0,125,1,9,1
603490,1,1,0,0,0,0,125,1,9,1
603515,0,1,0,1,0,0,125,1,9,1
603522,0,0,1,1,0,0,125,1,9,1
603554,1,1,0,0,0,0,125,1,9,1
603703,0,1,1,0,1,0,125,1,9,1
603796,0,1,1,0,1,0,125,1,9,1
603866,0,1,1,0,1,0,125,1,9,1
604168,1,1,0,0,0,0,125,1,9,1
604364,1,1,0,1,0,0,125,1,9,1
604492,0,0,0,0,1,0,125,1,9,1
604752,0,0,1,1,0,0,125,1,9,1
604798,0,1,1,0,1,0,125,1,9,1
605034,1,1,1,1,1,0,125,1,9,1
605093,1,0,0,1,1,0,125,1,9,1
605142,0,0,0,0,1,0,125,1,9,1
605342,0,0,0,0,1,0,125,1,9,1
605440,1,0,0,1,1,0,125,1,9,1
605571,0,0,0,0,1,0,125,1,9,1
605575,1,1,1,1,1,0,125,1,9,1
605713,0,1,0,1,0,0,125,1,9,1
605766,1,1,0,0,0,0,125,1,9,1
605851,0,1,0,1,0,0,125,1,9,1
605912,0,1,0,1,0,0,125,1,9,1
605916,0,0,0,0,1,0,125,1,9,1
605944,1,1,1,1,1,0,125,1,9,1
605948,0,1,1,0,1,0,125,1,9,1
606014,0,0,1,1,0,0,125,1,9,1
606177,1,0,0,1,1,0,125,1,9,1
606251,1,1,0,0,0,0,125,1,9,1
606435,0,0,0,0,1,0,125,1,9,1
606478,1,1,1,1,1,0,125,1,9,1
606593,0,0,1,1,0,0,125,1,9,1
606594,1,1,0,0,0,0,125,1,9,1
606597,0,1,1,0,1,0,125,1,9,1
606672,0,1,1,0,1,0,125,1,9,1
606740,0,1,1,1,1,1,125,1,9,1
606922,1,1,1,1,1,0,125,1,9,1
607001,0,1,0,1,0,0,125,1,9,1
607365,1,1,0,0,0,0,125,1,9,1
607429,0,0,0,0,1,0,125,1,9,1
607693,0,0,0,0,1,0,125,1,9,1
607768,1,1,1,1,1,0,125,1,9,1
607791,0,0,1,1,0,0,125,1,9,1
607914,1,0,1,0,0,0,125,1,9,1
608018,0,0,1,1,0,0,125,1,9,1
608071,0,1,1,1,1,1,125,1,9,1
608124,1,0,0,1,1,0,125,1,9,1
608338,0,0,1,1,0,0,125,1,9,1
608354,1,0,0,1,1,0,125,1,9,1
608411,0,0,1,1,0,0,125,1,9,1
608525,1,0,1,0,0,0,125,1,9,1
608648,1,0,0,1,1,0,125,1,9,1
608772,1,1,1,1,1,0,125,1,9,1
608869,0,1,1,0,1,0,125,1,9,1
608877,0,0,0,0,1,0,125,1,9,1
608924,0,0,0,0,1,0,125,1,9,1
609377,1,1,1,1,1,0,125,1,9,1
609651,1,0,1,0,0,0,125,1,9,1
609922,1,1,1,1,1,0,125,1,9,1
609982,1,1,0,0,0,0,125,1,9,1
610222,0,1,0,1,0,0,125,1,9,1
610227,1,1,1,1,1,0,125,1,9,1
610310,0,1,0,1,0,0,125,1,9,1
610375,1,1,1,1,1,0,125,1,9,1
610462,1,0,1,0,0,0,125,1,9,1
610584,1,0,0,1,1,0,125,1,9,1
610690,0,0,1,1,0,0,125,1,9,1
610702,0,1,0,1,0,0,125,1,9,1
611139,0,0,1,1,0,0,125,1,9,1
611175,1,0,0,1,1,0,125,1,9,1
611183,0,0,0,0,1,0,125,1,9,1
611316,1,0,0,1,1,0,125,1,9,1
611581,0,0,1,1,0,0,125,1,9,1
611698,0,0,0,0,1,0,125,1,9,1
611831,1,0,1,0,0,0,125,1,9,1
611992,1,1,0,0,0,0,125,1,9,1
612099,0,1,0,1,0,0,125,1,9,1
612153,0,1,1,0,1,0,125,1,9,1
612212,1,1,0,0,0,0,125,1,9,1
612245,0,1,0,1,0,0,125,1,9,1
612246,1,1,0,0,0,0,125,1,9,1
612366,1,0,0,1,1,0,125,1,9,1
612423,0,1,0,1,0,0,125,1,9,1
612449,0,0,1,1,0,0,125,1,9,1
612586,0,0,0,0,1,0,125,1,9,1
612588,0,0,1,1,0,0,125,1,9,1
612908,0,0,1,1,0,0,125,1,9,1
612944,1,1,1,1,1,0,125,1,9,1
612963,1,1,0,0,0,0,125,1,9,1
612992,0,0,1,1,0,0,125,1,9,1
613059,0,0,1,1,0,0,125,1,9,1
613163,1,0,1,0,0,0,125,1,9,1
613319,1,0,0,1,1,0,125,1,9,1
613392,0,1,0,1,0,0,125,1,9,1
613482,0,0,1,1,0,0,125,1,9,1
613515,0,1,0,1,0,0,125,1,9,1
613747,1,0,0,1,1,0,125,1,9,1
613760,1,1,1,1,1,0,125,1,9,1
613762,0,1,1,0,1,0,125,1,9,1
613884,0,1,0,1,0,0,125,1,9,1
613994,1,0,0,1,1,0,125,1,9,1
614151,1,1,0,0,0,0,125,1,9,1
614167,0,1,1,0,1,0,125,1,9,1
614180,0,0,1,1,0,0,125,1,9,1
614438,1,0,1,0,0,0,125,1,9,1
614537,0,0,1,1,0,0,125,1,9,1
614751,1,1,1,1,1,0,125,1,9,1
614796,1,1,1,1,1,0,125,1,9,1
614824,0,1,0,1,0,0,125,1,9,1
614903,1,1,1,1,1,0,125,1,9,1
615029,0,1,0,1,0,0,125,1,9,1
615095,1,0,0,1,1,0,125,1,9,1
615120,1,0,0,1,1,0,125,1,9,1
615209,1,1,0,0,0,0,125,1,9,1
615212,1,0,0,1,1,0,125,1,9,1
615235,0,0,0,0,1,0,125,1,9,1
615253,0,0,0,0,1,0,125,1,9,1
615264,0,0,1,1,0,0,125,1,9,1
615265,1,1,0,1,0,0,125,1,9,1
615459,0,0,1,1,0,0,125,1,9,1
615532,1,1,1,1,1,0,125,1,9,1
615655,0,0,1,1,0,0,125,1,9,1
615843,1,0,0,1,1,0,125,1,9,1
615916,0,1,0,1,0,0,125,1,9,1
616007,1,1,0,0,0,0,125,1,9,1
616014,0,0,0,0,1,0,125,1,9,1
616165,1,1,0,0,0,0,125,1,9,1
616486,1,0,1,0,0,0,125,1,9,1
616528,0,0,1,1,0,0,125,1,9,1
616655,0,1,1,0,1,0,125,1,9,1
616702,1,1,0,0,0,0,125,1,9,1
616714,0,0,1,1,0,0,125,1,9,1
616734,0,0,0,0,1,0,125,1,9,1
616750,0,1,1,0,1,0,125,1,9,1
616884,1,0,1,0,0,0,125,1,9,1
617078,1,0,0,1,1,0,125,1,9,1
617184,1,0,1,0,0,0,125,1,9,1
617265,1,0,1,0,0,0,125,1,9,1
617493,1,0,1,0,0,0,125,1,9,1
617507,1,1,0,0,0,0,125,1,9,1
617562,0,1,1,0,1,0,125,1,9,1
617567,0,1,0,1,0,0,125,1,9,1
617571,0,0,0,0,1,0,125,1,9,1
617641,1,0,1,0,0,0,125,1,9,1
617811,1,1,0,0,0,0,125,1,9,1
617927,0,0,1,1,0,0,125,1,9,1
618050,1,1,1,1,1,0,125,1,9,1
618439,0,0,0,0,1,0,125,1,9,1
618551,0,0,0,0,1,0,125,1,9,1
618758,1,0,1,0,0,0,125,1,9,1
618934,1,1,0,0,0,0,125,1,9,1
619104,0,1,1,0,1,0,125,1,9,1
619218,1,1,0,0,0,0,125,1,9,1
619257,0,1,1,0,1,0,125,1,9,1
619336,1,0,0,1,1,0,125,1,9,1
619373,1,0,0,1,1,0,125,1,9,1
619487,1,0,1,0,0,0,125,1,9,1
619514,1,0,1,0,0,0,125,1,9,1
619529,1,1,1,1,1,0,125,1,9,1
619553,1,0,0,1,1,0,125,1,9,1
619592,0,0,1,1,0,0,125,1,9,1
620045,1,1,0,0,0,0,125,1,9,1
620063,1,0,1,0,0,0,125,1,9,1
620083,1,0,1,0,0,0,125,1,9,1
620301,1,1,0,0,0,0,125,1,9,1
620316,0,0,1,1,0,0,125,1,9,1
620384,0,0,1,1,0,0,125,1,9,1
620479,0,1,1,0,1,0,125,1,9,1
620530,1,0,1,0,0,0,125,1,9,1
620559,1,0,0,1,1,0,125,1,9,1
620574,1,1,0,0,0,0,125,1,9,1
620588,0,0,1,1,0,0,125,1,9,1
620803,0,0,0,0,1,0,125,1,9,1
621188,0,0,1,1,0,0,125,1,9,1
621203,0,0,1,1,0,0,125,1,9,1
621274,0,1,0,1,0,0,125,1,9,1
621350,1,0,0,1,1,0,125,1,9,1
621669,0,1,1,0,1,0,125,1,9,1
621811,1,1,0,0,0,0,125,1,9,1
621828,0,0,1,1,0,0,125,1,9,1
621835,1,0,0,1,1,0,125,1,9,1
621888,1,1,0,0,0,0,125,1,9,1
622011,0,1,0,1,0,0,125,1,9,1
622122,1,0,1,0,0,0,125,1,9,1
622128,1,1,1,1,1,0,125,1,9,1
622164,0,1,1,0,1,0,125,1,9,1
622352,1,0,0,1,1,0,125,1,9,1
622428,1,1,1,1,1,0,125,1,9,1
622490,1,1,0,0,0,0,125,1,9,1
622511,0,1,0,1,0,0,125,1,9,1
622644,0,0,1,1,0,0,125,1,9,1
622715,0,1,1,0,1,0,125,1,9,1
622764,1,0,1,1,0,0,125,1,9,1
622813,1,1,0,0,0,0,125,1,9,1
622819,1,0,0,1,1,0,125,1,9,1
623136,0,0,1,1,0,0,125,1,9,1
623250,0,1,1,0,1,0,125,1,9,1
623281,0,1,0,1,0,0,125,1,9,1
623311,1,1,0,0,0,0,125,1,9,1
623582,0,1,0,1,0,0,125,1,9,1
623607,0,0,0,0,1,0,125,1,9,1
623695,0,0,1,1,0,0,125,1,9,1
623786,1,1,0,0,0,0,125,1,9,1
623852,0,1,1,0,1,0,125,1,9,1
623930,1,1,1,1,1,0,125,1,9,1
623982,1,0,0,1,1,0,125,1,9,1
624036,0,0,1,1,0,0,125,1,9,1
624094,0,0,1,1,0,0,125,1,9,1
624145,1,0,1,0,0,0,125,1,9,1
624179,0,1,0,1,0,0,125,1,9,1
624281,1,0,1,0,0,0,125,1,9,1
624336,0,0,0,0,1,0,125,1,9,1
624351,0,0,0,0,1,0,125,1,9,1
624402,0,0,0,0,1,0,125,1,9,1
624454,1,0,0,1,1,0,125,1,9,1
624609,0,1,0,1,0,0,125,1,9,1
624612,0,0,1,1,0,0,125,1,9,1
624688,1,1,0,0,0,0,125,1,9,1
624714,1,1,1,1,1,0,125,1,9,1
624765,0,0,0,0,1,0,125,1,9,1
624768,1,1,1,1,1,0,125,1,9,1
624795,1,1,0,1,0,0,125,1,9,1
624808,0,1,0,1,0,0,125,1,9,1
624840,0,0,1,0,0,0,125,1,9,1
625034,1,1,0,0,0,0,125,1,9,1
625441,0,0,1,1,0,0,125,1,9,1
625540,1,0,0,1,1,0,125,1,9,1
625636,1,0,0,1,1,0,125,1,9,1
625702,0,0,0,0,1,0,125,1,9,1
625761,1,0,1,0,0,0,125,1,9,1
625796,0,1,0,1,0,0,125,1,9,1
625963,0,1,1,0,1,0,125,1,9,1
625972,0,0,0,0,1,0,125,1,9,1
626138,1,1,0,0,0,0,125,1,9,1
626227,1,1,0,0,0,0,125,1,9,1
626233,1,0,1,0,0,0,125,1,9,1
626357,0,0,0,0,1,0,125,1,9,1
626433,1,0,0,1,1,0,125,1,9,1
626451,1,1,0,0,0,0,125,1,9,1
626513,1,0,1,0,0,0,125,1,9,1
626591,1,1,0,0,0,0,125,1,9,1
626627,1,0,1,0,0,0,125,1,9,1
626882,1,1,0,0,0,0,125,1,9,1
626895,0,1,0,1,0,0,125,1,9,1
626981,1,1,0,0,0,0,125,1,9,1
627152,0,1,1,0,1,0,125,1,9,1
627352,1,0,0,1,1,0,125,1,9,1
627356,0,0,1,1,0,0,125,1,9,1
627413,1,0,1,0,0,0,125,1,9,1
627653,1,0,1,0,0,0,125,1,9,1
627670,1,0,1,0,0,0,125,1,9,1
627674,1,0,1,0,0,0,125,1,9,1
627846,1,1,1,1,1,0,125,1,9,1
628019,1,1,1,1,1,0,125,1,9,1
628052,0,0,0,0,1,0,125,1,9,1
628159,1,0,0,1,1,0,125,1,9,1
628182,0,1,1,0,1,0,125,1,9,1
628191,1,1,0,0,0,0,125,1,9,1
628404,0,0,1,1,0,0,125,1,9,1
628499,1,0,0,1,1,0,125,1,9,1
628593,0,0,1,1,0,0,125,1,9,1
628627,1,1,0,0,0,0,125,1,9,1
628890,1,0,0,1,1,0,125,1,9,1
628972,0,1,0,1,0,0,125,1,9,1
628978,1,1,1,1,1,0,125,1,9,1
629244,1,1,0,0,0,0,125,1,9,1
629261,0,1,1,0,1,0,125,1,9,1
629304,0,1,0,1,0,0,125,1,9,1
629861,0,1,0,1,0,0,125,1,9,1
630291,0,1,1,0,1,0,125,1,9,1
630359,0,1,1,0,1,0,125,1,9,1
630435,0,0,0,0,1,0,125,1,9,1
630436,0,1,0,1,0,0,125,1,9,1
630604,1,0,0,1,1,0,125,1,9,1
630669,1,0,1,0,0,0,125,1,9,1
630780,1,1,1,1,1,0,125,1,9,1
630807,1,0,1,0,0,0,125,1,9,1
630985,0,0,0,0,1,0,125,1,9,1
631338,0,1,0,1,0,0,125,1,9,1
631342,0,1,1,0,1,0,125,1,9,1
631615,0,0,0,0,1,0,125,1,9,1
631719,0,1,1,0,1,0,125,1,9,1
631777,0,1,1,0,1,0,125,1,9,1
631784,0,1,0,1,0,0,125,1,9,1
631866,1,0,0,0,1,1,125,1,9,1
631923,0,0,0,0,1,0,125,1,9,1
632041,1,1,1,1,1,0,125,1,9,1
632199,0,0,0,0,1,0,125,1,9,1
632403,0,1,1,0,1,0,125,1,9,1
632480,1,1,1,1,1,0,125,1,9,1
632494,1,0,1,0,0,0,125,1,9,1
632532,1,1,0,0,0,0,125,1,9,1
632668,0,0,0,0,1,0,125,1,9,1
632899,0,0,0,0,1,0,125,1,9,1
633070,0,1,1,0,1,0,125,1,9,1
633072,0,0,0,0,1,0,125,1,9,1
633105,1,0,0,1,1,0,125,1,9,1
633117,1,1,1,1,1,0,125,1,9,1
633197,0,0,1,1,0,0,125,1,9,1
633244,1,0,0,1,1,0,125,1,9,1
633299,1,0,0,1,1,0,125,1,9,1
633360,0,0,1,1,0,0,125,1,9,1
633431,1,1,0,0,0,0,125,1,9,1
633436,1,0,1,0,0,0,125,1,9,1
633553,1,0,0,1,1,0,125,1,9,1
633701,1,0,0,1,1,0,125,1,9,1
633796,0,1,0,1,0,0,125,1,9,1
633855,0,0,0,0,1,0,125,1,9,1
634081,1,1,1,1,1,0,125,1,9,1
634083,1,0,1,0,0,0,125,1,9,1
634235,0,0,0,0,1,0,125,1,9,1
634301,1,1,0,0,0,0,125,1,9,1
634482,1,1,1,1,1,0,125,1,9,1
634510,0,0,0,0,1,0,125,1,9,1
634567,0,0,0,0,1,0,125,1,9,1
634586,1,0,1,0,0,0,125,1,9,1
634816,1,0,0,1,1,0,125,1,9,1
634861,0,1,1,0,1,0,125,1,9,1
635019,0,0,1,1,0,0,125,1,9,1
635054,0,1,1,0,1,0,125,1,9,1
635162,0,1,0,1,0,0,125,1,9,1
635182,1,1,1,1,1,0,125,1,9,1
635259,1,0,1,0,0,0,125,1,9,1
635264,1,0,0,1,1,0,125,1,9,1
635342,0,1,0,1,0,0,125,1,9,1
635488,1,0,0,1,1,0,125,1,9,1
635489,1,0,0,1,1,0,125,1,9,1
635621,0,0,1,1,0,0,125,1,9,1
635813,0,0,0,0,1,0,125,1,9,1
635854,1,1,0,0,0,0,125,1,9,1
636104,1,1,1,1,1,0,125,1,9,1
636414,0,1,1,0,1,0,125,1,9,1
636436,1,0,1,0,0,0,125,1,9,1
636454,0,1,0,1,0,0,125,1,9,1
636664,1,1,0,0,0,0,125,1,9,1
636854,1,1,0,0,0,0,125,1,9,1
636931,1,1,0,0,0,0,125,1,9,1
636977,1,1,1,1,1,0,125,1,9,1
637187,0,0,0,0,1,0,125,1,9,1
637299,1,1,0,0,0,0,125,1,9,1
637389,1,1,0,0,0,0,125,1,9,1
637508,0,1,0,1,0,0,125,1,9,1
637626,0,0,0,0,1,0,125,1,9,1
637691,0,1,1,0,1,0,125,1,9,1
637700,0,1,1,0,1,0,125,1,9,1
637924,0,1,1,0,1,0,125,1,9,1
638039,0,0,0,0,1,0,125,1,9,1
638083,0,1,1,0,1,0,125,1,9,1
638331,0,1,0,1,0,0,125,1,9,1
638432,1,0,1,0,0,0,125,1,9,1
638570,0,0,0,0,1,0,125,1,9,1
638662,1,0,0,1,1,0,125,1,9,1
638730,1,0,1,0,0,0,125,1,9,1
638800,0,0,0,0,1,0,125,1,9,1
638836,0,1,0,1,0,0,125,1,9,1
638856,0,1,0,1,0,0,125,1,9,1
638883,0,0,0,0,1,0,125,1,9,1
638897,1,1,0,0,0,0,125,1,9,1
638920,0,0,0,0,1,0,125,1,9,1
638974,1,1,1,1,1,0,125,1,9,1
639028,0,0,1,1,0,0,125,1,9,1
639291,0,1,0,1,0,0,125,1,9,1
639363,1,0,1,0,0,0,125,1,9,1
639372,0,0,0,0,1,0,125,1,9,1
639415,0,1,1,0,1,0,125,1,9,1
639456,1,1,0,0,0,0,125,1,9,1
639481,0,0,1,1,0,0,125,1,9,1
639523,0,0,1,1,0,0,125,1,9,1
639642,1,1,0,0,0,0,125,1,9,1
639723,0,0,1,1,0,0,125,1,9,1
639746,1,0,0,1,1,0,125,1,9,1
639824,1,0,1,0,0,0,125,1,9,1
639836,1,0,1,0,0,0,125,1,9,1
640292,1,1,1,1,1,0,125,1,9,1
640339,0,0,1,1,0,0,125,1,9,1
640405,1,1,1,1,1,0,125,1,9,1
640447,1,0,0,1,1,0,125,1,9,1
640458,0,1,0,1,0,0,125,1,9,1
640510,1,0,0,1,1,0,125,1,9,1
640580,0,0,0,0,1,0,125,1,9,1
640972,1,1,0,0,0,0,125,1,9,1
641031,0,0,0,0,1,0,125,1,9,1
641182,0,0,1,1,0,0,125,1,9,1
641225,0,0,0,0,1,0,125,1,9,1
641233,0,1,1,0,1,0,125,1,9,1
641237,1,0,0,1,1,0,125,1,9,1
641303,1,1,1,1,1,0,125,1,9,1
641320,1,1,1,1,1,0,125,1,9,1
641376,0,0,1,1,0,0,125,1,9,1
641480,0,1,0,1,0,0,125,1,9,1
641532,0,0,1,1,0,0,125,1,9,1
641546,0,1,1,0,1,0,125,1,9,1
641706,0,1,1,0,1,0,125,1,9,1
641713,1,1,1,1,1,0,125,1,9,1
642141,1,1,1,1,1,0,125,1,9,1
642358,0,1,0,1,0,0,125,1,9,1
642810,0,1,1,0,1,0,125,1,9,1
642875,1,0,0,1,1,0,125,1,9,1
643169,0,1,1,0,1,0,125,1,9,1
643297,0,0,1,1,0,0,125,1,9,1
643403,0,0,1,1,0,0,125,1,9,1
643405,1,1,0,0,0,0,125,1,9,1
643407,0,0,1,1,0,0,125,1,9,1
643429,1,0,0,1,1,0,125,1,9,1
643628,1,0,0,1,1,0,125,1,9,1
643909,1,1,1,1,1,0,125,1,9,1
643926,1,1,0,0,0,0,125,1,9,1
644037,1,1,1,1,1,0,125,1,9,1
644362,1,0,0,1,1,0,125,1,9,1
644366,1,1,1,1,1,0,125,1,9,1
644987,1,0,1,0,0,0,125,1,9,1
645022,1,0,1,1,0,0,125,1,9,1
645082,0,0,1,1,0,0,125,1,9,1
645104,1,0,0,1,1,0,125,1,9,1
645157,0,1,0,1,0,0,125,1,9,1
645233,1,1,1,1,1,0,125,1,9,1
645508,0,1,0,1,0,0,125,1,9,1
645571,1,0,0,1,1,0,125,1,9,1
645718,1,1,0,0,0,0,125,1,9,1
645755,1,1,0,0,0,0,125,1,9,1
646065,1,0,0,1,1,0,125,1,9,1
646131,1,1,1,1,1,0,125,1,9,1
646261,1,0,0,1,1,0,125,1,9,1
646267,0,1,1,0,1,0,125,1,9,1
646309,1,1,0,0,0,0,125,1,9,1
646458,1,0,0,1,1,0,125,1,9,1
646486,0,1,0,1,0,0,125,1,9,1
646736,1,1,1,1,1,0,125,1,9,1
646751,0,0,0,0,1,0,125,1,9,1
646759,1,0,1,0,0,0,125,1,9,1
647195,1,0,1,0,0,0,125,1,9,1
647258,0,1,1,0,1,0,125,1,9,1
647332,0,0,0,0,1,0,125,1,9,1
647384,1,0,0,1,1,0,125,1,9,1
647506,0,0,1,1,0,0,125,1,9,1
647516,0,1,1,0,1,0,125,1,9,1
647565,1,1,1,1,1,0,125,1,9,1
647712,1,1,1,1,1,0,125,1,9,1
647733,1,1,1,1,1,0,125,1,9,1
647844,1,1,0,0,0,0,125,1,9,1
647877,0,1,1,0,1,0,125,1,9,1
647893,0,0,0,0,1,0,125,1,9,1
647898,1,0,0,1,1,0,125,1,9,1
647905,1,0,1,0,0,0,125,1,9,1
648157,0,1,0,1,0,0,125,1,9,1
648187,1,0,1,0,0,0,125,1,9,1
648338,1,0,1,0,0,0,125,1,9,1
648421,0,1,0,1,0,0,125,1,9,1
648482,0,0,0,0,1,0,125,1,9,1
648534,1,0,1,0,0,0,125,1,9,1
648569,1,1,1,1,1,0,125,1,9,1
648596,0,1,1,0,1,0,125,1,9,1
648612,1,1,1,1,1,0,125,1,9,1
648678,0,0,0,0,1,0,125,1,9,1
648714,0,1,0,1,0,0,125,1,9,1
648741,0,0,1,1,0,0,125,1,9,1
648773,1,0,0,1,1,0,125,1,9,1
648776,1,1,0,0,0,0,125,1,9,1
648845,0,0,1,1,0,0,125,1,9,1
648981,0,0,0,0,1,0,125,1,9,1
649275,1,0,0,1,1,0,125,1,9,1
649399,1,1,1,1,1,0,125,1,9,1
649414,1,1,0,0,0,0,125,1,9,1
649477,1,1,1,1,1,0,125,1,9,1
649532,0,1,0,1,0,0,125,1,9,1
649540,0,0,0,0,1,0,125,1,9,1
649706,1,1,0,0,0,0,125,1,9,1
649808,1,1,1,1,1,0,125,1,9,1
649946,1,1,0,0,0,0,125,1,9,1
650034,1,0,0,1,1,0,125,1,9,1
650070,0,0,0,0,1,0,125,1,9,1
650145,0,1,1,0,1,0,125,1,9,1
650241,0,1,1,0,1,0,125,1,9,1
650244,0,1,1,0,1,0,125,1,9,1
650251,0,0,0,0,1,0,125,1,9,1
650320,1,0,0,1,1,0,125,1,9,1
650509,1,0,0,1,1,0,125,1,9,1
650605,1,0,0,1,1,0,125,1,9,1
650607,0,1,1,0,1,0,125,1,9,1
651029,1,1,1,1,1,0,125,1,9,1
651078,0,0,1,1,0,0,125,1,9,1
651252,0,0,1,1,0,0,125,1,9,1
651589,1,1,1,1,1,0,125,1,9,1
651692,0,0,1,1,0,0,125,1,9,1
651700,0,1,1,0,1,0,125,1,9,1
651746,0,0,1,1,0,0,125,1,9,1
651857,0,1,1,0,1,0,125,1,9,1
652076,0,0,0,0,1,0,125,1,9,1
652128,0,0,1,1,0,0,125,1,9,1
652158,0,0,0,0,1,0,125,1,9,1
652173,0,0,0,0,1,0,125,1,9,1
652207,0,0,0,0,1,0,125,1,9,1
652246,1,0,1,0,0,0,125,1,9,1
652401,0,0,1,1,0,0,125,1,9,1
652522,1,0,1,0,0,0,125,1,9,1
652533,1,0,1,0,0,0,125,1,9,1
652655,0,0,1,1,0,0,125,1,9,1
652700,1,0,0,1,1,0,125,1,9,1
652756,1,1,0,1,0,0,125,1,9,1
652888,0,1,0,1,0,0,125,1,9,1
652933,1,1,0,0,0,0,125,1,9,1
653486,0,1,1,0,1,0,125,1,9,1
653551,1,0,0,1,1,0,125,1,9,1
653579,1,1,0,0,0,0,125,1,9,1
653612,0,0,0,0,1,0,125,1,9,1
653803,0,0,1,1,0,0,125,1,9,1
653931,1,1,1,1,1,0,125,1,9,1
653993,1,1,0,0,0,0,125,1,9,1
654346,0,1,0,1,0,0,125,1,9,1
654460,1,1,1,1,1,0,125,1,9,1
654636,0,1,1,0,1,0,125,1,9,1
654651,1,0,0,1,1,0,125,1,9,1
654681,0,0,1,1,0,0,125,1,9,1
654686,1,1,1,1,1,0,125,1,9,1
655124,1,0,0,1,1,0,125,1,9,1
655130,1,1,1,1,1,0,125,1,9,1
655133,0,1,1,0,1,0,125,1,9,1
655477,1,1,0,0,0,0,78,1,9,1
655555,1,0,1,0,0,0,78,1,9,1
655908,1,0,1,0,0,0,78,1,9,1
655911,0,0,1,1,0,0,78,1,9,1
655939,1,1,1,1,1,0,78,1,9,1
655969,0,0,1,1,0,0,78,1,9,1
656032,1,1,0,0,0,0,78,1,9,1
656434,0,0,1,1,0,0,78,1,9,1
656480,1,0,1,0,0,0,78,1,9,1
657137,0,1,0,1,0,0,78,1,9,1
657205,0,1,1,0,1,0,78,1,9,1
657510,0,1,0,1,0,0,78,1,9,1
657594,0,1,1,0,1,0,78,1,9,1
657756,1,1,1,1,1,0,78,1,9,1
657811,1,0,0,1,1,0,78,1,9,1
658121,0,1,0,1,0,0,78,1,9,1
658485,0,0,1,1,0,0,78,1,9,1
658532,1,0,0,1,1,0,78,1,9,1
658700,0,1,1,0,1,0,78,1,9,1
658731,1,0,0,1,1,0,78,1,9,1
658910,0,0,1,1,0,0,78,1,9,1
659030,1,1,1,1,1,0,78,1,9,1
659161,1,0,0,1,1,0,78,1,9,1
659200,1,0,1,0,0,0,78,1,9,1
659284,1,1,1,1,1,0,78,1,9,1
659295,0,1,1,0,1,0,78,1,9,1
659336,1,0,0,1,1,0,78,1,9,1
659408,0,0,0,0,1,0,78,1,9,1
660008,1,1,1,1,1,0,78,1,9,1
660048,0,0,0,0,1,0,78,1,9,1
660431,1,0,1,0,0,0,78,1,9,1
660813,0,1,0,1,0,0,78,1,9,1
660985,0,0,1,1,0,0,78,1,9,1
661237,1,0,1,0,0,0,78,1,9,1
661472,1,1,1,1,1,0,78,1,9,1
661481,0,0,1,1,0,0,78,1,9,1
661766,1,1,0,0,0,0,78,1,9,1
661895,1,1,0,0,0,0,78,1,9,1
662193,0,1,0,1,0,0,78,1,9,1
662276,1,1,1,1,1,0,78,1,9,1
662305,1,1,1,1,1,0,78,1,9,1
662656,0,1,1,0,1,0,78,1,9,1
663257,0,0,0,0,1,0,78,1,9,1
663287,0,0,0,0,1,0,78,1,9,1
663295,0,0,0,0,1,0,78,1,9,1
663903,0,1,0,1,0,0,78,1,9,1
664025,0,1,1,1,1,1,78,1,9,1
664166,0,1,0,1,0,0,78,1,9,1
664211,1,0,1,0,0,0,78,1,9,1
664266,0,0,0,0,1,0,78,1,9,1
664783,0,1,0,1,0,0,78,1,9,1
664960,0,0,0,0,1,0,78,1,9,1
665314,1,0,1,0,0,0,78,1,9,1
665318,1,0,1,0,0,0,78,1,9,1
665615,0,0,0,0,1,0,78,1,9,1
665735,1,0,0,1,1,0,78,1,9,1
665744,0,1,1,0,1,0,78,1,9,1
665749,0,0,1,1,0,0,78,1,9,1
665792,0,1,0,1,0,0,78,1,9,1
665824,0,0,0,0,1,0,78,1,9,1
665875,0,0,0,0,1,0,78,1,9,1
666013,0,1,0,1,0,0,78,1,9,1
666041,0,1,0,1,0,0,78,1,9,1
666801,1,1,0,0,0,0,78,1,9,1
666923,0,1,0,1,0,0,78,1,9,1
666932,1,1,0,0,0,0,78,1,9,1
667088,1,0,1,0,0,0,78,1,9,1
667225,0,0,0,0,1,0,78,1,9,1
667358,0,0,1,1,0,0,78,1,9,1
667548,0,1,0,1,0,0,78,1,9,1
667578,0,0,1,1,0,0,78,1,9,1
667785,1,0,0,1,1,0,78,1,9,1
668051,0,1,1,0,1,0,78,1,9,1
668082,0,1,1,0,1,0,78,1,9,1
668277,1,0,1,0,0,0,78,1,9,1
668357,1,1,1,1,1,0,78,1,9,1
668384,0,1,0,1,0,0,78,1,9,1
668574,0,1,1,0,1,0,78,1,9,1
668618,0,1,1,0,1,0,78,1,9,1
668665,1,1,1,1,1,0,78,1,9,1
668870,1,0,0,1,1,0,78,1,9,1
669072,0,0,0,0,1,0,78,1,9,1
669092,0,1,1,0,1,0,78,1,9,1
669627,0,0,1,1,0,0,78,1,9,1
669811,1,1,1,1,1,0,78,1,9,1
669814,1,1,1,1,1,0,78,1,9,1
670139,1,0,0,1,1,0,78,1,9,1
670246,1,0,1,0,0,0,78,1,9,1
670276,0,0,0,0,1,0,78,1,9,1
670301,0,0,1,1,0,0,78,1,9,1
670601,1,0,0,1,1,0,78,1,9,1
670615,0,1,0,1,0,0,78,1,9,1
670616,1,1,0,0,0,0,78,1,9,1
670699,1,1,0,0,0,0,78,1,9,1
671572,0,0,0,0,1,0,78,1,9,1
671574,0,1,1,0,1,0,78,1,9,1
671720,1,1,0,0,0,0,78,1,9,1
671770,0,1,0,1,0,0,78,1,9,1
671793,0,1,1,0,1,0,78,1,9,1
671816,0,0,0,0,1,0,78,1,9,1
672042,0,1,0,1,0,0,78,1,9,1
672165,0,1,0,1,0,0,78,1,9,1
672229,0,0,1,1,0,0,78,1,9,1
672354,0,1,1,0,1,0,78,1,9,1
672472,1,0,1,0,0,0,78,1,9,1
672486,1,1,1,1,1,0,78,1,9,1
672578,1,1,0,0,0,0,78,1,9,1
672579,1,0,0,1,1,0,78,1,9,1
672956,0,1,0,1,0,0,78,1,9,1
672993,1,0,1,0,0,0,78,1,9,1
673056,1,1,1,1,1,0,78,1,9,1
673125,1,1,0,0,0,0,78,1,9,1
673213,1,0,1,0,0,0,78,1,9,1
673232,0,0,1,1,0,0,78,1,9,1
673273,1,1,1,1,1,0,78,1,9,1
673383,0,1,0,1,0,0,78,1,9,1
673400,0,0,1,1,0,0,78,1,9,1
673642,0,1,1,0,1,0,78,1,9,1
673720,0,0,0,0,1,0,78,1,9,1
673968,0,0,0,0,1,0,78,1,9,1
674324,1,0,1,0,0,0,78,1,9,1
674391,1,0,0,1,1,0,78,1,9,1
674392,1,1,1,1,1,0,78,1,9,1
674546,0,1,1,0,1,0,78,1,9,1
674592,1,1,1,1,1,0,78,1,9,1
674811,0,0,1,1,0,0,78,1,9,1
674867,0,0,1,1,0,0,78,1,9,1
674996,1,0,1,0,0,0,78,1,9,1
675056,1,0,0,1,1,0,78,1,9,1
675103,1,0,1,0,0,0,78,1,9,1
675266,0,1,0,1,0,0,78,1,9,1
675421,0,1,0,1,0,0,78,1,9,1
675502,1,1,0,0,0,0,78,1,9,1
676042,1,1,1,1,1,0,78,1,9,1
676057,1,0,0,1,1,0,78,1,9,1
676185,1,0,0,1,1,0,78,1,9,1
676228,0,0,1,1,0,0,78,1,9,1
676261,0,1,0,1,0,0,78,1,9,1
676466,0,0,0,0,1,0,78,1,9,1
676649,1,0,1,0,0,0,78,1,9,1
676700,0,1,1,0,1,0,78,1,9,1
676874,0,0,1,0,0,0,78,1,9,1
676905,0,1,1,0,1,0,78,1,9,1
677041,0,1,0,1,0,0,78,1,9,1
677061,1,0,1,0,0,0,78,1,9,1
677344,1,1,0,0,0,0,78,1,9,1
677346,0,0,0,0,1,0,78,1,9,1
677471,0,0,0,0,1,0,78,1,9,1
677487,1,1,0,0,0,0,78,1,9,1
677526,0,0,0,0,1,0,78,1,9,1
677562,1,0,0,1,1,0,78,1,9,1
677761,0,1,0,1,0,0,78,1,9,1
678054,1,0,1,0,0,0,78,1,9,1
678292,0,1,1,0,1,0,78,1,9,1
678320,0,1,0,1,0,0,78,1,9,1
678422,1,1,0,0,0,0,78,1,9,1
678423,0,0,1,1,0,0,78,1,9,1
678427,0,0,1,1,0,0,78,1,9,1
679219,1,1,0,0,0,0,78,1,9,1
679412,0,1,1,0,1,0,78,1,9,1
679565,1,0,1,0,0,0,78,1,9,1
679606,1,0,1,0,0,0,78,1,9,1
679698,0,0,0,0,1,0,78,1,9,1
679823,1,1,1,1,1,0,78,1,9,1
679903,0,1,1,0,1,0,78,1,9,1
679927,1,1,0,1,0,0,78,1,9,1
680024,0,0,1,1,0,0,78,1,9,1
680119,1,0,1,0,0,0,78,1,9,1
680172,1,1,0,0,0,0,78,1,9,1
681123,0,1,0,1,0,0,78,1,9,1
681404,0,0,1,1,0,0,78,1,9,1
682036,1,1,0,1,0,0,78,1,9,1
682137,0,1,0,1,0,0,78,1,9,1
682322,1,0,0,1,1,0,78,1,9,1
682741,1,0,0,1,1,0,78,1,9,1
682901,1,0,1,0,0,0,78,1,9,1
682979,1,1,1,1,1,0,78,1,9,1
683357,1,0,1,0,0,0,78,1,9,1
683495,1,0,0,1,1,0,78,1,9,1
684240,0,0,1,1,0,0,78,1,9,1
684586,1,1,0,0,0,0,78,1,9,1
684597,1,1,0,0,0,0,78,1,9,1
684661,1,0,1,0,0,0,78,1,9,1
685262,1,1,0,0,0,0,78,1,9,1
685410,0,1,1,0,1,0,78,1,9,1
685522,1,1,1,1,1,0,78,1,9,1
685681,0,1,0,1,0,0,78,1,9,1
685842,0,1,1,0,1,0,78,1,9,1
685965,1,0,0,1,1,0,78,1,9,1
686144,0,1,1,0,1,0,78,1,9,1
686381,1,0,1,0,0,0,78,1,9,1
686733,0,1,0,1,0,0,78,1,9,1
686932,0,0,1,1,0,0,78,1,9,1
687012,1,1,1,1,1,0,78,1,9,1
687028,1,0,0,1,1,0,78,1,9,1
687034,0,0,1,1,0,0,78,1,9,1
687100,0,1,1,0,1,0,78,1,9,1
687633,0,0,1,1,0,0,78,1,9,1
687803,0,0,1,1,0,0,78,1,9,1
688415,1,1,0,0,0,0,78,1,9,1
688667,0,1,1,0,1,0,78,1,9,1
688835,0,1,1,0,1,0,78,1,9,1
689170,0,1,1,0,1,0,78,1,9,1
689470,1,0,1,0,0,0,78,1,9,1
689610,0,0,1,1,0,0,78,1,9,1
689682,0,0,0,0,1,0,78,1,9,1
690053,0,0,0,0,1,0,78,1,9,1
690329,0,1,1,0,1,0,78,1,9,1
690353,1,0,1,0,0,0,78,1,9,1
690395,1,1,0,0,0,0,78,1,9,1
690632,1,1,1,1,1,0,78,1,9,1
690636,0,1,0,1,0,0,78,1,9,1
690666,1,0,0,1,1,0,78,1,9,1
691008,1,0,1,0,0,0,78,1,9,1
691209,1,1,1,1,1,0,78,1,9,1
691379,1,1,0,0,0,0,78,1,9,1
691438,0,0,1,1,0,0,78,1,9,1
691439,1,0,1,0,0,0,78,1,9,1
691535,0,1,1,0,1,0,78,1,9,1
691572,0,0,1,1,0,0,78,1,9,1
691627,0,0,1,0,0,0,78,1,9,1
691937,1,1,0,0,0,0,78,1,9,1
691944,0,0,0,0,1,0,78,1,9,1
692050,0,0,0,0,1,0,78,1,9,1
692182,1,0,0,1,1,0,78,1,9,1
692300,0,1,1,0,1,0,78,1,9,1
692349,1,1,1,1,1,0,78,1,9,1
692620,0,0,1,1,0,0,78,1,9,1
692643,1,1,1,1,1,0,78,1,9,1
692665,0,1,0,1,0,0,78,1,9,1
692793,0,0,1,1,0,0,78,1,9,1
692968,1,1,0,0,0,0,78,1,9,1
693184,1,0,0,1,1,0,78,1,9,1
693428,1,0,1,1,0,0,78,1,9,1
693515,1,0,0,1,1,0,78,1,9,1
693664,0,0,1,1,0,0,78,1,9,1
693833,1,0,0,1,1,0,78,1,9,1
693915,1,1,0,0,0,0,78,1,9,1
694136,1,1,0,0,0,0,78,1,9,1
694160,0,1,0,1,0,0,78,1,9,1
694501,1,1,0,0,0,0,78,1,9,1
694558,0,0,0,0,1,0,78,1,9,1
694642,1,1,1,1,1,0,78,1,9,1
694719,0,0,1,1,0,0,78,1,9,1
695132,1,1,0,0,0,0,78,1,9,1
695184,0,0,1,1,0,0,78,1,9,1
695196,0,0,0,0,1,0,78,1,9,1
695325,0,1,0,1,0,0,78,1,9,1
695528,1,0,0,1,1,0,78,1,9,1
695564,1,1,1,1,1,0,78,1,9,1
695773,1,0,0,1,1,0,78,1,9,1
695818,0,0,0,0,1,0,78,1,9,1
695917,1,0,1,0,0,0,78,1,9,1
696084,0,1,1,0,1,0,78,1,9,1
696238,1,1,1,1,1,0,78,1,9,1
696246,1,1,0,0,0,0,78,1,9,1
696304,1,0,1,0,0,0,78,1,9,1
696320,0,0,1,1,0,0,78,1,9,1
696557,0,1,0,1,0,0,78,1,9,1
696563,1,0,0,1,1,0,78,1,9,1
696928,0,1,0,1,0,0,78,1,9,1
697015,1,1,1,1,1,0,78,1,9,1
697332,0,0,1,1,0,0,78,1,9,1
697403,0,1,0,1,0,0,78,1,9,1
697782,1,0,1,0,0,0,78,1,9,1
698127,1,1,0,1,0,0,78,1,9,1
698228,0,0,0,0,1,0,78,1,9,1
698262,0,1,0,1,0,0,78,1,9,1
698515,0,1,1,0,1,0,78,1,9,1
698530,0,0,0,0,1,0,78,1,9,1
698628,0,1,1,0,1,0,78,1,9,1
698653,0,1,1,0,1,0,78,1,9,1
698750,1,0,0,1,1,0,78,1,9,1
698781,0,0,1,1,0,0,78,1,9,1
699248,0,0,0,0,1,0,78,1,9,1
699459,1,1,1,0,1,1,78,1,9,1
699479,1,0,1,0,0,0,78,1,9,1
700164,0,1,1,0,1,0,78,1,9,1
700377,1,0,0,1,1,0,78,1,9,1
700639,1,1,1,1,1,0,78,1,9,1
700725,1,0,1,0,0,0,78,1,9,1
701003,0,0,1,0,0,0,78,1,9,1
701603,0,1,0,1,0,0,78,1,9,1
701628,0,1,0,0,0,0,78,1,9,1
702275,1,0,1,0,0,0,78,1,9,1
702279,0,1,0,1,0,0,78,1,9,1
702354,0,0,1,1,0,0,78,1,9,1
702441,0,0,1,1,0,0,78,1,9,1
702591,1,0,0,1,1,0,78,1,9,1
702617,1,0,0,1,1,0,78,1,9,1
702835,1,1,0,0,0,0,78,1,9,1
703152,1,1,1,1,1,0,78,1,9,1
703254,1,0,1,0,0,0,78,1,9,1
703468,1,1,1,1,1,0,78,1,9,1
703582,1,0,0,1,1,0,78,1,9,1
703691,1,0,1,0,0,0,78,1,9,1
703717,1,1,0,0,0,0,78,1,9,1
704008,0,1,0,1,0,0,78,1,9,1
704253,0,1,1,0,1,0,78,1,9,1
704349,1,0,1,0,0,0,78,1,9,1
704586,1,1,0,0,0,0,78,1,9,1
704821,1,0,0,1,1,0,78,1,9,1
704871,1,0,0,1,1,0,78,1,9,1
705174,0,1,1,0,1,0,78,1,9,1
705278,1,1,1,1,1,0,78,1,9,1
705364,1,1,0,0,0,0,78,1,9,1
705526,0,1,1,0,1,0,78,1,9,1
705608,0,0,0,0,1,0,78,1,9,1
705781,0,1,0,1,0,0,78,1,9,1
705921,0,0,1,1,0,0,78,1,9,1
706084,0,0,1,1,0,0,78,1,9,1
706213,0,0,0,0,1,0,78,1,9,1
706384,1,1,1,1,1,0,78,1,9,1
706657,0,1,0,1,0,0,78,1,9,1
707608,0,1,1,0,1,0,78,1,9,1
707741,0,0,0,0,1,0,78,1,9,1
707919,1,1,0,0,0,0,78,1,9,1
707955,0,1,1,0,1,0,78,1,9,1
708065,1,1,0,0,0,0,78,1,9,1
708302,1,0,0,1,1,0,78,1,9,1
708332,0,0,1,1,0,0,78,1,9,1
708367,1,1,1,1,1,0,78,1,9,1
708391,0,1,0,1,0,0,78,1,9,1
708436,1,0,1,0,0,0,78,1,9,1
708495,0,0,1,1,0,0,78,1,9,1
708541,1,1,0,0,0,0,78,1,9,1
708651,1,1,1,1,1,0,78,1,9,1
708722,0,0,1,1,0,0,78,1,9,1
708762,0,0,0,0,1,0,78,1,9,1
708979,1,1,0,0,0,0,78,1,9,1
709013,1,0,1,0,0,0,78,1,9,1
709036,1,0,1,0,0,0,78,1,9,1
709177,1,0,1,0,0,0,78,1,9,1
709395,1,0,0,1,1,0,78,1,9,1
709418,1,1,0,0,0,0,78,1,9,1
709425,1,1,0,0,0,0,78,1,9,1
709498,1,0,0,1,1,0,78,1,9,1
709609,1,1,1,1,1,0,78,1,9,1
709644,0,0,0,0,1,0,78,1,9,1
709672,1,0,0,1,1,0,78,1,9,1
709766,0,0,1,1,0,0,78,1,9,1
709853,1,1,0,0,0,0,78,1,9,1
709909,1,1,1,1,1,0,78,1,9,1
710192,0,0,0,0,1,0,78,1,9,1
710398,0,1,0,1,0,0,78,1,9,1
710510,1,1,1,1,1,0,78,1,9,1
710752,1,0,1,0,0,0,78,1,9,1
710885,0,0,1,1,0,0,78,1,9,1
711026,1,0,0,1,1,0,78,1,9,1
711092,0,1,1,0,1,0,78,1,9,1
711153,1,1,0,0,0,0,78,1,9,1
711231,1,1,1,1,1,0,78,1,9,1
711299,1,1,0,0,0,0,78,1,9,1
711517,1,1,1,1,1,0,78,1,9,1
711955,1,1,0,0,0,0,78,1,9,1
712014,1,1,1,1,1,0,78,1,9,1
712140,0,1,1,1,1,1,78,1,9,1
712241,0,1,0,1,0,0,78,1,9,1
712407,0,0,1,1,0,0,78,1,9,1
712472,0,1,0,1,0,0,78,1,9,1
712489,0,1,0,1,0,0,78,1,9,1
712620,0,0,0,0,1,0,78,1,9,1
712706,0,0,0,0,1,0,78,1,9,1
712772,1,1,1,0,1,1,78,1,9,1
713025,1,0,0,1,1,0,78,1,9,1
713474,1,1,1,1,1,0,78,1,9,1
713749,0,0,0,0,1,0,78,1,9,1
713902,1,1,0,0,0,0,78,1,9,1
714523,0,0,0,0,1,0,78,1,9,1
714560,1,0,0,1,1,0,78,1,9,1
714572,0,1,1,0,1,0,78,1,9,1
715388,0,0,1,1,0,0,78,1,9,1
716034,1,1,0,0,0,0,78,1,9,1
716153,0,1,1,0,1,0,78,1,9,1
716275,1,0,1,0,0,0,78,1,9,1
716291,1,1,1,1,1,0,78,1,9,1
716626,0,0,0,0,1,0,78,1,9,1
716706,1,0,1,0,0,0,78,1,9,1
716801,0,1,1,0,1,0,78,1,9,1
717121,1,0,0,1,1,0,78,1,9,1
717294,1,1,1,1,1,0,78,1,9,1
717503,1,1,0,0,0,0,78,1,9,1
717510,1,0,0,0,1,1,78,1,9,1
717736,1,1,0,0,0,0,78,1,9,1
717742,1,1,1,1,1,0,78,1,9,1
718160,1,0,1,0,0,0,78,1,9,1
718315,0,1,1,0,1,0,78,1,9,1
718346,0,1,0,1,0,0,78,1,9,1
718503,1,0,0,1,1,0,78,1,9,1
718599,0,1,0,1,0,0,78,1,9,1
718662,0,1,0,1,0,0,78,1,9,1
718824,1,1,1,1,1,0,78,1,9,1
718829,1,0,0,1,1,0,78,1,9,1
719030,0,1,0,1,0,0,78,1,9,1
719334,1,0,0,1,1,0,78,1,9,1
719453,1,1,0,0,0,0,78,1,9,1
719747,1,1,0,0,0,0,78,1,9,1
720248,0,1,1,0,1,0,78,1,9,1
720337,1,1,0,0,0,0,78,1,9,1
720433,0,1,1,0,1,0,78,1,9,1
720465,1,0,1,0,0,0,78,1,9,1
720526,0,1,1,0,1,0,78,1,9,1
720660,1,1,0,0,0,0,78,1,9,1
720919,0,0,1,1,0,0,117,2,9,1
721178,0,1,1,0,1,0,117,2,9,1
721203,1,1,1,1,1,0,117,2,9,1
721317,1,0,0,1,1,0,117,2,9,1
721597,0,0,1,1,0,0,117,2,9,1
721617,1,0,0,1,1,0,117,2,9,1
721688,1,0,1,0,0,0,117,2,9,1
721729,0,1,0,1,0,0,117,2,9,1
721784,1,1,0,0,0,0,117,2,9,1
721861,0,0,0,0,1,0,117,2,9,1
721911,1,1,0,1,0,0,117,2,9,1
722032,0,0,0,0,1,0,117,2,9,1
722047,1,1,1,1,1,0,117,2,9,1
722191,0,0,1,1,0,0,117,2,9,1
722404,1,0,1,0,0,0,117,2,9,1
722639,1,1,1,1,1,0,117,2,9,1
722683,1,1,0,0,0,0,117,2,9,1
722700,0,0,0,0,1,0,117,2,9,1
722857,1,1,0,0,0,0,117,2,9,1
722897,0,0,1,1,0,0,117,2,9,1
722969,0,0,1,1,0,0,117,2,9,1
723148,1,1,1,1,1,0,117,2,9,1
723359,1,0,0,1,1,0,117,2,9,1
723517,1,0,0,1,1,0,117,2,9,1
723907,0,0,0,0,1,0,117,2,9,1
724008,1,1,1,1,1,0,117,2,9,1
724100,1,0,0,1,1,0,117,2,9,1
724124,1,1,1,1,1,0,117,2,9,1
724279,0,1,1,0,1,0,117,2,9,1
724321,0,0,1,1,0,0,117,2,9,1
724923,0,1,0,0,0,0,117,2,9,1
724956,1,0,1,0,0,0,117,2,9,1
725057,0,0,1,1,0,0,117,2,9,1
725112,1,0,0,1,1,0,117,2,9,1
725360,0,1,1,0,1,0,117,2,9,1
725411,0,1,0,1,0,0,117,2,9,1
725625,1,0,0,1,1,0,117,2,9,1
725675,0,0,1,1,0,0,117,2,9,1
725734,0,1,1,0,1,0,117,2,9,1
725797,1,0,1,0,0,0,117,2,9,1
725953,1,0,1,0,0,0,117,2,9,1
726147,0,1,1,0,1,0,117,2,9,1
726428,1,0,0,1,1,0,117,2,9,1
726518,0,1,0,1,0,0,117,2,9,1
726681,1,1,1,1,1,0,117,2,9,1
726715,0,1,1,0,1,0,117,2,9,1
726766,1,1,0,0,0,0,117,2,9,1
726835,1,0,0,1,1,0,117,2,9,1
726838,0,1,0,0,0,0,117,2,9,1
726954,0,0,0,0,1,0,117,2,9,1
726973,1,0,1,0,0,0,117,2,9,1
727086,1,1,1,1,1,0,117,2,9,1
727117,0,1,1,0,1,0,117,2,9,1
727394,1,0,1,0,0,0,117,2,9,1
727444,1,1,0,0,0,0,117,2,9,1
727483,0,0,1,1,0,0,117,2,9,1
727512,0,1,0,1,0,0,117,2,9,1
727521,1,0,1,0,0,0,117,2,9,1
727780,1,1,0,0,0,0,117,2,9,1
728030,1,1,1,1,1,0,117,2,9,1
728140,1,1,0,0,0,0,117,2,9,1
728290,1,1,0,0,0,0,117,2,9,1
728353,0,1,0,1,0,0,117,2,9,1
728495,0,1,0,1,0,0,117,2,9,1
728602,1,1,0,0,0,0,117,2,9,1
728997,1,0,1,0,0,0,117,2,9,1
729297,0,0,0,0,1,0,117,2,9,1
729430,0,0,1,1,0,0,117,2,9,1
729542,0,0,1,1,0,0,117,2,9,1
729592,1,0,1,0,0,0,117,2,9,1
729690,0,0,1,1,0,0,117,2,9,1
729733,0,1,1,0,1,0,117,2,9,1
729931,0,1,1,0,1,0,117,2,9,1
729935,0,0,0,0,1,0,117,2,9,1
730139,0,1,1,0,1,0,117,2,9,1
730285,0,0,1,1,0,0,117,2,9,1
730739,1,0,1,0,0,0,117,2,9,1
730788,0,1,0,1,0,0,117,2,9,1
730914,0,1,0,1,0,0,117,2,9,1
730997,0,0,1,0,0,0,117,2,9,1
731115,0,0,1,1,0,0,117,2,9,1
731227,1,0,1,0,0,0,117,2,9,1
731457,0,1,1,0,1,0,117,2,9,1
731544,1,1,1,1,1,0,117,2,9,1
731651,0,0,1,1,0,0,117,2,9,1
731863,1,1,0,0,0,0,117,2,9,1
732076,0,1,0,1,0,0,117,2,9,1
732129,1,1,1,1,1,0,117,2,9,1
732317,0,0,0,0,1,0,117,2,9,1
732366,0,1,1,0,1,0,117,2,9,1
732450,1,1,1,1,1,0,117,2,9,1
732468,1,1,1,1,1,0,117,2,9,1
732494,0,1,0,1,0,0,117,2,9,1
732534,1,0,0,1,1,0,117,2,9,1
732607,0,1,1,0,1,0,117,2,9,1
732820,0,0,0,0,1,0,117,2,9,1
733217,1,1,0,0,0,0,117,2,9,1
733299,1,1,0,0,0,0,117,2,9,1
733338,0,0,0,0,1,0,117,2,9,1
733490,0,0,0,0,1,0,117,2,9,1
733637,0,0,0,0,1,0,117,2,9,1
733673,0,0,1,1,0,0,117,2,9,1
733681,1,1,0,0,0,0,117,2,9,1
733684,0,1,0,1,0,0,117,2,9,1
733740,0,0,1,1,0,0,117,2,9,1
733908,0,0,0,0,1,0,117,2,9,1
734209,0,1,1,0,1,0,117,2,9,1
734399,1,0,1,0,0,0,117,2,9,1
734666,1,0,1,0,0,0,117,2,9,1
734783,0,0,1,1,0,0,117,2,9,1
734823,1,1,1,1,1,0,117,2,9,1
734860,0,1,1,0,1,0,117,2,9,1
734863,0,1,0,1,0,0,117,2,9,1
734886,0,1,0,1,0,0,117,2,9,1
735001,0,1,1,0,1,0,117,2,9,1
735029,1,0,1,0,0,0,117,2,9,1
735067,1,0,0,1,1,0,117,2,9,1
735078,0,0,1,1,0,0,117,2,9,1
735174,1,0,1,0,0,0,117,2,9,1
735184,1,0,1,0,0,0,117,2,9,1
735205,0,1,0,1,0,0,117,2,9,1
735228,0,0,0,0,1,0,117,2,9,1
736054,1,1,1,1,1,0,117,2,9,1
736117,1,1,1,1,1,0,117,2,9,1
736148,0,0,1,1,0,0,117,2,9,1
736260,0,0,1,1,0,0,117,2,9,1
736343,1,0,0,1,1,0,117,2,9,1
736461,1,0,0,1,1,0,117,2,9,1
736590,0,1,1,0,1,0,117,2,9,1
736641,1,1,1,1,1,0,117,2,9,1
736656,0,1,0,1,0,0,117,2,9,1
736677,0,0,1,1,0,0,117,2,9,1
736906,1,1,0,0,0,0,117,2,9,1
736912,1,1,1,1,1,0,117,2,9,1
737295,0,1,0,1,0,0,117,2,9,1
737372,1,1,1,1,1,0,117,2,9,1
737392,1,0,0,1,1,0,117,2,9,1
737444,0,1,0,1,0,0,117,2,9,1
737514,0,1,1,1,1,1,117,2,9,1
737675,1,0,1,0,0,0,117,2,9,1
737998,1,1,0,0,0,0,117,2,9,1
738339,1,0,1,0,0,0,117,2,9,1
738391,1,1,1,1,1,0,117,2,9,1
738442,0,0,1,1,0,0,117,2,9,1
738648,1,1,0,0,0,0,117,2,9,1
738696,0,1,1,0,1,0,117,2,9,1
738759,1,0,0,1,1,0,117,2,9,1
738795,0,0,0,0,1,0,117,2,9,1
738878,1,1,1,1,1,0,117,2,9,1
738906,1,0,1,0,0,0,117,2,9,1
738959,1,0,1,0,0,0,117,2,9,1
739110,0,1,1,0,1,0,117,2,9,1
739341,1,0,0,1,1,0,117,2,9,1
739393,1,1,0,0,0,0,117,2,9,1
739394,1,0,0,1,1,0,117,2,9,1
739468,1,0,1,0,0,0,117,2,9,1
739520,0,0,1,1,0,0,117,2,9,1
739603,1,1,0,0,0,0,117,2,9,1
739965,1,0,1,0,0,0,117,2,9,1
739984,1,1,0,0,0,0,117,2,9,1
740062,1,0,1,0,0,0,117,2,9,1
740065,1,1,0,0,0,0,117,2,9,1
740170,1,0,0,1,1,0,117,2,9,1
740246,1,0,1,0,0,0,117,2,9,1
740253,0,0,1,1,0,0,117,2,9,1
740337,1,0,0,1,1,0,117,2,9,1
740591,1,0,1,0,0,0,117,2,9,1
740705,1,1,0,0,0,0,117,2,9,1
740884,0,0,1,1,0,0,117,2,9,1
740890,0,1,0,1,0,0,117,2,9,1
741051,0,1,1,0,1,0,117,2,9,1
741573,1,0,0,1,1,0,117,2,9,1
741587,0,1,0,1,0,0,117,2,9,1
741627,1,0,1,0,0,0,117,2,9,1
741640,1,0,0,1,1,0,117,2,9,1
741739,0,0,0,0,1,0,117,2,9,1
741834,1,0,0,0,1,1,117,2,9,1
741975,1,0,0,0,1,1,117,2,9,1
742291,1,1,1,1,1,0,117,2,9,1
742472,1,0,1,0,0,0,117,2,9,1
742515,1,0,0,1,1,0,117,2,9,1
742548,1,0,0,1,1,0,117,2,9,1
742614,1,0,1,0,0,0,117,2,9,1
742834,1,0,0,1,1,0,117,2,9,1
742856,0,0,1,1,0,0,117,2,9,1
742887,1,1,0,0,0,0,117,2,9,1
743029,0,1,1,0,1,0,117,2,9,1
743127,0,1,1,0,1,0,117,2,9,1
743516,0,1,0,1,0,0,117,2,9,1
743760,1,0,1,0,0,0,117,2,9,1
743771,0,0,1,0,0,0,117,2,9,1
743809,1,0,1,0,0,0,117,2,9,1
743838,0,1,1,0,1,0,117,2,9,1
743950,1,1,1,1,1,0,117,2,9,1
744070,0,1,0,1,0,0,117,2,9,1
744144,0,0,0,0,1,0,117,2,9,1
744292,1,1,1,1,1,0,117,2,9,1
744334,0,0,1,1,0,0,117,2,9,1
744478,1,0,1,0,0,0,117,2,9,1
744491,1,0,0,1,1,0,117,2,9,1
744512,0,1,1,0,1,0,117,2,9,1
744596,0,1,1,0,1,0,117,2,9,1
744684,1,1,1,1,1,0,117,2,9,1
744753,1,1,0,0,0,0,117,2,9,1
745046,1,0,0,1,1,0,117,2,9,1
745102,1,1,0,0,0,0,117,2,9,1
745124,0,1,1,0,1,0,117,2,9,1
745334,0,1,1,0,1,0,117,2,9,1
745412,1,0,1,1,0,0,117,2,9,1
745580,1,1,0,0,0,0,117,2,9,1
745777,1,0,0,1,1,0,117,2,9,1
745950,1,1,0,0,0,0,117,2,9,1
746275,1,0,0,1,1,0,117,2,9,1
746284,1,1,0,0,0,0,117,2,9,1
746285,1,1,0,0,0,0,117,2,9,1
746657,1,1,0,0,0,0,117,2,9,1
746737,1,1,0,0,0,0,117,2,9,1
746978,0,0,1,1,0,0,117,2,9,1
747063,0,0,0,0,1,0,117,2,9,1
747143,0,0,1,1,0,0,117,2,9,1
747362,1,1,1,1,1,0,117,2,9,1
747405,1,1,1,1,1,0,117,2,9,1
747439,0,1,1,0,1,0,117,2,9,1
747571,1,1,0,0,0,0,117,2,9,1
747695,0,1,0,1,0,0,117,2,9,1
747796,1,1,0,0,0,0,117,2,9,1
747816,1,0,0,1,1,0,117,2,9,1
747837,1,1,1,1,1,0,117,2,9,1
748003,0,1,1,0,1,0,117,2,9,1
748142,0,0,0,0,1,0,117,2,9,1
748220,1,0,0,1,1,0,117,2,9,1
748246,0,1,0,1,0,0,117,2,9,1
748342,1,0,0,1,1,0,117,2,9,1
748476,1,1,0,0,0,0,117,2,9,1
748512,1,0,1,0,0,0,117,2,9,1
748562,0,1,1,0,1,0,117,2,9,1
748573,1,0,1,0,0,0,117,2,9,1
748712,0,1,0,1,0,0,117,2,9,1
748813,1,1,1,1,1,0,117,2,9,1
748851,0,0,1,1,0,0,117,2,9,1
748880,0,1,1,0,1,0,117,2,9,1
749007,0,1,1,0,1,0,117,2,9,1
749138,0,0,1,1,0,0,117,2,9,1
749276,1,1,0,0,0,0,117,2,9,1
749338,0,1,0,1,0,0,117,2,9,1
749340,0,0,1,0,0,0,117,2,9,1
749378,1,0,0,1,1,0,117,2,9,1
749513,0,0,1,1,0,0,117,2,9,1
749633,0,1,0,1,0,0,117,2,9,1
749716,0,0,1,1,0,0,117,2,9,1
749747,1,0,0,1,1,0,117,2,9,1
749972,1,1,1,1,1,0,117,2,9,1
750094,1,1,0,0,0,0,117,2,9,1
750096,1,1,1,1,1,0,117,2,9,1
750098,0,0,0,0,1,0,117,2,9,1
750130,0,0,1,1,0,0,117,2,9,1
750168,0,0,1,1,0,0,117,2,9,1
750365,1,1,1,1,1,0,117,2,9,1
750625,1,1,1,0,1,1,117,2,9,1
750648,1,1,0,0,0,0,117,2,9,1
750704,0,1,1,0,1,0,117,2,9,1
751041,1,1,1,1,1,0,117,2,9,1
751087,0,0,1,1,0,0,117,2,9,1
751103,1,0,1,0,0,0,117,2,9,1
751243,0,0,1,1,0,0,117,2,9,1
751375,0,0,0,0,1,0,117,2,9,1
751509,0,0,0,0,1,0,117,2,9,1
751632,1,0,1,0,0,0,117,2,9,1
751717,0,0,1,1,0,0,117,2,9,1
751753,0,0,1,1,0,0,117,2,9,1
751850,1,0,1,0,0,0,117,2,9,1
751923,0,1,1,0,1,0,117,2,9,1
751997,0,1,1,0,1,0,117,2,9,1
752032,1,1,1,1,1,0,117,2,9,1
752072,1,1,1,1,1,0,117,2,9,1
752078,1,0,0,1,1,0,117,2,9,1
752134,1,0,1,0,0,0,117,2,9,1
752235,0,1,1,0,1,0,117,2,9,1
752375,1,1,1,1,1,0,117,2,9,1
752440,0,0,0,0,1,0,117,2,9,1
752770,0,0,1,1,0,0,117,2,9,1
753092,0,0,0,0,1,0,117,2,9,1
753096,1,0,0,1,1,0,117,2,9,1
753098,1,0,1,0,0,0,117,2,9,1
753237,0,1,0,0,0,0,117,2,9,1
753271,1,0,0,1,1,0,117,2,9,1
753335,1,0,0,1,1,0,117,2,9,1
753338,0,1,1,0,1,0,117,2,9,1
753514,0,1,0,1,0,0,117,2,9,1
753732,1,1,1,1,1,0,117,2,9,1
754064,1,1,1,1,1,0,117,2,9,1
754070,1,1,1,1,1,0,117,2,9,1
754358,0,0,0,0,1,0,117,2,9,1
754488,1,0,1,0,0,0,117,2,9,1
754562,1,0,1,0,0,0,117,2,9,1
754947,0,1,1,0,1,0,117,2,9,1
755044,0,0,0,0,1,0,117,2,9,1
755101,1,1,1,1,1,0,117,2,9,1
755134,0,1,1,0,1,0,117,2,9,1
755252,0,0,1,1,0,0,117,2,9,1
755382,0,0,0,0,1,0,117,2,9,1
755605,1,1,1,1,1,0,117,2,9,1
755758,1,1,0,0,0,0,117,2,9,1
755841,1,1,0,0,0,0,117,2,9,1
755927,0,0,0,0,1,0,117,2,9,1
756153,0,0,1,1,0,0,117,2,9,1
756185,1,1,1,1,1,0,117,2,9,1
756220,0,0,1,1,0,0,117,2,9,1
756295,0,0,0,0,1,0,117,2,9,1
756366,1,0,0,1,1,0,117,2,9,1
756528,1,0,0,1,1,0,117,2,9,1
756529,0,1,1,0,1,0,117,2,9,1
756823,0,0,1,1,0,0,117,2,9,1
756907,0,1,1,0,1,0,117,2,9,1
756954,0,0,0,0,1,0,117,2,9,1
756957,0,0,0,0,1,0,117,2,9,1
757073,1,1,1,1,1,0,117,2,9,1
757111,1,0,0,1,1,0,117,2,9,1
757166,0,1,1,0,1,0,117,2,9,1
757396,1,0,1,0,0,0,117,2,9,1
757612,1,0,1,0,0,0,117,2,9,1
757772,1,0,1,0,0,0,117,2,9,1
757806,0,0,1,1,0,0,117,2,9,1
757851,1,0,1,0,0,0,117,2,9,1
757875,1,1,1,1,1,0,117,2,9,1
757921,1,1,1,1,1,0,117,2,9,1
758203,0,0,0,0,1,0,117,2,9,1
758257,1,0,0,1,1,0,117,2,9,1
758266,0,0,0,0,1,0,117,2,9,1
758289,1,0,0,1,1,0,117,2,9,1
758373,1,0,1,0,0,0,117,2,9,1
758425,0,0,1,1,0,0,117,2,9,1
758651,1,1,1,1,1,0,117,2,9,1
758670,1,1,1,1,1,0,117,2,9,1
758885,0,0,1,1,0,0,117,2,9,1
758953,0,0,0,1,1,1,117,2,9,1
759001,1,1,0,0,0,0,117,2,9,1
759043,0,0,0,0,1,0,117,2,9,1
759246,0,0,1,1,0,0,117,2,9,1
759481,0,0,0,0,1,0,117,2,9,1
759552,0,1,0,1,0,0,117,2,9,1
759642,1,0,0,1,1,0,117,2,9,1
759798,1,1,1,1,1,0,117,2,9,1
759978,0,1,0,1,0,0,117,2,9,1
760019,1,0,0,1,1,0,117,2,9,1
760214,1,1,0,0,0,0,117,2,9,1
760295,1,0,1,0,0,0,117,2,9,1
760346,1,0,1,0,0,0,117,2,9,1
760347,1,0,0,1,1,0,117,2,9,1
760490,1,1,0,0,0,0,117,2,9,1
760519,1,1,1,1,1,0,117,2,9,1
760541,1,0,0,1,1,0,117,2,9,1
760610,1,0,0,1,1,0,117,2,9,1
760711,0,1,1,0,1,0,117,2,9,1
760781,1,1,0,0,0,0,117,2,9,1
760813,1,1,1,1,1,0,117,2,9,1
760989,0,0,0,0,1,0,117,2,9,1
761061,1,0,0,1,1,0,117,2,9,1
761082,1,1,1,1,1,0,117,2,9,1
761115,0,1,0,1,0,0,117,2,9,1
761206,0,1,1,0,1,0,117,2,9,1
761334,1,0,1,0,0,0,117,2,9,1
761365,0,0,1,1,0,0,117,2,9,1
761378,0,0,1,1,0,0,117,2,9,1
762004,1,0,0,1,1,0,117,2,9,1
762111,0,1,0,1,0,0,117,2,9,1
762127,1,0,0,1,1,0,117,2,9,1
762214,0,0,1,1,0,0,117,2,9,1
762453,0,1,1,0,1,0,117,2,9,1
762556,0,0,0,0,1,0,117,2,9,1
762672,1,0,0,1,1,0,117,2,9,1
762935,0,1,0,1,0,0,117,2,9,1
763042,0,1,1,0,1,0,117,2,9,1
763147,0,0,1,1,0,0,117,2,9,1
763155,0,1,1,0,1,0,117,2,9,1
763216,0,1,0,1,0,0,117,2,9,1
763235,1,1,0,0,0,0,117,2,9,1
763419,0,1,1,0,1,0,117,2,9,1
763567,1,0,1,0,0,0,117,2,9,1
763686,1,1,1,1,1,0,117,2,9,1
763850,0,0,0,0,1,0,117,2,9,1
763854,0,1,0,1,0,0,117,2,9,1
763925,0,0,1,1,0,0,117,2,9,1
764040,0,0,1,1,0,0,117,2,9,1
764152,0,1,1,0,1,0,117,2,9,1
764157,1,0,0,1,1,0,117,2,9,1
764216,0,0,0,0,1,0,117,2,9,1
764325,0,0,1,1,0,0,117,2,9,1
764420,1,0,1,0,0,0,117,2,9,1
764430,1,1,1,1,1,0,117,2,9,1
764649,1,0,1,0,0,0,117,2,9,1
764796,0,1,0,1,0,0,117,2,9,1
764925,0,0,0,0,1,0,117,2,9,1
764972,1,1,0,0,0,0,117,2,9,1
765246,0,0,0,0,1,0,117,2,9,1
765430,1,1,0,1,0,0,117,2,9,1
765515,1,0,1,0,0,0,117,2,9,1
765559,0,0,1,1,0,0,117,2,9,1
765687,0,0,1,1,0,0,117,2,9,1
765763,0,0,0,0,1,0,117,2,9,1
765797,1,1,1,1,1,0,117,2,9,1
765833,1,1,0,0,0,0,117,2,9,1
765938,1,1,0,0,0,0,117,2,9,1
766042,0,0,0,0,1,0,117,2,9,1
766185,1,0,0,1,1,0,117,2,9,1
766376,0,0,0,0,1,0,117,2,9,1
766687,0,0,1,1,0,0,117,2,9,1
766716,1,0,1,0,0,0,117,2,9,1
766819,0,1,0,1,0,0,117,2,9,1
766899,1,1,1,1,1,0,117,2,9,1
766907,0,0,1,1,0,0,117,2,9,1
766986,1,1,0,0,0,0,117,2,9,1
767028,0,0,0,0,1,0,117,2,9,1
767365,1,1,1,1,1,0,117,2,9,1
767538,1,1,1,1,1,0,117,2,9,1
767694,0,1,1,0,1,0,117,2,9,1
767740,0,1,1,0,1,0,117,2,9,1
767748,0,0,0,0,1,0,117,2,9,1
767801,0,0,1,1,0,0,117,2,9,1
767859,0,1,1,0,1,0,117,2,9,1
767908,1,1,0,0,0,0,117,2,9,1
767999,0,0,1,1,0,0,117,2,9,1
768054,0,0,0,0,1,0,117,2,9,1
768173,0,0,1,1,0,0,117,2,9,1
768210,0,1,0,1,0,0,117,2,9,1
768425,1,0,0,1,1,0,117,2,9,1
768438,1,0,1,0,0,0,117,2,9,1
768444,1,0,1,0,0,0,117,2,9,1
768471,0,1,1,0,1,0,117,2,9,1
768494,0,1,1,0,1,0,117,2,9,1
768666,0,0,1,1,0,0,117,2,9,1
769006,1,0,1,0,0,0,117,2,9,1
769017,0,1,0,1,0,0,117,2,9,1
769118,0,0,0,0,1,0,117,2,9,1
769401,1,0,0,1,1,0,117,2,9,1
769512,1,1,0,0,0,0,117,2,9,1
769528,0,1,1,0,1,0,117,2,9,1
769566,1,1,0,0,0,0,117,2,9,1
769885,0,0,0,0,1,0,117,2,9,1
769891,1,1,0,0,0,0,117,2,9,1
769904,1,0,0,1,1,0,117,2,9,1
770031,0,0,0,0,1,0,117,2,9,1
770292,1,1,1,1,1,0,117,2,9,1
770300,0,0,0,0,1,0,117,2,9,1
770313,1,0,0,1,1,0,117,2,9,1
770344,1,0,0,1,1,0,117,2,9,1
770516,1,0,0,1,1,0,117,2,9,1
770549,0,0,0,0,1,0,117,2,9,1
770755,1,0,0,1,1,0,117,2,9,1
770821,0,1,0,1,0,0,117,2,9,1
770905,0,0,0,0,1,0,117,2,9,1
770988,0,0,0,0,1,0,117,2,9,1
771134,1,1,0,0,0,0,117,2,9,1
771464,1,0,1,0,0,0,117,2,9,1
771497,0,0,1,1,0,0,117,2,9,1
771559,1,0,1,0,0,0,117,2,9,1
771608,1,0,1,0,0,0,117,2,9,1
771651,1,0,1,0,0,0,117,2,9,1
771903,0,0,0,0,1,0,117,2,9,1
771904,1,1,1,1,1,0,117,2,9,1
771931,0,0,1,1,0,0,117,2,9,1
771995,0,0,0,0,1,0,117,2,9,1
772041,0,0,1,1,0,0,117,2,9,1
772044,1,0,0,1,1,0,117,2,9,1
772064,1,0,0,1,1,0,117,2,9,1
772175,0,0,0,0,1,0,117,2,9,1
772251,0,0,1,1,0,0,117,2,9,1
772260,0,0,0,0,1,0,117,2,9,1
772403,0,0,0,0,1,0,117,2,9,1
772488,1,1,0,0,0,0,117,2,9,1
772742,0,0,0,0,1,0,117,2,9,1
772882,0,0,1,1,0,0,117,2,9,1
773432,0,1,0,1,0,0,117,2,9,1
773433,0,0,1,1,0,0,117,2,9,1
773588,0,0,1,1,0,0,117,2,9,1
773733,1,1,0,0,0,0,117,2,9,1
773959,0,1,0,1,0,0,117,2,9,1
774200,0,0,1,1,0,0,117,2,9,1
774404,1,0,0,1,1,0,117,2,9,1
774499,0,0,0,0,1,0,117,2,9,1
774543,0,0,1,1,0,0,117,2,9,1
774545,1,0,0,1,1,0,117,2,9,1
774645,1,0,0,1,1,0,117,2,9,1
774718,0,0,1,1,0,0,117,2,9,1
774720,1,1,0,0,0,0,117,2,9,1
774859,0,0,1,1,0,0,117,2,9,1
774928,0,1,1,0,1,0,117,2,9,1
774944,0,0,1,1,0,0,117,2,9,1
775020,1,0,1,0,0,0,117,2,9,1
775026,1,1,0,0,0,0,117,2,9,1
775187,0,1,1,0,1,0,117,2,9,1
775437,1,1,0,0,0,0,117,2,9,1
775460,1,0,1,0,0,0,117,2,9,1
775480,1,1,1,1,1,0,117,2,9,1
775597,1,1,0,0,0,0,117,2,9,1
775940,1,1,1,1,1,0,117,2,9,1
775962,0,1,0,1,0,0,117,2,9,1
776030,0,1,1,0,1,0,117,2,9,1
776139,1,0,0,0,1,1,117,2,9,1
776141,1,1,0,0,0,0,117,2,9,1
776269,0,0,1,1,0,0,117,2,9,1
776294,1,0,0,1,1,0,117,2,9,1
776327,0,0,1,1,0,0,117,2,9,1
776626,0,1,0,1,0,0,117,2,9,1
776633,1,0,1,0,0,0,117,2,9,1
776666,1,1,0,0,0,0,117,2,9,1
776671,1,0,1,0,0,0,117,2,9,1
776718,1,0,0,1,1,0,117,2,9,1
776778,0,1,0,1,0,0,117,2,9,1
776814,0,0,1,1,0,0,117,2,9,1
777026,0,0,0,0,1,0,117,2,9,1
777055,1,0,1,0,0,0,117,2,9,1
777108,1,1,0,0,0,0,117,2,9,1
777138,1,0,0,1,1,0,117,2,9,1
777225,1,0,1,0,0,0,117,2,9,1
777362,0,0,0,0,1,0,117,2,9,1
777512,1,1,1,1,1,0,117,2,9,1
777552,0,0,1,1,0,0,117,2,9,1
777561,1,0,1,0,0,0,117,2,9,1
777576,1,1,0,0,0,0,117,2,9,1
778053,1,0,0,1,1,0,117,2,9,1
778089,1,1,1,1,1,0,117,2,9,1
778289,0,0,0,0,1,0,117,2,9,1
778309,0,1,0,1,0,0,117,2,9,1
778858,0,1,0,1,0,0,117,2,9,1
778891,0,0,0,0,1,0,117,2,9,1
778924,0,0,1,1,0,0,117,2,9,1
779073,1,0,1,0,0,0,117,2,9,1
779091,0,0,1,1,0,0,117,2,9,1
779182,1,0,1,0,0,0,117,2,9,1
779316,1,1,1,1,1,0,117,2,9,1
779344,0,1,1,0,1,0,117,2,9,1
779444,0,0,0,0,1,0,117,2,9,1
779446,0,0,1,1,0,0,117,2,9,1
779532,0,0,0,0,1,0,117,2,9,1
779561,0,0,0,0,1,0,117,2,9,1
779654,0,0,0,0,1,0,117,2,9,1
779699,0,0,1,1,0,0,117,2,9,1
779870,0,0,1,1,0,0,117,2,9,1
779974,1,1,0,0,0,0,117,2,9,1
780014,1,0,0,1,1,0,117,2,9,1
780051,1,1,0,0,0,0,117,2,9,1
780235,1,0,1,0,0,0,117,2,9,1
780272,1,0,0,1,1,0,117,2,9,1
780495,1,0,1,0,0,0,117,2,9,1
780528,1,1,0,0,0,0,117,2,9,1
780538,1,1,1,1,1,0,117,2,9,1
780932,0,1,0,1,0,0,117,2,9,1
781118,0,1,0,1,0,0,117,2,9,1
781250,1,0,1,0,0,0,117,2,9,1
781397,0,1,0,1,0,0,117,2,9,1
781412,0,0,1,1,0,0,117,2,9,1
782031,1,0,1,0,0,0,117,2,9,1
782347,1,0,0,1,1,0,117,2,9,1
782541,0,0,0,0,1,0,117,2,9,1
782986,1,0,0,1,1,0,117,2,9,1
783123,1,1,0,0,0,0,117,2,9,1
783165,0,0,1,1,0,0,117,2,9,1
783256,0,0,0,0,1,0,117,2,9,1
783291,1,0,1,0,0,0,117,2,9,1
783562,0,1,1,0,1,0,117,2,9,1
783566,0,1,1,0,1,0,117,2,9,1
783605,0,0,1,1,0,0,117,2,9,1
783926,1,1,1,1,1,0,117,2,9,1
783978,1,1,0,0,0,0,117,2,9,1
784011,1,1,0,0,0,0,117,2,9,1
784019,1,0,0,1,1,0,117,2,9,1
784040,1,0,1,0,0,0,117,2,9,1
784043,0,1,0,1,0,0,117,2,9,1
784102,1,1,1,1,1,0,117,2,9,1
784325,1,0,1,0,0,0,117,2,9,1
784392,0,1,1,0,1,0,117,2,9,1
784664,1,1,1,1,1,0,117,2,9,1
784751,1,1,1,1,1,0,117,2,9,1
784785,1,1,0,0,0,0,117,2,9,1
784800,0,1,0,1,0,0,117,2,9,1
784803,1,1,0,0,0,0,117,2,9,1
784826,0,1,1,0,1,0,117,2,9,1
784890,1,1,0,0,0,0,117,2,9,1
784908,1,0,1,0,0,0,117,2,9,1
784987,1,1,1,1,1,0,117,2,9,1
785187,1,1,1,1,1,0,117,2,9,1
785426,1,1,1,1,1,0,117,2,9,1
785718,0,0,0,0,1,0,117,2,9,1
785780,0,0,1,1,0,0,117,2,9,1
785858,0,0,0,0,1,0,117,2,9,1
785936,1,0,1,0,0,0,117,2,9,1
786208,1,1,0,0,0,0,117,2,9,1
786364,0,1,0,1,0,0,117,2,9,1
786409,1,0,0,1,1,0,117,2,9,1
786439,1,1,0,0,0,0,123,2,12,0
786461,0,0,0,0,1,0,123,2,12,0
786518,0,0,0,0,1,0,123,2,12,0
786558,1,1,0,0,0,0,123,2,12,0
786902,0,0,0,0,1,0,123,2,12,0
786960,1,1,1,1,1,0,123,2,12,0
787009,1,1,1,1,1,0,123,2,12,0
787019,0,1,1,1,1,1,123,2,12,0
787105,0,1,1,0,1,0,123,2,12,0
787109,1,1,0,1,0,0,123,2,12,0
787185,0,1,1,0,1,0,123,2,12,0
787288,0,1,1,0,1,0,123,2,12,0
787467,0,0,1,1,0,0,123,2,12,0
787544,1,1,0,0,0,0,123,2,12,0
787688,0,0,1,1,0,0,123,2,12,0
787741,1,0,0,1,1,0,123,2,12,0
787787,1,0,1,0,0,0,123,2,12,0
787914,1,0,0,1,1,0,123,2,12,0
788171,0,1,0,1,0,0,123,2,12,0
788235,0,1,1,0,1,0,123,2,12,0
788335,1,0,1,0,0,0,123,2,12,0
788389,0,1,1,0,1,0,123,2,12,0
788542,0,0,0,0,1,0,123,2,12,0
788592,1,0,0,1,1,0,123,2,12,0
788607,0,0,0,0,1,0,123,2,12,0
788650,0,1,0,1,0,0,123,2,12,0
788679,0,0,1,1,0,0,123,2,12,0
788682,1,0,1,0,0,0,123,2,12,0
788739,1,1,0,0,0,0,123,2,12,0
788957,0,1,0,1,0,0,123,2,12,0
789061,1,1,0,0,0,0,123,2,12,0
789090,1,1,0,0,0,0,123,2,12,0
789196,0,1,1,0,1,0,123,2,12,0
789232,1,0,0,1,1,0,123,2,12,0
789247,1,0,0,1,1,0,123,2,12,0
789294,1,0,0,1,1,0,123,2,12,0
789299,1,1,0,0,0,0,123,2,12,0
789358,0,0,0,0,1,0,123,2,12,0
789388,1,1,0,0,0,0,123,2,12,0
789594,1,0,0,1,1,0,123,2,12,0
789626,0,0,0,0,1,0,123,2,12,0
789707,1,0,0,1,1,0,123,2,12,0
789756,0,0,0,0,1,0,123,2,12,0
789790,0,1,1,0,1,0,123,2,12,0
789828,1,1,1,1,1,0,123,2,12,0
789859,1,0,1,0,0,0,123,2,12,0
789899,0,1,1,0,1,0,123,2,12,0
789916,0,1,1,1,1,1,123,2,12,0
789933,0,0,0,0,1,0,123,2,12,0
789940,0,1,1,0,1,0,123,2,12,0
789941,0,1,1,0,1,0,123,2,12,0
790072,0,1,1,0,1,0,123,2,12,0
790093,1,0,0,1,1,0,123,2,12,0
790109,1,1,1,1,1,0,123,2,12,0
790220,0,1,0,1,0,0,123,2,12,0
790279,0,1,1,0,1,0,123,2,12,0
790317,1,1,0,0,0,0,123,2,12,0
790389,0,0,1,1,0,0,123,2,12,0
790450,1,1,0,0,0,0,123,2,12,0
790453,0,1,1,0,1,0,123,2,12,0
790487,1,1,0,0,0,0,123,2,12,0
790542,1,0,1,0,0,0,123,2,12,0
790568,1,0,1,0,0,0,123,2,12,0
790912,1,0,0,1,1,0,123,2,12,0
791135,0,1,1,0,1,0,123,2,12,0
791279,1,0,1,0,0,0,123,2,12,0
791423,0,1,1,0,1,0,123,2,12,0
791730,0,0,0,0,1,0,123,2,12,0
791733,1,1,1,1,1,0,123,2,12,0
791811,1,0,1,0,0,0,123,2,12,0
791859,1,1,1,1,1,0,123,2,12,0
791873,1,0,0,1,1,0,123,2,12,0
791877,0,1,0,1,0,0,123,2,12,0
791885,0,1,1,0,1,0,123,2,12,0
792046,1,1,0,0,0,0,123,2,12,0
792106,0,1,1,0,1,0,123,2,12,0
792111,0,0,1,1,0,0,123,2,12,0
792158,1,1,1,1,1,0,123,2,12,0
792170,0,0,0,0,1,0,123,2,12,0
792461,1,1,0,0,0,0,123,2,12,0
792573,1,1,1,1,1,0,123,2,12,0
792756,0,0,0,0,1,0,123,2,12,0
792885,1,0,0,1,1,0,123,2,12,0
792973,1,0,0,1,1,0,123,2,12,0
793147,0,1,0,1,0,0,123,2,12,0
793161,1,1,1,1,1,0,123,2,12,0
793165,0,1,1,0,1,0,123,2,12,0
793186,0,1,0,1,0,0,123,2,12,0
793293,1,0,1,0,0,0,123,2,12,0
793323,1,1,0,0,0,0,123,2,12,0
793445,1,0,0,1,1,0,123,2,12,0
793501,0,1,1,0,1,0,123,2,12,0
793565,0,1,0,1,0,0,123,2,12,0
793637,0,1,1,0,1,0,123,2,12,0
793682,0,0,0,0,1,0,123,2,12,0
793743,0,1,0,1,0,0,123,2,12,0
793848,0,1,0,1,0,0,123,2,12,0
793974,1,1,1,1,1,0,123,2,12,0
793994,0,0,1,1,0,0,123,2,12,0
794222,1,1,0,0,0,0,123,2,12,0
794232,1,1,0,0,0,0,123,2,12,0
794441,1,0,0,1,1,0,123,2,12,0
794482,0,0,1,1,0,0,123,2,12,0
794583,0,1,0,1,0,0,123,2,12,0
794659,1,1,1,1,1,0,123,2,12,0
794855,1,0,1,0,0,0,123,2,12,0
794856,0,1,1,0,1,0,123,2,12,0
794937,0,0,0,0,1,0,123,2,12,0
795082,1,0,0,1,1,0,123,2,12,0
795177,1,1,0,0,0,0,123,2,12,0
795228,0,0,1,0,0,0,123,2,12,0
795258,0,0,1,1,0,0,123,2,12,0
795336,1,1,1,1,1,0,123,2,12,0
795356,0,1,0,1,0,0,123,2,12,0
795484,0,1,0,1,0,0,123,2,12,0
795490,0,1,0,1,0,0,123,2,12,0
795529,1,0,0,1,1,0,123,2,12,0
795778,1,1,1,1,1,0,123,2,12,0
795790,1,0,1,0,0,0,123,2,12,0
795892,0,0,0,0,1,0,123,2,12,0
796209,0,1,1,0,1,0,123,2,12,0
796289,1,0,0,1,1,0,123,2,12,0
796297,0,1,0,1,0,0,123,2,12,0
796418,0,1,1,0,1,0,123,2,12,0
796685,0,1,1,0,1,0,123,2,12,0
796889,1,1,0,0,0,0,123,2,12,0
796911,0,0,1,1,0,0,123,2,12,0
796914,1,1,0,0,0,0,123,2,12,0
796937,0,0,0,0,1,0,123,2,12,0
797006,0,0,1,1,0,0,123,2,12,0
797015,1,1,0,0,0,0,123,2,12,0
797076,0,0,1,1,0,0,123,2,12,0
797266,1,1,0,0,0,0,123,2,12,0
797283,0,0,0,0,1,0,123,2,12,0
797450,0,0,0,0,1,0,123,2,12,0
797510,1,1,1,1,1,0,123,2,12,0
797804,1,1,0,0,0,0,123,2,12,0
797866,0,1,1,0,1,0,123,2,12,0
797947,0,1,1,0,1,0,123,2,12,0
797959,0,0,0,0,1,0,123,2,12,0
798092,1,1,0,0,0,0,123,2,12,0
798096,0,0,1,1,0,0,123,2,12,0
798112,0,1,1,0,1,0,123,2,12,0
798188,0,0,1,0,0,0,123,2,12,0
798386,1,1,0,0,0,0,123,2,12,0
798431,1,1,1,1,1,0,123,2,12,0
798499,0,1,0,1,0,0,123,2,12,0
798507,0,1,1,0,1,0,123,2,12,0
798518,1,1,1,1,1,0,123,2,12,0
798560,1,0,0,1,1,0,123,2,12,0
798607,1,0,1,0,0,0,123,2,12,0
798664,0,0,1,1,0,0,123,2,12,0
799023,0,1,0,1,0,0,123,2,12,0
799102,0,1,0,1,0,0,123,2,12,0
799119,1,1,0,0,0,0,123,2,12,0
799291,0,1,0,1,0,0,123,2,12,0
799578,1,1,1,1,1,0,123,2,12,0
799658,0,1,0,1,0,0,123,2,12,0
799676,0,0,0,0,1,0,123,2,12,0
799735,0,0,1,1,0,0,123,2,12,0
799742,0,1,1,0,1,0,123,2,12,0
799816,0,0,1,1,0,0,123,2,12,0
799852,0,1,0,1,0,0,123,2,12,0
799863,0,1,1,0,1,0,123,2,12,0
799885,1,1,0,0,0,0,123,2,12,0
799985,1,0,0,1,1,0,123,2,12,0
800139,1,0,0,1,1,0,123,2,12,0
800178,1,0,1,0,0,0,123,2,12,0
800230,1,0,0,1,1,0,123,2,12,0
800232,0,1,1,0,1,0,123,2,12,0
800234,0,1,0,1,0,0,123,2,12,0
800320,0,1,0,1,0,0,123,2,12,0
800404,0,0,1,0,0,0,123,2,12,0
800714,0,0,0,0,1,0,123,2,12,0
800954,1,1,0,0,0,0,123,2,12,0
800964,0,1,0,1,0,0,123,2,12,0
800995,1,1,1,1,1,0,123,2,12,0
801041,0,0,0,0,1,0,123,2,12,0
801088,1,1,1,1,1,0,123,2,12,0
801098,1,1,1,1,1,0,123,2,12,0
801262,0,1,1,0,1,0,123,2,12,0
801277,1,1,0,0,0,0,123,2,12,0
801396,1,1,1,1,1,0,123,2,12,0
801438,0,1,0,1,0,0,123,2,12,0
801477,1,1,0,0,0,0,123,2,12,0
801702,1,1,1,1,1,0,123,2,12,0
802027,1,0,0,1,1,0,123,2,12,0
802032,0,1,1,0,1,0,123,2,12,0
802080,0,1,1,0,1,0,123,2,12,0
802136,0,0,1,0,0,0,123,2,12,0
802301,0,1,0,1,0,0,123,2,12,0
802383,1,1,1,1,1,0,123,2,12,0
802445,0,0,0,0,1,0,123,2,12,0
802552,0,0,0,0,1,0,123,2,12,0
802554,0,1,0,1,0,0,123,2,12,0
802634,1,1,1,1,1,0,123,2,12,0
802644,1,0,1,0,0,0,123,2,12,0
802664,0,0,0,0,1,0,123,2,12,0
802882,0,1,0,1,0,0,123,2,12,0
802988,1,0,0,1,1,0,123,2,12,0
803033,1,0,1,0,0,0,123,2,12,0
803050,0,0,0,0,1,0,123,2,12,0
803057,1,0,1,0,0,0,123,2,12,0
803104,0,0,0,0,1,0,123,2,12,0
803302,1,0,1,0,0,0,123,2,12,0
803419,0,0,1,1,0,0,123,2,12,0
803434,0,1,0,1,0,0,123,2,12,0
803478,1,1,1,1,1,0,123,2,12,0
803503,1,0,0,1,1,0,123,2,12,0
803573,0,1,1,0,1,0,123,2,12,0
803780,1,0,0,1,1,0,123,2,12,0
803860,0,1,0,1,0,0,123,2,12,0
803960,0,0,1,1,0,0,123,2,12,0
803993,0,1,1,0,1,0,123,2,12,0
804038,1,0,1,0,0,0,123,2,12,0
804073,0,1,1,0,1,0,123,2,12,0
804080,1,1,1,1,1,0,123,2,12,0
804100,1,0,0,1,1,0,123,2,12,0
804123,0,0,1,1,0,0,123,2,12,0
804130,0,1,1,0,1,0,123,2,12,0
804236,1,1,0,0,0,0,123,2,12,0
804257,0,1,0,1,0,0,123,2,12,0
804310,1,1,1,1,1,0,123,2,12,0
804317,1,0,0,1,1,0,123,2,12,0
804423,1,1,0,0,0,0,123,2,12,0
804499,0,0,0,0,1,0,123,2,12,0
804535,0,1,0,1,0,0,123,2,12,0
804783,1,0,0,1,1,0,123,2,12,0
804832,1,0,0,1,1,0,123,2,12,0
804878,0,0,0,0,1,0,123,2,12,0
805139,1,0,1,0,0,0,123,2,12,0
805320,0,1,0,1,0,0,123,2,12,0
805357,1,0,1,0,0,0,123,2,12,0
805438,0,1,0,1,0,0,123,2,12,0
805472,0,0,0,0,1,0,123,2,12,0
805506,1,0,1,0,0,0,123,2,12,0
805597,1,1,1,1,1,0,123,2,12,0
805619,0,1,0,1,0,0,123,2,12,0
805638,1,1,1,1,1,0,123,2,12,0
805751,1,0,0,1,1,0,123,2,12,0
805758,1,1,0,0,0,0,123,2,12,0
805943,0,1,1,0,1,0,123,2,12,0
806192,1,1,0,0,0,0,123,2,12,0
806261,0,0,1,1,0,0,123,2,12,0
806279,1,1,1,1,1,0,123,2,12,0
806291,0,1,1,0,1,0,123,2,12,0
806335,1,1,1,1,1,0,123,2,12,0
806396,0,0,1,1,0,0,123,2,12,0
806418,0,0,0,0,1,0,123,2,12,0
806455,1,0,0,1,1,0,123,2,12,0
806494,1,0,1,0,0,0,123,2,12,0
806522,1,0,0,1,1,0,123,2,12,0
806757,0,1,0,1,0,0,123,2,12,0
806789,0,1,0,1,0,0,123,2,12,0
807042,1,1,0,0,0,0,123,2,12,0
807073,1,1,0,0,0,0,123,2,12,0
807194,0,1,1,0,1,0,123,2,12,0
807220,1,0,0,1,1,0,123,2,12,0
807276,1,1,1,1,1,0,123,2,12,0
807285,0,0,1,1,0,0,123,2,12,0
807295,1,1,0,0,0,0,123,2,12,0
807355,1,0,1,0,0,0,123,2,12,0
807512,1,0,1,0,0,0,123,2,12,0
807520,1,1,0,0,0,0,123,2,12,0
807653,0,1,1,0,1,0,123,2,12,0
807685,0,0,1,1,0,0,123,2,12,0
807709,0,1,0,1,0,0,123,2,12,0
807713,1,1,0,0,0,0,123,2,12,0
807729,0,0,1,1,0,0,123,2,12,0
807761,1,0,0,1,1,0,123,2,12,0
807876,1,0,1,0,0,0,123,2,12,0
808005,1,0,1,0,0,0,123,2,12,0
808140,0,0,1,1,0,0,123,2,12,0
808214,1,1,1,1,1,0,123,2,12,0
808300,1,1,0,1,0,0,123,2,12,0
808358,0,1,0,1,0,0,123,2,12,0
808416,1,1,1,1,1,0,123,2,12,0
808425,0,0,0,0,1,0,123,2,12,0
808433,0,1,1,0,1,0,123,2,12,0
808461,0,0,1,1,0,0,123,2,12,0
808556,1,1,1,0,1,1,123,2,12,0
808683,1,1,0,0,0,0,123,2,12,0
808716,0,0,1,1,0,0,123,2,12,0
808775,1,1,0,0,0,0,123,2,12,0
808804,0,1,0,1,0,0,123,2,12,0
808831,0,1,1,0,1,0,123,2,12,0
809074,1,1,0,0,0,0,123,2,12,0
809085,0,1,1,0,1,0,123,2,12,0
809146,0,0,0,0,1,0,123,2,12,0
809247,1,1,1,1,1,0,123,2,12,0
809279,1,0,0,1,1,0,123,2,12,0
809341,1,1,1,1,1,0,123,2,12,0
809468,0,1,1,0,1,0,123,2,12,0
809620,1,1,1,1,1,0,123,2,12,0
809653,1,0,1,0,0,0,123,2,12,0
809717,0,1,1,0,1,0,123,2,12,0
809742,0,0,0,0,1,0,123,2,12,0
809802,1,1,0,0,0,0,123,2,12,0
809965,0,1,0,1,0,0,123,2,12,0
810041,1,0,1,0,0,0,123,2,12,0
810065,0,0,1,1,0,0,123,2,12,0
810157,0,0,1,1,0,0,123,2,12,0
810161,1,1,0,0,0,0,123,2,12,0
810216,1,0,1,0,0,0,123,2,12,0
810258,1,1,0,0,0,0,123,2,12,0
810291,0,1,1,0,1,0,123,2,12,0
810294,0,1,1,0,1,0,123,2,12,0
810475,1,0,0,1,1,0,123,2,12,0
810866,1,0,1,0,0,0,123,2,12,0
810909,1,1,1,1,1,0,123,2,12,0
810938,0,1,1,0,1,0,123,2,12,0
811011,1,1,0,0,0,0,123,2,12,0
811068,1,1,1,1,1,0,123,2,12,0
811117,0,1,0,1,0,0,123,2,12,0
811209,0,0,0,0,1,0,123,2,12,0
811312,1,1,0,0,0,0,123,2,12,0
811354,0,1,0,1,0,0,123,2,12,0
811394,0,1,1,0,1,0,123,2,12,0
811410,0,1,0,1,0,0,123,2,12,0
811458,1,0,0,1,1,0,123,2,12,0
811541,0,1,1,0,1,0,123,2,12,0
811723,1,0,1,0,0,0,123,2,12,0
812057,1,0,1,0,0,0,123,2,12,0
812228,0,1,0,1,0,0,123,2,12,0
812261,1,0,0,1,1,0,123,2,12,0
812317,0,1,0,1,0,0,123,2,12,0
812419,1,1,0,0,0,0,123,2,12,0
812471,0,0,0,0,1,0,123,2,12,0
812486,1,1,1,1,1,0,123,2,12,0
812530,1,0,1,0,0,0,123,2,12,0
812564,1,1,1,1,1,0,123,2,12,0
812671,0,1,0,1,0,0,123,2,12,0
812842,0,0,1,1,0,0,123,2,12,0
812847,1,0,0,1,1,0,123,2,12,0
812849,0,0,1,1,0,0,123,2,12,0
812855,0,0,1,1,0,0,123,2,12,0
812923,0,1,0,1,0,0,123,2,12,0
813124,0,1,0,1,0,0,123,2,12,0
813140,1,1,0,0,0,0,123,2,12,0
813191,0,1,1,0,1,0,123,2,12,0
813341,0,0,0,0,1,0,123,2,12,0
813359,1,1,0,0,0,0,123,2,12,0
813449,1,0,0,1,1,0,123,2,12,0
813543,0,1,0,1,0,0,123,2,12,0
813638,1,0,0,1,1,0,123,2,12,0
813654,0,0,0,0,1,0,123,2,12,0
813787,1,0,0,1,1,0,123,2,12,0
813825,1,0,1,0,0,0,123,2,12,0
813878,1,1,1,1,1,0,123,2,12,0
813901,1,1,1,1,1,0,123,2,12,0
814039,0,1,0,1,0,0,123,2,12,0
814161,1,1,0,0,0,0,123,2,12,0
814225,0,0,1,1,0,0,123,2,12,0
814352,0,1,0,1,0,0,123,2,12,0
814537,0,0,1,1,0,0,123,2,12,0
814565,0,0,1,1,0,0,123,2,12,0
814586,0,0,1,1,0,0,123,2,12,0
814695,1,1,1,1,1,0,123,2,12,0
814784,0,1,0,1,0,0,123,2,12,0
814833,1,0,1,0,0,0,123,2,12,0
814903,0,1,1,0,1,0,123,2,12,0
814943,0,0,1,1,0,0,123,2,12,0
814990,0,1,0,1,0,0,123,2,12,0
815028,1,1,1,1,1,0,123,2,12,0
815146,0,1,1,0,1,0,123,2,12,0
815372,1,0,0,1,1,0,123,2,12,0
815452,1,1,0,0,0,0,123,2,12,0
815521,0,0,0,0,1,0,123,2,12,0
815650,1,1,1,1,1,0,123,2,12,0
815652,0,1,1,0,1,0,123,2,12,0
815795,0,1,1,0,1,0,123,2,12,0
815876,0,0,1,1,0,0,123,2,12,0
815978,1,0,1,0,0,0,123,2,12,0
816074,0,0,0,0,1,0,123,2,12,0
816120,0,1,0,1,0,0,123,2,12,0
816240,0,1,0,1,0,0,123,2,12,0
816362,1,0,1,0,0,0,123,2,12,0
816406,1,1,0,0,0,0,123,2,12,0
816547,0,0,0,0,1,0,123,2,12,0
816600,0,1,1,0,1,0,123,2,12,0
816623,1,1,0,0,0,0,123,2,12,0
816630,0,1,1,0,1,0,123,2,12,0
816660,1,1,1,1,1,0,123,2,12,0
816704,0,0,1,1,0,0,123,2,12,0
816783,0,1,0,1,0,0,123,2,12,0
816857,0,1,0,0,0,0,123,2,12,0
816858,0,0,0,0,1,0,123,2,12,0
816955,0,0,0,0,1,0,123,2,12,0
816977,0,0,0,0,1,0,123,2,12,0
817032,0,1,1,0,1,0,123,2,12,0
817107,0,0,1,1,0,0,123,2,12,0
817190,0,1,0,1,0,0,123,2,12,0
817330,0,1,0,1,0,0,123,2,12,0
817351,0,1,1,0,1,0,123,2,12,0
817556,1,1,0,0,0,0,123,2,12,0
817561,1,1,1,1,1,0,123,2,12,0
817594,0,0,0,0,1,0,123,2,12,0
817661,0,0,0,0,1,0,123,2,12,0
817666,0,1,1,0,1,0,123,2,12,0
817938,0,1,0,1,0,0,123,2,12,0
817982,0,1,0,1,0,0,123,2,12,0
818015,1,1,1,1,1,0,123,2,12,0
818052,1,0,1,0,0,0,123,2,12,0
818125,1,1,0,0,0,0,123,2,12,0
818245,1,1,1,1,1,0,123,2,12,0
818296,1,0,1,0,0,0,123,2,12,0
818304,1,0,0,1,1,0,123,2,12,0
818440,0,0,0,0,1,0,123,2,12,0
818517,0,0,1,1,0,0,123,2,12,0
818545,1,0,1,0,0,0,123,2,12,0
818745,0,0,0,0,1,0,123,2,12,0
818792,0,1,0,1,0,0,123,2,12,0
818873,1,0,0,1,1,0,123,2,12,0
818888,0,1,0,1,0,0,123,2,12,0
819023,1,0,0,1,1,0,123,2,12,0
819125,0,1,0,1,0,0,123,2,12,0
819205,0,1,0,1,0,0,123,2,12,0
819302,1,1,0,0,0,0,123,2,12,0
819387,1,0,0,1,1,0,123,2,12,0
819489,1,1,0,0,0,0,123,2,12,0
819525,0,0,1,1,0,0,123,2,12,0
819676,1,1,0,0,0,0,123,2,12,0
819737,0,0,1,0,0,0,123,2,12,0
819818,1,1,0,0,0,0,123,2,12,0
819871,0,0,0,0,1,0,123,2,12,0
819878,1,0,0,1,1,0,123,2,12,0
819905,0,0,1,1,0,0,123,2,12,0
819940,0,0,0,0,1,0,123,2,12,0
820059,0,1,0,1,0,0,123,2,12,0
820218,0,1,1,0,1,0,123,2,12,0
820261,0,0,1,1,0,0,123,2,12,0
820329,0,0,1,1,0,0,123,2,12,0
820334,1,0,1,0,0,0,123,2,12,0
820871,0,0,1,1,0,0,123,2,12,0
820897,1,0,1,0,0,0,123,2,12,0
821035,0,1,1,0,1,0,123,2,12,0
821220,0,1,0,1,0,0,123,2,12,0
821295,0,1,1,0,1,0,123,2,12,0
821514,1,0,0,1,1,0,123,2,12,0
821614,0,1,1,0,1,0,123,2,12,0
821741,0,1,1,0,1,0,123,2,12,0
821746,0,1,1,1,1,1,123,2,12,0
821757,1,0,0,1,1,0,123,2,12,0
821775,1,0,1,0,0,0,123,2,12,0
821816,1,0,0,1,1,0,123,2,12,0
821827,0,0,0,0,1,0,123,2,12,0
821841,1,1,1,1,1,0,123,2,12,0
821847,1,0,0,1,1,0,123,2,12,0
821876,0,0,0,0,1,0,123,2,12,0
821943,1,0,1,0,0,0,123,2,12,0
822118,0,1,0,1,0,0,123,2,12,0
822240,0,1,0,1,0,0,123,2,12,0
822275,0,1,0,1,0,0,123,2,12,0
822486,1,1,0,0,0,0,123,2,12,0
822510,0,1,0,1,0,0,123,2,12,0
822551,0,1,0,1,0,0,123,2,12,0
822579,1,0,0,1,1,0,123,2,12,0
822653,1,0,1,0,0,0,123,2,12,0
822763,1,0,1,0,0,0,123,2,12,0
822902,1,0,1,1,0,0,123,2,12,0
822986,0,1,1,0,1,0,123,2,12,0
823008,1,1,0,0,0,0,123,2,12,0
823051,0,1,1,0,1,0,123,2,12,0
823068,1,0,0,1,1,0,123,2,12,0
823099,1,0,1,0,0,0,123,2,12,0
823247,0,0,0,0,1,0,123,2,12,0
823330,1,1,1,1,1,0,123,2,12,0
823449,0,0,1,1,0,0,123,2,12,0
823611,1,1,1,1,1,0,123,2,12,0
823614,1,0,0,1,1,0,123,2,12,0
823715,0,1,0,1,0,0,123,2,12,0
823750,1,1,0,0,0,0,123,2,12,0
823861,0,1,1,0,1,0,123,2,12,0
823894,0,1,1,0,1,0,123,2,12,0
823915,1,0,0,1,1,0,123,2,12,0
824269,1,0,0,1,1,0,123,2,12,0
824306,1,0,0,1,1,0,123,2,12,0
824455,0,1,0,1,0,0,123,2,12,0
824571,0,0,1,1,0,0,123,2,12,0
824738,1,1,0,0,0,0,123,2,12,0
825084,1,0,1,0,0,0,123,2,12,0
825127,1,1,0,0,0,0,123,2,12,0
825139,1,0,0,1,1,0,123,2,12,0
825269,1,1,1,1,1,0,123,2,12,0
825274,1,0,0,1,1,0,123,2,12,0
825304,0,1,0,1,0,0,123,2,12,0
825617,0,0,0,0,1,0,123,2,12,0
825681,0,0,1,1,0,0,123,2,12,0
825730,1,0,1,0,0,0,123,2,12,0
825914,1,1,1,1,1,0,123,2,12,0
825925,1,1,1,1,1,0,123,2,12,0
825982,0,0,1,1,0,0,123,2,12,0
826053,0,1,1,0,1,0,123,2,12,0
826234,0,1,1,0,1,0,123,2,12,0
826325,0,0,1,1,0,0,123,2,12,0
826393,1,0,0,1,1,0,123,2,12,0
826662,0,0,0,0,1,0,123,2,12,0
826936,0,1,1,0,1,0,123,2,12,0
827084,0,1,0,1,0,0,123,2,12,0
827139,0,0,0,0,1,0,123,2,12,0
827314,0,1,1,0,1,0,123,2,12,0
827338,1,1,1,1,1,0,123,2,12,0
827523,1,1,0,0,0,0,123,2,12,0
827684,1,1,0,1,0,0,123,2,12,0
827722,1,0,1,0,0,0,123,2,12,0
827781,0,0,1,1,0,0,123,2,12,0
827813,1,0,1,0,0,0,123,2,12,0
827859,0,1,1,0,1,0,123,2,12,0
827878,0,1,0,1,0,0,123,2,12,0
827909,1,1,0,0,0,0,123,2,12,0
827915,0,1,1,0,1,0,123,2,12,0
827926,1,0,1,0,0,0,123,2,12,0
827934,1,0,0,1,1,0,123,2,12,0
828410,0,1,0,1,0,0,123,2,12,0
828643,0,1,1,0,1,0,123,2,12,0
828769,1,1,0,0,0,0,123,2,12,0
828804,1,0,1,0,0,0,123,2,12,0
828940,1,0,0,1,1,0,123,2,12,0
829089,0,1,0,1,0,0,123,2,12,0
829196,1,1,1,1,1,0,123,2,12,0
829250,0,1,0,1,0,0,123,2,12,0
829258,0,1,0,1,0,0,123,2,12,0
829297,0,1,1,0,1,0,123,2,12,0
829633,0,0,1,1,0,0,123,2,12,0
829730,0,0,1,1,0,0,123,2,12,0
829958,0,0,0,0,1,0,123,2,12,0
830140,1,0,0,1,1,0,123,2,12,0
830213,1,0,0,1,1,0,123,2,12,0
830252,0,0,0,0,1,0,123,2,12,0
830295,1,0,1,0,0,0,123,2,12,0
830374,1,0,0,1,1,0,123,2,12,0
830520,0,0,0,0,1,0,123,2,12,0
830711,0,1,1,0,1,0,123,2,12,0
830744,1,0,0,1,1,0,123,2,12,0
830856,0,0,0,0,1,0,123,2,12,0
830961,0,0,0,0,1,0,123,2,12,0
830969,1,1,0,0,0,0,123,2,12,0
831065,1,1,0,0,0,0,123,2,12,0
831078,1,1,1,1,1,0,123,2,12,0
831152,0,1,0,1,0,0,123,2,12,0
831198,0,1,0,1,0,0,123,2,12,0
831274,1,1,0,0,0,0,123,2,12,0
831292,0,0,0,0,1,0,123,2,12,0
831350,1,1,0,0,0,0,123,2,12,0
831611,1,1,0,0,0,0,123,2,12,0
831649,0,1,0,1,0,0,123,2,12,0
831717,0,0,0,0,1,0,123,2,12,0
831852,0,0,0,0,1,0,123,2,12,0
831969,1,1,0,0,0,0,123,2,12,0
831971,0,1,0,1,0,0,123,2,12,0
831998,0,0,0,0,1,0,123,2,12,0
832206,0,0,1,1,0,0,123,2,12,0
832303,1,0,0,1,1,0,123,2,12,0
832352,1,0,1,0,0,0,123,2,12,0
832359,1,0,0,1,1,0,123,2,12,0
832611,0,0,1,1,0,0,123,2,12,0
832782,1,1,1,1,1,0,123,2,12,0
832853,1,1,1,1,1,0,123,2,12,0
832861,1,1,1,1,1,0,123,2,12,0
832953,1,1,0,0,0,0,123,2,12,0
832999,1,0,0,1,1,0,123,2,12,0
833039,1,1,1,1,1,0,123,2,12,0
833130,0,1,0,1,0,0,123,2,12,0
833151,1,1,0,0,0,0,123,2,12,0
833170,1,1,0,0,0,0,123,2,12,0
833236,1,1,0,0,0,0,123,2,12,0
833275,1,0,0,1,1,0,123,2,12,0
833342,1,1,1,1,1,0,123,2,12,0
833399,1,1,1,1,1,0,123,2,12,0
833449,1,1,1,1,1,0,123,2,12,0
833514,0,1,0,1,0,0,123,2,12,0
833525,0,0,1,1,0,0,123,2,12,0
833599,0,0,1,1,0,0,123,2,12,0
833631,1,1,1,1,1,0,123,2,12,0
833644,1,1,1,0,1,1,123,2,12,0
833656,1,1,0,0,0,0,123,2,12,0
833728,0,0,0,0,1,0,123,2,12,0
833769,1,1,0,0,0,0,123,2,12,0
834032,0,0,0,0,1,0,123,2,12,0
834164,0,0,0,0,1,0,123,2,12,0
834210,0,0,1,1,0,0,123,2,12,0
834532,1,0,1,0,0,0,123,2,12,0
834549,0,1,1,0,1,0,123,2,12,0
834723,1,0,1,0,0,0,123,2,12,0
834774,0,1,1,0,1,0,123,2,12,0
834809,0,1,1,0,1,0,123,2,12,0
834870,0,0,1,1,0,0,123,2,12,0
835131,1,0,0,1,1,0,123,2,12,0
835141,1,1,0,0,0,0,123,2,12,0
835210,0,1,0,1,0,0,123,2,12,0
835252,0,0,1,1,0,0,123,2,12,0
835276,0,1,0,1,0,0,123,2,12,0
835281,0,1,1,0,1,0,123,2,12,0
835311,0,0,1,1,0,0,123,2,12,0
835513,1,1,1,1,1,0,123,2,12,0
835659,0,0,1,1,0,0,123,2,12,0
835661,1,1,0,0,0,0,123,2,12,0
835780,0,1,1,0,1,0,123,2,12,0
835833,1,1,0,0,0,0,123,2,12,0
835963,0,1,1,0,1,0,123,2,12,0
836060,0,1,0,1,0,0,123,2,12,0
836129,0,1,1,0,1,0,123,2,12,0
836186,1,0,0,1,1,0,123,2,12,0
836232,1,0,0,1,1,0,123,2,12,0
836517,1,0,0,1,1,0,123,2,12,0
836721,0,0,1,1,0,0,123,2,12,0
836779,0,0,0,0,1,0,123,2,12,0
836873,1,1,0,0,0,0,123,2,12,0
836942,1,0,0,1,1,0,123,2,12,0
837063,1,0,1,0,0,0,123,2,12,0
837134,0,1,0,1,0,0,123,2,12,0
837200,0,1,1,0,1,0,123,2,12,0
837208,0,1,0,1,0,0,123,2,12,0
837210,0,1,1,0,1,0,123,2,12,0
837211,1,0,1,0,0,0,123,2,12,0
837312,0,0,0,0,1,0,123,2,12,0
837354,1,0,0,1,1,0,123,2,12,0
837361,1,1,1,1,1,0,123,2,12,0
837728,0,1,1,1,1,1,123,2,12,0
837772,1,0,0,1,1,0,123,2,12,0
837830,1,1,0,0,0,0,123,2,12,0
837836,0,1,1,0,1,0,123,2,12,0
837914,0,0,0,0,1,0,123,2,12,0
838013,0,0,1,1,0,0,123,2,12,0
838118,1,1,1,1,1,0,123,2,12,0
838208,0,0,1,1,0,0,123,2,12,0
838334,0,0,1,1,0,0,123,2,12,0
838374,0,0,0,0,1,0,123,2,12,0
838435,0,1,0,1,0,0,123,2,12,0
838766,1,1,1,1,1,0,123,2,12,0
838870,1,1,1,1,1,0,123,2,12,0
838912,0,1,0,1,0,0,123,2,12,0
838970,0,0,1,1,0,0,123,2,12,0
839272,1,1,0,0,0,0,123,2,12,0
839299,0,0,1,1,0,0,123,2,12,0
839377,1,1,1,1,1,0,123,2,12,0
839496,0,0,1,1,0,0,123,2,12,0
839668,0,1,1,0,1,0,123,2,12,0
839687,0,0,0,0,1,0,123,2,12,0
839706,0,0,1,1,0,0,123,2,12,0
839730,0,1,0,1,0,0,123,2,12,0
839791,1,1,1,1,1,0,123,2,12,0
839835,1,0,1,0,0,0,123,2,12,0
840062,1,0,0,1,1,0,123,2,12,0
840067,1,0,1,0,0,0,123,2,12,0
840163,0,0,1,1,0,0,123,2,12,0
840370,0,0,0,0,1,0,123,2,12,0
840454,0,1,0,1,0,0,123,2,12,0
840496,1,0,1,0,0,0,123,2,12,0
840531,0,0,0,0,1,0,123,2,12,0
840870,1,0,1,0,0,0,123,2,12,0
841072,0,0,0,1,1,1,123,2,12,0
841308,1,0,1,0,0,0,123,2,12,0
841371,1,1,0,0,0,0,123,2,12,0
841476,1,1,0,0,0,0,123,2,12,0
841522,1,0,1,0,0,0,123,2,12,0
841873,1,0,0,1,1,0,123,2,12,0
841931,1,0,0,1,1,0,123,2,12,0
842099,0,1,1,0,1,0,123,2,12,0
842207,0,0,1,1,0,0,123,2,12,0
842270,0,0,1,1,0,0,123,2,12,0
842282,1,0,0,1,1,0,123,2,12,0
842390,1,1,0,0,0,0,123,2,12,0
842539,0,0,0,0,1,0,123,2,12,0
842644,0,1,0,1,0,0,123,2,12,0
842687,1,0,0,1,1,0,123,2,12,0
842756,0,0,1,1,0,0,123,2,12,0
842862,1,1,0,0,0,0,123,2,12,0
842863,1,0,1,0,0,0,123,2,12,0
842946,0,1,0,1,0,0,123,2,12,0
842989,0,0,0,0,1,0,123,2,12,0
843034,0,1,1,0,1,0,123,2,12,0
843077,1,0,0,1,1,0,123,2,12,0
843090,1,1,0,1,0,0,123,2,12,0
843184,0,0,1,1,0,0,123,2,12,0
843237,0,1,0,1,0,0,123,2,12,0
843292,0,0,0,0,1,0,123,2,12,0
843308,1,1,0,0,0,0,123,2,12,0
843342,0,0,1,1,0,0,123,2,12,0
843365,0,1,1,0,1,0,123,2,12,0
843426,0,1,1,0,1,0,123,2,12,0
843503,1,0,0,1,1,0,123,2,12,0
843507,1,1,1,1,1,0,123,2,12,0
843636,0,1,1,0,1,0,123,2,12,0
843818,0,0,1,1,0,0,123,2,12,0
843945,1,1,0,0,0,0,123,2,12,0
844010,1,1,1,1,1,0,123,2,12,0
844107,0,0,0,0,1,0,123,2,12,0
844114,0,1,0,1,0,0,123,2,12,0
844175,1,1,1,1,1,0,123,2,12,0
844223,0,1,0,1,0,0,123,2,12,0
844388,1,1,0,0,0,0,123,2,12,0
844404,0,1,0,1,0,0,123,2,12,0
844506,0,1,1,0,1,0,123,2,12,0
844519,1,0,0,1,1,0,123,2,12,0
844527,0,1,0,1,0,0,123,2,12,0
844556,1,0,1,0,0,0,123,2,12,0
844583,0,1,1,0,1,0,123,2,12,0
844632,1,0,1,0,0,0,123,2,12,0
844639,1,0,1,0,0,0,123,2,12,0
844808,0,0,0,0,1,0,123,2,12,0
844844,0,1,0,1,0,0,123,2,12,0
844987,0,1,0,1,0,0,123,2,12,0
845069,0,1,1,0,1,0,123,2,12,0
845106,0,1,1,0,1,0,123,2,12,0
845264,0,1,1,0,1,0,123,2,12,0
845363,1,1,0,0,0,0,123,2,12,0
845473,1,0,1,0,0,0,123,2,12,0
845749,0,1,1,0,1,0,123,2,12,0
845825,1,0,0,1,1,0,123,2,12,0
845884,0,0,0,1,1,1,123,2,12,0
845939,0,1,0,1,0,0,123,2,12,0
845946,1,0,0,1,1,0,123,2,12,0
846074,1,0,1,0,0,0,123,2,12,0
846153,1,0,0,1,1,0,123,2,12,0
846194,1,0,0,1,1,0,123,2,12,0
846217,0,1,1,0,1,0,123,2,12,0
846224,1,1,0,0,0,0,123,2,12,0
846345,0,1,0,1,0,0,123,2,12,0
846577,1,1,1,1,1,0,123,2,12,0
846606,0,0,0,0,1,0,123,2,12,0
846613,1,1,1,1,1,0,123,2,12,0
846662,1,1,0,0,0,0,123,2,12,0
846714,1,1,0,0,0,0,123,2,12,0
846716,1,0,0,1,1,0,123,2,12,0
846721,0,0,0,0,1,0,123,2,12,0
846773,0,1,1,0,1,0,123,2,12,0
846913,0,1,0,1,0,0,123,2,12,0
846934,1,1,0,0,0,0,123,2,12,0
846937,0,0,1,1,0,0,123,2,12,0
846978,0,0,1,1,0,0,123,2,12,0
847052,0,1,0,0,0,0,123,2,12,0
847090,0,0,1,1,0,0,123,2,12,0
847423,0,1,1,0,1,0,123,2,12,0
847442,0,0,0,0,1,0,123,2,12,0
847463,0,1,0,1,0,0,123,2,12,0
847503,0,1,0,1,0,0,123,2,12,0
847504,0,1,0,1,0,0,123,2,12,0
847673,1,1,0,0,0,0,123,2,12,0
847734,0,1,1,0,1,0,123,2,12,0
847740,0,0,0,0,1,0,123,2,12,0
847935,1,0,1,0,0,0,123,2,12,0
847997,1,0,1,0,0,0,123,2,12,0
848156,1,1,1,1,1,0,123,2,12,0
848177,1,0,1,0,0,0,123,2,12,0
848236,0,1,0,1,0,0,123,2,12,0
848372,1,0,1,0,0,0,123,2,12,0
848443,1,1,1,1,1,0,123,2,12,0
848445,1,1,0,0,0,0,123,2,12,0
848451,0,0,0,0,1,0,123,2,12,0
848463,0,1,1,1,1,1,123,2,12,0
848662,0,1,0,1,0,0,123,2,12,0
848716,0,1,1,0,1,0,123,2,12,0
848917,1,0,1,0,0,0,123,2,12,0
848938,1,0,0,1,1,0,123,2,12,0
848973,0,0,1,1,0,0,123,2,12,0
849045,0,0,0,0,1,0,123,2,12,0
849132,0,1,1,0,1,0,123,2,12,0
849340,1,0,0,1,1,0,123,2,12,0
849387,0,1,1,0,1,0,123,2,12,0
849429,1,0,0,1,1,0,123,2,12,0
849591,0,0,1,1,0,0,123,2,12,0
849737,0,1,0,1,0,0,123,2,12,0
849745,1,0,0,1,1,0,123,2,12,0
849896,0,1,1,0,1,0,123,2,12,0
849928,0,1,0,1,0,0,123,2,12,0
849943,0,1,1,0,1,0,123,2,12,0
850015,1,0,0,0,1,1,123,2,12,0
850242,0,1,0,1,0,0,123,2,12,0
850280,1,1,1,1,1,0,123,2,12,0
850286,0,1,1,0,1,0,123,2,12,0
850323,1,1,0,0,0,0,123,2,12,0
850344,1,1,1,1,1,0,123,2,12,0
850504,0,0,0,0,1,0,123,2,12,0
850542,0,1,1,0,1,0,123,2,12,0
850735,1,1,0,0,0,0,123,2,12,0
850757,1,0,1,0,0,0,123,2,12,0
850848,0,0,1,1,0,0,123,2,12,0
851078,1,0,0,1,1,0,123,2,12,0
851177,1,0,1,0,0,0,123,2,12,0
851226,1,0,0,1,1,0,123,2,12,0
851369,1,1,1,1,1,0,123,2,12,0
851441,0,1,1,0,1,0,123,2,12,0
851498,0,1,0,1,0,0,123,2,12,0
851566,1,0,1,0,0,0,123,2,12,0
851659,1,1,0,0,0,0,123,2,12,0
851723,0,0,1,1,0,0,123,2,12,0
851998,1,0,0,1,1,0,133,2,12,0
852002,1,0,1,0,0,0,133,2,12,0
852018,1,0,0,1,1,0,133,2,12,0
852082,0,0,1,1,0,0,133,2,12,0
852176,0,1,1,0,1,0,133,2,12,0
852297,0,0,1,1,0,0,133,2,12,0
852316,1,1,0,0,0,0,133,2,12,0
852402,1,1,0,0,0,0,133,2,12,0
852452,1,0,1,0,0,0,133,2,12,0
852466,1,0,1,0,0,0,133,2,12,0
852604,0,1,0,1,0,0,133,2,12,0
852647,1,1,0,0,0,0,133,2,12,0
852922,1,0,1,0,0,0,133,2,12,0
853005,1,1,0,0,0,0,133,2,12,0
853103,1,1,0,0,0,0,133,2,12,0
853123,1,1,0,0,0,0,133,2,12,0
853269,1,0,1,0,0,0,133,2,12,0
853303,1,0,0,1,1,0,133,2,12,0
853371,1,1,1,1,1,0,133,2,12,0
853468,1,1,0,0,0,0,133,2,12,0
853482,0,1,0,1,0,0,133,2,12,0
853523,0,1,1,0,1,0,133,2,12,0
853739,1,0,0,1,1,0,133,2,12,0
853934,0,1,1,0,1,0,133,2,12,0
854032,0,1,0,1,0,0,133,2,12,0
854096,1,0,1,0,0,0,133,2,12,0
854184,1,1,1,1,1,0,133,2,12,0
854280,0,1,1,0,1,0,133,2,12,0
854282,0,1,1,0,1,0,133,2,12,0
854317,0,1,0,1,0,0,133,2,12,0
854453,0,0,0,0,1,0,133,2,12,0
854473,1,0,1,0,0,0,133,2,12,0
854494,0,0,1,1,0,0,133,2,12,0
854589,1,0,0,1,1,0,133,2,12,0
854716,0,0,1,1,0,0,133,2,12,0
854723,0,0,0,0,1,0,133,2,12,0
854769,0,0,0,0,1,0,133,2,12,0
854939,0,1,0,1,0,0,133,2,12,0
854950,0,0,0,0,1,0,133,2,12,0
855283,1,1,1,1,1,0,133,2,12,0
855362,1,1,0,0,0,0,133,2,12,0
855383,1,0,0,0,1,1,133,2,12,0
855412,0,1,0,1,0,0,133,2,12,0
855507,1,0,1,0,0,0,133,2,12,0
855564,1,1,1,1,1,0,133,2,12,0
855649,1,0,1,0,0,0,133,2,12,0
855700,1,0,1,0,0,0,133,2,12,0
855791,0,0,1,1,0,0,133,2,12,0
855813,1,1,0,0,0,0,133,2,12,0
855831,1,1,1,1,1,0,133,2,12,0
855839,0,1,0,1,0,0,133,2,12,0
855895,1,0,1,0,0,0,133,2,12,0
855949,0,1,1,0,1,0,133,2,12,0
856081,1,1,1,1,1,0,133,2,12,0
856094,0,0,1,1,0,0,133,2,12,0
856104,0,1,1,0,1,0,133,2,12,0
856266,0,1,0,1,0,0,133,2,12,0
856346,1,0,0,1,1,0,133,2,12,0
856387,1,1,0,0,0,0,133,2,12,0
856402,1,1,0,0,0,0,133,2,12,0
856584,0,1,0,1,0,0,133,2,12,0
856783,1,1,1,1,1,0,133,2,12,0
856944,0,1,1,0,1,0,133,2,12,0
856968,1,1,0,0,0,0,133,2,12,0
856990,0,1,0,1,0,0,133,2,12,0
856992,1,0,0,1,1,0,133,2,12,0
857044,0,0,0,0,1,0,133,2,12,0
857086,0,0,0,0,1,0,133,2,12,0
857163,0,0,0,0,1,0,133,2,12,0
857213,0,1,1,0,1,0,133,2,12,0
857323,0,1,1,0,1,0,133,2,12,0
857366,0,0,1,1,0,0,133,2,12,0
857424,1,1,0,0,0,0,133,2,12,0
857470,0,0,0,0,1,0,133,2,12,0
857479,0,1,0,1,0,0,133,2,12,0
857485,1,0,0,1,1,0,133,2,12,0
857491,1,1,1,1,1,0,133,2,12,0
857516,1,0,0,1,1,0,133,2,12,0
857559,0,0,0,0,1,0,133,2,12,0
857607,1,1,0,0,0,0,133,2,12,0
857619,0,0,1,1,0,0,133,2,12,0
857673,1,1,0,0,0,0,133,2,12,0
857731,1,0,1,0,0,0,133,2,12,0
857839,1,0,1,0,0,0,133,2,12,0
857885,0,1,0,1,0,0,133,2,12,0
857897,1,1,0,0,0,0,133,2,12,0
857924,1,1,0,0,0,0,133,2,12,0
857927,1,0,1,0,0,0,133,2,12,0
858104,0,1,1,0,1,0,133,2,12,0
858200,1,1,0,0,0,0,133,2,12,0
858203,1,0,1,0,0,0,133,2,12,0
858220,0,1,1,0,1,0,133,2,12,0
858239,0,0,0,0,1,0,133,2,12,0
858319,1,0,1,0,0,0,133,2,12,0
858380,1,0,0,1,1,0,133,2,12,0
858666,1,0,1,0,0,0,133,2,12,0
858868,0,0,1,1,0,0,133,2,12,0
858993,1,0,0,1,1,0,133,2,12,0
859086,0,1,1,0,1,0,133,2,12,0
859147,0,1,1,0,1,0,133,2,12,0
859225,0,0,1,1,0,0,133,2,12,0
859248,0,0,0,0,1,0,133,2,12,0
859311,1,0,0,1,1,0,133,2,12,0
859383,0,0,0,0,1,0,133,2,12,0
859401,0,1,1,0,1,0,133,2,12,0
859551,1,0,1,0,0,0,133,2,12,0
859617,0,0,0,0,1,0,133,2,12,0
859819,0,1,0,1,0,0,133,2,12,0
859878,0,1,1,0,1,0,133,2,12,0
860011,1,1,1,0,1,1,133,2,12,0
860139,1,0,0,1,1,0,133,2,12,0
860227,0,0,0,0,1,0,133,2,12,0
860354,1,0,1,0,0,0,133,2,12,0
860467,1,1,1,1,1,0,133,2,12,0
860587,1,0,1,0,0,0,133,2,12,0
860620,1,0,1,0,0,0,133,2,12,0
860720,0,0,1,1,0,0,133,2,12,0
860763,1,0,0,1,1,0,133,2,12,0
860785,0,1,1,0,1,0,133,2,12,0
860858,0,0,0,0,1,0,133,2,12,0
860876,0,0,0,0,1,0,133,2,12,0
861096,1,0,0,1,1,0,133,2,12,0
861126,1,0,1,0,0,0,133,2,12,0
861164,0,1,0,1,0,0,133,2,12,0
861194,0,0,0,0,1,0,133,2,12,0
861243,1,0,1,0,0,0,133,2,12,0
861302,0,0,0,0,1,0,133,2,12,0
861356,0,0,1,1,0,0,133,2,12,0
861417,1,1,1,1,1,0,133,2,12,0
861700,0,0,0,0,1,0,133,2,12,0
861704,0,1,1,0,1,0,133,2,12,0
861706,1,1,0,0,0,0,133,2,12,0
861731,1,0,0,1,1,0,133,2,12,0
861799,0,1,0,1,0,0,133,2,12,0
861993,1,0,0,1,1,0,133,2,12,0
862056,0,0,0,0,1,0,133,2,12,0
862087,1,0,1,0,0,0,133,2,12,0
862119,0,0,1,1,0,0,133,2,12,0
862264,1,0,1,0,0,0,133,2,12,0
862384,1,1,1,1,1,0,133,2,12,0
862437,0,0,0,0,1,0,133,2,12,0
862487,1,1,0,0,0,0,133,2,12,0
862545,0,1,0,1,0,0,133,2,12,0
862620,0,1,1,1,1,1,133,2,12,0
862732,0,0,0,0,1,0,133,2,12,0
862815,1,0,0,1,1,0,133,2,12,0
862822,1,1,0,0,0,0,133,2,12,0
862926,1,1,0,0,0,0,133,2,12,0
862946,1,1,0,0,0,0,133,2,12,0
862983,0,0,0,0,1,0,133,2,12,0
863115,1,1,1,1,1,0,133,2,12,0
863139,0,1,0,1,0,0,133,2,12,0
863310,1,1,0,0,0,0,133,2,12,0
863358,1,1,1,1,1,0,133,2,12,0
863491,0,0,1,1,0,0,133,2,12,0
863502,1,0,1,0,0,0,133,2,12,0
863558,1,1,0,0,0,0,133,2,12,0
863560,0,1,0,1,0,0,133,2,12,0
863838,0,1,1,0,1,0,133,2,12,0
863877,1,1,1,1,1,0,133,2,12,0
863910,0,0,1,1,0,0,133,2,12,0
863941,1,1,0,0,0,0,133,2,12,0
864058,0,1,1,0,1,0,133,2,12,0
864126,0,0,1,1,0,0,133,2,12,0
864188,0,1,1,0,1,0,133,2,12,0
864294,0,1,0,1,0,0,133,2,12,0
864328,0,1,1,0,1,0,133,2,12,0
864378,0,0,0,0,1,0,133,2,12,0
864564,1,0,0,1,1,0,133,2,12,0
864584,0,1,0,1,0,0,133,2,12,0
864723,1,1,0,0,0,0,133,2,12,0
864760,0,1,0,1,0,0,133,2,12,0
864839,1,1,1,1,1,0,133,2,12,0
864866,1,0,0,1,1,0,133,2,12,0
864944,0,0,0,0,1,0,133,2,12,0
864983,1,1,0,0,0,0,133,2,12,0
864987,0,0,0,0,1,0,133,2,12,0
865065,1,1,0,0,0,0,133,2,12,0
865119,0,0,0,0,1,0,133,2,12,0
865131,1,0,0,1,1,0,133,2,12,0
865159,1,0,0,1,1,0,133,2,12,0
865168,0,0,1,1,0,0,133,2,12,0
865267,1,1,0,0,0,0,133,2,12,0
865367,1,0,0,1,1,0,133,2,12,0
865464,0,1,0,1,0,0,133,2,12,0
865500,0,1,0,1,0,0,133,2,12,0
865548,0,1,0,1,0,0,133,2,12,0
865800,1,0,0,1,1,0,133,2,12,0
866023,0,1,1,0,1,0,133,2,12,0
866035,0,0,1,1,0,0,133,2,12,0
866053,1,1,1,1,1,0,133,2,12,0
866060,0,0,0,0,1,0,133,2,12,0
866130,0,1,1,0,1,0,133,2,12,0
866168,0,0,1,1,0,0,133,2,12,0
866243,1,0,0,1,1,0,133,2,12,0
866307,1,1,0,0,0,0,133,2,12,0
866541,1,1,0,0,0,0,133,2,12,0
866570,0,0,1,1,0,0,133,2,12,0
866593,1,0,1,0,0,0,133,2,12,0
866759,0,1,1,0,1,0,133,2,12,0
866985,1,0,0,1,1,0,133,2,12,0
867060,0,1,0,1,0,0,133,2,12,0
867063,1,1,0,0,0,0,133,2,12,0
867110,1,0,1,0,0,0,133,2,12,0
867286,0,1,0,1,0,0,133,2,12,0
867288,1,0,1,0,0,0,133,2,12,0
867295,1,1,0,0,0,0,133,2,12,0
867889,0,1,0,1,0,0,133,2,12,0
867967,0,1,1,1,1,1,133,2,12,0
868020,1,0,1,0,0,0,133,2,12,0
868028,1,1,1,1,1,0,133,2,12,0
868096,0,1,0,1,0,0,133,2,12,0
868236,1,1,1,1,1,0,133,2,12,0
868315,0,0,1,1,0,0,133,2,12,0
868391,1,0,1,0,0,0,133,2,12,0
868470,0,0,0,0,1,0,133,2,12,0
868509,1,1,0,0,0,0,133,2,12,0
868575,1,0,1,0,0,0,133,2,12,0
868732,1,1,1,1,1,0,133,2,12,0
869071,0,1,0,1,0,0,133,2,12,0
869202,1,0,0,1,1,0,133,2,12,0
869373,0,0,1,1,0,0,133,2,12,0
869422,1,0,0,1,1,0,133,2,12,0
869474,0,0,1,1,0,0,133,2,12,0
869587,1,1,0,0,0,0,133,2,12,0
869624,0,0,0,0,1,0,133,2,12,0
869677,0,1,1,0,1,0,133,2,12,0
869706,0,0,1,1,0,0,133,2,12,0
869711,0,1,0,1,0,0,133,2,12,0
869762,0,0,1,1,0,0,133,2,12,0
869966,0,1,0,1,0,0,133,2,12,0
870102,0,1,0,1,0,0,133,2,12,0
870116,1,0,0,1,1,0,133,2,12,0
870165,1,1,0,0,0,0,133,2,12,0
870193,0,0,1,1,0,0,133,2,12,0
870280,1,0,1,0,0,0,133,2,12,0
870297,0,1,0,1,0,0,133,2,12,0
870417,0,0,1,1,0,0,133,2,12,0
870528,1,0,0,1,1,0,133,2,12,0
870639,0,1,1,0,1,0,133,2,12,0
870928,1,0,1,0,0,0,133,2,12,0
871102,1,1,0,0,0,0,133,2,12,0
871210,0,0,1,1,0,0,133,2,12,0
871240,1,0,0,1,1,0,133,2,12,0
871245,0,1,0,1,0,0,133,2,12,0
871290,1,1,0,0,0,0,133,2,12,0
871322,0,0,0,0,1,0,133,2,12,0
871323,1,0,1,0,0,0,133,2,12,0
871467,1,0,0,1,1,0,133,2,12,0
871515,1,1,1,1,1,0,133,2,12,0
871558,0,1,0,1,0,0,133,2,12,0
871580,1,0,0,1,1,0,133,2,12,0
871723,1,0,0,1,1,0,133,2,12,0
871738,0,0,1,1,0,0,133,2,12,0
871745,1,1,1,1,1,0,133,2,12,0
871858,1,1,1,1,1,0,133,2,12,0
871865,0,1,0,1,0,0,133,2,12,0
871918,1,1,1,1,1,0,133,2,12,0
871936,1,1,0,0,0,0,133,2,12,0
872066,0,0,0,1,1,1,133,2,12,0
872068,1,1,0,0,0,0,133,2,12,0
872105,1,1,0,0,0,0,133,2,12,0
872187,1,1,1,1,1,0,133,2,12,0
872235,1,0,0,1,1,0,133,2,12,0
872348,0,1,0,1,0,0,133,2,12,0
872355,1,0,0,0,1,1,133,2,12,0
872423,1,0,1,0,0,0,133,2,12,0
872549,0,0,0,0,1,0,133,2,12,0
872562,0,0,1,1,0,0,133,2,12,0
872669,1,1,0,0,0,0,133,2,12,0
872709,0,0,0,0,1,0,133,2,12,0
872715,1,1,0,0,0,0,133,2,12,0
872717,0,1,0,1,0,0,133,2,12,0
872736,1,1,1,1,1,0,133,2,12,0
872839,0,0,1,1,0,0,133,2,12,0
872911,0,0,0,0,1,0,133,2,12,0
872922,0,1,0,1,0,0,133,2,12,0
872982,0,1,1,0,1,0,133,2,12,0
873152,0,0,1,1,0,0,133,2,12,0
873175,0,0,1,1,0,0,133,2,12,0
873189,1,0,0,1,1,0,133,2,12,0
873193,0,1,1,0,1,0,133,2,12,0
873476,1,1,1,1,1,0,133,2,12,0
873554,0,1,0,1,0,0,133,2,12,0
873742,0,1,0,1,0,0,133,2,12,0
873763,0,1,0,1,0,0,133,2,12,0
873829,1,0,0,1,1,0,133,2,12,0
874078,1,1,0,0,0,0,133,2,12,0
874093,1,0,0,1,1,0,133,2,12,0
874100,0,1,1,0,1,0,133,2,12,0
874169,1,0,1,0,0,0,133,2,12,0
874173,1,1,0,1,0,0,133,2,12,0
874246,1,0,1,0,0,0,133,2,12,0
874434,0,1,0,1,0,0,133,2,12,0
874506,0,1,1,0,1,0,133,2,12,0
874730,1,1,1,1,1,0,133,2,12,0
874818,1,0,0,1,1,0,133,2,12,0
874850,0,0,0,0,1,0,133,2,12,0
875034,1,0,0,1,1,0,133,2,12,0
875185,0,0,1,1,0,0,133,2,12,0
875216,0,0,1,1,0,0,133,2,12,0
875231,1,0,0,1,1,0,133,2,12,0
875302,0,0,1,1,0,0,133,2,12,0
875320,1,1,0,0,0,0,133,2,12,0
875345,0,0,0,0,1,0,133,2,12,0
875382,0,0,1,1,0,0,133,2,12,0
875553,1,1,1,1,1,0,133,2,12,0
875603,1,0,0,1,1,0,133,2,12,0
875732,1,0,0,1,1,0,133,2,12,0
875827,0,1,0,1,0,0,133,2,12,0
875874,1,0,0,1,1,0,133,2,12,0
875912,0,0,1,1,0,0,133,2,12,0
875940,0,1,0,1,0,0,133,2,12,0
875970,0,0,1,1,0,0,133,2,12,0
876060,1,1,1,1,1,0,133,2,12,0
876201,0,0,0,0,1,0,133,2,12,0
876249,1,1,1,1,1,0,133,2,12,0
876270,1,1,0,0,0,0,133,2,12,0
876420,0,0,1,1,0,0,133,2,12,0
876546,0,1,1,0,1,0,133,2,12,0
876687,1,0,0,1,1,0,133,2,12,0
876720,0,0,0,0,1,0,133,2,12,0
876753,0,0,1,1,0,0,133,2,12,0
876779,1,1,1,1,1,0,133,2,12,0
876900,0,0,1,1,0,0,133,2,12,0
876993,1,1,0,1,0,0,133,2,12,0
877031,0,1,1,0,1,0,133,2,12,0
877077,0,1,1,0,1,0,133,2,12,0
877104,0,0,0,0,1,0,133,2,12,0
877310,1,1,0,0,0,0,133,2,12,0
877329,1,1,0,0,0,0,133,2,12,0
877344,0,1,1,0,1,0,133,2,12,0
877472,1,0,1,0,0,0,133,2,12,0
877714,1,1,1,1,1,0,133,2,12,0
877798,1,1,0,0,0,0,133,2,12,0
877858,1,0,0,1,1,0,133,2,12,0
877859,1,1,0,0,0,0,133,2,12,0
878268,0,0,1,1,0,0,133,2,12,0
878524,1,0,1,0,0,0,133,2,12,0
878550,1,1,0,0,0,0,133,2,12,0
878900,1,0,0,1,1,0,133,2,12,0
878942,0,0,0,0,1,0,133,2,12,0
878969,1,0,0,1,1,0,133,2,12,0
879163,0,1,0,1,0,0,133,2,12,0
879247,0,0,1,1,0,0,133,2,12,0
879283,1,0,0,1,1,0,133,2,12,0
879389,0,0,1,1,0,0,133,2,12,0
879396,1,0,1,0,0,0,133,2,12,0
879399,0,1,1,0,1,0,133,2,12,0
879416,0,1,1,0,1,0,133,2,12,0
879498,0,0,0,0,1,0,133,2,12,0
879739,0,1,1,0,1,0,133,2,12,0
879757,0,0,0,0,1,0,133,2,12,0
879870,1,1,0,0,0,0,133,2,12,0
880077,0,0,0,0,1,0,133,2,12,0
880123,1,0,1,0,0,0,133,2,12,0
880134,0,1,0,1,0,0,133,2,12,0
880261,0,0,1,1,0,0,133,2,12,0
880380,0,0,0,0,1,0,133,2,12,0
880391,0,1,0,1,0,0,133,2,12,0
880514,1,1,0,0,0,0,133,2,12,0
880535,1,0,0,1,1,0,133,2,12,0
880612,1,1,1,1,1,0,133,2,12,0
880806,0,0,0,0,1,0,133,2,12,0
880851,1,1,1,1,1,0,133,2,12,0
880864,1,0,0,1,1,0,133,2,12,0
881000,1,1,0,0,0,0,133,2,12,0
881040,0,0,1,1,0,0,133,2,12,0
881059,0,0,1,1,0,0,133,2,12,0
881097,0,0,0,0,1,0,133,2,12,0
881105,1,0,1,0,0,0,133,2,12,0
881114,1,0,0,1,1,0,133,2,12,0
881172,1,1,1,1,1,0,133,2,12,0
881182,1,0,0,1,1,0,133,2,12,0
881188,1,1,0,0,0,0,133,2,12,0
881223,1,1,0,0,0,0,133,2,12,0
881274,0,0,0,0,1,0,133,2,12,0
881396,1,0,0,1,1,0,133,2,12,0
881424,0,0,0,0,1,0,133,2,12,0
881531,1,0,0,1,1,0,133,2,12,0
881693,1,0,1,0,0,0,133,2,12,0
881745,1,1,0,0,0,0,133,2,12,0
881817,1,0,1,0,0,0,133,2,12,0
881873,1,1,0,0,0,0,133,2,12,0
881880,1,1,0,0,0,0,133,2,12,0
882051,1,0,1,0,0,0,133,2,12,0
882069,1,1,1,1,1,0,133,2,12,0
882152,0,1,0,1,0,0,133,2,12,0
882325,1,1,0,0,0,0,133,2,12,0
882413,1,0,1,0,0,0,133,2,12,0
882462,0,1,1,0,1,0,133,2,12,0
882556,0,1,1,0,1,0,133,2,12,0
882631,1,0,1,0,0,0,133,2,12,0
882895,0,1,1,0,1,0,133,2,12,0
882969,0,0,0,0,1,0,133,2,12,0
883007,0,0,0,0,1,0,133,2,12,0
883036,0,1,1,0,1,0,133,2,12,0
883054,0,1,1,0,1,0,133,2,12,0
883199,1,0,0,1,1,0,133,2,12,0
883234,0,1,0,1,0,0,133,2,12,0
883285,1,0,0,1,1,0,133,2,12,0
883407,0,0,0,0,1,0,133,2,12,0
883479,0,1,0,1,0,0,133,2,12,0
883510,1,1,0,0,0,0,133,2,12,0
883584,0,1,0,1,0,0,133,2,12,0
883654,1,0,0,1,1,0,133,2,12,0
883744,1,1,0,0,0,0,133,2,12,0
883751,1,1,1,1,1,0,133,2,12,0
883788,0,1,1,0,1,0,133,2,12,0
883836,1,0,0,1,1,0,133,2,12,0
883918,1,0,0,1,1,0,133,2,12,0
883951,1,0,1,0,0,0,133,2,12,0
884078,1,1,0,0,0,0,133,2,12,0
884083,0,0,0,0,1,0,133,2,12,0
884095,0,0,1,1,0,0,133,2,12,0
884134,0,0,1,1,0,0,133,2,12,0
884256,0,0,0,0,1,0,133,2,12,0
884293,1,0,1,0,0,0,133,2,12,0
884303,0,0,0,0,1,0,133,2,12,0
884311,0,0,0,0,1,0,133,2,12,0
884420,0,1,1,0,1,0,133,2,12,0
884517,0,0,0,0,1,0,133,2,12,0
884519,1,0,0,1,1,0,133,2,12,0
884524,1,0,1,0,0,0,133,2,12,0
884554,1,1,0,0,0,0,133,2,12,0
884682,1,1,0,0,0,0,133,2,12,0
884800,1,0,1,0,0,0,133,2,12,0
884880,0,1,0,1,0,0,133,2,12,0
884972,1,1,0,0,0,0,133,2,12,0
885019,0,1,0,1,0,0,133,2,12,0
885054,1,1,1,1,1,0,133,2,12,0
885095,0,1,0,1,0,0,133,2,12,0
885180,1,0,0,1,1,0,133,2,12,0
885386,1,0,0,1,1,0,133,2,12,0
885613,0,0,0,0,1,0,133,2,12,0
885754,0,1,0,1,0,0,133,2,12,0
885928,1,0,1,0,0,0,133,2,12,0
886054,1,1,1,1,1,0,133,2,12,0
886099,1,0,1,0,0,0,133,2,12,0
886367,0,1,1,0,1,0,133,2,12,0
886480,1,0,1,0,0,0,133,2,12,0
886501,1,1,0,0,0,0,133,2,12,0
886515,1,0,0,1,1,0,133,2,12,0
886577,1,0,1,0,0,0,133,2,12,0
886603,0,0,1,1,0,0,133,2,12,0
886831,0,1,0,0,0,0,133,2,12,0
886944,0,0,0,0,1,0,133,2,12,0
886955,1,0,0,1,1,0,133,2,12,0
887066,1,0,1,0,0,0,133,2,12,0
887150,1,0,0,1,1,0,133,2,12,0
887195,0,1,0,1,0,0,133,2,12,0
887379,1,1,0,0,0,0,133,2,12,0
887399,0,0,1,1,0,0,133,2,12,0
887509,0,1,0,1,0,0,133,2,12,0
887534,1,1,0,0,0,0,133,2,12,0
887547,0,0,0,0,1,0,133,2,12,0
887577,0,1,1,0,1,0,133,2,12,0
887605,0,0,1,1,0,0,133,2,12,0
887702,0,1,1,0,1,0,133,2,12,0
887845,0,0,1,1,0,0,133,2,12,0
887861,0,0,1,1,0,0,133,2,12,0
887953,0,0,0,0,1,0,133,2,12,0
888268,1,1,1,1,1,0,133,2,12,0
888299,1,1,1,1,1,0,133,2,12,0
888305,1,1,0,0,0,0,133,2,12,0
888394,1,0,0,1,1,0,133,2,12,0
888485,0,1,0,1,0,0,133,2,12,0
888486,1,0,0,1,1,0,133,2,12,0
888568,1,1,0,0,0,0,133,2,12,0
888623,0,0,1,1,0,0,133,2,12,0
888806,1,0,1,0,0,0,133,2,12,0
888864,0,0,0,0,1,0,133,2,12,0
889097,1,0,0,1,1,0,133,2,12,0
889107,1,1,0,0,0,0,133,2,12,0
889194,1,1,0,0,0,0,133,2,12,0
889253,1,1,0,0,0,0,133,2,12,0
889262,1,1,1,1,1,0,133,2,12,0
889336,1,0,0,1,1,0,133,2,12,0
889362,1,0,0,1,1,0,133,2,12,0
889399,0,1,1,0,1,0,133,2,12,0
889549,1,1,1,1,1,0,133,2,12,0
889658,0,1,0,1,0,0,133,2,12,0
889714,0,0,1,1,0,0,133,2,12,0
889755,0,0,0,0,1,0,133,2,12,0
889768,1,0,0,1,1,0,133,2,12,0
889783,1,1,1,1,1,0,133,2,12,0
889845,0,0,0,0,1,0,133,2,12,0
889895,0,1,1,0,1,0,133,2,12,0
890051,0,1,1,0,1,0,133,2,12,0
890106,1,0,0,1,1,0,133,2,12,0
890150,0,1,0,1,0,0,133,2,12,0
890171,1,1,0,0,0,0,133,2,12,0
890259,1,1,1,1,1,0,133,2,12,0
890260,0,0,1,1,0,0,133,2,12,0
890268,1,1,1,1,1,0,133,2,12,0
890298,0,1,1,0,1,0,133,2,12,0
890605,1,1,1,1,1,0,133,2,12,0
890676,1,0,0,1,1,0,133,2,12,0
890826,0,1,1,0,1,0,133,2,12,0
890844,1,0,1,0,0,0,133,2,12,0
890870,1,0,1,0,0,0,133,2,12,0
890969,1,1,1,1,1,0,133,2,12,0
891125,0,0,0,0,1,0,133,2,12,0
891132,1,1,0,0,0,0,133,2,12,0
891171,1,0,0,1,1,0,133,2,12,0
891221,0,1,1,0,1,0,133,2,12,0
891224,1,1,1,1,1,0,133,2,12,0
891233,1,0,0,1,1,0,133,2,12,0
891256,0,0,1,1,0,0,133,2,12,0
891260,1,0,1,0,0,0,133,2,12,0
891442,1,0,1,0,0,0,133,2,12,0
891451,1,0,1,0,0,0,133,2,12,0
891798,0,0,0,0,1,0,133,2,12,0
891877,0,1,0,1,0,0,133,2,12,0
891895,0,1,1,0,1,0,133,2,12,0
891897,1,1,0,1,0,0,133,2,12,0
891900,1,1,1,1,1,0,133,2,12,0
892121,0,1,0,1,0,0,133,2,12,0
892185,1,1,1,1,1,0,133,2,12,0
892267,0,1,0,1,0,0,133,2,12,0
892268,0,0,0,0,1,0,133,2,12,0
892294,0,1,0,0,0,0,133,2,12,0
892487,0,0,1,1,0,0,133,2,12,0
892530,0,0,0,0,1,0,133,2,12,0
892564,0,0,1,1,0,0,133,2,12,0
892594,1,0,1,0,0,0,133,2,12,0
892599,1,1,1,1,1,0,133,2,12,0
892745,0,1,1,0,1,0,133,2,12,0
892784,0,0,1,1,0,0,133,2,12,0
892882,0,0,1,1,0,0,133,2,12,0
892890,0,0,1,1,0,0,133,2,12,0
893095,0,0,0,0,1,0,133,2,12,0
893327,0,0,1,1,0,0,133,2,12,0
893340,1,0,0,1,1,0,133,2,12,0
893342,1,1,0,0,0,0,133,2,12,0
893373,1,1,1,1,1,0,133,2,12,0
893425,1,1,1,1,1,0,133,2,12,0
893435,1,0,0,1,1,0,133,2,12,0
893488,0,1,1,1,1,1,133,2,12,0
893510,0,0,0,0,1,0,133,2,12,0
893529,1,0,1,0,0,0,133,2,12,0
893668,1,0,1,0,0,0,133,2,12,0
893842,0,0,1,1,0,0,133,2,12,0
893859,0,0,1,1,0,0,133,2,12,0
893978,0,1,0,1,0,0,133,2,12,0
894087,0,0,1,1,0,0,133,2,12,0
894122,0,0,1,1,0,0,133,2,12,0
894228,1,0,0,1,1,0,133,2,12,0
894237,0,0,1,1,0,0,133,2,12,0
894392,0,1,1,0,1,0,133,2,12,0
894520,1,0,0,1,1,0,133,2,12,0
894608,0,1,0,1,0,0,133,2,12,0
894617,1,1,1,1,1,0,133,2,12,0
894642,0,1,0,1,0,0,133,2,12,0
894721,0,1,0,1,0,0,133,2,12,0
894841,0,1,1,0,1,0,133,2,12,0
894938,1,0,0,1,1,0,133,2,12,0
895038,1,0,0,1,1,0,133,2,12,0
895243,0,0,1,1,0,0,133,2,12,0
895277,1,1,0,0,0,0,133,2,12,0
895314,1,0,0,1,1,0,133,2,12,0
895323,1,1,0,0,0,0,133,2,12,0
895340,1,0,0,0,1,1,133,2,12,0
895370,1,0,0,1,1,0,133,2,12,0
895548,0,1,0,1,0,0,133,2,12,0
895550,0,1,1,0,1,0,133,2,12,0
895553,1,0,0,1,1,0,133,2,12,0
895586,0,1,0,1,0,0,133,2,12,0
895740,1,0,0,1,1,0,133,2,12,0
895830,1,1,1,1,1,0,133,2,12,0
895833,0,0,1,1,0,0,133,2,12,0
895894,0,0,1,1,0,0,133,2,12,0
896029,0,1,0,1,0,0,133,2,12,0
896075,1,1,0,0,0,0,133,2,12,0
896079,1,0,0,1,1,0,133,2,12,0
896085,0,1,0,1,0,0,133,2,12,0
896120,1,1,1,1,1,0,133,2,12,0
896125,0,1,1,0,1,0,133,2,12,0
896153,1,0,0,1,1,0,133,2,12,0
896437,0,1,1,0,1,0,133,2,12,0
896530,1,1,0,0,0,0,133,2,12,0
896591,0,0,1,1,0,0,133,2,12,0
896793,0,1,0,1,0,0,133,2,12,0
897027,0,0,0,0,1,0,133,2,12,0
897417,1,0,0,1,1,0,133,2,12,0
897476,1,0,0,1,1,0,133,2,12,0
897780,0,1,0,1,0,0,133,2,12,0
897909,1,0,1,0,0,0,133,2,12,0
897985,0,1,1,0,1,0,133,2,12,0
898066,1,1,0,0,0,0,133,2,12,0
898078,0,1,1,1,1,1,133,2,12,0
898112,0,0,0,0,1,0,133,2,12,0
898177,0,0,0,0,1,0,133,2,12,0
898343,1,1,1,1,1,0,133,2,12,0
898467,0,1,0,1,0,0,133,2,12,0
898500,0,0,1,1,0,0,133,2,12,0
898595,1,1,1,1,1,0,133,2,12,0
898682,0,0,1,1,0,0,133,2,12,0
898698,1,0,1,0,0,0,133,2,12,0
898759,0,1,1,1,1,1,133,2,12,0
898802,0,1,1,0,1,0,133,2,12,0
898926,0,0,1,1,0,0,133,2,12,0
899288,0,0,0,0,1,0,133,2,12,0
899302,1,0,1,0,0,0,133,2,12,0
899316,1,0,1,0,0,0,133,2,12,0
899333,0,0,1,1,0,0,133,2,12,0
899359,1,1,1,1,1,0,133,2,12,0
899416,0,1,0,1,0,0,133,2,12,0
899476,1,1,0,0,0,0,133,2,12,0
899520,1,1,0,0,0,0,133,2,12,0
899573,1,0,1,0,0,0,133,2,12,0
899614,0,1,1,0,1,0,133,2,12,0
899724,1,1,0,0,0,0,133,2,12,0
899796,1,0,1,0,0,0,133,2,12,0
899940,0,1,1,0,1,0,133,2,12,0
899983,0,1,1,0,1,0,133,2,12,0
900011,0,0,1,1,0,0,133,2,12,0
900044,1,0,0,1,1,0,133,2,12,0
900069,0,0,1,1,0,0,133,2,12,0
900200,0,0,1,1,0,0,133,2,12,0
900225,0,0,0,0,1,0,133,2,12,0
900229,0,0,1,1,0,0,133,2,12,0
900252,0,0,1,1,0,0,133,2,12,0
900299,0,0,0,0,1,0,133,2,12,0
900322,0,0,1,1,0,0,133,2,12,0
900372,1,1,0,0,0,0,133,2,12,0
900378,1,1,1,1,1,0,133,2,12,0
900447,1,1,1,1,1,0,133,2,12,0
900457,1,1,0,0,0,0,133,2,12,0
900506,0,1,0,1,0,0,133,2,12,0
900548,0,1,1,0,1,0,133,2,12,0
900556,0,1,0,1,0,0,133,2,12,0
900691,1,1,1,1,1,0,133,2,12,0
900824,1,1,0,0,0,0,133,2,12,0
900862,1,0,1,0,0,0,133,2,12,0
900891,1,0,0,1,1,0,133,2,12,0
900892,0,0,1,1,0,0,133,2,12,0
901054,1,0,0,1,1,0,133,2,12,0
901091,1,0,0,1,1,0,133,2,12,0
901182,1,1,0,0,0,0,133,2,12,0
901287,0,1,1,0,1,0,133,2,12,0
901328,0,0,1,1,0,0,133,2,12,0
901384,1,0,1,0,0,0,133,2,12,0
901460,0,0,0,0,1,0,133,2,12,0
901523,1,1,0,0,0,0,133,2,12,0
901566,0,0,1,1,0,0,133,2,12,0
901574,0,0,1,1,0,0,133,2,12,0
901661,1,0,0,1,1,0,133,2,12,0
901907,1,1,0,0,0,0,133,2,12,0
902016,0,1,0,1,0,0,133,2,12,0
902026,1,0,0,1,1,0,133,2,12,0
902067,1,0,0,1,1,0,133,2,12,0
902098,1,1,1,1,1,0,133,2,12,0
902136,1,1,0,0,0,0,133,2,12,0
902139,0,1,0,1,0,0,133,2,12,0
902186,1,0,0,1,1,0,133,2,12,0
902194,0,1,1,0,1,0,133,2,12,0
902216,1,1,1,1,1,0,133,2,12,0
902356,0,1,0,1,0,0,133,2,12,0
902383,0,0,1,1,0,0,133,2,12,0
902388,0,0,0,0,1,0,133,2,12,0
902549,1,0,1,0,0,0,133,2,12,0
902897,1,1,0,0,0,0,133,2,12,0
902945,1,0,1,0,0,0,133,2,12,0
902964,1,1,1,1,1,0,133,2,12,0
902965,0,0,1,1,0,0,133,2,12,0
902966,0,0,1,1,0,0,133,2,12,0
903044,0,0,0,0,1,0,133,2,12,0
903066,1,0,0,1,1,0,133,2,12,0
903142,0,0,1,1,0,0,133,2,12,0
903145,0,0,0,0,1,0,133,2,12,0
903237,1,0,0,1,1,0,133,2,12,0
903260,1,1,0,0,0,0,133,2,12,0
903264,1,1,1,1,1,0,133,2,12,0
903317,1,0,0,1,1,0,133,2,12,0
903502,1,0,1,0,0,0,133,2,12,0
903623,0,0,1,1,0,0,133,2,12,0
903786,1,0,0,1,1,0,133,2,12,0
903961,0,0,1,1,0,0,133,2,12,0
904046,1,1,0,0,0,0,133,2,12,0
904159,0,1,0,1,0,0,133,2,12,0
904187,0,0,0,0,1,0,133,2,12,0
904204,0,1,0,1,0,0,133,2,12,0
904226,0,0,0,0,1,0,133,2,12,0
904316,1,1,0,0,0,0,133,2,12,0
904466,0,0,0,0,1,0,133,2,12,0
904478,1,0,0,1,1,0,133,2,12,0
904486,1,1,1,1,1,0,133,2,12,0
904493,0,0,0,0,1,0,133,2,12,0
904497,0,1,1,0,1,0,133,2,12,0
904550,0,1,0,1,0,0,133,2,12,0
904649,1,1,0,0,0,0,133,2,12,0
904746,0,1,1,0,1,0,133,2,12,0
904770,1,1,0,0,0,0,133,2,12,0
904838,0,0,1,1,0,0,133,2,12,0
904873,1,0,0,1,1,0,133,2,12,0
905150,0,1,1,0,1,0,133,2,12,0
905182,1,1,1,1,1,0,133,2,12,0
905352,0,1,0,1,0,0,133,2,12,0
905411,1,0,1,0,0,0,133,2,12,0
905423,1,1,1,1,1,0,133,2,12,0
905494,1,0,0,1,1,0,133,2,12,0
905554,1,1,0,0,0,0,133,2,12,0
905571,1,1,0,1,0,0,133,2,12,0
905635,1,0,0,1,1,0,133,2,12,0
905647,0,1,1,0,1,0,133,2,12,0
905648,0,0,0,0,1,0,133,2,12,0
905656,1,1,0,0,0,0,133,2,12,0
905662,1,0,1,0,0,0,133,2,12,0
905696,1,0,1,0,0,0,133,2,12,0
905804,1,1,1,1,1,0,133,2,12,0
905871,1,1,0,0,0,0,133,2,12,0
905886,0,1,1,0,1,0,133,2,12,0
905948,0,0,0,0,1,0,133,2,12,0
905988,0,0,0,0,1,0,133,2,12,0
906269,0,0,1,1,0,0,133,2,12,0
906635,1,0,0,1,1,0,133,2,12,0
906674,0,0,1,1,0,0,133,2,12,0
906694,0,0,0,0,1,0,133,2,12,0
906722,1,0,0,1,1,0,133,2,12,0
906765,1,0,0,1,1,0,133,2,12,0
906790,1,1,0,0,0,0,133,2,12,0
906841,1,0,1,0,0,0,133,2,12,0
906967,0,0,1,1,0,0,133,2,12,0
907003,0,0,0,0,1,0,133,2,12,0
907014,0,1,1,0,1,0,133,2,12,0
907050,0,0,0,0,1,0,133,2,12,0
907115,0,1,0,1,0,0,133,2,12,0
907502,0,1,0,1,0,0,133,2,12,0
907527,0,0,1,1,0,0,133,2,12,0
907849,0,0,0,0,1,0,133,2,12,0
907952,1,0,1,0,0,0,133,2,12,0
907980,0,0,1,1,0,0,133,2,12,0
907989,1,1,0,0,0,0,133,2,12,0
908023,1,0,0,1,1,0,133,2,12,0
908029,0,0,1,1,0,0,133,2,12,0
908089,1,0,1,0,0,0,133,2,12,0
908111,1,1,0,0,0,0,133,2,12,0
908127,1,1,1,1,1,0,133,2,12,0
908371,1,1,1,0,1,1,133,2,12,0
908566,1,1,0,0,0,0,133,2,12,0
908609,0,1,1,0,1,0,133,2,12,0
908694,1,1,1,1,1,0,133,2,12,0
908840,1,1,0,0,0,0,133,2,12,0
908877,0,1,0,1,0,0,133,2,12,0
908968,1,1,0,0,0,0,133,2,12,0
909276,1,1,0,0,0,0,133,2,12,0
909484,0,1,0,1,0,0,133,2,12,0
909610,0,0,1,1,0,0,133,2,12,0
909662,1,1,0,0,0,0,133,2,12,0
909711,1,1,1,1,1,0,133,2,12,0
909752,1,1,1,1,1,0,133,2,12,0
909794,0,1,1,0,1,0,133,2,12,0
909832,1,0,1,0,0,0,133,2,12,0
909845,0,1,1,0,1,0,133,2,12,0
909850,0,0,1,1,0,0,133,2,12,0
910091,1,1,1,1,1,0,133,2,12,0
910150,0,0,1,1,0,0,133,2,12,0
910252,1,0,1,0,0,0,133,2,12,0
910451,0,0,0,0,1,0,133,2,12,0
910598,1,1,0,0,0,0,133,2,12,0
910627,0,0,1,1,0,0,133,2,12,0
910635,0,0,1,1,0,0,133,2,12,0
910643,1,0,1,0,0,0,133,2,12,0
910665,1,1,0,0,0,0,133,2,12,0
910711,1,1,1,1,1,0,133,2,12,0
910752,0,1,1,0,1,0,133,2,12,0
910753,1,1,1,1,1,0,133,2,12,0
910846,0,1,1,0,1,0,133,2,12,0
910867,0,1,0,1,0,0,133,2,12,0
910879,1,0,0,1,1,0,133,2,12,0
910918,0,0,0,0,1,0,133,2,12,0
910970,1,1,0,0,0,0,133,2,12,0
911057,1,1,1,1,1,0,133,2,12,0
911160,0,0,0,0,1,0,133,2,12,0
911248,1,0,1,0,0,0,133,2,12,0
911396,1,1,0,0,0,0,133,2,12,0
911519,1,1,0,1,0,0,133,2,12,0
911600,1,1,0,0,0,0,133,2,12,0
911696,0,0,1,1,0,0,133,2,12,0
911731,0,0,0,0,1,0,133,2,12,0
911795,1,0,0,1,1,0,133,2,12,0
911803,1,1,1,1,1,0,133,2,12,0
911905,1,0,1,0,0,0,133,2,12,0
912018,1,0,0,1,1,0,133,2,12,0
912727,1,1,1,1,1,0,133,2,12,0
912732,0,0,1,1,0,0,133,2,12,0
912779,1,0,0,1,1,0,133,2,12,0
912879,1,1,0,1,0,0,133,2,12,0
912988,1,1,1,0,1,1,133,2,12,0
913047,1,0,1,0,0,0,133,2,12,0
913139,1,0,0,1,1,0,133,2,12,0
913187,1,1,0,0,0,0,133,2,12,0
913281,1,0,1,0,0,0,133,2,12,0
913303,1,1,1,1,1,0,133,2,12,0
913416,0,0,1,1,0,0,133,2,12,0
913743,0,0,0,1,1,1,133,2,12,0
913747,1,0,1,0,0,0,133,2,12,0
913835,1,1,0,0,0,0,133,2,12,0
913910,0,0,0,0,1,0,133,2,12,0
913986,1,0,0,1,1,0,133,2,12,0
914093,0,1,0,1,0,0,133,2,12,0
914111,1,0,1,0,0,0,133,2,12,0
914113,0,1,1,0,1,0,133,2,12,0
914120,0,0,1,1,0,0,133,2,12,0
914144,0,1,0,1,0,0,133,2,12,0
914235,0,1,1,0,1,0,133,2,12,0
914321,1,0,0,1,1,0,133,2,12,0
914400,0,0,1,1,0,0,133,2,12,0
914416,0,0,1,1,0,0,133,2,12,0
914884,0,0,0,0,1,0,133,2,12,0
914921,1,0,0,1,1,0,133,2,12,0
914969,1,1,1,1,1,0,133,2,12,0
915018,0,1,0,1,0,0,133,2,12,0
915020,0,0,1,1,0,0,133,2,12,0
915025,0,0,0,0,1,0,133,2,12,0
915050,1,0,0,1,1,0,133,2,12,0
915088,0,0,1,1,0,0,133,2,12,0
915112,0,0,1,1,0,0,133,2,12,0
915164,1,0,1,0,0,0,133,2,12,0
915168,1,1,0,0,0,0,133,2,12,0
915245,0,1,0,1,0,0,133,2,12,0
915258,1,0,1,0,0,0,133,2,12,0
915323,0,1,0,1,0,0,133,2,12,0
915326,1,1,0,0,0,0,133,2,12,0
915378,0,1,1,0,1,0,133,2,12,0
915479,0,0,1,1,0,0,133,2,12,0
915510,1,1,1,1,1,0,133,2,12,0
915605,1,1,0,0,0,0,133,2,12,0
915661,1,0,1,0,0,0,133,2,12,0
915680,1,1,0,0,0,0,133,2,12,0
915701,0,1,1,0,1,0,133,2,12,0
915702,1,1,0,0,0,0,133,2,12,0
915912,0,1,0,1,0,0,133,2,12,0
915933,1,1,1,1,1,0,133,2,12,0
915966,1,0,0,1,1,0,133,2,12,0
916170,1,1,0,0,0,0,133,2,12,0
916209,0,0,1,1,0,0,133,2,12,0
916213,0,0,0,0,1,0,133,2,12,0
916226,1,1,1,1,1,0,133,2,12,0
916240,0,1,0,1,0,0,133,2,12,0
916265,1,0,1,0,0,0,133,2,12,0
916372,1,1,0,0,0,0,133,2,12,0
916385,1,0,1,0,0,0,133,2,12,0
916518,0,0,1,1,0,0,133,2,12,0
916767,1,1,1,1,1,0,133,2,12,0
916816,1,0,0,1,1,0,133,2,12,0
916821,0,0,0,0,1,0,133,2,12,0
916940,1,1,0,0,0,0,133,2,12,0
916966,1,1,1,1,1,0,133,2,12,0
916998,0,1,1,0,1,0,133,2,12,0
917004,0,0,0,0,1,0,133,2,12,0
917019,1,0,1,0,0,0,133,2,12,0
917275,1,1,1,1,1,0,133,2,12,0
917337,0,1,1,0,1,0,133,2,12,0
917342,0,1,0,1,0,0,133,2,12,0
917388,0,0,1,1,0,0,133,2,12,0
917480,0,1,1,0,1,0,133,2,12,0
917492,1,0,0,1,1,0,133,2,12,0
917624,0,0,1,1,0,0,94,2,12,0
917683,0,0,0,0,1,0,94,2,12,0
917687,0,0,1,1,0,0,94,2,12,0
917747,0,1,0,1,0,0,94,2,12,0
917785,0,0,0,0,1,0,94,2,12,0
917871,0,0,0,0,1,0,94,2,12,0
917969,1,1,1,1,1,0,94,2,12,0
918142,0,0,1,1,0,0,94,2,12,0
918161,1,1,0,0,0,0,94,2,12,0
918194,1,1,0,0,0,0,94,2,12,0
918459,0,1,0,1,0,0,94,2,12,0
918624,0,1,1,0,1,0,94,2,12,0
918678,1,1,0,0,0,0,94,2,12,0
918808,1,1,0,0,0,0,94,2,12,0
918839,0,0,1,1,0,0,94,2,12,0
918870,1,1,1,1,1,0,94,2,12,0
918902,0,0,0,1,1,1,94,2,12,0
919265,1,0,0,1,1,0,94,2,12,0
919289,0,0,0,0,1,0,94,2,12,0
919348,1,1,1,1,1,0,94,2,12,0
919352,0,1,1,0,1,0,94,2,12,0
919696,0,1,1,0,1,0,94,2,12,0
920055,1,0,0,1,1,0,94,2,12,0
920105,0,0,0,0,1,0,94,2,12,0
920226,1,0,1,0,0,0,94,2,12,0
920379,0,1,0,1,0,0,94,2,12,0
920403,1,1,0,0,0,0,94,2,12,0
920443,0,0,0,0,1,0,94,2,12,0
920490,1,1,1,1,1,0,94,2,12,0
920623,0,1,0,1,0,0,94,2,12,0
920738,1,0,0,1,1,0,94,2,12,0
920805,0,1,1,0,1,0,94,2,12,0
920821,1,0,1,0,0,0,94,2,12,0
920966,0,0,1,1,0,0,94,2,12,0
920997,1,1,1,1,1,0,94,2,12,0
921257,0,1,1,0,1,0,94,2,12,0
921261,0,1,1,0,1,0,94,2,12,0
921279,1,1,0,0,0,0,94,2,12,0
921346,1,1,0,0,0,0,94,2,12,0
921373,0,0,0,0,1,0,94,2,12,0
921503,1,0,0,1,1,0,94,2,12,0
921841,1,1,0,0,0,0,94,2,12,0
921862,0,1,0,1,0,0,94,2,12,0
921899,0,1,0,1,0,0,94,2,12,0
922056,0,0,1,1,0,0,94,2,12,0
922260,1,0,1,0,0,0,94,2,12,0
922284,0,0,0,0,1,0,94,2,12,0
922342,0,0,0,0,1,0,94,2,12,0
922475,1,0,0,1,1,0,94,2,12,0
922692,1,1,1,1,1,0,94,2,12,0
922941,0,1,1,0,1,0,94,2,12,0
922944,0,1,0,1,0,0,94,2,12,0
923046,0,1,0,1,0,0,94,2,12,0
923113,1,1,0,0,0,0,94,2,12,0
923143,0,1,1,0,1,0,94,2,12,0
923153,0,1,1,0,1,0,94,2,12,0
923166,0,1,1,0,1,0,94,2,12,0
923228,1,0,1,0,0,0,94,2,12,0
923255,1,0,0,1,1,0,94,2,12,0
923527,0,1,1,0,1,0,94,2,12,0
923615,1,0,0,1,1,0,94,2,12,0
923681,0,1,1,0,1,0,94,2,12,0
923971,1,1,1,1,1,0,94,2,12,0
924012,1,1,1,1,1,0,94,2,12,0
924058,1,1,0,0,0,0,94,2,12,0
924101,0,0,1,1,0,0,94,2,12,0
924127,1,1,0,0,0,0,94,2,12,0
924168,0,1,0,1,0,0,94,2,12,0
924198,0,0,1,1,0,0,94,2,12,0
924584,0,1,1,0,1,0,94,2,12,0
924917,1,1,0,0,0,0,94,2,12,0
925306,1,1,1,1,1,0,94,2,12,0
925449,0,0,1,1,0,0,94,2,12,0
925501,1,1,0,0,0,0,94,2,12,0
925563,0,1,1,0,1,0,94,2,12,0
925662,1,0,0,1,1,0,94,2,12,0
925674,1,0,1,0,0,0,94,2,12,0
925756,1,0,0,1,1,0,94,2,12,0
925903,0,1,0,1,0,0,94,2,12,0
925922,0,0,1,1,0,0,94,2,12,0
925978,0,0,1,1,0,0,94,2,12,0
926475,0,0,1,1,0,0,94,2,12,0
926627,1,1,1,1,1,0,94,2,12,0
926695,0,1,1,0,1,0,94,2,12,0
926901,1,0,1,0,0,0,94,2,12,0
926956,0,0,0,0,1,0,94,2,12,0
926996,0,0,0,0,1,0,94,2,12,0
927014,0,0,0,0,1,0,94,2,12,0
927123,1,0,0,1,1,0,94,2,12,0
927185,1,0,0,1,1,0,94,2,12,0
927240,0,1,0,1,0,0,94,2,12,0
927563,1,1,0,0,0,0,94,2,12,0
927698,1,0,0,1,1,0,94,2,12,0
927701,0,1,1,0,1,0,94,2,12,0
927767,1,0,1,0,0,0,94,2,12,0
927810,1,1,1,1,1,0,94,2,12,0
928311,0,0,0,0,1,0,94,2,12,0
928349,1,0,0,1,1,0,94,2,12,0
928473,0,1,1,0,1,0,94,2,12,0
928735,0,1,1,0,1,0,94,2,12,0
928855,0,1,1,0,1,0,94,2,12,0
928875,1,0,0,1,1,0,94,2,12,0
929122,0,1,0,1,0,0,94,2,12,0
929315,0,0,0,0,1,0,94,2,12,0
929369,0,1,0,1,0,0,94,2,12,0
929444,0,0,1,1,0,0,94,2,12,0
929457,0,0,1,1,0,0,94,2,12,0
929492,1,1,1,1,1,0,94,2,12,0
929616,0,0,1,1,0,0,94,2,12,0
929632,1,1,1,1,1,0,94,2,12,0
929789,0,1,1,0,1,0,94,2,12,0
929869,0,0,0,0,1,0,94,2,12,0
929987,1,0,0,1,1,0,94,2,12,0
930018,0,0,0,0,1,0,94,2,12,0
930202,1,0,1,0,0,0,94,2,12,0
930266,0,0,0,0,1,0,94,2,12,0
930277,1,1,1,1,1,0,94,2,12,0
930284,1,1,0,0,0,0,94,2,12,0
930314,0,0,0,0,1,0,94,2,12,0
930372,1,0,0,1,1,0,94,2,12,0
930530,0,0,1,1,0,0,94,2,12,0
930999,1,0,0,1,1,0,94,2,12,0
931018,1,1,1,1,1,0,94,2,12,0
931709,0,1,1,0,1,0,94,2,12,0
931744,0,1,1,0,1,0,94,2,12,0
931850,1,0,0,1,1,0,94,2,12,0
931871,0,0,0,0,1,0,94,2,12,0
932042,1,1,1,1,1,0,94,2,12,0
932463,1,0,0,1,1,0,94,2,12,0
932482,1,0,0,1,1,0,94,2,12,0
932499,1,0,0,1,1,0,94,2,12,0
932552,1,0,0,1,1,0,94,2,12,0
932739,1,1,0,0,0,0,94,2,12,0
932752,0,0,1,1,0,0,94,2,12,0
932837,1,1,0,0,0,0,94,2,12,0
932857,0,0,0,0,1,0,94,2,12,0
932887,0,0,1,1,0,0,94,2,12,0
932893,0,1,1,0,1,0,94,2,12,0
933003,0,0,0,0,1,0,94,2,12,0
933074,1,0,1,0,0,0,94,2,12,0
933113,0,1,0,1,0,0,94,2,12,0
933122,1,0,1,0,0,0,94,2,12,0
933306,1,0,0,1,1,0,94,2,12,0
933470,0,1,0,1,0,0,94,2,12,0
933705,1,1,1,1,1,0,94,2,12,0
933740,1,1,0,0,0,0,94,2,12,0
933760,1,0,0,1,1,0,94,2,12,0
933770,0,1,0,1,0,0,94,2,12,0
933816,1,0,0,1,1,0,94,2,12,0
933867,1,1,0,0,0,0,94,2,12,0
933974,1,0,0,1,1,0,94,2,12,0
934083,0,1,0,1,0,0,94,2,12,0
934093,1,1,0,0,0,0,94,2,12,0
934170,0,0,0,0,1,0,94,2,12,0
934382,1,0,1,0,0,0,94,2,12,0
934423,0,0,0,0,1,0,94,2,12,0
934441,1,1,1,1,1,0,94,2,12,0
934605,1,0,0,1,1,0,94,2,12,0
934642,1,0,1,0,0,0,94,2,12,0
934841,1,1,0,0,0,0,94,2,12,0
935022,0,1,0,0,0,0,94,2,12,0
935168,1,1,1,1,1,0,94,2,12,0
935524,0,1,0,1,0,0,94,2,12,0
935531,0,1,0,1,0,0,94,2,12,0
935565,0,1,0,1,0,0,94,2,12,0
935775,1,1,1,1,1,0,94,2,12,0
935891,1,1,1,1,1,0,94,2,12,0
936136,0,0,1,1,0,0,94,2,12,0
936141,0,0,0,0,1,0,94,2,12,0
936200,1,1,1,1,1,0,94,2,12,0
936267,0,0,0,0,1,0,94,2,12,0
936399,1,1,1,1,1,0,94,2,12,0
936465,1,1,0,0,0,0,94,2,12,0
936482,1,0,0,1,1,0,94,2,12,0
936554,1,1,0,0,0,0,94,2,12,0
936625,0,0,1,1,0,0,94,2,12,0
936665,0,0,0,0,1,0,94,2,12,0
936697,1,0,0,1,1,0,94,2,12,0
936707,1,0,1,0,0,0,94,2,12,0
936713,1,1,0,0,0,0,94,2,12,0
936848,1,0,0,1,1,0,94,2,12,0
937060,0,0,1,1,0,0,94,2,12,0
937207,1,0,1,0,0,0,94,2,12,0
937598,1,0,1,0,0,0,94,2,12,0
937661,1,0,0,1,1,0,94,2,12,0
937685,0,1,0,1,0,0,94,2,12,0
937706,0,0,0,0,1,0,94,2,12,0
937726,1,1,0,0,0,0,94,2,12,0
937932,0,0,0,0,1,0,94,2,12,0
937995,1,1,0,0,0,0,94,2,12,0
938043,0,0,1,1,0,0,94,2,12,0
938051,0,0,0,0,1,0,94,2,12,0
938064,0,0,1,1,0,0,94,2,12,0
938090,1,0,1,0,0,0,94,2,12,0
938537,0,0,0,0,1,0,94,2,12,0
938570,0,1,0,1,0,0,94,2,12,0
938587,0,1,1,0,1,0,94,2,12,0
938735,0,1,1,0,1,0,94,2,12,0
938970,1,0,1,0,0,0,94,2,12,0
939024,0,0,0,0,1,0,94,2,12,0
939326,1,0,0,1,1,0,94,2,12,0
939480,1,0,0,1,1,0,94,2,12,0
939484,1,0,1,0,0,0,94,2,12,0
939504,0,1,1,0,1,0,94,2,12,0
939617,0,1,0,1,0,0,94,2,12,0
939694,1,1,0,0,0,0,94,2,12,0
939766,1,1,0,0,0,0,94,2,12,0
939802,1,1,1,0,1,1,94,2,12,0
940117,0,1,0,1,0,0,94,2,12,0
940154,0,0,0,0,1,0,94,2,12,0
940227,1,0,1,0,0,0,94,2,12,0
940377,0,1,0,1,0,0,94,2,12,0
940438,0,1,1,0,1,0,94,2,12,0
940451,0,0,0,0,1,0,94,2,12,0
940456,0,1,1,0,1,0,94,2,12,0
940564,1,0,0,1,1,0,94,2,12,0
940682,0,0,1,1,0,0,94,2,12,0
940870,0,1,1,0,1,0,94,2,12,0
940876,0,1,1,0,1,0,94,2,12,0
940896,0,1,0,1,0,0,94,2,12,0
940898,0,1,1,0,1,0,94,2,12,0
941017,0,0,1,1,0,0,94,2,12,0
941123,0,1,0,1,0,0,94,2,12,0
941194,1,0,0,1,1,0,94,2,12,0
941495,1,0,0,1,1,0,94,2,12,0
941500,0,0,0,0,1,0,94,2,12,0
941839,0,1,1,0,1,0,94,2,12,0
942059,0,0,1,1,0,0,94,2,12,0
942074,0,1,1,0,1,0,94,2,12,0
942087,0,0,1,1,0,0,94,2,12,0
942371,1,0,0,1,1,0,94,2,12,0
942542,0,0,1,1,0,0,94,2,12,0
942549,0,1,1,0,1,0,94,2,12,0
942696,1,1,0,0,0,0,94,2,12,0
942721,1,0,1,0,0,0,94,2,12,0
942914,1,0,1,0,0,0,94,2,12,0
942935,1,1,1,1,1,0,94,2,12,0
943021,0,1,0,1,0,0,94,2,12,0
943063,1,0,0,1,1,0,94,2,12,0
943202,0,0,1,1,0,0,94,2,12,0
943356,1,1,0,0,0,0,94,2,12,0
943387,0,0,1,1,0,0,94,2,12,0
943564,1,1,1,1,1,0,94,2,12,0
943581,0,0,0,0,1,0,94,2,12,0
943597,1,1,0,0,0,0,94,2,12,0
943652,1,0,0,1,1,0,94,2,12,0
943722,0,1,1,0,1,0,94,2,12,0
943733,1,0,0,1,1,0,94,2,12,0
943850,1,1,1,1,1,0,94,2,12,0
943977,1,0,1,0,0,0,94,2,12,0
944172,1,0,0,1,1,0,94,2,12,0
944188,1,1,0,0,0,0,94,2,12,0
944302,0,0,0,0,1,0,94,2,12,0
944503,0,1,1,0,1,0,94,2,12,0
944703,1,0,1,0,0,0,94,2,12,0
944954,1,1,1,1,1,0,94,2,12,0
945063,1,1,1,1,1,0,94,2,12,0
945310,1,0,0,1,1,0,94,2,12,0
945640,1,1,0,0,0,0,94,2,12,0
945663,0,0,0,0,1,0,94,2,12,0
945729,0,0,1,1,0,0,94,2,12,0
945984,0,1,1,0,1,0,94,2,12,0
946057,0,1,0,1,0,0,94,2,12,0
946204,0,0,1,1,0,0,94,2,12,0
946229,1,1,1,1,1,0,94,2,12,0
946251,0,0,0,0,1,0,94,2,12,0
946256,1,1,0,0,0,0,94,2,12,0
946439,1,1,0,0,0,0,94,2,12,0
946663,1,0,0,1,1,0,94,2,12,0
946690,1,1,0,0,0,0,94,2,12,0
946898,0,1,1,0,1,0,94,2,12,0
946924,1,0,0,1,1,0,94,2,12,0
947003,1,0,1,0,0,0,94,2,12,0
947020,0,0,1,1,0,0,94,2,12,0
947289,1,1,0,0,0,0,94,2,12,0
947332,1,0,1,0,0,0,94,2,12,0
947450,1,0,1,0,0,0,94,2,12,0
947694,0,0,1,0,0,0,94,2,12,0
947707,1,0,1,0,0,0,94,2,12,0
947809,0,1,1,0,1,0,94,2,12,0
947877,0,1,0,1,0,0,94,2,12,0
948278,1,0,1,0,0,0,94,2,12,0
948351,0,0,1,1,0,0,94,2,12,0
948360,0,0,1,1,0,0,94,2,12,0
948701,0,1,0,1,0,0,94,2,12,0
948820,1,0,1,0,0,0,94,2,12,0
948826,1,1,1,1,1,0,94,2,12,0
949057,1,1,1,1,1,0,94,2,12,0
949247,1,0,0,1,1,0,94,2,12,0
949564,0,1,0,1,0,0,94,2,12,0
949673,1,1,1,1,1,0,94,2,12,0
949729,1,0,0,1,1,0,94,2,12,0
950031,1,0,1,0,0,0,94,2,12,0
950095,1,0,1,0,0,0,94,2,12,0
950186,1,1,1,1,1,0,94,2,12,0
950196,1,1,1,1,1,0,94,2,12,0
950396,0,0,1,1,0,0,94,2,12,0
950511,0,1,1,0,1,0,94,2,12,0
950543,1,1,0,0,0,0,94,2,12,0
950556,0,0,0,0,1,0,94,2,12,0
950602,1,1,1,1,1,0,94,2,12,0
950639,0,1,0,1,0,0,94,2,12,0
950985,1,0,1,0,0,0,94,2,12,0
951021,0,1,0,1,0,0,94,2,12,0
951099,0,0,1,1,0,0,94,2,12,0
951404,1,0,0,1,1,0,94,2,12,0
951457,0,0,0,0,1,0,94,2,12,0
951571,0,0,0,0,1,0,94,2,12,0
951583,0,0,1,0,0,0,94,2,12,0
951687,1,1,0,0,0,0,94,2,12,0
951784,1,0,0,1,1,0,94,2,12,0
951866,1,0,1,0,0,0,94,2,12,0
951953,1,1,1,1,1,0,94,2,12,0
952154,0,0,1,1,0,0,94,2,12,0
952200,0,0,1,1,0,0,94,2,12,0
952339,1,0,0,1,1,0,94,2,12,0
952802,1,0,1,0,0,0,94,2,12,0
952884,0,1,1,0,1,0,94,2,12,0
953094,1,0,1,0,0,0,94,2,12,0
953312,1,0,1,0,0,0,94,2,12,0
953341,1,1,1,1,1,0,94,2,12,0
953451,1,1,0,0,0,0,94,2,12,0
953625,1,1,0,0,0,0,94,2,12,0
953835,0,1,1,0,1,0,94,2,12,0
953997,1,1,1,1,1,0,94,2,12,0
954010,0,1,0,1,0,0,94,2,12,0
954118,1,1,1,1,1,0,94,2,12,0
954157,0,0,0,0,1,0,94,2,12,0
954477,1,1,1,1,1,0,94,2,12,0
954485,1,1,1,1,1,0,94,2,12,0
954493,1,1,1,1,1,0,94,2,12,0
954540,1,1,0,0,0,0,94,2,12,0
954565,0,0,0,0,1,0,94,2,12,0
954668,1,0,1,0,0,0,94,2,12,0
954874,0,1,0,1,0,0,94,2,12,0
955038,1,0,0,1,1,0,94,2,12,0
955155,1,1,1,1,1,0,94,2,12,0
955305,1,0,1,0,0,0,94,2,12,0
955544,0,1,1,0,1,0,94,2,12,0
955567,0,0,0,0,1,0,94,2,12,0
955641,1,1,1,1,1,0,94,2,12,0
955659,0,1,1,0,1,0,94,2,12,0
955734,0,0,0,0,1,0,94,2,12,0
955774,1,0,0,1,1,0,94,2,12,0
955893,0,1,1,0,1,0,94,2,12,0
955906,1,0,0,1,1,0,94,2,12,0
956199,0,1,1,0,1,0,94,2,12,0
956257,1,1,1,1,1,0,94,2,12,0
956276,0,1,1,0,1,0,94,2,12,0
956314,1,1,0,0,0,0,94,2,12,0
956378,1,0,0,1,1,0,94,2,12,0
956471,1,0,0,1,1,0,94,2,12,0
956743,0,0,1,1,0,0,94,2,12,0
956838,1,0,0,1,1,0,94,2,12,0
956867,0,0,0,0,1,0,94,2,12,0
956879,1,0,0,1,1,0,94,2,12,0
957015,1,1,0,0,0,0,94,2,12,0
957046,1,0,1,0,0,0,94,2,12,0
957078,1,0,1,0,0,0,94,2,12,0
957219,1,0,1,0,0,0,94,2,12,0
957264,0,0,0,0,1,0,94,2,12,0
957663,1,0,1,0,0,0,94,2,12,0
957710,1,1,0,0,0,0,94,2,12,0
957737,0,0,1,1,0,0,94,2,12,0
957965,1,0,1,0,0,0,94,2,12,0
958197,1,0,1,0,0,0,94,2,12,0
958211,1,0,1,0,0,0,94,2,12,0
958395,0,0,1,1,0,0,94,2,12,0
958452,0,1,0,1,0,0,94,2,12,0
958575,1,1,0,0,0,0,94,2,12,0
958590,1,1,0,0,0,0,94,2,12,0
958625,1,1,1,1,1,0,94,2,12,0
958672,0,1,1,1,1,1,94,2,12,0
958726,0,0,1,1,0,0,94,2,12,0
958815,1,1,0,0,0,0,94,2,12,0
958837,1,1,1,1,1,0,94,2,12,0
958930,0,1,0,1,0,0,94,2,12,0
959081,1,1,1,1,1,0,94,2,12,0
959298,1,1,0,0,0,0,94,2,12,0
959417,0,1,0,1,0,0,94,2,12,0
959553,0,1,1,0,1,0,94,2,12,0
959565,0,0,1,1,0,0,94,2,12,0
959593,0,1,1,0,1,0,94,2,12,0
959628,0,0,1,1,0,0,94,2,12,0
959845,1,0,1,0,0,0,94,2,12,0
960050,0,1,1,0,1,0,94,2,12,0
960250,1,1,1,1,1,0,94,2,12,0
960345,0,1,1,0,1,0,94,2,12,0
960362,1,0,1,0,0,0,94,2,12,0
960458,1,0,1,1,0,0,94,2,12,0
960465,0,0,0,0,1,0,94,2,12,0
960616,1,1,1,1,1,0,94,2,12,0
960732,0,0,0,0,1,0,94,2,12,0
960780,0,1,1,0,1,0,94,2,12,0
960910,0,1,0,1,0,0,94,2,12,0
961038,0,1,0,1,0,0,94,2,12,0
961247,0,0,1,1,0,0,94,2,12,0
961277,0,0,1,1,0,0,94,2,12,0
961292,0,1,1,0,1,0,94,2,12,0
961308,0,0,0,0,1,0,94,2,12,0
961326,1,0,0,1,1,0,94,2,12,0
961402,0,0,0,0,1,0,94,2,12,0
961495,1,0,0,1,1,0,94,2,12,0
961529,0,0,1,1,0,0,94,2,12,0
961589,0,1,1,0,1,0,94,2,12,0
961638,1,0,1,0,0,0,94,2,12,0
961735,0,0,0,0,1,0,94,2,12,0
961795,1,0,1,0,0,0,94,2,12,0
961808,0,1,0,1,0,0,94,2,12,0
962471,0,1,1,0,1,0,94,2,12,0
962906,1,1,0,0,0,0,94,2,12,0
963047,0,0,1,1,0,0,94,2,12,0
963064,0,1,1,1,1,1,94,2,12,0
963351,1,0,1,0,0,0,94,2,12,0
963437,1,1,1,1,1,0,94,2,12,0
963674,0,1,1,0,1,0,94,2,12,0
963754,0,1,0,1,0,0,94,2,12,0
963975,1,0,1,0,0,0,94,2,12,0
964025,1,1,1,1,1,0,94,2,12,0
964027,1,1,0,0,0,0,94,2,12,0
964144,0,1,0,1,0,0,94,2,12,0
964165,1,1,0,0,0,0,94,2,12,0
964186,0,0,0,0,1,0,94,2,12,0
964268,0,1,1,0,1,0,94,2,12,0
964357,1,1,1,1,1,0,94,2,12,0
964618,1,0,1,0,0,0,94,2,12,0
964708,0,0,0,0,1,0,94,2,12,0
964742,0,0,1,1,0,0,94,2,12,0
965115,1,1,1,1,1,0,94,2,12,0
965250,1,0,0,1,1,0,94,2,12,0
965265,1,1,0,0,0,0,94,2,12,0
965290,1,1,0,0,0,0,94,2,12,0
965323,0,1,0,1,0,0,94,2,12,0
965497,1,0,0,1,1,0,94,2,12,0
965536,0,0,1,1,0,0,94,2,12,0
965660,1,0,0,1,1,0,94,2,12,0
965692,0,0,0,0,1,0,94,2,12,0
966022,1,0,1,0,0,0,94,2,12,0
966162,1,0,1,0,0,0,94,2,12,0
966187,0,1,0,1,0,0,94,2,12,0
966357,1,0,1,0,0,0,94,2,12,0
966393,0,1,0,1,0,0,94,2,12,0
966465,1,1,1,1,1,0,94,2,12,0
966537,0,1,1,0,1,0,94,2,12,0
966622,1,1,0,0,0,0,94,2,12,0
966680,0,0,0,0,1,0,94,2,12,0
966833,1,0,1,0,0,0,94,2,12,0
966837,0,0,0,0,1,0,94,2,12,0
966869,0,0,1,1,0,0,94,2,12,0
966912,0,0,1,1,0,0,94,2,12,0
967224,1,0,0,1,1,0,94,2,12,0
967261,0,1,0,1,0,0,94,2,12,0
967444,1,0,0,1,1,0,94,2,12,0
967494,1,0,1,0,0,0,94,2,12,0
967500,0,0,1,1,0,0,94,2,12,0
967510,1,1,0,0,0,0,94,2,12,0
967615,1,1,1,1,1,0,94,2,12,0
967808,0,0,1,1,0,0,94,2,12,0
967864,1,1,1,1,1,0,94,2,12,0
968050,1,0,0,1,1,0,94,2,12,0
968054,1,0,1,0,0,0,94,2,12,0
968133,0,1,0,0,0,0,94,2,12,0
968220,1,1,0,0,0,0,94,2,12,0
968240,0,1,0,1,0,0,94,2,12,0
968248,1,0,0,0,1,1,94,2,12,0
968408,1,0,1,0,0,0,94,2,12,0
968622,1,1,0,0,0,0,94,2,12,0
968680,0,1,1,0,1,0,94,2,12,0
969045,0,1,0,1,0,0,94,2,12,0
969263,0,1,1,0,1,0,94,2,12,0
969298,0,0,0,0,1,0,94,2,12,0
969353,0,1,0,1,0,0,94,2,12,0
969406,1,0,0,0,1,1,94,2,12,0
969896,1,0,1,0,0,0,94,2,12,0
969908,1,0,0,1,1,0,94,2,12,0
970016,1,1,0,0,0,0,94,2,12,0
970092,1,1,1,0,1,1,94,2,12,0
970107,0,1,1,0,1,0,94,2,12,0
970377,1,0,0,1,1,0,94,2,12,0
970407,1,1,0,0,0,0,94,2,12,0
970520,1,1,0,0,0,0,94,2,12,0
970715,1,0,1,0,0,0,94,2,12,0
970881,1,1,1,1,1,0,94,2,12,0
970914,1,0,1,0,0,0,94,2,12,0
971037,0,1,0,1,0,0,94,2,12,0
971209,0,0,1,0,0,0,94,2,12,0
971241,1,0,0,1,1,0,94,2,12,0
971245,1,0,1,0,0,0,94,2,12,0
971367,1,0,0,1,1,0,94,2,12,0
971420,0,1,1,0,1,0,94,2,12,0
971460,0,1,1,0,1,0,94,2,12,0
971554,1,0,1,0,0,0,94,2,12,0
971689,0,0,0,0,1,0,94,2,12,0
971712,0,1,0,1,0,0,94,2,12,0
971859,0,1,0,1,0,0,94,2,12,0
971895,0,1,0,1,0,0,94,2,12,0
972132,0,0,0,0,1,0,94,2,12,0
972245,0,0,0,0,1,0,94,2,12,0
972378,1,0,0,1,1,0,94,2,12,0
972452,0,0,0,0,1,0,94,2,12,0
972664,0,1,0,1,0,0,94,2,12,0
972762,0,0,1,1,0,0,94,2,12,0
972797,0,0,1,1,0,0,94,2,12,0
972896,1,0,0,0,1,1,94,2,12,0
972919,1,1,1,1,1,0,94,2,12,0
972988,1,1,1,1,1,0,94,2,12,0
973140,1,0,1,0,0,0,94,2,12,0
973171,1,0,1,0,0,0,94,2,12,0
973283,0,1,1,0,1,0,94,2,12,0
973320,0,1,1,0,1,0,94,2,12,0
973537,0,0,1,1,0,0,94,2,12,0
973556,0,1,1,0,1,0,94,2,12,0
973568,0,1,0,1,0,0,94,2,12,0
973603,1,1,1,1,1,0,94,2,12,0
974082,0,1,0,1,0,0,94,2,12,0
974324,0,0,1,1,0,0,94,2,12,0
974342,0,0,0,0,1,0,94,2,12,0
974396,1,0,0,1,1,0,94,2,12,0
974984,0,0,0,0,1,0,94,2,12,0
975050,0,1,1,0,1,0,94,2,12,0
975058,0,0,0,0,1,0,94,2,12,0
975396,0,1,1,0,1,0,94,2,12,0
975845,1,0,0,1,1,0,94,2,12,0
975850,0,0,1,1,0,0,94,2,12,0
975903,0,1,1,0,1,0,94,2,12,0
975916,1,0,0,1,1,0,94,2,12,0
976130,1,0,0,1,1,0,94,2,12,0
976472,0,0,0,0,1,0,94,2,12,0
976628,1,1,0,0,0,0,94,2,12,0
976694,0,1,0,1,0,0,94,2,12,0
976799,0,0,0,0,1,0,94,2,12,0
977093,0,0,0,0,1,0,94,2,12,0
977419,0,0,1,1,0,0,94,2,12,0
977576,0,1,0,1,0,0,94,2,12,0
977629,1,1,1,1,1,0,94,2,12,0
977699,0,0,0,0,1,0,94,2,12,0
977822,0,0,0,0,1,0,94,2,12,0
977861,0,1,0,1,0,0,94,2,12,0
978065,1,0,0,1,1,0,94,2,12,0
978169,0,0,1,1,0,0,94,2,12,0
978268,1,1,0,0,0,0,94,2,12,0
978326,1,0,1,0,0,0,94,2,12,0
978459,1,1,0,0,0,0,94,2,12,0
978539,0,0,1,1,0,0,94,2,12,0
978605,0,1,1,1,1,1,94,2,12,0
978682,1,1,0,0,0,0,94,2,12,0
978978,0,1,0,1,0,0,94,2,12,0
979036,0,1,0,1,0,0,94,2,12,0
979131,1,1,0,0,0,0,94,2,12,0
979231,1,1,1,1,1,0,94,2,12,0
979315,1,0,1,0,0,0,94,2,12,0
979419,0,1,0,1,0,0,94,2,12,0
979538,1,0,1,0,0,0,94,2,12,0
979716,0,1,0,1,0,0,94,2,12,0
979810,0,1,1,0,1,0,94,2,12,0
980317,1,0,1,0,0,0,94,2,12,0
980786,0,1,1,0,1,0,94,2,12,0
980898,0,0,1,1,0,0,94,2,12,0
981292,0,0,1,1,0,0,94,2,12,0
981328,1,1,1,1,1,0,94,2,12,0
981346,1,1,0,0,0,0,94,2,12,0
981364,1,0,0,1,1,0,94,2,12,0
981679,1,0,1,0,0,0,94,2,12,0
981911,0,0,1,1,0,0,94,2,12,0
982017,1,0,1,0,0,0,94,2,12,0
982022,0,1,1,0,1,0,94,2,12,0
982544,1,1,0,0,0,0,94,2,12,0
982569,1,1,0,0,0,0,94,2,12,0
982658,1,1,1,1,1,0,94,2,12,0
983039,1,0,1,0,0,0,94,2,12,0
983066,1,1,0,0,0,0,160,1,12,0
983070,1,1,1,1,1,0,160,1,12,0
983075,1,1,1,1,1,0,160,1,12,0
983204,1,1,1,1,1,0,160,1,12,0
983230,0,1,0,1,0,0,160,1,12,0
983282,1,0,1,0,0,0,160,1,12,0
983389,1,1,0,0,0,0,160,1,12,0
983404,1,1,0,0,0,0,160,1,12,0
983405,1,1,1,1,1,0,160,1,12,0
983414,1,0,1,0,0,0,160,1,12,0
983517,0,0,1,1,0,0,160,1,12,0
983561,0,1,1,0,1,0,160,1,12,0
983658,1,0,1,0,0,0,160,1,12,0
983803,0,1,0,1,0,0,160,1,12,0
983821,0,1,1,0,1,0,160,1,12,0
983832,1,0,1,0,0,0,160,1,12,0
983959,1,1,0,0,0,0,160,1,12,0
984055,1,0,1,0,0,0,160,1,12,0
984180,0,1,0,1,0,0,160,1,12,0
984204,1,1,0,0,0,0,160,1,12,0
984301,0,0,1,0,0,0,160,1,12,0
984345,1,0,1,0,0,0,160,1,12,0
984364,0,0,0,0,1,0,160,1,12,0
984413,0,1,1,0,1,0,160,1,12,0
984505,0,1,0,1,0,0,160,1,12,0
984524,0,1,1,0,1,0,160,1,12,0
984598,0,1,1,0,1,0,160,1,12,0
984620,0,0,1,1,0,0,160,1,12,0
984642,1,1,0,0,0,0,160,1,12,0
984646,1,1,1,1,1,0,160,1,12,0
984695,1,1,0,0,0,0,160,1,12,0
984748,1,0,1,0,0,0,160,1,12,0
984782,0,0,0,0,1,0,160,1,12,0
984915,1,1,1,1,1,0,160,1,12,0
985047,0,0,0,0,1,0,160,1,12,0
985151,0,1,0,1,0,0,160,1,12,0
985181,0,1,0,1,0,0,160,1,12,0
985426,0,0,1,1,0,0,160,1,12,0
985503,0,0,0,0,1,0,160,1,12,0
985647,1,0,1,0,0,0,160,1,12,0
985663,1,1,0,0,0,0,160,1,12,0
985834,0,1,1,0,1,0,160,1,12,0
985844,1,1,1,1,1,0,160,1,12,0
985851,1,0,1,0,0,0,160,1,12,0
985901,0,1,0,1,0,0,160,1,12,0
985953,0,0,0,0,1,0,160,1,12,0
985963,0,0,0,0,1,0,160,1,12,0
985970,1,0,1,0,0,0,160,1,12,0
986051,1,1,0,0,0,0,160,1,12,0
986216,1,1,0,0,0,0,160,1,12,0
986281,1,1,0,0,0,0,160,1,12,0
986292,1,0,0,1,1,0,160,1,12,0
986318,0,1,0,1,0,0,160,1,12,0
986320,1,1,1,1,1,0,160,1,12,0
986363,1,1,1,1,1,0,160,1,12,0
986466,1,0,1,0,0,0,160,1,12,0
986517,0,1,0,1,0,0,160,1,12,0
986569,1,0,1,0,0,0,160,1,12,0
986843,1,0,1,0,0,0,160,1,12,0
986949,0,0,1,1,0,0,160,1,12,0
986954,0,1,0,1,0,0,160,1,12,0
986973,1,1,1,1,1,0,160,1,12,0
987020,0,0,1,1,0,0,160,1,12,0
987022,0,1,1,0,1,0,160,1,12,0
987134,1,0,0,1,1,0,160,1,12,0
987151,1,0,1,0,0,0,160,1,12,0
987162,1,0,1,0,0,0,160,1,12,0
987309,0,0,1,1,0,0,160,1,12,0
987313,1,1,0,0,0,0,160,1,12,0
987388,1,0,1,0,0,0,160,1,12,0
987442,1,1,1,1,1,0,160,1,12,0
987454,1,0,1,0,0,0,160,1,12,0
987501,0,1,0,1,0,0,160,1,12,0
987547,0,0,1,1,0,0,160,1,12,0
987637,0,1,1,0,1,0,160,1,12,0
987689,0,1,0,1,0,0,160,1,12,0
987696,0,0,1,1,0,0,160,1,12,0
987737,1,0,0,1,1,0,160,1,12,0
987786,0,0,0,0,1,0,160,1,12,0
987825,0,0,0,0,1,0,160,1,12,0
987879,1,1,1,1,1,0,160,1,12,0
987927,0,1,1,0,1,0,160,1,12,0
988019,1,0,0,1,1,0,160,1,12,0
988025,0,0,1,0,0,0,160,1,12,0
988042,0,0,0,0,1,0,160,1,12,0
988213,1,1,0,0,0,0,160,1,12,0
988225,0,0,0,0,1,0,160,1,12,0
988259,1,0,1,0,0,0,160,1,12,0
988282,0,0,1,1,0,0,160,1,12,0
988339,0,0,1,1,0,0,160,1,12,0
988366,0,1,0,1,0,0,160,1,12,0
988416,0,0,1,1,0,0,160,1,12,0
988441,1,1,0,0,0,0,160,1,12,0
988520,1,0,1,0,0,0,160,1,12,0
988547,0,0,0,0,1,0,160,1,12,0
988837,1,1,1,1,1,0,160,1,12,0
988967,0,1,0,1,0,0,160,1,12,0
989055,1,0,0,1,1,0,160,1,12,0
989100,1,1,1,0,1,1,160,1,12,0
989116,1,1,1,0,1,1,160,1,12,0
989160,1,1,0,1,0,0,160,1,12,0
989163,0,0,1,1,0,0,160,1,12,0
989243,1,1,0,0,0,0,160,1,12,0
989259,1,1,0,0,0,0,160,1,12,0
989273,0,0,1,1,0,0,160,1,12,0
989285,0,1,1,0,1,0,160,1,12,0
989366,1,1,0,0,0,0,160,1,12,0
989417,0,1,0,1,0,0,160,1,12,0
989421,1,0,1,0,0,0,160,1,12,0
989462,0,0,1,1,0,0,160,1,12,0
989497,0,1,0,1,0,0,160,1,12,0
989642,0,1,0,1,0,0,160,1,12,0
989660,0,0,1,1,0,0,160,1,12,0
989678,0,1,0,1,0,0,160,1,12,0
989723,0,1,0,1,0,0,160,1,12,0
990034,0,0,0,0,1,0,160,1,12,0
