attempt,a_data,a_basis,b_basis,bob,bmatch,err,irrad
141,0,1,1,0,1,0,114
814,0,1,1,0,1,0,114
3123,0,0,0,0,1,0,114
3271,0,0,1,1,0,0,114
4034,0,1,1,0,1,0,114
4150,1,0,0,1,1,0,114
4581,0,1,0,1,0,0,114
4712,0,1,1,0,1,0,114
4909,0,1,0,1,0,0,114
6167,0,0,0,0,1,0,114
6777,0,0,1,0,0,0,114
6888,0,1,1,0,1,0,114
7073,1,0,1,0,0,0,114
9700,1,0,1,0,0,0,114
9876,1,0,0,1,1,0,114
10654,1,1,0,0,0,0,114
11776,1,1,0,0,0,0,114
13382,0,0,1,1,0,0,114
14780,0,0,1,1,0,0,114
18582,1,1,0,0,0,0,114
19021,1,1,1,1,1,0,114
19178,1,0,1,0,0,0,114
20412,1,1,0,0,0,0,114
20691,0,0,1,1,0,0,114
21044,0,1,0,1,0,0,114
27727,1,0,0,1,1,0,114
27775,1,1,0,0,0,0,114
28334,0,1,0,1,0,0,114
29339,0,0,0,0,1,0,114
30199,0,0,1,1,0,0,114
31741,0,0,0,0,1,0,114
33288,1,1,0,0,0,0,114
33551,0,1,1,1,1,1,114
34906,0,1,1,0,1,0,114
35390,1,1,1,1,1,0,114
36494,1,1,1,1,1,0,114
36806,0,1,0,1,0,0,114
37163,1,0,1,0,0,0,114
39779,0,0,1,1,0,0,114
41703,1,0,1,0,0,0,114
41850,0,0,0,0,1,0,114
41963,1,0,1,0,0,0,114
45253,1,1,0,0,0,0,114
45347,1,0,0,0,1,1,114
46335,0,0,1,1,0,0,114
46638,0,1,0,1,0,0,114
48643,1,0,1,0,0,0,114
49024,0,1,0,1,0,0,114
49486,1,0,1,0,0,0,114
49758,1,1,0,0,0,0,114
50358,0,1,0,1,0,0,114
50671,1,1,1,1,1,0,114
54359,1,1,0,0,0,0,114
55572,0,0,0,0,1,0,114
55934,1,1,0,0,0,0,114
57137,1,1,0,0,0,0,114
57343,1,0,0,1,1,0,114
58035,0,1,1,0,1,0,114
59294,1,1,1,1,1,0,114
59712,0,1,1,0,1,0,114
60756,1,1,0,0,0,0,114
60856,1,1,0,0,0,0,114
61331,0,0,1,1,0,0,114
62559,0,1,1,0,1,0,114
63005,0,0,1,1,0,0,114
63623,1,1,0,0,0,0,114
64146,1,0,0,1,1,0,114
64784,0,1,0,0,0,0,114
65064,0,1,1,0,1,0,114
65154,1,1,0,0,0,0,114
65594,1,0,0,1,1,0,89
66474,0,1,1,0,1,0,89
66738,1,0,1,0,0,0,89
69531,0,0,1,0,0,0,89
72424,0,1,1,0,1,0,89
76353,1,0,1,0,0,0,89
77213,1,0,1,0,0,0,89
77298,1,1,1,1,1,0,89
77823,1,1,0,0,0,0,89
79323,0,1,1,1,1,1,89
84307,1,1,0,0,0,0,89
85338,0,0,0,0,1,0,89
87141,1,0,1,0,0,0,89
87919,1,1,1,1,1,0,89
88433,1,1,1,1,1,0,89
89785,1,0,0,1,1,0,89
90481,1,1,1,1,1,0,89
90825,0,1,1,0,1,0,89
90979,1,1,1,1,1,0,89
91842,1,0,1,0,0,0,89
93485,0,1,0,0,0,0,89
94111,1,0,1,0,0,0,89
95080,1,0,0,1,1,0,89
97054,0,1,0,1,0,0,89
97794,0,1,1,0,1,0,89
98026,1,0,0,1,1,0,89
98258,0,1,1,0,1,0,89
98631,1,1,1,1,1,0,89
105431,0,1,1,1,1,1,89
105544,0,0,0,0,1,0,89
109654,1,1,0,0,0,0,89
109699,0,0,0,0,1,0,89
110245,0,1,0,1,0,0,89
110334,1,0,0,1,1,0,89
112116,1,1,1,1,1,0,89
112344,0,1,0,1,0,0,89
117393,0,0,0,0,1,0,89
118090,0,1,1,0,1,0,89
118658,0,0,1,1,0,0,89
118765,0,0,0,0,1,0,89
119238,1,0,0,1,1,0,89
120404,1,1,1,1,1,0,89
121156,1,0,0,1,1,0,89
121551,1,0,0,1,1,0,89
122102,0,0,1,1,0,0,89
123705,1,0,0,1,1,0,89
128863,0,1,1,0,1,0,89
130150,0,1,0,1,0,0,89
130392,0,0,1,1,0,0,89
130878,1,1,0,0,0,0,89
131885,0,0,1,1,0,0,184
132001,0,1,0,1,0,0,184
132202,1,1,0,0,0,0,184
132536,1,1,1,1,1,0,184
133786,0,1,0,1,0,0,184
133796,0,0,1,1,0,0,184
133950,0,0,1,1,0,0,184
134114,1,1,0,0,0,0,184
134557,0,0,1,1,0,0,184
137286,0,0,1,1,0,0,184
137438,0,1,1,0,1,0,184
137517,1,0,0,1,1,0,184
138179,1,1,1,1,1,0,184
139238,1,1,1,1,1,0,184
139304,1,1,1,1,1,0,184
140185,0,1,0,1,0,0,184
140207,1,1,0,0,0,0,184
140836,1,0,1,0,0,0,184
140984,0,1,0,1,0,0,184
141156,0,0,1,1,0,0,184
142636,0,1,1,0,1,0,184
144171,1,1,1,1,1,0,184
144834,0,1,1,0,1,0,184
145442,0,1,0,1,0,0,184
146135,1,1,0,0,0,0,184
146915,1,0,1,0,0,0,184
147018,0,1,1,0,1,0,184
147315,1,1,1,1,1,0,184
149714,1,0,0,1,1,0,184
150449,1,1,0,0,0,0,184
151015,1,0,0,1,1,0,184
151073,0,1,1,0,1,0,184
151192,1,0,1,0,0,0,184
151827,0,0,1,1,0,0,184
155255,0,0,0,0,1,0,184
155275,0,1,1,0,1,0,184
156540,0,1,0,1,0,0,184
157628,0,0,1,1,0,0,184
159206,0,0,0,0,1,0,184
159411,0,1,0,1,0,0,184
159685,0,1,1,0,1,0,184
160069,0,1,1,0,1,0,184
161679,1,0,1,0,0,0,184
161699,1,0,1,0,0,0,184
161716,0,0,0,0,1,0,184
162945,1,0,1,0,0,0,184
163416,1,0,1,0,0,0,184
164244,0,0,1,1,0,0,184
165048,1,1,1,1,1,0,184
165113,1,0,0,1,1,0,184
165225,0,0,1,1,0,0,184
166062,1,1,1,1,1,0,184
166478,0,1,1,0,1,0,184
166904,0,1,1,0,1,0,184
168080,0,0,1,1,0,0,184
169808,0,1,0,1,0,0,184
171292,1,1,1,1,1,0,184
171688,0,0,0,0,1,0,184
172158,0,0,1,1,0,0,184
172850,0,0,1,0,0,0,184
173768,1,1,0,0,0,0,184
174324,0,0,1,1,0,0,184
175533,1,1,0,0,0,0,184
176310,0,1,0,1,0,0,184
176556,0,1,1,0,1,0,184
177568,0,0,0,0,1,0,184
177834,0,0,0,0,1,0,184
177863,1,1,1,1,1,0,184
179030,1,1,1,1,1,0,184
179827,0,0,1,1,0,0,184
180182,1,0,0,1,1,0,184
180534,0,1,0,1,0,0,184
180613,0,0,0,0,1,0,184
181258,0,1,0,1,0,0,184
181654,0,0,1,1,0,0,184
182506,0,1,0,1,0,0,184
182849,0,1,0,1,0,0,184
183101,0,1,1,0,1,0,184
183278,0,1,1,0,1,0,184
183300,0,1,1,0,1,0,184
183339,0,0,0,0,1,0,184
183550,1,1,1,1,1,0,184
183616,1,1,1,1,1,0,184
184549,1,0,1,0,0,0,184
184621,1,0,1,0,0,0,184
185510,1,0,1,0,0,0,184
185615,1,0,0,1,1,0,184
185820,0,1,0,1,0,0,184
186389,1,0,1,0,0,0,184
186440,0,1,1,0,1,0,184
187053,1,0,1,0,0,0,184
187481,1,1,1,1,1,0,184
187794,0,1,1,0,1,0,184
188533,1,0,0,1,1,0,184
189477,0,0,0,0,1,0,184
190246,1,1,1,1,1,0,184
190362,1,0,0,1,1,0,184
191248,0,1,0,1,0,0,184
191476,0,0,1,1,0,0,184
191604,1,1,1,1,1,0,184
191666,0,1,1,0,1,0,184
192062,1,1,1,1,1,0,184
193025,0,1,0,1,0,0,184
193082,1,1,1,1,1,0,184
194000,0,0,0,0,1,0,184
194741,1,1,1,1,1,0,184
194933,0,0,1,1,0,0,184
195648,0,1,1,0,1,0,184
195763,1,1,1,0,1,1,184
196742,1,1,1,1,1,0,101
198008,1,0,1,0,0,0,101
198938,0,1,1,0,1,0,101
199392,1,1,1,1,1,0,101
201576,0,0,1,1,0,0,101
201837,1,1,0,0,0,0,101
202226,1,0,1,0,0,0,101
205087,0,1,0,1,0,0,101
206979,1,0,1,0,0,0,101
208311,0,1,1,0,1,0,101
208474,0,1,0,1,0,0,101
208612,0,0,0,0,1,0,101
209609,1,0,0,1,1,0,101
209687,0,0,0,0,1,0,101
211437,1,0,1,0,0,0,101
211725,1,0,0,1,1,0,101
213923,1,0,1,0,0,0,101
213926,0,1,0,1,0,0,101
214721,1,1,1,1,1,0,101
216796,1,0,0,1,1,0,101
218836,0,0,1,1,0,0,101
219082,0,1,1,0,1,0,101
219458,0,0,1,1,0,0,101
219735,1,0,1,0,0,0,101
220297,0,1,1,0,1,0,101
220439,1,0,0,1,1,0,101
220764,0,0,1,1,0,0,101
222568,1,0,1,0,0,0,101
223149,1,1,0,0,0,0,101
226206,1,0,1,0,0,0,101
227628,1,1,1,1,1,0,101
227945,1,0,0,1,1,0,101
228110,1,0,0,1,1,0,101
228427,0,0,1,1,0,0,101
229962,0,0,1,1,0,0,101
230134,0,0,0,0,1,0,101
230896,0,0,1,1,0,0,101
231773,0,0,0,0,1,0,101
231916,0,1,1,0,1,0,101
232461,1,0,1,0,0,0,101
232508,1,1,0,0,0,0,101
232517,1,0,0,1,1,0,101
233598,0,0,1,1,0,0,101
233815,0,0,0,0,1,0,101
233827,1,0,0,1,1,0,101
234057,0,0,1,1,0,0,101
234336,1,1,1,1,1,0,101
234828,0,0,0,0,1,0,101
235312,1,0,1,0,0,0,101
236447,1,0,1,0,0,0,101
237010,1,1,0,0,0,0,101
237694,1,0,1,0,0,0,101
238136,0,0,1,1,0,0,101
239592,0,0,1,1,0,0,101
241858,0,0,0,0,1,0,101
242113,0,0,0,0,1,0,101
243593,1,1,1,1,1,0,101
244134,0,1,1,0,1,0,101
244530,1,1,1,1,1,0,101
245428,1,1,1,1,1,0,101
247987,1,1,0,0,0,0,101
249438,1,1,1,1,1,0,101
249911,0,0,1,1,0,0,101
251427,1,1,0,0,0,0,101
252875,0,1,1,0,1,0,101
253502,0,0,1,1,0,0,101
253608,0,1,1,0,1,0,101
254366,0,0,0,0,1,0,101
254657,0,0,1,1,0,0,101
257779,1,0,1,0,0,0,101
258083,0,1,1,0,1,0,101
259869,1,0,1,0,0,0,101
261582,1,0,0,1,1,0,101
261590,1,1,1,0,1,1,101
262557,0,1,1,0,1,0,126
263334,0,1,1,0,1,0,126
264437,1,1,1,1,1,0,126
265240,1,1,1,1,1,0,126
265694,1,1,0,0,0,0,126
266080,1,0,1,0,0,0,126
266487,1,0,1,1,0,0,126
266517,1,0,0,1,1,0,126
268403,1,1,1,1,1,0,126
268865,1,1,0,0,0,0,126
269941,1,0,1,0,0,0,126
270190,0,1,1,0,1,0,126
270313,0,0,1,1,0,0,126
271351,1,0,1,0,0,0,126
271537,0,1,0,1,0,0,126
271627,1,1,0,0,0,0,126
271637,0,0,0,0,1,0,126
277337,1,0,1,0,0,0,126
277358,1,1,1,1,1,0,126
278174,0,0,1,1,0,0,126
278789,0,1,1,0,1,0,126
278835,0,1,0,1,0,0,126
279666,1,0,1,0,0,0,126
280549,0,0,0,0,1,0,126
283102,1,0,0,1,1,0,126
283764,1,1,0,0,0,0,126
285978,1,1,1,0,1,1,126
286256,0,0,0,0,1,0,126
286490,1,0,0,1,1,0,126
287079,0,1,0,1,0,0,126
287563,0,1,1,0,1,0,126
289562,0,1,1,0,1,0,126
290112,1,0,0,1,1,0,126
291803,1,0,1,0,0,0,126
293986,0,1,1,0,1,0,126
294877,0,1,1,0,1,0,126
295244,0,0,0,0,1,0,126
295256,0,0,1,1,0,0,126
295495,0,0,1,1,0,0,126
295515,1,1,1,1,1,0,126
295673,0,1,1,0,1,0,126
296420,0,1,0,1,0,0,126
297117,1,0,0,1,1,0,126
297442,1,1,1,1,1,0,126
298226,1,0,1,0,0,0,126
298653,0,1,1,0,1,0,126
298763,0,1,1,0,1,0,126
298908,1,0,1,0,0,0,126
300900,1,0,0,1,1,0,126
300941,0,1,1,0,1,0,126
302061,1,1,0,0,0,0,126
302433,0,1,0,1,0,0,126
302614,1,1,0,0,0,0,126
303730,1,0,1,0,0,0,126
303985,1,0,1,0,0,0,126
304499,0,1,0,1,0,0,126
304514,1,0,0,1,1,0,126
304964,1,0,0,1,1,0,126
305032,0,1,1,0,1,0,126
306153,0,0,0,0,1,0,126
306554,1,1,0,0,0,0,126
307294,1,1,0,0,0,0,126
308097,0,1,1,0,1,0,126
308593,1,1,1,1,1,0,126
309199,0,1,0,1,0,0,126
309446,1,1,1,1,1,0,126
311400,1,1,0,0,0,0,126
314335,0,0,1,1,0,0,126
315571,1,0,1,0,0,0,126
316754,0,0,0,0,1,0,126
317548,0,0,0,0,1,0,126
318624,1,0,0,1,1,0,126
319126,0,0,0,0,1,0,126
319973,0,1,0,1,0,0,126
321513,0,1,1,0,1,0,126
322496,0,1,0,1,0,0,126
322638,0,0,1,1,0,0,126
323067,1,0,0,1,1,0,126
324595,1,1,1,1,1,0,126
325178,0,0,0,0,1,0,126
326334,0,0,1,1,0,0,126
327153,1,1,1,1,1,0,126
327276,0,1,0,1,0,0,126
328297,0,1,1,0,1,0,82
328354,1,0,0,1,1,0,82
328526,0,1,1,0,1,0,82
332013,0,1,1,0,1,0,82
332980,0,0,1,1,0,0,82
333263,1,1,0,0,0,0,82
335074,1,1,0,0,0,0,82
335308,0,1,1,0,1,0,82
335524,1,1,1,0,1,1,82
336204,1,0,1,0,0,0,82
336718,0,0,0,0,1,0,82
337887,1,0,0,1,1,0,82
339790,0,0,1,0,0,0,82
342693,0,0,0,0,1,0,82
343681,1,0,1,0,0,0,82
344880,1,0,1,0,0,0,82
345938,0,1,1,0,1,0,82
346106,1,0,0,1,1,0,82
348575,1,0,0,1,1,0,82
349209,0,0,1,1,0,0,82
351170,1,1,1,1,1,0,82
351696,1,1,1,1,1,0,82
358167,1,1,0,0,0,0,82
360715,1,1,0,0,0,0,82
361937,1,1,0,0,0,0,82
362172,0,1,0,1,0,0,82
362753,0,1,1,0,1,0,82
364686,0,0,1,1,0,0,82
365011,1,0,0,1,1,0,82
368551,1,1,1,1,1,0,82
372524,1,1,1,1,1,0,82
374264,0,0,1,0,0,0,82
374339,0,1,0,1,0,0,82
374536,1,0,1,0,0,0,82
374590,1,0,1,0,0,0,82
375311,0,1,1,0,1,0,82
376952,0,0,0,0,1,0,82
381407,0,1,0,1,0,0,82
381474,1,1,1,1,1,0,82
382789,0,0,1,1,0,0,82
383281,1,1,1,1,1,0,82
383873,0,1,1,0,1,0,82
387120,1,0,1,1,0,0,82
388208,0,1,1,0,1,0,82
390657,0,1,1,0,1,0,82
390868,1,0,1,0,0,0,82
391149,0,1,1,1,1,1,82
391845,1,1,0,0,0,0,82
394549,1,1,1,1,1,0,118
401875,1,0,0,1,1,0,118
403074,1,0,0,1,1,0,118
404039,1,1,0,0,0,0,118
404169,1,1,0,0,0,0,118
405250,0,0,1,1,0,0,118
405583,1,0,1,0,0,0,118
405958,0,1,1,0,1,0,118
406052,0,0,0,0,1,0,118
406843,1,1,0,0,0,0,118
407789,0,0,0,0,1,0,118
408865,0,0,0,0,1,0,118
409144,1,0,0,1,1,0,118
410756,1,1,1,1,1,0,118
412188,1,1,1,1,1,0,118
413276,1,1,0,0,0,0,118
416297,1,0,0,1,1,0,118
417531,1,0,0,1,1,0,118
419156,0,1,1,0,1,0,118
419163,1,1,0,0,0,0,118
419530,1,0,1,0,0,0,118
420330,0,0,0,0,1,0,118
421400,1,1,1,1,1,0,118
421997,0,0,1,1,0,0,118
422925,0,0,1,1,0,0,118
423145,1,0,1,0,0,0,118
423230,0,1,1,0,1,0,118
423845,0,1,0,1,0,0,118
424449,1,1,1,1,1,0,118
426338,1,0,0,1,1,0,118
427154,1,0,0,1,1,0,118
428383,1,0,0,1,1,0,118
428486,1,1,0,0,0,0,118
429248,1,0,1,0,0,0,118
430719,1,1,1,1,1,0,118
434150,1,0,1,0,0,0,118
434746,1,1,0,0,0,0,118
434843,0,1,1,0,1,0,118
437754,0,0,1,0,0,0,118
440013,0,1,1,0,1,0,118
440678,0,1,1,1,1,1,118
441839,1,1,0,0,0,0,118
443798,1,1,0,0,0,0,118
444858,1,0,0,1,1,0,118
445642,1,0,1,0,0,0,118
446351,0,0,1,0,0,0,118
446599,1,1,1,1,1,0,118
446724,0,0,1,1,0,0,118
448575,1,0,1,0,0,0,118
449431,0,0,1,1,0,0,118
450945,0,1,1,1,1,1,118
450995,1,1,1,1,1,0,118
451021,0,0,0,0,1,0,118
452800,1,0,0,1,1,0,118
452829,0,0,0,0,1,0,118
453028,1,0,1,0,0,0,118
453170,0,0,1,1,0,0,118
453438,0,0,1,1,0,0,118
453898,1,0,1,0,0,0,118
454809,1,0,0,1,1,0,118
455094,0,0,0,0,1,0,118
455200,0,1,1,0,1,0,118
455909,0,0,1,1,0,0,118
456186,0,1,1,0,1,0,118
456823,1,0,1,0,0,0,118
457045,0,0,1,1,0,0,118
459645,1,1,1,1,1,0,99
460017,1,1,0,0,0,0,99
460491,1,0,0,1,1,0,99
460497,0,0,0,0,1,0,99
461556,1,1,1,0,1,1,99
463471,1,0,0,1,1,0,99
466129,1,0,1,0,0,0,99
468177,0,0,0,0,1,0,99
468418,1,1,1,1,1,0,99
470261,0,1,1,0,1,0,99
470386,0,0,0,0,1,0,99
471201,0,0,1,0,0,0,99
475600,0,0,1,1,0,0,99
476079,1,0,0,1,1,0,99
476635,1,1,0,0,0,0,99
476963,1,1,1,1,1,0,99
477395,0,0,0,0,1,0,99
478105,0,0,1,1,0,0,99
478817,0,1,0,1,0,0,99
480171,0,1,1,0,1,0,99
482479,0,1,0,1,0,0,99
485660,1,0,1,1,0,0,99
485973,1,0,1,0,0,0,99
487613,1,0,1,0,0,0,99
488239,1,0,1,0,0,0,99
489623,0,0,1,1,0,0,99
490846,1,0,0,1,1,0,99
491924,1,0,0,1,1,0,99
492240,0,0,1,1,0,0,99
492487,1,0,1,0,0,0,99
493128,1,1,0,0,0,0,99
493906,1,1,1,1,1,0,99
496251,1,1,1,1,1,0,99
497973,0,1,0,1,0,0,99
499209,0,1,0,1,0,0,99
499455,1,1,1,1,1,0,99
500894,1,1,0,0,0,0,99
501153,1,0,0,1,1,0,99
501701,1,0,1,0,0,0,99
502232,1,1,1,1,1,0,99
502943,0,0,0,0,1,0,99
504762,0,1,1,0,1,0,99
511480,0,0,1,1,0,0,99
511854,0,1,0,1,0,0,99
513080,0,0,0,0,1,0,99
513791,0,1,1,0,1,0,99
514219,0,1,1,0,1,0,99
515807,0,0,1,1,0,0,99
516154,1,1,0,0,0,0,99
516334,1,1,0,0,0,0,99
517041,0,1,1,0,1,0,99
517287,1,1,0,0,0,0,99
517756,0,0,1,1,0,0,99
517980,1,0,0,1,1,0,99
518608,1,1,0,0,0,0,99
519420,1,1,1,1,1,0,99
519849,1,1,0,0,0,0,99
519994,1,0,1,0,0,0,99
523855,1,1,1,1,1,0,99
524394,1,1,0,0,0,0,135
525193,0,0,1,1,0,0,135
526907,0,1,0,1,0,0,135
528931,1,0,1,0,0,0,135
529566,1,1,0,0,0,0,135
530420,1,1,1,1,1,0,135
533955,1,1,1,1,1,0,135
534122,0,0,0,0,1,0,135
534771,1,0,1,0,0,0,135
537689,1,1,1,1,1,0,135
537956,1,0,1,0,0,0,135
539299,1,0,1,0,0,0,135
539567,0,1,0,1,0,0,135
539809,0,1,0,1,0,0,135
540565,0,1,1,0,1,0,135
541935,1,0,1,0,0,0,135
541937,1,0,1,0,0,0,135
542100,0,1,0,1,0,0,135
542475,1,1,0,0,0,0,135
543640,0,1,1,0,1,0,135
544497,1,1,0,0,0,0,135
545331,0,1,1,0,1,0,135
546071,1,0,1,0,0,0,135
546471,0,0,1,1,0,0,135
546522,1,1,1,1,1,0,135
548042,1,0,0,1,1,0,135
549987,0,0,1,1,0,0,135
550865,1,1,1,1,1,0,135
552631,0,0,1,1,0,0,135
552938,1,0,1,0,0,0,135
554993,0,0,0,1,1,1,135
555421,0,0,1,1,0,0,135
557062,0,1,1,0,1,0,135
557629,1,0,0,1,1,0,135
557866,1,0,1,0,0,0,135
557930,0,1,1,0,1,0,135
558793,0,1,1,0,1,0,135
558818,0,1,0,1,0,0,135
559090,1,1,0,0,0,0,135
559267,1,0,0,1,1,0,135
559808,1,1,1,1,1,0,135
559887,1,0,0,1,1,0,135
560241,1,0,1,0,0,0,135
560567,1,1,0,0,0,0,135
561515,0,1,1,0,1,0,135
561907,0,1,1,0,1,0,135
562279,0,1,1,0,1,0,135
563215,0,0,0,0,1,0,135
563325,0,1,0,1,0,0,135
563466,1,1,0,0,0,0,135
564885,1,1,1,1,1,0,135
564972,1,0,0,1,1,0,135
566529,0,0,0,0,1,0,135
567603,0,1,0,1,0,0,135
568346,0,0,0,0,1,0,135
569990,1,1,0,0,0,0,135
570119,1,1,0,0,0,0,135
571144,0,1,1,0,1,0,135
572582,0,0,0,0,1,0,135
572747,1,1,1,1,1,0,135
574503,0,0,1,1,0,0,135
574764,1,0,0,1,1,0,135
575346,0,1,1,0,1,0,135
575596,1,1,0,0,0,0,135
577377,0,0,0,0,1,0,135
577612,0,0,0,0,1,0,135
577840,0,0,0,0,1,0,135
578584,0,0,0,0,1,0,135
579184,1,1,0,0,0,0,135
580225,1,1,1,1,1,0,135
581172,0,1,0,1,0,0,135
581815,1,1,0,0,0,0,135
581821,0,1,0,1,0,0,135
584061,1,1,0,0,0,0,135
584555,0,1,1,0,1,0,135
584773,1,0,0,1,1,0,135
585333,1,0,0,1,1,0,135
585894,0,1,1,0,1,0,135
585924,1,1,1,1,1,0,135
586899,0,1,0,1,0,0,135
587219,0,1,0,1,0,0,135
587827,1,0,0,1,1,0,135
588661,1,1,0,0,0,0,135
589683,1,0,1,0,0,0,135
589855,1,0,0,1,1,0,130
589924,0,1,0,1,0,0,130
591909,0,1,1,0,1,0,130
593854,0,1,1,0,1,0,130
596360,0,0,1,1,0,0,130
596526,1,1,0,0,0,0,130
596960,1,1,1,1,1,0,130
597069,1,1,1,1,1,0,130
598861,1,0,1,0,0,0,130
599923,0,0,1,1,0,0,130
599949,1,1,0,0,0,0,130
599968,1,1,1,1,1,0,130
600115,0,0,0,0,1,0,130
603008,0,1,1,0,1,0,130
603755,0,1,1,0,1,0,130
604510,0,0,0,1,1,1,130
604961,1,0,1,0,0,0,130
605981,1,0,0,1,1,0,130
606192,1,1,1,1,1,0,130
607169,0,0,1,1,0,0,130
607750,1,1,0,0,0,0,130
607955,1,1,1,1,1,0,130
611780,0,1,0,1,0,0,130
612418,0,0,1,1,0,0,130
612891,0,1,1,0,1,0,130
613357,1,0,1,0,0,0,130
614270,1,1,0,0,0,0,130
614558,0,0,1,1,0,0,130
614900,0,0,1,1,0,0,130
616412,0,1,1,0,1,0,130
616830,0,1,1,0,1,0,130
617273,1,0,1,0,0,0,130
618070,0,0,1,1,0,0,130
618667,1,1,0,0,0,0,130
622087,0,0,0,0,1,0,130
622914,1,0,0,1,1,0,130
622999,0,0,0,0,1,0,130
625598,0,1,1,0,1,0,130
625795,0,0,1,1,0,0,130
625958,0,1,1,0,1,0,130
626173,0,0,0,0,1,0,130
626377,0,1,1,0,1,0,130
626855,0,0,0,0,1,0,130
626945,1,0,1,0,0,0,130
627866,0,0,1,1,0,0,130
628122,0,1,1,0,1,0,130
628161,1,1,1,1,1,0,130
628254,1,0,0,1,1,0,130
628897,0,1,1,0,1,0,130
629108,0,0,0,0,1,0,130
629307,1,1,0,0,0,0,130
630828,0,0,1,1,0,0,130
631001,1,0,1,0,0,0,130
631492,1,0,0,1,1,0,130
631599,0,1,0,1,0,0,130
631681,1,1,0,0,0,0,130
632240,0,0,1,1,0,0,130
632607,0,1,1,0,1,0,130
633963,1,1,1,1,1,0,130
635243,1,1,1,1,1,0,130
635759,0,1,0,1,0,0,130
636222,0,0,1,1,0,0,130
638256,0,0,0,0,1,0,130
638819,1,0,0,1,1,0,130
639701,1,1,0,0,0,0,130
639835,0,1,0,1,0,0,130
641398,0,1,1,0,1,0,130
641559,1,1,1,1,1,0,130
642013,1,1,0,0,0,0,130
642599,1,1,1,1,1,0,130
643717,1,1,1,1,1,0,130
643826,1,1,1,1,1,0,130
644052,0,0,0,0,1,0,130
645898,1,0,1,0,0,0,130
649715,1,1,1,1,1,0,130
649855,1,1,0,0,0,0,130
649924,0,0,0,0,1,0,130
649998,0,1,1,0,1,0,130
650150,0,1,1,1,1,1,130
650152,1,1,0,0,0,0,130
652003,0,1,1,0,1,0,130
652796,0,1,1,0,1,0,130
653337,0,0,1,1,0,0,130
653966,0,0,1,1,0,0,130
654717,0,0,0,0,1,0,130
654787,0,0,1,1,0,0,130
656300,0,1,1,0,1,0,122
656560,1,1,0,0,0,0,122
656925,0,1,0,1,0,0,122
659110,1,1,0,0,0,0,122
659379,0,0,1,1,0,0,122
659593,1,0,1,0,0,0,122
659791,0,0,0,0,1,0,122
660221,1,1,1,1,1,0,122
660927,0,0,1,1,0,0,122
661117,0,1,0,1,0,0,122
661291,0,1,1,0,1,0,122
662500,1,0,0,1,1,0,122
662943,1,1,0,0,0,0,122
663213,1,0,0,1,1,0,122
664404,0,0,0,0,1,0,122
665787,1,0,1,0,0,0,122
666771,1,1,1,1,1,0,122
670304,0,1,0,1,0,0,122
670715,0,0,1,1,0,0,122
671151,0,0,1,1,0,0,122
671875,1,1,0,0,0,0,122
673587,0,1,0,1,0,0,122
675857,0,0,0,0,1,0,122
676321,0,0,1,1,0,0,122
676460,1,0,1,0,0,0,122
676875,0,0,1,1,0,0,122
677248,0,1,0,1,0,0,122
678068,0,1,0,1,0,0,122
678952,1,1,1,1,1,0,122
679771,0,1,0,1,0,0,122
680275,1,0,1,0,0,0,122
680308,0,1,1,0,1,0,122
680689,1,0,1,0,0,0,122
682975,1,1,1,1,1,0,122
683214,0,0,0,0,1,0,122
684186,0,0,0,0,1,0,122
686311,1,0,0,1,1,0,122
687115,0,0,1,1,0,0,122
687221,1,0,1,0,0,0,122
688522,0,0,0,0,1,0,122
688750,0,1,0,0,0,0,122
688817,1,0,1,0,0,0,122
688881,0,1,0,1,0,0,122
689260,1,0,1,0,0,0,122
689879,1,0,1,0,0,0,122
690914,0,1,1,0,1,0,122
691569,0,1,0,1,0,0,122
693418,1,1,0,0,0,0,122
693672,1,0,1,0,0,0,122
695097,1,1,1,1,1,0,122
695144,1,1,0,0,0,0,122
695814,0,1,0,1,0,0,122
695967,0,0,0,0,1,0,122
695971,1,0,0,1,1,0,122
699062,0,1,0,1,0,0,122
700054,0,1,0,1,0,0,122
700854,0,0,1,1,0,0,122
703226,0,1,1,0,1,0,122
703818,0,1,1,0,1,0,122
703908,0,0,1,1,0,0,122
704460,1,0,0,1,1,0,122
705768,0,0,0,0,1,0,122
707359,0,1,0,1,0,0,122
708558,0,0,1,1,0,0,122
710818,1,1,1,1,1,0,122
712157,1,1,0,0,0,0,122
712753,1,1,1,1,1,0,122
713921,0,0,1,1,0,0,122
714801,0,1,1,1,1,1,122
715040,1,1,1,1,1,0,122
715241,0,0,0,0,1,0,122
715897,1,0,0,1,1,0,122
716634,1,0,0,1,1,0,122
717270,1,1,0,0,0,0,122
717388,1,1,0,0,0,0,122
717485,1,1,0,0,0,0,122
719979,0,1,0,1,0,0,122
720638,0,0,1,1,0,0,122
721158,1,1,1,1,1,0,153
721245,0,1,0,1,0,0,153
721734,0,1,0,1,0,0,153
721808,1,1,1,1,1,0,153
722302,1,1,0,1,0,0,153
722958,1,1,1,1,1,0,153
722996,1,0,0,1,1,0,153
723005,1,0,0,1,1,0,153
723110,1,1,0,0,0,0,153
723884,0,0,1,1,0,0,153
724344,0,1,1,0,1,0,153
724412,1,1,1,1,1,0,153
724861,0,1,0,1,0,0,153
724886,1,0,0,1,1,0,153
725417,1,1,0,1,0,0,153
727477,1,1,0,0,0,0,153
727534,1,0,1,0,0,0,153
729316,0,1,1,0,1,0,153
729371,0,0,1,1,0,0,153
729573,1,1,1,1,1,0,153
730707,1,0,0,1,1,0,153
731590,0,1,0,1,0,0,153
731796,1,1,0,0,0,0,153
731914,0,1,0,1,0,0,153
732361,1,1,0,0,0,0,153
732949,1,0,1,0,0,0,153
734948,0,0,0,0,1,0,153
734970,0,0,1,1,0,0,153
736385,1,1,1,1,1,0,153
737485,1,1,0,0,0,0,153
738610,0,1,1,0,1,0,153
738646,1,1,1,1,1,0,153
738659,0,0,1,1,0,0,153
738846,0,1,0,1,0,0,153
739503,0,0,0,0,1,0,153
743156,1,1,1,1,1,0,153
743616,1,0,1,0,0,0,153
744766,0,0,0,0,1,0,153
745428,0,1,1,0,1,0,153
745516,0,1,1,0,1,0,153
745620,0,0,1,1,0,0,153
745857,1,1,1,1,1,0,153
746107,1,1,0,1,0,0,153
748058,1,0,1,0,0,0,153
748743,1,1,0,0,0,0,153
748861,0,0,1,1,0,0,153
749882,1,0,1,0,0,0,153
750197,1,0,1,0,0,0,153
750380,0,1,0,1,0,0,153
751150,0,0,1,1,0,0,153
751160,0,0,0,0,1,0,153
751616,1,0,0,1,1,0,153
751960,0,0,1,1,0,0,153
752233,0,0,0,0,1,0,153
753017,1,0,0,1,1,0,153
754862,0,1,0,1,0,0,153
755238,1,0,1,0,0,0,153
755627,0,1,0,1,0,0,153
755977,1,0,0,1,1,0,153
756535,0,0,1,1,0,0,153
756818,0,1,1,0,1,0,153
757525,0,0,1,1,0,0,153
757814,1,1,0,0,0,0,153
758469,1,0,0,0,1,1,153
760636,0,0,0,0,1,0,153
760730,1,1,1,1,1,0,153
761117,1,1,0,0,0,0,153
761391,0,0,1,1,0,0,153
762225,1,0,0,1,1,0,153
762731,0,1,1,0,1,0,153
762748,1,0,1,0,0,0,153
763361,0,0,0,0,1,0,153
764306,0,1,0,1,0,0,153
765979,0,0,1,1,0,0,153
766627,1,0,1,0,0,0,153
766953,1,0,1,0,0,0,153
768335,0,0,0,0,1,0,153
769343,0,1,1,0,1,0,153
770067,1,0,0,1,1,0,153
771542,1,1,0,0,0,0,153
772334,0,0,1,1,0,0,153
772689,0,0,0,0,1,0,153
773254,1,0,0,1,1,0,153
775129,0,1,0,1,0,0,153
775145,0,0,0,0,1,0,153
777012,1,1,1,1,1,0,153
778103,0,0,0,0,1,0,153
778611,1,0,0,1,1,0,153
779114,0,0,1,1,0,0,153
780432,0,1,0,1,0,0,153
781022,1,1,1,1,1,0,153
781541,1,0,0,1,1,0,153
785190,1,0,0,1,1,0,153
785850,0,1,0,1,0,0,153
786784,0,1,1,0,1,0,125
787067,0,0,0,0,1,0,125
787594,1,0,0,1,1,0,125
787882,1,1,1,1,1,0,125
788039,0,0,0,0,1,0,125
788435,1,1,0,0,0,0,125
789728,1,1,1,1,1,0,125
790751,1,0,1,0,0,0,125
791339,0,1,1,0,1,0,125
792908,1,1,1,1,1,0,125
792948,1,1,0,0,0,0,125
792954,1,0,0,1,1,0,125
794588,0,0,1,1,0,0,125
795708,1,0,0,1,1,0,125
796131,0,0,0,0,1,0,125
796514,1,1,0,0,0,0,125
799357,0,1,1,0,1,0,125
799492,1,0,1,0,0,0,125
799677,0,1,0,1,0,0,125
799707,1,1,0,0,0,0,125
800385,0,1,1,0,1,0,125
801139,1,0,0,1,1,0,125
804584,1,0,1,0,0,0,125
805749,0,1,0,1,0,0,125
806036,1,0,0,1,1,0,125
806196,0,0,1,1,0,0,125
806510,1,0,1,0,0,0,125
807124,1,0,1,0,0,0,125
808812,1,1,1,0,1,1,125
808841,0,0,1,1,0,0,125
812017,1,0,1,0,0,0,125
813220,1,1,1,1,1,0,125
814084,1,0,0,1,1,0,125
814383,1,0,0,1,1,0,125
815962,1,0,0,1,1,0,125
816460,1,1,1,1,1,0,125
817268,1,0,0,1,1,0,125
817720,0,0,0,0,1,0,125
818520,0,0,1,1,0,0,125
818979,0,1,1,0,1,0,125
819859,0,0,0,0,1,0,125
820408,1,1,1,1,1,0,125
822022,0,0,0,0,1,0,125
822284,1,1,0,0,0,0,125
822919,1,1,0,0,0,0,125
823585,1,1,0,0,0,0,125
823734,1,0,1,0,0,0,125
823808,1,0,0,1,1,0,125
824607,1,0,0,1,1,0,125
827483,1,0,1,0,0,0,125
828170,1,0,1,0,0,0,125
828623,1,0,0,1,1,0,125
828982,0,0,1,1,0,0,125
830312,0,0,1,1,0,0,125
830929,1,0,1,0,0,0,125
831733,1,1,1,1,1,0,125
832590,0,0,1,1,0,0,125
833254,1,1,0,0,0,0,125
833545,1,1,0,0,0,0,125
833611,1,1,0,0,0,0,125
833882,0,0,1,1,0,0,125
834056,1,1,0,0,0,0,125
834346,1,0,1,0,0,0,125
835134,0,0,1,1,0,0,125
835779,0,0,0,0,1,0,125
837384,0,0,0,0,1,0,125
838456,1,0,1,0,0,0,125
838785,1,0,0,1,1,0,125
840944,1,0,1,0,0,0,125
844770,0,1,0,1,0,0,125
845057,1,1,0,0,0,0,125
846282,0,1,0,1,0,0,125
846737,1,0,0,1,1,0,125
849019,0,1,0,1,0,0,125
849528,0,0,0,1,1,1,125
849890,1,1,1,1,1,0,125
850455,1,1,0,0,0,0,125
851063,0,1,1,0,1,0,125
852156,1,0,1,0,0,0,103
852772,0,1,0,1,0,0,103
854058,0,1,1,0,1,0,103
854985,1,1,0,0,0,0,103
855161,1,0,0,1,1,0,103
856710,1,0,1,0,0,0,103
858085,1,1,1,1,1,0,103
858656,0,1,1,0,1,0,103
859955,1,0,0,1,1,0,103
860682,1,1,1,1,1,0,103
860747,1,1,0,0,0,0,103
867660,1,1,0,0,0,0,103
868562,1,0,0,1,1,0,103
871064,0,1,0,1,0,0,103
873105,1,0,0,1,1,0,103
873166,0,1,1,0,1,0,103
873438,1,1,0,0,0,0,103
873780,0,0,0,0,1,0,103
876765,0,0,1,1,0,0,103
878895,1,1,1,1,1,0,103
881626,0,1,1,0,1,0,103
884308,0,1,0,1,0,0,103
884461,0,0,1,1,0,0,103
884615,0,0,0,0,1,0,103
885074,1,0,0,1,1,0,103
886541,1,1,0,0,0,0,103
886694,1,1,1,1,1,0,103
888043,0,1,1,0,1,0,103
888127,1,0,1,0,0,0,103
888473,0,1,1,0,1,0,103
889106,1,1,1,1,1,0,103
890558,1,0,0,1,1,0,103
893979,0,0,1,1,0,0,103
894260,1,1,1,1,1,0,103
896677,1,0,1,0,0,0,103
900287,1,1,0,0,0,0,103
901100,1,1,1,1,1,0,103
901375,1,0,0,1,1,0,103
901744,0,1,1,0,1,0,103
903754,1,1,1,1,1,0,103
906440,1,1,1,1,1,0,103
906551,0,0,1,1,0,0,103
908611,0,0,0,0,1,0,103
910570,1,0,0,1,1,0,103
914000,1,1,0,0,0,0,103
915110,1,0,0,1,1,0,103
918016,1,1,0,0,0,0,113
919059,0,0,1,1,0,0,113
921561,0,1,1,0,1,0,113
922039,1,1,1,1,1,0,113
922727,1,1,1,1,1,0,113
925068,1,1,1,1,1,0,113
925323,0,0,0,0,1,0,113
927012,0,0,1,1,0,0,113
927607,0,0,1,1,0,0,113
928187,0,0,1,1,0,0,113
928303,1,0,1,0,0,0,113
928427,1,0,0,1,1,0,113
929130,1,1,0,0,0,0,113
929846,0,0,1,1,0,0,113
931101,0,0,1,1,0,0,113
931344,1,1,1,1,1,0,113
931385,0,0,1,1,0,0,113
932307,0,0,1,1,0,0,113
932669,1,1,0,0,0,0,113
932721,0,1,0,1,0,0,113
933439,0,0,1,1,0,0,113
933767,0,1,1,0,1,0,113
933852,0,0,1,1,0,0,113
934944,1,1,1,1,1,0,113
935264,0,0,1,1,0,0,113
935325,0,1,1,0,1,0,113
935478,1,1,1,1,1,0,113
935561,0,0,1,1,0,0,113
935582,0,0,1,1,0,0,113
935634,1,0,1,0,0,0,113
936279,0,1,0,1,0,0,113
936864,0,0,0,0,1,0,113
936985,0,1,0,1,0,0,113
937240,1,1,0,0,0,0,113
937396,0,1,1,0,1,0,113
937428,0,0,1,1,0,0,113
938783,1,1,1,1,1,0,113
940459,0,1,1,1,1,1,113
941031,0,1,0,1,0,0,113
943984,1,1,1,1,1,0,113
944546,1,1,1,1,1,0,113
945894,1,1,0,0,0,0,113
948378,1,1,1,1,1,0,113
948790,0,1,0,1,0,0,113
949840,0,0,0,0,1,0,113
950113,1,1,1,1,1,0,113
950206,1,0,0,1,1,0,113
951376,1,0,1,0,0,0,113
953161,1,1,1,1,1,0,113
955917,1,1,1,1,1,0,113
956765,0,0,1,1,0,0,113
957792,0,1,0,1,0,0,113
958307,1,0,0,1,1,0,113
958796,1,0,1,0,0,0,113
959140,1,0,1,0,0,0,113
960762,1,1,1,1,1,0,113
961358,1,0,1,0,0,0,113
961708,0,0,1,0,0,0,113
962094,1,1,0,0,0,0,113
962688,1,1,1,1,1,0,113
963897,0,0,1,1,0,0,113
964029,1,0,0,1,1,0,113
964859,1,0,0,1,1,0,113
964970,1,0,1,0,0,0,113
966948,1,0,1,0,0,0,113
967636,0,0,0,0,1,0,113
967746,1,0,1,0,0,0,113
968200,0,1,0,1,0,0,113
968394,1,1,0,0,0,0,113
971474,0,0,1,1,0,0,113
971789,1,1,1,1,1,0,113
971854,1,0,1,0,0,0,113
972065,0,1,0,1,0,0,113
973092,0,1,1,0,1,0,113
974186,1,1,0,0,0,0,113
975430,1,1,0,0,0,0,113
979061,0,0,1,1,0,0,113
979200,1,1,1,1,1,0,113
980219,0,1,1,0,1,0,113
980372,1,1,1,1,1,0,113
980406,0,0,0,0,1,0,113
981861,1,1,0,0,0,0,113
983978,0,0,0,0,1,0,91
984065,1,1,1,1,1,0,91
987119,1,1,1,1,1,0,91
987675,0,0,0,0,1,0,91
988036,0,0,1,1,0,0,91
988646,1,1,0,0,0,0,91
988796,0,0,0,0,1,0,91
992193,0,0,0,0,1,0,91
992307,1,1,1,1,1,0,91
993860,1,0,0,1,1,0,91
995085,0,1,0,1,0,0,91
997024,1,0,0,1,1,0,91
997137,0,0,0,0,1,0,91
998337,1,1,0,0,0,0,91
998578,0,1,0,1,0,0,91
999938,1,1,1,1,1,0,91
1000326,0,1,0,1,0,0,91
1001704,1,0,0,1,1,0,91
1002810,1,1,0,0,0,0,91
1003297,0,1,0,1,0,0,91
1003646,0,0,0,0,1,0,91
1004543,1,1,1,1,1,0,91
1005855,1,1,0,0,0,0,91
1010408,1,1,1,1,1,0,91
1010675,0,1,0,1,0,0,91
1010678,0,1,0,1,0,0,91
1011130,0,0,1,1,0,0,91
1011805,0,0,1,1,0,0,91
1012904,0,1,1,0,1,0,91
1013704,0,0,0,0,1,0,91
1014373,0,1,1,0,1,0,91
1014864,0,1,1,0,1,0,91
1017563,1,0,0,1,1,0,91
1017883,1,0,0,1,1,0,91
1019678,1,1,0,0,0,0,91
1021156,0,0,0,0,1,0,91
1021644,0,0,1,0,0,0,91
1024413,0,1,1,0,1,0,91
1024706,0,1,1,0,1,0,91
1024716,0,1,1,1,1,1,91
1025524,1,0,0,1,1,0,91
1026216,1,1,1,1,1,0,91
1026251,1,1,1,1,1,0,91
1027089,0,1,1,0,1,0,91
1028548,0,1,1,0,1,0,91
1029034,0,1,0,1,0,0,91
1030011,1,1,0,0,0,0,91
1030625,0,1,0,1,0,0,91
1031720,1,0,1,0,0,0,91
1032983,1,0,0,1,1,0,91
1033972,0,1,0,1,0,0,91
1034362,1,1,0,0,0,0,91
1035189,1,1,0,0,0,0,91
1036045,1,1,1,1,1,0,91
1039914,1,0,0,1,1,0,91
1041182,0,0,0,0,1,0,91
1041763,0,1,1,0,1,0,91
1043388,1,1,1,1,1,0,91
1044620,0,0,0,0,1,0,91
1045145,0,1,1,0,1,0,91
1046035,1,0,0,1,1,0,91
1047381,0,0,1,1,0,0,91
1047940,0,0,0,0,1,0,91
1048042,0,1,1,0,1,0,91
1048458,0,1,1,0,1,0,91
1048942,1,0,0,1,1,0,186
1049019,0,0,0,0,1,0,186
1049483,0,0,0,0,1,0,186
1050501,0,0,0,0,1,0,186
1051124,0,1,1,1,1,1,186
1051843,0,0,1,1,0,0,186
1052596,0,1,0,1,0,0,186
1053170,1,1,0,0,0,0,186
1053544,0,1,0,1,0,0,186
1053786,0,1,1,0,1,0,186
1054748,0,0,1,1,0,0,186
1054760,0,1,0,1,0,0,186
1055150,1,0,1,0,0,0,186
1055278,0,0,0,0,1,0,186
1055750,0,1,1,0,1,0,186
1056682,1,1,1,1,1,0,186
1056847,1,0,0,1,1,0,186
1057211,0,1,0,1,0,0,186
1057754,1,0,0,1,1,0,186
1057758,0,0,0,0,1,0,186
1057804,0,0,1,1,0,0,186
1057957,1,0,0,1,1,0,186
1058654,0,0,1,1,0,0,186
1058758,0,0,1,1,0,0,186
1059225,1,0,0,1,1,0,186
1059328,1,1,1,1,1,0,186
1059512,1,0,0,0,1,1,186
1059642,1,0,1,0,0,0,186
1059783,1,1,0,0,0,0,186
1060076,1,0,1,0,0,0,186
1060086,0,1,0,1,0,0,186
1061918,1,0,0,1,1,0,186
1062764,0,1,1,0,1,0,186
1064451,1,1,0,0,0,0,186
1064819,0,1,1,0,1,0,186
1066333,1,0,1,0,0,0,186
1066709,1,0,0,1,1,0,186
1066992,1,0,1,0,0,0,186
1067007,1,0,1,0,0,0,186
1067070,1,0,1,0,0,0,186
1067909,0,1,1,0,1,0,186
1069320,0,0,1,1,0,0,186
1069595,0,1,1,0,1,0,186
1070149,0,1,1,0,1,0,186
1070189,0,0,1,1,0,0,186
1071219,0,0,1,1,0,0,186
1071633,1,0,1,0,0,0,186
1071636,1,1,1,1,1,0,186
1072782,0,1,1,0,1,0,186
1072885,1,1,0,0,0,0,186
1072958,0,0,1,1,0,0,186
1073178,0,1,0,1,0,0,186
1073530,1,1,1,1,1,0,186
1074327,0,0,0,0,1,0,186
1075259,1,0,0,1,1,0,186
1075567,1,1,1,1,1,0,186
1075723,1,1,0,0,0,0,186
1076209,1,0,0,1,1,0,186
1076360,1,1,0,0,0,0,186
1076583,1,0,1,0,0,0,186
1076885,1,0,1,0,0,0,186
1078129,1,1,1,1,1,0,186
1078216,0,0,0,0,1,0,186
1079447,0,0,0,0,1,0,186
1080049,0,1,0,1,0,0,186
1080264,0,1,0,1,0,0,186
1081164,1,1,1,1,1,0,186
1082968,1,1,1,1,1,0,186
1083548,1,1,0,0,0,0,186
1084512,0,0,1,1,0,0,186
1084740,0,0,0,0,1,0,186
1085337,0,0,0,0,1,0,186
1086429,0,0,1,1,0,0,186
1087724,0,0,0,0,1,0,186
1088526,1,1,1,1,1,0,186
1088878,0,1,1,0,1,0,186
1090672,1,0,0,1,1,0,186
1091357,1,1,0,0,0,0,186
1092654,0,1,1,0,1,0,186
1092813,1,1,1,1,1,0,186
1093114,1,1,0,0,0,0,186
1093146,1,1,1,1,1,0,186
1093201,0,0,1,1,0,0,186
1093312,1,1,1,1,1,0,186
1094064,0,1,0,1,0,0,186
1094946,1,0,1,1,0,0,186
1095213,1,0,0,1,1,0,186
1097523,0,1,0,1,0,0,186
1097696,0,0,1,1,0,0,186
1097913,1,0,1,0,0,0,186
1098304,1,0,0,1,1,0,186
1099013,0,0,1,1,0,0,186
1100006,0,0,0,0,1,0,186
1101472,1,0,0,1,1,0,186
1101672,0,1,0,1,0,0,186
1102351,0,1,1,0,1,0,186
1103155,1,0,0,1,1,0,186
1103505,1,0,1,0,0,0,186
1103524,0,0,0,0,1,0,186
1105621,0,0,0,0,1,0,186
1105653,1,1,0,0,0,0,186
1105826,0,1,0,1,0,0,186
1106429,0,0,0,0,1,0,186
1107163,0,0,1,1,0,0,186
1108099,0,0,0,0,1,0,186
1108706,1,1,0,0,0,0,186
1109239,0,0,1,1,0,0,186
1110012,0,0,0,0,1,0,186
1112055,0,1,0,1,0,0,186
1112746,1,0,0,1,1,0,186
1112899,0,1,0,1,0,0,186
1114069,0,0,0,0,1,0,186
1114311,0,1,0,1,0,0,86
1114837,1,0,0,1,1,0,86
1115120,0,0,0,0,1,0,86
1115324,0,1,1,0,1,0,86
1115540,1,0,0,1,1,0,86
1116211,1,1,1,1,1,0,86
1117648,1,0,0,0,1,1,86
1119016,1,1,0,0,0,0,86
1119081,1,1,0,0,0,0,86
1121176,1,0,0,1,1,0,86
1126155,0,1,0,1,0,0,86
1128539,1,0,0,1,1,0,86
1129524,0,1,0,1,0,0,86
1130341,1,0,1,0,0,0,86
1132560,1,0,0,1,1,0,86
1132675,1,1,1,1,1,0,86
1132807,0,1,0,1,0,0,86
1133888,0,0,0,0,1,0,86
1134041,1,1,1,1,1,0,86
1135127,0,0,1,1,0,0,86
1139801,1,1,0,0,0,0,86
1140175,0,0,0,0,1,0,86
1143696,1,0,0,1,1,0,86
1145159,0,0,0,0,1,0,86
1146493,0,0,1,1,0,0,86
1148474,1,1,0,0,0,0,86
1148531,0,1,0,1,0,0,86
1149373,0,1,1,0,1,0,86
1149405,1,1,1,1,1,0,86
1150048,0,1,1,1,1,1,86
1155133,1,1,1,1,1,0,86
1156717,0,1,0,1,0,0,86
1156726,0,1,1,0,1,0,86
1157288,0,1,0,1,0,0,86
1157623,1,0,0,1,1,0,86
1158839,0,1,0,1,0,0,86
1159619,0,1,1,0,1,0,86
1160789,0,1,1,0,1,0,86
1161837,0,0,0,0,1,0,86
1162731,0,1,0,1,0,0,86
1165420,0,1,1,0,1,0,86
1165514,0,0,1,1,0,0,86
1165526,1,1,0,0,0,0,86
1167948,0,0,0,0,1,0,86
1167999,1,0,0,1,1,0,86
1168705,1,1,0,0,0,0,86
1170691,0,1,0,1,0,0,86
1170847,0,0,1,1,0,0,86
1176811,1,0,1,0,0,0,86
1176947,1,0,0,1,1,0,86
1177028,0,1,0,1,0,0,86
1180114,0,1,0,1,0,0,133
1181533,0,1,1,0,1,0,133
1182538,0,1,1,0,1,0,133
1184695,1,0,1,1,0,0,133
1187238,1,0,1,0,0,0,133
1187844,0,1,1,0,1,0,133
1188349,1,1,0,0,0,0,133
1189969,0,1,1,0,1,0,133
1190079,1,1,1,1,1,0,133
1190532,1,1,1,1,1,0,133
1192167,0,0,1,1,0,0,133
1192354,1,1,0,0,0,0,133
1192657,0,0,1,1,0,0,133
1192787,0,1,0,1,0,0,133
1195354,0,1,1,0,1,0,133
1196383,0,1,0,1,0,0,133
1200376,1,1,1,1,1,0,133
1200788,0,1,1,0,1,0,133
1200900,0,1,0,1,0,0,133
1202212,1,1,0,0,0,0,133
1202503,1,1,0,0,0,0,133
1204973,0,0,1,1,0,0,133
1206296,0,1,1,0,1,0,133
1206349,1,0,1,0,0,0,133
1206753,1,0,0,1,1,0,133
1207633,1,1,1,1,1,0,133
1208435,0,1,0,1,0,0,133
1208651,0,1,0,1,0,0,133
1210421,1,1,1,1,1,0,133
1210546,0,1,1,0,1,0,133
1211295,0,1,0,1,0,0,133
1211337,0,1,1,0,1,0,133
1211365,0,0,1,1,0,0,133
1211815,1,0,0,1,1,0,133
1212751,0,0,0,0,1,0,133
1212805,1,0,0,1,1,0,133
1213030,0,0,1,1,0,0,133
1213162,1,0,0,1,1,0,133
1213328,1,0,1,0,0,0,133
1213672,1,1,1,1,1,0,133
1214640,0,1,0,1,0,0,133
1214882,1,0,1,0,0,0,133
1218570,1,0,0,1,1,0,133
1218846,0,0,0,0,1,0,133
1220234,0,1,1,0,1,0,133
1220544,1,1,0,0,0,0,133
1220687,0,0,1,1,0,0,133
1221005,1,1,1,1,1,0,133
1221842,0,1,1,0,1,0,133
1222038,1,1,0,0,0,0,133
1223503,1,0,1,0,0,0,133
1223604,0,1,0,0,0,0,133
1225801,1,0,0,1,1,0,133
1225848,1,0,0,1,1,0,133
1225907,0,1,0,1,0,0,133
1226243,0,1,0,1,0,0,133
1226351,1,0,0,1,1,0,133
1226392,0,0,1,1,0,0,133
1226439,0,1,1,0,1,0,133
1226657,1,0,0,1,1,0,133
1227830,1,0,0,1,1,0,133
1229174,0,0,1,1,0,0,133
1230515,0,0,0,0,1,0,133
1231339,0,0,1,1,0,0,133
1231553,0,0,0,0,1,0,133
1231838,1,1,0,0,0,0,133
1232309,1,0,1,0,0,0,133
1233273,0,0,1,1,0,0,133
1234449,1,0,0,1,1,0,133
1234478,1,1,0,0,0,0,133
1237928,0,0,0,0,1,0,133
1239186,1,0,0,1,1,0,133
1239678,0,0,1,1,0,0,133
1240253,1,0,1,0,0,0,133
1240345,1,0,0,1,1,0,133
1241876,0,0,1,0,0,0,133
1242137,0,1,1,0,1,0,133
1243685,1,0,0,1,1,0,133
1243874,0,1,0,1,0,0,133
1244237,0,0,1,1,0,0,133
1246761,0,0,1,1,0,0,137
1248211,1,1,1,1,1,0,137
1249444,1,0,1,0,0,0,137
1250620,0,1,0,1,0,0,137
1251258,1,1,0,0,0,0,137
1253631,1,1,1,1,1,0,137
1253891,0,1,0,1,0,0,137
1254611,1,1,0,0,0,0,137
1255133,1,0,1,0,0,0,137
1255265,1,1,0,0,0,0,137
1255364,1,1,1,1,1,0,137
1256154,1,0,1,0,0,0,137
1256460,1,0,0,1,1,0,137
1256680,1,1,1,1,1,0,137
1256961,1,0,1,0,0,0,137
1257212,0,1,1,0,1,0,137
1258942,1,0,1,0,0,0,137
1259117,1,0,0,1,1,0,137
1259212,1,1,1,1,1,0,137
1259555,1,0,1,0,0,0,137
1262217,1,0,0,1,1,0,137
1262219,1,1,0,0,0,0,137
1262240,0,0,1,1,0,0,137
1262270,0,0,0,0,1,0,137
1263393,0,1,1,0,1,0,137
1263539,0,1,0,1,0,0,137
1264658,0,1,1,0,1,0,137
1264824,1,1,1,1,1,0,137
1265725,0,1,1,0,1,0,137
1265959,0,0,0,0,1,0,137
1266239,0,1,1,0,1,0,137
1266642,1,0,1,0,0,0,137
1266811,0,0,0,0,1,0,137
1267526,1,0,1,0,0,0,137
1267912,0,1,1,0,1,0,137
1268107,0,1,0,1,0,0,137
1270624,1,1,1,1,1,0,137
1271195,0,0,1,1,0,0,137
1271272,0,1,0,1,0,0,137
1272695,0,1,1,0,1,0,137
1272945,1,0,1,0,0,0,137
1273005,1,0,0,1,1,0,137
1274238,0,1,1,0,1,0,137
1274460,1,0,1,0,0,0,137
1276204,0,0,1,1,0,0,137
1276533,0,0,0,0,1,0,137
1276970,1,1,1,1,1,0,137
1278026,1,0,1,0,0,0,137
1279234,1,0,1,0,0,0,137
1279844,1,0,0,1,1,0,137
1281125,1,0,1,0,0,0,137
1282300,1,0,1,0,0,0,137
1283320,0,1,0,1,0,0,137
1283462,1,1,0,0,0,0,137
1283543,0,1,1,1,1,1,137
1284104,0,0,0,1,1,1,137
1284183,0,1,0,1,0,0,137
1284735,1,0,0,1,1,0,137
1287361,0,0,1,1,0,0,137
1289842,1,0,1,0,0,0,137
1290499,0,1,1,0,1,0,137
1293059,1,0,0,1,1,0,137
1293283,0,1,1,0,1,0,137
1293590,1,1,1,1,1,0,137
1293676,0,0,1,1,0,0,137
1294209,0,1,1,0,1,0,137
1295329,1,1,1,1,1,0,137
1295364,1,1,0,1,0,0,137
1295675,0,0,0,1,1,1,137
1297027,0,0,1,1,0,0,137
1299090,1,0,0,1,1,0,137
1301577,1,0,0,1,1,0,137
1301708,0,1,1,0,1,0,137
1302122,0,0,1,1,0,0,137
1302829,1,1,1,1,1,0,137
1304015,1,0,0,1,1,0,137
1304297,0,0,1,1,0,0,137
1305641,0,0,0,0,1,0,137
1306411,1,0,1,0,0,0,137
1307437,1,0,1,0,0,0,137
1308399,1,1,1,1,1,0,137
1308506,1,1,1,1,1,0,137
1309002,0,0,0,0,1,0,137
1309043,1,0,0,1,1,0,137
1310191,1,1,0,0,0,0,137
1310519,1,1,0,0,0,0,137
1310589,0,1,0,1,0,0,137
1310875,0,0,1,1,0,0,149
1311192,0,1,1,0,1,0,149
1313268,0,0,1,0,0,0,149
1315955,0,1,1,0,1,0,149
1317150,0,0,1,1,0,0,149
1317472,0,1,0,1,0,0,149
1317621,0,1,1,0,1,0,149
1319099,0,1,1,0,1,0,149
1319620,1,0,0,1,1,0,149
1321087,1,1,0,0,0,0,149
1322355,1,1,1,1,1,0,149
1323911,0,1,0,1,0,0,149
1324326,0,0,0,0,1,0,149
1325893,1,1,1,1,1,0,149
1327086,1,1,1,1,1,0,149
1327125,0,1,1,0,1,0,149
1327973,0,0,1,1,0,0,149
1328016,1,0,1,0,0,0,149
1328427,0,0,1,1,0,0,149
1329202,0,1,0,1,0,0,149
1329667,1,1,1,1,1,0,149
1331037,0,1,0,1,0,0,149
1331228,1,0,0,0,1,1,149
1332335,1,1,0,0,0,0,149
1333254,0,0,0,0,1,0,149
1333486,1,0,0,1,1,0,149
1335506,1,1,0,0,0,0,149
1336025,0,1,0,1,0,0,149
1336268,1,1,1,1,1,0,149
1336504,0,1,1,0,1,0,149
1338900,0,1,1,0,1,0,149
1340068,1,0,1,0,0,0,149
1340934,0,0,0,0,1,0,149
1341151,1,1,0,0,0,0,149
1341359,0,1,0,1,0,0,149
1341929,1,0,0,1,1,0,149
1342253,1,0,1,0,0,0,149
1342832,0,1,0,1,0,0,149
1342973,0,0,1,1,0,0,149
1343206,1,1,1,1,1,0,149
1343487,0,1,1,0,1,0,149
1344005,1,0,0,1,1,0,149
1344027,1,1,0,0,0,0,149
1345269,0,0,0,0,1,0,149
1346850,1,1,0,0,0,0,149
1346862,1,1,0,0,0,0,149
1346909,1,1,0,0,0,0,149
1347030,0,1,0,1,0,0,149
1348428,0,1,1,1,1,1,149
1348586,0,1,1,0,1,0,149
1348652,1,1,1,1,1,0,149
1349793,1,0,1,0,0,0,149
1350910,1,1,0,0,0,0,149
1350918,1,0,0,1,1,0,149
1351166,1,1,1,1,1,0,149
1352779,1,0,1,1,0,0,149
1355026,0,0,0,0,1,0,149
1355363,0,0,1,1,0,0,149
1355758,1,1,0,0,0,0,149
1356543,1,0,0,1,1,0,149
1356584,1,0,0,1,1,0,149
1357659,0,0,0,0,1,0,149
1358155,1,1,1,1,1,0,149
1358448,1,0,0,1,1,0,149
1358544,0,0,0,0,1,0,149
1358618,1,0,1,0,0,0,149
1359321,0,1,1,0,1,0,149
1359711,0,1,0,1,0,0,149
1361097,0,1,0,1,0,0,149
1361729,0,1,0,1,0,0,149
1362128,0,0,1,1,0,0,149
1363177,1,1,0,0,0,0,149
1363249,1,1,0,0,0,0,149
1363580,1,0,0,1,1,0,149
1364087,1,1,0,0,0,0,149
1365590,0,0,0,0,1,0,149
1367038,0,1,0,1,0,0,149
1367615,0,0,1,1,0,0,149
1368038,0,0,1,1,0,0,149
1369072,0,0,0,0,1,0,149
1369305,0,1,1,0,1,0,149
1369878,0,0,1,1,0,0,149
1371351,1,1,0,0,0,0,149
1372341,1,1,1,1,1,0,149
1373098,0,1,1,0,1,0,149
1373210,1,1,0,0,0,0,149
1374000,0,1,0,1,0,0,149
1374141,0,1,0,1,0,0,149
1380312,1,0,0,1,1,0,87
1381050,1,1,1,1,1,0,87
1382186,0,1,0,1,0,0,87
1382361,1,0,1,0,0,0,87
1382791,0,1,1,0,1,0,87
1382934,0,1,1,0,1,0,87
1384085,1,0,0,1,1,0,87
1384616,0,0,1,1,0,0,87
1385640,0,0,1,1,0,0,87
1386712,1,0,0,1,1,0,87
1388199,0,1,1,0,1,0,87
1388242,0,0,1,1,0,0,87
1388274,1,0,0,0,1,1,87
1388328,1,1,0,0,0,0,87
1388479,1,1,1,1,1,0,87
1391178,1,0,1,1,0,0,87
1391818,1,1,0,0,0,0,87
1394539,1,1,1,1,1,0,87
1395610,1,0,0,1,1,0,87
1396261,0,0,1,1,0,0,87
1397958,0,0,0,0,1,0,87
1401180,1,0,0,1,1,0,87
1402747,0,1,1,0,1,0,87
1403238,1,0,1,0,0,0,87
1404998,1,1,0,0,0,0,87
1405014,1,1,1,1,1,0,87
1407096,1,1,0,0,0,0,87
1407182,0,0,1,1,0,0,87
1410612,1,1,0,0,0,0,87
1412634,0,1,0,1,0,0,87
1412934,1,1,0,0,0,0,87
1413445,1,1,0,0,0,0,87
1413877,0,1,0,1,0,0,87
1414177,0,1,0,1,0,0,87
1414241,0,1,1,0,1,0,87
1414749,1,1,1,1,1,0,87
1414906,0,1,1,0,1,0,87
1414988,1,1,0,1,0,0,87
1417416,1,0,0,1,1,0,87
1417431,1,1,1,1,1,0,87
1421699,0,0,1,1,0,0,87
1422284,1,0,0,1,1,0,87
1423568,1,1,1,1,1,0,87
1425380,0,0,0,1,1,1,87
1425733,0,0,0,0,1,0,87
1426233,1,1,1,1,1,0,87
1430723,0,0,1,0,0,0,87
1433697,0,0,0,0,1,0,87
1434995,1,0,0,1,1,0,87
1435406,1,0,0,1,1,0,87
1436917,1,1,0,0,0,0,87
1437620,0,1,1,0,1,0,87
1437780,1,0,1,0,0,0,87
1441489,0,1,0,1,0,0,87
1441671,0,0,1,1,0,0,87
1443263,0,0,0,0,1,0,143
1443288,0,1,0,1,0,0,143
1443299,0,0,0,0,1,0,143
1443798,1,0,0,1,1,0,143
1444743,1,1,0,0,0,0,143
1444766,1,0,0,1,1,0,143
1446755,1,1,0,0,0,0,143
1447147,1,1,0,0,0,0,143
1447894,1,0,0,1,1,0,143
1448770,0,0,1,1,0,0,143
1449162,0,1,0,1,0,0,143
1450227,1,1,1,1,1,0,143
1450229,0,0,0,0,1,0,143
1450816,1,1,1,1,1,0,143
1450901,1,1,1,1,1,0,143
1451102,1,0,0,1,1,0,143
1451397,1,0,1,0,0,0,143
1451454,1,1,1,1,1,0,143
1452271,0,1,1,0,1,0,143
1452657,0,0,0,0,1,0,143
1453029,1,0,1,0,0,0,143
1453578,1,0,0,1,1,0,143
1455257,0,0,0,0,1,0,143
1456138,1,0,1,0,0,0,143
1456481,1,0,1,0,0,0,143
1457109,0,0,0,0,1,0,143
1458264,0,1,1,0,1,0,143
1459537,0,0,0,0,1,0,143
1460459,0,0,1,1,0,0,143
1461172,0,0,1,1,0,0,143
1461213,0,1,1,0,1,0,143
1462281,0,0,1,1,0,0,143
1462857,1,0,1,0,0,0,143
1465195,0,0,1,1,0,0,143
1466045,1,0,0,1,1,0,143
1466739,0,1,0,1,0,0,143
1467128,1,0,1,0,0,0,143
1467381,0,1,0,1,0,0,143
1467556,0,1,1,0,1,0,143
1468025,0,0,1,1,0,0,143
1468222,1,1,1,1,1,0,143
1468806,1,0,1,0,0,0,143
1469325,0,1,1,0,1,0,143
1469634,1,0,1,0,0,0,143
1469652,0,1,1,0,1,0,143
1469894,0,0,0,0,1,0,143
1470028,1,0,1,0,0,0,143
1470175,1,1,1,1,1,0,143
1471225,1,1,0,0,0,0,143
1471718,0,1,0,1,0,0,143
1472401,1,1,0,0,0,0,143
1473511,0,0,1,1,0,0,143
1473546,1,0,1,1,0,0,143
1476649,1,0,0,1,1,0,143
1477412,1,1,1,1,1,0,143
1481418,1,0,1,0,0,0,143
1481599,1,0,0,1,1,0,143
1483135,1,1,1,1,1,0,143
1483305,0,0,1,1,0,0,143
1484295,1,0,1,0,0,0,143
1485816,1,1,0,0,0,0,143
1486292,0,1,0,1,0,0,143
1486510,1,1,0,0,0,0,143
1486541,1,0,1,0,0,0,143
1486734,1,1,1,1,1,0,143
1487452,1,0,1,0,0,0,143
1489298,0,1,1,0,1,0,143
1490472,1,0,1,0,0,0,143
1490888,0,0,1,1,0,0,143
1491968,1,1,0,0,0,0,143
1491998,1,0,0,1,1,0,143
1492209,0,0,0,0,1,0,143
1492449,0,0,0,0,1,0,143
1492817,0,1,1,0,1,0,143
1493075,1,0,1,0,0,0,143
1493339,0,1,0,1,0,0,143
1493344,0,1,1,0,1,0,143
1493647,0,0,0,0,1,0,143
1493690,0,0,0,0,1,0,143
1493975,0,0,0,0,1,0,143
1493981,1,0,0,1,1,0,143
1494101,1,1,0,0,0,0,143
1494865,1,1,0,0,0,0,143
1495243,1,1,0,0,0,0,143
1495560,1,1,1,1,1,0,143
1497928,1,1,1,1,1,0,143
1498722,0,1,0,1,0,0,143
1498817,0,1,1,0,1,0,143
1498851,1,0,0,1,1,0,143
1498905,1,0,1,1,0,0,143
1498913,0,1,1,0,1,0,143
1499160,1,0,0,1,1,0,143
1500547,1,1,1,1,1,0,143
1500942,1,0,0,1,1,0,143
1502628,0,0,0,0,1,0,143
1502953,0,1,1,0,1,0,143
1503074,1,0,1,0,0,0,143
1503972,1,1,0,0,0,0,143
1504027,0,0,1,1,0,0,143
1505093,1,0,1,0,0,0,143
1507198,0,1,1,0,1,0,143
1507561,1,1,0,0,0,0,121
1510102,0,0,1,1,0,0,121
1510838,1,0,1,0,0,0,121
1511149,1,1,0,0,0,0,121
1511610,1,1,1,1,1,0,121
1512464,0,1,0,0,0,0,121
1512825,0,0,1,1,0,0,121
1513128,0,1,1,0,1,0,121
1516121,1,0,1,0,0,0,121
1516136,0,1,1,0,1,0,121
1516504,1,1,0,0,0,0,121
1517952,0,0,0,0,1,0,121
1519354,0,1,1,0,1,0,121
1519421,0,1,1,0,1,0,121
1519702,1,1,0,0,0,0,121
1519705,1,0,1,0,0,0,121
1519889,0,0,1,1,0,0,121
1519934,1,1,1,1,1,0,121
1520937,0,1,1,0,1,0,121
1522688,1,1,0,0,0,0,121
1522929,1,0,0,1,1,0,121
1523362,0,0,1,1,0,0,121
1524860,1,0,1,0,0,0,121
1525070,0,0,0,0,1,0,121
1526446,1,1,0,0,0,0,121
1527053,0,1,1,0,1,0,121
1527292,1,1,0,0,0,0,121
1529297,0,0,0,0,1,0,121
1529748,1,0,1,0,0,0,121
1530461,0,1,1,0,1,0,121
1531146,0,1,0,1,0,0,121
1531460,1,0,0,1,1,0,121
1531637,1,0,1,0,0,0,121
1531759,1,1,1,1,1,0,121
1531873,0,1,1,0,1,0,121
1532104,1,1,0,0,0,0,121
1532521,1,1,0,0,0,0,121
1534106,1,0,0,1,1,0,121
1534340,0,0,1,1,0,0,121
1535726,0,1,1,0,1,0,121
1538172,0,1,1,1,1,1,121
1539588,1,0,0,1,1,0,121
1539675,0,1,0,1,0,0,121
1539689,0,1,1,0,1,0,121
1541585,1,1,0,0,0,0,121
1543026,0,0,1,0,0,0,121
1544581,0,0,0,0,1,0,121
1547088,0,1,1,0,1,0,121
1548121,1,0,0,1,1,0,121
1548753,1,1,0,0,0,0,121
1549018,1,1,0,1,0,0,121
1549709,0,0,1,1,0,0,121
1550563,1,0,0,1,1,0,121
1553355,1,0,0,1,1,0,121
1553449,0,1,0,1,0,0,121
1554329,0,0,0,0,1,0,121
1554685,0,1,0,1,0,0,121
1555787,0,1,1,0,1,0,121
1556675,1,1,1,1,1,0,121
1558876,1,0,0,1,1,0,121
1561153,0,1,1,0,1,0,121
1561901,0,1,0,1,0,0,121
1562813,0,0,0,0,1,0,121
1563450,0,1,0,1,0,0,121
1563930,1,1,1,1,1,0,121
1564202,0,1,0,1,0,0,121
1565457,0,1,1,0,1,0,121
1565755,0,0,1,1,0,0,121
1566205,0,1,0,1,0,0,121
1566738,1,1,1,0,1,1,121
1568136,0,1,1,0,1,0,121
1568357,0,1,1,0,1,0,121
1568448,1,0,1,0,0,0,121
1568806,1,0,0,1,1,0,121
1568911,1,0,1,0,0,0,121
1569826,1,1,1,1,1,0,121
1570147,0,0,0,0,1,0,121
1571024,0,1,0,1,0,0,121
1571312,0,0,1,1,0,0,121
1571543,0,0,0,0,1,0,121
1573917,1,1,1,1,1,0,119
1576503,1,1,0,0,0,0,119
1576513,1,0,0,1,1,0,119
1576684,1,0,1,0,0,0,119
1577323,1,1,1,1,1,0,119
1577553,1,1,0,0,0,0,119
1579450,0,1,0,1,0,0,119
1580151,0,0,0,0,1,0,119
1580194,0,0,1,1,0,0,119
1581821,1,1,0,0,0,0,119
1582655,0,1,0,1,0,0,119
1582716,1,1,0,0,0,0,119
1583008,1,1,0,0,0,0,119
1583090,1,1,1,1,1,0,119
1583183,0,1,0,1,0,0,119
1583494,0,1,1,0,1,0,119
1583564,0,1,0,1,0,0,119
1583735,1,0,0,1,1,0,119
1585026,1,1,0,0,0,0,119
1585411,1,0,0,1,1,0,119
1585707,0,1,0,1,0,0,119
1586005,0,1,1,0,1,0,119
1586930,1,1,0,0,0,0,119
1588966,1,0,1,0,0,0,119
1592107,1,1,1,1,1,0,119
1594271,0,0,1,1,0,0,119
1595334,1,1,0,0,0,0,119
1597314,0,0,0,0,1,0,119
1597682,1,0,0,1,1,0,119
1597822,0,0,0,0,1,0,119
1598549,0,0,0,1,1,1,119
1598727,0,0,0,0,1,0,119
1600225,1,0,0,1,1,0,119
1600386,1,1,1,1,1,0,119
1600961,0,1,0,1,0,0,119
1602159,0,0,0,0,1,0,119
1603117,1,0,1,0,0,0,119
1603430,1,0,0,1,1,0,119
1603444,0,1,1,0,1,0,119
1603874,0,0,0,0,1,0,119
1604656,1,1,1,1,1,0,119
1604690,0,0,1,1,0,0,119
1604852,1,1,1,1,1,0,119
1605140,0,0,1,1,0,0,119
1605831,1,0,1,0,0,0,119
1605981,1,0,0,1,1,0,119
1606444,0,0,0,0,1,0,119
1606790,1,0,0,1,1,0,119
1607032,1,1,1,1,1,0,119
1609080,1,0,0,1,1,0,119
1612423,1,1,0,0,0,0,119
1615658,1,1,1,1,1,0,119
1616249,1,1,0,0,0,0,119
1617473,0,1,1,0,1,0,119
1617801,0,0,1,1,0,0,119
1618213,0,0,0,0,1,0,119
1618469,0,1,0,1,0,0,119
1618676,0,0,0,0,1,0,119
1622978,1,0,0,1,1,0,119
1625061,1,0,0,1,1,0,119
1625236,1,1,0,0,0,0,119
1626082,0,1,0,1,0,0,119
1628552,0,1,1,0,1,0,119
1628806,1,0,1,1,0,0,119
1629087,0,0,1,1,0,0,119
1629207,0,0,0,0,1,0,119
1629271,0,0,0,0,1,0,119
1630765,1,0,0,1,1,0,119
1632605,0,0,1,1,0,0,119
1632795,0,1,0,1,0,0,119
1633236,0,0,1,1,0,0,119
1633950,1,1,1,1,1,0,119
1635103,1,0,1,1,0,0,119
1635540,0,0,0,0,1,0,119
1636880,1,1,0,0,0,0,119
1636905,0,1,0,1,0,0,119
1638746,0,1,0,1,0,0,108
1641060,0,1,0,1,0,0,108
1641738,0,0,1,1,0,0,108
1643575,1,0,0,1,1,0,108
1644870,0,0,0,0,1,0,108
1647716,1,1,1,1,1,0,108
1647933,0,0,1,1,0,0,108
1648352,0,0,0,0,1,0,108
1648860,1,1,0,0,0,0,108
1649549,0,0,1,1,0,0,108
1650002,0,1,0,1,0,0,108
1650969,1,1,1,0,1,1,108
1651283,1,1,1,1,1,0,108
1651457,1,0,1,0,0,0,108
1652977,0,1,1,0,1,0,108
1655650,1,0,1,0,0,0,108
1656344,1,1,1,1,1,0,108
1657559,0,0,1,1,0,0,108
1658431,1,0,0,1,1,0,108
1660071,0,0,0,0,1,0,108
1661211,0,1,1,0,1,0,108
1662119,0,0,1,1,0,0,108
1662645,1,0,1,0,0,0,108
1662877,1,0,0,1,1,0,108
1663529,0,0,1,1,0,0,108
1663765,1,1,0,0,0,0,108
1663839,0,0,0,0,1,0,108
1665295,0,0,1,1,0,0,108
1667541,0,0,1,1,0,0,108
1667739,0,0,1,1,0,0,108
1672161,0,1,0,1,0,0,108
1675800,1,1,1,1,1,0,108
1675876,1,1,1,1,1,0,108
1679604,1,1,0,0,0,0,108
1682584,0,1,0,1,0,0,108
1683309,1,0,1,0,0,0,108
1684391,0,0,1,1,0,0,108
1685384,0,1,0,1,0,0,108
1687663,0,1,0,1,0,0,108
1687800,1,1,1,1,1,0,108
1688069,0,0,1,1,0,0,108
1689014,1,0,0,1,1,0,108
1689876,1,1,0,0,0,0,108
1690591,1,1,0,0,0,0,108
1692425,0,0,1,1,0,0,108
1692886,1,0,0,1,1,0,108
1695266,1,0,1,0,0,0,108
1695328,1,0,1,0,0,0,108
1697643,1,0,1,0,0,0,108
1699448,0,1,1,0,1,0,108
1702954,0,1,0,1,0,0,108
1705302,0,0,1,1,0,0,90
1706030,0,0,0,0,1,0,90
1706809,1,0,1,0,0,0,90
1707575,1,0,0,1,1,0,90
1712061,1,1,1,1,1,0,90
1712469,0,1,1,0,1,0,90
1714406,0,1,1,0,1,0,90
1715034,0,1,1,0,1,0,90
1715630,1,1,0,0,0,0,90
1716605,0,1,0,1,0,0,90
1718344,1,0,1,0,0,0,90
1718697,1,0,0,1,1,0,90
1721305,1,0,0,1,1,0,90
1722615,0,1,1,0,1,0,90
1722646,1,1,1,1,1,0,90
1723915,1,0,1,0,0,0,90
1724616,0,1,0,1,0,0,90
1725161,0,0,0,0,1,0,90
1725636,1,1,0,0,0,0,90
1727191,0,0,1,1,0,0,90
1728905,1,1,0,0,0,0,90
1729076,1,0,1,0,0,0,90
1729939,1,0,0,0,1,1,90
1730123,1,1,0,0,0,0,90
1730859,1,0,1,0,0,0,90
1731349,0,0,0,0,1,0,90
1732046,1,1,0,0,0,0,90
1735395,1,0,1,0,0,0,90
1736082,0,0,1,1,0,0,90
1737235,1,1,1,1,1,0,90
1737270,0,0,1,1,0,0,90
1738432,1,0,1,0,0,0,90
1741396,0,1,1,0,1,0,90
1741524,1,1,0,0,0,0,90
1742900,0,1,0,1,0,0,90
1744123,0,1,0,1,0,0,90
1745686,0,1,1,0,1,0,90
1746366,1,0,1,0,0,0,90
1747571,0,1,0,1,0,0,90
1748218,1,1,1,1,1,0,90
1748558,0,1,0,1,0,0,90
1748659,1,1,0,0,0,0,90
1749131,0,1,1,0,1,0,90
1749345,0,1,0,1,0,0,90
1749495,1,1,0,0,0,0,90
1749711,1,0,0,1,1,0,90
1751431,1,0,1,0,0,0,90
1752600,1,1,0,0,0,0,90
1753247,1,0,1,0,0,0,90
1754627,1,0,0,1,1,0,90
1754769,0,0,0,0,1,0,90
1755011,0,1,1,0,1,0,90
1755411,1,0,1,1,0,0,90
1756217,0,1,0,1,0,0,90
1756776,0,1,1,0,1,0,90
1757044,1,1,0,0,0,0,90
1759032,0,0,0,0,1,0,90
1760769,0,0,0,0,1,0,90
1761390,0,1,0,1,0,0,90
1761519,1,0,0,1,1,0,90
1763342,0,0,0,0,1,0,90
1763636,1,0,1,0,0,0,90
1766192,0,0,0,0,1,0,90
1766690,1,1,0,0,0,0,90
1766874,0,0,1,1,0,0,90
1767325,1,1,1,1,1,0,90
1768056,0,1,0,1,0,0,90
1770560,0,0,1,1,0,0,100
1770678,1,0,0,1,1,0,100
1774228,0,1,1,0,1,0,100
1774715,0,0,0,0,1,0,100
1774733,0,0,1,1,0,0,100
1774811,1,1,1,1,1,0,100
1775518,0,0,0,0,1,0,100
1782068,1,1,0,0,0,0,100
1782298,0,1,1,0,1,0,100
1783379,0,1,0,1,0,0,100
1783924,1,0,0,1,1,0,100
1784035,1,0,0,1,1,0,100
1784429,0,1,1,0,1,0,100
1784738,0,0,0,0,1,0,100
1786100,0,1,1,0,1,0,100
1786436,0,1,0,1,0,0,100
1787239,0,1,0,1,0,0,100
1787834,0,1,1,0,1,0,100
1789140,1,1,1,1,1,0,100
1789395,0,0,1,1,0,0,100
1791181,0,0,1,1,0,0,100
1792604,0,0,1,1,0,0,100
1793103,1,1,0,0,0,0,100
1795233,1,1,0,0,0,0,100
1796243,0,1,1,0,1,0,100
1796326,1,1,0,0,0,0,100
1796841,1,0,0,1,1,0,100
1798327,1,1,1,1,1,0,100
1799299,0,1,1,0,1,0,100
1799332,1,0,1,0,0,0,100
1800057,1,0,0,1,1,0,100
1800576,0,0,1,1,0,0,100
1802010,1,0,1,0,0,0,100
1802329,1,0,1,0,0,0,100
1802693,0,1,1,0,1,0,100
1804159,1,0,0,1,1,0,100
1804847,1,0,0,1,1,0,100
1805946,0,0,1,1,0,0,100
1806013,0,1,1,0,1,0,100
1806019,0,1,1,0,1,0,100
1808148,0,0,1,1,0,0,100
1808286,1,1,0,0,0,0,100
1808411,1,0,0,1,1,0,100
1810529,0,1,0,1,0,0,100
1810640,1,0,0,1,1,0,100
1811929,1,0,1,0,0,0,100
1814889,0,1,0,1,0,0,100
1814944,1,0,0,1,1,0,100
1818160,1,0,1,0,0,0,100
1818342,1,0,0,1,1,0,100
1820054,1,1,1,1,1,0,100
1822645,0,0,1,1,0,0,100
1823663,0,1,0,1,0,0,100
1823677,1,0,0,1,1,0,100
1823989,1,1,0,0,0,0,100
1824074,0,1,1,0,1,0,100
1826472,1,0,0,1,1,0,100
1827706,0,0,1,1,0,0,100
1828112,0,0,0,0,1,0,100
1828442,1,1,1,0,1,1,100
1830325,0,0,0,0,1,0,100
1830912,1,1,1,1,1,0,100
1831108,1,1,1,1,1,0,100
1833013,1,1,0,0,0,0,100
1837266,0,0,1,1,0,0,123
1839531,1,0,0,1,1,0,123
1840253,0,0,1,1,0,0,123
1844607,0,1,1,0,1,0,123
1845450,1,0,1,0,0,0,123
1845716,1,1,1,1,1,0,123
1845989,0,1,0,1,0,0,123
1846547,1,0,0,1,1,0,123
1847241,0,0,1,1,0,0,123
1847431,1,0,0,1,1,0,123
1848088,0,1,0,1,0,0,123
1848973,0,1,0,1,0,0,123
1849567,0,0,0,0,1,0,123
1850364,0,0,0,0,1,0,123
1851505,1,1,1,1,1,0,123
1851656,1,1,0,1,0,0,123
1854132,1,0,0,1,1,0,123
1856771,1,0,0,1,1,0,123
1857572,0,1,1,0,1,0,123
1857587,1,0,1,0,0,0,123
1858180,0,1,0,1,0,0,123
1861026,1,0,1,0,0,0,123
1861066,1,0,1,0,0,0,123
1861207,1,0,1,0,0,0,123
1861595,1,0,0,1,1,0,123
1863412,1,1,0,0,0,0,123
1864256,1,0,0,1,1,0,123
1865075,1,0,1,0,0,0,123
1865248,1,1,0,0,0,0,123
1865494,1,1,0,0,0,0,123
1865543,0,0,1,1,0,0,123
1866835,1,0,0,1,1,0,123
1867004,0,1,1,0,1,0,123
1867027,0,1,0,1,0,0,123
1867251,1,1,1,1,1,0,123
1867880,1,1,0,0,0,0,123
1868174,0,0,1,1,0,0,123
1871094,0,0,0,0,1,0,123
1871514,0,1,0,1,0,0,123
1871596,1,1,0,0,0,0,123
1872298,1,0,1,0,0,0,123
1873823,0,0,1,1,0,0,123
1874146,0,0,1,1,0,0,123
1874737,1,0,1,0,0,0,123
1876086,0,1,1,0,1,0,123
1878760,1,1,0,0,0,0,123
1880923,1,0,0,1,1,0,123
1882666,1,0,0,1,1,0,123
1883056,1,0,0,1,1,0,123
1883278,0,0,1,1,0,0,123
1883353,0,1,1,0,1,0,123
1883520,1,0,1,0,0,0,123
1883769,0,0,1,1,0,0,123
1883896,0,0,1,1,0,0,123
1884054,1,0,1,0,0,0,123
1884272,0,0,0,0,1,0,123
1886292,0,0,1,1,0,0,123
1887772,0,1,0,1,0,0,123
1888287,1,1,1,1,1,0,123
1888321,0,1,1,0,1,0,123
1889751,0,0,0,0,1,0,123
1890069,1,0,1,0,0,0,123
1890076,0,1,0,1,0,0,123
1890644,1,0,0,1,1,0,123
1893231,0,0,1,1,0,0,123
1893793,1,0,1,0,0,0,123
1893868,1,1,1,1,1,0,123
1894275,0,1,0,1,0,0,123
1895988,1,0,1,0,0,0,123
1896800,1,0,1,0,0,0,123
1897652,1,0,0,1,1,0,123
1901261,1,1,1,1,1,0,147
1902702,1,0,1,0,0,0,147
1903693,1,0,0,0,1,1,147
1903745,1,0,0,1,1,0,147
1904776,0,0,0,0,1,0,147
1905102,1,1,0,0,0,0,147
1905637,0,1,1,0,1,0,147
1906260,0,1,0,1,0,0,147
1907575,1,0,1,0,0,0,147
1908120,1,1,0,0,0,0,147
1908720,0,0,1,0,0,0,147
1908826,0,0,0,0,1,0,147
1909397,0,0,1,1,0,0,147
1909508,1,0,1,0,0,0,147
1910595,1,1,0,0,0,0,147
1910821,1,1,0,0,0,0,147
1911014,0,1,0,1,0,0,147
1911476,1,0,0,1,1,0,147
1912393,1,1,0,0,0,0,147
1913303,1,1,1,1,1,0,147
1913321,1,0,1,0,0,0,147
1913611,1,0,1,0,0,0,147
1915062,1,1,1,1,1,0,147
1915655,1,0,1,0,0,0,147
1917134,1,1,0,0,0,0,147
1917232,0,0,0,0,1,0,147
1917695,0,0,1,1,0,0,147
1918344,0,0,0,0,1,0,147
1918980,1,1,1,1,1,0,147
1919966,1,0,0,1,1,0,147
1920781,1,1,1,1,1,0,147
1920833,0,0,0,0,1,0,147
1922769,0,0,0,0,1,0,147
1923022,0,0,0,0,1,0,147
1923924,1,1,1,1,1,0,147
1927341,1,1,0,0,0,0,147
1928605,0,0,1,1,0,0,147
1928729,1,1,1,1,1,0,147
1929004,0,0,1,1,0,0,147
1929389,0,0,1,1,0,0,147
1932239,0,1,1,0,1,0,147
1933587,1,0,1,0,0,0,147
1936379,1,1,1,1,1,0,147
1936604,1,1,0,0,0,0,147
1936768,0,0,1,1,0,0,147
1936996,1,1,1,1,1,0,147
1937534,0,0,0,0,1,0,147
1937880,1,1,1,1,1,0,147
1939062,1,1,1,1,1,0,147
1939673,1,0,1,0,0,0,147
1939781,0,1,1,0,1,0,147
1941693,1,0,1,0,0,0,147
1943337,1,0,1,0,0,0,147
1943882,0,1,1,1,1,1,147
1945850,1,1,0,0,0,0,147
1947636,1,0,0,1,1,0,147
1948703,0,1,1,0,1,0,147
1948843,0,1,1,0,1,0,147
1949710,0,1,1,0,1,0,147
1950099,0,1,1,0,1,0,147
1950109,1,0,1,1,0,0,147
1950270,1,0,0,1,1,0,147
1952302,1,0,1,0,0,0,147
1952717,1,0,0,1,1,0,147
1953154,1,0,0,1,1,0,147
1953519,0,0,1,1,0,0,147
1953558,1,1,1,1,1,0,147
1955673,1,0,1,0,0,0,147
1956223,1,1,0,0,0,0,147
1957192,0,1,1,0,1,0,147
1959776,0,0,0,0,1,0,147
1959882,1,0,1,0,0,0,147
1960742,0,1,1,0,1,0,147
1961048,1,1,0,0,0,0,147
1963003,1,0,1,0,0,0,147
1963549,0,0,1,1,0,0,147
1964067,1,0,0,1,1,0,147
1964138,1,0,0,1,1,0,147
1964392,0,1,1,0,1,0,147
1965054,1,1,1,1,1,0,147
1965808,0,1,1,0,1,0,147
1966329,1,1,1,1,1,0,248
1968371,0,1,0,1,0,0,248
1968997,0,1,1,0,1,0,248
1969298,0,0,1,1,0,0,248
1969473,1,0,1,0,0,0,248
1970573,1,1,1,1,1,0,248
1970936,1,0,1,0,0,0,248
1971429,0,1,0,1,0,0,248
1972380,0,0,1,1,0,0,248
1973183,1,0,0,1,1,0,248
1973440,0,1,0,1,0,0,248
1973579,0,1,1,0,1,0,248
1974688,1,1,0,0,0,0,248
1974967,0,0,1,1,0,0,248
1975180,0,0,0,0,1,0,248
1975305,1,0,1,0,0,0,248
1975544,0,0,0,0,1,0,248
1977508,0,1,0,1,0,0,248
1977672,0,0,1,1,0,0,248
1977740,1,0,0,1,1,0,248
1977853,0,0,0,0,1,0,248
1978014,1,0,1,0,0,0,248
1978447,0,1,1,0,1,0,248
1979237,0,1,1,0,1,0,248
1979401,1,1,1,1,1,0,248
1979995,0,0,0,0,1,0,248
1980373,1,0,1,0,0,0,248
1980802,0,1,0,1,0,0,248
1981763,1,1,1,1,1,0,248
1981997,1,0,0,1,1,0,248
1982425,1,1,0,0,0,0,248
1983129,0,1,0,1,0,0,248
1983752,0,1,0,1,0,0,248
1984397,0,1,0,1,0,0,248
1984531,1,1,1,1,1,0,248
1984537,0,0,1,1,0,0,248
1985006,1,0,1,0,0,0,248
1985211,0,0,0,0,1,0,248
1985510,1,1,0,0,0,0,248
1985589,1,1,1,1,1,0,248
1986364,1,1,0,0,0,0,248
1986407,0,1,1,0,1,0,248
1986474,1,1,0,0,0,0,248
1986535,0,1,0,1,0,0,248
1988021,0,1,1,0,1,0,248
1988220,1,1,0,0,0,0,248
1988459,0,0,1,1,0,0,248
1989412,1,1,1,1,1,0,248
1990925,0,1,1,0,1,0,248
1991420,0,0,1,1,0,0,248
1991428,1,1,1,1,1,0,248
1991613,0,0,1,1,0,0,248
1991660,0,1,1,0,1,0,248
1991674,1,0,1,0,0,0,248
1991758,1,1,0,0,0,0,248
1992209,1,0,1,0,0,0,248
1992361,0,0,0,0,1,0,248
1992892,0,1,0,1,0,0,248
1993339,1,1,1,1,1,0,248
1993347,0,1,0,1,0,0,248
1993400,0,1,1,0,1,0,248
1993461,0,0,1,1,0,0,248
1993894,1,1,1,1,1,0,248
1994000,0,0,0,0,1,0,248
1994001,0,0,1,1,0,0,248
1994022,0,1,0,1,0,0,248
1995031,1,0,1,0,0,0,248
1995301,0,1,0,1,0,0,248
1996027,0,0,0,0,1,0,248
1996213,0,0,1,1,0,0,248
1996550,1,1,0,0,0,0,248
1999373,1,0,1,0,0,0,248
1999844,1,1,0,0,0,0,248
1999963,0,0,0,0,1,0,248
2000542,1,1,0,0,0,0,248
2000721,1,1,0,0,0,0,248
2000888,1,0,0,1,1,0,248
2000934,0,0,1,1,0,0,248
2001299,0,1,1,0,1,0,248
2002348,0,1,1,0,1,0,248
2002554,1,1,0,0,0,0,248
2003863,1,0,1,0,0,0,248
2004349,1,1,1,1,1,0,248
2004530,0,1,1,1,1,1,248
2004740,0,1,1,0,1,0,248
2004978,0,0,0,1,1,1,248
2005877,1,0,1,1,0,0,248
2006023,1,0,0,1,1,0,248
2006058,0,0,1,1,0,0,248
2006066,0,0,0,0,1,0,248
2006175,0,1,1,0,1,0,248
2007072,0,0,0,0,1,0,248
2007560,0,0,0,1,1,1,248
2007860,0,1,1,0,1,0,248
2008594,1,1,0,0,0,0,248
2009066,0,0,0,0,1,0,248
2009233,0,0,1,1,0,0,248
2009256,0,0,1,1,0,0,248
2009645,1,0,0,1,1,0,248
2009871,1,0,1,0,0,0,248
2010214,1,0,0,1,1,0,248
2010499,1,1,0,0,0,0,248
2011545,1,0,1,0,0,0,248
2011780,0,1,1,0,1,0,248
2012612,0,0,1,1,0,0,248
2012912,1,0,1,0,0,0,248
2013695,1,1,1,1,1,0,248
2014073,0,1,0,1,0,0,248
2014339,0,0,0,0,1,0,248
2014376,1,0,0,1,1,0,248
2014489,1,0,0,1,1,0,248
2015548,0,0,1,1,0,0,248
2016058,1,0,1,0,0,0,248
2016224,0,1,0,1,0,0,248
2016635,0,0,0,0,1,0,248
2017150,0,1,1,0,1,0,248
2017664,0,0,0,0,1,0,248
2017823,1,0,0,1,1,0,248
2019941,0,0,1,1,0,0,248
2020017,0,0,0,0,1,0,248
2020065,0,0,0,0,1,0,248
2020131,1,0,0,1,1,0,248
2020545,0,1,0,1,0,0,248
2020682,1,0,1,0,0,0,248
2020707,1,0,0,1,1,0,248
2020946,1,0,1,0,0,0,248
2021335,1,0,0,1,1,0,248
2021935,0,1,0,1,0,0,248
2024068,1,1,1,1,1,0,248
2024354,0,0,0,0,1,0,248
2024536,1,0,1,0,0,0,248
2024940,0,1,1,0,1,0,248
2025264,1,1,1,1,1,0,248
2025305,1,0,1,0,0,0,248
2025392,1,1,1,1,1,0,248
2025596,1,1,0,0,0,0,248
2025985,0,1,1,0,1,0,248
2026191,1,0,1,0,0,0,248
2027188,0,1,0,1,0,0,248
2027700,0,1,1,0,1,0,248
2028389,1,1,0,0,0,0,248
2029250,1,1,0,0,0,0,248
2029476,0,0,0,0,1,0,248
2029491,0,1,1,0,1,0,248
2029821,1,0,0,1,1,0,248
2029878,1,1,1,1,1,0,248
2030002,0,1,0,1,0,0,248
2030965,0,1,0,1,0,0,248
2031077,1,1,0,0,0,0,248
2031135,1,1,1,1,1,0,248
2031244,0,1,1,0,1,0,248
2031444,1,1,1,1,1,0,248
2033714,1,0,1,0,0,0,83
2033781,0,1,0,1,0,0,83
2035846,1,1,1,1,1,0,83
2036544,1,1,1,1,1,0,83
2038876,0,0,1,1,0,0,83
2041458,1,0,0,1,1,0,83
2042030,0,1,1,0,1,0,83
2046003,0,1,1,0,1,0,83
2046158,0,0,0,0,1,0,83
2047276,1,0,1,0,0,0,83
2048572,0,0,1,1,0,0,83
2051533,1,0,0,1,1,0,83
2052241,1,0,0,1,1,0,83
2053684,0,1,0,1,0,0,83
2053744,1,1,1,1,1,0,83
2054723,1,1,1,1,1,0,83
2055059,1,1,1,1,1,0,83
2056416,1,0,0,1,1,0,83
2056903,1,0,1,0,0,0,83
2057299,0,1,0,1,0,0,83
2058247,1,1,1,1,1,0,83
2062208,1,1,1,1,1,0,83
2064164,1,0,1,0,0,0,83
2064599,1,0,1,0,0,0,83
2065700,1,0,0,1,1,0,83
2070464,0,1,1,0,1,0,83
2072610,0,0,1,1,0,0,83
2073303,0,0,1,1,0,0,83
2074343,0,1,0,1,0,0,83
2077074,1,1,0,0,0,0,83
2079944,0,1,0,0,0,0,83
2081958,0,0,1,1,0,0,83
2083783,1,1,1,1,1,0,83
2085376,1,0,1,0,0,0,83
2087090,0,0,1,1,0,0,83
2090227,1,0,1,0,0,0,83
2091856,1,0,1,0,0,0,83
2094312,1,1,0,0,0,0,83
2095507,0,1,0,1,0,0,83
2096101,1,0,0,1,1,0,83
2096502,1,1,1,1,1,0,83
2096949,1,1,1,1,1,0,83
2098560,1,0,0,1,1,0,150
2098764,0,1,0,1,0,0,150
2099871,1,1,1,0,1,1,150
2100515,0,1,0,1,0,0,150
2100875,1,1,1,0,1,1,150
2102236,1,0,0,1,1,0,150
2102346,0,0,0,0,1,0,150
2102806,0,1,1,0,1,0,150
2105541,1,1,1,1,1,0,150
2106236,0,0,1,1,0,0,150
2107447,1,1,1,1,1,0,150
2107989,0,0,0,0,1,0,150
2108207,1,0,1,0,0,0,150
2108389,1,0,0,1,1,0,150
2110276,1,0,0,1,1,0,150
2110900,0,1,0,1,0,0,150
2111089,0,1,1,0,1,0,150
2111375,0,0,0,0,1,0,150
2111557,1,0,0,1,1,0,150
2111602,1,1,1,1,1,0,150
2112800,1,0,0,1,1,0,150
2112959,0,0,1,1,0,0,150
2113067,0,0,1,1,0,0,150
2113660,1,0,0,1,1,0,150
2114618,0,0,1,1,0,0,150
2114900,0,1,0,1,0,0,150
2115202,1,1,0,0,0,0,150
2116622,0,1,1,0,1,0,150
2116768,1,0,1,0,0,0,150
2116815,0,1,1,0,1,0,150
2119332,0,0,0,0,1,0,150
2120004,0,0,1,1,0,0,150
2120106,0,1,1,0,1,0,150
2121134,0,1,0,1,0,0,150
2121977,0,1,1,0,1,0,150
2123317,0,1,1,0,1,0,150
2123458,0,0,1,1,0,0,150
2123740,1,0,0,1,1,0,150
2123972,1,1,0,0,0,0,150
2124103,0,1,1,0,1,0,150
2124400,0,0,1,1,0,0,150
2124777,1,0,0,1,1,0,150
2126195,1,1,0,0,0,0,150
2126243,1,0,1,0,0,0,150
2126910,1,1,1,1,1,0,150
2127424,1,1,1,1,1,0,150
2127547,1,0,0,1,1,0,150
2127716,1,1,0,0,0,0,150
2128216,0,1,0,1,0,0,150
2128951,1,1,1,1,1,0,150
2129304,0,0,0,0,1,0,150
2129393,1,0,1,0,0,0,150
2131446,1,0,0,1,1,0,150
2132928,0,0,0,1,1,1,150
2133291,1,0,1,0,0,0,150
2134081,1,1,1,1,1,0,150
2134188,1,1,0,0,0,0,150
2134218,1,0,0,1,1,0,150
2134402,0,1,1,0,1,0,150
2138386,0,0,1,1,0,0,150
2138605,0,1,0,0,0,0,150
2139045,1,1,0,0,0,0,150
2139730,0,0,0,0,1,0,150
2141229,0,0,1,0,0,0,150
2141662,0,0,1,1,0,0,150
2141664,1,1,1,1,1,0,150
2141669,1,1,1,1,1,0,150
2142596,0,0,1,1,0,0,150
2144984,1,0,1,0,0,0,150
2145286,0,1,0,1,0,0,150
2145881,0,1,0,1,0,0,150
2147333,1,1,1,1,1,0,150
2148537,1,1,0,0,0,0,150
2149111,1,0,1,0,0,0,150
2149968,0,0,1,1,0,0,150
2150054,0,0,0,0,1,0,150
2151072,1,0,1,0,0,0,150
2151398,1,1,0,0,0,0,150
2151579,0,0,1,1,0,0,150
2152363,1,0,1,0,0,0,150
2153350,0,0,0,0,1,0,150
2153680,1,0,1,0,0,0,150
2155560,0,0,1,1,0,0,150
2155619,0,1,0,1,0,0,150
2156007,0,1,0,0,0,0,150
2156650,1,1,0,0,0,0,150
2156907,1,0,1,0,0,0,150
2159298,1,1,1,1,1,0,150
2159474,0,1,0,1,0,0,150
2159676,0,1,0,1,0,0,150
2161729,0,1,0,1,0,0,150
2162096,1,1,0,0,0,0,150
2164001,1,1,0,0,0,0,120
2164066,0,0,0,0,1,0,120
2165191,0,0,0,0,1,0,120
2165325,1,1,1,1,1,0,120
2166420,0,1,1,0,1,0,120
2166541,0,0,1,1,0,0,120
2166821,1,1,0,0,0,0,120
2166977,1,1,1,1,1,0,120
2168807,0,0,1,1,0,0,120
2169023,0,1,1,0,1,0,120
2169315,1,0,0,0,1,1,120
2171065,1,1,1,1,1,0,120
2171430,1,0,1,0,0,0,120
2171614,0,0,0,0,1,0,120
2172147,0,0,0,0,1,0,120
2173730,0,0,0,0,1,0,120
2174285,0,0,1,1,0,0,120
2176822,1,1,1,1,1,0,120
2176990,0,0,1,1,0,0,120
2177520,1,1,1,1,1,0,120
2179032,1,0,1,0,0,0,120
2180384,1,0,1,0,0,0,120
2181774,0,0,1,1,0,0,120
2183025,1,0,0,1,1,0,120
2183058,0,1,1,0,1,0,120
2183069,1,1,0,0,0,0,120
2183472,0,0,0,0,1,0,120
2184954,1,1,0,0,0,0,120
2185961,0,0,0,0,1,0,120
2187952,0,1,0,1,0,0,120
2188070,0,1,1,0,1,0,120
2188456,1,0,0,1,1,0,120
2188857,0,0,0,0,1,0,120
2192303,0,1,0,1,0,0,120
2192594,1,0,0,1,1,0,120
2192855,1,0,1,0,0,0,120
2194058,0,0,0,0,1,0,120
2194525,1,0,1,0,0,0,120
2196776,1,1,1,1,1,0,120
2197086,0,1,0,1,0,0,120
2197412,1,0,1,0,0,0,120
2197494,0,1,0,1,0,0,120
2199819,1,1,0,0,0,0,120
2200376,0,0,1,1,0,0,120
2200951,1,1,1,1,1,0,120
2202400,1,0,0,1,1,0,120
2204032,1,1,1,1,1,0,120
2205186,1,0,0,1,1,0,120
2205243,0,1,1,0,1,0,120
2210256,1,1,0,0,0,0,120
2210414,0,0,1,1,0,0,120
2210467,1,0,1,0,0,0,120
2210979,1,1,1,1,1,0,120
2211609,0,1,0,1,0,0,120
2212150,1,0,0,1,1,0,120
2213091,1,1,0,0,0,0,120
2213593,0,1,0,1,0,0,120
2213758,0,1,1,0,1,0,120
2214127,1,0,1,0,0,0,120
2214277,0,0,0,0,1,0,120
2215453,0,0,1,1,0,0,120
2215512,0,0,0,0,1,0,120
2216518,0,0,1,1,0,0,120
2216851,1,0,1,0,0,0,120
2217469,0,1,1,0,1,0,120
2218566,0,1,0,1,0,0,120
2219090,0,0,0,0,1,0,120
2219983,0,1,0,1,0,0,120
2221428,0,1,1,0,1,0,120
2222369,0,0,1,1,0,0,120
2222968,0,1,1,0,1,0,120
2223847,0,1,0,1,0,0,120
2224012,1,0,0,1,1,0,120
2224674,0,0,0,0,1,0,120
2224769,1,1,1,1,1,0,120
2225788,0,0,0,0,1,0,120
2227355,1,1,0,0,0,0,120
2230654,0,0,1,1,0,0,124
2230691,0,1,1,0,1,0,124
2230953,1,1,1,1,1,0,124
2233656,1,1,1,1,1,0,124
2235905,0,0,0,0,1,0,124
2237073,1,0,1,1,0,0,124
2237077,1,0,1,0,0,0,124
2237867,0,0,0,0,1,0,124
2238099,0,1,0,1,0,0,124
2238190,0,1,1,0,1,0,124
2238781,1,1,0,0,0,0,124
2239747,1,1,0,0,0,0,124
2240351,1,0,1,0,0,0,124
2240460,0,0,1,1,0,0,124
2240852,1,1,1,1,1,0,124
2240862,1,1,1,1,1,0,124
2241974,1,0,1,1,0,0,124
2242389,0,0,1,1,0,0,124
2242769,1,0,0,1,1,0,124
2243332,1,0,0,1,1,0,124
2243790,1,0,0,1,1,0,124
2244493,1,0,1,0,0,0,124
2247697,0,0,0,0,1,0,124
2247780,1,1,0,0,0,0,124
2252191,0,0,1,1,0,0,124
2252959,1,1,0,0,0,0,124
2253744,0,0,1,1,0,0,124
2254752,0,0,1,1,0,0,124
2255019,0,0,0,0,1,0,124
2255643,1,0,0,1,1,0,124
2255879,0,1,0,1,0,0,124
2255918,1,0,0,1,1,0,124
2256707,1,1,0,0,0,0,124
2258497,1,1,0,0,0,0,124
2259339,0,0,0,0,1,0,124
2260096,1,0,1,0,0,0,124
2264082,0,1,0,1,0,0,124
2264135,0,1,0,0,0,0,124
2266067,0,1,0,1,0,0,124
2266160,1,1,0,0,0,0,124
2270304,1,1,1,1,1,0,124
2270374,0,1,0,1,0,0,124
2270581,0,1,1,0,1,0,124
2270728,0,0,0,0,1,0,124
2272448,0,0,0,0,1,0,124
2273077,1,0,1,0,0,0,124
2274602,0,1,0,1,0,0,124
2276303,1,0,1,0,0,0,124
2276331,1,0,0,1,1,0,124
2276409,0,0,0,0,1,0,124
2276496,0,1,1,0,1,0,124
2279066,1,1,0,0,0,0,124
2279614,1,1,0,0,0,0,124
2280037,1,0,0,1,1,0,124
2280092,0,0,1,1,0,0,124
2280195,1,0,1,0,0,0,124
2280507,0,1,1,0,1,0,124
2282078,1,1,0,0,0,0,124
2282121,1,0,1,0,0,0,124
2283724,0,0,0,0,1,0,124
2284869,1,0,1,0,0,0,124
2285359,0,1,0,1,0,0,124
2285750,1,0,1,0,0,0,124
2287424,1,0,1,0,0,0,124
2287733,1,1,0,0,0,0,124
2288400,1,0,1,0,0,0,124
2288782,0,1,0,1,0,0,124
2288893,0,0,1,1,0,0,124
2290190,1,0,0,1,1,0,124
2290670,1,1,0,0,0,0,124
2291040,1,1,0,0,0,0,124
2292873,1,0,0,1,1,0,124
2293372,1,0,1,0,0,0,124
2294341,0,1,1,0,1,0,121
2295400,1,1,0,0,0,0,121
2298214,1,0,1,0,0,0,121
2298518,0,0,1,1,0,0,121
2298719,0,0,0,0,1,0,121
2298833,1,0,1,0,0,0,121
2299270,0,1,1,0,1,0,121
2299395,1,1,0,1,0,0,121
2299765,1,0,1,1,0,0,121
2300739,1,0,0,1,1,0,121
2301999,1,0,1,0,0,0,121
2302439,1,1,0,0,0,0,121
2303346,1,0,0,1,1,0,121
2304470,0,1,1,0,1,0,121
2305315,1,1,0,0,0,0,121
2305550,1,0,1,0,0,0,121
2305571,1,0,1,0,0,0,121
2306380,0,0,1,1,0,0,121
2307069,0,0,0,1,1,1,121
2307455,1,0,0,1,1,0,121
2307846,0,0,1,1,0,0,121
2308027,1,1,1,1,1,0,121
2308329,0,0,0,1,1,1,121
2308738,1,0,0,1,1,0,121
2309284,1,1,0,0,0,0,121
2309539,0,0,1,1,0,0,121
2309834,0,1,0,1,0,0,121
2309911,0,1,0,1,0,0,121
2310597,0,0,1,1,0,0,121
2312137,0,0,1,1,0,0,121
2313268,1,1,1,1,1,0,121
2313415,1,0,0,1,1,0,121
2314444,1,1,1,1,1,0,121
2314688,1,0,0,1,1,0,121
2316346,1,1,0,0,0,0,121
2317770,1,0,1,0,0,0,121
2317883,1,0,1,0,0,0,121
2319360,1,1,0,0,0,0,121
2319794,1,1,0,0,0,0,121
2319836,0,1,0,1,0,0,121
2320271,0,0,1,1,0,0,121
2320464,1,0,1,0,0,0,121
2320481,0,0,1,1,0,0,121
2320960,1,0,0,1,1,0,121
2325401,0,1,0,0,0,0,121
2328117,1,0,0,1,1,0,121
2329161,1,0,0,1,1,0,121
2330466,0,1,1,0,1,0,121
2331327,0,0,1,1,0,0,121
2332179,0,0,0,1,1,1,121
2332611,0,0,1,1,0,0,121
2333228,1,0,0,1,1,0,121
2334900,1,0,1,0,0,0,121
2335394,1,1,1,1,1,0,121
2336509,0,1,1,0,1,0,121
2337494,1,1,1,1,1,0,121
2337664,0,0,1,1,0,0,121
2337803,1,0,1,0,0,0,121
2338088,1,0,0,1,1,0,121
2339126,0,0,0,0,1,0,121
2339204,0,0,1,1,0,0,121
2339453,0,0,1,1,0,0,121
2342521,0,0,1,1,0,0,121
2342649,1,1,1,1,1,0,121
2343719,1,0,1,0,0,0,121
2344272,0,1,1,0,1,0,121
2344407,0,1,1,0,1,0,121
2347694,1,1,1,1,1,0,121
2348747,1,1,0,0,0,0,121
2349920,0,0,0,0,1,0,121
2349977,0,0,0,0,1,0,121
2352673,1,0,0,1,1,0,121
2354561,1,1,1,1,1,0,121
2355439,1,1,1,1,1,0,121
2356171,1,1,0,0,0,0,121
2357611,1,1,1,1,1,0,121
2358668,0,1,0,1,0,0,121
2359705,1,1,1,1,1,0,89
2361438,1,1,0,0,0,0,89
2362038,0,1,0,1,0,0,89
2362537,0,1,1,0,1,0,89
2363154,0,1,1,1,1,1,89
2364085,1,1,0,0,0,0,89
2365156,1,1,1,1,1,0,89
2365194,0,0,0,0,1,0,89
2365679,1,1,1,1,1,0,89
2367435,1,1,1,1,1,0,89
2367557,0,0,1,1,0,0,89
2367713,1,0,1,0,0,0,89
2369512,0,1,0,1,0,0,89
2369661,0,1,1,0,1,0,89
2370921,1,1,0,0,0,0,89
2373760,1,0,1,0,0,0,89
2374060,1,1,0,0,0,0,89
2374599,0,1,1,0,1,0,89
2376446,1,1,1,1,1,0,89
2381445,1,1,0,0,0,0,89
2383031,1,0,0,1,1,0,89
2383874,1,0,0,1,1,0,89
2383909,1,1,1,1,1,0,89
2384097,0,0,1,1,0,0,89
2384554,1,0,1,0,0,0,89
2384899,1,1,1,1,1,0,89
2385896,0,1,0,1,0,0,89
2385918,1,0,0,1,1,0,89
2386171,1,0,0,1,1,0,89
2387894,1,0,1,0,0,0,89
2388689,0,0,1,1,0,0,89
2391443,0,1,0,1,0,0,89
2391610,0,1,1,0,1,0,89
2394377,0,0,1,1,0,0,89
2399309,1,0,1,0,0,0,89
2399981,0,1,1,0,1,0,89
2400678,0,1,1,0,1,0,89
2401000,1,0,1,0,0,0,89
2403594,1,1,0,0,0,0,89
2403956,0,1,1,0,1,0,89
2407167,0,0,1,1,0,0,89
2409498,1,0,1,0,0,0,89
2410933,1,0,1,0,0,0,89
2412823,0,1,1,0,1,0,89
2413847,1,1,0,0,0,0,89
2414152,1,1,0,0,0,0,89
2414199,1,0,0,1,1,0,89
2415555,0,0,1,1,0,0,89
2416855,1,0,0,1,1,0,89
2416876,0,1,1,0,1,0,89
2419901,1,1,1,1,1,0,89
2421493,1,0,0,0,1,1,89
2421707,0,1,1,0,1,0,89
2423476,0,1,1,0,1,0,89
2424732,1,0,0,1,1,0,89
2426204,1,0,1,0,0,0,106
2426312,1,1,1,1,1,0,106
2426502,0,0,1,1,0,0,106
2426695,0,1,1,0,1,0,106
2426952,1,1,0,0,0,0,106
2428543,0,0,1,1,0,0,106
2429584,0,0,1,1,0,0,106
2430563,1,0,0,1,1,0,106
2431702,1,1,1,0,1,1,106
2432346,1,1,1,1,1,0,106
2433075,1,0,0,1,1,0,106
2433987,0,0,1,1,0,0,106
2434998,0,1,0,1,0,0,106
2435053,1,0,0,1,1,0,106
2436295,0,0,1,1,0,0,106
2436657,1,0,0,1,1,0,106
2438958,1,1,0,0,0,0,106
2442215,0,0,0,0,1,0,106
2443364,1,0,1,0,0,0,106
2443664,0,0,1,1,0,0,106
2444597,0,0,0,0,1,0,106
2444848,0,1,1,0,1,0,106
2445140,1,0,1,0,0,0,106
2446407,1,1,1,1,1,0,106
2446439,0,1,1,0,1,0,106
2446496,0,1,0,1,0,0,106
2447643,0,0,1,1,0,0,106
2450223,0,1,1,0,1,0,106
2450566,1,0,0,1,1,0,106
2455150,0,0,0,1,1,1,106
2455819,1,1,0,0,0,0,106
2455934,1,1,0,0,0,0,106
2456206,0,1,0,1,0,0,106
2457461,1,0,1,0,0,0,106
2458005,0,0,0,0,1,0,106
2458123,0,0,0,0,1,0,106
2460523,1,1,1,1,1,0,106
2460644,1,1,1,1,1,0,106
2464782,0,1,1,0,1,0,106
2465132,1,1,0,0,0,0,106
2467759,1,0,1,0,0,0,106
2468350,1,0,1,0,0,0,106
2471799,0,1,1,0,1,0,106
2471899,1,0,1,0,0,0,106
2473990,1,1,1,1,1,0,106
2474028,0,0,1,1,0,0,106
2474295,0,1,1,0,1,0,106
2474839,1,1,0,0,0,0,106
2474840,0,0,0,0,1,0,106
2475933,1,0,1,0,0,0,106
2476012,0,0,0,0,1,0,106
2476993,1,1,1,0,1,1,106
2477361,0,1,1,0,1,0,106
2477387,1,0,0,1,1,0,106
2478487,0,0,0,0,1,0,106
2478604,0,0,1,1,0,0,106
2479029,1,0,0,1,1,0,106
2479947,0,0,1,1,0,0,106
2481059,1,1,0,0,0,0,106
2486919,0,0,0,0,1,0,106
2488404,1,1,0,0,0,0,106
2489106,1,0,0,1,1,0,106
2489385,0,1,0,1,0,0,106
2494745,1,0,1,0,0,0,85
2500429,0,1,1,0,1,0,85
2502389,0,0,0,0,1,0,85
2503249,0,0,1,1,0,0,85
2504398,0,1,1,0,1,0,85
2506467,1,0,0,1,1,0,85
2506506,0,1,0,1,0,0,85
2509619,0,0,0,0,1,0,85
2510673,0,0,1,1,0,0,85
2511279,0,1,0,1,0,0,85
2512693,0,0,1,1,0,0,85
2512890,1,0,0,1,1,0,85
2514276,0,0,1,1,0,0,85
2514927,1,1,0,0,0,0,85
2515319,0,1,0,1,0,0,85
2515396,1,0,1,0,0,0,85
2515822,1,0,1,0,0,0,85
2516701,0,0,1,1,0,0,85
2516704,0,1,1,0,1,0,85
2517844,1,0,1,0,0,0,85
2517879,0,1,0,1,0,0,85
2518176,0,0,0,0,1,0,85
2520575,0,1,0,1,0,0,85
2520709,1,0,0,1,1,0,85
2521966,1,0,1,0,0,0,85
2524087,0,1,1,0,1,0,85
2524786,1,1,0,0,0,0,85
2525100,1,0,0,1,1,0,85
2525867,1,1,0,0,0,0,85
2527491,0,0,1,1,0,0,85
2528001,0,0,1,1,0,0,85
2528549,1,0,0,1,1,0,85
2528695,0,1,1,0,1,0,85
2529217,0,1,0,1,0,0,85
2530765,0,0,0,0,1,0,85
2535544,1,0,0,1,1,0,85
2537560,0,1,0,1,0,0,85
2537840,0,1,0,1,0,0,85
2540068,0,1,1,0,1,0,85
2541163,0,0,1,1,0,0,85
2542633,1,0,1,0,0,0,85
2543936,0,0,0,0,1,0,85
2544968,0,1,0,1,0,0,85
2545061,1,0,1,0,0,0,85
2545804,1,0,0,1,1,0,85
2548487,0,1,0,1,0,0,85
2549267,1,0,1,0,0,0,85
2550198,0,1,1,0,1,0,85
2550748,0,1,1,0,1,0,85
2553267,0,0,0,0,1,0,85
2556249,0,1,1,0,1,0,138
2556910,1,1,1,1,1,0,138
2557864,0,1,1,0,1,0,138
2559480,0,0,0,0,1,0,138
2559787,1,1,0,0,0,0,138
2560048,1,1,0,0,0,0,138
2560226,0,1,1,0,1,0,138
2560382,0,1,1,0,1,0,138
2562018,0,0,1,1,0,0,138
2562868,1,0,0,1,1,0,138
2564727,1,0,1,0,0,0,138
2564972,1,1,1,1,1,0,138
2565059,0,1,1,0,1,0,138
2566671,0,1,1,0,1,0,138
2566706,0,0,1,1,0,0,138
2566807,1,1,0,0,0,0,138
2568017,0,0,0,0,1,0,138
2568409,0,0,0,0,1,0,138
2568939,1,1,0,0,0,0,138
2570682,0,0,0,0,1,0,138
2570822,1,0,0,1,1,0,138
2570870,1,1,0,0,0,0,138
2571039,1,0,0,1,1,0,138
2571405,0,0,0,0,1,0,138
2572168,1,0,1,0,0,0,138
2573339,0,0,0,0,1,0,138
2574586,0,0,0,0,1,0,138
2574995,1,1,1,1,1,0,138
2575920,0,1,1,0,1,0,138
2576939,0,1,1,0,1,0,138
2577168,0,0,1,1,0,0,138
2577188,0,1,0,1,0,0,138
2577530,1,1,1,1,1,0,138
2578110,1,0,0,1,1,0,138
2578357,1,0,1,0,0,0,138
2579263,1,1,1,1,1,0,138
2579740,1,1,0,0,0,0,138
2579842,0,1,0,1,0,0,138
2579869,0,0,1,1,0,0,138
2581468,1,0,1,0,0,0,138
2581577,0,0,1,1,0,0,138
2581948,1,1,1,1,1,0,138
2582183,1,1,0,0,0,0,138
2582690,0,0,1,1,0,0,138
2583530,1,0,0,1,1,0,138
2583673,1,1,0,0,0,0,138
2583789,1,0,0,1,1,0,138
2584277,1,1,0,0,0,0,138
2584485,1,0,0,1,1,0,138
2584706,0,0,1,1,0,0,138
2590814,1,1,0,0,0,0,138
2591817,1,1,0,0,0,0,138
2591978,0,1,0,1,0,0,138
2592126,0,1,1,0,1,0,138
2592212,0,1,1,0,1,0,138
2592353,0,1,1,0,1,0,138
2592653,1,1,1,1,1,0,138
2594942,1,0,1,0,0,0,138
2595488,1,0,1,0,0,0,138
2595555,0,1,1,0,1,0,138
2600533,1,0,0,1,1,0,138
2600619,1,1,0,0,0,0,138
2601195,0,1,1,0,1,0,138
2603869,1,0,1,0,0,0,138
2604359,0,0,1,1,0,0,138
2605111,0,0,1,1,0,0,138
2605290,0,0,1,1,0,0,138
2609861,1,1,0,0,0,0,138
2610615,1,1,0,0,0,0,138
2611594,0,1,1,0,1,0,138
2612590,1,1,1,1,1,0,138
2612806,0,1,1,0,1,0,138
2616491,1,0,0,1,1,0,138
2616520,1,1,0,0,0,0,138
2617793,1,1,1,1,1,0,138
2618225,1,1,0,0,0,0,138
2618817,1,1,0,0,0,0,138
2619702,0,0,0,0,1,0,138
2620236,0,0,1,1,0,0,138
2624124,0,0,0,0,1,0,129
2624407,0,0,1,1,0,0,129
2624513,0,1,0,1,0,0,129
2625215,1,1,0,0,0,0,129
2625764,0,0,0,0,1,0,129
2627272,0,0,1,1,0,0,129
2628918,0,0,0,0,1,0,129
2630043,0,0,0,0,1,0,129
2631654,1,1,1,1,1,0,129
2634402,0,0,0,0,1,0,129
2634964,0,1,1,0,1,0,129
2635734,1,0,1,0,0,0,129
2636347,1,0,1,0,0,0,129
2639182,1,0,1,0,0,0,129
2639274,0,0,0,0,1,0,129
2640211,0,0,0,0,1,0,129
2640616,0,1,1,0,1,0,129
2641955,0,1,1,0,1,0,129
2642370,0,0,1,1,0,0,129
2643152,1,1,1,1,1,0,129
2643290,0,1,1,0,1,0,129
2643315,0,0,1,1,0,0,129
2645901,0,0,0,0,1,0,129
2645951,1,0,0,1,1,0,129
2646593,0,0,0,0,1,0,129
2647059,0,0,0,0,1,0,129
2647650,1,1,1,1,1,0,129
2647950,0,0,1,1,0,0,129
2649191,0,0,1,1,0,0,129
2649586,0,0,1,1,0,0,129
2649695,0,1,1,0,1,0,129
2651124,0,1,0,1,0,0,129
2652082,1,1,0,0,0,0,129
2652541,1,0,1,0,0,0,129
2652789,0,1,1,0,1,0,129
2652929,0,1,1,0,1,0,129
2653054,1,0,1,0,0,0,129
2653197,0,1,1,1,1,1,129
2654290,0,1,1,0,1,0,129
2655294,0,1,1,0,1,0,129
2655499,1,1,0,0,0,0,129
2656655,0,1,0,1,0,0,129
2657997,0,0,0,0,1,0,129
2658462,1,1,1,1,1,0,129
2660339,0,0,1,1,0,0,129
2660738,0,0,1,1,0,0,129
2661339,1,0,1,0,0,0,129
2665338,0,0,1,1,0,0,129
2665529,0,0,0,0,1,0,129
2665782,0,1,0,1,0,0,129
2666627,0,1,0,1,0,0,129
2666735,1,1,1,1,1,0,129
2666738,1,0,0,1,1,0,129
2667205,1,1,0,0,0,0,129
2667350,1,1,0,0,0,0,129
2668868,1,0,1,1,0,0,129
2669236,1,1,0,0,0,0,129
2669909,0,0,1,1,0,0,129
2671830,1,0,0,1,1,0,129
2672341,0,1,0,1,0,0,129
2672366,1,0,0,1,1,0,129
2672738,0,1,0,1,0,0,129
2673120,1,1,0,0,0,0,129
2673788,0,0,1,1,0,0,129
2673791,0,1,0,1,0,0,129
2673856,0,1,1,0,1,0,129
2674755,1,0,0,1,1,0,129
2675238,1,0,0,1,1,0,129
2675975,1,0,0,1,1,0,129
2676189,0,1,0,1,0,0,129
2677981,1,0,0,1,1,0,129
2678913,1,1,0,0,0,0,129
2679874,0,0,0,0,1,0,129
2681063,1,0,1,0,0,0,129
2681345,0,1,1,0,1,0,129
2682262,0,1,1,0,1,0,129
2683420,0,1,1,0,1,0,129
2683468,0,0,0,0,1,0,129
2683798,0,1,0,1,0,0,129
2685177,1,0,1,0,0,0,129
2687096,0,1,1,0,1,0,116
2687697,0,0,1,1,0,0,116
2688239,1,1,1,1,1,0,116
2689563,1,1,0,0,0,0,116
2690726,1,1,0,0,0,0,116
2691330,1,1,1,1,1,0,116
2695334,0,0,1,1,0,0,116
2697171,0,1,1,0,1,0,116
2697198,0,0,1,0,0,0,116
2697433,1,0,0,1,1,0,116
2697723,1,0,1,0,0,0,116
2697930,1,1,0,0,0,0,116
2698123,0,1,0,1,0,0,116
2700071,0,1,0,1,0,0,116
2701190,1,1,1,1,1,0,116
2701791,0,1,0,1,0,0,116
2704411,0,1,0,1,0,0,116
2704977,0,1,1,0,1,0,116
2705111,0,0,0,0,1,0,116
2705429,0,1,1,0,1,0,116
2706679,1,0,0,1,1,0,116
2707649,1,0,0,1,1,0,116
2708839,0,0,1,1,0,0,116
2710532,0,1,0,1,0,0,116
2710831,0,0,0,0,1,0,116
2711612,1,1,0,0,0,0,116
2712020,1,1,1,1,1,0,116
2713414,1,0,1,0,0,0,116
2715449,1,1,0,0,0,0,116
2716511,1,0,0,1,1,0,116
2717397,1,0,1,0,0,0,116
2717684,1,0,0,1,1,0,116
2720002,0,1,1,0,1,0,116
2720201,1,1,0,0,0,0,116
2720520,1,1,0,0,0,0,116
2721480,0,1,0,1,0,0,116
2724479,0,0,0,0,1,0,116
2724570,1,0,0,1,1,0,116
2724795,1,0,0,0,1,1,116
2725029,1,1,1,1,1,0,116
2725213,1,1,1,1,1,0,116
2727527,0,1,1,0,1,0,116
2727962,1,1,1,1,1,0,116
2728429,1,1,1,1,1,0,116
2730722,0,1,1,0,1,0,116
2731060,1,1,1,1,1,0,116
2731324,0,0,0,0,1,0,116
2732808,0,0,1,1,0,0,116
2732949,0,0,1,1,0,0,116
2733129,0,0,1,1,0,0,116
2733696,1,1,0,0,0,0,116
2735299,0,0,1,1,0,0,116
2736818,1,0,0,1,1,0,116
2737566,0,0,0,0,1,0,116
2737758,1,0,0,1,1,0,116
2738652,1,0,1,0,0,0,116
2739402,1,0,1,0,0,0,116
2740275,0,1,1,0,1,0,116
2740829,1,1,1,1,1,0,116
2741119,1,0,1,0,0,0,116
2741265,0,1,0,1,0,0,116
2741330,1,1,0,0,0,0,116
2741795,0,1,1,0,1,0,116
2743323,0,1,0,1,0,0,116
2748096,0,0,0,0,1,0,116
2748342,1,0,1,0,0,0,116
2748354,0,1,1,0,1,0,116
2751149,1,0,1,0,0,0,116
2752277,0,1,0,1,0,0,116
2753987,1,0,1,0,0,0,112
2755542,0,0,0,0,1,0,112
2755825,0,1,0,1,0,0,112
2756854,0,0,0,0,1,0,112
2758395,1,1,0,0,0,0,112
2759282,0,0,1,1,0,0,112
2760146,0,0,0,0,1,0,112
2761416,0,0,0,0,1,0,112
2761706,1,0,0,1,1,0,112
2762783,1,0,0,1,1,0,112
2763788,1,1,1,1,1,0,112
2766307,1,1,0,0,0,0,112
2767569,1,0,0,1,1,0,112
2768905,0,0,1,1,0,0,112
2770808,1,1,1,1,1,0,112
2772846,1,0,1,0,0,0,112
2773276,1,0,1,0,0,0,112
2774474,1,0,1,0,0,0,112
2775191,0,1,0,1,0,0,112
2775368,1,0,1,0,0,0,112
2776095,0,1,1,0,1,0,112
2776891,0,0,1,0,0,0,112
2777060,0,0,1,1,0,0,112
2778445,1,0,0,1,1,0,112
2780165,1,1,0,0,0,0,112
2780451,1,0,1,0,0,0,112
2782658,1,0,0,1,1,0,112
2785308,0,1,1,0,1,0,112
2786207,0,1,1,0,1,0,112
2786994,1,0,0,1,1,0,112
2790770,0,0,1,1,0,0,112
2792441,0,0,1,1,0,0,112
2793195,0,0,0,0,1,0,112
2793792,1,1,0,1,0,0,112
2794217,1,0,0,1,1,0,112
2796392,1,0,1,0,0,0,112
2801196,0,0,0,0,1,0,112
2802423,0,0,1,1,0,0,112
2803233,1,1,0,0,0,0,112
2803527,1,1,0,0,0,0,112
2806379,0,1,1,0,1,0,112
2806430,0,0,0,0,1,0,112
2807074,1,1,1,1,1,0,112
2807096,0,0,1,1,0,0,112
2812339,1,1,0,0,0,0,112
2812728,1,0,0,1,1,0,112
2813552,1,0,1,0,0,0,112
2813839,0,0,0,0,1,0,112
2814005,0,0,1,1,0,0,112
2818007,0,1,0,1,0,0,112
2818393,0,0,1,1,0,0,85
2818768,1,0,0,1,1,0,85
2820012,1,1,0,0,0,0,85
2821033,0,0,0,0,1,0,85
2823905,1,0,1,0,0,0,85
2824962,1,0,1,0,0,0,85
2825041,1,0,1,0,0,0,85
2826259,0,1,1,0,1,0,85
2826564,0,0,1,1,0,0,85
2827662,1,1,0,0,0,0,85
2828440,1,1,0,0,0,0,85
2829277,1,1,1,1,1,0,85
2830202,1,1,0,0,0,0,85
2831337,0,0,0,0,1,0,85
2831354,0,0,1,1,0,0,85
2832222,0,1,1,0,1,0,85
2832818,1,1,1,1,1,0,85
2837405,1,1,1,1,1,0,85
2837487,1,1,1,1,1,0,85
2841714,1,1,0,0,0,0,85
2843842,0,0,1,1,0,0,85
2849762,1,0,0,1,1,0,85
2850504,1,1,1,1,1,0,85
2851101,0,1,0,1,0,0,85
2851105,1,1,1,1,1,0,85
2851669,1,1,1,1,1,0,85
2852497,1,1,0,0,0,0,85
2852752,1,0,0,1,1,0,85
2854325,0,0,1,1,0,0,85
2855549,1,1,0,0,0,0,85
2856406,1,1,1,1,1,0,85
2857321,0,1,0,0,0,0,85
2859021,1,1,1,1,1,0,85
2859148,1,1,0,0,0,0,85
2859563,0,0,0,0,1,0,85
2860898,1,1,1,1,1,0,85
2861043,0,1,0,1,0,0,85
2862758,1,0,1,0,0,0,85
2863154,0,1,1,0,1,0,85
2864423,0,1,0,1,0,0,85
2872095,0,0,1,0,0,0,85
2875622,0,1,0,1,0,0,85
2878422,0,1,1,0,1,0,85
2881320,0,1,1,0,1,0,85
2882094,0,0,1,1,0,0,85
2884778,0,0,1,1,0,0,122
2885036,1,1,1,1,1,0,122
2885784,1,1,1,1,1,0,122
2886157,1,0,0,1,1,0,122
2886635,1,1,1,1,1,0,122
2888130,0,0,1,1,0,0,122
2891491,1,1,1,1,1,0,122
2893312,1,0,0,1,1,0,122
2894565,0,0,1,1,0,0,122
2894577,0,1,0,1,0,0,122
2894711,0,0,1,0,0,0,122
2894932,0,1,1,0,1,0,122
2895175,0,0,1,1,0,0,122
2896177,0,1,1,0,1,0,122
2896836,1,0,1,0,0,0,122
2897813,1,0,1,0,0,0,122
2899088,1,0,0,1,1,0,122
2899316,1,0,0,1,1,0,122
2899873,1,0,1,0,0,0,122
2900001,0,0,0,0,1,0,122
2900082,0,0,0,0,1,0,122
2900388,1,0,1,0,0,0,122
2900973,1,1,1,1,1,0,122
2900975,0,1,1,0,1,0,122
2901030,1,1,0,0,0,0,122
2901990,0,1,0,1,0,0,122
2901998,1,0,1,0,0,0,122
2902648,0,0,1,1,0,0,122
2905055,0,0,0,0,1,0,122
2905178,1,0,1,0,0,0,122
2906272,1,1,0,0,0,0,122
2906692,0,1,0,1,0,0,122
2910147,0,0,1,1,0,0,122
2910855,1,1,0,0,0,0,122
2911163,0,0,1,1,0,0,122
2911300,1,1,0,0,0,0,122
2911610,0,0,1,1,0,0,122
2913395,0,1,0,1,0,0,122
2913480,0,0,0,0,1,0,122
2913827,0,1,1,0,1,0,122
2914794,0,1,0,1,0,0,122
2914931,0,1,1,0,1,0,122
2915413,0,1,1,0,1,0,122
2915643,1,0,0,1,1,0,122
2915878,1,0,1,0,0,0,122
2917323,1,0,1,0,0,0,122
2917422,1,0,0,1,1,0,122
2918438,0,1,1,0,1,0,122
2919183,0,0,0,0,1,0,122
2919758,0,0,0,0,1,0,122
2919784,0,0,1,1,0,0,122
2920740,1,0,0,1,1,0,122
2921190,1,0,1,0,0,0,122
2922688,1,1,1,1,1,0,122
2924176,1,1,0,0,0,0,122
2924624,0,0,1,1,0,0,122
2925040,0,1,0,1,0,0,122
2926719,1,0,1,0,0,0,122
2929798,0,0,0,0,1,0,122
2930633,1,0,0,1,1,0,122
2930753,0,0,1,1,0,0,122
2933381,1,0,1,0,0,0,122
2934101,1,0,1,0,0,0,122
2934294,0,0,0,0,1,0,122
2934569,0,1,0,1,0,0,122
2935003,0,1,0,1,0,0,122
2935771,1,0,0,1,1,0,122
2935861,1,0,0,1,1,0,122
2937019,0,1,0,1,0,0,122
2937344,0,0,0,0,1,0,122
2938197,0,0,1,1,0,0,122
2938831,1,1,0,0,0,0,122
2939565,0,0,0,0,1,0,122
2941683,1,1,0,0,0,0,122
2942528,0,1,1,0,1,0,122
2943023,0,0,1,1,0,0,122
2943165,1,0,1,0,0,0,122
2943502,0,0,0,0,1,0,122
2943973,1,0,1,0,0,0,122
2945653,1,0,0,1,1,0,122
2946714,1,0,0,1,1,0,122
2947842,0,0,0,0,1,0,122
2949298,0,1,1,0,1,0,199
2950445,0,0,1,1,0,0,199
2951052,0,0,1,1,0,0,199
2951074,1,1,0,0,0,0,199
2951187,1,1,1,0,1,1,199
2951585,0,0,1,1,0,0,199
2951616,1,1,0,0,0,0,199
2952646,1,1,0,0,0,0,199
2953327,0,0,0,0,1,0,199
2953341,0,1,0,1,0,0,199
2953539,0,1,1,0,1,0,199
2954183,0,0,1,1,0,0,199
2955172,0,0,1,1,0,0,199
2955424,1,1,1,1,1,0,199
2955473,1,0,1,0,0,0,199
2955572,1,0,0,1,1,0,199
2956526,0,1,1,0,1,0,199
2956644,0,0,0,0,1,0,199
2956662,0,1,1,0,1,0,199
2956924,1,0,0,1,1,0,199
2958544,0,1,0,1,0,0,199
2958952,0,0,1,1,0,0,199
2959169,1,1,1,1,1,0,199
2959243,1,1,1,0,1,1,199
2959438,0,0,0,0,1,0,199
2959824,1,0,0,1,1,0,199
2960121,1,1,0,0,0,0,199
2960458,0,0,0,0,1,0,199
2960833,0,0,0,0,1,0,199
2961190,1,1,1,1,1,0,199
2961251,1,1,0,0,0,0,199
2961776,0,1,0,1,0,0,199
2962599,0,1,1,0,1,0,199
2963093,0,0,1,1,0,0,199
2963204,0,0,1,1,0,0,199
2964613,1,0,1,0,0,0,199
2965095,1,1,1,1,1,0,199
2965694,0,0,1,1,0,0,199
2968339,0,0,0,0,1,0,199
2969224,0,1,0,1,0,0,199
2969478,0,1,1,0,1,0,199
2969514,0,0,0,0,1,0,199
2969759,0,1,0,1,0,0,199
2972486,1,0,1,0,0,0,199
2973085,0,1,1,0,1,0,199
2973510,0,1,0,1,0,0,199
2974284,0,0,1,1,0,0,199
2974576,1,0,0,1,1,0,199
2974710,1,0,1,0,0,0,199
2975368,1,1,1,1,1,0,199
2975448,1,0,0,1,1,0,199
2975797,0,1,0,0,0,0,199
2975949,0,0,1,1,0,0,199
2976381,0,1,0,1,0,0,199
2978303,0,0,0,0,1,0,199
2978660,1,0,0,1,1,0,199
2978764,0,0,0,0,1,0,199
2979031,0,0,0,0,1,0,199
2979568,0,0,0,0,1,0,199
2980117,0,0,1,1,0,0,199
2980230,0,0,1,1,0,0,199
2980315,1,0,0,1,1,0,199
2980582,1,1,0,0,0,0,199
2980835,0,1,0,1,0,0,199
2981036,0,1,0,1,0,0,199
2981376,1,1,1,1,1,0,199
2981881,0,1,1,0,1,0,199
2982299,0,1,0,1,0,0,199
2983661,0,1,0,1,0,0,199
2984030,0,0,0,0,1,0,199
2985006,0,1,0,1,0,0,199
2985257,0,1,0,1,0,0,199
2985718,1,0,0,1,1,0,199
2985922,0,0,0,0,1,0,199
2986214,1,0,1,0,0,0,199
2986795,0,0,0,0,1,0,199
2987427,0,1,1,0,1,0,199
2987751,1,1,1,1,1,0,199
2987982,0,1,0,1,0,0,199
2988286,1,0,0,0,1,1,199
2988299,1,0,0,1,1,0,199
2989695,1,0,1,0,0,0,199
2990013,0,1,0,1,0,0,199
2990476,0,1,0,1,0,0,199
2990688,0,1,0,1,0,0,199
2991064,1,1,0,0,0,0,199
2991601,1,0,0,1,1,0,199
2992713,1,1,1,1,1,0,199
2993722,0,0,0,0,1,0,199
2994249,0,1,0,1,0,0,199
2994791,0,1,0,1,0,0,199
2995262,1,1,0,0,0,0,199
2995378,0,1,1,0,1,0,199
2996318,1,0,1,1,0,0,199
2996477,0,0,1,1,0,0,199
2997048,0,1,0,1,0,0,199
2997314,1,1,0,0,0,0,199
2997482,1,1,1,1,1,0,199
2997560,0,0,1,1,0,0,199
2997906,1,0,1,0,0,0,199
2999754,1,0,1,0,0,0,199
2999972,1,0,0,1,1,0,199
3000043,0,1,1,0,1,0,199
3000091,0,1,0,1,0,0,199
3000697,0,0,1,1,0,0,199
3002065,0,1,0,1,0,0,199
3002235,0,1,0,1,0,0,199
3002422,1,1,0,0,0,0,199
3002920,0,1,0,1,0,0,199
3004584,1,1,1,1,1,0,199
3005092,1,1,0,0,0,0,199
3005343,0,1,1,0,1,0,199
3005987,1,0,1,0,0,0,199
3007455,0,1,0,1,0,0,199
3007903,0,1,1,0,1,0,199
3007986,0,1,0,1,0,0,199
3008091,1,0,0,1,1,0,199
3009180,0,1,0,1,0,0,199
3009933,0,1,1,0,1,0,199
3010874,0,0,1,1,0,0,199
3011186,0,0,0,0,1,0,199
3011229,0,0,0,0,1,0,199
3011722,0,1,1,0,1,0,199
3014260,1,0,1,0,0,0,199
3014291,1,0,1,0,0,0,199
3015997,0,0,0,0,1,0,126
3017597,1,1,0,0,0,0,126
3018218,0,1,1,0,1,0,126
3019133,1,1,1,1,1,0,126
3020910,1,0,1,0,0,0,126
3021515,1,1,0,0,0,0,126
3021725,1,0,1,0,0,0,126
3022889,1,1,1,1,1,0,126
3026232,0,1,0,0,0,0,126
3027859,1,1,0,0,0,0,126
3027880,1,0,0,1,1,0,126
3029063,0,1,1,0,1,0,126
3029094,0,1,1,0,1,0,126
3029262,1,1,1,1,1,0,126
3029892,0,0,1,1,0,0,126
3030691,0,0,1,1,0,0,126
3030959,1,1,1,1,1,0,126
3032268,0,0,0,0,1,0,126
3033533,0,1,0,1,0,0,126
3033893,1,1,1,1,1,0,126
3037788,0,0,0,0,1,0,126
3038726,0,1,0,1,0,0,126
3039269,0,1,0,1,0,0,126
3040741,1,0,0,1,1,0,126
3040939,0,1,0,1,0,0,126
3041417,1,1,1,1,1,0,126
3043103,0,1,0,1,0,0,126
3043937,1,0,0,1,1,0,126
3044948,0,1,0,1,0,0,126
3047299,1,0,0,1,1,0,126
3047397,0,1,1,0,1,0,126
3048773,0,1,1,0,1,0,126
3049353,0,1,1,0,1,0,126
3050517,0,0,0,0,1,0,126
3050690,0,1,0,1,0,0,126
3051546,0,1,1,0,1,0,126
3053782,1,1,1,1,1,0,126
3053913,0,0,0,0,1,0,126
3055202,1,1,0,0,0,0,126
3056027,0,0,0,0,1,0,126
3057306,1,1,1,1,1,0,126
3058209,1,0,1,0,0,0,126
3058212,0,0,1,1,0,0,126
3058717,1,1,0,0,0,0,126
3059147,1,0,0,1,1,0,126
3059887,1,1,1,1,1,0,126
3060431,0,0,1,1,0,0,126
3063126,1,0,0,1,1,0,126
3064048,1,1,1,1,1,0,126
3064225,0,0,1,1,0,0,126
3064565,1,0,0,1,1,0,126
3064730,1,1,0,0,0,0,126
3065476,0,1,0,1,0,0,126
3066171,1,0,0,1,1,0,126
3069159,0,1,1,0,1,0,126
3069582,0,1,1,0,1,0,126
3070174,0,1,0,1,0,0,126
3070850,0,1,1,0,1,0,126
3071236,1,0,0,1,1,0,126
3073908,1,1,0,0,0,0,126
3074278,1,1,0,0,0,0,126
3075769,0,1,0,1,0,0,126
3076733,1,1,0,0,0,0,126
3077637,1,1,0,0,0,0,126
3078158,0,1,0,0,0,0,126
3078166,1,0,0,1,1,0,126
3078303,1,1,1,1,1,0,126
3078987,1,1,0,0,0,0,126
3079141,1,1,1,1,1,0,126
3079259,0,1,0,1,0,0,126
3079305,1,1,1,1,1,0,126
3079355,1,0,0,1,1,0,126
3079790,0,0,1,1,0,0,126
3080842,0,0,0,0,1,0,112
3080869,1,1,0,0,0,0,112
3081496,0,1,1,0,1,0,112
3083248,1,0,0,1,1,0,112
3083745,0,0,1,1,0,0,112
3084217,1,1,1,1,1,0,112
3084500,1,1,1,1,1,0,112
3085415,0,0,0,0,1,0,112
3085764,0,1,1,0,1,0,112
3087329,1,0,0,1,1,0,112
3088874,1,1,0,0,0,0,112
3089035,1,1,0,0,0,0,112
3090226,1,1,0,0,0,0,112
3090990,1,1,1,1,1,0,112
3091977,1,0,0,1,1,0,112
3093326,1,1,0,0,0,0,112
3095885,0,1,1,0,1,0,112
3095962,0,1,0,1,0,0,112
3097786,1,0,1,0,0,0,112
3099937,0,1,0,1,0,0,112
3100145,1,0,0,1,1,0,112
3102927,0,1,0,1,0,0,112
3103776,1,1,1,1,1,0,112
3106307,0,1,0,1,0,0,112
3106955,1,1,0,0,0,0,112
3107700,1,0,1,0,0,0,112
3110982,1,1,1,1,1,0,112
3114065,0,0,1,1,0,0,112
3115235,0,0,1,1,0,0,112
3117067,1,0,1,0,0,0,112
3119817,1,0,0,1,1,0,112
3122170,0,0,0,0,1,0,112
3123844,1,0,0,1,1,0,112
3124672,1,1,1,1,1,0,112
3125039,0,1,1,0,1,0,112
3125576,0,0,1,1,0,0,112
3127792,0,0,1,1,0,0,112
3128029,0,0,1,1,0,0,112
3128134,1,1,1,1,1,0,112
3129508,1,0,1,0,0,0,112
3130040,1,1,1,1,1,0,112
3130982,1,0,0,1,1,0,112
3131597,0,1,0,1,0,0,112
3131874,1,0,1,0,0,0,112
3132445,0,0,1,1,0,0,112
3133636,1,0,0,1,1,0,112
3135297,0,1,1,0,1,0,112
3135430,0,0,1,1,0,0,112
3136552,0,1,1,0,1,0,112
3136872,1,0,0,1,1,0,112
3138028,1,0,1,0,0,0,112
3141629,1,0,0,0,1,1,112
3142237,1,0,0,1,1,0,112
3142270,1,0,0,1,1,0,112
3148436,1,1,1,1,1,0,96
3149128,1,1,1,1,1,0,96
3149367,1,1,1,1,1,0,96
3149713,0,0,1,1,0,0,96
3151392,1,1,1,1,1,0,96
3151904,0,0,0,0,1,0,96
3155244,1,1,1,1,1,0,96
3157717,1,1,1,1,1,0,96
3160704,0,1,0,1,0,0,96
3162463,1,0,1,0,0,0,96
3164350,1,1,1,1,1,0,96
3164457,0,0,0,0,1,0,96
3166647,1,1,0,0,0,0,96
3167733,0,1,1,0,1,0,96
3170191,1,0,1,1,0,0,96
3171801,0,0,0,0,1,0,96
3172113,0,1,0,1,0,0,96
3172574,1,0,1,0,0,0,96
3172900,1,0,0,1,1,0,96
3176309,0,1,1,0,1,0,96
3176907,0,0,0,0,1,0,96
3177940,0,1,0,1,0,0,96
3179005,0,1,1,0,1,0,96
3180974,0,0,1,1,0,0,96
3181930,0,0,1,0,0,0,96
3185134,0,1,1,0,1,0,96
3185160,1,0,0,0,1,1,96
3185648,0,0,1,1,0,0,96
3185860,1,1,0,0,0,0,96
3186107,0,0,1,1,0,0,96
3187929,0,1,1,0,1,0,96
3188827,0,0,0,0,1,0,96
3190718,1,1,1,1,1,0,96
3192077,1,1,0,0,0,0,96
3194724,1,1,0,0,0,0,96
3195806,0,0,1,1,0,0,96
3196572,0,0,0,0,1,0,96
3197841,0,1,0,1,0,0,96
3198304,0,0,1,1,0,0,96
3198642,1,1,1,1,1,0,96
3199130,1,0,0,1,1,0,96
3199365,1,0,0,1,1,0,96
3203246,0,0,1,1,0,0,96
3204417,1,0,1,0,0,0,96
3206347,1,0,1,0,0,0,96
3207701,1,0,0,1,1,0,96
3208435,1,1,0,0,0,0,96
3209368,0,1,0,1,0,0,96
3210261,0,0,1,1,0,0,96
3210631,1,1,0,0,0,0,96
3212957,0,1,1,0,1,0,89
3213826,1,0,0,1,1,0,89
3216022,1,1,1,1,1,0,89
3216157,0,1,1,0,1,0,89
3217825,1,1,0,0,0,0,89
3218402,1,0,0,1,1,0,89
3220598,0,1,0,1,0,0,89
3224112,0,0,1,1,0,0,89
3227143,0,1,1,0,1,0,89
3228641,0,1,1,0,1,0,89
3229418,0,1,1,0,1,0,89
3229593,0,0,0,0,1,0,89
3231259,1,0,1,0,0,0,89
3234116,0,1,1,0,1,0,89
3234629,0,0,1,1,0,0,89
3236479,1,1,1,1,1,0,89
3237314,0,0,1,1,0,0,89
3239797,0,0,1,1,0,0,89
3240078,1,1,0,0,0,0,89
3241741,0,1,0,1,0,0,89
3243047,1,0,0,1,1,0,89
3243138,1,0,0,1,1,0,89
3245461,1,0,0,1,1,0,89
3245654,0,0,0,0,1,0,89
3245918,1,1,1,1,1,0,89
3246213,0,0,0,0,1,0,89
3246916,0,0,1,1,0,0,89
3247566,1,1,0,0,0,0,89
3249700,1,1,0,0,0,0,89
3249782,1,1,0,0,0,0,89
3249855,1,1,0,0,0,0,89
3250064,1,0,0,1,1,0,89
3250280,0,1,0,1,0,0,89
3251080,1,1,1,1,1,0,89
3252549,1,0,0,1,1,0,89
3252984,0,1,0,1,0,0,89
3253095,0,1,0,1,0,0,89
3254638,1,0,1,0,0,0,89
3254677,1,0,1,0,0,0,89
3255359,1,0,1,0,0,0,89
3255386,1,0,0,1,1,0,89
3255838,1,0,1,0,0,0,89
3257256,1,0,0,1,1,0,89
3257287,0,0,0,0,1,0,89
3261565,0,1,1,0,1,0,89
3262565,0,0,0,0,1,0,89
3264408,1,0,0,1,1,0,89
3264574,1,0,1,0,0,0,89
3265491,0,0,1,1,0,0,89
3268273,1,0,1,0,0,0,89
3269829,1,0,0,1,1,0,89
3269944,0,0,1,1,0,0,89
3271226,0,0,0,0,1,0,89
3271909,1,1,0,0,0,0,89
3272735,1,0,1,0,0,0,89
3277254,0,1,1,0,1,0,138
3278012,0,1,0,1,0,0,138
3278426,0,0,1,1,0,0,138
3278500,1,0,1,0,0,0,138
3279160,1,0,0,1,1,0,138
3279562,1,0,0,1,1,0,138
3280906,0,0,0,0,1,0,138
3281352,1,0,0,1,1,0,138
3281925,1,1,0,0,0,0,138
3282176,1,0,0,1,1,0,138
3282831,0,0,0,0,1,0,138
3283402,0,0,1,1,0,0,138
3283459,1,0,1,0,0,0,138
3283470,0,1,0,1,0,0,138
3284073,1,0,0,1,1,0,138
3285392,0,1,1,0,1,0,138
3285623,1,1,1,1,1,0,138
3285898,1,1,1,1,1,0,138
3286801,0,1,1,0,1,0,138
3288097,1,1,0,0,0,0,138
3290708,1,1,0,0,0,0,138
3290812,0,1,0,1,0,0,138
3291605,1,1,1,1,1,0,138
3292092,1,1,1,1,1,0,138
3293292,1,0,0,1,1,0,138
3293645,0,1,0,1,0,0,138
3294237,0,1,0,1,0,0,138
3295159,1,0,1,0,0,0,138
3296121,1,0,1,0,0,0,138
3298331,0,0,1,1,0,0,138
3298385,1,1,0,0,0,0,138
3300280,0,0,1,1,0,0,138
3301405,0,1,1,0,1,0,138
3304013,1,0,0,1,1,0,138
3304455,0,1,1,0,1,0,138
3304769,1,0,0,1,1,0,138
3305763,0,1,0,1,0,0,138
3306074,1,1,1,1,1,0,138
3307315,1,0,0,1,1,0,138
3307753,1,1,1,1,1,0,138
3309449,0,0,1,1,0,0,138
3309544,1,0,1,0,0,0,138
3310245,1,1,0,0,0,0,138
3311019,1,1,0,0,0,0,138
3311474,1,0,0,1,1,0,138
3311724,0,1,0,1,0,0,138
3312003,1,0,1,0,0,0,138
3313460,0,1,1,0,1,0,138
3313736,0,1,0,1,0,0,138
3313871,1,0,0,1,1,0,138
3315182,1,1,0,0,0,0,138
3316218,0,0,1,1,0,0,138
3317135,0,1,1,0,1,0,138
3319058,0,1,0,1,0,0,138
3319600,0,0,0,0,1,0,138
3320480,1,1,1,1,1,0,138
3321149,1,0,1,0,0,0,138
3321794,1,1,1,1,1,0,138
3322671,1,0,1,0,0,0,138
3322750,0,0,0,0,1,0,138
3323583,1,1,1,1,1,0,138
3323995,1,0,1,0,0,0,138
3325481,0,1,0,1,0,0,138
3325673,0,0,1,1,0,0,138
3326686,0,1,1,0,1,0,138
3327666,1,0,1,1,0,0,138
3327712,0,0,1,1,0,0,138
3329370,0,1,0,1,0,0,138
3330072,0,0,1,1,0,0,138
3330323,1,0,0,1,1,0,138
3330377,1,0,0,1,1,0,138
3330540,0,0,0,0,1,0,138
3331223,1,0,0,1,1,0,138
3331301,1,1,0,0,0,0,138
3333830,0,1,1,0,1,0,138
3334707,0,0,1,1,0,0,138
3335257,1,0,1,0,0,0,138
3335464,0,0,1,1,0,0,138
3335470,1,0,1,0,0,0,138
3336051,1,1,0,0,0,0,138
3336538,1,1,0,0,0,0,138
3336674,0,1,1,0,1,0,138
3337004,1,0,0,1,1,0,138
3338626,0,0,0,0,1,0,138
3339469,1,0,1,0,0,0,138
3339637,0,1,0,1,0,0,138
3339673,1,1,0,0,0,0,138
3339801,0,0,1,1,0,0,138
3340806,0,0,1,1,0,0,138
3341006,0,1,1,0,1,0,138
3341558,0,0,1,1,0,0,138
3341955,1,1,0,0,0,0,138
3342498,0,1,0,1,0,0,70
3343254,0,0,0,0,1,0,70
3343871,0,1,0,1,0,0,70
3346507,0,0,0,0,1,0,70
3348020,0,1,0,1,0,0,70
3350382,1,1,1,1,1,0,70
3350994,1,0,0,1,1,0,70
3351707,1,1,1,1,1,0,70
3351918,1,0,0,1,1,0,70
3352384,0,0,1,1,0,0,70
3353866,1,1,1,1,1,0,70
3355894,1,0,1,0,0,0,70
3358359,1,1,0,0,0,0,70
3360126,0,0,0,0,1,0,70
3360624,1,0,1,0,0,0,70
3363061,1,0,0,1,1,0,70
3363870,0,0,0,0,1,0,70
3365137,0,0,0,0,1,0,70
3365541,0,0,1,1,0,0,70
3368909,1,0,1,0,0,0,70
3369967,1,0,1,0,0,0,70
3373827,1,0,0,1,1,0,70
3374258,1,0,0,1,1,0,70
3375267,1,0,1,0,0,0,70
3376171,1,0,0,1,1,0,70
3378357,0,1,1,0,1,0,70
3378658,1,1,1,0,1,1,70
3380136,1,1,1,1,1,0,70
3382251,1,1,1,1,1,0,70
3382527,0,1,1,0,1,0,70
3383065,1,1,1,1,1,0,70
3383655,1,1,1,1,1,0,70
3387876,0,1,1,0,1,0,70
3389218,1,1,1,1,1,0,70
3389466,1,1,0,0,0,0,70
3390971,0,1,1,0,1,0,70
3391537,0,0,0,0,1,0,70
3393122,1,0,0,1,1,0,70
3396727,0,1,0,1,0,0,70
3397927,1,0,0,1,1,0,70
3400174,0,1,1,0,1,0,70
3402447,0,1,1,0,1,0,70
3402759,0,1,0,1,0,0,70
3402970,0,0,0,0,1,0,70
3403440,1,0,1,0,0,0,70
3404353,0,0,0,0,1,0,70
3408815,0,0,0,0,1,0,114
3410544,0,0,1,1,0,0,114
3410599,0,1,1,0,1,0,114
3411260,0,0,0,0,1,0,114
3411460,1,0,0,1,1,0,114
3412212,0,0,0,0,1,0,114
3413576,0,1,1,0,1,0,114
3413640,0,1,1,0,1,0,114
3414127,0,0,0,0,1,0,114
3415155,1,0,1,0,0,0,114
3415713,0,1,0,1,0,0,114
3415784,0,0,1,1,0,0,114
3415898,1,0,0,1,1,0,114
3418726,1,1,1,1,1,0,114
3419308,1,0,1,0,0,0,114
3419614,1,0,0,1,1,0,114
3419719,1,1,0,0,0,0,114
3421691,1,1,0,0,0,0,114
3422749,1,0,1,0,0,0,114
3422838,1,1,0,0,0,0,114
3423816,0,1,1,0,1,0,114
3425820,1,0,1,0,0,0,114
3427086,1,1,1,1,1,0,114
3427379,1,1,1,1,1,0,114
3428550,1,0,1,0,0,0,114
3429061,1,0,0,1,1,0,114
3430252,1,1,1,0,1,1,114
3433125,1,0,0,1,1,0,114
3433659,1,0,0,1,1,0,114
3434186,1,0,0,1,1,0,114
3435283,1,1,1,1,1,0,114
3436906,0,0,1,1,0,0,114
3438250,0,1,0,1,0,0,114
3439827,1,0,1,0,0,0,114
3440728,1,1,1,1,1,0,114
3441928,1,0,1,0,0,0,114
3441930,0,0,0,0,1,0,114
3442319,0,0,1,1,0,0,114
3442381,1,0,1,0,0,0,114
3443195,1,1,1,1,1,0,114
3445505,1,0,1,0,0,0,114
3446597,0,1,0,1,0,0,114
3447274,1,1,1,1,1,0,114
3447767,1,1,1,1,1,0,114
3448639,1,1,1,1,1,0,114
3448773,1,0,0,1,1,0,114
3450466,0,0,0,0,1,0,114
3450507,1,0,1,0,0,0,114
3452258,0,1,1,0,1,0,114
3452696,1,1,1,1,1,0,114
3453151,1,1,0,0,0,0,114
3454159,1,1,1,1,1,0,114
3455198,1,1,0,0,0,0,114
3455672,1,0,1,0,0,0,114
3455874,1,1,0,0,0,0,114
3455962,1,0,0,1,1,0,114
3456331,1,0,1,0,0,0,114
3457077,0,0,0,1,1,1,114
3457888,0,1,0,1,0,0,114
3458009,1,1,1,1,1,0,114
3458388,1,0,1,0,0,0,114
3458660,1,1,1,1,1,0,114
3459337,1,1,0,0,0,0,114
3460356,1,0,0,1,1,0,114
3461087,1,0,0,1,1,0,114
3462459,1,0,0,1,1,0,114
3463379,0,0,0,0,1,0,114
3464447,1,0,0,1,1,0,114
3466421,1,0,0,1,1,0,114
3466844,1,1,1,1,1,0,114
3467399,0,0,1,1,0,0,114
3468818,0,1,0,1,0,0,114
3470427,1,0,1,0,0,0,114
3470521,0,0,1,1,0,0,114
3471861,1,0,1,0,0,0,114
3472155,0,0,0,0,1,0,114
3472888,0,1,0,1,0,0,114
3473217,0,1,0,1,0,0,114
3473379,0,1,0,1,0,0,114
3473790,1,1,1,1,1,0,212
3476304,0,0,0,0,1,0,212
3476575,0,0,1,1,0,0,212
3477484,1,1,1,1,1,0,212
3477575,0,0,1,1,0,0,212
3477858,1,1,0,0,0,0,212
3478154,1,1,1,1,1,0,212
3478751,1,0,1,0,0,0,212
3478891,1,0,1,0,0,0,212
3479669,0,1,1,0,1,0,212
3479870,0,1,0,1,0,0,212
3479948,0,1,1,0,1,0,212
3480353,1,1,0,0,0,0,212
3480674,0,1,0,1,0,0,212
3481318,1,1,1,1,1,0,212
3481416,0,0,1,1,0,0,212
3481829,1,1,0,0,0,0,212
3482346,1,0,1,0,0,0,212
3482941,0,0,1,1,0,0,212
3483298,1,0,0,1,1,0,212
3483513,0,1,0,1,0,0,212
3483812,0,1,1,1,1,1,212
3484288,0,1,1,0,1,0,212
3484596,0,0,1,1,0,0,212
3484783,0,1,1,0,1,0,212
3485120,0,0,1,1,0,0,212
3485219,0,0,0,0,1,0,212
3485796,1,0,1,0,0,0,212
3486160,1,0,1,1,0,0,212
3486335,1,0,1,0,0,0,212
3486530,1,0,0,1,1,0,212
3487043,1,0,0,1,1,0,212
3487487,0,0,0,0,1,0,212
3487546,0,0,1,1,0,0,212
3488403,0,0,1,1,0,0,212
3489372,1,0,1,0,0,0,212
3489498,1,1,1,1,1,0,212
3489581,0,1,0,1,0,0,212
3489928,1,0,0,1,1,0,212
3491325,1,0,0,1,1,0,212
3491439,1,0,0,1,1,0,212
3491584,0,1,0,1,0,0,212
3493261,1,1,0,0,0,0,212
3493493,0,1,1,0,1,0,212
3496363,1,1,1,1,1,0,212
3496732,1,0,0,1,1,0,212
3496783,0,0,0,0,1,0,212
3497238,1,1,0,0,0,0,212
3497428,0,0,1,1,0,0,212
3497724,0,1,1,0,1,0,212
3498031,1,0,0,1,1,0,212
3498501,1,0,0,1,1,0,212
3498666,1,1,1,1,1,0,212
3499210,1,1,0,0,0,0,212
3499223,1,1,0,0,0,0,212
3499670,0,0,1,1,0,0,212
3500418,1,1,1,1,1,0,212
3501061,1,1,0,0,0,0,212
3501115,0,1,0,1,0,0,212
3501330,1,1,1,1,1,0,212
3501365,0,1,1,0,1,0,212
3501721,0,1,0,1,0,0,212
3502381,1,1,1,1,1,0,212
3502563,0,1,0,1,0,0,212
3502733,1,1,0,0,0,0,212
3502905,0,1,1,0,1,0,212
3503228,1,0,1,1,0,0,212
3503427,0,0,0,0,1,0,212
3503874,1,0,1,0,0,0,212
3503969,1,0,0,1,1,0,212
3504193,0,1,0,1,0,0,212
3504428,0,0,0,0,1,0,212
3504521,0,1,0,1,0,0,212
3504815,1,1,1,1,1,0,212
3505169,1,0,1,0,0,0,212
3505265,0,0,0,0,1,0,212
3506299,0,1,1,0,1,0,212
3506896,0,0,1,1,0,0,212
3507042,0,1,0,1,0,0,212
3507536,0,0,0,0,1,0,212
3508476,1,0,1,0,0,0,212
3508684,1,0,0,1,1,0,212
3509652,0,1,0,1,0,0,212
3510367,0,1,0,1,0,0,212
3510521,1,1,1,1,1,0,212
3510594,0,0,1,1,0,0,212
3511117,1,1,1,1,1,0,212
3511460,0,0,1,1,0,0,212
3512036,1,0,0,1,1,0,212
3512928,0,1,1,0,1,0,212
3513479,1,1,0,0,0,0,212
3514054,0,1,0,1,0,0,212
3514259,1,1,0,0,0,0,212
3515032,1,1,1,1,1,0,212
3515154,1,1,0,0,0,0,212
3515756,0,0,0,0,1,0,212
3516056,1,1,1,1,1,0,212
3516226,1,1,1,1,1,0,212
3517618,0,0,1,1,0,0,212
3517664,0,1,1,0,1,0,212
3517939,0,0,1,1,0,0,212
3518839,0,0,0,0,1,0,212
3519121,0,0,1,1,0,0,212
3519206,0,1,0,1,0,0,212
3520375,0,0,1,1,0,0,212
3520470,1,0,1,0,0,0,212
3520933,1,0,1,0,0,0,212
3521656,0,0,0,0,1,0,212
3522400,1,1,1,1,1,0,212
3522667,1,1,0,0,0,0,212
3522751,1,1,0,0,0,0,212
3523296,1,0,0,1,1,0,212
3523469,0,0,0,0,1,0,212
3523510,0,0,1,1,0,0,212
3523870,0,0,0,0,1,0,212
3523964,1,1,1,1,1,0,212
3525053,0,0,1,1,0,0,212
3525062,0,1,1,0,1,0,212
3525098,0,0,1,1,0,0,212
3525157,1,1,0,0,0,0,212
3525362,0,0,0,0,1,0,212
3526271,1,0,0,1,1,0,212
3527174,0,1,0,1,0,0,212
3527229,0,1,0,1,0,0,212
3527367,0,1,0,1,0,0,212
3527411,0,0,1,1,0,0,212
3527584,0,0,0,0,1,0,212
3527702,1,1,1,1,1,0,212
3528181,0,0,1,1,0,0,212
3528987,1,0,0,1,1,0,212
3529515,0,1,0,1,0,0,212
3529992,0,1,1,0,1,0,212
3530702,0,0,0,0,1,0,212
3530726,1,1,1,1,1,0,212
3530734,1,0,0,1,1,0,212
3531070,1,0,0,1,1,0,212
3531356,0,1,0,1,0,0,212
3531851,0,0,1,1,0,0,212
3531951,1,0,1,0,0,0,212
3531990,1,0,1,0,0,0,212
3534909,0,1,0,1,0,0,212
3536029,0,0,0,0,1,0,212
3536282,0,1,0,1,0,0,212
3537056,0,1,0,1,0,0,212
3537732,0,1,0,1,0,0,212
3537733,0,0,1,0,0,0,212
3537884,1,0,0,1,1,0,212
3538387,1,0,0,1,1,0,212
3538579,1,1,1,1,1,0,212
3538748,0,0,0,0,1,0,212
3539734,1,0,0,1,1,0,88
3542750,0,0,0,0,1,0,88
3542970,0,1,1,0,1,0,88
3543390,1,1,1,1,1,0,88
3543894,0,0,1,1,0,0,88
3544421,1,1,1,1,1,0,88
3545954,0,1,0,1,0,0,88
3546756,1,1,1,1,1,0,88
3546837,0,0,0,0,1,0,88
3547193,1,1,0,0,0,0,88
3547423,0,1,1,0,1,0,88
3547575,1,0,0,1,1,0,88
3548240,0,0,0,0,1,0,88
3548420,1,0,1,0,0,0,88
3550736,1,0,0,1,1,0,88
3552946,0,0,0,0,1,0,88
3554063,0,0,0,0,1,0,88
3554972,1,1,0,0,0,0,88
3555382,1,1,0,0,0,0,88
3562102,0,1,0,1,0,0,88
3563410,1,0,1,0,0,0,88
3563601,1,0,1,0,0,0,88
3564206,0,1,1,1,1,1,88
3565175,1,0,0,1,1,0,88
3566197,0,1,0,1,0,0,88
3566833,0,0,0,0,1,0,88
3568741,0,0,1,1,0,0,88
3570150,0,0,1,1,0,0,88
3570664,0,1,1,0,1,0,88
3571798,0,1,0,1,0,0,88
3573122,1,0,1,0,0,0,88
3573781,0,1,0,1,0,0,88
3576054,1,1,1,1,1,0,88
3576169,0,1,0,1,0,0,88
3577375,0,1,0,1,0,0,88
3579498,1,1,1,0,1,1,88
3584066,1,0,1,0,0,0,88
3584679,1,0,0,1,1,0,88
3585682,1,0,0,1,1,0,88
3586973,1,0,1,0,0,0,88
3587670,0,0,1,1,0,0,88
3588572,1,0,0,1,1,0,88
3590411,0,0,0,0,1,0,88
3590862,0,1,0,1,0,0,88
3593133,1,0,1,0,0,0,88
3595822,0,0,0,0,1,0,88
3598533,1,1,0,0,0,0,88
3598641,0,1,1,0,1,0,88
3599130,1,0,1,0,0,0,88
3600276,1,1,0,0,0,0,88
3600995,1,0,1,0,0,0,88
3601447,0,0,1,1,0,0,88
3601752,1,1,1,1,1,0,88
3602084,1,1,1,1,1,0,88
3604640,1,0,0,1,1,0,128
3604910,0,1,0,1,0,0,128
3605021,0,1,0,1,0,0,128
3605350,1,1,0,0,0,0,128
3606593,1,1,0,0,0,0,128
3606803,1,1,1,1,1,0,128
3607835,1,1,1,1,1,0,128
3609811,1,1,0,0,0,0,128
3610613,0,0,1,1,0,0,128
3610885,1,0,1,0,0,0,128
3612518,0,0,0,0,1,0,128
3614192,1,1,0,0,0,0,128
3614679,0,0,1,1,0,0,128
3617085,1,0,0,1,1,0,128
3617712,1,0,1,0,0,0,128
3617951,1,0,1,0,0,0,128
3618180,0,1,0,1,0,0,128
3618399,1,0,1,0,0,0,128
3619332,0,1,0,1,0,0,128
3619783,0,0,1,1,0,0,128
3620085,0,0,1,1,0,0,128
3621242,1,0,0,1,1,0,128
3621671,0,0,0,1,1,1,128
3621961,0,1,1,0,1,0,128
3622157,0,0,0,0,1,0,128
3623013,1,0,0,1,1,0,128
3623835,0,1,0,1,0,0,128
3625675,1,0,1,0,0,0,128
3627065,1,0,1,0,0,0,128
3628054,1,0,0,1,1,0,128
3629205,0,1,1,0,1,0,128
3629258,0,1,0,1,0,0,128
3629671,1,0,1,0,0,0,128
3632515,0,0,1,1,0,0,128
3633290,0,1,0,1,0,0,128
3633462,0,1,0,1,0,0,128
3634196,0,1,0,1,0,0,128
3635600,1,1,1,1,1,0,128
3635624,1,0,1,0,0,0,128
3639105,1,0,1,0,0,0,128
3640703,1,1,1,1,1,0,128
3641553,0,0,0,0,1,0,128
3641654,1,0,0,1,1,0,128
3641832,1,0,1,0,0,0,128
3642522,0,1,0,1,0,0,128
3644753,1,0,1,0,0,0,128
3645875,0,1,1,0,1,0,128
3645986,1,1,1,1,1,0,128
3646868,1,1,0,0,0,0,128
3648619,0,1,1,0,1,0,128
3649394,0,1,1,0,1,0,128
3649887,1,0,1,1,0,0,128
3652125,0,1,1,0,1,0,128
3652738,1,0,1,0,0,0,128
3653190,1,0,0,1,1,0,128
3653439,0,0,1,1,0,0,128
3653833,1,1,0,0,0,0,128
3655386,1,0,0,1,1,0,128
3655606,1,1,0,0,0,0,128
3656348,0,0,1,1,0,0,128
3656436,1,1,1,1,1,0,128
3656647,0,1,0,1,0,0,128
3656819,1,0,0,1,1,0,128
3657012,1,0,0,1,1,0,128
3657867,1,0,1,0,0,0,128
3658397,0,1,0,1,0,0,128
3659248,0,0,0,0,1,0,128
3659739,0,1,1,0,1,0,128
3660005,1,0,1,0,0,0,128
3660988,0,1,0,1,0,0,128
3662537,1,0,1,0,0,0,128
3663847,0,1,0,1,0,0,128
3663893,1,0,1,0,0,0,128
3664291,1,0,0,1,1,0,128
3664501,1,0,0,1,1,0,128
3665240,0,0,0,0,1,0,128
3666494,1,1,1,1,1,0,128
3667969,1,0,1,0,0,0,128
3668779,0,0,0,0,1,0,128
3669838,0,1,0,1,0,0,128
3670647,1,0,1,0,0,0,144
3670968,1,1,1,1,1,0,144
3671153,1,0,1,0,0,0,144
3672572,0,0,0,0,1,0,144
3672975,1,1,0,0,0,0,144
3674077,1,1,1,1,1,0,144
3674402,0,1,0,1,0,0,144
3675806,1,0,1,0,0,0,144
3676227,1,0,1,0,0,0,144
3677355,1,1,0,1,0,0,144
3678393,0,0,1,1,0,0,144
3678860,0,0,1,1,0,0,144
3679386,0,0,1,1,0,0,144
3680153,0,1,0,1,0,0,144
3682334,1,1,0,0,0,0,144
3682409,1,0,0,1,1,0,144
3682680,1,1,1,1,1,0,144
3682803,1,0,0,1,1,0,144
3684472,0,0,0,0,1,0,144
3684779,1,1,0,0,0,0,144
3685882,1,1,0,0,0,0,144
3686024,1,1,0,0,0,0,144
3686919,1,0,1,0,0,0,144
3687371,1,0,0,1,1,0,144
3687629,0,1,0,1,0,0,144
3688009,0,1,1,0,1,0,144
3689644,1,1,1,1,1,0,144
3689992,1,1,0,0,0,0,144
3690617,1,0,1,0,0,0,144
3691426,1,0,0,1,1,0,144
3691834,0,0,0,0,1,0,144
3692724,0,1,1,0,1,0,144
3692789,0,0,0,0,1,0,144
3692885,0,1,0,1,0,0,144
3693231,1,0,0,1,1,0,144
3694403,1,0,1,0,0,0,144
3696029,1,0,0,1,1,0,144
3696158,1,0,1,0,0,0,144
3696424,1,0,0,1,1,0,144
3697116,0,1,0,1,0,0,144
3697871,1,0,1,0,0,0,144
3700552,0,1,1,0,1,0,144
3701901,1,0,0,1,1,0,144
3702919,1,0,1,0,0,0,144
3703031,1,1,1,1,1,0,144
3703437,0,0,0,0,1,0,144
3703496,1,1,1,1,1,0,144
3703783,1,1,0,0,0,0,144
3703973,1,1,1,1,1,0,144
3704101,0,1,1,0,1,0,144
3704726,0,1,0,1,0,0,144
3704824,1,0,1,0,0,0,144
3705975,1,0,1,0,0,0,144
3706382,0,1,0,1,0,0,144
3706924,1,0,0,1,1,0,144
3706970,0,0,0,0,1,0,144
3707167,0,1,0,1,0,0,144
3708902,1,0,1,0,0,0,144
3709570,0,0,1,1,0,0,144
3709687,1,1,1,1,1,0,144
3709742,0,1,0,1,0,0,144
3710302,1,1,1,1,1,0,144
3710911,0,0,1,1,0,0,144
3711635,0,0,0,0,1,0,144
3711936,1,0,1,0,0,0,144
3712251,1,1,0,0,0,0,144
3713999,0,0,0,0,1,0,144
3715305,0,1,1,0,1,0,144
3716110,0,0,0,0,1,0,144
3716566,1,0,1,0,0,0,144
3716719,1,0,0,1,1,0,144
3716747,1,1,1,1,1,0,144
3718002,0,1,0,1,0,0,144
3718123,0,1,1,0,1,0,144
3718477,0,0,0,0,1,0,144
3718974,0,1,1,0,1,0,144
3719244,1,1,0,0,0,0,144
3720211,0,1,0,1,0,0,144
3721310,1,1,1,1,1,0,144
3721459,0,0,1,1,0,0,144
3722111,0,0,0,0,1,0,144
3722699,0,0,0,0,1,0,144
3722786,1,0,1,0,0,0,144
3723578,1,0,0,1,1,0,144
3723660,0,0,1,1,0,0,144
3723844,1,1,0,0,0,0,144
3725534,0,1,1,0,1,0,144
3726544,0,1,0,1,0,0,144
3728630,0,1,0,1,0,0,144
3728831,1,1,0,0,0,0,144
3730035,0,1,1,0,1,0,144
3734012,0,0,0,0,1,0,144
3735575,1,0,0,1,1,0,145
3736272,0,1,0,1,0,0,145
3737565,0,1,1,1,1,1,145
3737930,1,0,0,1,1,0,145
3738637,1,1,0,0,0,0,145
3739206,1,0,0,1,1,0,145
3739518,1,0,1,0,0,0,145
3739855,1,0,0,1,1,0,145
3740278,0,1,1,0,1,0,145
3740842,1,0,0,1,1,0,145
3741282,1,0,0,1,1,0,145
3741429,1,1,1,1,1,0,145
3741937,0,0,0,0,1,0,145
3742854,1,0,0,1,1,0,145
3743518,1,0,1,0,0,0,145
3743710,0,0,0,0,1,0,145
3743921,1,0,0,1,1,0,145
3744568,1,0,1,0,0,0,145
3745854,1,1,1,1,1,0,145
3746556,0,1,0,1,0,0,145
3746590,0,0,1,1,0,0,145
3749432,0,0,0,0,1,0,145
3749868,0,0,1,1,0,0,145
3751172,0,0,0,0,1,0,145
3751571,1,0,0,1,1,0,145
3753616,1,0,1,0,0,0,145
3753705,1,0,0,1,1,0,145
3754324,0,0,1,1,0,0,145
3755375,0,0,1,1,0,0,145
3755716,0,0,0,1,1,1,145
3755738,1,0,1,0,0,0,145
3756046,1,1,1,1,1,0,145
3756866,1,1,1,1,1,0,145
3757135,0,1,1,0,1,0,145
3758323,0,1,1,0,1,0,145
3759053,1,0,1,0,0,0,145
3759472,1,1,1,1,1,0,145
3759928,0,0,0,0,1,0,145
3760418,0,1,0,1,0,0,145
3761292,0,0,0,1,1,1,145
3762891,1,1,0,0,0,0,145
3763102,0,0,0,0,1,0,145
3764726,0,0,0,0,1,0,145
3765515,0,0,0,0,1,0,145
3765738,1,0,1,0,0,0,145
3765834,1,0,0,1,1,0,145
3766152,1,1,0,0,0,0,145
3766689,0,1,0,1,0,0,145
3767646,1,0,0,1,1,0,145
3767677,0,0,0,0,1,0,145
3768018,1,0,0,1,1,0,145
3768478,0,1,0,1,0,0,145
3768833,0,0,0,0,1,0,145
3771369,1,0,0,1,1,0,145
3771772,1,0,1,0,0,0,145
3772935,0,0,1,1,0,0,145
3774153,1,1,1,1,1,0,145
3774392,1,0,0,1,1,0,145
3774716,0,1,1,0,1,0,145
3774827,0,1,1,1,1,1,145
3775007,1,1,1,1,1,0,145
3775951,0,0,1,1,0,0,145
3776931,0,0,0,0,1,0,145
3777020,1,0,0,1,1,0,145
3777287,1,1,1,1,1,0,145
3777994,1,1,1,1,1,0,145
3778501,1,1,0,0,0,0,145
3780630,1,0,0,1,1,0,145
3780978,0,0,0,0,1,0,145
3781054,1,0,1,0,0,0,145
3781462,1,1,0,0,0,0,145
3781888,0,0,0,0,1,0,145
3782413,0,0,1,1,0,0,145
3782796,0,0,0,0,1,0,145
3783410,0,1,1,0,1,0,145
3785174,0,0,0,0,1,0,145
3785286,0,1,1,0,1,0,145
3786003,1,1,1,0,1,1,145
3786039,1,1,0,0,0,0,145
3786647,1,1,1,1,1,0,145
3787796,0,1,1,0,1,0,145
3788222,0,0,0,0,1,0,145
3788731,1,1,1,1,1,0,145
3788829,0,0,0,0,1,0,145
3789708,1,0,0,1,1,0,145
3789761,1,1,0,0,0,0,145
3790163,1,0,0,1,1,0,145
3790315,0,1,0,1,0,0,145
3790433,1,0,0,1,1,0,145
3791437,0,0,1,1,0,0,145
3791501,0,1,0,1,0,0,145
3792175,1,0,1,0,0,0,145
3792251,0,0,0,0,1,0,145
3792473,1,0,0,1,1,0,145
3793032,0,0,0,0,1,0,145
3793109,0,0,1,1,0,0,145
3793152,1,0,1,0,0,0,145
3793319,1,0,0,1,1,0,145
3793457,0,0,0,0,1,0,145
3795272,1,1,0,0,0,0,145
3796295,1,0,1,0,0,0,145
3796760,1,0,1,0,0,0,145
3798815,0,1,1,0,1,0,145
3798880,1,1,1,1,1,0,145
3800277,1,1,0,0,0,0,145
3800508,1,1,0,0,0,0,145
3802310,0,1,1,0,1,0,89
3804960,0,0,1,1,0,0,89
3805794,0,0,1,1,0,0,89
3805852,1,1,0,0,0,0,89
3806457,0,0,1,1,0,0,89
3809447,1,0,0,1,1,0,89
3810241,1,0,1,0,0,0,89
3810864,0,0,0,0,1,0,89
3811178,0,0,0,0,1,0,89
3811233,0,1,0,1,0,0,89
3812225,1,0,1,0,0,0,89
3815036,1,1,0,0,0,0,89
3815168,1,1,0,0,0,0,89
3815344,1,0,0,1,1,0,89
3815610,0,0,0,0,1,0,89
3818211,0,0,0,0,1,0,89
3818430,1,0,1,1,0,0,89
3818574,0,0,1,1,0,0,89
3820778,1,0,1,0,0,0,89
3821655,1,0,1,0,0,0,89
3822483,0,0,0,0,1,0,89
3828475,0,0,1,0,0,0,89
3829321,0,1,0,1,0,0,89
3829641,0,1,0,1,0,0,89
3830579,0,0,0,0,1,0,89
3831502,0,0,1,1,0,0,89
3832289,1,0,1,0,0,0,89
3832986,0,1,1,0,1,0,89
3833291,0,0,0,0,1,0,89
3834228,0,0,0,0,1,0,89
3835029,0,0,0,0,1,0,89
3835414,1,0,0,1,1,0,89
3835597,1,0,1,0,0,0,89
3835972,1,0,0,1,1,0,89
3836524,1,0,0,1,1,0,89
3837180,0,1,0,1,0,0,89
3837306,0,1,0,1,0,0,89
3838211,0,0,1,1,0,0,89
3839309,1,0,0,1,1,0,89
3842283,1,1,1,1,1,0,89
3843918,0,0,1,1,0,0,89
3844118,0,0,1,1,0,0,89
3845684,0,1,0,1,0,0,89
3846437,1,1,1,1,1,0,89
3848554,0,1,1,0,1,0,89
3849572,1,1,0,0,0,0,89
3849594,0,0,0,0,1,0,89
3851154,0,1,0,1,0,0,89
3851413,0,0,0,0,1,0,89
3852828,0,1,0,1,0,0,89
3853416,1,0,1,0,0,0,89
3855796,0,0,0,0,1,0,89
3856434,1,1,1,1,1,0,89
3857425,0,0,0,0,1,0,89
3858854,0,1,1,0,1,0,89
3859892,0,0,0,0,1,0,89
3860441,1,1,0,0,0,0,89
3861838,0,1,1,0,1,0,89
3863098,1,0,1,0,0,0,89
3863434,0,1,1,0,1,0,89
3863474,0,1,0,1,0,0,89
3863797,0,0,1,1,0,0,89
3863955,1,1,1,1,1,0,89
3864213,0,0,1,1,0,0,89
3865183,0,0,1,0,0,0,89
3865621,0,0,0,0,1,0,89
3866293,1,1,0,1,0,0,89
3866822,0,0,1,1,0,0,119
3866894,0,0,0,0,1,0,119
3867300,1,0,1,0,0,0,119
3868363,0,0,1,1,0,0,119
3869309,1,1,0,0,0,0,119
3869443,1,1,1,1,1,0,119
3869849,1,1,1,1,1,0,119
3870537,0,0,1,1,0,0,119
3870844,1,1,0,0,0,0,119
3871176,0,1,0,1,0,0,119
3871200,0,1,0,1,0,0,119
3872396,1,0,1,0,0,0,119
3872525,1,0,1,0,0,0,119
3872899,0,0,0,0,1,0,119
3876453,1,0,1,0,0,0,119
3876612,1,1,0,0,0,0,119
3876769,0,1,1,0,1,0,119
3877129,0,1,0,0,0,0,119
3877445,1,0,1,0,0,0,119
3879062,0,1,1,0,1,0,119
3881015,1,0,1,0,0,0,119
3881291,0,1,0,1,0,0,119
3881610,1,0,1,0,0,0,119
3884237,1,0,1,0,0,0,119
3884404,0,1,0,1,0,0,119
3885088,0,1,0,1,0,0,119
3887149,0,0,1,1,0,0,119
3887176,1,1,1,1,1,0,119
3887225,0,1,1,0,1,0,119
3888486,0,0,0,0,1,0,119
3889392,0,1,0,1,0,0,119
3889499,1,1,1,1,1,0,119
3889746,0,1,0,1,0,0,119
3890454,0,0,1,1,0,0,119
3890677,0,1,1,0,1,0,119
3891599,0,1,0,1,0,0,119
3891700,1,1,0,0,0,0,119
3893010,1,1,1,1,1,0,119
3893748,0,0,1,1,0,0,119
3894011,1,1,1,1,1,0,119
3894156,0,0,0,0,1,0,119
3896057,0,0,1,1,0,0,119
3898843,0,0,0,0,1,0,119
3900440,0,0,0,0,1,0,119
3900755,0,0,1,1,0,0,119
3900892,0,0,0,0,1,0,119
3900994,1,1,1,1,1,0,119
3901949,0,0,0,0,1,0,119
3901973,1,1,1,1,1,0,119
3902279,0,0,1,1,0,0,119
3903948,0,1,1,0,1,0,119
3904108,0,0,0,0,1,0,119
3904784,1,0,1,0,0,0,119
3905573,1,1,1,1,1,0,119
3905951,1,1,1,1,1,0,119
3906395,1,1,0,0,0,0,119
3907036,1,0,0,1,1,0,119
3907196,0,1,0,1,0,0,119
3907327,0,0,1,1,0,0,119
3907880,0,0,1,1,0,0,119
3908252,1,0,0,1,1,0,119
3908480,0,0,1,1,0,0,119
3909723,0,0,0,0,1,0,119
3909921,0,1,1,0,1,0,119
3910847,0,1,0,1,0,0,119
3911080,1,1,1,1,1,0,119
3911174,0,0,1,1,0,0,119
3913177,0,0,0,0,1,0,119
3914485,0,1,1,0,1,0,119
3917402,1,1,0,0,0,0,119
3919139,0,1,1,0,1,0,119
3919248,1,0,1,0,0,0,119
3920577,1,1,0,0,0,0,119
3922853,1,0,0,1,1,0,119
3923444,1,1,0,0,0,0,119
3923562,0,0,1,1,0,0,119
3923575,0,0,0,0,1,0,119
3924159,1,1,0,0,0,0,119
3924368,1,0,0,1,1,0,119
3924378,0,1,1,1,1,1,119
3924898,1,1,1,1,1,0,119
3925569,0,1,1,0,1,0,119
3926549,0,1,0,1,0,0,119
3926716,1,1,1,1,1,0,119
3927286,1,1,0,0,0,0,119
3928422,1,1,1,1,1,0,119
3928869,1,1,1,1,1,0,119
3929285,1,1,0,0,0,0,119
3929542,1,1,1,1,1,0,119
3930766,1,0,1,0,0,0,119
3930993,0,1,0,1,0,0,119
3932416,0,0,0,0,1,0,205
3933672,0,0,0,1,1,1,205
3935085,0,1,0,1,0,0,205
3935180,0,1,1,0,1,0,205
3935255,0,0,0,0,1,0,205
3936255,1,0,1,0,0,0,205
3937138,1,1,1,1,1,0,205
3937165,1,0,0,0,1,1,205
3937879,0,1,0,1,0,0,205
3937925,0,0,1,1,0,0,205
3939269,0,1,1,0,1,0,205
3940021,0,0,0,0,1,0,205
3940298,1,1,1,1,1,0,205
3940880,0,1,1,0,1,0,205
3941250,0,0,0,0,1,0,205
3941256,1,0,1,0,0,0,205
3941464,0,1,1,0,1,0,205
3941626,0,0,1,1,0,0,205
3941631,1,1,1,1,1,0,205
3941722,1,1,1,1,1,0,205
3942242,0,1,1,0,1,0,205
3942308,1,0,0,1,1,0,205
3945023,1,1,0,0,0,0,205
3946244,0,1,1,0,1,0,205
3948461,1,0,0,1,1,0,205
3949522,0,0,1,1,0,0,205
3951845,1,1,0,0,0,0,205
3952996,1,1,1,1,1,0,205
3953049,1,0,1,0,0,0,205
3953136,1,1,0,0,0,0,205
3954153,1,0,1,0,0,0,205
3954581,1,0,0,1,1,0,205
3956525,1,1,0,0,0,0,205
3957007,0,1,1,0,1,0,205
3957376,1,1,0,0,0,0,205
3958095,0,1,1,0,1,0,205
3959518,1,0,1,0,0,0,205
3959785,0,0,1,1,0,0,205
3961581,1,0,0,1,1,0,205
3962191,1,0,0,1,1,0,205
3962210,0,0,1,1,0,0,205
3962233,1,0,0,1,1,0,205
3963310,1,1,1,1,1,0,205
3963353,1,0,1,0,0,0,205
3963543,0,0,0,0,1,0,205
3964994,1,0,1,0,0,0,205
3965569,1,0,1,0,0,0,205
3965980,0,1,1,0,1,0,205
3966233,0,1,0,1,0,0,205
3966634,1,1,0,0,0,0,205
3966709,1,0,1,0,0,0,205
3966941,1,1,1,1,1,0,205
3967799,1,1,0,0,0,0,205
3967892,0,1,0,1,0,0,205
3967993,0,1,0,1,0,0,205
3968286,1,0,1,0,0,0,205
3968314,0,1,1,0,1,0,205
3969275,0,0,0,0,1,0,205
3969572,1,0,0,1,1,0,205
3971132,1,1,0,0,0,0,205
3971462,1,0,0,1,1,0,205
3971652,1,0,0,1,1,0,205
3972343,0,1,1,0,1,0,205
3972628,0,0,0,0,1,0,205
3973723,0,0,0,0,1,0,205
3974095,0,0,1,1,0,0,205
3974953,0,0,1,1,0,0,205
3975251,1,1,1,1,1,0,205
3976043,0,0,1,1,0,0,205
3976113,1,1,1,1,1,0,205
3976670,1,1,0,0,0,0,205
3976699,1,0,0,1,1,0,205
3976738,1,0,0,1,1,0,205
3977027,0,1,1,0,1,0,205
3977258,0,1,0,1,0,0,205
3977366,1,0,0,1,1,0,205
3977926,1,0,1,0,0,0,205
3977997,1,0,1,0,0,0,205
3978707,1,1,1,1,1,0,205
3979287,0,0,0,0,1,0,205
3979319,1,1,0,0,0,0,205
3979388,0,1,1,0,1,0,205
3979879,1,1,1,1,1,0,205
3980215,1,0,1,0,0,0,205
3981081,1,1,0,0,0,0,205
3981258,0,0,1,1,0,0,205
3981490,0,0,0,0,1,0,205
3982191,1,0,1,0,0,0,205
3982934,0,1,0,1,0,0,205
3983837,1,1,1,1,1,0,205
3985394,0,0,0,0,1,0,205
3985723,1,0,1,0,0,0,205
3986873,1,1,0,0,0,0,205
3987102,0,1,0,1,0,0,205
3987630,0,0,0,0,1,0,205
3987976,0,0,1,1,0,0,205
3988231,1,1,0,0,0,0,205
3990941,0,1,1,0,1,0,205
3990966,1,1,0,0,0,0,205
3991760,0,1,0,1,0,0,205
3991761,1,1,0,0,0,0,205
3992315,0,0,0,0,1,0,205
3993988,0,0,1,1,0,0,205
3994554,1,1,0,0,0,0,205
3995100,0,0,0,0,1,0,205
3995193,0,1,1,0,1,0,205
3995411,1,1,1,1,1,0,205
3995831,1,1,1,1,1,0,205
3996405,0,0,0,0,1,0,205
3996452,1,0,1,0,0,0,205
3997066,1,1,0,0,0,0,205
3997192,0,0,0,0,1,0,205
3997320,0,0,0,1,1,1,205
3997559,1,0,1,0,0,0,205
3998136,1,1,1,1,1,0,110
3998584,0,1,0,1,0,0,110
3998828,0,1,1,0,1,0,110
3998896,0,0,0,0,1,0,110
3999069,0,0,1,1,0,0,110
3999969,1,0,1,0,0,0,110
4000092,0,0,0,0,1,0,110
4000118,1,1,0,0,0,0,110
4000811,1,1,0,0,0,0,110
4001145,0,0,1,1,0,0,110
4001893,0,1,1,0,1,0,110
4002094,0,1,0,1,0,0,110
4004208,1,1,0,0,0,0,110
4005626,1,0,0,1,1,0,110
4006490,0,1,1,0,1,0,110
4006746,1,1,0,0,0,0,110
4007211,0,0,1,1,0,0,110
4007248,0,1,0,1,0,0,110
4009421,0,0,0,0,1,0,110
4009815,1,1,0,0,0,0,110
4013342,1,1,0,0,0,0,110
4014603,1,0,0,1,1,0,110
4014694,1,1,0,0,0,0,110
4015975,0,1,1,0,1,0,110
4016928,0,0,0,1,1,1,110
4017910,1,0,0,1,1,0,110
4018169,1,1,0,0,0,0,110
4020256,1,1,1,1,1,0,110
4020793,1,0,0,1,1,0,110
4021299,1,0,1,0,0,0,110
4021885,0,0,1,1,0,0,110
4022086,0,1,1,0,1,0,110
4022660,0,1,1,0,1,0,110
4023016,1,0,1,0,0,0,110
4023761,1,0,1,0,0,0,110
4023951,0,1,1,0,1,0,110
4024858,0,1,1,0,1,0,110
4025187,0,0,1,0,0,0,110
4030168,0,0,0,0,1,0,110
4030512,1,1,1,1,1,0,110
4031473,1,1,1,1,1,0,110
4032231,0,1,1,0,1,0,110
4034230,0,0,1,1,0,0,110
4034509,0,1,1,0,1,0,110
4035073,0,1,0,1,0,0,110
4035675,0,1,1,0,1,0,110
4037078,1,1,0,0,0,0,110
4038697,1,1,0,0,0,0,110
4039279,1,1,1,1,1,0,110
4042740,0,1,1,0,1,0,110
4044604,0,1,0,1,0,0,110
4046094,1,0,0,1,1,0,110
4048238,0,0,0,0,1,0,110
4048858,1,1,0,0,0,0,110
4048915,0,0,1,1,0,0,110
4049725,0,1,1,0,1,0,110
4052001,0,1,1,0,1,0,110
4055876,1,1,1,0,1,1,110
4056697,0,0,0,0,1,0,110
4060177,0,0,1,1,0,0,110
4060193,1,1,0,0,0,0,110
4060600,0,0,1,1,0,0,110
4062860,0,0,1,1,0,0,110
4063135,0,0,1,1,0,0,110
4063179,0,1,0,1,0,0,110
4063236,1,0,1,0,0,0,99
4065328,0,1,0,1,0,0,99
4065386,1,1,1,1,1,0,99
4065609,1,1,1,1,1,0,99
4068319,0,1,1,0,1,0,99
4070216,1,0,1,0,0,0,99
4071176,1,1,1,0,1,1,99
4071928,1,0,0,1,1,0,99
4073051,1,0,1,0,0,0,99
4073434,1,1,1,1,1,0,99
4073795,1,0,1,0,0,0,99
4074423,0,0,1,1,0,0,99
4074644,1,0,1,0,0,0,99
4075206,1,1,1,1,1,0,99
4075791,0,1,0,1,0,0,99
4077417,1,1,1,1,1,0,99
4080606,0,0,1,1,0,0,99
4080660,0,1,0,1,0,0,99
4081710,0,0,1,1,0,0,99
4082097,0,1,0,1,0,0,99
4082450,1,1,0,0,0,0,99
4083420,0,0,1,1,0,0,99
4086036,1,1,1,1,1,0,99
4086471,1,1,1,1,1,0,99
4088476,0,1,1,0,1,0,99
4088689,0,1,0,1,0,0,99
4091232,1,1,0,0,0,0,99
4092076,1,1,1,1,1,0,99
4093156,1,1,1,1,1,0,99
4093869,0,0,1,1,0,0,99
4094054,1,0,1,0,0,0,99
4095346,1,1,1,1,1,0,99
4100167,0,0,1,1,0,0,99
4101807,1,1,0,0,0,0,99
4102555,0,0,0,0,1,0,99
4103770,1,1,1,1,1,0,99
4104832,1,0,1,0,0,0,99
4105174,1,1,0,0,0,0,99
4105186,1,1,1,1,1,0,99
4106231,1,1,1,1,1,0,99
4107519,0,0,1,1,0,0,99
4108696,1,1,1,0,1,1,99
4109354,1,1,1,1,1,0,99
4110509,1,0,0,1,1,0,99
4112746,1,0,0,1,1,0,99
4112749,1,0,1,0,0,0,99
4114101,0,0,0,1,1,1,99
4115752,1,0,0,1,1,0,99
4116716,0,1,0,1,0,0,99
4116906,0,0,0,0,1,0,99
4117079,0,1,1,0,1,0,99
4118187,1,1,0,0,0,0,99
4118532,0,0,0,0,1,0,99
4119724,0,1,1,0,1,0,99
4125531,0,1,1,0,1,0,99
4127774,0,0,1,1,0,0,99
4128004,0,0,0,1,1,1,99
4128258,0,1,0,1,0,0,99
4128997,1,1,1,1,1,0,133
4129017,1,1,1,1,1,0,133
4129543,1,0,0,1,1,0,133
4130424,0,1,1,0,1,0,133
4131474,0,1,0,1,0,0,133
4131725,1,1,1,1,1,0,133
4131851,1,1,0,0,0,0,133
4133017,0,0,0,0,1,0,133
4133114,0,0,0,0,1,0,133
4133968,1,1,0,0,0,0,133
4134605,1,0,1,0,0,0,133
4136361,0,1,0,1,0,0,133
4138677,1,0,0,1,1,0,133
4138772,0,0,1,1,0,0,133
4139112,1,1,1,1,1,0,133
4139486,1,1,1,1,1,0,133
4140362,1,0,0,1,1,0,133
4143221,1,0,0,1,1,0,133
4143410,1,0,1,0,0,0,133
4144196,0,0,0,0,1,0,133
4145151,1,1,1,1,1,0,133
4147064,0,0,1,1,0,0,133
4147560,0,0,1,1,0,0,133
4148440,0,1,0,1,0,0,133
4148787,0,0,1,1,0,0,133
4150966,1,1,0,0,0,0,133
4151338,1,1,1,1,1,0,133
4151446,1,0,0,1,1,0,133
4151550,0,1,1,0,1,0,133
4151927,0,0,0,0,1,0,133
4153489,1,0,1,0,0,0,133
4153982,1,1,1,1,1,0,133
4154592,1,1,1,1,1,0,133
4155760,0,1,1,0,1,0,133
4158624,1,0,1,0,0,0,133
4159134,0,1,1,0,1,0,133
4159142,1,0,0,1,1,0,133
4159986,0,0,0,0,1,0,133
4161204,1,0,1,0,0,0,133
4161952,0,1,0,1,0,0,133
4162942,1,0,1,0,0,0,133
4163147,1,1,1,1,1,0,133
4164535,0,1,0,1,0,0,133
4164959,0,1,0,1,0,0,133
4169390,1,1,1,0,1,1,133
4170178,1,0,0,1,1,0,133
4170294,0,0,0,0,1,0,133
4170553,1,0,1,0,0,0,133
4170979,1,0,0,1,1,0,133
4171648,0,1,0,1,0,0,133
4174247,0,0,0,0,1,0,133
4175580,1,1,0,0,0,0,133
4178215,1,0,0,1,1,0,133
4178720,0,1,0,1,0,0,133
4178851,0,1,0,1,0,0,133
4181073,1,1,0,0,0,0,133
4181445,0,1,1,0,1,0,133
4183910,1,1,1,1,1,0,133
4184867,1,1,0,0,0,0,133
4184895,0,1,1,0,1,0,133
4184940,0,1,1,0,1,0,133
4186171,0,1,0,1,0,0,133
4189366,1,1,0,0,0,0,133
4189993,1,0,1,0,0,0,133
4192010,0,0,1,1,0,0,133
4193408,1,1,0,0,0,0,133
4193689,1,0,1,0,0,0,133
4194532,0,1,1,0,1,0,184
4196091,1,0,0,1,1,0,184
4196142,1,0,0,1,1,0,184
4196456,1,0,1,0,0,0,184
4196826,1,0,1,0,0,0,184
4197643,1,0,0,1,1,0,184
4197767,0,1,1,0,1,0,184
4197878,1,1,0,0,0,0,184
4198244,1,1,1,1,1,0,184
4198882,0,0,0,0,1,0,184
4200673,0,1,0,1,0,0,184
4200969,0,0,0,0,1,0,184
4201428,0,0,0,0,1,0,184
4202145,0,1,0,1,0,0,184
4202555,1,0,1,0,0,0,184
4202788,1,1,1,1,1,0,184
4203151,0,0,1,1,0,0,184
4203184,0,0,0,0,1,0,184
4203899,0,0,0,0,1,0,184
4204795,1,0,1,0,0,0,184
4205142,0,0,1,1,0,0,184
4205211,1,0,1,0,0,0,184
4206638,1,0,0,1,1,0,184
4206653,0,0,0,0,1,0,184
4206757,0,0,0,0,1,0,184
4207149,1,1,0,0,0,0,184
4207490,1,0,1,0,0,0,184
4207660,1,0,0,1,1,0,184
4208025,1,1,0,0,0,0,184
4208137,0,0,1,1,0,0,184
4208277,0,1,0,1,0,0,184
4208694,0,1,1,0,1,0,184
4208887,0,0,0,0,1,0,184
4209425,1,1,1,1,1,0,184
4209558,0,1,1,0,1,0,184
4210604,0,1,1,1,1,1,184
4210937,0,0,1,1,0,0,184
4211456,1,1,0,0,0,0,184
4211562,0,1,0,1,0,0,184
4211791,1,1,0,0,0,0,184
4212471,1,0,1,0,0,0,184
4212957,0,0,1,1,0,0,184
4212981,1,0,0,1,1,0,184
4213614,1,0,0,1,1,0,184
4213976,1,1,1,1,1,0,184
4214134,1,1,0,0,0,0,184
4214886,0,0,1,1,0,0,184
4214917,0,0,0,0,1,0,184
4216329,0,0,0,0,1,0,184
4216444,0,0,1,1,0,0,184
4217121,1,1,0,0,0,0,184
4217636,0,0,1,1,0,0,184
4218193,1,1,0,0,0,0,184
4219039,0,1,1,0,1,0,184
4220167,0,0,0,0,1,0,184
4220926,1,1,0,0,0,0,184
4221110,0,1,1,0,1,0,184
4221559,0,1,1,0,1,0,184
4221847,1,0,1,0,0,0,184
4222393,1,0,0,1,1,0,184
4223217,1,1,0,0,0,0,184
4223601,0,0,0,0,1,0,184
4224277,1,0,1,0,0,0,184
4224346,0,0,1,1,0,0,184
4224407,0,0,1,1,0,0,184
4225254,0,0,0,0,1,0,184
4225539,0,1,0,1,0,0,184
4227236,1,0,1,0,0,0,184
4227726,1,1,1,1,1,0,184
4228807,0,1,1,0,1,0,184
4228957,1,0,1,0,0,0,184
4229709,0,1,0,1,0,0,184
4230147,0,1,0,1,0,0,184
4230225,0,0,0,0,1,0,184
4231092,1,1,1,1,1,0,184
4232190,1,0,0,1,1,0,184
4232212,0,0,1,1,0,0,184
4232315,0,1,0,1,0,0,184
4233417,0,1,0,1,0,0,184
4234511,1,1,0,0,0,0,184
4235221,1,1,0,0,0,0,184
4235415,0,0,1,1,0,0,184
4235807,0,0,0,0,1,0,184
4236027,1,0,0,1,1,0,184
4236362,0,0,0,0,1,0,184
4237713,0,1,0,1,0,0,184
4238204,0,1,0,1,0,0,184
4238301,0,1,0,1,0,0,184
4238327,1,1,1,1,1,0,184
4238421,1,1,1,1,1,0,184
4238461,1,1,1,1,1,0,184
4239145,0,0,0,0,1,0,184
4239266,0,1,0,1,0,0,184
4239936,0,0,0,0,1,0,184
4240105,1,0,0,1,1,0,184
4240284,0,1,0,1,0,0,184
4240450,1,0,1,0,0,0,184
4240658,0,1,1,0,1,0,184
4241259,0,1,1,0,1,0,184
4241265,0,1,0,1,0,0,184
4241431,0,1,0,1,0,0,184
4241984,1,0,1,0,0,0,184
4242001,1,1,1,1,1,0,184
4242359,1,0,1,0,0,0,184
4242788,0,1,1,0,1,0,184
4242909,0,0,1,0,0,0,184
4243106,1,0,0,1,1,0,184
4245241,0,0,1,1,0,0,184
4245584,1,1,0,0,0,0,184
4245868,1,1,0,0,0,0,184
4246311,1,0,0,1,1,0,184
4246380,0,1,0,1,0,0,184
4246881,1,1,0,0,0,0,184
4247086,0,1,0,1,0,0,184
4248157,0,1,1,0,1,0,184
4248190,1,0,1,0,0,0,184
4249307,0,0,0,0,1,0,184
4249349,0,0,1,1,0,0,184
4250716,0,0,0,0,1,0,184
4250733,0,0,1,1,0,0,184
4251642,0,1,1,0,1,0,184
4254056,1,0,1,0,0,0,184
4254384,1,0,1,1,0,0,184
4254489,0,0,0,0,1,0,184
4254721,0,0,0,0,1,0,184
4255903,0,0,1,1,0,0,184
4256537,1,0,0,1,1,0,184
4256667,1,1,1,1,1,0,184
4256922,1,0,0,1,1,0,184
4257556,0,1,1,0,1,0,184
4258078,0,1,0,1,0,0,184
4258374,0,1,0,1,0,0,184
4259764,1,0,1,1,0,0,184
4260358,0,0,1,1,0,0,117
4262474,0,1,0,1,0,0,117
4262736,1,0,0,1,1,0,117
4263604,1,1,1,1,1,0,117
4265340,0,1,0,1,0,0,117
4266450,0,1,0,1,0,0,117
4266826,1,0,1,0,0,0,117
4269733,0,0,1,1,0,0,117
4270141,1,0,1,0,0,0,117
4270776,1,1,0,0,0,0,117
4271358,0,1,0,1,0,0,117
4274066,0,1,0,1,0,0,117
4274490,0,0,1,1,0,0,117
4274926,0,1,1,0,1,0,117
4275746,1,1,1,1,1,0,117
4275774,0,1,1,0,1,0,117
4276229,1,0,0,1,1,0,117
4276666,1,0,1,0,0,0,117
4277795,0,1,1,0,1,0,117
4279442,0,1,1,0,1,0,117
4280746,1,1,0,0,0,0,117
4280882,1,1,1,1,1,0,117
4282574,0,1,1,0,1,0,117
4282755,0,0,0,1,1,1,117
4282939,1,0,0,1,1,0,117
4283115,0,1,0,1,0,0,117
4284597,1,1,1,1,1,0,117
4284694,1,1,0,0,0,0,117
4284702,1,0,0,1,1,0,117
4284893,0,1,0,1,0,0,117
4285258,1,0,0,1,1,0,117
4285392,0,0,0,0,1,0,117
4286934,1,0,1,0,0,0,117
4287155,0,0,1,1,0,0,117
4287791,1,0,1,0,0,0,117
4289170,1,0,1,0,0,0,117
4289715,1,0,1,0,0,0,117
4289951,0,0,1,1,0,0,117
4290568,0,0,1,1,0,0,117
4291628,0,1,1,0,1,0,117
4292632,0,0,1,1,0,0,117
4293408,0,1,0,1,0,0,117
4294211,1,0,1,0,0,0,117
4294224,0,0,1,1,0,0,117
4296207,0,0,1,1,0,0,117
4297515,0,0,1,1,0,0,117
4298193,1,0,1,0,0,0,117
4298302,0,1,1,0,1,0,117
4299098,1,1,0,0,0,0,117
4300291,0,1,0,1,0,0,117
4300907,0,1,0,1,0,0,117
4301051,1,1,1,1,1,0,117
4302341,0,0,0,0,1,0,117
4303498,0,0,1,1,0,0,117
4304941,0,0,1,0,0,0,117
4305470,1,1,0,0,0,0,117
4307685,0,1,1,0,1,0,117
4309477,0,1,1,0,1,0,117
4310531,1,1,1,1,1,0,117
4310674,0,1,0,1,0,0,117
4311414,0,0,1,1,0,0,117
4311892,0,0,1,1,0,0,117
4313735,0,1,0,0,0,0,117
4316358,1,0,1,0,0,0,117
4316991,1,1,1,1,1,0,117
4317524,1,1,1,1,1,0,117
4318465,0,1,1,0,1,0,117
4319989,1,1,0,0,0,0,117
4320875,0,1,0,1,0,0,117
4322372,0,1,0,1,0,0,117
4322482,1,0,1,0,0,0,117
4327700,1,0,1,0,0,0,122
4329354,0,0,0,0,1,0,122
4329355,1,1,1,1,1,0,122
4329938,0,1,1,0,1,0,122
4332182,1,0,0,1,1,0,122
4334065,1,0,1,0,0,0,122
4334263,1,0,1,0,0,0,122
4334814,0,1,0,1,0,0,122
4335138,0,0,0,0,1,0,122
4337211,0,0,1,1,0,0,122
4337949,0,1,1,0,1,0,122
4339339,1,1,1,1,1,0,122
4339619,1,0,0,1,1,0,122
4339646,1,1,1,1,1,0,122
4342032,0,0,1,1,0,0,122
4343719,0,0,1,1,0,0,122
4345388,1,1,1,1,1,0,122
4346126,0,1,1,0,1,0,122
4346615,1,1,0,0,0,0,122
4347114,0,1,1,0,1,0,122
4348180,0,0,0,0,1,0,122
4349063,1,0,0,1,1,0,122
4349380,0,0,0,0,1,0,122
4350921,0,0,1,1,0,0,122
4353349,1,1,1,1,1,0,122
4353457,1,1,0,0,0,0,122
4355298,1,0,1,0,0,0,122
4355740,0,0,1,1,0,0,122
4358440,0,0,0,0,1,0,122
4358541,0,0,0,0,1,0,122
4359113,1,0,1,0,0,0,122
4359637,0,0,0,0,1,0,122
4359784,0,0,0,0,1,0,122
4359892,1,0,0,1,1,0,122
4360404,1,1,0,0,0,0,122
4362321,0,0,1,1,0,0,122
4363281,0,1,0,1,0,0,122
4363959,0,0,0,0,1,0,122
4364504,1,1,0,0,0,0,122
4366658,1,0,1,0,0,0,122
4367473,0,0,0,0,1,0,122
4367690,0,1,1,0,1,0,122
4367808,0,0,1,1,0,0,122
4367948,0,1,0,1,0,0,122
4369038,1,0,1,0,0,0,122
4369430,1,1,0,0,0,0,122
4369462,0,1,1,0,1,0,122
4371077,0,0,1,1,0,0,122
4371233,1,1,1,1,1,0,122
4371681,1,1,0,0,0,0,122
4371952,0,1,1,0,1,0,122
4372060,0,0,0,0,1,0,122
4372731,0,1,0,1,0,0,122
4373960,1,0,0,1,1,0,122
4373961,1,0,1,0,0,0,122
4374922,0,1,1,0,1,0,122
4375391,1,1,0,0,0,0,122
4376071,1,0,1,0,0,0,122
4376702,0,0,1,1,0,0,122
4377713,1,1,0,0,0,0,122
4380799,0,0,1,1,0,0,122
4381112,1,0,1,0,0,0,122
4382101,1,1,0,0,0,0,122
4382423,1,0,1,0,0,0,122
4383670,0,0,1,1,0,0,122
4384013,0,1,1,0,1,0,122
4385109,0,0,1,1,0,0,122
4386764,1,0,1,0,0,0,122
4387310,0,0,1,1,0,0,122
4387670,1,0,1,0,0,0,122
4391722,0,1,1,1,1,1,125
4391883,1,0,1,0,0,0,125
4391929,1,0,1,0,0,0,125
4392492,1,1,1,1,1,0,125
4394261,0,0,0,0,1,0,125
4394464,1,0,0,1,1,0,125
4394654,0,0,0,0,1,0,125
4395194,0,0,0,0,1,0,125
4395404,0,0,0,0,1,0,125
4395544,1,1,1,1,1,0,125
4395678,1,1,0,0,0,0,125
4397163,1,1,0,0,0,0,125
4397454,0,1,0,1,0,0,125
4397482,0,0,0,0,1,0,125
4398294,1,1,1,1,1,0,125
4399350,0,1,0,0,0,0,125
4399382,0,0,1,1,0,0,125
4400556,0,0,1,1,0,0,125
4402882,1,0,0,1,1,0,125
4403925,0,0,0,0,1,0,125
4405710,0,1,1,0,1,0,125
4406861,1,0,0,1,1,0,125
4407290,0,0,1,1,0,0,125
4408159,1,1,1,1,1,0,125
4408894,1,0,0,1,1,0,125
4409818,0,1,1,0,1,0,125
4410244,1,1,0,0,0,0,125
4410639,0,1,1,0,1,0,125
4411868,0,1,1,0,1,0,125
4413050,1,1,1,1,1,0,125
4414390,1,0,0,1,1,0,125
4415606,0,0,1,1,0,0,125
4415942,1,0,1,0,0,0,125
4417395,1,0,1,1,0,0,125
4417483,1,1,1,1,1,0,125
4419193,1,1,0,0,0,0,125
4419738,1,1,1,1,1,0,125
4420712,1,1,1,1,1,0,125
4421310,1,1,1,1,1,0,125
4422175,0,0,1,1,0,0,125
4423710,1,0,1,0,0,0,125
4424377,0,1,0,1,0,0,125
4425939,1,0,1,0,0,0,125
4428198,1,0,0,1,1,0,125
4428771,0,0,0,0,1,0,125
4429443,1,1,0,0,0,0,125
4431464,0,1,1,0,1,0,125
4432491,0,0,1,1,0,0,125
4432635,1,1,0,0,0,0,125
4432928,1,1,0,0,0,0,125
4433186,0,1,1,0,1,0,125
4434499,1,0,0,1,1,0,125
4435555,1,1,0,0,0,0,125
4436283,0,1,1,0,1,0,125
4436359,1,0,0,1,1,0,125
4436678,0,1,0,1,0,0,125
4437161,0,0,0,0,1,0,125
4437684,0,0,1,1,0,0,125
4439227,0,0,1,1,0,0,125
4439984,0,1,0,1,0,0,125
4440179,0,0,1,1,0,0,125
4440617,1,1,0,0,0,0,125
4442011,0,1,1,0,1,0,125
4442164,0,1,0,1,0,0,125
4443239,0,0,1,1,0,0,125
4443343,1,0,0,1,1,0,125
4444336,0,1,1,1,1,1,125
4444436,1,0,0,1,1,0,125
4444815,0,0,1,1,0,0,125
4444874,1,1,0,0,0,0,125
4445314,0,1,0,1,0,0,125
4446097,1,1,0,0,0,0,125
4446618,0,1,0,1,0,0,125
4446831,0,0,0,0,1,0,125
4446990,0,0,0,0,1,0,125
4447175,1,1,0,0,0,0,125
4447281,0,1,0,0,0,0,125
4447514,0,1,1,0,1,0,125
4448004,0,0,1,1,0,0,125
4448314,0,1,1,0,1,0,125
4448483,0,0,0,0,1,0,125
4450400,0,1,0,1,0,0,125
4450457,0,0,1,1,0,0,125
4450822,1,0,1,0,0,0,125
4451588,0,1,0,1,0,0,125
4451965,0,1,1,0,1,0,125
4454786,0,1,1,0,1,0,125
4455530,0,1,0,1,0,0,125
4456184,1,0,1,0,0,0,125
4456670,0,0,1,1,0,0,235
4457324,1,0,1,0,0,0,235
4457585,0,0,1,1,0,0,235
4458606,1,0,1,0,0,0,235
4459273,0,0,1,1,0,0,235
4459347,1,0,0,1,1,0,235
4459676,1,0,0,1,1,0,235
4459780,0,0,1,1,0,0,235
4460588,0,1,1,0,1,0,235
4462073,0,0,0,0,1,0,235
4462102,0,1,0,1,0,0,235
4462261,1,0,0,1,1,0,235
4462346,0,0,1,1,0,0,235
4463492,0,1,0,1,0,0,235
4463559,0,1,1,0,1,0,235
4464030,0,0,0,0,1,0,235
4464111,0,1,1,0,1,0,235
4464996,0,0,1,1,0,0,235
4465837,0,1,1,0,1,0,235
4466770,1,0,0,1,1,0,235
4467554,0,0,1,1,0,0,235
4467631,0,1,1,0,1,0,235
4468847,1,0,0,1,1,0,235
4468898,0,1,0,1,0,0,235
4469385,0,1,1,0,1,0,235
4469706,0,1,1,0,1,0,235
4469837,0,1,1,0,1,0,235
4470242,0,1,1,0,1,0,235
4470404,1,1,1,1,1,0,235
4471055,0,0,0,0,1,0,235
4471241,1,0,0,1,1,0,235
4471507,1,0,1,0,0,0,235
4471617,0,0,1,1,0,0,235
4471692,1,1,1,1,1,0,235
4471853,0,0,0,0,1,0,235
4472463,0,0,0,0,1,0,235
4472713,1,1,0,0,0,0,235
4472968,0,1,0,1,0,0,235
4473552,0,1,1,0,1,0,235
4473805,0,1,1,0,1,0,235
4474292,1,1,0,0,0,0,235
4474376,1,0,0,1,1,0,235
4474772,0,1,1,0,1,0,235
4475671,0,0,1,1,0,0,235
4475810,0,0,1,1,0,0,235
4476713,1,0,0,1,1,0,235
4477021,1,1,1,1,1,0,235
4477166,1,1,1,1,1,0,235
4477355,0,1,1,0,1,0,235
4477803,0,1,0,1,0,0,235
4477927,1,1,1,1,1,0,235
4477945,0,1,0,1,0,0,235
4478267,1,0,1,0,0,0,235
4479061,0,1,0,1,0,0,235
4480413,1,0,1,0,0,0,235
4480470,0,1,1,0,1,0,235
4480475,0,1,0,1,0,0,235
4480515,1,0,0,1,1,0,235
4480841,0,0,1,1,0,0,235
4481394,1,1,0,0,0,0,235
4481706,1,1,0,0,0,0,235
4481993,1,0,0,1,1,0,235
4482107,1,1,0,0,0,0,235
4482596,0,0,0,0,1,0,235
4482709,0,0,1,1,0,0,235
4482862,0,1,0,1,0,0,235
4482939,1,1,0,0,0,0,235
4483523,0,1,1,0,1,0,235
4483900,1,1,0,0,0,0,235
4484157,1,1,0,0,0,0,235
4485074,1,1,1,1,1,0,235
4485781,1,0,1,1,0,0,235
4485931,1,0,0,1,1,0,235
4486701,0,0,1,1,0,0,235
4486957,1,1,1,1,1,0,235
4487296,0,1,0,1,0,0,235
4487912,1,1,0,0,0,0,235
4488086,0,0,0,0,1,0,235
4488689,1,0,1,0,0,0,235
4488929,1,1,0,0,0,0,235
4489724,1,0,0,1,1,0,235
4489730,0,0,0,0,1,0,235
4489760,0,0,0,0,1,0,235
4490129,0,1,1,0,1,0,235
4491087,0,1,0,1,0,0,235
4491173,0,0,0,0,1,0,235
4491637,0,1,0,1,0,0,235
4491652,0,1,0,1,0,0,235
4492196,1,0,1,0,0,0,235
4492391,0,1,1,0,1,0,235
4492651,1,1,1,1,1,0,235
4493193,1,1,1,1,1,0,235
4493723,1,1,1,1,1,0,235
4494354,0,1,0,1,0,0,235
4495496,0,1,1,0,1,0,235
4495602,1,0,1,0,0,0,235
4496113,1,1,0,0,0,0,235
4497064,1,0,1,0,0,0,235
4497447,0,1,0,1,0,0,235
4497510,1,1,0,0,0,0,235
4497513,1,1,1,1,1,0,235
4497649,1,1,0,0,0,0,235
4498260,0,1,1,0,1,0,235
4498531,1,1,1,1,1,0,235
4499138,1,1,1,1,1,0,235
4499335,1,1,1,1,1,0,235
4499469,1,1,0,0,0,0,235
4499715,0,0,0,0,1,0,235
4500109,1,0,0,1,1,0,235
4500305,0,0,0,0,1,0,235
4500438,0,1,0,1,0,0,235
4501210,1,0,1,0,0,0,235
4501282,0,1,0,1,0,0,235
4501563,1,1,0,0,0,0,235
4501611,0,1,1,0,1,0,235
4502193,0,0,0,0,1,0,235
4502372,1,1,1,1,1,0,235
4502386,0,1,1,0,1,0,235
4503023,0,1,1,0,1,0,235
4505591,1,0,0,1,1,0,235
4506370,0,0,1,1,0,0,235
4506666,0,1,0,1,0,0,235
4506713,0,1,0,1,0,0,235
4507085,1,1,1,1,1,0,235
4507143,0,1,0,1,0,0,235
4507324,0,0,1,1,0,0,235
4507819,0,0,1,1,0,0,235
4508015,1,0,1,0,0,0,235
4508032,1,1,0,0,0,0,235
4508668,0,0,1,1,0,0,235
4508993,1,0,1,0,0,0,235
4509691,0,0,1,1,0,0,235
4510252,1,1,0,1,0,0,235
4511083,1,0,1,0,0,0,235
4511254,0,1,1,1,1,1,235
4512030,1,0,1,0,0,0,235
4512588,1,0,1,0,0,0,235
4513031,0,1,1,0,1,0,235
4514401,1,0,0,0,1,1,235
4515373,1,0,1,0,0,0,235
4515966,1,0,0,1,1,0,235
4516972,1,1,1,1,1,0,235
4517320,0,0,0,0,1,0,235
4517507,1,0,0,1,1,0,235
4518656,1,1,0,0,0,0,235
4519842,0,1,1,0,1,0,235
4519934,0,0,0,0,1,0,235
4519968,0,0,0,0,1,0,235
4520874,1,0,1,0,0,0,235
4521138,1,0,0,1,1,0,235
4521279,0,1,0,1,0,0,235
4521293,0,1,0,0,0,0,235
4521822,1,0,1,0,0,0,235
4523099,0,0,0,0,1,0,122
4524121,0,0,1,1,0,0,122
4525230,1,0,0,1,1,0,122
4529305,1,0,0,1,1,0,122
4533271,0,0,1,1,0,0,122
4534055,0,1,0,1,0,0,122
4536017,0,0,0,0,1,0,122
4536772,0,1,0,1,0,0,122
4537609,1,1,1,1,1,0,122
4537738,1,1,0,0,0,0,122
4539104,1,1,0,0,0,0,122
4539354,0,0,0,0,1,0,122
4539470,0,1,1,0,1,0,122
4539795,0,1,1,0,1,0,122
4542555,1,0,1,0,0,0,122
4544765,0,0,0,0,1,0,122
4545653,1,0,1,0,0,0,122
4545938,0,0,0,0,1,0,122
4546235,1,0,1,0,0,0,122
4547225,0,0,1,1,0,0,122
4547842,0,0,0,0,1,0,122
4548220,0,0,0,0,1,0,122
4548694,0,1,0,0,0,0,122
4549002,1,1,0,0,0,0,122
4549948,0,0,1,1,0,0,122
4550414,0,1,0,1,0,0,122
4552861,0,0,1,1,0,0,122
4554175,1,1,0,0,0,0,122
4554198,0,0,0,0,1,0,122
4555050,0,0,0,0,1,0,122
4556696,0,0,0,0,1,0,122
4556727,0,1,1,0,1,0,122
4557100,0,0,0,0,1,0,122
4558871,1,0,0,1,1,0,122
4559213,0,0,0,0,1,0,122
4560535,0,1,0,1,0,0,122
4560549,1,1,1,1,1,0,122
4561874,1,1,1,1,1,0,122
4563060,0,0,1,1,0,0,122
4563894,0,1,1,0,1,0,122
4564854,1,0,1,1,0,0,122
4565106,0,1,1,0,1,0,122
4565689,1,1,1,1,1,0,122
4567695,0,0,1,1,0,0,122
4568367,1,0,1,0,0,0,122
4568899,1,0,1,0,0,0,122
4569253,1,0,1,0,0,0,122
4569620,1,0,0,1,1,0,122
4570380,1,1,0,0,0,0,122
4570728,0,1,0,1,0,0,122
4571060,1,1,1,1,1,0,122
4572611,1,0,0,1,1,0,122
4572894,0,0,0,0,1,0,122
4572946,0,0,0,0,1,0,122
4573566,1,0,1,0,0,0,122
4573908,1,1,1,1,1,0,122
4574205,1,0,0,1,1,0,122
4574289,1,1,0,0,0,0,122
4577691,1,0,0,1,1,0,122
4577869,0,0,0,0,1,0,122
4578240,1,1,1,0,1,1,122
4578618,0,1,1,0,1,0,122
4579149,0,1,1,0,1,0,122
4579886,1,1,0,0,0,0,122
4580846,0,0,1,1,0,0,122
4580925,1,1,1,1,1,0,122
4582036,0,0,0,0,1,0,122
4582259,1,0,0,1,1,0,122
4582292,0,0,1,0,0,0,122
4582765,1,0,1,0,0,0,122
4582885,1,1,0,0,0,0,122
4583616,0,1,1,0,1,0,122
4584573,1,0,1,0,0,0,122
4586601,0,1,1,0,1,0,122
4587740,1,0,0,1,1,0,120
4591496,1,1,0,0,0,0,120
4592525,1,0,1,0,0,0,120
4593551,1,0,1,0,0,0,120
4593626,1,0,1,0,0,0,120
4595790,1,0,0,1,1,0,120
4597570,0,1,0,1,0,0,120
4597608,0,0,0,0,1,0,120
4597666,0,0,0,0,1,0,120
4598112,0,0,0,0,1,0,120
4598742,1,1,1,1,1,0,120
4599590,0,0,1,1,0,0,120
4600932,1,1,1,1,1,0,120
4601308,0,1,0,1,0,0,120
4601537,1,0,1,0,0,0,120
4601585,0,1,0,1,0,0,120
4601635,0,1,0,1,0,0,120
4602007,1,0,1,0,0,0,120
4602311,1,0,1,0,0,0,120
4603181,0,1,0,1,0,0,120
4603392,1,0,0,0,1,1,120
4604906,0,1,1,0,1,0,120
4605170,1,0,0,1,1,0,120
4608583,1,1,1,1,1,0,120
4609252,1,1,1,1,1,0,120
4611156,1,1,0,0,0,0,120
4612612,0,1,0,1,0,0,120
4614177,0,0,1,1,0,0,120
4614580,0,1,0,1,0,0,120
4615409,0,0,0,0,1,0,120
4615669,1,1,1,1,1,0,120
4616764,0,1,0,1,0,0,120
4620129,1,0,1,0,0,0,120
4622393,0,0,1,1,0,0,120
4622916,0,0,1,1,0,0,120
4623849,0,1,0,1,0,0,120
4624296,0,0,1,1,0,0,120
4625872,0,0,0,0,1,0,120
4626440,0,1,0,1,0,0,120
4630568,0,1,1,0,1,0,120
4630978,0,0,1,1,0,0,120
4631341,1,1,0,0,0,0,120
4631550,0,0,0,0,1,0,120
4632526,1,1,0,0,0,0,120
4633724,1,1,1,1,1,0,120
4634772,0,0,0,0,1,0,120
4635338,0,0,1,1,0,0,120
4636248,0,1,0,1,0,0,120
4637553,0,1,1,0,1,0,120
4637580,0,0,1,1,0,0,120
4639128,0,1,0,1,0,0,120
4640667,1,1,0,0,0,0,120
4640842,0,1,0,0,0,0,120
4641082,0,0,1,1,0,0,120
4641455,1,0,0,1,1,0,120
4641603,0,0,1,1,0,0,120
4641854,1,0,0,1,1,0,120
4642476,1,0,0,1,1,0,120
4642772,0,1,1,0,1,0,120
4643188,0,0,0,0,1,0,120
4643704,1,1,1,1,1,0,120
4643834,1,1,0,0,0,0,120
4644519,0,1,1,0,1,0,120
4644918,1,1,1,1,1,0,120
4646116,1,1,1,1,1,0,120
4646173,0,1,0,1,0,0,120
4647416,1,1,0,1,0,0,120
4648348,0,0,1,1,0,0,120
4650133,1,0,1,0,0,0,120
4651214,0,1,1,0,1,0,120
4651237,1,0,1,0,0,0,120
4651440,0,1,0,1,0,0,120
4653876,1,0,1,0,0,0,148
4655221,1,1,1,1,1,0,148
4656202,0,0,1,1,0,0,148
4657165,1,1,0,0,0,0,148
4657963,1,1,0,0,0,0,148
4658613,0,1,0,1,0,0,148
4658941,0,0,1,1,0,0,148
4659938,0,1,1,0,1,0,148
4660634,1,0,1,0,0,0,148
4661708,0,0,1,1,0,0,148
4661775,1,1,1,1,1,0,148
4662039,0,1,0,1,0,0,148
4663668,0,1,0,1,0,0,148
4664625,0,0,0,0,1,0,148
4666128,1,1,1,1,1,0,148
4666627,1,1,0,0,0,0,148
4667230,1,0,1,0,0,0,148
4668657,0,1,1,0,1,0,148
4669342,1,0,1,0,0,0,148
4669369,0,1,0,1,0,0,148
4670214,0,1,1,0,1,0,148
4670814,1,0,1,0,0,0,148
4671188,1,0,1,0,0,0,148
4674652,0,0,0,0,1,0,148
4675387,1,1,0,0,0,0,148
4676106,1,0,0,1,1,0,148
4678228,1,0,1,1,0,0,148
4678607,0,1,0,1,0,0,148
4679193,0,1,1,0,1,0,148
4679913,1,1,1,1,1,0,148
4680933,1,0,0,1,1,0,148
4680947,1,0,0,1,1,0,148
4681004,1,0,0,1,1,0,148
4681610,0,1,1,0,1,0,148
4681733,0,0,0,0,1,0,148
4682161,0,0,0,0,1,0,148
4682506,0,1,1,0,1,0,148
4683582,1,1,0,0,0,0,148
4685763,1,0,0,1,1,0,148
4688179,1,1,0,0,0,0,148
4689033,1,0,0,1,1,0,148
4689211,1,0,0,1,1,0,148
4689662,0,0,1,1,0,0,148
4690069,1,0,0,1,1,0,148
4690080,0,1,0,1,0,0,148
4690129,0,1,0,1,0,0,148
4692089,1,1,0,0,0,0,148
4692224,0,0,0,0,1,0,148
4692410,1,1,0,0,0,0,148
4692524,1,0,0,1,1,0,148
4694477,0,0,1,1,0,0,148
4694589,0,0,1,1,0,0,148
4695448,1,0,0,1,1,0,148
4696249,1,1,1,1,1,0,148
4696967,1,0,1,0,0,0,148
4697738,1,1,0,0,0,0,148
4698208,1,1,0,0,0,0,148
4698490,1,1,1,1,1,0,148
4698726,1,0,1,1,0,0,148
4698817,0,0,1,1,0,0,148
4698849,1,0,1,0,0,0,148
4698851,0,1,1,0,1,0,148
4700867,0,0,0,0,1,0,148
4700946,1,0,0,1,1,0,148
4702171,1,1,0,0,0,0,148
4702611,0,1,0,1,0,0,148
4703068,0,0,0,0,1,0,148
4703508,0,1,1,0,1,0,148
4703844,1,0,1,0,0,0,148
4705056,0,1,0,1,0,0,148
4705060,1,0,1,0,0,0,148
4705070,0,0,0,0,1,0,148
4705856,0,1,0,1,0,0,148
4706214,1,0,1,0,0,0,148
4706290,1,0,0,1,1,0,148
4710777,0,0,1,1,0,0,148
4710810,0,0,1,1,0,0,148
4712186,0,1,1,0,1,0,148
4712708,0,1,0,1,0,0,148
4713432,1,1,0,0,0,0,148
4714131,1,0,0,1,1,0,148
4714621,1,1,1,1,1,0,148
4714730,1,1,1,1,1,0,148
4715165,0,0,1,1,0,0,148
4715956,1,0,0,1,1,0,148
4716012,0,0,0,0,1,0,148
4716049,1,0,0,1,1,0,148
4716221,1,0,1,0,0,0,148
4716606,0,0,0,0,1,0,148
4716794,1,0,0,1,1,0,148
4717498,0,1,1,0,1,0,148
4717740,0,1,0,1,0,0,148
4718399,1,0,1,0,0,0,148
4718962,0,1,0,1,0,0,91
4720852,1,1,1,1,1,0,91
4723295,0,0,0,0,1,0,91
4724252,1,1,0,0,0,0,91
4724874,0,0,0,0,1,0,91
4727484,0,1,1,0,1,0,91
4728322,1,1,0,0,0,0,91
4728719,0,1,1,0,1,0,91
4730102,0,0,1,1,0,0,91
4730400,1,1,0,0,0,0,91
4730430,0,1,0,1,0,0,91
4730716,0,0,1,1,0,0,91
4730736,1,0,1,0,0,0,91
4731705,0,0,1,1,0,0,91
4734566,1,1,0,0,0,0,91
4735745,0,1,1,0,1,0,91
4736260,0,1,0,1,0,0,91
4737701,0,1,0,1,0,0,91
4737817,1,0,0,1,1,0,91
4738521,0,1,1,0,1,0,91
4739303,1,1,0,0,0,0,91
4740235,1,1,0,0,0,0,91
4740346,0,0,0,0,1,0,91
4742187,1,0,1,0,0,0,91
4743312,1,1,0,0,0,0,91
4743433,0,1,0,1,0,0,91
4745359,0,1,1,0,1,0,91
4748035,0,1,0,1,0,0,91
4748183,1,1,0,0,0,0,91
4750620,0,1,1,0,1,0,91
4750825,0,0,0,0,1,0,91
4751176,0,1,1,0,1,0,91
4752501,0,1,1,0,1,0,91
4754198,0,0,0,0,1,0,91
4755816,0,1,0,1,0,0,91
4756347,1,1,0,0,0,0,91
4756364,1,0,1,0,0,0,91
4757071,1,1,0,0,0,0,91
4757601,0,1,0,1,0,0,91
4758652,0,1,0,1,0,0,91
4758821,0,0,0,0,1,0,91
4759701,0,1,0,1,0,0,91
4760221,0,0,1,1,0,0,91
4760600,1,0,0,0,1,1,91
4762854,1,0,0,1,1,0,91
4764804,1,1,0,0,0,0,91
4767034,0,1,1,0,1,0,91
4767734,0,0,0,0,1,0,91
4767839,0,0,0,0,1,0,91
4769538,0,1,0,1,0,0,91
4770331,1,0,0,0,1,1,91
4772016,1,1,0,0,0,0,91
4772215,1,0,0,1,1,0,91
4772412,1,0,1,0,0,0,91
4772518,1,0,0,1,1,0,91
4772521,0,1,0,1,0,0,91
4772693,0,0,0,0,1,0,91
4773869,0,1,0,1,0,0,91
4774953,0,1,0,1,0,0,91
4775484,0,0,1,1,0,0,91
4776889,1,1,1,1,1,0,91
4777490,1,0,1,0,0,0,91
4777614,1,0,1,0,0,0,91
4777654,1,1,0,0,0,0,91
4778698,0,0,1,1,0,0,91
4778712,0,0,1,1,0,0,91
4778884,1,0,0,1,1,0,91
4779215,1,1,1,1,1,0,91
4780219,1,1,0,0,0,0,91
4781015,1,1,1,1,1,0,91
4782147,0,0,0,0,1,0,91
4782221,1,0,1,0,0,0,91
4783534,0,1,0,1,0,0,91
4784783,1,1,1,1,1,0,115
4785010,0,0,1,1,0,0,115
4785505,1,0,0,1,1,0,115
4785953,1,0,0,1,1,0,115
4787520,1,1,1,1,1,0,115
4787763,1,1,1,1,1,0,115
4787807,0,1,1,0,1,0,115
4787857,0,0,1,1,0,0,115
4788294,0,0,0,0,1,0,115
4792143,0,1,0,1,0,0,115
4793515,1,0,1,0,0,0,115
4793539,1,0,1,1,0,0,115
4794069,0,1,0,1,0,0,115
4794112,1,0,0,1,1,0,115
4796274,0,1,0,0,0,0,115
4797032,1,0,0,1,1,0,115
4800794,1,1,0,1,0,0,115
4801228,1,0,1,1,0,0,115
4801465,1,1,0,0,0,0,115
4801913,0,0,0,0,1,0,115
4802933,1,0,1,1,0,0,115
4803555,1,0,0,1,1,0,115
4804484,1,0,0,1,1,0,115
4805082,1,1,1,1,1,0,115
4805181,0,0,1,1,0,0,115
4805251,1,1,0,0,0,0,115
4805975,0,1,1,0,1,0,115
4806112,0,0,0,0,1,0,115
4806332,0,1,1,0,1,0,115
4809321,0,0,0,0,1,0,115
4809695,0,0,1,1,0,0,115
4811352,1,0,1,0,0,0,115
4811684,1,1,0,0,0,0,115
4811928,0,0,0,0,1,0,115
4812878,1,0,1,0,0,0,115
4813976,0,1,1,0,1,0,115
4817125,0,1,1,0,1,0,115
4818044,0,1,0,1,0,0,115
4818081,0,0,0,0,1,0,115
4818109,1,0,1,0,0,0,115
4818263,1,1,0,0,0,0,115
4819137,1,1,1,1,1,0,115
4821202,0,1,0,1,0,0,115
4821528,0,1,1,0,1,0,115
4822235,0,1,1,0,1,0,115
4822695,1,1,1,1,1,0,115
4823920,0,0,0,0,1,0,115
4827639,0,0,0,0,1,0,115
4829314,0,1,1,0,1,0,115
4830298,1,0,0,1,1,0,115
4830319,0,0,1,1,0,0,115
4832150,1,1,1,1,1,0,115
4833716,0,0,0,0,1,0,115
4834179,0,0,0,0,1,0,115
4834354,1,0,1,0,0,0,115
4835955,1,1,1,1,1,0,115
4837806,1,0,0,1,1,0,115
4838315,0,1,1,1,1,1,115
4838544,0,0,1,1,0,0,115
4839711,1,1,1,1,1,0,115
4842128,1,0,1,0,0,0,115
4844173,1,1,0,0,0,0,115
4845058,1,0,0,1,1,0,115
4846012,0,0,1,1,0,0,115
4848371,0,0,0,0,1,0,115
4851219,1,1,0,0,0,0,135
4851223,0,1,1,0,1,0,135
4851280,1,0,1,0,0,0,135
4852896,1,0,1,0,0,0,135
4856521,0,1,0,1,0,0,135
4857600,1,1,0,0,0,0,135
4857819,1,0,1,0,0,0,135
4858778,0,1,0,1,0,0,135
4859459,0,0,0,0,1,0,135
4859480,0,0,1,1,0,0,135
4861241,1,1,1,0,1,1,135
4861558,1,0,0,1,1,0,135
4861925,0,0,0,0,1,0,135
4862242,1,0,0,1,1,0,135
4862596,0,1,1,0,1,0,135
4864465,1,0,0,1,1,0,135
4864663,0,1,1,0,1,0,135
4864732,1,1,0,0,0,0,135
4865322,0,1,0,1,0,0,135
4866107,1,0,0,1,1,0,135
4866399,0,1,1,0,1,0,135
4866524,0,1,1,0,1,0,135
4867392,0,0,1,1,0,0,135
4868486,1,0,1,0,0,0,135
4873033,0,0,1,1,0,0,135
4873091,1,1,0,0,0,0,135
4873430,0,0,1,1,0,0,135
4876087,1,0,0,1,1,0,135
4876121,1,1,0,0,0,0,135
4876139,0,0,1,1,0,0,135
4876565,1,0,1,0,0,0,135
4877391,1,1,0,0,0,0,135
4877630,1,0,1,0,0,0,135
4879126,0,1,1,0,1,0,135
4880489,1,1,0,0,0,0,135
4881446,0,1,0,1,0,0,135
4881573,1,0,1,0,0,0,135
4883052,1,1,0,0,0,0,135
4883320,0,1,0,1,0,0,135
4885446,0,1,1,0,1,0,135
4887464,1,1,0,0,0,0,135
4887471,1,1,1,1,1,0,135
4887938,0,0,0,0,1,0,135
4888421,0,1,1,0,1,0,135
4889535,1,1,0,0,0,0,135
4889572,0,1,0,1,0,0,135
4889692,0,1,0,1,0,0,135
4889742,1,0,0,1,1,0,135
4889865,1,1,1,1,1,0,135
4890312,1,0,1,0,0,0,135
4891539,1,1,1,1,1,0,135
4892587,1,1,0,0,0,0,135
4892588,0,1,1,0,1,0,135
4894907,0,0,1,1,0,0,135
4897336,0,0,0,0,1,0,135
4899182,0,0,1,1,0,0,135
4899501,1,1,1,1,1,0,135
4899785,1,1,0,0,0,0,135
4900263,0,1,0,1,0,0,135
4901790,1,1,0,0,0,0,135
4903387,1,0,1,1,0,0,135
4904886,1,0,1,0,0,0,135
4908122,1,0,0,1,1,0,135
4908989,0,1,0,1,0,0,135
4909009,0,0,0,0,1,0,135
4910521,0,1,0,1,0,0,135
4910807,0,1,1,0,1,0,135
4911328,0,0,1,1,0,0,135
4911479,0,1,0,1,0,0,135
4911498,1,1,1,1,1,0,135
4912121,0,1,1,0,1,0,135
4912539,1,0,1,0,0,0,135
4913163,1,0,0,1,1,0,135
4913283,1,1,1,1,1,0,135
4913843,1,1,0,0,0,0,135
4914429,0,0,0,0,1,0,135
4916485,0,0,1,1,0,0,162
4919541,1,0,0,1,1,0,162
4922117,0,1,0,1,0,0,162
4923227,1,1,1,1,1,0,162
4923435,0,0,1,1,0,0,162
4923750,1,0,0,1,1,0,162
4924981,1,1,1,1,1,0,162
4927254,1,0,1,0,0,0,162
4927506,0,0,1,1,0,0,162
4928442,1,0,0,1,1,0,162
4929637,0,0,0,0,1,0,162
4930004,1,0,0,1,1,0,162
4930158,1,0,0,1,1,0,162
4930722,1,0,0,1,1,0,162
4931593,0,0,0,0,1,0,162
4932353,0,1,1,0,1,0,162
4933186,1,1,1,1,1,0,162
4933746,0,0,1,1,0,0,162
4934305,0,0,1,1,0,0,162
4934840,0,0,1,1,0,0,162
4935402,0,0,0,0,1,0,162
4936121,0,0,0,0,1,0,162
4937147,0,0,0,0,1,0,162
4938012,0,1,1,0,1,0,162
4940450,0,0,0,0,1,0,162
4940575,0,1,1,0,1,0,162
4941036,1,1,1,1,1,0,162
4942264,0,0,1,1,0,0,162
4943029,1,0,0,1,1,0,162
4943148,1,1,1,1,1,0,162
4943627,1,1,1,1,1,0,162
4944376,0,0,1,1,0,0,162
4944542,0,1,1,0,1,0,162
4945891,0,0,1,1,0,0,162
4946749,1,0,1,0,0,0,162
4948652,0,1,0,1,0,0,162
4948777,1,1,0,0,0,0,162
4948864,1,0,0,1,1,0,162
4950543,0,1,1,0,1,0,162
4951139,1,1,0,0,0,0,162
4951287,1,0,0,1,1,0,162
4952264,0,0,1,1,0,0,162
4952524,1,0,0,1,1,0,162
4952538,1,1,0,0,0,0,162
4952982,0,0,0,0,1,0,162
4953904,1,0,0,1,1,0,162
4954088,0,0,1,1,0,0,162
4955387,0,0,1,1,0,0,162
4955426,1,1,1,1,1,0,162
4956845,1,0,0,1,1,0,162
4957342,1,1,1,1,1,0,162
4957782,1,0,0,1,1,0,162
4958554,1,1,0,0,0,0,162
4958741,0,1,0,1,0,0,162
4959570,0,0,1,1,0,0,162
4959820,1,1,1,1,1,0,162
4962412,0,1,1,0,1,0,162
4963153,0,0,1,1,0,0,162
4964109,0,0,1,1,0,0,162
4964162,1,1,0,0,0,0,162
4964256,1,1,0,1,0,0,162
4965256,1,0,0,1,1,0,162
4965497,0,1,1,0,1,0,162
4967216,1,1,0,0,0,0,162
4968072,0,1,1,0,1,0,162
4968624,1,0,0,1,1,0,162
4968750,0,0,1,1,0,0,162
4970187,0,1,0,1,0,0,162
4970226,0,0,0,0,1,0,162
4970491,1,1,0,0,0,0,162
4970538,1,1,0,0,0,0,162
4970612,1,0,0,1,1,0,162
4970999,1,1,0,0,0,0,162
4971575,1,1,0,0,0,0,162
4972001,0,0,1,1,0,0,162
4972399,1,1,1,1,1,0,162
4973553,0,0,1,1,0,0,162
4973616,0,0,0,0,1,0,162
4973731,1,1,1,1,1,0,162
4974310,1,0,0,1,1,0,162
4974725,0,0,0,0,1,0,162
4974876,0,0,1,1,0,0,162
4975379,1,0,0,1,1,0,162
4975863,1,0,0,1,1,0,162
4979269,0,1,0,1,0,0,162
4980480,1,0,1,0,0,0,162
4981441,0,0,1,1,0,0,108
4984532,0,0,1,1,0,0,108
4985601,0,1,1,0,1,0,108
4986926,0,1,1,0,1,0,108
4988723,1,1,1,1,1,0,108
4989701,0,1,0,1,0,0,108
4990994,0,1,1,0,1,0,108
4991045,0,0,1,1,0,0,108
4991871,0,0,1,1,0,0,108
4991954,1,1,0,0,0,0,108
4992062,0,0,1,1,0,0,108
4992592,1,1,0,0,0,0,108
4993659,0,1,1,0,1,0,108
4994799,1,1,0,0,0,0,108
4997126,0,1,0,1,0,0,108
4997501,1,1,1,1,1,0,108
4998566,0,1,0,1,0,0,108
5000876,0,0,0,1,1,1,108
5001872,1,0,0,0,1,1,108
5002029,1,0,0,1,1,0,108
5003161,0,0,0,0,1,0,108
5003781,0,0,1,1,0,0,108
5004089,1,1,1,0,1,1,108
5004819,1,0,1,0,0,0,108
5004988,1,1,1,1,1,0,108
5005467,0,1,1,0,1,0,108
5007558,1,1,1,1,1,0,108
5007890,1,0,0,1,1,0,108
5008109,0,1,1,0,1,0,108
5008572,0,1,1,0,1,0,108
5011166,0,1,0,1,0,0,108
5011458,1,0,0,1,1,0,108
5014693,0,1,1,0,1,0,108
5014826,0,0,0,0,1,0,108
5015277,1,1,1,1,1,0,108
5015796,0,1,0,1,0,0,108
5016671,1,0,0,1,1,0,108
5017628,0,0,1,1,0,0,108
5017779,1,1,1,1,1,0,108
5019859,0,0,0,0,1,0,108
5020151,1,0,1,0,0,0,108
5023071,1,1,1,1,1,0,108
5023735,1,1,1,1,1,0,108
5026021,0,0,1,1,0,0,108
5026988,1,0,1,0,0,0,108
5027463,1,1,1,1,1,0,108
5027548,0,1,1,0,1,0,108
5027874,0,0,1,1,0,0,108
5028053,1,0,1,0,0,0,108
5028362,1,1,0,0,0,0,108
5031064,0,0,1,1,0,0,108
5031319,0,0,0,0,1,0,108
5032887,0,1,1,0,1,0,108
5034206,1,1,0,0,0,0,108
5036753,1,1,0,0,0,0,108
5036993,1,0,0,1,1,0,108
5037586,0,1,1,0,1,0,108
5037903,0,0,1,1,0,0,108
5038494,1,1,1,1,1,0,108
5039034,0,0,1,1,0,0,108
5039423,0,1,1,0,1,0,108
5039628,0,0,0,0,1,0,108
5040702,1,1,1,1,1,0,108
5041101,1,0,1,1,0,0,108
5041282,0,1,1,0,1,0,108
5042084,0,1,0,1,0,0,108
5042542,0,1,0,1,0,0,108
5043070,1,0,1,0,0,0,108
5043827,0,1,1,0,1,0,108
5044574,1,1,1,1,1,0,108
5045531,0,1,1,0,1,0,108
5045678,0,1,1,0,1,0,108
5047044,0,1,1,0,1,0,111
5049085,0,1,0,1,0,0,111
5051046,1,1,1,1,1,0,111
5051109,0,1,0,1,0,0,111
5052313,1,0,0,1,1,0,111
5053834,1,0,0,1,1,0,111
5054487,1,1,1,1,1,0,111
5054519,0,0,1,1,0,0,111
5055939,1,1,1,1,1,0,111
5056376,1,1,0,0,0,0,111
5057384,1,1,1,1,1,0,111
5058824,0,0,0,0,1,0,111
5059781,1,1,0,0,0,0,111
5059822,0,0,0,0,1,0,111
5062284,0,0,1,1,0,0,111
5063912,1,1,0,0,0,0,111
5064015,0,0,0,0,1,0,111
5064451,0,1,0,1,0,0,111
5064554,1,1,1,1,1,0,111
5065346,0,0,0,0,1,0,111
5065542,1,0,1,0,0,0,111
5065681,1,1,1,1,1,0,111
5065786,0,0,0,0,1,0,111
5067992,0,0,1,1,0,0,111
5068195,0,0,1,1,0,0,111
5070435,1,1,0,0,0,0,111
5073724,0,0,0,0,1,0,111
5074634,1,0,0,1,1,0,111
5075791,1,1,1,1,1,0,111
5077227,1,0,1,0,0,0,111
5078820,1,1,1,1,1,0,111
5079211,1,0,1,1,0,0,111
5079814,1,0,0,1,1,0,111
5080225,0,0,1,1,0,0,111
5080654,1,1,1,1,1,0,111
5082437,0,1,0,1,0,0,111
5084607,1,0,1,0,0,0,111
5087071,1,0,1,0,0,0,111
5087627,1,0,1,0,0,0,111
5087664,0,0,1,1,0,0,111
5087908,0,0,0,0,1,0,111
5089365,0,1,1,0,1,0,111
5091240,0,1,0,1,0,0,111
5092289,0,1,0,1,0,0,111
5092581,1,1,0,0,0,0,111
5092644,1,1,0,0,0,0,111
5093007,0,0,1,1,0,0,111
5093830,0,1,0,1,0,0,111
5094757,1,0,0,1,1,0,111
5097775,1,0,0,0,1,1,111
5098570,1,1,0,0,0,0,111
5099007,0,0,1,0,0,0,111
5100108,0,0,1,1,0,0,111
5101088,0,1,1,0,1,0,111
5101181,1,1,0,0,0,0,111
5102186,1,1,0,0,0,0,111
5102992,1,1,1,1,1,0,111
5105220,1,0,1,0,0,0,111
5105478,0,1,0,1,0,0,111
5106297,1,0,1,0,0,0,111
5108083,0,0,0,0,1,0,111
5111563,0,0,0,0,1,0,111
5112686,1,1,0,0,0,0,99
5114221,0,1,1,0,1,0,99
5114790,0,1,1,0,1,0,99
5116209,0,1,1,0,1,0,99
5116387,1,0,1,0,0,0,99
5117422,0,1,0,1,0,0,99
5117764,0,0,0,0,1,0,99
5118463,1,1,1,0,1,1,99
5118626,0,0,0,0,1,0,99
5119006,0,0,1,1,0,0,99
5120639,1,1,1,1,1,0,99
5122037,0,0,1,1,0,0,99
5122466,1,0,1,0,0,0,99
5127206,1,0,1,0,0,0,99
5127216,1,0,1,0,0,0,99
5127361,1,1,1,1,1,0,99
5127454,0,0,0,0,1,0,99
5128169,1,1,1,1,1,0,99
5128249,1,1,1,1,1,0,99
5128590,1,1,1,1,1,0,99
5128597,1,0,0,1,1,0,99
5128983,1,1,0,0,0,0,99
5129603,0,0,0,0,1,0,99
5129866,1,0,1,0,0,0,99
5129954,1,0,1,0,0,0,99
5131112,1,1,1,1,1,0,99
5132309,1,1,0,0,0,0,99
5132927,1,1,1,1,1,0,99
5133003,1,1,1,1,1,0,99
5133022,0,0,1,1,0,0,99
5133626,0,1,1,0,1,0,99
5133782,0,0,1,1,0,0,99
5134884,0,1,0,1,0,0,99
5135226,0,0,1,1,0,0,99
5135438,1,1,0,0,0,0,99
5136095,0,0,1,1,0,0,99
5136806,0,0,1,1,0,0,99
5137077,1,1,0,0,0,0,99
5137353,1,0,0,1,1,0,99
5138091,0,0,0,0,1,0,99
5138396,1,0,0,1,1,0,99
5139804,1,0,1,0,0,0,99
5140278,1,1,0,0,0,0,99
5140516,0,0,0,0,1,0,99
5141265,1,0,1,0,0,0,99
5145033,0,0,1,1,0,0,99
5146369,1,1,1,1,1,0,99
5149004,1,1,0,0,0,0,99
5149436,0,0,1,1,0,0,99
5149544,1,1,1,1,1,0,99
5152907,1,1,1,1,1,0,99
5153313,0,1,1,0,1,0,99
5153390,0,0,1,1,0,0,99
5154444,0,0,1,1,0,0,99
5154654,1,0,1,0,0,0,99
5157307,1,1,0,0,0,0,99
5157823,1,1,0,0,0,0,99
5159775,0,0,1,0,0,0,99
5163839,0,1,0,1,0,0,99
5164126,0,0,0,0,1,0,99
5164501,1,1,1,0,1,1,99
5165291,0,1,1,0,1,0,99
5168348,1,0,1,0,0,0,99
5168488,1,0,1,1,0,0,99
5170161,1,0,1,0,0,0,99
5170395,0,1,1,0,1,0,99
5172944,0,0,1,1,0,0,99
5173914,0,1,0,1,0,0,99
5174135,1,1,1,1,1,0,99
5176364,1,1,1,1,1,0,99
5179787,0,0,1,1,0,0,102
5182000,1,1,1,1,1,0,102
5182150,1,0,1,0,0,0,102
5182247,0,1,0,0,0,0,102
5187696,1,0,1,0,0,0,102
5188456,0,0,0,1,1,1,102
5188557,1,0,0,1,1,0,102
5189037,1,0,1,0,0,0,102
5189785,0,0,1,1,0,0,102
5192477,0,1,1,0,1,0,102
5193309,1,1,0,0,0,0,102
5193799,1,0,0,1,1,0,102
5198841,1,0,0,1,1,0,102
5198851,0,0,0,0,1,0,102
5199861,0,1,0,1,0,0,102
5202562,0,1,1,0,1,0,102
5202996,1,1,0,0,0,0,102
5203526,1,1,1,1,1,0,102
5203731,1,1,0,0,0,0,102
5204973,1,0,0,1,1,0,102
5205469,1,0,1,0,0,0,102
5207775,0,1,0,1,0,0,102
5209384,0,1,1,0,1,0,102
5212571,0,1,0,1,0,0,102
5213953,1,0,0,1,1,0,102
5215322,1,0,1,0,0,0,102
5215588,1,0,0,1,1,0,102
5216842,0,0,0,0,1,0,102
5217015,1,0,0,1,1,0,102
5218552,1,1,1,1,1,0,102
5219522,0,0,0,0,1,0,102
5220301,0,1,0,1,0,0,102
5221226,1,1,0,0,0,0,102
5222652,1,0,0,1,1,0,102
5222964,1,1,0,0,0,0,102
5223632,1,1,1,1,1,0,102
5225670,0,0,0,0,1,0,102
5226006,0,0,1,1,0,0,102
5228837,1,0,1,0,0,0,102
5229550,1,0,1,0,0,0,102
5229554,0,0,0,0,1,0,102
5229817,0,0,0,0,1,0,102
5230330,0,1,1,0,1,0,102
5231563,1,1,1,1,1,0,102
5233953,1,0,0,1,1,0,102
5234070,0,0,1,1,0,0,102
5234265,1,1,1,1,1,0,102
5238701,0,1,0,1,0,0,102
5239819,0,1,1,0,1,0,102
5240383,1,0,0,1,1,0,102
5240384,1,0,0,1,1,0,102
5240783,0,0,1,1,0,0,102
5240861,1,1,1,1,1,0,102
5241443,0,0,0,0,1,0,102
5243116,0,0,1,0,0,0,93
5243728,0,1,1,0,1,0,93
5244965,0,1,1,1,1,1,93
5246109,0,0,0,0,1,0,93
5247259,1,0,1,1,0,0,93
5247611,0,0,1,1,0,0,93
5248188,1,0,1,0,0,0,93
5250455,0,0,0,0,1,0,93
5251820,0,1,0,1,0,0,93
5253037,1,1,0,0,0,0,93
5256070,0,1,0,1,0,0,93
5256525,1,0,0,1,1,0,93
5258177,1,1,1,1,1,0,93
5258332,0,1,0,0,0,0,93
5258569,0,0,0,0,1,0,93
5260588,1,1,0,0,0,0,93
5262094,0,0,0,0,1,0,93
5262315,0,0,0,0,1,0,93
5262644,0,1,1,0,1,0,93
5262876,0,1,1,0,1,0,93
5264600,0,1,0,1,0,0,93
5268432,0,1,0,1,0,0,93
5268952,1,0,0,1,1,0,93
5269636,1,1,1,1,1,0,93
5271514,0,0,1,1,0,0,93
5271642,0,0,0,0,1,0,93
5272287,1,1,1,1,1,0,93
5273159,0,1,0,1,0,0,93
5274828,0,0,1,1,0,0,93
5276843,0,1,0,0,0,0,93
5277763,0,1,1,0,1,0,93
5278877,0,0,1,1,0,0,93
5279324,1,0,0,1,1,0,93
5279946,1,0,1,0,0,0,93
5280083,1,0,1,0,0,0,93
5280568,0,1,0,1,0,0,93
5280761,1,1,0,0,0,0,93
5281041,0,1,1,0,1,0,93
5281778,1,0,0,1,1,0,93
5282930,1,0,1,0,0,0,93
5283904,1,0,0,1,1,0,93
5284852,1,1,1,1,1,0,93
5285922,1,1,0,0,0,0,93
5287712,0,1,1,0,1,0,93
5288814,0,1,0,1,0,0,93
5289859,0,0,1,1,0,0,93
5292326,0,0,1,1,0,0,93
5292386,0,0,1,1,0,0,93
5293715,0,0,1,1,0,0,93
5294305,1,0,0,1,1,0,93
5294344,0,1,0,1,0,0,93
5294590,1,1,0,0,0,0,93
5294754,1,0,0,1,1,0,93
5294790,0,1,1,0,1,0,93
5296178,1,0,0,1,1,0,93
5299678,0,0,1,1,0,0,93
5302238,1,1,0,0,0,0,93
5305241,0,1,1,1,1,1,93
5306374,1,1,1,1,1,0,93
5306669,1,1,1,1,1,0,93
5306991,1,1,0,0,0,0,93
5307171,0,1,1,0,1,0,93
5308670,0,1,1,0,1,0,136
5308790,0,0,1,1,0,0,136
5309109,0,0,0,0,1,0,136
5314267,1,0,1,0,0,0,136
5314290,1,0,1,0,0,0,136
5315019,0,1,1,0,1,0,136
5315936,0,1,0,1,0,0,136
5316117,1,0,0,1,1,0,136
5316259,1,1,0,0,0,0,136
5317230,0,1,0,1,0,0,136
5317286,0,1,0,1,0,0,136
5317616,0,1,1,0,1,0,136
5318019,0,1,0,1,0,0,136
5319301,1,0,1,0,0,0,136
5320330,1,0,1,0,0,0,136
5321256,0,1,1,0,1,0,136
5322649,1,0,0,1,1,0,136
5323240,0,0,0,0,1,0,136
5324179,0,0,1,1,0,0,136
5325520,0,1,1,0,1,0,136
5325540,0,1,0,1,0,0,136
5325783,1,1,1,1,1,0,136
5327664,1,0,0,1,1,0,136
5328277,1,0,1,1,0,0,136
5329114,1,0,0,1,1,0,136
5329471,1,0,0,1,1,0,136
5330381,0,1,0,1,0,0,136
5330422,1,1,0,0,0,0,136
5331042,0,1,0,1,0,0,136
5334563,1,0,0,1,1,0,136
5334786,0,0,0,0,1,0,136
5335465,1,0,1,0,0,0,136
5335633,1,1,0,0,0,0,136
5337257,1,1,0,0,0,0,136
5337533,0,0,0,0,1,0,136
5337808,1,1,1,1,1,0,136
5340538,0,0,1,1,0,0,136
5340911,0,1,0,1,0,0,136
5341998,0,0,0,0,1,0,136
5342066,0,1,1,0,1,0,136
5343097,1,1,1,1,1,0,136
5343830,1,1,0,0,0,0,136
5344057,0,1,1,0,1,0,136
5344301,1,1,0,0,0,0,136
5344546,1,1,1,1,1,0,136
5344947,1,1,0,0,0,0,136
5347809,1,1,0,0,0,0,136
5348460,0,1,0,1,0,0,136
5348737,1,0,0,1,1,0,136
5349520,1,0,1,0,0,0,136
5349786,1,0,0,1,1,0,136
5350950,0,1,0,1,0,0,136
5350972,1,1,1,1,1,0,136
5352337,1,1,0,0,0,0,136
5352411,1,0,1,0,0,0,136
5352840,0,0,1,1,0,0,136
5354267,0,0,1,1,0,0,136
5355217,0,1,0,1,0,0,136
5355749,1,0,1,0,0,0,136
5355983,1,1,1,1,1,0,136
5357366,0,0,0,0,1,0,136
5359145,1,1,1,1,1,0,136
5359269,0,1,0,1,0,0,136
5359299,0,0,0,0,1,0,136
5359349,1,1,0,0,0,0,136
5359467,0,1,1,1,1,1,136
5359967,0,0,1,1,0,0,136
5360324,0,1,1,0,1,0,136
5360400,0,1,1,0,1,0,136
5360792,1,0,1,0,0,0,136
5362937,0,1,1,0,1,0,136
5363964,0,1,1,0,1,0,136
5364441,1,0,0,1,1,0,136
5365317,1,0,1,0,0,0,136
5365764,0,0,0,0,1,0,136
5366147,0,0,0,0,1,0,136
5367044,0,1,0,1,0,0,136
5369301,0,0,0,0,1,0,136
5369571,0,0,0,0,1,0,136
5371842,0,0,1,1,0,0,136
5371995,0,0,1,1,0,0,136
5372074,0,1,0,0,0,0,136
5372534,0,1,1,0,1,0,136
5373122,0,1,1,0,1,0,136
5373372,1,1,1,1,1,0,136
5376650,1,0,1,0,0,0,87
5379153,0,1,0,1,0,0,87
5381359,0,0,1,1,0,0,87
5381702,0,0,1,1,0,0,87
5381791,1,1,1,0,1,1,87
5382953,0,1,1,0,1,0,87
5384837,0,0,1,1,0,0,87
5385517,0,0,0,0,1,0,87
5386351,0,0,0,0,1,0,87
5389433,0,0,0,0,1,0,87
5390113,1,0,0,1,1,0,87
5391484,1,1,0,0,0,0,87
5391673,1,0,0,1,1,0,87
5392370,0,1,1,0,1,0,87
5395066,0,1,1,0,1,0,87
5400137,1,0,0,1,1,0,87
5403513,1,0,0,1,1,0,87
5403553,1,0,1,0,0,0,87
5404467,0,0,0,0,1,0,87
5405085,1,0,0,1,1,0,87
5405823,1,0,0,1,1,0,87
5406229,0,1,1,0,1,0,87
5406522,0,0,0,0,1,0,87
5407843,1,0,1,0,0,0,87
5407964,0,1,0,1,0,0,87
5409001,0,1,0,1,0,0,87
5412267,0,0,1,1,0,0,87
5412755,0,0,0,0,1,0,87
5414335,1,0,0,1,1,0,87
5414485,1,0,1,0,0,0,87
5416172,1,1,1,1,1,0,87
5416440,1,1,0,0,0,0,87
5416827,1,1,1,0,1,1,87
5418892,1,1,1,1,1,0,87
5421520,0,1,0,1,0,0,87
5422898,0,0,1,1,0,0,87
5425085,1,1,1,1,1,0,87
5425209,0,0,1,1,0,0,87
5425499,1,0,0,1,1,0,87
5426194,0,1,1,0,1,0,87
5426609,1,0,0,1,1,0,87
5429266,0,0,0,0,1,0,87
5429688,1,0,0,1,1,0,87
5429976,0,0,1,1,0,0,87
5430486,1,1,1,1,1,0,87
5432107,1,1,0,0,0,0,87
5433556,0,0,0,0,1,0,87
5437778,0,0,1,1,0,0,87
5439495,0,0,1,1,0,0,129
5440149,1,1,0,0,0,0,129
5440324,1,1,0,0,0,0,129
5440651,1,0,1,1,0,0,129
5441322,1,0,1,0,0,0,129
5441494,1,1,0,0,0,0,129
5441922,1,1,1,0,1,1,129
5443056,0,0,1,1,0,0,129
5445119,0,1,1,0,1,0,129
5447034,1,0,0,1,1,0,129
5448221,0,0,0,0,1,0,129
5449596,1,1,1,1,1,0,129
5450389,0,1,0,1,0,0,129
5451426,1,1,1,1,1,0,129
5451702,1,0,0,1,1,0,129
5453619,0,1,0,1,0,0,129
5454670,1,1,1,1,1,0,129
5456431,0,0,0,0,1,0,129
5456816,1,1,1,1,1,0,129
5457463,1,0,0,1,1,0,129
5457659,0,0,1,1,0,0,129
5457686,1,0,1,0,0,0,129
5458333,0,0,1,1,0,0,129
5458512,0,0,0,0,1,0,129
5458636,0,1,1,0,1,0,129
5459731,1,1,1,1,1,0,129
5461271,1,0,0,1,1,0,129
5464700,1,0,1,0,0,0,129
5464800,0,1,0,1,0,0,129
5466242,0,1,1,0,1,0,129
5466866,1,1,1,1,1,0,129
5467048,1,1,1,1,1,0,129
5467925,1,1,0,0,0,0,129
5468973,1,0,0,1,1,0,129
5469501,1,0,1,0,0,0,129
5469894,1,0,1,0,0,0,129
5470390,0,0,1,1,0,0,129
5471423,1,0,1,0,0,0,129
5471716,1,1,0,0,0,0,129
5472733,1,0,1,0,0,0,129
5473249,0,0,0,0,1,0,129
5473357,1,1,0,0,0,0,129
5474172,0,1,0,1,0,0,129
5474523,1,0,1,0,0,0,129
5474792,1,0,1,0,0,0,129
5474936,1,1,1,0,1,1,129
5475017,0,1,1,0,1,0,129
5475330,0,1,0,1,0,0,129
5475781,0,0,1,1,0,0,129
5476995,0,0,1,1,0,0,129
5477225,0,1,1,0,1,0,129
5478166,1,1,1,1,1,0,129
5478604,1,0,1,0,0,0,129
5478850,1,1,1,1,1,0,129
5478852,1,0,1,0,0,0,129
5480446,1,1,0,0,0,0,129
5481770,1,1,1,1,1,0,129
5482273,1,0,1,0,0,0,129
5482357,1,1,1,1,1,0,129
5482680,1,1,0,0,0,0,129
5482821,1,1,1,1,1,0,129
5482910,1,0,1,1,0,0,129
5483459,0,1,1,0,1,0,129
5483895,0,0,1,1,0,0,129
5485002,0,1,1,0,1,0,129
5485461,0,1,1,0,1,0,129
5486465,1,1,0,0,0,0,129
5486936,1,0,1,0,0,0,129
5487284,0,0,1,0,0,0,129
5487864,1,0,0,1,1,0,129
5488030,0,0,1,1,0,0,129
5488142,0,1,0,1,0,0,129
5490600,0,0,1,1,0,0,129
5491698,0,1,0,1,0,0,129
5492389,1,1,0,0,0,0,129
5493038,1,1,0,0,0,0,129
5495172,1,0,0,1,1,0,129
5495660,0,1,0,1,0,0,129
5495767,0,0,0,0,1,0,129
5496279,0,0,0,0,1,0,129
5498507,1,1,0,0,0,0,129
5498901,0,1,0,1,0,0,129
5499681,0,0,1,1,0,0,129
5499702,0,1,0,1,0,0,129
5500037,0,1,1,0,1,0,129
5502055,1,0,1,0,0,0,129
5503121,0,0,0,0,1,0,129
5504611,1,0,0,1,1,0,129
5504954,1,0,1,0,0,0,129
5506266,0,1,0,1,0,0,64
5507158,1,1,1,1,1,0,64
5507709,1,1,1,1,1,0,64
5509500,0,0,1,1,0,0,64
5510139,0,1,1,0,1,0,64
5511060,0,1,0,1,0,0,64
5512680,0,1,1,0,1,0,64
5514917,0,1,0,1,0,0,64
5515642,1,0,0,1,1,0,64
5519917,1,0,0,1,1,0,64
5520772,0,1,1,0,1,0,64
5520840,0,1,1,0,1,0,64
5523300,1,0,0,1,1,0,64
5524107,1,0,0,1,1,0,64
5524343,0,0,1,1,0,0,64
5531036,0,0,0,1,1,1,64
5533040,0,1,0,1,0,0,64
5533322,0,0,0,0,1,0,64
5534376,0,0,1,1,0,0,64
5538858,0,0,1,1,0,0,64
5542759,1,1,0,0,0,0,64
5542985,1,1,1,1,1,0,64
5544277,1,0,0,1,1,0,64
5544595,0,1,1,0,1,0,64
5547383,0,0,0,0,1,0,64
5547893,1,0,0,1,1,0,64
5549143,1,0,1,0,0,0,64
5551521,0,0,0,1,1,1,64
5553681,0,1,1,0,1,0,64
5560834,0,1,0,1,0,0,64
5564560,0,1,0,0,0,0,64
5565032,0,1,0,1,0,0,64
5566033,1,0,1,0,0,0,64
5568251,0,1,0,1,0,0,64
5571469,1,1,1,1,1,0,221
5571635,0,1,1,0,1,0,221
5571837,1,0,1,1,0,0,221
5572632,0,0,1,1,0,0,221
5572673,1,0,0,1,1,0,221
5574413,0,0,1,0,0,0,221
5574443,0,1,0,1,0,0,221
5575373,1,1,1,1,1,0,221
5576757,0,0,1,1,0,0,221
5577288,0,1,0,1,0,0,221
5577651,1,1,1,1,1,0,221
5579316,0,1,0,1,0,0,221
5579351,1,0,0,1,1,0,221
5579366,1,1,0,0,0,0,221
5579376,0,0,1,1,0,0,221
5579617,1,1,1,1,1,0,221
5579716,0,0,0,0,1,0,221
5579770,1,1,0,0,0,0,221
5579790,0,0,0,0,1,0,221
5579970,0,1,1,0,1,0,221
5581142,0,0,1,1,0,0,221
5581376,1,1,1,1,1,0,221
5581871,0,0,1,1,0,0,221
5582161,0,0,1,1,0,0,221
5582346,1,0,1,0,0,0,221
5582416,1,1,1,1,1,0,221
5583268,1,1,0,0,0,0,221
5583340,0,0,1,1,0,0,221
5583580,0,1,0,1,0,0,221
5583598,0,1,0,1,0,0,221
5583811,0,1,1,0,1,0,221
5584050,0,0,1,1,0,0,221
5584163,0,0,1,1,0,0,221
5585311,0,1,0,1,0,0,221
5585980,1,1,0,0,0,0,221
5587550,0,0,0,0,1,0,221
5588401,1,0,0,1,1,0,221
5588843,1,0,1,1,0,0,221
5589607,1,0,1,0,0,0,221
5590290,1,0,1,0,0,0,221
5591119,0,0,1,1,0,0,221
5592038,1,0,0,1,1,0,221
5592208,1,1,0,0,0,0,221
5592544,0,0,1,1,0,0,221
5592676,1,0,0,1,1,0,221
5592949,0,0,1,1,0,0,221
5594232,1,1,0,0,0,0,221
5595625,0,1,1,0,1,0,221
5595697,1,0,1,0,0,0,221
5595878,1,1,0,0,0,0,221
5596390,0,0,0,0,1,0,221
5596550,0,0,1,1,0,0,221
5597236,0,0,1,1,0,0,221
5597587,1,1,0,0,0,0,221
5597707,1,1,0,0,0,0,221
5597945,1,0,0,1,1,0,221
5598377,0,1,1,0,1,0,221
5598425,0,1,1,0,1,0,221
5598751,0,0,1,1,0,0,221
5599763,0,0,1,1,0,0,221
5600062,0,1,1,0,1,0,221
5600101,1,1,0,0,0,0,221
5600293,0,0,1,1,0,0,221
5601278,0,1,1,0,1,0,221
5602708,0,0,0,0,1,0,221
5602710,0,1,0,1,0,0,221
5603114,1,0,1,0,0,0,221
5603259,0,1,1,0,1,0,221
5604659,1,0,1,1,0,0,221
5604790,0,0,1,1,0,0,221
5605695,1,0,0,1,1,0,221
5605732,1,1,1,1,1,0,221
5605774,1,0,0,1,1,0,221
5605808,0,0,1,1,0,0,221
5605909,0,0,0,0,1,0,221
5606118,1,0,0,1,1,0,221
5607167,0,0,1,1,0,0,221
5607497,1,1,1,1,1,0,221
5607871,1,0,1,0,0,0,221
5608410,0,1,0,1,0,0,221
5608787,0,1,0,1,0,0,221
5608788,1,0,1,0,0,0,221
5608818,0,1,0,1,0,0,221
5608982,1,0,1,0,0,0,221
5609955,0,1,0,1,0,0,221
5610374,1,1,0,0,0,0,221
5610750,1,0,1,0,0,0,221
5611375,0,0,0,0,1,0,221
5612444,1,0,1,0,0,0,221
5612537,1,1,1,1,1,0,221
5612921,1,0,0,1,1,0,221
5613323,0,0,1,1,0,0,221
5613720,1,0,1,0,0,0,221
5614003,1,1,1,1,1,0,221
5614774,1,1,0,1,0,0,221
5614922,0,0,1,1,0,0,221
5615322,1,1,0,0,0,0,221
5615837,1,1,1,1,1,0,221
5616051,1,0,1,0,0,0,221
5616259,0,0,1,1,0,0,221
5616436,0,1,0,1,0,0,221
5616448,1,0,1,0,0,0,221
5616485,1,0,0,1,1,0,221
5618162,1,0,0,1,1,0,221
5618227,0,1,0,1,0,0,221
5619692,0,0,1,1,0,0,221
5619977,1,0,0,1,1,0,221
5620564,1,1,1,1,1,0,221
5620675,0,0,0,0,1,0,221
5620727,1,1,1,1,1,0,221
5620809,0,0,1,1,0,0,221
5620827,0,0,1,1,0,0,221
5620959,0,0,1,1,0,0,221
5622104,1,1,1,1,1,0,221
5622298,0,0,1,1,0,0,221
5622538,0,1,1,0,1,0,221
5622547,1,0,0,1,1,0,221
5622857,1,0,0,1,1,0,221
5622907,0,0,0,0,1,0,221
5623686,1,1,0,0,0,0,221
5624105,1,0,0,1,1,0,221
5625308,0,0,0,0,1,0,221
5625407,1,0,1,0,0,0,221
5627129,1,1,1,1,1,0,221
5627374,1,1,0,0,0,0,221
5628895,1,1,0,0,0,0,221
5628997,0,0,1,1,0,0,221
5630637,1,0,1,0,0,0,221
5630731,0,0,0,0,1,0,221
5631968,1,0,1,0,0,0,221
5632228,0,0,0,0,1,0,221
5632673,0,0,0,0,1,0,221
5633096,0,1,1,0,1,0,221
5634364,1,1,0,0,0,0,221
5634699,1,1,1,1,1,0,221
5634770,0,0,1,1,0,0,221
5634914,1,0,1,0,0,0,221
5635101,0,0,0,0,1,0,221
5635175,1,1,0,0,0,0,221
5635375,1,0,0,1,1,0,221
5636443,0,0,1,1,0,0,126
5637573,0,1,0,0,0,0,126
5637735,1,1,1,1,1,0,126
5638242,1,1,0,0,0,0,126
5641448,0,1,1,0,1,0,126
5641475,1,0,1,0,0,0,126
5641946,1,1,1,1,1,0,126
5642922,0,1,1,0,1,0,126
5643738,0,1,1,0,1,0,126
5645222,1,1,0,0,0,0,126
5645436,1,1,0,0,0,0,126
5645465,0,1,0,1,0,0,126
5645599,1,0,1,0,0,0,126
5645765,0,1,1,0,1,0,126
5645840,1,0,1,0,0,0,126
5646626,0,0,0,0,1,0,126
5647112,0,0,0,0,1,0,126
5647570,0,1,0,1,0,0,126
5647822,1,1,1,1,1,0,126
5648424,0,0,0,0,1,0,126
5649989,1,0,1,0,0,0,126
5650025,1,0,0,1,1,0,126
5650159,0,1,1,0,1,0,126
5652059,1,0,1,0,0,0,126
5653879,1,1,0,0,0,0,126
5655496,1,0,1,0,0,0,126
5656656,0,0,1,1,0,0,126
5657226,0,0,0,0,1,0,126
5657324,0,1,1,0,1,0,126
5658782,0,1,1,0,1,0,126
5659639,0,0,1,1,0,0,126
5659652,0,1,1,0,1,0,126
5660344,0,0,0,0,1,0,126
5660670,1,1,1,1,1,0,126
5662180,0,0,1,1,0,0,126
5663953,0,0,0,0,1,0,126
5664552,0,0,0,0,1,0,126
5665245,1,1,1,1,1,0,126
5665551,0,0,1,1,0,0,126
5665729,0,0,1,1,0,0,126
5666195,0,0,1,1,0,0,126
5667805,1,0,0,1,1,0,126
5667944,1,0,0,1,1,0,126
5668419,0,1,0,1,0,0,126
5673678,1,1,0,0,0,0,126
5674000,1,0,1,0,0,0,126
5676228,1,0,0,1,1,0,126
5678165,1,1,0,0,0,0,126
5678244,0,1,0,1,0,0,126
5678818,1,1,0,0,0,0,126
5680260,1,0,0,1,1,0,126
5680504,1,0,1,0,0,0,126
5682862,0,0,1,1,0,0,126
5683330,1,1,0,0,0,0,126
5684711,1,0,0,1,1,0,126
5685445,1,1,0,0,0,0,126
5685668,1,0,0,1,1,0,126
5687086,1,0,1,0,0,0,126
5687488,0,1,0,1,0,0,126
5688427,0,0,1,1,0,0,126
5690003,1,0,1,0,0,0,126
5691561,0,0,0,0,1,0,126
5692082,1,0,0,1,1,0,126
5692400,0,1,0,1,0,0,126
5693510,0,0,0,0,1,0,126
5693900,1,1,0,0,0,0,126
5695407,1,1,1,1,1,0,126
5695526,0,1,1,0,1,0,126
5696776,0,0,1,1,0,0,126
5697088,1,0,0,1,1,0,126
5697230,0,1,1,0,1,0,126
5697547,1,0,0,1,1,0,126
5698588,0,1,0,1,0,0,126
5699336,0,0,0,0,1,0,126
5700683,0,0,1,1,0,0,126
5702797,1,0,0,1,1,0,165
5703029,0,0,1,1,0,0,165
5703424,0,0,1,1,0,0,165
5705350,1,1,1,1,1,0,165
5705690,1,1,1,1,1,0,165
5706195,1,1,0,0,0,0,165
5706380,0,0,1,1,0,0,165
5707671,0,1,0,1,0,0,165
5707960,0,0,0,0,1,0,165
5707993,1,1,0,0,0,0,165
5709067,0,1,1,0,1,0,165
5710018,0,1,0,1,0,0,165
5710565,0,1,0,1,0,0,165
5710902,0,0,1,1,0,0,165
5711919,0,1,0,1,0,0,165
5712051,0,0,0,0,1,0,165
5712162,1,0,0,1,1,0,165
5713098,0,1,1,0,1,0,165
5713944,1,0,0,1,1,0,165
5714418,1,0,0,1,1,0,165
5714787,1,0,1,0,0,0,165
5715291,1,1,1,1,1,0,165
5716237,1,1,0,0,0,0,165
5716735,0,0,1,1,0,0,165
5717238,0,1,1,0,1,0,165
5717262,0,1,1,0,1,0,165
5718668,1,1,1,1,1,0,165
5719966,0,1,0,1,0,0,165
5720410,1,1,0,0,0,0,165
5720743,0,0,1,1,0,0,165
5721105,1,1,0,0,0,0,165
5721608,0,0,0,0,1,0,165
5721944,1,1,1,1,1,0,165
5722736,1,1,1,1,1,0,165
5723177,1,0,0,1,1,0,165
5724764,0,0,1,1,0,0,165
5725481,1,1,1,1,1,0,165
5727581,0,1,0,1,0,0,165
5727685,0,0,0,0,1,0,165
5727870,0,1,0,1,0,0,165
5727930,0,0,1,1,0,0,165
5729380,0,1,1,0,1,0,165
5730033,1,0,1,0,0,0,165
5730328,1,0,1,0,0,0,165
5731604,0,0,0,0,1,0,165
5733035,0,1,0,1,0,0,165
5733240,0,0,0,0,1,0,165
5733546,1,0,1,0,0,0,165
5735306,1,1,1,1,1,0,165
5735606,0,1,1,0,1,0,165
5736665,0,0,0,0,1,0,165
5736844,1,0,1,0,0,0,165
5737156,0,1,1,0,1,0,165
5737828,1,1,1,1,1,0,165
5738311,1,1,0,1,0,0,165
5738512,1,1,0,0,0,0,165
5738572,1,0,0,1,1,0,165
5739554,0,1,1,0,1,0,165
5739694,0,0,0,0,1,0,165
5740801,0,0,0,0,1,0,165
5740879,0,0,1,1,0,0,165
5741563,1,0,1,0,0,0,165
5742265,0,1,0,1,0,0,165
5742859,1,1,0,0,0,0,165
5744070,1,0,1,0,0,0,165
5744379,1,1,1,1,1,0,165
5744727,0,1,0,1,0,0,165
5745032,0,1,1,0,1,0,165
5745770,1,0,0,1,1,0,165
5745955,0,1,1,0,1,0,165
5746169,1,0,1,0,0,0,165
5746297,1,0,1,0,0,0,165
5746514,1,0,1,0,0,0,165
5746652,0,1,0,1,0,0,165
5746975,1,0,0,1,1,0,165
5747962,0,0,0,0,1,0,165
5748292,0,0,1,1,0,0,165
5749128,1,0,1,0,0,0,165
5749798,0,0,0,0,1,0,165
5753230,0,1,1,0,1,0,165
5753325,0,1,0,1,0,0,165
5753329,0,1,0,1,0,0,165
5754255,0,0,0,0,1,0,165
5755209,0,1,1,0,1,0,165
5755415,0,1,1,0,1,0,165
5755793,0,0,1,1,0,0,165
5755817,0,1,1,0,1,0,165
5756158,0,0,1,1,0,0,165
5756867,0,0,1,1,0,0,165
5757020,1,1,1,1,1,0,165
5757299,0,1,1,0,1,0,165
5757301,0,1,1,0,1,0,165
5757417,0,1,1,0,1,0,165
5757814,1,1,0,0,0,0,165
5757892,0,0,0,1,1,1,165
5758696,0,0,1,1,0,0,165
5758933,0,1,1,0,1,0,165
5759348,1,1,1,0,1,1,165
5759408,0,0,0,0,1,0,165
5759579,0,0,0,0,1,0,165
5760300,1,1,1,1,1,0,165
5760585,0,1,1,0,1,0,165
5761544,1,0,0,1,1,0,165
5761623,1,1,0,0,0,0,165
5761976,1,1,1,1,1,0,165
5764189,0,0,1,1,0,0,165
5764580,0,0,1,1,0,0,165
5765001,0,1,1,0,1,0,165
5765138,1,1,0,1,0,0,165
5765543,0,1,0,1,0,0,165
5765687,1,1,1,1,1,0,165
5765717,1,1,1,1,1,0,165
5765800,0,1,1,0,1,0,165
5766168,1,0,0,1,1,0,165
5766834,1,1,0,1,0,0,165
5771162,0,1,1,0,1,0,136
5771719,1,0,1,0,0,0,136
5772216,0,0,0,0,1,0,136
5773102,1,0,0,1,1,0,136
5774944,1,1,1,1,1,0,136
5774959,0,0,1,1,0,0,136
5776106,1,1,1,1,1,0,136
5776350,1,1,1,1,1,0,136
5776417,0,1,1,0,1,0,136
5776953,1,0,1,0,0,0,136
5777105,1,1,0,0,0,0,136
5778177,1,1,0,0,0,0,136
5779780,1,1,1,1,1,0,136
5779998,1,0,0,1,1,0,136
5780109,0,0,0,0,1,0,136
5780244,0,0,1,1,0,0,136
5780789,0,0,0,0,1,0,136
5780819,1,1,1,1,1,0,136
5782572,0,1,0,1,0,0,136
5783321,1,1,0,0,0,0,136
5783729,1,0,1,0,0,0,136
5783863,1,0,1,0,0,0,136
5784833,0,0,1,1,0,0,136
5785916,1,0,0,1,1,0,136
5787433,0,1,1,0,1,0,136
5787832,1,1,0,0,0,0,136
5788063,0,1,1,0,1,0,136
5788171,0,1,1,0,1,0,136
5788632,1,0,1,0,0,0,136
5788779,1,1,1,1,1,0,136
5788894,0,1,1,1,1,1,136
5789186,0,0,1,1,0,0,136
5790254,1,0,0,1,1,0,136
5790316,1,1,0,0,0,0,136
5790617,0,0,0,0,1,0,136
5790871,0,0,1,1,0,0,136
5796579,0,1,1,0,1,0,136
5797032,1,1,1,1,1,0,136
5797296,0,1,0,1,0,0,136
5798683,0,0,1,1,0,0,136
5799713,1,1,1,1,1,0,136
5800075,1,1,0,0,0,0,136
5801429,1,0,1,0,0,0,136
5801666,1,1,0,0,0,0,136
5802466,1,0,0,1,1,0,136
5802655,1,0,1,0,0,0,136
5804183,0,0,0,0,1,0,136
5805316,1,0,1,0,0,0,136
5805457,1,0,1,0,0,0,136
5806160,0,0,0,0,1,0,136
5806224,1,0,0,1,1,0,136
5806985,0,0,0,0,1,0,136
5807919,1,1,0,0,0,0,136
5809398,1,1,0,0,0,0,136
5810876,1,1,0,0,0,0,136
5812217,1,0,0,1,1,0,136
5813255,1,0,1,0,0,0,136
5813956,1,1,0,0,0,0,136
5814046,0,1,1,0,1,0,136
5814313,1,0,0,1,1,0,136
5815585,1,0,0,1,1,0,136
5817622,1,0,0,1,1,0,136
5818719,1,1,1,1,1,0,136
5818968,0,1,1,0,1,0,136
5819393,0,0,0,0,1,0,136
5819806,1,1,0,0,0,0,136
5819905,1,0,1,1,0,0,136
5821119,1,1,1,1,1,0,136
5822048,0,1,0,1,0,0,136
5822358,1,1,1,1,1,0,136
5823599,1,1,0,1,0,0,136
5824026,1,1,0,1,0,0,136
5824198,1,0,0,1,1,0,136
5824792,1,1,1,1,1,0,136
5827226,0,0,1,1,0,0,136
5827300,1,1,1,1,1,0,136
5827588,0,1,1,0,1,0,136
5828068,0,1,1,0,1,0,136
5828132,0,0,1,1,0,0,136
5828303,0,0,1,1,0,0,136
5828710,0,0,1,1,0,0,136
5828746,1,1,0,0,0,0,136
5828841,0,1,0,1,0,0,136
5828903,1,1,1,1,1,0,136
5828971,1,1,1,1,1,0,136
5829602,1,0,0,1,1,0,136
5829821,1,1,0,0,0,0,136
5830619,1,1,0,0,0,0,136
5832068,1,0,0,1,1,0,136
5832730,0,0,0,0,1,0,97
5833935,1,0,1,0,0,0,97
5834203,0,0,1,1,0,0,97
5836382,1,1,1,1,1,0,97
5837610,0,1,1,0,1,0,97
5837835,0,0,0,0,1,0,97
5839281,1,1,0,0,0,0,97
5839651,0,0,1,1,0,0,97
5839880,0,1,1,0,1,0,97
5840712,1,0,0,1,1,0,97
5840815,1,1,0,0,0,0,97
5841911,0,0,0,0,1,0,97
5842148,0,0,0,0,1,0,97
5842851,1,0,0,1,1,0,97
5844082,0,1,1,0,1,0,97
5845983,1,1,1,1,1,0,97
5848078,0,0,1,1,0,0,97
5849291,0,0,1,1,0,0,97
5850171,1,1,1,1,1,0,97
5850497,1,1,1,1,1,0,97
5853009,0,1,0,1,0,0,97
5854184,0,0,0,0,1,0,97
5855680,0,1,1,0,1,0,97
5855864,1,1,1,1,1,0,97
5856792,0,1,1,0,1,0,97
5857423,0,1,1,0,1,0,97
5864250,0,0,0,0,1,0,97
5864562,0,0,1,1,0,0,97
5865262,1,0,1,0,0,0,97
5866616,1,0,1,1,0,0,97
5868375,1,0,0,1,1,0,97
5868577,0,0,1,1,0,0,97
5869217,0,1,1,0,1,0,97
5870429,1,0,0,1,1,0,97
5870930,0,0,0,0,1,0,97
5873985,0,1,0,1,0,0,97
5874988,0,1,0,1,0,0,97
5875379,0,1,0,1,0,0,97
5877446,1,0,0,1,1,0,97
5877706,1,0,0,1,1,0,97
5879898,0,0,1,1,0,0,97
5881180,0,1,0,1,0,0,97
5882631,1,0,1,0,0,0,97
5883802,1,0,1,0,0,0,97
5884792,0,0,1,1,0,0,97
5885418,0,1,0,0,0,0,97
5885841,0,1,1,0,1,0,97
5886380,0,1,1,0,1,0,97
5888856,0,0,1,1,0,0,97
5889018,0,1,1,0,1,0,97
5890917,0,0,0,0,1,0,97
5893104,1,1,1,1,1,0,97
5894007,0,0,1,1,0,0,97
5894253,0,1,1,0,1,0,97
5896914,0,1,1,0,1,0,97
5899610,0,0,0,0,1,0,193
5901093,1,0,1,0,0,0,193
5901099,1,1,0,0,0,0,193
5901286,1,0,0,1,1,0,193
5901876,1,1,1,1,1,0,193
5902098,0,1,1,0,1,0,193
5902142,1,0,0,1,1,0,193
5902718,1,0,1,0,0,0,193
5902862,1,0,1,0,0,0,193
5903204,0,0,0,0,1,0,193
5903326,1,0,1,1,0,0,193
5903339,0,1,1,1,1,1,193
5903797,0,1,1,0,1,0,193
5903877,1,0,0,1,1,0,193
5905411,1,0,1,0,0,0,193
5905664,1,0,0,1,1,0,193
5905893,1,1,1,1,1,0,193
5906356,0,1,1,0,1,0,193
5906622,1,0,0,1,1,0,193
5906639,0,0,1,1,0,0,193
5907379,1,1,1,1,1,0,193
5908487,0,1,0,1,0,0,193
5908500,0,0,0,0,1,0,193
5908577,0,0,0,0,1,0,193
5909225,1,1,1,1,1,0,193
5909430,0,0,0,0,1,0,193
5910301,1,0,0,1,1,0,193
5910416,1,1,1,1,1,0,193
5910735,1,1,0,0,0,0,193
5913243,1,0,0,1,1,0,193
5913405,1,0,0,1,1,0,193
5913605,1,0,1,0,0,0,193
5914066,0,0,0,0,1,0,193
5914067,0,1,1,0,1,0,193
5915174,1,1,0,0,0,0,193
5915224,1,1,1,1,1,0,193
5915599,1,0,0,1,1,0,193
5916001,1,1,1,1,1,0,193
5916621,0,1,1,0,1,0,193
5916894,0,0,1,1,0,0,193
5917453,0,0,1,1,0,0,193
5917458,1,1,1,1,1,0,193
5917506,1,1,0,0,0,0,193
5917576,0,1,1,0,1,0,193
5918374,1,1,0,0,0,0,193
5919452,1,1,1,1,1,0,193
5920198,0,0,1,1,0,0,193
5920274,0,0,1,1,0,0,193
5920436,0,1,0,1,0,0,193
5921220,0,0,1,1,0,0,193
5921270,0,0,0,0,1,0,193
5921518,0,0,0,0,1,0,193
5921859,1,0,1,0,0,0,193
5921962,1,1,1,1,1,0,193
5922662,0,1,1,0,1,0,193
5922775,1,0,0,1,1,0,193
5923270,1,1,1,1,1,0,193
5924654,1,0,0,1,1,0,193
5925084,0,1,0,1,0,0,193
5925401,1,0,1,0,0,0,193
5925429,0,1,1,0,1,0,193
5925827,1,0,0,1,1,0,193
5926585,0,0,1,1,0,0,193
5927257,0,0,0,0,1,0,193
5928879,0,0,0,0,1,0,193
5929006,1,0,1,0,0,0,193
5929783,0,0,1,1,0,0,193
5929994,0,0,1,1,0,0,193
5930853,1,1,1,1,1,0,193
5931993,0,0,1,1,0,0,193
5932180,0,0,0,0,1,0,193
5932626,0,0,1,1,0,0,193
5933740,0,1,0,1,0,0,193
5934032,0,0,1,1,0,0,193
5934566,1,0,1,0,0,0,193
5934613,1,0,1,0,0,0,193
5934798,0,0,0,1,1,1,193
5935128,1,1,1,1,1,0,193
5935194,1,0,1,0,0,0,193
5935264,1,0,0,1,1,0,193
5936282,0,0,0,0,1,0,193
5936626,1,1,0,0,0,0,193
5938092,0,0,1,1,0,0,193
5938578,1,1,1,1,1,0,193
5938886,0,1,0,1,0,0,193
5939061,1,1,1,1,1,0,193
5940639,1,1,0,0,0,0,193
5940804,0,1,1,0,1,0,193
5941224,0,0,1,1,0,0,193
5942213,1,0,0,1,1,0,193
5942544,1,0,1,0,0,0,193
5944641,1,0,0,1,1,0,193
5944782,0,0,0,0,1,0,193
5945028,0,0,1,1,0,0,193
5945345,1,0,1,0,0,0,193
5945374,1,0,1,0,0,0,193
5945839,1,0,0,1,1,0,193
5946786,0,1,0,1,0,0,193
5946992,1,1,0,0,0,0,193
5947656,1,0,1,0,0,0,193
5947883,1,0,0,1,1,0,193
5948043,0,1,0,1,0,0,193
5948269,0,0,0,0,1,0,193
5948352,1,1,0,0,0,0,193
5948459,1,1,0,0,0,0,193
5950693,1,1,1,1,1,0,193
5951963,1,0,1,0,0,0,193
5953080,1,0,1,0,0,0,193
5954686,0,1,0,1,0,0,193
5955052,1,0,1,0,0,0,193
5955917,0,1,0,1,0,0,193
5956016,0,0,0,0,1,0,193
5956386,0,0,0,0,1,0,193
5956465,0,1,1,0,1,0,193
5957008,0,0,0,0,1,0,193
5957216,1,1,0,0,0,0,193
5957342,0,1,1,0,1,0,193
5958715,0,1,0,0,0,0,193
5959156,0,1,0,1,0,0,193
5960654,1,1,0,0,0,0,193
5961139,0,0,0,0,1,0,193
5962402,0,1,1,0,1,0,193
5962453,1,0,1,0,0,0,193
5962690,1,1,0,0,0,0,193
5963359,1,1,0,0,0,0,193
5964459,0,1,1,0,1,0,101
5965769,0,0,1,1,0,0,101
5966095,0,0,1,0,0,0,101
5966668,1,1,0,1,0,0,101
5967032,1,0,1,0,0,0,101
5967955,0,0,0,0,1,0,101
5969643,1,0,0,1,1,0,101
5972273,0,1,1,0,1,0,101
5973439,1,1,1,1,1,0,101
5975593,1,0,1,0,0,0,101
5976085,1,1,0,0,0,0,101
5976382,1,1,1,1,1,0,101
5977391,1,0,1,0,0,0,101
5977837,1,1,0,0,0,0,101
5979965,1,0,1,0,0,0,101
5980902,0,0,1,1,0,0,101
5981671,1,1,1,1,1,0,101
5982213,1,0,1,0,0,0,101
5983435,0,0,0,1,1,1,101
5983566,1,1,1,1,1,0,101
5983691,1,1,1,0,1,1,101
5984072,0,0,0,0,1,0,101
5984842,0,1,0,1,0,0,101
5985700,1,0,1,0,0,0,101
5985779,1,0,0,1,1,0,101
5986513,0,0,0,0,1,0,101
5987733,0,0,1,1,0,0,101
5988499,1,1,1,1,1,0,101
5988507,0,0,0,0,1,0,101
5989048,1,0,1,0,0,0,101
5989211,0,1,1,0,1,0,101
5989655,0,0,1,1,0,0,101
5990764,1,0,1,0,0,0,101
5991368,1,1,1,1,1,0,101
5991498,0,0,1,1,0,0,101
5991776,0,0,1,1,0,0,101
5993239,1,1,1,1,1,0,101
5993258,1,1,1,1,1,0,101
5996454,1,1,1,1,1,0,101
5996891,1,0,1,0,0,0,101
5997513,1,1,0,0,0,0,101
5998034,0,1,0,1,0,0,101
5998835,1,0,1,0,0,0,101
6000806,1,0,1,0,0,0,101
6001236,0,1,0,1,0,0,101
6001315,0,1,0,1,0,0,101
6001487,0,0,1,1,0,0,101
6001573,1,0,0,1,1,0,101
6002246,1,0,0,1,1,0,101
6002490,1,1,1,1,1,0,101
6002660,1,1,1,1,1,0,101
6005737,1,1,0,0,0,0,101
6006412,1,1,0,0,0,0,101
6006426,1,1,0,0,0,0,101
6006447,0,0,0,0,1,0,101
6007650,1,0,1,0,0,0,101
6009003,1,0,0,1,1,0,101
6009024,0,1,1,0,1,0,101
6009735,0,1,1,0,1,0,101
6016199,1,0,1,0,0,0,101
6016425,1,0,1,0,0,0,101
6017314,1,0,0,1,1,0,101
6018129,0,1,1,0,1,0,101
6019956,1,0,0,1,1,0,101
6020531,0,1,1,0,1,0,101
6021911,0,0,1,1,0,0,101
6022359,0,0,0,0,1,0,101
6023461,0,1,0,1,0,0,101
6023620,0,0,1,1,0,0,101
6023633,1,1,0,0,0,0,101
6024865,1,1,1,1,1,0,101
6025502,1,1,0,0,0,0,101
6025847,0,1,1,0,1,0,101
6028828,0,0,1,1,0,0,101
6030039,0,0,1,1,0,0,134
6031443,0,0,0,0,1,0,134
6032471,0,1,1,0,1,0,134
6034829,0,1,0,0,0,0,134
6034885,0,0,1,1,0,0,134
6035174,1,0,0,1,1,0,134
6035748,1,0,0,1,1,0,134
6037085,1,0,1,0,0,0,134
6037413,0,1,1,0,1,0,134
6037496,1,0,0,1,1,0,134
6037580,1,1,0,0,0,0,134
6040311,1,1,1,1,1,0,134
6042063,0,1,0,1,0,0,134
6043863,1,0,0,1,1,0,134
6045474,1,1,0,0,0,0,134
6046163,0,1,1,0,1,0,134
6046520,0,1,1,0,1,0,134
6047449,1,1,1,1,1,0,134
6051860,0,0,0,0,1,0,134
6052228,0,0,1,1,0,0,134
6053380,0,0,0,0,1,0,134
6053730,1,0,0,1,1,0,134
6053922,0,1,1,0,1,0,134
6054344,0,1,1,0,1,0,134
6055062,1,1,0,0,0,0,134
6055318,0,0,0,0,1,0,134
6056691,0,1,0,1,0,0,134
6056883,1,0,1,0,0,0,134
6056893,0,1,0,1,0,0,134
6057367,0,0,1,1,0,0,134
6058501,0,1,0,1,0,0,134
6058957,1,0,0,1,1,0,134
6059387,0,0,1,1,0,0,134
6059567,0,0,1,1,0,0,134
6060246,0,1,1,0,1,0,134
6061786,0,0,0,0,1,0,134
6062863,1,1,1,1,1,0,134
6063891,1,1,1,1,1,0,134
6068249,0,1,0,1,0,0,134
6069294,1,1,0,0,0,0,134
6069732,1,0,0,1,1,0,134
6070669,0,1,1,0,1,0,134
6073408,0,0,0,0,1,0,134
6074952,0,0,0,0,1,0,134
6075521,1,0,0,1,1,0,134
6076727,1,0,0,1,1,0,134
6077681,0,1,1,0,1,0,134
6079509,1,1,0,0,0,0,134
6079821,1,0,0,1,1,0,134
6082337,0,1,1,0,1,0,134
6083187,0,0,1,1,0,0,134
6084766,1,1,1,1,1,0,134
6085534,0,0,1,1,0,0,134
6085566,1,1,0,0,0,0,134
6087051,1,1,1,1,1,0,134
6087902,1,0,1,0,0,0,134
6088831,0,0,0,0,1,0,134
6089033,0,1,0,1,0,0,134
6089489,0,0,1,1,0,0,134
6091922,1,1,0,0,0,0,134
6092076,1,1,0,0,0,0,134
6092424,1,1,0,0,0,0,134
6093311,1,0,0,1,1,0,134
6093960,1,0,1,0,0,0,134
6094273,1,0,0,1,1,0,134
6095821,0,1,0,1,0,0,157
6096244,0,0,1,1,0,0,157
6096723,1,0,1,0,0,0,157
6097461,0,0,1,1,0,0,157
6098476,1,1,1,0,1,1,157
6100244,0,1,0,1,0,0,157
6101926,0,1,1,0,1,0,157
6102028,0,1,1,0,1,0,157
6102697,1,1,0,0,0,0,157
6102807,1,1,1,1,1,0,157
6102926,1,1,0,0,0,0,157
6102951,1,0,1,0,0,0,157
6103717,1,1,1,0,1,1,157
6103983,1,0,0,1,1,0,157
6104247,1,0,1,0,0,0,157
6104810,1,1,0,0,0,0,157
6105628,0,1,1,0,1,0,157
6106278,1,0,1,0,0,0,157
6106709,0,1,0,1,0,0,157
6106765,0,0,1,1,0,0,157
6108339,0,1,0,1,0,0,157
6108740,1,0,1,0,0,0,157
6108743,0,0,1,1,0,0,157
6109438,1,0,1,0,0,0,157
6109459,0,0,1,1,0,0,157
6110941,1,0,1,0,0,0,157
6111979,1,1,1,1,1,0,157
6112347,1,0,0,1,1,0,157
6112503,0,0,0,0,1,0,157
6113016,0,0,1,1,0,0,157
6113839,0,1,0,1,0,0,157
6114786,1,1,0,0,0,0,157
6114882,0,1,1,0,1,0,157
6114949,0,1,0,1,0,0,157
6115260,0,1,0,1,0,0,157
6116595,1,0,1,0,0,0,157
6117797,0,0,0,0,1,0,157
6118954,1,0,0,1,1,0,157
6119151,0,1,0,1,0,0,157
6119301,1,0,1,0,0,0,157
6119302,0,0,1,1,0,0,157
6120265,1,0,1,0,0,0,157
6120514,1,1,0,0,0,0,157
6123257,1,0,1,0,0,0,157
6123673,0,0,0,0,1,0,157
6125254,1,0,1,0,0,0,157
6127350,1,1,1,1,1,0,157
6130166,1,1,0,0,0,0,157
6130222,1,0,0,1,1,0,157
6130539,0,0,1,1,0,0,157
6130989,0,0,1,1,0,0,157
6131589,0,0,0,0,1,0,157
6133919,1,0,0,1,1,0,157
6134357,1,1,0,0,0,0,157
6134756,0,1,0,1,0,0,157
6137417,1,0,0,1,1,0,157
6138156,0,0,0,0,1,0,157
6139149,1,0,1,0,0,0,157
6139991,0,1,0,1,0,0,157
6140938,1,0,0,1,1,0,157
6141050,1,0,1,0,0,0,157
6141193,1,0,0,1,1,0,157
6141300,0,1,0,1,0,0,157
6141729,1,1,0,0,0,0,157
6142775,0,1,1,0,1,0,157
6143299,0,0,1,1,0,0,157
6143658,0,1,1,0,1,0,157
6145840,0,0,0,0,1,0,157
6146057,1,1,0,0,0,0,157
6147862,1,0,1,0,0,0,157
6148022,1,0,1,0,0,0,157
6148809,1,0,1,0,0,0,157
6149075,1,0,0,0,1,1,157
6149978,1,1,1,1,1,0,157
6151136,0,0,1,1,0,0,157
6151440,1,0,1,0,0,0,157
6151667,0,1,1,0,1,0,157
6152459,1,0,0,1,1,0,157
6152572,1,0,0,1,1,0,157
6152917,1,0,1,0,0,0,157
6153863,1,0,1,0,0,0,157
6154426,1,0,1,0,0,0,157
6155172,1,1,1,1,1,0,157
6155246,1,1,1,0,1,1,157
6156387,1,1,1,1,1,0,157
6156627,1,1,0,0,0,0,157
6156926,0,0,1,1,0,0,157
6156954,1,1,0,0,0,0,157
6156989,0,0,0,0,1,0,157
6157570,0,0,0,0,1,0,157
6158935,0,0,1,1,0,0,157
6159054,1,1,1,1,1,0,157
6161211,0,0,1,1,0,0,172
6162074,0,1,1,0,1,0,172
6162110,0,1,1,0,1,0,172
6162832,1,1,0,0,0,0,172
6163101,0,0,1,1,0,0,172
6163633,1,1,1,1,1,0,172
6163663,1,0,1,0,0,0,172
6163705,0,0,1,1,0,0,172
6165666,1,1,0,0,0,0,172
6166024,0,0,0,0,1,0,172
6166552,1,1,0,0,0,0,172
6167472,0,1,0,1,0,0,172
6167852,1,1,0,0,0,0,172
6172605,1,0,1,1,0,0,172
6172856,0,0,1,1,0,0,172
6173696,1,1,0,0,0,0,172
6174017,0,1,0,1,0,0,172
6174902,0,0,1,1,0,0,172
6177548,1,0,1,0,0,0,172
6177876,1,0,1,0,0,0,172
6178220,0,0,1,1,0,0,172
6178430,0,1,0,1,0,0,172
6179597,0,1,0,1,0,0,172
6180459,1,1,1,1,1,0,172
6180929,0,1,0,1,0,0,172
6181973,1,0,1,0,0,0,172
6182225,1,1,0,0,0,0,172
6182827,0,1,1,0,1,0,172
6183082,0,1,1,0,1,0,172
6185623,0,1,0,1,0,0,172
6185767,1,1,1,1,1,0,172
6186969,0,0,1,1,0,0,172
6186983,1,0,0,1,1,0,172
6188220,1,0,0,1,1,0,172
6188479,0,1,0,1,0,0,172
6188969,1,0,0,1,1,0,172
6189678,1,1,0,0,0,0,172
6191216,1,0,1,0,0,0,172
6192578,1,0,1,0,0,0,172
6192804,0,1,1,0,1,0,172
6193237,1,0,0,1,1,0,172
6195060,1,1,0,0,0,0,172
6195275,0,1,0,1,0,0,172
6195646,0,1,1,0,1,0,172
6195758,0,0,1,1,0,0,172
6196035,1,0,0,1,1,0,172
6196071,0,0,1,1,0,0,172
6197402,1,0,1,0,0,0,172
6197750,0,1,1,0,1,0,172
6197849,1,1,0,0,0,0,172
6198511,0,0,0,0,1,0,172
6198925,1,1,1,1,1,0,172
6199063,0,0,1,1,0,0,172
6199902,0,0,0,0,1,0,172
6201149,1,1,0,0,0,0,172
6201157,0,0,1,1,0,0,172
6201260,1,0,1,0,0,0,172
6202707,1,0,1,0,0,0,172
6203985,1,1,0,0,0,0,172
6205829,1,0,1,0,0,0,172
6206102,0,1,1,0,1,0,172
6206265,1,1,0,0,0,0,172
6206413,0,0,1,0,0,0,172
6206619,1,1,0,0,0,0,172
6207509,1,0,1,0,0,0,172
6207785,0,1,1,0,1,0,172
6209281,0,1,1,0,1,0,172
6211350,1,0,0,1,1,0,172
6212172,1,1,1,1,1,0,172
6212470,1,0,1,0,0,0,172
6213152,1,0,1,0,0,0,172
6213822,0,0,0,0,1,0,172
6213868,0,1,0,1,0,0,172
6214204,0,1,0,1,0,0,172
6214841,0,0,0,0,1,0,172
6215749,0,0,1,1,0,0,172
6216302,0,0,0,0,1,0,172
6216446,1,1,0,0,0,0,172
6216494,0,1,0,1,0,0,172
6217469,1,1,0,0,0,0,172
6217844,1,0,0,1,1,0,172
6218309,1,1,1,1,1,0,172
6219229,0,1,1,0,1,0,172
6219680,0,0,1,1,0,0,172
6220239,1,1,1,1,1,0,172
6220358,0,0,1,1,0,0,172
6222544,1,1,1,1,1,0,172
6222575,1,0,1,0,0,0,172
6224514,1,1,0,0,0,0,172
6224964,1,1,1,1,1,0,172
6225594,0,0,1,0,0,0,172
6229904,1,0,0,1,1,0,87
6230817,1,1,0,0,0,0,87
6232800,0,1,0,1,0,0,87
6232879,1,0,0,1,1,0,87
6235983,1,0,0,1,1,0,87
6236631,1,1,1,1,1,0,87
6243984,0,1,1,0,1,0,87
6246401,0,0,0,0,1,0,87
6246926,0,1,1,0,1,0,87
6246954,0,1,0,1,0,0,87
6247320,0,1,0,1,0,0,87
6247939,1,0,0,1,1,0,87
6249935,1,1,1,1,1,0,87
6250854,1,1,1,1,1,0,87
6253034,1,1,0,0,0,0,87
6253109,0,0,1,1,0,0,87
6254523,0,0,0,0,1,0,87
6254558,0,1,1,0,1,0,87
6255847,1,1,1,1,1,0,87
6257812,0,0,1,1,0,0,87
6258582,1,1,1,0,1,1,87
6258874,0,0,0,0,1,0,87
6261222,1,0,0,0,1,1,87
6261716,1,1,0,0,0,0,87
6263975,0,0,0,0,1,0,87
6265334,1,1,0,0,0,0,87
6266080,0,1,1,0,1,0,87
6266452,0,1,0,1,0,0,87
6266556,0,1,1,0,1,0,87
6268852,1,0,0,0,1,1,87
6271471,0,0,1,1,0,0,87
6273103,1,0,1,0,0,0,87
6274177,1,0,0,1,1,0,87
6274450,1,1,0,0,0,0,87
6274768,1,0,1,0,0,0,87
6275259,0,0,0,0,1,0,87
6275851,0,1,0,1,0,0,87
6277260,0,1,1,0,1,0,87
6280119,1,1,1,0,1,1,87
6280787,1,1,1,1,1,0,87
6283482,0,1,0,1,0,0,87
6283883,1,1,0,0,0,0,87
6284955,1,1,1,1,1,0,87
6287171,0,0,0,0,1,0,87
6289660,1,0,0,1,1,0,87
6290763,0,0,0,0,1,0,87
6291333,0,0,0,0,1,0,87
6292276,0,0,0,0,1,0,96
6292735,0,0,0,0,1,0,96
6293448,0,1,1,0,1,0,96
6295932,1,0,1,0,0,0,96
6298591,1,1,0,0,0,0,96
6298898,1,1,0,1,0,0,96
6298903,1,0,1,0,0,0,96
6299106,0,0,1,1,0,0,96
6299171,0,0,1,1,0,0,96
6299592,0,1,0,1,0,0,96
6299611,0,0,0,0,1,0,96
6301287,0,0,0,0,1,0,96
6301509,1,1,0,0,0,0,96
6301739,1,1,0,0,0,0,96
6302324,1,1,0,0,0,0,96
6303423,0,1,0,1,0,0,96
6305210,0,0,1,1,0,0,96
6305375,0,0,0,0,1,0,96
6305821,1,0,0,1,1,0,96
6306666,1,1,0,0,0,0,96
6307437,0,0,1,1,0,0,96
6308489,1,0,0,1,1,0,96
6308720,1,0,1,0,0,0,96
6309007,0,0,1,1,0,0,96
6310268,0,1,0,1,0,0,96
6311016,0,1,1,0,1,0,96
6311294,1,0,0,1,1,0,96
6311749,1,1,1,1,1,0,96
6312279,1,0,1,0,0,0,96
6313433,0,0,1,1,0,0,96
6316902,0,1,1,0,1,0,96
6319009,1,1,0,0,0,0,96
6319995,1,0,0,1,1,0,96
6320687,0,1,0,1,0,0,96
6321001,0,1,1,0,1,0,96
6321061,0,0,1,1,0,0,96
6321071,1,1,0,0,0,0,96
6321683,1,0,0,1,1,0,96
6323348,0,0,1,1,0,0,96
6324387,1,0,0,1,1,0,96
6324966,0,0,0,0,1,0,96
6325828,0,0,1,1,0,0,96
6326529,0,1,1,0,1,0,96
6326796,1,0,1,0,0,0,96
6327354,0,0,0,0,1,0,96
6329287,1,0,0,0,1,1,96
6329326,1,1,0,0,0,0,96
6330188,1,1,0,0,0,0,96
6330416,0,0,0,0,1,0,96
6332434,0,0,1,1,0,0,96
6332439,0,1,0,1,0,0,96
6332785,1,1,0,0,0,0,96
6335454,1,1,0,0,0,0,96
6335890,0,0,1,1,0,0,96
6336341,1,1,1,1,1,0,96
6338795,0,1,1,0,1,0,96
6339478,1,1,0,0,0,0,96
6339651,0,1,1,0,1,0,96
6339687,0,0,1,1,0,0,96
6343712,0,0,0,0,1,0,96
6347270,0,1,0,1,0,0,96
6348433,0,1,0,1,0,0,96
6349063,1,1,0,0,0,0,96
6349657,1,1,0,0,0,0,96
6349919,0,1,1,0,1,0,96
6352731,0,1,1,0,1,0,96
6354484,0,0,1,1,0,0,96
6354766,1,0,1,0,0,0,96
6354804,0,0,0,0,1,0,96
6355534,0,0,1,1,0,0,96
6355659,0,1,0,1,0,0,96
6358281,0,0,0,0,1,0,55
6360234,0,0,0,0,1,0,55
6362537,0,0,0,0,1,0,55
6363693,1,0,1,0,0,0,55
6369726,0,0,0,0,1,0,55
6371489,0,0,1,1,0,0,55
6371760,1,1,0,0,0,0,55
6374257,1,0,0,1,1,0,55
6377192,1,1,1,1,1,0,55
6379855,1,1,1,1,1,0,55
6387575,1,1,1,1,1,0,55
6388630,0,1,1,0,1,0,55
6390686,1,1,1,1,1,0,55
6391214,1,1,1,1,1,0,55
6395626,1,0,0,1,1,0,55
6397237,1,0,0,1,1,0,55
6399902,1,1,0,0,0,0,55
6401285,1,1,1,1,1,0,55
6402160,1,1,1,1,1,0,55
6405112,0,1,1,0,1,0,55
6406503,0,0,0,0,1,0,55
6410331,0,1,0,1,0,0,55
6410556,1,0,0,1,1,0,55
6410656,1,1,0,0,0,0,55
6411372,0,1,1,0,1,0,55
6411942,0,0,1,0,0,0,55
6413548,1,0,0,1,1,0,55
6417940,1,0,0,1,1,0,55
6418120,0,0,1,1,0,0,55
6418313,1,1,0,0,0,0,55
6418365,0,0,0,0,1,0,55
6418681,0,1,1,0,1,0,55
6419619,0,1,1,0,1,0,55
6421773,1,0,0,1,1,0,55
6424087,0,0,0,0,1,0,133
6424481,1,1,0,0,0,0,133
6424557,0,0,1,1,0,0,133
6425655,0,0,0,0,1,0,133
6425911,1,1,1,1,1,0,133
6426081,1,0,0,1,1,0,133
6427590,1,1,1,1,1,0,133
6428720,1,1,0,0,0,0,133
6429229,0,0,0,0,1,0,133
6429538,0,1,1,0,1,0,133
6429936,1,0,0,1,1,0,133
6431898,1,0,0,1,1,0,133
6432137,1,0,1,0,0,0,133
6432597,1,1,1,1,1,0,133
6432876,1,0,1,0,0,0,133
6433889,0,1,1,0,1,0,133
6434886,1,0,1,0,0,0,133
6435182,1,0,0,1,1,0,133
6436731,1,1,1,1,1,0,133
6440343,0,0,1,1,0,0,133
6442171,0,0,0,0,1,0,133
6442771,1,0,1,0,0,0,133
6443064,0,1,1,0,1,0,133
6443343,0,1,1,0,1,0,133
6443630,0,0,1,1,0,0,133
6444585,0,0,1,1,0,0,133
6445209,1,1,1,1,1,0,133
6445365,1,1,1,1,1,0,133
6445536,0,0,1,1,0,0,133
6446190,0,1,1,0,1,0,133
6446727,1,0,1,0,0,0,133
6447190,1,1,1,1,1,0,133
6447444,0,1,1,0,1,0,133
6447857,1,0,0,1,1,0,133
6451230,0,0,1,0,0,0,133
6453432,1,1,0,0,0,0,133
6453833,1,0,1,0,0,0,133
6454175,1,1,0,0,0,0,133
6454703,1,1,1,1,1,0,133
6455379,1,0,1,0,0,0,133
6455544,1,1,1,1,1,0,133
6455819,0,1,1,0,1,0,133
6456482,0,1,1,0,1,0,133
6456561,0,1,0,1,0,0,133
6456860,0,1,0,1,0,0,133
6457507,1,0,1,0,0,0,133
6458257,0,0,1,1,0,0,133
6459314,0,0,0,0,1,0,133
6459339,0,1,0,1,0,0,133
6461981,1,0,1,0,0,0,133
6463617,1,0,0,1,1,0,133
6466104,0,0,0,0,1,0,133
6466313,0,1,1,0,1,0,133
6466972,0,0,0,0,1,0,133
6467868,0,1,1,0,1,0,133
6468805,0,0,0,0,1,0,133
6469052,1,0,0,1,1,0,133
6469481,1,0,1,1,0,0,133
6469531,0,0,1,1,0,0,133
6470607,1,1,0,0,0,0,133
6471240,1,1,1,1,1,0,133
6471289,1,0,0,1,1,0,133
6475409,1,0,0,1,1,0,133
6475434,0,1,1,0,1,0,133
6475438,1,1,1,1,1,0,133
6475677,0,0,0,0,1,0,133
6476367,1,0,1,0,0,0,133
6476820,0,0,1,1,0,0,133
6477840,0,1,1,0,1,0,133
6479159,1,0,1,0,0,0,133
6480164,0,1,0,1,0,0,133
6480610,1,1,0,0,0,0,133
6480739,1,1,1,1,1,0,133
6481189,1,1,0,0,0,0,133
6482154,0,1,0,1,0,0,133
6483068,0,1,0,1,0,0,133
6483911,0,1,0,1,0,0,133
6484078,0,0,0,0,1,0,133
6486318,0,1,0,1,0,0,133
6486759,0,0,0,0,1,0,133
6486890,0,1,0,1,0,0,133
6487039,1,1,0,0,0,0,133
6487044,0,0,0,0,1,0,133
6488315,1,0,0,1,1,0,122
6489489,1,1,1,1,1,0,122
6491101,0,1,0,1,0,0,122
6491734,0,1,1,0,1,0,122
6491840,1,1,1,1,1,0,122
6492268,0,1,1,0,1,0,122
6492737,0,1,0,1,0,0,122
6493529,1,0,0,1,1,0,122
6495734,1,0,0,1,1,0,122
6496356,1,0,0,1,1,0,122
6497255,0,0,1,1,0,0,122
6498057,1,0,0,1,1,0,122
6498239,1,1,1,1,1,0,122
6498868,1,0,1,0,0,0,122
6499465,0,0,1,1,0,0,122
6501046,1,0,0,1,1,0,122
6501966,0,1,1,0,1,0,122
6503411,1,1,1,1,1,0,122
6503422,0,1,1,0,1,0,122
6503591,0,0,0,0,1,0,122
6503775,0,0,1,1,0,0,122
6504285,0,0,1,1,0,0,122
6504344,1,0,1,0,0,0,122
6505801,1,1,0,0,0,0,122
6506881,0,0,0,0,1,0,122
6507356,0,1,0,1,0,0,122
6507878,0,1,1,0,1,0,122
6508169,0,0,0,0,1,0,122
6509257,1,1,1,1,1,0,122
6512300,0,0,0,0,1,0,122
6513092,1,0,1,0,0,0,122
6513196,0,0,1,1,0,0,122
6513396,1,1,1,1,1,0,122
6514244,0,1,0,1,0,0,122
6514641,1,1,1,1,1,0,122
6514646,0,1,1,0,1,0,122
6515591,0,0,1,1,0,0,122
6516147,0,0,0,0,1,0,122
6516898,0,0,0,0,1,0,122
6517441,0,0,1,1,0,0,122
6517472,0,1,1,0,1,0,122
6517752,1,1,0,0,0,0,122
6518678,0,0,1,1,0,0,122
6518715,0,1,1,0,1,0,122
6518991,0,0,0,0,1,0,122
6519079,0,0,0,0,1,0,122
6519459,0,0,0,0,1,0,122
6519491,0,0,0,0,1,0,122
6520097,1,0,0,1,1,0,122
6520980,1,0,1,0,0,0,122
6521428,1,1,0,0,0,0,122
6522985,0,0,1,1,0,0,122
6524252,1,0,1,0,0,0,122
6525064,1,1,1,1,1,0,122
6526158,0,1,1,0,1,0,122
6526256,0,1,1,0,1,0,122
6527372,1,1,0,0,0,0,122
6528528,1,0,0,1,1,0,122
6529429,0,0,1,1,0,0,122
6529974,0,1,1,0,1,0,122
6530032,1,1,0,0,0,0,122
6530295,1,1,1,1,1,0,122
6531670,0,1,1,0,1,0,122
6532241,0,0,0,0,1,0,122
6532601,0,0,0,0,1,0,122
6534811,0,0,0,0,1,0,122
6535987,1,1,1,1,1,0,122
6536162,0,1,0,1,0,0,122
6536207,1,0,0,1,1,0,122
6537070,0,0,0,0,1,0,122
6539817,0,0,1,1,0,0,122
6541049,0,0,1,1,0,0,122
6544221,0,1,0,1,0,0,122
6544246,1,1,1,1,1,0,122
6544320,0,1,1,0,1,0,122
6545072,0,0,1,1,0,0,122
6545552,0,0,0,0,1,0,122
6546804,0,0,1,1,0,0,122
6546870,1,1,1,1,1,0,122
6549481,1,0,1,0,0,0,122
6552061,1,0,1,0,0,0,122
6555043,1,0,0,1,1,0,126
6555566,0,1,0,1,0,0,126
6556173,1,0,0,1,1,0,126
6557585,0,1,1,0,1,0,126
6558021,1,1,1,1,1,0,126
6558193,0,0,0,0,1,0,126
6558577,0,1,1,0,1,0,126
6560517,1,1,1,1,1,0,126
6561231,1,1,1,1,1,0,126
6561310,0,1,0,1,0,0,126
6562158,0,1,0,1,0,0,126
6563073,0,0,1,1,0,0,126
6563231,0,1,0,1,0,0,126
6563273,1,1,0,0,0,0,126
6564612,1,0,1,0,0,0,126
6565048,1,0,0,1,1,0,126
6565798,1,0,0,1,1,0,126
6566121,0,0,1,1,0,0,126
6566123,1,1,1,1,1,0,126
6566981,1,0,0,1,1,0,126
6567080,0,1,0,1,0,0,126
6567538,0,1,1,0,1,0,126
6567624,0,1,1,0,1,0,126
6569114,1,0,0,1,1,0,126
6569722,0,1,1,0,1,0,126
6570464,0,1,1,0,1,0,126
6572983,1,0,0,1,1,0,126
6573684,1,0,0,1,1,0,126
6573807,1,1,0,0,0,0,126
6575048,1,1,0,0,0,0,126
6579403,0,1,1,0,1,0,126
6580160,1,0,0,1,1,0,126
6580276,0,0,1,1,0,0,126
6580347,0,0,1,1,0,0,126
6580538,1,1,1,1,1,0,126
6581245,0,0,1,1,0,0,126
6581632,0,1,0,1,0,0,126
6583178,1,1,1,1,1,0,126
6584653,0,1,1,0,1,0,126
6585200,1,1,0,0,0,0,126
6585424,0,1,1,0,1,0,126
6586200,1,0,1,0,0,0,126
6587130,1,1,0,0,0,0,126
6588754,0,1,0,1,0,0,126
6590344,0,0,1,1,0,0,126
6590565,0,0,1,1,0,0,126
6591464,0,0,1,1,0,0,126
6592251,0,0,1,1,0,0,126
6593222,0,1,1,0,1,0,126
6593521,0,0,1,1,0,0,126
6593735,1,0,1,0,0,0,126
6595394,0,1,1,0,1,0,126
6596449,0,1,0,1,0,0,126
6596612,0,1,0,0,0,0,126
6598506,1,0,0,1,1,0,126
6599187,1,1,1,1,1,0,126
6600096,1,0,1,0,0,0,126
6601487,1,0,1,0,0,0,126
6602807,1,1,1,1,1,0,126
6605824,0,1,1,0,1,0,126
6605844,0,0,0,0,1,0,126
6607258,0,1,1,1,1,1,126
6607812,0,1,0,1,0,0,126
6609901,1,0,1,0,0,0,126
6611633,1,1,0,0,0,0,126
6613447,0,0,1,1,0,0,126
6613577,1,1,0,0,0,0,126
6614670,1,1,1,1,1,0,126
6616008,1,1,0,0,0,0,126
6616070,0,0,0,0,1,0,126
6616115,1,1,0,0,0,0,126
6616392,1,0,1,0,0,0,126
6617198,0,1,1,0,1,0,126
6617297,0,0,1,1,0,0,126
6619295,0,0,0,0,1,0,120
6621401,0,0,1,1,0,0,120
6622022,0,1,0,1,0,0,120
6623542,1,0,0,1,1,0,120
6623574,1,1,1,1,1,0,120
6623655,0,1,0,1,0,0,120
6624447,0,1,0,1,0,0,120
6625167,0,1,1,0,1,0,120
6626055,1,1,0,0,0,0,120
6626178,1,1,0,0,0,0,120
6626634,0,1,0,1,0,0,120
6626834,0,0,1,1,0,0,120
6626975,1,0,0,1,1,0,120
6627380,1,1,0,0,0,0,120
6627777,1,1,0,0,0,0,120
6627860,1,0,1,0,0,0,120
6629135,1,1,1,1,1,0,120
6629731,1,1,1,1,1,0,120
6631530,1,0,0,1,1,0,120
6633526,1,1,1,1,1,0,120
6635138,0,0,1,1,0,0,120
6635227,0,1,1,0,1,0,120
6636831,0,1,1,1,1,1,120
6637051,1,0,0,1,1,0,120
6637765,1,0,1,0,0,0,120
6638049,1,0,0,1,1,0,120
6638955,0,0,0,1,1,1,120
6641641,0,1,1,0,1,0,120
6643331,1,1,1,1,1,0,120
6644215,1,1,1,1,1,0,120
6645681,1,0,0,1,1,0,120
6647346,0,1,0,1,0,0,120
6649178,0,1,0,1,0,0,120
6651165,1,0,1,0,0,0,120
6655547,0,0,0,0,1,0,120
6655810,1,0,1,0,0,0,120
6656481,1,1,0,0,0,0,120
6658174,0,1,1,0,1,0,120
6658314,0,0,0,0,1,0,120
6658996,1,1,0,0,0,0,120
6659534,0,0,1,1,0,0,120
6660125,1,0,0,1,1,0,120
6661254,1,0,1,0,0,0,120
6661914,1,0,1,0,0,0,120
6661930,1,0,1,0,0,0,120
6663901,1,1,1,1,1,0,120
6664495,0,0,0,0,1,0,120
6664543,0,1,1,0,1,0,120
6665001,1,1,0,1,0,0,120
6665249,1,0,1,0,0,0,120
6665295,0,0,1,1,0,0,120
6665485,1,0,0,1,1,0,120
6665990,1,1,0,0,0,0,120
6666108,1,1,0,0,0,0,120
6670730,1,1,1,1,1,0,120
6671495,0,1,0,1,0,0,120
6672793,0,0,1,1,0,0,120
6673571,0,1,1,0,1,0,120
6675484,0,0,0,0,1,0,120
6675582,0,1,0,1,0,0,120
6675898,0,1,0,1,0,0,120
6676540,0,0,1,0,0,0,120
6677051,0,0,1,1,0,0,120
6677418,1,0,0,1,1,0,120
6677700,0,1,1,0,1,0,120
6677901,1,1,0,0,0,0,120
6678297,0,1,0,1,0,0,120
6679347,1,1,0,0,0,0,120
6679571,1,1,0,0,0,0,120
6679683,0,1,1,0,1,0,120
6681728,0,1,1,0,1,0,120
6682177,1,1,0,0,0,0,120
6682725,1,1,0,0,0,0,120
6682806,0,1,0,1,0,0,120
6683313,1,0,1,0,0,0,120
6683893,1,0,1,0,0,0,120
6684421,1,0,1,0,0,0,120
6684609,0,0,0,0,1,0,120
6685748,0,1,0,1,0,0,118
6686197,1,1,1,1,1,0,118
6688549,1,1,0,0,0,0,118
6689105,0,1,1,0,1,0,118
6689921,0,0,0,0,1,0,118
6690044,1,0,0,1,1,0,118
6691042,1,0,0,1,1,0,118
6691384,0,1,0,1,0,0,118
6691704,1,1,0,0,0,0,118
6693286,0,1,1,0,1,0,118
6693437,0,1,0,1,0,0,118
6694382,0,1,0,1,0,0,118
6697716,1,0,1,0,0,0,118
6698829,1,0,0,1,1,0,118
6699458,1,1,0,0,0,0,118
6700380,1,0,1,0,0,0,118
6700518,0,1,1,0,1,0,118
6701265,1,0,1,0,0,0,118
6702780,1,0,0,1,1,0,118
6704228,0,1,1,0,1,0,118
6704299,1,1,0,0,0,0,118
6707254,0,0,0,0,1,0,118
6707263,1,1,1,1,1,0,118
6707748,1,1,0,0,0,0,118
6710066,0,0,0,0,1,0,118
6712609,0,0,0,0,1,0,118
6712776,0,0,0,0,1,0,118
6713728,0,0,1,1,0,0,118
6714338,1,1,0,0,0,0,118
6715433,0,1,0,1,0,0,118
6715946,0,1,1,0,1,0,118
6717811,1,0,0,1,1,0,118
6719390,1,0,0,0,1,1,118
6720103,0,0,1,1,0,0,118
6721645,1,1,0,0,0,0,118
6723485,1,0,1,0,0,0,118
6724110,1,1,0,0,0,0,118
6724745,0,0,1,1,0,0,118
6725377,0,1,0,1,0,0,118
6725924,1,0,1,0,0,0,118
6726336,1,1,0,0,0,0,118
6726558,1,0,0,1,1,0,118
6726815,1,0,1,0,0,0,118
6727095,0,1,0,1,0,0,118
6727907,1,0,1,0,0,0,118
6728026,0,0,1,1,0,0,118
6730323,0,0,1,1,0,0,118
6730363,0,1,1,0,1,0,118
6730678,0,0,0,0,1,0,118
6731089,0,0,0,0,1,0,118
6734915,0,1,1,0,1,0,118
6735995,0,0,1,1,0,0,118
6737506,0,1,0,1,0,0,118
6740336,0,0,1,0,0,0,118
6740732,1,0,1,0,0,0,118
6742461,1,1,0,0,0,0,118
6742805,1,0,0,1,1,0,118
6742839,1,0,1,0,0,0,118
6743441,1,0,1,0,0,0,118
6744701,0,1,1,0,1,0,118
6745777,1,1,0,0,0,0,118
6745893,1,1,1,1,1,0,118
6748053,1,0,0,1,1,0,118
6749476,1,0,1,0,0,0,118
6750765,1,0,0,1,1,0,183
6750821,1,0,0,1,1,0,183
6751038,1,0,1,0,0,0,183
6751291,1,1,1,1,1,0,183
6752183,0,1,1,0,1,0,183
6752716,1,0,0,1,1,0,183
6753421,0,0,1,1,0,0,183
6753813,0,1,0,1,0,0,183
6754983,1,1,1,1,1,0,183
6755606,1,0,1,0,0,0,183
6755617,1,1,1,1,1,0,183
6756963,0,0,0,0,1,0,183
6756965,0,0,1,1,0,0,183
6758015,0,1,0,1,0,0,183
6758483,0,0,0,0,1,0,183
6758544,1,0,0,1,1,0,183
6759117,0,1,1,0,1,0,183
6760202,0,1,0,1,0,0,183
6760467,0,1,1,0,1,0,183
6760749,0,1,0,1,0,0,183
6761226,1,1,1,1,1,0,183
6761479,1,0,1,0,0,0,183
6761633,0,0,0,0,1,0,183
6761805,0,1,0,1,0,0,183
6761961,1,0,1,0,0,0,183
6762263,1,1,0,0,0,0,183
6763662,0,1,0,1,0,0,183
6763982,0,1,1,0,1,0,183
6764468,0,0,0,1,1,1,183
6764861,1,0,0,1,1,0,183
6765612,1,0,1,0,0,0,183
6766292,0,1,0,0,0,0,183
6766362,1,1,1,1,1,0,183
6766807,0,1,0,1,0,0,183
6767239,1,0,1,0,0,0,183
6767804,0,0,1,1,0,0,183
6768454,1,0,0,1,1,0,183
6769559,1,0,0,1,1,0,183
6770031,1,0,0,1,1,0,183
6770157,1,0,1,0,0,0,183
6770202,1,0,0,1,1,0,183
6770303,0,1,1,0,1,0,183
6770509,0,1,0,1,0,0,183
6770961,1,0,1,0,0,0,183
6772226,1,1,0,0,0,0,183
6772857,1,0,1,0,0,0,183
6772930,1,0,1,0,0,0,183
6773027,1,1,0,0,0,0,183
6773249,0,0,1,1,0,0,183
6773324,0,1,1,0,1,0,183
6774437,1,0,1,0,0,0,183
6774586,1,1,0,0,0,0,183
6776426,1,1,1,1,1,0,183
6776882,0,0,0,0,1,0,183
6777760,1,0,1,0,0,0,183
6777831,1,0,1,0,0,0,183
6778137,0,0,0,0,1,0,183
6779236,0,1,0,1,0,0,183
6780271,0,0,0,0,1,0,183
6780591,0,1,0,1,0,0,183
6780716,1,0,0,1,1,0,183
6781651,0,1,0,1,0,0,183
6782813,0,1,1,0,1,0,183
6783036,0,0,1,1,0,0,183
6783322,0,0,0,0,1,0,183
6784076,0,1,0,1,0,0,183
6784484,1,1,0,0,0,0,183
6784754,1,1,1,1,1,0,183
6784874,0,1,0,1,0,0,183
6786182,0,0,1,1,0,0,183
6786647,0,1,0,1,0,0,183
6786782,0,0,0,0,1,0,183
6787371,1,1,1,1,1,0,183
6787998,1,0,0,1,1,0,183
6788312,1,1,1,1,1,0,183
6788514,1,1,0,0,0,0,183
6789321,1,1,1,1,1,0,183
6789444,1,0,0,1,1,0,183
6790482,1,0,0,1,1,0,183
6790943,1,1,1,1,1,0,183
6791898,0,0,0,0,1,0,183
6792064,1,0,1,0,0,0,183
6792629,0,0,0,0,1,0,183
6795264,1,1,1,1,1,0,183
6796238,1,0,1,0,0,0,183
6797585,0,1,1,0,1,0,183
6801065,0,1,0,1,0,0,183
6801149,1,0,0,1,1,0,183
6801497,0,1,0,1,0,0,183
6802194,0,0,1,0,0,0,183
6802322,0,1,0,1,0,0,183
6802777,0,1,0,1,0,0,183
6803280,1,1,0,0,0,0,183
6803816,1,1,1,1,1,0,183
6804906,1,1,1,1,1,0,183
6805050,0,0,0,0,1,0,183
6805280,1,0,0,1,1,0,183
6805349,0,1,0,1,0,0,183
6805623,1,0,0,1,1,0,183
6805698,0,1,1,0,1,0,183
6806107,1,1,0,0,0,0,183
6806392,0,0,0,0,1,0,183
6806628,1,0,0,1,1,0,183
6807001,1,1,1,1,1,0,183
6807665,0,0,0,0,1,0,183
6808472,0,1,1,0,1,0,183
6809205,0,0,0,0,1,0,183
6810443,0,0,0,0,1,0,183
6810806,1,0,0,1,1,0,183
6811013,0,0,0,0,1,0,183
6811422,0,1,1,0,1,0,183
6812152,0,1,1,0,1,0,183
6812534,1,1,0,0,0,0,183
6815246,1,1,1,1,1,0,183
6816293,0,1,0,1,0,0,156
6816405,1,1,0,0,0,0,156
6817595,0,1,1,0,1,0,156
6818880,0,0,0,0,1,0,156
6819421,0,0,0,0,1,0,156
6819560,0,0,1,1,0,0,156
6820465,0,0,0,0,1,0,156
6820908,0,1,1,0,1,0,156
6821195,1,0,1,0,0,0,156
6821905,1,0,1,0,0,0,156
6821984,0,1,1,0,1,0,156
6822635,0,1,0,1,0,0,156
6823090,0,0,0,0,1,0,156
6823259,0,0,1,1,0,0,156
6823652,1,0,1,0,0,0,156
6824888,0,1,1,0,1,0,156
6825696,0,0,0,0,1,0,156
6826214,1,0,0,1,1,0,156
6826444,0,1,1,0,1,0,156
6826734,1,0,1,0,0,0,156
6826911,0,0,0,0,1,0,156
6828602,1,1,1,0,1,1,156
6828941,0,1,1,0,1,0,156
6829192,1,0,1,0,0,0,156
6830333,0,1,1,0,1,0,156
6830756,1,1,0,1,0,0,156
6831226,0,0,1,1,0,0,156
6831631,1,1,1,1,1,0,156
6831834,1,0,0,1,1,0,156
6832425,1,1,1,0,1,1,156
6832660,0,0,0,0,1,0,156
6833645,0,1,1,0,1,0,156
6834274,0,1,1,0,1,0,156
6835831,0,1,0,1,0,0,156
6836569,1,1,1,1,1,0,156
6836705,0,0,0,0,1,0,156
6836967,0,1,0,1,0,0,156
6837993,1,1,0,0,0,0,156
6839032,1,0,1,0,0,0,156
6839304,0,1,1,0,1,0,156
6840768,1,1,0,0,0,0,156
6841809,0,1,0,1,0,0,156
6842099,0,0,1,1,0,0,156
6843101,0,0,0,0,1,0,156
6843851,0,1,1,0,1,0,156
6845818,0,1,1,0,1,0,156
6845825,0,1,1,0,1,0,156
6846709,0,1,0,1,0,0,156
6846927,0,0,0,0,1,0,156
6848042,1,0,1,0,0,0,156
6848273,0,0,0,0,1,0,156
6848317,1,1,0,0,0,0,156
6849229,0,0,0,0,1,0,156
6850862,0,1,1,0,1,0,156
6851179,1,0,1,0,0,0,156
6853231,1,1,0,0,0,0,156
6853689,1,0,1,0,0,0,156
6855050,1,0,1,0,0,0,156
6856953,0,0,0,0,1,0,156
6857671,0,1,1,0,1,0,156
6858370,1,0,1,0,0,0,156
6859531,0,1,0,1,0,0,156
6859781,1,0,1,0,0,0,156
6859879,1,1,1,1,1,0,156
6859923,1,1,1,1,1,0,156
6860166,1,1,0,0,0,0,156
6861377,1,0,1,0,0,0,156
6861480,1,0,1,0,0,0,156
6861880,1,1,0,0,0,0,156
6862237,0,1,1,1,1,1,156
6862293,0,0,1,1,0,0,156
6863646,0,1,0,1,0,0,156
6865700,1,1,0,0,0,0,156
6865796,0,0,0,0,1,0,156
6866174,1,0,1,0,0,0,156
6866348,1,0,1,0,0,0,156
6866675,0,0,0,0,1,0,156
6866982,1,1,1,0,1,1,156
6869023,1,0,0,1,1,0,156
6869632,1,1,1,1,1,0,156
6869946,1,0,1,0,0,0,156
6870154,0,1,1,0,1,0,156
6870704,1,0,0,1,1,0,156
6871529,0,0,0,0,1,0,156
6871718,0,1,1,0,1,0,156
6871963,0,0,1,1,0,0,156
6874573,0,0,0,0,1,0,156
6875139,0,1,0,1,0,0,156
6876700,0,1,0,1,0,0,156
6877013,0,0,0,0,1,0,156
6877494,1,1,0,0,0,0,156
6880006,1,0,1,0,0,0,156
6880150,1,1,0,0,0,0,156
6880203,0,1,0,1,0,0,156
6880376,1,0,0,1,1,0,156
6880976,0,1,0,1,0,0,156
6881837,0,1,1,0,1,0,146
6881883,0,1,0,1,0,0,146
6882263,0,0,0,0,1,0,146
6884570,1,0,0,1,1,0,146
6885651,1,1,0,0,0,0,146
6886042,0,0,0,0,1,0,146
6887490,0,0,1,1,0,0,146
6888412,1,1,0,0,0,0,146
6888426,1,0,1,0,0,0,146
6888697,0,1,1,0,1,0,146
6889418,0,0,0,0,1,0,146
6889694,0,1,1,0,1,0,146
6889768,0,0,0,0,1,0,146
6890365,0,1,1,0,1,0,146
6891407,0,1,0,1,0,0,146
6891459,0,0,0,0,1,0,146
6893456,0,0,1,1,0,0,146
6894640,1,0,1,0,0,0,146
6894696,1,1,0,0,0,0,146
6895782,1,0,0,1,1,0,146
6896238,0,1,0,1,0,0,146
6897474,0,1,1,0,1,0,146
6898150,1,1,0,0,0,0,146
6898174,1,0,0,1,1,0,146
6898804,1,1,0,0,0,0,146
6899293,1,0,0,1,1,0,146
6899379,0,1,0,1,0,0,146
6900820,0,0,0,0,1,0,146
6901003,1,0,1,0,0,0,146
6901045,0,0,0,0,1,0,146
6902123,0,1,0,1,0,0,146
6903254,1,0,0,1,1,0,146
6906079,1,0,0,1,1,0,146
6907625,1,0,1,0,0,0,146
6908101,0,1,1,0,1,0,146
6908244,0,1,0,1,0,0,146
6909604,0,0,0,0,1,0,146
6909684,1,0,0,1,1,0,146
6910277,1,1,0,0,0,0,146
6912281,1,0,0,1,1,0,146
6912364,0,0,0,0,1,0,146
6912685,0,1,1,0,1,0,146
6913359,0,0,1,1,0,0,146
6913500,1,1,1,1,1,0,146
6916705,0,1,1,1,1,1,146
6916934,1,0,0,1,1,0,146
6917519,1,0,1,0,0,0,146
6917864,0,1,1,0,1,0,146
6919656,0,0,0,1,1,1,146
6921366,1,1,0,0,0,0,146
6921996,1,0,1,0,0,0,146
6922226,0,1,0,1,0,0,146
6922953,1,1,0,0,0,0,146
6923116,1,0,1,0,0,0,146
6924638,1,0,1,0,0,0,146
6924952,0,1,0,1,0,0,146
6925264,1,1,1,1,1,0,146
6926903,0,1,0,1,0,0,146
6927870,1,1,0,0,0,0,146
6927964,1,1,0,1,0,0,146
6929085,0,1,1,0,1,0,146
6929879,1,0,1,0,0,0,146
6930150,1,0,0,1,1,0,146
6930443,0,0,1,1,0,0,146
6931076,1,1,1,1,1,0,146
6932776,0,0,1,1,0,0,146
6933124,0,0,0,0,1,0,146
6933806,0,1,0,1,0,0,146
6934903,1,0,0,0,1,1,146
6935669,1,1,0,0,0,0,146
6935883,0,1,0,1,0,0,146
6936258,1,1,0,0,0,0,146
6936525,0,1,1,0,1,0,146
6936923,0,0,0,0,1,0,146
6937063,0,1,0,1,0,0,146
6937186,0,1,0,1,0,0,146
6937381,0,0,0,1,1,1,146
6941054,1,0,0,1,1,0,146
6941715,0,0,0,0,1,0,146
6941964,1,1,0,0,0,0,146
6942596,1,1,0,0,0,0,146
6943617,0,0,0,0,1,0,146
6944329,0,1,0,1,0,0,146
6944376,1,0,1,0,0,0,146
6945280,1,1,0,0,0,0,146
6945748,0,1,0,1,0,0,146
6946263,0,0,1,1,0,0,146
6948268,1,1,0,0,0,0,158
6948487,1,0,0,1,1,0,158
6948714,0,1,1,0,1,0,158
6951829,0,0,1,1,0,0,158
6951844,0,0,1,1,0,0,158
6952338,0,1,1,0,1,0,158
6953034,1,1,0,0,0,0,158
6953240,1,0,0,1,1,0,158
6953679,1,0,1,0,0,0,158
6954343,0,0,1,1,0,0,158
6954689,1,0,1,0,0,0,158
6955058,1,1,1,1,1,0,158
6957319,1,0,1,0,0,0,158
6958143,0,1,0,1,0,0,158
6959529,0,1,0,1,0,0,158
6960980,1,0,0,1,1,0,158
6961160,1,0,0,1,1,0,158
6961967,1,0,1,0,0,0,158
6963144,0,1,1,0,1,0,158
6963487,0,1,1,0,1,0,158
6963901,1,1,0,0,0,0,158
6964750,1,1,1,1,1,0,158
6965054,1,0,0,0,1,1,158
6965422,1,1,0,0,0,0,158
6966164,0,1,1,0,1,0,158
6966543,0,1,0,1,0,0,158
6966649,1,1,0,0,0,0,158
6967325,0,0,0,0,1,0,158
6967612,0,0,1,1,0,0,158
6969174,0,0,1,1,0,0,158
6969621,0,1,0,1,0,0,158
6969818,0,1,0,1,0,0,158
6970588,0,0,0,0,1,0,158
6971472,1,0,0,1,1,0,158
6971985,1,0,1,0,0,0,158
6972054,1,1,1,1,1,0,158
6973360,1,1,1,1,1,0,158
6973571,1,0,1,0,0,0,158
6974958,0,0,0,0,1,0,158
6974966,0,1,0,1,0,0,158
6975115,1,1,1,1,1,0,158
6975920,1,0,1,0,0,0,158
6976430,0,1,1,1,1,1,158
6976623,1,1,1,1,1,0,158
6976710,0,0,1,1,0,0,158
6976885,0,0,1,1,0,0,158
6976914,1,0,0,1,1,0,158
6977127,0,0,0,0,1,0,158
6977598,1,1,0,0,0,0,158
6977624,1,1,1,1,1,0,158
6977652,0,0,1,1,0,0,158
6978576,0,0,1,0,0,0,158
6979048,1,1,1,1,1,0,158
6979126,1,1,0,0,0,0,158
6979479,0,0,1,1,0,0,158
6980654,0,0,1,1,0,0,158
6980859,0,0,1,1,0,0,158
6981006,1,0,1,0,0,0,158
6981179,1,0,0,1,1,0,158
6981659,1,0,0,1,1,0,158
6981771,1,1,0,0,0,0,158
6982470,0,0,0,0,1,0,158
6982889,1,0,0,1,1,0,158
6983541,0,0,1,1,0,0,158
6984071,0,0,1,1,0,0,158
6984955,1,1,0,0,0,0,158
6986553,1,1,1,1,1,0,158
6987211,1,1,0,0,0,0,158
6988979,1,1,1,1,1,0,158
6989573,1,0,0,1,1,0,158
6990448,1,0,0,1,1,0,158
6991536,1,0,0,1,1,0,158
6991714,0,1,1,0,1,0,158
6991838,1,1,0,0,0,0,158
6993249,0,1,0,1,0,0,158
6993970,0,1,1,0,1,0,158
6994488,1,1,0,0,0,0,158
6995533,1,1,1,1,1,0,158
6996804,1,0,0,1,1,0,158
6996859,1,0,1,0,0,0,158
6998074,0,1,1,0,1,0,158
6998118,1,1,1,1,1,0,158
6998907,1,0,0,1,1,0,158
6999795,1,1,1,1,1,0,158
6999837,0,0,1,1,0,0,158
7000077,0,0,0,0,1,0,158
7000352,0,0,0,0,1,0,158
7000405,1,1,0,0,0,0,158
7000753,0,1,0,1,0,0,158
7000888,1,1,0,0,0,0,158
7003368,0,1,1,0,1,0,158
7005579,1,0,0,1,1,0,158
7005787,1,0,1,0,0,0,158
7006218,1,1,0,0,0,0,158
7006277,0,1,0,1,0,0,158
7006697,1,1,0,0,0,0,158
7007792,0,1,1,0,1,0,158
7008091,1,0,1,0,0,0,158
7008331,0,0,0,0,1,0,158
7009389,1,1,1,1,1,0,158
7009657,0,0,0,0,1,0,158
7010179,0,0,1,1,0,0,158
7010330,0,0,1,1,0,0,158
7010649,1,0,0,1,1,0,158
7010800,1,1,0,0,0,0,158
7010804,1,0,0,1,1,0,158
7011577,0,1,1,0,1,0,158
7011737,1,0,1,0,0,0,158
7013642,0,1,0,1,0,0,107
7015242,1,0,0,1,1,0,107
7016217,1,1,0,1,0,0,107
7016318,0,0,1,1,0,0,107
7017076,1,0,1,0,0,0,107
7018575,0,0,1,1,0,0,107
7019161,0,0,1,1,0,0,107
7021762,1,1,1,1,1,0,107
7022361,0,1,1,0,1,0,107
7022507,1,1,0,0,0,0,107
7022933,1,0,1,0,0,0,107
7023499,0,1,1,0,1,0,107
7025700,1,1,1,1,1,0,107
7026272,0,1,1,0,1,0,107
7026382,0,1,0,0,0,0,107
7026614,1,0,1,0,0,0,107
7027922,1,0,0,1,1,0,107
7028972,1,0,1,0,0,0,107
7029819,0,1,1,0,1,0,107
7030706,1,1,0,0,0,0,107
7034023,0,0,0,0,1,0,107
7034364,1,1,0,0,0,0,107
7034589,0,1,0,1,0,0,107
7035950,0,1,0,1,0,0,107
7036520,1,0,0,1,1,0,107
7037704,1,1,1,1,1,0,107
7038116,1,1,1,1,1,0,107
7039187,1,0,0,1,1,0,107
7039279,0,0,1,1,0,0,107
7041009,1,1,1,1,1,0,107
7043316,0,1,1,1,1,1,107
7043945,0,1,1,0,1,0,107
7044134,0,1,0,1,0,0,107
7045705,0,0,1,1,0,0,107
7046024,1,0,0,1,1,0,107
7047484,1,0,0,1,1,0,107
7047880,0,1,1,0,1,0,107
7051102,0,0,0,0,1,0,107
7052105,0,0,0,0,1,0,107
7052950,0,1,1,0,1,0,107
7053754,1,0,0,1,1,0,107
7054633,0,1,1,0,1,0,107
7055698,1,1,1,1,1,0,107
7055961,1,0,0,1,1,0,107
7055973,1,1,1,1,1,0,107
7056188,0,1,1,0,1,0,107
7057150,1,0,0,1,1,0,107
7057799,1,0,0,1,1,0,107
7058197,0,1,1,0,1,0,107
7059058,1,1,1,1,1,0,107
7060263,1,1,0,1,0,0,107
7061085,1,0,0,1,1,0,107
7062761,0,1,0,1,0,0,107
7064521,1,0,1,0,0,0,107
7065342,1,1,1,1,1,0,107
7068085,1,0,0,1,1,0,107
7068691,1,0,0,1,1,0,107
7068781,0,0,0,0,1,0,107
7070255,0,1,1,0,1,0,107
7072369,0,1,0,1,0,0,107
7075301,1,0,0,1,1,0,107
7076380,1,1,0,0,0,0,107
7078140,0,1,0,1,0,0,122
7078761,0,0,1,1,0,0,122
7078918,1,0,1,0,0,0,122
7079130,1,0,1,0,0,0,122
7079721,0,1,1,0,1,0,122
7079888,0,1,1,0,1,0,122
7082572,1,1,0,0,0,0,122
7083165,0,1,1,0,1,0,122
7084470,1,0,0,1,1,0,122
7085752,1,0,0,1,1,0,122
7087475,1,1,0,0,0,0,122
7088275,0,0,0,0,1,0,122
7088785,0,1,1,0,1,0,122
7088971,1,0,0,1,1,0,122
7089524,1,0,1,0,0,0,122
7089616,1,1,1,1,1,0,122
7092148,1,0,1,0,0,0,122
7092272,1,0,0,1,1,0,122
7093587,1,0,1,0,0,0,122
7093686,0,0,0,0,1,0,122
7095370,0,1,1,0,1,0,122
7095460,1,1,0,0,0,0,122
7096317,1,0,1,0,0,0,122
7096728,0,0,1,1,0,0,122
7097544,0,0,0,0,1,0,122
7097834,0,0,1,1,0,0,122
7098229,1,1,0,0,0,0,122
7098277,0,1,0,1,0,0,122
7099298,1,0,0,1,1,0,122
7100796,0,0,0,0,1,0,122
7101040,0,1,0,1,0,0,122
7101123,1,0,0,1,1,0,122
7105672,1,1,1,1,1,0,122
7106766,0,0,0,0,1,0,122
7107829,1,1,1,1,1,0,122
7108183,0,0,1,1,0,0,122
7110004,1,1,0,0,0,0,122
7111056,0,1,1,0,1,0,122
7111731,1,0,1,0,0,0,122
7112905,0,0,0,0,1,0,122
7114836,0,1,0,1,0,0,122
7115981,0,1,0,1,0,0,122
7117599,1,1,0,0,0,0,122
7117638,0,0,0,0,1,0,122
7119291,0,1,0,1,0,0,122
7122970,0,0,1,1,0,0,122
7125335,1,1,0,1,0,0,122
7125520,0,0,0,0,1,0,122
7125625,1,0,0,1,1,0,122
7126775,1,0,0,1,1,0,122
7127407,1,0,1,0,0,0,122
7128080,1,1,0,0,0,0,122
7129009,0,0,0,0,1,0,122
7131813,1,1,1,1,1,0,122
7132741,1,0,0,1,1,0,122
7133055,1,0,1,0,0,0,122
7134697,0,0,1,1,0,0,122
7134701,1,1,1,1,1,0,122
7135467,1,1,0,0,0,0,122
7135558,0,1,0,1,0,0,122
7136172,1,0,1,0,0,0,122
7136858,1,0,1,0,0,0,122
7137944,1,0,1,0,0,0,122
7138018,1,0,0,1,1,0,122
7138262,1,1,1,1,1,0,122
7138657,1,1,1,1,1,0,122
7138783,0,1,1,0,1,0,122
7139581,1,0,0,1,1,0,122
7139906,0,0,0,0,1,0,122
7140569,1,0,0,1,1,0,122
7141562,0,1,1,0,1,0,122
7143031,1,1,1,1,1,0,122
7143293,1,0,0,1,1,0,122
7143886,0,0,1,1,0,0,119
7144059,1,0,1,0,0,0,119
7144140,1,0,0,1,1,0,119
7146821,0,0,0,0,1,0,119
7147277,1,1,0,0,0,0,119
7147361,1,0,0,1,1,0,119
7148756,0,0,1,1,0,0,119
7149423,0,1,0,1,0,0,119
7150943,0,1,1,0,1,0,119
7151912,0,0,0,0,1,0,119
7151998,0,1,1,0,1,0,119
7152863,1,1,0,0,0,0,119
7155609,0,0,0,0,1,0,119
7159053,1,0,1,0,0,0,119
7159219,1,1,0,0,0,0,119
7160000,1,0,1,0,0,0,119
7160804,0,1,0,1,0,0,119
7163013,1,1,1,1,1,0,119
7163280,0,1,1,0,1,0,119
7163971,1,0,1,0,0,0,119
7164841,1,1,0,0,0,0,119
7165038,1,0,1,0,0,0,119
7167552,1,1,1,1,1,0,119
7169132,0,1,0,1,0,0,119
7169651,1,0,1,0,0,0,119
7170151,1,0,1,0,0,0,119
7171405,1,0,0,1,1,0,119
7173127,0,0,0,0,1,0,119
7174651,0,1,1,0,1,0,119
7175457,0,0,0,0,1,0,119
7180418,1,1,1,1,1,0,119
7181085,0,1,0,1,0,0,119
7181973,0,0,1,1,0,0,119
7182420,1,1,0,0,0,0,119
7182826,1,1,1,1,1,0,119
7183575,0,1,1,0,1,0,119
7184475,1,1,0,0,0,0,119
7184512,1,1,0,0,0,0,119
7187427,0,1,0,1,0,0,119
7192189,0,0,0,0,1,0,119
7192897,1,0,0,1,1,0,119
7194222,0,0,1,1,0,0,119
7194951,0,0,0,0,1,0,119
7195232,1,1,1,1,1,0,119
7195726,1,0,1,0,0,0,119
7195974,1,1,1,0,1,1,119
7196451,0,0,0,0,1,0,119
7196798,0,0,1,1,0,0,119
7197575,0,1,0,0,0,0,119
7198221,1,1,1,1,1,0,119
7198450,0,0,1,1,0,0,119
7198704,1,1,1,1,1,0,119
7199015,0,0,0,0,1,0,119
7199020,1,1,0,0,0,0,119
7199712,0,0,0,0,1,0,119
7200603,1,0,1,0,0,0,119
7201135,1,1,0,0,0,0,119
7203474,0,1,0,1,0,0,119
7204726,0,0,0,0,1,0,119
7206596,0,1,0,1,0,0,119
7206749,0,0,1,1,0,0,119
7207932,0,1,0,1,0,0,119
7208601,0,1,0,1,0,0,119
7208995,0,0,1,1,0,0,127
7210672,1,0,1,0,0,0,127
7211032,1,0,1,0,0,0,127
7211199,0,0,0,0,1,0,127
7211936,1,1,0,0,0,0,127
7212260,1,1,1,1,1,0,127
7213377,1,0,1,1,0,0,127
7214134,0,1,1,0,1,0,127
7214192,1,1,1,1,1,0,127
7214259,1,1,1,1,1,0,127
7215254,1,0,1,0,0,0,127
7215255,0,1,0,1,0,0,127
7217839,1,1,0,0,0,0,127
7218427,1,1,1,1,1,0,127
7218941,0,0,0,0,1,0,127
7221388,0,1,1,0,1,0,127
7221637,1,0,0,1,1,0,127
7221646,0,1,0,1,0,0,127
7222056,1,1,1,1,1,0,127
7224357,1,1,1,1,1,0,127
7224531,1,1,1,1,1,0,127
7226899,0,1,1,0,1,0,127
7226902,0,1,1,0,1,0,127
7227697,0,1,0,1,0,0,127
7229931,1,0,0,1,1,0,127
7230895,0,1,1,0,1,0,127
7231655,0,1,0,1,0,0,127
7231728,0,1,0,1,0,0,127
7232168,1,0,0,1,1,0,127
7232793,1,1,0,0,0,0,127
7233089,0,1,0,1,0,0,127
7233090,0,0,1,1,0,0,127
7233419,1,1,0,0,0,0,127
7234454,0,0,0,0,1,0,127
7234478,0,0,1,1,0,0,127
7235338,1,0,1,0,0,0,127
7236777,1,1,1,1,1,0,127
7236882,0,1,0,1,0,0,127
7236893,1,0,1,0,0,0,127
7237326,0,0,1,1,0,0,127
7238484,0,0,1,1,0,0,127
7239162,0,0,1,1,0,0,127
7239732,1,0,1,0,0,0,127
7239904,1,1,0,0,0,0,127
7244802,0,0,0,0,1,0,127
7245294,0,1,1,0,1,0,127
7249070,1,1,0,0,0,0,127
7249376,0,1,0,1,0,0,127
7249838,1,1,1,1,1,0,127
7249973,0,0,1,1,0,0,127
7251119,0,1,0,1,0,0,127
7251659,0,0,1,0,0,0,127
7252291,0,1,1,0,1,0,127
7252400,0,0,0,0,1,0,127
7253466,1,1,1,1,1,0,127
7254087,1,0,0,1,1,0,127
7255343,1,1,0,0,0,0,127
7256084,1,1,0,0,0,0,127
7256097,1,0,1,0,0,0,127
7256823,0,0,1,1,0,0,127
7256886,0,1,0,1,0,0,127
7257386,1,0,0,1,1,0,127
7257637,1,1,1,1,1,0,127
7258549,0,0,0,0,1,0,127
7259010,0,0,1,1,0,0,127
7261876,1,0,1,0,0,0,127
7262237,1,1,1,1,1,0,127
7265263,0,0,0,0,1,0,127
7267239,1,0,1,0,0,0,127
7268816,0,1,1,0,1,0,127
7269079,1,1,1,1,1,0,127
7269616,0,0,0,0,1,0,127
7270606,1,0,1,0,0,0,127
7271247,0,0,1,1,0,0,127
7272433,0,1,0,1,0,0,127
7273550,1,1,1,1,1,0,127
7274279,1,0,0,1,1,0,127
7275640,1,1,0,0,0,0,166
7277890,0,1,0,1,0,0,166
7278062,1,1,1,1,1,0,166
7278090,1,1,1,1,1,0,166
7278544,0,1,0,1,0,0,166
7281615,1,0,0,1,1,0,166
7282640,1,0,1,0,0,0,166
7282967,0,1,0,1,0,0,166
7283567,1,1,1,1,1,0,166
7284120,0,1,1,0,1,0,166
7284354,1,0,0,1,1,0,166
7284582,1,1,0,0,0,0,166
7285152,1,0,0,1,1,0,166
7285599,1,0,0,1,1,0,166
7286426,1,1,0,0,0,0,166
7286559,1,1,1,1,1,0,166
7287899,0,1,1,0,1,0,166
7290529,0,1,0,1,0,0,166
7291112,1,0,1,0,0,0,166
7292200,0,0,1,1,0,0,166
7295374,1,0,1,0,0,0,166
7295428,0,1,1,0,1,0,166
7295910,1,1,0,0,0,0,166
7296464,1,1,1,1,1,0,166
7298750,0,0,1,1,0,0,166
7299459,0,1,0,1,0,0,166
7299895,1,0,1,0,0,0,166
7300789,0,0,1,1,0,0,166
7302231,0,0,1,1,0,0,166
7302320,1,0,0,1,1,0,166
7302772,1,1,1,1,1,0,166
7302953,0,1,1,0,1,0,166
7302963,0,1,0,1,0,0,166
7303579,0,1,0,1,0,0,166
7303588,0,1,1,0,1,0,166
7303604,0,1,0,1,0,0,166
7304939,1,1,1,1,1,0,166
7305541,0,1,0,1,0,0,166
7307370,1,1,0,0,0,0,166
7307701,1,1,0,0,0,0,166
7307889,1,0,0,1,1,0,166
7307975,1,0,1,0,0,0,166
7308457,1,0,0,1,1,0,166
7308599,1,0,1,0,0,0,166
7309386,1,0,1,0,0,0,166
7309764,0,0,1,1,0,0,166
7309819,1,0,0,1,1,0,166
7309959,1,1,1,1,1,0,166
7311306,0,0,0,0,1,0,166
7311914,1,1,0,0,0,0,166
7312709,1,1,0,0,0,0,166
7313148,0,1,0,1,0,0,166
7313229,1,1,1,1,1,0,166
7313288,1,0,1,0,0,0,166
7313775,1,1,1,1,1,0,166
7313924,0,0,1,1,0,0,166
7314529,1,0,1,0,0,0,166
7314826,0,0,0,0,1,0,166
7315006,0,0,1,1,0,0,166
7317597,1,0,1,0,0,0,166
7319184,0,1,1,0,1,0,166
7319408,0,1,1,0,1,0,166
7319594,1,0,0,1,1,0,166
7320096,1,1,0,0,0,0,166
7320426,1,1,1,1,1,0,166
7320742,1,0,1,0,0,0,166
7320910,1,0,0,1,1,0,166
7321286,1,1,0,0,0,0,166
7321913,1,1,0,0,0,0,166
7322212,1,0,0,1,1,0,166
7322659,1,0,1,0,0,0,166
7323876,0,1,1,0,1,0,166
7324059,1,1,1,1,1,0,166
7324389,0,1,1,0,1,0,166
7324588,1,0,0,0,1,1,166
7324992,0,1,0,1,0,0,166
7325160,1,0,1,0,0,0,166
7325172,1,0,1,0,0,0,166
7326520,0,0,0,0,1,0,166
7326899,1,0,1,0,0,0,166
7327327,1,0,0,1,1,0,166
7328837,1,1,0,0,0,0,166
7330827,0,1,0,1,0,0,166
7331898,0,0,0,0,1,0,166
7332203,1,1,1,1,1,0,166
7334304,1,0,1,0,0,0,166
7334729,1,0,1,0,0,0,166
7335851,1,1,0,0,0,0,166
7336094,0,0,1,1,0,0,166
7336659,0,1,0,1,0,0,166
7337083,1,0,0,0,1,1,166
7337440,1,1,0,0,0,0,166
7339041,1,1,1,1,1,0,166
7339588,1,0,0,1,1,0,166
7341175,1,1,0,0,0,0,191
7342776,0,1,0,1,0,0,191
7343192,1,0,0,1,1,0,191
7343747,1,1,1,1,1,0,191
7344671,0,1,1,1,1,1,191
7344935,1,0,0,1,1,0,191
7346263,0,1,0,1,0,0,191
7346625,0,0,0,0,1,0,191
7346691,0,0,1,1,0,0,191
7347589,1,1,0,0,0,0,191
7347862,0,0,1,1,0,0,191
7348458,1,0,1,0,0,0,191
7348753,0,0,1,1,0,0,191
7349450,1,1,0,0,0,0,191
7349918,0,1,1,1,1,1,191
7349960,0,1,1,0,1,0,191
7350191,1,0,0,1,1,0,191
7350368,1,0,1,0,0,0,191
7351131,0,0,1,1,0,0,191
7352041,1,0,0,1,1,0,191
7352102,1,0,0,1,1,0,191
7352716,1,0,0,1,1,0,191
7352999,0,0,0,0,1,0,191
7353080,0,1,1,0,1,0,191
7353919,1,1,1,1,1,0,191
7355738,0,1,0,1,0,0,191
7356208,0,1,0,1,0,0,191
7356568,0,0,1,1,0,0,191
7356602,1,0,0,1,1,0,191
7357548,1,1,0,0,0,0,191
7360868,0,0,1,1,0,0,191
7361248,1,0,1,0,0,0,191
7362507,1,0,0,1,1,0,191
7362859,0,1,0,1,0,0,191
7365869,0,0,1,1,0,0,191
7366446,1,0,1,0,0,0,191
7366595,1,0,0,1,1,0,191
7367134,0,0,1,1,0,0,191
7368167,0,1,1,0,1,0,191
7368883,0,0,1,1,0,0,191
7369437,0,1,0,1,0,0,191
7369973,0,0,0,0,1,0,191
7370382,1,1,1,1,1,0,191
7370715,1,0,1,0,0,0,191
7371379,1,0,1,0,0,0,191
7371687,0,0,0,0,1,0,191
7371882,1,1,1,1,1,0,191
7372414,1,1,0,0,0,0,191
7373789,1,1,0,0,0,0,191
7374035,1,1,1,1,1,0,191
7374042,1,1,0,0,0,0,191
7375110,0,1,0,0,0,0,191
7376388,1,1,0,0,0,0,191
7377952,0,1,1,0,1,0,191
7378440,1,1,0,0,0,0,191
7378556,1,0,1,0,0,0,191
7378819,1,0,0,1,1,0,191
7379150,0,1,1,0,1,0,191
7379297,1,1,0,0,0,0,191
7379321,0,0,1,1,0,0,191
7380253,0,0,1,1,0,0,191
7380518,1,0,1,0,0,0,191
7381647,0,1,0,1,0,0,191
7381838,0,0,0,0,1,0,191
7382146,1,0,0,1,1,0,191
7382988,0,1,1,0,1,0,191
7383311,0,0,1,1,0,0,191
7383615,0,1,0,1,0,0,191
7383878,0,1,0,1,0,0,191
7384599,1,0,0,1,1,0,191
7384647,0,1,0,1,0,0,191
7384993,0,0,1,1,0,0,191
7387081,0,0,0,0,1,0,191
7388011,1,1,1,1,1,0,191
7389369,1,0,1,0,0,0,191
7389497,0,1,0,1,0,0,191
7389853,0,0,1,1,0,0,191
7389859,1,0,1,0,0,0,191
7390978,0,1,1,0,1,0,191
7391701,0,1,0,1,0,0,191
7392316,1,0,0,1,1,0,191
7392459,0,1,1,0,1,0,191
7392801,0,0,1,1,0,0,191
7393665,1,1,0,0,0,0,191
7394090,0,1,1,0,1,0,191
7394578,0,0,1,1,0,0,191
7396118,0,1,0,1,0,0,191
7396522,0,0,1,0,0,0,191
7396785,1,0,1,0,0,0,191
7396831,0,1,1,0,1,0,191
7397785,1,0,0,1,1,0,191
7398747,1,1,0,0,0,0,191
7401162,1,0,0,1,1,0,191
7401459,0,0,0,0,1,0,191
7401920,1,0,0,1,1,0,191
7402396,1,0,0,1,1,0,191
7402539,0,0,1,1,0,0,191
7403271,1,0,0,1,1,0,191
7403987,1,0,1,0,0,0,191
7405129,0,0,0,0,1,0,191
7406036,1,1,0,0,0,0,100
7406210,1,1,0,0,0,0,100
7406420,0,1,0,1,0,0,100
7407089,0,0,1,1,0,0,100
7407273,0,0,0,0,1,0,100
7407916,0,0,0,0,1,0,100
7407971,1,0,1,0,0,0,100
7408023,0,1,1,0,1,0,100
7408112,0,0,0,0,1,0,100
7411664,1,1,1,1,1,0,100
7416369,1,0,1,0,0,0,100
7416508,1,0,1,0,0,0,100
7417305,0,1,1,0,1,0,100
7418491,1,0,1,0,0,0,100
7418604,0,1,0,1,0,0,100
7420938,0,1,1,0,1,0,100
7421370,0,0,1,1,0,0,100
7421495,0,0,0,0,1,0,100
7422527,1,0,0,1,1,0,100
7425101,1,1,1,1,1,0,100
7426616,1,0,1,0,0,0,100
7430347,0,1,0,0,0,0,100
7430384,0,1,0,1,0,0,100
7431066,1,1,1,1,1,0,100
7431612,0,1,1,0,1,0,100
7432199,1,1,0,0,0,0,100
7432262,1,0,1,0,0,0,100
7433135,1,1,0,0,0,0,100
7435559,0,1,1,0,1,0,100
7436394,1,1,1,1,1,0,100
7436804,0,1,0,1,0,0,100
7437584,1,1,1,0,1,1,100
7439494,0,1,0,1,0,0,100
7440910,1,1,1,1,1,0,100
7441151,1,0,0,1,1,0,100
7441827,0,1,1,0,1,0,100
7442656,1,1,1,1,1,0,100
7443160,1,0,1,1,0,0,100
7443306,1,1,1,1,1,0,100
7443393,1,0,0,1,1,0,100
7444238,0,1,1,0,1,0,100
7445370,1,1,1,1,1,0,100
7446345,1,1,0,0,0,0,100
7446600,0,1,1,0,1,0,100
7447546,1,1,0,0,0,0,100
7447745,0,0,1,1,0,0,100
7447976,1,0,0,1,1,0,100
7449550,1,1,0,0,0,0,100
7449719,0,0,1,1,0,0,100
7451679,1,0,0,1,1,0,100
7451707,0,0,0,0,1,0,100
7452265,1,0,0,1,1,0,100
7453711,1,0,0,1,1,0,100
7453725,0,0,1,1,0,0,100
7455269,0,1,0,1,0,0,100
7458030,1,1,1,1,1,0,100
7459405,1,0,0,1,1,0,100
7460623,0,0,1,1,0,0,100
7464089,0,1,0,1,0,0,100
7464200,1,0,1,0,0,0,100
7464627,0,0,0,0,1,0,100
7465116,0,0,0,0,1,0,100
7465490,0,0,1,1,0,0,100
7467362,0,1,1,0,1,0,100
7470514,1,1,0,0,0,0,100
7470606,0,1,1,0,1,0,100
7471272,0,1,1,0,1,0,134
7471279,0,0,0,0,1,0,134
7472427,0,1,0,0,0,0,134
7472627,1,0,1,0,0,0,134
7473209,1,1,0,0,0,0,134
7473923,0,1,1,0,1,0,134
7474270,0,1,0,1,0,0,134
7476357,0,0,1,1,0,0,134
7478685,0,0,1,1,0,0,134
7478866,0,1,1,0,1,0,134
7480679,0,1,0,1,0,0,134
7481726,1,1,1,1,1,0,134
7482343,1,0,1,0,0,0,134
7483117,1,1,0,0,0,0,134
7484826,0,1,0,1,0,0,134
7489943,1,1,1,1,1,0,134
7493430,1,1,0,0,0,0,134
7493578,1,0,1,0,0,0,134
7495312,1,1,1,1,1,0,134
7495860,1,0,0,1,1,0,134
7496214,0,1,0,1,0,0,134
7496864,0,1,0,1,0,0,134
7499355,1,0,0,1,1,0,134
7499997,1,1,0,0,0,0,134
7500143,0,1,1,0,1,0,134
7500571,0,0,0,0,1,0,134
7501470,0,1,0,1,0,0,134
7501505,0,0,0,0,1,0,134
7501546,1,0,0,1,1,0,134
7502605,0,1,0,1,0,0,134
7502971,1,1,0,0,0,0,134
7503274,1,1,0,0,0,0,134
7504390,0,1,1,0,1,0,134
7506397,1,0,1,0,0,0,134
7506720,0,1,1,0,1,0,134
7507641,0,1,0,1,0,0,134
7508166,1,0,0,1,1,0,134
7508566,1,1,0,0,0,0,134
7509626,0,0,0,0,1,0,134
7509921,0,0,1,1,0,0,134
7510937,0,0,1,1,0,0,134
7511146,0,0,0,0,1,0,134
7511453,0,0,0,0,1,0,134
7512065,1,0,0,1,1,0,134
7512256,1,0,0,1,1,0,134
7513985,1,0,0,1,1,0,134
7514077,1,0,0,1,1,0,134
7514648,1,1,0,0,0,0,134
7516324,1,1,0,0,0,0,134
7517323,1,1,1,1,1,0,134
7519931,0,1,1,0,1,0,134
7521706,0,1,0,1,0,0,134
7521825,0,1,1,0,1,0,134
7523203,0,1,0,1,0,0,134
7523204,0,1,1,0,1,0,134
7524802,0,0,0,0,1,0,134
7524967,0,0,0,0,1,0,134
7525715,1,1,1,1,1,0,134
7527929,1,1,1,1,1,0,134
7528103,1,0,1,1,0,0,134
7530265,0,0,0,0,1,0,134
7531781,1,0,1,0,0,0,134
7533990,0,0,1,1,0,0,134
7533999,1,0,0,1,1,0,134
7534660,0,0,1,1,0,0,134
7535531,0,1,0,1,0,0,134
7535988,1,0,1,0,0,0,134
7537049,1,1,1,1,1,0,146
7538089,1,1,0,0,0,0,146
7538607,0,1,0,1,0,0,146
7539388,0,1,1,0,1,0,146
7541140,1,1,0,0,0,0,146
7542258,0,0,1,1,0,0,146
7542664,0,1,0,1,0,0,146
7543852,1,1,1,1,1,0,146
7545532,0,1,1,0,1,0,146
7547288,0,1,1,0,1,0,146
7547622,1,1,0,0,0,0,146
7547878,1,1,1,1,1,0,146
7548510,1,0,0,1,1,0,146
7549617,0,0,0,0,1,0,146
7549975,1,0,0,1,1,0,146
7551062,0,1,0,1,0,0,146
7551183,1,0,0,1,1,0,146
7551486,1,0,0,1,1,0,146
7551555,0,0,1,1,0,0,146
7553950,1,1,0,0,0,0,146
7553970,0,0,0,0,1,0,146
7554019,0,0,1,1,0,0,146
7554120,1,0,0,1,1,0,146
7554447,1,1,0,0,0,0,146
7557327,0,1,1,0,1,0,146
7557542,0,1,0,1,0,0,146
7557986,1,1,0,0,0,0,146
7558592,1,1,1,1,1,0,146
7561041,0,0,0,0,1,0,146
7561428,1,0,0,1,1,0,146
7563324,0,1,0,1,0,0,146
7564076,1,1,0,0,0,0,146
7564303,1,0,1,0,0,0,146
7567669,1,0,1,0,0,0,146
7568213,0,1,1,0,1,0,146
7568771,0,0,0,0,1,0,146
7569061,1,0,0,1,1,0,146
7570024,1,1,1,1,1,0,146
7571008,1,0,1,0,0,0,146
7571518,0,0,1,1,0,0,146
7571793,1,1,0,0,0,0,146
7572119,1,0,0,1,1,0,146
7573009,1,1,1,1,1,0,146
7573697,1,1,1,1,1,0,146
7574532,0,0,0,0,1,0,146
7575836,0,0,1,1,0,0,146
7576171,1,1,0,0,0,0,146
7576926,1,1,1,1,1,0,146
7577069,1,1,0,0,0,0,146
7578597,0,0,1,0,0,0,146
7580102,1,1,1,1,1,0,146
7581198,1,0,1,0,0,0,146
7581451,0,1,0,1,0,0,146
7581688,0,0,0,0,1,0,146
7581828,1,1,1,1,1,0,146
7582233,0,1,0,1,0,0,146
7583703,0,0,0,0,1,0,146
7584505,1,1,0,0,0,0,146
7584947,0,0,1,1,0,0,146
7584990,1,0,0,1,1,0,146
7586911,0,0,0,0,1,0,146
7587804,0,1,1,0,1,0,146
7587870,1,0,0,1,1,0,146
7588401,1,1,1,1,1,0,146
7588417,0,0,0,0,1,0,146
7588535,0,0,1,1,0,0,146
7591949,0,0,1,1,0,0,146
7591985,1,1,0,1,0,0,146
7592087,1,1,0,0,0,0,146
7592317,1,0,0,1,1,0,146
7592552,0,1,1,0,1,0,146
7592912,1,0,1,0,0,0,146
7593846,0,1,0,1,0,0,146
7594187,0,0,1,1,0,0,146
7594504,0,1,1,0,1,0,146
7595628,1,1,0,0,0,0,146
7595999,0,1,0,1,0,0,146
7596627,1,1,0,0,0,0,146
7598096,1,0,0,1,1,0,146
7599618,0,0,1,1,0,0,146
7599621,0,0,1,1,0,0,146
7600142,0,1,0,1,0,0,146
7600489,0,0,0,0,1,0,146
7600627,0,1,0,0,0,0,146
7601614,0,0,0,0,1,0,146
7601823,0,0,0,0,1,0,146
7602371,1,0,0,1,1,0,109
7603128,0,1,1,0,1,0,109
7604429,1,1,1,1,1,0,109
7604620,1,1,1,0,1,1,109
7604749,0,0,1,1,0,0,109
7604825,1,0,1,0,0,0,109
7605570,0,1,1,0,1,0,109
7608291,1,1,1,1,1,0,109
7608401,1,1,0,0,0,0,109
7611545,1,0,1,0,0,0,109
7612124,1,0,1,0,0,0,109
7612207,0,0,0,0,1,0,109
7612637,0,0,1,1,0,0,109
7612661,1,0,0,0,1,1,109
7613052,1,1,0,0,0,0,109
7613305,1,0,0,1,1,0,109
7614326,1,0,0,1,1,0,109
7615614,0,1,1,0,1,0,109
7618154,1,0,1,0,0,0,109
7618684,1,1,0,0,0,0,109
7621554,0,1,0,1,0,0,109
7622062,0,0,1,1,0,0,109
7622075,1,1,1,1,1,0,109
7623247,0,1,0,1,0,0,109
7623378,1,0,0,1,1,0,109
7625480,1,0,0,1,1,0,109
7626116,1,1,1,1,1,0,109
7626644,1,0,0,1,1,0,109
7626900,1,0,1,0,0,0,109
7627153,1,0,0,1,1,0,109
7627392,0,0,1,1,0,0,109
7629577,0,1,0,1,0,0,109
7629608,0,0,0,0,1,0,109
7632643,0,0,0,0,1,0,109
7633184,1,0,1,0,0,0,109
7634759,1,0,0,1,1,0,109
7639224,0,1,1,0,1,0,109
7642107,0,0,0,0,1,0,109
7642377,0,1,0,1,0,0,109
7654731,1,0,1,0,0,0,109
7657215,1,0,0,0,1,1,109
7658799,1,1,0,0,0,0,109
7661052,1,1,1,1,1,0,109
7662360,0,0,1,1,0,0,109
7662718,0,1,1,0,1,0,109
7665800,1,0,1,0,0,0,109
7667324,1,0,0,1,1,0,109
7667510,0,0,1,1,0,0,109
7668097,1,1,0,0,0,0,124
7668532,0,1,1,0,1,0,124
7669582,0,0,0,0,1,0,124
7670083,0,1,1,0,1,0,124
7670219,1,0,0,1,1,0,124
7670974,1,1,1,1,1,0,124
7672299,1,1,1,1,1,0,124
7672325,1,0,1,0,0,0,124
7672358,1,0,1,0,0,0,124
7672868,0,0,0,0,1,0,124
7674031,0,1,1,0,1,0,124
7674663,1,1,1,1,1,0,124
7674967,1,0,0,1,1,0,124
7677880,0,0,1,1,0,0,124
7680035,1,1,1,1,1,0,124
7680120,0,0,1,1,0,0,124
7680690,1,0,1,0,0,0,124
7682056,0,1,0,1,0,0,124
7683164,1,0,0,1,1,0,124
7683190,1,0,1,0,0,0,124
7684192,1,1,1,1,1,0,124
7684624,1,1,0,0,0,0,124
7685395,1,0,0,1,1,0,124
7685553,1,0,0,1,1,0,124
7686001,1,1,1,1,1,0,124
7687464,1,0,0,1,1,0,124
7688336,0,0,0,0,1,0,124
7688685,1,1,0,0,0,0,124
7688702,0,0,1,1,0,0,124
7689241,1,1,1,1,1,0,124
7689408,0,1,0,1,0,0,124
7691224,0,1,0,1,0,0,124
7691346,0,0,1,1,0,0,124
7691562,1,1,1,0,1,1,124
7691944,0,1,1,0,1,0,124
7692983,0,0,1,1,0,0,124
7694172,0,1,0,1,0,0,124
7694595,0,1,0,1,0,0,124
7694684,0,1,1,1,1,1,124
7694714,1,1,0,1,0,0,124
7696356,0,0,0,0,1,0,124
7697408,0,1,0,1,0,0,124
7698041,0,0,1,1,0,0,124
7698944,0,0,0,0,1,0,124
7701452,1,1,1,1,1,0,124
7701533,0,0,1,1,0,0,124
7702020,0,0,0,0,1,0,124
7702037,0,0,1,1,0,0,124
7702793,1,0,1,0,0,0,124
7702814,0,0,0,0,1,0,124
7703018,0,1,1,0,1,0,124
7703620,1,1,0,0,0,0,124
7705457,1,0,0,1,1,0,124
7705520,0,1,0,1,0,0,124
7705769,1,0,0,1,1,0,124
7706516,1,0,0,1,1,0,124
7706898,0,0,1,1,0,0,124
7706907,0,0,1,1,0,0,124
7707074,0,0,0,0,1,0,124
7708056,1,0,0,1,1,0,124
7708493,1,0,0,1,1,0,124
7708862,0,1,0,1,0,0,124
7710374,1,1,0,0,0,0,124
7711219,1,1,1,1,1,0,124
7712535,0,0,1,1,0,0,124
7713342,0,0,0,0,1,0,124
7716556,0,1,0,1,0,0,124
7717519,0,0,1,1,0,0,124
7718973,0,1,1,0,1,0,124
7720322,1,0,1,0,0,0,124
7720420,1,1,0,0,0,0,124
7720894,0,0,1,1,0,0,124
7721282,1,1,0,0,0,0,124
7721320,1,0,0,1,1,0,124
7722736,1,0,0,1,1,0,124
7723001,0,0,1,1,0,0,124
7723106,1,1,1,1,1,0,124
7725833,1,1,1,1,1,0,124
7725846,1,0,1,0,0,0,124
7726279,1,0,1,0,0,0,124
7727024,1,1,0,0,0,0,124
7727854,1,0,1,0,0,0,124
7727896,1,1,0,0,0,0,124
7728761,1,1,0,0,0,0,124
7728843,0,1,0,1,0,0,124
7729664,1,0,0,1,1,0,124
7730210,1,1,1,1,1,0,124
7730436,1,1,1,1,1,0,124
7731052,1,1,1,1,1,0,124
7732307,0,1,0,1,0,0,124
7733266,0,0,0,0,1,0,135
7733345,0,1,1,1,1,1,135
7733355,0,0,1,1,0,0,135
7734392,0,1,1,0,1,0,135
7736188,0,1,0,1,0,0,135
7737685,0,0,0,0,1,0,135
7737698,1,1,1,1,1,0,135
7738051,0,1,1,0,1,0,135
7739072,0,0,1,1,0,0,135
7741687,0,0,1,1,0,0,135
7741820,0,1,0,1,0,0,135
7742257,0,0,0,0,1,0,135
7743314,0,1,0,1,0,0,135
7743511,1,0,0,1,1,0,135
7744923,0,0,0,0,1,0,135
7745988,0,0,1,1,0,0,135
7746032,1,1,0,0,0,0,135
7746225,0,1,0,1,0,0,135
7746330,0,1,1,0,1,0,135
7747774,0,0,1,1,0,0,135
7748181,0,1,1,0,1,0,135
7748377,0,1,1,1,1,1,135
7750036,0,0,1,1,0,0,135
7750525,0,1,1,0,1,0,135
7751632,0,0,1,1,0,0,135
7753590,0,1,0,1,0,0,135
7755965,0,0,0,0,1,0,135
7756528,1,1,1,1,1,0,135
7756556,1,0,1,0,0,0,135
7756893,0,0,1,1,0,0,135
7757066,0,0,0,0,1,0,135
7758280,0,0,0,0,1,0,135
7760277,1,0,0,1,1,0,135
7761421,0,0,1,1,0,0,135
7761992,0,0,1,1,0,0,135
7763170,1,1,1,1,1,0,135
7763379,1,1,0,0,0,0,135
7763441,0,1,0,1,0,0,135
7763670,1,0,0,1,1,0,135
7765336,1,0,0,1,1,0,135
7767584,0,0,0,0,1,0,135
7767772,0,1,0,1,0,0,135
7771676,1,0,0,1,1,0,135
7773188,0,0,1,1,0,0,135
7773432,1,0,1,0,0,0,135
7773925,1,0,0,1,1,0,135
7774280,1,0,1,0,0,0,135
7774789,1,0,0,1,1,0,135
7776733,0,0,0,0,1,0,135
7777632,1,1,1,1,1,0,135
7782322,1,0,0,1,1,0,135
7782360,1,0,0,1,1,0,135
7782685,1,1,1,1,1,0,135
7784530,1,1,1,0,1,1,135
7786484,1,0,1,0,0,0,135
7786511,1,1,0,1,0,0,135
7786542,1,1,0,0,0,0,135
7787140,0,1,1,0,1,0,135
7787835,0,1,1,0,1,0,135
7787919,1,0,0,1,1,0,135
7788416,0,0,1,1,0,0,135
7788417,1,0,0,1,1,0,135
7789290,1,1,0,0,0,0,135
7790302,1,0,0,1,1,0,135
7790827,1,1,0,0,0,0,135
7791901,0,0,0,0,1,0,135
7792705,0,0,1,1,0,0,135
7793129,1,0,0,1,1,0,135
7793206,1,0,1,0,0,0,135
7795229,1,0,0,1,1,0,135
7795967,0,1,1,0,1,0,135
7796597,0,0,1,1,0,0,135
7797062,1,1,1,1,1,0,135
7798214,0,0,0,0,1,0,135
7800290,0,0,0,0,1,0,179
7800813,1,0,0,1,1,0,179
7801302,1,0,1,0,0,0,179
7801370,1,0,1,0,0,0,179
7801434,0,1,0,1,0,0,179
7802394,1,1,1,1,1,0,179
7802869,1,0,1,0,0,0,179
7803328,1,1,0,0,0,0,179
7803814,0,1,1,0,1,0,179
7804567,1,1,1,1,1,0,179
7804746,0,0,1,1,0,0,179
7804905,1,1,0,0,0,0,179
7805213,1,0,1,0,0,0,179
7805423,0,0,1,1,0,0,179
7805441,0,1,0,1,0,0,179
7806052,0,0,1,1,0,0,179
7806424,1,0,1,0,0,0,179
7806580,1,1,0,0,0,0,179
7806855,0,1,1,0,1,0,179
7808271,0,1,1,0,1,0,179
7808401,0,1,1,0,1,0,179
7809168,1,1,0,0,0,0,179
7809326,1,1,0,0,0,0,179
7810340,1,1,0,0,0,0,179
7810783,1,1,0,0,0,0,179
7811424,0,0,1,1,0,0,179
7811705,1,0,1,0,0,0,179
7812101,0,1,1,0,1,0,179
7812235,1,1,1,1,1,0,179
7812778,0,1,1,0,1,0,179
7814263,0,1,1,0,1,0,179
7814793,0,0,0,0,1,0,179
7815437,0,0,0,0,1,0,179
7815692,0,0,1,1,0,0,179
7817925,0,1,1,1,1,1,179
7818348,0,1,0,1,0,0,179
7818485,1,0,1,0,0,0,179
7819069,1,1,0,0,0,0,179
7819273,1,1,0,0,0,0,179
7819348,1,1,0,0,0,0,179
7821125,1,1,0,0,0,0,179
7821229,0,0,0,0,1,0,179
7822050,1,0,1,0,0,0,179
7822589,1,1,1,1,1,0,179
7823279,0,1,1,0,1,0,179
7823284,0,1,0,1,0,0,179
7823423,1,1,0,0,0,0,179
7824183,1,1,0,0,0,0,179
7824478,1,1,1,0,1,1,179
7825633,0,1,0,1,0,0,179
7825721,1,0,0,1,1,0,179
7825798,1,1,1,1,1,0,179
7825807,1,1,1,0,1,1,179
7826277,1,1,0,0,0,0,179
7827163,1,1,0,0,0,0,179
7827323,1,0,1,0,0,0,179
7827373,1,0,0,1,1,0,179
7827414,0,1,1,0,1,0,179
7828178,0,1,1,0,1,0,179
7828289,1,0,1,0,0,0,179
7829462,0,0,0,0,1,0,179
7829955,1,1,1,1,1,0,179
7830133,1,1,0,0,0,0,179
7830605,0,0,0,0,1,0,179
7830757,0,1,0,1,0,0,179
7832404,0,1,1,0,1,0,179
7834082,1,0,0,1,1,0,179
7834267,1,1,0,0,0,0,179
7835115,0,0,1,1,0,0,179
7835371,1,1,1,1,1,0,179
7835596,0,0,1,1,0,0,179
7835699,1,0,1,0,0,0,179
7836303,1,0,1,0,0,0,179
7837451,1,0,0,1,1,0,179
7838029,1,1,1,1,1,0,179
7838071,0,0,0,0,1,0,179
7838079,1,0,1,0,0,0,179
7838742,0,0,0,0,1,0,179
7838748,0,0,1,1,0,0,179
7838868,1,0,0,1,1,0,179
7839518,1,0,0,1,1,0,179
7839737,0,1,0,1,0,0,179
7839773,0,1,1,0,1,0,179
7841081,0,1,1,0,1,0,179
7841193,0,0,1,1,0,0,179
7842586,0,1,1,0,1,0,179
7843271,0,0,0,0,1,0,179
7843272,1,1,1,1,1,0,179
7843469,1,1,0,0,0,0,179
7844739,0,0,0,0,1,0,179
7845806,1,1,0,0,0,0,179
7846185,1,0,0,1,1,0,179
7846221,0,1,0,1,0,0,179
7846528,1,1,1,1,1,0,179
7846673,1,0,1,0,0,0,179
7847005,0,0,0,0,1,0,179
7847239,0,1,1,0,1,0,179
7847399,1,1,0,0,0,0,179
7848834,1,1,0,0,0,0,179
7849563,1,0,1,1,0,0,179
7849589,1,1,1,1,1,0,179
7851628,0,1,1,0,1,0,179
7852576,1,1,0,0,0,0,179
7853017,0,1,0,1,0,0,179
7853436,1,1,0,0,0,0,179
7854082,0,0,0,0,1,0,179
7854659,1,0,0,1,1,0,179
7854889,0,1,1,0,1,0,179
7855860,1,1,0,0,0,0,179
7855927,0,1,0,1,0,0,179
7856728,0,1,1,0,1,0,179
7858145,1,0,1,1,0,0,179
7859349,1,1,1,1,1,0,179
7859384,0,0,1,1,0,0,179
7859667,0,1,1,0,1,0,179
7860130,1,1,0,0,0,0,179
7860190,0,0,0,0,1,0,179
7860838,1,0,0,1,1,0,179
7861838,1,0,1,0,0,0,179
7862058,0,0,0,0,1,0,179
7862471,0,1,0,1,0,0,179
7862810,1,1,1,1,1,0,179
7862851,0,0,0,0,1,0,179
7863265,0,0,1,1,0,0,179
7864466,0,0,1,1,0,0,144
7864522,1,0,0,1,1,0,144
7865865,1,1,1,1,1,0,144
7866326,1,1,0,0,0,0,144
7866516,0,1,1,0,1,0,144
7868413,0,0,0,0,1,0,144
7868568,0,0,0,0,1,0,144
7868571,0,0,0,0,1,0,144
7868787,1,1,1,1,1,0,144
7868810,1,0,0,1,1,0,144
7869058,0,1,0,1,0,0,144
7869207,0,0,0,0,1,0,144
7872937,0,0,1,1,0,0,144
7874359,0,1,1,0,1,0,144
7874541,1,1,0,0,0,0,144
7874979,1,1,0,0,0,0,144
7875474,0,1,1,0,1,0,144
7876625,1,0,0,1,1,0,144
7876725,0,0,0,0,1,0,144
7876977,1,1,0,0,0,0,144
7878114,1,1,1,1,1,0,144
7879394,1,0,0,1,1,0,144
7880251,1,1,1,1,1,0,144
7880286,0,0,0,0,1,0,144
7880633,1,1,1,1,1,0,144
7881363,0,1,1,0,1,0,144
7883070,1,0,0,1,1,0,144
7884496,1,1,0,0,0,0,144
7885917,1,0,1,0,0,0,144
7886139,1,1,1,1,1,0,144
7886295,1,0,1,0,0,0,144
7886766,1,0,1,0,0,0,144
7886944,1,1,0,0,0,0,144
7887160,0,0,0,0,1,0,144
7887476,0,1,1,0,1,0,144
7887809,1,1,0,0,0,0,144
7889040,1,1,0,0,0,0,144
7889314,1,1,0,0,0,0,144
7889327,0,0,0,0,1,0,144
7889620,0,0,0,0,1,0,144
7890073,1,1,0,0,0,0,144
7890574,1,1,0,0,0,0,144
7891180,1,0,0,1,1,0,144
7892306,0,0,1,1,0,0,144
7892504,1,0,0,1,1,0,144
7892894,0,1,0,1,0,0,144
7893642,1,1,0,0,0,0,144
7895116,0,1,1,0,1,0,144
7895614,0,0,1,1,0,0,144
7895972,1,1,1,1,1,0,144
7896220,0,0,0,0,1,0,144
7900166,0,0,1,1,0,0,144
7900376,1,0,1,0,0,0,144
7900428,0,1,1,0,1,0,144
7901177,0,0,0,0,1,0,144
7904194,0,1,1,0,1,0,144
7905104,1,1,0,0,0,0,144
7905369,0,0,1,1,0,0,144
7906578,0,1,0,1,0,0,144
7906620,0,1,1,0,1,0,144
7909057,0,1,1,0,1,0,144
7909586,1,0,1,0,0,0,144
7910966,1,1,1,1,1,0,144
7911047,1,1,1,1,1,0,144
7911590,1,0,0,1,1,0,144
7912476,1,1,0,0,0,0,144
7912984,1,0,1,0,0,0,144
7914385,0,0,0,0,1,0,144
7914919,1,1,0,0,0,0,144
7915784,1,1,0,0,0,0,144
7915788,0,1,1,0,1,0,144
7916224,0,0,1,1,0,0,144
7918074,0,0,0,0,1,0,144
7918279,1,0,0,1,1,0,144
7920163,1,0,0,1,1,0,144
7922319,1,0,1,0,0,0,144
7922873,1,1,0,0,0,0,144
7923427,1,0,1,0,0,0,144
7923954,1,1,1,1,1,0,144
7925819,0,0,0,0,1,0,144
7926499,1,1,1,1,1,0,144
7926521,1,1,0,0,0,0,144
7926546,0,0,0,0,1,0,144
7927428,0,1,0,0,0,0,144
7927718,0,0,0,0,1,0,144
7928141,0,1,1,0,1,0,144
7928933,1,1,1,1,1,0,144
7929267,1,1,1,1,1,0,144
7929288,1,0,0,1,1,0,144
7931691,0,1,0,1,0,0,150
7932125,0,1,1,0,1,0,150
7932802,1,0,1,0,0,0,150
7932860,1,0,0,1,1,0,150
7935869,0,0,1,1,0,0,150
7937559,0,1,0,1,0,0,150
7938185,0,1,1,0,1,0,150
7939654,0,0,1,1,0,0,150
7940917,1,1,0,0,0,0,150
7943816,1,1,0,0,0,0,150
7943821,1,1,1,1,1,0,150
7944377,0,1,0,1,0,0,150
7944506,1,0,0,1,1,0,150
7944922,0,1,1,0,1,0,150
7945188,0,1,0,1,0,0,150
7945571,1,0,0,1,1,0,150
7945656,1,1,1,1,1,0,150
7946764,1,0,0,1,1,0,150
7947039,1,0,1,0,0,0,150
7947314,0,0,0,0,1,0,150
7947465,1,0,1,0,0,0,150
7947823,1,1,1,1,1,0,150
7948209,0,1,0,1,0,0,150
7948419,1,1,0,0,0,0,150
7950743,1,0,1,0,0,0,150
7950849,0,0,0,0,1,0,150
7951330,0,0,0,0,1,0,150
7951842,1,1,1,1,1,0,150
7952414,0,1,0,1,0,0,150
7952598,0,0,1,1,0,0,150
7952949,0,1,1,0,1,0,150
7952960,1,0,0,1,1,0,150
7953503,0,1,1,0,1,0,150
7954637,0,1,0,1,0,0,150
7954977,0,1,0,1,0,0,150
7955715,0,0,0,0,1,0,150
7956040,1,0,1,0,0,0,150
7956089,0,1,1,0,1,0,150
7956194,1,1,0,0,0,0,150
7956342,0,1,1,0,1,0,150
7959892,1,1,0,0,0,0,150
7960406,0,0,0,0,1,0,150
7961271,1,0,0,1,1,0,150
7962804,0,1,1,0,1,0,150
7963359,0,0,1,1,0,0,150
7964302,0,0,1,1,0,0,150
7964729,1,1,1,1,1,0,150
7964922,1,1,1,1,1,0,150
7965322,0,0,1,1,0,0,150
7966422,1,1,0,0,0,0,150
7967275,0,1,0,1,0,0,150
7967563,1,1,1,1,1,0,150
7967734,1,0,1,0,0,0,150
7968736,0,1,1,0,1,0,150
7969936,0,0,1,1,0,0,150
7970521,1,1,0,0,0,0,150
7970644,1,1,1,1,1,0,150
7971036,0,0,0,0,1,0,150
7971672,0,1,1,0,1,0,150
7971925,1,1,1,1,1,0,150
7972402,0,1,0,1,0,0,150
7973036,1,0,0,1,1,0,150
7974154,1,0,0,1,1,0,150
7976615,0,1,0,1,0,0,150
7976765,1,0,1,0,0,0,150
7977889,0,1,0,1,0,0,150
7978898,1,1,1,1,1,0,150
7979847,0,1,1,1,1,1,150
7981867,0,1,1,0,1,0,150
7983945,1,1,1,1,1,0,150
7984657,1,0,0,1,1,0,150
7984686,1,0,1,0,0,0,150
7984956,1,1,1,1,1,0,150
7985034,0,1,1,0,1,0,150
7986340,0,0,1,1,0,0,150
7988190,1,0,0,1,1,0,150
7989235,1,1,1,1,1,0,150
7989580,1,1,0,1,0,0,150
7989919,1,0,1,0,0,0,150
7990077,1,0,1,0,0,0,150
7990396,0,0,0,0,1,0,150
7990906,0,0,0,0,1,0,150
7992132,0,0,1,1,0,0,150
7992785,1,0,1,0,0,0,150
7992892,0,0,1,1,0,0,150
7993504,0,0,1,0,0,0,150
7994342,0,1,0,0,0,0,150
7994485,0,1,0,1,0,0,150
7998056,0,1,0,1,0,0,134
7998819,1,0,0,1,1,0,134
7999127,0,1,0,1,0,0,134
7999797,0,0,0,1,1,1,134
8000116,1,0,1,0,0,0,134
8000340,0,0,0,0,1,0,134
8002520,0,0,0,1,1,1,134
8002897,1,1,1,1,1,0,134
8003872,0,1,1,0,1,0,134
8004687,1,1,0,0,0,0,134
8005199,1,0,0,1,1,0,134
8005331,1,1,1,1,1,0,134
8006510,1,1,0,0,0,0,134
8006694,1,0,0,1,1,0,134
8007492,1,1,1,1,1,0,134
8007551,1,0,1,0,0,0,134
8008004,1,0,0,0,1,1,134
8009073,1,1,0,0,0,0,134
8010533,0,1,1,0,1,0,134
8010837,1,0,1,1,0,0,134
8011950,1,0,1,0,0,0,134
8012021,1,1,1,1,1,0,134
8014506,0,1,0,1,0,0,134
8014563,1,1,1,1,1,0,134
8014758,0,0,1,1,0,0,134
8015578,1,0,0,1,1,0,134
8016378,1,0,1,0,0,0,134
8016540,0,0,0,0,1,0,134
8017495,0,1,1,0,1,0,134
8018223,0,1,1,0,1,0,134
8018385,0,0,0,0,1,0,134
8018465,0,1,0,1,0,0,134
8019192,1,1,1,1,1,0,134
8019307,0,1,0,1,0,0,134
8023266,1,1,0,0,0,0,134
8024358,1,1,1,1,1,0,134
8024488,1,1,1,1,1,0,134
8025110,0,1,0,1,0,0,134
8025223,1,0,1,0,0,0,134
8026041,1,0,1,0,0,0,134
8026810,0,0,0,0,1,0,134
8032433,1,0,0,0,1,1,134
8033175,1,0,1,0,0,0,134
8033486,1,0,1,0,0,0,134
8033501,0,0,0,0,1,0,134
8035907,1,1,0,0,0,0,134
8036100,0,0,1,1,0,0,134
8036201,1,0,0,1,1,0,134
8038002,1,1,0,0,0,0,134
8038245,0,0,1,1,0,0,134
8039057,0,1,1,0,1,0,134
8039310,1,1,1,1,1,0,134
8039911,0,0,1,1,0,0,134
8040938,1,1,1,1,1,0,134
8043766,0,1,1,0,1,0,134
8044008,1,1,1,1,1,0,134
8044276,1,1,1,1,1,0,134
8045301,1,1,0,0,0,0,134
8050317,1,0,1,0,0,0,134
8050474,0,0,0,0,1,0,134
8051495,1,0,0,1,1,0,134
8052510,0,1,0,1,0,0,134
8053065,1,0,1,0,0,0,134
8053159,1,0,0,1,1,0,134
8053836,1,0,0,0,1,1,134
8054425,1,0,0,1,1,0,134
8055153,1,1,1,1,1,0,134
8055647,0,1,1,0,1,0,134
8056150,0,1,0,1,0,0,134
8057256,0,1,0,1,0,0,134
8057347,1,1,1,1,1,0,134
8057669,0,1,0,1,0,0,134
8058003,1,1,0,0,0,0,134
8058178,1,0,0,1,1,0,134
8058649,1,0,0,1,1,0,134
8059161,0,1,1,0,1,0,134
8059395,1,1,1,1,1,0,134
8059450,0,0,0,0,1,0,134
8059552,1,0,1,0,0,0,134
8060203,0,1,1,0,1,0,134
8061427,1,1,0,0,0,0,154
8062834,1,0,0,1,1,0,154
8063332,0,0,1,1,0,0,154
8063346,0,1,0,1,0,0,154
8063360,0,1,0,1,0,0,154
8063455,0,0,0,0,1,0,154
8063920,1,0,0,1,1,0,154
8064943,1,0,1,0,0,0,154
8066027,1,1,0,0,0,0,154
8066967,0,0,1,1,0,0,154
8067240,0,1,0,1,0,0,154
8067975,0,1,1,1,1,1,154
8068083,1,1,0,0,0,0,154
8070280,1,1,1,1,1,0,154
8071171,0,1,1,0,1,0,154
8071361,1,0,1,0,0,0,154
8072035,1,1,1,1,1,0,154
8072248,0,0,1,1,0,0,154
8072672,0,0,1,1,0,0,154
8072806,1,1,1,0,1,1,154
8073484,0,1,1,0,1,0,154
8077610,0,1,1,0,1,0,154
8077664,1,0,0,1,1,0,154
8078856,0,0,0,0,1,0,154
8080177,0,0,0,0,1,0,154
8080863,0,0,1,0,0,0,154
8080923,1,1,1,1,1,0,154
8082068,0,1,0,1,0,0,154
8083773,1,1,0,0,0,0,154
8083835,0,0,1,1,0,0,154
8083951,1,0,1,0,0,0,154
8085095,0,0,1,1,0,0,154
8085232,0,1,0,1,0,0,154
8085553,1,1,0,0,0,0,154
8085614,0,1,1,0,1,0,154
8086046,0,1,1,0,1,0,154
8086548,1,0,1,0,0,0,154
8086933,0,0,0,0,1,0,154
8087194,0,1,1,0,1,0,154
8087653,1,1,1,1,1,0,154
8088164,1,1,1,1,1,0,154
8088921,1,1,0,0,0,0,154
8089234,1,1,1,1,1,0,154
8089511,0,0,1,1,0,0,154
8090217,1,0,0,1,1,0,154
8091197,0,0,0,0,1,0,154
8091590,1,0,0,1,1,0,154
8091665,0,0,1,1,0,0,154
8091776,1,0,0,1,1,0,154
8092368,0,1,0,1,0,0,154
8092726,1,1,1,1,1,0,154
8093433,0,0,0,0,1,0,154
8094604,1,1,0,0,0,0,154
8096775,0,0,1,1,0,0,154
8097125,1,1,1,1,1,0,154
8098878,0,0,1,1,0,0,154
8100207,1,0,0,0,1,1,154
8100255,1,1,0,0,0,0,154
8101159,1,0,1,0,0,0,154
8102075,0,0,0,0,1,0,154
8102310,0,0,0,0,1,0,154
8102962,0,0,0,0,1,0,154
8105951,0,1,0,1,0,0,154
8107033,1,0,1,0,0,0,154
8107359,0,0,0,0,1,0,154
8107436,0,1,1,0,1,0,154
8107459,1,0,0,1,1,0,154
8111243,0,1,0,1,0,0,154
8111368,1,0,0,0,1,1,154
8112007,1,0,1,0,0,0,154
8113144,0,0,1,1,0,0,154
8113232,0,0,0,0,1,0,154
8115313,1,1,0,0,0,0,154
8115472,0,0,1,1,0,0,154
8116217,0,1,1,0,1,0,154
8116683,1,1,1,1,1,0,154
8117843,1,0,1,0,0,0,154
8117865,0,1,0,1,0,0,154
8118499,0,1,1,0,1,0,154
8118743,0,0,1,0,0,0,154
8118906,1,1,0,0,0,0,154
8119840,1,1,0,0,0,0,154
8119979,1,1,1,1,1,0,154
8120015,1,0,0,1,1,0,154
8121750,0,0,1,1,0,0,154
8122359,1,1,0,0,0,0,154
8123639,0,0,1,1,0,0,154
8126300,1,0,0,1,1,0,154
8127006,1,1,1,1,1,0,141
8127105,0,0,1,1,0,0,141
8127633,0,1,0,1,0,0,141
8128993,0,1,1,0,1,0,141
8129709,0,1,0,1,0,0,141
8130694,1,0,1,0,0,0,141
8133595,0,0,1,1,0,0,141
8134010,0,1,1,0,1,0,141
8134493,0,0,0,0,1,0,141
8135119,1,0,0,1,1,0,141
8135639,0,1,1,0,1,0,141
8135744,1,1,1,1,1,0,141
8136532,1,1,1,1,1,0,141
8137527,1,0,0,1,1,0,141
8137720,0,1,0,1,0,0,141
8137957,0,1,1,0,1,0,141
8138274,0,0,0,0,1,0,141
8139848,0,1,0,1,0,0,141
8139867,1,0,0,1,1,0,141
8141742,0,1,0,1,0,0,141
8142417,0,1,1,0,1,0,141
8143044,1,0,1,0,0,0,141
8143273,1,1,1,1,1,0,141
8144088,0,1,1,0,1,0,141
8144427,0,1,1,0,1,0,141
8146160,0,0,0,0,1,0,141
8146685,1,0,0,1,1,0,141
8147480,0,0,0,0,1,0,141
8148104,0,1,1,0,1,0,141
8148170,1,0,1,0,0,0,141
8148375,0,0,0,0,1,0,141
8148477,1,1,0,0,0,0,141
8148565,1,0,0,1,1,0,141
8148582,0,1,1,0,1,0,141
8148992,1,0,1,0,0,0,141
8149324,1,0,1,0,0,0,141
8150950,0,1,1,0,1,0,141
8151462,0,0,1,1,0,0,141
8151675,0,0,1,1,0,0,141
8152513,1,1,1,1,1,0,141
8152528,1,1,1,1,1,0,141
8153138,0,0,0,0,1,0,141
8154357,1,0,1,0,0,0,141
8155916,1,0,1,0,0,0,141
8156279,1,1,0,0,0,0,141
8156762,0,1,1,0,1,0,141
8156781,1,0,0,1,1,0,141
8156797,1,0,0,1,1,0,141
8157955,1,1,0,0,0,0,141
8159760,1,1,1,1,1,0,141
8159901,0,0,0,0,1,0,141
8160171,0,1,0,1,0,0,141
8161334,0,0,1,1,0,0,141
8163687,0,1,0,1,0,0,141
8163690,1,1,0,0,0,0,141
8167584,0,1,0,1,0,0,141
8167988,1,0,1,0,0,0,141
8168247,0,1,0,1,0,0,141
8168889,1,0,1,0,0,0,141
8170421,0,1,1,0,1,0,141
8170673,1,0,0,1,1,0,141
8170870,1,1,0,0,0,0,141
8173924,1,0,1,0,0,0,141
8174098,0,1,0,1,0,0,141
8174710,1,1,0,0,0,0,141
8175179,0,0,0,0,1,0,141
8175186,1,0,1,0,0,0,141
8175501,0,0,0,0,1,0,141
8175690,0,0,0,0,1,0,141
8176801,1,1,1,1,1,0,141
8177366,0,0,1,1,0,0,141
8177454,1,0,0,1,1,0,141
8177493,0,0,0,0,1,0,141
8178579,0,0,0,0,1,0,141
8179327,0,1,0,1,0,0,141
8181105,1,0,1,0,0,0,141
8182280,1,0,0,1,1,0,141
8183393,0,1,0,1,0,0,141
8183424,1,0,0,1,1,0,141
8184032,0,1,1,0,1,0,141
8184178,0,0,1,1,0,0,141
8184547,1,0,0,1,1,0,141
8186010,1,0,1,0,0,0,141
8187011,0,0,1,1,0,0,141
8187168,1,1,0,0,0,0,141
8188334,0,1,1,0,1,0,141
8189052,0,1,0,1,0,0,141
8189295,0,1,1,0,1,0,141
8190813,0,1,1,0,1,0,141
8191807,1,0,1,0,0,0,141
8192368,0,1,1,0,1,0,136
8195020,0,0,1,1,0,0,136
8196304,0,1,0,1,0,0,136
8197013,0,1,1,0,1,0,136
8197150,0,0,0,0,1,0,136
8197179,1,1,0,0,0,0,136
8198697,0,0,1,1,0,0,136
8198843,0,0,1,1,0,0,136
8201056,0,1,1,0,1,0,136
8203963,1,0,0,1,1,0,136
8204751,1,1,1,1,1,0,136
8205949,0,1,1,0,1,0,136
8206229,0,0,0,0,1,0,136
8206928,1,0,0,1,1,0,136
8207189,1,0,0,1,1,0,136
8207808,0,1,1,0,1,0,136
8209204,1,0,1,0,0,0,136
8209889,0,1,0,1,0,0,136
8210149,0,1,1,0,1,0,136
8210162,1,0,0,1,1,0,136
8210177,0,1,0,1,0,0,136
8211286,1,0,0,1,1,0,136
8211468,0,1,1,0,1,0,136
8212423,0,0,0,0,1,0,136
8215001,1,0,0,1,1,0,136
8217002,0,1,1,0,1,0,136
8217249,1,1,1,1,1,0,136
8217333,0,1,0,1,0,0,136
8217467,1,0,0,1,1,0,136
8218385,0,1,0,1,0,0,136
8219321,1,1,0,0,0,0,136
8220013,0,1,1,0,1,0,136
8220080,0,1,0,1,0,0,136
8220872,1,0,1,0,0,0,136
8221486,1,1,1,1,1,0,136
8222114,1,1,1,1,1,0,136
8223019,0,0,0,1,1,1,136
8223238,0,0,0,0,1,0,136
8223476,0,0,0,0,1,0,136
8228137,1,1,0,0,0,0,136
8228576,0,0,0,0,1,0,136
8231529,1,0,1,0,0,0,136
8231833,0,1,1,0,1,0,136
8231957,0,1,1,0,1,0,136
8235083,1,0,1,0,0,0,136
8235703,0,0,1,1,0,0,136
8236059,0,0,1,1,0,0,136
8236321,0,0,1,1,0,0,136
8236648,0,1,0,0,0,0,136
8236675,1,1,1,0,1,1,136
8237225,1,1,1,1,1,0,136
8237760,1,1,1,1,1,0,136
8238179,1,1,0,0,0,0,136
8238911,0,1,0,1,0,0,136
8239398,1,0,1,0,0,0,136
8239853,1,1,1,1,1,0,136
8243948,0,0,1,1,0,0,136
8244720,1,0,1,0,0,0,136
8245239,1,1,1,1,1,0,136
8245588,0,1,1,0,1,0,136
8245834,0,1,0,1,0,0,136
8246329,1,1,0,0,0,0,136
8246888,1,1,1,1,1,0,136
8246904,0,0,0,0,1,0,136
8247115,0,1,1,0,1,0,136
8247726,0,0,0,0,1,0,136
8248030,0,1,0,1,0,0,136
8249553,1,1,0,0,0,0,136
8249754,0,1,0,1,0,0,136
8252308,0,0,1,1,0,0,136
8252506,1,1,0,0,0,0,136
8253725,0,0,1,1,0,0,136
8253760,1,0,1,0,0,0,136
8254345,1,1,0,0,0,0,136
8254753,0,1,0,1,0,0,136
8255052,0,1,0,1,0,0,136
8256176,0,1,0,1,0,0,136
8257059,1,1,1,1,1,0,136
8257357,0,1,0,1,0,0,136
8257756,1,1,0,0,0,0,81
8258097,1,0,1,0,0,0,81
8259986,1,1,0,0,0,0,81
8260016,1,1,1,1,1,0,81
8263593,1,0,0,1,1,0,81
8265642,1,0,1,1,0,0,81
8269322,1,0,0,1,1,0,81
8270604,0,1,1,0,1,0,81
8271452,0,1,1,0,1,0,81
8274584,0,0,0,0,1,0,81
8275217,1,0,0,1,1,0,81
8277410,1,0,0,1,1,0,81
8280657,0,0,1,1,0,0,81
8281143,0,1,1,0,1,0,81
8284669,0,0,0,0,1,0,81
8293759,0,1,0,1,0,0,81
8294863,0,0,0,0,1,0,81
8294987,1,1,0,0,0,0,81
8295619,0,0,1,1,0,0,81
8296583,0,0,0,0,1,0,81
8297331,0,0,0,1,1,1,81
8297562,0,0,0,0,1,0,81
8301642,1,0,0,1,1,0,81
8303151,1,1,1,1,1,0,81
8303376,1,1,0,0,0,0,81
8303758,1,1,1,1,1,0,81
8306265,0,1,0,1,0,0,81
8308343,1,1,1,1,1,0,81
8310297,1,1,0,0,0,0,81
8312459,1,0,1,0,0,0,81
8315254,0,0,0,0,1,0,81
8317656,1,0,1,0,0,0,81
8318124,1,1,1,1,1,0,81
8318238,1,0,0,1,1,0,81
8319870,1,0,0,1,1,0,81
8320963,0,1,0,1,0,0,81
8321414,0,1,0,1,0,0,81
8323596,0,0,0,0,1,0,145
8323628,0,1,1,0,1,0,145
8323854,1,0,0,1,1,0,145
8323858,0,0,0,0,1,0,145
8325363,0,0,1,1,0,0,145
8325645,0,0,0,0,1,0,145
8325674,1,1,0,0,0,0,145
8326173,0,1,0,1,0,0,145
8326446,0,0,1,1,0,0,145
8326769,0,0,1,1,0,0,145
8326894,1,1,1,1,1,0,145
8327782,1,1,1,1,1,0,145
8328604,1,1,1,1,1,0,145
8329961,0,0,0,0,1,0,145
8331104,0,1,1,0,1,0,145
8331202,0,1,1,0,1,0,145
8331559,1,0,1,0,0,0,145
8331939,0,1,0,1,0,0,145
8332160,1,1,0,0,0,0,145
8332163,0,1,1,0,1,0,145
8332191,0,0,0,0,1,0,145
8333512,0,1,1,0,1,0,145
8334213,0,1,0,1,0,0,145
8334244,1,0,0,1,1,0,145
8334302,0,0,0,0,1,0,145
8335151,0,1,1,0,1,0,145
8335378,1,1,1,1,1,0,145
8335648,1,0,0,1,1,0,145
8336079,0,0,1,1,0,0,145
8337680,0,0,0,0,1,0,145
8338816,1,0,1,0,0,0,145
8340062,0,1,1,0,1,0,145
8340488,0,0,1,1,0,0,145
8341043,0,1,1,0,1,0,145
8341348,1,1,1,1,1,0,145
8341460,0,0,0,0,1,0,145
8341496,0,0,0,0,1,0,145
8341745,1,0,0,1,1,0,145
8341936,1,1,0,0,0,0,145
8342298,1,0,1,0,0,0,145
8342580,0,0,1,1,0,0,145
8342582,0,1,0,1,0,0,145
8344247,1,1,1,0,1,1,145
8344935,0,1,0,1,0,0,145
8346568,1,0,1,0,0,0,145
8347677,1,1,1,1,1,0,145
8347720,0,0,1,1,0,0,145
8348566,1,1,1,1,1,0,145
8348595,1,0,1,0,0,0,145
8348884,1,0,1,0,0,0,145
8349600,0,0,0,0,1,0,145
8351520,1,1,1,1,1,0,145
8351791,1,0,1,0,0,0,145
8353320,0,1,0,0,0,0,145
8354305,0,0,1,1,0,0,145
8355169,0,1,0,1,0,0,145
8356549,0,0,0,0,1,0,145
8357342,1,0,0,1,1,0,145
8358745,1,0,0,1,1,0,145
8359665,1,0,1,0,0,0,145
8360086,1,0,1,0,0,0,145
8362075,0,0,0,0,1,0,145
8363571,1,0,1,0,0,0,145
8363803,0,1,1,0,1,0,145
8366213,0,0,0,0,1,0,145
8367263,1,1,0,0,0,0,145
8367847,0,0,0,0,1,0,145
8368018,1,0,0,1,1,0,145
8368472,1,0,0,1,1,0,145
8370477,1,0,1,0,0,0,145
8371121,0,0,1,1,0,0,145
8371592,1,1,1,1,1,0,145
8372697,0,1,1,0,1,0,145
8373672,1,1,1,1,1,0,145
8373775,0,0,1,1,0,0,145
8375249,1,1,1,1,1,0,145
8376240,1,1,0,0,0,0,145
8376293,0,0,1,1,0,0,145
8376315,0,0,1,1,0,0,145
8376684,1,1,1,1,1,0,145
8376893,1,0,0,1,1,0,145
8377375,0,0,0,0,1,0,145
8378541,1,1,0,0,0,0,145
8378989,0,0,1,1,0,0,145
8379031,1,0,0,1,1,0,145
8379888,0,1,0,1,0,0,145
8381113,0,1,0,1,0,0,145
8381787,1,0,1,0,0,0,145
8381794,1,1,1,1,1,0,145
8383003,0,1,1,0,1,0,145
8383428,0,1,0,1,0,0,145
8383660,0,0,1,1,0,0,145
8384714,0,0,1,1,0,0,145
8384842,1,0,0,1,1,0,145
8384897,0,0,0,0,1,0,145
8385356,1,0,0,1,1,0,145
8388205,1,0,1,0,0,0,145
8388347,1,1,1,1,1,0,145
8389338,0,0,1,1,0,0,208
8389982,0,0,1,1,0,0,208
8390128,0,0,0,0,1,0,208
8390425,1,1,1,1,1,0,208
8390679,1,0,0,1,1,0,208
8391958,0,1,1,0,1,0,208
8392487,1,0,1,0,0,0,208
8393546,0,1,0,1,0,0,208
8394211,0,0,0,0,1,0,208
8394254,0,0,1,1,0,0,208
8394706,0,0,1,1,0,0,208
8395030,0,1,1,0,1,0,208
8395284,0,1,0,1,0,0,208
8395973,1,1,1,1,1,0,208
8396066,0,1,0,1,0,0,208
8396655,0,0,1,1,0,0,208
8397081,0,0,1,0,0,0,208
8398280,1,0,0,1,1,0,208
8398490,0,1,1,0,1,0,208
8399042,0,1,1,0,1,0,208
8400423,0,1,0,1,0,0,208
8401150,1,1,1,1,1,0,208
8401417,0,0,0,0,1,0,208
8401813,0,1,1,0,1,0,208
8403266,0,1,1,0,1,0,208
8403378,1,1,1,1,1,0,208
8403692,0,1,1,0,1,0,208
8404333,1,1,1,1,1,0,208
8405246,0,1,0,1,0,0,208
8405882,1,0,1,0,0,0,208
8405937,1,1,0,0,0,0,208
8406172,1,0,1,0,0,0,208
8406560,1,0,0,1,1,0,208
8406682,0,0,0,0,1,0,208
8407953,1,1,1,1,1,0,208
8408019,1,1,0,0,0,0,208
8408473,1,1,0,0,0,0,208
8408788,0,1,1,0,1,0,208
8409057,1,1,1,1,1,0,208
8410328,0,0,1,1,0,0,208
8410838,1,1,1,1,1,0,208
8410911,1,1,0,0,0,0,208
8411355,0,0,0,0,1,0,208
8411478,0,1,1,0,1,0,208
8411529,0,0,1,1,0,0,208
8411576,1,1,1,1,1,0,208
8412139,1,1,1,1,1,0,208
8412572,1,0,0,1,1,0,208
8412640,0,1,1,0,1,0,208
8412835,0,0,1,1,0,0,208
8413343,0,0,0,0,1,0,208
8415228,1,0,1,0,0,0,208
8415253,1,0,0,1,1,0,208
8415814,0,1,1,0,1,0,208
8417487,0,0,0,0,1,0,208
8417524,1,1,0,0,0,0,208
8418097,0,0,1,1,0,0,208
8418257,1,0,0,1,1,0,208
8419281,0,0,0,0,1,0,208
8419651,0,1,1,0,1,0,208
8420306,1,0,1,1,0,0,208
8420456,0,1,1,0,1,0,208
8421197,0,0,0,0,1,0,208
8422192,0,0,0,0,1,0,208
8422228,0,1,1,0,1,0,208
8422248,0,1,1,0,1,0,208
8422582,0,1,0,1,0,0,208
8423214,1,1,1,1,1,0,208
8423333,1,0,0,1,1,0,208
8423636,0,1,0,1,0,0,208
8424450,0,0,0,0,1,0,208
8424705,1,0,1,0,0,0,208
8425043,0,0,1,0,0,0,208
8425787,0,1,0,1,0,0,208
8425870,1,0,1,1,0,0,208
8426447,0,1,0,1,0,0,208
8426878,1,0,0,1,1,0,208
8427849,1,1,1,1,1,0,208
8428184,1,0,1,0,0,0,208
8428916,0,0,0,0,1,0,208
8429111,1,1,1,1,1,0,208
8430282,0,1,1,0,1,0,208
8432110,0,1,0,1,0,0,208
8432236,0,1,0,1,0,0,208
8432725,1,0,0,1,1,0,208
8433133,0,0,0,0,1,0,208
8433258,0,0,1,1,0,0,208
8433526,1,1,0,0,0,0,208
8433688,1,1,0,0,0,0,208
8434050,0,1,0,1,0,0,208
8434144,0,0,0,0,1,0,208
8434242,1,1,1,1,1,0,208
8434709,0,0,1,1,0,0,208
8435929,1,0,1,0,0,0,208
8436377,0,0,0,0,1,0,208
8437081,1,1,1,1,1,0,208
8437290,1,1,1,1,1,0,208
8437977,0,1,0,1,0,0,208
8438150,1,1,1,1,1,0,208
8438723,0,0,0,1,1,1,208
8438788,0,1,0,1,0,0,208
8438994,0,0,1,1,0,0,208
8439827,0,1,1,1,1,1,208
8440443,0,1,0,1,0,0,208
8440908,0,0,1,1,0,0,208
8441085,0,0,0,0,1,0,208
8441887,0,0,1,1,0,0,208
8442809,0,0,1,1,0,0,208
8442879,0,1,0,1,0,0,208
8442953,1,1,0,0,0,0,208
8443327,0,1,1,0,1,0,208
8443494,0,0,0,0,1,0,208
8443514,1,1,1,1,1,0,208
8443901,0,0,0,0,1,0,208
8443976,0,1,0,1,0,0,208
8444613,0,1,0,1,0,0,208
8444869,1,0,0,1,1,0,208
8445022,0,1,0,1,0,0,208
8445784,0,0,1,1,0,0,208
8446272,0,1,0,1,0,0,208
8446669,0,0,0,0,1,0,208
8446996,1,0,1,1,0,0,208
8447960,1,1,0,1,0,0,208
8448142,0,0,1,1,0,0,208
8448206,1,1,1,1,1,0,208
8449884,0,0,1,1,0,0,208
8449975,0,1,0,0,0,0,208
8450095,1,1,1,1,1,0,208
8450113,0,0,1,0,0,0,208
8450214,0,0,1,1,0,0,208
8451122,1,0,1,0,0,0,208
8451401,1,0,1,1,0,0,208
8452586,1,0,1,0,0,0,208
8453192,1,0,1,0,0,0,208
8453604,1,0,0,1,1,0,208
8457254,0,0,1,1,0,0,75
8457711,0,0,1,1,0,0,75
8458877,0,1,1,0,1,0,75
8458934,0,0,1,1,0,0,75
8461849,1,0,1,0,0,0,75
8463638,1,0,0,1,1,0,75
8465850,1,0,1,0,0,0,75
8466265,0,1,1,0,1,0,75
8466446,0,1,1,0,1,0,75
8467058,0,0,0,0,1,0,75
8470949,0,1,1,0,1,0,75
8471296,1,1,0,0,0,0,75
8477401,1,0,1,0,0,0,75
8477487,0,1,1,0,1,0,75
8477623,0,1,1,0,1,0,75
8478238,1,1,0,0,0,0,75
8480741,0,1,0,1,0,0,75
8480988,1,1,0,0,0,0,75
8484016,1,0,0,1,1,0,75
8485731,1,0,0,1,1,0,75
8488368,0,1,0,1,0,0,75
8488989,1,0,1,0,0,0,75
8489796,0,0,1,1,0,0,75
8490037,0,1,0,1,0,0,75
8491325,0,1,1,0,1,0,75
8493047,0,1,1,0,1,0,75
8496340,1,1,0,0,0,0,75
8497714,0,1,0,1,0,0,75
8499050,1,0,0,1,1,0,75
8499407,1,1,0,0,0,0,75
8500698,1,0,1,0,0,0,75
8502161,0,1,0,1,0,0,75
8504800,0,1,1,0,1,0,75
8510252,0,1,0,1,0,0,75
8510294,1,1,0,0,0,0,75
8510657,1,0,0,1,1,0,75
8514943,0,0,1,1,0,0,75
8516361,1,0,0,1,1,0,75
8517093,0,1,1,0,1,0,75
8518638,0,0,1,1,0,0,75
8518698,0,0,1,1,0,0,75
8521182,0,0,0,0,1,0,189
8521188,1,1,0,0,0,0,189
8521752,0,0,0,0,1,0,189
8522080,0,0,0,0,1,0,189
8522760,1,0,1,0,0,0,189
8523424,1,0,0,1,1,0,189
8524486,0,0,0,0,1,0,189
8525084,1,1,1,1,1,0,189
8525793,0,0,0,0,1,0,189
8525802,0,1,1,0,1,0,189
8526810,1,1,1,1,1,0,189
8527243,1,1,1,1,1,0,189
8527596,1,0,1,0,0,0,189
8527700,1,0,1,0,0,0,189
8527705,1,1,0,0,0,0,189
8528131,1,1,0,0,0,0,189
8528192,0,1,0,1,0,0,189
8528426,0,1,0,1,0,0,189
8528461,1,1,1,1,1,0,189
8529327,0,0,1,1,0,0,189
8529353,0,1,0,1,0,0,189
8530044,1,1,0,0,0,0,189
8530332,1,1,0,0,0,0,189
8531411,1,0,0,1,1,0,189
8531550,1,1,1,1,1,0,189
8532038,0,0,0,0,1,0,189
8532540,1,0,0,1,1,0,189
8533101,0,1,0,1,0,0,189
8535092,1,1,0,0,0,0,189
8536067,1,1,1,1,1,0,189
8536397,0,1,0,1,0,0,189
8537270,0,0,1,1,0,0,189
8537287,0,0,1,1,0,0,189
8537826,1,1,0,0,0,0,189
8538242,0,1,0,1,0,0,189
8538546,0,1,0,0,0,0,189
8538683,0,0,0,0,1,0,189
8539133,0,0,1,1,0,0,189
8539706,1,1,1,1,1,0,189
8540603,0,1,1,0,1,0,189
8541169,0,0,1,1,0,0,189
8541450,1,0,0,1,1,0,189
8542866,0,1,0,1,0,0,189
8542959,0,1,1,0,1,0,189
8543175,1,0,1,0,0,0,189
8543287,0,1,0,1,0,0,189
8543567,0,0,1,1,0,0,189
8543661,0,1,0,1,0,0,189
8543975,1,1,1,1,1,0,189
8544358,1,0,1,0,0,0,189
8544753,0,0,0,0,1,0,189
8545723,0,1,0,1,0,0,189
8545761,1,1,1,1,1,0,189
8546032,0,0,1,1,0,0,189
8546387,1,1,1,1,1,0,189
8546824,0,1,0,1,0,0,189
8547269,1,1,1,1,1,0,189
8549283,0,1,1,0,1,0,189
8549598,0,0,1,1,0,0,189
8549945,0,1,1,0,1,0,189
8550246,0,0,1,1,0,0,189
8550450,1,0,1,0,0,0,189
8550490,0,1,1,0,1,0,189
8551951,0,0,0,0,1,0,189
8552915,1,1,0,0,0,0,189
8552971,1,0,0,1,1,0,189
8553346,1,0,1,0,0,0,189
8554386,1,0,1,0,0,0,189
8555434,0,1,0,1,0,0,189
8555734,0,1,0,1,0,0,189
8556341,1,0,0,1,1,0,189
8556416,0,1,1,0,1,0,189
8557336,0,1,0,1,0,0,189
8557845,1,1,1,1,1,0,189
8558137,0,0,0,0,1,0,189
8559836,1,1,0,0,0,0,189
8560051,1,0,0,1,1,0,189
8560258,0,0,1,1,0,0,189
8560337,1,1,0,0,0,0,189
8561904,0,0,1,1,0,0,189
8562986,0,1,0,1,0,0,189
8563551,1,0,1,0,0,0,189
8563864,0,0,0,0,1,0,189
8564122,0,0,0,0,1,0,189
8564193,0,0,0,0,1,0,189
8564437,1,1,0,0,0,0,189
8565281,0,0,1,1,0,0,189
8565793,1,0,0,1,1,0,189
8566260,0,1,0,1,0,0,189
8566533,1,0,0,1,1,0,189
8567788,1,1,0,0,0,0,189
8568710,0,0,0,0,1,0,189
8569619,1,0,0,1,1,0,189
8569721,1,0,1,0,0,0,189
8570443,1,0,0,1,1,0,189
8570782,0,0,1,1,0,0,189
8571482,0,0,0,0,1,0,189
8571729,1,0,1,0,0,0,189
8571820,1,1,0,0,0,0,189
8571872,0,1,1,0,1,0,189
8572385,1,1,1,1,1,0,189
8572545,1,0,0,1,1,0,189
8572573,1,1,1,1,1,0,189
8573006,0,0,0,0,1,0,189
8574845,0,0,1,1,0,0,189
8575048,1,1,1,1,1,0,189
8575775,1,0,0,1,1,0,189
8576104,1,0,0,1,1,0,189
8577317,0,0,0,0,1,0,189
8577820,0,0,0,0,1,0,189
8578549,1,1,0,0,0,0,189
8578721,1,1,0,0,0,0,189
8578818,1,1,1,1,1,0,189
8578962,0,1,1,0,1,0,189
8580265,0,0,0,0,1,0,189
8580335,0,0,0,0,1,0,189
8580593,1,1,1,1,1,0,189
8580677,0,1,1,0,1,0,189
8581291,0,0,1,1,0,0,189
8581354,1,0,0,1,1,0,189
8582039,1,1,0,0,0,0,189
8582288,1,1,0,0,0,0,189
8582300,1,0,1,0,0,0,189
8583005,0,1,0,1,0,0,189
8583508,1,1,0,0,0,0,189
8584137,1,1,0,0,0,0,189
8584179,1,1,0,0,0,0,189
8586276,0,0,1,1,0,0,136
8586553,1,1,1,1,1,0,136
8589073,1,1,0,0,0,0,136
8589776,0,1,0,1,0,0,136
8590643,0,1,0,1,0,0,136
8590964,1,0,1,0,0,0,136
8591319,0,0,0,0,1,0,136
8593591,1,0,0,1,1,0,136
8595559,1,1,0,0,0,0,136
8595936,0,1,0,1,0,0,136
8596096,0,0,1,1,0,0,136
8596386,1,0,0,1,1,0,136
8600391,0,1,0,1,0,0,136
8602103,0,0,0,0,1,0,136
8602131,0,0,1,1,0,0,136
8602560,1,0,1,0,0,0,136
8602681,1,1,1,1,1,0,136
8604527,0,1,0,1,0,0,136
8606173,1,0,0,1,1,0,136
8609231,0,1,1,0,1,0,136
8609737,0,0,0,0,1,0,136
8611232,0,1,1,0,1,0,136
8611357,1,1,1,1,1,0,136
8611504,1,0,1,0,0,0,136
8611959,0,0,1,1,0,0,136
8612228,1,1,1,1,1,0,136
8612581,1,1,1,1,1,0,136
8613758,0,1,1,1,1,1,136
8614940,0,1,1,0,1,0,136
8616681,1,1,0,0,0,0,136
8616953,0,1,0,1,0,0,136
8617781,1,0,0,1,1,0,136
8618016,0,0,0,0,1,0,136
8618436,0,0,1,1,0,0,136
8619435,1,1,1,1,1,0,136
8620068,0,1,1,0,1,0,136
8620681,0,0,0,0,1,0,136
8622294,1,1,1,1,1,0,136
8622826,0,0,0,0,1,0,136
8623311,0,0,0,0,1,0,136
8623391,0,1,1,0,1,0,136
8624289,1,1,0,0,0,0,136
8625634,0,0,1,1,0,0,136
8627338,1,1,1,1,1,0,136
8628693,1,0,1,0,0,0,136
8629790,1,1,1,1,1,0,136
8629803,0,0,0,0,1,0,136
8630019,0,0,1,1,0,0,136
8630203,1,1,1,1,1,0,136
8630285,1,1,0,0,0,0,136
8631601,1,0,1,0,0,0,136
8631841,1,1,1,1,1,0,136
8632007,0,1,1,0,1,0,136
8632861,0,0,0,0,1,0,136
8632949,1,0,1,0,0,0,136
8633258,0,1,1,0,1,0,136
8633898,0,0,0,0,1,0,136
8634513,1,0,0,1,1,0,136
8635066,0,0,1,1,0,0,136
8635171,1,1,0,0,0,0,136
8635535,1,1,0,0,0,0,136
8636083,1,0,1,0,0,0,136
8636748,1,0,1,0,0,0,136
8636787,1,0,1,0,0,0,136
8636892,0,0,0,0,1,0,136
8637351,0,1,1,0,1,0,136
8637367,0,0,0,0,1,0,136
8637435,0,1,1,0,1,0,136
8638483,1,0,1,0,0,0,136
8638819,0,0,1,1,0,0,136
8638838,0,0,0,0,1,0,136
8638956,0,0,0,0,1,0,136
8640511,1,0,1,0,0,0,136
8640627,1,1,1,1,1,0,136
8641669,0,0,1,1,0,0,136
8642097,1,0,0,1,1,0,136
8644268,0,1,0,1,0,0,136
8644611,1,0,0,1,1,0,136
8644681,1,0,1,0,0,0,136
8645138,1,0,1,0,0,0,136
8645350,0,0,1,1,0,0,136
8645619,0,1,0,1,0,0,136
8646730,1,1,0,0,0,0,136
8649033,1,1,0,0,0,0,136
8650802,0,0,1,1,0,0,182
8651859,1,0,0,1,1,0,182
8652649,1,1,1,1,1,0,182
8653079,1,1,1,1,1,0,182
8653716,1,1,0,0,0,0,182
8654584,1,0,1,0,0,0,182
8654982,0,1,0,1,0,0,182
8655109,1,1,1,1,1,0,182
8656077,1,0,0,1,1,0,182
8656288,0,1,1,0,1,0,182
8657651,0,0,0,0,1,0,182
8657733,1,1,1,1,1,0,182
8659089,1,1,0,0,0,0,182
8659634,1,0,0,1,1,0,182
8660480,1,1,1,1,1,0,182
8660840,1,0,1,0,0,0,182
8661301,1,1,1,0,1,1,182
8664355,0,1,0,1,0,0,182
8664528,1,1,1,1,1,0,182
8664717,0,0,1,1,0,0,182
8664886,0,0,1,1,0,0,182
8665436,0,1,0,1,0,0,182
8666477,0,0,1,1,0,0,182
8666514,0,1,1,0,1,0,182
8666610,0,0,0,0,1,0,182
8667049,0,1,1,0,1,0,182
8668139,0,0,0,0,1,0,182
8670424,0,0,1,1,0,0,182
8670827,1,1,0,0,0,0,182
8672142,0,0,0,0,1,0,182
8672232,1,0,1,0,0,0,182
8672428,0,1,1,0,1,0,182
8674410,1,0,1,0,0,0,182
8674878,1,1,1,1,1,0,182
8675776,1,1,1,1,1,0,182
8675811,1,1,0,0,0,0,182
8676067,1,0,1,0,0,0,182
8676460,0,1,1,0,1,0,182
8676613,1,1,1,1,1,0,182
8677050,1,0,1,0,0,0,182
8678039,0,1,0,1,0,0,182
8678599,1,1,0,0,0,0,182
8679067,0,1,0,1,0,0,182
8679687,0,1,0,1,0,0,182
8679767,0,0,1,1,0,0,182
8680249,0,1,1,0,1,0,182
8680338,1,1,1,1,1,0,182
8680560,1,1,0,0,0,0,182
8680853,1,1,1,1,1,0,182
8680929,1,1,1,1,1,0,182
8681245,0,1,0,1,0,0,182
8681674,0,0,0,0,1,0,182
8682179,1,0,1,0,0,0,182
8682501,1,1,0,0,0,0,182
8682558,0,1,0,1,0,0,182
8683662,1,1,0,0,0,0,182
8684235,0,1,0,1,0,0,182
8685905,0,0,0,0,1,0,182
8686645,0,0,1,1,0,0,182
8686704,1,1,1,1,1,0,182
8686848,0,1,0,1,0,0,182
8686920,0,0,0,0,1,0,182
8689609,0,1,0,1,0,0,182
8689711,1,0,0,0,1,1,182
8691008,0,0,0,0,1,0,182
8692807,0,0,1,1,0,0,182
8693678,1,0,0,1,1,0,182
8694041,1,1,0,0,0,0,182
8694288,0,0,1,1,0,0,182
8694722,0,1,0,0,0,0,182
8697858,1,1,0,0,0,0,182
8697899,1,1,0,0,0,0,182
8698264,0,1,0,1,0,0,182
8698465,0,1,0,1,0,0,182
8698765,0,1,0,1,0,0,182
8698926,1,0,1,0,0,0,182
8699475,1,0,0,1,1,0,182
8699639,1,0,0,1,1,0,182
8700441,0,0,0,0,1,0,182
8700566,0,1,0,1,0,0,182
8701028,1,0,0,1,1,0,182
8701774,1,0,1,1,0,0,182
8701841,1,0,1,0,0,0,182
8704750,0,1,0,1,0,0,182
8704858,1,0,0,1,1,0,182
8706063,0,1,0,1,0,0,182
8706164,1,1,1,1,1,0,182
8706300,0,1,0,1,0,0,182
8706706,0,0,0,0,1,0,182
8706899,0,1,0,1,0,0,182
8707397,0,0,1,1,0,0,182
8707452,0,1,1,0,1,0,182
8709413,1,1,0,0,0,0,182
8709653,0,0,1,1,0,0,182
8709907,0,1,0,1,0,0,182
8710019,0,0,0,0,1,0,182
8710089,1,1,0,0,0,0,182
8710538,1,1,0,0,0,0,182
8710674,0,1,1,0,1,0,182
8711159,1,1,1,1,1,0,182
8711793,0,1,1,0,1,0,182
8711838,0,0,1,1,0,0,182
8712216,1,1,1,1,1,0,182
8712367,0,1,0,1,0,0,182
8713174,0,1,0,1,0,0,182
8713437,0,0,1,1,0,0,182
8713443,0,0,0,0,1,0,182
8714625,1,0,1,0,0,0,182
8715003,1,0,1,0,0,0,182
8715883,1,0,0,0,1,1,182
8715930,0,0,1,1,0,0,182
8716247,0,1,1,1,1,1,182
8717909,1,1,0,0,0,0,113
8720293,0,1,0,1,0,0,113
8722237,0,1,1,0,1,0,113
8722429,1,1,1,1,1,0,113
8724609,0,1,0,1,0,0,113
8725980,1,0,0,1,1,0,113
8727727,1,1,0,0,0,0,113
8728154,1,1,1,1,1,0,113
8730087,0,0,1,1,0,0,113
8732428,1,1,0,0,0,0,113
8733589,0,1,0,1,0,0,113
8734640,0,1,0,1,0,0,113
8734917,0,0,1,1,0,0,113
8736312,1,0,0,1,1,0,113
8736718,1,1,1,1,1,0,113
8740890,0,0,0,0,1,0,113
8741975,0,0,1,1,0,0,113
8743198,0,1,1,0,1,0,113
8744687,0,1,1,0,1,0,113
8745614,1,1,0,0,0,0,113
8746155,1,0,0,1,1,0,113
8746177,0,0,0,0,1,0,113
8746672,1,1,0,0,0,0,113
8747893,1,0,1,0,0,0,113
8749164,0,1,0,1,0,0,113
8749849,1,1,0,0,0,0,113
8750622,0,0,0,1,1,1,113
8752308,0,1,0,1,0,0,113
8752382,1,1,0,0,0,0,113
8752509,1,0,1,0,0,0,113
8752902,0,0,0,0,1,0,113
8753354,1,0,1,0,0,0,113
8753513,1,1,1,1,1,0,113
8755558,0,1,1,0,1,0,113
8756264,0,0,0,0,1,0,113
8757805,0,0,1,1,0,0,113
8759528,0,1,1,0,1,0,113
8759894,1,0,1,0,0,0,113
8759996,1,1,1,1,1,0,113
8760568,0,1,1,0,1,0,113
8762297,0,1,0,1,0,0,113
8763879,0,1,0,1,0,0,113
8765724,0,0,1,1,0,0,113
8765859,0,1,0,1,0,0,113
8769612,1,1,0,0,0,0,113
8770971,1,0,0,1,1,0,113
8771346,0,1,1,0,1,0,113
8772084,0,1,1,0,1,0,113
8772474,1,1,1,1,1,0,113
8773829,1,0,0,1,1,0,113
8776181,1,1,1,1,1,0,113
8776629,0,0,0,0,1,0,113
8776755,0,0,1,1,0,0,113
8777240,1,1,1,1,1,0,113
8777475,1,0,0,1,1,0,113
8777516,1,1,1,1,1,0,113
8777551,0,0,1,1,0,0,113
8780009,1,0,0,1,1,0,113
8780329,0,0,0,0,1,0,113
8782617,1,1,0,0,0,0,118
8783075,1,1,0,0,0,0,118
8785058,1,1,1,1,1,0,118
8785471,0,0,1,1,0,0,118
8786826,1,0,1,0,0,0,118
8786887,0,0,0,0,1,0,118
8788864,0,0,0,0,1,0,118
8791054,1,0,1,0,0,0,118
8793547,0,0,1,1,0,0,118
8793937,0,1,1,0,1,0,118
8795160,0,1,0,1,0,0,118
8795582,0,1,1,0,1,0,118
8795789,0,0,0,0,1,0,118
8795861,1,0,0,1,1,0,118
8796003,1,0,0,1,1,0,118
8796624,0,0,0,0,1,0,118
8797229,0,0,1,1,0,0,118
8797240,0,0,0,0,1,0,118
8797376,0,1,0,1,0,0,118
8798021,0,0,0,0,1,0,118
8800699,1,0,1,0,0,0,118
8801558,0,1,1,0,1,0,118
8802029,0,0,0,0,1,0,118
8803039,0,0,0,1,1,1,118
8803599,1,0,0,1,1,0,118
8804214,1,1,1,1,1,0,118
8805294,1,0,1,0,0,0,118
8805717,0,1,1,0,1,0,118
8805877,0,1,1,0,1,0,118
8806274,1,0,0,0,1,1,118
8806494,1,1,1,1,1,0,118
8810466,1,1,1,1,1,0,118
8811527,1,0,1,0,0,0,118
8812000,0,0,1,1,0,0,118
8812984,1,1,0,0,0,0,118
8815891,0,0,1,1,0,0,118
8817349,0,1,0,1,0,0,118
8818835,0,1,0,1,0,0,118
8819523,1,0,0,1,1,0,118
8820486,0,0,1,1,0,0,118
8821209,0,1,0,1,0,0,118
8821435,0,0,0,0,1,0,118
8822048,0,1,1,0,1,0,118
8822492,0,1,0,1,0,0,118
8823005,1,1,0,0,0,0,118
8823536,1,1,0,0,0,0,118
8823591,1,1,1,1,1,0,118
8823668,1,0,0,1,1,0,118
8823831,0,0,1,1,0,0,118
8825199,0,1,1,0,1,0,118
8825233,0,0,0,0,1,0,118
8827165,0,1,0,1,0,0,118
8827276,1,1,0,0,0,0,118
8827724,1,0,1,0,0,0,118
8828185,1,0,1,1,0,0,118
8828245,1,0,1,0,0,0,118
8829086,0,0,0,0,1,0,118
8829162,1,1,0,0,0,0,118
8829807,1,0,1,0,0,0,118
8830573,1,1,0,0,0,0,118
8830832,0,1,1,0,1,0,118
8831474,0,0,0,0,1,0,118
8831586,1,0,1,0,0,0,118
8832154,0,0,1,1,0,0,118
8832520,1,1,1,1,1,0,118
8833340,1,0,0,1,1,0,118
8833600,1,0,1,0,0,0,118
8835304,0,1,0,1,0,0,118
8835458,0,0,0,0,1,0,118
8835695,0,0,0,0,1,0,118
8838017,0,0,0,0,1,0,118
8838076,0,0,0,0,1,0,118
8838378,1,0,0,1,1,0,118
8838555,0,1,1,0,1,0,118
8839184,0,0,1,1,0,0,118
8841426,1,1,1,1,1,0,118
8842013,0,1,1,0,1,0,118
8842550,1,1,0,0,0,0,118
8844243,1,1,0,0,0,0,118
8845772,1,1,0,0,0,0,118
8846200,1,1,0,0,0,0,118
8847319,1,1,1,1,1,0,118
8847993,1,1,0,0,0,0,115
8848171,1,0,1,0,0,0,115
8848238,0,0,0,0,1,0,115
8849279,0,0,0,0,1,0,115
8852452,1,1,1,1,1,0,115
8853361,0,0,1,1,0,0,115
8853504,1,1,1,1,1,0,115
8853821,0,0,0,0,1,0,115
8855000,1,0,0,1,1,0,115
8855249,0,0,1,1,0,0,115
8857461,0,1,1,0,1,0,115
8858158,0,1,1,0,1,0,115
8858303,0,0,0,0,1,0,115
8859569,0,1,1,0,1,0,115
8860138,1,0,1,1,0,0,115
8861954,0,0,0,0,1,0,115
8863739,1,0,1,0,0,0,115
8864859,1,0,1,0,0,0,115
8865654,0,0,0,0,1,0,115
8866152,0,1,0,1,0,0,115
8866190,1,1,1,1,1,0,115
8868564,1,0,0,1,1,0,115
8869027,1,1,1,1,1,0,115
8869978,0,1,1,0,1,0,115
8870310,0,1,1,0,1,0,115
8870455,1,1,0,0,0,0,115
8870568,0,0,0,0,1,0,115
8870824,1,0,1,0,0,0,115
8871304,1,1,1,1,1,0,115
8872001,0,0,0,0,1,0,115
8872486,0,1,0,1,0,0,115
8872961,1,1,0,0,0,0,115
8875431,1,1,0,0,0,0,115
8875557,0,1,0,1,0,0,115
8875999,0,1,1,0,1,0,115
8876417,1,0,1,0,0,0,115
8877659,1,1,0,0,0,0,115
8878570,0,1,1,0,1,0,115
8878702,1,0,1,0,0,0,115
8882736,0,1,1,0,1,0,115
8885278,1,1,0,0,0,0,115
8886668,1,0,0,1,1,0,115
8888883,1,1,1,1,1,0,115
8889140,0,1,0,1,0,0,115
8889853,0,0,1,1,0,0,115
8890042,0,1,0,1,0,0,115
8891607,0,1,1,0,1,0,115
8892039,1,1,0,0,0,0,115
8892092,1,0,1,0,0,0,115
8892981,0,0,0,0,1,0,115
8893253,0,1,1,0,1,0,115
8894170,1,1,1,1,1,0,115
8894817,0,1,0,1,0,0,115
8896474,0,0,1,1,0,0,115
8896893,0,0,0,0,1,0,115
8897070,1,0,1,0,0,0,115
8898171,0,1,0,1,0,0,115
8900273,1,1,0,0,0,0,115
8902224,0,1,1,0,1,0,115
8905124,0,1,1,0,1,0,115
8905303,1,0,0,1,1,0,115
8905762,0,0,1,1,0,0,115
8907884,1,1,1,1,1,0,115
8907996,0,1,1,1,1,1,115
8909502,0,0,0,0,1,0,115
8909901,0,0,0,0,1,0,115
8911224,0,1,1,0,1,0,115
8912740,0,0,1,1,0,0,115
8916184,0,0,1,1,0,0,106
8918152,1,1,1,0,1,1,106
8920556,1,0,0,1,1,0,106
8925866,1,0,0,1,1,0,106
8926283,1,1,0,0,0,0,106
8926902,0,0,1,1,0,0,106
8927556,1,0,1,0,0,0,106
8928565,1,1,0,0,0,0,106
8930132,0,1,0,1,0,0,106
8935908,1,0,0,1,1,0,106
8937870,1,1,0,0,0,0,106
8938506,0,1,1,0,1,0,106
8939001,1,0,0,1,1,0,106
8939553,1,1,0,0,0,0,106
8940370,0,0,0,0,1,0,106
8942263,1,1,0,1,0,0,106
8942380,1,0,1,0,0,0,106
8943819,0,0,1,1,0,0,106
8948160,1,1,1,1,1,0,106
8948329,0,1,0,1,0,0,106
8949356,1,0,0,1,1,0,106
8949525,0,1,0,1,0,0,106
8952498,1,0,1,0,0,0,106
8952570,0,1,1,0,1,0,106
8954500,0,1,1,0,1,0,106
8957520,1,0,0,1,1,0,106
8959195,1,0,1,0,0,0,106
8960542,1,1,0,0,0,0,106
8960590,0,0,1,1,0,0,106
8961355,1,0,1,0,0,0,106
8961906,1,1,0,0,0,0,106
8964030,0,1,1,0,1,0,106
8964484,1,1,1,1,1,0,106
8965926,0,0,1,1,0,0,106
8966021,1,0,1,0,0,0,106
8966352,1,1,1,1,1,0,106
8966360,1,0,0,1,1,0,106
8966499,0,0,0,0,1,0,106
8966562,0,0,0,0,1,0,106
8966767,1,1,1,1,1,0,106
8967229,0,0,0,0,1,0,106
8969596,0,1,0,1,0,0,106
8970013,1,1,0,0,0,0,106
8970879,0,1,1,0,1,0,106
8971874,1,1,1,1,1,0,106
8976088,1,0,0,1,1,0,106
8977010,0,0,1,1,0,0,106
8977014,0,0,0,0,1,0,106
8977702,0,0,1,1,0,0,106
8977847,0,0,0,0,1,0,106
8978244,1,1,1,1,1,0,106
8978280,0,1,0,1,0,0,106
8978818,0,0,1,1,0,0,150
8978966,0,1,0,1,0,0,150
8979172,1,0,0,1,1,0,150
8980736,0,0,1,1,0,0,150
8980850,0,0,1,1,0,0,150
8981508,1,1,0,0,0,0,150
8981640,0,0,1,1,0,0,150
8981709,0,1,0,1,0,0,150
8981933,0,1,0,1,0,0,150
8982097,0,1,1,0,1,0,150
8982408,1,1,1,0,1,1,150
8982606,1,1,1,1,1,0,150
8982628,0,1,0,1,0,0,150
8982984,0,1,0,1,0,0,150
8983853,0,0,0,0,1,0,150
8984575,0,1,1,0,1,0,150
8986611,1,0,1,0,0,0,150
8986993,0,1,1,0,1,0,150
8987602,1,0,1,0,0,0,150
8987847,1,1,0,0,0,0,150
8988175,1,0,1,0,0,0,150
8988306,0,0,0,0,1,0,150
8988852,1,1,0,0,0,0,150
8989168,1,0,1,1,0,0,150
8989698,1,0,0,1,1,0,150
8990028,1,0,1,0,0,0,150
8990473,0,0,0,0,1,0,150
8991625,0,0,1,1,0,0,150
8991832,1,0,0,1,1,0,150
8992948,1,1,1,1,1,0,150
8992961,0,1,0,1,0,0,150
8992996,1,1,0,0,0,0,150
8993513,1,1,1,1,1,0,150
8993803,1,1,1,1,1,0,150
8994314,0,1,1,0,1,0,150
8994421,1,1,1,1,1,0,150
8995346,1,0,0,1,1,0,150
8996065,1,1,0,0,0,0,150
8996086,0,1,0,1,0,0,150
8997225,1,1,0,0,0,0,150
8997302,1,1,1,1,1,0,150
8997355,1,0,0,1,1,0,150
8999471,0,1,0,1,0,0,150
9001532,0,1,0,1,0,0,150
9001928,1,1,0,0,0,0,150
9002323,0,0,1,0,0,0,150
9002483,1,1,0,0,0,0,150
9003330,0,1,1,0,1,0,150
9005384,0,1,0,1,0,0,150
9005558,1,0,0,1,1,0,150
9006908,0,0,1,1,0,0,150
9007190,0,0,0,1,1,1,150
9008054,1,1,1,1,1,0,150
9008325,0,1,1,0,1,0,150
9008557,0,0,0,0,1,0,150
9008758,0,0,1,1,0,0,150
9008917,1,1,0,0,0,0,150
9009813,1,1,1,1,1,0,150
9012117,0,0,0,0,1,0,150
9012318,0,0,1,1,0,0,150
9013307,0,0,1,1,0,0,150
9015036,1,1,0,0,0,0,150
9015373,1,1,0,0,0,0,150
9015701,0,1,1,0,1,0,150
9015904,1,1,1,1,1,0,150
9016868,1,0,0,1,1,0,150
9018173,0,0,1,1,0,0,150
9018361,1,0,0,1,1,0,150
9019231,0,1,0,1,0,0,150
9020055,0,0,0,0,1,0,150
9020344,0,0,1,1,0,0,150
9020402,0,1,1,0,1,0,150
9020513,0,1,0,1,0,0,150
9020547,0,1,1,0,1,0,150
9021380,0,1,0,1,0,0,150
9023326,0,0,1,1,0,0,150
9023328,1,0,0,1,1,0,150
9024734,0,1,0,1,0,0,150
9025428,0,1,0,1,0,0,150
9025506,0,0,0,0,1,0,150
9026022,0,1,1,0,1,0,150
9026275,0,1,1,0,1,0,150
9026926,0,1,1,0,1,0,150
9026966,0,0,1,1,0,0,150
9028318,1,1,0,0,0,0,150
9030318,1,0,1,0,0,0,150
9030801,1,1,1,1,1,0,150
9030802,0,1,1,0,1,0,150
9030919,0,0,0,0,1,0,150
9031536,1,0,0,1,1,0,150
9031612,1,1,0,0,0,0,150
9032364,0,1,0,1,0,0,150
9032924,0,0,1,1,0,0,150
9032947,1,1,1,1,1,0,150
9033270,1,1,1,1,1,0,150
9033443,0,1,1,0,1,0,150
9034511,0,1,0,1,0,0,150
9035884,0,1,1,0,1,0,150
9036264,1,0,1,0,0,0,150
9037563,0,1,1,0,1,0,150
9037633,1,0,1,1,0,0,150
9039031,1,0,0,1,1,0,150
9039113,0,1,0,1,0,0,150
9040223,0,0,0,0,1,0,150
9041456,0,0,1,1,0,0,150
9042897,0,0,1,1,0,0,150
9042956,0,0,1,1,0,0,150
9043559,0,0,0,0,1,0,150
9047894,1,0,0,1,1,0,92
9048179,1,1,1,1,1,0,92
9048798,1,1,0,0,0,0,92
9048951,1,1,0,0,0,0,92
9051041,0,0,1,1,0,0,92
9051237,0,1,1,0,1,0,92
9054660,0,1,0,1,0,0,92
9054996,1,1,1,1,1,0,92
9055098,1,0,0,1,1,0,92
9055768,1,0,0,1,1,0,92
9056849,0,0,0,0,1,0,92
9057896,1,0,0,1,1,0,92
9058082,1,1,0,1,0,0,92
9058489,0,0,1,1,0,0,92
9059774,0,0,0,0,1,0,92
9061225,1,0,0,1,1,0,92
9061614,0,0,1,1,0,0,92
9064231,1,1,1,1,1,0,92
9064925,0,0,0,0,1,0,92
9065379,1,1,1,1,1,0,92
9065414,0,0,1,1,0,0,92
9065861,1,1,1,1,1,0,92
9066587,1,0,0,1,1,0,92
9067850,0,1,0,1,0,0,92
9068180,0,1,1,0,1,0,92
9069199,0,0,0,1,1,1,92
9069513,0,1,1,0,1,0,92
9071329,1,1,0,0,0,0,92
9071636,0,1,0,1,0,0,92
9071786,1,1,1,1,1,0,92
9073874,0,1,1,0,1,0,92
9076032,1,1,0,0,0,0,92
9077242,0,1,1,0,1,0,92
9079475,1,0,0,1,1,0,92
9079812,0,0,0,0,1,0,92
9083284,1,0,1,0,0,0,92
9083410,0,0,0,0,1,0,92
9084437,1,0,1,0,0,0,92
9084629,0,0,0,0,1,0,92
9085488,1,0,0,1,1,0,92
9086342,0,0,1,1,0,0,92
9086652,1,1,0,0,0,0,92
9086766,1,1,0,0,0,0,92
9089288,1,1,1,1,1,0,92
9089635,1,1,1,1,1,0,92
9091654,0,0,0,0,1,0,92
9092789,0,1,1,0,1,0,92
9093363,0,0,0,0,1,0,92
9094247,1,1,0,0,0,0,92
9096579,1,1,0,0,0,0,92
9097315,1,0,0,1,1,0,92
9097985,1,1,0,0,0,0,92
9098434,1,1,1,1,1,0,92
9099496,1,0,0,1,1,0,92
9100685,0,0,1,1,0,0,92
9101761,0,0,1,1,0,0,92
9101972,1,0,1,0,0,0,92
9104010,1,0,0,1,1,0,92
9109359,0,0,0,0,1,0,92
9110762,0,1,0,1,0,0,118
9111214,0,1,1,0,1,0,118
9111386,1,1,0,0,0,0,118
9112216,1,1,1,1,1,0,118
9113261,0,0,1,1,0,0,118
9113721,1,1,0,1,0,0,118
9114253,0,0,1,1,0,0,118
9117247,0,0,1,1,0,0,118
9117662,1,1,1,1,1,0,118
9117920,1,0,1,0,0,0,118
9119610,0,0,0,0,1,0,118
9120082,0,1,0,1,0,0,118
9120388,1,0,0,1,1,0,118
9122096,1,1,1,1,1,0,118
9122231,1,1,0,0,0,0,118
9122238,0,0,0,0,1,0,118
9123410,0,1,1,0,1,0,118
9125923,1,0,0,1,1,0,118
9127730,1,0,0,1,1,0,118
9129546,1,1,1,1,1,0,118
9132486,1,1,1,1,1,0,118
9132908,0,0,1,1,0,0,118
9135523,1,0,1,0,0,0,118
9135798,0,1,0,1,0,0,118
9136048,1,0,0,1,1,0,118
9136409,0,1,0,1,0,0,118
9137097,0,0,0,0,1,0,118
9137397,0,0,0,0,1,0,118
9140542,1,1,1,1,1,0,118
9140586,0,0,1,1,0,0,118
9141239,1,1,0,0,0,0,118
9144663,1,0,0,1,1,0,118
9145670,1,0,0,1,1,0,118
9145712,0,0,1,1,0,0,118
9147178,1,0,1,1,0,0,118
9148058,0,1,1,0,1,0,118
9149836,1,1,1,1,1,0,118
9150122,0,1,0,1,0,0,118
9150123,1,1,1,1,1,0,118
9152017,0,0,1,1,0,0,118
9152241,0,0,0,0,1,0,118
9153270,1,0,1,0,0,0,118
9153418,1,1,1,1,1,0,118
9157151,1,1,1,1,1,0,118
9158916,1,1,0,0,0,0,118
9159054,0,0,1,1,0,0,118
9159873,1,0,1,0,0,0,118
9160237,1,0,0,1,1,0,118
9160490,1,1,1,1,1,0,118
9161524,1,0,0,0,1,1,118
9163804,1,0,0,1,1,0,118
9164607,0,0,1,1,0,0,118
9164921,0,1,0,1,0,0,118
9165232,0,0,1,1,0,0,118
9169271,1,1,0,0,0,0,118
9169600,1,0,1,0,0,0,118
9169682,1,0,1,0,0,0,118
9170937,0,1,1,0,1,0,118
9171408,0,0,0,0,1,0,118
9173346,1,1,0,1,0,0,118
9173500,0,0,1,1,0,0,118
9175349,0,0,1,1,0,0,110
9175397,0,1,1,0,1,0,110
9176205,1,1,1,1,1,0,110
9177249,1,0,1,0,0,0,110
9178575,0,0,0,0,1,0,110
9179061,1,0,0,1,1,0,110
9179979,0,1,1,0,1,0,110
9180271,1,1,0,0,0,0,110
9180475,1,0,1,0,0,0,110
9181898,1,1,0,0,0,0,110
9182906,1,0,1,0,0,0,110
9183024,0,0,1,1,0,0,110
9186289,0,1,0,1,0,0,110
9187288,1,1,1,1,1,0,110
9188761,0,1,1,0,1,0,110
9190985,0,0,0,0,1,0,110
9191874,0,1,1,0,1,0,110
9192067,1,1,0,0,0,0,110
9195396,0,0,1,1,0,0,110
9195666,1,0,1,0,0,0,110
9196080,0,0,0,0,1,0,110
9196540,1,0,0,1,1,0,110
9197811,1,0,1,0,0,0,110
9199039,0,0,0,0,1,0,110
9203739,0,1,0,1,0,0,110
9203862,1,1,1,1,1,0,110
9204437,1,0,1,0,0,0,110
9205394,0,0,0,0,1,0,110
9206359,0,1,0,1,0,0,110
9206921,1,1,0,0,0,0,110
9210796,0,0,1,1,0,0,110
9211293,1,0,1,0,0,0,110
9211375,0,0,1,1,0,0,110
9211891,0,1,1,0,1,0,110
9211965,1,0,0,1,1,0,110
9214018,0,1,1,1,1,1,110
9215075,1,0,0,1,1,0,110
9216159,1,1,0,0,0,0,110
9217389,1,0,1,0,0,0,110
9218965,0,1,0,1,0,0,110
9219762,1,1,0,0,0,0,110
9219963,1,0,0,1,1,0,110
9220005,1,0,0,1,1,0,110
9220837,1,0,1,0,0,0,110
9222880,0,1,1,0,1,0,110
9222988,1,1,0,0,0,0,110
9224331,0,1,1,0,1,0,110
9224543,0,0,0,0,1,0,110
9225731,0,0,1,1,0,0,110
9225788,0,1,0,1,0,0,110
9226100,0,1,1,0,1,0,110
9226144,0,0,1,1,0,0,110
9227107,1,0,0,1,1,0,110
9227966,0,1,0,1,0,0,110
9229313,1,0,0,1,1,0,110
9230601,0,0,1,1,0,0,110
9231308,1,0,0,1,1,0,110
9231914,1,1,1,1,1,0,110
9232385,0,1,1,0,1,0,110
9232389,0,1,1,0,1,0,110
9232400,0,0,1,1,0,0,110
9232516,0,1,0,1,0,0,110
9232830,0,1,0,1,0,0,110
9234570,0,0,1,1,0,0,110
9237343,1,1,1,1,1,0,110
9237506,1,1,0,0,0,0,110
9238048,0,1,1,0,1,0,110
9239104,1,0,1,0,0,0,110
9239394,1,0,0,1,1,0,110
9240386,0,1,1,0,1,0,110
9241489,0,1,0,1,0,0,145
9243088,0,1,0,1,0,0,145
9243338,1,1,0,0,0,0,145
9245171,1,1,1,1,1,0,145
9245893,1,1,1,1,1,0,145
9246133,0,0,0,0,1,0,145
9246567,1,0,0,1,1,0,145
9246661,1,1,1,1,1,0,145
9246864,0,1,0,1,0,0,145
9247986,1,1,1,1,1,0,145
9250888,0,0,0,0,1,0,145
9252024,0,1,0,1,0,0,145
9255884,1,1,1,1,1,0,145
9255886,0,0,1,1,0,0,145
9255995,1,1,1,1,1,0,145
9256686,0,1,0,1,0,0,145
9257061,0,1,1,0,1,0,145
9257335,1,1,0,0,0,0,145
9257757,0,0,0,0,1,0,145
9258494,1,1,1,1,1,0,145
9258616,1,0,1,0,0,0,145
9259652,0,1,0,1,0,0,145
9259733,0,0,0,0,1,0,145
9259974,1,0,0,1,1,0,145
9260027,0,1,0,1,0,0,145
9261066,0,1,0,1,0,0,145
9261488,0,0,1,1,0,0,145
9261498,1,1,1,1,1,0,145
9261851,1,1,0,0,0,0,145
9262783,1,1,0,0,0,0,145
9263011,1,1,0,0,0,0,145
9263211,0,1,0,1,0,0,145
9265605,0,0,0,1,1,1,145
9266097,1,1,1,1,1,0,145
9266656,0,1,1,0,1,0,145
9267347,0,1,1,0,1,0,145
9269893,0,1,0,1,0,0,145
9270431,1,1,0,0,0,0,145
9271375,1,1,1,1,1,0,145
9271632,0,0,0,0,1,0,145
9272447,1,0,0,1,1,0,145
9273775,1,1,1,1,1,0,145
9275360,0,0,0,0,1,0,145
9277139,1,0,0,1,1,0,145
9278356,0,1,1,1,1,1,145
9278966,1,1,0,0,0,0,145
9279378,1,1,0,0,0,0,145
9279389,1,1,0,0,0,0,145
9280284,1,0,1,0,0,0,145
9281029,0,0,1,1,0,0,145
9282967,0,1,1,0,1,0,145
9283065,0,0,1,1,0,0,145
9283066,0,1,0,1,0,0,145
9285802,1,1,1,1,1,0,145
9286333,1,0,1,0,0,0,145
9286517,0,0,1,1,0,0,145
9287838,0,1,1,0,1,0,145
9287861,1,0,1,0,0,0,145
9288239,1,0,1,0,0,0,145
9288552,1,0,1,0,0,0,145
9289867,1,0,0,1,1,0,145
9290026,0,1,1,0,1,0,145
9291045,0,1,1,0,1,0,145
9292236,0,1,0,1,0,0,145
9292394,0,0,1,1,0,0,145
9293164,0,1,0,1,0,0,145
9293281,0,1,1,0,1,0,145
9293600,0,0,1,1,0,0,145
9295708,1,1,1,1,1,0,145
9295723,1,0,1,0,0,0,145
9295910,0,0,0,0,1,0,145
9296007,0,1,0,1,0,0,145
9296290,0,0,1,1,0,0,145
9297256,0,1,1,0,1,0,145
9299966,0,1,1,0,1,0,145
9300067,0,1,1,0,1,0,145
9300177,0,1,1,0,1,0,145
9301693,1,0,0,1,1,0,145
9301794,0,0,0,0,1,0,145
9301822,0,0,1,1,0,0,145
9302047,0,1,0,1,0,0,145
9302480,0,0,0,0,1,0,145
9303273,1,0,1,0,0,0,145
9303717,0,0,0,0,1,0,145
9303940,1,1,0,0,0,0,145
9304171,0,0,0,0,1,0,145
9304242,1,0,1,1,0,0,145
9305283,1,1,0,0,0,0,145
9305349,0,1,0,1,0,0,145
9305685,1,0,1,0,0,0,145
9307669,1,0,1,0,0,0,96
9307995,0,1,1,0,1,0,96
9309109,0,1,1,0,1,0,96
9310495,1,1,1,1,1,0,96
9310599,0,1,1,0,1,0,96
9311966,0,1,0,1,0,0,96
9313289,0,0,1,1,0,0,96
9314918,1,0,0,1,1,0,96
9315550,1,1,0,0,0,0,96
9318999,0,0,0,0,1,0,96
9319061,1,0,1,0,0,0,96
9320615,1,1,1,1,1,0,96
9321028,1,0,0,1,1,0,96
9324338,1,0,0,1,1,0,96
9326998,1,0,0,1,1,0,96
9328102,0,0,0,0,1,0,96
9328615,0,1,1,0,1,0,96
9329791,0,1,1,0,1,0,96
9329848,1,0,1,0,0,0,96
9330226,0,0,1,1,0,0,96
9330300,1,1,1,1,1,0,96
9335973,0,0,0,0,1,0,96
9338402,0,0,0,0,1,0,96
9338422,1,1,0,0,0,0,96
9339652,0,1,0,1,0,0,96
9343148,1,0,1,0,0,0,96
9343373,1,1,0,0,0,0,96
9343537,1,0,1,0,0,0,96
9345463,0,1,1,0,1,0,96
9347699,0,0,0,0,1,0,96
9347993,1,1,0,0,0,0,96
9350124,0,1,0,1,0,0,96
9350296,1,1,1,1,1,0,96
9351744,1,0,1,0,0,0,96
9352042,1,1,0,0,0,0,96
9354891,0,0,0,0,1,0,96
9356592,0,0,1,1,0,0,96
9357200,0,1,0,1,0,0,96
9358371,1,1,0,0,0,0,96
9358992,0,1,0,1,0,0,96
9359934,1,0,0,1,1,0,96
9361323,1,0,0,1,1,0,96
9364836,0,0,0,0,1,0,96
9366491,0,0,0,0,1,0,96
9366851,1,1,0,0,0,0,96
9367396,0,0,0,1,1,1,96
9368368,1,0,1,0,0,0,96
9368749,0,0,0,1,1,1,96
9368759,0,0,0,1,1,1,96
9369070,0,0,1,1,0,0,96
9369508,0,1,1,0,1,0,96
9369532,1,0,0,1,1,0,96
9370704,0,1,0,1,0,0,96
9371120,0,1,1,0,1,0,96
9371396,1,0,1,0,0,0,96
9374554,0,1,1,0,1,0,95
9374884,1,1,0,0,0,0,95
9375142,0,1,1,0,1,0,95
9375404,1,0,1,0,0,0,95
9377364,1,0,1,0,0,0,95
9377863,0,1,0,1,0,0,95
9378128,0,0,1,1,0,0,95
9378827,1,0,1,0,0,0,95
9378854,1,1,1,1,1,0,95
9379991,0,1,0,1,0,0,95
9380438,0,0,0,0,1,0,95
9381971,1,0,1,0,0,0,95
9382321,0,0,1,1,0,0,95
9384161,1,0,0,1,1,0,95
9384422,1,0,0,1,1,0,95
9385973,0,0,1,1,0,0,95
9386503,0,0,0,0,1,0,95
9387072,1,0,0,1,1,0,95
9388810,1,0,1,0,0,0,95
9394050,1,0,1,0,0,0,95
9394893,0,0,0,1,1,1,95
9395550,1,0,1,0,0,0,95
9395849,1,0,1,0,0,0,95
9395924,0,0,0,0,1,0,95
9396064,1,1,0,0,0,0,95
9400606,0,0,0,0,1,0,95
9401183,1,0,0,1,1,0,95
9401281,0,0,0,0,1,0,95
9401505,0,0,1,1,0,0,95
9401987,0,0,1,1,0,0,95
9403802,1,1,1,1,1,0,95
9404146,0,0,0,0,1,0,95
9407053,1,1,0,0,0,0,95
9407068,0,0,0,0,1,0,95
9412805,0,1,0,1,0,0,95
9413870,1,0,1,1,0,0,95
9414122,0,1,0,1,0,0,95
9414130,0,0,0,0,1,0,95
9415119,0,0,1,1,0,0,95
9417284,1,0,1,0,0,0,95
9417718,1,1,0,0,0,0,95
9418249,1,1,0,0,0,0,95
9419261,0,1,0,1,0,0,95
9419479,0,0,1,0,0,0,95
9419481,1,0,1,0,0,0,95
9419532,0,1,1,0,1,0,95
9422872,0,1,0,1,0,0,95
9423819,1,1,0,0,0,0,95
9425457,0,0,1,1,0,0,95
9426697,0,0,0,0,1,0,95
9426777,0,0,1,1,0,0,95
9428210,0,0,0,0,1,0,95
9431320,1,0,1,0,0,0,95
9431492,0,0,1,1,0,0,95
9431934,1,0,0,1,1,0,95
9437745,0,1,1,0,1,0,113
9441356,1,0,0,1,1,0,113
9441988,0,1,1,0,1,0,113
9442778,1,0,0,0,1,1,113
9444683,0,1,1,0,1,0,113
9444985,1,1,0,0,0,0,113
9445337,0,1,0,1,0,0,113
9447676,0,0,0,0,1,0,113
9447783,0,1,1,0,1,0,113
9448869,0,1,1,0,1,0,113
9450495,0,0,1,1,0,0,113
9450520,1,1,0,0,0,0,113
9451273,1,1,1,1,1,0,113
9451994,0,0,0,0,1,0,113
9456143,0,0,0,1,1,1,113
9456880,0,1,1,0,1,0,113
9458149,0,1,1,0,1,0,113
9459940,1,0,1,0,0,0,113
9460547,1,1,0,0,0,0,113
9460682,1,1,1,1,1,0,113
9461466,0,1,1,0,1,0,113
9461658,1,0,0,1,1,0,113
9462244,1,0,1,0,0,0,113
9463557,0,1,0,1,0,0,113
9465248,0,1,0,1,0,0,113
9466616,1,0,0,1,1,0,113
9466812,1,0,0,1,1,0,113
9467419,0,0,1,1,0,0,113
9471501,1,0,0,1,1,0,113
9472869,0,1,0,1,0,0,113
9472966,1,1,1,1,1,0,113
9473410,0,1,0,1,0,0,113
9473769,0,1,0,1,0,0,113
9476369,0,0,1,1,0,0,113
9476404,0,1,0,1,0,0,113
9476647,0,0,1,1,0,0,113
9477433,0,1,1,0,1,0,113
9479542,0,1,1,0,1,0,113
9480626,1,0,0,1,1,0,113
9481347,1,1,0,0,0,0,113
9481820,1,1,1,1,1,0,113
9481823,0,0,1,1,0,0,113
9482385,0,1,0,1,0,0,113
9484875,1,1,1,1,1,0,113
9487113,1,1,1,1,1,0,113
9487167,0,1,1,0,1,0,113
9487956,1,0,0,1,1,0,113
9488751,0,1,0,1,0,0,113
9488788,1,0,0,1,1,0,113
9489451,0,0,1,1,0,0,113
9490351,0,1,1,0,1,0,113
9493132,1,0,0,1,1,0,113
9494461,1,0,0,1,1,0,113
9494515,0,1,1,0,1,0,113
9494618,1,0,1,0,0,0,113
9494760,0,1,1,0,1,0,113
9494936,1,0,1,0,0,0,113
9497718,0,1,0,1,0,0,113
9498063,1,1,1,1,1,0,113
9500405,1,0,1,0,0,0,113
9500700,0,0,1,1,0,0,113
9500876,0,0,0,0,1,0,113
9501143,0,0,1,1,0,0,113
9501363,1,1,1,1,1,0,113
9503147,0,0,1,1,0,0,165
9506919,0,0,0,0,1,0,165
9508861,1,1,0,0,0,0,165
9508875,1,1,1,1,1,0,165
9509234,1,0,1,0,0,0,165
9511705,1,0,1,0,0,0,165
9512275,1,0,1,0,0,0,165
9512391,0,1,1,0,1,0,165
9514140,0,1,0,1,0,0,165
9515349,1,0,1,0,0,0,165
9515443,1,0,1,0,0,0,165
9516431,0,1,1,0,1,0,165
9516953,1,1,1,1,1,0,165
9517115,0,0,1,1,0,0,165
9518476,1,1,1,1,1,0,165
9520521,0,0,0,0,1,0,165
9520975,1,0,0,1,1,0,165
9521514,1,0,0,0,1,1,165
9521537,0,0,0,0,1,0,165
9521799,0,1,1,0,1,0,165
9521889,0,1,0,1,0,0,165
9522205,1,1,1,1,1,0,165
9522267,0,1,0,1,0,0,165
9522719,0,1,0,1,0,0,165
9523346,0,0,0,0,1,0,165
9525147,1,1,0,0,0,0,165
9525727,0,0,0,0,1,0,165
9526022,0,1,0,1,0,0,165
9526860,1,1,0,0,0,0,165
9528886,0,1,0,1,0,0,165
9529491,0,0,0,0,1,0,165
9530357,0,0,0,0,1,0,165
9530480,1,0,0,1,1,0,165
9530675,1,0,0,1,1,0,165
9531528,1,1,1,1,1,0,165
9531531,0,1,1,0,1,0,165
9531603,0,0,0,0,1,0,165
9532931,0,1,1,0,1,0,165
9534236,1,1,0,0,0,0,165
9536043,0,1,0,1,0,0,165
9538923,1,1,0,0,0,0,165
9540170,0,0,1,1,0,0,165
9541457,1,0,0,1,1,0,165
9541536,0,0,1,1,0,0,165
9541901,0,0,1,1,0,0,165
9542481,1,1,1,1,1,0,165
9543028,1,1,1,1,1,0,165
9543315,0,1,0,1,0,0,165
9544685,0,0,1,1,0,0,165
9545199,1,1,1,1,1,0,165
9545420,0,0,1,1,0,0,165
9546081,1,1,1,1,1,0,165
9546199,0,1,1,0,1,0,165
9546777,1,1,1,1,1,0,165
9547235,0,0,0,0,1,0,165
9548205,1,0,1,0,0,0,165
9548486,1,0,0,1,1,0,165
9548834,0,0,0,1,1,1,165
9549261,1,1,1,1,1,0,165
9549657,1,0,0,1,1,0,165
9551789,1,1,1,1,1,0,165
9552235,0,0,0,0,1,0,165
9552664,1,0,0,1,1,0,165
9554022,1,1,0,0,0,0,165
9554699,0,1,0,1,0,0,165
9554996,1,1,0,0,0,0,165
9556432,0,0,1,1,0,0,165
9556925,1,0,1,0,0,0,165
9557165,0,1,0,1,0,0,165
9557583,0,1,1,0,1,0,165
9557787,0,0,1,1,0,0,165
9559522,1,1,0,0,0,0,165
9559746,0,0,0,0,1,0,165
9560132,0,1,0,1,0,0,165
9562474,0,1,1,0,1,0,165
9562601,1,1,1,1,1,0,165
9564313,1,1,0,0,0,0,165
9565740,1,1,0,0,0,0,165
9565779,0,0,0,0,1,0,165
9567950,1,0,1,0,0,0,165
9570391,0,1,0,1,0,0,171
9570997,0,0,1,1,0,0,171
9571117,0,0,0,0,1,0,171
9571328,1,1,1,1,1,0,171
9571470,0,0,1,1,0,0,171
9572224,0,1,1,0,1,0,171
9574070,0,1,0,1,0,0,171
9575141,1,0,1,0,0,0,171
9575526,1,0,1,0,0,0,171
9577994,0,1,0,1,0,0,171
9578082,0,1,1,0,1,0,171
9578369,0,0,1,1,0,0,171
9579717,1,1,0,0,0,0,171
9580064,0,1,1,0,1,0,171
9580749,0,1,0,1,0,0,171
9581352,0,0,1,1,0,0,171
9582713,1,1,1,1,1,0,171
9583258,1,1,1,1,1,0,171
9584930,0,0,1,1,0,0,171
9585470,1,1,0,0,0,0,171
9586368,0,1,0,1,0,0,171
9587218,1,1,0,0,0,0,171
9588241,1,1,1,1,1,0,171
9589398,0,0,1,1,0,0,171
9590685,0,1,1,0,1,0,171
9591910,0,1,0,1,0,0,171
9592493,1,1,1,1,1,0,171
9592600,0,1,1,0,1,0,171
9592757,1,0,1,0,0,0,171
9594164,1,1,1,1,1,0,171
9594325,0,1,0,1,0,0,171
9594823,0,0,0,0,1,0,171
9594861,0,1,0,1,0,0,171
9594935,1,1,0,0,0,0,171
9597467,0,0,0,0,1,0,171
9598204,1,0,0,1,1,0,171
9599568,1,1,0,0,0,0,171
9600662,0,0,0,0,1,0,171
9600750,0,1,1,0,1,0,171
9601284,1,0,0,1,1,0,171
9601985,0,0,1,1,0,0,171
9603353,1,1,1,1,1,0,171
9603784,1,1,0,0,0,0,171
9605613,1,0,0,1,1,0,171
9606665,1,0,1,0,0,0,171
9607577,1,1,0,0,0,0,171
9607693,1,1,0,0,0,0,171
9607942,0,0,1,0,0,0,171
9607975,1,1,1,1,1,0,171
9608496,1,1,0,0,0,0,171
9608615,1,0,1,0,0,0,171
9609213,0,0,1,1,0,0,171
9609226,0,1,0,1,0,0,171
9610181,0,1,0,1,0,0,171
9610960,0,0,1,1,0,0,171
9610990,1,0,0,1,1,0,171
9611061,1,1,0,0,0,0,171
9611062,0,1,0,1,0,0,171
9612466,0,1,0,1,0,0,171
9612735,0,0,1,1,0,0,171
9613293,1,1,1,1,1,0,171
9613923,1,0,1,0,0,0,171
9614667,0,0,1,1,0,0,171
9614725,1,1,0,0,0,0,171
9615412,0,1,1,0,1,0,171
9616542,1,1,1,1,1,0,171
9616953,0,0,1,1,0,0,171
9617128,1,0,0,1,1,0,171
9617536,1,1,0,0,0,0,171
9617806,1,1,0,0,0,0,171
9617870,0,0,1,1,0,0,171
9618279,1,0,0,1,1,0,171
9619064,1,1,0,0,0,0,171
9619998,1,1,1,1,1,0,171
9620345,0,1,0,1,0,0,171
9620453,0,0,1,1,0,0,171
9620865,0,0,0,0,1,0,171
9621317,1,0,0,1,1,0,171
9622385,0,1,0,1,0,0,171
9623724,1,1,0,0,0,0,171
9623785,1,0,0,1,1,0,171
9625104,0,1,1,0,1,0,171
9625980,0,1,0,1,0,0,171
9626610,1,0,1,0,0,0,171
9627545,0,0,0,0,1,0,171
9627939,1,0,1,0,0,0,171
9628504,1,1,0,0,0,0,171
9628695,1,1,0,0,0,0,171
9629834,0,0,0,0,1,0,171
9630260,0,0,0,0,1,0,171
9630490,0,1,0,1,0,0,171
9630826,0,0,1,1,0,0,171
9630849,1,1,0,1,0,0,171
9631503,1,1,1,1,1,0,171
9632332,1,1,0,0,0,0,171
9633204,1,1,0,0,0,0,171
9633529,0,0,0,1,1,1,171
9634043,0,0,1,1,0,0,145
9634877,1,0,1,0,0,0,145
9634920,0,1,1,0,1,0,145
9636897,1,0,1,0,0,0,145
9637337,0,1,0,1,0,0,145
9637726,0,1,0,1,0,0,145
9639193,1,1,0,0,0,0,145
9640550,1,0,1,0,0,0,145
9640896,1,0,1,0,0,0,145
9641143,0,1,1,0,1,0,145
9641335,0,1,0,1,0,0,145
9641931,0,1,1,0,1,0,145
9642580,1,1,1,1,1,0,145
9643251,0,0,1,1,0,0,145
9643961,1,0,1,0,0,0,145
9644981,1,0,1,0,0,0,145
9647082,1,0,0,1,1,0,145
9648065,1,1,1,1,1,0,145
9648681,0,1,0,1,0,0,145
9649697,1,0,0,1,1,0,145
9649903,0,1,1,0,1,0,145
9650084,0,1,0,1,0,0,145
9650762,1,1,1,1,1,0,145
9650881,1,1,1,1,1,0,145
9651409,0,1,1,0,1,0,145
9651434,1,0,0,1,1,0,145
9652055,1,1,1,1,1,0,145
9652318,1,0,0,1,1,0,145
9652566,0,1,1,0,1,0,145
9653089,0,0,1,1,0,0,145
9653521,1,1,0,0,0,0,145
9655229,1,0,1,0,0,0,145
9655239,1,1,0,0,0,0,145
9655662,1,0,1,0,0,0,145
9656506,0,1,1,0,1,0,145
9657180,1,1,1,1,1,0,145
9658176,1,0,1,0,0,0,145
9658319,1,0,1,0,0,0,145
9659676,1,1,0,0,0,0,145
9662520,1,1,0,0,0,0,145
9663661,1,0,0,0,1,1,145
9664841,0,0,1,1,0,0,145
9665809,0,0,0,0,1,0,145
9667027,0,1,1,0,1,0,145
9668925,0,1,1,0,1,0,145
9669272,1,0,0,1,1,0,145
9670778,0,1,1,1,1,1,145
9671558,0,1,0,1,0,0,145
9671725,0,1,1,0,1,0,145
9671817,0,1,0,1,0,0,145
9672680,1,1,0,0,0,0,145
9673380,1,0,0,1,1,0,145
9674550,0,0,1,1,0,0,145
9674686,1,1,1,1,1,0,145
9677035,1,1,0,0,0,0,145
9677071,0,1,1,0,1,0,145
9680143,0,1,0,1,0,0,145
9680783,0,1,1,0,1,0,145
9680973,0,0,0,0,1,0,145
9681183,1,0,1,0,0,0,145
9681541,0,1,0,1,0,0,145
9684384,0,0,1,1,0,0,145
9684665,0,0,0,0,1,0,145
9684781,0,1,0,1,0,0,145
9685143,0,1,1,0,1,0,145
9685476,1,1,0,0,0,0,145
9685667,0,0,1,1,0,0,145
9688223,1,0,1,0,0,0,145
9689801,0,1,0,1,0,0,145
9690246,0,0,0,0,1,0,145
9690374,0,0,0,0,1,0,145
9690473,0,1,0,1,0,0,145
9690478,0,0,0,0,1,0,145
9690669,1,1,0,0,0,0,145
9691181,0,0,0,0,1,0,145
9691332,0,1,1,0,1,0,145
9691522,1,1,0,0,0,0,145
9691673,0,0,1,1,0,0,145
9693197,1,0,1,0,0,0,145
9694880,0,0,1,1,0,0,145
9695154,0,0,0,0,1,0,145
9695556,1,0,1,0,0,0,145
9696059,1,0,0,1,1,0,145
9696549,0,0,0,0,1,0,145
9696699,0,0,0,0,1,0,145
9697188,0,0,1,1,0,0,145
9701770,0,0,1,1,0,0,89
9701852,1,1,1,1,1,0,89
9702228,0,0,0,0,1,0,89
9702640,1,0,0,1,1,0,89
9704335,1,0,0,1,1,0,89
9704670,1,1,0,0,0,0,89
9704781,0,0,0,0,1,0,89
9704830,1,1,1,1,1,0,89
9707368,0,1,0,1,0,0,89
9707935,1,0,0,1,1,0,89
9707990,0,0,0,0,1,0,89
9708116,1,0,0,1,1,0,89
9708337,0,0,1,1,0,0,89
9710690,0,0,0,0,1,0,89
9710913,1,1,1,1,1,0,89
9712108,1,0,1,0,0,0,89
9713155,1,0,0,1,1,0,89
9713882,1,0,1,0,0,0,89
9714082,0,0,0,0,1,0,89
9714315,1,0,0,1,1,0,89
9715382,0,0,0,1,1,1,89
9715723,0,1,0,1,0,0,89
9716669,1,1,1,1,1,0,89
9716895,0,1,1,0,1,0,89
9717655,0,1,1,0,1,0,89
9717867,1,0,0,1,1,0,89
9718021,0,1,1,0,1,0,89
9718967,1,0,0,1,1,0,89
9722328,1,0,1,0,0,0,89
9723321,0,0,1,1,0,0,89
9724882,1,1,1,1,1,0,89
9725668,1,0,1,1,0,0,89
9727507,0,0,0,0,1,0,89
9727996,0,1,0,1,0,0,89
9728962,1,0,1,0,0,0,89
9729533,0,1,0,1,0,0,89
9730724,1,0,0,1,1,0,89
9730866,0,0,1,1,0,0,89
9731021,0,0,1,0,0,0,89
9732943,1,1,1,0,1,1,89
9733391,1,1,0,0,0,0,89
9734038,0,1,0,1,0,0,89
9735557,1,0,0,1,1,0,89
9736070,1,1,0,0,0,0,89
9736924,1,0,0,1,1,0,89
9737675,1,1,0,0,0,0,89
9738041,1,0,1,0,0,0,89
9739007,0,1,1,0,1,0,89
9740070,0,0,1,1,0,0,89
9744307,0,0,1,1,0,0,89
9744758,0,0,0,0,1,0,89
9745623,1,1,1,1,1,0,89
9746063,1,0,0,1,1,0,89
9747178,1,0,0,1,1,0,89
9747611,1,0,0,1,1,0,89
9747705,0,0,1,0,0,0,89
9748705,1,1,0,0,0,0,89
9748785,0,1,0,1,0,0,89
9749943,1,1,0,0,0,0,89
9752985,0,0,0,0,1,0,89
9754138,0,1,1,0,1,0,89
9754212,1,0,1,0,0,0,89
9754411,0,1,0,1,0,0,89
9755035,1,1,0,0,0,0,89
9756069,0,1,0,0,0,0,89
9756367,1,0,0,1,1,0,89
9757277,0,0,0,0,1,0,89
9758117,0,1,1,0,1,0,89
9758695,1,1,1,1,1,0,89
9760476,1,0,1,0,0,0,89
9761011,0,1,1,1,1,1,89
9761800,1,0,1,0,0,0,89
9762423,1,0,1,0,0,0,89
9763688,1,0,1,0,0,0,89
9764118,0,0,0,0,1,0,89
9764334,0,0,1,1,0,0,89
9765362,0,0,1,1,0,0,97
9765455,0,1,1,0,1,0,97
9766853,1,0,0,1,1,0,97
9767004,0,1,1,0,1,0,97
9767134,1,1,1,1,1,0,97
9767613,1,1,1,1,1,0,97
9767751,1,0,1,0,0,0,97
9769220,1,1,1,1,1,0,97
9770856,1,0,1,0,0,0,97
9772092,1,1,1,1,1,0,97
9772171,1,0,1,0,0,0,97
9772809,0,0,1,1,0,0,97
9772845,0,0,0,0,1,0,97
9773893,1,0,1,0,0,0,97
9774400,1,0,0,1,1,0,97
9774425,1,1,0,0,0,0,97
9775198,1,1,0,0,0,0,97
9777249,0,1,0,1,0,0,97
9778990,0,0,0,0,1,0,97
9779608,1,0,0,1,1,0,97
9779688,1,0,0,1,1,0,97
9779996,1,0,1,0,0,0,97
9780756,0,0,0,0,1,0,97
9780935,1,1,0,0,0,0,97
9781784,0,0,1,1,0,0,97
9781824,1,1,0,0,0,0,97
9783920,0,0,1,1,0,0,97
9784090,1,1,1,1,1,0,97
9784533,1,1,1,1,1,0,97
9785058,0,0,0,0,1,0,97
9786435,1,1,0,0,0,0,97
9786536,1,0,0,1,1,0,97
9787946,1,0,0,0,1,1,97
9790032,1,1,1,1,1,0,97
9790734,0,1,1,0,1,0,97
9792228,1,0,1,0,0,0,97
9792552,0,1,1,0,1,0,97
9793507,0,0,1,1,0,0,97
9793528,1,0,0,1,1,0,97
9793980,1,1,0,0,0,0,97
9794171,0,1,1,0,1,0,97
9794871,0,1,1,0,1,0,97
9796352,1,1,1,1,1,0,97
9797113,1,0,0,1,1,0,97
9798200,1,1,0,0,0,0,97
9798515,1,1,1,1,1,0,97
9802430,1,0,1,0,0,0,97
9803014,0,1,0,1,0,0,97
9805243,0,0,1,1,0,0,97
9805946,1,1,1,1,1,0,97
9806333,0,0,0,0,1,0,97
9807149,1,0,0,1,1,0,97
9808287,0,1,0,1,0,0,97
9808839,1,1,0,0,0,0,97
9809117,1,1,1,1,1,0,97
9810266,0,1,0,1,0,0,97
9810325,1,1,1,1,1,0,97
9810656,0,1,1,0,1,0,97
9810930,0,1,0,1,0,0,97
9811622,1,0,1,0,0,0,97
9815310,1,1,0,0,0,0,97
9815505,0,1,0,0,0,0,97
9815842,1,0,0,1,1,0,97
9818020,1,1,0,0,0,0,97
9818775,1,0,1,0,0,0,97
9819744,1,0,1,0,0,0,97
9820974,1,0,0,1,1,0,97
9821087,0,1,0,1,0,0,97
9821612,0,1,1,0,1,0,97
9822010,1,0,0,1,1,0,97
9822811,0,1,0,1,0,0,97
9823383,1,1,1,1,1,0,97
9824898,0,1,0,1,0,0,97
9825051,0,1,1,0,1,0,97
9826046,1,1,1,1,1,0,97
9832588,0,1,0,1,0,0,138
9833464,0,1,1,0,1,0,138
9833861,0,0,1,1,0,0,138
9834821,0,1,1,0,1,0,138
9834831,1,0,1,0,0,0,138
9835038,1,0,0,1,1,0,138
9835461,1,0,1,0,0,0,138
9835626,0,1,1,0,1,0,138
9835745,1,1,0,0,0,0,138
9836723,0,1,1,0,1,0,138
9838059,1,0,0,1,1,0,138
9839092,0,0,1,1,0,0,138
9841077,0,1,1,0,1,0,138
9841106,1,0,1,0,0,0,138
9841135,1,0,0,1,1,0,138
9842293,0,1,1,0,1,0,138
9842763,1,1,1,1,1,0,138
9843217,0,0,0,0,1,0,138
9843315,1,1,0,0,0,0,138
9843626,0,1,1,0,1,0,138
9844168,0,1,0,1,0,0,138
9844966,0,1,0,1,0,0,138
9845677,0,0,1,1,0,0,138
9845695,1,0,1,0,0,0,138
9846965,1,1,1,0,1,1,138
9847126,1,0,0,0,1,1,138
9848277,0,0,1,1,0,0,138
9848797,1,0,0,1,1,0,138
9850122,0,1,1,0,1,0,138
9851648,0,0,0,0,1,0,138
9851886,0,0,0,0,1,0,138
9852043,0,0,0,0,1,0,138
9852201,1,0,1,0,0,0,138
9852987,0,1,1,0,1,0,138
9854137,0,0,1,1,0,0,138
9854522,1,0,0,1,1,0,138
9855867,1,1,0,0,0,0,138
9855955,0,0,0,0,1,0,138
9857038,0,0,1,1,0,0,138
9857531,1,1,0,0,0,0,138
9858620,1,0,1,0,0,0,138
9859106,0,0,1,1,0,0,138
9859941,0,1,0,1,0,0,138
9859951,1,1,1,1,1,0,138
9860173,1,1,1,1,1,0,138
9860265,1,1,1,1,1,0,138
9860734,0,0,0,0,1,0,138
9862520,0,1,1,0,1,0,138
9862556,1,1,1,1,1,0,138
9863112,1,1,0,0,0,0,138
9864372,0,0,1,1,0,0,138
9864550,1,1,1,1,1,0,138
9864718,1,0,0,1,1,0,138
9864923,0,1,0,1,0,0,138
9864992,0,1,1,0,1,0,138
9866773,0,1,0,1,0,0,138
9866939,0,0,1,1,0,0,138
9869329,0,1,0,1,0,0,138
9869744,1,0,0,1,1,0,138
9870141,1,1,1,1,1,0,138
9871198,0,1,1,0,1,0,138
9871566,1,0,0,1,1,0,138
9872322,1,0,1,0,0,0,138
9872417,1,1,0,0,0,0,138
9872711,0,1,0,1,0,0,138
9872983,0,0,0,0,1,0,138
9874352,1,0,0,1,1,0,138
9876155,0,0,0,0,1,0,138
9876568,1,1,1,1,1,0,138
9876843,0,1,0,1,0,0,138
9876889,1,0,0,1,1,0,138
9877998,1,0,0,1,1,0,138
9879391,1,0,0,1,1,0,138
9880672,1,1,1,1,1,0,138
9880713,0,0,0,0,1,0,138
9880962,0,1,0,1,0,0,138
9881777,0,1,0,1,0,0,138
9881929,1,0,0,1,1,0,138
9882677,1,0,0,1,1,0,138
9883546,1,1,1,1,1,0,138
9885847,0,1,1,0,1,0,138
9887742,1,1,0,0,0,0,138
9888057,1,0,1,0,0,0,138
9891507,1,1,1,1,1,0,138
9892606,1,0,1,0,0,0,138
9893526,1,0,0,1,1,0,138
9894430,0,0,0,0,1,0,138
9895553,0,0,1,1,0,0,138
9895575,0,0,1,1,0,0,138
9896983,0,0,0,0,1,0,111
9898209,0,0,1,1,0,0,111
9899524,0,1,0,1,0,0,111
9899882,0,0,1,1,0,0,111
9899997,1,1,0,0,0,0,111
9900823,0,1,1,0,1,0,111
9903994,1,1,0,0,0,0,111
9904904,0,0,0,0,1,0,111
9905231,1,1,0,0,0,0,111
9906686,0,0,0,0,1,0,111
9907211,0,1,1,0,1,0,111
9907801,1,1,1,1,1,0,111
9908599,0,1,0,1,0,0,111
9908868,0,1,0,1,0,0,111
9909211,1,1,1,1,1,0,111
9910066,0,1,0,1,0,0,111
9911106,1,1,0,0,0,0,111
9911328,1,1,1,1,1,0,111
9911475,0,1,1,0,1,0,111
9912256,1,1,0,0,0,0,111
9912875,0,0,1,1,0,0,111
9915819,1,0,1,0,0,0,111
9917884,0,1,0,1,0,0,111
9918531,1,1,1,1,1,0,111
9920923,1,1,1,1,1,0,111
9920927,0,1,0,1,0,0,111
9922104,0,1,1,0,1,0,111
9922362,0,1,1,0,1,0,111
9922848,1,0,1,0,0,0,111
9923800,0,1,1,0,1,0,111
9925967,1,0,0,1,1,0,111
9926508,0,1,0,1,0,0,111
9927492,0,0,1,1,0,0,111
9928202,1,0,1,0,0,0,111
9928928,0,1,0,1,0,0,111
9929206,0,0,0,0,1,0,111
9929499,1,1,0,0,0,0,111
9930958,1,0,1,1,0,0,111
9931161,1,0,0,1,1,0,111
9931803,0,1,0,1,0,0,111
9932150,1,0,0,1,1,0,111
9934649,1,0,0,1,1,0,111
9935781,0,1,1,0,1,0,111
9936880,1,1,1,1,1,0,111
9937705,0,0,1,1,0,0,111
9939020,0,1,1,0,1,0,111
9940187,1,1,1,1,1,0,111
9940261,1,1,1,1,1,0,111
9940292,0,0,1,1,0,0,111
9940680,1,0,1,0,0,0,111
9940860,1,1,1,1,1,0,111
9946421,1,1,1,1,1,0,111
9947102,0,0,1,1,0,0,111
9947718,1,1,0,0,0,0,111
9947972,1,0,0,1,1,0,111
9948131,0,0,0,0,1,0,111
9949304,0,0,1,1,0,0,111
9949484,0,0,1,1,0,0,111
9950867,1,0,0,1,1,0,111
9952609,0,1,0,1,0,0,111
9953737,0,1,1,0,1,0,111
9955048,1,1,1,1,1,0,111
9956982,1,1,0,0,0,0,111
9956998,1,1,1,1,1,0,111
9957589,0,1,0,1,0,0,111
9957722,1,0,0,1,1,0,111
9957970,0,1,1,0,1,0,111
9961584,1,1,0,0,0,0,117
9962697,0,0,1,1,0,0,117
9963111,1,0,1,0,0,0,117
9963715,1,0,1,0,0,0,117
9964208,1,1,1,1,1,0,117
9966483,1,0,0,1,1,0,117
9966982,1,1,1,1,1,0,117
9966986,0,0,1,1,0,0,117
9967279,0,1,0,1,0,0,117
9967524,1,0,0,1,1,0,117
9968275,0,0,0,0,1,0,117
9968596,0,1,1,0,1,0,117
9969365,1,1,1,1,1,0,117
9970744,0,1,0,1,0,0,117
9973164,1,1,0,0,0,0,117
9973277,0,0,0,0,1,0,117
9974011,1,1,1,1,1,0,117
9974194,1,0,1,0,0,0,117
9974939,0,0,1,1,0,0,117
9975377,0,1,1,0,1,0,117
9976635,0,0,1,1,0,0,117
9977124,1,1,0,0,0,0,117
9978684,1,1,1,1,1,0,117
9978818,0,1,0,1,0,0,117
9980080,0,0,1,1,0,0,117
9980859,0,1,1,0,1,0,117
9981245,0,1,1,0,1,0,117
9981497,0,1,0,1,0,0,117
9981871,1,1,1,1,1,0,117
9982210,1,1,0,0,0,0,117
9983449,1,0,0,1,1,0,117
9985979,1,1,0,0,0,0,117
9987449,1,1,1,1,1,0,117
9987520,0,1,1,0,1,0,117
9988208,1,1,1,1,1,0,117
9989747,0,0,1,1,0,0,117
9991201,1,0,1,0,0,0,117
9991483,1,0,0,1,1,0,117
9993362,0,0,1,1,0,0,117
9994281,1,1,1,1,1,0,117
9994625,0,1,0,1,0,0,117
9997115,1,1,1,1,1,0,117
9997399,0,0,1,1,0,0,117
9997596,1,0,1,0,0,0,117
9999796,1,1,0,0,0,0,117
10000773,0,1,1,0,1,0,117
10000948,0,1,1,1,1,1,117
10001634,1,1,1,1,1,0,117
10002727,1,0,1,0,0,0,117
10004612,0,0,1,1,0,0,117
10004721,1,0,0,1,1,0,117
10006214,0,1,1,0,1,0,117
10006501,1,1,0,0,0,0,117
10007175,0,1,1,0,1,0,117
10007389,0,0,0,0,1,0,117
10007544,0,1,0,1,0,0,117
10007647,1,1,0,0,0,0,117
10008769,0,0,0,0,1,0,117
10009549,1,1,1,1,1,0,117
10010319,1,0,1,0,0,0,117
10011358,0,1,1,0,1,0,117
10012649,0,1,1,0,1,0,117
10012835,1,1,0,0,0,0,117
10015220,1,0,0,1,1,0,117
10015530,0,1,1,0,1,0,117
10019475,1,1,0,1,0,0,117
10019528,0,1,0,1,0,0,117
10020107,1,0,1,0,0,0,117
10021277,1,1,1,1,1,0,117
10022046,1,1,0,0,0,0,117
10022105,1,0,0,1,1,0,117
10022507,1,1,0,0,0,0,117
10022614,1,1,1,1,1,0,117
10023331,1,0,1,0,0,0,117
10026069,0,1,0,1,0,0,117
10028872,0,1,1,0,1,0,112
10029114,1,0,0,1,1,0,112
10029793,1,1,0,0,0,0,112
10030149,1,0,1,0,0,0,112
10030686,0,0,1,1,0,0,112
10032113,0,1,1,0,1,0,112
10032399,0,0,0,0,1,0,112
10033219,0,1,1,0,1,0,112
10033364,0,0,1,1,0,0,112
10033390,1,1,1,1,1,0,112
10035104,0,1,0,1,0,0,112
10036755,1,1,1,1,1,0,112
10037672,0,0,1,1,0,0,112
10037973,0,1,0,1,0,0,112
10038083,1,0,1,0,0,0,112
10038564,0,0,1,1,0,0,112
10040326,1,0,0,1,1,0,112
10041500,0,0,0,0,1,0,112
10042340,1,1,0,0,0,0,112
10043111,0,1,1,0,1,0,112
10043203,1,0,0,1,1,0,112
10043779,1,0,0,1,1,0,112
10044998,1,0,1,0,0,0,112
10047155,1,0,0,1,1,0,112
10048307,0,0,0,0,1,0,112
10049385,0,0,0,0,1,0,112
10049952,1,0,1,0,0,0,112
10050704,1,1,0,0,0,0,112
10054907,0,1,1,0,1,0,112
10057813,0,0,1,1,0,0,112
10058687,0,1,0,1,0,0,112
10058790,0,0,1,1,0,0,112
10059190,0,0,0,0,1,0,112
10060049,1,0,1,0,0,0,112
10060171,0,1,0,1,0,0,112
10060196,0,0,1,1,0,0,112
10060345,1,1,1,1,1,0,112
10061037,1,0,0,1,1,0,112
10061323,0,1,1,0,1,0,112
10062845,0,0,1,1,0,0,112
10063325,0,0,1,0,0,0,112
10064883,1,0,0,1,1,0,112
10064966,0,1,0,1,0,0,112
10066110,1,0,0,1,1,0,112
10066810,0,1,1,0,1,0,112
10067799,1,1,0,0,0,0,112
10068862,1,0,0,1,1,0,112
10069122,1,1,0,0,0,0,112
10070704,1,0,0,1,1,0,112
10071291,1,1,1,1,1,0,112
10071678,0,1,0,1,0,0,112
10073224,0,1,0,1,0,0,112
10073483,1,1,1,1,1,0,112
10074638,0,1,1,0,1,0,112
10077446,1,0,1,0,0,0,112
10078365,0,1,0,1,0,0,112
10079274,0,1,0,1,0,0,112
10080330,0,0,1,1,0,0,112
10081058,1,1,1,1,1,0,112
10081068,0,1,1,0,1,0,112
10081251,0,0,1,1,0,0,112
10082579,1,1,1,1,1,0,112
10083457,0,1,1,0,1,0,112
10083731,0,1,0,1,0,0,112
10084222,1,0,0,1,1,0,112
10084756,0,1,0,1,0,0,112
10084803,1,0,1,0,0,0,112
10085814,1,0,1,0,0,0,112
10086574,0,0,0,1,1,1,112
10086709,1,0,1,0,0,0,112
10089033,0,0,1,1,0,0,112
10089526,0,0,1,0,0,0,112
10091709,1,0,1,0,0,0,112
10093689,0,1,1,1,1,1,189
10093802,0,1,0,1,0,0,189
10095281,0,1,1,0,1,0,189
10095441,0,0,1,1,0,0,189
10095829,1,0,1,0,0,0,189
10095901,0,1,0,0,0,0,189
10096804,0,1,0,1,0,0,189
10096904,1,0,1,0,0,0,189
10097682,0,1,1,0,1,0,189
10098332,0,1,1,0,1,0,189
10098649,0,0,1,1,0,0,189
10099681,0,0,0,0,1,0,189
10099768,1,1,1,0,1,1,189
10100986,0,1,0,1,0,0,189
10101664,0,0,1,1,0,0,189
10104452,0,0,1,1,0,0,189
10105162,1,0,1,0,0,0,189
10105712,1,1,0,0,0,0,189
10106314,1,0,1,0,0,0,189
10106362,1,0,0,1,1,0,189
10106539,1,1,0,0,0,0,189
10108216,0,1,1,0,1,0,189
10108744,0,1,1,0,1,0,189
10109556,0,0,0,0,1,0,189
10109988,1,1,0,0,0,0,189
10110268,0,0,1,1,0,0,189
10110408,0,0,1,1,0,0,189
10111572,0,1,1,0,1,0,189
10111797,0,1,0,1,0,0,189
10112327,1,1,1,1,1,0,189
10112650,1,1,0,0,0,0,189
10112679,1,0,0,1,1,0,189
10112954,1,1,0,1,0,0,189
10113501,1,1,1,1,1,0,189
10113864,1,0,1,0,0,0,189
10114126,1,1,0,0,0,0,189
10114430,0,1,1,0,1,0,189
10115028,0,1,1,0,1,0,189
10115350,1,0,0,1,1,0,189
10115365,0,1,1,0,1,0,189
10116200,1,0,1,0,0,0,189
10116330,1,0,1,0,0,0,189
10117168,1,1,0,0,0,0,189
10117420,0,1,1,0,1,0,189
10118533,0,0,0,0,1,0,189
10118789,0,0,1,1,0,0,189
10119052,1,0,1,0,0,0,189
10119949,0,0,0,0,1,0,189
10120275,0,1,0,1,0,0,189
10120592,1,1,1,1,1,0,189
10121727,1,0,0,1,1,0,189
10122464,0,1,1,0,1,0,189
10122640,0,1,0,1,0,0,189
10122712,1,1,0,0,0,0,189
10123648,1,0,1,0,0,0,189
10123682,0,0,1,1,0,0,189
10124060,1,1,1,1,1,0,189
10124148,0,1,1,0,1,0,189
10124297,0,0,1,1,0,0,189
10124865,0,1,0,1,0,0,189
10125544,1,0,0,1,1,0,189
10125982,0,1,0,1,0,0,189
10126535,0,1,0,1,0,0,189
10126739,0,0,0,0,1,0,189
10127227,1,0,1,0,0,0,189
10128210,0,1,1,0,1,0,189
10128310,1,1,0,0,0,0,189
10129403,0,1,1,0,1,0,189
10130089,1,0,1,0,0,0,189
10131043,1,0,0,1,1,0,189
10131409,1,1,0,0,0,0,189
10132328,0,1,0,0,0,0,189
10133772,1,1,1,1,1,0,189
10135545,1,1,0,0,0,0,189
10135759,0,0,0,0,1,0,189
10136073,1,0,1,0,0,0,189
10136324,0,0,0,0,1,0,189
10136952,1,1,0,0,0,0,189
10137690,1,1,0,0,0,0,189
10138244,0,1,1,0,1,0,189
10138550,0,1,1,1,1,1,189
10139622,0,0,1,1,0,0,189
10139696,1,0,0,1,1,0,189
10140120,0,1,0,1,0,0,189
10140690,1,1,1,1,1,0,189
10142032,0,1,1,0,1,0,189
10144351,0,1,1,0,1,0,189
10144947,0,0,0,0,1,0,189
10146287,0,1,0,1,0,0,189
10146374,1,0,0,1,1,0,189
10146720,1,0,1,0,0,0,189
10146800,0,1,1,0,1,0,189
10146991,0,1,0,1,0,0,189
10147700,1,0,1,0,0,0,189
10148269,0,1,1,0,1,0,189
10148885,0,0,0,0,1,0,189
10148953,1,0,1,0,0,0,189
10149426,0,0,0,0,1,0,189
10149624,1,0,1,0,0,0,189
10149837,0,1,1,0,1,0,189
10151456,0,1,0,1,0,0,189
10151484,0,0,1,1,0,0,189
10151555,0,1,0,1,0,0,189
10151831,0,0,0,0,1,0,189
10151870,0,0,0,0,1,0,189
10152341,0,1,0,1,0,0,189
10152889,1,1,0,0,0,0,189
10153520,1,0,1,0,0,0,189
10153545,0,1,1,1,1,1,189
10153772,0,1,1,0,1,0,189
10154147,0,1,1,0,1,0,189
10154283,1,1,0,0,0,0,189
10154326,0,1,1,0,1,0,189
10154761,0,1,0,1,0,0,189
10156016,1,1,1,1,1,0,189
10156944,1,1,0,0,0,0,189
10157126,1,0,0,0,1,1,189
10158939,1,0,1,0,0,0,111
10160361,1,0,1,0,0,0,111
10160580,1,1,0,0,0,0,111
10161040,1,0,1,0,0,0,111
10161412,1,1,0,0,0,0,111
10164522,1,0,1,0,0,0,111
10165235,0,1,1,0,1,0,111
10165653,1,0,1,1,0,0,111
10166596,1,1,0,0,0,0,111
10169103,0,0,1,1,0,0,111
10170885,1,0,0,1,1,0,111
10171649,1,0,0,1,1,0,111
10172020,1,0,0,1,1,0,111
10172426,1,0,1,0,0,0,111
10173705,0,1,1,0,1,0,111
10174638,1,0,0,1,1,0,111
10176007,1,0,0,1,1,0,111
10176446,0,0,0,1,1,1,111
10178008,0,0,0,0,1,0,111
10179115,0,1,1,0,1,0,111
10179859,1,1,0,0,0,0,111
10179944,1,1,1,1,1,0,111
10180079,0,0,1,1,0,0,111
10180112,1,1,1,0,1,1,111
10180168,0,0,0,0,1,0,111
10180878,1,1,0,0,0,0,111
10181177,0,0,1,1,0,0,111
10183917,1,1,0,0,0,0,111
10184291,0,1,1,0,1,0,111
10184555,0,0,1,1,0,0,111
10186234,1,1,1,1,1,0,111
10186432,0,1,1,0,1,0,111
10187511,1,0,1,0,0,0,111
10187572,0,0,1,1,0,0,111
10188259,1,1,1,1,1,0,111
10188852,1,1,0,0,0,0,111
10188997,1,1,1,1,1,0,111
10189048,0,0,0,0,1,0,111
10190339,1,0,0,1,1,0,111
10191169,1,0,0,1,1,0,111
10191408,0,1,1,0,1,0,111
10191477,1,1,1,1,1,0,111
10192026,1,0,0,1,1,0,111
10192177,1,1,0,0,0,0,111
10192673,1,1,0,0,0,0,111
10192890,0,0,1,1,0,0,111
10194173,1,1,0,0,0,0,111
10194274,1,1,1,1,1,0,111
10195000,0,0,0,1,1,1,111
10195303,0,1,1,0,1,0,111
10198856,1,1,1,1,1,0,111
10199462,0,1,0,1,0,0,111
10200504,1,0,0,1,1,0,111
10200807,0,1,0,1,0,0,111
10202262,0,1,1,0,1,0,111
10203389,1,1,0,0,0,0,111
10205200,1,0,0,1,1,0,111
10205603,0,0,1,1,0,0,111
10208337,0,0,0,0,1,0,111
10208723,0,1,1,0,1,0,111
10208788,1,0,0,1,1,0,111
10211633,1,1,0,0,0,0,111
10211801,1,1,0,0,0,0,111
10212308,0,1,0,1,0,0,111
10213385,1,0,0,1,1,0,111
10213632,0,0,1,1,0,0,111
10213643,1,1,1,1,1,0,111
10214316,1,0,1,0,0,0,111
10215147,0,1,0,1,0,0,111
10215852,0,0,0,0,1,0,111
10217296,1,0,0,1,1,0,111
10218162,1,0,0,1,1,0,111
10218960,0,0,0,0,1,0,111
10221814,0,0,1,1,0,0,111
10224007,0,1,1,0,1,0,134
10224432,0,1,1,0,1,0,134
10224888,0,1,0,1,0,0,134
10225587,0,0,0,0,1,0,134
10227924,0,1,0,1,0,0,134
10230194,1,1,1,1,1,0,134
10230386,0,1,1,0,1,0,134
10233055,1,1,0,1,0,0,134
10233118,0,1,1,0,1,0,134
10233410,1,0,0,1,1,0,134
10233454,1,0,0,1,1,0,134
10233926,0,1,0,1,0,0,134
10234236,1,1,0,0,0,0,134
10235806,1,0,0,1,1,0,134
10237591,1,0,1,0,0,0,134
10237712,0,1,0,1,0,0,134
10237955,0,0,1,1,0,0,134
10238018,0,0,1,1,0,0,134
10238654,1,0,0,1,1,0,134
10238757,1,0,0,1,1,0,134
10239304,1,0,1,0,0,0,134
10239390,0,0,0,0,1,0,134
10239899,0,1,1,0,1,0,134
10242407,1,1,1,1,1,0,134
10242856,1,1,0,0,0,0,134
10243021,1,1,0,0,0,0,134
10244550,1,1,1,0,1,1,134
10244823,1,0,0,1,1,0,134
10244838,1,1,1,1,1,0,134
10246865,0,0,1,1,0,0,134
10247707,1,0,1,0,0,0,134
10248243,1,1,1,1,1,0,134
10252307,0,1,0,1,0,0,134
10253252,0,0,1,1,0,0,134
10255814,1,0,0,1,1,0,134
10257156,0,0,0,0,1,0,134
10257236,1,0,0,1,1,0,134
10257292,0,0,0,0,1,0,134
10257372,0,0,0,0,1,0,134
10258088,0,1,0,1,0,0,134
10258290,1,1,0,0,0,0,134
10258971,1,1,0,0,0,0,134
10259799,1,0,1,0,0,0,134
10259999,1,0,0,1,1,0,134
10260048,1,0,1,0,0,0,134
10261003,0,1,0,1,0,0,134
10262493,0,1,0,1,0,0,134
10262851,0,1,1,0,1,0,134
10263237,1,1,0,0,0,0,134
10263485,1,0,1,0,0,0,134
10265123,1,0,1,0,0,0,134
10265504,1,0,1,0,0,0,134
10265820,0,0,1,1,0,0,134
10265998,0,0,0,0,1,0,134
10266379,0,1,1,0,1,0,134
10266405,1,1,1,1,1,0,134
10266692,0,0,1,1,0,0,134
10267860,1,0,1,0,0,0,134
10272006,0,0,0,0,1,0,134
10273278,1,0,1,0,0,0,134
10273653,1,1,1,1,1,0,134
10274828,0,1,1,0,1,0,134
10275049,0,0,1,0,0,0,134
10276053,0,0,1,1,0,0,134
10276247,1,1,1,1,1,0,134
10277164,0,1,1,0,1,0,134
10277372,1,1,0,0,0,0,134
10277864,1,1,0,0,0,0,134
10278014,0,0,0,0,1,0,134
10278059,0,1,1,0,1,0,134
10278373,0,1,1,0,1,0,134
10279823,0,0,0,0,1,0,134
10279945,0,0,1,1,0,0,134
10280040,1,1,0,0,0,0,134
10280135,1,0,0,1,1,0,134
10280290,1,0,1,0,0,0,134
10280331,1,0,0,1,1,0,134
10284573,1,0,1,0,0,0,134
10284615,0,1,1,0,1,0,134
10284809,1,1,0,0,0,0,134
10285444,0,0,1,1,0,0,134
10285981,1,1,1,1,1,0,134
10287300,0,0,1,1,0,0,134
10288823,1,0,0,1,1,0,134
10289112,1,0,1,0,0,0,134
10290742,0,0,1,1,0,0,166
10290804,0,0,1,1,0,0,166
10290889,0,0,0,1,1,1,166
10291575,1,1,1,1,1,0,166
10291671,1,1,1,1,1,0,166
10292027,1,1,0,0,0,0,166
10292335,1,0,0,1,1,0,166
10293380,1,0,0,1,1,0,166
10296397,1,0,0,1,1,0,166
10296438,1,0,0,1,1,0,166
10296671,0,1,1,0,1,0,166
10297181,1,1,1,1,1,0,166
10297215,1,0,1,0,0,0,166
10298052,1,1,1,1,1,0,166
10298374,0,0,0,0,1,0,166
10298413,0,1,0,1,0,0,166
10300815,0,0,1,1,0,0,166
10300901,0,0,0,0,1,0,166
10301155,0,1,1,0,1,0,166
10301170,1,0,1,0,0,0,166
10301474,0,1,0,1,0,0,166
10301668,1,1,0,0,0,0,166
10301870,0,1,0,1,0,0,166
10302217,1,1,1,1,1,0,166
10302336,0,1,0,1,0,0,166
10302700,1,1,1,1,1,0,166
10303650,1,0,1,0,0,0,166
10304446,0,0,1,1,0,0,166
10304616,0,1,0,1,0,0,166
10304860,1,1,1,1,1,0,166
10305051,0,1,1,0,1,0,166
10305361,0,0,0,0,1,0,166
10305983,0,1,0,1,0,0,166
10306146,0,1,1,0,1,0,166
10306920,1,1,0,0,0,0,166
10307528,0,1,0,1,0,0,166
10307820,1,0,0,1,1,0,166
10307889,1,1,1,0,1,1,166
10307977,1,1,0,0,0,0,166
10307993,1,1,0,0,0,0,166
10308589,0,0,0,0,1,0,166
10310004,0,1,0,1,0,0,166
10310813,1,0,1,0,0,0,166
10312429,1,1,0,0,0,0,166
10312838,0,1,1,0,1,0,166
10314050,1,0,1,1,0,0,166
10314344,1,1,0,0,0,0,166
10314782,1,0,0,1,1,0,166
10314933,1,0,1,0,0,0,166
10314945,1,1,0,0,0,0,166
10315819,0,0,0,0,1,0,166
10315832,0,0,1,1,0,0,166
10316623,0,1,1,0,1,0,166
10317739,0,1,0,1,0,0,166
10318084,1,1,0,0,0,0,166
10319003,0,0,1,1,0,0,166
10319191,1,0,0,1,1,0,166
10319287,1,0,1,1,0,0,166
10319522,0,1,0,1,0,0,166
10319562,0,1,0,1,0,0,166
10320147,1,1,1,1,1,0,166
10321236,0,1,0,1,0,0,166
10321800,0,0,0,0,1,0,166
10321808,0,1,0,1,0,0,166
10321828,0,0,0,0,1,0,166
10321834,0,0,0,0,1,0,166
10321943,0,0,0,0,1,0,166
10321987,0,0,0,0,1,0,166
10323206,1,0,1,0,0,0,166
10323321,0,1,1,0,1,0,166
10323500,1,0,1,0,0,0,166
10324627,1,1,0,0,0,0,166
10326209,1,1,0,0,0,0,166
10326213,1,1,0,0,0,0,166
10326883,0,1,0,1,0,0,166
10327188,0,0,1,1,0,0,166
10327427,1,1,1,1,1,0,166
10327706,1,1,0,0,0,0,166
10328903,1,0,0,1,1,0,166
10329031,1,0,0,1,1,0,166
10329253,0,0,1,1,0,0,166
10330392,1,1,1,1,1,0,166
10330668,1,0,0,1,1,0,166
10330816,1,1,0,0,0,0,166
10331620,0,1,0,1,0,0,166
10331954,1,0,0,1,1,0,166
10331960,1,1,1,1,1,0,166
10333594,1,0,1,0,0,0,166
10333887,1,1,0,0,0,0,166
10333930,1,1,0,0,0,0,166
10333962,1,0,1,1,0,0,166
10334439,1,0,1,0,0,0,166
10334796,0,0,0,0,1,0,166
10335538,1,0,0,1,1,0,166
10335634,1,1,1,1,1,0,166
10336369,0,1,1,0,1,0,166
10336524,0,0,0,0,1,0,166
10336692,0,1,0,1,0,0,166
10336842,0,0,0,0,1,0,166
10337581,0,0,1,1,0,0,166
10337584,1,0,0,1,1,0,166
10337835,1,1,1,1,1,0,166
10337885,0,0,1,1,0,0,166
10338630,0,0,0,0,1,0,166
10339455,1,0,0,1,1,0,166
10340515,0,0,0,0,1,0,166
10340557,1,0,1,0,0,0,166
10341033,1,1,0,0,0,0,166
10341628,1,0,0,1,1,0,166
10344607,0,1,1,0,1,0,166
10344795,1,0,1,0,0,0,166
10346048,1,1,0,0,0,0,166
10346104,1,0,1,0,0,0,166
10346136,0,1,1,0,1,0,166
10347153,0,1,0,1,0,0,166
10347981,1,0,1,0,0,0,166
10348999,0,1,1,0,1,0,166
10349244,0,1,0,1,0,0,166
10349643,0,1,0,1,0,0,166
10349715,1,0,1,0,0,0,166
10350170,1,1,1,1,1,0,166
10350669,1,0,1,0,0,0,166
10351150,0,1,0,1,0,0,166
10351393,0,1,0,0,0,0,166
10352169,1,1,1,1,1,0,166
10353052,1,0,1,0,0,0,166
10353668,0,1,0,1,0,0,166
10354051,1,1,1,1,1,0,166
10356695,0,1,0,1,0,0,124
10356785,0,0,1,1,0,0,124
10357398,1,0,0,1,1,0,124
10357445,0,1,0,1,0,0,124
10357920,1,1,0,0,0,0,124
10358986,0,0,0,0,1,0,124
10359675,1,0,0,1,1,0,124
10359816,0,1,1,0,1,0,124
10362501,0,0,1,1,0,0,124
10365652,0,0,1,1,0,0,124
10365876,0,0,0,0,1,0,124
10366834,0,1,1,0,1,0,124
10368375,1,0,0,1,1,0,124
10370147,1,0,1,0,0,0,124
10370618,0,1,0,1,0,0,124
10371931,1,0,1,0,0,0,124
10372256,0,1,0,1,0,0,124
10372603,0,1,0,1,0,0,124
10373259,1,0,0,1,1,0,124
10373968,0,0,1,1,0,0,124
10374647,0,0,0,0,1,0,124
10375943,0,0,1,1,0,0,124
10375946,1,1,1,1,1,0,124
10375960,0,1,0,1,0,0,124
10377914,1,0,0,0,1,1,124
10378017,1,0,0,1,1,0,124
10378112,1,1,1,1,1,0,124
10378236,1,0,0,1,1,0,124
10379131,0,0,1,1,0,0,124
10380698,0,1,1,0,1,0,124
10381800,0,1,0,1,0,0,124
10382214,1,0,1,0,0,0,124
10382750,1,1,0,0,0,0,124
10383120,1,0,1,0,0,0,124
10383455,0,1,1,0,1,0,124
10383859,0,1,0,1,0,0,124
10384669,0,1,0,1,0,0,124
10385695,1,0,1,0,0,0,124
10386566,0,0,0,0,1,0,124
10386860,1,0,1,0,0,0,124
10387357,1,1,1,1,1,0,124
10389224,0,0,1,1,0,0,124
10394495,1,1,1,1,1,0,124
10395026,0,0,1,1,0,0,124
10395905,0,1,0,1,0,0,124
10398337,1,1,1,1,1,0,124
10398734,1,1,0,0,0,0,124
10399378,0,0,1,1,0,0,124
10399616,1,1,0,0,0,0,124
10399913,1,1,1,1,1,0,124
10400292,1,1,0,0,0,0,124
10401001,0,1,1,0,1,0,124
10401155,1,0,0,1,1,0,124
10401767,1,1,1,1,1,0,124
10402245,1,1,0,0,0,0,124
10402541,1,0,1,0,0,0,124
10403053,1,0,1,0,0,0,124
10403421,1,1,0,0,0,0,124
10403448,1,0,1,0,0,0,124
10403999,1,0,1,0,0,0,124
10405114,1,0,0,1,1,0,124
10405127,1,0,0,1,1,0,124
10405263,1,0,0,1,1,0,124
10406922,1,0,1,0,0,0,124
10407660,0,1,1,0,1,0,124
10408351,1,0,1,0,0,0,124
10408486,1,1,1,1,1,0,124
10409520,0,0,0,0,1,0,124
10410348,1,0,1,0,0,0,124
10411041,0,1,1,0,1,0,124
10411063,1,0,0,1,1,0,124
10411207,0,0,1,1,0,0,124
10412143,1,0,0,1,1,0,124
10415944,0,0,1,1,0,0,124
10418728,1,1,0,0,0,0,124
10419338,0,0,1,1,0,0,124
10422397,0,1,0,1,0,0,116
10424717,0,1,0,1,0,0,116
10425118,0,0,1,1,0,0,116
10425842,0,1,1,0,1,0,116
10426561,1,1,1,1,1,0,116
10428477,1,1,0,0,0,0,116
10428876,0,1,0,1,0,0,116
10429275,1,0,1,0,0,0,116
10429448,1,1,1,1,1,0,116
10430838,0,0,1,1,0,0,116
10431323,1,0,0,1,1,0,116
10431724,1,0,0,1,1,0,116
10432741,0,1,1,0,1,0,116
10433904,1,0,0,1,1,0,116
10434269,1,1,1,1,1,0,116
10434837,0,1,0,1,0,0,116
10434973,0,1,0,1,0,0,116
10435089,0,0,1,1,0,0,116
10435963,0,0,0,0,1,0,116
10437157,1,1,1,1,1,0,116
10439979,1,0,0,1,1,0,116
10442290,0,0,1,1,0,0,116
10443317,1,1,1,1,1,0,116
10443527,0,1,0,1,0,0,116
10444424,0,0,1,1,0,0,116
10447040,1,0,1,0,0,0,116
10447356,1,0,0,1,1,0,116
10448137,0,0,0,0,1,0,116
10448630,0,1,1,0,1,0,116
10449598,1,0,1,0,0,0,116
10449966,0,1,1,0,1,0,116
10450609,0,0,0,0,1,0,116
10450725,1,0,1,0,0,0,116
10452047,1,0,0,1,1,0,116
10453021,1,0,0,1,1,0,116
10455154,0,1,0,1,0,0,116
10456845,0,1,1,0,1,0,116
10456936,1,0,0,1,1,0,116
10458435,0,0,0,0,1,0,116
10458740,1,0,0,1,1,0,116
10459365,1,1,0,0,0,0,116
10460843,0,0,1,1,0,0,116
10463321,1,1,1,1,1,0,116
10464959,1,1,0,0,0,0,116
10465479,1,1,1,1,1,0,116
10466950,1,1,1,1,1,0,116
10470014,0,0,0,0,1,0,116
10470248,1,0,0,1,1,0,116
10472843,0,0,0,0,1,0,116
10473386,0,0,0,0,1,0,116
10473813,0,0,0,0,1,0,116
10473824,1,0,0,1,1,0,116
10475077,0,1,1,0,1,0,116
10475451,0,1,0,1,0,0,116
10476899,1,1,0,1,0,0,116
10478675,1,1,1,1,1,0,116
10481940,0,0,0,0,1,0,116
10482442,0,1,0,1,0,0,116
10483820,1,1,1,1,1,0,116
