attempt,a_data,a_basis,b_basis,bob,bmatch,err,irrad,mode,mu,lam_idx
852,1,0,1,0,0,0,117,1,9,0
1092,0,1,1,0,1,0,117,1,9,0
1122,1,0,1,0,0,0,117,1,9,0
1364,0,1,1,0,1,0,117,1,9,0
1449,1,0,0,1,1,0,117,1,9,0
1748,1,0,0,1,1,0,117,1,9,0
2528,1,0,0,1,1,0,117,1,9,0
3191,1,0,1,0,0,0,117,1,9,0
3455,0,0,1,1,0,0,117,1,9,0
4823,0,0,1,1,0,0,117,1,9,0
5971,1,0,0,1,1,0,117,1,9,0
6030,1,1,0,0,0,0,117,1,9,0
6098,0,0,0,0,1,0,117,1,9,0
7270,1,0,1,0,0,0,117,1,9,0
7938,1,0,1,0,0,0,117,1,9,0
8617,0,1,0,1,0,0,117,1,9,0
8874,0,0,0,0,1,0,117,1,9,0
9675,1,1,1,1,1,0,117,1,9,0
9733,0,0,1,1,0,0,117,1,9,0
12052,1,0,0,1,1,0,117,1,9,0
15483,0,0,0,0,1,0,117,1,9,0
15726,1,0,0,1,1,0,117,1,9,0
16068,0,0,0,0,1,0,117,1,9,0
18609,1,0,1,0,0,0,117,1,9,0
18664,1,1,0,0,0,0,117,1,9,0
18782,1,0,0,0,1,1,117,1,9,0
18813,1,0,0,1,1,0,117,1,9,0
19426,0,1,1,0,1,0,117,1,9,0
20209,0,1,0,1,0,0,117,1,9,0
20300,0,1,0,1,0,0,117,1,9,0
20901,1,0,1,0,0,0,117,1,9,0
22100,0,1,1,0,1,0,117,1,9,0
22211,1,0,1,0,0,0,117,1,9,0
24058,1,0,0,1,1,0,117,1,9,0
24630,0,0,1,1,0,0,117,1,9,0
24734,0,0,1,1,0,0,117,1,9,0
24787,1,1,0,0,0,0,117,1,9,0
24872,1,0,0,1,1,0,117,1,9,0
25044,0,0,1,1,0,0,117,1,9,0
25410,0,0,0,0,1,0,117,1,9,0
25707,1,1,0,0,0,0,117,1,9,0
26051,0,0,0,0,1,0,117,1,9,0
27213,1,1,1,1,1,0,117,1,9,0
27844,1,0,0,1,1,0,117,1,9,0
28245,0,0,0,0,1,0,117,1,9,0
28641,0,0,0,0,1,0,117,1,9,0
31038,1,1,1,1,1,0,117,1,9,0
31197,0,0,0,0,1,0,117,1,9,0
31884,1,0,1,0,0,0,117,1,9,0
32211,1,0,1,0,0,0,117,1,9,0
32595,1,0,1,0,0,0,117,1,9,0
32798,0,1,1,0,1,0,117,1,9,0
33059,1,1,1,1,1,0,117,1,9,0
33627,0,0,1,0,0,0,117,1,9,0
34506,1,1,1,1,1,0,117,1,9,0
35098,1,1,0,0,0,0,117,1,9,0
35186,0,0,1,1,0,0,117,1,9,0
37768,1,1,0,0,0,0,117,1,9,0
38635,0,0,1,1,0,0,117,1,9,0
39561,0,1,0,0,0,0,117,1,9,0
40529,1,1,1,1,1,0,117,1,9,0
42105,0,1,1,0,1,0,117,1,9,0
42153,1,0,1,0,0,0,117,1,9,0
42379,1,1,0,0,0,0,117,1,9,0
42550,1,1,1,1,1,0,117,1,9,0
42820,0,1,1,0,1,0,117,1,9,0
43872,0,0,0,0,1,0,117,1,9,0
43926,1,1,0,0,0,0,117,1,9,0
44156,1,1,0,0,0,0,117,1,9,0
44575,1,1,0,0,0,0,117,1,9,0
44588,1,0,1,0,0,0,117,1,9,0
45166,0,0,1,0,0,0,117,1,9,0
45204,1,0,0,1,1,0,117,1,9,0
46225,1,0,1,1,0,0,117,1,9,0
46586,0,1,1,0,1,0,117,1,9,0
47273,1,0,0,1,1,0,117,1,9,0
47798,1,1,0,0,0,0,117,1,9,0
48262,1,1,1,1,1,0,117,1,9,0
48655,1,1,0,0,0,0,117,1,9,0
49015,0,0,1,1,0,0,117,1,9,0
49446,0,1,0,1,0,0,117,1,9,0
50198,1,1,1,1,1,0,117,1,9,0
50547,0,0,0,0,1,0,117,1,9,0
50574,0,0,1,1,0,0,117,1,9,0
50827,1,1,0,0,0,0,117,1,9,0
51209,1,0,1,0,0,0,117,1,9,0
51224,0,1,0,1,0,0,117,1,9,0
52415,0,1,0,1,0,0,117,1,9,0
53008,0,0,1,1,0,0,117,1,9,0
53317,0,0,0,0,1,0,117,1,9,0
54766,0,1,0,1,0,0,117,1,9,0
54818,0,0,0,0,1,0,117,1,9,0
56230,0,1,0,1,0,0,117,1,9,0
56472,0,1,0,1,0,0,117,1,9,0
57518,1,0,1,0,0,0,117,1,9,0
58548,1,1,1,1,1,0,117,1,9,0
60553,1,0,1,0,0,0,117,1,9,0
60575,0,1,1,0,1,0,117,1,9,0
61491,1,1,0,0,0,0,117,1,9,0
62848,0,1,0,1,0,0,117,1,9,0
62912,1,0,0,0,1,1,117,1,9,0
63683,1,1,0,0,0,0,117,1,9,0
63990,1,0,1,0,0,0,117,1,9,0
64336,1,1,0,0,0,0,117,1,9,0
68192,0,1,0,1,0,0,100,1,9,0
69838,1,1,0,0,0,0,100,1,9,0
70071,1,0,1,0,0,0,100,1,9,0
70492,0,0,1,1,0,0,100,1,9,0
71600,1,0,0,1,1,0,100,1,9,0
72004,1,1,1,1,1,0,100,1,9,0
72176,0,1,1,0,1,0,100,1,9,0
72362,1,1,1,1,1,0,100,1,9,0
72468,1,1,1,1,1,0,100,1,9,0
73744,0,0,1,1,0,0,100,1,9,0
75874,1,1,0,0,0,0,100,1,9,0
76474,0,0,0,0,1,0,100,1,9,0
77744,1,1,0,0,0,0,100,1,9,0
77926,0,1,0,1,0,0,100,1,9,0
78300,1,1,1,1,1,0,100,1,9,0
79564,1,1,0,0,0,0,100,1,9,0
80975,0,0,0,0,1,0,100,1,9,0
81824,0,1,1,1,1,1,100,1,9,0
82301,1,0,0,1,1,0,100,1,9,0
83616,1,1,0,0,0,0,100,1,9,0
84950,0,0,1,1,0,0,100,1,9,0
85591,0,1,0,1,0,0,100,1,9,0
85598,0,0,0,0,1,0,100,1,9,0
85876,1,0,1,0,0,0,100,1,9,0
85913,0,1,1,0,1,0,100,1,9,0
85928,0,0,1,1,0,0,100,1,9,0
87146,1,1,0,0,0,0,100,1,9,0
87516,0,0,0,0,1,0,100,1,9,0
88799,0,0,1,1,0,0,100,1,9,0
90334,1,1,1,1,1,0,100,1,9,0
90587,0,0,0,0,1,0,100,1,9,0
91532,0,0,1,1,0,0,100,1,9,0
92123,1,0,1,0,0,0,100,1,9,0
92785,1,0,1,0,0,0,100,1,9,0
93153,1,1,1,1,1,0,100,1,9,0
93370,1,0,0,1,1,0,100,1,9,0
93498,0,1,1,0,1,0,100,1,9,0
94303,0,1,1,0,1,0,100,1,9,0
96553,1,0,0,1,1,0,100,1,9,0
97369,0,1,0,1,0,0,100,1,9,0
98701,1,1,0,0,0,0,100,1,9,0
99278,0,1,1,0,1,0,100,1,9,0
100970,0,1,0,1,0,0,100,1,9,0
101732,1,1,1,1,1,0,100,1,9,0
101887,1,1,0,0,0,0,100,1,9,0
102722,0,0,0,0,1,0,100,1,9,0
103344,1,1,1,1,1,0,100,1,9,0
104302,1,0,1,0,0,0,100,1,9,0
105848,0,1,1,0,1,0,100,1,9,0
106680,1,1,1,1,1,0,100,1,9,0
107987,1,0,1,0,0,0,100,1,9,0
110305,1,0,1,0,0,0,100,1,9,0
111857,1,1,0,0,0,0,100,1,9,0
111936,0,0,0,0,1,0,100,1,9,0
112296,0,1,0,1,0,0,100,1,9,0
112866,0,0,1,1,0,0,100,1,9,0
112911,1,1,0,0,0,0,100,1,9,0
113084,0,0,0,0,1,0,100,1,9,0
113636,0,1,1,0,1,0,100,1,9,0
114656,0,1,1,0,1,0,100,1,9,0
114836,1,1,1,1,1,0,100,1,9,0
114846,0,1,1,0,1,0,100,1,9,0
117250,1,1,1,1,1,0,100,1,9,0
119830,0,1,1,0,1,0,100,1,9,0
120489,1,1,0,0,0,0,100,1,9,0
120684,0,0,0,0,1,0,100,1,9,0
120795,0,0,1,1,0,0,100,1,9,0
120880,0,1,0,1,0,0,100,1,9,0
121910,1,1,0,0,0,0,100,1,9,0
124539,1,1,0,0,0,0,100,1,9,0
124832,1,0,0,1,1,0,100,1,9,0
125418,1,0,0,1,1,0,100,1,9,0
125531,1,0,0,1,1,0,100,1,9,0
125806,0,0,0,0,1,0,100,1,9,0
128308,0,1,0,1,0,0,100,1,9,0
128982,1,1,0,0,0,0,100,1,9,0
129050,0,1,1,0,1,0,100,1,9,0
129369,1,1,0,0,0,0,100,1,9,0
129892,1,0,1,0,0,0,100,1,9,0
130559,1,0,1,0,0,0,100,1,9,0
130655,1,1,1,1,1,0,100,1,9,0
131050,1,1,1,1,1,0,100,1,9,0
132175,0,0,1,1,0,0,108,1,9,0
132267,0,0,0,0,1,0,108,1,9,0
134454,0,1,1,0,1,0,108,1,9,0
134555,1,0,0,1,1,0,108,1,9,0
134599,0,1,1,0,1,0,108,1,9,0
134928,0,1,0,1,0,0,108,1,9,0
135249,0,0,0,0,1,0,108,1,9,0
135365,1,0,0,1,1,0,108,1,9,0
135719,1,0,1,0,0,0,108,1,9,0
136188,0,0,1,1,0,0,108,1,9,0
136544,1,1,0,0,0,0,108,1,9,0
136636,1,0,1,0,0,0,108,1,9,0
138230,0,0,0,0,1,0,108,1,9,0
138516,0,0,0,0,1,0,108,1,9,0
140152,0,1,0,1,0,0,108,1,9,0
142557,1,0,0,1,1,0,108,1,9,0
142793,0,0,0,0,1,0,108,1,9,0
143653,0,1,0,1,0,0,108,1,9,0
143878,0,0,1,1,0,0,108,1,9,0
144177,0,0,1,1,0,0,108,1,9,0
146175,1,1,1,1,1,0,108,1,9,0
147159,0,1,1,0,1,0,108,1,9,0
147328,1,0,1,0,0,0,108,1,9,0
147621,1,1,0,0,0,0,108,1,9,0
147859,0,0,0,0,1,0,108,1,9,0
148247,0,0,0,0,1,0,108,1,9,0
149240,1,1,1,1,1,0,108,1,9,0
149340,1,1,1,1,1,0,108,1,9,0
150085,1,0,0,1,1,0,108,1,9,0
150787,0,0,1,1,0,0,108,1,9,0
151802,1,0,1,0,0,0,108,1,9,0
151848,0,0,0,0,1,0,108,1,9,0
151888,1,0,1,0,0,0,108,1,9,0
153327,0,0,0,0,1,0,108,1,9,0
153711,0,0,0,0,1,0,108,1,9,0
154221,1,0,1,0,0,0,108,1,9,0
154965,1,1,1,1,1,0,108,1,9,0
155003,0,0,0,0,1,0,108,1,9,0
155917,1,0,1,0,0,0,108,1,9,0
156204,0,0,1,1,0,0,108,1,9,0
156646,0,0,1,1,0,0,108,1,9,0
157396,1,1,1,1,1,0,108,1,9,0
160752,0,1,1,0,1,0,108,1,9,0
161040,0,1,0,1,0,0,108,1,9,0
161871,1,0,0,1,1,0,108,1,9,0
161917,1,1,0,0,0,0,108,1,9,0
162700,0,0,0,0,1,0,108,1,9,0
163462,0,0,0,0,1,0,108,1,9,0
167260,1,0,0,1,1,0,108,1,9,0
168475,1,0,0,1,1,0,108,1,9,0
169529,0,0,1,1,0,0,108,1,9,0
169775,0,1,0,1,0,0,108,1,9,0
169945,0,0,0,0,1,0,108,1,9,0
170324,1,0,1,0,0,0,108,1,9,0
171382,0,1,0,1,0,0,108,1,9,0
171556,1,0,1,0,0,0,108,1,9,0
171692,0,1,1,0,1,0,108,1,9,0
172156,0,0,0,0,1,0,108,1,9,0
172367,1,1,1,1,1,0,108,1,9,0
172519,0,1,0,1,0,0,108,1,9,0
173264,0,0,1,1,0,0,108,1,9,0
173735,0,1,0,1,0,0,108,1,9,0
174106,1,0,0,1,1,0,108,1,9,0
174999,0,1,0,1,0,0,108,1,9,0
175160,1,0,0,1,1,0,108,1,9,0
175380,1,0,0,0,1,1,108,1,9,0
176113,0,0,1,1,0,0,108,1,9,0
176714,0,1,1,0,1,0,108,1,9,0
177045,1,0,0,1,1,0,108,1,9,0
177208,0,1,0,1,0,0,108,1,9,0
177597,0,0,1,0,0,0,108,1,9,0
179258,1,1,1,1,1,0,108,1,9,0
180619,1,1,0,0,0,0,108,1,9,0
181088,1,0,1,0,0,0,108,1,9,0
182510,1,1,1,1,1,0,108,1,9,0
183329,1,0,1,0,0,0,108,1,9,0
183697,1,0,0,1,1,0,108,1,9,0
184248,1,0,1,0,0,0,108,1,9,0
184407,1,0,1,0,0,0,108,1,9,0
185318,1,1,1,1,1,0,108,1,9,0
185706,1,0,0,1,1,0,108,1,9,0
186051,1,0,0,1,1,0,108,1,9,0
186105,0,0,1,1,0,0,108,1,9,0
186168,1,0,0,1,1,0,108,1,9,0
186902,1,1,0,0,0,0,108,1,9,0
187335,1,1,0,0,0,0,108,1,9,0
188083,0,1,0,1,0,0,108,1,9,0
188211,1,1,0,0,0,0,108,1,9,0
188524,1,1,1,1,1,0,108,1,9,0
188789,1,0,0,1,1,0,108,1,9,0
190895,1,0,0,1,1,0,108,1,9,0
191139,0,1,0,1,0,0,108,1,9,0
192147,1,1,1,1,1,0,108,1,9,0
193288,0,0,0,0,1,0,108,1,9,0
193602,0,0,0,0,1,0,108,1,9,0
194275,1,1,0,0,0,0,108,1,9,0
194551,0,1,1,1,1,1,108,1,9,0
194615,0,0,1,1,0,0,108,1,9,0
195195,1,0,0,0,1,1,108,1,9,0
196060,1,1,0,0,0,0,108,1,9,0
196760,1,0,1,0,0,0,141,1,9,0
196888,1,1,1,1,1,0,141,1,9,0
196941,0,0,1,1,0,0,141,1,9,0
196996,1,1,1,1,1,0,141,1,9,0
197079,0,0,1,0,0,0,141,1,9,0
197266,1,1,0,0,0,0,141,1,9,0
197606,0,1,1,0,1,0,141,1,9,0
197952,0,1,1,0,1,0,141,1,9,0
198971,0,1,0,1,0,0,141,1,9,0
199522,0,1,1,0,1,0,141,1,9,0
199723,1,0,1,0,0,0,141,1,9,0
200548,1,1,1,1,1,0,141,1,9,0
201156,1,1,1,1,1,0,141,1,9,0
201169,1,0,1,0,0,0,141,1,9,0
201253,1,1,1,1,1,0,141,1,9,0
201334,1,0,1,0,0,0,141,1,9,0
202020,1,0,1,0,0,0,141,1,9,0
203009,0,1,1,0,1,0,141,1,9,0
203028,0,1,0,1,0,0,141,1,9,0
203105,1,1,1,1,1,0,141,1,9,0
203795,0,1,1,0,1,0,141,1,9,0
204086,1,0,1,0,0,0,141,1,9,0
205005,1,0,1,0,0,0,141,1,9,0
205096,1,0,0,1,1,0,141,1,9,0
205421,1,0,0,1,1,0,141,1,9,0
207181,0,0,0,0,1,0,141,1,9,0
207372,0,0,1,1,0,0,141,1,9,0
207400,0,1,0,1,0,0,141,1,9,0
207805,0,1,0,0,0,0,141,1,9,0
209291,0,1,0,1,0,0,141,1,9,0
210084,0,1,0,1,0,0,141,1,9,0
210313,0,1,1,0,1,0,141,1,9,0
211014,1,0,1,0,0,0,141,1,9,0
211690,0,0,1,1,0,0,141,1,9,0
211755,0,0,0,0,1,0,141,1,9,0
212144,1,0,1,0,0,0,141,1,9,0
212281,1,0,0,1,1,0,141,1,9,0
212865,1,1,0,0,0,0,141,1,9,0
214288,1,0,0,1,1,0,141,1,9,0
214793,0,1,0,1,0,0,141,1,9,0
214815,0,0,1,1,0,0,141,1,9,0
214823,0,1,0,1,0,0,141,1,9,0
215085,1,1,1,1,1,0,141,1,9,0
215267,0,0,1,1,0,0,141,1,9,0
218284,1,0,0,1,1,0,141,1,9,0
218838,1,1,1,1,1,0,141,1,9,0
219316,0,1,1,0,1,0,141,1,9,0
219456,1,0,0,1,1,0,141,1,9,0
220253,1,1,1,1,1,0,141,1,9,0
220532,1,0,0,1,1,0,141,1,9,0
221221,1,0,1,0,0,0,141,1,9,0
221334,1,1,0,0,0,0,141,1,9,0
221475,0,0,1,1,0,0,141,1,9,0
222378,1,1,1,1,1,0,141,1,9,0
222533,1,0,1,0,0,0,141,1,9,0
222722,1,1,0,0,0,0,141,1,9,0
222906,1,1,0,0,0,0,141,1,9,0
223132,0,0,1,1,0,0,141,1,9,0
223624,0,1,0,1,0,0,141,1,9,0
224603,0,0,0,1,1,1,141,1,9,0
224794,0,0,1,1,0,0,141,1,9,0
224939,0,1,0,1,0,0,141,1,9,0
225359,1,1,0,0,0,0,141,1,9,0
225616,1,0,1,0,0,0,141,1,9,0
226909,0,1,1,0,1,0,141,1,9,0
226964,1,1,0,0,0,0,141,1,9,0
227654,1,0,0,1,1,0,141,1,9,0
228831,0,1,0,1,0,0,141,1,9,0
229483,1,0,0,1,1,0,141,1,9,0
229515,1,0,0,1,1,0,141,1,9,0
231370,0,0,0,0,1,0,141,1,9,0
231591,0,1,1,0,1,0,141,1,9,0
231787,1,0,0,1,1,0,141,1,9,0
231911,0,0,0,0,1,0,141,1,9,0
231981,0,0,1,1,0,0,141,1,9,0
232131,0,1,1,0,1,0,141,1,9,0
232701,1,0,0,1,1,0,141,1,9,0
232785,1,0,0,1,1,0,141,1,9,0
233630,1,0,0,1,1,0,141,1,9,0
234461,1,1,1,1,1,0,141,1,9,0
235529,1,0,0,1,1,0,141,1,9,0
236348,0,1,0,1,0,0,141,1,9,0
236755,0,1,1,0,1,0,141,1,9,0
237431,1,1,1,1,1,0,141,1,9,0
238384,0,1,0,1,0,0,141,1,9,0
239967,1,1,1,1,1,0,141,1,9,0
241012,0,1,0,1,0,0,141,1,9,0
241578,0,1,0,1,0,0,141,1,9,0
241627,1,1,1,1,1,0,141,1,9,0
241704,0,0,0,0,1,0,141,1,9,0
241896,1,0,1,0,0,0,141,1,9,0
242613,0,0,1,1,0,0,141,1,9,0
242814,1,0,1,0,0,0,141,1,9,0
242849,1,0,0,1,1,0,141,1,9,0
243329,0,1,1,0,1,0,141,1,9,0
244020,0,0,0,0,1,0,141,1,9,0
244462,0,1,0,1,0,0,141,1,9,0
244765,0,1,0,1,0,0,141,1,9,0
245331,1,1,0,0,0,0,141,1,9,0
245477,0,1,1,0,1,0,141,1,9,0
245902,1,0,1,0,0,0,141,1,9,0
245919,1,0,1,1,0,0,141,1,9,0
247281,1,0,0,1,1,0,141,1,9,0
247894,0,1,1,0,1,0,141,1,9,0
248288,0,0,0,0,1,0,141,1,9,0
248943,0,0,1,1,0,0,141,1,9,0
249798,0,0,1,1,0,0,141,1,9,0
250728,0,0,0,0,1,0,141,1,9,0
251909,1,0,1,0,0,0,141,1,9,0
251932,1,0,1,0,0,0,141,1,9,0
252879,1,0,1,0,0,0,141,1,9,0
252987,0,1,1,0,1,0,141,1,9,0
255052,0,1,0,1,0,0,141,1,9,0
255160,0,0,0,0,1,0,141,1,9,0
255739,0,0,1,1,0,0,141,1,9,0
256608,1,1,1,0,1,1,141,1,9,0
258139,0,1,1,1,1,1,141,1,9,0
258362,0,0,1,1,0,0,141,1,9,0
258526,0,0,0,0,1,0,141,1,9,0
259099,1,0,1,0,0,0,141,1,9,0
259561,0,0,1,1,0,0,141,1,9,0
259856,1,1,0,0,0,0,141,1,9,0
260248,1,1,1,1,1,0,141,1,9,0
260407,1,0,0,1,1,0,141,1,9,0
261068,1,1,0,0,0,0,141,1,9,0
261218,0,0,1,1,0,0,141,1,9,0
262128,1,1,0,0,0,0,141,1,9,0
262130,1,1,0,0,0,0,141,1,9,0
262326,0,1,0,1,0,0,191,1,9,0
262514,0,0,0,0,1,0,191,1,9,0
262867,0,1,1,0,1,0,191,1,9,0
263182,0,1,0,1,0,0,191,1,9,0
263319,1,1,1,1,1,0,191,1,9,0
264772,0,1,0,1,0,0,191,1,9,0
265418,0,1,1,0,1,0,191,1,9,0
265550,1,0,0,1,1,0,191,1,9,0
265626,0,0,0,0,1,0,191,1,9,0
268176,0,1,0,1,0,0,191,1,9,0
268239,0,0,1,1,0,0,191,1,9,0
270262,0,1,0,1,0,0,191,1,9,0
270300,0,0,1,1,0,0,191,1,9,0
270440,1,0,1,0,0,0,191,1,9,0
270623,0,1,0,1,0,0,191,1,9,0
271118,1,1,0,1,0,0,191,1,9,0
271663,0,0,0,0,1,0,191,1,9,0
271751,0,0,0,0,1,0,191,1,9,0
271828,1,0,1,0,0,0,191,1,9,0
272731,0,0,1,1,0,0,191,1,9,0
273674,0,1,1,0,1,0,191,1,9,0
273983,1,0,0,1,1,0,191,1,9,0
274136,0,1,1,0,1,0,191,1,9,0
274207,1,0,1,0,0,0,191,1,9,0
274604,0,0,0,0,1,0,191,1,9,0
275744,1,1,1,1,1,0,191,1,9,0
276362,0,1,0,1,0,0,191,1,9,0
276371,0,0,1,1,0,0,191,1,9,0
277142,0,1,1,0,1,0,191,1,9,0
278160,1,0,1,0,0,0,191,1,9,0
278916,0,0,0,0,1,0,191,1,9,0
278989,0,1,0,1,0,0,191,1,9,0
279772,0,1,1,0,1,0,191,1,9,0
280200,1,0,0,0,1,1,191,1,9,0
281501,0,0,1,1,0,0,191,1,9,0
281620,1,0,0,1,1,0,191,1,9,0
282260,0,0,1,1,0,0,191,1,9,0
282457,1,0,1,0,0,0,191,1,9,0
282626,1,0,0,1,1,0,191,1,9,0
282869,0,1,1,0,1,0,191,1,9,0
283375,1,1,1,1,1,0,191,1,9,0
283857,1,0,1,1,0,0,191,1,9,0
284226,0,1,1,0,1,0,191,1,9,0
285042,0,0,0,0,1,0,191,1,9,0
286236,0,1,1,0,1,0,191,1,9,0
286793,0,1,1,0,1,0,191,1,9,0
286824,1,1,0,0,0,0,191,1,9,0
287185,0,0,0,0,1,0,191,1,9,0
288437,0,1,0,1,0,0,191,1,9,0
289588,0,0,0,0,1,0,191,1,9,0
289700,0,0,0,0,1,0,191,1,9,0
289939,1,1,1,1,1,0,191,1,9,0
290679,0,0,0,0,1,0,191,1,9,0
290842,1,1,1,1,1,0,191,1,9,0
290968,1,1,1,1,1,0,191,1,9,0
291321,1,1,0,0,0,0,191,1,9,0
291585,1,1,1,1,1,0,191,1,9,0
292367,1,1,1,1,1,0,191,1,9,0
292798,0,0,0,0,1,0,191,1,9,0
293077,1,0,1,0,0,0,191,1,9,0
293199,1,0,0,1,1,0,191,1,9,0
294363,1,1,1,0,1,1,191,1,9,0
295043,0,0,0,0,1,0,191,1,9,0
295085,0,1,1,0,1,0,191,1,9,0
295316,0,0,1,1,0,0,191,1,9,0
295935,0,0,1,1,0,0,191,1,9,0
296523,0,0,1,1,0,0,191,1,9,0
297101,0,0,1,1,0,0,191,1,9,0
297468,0,0,0,0,1,0,191,1,9,0
297701,1,1,0,0,0,0,191,1,9,0
298609,0,1,1,0,1,0,191,1,9,0
298957,0,0,0,0,1,0,191,1,9,0
300472,0,1,0,1,0,0,191,1,9,0
300916,0,1,0,1,0,0,191,1,9,0
301046,0,1,1,0,1,0,191,1,9,0
302072,0,1,0,1,0,0,191,1,9,0
302267,1,0,0,1,1,0,191,1,9,0
302782,0,0,1,1,0,0,191,1,9,0
302857,0,0,0,0,1,0,191,1,9,0
304339,1,0,0,1,1,0,191,1,9,0
304517,0,0,1,1,0,0,191,1,9,0
304533,0,0,0,0,1,0,191,1,9,0
304717,1,0,0,1,1,0,191,1,9,0
304765,0,1,1,0,1,0,191,1,9,0
304893,1,0,0,1,1,0,191,1,9,0
305117,1,0,1,0,0,0,191,1,9,0
305382,1,1,0,0,0,0,191,1,9,0
305848,0,1,1,0,1,0,191,1,9,0
305978,0,1,0,1,0,0,191,1,9,0
305997,0,1,1,0,1,0,191,1,9,0
306766,1,1,0,0,0,0,191,1,9,0
306825,1,1,1,1,1,0,191,1,9,0
306837,1,1,0,0,0,0,191,1,9,0
307083,1,0,0,1,1,0,191,1,9,0
307183,1,1,1,1,1,0,191,1,9,0
307727,1,1,1,1,1,0,191,1,9,0
307731,0,0,0,0,1,0,191,1,9,0
307828,0,0,0,0,1,0,191,1,9,0
309039,0,0,0,0,1,0,191,1,9,0
309405,0,1,0,1,0,0,191,1,9,0
309916,0,0,0,0,1,0,191,1,9,0
310389,0,1,1,0,1,0,191,1,9,0
311434,1,1,0,0,0,0,191,1,9,0
311735,1,0,1,0,0,0,191,1,9,0
312415,1,0,1,0,0,0,191,1,9,0
312425,0,1,1,0,1,0,191,1,9,0
312875,1,1,1,1,1,0,191,1,9,0
313845,0,0,0,0,1,0,191,1,9,0
314622,1,1,0,0,0,0,191,1,9,0
314776,0,1,0,1,0,0,191,1,9,0
314824,0,0,1,1,0,0,191,1,9,0
315183,0,1,0,1,0,0,191,1,9,0
315747,1,0,0,1,1,0,191,1,9,0
316004,0,1,0,1,0,0,191,1,9,0
316028,1,0,0,1,1,0,191,1,9,0
316036,1,0,0,1,1,0,191,1,9,0
316534,1,0,0,1,1,0,191,1,9,0
316537,1,1,0,0,0,0,191,1,9,0
316586,0,0,1,1,0,0,191,1,9,0
317450,1,1,1,1,1,0,191,1,9,0
317550,1,1,0,0,0,0,191,1,9,0
317829,0,0,1,1,0,0,191,1,9,0
318348,1,0,1,0,0,0,191,1,9,0
318866,0,0,1,1,0,0,191,1,9,0
319097,1,0,0,1,1,0,191,1,9,0
319145,0,0,1,1,0,0,191,1,9,0
319721,0,0,1,1,0,0,191,1,9,0
320964,1,1,1,1,1,0,191,1,9,0
321455,1,1,0,0,0,0,191,1,9,0
321737,0,1,1,0,1,0,191,1,9,0
322056,1,1,1,1,1,0,191,1,9,0
322530,1,1,0,0,0,0,191,1,9,0
322717,0,0,0,0,1,0,191,1,9,0
323763,0,1,0,1,0,0,191,1,9,0
323847,1,1,1,1,1,0,191,1,9,0
323913,1,0,1,0,0,0,191,1,9,0
324099,0,0,1,1,0,0,191,1,9,0
324297,0,1,1,0,1,0,191,1,9,0
325192,0,0,0,0,1,0,191,1,9,0
326404,0,1,0,1,0,0,191,1,9,0
326535,1,1,0,0,0,0,191,1,9,0
327084,0,1,0,1,0,0,191,1,9,0
327270,1,1,1,1,1,0,191,1,9,0
327425,1,1,1,1,1,0,191,1,9,0
327980,0,0,1,1,0,0,149,1,9,0
328916,0,0,1,1,0,0,149,1,9,0
329579,1,1,1,1,1,0,149,1,9,0
329981,0,0,1,1,0,0,149,1,9,0
330398,1,1,1,1,1,0,149,1,9,0
330680,0,0,0,0,1,0,149,1,9,0
330835,1,1,0,0,0,0,149,1,9,0
331434,0,1,0,1,0,0,149,1,9,0
332871,0,1,1,0,1,0,149,1,9,0
332909,1,1,1,1,1,0,149,1,9,0
333214,1,1,0,0,0,0,149,1,9,0
333766,1,1,1,1,1,0,149,1,9,0
333959,0,0,0,0,1,0,149,1,9,0
334582,1,0,1,0,0,0,149,1,9,0
334834,1,0,0,1,1,0,149,1,9,0
334996,0,0,1,1,0,0,149,1,9,0
335519,0,0,0,1,1,1,149,1,9,0
335861,0,1,0,1,0,0,149,1,9,0
338034,1,0,1,0,0,0,149,1,9,0
338400,1,0,1,0,0,0,149,1,9,0
339038,1,1,1,1,1,0,149,1,9,0
339309,0,0,1,0,0,0,149,1,9,0
339357,1,0,0,1,1,0,149,1,9,0
340080,1,0,1,0,0,0,149,1,9,0
340332,1,1,1,1,1,0,149,1,9,0
340502,0,0,1,1,0,0,149,1,9,0
340505,1,1,1,1,1,0,149,1,9,0
341162,0,1,1,0,1,0,149,1,9,0
341496,1,0,0,1,1,0,149,1,9,0
341588,1,0,1,0,0,0,149,1,9,0
342146,0,0,1,1,0,0,149,1,9,0
342555,1,1,0,0,0,0,149,1,9,0
343230,1,0,1,0,0,0,149,1,9,0
343523,0,0,0,0,1,0,149,1,9,0
343664,1,1,1,1,1,0,149,1,9,0
343942,0,1,1,0,1,0,149,1,9,0
344505,0,1,0,1,0,0,149,1,9,0
344679,1,0,1,0,0,0,149,1,9,0
344998,1,1,0,0,0,0,149,1,9,0
345330,1,0,1,0,0,0,149,1,9,0
348009,0,0,0,0,1,0,149,1,9,0
348571,1,0,0,1,1,0,149,1,9,0
349382,0,1,0,1,0,0,149,1,9,0
349807,0,1,1,0,1,0,149,1,9,0
350690,1,0,0,1,1,0,149,1,9,0
350872,1,1,1,1,1,0,149,1,9,0
351398,1,0,0,1,1,0,149,1,9,0
352050,0,0,0,1,1,1,149,1,9,0
352820,1,1,0,0,0,0,149,1,9,0
352881,0,1,1,0,1,0,149,1,9,0
353354,0,0,1,1,0,0,149,1,9,0
353600,1,0,1,0,0,0,149,1,9,0
353883,0,1,0,1,0,0,149,1,9,0
354668,1,1,0,0,0,0,149,1,9,0
354799,0,0,0,0,1,0,149,1,9,0
356007,0,1,0,1,0,0,149,1,9,0
356600,1,1,1,1,1,0,149,1,9,0
360372,1,1,1,1,1,0,149,1,9,0
360958,1,1,1,1,1,0,149,1,9,0
363414,0,1,0,1,0,0,149,1,9,0
364107,0,0,0,0,1,0,149,1,9,0
364628,1,1,0,0,0,0,149,1,9,0
365538,1,0,0,0,1,1,149,1,9,0
365689,1,1,1,1,1,0,149,1,9,0
365893,0,1,1,0,1,0,149,1,9,0
367306,0,1,0,1,0,0,149,1,9,0
368550,0,1,0,1,0,0,149,1,9,0
368652,0,0,0,0,1,0,149,1,9,0
370593,1,1,0,0,0,0,149,1,9,0
371251,0,0,0,0,1,0,149,1,9,0
371612,1,1,0,0,0,0,149,1,9,0
371752,1,0,1,0,0,0,149,1,9,0
372027,0,1,0,1,0,0,149,1,9,0
373266,0,1,0,1,0,0,149,1,9,0
374376,1,1,1,1,1,0,149,1,9,0
375006,1,1,0,0,0,0,149,1,9,0
375280,1,1,1,1,1,0,149,1,9,0
375970,1,1,0,0,0,0,149,1,9,0
376434,1,1,1,1,1,0,149,1,9,0
376828,1,1,0,0,0,0,149,1,9,0
376839,1,0,1,0,0,0,149,1,9,0
377486,1,1,0,0,0,0,149,1,9,0
377598,1,0,1,0,0,0,149,1,9,0
378030,1,1,0,0,0,0,149,1,9,0
378206,0,0,1,1,0,0,149,1,9,0
378737,1,1,0,0,0,0,149,1,9,0
379015,0,1,1,0,1,0,149,1,9,0
379263,0,1,0,1,0,0,149,1,9,0
379331,0,0,1,0,0,0,149,1,9,0
380202,0,1,0,1,0,0,149,1,9,0
380207,0,1,1,0,1,0,149,1,9,0
380715,0,0,1,1,0,0,149,1,9,0
381681,0,0,0,0,1,0,149,1,9,0
381878,1,1,0,0,0,0,149,1,9,0
382018,0,0,1,1,0,0,149,1,9,0
382563,1,0,0,1,1,0,149,1,9,0
382873,0,1,0,1,0,0,149,1,9,0
383278,0,1,1,0,1,0,149,1,9,0
383297,1,0,1,0,0,0,149,1,9,0
384109,0,0,1,1,0,0,149,1,9,0
384226,0,0,0,0,1,0,149,1,9,0
386494,1,1,0,0,0,0,149,1,9,0
386760,0,1,1,0,1,0,149,1,9,0
387718,1,0,0,1,1,0,149,1,9,0
388136,0,1,1,0,1,0,149,1,9,0
388140,0,0,0,0,1,0,149,1,9,0
388333,0,0,1,0,0,0,149,1,9,0
388429,1,0,0,1,1,0,149,1,9,0
388579,1,0,0,1,1,0,149,1,9,0
391229,1,1,1,1,1,0,149,1,9,0
391318,1,1,1,1,1,0,149,1,9,0
391341,0,0,0,0,1,0,149,1,9,0
394016,0,0,0,0,1,0,131,1,9,0
394383,1,1,0,0,0,0,131,1,9,0
396172,1,1,0,0,0,0,131,1,9,0
396381,1,0,1,0,0,0,131,1,9,0
396994,0,0,0,0,1,0,131,1,9,0
397296,1,1,1,1,1,0,131,1,9,0
398057,1,0,1,0,0,0,131,1,9,0
398171,1,1,0,0,0,0,131,1,9,0
398612,1,1,0,0,0,0,131,1,9,0
398813,1,1,0,0,0,0,131,1,9,0
398950,0,1,0,1,0,0,131,1,9,0
399631,1,0,0,1,1,0,131,1,9,0
401020,0,1,1,0,1,0,131,1,9,0
401822,1,1,0,0,0,0,131,1,9,0
401938,1,1,0,0,0,0,131,1,9,0
402207,0,1,0,1,0,0,131,1,9,0
402365,1,0,1,0,0,0,131,1,9,0
403218,0,0,0,0,1,0,131,1,9,0
404781,1,0,0,1,1,0,131,1,9,0
405040,0,1,0,1,0,0,131,1,9,0
405131,1,1,1,1,1,0,131,1,9,0
405409,0,0,0,0,1,0,131,1,9,0
405523,1,1,1,1,1,0,131,1,9,0
405565,1,1,1,1,1,0,131,1,9,0
406098,0,1,1,0,1,0,131,1,9,0
406841,1,1,1,1,1,0,131,1,9,0
407047,1,1,1,1,1,0,131,1,9,0
408181,0,0,1,1,0,0,131,1,9,0
409359,0,1,1,0,1,0,131,1,9,0
409441,0,1,1,0,1,0,131,1,9,0
410244,0,0,0,0,1,0,131,1,9,0
410601,0,0,0,0,1,0,131,1,9,0
411063,0,1,1,0,1,0,131,1,9,0
412111,1,1,0,0,0,0,131,1,9,0
412475,0,1,0,1,0,0,131,1,9,0
413249,0,1,0,1,0,0,131,1,9,0
413297,0,0,0,0,1,0,131,1,9,0
413303,0,0,1,1,0,0,131,1,9,0
413623,1,1,1,1,1,0,131,1,9,0
414890,0,1,1,0,1,0,131,1,9,0
415033,1,0,1,0,0,0,131,1,9,0
415595,1,1,0,0,0,0,131,1,9,0
415702,1,0,0,1,1,0,131,1,9,0
416281,0,1,1,0,1,0,131,1,9,0
416436,1,0,1,0,0,0,131,1,9,0
416600,1,0,1,0,0,0,131,1,9,0
416722,0,0,0,0,1,0,131,1,9,0
417581,1,0,1,0,0,0,131,1,9,0
417729,1,1,0,0,0,0,131,1,9,0
417856,0,0,1,1,0,0,131,1,9,0
419151,1,0,0,1,1,0,131,1,9,0
420492,1,0,1,0,0,0,131,1,9,0
421886,0,1,1,0,1,0,131,1,9,0
422099,1,0,1,1,0,0,131,1,9,0
422262,0,0,1,1,0,0,131,1,9,0
423461,0,0,1,1,0,0,131,1,9,0
423978,1,0,0,1,1,0,131,1,9,0
424061,0,0,1,1,0,0,131,1,9,0
424509,1,1,1,1,1,0,131,1,9,0
426831,0,0,0,0,1,0,131,1,9,0
429803,0,1,0,0,0,0,131,1,9,0
430180,0,1,0,1,0,0,131,1,9,0
431625,1,1,0,0,0,0,131,1,9,0
431838,0,1,1,0,1,0,131,1,9,0
432039,1,1,0,0,0,0,131,1,9,0
432403,1,1,0,0,0,0,131,1,9,0
433059,0,1,1,0,1,0,131,1,9,0
433465,0,0,0,0,1,0,131,1,9,0
434706,1,1,0,0,0,0,131,1,9,0
434764,1,1,1,1,1,0,131,1,9,0
435622,1,0,1,0,0,0,131,1,9,0
436671,1,1,1,1,1,0,131,1,9,0
440880,0,0,0,0,1,0,131,1,9,0
441106,1,0,0,0,1,1,131,1,9,0
441305,0,1,1,0,1,0,131,1,9,0
442383,0,1,1,0,1,0,131,1,9,0
444199,0,0,1,1,0,0,131,1,9,0
445035,1,0,0,1,1,0,131,1,9,0
445125,1,1,1,1,1,0,131,1,9,0
445697,1,0,0,1,1,0,131,1,9,0
446139,1,0,1,0,0,0,131,1,9,0
447628,0,0,0,0,1,0,131,1,9,0
448521,0,1,0,1,0,0,131,1,9,0
448550,1,1,0,0,0,0,131,1,9,0
449274,0,1,1,0,1,0,131,1,9,0
449544,0,0,0,0,1,0,131,1,9,0
449739,0,0,0,0,1,0,131,1,9,0
450861,0,0,1,1,0,0,131,1,9,0
451213,0,1,1,0,1,0,131,1,9,0
451499,0,0,0,0,1,0,131,1,9,0
452792,0,1,0,1,0,0,131,1,9,0
452840,1,0,0,1,1,0,131,1,9,0
453379,1,0,1,1,0,0,131,1,9,0
453396,0,1,1,0,1,0,131,1,9,0
453905,1,1,1,1,1,0,131,1,9,0
454670,0,1,0,1,0,0,131,1,9,0
455800,0,1,0,1,0,0,131,1,9,0
457785,1,1,1,1,1,0,131,1,9,0
457815,0,0,1,1,0,0,131,1,9,0
458311,0,1,1,0,1,0,131,1,9,0
458448,1,1,1,1,1,0,131,1,9,0
458671,0,1,0,1,0,0,131,1,9,0
458846,0,1,1,0,1,0,128,1,9,0
459777,1,1,1,1,1,0,128,1,9,0
460741,1,1,1,1,1,0,128,1,9,0
461182,1,0,1,0,0,0,128,1,9,0
461456,1,1,0,0,0,0,128,1,9,0
461711,1,1,1,1,1,0,128,1,9,0
462103,0,0,1,1,0,0,128,1,9,0
462450,0,0,0,0,1,0,128,1,9,0
463231,0,0,0,0,1,0,128,1,9,0
463714,0,1,0,1,0,0,128,1,9,0
463918,1,0,1,0,0,0,128,1,9,0
465168,0,1,1,0,1,0,128,1,9,0
465236,0,0,1,1,0,0,128,1,9,0
465379,1,0,1,0,0,0,128,1,9,0
465598,1,0,1,0,0,0,128,1,9,0
466029,1,0,1,0,0,0,128,1,9,0
466628,1,1,1,1,1,0,128,1,9,0
467378,0,1,1,0,1,0,128,1,9,0
468219,1,1,0,0,0,0,128,1,9,0
468234,1,1,0,0,0,0,128,1,9,0
469891,0,0,0,1,1,1,128,1,9,0
470274,1,0,1,0,0,0,128,1,9,0
471245,0,0,0,0,1,0,128,1,9,0
471950,0,1,0,1,0,0,128,1,9,0
473512,1,0,1,0,0,0,128,1,9,0
473794,0,0,1,1,0,0,128,1,9,0
474003,0,0,0,0,1,0,128,1,9,0
474339,1,1,1,1,1,0,128,1,9,0
474414,0,1,0,1,0,0,128,1,9,0
474985,0,1,0,1,0,0,128,1,9,0
475161,0,0,1,1,0,0,128,1,9,0
475669,1,0,0,1,1,0,128,1,9,0
476900,1,1,0,0,0,0,128,1,9,0
477322,1,0,1,0,0,0,128,1,9,0
477443,0,0,0,0,1,0,128,1,9,0
477447,0,1,0,1,0,0,128,1,9,0
477536,1,0,1,0,0,0,128,1,9,0
479016,0,0,0,0,1,0,128,1,9,0
479057,1,1,1,1,1,0,128,1,9,0
479339,0,1,0,1,0,0,128,1,9,0
479895,1,0,0,1,1,0,128,1,9,0
480268,1,0,1,0,0,0,128,1,9,0
480561,0,0,1,1,0,0,128,1,9,0
481118,1,1,0,0,0,0,128,1,9,0
481331,0,0,1,1,0,0,128,1,9,0
481857,0,0,0,0,1,0,128,1,9,0
482569,1,1,1,1,1,0,128,1,9,0
483283,1,0,1,0,0,0,128,1,9,0
484330,1,0,1,1,0,0,128,1,9,0
485342,1,1,0,0,0,0,128,1,9,0
485911,1,1,0,0,0,0,128,1,9,0
486116,1,1,0,0,0,0,128,1,9,0
487244,0,1,0,1,0,0,128,1,9,0
488692,0,0,0,0,1,0,128,1,9,0
489053,1,0,0,1,1,0,128,1,9,0
489173,1,0,1,0,0,0,128,1,9,0
489419,0,1,1,0,1,0,128,1,9,0
489544,1,1,0,0,0,0,128,1,9,0
489566,0,0,1,1,0,0,128,1,9,0
489760,1,1,0,0,0,0,128,1,9,0
489892,1,1,1,1,1,0,128,1,9,0
489963,0,1,1,0,1,0,128,1,9,0
490047,0,0,1,1,0,0,128,1,9,0
490279,0,1,1,0,1,0,128,1,9,0
490402,0,0,0,0,1,0,128,1,9,0
490469,1,0,0,0,1,1,128,1,9,0
491340,1,0,1,0,0,0,128,1,9,0
491588,0,1,0,1,0,0,128,1,9,0
493122,1,1,0,0,0,0,128,1,9,0
495672,0,1,0,1,0,0,128,1,9,0
496646,1,1,0,0,0,0,128,1,9,0
496650,0,1,0,1,0,0,128,1,9,0
496928,0,0,1,1,0,0,128,1,9,0
497160,0,1,1,1,1,1,128,1,9,0
497586,1,0,0,0,1,1,128,1,9,0
498712,1,1,0,0,0,0,128,1,9,0
500565,1,0,1,0,0,0,128,1,9,0
501638,0,1,0,1,0,0,128,1,9,0
502436,1,0,0,1,1,0,128,1,9,0
502814,0,1,1,0,1,0,128,1,9,0
502991,1,0,1,0,0,0,128,1,9,0
504694,0,0,0,0,1,0,128,1,9,0
505791,1,1,1,1,1,0,128,1,9,0
505835,0,0,1,1,0,0,128,1,9,0
506782,1,1,1,1,1,0,128,1,9,0
506902,0,0,1,1,0,0,128,1,9,0
507022,1,0,0,1,1,0,128,1,9,0
507548,1,1,1,1,1,0,128,1,9,0
508320,1,1,0,0,0,0,128,1,9,0
508818,0,0,0,0,1,0,128,1,9,0
509413,0,0,1,1,0,0,128,1,9,0
509499,0,1,0,1,0,0,128,1,9,0
509678,1,1,1,1,1,0,128,1,9,0
509730,0,0,0,0,1,0,128,1,9,0
509733,0,1,0,1,0,0,128,1,9,0
509760,1,0,1,0,0,0,128,1,9,0
509903,0,0,0,0,1,0,128,1,9,0
510034,0,1,1,0,1,0,128,1,9,0
510208,1,0,1,0,0,0,128,1,9,0
511191,0,1,0,1,0,0,128,1,9,0
511244,0,0,0,0,1,0,128,1,9,0
511306,0,1,1,0,1,0,128,1,9,0
511937,0,0,0,1,1,1,128,1,9,0
512962,0,0,0,0,1,0,128,1,9,0
513978,1,1,0,0,0,0,128,1,9,0
514120,0,0,1,1,0,0,128,1,9,0
514363,1,1,0,0,0,0,128,1,9,0
514848,1,0,1,0,0,0,128,1,9,0
516111,0,1,1,0,1,0,128,1,9,0
516540,1,1,1,1,1,0,128,1,9,0
516681,1,1,0,0,0,0,128,1,9,0
516708,0,0,1,1,0,0,128,1,9,0
518311,1,1,1,1,1,0,128,1,9,0
519036,0,1,0,1,0,0,128,1,9,0
519252,0,1,0,1,0,0,128,1,9,0
520382,0,1,1,0,1,0,128,1,9,0
520511,1,0,1,0,0,0,128,1,9,0
520688,0,0,1,0,0,0,128,1,9,0
521075,0,1,0,1,0,0,128,1,9,0
523345,1,0,1,0,0,0,128,1,9,0
524306,1,1,0,0,0,0,158,2,9,1
524374,1,1,0,0,0,0,158,2,9,1
524618,0,0,0,0,1,0,158,2,9,1
525445,1,0,0,1,1,0,158,2,9,1
526138,0,1,0,1,0,0,158,2,9,1
526705,1,0,0,0,1,1,158,2,9,1
527078,0,0,1,1,0,0,158,2,9,1
527196,1,1,0,0,0,0,158,2,9,1
527427,1,1,0,0,0,0,158,2,9,1
527595,0,1,1,0,1,0,158,2,9,1
528185,1,1,0,0,0,0,158,2,9,1
528432,0,0,1,1,0,0,158,2,9,1
528734,1,1,1,1,1,0,158,2,9,1
528977,0,0,0,0,1,0,158,2,9,1
529308,1,0,1,0,0,0,158,2,9,1
529752,1,1,1,1,1,0,158,2,9,1
530805,1,0,0,1,1,0,158,2,9,1
530998,0,1,1,0,1,0,158,2,9,1
531139,1,1,1,1,1,0,158,2,9,1
531456,0,1,0,1,0,0,158,2,9,1
531747,1,0,0,1,1,0,158,2,9,1
532040,0,1,0,1,0,0,158,2,9,1
532347,1,1,0,0,0,0,158,2,9,1
533387,0,1,1,0,1,0,158,2,9,1
533585,1,1,1,1,1,0,158,2,9,1
533698,0,0,0,0,1,0,158,2,9,1
533956,0,0,0,0,1,0,158,2,9,1
534169,1,0,1,0,0,0,158,2,9,1
534241,1,1,0,0,0,0,158,2,9,1
535219,1,0,1,0,0,0,158,2,9,1
535726,0,0,1,1,0,0,158,2,9,1
535964,1,0,1,0,0,0,158,2,9,1
536016,0,1,0,1,0,0,158,2,9,1
536615,1,1,1,1,1,0,158,2,9,1
536641,1,0,1,0,0,0,158,2,9,1
536845,0,1,0,1,0,0,158,2,9,1
536879,1,0,0,1,1,0,158,2,9,1
537537,1,1,0,0,0,0,158,2,9,1
537607,0,0,0,0,1,0,158,2,9,1
537634,0,0,1,1,0,0,158,2,9,1
538307,1,0,0,1,1,0,158,2,9,1
538465,0,1,1,0,1,0,158,2,9,1
538793,0,0,0,0,1,0,158,2,9,1
539301,0,1,0,1,0,0,158,2,9,1
539768,0,0,1,1,0,0,158,2,9,1
540368,0,1,0,1,0,0,158,2,9,1
540429,0,0,0,0,1,0,158,2,9,1
540630,0,1,1,0,1,0,158,2,9,1
540770,0,0,1,1,0,0,158,2,9,1
540821,0,1,1,0,1,0,158,2,9,1
541147,0,0,0,0,1,0,158,2,9,1
541228,1,0,1,0,0,0,158,2,9,1
541649,1,1,1,1,1,0,158,2,9,1
542150,1,0,0,1,1,0,158,2,9,1
542455,1,1,1,1,1,0,158,2,9,1
542694,1,1,1,1,1,0,158,2,9,1
542870,1,1,1,1,1,0,158,2,9,1
543020,0,1,0,1,0,0,158,2,9,1
543269,0,1,1,0,1,0,158,2,9,1
543604,1,0,1,0,0,0,158,2,9,1
544000,1,0,0,1,1,0,158,2,9,1
544191,0,1,1,0,1,0,158,2,9,1
544394,0,0,1,1,0,0,158,2,9,1
544432,1,0,0,1,1,0,158,2,9,1
544515,1,0,0,1,1,0,158,2,9,1
545136,0,1,1,0,1,0,158,2,9,1
545744,1,0,1,0,0,0,158,2,9,1
545818,0,1,0,1,0,0,158,2,9,1
545938,0,1,1,0,1,0,158,2,9,1
545940,1,0,0,1,1,0,158,2,9,1
546533,1,1,0,0,0,0,158,2,9,1
547062,1,0,0,0,1,1,158,2,9,1
547183,1,0,1,0,0,0,158,2,9,1
547237,1,0,0,1,1,0,158,2,9,1
547292,1,1,1,1,1,0,158,2,9,1
547987,0,1,1,0,1,0,158,2,9,1
548017,1,0,1,0,0,0,158,2,9,1
548706,0,1,1,0,1,0,158,2,9,1
549275,0,0,1,1,0,0,158,2,9,1
549437,0,0,0,0,1,0,158,2,9,1
549499,1,1,1,1,1,0,158,2,9,1
549641,0,1,1,0,1,0,158,2,9,1
549971,1,1,1,1,1,0,158,2,9,1
549977,1,0,0,1,1,0,158,2,9,1
550457,1,0,0,1,1,0,158,2,9,1
550839,0,1,0,1,0,0,158,2,9,1
551120,1,0,1,0,0,0,158,2,9,1
551229,1,1,0,0,0,0,158,2,9,1
551490,1,0,0,1,1,0,158,2,9,1
551776,0,0,1,1,0,0,158,2,9,1
552285,0,1,0,1,0,0,158,2,9,1
552736,1,1,0,0,0,0,158,2,9,1
552792,0,1,0,1,0,0,158,2,9,1
552899,0,1,0,1,0,0,158,2,9,1
552950,0,1,0,1,0,0,158,2,9,1
553011,0,0,1,1,0,0,158,2,9,1
553673,1,1,1,1,1,0,158,2,9,1
553696,1,0,0,1,1,0,158,2,9,1
554243,1,0,1,0,0,0,158,2,9,1
554365,1,0,1,0,0,0,158,2,9,1
554409,1,1,1,1,1,0,158,2,9,1
555035,0,0,0,0,1,0,158,2,9,1
555248,0,1,1,0,1,0,158,2,9,1
556522,0,1,0,1,0,0,158,2,9,1
557015,0,0,0,0,1,0,158,2,9,1
557607,0,0,0,0,1,0,158,2,9,1
557941,1,1,0,0,0,0,158,2,9,1
558618,1,0,0,1,1,0,158,2,9,1
558702,0,1,1,0,1,0,158,2,9,1
558932,1,1,0,0,0,0,158,2,9,1
559327,1,0,0,1,1,0,158,2,9,1
559421,0,0,0,0,1,0,158,2,9,1
559523,1,1,0,0,0,0,158,2,9,1
559651,1,0,0,1,1,0,158,2,9,1
559674,0,0,0,0,1,0,158,2,9,1
559840,0,1,1,0,1,0,158,2,9,1
560184,1,1,1,1,1,0,158,2,9,1
560501,0,1,0,1,0,0,158,2,9,1
560506,0,0,0,1,1,1,158,2,9,1
560512,1,1,1,1,1,0,158,2,9,1
560635,1,0,1,0,0,0,158,2,9,1
560828,0,1,1,0,1,0,158,2,9,1
561199,0,0,1,1,0,0,158,2,9,1
561439,1,0,0,1,1,0,158,2,9,1
561761,1,0,0,1,1,0,158,2,9,1
562120,1,1,1,1,1,0,158,2,9,1
562246,1,0,0,1,1,0,158,2,9,1
562452,1,0,1,0,0,0,158,2,9,1
562704,1,0,0,1,1,0,158,2,9,1
562756,0,1,1,1,1,1,158,2,9,1
562930,1,1,0,0,0,0,158,2,9,1
562970,1,1,1,1,1,0,158,2,9,1
563452,0,0,1,1,0,0,158,2,9,1
563554,0,1,1,0,1,0,158,2,9,1
563855,0,1,1,0,1,0,158,2,9,1
564231,1,0,1,0,0,0,158,2,9,1
564267,1,1,0,0,0,0,158,2,9,1
564556,1,1,0,0,0,0,158,2,9,1
564628,1,1,0,1,0,0,158,2,9,1
564682,0,0,0,0,1,0,158,2,9,1
565892,0,1,1,0,1,0,158,2,9,1
566162,1,0,1,0,0,0,158,2,9,1
566553,1,1,1,1,1,0,158,2,9,1
566555,1,1,1,1,1,0,158,2,9,1
567270,1,0,1,0,0,0,158,2,9,1
567722,1,1,1,1,1,0,158,2,9,1
567802,0,1,0,1,0,0,158,2,9,1
568677,1,0,1,0,0,0,158,2,9,1
568790,1,1,1,1,1,0,158,2,9,1
569626,1,1,1,1,1,0,158,2,9,1
569742,0,0,0,0,1,0,158,2,9,1
569752,1,0,0,1,1,0,158,2,9,1
569833,0,1,1,0,1,0,158,2,9,1
570098,0,1,0,1,0,0,158,2,9,1
570394,0,1,0,1,0,0,158,2,9,1
570459,0,1,1,0,1,0,158,2,9,1
570739,0,0,0,0,1,0,158,2,9,1
570996,1,0,0,1,1,0,158,2,9,1
571152,0,1,0,1,0,0,158,2,9,1
571698,0,0,0,0,1,0,158,2,9,1
572015,0,0,0,0,1,0,158,2,9,1
572138,0,0,0,0,1,0,158,2,9,1
572510,0,1,1,0,1,0,158,2,9,1
572719,1,1,1,1,1,0,158,2,9,1
572831,1,0,0,1,1,0,158,2,9,1
573076,1,1,0,0,0,0,158,2,9,1
573401,1,0,0,1,1,0,158,2,9,1
573495,1,1,1,1,1,0,158,2,9,1
573684,1,0,0,1,1,0,158,2,9,1
574105,1,0,0,1,1,0,158,2,9,1
574126,1,0,1,0,0,0,158,2,9,1
574260,1,0,0,1,1,0,158,2,9,1
574297,0,1,0,1,0,0,158,2,9,1
574343,1,0,1,0,0,0,158,2,9,1
574496,0,1,0,1,0,0,158,2,9,1
575135,1,1,0,0,0,0,158,2,9,1
575202,1,0,1,0,0,0,158,2,9,1
575219,0,0,0,0,1,0,158,2,9,1
576136,0,0,1,1,0,0,158,2,9,1
576324,1,1,1,1,1,0,158,2,9,1
576721,0,1,1,0,1,0,158,2,9,1
577085,1,0,0,1,1,0,158,2,9,1
577106,0,1,0,1,0,0,158,2,9,1
577329,1,1,1,1,1,0,158,2,9,1
577864,0,0,1,1,0,0,158,2,9,1
578275,0,0,1,1,0,0,158,2,9,1
578409,1,1,0,0,0,0,158,2,9,1
578411,0,1,1,0,1,0,158,2,9,1
578449,1,1,1,1,1,0,158,2,9,1
578476,1,1,1,1,1,0,158,2,9,1
578567,0,0,1,1,0,0,158,2,9,1
578928,1,0,1,0,0,0,158,2,9,1
579039,1,0,0,1,1,0,158,2,9,1
579960,1,0,1,0,0,0,158,2,9,1
580028,1,0,0,1,1,0,158,2,9,1
580072,1,1,0,0,0,0,158,2,9,1
580583,1,0,1,0,0,0,158,2,9,1
580619,1,1,0,0,0,0,158,2,9,1
580708,1,1,0,0,0,0,158,2,9,1
580765,1,1,0,0,0,0,158,2,9,1
580801,1,1,1,1,1,0,158,2,9,1
580986,1,0,1,0,0,0,158,2,9,1
581104,1,0,0,1,1,0,158,2,9,1
581185,1,1,0,0,0,0,158,2,9,1
581246,1,0,1,0,0,0,158,2,9,1
581528,1,0,0,1,1,0,158,2,9,1
581548,0,0,0,1,1,1,158,2,9,1
582019,0,1,1,0,1,0,158,2,9,1
582157,1,1,0,0,0,0,158,2,9,1
582806,0,1,0,1,0,0,158,2,9,1
582952,1,0,0,0,1,1,158,2,9,1
583198,1,1,1,1,1,0,158,2,9,1
583365,1,0,1,0,0,0,158,2,9,1
583778,1,0,1,0,0,0,158,2,9,1
584095,1,1,1,1,1,0,158,2,9,1
584257,0,0,0,0,1,0,158,2,9,1
584474,1,0,1,0,0,0,158,2,9,1
584896,1,0,1,0,0,0,158,2,9,1
586029,0,1,1,0,1,0,158,2,9,1
586126,0,0,0,0,1,0,158,2,9,1
586148,1,1,0,0,0,0,158,2,9,1
586658,0,1,1,0,1,0,158,2,9,1
586912,0,0,0,0,1,0,158,2,9,1
586970,0,0,0,1,1,1,158,2,9,1
587035,0,0,1,1,0,0,158,2,9,1
587438,1,0,1,0,0,0,158,2,9,1
587443,1,1,1,1,1,0,158,2,9,1
587651,1,0,1,0,0,0,158,2,9,1
587808,1,1,0,0,0,0,158,2,9,1
588227,1,1,1,1,1,0,158,2,9,1
588563,1,0,1,0,0,0,158,2,9,1
588600,1,1,0,0,0,0,158,2,9,1
589360,1,1,1,1,1,0,158,2,9,1
589881,0,0,0,0,1,0,140,2,12,1
590123,1,0,0,1,1,0,140,2,12,1
590262,0,0,1,1,0,0,140,2,12,1
590287,1,1,0,0,0,0,140,2,12,1
590386,0,1,0,1,0,0,140,2,12,1
590619,0,1,0,1,0,0,140,2,12,1
590646,0,1,0,0,0,0,140,2,12,1
590706,0,0,0,1,1,1,140,2,12,1
591152,1,1,1,1,1,0,140,2,12,1
591261,0,0,1,1,0,0,140,2,12,1
591712,1,1,0,0,0,0,140,2,12,1
591968,1,0,0,1,1,0,140,2,12,1
592023,1,1,1,1,1,0,140,2,12,1
592383,0,1,1,0,1,0,140,2,12,1
592410,0,0,1,1,0,0,140,2,12,1
593067,1,1,1,1,1,0,140,2,12,1
593432,1,0,0,1,1,0,140,2,12,1
593636,0,1,1,0,1,0,140,2,12,1
593953,0,1,0,1,0,0,140,2,12,1
594205,0,1,1,0,1,0,140,2,12,1
594587,0,1,1,0,1,0,140,2,12,1
594602,1,1,1,1,1,0,140,2,12,1
594715,0,1,0,1,0,0,140,2,12,1
594723,1,1,1,1,1,0,140,2,12,1
594860,1,1,1,1,1,0,140,2,12,1
595104,0,1,1,0,1,0,140,2,12,1
595136,1,0,1,0,0,0,140,2,12,1
595159,0,0,0,1,1,1,140,2,12,1
595442,0,0,1,0,0,0,140,2,12,1
595715,1,1,0,0,0,0,140,2,12,1
595969,1,0,1,0,0,0,140,2,12,1
596052,1,0,0,1,1,0,140,2,12,1
596463,0,0,0,0,1,0,140,2,12,1
596624,1,1,1,1,1,0,140,2,12,1
596674,1,0,1,0,0,0,140,2,12,1
596730,0,1,1,0,1,0,140,2,12,1
596777,0,1,1,0,1,0,140,2,12,1
596880,1,1,0,0,0,0,140,2,12,1
597291,0,0,0,0,1,0,140,2,12,1
597489,0,1,1,0,1,0,140,2,12,1
597572,0,0,1,1,0,0,140,2,12,1
597602,0,1,1,0,1,0,140,2,12,1
597742,1,0,0,1,1,0,140,2,12,1
598023,1,0,0,1,1,0,140,2,12,1
598033,0,1,0,1,0,0,140,2,12,1
598379,1,0,1,0,0,0,140,2,12,1
599089,1,1,0,0,0,0,140,2,12,1
599199,1,0,1,0,0,0,140,2,12,1
599869,1,1,1,1,1,0,140,2,12,1
600017,0,0,1,1,0,0,140,2,12,1
600050,1,0,1,0,0,0,140,2,12,1
600097,0,1,0,1,0,0,140,2,12,1
600575,1,0,1,0,0,0,140,2,12,1
600938,0,0,1,1,0,0,140,2,12,1
601074,1,1,1,1,1,0,140,2,12,1
601420,1,0,1,0,0,0,140,2,12,1
602357,0,0,1,1,0,0,140,2,12,1
602514,1,0,0,1,1,0,140,2,12,1
602546,1,0,1,0,0,0,140,2,12,1
602559,1,0,1,0,0,0,140,2,12,1
602678,0,1,1,0,1,0,140,2,12,1
603390,1,1,0,0,0,0,140,2,12,1
603408,0,0,1,1,0,0,140,2,12,1
603474,1,1,1,1,1,0,140,2,12,1
603566,0,1,0,1,0,0,140,2,12,1
603752,0,1,1,0,1,0,140,2,12,1
604202,1,1,1,1,1,0,140,2,12,1
604396,1,0,0,1,1,0,140,2,12,1
604518,1,1,0,0,0,0,140,2,12,1
604640,1,1,1,1,1,0,140,2,12,1
604644,1,0,0,1,1,0,140,2,12,1
604806,1,1,1,1,1,0,140,2,12,1
604984,0,0,1,1,0,0,140,2,12,1
605054,0,0,0,0,1,0,140,2,12,1
605111,1,1,1,1,1,0,140,2,12,1
605119,0,0,1,1,0,0,140,2,12,1
605323,0,1,0,1,0,0,140,2,12,1
606323,1,1,0,1,0,0,140,2,12,1
606444,0,1,1,0,1,0,140,2,12,1
606656,0,0,1,1,0,0,140,2,12,1
606810,1,1,1,1,1,0,140,2,12,1
606847,1,0,1,0,0,0,140,2,12,1
607113,1,1,0,0,0,0,140,2,12,1
607621,1,1,1,1,1,0,140,2,12,1
607671,1,0,0,1,1,0,140,2,12,1
607770,1,0,0,1,1,0,140,2,12,1
607784,1,1,0,0,0,0,140,2,12,1
608172,0,0,0,0,1,0,140,2,12,1
608266,1,1,1,1,1,0,140,2,12,1
608292,0,1,0,1,0,0,140,2,12,1
608463,0,0,1,1,0,0,140,2,12,1
608621,1,1,1,1,1,0,140,2,12,1
608657,1,0,0,1,1,0,140,2,12,1
609242,1,0,1,0,0,0,140,2,12,1
609550,1,0,0,1,1,0,140,2,12,1
609982,1,1,1,1,1,0,140,2,12,1
610280,1,1,1,1,1,0,140,2,12,1
610387,0,0,0,0,1,0,140,2,12,1
610713,1,1,1,1,1,0,140,2,12,1
610869,1,0,0,1,1,0,140,2,12,1
610915,0,1,0,1,0,0,140,2,12,1
610985,1,1,1,1,1,0,140,2,12,1
611517,0,1,1,0,1,0,140,2,12,1
611906,1,1,1,1,1,0,140,2,12,1
612021,0,0,0,0,1,0,140,2,12,1
612309,1,0,1,0,0,0,140,2,12,1
612510,0,1,1,0,1,0,140,2,12,1
612901,1,1,0,0,0,0,140,2,12,1
612974,1,1,1,1,1,0,140,2,12,1
613500,0,1,0,1,0,0,140,2,12,1
614023,1,1,0,0,0,0,140,2,12,1
614173,1,1,1,1,1,0,140,2,12,1
614522,0,0,1,1,0,0,140,2,12,1
614645,0,0,1,1,0,0,140,2,12,1
614687,1,0,0,1,1,0,140,2,12,1
615035,0,0,0,0,1,0,140,2,12,1
615115,1,1,1,1,1,0,140,2,12,1
615499,1,0,1,0,0,0,140,2,12,1
615519,0,1,1,0,1,0,140,2,12,1
615688,1,0,1,0,0,0,140,2,12,1
615856,1,0,0,1,1,0,140,2,12,1
616012,1,1,0,0,0,0,140,2,12,1
616262,1,1,0,0,0,0,140,2,12,1
616419,1,0,1,1,0,0,140,2,12,1
616535,0,1,1,0,1,0,140,2,12,1
616688,1,1,0,0,0,0,140,2,12,1
616786,0,1,1,0,1,0,140,2,12,1
616804,0,1,1,0,1,0,140,2,12,1
617142,1,1,1,1,1,0,140,2,12,1
617188,1,1,0,0,0,0,140,2,12,1
617301,1,1,1,1,1,0,140,2,12,1
617322,0,0,0,0,1,0,140,2,12,1
617550,0,0,0,0,1,0,140,2,12,1
617593,0,0,1,1,0,0,140,2,12,1
618162,1,1,0,0,0,0,140,2,12,1
618339,1,0,1,0,0,0,140,2,12,1
618433,0,1,0,1,0,0,140,2,12,1
618624,0,0,1,1,0,0,140,2,12,1
618773,1,1,0,0,0,0,140,2,12,1
618896,0,1,1,1,1,1,140,2,12,1
619189,1,1,0,0,0,0,140,2,12,1
619366,1,1,0,0,0,0,140,2,12,1
619533,1,0,1,0,0,0,140,2,12,1
619590,1,0,1,0,0,0,140,2,12,1
619723,0,0,1,1,0,0,140,2,12,1
619786,1,0,0,1,1,0,140,2,12,1
619906,1,1,0,0,0,0,140,2,12,1
620170,1,0,0,1,1,0,140,2,12,1
620282,0,0,1,1,0,0,140,2,12,1
620593,1,0,1,0,0,0,140,2,12,1
620790,0,1,1,0,1,0,140,2,12,1
620890,1,1,1,1,1,0,140,2,12,1
620980,0,0,0,0,1,0,140,2,12,1
621357,1,1,1,1,1,0,140,2,12,1
621622,1,1,1,1,1,0,140,2,12,1
621862,0,0,1,1,0,0,140,2,12,1
621921,1,0,0,1,1,0,140,2,12,1
622371,1,1,0,0,0,0,140,2,12,1
622411,0,1,0,1,0,0,140,2,12,1
622619,1,0,1,0,0,0,140,2,12,1
623102,1,1,0,0,0,0,140,2,12,1
623353,1,1,0,0,0,0,140,2,12,1
623604,0,1,0,1,0,0,140,2,12,1
624123,1,0,1,0,0,0,140,2,12,1
624229,1,1,0,0,0,0,140,2,12,1
624395,0,1,1,0,1,0,140,2,12,1
624744,1,1,1,1,1,0,140,2,12,1
624845,1,1,0,0,0,0,140,2,12,1
625003,0,0,1,1,0,0,140,2,12,1
625449,0,0,1,1,0,0,140,2,12,1
625550,0,1,0,1,0,0,140,2,12,1
626203,1,1,0,0,0,0,140,2,12,1
626272,1,1,0,0,0,0,140,2,12,1
627207,1,1,1,1,1,0,140,2,12,1
627691,0,1,1,0,1,0,140,2,12,1
627862,0,0,0,0,1,0,140,2,12,1
627901,0,1,0,1,0,0,140,2,12,1
628152,0,1,0,1,0,0,140,2,12,1
628165,1,1,0,0,0,0,140,2,12,1
628171,1,1,1,1,1,0,140,2,12,1
628268,0,1,1,0,1,0,140,2,12,1
628443,1,0,1,0,0,0,140,2,12,1
628561,1,1,1,1,1,0,140,2,12,1
628741,0,1,1,0,1,0,140,2,12,1
628963,0,1,0,1,0,0,140,2,12,1
628986,0,1,1,0,1,0,140,2,12,1
629779,0,0,0,0,1,0,140,2,12,1
629800,0,0,1,0,0,0,140,2,12,1
630594,1,1,0,0,0,0,140,2,12,1
631143,1,0,0,1,1,0,140,2,12,1
631679,1,1,0,0,0,0,140,2,12,1
631988,0,1,1,0,1,0,140,2,12,1
632129,1,0,0,1,1,0,140,2,12,1
632291,0,0,0,0,1,0,140,2,12,1
632714,1,0,1,0,0,0,140,2,12,1
632871,1,0,0,1,1,0,140,2,12,1
632921,1,1,0,0,0,0,140,2,12,1
632957,1,0,0,1,1,0,140,2,12,1
633973,1,1,1,1,1,0,140,2,12,1
634195,1,0,1,0,0,0,140,2,12,1
634218,0,0,1,1,0,0,140,2,12,1
634274,1,1,0,0,0,0,140,2,12,1
634363,0,0,1,1,0,0,140,2,12,1
634717,1,1,0,0,0,0,140,2,12,1
634860,0,1,0,1,0,0,140,2,12,1
634953,1,1,1,1,1,0,140,2,12,1
635014,0,1,0,1,0,0,140,2,12,1
635479,0,1,0,1,0,0,140,2,12,1
636170,0,0,1,1,0,0,140,2,12,1
636514,0,0,0,0,1,0,140,2,12,1
636696,0,0,0,0,1,0,140,2,12,1
636798,0,1,1,0,1,0,140,2,12,1
636800,1,1,0,0,0,0,140,2,12,1
636967,1,0,0,1,1,0,140,2,12,1
636990,0,1,0,1,0,0,140,2,12,1
637108,1,0,0,1,1,0,140,2,12,1
637436,0,0,0,0,1,0,140,2,12,1
637691,0,1,0,1,0,0,140,2,12,1
638111,0,0,0,0,1,0,140,2,12,1
638513,0,0,0,0,1,0,140,2,12,1
638819,1,0,0,1,1,0,140,2,12,1
638900,0,0,1,1,0,0,140,2,12,1
638907,1,1,0,0,0,0,140,2,12,1
639387,0,0,1,1,0,0,140,2,12,1
639589,0,0,1,1,0,0,140,2,12,1
639647,0,0,0,0,1,0,140,2,12,1
639672,1,0,0,1,1,0,140,2,12,1
639978,1,1,0,0,0,0,140,2,12,1
640144,0,1,0,1,0,0,140,2,12,1
640373,0,1,0,1,0,0,140,2,12,1
640862,1,1,0,0,0,0,140,2,12,1
641154,0,0,1,0,0,0,140,2,12,1
641457,0,0,0,0,1,0,140,2,12,1
641703,0,0,1,1,0,0,140,2,12,1
642320,0,1,0,1,0,0,140,2,12,1
642550,1,1,1,0,1,1,140,2,12,1
642596,1,0,0,1,1,0,140,2,12,1
642631,1,1,1,1,1,0,140,2,12,1
642902,1,0,0,1,1,0,140,2,12,1
643918,1,1,1,0,1,1,140,2,12,1
644908,1,0,1,0,0,0,140,2,12,1
645317,1,1,0,0,0,0,140,2,12,1
645562,1,1,1,1,1,0,140,2,12,1
646480,1,0,1,0,0,0,140,2,12,1
646823,1,1,1,1,1,0,140,2,12,1
647149,0,0,0,0,1,0,140,2,12,1
647186,0,1,1,0,1,0,140,2,12,1
647293,0,1,0,1,0,0,140,2,12,1
647635,1,0,1,0,0,0,140,2,12,1
647962,0,1,1,0,1,0,140,2,12,1
648025,1,0,0,1,1,0,140,2,12,1
648080,1,1,0,0,0,0,140,2,12,1
648353,0,1,0,1,0,0,140,2,12,1
648641,0,1,1,0,1,0,140,2,12,1
648766,0,0,0,0,1,0,140,2,12,1
649037,1,1,1,1,1,0,140,2,12,1
649173,1,1,1,1,1,0,140,2,12,1
649339,1,0,1,0,0,0,140,2,12,1
650203,0,1,1,0,1,0,140,2,12,1
650322,1,1,0,0,0,0,140,2,12,1
650678,1,0,0,1,1,0,140,2,12,1
650786,0,1,0,1,0,0,140,2,12,1
650840,0,0,0,0,1,0,140,2,12,1
651283,0,0,1,1,0,0,140,2,12,1
651325,0,0,1,1,0,0,140,2,12,1
651417,1,0,0,1,1,0,140,2,12,1
651440,1,1,1,1,1,0,140,2,12,1
651570,0,1,0,1,0,0,140,2,12,1
651620,1,1,0,0,0,0,140,2,12,1
651658,1,0,0,1,1,0,140,2,12,1
651670,1,1,1,1,1,0,140,2,12,1
652561,0,0,1,1,0,0,140,2,12,1
652984,1,1,1,1,1,0,140,2,12,1
653160,1,0,1,0,0,0,140,2,12,1
653442,1,1,1,1,1,0,140,2,12,1
653729,1,0,1,0,0,0,140,2,12,1
653792,1,1,1,1,1,0,140,2,12,1
653925,1,0,0,1,1,0,140,2,12,1
653958,1,1,0,0,0,0,140,2,12,1
654163,0,1,0,1,0,0,140,2,12,1
654187,1,1,1,1,1,0,140,2,12,1
654241,0,0,1,1,0,0,140,2,12,1
654310,1,0,1,0,0,0,140,2,12,1
654507,0,1,1,0,1,0,140,2,12,1
654644,1,0,1,0,0,0,140,2,12,1
654819,1,1,1,1,1,0,140,2,12,1
655054,1,0,0,1,1,0,140,2,12,1
656289,0,0,0,0,1,0,143,2,12,1
656303,1,1,1,1,1,0,143,2,12,1
656342,1,1,0,0,0,0,143,2,12,1
656352,0,0,0,0,1,0,143,2,12,1
656556,0,0,1,1,0,0,143,2,12,1
656630,0,1,0,1,0,0,143,2,12,1
656740,0,0,0,0,1,0,143,2,12,1
656900,1,0,1,0,0,0,143,2,12,1
657002,0,0,0,0,1,0,143,2,12,1
657129,1,1,0,0,0,0,143,2,12,1
657148,0,0,0,0,1,0,143,2,12,1
657349,1,0,1,0,0,0,143,2,12,1
657934,0,1,1,0,1,0,143,2,12,1
658145,1,1,1,1,1,0,143,2,12,1
658167,0,0,1,1,0,0,143,2,12,1
658244,1,0,0,1,1,0,143,2,12,1
658475,1,1,1,1,1,0,143,2,12,1
658483,0,0,1,1,0,0,143,2,12,1
658485,1,0,1,0,0,0,143,2,12,1
658677,1,1,1,1,1,0,143,2,12,1
659099,0,1,0,1,0,0,143,2,12,1
659312,0,1,1,0,1,0,143,2,12,1
659694,0,0,0,0,1,0,143,2,12,1
660022,0,0,0,0,1,0,143,2,12,1
660145,0,1,1,0,1,0,143,2,12,1
660354,1,0,0,1,1,0,143,2,12,1
660618,0,1,1,0,1,0,143,2,12,1
661195,0,0,0,0,1,0,143,2,12,1
661282,1,0,0,1,1,0,143,2,12,1
661352,0,1,1,0,1,0,143,2,12,1
661435,0,1,1,0,1,0,143,2,12,1
661456,0,1,1,0,1,0,143,2,12,1
661530,0,1,0,1,0,0,143,2,12,1
661585,1,1,0,0,0,0,143,2,12,1
661637,1,1,1,1,1,0,143,2,12,1
661771,1,1,1,1,1,0,143,2,12,1
661773,0,1,1,0,1,0,143,2,12,1
661944,1,0,0,1,1,0,143,2,12,1
662113,0,1,1,0,1,0,143,2,12,1
662549,0,1,1,0,1,0,143,2,12,1
662642,0,0,0,0,1,0,143,2,12,1
663119,1,0,0,1,1,0,143,2,12,1
663167,0,0,0,0,1,0,143,2,12,1
663235,0,0,0,1,1,1,143,2,12,1
663723,0,1,0,1,0,0,143,2,12,1
663834,0,0,1,0,0,0,143,2,12,1
663912,1,1,0,0,0,0,143,2,12,1
663960,0,0,0,0,1,0,143,2,12,1
664195,0,0,1,1,0,0,143,2,12,1
664277,0,0,1,1,0,0,143,2,12,1
664356,1,0,0,0,1,1,143,2,12,1
664529,1,1,1,1,1,0,143,2,12,1
664603,1,0,1,0,0,0,143,2,12,1
664744,0,0,0,0,1,0,143,2,12,1
664809,0,1,1,0,1,0,143,2,12,1
664983,0,1,1,0,1,0,143,2,12,1
665144,0,0,0,0,1,0,143,2,12,1
665242,0,1,0,1,0,0,143,2,12,1
665607,1,0,1,0,0,0,143,2,12,1
665925,1,0,0,1,1,0,143,2,12,1
666059,0,1,1,0,1,0,143,2,12,1
666279,0,0,0,0,1,0,143,2,12,1
666356,1,0,0,1,1,0,143,2,12,1
666477,0,1,1,0,1,0,143,2,12,1
666944,1,1,0,0,0,0,143,2,12,1
667328,0,1,1,0,1,0,143,2,12,1
667693,0,0,1,1,0,0,143,2,12,1
667735,0,0,0,0,1,0,143,2,12,1
667756,0,0,0,1,1,1,143,2,12,1
667799,1,0,1,0,0,0,143,2,12,1
667939,1,0,0,1,1,0,143,2,12,1
667997,1,0,0,1,1,0,143,2,12,1
668014,0,1,0,1,0,0,143,2,12,1
668182,0,1,1,0,1,0,143,2,12,1
668208,1,0,0,1,1,0,143,2,12,1
668346,0,0,0,0,1,0,143,2,12,1
668364,1,0,0,1,1,0,143,2,12,1
668683,1,1,0,0,0,0,143,2,12,1
668789,0,1,1,0,1,0,143,2,12,1
669093,0,0,1,1,0,0,143,2,12,1
669350,1,1,1,1,1,0,143,2,12,1
669694,1,0,1,0,0,0,143,2,12,1
669826,1,1,1,1,1,0,143,2,12,1
670056,1,0,1,0,0,0,143,2,12,1
670340,0,0,1,1,0,0,143,2,12,1
670827,1,0,0,1,1,0,143,2,12,1
670870,1,1,0,0,0,0,143,2,12,1
671130,1,1,1,1,1,0,143,2,12,1
671528,1,1,0,0,0,0,143,2,12,1
671561,1,0,1,0,0,0,143,2,12,1
671625,1,0,1,0,0,0,143,2,12,1
671630,0,0,1,1,0,0,143,2,12,1
672614,0,1,1,0,1,0,143,2,12,1
672673,0,1,0,1,0,0,143,2,12,1
672909,0,0,0,0,1,0,143,2,12,1
673189,0,1,1,0,1,0,143,2,12,1
673552,0,1,0,1,0,0,143,2,12,1
673609,0,0,0,0,1,0,143,2,12,1
673908,1,0,0,1,1,0,143,2,12,1
674075,0,1,0,1,0,0,143,2,12,1
674111,1,1,0,0,0,0,143,2,12,1
674321,0,0,1,1,0,0,143,2,12,1
674388,1,1,0,1,0,0,143,2,12,1
674420,1,0,0,1,1,0,143,2,12,1
674850,0,1,0,1,0,0,143,2,12,1
675565,1,1,1,1,1,0,143,2,12,1
675578,0,0,0,0,1,0,143,2,12,1
675750,0,0,0,0,1,0,143,2,12,1
675786,0,0,1,1,0,0,143,2,12,1
676037,1,0,0,1,1,0,143,2,12,1
676046,1,1,1,1,1,0,143,2,12,1
676067,0,0,1,1,0,0,143,2,12,1
676175,1,0,1,0,0,0,143,2,12,1
676402,1,0,0,1,1,0,143,2,12,1
676454,1,1,1,1,1,0,143,2,12,1
676524,1,1,0,1,0,0,143,2,12,1
676599,1,1,1,1,1,0,143,2,12,1
676971,0,0,0,0,1,0,143,2,12,1
677416,1,0,1,0,0,0,143,2,12,1
677526,1,0,0,1,1,0,143,2,12,1
678208,1,1,0,0,0,0,143,2,12,1
678921,0,1,0,1,0,0,143,2,12,1
679025,0,1,0,1,0,0,143,2,12,1
679284,0,1,1,0,1,0,143,2,12,1
679475,1,0,1,0,0,0,143,2,12,1
679716,1,0,1,0,0,0,143,2,12,1
679915,0,1,1,0,1,0,143,2,12,1
680195,0,0,0,0,1,0,143,2,12,1
680210,0,1,0,1,0,0,143,2,12,1
680839,0,0,0,0,1,0,143,2,12,1
680896,0,0,1,1,0,0,143,2,12,1
681059,0,0,0,0,1,0,143,2,12,1
681104,1,1,1,1,1,0,143,2,12,1
681339,1,0,0,1,1,0,143,2,12,1
681416,0,0,0,0,1,0,143,2,12,1
681506,0,1,1,0,1,0,143,2,12,1
681580,0,0,1,1,0,0,143,2,12,1
681742,1,1,1,1,1,0,143,2,12,1
681745,1,1,1,1,1,0,143,2,12,1
681894,1,0,1,0,0,0,143,2,12,1
681985,1,1,0,0,0,0,143,2,12,1
682156,1,0,0,1,1,0,143,2,12,1
682418,0,1,1,0,1,0,143,2,12,1
682758,0,1,0,1,0,0,143,2,12,1
682870,1,0,0,1,1,0,143,2,12,1
683067,1,1,0,0,0,0,143,2,12,1
683456,0,0,0,0,1,0,143,2,12,1
683466,1,1,0,1,0,0,143,2,12,1
683512,0,0,1,1,0,0,143,2,12,1
683679,1,0,1,0,0,0,143,2,12,1
683690,0,0,1,1,0,0,143,2,12,1
684044,1,1,0,0,0,0,143,2,12,1
684941,1,0,1,0,0,0,143,2,12,1
685014,0,1,0,1,0,0,143,2,12,1
685350,1,0,1,0,0,0,143,2,12,1
686048,1,0,1,0,0,0,143,2,12,1
686127,1,0,0,1,1,0,143,2,12,1
686430,0,1,0,1,0,0,143,2,12,1
686811,1,0,1,0,0,0,143,2,12,1
687440,1,1,1,1,1,0,143,2,12,1
687621,0,1,0,1,0,0,143,2,12,1
687779,0,0,0,0,1,0,143,2,12,1
687807,0,1,0,1,0,0,143,2,12,1
688198,0,1,1,0,1,0,143,2,12,1
688419,1,0,1,0,0,0,143,2,12,1
688523,1,0,1,0,0,0,143,2,12,1
688536,0,1,0,1,0,0,143,2,12,1
688689,0,1,0,0,0,0,143,2,12,1
689019,1,1,0,0,0,0,143,2,12,1
689994,1,1,0,0,0,0,143,2,12,1
690102,1,0,1,0,0,0,143,2,12,1
690249,1,0,1,0,0,0,143,2,12,1
690320,1,0,1,0,0,0,143,2,12,1
690430,0,0,0,0,1,0,143,2,12,1
690489,1,1,0,0,0,0,143,2,12,1
690708,0,0,1,1,0,0,143,2,12,1
691125,1,0,0,1,1,0,143,2,12,1
691766,0,1,0,1,0,0,143,2,12,1
691889,1,1,0,0,0,0,143,2,12,1
691915,1,0,0,1,1,0,143,2,12,1
692357,0,1,0,1,0,0,143,2,12,1
692399,1,0,1,0,0,0,143,2,12,1
692801,1,1,1,1,1,0,143,2,12,1
692806,0,1,0,1,0,0,143,2,12,1
692822,1,0,0,0,1,1,143,2,12,1
692945,1,0,1,0,0,0,143,2,12,1
693348,1,0,1,0,0,0,143,2,12,1
693506,0,0,1,1,0,0,143,2,12,1
693596,0,1,1,0,1,0,143,2,12,1
693648,0,0,0,0,1,0,143,2,12,1
693981,1,0,1,0,0,0,143,2,12,1
694039,0,0,1,1,0,0,143,2,12,1
694238,1,1,1,1,1,0,143,2,12,1
694279,1,0,0,1,1,0,143,2,12,1
694916,0,1,0,1,0,0,143,2,12,1
694933,1,0,1,0,0,0,143,2,12,1
695041,1,0,1,0,0,0,143,2,12,1
695620,0,0,1,1,0,0,143,2,12,1
695674,0,0,1,1,0,0,143,2,12,1
695798,1,1,1,1,1,0,143,2,12,1
695899,0,1,0,1,0,0,143,2,12,1
695992,1,0,0,1,1,0,143,2,12,1
696070,1,1,0,0,0,0,143,2,12,1
696149,1,1,0,0,0,0,143,2,12,1
696168,1,0,0,1,1,0,143,2,12,1
696477,1,0,0,1,1,0,143,2,12,1
696572,1,0,1,0,0,0,143,2,12,1
697070,1,0,1,0,0,0,143,2,12,1
697094,1,1,1,1,1,0,143,2,12,1
697325,0,1,0,1,0,0,143,2,12,1
697583,0,0,1,1,0,0,143,2,12,1
698013,0,0,1,1,0,0,143,2,12,1
698190,0,1,0,1,0,0,143,2,12,1
698499,1,1,0,0,0,0,143,2,12,1
698586,0,0,0,0,1,0,143,2,12,1
698702,1,1,1,1,1,0,143,2,12,1
698868,0,1,0,1,0,0,143,2,12,1
698879,1,0,1,0,0,0,143,2,12,1
699159,1,0,0,1,1,0,143,2,12,1
699174,1,1,1,1,1,0,143,2,12,1
699565,1,1,1,1,1,0,143,2,12,1
699603,1,1,1,1,1,0,143,2,12,1
699723,0,1,1,1,1,1,143,2,12,1
699767,0,1,1,0,1,0,143,2,12,1
699799,0,0,1,1,0,0,143,2,12,1
699947,1,1,1,1,1,0,143,2,12,1
699981,1,0,1,0,0,0,143,2,12,1
699998,0,0,0,0,1,0,143,2,12,1
700301,1,1,0,0,0,0,143,2,12,1
700479,1,1,0,0,0,0,143,2,12,1
700695,0,1,1,0,1,0,143,2,12,1
700713,1,0,1,0,0,0,143,2,12,1
701070,0,1,1,0,1,0,143,2,12,1
701342,0,0,1,1,0,0,143,2,12,1
701398,1,0,0,1,1,0,143,2,12,1
701549,0,0,0,0,1,0,143,2,12,1
701683,0,0,1,1,0,0,143,2,12,1
702213,0,0,0,0,1,0,143,2,12,1
702383,0,0,0,0,1,0,143,2,12,1
702808,0,0,1,1,0,0,143,2,12,1
703481,1,1,1,1,1,0,143,2,12,1
703554,1,0,0,1,1,0,143,2,12,1
703979,0,1,0,1,0,0,143,2,12,1
704152,0,0,0,0,1,0,143,2,12,1
704528,1,0,1,0,0,0,143,2,12,1
704616,1,0,1,0,0,0,143,2,12,1
704742,1,0,0,1,1,0,143,2,12,1
705540,0,1,1,0,1,0,143,2,12,1
705806,0,0,0,0,1,0,143,2,12,1
706475,0,0,1,1,0,0,143,2,12,1
706634,0,1,0,1,0,0,143,2,12,1
706796,0,0,1,1,0,0,143,2,12,1
706824,0,0,0,0,1,0,143,2,12,1
707020,0,1,0,1,0,0,143,2,12,1
707104,0,1,1,0,1,0,143,2,12,1
707232,0,1,1,0,1,0,143,2,12,1
707933,1,1,0,0,0,0,143,2,12,1
708215,1,0,1,0,0,0,143,2,12,1
708414,1,1,0,0,0,0,143,2,12,1
708504,0,1,0,1,0,0,143,2,12,1
708882,0,1,0,1,0,0,143,2,12,1
709019,1,1,1,1,1,0,143,2,12,1
709230,1,0,0,1,1,0,143,2,12,1
709447,1,1,1,1,1,0,143,2,12,1
709913,1,1,0,0,0,0,143,2,12,1
710056,0,0,0,0,1,0,143,2,12,1
710236,0,1,0,1,0,0,143,2,12,1
710243,0,1,1,0,1,0,143,2,12,1
710379,0,1,1,0,1,0,143,2,12,1
710464,0,0,1,1,0,0,143,2,12,1
710709,0,1,1,0,1,0,143,2,12,1
711062,0,1,1,0,1,0,143,2,12,1
711188,0,1,0,1,0,0,143,2,12,1
711262,1,0,1,0,0,0,143,2,12,1
711329,0,1,0,1,0,0,143,2,12,1
711734,1,0,1,0,0,0,143,2,12,1
712148,1,1,0,0,0,0,143,2,12,1
712420,0,1,0,1,0,0,143,2,12,1
712608,1,0,0,1,1,0,143,2,12,1
712841,0,1,1,0,1,0,143,2,12,1
712851,0,1,1,0,1,0,143,2,12,1
712880,0,1,0,1,0,0,143,2,12,1
712922,1,0,0,1,1,0,143,2,12,1
713232,1,1,0,0,0,0,143,2,12,1
713841,1,1,1,1,1,0,143,2,12,1
713878,1,1,0,0,0,0,143,2,12,1
713954,1,1,0,0,0,0,143,2,12,1
715128,0,0,1,1,0,0,143,2,12,1
715277,0,0,0,0,1,0,143,2,12,1
715284,0,1,1,0,1,0,143,2,12,1
715303,0,1,0,1,0,0,143,2,12,1
715379,0,1,0,1,0,0,143,2,12,1
715532,1,0,1,0,0,0,143,2,12,1
715570,1,0,1,0,0,0,143,2,12,1
715667,1,0,0,1,1,0,143,2,12,1
715678,0,1,0,0,0,0,143,2,12,1
716029,1,1,0,0,0,0,143,2,12,1
716567,1,1,0,0,0,0,143,2,12,1
716696,0,1,0,1,0,0,143,2,12,1
716773,0,0,0,0,1,0,143,2,12,1
717071,1,1,1,1,1,0,143,2,12,1
717088,0,1,0,1,0,0,143,2,12,1
717093,0,0,1,1,0,0,143,2,12,1
718324,1,0,0,1,1,0,143,2,12,1
718637,0,1,0,1,0,0,143,2,12,1
718638,1,1,0,0,0,0,143,2,12,1
719144,1,1,0,0,0,0,143,2,12,1
719207,1,0,0,1,1,0,143,2,12,1
719545,1,0,1,0,0,0,143,2,12,1
719840,1,1,0,0,0,0,143,2,12,1
720130,1,1,0,0,0,0,143,2,12,1
720213,1,0,0,1,1,0,143,2,12,1
720933,0,1,1,0,1,0,106,2,12,1
721366,1,1,1,1,1,0,106,2,12,1
721386,1,0,1,0,0,0,106,2,12,1
721477,0,0,0,0,1,0,106,2,12,1
721841,0,1,1,0,1,0,106,2,12,1
721942,0,1,1,0,1,0,106,2,12,1
722423,0,0,0,0,1,0,106,2,12,1
722517,0,1,1,0,1,0,106,2,12,1
722836,0,0,1,1,0,0,106,2,12,1
723177,0,0,0,0,1,0,106,2,12,1
723431,1,1,0,0,0,0,106,2,12,1
723591,0,1,0,1,0,0,106,2,12,1
723826,0,0,1,1,0,0,106,2,12,1
724895,0,1,0,1,0,0,106,2,12,1
725714,0,1,1,0,1,0,106,2,12,1
725876,1,1,1,1,1,0,106,2,12,1
725927,1,0,0,1,1,0,106,2,12,1
725932,0,0,1,1,0,0,106,2,12,1
725940,0,1,1,0,1,0,106,2,12,1
727070,0,0,1,1,0,0,106,2,12,1
727072,0,1,1,0,1,0,106,2,12,1
727344,0,0,1,1,0,0,106,2,12,1
727525,0,1,1,0,1,0,106,2,12,1
727913,1,0,1,0,0,0,106,2,12,1
728149,1,0,1,0,0,0,106,2,12,1
728253,0,1,0,1,0,0,106,2,12,1
728532,0,1,1,0,1,0,106,2,12,1
728794,0,1,0,1,0,0,106,2,12,1
728853,1,1,1,0,1,1,106,2,12,1
729540,1,1,0,0,0,0,106,2,12,1
729584,0,1,1,0,1,0,106,2,12,1
730377,1,0,0,0,1,1,106,2,12,1
730484,1,0,0,1,1,0,106,2,12,1
730504,0,0,1,1,0,0,106,2,12,1
730794,0,0,1,1,0,0,106,2,12,1
731083,0,1,0,1,0,0,106,2,12,1
732385,0,0,0,0,1,0,106,2,12,1
732388,0,0,1,1,0,0,106,2,12,1
732682,1,0,1,0,0,0,106,2,12,1
732688,1,0,1,0,0,0,106,2,12,1
733410,0,0,1,1,0,0,106,2,12,1
733426,1,0,0,1,1,0,106,2,12,1
733791,1,0,1,0,0,0,106,2,12,1
733808,1,1,0,1,0,0,106,2,12,1
734725,0,0,0,0,1,0,106,2,12,1
735572,1,0,0,0,1,1,106,2,12,1
735991,0,0,1,1,0,0,106,2,12,1
736081,0,0,0,0,1,0,106,2,12,1
736169,1,0,1,0,0,0,106,2,12,1
737338,1,1,1,1,1,0,106,2,12,1
737804,1,1,0,0,0,0,106,2,12,1
737893,0,1,1,0,1,0,106,2,12,1
738411,1,1,1,1,1,0,106,2,12,1
739005,0,1,1,0,1,0,106,2,12,1
739021,1,1,1,1,1,0,106,2,12,1
739075,1,0,0,0,1,1,106,2,12,1
739134,0,1,1,0,1,0,106,2,12,1
739342,0,1,0,1,0,0,106,2,12,1
739452,1,1,0,0,0,0,106,2,12,1
739971,1,1,1,1,1,0,106,2,12,1
740305,0,0,0,0,1,0,106,2,12,1
740445,1,1,1,1,1,0,106,2,12,1
740493,1,0,0,0,1,1,106,2,12,1
740954,0,1,0,1,0,0,106,2,12,1
741109,1,0,0,1,1,0,106,2,12,1
741879,0,0,1,1,0,0,106,2,12,1
741914,1,1,1,1,1,0,106,2,12,1
742061,0,1,1,0,1,0,106,2,12,1
742302,0,1,0,1,0,0,106,2,12,1
742629,0,1,1,0,1,0,106,2,12,1
742881,1,0,1,0,0,0,106,2,12,1
743089,1,0,0,0,1,1,106,2,12,1
743130,1,0,1,1,0,0,106,2,12,1
743435,0,0,0,0,1,0,106,2,12,1
743642,0,0,1,1,0,0,106,2,12,1
743814,1,0,1,0,0,0,106,2,12,1
745169,0,0,1,1,0,0,106,2,12,1
745278,0,1,0,1,0,0,106,2,12,1
745316,0,1,0,1,0,0,106,2,12,1
745336,0,0,0,0,1,0,106,2,12,1
745633,0,0,1,1,0,0,106,2,12,1
745847,1,1,0,0,0,0,106,2,12,1
746575,0,0,1,1,0,0,106,2,12,1
748400,1,0,1,0,0,0,106,2,12,1
749592,1,0,1,0,0,0,106,2,12,1
749711,0,1,0,1,0,0,106,2,12,1
750328,1,0,0,1,1,0,106,2,12,1
750381,0,1,1,0,1,0,106,2,12,1
750954,1,0,0,1,1,0,106,2,12,1
751371,0,0,1,1,0,0,106,2,12,1
751521,0,1,1,0,1,0,106,2,12,1
751523,1,0,0,1,1,0,106,2,12,1
752449,1,0,0,1,1,0,106,2,12,1
752522,1,0,0,1,1,0,106,2,12,1
752600,1,1,0,0,0,0,106,2,12,1
752660,1,0,1,0,0,0,106,2,12,1
752716,0,0,1,1,0,0,106,2,12,1
752735,1,1,1,1,1,0,106,2,12,1
752872,0,1,1,0,1,0,106,2,12,1
754049,0,1,0,1,0,0,106,2,12,1
755318,0,0,0,0,1,0,106,2,12,1
755320,0,0,1,1,0,0,106,2,12,1
755442,0,1,0,1,0,0,106,2,12,1
755602,0,1,0,1,0,0,106,2,12,1
755610,0,1,0,1,0,0,106,2,12,1
755746,0,1,1,0,1,0,106,2,12,1
757077,1,0,0,1,1,0,106,2,12,1
757273,1,1,1,1,1,0,106,2,12,1
757330,0,0,0,0,1,0,106,2,12,1
757417,1,0,1,0,0,0,106,2,12,1
757482,1,1,1,1,1,0,106,2,12,1
757819,1,0,0,1,1,0,106,2,12,1
758773,0,0,1,1,0,0,106,2,12,1
758927,1,0,0,1,1,0,106,2,12,1
759471,0,0,1,1,0,0,106,2,12,1
759523,0,1,1,0,1,0,106,2,12,1
759619,0,1,0,1,0,0,106,2,12,1
760077,0,0,0,1,1,1,106,2,12,1
760164,0,1,1,0,1,0,106,2,12,1
760225,0,0,0,1,1,1,106,2,12,1
760573,1,1,0,1,0,0,106,2,12,1
761346,0,0,1,1,0,0,106,2,12,1
761390,0,0,0,0,1,0,106,2,12,1
762055,1,0,0,1,1,0,106,2,12,1
762396,1,1,0,0,0,0,106,2,12,1
762807,0,1,0,1,0,0,106,2,12,1
762903,1,0,1,0,0,0,106,2,12,1
763200,1,1,0,0,0,0,106,2,12,1
764198,1,0,1,0,0,0,106,2,12,1
764659,1,0,1,0,0,0,106,2,12,1
765057,1,1,1,1,1,0,106,2,12,1
765158,1,1,0,0,0,0,106,2,12,1
765181,1,0,0,1,1,0,106,2,12,1
765373,0,0,0,0,1,0,106,2,12,1
765442,1,1,0,0,0,0,106,2,12,1
765594,1,1,1,1,1,0,106,2,12,1
766000,1,1,0,0,0,0,106,2,12,1
766162,1,1,1,1,1,0,106,2,12,1
766364,0,1,0,1,0,0,106,2,12,1
766677,1,0,1,0,0,0,106,2,12,1
766811,0,0,1,1,0,0,106,2,12,1
767125,0,0,0,0,1,0,106,2,12,1
767173,1,0,1,0,0,0,106,2,12,1
767414,0,0,0,0,1,0,106,2,12,1
767566,0,0,1,1,0,0,106,2,12,1
767705,0,0,0,0,1,0,106,2,12,1
767751,1,0,1,0,0,0,106,2,12,1
767847,0,1,1,0,1,0,106,2,12,1
767992,1,0,0,1,1,0,106,2,12,1
768735,1,0,1,0,0,0,106,2,12,1
768846,0,1,1,0,1,0,106,2,12,1
769130,1,0,0,1,1,0,106,2,12,1
769251,1,0,0,1,1,0,106,2,12,1
769355,1,0,0,1,1,0,106,2,12,1
769903,1,1,1,1,1,0,106,2,12,1
769967,1,0,1,0,0,0,106,2,12,1
770322,1,1,0,0,0,0,106,2,12,1
770369,1,1,0,0,0,0,106,2,12,1
770911,1,1,1,1,1,0,106,2,12,1
770946,0,1,0,1,0,0,106,2,12,1
771444,0,0,0,0,1,0,106,2,12,1
771563,1,1,0,0,0,0,106,2,12,1
772015,1,1,1,1,1,0,106,2,12,1
772400,1,0,0,1,1,0,106,2,12,1
772434,0,1,0,1,0,0,106,2,12,1
772440,1,1,0,0,0,0,106,2,12,1
772955,1,0,0,1,1,0,106,2,12,1
773119,0,1,0,1,0,0,106,2,12,1
773188,1,0,1,0,0,0,106,2,12,1
773281,0,0,1,1,0,0,106,2,12,1
773316,1,1,1,1,1,0,106,2,12,1
773745,0,1,1,0,1,0,106,2,12,1
774225,1,1,0,0,0,0,106,2,12,1
774249,0,1,1,0,1,0,106,2,12,1
774364,0,1,1,0,1,0,106,2,12,1
775468,1,0,1,0,0,0,106,2,12,1
775771,1,1,1,1,1,0,106,2,12,1
775817,0,0,0,0,1,0,106,2,12,1
776053,0,0,0,0,1,0,106,2,12,1
776595,1,1,1,1,1,0,106,2,12,1
776606,0,0,0,0,1,0,106,2,12,1
776767,0,0,1,1,0,0,106,2,12,1
777858,1,1,0,0,0,0,106,2,12,1
778101,0,1,0,1,0,0,106,2,12,1
778765,1,1,1,1,1,0,106,2,12,1
778996,0,0,1,1,0,0,106,2,12,1
779155,1,1,1,1,1,0,106,2,12,1
780597,0,1,0,1,0,0,106,2,12,1
780805,0,0,1,1,0,0,106,2,12,1
780996,1,1,1,1,1,0,106,2,12,1
781283,0,0,0,0,1,0,106,2,12,1
781380,0,0,1,1,0,0,106,2,12,1
781384,1,1,0,1,0,0,106,2,12,1
782691,1,0,0,0,1,1,106,2,12,1
782804,1,0,0,1,1,0,106,2,12,1
783004,0,1,1,0,1,0,106,2,12,1
783734,0,1,1,0,1,0,106,2,12,1
783751,1,0,1,0,0,0,106,2,12,1
784472,1,0,1,0,0,0,106,2,12,1
784817,1,0,1,0,0,0,106,2,12,1
785323,1,1,1,1,1,0,106,2,12,1
785514,0,1,0,1,0,0,106,2,12,1
785623,1,0,0,1,1,0,106,2,12,1
785637,1,1,1,1,1,0,106,2,12,1
785689,1,1,1,1,1,0,106,2,12,1
785739,0,1,1,0,1,0,106,2,12,1
785854,0,0,1,1,0,0,106,2,12,1
786300,1,1,0,0,0,0,106,2,12,1
786417,0,1,0,1,0,0,106,2,12,1
786962,0,0,0,1,1,1,59,2,12,1
787436,1,1,0,0,0,0,59,2,12,1
787541,1,1,0,0,0,0,59,2,12,1
787604,1,0,0,1,1,0,59,2,12,1
787739,0,1,1,0,1,0,59,2,12,1
788691,1,1,1,1,1,0,59,2,12,1
789308,0,0,0,1,1,1,59,2,12,1
789524,1,0,1,0,0,0,59,2,12,1
789935,0,0,0,0,1,0,59,2,12,1
790251,1,0,0,1,1,0,59,2,12,1
790375,1,1,1,1,1,0,59,2,12,1
790525,0,1,1,0,1,0,59,2,12,1
790601,0,0,0,0,1,0,59,2,12,1
791020,1,1,0,0,0,0,59,2,12,1
791876,0,1,0,1,0,0,59,2,12,1
791883,1,0,0,1,1,0,59,2,12,1
793025,1,0,1,0,0,0,59,2,12,1
793842,1,0,0,1,1,0,59,2,12,1
793942,0,1,1,0,1,0,59,2,12,1
794091,0,1,1,0,1,0,59,2,12,1
794205,1,0,1,1,0,0,59,2,12,1
794266,1,0,1,0,0,0,59,2,12,1
794277,0,0,0,0,1,0,59,2,12,1
794508,1,1,1,1,1,0,59,2,12,1
794869,1,1,0,0,0,0,59,2,12,1
794924,1,1,0,0,0,0,59,2,12,1
795663,1,0,1,0,0,0,59,2,12,1
795976,0,1,1,0,1,0,59,2,12,1
796832,0,1,0,1,0,0,59,2,12,1
797834,1,1,0,0,0,0,59,2,12,1
798528,1,0,1,0,0,0,59,2,12,1
798590,0,0,0,0,1,0,59,2,12,1
799705,0,0,0,0,1,0,59,2,12,1
800294,0,0,1,1,0,0,59,2,12,1
800842,1,0,1,0,0,0,59,2,12,1
801954,0,1,1,0,1,0,59,2,12,1
802068,1,1,1,1,1,0,59,2,12,1
802238,0,1,0,1,0,0,59,2,12,1
802419,1,1,0,0,0,0,59,2,12,1
803378,1,1,0,0,0,0,59,2,12,1
804328,0,0,0,0,1,0,59,2,12,1
805198,1,0,1,0,0,0,59,2,12,1
805980,1,1,0,0,0,0,59,2,12,1
807347,1,0,1,0,0,0,59,2,12,1
807794,1,0,0,1,1,0,59,2,12,1
808169,0,0,0,0,1,0,59,2,12,1
809130,1,0,1,0,0,0,59,2,12,1
809529,1,0,0,1,1,0,59,2,12,1
809825,0,1,1,0,1,0,59,2,12,1
810480,1,1,0,0,0,0,59,2,12,1
810558,1,0,1,0,0,0,59,2,12,1
811246,0,0,0,0,1,0,59,2,12,1
811274,0,0,0,0,1,0,59,2,12,1
812099,1,0,0,1,1,0,59,2,12,1
812130,0,1,1,0,1,0,59,2,12,1
813786,0,1,1,0,1,0,59,2,12,1
816197,0,0,0,0,1,0,59,2,12,1
816703,0,0,0,0,1,0,59,2,12,1
817025,1,1,0,0,0,0,59,2,12,1
818512,0,0,0,0,1,0,59,2,12,1
818618,1,0,1,0,0,0,59,2,12,1
818778,0,1,1,0,1,0,59,2,12,1
818927,0,1,1,0,1,0,59,2,12,1
819057,0,0,0,0,1,0,59,2,12,1
819233,0,0,1,1,0,0,59,2,12,1
819246,0,1,0,1,0,0,59,2,12,1
819539,0,1,1,0,1,0,59,2,12,1
819931,0,0,0,0,1,0,59,2,12,1
820234,1,1,1,1,1,0,59,2,12,1
820411,1,0,0,1,1,0,59,2,12,1
821027,1,0,1,0,0,0,59,2,12,1
821145,1,1,0,0,0,0,59,2,12,1
821983,0,0,0,0,1,0,59,2,12,1
822182,1,1,1,1,1,0,59,2,12,1
822378,1,1,1,0,1,1,59,2,12,1
822463,1,0,0,1,1,0,59,2,12,1
823125,0,1,1,0,1,0,59,2,12,1
823530,0,1,0,1,0,0,59,2,12,1
824093,0,0,0,0,1,0,59,2,12,1
824228,1,1,1,1,1,0,59,2,12,1
824523,0,0,0,0,1,0,59,2,12,1
825073,1,1,1,1,1,0,59,2,12,1
825154,0,1,1,0,1,0,59,2,12,1
826302,1,0,1,0,0,0,59,2,12,1
826919,0,1,0,1,0,0,59,2,12,1
827208,0,1,0,1,0,0,59,2,12,1
827477,0,1,0,0,0,0,59,2,12,1
827564,0,1,0,1,0,0,59,2,12,1
827682,0,1,0,1,0,0,59,2,12,1
829059,1,1,1,1,1,0,59,2,12,1
831237,0,1,0,1,0,0,59,2,12,1
831590,1,0,0,1,1,0,59,2,12,1
831757,1,0,0,1,1,0,59,2,12,1
831967,1,1,0,0,0,0,59,2,12,1
832135,0,1,0,1,0,0,59,2,12,1
832315,1,1,1,1,1,0,59,2,12,1
832342,1,0,0,1,1,0,59,2,12,1
832352,1,0,0,0,1,1,59,2,12,1
832654,1,0,1,1,0,0,59,2,12,1
832934,0,1,1,0,1,0,59,2,12,1
835381,1,0,1,0,0,0,59,2,12,1
835599,1,1,1,1,1,0,59,2,12,1
835988,0,0,0,0,1,0,59,2,12,1
836196,0,1,1,0,1,0,59,2,12,1
836397,0,1,1,0,1,0,59,2,12,1
836637,0,0,1,1,0,0,59,2,12,1
837095,1,1,1,1,1,0,59,2,12,1
837638,1,0,0,1,1,0,59,2,12,1
837717,0,0,1,1,0,0,59,2,12,1
838190,1,1,1,1,1,0,59,2,12,1
838755,1,1,0,1,0,0,59,2,12,1
838944,1,0,0,1,1,0,59,2,12,1
839681,1,0,0,1,1,0,59,2,12,1
840513,1,1,1,1,1,0,59,2,12,1
840778,0,1,0,1,0,0,59,2,12,1
841532,0,1,1,0,1,0,59,2,12,1
841974,1,0,0,1,1,0,59,2,12,1
842096,0,0,1,1,0,0,59,2,12,1
843500,1,1,1,1,1,0,59,2,12,1
844672,1,0,1,0,0,0,59,2,12,1
844832,1,1,0,0,0,0,59,2,12,1
845752,1,1,1,1,1,0,59,2,12,1
846082,0,1,1,0,1,0,59,2,12,1
846448,0,1,0,1,0,0,59,2,12,1
846974,1,0,1,0,0,0,59,2,12,1
847569,0,1,0,1,0,0,59,2,12,1
847681,0,0,1,1,0,0,59,2,12,1
847824,1,1,1,1,1,0,59,2,12,1
847990,1,1,0,0,0,0,59,2,12,1
848052,1,1,1,1,1,0,59,2,12,1
848326,1,1,0,0,0,0,59,2,12,1
849214,1,1,1,1,1,0,59,2,12,1
850249,0,1,1,0,1,0,59,2,12,1
850343,1,1,0,0,0,0,59,2,12,1
850821,0,1,1,0,1,0,59,2,12,1
851301,1,0,0,1,1,0,59,2,12,1
851456,1,1,1,1,1,0,59,2,12,1
851497,1,1,0,0,0,0,59,2,12,1
852198,1,0,0,1,1,0,125,2,12,1
852235,1,0,1,0,0,0,125,2,12,1
852414,1,1,0,0,0,0,125,2,12,1
852641,0,1,0,1,0,0,125,2,12,1
852769,0,1,0,1,0,0,125,2,12,1
853238,0,0,0,0,1,0,125,2,12,1
853560,0,0,0,0,1,0,125,2,12,1
853646,1,0,1,0,0,0,125,2,12,1
853757,0,1,0,1,0,0,125,2,12,1
853807,0,1,0,1,0,0,125,2,12,1
854353,0,1,0,1,0,0,125,2,12,1
854564,0,0,1,1,0,0,125,2,12,1
854665,1,0,0,1,1,0,125,2,12,1
854712,0,0,0,0,1,0,125,2,12,1
855000,0,0,1,1,0,0,125,2,12,1
855280,0,0,1,1,0,0,125,2,12,1
857681,0,0,1,1,0,0,125,2,12,1
857802,1,1,1,1,1,0,125,2,12,1
857850,1,0,0,1,1,0,125,2,12,1
857949,1,0,1,0,0,0,125,2,12,1
858076,1,0,1,0,0,0,125,2,12,1
858160,1,1,1,1,1,0,125,2,12,1
858164,0,1,0,1,0,0,125,2,12,1
858218,1,1,1,1,1,0,125,2,12,1
858487,0,1,1,0,1,0,125,2,12,1
858510,1,1,0,0,0,0,125,2,12,1
858948,0,1,0,1,0,0,125,2,12,1
859114,1,0,0,1,1,0,125,2,12,1
859355,1,1,0,0,0,0,125,2,12,1
859443,1,1,0,0,0,0,125,2,12,1
859551,1,0,0,1,1,0,125,2,12,1
859832,1,1,0,0,0,0,125,2,12,1
860091,0,1,1,0,1,0,125,2,12,1
860171,0,0,0,0,1,0,125,2,12,1
860187,1,1,0,0,0,0,125,2,12,1
860303,0,0,1,1,0,0,125,2,12,1
862032,0,0,1,1,0,0,125,2,12,1
863062,1,0,0,1,1,0,125,2,12,1
863065,0,1,1,0,1,0,125,2,12,1
863170,1,1,1,1,1,0,125,2,12,1
863296,1,1,1,1,1,0,125,2,12,1
863499,1,1,0,0,0,0,125,2,12,1
863540,1,0,1,0,0,0,125,2,12,1
864031,0,1,0,1,0,0,125,2,12,1
864153,1,0,1,0,0,0,125,2,12,1
864176,1,1,1,1,1,0,125,2,12,1
864461,1,1,0,0,0,0,125,2,12,1
864491,0,1,0,1,0,0,125,2,12,1
864630,1,1,1,1,1,0,125,2,12,1
865307,1,1,1,1,1,0,125,2,12,1
865486,0,1,1,0,1,0,125,2,12,1
865758,1,0,1,0,0,0,125,2,12,1
865764,1,0,1,0,0,0,125,2,12,1
866082,0,1,0,1,0,0,125,2,12,1
866099,1,0,1,0,0,0,125,2,12,1
866192,0,1,0,1,0,0,125,2,12,1
866386,1,0,0,0,1,1,125,2,12,1
866544,1,1,0,0,0,0,125,2,12,1
867289,0,1,1,0,1,0,125,2,12,1
867465,1,0,0,1,1,0,125,2,12,1
867687,1,1,0,0,0,0,125,2,12,1
867841,1,1,0,0,0,0,125,2,12,1
867941,0,0,0,0,1,0,125,2,12,1
868037,1,0,1,0,0,0,125,2,12,1
868413,0,0,0,0,1,0,125,2,12,1
868536,1,0,0,1,1,0,125,2,12,1
869215,1,0,0,1,1,0,125,2,12,1
869639,0,1,1,0,1,0,125,2,12,1
870180,0,1,1,0,1,0,125,2,12,1
870280,1,0,0,1,1,0,125,2,12,1
870455,0,1,0,1,0,0,125,2,12,1
870791,1,0,1,0,0,0,125,2,12,1
870826,0,1,0,1,0,0,125,2,12,1
870983,1,1,1,1,1,0,125,2,12,1
871228,0,0,1,1,0,0,125,2,12,1
871764,0,1,0,1,0,0,125,2,12,1
872283,1,1,1,1,1,0,125,2,12,1
872494,1,1,1,1,1,0,125,2,12,1
872560,0,0,1,1,0,0,125,2,12,1
872829,0,0,1,1,0,0,125,2,12,1
873282,0,1,1,0,1,0,125,2,12,1
873380,1,1,1,1,1,0,125,2,12,1
873577,1,0,1,0,0,0,125,2,12,1
873847,1,0,0,1,1,0,125,2,12,1
873899,1,0,0,1,1,0,125,2,12,1
874018,1,0,1,0,0,0,125,2,12,1
874278,1,0,1,0,0,0,125,2,12,1
875318,0,0,0,0,1,0,125,2,12,1
875357,0,0,0,0,1,0,125,2,12,1
875955,0,1,1,0,1,0,125,2,12,1
876595,0,1,1,0,1,0,125,2,12,1
876920,0,1,1,0,1,0,125,2,12,1
877026,0,0,0,0,1,0,125,2,12,1
877028,0,0,1,1,0,0,125,2,12,1
877165,1,0,1,0,0,0,125,2,12,1
877168,1,1,1,1,1,0,125,2,12,1
877493,1,0,1,0,0,0,125,2,12,1
877559,0,1,1,0,1,0,125,2,12,1
877587,0,1,1,0,1,0,125,2,12,1
878243,1,1,0,0,0,0,125,2,12,1
878315,0,1,1,0,1,0,125,2,12,1
878362,0,0,1,1,0,0,125,2,12,1
878445,1,0,0,1,1,0,125,2,12,1
878679,0,0,1,1,0,0,125,2,12,1
878809,1,1,0,0,0,0,125,2,12,1
879205,0,1,0,1,0,0,125,2,12,1
879262,1,0,1,0,0,0,125,2,12,1
879344,0,1,0,1,0,0,125,2,12,1
879735,0,0,0,0,1,0,125,2,12,1
879975,0,0,0,1,1,1,125,2,12,1
880408,0,1,1,0,1,0,125,2,12,1
880499,0,1,0,1,0,0,125,2,12,1
880551,1,0,1,0,0,0,125,2,12,1
880899,0,0,1,1,0,0,125,2,12,1
880934,1,0,1,0,0,0,125,2,12,1
880997,0,1,1,0,1,0,125,2,12,1
881057,1,0,1,0,0,0,125,2,12,1
881065,0,0,0,0,1,0,125,2,12,1
881212,0,0,1,1,0,0,125,2,12,1
881323,0,1,1,0,1,0,125,2,12,1
881444,1,1,0,0,0,0,125,2,12,1
881890,1,1,0,0,0,0,125,2,12,1
882018,1,0,0,1,1,0,125,2,12,1
882333,0,1,0,1,0,0,125,2,12,1
882650,0,1,1,0,1,0,125,2,12,1
882825,1,0,0,1,1,0,125,2,12,1
882905,1,0,1,0,0,0,125,2,12,1
883091,0,0,0,0,1,0,125,2,12,1
883523,1,0,0,1,1,0,125,2,12,1
884092,1,0,0,1,1,0,125,2,12,1
884199,0,1,0,1,0,0,125,2,12,1
884346,0,1,1,0,1,0,125,2,12,1
884700,1,1,1,1,1,0,125,2,12,1
884970,0,1,0,1,0,0,125,2,12,1
885164,1,1,1,1,1,0,125,2,12,1
885293,0,0,1,1,0,0,125,2,12,1
885347,0,0,0,0,1,0,125,2,12,1
885438,0,0,1,1,0,0,125,2,12,1
885977,1,0,0,1,1,0,125,2,12,1
886301,1,1,0,0,0,0,125,2,12,1
887106,1,0,1,0,0,0,125,2,12,1
887474,0,0,1,1,0,0,125,2,12,1
887795,1,1,1,1,1,0,125,2,12,1
888219,0,0,1,1,0,0,125,2,12,1
888360,1,1,0,0,0,0,125,2,12,1
888436,0,1,1,0,1,0,125,2,12,1
888513,0,0,0,0,1,0,125,2,12,1
888694,1,1,0,0,0,0,125,2,12,1
888892,1,0,0,1,1,0,125,2,12,1
888928,1,1,1,1,1,0,125,2,12,1
889476,1,1,1,1,1,0,125,2,12,1
889822,1,1,0,0,0,0,125,2,12,1
889867,1,0,1,0,0,0,125,2,12,1
890179,1,1,0,0,0,0,125,2,12,1
890187,1,1,1,1,1,0,125,2,12,1
890456,1,0,0,1,1,0,125,2,12,1
891152,0,0,0,0,1,0,125,2,12,1
891453,1,1,0,0,0,0,125,2,12,1
892218,0,1,1,0,1,0,125,2,12,1
892285,1,0,1,0,0,0,125,2,12,1
892374,0,1,0,1,0,0,125,2,12,1
892430,0,1,1,0,1,0,125,2,12,1
892862,1,1,0,0,0,0,125,2,12,1
892875,0,0,1,1,0,0,125,2,12,1
893199,1,0,0,1,1,0,125,2,12,1
893248,0,0,1,1,0,0,125,2,12,1
893491,0,0,0,1,1,1,125,2,12,1
893512,0,0,0,0,1,0,125,2,12,1
894216,1,0,1,0,0,0,125,2,12,1
894475,0,0,1,1,0,0,125,2,12,1
894492,1,0,1,0,0,0,125,2,12,1
895040,0,1,0,1,0,0,125,2,12,1
895185,0,1,0,1,0,0,125,2,12,1
895195,1,1,0,0,0,0,125,2,12,1
895203,1,0,0,1,1,0,125,2,12,1
895460,0,1,1,0,1,0,125,2,12,1
895499,0,0,1,1,0,0,125,2,12,1
895979,0,1,0,1,0,0,125,2,12,1
896088,0,0,1,1,0,0,125,2,12,1
896288,0,1,0,1,0,0,125,2,12,1
896429,0,0,0,0,1,0,125,2,12,1
896681,0,0,1,1,0,0,125,2,12,1
896820,0,1,0,1,0,0,125,2,12,1
897347,0,0,1,1,0,0,125,2,12,1
897379,0,1,0,1,0,0,125,2,12,1
897907,0,0,0,1,1,1,125,2,12,1
899443,1,0,0,1,1,0,125,2,12,1
899799,0,1,1,0,1,0,125,2,12,1
900613,1,0,0,1,1,0,125,2,12,1
900630,0,0,0,0,1,0,125,2,12,1
900698,0,1,0,1,0,0,125,2,12,1
901098,1,0,1,0,0,0,125,2,12,1
901311,0,0,0,0,1,0,125,2,12,1
901533,0,0,0,0,1,0,125,2,12,1
901629,1,1,1,1,1,0,125,2,12,1
902048,0,1,1,0,1,0,125,2,12,1
902297,1,1,1,1,1,0,125,2,12,1
902461,0,0,0,0,1,0,125,2,12,1
902958,0,1,1,0,1,0,125,2,12,1
903415,0,0,0,0,1,0,125,2,12,1
903616,1,1,1,1,1,0,125,2,12,1
903743,0,0,0,0,1,0,125,2,12,1
903783,0,1,0,1,0,0,125,2,12,1
904263,1,1,0,0,0,0,125,2,12,1
904637,0,1,0,1,0,0,125,2,12,1
904678,0,0,1,1,0,0,125,2,12,1
904871,0,1,1,0,1,0,125,2,12,1
905392,1,0,0,1,1,0,125,2,12,1
906172,0,1,1,0,1,0,125,2,12,1
906476,1,1,1,1,1,0,125,2,12,1
906486,1,0,0,1,1,0,125,2,12,1
906912,1,0,1,0,0,0,125,2,12,1
907018,1,0,0,1,1,0,125,2,12,1
907321,1,0,1,0,0,0,125,2,12,1
907469,0,0,1,1,0,0,125,2,12,1
907655,1,1,0,1,0,0,125,2,12,1
907659,0,1,0,1,0,0,125,2,12,1
908019,0,1,0,1,0,0,125,2,12,1
908053,1,1,0,0,0,0,125,2,12,1
908123,1,0,1,0,0,0,125,2,12,1
908160,0,1,1,0,1,0,125,2,12,1
908168,0,0,0,0,1,0,125,2,12,1
908836,1,1,0,0,0,0,125,2,12,1
909036,1,1,1,1,1,0,125,2,12,1
909488,1,1,0,0,0,0,125,2,12,1
909865,0,1,1,1,1,1,125,2,12,1
909887,0,1,1,0,1,0,125,2,12,1
909992,0,0,1,0,0,0,125,2,12,1
910042,1,0,1,0,0,0,125,2,12,1
910342,1,0,0,1,1,0,125,2,12,1
910393,0,0,0,0,1,0,125,2,12,1
910726,0,0,0,0,1,0,125,2,12,1
911203,0,1,0,1,0,0,125,2,12,1
911367,1,1,0,0,0,0,125,2,12,1
911441,0,1,0,1,0,0,125,2,12,1
911485,0,1,0,1,0,0,125,2,12,1
912006,0,1,1,0,1,0,125,2,12,1
912122,0,0,0,0,1,0,125,2,12,1
912282,1,0,1,0,0,0,125,2,12,1
912709,0,1,0,0,0,0,125,2,12,1
912752,0,0,0,0,1,0,125,2,12,1
912756,0,0,1,1,0,0,125,2,12,1
913494,1,0,1,0,0,0,125,2,12,1
913531,1,1,1,1,1,0,125,2,12,1
913598,0,0,0,0,1,0,125,2,12,1
913765,1,0,0,1,1,0,125,2,12,1
913937,1,1,1,1,1,0,125,2,12,1
914593,0,0,0,1,1,1,125,2,12,1
914607,1,1,0,0,0,0,125,2,12,1
914836,0,0,1,1,0,0,125,2,12,1
914985,1,0,0,0,1,1,125,2,12,1
915072,1,0,0,1,1,0,125,2,12,1
915119,0,1,0,1,0,0,125,2,12,1
915537,1,1,0,0,0,0,125,2,12,1
915745,1,0,1,0,0,0,125,2,12,1
916076,0,0,1,1,0,0,125,2,12,1
916296,0,0,1,1,0,0,125,2,12,1
916683,1,0,0,1,1,0,125,2,12,1
916688,1,0,1,0,0,0,125,2,12,1
916737,0,1,0,1,0,0,125,2,12,1
916780,0,0,0,0,1,0,125,2,12,1
916950,0,0,1,1,0,0,125,2,12,1
917185,0,0,1,1,0,0,125,2,12,1
917394,1,0,0,1,1,0,125,2,12,1
917593,1,0,1,0,0,0,87,2,12,1
917651,0,0,1,1,0,0,87,2,12,1
917703,0,1,0,1,0,0,87,2,12,1
917806,1,1,1,1,1,0,87,2,12,1
918522,0,1,0,1,0,0,87,2,12,1
918828,0,0,1,1,0,0,87,2,12,1
919979,1,1,0,0,0,0,87,2,12,1
920629,1,1,1,1,1,0,87,2,12,1
920988,0,0,0,0,1,0,87,2,12,1
921639,0,1,1,0,1,0,87,2,12,1
922609,0,0,0,0,1,0,87,2,12,1
922912,0,0,0,0,1,0,87,2,12,1
923064,1,0,1,0,0,0,87,2,12,1
923790,1,0,1,0,0,0,87,2,12,1
924039,0,0,1,1,0,0,87,2,12,1
924564,0,0,1,1,0,0,87,2,12,1
924804,1,1,1,1,1,0,87,2,12,1
925272,0,1,0,1,0,0,87,2,12,1
925485,1,1,0,0,0,0,87,2,12,1
925713,1,0,0,1,1,0,87,2,12,1
925843,1,0,0,1,1,0,87,2,12,1
926194,1,1,0,0,0,0,87,2,12,1
926300,1,1,0,0,0,0,87,2,12,1
926763,0,1,1,0,1,0,87,2,12,1
927064,0,0,0,0,1,0,87,2,12,1
927071,1,1,0,0,0,0,87,2,12,1
927105,0,1,1,0,1,0,87,2,12,1
927697,1,0,0,1,1,0,87,2,12,1
928170,1,1,0,0,0,0,87,2,12,1
928655,1,1,1,1,1,0,87,2,12,1
928783,1,0,0,1,1,0,87,2,12,1
929109,0,1,0,1,0,0,87,2,12,1
929493,1,1,1,1,1,0,87,2,12,1
929525,0,0,0,0,1,0,87,2,12,1
930166,0,0,0,0,1,0,87,2,12,1
930491,1,0,0,1,1,0,87,2,12,1
930530,0,1,1,1,1,1,87,2,12,1
931258,0,1,1,0,1,0,87,2,12,1
931540,1,1,1,1,1,0,87,2,12,1
932074,0,0,0,0,1,0,87,2,12,1
932141,0,1,0,1,0,0,87,2,12,1
932428,0,0,0,0,1,0,87,2,12,1
932602,0,0,0,0,1,0,87,2,12,1
932912,0,0,0,0,1,0,87,2,12,1
933253,0,1,0,1,0,0,87,2,12,1
933581,1,1,0,0,0,0,87,2,12,1
934048,0,0,0,0,1,0,87,2,12,1
934632,1,1,0,0,0,0,87,2,12,1
934725,0,0,0,0,1,0,87,2,12,1
935413,0,1,1,0,1,0,87,2,12,1
935441,0,0,0,0,1,0,87,2,12,1
935675,0,1,1,0,1,0,87,2,12,1
935728,1,0,1,0,0,0,87,2,12,1
936460,0,0,0,1,1,1,87,2,12,1
937778,0,0,1,1,0,0,87,2,12,1
938239,1,0,1,0,0,0,87,2,12,1
938338,0,0,0,0,1,0,87,2,12,1
938482,1,0,0,1,1,0,87,2,12,1
938853,1,1,0,0,0,0,87,2,12,1
939326,1,0,1,0,0,0,87,2,12,1
940060,0,0,1,1,0,0,87,2,12,1
940554,0,1,1,0,1,0,87,2,12,1
940756,0,1,1,0,1,0,87,2,12,1
940879,1,0,1,0,0,0,87,2,12,1
941721,0,1,0,1,0,0,87,2,12,1
941835,1,1,1,1,1,0,87,2,12,1
942498,0,1,0,1,0,0,87,2,12,1
942650,0,0,1,1,0,0,87,2,12,1
942715,0,1,1,1,1,1,87,2,12,1
943229,1,1,0,0,0,0,87,2,12,1
944039,1,1,1,1,1,0,87,2,12,1
944047,0,0,1,1,0,0,87,2,12,1
944609,1,1,1,1,1,0,87,2,12,1
944681,0,1,1,0,1,0,87,2,12,1
945059,0,1,0,1,0,0,87,2,12,1
945072,1,1,1,1,1,0,87,2,12,1
945930,0,1,1,0,1,0,87,2,12,1
945981,0,0,0,0,1,0,87,2,12,1
946010,0,1,0,1,0,0,87,2,12,1
946284,0,1,1,0,1,0,87,2,12,1
946292,1,1,0,0,0,0,87,2,12,1
946415,0,1,0,1,0,0,87,2,12,1
946974,0,1,1,0,1,0,87,2,12,1
947019,0,1,1,0,1,0,87,2,12,1
947382,1,0,1,0,0,0,87,2,12,1
948208,0,0,0,0,1,0,87,2,12,1
948653,1,0,0,1,1,0,87,2,12,1
949184,0,0,1,1,0,0,87,2,12,1
949200,1,0,0,1,1,0,87,2,12,1
949681,0,0,1,1,0,0,87,2,12,1
950086,0,0,0,0,1,0,87,2,12,1
950938,0,1,0,1,0,0,87,2,12,1
951379,1,0,0,1,1,0,87,2,12,1
951449,0,1,0,1,0,0,87,2,12,1
951451,1,0,1,0,0,0,87,2,12,1
951993,1,1,0,0,0,0,87,2,12,1
952065,0,1,1,0,1,0,87,2,12,1
952175,1,0,1,0,0,0,87,2,12,1
952683,0,0,1,1,0,0,87,2,12,1
953003,0,0,1,0,0,0,87,2,12,1
954237,1,1,0,0,0,0,87,2,12,1
955295,0,1,1,0,1,0,87,2,12,1
955337,0,0,0,0,1,0,87,2,12,1
956260,0,0,1,1,0,0,87,2,12,1
956308,1,0,0,1,1,0,87,2,12,1
956331,0,1,0,1,0,0,87,2,12,1
957145,0,1,0,1,0,0,87,2,12,1
957378,1,1,0,0,0,0,87,2,12,1
957532,1,1,1,0,1,1,87,2,12,1
957591,1,1,1,1,1,0,87,2,12,1
958105,0,1,1,0,1,0,87,2,12,1
958362,0,0,1,1,0,0,87,2,12,1
959958,0,1,1,1,1,1,87,2,12,1
961056,0,1,0,0,0,0,87,2,12,1
961713,1,1,1,1,1,0,87,2,12,1
961903,1,0,1,0,0,0,87,2,12,1
962524,0,0,0,0,1,0,87,2,12,1
963019,1,1,1,1,1,0,87,2,12,1
963259,0,0,0,0,1,0,87,2,12,1
963539,1,1,1,1,1,0,87,2,12,1
963802,1,1,1,1,1,0,87,2,12,1
964306,1,0,0,1,1,0,87,2,12,1
964622,0,0,1,1,0,0,87,2,12,1
964724,0,1,1,0,1,0,87,2,12,1
964856,0,1,1,0,1,0,87,2,12,1
965209,1,0,0,1,1,0,87,2,12,1
965605,1,1,1,1,1,0,87,2,12,1
965765,0,0,1,1,0,0,87,2,12,1
966140,0,1,1,0,1,0,87,2,12,1
966145,0,1,0,1,0,0,87,2,12,1
966187,1,1,1,1,1,0,87,2,12,1
966924,0,1,0,1,0,0,87,2,12,1
968415,1,0,0,1,1,0,87,2,12,1
968494,1,0,1,1,0,0,87,2,12,1
968932,1,0,0,1,1,0,87,2,12,1
969068,0,0,1,1,0,0,87,2,12,1
969163,1,0,0,1,1,0,87,2,12,1
969892,0,0,0,0,1,0,87,2,12,1
969941,0,0,1,1,0,0,87,2,12,1
969948,1,0,0,1,1,0,87,2,12,1
970229,1,0,0,1,1,0,87,2,12,1
971020,1,1,0,0,0,0,87,2,12,1
971537,1,0,0,1,1,0,87,2,12,1
971832,1,1,0,0,0,0,87,2,12,1
971840,0,1,0,1,0,0,87,2,12,1
972088,0,1,0,1,0,0,87,2,12,1
972183,0,0,1,1,0,0,87,2,12,1
972978,0,0,0,0,1,0,87,2,12,1
973519,1,1,1,1,1,0,87,2,12,1
973532,0,0,1,1,0,0,87,2,12,1
974003,0,0,0,0,1,0,87,2,12,1
974080,0,0,1,1,0,0,87,2,12,1
975270,0,0,1,1,0,0,87,2,12,1
975659,1,0,1,0,0,0,87,2,12,1
976051,1,0,0,1,1,0,87,2,12,1
976666,0,0,0,1,1,1,87,2,12,1
976774,0,1,1,1,1,1,87,2,12,1
977199,0,1,0,1,0,0,87,2,12,1
977505,0,1,0,0,0,0,87,2,12,1
977749,0,0,0,0,1,0,87,2,12,1
978218,1,0,0,1,1,0,87,2,12,1
978428,0,1,0,1,0,0,87,2,12,1
978495,1,1,1,1,1,0,87,2,12,1
978739,1,1,0,0,0,0,87,2,12,1
978847,0,0,0,0,1,0,87,2,12,1
978952,1,1,0,1,0,0,87,2,12,1
979256,0,0,0,1,1,1,87,2,12,1
979915,1,1,1,1,1,0,87,2,12,1
981068,0,1,1,0,1,0,87,2,12,1
981258,1,1,1,1,1,0,87,2,12,1
981360,1,0,1,0,0,0,87,2,12,1
982153,0,1,0,1,0,0,87,2,12,1
982322,0,1,1,0,1,0,87,2,12,1
982606,1,1,0,0,0,0,87,2,12,1
982792,1,1,0,0,0,0,87,2,12,1
983347,0,0,1,1,0,0,128,2,12,1
983542,1,1,0,0,0,0,128,2,12,1
983644,1,1,0,0,0,0,128,2,12,1
983863,0,1,0,1,0,0,128,2,12,1
984026,0,1,1,0,1,0,128,2,12,1
984079,1,1,1,1,1,0,128,2,12,1
984129,0,0,1,1,0,0,128,2,12,1
984145,1,0,1,0,0,0,128,2,12,1
984395,0,0,0,0,1,0,128,2,12,1
984502,0,0,1,1,0,0,128,2,12,1
984633,0,0,1,1,0,0,128,2,12,1
984744,0,0,0,0,1,0,128,2,12,1
984774,0,0,1,1,0,0,128,2,12,1
984878,0,0,0,0,1,0,128,2,12,1
985092,1,1,0,0,0,0,128,2,12,1
985125,1,0,0,1,1,0,128,2,12,1
985139,0,1,0,1,0,0,128,2,12,1
985184,0,0,0,0,1,0,128,2,12,1
985474,0,0,1,1,0,0,128,2,12,1
986059,0,0,0,0,1,0,128,2,12,1
986141,1,1,0,0,0,0,128,2,12,1
986322,0,0,0,0,1,0,128,2,12,1
986509,1,0,0,1,1,0,128,2,12,1
986533,1,1,1,1,1,0,128,2,12,1
986683,0,0,0,0,1,0,128,2,12,1
986881,1,1,1,1,1,0,128,2,12,1
986996,0,1,0,1,0,0,128,2,12,1
987192,0,0,1,1,0,0,128,2,12,1
987440,0,1,1,0,1,0,128,2,12,1
987850,1,0,1,0,0,0,128,2,12,1
989092,0,0,1,1,0,0,128,2,12,1
989269,1,1,0,0,0,0,128,2,12,1
989498,1,0,0,1,1,0,128,2,12,1
989672,1,1,1,1,1,0,128,2,12,1
989760,1,0,0,1,1,0,128,2,12,1
989787,1,0,0,1,1,0,128,2,12,1
989868,0,0,0,0,1,0,128,2,12,1
990091,0,1,0,1,0,0,128,2,12,1
990237,0,1,1,0,1,0,128,2,12,1
990246,0,1,1,1,1,1,128,2,12,1
990375,1,0,1,0,0,0,128,2,12,1
990569,0,0,1,1,0,0,128,2,12,1
990754,1,0,0,1,1,0,128,2,12,1
990943,1,0,0,1,1,0,128,2,12,1
991517,1,1,1,1,1,0,128,2,12,1
991897,0,1,0,1,0,0,128,2,12,1
992070,0,1,0,1,0,0,128,2,12,1
993136,1,0,1,0,0,0,128,2,12,1
993662,1,1,0,0,0,0,128,2,12,1
993789,1,1,0,0,0,0,128,2,12,1
994631,0,0,0,0,1,0,128,2,12,1
994859,1,1,0,0,0,0,128,2,12,1
994918,0,1,0,1,0,0,128,2,12,1
995133,0,0,0,0,1,0,128,2,12,1
995213,0,1,1,1,1,1,128,2,12,1
995259,1,0,0,1,1,0,128,2,12,1
996041,1,1,1,1,1,0,128,2,12,1
996663,0,0,1,1,0,0,128,2,12,1
996880,1,1,1,1,1,0,128,2,12,1
997055,0,1,0,1,0,0,128,2,12,1
997467,1,0,1,0,0,0,128,2,12,1
997857,1,1,1,1,1,0,128,2,12,1
997913,1,1,0,0,0,0,128,2,12,1
998374,0,0,1,1,0,0,128,2,12,1
998778,1,0,1,0,0,0,128,2,12,1
998860,1,0,1,0,0,0,128,2,12,1
999089,0,1,0,1,0,0,128,2,12,1
999111,0,1,1,0,1,0,128,2,12,1
999137,0,0,0,0,1,0,128,2,12,1
999283,0,1,0,0,0,0,128,2,12,1
999291,1,0,1,0,0,0,128,2,12,1
999718,0,1,0,1,0,0,128,2,12,1
1000230,1,0,0,1,1,0,128,2,12,1
1000603,1,1,1,1,1,0,128,2,12,1
1000608,0,1,0,1,0,0,128,2,12,1
1001006,1,0,1,0,0,0,128,2,12,1
1001222,0,0,1,1,0,0,128,2,12,1
1001895,1,0,0,1,1,0,128,2,12,1
1001947,0,1,0,1,0,0,128,2,12,1
1002124,1,1,1,1,1,0,128,2,12,1
1002219,1,1,0,0,0,0,128,2,12,1
1002937,1,1,0,0,0,0,128,2,12,1
1003101,1,0,1,0,0,0,128,2,12,1
1003139,1,0,0,1,1,0,128,2,12,1
1003192,0,1,0,1,0,0,128,2,12,1
1003577,0,0,1,1,0,0,128,2,12,1
1003584,0,0,1,1,0,0,128,2,12,1
1003624,1,1,0,0,0,0,128,2,12,1
1003997,1,0,1,0,0,0,128,2,12,1
1004420,1,0,1,0,0,0,128,2,12,1
1004435,1,0,1,0,0,0,128,2,12,1
1004486,1,0,0,1,1,0,128,2,12,1
1004537,1,0,1,0,0,0,128,2,12,1
1004762,0,1,0,1,0,0,128,2,12,1
1005124,1,0,0,1,1,0,128,2,12,1
1005241,0,0,1,1,0,0,128,2,12,1
1006037,0,1,0,1,0,0,128,2,12,1
1006586,0,1,1,0,1,0,128,2,12,1
1006626,0,1,0,1,0,0,128,2,12,1
1006646,0,1,0,1,0,0,128,2,12,1
1006717,0,1,1,0,1,0,128,2,12,1
1006971,1,0,0,1,1,0,128,2,12,1
1006978,0,0,1,1,0,0,128,2,12,1
1007556,0,0,1,0,0,0,128,2,12,1
1007608,1,1,1,1,1,0,128,2,12,1
1007677,0,0,1,1,0,0,128,2,12,1
1007895,1,0,1,0,0,0,128,2,12,1
1007941,1,0,0,1,1,0,128,2,12,1
1008216,1,1,0,0,0,0,128,2,12,1
1008382,1,1,0,0,0,0,128,2,12,1
1008434,1,0,0,1,1,0,128,2,12,1
1008877,0,0,0,0,1,0,128,2,12,1
1009178,0,1,0,1,0,0,128,2,12,1
1009219,1,1,1,1,1,0,128,2,12,1
1009337,0,1,1,0,1,0,128,2,12,1
1009395,1,0,0,1,1,0,128,2,12,1
1009527,0,0,1,1,0,0,128,2,12,1
1009621,0,0,0,0,1,0,128,2,12,1
1010263,0,0,1,1,0,0,128,2,12,1
1010443,1,1,1,1,1,0,128,2,12,1
1010582,1,1,1,1,1,0,128,2,12,1
1010653,1,1,0,0,0,0,128,2,12,1
1010818,1,1,0,0,0,0,128,2,12,1
1010923,1,0,1,0,0,0,128,2,12,1
1011131,1,0,1,0,0,0,128,2,12,1
1011304,0,1,1,0,1,0,128,2,12,1
1011587,1,1,0,0,0,0,128,2,12,1
1012279,1,0,0,1,1,0,128,2,12,1
1012854,0,0,1,1,0,0,128,2,12,1
1012932,1,0,0,1,1,0,128,2,12,1
1013008,1,1,0,1,0,0,128,2,12,1
1013223,1,0,0,1,1,0,128,2,12,1
1013247,1,1,1,1,1,0,128,2,12,1
1013335,0,1,0,1,0,0,128,2,12,1
1013457,1,0,0,1,1,0,128,2,12,1
1013545,0,1,1,0,1,0,128,2,12,1
1014011,0,0,0,0,1,0,128,2,12,1
1014325,1,0,1,0,0,0,128,2,12,1
1014564,0,0,0,0,1,0,128,2,12,1
1014664,0,0,1,1,0,0,128,2,12,1
1015113,0,0,1,1,0,0,128,2,12,1
1015232,1,0,1,0,0,0,128,2,12,1
1015579,0,1,0,1,0,0,128,2,12,1
1015926,1,0,0,1,1,0,128,2,12,1
1016118,1,0,0,1,1,0,128,2,12,1
1016261,0,0,0,0,1,0,128,2,12,1
1016325,1,0,0,0,1,1,128,2,12,1
1016638,1,1,0,0,0,0,128,2,12,1
1016992,1,1,1,1,1,0,128,2,12,1
1017290,0,0,1,1,0,0,128,2,12,1
1017869,1,1,1,1,1,0,128,2,12,1
1017965,1,0,1,0,0,0,128,2,12,1
1018255,0,0,1,1,0,0,128,2,12,1
1018508,1,1,1,1,1,0,128,2,12,1
1018519,0,1,0,1,0,0,128,2,12,1
1018542,0,1,1,0,1,0,128,2,12,1
1018989,0,1,0,1,0,0,128,2,12,1
1019036,1,1,0,0,0,0,128,2,12,1
1019858,1,1,0,0,0,0,128,2,12,1
1019953,0,0,1,1,0,0,128,2,12,1
1019960,0,1,0,0,0,0,128,2,12,1
1020104,1,0,0,1,1,0,128,2,12,1
1020626,1,0,1,0,0,0,128,2,12,1
1020714,0,0,1,1,0,0,128,2,12,1
1021063,1,1,1,1,1,0,128,2,12,1
1021173,0,1,0,1,0,0,128,2,12,1
1021365,1,0,0,1,1,0,128,2,12,1
1021430,0,0,1,1,0,0,128,2,12,1
1022398,0,1,0,1,0,0,128,2,12,1
1022407,1,1,1,1,1,0,128,2,12,1
1022646,1,1,1,1,1,0,128,2,12,1
1023070,1,1,0,0,0,0,128,2,12,1
1023614,0,1,1,0,1,0,128,2,12,1
1023927,1,0,1,0,0,0,128,2,12,1
1024052,1,1,1,1,1,0,128,2,12,1
1024229,0,1,0,1,0,0,128,2,12,1
1024829,1,0,0,1,1,0,128,2,12,1
1025157,1,0,1,0,0,0,128,2,12,1
1025552,1,0,0,1,1,0,128,2,12,1
1025678,0,0,0,0,1,0,128,2,12,1
1025696,0,0,0,0,1,0,128,2,12,1
1025924,0,0,0,0,1,0,128,2,12,1
1026276,0,1,0,1,0,0,128,2,12,1
1027028,1,0,0,1,1,0,128,2,12,1
1027173,1,1,1,1,1,0,128,2,12,1
1027364,1,0,1,0,0,0,128,2,12,1
1027451,1,0,1,0,0,0,128,2,12,1
1027572,1,1,1,1,1,0,128,2,12,1
1027846,1,0,1,0,0,0,128,2,12,1
1027961,0,0,0,0,1,0,128,2,12,1
1028024,0,1,0,1,0,0,128,2,12,1
1028143,0,0,0,1,1,1,128,2,12,1
1028676,0,0,0,0,1,0,128,2,12,1
1028780,1,0,1,0,0,0,128,2,12,1
1028853,1,0,1,0,0,0,128,2,12,1
1029274,0,0,1,0,0,0,128,2,12,1
1029479,0,1,1,0,1,0,128,2,12,1
1030431,1,1,1,1,1,0,128,2,12,1
1030509,1,1,0,1,0,0,128,2,12,1
1031098,1,1,0,0,0,0,128,2,12,1
1031198,1,0,0,1,1,0,128,2,12,1
1031609,0,0,0,0,1,0,128,2,12,1
1031722,0,1,1,0,1,0,128,2,12,1
1031770,0,1,0,1,0,0,128,2,12,1
1032305,0,1,0,1,0,0,128,2,12,1
1032487,1,1,0,0,0,0,128,2,12,1
1032621,1,1,1,0,1,1,128,2,12,1
1032646,0,0,1,1,0,0,128,2,12,1
1032778,1,1,0,0,0,0,128,2,12,1
1033050,1,0,0,1,1,0,128,2,12,1
1033234,0,1,1,0,1,0,128,2,12,1
1033245,1,1,1,1,1,0,128,2,12,1
1033587,0,1,1,0,1,0,128,2,12,1
1033876,1,0,0,1,1,0,128,2,12,1
1033937,1,1,0,0,0,0,128,2,12,1
1033996,1,1,0,0,0,0,128,2,12,1
1034354,0,0,0,0,1,0,128,2,12,1
1034748,1,1,1,1,1,0,128,2,12,1
1034829,0,0,1,1,0,0,128,2,12,1
1034930,0,0,0,0,1,0,128,2,12,1
1034959,0,0,1,1,0,0,128,2,12,1
1035159,1,0,1,0,0,0,128,2,12,1
1035184,1,1,0,0,0,0,128,2,12,1
1035510,0,1,1,0,1,0,128,2,12,1
1036322,1,1,1,1,1,0,128,2,12,1
1036517,0,0,1,1,0,0,128,2,12,1
1036686,1,0,0,1,1,0,128,2,12,1
1036863,0,0,1,1,0,0,128,2,12,1
1037004,1,1,0,0,0,0,128,2,12,1
1037268,1,1,0,1,0,0,128,2,12,1
1037555,0,1,0,1,0,0,128,2,12,1
1037615,0,0,1,1,0,0,128,2,12,1
1038185,0,1,0,1,0,0,128,2,12,1
1038195,1,0,1,0,0,0,128,2,12,1
1038321,1,0,0,0,1,1,128,2,12,1
1038388,1,1,1,1,1,0,128,2,12,1
1038642,1,0,0,1,1,0,128,2,12,1
1038931,1,1,0,0,0,0,128,2,12,1
1039085,1,1,1,1,1,0,128,2,12,1
1039163,0,1,0,0,0,0,128,2,12,1
1039182,1,0,0,1,1,0,128,2,12,1
1039208,0,0,1,1,0,0,128,2,12,1
1039687,1,0,0,1,1,0,128,2,12,1
1039728,0,0,0,0,1,0,128,2,12,1
1039736,0,0,0,0,1,0,128,2,12,1
1040330,0,0,0,0,1,0,128,2,12,1
1041123,0,0,1,1,0,0,128,2,12,1
1041304,0,1,1,0,1,0,128,2,12,1
1041648,0,1,0,0,0,0,128,2,12,1
1041675,0,0,1,1,0,0,128,2,12,1
1041698,1,1,0,0,0,0,128,2,12,1
1041825,1,0,1,0,0,0,128,2,12,1
1042168,1,1,1,1,1,0,128,2,12,1
1042275,1,1,0,0,0,0,128,2,12,1
1042394,0,1,1,0,1,0,128,2,12,1
1042474,1,1,1,1,1,0,128,2,12,1
1042642,0,1,0,1,0,0,128,2,12,1
1042670,0,1,1,1,1,1,128,2,12,1
1042693,0,1,1,0,1,0,128,2,12,1
1042913,0,0,1,1,0,0,128,2,12,1
1043156,0,1,0,1,0,0,128,2,12,1
1043175,0,1,1,0,1,0,128,2,12,1
1043490,1,1,0,0,0,0,128,2,12,1
1043515,0,1,0,1,0,0,128,2,12,1
1043775,1,0,0,1,1,0,128,2,12,1
1044081,1,1,1,1,1,0,128,2,12,1
1044463,1,1,1,1,1,0,128,2,12,1
1044539,1,1,1,1,1,0,128,2,12,1
1044691,0,0,0,0,1,0,128,2,12,1
1045348,0,0,0,0,1,0,128,2,12,1
1045571,1,1,1,1,1,0,128,2,12,1
1045703,1,0,1,0,0,0,128,2,12,1
1045808,1,1,1,1,1,0,128,2,12,1
1045854,1,1,0,0,0,0,128,2,12,1
1045872,1,1,0,0,0,0,128,2,12,1
1046212,0,1,1,0,1,0,128,2,12,1
1046304,0,1,0,1,0,0,128,2,12,1
1046574,1,1,1,1,1,0,128,2,12,1
1046763,0,1,1,0,1,0,128,2,12,1
1047106,1,0,0,1,1,0,128,2,12,1
1047653,0,0,1,1,0,0,128,2,12,1
1047814,0,0,1,1,0,0,128,2,12,1
1047925,1,0,0,1,1,0,128,2,12,1
1047962,0,1,0,1,0,0,128,2,12,1
1048320,0,1,1,0,1,0,128,2,12,1
1048395,0,0,1,0,0,0,128,2,12,1
1049215,0,1,1,0,1,0,133,2,12,1
1049231,1,0,0,1,1,0,133,2,12,1
1049301,1,1,1,1,1,0,133,2,12,1
1049892,0,0,0,0,1,0,133,2,12,1
1050054,0,1,0,0,0,0,133,2,12,1
1050261,1,0,0,0,1,1,133,2,12,1
1050280,1,0,1,0,0,0,133,2,12,1
1050358,1,0,0,1,1,0,133,2,12,1
1050360,0,0,0,0,1,0,133,2,12,1
1050538,1,1,0,0,0,0,133,2,12,1
1052308,0,0,1,1,0,0,133,2,12,1
1052427,1,1,1,1,1,0,133,2,12,1
1053426,0,1,1,0,1,0,133,2,12,1
1053727,0,1,0,1,0,0,133,2,12,1
1054325,0,0,0,0,1,0,133,2,12,1
1054437,1,0,1,0,0,0,133,2,12,1
1054851,1,0,1,0,0,0,133,2,12,1
1055234,0,1,0,1,0,0,133,2,12,1
1055276,0,1,1,0,1,0,133,2,12,1
1055286,0,1,0,1,0,0,133,2,12,1
1055837,1,1,0,0,0,0,133,2,12,1
1056002,1,1,0,0,0,0,133,2,12,1
1056584,0,0,1,1,0,0,133,2,12,1
1056686,0,0,1,1,0,0,133,2,12,1
1057032,1,0,1,0,0,0,133,2,12,1
1057084,0,1,1,0,1,0,133,2,12,1
1057362,0,0,1,1,0,0,133,2,12,1
1057545,1,0,0,1,1,0,133,2,12,1
1057615,0,0,0,0,1,0,133,2,12,1
1057833,0,0,0,0,1,0,133,2,12,1
1058136,0,1,0,1,0,0,133,2,12,1
1058672,1,0,1,0,0,0,133,2,12,1
1058705,1,0,0,1,1,0,133,2,12,1
1058717,0,0,1,1,0,0,133,2,12,1
1058811,1,1,0,0,0,0,133,2,12,1
1059168,0,0,0,0,1,0,133,2,12,1
1059579,1,0,0,1,1,0,133,2,12,1
1059829,1,1,1,0,1,1,133,2,12,1
1059921,1,0,0,1,1,0,133,2,12,1
1060468,1,0,0,1,1,0,133,2,12,1
1060999,1,1,0,0,0,0,133,2,12,1
1061170,0,1,0,1,0,0,133,2,12,1
1061192,1,0,1,0,0,0,133,2,12,1
1061357,1,0,1,0,0,0,133,2,12,1
1061514,1,0,0,1,1,0,133,2,12,1
1061593,0,1,0,1,0,0,133,2,12,1
1061860,0,0,0,0,1,0,133,2,12,1
1062021,1,0,1,0,0,0,133,2,12,1
1062347,0,0,0,0,1,0,133,2,12,1
1062846,0,1,1,0,1,0,133,2,12,1
1062867,0,1,0,1,0,0,133,2,12,1
1062892,0,1,0,1,0,0,133,2,12,1
1063109,0,1,1,0,1,0,133,2,12,1
1063997,0,1,1,0,1,0,133,2,12,1
1064262,1,0,0,1,1,0,133,2,12,1
1064511,1,1,0,0,0,0,133,2,12,1
1064680,1,0,1,0,0,0,133,2,12,1
1065146,0,1,1,1,1,1,133,2,12,1
1065382,1,0,0,1,1,0,133,2,12,1
1066072,1,0,1,0,0,0,133,2,12,1
1066118,1,1,1,1,1,0,133,2,12,1
1066145,0,0,0,0,1,0,133,2,12,1
1066201,1,1,1,1,1,0,133,2,12,1
1066276,1,1,1,1,1,0,133,2,12,1
1066420,0,0,0,0,1,0,133,2,12,1
1066465,1,1,1,1,1,0,133,2,12,1
1066659,0,0,1,0,0,0,133,2,12,1
1066904,1,0,0,1,1,0,133,2,12,1
1067149,1,0,1,0,0,0,133,2,12,1
1067501,0,0,0,0,1,0,133,2,12,1
1067780,0,0,1,1,0,0,133,2,12,1
1067902,0,0,1,1,0,0,133,2,12,1
1067913,1,0,0,1,1,0,133,2,12,1
1068124,1,1,1,1,1,0,133,2,12,1
1068307,1,1,1,1,1,0,133,2,12,1
1068531,0,1,1,0,1,0,133,2,12,1
1068716,0,1,1,0,1,0,133,2,12,1
1069550,1,1,0,0,0,0,133,2,12,1
1069746,1,0,0,1,1,0,133,2,12,1
1070460,1,1,1,1,1,0,133,2,12,1
1070503,1,1,0,0,0,0,133,2,12,1
1070591,0,0,1,1,0,0,133,2,12,1
1070675,0,0,0,0,1,0,133,2,12,1
1070679,0,0,1,1,0,0,133,2,12,1
1070749,1,1,1,1,1,0,133,2,12,1
1070823,1,0,0,1,1,0,133,2,12,1
1070884,1,1,0,0,0,0,133,2,12,1
1070989,1,1,0,0,0,0,133,2,12,1
1071077,1,1,0,0,0,0,133,2,12,1
1071211,0,0,0,0,1,0,133,2,12,1
1071214,1,0,1,0,0,0,133,2,12,1
1071329,0,0,0,0,1,0,133,2,12,1
1071702,1,0,0,1,1,0,133,2,12,1
1072055,0,0,0,0,1,0,133,2,12,1
1072156,0,1,1,0,1,0,133,2,12,1
1072168,1,1,0,0,0,0,133,2,12,1
1072192,1,1,1,1,1,0,133,2,12,1
1072300,1,1,1,1,1,0,133,2,12,1
1072739,1,0,0,1,1,0,133,2,12,1
1073032,1,0,1,1,0,0,133,2,12,1
1073204,0,1,0,1,0,0,133,2,12,1
1073741,1,0,1,0,0,0,133,2,12,1
1073776,1,1,0,0,0,0,133,2,12,1
1074058,0,1,0,1,0,0,133,2,12,1
1074297,1,1,1,1,1,0,133,2,12,1
1074316,0,1,0,1,0,0,133,2,12,1
1074492,1,0,1,0,0,0,133,2,12,1
1074611,1,0,1,0,0,0,133,2,12,1
1074803,0,1,1,0,1,0,133,2,12,1
1074998,0,0,1,1,0,0,133,2,12,1
1075274,1,0,1,0,0,0,133,2,12,1
1075279,0,1,1,0,1,0,133,2,12,1
1075289,1,0,0,1,1,0,133,2,12,1
1075351,1,1,0,0,0,0,133,2,12,1
1075668,1,1,1,1,1,0,133,2,12,1
1075690,1,1,1,1,1,0,133,2,12,1
1075996,1,0,0,1,1,0,133,2,12,1
1076039,1,0,0,1,1,0,133,2,12,1
1076040,0,1,0,1,0,0,133,2,12,1
1076523,1,1,0,1,0,0,133,2,12,1
1076549,1,1,0,0,0,0,133,2,12,1
1076807,1,0,1,0,0,0,133,2,12,1
1077460,1,1,1,0,1,1,133,2,12,1
1077560,1,1,0,0,0,0,133,2,12,1
1077585,1,0,0,1,1,0,133,2,12,1
1077613,0,1,0,1,0,0,133,2,12,1
1078003,0,1,0,1,0,0,133,2,12,1
1078264,1,1,1,0,1,1,133,2,12,1
1078326,1,0,0,1,1,0,133,2,12,1
1078486,1,1,0,0,0,0,133,2,12,1
1078494,1,0,1,0,0,0,133,2,12,1
1078939,1,1,1,1,1,0,133,2,12,1
1078958,0,1,0,1,0,0,133,2,12,1
1078961,1,1,0,0,0,0,133,2,12,1
1079116,1,1,0,0,0,0,133,2,12,1
1079705,1,1,1,0,1,1,133,2,12,1
1079989,1,0,1,1,0,0,133,2,12,1
1080009,1,0,1,0,0,0,133,2,12,1
1080112,1,0,0,1,1,0,133,2,12,1
1080135,0,0,0,0,1,0,133,2,12,1
1080692,1,0,1,0,0,0,133,2,12,1
1080830,0,1,0,1,0,0,133,2,12,1
1081012,0,1,1,0,1,0,133,2,12,1
1082160,1,1,1,1,1,0,133,2,12,1
1082419,0,1,1,1,1,1,133,2,12,1
1082469,0,1,0,1,0,0,133,2,12,1
1082642,1,1,1,0,1,1,133,2,12,1
1082764,1,0,0,1,1,0,133,2,12,1
1083070,1,0,1,0,0,0,133,2,12,1
1083101,1,1,1,1,1,0,133,2,12,1
1083427,1,0,1,1,0,0,133,2,12,1
1083711,0,0,0,1,1,1,133,2,12,1
1084265,0,0,0,0,1,0,133,2,12,1
1084268,0,0,0,0,1,0,133,2,12,1
1084468,1,0,0,1,1,0,133,2,12,1
1084746,1,0,0,1,1,0,133,2,12,1
1085046,1,1,0,0,0,0,133,2,12,1
1085065,0,0,0,0,1,0,133,2,12,1
1085175,0,0,0,0,1,0,133,2,12,1
1085283,0,1,1,0,1,0,133,2,12,1
1085541,0,1,1,0,1,0,133,2,12,1
1085683,1,0,0,1,1,0,133,2,12,1
1085772,1,0,1,0,0,0,133,2,12,1
1086931,1,1,0,0,0,0,133,2,12,1
1087112,0,1,1,0,1,0,133,2,12,1
1087822,0,0,1,1,0,0,133,2,12,1
1087962,1,1,0,0,0,0,133,2,12,1
1088378,0,0,1,1,0,0,133,2,12,1
1088441,1,1,1,1,1,0,133,2,12,1
1088508,0,1,1,0,1,0,133,2,12,1
1088568,1,0,1,1,0,0,133,2,12,1
1089098,0,0,1,1,0,0,133,2,12,1
1089254,1,0,0,1,1,0,133,2,12,1
1089281,0,1,0,1,0,0,133,2,12,1
1089377,1,1,1,1,1,0,133,2,12,1
1089477,1,1,1,1,1,0,133,2,12,1
1089483,1,1,0,0,0,0,133,2,12,1
1089719,0,0,1,1,0,0,133,2,12,1
1089778,1,1,1,1,1,0,133,2,12,1
1090243,1,0,0,1,1,0,133,2,12,1
1090379,1,0,0,1,1,0,133,2,12,1
1090522,1,0,1,0,0,0,133,2,12,1
1090629,0,1,1,0,1,0,133,2,12,1
1090891,0,0,0,0,1,0,133,2,12,1
1091037,1,1,1,1,1,0,133,2,12,1
1091159,1,1,1,1,1,0,133,2,12,1
1091314,0,1,1,0,1,0,133,2,12,1
1091601,0,1,1,0,1,0,133,2,12,1
1091701,0,1,1,0,1,0,133,2,12,1
1092197,0,1,1,0,1,0,133,2,12,1
1092792,1,0,1,0,0,0,133,2,12,1
1093021,0,1,0,1,0,0,133,2,12,1
1093380,0,0,1,1,0,0,133,2,12,1
1093497,0,0,1,1,0,0,133,2,12,1
1093505,1,0,0,1,1,0,133,2,12,1
1093602,1,0,0,1,1,0,133,2,12,1
1093729,0,0,0,0,1,0,133,2,12,1
1093754,1,1,1,1,1,0,133,2,12,1
1093755,0,0,0,0,1,0,133,2,12,1
1093809,0,0,1,1,0,0,133,2,12,1
1093875,0,0,1,0,0,0,133,2,12,1
1094130,1,1,0,0,0,0,133,2,12,1
1094195,0,0,1,1,0,0,133,2,12,1
1094378,0,0,0,0,1,0,133,2,12,1
1094380,1,1,0,0,0,0,133,2,12,1
1094505,0,0,1,1,0,0,133,2,12,1
1094535,0,0,0,0,1,0,133,2,12,1
1094664,0,0,1,1,0,0,133,2,12,1
1094877,1,0,1,0,0,0,133,2,12,1
1094893,1,1,1,1,1,0,133,2,12,1
1095001,0,0,1,1,0,0,133,2,12,1
1095580,0,0,1,1,0,0,133,2,12,1
1095858,0,1,1,0,1,0,133,2,12,1
1095923,1,0,1,0,0,0,133,2,12,1
1095953,1,1,1,1,1,0,133,2,12,1
1096127,1,1,1,1,1,0,133,2,12,1
1096501,1,0,0,1,1,0,133,2,12,1
1096548,1,0,1,0,0,0,133,2,12,1
1096555,0,0,0,0,1,0,133,2,12,1
1097284,1,1,0,0,0,0,133,2,12,1
1097369,0,1,0,1,0,0,133,2,12,1
1097516,0,1,1,0,1,0,133,2,12,1
1097860,0,0,1,1,0,0,133,2,12,1
1098354,1,1,1,1,1,0,133,2,12,1
1098573,0,1,0,1,0,0,133,2,12,1
1098911,1,0,1,0,0,0,133,2,12,1
1099480,0,0,1,1,0,0,133,2,12,1
1099551,1,0,0,1,1,0,133,2,12,1
1099687,0,1,0,1,0,0,133,2,12,1
1099757,1,1,0,0,0,0,133,2,12,1
1100161,0,1,0,1,0,0,133,2,12,1
1100601,0,1,1,0,1,0,133,2,12,1
1100871,0,0,0,0,1,0,133,2,12,1
1101298,0,1,1,0,1,0,133,2,12,1
1101547,1,1,1,1,1,0,133,2,12,1
1101584,1,0,1,0,0,0,133,2,12,1
1101704,0,1,0,0,0,0,133,2,12,1
1102273,0,1,0,1,0,0,133,2,12,1
1102358,1,0,1,0,0,0,133,2,12,1
1102781,0,0,1,1,0,0,133,2,12,1
1102831,0,1,1,0,1,0,133,2,12,1
1102976,1,0,1,0,0,0,133,2,12,1
1102987,1,0,0,1,1,0,133,2,12,1
1103165,0,0,0,0,1,0,133,2,12,1
1103302,1,1,1,1,1,0,133,2,12,1
1103386,1,1,0,0,0,0,133,2,12,1
1104106,0,0,1,1,0,0,133,2,12,1
1104611,1,0,1,0,0,0,133,2,12,1
1104900,0,0,1,1,0,0,133,2,12,1
1105107,0,1,0,1,0,0,133,2,12,1
1105465,0,1,0,1,0,0,133,2,12,1
1105574,1,0,0,1,1,0,133,2,12,1
1105834,0,0,1,1,0,0,133,2,12,1
1105876,0,0,0,0,1,0,133,2,12,1
1105909,0,1,1,0,1,0,133,2,12,1
1105975,1,0,0,1,1,0,133,2,12,1
1106196,1,0,1,0,0,0,133,2,12,1
1106314,0,1,1,0,1,0,133,2,12,1
1106615,0,0,1,1,0,0,133,2,12,1
1106862,0,1,1,0,1,0,133,2,12,1
1106957,0,1,0,1,0,0,133,2,12,1
1107061,1,1,1,1,1,0,133,2,12,1
1107394,0,1,1,0,1,0,133,2,12,1
1108138,1,0,0,1,1,0,133,2,12,1
1108146,1,0,0,1,1,0,133,2,12,1
1108564,1,1,0,0,0,0,133,2,12,1
1108580,1,1,1,1,1,0,133,2,12,1
1108581,0,0,1,1,0,0,133,2,12,1
1108833,0,0,0,0,1,0,133,2,12,1
1108862,0,1,1,0,1,0,133,2,12,1
1109005,1,1,0,0,0,0,133,2,12,1
1109008,1,0,1,0,0,0,133,2,12,1
1109044,0,0,0,0,1,0,133,2,12,1
1109174,1,1,1,1,1,0,133,2,12,1
1109359,1,0,0,1,1,0,133,2,12,1
1109641,1,0,1,0,0,0,133,2,12,1
1109897,1,0,0,1,1,0,133,2,12,1
1110000,0,1,1,0,1,0,133,2,12,1
1110099,1,0,1,0,0,0,133,2,12,1
1110146,0,1,1,0,1,0,133,2,12,1
1110147,1,1,0,0,0,0,133,2,12,1
1110279,1,0,0,1,1,0,133,2,12,1
1110522,1,0,1,0,0,0,133,2,12,1
1111268,0,1,1,0,1,0,133,2,12,1
1111541,1,1,1,1,1,0,133,2,12,1
1111815,0,0,0,0,1,0,133,2,12,1
1111825,1,1,0,0,0,0,133,2,12,1
1111967,1,1,1,1,1,0,133,2,12,1
1112337,0,1,1,0,1,0,133,2,12,1
1112511,1,0,1,0,0,0,133,2,12,1
1113008,1,1,1,1,1,0,133,2,12,1
1113019,1,1,0,0,0,0,133,2,12,1
1113136,0,0,0,0,1,0,133,2,12,1
1113243,0,1,1,1,1,1,133,2,12,1
1113408,0,0,1,1,0,0,133,2,12,1
1113458,1,1,1,1,1,0,133,2,12,1
1113770,0,1,0,1,0,0,133,2,12,1
1114077,0,1,0,1,0,0,133,2,12,1
1114260,0,1,1,0,1,0,152,2,12,1
1114538,0,0,0,0,1,0,152,2,12,1
1114641,1,1,1,1,1,0,152,2,12,1
1114703,0,0,1,1,0,0,152,2,12,1
1115053,0,0,0,0,1,0,152,2,12,1
1115144,0,1,0,1,0,0,152,2,12,1
1115372,0,1,0,1,0,0,152,2,12,1
1115466,1,0,1,0,0,0,152,2,12,1
1115515,0,1,0,1,0,0,152,2,12,1
1115651,0,0,0,0,1,0,152,2,12,1
1116079,0,1,0,1,0,0,152,2,12,1
1116294,0,0,1,1,0,0,152,2,12,1
1116302,0,0,0,0,1,0,152,2,12,1
1116787,1,0,1,0,0,0,152,2,12,1
1116935,0,1,0,1,0,0,152,2,12,1
1117106,1,1,1,1,1,0,152,2,12,1
1117112,0,1,1,0,1,0,152,2,12,1
1117438,1,1,0,0,0,0,152,2,12,1
1117725,0,1,1,0,1,0,152,2,12,1
1117936,0,0,1,1,0,0,152,2,12,1
1118055,0,0,0,0,1,0,152,2,12,1
1118234,1,0,1,0,0,0,152,2,12,1
1118337,1,1,1,1,1,0,152,2,12,1
1119155,0,0,1,1,0,0,152,2,12,1
1119268,0,1,0,1,0,0,152,2,12,1
1119360,1,0,0,1,1,0,152,2,12,1
1119539,0,1,0,1,0,0,152,2,12,1
1119714,0,0,0,0,1,0,152,2,12,1
1119789,0,1,1,0,1,0,152,2,12,1
1120483,1,1,1,1,1,0,152,2,12,1
1120737,0,0,1,1,0,0,152,2,12,1
1120796,0,1,0,1,0,0,152,2,12,1
1121188,1,1,0,0,0,0,152,2,12,1
1121222,1,1,1,1,1,0,152,2,12,1
1121654,1,1,1,1,1,0,152,2,12,1
1121733,0,1,0,1,0,0,152,2,12,1
1122018,0,0,1,1,0,0,152,2,12,1
1122175,0,0,0,0,1,0,152,2,12,1
1122216,1,1,0,0,0,0,152,2,12,1
1122515,1,1,0,0,0,0,152,2,12,1
1122927,0,0,1,1,0,0,152,2,12,1
1123740,0,1,0,1,0,0,152,2,12,1
1123766,1,1,0,0,0,0,152,2,12,1
1123901,0,1,1,0,1,0,152,2,12,1
1124039,0,1,0,1,0,0,152,2,12,1
1124131,0,1,1,0,1,0,152,2,12,1
1124231,0,0,1,1,0,0,152,2,12,1
1124358,0,1,0,1,0,0,152,2,12,1
1124619,1,1,0,0,0,0,152,2,12,1
1125157,1,0,1,0,0,0,152,2,12,1
1125317,1,0,1,0,0,0,152,2,12,1
1125590,1,1,0,0,0,0,152,2,12,1
1125796,1,1,1,1,1,0,152,2,12,1
1125865,1,1,0,0,0,0,152,2,12,1
1126061,0,0,0,0,1,0,152,2,12,1
1126100,0,0,1,1,0,0,152,2,12,1
1126207,1,1,1,1,1,0,152,2,12,1
1126278,1,1,0,0,0,0,152,2,12,1
1126931,0,1,0,1,0,0,152,2,12,1
1127467,0,1,0,1,0,0,152,2,12,1
1128138,1,1,0,0,0,0,152,2,12,1
1128550,1,1,0,0,0,0,152,2,12,1
1128566,1,1,0,0,0,0,152,2,12,1
1128715,1,0,0,1,1,0,152,2,12,1
1128941,0,0,0,0,1,0,152,2,12,1
1129603,0,1,0,1,0,0,152,2,12,1
1129707,1,0,1,0,0,0,152,2,12,1
1129723,1,1,0,0,0,0,152,2,12,1
1129808,1,1,1,1,1,0,152,2,12,1
1129991,1,0,0,1,1,0,152,2,12,1
1130188,0,1,0,1,0,0,152,2,12,1
1130654,1,1,0,0,0,0,152,2,12,1
1131185,1,1,1,1,1,0,152,2,12,1
1131237,0,1,0,1,0,0,152,2,12,1
1131287,0,1,0,1,0,0,152,2,12,1
1131434,0,0,1,1,0,0,152,2,12,1
1131435,0,1,0,1,0,0,152,2,12,1
1131579,1,0,1,1,0,0,152,2,12,1
1131944,0,1,1,0,1,0,152,2,12,1
1132314,1,1,1,1,1,0,152,2,12,1
1132674,0,0,1,1,0,0,152,2,12,1
1132709,1,1,0,0,0,0,152,2,12,1
1132718,0,0,0,0,1,0,152,2,12,1
1132980,1,0,1,0,0,0,152,2,12,1
1133101,0,0,1,1,0,0,152,2,12,1
1133256,0,1,0,1,0,0,152,2,12,1
1133270,0,1,1,0,1,0,152,2,12,1
1133751,0,0,0,0,1,0,152,2,12,1
1134192,0,0,1,1,0,0,152,2,12,1
1134284,1,1,0,0,0,0,152,2,12,1
1134752,1,1,1,1,1,0,152,2,12,1
1134804,1,0,1,0,0,0,152,2,12,1
1134902,1,0,0,1,1,0,152,2,12,1
1134939,1,1,0,1,0,0,152,2,12,1
1135037,0,0,1,1,0,0,152,2,12,1
1135258,1,1,0,0,0,0,152,2,12,1
1135480,1,1,0,0,0,0,152,2,12,1
1135713,1,1,1,1,1,0,152,2,12,1
1135752,0,1,0,1,0,0,152,2,12,1
1135772,1,0,1,0,0,0,152,2,12,1
1136006,1,1,0,0,0,0,152,2,12,1
1136036,1,0,0,1,1,0,152,2,12,1
1136155,0,0,1,1,0,0,152,2,12,1
1136183,0,0,1,1,0,0,152,2,12,1
1136184,0,0,1,0,0,0,152,2,12,1
1136371,1,0,1,0,0,0,152,2,12,1
1136456,0,1,1,0,1,0,152,2,12,1
1136584,1,1,0,0,0,0,152,2,12,1
1136839,1,0,0,1,1,0,152,2,12,1
1136858,1,1,1,1,1,0,152,2,12,1
1137115,0,0,0,0,1,0,152,2,12,1
1137343,1,0,0,1,1,0,152,2,12,1
1137918,1,1,0,0,0,0,152,2,12,1
1137936,1,1,0,0,0,0,152,2,12,1
1138020,1,1,0,0,0,0,152,2,12,1
1138297,0,0,0,1,1,1,152,2,12,1
1138703,0,0,0,0,1,0,152,2,12,1
1138858,1,0,0,1,1,0,152,2,12,1
1139331,1,0,1,0,0,0,152,2,12,1
1139336,0,0,1,1,0,0,152,2,12,1
1139364,0,0,1,1,0,0,152,2,12,1
1139479,0,0,1,1,0,0,152,2,12,1
1139488,0,0,0,0,1,0,152,2,12,1
1139663,0,0,1,1,0,0,152,2,12,1
1139708,0,0,0,0,1,0,152,2,12,1
1139737,0,1,1,0,1,0,152,2,12,1
1139750,1,1,1,1,1,0,152,2,12,1
1140140,1,0,0,1,1,0,152,2,12,1
1140175,0,0,1,1,0,0,152,2,12,1
1140502,1,0,1,0,0,0,152,2,12,1
1140504,1,0,0,1,1,0,152,2,12,1
1140545,1,1,0,0,0,0,152,2,12,1
1140815,0,0,1,1,0,0,152,2,12,1
1140856,0,1,1,0,1,0,152,2,12,1
1140937,1,0,0,1,1,0,152,2,12,1
1140979,0,1,1,0,1,0,152,2,12,1
1141333,0,1,1,0,1,0,152,2,12,1
1141642,0,0,1,1,0,0,152,2,12,1
1141648,0,0,0,0,1,0,152,2,12,1
1141674,0,0,1,1,0,0,152,2,12,1
1141968,0,1,0,1,0,0,152,2,12,1
1142116,0,1,0,1,0,0,152,2,12,1
1142220,0,0,0,0,1,0,152,2,12,1
1142255,1,0,1,0,0,0,152,2,12,1
1142272,1,0,0,1,1,0,152,2,12,1
1142352,0,1,0,1,0,0,152,2,12,1
1142733,1,0,0,1,1,0,152,2,12,1
1143245,1,1,1,1,1,0,152,2,12,1
1143270,0,0,0,0,1,0,152,2,12,1
1143345,1,1,0,0,0,0,152,2,12,1
1143629,1,1,0,0,0,0,152,2,12,1
1143816,0,1,0,1,0,0,152,2,12,1
1144002,0,0,1,1,0,0,152,2,12,1
1144838,0,1,1,0,1,0,152,2,12,1
1144948,1,1,1,1,1,0,152,2,12,1
1145513,1,0,1,0,0,0,152,2,12,1
1145868,1,1,0,0,0,0,152,2,12,1
1146073,0,0,1,1,0,0,152,2,12,1
1146092,0,0,0,0,1,0,152,2,12,1
1146411,1,0,0,1,1,0,152,2,12,1
1146455,1,1,1,0,1,1,152,2,12,1
1146531,0,1,0,1,0,0,152,2,12,1
1146839,1,1,1,1,1,0,152,2,12,1
1146948,1,0,1,0,0,0,152,2,12,1
1147273,1,0,0,0,1,1,152,2,12,1
1147396,0,0,1,1,0,0,152,2,12,1
1147853,1,1,1,1,1,0,152,2,12,1
1147904,0,1,0,1,0,0,152,2,12,1
1148012,1,1,0,0,0,0,152,2,12,1
1148068,0,0,1,1,0,0,152,2,12,1
1148199,0,1,0,1,0,0,152,2,12,1
1148248,0,0,0,0,1,0,152,2,12,1
1148360,0,0,0,0,1,0,152,2,12,1
1148485,0,1,1,0,1,0,152,2,12,1
1148568,1,1,1,1,1,0,152,2,12,1
1148694,0,0,0,0,1,0,152,2,12,1
1148955,0,0,0,0,1,0,152,2,12,1
1149093,1,1,0,0,0,0,152,2,12,1
1149533,0,0,0,0,1,0,152,2,12,1
1149638,0,1,1,0,1,0,152,2,12,1
1149963,1,1,0,1,0,0,152,2,12,1
1149973,1,0,0,1,1,0,152,2,12,1
1150081,1,1,0,0,0,0,152,2,12,1
1150137,0,0,1,0,0,0,152,2,12,1
1150315,0,0,1,1,0,0,152,2,12,1
1150368,0,1,0,1,0,0,152,2,12,1
1150373,0,0,0,0,1,0,152,2,12,1
1150399,1,1,1,1,1,0,152,2,12,1
1150529,0,1,0,1,0,0,152,2,12,1
1150608,1,0,0,1,1,0,152,2,12,1
1150610,0,1,0,1,0,0,152,2,12,1
1151361,0,1,1,0,1,0,152,2,12,1
1151639,1,0,0,1,1,0,152,2,12,1
1151794,0,1,1,0,1,0,152,2,12,1
1152045,1,0,0,1,1,0,152,2,12,1
1152163,0,0,1,1,0,0,152,2,12,1
1152982,0,0,1,1,0,0,152,2,12,1
1153018,1,0,1,0,0,0,152,2,12,1
1153021,0,1,1,0,1,0,152,2,12,1
1153458,1,1,1,1,1,0,152,2,12,1
1153559,0,1,0,1,0,0,152,2,12,1
1153788,0,1,1,0,1,0,152,2,12,1
1153866,0,1,1,0,1,0,152,2,12,1
1153933,1,1,1,0,1,1,152,2,12,1
1153941,1,0,1,0,0,0,152,2,12,1
1154017,1,1,0,0,0,0,152,2,12,1
1154319,1,1,0,0,0,0,152,2,12,1
1154402,1,0,0,1,1,0,152,2,12,1
1155138,0,1,0,1,0,0,152,2,12,1
1155192,0,1,1,0,1,0,152,2,12,1
1155279,0,0,1,1,0,0,152,2,12,1
1155313,1,0,0,1,1,0,152,2,12,1
1155646,1,1,1,1,1,0,152,2,12,1
1155769,0,0,0,0,1,0,152,2,12,1
1155961,0,1,0,1,0,0,152,2,12,1
1156041,1,0,0,1,1,0,152,2,12,1
1156085,1,0,0,1,1,0,152,2,12,1
1156164,0,1,1,0,1,0,152,2,12,1
1156278,0,1,0,1,0,0,152,2,12,1
1156670,0,0,1,0,0,0,152,2,12,1
1156721,0,0,1,1,0,0,152,2,12,1
1156768,0,1,1,0,1,0,152,2,12,1
1157063,0,1,0,1,0,0,152,2,12,1
1157147,0,1,0,0,0,0,152,2,12,1
1157219,0,1,1,0,1,0,152,2,12,1
1157285,1,0,1,0,0,0,152,2,12,1
1157434,1,1,0,0,0,0,152,2,12,1
1158177,1,1,0,0,0,0,152,2,12,1
1158370,0,0,1,1,0,0,152,2,12,1
1158470,1,0,0,1,1,0,152,2,12,1
1158608,1,1,1,1,1,0,152,2,12,1
1158645,0,0,1,1,0,0,152,2,12,1
1158821,0,0,0,0,1,0,152,2,12,1
1158845,0,1,0,1,0,0,152,2,12,1
1159241,1,1,0,0,0,0,152,2,12,1
1159337,1,1,0,0,0,0,152,2,12,1
1159647,0,0,1,1,0,0,152,2,12,1
1159654,0,1,1,0,1,0,152,2,12,1
1159790,1,0,0,1,1,0,152,2,12,1
1160574,0,0,0,0,1,0,152,2,12,1
1160591,1,0,0,1,1,0,152,2,12,1
1161004,0,1,1,0,1,0,152,2,12,1
1161164,1,0,1,0,0,0,152,2,12,1
1161211,0,1,1,0,1,0,152,2,12,1
1161238,1,1,1,1,1,0,152,2,12,1
1161271,1,0,0,1,1,0,152,2,12,1
1162133,1,1,1,1,1,0,152,2,12,1
1162369,1,1,0,0,0,0,152,2,12,1
1162399,0,1,0,1,0,0,152,2,12,1
1162528,0,0,0,0,1,0,152,2,12,1
1162669,0,1,1,0,1,0,152,2,12,1
1162819,0,1,0,1,0,0,152,2,12,1
1162840,1,1,1,1,1,0,152,2,12,1
1162894,1,0,0,1,1,0,152,2,12,1
1164446,1,1,1,1,1,0,152,2,12,1
1164511,1,0,0,1,1,0,152,2,12,1
1164583,0,1,0,1,0,0,152,2,12,1
1164585,1,1,0,0,0,0,152,2,12,1
1164597,0,1,1,0,1,0,152,2,12,1
1164713,0,1,0,1,0,0,152,2,12,1
1165673,1,1,1,1,1,0,152,2,12,1
1165735,0,0,1,1,0,0,152,2,12,1
1165925,0,0,1,1,0,0,152,2,12,1
1165988,0,1,1,0,1,0,152,2,12,1
1166310,0,1,0,1,0,0,152,2,12,1
1166669,1,1,0,0,0,0,152,2,12,1
1166671,1,1,1,1,1,0,152,2,12,1
1166999,0,0,0,0,1,0,152,2,12,1
1167035,0,1,1,0,1,0,152,2,12,1
1167391,0,0,0,0,1,0,152,2,12,1
1167408,1,1,1,1,1,0,152,2,12,1
1167520,0,0,1,0,0,0,152,2,12,1
1168010,1,0,1,0,0,0,152,2,12,1
1168039,0,1,0,1,0,0,152,2,12,1
1168258,1,0,1,0,0,0,152,2,12,1
1168280,0,0,1,1,0,0,152,2,12,1
1168613,0,0,1,1,0,0,152,2,12,1
1168626,0,1,0,1,0,0,152,2,12,1
1168945,0,1,1,0,1,0,152,2,12,1
1169404,1,1,1,1,1,0,152,2,12,1
1169486,0,1,1,0,1,0,152,2,12,1
1169533,0,0,0,0,1,0,152,2,12,1
1169964,0,0,0,1,1,1,152,2,12,1
1170009,0,1,0,1,0,0,152,2,12,1
1170313,0,0,0,0,1,0,152,2,12,1
1170533,1,1,1,1,1,0,152,2,12,1
1170808,1,1,1,1,1,0,152,2,12,1
1170911,0,1,0,1,0,0,152,2,12,1
1171006,0,0,1,1,0,0,152,2,12,1
1171116,1,0,0,1,1,0,152,2,12,1
1171914,0,0,1,1,0,0,152,2,12,1
1172198,0,0,1,1,0,0,152,2,12,1
1172693,0,0,0,0,1,0,152,2,12,1
1173038,1,0,0,1,1,0,152,2,12,1
1173089,0,0,0,0,1,0,152,2,12,1
1173104,0,0,1,1,0,0,152,2,12,1
1173132,1,1,1,1,1,0,152,2,12,1
1173179,0,1,0,1,0,0,152,2,12,1
1173384,1,1,0,0,0,0,152,2,12,1
1173604,0,0,0,0,1,0,152,2,12,1
1173737,0,0,1,1,0,0,152,2,12,1
1173995,0,0,0,0,1,0,152,2,12,1
1174293,0,1,1,0,1,0,152,2,12,1
1174327,0,0,1,1,0,0,152,2,12,1
1174845,1,0,1,0,0,0,152,2,12,1
1174859,1,1,0,0,0,0,152,2,12,1
1175051,0,1,0,1,0,0,152,2,12,1
1175139,1,1,1,1,1,0,152,2,12,1
1175176,1,1,1,0,1,1,152,2,12,1
1175224,0,0,0,0,1,0,152,2,12,1
1175504,0,1,0,1,0,0,152,2,12,1
1175520,0,1,0,0,0,0,152,2,12,1
1175847,0,1,1,0,1,0,152,2,12,1
1175950,1,1,1,1,1,0,152,2,12,1
1175997,0,0,1,1,0,0,152,2,12,1
1176776,1,1,0,0,0,0,152,2,12,1
1176909,1,0,0,1,1,0,152,2,12,1
1176917,0,1,1,0,1,0,152,2,12,1
1177188,0,0,0,0,1,0,152,2,12,1
1177345,1,0,0,1,1,0,152,2,12,1
1177388,0,1,0,1,0,0,152,2,12,1
1177695,1,0,1,0,0,0,152,2,12,1
1177845,1,1,0,0,0,0,152,2,12,1
1178597,1,0,0,1,1,0,152,2,12,1
1178641,1,0,1,0,0,0,152,2,12,1
1178676,1,0,0,1,1,0,152,2,12,1
1178803,0,0,1,1,0,0,152,2,12,1
1178888,0,1,1,0,1,0,152,2,12,1
1179027,1,0,1,0,0,0,152,2,12,1
1179269,0,1,0,1,0,0,152,2,12,1
1179285,0,0,1,1,0,0,152,2,12,1
1179422,0,0,0,0,1,0,152,2,12,1
1179582,1,0,0,1,1,0,152,2,12,1
1179704,0,1,0,1,0,0,128,2,12,1
1180055,1,1,1,1,1,0,128,2,12,1
1180460,1,1,0,0,0,0,128,2,12,1
1180622,0,1,1,0,1,0,128,2,12,1
1180693,0,0,0,0,1,0,128,2,12,1
1180891,1,1,1,1,1,0,128,2,12,1
1181005,1,0,1,0,0,0,128,2,12,1
1181227,1,1,1,1,1,0,128,2,12,1
1181383,0,1,0,1,0,0,128,2,12,1
1181445,0,1,0,1,0,0,128,2,12,1
1181579,1,0,0,1,1,0,128,2,12,1
1181644,0,0,0,0,1,0,128,2,12,1
1181679,1,1,0,0,0,0,128,2,12,1
1182076,0,1,1,0,1,0,128,2,12,1
1182996,0,1,1,0,1,0,128,2,12,1
1183512,1,1,1,1,1,0,128,2,12,1
1183895,0,0,0,0,1,0,128,2,12,1
1184259,1,1,0,0,0,0,128,2,12,1
1184599,1,1,1,1,1,0,128,2,12,1
1184763,0,0,1,1,0,0,128,2,12,1
1184968,0,1,1,0,1,0,128,2,12,1
1185270,0,1,1,0,1,0,128,2,12,1
1185675,0,0,0,0,1,0,128,2,12,1
1186014,1,0,0,1,1,0,128,2,12,1
1186313,0,0,0,0,1,0,128,2,12,1
1186631,0,1,1,1,1,1,128,2,12,1
1186706,0,0,1,1,0,0,128,2,12,1
1186911,0,1,0,1,0,0,128,2,12,1
1187025,1,1,1,1,1,0,128,2,12,1
1187139,1,1,1,1,1,0,128,2,12,1
1187846,1,1,1,1,1,0,128,2,12,1
1188764,0,0,1,1,0,0,128,2,12,1
1188824,0,0,0,0,1,0,128,2,12,1
1188889,0,1,0,1,0,0,128,2,12,1
1189128,1,0,0,1,1,0,128,2,12,1
1189261,0,1,0,1,0,0,128,2,12,1
1189300,1,1,1,0,1,1,128,2,12,1
1189347,1,1,1,1,1,0,128,2,12,1
1189370,1,0,1,0,0,0,128,2,12,1
1189535,0,0,1,1,0,0,128,2,12,1
1189831,0,1,1,0,1,0,128,2,12,1
1190319,1,1,0,0,0,0,128,2,12,1
1190892,0,1,0,1,0,0,128,2,12,1
1190937,1,1,0,0,0,0,128,2,12,1
1191029,0,1,0,1,0,0,128,2,12,1
1191338,0,0,0,0,1,0,128,2,12,1
1192768,0,1,1,0,1,0,128,2,12,1
1192877,1,1,1,1,1,0,128,2,12,1
1192984,1,1,1,1,1,0,128,2,12,1
1193056,1,0,0,1,1,0,128,2,12,1
1193280,0,1,0,1,0,0,128,2,12,1
1193472,1,0,1,0,0,0,128,2,12,1
1193518,0,1,1,0,1,0,128,2,12,1
1193554,0,0,1,1,0,0,128,2,12,1
1193671,1,0,1,0,0,0,128,2,12,1
1194757,1,1,1,1,1,0,128,2,12,1
1194859,1,1,1,1,1,0,128,2,12,1
1195169,0,0,0,0,1,0,128,2,12,1
1195277,0,1,0,1,0,0,128,2,12,1
1195299,1,1,1,1,1,0,128,2,12,1
1195742,1,0,0,1,1,0,128,2,12,1
1195944,0,0,0,1,1,1,128,2,12,1
1196162,0,0,1,1,0,0,128,2,12,1
1196391,1,0,1,0,0,0,128,2,12,1
1196583,1,0,1,0,0,0,128,2,12,1
1196748,1,0,1,0,0,0,128,2,12,1
1196926,0,1,1,0,1,0,128,2,12,1
1197048,1,1,0,0,0,0,128,2,12,1
1197481,1,0,1,0,0,0,128,2,12,1
1197847,0,0,1,1,0,0,128,2,12,1
1198050,0,0,1,1,0,0,128,2,12,1
1198062,0,0,0,0,1,0,128,2,12,1
1198371,0,0,1,1,0,0,128,2,12,1
1198424,0,1,0,1,0,0,128,2,12,1
1199143,1,1,0,0,0,0,128,2,12,1
1199452,0,1,1,0,1,0,128,2,12,1
1200038,1,1,1,1,1,0,128,2,12,1
1200179,0,0,1,1,0,0,128,2,12,1
1200286,0,0,1,1,0,0,128,2,12,1
1200709,1,0,1,0,0,0,128,2,12,1
1200988,1,0,0,1,1,0,128,2,12,1
1201015,1,0,0,1,1,0,128,2,12,1
1201073,1,1,0,1,0,0,128,2,12,1
1201227,0,1,0,1,0,0,128,2,12,1
1201499,1,1,0,0,0,0,128,2,12,1
1202043,1,0,1,0,0,0,128,2,12,1
1202110,1,0,1,0,0,0,128,2,12,1
1202116,1,0,1,0,0,0,128,2,12,1
1202125,0,0,0,0,1,0,128,2,12,1
1202963,1,1,1,1,1,0,128,2,12,1
1203197,1,0,1,0,0,0,128,2,12,1
1203680,1,1,0,0,0,0,128,2,12,1
1203900,0,0,1,1,0,0,128,2,12,1
1204695,1,0,1,0,0,0,128,2,12,1
1205047,1,0,1,0,0,0,128,2,12,1
1205227,1,0,0,1,1,0,128,2,12,1
1205370,1,0,0,1,1,0,128,2,12,1
1206009,1,0,1,0,0,0,128,2,12,1
1206738,1,0,0,1,1,0,128,2,12,1
1206750,1,1,0,0,0,0,128,2,12,1
1206776,0,0,0,0,1,0,128,2,12,1
1206820,0,1,0,0,0,0,128,2,12,1
1208271,1,0,1,0,0,0,128,2,12,1
1208569,1,0,0,1,1,0,128,2,12,1
1208732,1,1,1,1,1,0,128,2,12,1
1208804,1,1,1,1,1,0,128,2,12,1
1208812,0,0,0,0,1,0,128,2,12,1
1209298,0,1,0,1,0,0,128,2,12,1
1210113,1,0,1,0,0,0,128,2,12,1
1210446,0,0,1,1,0,0,128,2,12,1
1210842,0,1,0,1,0,0,128,2,12,1
1211082,0,0,0,0,1,0,128,2,12,1
1211245,1,0,1,0,0,0,128,2,12,1
1211400,1,0,1,0,0,0,128,2,12,1
1211551,1,1,0,0,0,0,128,2,12,1
1211981,1,0,1,0,0,0,128,2,12,1
1212609,0,0,0,0,1,0,128,2,12,1
1213022,1,0,1,0,0,0,128,2,12,1
1213219,0,0,1,1,0,0,128,2,12,1
1214158,0,1,0,1,0,0,128,2,12,1
1214231,0,0,0,0,1,0,128,2,12,1
1214265,1,0,0,1,1,0,128,2,12,1
1214266,1,1,1,1,1,0,128,2,12,1
1214528,0,1,0,1,0,0,128,2,12,1
1214971,1,0,0,1,1,0,128,2,12,1
1214972,1,0,1,0,0,0,128,2,12,1
1215073,1,1,0,0,0,0,128,2,12,1
1215455,1,1,1,1,1,0,128,2,12,1
1215726,0,1,1,0,1,0,128,2,12,1
1216098,0,0,1,1,0,0,128,2,12,1
1216464,1,0,0,0,1,1,128,2,12,1
1216778,1,1,1,1,1,0,128,2,12,1
1216815,1,1,1,1,1,0,128,2,12,1
1216918,0,1,1,0,1,0,128,2,12,1
1217398,0,0,0,0,1,0,128,2,12,1
1218031,1,1,1,1,1,0,128,2,12,1
1218299,0,1,1,0,1,0,128,2,12,1
1218859,0,0,1,1,0,0,128,2,12,1
1218891,0,1,1,0,1,0,128,2,12,1
1219864,0,0,0,0,1,0,128,2,12,1
1220084,1,0,1,0,0,0,128,2,12,1
1220211,1,1,0,0,0,0,128,2,12,1
1220314,1,1,0,0,0,0,128,2,12,1
1220642,1,0,0,0,1,1,128,2,12,1
1220726,1,1,0,0,0,0,128,2,12,1
1220974,0,0,1,1,0,0,128,2,12,1
1221050,0,0,1,1,0,0,128,2,12,1
1221170,0,0,0,0,1,0,128,2,12,1
1221247,0,0,1,1,0,0,128,2,12,1
1221315,1,1,1,1,1,0,128,2,12,1
1221372,0,0,0,0,1,0,128,2,12,1
1221444,0,0,0,0,1,0,128,2,12,1
1221465,0,1,0,1,0,0,128,2,12,1
1221569,0,0,1,1,0,0,128,2,12,1
1222032,1,1,1,0,1,1,128,2,12,1
1222113,0,1,0,1,0,0,128,2,12,1
1222411,1,0,1,0,0,0,128,2,12,1
1222613,0,0,1,1,0,0,128,2,12,1
1222675,1,0,1,0,0,0,128,2,12,1
1222783,0,0,0,0,1,0,128,2,12,1
1223057,1,0,0,1,1,0,128,2,12,1
1224404,1,1,0,0,0,0,128,2,12,1
1224637,1,0,1,0,0,0,128,2,12,1
1224791,1,1,1,1,1,0,128,2,12,1
1224935,1,1,1,1,1,0,128,2,12,1
1225037,1,0,1,0,0,0,128,2,12,1
1225079,0,1,0,1,0,0,128,2,12,1
1225081,0,1,1,0,1,0,128,2,12,1
1225148,0,0,1,1,0,0,128,2,12,1
1225262,1,1,0,0,0,0,128,2,12,1
1225352,0,0,0,0,1,0,128,2,12,1
1225357,1,1,1,1,1,0,128,2,12,1
1225797,0,0,1,1,0,0,128,2,12,1
1225876,1,1,1,1,1,0,128,2,12,1
1225923,1,0,1,0,0,0,128,2,12,1
1226504,1,1,0,0,0,0,128,2,12,1
1226566,0,0,1,1,0,0,128,2,12,1
1226606,0,0,1,1,0,0,128,2,12,1
1226821,0,1,1,0,1,0,128,2,12,1
1227638,0,0,1,1,0,0,128,2,12,1
1227746,0,1,1,0,1,0,128,2,12,1
1227904,0,0,0,1,1,1,128,2,12,1
1227992,0,1,1,0,1,0,128,2,12,1
1228396,0,0,1,1,0,0,128,2,12,1
1228631,0,0,1,1,0,0,128,2,12,1
1228767,1,0,1,0,0,0,128,2,12,1
1228777,0,1,0,1,0,0,128,2,12,1
1229553,1,0,1,0,0,0,128,2,12,1
1229619,0,1,0,1,0,0,128,2,12,1
1229849,1,0,0,1,1,0,128,2,12,1
1229937,0,0,1,1,0,0,128,2,12,1
1230378,1,0,0,1,1,0,128,2,12,1
1230562,1,0,1,0,0,0,128,2,12,1
1231288,1,1,1,1,1,0,128,2,12,1
1231370,0,1,0,0,0,0,128,2,12,1
1231535,1,0,0,1,1,0,128,2,12,1
1231558,1,1,0,0,0,0,128,2,12,1
1232405,1,0,0,1,1,0,128,2,12,1
1232478,1,1,1,1,1,0,128,2,12,1
1232529,1,1,1,1,1,0,128,2,12,1
1232795,0,1,1,0,1,0,128,2,12,1
1233326,0,1,0,1,0,0,128,2,12,1
1233421,0,0,1,1,0,0,128,2,12,1
1233509,0,1,1,0,1,0,128,2,12,1
1233820,0,1,0,1,0,0,128,2,12,1
1233833,0,0,1,1,0,0,128,2,12,1
1233874,1,1,1,1,1,0,128,2,12,1
1233966,0,1,1,0,1,0,128,2,12,1
1234089,0,1,0,1,0,0,128,2,12,1
1234308,0,0,1,1,0,0,128,2,12,1
1234537,1,0,1,0,0,0,128,2,12,1
1234609,0,0,0,0,1,0,128,2,12,1
1234746,0,1,1,0,1,0,128,2,12,1
1234770,1,0,1,0,0,0,128,2,12,1
1234981,1,1,0,0,0,0,128,2,12,1
1235115,0,0,0,0,1,0,128,2,12,1
1235130,0,1,0,1,0,0,128,2,12,1
1235385,1,1,0,0,0,0,128,2,12,1
1235849,1,0,0,1,1,0,128,2,12,1
1235983,1,0,0,0,1,1,128,2,12,1
1235986,0,0,1,1,0,0,128,2,12,1
1236270,0,0,1,1,0,0,128,2,12,1
1236470,1,1,1,1,1,0,128,2,12,1
1236731,0,1,0,1,0,0,128,2,12,1
1237083,0,1,0,1,0,0,128,2,12,1
1237084,0,0,0,0,1,0,128,2,12,1
1237149,1,0,1,0,0,0,128,2,12,1
1237423,1,0,0,1,1,0,128,2,12,1
1237654,1,1,0,0,0,0,128,2,12,1
1237683,0,0,1,1,0,0,128,2,12,1
1237845,1,0,0,1,1,0,128,2,12,1
1237913,0,0,0,0,1,0,128,2,12,1
1238076,0,0,1,1,0,0,128,2,12,1
1238452,0,0,0,0,1,0,128,2,12,1
1239100,1,0,1,0,0,0,128,2,12,1
1239210,1,0,0,1,1,0,128,2,12,1
1239398,0,0,0,0,1,0,128,2,12,1
1239512,1,0,1,0,0,0,128,2,12,1
1239591,1,0,0,1,1,0,128,2,12,1
1239797,1,1,1,1,1,0,128,2,12,1
1239953,0,1,1,0,1,0,128,2,12,1
1239978,1,1,0,0,0,0,128,2,12,1
1240017,0,0,1,1,0,0,128,2,12,1
1240127,0,1,1,0,1,0,128,2,12,1
1240457,0,0,0,0,1,0,128,2,12,1
1240543,1,1,1,1,1,0,128,2,12,1
1240605,0,1,0,1,0,0,128,2,12,1
1240609,1,0,1,0,0,0,128,2,12,1
1240687,1,0,1,0,0,0,128,2,12,1
1240734,0,0,1,1,0,0,128,2,12,1
1240766,1,0,1,0,0,0,128,2,12,1
1240785,0,1,1,0,1,0,128,2,12,1
1240850,1,1,1,1,1,0,128,2,12,1
1241302,1,1,1,1,1,0,128,2,12,1
1241345,1,0,1,0,0,0,128,2,12,1
1241362,0,0,1,1,0,0,128,2,12,1
1241578,0,0,1,1,0,0,128,2,12,1
1241602,0,1,0,1,0,0,128,2,12,1
1241624,1,0,1,0,0,0,128,2,12,1
1242156,0,0,1,1,0,0,128,2,12,1
1242210,0,0,1,1,0,0,128,2,12,1
1242327,1,1,0,0,0,0,128,2,12,1
1242386,1,1,1,1,1,0,128,2,12,1
1242667,1,0,0,1,1,0,128,2,12,1
1242724,1,0,1,0,0,0,128,2,12,1
1243067,0,0,1,1,0,0,128,2,12,1
1243150,0,1,0,1,0,0,128,2,12,1
1243408,1,1,0,0,0,0,128,2,12,1
1243517,1,1,1,1,1,0,128,2,12,1
1243521,0,0,1,1,0,0,128,2,12,1
1243688,1,0,1,0,0,0,128,2,12,1
1243933,1,0,0,1,1,0,128,2,12,1
1243945,0,0,1,1,0,0,128,2,12,1
1244183,0,1,1,0,1,0,128,2,12,1
1244375,0,0,1,1,0,0,128,2,12,1
1244651,0,1,1,0,1,0,128,2,12,1
1244679,1,0,0,1,1,0,128,2,12,1
1244696,0,1,0,1,0,0,128,2,12,1
1244713,0,0,1,1,0,0,128,2,12,1
1244952,0,0,0,0,1,0,128,2,12,1
1245412,1,0,0,1,1,0,127,1,12,1
1245528,1,0,1,0,0,0,127,1,12,1
1245868,0,1,0,1,0,0,127,1,12,1
1245916,1,1,1,1,1,0,127,1,12,1
1246181,0,0,1,1,0,0,127,1,12,1
1246735,1,0,1,0,0,0,127,1,12,1
1247029,0,0,1,1,0,0,127,1,12,1
1247502,1,0,0,1,1,0,127,1,12,1
1247541,0,1,0,1,0,0,127,1,12,1
1247777,1,1,0,0,0,0,127,1,12,1
1248064,0,1,0,1,0,0,127,1,12,1
1248968,1,0,0,1,1,0,127,1,12,1
1249063,0,1,0,1,0,0,127,1,12,1
1249306,0,1,1,0,1,0,127,1,12,1
1249385,0,0,1,1,0,0,127,1,12,1
1249802,0,1,1,0,1,0,127,1,12,1
1250104,0,1,1,0,1,0,127,1,12,1
1250484,0,1,1,0,1,0,127,1,12,1
1250661,1,1,0,0,0,0,127,1,12,1
1250689,0,1,1,0,1,0,127,1,12,1
1250784,1,0,0,1,1,0,127,1,12,1
1251058,0,1,0,1,0,0,127,1,12,1
1251333,1,0,1,1,0,0,127,1,12,1
1251508,0,1,0,1,0,0,127,1,12,1
1251735,0,1,1,0,1,0,127,1,12,1
1252164,0,1,1,1,1,1,127,1,12,1
1252440,1,0,1,0,0,0,127,1,12,1
1252630,1,0,0,1,1,0,127,1,12,1
1252845,1,1,0,0,0,0,127,1,12,1
1252925,0,0,0,0,1,0,127,1,12,1
1253117,1,1,1,1,1,0,127,1,12,1
1253206,1,1,1,1,1,0,127,1,12,1
1253463,0,1,1,0,1,0,127,1,12,1
1253514,0,0,0,0,1,0,127,1,12,1
1253519,0,0,1,1,0,0,127,1,12,1
1253690,0,1,1,0,1,0,127,1,12,1
1254694,1,1,0,0,0,0,127,1,12,1
1254865,0,0,0,0,1,0,127,1,12,1
1255834,0,1,1,0,1,0,127,1,12,1
1255865,0,0,0,0,1,0,127,1,12,1
1255935,0,0,1,1,0,0,127,1,12,1
1256062,1,0,0,1,1,0,127,1,12,1
1256129,0,1,1,0,1,0,127,1,12,1
1256162,1,0,0,1,1,0,127,1,12,1
1256381,1,1,0,0,0,0,127,1,12,1
1256483,1,0,1,0,0,0,127,1,12,1
1256616,1,1,0,0,0,0,127,1,12,1
1256647,0,1,1,0,1,0,127,1,12,1
1256962,0,1,1,0,1,0,127,1,12,1
1257234,1,1,0,0,0,0,127,1,12,1
1257569,0,0,0,0,1,0,127,1,12,1
1258239,1,1,1,1,1,0,127,1,12,1
1258488,1,0,1,0,0,0,127,1,12,1
1258912,0,0,0,0,1,0,127,1,12,1
1259320,0,0,1,1,0,0,127,1,12,1
1259345,0,1,0,1,0,0,127,1,12,1
1259760,0,1,1,0,1,0,127,1,12,1
1259909,1,0,0,1,1,0,127,1,12,1
1260057,0,1,1,0,1,0,127,1,12,1
1260272,0,0,0,0,1,0,127,1,12,1
1260321,0,1,0,1,0,0,127,1,12,1
1260475,1,0,1,0,0,0,127,1,12,1
1260637,0,1,1,0,1,0,127,1,12,1
1260703,1,1,0,0,0,0,127,1,12,1
1260837,1,0,1,0,0,0,127,1,12,1
1260981,0,0,1,1,0,0,127,1,12,1
1261297,0,0,1,1,0,0,127,1,12,1
1261301,1,0,0,1,1,0,127,1,12,1
1261801,1,1,1,1,1,0,127,1,12,1
1262018,0,0,1,1,0,0,127,1,12,1
1262292,0,1,1,0,1,0,127,1,12,1
1262434,1,1,1,1,1,0,127,1,12,1
1262444,0,1,1,0,1,0,127,1,12,1
1262799,0,1,0,1,0,0,127,1,12,1
1263895,1,1,1,1,1,0,127,1,12,1
1264277,1,1,1,1,1,0,127,1,12,1
1264845,1,1,1,1,1,0,127,1,12,1
1264939,1,0,1,0,0,0,127,1,12,1
1265600,0,1,1,0,1,0,127,1,12,1
1265655,0,0,0,0,1,0,127,1,12,1
1265710,0,0,0,0,1,0,127,1,12,1
1266673,1,0,1,0,0,0,127,1,12,1
1266860,1,1,0,0,0,0,127,1,12,1
1267598,1,0,1,0,0,0,127,1,12,1
1267653,0,0,1,1,0,0,127,1,12,1
1267925,1,0,0,1,1,0,127,1,12,1
1268617,0,0,0,0,1,0,127,1,12,1
1268823,1,1,0,0,0,0,127,1,12,1
1268958,0,0,1,1,0,0,127,1,12,1
1269022,0,1,0,1,0,0,127,1,12,1
1269554,1,1,1,1,1,0,127,1,12,1
1269843,0,0,1,1,0,0,127,1,12,1
1270113,1,0,1,0,0,0,127,1,12,1
1270163,0,0,0,0,1,0,127,1,12,1
1270243,0,1,1,0,1,0,127,1,12,1
1270508,1,0,1,0,0,0,127,1,12,1
1270818,1,1,0,0,0,0,127,1,12,1
1271523,0,1,1,0,1,0,127,1,12,1
1271575,1,1,0,0,0,0,127,1,12,1
1271900,1,0,0,1,1,0,127,1,12,1
1272178,1,1,1,1,1,0,127,1,12,1
1272183,0,1,0,1,0,0,127,1,12,1
1272362,0,0,1,1,0,0,127,1,12,1
1273040,1,1,0,0,0,0,127,1,12,1
1273180,1,1,0,0,0,0,127,1,12,1
1273270,1,1,0,0,0,0,127,1,12,1
1273337,0,1,0,1,0,0,127,1,12,1
1273409,1,0,1,0,0,0,127,1,12,1
1273882,0,0,1,1,0,0,127,1,12,1
1274096,0,0,1,1,0,0,127,1,12,1
1274383,1,1,1,1,1,0,127,1,12,1
1274415,1,1,0,0,0,0,127,1,12,1
1274739,1,0,1,0,0,0,127,1,12,1
1274857,1,0,1,0,0,0,127,1,12,1
1274861,0,1,0,1,0,0,127,1,12,1
1275441,0,1,1,0,1,0,127,1,12,1
1275639,1,0,0,1,1,0,127,1,12,1
1275840,0,1,1,1,1,1,127,1,12,1
1276261,1,0,1,0,0,0,127,1,12,1
1276428,0,0,1,1,0,0,127,1,12,1
1276733,0,1,0,1,0,0,127,1,12,1
1276948,1,1,0,0,0,0,127,1,12,1
1277011,0,1,1,0,1,0,127,1,12,1
1277194,0,0,0,0,1,0,127,1,12,1
1277585,0,1,1,0,1,0,127,1,12,1
1278001,1,1,0,0,0,0,127,1,12,1
1278066,1,1,0,0,0,0,127,1,12,1
1279361,0,0,1,1,0,0,127,1,12,1
1279551,0,1,1,0,1,0,127,1,12,1
1280299,1,1,0,0,0,0,127,1,12,1
1280463,1,1,0,0,0,0,127,1,12,1
1280466,1,1,1,1,1,0,127,1,12,1
1280721,0,0,1,0,0,0,127,1,12,1
1280773,1,0,0,1,1,0,127,1,12,1
1281066,0,1,1,0,1,0,127,1,12,1
1281137,1,0,0,1,1,0,127,1,12,1
1281161,0,0,0,0,1,0,127,1,12,1
1281189,1,0,0,1,1,0,127,1,12,1
1281206,0,1,1,0,1,0,127,1,12,1
1281420,1,1,1,1,1,0,127,1,12,1
1281436,0,1,0,1,0,0,127,1,12,1
1281947,0,0,1,1,0,0,127,1,12,1
1281960,0,0,0,0,1,0,127,1,12,1
1282018,0,1,0,1,0,0,127,1,12,1
1282342,0,1,1,1,1,1,127,1,12,1
1282356,0,1,1,0,1,0,127,1,12,1
1282459,0,0,1,1,0,0,127,1,12,1
1282833,1,1,0,0,0,0,127,1,12,1
1283137,1,0,1,0,0,0,127,1,12,1
1283179,1,1,0,0,0,0,127,1,12,1
1284513,0,1,1,0,1,0,127,1,12,1
1284621,1,1,0,0,0,0,127,1,12,1
1284673,1,0,0,1,1,0,127,1,12,1
1284929,1,1,1,1,1,0,127,1,12,1
1284934,0,1,0,1,0,0,127,1,12,1
1285017,0,1,1,0,1,0,127,1,12,1
1285103,1,0,0,1,1,0,127,1,12,1
1285170,1,0,0,1,1,0,127,1,12,1
1285190,0,0,1,1,0,0,127,1,12,1
1285314,0,0,0,0,1,0,127,1,12,1
1285395,0,0,0,0,1,0,127,1,12,1
1285582,0,1,1,0,1,0,127,1,12,1
1286100,0,1,0,1,0,0,127,1,12,1
1286157,0,0,1,1,0,0,127,1,12,1
1286295,0,1,1,0,1,0,127,1,12,1
1286775,1,1,0,0,0,0,127,1,12,1
1286812,1,1,1,1,1,0,127,1,12,1
1287347,1,1,0,0,0,0,127,1,12,1
1287349,0,0,1,1,0,0,127,1,12,1
1287515,0,0,1,1,0,0,127,1,12,1
1288417,1,1,0,0,0,0,127,1,12,1
1289167,1,1,1,1,1,0,127,1,12,1
1289406,0,1,0,0,0,0,127,1,12,1
1289640,1,0,1,0,0,0,127,1,12,1
1290379,0,0,0,0,1,0,127,1,12,1
1290518,0,0,0,0,1,0,127,1,12,1
1290823,1,1,1,1,1,0,127,1,12,1
1291229,0,1,0,1,0,0,127,1,12,1
1291352,0,1,0,1,0,0,127,1,12,1
1291428,1,0,0,1,1,0,127,1,12,1
1291680,1,1,0,0,0,0,127,1,12,1
1291955,0,0,1,1,0,0,127,1,12,1
1291981,0,1,1,0,1,0,127,1,12,1
1292061,0,0,0,0,1,0,127,1,12,1
1292202,0,1,1,0,1,0,127,1,12,1
1292681,1,1,0,0,0,0,127,1,12,1
1292766,0,1,1,0,1,0,127,1,12,1
1293645,0,0,1,1,0,0,127,1,12,1
1293682,0,0,0,0,1,0,127,1,12,1
1294273,1,0,1,0,0,0,127,1,12,1
1294921,1,1,1,1,1,0,127,1,12,1
1295014,1,1,1,1,1,0,127,1,12,1
1295194,1,1,0,0,0,0,127,1,12,1
1295520,1,1,0,0,0,0,127,1,12,1
1296394,1,1,0,0,0,0,127,1,12,1
1296439,1,0,1,0,0,0,127,1,12,1
1296868,1,1,1,1,1,0,127,1,12,1
1296948,0,1,1,0,1,0,127,1,12,1
1297809,1,0,0,1,1,0,127,1,12,1
1298117,0,0,0,0,1,0,127,1,12,1
1298288,1,0,1,0,0,0,127,1,12,1
1298864,0,1,0,1,0,0,127,1,12,1
1299029,1,1,1,1,1,0,127,1,12,1
1299117,0,1,0,1,0,0,127,1,12,1
1299201,0,0,0,0,1,0,127,1,12,1
1299288,1,0,1,0,0,0,127,1,12,1
1299683,1,1,1,1,1,0,127,1,12,1
1299741,0,1,0,1,0,0,127,1,12,1
1299766,0,1,1,0,1,0,127,1,12,1
1300117,0,1,0,1,0,0,127,1,12,1
1300453,1,0,0,1,1,0,127,1,12,1
1300558,0,0,1,1,0,0,127,1,12,1
1300582,0,1,0,1,0,0,127,1,12,1
1301395,0,0,0,0,1,0,127,1,12,1
1301613,0,1,0,1,0,0,127,1,12,1
1301635,0,1,0,1,0,0,127,1,12,1
1301901,1,1,0,0,0,0,127,1,12,1
1302056,1,0,0,1,1,0,127,1,12,1
1302105,0,0,1,1,0,0,127,1,12,1
1302217,1,1,1,1,1,0,127,1,12,1
1302275,1,0,1,0,0,0,127,1,12,1
1302592,1,1,0,0,0,0,127,1,12,1
1303092,1,1,1,1,1,0,127,1,12,1
1303233,1,1,1,1,1,0,127,1,12,1
1303445,1,1,0,0,0,0,127,1,12,1
1303576,1,1,1,1,1,0,127,1,12,1
1303937,1,0,1,0,0,0,127,1,12,1
1304106,0,0,1,1,0,0,127,1,12,1
1304175,0,0,0,0,1,0,127,1,12,1
1304290,0,1,0,1,0,0,127,1,12,1
1304396,1,1,0,0,0,0,127,1,12,1
1304459,0,0,1,1,0,0,127,1,12,1
1304587,0,1,0,1,0,0,127,1,12,1
1304605,0,1,1,0,1,0,127,1,12,1
1304749,1,0,1,0,0,0,127,1,12,1
1305460,1,0,1,0,0,0,127,1,12,1
1305701,0,1,1,0,1,0,127,1,12,1
1305881,0,0,1,1,0,0,127,1,12,1
1306028,0,0,0,0,1,0,127,1,12,1
1306118,0,0,0,1,1,1,127,1,12,1
1306312,0,0,0,0,1,0,127,1,12,1
1306373,1,1,0,0,0,0,127,1,12,1
1306625,0,1,0,1,0,0,127,1,12,1
1306680,1,1,1,1,1,0,127,1,12,1
1307569,1,0,0,1,1,0,127,1,12,1
1307609,1,1,0,0,0,0,127,1,12,1
1308207,1,1,0,0,0,0,127,1,12,1
1308387,0,1,1,0,1,0,127,1,12,1
1308432,0,0,0,0,1,0,127,1,12,1
1308557,1,0,0,1,1,0,127,1,12,1
1308954,1,1,0,0,0,0,127,1,12,1
1309052,1,1,0,0,0,0,127,1,12,1
1309059,0,1,1,0,1,0,127,1,12,1
1309721,1,1,1,1,1,0,127,1,12,1
1309899,1,1,1,1,1,0,127,1,12,1
1310375,1,0,1,0,0,0,127,1,12,1
1310450,1,1,1,1,1,0,127,1,12,1
1310590,1,1,1,1,1,0,127,1,12,1
1312905,1,0,0,1,1,0,121,1,9,0
1313899,0,1,1,0,1,0,121,1,9,0
1314354,1,1,1,1,1,0,121,1,9,0
1314465,0,1,1,0,1,0,121,1,9,0
1315410,0,0,1,1,0,0,121,1,9,0
1315979,1,0,1,0,0,0,121,1,9,0
1316370,1,1,0,0,0,0,121,1,9,0
1316672,1,0,1,0,0,0,121,1,9,0
1318557,1,0,1,0,0,0,121,1,9,0
1318763,1,0,0,1,1,0,121,1,9,0
1320159,0,1,1,0,1,0,121,1,9,0
1320334,1,0,0,1,1,0,121,1,9,0
1320512,0,0,1,0,0,0,121,1,9,0
1320944,1,1,0,0,0,0,121,1,9,0
1321578,0,0,1,1,0,0,121,1,9,0
1323603,0,0,1,1,0,0,121,1,9,0
1323850,1,0,1,0,0,0,121,1,9,0
1324813,0,1,1,0,1,0,121,1,9,0
1325001,1,1,0,0,0,0,121,1,9,0
1325387,0,1,1,0,1,0,121,1,9,0
1326245,0,0,0,0,1,0,121,1,9,0
1326860,0,1,1,0,1,0,121,1,9,0
1327209,0,1,0,1,0,0,121,1,9,0
1327668,0,1,1,0,1,0,121,1,9,0
1328038,0,0,1,1,0,0,121,1,9,0
1328106,0,1,0,1,0,0,121,1,9,0
1329209,0,1,0,1,0,0,121,1,9,0
1329684,0,1,0,1,0,0,121,1,9,0
1329882,1,1,0,1,0,0,121,1,9,0
1330175,1,0,0,1,1,0,121,1,9,0
1330237,0,1,0,1,0,0,121,1,9,0
1330760,0,1,0,1,0,0,121,1,9,0
1331167,1,0,1,0,0,0,121,1,9,0
1334180,0,1,1,0,1,0,121,1,9,0
1334728,0,1,0,1,0,0,121,1,9,0
1337359,1,0,0,1,1,0,121,1,9,0
1338759,0,1,0,1,0,0,121,1,9,0
1338999,0,1,0,1,0,0,121,1,9,0
1339286,1,0,0,1,1,0,121,1,9,0
1339408,0,1,1,0,1,0,121,1,9,0
1339679,1,1,0,0,0,0,121,1,9,0
1339803,1,1,1,1,1,0,121,1,9,0
1340004,1,0,0,1,1,0,121,1,9,0
1341311,1,1,1,1,1,0,121,1,9,0
1341451,0,0,0,0,1,0,121,1,9,0
1341496,1,0,0,1,1,0,121,1,9,0
1342135,0,1,0,1,0,0,121,1,9,0
1343351,1,0,1,0,0,0,121,1,9,0
1346110,1,1,1,1,1,0,121,1,9,0
1346423,1,0,1,1,0,0,121,1,9,0
1346845,0,1,1,1,1,1,121,1,9,0
1347776,1,0,0,1,1,0,121,1,9,0
1350044,0,0,1,1,0,0,121,1,9,0
1350794,1,0,1,0,0,0,121,1,9,0
1353140,0,1,0,1,0,0,121,1,9,0
1355273,0,0,1,1,0,0,121,1,9,0
1355956,0,1,0,1,0,0,121,1,9,0
1356041,1,0,1,0,0,0,121,1,9,0
1356186,1,1,0,0,0,0,121,1,9,0
1356488,1,1,0,0,0,0,121,1,9,0
1356524,0,1,0,1,0,0,121,1,9,0
1356607,1,1,0,0,0,0,121,1,9,0
1356967,0,1,1,0,1,0,121,1,9,0
1358252,0,1,0,1,0,0,121,1,9,0
1358271,1,1,0,0,0,0,121,1,9,0
1358523,0,0,0,0,1,0,121,1,9,0
1358770,0,0,0,0,1,0,121,1,9,0
1360291,1,1,0,0,0,0,121,1,9,0
1362105,0,1,0,1,0,0,121,1,9,0
1362436,0,1,1,0,1,0,121,1,9,0
1362740,0,0,1,1,0,0,121,1,9,0
1363922,0,1,0,1,0,0,121,1,9,0
1364216,1,0,0,1,1,0,121,1,9,0
1364451,0,1,0,0,0,0,121,1,9,0
1364456,1,1,1,1,1,0,121,1,9,0
1366048,1,1,0,0,0,0,121,1,9,0
1366238,1,1,1,1,1,0,121,1,9,0
1366252,0,0,0,0,1,0,121,1,9,0
1366778,1,1,0,0,0,0,121,1,9,0
1368039,1,1,1,1,1,0,121,1,9,0
1368185,1,1,1,1,1,0,121,1,9,0
1368454,1,1,1,1,1,0,121,1,9,0
1368825,1,1,0,0,0,0,121,1,9,0
1369044,0,0,0,0,1,0,121,1,9,0
1369590,1,0,1,0,0,0,121,1,9,0
1369621,1,1,0,0,0,0,121,1,9,0
1369790,0,1,0,1,0,0,121,1,9,0
1370010,0,1,0,1,0,0,121,1,9,0
1370579,0,1,1,0,1,0,121,1,9,0
1371058,1,0,0,1,1,0,121,1,9,0
1374949,0,1,0,1,0,0,121,1,9,0
1376092,0,1,1,0,1,0,121,1,9,0
1378973,0,1,1,0,1,0,101,1,9,0
1379392,1,0,0,1,1,0,101,1,9,0
1380498,1,0,0,1,1,0,101,1,9,0
1380815,1,1,0,0,0,0,101,1,9,0
1381231,1,0,0,1,1,0,101,1,9,0
1381540,0,1,1,0,1,0,101,1,9,0
1382160,0,1,1,1,1,1,101,1,9,0
1382784,1,0,0,0,1,1,101,1,9,0
1382899,1,1,0,0,0,0,101,1,9,0
1383911,0,1,0,1,0,0,101,1,9,0
1384150,0,0,1,1,0,0,101,1,9,0
1384996,0,0,0,0,1,0,101,1,9,0
1386750,1,1,1,1,1,0,101,1,9,0
1386944,0,0,1,1,0,0,101,1,9,0
1387701,0,1,1,0,1,0,101,1,9,0
1392109,0,0,1,1,0,0,101,1,9,0
1393427,0,0,1,1,0,0,101,1,9,0
1394189,1,0,0,1,1,0,101,1,9,0
1394479,0,0,0,0,1,0,101,1,9,0
1394568,1,0,1,1,0,0,101,1,9,0
1394935,0,0,1,1,0,0,101,1,9,0
1395533,1,1,1,1,1,0,101,1,9,0
1395857,0,0,1,1,0,0,101,1,9,0
1396119,0,0,1,1,0,0,101,1,9,0
1396281,1,1,1,1,1,0,101,1,9,0
1397158,1,1,1,1,1,0,101,1,9,0
1399476,1,0,0,1,1,0,101,1,9,0
1400941,0,0,1,1,0,0,101,1,9,0
1401211,1,1,1,1,1,0,101,1,9,0
1401966,0,0,0,0,1,0,101,1,9,0
1402280,0,0,0,1,1,1,101,1,9,0
1404640,1,1,1,1,1,0,101,1,9,0
1406356,1,0,1,0,0,0,101,1,9,0
1406428,0,0,1,1,0,0,101,1,9,0
1406991,0,1,0,1,0,0,101,1,9,0
1407185,1,1,0,0,0,0,101,1,9,0
1407341,0,0,0,0,1,0,101,1,9,0
1407625,1,1,1,0,1,1,101,1,9,0
1408536,0,1,1,0,1,0,101,1,9,0
1408754,0,0,1,1,0,0,101,1,9,0
1408769,1,1,0,0,0,0,101,1,9,0
1408988,0,0,0,0,1,0,101,1,9,0
1409401,0,0,0,1,1,1,101,1,9,0
1409878,1,1,1,1,1,0,101,1,9,0
1410082,0,0,1,1,0,0,101,1,9,0
1410592,1,1,1,1,1,0,101,1,9,0
1412127,0,0,0,0,1,0,101,1,9,0
1412534,1,1,1,1,1,0,101,1,9,0
1412606,1,0,0,1,1,0,101,1,9,0
1413492,1,1,0,0,0,0,101,1,9,0
1413907,1,0,1,0,0,0,101,1,9,0
1414740,1,0,0,1,1,0,101,1,9,0
1415900,1,1,0,0,0,0,101,1,9,0
1416161,0,1,1,0,1,0,101,1,9,0
1416376,1,0,0,1,1,0,101,1,9,0
1417111,0,0,1,1,0,0,101,1,9,0
1417217,1,1,1,1,1,0,101,1,9,0
1417442,0,0,1,1,0,0,101,1,9,0
1418309,1,0,1,0,0,0,101,1,9,0
1420354,1,1,1,1,1,0,101,1,9,0
1421105,1,0,0,0,1,1,101,1,9,0
1421741,1,0,1,0,0,0,101,1,9,0
1421787,1,1,1,1,1,0,101,1,9,0
1421855,1,0,1,0,0,0,101,1,9,0
1421973,0,0,0,0,1,0,101,1,9,0
1422376,1,1,0,0,0,0,101,1,9,0
1423743,0,0,1,1,0,0,101,1,9,0
1423933,0,1,0,1,0,0,101,1,9,0
1424910,1,1,0,0,0,0,101,1,9,0
1425032,1,1,1,1,1,0,101,1,9,0
1425162,1,0,0,1,1,0,101,1,9,0
1426066,0,0,1,1,0,0,101,1,9,0
1426312,0,0,0,0,1,0,101,1,9,0
1426485,1,0,0,0,1,1,101,1,9,0
1427739,1,0,0,1,1,0,101,1,9,0
1427873,0,1,1,0,1,0,101,1,9,0
1428476,1,1,0,0,0,0,101,1,9,0
1428572,0,0,1,1,0,0,101,1,9,0
1429610,1,1,1,1,1,0,101,1,9,0
1430855,1,1,0,0,0,0,101,1,9,0
1430919,0,1,1,0,1,0,101,1,9,0
1431744,1,1,0,0,0,0,101,1,9,0
1431921,1,0,1,0,0,0,101,1,9,0
1432409,0,0,1,1,0,0,101,1,9,0
1432796,1,0,1,0,0,0,101,1,9,0
1433639,0,1,0,0,0,0,101,1,9,0
1435209,1,0,1,0,0,0,101,1,9,0
1436185,1,0,0,1,1,0,101,1,9,0
1436384,1,1,0,0,0,0,101,1,9,0
1437177,0,1,0,1,0,0,101,1,9,0
1439911,1,1,1,1,1,0,101,1,9,0
1440076,1,0,0,1,1,0,101,1,9,0
1440354,1,1,0,0,0,0,101,1,9,0
1440848,1,0,1,0,0,0,101,1,9,0
1441072,1,0,0,1,1,0,101,1,9,0
1441742,1,0,1,0,0,0,101,1,9,0
1442032,0,0,0,0,1,0,109,2,9,0
1442750,1,0,0,1,1,0,109,2,9,0
1443141,1,0,1,0,0,0,109,2,9,0
1443597,1,1,1,1,1,0,109,2,9,0
1443772,0,1,0,1,0,0,109,2,9,0
1443920,1,1,0,0,0,0,109,2,9,0
1444525,1,0,0,1,1,0,109,2,9,0
1446850,0,0,1,1,0,0,109,2,9,0
1447911,0,0,1,1,0,0,109,2,9,0
1448573,1,1,1,1,1,0,109,2,9,0
1448939,1,1,1,1,1,0,109,2,9,0
1449340,0,0,1,1,0,0,109,2,9,0
1450541,1,0,0,1,1,0,109,2,9,0
1453238,0,0,0,0,1,0,109,2,9,0
1455704,1,0,1,0,0,0,109,2,9,0
1458409,0,1,0,1,0,0,109,2,9,0
1459545,1,1,1,1,1,0,109,2,9,0
1460361,1,1,0,0,0,0,109,2,9,0
1460553,0,1,1,0,1,0,109,2,9,0
1460840,1,1,1,1,1,0,109,2,9,0
1461135,1,1,1,1,1,0,109,2,9,0
1462883,0,0,0,0,1,0,109,2,9,0
1462903,0,0,0,0,1,0,109,2,9,0
1463269,0,0,1,1,0,0,109,2,9,0
1464452,0,0,1,1,0,0,109,2,9,0
1465399,0,1,0,0,0,0,109,2,9,0
1465406,1,0,0,1,1,0,109,2,9,0
1466295,0,0,0,0,1,0,109,2,9,0
1466342,1,0,1,0,0,0,109,2,9,0
1466595,0,0,0,0,1,0,109,2,9,0
1466908,0,0,1,1,0,0,109,2,9,0
1467881,1,0,0,1,1,0,109,2,9,0
1468493,1,0,0,1,1,0,109,2,9,0
1471202,1,0,1,0,0,0,109,2,9,0
1473037,1,1,1,1,1,0,109,2,9,0
1473069,0,1,0,1,0,0,109,2,9,0
1474282,1,1,0,0,0,0,109,2,9,0
1474299,1,0,0,1,1,0,109,2,9,0
1474953,1,1,1,1,1,0,109,2,9,0
1475955,1,0,1,0,0,0,109,2,9,0
1475976,0,1,1,0,1,0,109,2,9,0
1476895,0,0,1,1,0,0,109,2,9,0
1476905,1,0,0,1,1,0,109,2,9,0
1477503,1,1,1,1,1,0,109,2,9,0
1477765,1,0,0,0,1,1,109,2,9,0
1478488,1,0,0,1,1,0,109,2,9,0
1479611,1,1,0,0,0,0,109,2,9,0
1479717,1,0,0,1,1,0,109,2,9,0
1480566,1,1,1,1,1,0,109,2,9,0
1481323,1,0,0,1,1,0,109,2,9,0
1481356,1,0,0,1,1,0,109,2,9,0
1481491,1,1,0,0,0,0,109,2,9,0
1482078,1,1,0,1,0,0,109,2,9,0
1483233,1,0,0,1,1,0,109,2,9,0
1483238,1,0,0,1,1,0,109,2,9,0
1483963,1,1,1,1,1,0,109,2,9,0
1484285,0,0,0,0,1,0,109,2,9,0
1485868,1,1,0,0,0,0,109,2,9,0
1486316,0,0,1,1,0,0,109,2,9,0
1487927,1,1,0,0,0,0,109,2,9,0
1491097,1,1,1,1,1,0,109,2,9,0
1491734,0,1,0,1,0,0,109,2,9,0
1491948,1,1,1,1,1,0,109,2,9,0
1492287,1,1,1,1,1,0,109,2,9,0
1493319,0,1,1,0,1,0,109,2,9,0
1493364,1,1,0,0,0,0,109,2,9,0
1493451,1,0,1,0,0,0,109,2,9,0
1494669,0,1,0,1,0,0,109,2,9,0
1495281,1,1,1,1,1,0,109,2,9,0
1495387,0,1,0,1,0,0,109,2,9,0
1495929,1,0,0,1,1,0,109,2,9,0
1496394,1,1,1,1,1,0,109,2,9,0
1496522,0,0,0,0,1,0,109,2,9,0
1496782,1,0,1,0,0,0,109,2,9,0
1500765,1,0,0,1,1,0,109,2,9,0
1501320,0,0,1,1,0,0,109,2,9,0
1502156,0,0,1,1,0,0,109,2,9,0
1506649,0,0,1,1,0,0,109,2,9,0
1507568,0,0,1,1,0,0,173,2,12,0
1507685,0,1,1,0,1,0,173,2,12,0
1507904,0,0,0,0,1,0,173,2,12,0
1509266,0,0,1,1,0,0,173,2,12,0
1509380,1,1,0,1,0,0,173,2,12,0
1509520,0,1,1,0,1,0,173,2,12,0
1509781,0,0,1,1,0,0,173,2,12,0
1511174,1,0,1,0,0,0,173,2,12,0
1511221,0,0,1,1,0,0,173,2,12,0
1511715,1,1,1,1,1,0,173,2,12,0
1511908,1,0,0,1,1,0,173,2,12,0
1512185,1,1,1,1,1,0,173,2,12,0
1514381,0,0,1,1,0,0,173,2,12,0
1514575,1,0,1,0,0,0,173,2,12,0
1514991,0,1,1,0,1,0,173,2,12,0
1516020,1,1,1,1,1,0,173,2,12,0
1516205,1,0,1,0,0,0,173,2,12,0
1516379,1,1,1,1,1,0,173,2,12,0
1516525,0,1,1,0,1,0,173,2,12,0
1517394,1,0,1,0,0,0,173,2,12,0
1517536,0,1,1,0,1,0,173,2,12,0
1517805,0,0,1,1,0,0,173,2,12,0
1517910,1,0,0,1,1,0,173,2,12,0
1518170,1,1,0,0,0,0,173,2,12,0
1518598,1,0,0,1,1,0,173,2,12,0
1518604,1,0,1,0,0,0,173,2,12,0
1518933,0,0,0,0,1,0,173,2,12,0
1519211,0,0,0,0,1,0,173,2,12,0
1519415,0,0,1,1,0,0,173,2,12,0
1520000,0,0,1,1,0,0,173,2,12,0
1520282,1,0,1,0,0,0,173,2,12,0
1520283,1,0,1,0,0,0,173,2,12,0
1520721,1,1,1,1,1,0,173,2,12,0
1520883,1,1,0,0,0,0,173,2,12,0
1520931,1,1,1,1,1,0,173,2,12,0
1521279,0,1,0,1,0,0,173,2,12,0
1522231,0,0,0,0,1,0,173,2,12,0
1522321,0,0,0,0,1,0,173,2,12,0
1523069,0,1,1,0,1,0,173,2,12,0
1523218,0,0,0,0,1,0,173,2,12,0
1523979,0,0,0,0,1,0,173,2,12,0
1524218,0,1,1,0,1,0,173,2,12,0
1524300,1,0,1,0,0,0,173,2,12,0
1524678,0,0,1,1,0,0,173,2,12,0
1525026,0,0,0,0,1,0,173,2,12,0
1525419,1,0,0,1,1,0,173,2,12,0
1525486,0,0,1,1,0,0,173,2,12,0
1525898,1,0,1,0,0,0,173,2,12,0
1527536,0,1,0,1,0,0,173,2,12,0
1527823,1,0,0,1,1,0,173,2,12,0
1528590,1,0,0,1,1,0,173,2,12,0
1528936,0,0,1,1,0,0,173,2,12,0
1529274,1,0,1,0,0,0,173,2,12,0
1529855,0,0,1,1,0,0,173,2,12,0
1529902,1,0,0,1,1,0,173,2,12,0
1530235,0,0,0,0,1,0,173,2,12,0
1530246,1,1,0,0,0,0,173,2,12,0
1530319,1,1,0,0,0,0,173,2,12,0
1530620,0,1,1,0,1,0,173,2,12,0
1530718,0,1,1,0,1,0,173,2,12,0
1531320,1,1,1,1,1,0,173,2,12,0
1531384,1,0,0,1,1,0,173,2,12,0
1532091,1,0,0,1,1,0,173,2,12,0
1532477,1,1,0,0,0,0,173,2,12,0
1532552,0,1,0,1,0,0,173,2,12,0
1533813,0,0,1,1,0,0,173,2,12,0
1534097,0,1,0,1,0,0,173,2,12,0
1534693,1,1,0,0,0,0,173,2,12,0
1534902,1,0,0,1,1,0,173,2,12,0
1534993,0,0,0,0,1,0,173,2,12,0
1535191,0,0,0,0,1,0,173,2,12,0
1535395,1,1,1,1,1,0,173,2,12,0
1536012,1,0,1,0,0,0,173,2,12,0
1537617,0,0,1,1,0,0,173,2,12,0
1538349,0,1,1,0,1,0,173,2,12,0
1538556,0,0,0,0,1,0,173,2,12,0
1538573,0,0,1,1,0,0,173,2,12,0
1538995,1,0,0,1,1,0,173,2,12,0
1539179,1,0,1,0,0,0,173,2,12,0
1539189,0,1,0,1,0,0,173,2,12,0
1539428,0,1,1,0,1,0,173,2,12,0
1539678,0,0,1,1,0,0,173,2,12,0
1540855,1,0,0,1,1,0,173,2,12,0
1540968,1,0,1,0,0,0,173,2,12,0
1541067,0,0,0,0,1,0,173,2,12,0
1541654,0,1,1,0,1,0,173,2,12,0
1541738,1,0,1,0,0,0,173,2,12,0
1542086,0,0,1,1,0,0,173,2,12,0
1542222,0,1,0,1,0,0,173,2,12,0
1542494,1,0,1,0,0,0,173,2,12,0
1542630,1,0,0,1,1,0,173,2,12,0
1543904,1,1,0,0,0,0,173,2,12,0
1544220,0,0,1,1,0,0,173,2,12,0
1544266,1,0,0,1,1,0,173,2,12,0
1544314,1,0,1,0,0,0,173,2,12,0
1544489,1,1,1,1,1,0,173,2,12,0
1544605,0,0,0,0,1,0,173,2,12,0
1545070,0,1,0,1,0,0,173,2,12,0
1545232,0,0,1,1,0,0,173,2,12,0
1545639,0,0,0,0,1,0,173,2,12,0
1545753,1,1,0,0,0,0,173,2,12,0
1546248,0,0,0,0,1,0,173,2,12,0
1546365,1,0,0,1,1,0,173,2,12,0
1546491,0,0,0,0,1,0,173,2,12,0
1547473,1,1,1,1,1,0,173,2,12,0
1547576,1,1,1,1,1,0,173,2,12,0
1547760,1,0,0,1,1,0,173,2,12,0
1548498,1,0,0,1,1,0,173,2,12,0
1548707,1,1,0,0,0,0,173,2,12,0
1549043,1,0,0,1,1,0,173,2,12,0
1549626,0,0,1,1,0,0,173,2,12,0
1549794,0,0,1,1,0,0,173,2,12,0
1551067,0,0,1,1,0,0,173,2,12,0
1551287,1,0,1,0,0,0,173,2,12,0
1551565,1,1,0,0,0,0,173,2,12,0
1551591,1,0,0,1,1,0,173,2,12,0
1551838,1,0,0,1,1,0,173,2,12,0
1552184,1,1,1,1,1,0,173,2,12,0
1552296,0,0,0,0,1,0,173,2,12,0
1553590,1,1,1,1,1,0,173,2,12,0
1553806,0,1,1,0,1,0,173,2,12,0
1555168,1,1,1,1,1,0,173,2,12,0
1555415,1,0,1,0,0,0,173,2,12,0
1555469,0,1,0,0,0,0,173,2,12,0
1555719,1,1,1,1,1,0,173,2,12,0
1556520,0,0,0,1,1,1,173,2,12,0
1556834,0,0,1,1,0,0,173,2,12,0
1557090,1,0,0,1,1,0,173,2,12,0
1557524,0,1,0,1,0,0,173,2,12,0
1558342,1,1,0,0,0,0,173,2,12,0
1558669,0,0,0,0,1,0,173,2,12,0
1559241,1,0,0,1,1,0,173,2,12,0
1559248,0,1,1,0,1,0,173,2,12,0
1559645,1,1,0,0,0,0,173,2,12,0
1560686,1,1,0,0,0,0,173,2,12,0
1560729,1,1,1,1,1,0,173,2,12,0
1560969,0,1,0,1,0,0,173,2,12,0
1561256,1,1,0,1,0,0,173,2,12,0
1562544,0,0,1,1,0,0,173,2,12,0
1563021,0,1,0,1,0,0,173,2,12,0
1563040,1,0,0,1,1,0,173,2,12,0
1563248,0,0,1,1,0,0,173,2,12,0
1563290,0,1,0,1,0,0,173,2,12,0
1563512,0,1,0,1,0,0,173,2,12,0
1563734,0,0,1,1,0,0,173,2,12,0
1564141,0,1,0,1,0,0,173,2,12,0
1564259,0,1,1,0,1,0,173,2,12,0
1564396,0,0,1,1,0,0,173,2,12,0
1564557,1,1,1,1,1,0,173,2,12,0
1564625,0,0,0,0,1,0,173,2,12,0
1564713,1,1,1,1,1,0,173,2,12,0
1564729,0,0,1,1,0,0,173,2,12,0
1564752,0,0,1,1,0,0,173,2,12,0
1565021,1,0,1,0,0,0,173,2,12,0
1565027,1,0,0,1,1,0,173,2,12,0
1565187,1,0,1,0,0,0,173,2,12,0
1565519,0,0,1,1,0,0,173,2,12,0
1566402,1,1,0,0,0,0,173,2,12,0
1566978,0,1,1,0,1,0,173,2,12,0
1567348,0,1,1,0,1,0,173,2,12,0
1567425,0,0,0,0,1,0,173,2,12,0
1567878,0,0,1,1,0,0,173,2,12,0
1567896,0,1,1,0,1,0,173,2,12,0
1568051,1,1,0,0,0,0,173,2,12,0
1568163,1,1,0,0,0,0,173,2,12,0
1569485,0,0,1,1,0,0,173,2,12,0
1571349,1,0,1,0,0,0,173,2,12,0
1571879,1,1,1,1,1,0,173,2,12,0
1572118,1,1,0,0,0,0,173,2,12,0
1572261,0,1,1,0,1,0,173,2,12,0
1572311,1,0,1,0,0,0,173,2,12,0
1572750,1,1,1,1,1,0,173,2,12,0
1573102,1,1,1,1,1,0,87,2,12,1
1573750,1,1,0,0,0,0,87,2,12,1
1573802,1,0,1,0,0,0,87,2,12,1
1574392,1,0,1,0,0,0,87,2,12,1
1575363,1,1,1,1,1,0,87,2,12,1
1575686,0,0,1,1,0,0,87,2,12,1
1576121,1,1,0,0,0,0,87,2,12,1
1576212,0,1,1,0,1,0,87,2,12,1
1576277,0,1,0,1,0,0,87,2,12,1
1576900,0,1,1,0,1,0,87,2,12,1
1576957,0,0,1,1,0,0,87,2,12,1
1577002,1,0,1,0,0,0,87,2,12,1
1578193,0,0,1,0,0,0,87,2,12,1
1578473,1,1,1,1,1,0,87,2,12,1
1578589,0,1,1,0,1,0,87,2,12,1
1579621,0,0,0,0,1,0,87,2,12,1
1579700,0,0,1,1,0,0,87,2,12,1
1580061,0,0,0,0,1,0,87,2,12,1
1580475,0,0,1,1,0,0,87,2,12,1
1580550,1,0,1,0,0,0,87,2,12,1
1580959,1,1,0,0,0,0,87,2,12,1
1581597,1,1,1,1,1,0,87,2,12,1
1581688,0,1,1,0,1,0,87,2,12,1
1581900,0,0,0,0,1,0,87,2,12,1
1581948,1,0,0,1,1,0,87,2,12,1
1582156,0,1,1,0,1,0,87,2,12,1
1582520,1,1,1,1,1,0,87,2,12,1
1582937,1,1,0,0,0,0,87,2,12,1
1583085,0,1,0,1,0,0,87,2,12,1
1583280,1,0,1,0,0,0,87,2,12,1
1585316,1,1,1,1,1,0,87,2,12,1
1585766,1,0,1,0,0,0,87,2,12,1
1586420,0,1,0,1,0,0,87,2,12,1
1586421,0,0,1,1,0,0,87,2,12,1
1587867,1,1,0,0,0,0,87,2,12,1
1588435,1,0,0,1,1,0,87,2,12,1
1588847,0,1,1,0,1,0,87,2,12,1
1589021,1,0,0,1,1,0,87,2,12,1
1589860,0,0,1,1,0,0,87,2,12,1
1589881,0,1,1,1,1,1,87,2,12,1
1589950,0,1,0,1,0,0,87,2,12,1
1590057,0,0,1,1,0,0,87,2,12,1
1590620,1,0,1,0,0,0,87,2,12,1
1590845,1,0,0,0,1,1,87,2,12,1
1590919,0,0,0,0,1,0,87,2,12,1
1591030,1,1,0,0,0,0,87,2,12,1
1591058,1,1,0,0,0,0,87,2,12,1
1591103,0,1,1,0,1,0,87,2,12,1
1591156,1,1,0,0,0,0,87,2,12,1
1591262,0,0,0,0,1,0,87,2,12,1
1591566,0,0,1,1,0,0,87,2,12,1
1592024,1,0,1,0,0,0,87,2,12,1
1592059,1,1,0,0,0,0,87,2,12,1
1592321,0,1,1,0,1,0,87,2,12,1
1593139,0,1,1,0,1,0,87,2,12,1
1593562,0,1,0,1,0,0,87,2,12,1
1593675,1,0,1,0,0,0,87,2,12,1
1594084,1,1,1,1,1,0,87,2,12,1
1594722,1,1,0,0,0,0,87,2,12,1
1594922,1,1,1,1,1,0,87,2,12,1
1595275,0,1,0,1,0,0,87,2,12,1
1595389,0,1,1,0,1,0,87,2,12,1
1595724,0,1,0,1,0,0,87,2,12,1
1595732,1,1,0,1,0,0,87,2,12,1
1595769,0,1,1,0,1,0,87,2,12,1
1595914,1,1,0,0,0,0,87,2,12,1
1597308,0,0,1,1,0,0,87,2,12,1
1597370,1,0,0,0,1,1,87,2,12,1
1597412,0,0,1,1,0,0,87,2,12,1
1597720,1,1,0,0,0,0,87,2,12,1
1598251,1,1,1,1,1,0,87,2,12,1
1598326,1,0,0,1,1,0,87,2,12,1
1598405,0,0,0,0,1,0,87,2,12,1
1598905,1,0,0,0,1,1,87,2,12,1
1599117,1,0,1,0,0,0,87,2,12,1
1599640,0,1,0,1,0,0,87,2,12,1
1600303,0,1,0,1,0,0,87,2,12,1
1600305,0,0,0,0,1,0,87,2,12,1
1600663,1,1,0,0,0,0,87,2,12,1
1600807,0,0,1,1,0,0,87,2,12,1
1601029,1,1,1,1,1,0,87,2,12,1
1601823,0,1,0,1,0,0,87,2,12,1
1602304,1,0,1,0,0,0,87,2,12,1
1602376,0,0,1,1,0,0,87,2,12,1
1602485,0,1,0,1,0,0,87,2,12,1
1602488,0,1,1,0,1,0,87,2,12,1
1603621,1,0,1,0,0,0,87,2,12,1
1603702,1,1,1,1,1,0,87,2,12,1
1603813,1,0,1,0,0,0,87,2,12,1
1604041,0,1,1,0,1,0,87,2,12,1
1604092,1,1,0,0,0,0,87,2,12,1
1604826,1,1,1,1,1,0,87,2,12,1
1605291,1,1,1,1,1,0,87,2,12,1
1605387,1,0,1,0,0,0,87,2,12,1
1605482,0,0,1,1,0,0,87,2,12,1
1605730,0,1,1,0,1,0,87,2,12,1
1605884,1,0,1,0,0,0,87,2,12,1
1607354,0,0,0,0,1,0,87,2,12,1
1607721,1,1,0,0,0,0,87,2,12,1
1608748,0,1,0,1,0,0,87,2,12,1
1609413,0,1,1,0,1,0,87,2,12,1
1609743,1,1,1,1,1,0,87,2,12,1
1610322,0,1,1,0,1,0,87,2,12,1
1610401,1,1,0,0,0,0,87,2,12,1
1610457,0,1,0,1,0,0,87,2,12,1
1610682,1,1,1,1,1,0,87,2,12,1
1610795,0,0,1,1,0,0,87,2,12,1
1611310,1,0,0,1,1,0,87,2,12,1
1611712,0,1,1,0,1,0,87,2,12,1
1611921,1,1,1,1,1,0,87,2,12,1
1612150,1,0,1,0,0,0,87,2,12,1
1612230,0,0,0,0,1,0,87,2,12,1
1612262,0,0,1,1,0,0,87,2,12,1
1612682,1,0,1,0,0,0,87,2,12,1
1613001,0,0,1,1,0,0,87,2,12,1
1613547,1,0,0,1,1,0,87,2,12,1
1613995,1,1,0,0,0,0,87,2,12,1
1614466,1,0,0,1,1,0,87,2,12,1
1615000,0,1,0,1,0,0,87,2,12,1
1615069,1,0,0,1,1,0,87,2,12,1
1615169,1,0,0,1,1,0,87,2,12,1
1615725,0,1,1,0,1,0,87,2,12,1
1616407,0,0,0,0,1,0,87,2,12,1
1616833,0,1,1,0,1,0,87,2,12,1
1616936,1,1,0,0,0,0,87,2,12,1
1617297,1,1,1,1,1,0,87,2,12,1
1617447,0,0,1,1,0,0,87,2,12,1
1617779,0,0,1,1,0,0,87,2,12,1
1618417,1,1,1,1,1,0,87,2,12,1
1618655,0,1,0,1,0,0,87,2,12,1
1619587,1,0,1,0,0,0,87,2,12,1
1620750,1,0,1,0,0,0,87,2,12,1
1621507,1,0,0,1,1,0,87,2,12,1
1621833,0,0,1,1,0,0,87,2,12,1
1622324,0,0,1,1,0,0,87,2,12,1
1622982,1,0,0,1,1,0,87,2,12,1
1623102,1,1,0,0,0,0,87,2,12,1
1623119,1,0,1,0,0,0,87,2,12,1
1623613,0,1,1,0,1,0,87,2,12,1
1624137,1,1,1,1,1,0,87,2,12,1
1624251,1,0,0,1,1,0,87,2,12,1
1624988,1,1,0,0,0,0,87,2,12,1
1625136,0,1,0,1,0,0,87,2,12,1
1625177,0,0,0,0,1,0,87,2,12,1
1625640,0,0,1,1,0,0,87,2,12,1
1625796,0,1,1,0,1,0,87,2,12,1
1626209,0,0,0,0,1,0,87,2,12,1
1626632,0,1,1,0,1,0,87,2,12,1
1626947,1,0,1,0,0,0,87,2,12,1
1626998,1,0,1,0,0,0,87,2,12,1
1627132,1,1,1,1,1,0,87,2,12,1
1627228,0,0,0,0,1,0,87,2,12,1
1627478,0,0,0,0,1,0,87,2,12,1
1627769,0,0,0,0,1,0,87,2,12,1
1628942,0,0,0,0,1,0,87,2,12,1
1629126,0,0,0,0,1,0,87,2,12,1
1629474,1,1,1,1,1,0,87,2,12,1
1629698,1,0,0,1,1,0,87,2,12,1
1629969,1,1,0,0,0,0,87,2,12,1
1629999,1,1,1,1,1,0,87,2,12,1
1630221,0,1,0,1,0,0,87,2,12,1
1630477,1,1,1,1,1,0,87,2,12,1
1630656,0,0,1,1,0,0,87,2,12,1
1630724,0,1,0,1,0,0,87,2,12,1
1631296,0,0,1,1,0,0,87,2,12,1
1631762,0,0,0,0,1,0,87,2,12,1
1633433,0,0,1,1,0,0,87,2,12,1
1633647,0,0,1,1,0,0,87,2,12,1
1633743,0,1,1,0,1,0,87,2,12,1
1634146,0,1,1,0,1,0,87,2,12,1
1635399,1,1,0,0,0,0,87,2,12,1
1635491,0,0,1,1,0,0,87,2,12,1
1636222,0,1,0,1,0,0,87,2,12,1
1636725,1,1,1,1,1,0,87,2,12,1
1636783,0,1,0,1,0,0,87,2,12,1
1637749,0,0,0,0,1,0,87,2,12,1
1638023,0,0,1,1,0,0,87,2,12,1
1638296,0,1,0,1,0,0,87,2,12,1
1638716,0,0,0,0,1,0,133,2,12,1
1639013,0,0,1,1,0,0,133,2,12,1
1639031,0,0,0,0,1,0,133,2,12,1
1639295,1,1,0,0,0,0,133,2,12,1
1639510,1,0,1,0,0,0,133,2,12,1
1639627,0,1,0,0,0,0,133,2,12,1
1639656,1,1,1,1,1,0,133,2,12,1
1639781,0,1,0,0,0,0,133,2,12,1
1639791,1,0,1,0,0,0,133,2,12,1
1639886,0,0,0,1,1,1,133,2,12,1
1640253,0,0,0,1,1,1,133,2,12,1
1640282,0,1,0,1,0,0,133,2,12,1
1640631,0,1,1,0,1,0,133,2,12,1
1640789,0,0,1,1,0,0,133,2,12,1
1640790,1,1,0,0,0,0,133,2,12,1
1641041,1,0,1,0,0,0,133,2,12,1
1641067,0,0,1,1,0,0,133,2,12,1
1641096,0,1,0,1,0,0,133,2,12,1
1641182,0,0,0,0,1,0,133,2,12,1
1641235,1,1,1,1,1,0,133,2,12,1
1641424,0,1,0,0,0,0,133,2,12,1
1641651,1,0,0,1,1,0,133,2,12,1
1641708,1,0,1,0,0,0,133,2,12,1
1641858,1,0,1,0,0,0,133,2,12,1
1641900,0,1,1,0,1,0,133,2,12,1
1641954,0,0,0,0,1,0,133,2,12,1
1642111,1,1,1,0,1,1,133,2,12,1
1642323,0,1,1,0,1,0,133,2,12,1
1642355,0,1,1,0,1,0,133,2,12,1
1642739,1,0,1,0,0,0,133,2,12,1
1642885,0,1,1,0,1,0,133,2,12,1
1643064,1,0,1,0,0,0,133,2,12,1
1643644,1,1,0,0,0,0,133,2,12,1
1643705,0,1,0,1,0,0,133,2,12,1
1643927,1,1,1,1,1,0,133,2,12,1
1645014,1,1,0,0,0,0,133,2,12,1
1645413,1,1,1,1,1,0,133,2,12,1
1645417,0,1,0,1,0,0,133,2,12,1
1645521,0,0,0,0,1,0,133,2,12,1
1645620,1,0,0,1,1,0,133,2,12,1
1645905,1,1,0,0,0,0,133,2,12,1
1645919,0,0,1,1,0,0,133,2,12,1
1646189,0,0,0,0,1,0,133,2,12,1
1646381,0,1,0,1,0,0,133,2,12,1
1646494,0,1,1,0,1,0,133,2,12,1
1646567,1,1,1,1,1,0,133,2,12,1
1646768,0,1,0,1,0,0,133,2,12,1
1646881,1,1,0,0,0,0,133,2,12,1
1646929,1,0,1,0,0,0,133,2,12,1
1646964,0,0,1,1,0,0,133,2,12,1
1647043,0,0,1,1,0,0,133,2,12,1
1647073,1,0,1,0,0,0,133,2,12,1
1647295,1,0,0,1,1,0,133,2,12,1
1647963,0,1,1,0,1,0,133,2,12,1
1648213,0,0,0,0,1,0,133,2,12,1
1649002,0,1,1,0,1,0,133,2,12,1
1649193,1,0,0,1,1,0,133,2,12,1
1649271,1,0,0,1,1,0,133,2,12,1
1649439,0,1,0,1,0,0,133,2,12,1
1649754,0,0,1,1,0,0,133,2,12,1
1649765,0,1,0,1,0,0,133,2,12,1
1649798,0,0,1,1,0,0,133,2,12,1
1649821,0,1,1,0,1,0,133,2,12,1
1650258,0,0,0,0,1,0,133,2,12,1
1650358,1,0,0,1,1,0,133,2,12,1
1650825,1,0,0,1,1,0,133,2,12,1
1650943,0,0,0,0,1,0,133,2,12,1
1651012,1,1,1,1,1,0,133,2,12,1
1651090,1,0,0,1,1,0,133,2,12,1
1651198,1,0,1,0,0,0,133,2,12,1
1651484,1,1,1,1,1,0,133,2,12,1
1651903,0,1,0,1,0,0,133,2,12,1
1651987,0,0,1,1,0,0,133,2,12,1
1652016,0,0,1,1,0,0,133,2,12,1
1652210,0,0,1,1,0,0,133,2,12,1
1652469,0,0,0,0,1,0,133,2,12,1
1652588,0,0,1,1,0,0,133,2,12,1
1652631,0,1,0,1,0,0,133,2,12,1
1652671,0,0,1,1,0,0,133,2,12,1
1652892,0,0,1,1,0,0,133,2,12,1
1653132,1,1,0,0,0,0,133,2,12,1
1653951,1,1,1,1,1,0,133,2,12,1
1653992,1,1,1,1,1,0,133,2,12,1
1654233,1,0,1,0,0,0,133,2,12,1
1654253,1,1,0,0,0,0,133,2,12,1
1654461,0,1,1,0,1,0,133,2,12,1
1654610,0,0,0,0,1,0,133,2,12,1
1654637,1,0,1,0,0,0,133,2,12,1
1654833,1,1,1,1,1,0,133,2,12,1
1655428,0,0,1,1,0,0,133,2,12,1
1656690,1,1,1,1,1,0,133,2,12,1
1656727,0,0,0,1,1,1,133,2,12,1
1656781,1,0,1,0,0,0,133,2,12,1
1657076,0,1,1,0,1,0,133,2,12,1
1657303,1,0,1,0,0,0,133,2,12,1
1657807,1,0,0,1,1,0,133,2,12,1
1658228,0,0,1,1,0,0,133,2,12,1
1658323,0,1,0,1,0,0,133,2,12,1
1658892,1,0,0,1,1,0,133,2,12,1
1658917,1,0,1,0,0,0,133,2,12,1
1659154,1,0,0,1,1,0,133,2,12,1
1659229,0,0,1,1,0,0,133,2,12,1
1659444,0,0,1,1,0,0,133,2,12,1
1659446,1,0,1,0,0,0,133,2,12,1
1659557,1,0,0,1,1,0,133,2,12,1
1659987,1,1,1,1,1,0,133,2,12,1
1660027,1,1,0,0,0,0,133,2,12,1
1660365,1,0,1,0,0,0,133,2,12,1
1660582,0,0,1,1,0,0,133,2,12,1
1660850,1,0,0,1,1,0,133,2,12,1
1660952,1,0,0,1,1,0,133,2,12,1
1661073,1,0,0,0,1,1,133,2,12,1
1661110,0,0,1,1,0,0,133,2,12,1
1661202,1,0,0,1,1,0,133,2,12,1
1661216,1,1,1,1,1,0,133,2,12,1
1661615,0,1,0,1,0,0,133,2,12,1
1661682,0,0,0,1,1,1,133,2,12,1
1661818,0,1,1,0,1,0,133,2,12,1
1662013,1,0,0,1,1,0,133,2,12,1
1662149,1,1,1,1,1,0,133,2,12,1
1662447,1,1,0,0,0,0,133,2,12,1
1662723,1,0,1,0,0,0,133,2,12,1
1662812,0,0,0,0,1,0,133,2,12,1
1663264,0,1,1,1,1,1,133,2,12,1
1663878,1,0,0,1,1,0,133,2,12,1
1664003,1,0,0,1,1,0,133,2,12,1
1664147,1,0,0,0,1,1,133,2,12,1
1664190,1,1,0,0,0,0,133,2,12,1
1664279,0,1,0,1,0,0,133,2,12,1
1664498,1,1,1,1,1,0,133,2,12,1
1664784,1,1,0,0,0,0,133,2,12,1
1665035,0,1,1,0,1,0,133,2,12,1
1665125,0,0,1,1,0,0,133,2,12,1
1665515,1,0,1,0,0,0,133,2,12,1
1665752,0,1,0,1,0,0,133,2,12,1
1666179,0,1,1,0,1,0,133,2,12,1
1666278,1,0,1,0,0,0,133,2,12,1
1666402,0,0,1,1,0,0,133,2,12,1
1667054,0,0,1,1,0,0,133,2,12,1
1667082,1,1,0,0,0,0,133,2,12,1
1667214,0,0,1,1,0,0,133,2,12,1
1667652,0,0,1,1,0,0,133,2,12,1
1667829,0,0,0,0,1,0,133,2,12,1
1668145,1,0,1,0,0,0,133,2,12,1
1668210,1,1,0,0,0,0,133,2,12,1
1668401,0,0,0,0,1,0,133,2,12,1
1669469,0,0,0,0,1,0,133,2,12,1
1669657,1,0,0,1,1,0,133,2,12,1
1669700,0,0,0,0,1,0,133,2,12,1
1669746,1,0,1,0,0,0,133,2,12,1
1670387,0,0,1,1,0,0,133,2,12,1
1670433,1,0,0,0,1,1,133,2,12,1
1670829,0,1,1,0,1,0,133,2,12,1
1671681,1,1,0,0,0,0,133,2,12,1
1671835,1,1,1,1,1,0,133,2,12,1
1672176,1,0,1,0,0,0,133,2,12,1
1672500,1,1,1,1,1,0,133,2,12,1
1672663,0,0,1,1,0,0,133,2,12,1
1672952,0,1,1,0,1,0,133,2,12,1
1673172,0,0,1,1,0,0,133,2,12,1
1673413,1,0,1,0,0,0,133,2,12,1
1673431,1,0,0,1,1,0,133,2,12,1
1673524,1,0,0,1,1,0,133,2,12,1
1673673,0,0,1,1,0,0,133,2,12,1
1673712,0,1,0,1,0,0,133,2,12,1
1674500,1,0,1,0,0,0,133,2,12,1
1674603,1,0,0,1,1,0,133,2,12,1
1674879,1,1,1,0,1,1,133,2,12,1
1674973,1,0,0,1,1,0,133,2,12,1
1675050,1,1,1,1,1,0,133,2,12,1
1675160,1,0,1,0,0,0,133,2,12,1
1675286,1,1,1,1,1,0,133,2,12,1
1675543,1,0,1,0,0,0,133,2,12,1
1675753,1,1,0,0,0,0,133,2,12,1
1676283,1,1,0,0,0,0,133,2,12,1
1676354,0,1,0,1,0,0,133,2,12,1
1676444,0,1,1,0,1,0,133,2,12,1
1676668,0,0,1,1,0,0,133,2,12,1
1676854,1,0,0,1,1,0,133,2,12,1
1676902,1,0,0,1,1,0,133,2,12,1
1676917,0,1,1,0,1,0,133,2,12,1
1677087,0,0,0,0,1,0,133,2,12,1
1677169,0,1,0,0,0,0,133,2,12,1
1677864,1,1,0,0,0,0,133,2,12,1
1677917,1,1,0,0,0,0,133,2,12,1
1677938,0,1,1,0,1,0,133,2,12,1
1678041,1,1,1,1,1,0,133,2,12,1
1678178,0,0,0,0,1,0,133,2,12,1
1678505,1,0,1,0,0,0,133,2,12,1
1678628,1,1,1,1,1,0,133,2,12,1
1678808,0,1,0,1,0,0,133,2,12,1
1678929,0,1,0,1,0,0,133,2,12,1
1679046,0,0,1,1,0,0,133,2,12,1
1679093,1,1,1,1,1,0,133,2,12,1
1679235,1,0,0,1,1,0,133,2,12,1
1679640,0,0,0,0,1,0,133,2,12,1
1679885,0,0,1,0,0,0,133,2,12,1
1680375,0,1,1,0,1,0,133,2,12,1
1680549,1,0,0,1,1,0,133,2,12,1
1680596,0,1,1,0,1,0,133,2,12,1
1680711,0,0,0,0,1,0,133,2,12,1
1681056,1,1,1,1,1,0,133,2,12,1
1681278,1,1,1,1,1,0,133,2,12,1
1681659,0,1,1,0,1,0,133,2,12,1
1681963,0,1,1,1,1,1,133,2,12,1
1682955,0,0,0,0,1,0,133,2,12,1
1683009,0,0,1,1,0,0,133,2,12,1
1683891,1,1,1,1,1,0,133,2,12,1
1684114,0,1,1,0,1,0,133,2,12,1
1684353,0,0,0,0,1,0,133,2,12,1
1684396,0,1,1,0,1,0,133,2,12,1
1684489,0,0,0,0,1,0,133,2,12,1
1684817,0,0,0,0,1,0,133,2,12,1
1684863,1,0,1,0,0,0,133,2,12,1
1684896,1,1,1,1,1,0,133,2,12,1
1685288,1,0,1,0,0,0,133,2,12,1
1685292,0,1,0,1,0,0,133,2,12,1
1685458,1,1,0,0,0,0,133,2,12,1
1685889,1,1,1,1,1,0,133,2,12,1
1686093,1,0,0,1,1,0,133,2,12,1
1686264,0,0,1,1,0,0,133,2,12,1
1686403,0,1,1,0,1,0,133,2,12,1
1686456,1,0,0,1,1,0,133,2,12,1
1686480,1,0,0,1,1,0,133,2,12,1
1686872,1,1,1,1,1,0,133,2,12,1
1686986,1,0,1,0,0,0,133,2,12,1
1687117,1,1,1,1,1,0,133,2,12,1
1687160,1,1,0,0,0,0,133,2,12,1
1687418,0,0,1,1,0,0,133,2,12,1
1687621,1,0,1,0,0,0,133,2,12,1
1687724,0,1,0,1,0,0,133,2,12,1
1687878,1,0,0,1,1,0,133,2,12,1
1688116,1,1,1,1,1,0,133,2,12,1
1688318,1,1,1,1,1,0,133,2,12,1
1688384,1,1,0,0,0,0,133,2,12,1
1688475,0,1,0,1,0,0,133,2,12,1
1688566,1,0,0,1,1,0,133,2,12,1
1689053,1,1,0,0,0,0,133,2,12,1
1689123,1,0,1,0,0,0,133,2,12,1
1689858,1,1,1,1,1,0,133,2,12,1
1689950,1,1,1,1,1,0,133,2,12,1
1690082,1,0,1,0,0,0,133,2,12,1
1690289,1,1,1,1,1,0,133,2,12,1
1690508,1,1,0,0,0,0,133,2,12,1
1690636,1,0,0,1,1,0,133,2,12,1
1690711,1,1,0,0,0,0,133,2,12,1
1692004,0,0,1,1,0,0,133,2,12,1
1692117,1,0,1,0,0,0,133,2,12,1
1692213,1,0,1,0,0,0,133,2,12,1
1692815,1,1,1,1,1,0,133,2,12,1
1692880,0,1,1,0,1,0,133,2,12,1
1693372,1,1,1,1,1,0,133,2,12,1
1693395,0,1,1,0,1,0,133,2,12,1
1694109,0,1,0,1,0,0,133,2,12,1
1694497,1,1,1,1,1,0,133,2,12,1
1694740,1,0,0,1,1,0,133,2,12,1
1695021,0,0,0,0,1,0,133,2,12,1
1695835,0,1,1,0,1,0,133,2,12,1
1695917,0,0,0,0,1,0,133,2,12,1
1696484,1,0,1,0,0,0,133,2,12,1
1696553,0,0,1,1,0,0,133,2,12,1
1696723,0,1,1,0,1,0,133,2,12,1
1696783,1,0,1,1,0,0,133,2,12,1
1697046,0,0,0,0,1,0,133,2,12,1
1697629,0,1,1,0,1,0,133,2,12,1
1697753,1,0,0,1,1,0,133,2,12,1
1697927,0,1,1,0,1,0,133,2,12,1
1697964,1,0,1,0,0,0,133,2,12,1
1697970,0,0,1,1,0,0,133,2,12,1
1698125,0,0,1,1,0,0,133,2,12,1
1698275,0,1,1,0,1,0,133,2,12,1
1698311,0,0,0,0,1,0,133,2,12,1
1698324,0,1,1,0,1,0,133,2,12,1
1698681,1,0,1,0,0,0,133,2,12,1
1698886,1,1,1,1,1,0,133,2,12,1
1698945,1,0,0,1,1,0,133,2,12,1
1698980,0,0,0,0,1,0,133,2,12,1
1698998,1,0,0,1,1,0,133,2,12,1
1699460,1,0,1,0,0,0,133,2,12,1
1699564,0,0,1,1,0,0,133,2,12,1
1699715,0,0,0,0,1,0,133,2,12,1
1699735,1,1,1,1,1,0,133,2,12,1
1699766,0,0,1,1,0,0,133,2,12,1
1699917,0,0,0,0,1,0,133,2,12,1
1700375,0,1,1,0,1,0,133,2,12,1
1700423,1,0,1,0,0,0,133,2,12,1
1700667,1,1,1,1,1,0,133,2,12,1
1700852,1,1,0,0,0,0,133,2,12,1
1701222,1,0,1,0,0,0,133,2,12,1
1701314,1,0,0,1,1,0,133,2,12,1
1701326,0,1,1,0,1,0,133,2,12,1
1701666,1,1,0,0,0,0,133,2,12,1
1701777,0,0,0,0,1,0,133,2,12,1
1702073,0,1,1,0,1,0,133,2,12,1
1702080,1,0,1,0,0,0,133,2,12,1
1702389,0,0,1,1,0,0,133,2,12,1
1702420,0,1,0,1,0,0,133,2,12,1
1702688,0,1,0,1,0,0,133,2,12,1
1702784,0,1,1,0,1,0,133,2,12,1
1703076,0,1,1,0,1,0,133,2,12,1
1703605,1,0,1,0,0,0,133,2,12,1
1703616,0,0,0,0,1,0,133,2,12,1
1703834,0,1,0,1,0,0,133,2,12,1
1703837,1,1,0,0,0,0,133,2,12,1
1704732,0,1,1,0,1,0,112,1,12,1
1705412,1,0,0,0,1,1,112,1,12,1
1705802,1,0,0,1,1,0,112,1,12,1
1705930,1,0,0,1,1,0,112,1,12,1
1706633,0,0,0,0,1,0,112,1,12,1
1707088,0,0,0,0,1,0,112,1,12,1
1707115,1,0,1,0,0,0,112,1,12,1
1707387,0,0,1,1,0,0,112,1,12,1
1708619,1,0,0,1,1,0,112,1,12,1
1708712,1,0,1,0,0,0,112,1,12,1
1708856,1,0,1,0,0,0,112,1,12,1
1709683,1,0,1,1,0,0,112,1,12,1
1709853,0,1,0,1,0,0,112,1,12,1
1709936,0,0,1,1,0,0,112,1,12,1
1710182,1,1,1,1,1,0,112,1,12,1
1710879,1,1,1,1,1,0,112,1,12,1
1710911,0,0,0,0,1,0,112,1,12,1
1710974,1,0,1,1,0,0,112,1,12,1
1711319,0,0,1,1,0,0,112,1,12,1
1711351,1,1,0,0,0,0,112,1,12,1
1711416,1,1,1,1,1,0,112,1,12,1
1711472,1,1,0,0,0,0,112,1,12,1
1711705,1,1,0,0,0,0,112,1,12,1
1711750,1,1,1,1,1,0,112,1,12,1
1712135,0,1,0,1,0,0,112,1,12,1
1712453,0,0,0,0,1,0,112,1,12,1
1712544,0,1,0,1,0,0,112,1,12,1
1713340,0,1,1,0,1,0,112,1,12,1
1713508,1,0,1,0,0,0,112,1,12,1
1713509,1,0,1,0,0,0,112,1,12,1
1713917,1,0,0,1,1,0,112,1,12,1
1714834,0,0,1,1,0,0,112,1,12,1
1715488,1,0,1,0,0,0,112,1,12,1
1715618,0,1,0,1,0,0,112,1,12,1
1715763,1,0,0,1,1,0,112,1,12,1
1715982,0,1,1,0,1,0,112,1,12,1
1715987,0,0,1,1,0,0,112,1,12,1
1716353,0,1,0,1,0,0,112,1,12,1
1716852,1,1,0,0,0,0,112,1,12,1
1716952,0,0,0,1,1,1,112,1,12,1
1717123,1,0,0,1,1,0,112,1,12,1
1717223,1,0,1,0,0,0,112,1,12,1
1717949,1,0,1,0,0,0,112,1,12,1
1718774,1,0,1,0,0,0,112,1,12,1
1718909,0,1,1,0,1,0,112,1,12,1
1719175,0,0,1,1,0,0,112,1,12,1
1719191,0,1,0,1,0,0,112,1,12,1
1719647,1,1,1,1,1,0,112,1,12,1
1719788,1,0,1,0,0,0,112,1,12,1
1719810,1,0,1,0,0,0,112,1,12,1
1720284,0,1,1,0,1,0,112,1,12,1
1720463,1,0,0,1,1,0,112,1,12,1
1720599,1,0,0,1,1,0,112,1,12,1
1720790,0,0,0,0,1,0,112,1,12,1
1720839,1,1,0,0,0,0,112,1,12,1
1721249,0,1,1,1,1,1,112,1,12,1
1721327,1,0,1,1,0,0,112,1,12,1
1721474,1,1,1,1,1,0,112,1,12,1
1721475,0,1,1,0,1,0,112,1,12,1
1721494,1,0,0,1,1,0,112,1,12,1
1721772,0,0,0,0,1,0,112,1,12,1
1721858,0,1,0,1,0,0,112,1,12,1
1721945,1,0,1,0,0,0,112,1,12,1
1722547,0,1,0,1,0,0,112,1,12,1
1722576,0,1,0,1,0,0,112,1,12,1
1722826,1,1,0,0,0,0,112,1,12,1
1723029,1,1,0,0,0,0,112,1,12,1
1723133,1,0,0,1,1,0,112,1,12,1
1723518,1,1,0,0,0,0,112,1,12,1
1723607,0,0,0,0,1,0,112,1,12,1
1723647,0,1,0,1,0,0,112,1,12,1
1724026,0,0,1,1,0,0,112,1,12,1
1724047,1,0,0,1,1,0,112,1,12,1
1724195,0,0,1,1,0,0,112,1,12,1
1724601,0,1,0,1,0,0,112,1,12,1
1724730,1,1,0,0,0,0,112,1,12,1
1725173,0,1,1,0,1,0,112,1,12,1
1725340,0,0,0,0,1,0,112,1,12,1
1726218,1,0,0,1,1,0,112,1,12,1
1726465,0,0,1,1,0,0,112,1,12,1
1726478,0,0,1,1,0,0,112,1,12,1
1726521,1,1,0,0,0,0,112,1,12,1
1726682,0,1,0,1,0,0,112,1,12,1
1726994,1,0,0,1,1,0,112,1,12,1
1727384,1,0,1,0,0,0,112,1,12,1
1727436,0,0,0,0,1,0,112,1,12,1
1727475,0,1,0,1,0,0,112,1,12,1
1727606,1,1,0,0,0,0,112,1,12,1
1727716,0,1,0,1,0,0,112,1,12,1
1727886,0,1,1,0,1,0,112,1,12,1
1728083,1,0,1,0,0,0,112,1,12,1
1728258,1,0,1,0,0,0,112,1,12,1
1728580,0,0,1,1,0,0,112,1,12,1
1728707,0,1,1,0,1,0,112,1,12,1
1728816,1,0,1,0,0,0,112,1,12,1
1728900,0,0,0,0,1,0,112,1,12,1
1729332,0,1,0,1,0,0,112,1,12,1
1729566,0,1,0,1,0,0,112,1,12,1
1729845,1,1,0,0,0,0,112,1,12,1
1730065,0,0,0,0,1,0,112,1,12,1
1730227,0,0,0,0,1,0,112,1,12,1
1730611,1,1,0,0,0,0,112,1,12,1
1731166,0,0,1,1,0,0,112,1,12,1
1731663,0,1,1,0,1,0,112,1,12,1
1732157,0,1,1,0,1,0,112,1,12,1
1732252,1,0,1,0,0,0,112,1,12,1
1732381,1,1,1,1,1,0,112,1,12,1
1732442,0,1,0,1,0,0,112,1,12,1
1732975,1,0,1,0,0,0,112,1,12,1
1733251,1,1,1,1,1,0,112,1,12,1
1734892,0,1,1,0,1,0,112,1,12,1
1735211,1,0,0,1,1,0,112,1,12,1
1735760,1,1,1,1,1,0,112,1,12,1
1735997,1,0,1,0,0,0,112,1,12,1
1736211,1,0,1,0,0,0,112,1,12,1
1736400,1,1,1,1,1,0,112,1,12,1
1736453,1,1,0,0,0,0,112,1,12,1
1736575,0,0,0,0,1,0,112,1,12,1
1736932,1,0,1,0,0,0,112,1,12,1
1736998,0,1,0,1,0,0,112,1,12,1
1737850,0,0,0,1,1,1,112,1,12,1
1738482,1,0,1,0,0,0,112,1,12,1
1738485,0,0,1,1,0,0,112,1,12,1
1738940,1,0,1,0,0,0,112,1,12,1
1739205,1,1,0,0,0,0,112,1,12,1
1739498,0,1,1,0,1,0,112,1,12,1
1739636,1,0,1,0,0,0,112,1,12,1
1739811,1,0,1,0,0,0,112,1,12,1
1740068,1,0,0,1,1,0,112,1,12,1
1740082,1,0,1,1,0,0,112,1,12,1
1740133,1,0,0,1,1,0,112,1,12,1
1740959,1,0,0,1,1,0,112,1,12,1
1741167,1,0,1,0,0,0,112,1,12,1
1741262,1,0,1,0,0,0,112,1,12,1
1741477,0,1,0,1,0,0,112,1,12,1
1741545,1,0,0,1,1,0,112,1,12,1
1743091,0,1,0,1,0,0,112,1,12,1
1743800,0,0,1,1,0,0,112,1,12,1
1743912,1,1,0,0,0,0,112,1,12,1
1744049,1,0,1,0,0,0,112,1,12,1
1744094,1,0,0,1,1,0,112,1,12,1
1744307,0,1,0,1,0,0,112,1,12,1
1744321,1,0,0,1,1,0,112,1,12,1
1744608,1,0,1,0,0,0,112,1,12,1
1745048,0,1,0,1,0,0,112,1,12,1
1745167,1,1,1,0,1,1,112,1,12,1
1745972,1,0,0,1,1,0,112,1,12,1
1746039,1,1,0,0,0,0,112,1,12,1
1746532,0,0,1,1,0,0,112,1,12,1
1746747,1,0,1,0,0,0,112,1,12,1
1746755,0,0,0,0,1,0,112,1,12,1
1747085,0,1,1,0,1,0,112,1,12,1
1747094,1,0,0,1,1,0,112,1,12,1
1747161,0,0,0,0,1,0,112,1,12,1
1747430,0,0,0,0,1,0,112,1,12,1
1747795,0,1,0,1,0,0,112,1,12,1
1748112,1,1,0,0,0,0,112,1,12,1
1748242,0,0,1,1,0,0,112,1,12,1
1748390,1,1,0,0,0,0,112,1,12,1
1748668,0,1,1,0,1,0,112,1,12,1
1749290,1,0,1,0,0,0,112,1,12,1
1749344,1,0,0,1,1,0,112,1,12,1
1749632,1,1,1,1,1,0,112,1,12,1
1749912,1,1,1,1,1,0,112,1,12,1
1750048,0,1,0,1,0,0,112,1,12,1
1750105,0,0,1,1,0,0,112,1,12,1
1750231,0,1,0,1,0,0,112,1,12,1
1750272,1,1,1,1,1,0,112,1,12,1
1750844,0,0,0,0,1,0,112,1,12,1
1751200,1,1,0,0,0,0,112,1,12,1
1751543,1,0,1,0,0,0,112,1,12,1
1751617,1,1,0,0,0,0,112,1,12,1
1753256,0,1,1,0,1,0,112,1,12,1
1753266,0,0,1,1,0,0,112,1,12,1
1753409,1,0,0,1,1,0,112,1,12,1
1754071,0,1,0,1,0,0,112,1,12,1
1754145,1,1,1,1,1,0,112,1,12,1
1754365,1,1,0,0,0,0,112,1,12,1
1754410,0,1,1,0,1,0,112,1,12,1
1754866,1,0,1,0,0,0,112,1,12,1
1754881,0,1,0,1,0,0,112,1,12,1
1755216,1,0,0,1,1,0,112,1,12,1
1755578,1,0,1,0,0,0,112,1,12,1
1756071,1,1,1,1,1,0,112,1,12,1
1756811,0,1,0,1,0,0,112,1,12,1
1757168,1,0,1,0,0,0,112,1,12,1
1757315,1,0,0,1,1,0,112,1,12,1
1757790,0,1,1,0,1,0,112,1,12,1
1758001,1,1,0,0,0,0,112,1,12,1
1759021,1,1,0,0,0,0,112,1,12,1
1759347,1,0,1,0,0,0,112,1,12,1
1759413,1,1,1,1,1,0,112,1,12,1
1759423,1,0,0,1,1,0,112,1,12,1
1759430,0,0,0,0,1,0,112,1,12,1
1759524,1,1,0,0,0,0,112,1,12,1
1759671,1,1,1,1,1,0,112,1,12,1
1759749,0,1,0,1,0,0,112,1,12,1
1759751,1,1,1,1,1,0,112,1,12,1
1760037,1,1,1,1,1,0,112,1,12,1
1760694,1,1,0,0,0,0,112,1,12,1
1761505,1,1,1,1,1,0,112,1,12,1
1761563,1,1,0,0,0,0,112,1,12,1
1761892,0,1,1,0,1,0,112,1,12,1
1762342,0,0,1,1,0,0,112,1,12,1
1762397,0,0,1,1,0,0,112,1,12,1
1762414,1,1,0,0,0,0,112,1,12,1
1762430,0,1,1,0,1,0,112,1,12,1
1763050,0,0,1,1,0,0,112,1,12,1
1763532,1,0,0,1,1,0,112,1,12,1
1763567,1,1,1,1,1,0,112,1,12,1
1763656,1,0,0,0,1,1,112,1,12,1
1764319,0,0,1,1,0,0,112,1,12,1
1765575,0,0,0,0,1,0,112,1,12,1
1765611,1,0,0,1,1,0,112,1,12,1
1765845,1,1,0,0,0,0,112,1,12,1
1765905,1,1,0,0,0,0,112,1,12,1
1765938,0,0,1,1,0,0,112,1,12,1
1765963,0,1,0,1,0,0,112,1,12,1
1766162,1,1,1,1,1,0,112,1,12,1
1766378,1,1,1,0,1,1,112,1,12,1
1766423,0,1,0,1,0,0,112,1,12,1
1767135,0,0,0,0,1,0,112,1,12,1
1767184,1,1,1,1,1,0,112,1,12,1
1767817,1,1,1,1,1,0,112,1,12,1
1768490,0,0,1,1,0,0,112,1,12,1
1768788,0,0,1,0,0,0,112,1,12,1
1769018,0,0,0,0,1,0,112,1,12,1
1769558,1,1,0,0,0,0,107,1,9,1
1771147,0,0,1,1,0,0,107,1,9,1
1771149,1,0,0,1,1,0,107,1,9,1
1772646,1,1,1,1,1,0,107,1,9,1
1772894,1,1,0,0,0,0,107,1,9,1
1773328,1,0,0,1,1,0,107,1,9,1
1773636,0,0,0,0,1,0,107,1,9,1
1773698,0,1,1,0,1,0,107,1,9,1
1774062,0,0,0,0,1,0,107,1,9,1
1774116,0,1,0,1,0,0,107,1,9,1
1774217,1,1,1,1,1,0,107,1,9,1
1774256,1,1,1,1,1,0,107,1,9,1
1774502,0,1,0,0,0,0,107,1,9,1
1775824,0,1,1,0,1,0,107,1,9,1
1776178,0,0,0,0,1,0,107,1,9,1
1777266,1,0,0,1,1,0,107,1,9,1
1778654,0,0,1,1,0,0,107,1,9,1
1778885,1,0,1,0,0,0,107,1,9,1
1779993,0,0,0,0,1,0,107,1,9,1
1780378,0,0,1,1,0,0,107,1,9,1
1780392,0,1,1,0,1,0,107,1,9,1
1780712,0,1,0,1,0,0,107,1,9,1
1780723,1,0,0,1,1,0,107,1,9,1
1780844,1,0,0,1,1,0,107,1,9,1
1780876,0,0,1,1,0,0,107,1,9,1
1780880,1,1,0,0,0,0,107,1,9,1
1780945,1,0,1,0,0,0,107,1,9,1
1781638,1,0,1,0,0,0,107,1,9,1
1782137,1,1,0,0,0,0,107,1,9,1
1782747,1,0,1,0,0,0,107,1,9,1
1782822,1,0,1,0,0,0,107,1,9,1
1783429,0,1,1,0,1,0,107,1,9,1
1784505,0,1,1,0,1,0,107,1,9,1
1785584,0,0,0,0,1,0,107,1,9,1
1785716,1,1,1,1,1,0,107,1,9,1
1786447,0,1,1,1,1,1,107,1,9,1
1786605,1,0,0,1,1,0,107,1,9,1
1786658,1,0,1,0,0,0,107,1,9,1
1787208,0,0,1,1,0,0,107,1,9,1
1787315,0,1,0,1,0,0,107,1,9,1
1787364,0,1,1,0,1,0,107,1,9,1
1788247,0,1,1,0,1,0,107,1,9,1
1788282,1,1,1,1,1,0,107,1,9,1
1788879,1,1,0,0,0,0,107,1,9,1
1789608,0,0,0,0,1,0,107,1,9,1
1789930,1,0,1,0,0,0,107,1,9,1
1790378,1,0,0,1,1,0,107,1,9,1
1791018,0,0,1,0,0,0,107,1,9,1
1791761,0,1,1,0,1,0,107,1,9,1
1791983,1,0,1,0,0,0,107,1,9,1
1792060,1,0,0,1,1,0,107,1,9,1
1792225,1,1,1,1,1,0,107,1,9,1
1792235,0,0,1,1,0,0,107,1,9,1
1793118,0,1,1,1,1,1,107,1,9,1
1793129,1,1,1,1,1,0,107,1,9,1
1793471,0,0,0,0,1,0,107,1,9,1
1793884,1,0,0,1,1,0,107,1,9,1
1793927,0,0,0,0,1,0,107,1,9,1
1794731,1,1,0,0,0,0,107,1,9,1
1795455,0,0,0,0,1,0,107,1,9,1
1795855,1,0,1,0,0,0,107,1,9,1
1796556,0,1,0,1,0,0,107,1,9,1
1797035,0,0,0,0,1,0,107,1,9,1
1797606,1,1,1,1,1,0,107,1,9,1
1797608,1,0,1,1,0,0,107,1,9,1
1797641,1,1,1,1,1,0,107,1,9,1
1798844,1,0,0,1,1,0,107,1,9,1
1799818,0,1,0,0,0,0,107,1,9,1
1799838,1,1,1,1,1,0,107,1,9,1
1799841,0,0,0,0,1,0,107,1,9,1
1800089,0,1,1,0,1,0,107,1,9,1
1800353,0,0,1,1,0,0,107,1,9,1
1800435,0,0,0,0,1,0,107,1,9,1
1800563,1,1,0,0,0,0,107,1,9,1
1801082,1,1,0,0,0,0,107,1,9,1
1801242,1,1,1,1,1,0,107,1,9,1
1801263,1,1,1,1,1,0,107,1,9,1
1801475,1,0,1,0,0,0,107,1,9,1
1801649,1,1,0,1,0,0,107,1,9,1
1801722,1,0,1,0,0,0,107,1,9,1
1802046,0,0,1,1,0,0,107,1,9,1
1803224,0,1,0,1,0,0,107,1,9,1
1804146,1,0,0,1,1,0,107,1,9,1
1804232,1,1,0,0,0,0,107,1,9,1
1804374,1,1,1,1,1,0,107,1,9,1
1804550,0,1,1,0,1,0,107,1,9,1
1804952,0,1,1,0,1,0,107,1,9,1
1804977,0,0,0,0,1,0,107,1,9,1
1805058,0,0,1,1,0,0,107,1,9,1
1805142,1,1,0,0,0,0,107,1,9,1
1806825,1,1,0,0,0,0,107,1,9,1
1806965,1,0,0,1,1,0,107,1,9,1
1808348,0,0,0,0,1,0,107,1,9,1
1808530,1,1,1,1,1,0,107,1,9,1
1808605,1,1,1,1,1,0,107,1,9,1
1809765,1,0,1,0,0,0,107,1,9,1
1809845,1,1,1,1,1,0,107,1,9,1
1809870,0,1,0,1,0,0,107,1,9,1
1810705,0,1,1,0,1,0,107,1,9,1
1810750,0,1,1,0,1,0,107,1,9,1
1811690,0,0,0,0,1,0,107,1,9,1
1812200,1,1,0,0,0,0,107,1,9,1
1812473,1,1,0,0,0,0,107,1,9,1
1812830,0,1,0,1,0,0,107,1,9,1
1813626,1,0,0,1,1,0,107,1,9,1
1813888,0,0,1,1,0,0,107,1,9,1
1814140,1,1,1,1,1,0,107,1,9,1
1814192,1,0,1,0,0,0,107,1,9,1
1814550,1,0,1,0,0,0,107,1,9,1
1814667,1,0,0,1,1,0,107,1,9,1
1814682,0,1,1,0,1,0,107,1,9,1
1814800,0,0,0,1,1,1,107,1,9,1
1815085,0,0,1,1,0,0,107,1,9,1
1816384,0,0,1,0,0,0,107,1,9,1
1816661,0,1,0,1,0,0,107,1,9,1
1816817,0,1,1,0,1,0,107,1,9,1
1816954,1,0,0,1,1,0,107,1,9,1
1817142,1,0,1,0,0,0,107,1,9,1
1818128,0,0,1,1,0,0,107,1,9,1
1818795,1,0,0,1,1,0,107,1,9,1
1820380,1,1,1,1,1,0,107,1,9,1
1820506,0,0,0,0,1,0,107,1,9,1
1820573,0,0,1,1,0,0,107,1,9,1
1821333,1,1,0,0,0,0,107,1,9,1
1822293,1,0,0,1,1,0,107,1,9,1
1823015,0,1,0,1,0,0,107,1,9,1
1823685,0,1,0,1,0,0,107,1,9,1
1824242,0,1,0,1,0,0,107,1,9,1
1824323,0,0,1,1,0,0,107,1,9,1
1824370,0,0,1,1,0,0,107,1,9,1
1825274,1,0,0,1,1,0,107,1,9,1
1825694,0,1,1,1,1,1,107,1,9,1
1825951,1,1,0,0,0,0,107,1,9,1
1827069,0,1,0,1,0,0,107,1,9,1
1827687,1,0,0,1,1,0,107,1,9,1
1828538,0,1,0,1,0,0,107,1,9,1
1828711,0,0,1,1,0,0,107,1,9,1
1829308,1,0,1,0,0,0,107,1,9,1
1829888,1,0,1,0,0,0,107,1,9,1
1830039,1,1,0,0,0,0,107,1,9,1
1830672,1,0,1,0,0,0,107,1,9,1
1830702,1,0,0,1,1,0,107,1,9,1
1832362,1,1,0,0,0,0,107,1,9,1
1832464,0,1,0,1,0,0,107,1,9,1
1833510,1,0,0,1,1,0,107,1,9,1
1833732,0,1,1,0,1,0,107,1,9,1
1834387,1,0,1,0,0,0,107,1,9,1
1834588,0,0,1,1,0,0,107,1,9,1
1835376,0,1,1,0,1,0,110,1,9,1
1835486,1,1,0,0,0,0,110,1,9,1
1835628,1,0,0,1,1,0,110,1,9,1
1836242,1,1,0,0,0,0,110,1,9,1
1836345,0,1,0,1,0,0,110,1,9,1
1836673,0,1,0,1,0,0,110,1,9,1
1836822,1,1,1,1,1,0,110,1,9,1
1837215,1,0,1,0,0,0,110,1,9,1
1837717,0,1,0,1,0,0,110,1,9,1
1837769,0,1,0,1,0,0,110,1,9,1
1837840,0,1,0,1,0,0,110,1,9,1
1838034,1,0,1,0,0,0,110,1,9,1
1838127,1,1,1,1,1,0,110,1,9,1
1838180,1,1,1,1,1,0,110,1,9,1
1838288,0,0,0,0,1,0,110,1,9,1
1838792,0,0,0,0,1,0,110,1,9,1
1839004,0,1,0,1,0,0,110,1,9,1
1839025,0,0,0,0,1,0,110,1,9,1
1839176,1,0,0,1,1,0,110,1,9,1
1839386,0,0,0,0,1,0,110,1,9,1
1839781,1,1,0,0,0,0,110,1,9,1
1840128,1,0,1,0,0,0,110,1,9,1
1841023,1,0,0,1,1,0,110,1,9,1
1841189,0,1,0,1,0,0,110,1,9,1
1841946,1,0,1,0,0,0,110,1,9,1
1842116,1,1,1,1,1,0,110,1,9,1
1842198,0,1,0,1,0,0,110,1,9,1
1842477,1,1,0,0,0,0,110,1,9,1
1842535,1,1,0,0,0,0,110,1,9,1
1842960,0,1,0,1,0,0,110,1,9,1
1843548,1,0,1,0,0,0,110,1,9,1
1843769,1,0,0,1,1,0,110,1,9,1
1843925,0,1,1,0,1,0,110,1,9,1
1844279,1,0,0,1,1,0,110,1,9,1
1844764,0,0,1,1,0,0,110,1,9,1
1845118,0,0,0,0,1,0,110,1,9,1
1845456,1,0,0,1,1,0,110,1,9,1
1845464,1,0,0,1,1,0,110,1,9,1
1845726,1,1,0,0,0,0,110,1,9,1
1845978,1,1,0,0,0,0,110,1,9,1
1845980,1,0,1,0,0,0,110,1,9,1
1846067,1,0,0,1,1,0,110,1,9,1
1846306,1,0,1,0,0,0,110,1,9,1
1846871,1,1,1,1,1,0,110,1,9,1
1846889,1,0,0,1,1,0,110,1,9,1
1847012,1,1,0,0,0,0,110,1,9,1
1848241,1,1,0,0,0,0,110,1,9,1
1848734,0,1,1,0,1,0,110,1,9,1
1848997,1,1,0,0,0,0,110,1,9,1
1851266,1,0,1,0,0,0,110,1,9,1
1851702,1,0,1,0,0,0,110,1,9,1
1851791,1,1,1,1,1,0,110,1,9,1
1852131,0,0,0,0,1,0,110,1,9,1
1853697,0,1,0,1,0,0,110,1,9,1
1854095,0,0,0,0,1,0,110,1,9,1
1854279,1,1,1,1,1,0,110,1,9,1
1855388,0,1,1,0,1,0,110,1,9,1
1855948,1,0,0,1,1,0,110,1,9,1
1856058,1,1,1,1,1,0,110,1,9,1
1857037,1,1,1,1,1,0,110,1,9,1
1857310,0,1,0,1,0,0,110,1,9,1
1857374,0,1,1,0,1,0,110,1,9,1
1857713,0,1,1,0,1,0,110,1,9,1
1858648,0,0,0,0,1,0,110,1,9,1
1858660,0,0,0,0,1,0,110,1,9,1
1859665,1,0,1,0,0,0,110,1,9,1
1859854,1,0,0,1,1,0,110,1,9,1
1859907,1,0,0,1,1,0,110,1,9,1
1860389,1,1,1,1,1,0,110,1,9,1
1860440,1,1,0,0,0,0,110,1,9,1
1860471,0,1,1,0,1,0,110,1,9,1
1860641,0,0,0,0,1,0,110,1,9,1
1861588,1,0,0,1,1,0,110,1,9,1
1861840,0,1,0,1,0,0,110,1,9,1
1861976,1,0,1,0,0,0,110,1,9,1
1862176,1,0,1,0,0,0,110,1,9,1
1862241,0,0,1,1,0,0,110,1,9,1
1862746,1,0,1,0,0,0,110,1,9,1
1863311,1,0,1,0,0,0,110,1,9,1
1863936,1,0,0,1,1,0,110,1,9,1
1865453,0,0,0,0,1,0,110,1,9,1
1866894,1,0,0,1,1,0,110,1,9,1
1867617,0,1,1,0,1,0,110,1,9,1
1867766,1,1,0,0,0,0,110,1,9,1
1867868,0,0,1,1,0,0,110,1,9,1
1867964,1,0,0,1,1,0,110,1,9,1
1869588,0,1,0,1,0,0,110,1,9,1
1870367,1,1,0,0,0,0,110,1,9,1
1870753,0,1,1,0,1,0,110,1,9,1
1870870,1,0,1,0,0,0,110,1,9,1
1870906,0,0,0,0,1,0,110,1,9,1
1872020,0,1,0,1,0,0,110,1,9,1
1872767,0,1,1,0,1,0,110,1,9,1
1872888,1,1,1,1,1,0,110,1,9,1
1873094,0,0,1,1,0,0,110,1,9,1
1873260,0,0,1,1,0,0,110,1,9,1
1873345,1,1,1,1,1,0,110,1,9,1
1873503,0,1,0,1,0,0,110,1,9,1
1873843,0,0,1,0,0,0,110,1,9,1
1875383,0,1,1,0,1,0,110,1,9,1
1875580,1,1,1,1,1,0,110,1,9,1
1875731,1,0,1,0,0,0,110,1,9,1
1875768,0,1,1,0,1,0,110,1,9,1
1875788,0,0,0,0,1,0,110,1,9,1
1876092,1,0,0,1,1,0,110,1,9,1
1876110,0,1,1,0,1,0,110,1,9,1
1876349,1,0,1,0,0,0,110,1,9,1
1876689,1,1,1,1,1,0,110,1,9,1
1876692,0,0,1,1,0,0,110,1,9,1
1877624,0,0,1,1,0,0,110,1,9,1
1877635,0,0,1,1,0,0,110,1,9,1
1877797,1,0,1,0,0,0,110,1,9,1
1877905,1,1,0,0,0,0,110,1,9,1
1878161,1,1,0,0,0,0,110,1,9,1
1878403,0,0,0,1,1,1,110,1,9,1
1878975,1,0,1,0,0,0,110,1,9,1
1879050,1,1,0,0,0,0,110,1,9,1
1879201,1,0,0,1,1,0,110,1,9,1
1879449,1,1,1,1,1,0,110,1,9,1
1879912,1,1,0,0,0,0,110,1,9,1
1879925,0,0,0,0,1,0,110,1,9,1
1879944,0,1,1,0,1,0,110,1,9,1
1879964,0,0,0,0,1,0,110,1,9,1
1880068,0,1,0,1,0,0,110,1,9,1
1880570,1,1,0,0,0,0,110,1,9,1
1880655,1,0,0,1,1,0,110,1,9,1
1883610,0,0,0,0,1,0,110,1,9,1
1884184,0,0,0,0,1,0,110,1,9,1
1884518,1,1,0,0,0,0,110,1,9,1
1884713,0,1,1,0,1,0,110,1,9,1
1884981,1,1,0,0,0,0,110,1,9,1
1885248,0,0,0,0,1,0,110,1,9,1
1885356,0,1,1,0,1,0,110,1,9,1
1886738,0,1,1,0,1,0,110,1,9,1
1886993,1,1,0,0,0,0,110,1,9,1
1887242,1,0,0,1,1,0,110,1,9,1
1887332,1,1,1,1,1,0,110,1,9,1
1887958,0,1,0,1,0,0,110,1,9,1
1888223,0,0,0,0,1,0,110,1,9,1
1888343,1,0,0,1,1,0,110,1,9,1
1888410,1,1,1,1,1,0,110,1,9,1
1888612,0,0,1,1,0,0,110,1,9,1
1888833,0,1,0,1,0,0,110,1,9,1
1889293,1,0,1,0,0,0,110,1,9,1
1889314,0,1,0,1,0,0,110,1,9,1
1889447,0,0,0,0,1,0,110,1,9,1
1890189,0,0,0,0,1,0,110,1,9,1
1890564,0,1,0,1,0,0,110,1,9,1
1890669,1,1,0,0,0,0,110,1,9,1
1890864,1,1,0,0,0,0,110,1,9,1
1891036,1,1,1,1,1,0,110,1,9,1
1891177,1,1,0,0,0,0,110,1,9,1
1891250,0,0,0,0,1,0,110,1,9,1
1891410,0,1,1,0,1,0,110,1,9,1
1891411,1,0,1,0,0,0,110,1,9,1
1891718,1,0,0,1,1,0,110,1,9,1
1891908,1,0,1,0,0,0,110,1,9,1
1891943,0,0,1,1,0,0,110,1,9,1
1892142,1,1,1,1,1,0,110,1,9,1
1893660,1,0,0,1,1,0,110,1,9,1
1894255,1,1,0,1,0,0,110,1,9,1
1894503,1,0,0,1,1,0,110,1,9,1
1895052,1,0,1,0,0,0,110,1,9,1
1895271,0,0,0,0,1,0,110,1,9,1
1895632,0,1,1,0,1,0,110,1,9,1
1895744,0,1,1,0,1,0,110,1,9,1
1895793,0,0,1,1,0,0,110,1,9,1
1895930,0,0,1,1,0,0,110,1,9,1
1896587,0,1,0,1,0,0,110,1,9,1
1896961,0,0,0,0,1,0,110,1,9,1
1897772,0,1,1,0,1,0,110,1,9,1
1897796,0,1,1,0,1,0,110,1,9,1
1897861,0,1,1,0,1,0,110,1,9,1
1898011,1,0,0,1,1,0,110,1,9,1
1898220,1,0,1,0,0,0,110,1,9,1
1898648,0,0,1,1,0,0,110,1,9,1
1899071,1,1,0,0,0,0,110,1,9,1
1899983,0,0,1,1,0,0,110,1,9,1
1900502,1,1,0,0,0,0,110,1,9,1
1900679,1,1,0,0,0,0,123,1,9,1
1901107,1,0,1,0,0,0,123,1,9,1
1901416,1,1,1,1,1,0,123,1,9,1
1901640,1,1,0,0,0,0,123,1,9,1
1901769,1,1,0,1,0,0,123,1,9,1
1901862,1,1,1,1,1,0,123,1,9,1
1901888,1,1,0,0,0,0,123,1,9,1
1902306,0,0,0,0,1,0,123,1,9,1
1902529,0,1,1,0,1,0,123,1,9,1
1902646,0,1,0,1,0,0,123,1,9,1
1902683,0,1,1,0,1,0,123,1,9,1
1902700,1,0,0,1,1,0,123,1,9,1
1902795,1,0,0,1,1,0,123,1,9,1
1902832,1,1,0,0,0,0,123,1,9,1
1903237,0,1,0,1,0,0,123,1,9,1
1903663,1,0,0,1,1,0,123,1,9,1
1904209,1,1,1,1,1,0,123,1,9,1
1904991,1,0,1,0,0,0,123,1,9,1
1905332,0,1,0,1,0,0,123,1,9,1
1905413,1,0,0,1,1,0,123,1,9,1
1905415,1,0,1,0,0,0,123,1,9,1
1905616,0,0,0,0,1,0,123,1,9,1
1905747,0,0,0,0,1,0,123,1,9,1
1905759,0,1,0,1,0,0,123,1,9,1
1907104,1,0,1,0,0,0,123,1,9,1
1907156,0,0,0,0,1,0,123,1,9,1
1908356,0,1,0,1,0,0,123,1,9,1
1910499,0,0,1,1,0,0,123,1,9,1
1911396,0,0,0,0,1,0,123,1,9,1
1911988,0,0,1,1,0,0,123,1,9,1
1912040,0,1,1,0,1,0,123,1,9,1
1912275,0,1,0,1,0,0,123,1,9,1
1912610,0,0,1,1,0,0,123,1,9,1
1912748,0,1,1,0,1,0,123,1,9,1
1912951,0,0,0,0,1,0,123,1,9,1
1913110,1,1,0,0,0,0,123,1,9,1
1913224,0,1,0,1,0,0,123,1,9,1
1913444,1,1,1,1,1,0,123,1,9,1
1913623,0,0,0,0,1,0,123,1,9,1
1913807,0,0,1,1,0,0,123,1,9,1
1914185,0,0,1,1,0,0,123,1,9,1
1914589,1,1,1,1,1,0,123,1,9,1
1914824,0,0,1,1,0,0,123,1,9,1
1915026,0,1,1,0,1,0,123,1,9,1
1915947,0,1,1,0,1,0,123,1,9,1
1916185,0,1,1,0,1,0,123,1,9,1
1916667,1,1,0,0,0,0,123,1,9,1
1917206,1,1,0,0,0,0,123,1,9,1
1917210,0,1,0,1,0,0,123,1,9,1
1917528,0,0,1,1,0,0,123,1,9,1
1917606,1,0,1,0,0,0,123,1,9,1
1917883,1,1,0,0,0,0,123,1,9,1
1918016,0,1,1,0,1,0,123,1,9,1
1918130,0,0,0,0,1,0,123,1,9,1
1918497,1,0,1,0,0,0,123,1,9,1
1918590,0,0,1,1,0,0,123,1,9,1
1918771,0,1,1,0,1,0,123,1,9,1
1918778,1,1,1,1,1,0,123,1,9,1
1919100,0,0,0,0,1,0,123,1,9,1
1919110,0,1,1,0,1,0,123,1,9,1
1919146,1,1,1,1,1,0,123,1,9,1
1919157,1,0,0,1,1,0,123,1,9,1
1919231,0,0,1,1,0,0,123,1,9,1
1919793,0,0,1,1,0,0,123,1,9,1
1919859,0,1,0,1,0,0,123,1,9,1
1920063,0,0,1,1,0,0,123,1,9,1
1920542,1,1,0,0,0,0,123,1,9,1
1921638,0,1,0,1,0,0,123,1,9,1
1922002,0,0,0,0,1,0,123,1,9,1
1922008,0,1,1,0,1,0,123,1,9,1
1922020,1,0,0,1,1,0,123,1,9,1
1922215,1,1,0,0,0,0,123,1,9,1
1923425,1,1,0,1,0,0,123,1,9,1
1923512,0,1,0,1,0,0,123,1,9,1
1923697,0,0,1,1,0,0,123,1,9,1
1923729,0,1,1,0,1,0,123,1,9,1
1924107,1,1,0,0,0,0,123,1,9,1
1924190,1,1,1,1,1,0,123,1,9,1
1924275,1,1,1,1,1,0,123,1,9,1
1924586,1,1,1,1,1,0,123,1,9,1
1924717,0,0,1,1,0,0,123,1,9,1
1924884,1,0,1,0,0,0,123,1,9,1
1925244,0,0,0,0,1,0,123,1,9,1
1925368,0,0,0,0,1,0,123,1,9,1
1925477,0,0,0,0,1,0,123,1,9,1
1926023,1,0,1,0,0,0,123,1,9,1
1926828,1,0,1,0,0,0,123,1,9,1
1926923,0,0,1,1,0,0,123,1,9,1
1927372,0,1,0,1,0,0,123,1,9,1
1928473,0,0,1,1,0,0,123,1,9,1
1928572,1,0,1,0,0,0,123,1,9,1
1928612,1,0,1,0,0,0,123,1,9,1
1928697,1,1,0,0,0,0,123,1,9,1
1928929,1,1,1,1,1,0,123,1,9,1
1928960,0,0,0,0,1,0,123,1,9,1
1929210,0,0,1,1,0,0,123,1,9,1
1929479,1,1,1,1,1,0,123,1,9,1
1929830,0,0,0,0,1,0,123,1,9,1
1930050,1,0,1,0,0,0,123,1,9,1
1930094,0,1,1,0,1,0,123,1,9,1
1930419,0,1,1,0,1,0,123,1,9,1
1930558,1,1,0,0,0,0,123,1,9,1
1930574,0,0,1,1,0,0,123,1,9,1
1930816,1,0,0,1,1,0,123,1,9,1
1930988,1,1,1,1,1,0,123,1,9,1
1931568,1,1,1,1,1,0,123,1,9,1
1931648,0,0,0,0,1,0,123,1,9,1
1932500,1,0,0,1,1,0,123,1,9,1
1932614,1,0,0,0,1,1,123,1,9,1
1933013,1,0,1,0,0,0,123,1,9,1
1933288,0,1,1,0,1,0,123,1,9,1
1933681,0,1,1,0,1,0,123,1,9,1
1933864,1,0,0,1,1,0,123,1,9,1
1934342,0,1,1,0,1,0,123,1,9,1
1934494,0,1,0,1,0,0,123,1,9,1
1934546,1,0,1,0,0,0,123,1,9,1
1934672,1,0,0,1,1,0,123,1,9,1
1935521,0,1,1,0,1,0,123,1,9,1
1935766,0,0,1,1,0,0,123,1,9,1
1936192,1,1,1,1,1,0,123,1,9,1
1936231,1,0,0,1,1,0,123,1,9,1
1936859,0,0,1,1,0,0,123,1,9,1
1936909,1,1,0,0,0,0,123,1,9,1
1937259,1,0,0,1,1,0,123,1,9,1
1937295,1,0,0,1,1,0,123,1,9,1
1937373,0,1,0,1,0,0,123,1,9,1
1937953,0,0,1,1,0,0,123,1,9,1
1938034,0,1,0,1,0,0,123,1,9,1
1939099,1,0,1,0,0,0,123,1,9,1
1939190,1,0,1,0,0,0,123,1,9,1
1939576,1,1,1,1,1,0,123,1,9,1
1939809,0,0,1,1,0,0,123,1,9,1
1940243,1,1,1,1,1,0,123,1,9,1
1940477,1,1,1,1,1,0,123,1,9,1
1940676,0,1,0,1,0,0,123,1,9,1
1940811,1,1,0,0,0,0,123,1,9,1
1941100,0,1,1,0,1,0,123,1,9,1
1941522,0,1,0,1,0,0,123,1,9,1
1941760,0,0,1,1,0,0,123,1,9,1
1941911,0,1,1,0,1,0,123,1,9,1
1942047,0,1,1,0,1,0,123,1,9,1
1942203,1,1,1,1,1,0,123,1,9,1
1942784,1,1,0,0,0,0,123,1,9,1
1943093,0,0,0,0,1,0,123,1,9,1
1943856,0,1,0,1,0,0,123,1,9,1
1944340,1,0,0,0,1,1,123,1,9,1
1944465,0,1,1,0,1,0,123,1,9,1
1944544,0,1,0,1,0,0,123,1,9,1
1944813,1,0,0,1,1,0,123,1,9,1
1944917,1,0,0,1,1,0,123,1,9,1
1945353,1,0,0,1,1,0,123,1,9,1
1945703,0,0,1,1,0,0,123,1,9,1
1945715,0,1,1,0,1,0,123,1,9,1
1945961,1,0,0,1,1,0,123,1,9,1
1946261,0,0,0,0,1,0,123,1,9,1
1946606,1,1,0,0,0,0,123,1,9,1
1946693,0,0,0,0,1,0,123,1,9,1
1947227,0,1,0,1,0,0,123,1,9,1
1947550,1,1,1,1,1,0,123,1,9,1
1948027,1,0,1,0,0,0,123,1,9,1
1948124,0,0,1,1,0,0,123,1,9,1
1948799,0,1,0,1,0,0,123,1,9,1
1949029,1,0,0,1,1,0,123,1,9,1
1949032,0,0,0,0,1,0,123,1,9,1
1949941,0,1,1,0,1,0,123,1,9,1
1950438,0,1,0,1,0,0,123,1,9,1
1950904,1,1,0,0,0,0,123,1,9,1
1950945,1,0,0,1,1,0,123,1,9,1
1951018,0,0,0,0,1,0,123,1,9,1
1952155,1,1,1,1,1,0,123,1,9,1
1952549,1,0,0,1,1,0,123,1,9,1
1952872,0,1,1,0,1,0,123,1,9,1
1952904,0,0,0,0,1,0,123,1,9,1
1953291,0,0,1,1,0,0,123,1,9,1
1953743,1,0,0,1,1,0,123,1,9,1
1954119,0,0,0,0,1,0,123,1,9,1
1954443,0,1,1,0,1,0,123,1,9,1
1955347,0,0,1,1,0,0,123,1,9,1
1955952,1,0,1,0,0,0,123,1,9,1
1956104,0,0,0,0,1,0,123,1,9,1
1956120,0,1,1,0,1,0,123,1,9,1
1956501,1,1,1,1,1,0,123,1,9,1
1956516,1,0,0,1,1,0,123,1,9,1
1956748,0,0,1,1,0,0,123,1,9,1
1957026,0,0,0,0,1,0,123,1,9,1
1957377,1,1,0,1,0,0,123,1,9,1
1957971,0,1,0,1,0,0,123,1,9,1
1957983,1,0,1,0,0,0,123,1,9,1
1957995,1,0,1,0,0,0,123,1,9,1
1958243,1,1,0,0,0,0,123,1,9,1
1958412,0,1,0,1,0,0,123,1,9,1
1958498,0,0,1,1,0,0,123,1,9,1
1958780,0,0,0,0,1,0,123,1,9,1
1958888,0,0,0,0,1,0,123,1,9,1
1959136,1,0,0,1,1,0,123,1,9,1
1959259,1,1,1,1,1,0,123,1,9,1
1960106,0,1,1,0,1,0,123,1,9,1
1960426,1,1,0,0,0,0,123,1,9,1
1960557,1,0,0,1,1,0,123,1,9,1
1960829,0,0,1,1,0,0,123,1,9,1
1961755,1,1,0,0,0,0,123,1,9,1
1961959,0,0,1,1,0,0,123,1,9,1
1961977,1,1,1,1,1,0,123,1,9,1
1962039,0,1,0,0,0,0,123,1,9,1
1962234,0,0,1,1,0,0,123,1,9,1
1962245,1,0,1,0,0,0,123,1,9,1
1963049,0,0,1,1,0,0,123,1,9,1
1963271,0,1,1,0,1,0,123,1,9,1
1963863,0,0,1,1,0,0,123,1,9,1
1964107,1,0,1,0,0,0,123,1,9,1
1964533,1,1,1,1,1,0,123,1,9,1
1964571,1,1,1,1,1,0,123,1,9,1
1965501,0,0,1,1,0,0,123,1,9,1
1965778,1,0,1,1,0,0,123,1,9,1
1966086,0,1,1,0,1,0,146,1,9,1
1966314,1,1,0,0,0,0,146,1,9,1
1966718,1,1,1,0,1,1,146,1,9,1
1966860,0,0,0,0,1,0,146,1,9,1
1967009,0,0,1,1,0,0,146,1,9,1
1967191,0,0,0,0,1,0,146,1,9,1
1967205,1,0,1,0,0,0,146,1,9,1
1967693,1,1,1,1,1,0,146,1,9,1
1967732,0,1,0,1,0,0,146,1,9,1
1967900,0,0,1,1,0,0,146,1,9,1
1968081,0,0,1,1,0,0,146,1,9,1
1968092,1,1,1,1,1,0,146,1,9,1
1968345,1,1,0,0,0,0,146,1,9,1
1968375,0,0,0,0,1,0,146,1,9,1
1968390,0,1,0,1,0,0,146,1,9,1
1969848,1,1,0,0,0,0,146,1,9,1
1969968,1,0,0,1,1,0,146,1,9,1
1970198,0,1,1,0,1,0,146,1,9,1
1970215,0,0,1,1,0,0,146,1,9,1
1970265,1,0,1,0,0,0,146,1,9,1
1970355,0,0,0,0,1,0,146,1,9,1
1970483,1,0,1,0,0,0,146,1,9,1
1970960,1,0,0,1,1,0,146,1,9,1
1971605,1,1,0,0,0,0,146,1,9,1
1972128,0,0,0,0,1,0,146,1,9,1
1972484,1,0,1,0,0,0,146,1,9,1
1972510,0,1,0,1,0,0,146,1,9,1
1972639,0,0,0,0,1,0,146,1,9,1
1972896,1,1,0,0,0,0,146,1,9,1
1973273,0,0,1,1,0,0,146,1,9,1
1973495,0,1,1,0,1,0,146,1,9,1
1973582,0,1,1,0,1,0,146,1,9,1
1974164,1,0,0,1,1,0,146,1,9,1
1974177,1,0,0,1,1,0,146,1,9,1
1974281,0,0,0,0,1,0,146,1,9,1
1974343,0,1,1,0,1,0,146,1,9,1
1974363,0,0,1,1,0,0,146,1,9,1
1974628,0,0,1,1,0,0,146,1,9,1
1974886,0,0,1,1,0,0,146,1,9,1
1975714,0,1,1,0,1,0,146,1,9,1
1975745,1,1,0,0,0,0,146,1,9,1
1975855,1,0,1,0,0,0,146,1,9,1
1975939,1,1,1,1,1,0,146,1,9,1
1976077,0,0,1,1,0,0,146,1,9,1
1976410,0,1,1,0,1,0,146,1,9,1
1976477,0,1,1,0,1,0,146,1,9,1
1976483,1,1,0,0,0,0,146,1,9,1
1976924,1,1,1,1,1,0,146,1,9,1
1977039,1,0,1,0,0,0,146,1,9,1
1977069,1,1,0,0,0,0,146,1,9,1
1977370,0,1,0,1,0,0,146,1,9,1
1977498,0,1,0,1,0,0,146,1,9,1
1978531,1,0,1,0,0,0,146,1,9,1
1978857,1,0,0,1,1,0,146,1,9,1
1979011,0,1,0,0,0,0,146,1,9,1
1979349,0,0,1,1,0,0,146,1,9,1
1979368,0,0,0,0,1,0,146,1,9,1
1979620,1,0,1,0,0,0,146,1,9,1
1979762,0,0,0,0,1,0,146,1,9,1
1979935,1,1,1,1,1,0,146,1,9,1
1980563,1,1,0,0,0,0,146,1,9,1
1980786,1,1,1,1,1,0,146,1,9,1
1981137,0,0,1,1,0,0,146,1,9,1
1981491,0,1,1,0,1,0,146,1,9,1
1981834,0,1,1,0,1,0,146,1,9,1
1981945,1,1,1,1,1,0,146,1,9,1
1982341,1,1,1,0,1,1,146,1,9,1
1983029,1,1,0,0,0,0,146,1,9,1
1983134,0,1,0,1,0,0,146,1,9,1
1983330,0,1,0,0,0,0,146,1,9,1
1983403,0,1,1,0,1,0,146,1,9,1
1983671,0,0,0,0,1,0,146,1,9,1
1983834,1,0,0,1,1,0,146,1,9,1
1984524,1,1,1,1,1,0,146,1,9,1
1984707,1,1,1,1,1,0,146,1,9,1
1984748,1,1,1,1,1,0,146,1,9,1
1985484,1,0,1,0,0,0,146,1,9,1
1985790,0,0,0,0,1,0,146,1,9,1
1987300,1,0,0,0,1,1,146,1,9,1
1987321,1,0,1,0,0,0,146,1,9,1
1987481,1,1,0,0,0,0,146,1,9,1
1987729,0,1,0,1,0,0,146,1,9,1
1987798,0,1,1,1,1,1,146,1,9,1
1988011,1,0,1,0,0,0,146,1,9,1
1988996,1,0,0,1,1,0,146,1,9,1
1989197,0,0,1,1,0,0,146,1,9,1
1989678,1,1,0,0,0,0,146,1,9,1
1989763,1,0,1,0,0,0,146,1,9,1
1989965,1,1,0,0,0,0,146,1,9,1
1990073,1,0,1,0,0,0,146,1,9,1
1990594,0,1,1,1,1,1,146,1,9,1
1990792,1,1,0,0,0,0,146,1,9,1
1990869,0,0,1,1,0,0,146,1,9,1
1991453,1,0,1,0,0,0,146,1,9,1
1992438,1,0,0,1,1,0,146,1,9,1
1992617,1,0,0,1,1,0,146,1,9,1
1992766,0,1,0,1,0,0,146,1,9,1
1993279,0,0,1,1,0,0,146,1,9,1
1994153,1,1,0,0,0,0,146,1,9,1
1994275,1,1,0,0,0,0,146,1,9,1
1994842,1,1,1,1,1,0,146,1,9,1
1994919,0,0,0,0,1,0,146,1,9,1
1995208,1,0,1,0,0,0,146,1,9,1
1995762,0,0,0,0,1,0,146,1,9,1
1996082,0,0,0,0,1,0,146,1,9,1
1996364,1,0,1,0,0,0,146,1,9,1
1996670,0,0,0,0,1,0,146,1,9,1
1997207,1,0,1,0,0,0,146,1,9,1
1997895,1,1,1,1,1,0,146,1,9,1
1997909,1,0,1,0,0,0,146,1,9,1
1997955,1,0,0,1,1,0,146,1,9,1
1998490,1,1,1,1,1,0,146,1,9,1
1998688,1,1,0,0,0,0,146,1,9,1
1998845,0,1,0,1,0,0,146,1,9,1
1999172,0,0,1,1,0,0,146,1,9,1
1999470,1,0,0,1,1,0,146,1,9,1
1999729,1,1,1,1,1,0,146,1,9,1
1999873,1,0,0,1,1,0,146,1,9,1
2000002,1,0,0,1,1,0,146,1,9,1
2000190,1,0,0,1,1,0,146,1,9,1
2000200,0,1,0,1,0,0,146,1,9,1
2000331,0,1,0,1,0,0,146,1,9,1
2000411,1,0,1,0,0,0,146,1,9,1
2000592,1,0,0,1,1,0,146,1,9,1
2000646,0,0,0,0,1,0,146,1,9,1
2000890,0,1,1,0,1,0,146,1,9,1
2001439,1,1,1,1,1,0,146,1,9,1
2001573,0,1,0,1,0,0,146,1,9,1
2001629,0,1,0,1,0,0,146,1,9,1
2002166,1,1,1,1,1,0,146,1,9,1
2003048,0,0,0,0,1,0,146,1,9,1
2003419,1,0,1,0,0,0,146,1,9,1
2003641,1,1,1,1,1,0,146,1,9,1
2003807,0,1,0,0,0,0,146,1,9,1
2003890,1,1,1,1,1,0,146,1,9,1
2004268,1,1,1,1,1,0,146,1,9,1
2004469,1,1,1,1,1,0,146,1,9,1
2005146,1,0,1,0,0,0,146,1,9,1
2005488,1,1,1,1,1,0,146,1,9,1
2005668,1,0,0,1,1,0,146,1,9,1
2005795,0,0,0,0,1,0,146,1,9,1
2006103,0,1,1,0,1,0,146,1,9,1
2006124,1,1,1,0,1,1,146,1,9,1
2006224,0,0,1,1,0,0,146,1,9,1
2006483,1,0,1,0,0,0,146,1,9,1
2006807,0,0,0,0,1,0,146,1,9,1
2007306,1,1,1,1,1,0,146,1,9,1
2007331,0,0,1,1,0,0,146,1,9,1
2008678,1,1,1,1,1,0,146,1,9,1
2008693,0,1,0,1,0,0,146,1,9,1
2008825,1,0,0,1,1,0,146,1,9,1
2009623,1,1,1,1,1,0,146,1,9,1
2010609,1,1,0,0,0,0,146,1,9,1
2011164,0,0,1,1,0,0,146,1,9,1
2012201,0,1,1,0,1,0,146,1,9,1
2012508,0,0,0,1,1,1,146,1,9,1
2012913,1,0,0,1,1,0,146,1,9,1
2012946,1,0,0,1,1,0,146,1,9,1
2012992,0,0,0,0,1,0,146,1,9,1
2013085,1,0,1,0,0,0,146,1,9,1
2013251,1,1,0,0,0,0,146,1,9,1
2013278,1,0,0,1,1,0,146,1,9,1
2013401,1,1,1,1,1,0,146,1,9,1
2013805,1,1,1,1,1,0,146,1,9,1
2014699,0,1,1,0,1,0,146,1,9,1
2015254,0,1,1,0,1,0,146,1,9,1
2015708,1,1,1,1,1,0,146,1,9,1
2016547,1,0,1,0,0,0,146,1,9,1
2016554,0,0,1,1,0,0,146,1,9,1
2016760,1,1,0,0,0,0,146,1,9,1
2016903,0,0,0,1,1,1,146,1,9,1
2017205,1,1,0,1,0,0,146,1,9,1
2017470,1,1,1,1,1,0,146,1,9,1
2018186,0,1,0,1,0,0,146,1,9,1
2018664,0,1,1,0,1,0,146,1,9,1
2018731,1,0,0,1,1,0,146,1,9,1
2019130,0,0,1,1,0,0,146,1,9,1
2019160,1,0,1,0,0,0,146,1,9,1
2019164,1,0,1,0,0,0,146,1,9,1
2019257,0,0,1,1,0,0,146,1,9,1
2019818,0,1,1,0,1,0,146,1,9,1
2020067,0,0,1,1,0,0,146,1,9,1
2020286,0,0,1,1,0,0,146,1,9,1
2020640,0,1,0,1,0,0,146,1,9,1
2020967,1,1,1,1,1,0,146,1,9,1
2021080,0,1,0,1,0,0,146,1,9,1
2021295,0,0,1,1,0,0,146,1,9,1
2021905,0,1,0,1,0,0,146,1,9,1
2021996,0,0,0,0,1,0,146,1,9,1
2022034,1,0,0,1,1,0,146,1,9,1
2022228,0,0,1,1,0,0,146,1,9,1
2022269,1,1,0,0,0,0,146,1,9,1
2022518,1,0,0,1,1,0,146,1,9,1
2022765,0,0,0,0,1,0,146,1,9,1
2022920,1,0,0,1,1,0,146,1,9,1
2023029,1,0,1,1,0,0,146,1,9,1
2023427,1,1,0,0,0,0,146,1,9,1
2023965,0,1,0,1,0,0,146,1,9,1
2024071,1,0,0,0,1,1,146,1,9,1
2024152,1,1,0,0,0,0,146,1,9,1
2024602,0,0,0,0,1,0,146,1,9,1
2024825,0,1,0,1,0,0,146,1,9,1
2024846,0,1,0,1,0,0,146,1,9,1
2025332,1,1,1,1,1,0,146,1,9,1
2025438,0,0,1,1,0,0,146,1,9,1
2025524,1,1,0,0,0,0,146,1,9,1
2026365,0,0,1,0,0,0,146,1,9,1
2026947,0,0,1,1,0,0,146,1,9,1
2026964,1,0,1,0,0,0,146,1,9,1
2027179,0,1,0,1,0,0,146,1,9,1
2027313,0,1,1,0,1,0,146,1,9,1
2028074,1,0,1,0,0,0,146,1,9,1
2028311,0,1,0,1,0,0,146,1,9,1
2028729,1,0,1,0,0,0,146,1,9,1
2028950,0,1,0,1,0,0,146,1,9,1
2029147,1,1,1,1,1,0,146,1,9,1
2029419,1,0,1,0,0,0,146,1,9,1
2029574,1,0,0,1,1,0,146,1,9,1
2029815,1,1,1,1,1,0,146,1,9,1
2029854,0,0,1,1,0,0,146,1,9,1
2030028,0,1,0,1,0,0,146,1,9,1
2030351,0,1,0,1,0,0,146,1,9,1
2030439,0,0,1,1,0,0,146,1,9,1
2030485,1,1,1,1,1,0,146,1,9,1
2030525,1,0,1,0,0,0,146,1,9,1
2031003,1,0,1,0,0,0,146,1,9,1
2031059,1,1,1,1,1,0,146,1,9,1
2031096,0,1,1,0,1,0,146,1,9,1
2031111,0,0,0,0,1,0,146,1,9,1
2031244,0,0,0,0,1,0,146,1,9,1
2031907,0,1,0,1,0,0,132,1,9,1
2032532,0,0,0,0,1,0,132,1,9,1
2032666,1,1,1,1,1,0,132,1,9,1
2032814,0,0,0,0,1,0,132,1,9,1
2033061,1,1,1,0,1,1,132,1,9,1
2033561,0,0,1,0,0,0,132,1,9,1
2033642,0,0,1,1,0,0,132,1,9,1
2033943,0,1,0,1,0,0,132,1,9,1
2034135,0,1,1,0,1,0,132,1,9,1
2034157,0,1,0,1,0,0,132,1,9,1
2034545,1,1,1,1,1,0,132,1,9,1
2034853,0,1,1,0,1,0,132,1,9,1
2035048,0,0,0,0,1,0,132,1,9,1
2035168,0,1,0,1,0,0,132,1,9,1
2035308,0,0,0,0,1,0,132,1,9,1
2035632,0,0,0,1,1,1,132,1,9,1
2035693,0,0,0,0,1,0,132,1,9,1
2035934,0,1,0,1,0,0,132,1,9,1
2036129,0,1,0,1,0,0,132,1,9,1
2036329,0,1,0,0,0,0,132,1,9,1
2036639,0,1,1,0,1,0,132,1,9,1
2036753,1,1,1,1,1,0,132,1,9,1
2036881,0,0,1,1,0,0,132,1,9,1
2036912,1,0,0,1,1,0,132,1,9,1
2037213,1,1,0,0,0,0,132,1,9,1
2037239,0,1,0,1,0,0,132,1,9,1
2037936,0,1,0,1,0,0,132,1,9,1
2038057,0,0,1,1,0,0,132,1,9,1
2038120,0,1,1,0,1,0,132,1,9,1
2038133,0,1,1,0,1,0,132,1,9,1
2038387,1,1,0,0,0,0,132,1,9,1
2038849,1,0,0,1,1,0,132,1,9,1
2038851,0,0,0,0,1,0,132,1,9,1
2039083,1,0,1,0,0,0,132,1,9,1
2039506,0,1,0,1,0,0,132,1,9,1
2040078,0,1,0,1,0,0,132,1,9,1
2040557,0,0,0,0,1,0,132,1,9,1
2040939,0,1,1,0,1,0,132,1,9,1
2041276,0,1,0,1,0,0,132,1,9,1
2041334,0,0,1,1,0,0,132,1,9,1
2042149,1,1,1,1,1,0,132,1,9,1
2042297,0,0,0,0,1,0,132,1,9,1
2042347,1,1,1,1,1,0,132,1,9,1
2042821,1,0,1,0,0,0,132,1,9,1
2043785,0,0,0,0,1,0,132,1,9,1
2043905,1,1,1,1,1,0,132,1,9,1
2044626,1,0,1,0,0,0,132,1,9,1
2044870,1,0,1,0,0,0,132,1,9,1
2045089,0,0,1,1,0,0,132,1,9,1
2045340,1,1,0,0,0,0,132,1,9,1
2046282,0,0,0,0,1,0,132,1,9,1
2046672,0,1,0,1,0,0,132,1,9,1
2046748,1,0,1,0,0,0,132,1,9,1
2046831,1,0,1,0,0,0,132,1,9,1
2047235,0,1,0,1,0,0,132,1,9,1
2047398,0,1,0,1,0,0,132,1,9,1
2047919,1,1,1,1,1,0,132,1,9,1
2048298,1,1,0,0,0,0,132,1,9,1
2049201,0,1,0,0,0,0,132,1,9,1
2049575,0,1,1,0,1,0,132,1,9,1
2049583,1,1,0,0,0,0,132,1,9,1
2050793,1,1,1,1,1,0,132,1,9,1
2050922,0,1,1,0,1,0,132,1,9,1
2051008,1,0,1,0,0,0,132,1,9,1
2051253,1,0,0,1,1,0,132,1,9,1
2051325,1,1,1,1,1,0,132,1,9,1
2051372,0,0,0,0,1,0,132,1,9,1
2051477,1,0,1,0,0,0,132,1,9,1
2052094,0,0,0,0,1,0,132,1,9,1
2052124,0,1,0,1,0,0,132,1,9,1
2052555,0,0,1,1,0,0,132,1,9,1
2052740,0,1,0,1,0,0,132,1,9,1
2053185,1,0,1,0,0,0,132,1,9,1
2053280,1,0,1,0,0,0,132,1,9,1
2053412,1,0,1,0,0,0,132,1,9,1
2053556,1,0,0,1,1,0,132,1,9,1
2053821,1,0,0,1,1,0,132,1,9,1
2054537,0,0,0,0,1,0,132,1,9,1
2054631,1,1,1,0,1,1,132,1,9,1
2055275,1,0,0,1,1,0,132,1,9,1
2055936,1,1,0,0,0,0,132,1,9,1
2056011,1,0,1,0,0,0,132,1,9,1
2056094,0,0,1,1,0,0,132,1,9,1
2056140,0,0,0,0,1,0,132,1,9,1
2056399,0,0,1,1,0,0,132,1,9,1
2056523,0,1,0,1,0,0,132,1,9,1
2056751,0,0,0,0,1,0,132,1,9,1
2057447,0,1,0,1,0,0,132,1,9,1
2057709,0,1,1,0,1,0,132,1,9,1
2057863,1,0,1,0,0,0,132,1,9,1
2058008,1,0,0,1,1,0,132,1,9,1
2058043,1,0,0,1,1,0,132,1,9,1
2058265,1,1,1,1,1,0,132,1,9,1
2058486,1,1,1,1,1,0,132,1,9,1
2059068,1,0,0,1,1,0,132,1,9,1
2059083,1,1,0,0,0,0,132,1,9,1
2059516,0,0,1,1,0,0,132,1,9,1
2060270,0,1,0,1,0,0,132,1,9,1
2060738,1,1,0,0,0,0,132,1,9,1
2061349,0,0,1,1,0,0,132,1,9,1
2061390,0,1,1,0,1,0,132,1,9,1
2061614,1,1,0,0,0,0,132,1,9,1
2061904,1,0,0,1,1,0,132,1,9,1
2062569,0,0,0,0,1,0,132,1,9,1
2062570,0,0,1,1,0,0,132,1,9,1
2062798,1,1,0,0,0,0,132,1,9,1
2064024,1,1,0,0,0,0,132,1,9,1
2064522,1,0,1,0,0,0,132,1,9,1
2064524,1,1,0,0,0,0,132,1,9,1
2064658,1,0,1,0,0,0,132,1,9,1
2064817,0,1,0,1,0,0,132,1,9,1
2065263,1,0,0,1,1,0,132,1,9,1
2065613,1,1,0,0,0,0,132,1,9,1
2065699,1,1,0,0,0,0,132,1,9,1
2065872,0,0,0,0,1,0,132,1,9,1
2065887,1,1,0,0,0,0,132,1,9,1
2065916,1,1,1,1,1,0,132,1,9,1
2065938,0,0,1,1,0,0,132,1,9,1
2066279,0,1,0,0,0,0,132,1,9,1
2067147,0,0,1,1,0,0,132,1,9,1
2067588,1,0,1,1,0,0,132,1,9,1
2067612,1,1,0,0,0,0,132,1,9,1
2067686,0,1,0,0,0,0,132,1,9,1
2067996,0,1,0,1,0,0,132,1,9,1
2068568,1,0,1,0,0,0,132,1,9,1
2069482,0,1,1,0,1,0,132,1,9,1
2069948,1,1,1,1,1,0,132,1,9,1
2070215,0,0,1,1,0,0,132,1,9,1
2070804,0,0,0,0,1,0,132,1,9,1
2070949,1,1,0,0,0,0,132,1,9,1
2071355,0,0,1,1,0,0,132,1,9,1
2072514,1,1,0,0,0,0,132,1,9,1
2072774,1,1,0,0,0,0,132,1,9,1
2072864,0,0,1,1,0,0,132,1,9,1
2072947,0,1,0,1,0,0,132,1,9,1
2073256,1,1,1,1,1,0,132,1,9,1
2073550,1,0,1,0,0,0,132,1,9,1
2074033,1,1,0,0,0,0,132,1,9,1
2074077,0,1,1,0,1,0,132,1,9,1
2074102,0,0,0,0,1,0,132,1,9,1
2074315,1,0,1,0,0,0,132,1,9,1
2074413,0,1,0,1,0,0,132,1,9,1
2074540,0,0,1,1,0,0,132,1,9,1
2074852,1,0,0,1,1,0,132,1,9,1
2075037,1,1,0,0,0,0,132,1,9,1
2075356,0,0,1,1,0,0,132,1,9,1
2075368,0,1,0,1,0,0,132,1,9,1
2075733,1,0,1,0,0,0,132,1,9,1
2076229,1,1,0,0,0,0,132,1,9,1
2078064,0,0,0,0,1,0,132,1,9,1
2078084,0,0,1,1,0,0,132,1,9,1
2078274,0,0,1,1,0,0,132,1,9,1
2078592,0,0,0,0,1,0,132,1,9,1
2078717,1,0,0,1,1,0,132,1,9,1
2079514,0,0,1,1,0,0,132,1,9,1
2079725,0,0,1,1,0,0,132,1,9,1
2080335,0,1,1,0,1,0,132,1,9,1
2080549,0,1,0,1,0,0,132,1,9,1
2080825,0,1,1,0,1,0,132,1,9,1
2080949,0,1,1,0,1,0,132,1,9,1
2081139,0,0,1,1,0,0,132,1,9,1
2081350,1,1,0,0,0,0,132,1,9,1
2081513,0,0,1,1,0,0,132,1,9,1
2081596,0,0,1,1,0,0,132,1,9,1
2081990,1,1,0,0,0,0,132,1,9,1
2082079,0,0,0,0,1,0,132,1,9,1
2082139,0,1,0,1,0,0,132,1,9,1
2082906,0,0,1,1,0,0,132,1,9,1
2082954,0,0,1,1,0,0,132,1,9,1
2083611,1,1,0,0,0,0,132,1,9,1
2083747,0,1,0,1,0,0,132,1,9,1
2084311,0,0,1,1,0,0,132,1,9,1
2084410,0,0,0,0,1,0,132,1,9,1
2084552,1,0,1,0,0,0,132,1,9,1
2084660,0,0,0,0,1,0,132,1,9,1
2084692,0,0,1,1,0,0,132,1,9,1
2084729,0,0,1,1,0,0,132,1,9,1
2084905,1,1,1,1,1,0,132,1,9,1
2085588,0,0,1,1,0,0,132,1,9,1
2085633,0,0,1,1,0,0,132,1,9,1
2086345,0,1,0,1,0,0,132,1,9,1
2086659,1,1,1,1,1,0,132,1,9,1
2086715,0,0,1,1,0,0,132,1,9,1
2087657,1,1,0,0,0,0,132,1,9,1
2087777,1,1,1,1,1,0,132,1,9,1
2088201,0,1,0,1,0,0,132,1,9,1
2088695,0,0,0,0,1,0,132,1,9,1
2088747,0,1,1,0,1,0,132,1,9,1
2088778,1,0,0,1,1,0,132,1,9,1
2088965,1,0,1,0,0,0,132,1,9,1
2089407,0,1,1,0,1,0,132,1,9,1
2089418,0,0,0,0,1,0,132,1,9,1
2089712,0,0,0,0,1,0,132,1,9,1
2089943,0,1,0,1,0,0,132,1,9,1
2090271,1,0,0,1,1,0,132,1,9,1
2090530,1,0,0,1,1,0,132,1,9,1
2091410,0,1,0,1,0,0,132,1,9,1
2091623,1,0,1,0,0,0,132,1,9,1
2091627,0,0,0,0,1,0,132,1,9,1
2092143,1,0,0,1,1,0,132,1,9,1
2092365,0,1,0,1,0,0,132,1,9,1
2092765,1,1,1,1,1,0,132,1,9,1
2092948,0,0,0,0,1,0,132,1,9,1
2094708,1,1,1,1,1,0,132,1,9,1
2094898,0,1,1,0,1,0,132,1,9,1
2095333,0,1,1,0,1,0,132,1,9,1
2095855,0,1,1,0,1,0,132,1,9,1
2097199,1,0,1,0,0,0,143,1,9,2
2098179,0,1,0,1,0,0,143,1,9,2
2098205,0,0,1,1,0,0,143,1,9,2
2098271,1,0,1,0,0,0,143,1,9,2
2098460,1,0,1,0,0,0,143,1,9,2
2099592,1,1,1,1,1,0,143,1,9,2
2099702,1,0,0,1,1,0,143,1,9,2
2099795,0,1,0,1,0,0,143,1,9,2
2099848,1,1,1,1,1,0,143,1,9,2
2100033,1,0,1,0,0,0,143,1,9,2
2100098,1,1,0,0,0,0,143,1,9,2
2100186,1,0,1,0,0,0,143,1,9,2
2100223,1,1,1,1,1,0,143,1,9,2
2100517,0,0,0,0,1,0,143,1,9,2
2100613,1,1,1,1,1,0,143,1,9,2
2100830,1,1,1,1,1,0,143,1,9,2
2101128,1,0,1,0,0,0,143,1,9,2
2101256,0,1,1,0,1,0,143,1,9,2
2101363,1,0,1,0,0,0,143,1,9,2
2101391,0,0,1,1,0,0,143,1,9,2
2101980,0,1,0,1,0,0,143,1,9,2
2102492,0,0,1,1,0,0,143,1,9,2
2102538,0,0,1,1,0,0,143,1,9,2
2102755,0,0,1,1,0,0,143,1,9,2
2103151,1,1,1,1,1,0,143,1,9,2
2103472,0,1,1,0,1,0,143,1,9,2
2103517,0,1,0,1,0,0,143,1,9,2
2103730,1,0,1,0,0,0,143,1,9,2
2103784,1,1,1,1,1,0,143,1,9,2
2104333,0,0,0,0,1,0,143,1,9,2
2104361,0,0,0,0,1,0,143,1,9,2
2104925,1,0,1,0,0,0,143,1,9,2
2105013,1,1,1,1,1,0,143,1,9,2
2105092,0,0,1,1,0,0,143,1,9,2
2105172,1,1,1,1,1,0,143,1,9,2
2105203,0,0,1,1,0,0,143,1,9,2
2105467,0,0,1,1,0,0,143,1,9,2
2105477,1,0,1,0,0,0,143,1,9,2
2106624,1,0,0,1,1,0,143,1,9,2
2106893,1,1,1,1,1,0,143,1,9,2
2107044,1,1,0,0,0,0,143,1,9,2
2107068,1,1,0,0,0,0,143,1,9,2
2107170,0,1,0,1,0,0,143,1,9,2
2107388,1,0,0,1,1,0,143,1,9,2
2107483,1,1,0,0,0,0,143,1,9,2
2107565,1,1,1,1,1,0,143,1,9,2
2107671,1,1,1,1,1,0,143,1,9,2
2108620,0,0,0,0,1,0,143,1,9,2
2108647,0,1,0,1,0,0,143,1,9,2
2108906,1,1,0,0,0,0,143,1,9,2
2109360,1,0,1,0,0,0,143,1,9,2
2109696,1,0,0,1,1,0,143,1,9,2
2109709,0,1,1,0,1,0,143,1,9,2
2109811,0,0,1,1,0,0,143,1,9,2
2109827,0,1,0,1,0,0,143,1,9,2
2109998,0,0,1,1,0,0,143,1,9,2
2110148,1,1,1,1,1,0,143,1,9,2
2110201,1,1,0,0,0,0,143,1,9,2
2110354,1,1,0,0,0,0,143,1,9,2
2110660,0,0,0,0,1,0,143,1,9,2
2110793,1,0,1,0,0,0,143,1,9,2
2110852,1,1,0,0,0,0,143,1,9,2
2111164,0,0,1,1,0,0,143,1,9,2
2111354,0,0,0,0,1,0,143,1,9,2
2111435,0,1,0,1,0,0,143,1,9,2
2111628,1,1,1,1,1,0,143,1,9,2
2111680,1,1,1,1,1,0,143,1,9,2
2111717,1,1,1,1,1,0,143,1,9,2
2112656,1,0,1,0,0,0,143,1,9,2
2113341,0,1,0,1,0,0,143,1,9,2
2113560,0,0,0,0,1,0,143,1,9,2
2113819,0,0,1,1,0,0,143,1,9,2
2115097,0,0,0,0,1,0,143,1,9,2
2115110,0,1,1,0,1,0,143,1,9,2
2115163,1,0,0,1,1,0,143,1,9,2
2115426,1,1,0,0,0,0,143,1,9,2
2115734,1,0,0,1,1,0,143,1,9,2
2116463,1,0,1,0,0,0,143,1,9,2
2116915,1,1,1,1,1,0,143,1,9,2
2117161,1,0,0,1,1,0,143,1,9,2
2117472,1,1,1,1,1,0,143,1,9,2
2117691,0,1,1,0,1,0,143,1,9,2
2117732,0,0,0,0,1,0,143,1,9,2
2117806,1,1,1,1,1,0,143,1,9,2
2117808,1,1,0,0,0,0,143,1,9,2
2118331,0,0,0,0,1,0,143,1,9,2
2118390,1,1,1,1,1,0,143,1,9,2
2118433,0,0,1,1,0,0,143,1,9,2
2118619,1,0,1,1,0,0,143,1,9,2
2118812,0,0,0,0,1,0,143,1,9,2
2118967,1,1,0,0,0,0,143,1,9,2
2119236,0,0,0,0,1,0,143,1,9,2
2119300,1,0,1,0,0,0,143,1,9,2
2119433,1,1,1,1,1,0,143,1,9,2
2120684,1,0,0,1,1,0,143,1,9,2
2120967,1,1,0,0,0,0,143,1,9,2
2121125,0,1,1,0,1,0,143,1,9,2
2121934,0,1,0,1,0,0,143,1,9,2
2122344,0,0,0,0,1,0,143,1,9,2
2122389,0,0,0,0,1,0,143,1,9,2
2122474,0,1,0,1,0,0,143,1,9,2
2122595,1,1,1,1,1,0,143,1,9,2
2122740,0,1,1,0,1,0,143,1,9,2
2122852,0,0,0,0,1,0,143,1,9,2
2123562,1,1,0,0,0,0,143,1,9,2
2123761,1,1,1,0,1,1,143,1,9,2
2123880,1,0,1,0,0,0,143,1,9,2
2124032,0,0,1,1,0,0,143,1,9,2
2124273,1,0,0,1,1,0,143,1,9,2
2124701,1,0,0,1,1,0,143,1,9,2
2124733,1,0,0,1,1,0,143,1,9,2
2124858,1,1,0,0,0,0,143,1,9,2
2124898,0,0,1,1,0,0,143,1,9,2
2125156,1,1,0,0,0,0,143,1,9,2
2125327,1,0,0,1,1,0,143,1,9,2
2125499,0,0,0,0,1,0,143,1,9,2
2125706,1,1,0,0,0,0,143,1,9,2
2125739,1,0,0,1,1,0,143,1,9,2
2125906,0,0,0,0,1,0,143,1,9,2
2125922,0,1,0,0,0,0,143,1,9,2
2125965,0,0,1,1,0,0,143,1,9,2
2125982,1,1,1,1,1,0,143,1,9,2
2126358,1,1,0,0,0,0,143,1,9,2
2126813,0,1,1,0,1,0,143,1,9,2
2127157,0,0,0,0,1,0,143,1,9,2
2127255,1,1,0,0,0,0,143,1,9,2
2128080,1,1,0,0,0,0,143,1,9,2
2128272,1,1,0,0,0,0,143,1,9,2
2128614,1,1,1,1,1,0,143,1,9,2
2128703,1,1,1,1,1,0,143,1,9,2
2128775,0,1,1,0,1,0,143,1,9,2
2128997,1,0,1,0,0,0,143,1,9,2
2129014,1,0,0,1,1,0,143,1,9,2
2129108,0,1,1,1,1,1,143,1,9,2
2129189,0,0,1,1,0,0,143,1,9,2
2129299,1,0,1,0,0,0,143,1,9,2
2129458,0,0,1,1,0,0,143,1,9,2
2129744,0,1,0,1,0,0,143,1,9,2
2129961,0,0,1,1,0,0,143,1,9,2
2130066,0,1,1,0,1,0,143,1,9,2
2130096,0,0,1,1,0,0,143,1,9,2
2130186,1,1,1,1,1,0,143,1,9,2
2130498,1,1,0,0,0,0,143,1,9,2
2130638,0,0,0,0,1,0,143,1,9,2
2131110,0,0,0,0,1,0,143,1,9,2
2132641,0,1,1,1,1,1,143,1,9,2
2132782,0,0,1,1,0,0,143,1,9,2
2132803,1,1,0,0,0,0,143,1,9,2
2132889,0,1,1,0,1,0,143,1,9,2
2132900,1,0,0,1,1,0,143,1,9,2
2133562,0,0,0,0,1,0,143,1,9,2
2133649,1,0,0,1,1,0,143,1,9,2
2133781,1,0,0,1,1,0,143,1,9,2
2133846,1,1,1,1,1,0,143,1,9,2
2134012,0,0,0,0,1,0,143,1,9,2
2134120,0,1,0,1,0,0,143,1,9,2
2134378,1,0,0,1,1,0,143,1,9,2
2134858,1,0,0,1,1,0,143,1,9,2
2135735,0,0,1,1,0,0,143,1,9,2
2136019,1,0,0,1,1,0,143,1,9,2
2136324,0,1,1,0,1,0,143,1,9,2
2136553,0,0,0,0,1,0,143,1,9,2
2136611,0,0,0,0,1,0,143,1,9,2
2136683,1,1,0,0,0,0,143,1,9,2
2136758,0,1,0,1,0,0,143,1,9,2
2136781,0,0,1,1,0,0,143,1,9,2
2137551,1,1,0,0,0,0,143,1,9,2
2137604,1,0,0,1,1,0,143,1,9,2
2137642,1,1,0,0,0,0,143,1,9,2
2137925,0,0,0,1,1,1,143,1,9,2
2138295,1,1,0,0,0,0,143,1,9,2
2138681,1,0,1,0,0,0,143,1,9,2
2138767,1,1,0,0,0,0,143,1,9,2
2138819,0,0,1,0,0,0,143,1,9,2
2139250,1,0,1,0,0,0,143,1,9,2
2139534,0,1,1,0,1,0,143,1,9,2
2139667,1,1,1,1,1,0,143,1,9,2
2139904,0,1,1,0,1,0,143,1,9,2
2139985,0,0,0,0,1,0,143,1,9,2
2140138,0,1,1,0,1,0,143,1,9,2
2140713,0,0,1,1,0,0,143,1,9,2
2140834,0,0,1,1,0,0,143,1,9,2
2141185,1,0,0,1,1,0,143,1,9,2
2141390,1,0,0,1,1,0,143,1,9,2
2141458,1,1,0,0,0,0,143,1,9,2
2141475,1,0,1,0,0,0,143,1,9,2
2141596,0,0,0,0,1,0,143,1,9,2
2141905,0,1,0,1,0,0,143,1,9,2
2142223,0,1,0,1,0,0,143,1,9,2
2142238,1,0,1,0,0,0,143,1,9,2
2142574,0,0,0,0,1,0,143,1,9,2
2143643,1,0,1,0,0,0,143,1,9,2
2143944,1,1,0,0,0,0,143,1,9,2
2144099,0,1,0,1,0,0,143,1,9,2
2144592,0,1,0,1,0,0,143,1,9,2
2144704,1,1,0,0,0,0,143,1,9,2
2144738,0,1,1,0,1,0,143,1,9,2
2145028,1,0,0,1,1,0,143,1,9,2
2145093,1,0,1,0,0,0,143,1,9,2
2145316,1,1,1,0,1,1,143,1,9,2
2145358,1,1,0,0,0,0,143,1,9,2
2145960,1,0,0,1,1,0,143,1,9,2
2146284,0,1,1,0,1,0,143,1,9,2
2146405,0,1,0,1,0,0,143,1,9,2
2146443,1,1,1,1,1,0,143,1,9,2
2147587,1,1,1,1,1,0,143,1,9,2
2148227,1,1,0,0,0,0,143,1,9,2
2148278,1,0,1,0,0,0,143,1,9,2
2148682,1,0,1,0,0,0,143,1,9,2
2149281,0,1,0,0,0,0,143,1,9,2
2149299,1,0,1,0,0,0,143,1,9,2
2149359,0,1,1,0,1,0,143,1,9,2
2149612,1,1,1,1,1,0,143,1,9,2
2149957,0,0,1,1,0,0,143,1,9,2
2150164,1,0,1,0,0,0,143,1,9,2
2150446,0,1,1,0,1,0,143,1,9,2
2150786,0,0,0,1,1,1,143,1,9,2
2151188,1,0,1,0,0,0,143,1,9,2
2151213,1,0,1,1,0,0,143,1,9,2
2151315,0,1,1,0,1,0,143,1,9,2
2151694,0,1,1,0,1,0,143,1,9,2
2151721,1,0,0,1,1,0,143,1,9,2
2151848,0,0,1,1,0,0,143,1,9,2
2151861,1,0,0,1,1,0,143,1,9,2
2151948,0,1,0,1,0,0,143,1,9,2
2152041,1,0,0,1,1,0,143,1,9,2
2152494,1,1,0,0,0,0,143,1,9,2
2152547,1,0,0,1,1,0,143,1,9,2
2152716,1,1,0,0,0,0,143,1,9,2
2152935,1,1,1,1,1,0,143,1,9,2
2153204,0,0,1,1,0,0,143,1,9,2
2153424,0,1,1,0,1,0,143,1,9,2
2153518,0,1,1,0,1,0,143,1,9,2
2153632,1,1,0,1,0,0,143,1,9,2
2153740,0,0,1,1,0,0,143,1,9,2
2154167,1,0,1,1,0,0,143,1,9,2
2154414,1,0,1,0,0,0,143,1,9,2
2154425,1,1,0,0,0,0,143,1,9,2
2154520,1,0,1,0,0,0,143,1,9,2
2154902,1,0,1,0,0,0,143,1,9,2
2154992,1,0,1,0,0,0,143,1,9,2
2155348,0,1,0,1,0,0,143,1,9,2
2155792,0,1,0,1,0,0,143,1,9,2
2155809,0,1,0,1,0,0,143,1,9,2
2155881,1,1,0,0,0,0,143,1,9,2
2156150,0,0,0,0,1,0,143,1,9,2
2156352,0,1,0,1,0,0,143,1,9,2
2157227,0,1,1,0,1,0,143,1,9,2
2157835,1,0,0,1,1,0,143,1,9,2
2157883,0,0,1,1,0,0,143,1,9,2
2158018,0,1,1,0,1,0,143,1,9,2
2158126,1,1,0,0,0,0,143,1,9,2
2158216,0,0,0,0,1,0,143,1,9,2
2158316,1,1,1,1,1,0,143,1,9,2
2158633,0,0,1,1,0,0,143,1,9,2
2158657,1,0,0,1,1,0,143,1,9,2
2158691,1,0,0,1,1,0,143,1,9,2
2158967,1,0,1,0,0,0,143,1,9,2
2159069,0,0,1,1,0,0,143,1,9,2
2159439,0,0,1,1,0,0,143,1,9,2
2159480,1,0,1,0,0,0,143,1,9,2
2159540,1,0,0,1,1,0,143,1,9,2
2159595,0,0,0,0,1,0,143,1,9,2
2159667,1,0,1,0,0,0,143,1,9,2
2159698,0,0,1,1,0,0,143,1,9,2
2159757,0,0,0,0,1,0,143,1,9,2
2160385,1,1,0,0,0,0,143,1,9,2
2160475,0,0,0,0,1,0,143,1,9,2
2160692,0,1,1,0,1,0,143,1,9,2
2160940,1,1,1,1,1,0,143,1,9,2
2160981,0,1,1,0,1,0,143,1,9,2
2161309,1,0,0,1,1,0,143,1,9,2
2161382,0,0,1,1,0,0,143,1,9,2
2162330,0,1,0,1,0,0,143,1,9,2
2162358,0,1,0,1,0,0,143,1,9,2
2162603,0,1,1,0,1,0,143,1,9,2
2162750,1,1,1,1,1,0,94,1,9,2
2163502,1,0,0,1,1,0,94,1,9,2
2163963,0,0,0,0,1,0,94,1,9,2
2164108,1,1,0,0,0,0,94,1,9,2
2164305,1,0,0,1,1,0,94,1,9,2
2164473,1,0,1,0,0,0,94,1,9,2
2164774,1,0,1,0,0,0,94,1,9,2
2164988,0,1,1,0,1,0,94,1,9,2
2166178,1,1,0,0,0,0,94,1,9,2
2166267,1,1,1,0,1,1,94,1,9,2
2166661,0,0,0,0,1,0,94,1,9,2
2166791,0,1,1,0,1,0,94,1,9,2
2167157,0,0,1,1,0,0,94,1,9,2
2167664,0,0,0,0,1,0,94,1,9,2
2167970,1,0,0,1,1,0,94,1,9,2
2168321,1,1,0,0,0,0,94,1,9,2
2168416,0,1,1,0,1,0,94,1,9,2
2168979,1,0,1,0,0,0,94,1,9,2
2169207,1,1,1,1,1,0,94,1,9,2
2169330,0,1,0,1,0,0,94,1,9,2
2169822,0,1,1,0,1,0,94,1,9,2
2170160,0,1,0,1,0,0,94,1,9,2
2170176,1,1,1,1,1,0,94,1,9,2
2171602,0,0,0,0,1,0,94,1,9,2
2172435,0,1,0,1,0,0,94,1,9,2
2172831,1,0,1,0,0,0,94,1,9,2
2173114,1,1,0,0,0,0,94,1,9,2
2173196,0,0,1,1,0,0,94,1,9,2
2173321,1,1,0,0,0,0,94,1,9,2
2173525,0,1,0,1,0,0,94,1,9,2
2173532,1,1,1,1,1,0,94,1,9,2
2174056,0,0,0,0,1,0,94,1,9,2
2174663,0,1,1,0,1,0,94,1,9,2
2174750,1,1,1,1,1,0,94,1,9,2
2174770,0,0,0,0,1,0,94,1,9,2
2175282,1,0,1,0,0,0,94,1,9,2
2175477,1,0,1,0,0,0,94,1,9,2
2175593,0,0,0,0,1,0,94,1,9,2
2175827,1,1,1,1,1,0,94,1,9,2
2176744,1,0,1,0,0,0,94,1,9,2
2178326,1,1,1,1,1,0,94,1,9,2
2178529,0,1,0,1,0,0,94,1,9,2
2178798,1,1,1,1,1,0,94,1,9,2
2179610,1,1,1,1,1,0,94,1,9,2
2179663,0,1,0,1,0,0,94,1,9,2
2179800,1,0,0,1,1,0,94,1,9,2
2180202,0,0,0,0,1,0,94,1,9,2
2180577,1,0,1,0,0,0,94,1,9,2
2180957,1,1,1,1,1,0,94,1,9,2
2181510,0,1,1,0,1,0,94,1,9,2
2181529,0,0,1,1,0,0,94,1,9,2
2181577,0,0,1,1,0,0,94,1,9,2
2181831,0,0,0,0,1,0,94,1,9,2
2182120,1,0,1,0,0,0,94,1,9,2
2182124,1,1,1,1,1,0,94,1,9,2
2182178,1,1,1,1,1,0,94,1,9,2
2182917,0,0,1,1,0,0,94,1,9,2
2183117,0,1,1,0,1,0,94,1,9,2
2183257,0,1,1,0,1,0,94,1,9,2
2183372,1,0,0,1,1,0,94,1,9,2
2183503,1,1,0,0,0,0,94,1,9,2
2183745,1,1,1,1,1,0,94,1,9,2
2184295,1,1,0,0,0,0,94,1,9,2
2184670,0,0,1,1,0,0,94,1,9,2
2184783,0,1,0,1,0,0,94,1,9,2
2184930,0,1,1,0,1,0,94,1,9,2
2185150,0,0,1,1,0,0,94,1,9,2
2185548,1,1,0,0,0,0,94,1,9,2
2185678,0,1,0,1,0,0,94,1,9,2
2186377,0,0,0,0,1,0,94,1,9,2
2186451,1,0,1,0,0,0,94,1,9,2
2186459,1,1,1,1,1,0,94,1,9,2
2186497,0,0,1,1,0,0,94,1,9,2
2186892,0,0,1,1,0,0,94,1,9,2
2186906,1,1,0,0,0,0,94,1,9,2
2187371,1,0,0,1,1,0,94,1,9,2
2187687,0,1,1,0,1,0,94,1,9,2
2188226,0,1,0,1,0,0,94,1,9,2
2188953,0,0,0,0,1,0,94,1,9,2
2189302,0,1,0,1,0,0,94,1,9,2
2189559,0,1,1,0,1,0,94,1,9,2
2189585,0,0,0,0,1,0,94,1,9,2
2189774,1,0,1,0,0,0,94,1,9,2
2190230,1,1,1,1,1,0,94,1,9,2
2190245,0,1,1,0,1,0,94,1,9,2
2190796,1,0,1,0,0,0,94,1,9,2
2191501,0,0,0,0,1,0,94,1,9,2
2192099,0,0,0,0,1,0,94,1,9,2
2192255,0,1,0,1,0,0,94,1,9,2
2192349,0,0,1,1,0,0,94,1,9,2
2193247,0,0,0,1,1,1,94,1,9,2
2193547,1,0,1,0,0,0,94,1,9,2
2193636,1,0,1,0,0,0,94,1,9,2
2194461,1,0,1,0,0,0,94,1,9,2
2194512,0,1,0,1,0,0,94,1,9,2
2194853,1,0,1,0,0,0,94,1,9,2
2196093,0,1,1,1,1,1,94,1,9,2
2196375,1,1,0,0,0,0,94,1,9,2
2196996,1,1,1,1,1,0,94,1,9,2
2197214,0,1,0,1,0,0,94,1,9,2
2197314,0,1,0,1,0,0,94,1,9,2
2197398,0,1,0,1,0,0,94,1,9,2
2197407,0,1,1,0,1,0,94,1,9,2
2197418,1,0,1,0,0,0,94,1,9,2
2197519,0,0,1,1,0,0,94,1,9,2
2198013,0,0,0,0,1,0,94,1,9,2
2198348,0,1,1,0,1,0,94,1,9,2
2198465,1,0,1,0,0,0,94,1,9,2
2198817,1,1,1,1,1,0,94,1,9,2
2198910,1,1,1,1,1,0,94,1,9,2
2199052,0,1,0,1,0,0,94,1,9,2
2199363,0,0,0,0,1,0,94,1,9,2
2199390,1,1,1,1,1,0,94,1,9,2
2199416,0,1,0,1,0,0,94,1,9,2
2199884,1,1,1,1,1,0,94,1,9,2
2200942,1,1,1,1,1,0,94,1,9,2
2201119,0,1,1,0,1,0,94,1,9,2
2201139,0,0,1,1,0,0,94,1,9,2
2201236,0,0,1,1,0,0,94,1,9,2
2201600,0,1,1,0,1,0,94,1,9,2
2202491,0,0,1,1,0,0,94,1,9,2
2202712,0,0,1,1,0,0,94,1,9,2
2202977,0,0,0,0,1,0,94,1,9,2
2205240,0,1,1,0,1,0,94,1,9,2
2205619,1,1,1,1,1,0,94,1,9,2
2205705,0,1,1,0,1,0,94,1,9,2
2206014,1,0,0,1,1,0,94,1,9,2
2206145,1,0,1,0,0,0,94,1,9,2
2206241,1,1,0,0,0,0,94,1,9,2
2206287,1,0,1,0,0,0,94,1,9,2
2206404,0,1,1,0,1,0,94,1,9,2
2207224,1,1,0,0,0,0,94,1,9,2
2207499,0,1,1,0,1,0,94,1,9,2
2207756,1,1,1,1,1,0,94,1,9,2
2208133,0,0,0,0,1,0,94,1,9,2
2208350,0,1,1,0,1,0,94,1,9,2
2208750,1,0,0,1,1,0,94,1,9,2
2208787,0,0,1,1,0,0,94,1,9,2
2208870,1,1,0,0,0,0,94,1,9,2
2208881,1,1,0,0,0,0,94,1,9,2
2209023,1,1,0,0,0,0,94,1,9,2
2209207,1,0,0,1,1,0,94,1,9,2
2210359,0,1,1,0,1,0,94,1,9,2
2210442,0,1,0,1,0,0,94,1,9,2
2210591,0,1,0,1,0,0,94,1,9,2
2210763,0,1,1,0,1,0,94,1,9,2
2210969,1,0,1,1,0,0,94,1,9,2
2211112,0,1,0,1,0,0,94,1,9,2
2211238,0,1,0,1,0,0,94,1,9,2
2211684,0,1,1,0,1,0,94,1,9,2
2211720,1,0,1,0,0,0,94,1,9,2
2211811,0,0,0,0,1,0,94,1,9,2
2212911,1,0,0,1,1,0,94,1,9,2
2213083,0,0,0,0,1,0,94,1,9,2
2213379,0,1,0,1,0,0,94,1,9,2
2213774,0,0,1,1,0,0,94,1,9,2
2213865,1,0,0,1,1,0,94,1,9,2
2213939,0,0,1,1,0,0,94,1,9,2
2214110,1,0,1,0,0,0,94,1,9,2
2214571,0,1,1,0,1,0,94,1,9,2
2214885,0,1,0,1,0,0,94,1,9,2
2215159,0,0,1,1,0,0,94,1,9,2
2215356,1,0,0,1,1,0,94,1,9,2
2215573,0,1,0,1,0,0,94,1,9,2
2216256,0,0,1,1,0,0,94,1,9,2
2217227,0,1,0,1,0,0,94,1,9,2
2217620,1,1,0,0,0,0,94,1,9,2
2217753,1,0,0,1,1,0,94,1,9,2
2218142,1,0,0,1,1,0,94,1,9,2
2218734,1,1,1,1,1,0,94,1,9,2
2218917,1,1,1,1,1,0,94,1,9,2
2219012,1,0,1,0,0,0,94,1,9,2
2219116,1,0,0,1,1,0,94,1,9,2
2219195,0,1,1,1,1,1,94,1,9,2
2219479,1,0,0,1,1,0,94,1,9,2
2219781,0,1,0,1,0,0,94,1,9,2
2219783,1,1,0,0,0,0,94,1,9,2
2220944,1,1,0,0,0,0,94,1,9,2
2221421,0,0,1,1,0,0,94,1,9,2
2221586,1,1,0,0,0,0,94,1,9,2
2221738,1,0,1,0,0,0,94,1,9,2
2221898,1,0,0,1,1,0,94,1,9,2
2221931,1,1,0,0,0,0,94,1,9,2
2222038,0,0,1,0,0,0,94,1,9,2
2222288,0,0,1,1,0,0,94,1,9,2
2222452,0,0,0,0,1,0,94,1,9,2
2222801,0,1,0,1,0,0,94,1,9,2
2223364,1,0,1,1,0,0,94,1,9,2
2223494,0,0,0,0,1,0,94,1,9,2
2224176,0,0,1,1,0,0,94,1,9,2
2224242,0,1,0,1,0,0,94,1,9,2
2224373,1,0,0,1,1,0,94,1,9,2
2224903,1,0,0,1,1,0,94,1,9,2
2225045,0,0,0,0,1,0,94,1,9,2
2225153,0,0,0,0,1,0,94,1,9,2
2225830,0,1,1,0,1,0,94,1,9,2
2226005,0,1,0,1,0,0,94,1,9,2
2226077,0,1,0,1,0,0,94,1,9,2
2226606,0,0,0,0,1,0,94,1,9,2
2226786,0,0,0,0,1,0,94,1,9,2
2226834,1,0,0,1,1,0,94,1,9,2
2227405,0,1,0,1,0,0,94,1,9,2
2227781,1,0,0,1,1,0,94,1,9,2
2227878,1,1,0,0,0,0,94,1,9,2
2228927,0,1,1,0,1,0,99,1,9,2
2229121,0,1,1,0,1,0,99,1,9,2
2229497,1,0,0,1,1,0,99,1,9,2
2229848,1,0,1,0,0,0,99,1,9,2
2229938,1,0,0,1,1,0,99,1,9,2
2230326,0,0,1,1,0,0,99,1,9,2
2230400,0,0,1,1,0,0,99,1,9,2
2230816,0,0,0,0,1,0,99,1,9,2
2230868,1,0,1,0,0,0,99,1,9,2
2230888,0,1,0,1,0,0,99,1,9,2
2231127,0,1,0,1,0,0,99,1,9,2
2231352,1,0,0,0,1,1,99,1,9,2
2231610,1,1,0,0,0,0,99,1,9,2
2232020,0,1,0,1,0,0,99,1,9,2
2232869,0,1,1,0,1,0,99,1,9,2
2233134,1,0,1,0,0,0,99,1,9,2
2234519,0,1,1,0,1,0,99,1,9,2
2234816,0,1,1,0,1,0,99,1,9,2
2235044,0,1,1,0,1,0,99,1,9,2
2235110,1,0,1,0,0,0,99,1,9,2
2235214,0,1,1,0,1,0,99,1,9,2
2235519,0,0,0,0,1,0,99,1,9,2
2236233,1,0,1,0,0,0,99,1,9,2
2236694,0,1,0,1,0,0,99,1,9,2
2236994,1,0,1,0,0,0,99,1,9,2
2237164,0,1,1,0,1,0,99,1,9,2
2237213,0,1,0,0,0,0,99,1,9,2
2237290,0,1,0,1,0,0,99,1,9,2
2237550,1,0,0,1,1,0,99,1,9,2
2237662,1,0,1,0,0,0,99,1,9,2
2237953,0,1,0,1,0,0,99,1,9,2
2238226,0,1,0,1,0,0,99,1,9,2
2238277,1,1,1,1,1,0,99,1,9,2
2238501,0,1,1,0,1,0,99,1,9,2
2239886,0,1,1,0,1,0,99,1,9,2
2240147,1,0,1,0,0,0,99,1,9,2
2240237,1,0,0,1,1,0,99,1,9,2
2240545,0,0,1,1,0,0,99,1,9,2
2240791,0,1,0,1,0,0,99,1,9,2
2241046,1,0,0,1,1,0,99,1,9,2
2241121,0,0,1,1,0,0,99,1,9,2
2241567,1,0,1,0,0,0,99,1,9,2
2241995,0,1,0,0,0,0,99,1,9,2
2242305,1,0,1,0,0,0,99,1,9,2
2243239,1,0,0,1,1,0,99,1,9,2
2243785,1,0,0,0,1,1,99,1,9,2
2245963,0,1,0,1,0,0,99,1,9,2
2246321,0,1,0,1,0,0,99,1,9,2
2246622,1,0,0,0,1,1,99,1,9,2
2247059,1,0,1,0,0,0,99,1,9,2
2247656,1,0,1,0,0,0,99,1,9,2
2248447,0,0,0,0,1,0,99,1,9,2
2248777,0,0,1,1,0,0,99,1,9,2
2249865,0,0,1,1,0,0,99,1,9,2
2249902,0,1,0,1,0,0,99,1,9,2
2250374,0,0,1,1,0,0,99,1,9,2
2250410,1,1,0,0,0,0,99,1,9,2
2250643,0,0,0,0,1,0,99,1,9,2
2250857,1,0,1,0,0,0,99,1,9,2
2250882,1,0,1,0,0,0,99,1,9,2
2251322,0,1,0,1,0,0,99,1,9,2
2251487,0,0,1,1,0,0,99,1,9,2
2251618,1,1,0,0,0,0,99,1,9,2
2252262,0,1,1,1,1,1,99,1,9,2
2252364,0,0,0,0,1,0,99,1,9,2
2252646,1,1,1,1,1,0,99,1,9,2
2253340,1,0,1,0,0,0,99,1,9,2
2253380,1,0,0,1,1,0,99,1,9,2
2253433,1,1,1,1,1,0,99,1,9,2
2253616,1,1,0,0,0,0,99,1,9,2
2253711,1,1,0,0,0,0,99,1,9,2
2254297,1,0,1,0,0,0,99,1,9,2
2254359,0,0,0,0,1,0,99,1,9,2
2254546,0,0,1,1,0,0,99,1,9,2
2255658,1,1,1,1,1,0,99,1,9,2
2255663,1,1,0,0,0,0,99,1,9,2
2255727,0,1,0,1,0,0,99,1,9,2
2255775,0,1,1,0,1,0,99,1,9,2
2256408,0,0,0,0,1,0,99,1,9,2
2257257,0,1,0,1,0,0,99,1,9,2
2257396,1,0,0,1,1,0,99,1,9,2
2258639,0,0,1,1,0,0,99,1,9,2
2259016,0,1,1,0,1,0,99,1,9,2
2259303,0,1,1,0,1,0,99,1,9,2
2259543,1,1,1,1,1,0,99,1,9,2
2259550,1,0,0,1,1,0,99,1,9,2
2259835,0,1,1,0,1,0,99,1,9,2
2259838,1,0,0,1,1,0,99,1,9,2
2260431,1,1,1,1,1,0,99,1,9,2
2260579,0,1,0,1,0,0,99,1,9,2
2260734,0,0,1,1,0,0,99,1,9,2
2261963,0,0,1,1,0,0,99,1,9,2
2263002,1,0,1,0,0,0,99,1,9,2
2263833,0,0,1,1,0,0,99,1,9,2
2263878,0,1,0,1,0,0,99,1,9,2
2263921,0,0,0,0,1,0,99,1,9,2
2264173,0,0,1,1,0,0,99,1,9,2
2264462,0,1,0,1,0,0,99,1,9,2
2264611,1,1,1,1,1,0,99,1,9,2
2264657,0,0,1,1,0,0,99,1,9,2
2265380,1,1,0,0,0,0,99,1,9,2
2266611,1,1,0,0,0,0,99,1,9,2
2266761,1,1,0,0,0,0,99,1,9,2
2267312,1,0,0,1,1,0,99,1,9,2
2267526,1,1,0,0,0,0,99,1,9,2
2268148,1,0,1,0,0,0,99,1,9,2
2268308,1,1,0,0,0,0,99,1,9,2
2269249,0,0,1,1,0,0,99,1,9,2
2269656,1,0,1,0,0,0,99,1,9,2
2269846,1,0,1,0,0,0,99,1,9,2
2270093,0,0,1,1,0,0,99,1,9,2
2270379,1,1,0,0,0,0,99,1,9,2
2270465,1,1,1,1,1,0,99,1,9,2
2270749,0,1,1,0,1,0,99,1,9,2
2271619,1,0,0,1,1,0,99,1,9,2
2272435,1,0,0,1,1,0,99,1,9,2
2272610,0,0,0,0,1,0,99,1,9,2
2272823,0,0,0,0,1,0,99,1,9,2
2274126,1,0,0,1,1,0,99,1,9,2
2274556,0,0,0,0,1,0,99,1,9,2
2274928,1,0,0,1,1,0,99,1,9,2
2274993,1,1,1,1,1,0,99,1,9,2
2275009,1,1,1,1,1,0,99,1,9,2
2275166,0,0,1,1,0,0,99,1,9,2
2275943,0,1,0,1,0,0,99,1,9,2
2275977,0,1,1,0,1,0,99,1,9,2
2276507,1,1,1,1,1,0,99,1,9,2
2276874,1,1,1,1,1,0,99,1,9,2
2277408,0,0,1,1,0,0,99,1,9,2
2277799,0,1,1,0,1,0,99,1,9,2
2277843,1,1,1,1,1,0,99,1,9,2
2278477,1,1,0,0,0,0,99,1,9,2
2278725,1,1,1,1,1,0,99,1,9,2
2278762,1,1,0,0,0,0,99,1,9,2
2278927,1,1,0,0,0,0,99,1,9,2
2279416,1,1,1,1,1,0,99,1,9,2
2279832,1,1,1,1,1,0,99,1,9,2
2280032,0,1,0,1,0,0,99,1,9,2
2280086,0,1,0,1,0,0,99,1,9,2
2280580,0,1,0,1,0,0,99,1,9,2
2280854,1,0,0,1,1,0,99,1,9,2
2281735,1,0,0,1,1,0,99,1,9,2
2282089,1,0,1,0,0,0,99,1,9,2
2282295,1,0,0,0,1,1,99,1,9,2
2282971,1,1,1,1,1,0,99,1,9,2
2283412,0,0,1,1,0,0,99,1,9,2
2283705,0,1,0,1,0,0,99,1,9,2
2283763,1,0,1,0,0,0,99,1,9,2
2283809,0,0,0,0,1,0,99,1,9,2
2284383,0,1,0,0,0,0,99,1,9,2
2285462,0,0,1,1,0,0,99,1,9,2
2285498,0,0,1,1,0,0,99,1,9,2
2285529,1,0,1,0,0,0,99,1,9,2
2285567,0,1,0,1,0,0,99,1,9,2
2285717,0,1,1,0,1,0,99,1,9,2
2286162,1,1,0,0,0,0,99,1,9,2
2286647,1,1,0,0,0,0,99,1,9,2
2288339,1,1,1,1,1,0,99,1,9,2
2288836,1,0,0,1,1,0,99,1,9,2
2289435,1,1,0,0,0,0,99,1,9,2
2289736,0,0,0,0,1,0,99,1,9,2
2289844,0,0,0,1,1,1,99,1,9,2
2290601,1,0,1,0,0,0,99,1,9,2
2291238,0,0,0,0,1,0,99,1,9,2
2291353,0,0,1,1,0,0,99,1,9,2
2291613,0,1,0,1,0,0,99,1,9,2
2291865,1,1,0,0,0,0,99,1,9,2
2292027,0,1,1,0,1,0,99,1,9,2
2292407,1,1,0,0,0,0,99,1,9,2
2293106,0,0,0,0,1,0,99,1,9,2
2293655,1,0,1,0,0,0,99,1,9,2
2294058,1,0,0,1,1,0,140,1,9,2
2294096,0,0,0,0,1,0,140,1,9,2
2294298,0,0,1,1,0,0,140,1,9,2
2294372,0,0,0,0,1,0,140,1,9,2
2294390,0,1,1,0,1,0,140,1,9,2
2294736,0,0,0,0,1,0,140,1,9,2
2295374,1,1,1,1,1,0,140,1,9,2
2295442,1,1,0,0,0,0,140,1,9,2
2295678,1,0,1,0,0,0,140,1,9,2
2295872,0,1,0,1,0,0,140,1,9,2
2296360,1,1,0,0,0,0,140,1,9,2
2296364,1,0,1,1,0,0,140,1,9,2
2296378,1,0,1,0,0,0,140,1,9,2
2296413,0,0,0,0,1,0,140,1,9,2
2296473,0,1,1,0,1,0,140,1,9,2
2296624,0,1,0,1,0,0,140,1,9,2
2297001,0,1,1,0,1,0,140,1,9,2
2297031,1,0,0,1,1,0,140,1,9,2
2297387,1,1,1,1,1,0,140,1,9,2
2297495,1,0,0,1,1,0,140,1,9,2
2297689,0,0,0,0,1,0,140,1,9,2
2297764,0,0,1,1,0,0,140,1,9,2
2297954,0,1,1,0,1,0,140,1,9,2
2298039,0,0,0,0,1,0,140,1,9,2
2298209,0,1,1,0,1,0,140,1,9,2
2299114,1,0,1,0,0,0,140,1,9,2
2299499,0,0,0,0,1,0,140,1,9,2
2300361,0,1,1,0,1,0,140,1,9,2
2300875,0,1,0,1,0,0,140,1,9,2
2301021,1,0,1,0,0,0,140,1,9,2
2301103,0,1,1,0,1,0,140,1,9,2
2301287,1,1,0,0,0,0,140,1,9,2
2301438,1,1,0,0,0,0,140,1,9,2
2301481,0,1,1,0,1,0,140,1,9,2
2301929,0,1,0,1,0,0,140,1,9,2
2301960,1,1,0,0,0,0,140,1,9,2
2302369,0,1,0,1,0,0,140,1,9,2
2302694,0,1,1,0,1,0,140,1,9,2
2302781,1,0,0,1,1,0,140,1,9,2
2303065,0,1,0,1,0,0,140,1,9,2
2303273,0,1,1,0,1,0,140,1,9,2
2303573,0,0,1,1,0,0,140,1,9,2
2303605,0,0,1,1,0,0,140,1,9,2
2303850,0,1,1,0,1,0,140,1,9,2
2304173,1,0,0,1,1,0,140,1,9,2
2304282,0,1,1,0,1,0,140,1,9,2
2305027,1,0,1,1,0,0,140,1,9,2
2305048,1,0,0,1,1,0,140,1,9,2
2305149,1,0,0,1,1,0,140,1,9,2
2305514,0,1,0,1,0,0,140,1,9,2
2305624,0,0,0,0,1,0,140,1,9,2
2305814,0,1,1,0,1,0,140,1,9,2
2305976,0,0,0,0,1,0,140,1,9,2
2306025,0,0,0,1,1,1,140,1,9,2
2306219,0,0,0,0,1,0,140,1,9,2
2306555,0,1,0,1,0,0,140,1,9,2
2306662,1,0,0,1,1,0,140,1,9,2
2306751,1,0,1,0,0,0,140,1,9,2
2307079,1,1,0,0,0,0,140,1,9,2
2307244,1,1,0,1,0,0,140,1,9,2
2307262,0,0,1,1,0,0,140,1,9,2
2308045,0,0,0,1,1,1,140,1,9,2
2308342,0,1,0,1,0,0,140,1,9,2
2308495,1,0,1,0,0,0,140,1,9,2
2308699,1,1,0,0,0,0,140,1,9,2
2310246,1,1,1,1,1,0,140,1,9,2
2310315,0,1,0,1,0,0,140,1,9,2
2310352,1,0,0,1,1,0,140,1,9,2
2310552,1,1,0,0,0,0,140,1,9,2
2310819,0,1,0,1,0,0,140,1,9,2
2310850,1,0,1,0,0,0,140,1,9,2
2311161,0,0,0,0,1,0,140,1,9,2
2311196,1,1,1,1,1,0,140,1,9,2
2311310,0,1,0,1,0,0,140,1,9,2
2312017,0,0,1,1,0,0,140,1,9,2
2312284,1,0,1,0,0,0,140,1,9,2
2312558,0,0,1,1,0,0,140,1,9,2
2312625,1,0,0,1,1,0,140,1,9,2
2312813,1,1,0,0,0,0,140,1,9,2
2313055,0,1,0,1,0,0,140,1,9,2
2313120,1,1,0,0,0,0,140,1,9,2
2313196,0,1,1,0,1,0,140,1,9,2
2313206,1,1,0,0,0,0,140,1,9,2
2313362,0,1,0,1,0,0,140,1,9,2
2313412,0,0,1,1,0,0,140,1,9,2
2313675,1,1,1,1,1,0,140,1,9,2
2314006,0,1,1,0,1,0,140,1,9,2
2314165,1,0,0,1,1,0,140,1,9,2
2314699,1,0,0,1,1,0,140,1,9,2
2315233,0,0,1,1,0,0,140,1,9,2
2315373,0,1,0,1,0,0,140,1,9,2
2315694,1,1,0,0,0,0,140,1,9,2
2315889,0,1,1,0,1,0,140,1,9,2
2316373,1,1,1,1,1,0,140,1,9,2
2316499,1,1,0,0,0,0,140,1,9,2
2316894,1,1,1,1,1,0,140,1,9,2
2317205,1,1,1,1,1,0,140,1,9,2
2317612,1,1,0,0,0,0,140,1,9,2
2317655,0,0,1,1,0,0,140,1,9,2
2317836,0,1,0,1,0,0,140,1,9,2
2318408,0,1,0,1,0,0,140,1,9,2
2318424,0,0,0,0,1,0,140,1,9,2
2318771,1,0,0,1,1,0,140,1,9,2
2318808,0,1,1,0,1,0,140,1,9,2
2318989,0,0,0,0,1,0,140,1,9,2
2319041,1,1,1,1,1,0,140,1,9,2
2319571,1,0,1,0,0,0,140,1,9,2
2319641,1,1,0,0,0,0,140,1,9,2
2319759,0,0,1,1,0,0,140,1,9,2
2320084,1,1,1,1,1,0,140,1,9,2
2320449,0,1,1,0,1,0,140,1,9,2
2320517,0,0,1,1,0,0,140,1,9,2
2320681,0,1,0,0,0,0,140,1,9,2
2320820,1,0,0,1,1,0,140,1,9,2
2320967,1,0,0,1,1,0,140,1,9,2
2321414,0,0,1,1,0,0,140,1,9,2
2321546,0,0,0,0,1,0,140,1,9,2
2321676,1,1,1,1,1,0,140,1,9,2
2321832,0,1,0,1,0,0,140,1,9,2
2321898,0,0,1,1,0,0,140,1,9,2
2322044,1,0,0,1,1,0,140,1,9,2
2322618,1,1,0,0,0,0,140,1,9,2
2323273,0,0,1,1,0,0,140,1,9,2
2323283,0,0,0,0,1,0,140,1,9,2
2323285,0,0,0,0,1,0,140,1,9,2
2323787,0,0,0,0,1,0,140,1,9,2
2323891,0,0,0,0,1,0,140,1,9,2
2323952,0,1,1,0,1,0,140,1,9,2
2323971,0,0,0,0,1,0,140,1,9,2
2324015,0,0,0,0,1,0,140,1,9,2
2324075,1,1,0,0,0,0,140,1,9,2
2324382,0,0,1,1,0,0,140,1,9,2
2324750,1,0,0,1,1,0,140,1,9,2
2325123,0,1,1,0,1,0,140,1,9,2
2325439,1,1,1,1,1,0,140,1,9,2
2325508,0,0,0,0,1,0,140,1,9,2
2326112,0,0,1,1,0,0,140,1,9,2
2326303,0,1,0,1,0,0,140,1,9,2
2326411,0,1,1,0,1,0,140,1,9,2
2326971,1,0,0,1,1,0,140,1,9,2
2327054,0,0,0,0,1,0,140,1,9,2
2327070,0,0,1,1,0,0,140,1,9,2
2327443,0,0,1,1,0,0,140,1,9,2
2327598,0,1,1,0,1,0,140,1,9,2
2328240,1,1,0,0,0,0,140,1,9,2
2328731,1,1,1,1,1,0,140,1,9,2
2328835,1,0,1,0,0,0,140,1,9,2
2329007,0,1,1,0,1,0,140,1,9,2
2329805,0,1,0,1,0,0,140,1,9,2
2329837,1,0,0,1,1,0,140,1,9,2
2330703,0,1,1,0,1,0,140,1,9,2
2330897,1,0,1,0,0,0,140,1,9,2
2331256,0,1,1,0,1,0,140,1,9,2
2331351,1,1,1,1,1,0,140,1,9,2
2331492,1,0,0,1,1,0,140,1,9,2
2331615,0,1,0,0,0,0,140,1,9,2
2331627,0,1,0,0,0,0,140,1,9,2
2332105,1,0,0,1,1,0,140,1,9,2
2332322,0,0,0,0,1,0,140,1,9,2
2332339,1,0,0,1,1,0,140,1,9,2
2332624,0,1,1,0,1,0,140,1,9,2
2332671,1,0,0,1,1,0,140,1,9,2
2332678,0,0,0,1,1,1,140,1,9,2
2333148,1,0,1,0,0,0,140,1,9,2
2333225,0,0,0,0,1,0,140,1,9,2
2333447,1,1,1,1,1,0,140,1,9,2
2333708,0,0,0,0,1,0,140,1,9,2
2333897,1,1,0,0,0,0,140,1,9,2
2334708,1,1,1,1,1,0,140,1,9,2
2335096,1,0,0,1,1,0,140,1,9,2
2335809,1,0,0,1,1,0,140,1,9,2
2335887,0,0,0,0,1,0,140,1,9,2
2335917,0,1,0,1,0,0,140,1,9,2
2335937,1,0,1,0,0,0,140,1,9,2
2335939,1,1,1,1,1,0,140,1,9,2
2336444,0,1,1,0,1,0,140,1,9,2
2336606,0,1,1,0,1,0,140,1,9,2
2336747,0,0,1,1,0,0,140,1,9,2
2336954,1,0,0,1,1,0,140,1,9,2
2337287,1,0,1,0,0,0,140,1,9,2
2337324,1,1,0,0,0,0,140,1,9,2
2337352,0,0,1,1,0,0,140,1,9,2
2337371,0,0,0,1,1,1,140,1,9,2
2337544,0,0,0,0,1,0,140,1,9,2
2337687,1,0,0,1,1,0,140,1,9,2
2337814,1,1,0,0,0,0,140,1,9,2
2337862,0,0,0,0,1,0,140,1,9,2
2338322,0,1,0,1,0,0,140,1,9,2
2338372,1,0,0,0,1,1,140,1,9,2
2338929,1,1,0,0,0,0,140,1,9,2
2339032,0,0,0,0,1,0,140,1,9,2
2339395,1,1,0,0,0,0,140,1,9,2
2339910,0,0,1,1,0,0,140,1,9,2
2339933,1,1,1,1,1,0,140,1,9,2
2339945,0,0,1,1,0,0,140,1,9,2
2339949,0,0,0,0,1,0,140,1,9,2
2340149,0,1,0,1,0,0,140,1,9,2
2340581,0,0,0,0,1,0,140,1,9,2
2340720,0,0,1,1,0,0,140,1,9,2
2341068,1,0,0,1,1,0,140,1,9,2
2341256,0,1,0,1,0,0,140,1,9,2
2341456,0,0,1,1,0,0,140,1,9,2
2341523,1,1,0,0,0,0,140,1,9,2
2342015,1,1,0,0,0,0,140,1,9,2
2342022,0,0,0,0,1,0,140,1,9,2
2342116,1,0,0,1,1,0,140,1,9,2
2342204,0,0,1,1,0,0,140,1,9,2
2342465,0,1,0,0,0,0,140,1,9,2
2342499,0,0,0,0,1,0,140,1,9,2
2342740,0,0,0,0,1,0,140,1,9,2
2343640,0,0,0,0,1,0,140,1,9,2
2343731,1,1,0,0,0,0,140,1,9,2
2344053,1,1,0,0,0,0,140,1,9,2
2344066,0,1,1,0,1,0,140,1,9,2
2344203,0,1,1,0,1,0,140,1,9,2
2344678,1,1,0,0,0,0,140,1,9,2
2345364,1,1,1,1,1,0,140,1,9,2
2345377,1,0,1,0,0,0,140,1,9,2
2345472,0,1,0,1,0,0,140,1,9,2
2345625,0,1,0,1,0,0,140,1,9,2
2345924,0,0,0,0,1,0,140,1,9,2
2346115,1,1,1,1,1,0,140,1,9,2
2347080,0,0,0,0,1,0,140,1,9,2
2347158,0,1,0,1,0,0,140,1,9,2
2347597,0,0,0,0,1,0,140,1,9,2
2347894,0,1,1,0,1,0,140,1,9,2
2347905,1,0,1,0,0,0,140,1,9,2
2348279,0,0,1,1,0,0,140,1,9,2
2348626,0,0,1,1,0,0,140,1,9,2
2348722,0,1,1,0,1,0,140,1,9,2
2348773,1,1,1,1,1,0,140,1,9,2
2348897,0,1,0,1,0,0,140,1,9,2
2349635,0,0,1,1,0,0,140,1,9,2
2349636,0,1,1,0,1,0,140,1,9,2
2349797,0,0,0,0,1,0,140,1,9,2
2350969,0,0,0,0,1,0,140,1,9,2
2351033,1,0,1,0,0,0,140,1,9,2
2352148,1,1,1,1,1,0,140,1,9,2
2352288,0,1,1,0,1,0,140,1,9,2
2352313,0,1,1,0,1,0,140,1,9,2
2353326,1,0,0,1,1,0,140,1,9,2
2353859,0,1,1,0,1,0,140,1,9,2
2353897,0,0,0,0,1,0,140,1,9,2
2353912,0,1,1,0,1,0,140,1,9,2
2354261,1,0,0,1,1,0,140,1,9,2
2354482,1,1,0,0,0,0,140,1,9,2
2355043,1,0,0,1,1,0,140,1,9,2
2355314,0,1,0,1,0,0,140,1,9,2
2355620,1,0,1,0,0,0,140,1,9,2
2355711,0,0,0,0,1,0,140,1,9,2
2355901,0,0,1,1,0,0,140,1,9,2
2356575,1,1,0,1,0,0,140,1,9,2
2357102,1,0,0,1,1,0,140,1,9,2
2357154,0,0,1,1,0,0,140,1,9,2
2357561,1,1,0,0,0,0,140,1,9,2
2358684,0,1,0,1,0,0,140,1,9,2
2358746,0,0,1,1,0,0,140,1,9,2
2359198,1,1,0,0,0,0,140,1,9,2
2359366,0,0,1,1,0,0,167,1,9,2
2359919,1,0,1,0,0,0,167,1,9,2
2360353,0,0,1,1,0,0,167,1,9,2
2360402,0,0,0,0,1,0,167,1,9,2
2360634,1,0,1,0,0,0,167,1,9,2
2360697,0,1,1,0,1,0,167,1,9,2
2360718,0,0,1,1,0,0,167,1,9,2
2360756,1,0,1,0,0,0,167,1,9,2
2361024,1,1,0,0,0,0,167,1,9,2
2361106,0,1,0,1,0,0,167,1,9,2
2361360,1,1,1,1,1,0,167,1,9,2
2361384,0,1,1,0,1,0,167,1,9,2
2361510,0,0,0,0,1,0,167,1,9,2
2361596,0,0,0,0,1,0,167,1,9,2
2361827,1,1,0,0,0,0,167,1,9,2
2362081,1,1,0,0,0,0,167,1,9,2
2362111,0,1,0,1,0,0,167,1,9,2
2362330,1,0,0,1,1,0,167,1,9,2
2363205,1,0,1,0,0,0,167,1,9,2
2363211,1,1,0,0,0,0,167,1,9,2
2363393,1,0,1,0,0,0,167,1,9,2
2363800,1,0,0,1,1,0,167,1,9,2
2363830,0,1,0,1,0,0,167,1,9,2
2364187,0,1,1,0,1,0,167,1,9,2
2364373,1,1,1,1,1,0,167,1,9,2
2364550,1,0,1,0,0,0,167,1,9,2
2364611,0,1,1,0,1,0,167,1,9,2
2364823,0,0,0,0,1,0,167,1,9,2
2364910,0,1,1,0,1,0,167,1,9,2
2365259,0,0,1,1,0,0,167,1,9,2
2365333,1,1,0,0,0,0,167,1,9,2
2365482,1,0,1,0,0,0,167,1,9,2
2365801,0,0,1,1,0,0,167,1,9,2
2366046,0,1,0,1,0,0,167,1,9,2
2366127,0,1,0,1,0,0,167,1,9,2
2366394,1,1,1,1,1,0,167,1,9,2
2366435,0,1,1,0,1,0,167,1,9,2
2366649,1,1,1,1,1,0,167,1,9,2
2366663,0,1,0,1,0,0,167,1,9,2
2367157,1,0,1,0,0,0,167,1,9,2
2367172,1,1,1,1,1,0,167,1,9,2
2367255,0,1,1,0,1,0,167,1,9,2
2367257,1,0,1,0,0,0,167,1,9,2
2367387,1,1,1,1,1,0,167,1,9,2
2367834,1,0,0,1,1,0,167,1,9,2
2367980,0,1,1,0,1,0,167,1,9,2
2368002,1,1,1,1,1,0,167,1,9,2
2368126,1,1,1,1,1,0,167,1,9,2
2368399,0,0,0,0,1,0,167,1,9,2
2368475,0,0,1,1,0,0,167,1,9,2
2368888,0,1,1,0,1,0,167,1,9,2
2368966,1,1,1,1,1,0,167,1,9,2
2368973,0,0,1,1,0,0,167,1,9,2
2369152,0,1,1,0,1,0,167,1,9,2
2369169,0,0,1,1,0,0,167,1,9,2
2369339,1,0,1,0,0,0,167,1,9,2
2369531,1,1,1,0,1,1,167,1,9,2
2369848,1,1,0,0,0,0,167,1,9,2
2370492,1,1,0,0,0,0,167,1,9,2
2370951,1,0,0,1,1,0,167,1,9,2
2371165,0,1,1,0,1,0,167,1,9,2
2371432,1,1,1,1,1,0,167,1,9,2
2371747,1,1,0,0,0,0,167,1,9,2
2371930,0,1,0,1,0,0,167,1,9,2
2371934,0,1,1,0,1,0,167,1,9,2
2372099,0,1,1,0,1,0,167,1,9,2
2372300,1,0,0,1,1,0,167,1,9,2
2373234,1,1,1,0,1,1,167,1,9,2
2373934,0,0,0,0,1,0,167,1,9,2
2374231,1,1,1,1,1,0,167,1,9,2
2374358,1,1,0,0,0,0,167,1,9,2
2374418,0,1,0,1,0,0,167,1,9,2
2374441,1,1,1,1,1,0,167,1,9,2
2374586,1,1,0,0,0,0,167,1,9,2
2375103,1,0,1,0,0,0,167,1,9,2
2375366,0,1,1,0,1,0,167,1,9,2
2376074,1,1,1,0,1,1,167,1,9,2
2376231,0,0,0,0,1,0,167,1,9,2
2376284,1,0,1,0,0,0,167,1,9,2
2376564,1,0,0,1,1,0,167,1,9,2
2376699,1,0,0,1,1,0,167,1,9,2
2376787,1,1,0,0,0,0,167,1,9,2
2377077,1,1,1,0,1,1,167,1,9,2
2377133,0,0,0,0,1,0,167,1,9,2
2377344,0,0,1,1,0,0,167,1,9,2
2377765,1,0,0,1,1,0,167,1,9,2
2377789,1,1,0,0,0,0,167,1,9,2
2377924,0,1,0,1,0,0,167,1,9,2
2378009,0,1,0,1,0,0,167,1,9,2
2378132,1,0,0,1,1,0,167,1,9,2
2378797,0,0,1,1,0,0,167,1,9,2
2378928,1,1,1,1,1,0,167,1,9,2
2379101,0,0,0,0,1,0,167,1,9,2
2379140,0,0,0,0,1,0,167,1,9,2
2379166,0,0,1,1,0,0,167,1,9,2
2379317,0,0,1,1,0,0,167,1,9,2
2379466,1,1,1,1,1,0,167,1,9,2
2379515,1,0,0,1,1,0,167,1,9,2
2379612,1,1,0,0,0,0,167,1,9,2
2379918,0,0,1,1,0,0,167,1,9,2
2380146,0,1,1,0,1,0,167,1,9,2
2380287,0,0,1,1,0,0,167,1,9,2
2380426,0,1,1,0,1,0,167,1,9,2
2380870,1,0,1,0,0,0,167,1,9,2
2380972,0,1,1,0,1,0,167,1,9,2
2381132,1,1,1,1,1,0,167,1,9,2
2381333,1,1,1,1,1,0,167,1,9,2
2381368,0,1,1,0,1,0,167,1,9,2
2381485,1,0,0,1,1,0,167,1,9,2
2381623,1,1,1,1,1,0,167,1,9,2
2381671,1,0,0,1,1,0,167,1,9,2
2381752,0,0,0,0,1,0,167,1,9,2
2381899,1,0,1,1,0,0,167,1,9,2
2382011,0,0,1,1,0,0,167,1,9,2
2382264,0,0,0,0,1,0,167,1,9,2
2382330,0,0,0,0,1,0,167,1,9,2
2382348,0,0,0,0,1,0,167,1,9,2
2382429,0,0,0,0,1,0,167,1,9,2
2382439,0,1,0,0,0,0,167,1,9,2
2382785,0,0,0,0,1,0,167,1,9,2
2382938,0,0,0,0,1,0,167,1,9,2
2383283,1,1,1,1,1,0,167,1,9,2
2383736,1,0,1,0,0,0,167,1,9,2
2384081,0,1,0,1,0,0,167,1,9,2
2384655,0,0,1,1,0,0,167,1,9,2
2384762,0,1,1,0,1,0,167,1,9,2
2384825,0,1,1,0,1,0,167,1,9,2
2385340,0,1,0,1,0,0,167,1,9,2
2385433,0,1,1,0,1,0,167,1,9,2
2385588,0,0,1,1,0,0,167,1,9,2
2385640,1,0,0,1,1,0,167,1,9,2
2385777,0,1,0,1,0,0,167,1,9,2
2385951,1,1,1,1,1,0,167,1,9,2
2386144,0,0,1,1,0,0,167,1,9,2
2386586,1,1,1,1,1,0,167,1,9,2
2386627,0,0,0,0,1,0,167,1,9,2
2386882,1,0,1,0,0,0,167,1,9,2
2387825,1,0,0,0,1,1,167,1,9,2
2388269,1,0,1,0,0,0,167,1,9,2
2388495,0,1,1,0,1,0,167,1,9,2
2388725,0,0,0,0,1,0,167,1,9,2
2388860,0,0,0,1,1,1,167,1,9,2
2389233,0,1,1,0,1,0,167,1,9,2
2389420,0,1,1,0,1,0,167,1,9,2
2389545,0,1,1,0,1,0,167,1,9,2
2389574,1,0,1,0,0,0,167,1,9,2
2389738,0,1,0,1,0,0,167,1,9,2
2390088,1,0,0,1,1,0,167,1,9,2
2390161,1,1,1,1,1,0,167,1,9,2
2390225,0,1,0,1,0,0,167,1,9,2
2390398,1,1,1,1,1,0,167,1,9,2
2390715,1,1,1,1,1,0,167,1,9,2
2390736,0,0,1,1,0,0,167,1,9,2
2391652,0,0,1,1,0,0,167,1,9,2
2391706,0,1,1,0,1,0,167,1,9,2
2391756,0,0,0,0,1,0,167,1,9,2
2392481,1,0,0,1,1,0,167,1,9,2
2392798,0,0,0,0,1,0,167,1,9,2
2393109,1,1,0,0,0,0,167,1,9,2
2393193,1,1,1,1,1,0,167,1,9,2
2393314,0,0,0,0,1,0,167,1,9,2
2393639,1,1,1,1,1,0,167,1,9,2
2393772,1,0,0,1,1,0,167,1,9,2
2393845,0,1,1,0,1,0,167,1,9,2
2393973,0,0,1,1,0,0,167,1,9,2
2394715,0,0,0,0,1,0,167,1,9,2
2394806,0,1,0,1,0,0,167,1,9,2
2394807,0,0,1,1,0,0,167,1,9,2
2395597,1,1,0,0,0,0,167,1,9,2
2395836,1,0,0,1,1,0,167,1,9,2
2396137,1,0,1,0,0,0,167,1,9,2
2396331,1,0,0,1,1,0,167,1,9,2
2397068,1,1,0,0,0,0,167,1,9,2
2397434,1,0,0,1,1,0,167,1,9,2
2397545,0,0,1,1,0,0,167,1,9,2
2397748,0,0,0,0,1,0,167,1,9,2
2398084,0,0,1,1,0,0,167,1,9,2
2398472,0,0,0,1,1,1,167,1,9,2
2399152,0,0,1,1,0,0,167,1,9,2
2399409,0,1,0,1,0,0,167,1,9,2
2399428,1,0,1,0,0,0,167,1,9,2
2399566,0,1,1,0,1,0,167,1,9,2
2399578,1,0,1,0,0,0,167,1,9,2
2399938,0,0,0,0,1,0,167,1,9,2
2399960,0,1,0,1,0,0,167,1,9,2
2399982,1,1,1,1,1,0,167,1,9,2
2400423,1,1,1,1,1,0,167,1,9,2
2400486,1,0,1,1,0,0,167,1,9,2
2400622,0,0,0,0,1,0,167,1,9,2
2400635,1,0,1,0,0,0,167,1,9,2
2401074,0,1,0,1,0,0,167,1,9,2
2401180,1,1,1,1,1,0,167,1,9,2
2401636,1,0,0,1,1,0,167,1,9,2
2401770,1,1,1,1,1,0,167,1,9,2
2401815,1,0,1,0,0,0,167,1,9,2
2402004,1,0,0,1,1,0,167,1,9,2
2402018,1,1,1,1,1,0,167,1,9,2
2402196,0,1,1,1,1,1,167,1,9,2
2402255,0,0,0,0,1,0,167,1,9,2
2402387,1,1,0,0,0,0,167,1,9,2
2402486,1,0,0,1,1,0,167,1,9,2
2402521,0,1,1,0,1,0,167,1,9,2
2402600,1,1,1,1,1,0,167,1,9,2
2402842,0,1,0,1,0,0,167,1,9,2
2402857,0,0,0,0,1,0,167,1,9,2
2402967,0,1,0,1,0,0,167,1,9,2
2402980,0,0,0,0,1,0,167,1,9,2
2403219,1,1,1,1,1,0,167,1,9,2
2403338,1,0,0,1,1,0,167,1,9,2
2403494,0,0,1,1,0,0,167,1,9,2
2403971,1,0,1,0,0,0,167,1,9,2
2404160,0,1,1,0,1,0,167,1,9,2
2404616,1,0,1,0,0,0,167,1,9,2
2405947,0,1,0,1,0,0,167,1,9,2
2406226,1,1,1,1,1,0,167,1,9,2
2406251,0,1,1,0,1,0,167,1,9,2
2406632,0,1,0,1,0,0,167,1,9,2
2406772,1,1,1,1,1,0,167,1,9,2
2407332,0,1,1,0,1,0,167,1,9,2
2407623,0,1,1,0,1,0,167,1,9,2
2408084,1,1,1,1,1,0,167,1,9,2
2408455,0,0,1,1,0,0,167,1,9,2
2408662,0,1,1,0,1,0,167,1,9,2
2408693,0,0,1,1,0,0,167,1,9,2
2408765,1,0,1,0,0,0,167,1,9,2
2408860,1,1,1,1,1,0,167,1,9,2
2408907,1,0,1,0,0,0,167,1,9,2
2409362,1,1,0,0,0,0,167,1,9,2
2409414,1,0,1,0,0,0,167,1,9,2
2409469,0,1,0,1,0,0,167,1,9,2
2409474,0,1,0,1,0,0,167,1,9,2
2409770,0,1,0,1,0,0,167,1,9,2
2409900,0,0,1,1,0,0,167,1,9,2
2410150,1,1,0,0,0,0,167,1,9,2
2410251,0,1,1,0,1,0,167,1,9,2
2410253,0,0,0,0,1,0,167,1,9,2
2410426,0,0,0,0,1,0,167,1,9,2
2410550,1,0,0,1,1,0,167,1,9,2
2410685,0,1,1,0,1,0,167,1,9,2
2410761,1,0,1,0,0,0,167,1,9,2
2410848,0,1,0,1,0,0,167,1,9,2
2411068,1,1,0,0,0,0,167,1,9,2
2411644,0,0,0,0,1,0,167,1,9,2
2411922,0,0,1,1,0,0,167,1,9,2
2411969,0,1,1,0,1,0,167,1,9,2
2412046,1,1,1,1,1,0,167,1,9,2
2412832,0,0,0,0,1,0,167,1,9,2
2413020,0,1,1,0,1,0,167,1,9,2
2413437,1,1,1,1,1,0,167,1,9,2
2413621,1,0,0,1,1,0,167,1,9,2
2413663,0,0,1,1,0,0,167,1,9,2
2413756,1,0,0,1,1,0,167,1,9,2
2413998,1,0,1,0,0,0,167,1,9,2
2414520,0,1,0,1,0,0,167,1,9,2
2414877,1,1,1,1,1,0,167,1,9,2
2415160,1,1,0,0,0,0,167,1,9,2
2416067,1,0,1,0,0,0,167,1,9,2
2416220,0,1,0,0,0,0,167,1,9,2
2416342,1,0,1,0,0,0,167,1,9,2
2416348,0,0,0,1,1,1,167,1,9,2
2416466,1,0,1,0,0,0,167,1,9,2
2416884,1,1,1,1,1,0,167,1,9,2
2417154,0,1,0,1,0,0,167,1,9,2
2417226,0,0,1,1,0,0,167,1,9,2
2417388,1,1,1,1,1,0,167,1,9,2
2417435,0,0,1,1,0,0,167,1,9,2
2417601,0,0,1,1,0,0,167,1,9,2
2417856,0,0,0,0,1,0,167,1,9,2
2417997,1,1,0,0,0,0,167,1,9,2
2418423,1,1,0,0,0,0,167,1,9,2
2418557,0,1,0,1,0,0,167,1,9,2
2419045,0,0,1,1,0,0,167,1,9,2
2419405,1,0,0,1,1,0,167,1,9,2
2419863,1,1,1,1,1,0,167,1,9,2
2420049,1,0,0,1,1,0,167,1,9,2
2420060,0,0,0,0,1,0,167,1,9,2
2420186,1,1,1,1,1,0,167,1,9,2
2420213,1,1,0,0,0,0,167,1,9,2
2420564,1,0,1,0,0,0,167,1,9,2
2420738,1,0,1,0,0,0,167,1,9,2
2420908,0,1,1,0,1,0,167,1,9,2
2420982,0,1,1,0,1,0,167,1,9,2
2421308,0,0,1,1,0,0,167,1,9,2
2421625,0,1,0,1,0,0,167,1,9,2
2421638,0,0,0,0,1,0,167,1,9,2
2421890,0,0,0,0,1,0,167,1,9,2
2421908,1,1,1,0,1,1,167,1,9,2
2422181,0,1,1,0,1,0,167,1,9,2
2422222,0,1,0,1,0,0,167,1,9,2
2422414,0,1,0,1,0,0,167,1,9,2
2422811,1,0,0,1,1,0,167,1,9,2
2422828,1,1,1,1,1,0,167,1,9,2
2422862,1,0,1,0,0,0,167,1,9,2
2422889,0,1,1,0,1,0,167,1,9,2
2422974,1,1,1,1,1,0,167,1,9,2
2423262,0,1,1,0,1,0,167,1,9,2
2423402,1,0,0,1,1,0,167,1,9,2
2423605,1,1,1,1,1,0,167,1,9,2
2423825,0,0,1,1,0,0,167,1,9,2
2423864,0,1,0,1,0,0,167,1,9,2
2424041,0,0,1,0,0,0,167,1,9,2
2424286,0,1,1,0,1,0,167,1,9,2
2424416,0,1,0,1,0,0,167,1,9,2
2424440,0,1,1,0,1,0,167,1,9,2
2424662,0,1,1,0,1,0,167,1,9,2
2424776,1,1,1,1,1,0,167,1,9,2
2425453,0,1,1,0,1,0,142,1,9,2
2425558,1,1,0,0,0,0,142,1,9,2
2426566,1,0,1,0,0,0,142,1,9,2
2426630,1,0,0,1,1,0,142,1,9,2
2426683,0,0,1,1,0,0,142,1,9,2
2426930,0,1,1,0,1,0,142,1,9,2
2426986,0,1,1,0,1,0,142,1,9,2
2427460,1,1,0,0,0,0,142,1,9,2
2427599,1,0,1,1,0,0,142,1,9,2
2427739,1,1,1,1,1,0,142,1,9,2
2427761,1,1,0,0,0,0,142,1,9,2
2427951,1,0,0,1,1,0,142,1,9,2
2428060,1,1,0,0,0,0,142,1,9,2
2428511,0,1,1,0,1,0,142,1,9,2
2428594,1,1,0,0,0,0,142,1,9,2
2428739,0,0,0,0,1,0,142,1,9,2
2429403,0,0,1,1,0,0,142,1,9,2
2429815,0,1,1,0,1,0,142,1,9,2
2429866,1,1,1,1,1,0,142,1,9,2
2429912,1,0,0,1,1,0,142,1,9,2
2430583,1,1,0,0,0,0,142,1,9,2
2430650,1,1,1,1,1,0,142,1,9,2
2430958,1,0,0,1,1,0,142,1,9,2
2430966,1,0,1,0,0,0,142,1,9,2
2431605,1,0,1,0,0,0,142,1,9,2
2432218,0,0,1,1,0,0,142,1,9,2
2432566,1,1,1,1,1,0,142,1,9,2
2432745,1,1,0,0,0,0,142,1,9,2
2432957,0,1,0,1,0,0,142,1,9,2
2433502,1,0,0,1,1,0,142,1,9,2
2433629,0,1,0,1,0,0,142,1,9,2
2433695,0,0,0,0,1,0,142,1,9,2
2433831,1,1,1,1,1,0,142,1,9,2
2433979,1,1,1,1,1,0,142,1,9,2
2434378,0,1,1,0,1,0,142,1,9,2
2434456,1,1,0,0,0,0,142,1,9,2
2434522,1,0,0,1,1,0,142,1,9,2
2434755,1,0,1,0,0,0,142,1,9,2
2434921,1,0,1,0,0,0,142,1,9,2
2435278,0,0,0,1,1,1,142,1,9,2
2435321,1,0,1,0,0,0,142,1,9,2
2435721,1,1,0,0,0,0,142,1,9,2
2435886,0,1,0,1,0,0,142,1,9,2
2436593,1,0,1,0,0,0,142,1,9,2
2436961,0,0,1,0,0,0,142,1,9,2
2437102,1,0,1,0,0,0,142,1,9,2
2437320,0,0,1,1,0,0,142,1,9,2
2437475,1,1,0,0,0,0,142,1,9,2
2438078,0,1,1,0,1,0,142,1,9,2
2438242,0,0,1,1,0,0,142,1,9,2
2438345,1,1,0,0,0,0,142,1,9,2
2438772,1,0,0,1,1,0,142,1,9,2
2438845,1,1,0,0,0,0,142,1,9,2
2438886,0,0,1,1,0,0,142,1,9,2
2439037,1,1,0,0,0,0,142,1,9,2
2439537,1,1,0,0,0,0,142,1,9,2
2439564,0,0,0,0,1,0,142,1,9,2
2439777,0,0,0,0,1,0,142,1,9,2
2440260,0,1,0,1,0,0,142,1,9,2
2440280,0,0,0,0,1,0,142,1,9,2
2440389,1,0,0,1,1,0,142,1,9,2
2440420,0,1,1,0,1,0,142,1,9,2
2440473,0,0,0,0,1,0,142,1,9,2
2440710,1,1,0,0,0,0,142,1,9,2
2440948,1,0,1,0,0,0,142,1,9,2
2441015,0,0,1,1,0,0,142,1,9,2
2441568,0,1,0,1,0,0,142,1,9,2
2442093,0,0,0,0,1,0,142,1,9,2
2442649,0,0,1,1,0,0,142,1,9,2
2443082,0,0,1,1,0,0,142,1,9,2
2443289,0,0,1,1,0,0,142,1,9,2
2443556,0,0,0,0,1,0,142,1,9,2
2443625,1,1,0,0,0,0,142,1,9,2
2443739,0,1,0,1,0,0,142,1,9,2
2444324,1,0,0,1,1,0,142,1,9,2
2444683,1,1,0,0,0,0,142,1,9,2
2444811,1,1,0,0,0,0,142,1,9,2
2445208,1,0,1,0,0,0,142,1,9,2
2445991,1,0,0,1,1,0,142,1,9,2
2446214,1,1,0,0,0,0,142,1,9,2
2446223,1,0,1,0,0,0,142,1,9,2
2446520,1,1,0,0,0,0,142,1,9,2
2446615,0,0,1,1,0,0,142,1,9,2
2446772,0,0,0,0,1,0,142,1,9,2
2446792,1,0,1,0,0,0,142,1,9,2
2446897,1,1,1,1,1,0,142,1,9,2
2446951,1,1,1,1,1,0,142,1,9,2
2447178,1,1,1,1,1,0,142,1,9,2
2447181,1,0,0,1,1,0,142,1,9,2
2447242,0,0,1,1,0,0,142,1,9,2
2447253,0,0,1,1,0,0,142,1,9,2
2447268,1,0,1,0,0,0,142,1,9,2
2447394,0,0,0,0,1,0,142,1,9,2
2447522,1,1,1,1,1,0,142,1,9,2
2447655,0,1,0,1,0,0,142,1,9,2
2447929,0,1,1,0,1,0,142,1,9,2
2448001,0,0,1,1,0,0,142,1,9,2
2448053,0,1,1,0,1,0,142,1,9,2
2448135,1,0,1,0,0,0,142,1,9,2
2448353,1,0,0,1,1,0,142,1,9,2
2449350,1,1,0,0,0,0,142,1,9,2
2449775,1,0,1,0,0,0,142,1,9,2
2449872,0,1,0,1,0,0,142,1,9,2
2450717,1,1,0,0,0,0,142,1,9,2
2451264,0,1,1,0,1,0,142,1,9,2
2451399,1,1,1,0,1,1,142,1,9,2
2451567,0,0,1,1,0,0,142,1,9,2
2451771,0,0,0,0,1,0,142,1,9,2
2451919,0,0,1,1,0,0,142,1,9,2
2452404,1,1,0,0,0,0,142,1,9,2
2452726,1,0,1,0,0,0,142,1,9,2
2452900,1,0,1,0,0,0,142,1,9,2
2453114,0,1,0,1,0,0,142,1,9,2
2453136,0,1,0,1,0,0,142,1,9,2
2453146,1,1,1,1,1,0,142,1,9,2
2453455,0,0,1,0,0,0,142,1,9,2
2453573,0,0,1,1,0,0,142,1,9,2
2453687,1,0,0,1,1,0,142,1,9,2
2454239,1,0,1,0,0,0,142,1,9,2
2454385,1,1,0,0,0,0,142,1,9,2
2454559,0,1,1,0,1,0,142,1,9,2
2455328,1,1,1,1,1,0,142,1,9,2
2456018,0,0,0,0,1,0,142,1,9,2
2456128,1,0,1,0,0,0,142,1,9,2
2456445,1,1,1,1,1,0,142,1,9,2
2456625,1,0,1,0,0,0,142,1,9,2
2456635,0,0,0,0,1,0,142,1,9,2
2456743,0,0,1,1,0,0,142,1,9,2
2456860,1,0,0,1,1,0,142,1,9,2
2456918,1,0,1,0,0,0,142,1,9,2
2457194,0,0,0,0,1,0,142,1,9,2
2457217,0,0,0,1,1,1,142,1,9,2
2457325,1,1,1,1,1,0,142,1,9,2
2457621,1,0,1,0,0,0,142,1,9,2
2457690,1,0,0,1,1,0,142,1,9,2
2457949,1,0,1,0,0,0,142,1,9,2
2458233,1,1,1,1,1,0,142,1,9,2
2458341,0,1,1,0,1,0,142,1,9,2
2458642,0,1,0,0,0,0,142,1,9,2
2458859,0,1,0,1,0,0,142,1,9,2
2458883,0,1,1,0,1,0,142,1,9,2
2458928,1,0,1,0,0,0,142,1,9,2
2458982,1,0,0,1,1,0,142,1,9,2
2459680,1,1,0,0,0,0,142,1,9,2
2459760,0,0,0,0,1,0,142,1,9,2
2459762,1,1,0,0,0,0,142,1,9,2
2459898,1,0,1,0,0,0,142,1,9,2
2460218,1,0,0,1,1,0,142,1,9,2
2460297,1,1,1,1,1,0,142,1,9,2
2460443,0,1,0,1,0,0,142,1,9,2
2460459,1,0,1,0,0,0,142,1,9,2
2460460,1,0,0,1,1,0,142,1,9,2
2460662,1,0,0,1,1,0,142,1,9,2
2460744,1,0,0,1,1,0,142,1,9,2
2460970,1,0,0,1,1,0,142,1,9,2
2461052,1,0,0,1,1,0,142,1,9,2
2461064,1,0,0,1,1,0,142,1,9,2
2461319,1,1,0,0,0,0,142,1,9,2
2462274,1,1,1,1,1,0,142,1,9,2
2462473,0,1,1,0,1,0,142,1,9,2
2462527,1,0,1,0,0,0,142,1,9,2
2462715,1,1,0,0,0,0,142,1,9,2
2463248,1,0,1,0,0,0,142,1,9,2
2463311,1,0,0,1,1,0,142,1,9,2
2463578,1,1,1,1,1,0,142,1,9,2
2463823,1,0,1,0,0,0,142,1,9,2
2463831,0,1,0,1,0,0,142,1,9,2
2464133,1,1,1,1,1,0,142,1,9,2
2465128,1,1,0,0,0,0,142,1,9,2
2465198,0,0,1,1,0,0,142,1,9,2
2465508,0,0,1,1,0,0,142,1,9,2
2465640,0,1,1,0,1,0,142,1,9,2
2465666,0,0,0,0,1,0,142,1,9,2
2465700,0,1,1,0,1,0,142,1,9,2
2465822,0,0,0,0,1,0,142,1,9,2
2465905,1,1,1,1,1,0,142,1,9,2
2466288,1,0,1,0,0,0,142,1,9,2
2467224,1,0,1,0,0,0,142,1,9,2
2467420,1,0,0,1,1,0,142,1,9,2
2467843,0,0,0,0,1,0,142,1,9,2
2467929,0,0,1,1,0,0,142,1,9,2
2467930,1,0,0,1,1,0,142,1,9,2
2468446,0,0,1,1,0,0,142,1,9,2
2468579,1,0,0,1,1,0,142,1,9,2
2468608,0,1,1,0,1,0,142,1,9,2
2468695,0,1,0,1,0,0,142,1,9,2
2468835,1,0,0,1,1,0,142,1,9,2
2469336,0,0,0,0,1,0,142,1,9,2
2469340,1,0,0,0,1,1,142,1,9,2
2470912,1,1,0,0,0,0,142,1,9,2
2470984,1,1,0,1,0,0,142,1,9,2
2470992,0,1,1,0,1,0,142,1,9,2
2471604,1,0,1,0,0,0,142,1,9,2
2471975,1,1,0,1,0,0,142,1,9,2
2472220,0,1,0,1,0,0,142,1,9,2
2473307,0,0,1,1,0,0,142,1,9,2
2473602,0,0,0,0,1,0,142,1,9,2
2473663,1,1,0,0,0,0,142,1,9,2
2474073,0,0,1,1,0,0,142,1,9,2
2474163,1,0,0,1,1,0,142,1,9,2
2474970,1,0,1,0,0,0,142,1,9,2
2475070,1,0,1,0,0,0,142,1,9,2
2475322,1,1,0,0,0,0,142,1,9,2
2475661,1,1,1,0,1,1,142,1,9,2
2475918,1,1,1,1,1,0,142,1,9,2
2476543,0,0,0,0,1,0,142,1,9,2
2476596,1,0,1,0,0,0,142,1,9,2
2477524,1,1,1,1,1,0,142,1,9,2
2477925,0,0,1,1,0,0,142,1,9,2
2477969,1,1,0,0,0,0,142,1,9,2
2478184,0,0,0,0,1,0,142,1,9,2
2478632,1,0,0,1,1,0,142,1,9,2
2479035,1,1,1,1,1,0,142,1,9,2
2479176,0,1,0,1,0,0,142,1,9,2
2479411,0,0,0,0,1,0,142,1,9,2
2479587,1,0,0,1,1,0,142,1,9,2
2479720,1,1,1,1,1,0,142,1,9,2
2479833,0,0,1,1,0,0,142,1,9,2
2479877,0,0,1,1,0,0,142,1,9,2
2480113,0,0,1,1,0,0,142,1,9,2
2480191,1,0,1,0,0,0,142,1,9,2
2480373,0,1,0,1,0,0,142,1,9,2
2480917,1,0,1,0,0,0,142,1,9,2
2480978,1,1,0,0,0,0,142,1,9,2
2481022,0,1,0,1,0,0,142,1,9,2
2481434,1,0,1,0,0,0,142,1,9,2
2481746,0,0,0,0,1,0,142,1,9,2
2482209,0,1,1,0,1,0,142,1,9,2
2482662,0,1,0,1,0,0,142,1,9,2
2483134,1,1,1,1,1,0,142,1,9,2
2483286,1,1,0,0,0,0,142,1,9,2
2483788,0,1,1,0,1,0,142,1,9,2
2483903,1,1,1,1,1,0,142,1,9,2
2483908,0,0,1,1,0,0,142,1,9,2
2484487,0,1,0,1,0,0,142,1,9,2
2484492,0,0,0,0,1,0,142,1,9,2
2484500,0,1,1,0,1,0,142,1,9,2
2484536,1,0,0,1,1,0,142,1,9,2
2484562,1,1,1,1,1,0,142,1,9,2
2484612,1,1,1,1,1,0,142,1,9,2
2484838,1,1,1,1,1,0,142,1,9,2
2485004,0,1,1,0,1,0,142,1,9,2
2485136,0,1,0,1,0,0,142,1,9,2
2485709,0,1,0,1,0,0,142,1,9,2
2485994,1,0,0,1,1,0,142,1,9,2
2486599,1,1,0,0,0,0,142,1,9,2
2487008,0,1,1,0,1,0,142,1,9,2
2487082,0,0,1,1,0,0,142,1,9,2
2487388,1,0,0,1,1,0,142,1,9,2
2487405,1,0,1,0,0,0,142,1,9,2
2487444,1,1,1,1,1,0,142,1,9,2
2487513,0,0,0,0,1,0,142,1,9,2
2487528,1,0,1,0,0,0,142,1,9,2
2488292,1,1,1,1,1,0,142,1,9,2
2488427,1,0,0,1,1,0,142,1,9,2
2488644,1,1,0,0,0,0,142,1,9,2
2488651,0,1,0,1,0,0,142,1,9,2
2488915,0,0,1,1,0,0,142,1,9,2
2488989,1,0,1,0,0,0,142,1,9,2
2489041,1,0,0,1,1,0,142,1,9,2
2489204,0,1,1,0,1,0,142,1,9,2
2489543,0,1,0,1,0,0,142,1,9,2
2489624,0,0,0,0,1,0,142,1,9,2
2489752,0,0,0,0,1,0,142,1,9,2
2490722,1,0,0,1,1,0,142,1,9,2
2490964,1,1,0,0,0,0,142,1,9,2
2491201,1,1,0,0,0,0,142,1,9,2
2491211,0,0,0,0,1,0,142,1,9,2
2491452,0,1,1,0,1,0,142,1,9,2
2491648,1,0,0,1,1,0,142,1,9,2
2491958,0,1,0,1,0,0,142,1,9,2
2492003,0,1,1,0,1,0,142,1,9,2
2492174,1,1,0,0,0,0,142,1,9,2
2492193,0,1,1,0,1,0,142,1,9,2
2492311,1,1,0,0,0,0,142,1,9,2
2492350,1,1,1,1,1,0,142,1,9,2
2492530,1,1,1,1,1,0,142,1,9,2
2492680,1,1,1,1,1,0,142,1,9,2
2492916,0,1,0,1,0,0,142,1,9,2
2493236,1,0,1,0,0,0,142,1,9,2
2493391,0,1,0,1,0,0,142,1,9,2
2493601,1,0,1,0,0,0,142,1,9,2
2493893,0,1,0,0,0,0,142,1,9,2
2494036,1,0,1,0,0,0,142,1,9,2
2494130,1,0,0,1,1,0,142,1,9,2
2494169,0,0,1,1,0,0,142,1,9,2
2494777,1,1,1,1,1,0,142,1,9,2
2494828,1,1,1,1,1,0,142,1,9,2
2495008,1,1,0,0,0,0,142,1,9,2
2495153,1,1,1,1,1,0,142,1,9,2
2495213,0,0,1,1,0,0,142,1,9,2
2495272,0,1,1,0,1,0,142,1,9,2
2495593,0,0,0,0,1,0,142,1,9,2
2495629,0,0,0,0,1,0,142,1,9,2
2496038,0,0,1,1,0,0,142,1,9,2
2497026,1,0,0,1,1,0,142,1,9,2
2497203,1,0,1,0,0,0,142,1,9,2
2497653,0,0,0,0,1,0,142,1,9,2
2497832,0,1,0,1,0,0,142,1,9,2
2498560,1,0,1,0,0,0,142,1,9,2
2498680,1,1,1,1,1,0,142,1,9,2
2499220,0,0,1,1,0,0,142,1,9,2
2500062,1,0,1,0,0,0,142,1,9,2
2500191,0,1,1,0,1,0,142,1,9,2
2500344,0,0,0,0,1,0,142,1,9,2
2500406,1,0,1,0,0,0,142,1,9,2
2500432,1,0,1,0,0,0,142,1,9,2
2501015,0,0,1,1,0,0,142,1,9,2
2501100,1,0,1,0,0,0,142,1,9,2
2501173,1,1,0,0,0,0,142,1,9,2
2501760,0,0,0,0,1,0,142,1,9,2
2501797,0,1,1,1,1,1,142,1,9,2
2501859,1,1,1,1,1,0,142,1,9,2
2501931,0,1,1,0,1,0,142,1,9,2
2502288,1,0,0,1,1,0,142,1,9,2
2502487,1,0,1,0,0,0,142,1,9,2
2502541,1,1,1,1,1,0,142,1,9,2
2502560,0,1,1,0,1,0,142,1,9,2
2503227,0,1,1,0,1,0,142,1,9,2
2503386,0,1,0,1,0,0,142,1,9,2
2503842,0,0,0,0,1,0,142,1,9,2
2504102,0,0,1,1,0,0,142,1,9,2
2504755,1,0,0,1,1,0,142,1,9,2
2505855,1,1,0,0,0,0,142,1,9,2
2506130,0,0,1,1,0,0,142,1,9,2
2506194,1,1,0,0,0,0,142,1,9,2
2506476,0,0,1,1,0,0,142,1,9,2
2506631,1,0,0,1,1,0,142,1,9,2
2506753,1,1,0,0,0,0,142,1,9,2
2506886,0,0,1,1,0,0,142,1,9,2
2506978,0,1,1,0,1,0,142,1,9,2
2506994,0,1,0,1,0,0,142,1,9,2
2507124,0,0,1,0,0,0,142,1,9,2
2507474,1,1,0,0,0,0,142,1,9,2
2507491,0,1,0,1,0,0,142,1,9,2
2507701,1,1,0,0,0,0,142,1,9,2
2507775,0,1,1,0,1,0,142,1,9,2
2507817,1,0,1,0,0,0,142,1,9,2
2507978,1,1,0,0,0,0,142,1,9,2
2508474,0,0,0,0,1,0,142,1,9,2
2509056,0,1,1,0,1,0,142,1,9,2
2509262,1,0,1,0,0,0,142,1,9,2
2509402,0,1,1,0,1,0,142,1,9,2
2509522,1,0,0,1,1,0,142,1,9,2
2509636,0,0,0,0,1,0,142,1,9,2
2509816,1,1,0,0,0,0,142,1,9,2
2509939,1,0,0,1,1,0,142,1,9,2
2510407,0,0,1,1,0,0,142,1,9,2
2511097,0,0,0,0,1,0,142,1,9,2
2511690,0,0,0,0,1,0,142,1,9,2
2512257,1,1,1,1,1,0,142,1,9,2
2512308,1,1,1,1,1,0,142,1,9,2
2512752,0,1,1,0,1,0,142,1,9,2
2513020,0,0,1,1,0,0,142,1,9,2
2513190,1,0,0,1,1,0,142,1,9,2
2513439,1,0,0,1,1,0,142,1,9,2
2513613,0,0,0,0,1,0,142,1,9,2
2514146,1,1,0,0,0,0,142,1,9,2
2514155,1,0,0,1,1,0,142,1,9,2
2514319,0,1,1,0,1,0,142,1,9,2
2515019,1,1,1,1,1,0,142,1,9,2
2515337,0,1,1,0,1,0,142,1,9,2
2515355,1,0,0,1,1,0,142,1,9,2
2515643,1,0,0,1,1,0,142,1,9,2
2515899,1,0,0,1,1,0,142,1,9,2
2516039,0,0,1,1,0,0,142,1,9,2
2516142,0,1,0,1,0,0,142,1,9,2
2516195,1,0,0,1,1,0,142,1,9,2
2516367,0,1,1,0,1,0,142,1,9,2
2516880,1,0,0,1,1,0,142,1,9,2
2517071,1,0,1,0,0,0,142,1,9,2
2517201,0,1,0,1,0,0,142,1,9,2
2517390,1,0,1,0,0,0,142,1,9,2
2517491,0,1,0,1,0,0,142,1,9,2
2517683,0,1,1,0,1,0,142,1,9,2
2517764,1,1,0,0,0,0,142,1,9,2
2517775,1,0,0,1,1,0,142,1,9,2
2518211,0,0,0,0,1,0,142,1,9,2
2518819,0,0,1,1,0,0,142,1,9,2
2518874,1,1,1,1,1,0,142,1,9,2
2518900,0,0,1,1,0,0,142,1,9,2
2518909,0,0,0,0,1,0,142,1,9,2
2519165,1,1,1,1,1,0,142,1,9,2
2519299,1,0,1,0,0,0,142,1,9,2
2519757,1,1,0,0,0,0,142,1,9,2
2519777,1,1,0,0,0,0,142,1,9,2
2520002,1,1,0,0,0,0,142,1,9,2
2520637,1,1,1,1,1,0,142,1,9,2
2520863,1,1,1,1,1,0,142,1,9,2
2521001,0,0,0,0,1,0,142,1,9,2
2521093,1,1,0,0,0,0,142,1,9,2
2521259,1,1,1,1,1,0,142,1,9,2
2521332,0,0,1,1,0,0,142,1,9,2
2521606,0,0,0,0,1,0,142,1,9,2
2521624,0,1,0,0,0,0,142,1,9,2
2521663,0,0,1,1,0,0,142,1,9,2
2521746,0,1,0,1,0,0,142,1,9,2
2521765,1,0,1,0,0,0,142,1,9,2
2521944,0,1,0,1,0,0,142,1,9,2
2522210,1,0,1,0,0,0,142,1,9,2
2522944,1,1,1,1,1,0,142,1,9,2
2523897,0,0,0,0,1,0,142,1,9,2
2523932,0,0,1,1,0,0,142,1,9,2
2523990,0,1,1,0,1,0,142,1,9,2
2524673,0,0,1,1,0,0,142,1,9,2
2525044,1,0,0,1,1,0,142,1,9,2
2525093,1,1,1,1,1,0,142,1,9,2
2525099,1,1,1,1,1,0,142,1,9,2
2525201,1,0,1,0,0,0,142,1,9,2
2526278,1,1,1,1,1,0,142,1,9,2
2526401,1,0,1,0,0,0,142,1,9,2
2526521,0,0,0,0,1,0,142,1,9,2
2526596,1,1,0,0,0,0,142,1,9,2
2526902,1,1,0,0,0,0,142,1,9,2
2526975,0,0,0,0,1,0,142,1,9,2
2527500,0,0,1,1,0,0,142,1,9,2
2528140,0,1,1,0,1,0,142,1,9,2
2528756,1,1,1,1,1,0,142,1,9,2
2528859,0,1,0,1,0,0,142,1,9,2
2529154,0,1,0,1,0,0,142,1,9,2
2529769,0,0,1,1,0,0,142,1,9,2
2530053,1,1,0,0,0,0,142,1,9,2
2530675,0,0,0,0,1,0,142,1,9,2
2530945,0,0,1,1,0,0,142,1,9,2
2530978,0,1,1,0,1,0,142,1,9,2
2531074,1,0,1,0,0,0,142,1,9,2
2531283,1,0,1,0,0,0,142,1,9,2
2531316,1,1,1,1,1,0,142,1,9,2
2531356,1,1,0,0,0,0,142,1,9,2
2531700,0,0,0,0,1,0,142,1,9,2
2532669,1,0,1,0,0,0,142,1,9,2
2533038,0,1,0,1,0,0,142,1,9,2
2533121,0,1,0,0,0,0,142,1,9,2
2533411,0,0,0,0,1,0,142,1,9,2
2533600,0,1,1,1,1,1,142,1,9,2
2533636,0,0,0,0,1,0,142,1,9,2
2533975,0,0,0,0,1,0,142,1,9,2
2534408,1,0,1,0,0,0,142,1,9,2
2534877,0,1,1,0,1,0,142,1,9,2
2535348,0,0,0,0,1,0,142,1,9,2
2535434,0,1,1,0,1,0,142,1,9,2
2535512,1,0,1,0,0,0,142,1,9,2
2535701,0,0,1,1,0,0,142,1,9,2
2535913,1,0,0,1,1,0,142,1,9,2
2536046,1,1,0,0,0,0,142,1,9,2
2536051,0,1,0,1,0,0,142,1,9,2
2536075,0,0,0,0,1,0,142,1,9,2
2536263,0,0,0,0,1,0,142,1,9,2
2536831,1,0,0,1,1,0,142,1,9,2
2537175,1,1,1,1,1,0,142,1,9,2
2537189,0,1,1,0,1,0,142,1,9,2
2537965,1,1,0,0,0,0,142,1,9,2
2538135,1,0,0,1,1,0,142,1,9,2
2538341,0,1,0,1,0,0,142,1,9,2
2538380,1,0,0,1,1,0,142,1,9,2
2538439,1,0,1,1,0,0,142,1,9,2
2538667,0,1,1,0,1,0,142,1,9,2
2538711,1,1,0,0,0,0,142,1,9,2
2538769,1,1,1,0,1,1,142,1,9,2
2538886,0,0,1,1,0,0,142,1,9,2
2538903,0,0,1,1,0,0,142,1,9,2
2539257,1,0,1,0,0,0,142,1,9,2
2539928,0,1,0,1,0,0,142,1,9,2
2540012,1,0,0,1,1,0,142,1,9,2
2540599,0,1,1,0,1,0,142,1,9,2
2540669,0,0,1,1,0,0,142,1,9,2
2540786,0,0,0,0,1,0,142,1,9,2
2540915,1,1,0,0,0,0,142,1,9,2
2540946,1,1,1,1,1,0,142,1,9,2
2540966,0,0,1,1,0,0,142,1,9,2
2541175,0,0,0,0,1,0,142,1,9,2
2541308,1,0,1,1,0,0,142,1,9,2
2541413,0,0,0,0,1,0,142,1,9,2
2541891,0,0,0,0,1,0,142,1,9,2
2541924,1,1,1,1,1,0,142,1,9,2
2542222,0,0,0,0,1,0,142,1,9,2
2542419,0,0,0,0,1,0,142,1,9,2
2542830,0,1,0,1,0,0,142,1,9,2
2543066,1,1,0,0,0,0,142,1,9,2
2543078,1,1,1,1,1,0,142,1,9,2
2543246,1,1,1,1,1,0,142,1,9,2
2543256,0,1,0,1,0,0,142,1,9,2
2543830,1,1,0,0,0,0,142,1,9,2
2543947,1,1,1,1,1,0,142,1,9,2
2544348,1,0,1,0,0,0,142,1,9,2
2544407,1,1,1,1,1,0,142,1,9,2
2544770,1,0,1,0,0,0,142,1,9,2
2544848,1,0,0,1,1,0,142,1,9,2
2544965,1,1,1,1,1,0,142,1,9,2
2544975,1,0,1,0,0,0,142,1,9,2
2544977,0,0,0,0,1,0,142,1,9,2
2545088,1,0,1,0,0,0,142,1,9,2
2545117,1,0,0,1,1,0,142,1,9,2
2545616,0,0,0,0,1,0,142,1,9,2
2546385,0,0,1,1,0,0,142,1,9,2
2546463,1,0,1,0,0,0,142,1,9,2
2546878,0,1,1,0,1,0,142,1,9,2
2546960,0,1,0,1,0,0,142,1,9,2
2546975,0,1,1,0,1,0,142,1,9,2
2547339,1,1,1,1,1,0,142,1,9,2
2547758,1,0,1,0,0,0,142,1,9,2
2548541,0,1,0,1,0,0,142,1,9,2
2548754,0,0,0,0,1,0,142,1,9,2
2548878,0,1,1,0,1,0,142,1,9,2
2549326,1,0,0,1,1,0,142,1,9,2
2549612,1,0,1,0,0,0,142,1,9,2
2549686,0,1,0,1,0,0,142,1,9,2
2549902,1,0,1,0,0,0,142,1,9,2
2550514,0,1,1,0,1,0,142,1,9,2
2550528,1,0,1,0,0,0,142,1,9,2
2550586,0,0,0,1,1,1,142,1,9,2
2550634,1,1,1,1,1,0,142,1,9,2
2551002,0,1,1,0,1,0,142,1,9,2
2551416,0,0,1,1,0,0,142,1,9,2
2552451,1,0,0,1,1,0,142,1,9,2
2552528,1,0,1,0,0,0,142,1,9,2
2552652,0,0,1,1,0,0,142,1,9,2
2552899,0,0,1,1,0,0,142,1,9,2
2553009,1,1,0,0,0,0,142,1,9,2
2553279,1,1,0,0,0,0,142,1,9,2
2553500,1,0,0,1,1,0,142,1,9,2
2553552,0,1,0,1,0,0,142,1,9,2
2554013,1,0,0,1,1,0,142,1,9,2
2554238,1,0,0,1,1,0,142,1,9,2
2554264,1,1,1,1,1,0,142,1,9,2
2554632,0,0,0,0,1,0,142,1,9,2
2555676,1,1,1,1,1,0,142,1,9,2
2555696,0,1,0,1,0,0,142,1,9,2
2555774,1,1,0,0,0,0,142,1,9,2
2555983,0,0,1,1,0,0,111,1,9,2
2556161,0,1,0,1,0,0,111,1,9,2
2556524,1,0,0,1,1,0,111,1,9,2
2557815,0,0,1,1,0,0,111,1,9,2
2557898,1,1,0,0,0,0,111,1,9,2
2559068,1,0,0,1,1,0,111,1,9,2
2559609,0,1,1,0,1,0,111,1,9,2
2559826,1,1,1,1,1,0,111,1,9,2
2559911,1,1,0,0,0,0,111,1,9,2
2559947,1,1,0,0,0,0,111,1,9,2
2560267,0,0,1,1,0,0,111,1,9,2
2560665,0,0,0,0,1,0,111,1,9,2
2560782,0,0,1,1,0,0,111,1,9,2
2561389,0,1,0,1,0,0,111,1,9,2
2562098,1,0,1,0,0,0,111,1,9,2
2563056,0,1,1,0,1,0,111,1,9,2
2563996,0,1,1,0,1,0,111,1,9,2
2564058,1,0,1,0,0,0,111,1,9,2
2564269,1,1,0,0,0,0,111,1,9,2
2565092,1,0,0,1,1,0,111,1,9,2
2565653,0,0,1,1,0,0,111,1,9,2
2565822,1,0,0,1,1,0,111,1,9,2
2566090,0,1,0,1,0,0,111,1,9,2
2566948,1,1,1,1,1,0,111,1,9,2
2567279,1,0,1,0,0,0,111,1,9,2
2567322,1,1,0,0,0,0,111,1,9,2
2567620,0,0,1,1,0,0,111,1,9,2
2567924,1,1,0,0,0,0,111,1,9,2
2567961,0,1,0,1,0,0,111,1,9,2
2568137,1,1,0,0,0,0,111,1,9,2
2568848,1,1,1,0,1,1,111,1,9,2
2570127,1,1,1,1,1,0,111,1,9,2
2570177,0,0,1,1,0,0,111,1,9,2
2570623,0,0,0,0,1,0,111,1,9,2
2571236,0,1,0,1,0,0,111,1,9,2
2571315,1,0,1,0,0,0,111,1,9,2
2571383,0,1,1,0,1,0,111,1,9,2
2571551,1,0,0,1,1,0,111,1,9,2
2571874,0,0,1,1,0,0,111,1,9,2
2572923,0,0,1,1,0,0,111,1,9,2
2573269,1,0,1,0,0,0,111,1,9,2
2573812,1,0,1,0,0,0,111,1,9,2
2574142,1,1,0,0,0,0,111,1,9,2
2574673,1,1,1,1,1,0,111,1,9,2
2574847,0,0,1,1,0,0,111,1,9,2
2574888,0,1,1,0,1,0,111,1,9,2
2575086,0,1,1,0,1,0,111,1,9,2
2575175,1,0,1,0,0,0,111,1,9,2
2575190,1,0,1,1,0,0,111,1,9,2
2575278,0,0,0,0,1,0,111,1,9,2
2575451,0,0,1,1,0,0,111,1,9,2
2575987,0,0,1,1,0,0,111,1,9,2
2576309,1,1,1,1,1,0,111,1,9,2
2576336,0,1,0,1,0,0,111,1,9,2
2577107,1,0,0,1,1,0,111,1,9,2
2577631,0,1,0,1,0,0,111,1,9,2
2577640,1,1,1,0,1,1,111,1,9,2
2577675,1,0,0,1,1,0,111,1,9,2
2577900,0,0,0,0,1,0,111,1,9,2
2577936,1,1,0,0,0,0,111,1,9,2
2577969,0,1,1,0,1,0,111,1,9,2
2578242,1,0,0,1,1,0,111,1,9,2
2578880,1,0,0,1,1,0,111,1,9,2
2579416,1,0,0,1,1,0,111,1,9,2
2579620,1,0,0,1,1,0,111,1,9,2
2579882,0,0,1,1,0,0,111,1,9,2
2580398,1,1,0,1,0,0,111,1,9,2
2580628,0,0,1,1,0,0,111,1,9,2
2580635,1,1,0,0,0,0,111,1,9,2
2581202,1,0,1,1,0,0,111,1,9,2
2581368,0,0,1,1,0,0,111,1,9,2
2581837,1,0,0,1,1,0,111,1,9,2
2582295,0,0,0,0,1,0,111,1,9,2
2582808,1,1,1,1,1,0,111,1,9,2
2583192,1,1,0,0,0,0,111,1,9,2
2583235,0,1,1,0,1,0,111,1,9,2
2583476,1,1,1,1,1,0,111,1,9,2
2583603,1,0,0,1,1,0,111,1,9,2
2584272,0,0,0,0,1,0,111,1,9,2
2584302,0,0,1,1,0,0,111,1,9,2
2584569,0,1,1,0,1,0,111,1,9,2
2584994,1,0,1,0,0,0,111,1,9,2
2585076,0,0,1,1,0,0,111,1,9,2
2585906,0,1,0,1,0,0,111,1,9,2
2586141,1,1,1,1,1,0,111,1,9,2
2586501,0,0,1,1,0,0,111,1,9,2
2586706,0,1,0,1,0,0,111,1,9,2
2586747,0,1,0,1,0,0,111,1,9,2
2586869,1,0,1,0,0,0,111,1,9,2
2587199,0,0,1,1,0,0,111,1,9,2
2587713,1,1,1,0,1,1,111,1,9,2
2588011,1,0,0,1,1,0,111,1,9,2
2588937,1,1,1,1,1,0,111,1,9,2
2588963,0,1,1,0,1,0,111,1,9,2
2589059,0,0,1,1,0,0,111,1,9,2
2590272,0,1,0,1,0,0,111,1,9,2
2590677,0,0,0,0,1,0,111,1,9,2
2591087,1,1,1,1,1,0,111,1,9,2
2591158,0,1,1,0,1,0,111,1,9,2
2592015,1,0,1,0,0,0,111,1,9,2
2592127,1,0,0,1,1,0,111,1,9,2
2592265,1,0,1,0,0,0,111,1,9,2
2592565,0,1,1,0,1,0,111,1,9,2
2592686,0,0,1,1,0,0,111,1,9,2
2593089,1,0,1,0,0,0,111,1,9,2
2593422,1,1,0,0,0,0,111,1,9,2
2593472,0,1,0,1,0,0,111,1,9,2
2593510,0,1,0,1,0,0,111,1,9,2
2593814,0,1,1,0,1,0,111,1,9,2
2594038,1,1,0,0,0,0,111,1,9,2
2594070,0,1,0,1,0,0,111,1,9,2
2594188,1,0,0,1,1,0,111,1,9,2
2594431,1,0,1,0,0,0,111,1,9,2
2594464,1,0,1,0,0,0,111,1,9,2
2594721,0,0,1,1,0,0,111,1,9,2
2594806,0,1,1,0,1,0,111,1,9,2
2595137,0,1,0,1,0,0,111,1,9,2
2596786,1,1,0,0,0,0,111,1,9,2
2596962,0,1,1,0,1,0,111,1,9,2
2597205,0,1,0,1,0,0,111,1,9,2
2597223,1,0,0,1,1,0,111,1,9,2
2597287,1,0,1,0,0,0,111,1,9,2
2597714,0,0,0,1,1,1,111,1,9,2
2597751,1,0,0,1,1,0,111,1,9,2
2597907,1,1,0,0,0,0,111,1,9,2
2598180,0,0,0,0,1,0,111,1,9,2
2598500,0,0,1,1,0,0,111,1,9,2
2599234,0,0,0,0,1,0,111,1,9,2
2600011,1,1,1,1,1,0,111,1,9,2
2600816,1,0,0,1,1,0,111,1,9,2
2601010,1,1,1,1,1,0,111,1,9,2
2601263,0,0,1,1,0,0,111,1,9,2
2601738,0,0,0,0,1,0,111,1,9,2
2602366,0,0,0,0,1,0,111,1,9,2
2603280,1,0,0,1,1,0,111,1,9,2
2603370,1,1,0,0,0,0,111,1,9,2
2603474,1,1,0,0,0,0,111,1,9,2
2603670,1,1,0,0,0,0,111,1,9,2
2604480,0,0,1,1,0,0,111,1,9,2
2604688,1,0,1,0,0,0,111,1,9,2
2605253,0,0,1,1,0,0,111,1,9,2
2605970,1,1,1,1,1,0,111,1,9,2
2606087,1,1,1,1,1,0,111,1,9,2
2606735,1,0,0,1,1,0,111,1,9,2
2606884,1,0,0,1,1,0,111,1,9,2
2607492,0,0,1,1,0,0,111,1,9,2
2607534,0,1,0,1,0,0,111,1,9,2
2607612,0,0,0,0,1,0,111,1,9,2
2607795,0,0,0,0,1,0,111,1,9,2
2608265,1,1,0,0,0,0,111,1,9,2
2609115,1,1,0,0,0,0,111,1,9,2
2609221,1,1,0,0,0,0,111,1,9,2
2609472,1,1,1,1,1,0,111,1,9,2
2609541,1,0,1,0,0,0,111,1,9,2
2609563,0,1,1,0,1,0,111,1,9,2
2610059,0,0,1,1,0,0,111,1,9,2
2610138,1,1,1,1,1,0,111,1,9,2
2610226,0,1,0,1,0,0,111,1,9,2
2610429,0,1,0,1,0,0,111,1,9,2
2610620,0,0,1,1,0,0,111,1,9,2
2610926,1,0,0,1,1,0,111,1,9,2
2611221,0,1,0,1,0,0,111,1,9,2
2611321,0,1,0,1,0,0,111,1,9,2
2611566,1,1,0,0,0,0,111,1,9,2
2611759,0,0,1,1,0,0,111,1,9,2
2611781,0,0,1,1,0,0,111,1,9,2
2612075,1,1,1,1,1,0,111,1,9,2
2612106,0,1,0,1,0,0,111,1,9,2
2612332,1,0,0,1,1,0,111,1,9,2
2612597,1,1,1,1,1,0,111,1,9,2
2612889,1,1,1,1,1,0,111,1,9,2
2613228,0,0,1,1,0,0,111,1,9,2
2613248,0,1,0,1,0,0,111,1,9,2
2613520,1,1,0,0,0,0,111,1,9,2
2613615,1,0,1,0,0,0,111,1,9,2
2613863,0,1,1,0,1,0,111,1,9,2
2613966,0,1,0,1,0,0,111,1,9,2
2614185,0,0,1,1,0,0,111,1,9,2
2614304,1,0,1,0,0,0,111,1,9,2
2614437,0,1,0,1,0,0,111,1,9,2
2614692,1,0,1,0,0,0,111,1,9,2
2614781,1,0,1,0,0,0,111,1,9,2
2615202,1,1,1,1,1,0,111,1,9,2
2615761,0,1,1,1,1,1,111,1,9,2
2616570,0,1,0,1,0,0,111,1,9,2
2616909,0,0,1,1,0,0,111,1,9,2
2616953,0,1,1,0,1,0,111,1,9,2
2617035,1,1,0,0,0,0,111,1,9,2
2617160,1,1,1,1,1,0,111,1,9,2
2617231,1,0,0,1,1,0,111,1,9,2
2617698,0,0,1,0,0,0,111,1,9,2
2618028,0,0,0,1,1,1,111,1,9,2
2618929,1,1,0,0,0,0,111,1,9,2
2619265,0,0,0,0,1,0,111,1,9,2
2619374,1,0,1,0,0,0,111,1,9,2
2619793,0,0,1,1,0,0,111,1,9,2
2619802,1,0,0,1,1,0,111,1,9,2
2620351,1,0,1,0,0,0,111,1,9,2
2621071,1,1,0,0,0,0,111,1,9,2
2621173,0,1,1,0,1,0,111,1,9,2
2621449,1,1,0,0,0,0,121,1,9,2
2621712,1,0,0,1,1,0,121,1,9,2
2622099,0,1,0,1,0,0,121,1,9,2
2622677,0,0,0,0,1,0,121,1,9,2
2622964,0,0,0,0,1,0,121,1,9,2
2623303,1,0,0,1,1,0,121,1,9,2
2623816,1,0,0,1,1,0,121,1,9,2
2624032,1,1,1,1,1,0,121,1,9,2
2624277,0,1,0,1,0,0,121,1,9,2
2625082,1,1,1,1,1,0,121,1,9,2
2625253,0,1,1,0,1,0,121,1,9,2
2625502,1,1,0,0,0,0,121,1,9,2
2625687,0,0,0,0,1,0,121,1,9,2
2625799,0,0,0,0,1,0,121,1,9,2
2626081,0,0,0,0,1,0,121,1,9,2
2626158,0,1,0,1,0,0,121,1,9,2
2626987,0,1,1,0,1,0,121,1,9,2
2627290,0,0,0,0,1,0,121,1,9,2
