attempt,a_data,a_basis,b_basis,bob,bmatch,err,irrad
53,0,1,1,0,1,0,110
271,1,1,0,0,0,0,110
1223,0,1,1,0,1,0,110
1563,1,1,0,0,0,0,110
1962,1,1,0,0,0,0,110
2015,0,0,0,0,1,0,110
2158,1,0,0,1,1,0,110
2800,0,1,1,0,1,0,110
2909,1,1,1,1,1,0,110
2922,1,1,0,0,0,0,110
3098,1,0,1,0,0,0,110
3334,1,1,0,0,0,0,110
3364,1,0,0,1,1,0,110
3431,1,0,1,0,0,0,110
3464,1,0,0,1,1,0,110
3483,0,0,0,0,1,0,110
4090,1,1,1,1,1,0,110
4380,0,1,0,1,0,0,110
4467,0,1,1,0,1,0,110
4524,0,0,1,1,0,0,110
4732,0,1,0,1,0,0,110
4885,1,1,0,0,0,0,110
5064,1,0,1,0,0,0,110
5069,0,1,0,1,0,0,110
6416,0,1,0,1,0,0,110
6481,1,0,0,1,1,0,110
6910,1,0,0,1,1,0,110
6970,1,1,1,1,1,0,110
7629,1,0,1,0,0,0,110
8008,1,1,1,1,1,0,110
8179,1,1,1,1,1,0,110
8306,1,1,1,1,1,0,110
8339,0,1,0,1,0,0,110
8855,0,1,0,1,0,0,110
8908,0,1,1,0,1,0,110
9407,1,1,1,1,1,0,110
9925,0,0,0,0,1,0,110
9943,1,1,0,0,0,0,110
10277,0,1,0,1,0,0,110
10347,1,0,0,1,1,0,110
10395,0,0,1,1,0,0,110
10690,1,1,0,0,0,0,110
11200,1,1,1,1,1,0,110
11606,0,1,0,1,0,0,110
12077,0,1,0,1,0,0,110
12175,1,0,0,1,1,0,110
12208,1,0,0,1,1,0,110
12268,1,1,0,0,0,0,110
12391,0,0,1,1,0,0,110
12792,0,1,1,0,1,0,110
12808,1,1,0,0,0,0,110
12810,1,1,0,0,0,0,110
13101,1,0,1,0,0,0,110
13182,1,0,1,0,0,0,110
13485,1,0,0,1,1,0,110
13789,1,0,1,1,0,0,110
13958,0,1,1,0,1,0,110
15119,1,0,0,1,1,0,110
15257,1,0,0,1,1,0,110
15402,1,0,1,0,0,0,110
15480,1,0,0,1,1,0,110
15574,1,0,1,0,0,0,110
16023,0,1,1,0,1,0,110
16155,0,0,0,1,1,1,110
17530,1,1,1,1,1,0,110
17642,1,1,1,1,1,0,110
18042,0,1,0,1,0,0,110
18110,0,1,0,1,0,0,110
18207,0,0,1,1,0,0,110
18799,1,0,1,0,0,0,110
18809,1,0,1,1,0,0,110
19468,1,0,1,0,0,0,110
19729,0,1,0,1,0,0,110
19859,1,0,1,0,0,0,110
20296,0,0,0,0,1,0,110
20579,0,1,0,1,0,0,110
21333,1,0,1,0,0,0,110
21399,1,0,1,0,0,0,110
21704,1,1,1,1,1,0,110
21776,0,1,1,0,1,0,110
22061,0,1,0,1,0,0,110
22394,1,1,0,0,0,0,110
22533,1,0,1,0,0,0,110
22834,0,1,0,1,0,0,110
23338,0,1,1,0,1,0,110
23676,1,1,0,0,0,0,110
23762,1,0,1,0,0,0,110
24658,0,1,0,1,0,0,110
24743,0,1,0,1,0,0,110
24785,0,1,1,0,1,0,110
25239,1,0,0,1,1,0,110
25246,1,0,1,0,0,0,110
25250,0,0,1,1,0,0,110
25670,0,0,1,1,0,0,110
25999,1,0,0,1,1,0,110
26855,1,1,0,0,0,0,110
26966,1,0,1,0,0,0,110
27490,0,0,1,1,0,0,110
27500,0,1,1,0,1,0,110
28088,1,0,1,0,0,0,110
28405,0,1,0,1,0,0,110
28470,1,1,1,1,1,0,110
28576,1,1,1,1,1,0,110
29001,1,1,0,0,0,0,110
30416,1,1,0,1,0,0,110
30516,1,0,0,1,1,0,110
30758,0,0,0,0,1,0,110
30780,1,1,0,0,0,0,110
30904,0,0,0,0,1,0,110
31146,1,0,1,0,0,0,110
31830,1,1,1,1,1,0,110
32363,1,0,0,1,1,0,110
32413,1,0,1,0,0,0,110
32433,0,0,1,1,0,0,110
32664,1,1,1,1,1,0,110
32704,1,0,1,0,0,0,110
33546,1,0,0,1,1,0,110
34055,0,0,1,1,0,0,110
34070,1,0,0,1,1,0,110
34545,1,0,0,1,1,0,110
34699,0,1,1,0,1,0,110
34729,0,1,0,1,0,0,110
35336,0,1,0,1,0,0,110
36951,0,1,0,1,0,0,110
37105,0,1,0,1,0,0,110
37704,1,1,1,1,1,0,110
37729,0,1,1,0,1,0,110
38282,0,0,1,1,0,0,110
38322,1,0,0,1,1,0,110
38568,0,0,1,1,0,0,110
38632,1,1,1,1,1,0,110
38691,0,1,0,1,0,0,110
39209,0,0,1,1,0,0,110
39219,0,1,1,0,1,0,110
39884,0,0,0,0,1,0,110
39896,1,1,1,1,1,0,110
40226,0,0,0,0,1,0,110
40282,0,1,1,0,1,0,110
40652,1,1,1,1,1,0,110
40658,1,0,0,1,1,0,110
41638,0,0,0,0,1,0,110
42177,0,1,0,1,0,0,110
42287,1,0,1,0,0,0,110
42300,1,0,1,0,0,0,110
43057,0,0,1,1,0,0,110
43193,0,1,1,0,1,0,110
43355,0,1,1,0,1,0,110
43359,0,0,1,0,0,0,110
43390,0,1,1,0,1,0,110
43506,1,1,1,1,1,0,110
43840,1,0,1,0,0,0,110
44075,0,0,1,1,0,0,110
44166,1,0,1,0,0,0,110
44323,1,1,1,1,1,0,110
44409,1,0,1,0,0,0,110
44459,0,1,0,1,0,0,110
44717,1,0,0,0,1,1,110
45050,1,1,0,0,0,0,110
45739,0,0,0,0,1,0,110
46105,1,1,0,0,0,0,110
46707,1,0,1,0,0,0,110
47127,0,0,1,1,0,0,110
47433,1,1,0,0,0,0,110
47497,0,0,0,0,1,0,110
47875,1,0,0,1,1,0,110
47964,1,1,0,0,0,0,110
48059,1,0,1,0,0,0,110
48389,0,0,1,1,0,0,110
48453,0,1,1,0,1,0,110
49299,1,1,1,1,1,0,110
49410,1,0,0,1,1,0,110
49650,1,0,0,1,1,0,110
49735,0,1,1,0,1,0,110
50900,1,0,0,1,1,0,110
51024,0,0,1,1,0,0,110
51284,0,1,0,1,0,0,110
51604,1,0,1,1,0,0,110
51653,0,0,1,1,0,0,110
51703,0,1,1,0,1,0,110
52552,0,1,1,0,1,0,110
52634,1,1,0,0,0,0,110
52707,0,0,0,0,1,0,110
53005,1,1,0,0,0,0,110
53842,1,0,0,1,1,0,110
53917,0,0,1,1,0,0,110
54510,0,1,0,1,0,0,110
54584,0,0,1,1,0,0,110
54774,0,1,1,0,1,0,110
54899,0,1,1,0,1,0,110
54941,1,1,0,0,0,0,110
55033,1,1,1,1,1,0,110
55215,0,1,1,0,1,0,110
55222,1,0,0,1,1,0,110
55252,0,1,1,0,1,0,110
55284,0,1,0,1,0,0,110
55374,0,1,1,0,1,0,110
56429,1,1,1,1,1,0,110
56578,0,1,1,0,1,0,110
56837,1,0,1,1,0,0,110
57040,0,0,0,0,1,0,110
57407,1,0,0,1,1,0,110
58117,1,0,1,0,0,0,110
58143,1,1,0,0,0,0,110
58153,1,0,0,1,1,0,110
58735,0,1,0,0,0,0,110
59101,1,1,0,1,0,0,110
59749,0,0,0,1,1,1,110
59803,1,0,1,0,0,0,110
60018,1,0,1,0,0,0,110
60055,1,0,1,0,0,0,110
60258,1,1,0,0,0,0,110
60276,1,0,1,0,0,0,110
60514,0,1,0,1,0,0,110
61098,0,1,0,1,0,0,110
62776,1,1,0,0,0,0,110
63246,0,0,1,1,0,0,110
63498,1,0,1,0,0,0,110
63647,1,1,0,0,0,0,110
64388,1,1,0,0,0,0,110
64648,0,0,0,0,1,0,110
64830,0,0,1,1,0,0,110
65102,0,1,1,0,1,0,110
65674,0,0,0,0,1,0,120
66248,1,1,1,1,1,0,120
66366,0,0,0,0,1,0,120
66386,0,1,0,1,0,0,120
66807,1,0,0,0,1,1,120
67142,1,1,1,1,1,0,120
67398,0,1,1,0,1,0,120
67582,0,1,0,1,0,0,120
67626,1,1,1,1,1,0,120
68013,1,1,1,1,1,0,120
68157,0,0,0,0,1,0,120
68215,1,1,1,1,1,0,120
68381,1,0,1,0,0,0,120
68467,0,0,0,0,1,0,120
68989,0,0,1,1,0,0,120
69299,1,1,1,1,1,0,120
69354,1,1,1,1,1,0,120
69514,0,0,0,0,1,0,120
69602,0,0,0,0,1,0,120
69693,0,0,0,0,1,0,120
70182,0,1,1,0,1,0,120
70582,0,0,1,1,0,0,120
70638,1,0,0,1,1,0,120
71491,1,0,0,1,1,0,120
71513,1,0,0,1,1,0,120
72105,1,1,1,1,1,0,120
72339,0,1,1,0,1,0,120
73445,1,1,1,1,1,0,120
73713,1,1,1,1,1,0,120
74012,0,0,0,1,1,1,120
74063,0,0,1,1,0,0,120
74075,1,1,0,0,0,0,120
74084,1,1,1,1,1,0,120
74346,0,0,1,1,0,0,120
74957,1,0,1,0,0,0,120
75237,0,0,0,0,1,0,120
75310,1,0,1,0,0,0,120
75443,0,0,0,0,1,0,120
75467,0,1,0,1,0,0,120
76117,1,0,0,1,1,0,120
76193,0,1,1,0,1,0,120
76194,1,1,0,0,0,0,120
76350,0,0,0,0,1,0,120
77192,0,1,0,1,0,0,120
77290,0,0,1,1,0,0,120
77326,0,1,1,0,1,0,120
77355,0,1,1,0,1,0,120
77502,1,1,1,1,1,0,120
77687,1,0,1,0,0,0,120
77885,1,0,0,1,1,0,120
78432,0,0,0,0,1,0,120
79644,0,1,0,1,0,0,120
79678,1,0,0,1,1,0,120
79849,0,0,0,0,1,0,120
79988,1,1,0,0,0,0,120
80279,1,1,1,1,1,0,120
80503,0,1,1,0,1,0,120
80717,1,0,0,1,1,0,120
81083,1,0,1,0,0,0,120
81980,0,0,1,1,0,0,120
82019,1,1,0,0,0,0,120
82628,1,0,1,0,0,0,120
83359,0,1,1,0,1,0,120
83499,0,1,0,1,0,0,120
83538,0,0,1,1,0,0,120
83742,1,0,0,1,1,0,120
84126,0,0,1,1,0,0,120
84473,0,1,1,0,1,0,120
84474,1,1,1,1,1,0,120
84725,1,0,1,0,0,0,120
84755,0,1,0,1,0,0,120
84842,1,0,0,1,1,0,120
84926,1,0,0,1,1,0,120
85471,0,1,0,1,0,0,120
85974,0,1,1,0,1,0,120
86709,1,0,0,1,1,0,120
86840,0,1,0,1,0,0,120
87448,1,0,1,0,0,0,120
87961,1,1,1,1,1,0,120
88277,1,0,0,1,1,0,120
88499,1,1,0,0,0,0,120
88501,1,0,1,0,0,0,120
89186,0,1,1,0,1,0,120
89196,0,1,0,1,0,0,120
89849,0,0,1,1,0,0,120
90177,0,1,0,1,0,0,120
90569,0,0,0,0,1,0,120
90826,1,0,0,1,1,0,120
90884,1,0,1,0,0,0,120
90931,1,0,0,1,1,0,120
91030,1,1,0,0,0,0,120
91056,1,1,1,1,1,0,120
91326,1,1,0,0,0,0,120
91475,1,1,0,0,0,0,120
91584,1,1,0,0,0,0,120
91894,1,1,1,0,1,1,120
92009,0,1,1,0,1,0,120
92536,1,0,0,1,1,0,120
92541,0,1,0,1,0,0,120
93069,0,1,1,0,1,0,120
93120,1,1,1,1,1,0,120
93568,0,0,1,1,0,0,120
93767,1,1,0,0,0,0,120
93838,1,0,1,0,0,0,120
94235,0,0,0,0,1,0,120
94437,1,1,0,0,0,0,120
94598,0,0,0,0,1,0,120
94742,1,1,1,1,1,0,120
95002,1,1,1,1,1,0,120
95327,1,0,1,0,0,0,120
97440,0,0,1,1,0,0,120
97703,1,1,0,0,0,0,120
98261,0,0,0,0,1,0,120
98642,1,1,0,0,0,0,120
98823,0,1,0,1,0,0,120
99026,1,1,0,0,0,0,120
99108,0,1,0,1,0,0,120
99307,0,1,0,1,0,0,120
99750,1,0,1,0,0,0,120
99813,0,1,1,0,1,0,120
99853,0,0,0,0,1,0,120
100350,1,1,1,0,1,1,120
100775,1,0,1,0,0,0,120
100790,0,1,1,0,1,0,120
101023,0,0,0,0,1,0,120
101119,0,0,1,1,0,0,120
101402,0,1,1,0,1,0,120
101638,1,0,1,0,0,0,120
101788,0,1,0,1,0,0,120
101796,1,0,1,0,0,0,120
101895,0,0,1,1,0,0,120
103112,1,1,0,0,0,0,120
103185,0,1,0,1,0,0,120
103314,0,1,0,1,0,0,120
104558,0,0,0,0,1,0,120
104574,0,1,1,0,1,0,120
104673,1,0,0,1,1,0,120
104863,1,1,1,1,1,0,120
104912,1,0,1,0,0,0,120
104965,0,0,0,0,1,0,120
106376,1,0,0,1,1,0,120
106405,1,0,1,0,0,0,120
106530,0,0,0,0,1,0,120
106556,1,0,0,0,1,1,120
106729,1,0,1,1,0,0,120
106737,1,0,0,1,1,0,120
107151,0,1,1,0,1,0,120
107253,0,0,1,1,0,0,120
107372,0,0,0,0,1,0,120
107646,1,1,0,0,0,0,120
107990,0,1,0,1,0,0,120
108035,1,0,0,1,1,0,120
108186,1,1,1,1,1,0,120
108261,1,1,0,0,0,0,120
109436,1,1,0,0,0,0,120
109890,0,1,0,1,0,0,120
110103,1,1,1,1,1,0,120
110617,1,0,0,1,1,0,120
110875,0,1,1,0,1,0,120
110905,1,0,0,1,1,0,120
111226,0,1,0,1,0,0,120
111840,0,1,1,0,1,0,120
112343,1,0,0,1,1,0,120
112409,1,0,0,1,1,0,120
112483,0,1,1,0,1,0,120
112602,1,1,1,1,1,0,120
112615,0,1,1,1,1,1,120
112676,0,1,1,0,1,0,120
112797,0,1,0,1,0,0,120
113049,1,0,1,0,0,0,120
113966,1,0,0,0,1,1,120
114308,0,1,1,0,1,0,120
114546,1,0,0,1,1,0,120
114601,1,0,0,1,1,0,120
115020,0,0,1,1,0,0,120
115119,0,1,0,1,0,0,120
115337,0,0,1,1,0,0,120
115359,0,0,1,1,0,0,120
115366,0,1,1,0,1,0,120
115550,1,0,1,0,0,0,120
115860,1,1,0,0,0,0,120
115947,1,0,1,0,0,0,120
116079,1,1,1,1,1,0,120
116504,1,0,0,1,1,0,120
116695,0,0,0,0,1,0,120
116755,0,0,1,1,0,0,120
117490,0,0,0,0,1,0,120
117633,1,0,1,0,0,0,120
118078,0,0,1,1,0,0,120
118140,0,1,0,1,0,0,120
118539,0,0,1,1,0,0,120
119053,1,1,1,1,1,0,120
119307,1,1,0,0,0,0,120
119481,1,0,0,1,1,0,120
119506,1,1,1,1,1,0,120
119596,0,1,1,0,1,0,120
119661,0,0,1,1,0,0,120
119817,0,1,0,1,0,0,120
119870,1,0,1,0,0,0,120
119939,1,1,1,1,1,0,120
120350,1,0,1,0,0,0,120
120466,0,1,1,0,1,0,120
121976,1,0,1,0,0,0,120
122173,1,0,0,1,1,0,120
122211,1,0,0,1,1,0,120
122775,1,0,0,1,1,0,120
123115,0,1,0,1,0,0,120
123270,0,0,0,0,1,0,120
124177,1,0,1,0,0,0,120
124220,1,0,0,1,1,0,120
124560,1,1,1,1,1,0,120
124709,1,0,1,0,0,0,120
124996,1,0,1,0,0,0,120
125437,0,1,1,0,1,0,120
125650,1,1,1,1,1,0,120
126642,0,0,0,0,1,0,120
126927,0,0,0,0,1,0,120
127018,0,1,0,1,0,0,120
127144,0,1,0,1,0,0,120
127248,1,1,1,1,1,0,120
127303,0,1,1,0,1,0,120
127567,0,0,0,0,1,0,120
127775,1,0,1,0,0,0,120
128170,1,0,0,1,1,0,120
128342,1,1,1,1,1,0,120
128397,0,0,1,1,0,0,120
128608,1,1,1,0,1,1,120
128744,1,1,0,1,0,0,120
129036,0,0,1,1,0,0,120
129865,0,1,0,1,0,0,120
129923,0,0,0,0,1,0,120
130215,1,1,1,1,1,0,120
130252,0,1,1,0,1,0,120
130704,0,1,1,0,1,0,120
130733,1,0,1,0,0,0,120
131322,1,1,1,1,1,0,102
131495,0,1,1,0,1,0,102
131820,1,1,1,1,1,0,102
131872,0,1,1,0,1,0,102
132136,1,1,1,1,1,0,102
132556,0,1,0,1,0,0,102
132793,1,1,0,0,0,0,102
132959,0,0,0,0,1,0,102
132966,0,0,0,0,1,0,102
133014,0,1,0,1,0,0,102
133354,0,1,0,1,0,0,102
133472,1,0,0,1,1,0,102
133527,1,1,0,0,0,0,102
133611,0,0,1,1,0,0,102
134076,0,0,0,0,1,0,102
134374,0,0,0,0,1,0,102
134842,0,0,1,1,0,0,102
135708,1,0,1,0,0,0,102
136632,1,0,1,0,0,0,102
137613,1,1,0,0,0,0,102
137982,0,0,0,0,1,0,102
138872,0,0,0,0,1,0,102
139350,0,1,1,0,1,0,102
139670,0,0,1,1,0,0,102
139728,1,1,0,0,0,0,102
140020,1,0,0,1,1,0,102
140097,0,1,1,0,1,0,102
140478,0,0,1,1,0,0,102
141558,0,1,1,0,1,0,102
141720,0,0,0,0,1,0,102
142116,1,1,1,1,1,0,102
142246,0,0,0,0,1,0,102
142677,1,0,0,1,1,0,102
143051,1,0,0,1,1,0,102
143065,1,1,1,1,1,0,102
143098,1,0,1,0,0,0,102
143145,1,0,0,1,1,0,102
143919,1,0,0,1,1,0,102
144114,0,0,1,1,0,0,102
144527,1,0,0,1,1,0,102
144767,1,0,0,1,1,0,102
144777,1,1,0,0,0,0,102
145400,1,0,0,1,1,0,102
145485,1,1,0,0,0,0,102
145732,1,1,0,1,0,0,102
146529,0,0,1,1,0,0,102
146532,1,0,1,0,0,0,102
147123,0,0,0,0,1,0,102
147154,0,1,1,0,1,0,102
147640,0,0,1,1,0,0,102
147663,0,1,1,0,1,0,102
149225,0,0,0,0,1,0,102
149506,0,1,0,0,0,0,102
149599,1,0,0,1,1,0,102
149932,1,0,0,1,1,0,102
150326,1,0,0,1,1,0,102
150719,0,0,0,0,1,0,102
150738,1,0,1,0,0,0,102
151282,1,0,0,1,1,0,102
152653,0,1,0,1,0,0,102
152900,1,1,0,0,0,0,102
152919,0,1,0,0,0,0,102
153162,1,1,0,0,0,0,102
153186,0,0,0,0,1,0,102
153740,0,0,0,0,1,0,102
154497,1,0,1,0,0,0,102
154508,1,0,0,1,1,0,102
155687,1,1,1,1,1,0,102
155888,0,1,1,0,1,0,102
155921,0,0,0,0,1,0,102
156129,1,0,1,0,0,0,102
156409,1,1,1,1,1,0,102
157073,0,1,1,0,1,0,102
157166,0,0,0,0,1,0,102
157184,1,0,0,1,1,0,102
157193,0,0,1,1,0,0,102
157330,0,1,1,0,1,0,102
158030,0,1,0,1,0,0,102
158118,0,0,1,1,0,0,102
158456,0,1,1,0,1,0,102
158457,0,0,1,1,0,0,102
158561,1,0,0,1,1,0,102
159766,0,0,1,1,0,0,102
159805,1,0,1,0,0,0,102
160312,0,1,0,1,0,0,102
160638,0,0,0,0,1,0,102
160703,0,1,0,1,0,0,102
161136,0,1,1,0,1,0,102
161555,1,1,0,1,0,0,102
162175,0,0,0,0,1,0,102
162251,0,0,1,1,0,0,102
162412,1,1,0,0,0,0,102
162748,1,1,1,1,1,0,102
162866,1,0,1,0,0,0,102
162968,0,1,1,0,1,0,102
162990,1,1,0,0,0,0,102
163564,0,0,0,0,1,0,102
163846,1,1,0,0,0,0,102
163880,1,0,0,1,1,0,102
163983,1,1,1,1,1,0,102
164261,0,0,1,1,0,0,102
164270,1,1,0,0,0,0,102
164298,0,0,1,0,0,0,102
164481,1,0,0,1,1,0,102
164523,0,0,0,0,1,0,102
164580,0,1,1,0,1,0,102
164660,0,0,1,1,0,0,102
164793,1,0,0,1,1,0,102
164954,1,0,0,1,1,0,102
165122,0,0,0,0,1,0,102
165141,1,0,1,0,0,0,102
165490,0,1,0,1,0,0,102
166025,0,1,0,1,0,0,102
166038,0,0,1,1,0,0,102
166962,0,0,0,0,1,0,102
167388,0,0,0,0,1,0,102
167896,0,0,0,0,1,0,102
168175,0,0,1,1,0,0,102
168366,1,1,1,1,1,0,102
169010,1,1,0,0,0,0,102
169346,1,0,1,1,0,0,102
169455,0,1,1,0,1,0,102
169456,1,1,0,0,0,0,102
169758,0,0,0,0,1,0,102
170403,1,0,0,1,1,0,102
170661,1,1,1,1,1,0,102
170769,0,1,0,1,0,0,102
170826,1,1,0,0,0,0,102
170863,0,1,1,0,1,0,102
170906,0,0,0,0,1,0,102
170942,0,1,0,1,0,0,102
171034,1,0,0,1,1,0,102
171076,1,0,1,0,0,0,102
171299,0,1,0,1,0,0,102
171750,1,0,0,1,1,0,102
171833,0,1,0,1,0,0,102
172388,1,0,1,0,0,0,102
172496,0,1,0,1,0,0,102
172593,1,0,0,1,1,0,102
172681,1,0,0,1,1,0,102
172930,0,0,0,0,1,0,102
173123,0,0,0,0,1,0,102
173285,1,1,1,1,1,0,102
174594,0,0,0,0,1,0,102
174619,0,1,1,0,1,0,102
174653,0,0,0,0,1,0,102
174782,1,0,0,1,1,0,102
175058,0,0,1,1,0,0,102
175659,0,0,1,1,0,0,102
175964,1,0,0,1,1,0,102
176615,1,1,1,1,1,0,102
177580,1,1,0,0,0,0,102
177789,1,1,1,1,1,0,102
177926,1,0,0,1,1,0,102
178566,0,0,0,0,1,0,102
178755,1,0,1,0,0,0,102
178815,1,1,0,0,0,0,102
179088,0,1,1,0,1,0,102
179328,0,0,0,0,1,0,102
180243,0,0,1,1,0,0,102
180783,1,1,0,0,0,0,102
180989,1,1,1,1,1,0,102
181072,1,0,1,0,0,0,102
181371,0,0,1,1,0,0,102
181687,1,1,1,1,1,0,102
181959,0,0,1,1,0,0,102
182323,0,1,0,1,0,0,102
182657,1,0,1,0,0,0,102
182726,0,1,1,0,1,0,102
183009,0,0,1,1,0,0,102
183113,0,0,1,1,0,0,102
183144,0,1,1,0,1,0,102
183223,0,0,0,0,1,0,102
183267,1,0,0,0,1,1,102
183468,1,1,1,1,1,0,102
183855,1,1,0,0,0,0,102
183965,0,0,0,0,1,0,102
184320,1,0,1,0,0,0,102
184339,0,1,0,1,0,0,102
184393,0,0,1,1,0,0,102
184447,1,0,1,0,0,0,102
184460,0,1,0,1,0,0,102
184617,0,0,1,1,0,0,102
186021,0,1,1,0,1,0,102
186171,1,1,0,0,0,0,102
186452,0,0,0,0,1,0,102
186756,0,1,1,0,1,0,102
186871,1,1,0,0,0,0,102
186884,0,1,1,0,1,0,102
187090,1,0,1,0,0,0,102
187271,1,0,0,1,1,0,102
187356,0,1,1,0,1,0,102
187496,0,1,0,1,0,0,102
188375,0,0,1,1,0,0,102
189029,1,1,1,1,1,0,102
189205,0,1,0,1,0,0,102
189231,0,0,0,0,1,0,102
189926,1,1,0,0,0,0,102
190278,0,0,1,1,0,0,102
190407,1,1,0,0,0,0,102
190639,1,0,0,1,1,0,102
191024,0,1,1,0,1,0,102
191328,0,0,1,1,0,0,102
191423,1,1,1,1,1,0,102
191725,1,0,1,0,0,0,102
192077,0,1,1,0,1,0,102
192274,1,0,1,0,0,0,102
193569,0,1,1,0,1,0,102
194003,1,0,1,0,0,0,102
194363,0,0,0,0,1,0,102
194768,0,1,0,1,0,0,102
194839,0,1,0,1,0,0,102
195219,1,0,0,1,1,0,102
195374,1,1,0,0,0,0,102
195808,1,1,1,1,1,0,102
195990,1,0,1,0,0,0,102
196020,0,1,1,0,1,0,102
196493,1,1,1,1,1,0,102
196842,0,1,0,1,0,0,137
197104,0,1,0,1,0,0,137
197193,1,1,0,0,0,0,137
197292,0,1,1,0,1,0,137
197298,0,1,0,1,0,0,137
197644,1,1,1,1,1,0,137
197750,0,0,1,1,0,0,137
197818,0,1,1,0,1,0,137
198060,1,1,0,0,0,0,137
198121,0,0,0,1,1,1,137
198312,0,0,1,1,0,0,137
198882,0,1,1,0,1,0,137
199062,1,1,0,0,0,0,137
199401,0,0,0,0,1,0,137
199598,1,0,0,1,1,0,137
199674,0,1,1,0,1,0,137
199952,1,1,0,0,0,0,137
200064,1,1,1,1,1,0,137
201565,1,1,1,1,1,0,137
201696,1,0,1,0,0,0,137
201884,1,1,0,0,0,0,137
201944,0,1,1,0,1,0,137
202154,0,1,1,0,1,0,137
202283,0,1,0,1,0,0,137
202325,0,0,1,1,0,0,137
202363,0,1,0,1,0,0,137
202734,0,0,1,0,0,0,137
202805,0,0,1,1,0,0,137
203626,0,0,1,1,0,0,137
203738,1,1,1,1,1,0,137
203816,0,0,1,1,0,0,137
203852,0,1,0,1,0,0,137
203990,0,1,1,0,1,0,137
204204,0,0,0,0,1,0,137
204618,1,1,0,0,0,0,137
204761,0,1,1,0,1,0,137
204941,0,1,0,1,0,0,137
205083,0,1,1,0,1,0,137
205213,1,1,0,0,0,0,137
205314,1,0,1,0,0,0,137
205430,1,1,0,0,0,0,137
205618,0,0,1,1,0,0,137
205739,0,1,0,1,0,0,137
206149,1,0,1,0,0,0,137
206326,0,1,1,0,1,0,137
206453,0,0,1,1,0,0,137
206486,0,0,0,0,1,0,137
207058,1,0,0,0,1,1,137
207571,1,0,1,0,0,0,137
207646,1,0,1,0,0,0,137
208032,1,0,1,0,0,0,137
208177,1,0,0,1,1,0,137
208675,0,0,0,0,1,0,137
209147,0,1,1,1,1,1,137
209263,0,0,0,0,1,0,137
209445,0,0,1,1,0,0,137
209887,0,0,1,1,0,0,137
210259,0,0,1,1,0,0,137
210339,1,0,1,0,0,0,137
210368,1,1,1,1,1,0,137
210423,1,1,0,0,0,0,137
210652,0,1,1,0,1,0,137
210750,0,1,0,1,0,0,137
211469,1,0,1,0,0,0,137
211698,0,0,0,0,1,0,137
211827,0,1,0,1,0,0,137
211969,0,1,0,1,0,0,137
212031,0,1,1,0,1,0,137
212167,0,0,0,0,1,0,137
212263,1,1,1,1,1,0,137
212418,0,0,1,1,0,0,137
212505,1,1,0,1,0,0,137
212594,0,1,1,0,1,0,137
212747,0,1,1,0,1,0,137
212749,0,1,1,0,1,0,137
213090,1,0,0,0,1,1,137
213148,1,0,0,1,1,0,137
213241,1,1,0,0,0,0,137
213378,0,0,0,0,1,0,137
213588,1,1,0,0,0,0,137
214082,0,1,1,1,1,1,137
214164,0,0,1,1,0,0,137
214269,0,0,0,0,1,0,137
214309,1,0,0,1,1,0,137
214359,1,0,0,0,1,1,137
214440,1,0,1,0,0,0,137
214683,0,1,0,1,0,0,137
214959,0,1,0,1,0,0,137
215085,0,0,1,1,0,0,137
215268,1,0,0,1,1,0,137
215361,1,0,1,0,0,0,137
215401,1,1,0,0,0,0,137
215517,1,0,0,1,1,0,137
216211,0,1,1,0,1,0,137
216306,1,1,0,0,0,0,137
216727,0,0,0,0,1,0,137
217101,1,0,0,1,1,0,137
217346,1,0,0,1,1,0,137
217358,0,0,0,0,1,0,137
217653,1,0,1,0,0,0,137
217753,0,0,0,0,1,0,137
217971,1,1,0,0,0,0,137
218131,0,0,1,1,0,0,137
218260,1,1,0,0,0,0,137
219216,0,0,0,0,1,0,137
219565,1,1,1,1,1,0,137
219850,0,0,1,1,0,0,137
219886,1,1,0,0,0,0,137
220051,0,0,0,0,1,0,137
220304,0,1,1,0,1,0,137
220588,0,0,1,1,0,0,137
220706,0,1,1,0,1,0,137
220712,0,0,1,1,0,0,137
220813,0,0,1,1,0,0,137
220913,0,0,1,1,0,0,137
221351,1,1,1,1,1,0,137
221555,0,0,0,0,1,0,137
221569,0,1,1,0,1,0,137
221627,1,1,0,0,0,0,137
221738,0,1,1,0,1,0,137
221755,0,0,0,0,1,0,137
222326,0,0,0,0,1,0,137
222400,0,1,1,0,1,0,137
223610,1,0,0,1,1,0,137
223764,0,1,0,1,0,0,137
223929,1,0,1,0,0,0,137
224450,0,0,1,1,0,0,137
224892,0,1,1,0,1,0,137
224906,1,0,1,0,0,0,137
224980,0,1,0,1,0,0,137
225193,0,0,0,0,1,0,137
226147,0,0,1,1,0,0,137
226190,1,1,1,1,1,0,137
226395,0,0,1,1,0,0,137
226517,0,1,0,1,0,0,137
226620,0,0,1,1,0,0,137
226745,1,0,1,1,0,0,137
226775,0,1,0,1,0,0,137
226963,1,0,0,1,1,0,137
227648,1,0,0,1,1,0,137
227898,0,0,0,0,1,0,137
228027,0,1,0,1,0,0,137
228399,0,0,0,0,1,0,137
228995,0,0,1,1,0,0,137
229123,0,0,1,1,0,0,137
229188,0,0,0,0,1,0,137
229211,0,0,1,1,0,0,137
229816,0,0,1,1,0,0,137
230010,0,1,0,1,0,0,137
230318,0,0,1,1,0,0,137
230872,1,1,0,0,0,0,137
230895,1,1,0,0,0,0,137
230952,1,0,0,1,1,0,137
231030,1,0,0,1,1,0,137
231529,0,1,1,0,1,0,137
231627,0,1,0,1,0,0,137
231809,1,0,1,0,0,0,137
231928,1,0,0,1,1,0,137
232113,1,0,0,1,1,0,137
232305,1,1,0,0,0,0,137
232461,0,1,0,1,0,0,137
232682,0,0,0,1,1,1,137
232868,1,1,0,0,0,0,137
233156,1,1,1,1,1,0,137
233164,0,0,1,1,0,0,137
233352,0,0,0,0,1,0,137
233380,0,1,0,1,0,0,137
233688,1,1,1,1,1,0,137
233777,0,1,0,1,0,0,137
233824,1,1,1,1,1,0,137
233999,1,1,0,0,0,0,137
234050,0,0,0,0,1,0,137
234124,0,0,1,1,0,0,137
234314,1,0,1,0,0,0,137
234367,0,0,1,1,0,0,137
234503,0,1,1,0,1,0,137
234522,0,1,0,1,0,0,137
234642,0,1,0,1,0,0,137
234924,1,1,1,1,1,0,137
234927,1,1,1,1,1,0,137
234928,0,1,0,1,0,0,137
235282,1,0,1,0,0,0,137
235607,1,0,1,0,0,0,137
236278,1,1,0,0,0,0,137
236357,1,1,0,0,0,0,137
236402,0,0,0,0,1,0,137
236636,0,0,0,0,1,0,137
237003,1,0,0,1,1,0,137
237159,0,1,0,1,0,0,137
237774,0,0,1,1,0,0,137
237789,1,1,0,0,0,0,137
238161,0,0,0,0,1,0,137
238166,1,0,0,1,1,0,137
238550,0,0,1,1,0,0,137
239322,1,1,0,0,0,0,137
239392,0,0,1,1,0,0,137
239717,1,1,0,0,0,0,137
239743,0,1,1,0,1,0,137
240029,1,1,1,1,1,0,137
240496,1,1,1,1,1,0,137
240890,0,1,1,0,1,0,137
241260,1,0,1,0,0,0,137
241960,1,1,0,0,0,0,137
242054,1,1,1,1,1,0,137
242152,1,0,0,1,1,0,137
242207,0,0,1,1,0,0,137
242758,1,0,1,0,0,0,137
243044,1,0,1,0,0,0,137
243719,0,0,1,1,0,0,137
243994,1,1,1,1,1,0,137
244032,0,0,1,1,0,0,137
244181,0,0,0,0,1,0,137
244243,1,1,0,0,0,0,137
244260,1,0,1,0,0,0,137
244299,0,0,0,0,1,0,137
244338,1,0,1,0,0,0,137
244988,1,0,0,1,1,0,137
245253,0,0,0,0,1,0,137
245401,0,1,1,0,1,0,137
245623,1,0,1,0,0,0,137
245768,1,1,0,0,0,0,137
245782,0,1,0,1,0,0,137
245874,0,0,1,1,0,0,137
246036,0,1,0,1,0,0,137
246238,0,0,1,1,0,0,137
246501,1,0,1,0,0,0,137
246568,0,1,0,1,0,0,137
246791,0,0,0,0,1,0,137
246949,0,1,1,0,1,0,137
247127,1,0,0,1,1,0,137
247223,1,1,0,1,0,0,137
247282,1,1,0,0,0,0,137
247447,0,0,0,0,1,0,137
247557,1,1,1,1,1,0,137
247678,0,1,1,0,1,0,137
247689,1,0,1,0,0,0,137
247720,0,0,1,1,0,0,137
247820,1,1,1,1,1,0,137
247845,1,1,1,1,1,0,137
247913,1,1,0,0,0,0,137
248124,0,1,0,1,0,0,137
248462,0,1,0,1,0,0,137
248550,0,1,1,0,1,0,137
248699,0,0,1,1,0,0,137
248957,1,1,0,0,0,0,137
249059,0,1,0,1,0,0,137
249139,1,1,0,0,0,0,137
249334,0,1,1,0,1,0,137
249911,0,1,1,0,1,0,137
250070,0,1,0,1,0,0,137
250101,1,1,0,0,0,0,137
250295,0,0,1,1,0,0,137
250581,0,0,1,1,0,0,137
250788,0,0,1,1,0,0,137
251045,0,0,0,0,1,0,137
251343,1,1,0,0,0,0,137
251392,0,1,1,0,1,0,137
251403,0,1,0,1,0,0,137
251907,1,1,0,0,0,0,137
251917,1,0,0,1,1,0,137
252245,1,0,1,0,0,0,137
252271,1,1,1,1,1,0,137
252314,0,0,1,1,0,0,137
252549,1,1,1,1,1,0,137
252689,1,1,0,0,0,0,137
252898,0,1,1,0,1,0,137
252918,1,1,1,1,1,0,137
253082,0,0,0,0,1,0,137
253194,1,0,1,0,0,0,137
253224,1,0,0,1,1,0,137
253355,1,0,0,1,1,0,137
253358,1,0,1,0,0,0,137
253469,1,1,0,0,0,0,137
253765,0,1,0,1,0,0,137
254032,1,1,0,0,0,0,137
254522,0,0,1,0,0,0,137
254889,1,0,0,1,1,0,137
255389,0,1,0,1,0,0,137
255631,0,0,0,0,1,0,137
255807,0,0,0,0,1,0,137
256239,0,1,0,1,0,0,137
256453,1,0,0,1,1,0,137
256697,1,1,0,0,0,0,137
257031,1,1,0,0,0,0,137
257319,1,0,1,0,0,0,137
257640,1,0,1,0,0,0,137
257740,1,1,1,1,1,0,137
257833,1,0,0,0,1,1,137
258040,0,1,0,1,0,0,137
258088,1,0,1,0,0,0,137
258320,1,0,0,1,1,0,137
258598,1,1,0,0,0,0,137
258742,1,0,0,1,1,0,137
258810,1,1,1,1,1,0,137
259240,0,0,1,1,0,0,137
259829,0,0,0,0,1,0,137
260124,0,1,1,0,1,0,137
260281,0,0,0,0,1,0,137
260335,1,1,0,0,0,0,137
261683,1,0,1,0,0,0,137
261903,0,0,0,0,1,0,137
262002,1,0,0,1,1,0,137
262177,1,0,0,1,1,0,123
262462,1,1,1,1,1,0,123
263262,0,1,1,0,1,0,123
263899,0,0,1,1,0,0,123
264012,1,0,0,1,1,0,123
264267,1,1,1,0,1,1,123
264336,0,0,1,1,0,0,123
264362,0,1,0,1,0,0,123
264392,0,1,0,1,0,0,123
264436,0,1,1,0,1,0,123
265273,1,1,0,0,0,0,123
265399,1,0,0,1,1,0,123
265667,1,0,1,0,0,0,123
265801,1,0,0,1,1,0,123
265977,1,0,0,1,1,0,123
266147,0,1,1,0,1,0,123
266504,1,1,1,1,1,0,123
266772,0,1,1,1,1,1,123
267945,0,0,1,1,0,0,123
268054,0,0,0,0,1,0,123
269146,1,1,0,0,0,0,123
269435,0,1,0,1,0,0,123
269704,0,1,1,0,1,0,123
269805,0,0,1,1,0,0,123
270075,1,0,1,0,0,0,123
270194,1,1,0,0,0,0,123
270311,0,0,0,0,1,0,123
271031,0,1,1,0,1,0,123
271588,0,1,1,0,1,0,123
272090,1,1,0,0,0,0,123
272365,1,1,1,1,1,0,123
272486,1,1,1,1,1,0,123
272668,1,1,1,1,1,0,123
272776,1,0,0,1,1,0,123
273359,1,0,0,1,1,0,123
273530,1,0,0,1,1,0,123
273654,0,1,0,1,0,0,123
274354,1,0,1,0,0,0,123
274395,0,0,0,0,1,0,123
274508,1,0,0,1,1,0,123
274615,0,0,1,1,0,0,123
275126,0,0,1,1,0,0,123
275697,0,0,0,0,1,0,123
276581,0,1,1,0,1,0,123
276984,0,0,0,0,1,0,123
277102,0,0,1,1,0,0,123
278448,1,0,0,1,1,0,123
278608,1,0,1,0,0,0,123
278954,0,1,1,0,1,0,123
279284,1,0,0,1,1,0,123
279568,0,1,1,0,1,0,123
280021,1,1,0,0,0,0,123
280333,1,0,1,0,0,0,123
280456,1,0,0,1,1,0,123
280700,0,1,0,1,0,0,123
280874,0,1,0,1,0,0,123
280929,0,0,1,1,0,0,123
281109,0,1,0,1,0,0,123
282136,0,0,1,0,0,0,123
282441,1,1,0,0,0,0,123
283035,1,0,0,1,1,0,123
283073,0,0,1,1,0,0,123
283103,1,1,0,0,0,0,123
283966,0,1,1,0,1,0,123
284305,0,0,1,1,0,0,123
284957,1,1,1,1,1,0,123
285296,0,1,0,1,0,0,123
285735,0,0,1,1,0,0,123
286254,0,0,1,1,0,0,123
286271,0,1,0,1,0,0,123
286330,1,0,0,1,1,0,123
286448,1,1,1,1,1,0,123
286966,0,1,0,1,0,0,123
287200,1,1,0,0,0,0,123
287712,0,1,0,1,0,0,123
287806,0,1,1,1,1,1,123
287894,1,1,1,1,1,0,123
288353,1,0,0,1,1,0,123
288924,1,0,0,1,1,0,123
289073,0,1,0,1,0,0,123
289114,1,1,1,1,1,0,123
289213,1,1,0,0,0,0,123
289603,0,0,1,1,0,0,123
289966,0,0,1,1,0,0,123
290463,0,0,1,1,0,0,123
290471,1,0,0,1,1,0,123
290747,1,0,0,1,1,0,123
291376,0,1,1,0,1,0,123
291483,0,0,0,0,1,0,123
291730,0,1,0,1,0,0,123
291864,1,1,1,1,1,0,123
292256,0,1,0,1,0,0,123
292685,0,0,1,1,0,0,123
292916,0,0,1,1,0,0,123
293060,0,1,1,0,1,0,123
293378,1,1,0,0,0,0,123
293422,1,1,0,0,0,0,123
293736,1,1,0,0,0,0,123
293779,1,0,1,0,0,0,123
293826,0,1,1,0,1,0,123
294001,1,1,0,0,0,0,123
294073,1,0,1,0,0,0,123
294075,1,1,1,1,1,0,123
294107,0,0,0,0,1,0,123
294148,0,1,0,1,0,0,123
294809,1,1,0,0,0,0,123
294879,1,1,1,0,1,1,123
295059,0,0,0,0,1,0,123
295352,1,0,1,0,0,0,123
295513,0,1,0,1,0,0,123
295571,1,1,0,0,0,0,123
295641,1,1,1,1,1,0,123
295991,0,0,1,1,0,0,123
296763,0,0,1,0,0,0,123
297105,1,1,1,1,1,0,123
297648,0,0,1,1,0,0,123
298037,1,1,1,1,1,0,123
298134,1,0,1,1,0,0,123
298298,0,0,0,0,1,0,123
298799,1,1,0,1,0,0,123
299229,1,0,0,1,1,0,123
299383,1,1,0,0,0,0,123
299750,1,0,1,0,0,0,123
300594,1,0,0,1,1,0,123
300652,0,1,0,1,0,0,123
300733,0,1,1,0,1,0,123
300744,0,1,0,1,0,0,123
300750,0,0,0,0,1,0,123
300928,0,1,0,1,0,0,123
301003,0,0,0,0,1,0,123
301497,1,1,1,1,1,0,123
301645,1,0,0,1,1,0,123
301818,0,0,0,0,1,0,123
301831,0,1,1,0,1,0,123
301991,1,0,1,0,0,0,123
302517,0,0,1,1,0,0,123
302535,1,0,0,1,1,0,123
302569,0,1,1,0,1,0,123
302630,0,1,1,0,1,0,123
302785,0,0,1,1,0,0,123
303511,1,1,1,1,1,0,123
303655,1,0,1,0,0,0,123
303814,1,1,0,0,0,0,123
303841,1,1,0,0,0,0,123
303989,1,1,1,1,1,0,123
304424,0,1,1,0,1,0,123
304794,0,1,0,1,0,0,123
305151,1,0,0,1,1,0,123
305377,0,1,0,1,0,0,123
305778,1,0,0,1,1,0,123
306117,0,0,0,0,1,0,123
306417,0,0,0,0,1,0,123
306954,1,1,0,0,0,0,123
307716,1,1,0,0,0,0,123
307741,0,1,0,1,0,0,123
307767,0,1,1,0,1,0,123
307792,0,1,0,1,0,0,123
307835,1,1,1,1,1,0,123
307856,0,0,0,0,1,0,123
308014,0,1,0,1,0,0,123
308109,1,1,1,1,1,0,123
308427,1,1,0,0,0,0,123
308488,0,0,1,1,0,0,123
308511,1,0,0,1,1,0,123
309224,1,1,0,0,0,0,123
309379,0,0,0,0,1,0,123
309412,1,0,0,1,1,0,123
309593,0,0,0,0,1,0,123
310051,0,1,0,1,0,0,123
310213,0,0,1,1,0,0,123
310465,0,1,1,0,1,0,123
310707,1,0,1,0,0,0,123
310846,0,0,0,0,1,0,123
311085,0,0,0,0,1,0,123
312444,0,0,0,0,1,0,123
312558,1,1,0,0,0,0,123
313171,1,0,1,0,0,0,123
313924,1,1,0,0,0,0,123
314040,1,1,0,0,0,0,123
314129,1,1,0,0,0,0,123
314207,0,1,0,1,0,0,123
314379,1,0,0,1,1,0,123
315116,0,0,1,1,0,0,123
315438,0,1,0,1,0,0,123
316156,0,1,0,1,0,0,123
316267,0,1,0,1,0,0,123
316708,1,1,1,1,1,0,123
316722,1,0,1,0,0,0,123
317218,1,0,0,1,1,0,123
317325,0,1,0,1,0,0,123
317388,1,1,0,0,0,0,123
317431,0,1,1,0,1,0,123
318088,1,1,0,0,0,0,123
318425,1,1,0,0,0,0,123
318479,1,0,1,0,0,0,123
318573,1,1,0,0,0,0,123
318635,1,1,0,0,0,0,123
318748,1,0,1,0,0,0,123
318906,1,0,1,0,0,0,123
319133,1,1,1,1,1,0,123
319560,0,1,0,1,0,0,123
319624,1,1,1,1,1,0,123
319797,0,0,1,1,0,0,123
319825,0,1,1,0,1,0,123
319888,0,0,1,1,0,0,123
320152,1,1,1,1,1,0,123
320419,1,1,0,0,0,0,123
320560,1,0,0,1,1,0,123
320744,0,1,1,0,1,0,123
320847,0,0,1,1,0,0,123
320949,0,0,0,0,1,0,123
321457,0,1,0,1,0,0,123
321467,1,0,1,0,0,0,123
321861,1,1,0,0,0,0,123
321927,1,1,0,0,0,0,123
322052,1,0,1,0,0,0,123
322252,1,1,0,0,0,0,123
322675,1,0,0,1,1,0,123
322958,1,0,1,0,0,0,123
323645,0,1,1,1,1,1,123
323754,1,0,0,1,1,0,123
324197,0,1,1,0,1,0,123
324394,1,1,0,0,0,0,123
324410,0,0,0,0,1,0,123
325461,0,1,1,0,1,0,123
325947,1,0,1,0,0,0,123
326876,1,1,1,1,1,0,123
326929,0,0,0,1,1,1,123
327044,1,1,0,0,0,0,123
327483,1,1,0,0,0,0,123
327706,1,0,0,1,1,0,151
327776,1,1,0,0,0,0,151
327869,0,1,1,0,1,0,151
327878,0,0,1,1,0,0,151
327977,0,1,1,1,1,1,151
328771,1,1,1,1,1,0,151
328801,0,1,1,0,1,0,151
329280,1,1,0,0,0,0,151
329371,0,0,1,1,0,0,151
329566,1,1,0,0,0,0,151
329618,0,0,1,1,0,0,151
329908,0,0,1,1,0,0,151
329958,0,1,1,0,1,0,151
330124,1,0,1,1,0,0,151
330385,0,0,1,1,0,0,151
330408,0,0,1,1,0,0,151
330588,1,1,1,1,1,0,151
330889,0,1,0,0,0,0,151
331364,0,0,0,0,1,0,151
331461,1,0,0,1,1,0,151
331608,0,1,0,1,0,0,151
331706,1,0,1,0,0,0,151
331807,1,1,1,1,1,0,151
331818,0,0,1,0,0,0,151
332190,0,1,1,0,1,0,151
332331,0,1,0,1,0,0,151
332542,1,1,0,1,0,0,151
332634,1,1,0,0,0,0,151
332992,1,0,0,1,1,0,151
333091,1,0,1,0,0,0,151
333321,0,1,1,0,1,0,151
333869,0,0,1,1,0,0,151
334264,0,1,0,1,0,0,151
334320,1,1,1,1,1,0,151
334711,1,0,1,0,0,0,151
335003,1,0,1,0,0,0,151
335882,0,0,0,0,1,0,151
336049,1,0,1,0,0,0,151
336644,0,0,1,1,0,0,151
336776,1,0,0,1,1,0,151
336838,0,1,0,1,0,0,151
337184,0,1,0,1,0,0,151
337431,0,0,0,0,1,0,151
337458,1,0,0,1,1,0,151
337529,1,1,0,0,0,0,151
337669,1,1,1,1,1,0,151
337717,0,0,0,0,1,0,151
338018,1,1,1,1,1,0,151
338067,1,0,0,1,1,0,151
338249,1,1,0,0,0,0,151
338891,1,1,0,0,0,0,151
338938,1,1,0,1,0,0,151
338949,0,1,0,1,0,0,151
339184,0,1,1,0,1,0,151
339204,1,1,0,0,0,0,151
339500,0,0,1,1,0,0,151
340142,1,1,0,0,0,0,151
340266,0,1,1,0,1,0,151
340470,0,0,0,0,1,0,151
340481,1,0,0,0,1,1,151
340815,1,0,1,0,0,0,151
340819,0,1,1,0,1,0,151
340892,1,0,0,1,1,0,151
341023,0,0,1,1,0,0,151
341069,1,0,1,0,0,0,151
341134,0,1,0,1,0,0,151
341357,0,0,0,0,1,0,151
341511,1,0,1,0,0,0,151
341647,0,0,1,1,0,0,151
341654,1,0,0,1,1,0,151
341685,0,1,0,1,0,0,151
341785,1,1,1,1,1,0,151
341880,0,1,1,0,1,0,151
341889,1,0,1,0,0,0,151
341900,0,1,1,0,1,0,151
341908,1,1,1,1,1,0,151
342083,1,1,1,1,1,0,151
342252,1,1,1,1,1,0,151
342583,0,0,1,1,0,0,151
342693,1,0,0,1,1,0,151
342757,0,1,0,1,0,0,151
343140,0,1,1,0,1,0,151
343637,1,0,0,1,1,0,151
343750,1,1,0,0,0,0,151
343943,0,1,1,0,1,0,151
343949,0,0,0,0,1,0,151
343965,0,1,0,1,0,0,151
344473,1,0,0,1,1,0,151
344972,1,0,1,0,0,0,151
345168,1,0,1,0,0,0,151
345335,0,1,0,1,0,0,151
346012,0,0,1,1,0,0,151
346266,0,1,0,1,0,0,151
346814,0,0,1,1,0,0,151
347059,1,1,0,0,0,0,151
347159,1,0,1,0,0,0,151
347483,1,1,1,0,1,1,151
347684,1,1,0,0,0,0,151
348008,1,1,0,0,0,0,151
348037,1,1,1,1,1,0,151
348297,1,0,0,1,1,0,151
348670,0,0,1,0,0,0,151
349441,1,0,1,0,0,0,151
349473,1,1,1,1,1,0,151
349510,1,0,0,1,1,0,151
349626,1,0,0,1,1,0,151
349777,0,0,0,0,1,0,151
349822,1,0,1,0,0,0,151
350144,1,1,1,1,1,0,151
350190,0,1,1,0,1,0,151
351106,0,0,0,0,1,0,151
351167,0,0,1,1,0,0,151
351238,1,1,1,1,1,0,151
351560,1,0,0,1,1,0,151
351724,1,1,0,0,0,0,151
352070,1,0,1,0,0,0,151
352368,0,0,1,1,0,0,151
352651,1,1,1,1,1,0,151
352803,1,0,1,0,0,0,151
352928,0,1,1,0,1,0,151
353000,0,0,1,1,0,0,151
353057,0,1,0,1,0,0,151
353092,1,0,1,0,0,0,151
353314,1,1,1,1,1,0,151
353674,0,1,0,1,0,0,151
353832,0,1,1,0,1,0,151
353874,1,1,1,1,1,0,151
353969,1,1,1,1,1,0,151
354163,0,0,1,1,0,0,151
354919,1,0,1,0,0,0,151
355021,1,0,1,0,0,0,151
355136,1,0,1,0,0,0,151
355318,0,1,0,1,0,0,151
355331,1,1,0,0,0,0,151
355588,1,1,0,0,0,0,151
355637,1,1,0,0,0,0,151
355943,1,0,1,0,0,0,151
356099,1,0,0,1,1,0,151
356163,0,1,0,1,0,0,151
356546,0,1,1,0,1,0,151
356644,1,1,1,1,1,0,151
356874,0,0,1,1,0,0,151
357135,0,0,1,1,0,0,151
357416,1,0,1,0,0,0,151
357833,0,0,1,1,0,0,151
357897,0,0,0,0,1,0,151
358028,1,1,1,0,1,1,151
358636,1,1,0,0,0,0,151
358660,1,1,1,1,1,0,151
358881,0,0,1,1,0,0,151
359114,1,1,0,0,0,0,151
359175,0,1,0,1,0,0,151
359333,0,0,1,1,0,0,151
359424,1,0,1,0,0,0,151
360421,1,1,1,1,1,0,151
360739,0,0,0,0,1,0,151
360892,0,0,1,1,0,0,151
361859,1,0,0,1,1,0,151
361987,0,1,1,0,1,0,151
362122,1,0,0,1,1,0,151
362215,1,1,1,1,1,0,151
362456,1,0,0,1,1,0,151
362513,1,1,0,0,0,0,151
363020,0,1,0,1,0,0,151
363171,1,1,1,1,1,0,151
363292,0,1,0,1,0,0,151
363634,0,0,1,1,0,0,151
363644,0,0,1,1,0,0,151
363864,1,0,0,1,1,0,151
364012,0,1,1,0,1,0,151
364276,1,1,0,0,0,0,151
364624,0,1,1,0,1,0,151
364752,1,0,0,1,1,0,151
364793,1,1,0,0,0,0,151
365094,0,1,0,1,0,0,151
365138,0,0,0,0,1,0,151
365411,0,1,1,0,1,0,151
365508,1,0,0,1,1,0,151
365524,0,1,0,1,0,0,151
365530,1,1,1,1,1,0,151
365538,0,0,0,0,1,0,151
365539,1,0,0,1,1,0,151
365599,0,1,1,0,1,0,151
365705,1,1,1,1,1,0,151
365738,1,0,1,0,0,0,151
365766,1,0,0,1,1,0,151
365821,1,1,0,0,0,0,151
365873,0,0,1,1,0,0,151
366194,1,1,0,0,0,0,151
367501,1,0,0,1,1,0,151
367529,1,1,0,0,0,0,151
367618,0,1,0,1,0,0,151
367630,0,0,1,1,0,0,151
367728,0,1,1,0,1,0,151
368183,0,1,1,0,1,0,151
368563,1,1,0,0,0,0,151
368587,1,1,1,1,1,0,151
368677,1,1,0,0,0,0,151
369365,1,1,1,1,1,0,151
369585,1,1,0,0,0,0,151
369678,0,1,1,0,1,0,151
369941,0,1,0,1,0,0,151
370023,0,1,0,1,0,0,151
370235,0,0,1,1,0,0,151
370610,0,1,0,1,0,0,151
371194,0,0,0,0,1,0,151
371331,0,1,1,0,1,0,151
371441,0,1,0,1,0,0,151
371489,1,0,0,1,1,0,151
371563,1,0,1,0,0,0,151
371791,0,1,0,0,0,0,151
371805,0,0,1,1,0,0,151
372187,0,0,0,0,1,0,151
372539,0,0,1,1,0,0,151
372561,0,1,0,1,0,0,151
372780,0,0,1,1,0,0,151
373325,0,0,1,1,0,0,151
373439,0,1,1,0,1,0,151
373452,1,0,1,0,0,0,151
373464,0,1,1,0,1,0,151
373679,0,0,0,0,1,0,151
373776,1,1,1,1,1,0,151
374175,1,0,0,1,1,0,151
374433,1,0,0,1,1,0,151
374478,1,1,1,1,1,0,151
374552,1,0,0,1,1,0,151
374785,0,0,1,1,0,0,151
375399,1,1,1,1,1,0,151
375468,1,1,0,0,0,0,151
376167,1,1,1,1,1,0,151
377351,1,1,1,1,1,0,151
377740,1,0,0,1,1,0,151
378352,1,0,1,0,0,0,151
378527,1,1,0,0,0,0,151
378643,1,1,0,0,0,0,151
378742,1,1,0,0,0,0,151
379223,1,0,1,0,0,0,151
379229,0,1,1,0,1,0,151
379335,1,0,0,1,1,0,151
379498,1,1,0,0,0,0,151
379709,1,1,0,0,0,0,151
379941,0,1,1,0,1,0,151
380127,0,0,1,1,0,0,151
380150,1,0,0,1,1,0,151
380241,1,1,1,1,1,0,151
380254,0,1,0,1,0,0,151
380283,1,0,0,1,1,0,151
380810,1,1,0,0,0,0,151
380839,0,1,1,0,1,0,151
380987,1,1,1,1,1,0,151
381010,1,0,1,0,0,0,151
381078,0,0,0,0,1,0,151
381131,1,1,0,0,0,0,151
381315,0,1,1,0,1,0,151
381400,1,1,1,1,1,0,151
381834,1,1,0,0,0,0,151
381984,0,1,0,1,0,0,151
382077,0,0,1,1,0,0,151
382300,1,1,0,0,0,0,151
382384,1,0,0,1,1,0,151
382832,0,1,1,0,1,0,151
383259,1,1,1,1,1,0,151
383381,0,1,1,0,1,0,151
383471,1,1,0,0,0,0,151
383834,1,0,0,1,1,0,151
383900,0,1,0,1,0,0,151
384522,0,0,0,0,1,0,151
384600,1,1,1,1,1,0,151
384664,0,0,0,0,1,0,151
384778,0,1,1,0,1,0,151
385024,0,1,0,1,0,0,151
385025,1,0,0,1,1,0,151
385168,0,0,0,0,1,0,151
385557,0,0,1,1,0,0,151
385628,0,1,1,1,1,1,151
386142,1,1,0,0,0,0,151
386250,0,1,1,0,1,0,151
386612,1,1,0,0,0,0,151
386632,0,1,0,1,0,0,151
386648,0,0,0,0,1,0,151
386709,0,0,0,0,1,0,151
386959,1,1,0,0,0,0,151
386990,0,1,0,1,0,0,151
388063,0,1,1,0,1,0,151
388135,0,1,0,1,0,0,151
388270,0,1,1,0,1,0,151
388552,0,0,1,1,0,0,151
388646,0,0,0,0,1,0,151
388836,1,0,1,0,0,0,151
388894,1,0,1,0,0,0,151
388996,1,1,1,1,1,0,151
389221,1,0,1,0,0,0,151
389262,1,0,1,0,0,0,151
389733,0,0,1,1,0,0,151
389741,1,0,1,0,0,0,151
389891,1,0,1,0,0,0,151
390287,0,1,1,1,1,1,151
391135,0,0,1,1,0,0,151
391260,1,1,0,0,0,0,151
391514,0,1,0,1,0,0,151
391745,0,0,0,0,1,0,151
391942,0,0,0,0,1,0,151
391990,0,1,0,1,0,0,151
392064,0,0,0,0,1,0,151
392142,1,0,1,0,0,0,151
392169,0,0,0,0,1,0,151
392473,1,1,0,0,0,0,151
392903,0,1,0,1,0,0,151
393438,1,1,1,1,1,0,146
393722,1,0,1,0,0,0,146
393980,0,0,1,1,0,0,146
394287,0,0,1,1,0,0,146
394417,1,1,1,1,1,0,146
394818,1,1,1,1,1,0,146
394990,1,0,0,1,1,0,146
395017,0,0,1,1,0,0,146
395805,0,1,0,1,0,0,146
396064,1,0,0,1,1,0,146
396322,1,0,1,0,0,0,146
396354,1,1,1,1,1,0,146
396453,0,0,1,1,0,0,146
396622,1,1,1,1,1,0,146
396727,1,1,0,0,0,0,146
397426,0,1,0,0,0,0,146
397439,1,0,1,0,0,0,146
397591,0,0,0,0,1,0,146
397595,0,1,0,1,0,0,146
397656,1,0,0,1,1,0,146
398020,0,1,1,0,1,0,146
398030,0,0,0,0,1,0,146
398045,1,1,1,1,1,0,146
398364,0,1,0,1,0,0,146
398512,0,1,0,0,0,0,146
398595,1,0,0,1,1,0,146
398626,1,1,1,1,1,0,146
398807,0,0,1,1,0,0,146
399164,1,0,1,0,0,0,146
399190,1,0,0,1,1,0,146
399311,0,0,1,1,0,0,146
399769,1,1,0,0,0,0,146
399857,1,0,1,0,0,0,146
399874,0,1,1,0,1,0,146
399920,1,0,1,0,0,0,146
399942,1,1,0,0,0,0,146
399951,0,1,0,1,0,0,146
400085,1,0,1,0,0,0,146
400114,0,0,0,0,1,0,146
400231,0,0,0,0,1,0,146
400795,0,0,0,0,1,0,146
400908,0,0,0,0,1,0,146
401216,1,1,0,0,0,0,146
401476,0,0,0,0,1,0,146
401515,1,1,0,0,0,0,146
401544,1,0,0,1,1,0,146
401592,1,1,0,0,0,0,146
401599,1,0,1,0,0,0,146
401660,1,0,1,0,0,0,146
401683,1,0,0,1,1,0,146
401788,1,0,1,0,0,0,146
401935,1,1,0,0,0,0,146
402002,1,0,1,0,0,0,146
402080,0,0,0,0,1,0,146
402277,1,0,0,1,1,0,146
402279,0,1,1,0,1,0,146
402697,1,1,1,1,1,0,146
402750,1,0,1,0,0,0,146
402905,1,0,0,1,1,0,146
402926,0,1,1,0,1,0,146
402957,1,0,0,1,1,0,146
403048,0,1,1,0,1,0,146
403198,0,1,1,0,1,0,146
403593,1,1,1,1,1,0,146
403914,1,1,1,1,1,0,146
404054,0,0,0,0,1,0,146
404210,1,1,1,1,1,0,146
404211,0,1,0,1,0,0,146
404249,1,0,0,1,1,0,146
404884,0,0,0,0,1,0,146
405533,0,0,0,0,1,0,146
405644,1,1,0,0,0,0,146
405768,1,0,0,1,1,0,146
405941,1,0,0,1,1,0,146
406037,0,0,0,0,1,0,146
406106,0,0,0,0,1,0,146
406284,0,1,0,1,0,0,146
406343,0,0,1,1,0,0,146
406388,0,1,0,1,0,0,146
406601,0,1,0,1,0,0,146
406626,1,0,1,0,0,0,146
406856,1,1,1,1,1,0,146
407218,0,0,1,1,0,0,146
407533,0,1,0,1,0,0,146
407586,1,1,0,0,0,0,146
407729,0,1,0,1,0,0,146
408042,0,1,1,0,1,0,146
408146,0,1,1,0,1,0,146
408556,0,0,0,0,1,0,146
408816,1,0,0,1,1,0,146
408832,0,1,0,1,0,0,146
408851,1,0,1,0,0,0,146
410303,0,1,1,0,1,0,146
410579,1,0,1,0,0,0,146
410627,1,1,1,1,1,0,146
410843,0,1,1,0,1,0,146
410887,1,0,1,0,0,0,146
411599,1,1,1,1,1,0,146
411777,1,1,1,1,1,0,146
412083,0,1,1,0,1,0,146
412107,0,0,1,1,0,0,146
412604,1,0,0,1,1,0,146
413042,0,1,0,1,0,0,146
413278,1,1,0,0,0,0,146
413295,0,1,0,1,0,0,146
413530,0,0,0,0,1,0,146
413631,1,1,0,0,0,0,146
413907,1,1,0,0,0,0,146
414395,1,0,0,1,1,0,146
415156,0,0,1,0,0,0,146
415271,0,0,0,0,1,0,146
415379,1,0,0,1,1,0,146
415417,0,1,0,1,0,0,146
415518,0,1,1,0,1,0,146
415757,1,1,0,0,0,0,146
415789,0,0,1,1,0,0,146
415905,1,1,1,1,1,0,146
415928,0,0,1,1,0,0,146
416106,1,0,1,0,0,0,146
416235,1,1,0,0,0,0,146
416397,0,1,0,1,0,0,146
416470,1,0,0,1,1,0,146
416542,1,1,0,0,0,0,146
416580,1,0,1,0,0,0,146
417153,1,0,0,1,1,0,146
417843,1,1,1,1,1,0,146
417854,1,1,0,0,0,0,146
417871,1,1,1,1,1,0,146
418304,1,0,1,0,0,0,146
418622,1,1,0,0,0,0,146
419123,1,1,0,0,0,0,146
419292,1,0,0,1,1,0,146
419389,1,1,0,0,0,0,146
419863,0,0,1,1,0,0,146
420379,0,0,1,1,0,0,146
420554,1,1,1,1,1,0,146
420918,1,1,1,1,1,0,146
420940,1,1,1,1,1,0,146
420986,1,0,0,0,1,1,146
421655,1,1,0,0,0,0,146
421677,1,1,0,0,0,0,146
422246,1,0,0,1,1,0,146
422350,0,0,1,1,0,0,146
422510,1,0,0,1,1,0,146
422543,1,1,0,0,0,0,146
422690,1,1,0,0,0,0,146
422800,1,1,0,0,0,0,146
422979,0,0,1,1,0,0,146
423075,1,1,0,0,0,0,146
423357,1,1,0,0,0,0,146
423396,0,0,1,1,0,0,146
424379,1,1,0,0,0,0,146
424447,0,1,1,0,1,0,146
424538,0,0,0,0,1,0,146
424570,0,1,0,1,0,0,146
424780,0,1,1,0,1,0,146
424786,0,1,0,1,0,0,146
424981,0,0,0,0,1,0,146
425015,1,1,1,1,1,0,146
425034,1,0,1,0,0,0,146
425123,1,1,1,1,1,0,146
425324,1,0,0,1,1,0,146
425438,1,0,1,0,0,0,146
425466,0,0,0,0,1,0,146
426543,0,1,1,0,1,0,146
426820,0,0,1,1,0,0,146
426823,0,1,1,0,1,0,146
427176,0,0,0,0,1,0,146
427295,0,0,0,0,1,0,146
427354,0,1,0,1,0,0,146
427357,0,0,0,1,1,1,146
427871,1,1,0,1,0,0,146
427956,1,0,0,1,1,0,146
428249,0,1,1,0,1,0,146
428412,1,1,1,1,1,0,146
428429,1,1,1,1,1,0,146
428570,0,1,1,0,1,0,146
428663,1,1,1,1,1,0,146
429041,1,1,1,1,1,0,146
429289,1,0,1,0,0,0,146
429394,0,1,0,1,0,0,146
429545,1,1,0,0,0,0,146
429701,0,0,0,0,1,0,146
429994,0,0,1,1,0,0,146
430009,1,1,1,1,1,0,146
430459,0,0,0,0,1,0,146
430733,1,0,1,0,0,0,146
430745,1,0,0,1,1,0,146
430767,1,1,0,0,0,0,146
431189,1,1,0,0,0,0,146
431342,1,1,1,1,1,0,146
431492,0,1,0,1,0,0,146
431666,0,1,0,1,0,0,146
431860,1,0,1,0,0,0,146
431929,0,0,1,1,0,0,146
431974,0,0,1,1,0,0,146
432018,1,0,1,0,0,0,146
432019,0,1,1,0,1,0,146
432129,0,1,1,0,1,0,146
432233,1,1,1,1,1,0,146
432488,1,0,1,0,0,0,146
432702,0,1,1,0,1,0,146
433406,0,0,0,0,1,0,146
433616,1,1,1,1,1,0,146
433725,0,0,1,1,0,0,146
433919,1,1,1,1,1,0,146
434096,0,1,1,0,1,0,146
434357,1,0,0,1,1,0,146
434446,0,0,0,1,1,1,146
434447,1,0,0,1,1,0,146
434654,0,1,0,1,0,0,146
434662,1,0,1,0,0,0,146
434917,1,0,1,0,0,0,146
434995,1,0,0,1,1,0,146
435067,0,1,0,1,0,0,146
435410,1,0,0,1,1,0,146
435588,0,1,0,0,0,0,146
435635,1,1,1,1,1,0,146
435654,0,0,1,1,0,0,146
435741,0,1,0,1,0,0,146
436353,1,1,0,0,0,0,146
436799,1,1,1,1,1,0,146
436913,0,0,1,1,0,0,146
436970,0,0,0,0,1,0,146
437124,1,1,1,1,1,0,146
437423,0,0,1,1,0,0,146
437776,1,0,0,1,1,0,146
438126,0,1,1,0,1,0,146
438302,1,0,0,1,1,0,146
438457,1,0,0,1,1,0,146
438480,0,0,0,0,1,0,146
438735,0,1,1,0,1,0,146
438976,1,1,0,1,0,0,146
439080,1,0,1,0,0,0,146
439741,1,1,0,0,0,0,146
440164,0,0,1,1,0,0,146
440274,1,0,0,1,1,0,146
440410,0,1,1,0,1,0,146
440494,1,1,1,1,1,0,146
440657,0,0,1,1,0,0,146
441036,1,1,1,1,1,0,146
441089,1,0,1,0,0,0,146
441272,0,0,0,0,1,0,146
441315,1,0,1,0,0,0,146
441393,1,1,0,0,0,0,146
441702,1,0,0,1,1,0,146
441796,1,1,0,0,0,0,146
442244,0,1,0,1,0,0,146
442334,1,1,0,0,0,0,146
442497,0,1,0,1,0,0,146
443220,0,1,0,1,0,0,146
443653,1,0,1,0,0,0,146
443742,1,0,0,1,1,0,146
443752,0,0,1,1,0,0,146
443789,0,0,1,1,0,0,146
443936,0,1,1,0,1,0,146
444082,0,0,0,0,1,0,146
444104,0,1,0,1,0,0,146
444327,1,1,1,1,1,0,146
444411,1,0,1,0,0,0,146
444770,0,1,0,1,0,0,146
444910,0,1,1,0,1,0,146
445322,0,1,1,0,1,0,146
445665,1,1,1,1,1,0,146
445784,1,1,0,0,0,0,146
445879,1,1,0,0,0,0,146
446448,1,1,1,1,1,0,146
446784,1,0,0,1,1,0,146
446802,0,1,0,1,0,0,146
446976,0,0,1,1,0,0,146
447137,0,0,1,1,0,0,146
447478,1,0,1,0,0,0,146
447529,0,0,0,0,1,0,146
448017,1,1,0,0,0,0,146
448284,0,1,0,1,0,0,146
448520,1,1,1,1,1,0,146
448581,0,1,1,0,1,0,146
448658,1,0,1,0,0,0,146
450206,1,0,1,0,0,0,146
450651,0,1,1,0,1,0,146
450945,0,1,1,0,1,0,146
450967,0,0,1,1,0,0,146
451055,0,0,0,0,1,0,146
451255,1,0,1,0,0,0,146
452024,1,0,1,0,0,0,146
452056,1,1,0,0,0,0,146
452130,1,0,0,1,1,0,146
452332,1,1,0,0,0,0,146
452384,1,1,0,0,0,0,146
452553,0,0,0,0,1,0,146
452573,1,1,0,0,0,0,146
452672,1,0,1,0,0,0,146
452734,1,0,1,0,0,0,146
452743,1,1,0,0,0,0,146
452791,1,1,0,0,0,0,146
452852,0,0,1,1,0,0,146
452910,0,0,1,1,0,0,146
453084,0,0,1,1,0,0,146
453421,0,1,0,1,0,0,146
454645,0,1,1,0,1,0,146
454649,1,1,0,0,0,0,146
454764,1,1,0,0,0,0,146
454917,0,0,0,0,1,0,146
455282,1,1,1,1,1,0,146
455664,1,0,1,0,0,0,146
455783,0,0,0,0,1,0,146
455793,0,1,1,0,1,0,146
456341,0,0,0,0,1,0,146
456427,0,1,0,1,0,0,146
456586,1,0,0,0,1,1,146
456782,0,0,0,0,1,0,146
456803,1,1,1,1,1,0,146
457298,0,0,1,1,0,0,146
457451,1,0,0,1,1,0,146
457885,1,0,1,0,0,0,146
457924,1,1,1,1,1,0,146
458000,0,0,0,0,1,0,146
458230,0,0,0,0,1,0,146
458301,0,0,1,1,0,0,146
458434,1,1,1,1,1,0,146
459078,0,1,1,0,1,0,121
459531,0,1,1,0,1,0,121
460024,0,0,0,0,1,0,121
460631,1,0,0,1,1,0,121
460649,1,1,0,1,0,0,121
460655,1,1,1,1,1,0,121
460750,1,0,0,1,1,0,121
460951,0,1,0,1,0,0,121
461478,0,1,0,1,0,0,121
461594,0,0,0,0,1,0,121
461904,0,0,1,1,0,0,121
462366,1,1,1,1,1,0,121
462438,1,1,0,0,0,0,121
462506,1,0,1,0,0,0,121
462593,0,1,1,0,1,0,121
462856,0,0,1,1,0,0,121
463070,1,0,1,0,0,0,121
463834,1,0,1,0,0,0,121
464607,0,1,1,0,1,0,121
464825,0,0,1,1,0,0,121
464847,0,1,0,1,0,0,121
465010,1,0,0,1,1,0,121
465083,1,1,1,1,1,0,121
465176,0,1,0,1,0,0,121
465273,1,1,1,1,1,0,121
465408,0,0,0,0,1,0,121
465443,1,1,1,1,1,0,121
465523,1,1,0,0,0,0,121
465680,0,0,1,1,0,0,121
465771,1,0,1,0,0,0,121
466342,1,0,1,0,0,0,121
466464,0,0,0,0,1,0,121
467000,1,0,1,0,0,0,121
467050,1,1,0,0,0,0,121
467621,1,0,0,1,1,0,121
468407,1,0,0,1,1,0,121
468641,1,1,0,0,0,0,121
468863,1,1,0,0,0,0,121
469130,1,1,1,1,1,0,121
469347,0,0,0,0,1,0,121
469398,1,1,0,0,0,0,121
469763,1,1,1,1,1,0,121
469909,1,0,1,0,0,0,121
470049,1,0,0,1,1,0,121
470162,0,0,0,0,1,0,121
470643,1,1,1,1,1,0,121
470702,0,0,0,0,1,0,121
471421,0,0,0,0,1,0,121
471445,1,1,1,1,1,0,121
471503,0,0,1,1,0,0,121
471604,0,1,1,0,1,0,121
471796,0,0,1,1,0,0,121
471950,0,0,0,0,1,0,121
472300,1,1,1,1,1,0,121
472655,0,1,1,0,1,0,121
472685,0,1,0,1,0,0,121
472830,0,1,1,0,1,0,121
473166,0,1,1,0,1,0,121
473294,1,1,1,1,1,0,121
473344,0,0,1,1,0,0,121
473807,0,1,0,1,0,0,121
474201,1,0,0,1,1,0,121
474473,1,0,1,0,0,0,121
474554,0,1,0,1,0,0,121
474884,0,0,0,0,1,0,121
475026,1,1,1,1,1,0,121
475050,1,1,1,1,1,0,121
475156,0,0,0,0,1,0,121
475185,1,0,1,0,0,0,121
475196,0,0,0,0,1,0,121
475304,1,1,0,1,0,0,121
475361,0,0,1,1,0,0,121
476020,1,1,0,0,0,0,121
476270,0,0,0,0,1,0,121
476954,1,0,0,1,1,0,121
477214,0,1,1,0,1,0,121
477316,0,1,0,1,0,0,121
477336,1,0,0,1,1,0,121
478612,0,1,1,0,1,0,121
478790,1,1,1,1,1,0,121
479115,1,1,0,0,0,0,121
479238,0,0,1,1,0,0,121
479339,0,0,1,1,0,0,121
479374,0,1,1,0,1,0,121
479540,1,0,1,0,0,0,121
479784,0,1,1,0,1,0,121
480296,0,0,0,0,1,0,121
480924,1,1,0,0,0,0,121
481152,1,0,1,0,0,0,121
481225,1,0,0,1,1,0,121
482372,0,1,0,1,0,0,121
482510,0,1,0,1,0,0,121
483150,0,0,1,1,0,0,121
483493,0,1,0,1,0,0,121
484482,0,0,0,0,1,0,121
484518,1,0,1,0,0,0,121
484561,0,1,1,0,1,0,121
485506,0,1,0,1,0,0,121
485618,0,0,0,0,1,0,121
485807,1,1,0,0,0,0,121
486230,0,0,1,1,0,0,121
486366,0,0,1,1,0,0,121
486888,0,0,1,1,0,0,121
487627,1,1,1,1,1,0,121
487870,1,0,0,1,1,0,121
487974,1,0,0,1,1,0,121
488017,1,0,1,0,0,0,121
488532,0,0,1,1,0,0,121
488561,0,0,0,0,1,0,121
488568,1,1,1,1,1,0,121
488790,1,0,0,1,1,0,121
489069,0,0,1,1,0,0,121
489310,1,0,1,0,0,0,121
490008,1,0,1,0,0,0,121
490463,0,1,0,1,0,0,121
490597,0,0,1,1,0,0,121
490680,1,1,0,0,0,0,121
490722,1,1,1,1,1,0,121
491726,0,1,0,1,0,0,121
491757,0,1,1,0,1,0,121
491768,0,1,1,0,1,0,121
492193,1,1,1,1,1,0,121
492493,1,0,1,1,0,0,121
492571,0,1,0,1,0,0,121
492693,1,0,1,0,0,0,121
492793,0,1,0,1,0,0,121
493117,1,1,1,1,1,0,121
493492,0,1,0,1,0,0,121
493637,1,1,1,1,1,0,121
493745,1,0,0,1,1,0,121
493848,0,0,1,1,0,0,121
493849,1,0,1,0,0,0,121
494337,1,0,1,1,0,0,121
494511,1,0,0,1,1,0,121
494577,1,0,1,0,0,0,121
494982,1,1,0,0,0,0,121
495093,1,0,0,1,1,0,121
495332,1,1,0,0,0,0,121
495443,0,1,1,0,1,0,121
495534,0,1,0,1,0,0,121
495646,1,1,0,0,0,0,121
495683,1,0,0,1,1,0,121
496287,1,0,1,0,0,0,121
496551,0,1,0,1,0,0,121
496652,1,1,1,1,1,0,121
496703,1,1,1,1,1,0,121
496916,0,1,1,0,1,0,121
497483,1,0,1,0,0,0,121
497731,1,0,1,0,0,0,121
498701,1,0,1,0,0,0,121
498964,0,0,0,0,1,0,121
499146,0,1,1,0,1,0,121
499206,0,0,1,1,0,0,121
499582,1,0,0,1,1,0,121
499907,1,0,0,1,1,0,121
499958,0,1,0,1,0,0,121
501189,0,1,1,0,1,0,121
501270,1,0,0,1,1,0,121
501533,0,0,1,1,0,0,121
502135,1,1,1,1,1,0,121
502428,1,1,1,1,1,0,121
502790,1,0,1,0,0,0,121
502802,0,0,1,1,0,0,121
503458,1,0,1,0,0,0,121
503624,0,1,1,0,1,0,121
504079,1,0,0,1,1,0,121
504877,0,0,0,0,1,0,121
505259,1,0,0,1,1,0,121
505465,1,0,1,0,0,0,121
505961,0,0,0,0,1,0,121
506221,1,1,1,1,1,0,121
506608,1,0,1,0,0,0,121
507126,0,1,1,0,1,0,121
507190,1,0,0,1,1,0,121
507406,0,1,1,0,1,0,121
507481,0,1,1,0,1,0,121
507547,0,1,1,0,1,0,121
507681,1,0,0,1,1,0,121
508034,1,0,0,1,1,0,121
508590,0,1,1,0,1,0,121
508879,1,0,0,1,1,0,121
509075,1,1,1,1,1,0,121
509591,1,1,0,0,0,0,121
510135,0,0,0,0,1,0,121
510378,0,0,0,0,1,0,121
510418,1,1,0,0,0,0,121
510832,0,0,0,0,1,0,121
511017,0,1,0,1,0,0,121
511860,0,1,0,1,0,0,121
511914,1,0,0,1,1,0,121
511964,1,1,0,0,0,0,121
512126,0,1,0,1,0,0,121
512233,1,0,1,0,0,0,121
512450,0,1,1,0,1,0,121
512491,0,0,1,1,0,0,121
512576,0,0,1,1,0,0,121
512712,1,1,1,1,1,0,121
512757,0,1,1,0,1,0,121
512996,1,0,0,1,1,0,121
513103,0,0,0,0,1,0,121
513308,1,1,0,0,0,0,121
513819,0,0,0,0,1,0,121
513876,0,1,0,1,0,0,121
514153,1,0,1,0,0,0,121
514196,1,1,1,1,1,0,121
514411,0,0,1,1,0,0,121
514471,1,0,1,0,0,0,121
514645,0,1,0,1,0,0,121
515333,0,1,1,1,1,1,121
515430,1,0,0,1,1,0,121
515622,1,0,1,0,0,0,121
516529,0,1,0,1,0,0,121
516636,0,1,0,1,0,0,121
516677,1,0,0,1,1,0,121
517321,0,0,0,0,1,0,121
517554,0,1,1,0,1,0,121
517616,1,1,1,1,1,0,121
517767,0,0,0,0,1,0,121
517989,1,0,1,1,0,0,121
518535,1,1,1,1,1,0,121
518551,0,0,1,1,0,0,121
518587,1,1,1,1,1,0,121
518615,0,1,0,0,0,0,121
518789,0,1,0,0,0,0,121
519133,0,1,0,1,0,0,121
519302,1,1,0,0,0,0,121
519686,0,0,1,1,0,0,121
519774,0,1,0,1,0,0,121
520029,1,0,0,1,1,0,121
520150,1,0,0,1,1,0,121
520206,1,0,0,1,1,0,121
520692,1,0,1,0,0,0,121
520708,0,1,1,0,1,0,121
520759,1,1,1,1,1,0,121
521278,0,1,1,0,1,0,121
521602,0,0,1,0,0,0,121
521707,0,1,1,0,1,0,121
521813,1,1,1,1,1,0,121
521936,0,1,1,0,1,0,121
522176,0,0,1,1,0,0,121
522253,0,0,1,1,0,0,121
522534,1,1,1,1,1,0,121
523111,1,1,0,0,0,0,121
523229,1,1,1,1,1,0,121
523247,1,1,0,0,0,0,121
523341,1,0,1,0,0,0,121
523907,0,0,1,1,0,0,121
523951,1,0,1,0,0,0,121
524150,1,0,0,1,1,0,121
524324,0,1,0,1,0,0,111
524629,1,1,1,1,1,0,111
525012,1,0,0,1,1,0,111
525191,1,1,1,1,1,0,111
525472,0,0,1,1,0,0,111
525479,1,1,1,1,1,0,111
525796,0,1,0,1,0,0,111
525831,1,1,1,1,1,0,111
525860,0,0,0,0,1,0,111
526427,1,1,1,1,1,0,111
526815,0,0,1,0,0,0,111
526952,0,0,0,0,1,0,111
527008,0,1,1,0,1,0,111
527268,1,0,1,0,0,0,111
528050,1,0,1,0,0,0,111
528410,1,1,0,0,0,0,111
528689,1,0,1,0,0,0,111
529302,0,0,1,0,0,0,111
529373,0,0,0,0,1,0,111
529452,0,1,0,1,0,0,111
529583,0,1,0,1,0,0,111
529629,0,0,0,0,1,0,111
529954,1,1,1,1,1,0,111
529977,0,0,0,0,1,0,111
530016,0,1,0,1,0,0,111
530084,1,1,1,1,1,0,111
530155,1,0,1,0,0,0,111
530305,0,0,1,1,0,0,111
530389,0,0,0,0,1,0,111
530525,0,0,0,0,1,0,111
530645,0,0,0,0,1,0,111
530739,0,1,1,0,1,0,111
530777,1,1,0,0,0,0,111
532590,1,0,1,0,0,0,111
532639,1,1,1,1,1,0,111
532790,1,1,1,1,1,0,111
533814,1,0,0,1,1,0,111
534256,1,0,1,0,0,0,111
534319,0,0,0,0,1,0,111
534334,0,0,0,0,1,0,111
534463,1,1,1,1,1,0,111
534631,1,1,0,0,0,0,111
534913,0,0,1,1,0,0,111
535115,0,0,1,1,0,0,111
535159,1,0,1,0,0,0,111
535663,1,0,0,1,1,0,111
535726,0,0,1,1,0,0,111
535782,0,1,1,0,1,0,111
536161,1,0,0,1,1,0,111
536397,0,1,0,1,0,0,111
536604,0,0,0,0,1,0,111
536766,0,0,1,1,0,0,111
537141,0,0,1,1,0,0,111
537325,1,1,1,1,1,0,111
537640,1,1,0,0,0,0,111
537889,0,1,1,0,1,0,111
539101,1,0,1,0,0,0,111
539249,0,0,1,0,0,0,111
539490,0,1,1,0,1,0,111
540396,1,0,1,0,0,0,111
540702,0,0,0,0,1,0,111
540786,0,1,1,0,1,0,111
541001,0,1,1,0,1,0,111
541032,0,1,1,0,1,0,111
541116,0,1,0,1,0,0,111
541184,1,1,1,1,1,0,111
541197,1,1,0,0,0,0,111
541233,1,1,0,0,0,0,111
541476,0,0,0,0,1,0,111
541617,1,1,0,0,0,0,111
541788,0,0,1,1,0,0,111
541891,0,0,1,1,0,0,111
541919,1,0,1,1,0,0,111
542091,1,1,0,0,0,0,111
542125,0,0,1,1,0,0,111
542159,1,0,1,0,0,0,111
542577,0,1,1,0,1,0,111
542686,0,1,1,0,1,0,111
542742,0,1,1,0,1,0,111
542834,0,0,0,0,1,0,111
543026,1,0,1,0,0,0,111
543248,1,1,1,1,1,0,111
544870,1,0,0,1,1,0,111
545017,0,1,0,1,0,0,111
545208,1,0,1,0,0,0,111
545259,0,0,0,0,1,0,111
545458,1,0,1,0,0,0,111
545727,0,0,1,1,0,0,111
546000,1,1,1,1,1,0,111
546802,1,1,1,1,1,0,111
546860,0,0,1,1,0,0,111
546877,0,1,0,1,0,0,111
546911,1,1,0,0,0,0,111
547713,1,0,1,0,0,0,111
547921,0,0,0,0,1,0,111
548101,1,1,1,1,1,0,111
548461,1,0,0,1,1,0,111
548466,0,0,0,0,1,0,111
548565,0,0,0,0,1,0,111
548786,0,1,1,0,1,0,111
549072,1,0,1,0,0,0,111
549186,1,0,0,1,1,0,111
549282,1,1,0,0,0,0,111
549299,0,0,1,1,0,0,111
549502,0,1,1,0,1,0,111
550017,0,1,1,0,1,0,111
550505,0,0,0,0,1,0,111
551003,1,0,1,0,0,0,111
551122,0,0,1,1,0,0,111
551124,1,1,1,1,1,0,111
551150,1,0,0,1,1,0,111
551247,1,0,0,1,1,0,111
551531,0,1,1,0,1,0,111
551757,1,1,0,0,0,0,111
551896,1,0,1,0,0,0,111
552113,1,0,1,0,0,0,111
552277,0,0,1,1,0,0,111
552511,1,1,1,1,1,0,111
552665,0,1,0,1,0,0,111
552723,1,0,1,0,0,0,111
552790,1,0,0,1,1,0,111
553231,0,0,1,1,0,0,111
553601,0,0,1,1,0,0,111
554261,0,0,1,1,0,0,111
554771,1,1,0,0,0,0,111
555177,0,1,0,1,0,0,111
555389,0,0,1,1,0,0,111
555526,0,0,1,1,0,0,111
555753,1,0,1,0,0,0,111
555776,0,0,0,0,1,0,111
556072,0,0,0,0,1,0,111
556171,0,0,1,1,0,0,111
556410,0,1,1,0,1,0,111
557186,1,1,0,0,0,0,111
557336,0,0,0,0,1,0,111
557539,0,0,0,0,1,0,111
557625,1,0,0,1,1,0,111
557629,1,0,1,0,0,0,111
557677,1,0,0,1,1,0,111
557986,1,1,0,0,0,0,111
558160,0,1,0,1,0,0,111
558546,1,0,1,0,0,0,111
558579,1,1,0,0,0,0,111
558685,1,1,0,0,0,0,111
558760,1,1,0,0,0,0,111
558953,1,0,1,0,0,0,111
558962,0,1,0,1,0,0,111
559246,0,0,0,0,1,0,111
560040,0,0,1,1,0,0,111
560227,1,0,1,0,0,0,111
560454,1,0,0,1,1,0,111
560459,1,0,1,0,0,0,111
560723,1,0,1,0,0,0,111
560871,0,1,0,1,0,0,111
561881,1,0,0,1,1,0,111
562231,1,0,0,1,1,0,111
562722,1,1,1,1,1,0,111
562956,0,1,1,0,1,0,111
563313,1,1,0,0,0,0,111
563424,0,0,0,0,1,0,111
563801,0,1,0,1,0,0,111
563869,0,1,1,0,1,0,111
564022,0,0,1,1,0,0,111
564082,0,1,0,1,0,0,111
564268,0,0,0,0,1,0,111
564601,0,1,0,1,0,0,111
564816,0,1,1,0,1,0,111
565292,1,0,0,1,1,0,111
565808,0,0,1,1,0,0,111
566252,0,1,0,1,0,0,111
566568,1,1,0,1,0,0,111
566597,0,0,0,0,1,0,111
566616,1,0,1,0,0,0,111
566622,0,0,0,0,1,0,111
567098,1,0,1,0,0,0,111
567270,0,1,1,0,1,0,111
567444,1,1,1,1,1,0,111
567501,1,0,1,0,0,0,111
567818,1,1,0,0,0,0,111
567884,0,0,1,1,0,0,111
567944,1,1,1,1,1,0,111
568063,1,0,0,1,1,0,111
568215,0,1,0,1,0,0,111
568353,1,0,0,1,1,0,111
568502,0,0,0,0,1,0,111
568804,0,0,0,0,1,0,111
568921,1,1,0,0,0,0,111
569967,0,1,0,1,0,0,111
570026,0,1,0,1,0,0,111
570197,0,0,0,0,1,0,111
570211,0,0,0,0,1,0,111
570517,0,1,0,1,0,0,111
570667,1,0,1,0,0,0,111
571488,0,1,1,0,1,0,111
571559,0,1,1,0,1,0,111
571772,0,0,0,0,1,0,111
572021,1,0,0,1,1,0,111
572072,0,1,0,1,0,0,111
572698,0,0,0,0,1,0,111
573100,0,1,0,1,0,0,111
574362,0,0,1,1,0,0,111
574989,0,0,1,1,0,0,111
575022,1,1,0,0,0,0,111
575153,1,0,0,1,1,0,111
575248,1,0,1,0,0,0,111
575363,0,0,0,0,1,0,111
575614,1,1,0,0,0,0,111
575777,1,1,0,0,0,0,111
576820,1,0,1,0,0,0,111
577411,1,1,0,0,0,0,111
577469,1,1,1,1,1,0,111
578001,0,0,0,0,1,0,111
578451,1,0,0,1,1,0,111
579056,1,1,0,0,0,0,111
580391,1,1,0,0,0,0,111
580874,0,1,1,0,1,0,111
581045,0,0,1,1,0,0,111
581762,0,1,0,1,0,0,111
582039,0,0,1,0,0,0,111
582150,0,1,1,0,1,0,111
582418,1,1,1,1,1,0,111
582431,0,0,0,0,1,0,111
582458,0,1,1,0,1,0,111
582626,1,0,1,0,0,0,111
583012,0,1,0,1,0,0,111
583071,1,1,1,1,1,0,111
584578,1,1,1,1,1,0,111
584696,0,1,1,0,1,0,111
585566,1,0,0,1,1,0,111
585660,1,1,1,1,1,0,111
585703,0,1,0,1,0,0,111
586204,0,1,0,1,0,0,111
586212,0,1,1,0,1,0,111
587143,0,1,0,1,0,0,111
587859,1,0,1,0,0,0,111
587907,1,1,0,0,0,0,111
588016,0,1,1,0,1,0,111
588136,1,0,1,0,0,0,111
588288,1,1,0,1,0,0,111
588359,0,1,0,1,0,0,111
588933,1,0,0,1,1,0,111
589456,0,0,0,0,1,0,111
589480,0,0,0,0,1,0,111
589824,1,1,0,0,0,0,111
589861,0,1,0,1,0,0,111
589922,1,1,0,0,0,0,111
589938,0,0,0,0,1,0,111
590860,0,1,0,1,0,0,111
591347,1,0,1,0,0,0,111
591364,0,1,0,1,0,0,111
591501,0,1,1,0,1,0,111
591960,1,1,1,1,1,0,111
592192,0,1,1,0,1,0,111
592245,1,1,1,1,1,0,111
592250,0,0,0,0,1,0,111
592349,0,1,0,1,0,0,111
592412,1,1,0,0,0,0,111
592420,0,1,1,1,1,1,111
593270,1,0,0,1,1,0,111
593368,1,1,1,1,1,0,111
593700,0,1,1,0,1,0,111
593787,0,1,1,0,1,0,111
594021,0,0,1,1,0,0,111
594321,1,0,0,1,1,0,111
594495,1,0,0,1,1,0,111
594510,1,0,0,1,1,0,111
594991,0,1,0,1,0,0,111
595103,1,1,0,0,0,0,111
595569,1,0,0,1,1,0,111
595741,1,1,1,1,1,0,111
595816,1,0,0,1,1,0,111
595848,0,1,0,1,0,0,111
596175,1,0,1,0,0,0,111
596403,1,1,0,0,0,0,111
596579,0,1,1,0,1,0,111
596765,1,0,1,0,0,0,111
596893,1,0,1,0,0,0,111
597067,0,1,0,1,0,0,111
597168,1,0,1,0,0,0,111
597362,0,1,0,1,0,0,111
597704,0,0,0,0,1,0,111
598018,0,1,0,1,0,0,111
598252,1,1,1,1,1,0,111
598397,1,0,1,0,0,0,111
598501,0,0,0,0,1,0,111
598542,0,0,0,0,1,0,111
598660,0,1,1,0,1,0,111
599074,1,0,1,0,0,0,111
599098,0,0,1,0,0,0,111
599825,1,0,1,0,0,0,111
600227,0,0,1,1,0,0,111
600576,0,0,1,1,0,0,111
600616,1,0,1,0,0,0,111
600622,0,0,1,1,0,0,111
601014,1,1,0,0,0,0,111
602120,1,1,0,0,0,0,111
602223,0,0,0,0,1,0,111
602332,0,0,1,1,0,0,111
602363,1,1,1,1,1,0,111
602364,1,0,1,0,0,0,111
602423,1,0,1,0,0,0,111
602968,1,0,0,1,1,0,111
603011,0,1,0,1,0,0,111
603064,0,0,0,0,1,0,111
603065,0,1,1,0,1,0,111
603415,0,1,0,1,0,0,111
603572,0,1,0,1,0,0,111
603743,0,0,0,0,1,0,111
603886,1,1,0,0,0,0,111
604271,1,1,0,0,0,0,111
604624,0,1,1,0,1,0,111
604909,1,1,0,0,0,0,111
605453,0,0,0,0,1,0,111
605509,0,0,1,1,0,0,111
605560,1,0,0,1,1,0,111
605657,1,1,1,1,1,0,111
605751,1,0,1,0,0,0,111
606024,1,1,0,0,0,0,111
606127,1,0,0,1,1,0,111
606534,0,1,1,0,1,0,111
606941,1,0,0,1,1,0,111
607134,1,1,0,0,0,0,111
607204,1,0,0,1,1,0,111
607332,0,1,1,0,1,0,111
607359,1,0,0,1,1,0,111
607458,1,0,1,0,0,0,111
608471,0,1,1,0,1,0,111
608567,0,1,1,1,1,1,111
608586,1,0,1,0,0,0,111
608756,0,1,1,0,1,0,111
608918,1,1,1,1,1,0,111
609802,1,1,1,1,1,0,111
609935,1,1,1,0,1,1,111
610648,0,0,1,1,0,0,111
610841,1,0,0,1,1,0,111
611122,1,1,0,0,0,0,111
611134,0,0,0,0,1,0,111
612070,1,1,1,1,1,0,111
612627,0,0,0,0,1,0,111
613051,0,0,1,1,0,0,111
613113,1,1,1,1,1,0,111
613667,1,1,0,0,0,0,111
614304,1,1,1,1,1,0,111
615138,1,1,1,1,1,0,111
615601,1,1,0,0,0,0,111
616146,0,1,0,1,0,0,111
616548,1,1,1,0,1,1,111
616640,1,0,0,1,1,0,111
617043,1,1,0,0,0,0,111
617145,0,0,1,1,0,0,111
617168,1,1,0,0,0,0,111
617364,0,0,0,0,1,0,111
617688,1,1,1,1,1,0,111
617852,0,1,1,0,1,0,111
617911,1,0,1,0,0,0,111
618214,1,0,1,0,0,0,111
618238,1,0,0,1,1,0,111
618580,1,1,1,1,1,0,111
618748,0,0,1,1,0,0,111
619398,0,1,0,1,0,0,111
620023,1,0,0,1,1,0,111
620745,1,1,1,1,1,0,111
620847,1,1,1,1,1,0,111
620993,0,1,1,0,1,0,111
621140,0,0,0,0,1,0,111
621948,1,1,1,1,1,0,111
622112,0,0,0,0,1,0,111
622635,0,0,1,1,0,0,111
622823,0,1,0,1,0,0,111
622937,1,0,1,0,0,0,111
622995,0,0,1,1,0,0,111
623259,0,1,1,0,1,0,111
623471,1,0,0,1,1,0,111
623997,0,1,0,1,0,0,111
624001,1,1,0,0,0,0,111
624194,1,0,1,0,0,0,111
624279,1,0,0,1,1,0,111
624744,1,1,0,0,0,0,111
624961,1,0,0,1,1,0,111
625347,0,0,0,1,1,1,111
625442,1,1,0,0,0,0,111
625474,1,0,0,1,1,0,111
625747,1,1,1,1,1,0,111
625751,1,0,0,1,1,0,111
625765,1,1,0,0,0,0,111
625771,1,1,0,0,0,0,111
626006,1,0,1,0,0,0,111
626186,0,0,0,0,1,0,111
626657,1,1,1,1,1,0,111
626778,1,0,0,1,1,0,111
627206,1,0,0,1,1,0,111
627485,1,0,1,0,0,0,111
627819,1,1,0,0,0,0,111
628268,0,0,0,0,1,0,111
628410,1,1,1,1,1,0,111
628430,1,1,0,0,0,0,111
628925,1,0,0,1,1,0,111
629207,0,0,0,0,1,0,111
629295,1,1,1,1,1,0,111
629305,1,1,1,1,1,0,111
629658,0,1,0,1,0,0,111
630148,1,0,0,1,1,0,111
630156,1,1,1,1,1,0,111
630485,0,0,1,1,0,0,111
630649,0,0,0,0,1,0,111
630994,1,0,0,1,1,0,111
631291,0,0,1,1,0,0,111
631439,1,0,0,1,1,0,111
631775,1,0,1,0,0,0,111
632099,1,0,1,0,0,0,111
632615,1,1,0,0,0,0,111
632707,1,0,0,1,1,0,111
633262,0,0,0,0,1,0,111
634055,1,1,0,0,0,0,111
634209,0,1,1,0,1,0,111
634486,1,0,1,0,0,0,111
634721,0,0,0,0,1,0,111
635137,1,0,0,1,1,0,111
636122,0,0,1,1,0,0,111
636538,1,1,1,1,1,0,111
636819,1,0,0,1,1,0,111
637014,0,1,0,1,0,0,111
637346,1,1,0,0,0,0,111
637498,0,1,1,0,1,0,111
637822,0,1,1,0,1,0,111
637884,1,0,0,1,1,0,111
638050,1,1,0,1,0,0,111
640193,0,0,0,0,1,0,111
640330,0,1,1,0,1,0,111
641202,1,0,0,1,1,0,111
641358,1,0,0,1,1,0,111
641381,0,0,0,0,1,0,111
641488,1,0,0,1,1,0,111
641650,1,1,1,1,1,0,111
641765,1,1,1,1,1,0,111
642096,0,0,1,1,0,0,111
643118,1,1,1,1,1,0,111
644265,1,1,0,0,0,0,111
644343,0,1,0,1,0,0,111
644512,1,0,1,0,0,0,111
645065,0,0,0,0,1,0,111
645111,1,1,0,0,0,0,111
645155,0,1,1,0,1,0,111
645190,1,0,1,0,0,0,111
645284,0,0,0,0,1,0,111
645785,1,1,0,0,0,0,111
645839,0,0,1,1,0,0,111
645900,1,1,1,1,1,0,111
645939,0,1,1,0,1,0,111
646114,1,0,1,0,0,0,111
646263,0,0,1,1,0,0,111
646286,0,0,0,0,1,0,111
646678,0,0,1,1,0,0,111
646867,1,1,0,0,0,0,111
647028,1,1,0,0,0,0,111
647328,1,1,1,1,1,0,111
647548,1,0,1,0,0,0,111
647613,0,0,1,1,0,0,111
647786,1,1,1,1,1,0,111
647819,0,1,1,0,1,0,111
647952,1,0,0,1,1,0,111
647984,0,0,1,1,0,0,111
648012,1,0,0,1,1,0,111
648310,1,1,1,1,1,0,111
648544,0,0,1,1,0,0,111
648775,0,1,0,1,0,0,111
648992,0,1,0,1,0,0,111
649083,0,1,1,0,1,0,111
649494,1,1,1,1,1,0,111
649562,1,1,0,0,0,0,111
649805,1,1,0,0,0,0,111
650036,1,1,0,0,0,0,111
650081,1,1,1,1,1,0,111
650363,1,1,0,0,0,0,111
650503,0,0,1,1,0,0,111
651048,1,1,0,0,0,0,111
651190,0,0,1,1,0,0,111
651309,0,0,0,0,1,0,111
651354,0,1,1,0,1,0,111
651423,0,1,1,0,1,0,111
651549,0,0,1,1,0,0,111
651677,1,0,1,0,0,0,111
651831,0,0,1,0,0,0,111
651882,1,0,0,1,1,0,111
652424,0,1,0,1,0,0,111
652676,0,0,1,1,0,0,111
652772,0,1,1,1,1,1,111
652927,0,1,0,1,0,0,111
654133,1,1,0,0,0,0,111
654170,1,1,1,1,1,0,111
654224,1,0,1,0,0,0,111
654491,0,0,0,0,1,0,111
654612,1,0,1,0,0,0,111
654626,0,0,1,1,0,0,111
654698,1,1,1,1,1,0,111
654866,1,1,0,0,0,0,111
655412,1,0,0,1,1,0,110
656382,0,0,0,0,1,0,110
656588,1,1,1,1,1,0,110
657242,1,0,1,0,0,0,110
657471,0,0,0,0,1,0,110
658405,0,1,1,0,1,0,110
658426,1,0,1,0,0,0,110
659647,1,0,1,0,0,0,110
659819,1,1,1,0,1,1,110
659899,0,1,1,0,1,0,110
660051,0,1,1,0,1,0,110
660138,1,1,0,1,0,0,110
660360,1,0,0,1,1,0,110
660709,1,1,1,1,1,0,110
661721,0,1,0,1,0,0,110
662039,0,1,0,1,0,0,110
662197,1,0,1,0,0,0,110
662200,1,0,0,1,1,0,110
662352,0,1,1,0,1,0,110
663012,0,0,1,0,0,0,110
663027,0,0,0,0,1,0,110
663505,1,1,0,0,0,0,110
664726,0,0,0,0,1,0,110
665188,1,0,1,0,0,0,110
666275,1,0,1,0,0,0,110
666626,0,1,0,1,0,0,110
667000,0,1,1,0,1,0,110
667087,1,0,0,1,1,0,110
667628,0,1,1,0,1,0,110
668038,1,1,1,1,1,0,110
668389,0,1,0,1,0,0,110
668644,1,0,1,0,0,0,110
668676,0,0,0,0,1,0,110
668785,1,0,1,0,0,0,110
668979,0,1,0,1,0,0,110
668983,0,0,0,0,1,0,110
669302,0,0,1,1,0,0,110
669850,1,0,1,0,0,0,110
669890,1,0,0,1,1,0,110
670007,0,1,0,1,0,0,110
670195,1,1,1,1,1,0,110
670853,1,1,0,0,0,0,110
671403,1,0,1,0,0,0,110
671704,0,0,0,1,1,1,110
671822,0,1,0,1,0,0,110
671959,0,0,0,0,1,0,110
672090,0,1,1,0,1,0,110
672247,0,0,1,1,0,0,110
672273,0,0,1,1,0,0,110
672553,1,1,0,0,0,0,110
673448,0,0,0,0,1,0,110
674343,1,0,0,1,1,0,110
674363,1,1,0,0,0,0,110
674366,0,0,1,1,0,0,110
674484,1,1,1,1,1,0,110
676076,0,1,1,0,1,0,110
676805,0,1,0,1,0,0,110
676832,0,0,1,0,0,0,110
677481,0,1,0,1,0,0,110
677553,0,1,1,1,1,1,110
677673,0,0,1,1,0,0,110
677762,1,1,0,0,0,0,110
677839,1,1,1,1,1,0,110
678027,1,1,0,0,0,0,110
678286,1,0,1,0,0,0,110
678288,0,0,0,0,1,0,110
678322,1,1,0,1,0,0,110
679108,1,1,1,1,1,0,110
679116,1,0,1,0,0,0,110
679216,1,1,1,1,1,0,110
679492,1,1,0,0,0,0,110
679677,0,1,0,1,0,0,110
680529,0,1,0,1,0,0,110
680747,1,0,0,1,1,0,110
680852,1,1,0,0,0,0,110
680960,0,0,1,1,0,0,110
681078,1,0,1,0,0,0,110
681180,0,1,0,1,0,0,110
681303,1,0,1,0,0,0,110
681666,1,1,1,1,1,0,110
681953,1,1,0,0,0,0,110
683299,0,0,1,1,0,0,110
683662,1,0,0,1,1,0,110
684575,1,0,1,0,0,0,110
685614,0,1,1,0,1,0,110
685795,1,0,1,0,0,0,110
685858,0,1,0,1,0,0,110
685940,0,1,1,0,1,0,110
687386,0,1,1,0,1,0,110
687626,0,1,1,0,1,0,110
688157,0,0,0,0,1,0,110
688564,0,1,0,1,0,0,110
688991,0,1,0,1,0,0,110
689704,0,1,1,0,1,0,110
689712,0,1,1,0,1,0,110
689892,1,1,0,0,0,0,110
690318,1,1,0,0,0,0,110
690416,0,1,0,1,0,0,110
691535,1,0,0,1,1,0,110
692299,1,0,0,1,1,0,110
693050,0,1,1,0,1,0,110
693266,1,1,1,1,1,0,110
693419,0,0,1,1,0,0,110
694088,0,1,0,1,0,0,110
694324,0,0,1,1,0,0,110
695039,0,0,1,1,0,0,110
695088,1,1,0,0,0,0,110
695346,1,0,1,0,0,0,110
695347,1,1,1,1,1,0,110
695707,0,1,0,1,0,0,110
696290,0,1,1,0,1,0,110
696434,1,1,0,0,0,0,110
696474,0,0,0,0,1,0,110
696867,0,1,1,0,1,0,110
697734,1,0,1,0,0,0,110
697762,0,1,1,0,1,0,110
697793,0,0,1,0,0,0,110
697942,0,0,1,1,0,0,110
697952,0,1,1,0,1,0,110
698031,0,1,1,0,1,0,110
698567,0,0,0,0,1,0,110
698837,0,1,0,1,0,0,110
699138,1,0,1,0,0,0,110
700009,0,0,0,0,1,0,110
700135,0,1,0,1,0,0,110
700233,1,1,0,0,0,0,110
700286,0,1,0,1,0,0,110
700303,1,1,0,0,0,0,110
700677,0,0,1,1,0,0,110
700799,0,1,0,1,0,0,110
700988,0,1,0,1,0,0,110
701377,0,1,0,1,0,0,110
702161,1,1,1,1,1,0,110
702202,0,0,1,1,0,0,110
702322,1,1,1,1,1,0,110
702960,0,1,1,0,1,0,110
703563,1,0,0,1,1,0,110
704271,1,0,0,1,1,0,110
704859,1,0,1,0,0,0,110
705066,0,0,1,1,0,0,110
705358,1,1,0,0,0,0,110
705621,1,1,0,0,0,0,110
705662,1,1,0,0,0,0,110
705791,0,1,0,1,0,0,110
705915,0,1,1,0,1,0,110
706061,1,0,1,0,0,0,110
706445,0,1,1,0,1,0,110
706466,1,1,1,1,1,0,110
707008,0,0,1,1,0,0,110
707651,0,0,1,1,0,0,110
708685,0,0,1,1,0,0,110
709684,0,1,0,1,0,0,110
709790,1,1,0,0,0,0,110
709845,1,0,1,0,0,0,110
710003,0,1,1,0,1,0,110
711507,0,0,1,1,0,0,110
711828,1,1,0,0,0,0,110
712167,0,1,0,1,0,0,110
712960,0,1,0,1,0,0,110
712980,1,1,0,0,0,0,110
713164,0,0,0,0,1,0,110
713601,0,0,1,1,0,0,110
713817,1,0,0,1,1,0,110
713978,1,1,0,0,0,0,110
714010,1,1,1,1,1,0,110
714117,1,1,1,1,1,0,110
714210,1,1,0,0,0,0,110
714301,0,1,1,0,1,0,110
714461,0,0,1,1,0,0,110
715380,1,0,0,1,1,0,110
715458,0,1,1,0,1,0,110
715953,1,0,1,0,0,0,110
716009,0,0,1,1,0,0,110
716204,0,0,1,1,0,0,110
716498,1,0,0,1,1,0,110
716926,0,1,0,1,0,0,110
717148,1,0,0,1,1,0,110
717371,0,0,1,1,0,0,110
717677,1,0,0,1,1,0,110
717750,0,0,1,1,0,0,110
717879,1,1,0,0,0,0,110
718096,0,0,1,1,0,0,110
718148,1,0,0,1,1,0,110
718856,0,0,1,1,0,0,110
718953,0,0,1,1,0,0,110
719446,0,1,0,1,0,0,110
719690,1,1,0,0,0,0,110
719939,1,1,1,1,1,0,110
720038,0,1,1,0,1,0,110
720251,1,1,1,1,1,0,110
720417,0,1,1,0,1,0,110
720472,0,0,1,1,0,0,110
720690,0,1,1,0,1,0,110
720708,0,0,1,1,0,0,110
721067,1,1,0,0,0,0,126
721068,1,0,0,1,1,0,126
721084,1,1,1,1,1,0,126
721193,1,1,1,1,1,0,126
721260,1,0,1,0,0,0,126
722009,1,0,1,0,0,0,126
722296,1,0,1,0,0,0,126
723068,1,1,0,0,0,0,126
723082,0,1,0,1,0,0,126
723259,0,1,0,1,0,0,126
723277,0,1,1,0,1,0,126
723754,1,1,1,1,1,0,126
723999,1,1,0,0,0,0,126
724343,0,0,1,1,0,0,126
724754,1,0,0,1,1,0,126
724779,0,1,0,1,0,0,126
725226,0,0,1,1,0,0,126
725232,1,0,1,0,0,0,126
725377,0,1,1,0,1,0,126
725456,0,0,0,0,1,0,126
725807,1,0,1,0,0,0,126
725812,0,1,0,1,0,0,126
726064,0,1,1,0,1,0,126
726091,0,0,1,1,0,0,126
726505,1,0,1,0,0,0,126
727248,1,1,1,1,1,0,126
727324,1,0,1,0,0,0,126
728101,1,1,1,1,1,0,126
728383,1,0,1,0,0,0,126
728411,0,1,0,0,0,0,126
728442,1,0,1,0,0,0,126
728845,1,1,1,1,1,0,126
729060,1,1,1,1,1,0,126
729125,0,0,1,1,0,0,126
729474,1,0,1,0,0,0,126
729475,0,0,0,0,1,0,126
729644,1,0,0,1,1,0,126
729657,0,1,1,0,1,0,126
729837,1,0,1,0,0,0,126
730026,0,0,0,0,1,0,126
730117,0,1,0,1,0,0,126
730191,1,1,0,0,0,0,126
730305,0,0,1,1,0,0,126
730426,1,1,0,0,0,0,126
730801,1,0,1,0,0,0,126
730806,1,0,0,1,1,0,126
730895,1,1,0,0,0,0,126
731048,1,1,0,0,0,0,126
731127,0,0,0,0,1,0,126
731342,1,1,0,0,0,0,126
731369,0,0,0,0,1,0,126
732482,0,1,1,0,1,0,126
732610,0,0,1,1,0,0,126
732864,0,0,1,1,0,0,126
732912,1,1,0,0,0,0,126
732918,0,1,0,1,0,0,126
732951,0,1,1,0,1,0,126
733052,0,0,0,0,1,0,126
733123,0,1,0,1,0,0,126
733225,1,1,0,0,0,0,126
733307,0,0,1,1,0,0,126
733460,0,1,1,0,1,0,126
733736,1,1,0,0,0,0,126
733888,0,0,0,0,1,0,126
734572,0,0,1,1,0,0,126
734612,1,1,0,0,0,0,126
734693,0,0,0,0,1,0,126
734780,1,0,0,1,1,0,126
734950,1,1,1,1,1,0,126
735039,1,0,1,0,0,0,126
735112,1,1,1,1,1,0,126
735182,1,0,1,0,0,0,126
736355,1,0,0,1,1,0,126
736728,0,0,1,0,0,0,126
736847,0,1,1,0,1,0,126
736896,0,0,1,1,0,0,126
737044,0,1,1,0,1,0,126
737187,1,1,0,0,0,0,126
737577,0,0,1,1,0,0,126
737903,0,1,1,0,1,0,126
737952,0,0,1,1,0,0,126
737955,0,0,1,1,0,0,126
738264,0,0,1,1,0,0,126
738303,1,0,1,0,0,0,126
738723,1,0,1,0,0,0,126
739001,1,0,0,1,1,0,126
739164,0,0,1,1,0,0,126
739213,0,1,0,1,0,0,126
739241,1,1,0,0,0,0,126
740026,1,1,0,0,0,0,126
740119,0,0,1,1,0,0,126
740920,0,1,0,1,0,0,126
741117,0,1,0,1,0,0,126
741646,0,0,1,1,0,0,126
741821,1,1,0,0,0,0,126
742098,1,0,1,0,0,0,126
742331,1,1,1,1,1,0,126
742380,0,1,1,0,1,0,126
742527,0,1,0,1,0,0,126
742590,1,0,0,1,1,0,126
743083,0,0,0,0,1,0,126
743267,1,1,0,0,0,0,126
743271,0,0,0,0,1,0,126
743325,0,0,0,0,1,0,126
743443,0,1,0,1,0,0,126
743527,0,1,1,0,1,0,126
743704,0,1,1,0,1,0,126
743781,0,0,1,1,0,0,126
744476,0,0,1,0,0,0,126
744581,1,1,0,0,0,0,126
744702,1,0,1,0,0,0,126
745342,1,1,1,1,1,0,126
745889,0,1,0,1,0,0,126
746534,1,1,1,1,1,0,126
746556,1,0,1,0,0,0,126
746608,1,0,1,0,0,0,126
747408,1,0,1,0,0,0,126
747556,1,1,0,0,0,0,126
747593,0,1,1,0,1,0,126
747782,0,1,0,1,0,0,126
747945,0,0,0,0,1,0,126
748363,1,1,1,1,1,0,126
748512,0,1,0,1,0,0,126
748812,0,1,1,0,1,0,126
748981,1,0,0,1,1,0,126
749302,0,1,1,0,1,0,126
749363,0,0,0,0,1,0,126
749407,1,0,1,0,0,0,126
749525,0,0,1,1,0,0,126
750046,1,0,0,1,1,0,126
750100,0,1,0,0,0,0,126
750698,1,1,1,1,1,0,126
750881,0,1,0,1,0,0,126
750984,0,1,1,0,1,0,126
751097,1,0,0,1,1,0,126
751193,0,1,0,1,0,0,126
751876,1,1,1,1,1,0,126
751893,0,1,0,1,0,0,126
752211,1,0,0,1,1,0,126
752435,0,1,1,0,1,0,126
752562,1,1,1,1,1,0,126
752631,0,1,0,1,0,0,126
752669,1,0,1,0,0,0,126
752731,1,0,0,1,1,0,126
753181,1,0,1,0,0,0,126
754224,1,1,0,0,0,0,126
754340,1,0,0,0,1,1,126
754341,1,1,1,1,1,0,126
754455,0,1,1,0,1,0,126
754518,0,1,1,0,1,0,126
754996,0,1,1,0,1,0,126
755050,0,0,0,0,1,0,126
755139,1,1,1,1,1,0,126
755272,0,0,0,0,1,0,126
755280,0,1,1,0,1,0,126
755676,1,0,1,0,0,0,126
755715,0,1,1,0,1,0,126
755776,1,0,0,1,1,0,126
755846,0,0,1,1,0,0,126
756061,1,0,0,1,1,0,126
756119,0,1,1,0,1,0,126
756673,1,0,1,0,0,0,126
756847,0,0,1,1,0,0,126
757101,0,0,1,1,0,0,126
757325,0,0,0,0,1,0,126
757640,1,0,1,0,0,0,126
757858,0,1,1,0,1,0,126
758262,0,0,0,0,1,0,126
758279,1,1,0,0,0,0,126
758381,1,1,0,0,0,0,126
758410,0,0,0,0,1,0,126
758915,0,1,1,0,1,0,126
759662,0,0,1,1,0,0,126
759752,0,0,1,1,0,0,126
760109,0,1,1,0,1,0,126
760133,1,1,0,0,0,0,126
760208,0,0,1,1,0,0,126
760328,1,1,0,0,0,0,126
760334,1,0,0,1,1,0,126
761316,0,0,0,0,1,0,126
761617,1,1,0,0,0,0,126
762017,1,1,1,1,1,0,126
762273,1,0,1,0,0,0,126
762295,0,0,1,1,0,0,126
762445,0,0,0,0,1,0,126
762542,0,1,0,1,0,0,126
762613,1,1,1,1,1,0,126
762912,0,1,1,0,1,0,126
763866,1,0,0,1,1,0,126
764359,1,0,1,0,0,0,126
764406,0,0,0,0,1,0,126
764442,0,1,1,0,1,0,126
764700,0,1,0,1,0,0,126
764705,0,0,1,1,0,0,126
765278,1,0,1,0,0,0,126
765347,0,0,1,1,0,0,126
765768,1,1,1,1,1,0,126
765804,1,1,0,0,0,0,126
765997,0,0,1,1,0,0,126
766091,1,1,1,1,1,0,126
766183,0,1,0,1,0,0,126
766225,1,1,0,0,0,0,126
766747,0,0,0,0,1,0,126
766972,1,1,1,1,1,0,126
767349,0,1,1,0,1,0,126
767559,0,1,0,1,0,0,126
767792,1,1,1,1,1,0,126
767912,1,0,1,0,0,0,126
767962,0,0,0,0,1,0,126
768390,0,0,0,0,1,0,126
768417,1,0,1,0,0,0,126
768454,1,1,1,1,1,0,126
768845,0,0,0,0,1,0,126
769033,1,0,0,1,1,0,126
769749,1,0,1,0,0,0,126
770037,1,0,1,0,0,0,126
770211,1,1,0,0,0,0,126
770272,1,0,1,0,0,0,126
770292,0,1,0,1,0,0,126
770376,0,0,1,1,0,0,126
770452,1,0,1,0,0,0,126
770502,1,1,1,1,1,0,126
770719,0,0,1,1,0,0,126
771377,1,0,1,0,0,0,126
771732,0,1,0,1,0,0,126
772151,0,0,1,0,0,0,126
772258,0,0,1,1,0,0,126
772734,0,0,0,0,1,0,126
773283,1,1,1,1,1,0,126
773829,1,1,0,1,0,0,126
774106,0,0,1,1,0,0,126
774200,0,0,0,0,1,0,126
774319,1,0,1,0,0,0,126
774415,1,1,1,1,1,0,126
774519,1,0,1,0,0,0,126
775054,1,0,1,0,0,0,126
775206,0,1,0,1,0,0,126
775431,1,0,1,0,0,0,126
776717,0,0,0,0,1,0,126
777704,0,1,1,0,1,0,126
777744,0,0,0,0,1,0,126
777811,0,0,0,0,1,0,126
777991,0,1,1,0,1,0,126
778025,1,0,1,0,0,0,126
778088,1,0,0,1,1,0,126
778122,1,1,0,0,0,0,126
778155,1,0,1,0,0,0,126
778363,1,0,1,0,0,0,126
778631,1,0,1,0,0,0,126
778641,0,1,0,1,0,0,126
778768,1,0,1,0,0,0,126
779135,0,0,0,0,1,0,126
779759,1,0,0,1,1,0,126
780287,0,1,0,0,0,0,126
780454,0,0,0,0,1,0,126
780501,0,1,0,1,0,0,126
780622,0,0,1,1,0,0,126
781158,1,0,1,0,0,0,126
781163,0,1,0,0,0,0,126
781317,1,0,0,1,1,0,126
781387,1,1,1,1,1,0,126
781391,1,1,1,1,1,0,126
781853,0,0,0,0,1,0,126
782268,1,1,0,0,0,0,126
782490,1,0,0,1,1,0,126
783247,1,1,1,1,1,0,126
783410,0,1,1,0,1,0,126
783801,0,0,1,1,0,0,126
783922,0,0,1,1,0,0,126
784193,1,0,0,1,1,0,126
784908,1,1,0,0,0,0,126
784917,1,0,0,0,1,1,126
785646,1,0,0,1,1,0,126
785758,1,0,0,0,1,1,126
785773,0,0,0,0,1,0,126
785934,0,0,0,0,1,0,126
786096,1,1,1,1,1,0,126
786369,1,1,1,1,1,0,126
786463,1,1,0,0,0,0,162
786486,1,0,0,1,1,0,162
786713,0,1,1,0,1,0,162
786897,0,1,0,1,0,0,162
786956,1,1,1,1,1,0,162
787317,1,1,1,1,1,0,162
787551,1,1,1,1,1,0,162
787875,1,0,1,0,0,0,162
788592,0,0,1,1,0,0,162
788605,0,0,0,0,1,0,162
788700,0,1,1,0,1,0,162
788943,0,1,1,0,1,0,162
788952,0,0,0,0,1,0,162
789040,0,1,0,1,0,0,162
789092,0,1,1,0,1,0,162
789108,0,1,1,0,1,0,162
789118,0,0,0,0,1,0,162
789413,0,0,1,1,0,0,162
789710,1,0,0,1,1,0,162
789724,1,0,0,1,1,0,162
789778,0,1,0,1,0,0,162
790029,1,1,1,1,1,0,162
790387,0,0,1,1,0,0,162
790779,1,0,1,0,0,0,162
790964,1,1,0,0,0,0,162
791066,0,0,1,1,0,0,162
791145,1,0,0,1,1,0,162
791262,0,1,1,0,1,0,162
791421,1,1,1,1,1,0,162
791730,1,0,1,0,0,0,162
791814,1,0,1,0,0,0,162
791926,0,0,1,1,0,0,162
791946,1,1,1,1,1,0,162
792183,1,0,0,1,1,0,162
792930,1,1,0,0,0,0,162
792969,1,1,1,1,1,0,162
793349,0,0,0,0,1,0,162
793369,1,1,0,0,0,0,162
793782,1,0,1,1,0,0,162
793912,0,1,1,0,1,0,162
794289,0,0,0,0,1,0,162
794654,1,0,0,1,1,0,162
794887,1,0,0,1,1,0,162
795660,0,1,0,1,0,0,162
795853,0,1,1,0,1,0,162
795899,0,1,1,0,1,0,162
795933,1,1,1,1,1,0,162
796141,1,1,1,1,1,0,162
796420,1,0,0,1,1,0,162
796672,0,0,0,0,1,0,162
796691,0,1,0,1,0,0,162
796786,0,0,0,0,1,0,162
796897,0,0,0,0,1,0,162
797071,0,0,1,1,0,0,162
797155,0,0,1,1,0,0,162
797231,0,0,0,0,1,0,162
798005,0,0,0,0,1,0,162
798037,1,0,0,1,1,0,162
798130,1,0,0,1,1,0,162
798201,0,1,0,0,0,0,162
798333,1,0,1,0,0,0,162
798535,0,1,0,1,0,0,162
798774,0,0,0,0,1,0,162
798870,1,1,1,1,1,0,162
798927,0,0,0,0,1,0,162
799013,1,1,1,1,1,0,162
799081,0,0,0,0,1,0,162
799455,0,0,1,1,0,0,162
799576,1,1,0,0,0,0,162
799979,0,1,0,1,0,0,162
800096,0,1,0,1,0,0,162
800216,0,1,0,1,0,0,162
800353,0,1,0,1,0,0,162
800384,0,1,0,1,0,0,162
800700,0,1,0,1,0,0,162
800892,0,1,0,1,0,0,162
801257,1,0,1,0,0,0,162
801292,1,0,1,0,0,0,162
801355,0,1,1,0,1,0,162
801783,0,0,0,0,1,0,162
801995,1,0,1,0,0,0,162
802204,1,1,0,0,0,0,162
802240,1,1,1,1,1,0,162
802251,0,1,0,1,0,0,162
802312,0,1,1,1,1,1,162
802351,0,0,0,0,1,0,162
802510,0,1,0,1,0,0,162
802878,1,1,1,1,1,0,162
802887,1,1,1,1,1,0,162
803036,1,1,1,1,1,0,162
803051,1,0,1,0,0,0,162
803405,1,0,1,0,0,0,162
803437,0,0,1,1,0,0,162
803473,1,1,1,1,1,0,162
804068,0,1,0,1,0,0,162
804080,0,0,0,0,1,0,162
804375,1,1,0,0,0,0,162
804444,0,1,1,0,1,0,162
804593,1,0,0,1,1,0,162
804618,0,1,0,1,0,0,162
804772,1,1,0,0,0,0,162
805023,0,0,0,0,1,0,162
805389,1,0,0,1,1,0,162
805436,0,0,1,1,0,0,162
805761,0,1,0,1,0,0,162
805970,0,1,0,1,0,0,162
806080,0,0,1,1,0,0,162
806091,0,1,0,1,0,0,162
806432,1,1,0,0,0,0,162
806623,0,1,0,1,0,0,162
806759,1,1,0,0,0,0,162
806851,0,1,1,0,1,0,162
806924,1,1,0,0,0,0,162
807725,1,0,1,0,0,0,162
807900,1,1,0,0,0,0,162
807916,0,1,0,1,0,0,162
807935,0,1,1,0,1,0,162
808671,1,0,1,0,0,0,162
808738,1,0,1,0,0,0,162
808743,1,0,0,1,1,0,162
808826,1,1,0,0,0,0,162
809012,1,1,1,1,1,0,162
809203,0,0,0,0,1,0,162
809546,0,0,1,1,0,0,162
809697,1,1,0,0,0,0,162
810092,0,1,0,1,0,0,162
810149,1,0,1,0,0,0,162
810168,0,1,1,0,1,0,162
810181,0,0,1,1,0,0,162
810746,0,0,1,1,0,0,162
811238,1,1,0,0,0,0,162
811501,1,0,1,0,0,0,162
811692,0,0,1,1,0,0,162
811996,1,0,0,1,1,0,162
812108,1,1,1,1,1,0,162
812149,0,0,0,0,1,0,162
812513,0,0,1,1,0,0,162
812611,1,1,1,1,1,0,162
812660,0,0,0,0,1,0,162
812987,1,0,1,0,0,0,162
813018,1,1,1,1,1,0,162
813186,1,0,0,1,1,0,162
813257,1,1,1,1,1,0,162
813429,0,0,1,1,0,0,162
813437,1,1,0,1,0,0,162
813448,1,0,1,0,0,0,162
813641,1,0,1,0,0,0,162
813981,0,0,0,0,1,0,162
814088,1,0,1,0,0,0,162
814211,1,0,0,1,1,0,162
814680,0,0,1,1,0,0,162
815277,0,0,0,0,1,0,162
815430,0,1,1,0,1,0,162
815612,1,1,1,1,1,0,162
816061,0,1,0,1,0,0,162
816194,1,1,0,0,0,0,162
816216,1,1,1,1,1,0,162
816458,0,0,0,0,1,0,162
816500,1,1,1,1,1,0,162
817136,1,0,0,1,1,0,162
817172,0,0,0,0,1,0,162
817194,1,0,0,1,1,0,162
817608,1,1,0,0,0,0,162
817631,1,0,1,1,0,0,162
817723,0,1,0,1,0,0,162
818012,0,1,0,0,0,0,162
818188,0,1,0,1,0,0,162
818282,1,0,1,0,0,0,162
818472,0,1,1,0,1,0,162
818524,0,0,1,1,0,0,162
818689,1,1,1,1,1,0,162
818884,1,1,1,1,1,0,162
818916,0,0,0,0,1,0,162
819683,1,1,0,0,0,0,162
819804,1,0,0,1,1,0,162
820626,0,0,1,1,0,0,162
821044,0,0,1,1,0,0,162
821481,0,1,1,0,1,0,162
821555,0,0,0,0,1,0,162
821605,1,0,1,0,0,0,162
821671,1,1,0,0,0,0,162
822934,1,1,1,1,1,0,162
823093,1,1,1,1,1,0,162
823189,1,1,0,0,0,0,162
823360,1,1,0,0,0,0,162
823393,1,0,0,1,1,0,162
823478,1,1,1,1,1,0,162
823632,1,0,0,1,1,0,162
823755,1,1,0,0,0,0,162
824167,1,1,1,1,1,0,162
824774,0,1,1,0,1,0,162
824860,0,0,1,1,0,0,162
824904,0,1,1,0,1,0,162
825356,0,0,1,1,0,0,162
825495,0,1,1,0,1,0,162
825851,0,0,1,1,0,0,162
826264,1,1,0,0,0,0,162
826342,1,1,0,1,0,0,162
826426,0,0,1,1,0,0,162
827418,1,0,0,1,1,0,162
827472,0,0,1,1,0,0,162
827543,1,0,0,1,1,0,162
827586,0,1,0,1,0,0,162
827622,1,1,0,0,0,0,162
828155,0,1,0,1,0,0,162
828199,1,0,1,0,0,0,162
828386,0,0,0,0,1,0,162
828591,1,0,1,0,0,0,162
828621,0,0,0,0,1,0,162
828751,1,1,1,1,1,0,162
828877,1,0,0,1,1,0,162
829159,1,0,0,1,1,0,162
829466,1,1,1,1,1,0,162
829595,1,0,0,1,1,0,162
829659,1,1,1,1,1,0,162
829662,0,0,0,0,1,0,162
830528,1,1,1,1,1,0,162
830547,1,0,1,0,0,0,162
830630,0,1,0,1,0,0,162
830874,0,1,0,1,0,0,162
830944,0,1,1,0,1,0,162
831026,0,1,0,1,0,0,162
831238,0,1,0,1,0,0,162
831584,0,1,1,0,1,0,162
831644,1,1,1,1,1,0,162
831655,1,1,0,0,0,0,162
831785,1,1,1,1,1,0,162
831864,1,1,1,1,1,0,162
831880,1,0,1,1,0,0,162
832088,0,0,0,0,1,0,162
832325,1,0,1,0,0,0,162
832391,0,0,0,0,1,0,162
832662,1,1,0,0,0,0,162
832743,1,0,0,1,1,0,162
832895,1,1,0,0,0,0,162
832920,1,1,0,0,0,0,162
832972,0,1,1,1,1,1,162
833375,1,0,0,1,1,0,162
833426,0,1,1,0,1,0,162
833838,1,0,1,0,0,0,162
833932,1,1,0,0,0,0,162
834006,1,0,1,0,0,0,162
834053,0,0,0,0,1,0,162
834145,1,1,0,0,0,0,162
834182,1,0,0,1,1,0,162
834201,1,0,1,0,0,0,162
834450,0,1,0,1,0,0,162
834719,0,1,0,1,0,0,162
835217,1,1,0,0,0,0,162
835466,1,1,0,0,0,0,162
835719,1,1,0,0,0,0,162
835829,0,1,1,0,1,0,162
836017,0,0,0,0,1,0,162
836115,1,0,0,1,1,0,162
836537,0,0,0,0,1,0,162
836570,1,1,0,0,0,0,162
836721,0,0,1,0,0,0,162
837052,1,0,0,1,1,0,162
837061,1,0,1,0,0,0,162
837131,0,1,0,0,0,0,162
837165,1,0,0,1,1,0,162
837335,1,0,0,1,1,0,162
837354,1,1,1,1,1,0,162
837422,1,1,0,0,0,0,162
837542,0,1,0,1,0,0,162
837620,0,0,1,0,0,0,162
837688,0,0,0,0,1,0,162
837998,1,0,1,0,0,0,162
838053,0,0,0,0,1,0,162
838394,1,0,1,0,0,0,162
838492,0,1,1,0,1,0,162
838496,0,1,1,0,1,0,162
838787,0,1,1,0,1,0,162
838848,1,1,1,1,1,0,162
839480,0,0,1,1,0,0,162
839481,0,0,1,1,0,0,162
839599,1,1,1,1,1,0,162
839847,0,0,0,0,1,0,162
840356,0,0,0,0,1,0,162
840885,0,1,1,0,1,0,162
840976,0,0,0,0,1,0,162
841157,0,0,1,1,0,0,162
841219,1,1,1,1,1,0,162
841355,0,0,0,0,1,0,162
841364,0,0,1,1,0,0,162
841430,1,0,1,0,0,0,162
841432,1,1,1,1,1,0,162
842091,0,1,0,1,0,0,162
842666,1,1,0,0,0,0,162
842670,1,0,1,0,0,0,162
842694,0,1,0,1,0,0,162
842700,0,1,1,0,1,0,162
842956,0,1,0,1,0,0,162
843100,1,1,1,1,1,0,162
843173,1,1,0,0,0,0,162
843661,0,1,1,0,1,0,162
843842,1,0,1,0,0,0,162
843969,0,1,1,1,1,1,162
843995,0,1,0,1,0,0,162
844085,1,1,1,1,1,0,162
844189,0,0,1,1,0,0,162
844604,0,1,1,0,1,0,162
844683,1,1,1,1,1,0,162
844788,1,1,0,0,0,0,162
845023,0,1,0,1,0,0,162
845338,1,0,1,0,0,0,162
845375,0,1,1,0,1,0,162
845634,0,0,0,0,1,0,162
845751,1,0,1,0,0,0,162
845874,0,1,1,0,1,0,162
846126,0,1,0,1,0,0,162
846336,1,0,0,1,1,0,162
846526,1,0,1,0,0,0,162
846761,1,1,0,0,0,0,162
847108,1,0,0,1,1,0,162
847181,1,1,1,1,1,0,162
847480,0,0,1,1,0,0,162
847678,1,1,0,0,0,0,162
848280,1,0,0,1,1,0,162
848605,1,0,1,0,0,0,162
848649,0,1,1,1,1,1,162
848756,1,0,0,1,1,0,162
848936,1,0,1,0,0,0,162
849764,1,1,0,0,0,0,162
849906,0,0,1,1,0,0,162
850000,0,1,1,0,1,0,162
850057,0,0,1,1,0,0,162
850190,0,0,1,1,0,0,162
850353,1,0,1,0,0,0,162
850606,0,0,1,1,0,0,162
850728,0,0,0,0,1,0,162
851021,0,1,0,1,0,0,162
851186,1,0,1,0,0,0,162
851830,1,1,0,0,0,0,162
852128,0,0,0,0,1,0,131
852213,1,1,1,1,1,0,131
853110,1,1,1,1,1,0,131
853610,1,1,0,0,0,0,131
854025,1,0,0,1,1,0,131
854265,0,0,1,1,0,0,131
854680,1,1,0,0,0,0,131
855623,1,0,1,0,0,0,131
856083,1,1,0,0,0,0,131
856154,0,0,1,1,0,0,131
856198,0,0,0,0,1,0,131
856722,1,0,0,1,1,0,131
857149,1,1,1,1,1,0,131
857504,1,1,0,0,0,0,131
857568,1,0,0,1,1,0,131
857865,0,1,0,1,0,0,131
857928,0,1,0,1,0,0,131
857993,0,1,1,0,1,0,131
858026,0,1,0,1,0,0,131
858051,0,1,0,1,0,0,131
858139,1,0,0,1,1,0,131
858142,1,1,1,1,1,0,131
858718,0,1,0,1,0,0,131
858882,0,0,1,1,0,0,131
859078,1,1,1,1,1,0,131
859190,0,1,1,0,1,0,131
860255,0,1,1,0,1,0,131
860334,1,1,1,1,1,0,131
860694,1,1,0,0,0,0,131
861528,1,1,1,1,1,0,131
861773,1,1,1,1,1,0,131
861803,1,0,0,1,1,0,131
862075,0,1,0,1,0,0,131
862800,0,0,0,0,1,0,131
863007,1,0,1,0,0,0,131
863090,0,0,1,0,0,0,131
863129,0,1,1,0,1,0,131
863219,1,1,0,0,0,0,131
863246,0,1,0,1,0,0,131
863251,0,0,1,1,0,0,131
863331,1,0,1,0,0,0,131
863450,0,1,1,0,1,0,131
863507,1,0,0,1,1,0,131
863794,1,1,1,1,1,0,131
864163,0,0,1,1,0,0,131
864513,1,0,1,0,0,0,131
864647,0,0,1,1,0,0,131
865189,1,1,1,1,1,0,131
865704,1,1,1,1,1,0,131
865754,1,1,1,1,1,0,131
865941,1,0,0,1,1,0,131
865972,0,1,1,0,1,0,131
866023,1,0,0,1,1,0,131
866220,1,0,0,1,1,0,131
866237,1,0,0,1,1,0,131
866671,1,1,1,1,1,0,131
866768,1,0,0,1,1,0,131
866821,0,1,0,1,0,0,131
866828,1,1,0,0,0,0,131
867084,0,0,1,1,0,0,131
867124,1,1,1,1,1,0,131
867252,1,1,0,0,0,0,131
867363,1,0,1,0,0,0,131
867393,0,0,0,0,1,0,131
867444,0,0,1,1,0,0,131
867993,1,0,0,1,1,0,131
868660,1,0,1,0,0,0,131
868836,0,0,1,1,0,0,131
868888,0,0,0,0,1,0,131
869303,0,0,1,1,0,0,131
869673,1,0,0,1,1,0,131
869899,0,0,0,0,1,0,131
870344,1,1,0,0,0,0,131
870359,0,0,0,0,1,0,131
870502,0,1,0,1,0,0,131
870791,0,1,1,0,1,0,131
870846,0,0,0,0,1,0,131
870898,0,1,0,1,0,0,131
870915,0,1,0,1,0,0,131
871063,1,1,0,0,0,0,131
871136,1,0,0,1,1,0,131
871139,0,1,1,1,1,1,131
871469,1,0,0,1,1,0,131
871737,1,0,0,1,1,0,131
871754,1,0,1,0,0,0,131
871780,1,0,1,0,0,0,131
871941,1,0,1,0,0,0,131
872210,1,0,1,0,0,0,131
872240,1,1,0,0,0,0,131
872437,1,1,0,0,0,0,131
872449,1,0,0,1,1,0,131
872451,1,0,0,1,1,0,131
872581,0,1,1,0,1,0,131
872610,0,0,0,0,1,0,131
872695,0,0,1,1,0,0,131
872940,1,0,0,1,1,0,131
874070,0,1,1,0,1,0,131
874213,1,1,0,0,0,0,131
874720,0,1,0,1,0,0,131
875462,0,1,1,0,1,0,131
875886,1,0,1,0,0,0,131
875991,0,0,0,0,1,0,131
876161,0,1,1,0,1,0,131
876186,0,1,1,0,1,0,131
876967,0,0,0,0,1,0,131
877111,0,0,0,0,1,0,131
877308,0,1,0,1,0,0,131
877788,0,0,0,0,1,0,131
878093,1,1,1,1,1,0,131
878365,0,1,0,1,0,0,131
878464,1,0,1,0,0,0,131
878697,1,0,1,0,0,0,131
879085,1,0,1,0,0,0,131
879233,1,0,1,0,0,0,131
879413,1,1,1,1,1,0,131
879700,0,0,1,1,0,0,131
880349,0,0,1,1,0,0,131
880480,1,1,1,1,1,0,131
880641,1,0,0,1,1,0,131
880649,1,1,0,0,0,0,131
880855,1,0,1,0,0,0,131
880950,1,1,1,1,1,0,131
881264,1,0,1,0,0,0,131
881286,0,0,0,0,1,0,131
881724,1,0,0,1,1,0,131
881733,1,1,1,1,1,0,131
882273,0,1,0,1,0,0,131
882383,1,0,0,1,1,0,131
882463,0,1,0,1,0,0,131
882623,0,0,0,0,1,0,131
882773,1,1,1,1,1,0,131
882964,0,1,1,0,1,0,131
883114,0,1,0,1,0,0,131
883901,0,1,1,0,1,0,131
884144,1,0,1,0,0,0,131
884587,1,1,1,1,1,0,131
884855,1,1,0,0,0,0,131
885113,0,0,0,0,1,0,131
885481,0,1,0,1,0,0,131
885592,0,0,1,1,0,0,131
885684,1,1,0,0,0,0,131
885840,1,0,0,1,1,0,131
885852,0,0,0,0,1,0,131
886713,0,0,1,1,0,0,131
886778,1,1,0,0,0,0,131
886932,1,1,1,1,1,0,131
887065,0,0,1,1,0,0,131
887173,0,0,1,1,0,0,131
887186,1,1,1,1,1,0,131
887396,1,1,0,0,0,0,131
888863,0,0,1,0,0,0,131
889213,0,1,1,0,1,0,131
889367,1,0,0,1,1,0,131
889399,0,1,1,0,1,0,131
889602,0,0,1,1,0,0,131
889765,1,1,0,0,0,0,131
889860,0,0,1,0,0,0,131
889865,0,1,1,0,1,0,131
889978,0,1,1,1,1,1,131
890046,0,0,1,1,0,0,131
890315,0,1,0,1,0,0,131
890335,1,1,0,0,0,0,131
890560,0,1,1,0,1,0,131
890630,1,0,0,1,1,0,131
890633,1,1,0,0,0,0,131
891198,1,0,0,1,1,0,131
891261,0,0,0,0,1,0,131
891643,0,0,1,1,0,0,131
892561,0,0,1,1,0,0,131
892594,1,0,0,1,1,0,131
892630,0,1,0,1,0,0,131
892702,0,1,1,0,1,0,131
892792,1,0,1,0,0,0,131
892854,1,1,0,0,0,0,131
893042,1,1,0,0,0,0,131
893298,1,1,0,0,0,0,131
893447,1,0,1,0,0,0,131
893581,1,0,0,1,1,0,131
893587,0,1,1,0,1,0,131
893670,0,0,1,1,0,0,131
893858,0,0,1,1,0,0,131
894166,1,0,1,0,0,0,131
895143,1,1,1,0,1,1,131
895158,1,0,1,0,0,0,131
895193,1,0,0,1,1,0,131
895424,0,0,0,0,1,0,131
895641,0,1,1,0,1,0,131
895674,0,0,1,1,0,0,131
895800,1,1,1,1,1,0,131
896178,0,1,1,0,1,0,131
896219,1,1,1,1,1,0,131
896644,0,0,1,1,0,0,131
896728,0,1,0,1,0,0,131
897126,1,1,1,1,1,0,131
897428,1,0,0,1,1,0,131
897449,1,1,1,1,1,0,131
897543,0,0,1,1,0,0,131
897619,0,1,1,0,1,0,131
897975,1,0,1,0,0,0,131
898528,1,0,1,0,0,0,131
899280,0,1,1,0,1,0,131
899353,1,1,1,1,1,0,131
899460,1,1,1,0,1,1,131
899687,0,0,0,0,1,0,131
899725,1,1,1,1,1,0,131
899805,1,0,1,0,0,0,131
899867,1,0,0,1,1,0,131
900031,0,0,1,1,0,0,131
900128,1,0,1,0,0,0,131
900391,0,1,1,0,1,0,131
900441,0,0,0,0,1,0,131
900862,1,0,0,1,1,0,131
900946,0,1,1,0,1,0,131
900997,0,1,1,0,1,0,131
901111,0,1,0,1,0,0,131
901195,0,1,0,1,0,0,131
901356,1,0,0,1,1,0,131
901390,0,0,1,1,0,0,131
901418,0,0,1,1,0,0,131
901627,1,1,0,0,0,0,131
902900,0,1,0,1,0,0,131
903223,0,1,1,0,1,0,131
903292,0,1,0,1,0,0,131
904007,0,0,1,1,0,0,131
904259,0,0,0,0,1,0,131
904574,0,0,1,0,0,0,131
904659,1,1,1,1,1,0,131
904726,1,1,0,0,0,0,131
905200,1,1,1,1,1,0,131
905220,1,1,0,0,0,0,131
905478,1,0,0,1,1,0,131
905508,0,0,0,0,1,0,131
905608,0,0,1,1,0,0,131
905893,1,0,1,0,0,0,131
906195,0,0,1,1,0,0,131
906218,0,1,0,1,0,0,131
906305,1,1,1,1,1,0,131
906561,1,1,1,1,1,0,131
906696,1,1,0,0,0,0,131
907268,0,0,1,1,0,0,131
907480,1,1,1,1,1,0,131
908331,1,1,0,0,0,0,131
908395,1,1,0,0,0,0,131
908660,0,0,0,0,1,0,131
908678,0,0,0,0,1,0,131
909500,1,1,0,0,0,0,131
910326,1,0,1,0,0,0,131
910640,0,0,0,0,1,0,131
910886,1,1,0,0,0,0,131
911357,0,0,1,1,0,0,131
911568,1,1,1,1,1,0,131
911677,1,1,0,0,0,0,131
912249,1,1,1,1,1,0,131
912305,1,1,1,1,1,0,131
912640,0,0,0,0,1,0,131
912680,1,0,0,1,1,0,131
912779,0,0,1,1,0,0,131
912924,0,1,1,0,1,0,131
912926,0,1,1,0,1,0,131
913261,0,0,1,1,0,0,131
913503,0,0,0,0,1,0,131
913513,0,0,0,0,1,0,131
913619,1,1,1,0,1,1,131
913723,0,0,0,0,1,0,131
913728,1,0,0,1,1,0,131
913781,1,0,1,0,0,0,131
914262,1,1,0,0,0,0,131
914351,1,0,0,1,1,0,131
914853,0,1,0,1,0,0,131
914868,0,1,1,0,1,0,131
914878,0,1,1,0,1,0,131
915388,0,1,1,0,1,0,131
915734,0,1,1,0,1,0,131
915985,1,0,0,1,1,0,131
916083,0,0,1,1,0,0,131
916108,0,1,0,1,0,0,131
916189,0,0,1,1,0,0,131
916201,1,1,0,0,0,0,131
916235,1,0,1,0,0,0,131
916338,1,0,0,1,1,0,131
916495,1,1,1,1,1,0,131
916553,1,0,0,1,1,0,131
916959,1,0,1,0,0,0,131
917406,1,0,1,0,0,0,131
917523,1,0,0,1,1,0,127
918434,0,1,1,0,1,0,127
918475,1,0,1,0,0,0,127
918576,1,1,0,0,0,0,127
918622,0,0,0,0,1,0,127
919121,1,0,1,0,0,0,127
919320,1,0,0,1,1,0,127
919775,0,1,1,0,1,0,127
919846,0,1,0,1,0,0,127
919925,0,0,0,0,1,0,127
920031,0,1,0,1,0,0,127
920098,0,1,0,1,0,0,127
920123,0,1,1,0,1,0,127
920263,0,0,1,1,0,0,127
920432,1,0,1,0,0,0,127
920439,1,0,0,1,1,0,127
920784,1,1,1,1,1,0,127
920926,0,0,1,1,0,0,127
920935,1,0,0,1,1,0,127
921488,0,1,1,0,1,0,127
921642,0,0,0,0,1,0,127
921708,0,1,0,1,0,0,127
922082,0,1,1,0,1,0,127
922245,1,0,1,1,0,0,127
922290,1,0,1,0,0,0,127
922308,1,1,1,0,1,1,127
923809,1,1,1,1,1,0,127
924437,1,1,0,0,0,0,127
924641,1,1,0,0,0,0,127
924804,0,0,0,0,1,0,127
925226,1,0,0,1,1,0,127
925391,0,1,0,1,0,0,127
925440,0,0,0,0,1,0,127
925778,0,1,1,1,1,1,127
925960,1,0,0,1,1,0,127
926088,0,0,0,0,1,0,127
926237,1,0,1,0,0,0,127
926300,1,0,1,1,0,0,127
926540,1,1,0,0,0,0,127
926823,1,0,1,0,0,0,127
926955,1,0,0,1,1,0,127
927024,1,1,1,1,1,0,127
927131,1,0,1,0,0,0,127
927152,1,1,1,1,1,0,127
928447,0,1,1,0,1,0,127
928671,1,1,0,0,0,0,127
928913,0,1,1,0,1,0,127
928972,0,0,0,0,1,0,127
929292,1,1,0,0,0,0,127
930010,0,0,0,0,1,0,127
930279,0,1,1,0,1,0,127
930587,1,1,1,1,1,0,127
930690,0,1,0,1,0,0,127
930946,0,1,0,1,0,0,127
931409,1,0,0,1,1,0,127
931651,0,1,1,1,1,1,127
932092,0,0,0,0,1,0,127
932166,0,0,1,1,0,0,127
932522,0,1,0,1,0,0,127
932533,0,0,1,1,0,0,127
932779,1,0,1,0,0,0,127
932851,1,0,0,1,1,0,127
933570,1,1,1,1,1,0,127
933752,1,0,0,1,1,0,127
934166,1,1,0,0,0,0,127
934448,1,0,1,0,0,0,127
934759,0,0,1,1,0,0,127
934770,1,0,1,0,0,0,127
934942,1,1,1,1,1,0,127
935010,0,0,1,1,0,0,127
935064,0,1,0,1,0,0,127
935724,0,0,0,0,1,0,127
935896,0,1,1,0,1,0,127
936155,0,0,0,0,1,0,127
936411,1,1,1,0,1,1,127
936765,0,0,0,0,1,0,127
937007,1,1,1,1,1,0,127
937525,1,0,0,1,1,0,127
937586,0,1,1,0,1,0,127
937998,0,0,0,0,1,0,127
938153,0,0,1,1,0,0,127
938356,1,1,0,0,0,0,127
938731,1,0,0,1,1,0,127
938930,0,0,1,1,0,0,127
939054,1,1,1,1,1,0,127
939151,0,0,0,0,1,0,127
939186,1,1,1,1,1,0,127
939238,0,0,0,1,1,1,127
939305,1,0,1,0,0,0,127
939399,0,1,1,0,1,0,127
939865,1,0,1,0,0,0,127
939961,1,0,1,0,0,0,127
940220,0,0,1,1,0,0,127
940261,1,0,1,0,0,0,127
940636,1,1,0,0,0,0,127
940816,0,0,1,1,0,0,127
940954,0,1,1,0,1,0,127
941029,1,0,1,0,0,0,127
941338,0,0,1,1,0,0,127
941406,1,0,0,1,1,0,127
941498,1,0,0,1,1,0,127
941628,1,1,0,0,0,0,127
941664,1,1,1,1,1,0,127
941793,0,1,0,0,0,0,127
941885,0,0,0,0,1,0,127
942433,1,0,1,0,0,0,127
942507,0,1,1,0,1,0,127
942669,0,0,0,0,1,0,127
942717,1,1,0,0,0,0,127
942950,1,0,0,1,1,0,127
943036,0,0,1,1,0,0,127
943151,1,0,0,1,1,0,127
943278,0,1,1,0,1,0,127
943282,1,0,1,0,0,0,127
943625,0,1,1,0,1,0,127
943863,0,1,0,1,0,0,127
944256,0,1,0,1,0,0,127
944280,1,0,0,1,1,0,127
944487,0,1,0,1,0,0,127
944771,1,1,0,0,0,0,127
944844,0,0,0,0,1,0,127
945059,0,1,0,1,0,0,127
945113,1,1,1,1,1,0,127
945221,0,1,0,1,0,0,127
945389,1,1,1,1,1,0,127
946004,1,0,1,0,0,0,127
946795,1,0,0,0,1,1,127
946823,1,1,1,1,1,0,127
946895,0,1,1,0,1,0,127
947377,0,0,1,1,0,0,127
947493,1,1,1,1,1,0,127
947532,1,0,1,0,0,0,127
947643,0,0,0,0,1,0,127
948275,0,1,0,1,0,0,127
948402,1,0,1,0,0,0,127
948567,0,1,0,1,0,0,127
948602,0,1,0,1,0,0,127
948618,1,0,1,0,0,0,127
948882,0,0,0,0,1,0,127
949111,1,0,1,0,0,0,127
949553,1,1,0,0,0,0,127
949672,1,1,1,1,1,0,127
949786,1,0,1,1,0,0,127
949814,1,1,1,1,1,0,127
949927,0,0,0,0,1,0,127
950338,1,0,1,0,0,0,127
950631,1,0,1,0,0,0,127
950673,0,0,1,1,0,0,127
950848,0,1,0,1,0,0,127
950944,0,1,0,1,0,0,127
951270,1,0,1,0,0,0,127
951465,0,1,0,1,0,0,127
951562,0,1,1,0,1,0,127
952654,0,0,0,0,1,0,127
953175,0,1,0,1,0,0,127
953790,0,1,1,0,1,0,127
954057,1,1,1,1,1,0,127
954184,0,1,0,1,0,0,127
954206,1,1,0,0,0,0,127
954678,0,0,1,1,0,0,127
954995,0,1,1,0,1,0,127
955232,0,1,1,0,1,0,127
955289,1,0,0,1,1,0,127
955731,1,0,1,0,0,0,127
955807,0,1,0,1,0,0,127
955942,1,1,0,0,0,0,127
956000,1,1,1,1,1,0,127
956524,0,1,1,0,1,0,127
956723,0,0,0,0,1,0,127
956806,0,0,1,1,0,0,127
956875,0,0,1,1,0,0,127
957145,0,1,1,0,1,0,127
957248,0,0,0,0,1,0,127
957414,1,0,1,1,0,0,127
957669,0,0,1,1,0,0,127
957979,1,1,0,0,0,0,127
958109,1,1,1,1,1,0,127
958412,0,1,0,1,0,0,127
958807,1,1,0,0,0,0,127
958889,1,0,1,0,0,0,127
959074,1,0,0,1,1,0,127
959691,0,0,0,0,1,0,127
959700,0,1,0,1,0,0,127
959711,0,0,0,0,1,0,127
959765,0,0,0,0,1,0,127
959911,0,1,0,1,0,0,127
959939,1,0,1,0,0,0,127
959956,0,0,1,1,0,0,127
960161,1,0,0,1,1,0,127
960246,1,1,1,1,1,0,127
960558,1,1,1,1,1,0,127
960823,0,1,1,0,1,0,127
961081,1,0,0,1,1,0,127
961183,0,1,1,0,1,0,127
961982,0,0,1,1,0,0,127
962070,0,1,1,0,1,0,127
962164,0,1,0,1,0,0,127
962405,0,1,0,1,0,0,127
962547,0,0,0,0,1,0,127
962580,1,1,0,0,0,0,127
962615,0,0,1,1,0,0,127
962972,1,1,1,1,1,0,127
963172,0,1,0,1,0,0,127
963394,1,0,0,1,1,0,127
963441,1,0,1,0,0,0,127
963751,1,1,0,0,0,0,127
963793,0,0,0,0,1,0,127
963914,0,0,1,1,0,0,127
964128,0,0,1,1,0,0,127
964420,1,0,0,1,1,0,127
964540,0,0,1,1,0,0,127
964664,0,0,0,0,1,0,127
964730,0,1,1,0,1,0,127
964880,0,1,0,1,0,0,127
965410,1,1,1,1,1,0,127
965428,0,0,0,0,1,0,127
965618,1,1,0,0,0,0,127
965724,0,0,0,0,1,0,127
965836,0,1,0,1,0,0,127
966302,1,0,0,1,1,0,127
966619,1,0,1,0,0,0,127
966869,0,1,1,0,1,0,127
966923,0,1,1,0,1,0,127
966926,1,1,0,0,0,0,127
967085,1,0,0,1,1,0,127
967242,1,0,1,0,0,0,127
967375,0,0,1,1,0,0,127
967560,0,0,0,0,1,0,127
968127,0,0,0,0,1,0,127
968327,0,1,1,0,1,0,127
968554,0,0,0,0,1,0,127
968600,1,0,0,1,1,0,127
968729,0,1,0,0,0,0,127
969540,0,0,1,1,0,0,127
969854,0,1,0,1,0,0,127
970204,0,1,0,1,0,0,127
970863,1,0,0,1,1,0,127
971073,1,1,1,1,1,0,127
971296,0,0,0,0,1,0,127
971297,0,1,1,0,1,0,127
971394,0,0,1,1,0,0,127
971402,1,1,0,0,0,0,127
971445,1,1,0,0,0,0,127
971453,0,0,1,0,0,0,127
971556,0,0,1,1,0,0,127
971712,0,0,0,0,1,0,127
971903,0,1,0,1,0,0,127
971989,1,1,1,1,1,0,127
972798,1,0,0,0,1,1,127
972941,1,1,1,1,1,0,127
972944,0,1,0,1,0,0,127
973465,0,0,1,1,0,0,127
973558,0,0,1,1,0,0,127
973562,1,1,0,0,0,0,127
973991,0,0,0,0,1,0,127
974039,0,0,0,0,1,0,127
974083,0,0,0,0,1,0,127
974099,1,1,1,1,1,0,127
974288,0,0,0,0,1,0,127
975149,1,1,0,0,0,0,127
975477,0,1,0,1,0,0,127
975789,0,1,0,1,0,0,127
975908,0,0,0,0,1,0,127
976290,0,1,0,1,0,0,127
976450,1,1,0,0,0,0,127
976544,1,0,1,0,0,0,127
977132,0,1,1,0,1,0,127
977142,1,0,0,1,1,0,127
977349,1,0,0,1,1,0,127
977442,1,0,1,0,0,0,127
978084,1,0,0,1,1,0,127
978190,0,1,1,1,1,1,127
978696,1,0,0,1,1,0,127
978868,1,0,1,0,0,0,127
978905,0,1,0,1,0,0,127
978979,1,0,0,1,1,0,127
979115,0,1,1,0,1,0,127
979344,0,1,0,1,0,0,127
979458,1,0,0,1,1,0,127
979643,0,1,1,0,1,0,127
980062,0,0,0,0,1,0,127
980331,0,1,0,1,0,0,127
980990,1,1,1,1,1,0,127
981150,1,0,1,0,0,0,127
981453,0,0,0,0,1,0,127
981802,0,0,1,1,0,0,127
981924,0,1,1,0,1,0,127
982138,0,1,1,0,1,0,127
982677,0,1,0,1,0,0,127
982776,0,1,0,1,0,0,127
982956,0,1,1,0,1,0,127
983041,0,1,0,1,0,0,132
983126,0,1,0,1,0,0,132
983576,0,0,1,1,0,0,132
983604,0,1,1,0,1,0,132
984055,0,0,0,0,1,0,132
984304,1,1,1,1,1,0,132
984335,0,1,0,1,0,0,132
984354,1,1,0,0,0,0,132
984791,1,0,0,1,1,0,132
985044,1,1,1,1,1,0,132
985058,0,1,0,1,0,0,132
985133,0,0,0,0,1,0,132
986010,0,1,1,0,1,0,132
986143,1,1,0,0,0,0,132
986163,0,1,1,0,1,0,132
986272,0,0,0,0,1,0,132
986308,1,0,0,1,1,0,132
986552,0,0,1,1,0,0,132
986580,1,1,0,0,0,0,132
986629,0,1,1,0,1,0,132
986645,0,1,0,1,0,0,132
986761,1,0,1,0,0,0,132
986980,1,0,0,1,1,0,132
987391,0,0,0,0,1,0,132
987505,1,1,1,1,1,0,132
987757,0,0,0,0,1,0,132
987963,0,1,1,0,1,0,132
988204,1,1,0,0,0,0,132
988425,0,1,1,0,1,0,132
988980,1,1,0,0,0,0,132
989003,1,0,0,0,1,1,132
989490,0,1,0,1,0,0,132
989671,1,0,0,1,1,0,132
990086,0,1,1,0,1,0,132
990120,1,0,0,1,1,0,132
990597,1,0,0,1,1,0,132
990901,1,0,0,1,1,0,132
991117,0,1,0,1,0,0,132
991154,1,0,1,0,0,0,132
991159,0,0,1,1,0,0,132
991336,1,1,1,1,1,0,132
991496,1,0,1,0,0,0,132
991616,0,1,1,0,1,0,132
992024,0,1,0,1,0,0,132
992240,0,1,1,0,1,0,132
992317,1,1,1,1,1,0,132
992383,1,1,1,1,1,0,132
992416,0,0,1,1,0,0,132
992424,1,0,1,0,0,0,132
992428,0,0,0,0,1,0,132
992477,1,1,0,0,0,0,132
992517,0,0,1,1,0,0,132
993070,0,0,1,1,0,0,132
993104,1,1,1,1,1,0,132
993217,1,1,1,1,1,0,132
993673,0,1,0,1,0,0,132
993845,1,0,0,1,1,0,132
995113,0,0,1,1,0,0,132
995233,1,0,1,0,0,0,132
995307,1,1,1,1,1,0,132
995375,1,0,1,0,0,0,132
995493,0,1,1,0,1,0,132
995595,0,0,1,1,0,0,132
995621,0,0,1,1,0,0,132
995662,1,0,0,0,1,1,132
996000,0,1,1,0,1,0,132
996014,1,0,0,1,1,0,132
996082,0,1,1,0,1,0,132
996145,1,1,0,0,0,0,132
996419,1,0,1,0,0,0,132
996728,1,1,0,0,0,0,132
997083,0,0,0,0,1,0,132
997117,0,0,1,1,0,0,132
997230,1,1,0,0,0,0,132
997426,1,1,1,1,1,0,132
997499,0,0,1,1,0,0,132
997558,1,1,1,1,1,0,132
997793,1,0,1,0,0,0,132
997962,1,1,0,0,0,0,132
998007,0,1,0,1,0,0,132
998231,0,0,1,1,0,0,132
998589,0,0,1,1,0,0,132
998602,1,1,0,0,0,0,132
998773,1,0,1,0,0,0,132
999124,1,0,0,1,1,0,132
999850,0,1,1,0,1,0,132
1000376,1,0,1,0,0,0,132
1000515,1,0,1,0,0,0,132
1000541,1,0,0,1,1,0,132
1000892,1,0,1,0,0,0,132
1001172,1,0,1,0,0,0,132
1001515,1,0,0,1,1,0,132
1001708,0,0,0,0,1,0,132
1002128,1,0,1,0,0,0,132
1002993,1,1,1,1,1,0,132
1003032,1,0,0,1,1,0,132
1003264,0,1,0,1,0,0,132
1003736,0,1,0,1,0,0,132
1004515,1,0,0,1,1,0,132
1004599,0,0,0,0,1,0,132
1004788,1,1,0,0,0,0,132
1004843,1,0,0,1,1,0,132
1005388,1,1,0,0,0,0,132
1005812,0,1,0,1,0,0,132
1005896,1,0,0,1,1,0,132
1005986,1,1,1,1,1,0,132
1006133,0,0,0,0,1,0,132
1006411,0,0,1,1,0,0,132
1006652,1,1,1,1,1,0,132
1007119,0,0,1,1,0,0,132
1007303,1,1,1,1,1,0,132
1007420,0,0,0,0,1,0,132
1008086,0,1,1,0,1,0,132
1008092,0,1,0,1,0,0,132
1008555,0,1,1,0,1,0,132
1008648,1,1,1,1,1,0,132
1008786,0,1,1,0,1,0,132
1009097,1,0,0,1,1,0,132
1009328,1,1,0,0,0,0,132
1009362,1,0,0,1,1,0,132
1009604,0,0,0,0,1,0,132
1009606,1,1,1,1,1,0,132
1009788,1,0,0,1,1,0,132
1010098,0,0,1,1,0,0,132
1010205,1,0,0,1,1,0,132
1010291,1,1,0,0,0,0,132
1010348,1,0,0,1,1,0,132
1010438,0,1,0,1,0,0,132
1010916,1,1,0,0,0,0,132
1011078,1,0,1,0,0,0,132
1011175,1,1,0,0,0,0,132
1011354,1,0,0,1,1,0,132
1011370,0,1,1,0,1,0,132
1011471,1,0,1,0,0,0,132
1011860,0,1,1,0,1,0,132
1012192,1,0,1,0,0,0,132
1012477,1,0,1,0,0,0,132
1012786,1,0,0,1,1,0,132
1012818,1,0,0,1,1,0,132
1013315,0,0,0,0,1,0,132
1013497,1,0,0,1,1,0,132
1013652,1,0,0,1,1,0,132
1014322,0,1,1,0,1,0,132
1014455,0,1,1,0,1,0,132
1014980,0,0,0,0,1,0,132
1015498,1,0,0,1,1,0,132
1015549,0,1,1,0,1,0,132
1015847,1,0,0,1,1,0,132
1016015,0,1,0,1,0,0,132
1016096,0,1,0,1,0,0,132
1016742,0,1,0,1,0,0,132
1017027,0,0,1,1,0,0,132
1017363,1,0,1,0,0,0,132
1017390,1,0,1,0,0,0,132
1017820,0,0,1,1,0,0,132
1017876,1,1,0,0,0,0,132
1018038,1,0,0,1,1,0,132
1018080,0,1,0,1,0,0,132
1018115,0,1,1,0,1,0,132
1018351,1,1,1,1,1,0,132
1018562,0,1,1,0,1,0,132
1018620,1,0,1,0,0,0,132
1019026,1,0,1,0,0,0,132
1019839,1,1,0,0,0,0,132
1020367,1,0,1,0,0,0,132
1021300,0,1,0,1,0,0,132
1021472,1,1,0,0,0,0,132
1021837,0,0,1,1,0,0,132
1021911,0,0,1,1,0,0,132
1022608,0,0,0,0,1,0,132
1022649,0,0,0,0,1,0,132
1022834,1,1,1,1,1,0,132
1023003,1,0,0,1,1,0,132
1023093,0,0,0,0,1,0,132
1023193,1,1,0,0,0,0,132
1023520,1,0,0,0,1,1,132
1023530,0,1,1,0,1,0,132
1023640,0,1,0,1,0,0,132
1023842,1,0,0,0,1,1,132
1023962,1,0,0,1,1,0,132
1023995,1,0,1,0,0,0,132
1025060,0,1,0,1,0,0,132
1025568,0,0,1,1,0,0,132
1025623,0,1,0,1,0,0,132
1025626,0,0,0,0,1,0,132
1025808,0,0,1,1,0,0,132
1025908,0,0,1,1,0,0,132
1026290,0,0,0,0,1,0,132
1026372,0,1,1,0,1,0,132
1026524,1,1,0,0,0,0,132
1026552,0,1,1,0,1,0,132
1026773,1,0,0,1,1,0,132
1026886,0,1,0,1,0,0,132
1026957,1,1,1,1,1,0,132
1027892,1,0,1,0,0,0,132
1027893,1,1,0,0,0,0,132
1027977,1,0,0,1,1,0,132
1028053,0,1,1,0,1,0,132
1028356,0,1,1,1,1,1,132
1028565,0,1,1,0,1,0,132
1028718,1,1,1,1,1,0,132
1028828,0,1,1,0,1,0,132
1029122,1,0,1,1,0,0,132
1029821,1,1,1,1,1,0,132
1029827,0,1,1,0,1,0,132
1029837,0,1,1,0,1,0,132
1029876,1,1,0,0,0,0,132
1030444,0,0,0,0,1,0,132
1031068,0,0,0,1,1,1,132
1031071,0,1,1,0,1,0,132
1031781,0,0,0,0,1,0,132
1031802,0,0,1,1,0,0,132
1032288,1,0,1,0,0,0,132
1032516,0,1,1,0,1,0,132
1032678,1,1,1,1,1,0,132
1033139,1,1,0,0,0,0,132
1033154,0,1,1,0,1,0,132
1033431,1,1,0,0,0,0,132
1033516,0,1,1,0,1,0,132
1033648,0,0,0,0,1,0,132
1033689,0,0,0,0,1,0,132
1033891,1,1,0,0,0,0,132
1034230,0,0,1,1,0,0,132
1034279,0,1,0,1,0,0,132
1034495,0,1,0,1,0,0,132
1034631,1,0,1,0,0,0,132
1034744,0,1,0,1,0,0,132
1035076,1,1,0,0,0,0,132
1035124,1,1,0,0,0,0,132
1036008,1,1,0,0,0,0,132
1036010,1,0,1,0,0,0,132
1036520,1,0,0,1,1,0,132
1036713,0,0,0,0,1,0,132
1036716,1,1,0,1,0,0,132
1036770,0,0,0,0,1,0,132
1037631,0,0,0,0,1,0,132
1037647,1,1,0,0,0,0,132
1037669,1,1,0,0,0,0,132
1037742,0,1,0,1,0,0,132
1038982,1,1,0,0,0,0,132
1039297,1,0,0,0,1,1,132
1039300,1,0,0,1,1,0,132
1039405,0,0,1,1,0,0,132
1039492,1,1,1,1,1,0,132
1039570,1,1,0,0,0,0,132
1039588,1,1,1,1,1,0,132
1039592,1,1,1,1,1,0,132
1039635,0,1,1,0,1,0,132
1040033,1,1,0,0,0,0,132
1040405,0,0,1,1,0,0,132
1040562,0,1,1,0,1,0,132
1041272,0,0,1,1,0,0,132
1041535,1,0,1,0,0,0,132
1041751,1,1,0,0,0,0,132
1041778,0,0,0,0,1,0,132
1042052,1,0,1,0,0,0,132
1042294,0,0,1,1,0,0,132
1042728,1,0,0,1,1,0,132
1043141,1,1,1,1,1,0,132
1043619,0,1,1,0,1,0,132
1043814,0,0,1,1,0,0,132
1043949,0,1,0,1,0,0,132
1044546,1,0,1,0,0,0,132
1044901,1,1,1,1,1,0,132
1045064,0,1,0,1,0,0,132
1045068,0,1,0,1,0,0,132
1045272,0,0,1,1,0,0,132
1045340,1,0,0,1,1,0,132
1045342,0,0,1,1,0,0,132
1045542,1,1,1,1,1,0,132
1045624,0,0,1,1,0,0,132
1045877,1,0,0,1,1,0,132
1045964,0,0,1,1,0,0,132
1046303,0,1,1,0,1,0,132
1046561,0,1,0,1,0,0,132
1046627,1,0,1,0,0,0,132
1046707,0,0,0,0,1,0,132
1047125,1,1,0,0,0,0,132
1047506,0,0,0,0,1,0,132
1047635,0,0,0,0,1,0,132
1047665,0,0,0,0,1,0,132
1048107,1,1,0,0,0,0,132
1048469,0,0,1,1,0,0,132
1048471,1,0,0,1,1,0,132
1048604,0,1,1,0,1,0,139
1048746,0,0,0,0,1,0,139
1049164,1,0,1,0,0,0,139
1049202,0,1,1,0,1,0,139
1049266,0,0,1,0,0,0,139
1049482,1,0,1,0,0,0,139
1049727,0,1,1,0,1,0,139
1049761,1,1,1,1,1,0,139
1049942,1,0,1,0,0,0,139
1050278,1,1,1,1,1,0,139
1050517,0,0,1,1,0,0,139
1050554,0,0,1,1,0,0,139
1050986,0,0,1,1,0,0,139
1051029,1,0,0,1,1,0,139
1051140,0,0,1,1,0,0,139
1051233,1,0,0,1,1,0,139
1051259,0,0,1,1,0,0,139
1051516,0,1,0,1,0,0,139
1051926,0,0,1,1,0,0,139
1052020,1,0,0,1,1,0,139
1052691,0,1,1,0,1,0,139
1052782,1,0,0,1,1,0,139
1052817,1,1,1,1,1,0,139
1053164,0,0,0,0,1,0,139
1053184,1,1,0,0,0,0,139
1053221,0,0,0,0,1,0,139
1053417,1,0,0,1,1,0,139
1053497,0,1,1,0,1,0,139
1053751,0,1,0,1,0,0,139
1053988,0,0,0,0,1,0,139
1054023,1,1,1,1,1,0,139
1054042,0,1,1,0,1,0,139
1055128,0,0,1,1,0,0,139
1055222,1,1,1,1,1,0,139
1055360,0,0,0,0,1,0,139
1055776,0,0,0,0,1,0,139
1055944,1,1,1,1,1,0,139
1056009,0,0,0,0,1,0,139
1057185,1,1,1,1,1,0,139
1057761,0,0,1,1,0,0,139
1057883,0,0,0,0,1,0,139
1058074,0,0,0,0,1,0,139
1058160,1,1,1,1,1,0,139
1058196,0,1,0,1,0,0,139
1058267,0,0,0,0,1,0,139
1058515,1,1,0,0,0,0,139
1058712,0,0,0,0,1,0,139
1058868,0,1,1,0,1,0,139
1059002,0,1,1,1,1,1,139
1059602,0,0,0,0,1,0,139
1059636,0,0,1,1,0,0,139
1060159,1,1,1,1,1,0,139
1060275,0,0,1,1,0,0,139
1060312,0,0,0,0,1,0,139
1060349,1,0,0,0,1,1,139
1060398,1,1,0,0,0,0,139
1060540,1,1,0,0,0,0,139
1060673,0,1,0,1,0,0,139
1060820,1,1,1,1,1,0,139
1062355,1,1,1,1,1,0,139
1062430,0,0,1,1,0,0,139
1062669,1,1,1,1,1,0,139
1062772,0,1,0,1,0,0,139
1062895,0,0,1,1,0,0,139
1063083,0,1,1,0,1,0,139
1063236,1,0,0,1,1,0,139
1063250,1,0,1,0,0,0,139
1063515,0,0,1,1,0,0,139
1063763,1,1,1,1,1,0,139
1064021,1,1,0,0,0,0,139
1064273,0,1,0,1,0,0,139
1064683,0,1,1,0,1,0,139
1065151,1,1,1,1,1,0,139
1065475,0,1,1,0,1,0,139
1065519,0,0,0,0,1,0,139
1065878,1,1,0,0,0,0,139
1066483,1,0,1,0,0,0,139
1066486,1,0,1,0,0,0,139
1066805,1,0,1,0,0,0,139
1067898,0,1,1,0,1,0,139
1068587,1,1,0,0,0,0,139
1068738,1,0,1,0,0,0,139
1069145,1,1,0,0,0,0,139
1069166,1,1,1,1,1,0,139
1069179,0,0,0,0,1,0,139
1069465,0,1,1,0,1,0,139
1069501,1,0,1,0,0,0,139
1069856,0,0,1,1,0,0,139
1070488,1,0,1,0,0,0,139
1070716,1,0,0,1,1,0,139
1070887,0,1,1,0,1,0,139
1070975,1,1,1,1,1,0,139
1071154,0,1,1,0,1,0,139
1071197,1,0,1,0,0,0,139
1072203,0,1,1,0,1,0,139
1072733,0,0,0,0,1,0,139
1072806,0,0,0,0,1,0,139
1072928,0,0,0,0,1,0,139
1073128,1,1,1,1,1,0,139
1073316,1,1,0,0,0,0,139
1073333,0,1,1,0,1,0,139
1073643,1,1,1,1,1,0,139
1073905,0,0,1,1,0,0,139
1074336,0,1,0,1,0,0,139
1075265,0,0,0,0,1,0,139
1075380,0,1,1,0,1,0,139
1075683,0,1,0,1,0,0,139
1075827,0,1,0,1,0,0,139
1075832,1,0,1,0,0,0,139
1076071,0,1,0,1,0,0,139
1076072,0,1,0,1,0,0,139
1076116,1,1,0,0,0,0,139
1076346,1,1,0,0,0,0,139
1076784,1,1,0,0,0,0,139
1077677,0,1,1,0,1,0,139
1078210,0,0,0,0,1,0,139
1078409,1,1,0,0,0,0,139
1078607,1,0,1,0,0,0,139
1079345,1,0,1,0,0,0,139
1079779,1,1,0,0,0,0,139
1079845,1,1,1,1,1,0,139
1080162,0,0,0,0,1,0,139
1080336,1,0,0,1,1,0,139
1081365,0,1,0,1,0,0,139
1081720,1,1,0,0,0,0,139
1081859,0,0,0,1,1,1,139
1082541,0,1,0,1,0,0,139
1083076,0,1,1,0,1,0,139
1083428,0,1,0,1,0,0,139
1083433,0,1,0,1,0,0,139
1083484,0,1,1,0,1,0,139
1083622,1,1,1,1,1,0,139
1084334,0,1,1,0,1,0,139
1084530,0,0,0,0,1,0,139
1084558,1,0,1,0,0,0,139
1084635,1,0,1,0,0,0,139
1084691,1,1,1,1,1,0,139
1084741,1,1,0,0,0,0,139
1085019,1,1,0,0,0,0,139
1085319,1,0,1,0,0,0,139
1085676,1,1,0,0,0,0,139
1085760,1,1,0,0,0,0,139
1086459,1,0,1,0,0,0,139
1086478,1,1,0,0,0,0,139
1086633,1,0,1,0,0,0,139
1086779,1,0,1,0,0,0,139
1086912,0,0,1,1,0,0,139
1087125,1,0,0,1,1,0,139
1087247,0,1,1,0,1,0,139
1087582,0,0,1,1,0,0,139
1087878,1,1,1,1,1,0,139
1088117,0,1,0,1,0,0,139
1088309,1,0,1,0,0,0,139
1089097,1,0,0,1,1,0,139
1089157,0,0,1,1,0,0,139
1089449,1,1,1,1,1,0,139
1089652,1,0,0,1,1,0,139
1090027,1,1,1,1,1,0,139
1090161,0,1,1,0,1,0,139
1090431,0,1,1,0,1,0,139
1090447,0,0,1,1,0,0,139
1090550,0,1,0,1,0,0,139
1090634,1,1,1,1,1,0,139
1090635,0,1,0,1,0,0,139
1090677,0,1,1,0,1,0,139
1090825,1,0,0,0,1,1,139
1091122,0,0,1,1,0,0,139
1091127,1,0,0,1,1,0,139
1091343,0,0,1,1,0,0,139
1091348,1,1,1,1,1,0,139
1091602,1,1,0,0,0,0,139
1091894,0,0,0,0,1,0,139
1092012,0,1,1,0,1,0,139
1092074,0,0,0,0,1,0,139
1092156,0,1,0,1,0,0,139
1092255,0,1,1,0,1,0,139
1092269,0,0,1,1,0,0,139
1092408,1,1,0,0,0,0,139
1092421,0,1,0,1,0,0,139
1092448,0,1,0,1,0,0,139
1092653,1,0,0,1,1,0,139
1094345,0,1,0,1,0,0,139
1094408,1,1,1,1,1,0,139
1094600,1,1,1,1,1,0,139
1095102,1,0,1,0,0,0,139
1095148,0,1,0,1,0,0,139
1095325,1,1,0,1,0,0,139
1095457,1,1,0,0,0,0,139
1095637,0,1,0,1,0,0,139
1095666,0,1,0,1,0,0,139
1095794,0,0,1,1,0,0,139
1095948,1,0,0,1,1,0,139
1095974,1,0,1,0,0,0,139
1096005,0,1,0,1,0,0,139
1096085,1,0,0,1,1,0,139
1096626,0,0,1,1,0,0,139
1096743,1,0,1,0,0,0,139
1096832,1,1,1,1,1,0,139
1096881,1,1,1,1,1,0,139
1096910,0,1,0,1,0,0,139
1096981,1,0,0,1,1,0,139
1097664,1,1,1,1,1,0,139
1097671,1,0,0,1,1,0,139
1097895,1,1,0,1,0,0,139
1098056,0,0,0,0,1,0,139
1098249,1,0,0,1,1,0,139
1098558,0,0,0,0,1,0,139
1098787,1,1,1,1,1,0,139
1098833,1,1,0,0,0,0,139
1099144,0,1,0,1,0,0,139
1099153,1,0,0,1,1,0,139
1099484,1,0,1,0,0,0,139
1099625,1,0,0,1,1,0,139
1100143,0,1,1,0,1,0,139
1100384,1,0,1,0,0,0,139
1101082,1,1,0,0,0,0,139
1101458,1,0,0,1,1,0,139
1101688,0,0,1,1,0,0,139
1102195,0,1,0,1,0,0,139
1102232,1,1,1,1,1,0,139
1102347,0,1,1,0,1,0,139
1102458,1,0,0,1,1,0,139
1103171,0,0,1,1,0,0,139
1103180,0,0,1,1,0,0,139
1103184,0,1,1,0,1,0,139
1103539,0,1,1,0,1,0,139
1103632,1,1,1,1,1,0,139
1103696,0,1,0,1,0,0,139
1103894,1,0,0,1,1,0,139
1103969,1,1,0,0,0,0,139
1104186,0,1,1,0,1,0,139
1104308,0,0,1,1,0,0,139
1104429,0,0,0,0,1,0,139
1104488,0,0,1,1,0,0,139
1104705,1,1,1,1,1,0,139
1104720,1,1,0,0,0,0,139
1105065,1,0,1,0,0,0,139
1106108,1,1,1,1,1,0,139
1106217,1,0,1,0,0,0,139
1106242,1,1,1,1,1,0,139
1106320,0,0,1,0,0,0,139
1106476,1,1,1,1,1,0,139
1106488,1,0,0,1,1,0,139
1106609,0,1,0,0,0,0,139
1107475,0,1,0,1,0,0,139
1107752,1,1,1,1,1,0,139
1108139,1,1,0,0,0,0,139
1108222,0,1,1,0,1,0,139
1108463,0,0,1,1,0,0,139
1108523,1,1,1,1,1,0,139
1108654,0,0,1,1,0,0,139
1108853,1,1,1,1,1,0,139
1108912,1,0,1,0,0,0,139
1108960,0,0,1,0,0,0,139
1109075,1,0,0,1,1,0,139
1109339,1,1,1,1,1,0,139
1109388,1,0,0,1,1,0,139
1109429,1,1,1,1,1,0,139
1109463,0,0,0,0,1,0,139
1109700,1,0,0,1,1,0,139
1109951,0,1,0,0,0,0,139
1110010,1,1,0,0,0,0,139
1110089,1,0,0,1,1,0,139
1110225,0,1,1,0,1,0,139
1110575,1,1,1,1,1,0,139
1111729,1,0,0,1,1,0,139
1111739,1,0,0,1,1,0,139
1112194,0,0,1,1,0,0,139
1112471,1,0,0,1,1,0,139
1112598,1,1,1,1,1,0,139
1112733,0,1,0,1,0,0,139
1113462,0,0,0,0,1,0,139
1113677,0,0,1,1,0,0,139
1113910,1,0,0,1,1,0,139
1114041,1,1,1,1,1,0,139
1114289,0,0,0,0,1,0,131
1114764,1,0,1,0,0,0,131
1115187,1,0,1,0,0,0,131
1115502,1,0,1,0,0,0,131
1115572,1,1,0,0,0,0,131
1115723,0,0,0,0,1,0,131
1115911,0,0,0,0,1,0,131
1115928,0,0,0,0,1,0,131
1115932,1,1,0,0,0,0,131
1116103,0,0,1,1,0,0,131
1116153,1,0,0,0,1,1,131
1116327,1,1,0,0,0,0,131
1116710,1,1,0,0,0,0,131
1116989,1,0,0,1,1,0,131
1117120,0,0,0,0,1,0,131
1117161,1,0,0,1,1,0,131
1117549,0,1,1,0,1,0,131
1117608,1,1,1,1,1,0,131
1118177,1,0,0,1,1,0,131
1118308,0,1,0,1,0,0,131
1118543,1,1,1,1,1,0,131
1118566,0,1,1,0,1,0,131
1118610,1,0,0,1,1,0,131
1118620,0,1,0,1,0,0,131
1118705,0,0,0,1,1,1,131
1118786,0,0,0,0,1,0,131
1119404,1,0,0,1,1,0,131
1119778,1,1,1,1,1,0,131
1119939,1,1,1,1,1,0,131
1120687,1,1,1,1,1,0,131
1121203,1,0,0,1,1,0,131
1121358,1,1,1,1,1,0,131
1121922,1,1,1,1,1,0,131
1122603,1,0,1,0,0,0,131
1122866,1,1,0,0,0,0,131
1122959,0,1,0,1,0,0,131
1122975,0,1,1,0,1,0,131
1123044,0,1,0,1,0,0,131
1123367,1,0,0,1,1,0,131
1123683,1,0,1,0,0,0,131
1124271,1,1,1,1,1,0,131
1125002,0,1,1,0,1,0,131
1125088,0,1,0,1,0,0,131
1125165,0,1,1,0,1,0,131
1125827,1,0,1,0,0,0,131
1125828,0,1,0,1,0,0,131
1125848,0,0,0,0,1,0,131
1125972,0,1,0,1,0,0,131
1126065,1,0,1,0,0,0,131
1126087,1,0,1,0,0,0,131
1126367,0,1,0,1,0,0,131
1126525,0,1,1,0,1,0,131
1126863,1,1,0,0,0,0,131
1127148,0,0,1,1,0,0,131
1127225,1,1,1,0,1,1,131
1127377,1,1,0,0,0,0,131
1127827,0,1,0,1,0,0,131
1128013,0,1,0,1,0,0,131
1128089,0,0,1,1,0,0,131
1128329,1,1,0,0,0,0,131
1128483,1,1,0,0,0,0,131
1128598,1,0,1,0,0,0,131
1128812,0,0,0,1,1,1,131
1129016,0,0,1,1,0,0,131
1129177,0,0,1,1,0,0,131
1129582,0,1,1,0,1,0,131
1129761,0,1,1,0,1,0,131
1129805,1,1,1,1,1,0,131
1130375,1,1,1,1,1,0,131
1130659,0,1,0,1,0,0,131
1130664,1,0,1,0,0,0,131
1131045,1,1,0,0,0,0,131
1131071,0,0,0,0,1,0,131
1131487,0,1,0,1,0,0,131
1131489,0,0,0,0,1,0,131
1131507,1,1,0,0,0,0,131
1131779,0,1,0,1,0,0,131
1132287,1,1,1,1,1,0,131
1132422,0,1,1,0,1,0,131
1132454,1,1,1,1,1,0,131
1132617,1,0,1,0,0,0,131
1132853,0,1,0,1,0,0,131
1133117,0,1,1,0,1,0,131
1133594,0,1,1,1,1,1,131
1134665,0,1,1,0,1,0,131
1134865,0,1,1,0,1,0,131
1135698,0,1,1,0,1,0,131
1136507,1,0,0,1,1,0,131
1136786,0,0,0,0,1,0,131
1137072,1,1,1,1,1,0,131
1137222,1,1,1,1,1,0,131
1137500,1,0,1,1,0,0,131
1137519,0,0,0,0,1,0,131
1137575,1,1,0,1,0,0,131
1138238,1,0,1,0,0,0,131
1138354,0,0,0,0,1,0,131
1138359,0,0,1,1,0,0,131
1138363,1,1,0,0,0,0,131
1138807,0,0,1,1,0,0,131
1138943,0,1,0,1,0,0,131
1139212,0,0,1,1,0,0,131
1139288,0,1,0,1,0,0,131
1139425,1,0,0,1,1,0,131
1139621,1,0,1,0,0,0,131
1140863,1,0,0,1,1,0,131
1141153,1,0,0,1,1,0,131
1141325,0,0,1,1,0,0,131
1141326,0,0,1,1,0,0,131
1141548,1,1,0,0,0,0,131
1141554,1,0,1,0,0,0,131
1141625,1,0,1,0,0,0,131
1141710,1,0,0,1,1,0,131
1142137,0,0,1,1,0,0,131
1142548,1,0,1,0,0,0,131
1142596,0,1,1,0,1,0,131
1142726,0,0,0,0,1,0,131
1142782,1,1,0,0,0,0,131
1143062,1,1,0,0,0,0,131
1143134,0,0,0,0,1,0,131
1143393,1,0,0,1,1,0,131
1144220,1,1,0,0,0,0,131
1144325,0,1,0,1,0,0,131
1145141,1,1,0,0,0,0,131
1145174,1,1,0,0,0,0,131
1145585,0,1,0,1,0,0,131
1145954,0,1,0,1,0,0,131
1146051,1,0,1,0,0,0,131
1146566,1,1,0,0,0,0,131
1146902,0,1,0,1,0,0,131
1147022,1,1,1,1,1,0,131
1147211,0,1,1,0,1,0,131
1147267,1,1,1,1,1,0,131
1147649,0,0,1,1,0,0,131
1147656,1,1,0,0,0,0,131
1147690,1,0,0,1,1,0,131
1147699,0,0,1,1,0,0,131
1147725,0,0,0,0,1,0,131
1147807,0,0,0,0,1,0,131
1147866,1,0,1,0,0,0,131
1148431,1,1,1,1,1,0,131
1148946,0,0,0,0,1,0,131
1150270,0,0,0,0,1,0,131
1150369,1,0,1,0,0,0,131
1150391,1,0,0,1,1,0,131
1150401,0,1,1,0,1,0,131
1150880,0,1,1,0,1,0,131
1151029,0,1,1,0,1,0,131
1151124,1,0,1,0,0,0,131
1151495,1,0,0,1,1,0,131
1151933,1,1,1,1,1,0,131
1152085,1,1,0,0,0,0,131
1152480,1,1,0,0,0,0,131
1152540,1,0,1,0,0,0,131
1152746,1,0,0,1,1,0,131
1153004,1,0,1,0,0,0,131
1153045,1,1,0,0,0,0,131
1153741,1,1,0,0,0,0,131
1153943,0,0,1,1,0,0,131
1154121,0,1,0,1,0,0,131
1154202,1,1,0,0,0,0,131
1154851,0,1,1,0,1,0,131
1154874,1,0,1,0,0,0,131
1155260,0,1,0,1,0,0,131
1155663,1,0,1,1,0,0,131
1155731,0,0,0,0,1,0,131
1156133,0,0,0,0,1,0,131
1156331,0,0,1,1,0,0,131
1156364,0,1,0,1,0,0,131
1156420,0,0,1,1,0,0,131
1156449,1,0,0,1,1,0,131
1156720,0,1,1,0,1,0,131
1156861,0,1,1,0,1,0,131
1156920,0,1,1,0,1,0,131
1157175,0,0,0,0,1,0,131
1157428,0,1,1,0,1,0,131
1157453,1,1,0,0,0,0,131
1158128,1,1,0,0,0,0,131
1158154,0,0,1,1,0,0,131
1158345,0,1,1,0,1,0,131
1158837,1,1,1,1,1,0,131
1159025,1,0,0,1,1,0,131
1159147,1,0,0,1,1,0,131
1159311,0,1,0,1,0,0,131
1159592,1,1,0,0,0,0,131
1159644,1,0,0,1,1,0,131
1159686,1,0,0,1,1,0,131
1159970,1,1,0,0,0,0,131
1160186,0,0,0,0,1,0,131
1160218,1,1,0,0,0,0,131
1160294,0,0,1,1,0,0,131
1160471,1,0,0,1,1,0,131
1161141,0,1,1,0,1,0,131
1161245,0,0,0,0,1,0,131
1161642,1,0,1,0,0,0,131
1161834,0,0,1,1,0,0,131
1162104,0,1,1,0,1,0,131
1162169,0,1,1,0,1,0,131
1162319,1,0,1,0,0,0,131
1162476,1,0,0,1,1,0,131
1162918,0,0,1,1,0,0,131
1163075,1,0,0,1,1,0,131
1163090,1,1,0,0,0,0,131
1163094,1,1,1,0,1,1,131
1163145,1,0,0,1,1,0,131
1163505,0,0,1,0,0,0,131
1163514,0,1,0,1,0,0,131
1164023,0,0,0,1,1,1,131
1164162,0,1,0,1,0,0,131
1164205,0,1,0,1,0,0,131
1164433,0,1,0,1,0,0,131
1164580,0,1,1,0,1,0,131
1164676,0,1,0,1,0,0,131
1164863,1,1,0,0,0,0,131
1165051,0,1,0,1,0,0,131
1165160,0,0,0,0,1,0,131
1165389,1,0,0,0,1,1,131
1165507,1,0,1,0,0,0,131
1165939,1,0,0,1,1,0,131
1166654,1,0,1,0,0,0,131
1166817,1,1,0,0,0,0,131
1167253,1,0,1,0,0,0,131
1167607,0,0,1,1,0,0,131
1168043,0,0,0,0,1,0,131
1168217,1,1,1,1,1,0,131
1169249,1,1,0,0,0,0,131
1169548,0,1,0,1,0,0,131
1169562,1,0,1,0,0,0,131
1169591,0,0,1,1,0,0,131
1169747,0,0,1,1,0,0,131
1170121,0,1,0,1,0,0,131
1170167,1,1,1,1,1,0,131
1170195,1,0,1,0,0,0,131
1170216,0,0,0,0,1,0,131
1170460,0,0,0,0,1,0,131
1171009,0,0,0,0,1,0,131
1171153,0,1,1,0,1,0,131
1171205,1,1,1,1,1,0,131
1171392,0,0,0,0,1,0,131
1171542,0,0,1,1,0,0,131
1171848,1,1,0,0,0,0,131
1172125,1,0,1,0,0,0,131
1172131,0,1,0,1,0,0,131
1172206,1,1,1,1,1,0,131
1172209,0,0,1,1,0,0,131
1172576,1,1,0,0,0,0,131
1172578,1,0,0,1,1,0,131
1173114,0,0,1,1,0,0,131
1173456,1,0,0,0,1,1,131
1173524,0,0,1,1,0,0,131
1173527,0,1,1,1,1,1,131
1174247,0,1,1,0,1,0,131
1174318,0,0,0,0,1,0,131
1174455,1,1,0,0,0,0,131
1175009,1,0,0,1,1,0,131
1175220,0,0,1,1,0,0,131
1175439,0,1,0,0,0,0,131
1175724,1,1,1,1,1,0,131
1175837,1,0,0,1,1,0,131
1175858,0,0,0,0,1,0,131
1175929,0,0,0,0,1,0,131
1176479,0,1,0,1,0,0,131
1176606,1,1,1,1,1,0,131
1177410,1,0,1,0,0,0,131
1177773,0,1,1,0,1,0,131
1177837,0,0,1,1,0,0,131
1178151,0,1,0,0,0,0,131
1178463,1,1,1,1,1,0,131
1178514,1,1,0,0,0,0,131
1178809,1,0,1,0,0,0,131
1179604,0,0,0,0,1,0,131
1180032,1,1,0,0,0,0,129
1180099,0,1,1,0,1,0,129
1180550,0,0,1,1,0,0,129
1181119,1,1,0,0,0,0,129
1181589,1,1,1,1,1,0,129
1181669,1,0,1,0,0,0,129
1181916,0,1,0,1,0,0,129
1182031,0,0,1,1,0,0,129
1182408,1,0,0,1,1,0,129
1182427,1,1,1,1,1,0,129
1182490,0,0,1,1,0,0,129
1182548,1,0,0,1,1,0,129
1182635,1,1,0,0,0,0,129
1182725,1,1,1,1,1,0,129
1183211,1,1,0,1,0,0,129
1183349,0,1,0,1,0,0,129
1183494,1,1,1,1,1,0,129
1183608,1,1,0,0,0,0,129
1183978,0,1,0,0,0,0,129
1184448,1,1,0,0,0,0,129
1184609,1,1,1,1,1,0,129
1184799,0,1,1,0,1,0,129
1184989,0,0,1,1,0,0,129
1185096,0,0,1,1,0,0,129
1185399,0,0,1,1,0,0,129
1186337,1,1,0,0,0,0,129
1186386,0,1,1,0,1,0,129
1186515,1,0,0,1,1,0,129
1187427,1,1,0,0,0,0,129
1187704,1,0,0,1,1,0,129
1188220,0,0,0,0,1,0,129
1188330,1,0,1,0,0,0,129
1188625,0,0,1,1,0,0,129
1188646,0,1,1,0,1,0,129
1188719,1,0,1,0,0,0,129
1188769,0,1,1,0,1,0,129
1189059,0,1,0,1,0,0,129
1189611,0,0,0,0,1,0,129
1189999,1,1,1,1,1,0,129
1190226,0,0,0,0,1,0,129
1190582,0,0,1,1,0,0,129
1191087,1,0,0,1,1,0,129
1191141,0,1,0,1,0,0,129
1191679,1,0,1,0,0,0,129
1192029,0,0,0,0,1,0,129
1192225,1,0,1,0,0,0,129
1192334,0,1,0,1,0,0,129
1192390,1,0,1,0,0,0,129
1192491,1,0,1,0,0,0,129
1193330,0,1,0,1,0,0,129
1193858,1,0,1,1,0,0,129
1193947,0,1,1,0,1,0,129
1194271,1,1,1,1,1,0,129
1194498,0,1,0,0,0,0,129
1194522,0,0,1,1,0,0,129
1194577,0,0,0,0,1,0,129
1194986,0,1,1,0,1,0,129
1195106,0,0,0,0,1,0,129
1195146,0,1,1,0,1,0,129
1195278,0,1,1,0,1,0,129
1195471,1,1,0,0,0,0,129
1195521,0,1,1,0,1,0,129
1195651,0,0,0,0,1,0,129
1195830,1,0,0,1,1,0,129
1195955,0,0,0,0,1,0,129
1196295,1,1,0,0,0,0,129
1196412,1,1,1,1,1,0,129
1196489,1,0,1,0,0,0,129
1196503,0,0,1,1,0,0,129
1197736,1,0,0,1,1,0,129
1197794,1,1,0,0,0,0,129
1197864,0,0,1,1,0,0,129
1197890,1,0,1,0,0,0,129
1197929,1,0,0,1,1,0,129
1197953,1,1,0,0,0,0,129
1198206,1,0,0,1,1,0,129
1198218,1,1,1,1,1,0,129
1198353,1,0,0,1,1,0,129
1198790,0,0,0,0,1,0,129
1199064,1,1,1,1,1,0,129
1199137,0,1,0,1,0,0,129
1199340,1,1,0,0,0,0,129
1199345,1,1,0,0,0,0,129
1199465,0,1,0,1,0,0,129
1199696,0,1,0,1,0,0,129
1199894,0,0,1,1,0,0,129
1200030,0,1,0,1,0,0,129
1201127,1,1,1,1,1,0,129
1201133,0,1,1,0,1,0,129
1201334,0,0,0,0,1,0,129
1201699,0,1,0,1,0,0,129
1201880,1,1,0,0,0,0,129
1202229,1,1,0,0,0,0,129
1202238,1,0,1,0,0,0,129
1202600,1,0,0,1,1,0,129
1202774,1,0,1,0,0,0,129
1203283,1,0,0,0,1,1,129
1203389,1,0,1,0,0,0,129
1203607,1,1,0,0,0,0,129
1204146,1,0,1,0,0,0,129
1204429,1,0,1,0,0,0,129
1204469,0,1,0,1,0,0,129
1204533,1,0,1,0,0,0,129
1204799,1,1,0,0,0,0,129
1204983,0,0,0,0,1,0,129
1205055,1,1,1,1,1,0,129
1205114,0,0,1,1,0,0,129
1205596,0,0,0,0,1,0,129
1205644,0,0,0,0,1,0,129
1205726,0,0,0,1,1,1,129
1205771,1,0,0,1,1,0,129
1205887,0,1,0,1,0,0,129
1206396,0,0,0,0,1,0,129
1206791,1,0,1,1,0,0,129
1207240,0,0,0,0,1,0,129
1208098,0,0,0,0,1,0,129
1208208,1,0,0,1,1,0,129
1208223,0,1,0,1,0,0,129
1208258,1,0,0,1,1,0,129
1208656,0,0,1,1,0,0,129
1208766,1,0,1,0,0,0,129
1209236,0,0,0,0,1,0,129
1210306,1,0,1,0,0,0,129
1210353,0,0,0,0,1,0,129
1210431,0,1,1,0,1,0,129
1210860,0,1,1,0,1,0,129
1211444,1,1,0,0,0,0,129
1211714,1,0,0,1,1,0,129
1213117,1,0,1,0,0,0,129
1213371,1,1,1,1,1,0,129
1213390,0,0,0,0,1,0,129
1213391,1,0,0,1,1,0,129
1213539,1,0,1,0,0,0,129
1213544,1,1,0,0,0,0,129
1213635,0,1,0,1,0,0,129
1213870,1,0,0,1,1,0,129
1213925,0,1,1,0,1,0,129
1214215,1,1,1,1,1,0,129
1214225,1,1,1,1,1,0,129
1214352,0,1,1,0,1,0,129
1214755,1,1,1,1,1,0,129
1215309,0,1,1,0,1,0,129
1215403,0,0,1,1,0,0,129
1215578,0,0,0,0,1,0,129
1215758,1,0,1,0,0,0,129
1215834,0,0,1,1,0,0,129
1215919,1,0,1,0,0,0,129
1216107,0,0,0,0,1,0,129
1216394,0,0,1,1,0,0,129
1216675,1,0,0,1,1,0,129
1216785,1,0,1,0,0,0,129
1216866,1,1,1,1,1,0,129
1216956,0,0,1,1,0,0,129
1217417,0,1,0,1,0,0,129
1217423,0,1,0,1,0,0,129
1217820,1,0,1,0,0,0,129
1218025,1,1,1,1,1,0,129
1218054,1,0,1,0,0,0,129
1218968,1,1,0,0,0,0,129
1219141,1,0,1,0,0,0,129
1219238,0,0,1,1,0,0,129
1219378,0,1,0,1,0,0,129
1219638,0,1,0,1,0,0,129
1219674,0,0,0,0,1,0,129
1219982,0,1,1,0,1,0,129
1220002,0,1,0,1,0,0,129
1220424,0,0,1,1,0,0,129
1220873,1,0,0,0,1,1,129
1221145,0,0,0,0,1,0,129
1221790,0,0,0,0,1,0,129
1221823,1,1,0,0,0,0,129
1222381,0,0,0,0,1,0,129
1222424,1,1,1,1,1,0,129
1222774,1,0,0,1,1,0,129
1223016,1,1,0,0,0,0,129
1223229,0,0,0,0,1,0,129
1223571,1,1,1,1,1,0,129
1223575,1,0,1,0,0,0,129
1223808,1,0,1,0,0,0,129
1223974,0,0,1,1,0,0,129
1224555,0,1,1,0,1,0,129
1224729,1,1,1,1,1,0,129
1224806,0,0,1,1,0,0,129
1225114,1,0,1,0,0,0,129
1225255,1,0,1,0,0,0,129
1225420,1,0,1,0,0,0,129
1225426,0,0,1,1,0,0,129
1225563,0,0,0,0,1,0,129
1226166,1,0,1,0,0,0,129
1226179,1,1,0,0,0,0,129
1226254,0,0,0,0,1,0,129
1226503,1,0,0,1,1,0,129
1227128,0,1,1,0,1,0,129
1227565,1,0,0,1,1,0,129
1228064,0,1,0,1,0,0,129
1228124,0,1,1,0,1,0,129
1228341,1,1,0,0,0,0,129
1228979,1,0,1,0,0,0,129
1228992,1,0,1,0,0,0,129
1229795,0,0,1,1,0,0,129
1230563,0,0,1,1,0,0,129
1230566,0,1,1,0,1,0,129
1230824,1,1,1,1,1,0,129
1231303,0,1,1,0,1,0,129
1231373,0,0,1,1,0,0,129
1231844,1,0,0,1,1,0,129
1231936,1,0,1,0,0,0,129
1232172,0,1,1,0,1,0,129
1232498,1,0,1,0,0,0,129
1232501,1,1,0,0,0,0,129
1232559,1,1,1,1,1,0,129
1232730,0,0,0,0,1,0,129
1232828,1,1,0,0,0,0,129
1232832,0,1,1,0,1,0,129
1232909,0,1,1,0,1,0,129
1233020,1,1,1,1,1,0,129
1233119,1,1,1,1,1,0,129
1233164,1,1,0,0,0,0,129
1233216,1,1,0,0,0,0,129
1233889,1,1,0,0,0,0,129
1233966,0,1,0,1,0,0,129
1234538,0,1,0,1,0,0,129
1234594,1,0,0,1,1,0,129
1234707,0,0,0,0,1,0,129
1234965,1,1,1,1,1,0,129
1235366,0,0,1,1,0,0,129
1235536,1,1,1,1,1,0,129
1235618,1,0,0,1,1,0,129
1235725,1,0,0,1,1,0,129
1236072,1,0,0,1,1,0,129
1236331,0,1,0,1,0,0,129
1236387,0,1,0,1,0,0,129
1236407,1,0,1,0,0,0,129
1236427,1,1,0,0,0,0,129
1236744,0,0,1,1,0,0,129
1237342,1,1,1,1,1,0,129
1237698,0,1,0,1,0,0,129
1237753,0,1,1,0,1,0,129
1237945,1,0,1,0,0,0,129
1238433,0,0,0,0,1,0,129
1238571,1,0,1,0,0,0,129
1238667,1,0,1,0,0,0,129
1239271,0,1,0,0,0,0,129
1239624,0,0,1,1,0,0,129
1239768,1,1,1,1,1,0,129
1239837,0,0,1,1,0,0,129
1240204,1,0,1,0,0,0,129
1240262,1,0,0,1,1,0,129
1240544,1,1,0,0,0,0,129
1241025,0,1,1,0,1,0,129
1241127,0,0,1,1,0,0,129
1241315,1,1,0,0,0,0,129
1241356,0,1,0,1,0,0,129
1241621,0,0,1,1,0,0,129
1241711,1,0,1,0,0,0,129
1241770,1,1,1,1,1,0,129
1242164,0,0,1,1,0,0,129
1242308,1,0,1,0,0,0,129
1242558,1,1,0,0,0,0,129
1242862,0,1,0,1,0,0,129
1243342,1,1,0,0,0,0,129
1244131,1,0,1,0,0,0,129
1244191,1,0,1,0,0,0,129
1244902,1,0,1,0,0,0,129
1246653,0,0,0,0,1,0,140
1247247,0,0,1,1,0,0,140
1247346,1,0,0,1,1,0,140
1247577,0,1,1,0,1,0,140
1247620,1,0,1,0,0,0,140
1247631,0,0,1,1,0,0,140
1247669,0,1,1,0,1,0,140
1247923,0,1,0,1,0,0,140
1247972,0,1,0,1,0,0,140
1248185,0,0,1,1,0,0,140
1248953,0,1,1,0,1,0,140
1249074,1,0,0,1,1,0,140
1249091,1,0,0,1,1,0,140
1249171,0,0,0,0,1,0,140
1249384,0,0,0,0,1,0,140
1249722,0,1,0,1,0,0,140
1249751,0,0,0,0,1,0,140
1249894,0,0,1,1,0,0,140
1250206,0,0,1,1,0,0,140
1250527,0,1,1,0,1,0,140
1250746,1,1,1,1,1,0,140
1250847,1,1,1,1,1,0,140
1250969,0,1,0,1,0,0,140
1251430,0,1,0,1,0,0,140
1251786,0,0,1,0,0,0,140
1251892,1,1,1,1,1,0,140
1252106,1,0,0,1,1,0,140
1252196,1,0,1,0,0,0,140
1252647,1,1,0,0,0,0,140
1252739,1,1,0,0,0,0,140
1252969,1,1,1,1,1,0,140
1253228,1,1,1,1,1,0,140
1253695,0,0,0,0,1,0,140
1253787,1,0,0,1,1,0,140
1254002,1,1,0,1,0,0,140
1254091,1,0,1,0,0,0,140
1254108,1,1,0,0,0,0,140
1254232,0,1,1,0,1,0,140
1254278,0,1,1,0,1,0,140
1254355,0,1,1,0,1,0,140
1254543,1,1,1,1,1,0,140
1255231,0,0,1,1,0,0,140
1255555,1,1,0,0,0,0,140
1255738,0,1,0,1,0,0,140
1256069,1,0,1,0,0,0,140
1256807,1,0,0,1,1,0,140
1256968,0,0,0,0,1,0,140
1256999,0,1,1,0,1,0,140
1257147,0,1,0,1,0,0,140
1257508,0,1,1,0,1,0,140
1257858,0,0,0,0,1,0,140
1258245,1,1,0,0,0,0,140
1258382,0,1,1,0,1,0,140
1258426,0,0,0,0,1,0,140
1258886,0,1,0,1,0,0,140
1259006,1,1,1,1,1,0,140
1259091,0,1,1,0,1,0,140
1259333,1,0,0,1,1,0,140
1259425,0,0,0,0,1,0,140
1260319,0,0,1,1,0,0,140
1260475,1,1,0,0,0,0,140
1261222,1,1,1,1,1,0,140
1261476,1,0,1,0,0,0,140
1261711,0,1,0,1,0,0,140
1262649,1,0,1,0,0,0,140
1263378,1,1,1,1,1,0,140
1263503,1,1,0,0,0,0,140
1263591,1,1,1,1,1,0,140
1263735,0,1,0,1,0,0,140
1264398,0,0,0,0,1,0,140
1264838,0,1,1,0,1,0,140
1264980,0,1,1,0,1,0,140
1264994,1,1,1,1,1,0,140
1265240,1,0,0,1,1,0,140
1265986,1,1,0,0,0,0,140
1266027,1,0,0,1,1,0,140
1266613,1,0,1,0,0,0,140
1266753,0,0,0,0,1,0,140
1267020,1,1,0,0,0,0,140
1267088,0,0,1,1,0,0,140
1267117,0,0,1,1,0,0,140
1267162,1,1,1,1,1,0,140
1267301,0,1,1,0,1,0,140
1267429,1,0,1,0,0,0,140
1267665,0,1,1,0,1,0,140
1267865,1,1,1,1,1,0,140
1267915,0,0,1,1,0,0,140
1267977,1,1,0,0,0,0,140
1268269,0,1,1,0,1,0,140
1268367,0,0,0,0,1,0,140
1268652,0,1,1,0,1,0,140
1268907,1,1,1,1,1,0,140
1268947,0,1,1,0,1,0,140
1269089,0,0,1,1,0,0,140
1269162,1,1,0,0,0,0,140
1269592,1,1,1,1,1,0,140
1270075,1,1,1,1,1,0,140
1270124,1,0,0,1,1,0,140
1270305,0,1,1,0,1,0,140
1271399,0,1,1,0,1,0,140
1271877,1,0,1,0,0,0,140
1272184,1,0,1,0,0,0,140
1273047,1,1,0,0,0,0,140
1273263,1,1,1,1,1,0,140
1273616,1,0,1,0,0,0,140
1273796,0,0,1,1,0,0,140
1273862,1,0,1,0,0,0,140
1274097,1,0,1,0,0,0,140
1274239,0,0,1,1,0,0,140
1274291,0,0,1,1,0,0,140
1274300,1,0,0,1,1,0,140
1274867,0,1,1,0,1,0,140
1275401,1,1,1,1,1,0,140
1275452,1,0,1,0,0,0,140
1275588,1,1,1,1,1,0,140
1275672,1,0,1,0,0,0,140
1275794,1,0,0,1,1,0,140
1276308,0,1,0,1,0,0,140
1276433,0,1,1,0,1,0,140
1276684,1,0,1,0,0,0,140
1276768,1,0,0,1,1,0,140
1276913,1,0,0,1,1,0,140
1277048,1,0,0,1,1,0,140
1277097,1,1,0,0,0,0,140
1277100,0,1,0,1,0,0,140
1277394,1,0,1,0,0,0,140
1277413,1,1,0,0,0,0,140
1277776,0,1,1,0,1,0,140
1277870,1,0,1,0,0,0,140
1278199,1,0,1,0,0,0,140
1278339,1,0,1,0,0,0,140
1278409,1,0,0,0,1,1,140
1278535,0,0,1,1,0,0,140
1278659,1,0,0,1,1,0,140
1278757,0,1,1,0,1,0,140
1278806,1,0,1,0,0,0,140
1278972,1,1,1,1,1,0,140
1279067,0,1,0,1,0,0,140
1279574,1,0,0,1,1,0,140
1279657,1,0,1,0,0,0,140
1279786,1,0,1,0,0,0,140
1279979,1,0,1,0,0,0,140
1280011,1,1,1,1,1,0,140
1280027,0,1,0,1,0,0,140
1280174,0,1,1,0,1,0,140
1280363,0,0,1,1,0,0,140
1280403,0,0,0,0,1,0,140
1280480,0,0,0,0,1,0,140
1280897,0,1,1,0,1,0,140
1280916,1,0,1,0,0,0,140
1281424,0,0,0,0,1,0,140
1281806,1,0,1,0,0,0,140
1281918,1,1,1,1,1,0,140
1282236,1,0,0,1,1,0,140
1282614,1,1,0,0,0,0,140
1282696,1,1,0,0,0,0,140
1282702,1,1,0,0,0,0,140
1282859,0,0,0,0,1,0,140
1283526,1,0,1,0,0,0,140
1283583,1,0,1,0,0,0,140
1283613,1,1,0,0,0,0,140
1284014,0,1,0,1,0,0,140
1284046,0,0,0,0,1,0,140
1284721,0,0,1,1,0,0,140
1284963,1,0,1,0,0,0,140
1285024,1,0,1,0,0,0,140
1285170,0,1,1,1,1,1,140
1285198,1,0,0,1,1,0,140
1285593,1,0,1,0,0,0,140
1285661,1,1,0,0,0,0,140
1285820,1,0,1,0,0,0,140
1285883,0,0,0,1,1,1,140
1285924,0,0,0,0,1,0,140
1285975,1,1,1,1,1,0,140
1286059,1,0,1,0,0,0,140
1286396,1,1,1,1,1,0,140
1286652,0,0,0,0,1,0,140
1286932,1,1,0,0,0,0,140
1286939,1,1,1,1,1,0,140
1286944,1,1,0,0,0,0,140
1286984,0,0,0,0,1,0,140
1287067,1,0,1,0,0,0,140
1287301,1,0,1,0,0,0,140
1287452,1,1,0,0,0,0,140
1287799,0,1,0,1,0,0,140
1287911,0,1,0,1,0,0,140
1288266,1,1,1,1,1,0,140
1288358,1,0,1,0,0,0,140
1288427,0,1,1,0,1,0,140
1288456,1,0,1,0,0,0,140
1288748,1,1,1,0,1,1,140
1288861,1,0,0,1,1,0,140
1288921,0,1,0,1,0,0,140
1289241,0,0,1,1,0,0,140
1289255,0,0,1,1,0,0,140
1289695,1,1,1,1,1,0,140
1289799,1,0,1,0,0,0,140
1290123,0,1,0,1,0,0,140
1290228,0,1,0,1,0,0,140
1290345,1,1,0,0,0,0,140
1290436,0,0,1,1,0,0,140
1290674,1,0,1,0,0,0,140
1290698,0,1,0,1,0,0,140
1290737,0,1,0,1,0,0,140
1290864,0,1,0,1,0,0,140
1290887,0,0,1,1,0,0,140
1290969,0,1,1,0,1,0,140
1291340,0,0,0,0,1,0,140
1291486,0,0,0,0,1,0,140
1291526,1,1,0,0,0,0,140
1292238,0,1,1,0,1,0,140
1292324,1,0,1,0,0,0,140
1292536,1,0,1,0,0,0,140
1292572,1,1,0,0,0,0,140
1292682,0,1,0,1,0,0,140
1292814,0,0,0,1,1,1,140
1292906,0,0,1,1,0,0,140
1293073,0,0,0,0,1,0,140
1293176,1,0,0,1,1,0,140
1293385,0,0,1,1,0,0,140
1293486,0,1,0,1,0,0,140
1294018,1,1,1,1,1,0,140
1294210,1,0,0,1,1,0,140
1294337,0,1,1,0,1,0,140
1294350,1,1,0,0,0,0,140
1294379,1,0,1,0,0,0,140
1294535,1,0,0,1,1,0,140
1294659,1,0,0,1,1,0,140
1294720,0,1,0,1,0,0,140
1294772,0,1,1,0,1,0,140
1294931,0,1,0,1,0,0,140
1294949,1,1,1,1,1,0,140
1294971,1,1,1,1,1,0,140
1295226,0,1,0,1,0,0,140
1295343,1,0,0,1,1,0,140
1295354,1,0,1,0,0,0,140
1295386,1,1,0,0,0,0,140
1295401,1,0,1,0,0,0,140
1295558,0,0,0,0,1,0,140
1295860,0,1,0,1,0,0,140
1296133,1,0,0,1,1,0,140
1296143,0,0,0,0,1,0,140
1296364,1,0,1,0,0,0,140
1296608,0,1,1,0,1,0,140
1296928,1,1,1,1,1,0,140
1297073,0,0,0,0,1,0,140
1297179,0,0,1,1,0,0,140
1297763,1,1,0,0,0,0,140
1297944,0,1,0,1,0,0,140
1298157,1,1,0,0,0,0,140
1298286,1,1,1,1,1,0,140
1298596,0,1,0,1,0,0,140
1298799,1,1,0,0,0,0,140
1299292,0,0,0,0,1,0,140
1299559,1,0,0,1,1,0,140
1299583,0,0,0,0,1,0,140
1299847,0,0,1,1,0,0,140
1299981,1,0,0,1,1,0,140
1300071,0,0,0,0,1,0,140
1301017,0,0,1,1,0,0,140
1301031,0,1,1,0,1,0,140
1302085,0,0,0,0,1,0,140
1302206,0,0,1,1,0,0,140
1302296,0,1,1,0,1,0,140
1302318,0,1,0,1,0,0,140
1302554,1,0,0,1,1,0,140
1303091,1,1,1,1,1,0,140
1303105,0,0,0,0,1,0,140
1303145,1,1,0,0,0,0,140
1303915,1,0,0,1,1,0,140
1303990,1,0,1,0,0,0,140
1304119,0,1,0,1,0,0,140
1304173,1,0,0,1,1,0,140
1304295,1,0,1,0,0,0,140
1304336,1,0,0,1,1,0,140
1304841,0,0,0,0,1,0,140
1305205,1,0,0,1,1,0,140
1305325,0,1,0,1,0,0,140
1305866,0,0,0,0,1,0,140
1305962,0,1,1,0,1,0,140
1305992,0,1,1,0,1,0,140
1306251,0,0,0,0,1,0,140
1306357,0,0,0,0,1,0,140
1306439,1,1,1,1,1,0,140
1306831,1,0,1,0,0,0,140
1307237,0,0,0,0,1,0,140
1307346,1,0,0,1,1,0,140
1307414,1,1,1,1,1,0,140
1307553,1,0,1,0,0,0,140
1308064,1,0,0,1,1,0,140
1308128,1,0,1,0,0,0,140
1308921,1,0,1,0,0,0,140
1308935,1,0,1,0,0,0,140
1309015,1,0,0,1,1,0,140
1309132,1,1,0,0,0,0,140
1309202,0,0,1,1,0,0,140
1309224,0,0,1,1,0,0,140
1309379,1,0,0,1,1,0,140
1309440,1,1,1,1,1,0,140
1309503,1,1,1,1,1,0,140
1309702,1,0,1,0,0,0,140
1309793,0,0,1,1,0,0,140
1309977,0,1,1,0,1,0,140
1310011,1,0,1,0,0,0,140
1310136,0,0,0,0,1,0,140
1310282,0,1,1,0,1,0,140
1310439,0,0,0,0,1,0,140
1310898,1,0,1,0,0,0,156
1311371,0,0,0,0,1,0,156
1311447,1,1,1,1,1,0,156
1311557,1,0,0,1,1,0,156
1311708,0,1,1,0,1,0,156
1311940,1,0,0,1,1,0,156
1311946,0,1,0,1,0,0,156
1312026,1,0,0,1,1,0,156
1312157,0,1,0,1,0,0,156
1312194,0,1,1,0,1,0,156
1312368,1,0,0,1,1,0,156
1312474,1,1,1,1,1,0,156
1312620,0,0,1,1,0,0,156
1312933,0,0,0,0,1,0,156
1312945,1,0,1,0,0,0,156
1313009,0,1,0,1,0,0,156
1313113,0,1,0,1,0,0,156
1313320,1,1,1,1,1,0,156
1313650,1,1,1,1,1,0,156
1314091,1,1,1,1,1,0,156
1314124,0,0,0,0,1,0,156
1314137,0,1,0,1,0,0,156
1314139,0,0,0,0,1,0,156
1314208,0,1,1,0,1,0,156
1314272,0,1,1,0,1,0,156
1314309,1,1,1,1,1,0,156
1314491,0,1,0,1,0,0,156
1314970,0,0,0,0,1,0,156
1315138,1,0,0,1,1,0,156
1315527,0,1,1,0,1,0,156
1315766,0,1,0,1,0,0,156
1315773,1,1,1,1,1,0,156
1315907,1,0,0,1,1,0,156
1315978,1,0,0,1,1,0,156
1316217,1,1,0,0,0,0,156
1316277,1,1,0,0,0,0,156
1316752,1,1,0,0,0,0,156
1316953,1,0,1,0,0,0,156
1317044,1,1,0,0,0,0,156
1317087,0,0,0,0,1,0,156
1317473,1,1,1,1,1,0,156
1317490,1,0,1,0,0,0,156
1317562,1,0,1,0,0,0,156
1317782,1,1,1,1,1,0,156
1318246,0,0,0,0,1,0,156
1318816,1,0,0,1,1,0,156
1318873,1,0,1,1,0,0,156
1319076,1,0,0,1,1,0,156
1319121,0,0,1,1,0,0,156
1319302,1,0,1,0,0,0,156
1319341,0,0,0,0,1,0,156
1319451,1,0,1,0,0,0,156
1320124,1,0,1,0,0,0,156
1320195,0,1,0,1,0,0,156
1320552,1,0,0,1,1,0,156
1320650,0,1,0,1,0,0,156
1320673,1,1,1,1,1,0,156
1321303,1,1,1,1,1,0,156
1321310,0,1,0,1,0,0,156
1321532,0,1,1,0,1,0,156
1321796,1,1,1,1,1,0,156
1321818,1,0,1,0,0,0,156
1321839,0,0,1,1,0,0,156
1321849,0,0,1,1,0,0,156
1322100,1,0,0,1,1,0,156
1322238,1,1,0,0,0,0,156
1322266,1,1,1,1,1,0,156
1322270,0,0,0,0,1,0,156
1322388,1,0,0,1,1,0,156
1322535,0,1,1,0,1,0,156
1322646,0,1,1,0,1,0,156
1322779,1,0,0,1,1,0,156
1323230,1,1,0,0,0,0,156
1323373,0,0,0,0,1,0,156
1323406,0,0,1,1,0,0,156
1323457,0,0,0,0,1,0,156
1323645,0,1,1,0,1,0,156
1323745,0,1,1,0,1,0,156
1323852,1,0,0,1,1,0,156
1323983,0,1,1,0,1,0,156
1324161,1,1,1,1,1,0,156
1324248,0,1,0,1,0,0,156
1324315,0,1,1,0,1,0,156
1324349,1,0,0,1,1,0,156
1324438,1,1,1,1,1,0,156
1324607,0,1,1,0,1,0,156
1324771,1,1,0,0,0,0,156
1324887,0,1,1,0,1,0,156
1325173,1,1,0,0,0,0,156
1325193,1,0,1,0,0,0,156
1325275,0,0,0,0,1,0,156
1325610,0,1,1,0,1,0,156
1325950,0,0,1,1,0,0,156
1326001,1,0,0,1,1,0,156
1326294,1,1,0,0,0,0,156
1326476,1,1,1,1,1,0,156
1327273,0,0,1,1,0,0,156
1327764,1,1,1,1,1,0,156
1327798,1,0,0,1,1,0,156
1328427,1,0,0,1,1,0,156
1328456,1,0,1,0,0,0,156
1328808,1,0,1,0,0,0,156
1328821,1,1,1,1,1,0,156
1329107,0,0,0,0,1,0,156
1329317,0,0,1,1,0,0,156
1329760,1,1,1,1,1,0,156
1329885,1,0,0,1,1,0,156
1329896,1,0,1,0,0,0,156
1330237,1,1,0,0,0,0,156
1330250,1,1,1,1,1,0,156
1330330,0,1,1,0,1,0,156
1330563,1,1,1,1,1,0,156
1330912,1,1,0,0,0,0,156
1331093,1,1,1,1,1,0,156
1331117,0,1,0,1,0,0,156
1331176,0,0,0,0,1,0,156
1331284,1,1,0,0,0,0,156
1331440,1,1,1,1,1,0,156
1331689,0,1,0,1,0,0,156
1331690,1,1,1,1,1,0,156
1331947,0,0,0,0,1,0,156
1332292,1,0,1,0,0,0,156
1332895,1,1,0,0,0,0,156
1333888,1,0,1,0,0,0,156
1334285,1,1,1,1,1,0,156
1334315,0,0,1,1,0,0,156
1334506,1,0,0,1,1,0,156
1334888,0,1,1,0,1,0,156
1335031,1,1,0,0,0,0,156
1335064,0,1,1,0,1,0,156
1335124,1,1,1,1,1,0,156
1335885,1,1,1,1,1,0,156
1336080,1,0,1,0,0,0,156
1336798,0,0,1,1,0,0,156
1337151,0,0,1,1,0,0,156
1337524,1,0,0,1,1,0,156
1337617,1,1,1,1,1,0,156
1337782,0,0,0,0,1,0,156
1337824,0,1,0,1,0,0,156
1337985,1,1,1,1,1,0,156
1338223,0,0,1,1,0,0,156
1338341,1,1,1,1,1,0,156
1338343,0,0,0,0,1,0,156
1338577,1,0,0,1,1,0,156
1338773,1,1,0,0,0,0,156
1338892,1,1,0,0,0,0,156
1338901,0,1,1,0,1,0,156
1338936,1,0,0,1,1,0,156
1339022,0,1,0,1,0,0,156
1339161,0,0,0,0,1,0,156
1339299,1,1,0,0,0,0,156
1339308,0,1,1,0,1,0,156
1339563,0,1,1,0,1,0,156
1339574,0,0,1,1,0,0,156
1339584,1,1,0,0,0,0,156
1339902,1,1,0,0,0,0,156
1339971,0,0,0,0,1,0,156
1339973,0,0,0,0,1,0,156
1340376,0,0,0,0,1,0,156
1340604,0,0,1,1,0,0,156
1340931,1,1,1,0,1,1,156
1341056,1,0,0,1,1,0,156
1341082,0,1,1,0,1,0,156
1341087,0,0,1,1,0,0,156
1341173,1,1,0,0,0,0,156
1341324,1,1,0,0,0,0,156
1341527,1,0,0,1,1,0,156
1341903,1,1,1,1,1,0,156
1342194,1,0,0,1,1,0,156
1342259,0,1,1,0,1,0,156
1342431,0,0,1,1,0,0,156
1342521,0,0,1,1,0,0,156
1342577,1,0,0,1,1,0,156
1342766,1,1,0,0,0,0,156
1342769,1,1,1,1,1,0,156
1343133,0,0,1,1,0,0,156
1343154,1,1,1,1,1,0,156
1343243,0,0,0,0,1,0,156
1343473,1,0,1,0,0,0,156
1343500,1,0,1,1,0,0,156
1343525,0,0,1,1,0,0,156
1343549,1,1,1,1,1,0,156
1343922,1,0,1,0,0,0,156
1344213,0,0,0,0,1,0,156
1344247,1,0,0,1,1,0,156
1344249,0,1,0,1,0,0,156
1344292,0,1,0,1,0,0,156
1344429,1,0,0,1,1,0,156
1344633,0,0,1,1,0,0,156
1344636,0,1,0,1,0,0,156
1344673,1,0,1,0,0,0,156
1345669,1,1,0,1,0,0,156
1345865,1,1,1,1,1,0,156
1345977,1,0,1,0,0,0,156
1346020,0,1,1,0,1,0,156
1346131,0,0,0,0,1,0,156
1346276,0,0,0,0,1,0,156
1346867,1,1,1,1,1,0,156
1347214,1,1,1,1,1,0,156
1347265,0,0,1,1,0,0,156
1347354,0,1,1,0,1,0,156
1347402,0,0,0,0,1,0,156
1347722,0,1,0,1,0,0,156
1347808,1,1,1,1,1,0,156
1347942,1,0,1,0,0,0,156
1348252,1,0,0,1,1,0,156
1348379,1,1,0,0,0,0,156
1348400,0,1,1,0,1,0,156
1348444,0,0,0,0,1,0,156
1348701,1,0,0,1,1,0,156
1348767,0,1,0,1,0,0,156
1348850,1,1,1,1,1,0,156
1348863,0,0,1,1,0,0,156
1348901,1,1,0,0,0,0,156
1349689,1,1,0,1,0,0,156
1349791,1,1,1,1,1,0,156
1349812,1,0,1,0,0,0,156
1349867,1,1,0,0,0,0,156
1350173,1,0,0,0,1,1,156
1350289,0,1,0,1,0,0,156
1350294,1,0,0,1,1,0,156
1350704,0,0,1,1,0,0,156
1350885,0,0,0,0,1,0,156
1350958,0,1,1,0,1,0,156
1351361,1,1,0,0,0,0,156
1351396,1,0,0,1,1,0,156
1351503,1,1,1,0,1,1,156
1351724,1,0,0,1,1,0,156
1351846,0,0,1,1,0,0,156
1352346,0,1,0,1,0,0,156
1352455,0,0,0,0,1,0,156
1353003,0,1,0,1,0,0,156
1353102,0,1,1,0,1,0,156
1353181,0,0,1,1,0,0,156
1353255,1,1,0,0,0,0,156
1353495,0,0,1,1,0,0,156
1353894,1,1,1,1,1,0,156
1354012,1,1,1,1,1,0,156
1354091,0,0,0,0,1,0,156
1354108,0,0,1,1,0,0,156
1354145,1,0,1,0,0,0,156
1354254,0,0,1,1,0,0,156
1354287,0,1,0,0,0,0,156
1354300,0,0,0,0,1,0,156
1354350,1,0,0,1,1,0,156
1354418,1,1,0,0,0,0,156
1354564,1,1,1,1,1,0,156
1355233,1,0,1,0,0,0,156
1355437,0,0,0,0,1,0,156
1355725,1,1,1,1,1,0,156
1355727,0,1,0,1,0,0,156
1355768,0,0,0,0,1,0,156
1355791,0,1,1,0,1,0,156
1355931,1,1,1,1,1,0,156
1356111,1,1,1,1,1,0,156
1357079,0,1,1,0,1,0,156
1357121,0,0,1,1,0,0,156
1357169,1,0,0,1,1,0,156
1357659,1,1,1,1,1,0,156
1357944,0,1,1,0,1,0,156
1357952,0,1,1,0,1,0,156
1358002,1,1,0,0,0,0,156
1358486,0,0,1,1,0,0,156
1358659,0,1,0,1,0,0,156
1358726,0,1,0,1,0,0,156
1359285,0,1,0,1,0,0,156
1359498,0,1,0,1,0,0,156
1359672,0,1,1,0,1,0,156
1359674,1,0,1,0,0,0,156
1359734,1,0,0,1,1,0,156
1359757,1,1,1,1,1,0,156
1359864,0,1,1,0,1,0,156
1359868,0,0,1,1,0,0,156
1359911,0,0,1,1,0,0,156
1359999,0,0,1,0,0,0,156
1360047,0,0,0,0,1,0,156
1360175,1,1,0,0,0,0,156
1360185,1,0,0,1,1,0,156
1360752,0,1,1,0,1,0,156
1360942,0,1,1,0,1,0,156
1361004,0,0,0,0,1,0,156
1361480,1,1,1,1,1,0,156
1361853,0,1,0,1,0,0,156
1361865,0,1,1,1,1,1,156
1362078,1,0,0,1,1,0,156
1362190,1,1,0,0,0,0,156
1362203,0,1,0,1,0,0,156
1362953,0,0,0,0,1,0,156
1362974,1,1,0,0,0,0,156
1363241,0,1,1,0,1,0,156
1363568,1,1,0,0,0,0,156
1363783,0,1,1,0,1,0,156
1363924,0,0,1,1,0,0,156
1364421,1,0,0,1,1,0,156
1364658,1,1,1,0,1,1,156
1364978,1,1,1,1,1,0,156
1365006,1,0,0,1,1,0,156
1365183,1,1,0,0,0,0,156
1365467,0,0,0,0,1,0,156
1365552,1,0,1,0,0,0,156
1365795,1,1,0,0,0,0,156
1366008,1,0,1,0,0,0,156
1366311,0,1,1,0,1,0,156
1366459,0,0,0,0,1,0,156
1366572,1,0,0,1,1,0,156
1366593,0,0,1,0,0,0,156
1366722,0,1,1,0,1,0,156
1366780,0,0,1,1,0,0,156
1366806,0,0,1,1,0,0,156
1366889,1,1,1,1,1,0,156
1367066,0,1,0,1,0,0,156
1367125,0,1,1,0,1,0,156
1367406,1,0,1,0,0,0,156
1367523,1,0,0,1,1,0,156
1367847,0,0,0,0,1,0,156
1368142,0,1,0,1,0,0,156
1368197,1,1,0,0,0,0,156
1368222,0,1,0,1,0,0,156
1368709,1,0,1,0,0,0,156
1368874,1,0,0,1,1,0,156
1369648,0,0,0,0,1,0,156
1369722,1,0,0,1,1,0,156
1369864,1,1,1,1,1,0,156
1370380,1,1,0,0,0,0,156
1370580,0,1,1,0,1,0,156
1370745,1,0,0,1,1,0,156
1370775,0,1,0,1,0,0,156
1371223,0,1,1,0,1,0,156
1371305,0,1,0,1,0,0,156
1371869,0,0,1,1,0,0,156
1372255,0,1,0,1,0,0,156
1372347,1,0,1,0,0,0,156
1372741,0,0,1,1,0,0,156
1372777,1,1,1,1,1,0,156
1372961,1,0,0,1,1,0,156
1373528,1,1,0,0,0,0,156
1373864,0,1,0,1,0,0,156
1373969,1,1,1,1,1,0,156
1374135,0,0,0,0,1,0,156
1374158,0,0,1,1,0,0,156
1374188,0,0,0,0,1,0,156
1374449,1,1,0,0,0,0,156
1374705,1,0,0,1,1,0,156
1374796,1,1,0,0,0,0,156
1374872,1,1,1,1,1,0,156
1375180,1,0,1,0,0,0,156
1375408,0,1,1,0,1,0,156
1375617,0,1,1,0,1,0,156
1375980,1,1,0,0,0,0,156
1376148,1,0,1,0,0,0,156
1376573,1,1,1,1,1,0,149
1376843,1,0,0,1,1,0,149
1376863,0,1,1,0,1,0,149
1376928,0,1,0,1,0,0,149
1376995,0,1,0,1,0,0,149
1377155,0,1,1,0,1,0,149
1377266,0,1,0,1,0,0,149
1377352,1,1,1,1,1,0,149
1377862,0,0,1,1,0,0,149
1378781,1,0,1,1,0,0,149
1378829,0,1,0,1,0,0,149
1379006,0,1,1,0,1,0,149
1379474,1,0,1,0,0,0,149
1379706,1,0,1,0,0,0,149
1379791,1,1,1,1,1,0,149
1379869,1,0,0,1,1,0,149
1380193,0,1,1,0,1,0,149
1380292,0,1,0,1,0,0,149
1380486,1,1,1,1,1,0,149
1380638,1,0,1,1,0,0,149
1380710,1,0,0,1,1,0,149
1381047,0,1,0,1,0,0,149
1381421,1,0,0,1,1,0,149
1381773,1,0,1,0,0,0,149
1381870,1,1,0,0,0,0,149
1381961,1,1,1,1,1,0,149
1382541,1,0,1,0,0,0,149
1382554,1,1,0,0,0,0,149
1382604,1,1,0,0,0,0,149
1382890,0,0,0,1,1,1,149
1382965,0,0,0,0,1,0,149
1383084,1,0,1,0,0,0,149
1383177,1,0,0,1,1,0,149
1383533,0,0,0,0,1,0,149
1383860,1,1,0,0,0,0,149
1383898,1,1,1,1,1,0,149
1384245,1,0,1,0,0,0,149
1384290,0,1,0,1,0,0,149
1384445,1,1,1,1,1,0,149
1384575,1,1,0,0,0,0,149
1384716,1,1,0,0,0,0,149
1384944,0,0,1,1,0,0,149
1385349,1,0,1,0,0,0,149
1385631,0,1,1,0,1,0,149
1386407,0,1,0,1,0,0,149
1387175,0,0,0,0,1,0,149
1387523,0,1,0,0,0,0,149
1387651,0,1,0,1,0,0,149
1387696,0,0,1,1,0,0,149
1388041,1,0,1,0,0,0,149
1388345,1,1,1,1,1,0,149
1388646,1,0,1,0,0,0,149
1388731,0,0,0,0,1,0,149
1388913,0,0,0,0,1,0,149
1389056,1,1,0,1,0,0,149
1389160,1,0,1,0,0,0,149
1389180,0,1,0,1,0,0,149
1389262,0,1,1,0,1,0,149
1389587,0,1,0,1,0,0,149
1389629,1,0,1,0,0,0,149
1389736,1,1,0,0,0,0,149
1390280,1,1,1,1,1,0,149
1390320,0,1,1,0,1,0,149
1390363,1,0,1,0,0,0,149
1390512,1,0,0,1,1,0,149
1390792,0,1,1,0,1,0,149
1390815,1,1,1,1,1,0,149
1390847,0,0,0,0,1,0,149
1390863,0,1,1,0,1,0,149
1390920,1,0,0,1,1,0,149
1390941,1,1,1,1,1,0,149
1391115,1,1,0,0,0,0,149
1391118,0,1,1,0,1,0,149
1391311,1,1,0,0,0,0,149
1391557,1,1,0,0,0,0,149
1391613,0,1,1,0,1,0,149
1391654,1,0,0,1,1,0,149
1391973,0,1,1,0,1,0,149
1392020,1,1,1,1,1,0,149
1392076,0,1,1,0,1,0,149
1392248,0,1,1,0,1,0,149
1392480,0,1,1,0,1,0,149
1392733,0,0,0,0,1,0,149
1392750,0,0,1,1,0,0,149
1393022,0,0,1,1,0,0,149
1393068,1,0,1,0,0,0,149
1393172,1,0,0,1,1,0,149
1393232,1,1,0,0,0,0,149
1393354,1,0,1,0,0,0,149
1393657,0,1,1,0,1,0,149
1393697,1,0,1,0,0,0,149
1393727,1,0,0,1,1,0,149
1394665,0,0,1,1,0,0,149
1395223,1,0,1,0,0,0,149
1395471,1,1,0,0,0,0,149
1395880,1,0,0,1,1,0,149
1396136,1,0,1,0,0,0,149
1396427,1,1,0,0,0,0,149
1396444,1,1,0,0,0,0,149
1396612,0,0,1,1,0,0,149
1396872,0,0,1,1,0,0,149
1397044,1,0,0,1,1,0,149
1397159,1,1,0,0,0,0,149
1397455,0,0,0,0,1,0,149
1397752,0,1,0,1,0,0,149
1397914,0,0,1,1,0,0,149
1398110,0,0,0,0,1,0,149
1398436,0,0,1,1,0,0,149
1398634,0,0,1,1,0,0,149
1398884,1,1,1,1,1,0,149
1399310,1,1,1,1,1,0,149
1399468,1,1,0,0,0,0,149
1399595,1,0,1,0,0,0,149
1399807,0,0,1,1,0,0,149
1400255,0,1,0,1,0,0,149
1400459,1,0,0,1,1,0,149
1400674,0,0,1,1,0,0,149
1400810,0,1,1,0,1,0,149
1400823,0,1,0,1,0,0,149
1400877,0,0,1,1,0,0,149
1400931,0,1,1,0,1,0,149
1400955,1,0,1,0,0,0,149
1401515,1,1,1,1,1,0,149
1401532,0,0,1,1,0,0,149
1401735,1,1,1,1,1,0,149
1402087,0,0,1,1,0,0,149
1402353,0,1,1,0,1,0,149
1402839,0,1,0,1,0,0,149
1402920,0,0,0,0,1,0,149
1403068,1,1,1,1,1,0,149
1403293,1,1,1,1,1,0,149
1403315,1,1,1,1,1,0,149
1403788,1,0,1,0,0,0,149
1404022,0,1,1,0,1,0,149
1404253,0,0,1,1,0,0,149
1404345,1,0,1,0,0,0,149
1404506,1,0,1,0,0,0,149
1404688,0,0,0,0,1,0,149
1404773,1,1,1,1,1,0,149
1404898,0,0,0,0,1,0,149
1405318,0,1,1,0,1,0,149
1405664,0,1,0,1,0,0,149
1406012,1,1,0,0,0,0,149
1406281,1,0,1,0,0,0,149
1406540,1,0,1,0,0,0,149
1407329,0,1,1,0,1,0,149
1407512,1,0,1,0,0,0,149
1407719,0,0,0,0,1,0,149
1408096,0,0,0,0,1,0,149
1408507,1,0,1,0,0,0,149
1409307,0,0,1,1,0,0,149
1409372,1,1,0,0,0,0,149
1409454,1,0,1,1,0,0,149
1409555,1,1,0,0,0,0,149
1410096,0,0,0,0,1,0,149
1410539,1,1,0,0,0,0,149
1410729,1,1,0,0,0,0,149
1410811,0,1,0,1,0,0,149
1410933,0,0,0,0,1,0,149
1412098,1,1,1,1,1,0,149
1412528,1,1,1,1,1,0,149
1412551,1,0,1,0,0,0,149
1412623,1,0,1,0,0,0,149
1412637,1,0,0,1,1,0,149
1412919,0,1,1,0,1,0,149
1413006,1,0,0,1,1,0,149
1413240,1,0,0,1,1,0,149
1413360,1,0,1,0,0,0,149
1413404,1,1,0,0,0,0,149
1413738,0,1,0,1,0,0,149
1413781,0,1,0,1,0,0,149
1415245,1,1,1,1,1,0,149
1415286,1,0,1,0,0,0,149
1415397,1,0,0,1,1,0,149
1415731,0,1,0,1,0,0,149
1416185,1,1,1,1,1,0,149
1416221,0,0,0,0,1,0,149
1417027,1,1,1,1,1,0,149
1417091,1,0,0,1,1,0,149
1417151,1,0,1,0,0,0,149
1417318,0,0,1,1,0,0,149
1417597,1,1,0,0,0,0,149
1417675,1,1,1,1,1,0,149
1418169,0,0,0,0,1,0,149
1418526,0,1,1,0,1,0,149
1418630,0,0,1,1,0,0,149
1418674,0,1,0,1,0,0,149
1418698,1,1,1,1,1,0,149
1418760,0,0,1,1,0,0,149
1418766,1,0,1,0,0,0,149
1418835,0,1,1,0,1,0,149
1418970,1,1,1,0,1,1,149
1419219,1,0,0,1,1,0,149
1419948,0,1,0,1,0,0,149
1420214,1,1,0,0,0,0,149
1420297,0,0,1,1,0,0,149
1420332,1,0,0,1,1,0,149
1420724,1,0,1,0,0,0,149
1420778,1,1,1,1,1,0,149
1420867,1,1,1,1,1,0,149
1421048,0,1,0,1,0,0,149
1422190,1,1,0,0,0,0,149
1422251,1,1,1,1,1,0,149
1422807,1,0,0,1,1,0,149
1422824,0,1,1,0,1,0,149
1422839,1,1,1,1,1,0,149
1423082,0,1,1,0,1,0,149
1423204,1,1,0,0,0,0,149
1423328,0,0,1,1,0,0,149
1423512,0,0,1,1,0,0,149
1424144,1,0,0,1,1,0,149
1424346,0,1,0,1,0,0,149
1424478,1,0,0,1,1,0,149
1424627,1,0,1,0,0,0,149
1424688,1,0,0,1,1,0,149
1424986,0,0,1,1,0,0,149
1425143,0,1,1,0,1,0,149
1425933,0,1,0,1,0,0,149
1426434,1,0,1,0,0,0,149
1426780,0,0,0,0,1,0,149
1426915,1,1,0,0,0,0,149
1427479,0,1,1,0,1,0,149
1427666,0,1,0,1,0,0,149
1428418,0,1,0,1,0,0,149
1428518,0,0,1,1,0,0,149
1428527,1,0,1,1,0,0,149
1428632,1,0,1,0,0,0,149
1428682,1,1,0,0,0,0,149
1428799,0,0,1,1,0,0,149
1428844,0,0,1,1,0,0,149
1429205,1,1,0,0,0,0,149
1429206,1,0,1,0,0,0,149
1429222,0,0,0,0,1,0,149
1429324,0,0,0,0,1,0,149
1429533,1,0,0,1,1,0,149
1429710,1,1,0,0,0,0,149
1429724,1,0,1,0,0,0,149
1429779,0,1,1,0,1,0,149
1429843,0,1,0,1,0,0,149
1430020,0,1,0,1,0,0,149
1430277,1,0,1,0,0,0,149
1430316,1,0,1,0,0,0,149
1430340,0,1,0,1,0,0,149
1430497,0,0,1,1,0,0,149
1430568,0,0,1,1,0,0,149
1431114,0,1,1,0,1,0,149
1431612,1,1,1,1,1,0,149
1431854,1,0,0,1,1,0,149
1432183,0,1,0,1,0,0,149
1432224,0,0,0,0,1,0,149
1432539,0,0,0,0,1,0,149
1432900,0,0,0,0,1,0,149
1433116,0,1,0,1,0,0,149
1433177,0,1,0,1,0,0,149
1433210,1,0,1,0,0,0,149
1433634,1,1,1,1,1,0,149
1434062,0,1,1,0,1,0,149
1434222,1,0,0,1,1,0,149
1434318,0,1,0,1,0,0,149
1434470,1,1,0,0,0,0,149
1434608,1,0,1,0,0,0,149
1434809,1,0,0,1,1,0,149
1435419,1,1,1,1,1,0,149
1435688,1,1,0,0,0,0,149
1435746,0,1,0,1,0,0,149
1436110,0,0,1,1,0,0,149
1436212,0,1,1,0,1,0,149
1436243,0,1,0,1,0,0,149
1436381,1,0,0,1,1,0,149
1436678,0,1,0,1,0,0,149
1436901,0,0,0,0,1,0,149
1436942,0,1,0,1,0,0,149
1437059,1,0,1,0,0,0,149
1437411,0,0,0,0,1,0,149
1437566,0,0,1,1,0,0,149
1437596,0,1,0,1,0,0,149
1437832,0,0,1,1,0,0,149
1438381,1,1,1,1,1,0,149
1438392,1,1,1,1,1,0,149
1438731,1,1,1,1,1,0,149
1438926,0,0,1,1,0,0,149
1438950,0,0,0,0,1,0,149
1439355,1,0,1,0,0,0,149
1439744,1,1,1,1,1,0,149
1439775,1,0,0,1,1,0,149
1439888,1,1,1,1,1,0,149
1439936,0,0,1,1,0,0,149
1440137,1,0,1,0,0,0,149
1440677,1,0,0,1,1,0,149
1440960,0,0,0,0,1,0,149
1440995,1,0,1,0,0,0,149
1441112,1,0,1,0,0,0,149
1441337,1,1,1,1,1,0,149
1441421,1,1,0,0,0,0,149
1441941,1,0,1,0,0,0,129
1442251,1,1,1,1,1,0,129
1442469,1,1,0,0,0,0,129
1443053,0,1,1,0,1,0,129
1443739,1,0,0,1,1,0,129
1443852,1,1,0,0,0,0,129
1443899,0,0,1,1,0,0,129
1444415,0,1,1,1,1,1,129
1444436,1,0,1,0,0,0,129
1444641,0,1,1,0,1,0,129
1444824,0,1,0,1,0,0,129
1445508,1,0,0,0,1,1,129
1446292,0,0,1,1,0,0,129
1446404,0,1,0,1,0,0,129
1446408,0,1,0,1,0,0,129
1446830,0,0,0,0,1,0,129
1447358,1,1,1,1,1,0,129
1447992,1,1,1,1,1,0,129
1448824,0,1,0,1,0,0,129
1448861,0,1,1,0,1,0,129
1449162,1,0,1,0,0,0,129
1450093,0,1,1,1,1,1,129
1450470,1,0,1,0,0,0,129
1450542,0,1,1,0,1,0,129
1450649,1,1,1,1,1,0,129
1450682,1,0,1,0,0,0,129
1450867,0,1,0,1,0,0,129
1450940,0,1,0,1,0,0,129
1451315,1,0,0,1,1,0,129
1451477,1,1,0,0,0,0,129
1451591,1,0,1,0,0,0,129
1451627,1,0,0,1,1,0,129
1451722,0,0,1,1,0,0,129
1451738,0,0,0,0,1,0,129
1451856,1,1,1,1,1,0,129
1451962,1,1,1,1,1,0,129
1452143,0,1,0,1,0,0,129
1452276,0,0,1,1,0,0,129
1452356,0,0,0,0,1,0,129
1452498,0,1,0,0,0,0,129
1452662,1,0,0,1,1,0,129
1452861,0,0,0,0,1,0,129
1452989,0,0,1,0,0,0,129
1453145,1,1,1,1,1,0,129
1453392,1,1,0,0,0,0,129
1453652,0,1,1,0,1,0,129
1453797,0,1,0,1,0,0,129
1453828,1,1,1,0,1,1,129
1453863,0,1,1,0,1,0,129
1453896,1,1,1,1,1,0,129
1454124,0,0,1,1,0,0,129
1454243,1,1,1,1,1,0,129
1454447,0,1,1,0,1,0,129
1454890,0,1,1,0,1,0,129
1455174,1,1,1,1,1,0,129
1455967,1,0,0,1,1,0,129
1455989,0,0,1,1,0,0,129
1455992,0,1,1,0,1,0,129
1455999,1,0,1,0,0,0,129
1456016,1,1,0,0,0,0,129
1456171,1,1,0,0,0,0,129
1456417,1,0,1,0,0,0,129
1456448,0,0,0,0,1,0,129
1456557,0,1,0,1,0,0,129
1456735,1,1,1,1,1,0,129
1456854,0,0,0,0,1,0,129
1456961,1,0,0,1,1,0,129
1457605,0,0,0,0,1,0,129
1457615,0,1,1,0,1,0,129
1457621,1,1,0,0,0,0,129
1457820,1,1,0,0,0,0,129
1458158,0,1,1,0,1,0,129
1458175,0,0,1,1,0,0,129
1458268,0,1,1,0,1,0,129
1458502,1,1,1,0,1,1,129
1458898,0,1,1,0,1,0,129
1459250,1,1,1,1,1,0,129
1459269,1,0,0,1,1,0,129
1459475,1,0,0,1,1,0,129
1460021,1,1,1,1,1,0,129
1460399,1,1,0,0,0,0,129
1460786,0,0,0,0,1,0,129
1461791,1,1,0,0,0,0,129
1461886,1,1,0,0,0,0,129
1461985,0,0,1,1,0,0,129
1462131,1,1,1,0,1,1,129
1462335,1,0,0,1,1,0,129
1462372,1,0,1,0,0,0,129
1462739,1,0,0,1,1,0,129
1463486,0,0,0,0,1,0,129
1463586,1,0,0,1,1,0,129
1463688,0,0,0,0,1,0,129
1463700,0,0,1,1,0,0,129
1463920,0,0,0,0,1,0,129
1463965,0,0,1,1,0,0,129
1464272,1,1,1,1,1,0,129
1464294,1,0,0,1,1,0,129
1464601,0,1,0,1,0,0,129
1464802,1,1,1,1,1,0,129
1465503,0,1,0,1,0,0,129
1465539,0,1,0,1,0,0,129
1465872,1,0,0,1,1,0,129
1465958,1,1,0,0,0,0,129
1466012,0,0,0,0,1,0,129
1466605,0,1,0,1,0,0,129
1466833,0,1,1,0,1,0,129
1466982,0,1,0,1,0,0,129
1467350,0,1,1,0,1,0,129
1467445,0,0,1,1,0,0,129
1467686,0,0,0,0,1,0,129
1467860,0,1,1,0,1,0,129
1467900,1,1,1,1,1,0,129
1468858,1,0,1,0,0,0,129
1468912,0,0,0,0,1,0,129
1469031,0,0,0,0,1,0,129
1469069,0,1,1,0,1,0,129
1469087,0,0,1,1,0,0,129
1469202,0,1,0,1,0,0,129
1469249,1,0,1,0,0,0,129
1469382,1,0,1,0,0,0,129
1469601,0,1,0,1,0,0,129
1470305,0,0,0,0,1,0,129
1470493,1,1,1,1,1,0,129
1470700,1,1,1,1,1,0,129
1470946,0,1,1,0,1,0,129
1471361,1,1,0,0,0,0,129
1471368,1,1,0,0,0,0,129
1471422,0,1,0,1,0,0,129
1471647,1,1,1,1,1,0,129
1471724,0,1,1,0,1,0,129
1471766,0,0,1,1,0,0,129
1471989,1,0,1,0,0,0,129
1472025,1,0,0,1,1,0,129
1472063,0,1,1,0,1,0,129
1472075,0,1,0,1,0,0,129
1472779,0,1,0,1,0,0,129
1472893,1,0,1,0,0,0,129
1473091,1,0,0,1,1,0,129
1473227,1,1,0,0,0,0,129
1473511,0,1,1,0,1,0,129
1473573,1,0,0,1,1,0,129
1473619,1,1,1,1,1,0,129
1473779,1,0,0,1,1,0,129
1474117,1,1,1,1,1,0,129
1474312,1,0,1,0,0,0,129
1474389,0,0,0,0,1,0,129
1475200,0,1,1,0,1,0,129
1475330,1,1,1,1,1,0,129
1475421,1,1,1,1,1,0,129
1475531,0,0,1,1,0,0,129
1476378,0,0,0,0,1,0,129
1476435,0,0,1,1,0,0,129
1476615,1,0,0,1,1,0,129
1476863,0,0,0,0,1,0,129
1477078,1,1,1,1,1,0,129
1477292,0,0,0,0,1,0,129
1477780,1,0,1,1,0,0,129
1477871,1,0,1,0,0,0,129
1477877,1,0,0,1,1,0,129
1478171,1,1,0,0,0,0,129
1478298,1,1,1,1,1,0,129
1478454,0,0,0,0,1,0,129
1478558,0,1,0,1,0,0,129
1478687,0,0,0,0,1,0,129
1478916,1,0,1,0,0,0,129
1480151,1,1,0,1,0,0,129
1480247,1,0,0,1,1,0,129
1480847,1,1,1,1,1,0,129
1481250,1,1,1,1,1,0,129
1481379,0,1,0,1,0,0,129
1481557,0,0,0,0,1,0,129
1481605,0,0,0,0,1,0,129
1481927,0,0,0,0,1,0,129
1482065,1,0,0,1,1,0,129
1482160,0,0,0,0,1,0,129
1482262,0,0,1,1,0,0,129
1482364,1,1,0,0,0,0,129
1482872,0,1,0,1,0,0,129
1482924,0,0,1,1,0,0,129
1483131,1,1,0,0,0,0,129
1483386,1,0,0,1,1,0,129
1483394,1,1,0,0,0,0,129
1483537,1,1,1,1,1,0,129
1483792,1,0,1,0,0,0,129
1483813,1,0,1,0,0,0,129
1484151,1,0,0,1,1,0,129
1484159,0,1,0,1,0,0,129
1484383,0,1,0,1,0,0,129
1484401,1,1,0,0,0,0,129
1484674,1,1,0,0,0,0,129
1485419,1,0,1,0,0,0,129
1486009,1,0,1,0,0,0,129
1486188,1,0,0,1,1,0,129
1486523,0,0,0,0,1,0,129
1486661,1,0,1,0,0,0,129
1486897,1,1,1,1,1,0,129
1487686,0,1,1,0,1,0,129
1487779,0,0,0,0,1,0,129
1488066,0,0,1,1,0,0,129
1488154,1,1,0,0,0,0,129
1488348,1,0,0,1,1,0,129
1488653,0,1,1,0,1,0,129
1488796,1,1,0,0,0,0,129
1489028,0,1,0,1,0,0,129
1489211,1,0,0,1,1,0,129
1489318,0,1,0,1,0,0,129
1489383,0,0,1,1,0,0,129
1489848,1,1,0,0,0,0,129
1489975,1,1,0,0,0,0,129
1490453,0,0,1,1,0,0,129
1490884,1,0,0,1,1,0,129
1491097,0,1,0,1,0,0,129
1491529,0,0,0,0,1,0,129
1491543,0,1,1,0,1,0,129
1491610,1,0,0,1,1,0,129
1491798,0,0,1,1,0,0,129
1491864,0,1,0,1,0,0,129
1492571,0,0,1,1,0,0,129
1492618,1,0,1,0,0,0,129
1492717,1,1,0,0,0,0,129
1492718,0,0,1,0,0,0,129
1493085,0,1,1,0,1,0,129
1493590,0,0,1,1,0,0,129
1493668,0,0,0,0,1,0,129
1493738,0,0,1,1,0,0,129
1494009,1,0,1,0,0,0,129
1494358,0,0,0,0,1,0,129
1494371,1,1,1,1,1,0,129
1494384,1,1,0,0,0,0,129
1494831,1,1,0,0,0,0,129
1495200,0,1,1,1,1,1,129
1495559,0,1,0,1,0,0,129
1495659,1,0,0,1,1,0,129
1496032,0,1,0,1,0,0,129
1496130,1,1,1,1,1,0,129
1496189,0,0,1,1,0,0,129
1496278,0,0,1,1,0,0,129
1496544,0,1,1,0,1,0,129
1496558,0,0,1,1,0,0,129
1496590,0,0,0,0,1,0,129
1496696,1,1,1,1,1,0,129
1496945,1,1,0,0,0,0,129
1496965,1,1,0,0,0,0,129
1497071,0,1,0,1,0,0,129
1497527,0,1,1,0,1,0,129
1497745,0,0,0,0,1,0,129
1497789,1,0,0,1,1,0,129
1497814,0,1,0,1,0,0,129
1498304,0,1,1,0,1,0,129
1498516,1,0,0,1,1,0,129
1498715,0,0,1,1,0,0,129
1498844,1,1,1,1,1,0,129
1498880,1,1,0,0,0,0,129
1499145,0,1,1,0,1,0,129
1499520,0,1,1,0,1,0,129
1499877,0,1,0,1,0,0,129
1500379,1,1,0,0,0,0,129
1501622,0,1,0,1,0,0,129
1501718,1,0,1,0,0,0,129
1501896,1,1,0,0,0,0,129
1502059,0,0,0,0,1,0,129
1502178,0,0,1,1,0,0,129
1502188,0,0,0,0,1,0,129
1502230,0,1,0,1,0,0,129
1502376,0,1,1,0,1,0,129
1502517,1,1,0,0,0,0,129
1502889,0,1,1,0,1,0,129
1503094,0,1,1,0,1,0,129
1503303,1,0,0,1,1,0,129
1503714,0,0,1,1,0,0,129
1503748,0,1,0,1,0,0,129
1504053,0,0,0,1,1,1,129
1504457,0,1,0,1,0,0,129
1504498,0,0,0,0,1,0,129
1505132,0,1,1,0,1,0,129
1505519,0,1,0,1,0,0,129
1505581,0,1,0,1,0,0,129
1505794,1,1,1,1,1,0,129
1505803,1,0,0,1,1,0,129
1505860,0,1,0,1,0,0,129
1505992,0,0,0,0,1,0,129
1506186,1,1,0,0,0,0,129
1506476,0,1,1,0,1,0,129
1506933,0,0,1,1,0,0,129
1507799,1,0,0,1,1,0,120
1508065,1,0,0,1,1,0,120
1508397,0,0,1,1,0,0,120
1508405,0,0,0,0,1,0,120
1508412,0,0,1,1,0,0,120
1508421,1,0,0,1,1,0,120
1508949,0,0,0,0,1,0,120
1509020,1,1,0,0,0,0,120
1509258,1,0,0,0,1,1,120
1509754,0,0,0,0,1,0,120
1509861,1,1,0,0,0,0,120
1510011,1,1,1,1,1,0,120
1510201,1,1,0,0,0,0,120
1511006,1,0,0,1,1,0,120
1511027,0,1,0,1,0,0,120
1511103,1,1,0,0,0,0,120
1511585,0,1,0,1,0,0,120
1511982,0,1,0,1,0,0,120
1512417,0,0,0,0,1,0,120
1512670,1,1,1,1,1,0,120
1512885,0,1,0,1,0,0,120
1513531,1,0,1,1,0,0,120
1513543,1,0,1,0,0,0,120
1513685,0,1,1,0,1,0,120
1514341,0,1,1,0,1,0,120
1514910,0,0,0,0,1,0,120
1514928,1,0,0,1,1,0,120
1515225,0,0,1,1,0,0,120
1515407,0,0,0,0,1,0,120
1515727,1,1,1,1,1,0,120
1515815,1,1,1,0,1,1,120
1516020,0,1,0,1,0,0,120
1516094,0,0,1,1,0,0,120
1516776,0,0,0,0,1,0,120
1516818,1,1,1,1,1,0,120
1516918,1,0,1,0,0,0,120
1516940,0,0,0,0,1,0,120
1517332,1,1,0,0,0,0,120
1517618,1,1,0,0,0,0,120
1518577,0,1,0,1,0,0,120
1518696,1,0,1,0,0,0,120
1518726,1,0,0,1,1,0,120
1518840,1,0,0,1,1,0,120
1519065,0,0,0,0,1,0,120
1519546,0,0,1,1,0,0,120
1519556,0,0,0,0,1,0,120
1519642,0,0,0,0,1,0,120
1520015,1,0,0,1,1,0,120
1520039,1,1,1,0,1,1,120
1520230,1,1,1,1,1,0,120
1520418,1,0,1,0,0,0,120
1520653,0,0,0,0,1,0,120
1520664,1,0,0,1,1,0,120
1520849,0,0,1,1,0,0,120
1520953,0,0,0,0,1,0,120
1521541,0,1,0,1,0,0,120
1521698,0,0,0,0,1,0,120
1521903,1,0,1,0,0,0,120
1521953,1,0,0,1,1,0,120
1521985,1,0,0,1,1,0,120
1522112,0,0,1,1,0,0,120
1522226,0,1,1,0,1,0,120
1523218,1,1,0,0,0,0,120
1523400,1,0,0,1,1,0,120
1523501,0,1,1,0,1,0,120
1523594,1,0,0,1,1,0,120
1523629,1,1,1,1,1,0,120
1523905,0,0,1,1,0,0,120
1524115,0,0,0,0,1,0,120
1524293,0,0,1,1,0,0,120
1525008,0,0,1,1,0,0,120
1525046,1,1,1,1,1,0,120
1525387,1,0,0,1,1,0,120
1525529,0,0,0,0,1,0,120
1525741,0,0,1,1,0,0,120
1525811,1,1,1,1,1,0,120
1526134,0,1,1,0,1,0,120
1527010,1,0,0,1,1,0,120
1527479,0,1,1,0,1,0,120
1527712,0,0,1,1,0,0,120
1527815,0,0,0,0,1,0,120
1528010,0,1,1,0,1,0,120
1528110,0,1,0,1,0,0,120
1528358,1,1,0,0,0,0,120
1529058,0,0,0,0,1,0,120
1529653,1,0,1,0,0,0,120
1529776,1,1,0,0,0,0,120
1529788,0,0,1,1,0,0,120
1529866,0,0,0,0,1,0,120
1530032,1,1,0,0,0,0,120
1530197,1,1,0,0,0,0,120
1530202,0,1,0,1,0,0,120
1530514,0,1,1,0,1,0,120
1530598,1,1,0,0,0,0,120
1530807,0,0,0,0,1,0,120
1530859,0,0,0,0,1,0,120
1531237,0,0,0,0,1,0,120
1531249,1,0,0,1,1,0,120
1531350,0,0,1,1,0,0,120
1531354,1,0,1,0,0,0,120
1531814,0,0,0,0,1,0,120
1531901,1,0,1,0,0,0,120
1532127,1,1,0,0,0,0,120
1532188,1,1,1,1,1,0,120
1532433,0,1,1,0,1,0,120
1532574,0,1,1,0,1,0,120
1532960,1,0,0,1,1,0,120
1533575,1,0,1,1,0,0,120
1533801,1,0,1,0,0,0,120
1534940,0,1,0,0,0,0,120
1534985,1,1,0,0,0,0,120
1535052,1,0,1,0,0,0,120
1535355,0,1,0,1,0,0,120
1535411,0,1,0,1,0,0,120
1535500,1,1,0,0,0,0,120
1536138,0,1,0,1,0,0,120
1536169,1,1,0,0,0,0,120
1536682,0,1,0,1,0,0,120
1536742,0,0,1,1,0,0,120
1537157,0,0,0,0,1,0,120
1537550,0,0,1,0,0,0,120
1538278,1,1,0,0,0,0,120
1538991,1,0,1,0,0,0,120
1539224,0,0,0,0,1,0,120
1539251,0,1,1,0,1,0,120
1539450,1,0,0,1,1,0,120
1539520,1,1,0,0,0,0,120
1539531,1,0,1,0,0,0,120
1539566,1,0,1,0,0,0,120
1539576,0,0,1,1,0,0,120
1539777,0,1,1,0,1,0,120
1541027,1,1,1,1,1,0,120
1541778,0,0,1,1,0,0,120
1541979,1,0,1,0,0,0,120
1542188,0,1,0,1,0,0,120
1542190,1,1,1,1,1,0,120
1542968,0,1,0,1,0,0,120
1543690,1,1,1,1,1,0,120
1543950,0,1,0,1,0,0,120
1544212,0,0,1,1,0,0,120
1544619,1,0,0,1,1,0,120
1544649,0,1,1,0,1,0,120
1544982,1,0,0,1,1,0,120
1545573,0,0,0,0,1,0,120
1545608,1,1,0,0,0,0,120
1545776,0,1,1,0,1,0,120
1546231,0,0,0,1,1,1,120
1546364,0,1,1,0,1,0,120
1546524,0,0,1,1,0,0,120
1546759,0,1,1,0,1,0,120
1547127,1,0,1,0,0,0,120
1547188,0,1,0,1,0,0,120
1547385,0,0,1,1,0,0,120
1547696,1,0,1,0,0,0,120
1548172,1,1,0,0,0,0,120
1548999,0,1,0,1,0,0,120
1549472,0,0,1,1,0,0,120
1549922,0,0,0,0,1,0,120
1550076,1,1,1,1,1,0,120
1551151,1,0,1,0,0,0,120
1551339,1,1,1,1,1,0,120
1551741,0,1,0,1,0,0,120
1551813,1,0,0,1,1,0,120
1551829,1,1,1,1,1,0,120
1551955,0,1,1,0,1,0,120
1552291,0,1,0,1,0,0,120
1552623,0,0,0,0,1,0,120
1552670,1,1,1,1,1,0,120
1552994,1,0,1,0,0,0,120
1553080,1,1,0,0,0,0,120
1553200,1,1,1,1,1,0,120
1553207,0,1,0,1,0,0,120
1553586,0,1,1,0,1,0,120
1554009,0,0,0,0,1,0,120
1554720,1,0,0,1,1,0,120
1554739,0,1,1,0,1,0,120
1554800,0,0,0,0,1,0,120
1554841,1,0,1,0,0,0,120
1555038,0,1,1,0,1,0,120
1555142,1,0,1,0,0,0,120
1555355,1,0,0,1,1,0,120
1555790,0,0,0,0,1,0,120
1555864,1,1,0,0,0,0,120
1555876,0,1,0,1,0,0,120
1556298,1,1,0,0,0,0,120
1556815,0,0,0,0,1,0,120
1557285,0,1,0,1,0,0,120
1557525,1,1,0,0,0,0,120
1557997,0,1,1,0,1,0,120
1558072,0,0,0,0,1,0,120
1558116,1,0,0,1,1,0,120
1558132,0,0,1,1,0,0,120
1558208,1,1,1,1,1,0,120
1558254,1,0,1,0,0,0,120
1558295,0,1,0,1,0,0,120
1558343,0,0,0,0,1,0,120
1558509,1,0,0,1,1,0,120
1559344,0,0,0,0,1,0,120
1559678,1,0,1,0,0,0,120
1559786,1,1,1,1,1,0,120
1560477,0,1,1,0,1,0,120
1560769,1,0,1,0,0,0,120
1561670,1,1,0,0,0,0,120
1561720,0,1,0,1,0,0,120
1562441,0,1,0,1,0,0,120
1562445,1,1,1,1,1,0,120
1562520,0,0,0,0,1,0,120
1563070,0,0,0,0,1,0,120
1563406,0,1,1,0,1,0,120
1563420,0,0,1,1,0,0,120
1563968,1,1,1,1,1,0,120
1564150,1,1,1,1,1,0,120
1564260,1,0,1,0,0,0,120
1564454,1,0,0,1,1,0,120
1564476,1,1,1,1,1,0,120
1564800,1,1,0,0,0,0,120
1565125,0,1,0,1,0,0,120
1565204,1,0,0,1,1,0,120
1565321,0,1,0,1,0,0,120
1565454,1,0,1,0,0,0,120
1566546,1,1,0,0,0,0,120
1566560,1,0,0,1,1,0,120
1566889,0,0,0,0,1,0,120
1567237,1,0,1,0,0,0,120
1567305,0,0,1,1,0,0,120
1567353,0,0,0,0,1,0,120
1567379,0,1,0,1,0,0,120
1567408,1,1,0,0,0,0,120
1567429,0,0,0,1,1,1,120
1567666,0,1,0,1,0,0,120
1568333,0,1,0,1,0,0,120
1568509,1,1,0,0,0,0,120
1568839,0,0,1,1,0,0,120
1569097,0,0,0,0,1,0,120
1569111,0,0,1,1,0,0,120
1569191,0,0,1,1,0,0,120
1569361,1,1,1,1,1,0,120
1569432,0,0,0,0,1,0,120
1569828,0,0,0,0,1,0,120
1570057,0,0,1,1,0,0,120
1570263,0,1,0,1,0,0,120
1570667,1,1,1,1,1,0,120
1570867,0,1,1,0,1,0,120
1571064,0,0,1,1,0,0,120
1571068,1,0,1,0,0,0,120
1571407,0,1,1,0,1,0,120
1571856,0,0,0,0,1,0,120
1571972,1,1,1,1,1,0,120
1572103,1,1,1,1,1,0,120
1572143,1,0,0,1,1,0,120
1572213,0,0,0,0,1,0,120
1572788,1,1,1,1,1,0,120
1572847,0,0,1,1,0,0,120
1573191,0,0,0,0,1,0,164
1573237,0,0,1,1,0,0,164
1573374,1,0,0,1,1,0,164
1573852,0,1,1,0,1,0,164
1573969,1,1,1,1,1,0,164
1574673,0,0,1,0,0,0,164
1574936,0,0,0,0,1,0,164
1575219,0,1,1,0,1,0,164
1575447,0,0,1,1,0,0,164
1575880,0,0,0,0,1,0,164
1576121,1,0,1,0,0,0,164
1576196,1,1,1,1,1,0,164
1576522,1,0,1,0,0,0,164
1576654,0,1,0,1,0,0,164
1576664,1,0,0,1,1,0,164
1576901,0,0,0,0,1,0,164
1577232,1,1,1,1,1,0,164
1577412,0,1,0,1,0,0,164
1577509,1,0,0,0,1,1,164
1577748,1,0,0,1,1,0,164
1577991,1,1,0,0,0,0,164
1578337,0,1,1,0,1,0,164
1578722,0,1,1,0,1,0,164
1579361,0,1,0,1,0,0,164
1579436,1,0,0,1,1,0,164
1579674,0,0,0,0,1,0,164
1580182,0,0,1,1,0,0,164
1580280,1,0,0,1,1,0,164
1580548,1,1,0,0,0,0,164
1580794,0,1,0,1,0,0,164
1580852,1,0,1,0,0,0,164
1581231,0,0,0,0,1,0,164
1581285,1,0,1,0,0,0,164
1581347,0,1,0,1,0,0,164
1581502,0,1,0,1,0,0,164
1582443,1,0,1,0,0,0,164
1582502,0,1,1,0,1,0,164
1583004,0,0,1,1,0,0,164
1583316,0,1,0,1,0,0,164
1583504,1,0,1,0,0,0,164
1583827,0,1,0,1,0,0,164
1584165,0,0,1,1,0,0,164
1584218,1,0,0,1,1,0,164
1584352,1,0,0,1,1,0,164
1584776,1,1,1,1,1,0,164
1584791,0,0,1,1,0,0,164
1584817,0,1,1,0,1,0,164
1584931,1,0,1,0,0,0,164
1584948,1,0,1,0,0,0,164
1585279,0,1,1,0,1,0,164
1585928,1,0,1,0,0,0,164
1585939,0,1,1,0,1,0,164
1586561,1,0,1,0,0,0,164
1586717,0,0,1,1,0,0,164
1587043,0,0,0,0,1,0,164
1587095,1,0,0,1,1,0,164
1587222,1,0,1,0,0,0,164
1587331,1,0,0,1,1,0,164
1587341,0,1,0,1,0,0,164
1587887,0,1,0,1,0,0,164
1588461,1,1,1,1,1,0,164
1588505,0,1,1,0,1,0,164
1588869,1,0,1,0,0,0,164
1588894,0,0,0,0,1,0,164
1589098,1,0,1,0,0,0,164
1590311,0,0,1,1,0,0,164
1590495,1,1,1,1,1,0,164
1590576,0,1,1,0,1,0,164
1590746,0,1,0,1,0,0,164
1590888,0,1,0,1,0,0,164
1590979,0,1,0,1,0,0,164
1591085,0,0,0,0,1,0,164
1591550,0,1,0,1,0,0,164
1591565,0,0,0,0,1,0,164
1591939,1,1,0,0,0,0,164
1591952,0,1,1,0,1,0,164
1591974,0,1,0,1,0,0,164
1592008,0,0,1,1,0,0,164
1592436,1,1,0,0,0,0,164
1592602,0,1,0,1,0,0,164
1592610,0,0,1,1,0,0,164
1592750,0,0,0,0,1,0,164
1593223,1,0,1,0,0,0,164
1593261,1,0,0,1,1,0,164
1593323,1,0,0,1,1,0,164
1593485,1,1,0,0,0,0,164
1593553,1,1,1,1,1,0,164
1593737,0,0,0,0,1,0,164
1593884,1,1,0,0,0,0,164
1594094,0,1,1,0,1,0,164
1594447,1,1,1,1,1,0,164
1594902,0,0,1,1,0,0,164
1594915,1,1,1,1,1,0,164
1595239,1,1,1,1,1,0,164
1595313,1,0,1,1,0,0,164
1596022,0,0,1,1,0,0,164
1596288,0,1,0,1,0,0,164
1596469,1,1,0,0,0,0,164
1596956,0,1,1,0,1,0,164
1597019,0,1,1,0,1,0,164
1597633,0,1,1,0,1,0,164
1597687,1,1,1,1,1,0,164
1597867,1,1,1,1,1,0,164
1597876,0,0,0,0,1,0,164
1598023,1,0,1,0,0,0,164
1598180,0,1,1,0,1,0,164
1598243,1,0,1,0,0,0,164
1598482,0,0,1,1,0,0,164
1598528,0,1,0,1,0,0,164
1598778,1,1,1,1,1,0,164
1598870,1,0,0,1,1,0,164
1598992,0,1,1,0,1,0,164
1599179,1,0,0,1,1,0,164
1599268,0,0,1,1,0,0,164
1599795,1,0,1,0,0,0,164
1599981,1,1,0,0,0,0,164
1600486,1,1,0,0,0,0,164
1600606,1,1,0,0,0,0,164
1600612,1,1,0,1,0,0,164
1600844,0,1,0,0,0,0,164
1600859,0,0,0,0,1,0,164
1600910,0,1,0,1,0,0,164
1600911,1,1,1,1,1,0,164
1600938,1,0,1,0,0,0,164
1601134,0,0,1,1,0,0,164
1601280,0,1,0,1,0,0,164
1601295,1,0,0,1,1,0,164
1601493,1,1,1,1,1,0,164
1601550,0,1,1,0,1,0,164
1601805,0,0,0,0,1,0,164
1601884,1,1,0,0,0,0,164
1602161,0,0,1,1,0,0,164
1602288,0,0,1,1,0,0,164
1602350,1,0,0,1,1,0,164
1602550,1,0,1,0,0,0,164
1602618,1,1,0,0,0,0,164
1602932,0,0,0,0,1,0,164
1603325,1,1,1,1,1,0,164
1603448,0,0,1,1,0,0,164
1603644,1,1,1,1,1,0,164
1603657,1,0,0,1,1,0,164
1603758,0,0,0,0,1,0,164
1604007,0,0,1,1,0,0,164
1604647,0,0,0,0,1,0,164
1604750,1,0,0,1,1,0,164
1605299,0,1,0,1,0,0,164
1605585,1,1,0,0,0,0,164
1605684,0,0,1,1,0,0,164
1605823,0,0,0,0,1,0,164
1606593,1,1,1,0,1,1,164
1607020,0,1,1,0,1,0,164
1607365,1,1,0,0,0,0,164
1607578,1,1,0,0,0,0,164
1607857,1,1,1,1,1,0,164
1607889,0,0,0,0,1,0,164
1607951,0,1,0,1,0,0,164
1608050,0,0,1,1,0,0,164
1608198,1,0,0,1,1,0,164
1608211,0,1,0,1,0,0,164
1608324,0,0,1,0,0,0,164
1608862,1,0,0,1,1,0,164
1609229,0,0,1,1,0,0,164
1609574,0,1,1,0,1,0,164
1609642,0,0,0,0,1,0,164
1610056,0,0,0,0,1,0,164
1610097,0,0,0,0,1,0,164
1610339,1,1,1,1,1,0,164
1610805,0,0,1,1,0,0,164
1611523,0,1,0,1,0,0,164
1611817,1,1,0,0,0,0,164
1612060,1,0,1,0,0,0,164
1612164,1,1,1,1,1,0,164
1612589,0,0,1,1,0,0,164
1612593,1,1,0,0,0,0,164
1612606,1,0,1,0,0,0,164
1612760,0,1,0,1,0,0,164
1612835,0,1,0,1,0,0,164
1612878,1,1,0,0,0,0,164
1613862,0,0,1,1,0,0,164
1614041,1,0,1,0,0,0,164
1614459,0,1,0,1,0,0,164
1614547,0,1,1,0,1,0,164
1614590,0,1,1,0,1,0,164
1615295,1,0,0,1,1,0,164
1615624,1,1,0,0,0,0,164
1615738,0,0,0,1,1,1,164
1615823,0,0,0,0,1,0,164
1616120,1,1,0,0,0,0,164
1616185,1,0,1,0,0,0,164
1616378,0,0,0,0,1,0,164
1616580,0,1,0,1,0,0,164
1616728,1,0,0,1,1,0,164
1616748,0,0,1,1,0,0,164
1616863,1,1,0,0,0,0,164
1616966,1,1,0,0,0,0,164
1617519,0,0,1,1,0,0,164
1617658,0,1,1,0,1,0,164
1617882,0,1,0,1,0,0,164
1617934,0,1,1,0,1,0,164
1618076,1,1,0,0,0,0,164
1618086,0,0,1,1,0,0,164
1618132,0,0,1,1,0,0,164
1618152,0,0,1,1,0,0,164
1618456,0,1,1,0,1,0,164
1618735,1,0,0,1,1,0,164
1618780,0,0,0,0,1,0,164
1618966,1,1,0,0,0,0,164
1618975,0,1,1,0,1,0,164
1619212,1,1,1,1,1,0,164
1619301,0,1,0,1,0,0,164
1619520,1,1,0,0,0,0,164
1619543,1,0,1,0,0,0,164
1619625,0,0,1,1,0,0,164
1619645,0,1,1,0,1,0,164
1619699,0,1,0,1,0,0,164
1619782,1,0,1,0,0,0,164
1620136,1,0,0,1,1,0,164
1620272,0,0,1,1,0,0,164
1620296,0,0,1,1,0,0,164
1620314,1,1,1,1,1,0,164
1620344,0,1,0,1,0,0,164
1620371,1,1,1,1,1,0,164
1620927,1,1,1,1,1,0,164
1621660,1,1,1,1,1,0,164
1621807,0,0,0,0,1,0,164
1621884,1,0,0,1,1,0,164
1622085,1,1,0,0,0,0,164
1622212,1,0,1,0,0,0,164
1622381,1,1,1,1,1,0,164
1622437,0,0,0,0,1,0,164
1622444,1,0,1,0,0,0,164
1622533,0,1,1,0,1,0,164
1622571,1,0,1,0,0,0,164
1622591,1,1,0,0,0,0,164
1622751,1,0,0,1,1,0,164
1622836,1,1,1,1,1,0,164
1622926,1,0,1,0,0,0,164
1622932,0,1,0,1,0,0,164
1622992,0,1,0,1,0,0,164
1623080,0,1,1,0,1,0,164
1623201,0,1,0,1,0,0,164
1623267,0,0,1,1,0,0,164
1623314,1,0,0,1,1,0,164
1623321,1,0,1,0,0,0,164
1623536,0,0,0,0,1,0,164
1623618,1,1,0,0,0,0,164
1623898,0,0,0,0,1,0,164
1624011,0,0,0,0,1,0,164
1624038,0,1,1,0,1,0,164
1624544,1,0,1,0,0,0,164
1624683,1,1,1,1,1,0,164
1624846,0,1,1,0,1,0,164
1625118,1,1,1,1,1,0,164
1625283,1,0,1,0,0,0,164
1625404,1,1,1,1,1,0,164
1625472,0,1,1,0,1,0,164
1625639,1,0,0,1,1,0,164
1626019,1,0,0,1,1,0,164
1626069,0,0,0,0,1,0,164
1626081,1,0,1,0,0,0,164
1626173,1,1,1,1,1,0,164
1626303,1,1,0,0,0,0,164
1626385,0,0,0,0,1,0,164
1626390,0,0,1,1,0,0,164
1626438,1,0,1,0,0,0,164
1626515,0,0,1,1,0,0,164
1627379,1,1,1,1,1,0,164
1627500,1,1,1,1,1,0,164
1628986,0,1,0,1,0,0,164
1629437,1,0,1,0,0,0,164
1629453,0,0,1,1,0,0,164
1629457,0,1,0,1,0,0,164
1629581,1,0,0,1,1,0,164
1629650,0,1,1,0,1,0,164
1629668,1,0,0,1,1,0,164
1629701,1,0,0,1,1,0,164
1629739,0,1,0,1,0,0,164
1629833,1,1,1,1,1,0,164
1629890,0,0,1,1,0,0,164
1630288,0,1,0,1,0,0,164
1630503,1,1,0,0,0,0,164
1630527,1,0,0,1,1,0,164
1630612,1,1,0,0,0,0,164
1630692,0,1,1,1,1,1,164
1630875,0,1,1,0,1,0,164
1630957,1,0,0,1,1,0,164
1630972,1,0,1,0,0,0,164
1631216,1,0,0,0,1,1,164
1631401,0,1,1,0,1,0,164
1631428,1,1,0,1,0,0,164
1631467,1,0,0,1,1,0,164
1632027,1,0,1,0,0,0,164
1632171,0,0,1,1,0,0,164
1632224,0,1,1,0,1,0,164
1632464,0,0,0,0,1,0,164
1632761,1,1,1,1,1,0,164
1632997,0,1,0,1,0,0,164
1633016,0,0,0,0,1,0,164
1633846,1,1,1,1,1,0,164
1634086,1,0,1,0,0,0,164
1634349,1,0,1,0,0,0,164
1634668,0,0,0,0,1,0,164
1634840,0,1,0,1,0,0,164
1635012,1,0,1,0,0,0,164
1635049,1,0,1,0,0,0,164
1635850,0,0,1,1,0,0,164
1635978,0,0,0,0,1,0,164
1636032,1,1,0,0,0,0,164
1636039,0,1,0,1,0,0,164
1636349,0,1,1,0,1,0,164
1636470,1,1,1,1,1,0,164
1636539,0,1,0,1,0,0,164
1636621,1,1,0,0,0,0,164
1636714,1,1,0,0,0,0,164
1637221,1,1,1,1,1,0,164
1637393,0,1,1,0,1,0,164
1637725,1,0,0,1,1,0,164
1637933,0,1,0,1,0,0,164
1638005,1,0,1,0,0,0,164
1638407,0,0,1,1,0,0,93
1639201,0,1,1,0,1,0,93
1639676,1,1,1,1,1,0,93
1640091,1,1,0,0,0,0,93
1640361,0,0,1,1,0,0,93
1640646,0,0,0,0,1,0,93
1641616,0,1,0,1,0,0,93
1641771,1,0,1,0,0,0,93
1642024,0,1,0,1,0,0,93
1642330,0,1,0,1,0,0,93
1642495,0,1,1,0,1,0,93
1642513,0,1,1,0,1,0,93
1642757,0,1,1,0,1,0,93
1642885,0,0,1,1,0,0,93
1642999,0,0,0,0,1,0,93
1643567,0,1,1,0,1,0,93
1643831,1,1,1,1,1,0,93
1645024,0,0,0,0,1,0,93
1645219,0,1,1,0,1,0,93
1646200,1,0,1,0,0,0,93
1646740,0,1,0,1,0,0,93
1647046,0,0,1,1,0,0,93
1647440,1,0,0,1,1,0,93
1647989,0,1,1,0,1,0,93
1648003,0,0,0,0,1,0,93
1648187,1,0,1,0,0,0,93
1648462,1,1,0,0,0,0,93
1648734,1,0,0,1,1,0,93
1649093,0,0,1,1,0,0,93
1650001,0,0,1,1,0,0,93
1650808,0,0,1,1,0,0,93
1652489,0,0,0,0,1,0,93
1652712,1,1,1,1,1,0,93
1652765,1,1,1,1,1,0,93
1653152,0,1,1,0,1,0,93
1653342,1,0,1,0,0,0,93
1654196,0,0,0,0,1,0,93
1654398,1,0,0,1,1,0,93
1654677,0,0,1,1,0,0,93
1654855,1,0,1,0,0,0,93
1654901,0,0,1,1,0,0,93
1654976,0,0,0,0,1,0,93
1655394,1,0,0,1,1,0,93
1656147,1,1,0,0,0,0,93
1656231,1,0,0,1,1,0,93
1656417,1,0,0,1,1,0,93
1656425,1,1,1,1,1,0,93
1656817,1,0,0,1,1,0,93
1656957,1,1,1,0,1,1,93
1657335,1,0,1,0,0,0,93
1658106,1,1,0,0,0,0,93
1658127,0,1,1,0,1,0,93
1658405,0,0,0,0,1,0,93
1658590,0,1,1,0,1,0,93
1658758,0,0,1,1,0,0,93
1658776,0,0,0,0,1,0,93
1659100,0,0,1,1,0,0,93
1659220,1,0,0,1,1,0,93
1660214,1,1,0,0,0,0,93
1660279,0,1,1,0,1,0,93
1660575,1,0,0,0,1,1,93
1660694,0,0,1,1,0,0,93
1660812,0,0,0,0,1,0,93
1661012,0,1,0,1,0,0,93
1661448,1,1,1,1,1,0,93
1661499,0,1,0,1,0,0,93
1661778,1,1,1,1,1,0,93
1662042,1,1,0,0,0,0,93
1662138,1,0,0,1,1,0,93
1662593,0,0,1,1,0,0,93
1662927,0,0,1,1,0,0,93
1662955,0,0,1,1,0,0,93
1663091,0,1,1,0,1,0,93
1663287,1,0,0,1,1,0,93
1663541,1,1,1,1,1,0,93
1664562,0,1,1,0,1,0,93
1664808,0,1,1,0,1,0,93
1665298,1,0,0,1,1,0,93
1665477,1,0,1,0,0,0,93
1665845,0,0,0,0,1,0,93
1667244,0,0,1,1,0,0,93
1668103,0,1,1,0,1,0,93
1669153,1,1,1,1,1,0,93
1669340,0,1,1,0,1,0,93
1669534,0,1,1,0,1,0,93
1669647,1,1,1,1,1,0,93
1669798,1,0,1,0,0,0,93
1670432,1,1,1,1,1,0,93
1670528,1,0,1,0,0,0,93
1671025,1,0,1,0,0,0,93
1671154,0,1,0,1,0,0,93
1671643,0,0,1,1,0,0,93
1671969,1,0,1,0,0,0,93
1672402,0,1,0,1,0,0,93
1672600,0,0,1,1,0,0,93
1672743,0,1,0,0,0,0,93
1673106,1,1,1,1,1,0,93
1673164,1,1,1,1,1,0,93
1673506,0,0,0,0,1,0,93
1673879,0,0,0,0,1,0,93
1673916,1,1,0,0,0,0,93
1674423,0,0,0,0,1,0,93
1674608,0,0,0,0,1,0,93
1674836,0,0,1,1,0,0,93
1675130,0,0,1,1,0,0,93
1675358,1,1,0,0,0,0,93
1675549,1,0,1,0,0,0,93
1675693,0,1,0,1,0,0,93
1676065,0,0,1,1,0,0,93
1677700,0,0,0,0,1,0,93
1678353,1,1,1,1,1,0,93
1678480,0,1,1,0,1,0,93
1678630,1,0,0,1,1,0,93
1678876,0,0,1,1,0,0,93
1679391,0,0,1,1,0,0,93
1679941,1,0,0,1,1,0,93
1680362,1,0,1,0,0,0,93
1680515,1,1,0,0,0,0,93
1681183,0,0,0,0,1,0,93
1681903,1,1,1,1,1,0,93
1682066,0,0,0,0,1,0,93
1682365,1,0,0,1,1,0,93
1682417,0,1,0,1,0,0,93
1682872,1,1,0,0,0,0,93
1683080,0,0,0,0,1,0,93
1683158,0,1,0,1,0,0,93
1683983,1,0,0,1,1,0,93
1684014,1,0,1,0,0,0,93
1684141,1,0,0,1,1,0,93
1684156,0,1,1,0,1,0,93
1684818,0,1,0,1,0,0,93
1685482,1,1,1,1,1,0,93
1685855,1,1,0,0,0,0,93
1685860,1,0,0,1,1,0,93
1686106,1,0,0,1,1,0,93
1686851,1,1,0,0,0,0,93
1686905,1,1,0,0,0,0,93
1687062,1,0,1,0,0,0,93
1687126,1,0,1,0,0,0,93
1687195,1,1,0,0,0,0,93
1687263,1,1,1,1,1,0,93
1688161,0,1,1,0,1,0,93
1688235,0,0,1,1,0,0,93
1688954,0,1,0,1,0,0,93
1688986,1,1,0,0,0,0,93
1689520,1,0,0,1,1,0,93
1689586,1,1,1,1,1,0,93
1689695,1,0,1,0,0,0,93
1689842,1,0,1,0,0,0,93
1690028,0,1,1,0,1,0,93
1690523,1,1,0,0,0,0,93
1690642,1,0,0,1,1,0,93
1691355,1,0,1,0,0,0,93
1691511,1,1,1,0,1,1,93
1692051,0,0,0,0,1,0,93
1692160,1,1,1,1,1,0,93
1692382,0,0,0,0,1,0,93
1692786,0,0,0,0,1,0,93
1692815,1,0,0,1,1,0,93
1693536,0,0,0,0,1,0,93
1693586,0,0,1,1,0,0,93
1693677,0,0,1,1,0,0,93
1693732,0,0,1,1,0,0,93
1694848,1,0,1,0,0,0,93
1694906,0,1,0,1,0,0,93
1695270,1,1,0,0,0,0,93
1695378,1,0,1,0,0,0,93
1695661,1,0,1,0,0,0,93
1695702,1,1,0,0,0,0,93
1695991,1,1,1,1,1,0,93
1696509,0,0,1,1,0,0,93
1696840,0,0,1,1,0,0,93
1697463,1,1,1,1,1,0,93
1697561,1,0,1,0,0,0,93
1698530,1,1,1,1,1,0,93
1699628,0,1,1,0,1,0,93
1699907,1,1,0,0,0,0,93
1700066,0,0,1,1,0,0,93
1700181,1,0,1,0,0,0,93
1700923,1,1,1,0,1,1,93
1701632,0,1,0,1,0,0,93
1701649,1,1,0,0,0,0,93
1702121,0,0,1,1,0,0,93
1702218,1,1,0,0,0,0,93
1704093,1,0,0,1,1,0,130
1704772,0,0,0,0,1,0,130
1704940,0,0,0,0,1,0,130
1705322,1,0,0,1,1,0,130
1705733,1,0,0,1,1,0,130
1706097,1,0,1,0,0,0,130
1706128,0,1,0,1,0,0,130
1707025,0,1,1,0,1,0,130
1707051,0,1,1,0,1,0,130
1707087,0,0,0,0,1,0,130
1707439,0,0,0,0,1,0,130
1707863,0,0,0,0,1,0,130
1707941,1,1,1,1,1,0,130
1708112,1,1,1,1,1,0,130
1708344,0,1,0,1,0,0,130
1708610,0,0,1,1,0,0,130
1708740,1,1,1,1,1,0,130
1709110,1,0,1,0,0,0,130
1709442,1,1,1,1,1,0,130
1709479,0,0,1,1,0,0,130
1710024,1,0,0,1,1,0,130
1710248,1,0,0,1,1,0,130
1710510,0,0,0,0,1,0,130
1710546,1,0,1,0,0,0,130
1710626,0,1,0,1,0,0,130
1710777,0,1,1,0,1,0,130
1710845,1,1,1,1,1,0,130
1711353,0,1,0,1,0,0,130
1711869,0,1,1,0,1,0,130
1712123,0,1,1,0,1,0,130
1712499,1,1,0,0,0,0,130
1712521,0,0,1,1,0,0,130
1712654,0,0,0,0,1,0,130
1712883,1,1,0,0,0,0,130
1713271,1,0,1,0,0,0,130
1713365,0,0,0,0,1,0,130
1714140,1,0,0,1,1,0,130
1714765,0,0,1,1,0,0,130
1715386,0,0,0,0,1,0,130
1715439,1,0,0,1,1,0,130
1715474,1,0,0,1,1,0,130
1715977,1,1,0,0,0,0,130
1716070,0,0,1,1,0,0,130
1716218,0,1,0,1,0,0,130
1716366,0,0,0,0,1,0,130
1716415,1,0,1,0,0,0,130
1717358,0,1,0,1,0,0,130
1717568,1,1,1,1,1,0,130
1718613,0,0,0,0,1,0,130
1718753,0,0,0,0,1,0,130
1718938,0,0,0,0,1,0,130
1719476,1,0,1,0,0,0,130
1719599,0,1,0,1,0,0,130
1719733,0,1,1,0,1,0,130
1720038,1,1,0,0,0,0,130
1720747,0,1,1,0,1,0,130
1720761,1,0,0,1,1,0,130
1720868,1,0,1,0,0,0,130
1720892,0,1,1,0,1,0,130
1720983,1,1,1,1,1,0,130
1721465,1,1,0,0,0,0,130
1722243,0,0,0,0,1,0,130
1722349,1,0,1,0,0,0,130
1722796,1,1,0,0,0,0,130
1722800,1,0,0,1,1,0,130
1723114,0,0,1,1,0,0,130
1723390,1,1,0,0,0,0,130
1723734,0,1,1,0,1,0,130
1723768,1,1,1,1,1,0,130
1723769,1,0,1,0,0,0,130
1724325,1,1,0,0,0,0,130
1724417,0,1,0,1,0,0,130
1724436,1,1,1,0,1,1,130
1724867,1,1,1,1,1,0,130
1725008,1,1,0,0,0,0,130
1725200,1,0,0,1,1,0,130
1725482,1,1,0,0,0,0,130
1725489,1,1,1,1,1,0,130
1725550,0,1,1,0,1,0,130
1725724,1,0,1,0,0,0,130
1726003,0,0,0,0,1,0,130
1726082,1,1,0,0,0,0,130
1726566,1,1,0,0,0,0,130
1726952,0,1,0,1,0,0,130
1726990,1,0,0,1,1,0,130
1727168,1,1,1,1,1,0,130
1727451,0,0,1,1,0,0,130
1727464,1,0,1,0,0,0,130
1727998,1,1,1,1,1,0,130
1728277,0,0,0,0,1,0,130
1728652,0,0,1,1,0,0,130
1729253,0,1,0,1,0,0,130
1729254,0,0,0,0,1,0,130
1729934,1,1,0,0,0,0,130
1731261,0,1,1,0,1,0,130
1731296,1,1,1,1,1,0,130
1731595,0,0,0,0,1,0,130
1732051,0,0,0,0,1,0,130
1733695,0,0,1,1,0,0,130
1733924,0,1,0,1,0,0,130
1734233,0,1,1,0,1,0,130
1734284,1,0,1,0,0,0,130
1734705,1,0,0,1,1,0,130
1734816,0,1,1,0,1,0,130
1734916,0,1,0,1,0,0,130
1734964,0,1,0,1,0,0,130
1735123,0,0,1,1,0,0,130
1735134,1,1,1,1,1,0,130
1735219,0,0,0,0,1,0,130
1735730,1,0,1,0,0,0,130
1735846,0,1,1,0,1,0,130
1736278,1,1,0,0,0,0,130
1736318,1,1,0,0,0,0,130
1736956,0,0,0,0,1,0,130
1737143,0,0,0,1,1,1,130
1737219,1,0,0,1,1,0,130
1737594,1,0,1,0,0,0,130
1737891,0,0,0,0,1,0,130
1738172,0,0,1,1,0,0,130
1738440,1,0,1,0,0,0,130
1738712,0,1,1,0,1,0,130
1738770,0,1,0,1,0,0,130
1738977,0,1,0,1,0,0,130
1739366,0,0,1,1,0,0,130
1739493,1,1,0,0,0,0,130
1739556,1,0,1,0,0,0,130
1739764,1,0,0,1,1,0,130
1739828,0,1,0,1,0,0,130
1739933,0,0,1,1,0,0,130
1739968,0,1,0,1,0,0,130
1740044,1,1,1,1,1,0,130
1740250,0,1,0,1,0,0,130
1740542,0,1,1,0,1,0,130
1740559,0,0,0,0,1,0,130
1740626,0,1,0,1,0,0,130
1740648,1,1,0,0,0,0,130
1740734,0,0,0,0,1,0,130
1741051,0,0,0,0,1,0,130
1741165,1,0,1,0,0,0,130
1741166,1,0,0,1,1,0,130
1741217,0,0,0,0,1,0,130
1741551,1,0,0,1,1,0,130
1741602,1,1,0,0,0,0,130
1741849,1,0,1,0,0,0,130
1742431,1,0,1,0,0,0,130
1742773,0,1,0,1,0,0,130
1742871,1,0,1,0,0,0,130
1742921,0,0,0,0,1,0,130
1742976,0,1,0,1,0,0,130
1743117,0,0,1,1,0,0,130
1743306,1,0,1,0,0,0,130
1743383,0,0,1,1,0,0,130
1743905,1,1,0,0,0,0,130
1744168,1,1,1,1,1,0,130
1744177,0,0,1,1,0,0,130
1744555,0,0,1,1,0,0,130
1744581,1,1,0,0,0,0,130
1744621,0,1,1,0,1,0,130
1744820,1,0,0,1,1,0,130
1745162,1,1,1,1,1,0,130
1745474,1,1,0,0,0,0,130
1745723,1,0,0,1,1,0,130
1745742,1,1,0,0,0,0,130
1746024,1,0,1,0,0,0,130
1746430,1,0,1,0,0,0,130
1746489,0,0,0,0,1,0,130
1746513,1,1,1,1,1,0,130
1746622,1,1,1,1,1,0,130
1746838,0,0,0,0,1,0,130
1746895,0,1,0,1,0,0,130
1747239,0,1,1,0,1,0,130
1747254,1,0,0,1,1,0,130
1747482,1,0,0,1,1,0,130
1747878,0,1,1,0,1,0,130
1748261,1,0,1,0,0,0,130
1748302,1,1,1,0,1,1,130
1749027,0,1,0,1,0,0,130
1749345,1,1,1,1,1,0,130
1749455,1,1,0,0,0,0,130
1749692,0,0,0,0,1,0,130
1749737,0,0,0,0,1,0,130
1749796,0,1,0,1,0,0,130
1750049,0,1,1,0,1,0,130
1750240,0,0,0,0,1,0,130
1750400,1,1,1,0,1,1,130
1750477,1,1,1,1,1,0,130
1750880,1,1,1,1,1,0,130
1751272,0,1,0,1,0,0,130
1751387,1,0,1,0,0,0,130
1752157,0,1,0,1,0,0,130
1752239,0,1,1,0,1,0,130
1752414,0,0,1,1,0,0,130
1752436,0,0,0,0,1,0,130
1752731,1,0,0,1,1,0,130
1752873,1,1,0,0,0,0,130
1752947,1,1,0,0,0,0,130
1753075,0,0,1,1,0,0,130
1753253,1,0,0,0,1,1,130
1753347,1,0,0,1,1,0,130
1753762,0,1,1,0,1,0,130
1753996,1,0,0,1,1,0,130
1754108,0,1,1,0,1,0,130
1754669,1,0,1,0,0,0,130
1754688,0,0,0,0,1,0,130
1754743,1,1,1,1,1,0,130
1754868,1,1,1,1,1,0,130
1754909,0,1,1,0,1,0,130
1755610,0,1,0,1,0,0,130
1756419,1,0,0,1,1,0,130
1756421,0,0,0,0,1,0,130
1756571,0,0,1,1,0,0,130
1756588,0,1,1,0,1,0,130
1756732,0,0,0,0,1,0,130
1756931,0,1,1,0,1,0,130
1757600,1,0,1,0,0,0,130
1757691,0,0,0,0,1,0,130
1757940,1,1,1,1,1,0,130
1758214,1,0,0,1,1,0,130
1758320,1,0,0,1,1,0,130
1758357,0,1,1,0,1,0,130
1758606,0,1,0,1,0,0,130
1758724,1,0,1,0,0,0,130
1758793,0,0,0,0,1,0,130
1758877,0,0,0,0,1,0,130
1759011,1,0,1,0,0,0,130
1759261,0,0,0,0,1,0,130
1759279,1,0,0,1,1,0,130
1759767,0,1,1,0,1,0,130
1761192,0,1,0,1,0,0,130
1761661,0,0,0,0,1,0,130
1761700,1,0,0,1,1,0,130
1761877,0,0,1,1,0,0,130
1762057,1,0,0,1,1,0,130
1762068,0,0,1,0,0,0,130
1762783,1,1,0,0,0,0,130
1763149,0,1,0,1,0,0,130
1763241,0,0,0,0,1,0,130
1764034,0,1,1,0,1,0,130
1764182,0,1,0,1,0,0,130
1764266,1,1,1,1,1,0,130
1764276,1,1,0,0,0,0,130
1764841,0,0,0,0,1,0,130
1764934,1,0,0,1,1,0,130
1765325,1,0,1,0,0,0,130
1765634,0,0,0,1,1,1,130
1765751,0,1,0,1,0,0,130
1765762,0,1,0,1,0,0,130
1765932,0,1,1,0,1,0,130
1766270,1,1,0,0,0,0,130
1766391,0,1,0,1,0,0,130
1766408,0,0,0,0,1,0,130
1767254,0,0,1,0,0,0,130
1767439,0,0,1,1,0,0,130
1767635,1,0,0,1,1,0,130
1767819,1,0,1,0,0,0,130
1768045,0,1,0,1,0,0,130
1768385,0,1,1,0,1,0,130
1768398,1,1,0,0,0,0,130
1768443,1,1,0,0,0,0,130
1768781,1,1,1,1,1,0,130
1768785,0,1,1,0,1,0,130
1768945,0,1,1,1,1,1,130
1769432,1,0,0,1,1,0,130
1769832,1,0,0,1,1,0,101
1769985,1,1,1,1,1,0,101
1770056,1,0,1,0,0,0,101
1770294,1,0,0,1,1,0,101
1770652,0,1,1,0,1,0,101
1770840,1,0,1,0,0,0,101
1771001,1,0,0,1,1,0,101
1772393,0,0,1,1,0,0,101
1772542,0,0,0,0,1,0,101
1772795,1,0,1,0,0,0,101
1772827,0,0,0,0,1,0,101
1772971,1,0,0,1,1,0,101
1774171,1,1,0,0,0,0,101
1774321,1,0,0,1,1,0,101
1774506,1,1,0,0,0,0,101
1774851,0,1,1,0,1,0,101
1775026,1,1,1,1,1,0,101
1775049,0,0,1,1,0,0,101
1775777,1,0,1,0,0,0,101
1775848,1,1,0,0,0,0,101
1775926,1,1,1,1,1,0,101
1776394,1,1,0,0,0,0,101
1776496,1,1,0,0,0,0,101
1777920,0,0,1,1,0,0,101
1778722,0,0,0,0,1,0,101
1778748,1,0,1,1,0,0,101
1779229,1,1,1,1,1,0,101
1779441,0,1,1,0,1,0,101
1779656,0,1,0,1,0,0,101
1779732,0,0,0,0,1,0,101
1780043,0,0,0,0,1,0,101
1780235,0,0,0,0,1,0,101
1780263,0,0,1,0,0,0,101
1780264,1,1,0,0,0,0,101
1781393,0,0,1,1,0,0,101
1781666,1,0,0,1,1,0,101
1781711,1,1,0,0,0,0,101
1781835,0,1,0,1,0,0,101
1782151,0,1,1,1,1,1,101
1782194,0,0,0,0,1,0,101
1782725,0,1,1,0,1,0,101
1783031,0,0,0,0,1,0,101
1783336,1,0,0,1,1,0,101
1783582,0,0,1,1,0,0,101
1784017,0,1,0,1,0,0,101
1784035,0,1,0,1,0,0,101
1784426,0,0,0,0,1,0,101
1784630,1,0,0,1,1,0,101
1784641,1,1,0,0,0,0,101
1785386,0,1,1,0,1,0,101
1785445,1,0,1,1,0,0,101
1785661,0,0,1,1,0,0,101
1785960,0,1,0,1,0,0,101
1786668,0,1,1,0,1,0,101
1787156,1,0,1,0,0,0,101
1787180,0,0,0,0,1,0,101
1787260,0,0,1,1,0,0,101
1787264,0,0,0,0,1,0,101
1787504,1,1,0,0,0,0,101
1787694,1,0,1,0,0,0,101
1787973,0,0,1,1,0,0,101
1787978,0,1,0,1,0,0,101
1788362,0,1,0,1,0,0,101
1788364,1,0,0,1,1,0,101
1788492,1,1,1,1,1,0,101
1788758,0,0,0,0,1,0,101
1788966,0,1,0,1,0,0,101
1789291,1,0,0,1,1,0,101
1789374,1,0,1,0,0,0,101
1789540,0,1,1,0,1,0,101
1789870,1,0,0,1,1,0,101
1789993,1,1,1,1,1,0,101
1790822,0,1,1,0,1,0,101
1790929,1,0,0,1,1,0,101
1791009,1,1,0,0,0,0,101
1791370,1,0,1,0,0,0,101
1791382,1,0,0,1,1,0,101
1791521,1,0,0,1,1,0,101
1791671,0,1,1,0,1,0,101
1791757,0,0,0,0,1,0,101
1792616,1,0,0,1,1,0,101
1793076,1,0,0,1,1,0,101
1793477,0,1,0,1,0,0,101
1793513,1,0,0,1,1,0,101
1793807,0,0,1,1,0,0,101
1793916,1,1,0,0,0,0,101
1794132,1,0,0,1,1,0,101
1794491,0,1,0,1,0,0,101
1794775,0,1,1,0,1,0,101
1795896,1,0,0,1,1,0,101
1796378,1,1,1,1,1,0,101
1796436,0,0,0,0,1,0,101
1796532,1,0,0,1,1,0,101
1796694,1,0,1,0,0,0,101
1796827,1,0,1,0,0,0,101
1797208,1,1,1,1,1,0,101
1797635,0,0,1,1,0,0,101
1797639,1,0,1,1,0,0,101
1797764,0,0,0,0,1,0,101
1798165,1,1,1,1,1,0,101
1798816,0,1,1,0,1,0,101
1799157,1,1,1,1,1,0,101
1799184,1,1,0,0,0,0,101
1799226,1,1,0,0,0,0,101
1799439,1,1,0,0,0,0,101
1799726,0,1,0,1,0,0,101
1799916,0,1,0,1,0,0,101
1800216,0,1,1,0,1,0,101
1800304,1,0,1,0,0,0,101
1800920,0,0,0,0,1,0,101
1800969,0,1,0,1,0,0,101
1801604,0,1,1,0,1,0,101
1801873,0,1,0,1,0,0,101
1802033,1,1,0,0,0,0,101
1802219,1,0,0,1,1,0,101
1803243,0,0,0,0,1,0,101
1803416,1,0,0,1,1,0,101
1804210,1,1,0,0,0,0,101
1804664,1,0,1,0,0,0,101
1804800,1,0,1,0,0,0,101
1804869,1,0,0,1,1,0,101
1804973,1,1,0,0,0,0,101
1805034,1,1,0,0,0,0,101
1805053,0,1,1,0,1,0,101
1805276,0,1,1,0,1,0,101
1805282,1,0,0,1,1,0,101
1805734,1,1,1,1,1,0,101
1805877,1,0,0,1,1,0,101
1806139,0,0,0,0,1,0,101
1806156,0,0,0,0,1,0,101
1806200,0,0,0,0,1,0,101
1806560,0,0,0,0,1,0,101
1806663,0,1,1,0,1,0,101
1806703,0,0,1,1,0,0,101
1807268,0,1,0,1,0,0,101
1807336,1,0,0,1,1,0,101
1807945,0,1,0,1,0,0,101
1808584,0,1,1,0,1,0,101
1808585,1,1,0,0,0,0,101
1808780,0,1,1,0,1,0,101
1809562,0,1,1,0,1,0,101
1810341,1,1,0,0,0,0,101
1810483,1,1,1,1,1,0,101
1810734,1,0,0,1,1,0,101
1810886,1,1,1,1,1,0,101
1811729,1,1,1,1,1,0,101
1812036,0,1,0,1,0,0,101
1812092,1,1,1,1,1,0,101
1812249,0,0,1,1,0,0,101
1812497,0,1,1,0,1,0,101
1813106,0,0,1,1,0,0,101
1813144,1,0,1,0,0,0,101
1813353,0,1,1,0,1,0,101
1813873,0,0,1,1,0,0,101
1813874,0,1,1,0,1,0,101
1813970,1,1,0,0,0,0,101
1814306,1,1,0,0,0,0,101
1814317,0,0,0,0,1,0,101
1815209,0,1,0,1,0,0,101
1815642,0,1,1,0,1,0,101
1815815,1,0,1,0,0,0,101
1816415,0,0,0,0,1,0,101
1816488,1,1,1,1,1,0,101
1816773,0,0,1,1,0,0,101
1816884,0,1,0,1,0,0,101
1816969,0,0,0,0,1,0,101
1817449,1,1,0,0,0,0,101
1817539,1,1,0,0,0,0,101
1817541,1,0,1,0,0,0,101
1817880,0,1,0,1,0,0,101
1817896,1,0,0,1,1,0,101
1818167,1,1,1,1,1,0,101
1818230,1,1,0,0,0,0,101
1818858,1,0,1,0,0,0,101
1819033,0,1,1,0,1,0,101
1819056,0,0,0,0,1,0,101
1819065,0,0,1,1,0,0,101
1819091,0,1,0,1,0,0,101
1819110,0,0,1,1,0,0,101
1819661,0,1,1,0,1,0,101
1820231,1,0,0,1,1,0,101
1820536,1,1,0,0,0,0,101
1820727,1,0,1,0,0,0,101
1821147,1,0,1,0,0,0,101
1821355,1,0,0,1,1,0,101
1821375,1,1,1,1,1,0,101
1821738,1,1,1,0,1,1,101
1822053,1,0,0,1,1,0,101
1822389,1,1,0,0,0,0,101
1822980,1,1,0,0,0,0,101
1823466,1,0,1,0,0,0,101
1823823,0,1,0,1,0,0,101
1823869,1,1,1,1,1,0,101
1824297,0,0,0,0,1,0,101
1825133,0,0,1,1,0,0,101
1825799,0,1,0,1,0,0,101
1825842,0,0,0,0,1,0,101
1826345,1,0,1,0,0,0,101
1826586,1,1,0,0,0,0,101
1826957,1,1,0,0,0,0,101
1826987,0,0,0,0,1,0,101
1827257,0,1,0,1,0,0,101
1828513,1,1,1,1,1,0,101
1828838,1,1,1,1,1,0,101
1829550,1,0,0,1,1,0,101
1830041,0,0,0,0,1,0,101
1830276,0,1,1,0,1,0,101
1830404,0,1,1,0,1,0,101
1831132,0,0,0,0,1,0,101
1831579,0,1,0,1,0,0,101
1831861,1,0,0,1,1,0,101
1832294,1,1,1,1,1,0,101
1832524,0,1,1,1,1,1,101
1832585,1,0,0,1,1,0,101
1832757,0,0,0,0,1,0,101
1833028,1,0,1,0,0,0,101
1833029,1,0,1,0,0,0,101
1833426,0,0,1,1,0,0,101
1833495,0,1,1,0,1,0,101
1833534,1,0,0,1,1,0,101
1833826,0,0,1,1,0,0,101
1833960,1,0,1,0,0,0,101
1834023,1,0,1,0,0,0,101
1834379,1,1,0,0,0,0,101
1834864,1,1,0,0,0,0,101
1835388,1,1,1,0,1,1,120
1835723,1,0,1,0,0,0,120
1835797,1,1,0,0,0,0,120
1836058,1,1,0,0,0,0,120
1837367,0,1,1,0,1,0,120
1837826,1,0,1,0,0,0,120
1837927,0,1,1,0,1,0,120
1837953,0,0,1,1,0,0,120
1838016,0,1,1,0,1,0,120
1838391,1,1,0,0,0,0,120
1838499,1,1,1,1,1,0,120
1838900,0,0,0,0,1,0,120
1839509,1,1,1,1,1,0,120
1841075,1,0,1,0,0,0,120
1841245,1,0,1,0,0,0,120
1841397,0,0,0,0,1,0,120
1841743,1,0,1,0,0,0,120
1841863,1,1,1,1,1,0,120
1842099,0,1,1,0,1,0,120
1842113,1,0,1,0,0,0,120
1842959,0,1,1,0,1,0,120
1843155,1,0,1,0,0,0,120
1844125,1,0,0,1,1,0,120
1844778,0,0,1,1,0,0,120
1844779,1,1,1,1,1,0,120
1844933,1,0,1,0,0,0,120
1844978,1,1,0,0,0,0,120
1845340,1,1,0,0,0,0,120
1845416,1,0,0,1,1,0,120
1845459,0,0,1,1,0,0,120
1845495,1,0,1,0,0,0,120
1845636,0,1,0,1,0,0,120
1845741,0,0,0,0,1,0,120
1846250,0,1,0,1,0,0,120
1846957,0,0,1,1,0,0,120
1847082,1,0,1,0,0,0,120
1847753,1,1,1,1,1,0,120
1847771,1,1,0,0,0,0,120
1848429,0,0,0,0,1,0,120
1848433,0,1,0,1,0,0,120
1848450,1,1,0,0,0,0,120
1848703,0,0,1,1,0,0,120
1848913,1,1,1,1,1,0,120
1848955,1,0,0,1,1,0,120
1849392,1,0,1,0,0,0,120
1849748,1,0,1,0,0,0,120
1850216,0,0,1,0,0,0,120
1850373,1,1,1,1,1,0,120
1851020,1,1,0,0,0,0,120
1851046,1,0,1,0,0,0,120
1851244,1,1,1,1,1,0,120
1851621,0,1,0,0,0,0,120
1851650,0,0,1,1,0,0,120
1851734,1,1,1,1,1,0,120
1852217,0,0,1,1,0,0,120
1852319,0,0,1,1,0,0,120
1852855,0,0,1,1,0,0,120
1852861,0,1,0,1,0,0,120
1853411,0,1,0,1,0,0,120
1854072,0,1,0,1,0,0,120
1854092,0,1,1,0,1,0,120
1854115,0,0,0,0,1,0,120
1854812,0,1,1,0,1,0,120
1855089,1,0,1,0,0,0,120
1855178,0,0,0,0,1,0,120
1855419,1,1,1,1,1,0,120
1855470,1,1,0,0,0,0,120
1856440,1,1,1,1,1,0,120
1856442,0,1,1,0,1,0,120
1856919,1,0,0,1,1,0,120
1857014,1,1,1,1,1,0,120
1857497,0,0,1,1,0,0,120
1857668,1,0,0,1,1,0,120
1857979,0,1,1,0,1,0,120
1858598,0,0,0,0,1,0,120
1858843,0,0,1,1,0,0,120
1858955,0,1,1,0,1,0,120
1859295,0,1,0,1,0,0,120
1859433,0,0,1,1,0,0,120
1860105,1,0,1,0,0,0,120
1860503,1,0,1,0,0,0,120
1861093,0,1,0,1,0,0,120
1861206,0,0,0,0,1,0,120
1861378,1,0,1,0,0,0,120
1862367,0,0,0,0,1,0,120
1862488,0,1,1,0,1,0,120
1862594,1,0,0,1,1,0,120
1862709,0,1,0,1,0,0,120
1862781,1,0,0,1,1,0,120
1862805,0,0,0,0,1,0,120
1863798,0,0,1,1,0,0,120
1864218,0,0,1,1,0,0,120
1864422,0,1,1,0,1,0,120
1864542,0,0,1,1,0,0,120
1865160,0,0,1,1,0,0,120
1865253,0,1,0,1,0,0,120
1866102,1,0,1,0,0,0,120
1866920,0,1,1,0,1,0,120
1867200,1,1,0,0,0,0,120
1867506,0,0,1,0,0,0,120
1867523,1,0,1,0,0,0,120
1867884,0,1,1,0,1,0,120
1869156,0,1,1,0,1,0,120
1869191,1,0,0,1,1,0,120
1869950,0,1,0,1,0,0,120
1870346,1,0,1,0,0,0,120
1870355,1,1,1,1,1,0,120
1870582,1,1,1,1,1,0,120
1870691,0,0,0,0,1,0,120
1870859,1,0,1,0,0,0,120
1871636,1,0,0,1,1,0,120
1871748,1,0,1,0,0,0,120
1872095,1,0,1,0,0,0,120
1872543,0,1,1,0,1,0,120
1873127,1,0,0,1,1,0,120
1873129,1,1,1,1,1,0,120
1873337,1,1,1,1,1,0,120
1873482,1,0,0,1,1,0,120
1873781,1,1,1,1,1,0,120
1874062,1,1,1,1,1,0,120
1874247,0,1,0,1,0,0,120
1874767,1,0,1,0,0,0,120
1875114,0,0,1,1,0,0,120
1875892,0,0,1,1,0,0,120
1876080,1,0,0,1,1,0,120
1876519,1,1,1,0,1,1,120
1876914,0,1,1,0,1,0,120
1877077,1,1,0,0,0,0,120
1877897,0,0,0,0,1,0,120
1878203,0,0,0,0,1,0,120
1878617,0,1,0,1,0,0,120
1878778,0,1,0,1,0,0,120
1878992,1,0,0,1,1,0,120
1879007,1,0,1,0,0,0,120
1879414,1,1,0,0,0,0,120
1879635,1,0,1,0,0,0,120
1879702,0,1,1,0,1,0,120
1880843,1,1,0,0,0,0,120
1880914,1,1,0,0,0,0,120
1881271,1,0,1,0,0,0,120
1881307,1,0,1,0,0,0,120
1881431,1,0,1,0,0,0,120
1881449,1,0,0,1,1,0,120
1881522,1,0,0,1,1,0,120
1881641,1,0,0,1,1,0,120
1881717,1,1,0,0,0,0,120
1881772,1,1,1,1,1,0,120
1882188,1,1,1,1,1,0,120
1882478,0,1,0,1,0,0,120
1882810,0,1,1,0,1,0,120
1883149,1,0,1,0,0,0,120
1883214,0,1,0,1,0,0,120
1883297,1,1,0,0,0,0,120
1883709,1,0,0,0,1,1,120
1883941,0,1,0,1,0,0,120
1883955,0,0,1,1,0,0,120
1884247,1,0,0,1,1,0,120
1884373,0,0,1,1,0,0,120
1884403,1,1,1,1,1,0,120
1884646,0,1,1,0,1,0,120
1884829,0,0,1,1,0,0,120
1884982,1,0,0,1,1,0,120
1885093,0,0,0,0,1,0,120
1885125,1,0,0,1,1,0,120
1885440,1,1,1,1,1,0,120
1885556,0,1,0,1,0,0,120
1885602,0,1,1,0,1,0,120
1885731,1,0,0,1,1,0,120
1886315,1,0,0,1,1,0,120
1886974,1,1,1,1,1,0,120
1887143,0,1,1,0,1,0,120
1887180,1,1,1,0,1,1,120
1887785,1,1,0,0,0,0,120
1888212,1,1,1,1,1,0,120
1888581,1,1,1,1,1,0,120
1888938,1,1,0,0,0,0,120
1889124,0,1,0,1,0,0,120
1889302,0,1,0,1,0,0,120
1889499,1,1,1,1,1,0,120
1889829,1,1,0,0,0,0,120
1889926,1,0,0,1,1,0,120
1890174,1,1,1,1,1,0,120
1890278,1,0,0,1,1,0,120
1890796,1,1,0,0,0,0,120
1891140,1,0,0,0,1,1,120
1891782,1,1,1,1,1,0,120
1891824,0,0,0,0,1,0,120
1891869,1,0,0,1,1,0,120
1892075,1,1,1,1,1,0,120
1892333,1,1,0,0,0,0,120
1892364,1,0,0,1,1,0,120
1892383,0,0,0,0,1,0,120
1892459,0,0,1,1,0,0,120
1892565,1,0,1,0,0,0,120
1892631,0,1,0,1,0,0,120
1892977,1,0,0,1,1,0,120
1893141,0,0,1,1,0,0,120
1893328,0,1,0,1,0,0,120
1893735,1,0,1,0,0,0,120
1893798,1,1,0,0,0,0,120
1893992,0,1,0,1,0,0,120
1894000,0,0,1,1,0,0,120
1894339,1,0,0,1,1,0,120
1894440,1,0,0,1,1,0,120
1894807,1,0,1,0,0,0,120
1894928,0,1,1,0,1,0,120
1895044,0,0,1,1,0,0,120
1895290,0,1,1,0,1,0,120
1895542,0,1,0,1,0,0,120
1895606,1,1,1,1,1,0,120
1895680,1,0,0,1,1,0,120
1895817,1,0,1,0,0,0,120
1896039,1,0,1,0,0,0,120
1896143,1,0,0,1,1,0,120
1896295,1,0,0,1,1,0,120
1896642,1,1,1,1,1,0,120
1896771,0,0,0,0,1,0,120
1896859,0,1,0,1,0,0,120
1897134,1,0,0,1,1,0,120
1897640,1,0,1,0,0,0,120
1897643,0,1,0,1,0,0,120
1897965,0,1,1,0,1,0,120
1898107,0,1,0,1,0,0,120
1898214,0,1,1,0,1,0,120
1898249,0,1,0,1,0,0,120
1898591,1,1,0,0,0,0,120
1898897,0,0,0,0,1,0,120
1899092,0,1,0,1,0,0,120
1899460,1,0,0,1,1,0,120
1899881,1,0,0,1,1,0,120
1900198,1,1,0,0,0,0,120
1900228,0,0,1,1,0,0,120
1900314,0,0,0,0,1,0,120
1900497,1,0,0,1,1,0,120
1900543,0,0,1,1,0,0,120
1900629,0,0,0,0,1,0,121
1900689,1,1,1,1,1,0,121
1900892,0,1,1,0,1,0,121
1900999,1,0,1,0,0,0,121
1901062,1,1,0,1,0,0,121
1901399,1,1,0,0,0,0,121
1901685,0,0,1,1,0,0,121
1901952,1,0,1,1,0,0,121
1902173,1,1,1,1,1,0,121
1902505,0,0,0,0,1,0,121
1902682,0,0,0,0,1,0,121
1902859,1,0,0,1,1,0,121
1903022,0,0,0,0,1,0,121
1903423,1,0,1,0,0,0,121
1903744,1,0,0,1,1,0,121
1903961,0,1,0,1,0,0,121
1904164,1,0,0,1,1,0,121
1904471,0,0,0,0,1,0,121
1905376,1,1,0,0,0,0,121
1906010,1,0,0,1,1,0,121
1906230,0,1,1,0,1,0,121
1906736,0,1,0,1,0,0,121
1907168,1,1,0,0,0,0,121
1907512,0,1,0,1,0,0,121
1907777,0,1,0,1,0,0,121
1907891,1,0,0,1,1,0,121
1908885,1,0,0,1,1,0,121
1908913,1,1,0,0,0,0,121
1909292,0,0,0,0,1,0,121
1909455,1,1,1,1,1,0,121
1909534,1,0,1,0,0,0,121
1910003,0,1,1,0,1,0,121
1910119,1,0,1,0,0,0,121
1910281,0,0,1,1,0,0,121
1910531,0,1,1,1,1,1,121
1911141,0,1,1,0,1,0,121
1911318,1,1,1,1,1,0,121
1911378,0,1,1,0,1,0,121
1912006,1,0,0,1,1,0,121
1912176,1,1,0,0,0,0,121
1912415,1,1,0,0,0,0,121
1912907,0,1,0,1,0,0,121
1912950,0,1,1,0,1,0,121
1913789,0,1,0,1,0,0,121
1913991,1,0,0,1,1,0,121
1914292,1,1,1,1,1,0,121
1914514,0,1,1,0,1,0,121
1915606,1,1,1,1,1,0,121
1916101,1,0,1,0,0,0,121
1916421,1,1,1,1,1,0,121
1916802,0,1,0,1,0,0,121
1917222,0,1,0,1,0,0,121
1917595,1,0,0,1,1,0,121
1917642,1,1,1,1,1,0,121
1917737,1,1,1,1,1,0,121
1917744,0,1,1,0,1,0,121
1918085,1,0,1,0,0,0,121
1918470,0,0,0,1,1,1,121
1918636,0,1,0,1,0,0,121
1919047,0,0,0,0,1,0,121
1919295,1,0,1,0,0,0,121
1919619,0,1,1,0,1,0,121
1920110,0,1,0,1,0,0,121
1920307,0,1,0,1,0,0,121
1920550,1,0,1,0,0,0,121
1920767,0,1,0,1,0,0,121
1921723,1,1,1,1,1,0,121
1921990,0,1,0,0,0,0,121
1922659,0,1,0,1,0,0,121
1922987,1,1,1,1,1,0,121
1923038,0,0,0,0,1,0,121
1923132,0,0,0,0,1,0,121
1923193,0,0,0,0,1,0,121
1923244,1,1,1,1,1,0,121
1924145,1,1,0,0,0,0,121
1924624,0,0,0,0,1,0,121
1924707,1,1,0,0,0,0,121
1925104,1,0,0,1,1,0,121
1925301,1,1,0,0,0,0,121
1925811,1,1,0,0,0,0,121
1926284,1,1,0,0,0,0,121
1926467,1,1,0,0,0,0,121
1926606,1,0,0,1,1,0,121
1926691,0,0,1,0,0,0,121
1927544,0,0,1,1,0,0,121
1928851,1,0,1,0,0,0,121
1929072,0,1,0,1,0,0,121
1929995,0,1,0,1,0,0,121
1930210,0,1,1,0,1,0,121
1930457,0,0,0,0,1,0,121
1931598,1,1,1,1,1,0,121
1932086,0,1,1,0,1,0,121
1932356,1,0,0,1,1,0,121
1932455,1,0,1,0,0,0,121
1932614,1,0,1,0,0,0,121
1932741,1,1,0,0,0,0,121
1933019,0,0,1,1,0,0,121
1933344,0,1,0,1,0,0,121
1933375,1,0,0,1,1,0,121
1933389,1,0,0,1,1,0,121
1933526,0,1,0,1,0,0,121
1933573,1,1,1,1,1,0,121
1933753,1,0,1,1,0,0,121
1934131,0,0,0,0,1,0,121
1934260,1,0,1,0,0,0,121
1934354,1,1,0,0,0,0,121
1934732,0,0,0,0,1,0,121
1934837,1,1,1,1,1,0,121
1935259,0,0,0,0,1,0,121
1935485,0,1,1,0,1,0,121
1935501,0,1,0,1,0,0,121
1935941,0,1,0,1,0,0,121
1936023,1,1,1,1,1,0,121
1936133,1,0,1,0,0,0,121
1936471,1,1,1,1,1,0,121
1936722,0,1,0,1,0,0,121
1937308,0,0,0,0,1,0,121
1937396,0,1,1,0,1,0,121
1937477,1,1,1,1,1,0,121
1938473,0,0,1,1,0,0,121
1938786,0,1,0,1,0,0,121
1938892,0,0,0,0,1,0,121
1939161,1,0,0,1,1,0,121
1939216,0,0,0,0,1,0,121
1940335,1,1,1,1,1,0,121
1940531,1,0,1,0,0,0,121
1940573,0,0,0,0,1,0,121
1940982,1,1,0,0,0,0,121
1941060,0,1,1,0,1,0,121
1941803,0,0,1,1,0,0,121
1941905,1,0,1,0,0,0,121
1942490,0,1,1,0,1,0,121
1942722,0,1,0,1,0,0,121
1942727,1,1,1,1,1,0,121
1942889,0,0,1,0,0,0,121
1942922,0,0,0,0,1,0,121
1943194,0,1,1,0,1,0,121
1943525,0,1,1,1,1,1,121
1943642,1,1,0,0,0,0,121
1943672,0,0,0,1,1,1,121
1943814,0,1,0,1,0,0,121
1944421,0,0,0,0,1,0,121
1944783,0,0,1,1,0,0,121
1944810,0,0,0,0,1,0,121
1945247,0,1,1,0,1,0,121
1945345,0,0,0,0,1,0,121
1945416,1,0,1,0,0,0,121
1946492,0,0,0,0,1,0,121
1946690,0,1,0,1,0,0,121
1947201,1,0,1,0,0,0,121
1947492,0,1,1,0,1,0,121
1947663,0,1,0,1,0,0,121
1947731,1,0,1,0,0,0,121
1947760,1,0,1,0,0,0,121
1948163,1,0,0,1,1,0,121
1948452,1,0,0,1,1,0,121
1949075,1,1,1,1,1,0,121
1949221,0,1,0,1,0,0,121
1949241,0,1,0,1,0,0,121
1949333,0,0,1,1,0,0,121
1949604,0,1,1,0,1,0,121
1949962,1,0,0,1,1,0,121
1950132,0,1,1,0,1,0,121
1950385,0,1,0,1,0,0,121
1950694,1,1,0,0,0,0,121
1950801,1,1,1,1,1,0,121
1951944,1,1,0,0,0,0,121
1952014,0,0,0,0,1,0,121
1952094,1,0,1,0,0,0,121
1953157,1,1,0,0,0,0,121
1953548,0,0,0,0,1,0,121
1953643,1,1,0,0,0,0,121
1953702,0,1,1,0,1,0,121
1954115,1,0,1,0,0,0,121
1954239,1,0,1,0,0,0,121
1954736,1,1,1,1,1,0,121
1955397,0,1,0,1,0,0,121
1955648,1,1,1,1,1,0,121
1955686,1,0,0,1,1,0,121
1955718,0,0,0,0,1,0,121
1956473,0,1,0,1,0,0,121
1956553,0,0,0,0,1,0,121
1957088,0,0,1,1,0,0,121
1957917,0,0,1,1,0,0,121
1958755,0,0,1,1,0,0,121
1958806,0,1,0,1,0,0,121
1959078,0,0,0,0,1,0,121
1959428,0,1,0,1,0,0,121
1959436,0,1,0,1,0,0,121
1960175,1,0,0,1,1,0,121
1960264,0,1,0,1,0,0,121
1960430,0,0,0,0,1,0,121
1960780,0,1,1,0,1,0,121
1960877,0,0,0,0,1,0,121
1961036,0,1,0,1,0,0,121
1961234,0,1,1,0,1,0,121
1961420,0,1,0,1,0,0,121
1961589,0,0,1,1,0,0,121
1961679,0,1,1,0,1,0,121
1961782,0,1,1,0,1,0,121
1962282,1,0,0,1,1,0,121
1962517,1,0,1,0,0,0,121
1962524,1,1,0,0,0,0,121
1963132,0,0,1,1,0,0,121
1963212,0,0,0,0,1,0,121
1964230,1,0,0,1,1,0,121
1964370,1,0,1,0,0,0,121
1964629,1,1,0,0,0,0,121
1965189,0,1,1,0,1,0,121
1965272,0,1,0,1,0,0,121
1966103,1,1,1,1,1,0,161
1966336,1,0,1,0,0,0,161
1966390,1,0,0,1,1,0,161
1966607,0,1,0,1,0,0,161
1966894,0,0,1,1,0,0,161
1966944,1,1,1,1,1,0,161
1967064,0,0,0,0,1,0,161
1967445,0,1,0,1,0,0,161
1967931,0,1,0,1,0,0,161
1968257,0,1,1,0,1,0,161
1968755,1,1,0,0,0,0,161
1969116,0,0,0,0,1,0,161
1969283,1,0,0,1,1,0,161
1969372,1,1,0,0,0,0,161
1969956,1,0,0,1,1,0,161
1970142,0,0,1,1,0,0,161
1970236,1,0,1,0,0,0,161
1970257,0,1,0,1,0,0,161
1970642,0,0,0,0,1,0,161
1970909,1,0,0,1,1,0,161
1971328,0,1,0,1,0,0,161
1971389,1,1,1,1,1,0,161
1971501,0,1,0,1,0,0,161
1972108,1,0,1,0,0,0,161
1972303,0,1,1,0,1,0,161
1972478,0,0,1,1,0,0,161
1972549,0,0,1,1,0,0,161
1972570,1,1,0,0,0,0,161
1973424,0,0,1,1,0,0,161
1973433,0,1,1,0,1,0,161
1973721,0,1,0,1,0,0,161
1973734,0,0,0,0,1,0,161
1973954,0,1,1,0,1,0,161
1974020,0,0,1,1,0,0,161
1974025,1,1,0,0,0,0,161
1974037,1,0,0,1,1,0,161
1974163,0,0,1,1,0,0,161
1974258,0,1,0,1,0,0,161
1974591,1,1,0,0,0,0,161
1974716,0,1,1,0,1,0,161
1974833,0,0,0,0,1,0,161
1974876,1,1,1,1,1,0,161
1975006,0,1,1,0,1,0,161
1975135,1,1,0,0,0,0,161
1975215,1,0,1,0,0,0,161
1975363,1,0,1,0,0,0,161
1975954,0,1,1,0,1,0,161
1976290,0,0,0,0,1,0,161
1976309,1,0,1,0,0,0,161
1976356,0,1,0,1,0,0,161
1976594,1,1,0,0,0,0,161
1976794,0,0,1,1,0,0,161
1976996,0,1,0,0,0,0,161
1977056,0,0,1,1,0,0,161
1977102,0,0,1,1,0,0,161
1977244,1,0,0,1,1,0,161
1977598,0,0,1,1,0,0,161
1977707,1,0,0,1,1,0,161
1977891,1,0,1,0,0,0,161
1978291,1,0,0,1,1,0,161
1979097,0,1,0,1,0,0,161
1979204,1,1,0,0,0,0,161
1979894,0,1,0,1,0,0,161
1979908,1,0,0,1,1,0,161
1979972,0,0,0,0,1,0,161
1980054,1,1,0,0,0,0,161
1980131,0,1,1,0,1,0,161
1980326,0,1,0,0,0,0,161
1980350,1,0,1,0,0,0,161
1980365,0,0,1,1,0,0,161
1980466,1,1,1,0,1,1,161
1980677,1,1,1,1,1,0,161
1980807,0,0,1,1,0,0,161
1980932,0,1,1,0,1,0,161
1981028,1,1,0,0,0,0,161
1981063,0,0,1,1,0,0,161
1981088,0,0,1,1,0,0,161
1981432,1,0,1,0,0,0,161
1981557,0,0,1,1,0,0,161
1981608,0,1,1,0,1,0,161
1981703,0,1,1,0,1,0,161
1981712,1,1,1,1,1,0,161
1981866,0,1,1,0,1,0,161
1981931,0,0,1,1,0,0,161
1982021,0,0,1,1,0,0,161
1982182,1,0,1,0,0,0,161
1982505,1,1,1,1,1,0,161
1982619,0,1,0,1,0,0,161
1982769,0,0,0,0,1,0,161
1982819,0,0,1,1,0,0,161
1982947,0,1,0,1,0,0,161
1982991,0,0,1,1,0,0,161
1983337,1,1,0,0,0,0,161
1983393,1,0,1,0,0,0,161
1983546,1,0,0,1,1,0,161
1983973,0,0,1,1,0,0,161
1984323,0,0,1,1,0,0,161
1984576,1,1,0,0,0,0,161
1984625,0,0,1,1,0,0,161
1984728,0,0,0,0,1,0,161
1984736,1,1,0,1,0,0,161
1984758,1,1,0,0,0,0,161
1984885,1,0,0,1,1,0,161
1985044,1,0,0,1,1,0,161
1985245,1,0,0,1,1,0,161
1985415,0,0,0,0,1,0,161
1985941,0,1,0,1,0,0,161
1986409,0,1,1,0,1,0,161
1986693,1,1,1,1,1,0,161
1986817,0,0,1,1,0,0,161
1986963,1,0,0,1,1,0,161
1987284,1,1,0,0,0,0,161
1987840,0,0,1,1,0,0,161
1988191,0,1,1,0,1,0,161
1988293,1,0,1,0,0,0,161
1988422,0,0,1,1,0,0,161
1988425,1,1,0,0,0,0,161
1988584,0,0,0,0,1,0,161
1988675,1,0,1,0,0,0,161
1988889,1,1,1,1,1,0,161
1988900,0,0,1,1,0,0,161
1989361,0,0,0,0,1,0,161
1989494,0,0,1,1,0,0,161
1989644,0,1,1,0,1,0,161
1990036,0,1,1,0,1,0,161
1990194,0,0,0,0,1,0,161
1990559,1,1,1,1,1,0,161
1990566,0,1,0,1,0,0,161
1990689,0,0,0,0,1,0,161
1990791,0,1,1,0,1,0,161
1990911,1,1,0,0,0,0,161
1990925,0,1,0,1,0,0,161
1991124,1,1,0,1,0,0,161
1991215,0,0,1,1,0,0,161
1991278,0,1,0,1,0,0,161
1991310,0,1,1,0,1,0,161
1991403,0,1,0,1,0,0,161
1991475,1,0,1,0,0,0,161
1991668,0,0,0,0,1,0,161
1991810,0,1,0,1,0,0,161
1991937,0,0,1,1,0,0,161
1992003,0,0,0,0,1,0,161
1992194,1,0,1,0,0,0,161
1992227,1,1,0,0,0,0,161
1992574,1,1,0,0,0,0,161
1993328,0,0,1,1,0,0,161
1993330,1,1,1,1,1,0,161
1993340,1,1,1,1,1,0,161
1993406,1,0,1,0,0,0,161
1993462,1,0,0,1,1,0,161
1993679,1,0,0,1,1,0,161
1993739,1,1,1,1,1,0,161
1993820,0,0,0,0,1,0,161
1993859,0,0,0,0,1,0,161
1994189,1,0,0,1,1,0,161
1995062,0,1,0,1,0,0,161
1995570,0,0,1,1,0,0,161
1995634,1,1,1,1,1,0,161
1995984,0,1,0,1,0,0,161
1996211,0,1,1,0,1,0,161
1996334,0,1,0,1,0,0,161
1996448,1,1,0,0,0,0,161
1996965,1,0,1,0,0,0,161
1997597,0,0,1,1,0,0,161
1997675,0,1,0,1,0,0,161
1997839,0,1,0,1,0,0,161
1997976,0,0,0,0,1,0,161
1998120,1,0,1,0,0,0,161
1998181,0,1,1,0,1,0,161
1998269,0,0,1,1,0,0,161
1998386,1,0,0,1,1,0,161
1998727,0,0,1,1,0,0,161
1999000,0,0,0,0,1,0,161
1999052,1,0,0,1,1,0,161
1999114,1,0,1,0,0,0,161
1999116,0,0,1,1,0,0,161
1999378,1,0,1,0,0,0,161
1999749,0,1,1,0,1,0,161
2000110,0,0,1,1,0,0,161
2000187,0,0,1,1,0,0,161
2000395,0,0,1,1,0,0,161
2000935,0,0,0,0,1,0,161
2001093,0,0,0,0,1,0,161
2001112,1,0,0,1,1,0,161
2001132,1,0,1,0,0,0,161
2001179,1,0,0,1,1,0,161
2001618,1,0,1,1,0,0,161
2001948,0,0,0,1,1,1,161
2002147,1,0,1,1,0,0,161
2002159,1,1,0,0,0,0,161
2002280,0,1,1,0,1,0,161
2002826,1,0,0,1,1,0,161
2003173,0,0,1,1,0,0,161
2003252,1,0,1,0,0,0,161
2003474,0,0,0,0,1,0,161
2003481,0,0,0,0,1,0,161
2003515,0,0,0,0,1,0,161
2003695,1,1,0,0,0,0,161
2003792,1,0,0,1,1,0,161
2004126,1,0,1,0,0,0,161
2004435,1,0,0,1,1,0,161
2004715,1,1,0,0,0,0,161
2005080,1,1,1,1,1,0,161
2005187,1,0,1,0,0,0,161
2005304,0,1,0,1,0,0,161
2005946,1,0,1,0,0,0,161
2006370,0,1,1,0,1,0,161
2006677,1,0,1,0,0,0,161
2006720,1,0,1,0,0,0,161
2007114,0,1,0,1,0,0,161
2007154,0,0,1,1,0,0,161
2007226,0,0,1,1,0,0,161
2007230,1,1,1,1,1,0,161
2007239,1,0,0,1,1,0,161
2007297,1,0,1,0,0,0,161
2007344,1,0,0,1,1,0,161
2008066,1,0,1,0,0,0,161
2008265,1,1,1,1,1,0,161
2008323,1,0,0,1,1,0,161
2008641,1,0,0,1,1,0,161
2008737,0,0,1,1,0,0,161
2008869,0,0,1,1,0,0,161
2009126,0,1,1,0,1,0,161
2009272,1,1,0,0,0,0,161
2009377,0,0,0,0,1,0,161
2009449,1,0,0,1,1,0,161
2009474,1,1,0,0,0,0,161
2009532,0,1,1,0,1,0,161
2010438,0,0,0,0,1,0,161
2010897,1,1,0,0,0,0,161
2010965,1,0,1,0,0,0,161
2011417,1,0,1,0,0,0,161
2011433,0,1,1,0,1,0,161
2011462,0,0,0,0,1,0,161
2011749,0,1,1,0,1,0,161
2011904,0,0,0,0,1,0,161
2012011,1,1,1,1,1,0,161
2012036,1,0,1,0,0,0,161
2012197,0,0,0,0,1,0,161
2012229,1,0,0,1,1,0,161
2012547,0,0,0,0,1,0,161
2012581,1,1,0,0,0,0,161
2012618,1,1,0,0,0,0,161
2012720,0,0,1,1,0,0,161
2013065,1,1,1,1,1,0,161
2013228,0,0,0,0,1,0,161
2013353,1,0,0,1,1,0,161
2013630,1,0,1,0,0,0,161
2013923,0,0,1,1,0,0,161
2014481,0,1,1,0,1,0,161
2014504,0,0,1,1,0,0,161
2014604,1,0,1,0,0,0,161
2014625,1,0,0,1,1,0,161
2014710,1,0,1,0,0,0,161
2014717,1,1,0,0,0,0,161
2014793,0,0,0,0,1,0,161
2015091,1,1,1,1,1,0,161
2015228,1,0,1,0,0,0,161
2015246,1,1,0,0,0,0,161
2015255,1,0,0,1,1,0,161
2015681,1,1,1,1,1,0,161
2015760,1,1,1,1,1,0,161
2015774,0,1,0,1,0,0,161
2016284,0,1,1,0,1,0,161
2016546,0,0,0,0,1,0,161
2016699,1,0,1,0,0,0,161
2017007,0,1,1,0,1,0,161
2017588,0,0,0,0,1,0,161
2017691,1,0,1,0,0,0,161
2017741,0,0,0,0,1,0,161
2017816,0,1,1,0,1,0,161
2018048,1,1,1,1,1,0,161
2018130,0,1,0,1,0,0,161
2018253,1,1,0,0,0,0,161
2018361,0,0,1,1,0,0,161
2018850,1,1,0,0,0,0,161
2018881,0,1,0,1,0,0,161
2018901,0,1,1,0,1,0,161
2019176,0,0,0,0,1,0,161
2019474,0,1,0,1,0,0,161
2019958,0,0,0,0,1,0,161
2020093,1,0,0,1,1,0,161
2020353,1,0,1,0,0,0,161
2020578,0,1,0,1,0,0,161
2021169,0,1,0,1,0,0,161
2021179,0,0,1,1,0,0,161
2021551,1,0,1,0,0,0,161
2021631,1,0,1,0,0,0,161
2021926,1,0,1,0,0,0,161
2022019,0,0,1,1,0,0,161
2022292,1,0,1,0,0,0,161
2022464,1,0,0,1,1,0,161
2022646,1,0,1,0,0,0,161
2022737,1,0,0,1,1,0,161
2022933,0,1,1,0,1,0,161
2023363,0,0,1,1,0,0,161
2023588,1,1,1,1,1,0,161
2023669,1,0,1,0,0,0,161
2023688,1,1,1,1,1,0,161
2023789,0,0,0,0,1,0,161
2024025,1,0,0,1,1,0,161
2024125,0,1,0,1,0,0,161
2024242,0,1,1,0,1,0,161
2025050,0,1,0,1,0,0,161
2025266,1,1,1,1,1,0,161
2025302,0,1,1,0,1,0,161
2025460,0,0,0,0,1,0,161
2025498,0,0,1,1,0,0,161
2025864,1,0,1,0,0,0,161
2025894,1,1,1,1,1,0,161
2026549,1,0,0,1,1,0,161
2026758,1,0,0,1,1,0,161
2027165,1,1,0,0,0,0,161
2027400,0,0,1,1,0,0,161
2027423,0,0,1,1,0,0,161
2027554,1,1,0,0,0,0,161
2027623,1,1,1,1,1,0,161
2028285,1,1,0,0,0,0,161
2028313,0,1,1,0,1,0,161
2029114,0,1,1,0,1,0,161
2029190,1,0,1,0,0,0,161
2029876,1,0,0,1,1,0,161
2030128,1,0,1,0,0,0,161
2030231,0,1,0,1,0,0,161
2030563,0,0,0,1,1,1,161
2030612,1,0,1,0,0,0,161
2030802,1,0,0,1,1,0,161
2031006,1,0,0,1,1,0,161
2031102,1,1,0,0,0,0,161
2031220,0,1,1,0,1,0,161
2031291,0,0,1,1,0,0,161
2031335,0,1,1,0,1,0,161
2031451,0,1,0,1,0,0,161
2031508,1,1,1,1,1,0,161
2031515,0,0,0,0,1,0,161
2032300,1,1,0,0,0,0,138
2032471,0,1,0,1,0,0,138
2032488,0,0,1,1,0,0,138
2032558,1,0,1,0,0,0,138
2032634,1,1,1,1,1,0,138
2032636,1,0,1,0,0,0,138
2033245,0,0,1,1,0,0,138
2033348,0,0,1,1,0,0,138
2033388,0,1,1,0,1,0,138
2033657,0,1,1,0,1,0,138
2033993,1,1,1,1,1,0,138
2034249,1,0,1,0,0,0,138
2034458,0,1,1,0,1,0,138
2034792,1,0,0,1,1,0,138
2034824,0,0,1,1,0,0,138
2035353,1,1,0,0,0,0,138
2035386,0,1,1,0,1,0,138
2035464,0,1,0,1,0,0,138
2035523,0,1,0,1,0,0,138
2035784,1,1,1,1,1,0,138
2036217,1,0,0,1,1,0,138
2036715,1,1,1,1,1,0,138
2036966,1,0,0,1,1,0,138
2037064,0,1,0,1,0,0,138
2037097,0,1,1,0,1,0,138
2037500,0,1,1,0,1,0,138
2037511,0,0,1,1,0,0,138
2038006,0,0,0,0,1,0,138
2038307,0,1,0,1,0,0,138
2038487,1,1,1,1,1,0,138
2038639,0,0,1,1,0,0,138
2038731,0,0,1,1,0,0,138
2038952,1,0,0,1,1,0,138
2038971,1,1,1,1,1,0,138
2039065,1,1,0,0,0,0,138
2039252,0,0,1,1,0,0,138
2039261,0,1,1,0,1,0,138
2040128,0,1,1,0,1,0,138
2040236,1,0,0,1,1,0,138
2040863,0,0,1,1,0,0,138
2040997,1,1,0,0,0,0,138
2041116,0,0,1,1,0,0,138
2041408,1,1,0,0,0,0,138
2041918,0,1,1,0,1,0,138
2041958,0,0,1,1,0,0,138
2042677,1,0,1,0,0,0,138
2042847,0,1,0,1,0,0,138
2042925,0,0,1,1,0,0,138
2043100,0,1,0,1,0,0,138
2043283,1,1,0,0,0,0,138
2043655,0,1,0,1,0,0,138
2043667,1,0,1,0,0,0,138
2043672,1,0,1,0,0,0,138
2043697,1,0,0,1,1,0,138
2043831,0,0,0,0,1,0,138
2043847,0,0,1,1,0,0,138
2043912,1,0,0,1,1,0,138
2044045,1,0,0,1,1,0,138
2044127,0,1,1,1,1,1,138
2044321,1,0,0,1,1,0,138
2044452,0,0,0,0,1,0,138
2044721,0,1,0,1,0,0,138
2045248,0,0,1,1,0,0,138
2045298,1,1,0,0,0,0,138
2045356,1,0,1,0,0,0,138
2045490,0,1,1,0,1,0,138
2045760,0,1,1,0,1,0,138
2045779,1,0,1,0,0,0,138
2046052,1,1,0,0,0,0,138
2046077,1,1,0,0,0,0,138
2046152,1,0,1,0,0,0,138
2046216,1,1,0,0,0,0,138
2046231,1,1,0,0,0,0,138
2046268,1,1,1,1,1,0,138
2046907,1,1,1,1,1,0,138
2047209,1,1,0,0,0,0,138
2047419,0,1,1,0,1,0,138
2047483,0,1,1,0,1,0,138
2047543,0,1,0,1,0,0,138
2047816,0,1,0,1,0,0,138
2047907,1,0,1,0,0,0,138
2048243,0,0,0,0,1,0,138
2048284,1,1,0,0,0,0,138
2048890,0,1,0,1,0,0,138
2048932,1,1,0,0,0,0,138
2049058,0,0,0,0,1,0,138
2049162,0,0,1,1,0,0,138
2049465,0,1,1,0,1,0,138
2049654,0,0,1,1,0,0,138
2049905,0,0,0,0,1,0,138
2049931,1,1,1,1,1,0,138
2049961,1,0,1,0,0,0,138
2050501,1,1,1,1,1,0,138
2050652,1,1,0,0,0,0,138
2051248,1,0,0,1,1,0,138
2051814,0,1,0,1,0,0,138
2052387,1,0,1,0,0,0,138
2052966,1,0,0,1,1,0,138
2053016,1,0,0,1,1,0,138
2053080,0,0,1,1,0,0,138
2053560,1,0,1,0,0,0,138
2054091,0,1,0,1,0,0,138
2054359,1,1,1,1,1,0,138
2054555,0,0,1,0,0,0,138
2054609,1,0,1,0,0,0,138
2054635,0,0,0,0,1,0,138
2054677,0,1,0,1,0,0,138
2055723,1,0,0,1,1,0,138
2055788,0,0,0,0,1,0,138
2055856,1,1,0,0,0,0,138
2056096,1,1,0,0,0,0,138
2056406,0,0,0,0,1,0,138
2056520,0,0,1,1,0,0,138
2056534,1,0,1,0,0,0,138
2056552,0,1,1,0,1,0,138
2056605,1,1,1,1,1,0,138
2056973,1,1,1,1,1,0,138
2057100,0,0,1,1,0,0,138
2057115,0,1,0,1,0,0,138
2057280,1,1,0,0,0,0,138
2057610,1,1,1,1,1,0,138
2058496,1,0,1,1,0,0,138
2058945,1,1,0,0,0,0,138
2059030,0,0,1,1,0,0,138
2059352,1,1,0,0,0,0,138
2059361,1,0,1,0,0,0,138
2059493,0,1,1,0,1,0,138
2060277,1,1,0,0,0,0,138
2060332,1,0,0,1,1,0,138
2060470,1,0,1,0,0,0,138
2060633,0,0,1,1,0,0,138
2060717,1,0,0,1,1,0,138
2060934,1,0,0,1,1,0,138
2060994,0,1,0,1,0,0,138
2061081,1,1,0,0,0,0,138
2061570,1,1,0,0,0,0,138
2061866,0,1,1,0,1,0,138
2062312,1,0,0,1,1,0,138
2062519,1,0,1,0,0,0,138
2062578,1,1,1,1,1,0,138
2063026,0,0,1,1,0,0,138
2063681,1,1,0,0,0,0,138
2063993,1,1,1,1,1,0,138
2064139,0,1,0,1,0,0,138
2064533,1,0,0,1,1,0,138
2064934,1,0,1,0,0,0,138
2065262,1,0,1,0,0,0,138
2065481,0,1,1,0,1,0,138
2065778,1,1,0,0,0,0,138
2065985,0,1,0,1,0,0,138
2066004,1,1,0,0,0,0,138
2066025,0,1,0,1,0,0,138
2066617,1,0,0,1,1,0,138
2066645,0,1,0,1,0,0,138
2066724,0,0,1,0,0,0,138
2066962,1,0,0,1,1,0,138
2067016,1,1,0,0,0,0,138
2067130,0,1,0,1,0,0,138
2067311,1,0,0,1,1,0,138
2067583,1,0,0,1,1,0,138
2067701,0,0,1,1,0,0,138
2067753,0,0,1,1,0,0,138
2068286,1,1,1,1,1,0,138
2068369,0,1,0,1,0,0,138
2068736,0,1,1,0,1,0,138
2068875,1,1,0,0,0,0,138
2069140,1,1,1,1,1,0,138
2069455,1,0,1,0,0,0,138
2069525,0,1,1,0,1,0,138
2069606,0,1,0,0,0,0,138
2069730,1,0,1,0,0,0,138
2071104,1,1,1,1,1,0,138
2071248,1,0,1,0,0,0,138
2071728,1,1,1,1,1,0,138
2071850,0,1,1,0,1,0,138
2071962,1,1,0,0,0,0,138
2072282,0,0,1,1,0,0,138
2072508,1,0,0,1,1,0,138
2072896,0,0,1,1,0,0,138
2073539,0,1,0,1,0,0,138
2073652,0,1,0,1,0,0,138
2073670,0,1,0,1,0,0,138
2073744,0,0,0,0,1,0,138
2073939,0,1,1,0,1,0,138
2073961,0,0,1,1,0,0,138
2074177,0,1,1,0,1,0,138
2074926,0,0,1,1,0,0,138
2075358,1,0,0,1,1,0,138
2075461,1,1,1,1,1,0,138
2075642,0,1,1,0,1,0,138
2075681,0,1,0,1,0,0,138
2075682,0,0,1,1,0,0,138
2075708,1,1,1,1,1,0,138
2076101,1,0,1,0,0,0,138
2076147,0,1,0,1,0,0,138
2076197,1,0,0,1,1,0,138
2076312,0,1,1,0,1,0,138
2076331,1,1,1,1,1,0,138
2076345,0,1,0,1,0,0,138
2076357,0,0,1,0,0,0,138
2076517,0,0,1,1,0,0,138
2076548,1,0,0,1,1,0,138
2077083,0,0,1,1,0,0,138
2077146,1,1,1,1,1,0,138
2077333,1,0,0,1,1,0,138
2077399,1,1,1,1,1,0,138
2077796,0,1,1,0,1,0,138
2078063,0,0,0,0,1,0,138
2078076,0,1,1,1,1,1,138
2078979,1,0,0,0,1,1,138
2078984,1,0,1,0,0,0,138
2079281,1,0,0,1,1,0,138
2079323,0,0,0,0,1,0,138
2079379,1,1,1,1,1,0,138
2079729,1,1,1,1,1,0,138
2079750,0,1,0,1,0,0,138
2079875,1,1,1,1,1,0,138
2080204,1,0,0,1,1,0,138
2080327,1,1,0,0,0,0,138
2080396,0,1,1,0,1,0,138
2081114,1,1,0,0,0,0,138
2082168,0,0,0,0,1,0,138
2082216,1,0,0,1,1,0,138
2082563,0,0,0,0,1,0,138
2082946,0,1,1,0,1,0,138
2083250,1,1,1,1,1,0,138
2083273,1,1,1,1,1,0,138
2083619,0,0,0,0,1,0,138
2083789,1,1,0,0,0,0,138
2083900,0,0,0,0,1,0,138
2084195,0,1,0,1,0,0,138
2084230,1,0,1,0,0,0,138
2084355,1,0,1,0,0,0,138
2085012,1,1,0,0,0,0,138
2085257,1,1,1,1,1,0,138
2085324,1,1,1,1,1,0,138
2086013,0,0,1,1,0,0,138
2086227,0,1,1,0,1,0,138
2086508,1,1,0,1,0,0,138
2086686,1,0,0,1,1,0,138
2087246,1,1,1,1,1,0,138
2087271,1,1,1,1,1,0,138
2087311,1,1,1,1,1,0,138
2087536,1,0,0,1,1,0,138
2087858,0,0,1,0,0,0,138
2088052,1,0,1,0,0,0,138
2088059,1,0,0,1,1,0,138
2088095,1,1,0,0,0,0,138
2088157,0,0,1,1,0,0,138
2088407,0,0,1,1,0,0,138
2088607,0,1,1,0,1,0,138
2088987,0,1,0,1,0,0,138
2089037,1,0,1,0,0,0,138
2089471,1,1,0,0,0,0,138
2089641,1,0,1,0,0,0,138
2089886,1,0,0,1,1,0,138
2090023,1,1,0,0,0,0,138
2090076,1,0,1,0,0,0,138
2090654,0,0,1,1,0,0,138
2090809,0,0,1,1,0,0,138
2090826,1,1,0,0,0,0,138
2091079,0,1,1,0,1,0,138
2091278,0,1,0,1,0,0,138
2091358,0,1,1,0,1,0,138
2091701,0,1,0,1,0,0,138
2091760,0,1,0,1,0,0,138
2092002,1,1,0,0,0,0,138
2092116,0,0,0,0,1,0,138
2092160,0,1,0,1,0,0,138
2092178,0,1,1,0,1,0,138
2092582,0,0,0,0,1,0,138
2092680,1,0,1,0,0,0,138
2092879,0,1,1,0,1,0,138
2092966,0,1,1,0,1,0,138
2093861,1,1,0,0,0,0,138
2093949,1,0,0,1,1,0,138
2094284,1,1,1,1,1,0,138
2094620,1,1,1,1,1,0,138
2094771,1,0,1,0,0,0,138
2094805,0,0,0,0,1,0,138
2095188,0,1,0,1,0,0,138
2095623,0,1,1,0,1,0,138
2095879,0,1,1,0,1,0,138
2096021,0,0,1,1,0,0,138
2096041,1,0,0,1,1,0,138
2096264,1,0,0,1,1,0,138
2096267,0,0,1,1,0,0,138
2096276,1,1,0,0,0,0,138
2096960,0,1,0,1,0,0,138
2097481,0,1,0,1,0,0,129
2097824,1,0,1,0,0,0,129
2097896,0,0,0,0,1,0,129
2098057,0,1,0,1,0,0,129
2098298,0,0,0,0,1,0,129
2098336,1,1,0,0,0,0,129
2098374,0,0,0,0,1,0,129
2098534,1,0,0,1,1,0,129
2099127,0,1,0,1,0,0,129
2099265,1,0,0,1,1,0,129
2099671,1,1,1,1,1,0,129
2099759,1,1,1,1,1,0,129
2099762,0,0,1,1,0,0,129
2099817,1,1,1,1,1,0,129
2100199,0,0,1,1,0,0,129
2100641,1,1,0,0,0,0,129
2100769,0,1,0,1,0,0,129
2100800,0,1,0,1,0,0,129
2101127,0,0,0,1,1,1,129
2101723,0,0,0,0,1,0,129
2101742,1,1,1,1,1,0,129
2101956,1,1,1,1,1,0,129
2102013,0,0,0,0,1,0,129
2102117,0,0,0,0,1,0,129
2102137,0,0,0,0,1,0,129
2102158,1,0,1,0,0,0,129
2102167,1,1,0,0,0,0,129
2102216,1,0,1,0,0,0,129
2102408,0,0,0,0,1,0,129
2103266,1,1,0,0,0,0,129
2103268,1,1,1,1,1,0,129
2103622,0,1,1,0,1,0,129
2103682,1,1,0,0,0,0,129
2103715,1,1,0,0,0,0,129
2104190,0,1,0,1,0,0,129
2104461,0,0,0,0,1,0,129
2104821,0,0,0,1,1,1,129
2105160,0,0,0,0,1,0,129
2105176,0,1,1,0,1,0,129
2105301,1,1,1,1,1,0,129
2105661,0,1,0,1,0,0,129
2106273,1,0,0,1,1,0,129
2107171,0,0,1,1,0,0,129
2108183,1,1,1,1,1,0,129
2108584,0,0,1,1,0,0,129
2108676,0,1,0,1,0,0,129
2109043,0,0,0,0,1,0,129
2109124,1,0,0,1,1,0,129
2109598,1,1,0,0,0,0,129
2109750,0,0,1,1,0,0,129
2110021,0,1,1,0,1,0,129
2110491,1,0,1,0,0,0,129
2110774,0,0,0,0,1,0,129
2111118,1,1,1,1,1,0,129
2111489,0,1,1,0,1,0,129
2111642,0,0,1,1,0,0,129
2111917,1,1,0,0,0,0,129
2111946,0,0,1,1,0,0,129
2112213,1,0,1,0,0,0,129
2112349,1,0,1,0,0,0,129
2112452,0,1,0,1,0,0,129
2113236,0,1,0,1,0,0,129
2113329,1,1,0,0,0,0,129
2113422,0,0,1,1,0,0,129
2113506,0,0,1,1,0,0,129
2113552,1,0,0,1,1,0,129
2113593,1,1,0,0,0,0,129
2113823,0,1,1,0,1,0,129
2114022,0,0,1,1,0,0,129
2114288,0,0,0,0,1,0,129
2114344,0,1,0,1,0,0,129
2114468,1,1,0,0,0,0,129
2114862,1,1,0,0,0,0,129
2115073,1,1,0,0,0,0,129
2115240,0,0,1,1,0,0,129
2115326,0,1,0,1,0,0,129
2115608,1,1,1,1,1,0,129
2115689,0,1,1,0,1,0,129
2116186,1,0,0,1,1,0,129
2116219,0,1,1,0,1,0,129
2116381,0,1,0,1,0,0,129
2116387,1,0,0,1,1,0,129
2116984,1,1,0,0,0,0,129
2117241,0,1,0,1,0,0,129
2117459,1,0,1,0,0,0,129
2117884,1,1,1,1,1,0,129
2117903,0,0,0,0,1,0,129
2118069,0,0,1,1,0,0,129
2118334,1,0,0,1,1,0,129
2118720,0,1,1,0,1,0,129
2118881,0,0,0,0,1,0,129
2118898,0,1,1,0,1,0,129
2119038,0,1,0,1,0,0,129
2119042,0,0,1,1,0,0,129
2119077,1,0,1,0,0,0,129
2119134,0,0,0,0,1,0,129
2119239,1,1,0,0,0,0,129
2119355,0,0,0,0,1,0,129
2119688,0,1,0,1,0,0,129
2120087,1,1,1,1,1,0,129
2120297,0,0,0,0,1,0,129
2120378,1,1,1,1,1,0,129
2120461,0,0,0,0,1,0,129
2120499,1,0,1,0,0,0,129
2120647,1,0,0,1,1,0,129
2120881,0,1,0,1,0,0,129
2121057,1,1,0,0,0,0,129
2121668,1,0,0,1,1,0,129
2121881,1,1,1,1,1,0,129
2121896,1,1,0,0,0,0,129
2122312,1,0,1,0,0,0,129
2122615,1,0,1,0,0,0,129
2123666,1,0,1,0,0,0,129
2123688,0,1,1,0,1,0,129
2123766,1,0,1,0,0,0,129
2124387,1,0,1,0,0,0,129
2124398,1,0,0,1,1,0,129
2124407,1,0,0,1,1,0,129
2125062,1,1,1,1,1,0,129
2125304,0,0,0,0,1,0,129
2125430,0,1,1,0,1,0,129
2125564,1,1,0,0,0,0,129
2125904,1,1,1,1,1,0,129
2126193,1,1,0,0,0,0,129
2126505,0,0,0,0,1,0,129
2126722,1,0,1,0,0,0,129
2126796,1,1,1,1,1,0,129
2127010,0,1,1,0,1,0,129
2127062,0,1,1,0,1,0,129
2127180,0,1,0,1,0,0,129
2127220,1,1,1,1,1,0,129
2127346,0,0,0,0,1,0,129
2127364,0,1,1,0,1,0,129
2127466,1,0,1,0,0,0,129
2128428,0,0,1,1,0,0,129
2128774,0,1,1,0,1,0,129
2128821,1,0,0,1,1,0,129
2129185,0,1,0,1,0,0,129
2129812,1,1,1,1,1,0,129
2129832,1,1,1,1,1,0,129
2129992,1,1,1,1,1,0,129
2130346,1,1,0,0,0,0,129
2130439,1,1,1,1,1,0,129
2130755,1,1,0,0,0,0,129
2130852,0,0,0,0,1,0,129
2131256,0,0,1,1,0,0,129
2132095,1,1,1,1,1,0,129
2132333,0,0,1,1,0,0,129
2132592,0,1,1,0,1,0,129
2132637,1,1,0,0,0,0,129
2132797,0,0,1,0,0,0,129
2132813,1,1,0,0,0,0,129
2133215,1,0,0,1,1,0,129
2133389,0,1,1,0,1,0,129
2133487,0,1,1,1,1,1,129
2133631,0,0,0,0,1,0,129
2133724,0,0,1,1,0,0,129
2133798,0,0,0,0,1,0,129
2133950,0,0,0,0,1,0,129
2134202,1,1,0,0,0,0,129
2134267,1,0,1,0,0,0,129
2134471,1,0,1,0,0,0,129
2134633,1,0,0,1,1,0,129
2134642,1,1,0,0,0,0,129
2135238,1,0,0,1,1,0,129
2135748,0,1,1,0,1,0,129
2135817,1,1,1,1,1,0,129
2135845,1,0,1,0,0,0,129
2136380,0,0,0,0,1,0,129
2136384,0,0,0,0,1,0,129
2136560,0,1,1,0,1,0,129
2136671,1,1,1,1,1,0,129
2136687,1,0,0,1,1,0,129
2136725,0,1,1,0,1,0,129
2137035,1,1,1,1,1,0,129
2137089,0,1,0,1,0,0,129
2137243,1,0,1,1,0,0,129
2137687,1,1,1,1,1,0,129
2137732,1,1,1,1,1,0,129
2137751,1,0,0,1,1,0,129
2137942,1,0,0,1,1,0,129
2137984,0,0,1,0,0,0,129
2138208,1,0,0,1,1,0,129
2138771,1,0,0,1,1,0,129
2139396,1,0,0,1,1,0,129
2139432,0,1,1,0,1,0,129
2139638,1,1,0,0,0,0,129
2139820,0,1,1,0,1,0,129
2140095,1,1,0,0,0,0,129
2140769,1,0,1,0,0,0,129
2141340,1,0,0,1,1,0,129
2141741,0,0,0,0,1,0,129
2141822,0,1,0,1,0,0,129
2142475,0,1,1,0,1,0,129
2142786,1,1,0,1,0,0,129
2142920,1,1,0,0,0,0,129
2143186,0,0,1,1,0,0,129
2143267,0,0,1,1,0,0,129
2143379,0,1,0,1,0,0,129
2143501,1,0,0,1,1,0,129
2143568,0,0,1,1,0,0,129
2143660,0,1,0,1,0,0,129
2143903,0,0,0,0,1,0,129
2144100,0,1,1,0,1,0,129
2144918,0,0,0,0,1,0,129
2145327,0,1,0,1,0,0,129
2145386,0,0,1,1,0,0,129
2145421,1,0,1,0,0,0,129
2145454,1,1,0,0,0,0,129
2145469,0,1,1,0,1,0,129
2145533,0,1,1,0,1,0,129
2145619,1,0,1,0,0,0,129
2145695,1,0,0,1,1,0,129
2145729,1,0,1,0,0,0,129
2145987,0,1,0,1,0,0,129
2146066,0,1,0,0,0,0,129
2146127,0,1,0,0,0,0,129
2146157,0,1,0,1,0,0,129
2146228,1,1,0,0,0,0,129
2146254,0,1,1,0,1,0,129
2146395,1,0,1,0,0,0,129
2146435,1,0,0,1,1,0,129
2146472,0,0,0,0,1,0,129
2146932,0,1,1,0,1,0,129
2146970,1,0,0,1,1,0,129
2146972,0,0,0,0,1,0,129
2146996,0,1,1,0,1,0,129
2147267,1,1,1,1,1,0,129
2147445,1,0,0,1,1,0,129
2147612,1,1,0,0,0,0,129
2147902,0,0,0,0,1,0,129
2147932,0,0,0,0,1,0,129
2147954,0,0,0,0,1,0,129
2148022,1,0,1,1,0,0,129
2148039,1,1,0,0,0,0,129
2148257,0,1,1,0,1,0,129
2148262,0,1,1,1,1,1,129
2148704,1,1,0,0,0,0,129
2148916,1,0,0,1,1,0,129
2149207,0,1,0,1,0,0,129
2149359,1,0,1,0,0,0,129
2150015,1,0,0,1,1,0,129
2150632,1,1,0,0,0,0,129
2151300,1,0,1,0,0,0,129
2151497,0,1,0,1,0,0,129
2152143,1,1,1,1,1,0,129
2152220,1,0,0,1,1,0,129
2152371,0,1,0,1,0,0,129
2152946,0,1,0,1,0,0,129
2153428,0,1,1,0,1,0,129
2153645,1,0,0,1,1,0,129
2153833,1,0,0,1,1,0,129
2153878,0,1,1,0,1,0,129
2153904,1,0,0,1,1,0,129
2154031,0,0,0,0,1,0,129
2154117,0,0,0,0,1,0,129
2154747,1,0,1,0,0,0,129
2154755,0,0,1,1,0,0,129
2154937,1,0,0,1,1,0,129
2155442,0,1,1,0,1,0,129
2155714,0,1,0,1,0,0,129
2156042,1,0,0,1,1,0,129
2156103,1,1,0,0,0,0,129
2156860,0,0,1,1,0,0,129
2156908,0,0,1,1,0,0,129
2156991,1,0,1,0,0,0,129
2157051,0,0,1,1,0,0,129
2157352,1,1,1,1,1,0,129
2157669,0,1,0,1,0,0,129
2157685,0,0,0,0,1,0,129
2158186,1,0,0,1,1,0,129
2158900,1,0,1,0,0,0,129
2160840,1,0,1,0,0,0,129
2160968,1,0,1,0,0,0,129
2161014,0,0,1,1,0,0,129
2161125,0,1,1,0,1,0,129
2161139,0,1,1,0,1,0,129
2161269,0,1,1,0,1,0,129
2161285,1,1,1,1,1,0,129
2161320,0,1,0,1,0,0,129
2161395,0,0,1,1,0,0,129
2161572,0,0,1,1,0,0,129
2161696,1,1,0,0,0,0,129
2162238,1,0,0,1,1,0,129
2162429,0,1,1,0,1,0,129
2162948,0,0,0,0,1,0,149
2163076,0,1,0,1,0,0,149
2163239,1,1,1,1,1,0,149
2163385,1,1,0,0,0,0,149
2163681,0,1,1,0,1,0,149
2163707,0,0,1,1,0,0,149
2163775,1,1,1,1,1,0,149
2164008,0,0,0,0,1,0,149
2164047,1,1,1,1,1,0,149
2164151,0,0,1,1,0,0,149
2164692,1,1,0,0,0,0,149
2164915,1,0,0,1,1,0,149
2165144,1,0,0,1,1,0,149
2165166,1,1,0,0,0,0,149
2165289,1,0,1,0,0,0,149
2165375,0,1,1,0,1,0,149
2165435,0,0,0,0,1,0,149
2165599,0,1,1,0,1,0,149
2165827,0,1,0,1,0,0,149
2165993,0,0,0,0,1,0,149
2166129,1,1,0,1,0,0,149
2166486,0,0,1,1,0,0,149
2166617,1,0,0,1,1,0,149
2166780,0,0,1,1,0,0,149
2167033,1,0,0,1,1,0,149
2167348,1,0,0,1,1,0,149
2167592,0,1,0,1,0,0,149
2168313,0,0,1,1,0,0,149
2168342,1,1,1,1,1,0,149
2168444,1,1,1,1,1,0,149
2168463,1,1,0,0,0,0,149
2168471,1,1,0,0,0,0,149
2168478,0,1,0,1,0,0,149
2168488,1,1,0,0,0,0,149
2168625,0,0,1,1,0,0,149
2169748,0,0,0,0,1,0,149
2169750,1,1,0,0,0,0,149
2169956,1,0,0,1,1,0,149
2170250,1,1,0,0,0,0,149
2170445,0,0,0,0,1,0,149
2170713,0,0,0,0,1,0,149
2170808,0,1,1,0,1,0,149
2170943,1,0,1,0,0,0,149
2170951,0,1,0,1,0,0,149
2171518,0,1,0,1,0,0,149
2171590,0,0,1,1,0,0,149
2171868,0,1,1,0,1,0,149
2172421,1,0,1,0,0,0,149
2172546,0,1,1,0,1,0,149
2172651,0,1,0,1,0,0,149
2172783,1,1,0,1,0,0,149
2173096,0,0,1,1,0,0,149
2173237,1,0,0,1,1,0,149
2173582,0,0,1,1,0,0,149
2173902,1,1,0,0,0,0,149
2174074,1,0,1,0,0,0,149
2174978,0,1,0,1,0,0,149
2175160,1,0,0,1,1,0,149
2175175,1,0,0,1,1,0,149
2175268,0,1,0,1,0,0,149
2175534,1,0,0,1,1,0,149
2176214,1,0,0,1,1,0,149
2176347,1,1,0,0,0,0,149
2176590,0,0,0,0,1,0,149
2176867,1,0,0,1,1,0,149
2176958,1,0,0,1,1,0,149
2177071,0,1,0,1,0,0,149
2177908,1,0,0,1,1,0,149
2178115,1,1,0,0,0,0,149
2178449,0,1,0,1,0,0,149
2178700,1,1,1,0,1,1,149
2178810,1,0,1,0,0,0,149
2179320,1,0,1,0,0,0,149
2179338,1,0,1,0,0,0,149
2179617,1,0,0,1,1,0,149
2179671,1,1,0,0,0,0,149
2179673,1,0,1,0,0,0,149
2179941,0,1,1,0,1,0,149
2180033,0,1,0,1,0,0,149
2180212,1,0,0,1,1,0,149
2180244,1,1,0,0,0,0,149
2181139,0,1,1,0,1,0,149
2181182,0,1,0,1,0,0,149
2181354,0,0,1,1,0,0,149
2181520,0,0,1,1,0,0,149
2181923,0,1,1,0,1,0,149
2181932,0,1,0,1,0,0,149
2182644,0,0,1,1,0,0,149
2182667,0,0,0,0,1,0,149
2183480,0,0,1,1,0,0,149
2183766,1,0,1,0,0,0,149
2183899,1,0,0,1,1,0,149
2184223,0,1,1,0,1,0,149
2184378,1,0,0,1,1,0,149
2184869,1,0,1,0,0,0,149
2184875,0,0,0,0,1,0,149
2185335,1,1,0,0,0,0,149
2185381,1,1,1,1,1,0,149
2185740,0,1,0,1,0,0,149
2185775,1,0,0,1,1,0,149
2185885,1,0,1,0,0,0,149
2186432,0,0,0,0,1,0,149
2186483,1,1,1,1,1,0,149
2186845,0,1,0,1,0,0,149
2187234,1,0,0,1,1,0,149
2187236,0,1,1,0,1,0,149
2187275,1,0,0,1,1,0,149
2187524,1,1,0,0,0,0,149
2187599,1,1,0,0,0,0,149
2187770,0,0,0,0,1,0,149
2187857,0,1,1,0,1,0,149
2188033,0,1,1,0,1,0,149
2188054,1,0,0,1,1,0,149
2188080,0,0,0,0,1,0,149
2188892,1,1,0,0,0,0,149
2189045,0,0,0,0,1,0,149
2189341,0,0,0,0,1,0,149
2189381,1,1,0,0,0,0,149
2189521,1,0,0,0,1,1,149
2189636,1,1,0,0,0,0,149
2189746,0,1,1,0,1,0,149
2190080,0,0,1,1,0,0,149
2190230,0,0,1,1,0,0,149
2190515,0,1,0,1,0,0,149
2190534,1,1,0,0,0,0,149
2190661,1,1,1,1,1,0,149
2190995,0,1,1,0,1,0,149
2191016,0,1,1,1,1,1,149
2191239,1,1,0,0,0,0,149
2191407,1,1,1,1,1,0,149
2191701,0,1,0,1,0,0,149
2191902,0,0,1,1,0,0,149
2191940,1,1,1,1,1,0,149
2192253,1,0,1,0,0,0,149
2192554,1,0,0,1,1,0,149
2193279,1,1,0,0,0,0,149
2193292,0,1,0,1,0,0,149
2193395,1,0,1,0,0,0,149
2193412,0,0,0,0,1,0,149
2193479,1,0,1,0,0,0,149
2193715,0,1,0,1,0,0,149
2193803,0,1,1,0,1,0,149
2193905,0,0,0,0,1,0,149
2194276,1,1,1,1,1,0,149
2194397,1,1,1,1,1,0,149
2194466,0,0,0,0,1,0,149
2194518,0,1,0,1,0,0,149
2194598,1,1,1,1,1,0,149
2194687,0,0,0,0,1,0,149
2194722,0,0,0,0,1,0,149
2194943,1,0,0,1,1,0,149
2194981,0,0,1,1,0,0,149
2195199,1,0,1,0,0,0,149
2195213,0,0,0,0,1,0,149
2195485,1,1,1,1,1,0,149
2195725,1,1,1,1,1,0,149
2195778,0,0,1,1,0,0,149
2195830,0,0,0,0,1,0,149
2196095,1,1,0,0,0,0,149
2196995,0,1,0,1,0,0,149
2197182,0,1,1,0,1,0,149
2197223,0,0,0,0,1,0,149
2197290,1,1,1,1,1,0,149
2197776,0,0,0,0,1,0,149
2197852,1,1,0,0,0,0,149
2197913,0,1,1,0,1,0,149
2197966,1,0,1,0,0,0,149
2198162,0,1,0,1,0,0,149
2198186,1,1,1,1,1,0,149
2198266,0,0,1,1,0,0,149
2198354,0,0,1,1,0,0,149
2198371,0,0,0,0,1,0,149
2199277,0,0,1,1,0,0,149
2199403,0,0,0,0,1,0,149
2199594,0,0,0,0,1,0,149
2199824,1,0,0,1,1,0,149
2200943,1,0,1,0,0,0,149
2200957,0,1,1,0,1,0,149
2201102,0,1,0,1,0,0,149
2201142,0,0,0,0,1,0,149
2201281,0,0,0,0,1,0,149
2202212,0,1,1,0,1,0,149
2202280,1,0,0,1,1,0,149
2202334,1,0,1,0,0,0,149
2202552,0,1,1,0,1,0,149
2202691,1,0,1,0,0,0,149
2203085,1,0,1,1,0,0,149
2203170,0,0,0,0,1,0,149
2203220,1,1,1,1,1,0,149
2203267,0,0,0,0,1,0,149
2203537,1,0,0,1,1,0,149
2203599,0,1,0,1,0,0,149
2203994,1,0,0,1,1,0,149
2204168,0,1,1,0,1,0,149
2204585,0,0,1,1,0,0,149
2204787,0,1,1,1,1,1,149
2204994,0,1,0,1,0,0,149
2205069,0,1,1,0,1,0,149
2205339,0,1,0,1,0,0,149
2205371,0,0,0,0,1,0,149
2205434,1,1,1,1,1,0,149
2205621,1,0,0,1,1,0,149
2205826,1,1,0,0,0,0,149
2205958,1,0,0,1,1,0,149
2206072,0,0,0,0,1,0,149
2206180,0,0,1,1,0,0,149
2206221,1,1,1,1,1,0,149
2206320,0,1,1,0,1,0,149
2206513,0,1,0,1,0,0,149
2206611,1,1,1,1,1,0,149
2206616,0,1,0,1,0,0,149
2206653,0,1,0,1,0,0,149
2207178,1,0,0,0,1,1,149
2207283,0,0,0,0,1,0,149
2207585,0,0,0,0,1,0,149
2207695,0,1,0,1,0,0,149
2207749,1,0,0,1,1,0,149
2207845,0,0,1,1,0,0,149
2207928,0,0,1,1,0,0,149
2208110,1,0,1,0,0,0,149
2208329,0,1,1,0,1,0,149
2209823,0,1,0,1,0,0,149
2209860,1,1,1,1,1,0,149
2210283,0,0,1,1,0,0,149
2210432,1,1,1,1,1,0,149
2210645,1,1,1,1,1,0,149
2210973,1,0,1,0,0,0,149
2211111,0,0,1,1,0,0,149
2211649,1,0,0,1,1,0,149
2211834,0,0,0,0,1,0,149
2211978,0,1,0,1,0,0,149
2212030,0,0,1,1,0,0,149
2212378,0,1,0,1,0,0,149
2212925,1,1,0,0,0,0,149
2213017,0,0,0,0,1,0,149
2213092,0,0,1,1,0,0,149
2213206,0,1,1,0,1,0,149
2213661,0,1,0,1,0,0,149
2213857,1,0,1,0,0,0,149
2213871,0,1,1,0,1,0,149
2213920,1,1,0,0,0,0,149
2214006,0,1,0,1,0,0,149
2214304,0,0,1,1,0,0,149
2215445,1,0,1,0,0,0,149
2215899,1,1,1,1,1,0,149
2216223,1,0,1,0,0,0,149
2216290,0,0,1,1,0,0,149
2216332,0,1,0,1,0,0,149
2216967,1,0,0,1,1,0,149
2217185,1,1,1,1,1,0,149
2218180,0,1,0,1,0,0,149
2218279,0,1,0,1,0,0,149
2218496,0,0,0,0,1,0,149
2218506,1,0,1,0,0,0,149
2219443,1,0,1,0,0,0,149
2219603,1,0,1,0,0,0,149
2219607,0,1,0,1,0,0,149
2219635,0,0,1,1,0,0,149
2220645,1,0,0,1,1,0,149
2220728,0,1,0,1,0,0,149
2220892,0,0,1,1,0,0,149
2221253,0,0,0,0,1,0,149
2221372,0,0,1,1,0,0,149
2221469,0,0,0,0,1,0,149
2221647,0,1,0,1,0,0,149
2221784,0,1,1,0,1,0,149
2221810,0,0,0,0,1,0,149
2221864,0,0,0,0,1,0,149
2222101,0,0,0,0,1,0,149
2222247,1,1,1,1,1,0,149
2222267,0,0,1,1,0,0,149
2222613,0,1,1,0,1,0,149
2222971,1,1,1,1,1,0,149
2223212,1,1,1,1,1,0,149
2223381,1,1,0,0,0,0,149
2223542,0,1,1,0,1,0,149
2223729,1,0,1,0,0,0,149
2223789,1,1,1,1,1,0,149
2223997,0,0,0,0,1,0,149
2224011,1,1,1,1,1,0,149
2224557,1,1,0,0,0,0,149
2225147,1,0,0,1,1,0,149
2225180,0,0,0,0,1,0,149
2225381,1,1,1,1,1,0,149
2225501,1,0,0,1,1,0,149
2225840,0,1,1,0,1,0,149
2226063,0,0,1,0,0,0,149
2226546,1,0,1,0,0,0,149
2227320,1,0,1,0,0,0,149
2227405,0,1,1,0,1,0,149
2227522,1,1,0,0,0,0,149
2227596,1,1,0,0,0,0,149
2227656,0,1,0,1,0,0,149
2228459,1,0,1,0,0,0,113
2228552,1,0,0,1,1,0,113
2228648,0,1,1,0,1,0,113
2228707,0,1,1,0,1,0,113
2228944,0,0,0,0,1,0,113
2228976,0,1,1,0,1,0,113
2229127,1,0,1,0,0,0,113
2229192,0,1,1,0,1,0,113
2229304,1,0,0,1,1,0,113
2229900,1,0,1,0,0,0,113
2230090,0,1,0,1,0,0,113
2230214,1,0,0,1,1,0,113
2230779,0,0,1,1,0,0,113
2230980,0,0,0,0,1,0,113
2231053,1,0,1,0,0,0,113
2231386,0,0,0,0,1,0,113
2232454,0,1,1,0,1,0,113
2232472,0,1,1,0,1,0,113
2233765,1,0,1,0,0,0,113
2233861,0,0,1,1,0,0,113
2234560,1,1,0,0,0,0,113
2234577,1,0,1,0,0,0,113
2234726,1,1,0,0,0,0,113
2234896,0,0,1,1,0,0,113
2235432,0,0,0,0,1,0,113
2235550,0,0,0,0,1,0,113
2235607,1,1,0,0,0,0,113
2235757,0,0,1,1,0,0,113
2236024,0,0,1,1,0,0,113
2237066,0,0,1,1,0,0,113
2237165,1,1,0,0,0,0,113
2237201,1,0,0,1,1,0,113
2237538,1,0,1,0,0,0,113
2237543,0,1,0,1,0,0,113
2237824,0,1,1,0,1,0,113
2237886,1,1,1,1,1,0,113
2238306,0,0,1,1,0,0,113
2238348,1,1,0,0,0,0,113
2238364,0,0,0,0,1,0,113
2238950,1,0,1,0,0,0,113
2239039,1,0,0,1,1,0,113
2239710,0,0,1,1,0,0,113
2239712,1,1,1,1,1,0,113
2240195,0,1,1,0,1,0,113
2240241,0,1,0,1,0,0,113
2241038,1,1,1,1,1,0,113
2241454,1,0,0,1,1,0,113
2242167,1,0,1,1,0,0,113
2242186,0,1,1,0,1,0,113
2242233,0,0,1,1,0,0,113
2242399,0,0,0,0,1,0,113
2242413,1,0,0,1,1,0,113
2242581,0,1,1,0,1,0,113
2243377,0,1,0,1,0,0,113
2243505,1,0,0,1,1,0,113
2244059,0,1,0,1,0,0,113
2244425,0,0,0,0,1,0,113
2244531,1,1,0,0,0,0,113
2244535,0,1,1,0,1,0,113
2245375,0,1,0,1,0,0,113
2245473,1,0,0,1,1,0,113
2245685,0,0,0,0,1,0,113
2245737,1,0,0,1,1,0,113
2245837,1,0,0,1,1,0,113
2245847,0,0,0,0,1,0,113
2246567,1,1,1,1,1,0,113
2247101,0,1,1,0,1,0,113
2247466,0,1,1,0,1,0,113
2248162,1,0,0,1,1,0,113
2248773,1,0,1,0,0,0,113
2249084,1,0,0,1,1,0,113
2249217,1,0,0,1,1,0,113
2249556,0,1,0,1,0,0,113
2250090,0,0,1,1,0,0,113
2250497,1,1,1,1,1,0,113
2250985,0,0,0,0,1,0,113
2251036,0,0,1,1,0,0,113
2251193,0,1,1,0,1,0,113
2252134,0,1,1,0,1,0,113
2252738,1,1,0,0,0,0,113
2253048,1,0,1,0,0,0,113
2253970,1,1,1,1,1,0,113
2254181,0,0,1,1,0,0,113
2254318,0,0,1,1,0,0,113
2254390,1,1,0,0,0,0,113
2254494,1,0,1,0,0,0,113
2254739,0,0,0,0,1,0,113
2255352,0,0,1,1,0,0,113
2255522,1,1,1,1,1,0,113
2255626,0,1,1,0,1,0,113
2255641,1,0,1,0,0,0,113
2255850,0,0,0,0,1,0,113
2255969,0,0,1,1,0,0,113
2256075,0,0,0,0,1,0,113
2256350,1,0,0,1,1,0,113
2256945,0,1,0,1,0,0,113
2257173,1,1,1,1,1,0,113
2257560,1,0,0,1,1,0,113
2257907,0,0,0,0,1,0,113
2259340,1,0,1,0,0,0,113
2259883,0,1,1,0,1,0,113
2259926,0,1,1,0,1,0,113
2259969,1,0,0,1,1,0,113
2260382,1,0,0,1,1,0,113
2260579,1,1,0,0,0,0,113
2260686,1,1,0,0,0,0,113
2260832,1,1,1,1,1,0,113
2260980,1,0,1,1,0,0,113
2261274,0,1,0,1,0,0,113
2261368,0,1,0,1,0,0,113
2261579,0,1,0,1,0,0,113
2261926,0,0,1,1,0,0,113
2261998,0,1,1,0,1,0,113
2262174,1,0,1,0,0,0,113
2262281,0,0,0,0,1,0,113
2262890,1,1,0,0,0,0,113
2263236,1,0,0,1,1,0,113
2263336,0,0,0,0,1,0,113
2263848,1,1,1,1,1,0,113
2264033,0,0,0,0,1,0,113
2264124,1,1,1,1,1,0,113
2264274,0,1,1,0,1,0,113
2264988,1,1,1,1,1,0,113
2265404,0,0,0,0,1,0,113
2266192,0,0,0,0,1,0,113
2266333,0,1,1,0,1,0,113
2266384,1,0,0,1,1,0,113
2266434,1,1,0,0,0,0,113
2266886,0,1,0,1,0,0,113
2267005,1,1,0,0,0,0,113
2267900,1,1,0,0,0,0,113
2268269,0,0,1,1,0,0,113
2268404,1,1,1,0,1,1,113
2268592,0,1,1,0,1,0,113
2269352,0,0,1,1,0,0,113
2269420,0,1,1,0,1,0,113
2269429,1,0,0,1,1,0,113
2269821,0,1,1,0,1,0,113
2270075,0,1,0,1,0,0,113
2270112,0,1,1,1,1,1,113
2270442,1,0,0,1,1,0,113
2271167,0,0,0,0,1,0,113
2271258,0,1,0,1,0,0,113
2272141,0,0,0,0,1,0,113
2272183,1,1,1,1,1,0,113
2272227,0,1,1,0,1,0,113
2272507,1,1,0,0,0,0,113
2272526,0,0,1,1,0,0,113
2272599,1,0,1,0,0,0,113
2272803,1,1,1,1,1,0,113
2272894,1,0,0,1,1,0,113
2273182,0,1,0,1,0,0,113
2273233,1,0,0,0,1,1,113
2274006,0,0,0,0,1,0,113
2275234,0,1,1,0,1,0,113
2275281,1,0,1,0,0,0,113
2275308,0,1,1,0,1,0,113
2276235,1,0,1,0,0,0,113
2276313,0,0,1,1,0,0,113
2276402,0,1,1,0,1,0,113
2276866,0,1,0,1,0,0,113
2276926,0,1,1,0,1,0,113
2277034,1,0,1,0,0,0,113
2277412,1,1,0,0,0,0,113
2277419,1,0,0,1,1,0,113
2277815,1,1,1,1,1,0,113
2278060,1,1,0,0,0,0,113
2279792,0,1,1,0,1,0,113
2280921,0,1,1,0,1,0,113
2281028,0,0,0,0,1,0,113
2281213,1,1,0,0,0,0,113
2281290,0,0,0,0,1,0,113
2281558,1,1,1,1,1,0,113
2281834,1,0,0,1,1,0,113
2282331,1,1,0,0,0,0,113
2282424,1,0,1,0,0,0,113
2282587,0,1,1,0,1,0,113
2283218,0,0,0,0,1,0,113
2283444,0,0,0,0,1,0,113
2283672,1,1,0,1,0,0,113
2283703,0,1,1,0,1,0,113
2283709,0,1,1,0,1,0,113
2284053,1,0,1,0,0,0,113
2284374,0,0,0,1,1,1,113
2284587,0,0,0,0,1,0,113
2284619,1,1,0,0,0,0,113
2284717,1,0,0,1,1,0,113
2284808,1,0,1,0,0,0,113
2284976,1,0,1,1,0,0,113
2285030,0,1,0,1,0,0,113
2285989,1,1,0,0,0,0,113
2286044,0,1,1,0,1,0,113
2286119,1,1,1,0,1,1,113
2286163,0,1,1,0,1,0,113
2286744,1,0,0,1,1,0,113
2286895,0,1,0,1,0,0,113
2286953,1,0,0,1,1,0,113
2287374,0,0,0,0,1,0,113
2287492,0,0,1,1,0,0,113
2287613,1,1,0,0,0,0,113
2287728,0,1,1,0,1,0,113
2287809,0,1,0,1,0,0,113
2287870,1,1,0,0,0,0,113
2287967,0,0,0,0,1,0,113
2288043,1,0,1,0,0,0,113
2288167,1,1,0,0,0,0,113
2288601,1,1,0,0,0,0,113
2288654,1,1,0,0,0,0,113
2289063,1,1,1,1,1,0,113
2289269,1,0,1,0,0,0,113
2289662,0,0,1,1,0,0,113
2289700,0,0,0,0,1,0,113
2289797,1,1,1,1,1,0,113
2290283,1,0,1,1,0,0,113
2291036,0,0,0,0,1,0,113
2291158,1,0,1,0,0,0,113
2291560,1,1,0,0,0,0,113
2291643,0,0,0,0,1,0,113
2291788,1,0,0,1,1,0,113
2292646,0,0,1,1,0,0,113
2293119,0,1,0,1,0,0,113
2293348,0,1,0,1,0,0,113
2293359,0,0,1,1,0,0,113
2293482,0,0,1,1,0,0,113
2293715,1,0,0,1,1,0,113
2293779,1,0,1,0,0,0,105
2294212,1,1,1,1,1,0,105
2294811,0,1,1,0,1,0,105
2295013,1,1,0,0,0,0,105
2295116,1,1,1,1,1,0,105
2295274,1,1,1,1,1,0,105
2295635,0,1,0,1,0,0,105
2295694,1,1,0,0,0,0,105
2296008,0,1,0,1,0,0,105
2296360,0,1,1,1,1,1,105
2297285,1,0,0,1,1,0,105
2297676,1,0,0,1,1,0,105
2297995,0,0,1,1,0,0,105
2298790,1,0,0,1,1,0,105
2299465,1,0,0,1,1,0,105
2299534,1,1,0,0,0,0,105
2299647,0,0,1,1,0,0,105
2299666,0,0,0,0,1,0,105
2300187,1,1,0,0,0,0,105
2300211,1,0,1,0,0,0,105
2300905,1,1,1,1,1,0,105
2301232,1,0,1,0,0,0,105
2301745,0,0,1,1,0,0,105
2302412,0,1,0,1,0,0,105
2303114,1,0,0,1,1,0,105
2303165,1,0,0,1,1,0,105
2303309,0,0,0,0,1,0,105
2303313,1,1,1,1,1,0,105
2303652,0,1,1,0,1,0,105
2304413,0,0,1,1,0,0,105
2304701,1,0,1,0,0,0,105
2305495,1,0,0,1,1,0,105
2305698,0,1,1,0,1,0,105
2306579,1,1,0,0,0,0,105
2306595,1,1,0,0,0,0,105
2306787,0,1,0,1,0,0,105
2308295,0,1,1,0,1,0,105
2308924,0,1,0,1,0,0,105
2309484,0,0,0,0,1,0,105
2309539,1,0,1,0,0,0,105
2309544,0,1,1,0,1,0,105
2309657,1,0,0,1,1,0,105
2310030,0,1,1,0,1,0,105
2310036,0,0,1,1,0,0,105
2310153,1,1,0,0,0,0,105
2310185,1,0,0,1,1,0,105
2310186,0,1,0,1,0,0,105
2310423,0,0,0,0,1,0,105
2310563,1,1,1,1,1,0,105
2310573,0,0,1,1,0,0,105
2310586,1,1,0,0,0,0,105
2310681,1,1,1,1,1,0,105
2310877,0,1,0,1,0,0,105
2310939,1,0,0,1,1,0,105
2311071,0,0,0,0,1,0,105
2311114,1,1,0,0,0,0,105
2311360,1,1,1,1,1,0,105
2311509,1,0,1,0,0,0,105
2311927,0,0,0,0,1,0,105
2312902,0,0,0,0,1,0,105
2313150,0,1,1,0,1,0,105
2313305,0,1,0,1,0,0,105
2313399,0,0,0,0,1,0,105
2313500,0,1,0,1,0,0,105
2313586,1,0,1,0,0,0,105
2314209,1,1,0,0,0,0,105
2314361,0,0,1,1,0,0,105
2314611,0,1,0,1,0,0,105
2314742,1,0,0,1,1,0,105
2314895,1,1,0,0,0,0,105
2315046,0,0,1,1,0,0,105
2315532,0,0,1,1,0,0,105
2315818,1,0,1,0,0,0,105
2315885,0,1,1,0,1,0,105
2316140,1,0,1,0,0,0,105
2316440,0,0,1,1,0,0,105
2317007,0,0,1,1,0,0,105
2317520,0,0,1,1,0,0,105
2317803,1,1,0,0,0,0,105
2318170,1,1,0,1,0,0,105
2318241,1,1,0,0,0,0,105
2318529,1,1,1,1,1,0,105
2318674,0,1,1,0,1,0,105
2319140,1,0,0,1,1,0,105
2319193,0,0,0,0,1,0,105
2319734,0,1,0,1,0,0,105
2319751,1,0,0,1,1,0,105
2320607,1,0,1,0,0,0,105
2320832,0,1,1,0,1,0,105
2320898,1,1,1,1,1,0,105
2320985,1,1,0,0,0,0,105
2321140,1,0,0,1,1,0,105
2321462,1,0,0,0,1,1,105
2321556,1,0,1,0,0,0,105
2322020,0,0,1,1,0,0,105
2322135,1,1,0,0,0,0,105
2322441,0,0,1,1,0,0,105
2322490,0,1,1,0,1,0,105
2322544,1,1,1,1,1,0,105
2322679,1,1,0,0,0,0,105
2323057,1,1,0,0,0,0,105
2323413,1,1,0,0,0,0,105
2323414,1,1,1,1,1,0,105
2324532,1,0,1,0,0,0,105
2324657,1,0,1,0,0,0,105
2324921,1,0,0,1,1,0,105
2325316,0,0,1,1,0,0,105
2325376,1,1,1,1,1,0,105
2326062,0,1,1,0,1,0,105
2326687,0,1,1,0,1,0,105
2326745,0,0,1,1,0,0,105
2327529,0,1,1,0,1,0,105
2327778,1,0,0,1,1,0,105
2327911,0,0,0,0,1,0,105
2328081,0,0,1,1,0,0,105
2328400,1,0,1,0,0,0,105
2328507,1,1,1,1,1,0,105
2328937,0,1,0,0,0,0,105
2329082,0,0,1,1,0,0,105
2329938,1,1,1,1,1,0,105
2329998,0,0,0,0,1,0,105
2330253,0,0,1,0,0,0,105
2330487,0,0,1,1,0,0,105
2330700,0,1,0,1,0,0,105
2330914,0,0,0,0,1,0,105
2331270,0,0,0,0,1,0,105
2331868,1,1,0,0,0,0,105
2331988,1,1,1,1,1,0,105
2332048,1,0,1,0,0,0,105
2332323,0,1,0,1,0,0,105
2332356,0,0,1,1,0,0,105
2332626,0,1,0,1,0,0,105
2332688,0,0,1,1,0,0,105
2332753,0,0,0,0,1,0,105
2333214,1,0,0,1,1,0,105
2333356,0,1,1,0,1,0,105
2333370,0,0,1,1,0,0,105
2333562,1,1,1,1,1,0,105
2333734,0,0,1,1,0,0,105
2333865,1,1,1,1,1,0,105
2334003,1,1,1,1,1,0,105
2334447,0,1,0,1,0,0,105
2334880,1,0,0,1,1,0,105
2335482,0,1,0,1,0,0,105
2335521,0,0,1,1,0,0,105
2335919,1,1,0,0,0,0,105
2335964,1,1,1,1,1,0,105
2336033,0,1,1,0,1,0,105
2336490,1,1,0,0,0,0,105
2336810,0,0,0,0,1,0,105
2337369,1,1,1,1,1,0,105
2337928,1,0,0,1,1,0,105
2338289,0,0,0,1,1,1,105
2338361,0,1,0,1,0,0,105
2338608,0,1,1,0,1,0,105
2338783,1,0,0,1,1,0,105
2338860,1,0,1,0,0,0,105
2339837,0,1,1,0,1,0,105
2340110,0,0,1,1,0,0,105
2340223,1,1,0,0,0,0,105
2340320,1,0,0,1,1,0,105
2341143,1,0,1,0,0,0,105
2341427,1,1,1,1,1,0,105
2341585,1,1,0,0,0,0,105
2342091,1,1,1,1,1,0,105
2342664,0,1,0,1,0,0,105
2342979,0,1,1,0,1,0,105
2343095,1,0,0,1,1,0,105
2343736,0,1,0,1,0,0,105
2343822,1,1,0,0,0,0,105
2344175,1,1,1,1,1,0,105
2344606,1,1,1,1,1,0,105
2344669,1,1,0,0,0,0,105
2344852,1,0,0,1,1,0,105
2344930,0,1,1,0,1,0,105
2345134,0,0,0,0,1,0,105
2345407,1,0,1,0,0,0,105
2347043,1,0,0,1,1,0,105
2347115,0,1,0,1,0,0,105
2347245,0,1,0,1,0,0,105
2347425,1,1,0,0,0,0,105
2347472,0,1,0,0,0,0,105
2347702,0,1,0,1,0,0,105
2347763,0,0,1,1,0,0,105
2347847,0,0,1,1,0,0,105
2347889,1,0,0,1,1,0,105
2347947,0,1,1,0,1,0,105
2347991,1,0,0,1,1,0,105
2348016,0,0,1,1,0,0,105
2348271,0,0,1,1,0,0,105
2348896,1,1,1,1,1,0,105
2348909,1,1,1,1,1,0,105
2349191,0,0,0,0,1,0,105
2349469,1,0,1,0,0,0,105
2349524,1,1,1,1,1,0,105
2349802,1,1,1,1,1,0,105
2349852,1,0,0,1,1,0,105
2349941,0,0,1,1,0,0,105
2350694,1,1,1,1,1,0,105
2350765,1,1,1,1,1,0,105
2350906,0,1,0,1,0,0,105
2350977,0,1,1,0,1,0,105
2351030,0,0,0,0,1,0,105
2351343,0,0,0,0,1,0,105
2351719,0,1,0,1,0,0,105
2351800,0,1,0,1,0,0,105
2352140,0,1,1,1,1,1,105
2352160,0,0,1,1,0,0,105
2352740,1,0,0,1,1,0,105
2352752,1,0,0,1,1,0,105
2352795,0,1,0,1,0,0,105
2352924,1,1,1,1,1,0,105
2353767,0,1,1,0,1,0,105
2354383,1,0,0,1,1,0,105
2354700,0,1,1,0,1,0,105
2355279,1,1,0,0,0,0,105
2355542,1,1,0,0,0,0,105
2355595,1,1,0,0,0,0,105
2355657,1,1,0,0,0,0,105
2355804,0,0,0,0,1,0,105
2355994,1,0,1,0,0,0,105
2356762,1,0,1,0,0,0,105
2357114,0,0,0,0,1,0,105
2357478,1,0,1,0,0,0,105
2357503,0,0,1,1,0,0,105
2357733,1,1,1,1,1,0,105
2357950,1,1,1,1,1,0,105
2358655,0,1,0,1,0,0,105
2358932,0,1,0,1,0,0,105
2360240,0,0,0,0,1,0,129
2360369,1,1,1,1,1,0,129
2360529,1,0,0,1,1,0,129
2360533,1,0,0,1,1,0,129
2360667,1,0,0,1,1,0,129
2360803,0,0,1,1,0,0,129
2360805,1,0,1,0,0,0,129
2360867,1,1,1,0,1,1,129
2361499,0,0,0,0,1,0,129
2361655,1,1,1,1,1,0,129
2361680,0,1,0,1,0,0,129
2362146,1,0,1,0,0,0,129
2362148,1,1,1,1,1,0,129
2362222,0,1,0,0,0,0,129
2362400,1,0,1,0,0,0,129
2362488,0,0,1,1,0,0,129
2362717,1,0,1,0,0,0,129
2363812,1,0,1,0,0,0,129
2364328,0,1,1,0,1,0,129
2364453,1,1,1,1,1,0,129
2364868,0,1,0,1,0,0,129
2365082,0,1,0,1,0,0,129
2365383,1,1,1,1,1,0,129
2365400,0,0,1,1,0,0,129
2365827,0,1,1,0,1,0,129
2366117,0,0,1,1,0,0,129
2366149,0,0,0,0,1,0,129
2367135,0,1,0,1,0,0,129
2367329,0,1,1,0,1,0,129
2367331,1,1,1,1,1,0,129
2367514,1,0,1,0,0,0,129
2367734,1,1,0,0,0,0,129
2367747,1,0,0,1,1,0,129
2368419,1,1,0,0,0,0,129
2368423,0,1,0,1,0,0,129
2368944,0,1,0,1,0,0,129
2369050,1,1,1,1,1,0,129
2369062,0,1,0,1,0,0,129
2369076,1,1,1,1,1,0,129
2369334,1,1,0,0,0,0,129
2369736,0,0,1,1,0,0,129
2370057,1,0,0,1,1,0,129
2370232,1,1,1,1,1,0,129
2370430,1,1,1,1,1,0,129
2370531,0,0,0,0,1,0,129
2371253,0,1,0,1,0,0,129
2371264,1,1,0,0,0,0,129
2371532,0,0,1,1,0,0,129
2371564,1,1,0,0,0,0,129
2371695,1,1,0,0,0,0,129
2372302,1,1,1,1,1,0,129
2372397,0,0,0,0,1,0,129
2372458,0,1,0,1,0,0,129
2372472,1,0,0,1,1,0,129
2372862,0,1,1,0,1,0,129
2373228,1,0,1,0,0,0,129
2373597,0,1,0,1,0,0,129
2373724,1,1,1,1,1,0,129
2373843,0,1,1,0,1,0,129
2373967,1,1,1,1,1,0,129
2374048,1,1,1,1,1,0,129
2374115,1,0,0,1,1,0,129
2375018,0,1,0,1,0,0,129
2375158,0,0,1,1,0,0,129
2375170,1,0,0,1,1,0,129
2375472,1,1,1,1,1,0,129
2375824,1,0,1,0,0,0,129
2376457,0,1,0,1,0,0,129
2376552,0,1,1,0,1,0,129
2376698,0,1,1,0,1,0,129
2377101,0,0,1,1,0,0,129
2377202,1,0,1,0,0,0,129
2377239,1,1,1,1,1,0,129
2377254,0,1,1,0,1,0,129
2377657,1,0,1,0,0,0,129
2377675,1,0,1,0,0,0,129
2377929,0,0,1,1,0,0,129
2378039,1,0,1,0,0,0,129
2378324,0,1,0,1,0,0,129
2378784,1,1,0,0,0,0,129
2378997,1,1,0,0,0,0,129
2379322,0,1,0,1,0,0,129
2379430,0,0,1,1,0,0,129
2379640,1,0,0,1,1,0,129
2379896,0,1,0,1,0,0,129
2379918,0,1,0,1,0,0,129
2379954,1,1,0,0,0,0,129
2380001,1,0,1,0,0,0,129
2380084,0,0,0,0,1,0,129
2380158,0,0,0,0,1,0,129
2380300,0,0,0,0,1,0,129
2380527,1,0,0,1,1,0,129
2380532,0,1,0,1,0,0,129
2381181,0,1,1,0,1,0,129
2381684,0,1,1,0,1,0,129
2381935,0,1,1,0,1,0,129
2382769,1,1,1,1,1,0,129
2383624,1,0,1,0,0,0,129
2383899,1,0,1,0,0,0,129
2383926,0,1,1,1,1,1,129
2384109,1,0,0,1,1,0,129
2384188,1,1,0,0,0,0,129
2384201,1,1,0,0,0,0,129
2384217,1,1,1,1,1,0,129
2384273,0,1,0,1,0,0,129
2384389,1,1,1,1,1,0,129
2384567,1,0,1,0,0,0,129
2384643,1,0,0,0,1,1,129
2384795,0,0,1,1,0,0,129
2385749,0,0,0,1,1,1,129
2385884,0,1,1,0,1,0,129
2386181,1,0,1,0,0,0,129
2386209,0,0,1,1,0,0,129
2386252,0,1,0,1,0,0,129
2386335,0,1,1,0,1,0,129
2386356,0,1,1,0,1,0,129
2386459,0,1,1,0,1,0,129
2386510,1,1,0,0,0,0,129
2386903,0,1,0,1,0,0,129
2387271,1,0,0,1,1,0,129
2387295,1,1,1,1,1,0,129
2387628,0,1,1,0,1,0,129
2387669,1,1,1,1,1,0,129
2387790,1,1,1,1,1,0,129
2387827,0,1,1,0,1,0,129
2387930,1,1,0,0,0,0,129
2388314,0,1,0,1,0,0,129
2388504,0,0,1,1,0,0,129
2388676,0,1,0,1,0,0,129
2389313,0,1,1,0,1,0,129
2389632,1,1,1,1,1,0,129
2389847,1,0,0,1,1,0,129
2390361,0,0,0,0,1,0,129
2390769,1,0,1,0,0,0,129
2390779,1,1,0,0,0,0,129
2391042,0,1,0,1,0,0,129
2391331,1,1,0,0,0,0,129
2391602,0,0,0,0,1,0,129
2391609,1,1,1,1,1,0,129
2392378,0,1,0,1,0,0,129
2392782,1,1,1,1,1,0,129
2393072,1,0,0,1,1,0,129
2393098,1,0,1,0,0,0,129
2393118,0,1,1,0,1,0,129
2393939,1,0,0,1,1,0,129
2394020,0,1,0,1,0,0,129
2394513,1,0,0,1,1,0,129
2394643,0,0,1,1,0,0,129
2394693,1,0,0,1,1,0,129
2394721,1,0,0,1,1,0,129
2394831,0,0,1,1,0,0,129
2394988,0,1,1,0,1,0,129
2395205,1,0,1,0,0,0,129
2395458,1,0,0,1,1,0,129
2395505,1,1,0,0,0,0,129
2395527,0,1,1,1,1,1,129
2395577,1,0,0,0,1,1,129
2395844,0,1,0,1,0,0,129
2396071,1,1,1,1,1,0,129
2396194,0,0,1,1,0,0,129
2396371,0,1,0,1,0,0,129
2396392,1,0,0,1,1,0,129
2396450,1,1,0,0,0,0,129
2396780,1,1,1,1,1,0,129
2397377,0,1,0,1,0,0,129
2398455,1,1,0,0,0,0,129
2398499,1,1,0,0,0,0,129
2398653,1,0,0,1,1,0,129
2398832,0,0,0,0,1,0,129
2398971,0,0,0,0,1,0,129
2399044,1,0,0,0,1,1,129
2399110,0,0,1,1,0,0,129
2399480,1,0,1,0,0,0,129
2400106,0,1,0,1,0,0,129
2400635,0,1,1,0,1,0,129
2400812,0,0,0,0,1,0,129
2400845,1,1,1,1,1,0,129
2401591,1,1,1,1,1,0,129
2402099,0,0,1,0,0,0,129
2402115,1,1,0,0,0,0,129
2402298,1,1,1,1,1,0,129
2402398,1,1,1,1,1,0,129
2402738,1,0,0,1,1,0,129
2403164,0,0,0,0,1,0,129
2403284,1,1,1,1,1,0,129
2403469,0,0,1,0,0,0,129
2403869,1,1,0,0,0,0,129
2405105,0,1,1,0,1,0,129
2405165,1,0,1,0,0,0,129
2405276,0,0,0,0,1,0,129
2405335,1,1,1,1,1,0,129
2405471,0,0,1,1,0,0,129
2405572,0,1,1,0,1,0,129
2405591,0,1,0,1,0,0,129
2406213,1,1,1,1,1,0,129
2406269,1,0,1,0,0,0,129
2406431,0,0,0,0,1,0,129
2406519,1,1,1,1,1,0,129
2406780,0,1,0,1,0,0,129
2407496,0,1,0,1,0,0,129
2407528,0,0,1,1,0,0,129
2407613,0,0,1,1,0,0,129
2407708,0,0,0,0,1,0,129
2408248,0,1,0,1,0,0,129
2408493,0,1,1,0,1,0,129
2408598,0,0,0,0,1,0,129
2409373,0,0,0,1,1,1,129
2409456,1,1,1,1,1,0,129
2409680,1,0,1,0,0,0,129
2409895,1,0,0,1,1,0,129
2410069,1,0,0,1,1,0,129
2410682,0,1,1,0,1,0,129
2411229,0,0,0,0,1,0,129
2411717,0,1,0,1,0,0,129
2411761,1,1,0,0,0,0,129
2411853,0,1,1,0,1,0,129
2412088,0,1,0,1,0,0,129
2412109,1,0,0,1,1,0,129
2412111,1,1,0,0,0,0,129
2412394,0,0,0,0,1,0,129
2412522,0,0,1,1,0,0,129
2412700,1,1,0,0,0,0,129
2412847,1,1,0,0,0,0,129
2412888,0,1,0,1,0,0,129
2412905,0,1,0,1,0,0,129
2413273,1,0,1,0,0,0,129
2413465,0,0,0,0,1,0,129
2413641,0,1,0,1,0,0,129
2413663,0,1,1,0,1,0,129
2413853,0,0,0,0,1,0,129
2413941,0,0,1,1,0,0,129
2414248,1,1,0,0,0,0,129
2414353,1,0,1,0,0,0,129
2414683,1,0,0,1,1,0,129
2414835,1,0,1,0,0,0,129
2415314,0,0,1,1,0,0,129
2415543,0,0,1,1,0,0,129
2416121,1,1,1,1,1,0,129
2416162,0,1,1,0,1,0,129
2416165,0,1,0,1,0,0,129
2416269,1,0,0,1,1,0,129
2416319,1,0,0,1,1,0,129
2416385,0,1,1,0,1,0,129
2416442,1,1,0,0,0,0,129
2416514,1,0,0,1,1,0,129
2416850,1,1,0,0,0,0,129
2416962,1,0,1,0,0,0,129
2417141,1,0,0,1,1,0,129
2417557,1,0,1,0,0,0,129
2417704,0,0,1,1,0,0,129
2417744,1,0,0,1,1,0,129
2417795,1,0,0,1,1,0,129
2418042,0,1,0,1,0,0,129
2418342,0,1,1,0,1,0,129
2418675,0,0,0,0,1,0,129
2418715,0,1,1,0,1,0,129
2419120,1,1,1,1,1,0,129
2419549,0,1,1,0,1,0,129
2419639,1,1,1,1,1,0,129
2419787,0,1,1,0,1,0,129
2419848,0,0,0,0,1,0,129
2420371,1,1,1,1,1,0,129
2420601,0,1,1,1,1,1,129
2420944,1,0,1,0,0,0,129
2420991,1,0,0,1,1,0,129
2421396,0,0,0,0,1,0,129
2422422,0,1,0,1,0,0,129
2422689,0,1,1,0,1,0,129
2422825,1,1,1,1,1,0,129
2423049,0,0,1,1,0,0,129
2423417,1,1,0,0,0,0,129
2423813,1,0,0,1,1,0,129
2423837,0,1,1,0,1,0,129
2423906,1,0,1,0,0,0,129
2424415,1,0,0,1,1,0,129
2424469,1,1,0,0,0,0,129
2424728,1,1,1,1,1,0,129
2424882,0,1,0,1,0,0,101
2425365,1,0,0,1,1,0,101
2425492,1,0,0,1,1,0,101
2425850,1,1,1,1,1,0,101
2426212,1,1,0,0,0,0,101
2426409,1,1,1,1,1,0,101
2426686,0,0,0,0,1,0,101
2426724,1,1,1,1,1,0,101
2426728,1,0,0,1,1,0,101
2426937,0,1,1,0,1,0,101
2427235,0,1,1,0,1,0,101
2427278,1,1,0,0,0,0,101
2429129,1,1,1,1,1,0,101
2429446,1,1,1,1,1,0,101
2429574,1,1,1,1,1,0,101
2430140,0,1,0,1,0,0,101
2430513,1,1,0,1,0,0,101
2430985,0,1,0,1,0,0,101
2431283,0,1,1,0,1,0,101
2431564,1,0,0,1,1,0,101
2431783,0,0,1,1,0,0,101
2432261,1,1,0,0,0,0,101
2432672,0,1,0,1,0,0,101
2433251,0,1,0,1,0,0,101
2433423,1,1,0,1,0,0,101
2433787,0,0,0,0,1,0,101
2434227,1,0,1,0,0,0,101
2434447,0,0,0,0,1,0,101
2434497,1,1,0,0,0,0,101
2435094,0,1,1,0,1,0,101
2435220,0,0,1,1,0,0,101
2435553,0,1,1,0,1,0,101
2435940,0,0,1,1,0,0,101
2436015,1,0,1,0,0,0,101
2436223,0,1,1,0,1,0,101
2436559,0,1,0,0,0,0,101
2436735,0,1,1,0,1,0,101
2436906,0,1,0,1,0,0,101
2436965,1,1,0,0,0,0,101
2437123,0,1,0,1,0,0,101
2437515,0,0,0,0,1,0,101
2438103,0,0,0,0,1,0,101
2438128,0,0,0,0,1,0,101
2438138,1,1,1,1,1,0,101
2439175,0,1,0,1,0,0,101
2439374,1,1,1,1,1,0,101
2439868,0,0,0,0,1,0,101
2439991,0,1,0,1,0,0,101
2440170,0,1,0,1,0,0,101
2440294,0,1,1,0,1,0,101
2440404,1,1,0,0,0,0,101
2440786,0,1,1,0,1,0,101
2440950,0,0,1,1,0,0,101
2441022,1,0,1,0,0,0,101
2441657,1,0,1,0,0,0,101
2441725,0,1,0,1,0,0,101
2441938,1,0,1,1,0,0,101
2442499,0,0,0,0,1,0,101
2442599,1,1,0,0,0,0,101
2442664,1,0,0,1,1,0,101
2442686,1,0,1,0,0,0,101
2442727,0,1,0,1,0,0,101
2443158,0,1,0,0,0,0,101
2443211,1,1,1,1,1,0,101
2443249,0,1,0,1,0,0,101
2443451,1,1,0,0,0,0,101
2443682,1,1,0,0,0,0,101
2444109,1,0,0,1,1,0,101
2444875,1,0,0,1,1,0,101
2445247,0,0,0,0,1,0,101
2445468,0,0,0,0,1,0,101
2445814,0,0,0,0,1,0,101
2447911,0,0,1,1,0,0,101
2448103,0,0,1,1,0,0,101
2449013,1,1,0,0,0,0,101
2449569,0,1,1,0,1,0,101
2449846,1,1,1,1,1,0,101
2450181,0,1,1,0,1,0,101
2450594,0,0,1,1,0,0,101
2450813,0,0,0,0,1,0,101
2451103,0,0,0,0,1,0,101
2451193,1,0,0,1,1,0,101
2451316,1,0,1,0,0,0,101
2451474,1,1,1,1,1,0,101
2451602,0,1,0,0,0,0,101
2452594,1,0,1,0,0,0,101
2453543,0,1,0,1,0,0,101
2453802,0,0,0,0,1,0,101
2454227,1,1,1,1,1,0,101
2454378,0,1,0,0,0,0,101
2455040,0,1,1,1,1,1,101
2455267,0,1,0,1,0,0,101
2456137,0,0,1,1,0,0,101
2456351,1,0,0,1,1,0,101
2456393,1,1,0,0,0,0,101
2456485,1,0,0,1,1,0,101
2456562,0,0,1,1,0,0,101
2456651,1,0,1,0,0,0,101
2457154,0,1,0,1,0,0,101
2457436,1,0,0,1,1,0,101
2457496,1,1,1,1,1,0,101
2457684,1,1,1,1,1,0,101
2457877,0,0,0,0,1,0,101
2458180,0,1,0,1,0,0,101
2458966,0,0,1,1,0,0,101
2459178,1,1,1,1,1,0,101
2459277,0,1,0,1,0,0,101
2459484,0,0,1,1,0,0,101
2460259,1,1,0,0,0,0,101
2460777,1,0,0,1,1,0,101
2460976,0,1,0,1,0,0,101
2461104,0,0,0,0,1,0,101
2461446,1,1,0,0,0,0,101
2461761,1,0,0,1,1,0,101
2462373,1,0,0,1,1,0,101
2462442,0,0,1,1,0,0,101
2462580,0,0,0,0,1,0,101
2462963,0,0,0,0,1,0,101
2463125,0,1,0,1,0,0,101
2463581,1,1,1,1,1,0,101
2465111,0,1,0,1,0,0,101
2465849,0,0,0,0,1,0,101
2466341,0,0,1,1,0,0,101
2467202,1,1,1,1,1,0,101
