attempt,a_data,a_basis,b_basis,bob,bmatch,err,irrad,mode,mu,lam_idx
811,0,1,1,0,1,0,47,1,9,0
5608,0,1,1,0,1,0,47,1,9,0
8187,1,0,1,0,0,0,47,1,9,0
8584,1,1,1,1,1,0,47,1,9,0
8761,1,0,1,0,0,0,47,1,9,0
14358,1,0,0,1,1,0,47,1,9,0
18927,1,1,1,1,1,0,47,1,9,0
21335,1,0,1,0,0,0,47,1,9,0
23120,1,0,0,1,1,0,47,1,9,0
31387,0,1,0,1,0,0,47,1,9,0
33153,1,0,0,1,1,0,47,1,9,0
33627,0,1,0,1,0,0,47,1,9,0
35161,0,0,1,1,0,0,47,1,9,0
40817,1,0,0,1,1,0,47,1,9,0
41941,1,0,1,0,0,0,47,1,9,0
42393,0,1,1,0,1,0,47,1,9,0
43928,1,1,1,1,1,0,47,1,9,0
45518,1,0,1,1,0,0,47,1,9,0
53456,0,0,1,1,0,0,47,1,9,0
58224,1,0,0,1,1,0,47,1,9,0
58833,1,0,0,1,1,0,47,1,9,0
60669,1,1,0,0,0,0,47,1,9,0
62530,1,0,0,1,1,0,47,1,9,0
62644,1,0,0,1,1,0,47,1,9,0
135581,0,0,1,1,0,0,14,1,9,0
135901,1,0,1,0,0,0,14,1,9,0
138641,1,0,1,0,0,0,14,1,9,0
143627,0,1,1,0,1,0,14,1,9,0
149431,1,1,1,1,1,0,14,1,9,0
153712,0,1,0,1,0,0,14,1,9,0
156309,1,0,1,0,0,0,14,1,9,0
166214,1,0,1,0,0,0,14,1,9,0
176263,1,0,1,0,0,0,14,1,9,0
199517,1,1,1,1,1,0,42,1,9,0
199686,0,1,0,1,0,0,42,1,9,0
202613,1,1,0,0,0,0,42,1,9,0
202807,0,0,1,1,0,0,42,1,9,0
207636,0,1,1,0,1,0,42,1,9,0
209575,0,1,0,1,0,0,42,1,9,0
210924,0,1,1,0,1,0,42,1,9,0
213926,1,1,1,1,1,0,42,1,9,0
214693,0,0,1,1,0,0,42,1,9,0
218540,1,0,1,0,0,0,42,1,9,0
219072,1,1,0,0,0,0,42,1,9,0
219751,1,1,0,0,0,0,42,1,9,0
223987,0,0,1,1,0,0,42,1,9,0
225868,1,1,1,1,1,0,42,1,9,0
229892,1,0,0,1,1,0,42,1,9,0
230250,0,1,0,1,0,0,42,1,9,0
230257,1,0,1,0,0,0,42,1,9,0
231491,1,1,0,0,0,0,42,1,9,0
233690,0,1,1,0,1,0,42,1,9,0
236161,1,0,0,0,1,1,42,1,9,0
236919,0,1,1,0,1,0,42,1,9,0
241286,1,1,1,1,1,0,42,1,9,0
242202,0,0,0,0,1,0,42,1,9,0
244592,0,1,0,1,0,0,42,1,9,0
252385,1,1,1,1,1,0,42,1,9,0
253730,0,1,0,1,0,0,42,1,9,0
256004,1,1,1,0,1,1,42,1,9,0
258751,1,0,0,1,1,0,42,1,9,0
262414,0,1,0,1,0,0,124,1,9,0
262723,1,1,0,0,0,0,124,1,9,0
262837,0,1,1,0,1,0,124,1,9,0
263492,1,0,0,1,1,0,124,1,9,0
264561,1,1,0,0,0,0,124,1,9,0
264604,0,0,1,1,0,0,124,1,9,0
264623,0,0,0,0,1,0,124,1,9,0
264818,0,0,1,1,0,0,124,1,9,0
266114,1,1,0,0,0,0,124,1,9,0
267408,0,0,1,1,0,0,124,1,9,0
267597,0,0,0,0,1,0,124,1,9,0
267986,0,0,1,1,0,0,124,1,9,0
268516,1,0,1,0,0,0,124,1,9,0
269038,0,0,0,0,1,0,124,1,9,0
270335,0,0,0,0,1,0,124,1,9,0
271171,1,1,1,1,1,0,124,1,9,0
272589,1,0,1,0,0,0,124,1,9,0
274111,0,1,0,1,0,0,124,1,9,0
274699,0,1,0,1,0,0,124,1,9,0
277616,0,1,1,0,1,0,124,1,9,0
278354,1,0,0,1,1,0,124,1,9,0
278693,1,0,1,0,0,0,124,1,9,0
280356,1,1,1,1,1,0,124,1,9,0
280468,0,0,1,1,0,0,124,1,9,0
280477,1,0,1,0,0,0,124,1,9,0
280961,1,0,0,1,1,0,124,1,9,0
282451,0,0,1,1,0,0,124,1,9,0
282635,0,0,1,1,0,0,124,1,9,0
282996,0,0,0,0,1,0,124,1,9,0
283728,1,1,0,0,0,0,124,1,9,0
284132,1,0,0,1,1,0,124,1,9,0
284147,1,0,0,0,1,1,124,1,9,0
284952,0,1,1,0,1,0,124,1,9,0
287091,1,1,1,1,1,0,124,1,9,0
287577,0,0,0,0,1,0,124,1,9,0
287799,0,1,1,0,1,0,124,1,9,0
288567,1,1,1,1,1,0,124,1,9,0
288584,0,0,0,0,1,0,124,1,9,0
289621,1,0,0,0,1,1,124,1,9,0
290029,1,0,1,0,0,0,124,1,9,0
290569,0,1,0,1,0,0,124,1,9,0
290919,1,1,1,1,1,0,124,1,9,0
291979,1,0,1,0,0,0,124,1,9,0
292541,0,0,0,0,1,0,124,1,9,0
293664,0,1,1,0,1,0,124,1,9,0
294427,0,0,1,1,0,0,124,1,9,0
294542,1,0,1,0,0,0,124,1,9,0
294869,1,0,1,0,0,0,124,1,9,0
295116,1,1,0,0,0,0,124,1,9,0
296200,0,0,0,0,1,0,124,1,9,0
296967,0,0,1,1,0,0,124,1,9,0
297734,0,1,1,0,1,0,124,1,9,0
297854,0,0,1,1,0,0,124,1,9,0
297898,1,1,0,0,0,0,124,1,9,0
299822,0,0,0,0,1,0,124,1,9,0
300162,0,1,1,0,1,0,124,1,9,0
300310,1,1,0,0,0,0,124,1,9,0
300867,1,0,1,0,0,0,124,1,9,0
302021,1,0,1,0,0,0,124,1,9,0
302400,1,1,1,1,1,0,124,1,9,0
303424,1,1,1,1,1,0,124,1,9,0
305108,1,1,1,1,1,0,124,1,9,0
306656,0,1,0,1,0,0,124,1,9,0
307904,1,0,1,0,0,0,124,1,9,0
308263,0,1,0,1,0,0,124,1,9,0
308368,1,1,1,1,1,0,124,1,9,0
309470,0,1,0,0,0,0,124,1,9,0
309668,0,1,1,0,1,0,124,1,9,0
311079,0,0,1,1,0,0,124,1,9,0
312412,1,1,1,1,1,0,124,1,9,0
313524,0,0,1,1,0,0,124,1,9,0
314075,0,1,0,1,0,0,124,1,9,0
314456,1,0,0,1,1,0,124,1,9,0
315336,1,1,0,0,0,0,124,1,9,0
316271,1,0,0,1,1,0,124,1,9,0
316545,1,0,0,1,1,0,124,1,9,0
316580,0,0,0,0,1,0,124,1,9,0
316921,1,0,0,1,1,0,124,1,9,0
317309,1,1,0,0,0,0,124,1,9,0
317820,1,0,0,1,1,0,124,1,9,0
317888,1,0,1,0,0,0,124,1,9,0
317989,1,0,1,0,0,0,124,1,9,0
319925,0,1,1,0,1,0,124,1,9,0
320535,0,0,0,0,1,0,124,1,9,0
320661,1,0,0,1,1,0,124,1,9,0
322022,0,1,1,0,1,0,124,1,9,0
322132,1,1,1,1,1,0,124,1,9,0
323881,0,0,0,0,1,0,124,1,9,0
324745,0,1,1,0,1,0,124,1,9,0
327487,0,1,1,1,1,1,124,1,9,0
327990,1,1,0,0,0,0,255,2,9,0
328040,1,0,1,0,0,0,255,2,9,0
328157,0,1,1,0,1,0,255,2,9,0
328170,0,0,0,0,1,0,255,2,9,0
328270,1,1,0,0,0,0,255,2,9,0
328402,0,1,1,0,1,0,255,2,9,0
328465,0,1,1,0,1,0,255,2,9,0
328519,1,1,0,0,0,0,255,2,9,0
328625,0,1,1,0,1,0,255,2,9,0
328705,0,1,1,0,1,0,255,2,9,0
328903,1,1,0,0,0,0,255,2,9,0
328959,0,0,1,1,0,0,255,2,9,0
329192,1,1,0,0,0,0,255,2,9,0
329222,0,0,1,1,0,0,255,2,9,0
329342,1,0,1,0,0,0,255,2,9,0
329345,0,1,1,0,1,0,255,2,9,0
329408,1,0,1,0,0,0,255,2,9,0
329423,0,1,0,1,0,0,255,2,9,0
329478,0,1,0,1,0,0,255,2,9,0
329648,1,0,0,1,1,0,255,2,9,0
329669,0,0,1,1,0,0,255,2,9,0
329738,0,0,1,1,0,0,255,2,9,0
329928,0,0,1,1,0,0,255,2,9,0
329979,0,1,1,0,1,0,255,2,9,0
329993,1,0,1,0,0,0,255,2,9,0
330034,1,1,1,1,1,0,255,2,9,0
330066,1,0,0,1,1,0,255,2,9,0
330374,0,1,0,1,0,0,255,2,9,0
330455,1,1,0,0,0,0,255,2,9,0
330635,1,1,0,0,0,0,255,2,9,0
330660,1,0,1,0,0,0,255,2,9,0
330745,0,0,1,1,0,0,255,2,9,0
330934,0,1,1,0,1,0,255,2,9,0
331056,1,1,0,0,0,0,255,2,9,0
331216,0,1,0,1,0,0,255,2,9,0
331300,1,1,0,0,0,0,255,2,9,0
331311,0,1,1,0,1,0,255,2,9,0
331329,0,0,0,0,1,0,255,2,9,0
331340,0,1,0,1,0,0,255,2,9,0
331345,1,0,1,0,0,0,255,2,9,0
331403,1,0,1,0,0,0,255,2,9,0
331439,0,1,0,1,0,0,255,2,9,0
331477,1,1,0,0,0,0,255,2,9,0
331559,0,0,0,0,1,0,255,2,9,0
331579,0,1,1,1,1,1,255,2,9,0
331727,1,0,1,0,0,0,255,2,9,0
331883,0,0,1,1,0,0,255,2,9,0
331887,0,0,0,0,1,0,255,2,9,0
332089,1,0,0,1,1,0,255,2,9,0
332100,1,0,1,0,0,0,255,2,9,0
332366,0,1,0,1,0,0,255,2,9,0
332387,0,1,1,0,1,0,255,2,9,0
332513,1,0,0,1,1,0,255,2,9,0
332714,0,0,1,1,0,0,255,2,9,0
332974,0,0,1,1,0,0,255,2,9,0
333001,0,0,0,0,1,0,255,2,9,0
333024,0,0,1,1,0,0,255,2,9,0
333204,1,1,1,1,1,0,255,2,9,0
333393,1,0,1,0,0,0,255,2,9,0
333394,1,1,0,0,0,0,255,2,9,0
333398,1,1,0,0,0,0,255,2,9,0
333490,1,1,0,0,0,0,255,2,9,0
333628,1,0,0,1,1,0,255,2,9,0
333682,1,1,1,1,1,0,255,2,9,0
333695,1,1,1,1,1,0,255,2,9,0
333710,1,0,0,1,1,0,255,2,9,0
333751,0,1,0,1,0,0,255,2,9,0
333770,1,0,1,0,0,0,255,2,9,0
333785,0,1,1,0,1,0,255,2,9,0
333813,0,1,1,0,1,0,255,2,9,0
333925,0,1,1,0,1,0,255,2,9,0
333942,1,1,0,0,0,0,255,2,9,0
334182,0,0,0,0,1,0,255,2,9,0
334391,0,1,0,1,0,0,255,2,9,0
334399,0,1,1,0,1,0,255,2,9,0
334447,0,0,1,1,0,0,255,2,9,0
334476,0,1,1,0,1,0,255,2,9,0
334505,1,0,1,0,0,0,255,2,9,0
334618,1,1,0,0,0,0,255,2,9,0
334702,0,0,0,0,1,0,255,2,9,0
334772,1,1,0,0,0,0,255,2,9,0
334828,0,1,0,1,0,0,255,2,9,0
334858,1,1,1,1,1,0,255,2,9,0
334872,1,0,1,0,0,0,255,2,9,0
335125,0,0,0,0,1,0,255,2,9,0
335130,1,1,1,1,1,0,255,2,9,0
335368,0,1,0,1,0,0,255,2,9,0
335413,0,0,0,0,1,0,255,2,9,0
335474,0,1,0,1,0,0,255,2,9,0
335545,0,1,1,0,1,0,255,2,9,0
335637,0,1,1,0,1,0,255,2,9,0
335667,0,0,0,0,1,0,255,2,9,0
335695,1,1,1,1,1,0,255,2,9,0
335722,0,1,1,0,1,0,255,2,9,0
335901,1,0,1,0,0,0,255,2,9,0
336083,0,0,0,0,1,0,255,2,9,0
336157,1,1,0,0,0,0,255,2,9,0
336187,1,0,0,1,1,0,255,2,9,0
336349,1,1,1,1,1,0,255,2,9,0
336411,0,0,1,1,0,0,255,2,9,0
336436,1,1,0,0,0,0,255,2,9,0
336465,1,1,0,0,0,0,255,2,9,0
336495,1,1,1,1,1,0,255,2,9,0
336568,0,0,0,0,1,0,255,2,9,0
336640,1,0,0,1,1,0,255,2,9,0
336644,0,0,1,1,0,0,255,2,9,0
336665,1,0,0,1,1,0,255,2,9,0
336681,1,1,1,1,1,0,255,2,9,0
336738,1,1,1,1,1,0,255,2,9,0
336841,0,0,1,1,0,0,255,2,9,0
336971,0,1,0,1,0,0,255,2,9,0
337032,0,1,0,1,0,0,255,2,9,0
337052,1,0,0,0,1,1,255,2,9,0
337097,1,1,0,0,0,0,255,2,9,0
337127,1,0,1,0,0,0,255,2,9,0
337130,0,1,1,0,1,0,255,2,9,0
337144,0,0,0,0,1,0,255,2,9,0
337306,1,0,0,1,1,0,255,2,9,0
337379,0,0,1,1,0,0,255,2,9,0
337515,1,1,1,1,1,0,255,2,9,0
337546,0,0,0,0,1,0,255,2,9,0
337579,0,0,1,1,0,0,255,2,9,0
337800,1,1,1,1,1,0,255,2,9,0
337921,0,1,0,1,0,0,255,2,9,0
338054,0,0,1,1,0,0,255,2,9,0
338317,0,0,0,0,1,0,255,2,9,0
338365,0,0,1,1,0,0,255,2,9,0
338452,1,0,0,1,1,0,255,2,9,0
338717,1,1,0,0,0,0,255,2,9,0
338796,1,1,1,1,1,0,255,2,9,0
338872,0,0,1,1,0,0,255,2,9,0
338946,0,1,0,1,0,0,255,2,9,0
339127,1,1,1,1,1,0,255,2,9,0
339241,0,1,0,1,0,0,255,2,9,0
339308,1,1,1,1,1,0,255,2,9,0
339456,1,1,0,0,0,0,255,2,9,0
339653,1,0,0,1,1,0,255,2,9,0
339685,1,0,0,1,1,0,255,2,9,0
339815,0,0,1,1,0,0,255,2,9,0
339879,1,1,0,0,0,0,255,2,9,0
339923,0,1,0,1,0,0,255,2,9,0
339926,1,0,1,0,0,0,255,2,9,0
340087,1,1,1,1,1,0,255,2,9,0
340255,1,1,1,1,1,0,255,2,9,0
340286,0,0,1,1,0,0,255,2,9,0
340436,0,0,1,1,0,0,255,2,9,0
340582,1,1,1,1,1,0,255,2,9,0
340794,1,0,0,1,1,0,255,2,9,0
340882,1,1,0,0,0,0,255,2,9,0
340986,1,1,0,0,0,0,255,2,9,0
340998,1,0,1,0,0,0,255,2,9,0
341008,1,1,0,0,0,0,255,2,9,0
341032,1,0,1,0,0,0,255,2,9,0
341045,1,0,1,0,0,0,255,2,9,0
341188,1,1,0,0,0,0,255,2,9,0
341277,1,0,0,1,1,0,255,2,9,0
341330,0,0,0,0,1,0,255,2,9,0
341372,1,1,0,0,0,0,255,2,9,0
341378,0,1,0,1,0,0,255,2,9,0
341381,1,0,0,1,1,0,255,2,9,0
341544,1,0,0,1,1,0,255,2,9,0
341572,0,0,1,1,0,0,255,2,9,0
341614,1,1,0,0,0,0,255,2,9,0
341761,0,1,1,0,1,0,255,2,9,0
341775,1,1,1,1,1,0,255,2,9,0
341878,1,1,0,0,0,0,255,2,9,0
341948,0,1,1,0,1,0,255,2,9,0
342277,1,1,1,1,1,0,255,2,9,0
342331,1,0,0,1,1,0,255,2,9,0
342334,0,1,1,0,1,0,255,2,9,0
342371,0,0,0,0,1,0,255,2,9,0
342445,0,1,0,1,0,0,255,2,9,0
342538,0,1,0,1,0,0,255,2,9,0
342691,0,1,0,1,0,0,255,2,9,0
342762,1,1,0,0,0,0,255,2,9,0
342776,1,1,0,0,0,0,255,2,9,0
342983,0,0,1,1,0,0,255,2,9,0
342994,0,1,1,1,1,1,255,2,9,0
343089,1,0,1,0,0,0,255,2,9,0
343131,0,0,1,1,0,0,255,2,9,0
343144,1,0,0,1,1,0,255,2,9,0
343207,0,1,1,0,1,0,255,2,9,0
343218,1,1,0,0,0,0,255,2,9,0
343224,0,0,0,0,1,0,255,2,9,0
343268,0,1,1,0,1,0,255,2,9,0
343445,1,1,1,1,1,0,255,2,9,0
343466,0,1,0,1,0,0,255,2,9,0
343593,0,0,0,0,1,0,255,2,9,0
343633,1,0,1,0,0,0,255,2,9,0
343827,1,0,0,1,1,0,255,2,9,0
343833,1,0,1,0,0,0,255,2,9,0
343951,0,1,0,1,0,0,255,2,9,0
343977,0,1,1,0,1,0,255,2,9,0
344022,1,1,0,0,0,0,255,2,9,0
344114,0,1,0,0,0,0,255,2,9,0
344150,0,1,1,0,1,0,255,2,9,0
344290,1,1,1,1,1,0,255,2,9,0
344418,0,0,0,0,1,0,255,2,9,0
344429,0,0,1,1,0,0,255,2,9,0
344524,0,1,0,1,0,0,255,2,9,0
344532,0,1,1,0,1,0,255,2,9,0
344739,1,0,1,0,0,0,255,2,9,0
344749,1,0,1,0,0,0,255,2,9,0
344759,1,1,0,0,0,0,255,2,9,0
344773,0,0,0,0,1,0,255,2,9,0
344868,1,0,1,0,0,0,255,2,9,0
344952,0,0,1,1,0,0,255,2,9,0
345146,1,1,1,1,1,0,255,2,9,0
345216,0,1,0,1,0,0,255,2,9,0
345249,1,1,0,0,0,0,255,2,9,0
345317,1,0,1,0,0,0,255,2,9,0
345335,1,1,0,0,0,0,255,2,9,0
345507,1,1,1,1,1,0,255,2,9,0
345531,1,0,0,1,1,0,255,2,9,0
345534,1,1,0,0,0,0,255,2,9,0
345538,1,0,1,0,0,0,255,2,9,0
345768,1,1,0,0,0,0,255,2,9,0
345775,0,1,1,0,1,0,255,2,9,0
345789,1,0,1,0,0,0,255,2,9,0
345811,0,0,0,0,1,0,255,2,9,0
345871,0,0,1,1,0,0,255,2,9,0
346016,1,1,0,0,0,0,255,2,9,0
346140,1,0,0,1,1,0,255,2,9,0
346186,1,1,0,0,0,0,255,2,9,0
346387,1,0,0,1,1,0,255,2,9,0
346437,0,1,1,0,1,0,255,2,9,0
346587,0,1,0,1,0,0,255,2,9,0
346592,0,0,1,1,0,0,255,2,9,0
346720,0,1,0,1,0,0,255,2,9,0
346733,1,0,0,1,1,0,255,2,9,0
346763,1,1,0,0,0,0,255,2,9,0
346798,1,1,0,0,0,0,255,2,9,0
346811,1,1,1,1,1,0,255,2,9,0
346872,0,1,1,0,1,0,255,2,9,0
346912,1,0,0,1,1,0,255,2,9,0
346939,1,1,1,1,1,0,255,2,9,0
346960,0,0,1,1,0,0,255,2,9,0
347074,0,0,0,0,1,0,255,2,9,0
347146,0,1,0,0,0,0,255,2,9,0
347147,1,1,1,1,1,0,255,2,9,0
347162,0,1,1,0,1,0,255,2,9,0
347176,1,0,0,1,1,0,255,2,9,0
347177,0,1,0,1,0,0,255,2,9,0
347299,0,0,1,1,0,0,255,2,9,0
347481,1,0,1,0,0,0,255,2,9,0
347643,1,1,0,0,0,0,255,2,9,0
347692,1,0,0,1,1,0,255,2,9,0
347956,1,1,1,1,1,0,255,2,9,0
348174,1,0,0,1,1,0,255,2,9,0
348274,0,1,0,1,0,0,255,2,9,0
348338,1,1,1,1,1,0,255,2,9,0
348344,0,0,1,1,0,0,255,2,9,0
348475,0,1,0,1,0,0,255,2,9,0
348509,1,1,1,1,1,0,255,2,9,0
348598,1,1,1,0,1,1,255,2,9,0
348713,1,0,1,0,0,0,255,2,9,0
348798,0,1,1,0,1,0,255,2,9,0
348803,0,0,1,1,0,0,255,2,9,0
348910,0,1,1,0,1,0,255,2,9,0
348927,0,1,0,1,0,0,255,2,9,0
348963,1,0,1,0,0,0,255,2,9,0
348965,1,1,1,1,1,0,255,2,9,0
349371,0,1,0,1,0,0,255,2,9,0
349561,0,0,0,0,1,0,255,2,9,0
349940,1,0,1,0,0,0,255,2,9,0
350008,0,0,1,1,0,0,255,2,9,0
350097,1,1,1,1,1,0,255,2,9,0
350153,1,1,0,1,0,0,255,2,9,0
350347,0,1,0,1,0,0,255,2,9,0
350365,0,0,1,1,0,0,255,2,9,0
350467,1,1,1,1,1,0,255,2,9,0
350672,0,1,1,0,1,0,255,2,9,0
350695,1,1,0,0,0,0,255,2,9,0
350739,1,1,0,0,0,0,255,2,9,0
350775,0,1,1,0,1,0,255,2,9,0
350839,0,1,1,0,1,0,255,2,9,0
350859,1,1,1,1,1,0,255,2,9,0
350930,0,1,0,1,0,0,255,2,9,0
350985,0,0,0,0,1,0,255,2,9,0
351582,0,0,0,0,1,0,255,2,9,0
351596,0,1,1,0,1,0,255,2,9,0
351607,0,0,0,0,1,0,255,2,9,0
351696,0,1,0,0,0,0,255,2,9,0
351700,0,0,1,1,0,0,255,2,9,0
351707,0,0,0,0,1,0,255,2,9,0
351984,1,0,0,1,1,0,255,2,9,0
352518,1,1,1,1,1,0,255,2,9,0
352539,1,1,0,1,0,0,255,2,9,0
352566,1,1,1,1,1,0,255,2,9,0
352609,1,1,1,1,1,0,255,2,9,0
352849,1,0,1,0,0,0,255,2,9,0
352900,0,1,0,1,0,0,255,2,9,0
352914,0,0,0,1,1,1,255,2,9,0
353023,0,0,1,1,0,0,255,2,9,0
353380,0,0,1,1,0,0,255,2,9,0
353666,0,0,0,0,1,0,255,2,9,0
353707,0,1,0,1,0,0,255,2,9,0
353762,1,0,1,0,0,0,255,2,9,0
353888,0,1,1,0,1,0,255,2,9,0
353898,1,1,0,0,0,0,255,2,9,0
353917,1,1,1,1,1,0,255,2,9,0
354296,0,1,0,1,0,0,255,2,9,0
354301,1,0,1,0,0,0,255,2,9,0
354308,0,1,0,1,0,0,255,2,9,0
354467,0,0,0,0,1,0,255,2,9,0
354670,1,0,0,1,1,0,255,2,9,0
354784,0,0,1,1,0,0,255,2,9,0
354927,1,1,0,0,0,0,255,2,9,0
355057,0,0,0,0,1,0,255,2,9,0
355167,0,1,1,0,1,0,255,2,9,0
355348,1,1,0,0,0,0,255,2,9,0
355421,1,1,0,0,0,0,255,2,9,0
355470,1,0,1,0,0,0,255,2,9,0
355581,0,1,0,1,0,0,255,2,9,0
355598,0,1,0,1,0,0,255,2,9,0
355910,1,0,1,0,0,0,255,2,9,0
356017,0,1,1,0,1,0,255,2,9,0
356060,0,1,1,0,1,0,255,2,9,0
356247,0,0,1,1,0,0,255,2,9,0
356392,1,1,0,0,0,0,255,2,9,0
356428,0,1,1,0,1,0,255,2,9,0
356444,0,0,1,1,0,0,255,2,9,0
356735,0,1,1,0,1,0,255,2,9,0
356843,0,1,0,1,0,0,255,2,9,0
356859,1,0,1,0,0,0,255,2,9,0
356926,1,0,0,1,1,0,255,2,9,0
357024,0,1,1,0,1,0,255,2,9,0
357060,0,0,1,1,0,0,255,2,9,0
357084,0,0,0,0,1,0,255,2,9,0
357102,0,1,0,1,0,0,255,2,9,0
357111,1,1,0,0,0,0,255,2,9,0
357239,0,1,0,1,0,0,255,2,9,0
357374,0,0,0,0,1,0,255,2,9,0
357445,1,1,0,0,0,0,255,2,9,0
357734,0,1,1,0,1,0,255,2,9,0
357848,1,0,1,0,0,0,255,2,9,0
357860,0,1,1,0,1,0,255,2,9,0
358017,1,0,0,1,1,0,255,2,9,0
358186,1,1,0,0,0,0,255,2,9,0
358193,0,1,1,0,1,0,255,2,9,0
358197,1,1,0,1,0,0,255,2,9,0
358319,0,0,0,0,1,0,255,2,9,0
358830,0,0,0,0,1,0,255,2,9,0
358831,0,0,1,1,0,0,255,2,9,0
358847,1,0,1,0,0,0,255,2,9,0
358954,1,1,0,0,0,0,255,2,9,0
359045,1,1,0,0,0,0,255,2,9,0
359124,1,1,1,1,1,0,255,2,9,0
359235,1,0,0,1,1,0,255,2,9,0
359341,0,1,0,0,0,0,255,2,9,0
359659,1,0,0,1,1,0,255,2,9,0
359689,1,0,0,1,1,0,255,2,9,0
359711,1,1,1,1,1,0,255,2,9,0
359945,0,1,0,1,0,0,255,2,9,0
359948,1,0,0,1,1,0,255,2,9,0
360035,0,1,1,0,1,0,255,2,9,0
360110,1,1,1,1,1,0,255,2,9,0
360152,0,0,0,0,1,0,255,2,9,0
360164,0,1,0,1,0,0,255,2,9,0
360332,1,1,0,0,0,0,255,2,9,0
360381,1,0,0,1,1,0,255,2,9,0
360411,0,1,1,0,1,0,255,2,9,0
360445,0,1,1,0,1,0,255,2,9,0
360448,1,1,0,0,0,0,255,2,9,0
360561,1,0,1,0,0,0,255,2,9,0
360647,1,1,0,0,0,0,255,2,9,0
360788,1,1,1,1,1,0,255,2,9,0
360908,1,0,1,0,0,0,255,2,9,0
360923,1,0,1,0,0,0,255,2,9,0
360959,1,1,1,1,1,0,255,2,9,0
361018,1,0,1,0,0,0,255,2,9,0
361222,0,1,0,0,0,0,255,2,9,0
361322,1,0,0,1,1,0,255,2,9,0
361340,1,1,0,0,0,0,255,2,9,0
361419,0,0,0,0,1,0,255,2,9,0
361472,1,0,1,0,0,0,255,2,9,0
361505,0,0,0,0,1,0,255,2,9,0
361532,1,1,0,0,0,0,255,2,9,0
361638,0,0,1,1,0,0,255,2,9,0
361666,0,0,1,1,0,0,255,2,9,0
361678,0,1,1,0,1,0,255,2,9,0
361719,0,0,1,1,0,0,255,2,9,0
361764,0,0,1,1,0,0,255,2,9,0
361773,0,1,1,1,1,1,255,2,9,0
361799,1,1,1,1,1,0,255,2,9,0
361843,0,1,0,1,0,0,255,2,9,0
361969,1,0,0,1,1,0,255,2,9,0
362314,1,1,0,0,0,0,255,2,9,0
362330,1,1,1,1,1,0,255,2,9,0
362456,1,1,1,1,1,0,255,2,9,0
362499,1,0,0,0,1,1,255,2,9,0
362569,1,0,0,1,1,0,255,2,9,0
362755,1,1,1,1,1,0,255,2,9,0
363110,1,1,0,0,0,0,255,2,9,0
363284,1,0,1,0,0,0,255,2,9,0
363330,0,1,1,1,1,1,255,2,9,0
363441,1,0,0,1,1,0,255,2,9,0
363454,1,0,0,1,1,0,255,2,9,0
363586,1,0,1,0,0,0,255,2,9,0
363624,1,1,0,0,0,0,255,2,9,0
363753,0,0,1,1,0,0,255,2,9,0
363782,0,1,1,0,1,0,255,2,9,0
363860,0,1,1,0,1,0,255,2,9,0
363872,1,1,1,1,1,0,255,2,9,0
364085,0,0,0,0,1,0,255,2,9,0
364285,1,1,1,0,1,1,255,2,9,0
364331,1,1,1,1,1,0,255,2,9,0
364596,1,1,1,1,1,0,255,2,9,0
364619,0,0,0,0,1,0,255,2,9,0
364635,0,1,1,0,1,0,255,2,9,0
364940,1,1,1,1,1,0,255,2,9,0
365042,1,0,0,1,1,0,255,2,9,0
365176,1,1,0,0,0,0,255,2,9,0
365330,1,0,1,0,0,0,255,2,9,0
365472,1,1,0,0,0,0,255,2,9,0
365648,0,0,1,1,0,0,255,2,9,0
365649,0,0,0,0,1,0,255,2,9,0
365729,1,0,1,0,0,0,255,2,9,0
365847,0,1,1,0,1,0,255,2,9,0
365914,1,1,0,0,0,0,255,2,9,0
365935,0,0,1,1,0,0,255,2,9,0
366037,0,1,0,1,0,0,255,2,9,0
366053,0,1,1,0,1,0,255,2,9,0
366336,0,1,1,0,1,0,255,2,9,0
366619,1,1,1,1,1,0,255,2,9,0
366642,1,0,1,0,0,0,255,2,9,0
366670,0,0,0,0,1,0,255,2,9,0
366672,0,1,0,1,0,0,255,2,9,0
366683,1,0,1,0,0,0,255,2,9,0
366696,1,0,1,0,0,0,255,2,9,0
366734,1,1,1,1,1,0,255,2,9,0
366735,0,1,0,1,0,0,255,2,9,0
366754,1,1,1,1,1,0,255,2,9,0
366818,0,1,0,1,0,0,255,2,9,0
366925,1,1,1,1,1,0,255,2,9,0
366995,0,0,1,1,0,0,255,2,9,0
367071,1,0,0,1,1,0,255,2,9,0
367076,0,1,0,1,0,0,255,2,9,0
367152,1,1,0,1,0,0,255,2,9,0
367501,0,1,1,0,1,0,255,2,9,0
367576,0,0,1,0,0,0,255,2,9,0
367742,0,1,0,1,0,0,255,2,9,0
367766,0,0,0,0,1,0,255,2,9,0
367831,0,1,1,0,1,0,255,2,9,0
367848,0,1,1,0,1,0,255,2,9,0
368063,1,1,0,0,0,0,255,2,9,0
368142,0,0,0,0,1,0,255,2,9,0
368148,1,1,1,1,1,0,255,2,9,0
368183,1,0,0,1,1,0,255,2,9,0
368219,1,0,0,1,1,0,255,2,9,0
368285,0,1,1,0,1,0,255,2,9,0
368326,1,1,1,1,1,0,255,2,9,0
368349,0,1,0,1,0,0,255,2,9,0
368405,0,1,0,1,0,0,255,2,9,0
368555,1,1,0,0,0,0,255,2,9,0
368656,0,0,0,0,1,0,255,2,9,0
368707,0,0,0,0,1,0,255,2,9,0
368785,0,0,1,1,0,0,255,2,9,0
368825,1,1,1,1,1,0,255,2,9,0
368859,1,0,1,0,0,0,255,2,9,0
368930,0,0,1,1,0,0,255,2,9,0
368948,1,1,0,1,0,0,255,2,9,0
368979,1,0,1,0,0,0,255,2,9,0
368995,1,1,1,1,1,0,255,2,9,0
369255,1,1,1,1,1,0,255,2,9,0
369270,0,0,1,1,0,0,255,2,9,0
369408,0,1,0,1,0,0,255,2,9,0
369454,0,1,0,1,0,0,255,2,9,0
369540,1,1,0,0,0,0,255,2,9,0
369766,0,0,1,1,0,0,255,2,9,0
369879,0,0,1,1,0,0,255,2,9,0
369890,1,1,0,1,0,0,255,2,9,0
369929,1,1,0,0,0,0,255,2,9,0
370085,0,1,0,1,0,0,255,2,9,0
370091,1,0,0,1,1,0,255,2,9,0
370110,0,0,1,1,0,0,255,2,9,0
370140,0,1,1,0,1,0,255,2,9,0
370145,0,1,1,0,1,0,255,2,9,0
370156,1,1,0,0,0,0,255,2,9,0
370160,0,1,1,0,1,0,255,2,9,0
370306,0,0,1,1,0,0,255,2,9,0
370327,0,1,0,0,0,0,255,2,9,0
370426,0,0,0,0,1,0,255,2,9,0
370469,1,1,1,1,1,0,255,2,9,0
370497,0,0,1,1,0,0,255,2,9,0
370558,0,1,0,1,0,0,255,2,9,0
370586,1,0,0,1,1,0,255,2,9,0
370593,1,0,1,0,0,0,255,2,9,0
370699,1,1,0,0,0,0,255,2,9,0
371099,0,0,1,1,0,0,255,2,9,0
371247,1,1,0,0,0,0,255,2,9,0
371339,1,1,0,0,0,0,255,2,9,0
371368,1,1,1,1,1,0,255,2,9,0
371388,1,1,1,1,1,0,255,2,9,0
371421,1,1,1,1,1,0,255,2,9,0
371536,1,0,1,0,0,0,255,2,9,0
371696,0,1,1,0,1,0,255,2,9,0
371749,1,1,1,1,1,0,255,2,9,0
371755,1,0,0,1,1,0,255,2,9,0
371807,0,1,1,0,1,0,255,2,9,0
371980,1,0,0,1,1,0,255,2,9,0
372067,0,1,0,1,0,0,255,2,9,0
372086,0,0,1,1,0,0,255,2,9,0
372165,0,1,1,0,1,0,255,2,9,0
372167,0,0,1,1,0,0,255,2,9,0
372254,0,0,0,0,1,0,255,2,9,0
372265,1,0,1,0,0,0,255,2,9,0
372307,1,1,1,1,1,0,255,2,9,0
372537,1,0,0,1,1,0,255,2,9,0
372601,1,0,0,1,1,0,255,2,9,0
372630,1,0,0,1,1,0,255,2,9,0
372691,1,1,0,0,0,0,255,2,9,0
372884,0,0,0,0,1,0,255,2,9,0
372903,0,1,0,1,0,0,255,2,9,0
373063,1,0,0,1,1,0,255,2,9,0
373136,0,0,1,1,0,0,255,2,9,0
373146,0,0,0,0,1,0,255,2,9,0
373182,1,1,0,0,0,0,255,2,9,0
373231,0,1,1,0,1,0,255,2,9,0
373468,1,0,1,0,0,0,255,2,9,0
373500,1,0,0,1,1,0,255,2,9,0
373577,1,1,0,0,0,0,255,2,9,0
373601,0,1,1,0,1,0,255,2,9,0
373873,1,1,1,1,1,0,255,2,9,0
373920,1,1,1,1,1,0,255,2,9,0
373960,0,0,0,0,1,0,255,2,9,0
373973,0,0,0,0,1,0,255,2,9,0
374893,1,1,1,1,1,0,255,2,9,0
375183,0,1,0,1,0,0,255,2,9,0
375197,0,1,1,0,1,0,255,2,9,0
375212,1,1,0,0,0,0,255,2,9,0
375275,0,0,1,1,0,0,255,2,9,0
375309,0,0,0,0,1,0,255,2,9,0
375367,0,1,1,0,1,0,255,2,9,0
375583,1,0,1,0,0,0,255,2,9,0
375592,0,0,1,1,0,0,255,2,9,0
375630,1,1,0,0,0,0,255,2,9,0
375714,1,1,1,1,1,0,255,2,9,0
375719,1,0,1,0,0,0,255,2,9,0
375745,0,1,1,0,1,0,255,2,9,0
375776,1,1,0,0,0,0,255,2,9,0
375871,1,0,0,1,1,0,255,2,9,0
375978,1,0,1,0,0,0,255,2,9,0
376259,0,1,1,0,1,0,255,2,9,0
376438,1,0,0,1,1,0,255,2,9,0
376501,1,0,0,1,1,0,255,2,9,0
376511,0,1,0,1,0,0,255,2,9,0
376622,0,0,0,0,1,0,255,2,9,0
376658,0,0,1,1,0,0,255,2,9,0
376739,1,1,0,0,0,0,255,2,9,0
376796,0,1,1,0,1,0,255,2,9,0
376844,1,0,1,0,0,0,255,2,9,0
376877,0,0,1,1,0,0,255,2,9,0
376931,1,0,0,1,1,0,255,2,9,0
376981,1,1,0,0,0,0,255,2,9,0
377010,1,1,1,1,1,0,255,2,9,0
377096,0,1,1,0,1,0,255,2,9,0
377185,1,0,0,0,1,1,255,2,9,0
377219,0,1,0,1,0,0,255,2,9,0
377275,1,1,0,0,0,0,255,2,9,0
377333,0,0,0,0,1,0,255,2,9,0
377510,1,1,0,0,0,0,255,2,9,0
377564,0,0,1,1,0,0,255,2,9,0
377664,1,1,1,1,1,0,255,2,9,0
377675,0,1,1,0,1,0,255,2,9,0
377732,1,0,1,0,0,0,255,2,9,0
377780,1,0,0,1,1,0,255,2,9,0
377860,0,1,1,0,1,0,255,2,9,0
377882,0,1,1,0,1,0,255,2,9,0
378197,0,1,0,1,0,0,255,2,9,0
378358,1,0,1,0,0,0,255,2,9,0
378439,1,0,1,0,0,0,255,2,9,0
378643,1,1,1,1,1,0,255,2,9,0
378682,1,0,1,0,0,0,255,2,9,0
378716,1,1,1,1,1,0,255,2,9,0
378750,0,1,0,1,0,0,255,2,9,0
379091,1,0,0,1,1,0,255,2,9,0
379112,0,0,0,0,1,0,255,2,9,0
379304,1,1,1,1,1,0,255,2,9,0
379338,0,0,1,1,0,0,255,2,9,0
379372,1,1,0,1,0,0,255,2,9,0
379411,0,0,1,0,0,0,255,2,9,0
379500,0,0,0,0,1,0,255,2,9,0
379665,0,1,0,1,0,0,255,2,9,0
379683,0,1,1,0,1,0,255,2,9,0
379819,1,1,1,1,1,0,255,2,9,0
379826,0,1,0,1,0,0,255,2,9,0
380033,1,1,0,0,0,0,255,2,9,0
380070,1,1,1,1,1,0,255,2,9,0
380165,0,1,1,0,1,0,255,2,9,0
380203,0,1,0,1,0,0,255,2,9,0
380359,1,1,0,0,0,0,255,2,9,0
380462,1,0,0,1,1,0,255,2,9,0
380481,1,1,0,0,0,0,255,2,9,0
380576,1,1,1,1,1,0,255,2,9,0
380577,0,1,1,0,1,0,255,2,9,0
380597,1,1,0,0,0,0,255,2,9,0
380935,1,1,0,0,0,0,255,2,9,0
381033,1,1,1,1,1,0,255,2,9,0
381061,0,0,0,0,1,0,255,2,9,0
381087,1,0,1,0,0,0,255,2,9,0
381156,1,1,0,0,0,0,255,2,9,0
381411,0,0,1,1,0,0,255,2,9,0
381434,1,1,0,0,0,0,255,2,9,0
381543,0,0,0,0,1,0,255,2,9,0
381587,1,1,1,1,1,0,255,2,9,0
381600,1,0,1,0,0,0,255,2,9,0
381620,1,1,1,1,1,0,255,2,9,0
381746,1,1,0,0,0,0,255,2,9,0
381901,1,0,0,1,1,0,255,2,9,0
382001,1,1,0,0,0,0,255,2,9,0
382064,1,0,0,1,1,0,255,2,9,0
382069,1,0,1,1,0,0,255,2,9,0
382099,0,0,0,0,1,0,255,2,9,0
382146,0,1,1,0,1,0,255,2,9,0
382333,0,1,1,0,1,0,255,2,9,0
382429,0,1,1,0,1,0,255,2,9,0
382439,1,0,0,1,1,0,255,2,9,0
382488,1,0,1,0,0,0,255,2,9,0
382532,1,0,0,1,1,0,255,2,9,0
382660,1,1,0,0,0,0,255,2,9,0
382690,0,1,1,0,1,0,255,2,9,0
382758,0,0,1,1,0,0,255,2,9,0
382962,0,1,1,0,1,0,255,2,9,0
382963,1,1,1,1,1,0,255,2,9,0
383035,0,0,1,1,0,0,255,2,9,0
383144,0,1,0,1,0,0,255,2,9,0
383189,1,0,1,0,0,0,255,2,9,0
383249,1,0,1,0,0,0,255,2,9,0
383264,1,1,1,1,1,0,255,2,9,0
383410,1,1,1,1,1,0,255,2,9,0
383438,1,0,0,1,1,0,255,2,9,0
383640,1,1,0,0,0,0,255,2,9,0
383770,1,1,1,1,1,0,255,2,9,0
383835,1,0,0,1,1,0,255,2,9,0
383908,0,1,1,0,1,0,255,2,9,0
384139,0,0,1,1,0,0,255,2,9,0
384153,0,0,1,1,0,0,255,2,9,0
384253,0,0,1,1,0,0,255,2,9,0
384286,1,0,1,0,0,0,255,2,9,0
384362,1,1,1,1,1,0,255,2,9,0
384405,1,0,0,1,1,0,255,2,9,0
384564,1,0,1,0,0,0,255,2,9,0
384585,1,0,0,1,1,0,255,2,9,0
384669,0,1,0,0,0,0,255,2,9,0
384706,0,0,0,0,1,0,255,2,9,0
384707,1,0,0,1,1,0,255,2,9,0
384808,0,1,1,0,1,0,255,2,9,0
385027,0,1,0,1,0,0,255,2,9,0
385132,0,0,0,0,1,0,255,2,9,0
385186,1,1,1,1,1,0,255,2,9,0
385225,1,1,1,1,1,0,255,2,9,0
385231,0,1,1,0,1,0,255,2,9,0
385469,1,0,1,0,0,0,255,2,9,0
385483,1,1,0,0,0,0,255,2,9,0
385605,1,1,0,0,0,0,255,2,9,0
385606,1,1,0,0,0,0,255,2,9,0
385616,1,1,1,1,1,0,255,2,9,0
385751,0,0,0,0,1,0,255,2,9,0
385765,1,0,0,1,1,0,255,2,9,0
385910,0,0,0,0,1,0,255,2,9,0
386235,0,0,1,1,0,0,255,2,9,0
386240,0,0,1,1,0,0,255,2,9,0
386258,0,1,1,0,1,0,255,2,9,0
386339,0,0,1,1,0,0,255,2,9,0
386351,1,0,1,0,0,0,255,2,9,0
386453,1,0,0,1,1,0,255,2,9,0
386516,1,0,1,0,0,0,255,2,9,0
386561,0,1,0,1,0,0,255,2,9,0
386679,0,0,0,0,1,0,255,2,9,0
386773,0,1,0,1,0,0,255,2,9,0
386789,0,0,0,0,1,0,255,2,9,0
386931,1,1,0,0,0,0,255,2,9,0
386938,1,0,0,1,1,0,255,2,9,0
386967,1,0,0,1,1,0,255,2,9,0
387053,0,1,1,0,1,0,255,2,9,0
387210,0,0,0,0,1,0,255,2,9,0
387258,0,0,1,1,0,0,255,2,9,0
387262,1,1,1,0,1,1,255,2,9,0
387547,1,1,1,1,1,0,255,2,9,0
387722,1,1,1,1,1,0,255,2,9,0
388005,0,1,0,1,0,0,255,2,9,0
388044,1,1,0,0,0,0,255,2,9,0
388285,1,1,1,1,1,0,255,2,9,0
388346,1,1,0,0,0,0,255,2,9,0
388406,0,1,0,1,0,0,255,2,9,0
388550,1,0,1,0,0,0,255,2,9,0
388564,0,0,0,0,1,0,255,2,9,0
388588,0,0,0,0,1,0,255,2,9,0
388681,0,1,1,0,1,0,255,2,9,0
388698,0,0,0,0,1,0,255,2,9,0
388784,1,0,0,1,1,0,255,2,9,0
388956,0,0,1,1,0,0,255,2,9,0
389043,0,0,0,0,1,0,255,2,9,0
389063,1,1,1,1,1,0,255,2,9,0
389257,1,0,0,1,1,0,255,2,9,0
389289,1,1,1,1,1,0,255,2,9,0
389305,0,1,0,1,0,0,255,2,9,0
389318,1,0,1,0,0,0,255,2,9,0
389516,0,0,0,0,1,0,255,2,9,0
389595,1,0,1,0,0,0,255,2,9,0
389613,1,1,0,0,0,0,255,2,9,0
389685,0,1,0,1,0,0,255,2,9,0
389781,1,1,1,1,1,0,255,2,9,0
389792,1,0,1,0,0,0,255,2,9,0
389992,1,1,0,0,0,0,255,2,9,0
390003,0,0,1,1,0,0,255,2,9,0
390149,0,1,1,0,1,0,255,2,9,0
390162,1,0,1,0,0,0,255,2,9,0
390214,0,0,1,1,0,0,255,2,9,0
390418,1,0,1,0,0,0,255,2,9,0
390511,1,1,1,1,1,0,255,2,9,0
390888,0,1,1,1,1,1,255,2,9,0
390938,0,1,1,0,1,0,255,2,9,0
391029,1,1,0,0,0,0,255,2,9,0
391302,1,0,1,0,0,0,255,2,9,0
391357,0,0,0,0,1,0,255,2,9,0
391454,0,1,1,0,1,0,255,2,9,0
391519,0,1,1,0,1,0,255,2,9,0
391641,1,0,1,1,0,0,255,2,9,0
391655,1,0,0,1,1,0,255,2,9,0
391777,1,1,1,1,1,0,255,2,9,0
391789,1,0,1,0,0,0,255,2,9,0
391850,1,0,0,1,1,0,255,2,9,0
391920,1,0,1,0,0,0,255,2,9,0
392021,1,1,1,1,1,0,255,2,9,0
392056,1,0,1,0,0,0,255,2,9,0
392073,0,0,1,1,0,0,255,2,9,0
392434,0,0,1,1,0,0,255,2,9,0
392704,1,0,1,0,0,0,255,2,9,0
392841,1,0,1,0,0,0,255,2,9,0
393002,1,0,0,1,1,0,255,2,9,0
393047,0,1,1,0,1,0,255,2,9,0
393201,1,1,1,1,1,0,255,2,9,0
398292,0,1,1,0,1,0,17,2,12,0
406161,1,0,1,0,0,0,17,2,12,0
406439,1,1,1,1,1,0,17,2,12,0
414958,1,1,1,1,1,0,17,2,12,0
418116,0,0,1,1,0,0,17,2,12,0
419442,0,1,1,0,1,0,17,2,12,0
419533,0,1,0,1,0,0,17,2,12,0
420763,1,0,1,0,0,0,17,2,12,0
421443,1,0,1,0,0,0,17,2,12,0
421563,1,1,1,1,1,0,17,2,12,0
422609,0,0,1,1,0,0,17,2,12,0
428265,0,1,0,1,0,0,17,2,12,0
439473,0,1,0,1,0,0,17,2,12,0
441134,1,0,1,0,0,0,17,2,12,0
443500,1,0,1,0,0,0,17,2,12,0
447020,0,0,1,1,0,0,17,2,12,0
449062,0,1,0,1,0,0,17,2,12,0
449915,0,0,0,0,1,0,17,2,12,0
450276,0,0,0,0,1,0,17,2,12,0
454123,1,1,0,0,0,0,17,2,12,0
483616,0,1,0,1,0,0,2,2,12,0
484997,0,1,1,0,1,0,2,2,12,0
490185,1,0,0,1,1,0,2,2,12,0
505386,1,0,1,0,0,0,2,2,12,0
514072,1,1,0,0,0,0,2,2,12,0
524636,0,1,0,1,0,0,255,2,12,0
524678,0,1,1,0,1,0,255,2,12,0
524684,1,1,1,1,1,0,255,2,12,0
525015,0,0,0,0,1,0,255,2,12,0
525023,0,1,0,1,0,0,255,2,12,0
525590,1,0,0,1,1,0,255,2,12,0
526045,0,1,0,1,0,0,255,2,12,0
526070,0,1,1,0,1,0,255,2,12,0
526143,1,1,1,1,1,0,255,2,12,0
526358,0,1,1,0,1,0,255,2,12,0
526364,0,0,1,1,0,0,255,2,12,0
526516,1,1,1,1,1,0,255,2,12,0
526615,1,0,0,1,1,0,255,2,12,0
526701,0,1,1,0,1,0,255,2,12,0
526787,0,1,0,1,0,0,255,2,12,0
526831,1,1,0,0,0,0,255,2,12,0
526925,0,1,1,0,1,0,255,2,12,0
526943,1,1,0,0,0,0,255,2,12,0
527104,1,0,1,1,0,0,255,2,12,0
527124,1,0,0,1,1,0,255,2,12,0
527245,0,1,0,1,0,0,255,2,12,0
527296,1,1,0,0,0,0,255,2,12,0
527446,1,0,0,1,1,0,255,2,12,0
527766,1,0,0,1,1,0,255,2,12,0
528024,1,0,0,1,1,0,255,2,12,0
528043,1,0,1,0,0,0,255,2,12,0
528208,1,0,1,0,0,0,255,2,12,0
528299,1,1,1,1,1,0,255,2,12,0
528351,1,1,0,0,0,0,255,2,12,0
528462,1,0,1,0,0,0,255,2,12,0
528582,0,0,0,0,1,0,255,2,12,0
528624,1,1,0,0,0,0,255,2,12,0
528837,0,1,0,1,0,0,255,2,12,0
528923,1,1,1,1,1,0,255,2,12,0
528946,1,0,0,1,1,0,255,2,12,0
529064,0,1,1,1,1,1,255,2,12,0
529297,1,0,0,1,1,0,255,2,12,0
529317,1,1,0,0,0,0,255,2,12,0
529406,0,1,0,0,0,0,255,2,12,0
529453,1,0,0,1,1,0,255,2,12,0
529541,1,1,0,0,0,0,255,2,12,0
529549,0,1,0,1,0,0,255,2,12,0
529645,1,1,0,0,0,0,255,2,12,0
529935,1,0,1,0,0,0,255,2,12,0
530180,0,1,1,0,1,0,255,2,12,0
530259,1,0,0,1,1,0,255,2,12,0
530433,0,1,0,1,0,0,255,2,12,0
530442,0,0,1,1,0,0,255,2,12,0
530551,0,1,0,1,0,0,255,2,12,0
530633,0,1,0,1,0,0,255,2,12,0
530653,0,1,0,1,0,0,255,2,12,0
530680,1,1,0,0,0,0,255,2,12,0
530749,0,0,0,0,1,0,255,2,12,0
531235,1,0,1,0,0,0,255,2,12,0
531237,1,0,0,1,1,0,255,2,12,0
531261,0,0,1,1,0,0,255,2,12,0
531361,1,0,0,1,1,0,255,2,12,0
531619,0,1,1,0,1,0,255,2,12,0
531678,1,0,0,1,1,0,255,2,12,0
531705,1,1,1,1,1,0,255,2,12,0
531850,1,0,1,0,0,0,255,2,12,0
531874,0,0,1,1,0,0,255,2,12,0
532074,1,0,1,0,0,0,255,2,12,0
532086,0,1,0,1,0,0,255,2,12,0
532109,0,1,0,1,0,0,255,2,12,0
532203,1,0,0,1,1,0,255,2,12,0
532215,0,1,0,1,0,0,255,2,12,0
532280,1,1,1,1,1,0,255,2,12,0
532327,0,0,1,1,0,0,255,2,12,0
532340,0,1,0,1,0,0,255,2,12,0
532413,0,0,0,0,1,0,255,2,12,0
532656,0,0,0,0,1,0,255,2,12,0
532740,1,0,0,1,1,0,255,2,12,0
532788,0,0,1,1,0,0,255,2,12,0
532816,0,0,1,1,0,0,255,2,12,0
532905,0,1,0,1,0,0,255,2,12,0
532916,0,0,0,0,1,0,255,2,12,0
532986,0,0,1,1,0,0,255,2,12,0
533004,0,1,1,0,1,0,255,2,12,0
533117,1,1,0,0,0,0,255,2,12,0
533137,0,1,1,0,1,0,255,2,12,0
533231,1,0,0,1,1,0,255,2,12,0
533252,1,1,0,0,0,0,255,2,12,0
533290,0,1,0,1,0,0,255,2,12,0
533322,1,1,0,0,0,0,255,2,12,0
533332,0,1,0,1,0,0,255,2,12,0
533410,0,0,1,1,0,0,255,2,12,0
533475,1,1,1,1,1,0,255,2,12,0
533505,0,0,1,1,0,0,255,2,12,0
533571,0,0,1,1,0,0,255,2,12,0
533656,0,0,1,1,0,0,255,2,12,0
533774,0,1,0,1,0,0,255,2,12,0
533805,0,1,0,1,0,0,255,2,12,0
533810,0,0,1,0,0,0,255,2,12,0
533983,0,0,1,1,0,0,255,2,12,0
534029,0,1,1,0,1,0,255,2,12,0
534111,1,1,0,0,0,0,255,2,12,0
534210,0,0,1,1,0,0,255,2,12,0
534244,1,0,0,1,1,0,255,2,12,0
534331,1,1,1,1,1,0,255,2,12,0
534474,1,0,0,0,1,1,255,2,12,0
534488,1,1,0,0,0,0,255,2,12,0
534678,0,0,1,1,0,0,255,2,12,0
534872,0,1,1,0,1,0,255,2,12,0
534884,0,0,1,1,0,0,255,2,12,0
534896,0,0,1,1,0,0,255,2,12,0
534933,1,1,0,0,0,0,255,2,12,0
535173,0,0,0,0,1,0,255,2,12,0
535285,0,0,1,1,0,0,255,2,12,0
535344,1,1,1,1,1,0,255,2,12,0
535397,0,0,1,1,0,0,255,2,12,0
535539,1,0,1,0,0,0,255,2,12,0
535724,1,1,1,1,1,0,255,2,12,0
535734,1,1,0,0,0,0,255,2,12,0
535751,1,0,0,1,1,0,255,2,12,0
535808,0,1,1,0,1,0,255,2,12,0
536202,1,1,1,1,1,0,255,2,12,0
536510,1,0,0,1,1,0,255,2,12,0
536570,0,0,1,1,0,0,255,2,12,0
536603,1,1,1,1,1,0,255,2,12,0
536613,0,0,1,1,0,0,255,2,12,0
536812,0,1,0,1,0,0,255,2,12,0
536866,0,1,0,1,0,0,255,2,12,0
536937,1,1,1,1,1,0,255,2,12,0
536940,0,1,0,1,0,0,255,2,12,0
537006,0,0,0,0,1,0,255,2,12,0
537014,0,0,1,1,0,0,255,2,12,0
537102,0,0,0,1,1,1,255,2,12,0
537287,0,0,0,0,1,0,255,2,12,0
537372,1,0,1,0,0,0,255,2,12,0
537592,1,0,0,1,1,0,255,2,12,0
537841,1,0,0,1,1,0,255,2,12,0
537925,1,0,1,0,0,0,255,2,12,0
538220,1,1,0,0,0,0,255,2,12,0
538481,1,0,0,1,1,0,255,2,12,0
538563,1,0,0,1,1,0,255,2,12,0
538714,0,1,0,1,0,0,255,2,12,0
538730,0,1,1,0,1,0,255,2,12,0
538828,1,0,1,0,0,0,255,2,12,0
538903,1,1,1,0,1,1,255,2,12,0
539096,1,1,0,0,0,0,255,2,12,0
539128,0,1,0,1,0,0,255,2,12,0
539278,1,0,0,1,1,0,255,2,12,0
539440,1,1,1,1,1,0,255,2,12,0
539460,1,1,1,1,1,0,255,2,12,0
539554,0,1,1,0,1,0,255,2,12,0
539698,1,0,0,1,1,0,255,2,12,0
539888,0,0,0,0,1,0,255,2,12,0
539908,0,0,1,1,0,0,255,2,12,0
540106,0,1,0,1,0,0,255,2,12,0
540121,0,0,0,0,1,0,255,2,12,0
540141,0,1,1,0,1,0,255,2,12,0
540296,1,1,0,0,0,0,255,2,12,0
540363,0,0,1,1,0,0,255,2,12,0
540405,0,0,1,1,0,0,255,2,12,0
540492,0,0,0,0,1,0,255,2,12,0
540577,1,1,0,0,0,0,255,2,12,0
541044,1,1,0,0,0,0,255,2,12,0
541172,1,1,0,0,0,0,255,2,12,0
541421,0,1,1,0,1,0,255,2,12,0
541460,1,0,0,1,1,0,255,2,12,0
541620,1,0,0,1,1,0,255,2,12,0
541731,1,0,1,0,0,0,255,2,12,0
541763,1,0,0,1,1,0,255,2,12,0
542093,1,0,1,0,0,0,255,2,12,0
542202,0,1,0,1,0,0,255,2,12,0
542220,1,0,0,1,1,0,255,2,12,0
542259,0,0,0,0,1,0,255,2,12,0
542317,1,1,0,0,0,0,255,2,12,0
542728,1,0,1,0,0,0,255,2,12,0
542754,0,1,1,0,1,0,255,2,12,0
543003,1,0,0,1,1,0,255,2,12,0
543038,0,0,1,1,0,0,255,2,12,0
543043,0,0,1,0,0,0,255,2,12,0
543099,1,1,1,1,1,0,255,2,12,0
543128,1,0,1,1,0,0,255,2,12,0
543188,1,1,0,0,0,0,255,2,12,0
543416,0,0,1,1,0,0,255,2,12,0
543449,0,0,0,0,1,0,255,2,12,0
543497,0,1,0,1,0,0,255,2,12,0
543561,0,1,0,1,0,0,255,2,12,0
543608,0,0,0,0,1,0,255,2,12,0
543942,0,1,0,1,0,0,255,2,12,0
543951,1,1,0,0,0,0,255,2,12,0
544215,1,1,0,0,0,0,255,2,12,0
544275,0,0,0,0,1,0,255,2,12,0
544343,0,1,0,1,0,0,255,2,12,0
544409,0,0,0,0,1,0,255,2,12,0
544680,1,0,0,1,1,0,255,2,12,0
544827,0,1,1,0,1,0,255,2,12,0
544928,0,1,0,1,0,0,255,2,12,0
544955,1,0,0,1,1,0,255,2,12,0
545080,0,0,0,0,1,0,255,2,12,0
545096,0,1,1,0,1,0,255,2,12,0
545174,0,0,1,1,0,0,255,2,12,0
545326,0,0,1,1,0,0,255,2,12,0
545549,1,0,1,0,0,0,255,2,12,0
545561,0,0,0,0,1,0,255,2,12,0
545576,1,0,0,1,1,0,255,2,12,0
545955,0,1,1,0,1,0,255,2,12,0
546061,0,0,0,0,1,0,255,2,12,0
546212,1,0,0,1,1,0,255,2,12,0
546564,0,1,1,0,1,0,255,2,12,0
546669,1,0,0,1,1,0,255,2,12,0
546697,1,0,0,1,1,0,255,2,12,0
546742,1,0,1,1,0,0,255,2,12,0
546920,0,0,1,1,0,0,255,2,12,0
547058,0,1,1,0,1,0,255,2,12,0
547315,1,0,0,1,1,0,255,2,12,0
547567,0,0,1,1,0,0,255,2,12,0
547596,1,0,1,0,0,0,255,2,12,0
547603,1,0,0,1,1,0,255,2,12,0
547628,1,1,0,0,0,0,255,2,12,0
547707,0,0,0,0,1,0,255,2,12,0
547709,0,0,0,0,1,0,255,2,12,0
547829,1,0,1,0,0,0,255,2,12,0
547875,1,1,0,0,0,0,255,2,12,0
547961,0,0,1,1,0,0,255,2,12,0
548160,0,0,0,0,1,0,255,2,12,0
548161,0,0,0,0,1,0,255,2,12,0
548219,0,1,0,1,0,0,255,2,12,0
548374,1,0,1,0,0,0,255,2,12,0
548433,0,1,0,1,0,0,255,2,12,0
548643,0,0,0,0,1,0,255,2,12,0
548747,1,0,0,1,1,0,255,2,12,0
548768,1,0,0,1,1,0,255,2,12,0
548909,1,0,1,0,0,0,255,2,12,0
549064,1,0,0,1,1,0,255,2,12,0
549188,1,1,0,0,0,0,255,2,12,0
549273,0,0,0,0,1,0,255,2,12,0
549396,0,0,1,1,0,0,255,2,12,0
549482,1,1,1,1,1,0,255,2,12,0
550296,1,1,1,1,1,0,255,2,12,0
550324,1,1,0,0,0,0,255,2,12,0
550354,1,0,0,1,1,0,255,2,12,0
550644,1,0,1,0,0,0,255,2,12,0
550645,0,1,1,0,1,0,255,2,12,0
550688,0,0,0,0,1,0,255,2,12,0
550987,0,0,1,1,0,0,255,2,12,0
551037,1,0,1,0,0,0,255,2,12,0
551075,1,1,1,1,1,0,255,2,12,0
551143,1,1,1,1,1,0,255,2,12,0
551252,1,1,0,0,0,0,255,2,12,0
551257,0,0,0,0,1,0,255,2,12,0
551275,0,1,1,0,1,0,255,2,12,0
551284,1,0,1,0,0,0,255,2,12,0
551331,1,0,1,0,0,0,255,2,12,0
551427,1,0,1,0,0,0,255,2,12,0
551487,0,0,0,0,1,0,255,2,12,0
551525,1,1,1,1,1,0,255,2,12,0
551643,0,1,1,0,1,0,255,2,12,0
551771,0,0,0,0,1,0,255,2,12,0
551865,0,0,0,0,1,0,255,2,12,0
551875,1,1,1,1,1,0,255,2,12,0
551973,1,0,1,0,0,0,255,2,12,0
551996,0,0,0,0,1,0,255,2,12,0
552016,0,1,0,1,0,0,255,2,12,0
552018,1,0,0,1,1,0,255,2,12,0
552085,1,0,1,0,0,0,255,2,12,0
552093,1,0,0,1,1,0,255,2,12,0
552216,0,1,0,1,0,0,255,2,12,0
552280,1,0,0,1,1,0,255,2,12,0
552350,0,0,1,1,0,0,255,2,12,0
552747,1,1,1,1,1,0,255,2,12,0
552770,0,0,1,1,0,0,255,2,12,0
552876,0,1,1,0,1,0,255,2,12,0
553037,1,1,0,0,0,0,255,2,12,0
553156,0,0,1,0,0,0,255,2,12,0
553379,1,1,0,0,0,0,255,2,12,0
553442,0,0,0,0,1,0,255,2,12,0
553467,1,1,1,1,1,0,255,2,12,0
553758,1,1,0,0,0,0,255,2,12,0
553811,1,0,1,0,0,0,255,2,12,0
553998,1,1,0,0,0,0,255,2,12,0
554233,1,0,0,1,1,0,255,2,12,0
554588,0,1,1,0,1,0,255,2,12,0
554813,1,0,0,1,1,0,255,2,12,0
554863,1,0,1,1,0,0,255,2,12,0
554962,0,0,0,0,1,0,255,2,12,0
555048,0,1,0,1,0,0,255,2,12,0
555086,1,0,1,0,0,0,255,2,12,0
555168,0,1,0,1,0,0,255,2,12,0
555204,1,0,1,0,0,0,255,2,12,0
555256,1,1,1,1,1,0,255,2,12,0
555305,1,0,0,1,1,0,255,2,12,0
555489,1,0,1,0,0,0,255,2,12,0
555498,1,0,0,1,1,0,255,2,12,0
555583,1,0,1,0,0,0,255,2,12,0
555977,1,1,0,0,0,0,255,2,12,0
556014,1,0,1,0,0,0,255,2,12,0
556648,1,1,1,1,1,0,255,2,12,0
556660,1,0,0,1,1,0,255,2,12,0
556826,0,0,1,1,0,0,255,2,12,0
556929,1,1,0,0,0,0,255,2,12,0
556953,0,1,1,0,1,0,255,2,12,0
556975,0,0,1,1,0,0,255,2,12,0
557040,0,1,1,0,1,0,255,2,12,0
557062,1,0,1,0,0,0,255,2,12,0
557250,0,1,0,1,0,0,255,2,12,0
557303,1,0,0,1,1,0,255,2,12,0
557870,0,0,0,0,1,0,255,2,12,0
558068,1,0,1,0,0,0,255,2,12,0
558093,1,0,0,1,1,0,255,2,12,0
558328,0,1,1,0,1,0,255,2,12,0
558491,1,0,0,1,1,0,255,2,12,0
558513,0,0,1,1,0,0,255,2,12,0
558532,0,1,1,0,1,0,255,2,12,0
558577,0,0,1,1,0,0,255,2,12,0
558617,1,1,0,0,0,0,255,2,12,0
558716,0,0,1,1,0,0,255,2,12,0
558999,1,1,0,0,0,0,255,2,12,0
559055,0,0,1,1,0,0,255,2,12,0
559231,0,1,1,0,1,0,255,2,12,0
559271,1,0,1,0,0,0,255,2,12,0
559272,0,1,1,0,1,0,255,2,12,0
559333,1,1,1,1,1,0,255,2,12,0
559486,1,0,1,0,0,0,255,2,12,0
559487,1,0,0,1,1,0,255,2,12,0
559718,1,1,0,0,0,0,255,2,12,0
559791,1,1,0,0,0,0,255,2,12,0
559811,1,1,1,1,1,0,255,2,12,0
559924,0,1,0,1,0,0,255,2,12,0
559925,1,1,0,0,0,0,255,2,12,0
559965,0,0,0,0,1,0,255,2,12,0
559966,0,1,0,1,0,0,255,2,12,0
560006,1,0,1,0,0,0,255,2,12,0
560039,0,1,0,1,0,0,255,2,12,0
560129,1,1,0,0,0,0,255,2,12,0
560174,1,0,1,0,0,0,255,2,12,0
560299,1,0,1,0,0,0,255,2,12,0
560449,0,0,0,0,1,0,255,2,12,0
560540,0,0,1,1,0,0,255,2,12,0
560551,0,0,1,1,0,0,255,2,12,0
560608,1,1,1,1,1,0,255,2,12,0
560726,0,1,0,1,0,0,255,2,12,0
560731,0,0,0,0,1,0,255,2,12,0
561039,1,1,1,1,1,0,255,2,12,0
561106,1,1,0,0,0,0,255,2,12,0
561367,1,1,0,0,0,0,255,2,12,0
561415,1,0,1,0,0,0,255,2,12,0
561578,1,1,1,1,1,0,255,2,12,0
561639,0,0,0,0,1,0,255,2,12,0
561666,0,0,0,0,1,0,255,2,12,0
561731,0,0,1,1,0,0,255,2,12,0
561748,0,0,1,1,0,0,255,2,12,0
561860,0,1,0,1,0,0,255,2,12,0
561914,1,0,1,0,0,0,255,2,12,0
562176,1,1,0,0,0,0,255,2,12,0
562249,0,0,1,1,0,0,255,2,12,0
562446,1,0,0,1,1,0,255,2,12,0
562472,1,1,1,1,1,0,255,2,12,0
562550,1,1,0,0,0,0,255,2,12,0
562663,0,0,1,1,0,0,255,2,12,0
562785,1,1,0,0,0,0,255,2,12,0
563156,1,0,1,0,0,0,255,2,12,0
563309,1,1,1,1,1,0,255,2,12,0
563555,1,1,1,1,1,0,255,2,12,0
563574,0,0,0,0,1,0,255,2,12,0
563862,0,1,0,1,0,0,255,2,12,0
564045,1,1,1,1,1,0,255,2,12,0
564105,0,1,0,1,0,0,255,2,12,0
564468,0,1,0,1,0,0,255,2,12,0
564568,0,1,0,1,0,0,255,2,12,0
564610,0,0,0,0,1,0,255,2,12,0
564873,0,0,0,0,1,0,255,2,12,0
565038,1,1,1,1,1,0,255,2,12,0
565209,1,0,1,0,0,0,255,2,12,0
565289,0,0,1,1,0,0,255,2,12,0
565305,1,1,1,1,1,0,255,2,12,0
565349,1,0,1,0,0,0,255,2,12,0
565538,1,1,1,1,1,0,255,2,12,0
565626,0,1,0,1,0,0,255,2,12,0
565778,0,0,1,1,0,0,255,2,12,0
565844,1,0,0,1,1,0,255,2,12,0
565877,1,1,1,1,1,0,255,2,12,0
566161,0,1,1,0,1,0,255,2,12,0
566200,0,0,1,1,0,0,255,2,12,0
566503,1,1,0,0,0,0,255,2,12,0
566639,0,1,1,0,1,0,255,2,12,0
566947,1,0,0,1,1,0,255,2,12,0
567038,0,0,1,1,0,0,255,2,12,0
567044,0,1,1,0,1,0,255,2,12,0
567102,0,1,0,1,0,0,255,2,12,0
567115,0,1,1,0,1,0,255,2,12,0
567125,0,1,0,1,0,0,255,2,12,0
567183,0,1,1,0,1,0,255,2,12,0
567274,1,1,1,1,1,0,255,2,12,0
567290,0,1,1,0,1,0,255,2,12,0
567396,1,0,0,1,1,0,255,2,12,0
567624,0,0,0,0,1,0,255,2,12,0
567829,0,0,1,1,0,0,255,2,12,0
568071,1,1,1,1,1,0,255,2,12,0
568098,0,1,1,0,1,0,255,2,12,0
568179,1,0,0,0,1,1,255,2,12,0
568204,0,0,1,1,0,0,255,2,12,0
568246,0,0,1,1,0,0,255,2,12,0
568268,0,1,0,1,0,0,255,2,12,0
568412,0,1,1,0,1,0,255,2,12,0
568679,1,0,1,0,0,0,255,2,12,0
568936,1,0,1,0,0,0,255,2,12,0
569100,1,1,1,1,1,0,255,2,12,0
569613,1,1,0,0,0,0,255,2,12,0
569701,1,0,1,0,0,0,255,2,12,0
570034,1,1,0,0,0,0,255,2,12,0
570173,0,1,0,1,0,0,255,2,12,0
570199,0,1,1,0,1,0,255,2,12,0
570309,0,0,1,1,0,0,255,2,12,0
570349,1,1,0,0,0,0,255,2,12,0
570351,1,1,1,1,1,0,255,2,12,0
570481,0,0,1,1,0,0,255,2,12,0
570573,1,1,1,1,1,0,255,2,12,0
570669,1,1,0,0,0,0,255,2,12,0
570684,0,0,0,0,1,0,255,2,12,0
570730,1,0,1,0,0,0,255,2,12,0
570800,0,1,1,0,1,0,255,2,12,0
570873,1,0,1,0,0,0,255,2,12,0
571392,0,0,0,0,1,0,255,2,12,0
571594,1,0,1,0,0,0,255,2,12,0
571635,1,0,1,0,0,0,255,2,12,0
571637,0,0,0,0,1,0,255,2,12,0
571714,1,1,1,1,1,0,255,2,12,0
571811,0,0,0,0,1,0,255,2,12,0
572065,0,1,0,1,0,0,255,2,12,0
572187,0,0,1,1,0,0,255,2,12,0
572240,1,1,1,1,1,0,255,2,12,0
572276,1,0,0,1,1,0,255,2,12,0
572296,0,0,0,0,1,0,255,2,12,0
572379,1,0,0,1,1,0,255,2,12,0
572496,0,0,1,1,0,0,255,2,12,0
572514,1,1,1,1,1,0,255,2,12,0
572530,1,1,0,0,0,0,255,2,12,0
572678,1,0,0,1,1,0,255,2,12,0
572824,0,1,0,1,0,0,255,2,12,0
572994,0,0,1,1,0,0,255,2,12,0
573079,0,1,0,1,0,0,255,2,12,0
573138,1,0,0,1,1,0,255,2,12,0
573159,1,0,1,0,0,0,255,2,12,0
573627,1,0,1,0,0,0,255,2,12,0
573660,0,1,0,1,0,0,255,2,12,0
573698,1,0,1,0,0,0,255,2,12,0
574087,0,1,0,0,0,0,255,2,12,0
574614,0,0,0,0,1,0,255,2,12,0
574686,0,1,1,0,1,0,255,2,12,0
574944,1,0,1,0,0,0,255,2,12,0
575173,0,0,0,0,1,0,255,2,12,0
575203,1,0,0,1,1,0,255,2,12,0
575292,0,0,1,1,0,0,255,2,12,0
575718,0,0,1,1,0,0,255,2,12,0
575763,0,0,1,1,0,0,255,2,12,0
575772,0,1,1,0,1,0,255,2,12,0
575927,1,0,0,1,1,0,255,2,12,0
576022,1,1,1,1,1,0,255,2,12,0
576218,1,1,0,0,0,0,255,2,12,0
576253,1,1,0,0,0,0,255,2,12,0
576267,0,0,1,1,0,0,255,2,12,0
576274,1,1,1,1,1,0,255,2,12,0
576510,0,0,1,1,0,0,255,2,12,0
576611,0,0,0,0,1,0,255,2,12,0
576757,1,1,1,1,1,0,255,2,12,0
576950,0,0,0,0,1,0,255,2,12,0
576995,0,0,0,0,1,0,255,2,12,0
577082,1,1,0,0,0,0,255,2,12,0
577405,1,0,0,1,1,0,255,2,12,0
577506,1,1,0,0,0,0,255,2,12,0
577851,1,0,0,1,1,0,255,2,12,0
578039,1,1,1,1,1,0,255,2,12,0
578170,1,1,0,0,0,0,255,2,12,0
578317,0,1,0,1,0,0,255,2,12,0
578384,0,0,0,0,1,0,255,2,12,0
578452,0,0,1,1,0,0,255,2,12,0
578560,1,0,1,0,0,0,255,2,12,0
578639,0,0,1,1,0,0,255,2,12,0
578731,1,1,0,0,0,0,255,2,12,0
579063,0,1,1,0,1,0,255,2,12,0
579178,0,1,1,0,1,0,255,2,12,0
579233,1,1,1,1,1,0,255,2,12,0
579247,0,0,0,0,1,0,255,2,12,0
579380,1,1,1,1,1,0,255,2,12,0
579495,1,1,0,0,0,0,255,2,12,0
579748,1,1,1,1,1,0,255,2,12,0
579768,0,0,0,0,1,0,255,2,12,0
579948,0,1,0,1,0,0,255,2,12,0
580067,0,0,1,0,0,0,255,2,12,0
580111,0,1,0,1,0,0,255,2,12,0
580187,1,0,0,1,1,0,255,2,12,0
580748,0,0,1,1,0,0,255,2,12,0
580781,0,0,1,1,0,0,255,2,12,0
580794,1,1,0,0,0,0,255,2,12,0
580961,0,0,1,1,0,0,255,2,12,0
581243,1,1,1,1,1,0,255,2,12,0
581838,1,0,0,1,1,0,255,2,12,0
581916,1,0,0,1,1,0,255,2,12,0
581969,0,0,0,1,1,1,255,2,12,0
582018,0,0,0,0,1,0,255,2,12,0
582057,0,1,0,1,0,0,255,2,12,0
582317,1,1,0,0,0,0,255,2,12,0
582353,1,0,0,1,1,0,255,2,12,0
582369,0,0,0,0,1,0,255,2,12,0
582561,0,1,1,0,1,0,255,2,12,0
582650,0,0,0,0,1,0,255,2,12,0
582699,0,0,1,1,0,0,255,2,12,0
582705,0,1,1,0,1,0,255,2,12,0
582846,1,1,1,1,1,0,255,2,12,0
582877,1,0,1,0,0,0,255,2,12,0
583291,0,0,1,1,0,0,255,2,12,0
583593,0,1,0,1,0,0,255,2,12,0
583634,1,0,1,0,0,0,255,2,12,0
583749,0,1,0,1,0,0,255,2,12,0
583869,1,1,1,1,1,0,255,2,12,0
584144,1,1,1,1,1,0,255,2,12,0
584282,0,0,1,1,0,0,255,2,12,0
584461,1,0,0,1,1,0,255,2,12,0
584697,1,0,1,0,0,0,255,2,12,0
584811,0,1,1,0,1,0,255,2,12,0
585031,0,0,0,0,1,0,255,2,12,0
585057,1,1,0,0,0,0,255,2,12,0
585315,1,1,0,0,0,0,255,2,12,0
585535,0,1,1,0,1,0,255,2,12,0
585551,1,1,1,1,1,0,255,2,12,0
585617,0,0,1,1,0,0,255,2,12,0
585806,0,1,1,0,1,0,255,2,12,0
585841,1,1,0,0,0,0,255,2,12,0
586022,0,0,1,1,0,0,255,2,12,0
586278,1,1,1,1,1,0,255,2,12,0
586392,1,1,1,1,1,0,255,2,12,0
586461,0,0,1,0,0,0,255,2,12,0
586494,0,0,1,1,0,0,255,2,12,0
586646,1,0,1,0,0,0,255,2,12,0
586719,1,0,0,0,1,1,255,2,12,0
586738,1,0,1,0,0,0,255,2,12,0
586746,0,0,0,0,1,0,255,2,12,0
586859,1,1,1,1,1,0,255,2,12,0
587139,0,0,0,0,1,0,255,2,12,0
587273,1,1,1,1,1,0,255,2,12,0
587275,0,0,1,1,0,0,255,2,12,0
587291,0,1,0,1,0,0,255,2,12,0
587356,0,0,0,0,1,0,255,2,12,0
587429,1,0,1,0,0,0,255,2,12,0
587537,0,1,0,1,0,0,255,2,12,0
587725,1,0,1,0,0,0,255,2,12,0
587744,0,0,0,0,1,0,255,2,12,0
587831,1,1,0,0,0,0,255,2,12,0
587840,1,1,0,0,0,0,255,2,12,0
588084,0,0,1,1,0,0,255,2,12,0
588265,1,1,0,0,0,0,255,2,12,0
588309,1,1,1,1,1,0,255,2,12,0
588330,1,1,1,1,1,0,255,2,12,0
588360,0,1,1,0,1,0,255,2,12,0
588386,1,0,0,1,1,0,255,2,12,0
588405,1,0,1,0,0,0,255,2,12,0
588407,0,1,0,1,0,0,255,2,12,0
588671,1,1,0,0,0,0,255,2,12,0
588828,0,0,1,1,0,0,255,2,12,0
588832,1,1,0,0,0,0,255,2,12,0
588911,0,0,0,1,1,1,255,2,12,0
588998,1,0,0,1,1,0,255,2,12,0
589117,1,1,0,0,0,0,255,2,12,0
589327,0,0,1,1,0,0,255,2,12,0
589413,0,0,0,0,1,0,255,2,12,0
589525,1,0,0,1,1,0,255,2,12,0
589689,0,0,0,0,1,0,255,2,12,0
589796,1,1,0,0,0,0,255,2,12,0
590191,0,1,0,1,0,0,255,2,12,0
590516,0,0,1,1,0,0,255,2,12,0
590547,0,1,1,0,1,0,255,2,12,0
591074,0,0,1,1,0,0,255,2,12,0
591244,1,1,0,0,0,0,255,2,12,0
591309,0,0,0,0,1,0,255,2,12,0
591374,0,0,1,1,0,0,255,2,12,0
591663,0,0,1,1,0,0,255,2,12,0
591745,1,0,0,1,1,0,255,2,12,0
592156,0,1,0,1,0,0,255,2,12,0
592180,0,1,1,0,1,0,255,2,12,0
592223,1,1,1,1,1,0,255,2,12,0
592378,0,0,0,0,1,0,255,2,12,0
592399,0,0,1,1,0,0,255,2,12,0
592965,0,0,0,0,1,0,255,2,12,0
593157,1,0,1,0,0,0,255,2,12,0
593202,0,0,0,0,1,0,255,2,12,0
593400,1,0,1,0,0,0,255,2,12,0
593638,1,1,0,0,0,0,255,2,12,0
593928,0,0,1,1,0,0,255,2,12,0
593953,0,0,1,0,0,0,255,2,12,0
594070,0,1,1,0,1,0,255,2,12,0
594223,0,1,0,1,0,0,255,2,12,0
594595,1,0,1,0,0,0,255,2,12,0
594829,1,0,0,1,1,0,255,2,12,0
594838,1,0,0,1,1,0,255,2,12,0
594944,0,0,0,0,1,0,255,2,12,0
595017,0,0,1,1,0,0,255,2,12,0
595156,0,0,1,1,0,0,255,2,12,0
595292,0,1,0,1,0,0,255,2,12,0
595396,0,1,1,0,1,0,255,2,12,0
595589,0,1,0,1,0,0,255,2,12,0
595592,1,0,0,1,1,0,255,2,12,0
595615,0,0,1,1,0,0,255,2,12,0
595649,0,0,1,1,0,0,255,2,12,0
595813,0,1,0,1,0,0,255,2,12,0
595842,1,0,1,0,0,0,255,2,12,0
596337,0,0,1,1,0,0,255,2,12,0
596557,1,1,0,0,0,0,255,2,12,0
596592,0,1,0,1,0,0,255,2,12,0
596721,1,1,1,1,1,0,255,2,12,0
596925,1,0,0,1,1,0,255,2,12,0
597900,0,0,0,0,1,0,255,2,12,0
598022,0,1,0,0,0,0,255,2,12,0
598080,1,0,1,0,0,0,255,2,12,0
598429,1,0,1,1,0,0,255,2,12,0
598588,0,0,0,0,1,0,255,2,12,0
598786,0,0,1,1,0,0,255,2,12,0
598929,0,1,0,1,0,0,255,2,12,0
598950,1,1,0,0,0,0,255,2,12,0
599365,0,1,1,0,1,0,255,2,12,0
599380,0,1,1,0,1,0,255,2,12,0
599439,0,1,0,1,0,0,255,2,12,0
599494,1,1,0,1,0,0,255,2,12,0
599693,1,1,1,0,1,1,255,2,12,0
599781,1,1,1,1,1,0,255,2,12,0
600230,0,0,0,0,1,0,255,2,12,0
600636,0,0,1,1,0,0,255,2,12,0
600936,0,0,1,1,0,0,255,2,12,0
600980,1,0,0,1,1,0,255,2,12,0
601010,1,0,0,1,1,0,255,2,12,0
601089,1,0,0,1,1,0,255,2,12,0
601347,0,0,1,1,0,0,255,2,12,0
601382,0,1,1,0,1,0,255,2,12,0
601598,1,0,1,0,0,0,255,2,12,0
601751,1,0,0,1,1,0,255,2,12,0
602929,0,0,1,1,0,0,255,2,12,0
602944,1,0,0,1,1,0,255,2,12,0
602947,1,1,0,0,0,0,255,2,12,0
603149,0,1,0,1,0,0,255,2,12,0
603262,0,1,0,1,0,0,255,2,12,0
603342,1,0,1,0,0,0,255,2,12,0
603411,1,1,1,1,1,0,255,2,12,0
603413,1,1,1,1,1,0,255,2,12,0
603458,1,0,1,0,0,0,255,2,12,0
603479,1,1,1,1,1,0,255,2,12,0
603480,1,1,1,1,1,0,255,2,12,0
603546,0,0,0,0,1,0,255,2,12,0
603643,0,0,1,1,0,0,255,2,12,0
603678,0,0,1,1,0,0,255,2,12,0
603733,1,1,0,0,0,0,255,2,12,0
604104,1,0,0,1,1,0,255,2,12,0
604172,0,1,1,0,1,0,255,2,12,0
604229,1,0,0,1,1,0,255,2,12,0
604886,1,1,1,1,1,0,255,2,12,0
604894,1,0,0,1,1,0,255,2,12,0
605106,1,1,1,1,1,0,255,2,12,0
605142,0,0,1,1,0,0,255,2,12,0
605821,0,0,1,1,0,0,255,2,12,0
605823,0,0,0,0,1,0,255,2,12,0
605844,0,1,0,1,0,0,255,2,12,0
605863,1,1,0,0,0,0,255,2,12,0
605893,1,0,0,1,1,0,255,2,12,0
606099,0,0,0,0,1,0,255,2,12,0
606272,0,0,1,1,0,0,255,2,12,0
606321,0,1,0,1,0,0,255,2,12,0
606531,1,1,0,1,0,0,255,2,12,0
606658,0,0,1,1,0,0,255,2,12,0
606827,1,0,0,1,1,0,255,2,12,0
606846,0,0,1,1,0,0,255,2,12,0
607084,0,0,1,1,0,0,255,2,12,0
607653,0,1,1,0,1,0,255,2,12,0
607820,0,1,1,0,1,0,255,2,12,0
608041,0,0,0,0,1,0,255,2,12,0
608280,1,0,1,0,0,0,255,2,12,0
608509,1,0,1,0,0,0,255,2,12,0
608817,0,1,1,0,1,0,255,2,12,0
609044,1,0,1,0,0,0,255,2,12,0
609074,0,1,0,1,0,0,255,2,12,0
609243,0,1,0,1,0,0,255,2,12,0
609320,0,1,0,1,0,0,255,2,12,0
609387,0,1,1,0,1,0,255,2,12,0
609824,1,1,0,0,0,0,255,2,12,0
609974,0,0,0,0,1,0,255,2,12,0
610103,1,1,1,1,1,0,255,2,12,0
610246,0,1,0,1,0,0,255,2,12,0
610612,0,0,0,0,1,0,255,2,12,0
610782,0,0,1,1,0,0,255,2,12,0
610785,0,0,0,0,1,0,255,2,12,0
611086,0,0,1,1,0,0,255,2,12,0
611169,0,1,1,0,1,0,255,2,12,0
611183,1,1,0,0,0,0,255,2,12,0
611254,1,0,1,0,0,0,255,2,12,0
611581,1,1,1,1,1,0,255,2,12,0
611919,1,0,1,0,0,0,255,2,12,0
612833,0,1,0,1,0,0,255,2,12,0
613010,1,0,1,0,0,0,255,2,12,0
613275,1,1,1,1,1,0,255,2,12,0
613409,0,0,0,0,1,0,255,2,12,0
613411,1,0,0,1,1,0,255,2,12,0
613436,1,0,0,1,1,0,255,2,12,0
613509,1,1,0,0,0,0,255,2,12,0
613852,1,1,0,0,0,0,255,2,12,0
613874,1,1,1,1,1,0,255,2,12,0
614326,1,1,1,1,1,0,255,2,12,0
614536,0,1,0,1,0,0,255,2,12,0
614816,1,0,1,1,0,0,255,2,12,0
615049,1,1,1,1,1,0,255,2,12,0
615301,1,1,1,1,1,0,255,2,12,0
615347,0,1,0,1,0,0,255,2,12,0
615664,0,1,1,0,1,0,255,2,12,0
615669,0,1,0,1,0,0,255,2,12,0
615732,0,1,0,1,0,0,255,2,12,0
615733,0,0,1,1,0,0,255,2,12,0
615757,0,0,0,0,1,0,255,2,12,0
616010,1,0,1,0,0,0,255,2,12,0
616031,1,0,1,0,0,0,255,2,12,0
616221,1,1,0,0,0,0,255,2,12,0
616233,1,0,1,0,0,0,255,2,12,0
616264,1,1,0,0,0,0,255,2,12,0
616333,1,0,1,0,0,0,255,2,12,0
616367,1,1,1,1,1,0,255,2,12,0
616778,0,0,0,0,1,0,255,2,12,0
616800,0,0,0,0,1,0,255,2,12,0
616845,1,0,1,0,0,0,255,2,12,0
617050,1,0,0,1,1,0,255,2,12,0
617088,0,1,0,1,0,0,255,2,12,0
617250,0,1,1,0,1,0,255,2,12,0
617335,0,0,0,0,1,0,255,2,12,0
617362,1,1,1,1,1,0,255,2,12,0
617523,1,1,1,1,1,0,255,2,12,0
617764,0,0,1,1,0,0,255,2,12,0
617807,0,0,0,0,1,0,255,2,12,0
617956,1,1,1,1,1,0,255,2,12,0
617976,0,1,1,0,1,0,255,2,12,0
618121,0,1,1,0,1,0,255,2,12,0
618195,0,1,1,0,1,0,255,2,12,0
618322,1,0,0,1,1,0,255,2,12,0
618659,0,0,0,0,1,0,255,2,12,0
618850,0,1,1,0,1,0,255,2,12,0
618925,1,0,1,0,0,0,255,2,12,0
619373,1,1,1,1,1,0,255,2,12,0
620318,0,1,0,1,0,0,255,2,12,0
620383,0,1,0,1,0,0,255,2,12,0
620476,0,1,0,1,0,0,255,2,12,0
620636,0,0,1,1,0,0,255,2,12,0
620738,0,1,1,0,1,0,255,2,12,0
620825,1,0,1,0,0,0,255,2,12,0
621212,1,1,1,1,1,0,255,2,12,0
621226,0,0,1,1,0,0,255,2,12,0
621349,1,1,0,0,0,0,255,2,12,0
621427,0,0,0,0,1,0,255,2,12,0
621824,0,1,1,0,1,0,255,2,12,0
622075,1,0,0,1,1,0,255,2,12,0
622174,1,1,1,1,1,0,255,2,12,0
622344,0,1,1,0,1,0,255,2,12,0
623013,0,0,1,1,0,0,255,2,12,0
623064,1,0,0,1,1,0,255,2,12,0
623107,0,1,0,1,0,0,255,2,12,0
623180,1,1,1,1,1,0,255,2,12,0
623239,0,0,1,1,0,0,255,2,12,0
623363,1,0,1,0,0,0,255,2,12,0
623366,0,1,1,0,1,0,255,2,12,0
623383,1,1,1,1,1,0,255,2,12,0
623495,1,0,1,0,0,0,255,2,12,0
624108,1,0,0,1,1,0,255,2,12,0
624483,1,1,1,1,1,0,255,2,12,0
624622,0,0,0,0,1,0,255,2,12,0
624862,0,0,1,1,0,0,255,2,12,0
624999,1,1,1,1,1,0,255,2,12,0
625372,0,0,1,1,0,0,255,2,12,0
625825,1,0,1,0,0,0,255,2,12,0
626051,0,1,1,0,1,0,255,2,12,0
626057,0,1,1,0,1,0,255,2,12,0
626432,0,1,0,1,0,0,255,2,12,0
626804,0,1,0,1,0,0,255,2,12,0
626942,0,0,0,0,1,0,255,2,12,0
627125,0,0,0,0,1,0,255,2,12,0
627333,1,1,0,0,0,0,255,2,12,0
627448,0,1,0,1,0,0,255,2,12,0
627571,1,0,0,1,1,0,255,2,12,0
627891,1,1,0,0,0,0,255,2,12,0
628127,1,1,1,1,1,0,255,2,12,0
628130,0,1,0,1,0,0,255,2,12,0
628156,1,0,0,1,1,0,255,2,12,0
628193,0,0,0,0,1,0,255,2,12,0
628215,0,0,1,1,0,0,255,2,12,0
628345,0,1,1,0,1,0,255,2,12,0
628425,0,0,1,1,0,0,255,2,12,0
628438,0,0,1,1,0,0,255,2,12,0
628532,0,0,1,1,0,0,255,2,12,0
628674,0,0,0,0,1,0,255,2,12,0
628732,0,1,1,1,1,1,255,2,12,0
628787,0,1,0,1,0,0,255,2,12,0
628932,1,0,1,0,0,0,255,2,12,0
628996,0,0,1,1,0,0,255,2,12,0
629068,0,1,1,0,1,0,255,2,12,0
629124,0,1,0,1,0,0,255,2,12,0
629175,0,0,1,1,0,0,255,2,12,0
629459,0,1,0,1,0,0,255,2,12,0
629567,1,1,0,0,0,0,255,2,12,0
629769,1,1,0,0,0,0,255,2,12,0
629927,1,0,0,1,1,0,255,2,12,0
629977,1,0,1,0,0,0,255,2,12,0
631069,0,1,0,1,0,0,255,2,12,0
631122,0,1,0,1,0,0,255,2,12,0
631132,0,1,0,1,0,0,255,2,12,0
631175,1,0,1,0,0,0,255,2,12,0
631374,1,1,1,1,1,0,255,2,12,0
631394,0,0,0,0,1,0,255,2,12,0
631455,0,0,0,0,1,0,255,2,12,0
631458,0,0,0,0,1,0,255,2,12,0
631478,0,0,1,1,0,0,255,2,12,0
631572,0,0,1,1,0,0,255,2,12,0
631919,0,1,0,1,0,0,255,2,12,0
632059,1,0,0,0,1,1,255,2,12,0
632199,1,0,1,1,0,0,255,2,12,0
632316,1,0,1,0,0,0,255,2,12,0
632475,0,0,1,1,0,0,255,2,12,0
632981,0,1,1,0,1,0,255,2,12,0
633117,0,1,0,1,0,0,255,2,12,0
633218,1,0,1,0,0,0,255,2,12,0
633222,0,1,0,1,0,0,255,2,12,0
633359,1,1,1,1,1,0,255,2,12,0
634126,1,0,1,0,0,0,255,2,12,0
634150,0,1,0,1,0,0,255,2,12,0
634207,1,0,1,0,0,0,255,2,12,0
634372,0,1,0,1,0,0,255,2,12,0
634498,1,0,1,0,0,0,255,2,12,0
634520,1,1,0,0,0,0,255,2,12,0
634864,0,1,0,0,0,0,255,2,12,0
635032,1,0,1,0,0,0,255,2,12,0
635060,0,0,0,0,1,0,255,2,12,0
635086,1,0,0,1,1,0,255,2,12,0
635339,1,0,0,1,1,0,255,2,12,0
635522,1,1,0,0,0,0,255,2,12,0
635977,1,0,0,1,1,0,255,2,12,0
636053,0,1,0,1,0,0,255,2,12,0
636326,1,1,1,1,1,0,255,2,12,0
636474,1,1,0,0,0,0,255,2,12,0
636492,1,0,1,0,0,0,255,2,12,0
636531,1,0,1,0,0,0,255,2,12,0
637339,0,0,0,0,1,0,255,2,12,0
637360,0,1,1,0,1,0,255,2,12,0
637510,1,1,1,1,1,0,255,2,12,0
637598,1,1,1,1,1,0,255,2,12,0
637679,1,0,0,1,1,0,255,2,12,0
637775,0,1,1,0,1,0,255,2,12,0
637966,1,0,1,0,0,0,255,2,12,0
638116,0,0,0,0,1,0,255,2,12,0
638118,0,1,1,0,1,0,255,2,12,0
638241,0,1,1,0,1,0,255,2,12,0
638326,1,0,1,0,0,0,255,2,12,0
638640,1,1,1,1,1,0,255,2,12,0
638685,0,0,0,0,1,0,255,2,12,0
639165,1,1,1,1,1,0,255,2,12,0
639272,0,1,0,1,0,0,255,2,12,0
639504,1,1,0,0,0,0,255,2,12,0
639614,1,0,1,0,0,0,255,2,12,0
639684,0,0,1,1,0,0,255,2,12,0
639715,0,0,1,1,0,0,255,2,12,0
639797,1,0,1,0,0,0,255,2,12,0
639840,1,0,1,0,0,0,255,2,12,0
639875,1,1,0,0,0,0,255,2,12,0
640183,1,1,0,0,0,0,255,2,12,0
640802,0,0,1,1,0,0,255,2,12,0
640806,1,1,0,0,0,0,255,2,12,0
640813,1,0,0,1,1,0,255,2,12,0
640900,0,0,1,1,0,0,255,2,12,0
641056,1,0,1,0,0,0,255,2,12,0
641389,0,0,0,0,1,0,255,2,12,0
641416,0,0,0,0,1,0,255,2,12,0
641499,0,0,0,0,1,0,255,2,12,0
641509,1,1,0,0,0,0,255,2,12,0
642148,0,1,0,1,0,0,255,2,12,0
642642,1,0,1,0,0,0,255,2,12,0
642869,0,0,0,0,1,0,255,2,12,0
643037,1,1,1,1,1,0,255,2,12,0
643112,0,0,1,1,0,0,255,2,12,0
643345,0,0,0,0,1,0,255,2,12,0
643386,1,1,1,1,1,0,255,2,12,0
643480,0,1,1,0,1,0,255,2,12,0
643575,0,0,1,1,0,0,255,2,12,0
643733,0,1,0,1,0,0,255,2,12,0
644240,1,1,1,1,1,0,255,2,12,0
644304,0,1,1,0,1,0,255,2,12,0
644362,1,1,0,0,0,0,255,2,12,0
644469,1,0,1,0,0,0,255,2,12,0
644526,1,0,1,0,0,0,255,2,12,0
644566,0,1,1,0,1,0,255,2,12,0
644667,0,1,0,1,0,0,255,2,12,0
644917,1,0,0,0,1,1,255,2,12,0
645196,0,0,1,1,0,0,255,2,12,0
645409,1,0,1,0,0,0,255,2,12,0
645690,0,0,0,0,1,0,255,2,12,0
646053,0,0,1,1,0,0,255,2,12,0
646168,0,1,1,0,1,0,255,2,12,0
646527,0,1,0,1,0,0,255,2,12,0
646670,0,1,1,0,1,0,255,2,12,0
646836,0,0,1,1,0,0,255,2,12,0
646906,1,0,0,1,1,0,255,2,12,0
647031,0,1,1,0,1,0,255,2,12,0
647283,1,0,1,0,0,0,255,2,12,0
647348,0,1,1,0,1,0,255,2,12,0
647957,1,0,0,1,1,0,255,2,12,0
648195,1,0,0,1,1,0,255,2,12,0
648421,1,0,0,1,1,0,255,2,12,0
648778,0,1,0,1,0,0,255,2,12,0
648921,0,0,1,1,0,0,255,2,12,0
649151,0,0,1,1,0,0,255,2,12,0
649263,1,1,1,1,1,0,255,2,12,0
649888,1,1,0,0,0,0,255,2,12,0
649966,1,1,0,0,0,0,255,2,12,0
650219,0,0,0,0,1,0,255,2,12,0
650311,1,1,1,1,1,0,255,2,12,0
650381,1,1,1,1,1,0,255,2,12,0
650415,0,1,0,1,0,0,255,2,12,0
650449,0,0,1,1,0,0,255,2,12,0
650464,0,1,0,1,0,0,255,2,12,0
650720,1,1,1,1,1,0,255,2,12,0
650760,0,0,1,1,0,0,255,2,12,0
650872,0,0,0,0,1,0,255,2,12,0
651131,0,0,0,0,1,0,255,2,12,0
651237,0,0,1,1,0,0,255,2,12,0
651658,0,0,0,0,1,0,255,2,12,0
651787,1,1,0,0,0,0,255,2,12,0
651842,1,0,0,1,1,0,255,2,12,0
651867,0,1,0,1,0,0,255,2,12,0
651888,1,0,0,1,1,0,255,2,12,0
651971,0,1,0,1,0,0,255,2,12,0
652078,1,0,0,1,1,0,255,2,12,0
652487,1,1,1,1,1,0,255,2,12,0
652580,0,1,1,0,1,0,255,2,12,0
652954,0,1,1,0,1,0,255,2,12,0
653368,0,1,1,0,1,0,255,2,12,0
653386,1,0,0,1,1,0,255,2,12,0
653434,0,1,0,1,0,0,255,2,12,0
653719,0,1,0,1,0,0,255,2,12,0
653971,0,0,0,0,1,0,255,2,12,0
654103,0,0,0,0,1,0,255,2,12,0
654255,1,1,1,1,1,0,255,2,12,0
654295,1,0,1,0,0,0,255,2,12,0
654495,1,0,1,0,0,0,255,2,12,0
654958,1,1,0,0,0,0,255,2,12,0
655288,1,1,0,0,0,0,255,2,12,0
657464,0,1,0,1,0,0,28,2,12,0
658254,1,0,0,1,1,0,28,2,12,0
669489,0,1,0,1,0,0,28,2,12,0
670636,0,0,1,1,0,0,28,2,12,0
673987,0,1,1,1,1,1,28,2,12,0
676344,0,1,1,0,1,0,28,2,12,0
689046,1,1,1,0,1,1,28,2,12,0
690384,1,0,0,1,1,0,28,2,12,0
691557,1,1,1,0,1,1,28,2,12,0
694289,0,0,0,0,1,0,28,2,12,0
698504,0,1,0,1,0,0,28,2,12,0
699278,0,0,0,0,1,0,28,2,12,0
699575,1,1,1,1,1,0,28,2,12,0
699637,1,1,0,0,0,0,28,2,12,0
704793,0,0,1,1,0,0,28,2,12,0
705050,0,1,0,1,0,0,28,2,12,0
705679,1,0,0,1,1,0,28,2,12,0
710294,0,1,0,1,0,0,28,2,12,0
711683,0,1,1,0,1,0,28,2,12,0
716219,0,0,1,1,0,0,28,2,12,0
720254,1,0,1,0,0,0,28,2,12,0
720875,1,0,1,0,0,0,28,2,12,0
761503,0,1,0,1,0,0,0,2,12,0
778832,1,0,1,1,0,0,0,2,12,0
783646,1,1,0,0,0,0,0,2,12,0
787357,0,0,1,1,0,0,28,2,12,0
792180,1,1,0,0,0,0,28,2,12,0
794620,1,0,1,0,0,0,28,2,12,0
798897,0,1,1,0,1,0,28,2,12,0
800672,1,0,1,0,0,0,28,2,12,0
801836,1,1,1,0,1,1,28,2,12,0
803812,0,1,1,0,1,0,28,2,12,0
805746,1,1,0,0,0,0,28,2,12,0
807278,0,1,1,1,1,1,28,2,12,0
811356,1,0,0,1,1,0,28,2,12,0
811683,0,1,0,1,0,0,28,2,12,0
817529,0,0,1,1,0,0,28,2,12,0
818896,0,1,0,1,0,0,28,2,12,0
821105,0,0,0,0,1,0,28,2,12,0
822108,0,1,1,0,1,0,28,2,12,0
826650,1,0,0,1,1,0,28,2,12,0
827501,0,0,1,0,0,0,28,2,12,0
828535,1,0,0,1,1,0,28,2,12,0
830298,1,0,0,1,1,0,28,2,12,0
830655,0,1,1,0,1,0,28,2,12,0
838689,1,1,0,0,0,0,28,2,12,0
838864,0,0,0,0,1,0,28,2,12,0
840034,1,0,1,0,0,0,28,2,12,0
842079,0,0,1,1,0,0,28,2,12,0
844254,0,0,0,0,1,0,28,2,12,0
845433,0,0,1,1,0,0,28,2,12,0
846419,1,0,0,1,1,0,28,2,12,0
848897,1,1,1,1,1,0,28,2,12,0
849606,1,1,1,1,1,0,28,2,12,0
851436,1,1,1,1,1,0,28,2,12,0
858522,1,0,1,0,0,0,15,2,12,0
859128,0,0,1,1,0,0,15,2,12,0
870564,1,1,1,1,1,0,15,2,12,0
870720,0,1,1,0,1,0,15,2,12,0
870801,0,1,1,0,1,0,15,2,12,0
871334,0,1,0,1,0,0,15,2,12,0
875161,0,0,1,1,0,0,15,2,12,0
881052,0,0,1,1,0,0,15,2,12,0
895615,0,0,1,1,0,0,15,2,12,0
900604,1,0,0,1,1,0,15,2,12,0
904643,0,0,0,0,1,0,15,2,12,0
906738,1,0,1,0,0,0,15,2,12,0
907225,0,1,1,0,1,0,15,2,12,0
912708,0,1,0,1,0,0,15,2,12,0
913457,0,1,0,1,0,0,15,2,12,0
915133,1,1,1,1,1,0,15,2,12,0
916314,1,0,1,0,0,0,15,2,12,0
918485,0,0,1,1,0,0,33,2,12,0
920251,1,0,0,1,1,0,33,2,12,0
920262,1,1,0,0,0,0,33,2,12,0
920752,1,0,0,1,1,0,33,2,12,0
921091,1,1,0,0,0,0,33,2,12,0
921699,0,1,0,0,0,0,33,2,12,0
922459,1,1,0,0,0,0,33,2,12,0
932084,1,0,1,0,0,0,33,2,12,0
932438,1,1,1,1,1,0,33,2,12,0
933282,1,0,0,1,1,0,33,2,12,0
933542,1,0,0,1,1,0,33,2,12,0
933634,1,0,0,1,1,0,33,2,12,0
935609,0,0,0,1,1,1,33,2,12,0
941683,1,1,1,1,1,0,33,2,12,0
942895,0,0,1,1,0,0,33,2,12,0
943232,1,1,0,0,0,0,33,2,12,0
949026,0,0,0,0,1,0,33,2,12,0
954932,1,1,0,0,0,0,33,2,12,0
954956,0,1,1,0,1,0,33,2,12,0
956073,0,1,0,0,0,0,33,2,12,0
956164,1,0,0,1,1,0,33,2,12,0
957090,0,0,1,1,0,0,33,2,12,0
958098,0,1,1,0,1,0,33,2,12,0
959014,0,1,0,1,0,0,33,2,12,0
959848,1,1,0,0,0,0,33,2,12,0
962214,1,0,0,1,1,0,33,2,12,0
967691,0,1,0,1,0,0,33,2,12,0
968172,0,0,0,0,1,0,33,2,12,0
969499,0,0,1,1,0,0,33,2,12,0
969754,0,1,0,1,0,0,33,2,12,0
969808,1,0,1,0,0,0,33,2,12,0
970297,1,0,0,1,1,0,33,2,12,0
972942,0,0,1,1,0,0,33,2,12,0
979030,1,0,0,1,1,0,33,2,12,0
981132,0,0,1,1,0,0,33,2,12,0
983062,1,0,1,0,0,0,255,2,12,0
983152,1,0,1,0,0,0,255,2,12,0
983234,1,1,0,1,0,0,255,2,12,0
983409,0,1,1,0,1,0,255,2,12,0
983503,0,1,1,0,1,0,255,2,12,0
983729,1,0,1,0,0,0,255,2,12,0
983842,1,0,0,1,1,0,255,2,12,0
983888,1,1,0,0,0,0,255,2,12,0
983937,0,1,0,1,0,0,255,2,12,0
984005,1,0,0,1,1,0,255,2,12,0
984057,0,0,0,0,1,0,255,2,12,0
984070,0,1,0,1,0,0,255,2,12,0
984089,0,0,0,0,1,0,255,2,12,0
984096,1,0,1,0,0,0,255,2,12,0
984145,1,1,1,1,1,0,255,2,12,0
984404,1,0,1,0,0,0,255,2,12,0
984706,1,0,0,1,1,0,255,2,12,0
984849,0,1,1,0,1,0,255,2,12,0
984911,1,1,1,1,1,0,255,2,12,0
984941,1,1,0,0,0,0,255,2,12,0
984959,0,0,0,0,1,0,255,2,12,0
985287,1,1,1,1,1,0,255,2,12,0
985351,1,0,0,1,1,0,255,2,12,0
985420,1,1,1,1,1,0,255,2,12,0
985546,1,1,0,0,0,0,255,2,12,0
985615,0,0,1,1,0,0,255,2,12,0
985826,1,1,1,1,1,0,255,2,12,0
986158,0,1,0,1,0,0,255,2,12,0
986486,0,0,1,1,0,0,255,2,12,0
986631,0,1,1,0,1,0,255,2,12,0
986818,1,0,1,0,0,0,255,2,12,0
986912,1,1,0,0,0,0,255,2,12,0
987029,1,0,0,1,1,0,255,2,12,0
987064,0,1,0,1,0,0,255,2,12,0
987110,0,0,0,0,1,0,255,2,12,0
987360,1,0,0,1,1,0,255,2,12,0
987452,1,1,1,1,1,0,255,2,12,0
987471,1,0,1,0,0,0,255,2,12,0
987576,1,1,1,1,1,0,255,2,12,0
987595,1,0,0,1,1,0,255,2,12,0
987678,1,1,1,1,1,0,255,2,12,0
987703,1,1,1,1,1,0,255,2,12,0
987795,0,0,1,1,0,0,255,2,12,0
987855,0,0,0,1,1,1,255,2,12,0
987946,0,1,1,0,1,0,255,2,12,0
988021,0,0,1,1,0,0,255,2,12,0
988475,1,0,0,1,1,0,255,2,12,0
988669,0,1,0,1,0,0,255,2,12,0
988837,1,0,1,0,0,0,255,2,12,0
988963,0,0,1,1,0,0,255,2,12,0
989266,0,0,0,0,1,0,255,2,12,0
989269,0,0,1,1,0,0,255,2,12,0
989679,0,0,0,0,1,0,255,2,12,0
989699,1,1,1,1,1,0,255,2,12,0
990212,0,0,1,1,0,0,255,2,12,0
990242,1,0,1,0,0,0,255,2,12,0
990243,1,0,0,1,1,0,255,2,12,0
990797,0,0,1,1,0,0,255,2,12,0
990833,0,1,0,1,0,0,255,2,12,0
990852,0,1,0,1,0,0,255,2,12,0
990962,1,1,0,0,0,0,255,2,12,0
990976,0,0,1,1,0,0,255,2,12,0
991247,0,1,1,0,1,0,255,2,12,0
991391,1,0,0,1,1,0,255,2,12,0
991436,0,1,0,1,0,0,255,2,12,0
991611,0,0,0,0,1,0,255,2,12,0
991636,1,0,1,0,0,0,255,2,12,0
991774,1,1,1,1,1,0,255,2,12,0
991809,1,1,1,1,1,0,255,2,12,0
992179,1,1,1,1,1,0,255,2,12,0
992192,1,1,0,0,0,0,255,2,12,0
992278,1,0,1,0,0,0,255,2,12,0
992326,1,1,1,1,1,0,255,2,12,0
992361,0,0,1,1,0,0,255,2,12,0
992367,1,1,0,0,0,0,255,2,12,0
992713,0,0,1,1,0,0,255,2,12,0
992850,1,0,1,0,0,0,255,2,12,0
993163,1,1,1,1,1,0,255,2,12,0
993253,0,0,0,0,1,0,255,2,12,0
993422,0,0,1,1,0,0,255,2,12,0
993619,1,1,0,0,0,0,255,2,12,0
993775,1,0,1,0,0,0,255,2,12,0
993876,0,0,1,1,0,0,255,2,12,0
994023,0,0,0,0,1,0,255,2,12,0
994127,1,1,0,0,0,0,255,2,12,0
994152,0,0,1,1,0,0,255,2,12,0
994332,1,0,1,0,0,0,255,2,12,0
994681,1,0,1,0,0,0,255,2,12,0
994945,1,1,0,0,0,0,255,2,12,0
994946,1,0,1,0,0,0,255,2,12,0
995081,0,1,0,1,0,0,255,2,12,0
995154,1,1,1,1,1,0,255,2,12,0
995343,0,0,1,1,0,0,255,2,12,0
995359,0,0,1,1,0,0,255,2,12,0
995380,1,1,0,0,0,0,255,2,12,0
995661,1,0,1,0,0,0,255,2,12,0
995760,1,1,1,1,1,0,255,2,12,0
996069,0,0,0,0,1,0,255,2,12,0
996210,0,0,0,0,1,0,255,2,12,0
996585,0,1,0,1,0,0,255,2,12,0
996605,0,1,0,1,0,0,255,2,12,0
996668,1,1,0,0,0,0,255,2,12,0
996730,0,0,1,1,0,0,255,2,12,0
996927,0,0,0,0,1,0,255,2,12,0
997265,0,1,1,0,1,0,255,2,12,0
997440,1,0,0,1,1,0,255,2,12,0
997452,1,0,1,0,0,0,255,2,12,0
997506,1,1,0,0,0,0,255,2,12,0
997564,0,1,0,1,0,0,255,2,12,0
997829,1,0,1,0,0,0,255,2,12,0
998092,1,0,1,0,0,0,255,2,12,0
998365,1,1,1,1,1,0,255,2,12,0
998405,0,1,1,0,1,0,255,2,12,0
998587,0,0,0,0,1,0,255,2,12,0
998638,0,0,0,0,1,0,255,2,12,0
998770,0,1,1,0,1,0,255,2,12,0
998877,0,1,1,0,1,0,255,2,12,0
998930,0,1,0,1,0,0,255,2,12,0
998949,0,0,0,0,1,0,255,2,12,0
998991,0,1,1,0,1,0,255,2,12,0
999013,1,0,1,0,0,0,255,2,12,0
999046,0,1,0,1,0,0,255,2,12,0
999144,0,0,0,0,1,0,255,2,12,0
999159,0,1,0,0,0,0,255,2,12,0
999166,0,1,1,0,1,0,255,2,12,0
999256,0,0,1,1,0,0,255,2,12,0
999262,0,0,1,1,0,0,255,2,12,0
999322,0,0,0,0,1,0,255,2,12,0
999354,1,0,0,1,1,0,255,2,12,0
999377,0,0,0,0,1,0,255,2,12,0
999422,0,0,0,0,1,0,255,2,12,0
999455,1,1,0,0,0,0,255,2,12,0
999573,0,1,1,0,1,0,255,2,12,0
999785,0,0,0,0,1,0,255,2,12,0
999803,1,1,0,0,0,0,255,2,12,0
999992,1,1,0,0,0,0,255,2,12,0
1000001,0,0,1,1,0,0,255,2,12,0
1000011,1,1,0,0,0,0,255,2,12,0
1000103,1,0,1,0,0,0,255,2,12,0
1000248,1,1,1,1,1,0,255,2,12,0
1000311,0,1,1,0,1,0,255,2,12,0
1000346,1,1,0,0,0,0,255,2,12,0
1000798,1,0,0,1,1,0,255,2,12,0
1001057,1,1,1,1,1,0,255,2,12,0
1001070,0,1,1,1,1,1,255,2,12,0
1001317,1,1,0,0,0,0,255,2,12,0
1001381,1,1,0,0,0,0,255,2,12,0
1001453,0,0,0,0,1,0,255,2,12,0
1001497,0,1,1,0,1,0,255,2,12,0
1001759,0,1,1,0,1,0,255,2,12,0
1001773,1,1,0,0,0,0,255,2,12,0
1001843,0,1,1,0,1,0,255,2,12,0
1001871,0,1,1,0,1,0,255,2,12,0
1002015,1,1,0,0,0,0,255,2,12,0
1002029,1,0,0,1,1,0,255,2,12,0
1002109,0,0,1,1,0,0,255,2,12,0
1002119,0,1,1,0,1,0,255,2,12,0
1002183,1,0,0,1,1,0,255,2,12,0
1002338,0,1,0,1,0,0,255,2,12,0
1002590,1,1,1,1,1,0,255,2,12,0
1002708,0,1,0,1,0,0,255,2,12,0
1002744,0,0,1,1,0,0,255,2,12,0
1003108,0,0,1,1,0,0,255,2,12,0
1003137,0,1,0,1,0,0,255,2,12,0
1003318,0,0,0,0,1,0,255,2,12,0
1003495,0,1,1,0,1,0,255,2,12,0
1003552,1,0,1,0,0,0,255,2,12,0
1003595,1,1,1,1,1,0,255,2,12,0
1003757,1,1,1,1,1,0,255,2,12,0
1003964,1,1,1,1,1,0,255,2,12,0
1004012,1,0,1,0,0,0,255,2,12,0
1004203,1,1,0,0,0,0,255,2,12,0
1004215,0,0,0,0,1,0,255,2,12,0
1004286,1,0,1,0,0,0,255,2,12,0
1004332,1,0,1,0,0,0,255,2,12,0
1004343,0,1,1,0,1,0,255,2,12,0
1004512,1,1,1,1,1,0,255,2,12,0
1004618,1,1,1,1,1,0,255,2,12,0
1004728,1,1,1,1,1,0,255,2,12,0
1004984,1,1,1,1,1,0,255,2,12,0
1005076,1,0,1,0,0,0,255,2,12,0
1005097,1,1,1,0,1,1,255,2,12,0
1005141,1,0,1,0,0,0,255,2,12,0
1005170,1,1,0,0,0,0,255,2,12,0
1005662,1,1,1,1,1,0,255,2,12,0
1005837,1,1,0,0,0,0,255,2,12,0
1005862,1,0,1,0,0,0,255,2,12,0
1006181,0,0,0,0,1,0,255,2,12,0
1006337,0,1,1,0,1,0,255,2,12,0
1006381,0,0,0,0,1,0,255,2,12,0
1006568,0,0,0,0,1,0,255,2,12,0
1006581,0,0,1,1,0,0,255,2,12,0
1006720,0,0,1,1,0,0,255,2,12,0
1007039,1,1,0,0,0,0,255,2,12,0
1007392,1,1,1,1,1,0,255,2,12,0
1007402,0,1,0,1,0,0,255,2,12,0
1007461,0,0,1,1,0,0,255,2,12,0
1007509,0,0,0,0,1,0,255,2,12,0
1007662,0,1,1,0,1,0,255,2,12,0
1007778,1,0,0,0,1,1,255,2,12,0
1007791,1,1,1,1,1,0,255,2,12,0
1007847,0,0,0,1,1,1,255,2,12,0
1007959,1,0,0,1,1,0,255,2,12,0
1008103,1,1,0,0,0,0,255,2,12,0
1008244,0,0,1,1,0,0,255,2,12,0
1008364,1,1,1,1,1,0,255,2,12,0
1008534,1,0,1,0,0,0,255,2,12,0
1008562,1,0,1,0,0,0,255,2,12,0
1008691,1,0,0,1,1,0,255,2,12,0
1008694,1,1,1,1,1,0,255,2,12,0
1008696,0,0,0,0,1,0,255,2,12,0
1008758,0,0,1,1,0,0,255,2,12,0
1008911,1,0,0,1,1,0,255,2,12,0
1008930,0,0,1,1,0,0,255,2,12,0
1009058,1,0,0,1,1,0,255,2,12,0
1009095,1,1,0,0,0,0,255,2,12,0
1009197,0,0,1,1,0,0,255,2,12,0
1009297,1,0,0,1,1,0,255,2,12,0
1009341,1,1,0,0,0,0,255,2,12,0
1009396,1,0,1,0,0,0,255,2,12,0
1009499,0,1,0,1,0,0,255,2,12,0
1009573,1,1,1,1,1,0,255,2,12,0
1009988,0,1,1,0,1,0,255,2,12,0
1010326,0,0,1,1,0,0,255,2,12,0
1010389,0,1,0,1,0,0,255,2,12,0
1010643,1,0,0,1,1,0,255,2,12,0
1010788,1,1,0,1,0,0,255,2,12,0
1010865,1,0,1,0,0,0,255,2,12,0
1010913,0,1,0,1,0,0,255,2,12,0
1011115,0,0,0,0,1,0,255,2,12,0
1011130,0,0,1,1,0,0,255,2,12,0
1011162,1,0,1,0,0,0,255,2,12,0
1011193,1,0,1,1,0,0,255,2,12,0
1011242,0,0,1,1,0,0,255,2,12,0
1011300,0,1,0,1,0,0,255,2,12,0
1011346,0,0,1,1,0,0,255,2,12,0
1011805,1,0,1,0,0,0,255,2,12,0
1011899,1,0,1,0,0,0,255,2,12,0
1011903,0,0,0,0,1,0,255,2,12,0
1012402,0,1,0,1,0,0,255,2,12,0
1012467,1,0,0,1,1,0,255,2,12,0
1012484,1,0,1,0,0,0,255,2,12,0
1012623,0,0,0,0,1,0,255,2,12,0
1012642,1,0,1,0,0,0,255,2,12,0
1013069,1,1,0,0,0,0,255,2,12,0
1013120,1,0,0,1,1,0,255,2,12,0
1013233,1,0,0,1,1,0,255,2,12,0
1013260,0,0,0,1,1,1,255,2,12,0
1013370,0,0,1,1,0,0,255,2,12,0
1013635,1,0,0,1,1,0,255,2,12,0
1013674,1,0,0,1,1,0,255,2,12,0
1013722,0,0,1,1,0,0,255,2,12,0
1013831,0,1,1,0,1,0,255,2,12,0
1014063,0,0,1,1,0,0,255,2,12,0
1014197,0,0,0,0,1,0,255,2,12,0
1014269,0,1,1,0,1,0,255,2,12,0
1014444,1,1,0,0,0,0,255,2,12,0
1014494,0,0,0,0,1,0,255,2,12,0
1014516,0,0,0,0,1,0,255,2,12,0
1014736,0,0,0,0,1,0,255,2,12,0
1014801,0,1,1,0,1,0,255,2,12,0
1014991,0,1,0,1,0,0,255,2,12,0
1015096,1,1,1,1,1,0,255,2,12,0
1015132,0,0,1,1,0,0,255,2,12,0
1015291,0,0,1,1,0,0,255,2,12,0
1015294,0,0,1,1,0,0,255,2,12,0
1015392,0,1,0,1,0,0,255,2,12,0
1015457,1,0,1,0,0,0,255,2,12,0
1015527,1,0,1,0,0,0,255,2,12,0
1015537,1,1,0,0,0,0,255,2,12,0
1015552,0,0,1,1,0,0,255,2,12,0
1015556,1,0,0,1,1,0,255,2,12,0
1015759,1,1,0,0,0,0,255,2,12,0
1015931,1,1,1,1,1,0,255,2,12,0
1016122,1,1,1,1,1,0,255,2,12,0
1016374,0,1,0,1,0,0,255,2,12,0
1016629,1,1,1,1,1,0,255,2,12,0
1016674,1,0,0,1,1,0,255,2,12,0
1017093,1,1,1,1,1,0,255,2,12,0
1017160,1,0,0,1,1,0,255,2,12,0
1017249,1,1,0,0,0,0,255,2,12,0
1018049,1,1,0,0,0,0,255,2,12,0
1018117,1,1,1,1,1,0,255,2,12,0
1018146,0,1,1,0,1,0,255,2,12,0
1018151,1,0,1,0,0,0,255,2,12,0
1018176,0,1,1,0,1,0,255,2,12,0
1018188,1,1,0,0,0,0,255,2,12,0
1018643,0,1,0,1,0,0,255,2,12,0
1018831,0,0,1,1,0,0,255,2,12,0
1018922,0,0,1,1,0,0,255,2,12,0
1018983,1,1,0,1,0,0,255,2,12,0
1019355,1,0,1,0,0,0,255,2,12,0
1019366,1,1,0,0,0,0,255,2,12,0
1019470,1,0,0,1,1,0,255,2,12,0
1019500,0,1,0,1,0,0,255,2,12,0
1019623,0,1,0,1,0,0,255,2,12,0
1019967,1,1,1,1,1,0,255,2,12,0
1020493,0,1,1,0,1,0,255,2,12,0
1020556,0,1,0,1,0,0,255,2,12,0
1020710,1,0,0,1,1,0,255,2,12,0
1021032,1,0,0,1,1,0,255,2,12,0
1021090,1,0,0,1,1,0,255,2,12,0
1021272,0,1,1,0,1,0,255,2,12,0
1021291,0,0,0,0,1,0,255,2,12,0
1021329,1,1,1,1,1,0,255,2,12,0
1021423,1,1,1,1,1,0,255,2,12,0
1021540,1,1,1,1,1,0,255,2,12,0
1021699,0,0,1,1,0,0,255,2,12,0
1021844,1,0,1,0,0,0,255,2,12,0
1021869,1,1,0,0,0,0,255,2,12,0
1022003,1,0,0,1,1,0,255,2,12,0
1022148,1,0,1,0,0,0,255,2,12,0
1022239,1,0,1,0,0,0,255,2,12,0
1022251,0,0,0,0,1,0,255,2,12,0
1022298,0,1,0,1,0,0,255,2,12,0
1022404,1,0,0,1,1,0,255,2,12,0
1022432,0,0,1,1,0,0,255,2,12,0
1022730,1,1,1,1,1,0,255,2,12,0
1022774,1,1,1,1,1,0,255,2,12,0
1022962,1,0,0,1,1,0,255,2,12,0
1023114,1,1,0,0,0,0,255,2,12,0
1023156,1,0,0,1,1,0,255,2,12,0
1023188,1,0,0,1,1,0,255,2,12,0
1023406,1,0,0,1,1,0,255,2,12,0
1023697,0,0,1,1,0,0,255,2,12,0
1024150,1,1,0,0,0,0,255,2,12,0
1024288,1,1,1,1,1,0,255,2,12,0
1024371,1,1,0,0,0,0,255,2,12,0
1024527,0,0,1,1,0,0,255,2,12,0
1024785,1,1,0,0,0,0,255,2,12,0
1024788,1,0,1,0,0,0,255,2,12,0
1024795,1,0,1,0,0,0,255,2,12,0
1025130,0,0,1,1,0,0,255,2,12,0
1025146,0,0,0,0,1,0,255,2,12,0
1025416,1,1,0,0,0,0,255,2,12,0
1025472,0,0,1,1,0,0,255,2,12,0
1025539,0,1,0,1,0,0,255,2,12,0
1025723,1,0,0,1,1,0,255,2,12,0
1025838,0,1,0,0,0,0,255,2,12,0
1025896,0,1,1,0,1,0,255,2,12,0
1025951,1,0,1,0,0,0,255,2,12,0
1026123,1,0,1,0,0,0,255,2,12,0
1026352,0,1,0,1,0,0,255,2,12,0
1026467,1,0,1,0,0,0,255,2,12,0
1026545,0,0,1,1,0,0,255,2,12,0
1027172,1,0,1,0,0,0,255,2,12,0
1027200,1,0,0,1,1,0,255,2,12,0
1027425,1,1,0,0,0,0,255,2,12,0
1027520,1,0,1,0,0,0,255,2,12,0
1027561,1,0,1,0,0,0,255,2,12,0
1027698,1,1,1,1,1,0,255,2,12,0
1027987,1,1,0,0,0,0,255,2,12,0
1028210,0,0,0,0,1,0,255,2,12,0
1028227,0,0,0,0,1,0,255,2,12,0
1028283,1,1,0,0,0,0,255,2,12,0
1028302,0,0,0,0,1,0,255,2,12,0
1028327,1,1,0,0,0,0,255,2,12,0
1028860,1,1,0,0,0,0,255,2,12,0
1028974,0,0,1,1,0,0,255,2,12,0
1029203,1,1,0,0,0,0,255,2,12,0
1029205,1,0,0,1,1,0,255,2,12,0
1029244,1,1,0,0,0,0,255,2,12,0
1029528,0,1,0,1,0,0,255,2,12,0
1029740,1,1,0,0,0,0,255,2,12,0
1029985,0,0,0,0,1,0,255,2,12,0
1029989,0,0,0,0,1,0,255,2,12,0
1030031,1,0,1,0,0,0,255,2,12,0
1030094,1,1,0,0,0,0,255,2,12,0
1030098,1,0,1,0,0,0,255,2,12,0
1030133,1,0,0,0,1,1,255,2,12,0
1030161,1,1,0,0,0,0,255,2,12,0
1030242,0,0,1,1,0,0,255,2,12,0
1030248,0,1,0,1,0,0,255,2,12,0
1030305,1,0,1,0,0,0,255,2,12,0
1030487,1,0,1,0,0,0,255,2,12,0
1030551,1,1,1,1,1,0,255,2,12,0
1030900,0,1,1,0,1,0,255,2,12,0
1030978,1,1,1,1,1,0,255,2,12,0
1030987,1,0,0,1,1,0,255,2,12,0
1031007,1,0,1,0,0,0,255,2,12,0
1031212,1,0,1,0,0,0,255,2,12,0
1031333,0,1,1,0,1,0,255,2,12,0
1031460,1,1,1,1,1,0,255,2,12,0
1031527,1,1,1,1,1,0,255,2,12,0
1031647,1,0,0,1,1,0,255,2,12,0
1031738,1,1,0,0,0,0,255,2,12,0
1031741,1,1,0,0,0,0,255,2,12,0
1031754,1,1,0,0,0,0,255,2,12,0
1031770,0,1,1,0,1,0,255,2,12,0
1032174,1,0,1,0,0,0,255,2,12,0
1032234,0,1,0,1,0,0,255,2,12,0
1032562,0,0,0,0,1,0,255,2,12,0
1032565,0,1,0,1,0,0,255,2,12,0
1032584,1,1,0,0,0,0,255,2,12,0
1032620,1,0,1,0,0,0,255,2,12,0
1032720,0,0,1,1,0,0,255,2,12,0
1032724,1,1,0,0,0,0,255,2,12,0
1032759,0,0,1,1,0,0,255,2,12,0
1033025,0,0,0,0,1,0,255,2,12,0
1033048,0,0,1,1,0,0,255,2,12,0
1033062,1,1,1,1,1,0,255,2,12,0
1033138,1,1,1,1,1,0,255,2,12,0
1033387,1,0,0,1,1,0,255,2,12,0
1033487,1,1,1,1,1,0,255,2,12,0
1033504,0,1,0,1,0,0,255,2,12,0
1033840,0,1,0,1,0,0,255,2,12,0
1033905,0,0,0,0,1,0,255,2,12,0
1034032,0,0,0,0,1,0,255,2,12,0
1034178,0,0,1,1,0,0,255,2,12,0
1034231,0,1,1,0,1,0,255,2,12,0
1034251,0,1,0,1,0,0,255,2,12,0
1034504,0,0,0,0,1,0,255,2,12,0
1034572,1,0,0,1,1,0,255,2,12,0
1034709,1,0,0,1,1,0,255,2,12,0
1034853,0,1,1,0,1,0,255,2,12,0
1035085,1,0,1,0,0,0,255,2,12,0
1035163,0,0,1,1,0,0,255,2,12,0
1035178,0,1,1,0,1,0,255,2,12,0
1035301,1,1,0,0,0,0,255,2,12,0
1035366,1,1,1,1,1,0,255,2,12,0
1035531,1,1,0,0,0,0,255,2,12,0
1035628,1,1,0,0,0,0,255,2,12,0
1035794,0,0,0,0,1,0,255,2,12,0
1035841,0,1,0,1,0,0,255,2,12,0
1036037,0,1,0,1,0,0,255,2,12,0
1036056,1,1,0,0,0,0,255,2,12,0
1036251,1,0,1,0,0,0,255,2,12,0
1036372,0,0,0,0,1,0,255,2,12,0
1036515,1,0,1,0,0,0,255,2,12,0
1036747,0,0,0,0,1,0,255,2,12,0
1036924,1,1,1,1,1,0,255,2,12,0
1036951,1,1,1,1,1,0,255,2,12,0
1036964,1,1,0,0,0,0,255,2,12,0
1037094,0,0,1,1,0,0,255,2,12,0
1037273,1,0,0,1,1,0,255,2,12,0
1037384,1,0,1,0,0,0,255,2,12,0
1037505,1,0,0,1,1,0,255,2,12,0
1037564,1,0,0,1,1,0,255,2,12,0
1037575,1,0,1,0,0,0,255,2,12,0
1037584,0,1,1,1,1,1,255,2,12,0
1037603,1,0,1,0,0,0,255,2,12,0
1037716,0,0,0,0,1,0,255,2,12,0
1037825,0,0,0,0,1,0,255,2,12,0
1038264,1,0,0,1,1,0,255,2,12,0
1038413,0,0,1,1,0,0,255,2,12,0
1038472,1,0,0,1,1,0,255,2,12,0
1038518,0,0,1,1,0,0,255,2,12,0
1038566,0,0,1,1,0,0,255,2,12,0
1038661,0,1,1,0,1,0,255,2,12,0
1038883,1,0,1,0,0,0,255,2,12,0
1039279,1,0,0,1,1,0,255,2,12,0
1039324,1,1,0,0,0,0,255,2,12,0
1039674,1,0,0,1,1,0,255,2,12,0
1039717,0,1,1,0,1,0,255,2,12,0
1039718,0,0,1,1,0,0,255,2,12,0
1039750,0,0,1,1,0,0,255,2,12,0
1039808,1,0,1,1,0,0,255,2,12,0
1039839,0,1,1,0,1,0,255,2,12,0
1040002,0,1,0,1,0,0,255,2,12,0
1040049,0,0,0,0,1,0,255,2,12,0
1040223,0,1,0,1,0,0,255,2,12,0
1040442,1,0,0,1,1,0,255,2,12,0
1040510,1,0,0,1,1,0,255,2,12,0
1040637,0,1,0,1,0,0,255,2,12,0
1040904,0,0,0,0,1,0,255,2,12,0
1041000,0,0,1,0,0,0,255,2,12,0
1041005,0,1,0,1,0,0,255,2,12,0
1041097,0,1,1,0,1,0,255,2,12,0
1041553,1,0,0,1,1,0,255,2,12,0
1041798,1,0,1,0,0,0,255,2,12,0
1041952,0,0,0,0,1,0,255,2,12,0
1042014,1,0,1,0,0,0,255,2,12,0
1042384,0,1,1,0,1,0,255,2,12,0
1042895,0,0,0,0,1,0,255,2,12,0
1042952,0,0,1,1,0,0,255,2,12,0
1043136,0,0,1,1,0,0,255,2,12,0
1043230,1,1,0,0,0,0,255,2,12,0
1043361,1,1,1,1,1,0,255,2,12,0
1043443,1,1,0,0,0,0,255,2,12,0
1043554,0,1,0,1,0,0,255,2,12,0
1043619,1,1,1,1,1,0,255,2,12,0
1043741,0,1,0,0,0,0,255,2,12,0
1043782,0,1,0,1,0,0,255,2,12,0
1043878,1,0,1,0,0,0,255,2,12,0
1043915,0,0,1,1,0,0,255,2,12,0
1043986,1,0,0,1,1,0,255,2,12,0
1043988,0,1,0,1,0,0,255,2,12,0
1044036,0,1,0,1,0,0,255,2,12,0
1044055,1,0,1,0,0,0,255,2,12,0
1044073,1,0,0,1,1,0,255,2,12,0
1044304,1,1,0,0,0,0,255,2,12,0
1044644,1,0,1,0,0,0,255,2,12,0
1044746,1,1,1,1,1,0,255,2,12,0
1044792,0,1,0,0,0,0,255,2,12,0
1044907,1,1,1,1,1,0,255,2,12,0
1044966,0,1,1,0,1,0,255,2,12,0
1045018,0,0,1,1,0,0,255,2,12,0
1045035,0,0,1,1,0,0,255,2,12,0
1045263,0,1,1,0,1,0,255,2,12,0
1045448,1,1,0,0,0,0,255,2,12,0
1045490,0,0,0,0,1,0,255,2,12,0
1045516,0,1,1,0,1,0,255,2,12,0
1045562,0,1,0,1,0,0,255,2,12,0
1045634,0,1,0,1,0,0,255,2,12,0
1045686,1,1,1,1,1,0,255,2,12,0
1045764,1,0,1,0,0,0,255,2,12,0
1046213,0,1,0,1,0,0,255,2,12,0
1046314,0,1,0,1,0,0,255,2,12,0
1046479,1,1,0,0,0,0,255,2,12,0
1046642,0,0,1,1,0,0,255,2,12,0
1046707,1,0,0,1,1,0,255,2,12,0
1047228,0,0,1,1,0,0,255,2,12,0
1047230,0,0,0,0,1,0,255,2,12,0
1047310,1,0,0,0,1,1,255,2,12,0
1047667,0,1,0,1,0,0,255,2,12,0
1047692,1,0,1,0,0,0,255,2,12,0
1047800,0,0,0,0,1,0,255,2,12,0
1047829,1,1,1,1,1,0,255,2,12,0
1047873,0,0,1,1,0,0,255,2,12,0
1047921,1,0,0,1,1,0,255,2,12,0
1048213,0,1,1,0,1,0,255,2,12,0
1048423,0,0,0,0,1,0,255,2,12,0
1048431,0,0,1,1,0,0,255,2,12,0
1060454,1,1,1,1,1,0,15,2,12,0
1069694,1,0,1,1,0,0,15,2,12,0
1071047,0,0,0,0,1,0,15,2,12,0
1071991,1,1,1,1,1,0,15,2,12,0
1073616,1,1,1,1,1,0,15,2,12,0
1074955,0,0,1,1,0,0,15,2,12,0
1076397,0,0,1,1,0,0,15,2,12,0
1076664,1,1,1,1,1,0,15,2,12,0
1081330,0,1,1,0,1,0,15,2,12,0
1082419,1,1,1,1,1,0,15,2,12,0
1084894,1,0,1,0,0,0,15,2,12,0
1085498,1,1,0,0,0,0,15,2,12,0
1086903,1,1,1,1,1,0,15,2,12,0
1091585,0,1,1,0,1,0,15,2,12,0
1096650,0,0,1,1,0,0,15,2,12,0
1097606,0,0,0,0,1,0,15,2,12,0
1097818,0,0,1,1,0,0,15,2,12,0
1111972,0,0,0,0,1,0,15,2,12,0
1114532,1,1,0,0,0,0,144,2,12,0
1114578,0,0,0,0,1,0,144,2,12,0
1114648,1,1,1,1,1,0,144,2,12,0
1114742,0,1,0,1,0,0,144,2,12,0
1114867,0,1,0,1,0,0,144,2,12,0
1114883,0,1,1,0,1,0,144,2,12,0
1114944,0,0,0,0,1,0,144,2,12,0
1114951,1,1,1,1,1,0,144,2,12,0
1115982,0,1,0,1,0,0,144,2,12,0
1116410,0,1,0,1,0,0,144,2,12,0
1117333,0,1,1,0,1,0,144,2,12,0
1118083,0,0,1,1,0,0,144,2,12,0
1118536,1,1,1,1,1,0,144,2,12,0
1118890,1,0,0,1,1,0,144,2,12,0
1119073,0,1,1,0,1,0,144,2,12,0
1119862,1,0,1,0,0,0,144,2,12,0
1120298,0,1,1,0,1,0,144,2,12,0
1120322,1,1,1,1,1,0,144,2,12,0
1120342,1,0,1,0,0,0,144,2,12,0
1121398,1,0,1,0,0,0,144,2,12,0
1122233,0,0,1,0,0,0,144,2,12,0
1122703,0,0,0,0,1,0,144,2,12,0
1123340,1,0,0,1,1,0,144,2,12,0
1124995,0,0,0,0,1,0,144,2,12,0
1125663,1,1,0,0,0,0,144,2,12,0
1126171,1,1,0,0,0,0,144,2,12,0
1126777,1,0,0,0,1,1,144,2,12,0
1127196,1,0,0,0,1,1,144,2,12,0
1127644,0,1,1,0,1,0,144,2,12,0
1128112,1,0,0,1,1,0,144,2,12,0
1129142,0,1,0,1,0,0,144,2,12,0
1129240,1,0,0,1,1,0,144,2,12,0
1129568,1,1,0,0,0,0,144,2,12,0
1129884,1,0,1,0,0,0,144,2,12,0
1130246,0,1,0,1,0,0,144,2,12,0
1130325,1,0,1,0,0,0,144,2,12,0
1130788,0,1,1,0,1,0,144,2,12,0
1132152,0,0,1,1,0,0,144,2,12,0
1132352,1,1,1,1,1,0,144,2,12,0
1133473,1,1,1,1,1,0,144,2,12,0
1134210,1,0,1,0,0,0,144,2,12,0
1134758,0,1,0,1,0,0,144,2,12,0
1134849,0,1,0,1,0,0,144,2,12,0
1135530,1,0,1,0,0,0,144,2,12,0
1136652,0,1,0,1,0,0,144,2,12,0
1136982,0,0,0,0,1,0,144,2,12,0
1137341,1,1,0,0,0,0,144,2,12,0
1138059,0,0,1,1,0,0,144,2,12,0
1138333,0,0,1,1,0,0,144,2,12,0
1139098,0,0,1,1,0,0,144,2,12,0
1139475,0,0,0,0,1,0,144,2,12,0
1140324,1,0,1,0,0,0,144,2,12,0
1140532,1,1,1,1,1,0,144,2,12,0
1140752,1,0,0,1,1,0,144,2,12,0
1140946,1,0,1,1,0,0,144,2,12,0
1142559,1,0,0,1,1,0,144,2,12,0
1142766,0,0,1,0,0,0,144,2,12,0
1143675,1,0,0,1,1,0,144,2,12,0
1144192,0,0,1,0,0,0,144,2,12,0
1144640,1,1,0,0,0,0,144,2,12,0
1146147,1,0,1,0,0,0,144,2,12,0
1146946,0,1,0,1,0,0,144,2,12,0
1147240,1,1,0,0,0,0,144,2,12,0
1147750,0,1,1,0,1,0,144,2,12,0
1148090,0,0,0,0,1,0,144,2,12,0
1148315,1,1,1,1,1,0,144,2,12,0
1149436,0,0,0,0,1,0,144,2,12,0
1149961,0,0,0,0,1,0,144,2,12,0
1150752,0,0,1,1,0,0,144,2,12,0
1150994,0,0,1,1,0,0,144,2,12,0
1151327,0,1,0,1,0,0,144,2,12,0
1151937,1,1,1,1,1,0,144,2,12,0
1152505,0,0,0,0,1,0,144,2,12,0
1152579,0,0,0,0,1,0,144,2,12,0
1153062,0,0,0,0,1,0,144,2,12,0
1153347,1,1,1,1,1,0,144,2,12,0
1154634,0,0,0,0,1,0,144,2,12,0
1154653,1,0,0,1,1,0,144,2,12,0
1154735,1,0,1,0,0,0,144,2,12,0
1154757,0,0,1,1,0,0,144,2,12,0
1154888,1,1,1,1,1,0,144,2,12,0
1155136,0,0,1,1,0,0,144,2,12,0
1155301,0,1,1,0,1,0,144,2,12,0
1155743,0,1,0,1,0,0,144,2,12,0
1155881,1,1,0,0,0,0,144,2,12,0
1155942,0,0,0,0,1,0,144,2,12,0
1156508,0,1,0,1,0,0,144,2,12,0
1156590,0,1,0,1,0,0,144,2,12,0
1157026,1,0,1,1,0,0,144,2,12,0
1157123,1,0,1,0,0,0,144,2,12,0
1157401,1,1,0,0,0,0,144,2,12,0
1158282,1,0,0,1,1,0,144,2,12,0
1158750,0,0,0,0,1,0,144,2,12,0
1160406,0,1,1,0,1,0,144,2,12,0
1160689,1,0,1,0,0,0,144,2,12,0
1161136,0,1,1,0,1,0,144,2,12,0
1161308,0,0,1,1,0,0,144,2,12,0
1162007,1,0,1,0,0,0,144,2,12,0
1162541,0,1,0,1,0,0,144,2,12,0
1163435,1,0,0,1,1,0,144,2,12,0
1163580,1,0,0,1,1,0,144,2,12,0
1164166,1,1,1,1,1,0,144,2,12,0
1164220,0,1,1,0,1,0,144,2,12,0
1165615,1,1,1,1,1,0,144,2,12,0
1165616,1,1,1,1,1,0,144,2,12,0
1165657,0,0,0,0,1,0,144,2,12,0
1166081,1,1,0,0,0,0,144,2,12,0
1166717,0,0,0,0,1,0,144,2,12,0
1168249,0,0,0,0,1,0,144,2,12,0
1169009,1,1,1,1,1,0,144,2,12,0
1169716,1,1,1,1,1,0,144,2,12,0
1170719,0,0,0,0,1,0,144,2,12,0
1171659,0,0,0,0,1,0,144,2,12,0
1171676,0,0,0,0,1,0,144,2,12,0
1172150,1,0,1,0,0,0,144,2,12,0
1172206,1,1,1,1,1,0,144,2,12,0
1172684,1,1,1,0,1,1,144,2,12,0
1173379,0,1,0,1,0,0,144,2,12,0
1174111,0,1,1,0,1,0,144,2,12,0
1174152,1,0,0,1,1,0,144,2,12,0
1174364,0,1,1,0,1,0,144,2,12,0
1174725,0,1,0,1,0,0,144,2,12,0
1176694,0,1,1,0,1,0,144,2,12,0
1177024,0,0,0,0,1,0,144,2,12,0
1177367,0,1,1,0,1,0,144,2,12,0
1177682,0,0,1,1,0,0,144,2,12,0
1177819,1,1,0,0,0,0,144,2,12,0
1177837,1,1,1,1,1,0,144,2,12,0
1177985,1,1,1,1,1,0,144,2,12,0
1178909,1,0,0,1,1,0,144,2,12,0
1179326,0,1,1,0,1,0,144,2,12,0
1198280,0,0,0,0,1,0,3,2,12,0
1203300,0,0,0,0,1,0,3,2,12,0
1214639,1,1,1,1,1,0,3,2,12,0
1238944,1,1,0,0,0,0,3,2,12,0
1246995,0,1,1,0,1,0,51,2,12,0
1248035,0,0,0,0,1,0,51,2,12,0
1248253,0,1,0,1,0,0,51,2,12,0
1249473,0,0,0,1,1,1,51,2,12,0
1252094,1,0,1,0,0,0,51,2,12,0
1253355,0,1,0,1,0,0,51,2,12,0
1255389,0,0,1,1,0,0,51,2,12,0
1258397,1,0,0,1,1,0,51,2,12,0
1258728,1,0,1,0,0,0,51,2,12,0
1259425,0,0,1,1,0,0,51,2,12,0
1265119,0,0,0,0,1,0,51,2,12,0
1265573,1,1,1,1,1,0,51,2,12,0
1265862,0,0,1,1,0,0,51,2,12,0
1267274,0,1,1,0,1,0,51,2,12,0
1270451,1,0,0,1,1,0,51,2,12,0
1271867,1,1,0,0,0,0,51,2,12,0
1276633,1,1,1,1,1,0,51,2,12,0
1276868,0,0,0,0,1,0,51,2,12,0
1276953,0,1,1,0,1,0,51,2,12,0
1278957,0,1,1,0,1,0,51,2,12,0
1282229,0,0,1,1,0,0,51,2,12,0
1282427,0,1,1,0,1,0,51,2,12,0
1284157,1,1,1,1,1,0,51,2,12,0
1285301,1,0,0,1,1,0,51,2,12,0
1286252,0,1,1,0,1,0,51,2,12,0
1287443,0,0,0,0,1,0,51,2,12,0
1287482,0,0,0,0,1,0,51,2,12,0
1292778,0,0,0,0,1,0,51,2,12,0
1295394,0,0,0,1,1,1,51,2,12,0
1298238,0,1,0,1,0,0,51,2,12,0
1299406,0,0,0,0,1,0,51,2,12,0
1299877,1,0,1,0,0,0,51,2,12,0
1301185,0,1,0,1,0,0,51,2,12,0
1301963,0,0,0,0,1,0,51,2,12,0
1302391,1,0,1,0,0,0,51,2,12,0
1302603,0,0,1,1,0,0,51,2,12,0
1303345,1,0,1,0,0,0,51,2,12,0
1303683,1,0,1,0,0,0,51,2,12,0
1308430,1,0,0,1,1,0,51,2,12,0
1310813,0,1,1,0,1,0,144,2,12,0
1311098,0,0,1,1,0,0,144,2,12,0
1311747,0,0,0,0,1,0,144,2,12,0
1311923,0,0,1,0,0,0,144,2,12,0
1312137,1,0,1,0,0,0,144,2,12,0
1312255,1,1,0,0,0,0,144,2,12,0
1312378,0,0,1,0,0,0,144,2,12,0
1312579,1,1,1,1,1,0,144,2,12,0
1312841,0,0,0,0,1,0,144,2,12,0
1313316,0,0,0,0,1,0,144,2,12,0
1313333,1,1,0,0,0,0,144,2,12,0
1313442,1,1,1,1,1,0,144,2,12,0
1313775,1,1,0,0,0,0,144,2,12,0
1314230,0,0,1,1,0,0,144,2,12,0
1314492,1,0,1,0,0,0,144,2,12,0
1315246,1,1,1,1,1,0,144,2,12,0
1315599,0,0,0,0,1,0,144,2,12,0
1316210,0,0,0,0,1,0,144,2,12,0
1316613,0,1,1,0,1,0,144,2,12,0
1317215,0,0,0,0,1,0,144,2,12,0
1318173,0,1,0,1,0,0,144,2,12,0
1318193,1,0,1,0,0,0,144,2,12,0
1318278,1,1,0,0,0,0,144,2,12,0
1318366,0,1,1,0,1,0,144,2,12,0
1318928,1,0,1,0,0,0,144,2,12,0
1319116,0,0,0,0,1,0,144,2,12,0
1319578,0,0,1,1,0,0,144,2,12,0
1320162,1,0,1,0,0,0,144,2,12,0
1321494,1,0,0,1,1,0,144,2,12,0
1321587,0,1,0,1,0,0,144,2,12,0
1321734,0,0,0,0,1,0,144,2,12,0
1322365,1,0,0,1,1,0,144,2,12,0
1322584,0,1,0,0,0,0,144,2,12,0
1322684,1,1,0,1,0,0,144,2,12,0
1324760,1,1,1,1,1,0,144,2,12,0
1324844,0,0,0,0,1,0,144,2,12,0
1326357,0,1,1,0,1,0,144,2,12,0
1327503,0,1,0,1,0,0,144,2,12,0
1327606,1,1,0,0,0,0,144,2,12,0
1328490,1,1,1,1,1,0,144,2,12,0
1328563,0,1,1,0,1,0,144,2,12,0
1329077,0,0,1,1,0,0,144,2,12,0
1329222,0,0,1,1,0,0,144,2,12,0
1330599,0,1,1,0,1,0,144,2,12,0
1331004,0,0,0,0,1,0,144,2,12,0
1331306,1,1,0,0,0,0,144,2,12,0
1332120,1,1,0,0,0,0,144,2,12,0
1332548,0,1,0,1,0,0,144,2,12,0
1332747,0,0,0,0,1,0,144,2,12,0
1333597,1,1,1,1,1,0,144,2,12,0
1334103,0,1,0,1,0,0,144,2,12,0
1336519,1,0,1,0,0,0,144,2,12,0
1337961,1,0,0,1,1,0,144,2,12,0
1339870,1,1,0,0,0,0,144,2,12,0
1340068,0,0,1,1,0,0,144,2,12,0
1340293,1,1,1,1,1,0,144,2,12,0
1341170,0,0,0,0,1,0,144,2,12,0
1342798,0,1,0,1,0,0,144,2,12,0
1343775,1,1,0,0,0,0,144,2,12,0
1343790,0,0,1,1,0,0,144,2,12,0
1344361,0,0,0,0,1,0,144,2,12,0
1344397,1,1,0,0,0,0,144,2,12,0
1345280,1,1,1,1,1,0,144,2,12,0
1345437,1,1,0,0,0,0,144,2,12,0
1345498,0,1,1,0,1,0,144,2,12,0
1346769,1,1,0,0,0,0,144,2,12,0
1348695,1,0,1,0,0,0,144,2,12,0
1349142,0,0,0,0,1,0,144,2,12,0
1349655,1,0,1,0,0,0,144,2,12,0
1350006,0,1,0,1,0,0,144,2,12,0
1350012,0,1,0,1,0,0,144,2,12,0
1350615,0,0,1,1,0,0,144,2,12,0
1350840,0,0,1,1,0,0,144,2,12,0
1351021,1,1,0,0,0,0,144,2,12,0
1351537,0,0,1,1,0,0,144,2,12,0
1351869,1,1,1,1,1,0,144,2,12,0
1352384,0,1,1,0,1,0,144,2,12,0
1352492,1,1,1,1,1,0,144,2,12,0
1352635,1,1,1,1,1,0,144,2,12,0
1354406,0,1,0,1,0,0,144,2,12,0
1354407,1,1,0,0,0,0,144,2,12,0
1354475,0,0,0,0,1,0,144,2,12,0
1354821,1,0,1,0,0,0,144,2,12,0
1356361,0,0,0,0,1,0,144,2,12,0
1357185,1,0,1,0,0,0,144,2,12,0
1357203,1,1,0,0,0,0,144,2,12,0
1359084,1,1,1,1,1,0,144,2,12,0
1359534,1,1,1,1,1,0,144,2,12,0
1360010,0,0,0,1,1,1,144,2,12,0
1360353,0,0,0,0,1,0,144,2,12,0
1360894,1,1,0,0,0,0,144,2,12,0
1361660,0,1,1,0,1,0,144,2,12,0
1362205,1,0,1,0,0,0,144,2,12,0
1363033,0,0,0,0,1,0,144,2,12,0
1363395,0,0,1,1,0,0,144,2,12,0
1363662,0,0,0,0,1,0,144,2,12,0
1364264,0,0,0,0,1,0,144,2,12,0
1364361,0,1,1,0,1,0,144,2,12,0
1364877,1,1,0,0,0,0,144,2,12,0
1365688,0,1,0,1,0,0,144,2,12,0
1367617,0,0,1,1,0,0,144,2,12,0
1368223,0,1,0,1,0,0,144,2,12,0
1368499,0,0,1,1,0,0,144,2,12,0
1369986,0,1,0,1,0,0,144,2,12,0
1370039,1,1,1,1,1,0,144,2,12,0
1370555,1,0,0,1,1,0,144,2,12,0
1370587,0,0,0,0,1,0,144,2,12,0
1370888,1,0,0,1,1,0,144,2,12,0
1371722,0,0,0,0,1,0,144,2,12,0
1373216,1,1,1,1,1,0,144,2,12,0
1373421,0,1,0,1,0,0,144,2,12,0
1375344,1,1,1,1,1,0,144,2,12,0
1375719,1,1,0,0,0,0,144,2,12,0
1375833,1,0,1,0,0,0,144,2,12,0
1376414,1,1,1,0,1,1,106,2,12,0
1376887,0,1,0,1,0,0,106,2,12,0
1377183,1,1,0,0,0,0,106,2,12,0
1377217,1,0,1,0,0,0,106,2,12,0
1377539,1,1,0,0,0,0,106,2,12,0
1378929,1,0,0,1,1,0,106,2,12,0
1379203,1,0,1,0,0,0,106,2,12,0
1379589,1,0,0,1,1,0,106,2,12,0
1381822,1,1,0,0,0,0,106,2,12,0
1381904,1,1,1,1,1,0,106,2,12,0
1381969,0,0,0,0,1,0,106,2,12,0
1383634,0,1,1,0,1,0,106,2,12,0
1384182,0,1,0,0,0,0,106,2,12,0
1385901,1,0,1,0,0,0,106,2,12,0
1386003,1,0,0,1,1,0,106,2,12,0
1386532,0,0,0,0,1,0,106,2,12,0
1386975,0,0,1,1,0,0,106,2,12,0
1387785,0,0,0,0,1,0,106,2,12,0
1388696,0,1,0,0,0,0,106,2,12,0
1388874,0,1,0,1,0,0,106,2,12,0
1389844,0,0,1,1,0,0,106,2,12,0
1390584,1,0,0,1,1,0,106,2,12,0
1390878,0,0,1,1,0,0,106,2,12,0
1391923,0,1,0,1,0,0,106,2,12,0
1392264,0,0,0,0,1,0,106,2,12,0
1392736,1,0,1,0,0,0,106,2,12,0
1397929,0,0,1,1,0,0,106,2,12,0
1398080,0,0,1,1,0,0,106,2,12,0
1398478,1,0,0,1,1,0,106,2,12,0
1399497,0,0,1,1,0,0,106,2,12,0
1399641,0,1,1,0,1,0,106,2,12,0
1399725,0,0,0,0,1,0,106,2,12,0
1400384,1,1,1,1,1,0,106,2,12,0
1400646,0,1,0,1,0,0,106,2,12,0
1400721,0,0,0,0,1,0,106,2,12,0
1401284,1,0,0,1,1,0,106,2,12,0
1401951,0,0,0,0,1,0,106,2,12,0
1402390,1,0,1,0,0,0,106,2,12,0
1403536,1,0,1,0,0,0,106,2,12,0
1404223,0,0,0,0,1,0,106,2,12,0
1404501,1,0,1,0,0,0,106,2,12,0
1404962,1,0,1,0,0,0,106,2,12,0
1408041,0,0,0,0,1,0,106,2,12,0
1408353,0,1,0,1,0,0,106,2,12,0
1408414,0,0,1,1,0,0,106,2,12,0
1409239,1,1,1,1,1,0,106,2,12,0
1409344,1,0,1,0,0,0,106,2,12,0
1410379,1,1,0,0,0,0,106,2,12,0
1411217,0,1,0,1,0,0,106,2,12,0
1411705,0,1,1,0,1,0,106,2,12,0
1411967,0,1,1,1,1,1,106,2,12,0
1412336,1,1,0,0,0,0,106,2,12,0
1412505,0,1,1,0,1,0,106,2,12,0
1412911,1,0,1,0,0,0,106,2,12,0
1413450,0,1,1,0,1,0,106,2,12,0
1414407,1,0,0,1,1,0,106,2,12,0
1415421,1,0,0,1,1,0,106,2,12,0
1415709,1,0,0,1,1,0,106,2,12,0
1416399,0,0,0,0,1,0,106,2,12,0
1416584,1,1,1,1,1,0,106,2,12,0
1418424,0,1,0,1,0,0,106,2,12,0
1420132,1,0,1,0,0,0,106,2,12,0
1420156,0,1,1,0,1,0,106,2,12,0
1421038,0,1,0,1,0,0,106,2,12,0
1421117,1,0,0,1,1,0,106,2,12,0
1421869,0,0,0,0,1,0,106,2,12,0
1423697,1,1,1,1,1,0,106,2,12,0
1425641,0,0,1,0,0,0,106,2,12,0
1425676,1,0,1,0,0,0,106,2,12,0
1427672,0,1,1,0,1,0,106,2,12,0
1428113,1,0,0,1,1,0,106,2,12,0
1428257,1,0,0,1,1,0,106,2,12,0
1428428,0,1,1,0,1,0,106,2,12,0
1429063,1,0,1,0,0,0,106,2,12,0
1429230,1,0,1,0,0,0,106,2,12,0
1433564,0,0,1,1,0,0,106,2,12,0
1433797,0,0,0,0,1,0,106,2,12,0
1434030,1,1,0,1,0,0,106,2,12,0
1439080,0,0,0,0,1,0,106,2,12,0
1439619,1,1,1,1,1,0,106,2,12,0
1439946,1,1,0,0,0,0,106,2,12,0
1440427,1,1,1,1,1,0,106,2,12,0
1440906,1,1,0,0,0,0,106,2,12,0
1441605,1,1,1,1,1,0,106,2,12,0
1441655,0,1,0,1,0,0,106,2,12,0
1442031,1,1,0,0,0,0,255,2,12,0
1442474,0,1,0,1,0,0,255,2,12,0
1442629,1,0,1,0,0,0,255,2,12,0
1442652,1,0,1,0,0,0,255,2,12,0
1442971,0,0,1,1,0,0,255,2,12,0
1443059,0,0,1,1,0,0,255,2,12,0
1443137,0,1,1,0,1,0,255,2,12,0
1443235,0,1,0,1,0,0,255,2,12,0
1443453,1,0,1,0,0,0,255,2,12,0
1443523,0,0,1,1,0,0,255,2,12,0
1443564,1,0,0,1,1,0,255,2,12,0
1443665,0,1,1,0,1,0,255,2,12,0
1443700,0,0,0,0,1,0,255,2,12,0
1443760,0,1,1,0,1,0,255,2,12,0
1444151,1,1,0,0,0,0,255,2,12,0
1444282,1,1,1,1,1,0,255,2,12,0
1444456,0,0,1,1,0,0,255,2,12,0
1444740,0,1,1,0,1,0,255,2,12,0
1444831,1,0,1,0,0,0,255,2,12,0
1444977,1,0,1,0,0,0,255,2,12,0
1445032,1,0,1,0,0,0,255,2,12,0
1445218,1,1,0,0,0,0,255,2,12,0
1445357,0,0,0,0,1,0,255,2,12,0
1445363,0,1,1,0,1,0,255,2,12,0
1445644,0,1,1,0,1,0,255,2,12,0
1446017,1,0,0,1,1,0,255,2,12,0
1446079,0,0,1,1,0,0,255,2,12,0
1446190,1,1,1,1,1,0,255,2,12,0
1446392,0,0,0,0,1,0,255,2,12,0
1446444,1,1,1,1,1,0,255,2,12,0
1446452,1,1,0,0,0,0,255,2,12,0
1446526,1,0,1,0,0,0,255,2,12,0
1446596,0,0,0,0,1,0,255,2,12,0
1447418,1,1,1,1,1,0,255,2,12,0
1447471,1,1,1,1,1,0,255,2,12,0
1447753,0,0,1,1,0,0,255,2,12,0
1448062,0,1,1,0,1,0,255,2,12,0
1448326,0,1,1,0,1,0,255,2,12,0
1448805,0,0,0,0,1,0,255,2,12,0
1448881,1,0,0,1,1,0,255,2,12,0
1449146,1,1,1,1,1,0,255,2,12,0
1449260,0,1,0,1,0,0,255,2,12,0
1449319,1,0,0,1,1,0,255,2,12,0
1449335,1,0,0,1,1,0,255,2,12,0
1449401,0,1,0,1,0,0,255,2,12,0
1449599,1,0,0,1,1,0,255,2,12,0
1449714,0,0,1,1,0,0,255,2,12,0
1449874,1,1,1,1,1,0,255,2,12,0
1450011,1,0,1,0,0,0,255,2,12,0
1450181,1,0,0,1,1,0,255,2,12,0
1450214,1,1,1,1,1,0,255,2,12,0
1450238,1,1,0,0,0,0,255,2,12,0
1450253,0,1,1,0,1,0,255,2,12,0
1450260,1,1,1,1,1,0,255,2,12,0
1450665,1,0,0,1,1,0,255,2,12,0
1450667,1,0,1,0,0,0,255,2,12,0
1451111,0,0,0,0,1,0,255,2,12,0
1451243,0,1,1,0,1,0,255,2,12,0
1451609,0,1,0,1,0,0,255,2,12,0
1451621,1,0,0,0,1,1,255,2,12,0
1451700,0,1,1,0,1,0,255,2,12,0
1451731,1,0,0,1,1,0,255,2,12,0
1452022,1,1,0,0,0,0,255,2,12,0
1452096,0,1,1,0,1,0,255,2,12,0
1452385,1,0,0,1,1,0,255,2,12,0
1452574,0,0,1,1,0,0,255,2,12,0
1452700,0,0,0,0,1,0,255,2,12,0
1452850,1,0,0,1,1,0,255,2,12,0
1452931,0,1,0,0,0,0,255,2,12,0
1453002,1,0,1,0,0,0,255,2,12,0
1453009,1,1,1,1,1,0,255,2,12,0
1453417,0,1,1,0,1,0,255,2,12,0
1453433,1,1,1,1,1,0,255,2,12,0
1453489,1,1,0,0,0,0,255,2,12,0
1453517,0,0,0,0,1,0,255,2,12,0
1453554,1,1,0,0,0,0,255,2,12,0
1453734,0,0,1,1,0,0,255,2,12,0
1454075,1,0,1,0,0,0,255,2,12,0
1454100,1,0,1,1,0,0,255,2,12,0
1454247,1,0,0,1,1,0,255,2,12,0
1454344,0,0,1,1,0,0,255,2,12,0
1454387,1,1,0,0,0,0,255,2,12,0
1454570,0,1,0,1,0,0,255,2,12,0
1454684,1,1,0,0,0,0,255,2,12,0
1454818,0,0,1,1,0,0,255,2,12,0
1455129,1,0,1,0,0,0,255,2,12,0
1455169,0,0,0,0,1,0,255,2,12,0
1455310,1,1,1,1,1,0,255,2,12,0
1455333,1,0,0,1,1,0,255,2,12,0
1455423,1,1,1,1,1,0,255,2,12,0
1455455,1,1,0,0,0,0,255,2,12,0
1455507,1,1,0,0,0,0,255,2,12,0
1455681,1,0,1,0,0,0,255,2,12,0
1455971,0,0,0,0,1,0,255,2,12,0
1456519,0,0,0,0,1,0,255,2,12,0
1456521,0,0,1,1,0,0,255,2,12,0
1456563,0,1,1,0,1,0,255,2,12,0
1456969,0,1,0,1,0,0,255,2,12,0
1457082,0,1,1,0,1,0,255,2,12,0
1457321,0,1,1,0,1,0,255,2,12,0
1457557,0,1,1,0,1,0,255,2,12,0
1457628,1,0,0,0,1,1,255,2,12,0
1458079,0,1,1,0,1,0,255,2,12,0
1458397,0,1,1,0,1,0,255,2,12,0
1458431,1,0,0,1,1,0,255,2,12,0
1458746,1,1,1,1,1,0,255,2,12,0
1458822,1,1,0,0,0,0,255,2,12,0
1458848,0,0,1,1,0,0,255,2,12,0
1459257,0,1,1,0,1,0,255,2,12,0
1459279,1,0,0,1,1,0,255,2,12,0
1459914,0,0,1,1,0,0,255,2,12,0
1460246,0,0,1,1,0,0,255,2,12,0
1460416,0,1,1,0,1,0,255,2,12,0
1460525,1,0,0,1,1,0,255,2,12,0
1460617,1,0,1,0,0,0,255,2,12,0
1461388,1,1,0,0,0,0,255,2,12,0
1461619,0,1,0,1,0,0,255,2,12,0
1461797,1,0,0,1,1,0,255,2,12,0
1462242,0,0,0,0,1,0,255,2,12,0
1462851,1,1,1,1,1,0,255,2,12,0
1463274,1,1,0,0,0,0,255,2,12,0
1463512,1,0,0,1,1,0,255,2,12,0
1463650,0,1,1,0,1,0,255,2,12,0
1463728,1,0,0,1,1,0,255,2,12,0
1463839,0,1,1,0,1,0,255,2,12,0
1464313,1,0,1,0,0,0,255,2,12,0
1464394,0,0,0,0,1,0,255,2,12,0
1464850,0,0,0,0,1,0,255,2,12,0
1465016,1,0,0,1,1,0,255,2,12,0
1465332,1,0,0,1,1,0,255,2,12,0
1465339,1,1,0,0,0,0,255,2,12,0
1465410,0,1,0,1,0,0,255,2,12,0
1465530,1,1,1,1,1,0,255,2,12,0
1465552,1,0,0,1,1,0,255,2,12,0
1465745,0,0,1,1,0,0,255,2,12,0
1465768,1,0,0,1,1,0,255,2,12,0
1465877,0,1,0,1,0,0,255,2,12,0
1466046,1,1,1,1,1,0,255,2,12,0
1466844,1,0,0,1,1,0,255,2,12,0
1466916,0,1,1,0,1,0,255,2,12,0
1467490,1,0,0,1,1,0,255,2,12,0
1467579,0,0,0,0,1,0,255,2,12,0
1467719,1,0,1,0,0,0,255,2,12,0
1467869,1,1,0,0,0,0,255,2,12,0
1467942,1,1,0,0,0,0,255,2,12,0
1468118,1,0,0,1,1,0,255,2,12,0
1468359,0,1,1,0,1,0,255,2,12,0
1468380,1,1,0,0,0,0,255,2,12,0
1468426,1,0,1,0,0,0,255,2,12,0
1468494,1,0,1,0,0,0,255,2,12,0
1468527,1,0,1,0,0,0,255,2,12,0
1468892,1,0,0,1,1,0,255,2,12,0
1469310,1,0,1,0,0,0,255,2,12,0
1469755,0,1,0,1,0,0,255,2,12,0
1469902,1,0,1,0,0,0,255,2,12,0
1470249,1,0,0,1,1,0,255,2,12,0
1470335,0,1,0,1,0,0,255,2,12,0
1470454,0,1,1,0,1,0,255,2,12,0
1470716,0,0,1,1,0,0,255,2,12,0
1470910,1,1,1,1,1,0,255,2,12,0
1470943,1,0,1,0,0,0,255,2,12,0
1471084,1,0,0,1,1,0,255,2,12,0
1471085,1,1,0,0,0,0,255,2,12,0
1471253,0,0,1,1,0,0,255,2,12,0
1471367,0,0,0,0,1,0,255,2,12,0
1471400,0,1,0,1,0,0,255,2,12,0
1471447,1,1,1,1,1,0,255,2,12,0
1471533,1,1,0,0,0,0,255,2,12,0
1471559,1,1,1,1,1,0,255,2,12,0
1471804,0,1,0,1,0,0,255,2,12,0
1472009,0,0,1,1,0,0,255,2,12,0
1472391,1,1,0,0,0,0,255,2,12,0
1472408,0,1,1,0,1,0,255,2,12,0
1472522,0,1,0,1,0,0,255,2,12,0
1472816,1,0,0,1,1,0,255,2,12,0
1472842,0,0,0,0,1,0,255,2,12,0
1472970,0,1,1,1,1,1,255,2,12,0
1473124,0,1,0,1,0,0,255,2,12,0
1473472,0,0,0,0,1,0,255,2,12,0
1473870,1,0,0,1,1,0,255,2,12,0
1473893,1,1,1,1,1,0,255,2,12,0
1473904,1,1,1,1,1,0,255,2,12,0
1473957,1,1,1,1,1,0,255,2,12,0
1474011,1,1,1,1,1,0,255,2,12,0
1474082,1,1,1,1,1,0,255,2,12,0
1474164,0,0,0,1,1,1,255,2,12,0
1474177,0,0,0,0,1,0,255,2,12,0
1474305,0,1,1,0,1,0,255,2,12,0
1474353,1,0,1,0,0,0,255,2,12,0
1474377,0,0,0,0,1,0,255,2,12,0
1474417,0,1,0,1,0,0,255,2,12,0
1474792,0,0,1,1,0,0,255,2,12,0
1474913,0,0,0,0,1,0,255,2,12,0
1475795,0,1,1,0,1,0,255,2,12,0
1475936,1,1,1,1,1,0,255,2,12,0
1476183,1,1,1,1,1,0,255,2,12,0
1477050,1,1,1,1,1,0,255,2,12,0
1477136,0,1,1,0,1,0,255,2,12,0
1477165,1,1,0,0,0,0,255,2,12,0
1477757,0,1,0,1,0,0,255,2,12,0
1477795,0,1,1,0,1,0,255,2,12,0
1477901,1,1,1,1,1,0,255,2,12,0
1477945,1,1,0,0,0,0,255,2,12,0
1478011,1,0,0,1,1,0,255,2,12,0
1478288,1,1,1,1,1,0,255,2,12,0
1478678,0,0,0,0,1,0,255,2,12,0
1478703,1,0,1,0,0,0,255,2,12,0
1478937,0,0,1,1,0,0,255,2,12,0
1479099,1,1,0,0,0,0,255,2,12,0
1479159,1,0,0,1,1,0,255,2,12,0
1479264,1,0,1,0,0,0,255,2,12,0
1479312,1,1,1,1,1,0,255,2,12,0
1479313,1,0,0,1,1,0,255,2,12,0
1479346,0,0,1,1,0,0,255,2,12,0
1479756,0,0,0,0,1,0,255,2,12,0
1479792,0,1,1,0,1,0,255,2,12,0
1479820,0,1,0,1,0,0,255,2,12,0
1480124,0,0,1,1,0,0,255,2,12,0
1480246,1,1,1,1,1,0,255,2,12,0
1480248,0,1,1,0,1,0,255,2,12,0
1480443,0,1,1,0,1,0,255,2,12,0
1480600,1,1,1,1,1,0,255,2,12,0
1481206,0,1,0,1,0,0,255,2,12,0
1481316,1,1,0,0,0,0,255,2,12,0
1481370,1,0,0,1,1,0,255,2,12,0
1481477,0,1,1,0,1,0,255,2,12,0
1481484,0,0,0,0,1,0,255,2,12,0
1481717,0,1,1,0,1,0,255,2,12,0
1481913,1,0,0,1,1,0,255,2,12,0
1482117,1,1,0,0,0,0,255,2,12,0
1482570,1,0,1,0,0,0,255,2,12,0
1482904,0,0,0,0,1,0,255,2,12,0
1483109,0,0,0,0,1,0,255,2,12,0
1483155,0,0,1,1,0,0,255,2,12,0
1483748,0,1,0,1,0,0,255,2,12,0
1483900,1,0,0,1,1,0,255,2,12,0
1484101,1,0,0,1,1,0,255,2,12,0
1484165,1,1,1,1,1,0,255,2,12,0
1484291,0,0,1,1,0,0,255,2,12,0
1484484,1,0,1,0,0,0,255,2,12,0
1484541,1,0,0,1,1,0,255,2,12,0
1484737,0,0,0,0,1,0,255,2,12,0
1484828,1,1,0,0,0,0,255,2,12,0
1484920,0,1,1,0,1,0,255,2,12,0
1485014,1,0,1,0,0,0,255,2,12,0
1485205,0,0,1,1,0,0,255,2,12,0
1485573,0,1,0,1,0,0,255,2,12,0
1485606,1,1,1,1,1,0,255,2,12,0
1486120,0,0,0,0,1,0,255,2,12,0
1486218,0,0,0,0,1,0,255,2,12,0
1486221,1,0,1,0,0,0,255,2,12,0
1486477,0,0,1,1,0,0,255,2,12,0
1486561,1,0,1,0,0,0,255,2,12,0
1486613,1,1,0,0,0,0,255,2,12,0
1487170,1,1,1,1,1,0,255,2,12,0
1488039,0,1,0,1,0,0,255,2,12,0
1488202,1,1,0,0,0,0,255,2,12,0
1488237,0,1,0,1,0,0,255,2,12,0
1488326,0,0,0,0,1,0,255,2,12,0
1488330,0,0,0,0,1,0,255,2,12,0
1488417,1,0,0,1,1,0,255,2,12,0
1488785,0,1,1,0,1,0,255,2,12,0
1488915,1,0,1,0,0,0,255,2,12,0
1489001,0,1,0,1,0,0,255,2,12,0
1489014,0,1,1,0,1,0,255,2,12,0
1489106,0,0,1,0,0,0,255,2,12,0
1489146,0,1,1,0,1,0,255,2,12,0
1489406,1,1,0,0,0,0,255,2,12,0
1489558,0,0,1,1,0,0,255,2,12,0
1489762,0,0,0,0,1,0,255,2,12,0
1490058,0,0,1,1,0,0,255,2,12,0
1490649,0,0,1,1,0,0,255,2,12,0
1490655,1,0,1,0,0,0,255,2,12,0
1490851,1,0,0,1,1,0,255,2,12,0
1491194,1,1,1,1,1,0,255,2,12,0
1491267,0,1,1,0,1,0,255,2,12,0
1491499,0,0,0,0,1,0,255,2,12,0
1491587,0,0,0,0,1,0,255,2,12,0
1491692,1,1,1,1,1,0,255,2,12,0
1491887,1,0,0,1,1,0,255,2,12,0
1491991,0,1,0,1,0,0,255,2,12,0
1492485,0,1,0,0,0,0,255,2,12,0
1492503,1,0,0,0,1,1,255,2,12,0
1492768,0,1,1,0,1,0,255,2,12,0
1492889,0,0,0,0,1,0,255,2,12,0
1493041,1,0,1,0,0,0,255,2,12,0
1493696,1,0,1,0,0,0,255,2,12,0
1493914,1,0,0,1,1,0,255,2,12,0
1494025,0,1,1,0,1,0,255,2,12,0
1494179,1,1,1,0,1,1,255,2,12,0
1494212,1,0,1,0,0,0,255,2,12,0
1494317,1,0,1,0,0,0,255,2,12,0
1494352,0,0,1,1,0,0,255,2,12,0
1494869,1,1,0,0,0,0,255,2,12,0
1494935,1,1,1,1,1,0,255,2,12,0
1494976,0,1,1,0,1,0,255,2,12,0
1495077,1,0,1,0,0,0,255,2,12,0
1495274,1,1,0,0,0,0,255,2,12,0
1495276,0,1,0,1,0,0,255,2,12,0
1495322,0,1,0,1,0,0,255,2,12,0
1495458,0,0,1,1,0,0,255,2,12,0
1495942,0,1,1,0,1,0,255,2,12,0
1496025,1,1,1,1,1,0,255,2,12,0
1496667,0,1,0,1,0,0,255,2,12,0
1496768,1,1,0,0,0,0,255,2,12,0
1496961,0,0,0,0,1,0,255,2,12,0
1497436,1,1,1,1,1,0,255,2,12,0
1497452,0,0,1,1,0,0,255,2,12,0
1497467,0,1,1,0,1,0,255,2,12,0
1497546,1,0,1,0,0,0,255,2,12,0
1497955,0,0,0,1,1,1,255,2,12,0
1497995,1,0,1,0,0,0,255,2,12,0
1498236,0,1,0,1,0,0,255,2,12,0
1498560,1,1,0,0,0,0,255,2,12,0
1498761,1,1,0,0,0,0,255,2,12,0
1499506,1,1,1,1,1,0,255,2,12,0
1499520,0,0,1,1,0,0,255,2,12,0
1499808,1,0,0,1,1,0,255,2,12,0
1499967,1,1,1,1,1,0,255,2,12,0
1500038,1,0,1,0,0,0,255,2,12,0
1500224,0,1,0,1,0,0,255,2,12,0
1500427,1,1,0,0,0,0,255,2,12,0
1500525,1,1,0,0,0,0,255,2,12,0
1500528,0,0,1,1,0,0,255,2,12,0
1500783,1,0,0,1,1,0,255,2,12,0
1500857,1,0,1,0,0,0,255,2,12,0
1500957,0,0,0,0,1,0,255,2,12,0
1500962,1,1,0,0,0,0,255,2,12,0
1501069,0,1,0,1,0,0,255,2,12,0
1501100,0,0,1,1,0,0,255,2,12,0
1501101,1,0,0,1,1,0,255,2,12,0
1501418,1,1,1,1,1,0,255,2,12,0
1501837,1,1,0,0,0,0,255,2,12,0
1501922,0,0,0,0,1,0,255,2,12,0
1502105,0,0,0,0,1,0,255,2,12,0
1502448,0,0,1,1,0,0,255,2,12,0
1502675,0,0,1,1,0,0,255,2,12,0
1502730,1,1,0,0,0,0,255,2,12,0
1502948,0,1,1,0,1,0,255,2,12,0
1503168,1,0,1,0,0,0,255,2,12,0
1503172,0,0,0,0,1,0,255,2,12,0
1503226,1,1,0,0,0,0,255,2,12,0
1503344,0,1,1,0,1,0,255,2,12,0
1503507,0,1,0,1,0,0,255,2,12,0
1503554,1,0,1,0,0,0,255,2,12,0
1503801,0,1,1,0,1,0,255,2,12,0
1503849,1,0,1,0,0,0,255,2,12,0
1503896,1,1,1,1,1,0,255,2,12,0
1503903,1,1,1,1,1,0,255,2,12,0
1504076,0,1,1,0,1,0,255,2,12,0
1504357,0,0,0,0,1,0,255,2,12,0
1504489,0,0,1,1,0,0,255,2,12,0
1504491,0,0,1,1,0,0,255,2,12,0
1504531,1,1,1,1,1,0,255,2,12,0
1504647,0,1,0,1,0,0,255,2,12,0
1504797,0,0,1,0,0,0,255,2,12,0
1505144,1,1,1,1,1,0,255,2,12,0
1505770,0,1,1,0,1,0,255,2,12,0
1505780,0,0,0,0,1,0,255,2,12,0
1505894,1,1,1,1,1,0,255,2,12,0
1506201,0,1,1,0,1,0,255,2,12,0
1506568,0,0,1,1,0,0,255,2,12,0
1506633,1,0,0,1,1,0,255,2,12,0
1506737,1,1,0,0,0,0,255,2,12,0
1506811,1,0,1,1,0,0,255,2,12,0
1506956,0,0,1,1,0,0,255,2,12,0
1507213,1,1,1,1,1,0,255,2,12,0
1509061,0,1,1,0,1,0,102,2,12,0
1509378,0,0,1,0,0,0,102,2,12,0
1509913,1,1,0,0,0,0,102,2,12,0
1510512,1,0,1,0,0,0,102,2,12,0
1510520,1,0,0,1,1,0,102,2,12,0
1512115,1,0,0,1,1,0,102,2,12,0
1514305,1,1,0,0,0,0,102,2,12,0
1514756,1,1,1,1,1,0,102,2,12,0
1514799,0,0,0,0,1,0,102,2,12,0
1514874,0,1,0,1,0,0,102,2,12,0
1515121,1,1,1,1,1,0,102,2,12,0
1516102,0,0,1,1,0,0,102,2,12,0
1517098,0,1,0,1,0,0,102,2,12,0
1517508,0,1,0,0,0,0,102,2,12,0
1518050,0,0,1,1,0,0,102,2,12,0
1518660,1,1,1,1,1,0,102,2,12,0
1519488,1,1,0,1,0,0,102,2,12,0
1519859,1,1,1,1,1,0,102,2,12,0
1520331,1,0,0,1,1,0,102,2,12,0
1520529,1,0,1,0,0,0,102,2,12,0
1520812,1,1,0,0,0,0,102,2,12,0
1521085,1,0,1,0,0,0,102,2,12,0
1522065,0,0,1,1,0,0,102,2,12,0
1523203,1,1,0,0,0,0,102,2,12,0
1523539,0,1,1,0,1,0,102,2,12,0
1527859,0,0,1,1,0,0,102,2,12,0
1527873,1,0,0,1,1,0,102,2,12,0
1528509,0,0,1,1,0,0,102,2,12,0
1529103,0,1,0,1,0,0,102,2,12,0
1530071,0,1,0,1,0,0,102,2,12,0
1532902,0,0,0,0,1,0,102,2,12,0
1534821,0,0,1,1,0,0,102,2,12,0
1534893,1,0,1,1,0,0,102,2,12,0
1535281,1,0,1,0,0,0,102,2,12,0
1537018,1,1,1,1,1,0,102,2,12,0
1537099,0,0,0,0,1,0,102,2,12,0
1538069,1,0,1,0,0,0,102,2,12,0
1538242,0,0,0,0,1,0,102,2,12,0
1538280,0,1,0,1,0,0,102,2,12,0
1539090,0,1,1,0,1,0,102,2,12,0
1540335,0,1,1,0,1,0,102,2,12,0
1541342,1,1,0,0,0,0,102,2,12,0
1541829,1,1,0,1,0,0,102,2,12,0
1541956,0,0,1,1,0,0,102,2,12,0
1542106,1,0,1,0,0,0,102,2,12,0
1544103,1,0,0,1,1,0,102,2,12,0
1545709,1,1,1,1,1,0,102,2,12,0
1545782,1,0,0,1,1,0,102,2,12,0
1546617,0,1,0,1,0,0,102,2,12,0
1546685,1,0,0,1,1,0,102,2,12,0
1546768,0,0,0,0,1,0,102,2,12,0
1547809,1,0,1,0,0,0,102,2,12,0
1549112,0,0,1,1,0,0,102,2,12,0
1549199,1,0,0,1,1,0,102,2,12,0
1549545,1,1,0,0,0,0,102,2,12,0
1549824,0,0,0,0,1,0,102,2,12,0
1550072,0,1,0,1,0,0,102,2,12,0
1550474,0,0,1,1,0,0,102,2,12,0
1550896,0,1,1,0,1,0,102,2,12,0
1551403,1,0,0,1,1,0,102,2,12,0
1551842,1,0,1,0,0,0,102,2,12,0
1554829,1,0,1,0,0,0,102,2,12,0
1555996,0,1,1,0,1,0,102,2,12,0
1556710,1,0,1,0,0,0,102,2,12,0
1556744,0,1,0,1,0,0,102,2,12,0
1557630,1,0,1,0,0,0,102,2,12,0
1558102,1,1,1,1,1,0,102,2,12,0
1558236,0,0,1,0,0,0,102,2,12,0
1558506,0,1,1,0,1,0,102,2,12,0
1558686,1,0,1,0,0,0,102,2,12,0
1558707,0,1,1,0,1,0,102,2,12,0
1558898,0,1,0,1,0,0,102,2,12,0
1559094,0,1,1,0,1,0,102,2,12,0
1559204,0,1,0,1,0,0,102,2,12,0
1559256,0,0,0,1,1,1,102,2,12,0
1561367,1,0,0,1,1,0,102,2,12,0
1562143,0,0,0,0,1,0,102,2,12,0
1562631,1,0,1,0,0,0,102,2,12,0
1564039,0,1,1,0,1,0,102,2,12,0
1564233,1,0,0,1,1,0,102,2,12,0
1564283,1,1,1,1,1,0,102,2,12,0
1564629,1,0,0,1,1,0,102,2,12,0
1564858,0,0,0,0,1,0,102,2,12,0
1565570,0,1,0,1,0,0,102,2,12,0
1565707,0,0,1,1,0,0,102,2,12,0
1568992,0,1,0,1,0,0,102,2,12,0
1569270,1,0,1,0,0,0,102,2,12,0
1569448,0,0,0,0,1,0,102,2,12,0
1569821,1,1,0,0,0,0,102,2,12,0
1570062,1,1,1,1,1,0,102,2,12,0
1571522,1,0,0,1,1,0,102,2,12,0
1572396,1,0,0,1,1,0,102,2,12,0
1572813,1,0,0,1,1,0,102,2,12,0
1572913,1,0,0,1,1,0,136,2,12,0
1573742,0,1,1,0,1,0,136,2,12,0
1574691,1,1,1,1,1,0,136,2,12,0
1575262,0,1,1,0,1,0,136,2,12,0
1575649,0,1,0,1,0,0,136,2,12,0
1575847,0,1,0,1,0,0,136,2,12,0
1575941,0,1,0,1,0,0,136,2,12,0
1577209,0,1,0,1,0,0,136,2,12,0
1577900,1,0,1,0,0,0,136,2,12,0
1577924,0,1,0,1,0,0,136,2,12,0
1578251,1,1,1,1,1,0,136,2,12,0
1578976,0,1,1,0,1,0,136,2,12,0
1579096,0,1,0,1,0,0,136,2,12,0
1579487,0,0,0,0,1,0,136,2,12,0
1580667,0,0,1,1,0,0,136,2,12,0
1580959,1,1,0,0,0,0,136,2,12,0
1581187,1,0,0,1,1,0,136,2,12,0
1582571,1,0,0,1,1,0,136,2,12,0
1582932,0,1,0,1,0,0,136,2,12,0
1583308,0,1,1,0,1,0,136,2,12,0
1583480,0,1,0,1,0,0,136,2,12,0
1583521,1,0,1,0,0,0,136,2,12,0
1583691,0,0,1,1,0,0,136,2,12,0
1583784,0,1,1,0,1,0,136,2,12,0
1583827,0,1,0,1,0,0,136,2,12,0
1584520,0,1,1,0,1,0,136,2,12,0
1586604,1,0,1,0,0,0,136,2,12,0
1587737,0,0,0,0,1,0,136,2,12,0
1588126,0,1,1,0,1,0,136,2,12,0
1588952,0,0,1,1,0,0,136,2,12,0
1589122,0,1,0,1,0,0,136,2,12,0
1589521,0,1,0,1,0,0,136,2,12,0
1589803,1,1,0,0,0,0,136,2,12,0
1591172,1,0,1,0,0,0,136,2,12,0
1591758,0,0,1,1,0,0,136,2,12,0
1592218,0,1,1,0,1,0,136,2,12,0
1593652,1,1,0,1,0,0,136,2,12,0
1593730,1,1,1,1,1,0,136,2,12,0
1593971,1,0,1,0,0,0,136,2,12,0
1594296,1,1,0,0,0,0,136,2,12,0
1595289,0,1,1,0,1,0,136,2,12,0
1595894,0,1,1,0,1,0,136,2,12,0
1596322,1,1,0,0,0,0,136,2,12,0
1596837,1,0,0,1,1,0,136,2,12,0
1597699,1,0,0,1,1,0,136,2,12,0
1598251,1,1,0,0,0,0,136,2,12,0
1599271,1,0,0,1,1,0,136,2,12,0
1600376,0,0,0,0,1,0,136,2,12,0
1600474,1,0,1,0,0,0,136,2,12,0
1600484,1,0,0,1,1,0,136,2,12,0
1600949,1,1,1,1,1,0,136,2,12,0
1601755,1,0,1,0,0,0,136,2,12,0
1601974,0,0,1,1,0,0,136,2,12,0
1603210,0,0,1,1,0,0,136,2,12,0
1603319,0,1,0,1,0,0,136,2,12,0
1603610,0,0,1,1,0,0,136,2,12,0
1603642,1,1,1,1,1,0,136,2,12,0
1603782,1,1,1,1,1,0,136,2,12,0
1604017,1,0,0,1,1,0,136,2,12,0
1604250,0,0,0,0,1,0,136,2,12,0
1605558,1,1,0,1,0,0,136,2,12,0
1606859,0,0,1,1,0,0,136,2,12,0
1607132,0,1,1,0,1,0,136,2,12,0
1607324,0,1,1,0,1,0,136,2,12,0
1608153,1,1,1,1,1,0,136,2,12,0
1608292,1,1,1,1,1,0,136,2,12,0
1608307,1,1,0,0,0,0,136,2,12,0
1608377,0,0,1,1,0,0,136,2,12,0
1608528,1,1,1,0,1,1,136,2,12,0
1608531,1,1,1,1,1,0,136,2,12,0
1608857,1,1,0,0,0,0,136,2,12,0
1610151,1,1,0,0,0,0,136,2,12,0
1610755,0,1,1,0,1,0,136,2,12,0
1612567,0,0,1,1,0,0,136,2,12,0
1612779,1,1,0,0,0,0,136,2,12,0
1613204,0,1,1,0,1,0,136,2,12,0
1614414,1,1,0,1,0,0,136,2,12,0
1614503,0,1,0,1,0,0,136,2,12,0
1614872,0,1,1,0,1,0,136,2,12,0
1614924,0,1,0,1,0,0,136,2,12,0
1615417,0,0,0,0,1,0,136,2,12,0
1616050,1,0,0,1,1,0,136,2,12,0
1616528,0,0,1,1,0,0,136,2,12,0
1616548,0,0,1,1,0,0,136,2,12,0
1616896,1,0,0,1,1,0,136,2,12,0
1618999,1,0,1,0,0,0,136,2,12,0
1619689,0,0,0,0,1,0,136,2,12,0
1620346,0,0,0,0,1,0,136,2,12,0
1621106,1,1,1,1,1,0,136,2,12,0
1621941,0,0,1,1,0,0,136,2,12,0
1621946,1,1,1,1,1,0,136,2,12,0
1622499,1,1,0,0,0,0,136,2,12,0
1622562,1,1,1,1,1,0,136,2,12,0
1622568,1,1,1,1,1,0,136,2,12,0
1623584,1,0,1,0,0,0,136,2,12,0
1624893,0,0,1,1,0,0,136,2,12,0
1624920,0,1,0,1,0,0,136,2,12,0
1624948,0,1,1,0,1,0,136,2,12,0
1625238,1,0,1,0,0,0,136,2,12,0
1625303,1,1,1,1,1,0,136,2,12,0
1626120,0,0,1,1,0,0,136,2,12,0
1626445,1,1,0,0,0,0,136,2,12,0
1626690,1,0,0,1,1,0,136,2,12,0
1626732,0,0,0,0,1,0,136,2,12,0
1626746,0,0,1,1,0,0,136,2,12,0
1626904,0,0,1,1,0,0,136,2,12,0
1628454,1,0,1,0,0,0,136,2,12,0
1628536,1,1,1,1,1,0,136,2,12,0
1629387,1,0,1,0,0,0,136,2,12,0
1629608,0,1,0,1,0,0,136,2,12,0
1630840,0,0,0,0,1,0,136,2,12,0
1630936,0,0,1,1,0,0,136,2,12,0
1631345,0,1,0,1,0,0,136,2,12,0
1631806,1,1,1,1,1,0,136,2,12,0
1632008,0,1,0,1,0,0,136,2,12,0
1632659,1,0,0,1,1,0,136,2,12,0
1633362,0,1,0,1,0,0,136,2,12,0
1633516,0,0,0,0,1,0,136,2,12,0
1633966,0,0,1,1,0,0,136,2,12,0
1634550,0,0,0,0,1,0,136,2,12,0
1634561,0,1,0,1,0,0,136,2,12,0
1634746,1,1,1,1,1,0,136,2,12,0
1634793,1,1,1,1,1,0,136,2,12,0
1636119,1,0,1,0,0,0,136,2,12,0
1636258,0,0,1,1,0,0,136,2,12,0
1636376,0,1,0,1,0,0,136,2,12,0
1636668,0,1,0,1,0,0,136,2,12,0
1636695,1,1,0,0,0,0,136,2,12,0
1636886,0,0,1,1,0,0,136,2,12,0
1637893,0,0,1,1,0,0,136,2,12,0
1638044,0,0,1,1,0,0,136,2,12,0
1638228,1,1,0,0,0,0,136,2,12,0
1638644,1,0,0,1,1,0,7,2,12,0
1640628,1,0,1,0,0,0,7,2,12,0
1666584,0,0,0,0,1,0,7,2,12,0
1679330,1,0,1,0,0,0,7,2,12,0
1696042,0,0,0,0,1,0,7,2,12,0
1697588,0,0,1,1,0,0,7,2,12,0
1704491,0,1,1,0,1,0,33,2,12,0
1704723,1,1,1,1,1,0,33,2,12,0
1705121,1,0,1,1,0,0,33,2,12,0
1705371,0,1,1,0,1,0,33,2,12,0
1707431,1,0,0,1,1,0,33,2,12,0
1710185,1,1,0,0,0,0,33,2,12,0
1710468,0,1,1,0,1,0,33,2,12,0
1711060,1,0,1,0,0,0,33,2,12,0
1714817,0,1,0,1,0,0,33,2,12,0
1718148,1,0,1,0,0,0,33,2,12,0
1719129,0,0,1,1,0,0,33,2,12,0
1719183,0,1,1,0,1,0,33,2,12,0
1720296,0,0,0,0,1,0,33,2,12,0
1722260,0,1,1,0,1,0,33,2,12,0
1724630,1,1,0,0,0,0,33,2,12,0
1724769,1,1,0,0,0,0,33,2,12,0
1726912,0,0,0,0,1,0,33,2,12,0
1727032,1,1,0,0,0,0,33,2,12,0
1731592,0,0,1,1,0,0,33,2,12,0
1732421,1,0,1,0,0,0,33,2,12,0
1734101,0,0,0,0,1,0,33,2,12,0
1735050,1,0,0,1,1,0,33,2,12,0
1737168,0,0,0,0,1,0,33,2,12,0
1741140,1,0,0,1,1,0,33,2,12,0
1753692,1,1,1,1,1,0,33,2,12,0
1754427,0,0,1,1,0,0,33,2,12,0
1755199,0,0,0,0,1,0,33,2,12,0
1755209,0,1,1,0,1,0,33,2,12,0
1756286,0,1,0,1,0,0,33,2,12,0
1758707,1,1,1,1,1,0,33,2,12,0
1759440,0,0,1,1,0,0,33,2,12,0
1762560,1,0,1,0,0,0,33,2,12,0
1764145,1,0,1,0,0,0,33,2,12,0
1767685,0,1,1,0,1,0,33,2,12,0
1769290,1,0,0,1,1,0,33,2,12,0
1774049,1,0,1,0,0,0,4,2,12,0
1777339,0,1,0,1,0,0,4,2,12,0
1784926,0,1,0,0,0,0,4,2,12,0
1789436,1,0,0,1,1,0,4,2,12,0
1797072,1,1,1,0,1,1,4,2,12,0
1814659,0,1,0,1,0,0,4,2,12,0
1824701,0,0,0,0,1,0,4,2,12,0
1824944,0,1,1,0,1,0,4,2,12,0
1829711,1,1,1,1,1,0,4,2,12,0
1835021,1,1,1,1,1,0,69,2,12,0
1835221,1,0,0,1,1,0,69,2,12,0
1837604,0,1,1,1,1,1,69,2,12,0
1838089,1,1,1,1,1,0,69,2,12,0
1839369,1,1,1,1,1,0,69,2,12,0
1841218,0,0,0,0,1,0,69,2,12,0
1841632,0,0,1,1,0,0,69,2,12,0
1841823,1,1,1,0,1,1,69,2,12,0
1843776,0,1,0,1,0,0,69,2,12,0
1844487,0,1,0,1,0,0,69,2,12,0
1846219,1,1,1,1,1,0,69,2,12,0
1846363,1,0,1,0,0,0,69,2,12,0
1847112,1,0,0,1,1,0,69,2,12,0
1849123,0,1,1,0,1,0,69,2,12,0
1850691,0,1,0,1,0,0,69,2,12,0
1850699,0,1,1,1,1,1,69,2,12,0
1851480,1,0,0,1,1,0,69,2,12,0
1852886,1,1,0,0,0,0,69,2,12,0
1853126,1,0,1,1,0,0,69,2,12,0
1854796,1,1,0,0,0,0,69,2,12,0
1855523,1,1,0,0,0,0,69,2,12,0
1857364,1,1,0,0,0,0,69,2,12,0
1857671,1,1,0,0,0,0,69,2,12,0
1858260,1,1,1,1,1,0,69,2,12,0
1859515,1,1,1,1,1,0,69,2,12,0
1859978,1,0,1,0,0,0,69,2,12,0
1860005,0,1,1,0,1,0,69,2,12,0
1860056,0,1,1,0,1,0,69,2,12,0
1862746,0,1,0,1,0,0,69,2,12,0
1863246,1,1,0,1,0,0,69,2,12,0
1864734,0,0,1,1,0,0,69,2,12,0
1865127,1,1,1,1,1,0,69,2,12,0
1866765,0,0,0,0,1,0,69,2,12,0
1867572,0,1,0,1,0,0,69,2,12,0
1868589,1,0,0,1,1,0,69,2,12,0
1873840,1,0,1,0,0,0,69,2,12,0
1875524,0,0,0,0,1,0,69,2,12,0
1875711,1,1,0,0,0,0,69,2,12,0
1879145,1,1,1,1,1,0,69,2,12,0
1879155,0,1,1,0,1,0,69,2,12,0
1880634,1,0,1,0,0,0,69,2,12,0
1881638,1,0,1,0,0,0,69,2,12,0
1881731,0,0,1,1,0,0,69,2,12,0
1882877,1,0,0,1,1,0,69,2,12,0
1886175,0,0,1,1,0,0,69,2,12,0
1887438,1,0,1,0,0,0,69,2,12,0
1888148,0,1,1,0,1,0,69,2,12,0
1888565,1,0,0,1,1,0,69,2,12,0
1888709,0,0,0,0,1,0,69,2,12,0
1889094,1,0,1,0,0,0,69,2,12,0
1889960,0,1,0,1,0,0,69,2,12,0
1892429,1,1,0,0,0,0,69,2,12,0
1892705,1,1,1,1,1,0,69,2,12,0
1894610,0,0,1,1,0,0,69,2,12,0
1895329,0,1,0,1,0,0,69,2,12,0
1896037,1,0,1,0,0,0,69,2,12,0
1896429,1,0,1,0,0,0,69,2,12,0
1896724,0,1,1,0,1,0,69,2,12,0
1897973,0,1,0,1,0,0,69,2,12,0
1898051,0,1,0,1,0,0,69,2,12,0
1898571,1,1,1,1,1,0,69,2,12,0
1900725,1,0,0,1,1,0,255,2,12,0
1900906,1,1,0,0,0,0,255,2,12,0
1901015,1,1,0,0,0,0,255,2,12,0
1901172,0,0,1,1,0,0,255,2,12,0
1901213,1,0,1,0,0,0,255,2,12,0
1901301,1,1,1,1,1,0,255,2,12,0
1901789,0,0,1,1,0,0,255,2,12,0
1901811,1,1,1,1,1,0,255,2,12,0
1901823,0,1,1,0,1,0,255,2,12,0
1902094,1,0,0,1,1,0,255,2,12,0
1902417,0,1,1,0,1,0,255,2,12,0
1902492,1,0,0,1,1,0,255,2,12,0
1902616,1,0,0,1,1,0,255,2,12,0
1902726,0,1,1,0,1,0,255,2,12,0
1902936,1,1,1,1,1,0,255,2,12,0
1902988,1,1,1,1,1,0,255,2,12,0
1903113,0,0,0,0,1,0,255,2,12,0
1903518,0,1,0,1,0,0,255,2,12,0
1903824,1,1,0,0,0,0,255,2,12,0
1904008,1,1,1,1,1,0,255,2,12,0
1904226,0,0,1,1,0,0,255,2,12,0
1904227,1,0,1,0,0,0,255,2,12,0
1904363,0,1,0,1,0,0,255,2,12,0
1905164,1,1,0,0,0,0,255,2,12,0
1905541,0,0,0,0,1,0,255,2,12,0
1905653,0,0,1,1,0,0,255,2,12,0
1905857,0,1,0,1,0,0,255,2,12,0
1905908,1,0,0,1,1,0,255,2,12,0
1905954,1,1,0,0,0,0,255,2,12,0
1906440,0,0,0,0,1,0,255,2,12,0
1906543,0,0,1,1,0,0,255,2,12,0
1906784,1,1,0,0,0,0,255,2,12,0
1906929,0,0,0,0,1,0,255,2,12,0
1907222,0,1,0,1,0,0,255,2,12,0
1907384,1,1,0,0,0,0,255,2,12,0
1907575,1,1,1,1,1,0,255,2,12,0
1907990,1,0,1,0,0,0,255,2,12,0
1908175,1,0,1,0,0,0,255,2,12,0
1908811,0,1,1,0,1,0,255,2,12,0
1908983,1,0,0,1,1,0,255,2,12,0
1909016,0,1,0,0,0,0,255,2,12,0
1909451,0,0,1,1,0,0,255,2,12,0
1909590,0,0,1,1,0,0,255,2,12,0
1909667,0,1,0,1,0,0,255,2,12,0
1909728,1,1,1,0,1,1,255,2,12,0
1909818,0,0,1,1,0,0,255,2,12,0
1909938,0,1,1,0,1,0,255,2,12,0
1910205,1,0,0,1,1,0,255,2,12,0
1910362,0,0,0,0,1,0,255,2,12,0
1910481,1,1,1,1,1,0,255,2,12,0
1910562,0,0,1,1,0,0,255,2,12,0
1910956,1,1,0,0,0,0,255,2,12,0
1911011,0,0,0,0,1,0,255,2,12,0
1911022,1,0,0,1,1,0,255,2,12,0
1911227,0,1,1,0,1,0,255,2,12,0
1911749,0,1,0,1,0,0,255,2,12,0
1911969,1,1,1,1,1,0,255,2,12,0
1911976,1,0,1,0,0,0,255,2,12,0
1912209,0,0,0,0,1,0,255,2,12,0
1912278,0,0,1,1,0,0,255,2,12,0
1912301,0,0,0,1,1,1,255,2,12,0
1912799,1,0,0,1,1,0,255,2,12,0
1913113,0,0,0,0,1,0,255,2,12,0
1913462,0,0,0,0,1,0,255,2,12,0
1913787,1,0,1,0,0,0,255,2,12,0
1914184,0,1,1,0,1,0,255,2,12,0
1914320,1,0,0,1,1,0,255,2,12,0
1914624,0,1,0,1,0,0,255,2,12,0
1914631,1,0,1,0,0,0,255,2,12,0
1914649,0,1,1,0,1,0,255,2,12,0
1914726,0,1,0,1,0,0,255,2,12,0
1914841,1,0,0,1,1,0,255,2,12,0
1915239,1,1,0,0,0,0,255,2,12,0
1915416,1,1,1,1,1,0,255,2,12,0
1915421,0,0,0,0,1,0,255,2,12,0
1915785,0,0,1,1,0,0,255,2,12,0
1916293,0,1,1,0,1,0,255,2,12,0
1916457,1,1,1,1,1,0,255,2,12,0
1916941,0,0,0,0,1,0,255,2,12,0
1917234,0,1,1,0,1,0,255,2,12,0
1917406,0,1,1,0,1,0,255,2,12,0
1917484,0,1,1,0,1,0,255,2,12,0
1917731,1,1,1,1,1,0,255,2,12,0
1918683,1,1,1,1,1,0,255,2,12,0
1918688,1,0,1,0,0,0,255,2,12,0
1918869,1,1,1,1,1,0,255,2,12,0
1918909,1,1,1,1,1,0,255,2,12,0
1919086,1,0,0,1,1,0,255,2,12,0
1919313,0,0,1,1,0,0,255,2,12,0
1919452,0,1,1,0,1,0,255,2,12,0
1919555,0,0,1,1,0,0,255,2,12,0
1919821,1,0,1,0,0,0,255,2,12,0
1920158,1,1,0,0,0,0,255,2,12,0
1920177,0,0,1,1,0,0,255,2,12,0
1920463,1,1,1,1,1,0,255,2,12,0
1920519,1,0,0,1,1,0,255,2,12,0
1920523,1,1,1,1,1,0,255,2,12,0
1920641,1,0,0,1,1,0,255,2,12,0
1921244,1,1,0,0,0,0,255,2,12,0
1921473,0,1,0,1,0,0,255,2,12,0
1921571,0,0,1,1,0,0,255,2,12,0
1921617,1,1,0,1,0,0,255,2,12,0
1922102,1,1,0,0,0,0,255,2,12,0
1922117,0,1,1,0,1,0,255,2,12,0
1922154,1,0,0,1,1,0,255,2,12,0
1922347,1,0,0,1,1,0,255,2,12,0
1923715,0,0,1,1,0,0,255,2,12,0
1923788,0,0,1,1,0,0,255,2,12,0
1924240,1,1,1,1,1,0,255,2,12,0
1924335,1,1,0,1,0,0,255,2,12,0
1924554,1,0,1,0,0,0,255,2,12,0
1924662,0,0,1,1,0,0,255,2,12,0
1924705,1,0,0,1,1,0,255,2,12,0
1924813,0,0,0,0,1,0,255,2,12,0
1925292,0,0,1,1,0,0,255,2,12,0
1925570,0,1,0,1,0,0,255,2,12,0
1926063,1,1,0,0,0,0,255,2,12,0
1926293,0,0,0,0,1,0,255,2,12,0
1926294,1,0,0,1,1,0,255,2,12,0
1926412,0,1,0,1,0,0,255,2,12,0
1926456,0,1,1,0,1,0,255,2,12,0
1927059,0,1,1,0,1,0,255,2,12,0
1927267,0,1,1,0,1,0,255,2,12,0
1927433,1,1,0,0,0,0,255,2,12,0
1927636,0,0,1,1,0,0,255,2,12,0
1927897,0,1,0,1,0,0,255,2,12,0
1927976,0,0,0,0,1,0,255,2,12,0
1928083,1,1,0,0,0,0,255,2,12,0
1928102,1,0,0,1,1,0,255,2,12,0
1928423,0,1,1,0,1,0,255,2,12,0
1928601,0,0,1,1,0,0,255,2,12,0
1928830,1,0,0,1,1,0,255,2,12,0
1929047,0,1,1,0,1,0,255,2,12,0
1929142,0,1,1,0,1,0,255,2,12,0
1929267,1,0,1,0,0,0,255,2,12,0
1929275,1,1,1,1,1,0,255,2,12,0
1930203,0,0,0,0,1,0,255,2,12,0
1930378,1,0,0,1,1,0,255,2,12,0
1930663,1,0,1,0,0,0,255,2,12,0
1930721,1,0,1,0,0,0,255,2,12,0
1930900,1,1,0,0,0,0,255,2,12,0
1930976,0,0,1,1,0,0,255,2,12,0
1931111,1,0,1,0,0,0,255,2,12,0
1931284,0,1,0,1,0,0,255,2,12,0
1931441,1,0,1,0,0,0,255,2,12,0
1931746,0,0,1,1,0,0,255,2,12,0
1931813,0,1,1,0,1,0,255,2,12,0
1932160,0,0,1,1,0,0,255,2,12,0
1932591,1,1,0,0,0,0,255,2,12,0
1932776,1,0,1,0,0,0,255,2,12,0
1933588,0,1,1,0,1,0,255,2,12,0
1934553,1,0,1,0,0,0,255,2,12,0
1934826,1,1,0,0,0,0,255,2,12,0
1935104,0,0,0,0,1,0,255,2,12,0
1935428,0,0,1,1,0,0,255,2,12,0
1935597,0,0,0,0,1,0,255,2,12,0
1935743,1,0,1,0,0,0,255,2,12,0
1935770,1,0,0,1,1,0,255,2,12,0
1936585,0,0,0,0,1,0,255,2,12,0
1936832,1,0,0,1,1,0,255,2,12,0
1936983,0,1,1,0,1,0,255,2,12,0
1937211,1,1,0,0,0,0,255,2,12,0
1937511,0,0,1,1,0,0,255,2,12,0
1937735,0,1,0,1,0,0,255,2,12,0
1937955,1,1,1,1,1,0,255,2,12,0
1938152,1,1,0,0,0,0,255,2,12,0
1938157,0,0,1,1,0,0,255,2,12,0
1938566,1,0,0,1,1,0,255,2,12,0
1938691,1,1,1,1,1,0,255,2,12,0
1938775,0,0,1,1,0,0,255,2,12,0
1938871,1,0,0,1,1,0,255,2,12,0
1938883,0,1,0,1,0,0,255,2,12,0
1939147,1,1,1,1,1,0,255,2,12,0
1939219,0,1,1,0,1,0,255,2,12,0
1939393,0,1,1,0,1,0,255,2,12,0
1939442,1,1,1,1,1,0,255,2,12,0
1939511,1,0,1,0,0,0,255,2,12,0
1940003,1,1,1,1,1,0,255,2,12,0
1940018,1,0,1,0,0,0,255,2,12,0
1940614,0,0,1,1,0,0,255,2,12,0
1940634,0,1,0,1,0,0,255,2,12,0
1940780,0,1,0,1,0,0,255,2,12,0
1940905,0,1,1,1,1,1,255,2,12,0
1941045,1,0,1,0,0,0,255,2,12,0
1941062,1,0,0,1,1,0,255,2,12,0
1941154,0,1,1,0,1,0,255,2,12,0
1941301,1,1,1,1,1,0,255,2,12,0
1941320,0,1,0,1,0,0,255,2,12,0
1941638,0,1,1,0,1,0,255,2,12,0
1941771,0,0,0,0,1,0,255,2,12,0
1941992,0,1,0,1,0,0,255,2,12,0
1942312,1,1,1,1,1,0,255,2,12,0
1942709,0,0,1,1,0,0,255,2,12,0
1942831,1,0,0,1,1,0,255,2,12,0
1943452,1,1,1,1,1,0,255,2,12,0
1943532,0,1,0,1,0,0,255,2,12,0
1943736,1,1,0,0,0,0,255,2,12,0
1944262,0,1,1,0,1,0,255,2,12,0
1944520,0,1,0,1,0,0,255,2,12,0
1944737,0,0,1,1,0,0,255,2,12,0
1944743,0,1,0,1,0,0,255,2,12,0
1945007,0,0,0,0,1,0,255,2,12,0
1945264,0,0,1,1,0,0,255,2,12,0
1945351,1,1,1,1,1,0,255,2,12,0
1945439,1,1,0,0,0,0,255,2,12,0
1945495,0,1,1,0,1,0,255,2,12,0
1945702,0,0,1,1,0,0,255,2,12,0
1945710,1,0,0,1,1,0,255,2,12,0
1945718,1,1,1,1,1,0,255,2,12,0
1945738,0,1,0,1,0,0,255,2,12,0
1945934,0,1,1,0,1,0,255,2,12,0
1946286,0,1,1,0,1,0,255,2,12,0
1946328,1,0,1,0,0,0,255,2,12,0
1946661,1,1,1,1,1,0,255,2,12,0
1948037,0,0,0,0,1,0,255,2,12,0
1948222,0,1,0,1,0,0,255,2,12,0
1948441,1,1,1,1,1,0,255,2,12,0
1948539,1,0,0,1,1,0,255,2,12,0
1948977,0,0,0,0,1,0,255,2,12,0
1949055,1,1,0,0,0,0,255,2,12,0
1949821,1,1,1,1,1,0,255,2,12,0
1950132,0,0,0,0,1,0,255,2,12,0
1950163,0,1,1,0,1,0,255,2,12,0
1950278,1,0,1,0,0,0,255,2,12,0
1950715,1,0,1,0,0,0,255,2,12,0
1950805,0,1,1,0,1,0,255,2,12,0
1950953,1,1,0,0,0,0,255,2,12,0
1951145,1,1,0,0,0,0,255,2,12,0
1951200,0,0,0,0,1,0,255,2,12,0
1952252,1,0,0,1,1,0,255,2,12,0
1952388,0,0,0,0,1,0,255,2,12,0
1952916,1,0,0,1,1,0,255,2,12,0
1952917,0,0,1,1,0,0,255,2,12,0
1953193,0,0,1,1,0,0,255,2,12,0
1953241,0,0,0,0,1,0,255,2,12,0
1953277,1,0,0,0,1,1,255,2,12,0
1953349,1,1,0,0,0,0,255,2,12,0
1953458,1,1,1,1,1,0,255,2,12,0
1953493,1,1,0,0,0,0,255,2,12,0
1953779,0,0,1,1,0,0,255,2,12,0
1953784,0,1,0,1,0,0,255,2,12,0
1953977,0,0,0,0,1,0,255,2,12,0
1954527,1,1,0,0,0,0,255,2,12,0
1954619,0,0,1,1,0,0,255,2,12,0
1954637,0,1,1,0,1,0,255,2,12,0
1954682,1,0,0,1,1,0,255,2,12,0
1954999,0,0,0,0,1,0,255,2,12,0
1955159,1,1,1,1,1,0,255,2,12,0
1955511,0,1,1,0,1,0,255,2,12,0
1955815,0,0,1,1,0,0,255,2,12,0
1956025,1,1,1,1,1,0,255,2,12,0
1956396,1,1,1,1,1,0,255,2,12,0
1956409,0,1,1,0,1,0,255,2,12,0
1956642,0,0,1,1,0,0,255,2,12,0
1956931,1,1,0,0,0,0,255,2,12,0
1957383,0,0,0,0,1,0,255,2,12,0
1957585,1,1,1,0,1,1,255,2,12,0
1957623,0,1,0,1,0,0,255,2,12,0
1957655,1,1,0,0,0,0,255,2,12,0
1957684,1,1,0,0,0,0,255,2,12,0
1957999,1,0,0,0,1,1,255,2,12,0
1958084,1,1,0,0,0,0,255,2,12,0
1958194,1,1,1,1,1,0,255,2,12,0
1959107,1,1,0,0,0,0,255,2,12,0
1959188,0,1,1,0,1,0,255,2,12,0
1959314,0,1,1,0,1,0,255,2,12,0
1959515,1,0,1,0,0,0,255,2,12,0
1959699,0,1,1,0,1,0,255,2,12,0
1959941,0,0,1,1,0,0,255,2,12,0
1960119,1,0,0,1,1,0,255,2,12,0
1960221,1,0,0,1,1,0,255,2,12,0
1960270,0,0,1,1,0,0,255,2,12,0
1961510,1,1,1,1,1,0,255,2,12,0
1961825,1,1,1,0,1,1,255,2,12,0
1961897,1,0,0,1,1,0,255,2,12,0
1962123,0,1,0,1,0,0,255,2,12,0
1962525,1,1,0,0,0,0,255,2,12,0
1962803,1,0,0,1,1,0,255,2,12,0
1962914,1,0,1,0,0,0,255,2,12,0
1963152,1,0,1,0,0,0,255,2,12,0
1963548,0,0,1,1,0,0,255,2,12,0
1963660,0,0,1,1,0,0,255,2,12,0
1963746,1,1,1,1,1,0,255,2,12,0
1964375,0,1,0,1,0,0,255,2,12,0
1964418,0,0,1,1,0,0,255,2,12,0
1964887,0,1,1,0,1,0,255,2,12,0
1965233,1,1,0,0,0,0,255,2,12,0
1965291,0,0,0,0,1,0,255,2,12,0
1965588,0,1,0,0,0,0,255,2,12,0
1965639,0,0,1,1,0,0,255,2,12,0
1965725,1,0,1,0,0,0,255,2,12,0
1965785,0,1,0,1,0,0,255,2,12,0
1966116,1,0,0,1,1,0,255,2,12,0
1966337,0,0,1,1,0,0,255,2,12,0
1967063,0,0,0,0,1,0,255,2,12,0
1967298,1,1,1,1,1,0,255,2,12,0
1967600,1,0,1,0,0,0,255,2,12,0
1967825,0,1,1,0,1,0,255,2,12,0
1967898,0,0,0,0,1,0,255,2,12,0
1968388,1,1,0,0,0,0,255,2,12,0
1968655,0,0,1,1,0,0,255,2,12,0
1968660,1,1,0,0,0,0,255,2,12,0
1968779,1,0,1,0,0,0,255,2,12,0
1968942,0,1,0,1,0,0,255,2,12,0
1969172,1,1,1,1,1,0,255,2,12,0
1969511,0,0,1,1,0,0,255,2,12,0
1969624,0,1,1,0,1,0,255,2,12,0
1969723,0,0,1,1,0,0,255,2,12,0
1969919,1,0,0,1,1,0,255,2,12,0
1969937,1,1,1,1,1,0,255,2,12,0
1970533,0,1,0,1,0,0,255,2,12,0
1971017,1,0,0,1,1,0,255,2,12,0
1971069,0,0,0,0,1,0,255,2,12,0
1971128,1,0,1,1,0,0,255,2,12,0
1971214,1,1,1,1,1,0,255,2,12,0
1971805,1,0,1,0,0,0,255,2,12,0
1972351,1,0,0,1,1,0,255,2,12,0
1972371,1,0,1,0,0,0,255,2,12,0
1972391,1,0,1,0,0,0,255,2,12,0
1972524,1,1,0,0,0,0,255,2,12,0
1972720,1,0,1,0,0,0,255,2,12,0
1972852,1,0,1,0,0,0,255,2,12,0
1973067,1,1,0,0,0,0,255,2,12,0
1973141,0,0,1,1,0,0,255,2,12,0
1973170,0,1,1,0,1,0,255,2,12,0
1973209,0,1,0,1,0,0,255,2,12,0
1973499,0,0,0,0,1,0,255,2,12,0
1973537,1,0,1,0,0,0,255,2,12,0
1974278,1,1,1,1,1,0,255,2,12,0
1974545,1,1,1,1,1,0,255,2,12,0
1974647,0,0,0,0,1,0,255,2,12,0
1974873,0,0,0,0,1,0,255,2,12,0
1975077,1,0,1,0,0,0,255,2,12,0
1975247,1,1,1,1,1,0,255,2,12,0
1975839,0,1,1,0,1,0,255,2,12,0
1975840,1,1,1,1,1,0,255,2,12,0
1975891,1,0,0,0,1,1,255,2,12,0
1975896,1,1,1,1,1,0,255,2,12,0
1976021,0,0,1,1,0,0,255,2,12,0
1976427,1,0,1,0,0,0,255,2,12,0
1977161,1,1,1,1,1,0,255,2,12,0
1977527,0,0,0,0,1,0,255,2,12,0
1977528,0,0,0,0,1,0,255,2,12,0
1977621,0,0,1,1,0,0,255,2,12,0
1977735,1,0,1,0,0,0,255,2,12,0
1977850,0,0,1,1,0,0,255,2,12,0
1977931,0,1,1,0,1,0,255,2,12,0
1978226,1,1,0,0,0,0,255,2,12,0
1978387,1,0,1,0,0,0,255,2,12,0
1978443,1,0,1,0,0,0,255,2,12,0
1978454,1,1,0,0,0,0,255,2,12,0
1978945,0,0,1,1,0,0,255,2,12,0
1978984,1,1,1,1,1,0,255,2,12,0
1979948,1,0,1,0,0,0,255,2,12,0
1980060,1,0,0,1,1,0,255,2,12,0
1980196,1,1,0,0,0,0,255,2,12,0
1981168,0,1,0,1,0,0,255,2,12,0
1981906,0,0,0,0,1,0,255,2,12,0
1982643,0,0,1,1,0,0,255,2,12,0
1983454,1,0,0,1,1,0,255,2,12,0
1983771,0,1,1,0,1,0,255,2,12,0
1984326,0,1,1,0,1,0,255,2,12,0
1984615,0,1,1,0,1,0,255,2,12,0
1984908,1,0,0,1,1,0,255,2,12,0
1985364,1,1,1,1,1,0,255,2,12,0
1985667,0,1,1,0,1,0,255,2,12,0
1985768,1,0,1,0,0,0,255,2,12,0
1985980,0,0,1,1,0,0,255,2,12,0
1986310,0,0,0,0,1,0,255,2,12,0
1986320,1,0,0,1,1,0,255,2,12,0
1986626,1,0,1,0,0,0,255,2,12,0
1987448,0,1,0,1,0,0,255,2,12,0
1987588,1,0,0,1,1,0,255,2,12,0
1988045,0,0,0,0,1,0,255,2,12,0
1988400,0,1,1,0,1,0,255,2,12,0
1988526,0,1,1,0,1,0,255,2,12,0
1988686,1,1,0,0,0,0,255,2,12,0
1989188,1,1,0,0,0,0,255,2,12,0
1989486,1,1,0,0,0,0,255,2,12,0
1989618,0,1,0,1,0,0,255,2,12,0
1990061,0,0,0,1,1,1,255,2,12,0
1990159,1,0,1,0,0,0,255,2,12,0
1990286,0,1,1,0,1,0,255,2,12,0
1990397,1,0,1,0,0,0,255,2,12,0
1990468,0,1,1,0,1,0,255,2,12,0
1990800,1,0,0,1,1,0,255,2,12,0
1991079,1,0,1,0,0,0,255,2,12,0
1992040,1,0,0,1,1,0,255,2,12,0
1992251,0,1,0,1,0,0,255,2,12,0
1992350,1,1,1,1,1,0,255,2,12,0
1992422,0,1,1,0,1,0,255,2,12,0
1992735,1,0,0,1,1,0,255,2,12,0
1993008,0,0,1,1,0,0,255,2,12,0
1993056,0,0,0,0,1,0,255,2,12,0
1993206,0,0,0,0,1,0,255,2,12,0
1993288,1,1,1,1,1,0,255,2,12,0
1993524,0,1,0,0,0,0,255,2,12,0
1993994,0,1,0,1,0,0,255,2,12,0
1994170,1,1,0,0,0,0,255,2,12,0
1994495,0,1,1,0,1,0,255,2,12,0
1994976,1,1,0,0,0,0,255,2,12,0
1995789,1,0,1,0,0,0,255,2,12,0
1995837,0,1,0,1,0,0,255,2,12,0
1996005,0,0,1,1,0,0,255,2,12,0
1996007,1,1,1,1,1,0,255,2,12,0
1997062,1,0,0,1,1,0,255,2,12,0
1997415,0,0,0,1,1,1,255,2,12,0
1997577,1,1,1,1,1,0,255,2,12,0
1997850,1,0,0,1,1,0,255,2,12,0
1997908,1,0,1,0,0,0,255,2,12,0
1998180,1,1,0,0,0,0,255,2,12,0
1999004,0,1,1,0,1,0,255,2,12,0
1999169,0,0,1,1,0,0,255,2,12,0
1999246,0,1,1,0,1,0,255,2,12,0
1999337,1,1,1,1,1,0,255,2,12,0
1999561,1,1,0,0,0,0,255,2,12,0
1999661,0,1,1,0,1,0,255,2,12,0
1999878,1,1,0,0,0,0,255,2,12,0
1999909,0,0,0,0,1,0,255,2,12,0
2000155,0,1,0,1,0,0,255,2,12,0
2000369,0,1,0,1,0,0,255,2,12,0
2000896,1,0,0,1,1,0,255,2,12,0
2000901,0,1,1,0,1,0,255,2,12,0
2001463,1,0,0,1,1,0,255,2,12,0
2001512,1,1,0,0,0,0,255,2,12,0
2001735,0,0,0,0,1,0,255,2,12,0
2001782,0,1,0,1,0,0,255,2,12,0
2002416,0,1,0,1,0,0,255,2,12,0
2002757,0,0,0,0,1,0,255,2,12,0
2003245,1,0,0,1,1,0,255,2,12,0
2003285,0,1,0,1,0,0,255,2,12,0
2003600,1,1,1,1,1,0,255,2,12,0
2003737,0,0,0,0,1,0,255,2,12,0
2003848,0,1,1,0,1,0,255,2,12,0
2003898,1,1,1,1,1,0,255,2,12,0
2004160,1,0,0,1,1,0,255,2,12,0
2004247,0,1,0,1,0,0,255,2,12,0
2004967,1,1,0,0,0,0,255,2,12,0
2005011,1,0,0,1,1,0,255,2,12,0
2005017,1,1,0,0,0,0,255,2,12,0
2005277,1,1,1,1,1,0,255,2,12,0
2005583,1,0,1,0,0,0,255,2,12,0
2005793,1,0,1,0,0,0,255,2,12,0
2005876,0,1,1,0,1,0,255,2,12,0
2006059,0,0,0,0,1,0,255,2,12,0
2006066,0,0,1,1,0,0,255,2,12,0
2006294,1,0,1,0,0,0,255,2,12,0
2006326,1,0,1,0,0,0,255,2,12,0
2006697,1,0,0,1,1,0,255,2,12,0
2006938,1,1,1,1,1,0,255,2,12,0
2007086,0,0,0,0,1,0,255,2,12,0
2008084,1,0,1,0,0,0,255,2,12,0
2008815,0,1,0,1,0,0,255,2,12,0
2008950,1,0,0,1,1,0,255,2,12,0
2009349,1,0,0,1,1,0,255,2,12,0
2009397,0,0,0,0,1,0,255,2,12,0
2009496,0,0,0,0,1,0,255,2,12,0
2010819,0,0,0,0,1,0,255,2,12,0
2010961,1,1,0,0,0,0,255,2,12,0
2011452,0,0,1,1,0,0,255,2,12,0
2011607,1,0,0,1,1,0,255,2,12,0
2011649,0,1,1,0,1,0,255,2,12,0
2011721,0,1,0,1,0,0,255,2,12,0
2011860,0,0,0,0,1,0,255,2,12,0
2012309,1,1,1,1,1,0,255,2,12,0
2012328,1,0,0,1,1,0,255,2,12,0
2012399,0,0,0,1,1,1,255,2,12,0
2013174,0,0,0,0,1,0,255,2,12,0
2013309,0,1,0,1,0,0,255,2,12,0
2013365,1,1,1,1,1,0,255,2,12,0
2013391,1,0,1,0,0,0,255,2,12,0
2013452,0,0,1,1,0,0,255,2,12,0
2013467,0,1,0,1,0,0,255,2,12,0
2013470,0,1,1,0,1,0,255,2,12,0
2013600,1,0,0,1,1,0,255,2,12,0
2013613,1,0,1,0,0,0,255,2,12,0
2013618,1,0,1,0,0,0,255,2,12,0
2013631,1,1,0,0,0,0,255,2,12,0
2013922,1,0,0,1,1,0,255,2,12,0
2014003,0,0,1,1,0,0,255,2,12,0
2014389,0,1,1,0,1,0,255,2,12,0
2014629,1,0,1,0,0,0,255,2,12,0
2014670,1,1,0,0,0,0,255,2,12,0
2014750,1,0,0,1,1,0,255,2,12,0
2014797,0,0,1,1,0,0,255,2,12,0
2014809,0,1,1,0,1,0,255,2,12,0
2014812,0,1,0,1,0,0,255,2,12,0
2014817,0,0,1,1,0,0,255,2,12,0
2015022,1,1,0,0,0,0,255,2,12,0
2015054,1,0,0,1,1,0,255,2,12,0
2015645,1,0,1,0,0,0,255,2,12,0
2015820,1,0,1,0,0,0,255,2,12,0
2016147,1,0,0,1,1,0,255,2,12,0
2016372,1,1,1,1,1,0,255,2,12,0
2018017,1,0,0,1,1,0,255,2,12,0
2018163,1,0,0,0,1,1,255,2,12,0
2018243,1,0,1,0,0,0,255,2,12,0
2018281,1,0,1,0,0,0,255,2,12,0
2018543,0,0,0,0,1,0,255,2,12,0
2019393,1,1,1,0,1,1,255,2,12,0
2019788,1,0,1,0,0,0,255,2,12,0
2019943,0,0,0,1,1,1,255,2,12,0
2020510,1,1,0,0,0,0,255,2,12,0
2020750,1,0,1,0,0,0,255,2,12,0
2020931,1,0,0,1,1,0,255,2,12,0
2021051,0,1,0,1,0,0,255,2,12,0
2021061,0,0,0,0,1,0,255,2,12,0
2021063,0,0,0,0,1,0,255,2,12,0
2021337,0,1,1,0,1,0,255,2,12,0
2021354,1,0,0,1,1,0,255,2,12,0
2021470,1,0,0,1,1,0,255,2,12,0
2021793,0,1,1,0,1,0,255,2,12,0
2021863,1,1,1,1,1,0,255,2,12,0
2022044,0,1,0,1,0,0,255,2,12,0
2022569,1,1,0,0,0,0,255,2,12,0
2022618,1,1,0,0,0,0,255,2,12,0
2022826,1,1,0,0,0,0,255,2,12,0
2022931,0,0,0,0,1,0,255,2,12,0
2023165,0,0,0,0,1,0,255,2,12,0
2024266,1,1,1,1,1,0,255,2,12,0
2024588,1,0,1,0,0,0,255,2,12,0
2024635,1,0,1,0,0,0,255,2,12,0
2024862,0,0,1,1,0,0,255,2,12,0
2025087,0,0,1,1,0,0,255,2,12,0
2025191,1,1,0,0,0,0,255,2,12,0
2025379,1,0,0,1,1,0,255,2,12,0
2025564,0,1,0,1,0,0,255,2,12,0
2025778,0,1,0,1,0,0,255,2,12,0
2026072,1,1,0,0,0,0,255,2,12,0
2026430,0,0,1,1,0,0,255,2,12,0
2027420,0,0,1,1,0,0,255,2,12,0
2027440,1,0,0,1,1,0,255,2,12,0
2027897,1,0,1,0,0,0,255,2,12,0
2028396,1,0,1,0,0,0,255,2,12,0
2028431,1,0,0,1,1,0,255,2,12,0
2028610,0,0,0,0,1,0,255,2,12,0
2028707,1,0,0,1,1,0,255,2,12,0
2029243,1,1,1,1,1,0,255,2,12,0
2029277,1,0,1,0,0,0,255,2,12,0
2029474,1,1,0,0,0,0,255,2,12,0
2029519,0,1,0,1,0,0,255,2,12,0
2029555,1,0,1,1,0,0,255,2,12,0
2029992,0,1,0,1,0,0,255,2,12,0
2030764,1,0,0,1,1,0,255,2,12,0
2031166,0,0,0,0,1,0,255,2,12,0
2031174,1,1,1,1,1,0,255,2,12,0
2031247,0,0,0,0,1,0,255,2,12,0
2031484,1,0,1,0,0,0,255,2,12,0
2050422,0,0,1,1,0,0,3,2,12,0
2065758,0,1,1,0,1,0,3,2,12,0
2074964,0,1,0,1,0,0,3,2,12,0
2103170,1,1,0,0,0,0,14,2,12,0
2105708,1,1,0,0,0,0,14,2,12,0
2109336,0,1,1,1,1,1,14,2,12,0
2114853,1,1,0,0,0,0,14,2,12,0
2116009,1,0,1,0,0,0,14,2,12,0
2118331,0,0,0,0,1,0,14,2,12,0
2122861,1,0,0,1,1,0,14,2,12,0
2127143,0,1,0,1,0,0,14,2,12,0
2130293,1,1,0,0,0,0,14,2,12,0
2133317,1,1,0,0,0,0,14,2,12,0
2135591,1,0,0,1,1,0,14,2,12,0
2136165,1,0,1,0,0,0,14,2,12,0
2139324,1,1,1,1,1,0,14,2,12,0
2142202,0,1,0,1,0,0,14,2,12,0
2151743,1,1,1,1,1,0,14,2,12,0
2152419,1,0,0,1,1,0,14,2,12,0
2155564,0,1,1,0,1,0,14,2,12,0
2162928,1,1,1,1,1,0,129,2,12,0
2163110,1,0,1,0,0,0,129,2,12,0
2163187,1,0,0,1,1,0,129,2,12,0
2163868,1,0,1,0,0,0,129,2,12,0
2164183,0,0,1,1,0,0,129,2,12,0
2164189,1,0,1,0,0,0,129,2,12,0
2164288,1,1,1,1,1,0,129,2,12,0
2164292,0,0,0,0,1,0,129,2,12,0
2164297,1,1,0,0,0,0,129,2,12,0
2164425,0,1,1,0,1,0,129,2,12,0
2165334,0,0,1,1,0,0,129,2,12,0
2165644,0,0,0,0,1,0,129,2,12,0
2165783,0,1,0,1,0,0,129,2,12,0
2166009,1,0,1,0,0,0,129,2,12,0
2166079,1,1,1,1,1,0,129,2,12,0
2166844,1,0,1,0,0,0,129,2,12,0
2169009,0,1,0,0,0,0,129,2,12,0
2169773,1,1,0,0,0,0,129,2,12,0
2169947,0,0,1,1,0,0,129,2,12,0
2170677,1,0,1,0,0,0,129,2,12,0
2173550,0,0,0,0,1,0,129,2,12,0
2173557,1,1,0,0,0,0,129,2,12,0
2174691,0,1,0,1,0,0,129,2,12,0
2175495,0,0,0,1,1,1,129,2,12,0
2175631,0,0,1,1,0,0,129,2,12,0
2177234,1,0,0,1,1,0,129,2,12,0
2178441,0,0,1,1,0,0,129,2,12,0
2179366,1,1,1,1,1,0,129,2,12,0
2179624,0,1,1,0,1,0,129,2,12,0
2181155,1,1,0,0,0,0,129,2,12,0
2182064,1,1,0,0,0,0,129,2,12,0
2182525,0,0,0,0,1,0,129,2,12,0
2184363,0,1,1,0,1,0,129,2,12,0
2185628,0,1,0,1,0,0,129,2,12,0
2186735,0,0,1,1,0,0,129,2,12,0
2187557,1,1,1,1,1,0,129,2,12,0
2187945,1,0,1,0,0,0,129,2,12,0
2188801,1,1,1,1,1,0,129,2,12,0
2189185,0,0,0,0,1,0,129,2,12,0
2189511,0,0,0,0,1,0,129,2,12,0
2189522,1,1,0,0,0,0,129,2,12,0
2189598,1,0,1,0,0,0,129,2,12,0
2190838,0,1,0,1,0,0,129,2,12,0
2191954,1,0,0,1,1,0,129,2,12,0
2192281,0,0,1,1,0,0,129,2,12,0
2193514,1,1,1,1,1,0,129,2,12,0
2193663,0,1,0,1,0,0,129,2,12,0
2193711,1,1,1,1,1,0,129,2,12,0
2194013,1,1,0,0,0,0,129,2,12,0
2194016,0,1,1,0,1,0,129,2,12,0
2194827,0,1,1,0,1,0,129,2,12,0
2194886,1,0,0,1,1,0,129,2,12,0
2195705,0,0,1,1,0,0,129,2,12,0
2197871,0,0,0,0,1,0,129,2,12,0
2198210,1,1,0,0,0,0,129,2,12,0
2198430,0,1,0,1,0,0,129,2,12,0
2198739,0,1,0,1,0,0,129,2,12,0
2199222,1,1,1,1,1,0,129,2,12,0
2199776,0,0,0,0,1,0,129,2,12,0
2200937,1,0,1,0,0,0,129,2,12,0
2201653,1,1,1,1,1,0,129,2,12,0
2202097,1,1,1,1,1,0,129,2,12,0
2202106,1,0,0,1,1,0,129,2,12,0
2202429,0,0,1,1,0,0,129,2,12,0
2203155,0,1,0,1,0,0,129,2,12,0
2203918,0,1,1,0,1,0,129,2,12,0
2204456,0,0,1,1,0,0,129,2,12,0
2205731,0,1,0,1,0,0,129,2,12,0
2207578,0,1,0,1,0,0,129,2,12,0
2208178,0,1,0,1,0,0,129,2,12,0
2208426,1,1,0,0,0,0,129,2,12,0
2208973,1,1,0,0,0,0,129,2,12,0
2209485,1,1,1,1,1,0,129,2,12,0
2209552,0,0,1,1,0,0,129,2,12,0
2209942,1,0,0,1,1,0,129,2,12,0
2211244,1,1,1,1,1,0,129,2,12,0
2211252,0,1,0,1,0,0,129,2,12,0
2212096,1,0,0,1,1,0,129,2,12,0
2212253,1,0,0,1,1,0,129,2,12,0
2212894,1,0,0,1,1,0,129,2,12,0
2213362,1,1,1,1,1,0,129,2,12,0
2214553,0,0,0,0,1,0,129,2,12,0
2214930,1,1,1,1,1,0,129,2,12,0
2215291,0,1,0,1,0,0,129,2,12,0
2215592,1,0,0,1,1,0,129,2,12,0
2215764,1,1,0,0,0,0,129,2,12,0
2216366,0,1,0,1,0,0,129,2,12,0
2216552,1,0,0,1,1,0,129,2,12,0
2217526,1,1,0,0,0,0,129,2,12,0
2217575,0,0,0,0,1,0,129,2,12,0
2219794,0,1,0,1,0,0,129,2,12,0
2220428,0,1,0,1,0,0,129,2,12,0
2221368,1,0,1,0,0,0,129,2,12,0
2221785,0,1,1,0,1,0,129,2,12,0
2223572,0,1,0,1,0,0,129,2,12,0
2224225,0,1,1,0,1,0,129,2,12,0
2225523,1,0,1,0,0,0,129,2,12,0
2225650,0,1,0,1,0,0,129,2,12,0
2225885,0,0,1,1,0,0,129,2,12,0
2225942,0,1,1,0,1,0,129,2,12,0
2227226,1,1,1,1,1,0,129,2,12,0
2228396,0,0,1,1,0,0,184,2,12,0
2228497,0,1,1,0,1,0,184,2,12,0
2228958,0,0,0,0,1,0,184,2,12,0
2229216,0,1,1,0,1,0,184,2,12,0
2229752,1,1,1,1,1,0,184,2,12,0
2230101,0,1,1,0,1,0,184,2,12,0
2230260,0,0,1,1,0,0,184,2,12,0
2230556,0,0,0,0,1,0,184,2,12,0
2231325,1,1,0,0,0,0,184,2,12,0
2232265,1,1,0,0,0,0,184,2,12,0
2232271,1,1,1,1,1,0,184,2,12,0
2232445,0,1,1,0,1,0,184,2,12,0
2232614,1,0,1,0,0,0,184,2,12,0
2232796,0,0,0,0,1,0,184,2,12,0
2232965,1,0,0,1,1,0,184,2,12,0
2232978,1,0,0,1,1,0,184,2,12,0
2233179,0,0,0,0,1,0,184,2,12,0
2234392,0,0,1,0,0,0,184,2,12,0
2234843,0,1,0,1,0,0,184,2,12,0
2236078,1,0,0,1,1,0,184,2,12,0
2236324,1,0,1,0,0,0,184,2,12,0
2236428,1,0,0,1,1,0,184,2,12,0
2236754,1,0,0,1,1,0,184,2,12,0
2236884,1,0,0,1,1,0,184,2,12,0
2236918,1,1,1,1,1,0,184,2,12,0
2237051,0,0,0,0,1,0,184,2,12,0
2237403,1,0,1,0,0,0,184,2,12,0
2237923,1,0,1,0,0,0,184,2,12,0
2238429,0,1,0,1,0,0,184,2,12,0
2238484,1,1,0,0,0,0,184,2,12,0
2238955,1,1,0,0,0,0,184,2,12,0
2239272,1,0,0,1,1,0,184,2,12,0
2239466,1,1,1,1,1,0,184,2,12,0
2239821,1,1,1,1,1,0,184,2,12,0
2240055,0,0,0,0,1,0,184,2,12,0
2240071,1,1,1,1,1,0,184,2,12,0
2240074,1,0,1,0,0,0,184,2,12,0
2241020,1,1,1,1,1,0,184,2,12,0
2241049,1,0,1,0,0,0,184,2,12,0
2241078,1,1,0,0,0,0,184,2,12,0
2241124,0,1,1,0,1,0,184,2,12,0
2241665,0,1,1,0,1,0,184,2,12,0
2241840,1,0,1,0,0,0,184,2,12,0
2242124,0,1,0,1,0,0,184,2,12,0
2242728,0,1,1,0,1,0,184,2,12,0
2243090,1,1,1,1,1,0,184,2,12,0
2243229,1,0,0,1,1,0,184,2,12,0
2243457,0,1,0,1,0,0,184,2,12,0
2243852,0,0,1,1,0,0,184,2,12,0
2244408,0,0,0,0,1,0,184,2,12,0
2244871,1,1,1,1,1,0,184,2,12,0
2245473,0,1,1,0,1,0,184,2,12,0
2245793,1,0,0,1,1,0,184,2,12,0
2246341,0,1,1,1,1,1,184,2,12,0
2246845,0,1,0,1,0,0,184,2,12,0
2246853,1,0,1,0,0,0,184,2,12,0
2247563,1,1,1,1,1,0,184,2,12,0
2247948,0,0,0,0,1,0,184,2,12,0
2248597,1,0,1,0,0,0,184,2,12,0
2248683,1,0,1,0,0,0,184,2,12,0
2249090,0,0,1,1,0,0,184,2,12,0
2249133,1,0,0,1,1,0,184,2,12,0
2249259,0,0,0,0,1,0,184,2,12,0
2250554,0,1,0,1,0,0,184,2,12,0
2251046,1,0,1,0,0,0,184,2,12,0
2251091,0,0,0,0,1,0,184,2,12,0
2251399,0,1,1,0,1,0,184,2,12,0
2252953,1,1,1,1,1,0,184,2,12,0
2253388,0,0,0,0,1,0,184,2,12,0
2253894,1,1,0,0,0,0,184,2,12,0
2254371,0,0,1,0,0,0,184,2,12,0
2254536,1,1,1,1,1,0,184,2,12,0
2254656,0,0,0,0,1,0,184,2,12,0
2254870,0,1,1,0,1,0,184,2,12,0
2254969,1,1,0,0,0,0,184,2,12,0
2255939,0,0,0,0,1,0,184,2,12,0
2256414,1,0,1,0,0,0,184,2,12,0
2256528,1,0,0,1,1,0,184,2,12,0
2256864,0,1,1,0,1,0,184,2,12,0
2257360,1,0,0,1,1,0,184,2,12,0
2257404,1,0,1,1,0,0,184,2,12,0
2258239,1,0,0,1,1,0,184,2,12,0
2258648,1,1,1,1,1,0,184,2,12,0
2259336,1,0,1,0,0,0,184,2,12,0
2260210,1,0,0,1,1,0,184,2,12,0
2260268,1,1,0,0,0,0,184,2,12,0
2260486,0,1,1,0,1,0,184,2,12,0
2261090,0,0,1,1,0,0,184,2,12,0
2261152,0,0,0,0,1,0,184,2,12,0
2261197,1,1,1,1,1,0,184,2,12,0
2261781,0,0,1,1,0,0,184,2,12,0
2262352,1,0,0,1,1,0,184,2,12,0
2263276,0,0,1,1,0,0,184,2,12,0
2263303,0,0,0,0,1,0,184,2,12,0
2263379,0,0,0,0,1,0,184,2,12,0
2263502,0,0,0,0,1,0,184,2,12,0
2263660,1,1,0,0,0,0,184,2,12,0
2263799,1,1,1,1,1,0,184,2,12,0
2264043,0,1,0,1,0,0,184,2,12,0
2264797,1,0,0,1,1,0,184,2,12,0
2265012,1,1,1,1,1,0,184,2,12,0
2266722,1,0,1,0,0,0,184,2,12,0
2267026,1,1,0,1,0,0,184,2,12,0
2267226,1,0,0,1,1,0,184,2,12,0
2267972,1,0,1,0,0,0,184,2,12,0
2268601,0,1,0,1,0,0,184,2,12,0
2268696,0,1,1,0,1,0,184,2,12,0
2269302,0,1,0,1,0,0,184,2,12,0
2269478,1,0,1,0,0,0,184,2,12,0
2269854,0,1,1,0,1,0,184,2,12,0
2270118,1,0,1,0,0,0,184,2,12,0
2270246,0,1,1,0,1,0,184,2,12,0
2270561,1,0,0,1,1,0,184,2,12,0
2270878,0,1,0,1,0,0,184,2,12,0
2271828,1,0,0,1,1,0,184,2,12,0
2272080,1,1,1,1,1,0,184,2,12,0
2272202,1,0,1,0,0,0,184,2,12,0
2272909,1,0,0,1,1,0,184,2,12,0
2272985,0,0,1,1,0,0,184,2,12,0
2273162,1,1,0,0,0,0,184,2,12,0
2273271,1,0,0,1,1,0,184,2,12,0
2273424,1,1,1,1,1,0,184,2,12,0
2273616,1,0,0,1,1,0,184,2,12,0
2274086,1,0,1,0,0,0,184,2,12,0
2275332,0,0,1,1,0,0,184,2,12,0
2275557,1,0,0,1,1,0,184,2,12,0
2276049,1,0,0,1,1,0,184,2,12,0
2276057,1,1,0,0,0,0,184,2,12,0
2276664,0,0,0,0,1,0,184,2,12,0
2276772,1,0,0,1,1,0,184,2,12,0
2278767,1,1,0,0,0,0,184,2,12,0
2278800,0,1,1,0,1,0,184,2,12,0
2278909,0,1,1,0,1,0,184,2,12,0
2279272,0,1,0,1,0,0,184,2,12,0
2279644,0,1,1,0,1,0,184,2,12,0
2280676,0,1,0,1,0,0,184,2,12,0
2280697,1,0,0,1,1,0,184,2,12,0
2280797,0,1,1,0,1,0,184,2,12,0
2281113,0,1,0,1,0,0,184,2,12,0
2282216,0,1,1,0,1,0,184,2,12,0
2282592,0,1,0,1,0,0,184,2,12,0
2283264,0,0,1,1,0,0,184,2,12,0
2283307,1,0,0,1,1,0,184,2,12,0
2283545,0,1,0,1,0,0,184,2,12,0
2283963,1,0,1,0,0,0,184,2,12,0
2284435,1,0,1,0,0,0,184,2,12,0
2285104,1,0,1,0,0,0,184,2,12,0
2285263,1,1,0,0,0,0,184,2,12,0
2285509,0,0,0,0,1,0,184,2,12,0
2286001,1,0,0,1,1,0,184,2,12,0
2286100,0,1,0,1,0,0,184,2,12,0
2286248,0,1,1,0,1,0,184,2,12,0
2286339,0,0,0,0,1,0,184,2,12,0
2286389,1,0,0,1,1,0,184,2,12,0
2287515,1,1,0,0,0,0,184,2,12,0
2287745,0,1,0,1,0,0,184,2,12,0
2287750,0,0,1,1,0,0,184,2,12,0
2287751,1,0,0,1,1,0,184,2,12,0
2288797,1,0,1,0,0,0,184,2,12,0
2288905,1,1,1,1,1,0,184,2,12,0
2289978,1,1,0,0,0,0,184,2,12,0
2290177,1,1,0,0,0,0,184,2,12,0
2290765,1,0,1,0,0,0,184,2,12,0
2290829,0,0,1,1,0,0,184,2,12,0
2291640,0,1,1,0,1,0,184,2,12,0
2292070,1,0,0,1,1,0,184,2,12,0
2292167,0,0,1,1,0,0,184,2,12,0
2292335,1,0,1,0,0,0,184,2,12,0
2292407,0,1,0,1,0,0,184,2,12,0
2292510,1,0,1,0,0,0,184,2,12,0
2292548,0,0,1,1,0,0,184,2,12,0
2292935,0,0,0,0,1,0,184,2,12,0
2293254,0,1,0,1,0,0,184,2,12,0
2293438,1,0,0,1,1,0,184,2,12,0
2296872,1,0,0,1,1,0,9,2,12,0
2300613,0,1,1,0,1,0,9,2,12,0
2307010,0,0,1,1,0,0,9,2,12,0
2322162,0,0,0,0,1,0,9,2,12,0
2325040,1,1,1,1,1,0,9,2,12,0
2333925,1,0,0,1,1,0,9,2,12,0
2339966,1,1,1,1,1,0,9,2,12,0
2347563,0,0,0,0,1,0,9,2,12,0
2351053,0,0,1,0,0,0,9,2,12,0
2365841,0,0,0,1,1,1,0,2,12,0
2425243,0,1,1,0,1,0,73,2,12,0
2425551,1,0,1,0,0,0,73,2,12,0
2425930,1,1,1,1,1,0,73,2,12,0
2426865,1,0,1,0,0,0,73,2,12,0
2427411,1,1,1,1,1,0,73,2,12,0
2427856,1,0,0,1,1,0,73,2,12,0
2428331,1,0,0,1,1,0,73,2,12,0
2430743,1,1,1,1,1,0,73,2,12,0
2431494,1,0,0,1,1,0,73,2,12,0
2432550,0,0,0,0,1,0,73,2,12,0
2433006,0,1,0,1,0,0,73,2,12,0
2433154,0,0,0,0,1,0,73,2,12,0
2433338,1,0,1,0,0,0,73,2,12,0
2434829,0,0,0,0,1,0,73,2,12,0
2435214,0,1,1,1,1,1,73,2,12,0
2435257,0,0,1,1,0,0,73,2,12,0
2435383,0,0,0,0,1,0,73,2,12,0
2436119,0,1,0,1,0,0,73,2,12,0
2437229,1,1,1,1,1,0,73,2,12,0
2438529,1,1,0,0,0,0,73,2,12,0
2438827,0,0,0,0,1,0,73,2,12,0
2439318,0,1,0,1,0,0,73,2,12,0
2441118,1,0,0,1,1,0,73,2,12,0
2441594,0,0,1,1,0,0,73,2,12,0
2442463,1,1,1,1,1,0,73,2,12,0
2443583,0,0,1,1,0,0,73,2,12,0
2444862,0,1,1,0,1,0,73,2,12,0
2445323,0,1,0,1,0,0,73,2,12,0
2445572,0,0,1,1,0,0,73,2,12,0
2445909,0,1,1,0,1,0,73,2,12,0
2446378,1,0,0,1,1,0,73,2,12,0
2448127,1,0,0,1,1,0,73,2,12,0
2448595,0,0,1,1,0,0,73,2,12,0
2448924,1,0,0,1,1,0,73,2,12,0
2450300,1,1,1,1,1,0,73,2,12,0
2452193,0,1,0,1,0,0,73,2,12,0
2452621,0,1,0,1,0,0,73,2,12,0
2452898,1,1,1,1,1,0,73,2,12,0
2455020,0,1,1,0,1,0,73,2,12,0
2456115,0,0,0,0,1,0,73,2,12,0
2457779,1,0,1,0,0,0,73,2,12,0
2458220,0,1,1,0,1,0,73,2,12,0
2458778,1,0,1,0,0,0,73,2,12,0
2458876,1,0,1,0,0,0,73,2,12,0
2459000,0,1,0,1,0,0,73,2,12,0
2459867,1,1,0,0,0,0,73,2,12,0
2461368,0,1,0,1,0,0,73,2,12,0
2464264,0,1,0,1,0,0,73,2,12,0
2464496,1,1,0,0,0,0,73,2,12,0
2465645,0,0,0,0,1,0,73,2,12,0
2466699,1,1,0,0,0,0,73,2,12,0
2467371,0,1,0,1,0,0,73,2,12,0
2467435,0,1,0,1,0,0,73,2,12,0
2469153,0,1,0,1,0,0,73,2,12,0
2470150,0,1,1,0,1,0,73,2,12,0
2471169,1,1,1,1,1,0,73,2,12,0
2471510,1,1,1,1,1,0,73,2,12,0
2471892,1,0,1,0,0,0,73,2,12,0
2475226,1,0,0,1,1,0,73,2,12,0
2475457,0,0,1,1,0,0,73,2,12,0
2477047,1,1,1,1,1,0,73,2,12,0
2477138,0,1,1,0,1,0,73,2,12,0
2477764,1,1,0,0,0,0,73,2,12,0
2477910,0,1,0,1,0,0,73,2,12,0
2478791,0,1,0,1,0,0,73,2,12,0
2478795,1,0,0,1,1,0,73,2,12,0
2480611,0,1,1,0,1,0,73,2,12,0
2483536,1,1,1,1,1,0,73,2,12,0
2484387,1,1,1,1,1,0,73,2,12,0
2484892,0,1,1,0,1,0,73,2,12,0
2485146,1,0,0,1,1,0,73,2,12,0
2485696,1,0,1,0,0,0,73,2,12,0
2486301,0,1,1,0,1,0,73,2,12,0
2488483,0,0,1,1,0,0,73,2,12,0
2489973,0,0,1,1,0,0,73,2,12,0
2489995,1,0,0,1,1,0,73,2,12,0
2505143,1,1,0,0,0,0,20,2,12,0
2506643,0,1,0,1,0,0,20,2,12,0
2509505,1,1,1,1,1,0,20,2,12,0
2513732,1,0,0,1,1,0,20,2,12,0
2514536,0,1,0,1,0,0,20,2,12,0
2519542,0,1,1,0,1,0,20,2,12,0
2521195,1,0,1,0,0,0,20,2,12,0
2526876,0,0,0,0,1,0,20,2,12,0
2527220,0,1,1,0,1,0,20,2,12,0
2529013,0,1,1,0,1,0,20,2,12,0
2530142,1,1,0,1,0,0,20,2,12,0
2530243,0,0,1,1,0,0,20,2,12,0
2535388,1,1,0,0,0,0,20,2,12,0
2542274,1,0,1,0,0,0,20,2,12,0
2542770,1,1,0,0,0,0,20,2,12,0
2548786,0,1,1,0,1,0,20,2,12,0
2549621,0,1,1,0,1,0,20,2,12,0
2551552,1,0,0,1,1,0,20,2,12,0
2555924,1,1,0,0,0,0,255,2,12,0
2556315,0,1,1,0,1,0,255,2,12,0
2556560,0,1,1,1,1,1,255,2,12,0
2556622,1,1,1,1,1,0,255,2,12,0
2556659,1,1,1,1,1,0,255,2,12,0
2556960,1,0,1,0,0,0,255,2,12,0
2557647,0,0,0,0,1,0,255,2,12,0
2557731,0,0,0,0,1,0,255,2,12,0
2557984,0,0,1,1,0,0,255,2,12,0
2558608,0,1,1,0,1,0,255,2,12,0
2558849,1,0,0,0,1,1,255,2,12,0
2558984,1,1,1,1,1,0,255,2,12,0
2559330,0,1,1,0,1,0,255,2,12,0
2559633,0,0,1,0,0,0,255,2,12,0
2559938,0,0,1,1,0,0,255,2,12,0
2560238,1,1,0,0,0,0,255,2,12,0
2560274,0,0,1,1,0,0,255,2,12,0
2560365,0,0,1,1,0,0,255,2,12,0
2560478,0,0,1,1,0,0,255,2,12,0
2560547,1,1,0,1,0,0,255,2,12,0
2560717,0,1,0,1,0,0,255,2,12,0
2561022,0,1,0,1,0,0,255,2,12,0
2561030,0,1,0,1,0,0,255,2,12,0
2561034,1,1,0,0,0,0,255,2,12,0
2561479,1,1,1,1,1,0,255,2,12,0
2562190,1,1,0,0,0,0,255,2,12,0
2562232,1,0,0,1,1,0,255,2,12,0
2562338,1,0,1,0,0,0,255,2,12,0
2562343,1,0,0,1,1,0,255,2,12,0
2562419,1,0,0,1,1,0,255,2,12,0
2562773,0,1,0,0,0,0,255,2,12,0
2562992,1,1,0,0,0,0,255,2,12,0
2563023,1,0,1,0,0,0,255,2,12,0
2563287,0,1,0,0,0,0,255,2,12,0
2563635,1,0,1,0,0,0,255,2,12,0
2563978,0,0,1,1,0,0,255,2,12,0
2564610,1,0,0,1,1,0,255,2,12,0
2564686,1,1,0,0,0,0,255,2,12,0
2564689,0,1,0,1,0,0,255,2,12,0
2564757,1,1,1,1,1,0,255,2,12,0
2564845,1,0,1,0,0,0,255,2,12,0
2565190,1,0,0,1,1,0,255,2,12,0
2565207,1,1,1,1,1,0,255,2,12,0
2565466,1,1,0,0,0,0,255,2,12,0
2565644,1,1,0,0,0,0,255,2,12,0
2565699,0,1,1,0,1,0,255,2,12,0
2565714,1,1,0,0,0,0,255,2,12,0
2565749,1,0,0,1,1,0,255,2,12,0
2565764,1,1,1,1,1,0,255,2,12,0
2566136,0,0,0,0,1,0,255,2,12,0
2566140,1,0,1,0,0,0,255,2,12,0
2566203,0,0,0,0,1,0,255,2,12,0
2566211,1,1,0,0,0,0,255,2,12,0
2566243,1,0,1,0,0,0,255,2,12,0
2566297,1,0,1,0,0,0,255,2,12,0
2566373,0,1,1,0,1,0,255,2,12,0
2566583,1,0,1,0,0,0,255,2,12,0
2567261,0,0,0,0,1,0,255,2,12,0
2567467,0,0,0,0,1,0,255,2,12,0
2567817,0,1,1,0,1,0,255,2,12,0
2567906,1,1,1,1,1,0,255,2,12,0
2567952,0,0,0,0,1,0,255,2,12,0
2567974,0,1,1,0,1,0,255,2,12,0
2568100,1,0,1,1,0,0,255,2,12,0
2568485,0,1,0,1,0,0,255,2,12,0
2568863,1,0,1,0,0,0,255,2,12,0
2568886,0,1,1,0,1,0,255,2,12,0
2569044,1,1,0,0,0,0,255,2,12,0
2569164,1,0,1,0,0,0,255,2,12,0
2569221,1,0,0,1,1,0,255,2,12,0
2569352,1,0,1,0,0,0,255,2,12,0
2569654,0,0,1,1,0,0,255,2,12,0
2569944,0,1,0,1,0,0,255,2,12,0
2570054,0,1,0,1,0,0,255,2,12,0
2570887,0,0,1,1,0,0,255,2,12,0
2571259,1,1,0,0,0,0,255,2,12,0
2571777,1,1,0,0,0,0,255,2,12,0
2571804,1,1,1,1,1,0,255,2,12,0
2572013,1,0,1,0,0,0,255,2,12,0
2572380,0,0,0,0,1,0,255,2,12,0
2572424,1,1,1,1,1,0,255,2,12,0
2572429,1,1,1,1,1,0,255,2,12,0
2572580,0,1,1,0,1,0,255,2,12,0
2572694,0,0,1,1,0,0,255,2,12,0
2573026,1,0,0,1,1,0,255,2,12,0
2573044,0,0,0,0,1,0,255,2,12,0
2573211,1,0,1,0,0,0,255,2,12,0
2573228,0,0,1,0,0,0,255,2,12,0
2573404,1,1,0,0,0,0,255,2,12,0
2573628,0,1,0,1,0,0,255,2,12,0
2574341,0,0,1,1,0,0,255,2,12,0
2574463,1,0,0,0,1,1,255,2,12,0
2574578,1,1,0,0,0,0,255,2,12,0
2574727,0,1,1,0,1,0,255,2,12,0
2574959,1,1,1,0,1,1,255,2,12,0
2575198,1,0,0,1,1,0,255,2,12,0
2575908,1,0,0,1,1,0,255,2,12,0
2575974,0,1,0,1,0,0,255,2,12,0
2576154,0,0,0,0,1,0,255,2,12,0
2576536,0,0,1,1,0,0,255,2,12,0
2576677,1,1,0,0,0,0,255,2,12,0
2577466,0,0,1,1,0,0,255,2,12,0
2577832,1,0,0,1,1,0,255,2,12,0
2577833,1,0,1,0,0,0,255,2,12,0
2577870,1,0,1,0,0,0,255,2,12,0
2578040,1,0,1,0,0,0,255,2,12,0
2578043,0,1,0,1,0,0,255,2,12,0
2578105,1,0,1,0,0,0,255,2,12,0
2578246,1,0,0,1,1,0,255,2,12,0
2578360,1,1,1,1,1,0,255,2,12,0
2579312,0,0,1,1,0,0,255,2,12,0
2579422,1,0,0,1,1,0,255,2,12,0
2579436,0,0,1,1,0,0,255,2,12,0
2579833,1,1,1,1,1,0,255,2,12,0
2580445,1,1,0,0,0,0,255,2,12,0
2580472,1,0,1,0,0,0,255,2,12,0
2580566,1,1,1,1,1,0,255,2,12,0
2580658,0,0,1,1,0,0,255,2,12,0
2580746,0,1,1,0,1,0,255,2,12,0
2580882,0,1,1,1,1,1,255,2,12,0
2581193,0,1,0,1,0,0,255,2,12,0
2581220,1,0,1,0,0,0,255,2,12,0
2581622,0,0,0,0,1,0,255,2,12,0
2581778,0,0,1,1,0,0,255,2,12,0
2581875,1,0,1,0,0,0,255,2,12,0
2582111,1,0,1,0,0,0,255,2,12,0
2582127,0,0,1,1,0,0,255,2,12,0
2582331,1,1,1,1,1,0,255,2,12,0
2582348,0,1,1,0,1,0,255,2,12,0
2582553,0,1,0,1,0,0,255,2,12,0
2582593,1,1,0,0,0,0,255,2,12,0
2582919,0,0,1,1,0,0,255,2,12,0
2582958,0,1,1,0,1,0,255,2,12,0
2583118,0,0,0,0,1,0,255,2,12,0
2583363,0,0,1,1,0,0,255,2,12,0
2583476,0,0,1,1,0,0,255,2,12,0
2584033,1,1,1,1,1,0,255,2,12,0
2584092,0,1,1,0,1,0,255,2,12,0
2584311,0,1,0,1,0,0,255,2,12,0
2584541,1,1,1,1,1,0,255,2,12,0
2584570,1,0,0,1,1,0,255,2,12,0
2584573,0,0,1,1,0,0,255,2,12,0
2584705,0,0,1,1,0,0,255,2,12,0
2584820,1,0,1,1,0,0,255,2,12,0
2585087,1,0,1,0,0,0,255,2,12,0
2585172,1,1,0,0,0,0,255,2,12,0
2585440,1,1,0,0,0,0,255,2,12,0
2585587,0,0,1,1,0,0,255,2,12,0
2585800,1,1,1,1,1,0,255,2,12,0
2585946,1,0,0,1,1,0,255,2,12,0
2586118,1,0,0,1,1,0,255,2,12,0
2586892,1,1,1,1,1,0,255,2,12,0
2586920,1,0,1,0,0,0,255,2,12,0
2586936,0,0,1,1,0,0,255,2,12,0
2587023,1,0,1,0,0,0,255,2,12,0
2587122,0,1,0,1,0,0,255,2,12,0
2587166,0,1,1,0,1,0,255,2,12,0
2587269,0,1,1,0,1,0,255,2,12,0
2587657,0,0,0,0,1,0,255,2,12,0
2587784,1,0,0,1,1,0,255,2,12,0
2588143,0,0,1,1,0,0,255,2,12,0
2588157,0,1,1,0,1,0,255,2,12,0
2588366,1,0,0,1,1,0,255,2,12,0
2588857,1,0,1,0,0,0,255,2,12,0
2588952,0,1,1,0,1,0,255,2,12,0
2589265,1,0,0,1,1,0,255,2,12,0
2589417,0,0,1,1,0,0,255,2,12,0
2589432,0,0,1,1,0,0,255,2,12,0
2589760,1,0,1,0,0,0,255,2,12,0
2590080,0,0,0,0,1,0,255,2,12,0
2590104,0,1,1,0,1,0,255,2,12,0
2590233,0,0,1,1,0,0,255,2,12,0
2590476,1,0,1,0,0,0,255,2,12,0
2590536,0,1,1,0,1,0,255,2,12,0
2590615,1,0,0,1,1,0,255,2,12,0
2590762,1,1,1,1,1,0,255,2,12,0
2590863,1,1,1,1,1,0,255,2,12,0
2590866,1,0,0,1,1,0,255,2,12,0
2590936,0,0,1,1,0,0,255,2,12,0
2591040,1,1,1,1,1,0,255,2,12,0
2591335,1,1,1,1,1,0,255,2,12,0
2591582,1,0,0,1,1,0,255,2,12,0
2591829,1,1,1,1,1,0,255,2,12,0
2591876,1,0,1,0,0,0,255,2,12,0
2591922,0,1,1,0,1,0,255,2,12,0
2591928,1,1,0,0,0,0,255,2,12,0
2592047,0,1,0,1,0,0,255,2,12,0
2592105,0,0,1,1,0,0,255,2,12,0
2592180,1,1,1,1,1,0,255,2,12,0
2592393,0,1,0,1,0,0,255,2,12,0
2593053,0,0,0,0,1,0,255,2,12,0
2593110,1,0,0,1,1,0,255,2,12,0
2593151,0,1,1,0,1,0,255,2,12,0
2593357,1,1,1,1,1,0,255,2,12,0
2593572,1,0,1,0,0,0,255,2,12,0
2593764,0,0,1,1,0,0,255,2,12,0
2594463,0,0,0,0,1,0,255,2,12,0
2594498,0,1,0,1,0,0,255,2,12,0
2594629,1,1,1,1,1,0,255,2,12,0
2595682,1,0,1,0,0,0,255,2,12,0
2595832,1,0,1,0,0,0,255,2,12,0
2595912,0,1,1,0,1,0,255,2,12,0
2596177,0,1,1,0,1,0,255,2,12,0
2596485,1,0,1,0,0,0,255,2,12,0
2596495,0,1,1,0,1,0,255,2,12,0
2596862,0,0,1,1,0,0,255,2,12,0
2596881,0,0,0,0,1,0,255,2,12,0
2596960,0,1,0,1,0,0,255,2,12,0
2596972,1,1,1,1,1,0,255,2,12,0
2597195,1,1,1,1,1,0,255,2,12,0
2597539,0,1,1,0,1,0,255,2,12,0
2597789,1,0,0,1,1,0,255,2,12,0
2597853,1,0,1,0,0,0,255,2,12,0
2597855,0,1,0,1,0,0,255,2,12,0
2597917,1,0,0,1,1,0,255,2,12,0
2598051,0,1,1,0,1,0,255,2,12,0
2598343,1,1,1,1,1,0,255,2,12,0
2598802,1,1,1,1,1,0,255,2,12,0
2598817,1,0,1,0,0,0,255,2,12,0
2598892,1,1,1,1,1,0,255,2,12,0
2598950,0,0,1,1,0,0,255,2,12,0
2599179,0,0,0,0,1,0,255,2,12,0
2599386,0,0,1,1,0,0,255,2,12,0
2599394,1,1,0,0,0,0,255,2,12,0
2599733,0,1,1,0,1,0,255,2,12,0
2599933,0,0,0,0,1,0,255,2,12,0
2600096,1,0,1,0,0,0,255,2,12,0
2600283,0,1,0,1,0,0,255,2,12,0
2600334,0,0,1,1,0,0,255,2,12,0
2600348,0,1,0,1,0,0,255,2,12,0
2600379,0,0,1,1,0,0,255,2,12,0
2600587,0,1,0,1,0,0,255,2,12,0
2600827,0,1,1,0,1,0,255,2,12,0
2600855,1,0,1,0,0,0,255,2,12,0
2600900,1,0,1,0,0,0,255,2,12,0
2601012,1,1,1,1,1,0,255,2,12,0
2601607,1,1,0,0,0,0,255,2,12,0
2601678,0,1,1,0,1,0,255,2,12,0
2601683,0,1,1,0,1,0,255,2,12,0
2601893,0,0,0,0,1,0,255,2,12,0
2601897,0,0,0,0,1,0,255,2,12,0
2601962,1,1,0,0,0,0,255,2,12,0
2601988,0,1,0,1,0,0,255,2,12,0
2602099,1,0,1,0,0,0,255,2,12,0
2602121,0,0,0,0,1,0,255,2,12,0
2602224,1,0,1,0,0,0,255,2,12,0
2602248,1,0,0,1,1,0,255,2,12,0
2602604,1,1,0,0,0,0,255,2,12,0
2602646,0,0,0,0,1,0,255,2,12,0
2602729,1,0,0,1,1,0,255,2,12,0
2603188,0,1,0,1,0,0,255,2,12,0
2603240,1,0,1,0,0,0,255,2,12,0
2603295,0,1,0,1,0,0,255,2,12,0
2603491,1,1,1,1,1,0,255,2,12,0
2603635,0,1,0,1,0,0,255,2,12,0
2603660,1,0,0,1,1,0,255,2,12,0
2603726,1,0,0,1,1,0,255,2,12,0
2603963,0,1,1,0,1,0,255,2,12,0
2604443,1,0,1,0,0,0,255,2,12,0
2604474,0,1,0,1,0,0,255,2,12,0
2604512,0,1,1,1,1,1,255,2,12,0
2604690,0,0,0,0,1,0,255,2,12,0
2604793,1,0,0,1,1,0,255,2,12,0
2604864,0,1,1,0,1,0,255,2,12,0
2605217,1,0,1,0,0,0,255,2,12,0
2605243,1,0,0,1,1,0,255,2,12,0
2605477,0,1,1,0,1,0,255,2,12,0
2605544,0,1,1,0,1,0,255,2,12,0
2605563,1,0,0,1,1,0,255,2,12,0
2605620,1,0,1,0,0,0,255,2,12,0
2605703,0,1,0,1,0,0,255,2,12,0
2606849,0,0,1,1,0,0,255,2,12,0
2606940,0,1,0,1,0,0,255,2,12,0
2607053,1,0,0,1,1,0,255,2,12,0
2607118,0,0,1,1,0,0,255,2,12,0
2607300,0,1,1,0,1,0,255,2,12,0
2607917,0,0,1,1,0,0,255,2,12,0
2607941,1,1,0,0,0,0,255,2,12,0
2607954,1,0,1,0,0,0,255,2,12,0
2607984,0,1,1,0,1,0,255,2,12,0
2608055,1,0,0,1,1,0,255,2,12,0
2608274,0,1,1,0,1,0,255,2,12,0
2608633,1,0,1,0,0,0,255,2,12,0
2608712,1,0,0,1,1,0,255,2,12,0
2608916,0,1,0,1,0,0,255,2,12,0
2609096,0,0,1,1,0,0,255,2,12,0
2609108,1,0,1,0,0,0,255,2,12,0
2609128,1,0,0,1,1,0,255,2,12,0
2609197,1,0,1,0,0,0,255,2,12,0
2609336,1,0,0,1,1,0,255,2,12,0
2609344,0,0,0,0,1,0,255,2,12,0
2609461,0,1,0,1,0,0,255,2,12,0
2609648,0,0,0,0,1,0,255,2,12,0
2609692,0,1,0,1,0,0,255,2,12,0
2609759,0,0,1,1,0,0,255,2,12,0
2609986,1,0,1,0,0,0,255,2,12,0
2610298,0,1,0,1,0,0,255,2,12,0
2610442,1,1,1,1,1,0,255,2,12,0
2610641,0,1,1,0,1,0,255,2,12,0
2610647,0,1,0,1,0,0,255,2,12,0
2610724,1,0,1,0,0,0,255,2,12,0
2610766,0,0,1,1,0,0,255,2,12,0
2610794,1,0,1,0,0,0,255,2,12,0
2611073,0,1,1,0,1,0,255,2,12,0
2611089,1,1,0,0,0,0,255,2,12,0
2611119,0,1,0,1,0,0,255,2,12,0
2611666,0,0,1,1,0,0,255,2,12,0
2612061,1,0,0,1,1,0,255,2,12,0
2612148,1,1,1,0,1,1,255,2,12,0
2612237,0,0,1,1,0,0,255,2,12,0
2612248,1,1,1,1,1,0,255,2,12,0
2612267,1,1,1,1,1,0,255,2,12,0
2612511,0,1,1,0,1,0,255,2,12,0
2612958,0,0,0,0,1,0,255,2,12,0
2612999,1,0,0,1,1,0,255,2,12,0
2613153,1,0,0,1,1,0,255,2,12,0
2613179,0,0,0,0,1,0,255,2,12,0
2613191,0,0,0,0,1,0,255,2,12,0
2613222,1,1,0,0,0,0,255,2,12,0
2613447,1,0,1,0,0,0,255,2,12,0
2613627,0,1,0,1,0,0,255,2,12,0
2613652,1,1,0,0,0,0,255,2,12,0
2613800,0,1,1,0,1,0,255,2,12,0
2613952,1,0,1,0,0,0,255,2,12,0
2614014,1,1,1,1,1,0,255,2,12,0
2614133,0,0,1,1,0,0,255,2,12,0
2614134,0,0,1,1,0,0,255,2,12,0
2614393,0,0,0,0,1,0,255,2,12,0
2614405,1,0,1,0,0,0,255,2,12,0
2614491,0,1,1,0,1,0,255,2,12,0
2615211,1,1,1,1,1,0,255,2,12,0
2615218,0,0,1,1,0,0,255,2,12,0
2615394,1,1,0,1,0,0,255,2,12,0
2615616,0,0,0,0,1,0,255,2,12,0
2615677,0,1,1,0,1,0,255,2,12,0
2615775,0,0,1,1,0,0,255,2,12,0
2615885,1,1,0,0,0,0,255,2,12,0
2616217,0,1,0,1,0,0,255,2,12,0
2616230,0,1,1,0,1,0,255,2,12,0
2616546,1,0,1,0,0,0,255,2,12,0
2616689,0,1,1,0,1,0,255,2,12,0
2617282,1,0,0,1,1,0,255,2,12,0
2617346,1,0,1,0,0,0,255,2,12,0
2617351,0,0,1,1,0,0,255,2,12,0
2617543,0,1,0,1,0,0,255,2,12,0
2617578,1,1,0,0,0,0,255,2,12,0
2617745,0,1,1,0,1,0,255,2,12,0
2617843,0,0,0,0,1,0,255,2,12,0
2617867,0,1,1,0,1,0,255,2,12,0
2617994,0,0,1,1,0,0,255,2,12,0
2618157,1,1,1,1,1,0,255,2,12,0
2618288,0,0,0,0,1,0,255,2,12,0
2618474,1,1,1,1,1,0,255,2,12,0
2618517,1,1,0,0,0,0,255,2,12,0
2618587,0,1,0,1,0,0,255,2,12,0
2618729,1,1,0,0,0,0,255,2,12,0
2619187,1,1,0,0,0,0,255,2,12,0
2619295,0,1,0,1,0,0,255,2,12,0
2619504,0,1,0,1,0,0,255,2,12,0
2619648,1,1,0,0,0,0,255,2,12,0
2619868,0,1,0,1,0,0,255,2,12,0
2620484,1,1,1,1,1,0,255,2,12,0
2620537,1,0,0,1,1,0,255,2,12,0
2620778,1,1,0,0,0,0,255,2,12,0
2621180,0,0,0,0,1,0,255,2,12,0
2622513,0,0,0,0,1,0,149,2,12,0
2623209,1,0,0,0,1,1,149,2,12,0
2623832,0,0,0,0,1,0,149,2,12,0
2624630,0,1,0,1,0,0,149,2,12,0
2625318,1,1,0,0,0,0,149,2,12,0
2626872,1,1,1,1,1,0,149,2,12,0
2627167,1,1,0,0,0,0,149,2,12,0
2627193,1,0,1,0,0,0,149,2,12,0
2627679,1,1,1,1,1,0,149,2,12,0
2628117,1,1,1,1,1,0,149,2,12,0
2628202,0,0,0,0,1,0,149,2,12,0
2628967,1,1,0,0,0,0,149,2,12,0
2629103,1,0,1,0,0,0,149,2,12,0
2629614,0,0,1,1,0,0,149,2,12,0
2630090,0,1,0,1,0,0,149,2,12,0
2630268,1,0,0,1,1,0,149,2,12,0
2630901,1,1,1,1,1,0,149,2,12,0
2631361,0,1,1,0,1,0,149,2,12,0
2631638,1,0,1,0,0,0,149,2,12,0
2631885,0,1,1,0,1,0,149,2,12,0
2631921,1,1,1,1,1,0,149,2,12,0
2632994,0,0,1,1,0,0,149,2,12,0
2633059,0,1,0,1,0,0,149,2,12,0
2633628,0,0,0,0,1,0,149,2,12,0
2634428,1,0,0,1,1,0,149,2,12,0
2634434,1,1,0,0,0,0,149,2,12,0
2635223,1,1,1,1,1,0,149,2,12,0
2635232,0,0,1,1,0,0,149,2,12,0
2635719,0,0,1,1,0,0,149,2,12,0
2635911,1,0,1,0,0,0,149,2,12,0
2636627,0,0,0,0,1,0,149,2,12,0
2636919,0,0,0,0,1,0,149,2,12,0
2637453,0,0,0,0,1,0,149,2,12,0
2637837,1,0,0,1,1,0,149,2,12,0
2637963,0,0,0,0,1,0,149,2,12,0
2638051,1,0,0,1,1,0,149,2,12,0
2638759,0,0,0,0,1,0,149,2,12,0
2639204,0,1,0,1,0,0,149,2,12,0
2639394,1,0,1,0,0,0,149,2,12,0
2639729,1,1,0,0,0,0,149,2,12,0
2639902,0,0,0,0,1,0,149,2,12,0
2640403,1,1,0,0,0,0,149,2,12,0
2640915,1,1,1,1,1,0,149,2,12,0
2642708,0,1,1,0,1,0,149,2,12,0
2643475,1,0,0,1,1,0,149,2,12,0
2643564,0,0,1,1,0,0,149,2,12,0
2643635,0,1,1,1,1,1,149,2,12,0
2644469,0,0,0,0,1,0,149,2,12,0
2644855,1,0,1,0,0,0,149,2,12,0
2646425,1,0,0,1,1,0,149,2,12,0
2646620,1,1,1,1,1,0,149,2,12,0
2646709,0,1,0,1,0,0,149,2,12,0
2647691,0,1,0,1,0,0,149,2,12,0
2649215,0,0,0,0,1,0,149,2,12,0
2649383,1,0,1,0,0,0,149,2,12,0
2649922,0,0,0,0,1,0,149,2,12,0
2649937,1,0,1,0,0,0,149,2,12,0
2651578,1,0,0,1,1,0,149,2,12,0
2652228,1,0,1,0,0,0,149,2,12,0
2653284,0,1,0,1,0,0,149,2,12,0
2653557,0,0,1,1,0,0,149,2,12,0
2653559,0,0,1,1,0,0,149,2,12,0
2653619,1,0,0,1,1,0,149,2,12,0
2653958,0,1,1,0,1,0,149,2,12,0
2654227,0,1,1,0,1,0,149,2,12,0
2654444,0,0,0,0,1,0,149,2,12,0
2655270,1,1,0,0,0,0,149,2,12,0
2655948,1,0,1,0,0,0,149,2,12,0
2657372,0,1,0,0,0,0,149,2,12,0
2657707,0,1,1,0,1,0,149,2,12,0
2658046,0,0,1,1,0,0,149,2,12,0
2658225,1,0,0,1,1,0,149,2,12,0
2658372,1,0,1,0,0,0,149,2,12,0
2658614,1,0,0,1,1,0,149,2,12,0
2659928,1,1,0,0,0,0,149,2,12,0
2660597,1,1,1,0,1,1,149,2,12,0
2660679,1,1,0,0,0,0,149,2,12,0
2661396,1,1,0,0,0,0,149,2,12,0
2661469,1,0,0,1,1,0,149,2,12,0
2662052,0,0,1,1,0,0,149,2,12,0
2662975,0,0,0,0,1,0,149,2,12,0
2663152,0,1,1,0,1,0,149,2,12,0
2666722,1,1,0,0,0,0,149,2,12,0
2668289,1,0,0,1,1,0,149,2,12,0
2668674,0,1,1,0,1,0,149,2,12,0
2669532,1,0,1,0,0,0,149,2,12,0
2669793,1,0,1,0,0,0,149,2,12,0
2671394,0,0,0,0,1,0,149,2,12,0
2671397,1,1,0,0,0,0,149,2,12,0
2671522,0,0,1,1,0,0,149,2,12,0
2671855,0,1,1,0,1,0,149,2,12,0
2672114,1,1,1,1,1,0,149,2,12,0
2672847,0,1,1,0,1,0,149,2,12,0
2673033,0,1,0,1,0,0,149,2,12,0
2674876,0,0,1,1,0,0,149,2,12,0
2675222,0,1,0,1,0,0,149,2,12,0
2675936,0,0,1,1,0,0,149,2,12,0
2676103,1,1,0,0,0,0,149,2,12,0
2676718,0,0,0,0,1,0,149,2,12,0
2677332,1,0,0,1,1,0,149,2,12,0
2677588,1,0,1,0,0,0,149,2,12,0
2677682,1,0,0,1,1,0,149,2,12,0
2677723,0,1,0,1,0,0,149,2,12,0
2677736,1,0,1,0,0,0,149,2,12,0
2677884,1,0,0,1,1,0,149,2,12,0
2678258,1,1,0,0,0,0,149,2,12,0
2678263,1,1,1,1,1,0,149,2,12,0
2678693,1,0,1,0,0,0,149,2,12,0
2679842,1,0,1,0,0,0,149,2,12,0
2680245,0,1,0,0,0,0,149,2,12,0
2680947,1,1,1,1,1,0,149,2,12,0
2681123,1,0,1,0,0,0,149,2,12,0
2681212,1,0,0,1,1,0,149,2,12,0
2681701,0,1,0,1,0,0,149,2,12,0
2682039,0,1,1,0,1,0,149,2,12,0
2683327,1,1,0,0,0,0,149,2,12,0
2683435,1,0,1,0,0,0,149,2,12,0
2684024,1,0,0,1,1,0,149,2,12,0
2684118,1,1,0,0,0,0,149,2,12,0
2685131,1,1,0,0,0,0,149,2,12,0
2685332,1,0,0,1,1,0,149,2,12,0
2685692,1,1,1,1,1,0,149,2,12,0
2686405,1,0,1,0,0,0,149,2,12,0
2686710,0,1,1,0,1,0,149,2,12,0
2686982,0,0,0,0,1,0,200,2,12,0
2687236,0,1,1,0,1,0,200,2,12,0
2687421,0,1,1,0,1,0,200,2,12,0
2687671,0,0,1,1,0,0,200,2,12,0
2688031,0,0,0,0,1,0,200,2,12,0
2688082,0,1,0,1,0,0,200,2,12,0
2688179,0,1,1,0,1,0,200,2,12,0
2688206,0,0,1,1,0,0,200,2,12,0
2688286,0,1,1,0,1,0,200,2,12,0
2688302,0,1,0,1,0,0,200,2,12,0
2688539,1,0,0,1,1,0,200,2,12,0
2688840,0,1,0,1,0,0,200,2,12,0
2689433,1,1,1,0,1,1,200,2,12,0
2689899,1,0,1,0,0,0,200,2,12,0
2690174,1,1,1,1,1,0,200,2,12,0
2690276,0,1,1,0,1,0,200,2,12,0
2690351,1,1,1,1,1,0,200,2,12,0
2690545,0,0,0,0,1,0,200,2,12,0
2690780,1,0,0,1,1,0,200,2,12,0
2691404,1,1,0,0,0,0,200,2,12,0
2691626,0,1,0,1,0,0,200,2,12,0
2692183,1,1,0,0,0,0,200,2,12,0
2692526,1,1,1,1,1,0,200,2,12,0
2692764,1,0,0,1,1,0,200,2,12,0
2693021,0,1,0,1,0,0,200,2,12,0
2693364,0,0,1,1,0,0,200,2,12,0
2693966,1,1,0,0,0,0,200,2,12,0
2694938,1,0,0,1,1,0,200,2,12,0
2696324,0,1,0,1,0,0,200,2,12,0
2696340,0,1,0,1,0,0,200,2,12,0
2696450,1,0,1,0,0,0,200,2,12,0
2696651,1,0,1,0,0,0,200,2,12,0
2696860,1,1,0,0,0,0,200,2,12,0
2696993,0,1,0,1,0,0,200,2,12,0
2697606,0,0,1,1,0,0,200,2,12,0
2698054,1,0,0,1,1,0,200,2,12,0
2698130,1,0,1,0,0,0,200,2,12,0
2698697,1,1,1,1,1,0,200,2,12,0
2698993,1,0,1,0,0,0,200,2,12,0
2699116,0,1,0,1,0,0,200,2,12,0
2699123,0,0,0,0,1,0,200,2,12,0
2699204,1,0,0,1,1,0,200,2,12,0
2699206,1,1,1,1,1,0,200,2,12,0
2699498,1,0,0,1,1,0,200,2,12,0
2700223,0,1,1,0,1,0,200,2,12,0
2700415,1,0,1,0,0,0,200,2,12,0
2700937,1,0,1,0,0,0,200,2,12,0
2701098,1,0,1,0,0,0,200,2,12,0
2701415,1,1,0,0,0,0,200,2,12,0
2701527,0,0,1,1,0,0,200,2,12,0
2701569,0,1,0,1,0,0,200,2,12,0
2701741,0,1,1,0,1,0,200,2,12,0
2701870,0,1,1,0,1,0,200,2,12,0
2702130,0,1,0,1,0,0,200,2,12,0
2702274,0,0,0,0,1,0,200,2,12,0
2702533,0,1,1,0,1,0,200,2,12,0
2703279,1,0,0,1,1,0,200,2,12,0
2703377,1,1,1,1,1,0,200,2,12,0
2703967,0,0,0,0,1,0,200,2,12,0
2704575,1,0,1,0,0,0,200,2,12,0
2704790,1,1,0,0,0,0,200,2,12,0
2704826,0,1,0,1,0,0,200,2,12,0
2705348,1,0,0,1,1,0,200,2,12,0
2706009,1,0,0,1,1,0,200,2,12,0
2706081,1,1,1,1,1,0,200,2,12,0
2706143,0,0,0,0,1,0,200,2,12,0
2706182,0,1,0,1,0,0,200,2,12,0
2707409,1,1,0,0,0,0,200,2,12,0
2707641,0,1,0,1,0,0,200,2,12,0
2707715,0,1,1,0,1,0,200,2,12,0
2708266,0,0,1,1,0,0,200,2,12,0
2708267,1,1,1,1,1,0,200,2,12,0
2709510,0,1,1,0,1,0,200,2,12,0
2710018,0,1,1,0,1,0,200,2,12,0
2710158,1,0,1,0,0,0,200,2,12,0
2710302,1,1,0,0,0,0,200,2,12,0
2710577,1,0,1,0,0,0,200,2,12,0
2710852,0,0,0,0,1,0,200,2,12,0
2711313,1,1,0,0,0,0,200,2,12,0
2711618,1,1,0,0,0,0,200,2,12,0
2712055,0,0,1,1,0,0,200,2,12,0
2712133,1,0,1,0,0,0,200,2,12,0
2712867,0,0,1,1,0,0,200,2,12,0
2712933,0,0,0,0,1,0,200,2,12,0
2713438,0,1,1,0,1,0,200,2,12,0
2714421,0,0,1,1,0,0,200,2,12,0
2714525,1,1,1,1,1,0,200,2,12,0
2714629,0,1,0,1,0,0,200,2,12,0
2714681,0,0,1,1,0,0,200,2,12,0
2714922,0,1,1,0,1,0,200,2,12,0
2715024,0,1,0,1,0,0,200,2,12,0
2715401,1,1,1,1,1,0,200,2,12,0
2715672,0,1,0,1,0,0,200,2,12,0
2716282,1,1,1,1,1,0,200,2,12,0
2716608,1,1,1,1,1,0,200,2,12,0
2716682,0,1,1,0,1,0,200,2,12,0
2716714,0,0,0,0,1,0,200,2,12,0
2717477,1,0,1,0,0,0,200,2,12,0
2717762,1,1,1,1,1,0,200,2,12,0
2718869,0,1,0,1,0,0,200,2,12,0
2720180,1,0,0,1,1,0,200,2,12,0
2720444,1,1,0,0,0,0,200,2,12,0
2720589,1,1,1,1,1,0,200,2,12,0
2720657,1,1,1,1,1,0,200,2,12,0
2721532,0,1,1,0,1,0,200,2,12,0
2721757,0,1,0,1,0,0,200,2,12,0
2721844,1,0,1,0,0,0,200,2,12,0
2723087,0,1,0,1,0,0,200,2,12,0
2723213,0,0,1,1,0,0,200,2,12,0
2723337,0,0,1,1,0,0,200,2,12,0
2723740,0,1,0,0,0,0,200,2,12,0
2724787,1,0,1,1,0,0,200,2,12,0
2725163,0,1,1,0,1,0,200,2,12,0
2725605,1,1,1,1,1,0,200,2,12,0
2725610,0,0,1,1,0,0,200,2,12,0
2725713,1,0,1,0,0,0,200,2,12,0
2726100,1,1,0,0,0,0,200,2,12,0
2726461,1,0,0,1,1,0,200,2,12,0
2726674,1,1,0,0,0,0,200,2,12,0
2728182,0,1,0,1,0,0,200,2,12,0
2728534,1,1,1,1,1,0,200,2,12,0
2728790,0,1,1,0,1,0,200,2,12,0
2728887,1,1,0,0,0,0,200,2,12,0
2729167,1,0,1,0,0,0,200,2,12,0
2729557,0,1,1,0,1,0,200,2,12,0
2729567,1,0,0,1,1,0,200,2,12,0
2729573,1,1,1,1,1,0,200,2,12,0
2730026,0,0,0,0,1,0,200,2,12,0
2731262,0,0,1,1,0,0,200,2,12,0
2731301,1,1,1,1,1,0,200,2,12,0
2731927,0,0,0,0,1,0,200,2,12,0
2732294,0,1,1,1,1,1,200,2,12,0
2732533,1,0,0,1,1,0,200,2,12,0
2732628,0,1,0,1,0,0,200,2,12,0
2732737,1,0,0,1,1,0,200,2,12,0
2733061,0,0,1,1,0,0,200,2,12,0
2733823,0,1,0,1,0,0,200,2,12,0
2733824,0,0,0,0,1,0,200,2,12,0
2734582,1,1,1,1,1,0,200,2,12,0
2735520,1,0,0,1,1,0,200,2,12,0
2735620,0,1,1,0,1,0,200,2,12,0
2737079,0,0,1,1,0,0,200,2,12,0
2737176,1,1,1,1,1,0,200,2,12,0
2737426,1,1,1,1,1,0,200,2,12,0
2737746,1,1,1,1,1,0,200,2,12,0
2737849,1,1,1,1,1,0,200,2,12,0
2737854,0,0,1,1,0,0,200,2,12,0
2738308,1,0,1,0,0,0,200,2,12,0
2738613,1,1,0,0,0,0,200,2,12,0
2738689,1,1,1,1,1,0,200,2,12,0
2739118,1,0,1,0,0,0,200,2,12,0
2739640,1,1,1,1,1,0,200,2,12,0
2740296,1,0,1,0,0,0,200,2,12,0
2740638,0,1,0,1,0,0,200,2,12,0
2740910,1,1,0,0,0,0,200,2,12,0
2741488,0,1,0,1,0,0,200,2,12,0
2742120,1,1,0,0,0,0,200,2,12,0
2742360,0,1,0,1,0,0,200,2,12,0
2742918,1,0,1,0,0,0,200,2,12,0
2743392,0,0,1,1,0,0,200,2,12,0
2743935,0,1,1,0,1,0,200,2,12,0
2743993,1,1,0,0,0,0,200,2,12,0
2744299,0,0,0,0,1,0,200,2,12,0
2745052,0,0,0,0,1,0,200,2,12,0
2745229,0,1,0,1,0,0,200,2,12,0
2745265,0,1,0,1,0,0,200,2,12,0
2745397,1,0,0,1,1,0,200,2,12,0
2745535,0,1,1,0,1,0,200,2,12,0
2745598,1,1,1,1,1,0,200,2,12,0
2745920,0,0,1,1,0,0,200,2,12,0
2746132,0,1,0,1,0,0,200,2,12,0
2746239,1,0,0,1,1,0,200,2,12,0
2747349,0,0,1,1,0,0,200,2,12,0
2747787,0,1,0,1,0,0,200,2,12,0
2748193,1,0,1,0,0,0,200,2,12,0
2749916,1,1,1,1,1,0,200,2,12,0
2749961,0,0,1,1,0,0,200,2,12,0
2750284,1,0,0,1,1,0,200,2,12,0
2750559,0,1,1,0,1,0,200,2,12,0
2750699,0,1,1,0,1,0,200,2,12,0
2751293,0,0,0,0,1,0,200,2,12,0
2752215,0,0,1,1,0,0,200,2,12,0
2752249,1,0,1,0,0,0,200,2,12,0
2752255,0,1,0,1,0,0,200,2,12,0
2752966,0,1,0,1,0,0,255,2,12,0
2753151,1,1,0,0,0,0,255,2,12,0
2753157,1,1,0,0,0,0,255,2,12,0
2753454,1,1,1,1,1,0,255,2,12,0
2753490,1,1,0,0,0,0,255,2,12,0
2753807,0,1,1,0,1,0,255,2,12,0
2753988,1,1,1,1,1,0,255,2,12,0
2754097,0,0,1,1,0,0,255,2,12,0
2754218,0,1,1,0,1,0,255,2,12,0
2754380,0,1,0,1,0,0,255,2,12,0
2754452,0,1,1,0,1,0,255,2,12,0
2754564,0,1,0,1,0,0,255,2,12,0
2754622,0,0,1,1,0,0,255,2,12,0
2754865,0,0,1,0,0,0,255,2,12,0
2755044,1,0,1,0,0,0,255,2,12,0
2755110,1,1,1,1,1,0,255,2,12,0
2755309,0,0,0,1,1,1,255,2,12,0
2755564,1,1,0,0,0,0,255,2,12,0
2755773,0,0,0,0,1,0,255,2,12,0
2755827,1,0,0,1,1,0,255,2,12,0
2755851,0,0,0,0,1,0,255,2,12,0
2756317,0,0,0,0,1,0,255,2,12,0
2756479,1,0,1,0,0,0,255,2,12,0
2756992,0,1,0,1,0,0,255,2,12,0
2757111,1,1,1,1,1,0,255,2,12,0
2757222,1,1,1,1,1,0,255,2,12,0
2757833,0,1,0,1,0,0,255,2,12,0
2757984,1,0,0,1,1,0,255,2,12,0
2758199,0,1,1,0,1,0,255,2,12,0
2758266,0,0,1,1,0,0,255,2,12,0
2758822,0,1,0,1,0,0,255,2,12,0
2758961,0,0,0,0,1,0,255,2,12,0
2759018,1,1,1,1,1,0,255,2,12,0
2759142,1,0,1,0,0,0,255,2,12,0
2760051,1,0,1,0,0,0,255,2,12,0
2760172,1,0,0,1,1,0,255,2,12,0
2760276,0,1,0,1,0,0,255,2,12,0
2760424,0,0,0,0,1,0,255,2,12,0
2760522,1,0,1,0,0,0,255,2,12,0
2760669,0,1,0,1,0,0,255,2,12,0
2760958,0,1,1,0,1,0,255,2,12,0
2761592,1,1,0,0,0,0,255,2,12,0
2761675,1,0,1,0,0,0,255,2,12,0
2761684,1,0,0,1,1,0,255,2,12,0
2762078,1,1,1,1,1,0,255,2,12,0
2762738,1,0,0,1,1,0,255,2,12,0
2763313,0,0,1,1,0,0,255,2,12,0
2763700,1,0,0,1,1,0,255,2,12,0
2763944,1,0,1,0,0,0,255,2,12,0
2764632,0,0,1,1,0,0,255,2,12,0
2764636,0,0,0,0,1,0,255,2,12,0
2764667,1,1,0,0,0,0,255,2,12,0
2764895,1,0,1,0,0,0,255,2,12,0
2765012,1,1,0,0,0,0,255,2,12,0
2765177,0,1,1,0,1,0,255,2,12,0
2765186,1,1,0,0,0,0,255,2,12,0
2765544,1,0,1,0,0,0,255,2,12,0
2765731,1,0,1,0,0,0,255,2,12,0
2765744,0,0,0,0,1,0,255,2,12,0
2766493,1,0,0,1,1,0,255,2,12,0
2766681,0,1,1,0,1,0,255,2,12,0
2766768,0,1,0,1,0,0,255,2,12,0
2766813,0,0,1,1,0,0,255,2,12,0
2767053,1,1,1,1,1,0,255,2,12,0
2767314,1,0,1,0,0,0,255,2,12,0
2767354,0,1,0,1,0,0,255,2,12,0
2767524,1,0,0,1,1,0,255,2,12,0
2767880,0,0,1,1,0,0,255,2,12,0
2768939,1,0,0,1,1,0,255,2,12,0
2769274,0,1,1,0,1,0,255,2,12,0
2769707,1,1,1,1,1,0,255,2,12,0
2769823,1,0,0,1,1,0,255,2,12,0
2769878,0,0,1,1,0,0,255,2,12,0
2770343,1,0,1,0,0,0,255,2,12,0
2770625,0,0,1,1,0,0,255,2,12,0
2771090,1,0,1,0,0,0,255,2,12,0
2771192,1,1,1,1,1,0,255,2,12,0
2771215,1,1,0,0,0,0,255,2,12,0
2771395,1,0,0,1,1,0,255,2,12,0
2771463,0,1,0,1,0,0,255,2,12,0
2771573,1,1,1,1,1,0,255,2,12,0
2771678,1,1,1,1,1,0,255,2,12,0
2771778,0,1,0,1,0,0,255,2,12,0
2771791,0,1,0,1,0,0,255,2,12,0
2771997,0,0,1,1,0,0,255,2,12,0
2772278,0,0,0,0,1,0,255,2,12,0
2772299,1,1,1,1,1,0,255,2,12,0
2772478,0,0,0,0,1,0,255,2,12,0
2772667,1,0,1,0,0,0,255,2,12,0
2772671,1,1,1,1,1,0,255,2,12,0
2772818,1,0,0,1,1,0,255,2,12,0
2773034,1,1,0,0,0,0,255,2,12,0
2773215,0,1,0,1,0,0,255,2,12,0
2773270,1,1,0,0,0,0,255,2,12,0
2773281,1,1,0,0,0,0,255,2,12,0
2773421,0,0,1,1,0,0,255,2,12,0
2773596,1,0,0,1,1,0,255,2,12,0
2773657,1,1,1,1,1,0,255,2,12,0
2774116,0,1,1,0,1,0,255,2,12,0
2774657,1,0,1,0,0,0,255,2,12,0
2774710,1,0,1,0,0,0,255,2,12,0
2774823,1,0,1,0,0,0,255,2,12,0
2775088,1,1,1,1,1,0,255,2,12,0
2775095,0,0,1,1,0,0,255,2,12,0
2775569,1,1,1,0,1,1,255,2,12,0
2775859,1,0,1,0,0,0,255,2,12,0
2776044,1,0,0,1,1,0,255,2,12,0
2776277,1,0,1,0,0,0,255,2,12,0
2776560,0,1,0,1,0,0,255,2,12,0
2777112,1,1,1,1,1,0,255,2,12,0
2777332,0,0,0,0,1,0,255,2,12,0
2777578,0,0,0,0,1,0,255,2,12,0
2777825,1,0,1,0,0,0,255,2,12,0
2778051,0,1,1,0,1,0,255,2,12,0
2778604,1,1,0,0,0,0,255,2,12,0
2778666,1,0,0,1,1,0,255,2,12,0
2778672,1,0,1,0,0,0,255,2,12,0
2778810,1,0,1,0,0,0,255,2,12,0
2779947,1,1,1,1,1,0,255,2,12,0
2779975,1,0,0,1,1,0,255,2,12,0
2780088,1,1,1,1,1,0,255,2,12,0
2780130,1,1,1,1,1,0,255,2,12,0
2780434,0,0,1,1,0,0,255,2,12,0
2780646,0,1,1,0,1,0,255,2,12,0
2780907,0,0,0,0,1,0,255,2,12,0
2781053,0,1,1,0,1,0,255,2,12,0
2781582,1,1,0,0,0,0,255,2,12,0
2781592,1,1,1,1,1,0,255,2,12,0
2781736,0,1,0,1,0,0,255,2,12,0
2782726,1,1,0,0,0,0,255,2,12,0
2783048,1,1,0,0,0,0,255,2,12,0
2783097,0,0,1,1,0,0,255,2,12,0
2783115,1,0,1,0,0,0,255,2,12,0
2783491,1,1,0,0,0,0,255,2,12,0
2783515,1,0,0,1,1,0,255,2,12,0
2784117,1,1,1,1,1,0,255,2,12,0
2784139,1,1,1,1,1,0,255,2,12,0
2784208,1,1,1,1,1,0,255,2,12,0
2784230,1,1,1,1,1,0,255,2,12,0
2785396,1,0,0,1,1,0,255,2,12,0
2785567,0,0,0,0,1,0,255,2,12,0
2785673,0,1,0,1,0,0,255,2,12,0
2786005,0,1,1,0,1,0,255,2,12,0
2786296,0,0,1,1,0,0,255,2,12,0
2786314,0,1,0,1,0,0,255,2,12,0
2786587,0,0,1,1,0,0,255,2,12,0
2787244,1,0,0,1,1,0,255,2,12,0
2787425,1,0,0,1,1,0,255,2,12,0
2787483,1,1,0,0,0,0,255,2,12,0
2787566,0,1,0,1,0,0,255,2,12,0
2787628,0,0,0,0,1,0,255,2,12,0
2787896,0,0,1,1,0,0,255,2,12,0
2788115,1,1,1,1,1,0,255,2,12,0
2788143,1,1,0,0,0,0,255,2,12,0
2788163,0,1,1,0,1,0,255,2,12,0
2788172,1,0,0,1,1,0,255,2,12,0
2788493,0,0,1,1,0,0,255,2,12,0
2788609,1,1,0,0,0,0,255,2,12,0
2788644,1,1,0,0,0,0,255,2,12,0
2788738,1,1,0,0,0,0,255,2,12,0
2788817,0,0,0,0,1,0,255,2,12,0
2788914,0,0,0,0,1,0,255,2,12,0
2788973,0,0,1,1,0,0,255,2,12,0
2789311,1,1,1,1,1,0,255,2,12,0
2789530,1,1,0,0,0,0,255,2,12,0
2789594,1,0,1,0,0,0,255,2,12,0
2789756,1,1,0,0,0,0,255,2,12,0
2789803,1,1,1,1,1,0,255,2,12,0
2790349,1,0,1,0,0,0,255,2,12,0
2790540,0,1,0,1,0,0,255,2,12,0
2790712,1,0,1,0,0,0,255,2,12,0
2790740,1,0,0,1,1,0,255,2,12,0
2790916,1,1,0,1,0,0,255,2,12,0
2790965,0,1,1,0,1,0,255,2,12,0
2790980,0,0,0,0,1,0,255,2,12,0
2791328,0,1,1,0,1,0,255,2,12,0
2791530,0,0,1,1,0,0,255,2,12,0
2791627,1,1,0,0,0,0,255,2,12,0
2791825,1,1,1,1,1,0,255,2,12,0
2792009,1,0,0,1,1,0,255,2,12,0
2792051,0,1,1,0,1,0,255,2,12,0
2792221,0,0,0,0,1,0,255,2,12,0
2792713,1,0,1,0,0,0,255,2,12,0
2793294,0,0,1,1,0,0,255,2,12,0
2793748,1,0,1,0,0,0,255,2,12,0
2793856,1,0,0,1,1,0,255,2,12,0
2793943,0,0,0,0,1,0,255,2,12,0
2794258,1,1,1,1,1,0,255,2,12,0
2794649,0,0,1,1,0,0,255,2,12,0
2794854,0,0,1,1,0,0,255,2,12,0
2795033,0,1,1,0,1,0,255,2,12,0
2795351,1,0,0,0,1,1,255,2,12,0
2795487,0,0,1,1,0,0,255,2,12,0
2795692,1,1,1,1,1,0,255,2,12,0
2795694,1,1,1,1,1,0,255,2,12,0
2795722,1,0,0,1,1,0,255,2,12,0
2795734,1,0,0,1,1,0,255,2,12,0
2795940,0,0,1,1,0,0,255,2,12,0
2795942,1,0,1,0,0,0,255,2,12,0
2795988,1,1,1,1,1,0,255,2,12,0
2796179,0,1,1,0,1,0,255,2,12,0
2796264,1,0,1,0,0,0,255,2,12,0
2796571,1,1,0,1,0,0,255,2,12,0
2797035,1,0,0,1,1,0,255,2,12,0
2797067,1,0,0,1,1,0,255,2,12,0
2797324,0,0,1,1,0,0,255,2,12,0
2797334,0,1,0,1,0,0,255,2,12,0
2797469,0,1,0,1,0,0,255,2,12,0
2797672,0,1,0,1,0,0,255,2,12,0
2797782,0,1,0,1,0,0,255,2,12,0
2797967,0,0,0,0,1,0,255,2,12,0
2798178,1,1,1,1,1,0,255,2,12,0
2798800,1,0,1,0,0,0,255,2,12,0
2799065,0,1,0,1,0,0,255,2,12,0
2799124,1,1,1,1,1,0,255,2,12,0
2799624,1,0,1,0,0,0,255,2,12,0
2799823,1,1,0,0,0,0,255,2,12,0
2800031,0,0,1,1,0,0,255,2,12,0
2800039,1,0,1,0,0,0,255,2,12,0
2800212,0,0,1,1,0,0,255,2,12,0
2800351,0,0,1,1,0,0,255,2,12,0
2800600,1,1,1,1,1,0,255,2,12,0
2800927,1,1,0,0,0,0,255,2,12,0
2801175,1,0,1,0,0,0,255,2,12,0
2801324,1,0,0,1,1,0,255,2,12,0
2801492,0,0,1,1,0,0,255,2,12,0
2802116,1,0,1,0,0,0,255,2,12,0
2802629,0,1,1,1,1,1,255,2,12,0
2803029,1,0,1,0,0,0,255,2,12,0
2803094,0,1,0,1,0,0,255,2,12,0
2803288,0,1,1,0,1,0,255,2,12,0
2803437,0,1,0,1,0,0,255,2,12,0
2803552,0,1,1,0,1,0,255,2,12,0
2803987,1,1,0,0,0,0,255,2,12,0
2804016,0,1,1,0,1,0,255,2,12,0
2804258,1,1,1,1,1,0,255,2,12,0
2804311,1,1,0,0,0,0,255,2,12,0
2804391,1,0,1,0,0,0,255,2,12,0
2804470,1,0,0,1,1,0,255,2,12,0
2804536,1,1,0,0,0,0,255,2,12,0
2804598,0,0,1,1,0,0,255,2,12,0
2805025,1,1,0,0,0,0,255,2,12,0
2805331,1,1,1,1,1,0,255,2,12,0
2805471,1,0,1,0,0,0,255,2,12,0
2805678,1,0,1,0,0,0,255,2,12,0
2805824,0,1,1,0,1,0,255,2,12,0
2806122,0,0,1,1,0,0,255,2,12,0
2807068,1,1,0,0,0,0,255,2,12,0
2807397,0,0,0,0,1,0,255,2,12,0
2807802,1,1,0,0,0,0,255,2,12,0
2807920,0,1,1,0,1,0,255,2,12,0
2808281,1,0,0,1,1,0,255,2,12,0
2808354,1,0,1,0,0,0,255,2,12,0
2808480,1,1,0,0,0,0,255,2,12,0
2808585,0,0,1,1,0,0,255,2,12,0
2809122,1,1,0,0,0,0,255,2,12,0
2809176,1,1,1,1,1,0,255,2,12,0
2809293,0,0,1,1,0,0,255,2,12,0
2809937,1,1,1,1,1,0,255,2,12,0
2810258,0,0,1,1,0,0,255,2,12,0
2810290,0,0,0,1,1,1,255,2,12,0
2810291,0,0,0,0,1,0,255,2,12,0
2810363,1,1,1,1,1,0,255,2,12,0
2810581,1,0,0,1,1,0,255,2,12,0
2811083,1,1,1,1,1,0,255,2,12,0
2811141,1,1,0,0,0,0,255,2,12,0
2811612,1,1,0,0,0,0,255,2,12,0
2811618,0,0,0,0,1,0,255,2,12,0
2811782,0,1,1,1,1,1,255,2,12,0
2811867,1,1,0,0,0,0,255,2,12,0
2812422,1,0,0,1,1,0,255,2,12,0
2812439,0,0,0,0,1,0,255,2,12,0
2812702,1,1,1,1,1,0,255,2,12,0
2813097,0,1,0,1,0,0,255,2,12,0
2813184,0,1,0,1,0,0,255,2,12,0
2813215,0,1,0,1,0,0,255,2,12,0
2813360,1,1,1,1,1,0,255,2,12,0
2813498,0,1,1,0,1,0,255,2,12,0
2813532,0,1,1,0,1,0,255,2,12,0
2813545,0,0,1,1,0,0,255,2,12,0
2813733,0,1,0,1,0,0,255,2,12,0
2813888,0,1,1,0,1,0,255,2,12,0
2813948,0,1,1,0,1,0,255,2,12,0
2813951,0,0,1,1,0,0,255,2,12,0
2814143,1,0,1,0,0,0,255,2,12,0
2814169,1,0,1,0,0,0,255,2,12,0
2814274,0,0,1,1,0,0,255,2,12,0
2814352,1,1,1,1,1,0,255,2,12,0
2814581,1,0,0,1,1,0,255,2,12,0
2814756,0,1,0,1,0,0,255,2,12,0
2815582,1,1,0,0,0,0,255,2,12,0
2815693,0,1,0,1,0,0,255,2,12,0
2815888,1,1,1,0,1,1,255,2,12,0
2815909,0,1,0,1,0,0,255,2,12,0
2816664,1,0,1,0,0,0,255,2,12,0
2816762,0,1,0,1,0,0,255,2,12,0
2816996,0,1,0,1,0,0,255,2,12,0
2817032,1,0,1,0,0,0,255,2,12,0
2817059,0,1,0,0,0,0,255,2,12,0
2817181,0,0,0,0,1,0,255,2,12,0
2817225,0,1,1,0,1,0,255,2,12,0
2817253,0,1,1,0,1,0,255,2,12,0
2817297,0,1,1,0,1,0,255,2,12,0
2817921,0,1,0,1,0,0,255,2,12,0
2817963,1,1,1,1,1,0,255,2,12,0
2818604,1,0,1,0,0,0,7,2,12,0
2822767,1,1,0,1,0,0,7,2,12,0
2824563,0,0,1,1,0,0,7,2,12,0
2830137,0,1,1,0,1,0,7,2,12,0
2831803,1,1,0,0,0,0,7,2,12,0
2833055,1,0,1,0,0,0,7,2,12,0
2833452,0,0,1,1,0,0,7,2,12,0
2841995,0,1,0,1,0,0,7,2,12,0
2844261,0,1,0,1,0,0,7,2,12,0
2850498,0,1,1,0,1,0,7,2,12,0
2856995,0,0,1,1,0,0,7,2,12,0
2859631,1,1,0,0,0,0,7,2,12,0
2866740,1,1,0,0,0,0,7,2,12,0
2879173,1,0,0,1,1,0,7,2,12,0
2882222,0,1,1,0,1,0,7,2,12,0
2883584,1,1,1,1,1,0,38,2,12,0
2887672,0,1,1,0,1,0,38,2,12,0
2887911,0,0,0,0,1,0,38,2,12,0
2888602,1,0,1,0,0,0,38,2,12,0
2888717,1,0,0,1,1,0,38,2,12,0
2891687,0,0,1,1,0,0,38,2,12,0
2892934,1,1,1,1,1,0,38,2,12,0
2895127,0,0,0,0,1,0,38,2,12,0
2895267,0,0,0,0,1,0,38,2,12,0
2895759,0,0,1,1,0,0,38,2,12,0
2903073,0,0,1,1,0,0,38,2,12,0
2903342,1,0,0,1,1,0,38,2,12,0
2905700,1,0,0,1,1,0,38,2,12,0
2908446,0,1,0,1,0,0,38,2,12,0
2909741,0,0,1,1,0,0,38,2,12,0
2911919,1,1,0,0,0,0,38,2,12,0
2912198,1,0,1,0,0,0,38,2,12,0
2912717,1,1,1,1,1,0,38,2,12,0
2913276,1,0,1,0,0,0,38,2,12,0
2913614,1,0,0,0,1,1,38,2,12,0
2913813,0,0,0,0,1,0,38,2,12,0
2917955,0,0,0,0,1,0,38,2,12,0
2921367,0,0,0,0,1,0,38,2,12,0
2921891,1,0,0,1,1,0,38,2,12,0
2923863,1,1,0,0,0,0,38,2,12,0
2925865,0,1,1,0,1,0,38,2,12,0
2927210,1,1,1,1,1,0,38,2,12,0
2929287,0,0,1,1,0,0,38,2,12,0
2930912,1,1,1,1,1,0,38,2,12,0
2932821,1,0,1,0,0,0,38,2,12,0
2933484,1,1,0,0,0,0,38,2,12,0
2936618,0,1,1,0,1,0,38,2,12,0
2936765,1,0,0,1,1,0,38,2,12,0
2938687,0,0,1,0,0,0,38,2,12,0
2946002,0,1,0,1,0,0,38,2,12,0
2948872,1,1,0,1,0,0,38,2,12,0
2949398,0,1,1,1,1,1,158,2,12,0
2952112,0,1,1,0,1,0,158,2,12,0
2953092,1,0,1,0,0,0,158,2,12,0
2953238,1,1,1,1,1,0,158,2,12,0
2953923,1,0,1,0,0,0,158,2,12,0
2953942,1,0,1,0,0,0,158,2,12,0
2954135,1,1,0,0,0,0,158,2,12,0
2954427,1,1,1,1,1,0,158,2,12,0
2954915,0,0,0,0,1,0,158,2,12,0
2955893,1,0,1,0,0,0,158,2,12,0
2955964,0,0,0,0,1,0,158,2,12,0
2956685,0,0,0,0,1,0,158,2,12,0
2956730,1,1,0,0,0,0,158,2,12,0
2956936,0,1,1,0,1,0,158,2,12,0
2957209,0,1,1,0,1,0,158,2,12,0
2957951,1,1,1,1,1,0,158,2,12,0
2958360,0,0,1,1,0,0,158,2,12,0
2958569,1,0,0,1,1,0,158,2,12,0
2959738,0,1,0,1,0,0,158,2,12,0
2960025,0,0,0,0,1,0,158,2,12,0
2960097,1,1,1,1,1,0,158,2,12,0
2960900,1,1,0,0,0,0,158,2,12,0
2961684,0,1,0,1,0,0,158,2,12,0
2962431,1,0,1,0,0,0,158,2,12,0
2962531,1,0,0,1,1,0,158,2,12,0
2963295,0,0,1,1,0,0,158,2,12,0
2963366,1,0,0,1,1,0,158,2,12,0
2963602,0,1,1,0,1,0,158,2,12,0
2963759,0,0,1,1,0,0,158,2,12,0
2964324,0,0,1,1,0,0,158,2,12,0
2964440,0,0,0,0,1,0,158,2,12,0
2964538,0,0,0,0,1,0,158,2,12,0
2964740,0,1,1,0,1,0,158,2,12,0
2965052,0,0,0,0,1,0,158,2,12,0
2965076,0,0,1,1,0,0,158,2,12,0
2965135,0,1,1,1,1,1,158,2,12,0
2965178,0,0,1,1,0,0,158,2,12,0
2965335,0,0,1,1,0,0,158,2,12,0
2965406,0,0,1,1,0,0,158,2,12,0
2966756,0,1,1,0,1,0,158,2,12,0
2967192,1,0,1,0,0,0,158,2,12,0
2967821,1,0,0,1,1,0,158,2,12,0
2967889,1,1,0,0,0,0,158,2,12,0
2968063,0,0,0,0,1,0,158,2,12,0
2968850,1,1,1,1,1,0,158,2,12,0
2969153,1,0,0,1,1,0,158,2,12,0
2969265,0,1,0,1,0,0,158,2,12,0
2970695,1,1,1,1,1,0,158,2,12,0
2970804,1,1,1,1,1,0,158,2,12,0
2970849,0,0,0,0,1,0,158,2,12,0
2972593,0,0,1,1,0,0,158,2,12,0
2972783,0,0,1,1,0,0,158,2,12,0
2972878,1,0,1,0,0,0,158,2,12,0
2972948,1,1,0,0,0,0,158,2,12,0
2973064,1,1,0,0,0,0,158,2,12,0
2973507,0,1,0,1,0,0,158,2,12,0
2973529,1,0,0,1,1,0,158,2,12,0
2973835,1,0,0,1,1,0,158,2,12,0
2973910,1,0,1,0,0,0,158,2,12,0
2974166,1,0,0,1,1,0,158,2,12,0
2974649,1,0,1,0,0,0,158,2,12,0
2974881,0,0,0,0,1,0,158,2,12,0
2974885,1,1,1,1,1,0,158,2,12,0
2975024,1,1,1,1,1,0,158,2,12,0
2975662,0,0,1,1,0,0,158,2,12,0
2975784,0,0,0,0,1,0,158,2,12,0
2976007,0,1,1,0,1,0,158,2,12,0
2976082,1,0,1,0,0,0,158,2,12,0
2976162,1,0,0,1,1,0,158,2,12,0
2976221,0,0,0,0,1,0,158,2,12,0
2976298,0,0,0,0,1,0,158,2,12,0
2976390,1,0,1,0,0,0,158,2,12,0
2976402,0,1,0,1,0,0,158,2,12,0
2976732,1,0,0,1,1,0,158,2,12,0
2977260,0,1,1,0,1,0,158,2,12,0
2978013,1,1,0,0,0,0,158,2,12,0
2978565,0,1,0,1,0,0,158,2,12,0
2980624,0,1,1,0,1,0,158,2,12,0
2981054,0,1,1,0,1,0,158,2,12,0
2981272,1,1,1,1,1,0,158,2,12,0
2981566,0,1,1,0,1,0,158,2,12,0
2981874,1,0,0,1,1,0,158,2,12,0
2982238,1,0,1,0,0,0,158,2,12,0
2983429,1,0,0,1,1,0,158,2,12,0
2983522,0,0,1,1,0,0,158,2,12,0
2984154,0,0,0,0,1,0,158,2,12,0
2984341,0,0,0,0,1,0,158,2,12,0
2985579,1,0,0,1,1,0,158,2,12,0
2985726,1,0,0,1,1,0,158,2,12,0
2985749,0,1,0,1,0,0,158,2,12,0
2986898,1,1,0,0,0,0,158,2,12,0
2987348,1,0,1,0,0,0,158,2,12,0
2987517,1,0,1,0,0,0,158,2,12,0
2987682,1,1,0,0,0,0,158,2,12,0
2987819,0,1,1,0,1,0,158,2,12,0
2988997,1,0,0,1,1,0,158,2,12,0
2989337,0,1,1,0,1,0,158,2,12,0
2989764,0,0,1,1,0,0,158,2,12,0
2989942,1,0,0,1,1,0,158,2,12,0
2990056,0,0,1,1,0,0,158,2,12,0
2990487,0,1,1,1,1,1,158,2,12,0
2990693,1,0,1,0,0,0,158,2,12,0
2990801,1,0,0,1,1,0,158,2,12,0
2990965,0,0,0,0,1,0,158,2,12,0
2991051,0,0,0,1,1,1,158,2,12,0
2991222,0,1,0,1,0,0,158,2,12,0
2991340,1,1,1,1,1,0,158,2,12,0
2991755,1,0,1,0,0,0,158,2,12,0
2991811,0,0,1,0,0,0,158,2,12,0
2991816,0,1,1,0,1,0,158,2,12,0
2992140,1,1,0,1,0,0,158,2,12,0
2992718,0,0,1,1,0,0,158,2,12,0
2993164,0,1,0,1,0,0,158,2,12,0
2993232,1,0,0,1,1,0,158,2,12,0
2993665,1,1,1,1,1,0,158,2,12,0
2993854,1,1,1,1,1,0,158,2,12,0
2994377,1,0,1,0,0,0,158,2,12,0
2994626,0,1,0,1,0,0,158,2,12,0
2995232,1,0,1,0,0,0,158,2,12,0
2995385,0,1,0,1,0,0,158,2,12,0
2997438,0,1,0,1,0,0,158,2,12,0
2998084,0,0,0,0,1,0,158,2,12,0
2998265,0,0,0,0,1,0,158,2,12,0
2999079,1,1,0,0,0,0,158,2,12,0
2999290,1,0,0,1,1,0,158,2,12,0
2999676,1,1,0,0,0,0,158,2,12,0
2999842,1,1,0,0,0,0,158,2,12,0
3001659,0,0,1,0,0,0,158,2,12,0
3002433,0,0,0,0,1,0,158,2,12,0
3002724,1,0,0,1,1,0,158,2,12,0
3003009,1,1,0,0,0,0,158,2,12,0
3003377,1,1,0,0,0,0,158,2,12,0
3004628,1,1,1,0,1,1,158,2,12,0
3004663,0,0,0,0,1,0,158,2,12,0
3004678,1,0,1,0,0,0,158,2,12,0
3004831,0,1,0,1,0,0,158,2,12,0
3004965,1,0,1,0,0,0,158,2,12,0
3005320,1,0,0,1,1,0,158,2,12,0
3005674,1,1,0,0,0,0,158,2,12,0
3006758,1,0,1,0,0,0,158,2,12,0
3007569,1,0,0,1,1,0,158,2,12,0
3007609,1,0,0,1,1,0,158,2,12,0
3007624,1,1,1,1,1,0,158,2,12,0
3009129,0,0,1,1,0,0,158,2,12,0
3009840,1,1,1,1,1,0,158,2,12,0
3009927,1,0,0,1,1,0,158,2,12,0
3011134,1,1,0,0,0,0,158,2,12,0
3011193,1,1,1,1,1,0,158,2,12,0
3011334,0,0,0,0,1,0,158,2,12,0
3012016,0,0,1,1,0,0,158,2,12,0
3012082,1,0,1,0,0,0,158,2,12,0
3012750,0,0,0,0,1,0,158,2,12,0
3012758,0,0,0,0,1,0,158,2,12,0
3013631,1,0,0,1,1,0,158,2,12,0
3013667,0,0,1,1,0,0,158,2,12,0
3013889,1,1,1,1,1,0,158,2,12,0
3019018,0,1,0,1,0,0,9,2,12,0
3025548,1,0,0,1,1,0,9,2,12,0
3042963,0,1,0,1,0,0,9,2,12,0
3044691,0,0,0,0,1,0,9,2,12,0
3080107,1,1,0,0,0,0,9,2,12,0
3080636,1,0,1,0,0,0,100,2,12,0
3080984,1,0,0,1,1,0,100,2,12,0
3081899,0,1,0,1,0,0,100,2,12,0
3082996,0,0,0,0,1,0,100,2,12,0
3084914,1,1,1,1,1,0,100,2,12,0
3086178,0,1,1,0,1,0,100,2,12,0
3087929,0,1,1,0,1,0,100,2,12,0
3088121,0,1,0,1,0,0,100,2,12,0
3088175,0,1,1,0,1,0,100,2,12,0
3089241,1,0,0,1,1,0,100,2,12,0
3089424,1,0,1,0,0,0,100,2,12,0
3091793,0,1,0,0,0,0,100,2,12,0
3092065,1,0,0,1,1,0,100,2,12,0
3092694,1,1,1,1,1,0,100,2,12,0
3093397,1,1,0,0,0,0,100,2,12,0
3093615,0,0,0,0,1,0,100,2,12,0
3095303,0,1,1,0,1,0,100,2,12,0
3095503,0,0,0,0,1,0,100,2,12,0
3096926,1,0,0,1,1,0,100,2,12,0
3097288,0,1,1,0,1,0,100,2,12,0
3098248,1,0,0,1,1,0,100,2,12,0
3098586,0,1,0,1,0,0,100,2,12,0
3098869,0,1,1,0,1,0,100,2,12,0
3099546,0,0,1,1,0,0,100,2,12,0
3101158,0,0,1,0,0,0,100,2,12,0
3103742,1,1,1,1,1,0,100,2,12,0
3105008,1,1,1,1,1,0,100,2,12,0
3105103,0,1,0,1,0,0,100,2,12,0
3106181,0,1,0,1,0,0,100,2,12,0
3106485,1,0,0,1,1,0,100,2,12,0
3107048,1,1,1,1,1,0,100,2,12,0
3107203,0,0,0,0,1,0,100,2,12,0
3107243,0,1,0,1,0,0,100,2,12,0
3107434,1,1,0,0,0,0,100,2,12,0
3107435,0,1,1,0,1,0,100,2,12,0
3109456,1,1,1,1,1,0,100,2,12,0
3109691,0,0,0,0,1,0,100,2,12,0
3110979,1,0,0,1,1,0,100,2,12,0
3112327,1,1,0,0,0,0,100,2,12,0
3112592,1,0,0,1,1,0,100,2,12,0
3112871,1,1,0,0,0,0,100,2,12,0
3113174,0,0,0,0,1,0,100,2,12,0
3113253,1,0,0,1,1,0,100,2,12,0
3114965,1,0,0,1,1,0,100,2,12,0
3115445,0,1,0,1,0,0,100,2,12,0
3115615,0,0,0,0,1,0,100,2,12,0
3116764,0,1,0,1,0,0,100,2,12,0
3117279,0,1,0,1,0,0,100,2,12,0
3117589,1,1,1,1,1,0,100,2,12,0
3118089,0,0,0,0,1,0,100,2,12,0
3118384,0,0,1,1,0,0,100,2,12,0
3118391,1,1,0,0,0,0,100,2,12,0
3119933,1,1,1,1,1,0,100,2,12,0
3121268,1,0,1,0,0,0,100,2,12,0
3121834,0,1,0,1,0,0,100,2,12,0
3121883,0,1,0,1,0,0,100,2,12,0
3121943,1,1,0,0,0,0,100,2,12,0
3124517,1,1,1,1,1,0,100,2,12,0
3124777,0,1,0,1,0,0,100,2,12,0
3124821,1,1,0,0,0,0,100,2,12,0
3126616,1,0,0,1,1,0,100,2,12,0
3126871,1,1,0,0,0,0,100,2,12,0
3126925,0,0,0,0,1,0,100,2,12,0
3126948,1,0,0,1,1,0,100,2,12,0
3127510,1,0,1,0,0,0,100,2,12,0
3127885,0,1,0,1,0,0,100,2,12,0
3128129,1,0,0,1,1,0,100,2,12,0
3128427,0,0,0,0,1,0,100,2,12,0
3129230,0,0,0,0,1,0,100,2,12,0
3129728,0,0,1,1,0,0,100,2,12,0
3130950,1,0,0,1,1,0,100,2,12,0
3132660,1,1,1,1,1,0,100,2,12,0
3134905,1,1,1,1,1,0,100,2,12,0
3135431,0,0,0,0,1,0,100,2,12,0
3136058,1,0,0,1,1,0,100,2,12,0
3136306,0,0,1,1,0,0,100,2,12,0
3136484,0,1,1,0,1,0,100,2,12,0
3136914,0,0,1,1,0,0,100,2,12,0
3137113,0,1,1,0,1,0,100,2,12,0
3137391,1,0,0,1,1,0,100,2,12,0
3137424,1,0,0,1,1,0,100,2,12,0
3139040,1,1,1,1,1,0,100,2,12,0
3140833,1,1,0,0,0,0,100,2,12,0
3141286,1,1,0,0,0,0,100,2,12,0
3141537,0,0,0,0,1,0,100,2,12,0
3141547,1,1,0,0,0,0,100,2,12,0
3142714,0,0,0,0,1,0,100,2,12,0
3144151,1,0,0,1,1,0,100,2,12,0
3145014,1,1,1,1,1,0,100,2,12,0
3145894,0,0,1,1,0,0,124,2,12,0
3145997,1,0,1,0,0,0,124,2,12,0
3146376,0,0,1,1,0,0,124,2,12,0
3147438,1,1,1,0,1,1,124,2,12,0
3147559,0,1,0,1,0,0,124,2,12,0
3147881,1,1,1,1,1,0,124,2,12,0
3148872,1,0,0,1,1,0,124,2,12,0
3148894,1,1,0,0,0,0,124,2,12,0
3149659,0,1,0,1,0,0,124,2,12,0
3149886,0,1,1,0,1,0,124,2,12,0
3150790,1,1,1,1,1,0,124,2,12,0
3151156,1,1,1,1,1,0,124,2,12,0
3151206,0,1,0,1,0,0,124,2,12,0
3151997,0,1,0,1,0,0,124,2,12,0
3152020,0,1,0,1,0,0,124,2,12,0
3152062,0,1,0,1,0,0,124,2,12,0
3152914,1,1,0,0,0,0,124,2,12,0
3153192,0,0,0,0,1,0,124,2,12,0
3153349,1,0,0,1,1,0,124,2,12,0
3153754,1,0,0,1,1,0,124,2,12,0
3153928,0,1,1,0,1,0,124,2,12,0
3153931,0,1,0,1,0,0,124,2,12,0
3154052,0,1,0,1,0,0,124,2,12,0
3154448,1,0,1,0,0,0,124,2,12,0
3154873,0,1,1,0,1,0,124,2,12,0
3155991,0,1,0,1,0,0,124,2,12,0
3156507,0,1,0,1,0,0,124,2,12,0
3157188,0,1,0,1,0,0,124,2,12,0
3157744,0,1,1,0,1,0,124,2,12,0
3158256,0,0,1,1,0,0,124,2,12,0
3158269,0,0,1,1,0,0,124,2,12,0
3159491,0,0,0,0,1,0,124,2,12,0
3159508,0,0,0,0,1,0,124,2,12,0
3159946,1,1,1,1,1,0,124,2,12,0
3160369,0,0,1,1,0,0,124,2,12,0
3160496,0,0,0,0,1,0,124,2,12,0
3160638,1,1,1,1,1,0,124,2,12,0
3161101,0,0,0,0,1,0,124,2,12,0
3162191,0,1,1,0,1,0,124,2,12,0
3162689,0,1,1,0,1,0,124,2,12,0
3162823,0,1,0,1,0,0,124,2,12,0
3164510,0,1,1,0,1,0,124,2,12,0
3165560,1,1,1,1,1,0,124,2,12,0
3165605,0,1,1,0,1,0,124,2,12,0
3166091,0,0,1,1,0,0,124,2,12,0
3166152,1,1,0,0,0,0,124,2,12,0
3166292,0,1,0,1,0,0,124,2,12,0
3167015,0,0,0,0,1,0,124,2,12,0
3167075,0,1,1,0,1,0,124,2,12,0
3167160,0,0,1,1,0,0,124,2,12,0
3167935,0,0,1,0,0,0,124,2,12,0
3169636,0,0,0,0,1,0,124,2,12,0
3169904,1,1,0,0,0,0,124,2,12,0
3170147,0,0,0,0,1,0,124,2,12,0
3171459,0,1,1,0,1,0,124,2,12,0
3171576,1,1,1,1,1,0,124,2,12,0
3172245,0,0,0,0,1,0,124,2,12,0
3173975,0,0,0,1,1,1,124,2,12,0
3175366,1,0,0,1,1,0,124,2,12,0
3176452,1,0,1,0,0,0,124,2,12,0
3176701,0,0,1,1,0,0,124,2,12,0
3176735,0,1,0,1,0,0,124,2,12,0
3176824,0,1,1,0,1,0,124,2,12,0
3177351,0,1,0,1,0,0,124,2,12,0
3178092,1,1,0,0,0,0,124,2,12,0
3178270,0,0,0,0,1,0,124,2,12,0
3178418,0,0,1,1,0,0,124,2,12,0
3178727,1,0,0,1,1,0,124,2,12,0
3178971,0,0,1,1,0,0,124,2,12,0
3180169,1,0,0,1,1,0,124,2,12,0
3180697,1,1,1,1,1,0,124,2,12,0
3181030,1,1,1,0,1,1,124,2,12,0
3182300,0,0,0,0,1,0,124,2,12,0
3182312,0,1,1,1,1,1,124,2,12,0
3182633,1,0,1,0,0,0,124,2,12,0
3182676,1,1,0,0,0,0,124,2,12,0
3183594,1,1,0,0,0,0,124,2,12,0
3183617,0,0,1,1,0,0,124,2,12,0
3185845,0,0,1,1,0,0,124,2,12,0
3187453,0,0,0,0,1,0,124,2,12,0
3188133,0,1,0,1,0,0,124,2,12,0
3188727,0,0,1,1,0,0,124,2,12,0
3189612,1,1,1,1,1,0,124,2,12,0
3190186,1,1,0,0,0,0,124,2,12,0
3190434,1,0,1,0,0,0,124,2,12,0
3190616,1,1,1,1,1,0,124,2,12,0
3192566,1,0,1,1,0,0,124,2,12,0
3193132,1,1,0,0,0,0,124,2,12,0
3193403,0,0,1,1,0,0,124,2,12,0
3193831,1,0,0,1,1,0,124,2,12,0
3193880,1,1,0,0,0,0,124,2,12,0
3194193,0,0,1,1,0,0,124,2,12,0
3194734,1,1,1,1,1,0,124,2,12,0
3194968,0,0,1,1,0,0,124,2,12,0
3194977,0,0,1,1,0,0,124,2,12,0
3195308,1,1,0,0,0,0,124,2,12,0
3195518,0,0,1,1,0,0,124,2,12,0
3195840,1,1,0,0,0,0,124,2,12,0
3196451,0,0,1,1,0,0,124,2,12,0
3196642,1,0,1,0,0,0,124,2,12,0
3197887,1,1,1,0,1,1,124,2,12,0
3198224,1,0,1,0,0,0,124,2,12,0
3200433,1,0,1,1,0,0,124,2,12,0
3200733,1,1,1,1,1,0,124,2,12,0
3200828,0,1,0,1,0,0,124,2,12,0
3200916,1,0,0,1,1,0,124,2,12,0
3202560,0,1,0,0,0,0,124,2,12,0
3203407,0,0,1,1,0,0,124,2,12,0
3203806,0,1,1,0,1,0,124,2,12,0
3203918,0,1,1,0,1,0,124,2,12,0
3204053,1,1,0,0,0,0,124,2,12,0
3204061,1,0,1,0,0,0,124,2,12,0
3204094,1,0,0,1,1,0,124,2,12,0
3204294,0,0,1,1,0,0,124,2,12,0
3204828,0,1,0,1,0,0,124,2,12,0
3205471,0,0,0,0,1,0,124,2,12,0
3205965,1,1,0,0,0,0,124,2,12,0
3206150,1,0,1,0,0,0,124,2,12,0
3206492,1,0,0,0,1,1,124,2,12,0
3207295,0,0,1,1,0,0,124,2,12,0
3207474,0,1,1,0,1,0,124,2,12,0
3208123,0,1,0,1,0,0,124,2,12,0
3208937,0,0,1,1,0,0,124,2,12,0
3209350,1,0,1,0,0,0,124,2,12,0
3210336,1,0,0,1,1,0,124,2,12,0
3210848,1,1,0,0,0,0,124,2,12,0
3212079,0,0,0,0,1,0,43,2,12,0
3212690,0,1,0,1,0,0,43,2,12,0
3213030,1,0,1,0,0,0,43,2,12,0
3213448,1,0,0,0,1,1,43,2,12,0
3214510,0,0,1,1,0,0,43,2,12,0
3219006,0,0,0,0,1,0,43,2,12,0
3220739,1,1,1,1,1,0,43,2,12,0
3221352,1,1,0,0,0,0,43,2,12,0
3223177,0,0,0,0,1,0,43,2,12,0
3225950,0,0,1,1,0,0,43,2,12,0
3226472,1,1,1,1,1,0,43,2,12,0
3230625,0,1,1,0,1,0,43,2,12,0
3230944,0,0,0,0,1,0,43,2,12,0
3232149,1,1,1,1,1,0,43,2,12,0
3232930,1,1,0,0,0,0,43,2,12,0
3233405,0,1,1,0,1,0,43,2,12,0
3233494,1,0,0,1,1,0,43,2,12,0
3235007,0,1,0,1,0,0,43,2,12,0
3236326,0,1,1,0,1,0,43,2,12,0
3236440,1,0,0,1,1,0,43,2,12,0
3236645,0,0,1,1,0,0,43,2,12,0
3237063,1,1,0,1,0,0,43,2,12,0
3237650,1,0,1,0,0,0,43,2,12,0
3237895,1,1,0,0,0,0,43,2,12,0
3239238,0,0,1,1,0,0,43,2,12,0
3240266,1,0,1,0,0,0,43,2,12,0
3242834,1,0,1,0,0,0,43,2,12,0
3243614,1,0,1,0,0,0,43,2,12,0
3244279,0,1,1,0,1,0,43,2,12,0
3244326,0,0,1,1,0,0,43,2,12,0
3248184,0,0,1,1,0,0,43,2,12,0
3249046,1,0,0,1,1,0,43,2,12,0
3249117,0,0,0,0,1,0,43,2,12,0
3249334,1,1,0,0,0,0,43,2,12,0
3251494,1,1,1,1,1,0,43,2,12,0
3254075,0,1,0,1,0,0,43,2,12,0
3254737,0,0,1,1,0,0,43,2,12,0
3258905,0,0,0,0,1,0,43,2,12,0
3258991,0,0,1,1,0,0,43,2,12,0
3259082,1,1,1,1,1,0,43,2,12,0
3260476,0,0,1,1,0,0,43,2,12,0
3260835,1,1,0,0,0,0,43,2,12,0
3261844,0,1,0,1,0,0,43,2,12,0
3262248,0,0,1,1,0,0,43,2,12,0
3268397,1,1,1,1,1,0,43,2,12,0
3268862,1,0,1,0,0,0,43,2,12,0
3269400,0,0,0,0,1,0,43,2,12,0
3275925,1,0,1,0,0,0,43,2,12,0
3276759,1,1,0,0,0,0,43,2,12,0
3276784,0,0,0,0,1,0,43,2,12,0
3277241,0,0,1,1,0,0,255,2,12,0
3277357,0,0,0,0,1,0,255,2,12,0
3277574,1,1,1,0,1,1,255,2,12,0
3277629,1,0,0,1,1,0,255,2,12,0
3277667,1,0,1,0,0,0,255,2,12,0
3277767,0,1,1,0,1,0,255,2,12,0
3277851,0,1,0,1,0,0,255,2,12,0
3277903,1,0,0,1,1,0,255,2,12,0
3277921,0,1,1,0,1,0,255,2,12,0
3277933,0,0,0,0,1,0,255,2,12,0
3277998,0,1,0,1,0,0,255,2,12,0
3278016,0,0,0,0,1,0,255,2,12,0
3278099,0,1,0,1,0,0,255,2,12,0
3278342,1,0,0,1,1,0,255,2,12,0
3278360,0,1,1,0,1,0,255,2,12,0
3278688,0,1,1,0,1,0,255,2,12,0
3278781,0,1,0,0,0,0,255,2,12,0
3279113,1,0,0,1,1,0,255,2,12,0
3279308,0,1,1,0,1,0,255,2,12,0
3279352,1,1,1,1,1,0,255,2,12,0
3280176,0,1,0,1,0,0,255,2,12,0
3280183,0,0,0,0,1,0,255,2,12,0
3280218,0,1,0,1,0,0,255,2,12,0
3280570,0,1,1,0,1,0,255,2,12,0
3280839,0,0,0,0,1,0,255,2,12,0
3280875,0,0,0,0,1,0,255,2,12,0
3280930,1,1,0,0,0,0,255,2,12,0
3281209,1,0,0,1,1,0,255,2,12,0
3281908,0,1,0,1,0,0,255,2,12,0
3281937,0,0,1,1,0,0,255,2,12,0
3282016,1,1,0,0,0,0,255,2,12,0
3282193,0,0,1,1,0,0,255,2,12,0
3282264,1,0,0,1,1,0,255,2,12,0
3282549,1,0,0,1,1,0,255,2,12,0
3282589,0,1,0,1,0,0,255,2,12,0
3282998,1,0,1,0,0,0,255,2,12,0
3283018,1,0,0,1,1,0,255,2,12,0
3283249,0,1,0,0,0,0,255,2,12,0
3283328,1,1,0,0,0,0,255,2,12,0
3283383,1,1,0,0,0,0,255,2,12,0
3283518,0,1,1,0,1,0,255,2,12,0
3283747,1,1,1,1,1,0,255,2,12,0
3283841,0,0,0,0,1,0,255,2,12,0
3284044,1,0,1,0,0,0,255,2,12,0
3284191,1,0,0,1,1,0,255,2,12,0
3284635,1,1,1,1,1,0,255,2,12,0
3284685,1,1,1,1,1,0,255,2,12,0
3284953,1,0,1,0,0,0,255,2,12,0
3285018,0,0,1,1,0,0,255,2,12,0
3285204,1,1,1,1,1,0,255,2,12,0
3285414,0,0,0,0,1,0,255,2,12,0
3285472,1,1,1,1,1,0,255,2,12,0
3285494,0,1,1,0,1,0,255,2,12,0
3285625,1,1,0,0,0,0,255,2,12,0
3285642,0,0,0,0,1,0,255,2,12,0
3286152,0,0,0,0,1,0,255,2,12,0
3286324,1,1,1,1,1,0,255,2,12,0
3286671,1,1,0,0,0,0,255,2,12,0
3286778,0,0,1,1,0,0,255,2,12,0
3287006,1,1,0,0,0,0,255,2,12,0
3287012,1,0,0,1,1,0,255,2,12,0
3287045,0,0,0,0,1,0,255,2,12,0
3287126,0,0,0,0,1,0,255,2,12,0
3287418,1,1,0,0,0,0,255,2,12,0
3287766,1,1,1,1,1,0,255,2,12,0
3287840,0,1,0,1,0,0,255,2,12,0
3288390,0,0,1,1,0,0,255,2,12,0
3288396,1,0,1,0,0,0,255,2,12,0
3288623,0,0,0,1,1,1,255,2,12,0
3288743,1,1,1,1,1,0,255,2,12,0
3288786,0,1,1,0,1,0,255,2,12,0
3288873,0,1,1,0,1,0,255,2,12,0
3289049,0,0,0,0,1,0,255,2,12,0
3289362,0,0,0,0,1,0,255,2,12,0
3289428,1,1,1,1,1,0,255,2,12,0
3289485,0,1,0,1,0,0,255,2,12,0
3290248,0,1,0,1,0,0,255,2,12,0
3290304,1,0,0,1,1,0,255,2,12,0
3290395,0,1,1,0,1,0,255,2,12,0
3290732,1,1,1,1,1,0,255,2,12,0
3291067,0,0,1,1,0,0,255,2,12,0
3291079,0,1,1,0,1,0,255,2,12,0
3291448,0,1,1,0,1,0,255,2,12,0
3291521,1,0,1,0,0,0,255,2,12,0
3291576,1,0,1,0,0,0,255,2,12,0
3292204,1,0,1,0,0,0,255,2,12,0
3292419,0,0,0,0,1,0,255,2,12,0
3292498,0,1,1,0,1,0,255,2,12,0
3292781,1,0,1,0,0,0,255,2,12,0
3293108,1,0,0,1,1,0,255,2,12,0
3293340,1,0,1,0,0,0,255,2,12,0
3293653,0,0,1,1,0,0,255,2,12,0
3293734,1,1,1,1,1,0,255,2,12,0
3293761,0,1,1,0,1,0,255,2,12,0
3293799,0,0,0,0,1,0,255,2,12,0
3293924,1,1,1,1,1,0,255,2,12,0
3294516,1,1,0,1,0,0,255,2,12,0
3294521,1,1,1,0,1,1,255,2,12,0
3294750,0,0,1,1,0,0,255,2,12,0
3294959,1,0,0,1,1,0,255,2,12,0
3295073,0,1,1,0,1,0,255,2,12,0
3295188,0,0,0,0,1,0,255,2,12,0
3295201,1,0,0,1,1,0,255,2,12,0
3295317,0,0,1,1,0,0,255,2,12,0
3295492,1,1,0,0,0,0,255,2,12,0
3295613,0,0,0,0,1,0,255,2,12,0
3295673,1,0,0,0,1,1,255,2,12,0
3295866,1,0,1,0,0,0,255,2,12,0
3296119,1,0,1,0,0,0,255,2,12,0
3296149,0,0,0,0,1,0,255,2,12,0
3296231,0,0,1,1,0,0,255,2,12,0
3296263,0,1,1,0,1,0,255,2,12,0
3296582,1,0,0,1,1,0,255,2,12,0
3296750,1,0,0,1,1,0,255,2,12,0
3296897,0,0,0,0,1,0,255,2,12,0
3296999,1,1,1,1,1,0,255,2,12,0
3297062,1,1,0,0,0,0,255,2,12,0
3297291,1,0,1,0,0,0,255,2,12,0
3297435,0,0,0,0,1,0,255,2,12,0
3297537,0,0,1,1,0,0,255,2,12,0
3297622,1,0,1,0,0,0,255,2,12,0
3297630,1,1,1,1,1,0,255,2,12,0
3298045,0,0,1,1,0,0,255,2,12,0
3298173,0,0,1,0,0,0,255,2,12,0
3298276,1,0,1,0,0,0,255,2,12,0
3298473,1,1,0,0,0,0,255,2,12,0
3298494,1,0,0,1,1,0,255,2,12,0
3298521,1,1,0,0,0,0,255,2,12,0
3298610,1,0,0,1,1,0,255,2,12,0
3299085,0,1,0,1,0,0,255,2,12,0
3299229,0,0,1,1,0,0,255,2,12,0
3299355,1,0,1,0,0,0,255,2,12,0
3299457,1,1,1,1,1,0,255,2,12,0
3299608,0,1,1,0,1,0,255,2,12,0
3299925,0,0,1,1,0,0,255,2,12,0
3300273,0,0,1,1,0,0,255,2,12,0
3300617,0,0,0,0,1,0,255,2,12,0
3300792,0,1,0,1,0,0,255,2,12,0
3300814,0,0,1,1,0,0,255,2,12,0
3300852,0,1,1,0,1,0,255,2,12,0
3300986,1,0,0,1,1,0,255,2,12,0
3301128,1,1,1,1,1,0,255,2,12,0
3301299,1,1,0,0,0,0,255,2,12,0
3301387,0,0,1,1,0,0,255,2,12,0
3301450,0,0,0,0,1,0,255,2,12,0
3301720,1,0,0,1,1,0,255,2,12,0
3301969,1,1,1,1,1,0,255,2,12,0
3302012,0,1,1,0,1,0,255,2,12,0
3302168,0,0,1,1,0,0,255,2,12,0
3302475,1,1,1,1,1,0,255,2,12,0
3302520,1,1,1,1,1,0,255,2,12,0
3302643,0,1,1,0,1,0,255,2,12,0
3303087,1,1,0,0,0,0,255,2,12,0
3303160,0,0,1,1,0,0,255,2,12,0
3303194,1,0,0,1,1,0,255,2,12,0
3304068,0,1,1,0,1,0,255,2,12,0
3304359,0,1,0,1,0,0,255,2,12,0
3304408,1,1,1,1,1,0,255,2,12,0
3304429,1,1,0,0,0,0,255,2,12,0
3304550,0,0,1,1,0,0,255,2,12,0
3304643,0,1,1,0,1,0,255,2,12,0
3304689,0,1,1,0,1,0,255,2,12,0
3304922,1,1,0,0,0,0,255,2,12,0
3305181,1,0,1,0,0,0,255,2,12,0
3305186,1,0,1,0,0,0,255,2,12,0
3305867,0,0,1,1,0,0,255,2,12,0
3305906,1,1,0,0,0,0,255,2,12,0
3306138,0,1,0,1,0,0,255,2,12,0
3306216,1,0,0,1,1,0,255,2,12,0
3306256,0,0,1,1,0,0,255,2,12,0
3306380,1,1,0,0,0,0,255,2,12,0
3306560,0,1,0,1,0,0,255,2,12,0
3306641,0,0,1,1,0,0,255,2,12,0
3306769,1,0,1,0,0,0,255,2,12,0
3306867,1,0,0,1,1,0,255,2,12,0
3307089,0,1,0,1,0,0,255,2,12,0
3307228,0,1,0,1,0,0,255,2,12,0
3307255,1,1,1,1,1,0,255,2,12,0
3307431,0,1,0,1,0,0,255,2,12,0
3307452,0,0,1,1,0,0,255,2,12,0
3307699,0,1,0,1,0,0,255,2,12,0
3307957,1,1,1,1,1,0,255,2,12,0
3307982,1,1,1,1,1,0,255,2,12,0
3308016,1,0,0,1,1,0,255,2,12,0
3308041,1,0,1,0,0,0,255,2,12,0
3308086,0,1,0,1,0,0,255,2,12,0
3308378,1,1,1,1,1,0,255,2,12,0
3308513,1,1,0,0,0,0,255,2,12,0
3308522,1,1,0,0,0,0,255,2,12,0
3308524,1,0,1,0,0,0,255,2,12,0
3308603,0,0,1,1,0,0,255,2,12,0
3308794,1,0,0,1,1,0,255,2,12,0
3309219,0,1,1,0,1,0,255,2,12,0
3309624,0,0,0,0,1,0,255,2,12,0
3309847,0,0,0,0,1,0,255,2,12,0
3309863,1,0,0,1,1,0,255,2,12,0
3310170,1,0,0,1,1,0,255,2,12,0
3310183,1,0,1,0,0,0,255,2,12,0
3310274,1,1,0,0,0,0,255,2,12,0
3310335,1,0,0,1,1,0,255,2,12,0
3310412,1,0,0,1,1,0,255,2,12,0
3310542,0,0,1,1,0,0,255,2,12,0
3311212,0,0,1,1,0,0,255,2,12,0
3311437,0,0,0,0,1,0,255,2,12,0
3311538,1,1,1,1,1,0,255,2,12,0
3311563,1,1,0,0,0,0,255,2,12,0
3311658,0,1,1,0,1,0,255,2,12,0
3311849,1,1,0,0,0,0,255,2,12,0
3312034,0,0,0,0,1,0,255,2,12,0
3312049,0,1,0,1,0,0,255,2,12,0
3312094,1,1,0,0,0,0,255,2,12,0
3312216,0,0,1,1,0,0,255,2,12,0
3312478,1,1,1,1,1,0,255,2,12,0
3312479,1,0,1,0,0,0,255,2,12,0
3312694,1,0,1,0,0,0,255,2,12,0
3312977,1,0,1,0,0,0,255,2,12,0
3313118,1,0,1,0,0,0,255,2,12,0
3313186,1,0,0,1,1,0,255,2,12,0
3313858,0,1,0,1,0,0,255,2,12,0
3313891,0,1,1,0,1,0,255,2,12,0
3314149,1,1,1,1,1,0,255,2,12,0
3314261,1,0,0,1,1,0,255,2,12,0
3314301,1,1,1,1,1,0,255,2,12,0
3314460,0,0,0,0,1,0,255,2,12,0
3314606,1,0,0,1,1,0,255,2,12,0
3314779,1,1,0,0,0,0,255,2,12,0
3314955,0,0,0,0,1,0,255,2,12,0
3315486,0,0,1,1,0,0,255,2,12,0
3315543,0,0,1,1,0,0,255,2,12,0
3315783,1,1,0,0,0,0,255,2,12,0
3315904,0,1,0,1,0,0,255,2,12,0
3315914,0,0,1,1,0,0,255,2,12,0
3316292,1,0,1,0,0,0,255,2,12,0
3316334,1,1,0,0,0,0,255,2,12,0
3316639,0,0,1,1,0,0,255,2,12,0
3316689,1,0,0,1,1,0,255,2,12,0
3316880,0,0,1,0,0,0,255,2,12,0
3316952,1,0,0,1,1,0,255,2,12,0
3317093,0,0,0,0,1,0,255,2,12,0
3317504,1,1,1,1,1,0,255,2,12,0
3317595,1,0,1,0,0,0,255,2,12,0
3317669,0,0,0,0,1,0,255,2,12,0
3318428,1,1,1,1,1,0,255,2,12,0
3318478,1,0,0,1,1,0,255,2,12,0
3318650,0,0,0,1,1,1,255,2,12,0
3318805,0,1,1,0,1,0,255,2,12,0
3318808,1,1,0,0,0,0,255,2,12,0
3318880,1,1,1,1,1,0,255,2,12,0
3318978,0,1,1,0,1,0,255,2,12,0
3319144,0,1,1,0,1,0,255,2,12,0
3319232,1,1,0,0,0,0,255,2,12,0
3319293,0,1,1,0,1,0,255,2,12,0
3319352,0,1,1,0,1,0,255,2,12,0
3319366,0,0,1,1,0,0,255,2,12,0
3319470,1,0,0,1,1,0,255,2,12,0
3319530,0,0,1,1,0,0,255,2,12,0
3319682,0,1,0,1,0,0,255,2,12,0
3319712,0,1,1,0,1,0,255,2,12,0
3319783,1,1,0,0,0,0,255,2,12,0
3319943,0,1,0,1,0,0,255,2,12,0
3319976,1,0,1,0,0,0,255,2,12,0
3320120,1,1,0,0,0,0,255,2,12,0
3320173,1,1,1,1,1,0,255,2,12,0
3320362,1,1,1,0,1,1,255,2,12,0
3320657,1,1,0,0,0,0,255,2,12,0
3321044,0,0,0,0,1,0,255,2,12,0
3321085,0,1,1,0,1,0,255,2,12,0
3321147,0,1,0,1,0,0,255,2,12,0
3321310,0,0,0,0,1,0,255,2,12,0
3321383,0,0,0,0,1,0,255,2,12,0
3321457,0,1,0,1,0,0,255,2,12,0
3321672,1,1,1,1,1,0,255,2,12,0
3321683,1,1,1,1,1,0,255,2,12,0
3321744,1,0,1,0,0,0,255,2,12,0
3322391,1,0,1,0,0,0,255,2,12,0
3322525,0,1,0,1,0,0,255,2,12,0
3322709,0,0,1,1,0,0,255,2,12,0
3322838,1,0,1,0,0,0,255,2,12,0
3323062,0,1,1,0,1,0,255,2,12,0
3323070,1,0,0,1,1,0,255,2,12,0
3323170,1,0,1,0,0,0,255,2,12,0
3323241,1,1,0,0,0,0,255,2,12,0
3323274,1,1,0,0,0,0,255,2,12,0
3323443,0,0,0,0,1,0,255,2,12,0
3323901,1,0,0,1,1,0,255,2,12,0
3323985,1,0,0,1,1,0,255,2,12,0
3324039,1,1,0,0,0,0,255,2,12,0
3324040,0,0,1,1,0,0,255,2,12,0
3324116,0,1,1,0,1,0,255,2,12,0
3324524,1,0,0,1,1,0,255,2,12,0
3324534,0,0,1,1,0,0,255,2,12,0
3324617,1,0,0,1,1,0,255,2,12,0
3324660,0,1,1,0,1,0,255,2,12,0
3324742,1,0,0,1,1,0,255,2,12,0
3324777,0,0,1,1,0,0,255,2,12,0
3324829,1,1,1,1,1,0,255,2,12,0
3325021,1,1,0,0,0,0,255,2,12,0
3325125,1,0,1,0,0,0,255,2,12,0
3325167,0,0,0,0,1,0,255,2,12,0
3325772,1,1,1,1,1,0,255,2,12,0
3325879,0,0,0,0,1,0,255,2,12,0
3326073,1,1,0,0,0,0,255,2,12,0
3326735,1,0,1,0,0,0,255,2,12,0
3326818,1,1,1,1,1,0,255,2,12,0
3326844,1,0,1,0,0,0,255,2,12,0
3326956,1,1,1,1,1,0,255,2,12,0
3327070,0,1,0,1,0,0,255,2,12,0
3327360,1,1,1,1,1,0,255,2,12,0
3327437,1,1,1,1,1,0,255,2,12,0
3327926,1,0,1,0,0,0,255,2,12,0
3328029,0,0,1,1,0,0,255,2,12,0
3328297,1,0,1,0,0,0,255,2,12,0
3328410,1,1,0,0,0,0,255,2,12,0
3328579,0,0,0,0,1,0,255,2,12,0
3329049,1,1,0,0,0,0,255,2,12,0
3329086,0,1,1,0,1,0,255,2,12,0
3329129,1,0,0,1,1,0,255,2,12,0
3329449,1,1,1,1,1,0,255,2,12,0
3329556,0,0,0,0,1,0,255,2,12,0
3329639,0,0,1,1,0,0,255,2,12,0
3329721,1,0,0,1,1,0,255,2,12,0
3329964,0,1,1,0,1,0,255,2,12,0
3330001,0,0,1,1,0,0,255,2,12,0
3330314,0,1,0,1,0,0,255,2,12,0
3330382,1,1,0,1,0,0,255,2,12,0
3330578,0,0,0,0,1,0,255,2,12,0
3330758,0,0,1,0,0,0,255,2,12,0
3330998,0,1,1,0,1,0,255,2,12,0
3331065,1,0,1,0,0,0,255,2,12,0
3331164,1,1,0,0,0,0,255,2,12,0
3331333,0,1,1,1,1,1,255,2,12,0
3331630,1,0,1,0,0,0,255,2,12,0
3331659,0,0,1,1,0,0,255,2,12,0
3331709,0,1,1,0,1,0,255,2,12,0
3331848,1,0,0,1,1,0,255,2,12,0
3332255,1,1,1,1,1,0,255,2,12,0
3332274,0,1,0,1,0,0,255,2,12,0
3332543,1,1,1,1,1,0,255,2,12,0
3332609,0,0,1,1,0,0,255,2,12,0
3332668,0,1,1,0,1,0,255,2,12,0
3332777,1,0,0,1,1,0,255,2,12,0
3333034,1,1,1,1,1,0,255,2,12,0
3333057,0,0,0,0,1,0,255,2,12,0
3333392,0,1,1,0,1,0,255,2,12,0
3333422,1,0,1,0,0,0,255,2,12,0
3333669,1,1,0,0,0,0,255,2,12,0
3333698,1,0,0,1,1,0,255,2,12,0
3333701,1,1,1,1,1,0,255,2,12,0
3333756,1,1,1,1,1,0,255,2,12,0
3333781,0,1,1,0,1,0,255,2,12,0
3334242,0,1,0,1,0,0,255,2,12,0
3334352,0,0,0,0,1,0,255,2,12,0
3334476,0,0,0,0,1,0,255,2,12,0
3334527,1,0,0,1,1,0,255,2,12,0
3334671,0,0,1,1,0,0,255,2,12,0
3334848,0,0,1,1,0,0,255,2,12,0
3334981,0,1,1,0,1,0,255,2,12,0
3335265,1,1,1,1,1,0,255,2,12,0
3335328,1,1,1,1,1,0,255,2,12,0
3335373,1,0,1,0,0,0,255,2,12,0
3335378,1,0,0,1,1,0,255,2,12,0
3335416,0,1,0,1,0,0,255,2,12,0
3335431,1,0,1,0,0,0,255,2,12,0
3335765,0,1,0,1,0,0,255,2,12,0
3336068,0,1,0,1,0,0,255,2,12,0
3336522,1,0,1,0,0,0,255,2,12,0
3336570,0,1,0,1,0,0,255,2,12,0
3336631,0,0,0,0,1,0,255,2,12,0
3336732,1,1,1,1,1,0,255,2,12,0
3336811,1,0,1,0,0,0,255,2,12,0
3337034,1,0,1,0,0,0,255,2,12,0
3337349,1,1,1,1,1,0,255,2,12,0
3337631,1,0,0,1,1,0,255,2,12,0
3337711,0,0,0,0,1,0,255,2,12,0
3337730,1,1,0,0,0,0,255,2,12,0
3337774,1,1,0,0,0,0,255,2,12,0
3338062,1,1,0,0,0,0,255,2,12,0
3338193,1,1,0,0,0,0,255,2,12,0
3338257,0,1,0,1,0,0,255,2,12,0
3338457,0,0,1,1,0,0,255,2,12,0
3338461,1,0,0,1,1,0,255,2,12,0
3338472,1,0,1,0,0,0,255,2,12,0
3338685,0,0,1,1,0,0,255,2,12,0
3338876,0,1,1,0,1,0,255,2,12,0
3338893,1,0,0,1,1,0,255,2,12,0
3339138,0,0,0,0,1,0,255,2,12,0
3339202,0,1,1,0,1,0,255,2,12,0
3339357,0,1,0,1,0,0,255,2,12,0
3339602,0,0,0,1,1,1,255,2,12,0
3339611,1,1,1,1,1,0,255,2,12,0
3339762,0,0,1,1,0,0,255,2,12,0
3339969,0,0,0,0,1,0,255,2,12,0
3340154,1,1,0,0,0,0,255,2,12,0
3340181,1,0,0,1,1,0,255,2,12,0
3340273,1,0,0,1,1,0,255,2,12,0
3340544,0,0,0,1,1,1,255,2,12,0
3340735,0,0,1,1,0,0,255,2,12,0
3340946,1,0,1,0,0,0,255,2,12,0
3341044,1,0,0,1,1,0,255,2,12,0
3341211,0,0,0,0,1,0,255,2,12,0
3341290,1,1,1,1,1,0,255,2,12,0
3341582,1,1,0,0,0,0,255,2,12,0
3342316,0,0,0,0,1,0,255,2,12,0
3349230,1,0,0,0,1,1,31,2,12,0
3351131,0,0,1,1,0,0,31,2,12,0
3352284,1,0,1,0,0,0,31,2,12,0
3352696,1,0,0,1,1,0,31,2,12,0
3353008,0,0,1,1,0,0,31,2,12,0
3355264,1,0,0,1,1,0,31,2,12,0
3355577,1,1,0,0,0,0,31,2,12,0
3356983,0,1,0,1,0,0,31,2,12,0
3357758,0,1,1,0,1,0,31,2,12,0
3358393,0,1,0,1,0,0,31,2,12,0
3361268,0,0,0,0,1,0,31,2,12,0
3361986,0,0,0,0,1,0,31,2,12,0
3362178,1,1,0,0,0,0,31,2,12,0
3362934,0,1,1,0,1,0,31,2,12,0
3363784,1,0,1,0,0,0,31,2,12,0
3364506,0,1,1,0,1,0,31,2,12,0
3365371,0,0,1,1,0,0,31,2,12,0
3370757,0,1,1,0,1,0,31,2,12,0
3371170,1,0,0,1,1,0,31,2,12,0
3377175,0,0,0,0,1,0,31,2,12,0
3379353,1,0,0,1,1,0,31,2,12,0
3381628,1,0,1,0,0,0,31,2,12,0
3381988,1,1,1,1,1,0,31,2,12,0
3386989,0,1,1,0,1,0,31,2,12,0
3387318,1,0,1,0,0,0,31,2,12,0
3392744,0,0,1,1,0,0,31,2,12,0
3393662,0,0,0,0,1,0,31,2,12,0
3394025,0,0,0,0,1,0,31,2,12,0
3397318,0,0,1,1,0,0,31,2,12,0
3406267,1,0,0,1,1,0,31,2,12,0
3412059,1,1,1,0,1,1,13,2,12,0
3415902,0,1,1,0,1,0,13,2,12,0
3430707,1,0,0,1,1,0,13,2,12,0
3436997,1,0,0,1,1,0,13,2,12,0
3437088,1,1,1,1,1,0,13,2,12,0
3446334,1,0,0,1,1,0,13,2,12,0
3446373,1,1,0,0,0,0,13,2,12,0
3452610,0,0,1,1,0,0,13,2,12,0
3460363,1,0,1,0,0,0,13,2,12,0
3461858,0,1,0,1,0,0,13,2,12,0
3467598,0,1,0,1,0,0,13,2,12,0
3470388,0,1,0,1,0,0,13,2,12,0
3479670,0,0,0,0,1,0,8,2,12,0
3491321,0,1,1,0,1,0,8,2,12,0
3500055,1,0,1,0,0,0,8,2,12,0
3503259,0,1,0,1,0,0,8,2,12,0
3507174,0,1,1,0,1,0,8,2,12,0
3518576,1,0,0,1,1,0,8,2,12,0
3522675,0,0,0,0,1,0,8,2,12,0
3531042,1,0,0,1,1,0,8,2,12,0
3547537,1,1,1,1,1,0,2,2,12,0
3556042,0,1,0,0,0,0,2,2,12,0
3605881,0,1,0,1,0,0,13,2,12,0
3615463,1,1,1,1,1,0,13,2,12,0
3621484,1,0,1,0,0,0,13,2,12,0
3623908,1,1,1,1,1,0,13,2,12,0
3628687,0,0,1,0,0,0,13,2,12,0
3631538,0,1,0,1,0,0,13,2,12,0
3635165,1,0,0,1,1,0,13,2,12,0
3638314,0,0,1,1,0,0,13,2,12,0
3642825,0,0,0,0,1,0,13,2,12,0
3642921,0,1,0,1,0,0,13,2,12,0
3644894,0,0,0,0,1,0,13,2,12,0
3652135,1,0,0,1,1,0,13,2,12,0
3653277,1,0,1,0,0,0,13,2,12,0
3653520,1,1,1,1,1,0,13,2,12,0
3662737,0,0,1,1,0,0,13,2,12,0
3663946,1,0,1,0,0,0,13,2,12,0
3666685,0,1,0,1,0,0,13,2,12,0
3671061,0,0,1,1,0,0,18,2,12,0
3677014,0,0,1,1,0,0,18,2,12,0
3677167,0,0,0,0,1,0,18,2,12,0
3684350,0,0,0,0,1,0,18,2,12,0
3684854,1,0,0,1,1,0,18,2,12,0
3685710,1,0,0,1,1,0,18,2,12,0
3694644,0,0,0,0,1,0,18,2,12,0
3695425,1,0,1,1,0,0,18,2,12,0
3695457,1,0,0,1,1,0,18,2,12,0
3700101,1,1,0,0,0,0,18,2,12,0
3700535,0,0,0,0,1,0,18,2,12,0
3701985,1,1,1,1,1,0,18,2,12,0
3713901,1,0,0,1,1,0,18,2,12,0
3716435,0,0,1,1,0,0,18,2,12,0
3716651,0,0,0,0,1,0,18,2,12,0
3727137,0,0,0,0,1,0,18,2,12,0
3727909,0,0,1,1,0,0,18,2,12,0
3731729,1,1,0,0,0,0,18,2,12,0
3732221,1,0,1,0,0,0,18,2,12,0
3735610,0,1,0,1,0,0,78,2,12,0
3735749,0,1,0,1,0,0,78,2,12,0
3737983,1,0,1,0,0,0,78,2,12,0
3739227,1,1,1,1,1,0,78,2,12,0
3740440,0,1,0,1,0,0,78,2,12,0
3740532,1,1,0,0,0,0,78,2,12,0
3741123,1,1,1,0,1,1,78,2,12,0
3741297,1,0,0,1,1,0,78,2,12,0
3741572,1,0,0,1,1,0,78,2,12,0
3741587,1,1,0,0,0,0,78,2,12,0
3742042,0,1,1,0,1,0,78,2,12,0
3743108,0,1,1,0,1,0,78,2,12,0
3743525,1,1,1,1,1,0,78,2,12,0
3744062,1,1,1,1,1,0,78,2,12,0
3744248,0,0,0,0,1,0,78,2,12,0
3744423,1,1,1,1,1,0,78,2,12,0
3745967,0,0,0,1,1,1,78,2,12,0
3746415,1,0,1,0,0,0,78,2,12,0
3748886,0,0,1,1,0,0,78,2,12,0
3749168,0,0,0,0,1,0,78,2,12,0
3749235,1,1,1,1,1,0,78,2,12,0
3749289,1,1,1,1,1,0,78,2,12,0
3749779,0,1,0,1,0,0,78,2,12,0
3750274,0,0,1,1,0,0,78,2,12,0
3751332,1,1,0,0,0,0,78,2,12,0
3751476,0,1,1,0,1,0,78,2,12,0
3752318,0,1,1,1,1,1,78,2,12,0
3752887,0,1,1,0,1,0,78,2,12,0
3753525,0,0,0,0,1,0,78,2,12,0
3754971,1,0,0,1,1,0,78,2,12,0
3755211,1,0,0,1,1,0,78,2,12,0
3756659,0,0,0,0,1,0,78,2,12,0
3756904,0,1,0,1,0,0,78,2,12,0
3758725,1,0,1,0,0,0,78,2,12,0
3759939,0,1,1,0,1,0,78,2,12,0
3761451,1,1,0,1,0,0,78,2,12,0
3762339,1,1,1,1,1,0,78,2,12,0
3764011,1,1,1,1,1,0,78,2,12,0
3766845,1,0,0,1,1,0,78,2,12,0
3767664,1,0,0,1,1,0,78,2,12,0
3768212,0,0,1,1,0,0,78,2,12,0
3768436,1,1,1,1,1,0,78,2,12,0
3770145,0,1,1,0,1,0,78,2,12,0
3771638,0,1,0,1,0,0,78,2,12,0
3771934,0,1,1,0,1,0,78,2,12,0
3772243,0,1,0,1,0,0,78,2,12,0
3772992,1,1,1,1,1,0,78,2,12,0
3775234,0,0,1,1,0,0,78,2,12,0
3775884,1,0,0,1,1,0,78,2,12,0
3777241,1,0,1,0,0,0,78,2,12,0
3779284,1,1,1,0,1,1,78,2,12,0
3779366,1,0,0,1,1,0,78,2,12,0
3780121,1,0,1,0,0,0,78,2,12,0
3780918,1,1,1,1,1,0,78,2,12,0
3781425,0,1,1,0,1,0,78,2,12,0
3782070,0,1,1,0,1,0,78,2,12,0
3784273,0,1,1,0,1,0,78,2,12,0
3784291,0,0,1,1,0,0,78,2,12,0
3784814,1,1,0,0,0,0,78,2,12,0
3785104,0,1,1,0,1,0,78,2,12,0
3786445,0,1,0,1,0,0,78,2,12,0
3786773,0,1,1,0,1,0,78,2,12,0
3786816,0,1,1,0,1,0,78,2,12,0
3787048,0,1,0,1,0,0,78,2,12,0
3789101,1,0,0,1,1,0,78,2,12,0
3789941,1,0,0,1,1,0,78,2,12,0
3791534,0,1,0,1,0,0,78,2,12,0
3793377,0,1,0,1,0,0,78,2,12,0
3794622,0,1,0,1,0,0,78,2,12,0
3795196,1,0,0,1,1,0,78,2,12,0
3795972,1,0,1,0,0,0,78,2,12,0
3796149,1,0,1,0,0,0,78,2,12,0
3796933,1,1,0,0,0,0,78,2,12,0
3798040,1,1,1,1,1,0,78,2,12,0
3798520,0,0,1,1,0,0,78,2,12,0
3798603,1,0,1,0,0,0,78,2,12,0
3798670,0,1,0,1,0,0,78,2,12,0
3798808,0,0,1,1,0,0,78,2,12,0
3799843,0,0,1,1,0,0,78,2,12,0
3800419,0,0,1,1,0,0,78,2,12,0
3800426,1,1,0,0,0,0,78,2,12,0
3835949,0,0,1,0,0,0,0,2,12,0
3866936,0,1,1,0,1,0,236,2,12,0
3867914,0,0,1,1,0,0,236,2,12,0
3867942,1,1,0,0,0,0,236,2,12,0
3868690,1,0,0,0,1,1,236,2,12,0
3868849,0,1,1,0,1,0,236,2,12,0
3869039,0,1,0,1,0,0,236,2,12,0
3869059,1,0,0,1,1,0,236,2,12,0
3869239,1,0,1,0,0,0,236,2,12,0
3869827,1,1,1,1,1,0,236,2,12,0
3870460,0,0,0,1,1,1,236,2,12,0
3871439,0,1,0,1,0,0,236,2,12,0
3872668,1,0,0,1,1,0,236,2,12,0
3873623,1,0,1,0,0,0,236,2,12,0
3874422,0,1,0,1,0,0,236,2,12,0
3874751,0,0,0,0,1,0,236,2,12,0
3874982,1,0,1,0,0,0,236,2,12,0
3875377,1,0,1,0,0,0,236,2,12,0
3875637,1,1,0,0,0,0,236,2,12,0
3875656,1,0,0,1,1,0,236,2,12,0
3876430,1,0,0,1,1,0,236,2,12,0
3876778,0,1,1,0,1,0,236,2,12,0
3876853,0,0,1,1,0,0,236,2,12,0
3877258,1,0,0,1,1,0,236,2,12,0
3877393,1,1,1,1,1,0,236,2,12,0
3877470,1,0,0,1,1,0,236,2,12,0
3878179,1,1,0,0,0,0,236,2,12,0
3878307,1,1,0,0,0,0,236,2,12,0
3879243,0,0,0,0,1,0,236,2,12,0
3879340,1,1,0,0,0,0,236,2,12,0
3880131,0,0,1,1,0,0,236,2,12,0
3880178,0,1,1,0,1,0,236,2,12,0
3880271,0,1,0,1,0,0,236,2,12,0
3880403,1,1,1,1,1,0,236,2,12,0
3880822,0,1,1,0,1,0,236,2,12,0
3881034,0,0,0,0,1,0,236,2,12,0
3881487,1,1,0,0,0,0,236,2,12,0
3881865,0,1,0,1,0,0,236,2,12,0
3881879,1,0,0,1,1,0,236,2,12,0
3881903,0,0,1,1,0,0,236,2,12,0
3882031,1,1,1,1,1,0,236,2,12,0
3883681,0,1,0,1,0,0,236,2,12,0
3883760,1,1,1,1,1,0,236,2,12,0
3883891,1,0,0,1,1,0,236,2,12,0
3883909,0,0,1,1,0,0,236,2,12,0
3884799,0,0,0,0,1,0,236,2,12,0
3885021,0,0,0,0,1,0,236,2,12,0
3885057,0,1,1,0,1,0,236,2,12,0
3885115,1,0,1,0,0,0,236,2,12,0
3885556,0,1,0,1,0,0,236,2,12,0
3885598,0,1,0,1,0,0,236,2,12,0
3886472,1,1,1,1,1,0,236,2,12,0
3886777,0,1,1,0,1,0,236,2,12,0
3886887,0,1,0,1,0,0,236,2,12,0
3886888,0,0,0,0,1,0,236,2,12,0
3887478,1,0,0,1,1,0,236,2,12,0
3887689,1,0,0,1,1,0,236,2,12,0
3888022,1,0,0,1,1,0,236,2,12,0
3888044,0,1,1,0,1,0,236,2,12,0
3888135,1,1,0,0,0,0,236,2,12,0
3888431,0,0,0,0,1,0,236,2,12,0
3888623,0,1,0,1,0,0,236,2,12,0
3889130,1,0,0,1,1,0,236,2,12,0
3890041,1,0,1,0,0,0,236,2,12,0
3890310,0,0,1,1,0,0,236,2,12,0
3891096,1,1,0,0,0,0,236,2,12,0
3891157,1,1,0,0,0,0,236,2,12,0
3891214,0,0,1,1,0,0,236,2,12,0
3891417,1,0,0,1,1,0,236,2,12,0
3892155,0,0,1,1,0,0,236,2,12,0
3892719,0,1,0,1,0,0,236,2,12,0
3893243,1,1,0,0,0,0,236,2,12,0
3894014,0,0,0,0,1,0,236,2,12,0
3894427,1,1,1,1,1,0,236,2,12,0
3894900,0,0,1,1,0,0,236,2,12,0
3894903,1,0,1,0,0,0,236,2,12,0
3895290,1,1,0,0,0,0,236,2,12,0
3896091,0,0,1,1,0,0,236,2,12,0
3896247,1,0,1,0,0,0,236,2,12,0
3896272,0,0,0,0,1,0,236,2,12,0
3896369,1,1,1,1,1,0,236,2,12,0
3896709,0,0,0,0,1,0,236,2,12,0
3896940,1,1,0,0,0,0,236,2,12,0
3897310,0,1,0,1,0,0,236,2,12,0
3897602,0,0,1,1,0,0,236,2,12,0
3897947,0,1,1,0,1,0,236,2,12,0
3898306,1,1,1,1,1,0,236,2,12,0
3899224,1,1,0,0,0,0,236,2,12,0
3899796,1,1,1,1,1,0,236,2,12,0
3900098,0,1,1,0,1,0,236,2,12,0
3900116,0,0,1,1,0,0,236,2,12,0
3900117,1,1,1,1,1,0,236,2,12,0
3900119,0,1,1,0,1,0,236,2,12,0
3900449,0,0,1,1,0,0,236,2,12,0
3900857,1,0,0,1,1,0,236,2,12,0
3900939,1,0,0,1,1,0,236,2,12,0
3901219,0,1,0,1,0,0,236,2,12,0
3901548,0,0,0,0,1,0,236,2,12,0
3901749,1,0,1,0,0,0,236,2,12,0
3901834,0,0,0,0,1,0,236,2,12,0
3901904,1,1,1,1,1,0,236,2,12,0
3903070,0,0,1,1,0,0,236,2,12,0
3903126,0,0,0,0,1,0,236,2,12,0
3903244,0,0,1,1,0,0,236,2,12,0
3903581,1,1,0,1,0,0,236,2,12,0
3903761,0,0,1,1,0,0,236,2,12,0
3904311,0,0,0,0,1,0,236,2,12,0
3904570,1,1,1,1,1,0,236,2,12,0
3904867,0,0,1,1,0,0,236,2,12,0
3905411,1,0,1,0,0,0,236,2,12,0
3905564,1,0,0,1,1,0,236,2,12,0
3905724,0,1,0,0,0,0,236,2,12,0
3906140,0,0,0,0,1,0,236,2,12,0
3906301,1,0,1,0,0,0,236,2,12,0
3907000,1,1,0,0,0,0,236,2,12,0
3907030,1,0,1,1,0,0,236,2,12,0
3907144,0,0,1,1,0,0,236,2,12,0
3908381,0,1,1,0,1,0,236,2,12,0
3908830,1,0,1,0,0,0,236,2,12,0
3909073,1,0,1,0,0,0,236,2,12,0
3909213,0,0,0,0,1,0,236,2,12,0
3910143,1,0,1,0,0,0,236,2,12,0
3910345,0,0,1,1,0,0,236,2,12,0
3910524,1,1,0,0,0,0,236,2,12,0
3910811,0,0,0,0,1,0,236,2,12,0
3910955,0,1,1,0,1,0,236,2,12,0
3911228,0,0,0,0,1,0,236,2,12,0
3911388,1,1,0,0,0,0,236,2,12,0
3911599,1,1,0,0,0,0,236,2,12,0
3911749,0,1,1,0,1,0,236,2,12,0
3911813,1,1,1,1,1,0,236,2,12,0
3911943,1,1,0,0,0,0,236,2,12,0
3912069,1,0,0,1,1,0,236,2,12,0
3912225,0,0,1,1,0,0,236,2,12,0
3912712,1,0,1,0,0,0,236,2,12,0
3912765,0,0,0,0,1,0,236,2,12,0
3913886,0,0,1,0,0,0,236,2,12,0
3914297,0,0,1,1,0,0,236,2,12,0
3914369,1,1,0,0,0,0,236,2,12,0
3915053,1,1,0,0,0,0,236,2,12,0
3915634,0,0,0,0,1,0,236,2,12,0
3915658,0,0,1,1,0,0,236,2,12,0
3915825,0,1,0,1,0,0,236,2,12,0
3916020,1,0,1,0,0,0,236,2,12,0
3916046,1,1,0,0,0,0,236,2,12,0
3917836,1,0,1,0,0,0,236,2,12,0
3919238,1,0,1,0,0,0,236,2,12,0
3919422,0,0,1,1,0,0,236,2,12,0
3919668,1,1,0,0,0,0,236,2,12,0
3919783,0,1,0,1,0,0,236,2,12,0
3920709,0,0,0,0,1,0,236,2,12,0
3921188,0,1,1,0,1,0,236,2,12,0
3921329,0,1,1,0,1,0,236,2,12,0
3921606,1,0,0,1,1,0,236,2,12,0
3921812,1,1,1,1,1,0,236,2,12,0
3922126,0,1,0,1,0,0,236,2,12,0
3922484,0,1,1,0,1,0,236,2,12,0
3922504,1,1,1,1,1,0,236,2,12,0
3922738,1,0,0,1,1,0,236,2,12,0
3922752,1,1,0,0,0,0,236,2,12,0
3923404,1,1,0,0,0,0,236,2,12,0
3923602,1,0,1,0,0,0,236,2,12,0
3923633,1,1,0,0,0,0,236,2,12,0
3923850,1,0,0,1,1,0,236,2,12,0
3923887,0,1,0,1,0,0,236,2,12,0
3924136,0,0,1,1,0,0,236,2,12,0
3924175,0,1,0,1,0,0,236,2,12,0
3925039,1,0,1,0,0,0,236,2,12,0
3925507,0,1,1,0,1,0,236,2,12,0
3926307,0,1,1,0,1,0,236,2,12,0
3927440,0,1,0,1,0,0,236,2,12,0
3927838,1,1,1,1,1,0,236,2,12,0
3928032,1,1,0,0,0,0,236,2,12,0
3928125,1,1,1,1,1,0,236,2,12,0
3928186,0,1,0,1,0,0,236,2,12,0
3928223,1,1,0,0,0,0,236,2,12,0
3929498,0,1,0,1,0,0,236,2,12,0
3929584,0,1,1,0,1,0,236,2,12,0
3930293,1,0,1,0,0,0,236,2,12,0
3930542,0,0,1,1,0,0,236,2,12,0
3930737,1,0,1,0,0,0,236,2,12,0
3931082,0,1,0,1,0,0,236,2,12,0
3931392,0,1,0,1,0,0,236,2,12,0
3931395,0,1,0,1,0,0,236,2,12,0
3931540,0,0,1,1,0,0,236,2,12,0
3931705,0,0,0,0,1,0,236,2,12,0
3932104,1,0,0,1,1,0,236,2,12,0
3932700,0,1,1,0,1,0,122,2,12,0
3933123,0,0,1,1,0,0,122,2,12,0
3933241,1,1,1,1,1,0,122,2,12,0
3935606,1,1,1,1,1,0,122,2,12,0
3935901,1,1,1,1,1,0,122,2,12,0
3936209,1,0,0,1,1,0,122,2,12,0
3936350,0,0,0,0,1,0,122,2,12,0
3936726,1,0,1,0,0,0,122,2,12,0
3936762,1,1,1,1,1,0,122,2,12,0
3937032,0,1,0,1,0,0,122,2,12,0
3937116,1,1,1,1,1,0,122,2,12,0
3937372,0,0,0,0,1,0,122,2,12,0
3937720,0,1,1,0,1,0,122,2,12,0
3938990,0,1,1,0,1,0,122,2,12,0
3939325,0,0,1,1,0,0,122,2,12,0
3939376,0,0,1,1,0,0,122,2,12,0
3940503,0,1,1,0,1,0,122,2,12,0
3941389,1,0,1,0,0,0,122,2,12,0
3941790,0,1,1,0,1,0,122,2,12,0
3942732,0,1,0,1,0,0,122,2,12,0
3943185,0,0,0,0,1,0,122,2,12,0
3943364,0,0,1,1,0,0,122,2,12,0
3945216,1,1,0,0,0,0,122,2,12,0
3945274,1,1,0,0,0,0,122,2,12,0
3946338,1,1,1,1,1,0,122,2,12,0
3946996,1,0,0,1,1,0,122,2,12,0
3947065,1,1,0,0,0,0,122,2,12,0
3947557,0,1,0,1,0,0,122,2,12,0
3947795,0,0,1,1,0,0,122,2,12,0
3948578,0,1,1,0,1,0,122,2,12,0
3948951,0,1,0,1,0,0,122,2,12,0
3949009,0,0,0,0,1,0,122,2,12,0
3949941,1,1,1,1,1,0,122,2,12,0
3950279,0,1,1,0,1,0,122,2,12,0
3950407,1,0,0,1,1,0,122,2,12,0
3950540,0,0,0,0,1,0,122,2,12,0
3951768,1,0,0,1,1,0,122,2,12,0
3952361,0,0,0,0,1,0,122,2,12,0
3952663,0,0,0,0,1,0,122,2,12,0
3953659,0,0,0,0,1,0,122,2,12,0
3954770,0,1,0,1,0,0,122,2,12,0
3955353,1,1,0,0,0,0,122,2,12,0
3956100,1,1,0,0,0,0,122,2,12,0
3956829,1,1,0,0,0,0,122,2,12,0
3956859,1,1,0,0,0,0,122,2,12,0
3957058,0,1,0,1,0,0,122,2,12,0
3957130,0,0,0,0,1,0,122,2,12,0
3957232,1,0,0,1,1,0,122,2,12,0
3957715,1,1,0,0,0,0,122,2,12,0
3959138,1,1,0,0,0,0,122,2,12,0
3959571,1,1,0,0,0,0,122,2,12,0
3961118,0,1,0,1,0,0,122,2,12,0
3961302,0,0,0,0,1,0,122,2,12,0
3961917,0,0,0,0,1,0,122,2,12,0
3962024,0,1,0,1,0,0,122,2,12,0
3963216,1,1,0,0,0,0,122,2,12,0
3964579,1,0,1,0,0,0,122,2,12,0
3964782,0,0,1,1,0,0,122,2,12,0
3965620,0,1,1,0,1,0,122,2,12,0
3966998,0,1,0,1,0,0,122,2,12,0
3967895,0,1,1,0,1,0,122,2,12,0
3967953,0,1,1,0,1,0,122,2,12,0
3968361,1,0,0,1,1,0,122,2,12,0
3969520,1,0,1,0,0,0,122,2,12,0
3969778,0,1,1,0,1,0,122,2,12,0
3970027,1,0,0,1,1,0,122,2,12,0
3970423,1,0,1,0,0,0,122,2,12,0
3970666,0,1,1,0,1,0,122,2,12,0
3972102,0,0,0,0,1,0,122,2,12,0
3972174,1,0,0,1,1,0,122,2,12,0
3972538,1,1,1,1,1,0,122,2,12,0
3972839,1,1,0,0,0,0,122,2,12,0
3973044,0,1,0,1,0,0,122,2,12,0
3973167,0,0,0,0,1,0,122,2,12,0
3973531,1,0,0,1,1,0,122,2,12,0
3975179,0,0,0,0,1,0,122,2,12,0
3975793,1,0,1,0,0,0,122,2,12,0
3976579,0,1,0,0,0,0,122,2,12,0
3976731,1,1,0,0,0,0,122,2,12,0
3977562,0,1,1,0,1,0,122,2,12,0
3978173,0,1,0,1,0,0,122,2,12,0
3978309,1,0,1,0,0,0,122,2,12,0
3978514,0,1,1,0,1,0,122,2,12,0
3978589,0,1,0,1,0,0,122,2,12,0
3979446,0,0,1,1,0,0,122,2,12,0
3979670,0,0,0,0,1,0,122,2,12,0
3979757,0,1,0,1,0,0,122,2,12,0
3980363,0,0,1,1,0,0,122,2,12,0
3980834,1,0,1,0,0,0,122,2,12,0
3980863,0,0,0,0,1,0,122,2,12,0
3981243,0,0,1,0,0,0,122,2,12,0
3981270,1,1,0,0,0,0,122,2,12,0
3982854,1,1,1,1,1,0,122,2,12,0
3985344,0,1,1,0,1,0,122,2,12,0
3986433,0,0,1,1,0,0,122,2,12,0
3986566,0,0,0,0,1,0,122,2,12,0
3987309,0,1,1,0,1,0,122,2,12,0
3987916,1,1,0,0,0,0,122,2,12,0
3987991,0,0,0,0,1,0,122,2,12,0
3991210,0,1,0,1,0,0,122,2,12,0
3991767,1,0,1,0,0,0,122,2,12,0
3993766,0,0,0,0,1,0,122,2,12,0
3993971,1,0,1,0,0,0,122,2,12,0
3993993,1,0,0,1,1,0,122,2,12,0
3994385,1,1,1,1,1,0,122,2,12,0
3995297,1,1,1,1,1,0,122,2,12,0
3995415,0,0,1,1,0,0,122,2,12,0
3996833,1,1,0,0,0,0,122,2,12,0
3997507,1,1,0,0,0,0,122,2,12,0
3997515,0,0,0,0,1,0,122,2,12,0
4008945,1,0,1,0,0,0,12,2,12,0
4010540,1,1,0,0,0,0,12,2,12,0
4018736,0,1,1,0,1,0,12,2,12,0
4043674,0,1,1,0,1,0,12,2,12,0
4047123,1,0,0,1,1,0,12,2,12,0
4047941,1,0,1,0,0,0,12,2,12,0
4055277,0,0,1,1,0,0,12,2,12,0
4055779,1,0,0,1,1,0,12,2,12,0
4063496,1,1,0,0,0,0,144,2,12,0
4063897,1,0,1,0,0,0,144,2,12,0
4064089,0,1,0,1,0,0,144,2,12,0
4065173,0,1,0,1,0,0,144,2,12,0
4065586,1,0,0,1,1,0,144,2,12,0
4065783,1,0,1,0,0,0,144,2,12,0
4066442,0,0,1,1,0,0,144,2,12,0
4066795,0,1,0,1,0,0,144,2,12,0
4066907,0,0,0,0,1,0,144,2,12,0
4067305,1,0,1,0,0,0,144,2,12,0
4067453,0,0,1,1,0,0,144,2,12,0
4067745,1,0,0,1,1,0,144,2,12,0
4068957,0,1,0,1,0,0,144,2,12,0
4068999,0,0,1,1,0,0,144,2,12,0
4069177,1,1,0,0,0,0,144,2,12,0
4069208,0,1,1,0,1,0,144,2,12,0
4069716,0,0,1,1,0,0,144,2,12,0
4069931,0,1,1,0,1,0,144,2,12,0
4069935,0,1,1,0,1,0,144,2,12,0
4070577,0,0,1,1,0,0,144,2,12,0
4070729,0,1,0,1,0,0,144,2,12,0
4070765,1,1,1,1,1,0,144,2,12,0
4071335,0,0,0,0,1,0,144,2,12,0
4071954,0,1,1,0,1,0,144,2,12,0
4072437,0,1,1,0,1,0,144,2,12,0
4072490,1,1,1,1,1,0,144,2,12,0
4072527,0,1,1,0,1,0,144,2,12,0
4073100,1,1,0,0,0,0,144,2,12,0
4074169,0,1,1,0,1,0,144,2,12,0
4074402,0,1,1,0,1,0,144,2,12,0
4075390,0,1,1,0,1,0,144,2,12,0
4075576,1,0,0,1,1,0,144,2,12,0
4076051,1,1,1,1,1,0,144,2,12,0
4076074,0,1,1,0,1,0,144,2,12,0
4077841,1,0,1,0,0,0,144,2,12,0
4078349,1,1,1,1,1,0,144,2,12,0
4078791,0,1,1,0,1,0,144,2,12,0
4080052,0,1,0,1,0,0,144,2,12,0
4080071,0,0,1,1,0,0,144,2,12,0
4080626,1,0,0,1,1,0,144,2,12,0
4081308,0,1,0,1,0,0,144,2,12,0
4081705,0,1,0,1,0,0,144,2,12,0
4082082,1,0,1,0,0,0,144,2,12,0
4082086,0,1,1,0,1,0,144,2,12,0
4082445,0,1,1,0,1,0,144,2,12,0
4082475,1,0,1,0,0,0,144,2,12,0
4082766,0,0,1,1,0,0,144,2,12,0
4083029,0,1,0,1,0,0,144,2,12,0
4083160,0,0,1,1,0,0,144,2,12,0
4083161,0,0,0,0,1,0,144,2,12,0
4083248,1,1,0,0,0,0,144,2,12,0
4083820,1,1,0,0,0,0,144,2,12,0
4084945,1,1,1,1,1,0,144,2,12,0
4085793,1,1,1,1,1,0,144,2,12,0
4085899,0,0,1,1,0,0,144,2,12,0
4085915,0,1,1,0,1,0,144,2,12,0
4085926,0,1,1,0,1,0,144,2,12,0
4086286,1,0,0,0,1,1,144,2,12,0
4088559,0,0,0,0,1,0,144,2,12,0
4089277,0,1,1,0,1,0,144,2,12,0
4089332,1,0,1,0,0,0,144,2,12,0
4089756,1,1,0,0,0,0,144,2,12,0
4089856,0,1,0,1,0,0,144,2,12,0
4089984,0,1,0,1,0,0,144,2,12,0
4090723,1,0,0,1,1,0,144,2,12,0
4091920,1,1,1,1,1,0,144,2,12,0
4092190,0,1,0,1,0,0,144,2,12,0
4092957,1,0,0,1,1,0,144,2,12,0
4093500,0,0,1,1,0,0,144,2,12,0
4093698,0,1,0,1,0,0,144,2,12,0
4094523,0,0,0,0,1,0,144,2,12,0
4094561,1,0,1,0,0,0,144,2,12,0
4094976,0,0,1,1,0,0,144,2,12,0
4095252,0,0,0,0,1,0,144,2,12,0
4096208,1,0,1,0,0,0,144,2,12,0
4096225,1,1,0,0,0,0,144,2,12,0
4097584,0,1,0,1,0,0,144,2,12,0
4099288,1,1,0,0,0,0,144,2,12,0
4099457,0,0,1,1,0,0,144,2,12,0
4100011,0,0,1,1,0,0,144,2,12,0
4100580,0,0,0,0,1,0,144,2,12,0
4100643,1,0,1,0,0,0,144,2,12,0
4100789,0,1,0,1,0,0,144,2,12,0
4100872,0,1,1,0,1,0,144,2,12,0
4101226,1,1,0,0,0,0,144,2,12,0
4102470,1,0,1,0,0,0,144,2,12,0
4103273,1,0,0,1,1,0,144,2,12,0
4103540,0,1,1,0,1,0,144,2,12,0
4104577,0,1,1,0,1,0,144,2,12,0
4104640,1,1,0,0,0,0,144,2,12,0
4105010,1,0,1,1,0,0,144,2,12,0
4105254,0,0,0,0,1,0,144,2,12,0
4105634,1,1,0,0,0,0,144,2,12,0
4106370,1,0,0,1,1,0,144,2,12,0
4107760,0,1,0,1,0,0,144,2,12,0
4108374,0,1,0,1,0,0,144,2,12,0
4108542,0,1,0,1,0,0,144,2,12,0
4109458,1,1,1,1,1,0,144,2,12,0
4111444,0,1,1,0,1,0,144,2,12,0
4111600,0,1,1,0,1,0,144,2,12,0
4113049,1,0,0,1,1,0,144,2,12,0
4113583,0,0,1,1,0,0,144,2,12,0
4113760,0,1,0,1,0,0,144,2,12,0
4114017,0,1,1,0,1,0,144,2,12,0
4114037,0,1,0,1,0,0,144,2,12,0
4114575,1,0,1,0,0,0,144,2,12,0
4114699,0,0,1,1,0,0,144,2,12,0
4114730,0,0,1,1,0,0,144,2,12,0
4115717,0,1,1,1,1,1,144,2,12,0
4116254,1,0,1,0,0,0,144,2,12,0
4117027,0,0,0,0,1,0,144,2,12,0
4118472,1,0,1,0,0,0,144,2,12,0
4119133,1,0,0,1,1,0,144,2,12,0
4119513,0,1,1,0,1,0,144,2,12,0
4119604,1,1,0,1,0,0,144,2,12,0
4119969,1,0,0,1,1,0,144,2,12,0
4120007,0,1,0,1,0,0,144,2,12,0
4120541,1,0,0,1,1,0,144,2,12,0
4120586,0,1,1,0,1,0,144,2,12,0
4120599,0,0,0,0,1,0,144,2,12,0
4120652,1,1,0,0,0,0,144,2,12,0
4121659,1,1,0,0,0,0,144,2,12,0
4122337,0,1,1,0,1,0,144,2,12,0
4122364,0,1,1,0,1,0,144,2,12,0
4123153,0,0,0,0,1,0,144,2,12,0
4123241,1,0,1,0,0,0,144,2,12,0
4124427,1,1,1,1,1,0,144,2,12,0
4124836,0,0,0,0,1,0,144,2,12,0
4125367,1,1,1,1,1,0,144,2,12,0
4125709,0,0,1,1,0,0,144,2,12,0
4125928,0,1,0,1,0,0,144,2,12,0
4126113,1,0,0,1,1,0,144,2,12,0
4126570,1,0,0,1,1,0,144,2,12,0
4127285,1,0,0,1,1,0,144,2,12,0
4128274,1,0,0,1,1,0,144,2,12,0
4128417,0,0,1,1,0,0,144,2,12,0
4128570,1,0,1,0,0,0,144,2,12,0
4130874,1,0,0,1,1,0,50,2,12,0
4131712,0,0,0,0,1,0,50,2,12,0
4132847,0,0,1,1,0,0,50,2,12,0
4136907,0,0,1,1,0,0,50,2,12,0
4137470,0,0,1,1,0,0,50,2,12,0
4138918,1,1,1,1,1,0,50,2,12,0
4140996,1,0,1,1,0,0,50,2,12,0
4141941,0,1,1,0,1,0,50,2,12,0
4141952,1,1,1,1,1,0,50,2,12,0
4142380,1,1,1,1,1,0,50,2,12,0
4143144,0,1,1,0,1,0,50,2,12,0
4144296,0,1,0,1,0,0,50,2,12,0
4145827,0,1,1,0,1,0,50,2,12,0
4149161,0,0,0,0,1,0,50,2,12,0
4149776,0,0,0,0,1,0,50,2,12,0
4150292,1,0,1,0,0,0,50,2,12,0
4150601,1,0,1,0,0,0,50,2,12,0
4151146,1,1,0,0,0,0,50,2,12,0
4151938,1,1,1,1,1,0,50,2,12,0
4152908,0,0,1,1,0,0,50,2,12,0
4153308,0,1,1,0,1,0,50,2,12,0
4153486,0,1,0,1,0,0,50,2,12,0
4153700,1,1,0,0,0,0,50,2,12,0
4154707,0,0,1,1,0,0,50,2,12,0
4155443,1,1,0,0,0,0,50,2,12,0
4155572,1,1,0,0,0,0,50,2,12,0
4155926,0,1,0,1,0,0,50,2,12,0
4157531,1,1,0,0,0,0,50,2,12,0
4161319,0,0,1,1,0,0,50,2,12,0
4162320,0,0,1,1,0,0,50,2,12,0
4162779,1,1,0,0,0,0,50,2,12,0
4163354,0,0,0,0,1,0,50,2,12,0
4165201,1,1,0,0,0,0,50,2,12,0
4165704,0,1,0,1,0,0,50,2,12,0
4166553,1,1,0,0,0,0,50,2,12,0
4166857,1,0,1,0,0,0,50,2,12,0
4168215,0,0,0,0,1,0,50,2,12,0
4168583,1,0,0,1,1,0,50,2,12,0
4169245,0,0,1,1,0,0,50,2,12,0
4169332,1,1,0,0,0,0,50,2,12,0
4170768,1,1,1,1,1,0,50,2,12,0
4172820,1,0,1,0,0,0,50,2,12,0
4174097,0,0,1,1,0,0,50,2,12,0
4174179,1,0,1,0,0,0,50,2,12,0
4176700,0,0,1,1,0,0,50,2,12,0
4177264,1,0,0,1,1,0,50,2,12,0
4180390,1,0,1,0,0,0,50,2,12,0
4182997,1,1,0,0,0,0,50,2,12,0
4184548,1,0,0,1,1,0,50,2,12,0
4185211,0,1,0,1,0,0,50,2,12,0
4187407,0,1,1,0,1,0,50,2,12,0
4187490,1,1,0,0,0,0,50,2,12,0
4187511,1,0,1,0,0,0,50,2,12,0
4192064,0,0,1,1,0,0,50,2,12,0
4192318,0,1,0,1,0,0,50,2,12,0
4193250,0,1,0,1,0,0,50,2,12,0
4193472,0,1,1,0,1,0,50,2,12,0
4235433,1,1,0,0,0,0,0,2,12,0
4260069,0,0,0,0,1,0,94,2,12,0
4261239,0,0,0,0,1,0,94,2,12,0
4262096,1,1,0,0,0,0,94,2,12,0
4262148,1,1,0,0,0,0,94,2,12,0
4264563,1,0,0,1,1,0,94,2,12,0
4264743,0,1,1,0,1,0,94,2,12,0
4264970,0,0,1,1,0,0,94,2,12,0
4265346,1,0,0,1,1,0,94,2,12,0
4265731,1,1,0,0,0,0,94,2,12,0
4266652,1,0,1,0,0,0,94,2,12,0
4266932,0,1,1,0,1,0,94,2,12,0
4267517,1,0,1,0,0,0,94,2,12,0
4267747,0,0,0,0,1,0,94,2,12,0
4268620,1,0,1,0,0,0,94,2,12,0
4269167,0,0,0,0,1,0,94,2,12,0
4269672,0,1,0,1,0,0,94,2,12,0
4270185,1,0,1,0,0,0,94,2,12,0
4270260,1,0,1,0,0,0,94,2,12,0
4270737,1,0,1,0,0,0,94,2,12,0
4271985,1,0,1,0,0,0,94,2,12,0
4273420,1,0,0,1,1,0,94,2,12,0
4275541,1,1,1,1,1,0,94,2,12,0
4275799,0,1,0,1,0,0,94,2,12,0
4277471,0,0,0,0,1,0,94,2,12,0
4277809,0,1,0,1,0,0,94,2,12,0
4277986,0,0,0,0,1,0,94,2,12,0
4278451,0,0,1,1,0,0,94,2,12,0
4279441,1,0,1,0,0,0,94,2,12,0
4279853,1,1,1,1,1,0,94,2,12,0
4280097,0,1,0,1,0,0,94,2,12,0
4280332,0,0,1,1,0,0,94,2,12,0
4280953,1,1,0,0,0,0,94,2,12,0
4281093,0,1,1,0,1,0,94,2,12,0
4281235,1,0,0,1,1,0,94,2,12,0
4282329,0,0,1,1,0,0,94,2,12,0
4283683,0,0,0,0,1,0,94,2,12,0
4283879,1,0,0,1,1,0,94,2,12,0
4283943,1,0,1,0,0,0,94,2,12,0
4283960,1,1,1,1,1,0,94,2,12,0
4284251,0,1,1,0,1,0,94,2,12,0
4284822,0,0,1,1,0,0,94,2,12,0
4284902,0,0,1,1,0,0,94,2,12,0
4285193,0,1,1,0,1,0,94,2,12,0
4285205,0,1,1,0,1,0,94,2,12,0
4287022,1,1,1,1,1,0,94,2,12,0
4288499,0,1,0,1,0,0,94,2,12,0
4288680,1,1,0,0,0,0,94,2,12,0
4288897,1,0,1,0,0,0,94,2,12,0
4291253,0,0,1,1,0,0,94,2,12,0
4291703,0,1,1,1,1,1,94,2,12,0
4292714,0,1,1,0,1,0,94,2,12,0
4294109,0,1,1,0,1,0,94,2,12,0
4294469,0,1,1,0,1,0,94,2,12,0
4294747,1,0,1,0,0,0,94,2,12,0
4295508,1,1,1,0,1,1,94,2,12,0
4296393,0,0,0,0,1,0,94,2,12,0
4298346,1,1,1,1,1,0,94,2,12,0
4298605,0,0,1,1,0,0,94,2,12,0
4298634,0,0,1,1,0,0,94,2,12,0
4300625,1,0,0,1,1,0,94,2,12,0
4301450,1,0,1,0,0,0,94,2,12,0
4302001,1,0,0,1,1,0,94,2,12,0
4302613,1,1,1,1,1,0,94,2,12,0
4302846,0,0,1,1,0,0,94,2,12,0
4303193,0,1,0,1,0,0,94,2,12,0
4303200,0,0,0,0,1,0,94,2,12,0
4304452,0,0,1,1,0,0,94,2,12,0
4305362,1,0,1,0,0,0,94,2,12,0
4305364,1,1,1,1,1,0,94,2,12,0
4306749,0,0,1,1,0,0,94,2,12,0
4306825,1,0,1,0,0,0,94,2,12,0
4306994,1,1,1,1,1,0,94,2,12,0
4308082,1,1,1,1,1,0,94,2,12,0
4308374,1,1,0,0,0,0,94,2,12,0
4309023,0,1,0,1,0,0,94,2,12,0
4309997,0,1,0,1,0,0,94,2,12,0
4310114,1,1,1,1,1,0,94,2,12,0
4311697,1,1,1,1,1,0,94,2,12,0
4311912,0,0,0,0,1,0,94,2,12,0
4311973,1,1,1,1,1,0,94,2,12,0
4312115,0,1,1,0,1,0,94,2,12,0
4313443,0,1,0,1,0,0,94,2,12,0
4314349,0,1,1,0,1,0,94,2,12,0
4314676,0,0,0,0,1,0,94,2,12,0
4315410,1,1,0,0,0,0,94,2,12,0
4317177,0,1,0,1,0,0,94,2,12,0
4318194,1,0,0,1,1,0,94,2,12,0
4318768,0,1,0,1,0,0,94,2,12,0
4319670,0,1,0,1,0,0,94,2,12,0
4321066,1,0,1,0,0,0,94,2,12,0
4322082,0,0,0,0,1,0,94,2,12,0
4322909,0,1,0,1,0,0,94,2,12,0
4323325,1,0,0,1,1,0,94,2,12,0
4325163,0,0,1,1,0,0,94,2,12,0
4326798,1,0,0,1,1,0,24,2,12,0
4328129,0,1,1,0,1,0,24,2,12,0
4328619,1,1,0,0,0,0,24,2,12,0
4331689,0,0,0,0,1,0,24,2,12,0
4332658,1,0,1,0,0,0,24,2,12,0
4340863,0,0,0,0,1,0,24,2,12,0
4346650,1,0,0,1,1,0,24,2,12,0
4349221,0,0,1,1,0,0,24,2,12,0
4349425,1,1,0,0,0,0,24,2,12,0
4352730,1,0,0,1,1,0,24,2,12,0
4353678,1,0,1,0,0,0,24,2,12,0
4353714,0,1,1,0,1,0,24,2,12,0
4353946,0,0,1,1,0,0,24,2,12,0
4357506,1,0,0,1,1,0,24,2,12,0
4358269,1,0,1,0,0,0,24,2,12,0
4358568,1,0,1,0,0,0,24,2,12,0
4370641,0,0,0,0,1,0,24,2,12,0
4371183,0,0,0,0,1,0,24,2,12,0
4372632,1,1,1,0,1,1,24,2,12,0
4375304,0,0,1,1,0,0,24,2,12,0
4376952,1,1,1,1,1,0,24,2,12,0
4384742,0,0,0,0,1,0,24,2,12,0
4385891,1,1,1,1,1,0,24,2,12,0
4387458,0,1,1,0,1,0,24,2,12,0
4388294,1,0,0,1,1,0,24,2,12,0
4392073,0,0,0,0,1,0,36,2,12,0
4393202,1,1,0,0,0,0,36,2,12,0
4394399,0,0,1,1,0,0,36,2,12,0
4396145,0,1,0,1,0,0,36,2,12,0
4396670,1,1,1,1,1,0,36,2,12,0
4397353,1,0,1,0,0,0,36,2,12,0
4398331,0,0,1,1,0,0,36,2,12,0
4412948,0,0,1,1,0,0,36,2,12,0
4418551,1,1,0,0,0,0,36,2,12,0
4421091,0,1,0,1,0,0,36,2,12,0
4423986,1,1,0,0,0,0,36,2,12,0
4426593,1,0,1,0,0,0,36,2,12,0
4426854,1,1,0,0,0,0,36,2,12,0
4427043,1,1,1,1,1,0,36,2,12,0
4428378,0,0,1,0,0,0,36,2,12,0
4432990,0,0,1,0,0,0,36,2,12,0
4433902,1,0,1,0,0,0,36,2,12,0
4437665,1,1,1,1,1,0,36,2,12,0
4439947,1,0,1,0,0,0,36,2,12,0
4440034,1,1,0,0,0,0,36,2,12,0
4441068,0,0,0,0,1,0,36,2,12,0
4444419,0,1,0,1,0,0,36,2,12,0
4444556,1,0,0,1,1,0,36,2,12,0
4452228,0,1,1,0,1,0,36,2,12,0
4452318,1,0,1,0,0,0,36,2,12,0
4456783,1,0,1,0,0,0,80,2,12,0
4457150,1,0,0,1,1,0,80,2,12,0
4457348,1,0,0,1,1,0,80,2,12,0
4459488,0,0,0,0,1,0,80,2,12,0
4459625,0,0,0,1,1,1,80,2,12,0
4460643,1,0,0,1,1,0,80,2,12,0
4460693,0,0,1,1,0,0,80,2,12,0
4461064,0,0,0,0,1,0,80,2,12,0
4462488,1,0,0,1,1,0,80,2,12,0
4464190,0,0,0,0,1,0,80,2,12,0
4464227,0,1,1,0,1,0,80,2,12,0
4464770,0,1,1,0,1,0,80,2,12,0
4465770,1,0,0,0,1,1,80,2,12,0
4466043,1,1,0,0,0,0,80,2,12,0
4467058,1,0,1,0,0,0,80,2,12,0
4467246,1,1,1,1,1,0,80,2,12,0
4468103,0,1,0,1,0,0,80,2,12,0
4468116,0,0,1,1,0,0,80,2,12,0
4468465,1,1,1,1,1,0,80,2,12,0
4469515,1,0,0,1,1,0,80,2,12,0
4470360,0,0,0,0,1,0,80,2,12,0
4470821,1,1,0,0,0,0,80,2,12,0
4472596,0,0,1,1,0,0,80,2,12,0
4472997,0,1,1,0,1,0,80,2,12,0
4473384,1,1,0,0,0,0,80,2,12,0
4475009,0,1,0,1,0,0,80,2,12,0
4475367,0,0,0,0,1,0,80,2,12,0
4478314,0,0,1,1,0,0,80,2,12,0
4478830,1,0,1,0,0,0,80,2,12,0
4479149,1,0,1,0,0,0,80,2,12,0
4480366,1,0,0,1,1,0,80,2,12,0
4480696,0,0,1,1,0,0,80,2,12,0
4482197,1,1,1,1,1,0,80,2,12,0
4482925,0,1,0,1,0,0,80,2,12,0
4483673,1,0,0,1,1,0,80,2,12,0
4484524,1,1,0,0,0,0,80,2,12,0
4485678,1,0,1,0,0,0,80,2,12,0
4486926,1,0,0,1,1,0,80,2,12,0
4487630,1,1,0,0,0,0,80,2,12,0
4488772,0,0,1,1,0,0,80,2,12,0
4490834,1,0,0,1,1,0,80,2,12,0
4491708,1,1,1,1,1,0,80,2,12,0
4492212,1,0,0,0,1,1,80,2,12,0
4493109,1,0,0,1,1,0,80,2,12,0
4494686,1,0,1,0,0,0,80,2,12,0
4494849,0,0,0,0,1,0,80,2,12,0
4495732,0,1,0,1,0,0,80,2,12,0
4496917,1,0,0,1,1,0,80,2,12,0
4498226,1,0,0,1,1,0,80,2,12,0
4499306,1,1,0,0,0,0,80,2,12,0
4500189,1,1,0,0,0,0,80,2,12,0
4500468,1,0,0,1,1,0,80,2,12,0
4501406,0,0,1,1,0,0,80,2,12,0
4501904,1,0,1,0,0,0,80,2,12,0
4503108,1,1,1,1,1,0,80,2,12,0
4504970,0,1,0,1,0,0,80,2,12,0
4505733,0,1,0,1,0,0,80,2,12,0
4508465,1,1,1,1,1,0,80,2,12,0
4508512,1,1,0,0,0,0,80,2,12,0
4508518,0,1,0,1,0,0,80,2,12,0
4510636,0,1,0,1,0,0,80,2,12,0
4511232,1,0,1,0,0,0,80,2,12,0
4512060,1,1,0,0,0,0,80,2,12,0
4514412,0,0,1,1,0,0,80,2,12,0
4514779,1,1,1,1,1,0,80,2,12,0
4516241,0,1,0,1,0,0,80,2,12,0
4516969,1,0,0,1,1,0,80,2,12,0
4517066,1,0,1,0,0,0,80,2,12,0
4518297,0,0,0,0,1,0,80,2,12,0
4518812,0,0,1,1,0,0,80,2,12,0
4521011,0,0,1,1,0,0,80,2,12,0
4521220,1,1,0,0,0,0,80,2,12,0
4521244,0,0,1,1,0,0,80,2,12,0
4521791,1,1,1,1,1,0,80,2,12,0
4524615,0,0,1,1,0,0,17,2,12,0
4541661,0,1,1,0,1,0,17,2,12,0
4545630,0,1,0,1,0,0,17,2,12,0
4546863,0,1,1,0,1,0,17,2,12,0
4554615,0,0,1,1,0,0,17,2,12,0
4556123,1,1,0,0,0,0,17,2,12,0
4556291,1,0,1,0,0,0,17,2,12,0
4558232,1,0,0,1,1,0,17,2,12,0
4560429,1,0,0,1,1,0,17,2,12,0
4570814,1,0,0,1,1,0,17,2,12,0
4571632,1,0,0,1,1,0,17,2,12,0
4572435,1,1,1,1,1,0,17,2,12,0
4575381,0,1,0,1,0,0,17,2,12,0
4577657,0,0,0,0,1,0,17,2,12,0
4579970,0,1,1,0,1,0,17,2,12,0
4616960,1,1,1,1,1,0,0,2,12,0
4654245,1,0,0,1,1,0,99,2,12,0
4654638,0,0,1,1,0,0,99,2,12,0
4655932,1,0,0,1,1,0,99,2,12,0
4656293,1,1,1,0,1,1,99,2,12,0
4657002,1,0,1,0,0,0,99,2,12,0
4658097,0,0,0,0,1,0,99,2,12,0
4658276,1,1,0,0,0,0,99,2,12,0
4658623,0,0,1,1,0,0,99,2,12,0
4659617,0,0,1,1,0,0,99,2,12,0
4660711,0,0,1,1,0,0,99,2,12,0
4661276,1,1,0,0,0,0,99,2,12,0
4661984,0,1,1,0,1,0,99,2,12,0
4662041,0,1,1,0,1,0,99,2,12,0
4663029,0,1,1,0,1,0,99,2,12,0
4663320,0,0,1,0,0,0,99,2,12,0
4663569,1,0,0,1,1,0,99,2,12,0
4663612,1,0,1,0,0,0,99,2,12,0
4663797,0,0,1,1,0,0,99,2,12,0
4665174,1,0,0,1,1,0,99,2,12,0
4665192,1,1,1,1,1,0,99,2,12,0
4665692,1,1,1,1,1,0,99,2,12,0
4665702,0,1,1,0,1,0,99,2,12,0
4666551,1,1,0,0,0,0,99,2,12,0
4667831,0,1,1,0,1,0,99,2,12,0
4667956,1,0,1,0,0,0,99,2,12,0
4668191,0,0,1,1,0,0,99,2,12,0
4668387,1,1,0,0,0,0,99,2,12,0
4670052,1,0,1,0,0,0,99,2,12,0
4670067,1,1,1,1,1,0,99,2,12,0
4672958,1,0,1,0,0,0,99,2,12,0
4673330,0,1,0,1,0,0,99,2,12,0
4673446,1,1,0,0,0,0,99,2,12,0
4673500,1,1,0,0,0,0,99,2,12,0
4674091,1,1,0,0,0,0,99,2,12,0
4674899,0,1,0,1,0,0,99,2,12,0
4675410,1,0,0,1,1,0,99,2,12,0
4675475,0,1,0,1,0,0,99,2,12,0
4676036,0,0,0,0,1,0,99,2,12,0
4676276,0,0,0,0,1,0,99,2,12,0
4677121,0,0,0,0,1,0,99,2,12,0
4677275,0,0,1,1,0,0,99,2,12,0
4677953,1,1,1,1,1,0,99,2,12,0
4678104,1,0,0,1,1,0,99,2,12,0
4680991,1,0,0,1,1,0,99,2,12,0
4681253,0,0,0,0,1,0,99,2,12,0
4682348,0,0,1,1,0,0,99,2,12,0
4683239,1,1,0,0,0,0,99,2,12,0
4684516,0,1,0,1,0,0,99,2,12,0
4685415,1,0,0,0,1,1,99,2,12,0
4685451,1,1,0,0,0,0,99,2,12,0
4686102,1,1,0,0,0,0,99,2,12,0
4687285,1,0,0,1,1,0,99,2,12,0
4688300,1,0,0,1,1,0,99,2,12,0
4688313,0,1,0,1,0,0,99,2,12,0
4690087,1,0,1,0,0,0,99,2,12,0
4690213,0,0,0,0,1,0,99,2,12,0
4690998,0,0,1,1,0,0,99,2,12,0
4691270,1,0,1,0,0,0,99,2,12,0
4692051,0,1,0,1,0,0,99,2,12,0
4692533,1,1,1,1,1,0,99,2,12,0
4692700,0,0,0,0,1,0,99,2,12,0
4695002,0,1,1,0,1,0,99,2,12,0
4695764,0,1,1,0,1,0,99,2,12,0
4695886,1,1,0,0,0,0,99,2,12,0
4696313,1,1,0,0,0,0,99,2,12,0
4697047,1,0,1,0,0,0,99,2,12,0
4697188,1,0,1,0,0,0,99,2,12,0
4697351,1,1,1,1,1,0,99,2,12,0
4697563,0,0,1,1,0,0,99,2,12,0
4698165,0,0,0,0,1,0,99,2,12,0
4698977,0,0,0,0,1,0,99,2,12,0
4701110,0,1,0,1,0,0,99,2,12,0
4701162,1,1,1,1,1,0,99,2,12,0
4701865,1,1,0,0,0,0,99,2,12,0
4703677,1,1,1,1,1,0,99,2,12,0
4703967,0,1,0,1,0,0,99,2,12,0
4704485,1,1,0,0,0,0,99,2,12,0
4705715,0,0,0,0,1,0,99,2,12,0
4705966,0,1,1,0,1,0,99,2,12,0
4706900,0,1,0,1,0,0,99,2,12,0
4707542,0,1,0,1,0,0,99,2,12,0
4708576,0,1,1,0,1,0,99,2,12,0
4709763,1,0,0,1,1,0,99,2,12,0
4709866,1,1,0,0,0,0,99,2,12,0
4710731,1,0,1,0,0,0,99,2,12,0
4713107,1,1,1,1,1,0,99,2,12,0
4714012,1,0,0,1,1,0,99,2,12,0
4714879,0,1,0,1,0,0,99,2,12,0
4715131,1,0,0,1,1,0,99,2,12,0
4715453,0,1,0,1,0,0,99,2,12,0
4715857,1,1,1,1,1,0,99,2,12,0
4718278,1,0,1,0,0,0,99,2,12,0
4718850,1,1,0,0,0,0,255,2,12,0
4719051,0,1,0,1,0,0,255,2,12,0
4719341,1,0,1,0,0,0,255,2,12,0
4719405,0,1,0,1,0,0,255,2,12,0
4719772,1,1,0,0,0,0,255,2,12,0
4720234,0,0,0,0,1,0,255,2,12,0
4720897,0,1,1,0,1,0,255,2,12,0
4720911,0,0,1,1,0,0,255,2,12,0
4720976,0,0,0,0,1,0,255,2,12,0
4721055,0,0,0,0,1,0,255,2,12,0
4721393,1,0,1,0,0,0,255,2,12,0
4721985,1,1,0,0,0,0,255,2,12,0
4722399,0,1,0,1,0,0,255,2,12,0
4722605,1,1,0,0,0,0,255,2,12,0
4723263,1,1,0,0,0,0,255,2,12,0
4724030,0,1,1,0,1,0,255,2,12,0
4724420,0,0,1,1,0,0,255,2,12,0
4724490,0,0,1,1,0,0,255,2,12,0
4724574,0,1,1,0,1,0,255,2,12,0
4724785,1,0,1,0,0,0,255,2,12,0
4724940,0,0,0,0,1,0,255,2,12,0
4725351,0,1,1,0,1,0,255,2,12,0
4725499,1,0,1,0,0,0,255,2,12,0
4725546,1,1,0,0,0,0,255,2,12,0
4725564,1,1,1,1,1,0,255,2,12,0
4725672,0,1,1,0,1,0,255,2,12,0
4725790,1,1,0,0,0,0,255,2,12,0
4725863,0,1,0,1,0,0,255,2,12,0
4725961,1,1,0,1,0,0,255,2,12,0
4726572,1,0,0,1,1,0,255,2,12,0
4726612,1,1,1,1,1,0,255,2,12,0
4726676,0,1,0,1,0,0,255,2,12,0
4726811,0,1,0,1,0,0,255,2,12,0
4727169,1,0,1,0,0,0,255,2,12,0
4727170,1,0,1,0,0,0,255,2,12,0
4728013,1,1,0,0,0,0,255,2,12,0
4728284,1,1,0,0,0,0,255,2,12,0
4728642,1,0,0,1,1,0,255,2,12,0
4728739,0,1,0,1,0,0,255,2,12,0
4729724,0,1,1,0,1,0,255,2,12,0
4730102,0,1,1,0,1,0,255,2,12,0
4731341,0,1,0,1,0,0,255,2,12,0
4731402,1,1,0,0,0,0,255,2,12,0
4731500,1,0,0,1,1,0,255,2,12,0
4731633,1,1,1,1,1,0,255,2,12,0
4732089,0,1,1,0,1,0,255,2,12,0
4732108,1,1,1,1,1,0,255,2,12,0
4732201,1,0,0,1,1,0,255,2,12,0
4733689,1,1,0,0,0,0,255,2,12,0
4734410,0,1,1,0,1,0,255,2,12,0
4734458,1,1,0,0,0,0,255,2,12,0
4734706,0,0,1,1,0,0,255,2,12,0
4735713,0,1,0,1,0,0,255,2,12,0
4736535,0,0,0,0,1,0,255,2,12,0
4737389,1,1,0,0,0,0,255,2,12,0
4737400,1,0,1,0,0,0,255,2,12,0
4737454,1,1,0,0,0,0,255,2,12,0
4737487,0,0,1,1,0,0,255,2,12,0
4737498,1,1,1,1,1,0,255,2,12,0
4737933,1,1,0,0,0,0,255,2,12,0
4737953,1,1,0,0,0,0,255,2,12,0
4738084,0,1,1,0,1,0,255,2,12,0
4738155,1,0,0,1,1,0,255,2,12,0
4738464,0,0,0,0,1,0,255,2,12,0
4738471,1,0,1,0,0,0,255,2,12,0
4739251,0,1,1,1,1,1,255,2,12,0
4739303,0,1,0,1,0,0,255,2,12,0
4739470,0,1,1,0,1,0,255,2,12,0
4739947,0,0,0,0,1,0,255,2,12,0
4740379,1,1,1,1,1,0,255,2,12,0
4740416,1,1,0,0,0,0,255,2,12,0
4740454,0,1,1,0,1,0,255,2,12,0
4741112,1,1,0,0,0,0,255,2,12,0
4741319,0,1,1,0,1,0,255,2,12,0
4741400,1,0,1,0,0,0,255,2,12,0
4741511,0,1,1,0,1,0,255,2,12,0
4741749,1,0,0,1,1,0,255,2,12,0
4741940,0,1,0,1,0,0,255,2,12,0
4742417,0,1,0,1,0,0,255,2,12,0
4742532,0,0,0,0,1,0,255,2,12,0
4742591,1,1,0,0,0,0,255,2,12,0
4743113,1,0,1,0,0,0,255,2,12,0
4743143,1,1,1,1,1,0,255,2,12,0
4743188,1,0,1,0,0,0,255,2,12,0
4743610,1,0,0,1,1,0,255,2,12,0
4743626,1,0,1,0,0,0,255,2,12,0
4743749,1,1,0,0,0,0,255,2,12,0
4743886,0,1,0,1,0,0,255,2,12,0
4744220,1,1,1,1,1,0,255,2,12,0
4744228,0,1,1,0,1,0,255,2,12,0
4744533,0,0,0,0,1,0,255,2,12,0
4745167,0,0,0,0,1,0,255,2,12,0
4745424,0,1,0,1,0,0,255,2,12,0
4745493,0,1,1,0,1,0,255,2,12,0
4745737,0,0,0,0,1,0,255,2,12,0
4746166,1,0,0,1,1,0,255,2,12,0
4746371,0,0,0,0,1,0,255,2,12,0
4746459,0,0,0,0,1,0,255,2,12,0
4746579,0,0,0,0,1,0,255,2,12,0
4747010,1,0,0,1,1,0,255,2,12,0
4747287,0,0,0,0,1,0,255,2,12,0
4747386,0,1,0,1,0,0,255,2,12,0
4747701,0,0,1,1,0,0,255,2,12,0
4747733,0,0,0,0,1,0,255,2,12,0
4748297,0,0,1,1,0,0,255,2,12,0
4748369,1,1,0,0,0,0,255,2,12,0
4748447,0,1,0,1,0,0,255,2,12,0
4748477,0,0,0,0,1,0,255,2,12,0
4748575,1,1,1,1,1,0,255,2,12,0
4748685,0,0,0,0,1,0,255,2,12,0
4748836,1,1,1,1,1,0,255,2,12,0
4749004,1,1,1,1,1,0,255,2,12,0
4749296,1,1,1,1,1,0,255,2,12,0
4749424,0,1,0,0,0,0,255,2,12,0
4749484,1,1,1,1,1,0,255,2,12,0
4750368,1,1,0,0,0,0,255,2,12,0
4750423,1,1,0,0,0,0,255,2,12,0
4750859,1,0,0,1,1,0,255,2,12,0
4750996,0,0,1,1,0,0,255,2,12,0
4751094,1,0,0,1,1,0,255,2,12,0
4752246,0,0,1,1,0,0,255,2,12,0
4752537,0,0,1,1,0,0,255,2,12,0
4752628,1,0,1,0,0,0,255,2,12,0
4753616,0,0,0,0,1,0,255,2,12,0
4753661,1,1,1,1,1,0,255,2,12,0
4753856,1,1,1,1,1,0,255,2,12,0
4754194,1,1,0,0,0,0,255,2,12,0
4754197,1,1,0,0,0,0,255,2,12,0
4754343,1,0,1,0,0,0,255,2,12,0
4754346,0,0,1,1,0,0,255,2,12,0
4754436,1,0,1,0,0,0,255,2,12,0
4754447,0,0,0,0,1,0,255,2,12,0
4754565,1,0,1,0,0,0,255,2,12,0
4754659,1,1,0,0,0,0,255,2,12,0
4755159,1,1,0,0,0,0,255,2,12,0
4755961,1,0,1,0,0,0,255,2,12,0
4756187,0,0,0,0,1,0,255,2,12,0
4756285,1,1,1,1,1,0,255,2,12,0
4756396,1,1,1,1,1,0,255,2,12,0
4756778,1,1,1,1,1,0,255,2,12,0
4756814,1,0,0,1,1,0,255,2,12,0
4757070,1,1,0,0,0,0,255,2,12,0
4757522,0,0,0,0,1,0,255,2,12,0
4757716,1,1,0,0,0,0,255,2,12,0
4757831,1,0,0,1,1,0,255,2,12,0
4757833,1,1,0,0,0,0,255,2,12,0
4757858,1,0,0,1,1,0,255,2,12,0
4757894,0,0,0,0,1,0,255,2,12,0
4757914,0,0,0,0,1,0,255,2,12,0
4758156,0,1,0,1,0,0,255,2,12,0
4758270,0,0,0,0,1,0,255,2,12,0
4758567,1,0,0,1,1,0,255,2,12,0
4758982,1,0,0,1,1,0,255,2,12,0
4759296,1,0,1,0,0,0,255,2,12,0
4759424,0,1,1,0,1,0,255,2,12,0
4759744,1,1,1,1,1,0,255,2,12,0
4759795,0,0,1,1,0,0,255,2,12,0
4760086,0,0,0,0,1,0,255,2,12,0
4760193,0,0,0,1,1,1,255,2,12,0
4760561,1,1,1,1,1,0,255,2,12,0
4760638,0,0,1,1,0,0,255,2,12,0
4760675,1,0,0,1,1,0,255,2,12,0
4761240,0,1,0,1,0,0,255,2,12,0
4761521,0,1,0,1,0,0,255,2,12,0
4761894,1,0,1,0,0,0,255,2,12,0
4762291,0,1,1,0,1,0,255,2,12,0
4762503,0,1,1,0,1,0,255,2,12,0
4762524,1,0,1,0,0,0,255,2,12,0
4762570,1,1,0,0,0,0,255,2,12,0
4762983,0,0,0,0,1,0,255,2,12,0
4763147,1,0,0,1,1,0,255,2,12,0
4763378,1,0,0,1,1,0,255,2,12,0
4763561,1,0,1,0,0,0,255,2,12,0
4763803,1,1,0,0,0,0,255,2,12,0
4763944,0,1,0,1,0,0,255,2,12,0
4763962,1,0,0,1,1,0,255,2,12,0
4763974,1,0,1,0,0,0,255,2,12,0
4764038,1,1,1,1,1,0,255,2,12,0
4764084,0,1,1,0,1,0,255,2,12,0
4764134,1,0,1,0,0,0,255,2,12,0
4765152,1,1,1,1,1,0,255,2,12,0
4765369,1,0,0,1,1,0,255,2,12,0
4765430,0,0,0,0,1,0,255,2,12,0
4765572,0,1,0,1,0,0,255,2,12,0
4765630,0,0,1,1,0,0,255,2,12,0
4765734,1,1,1,1,1,0,255,2,12,0
4765756,1,0,0,1,1,0,255,2,12,0
4766070,0,1,0,1,0,0,255,2,12,0
4766399,0,1,1,1,1,1,255,2,12,0
4766433,0,0,0,0,1,0,255,2,12,0
4766482,1,0,1,0,0,0,255,2,12,0
4766567,0,0,0,0,1,0,255,2,12,0
4766685,1,1,1,1,1,0,255,2,12,0
4767258,0,1,1,0,1,0,255,2,12,0
4767263,1,0,0,1,1,0,255,2,12,0
4767388,1,0,1,1,0,0,255,2,12,0
4767532,1,1,0,0,0,0,255,2,12,0
4767717,1,0,1,0,0,0,255,2,12,0
4767734,1,1,0,0,0,0,255,2,12,0
4767846,0,1,0,1,0,0,255,2,12,0
4768155,1,1,0,0,0,0,255,2,12,0
4768219,1,1,0,0,0,0,255,2,12,0
4768713,0,1,1,0,1,0,255,2,12,0
4769350,0,1,0,1,0,0,255,2,12,0
4769765,1,0,0,1,1,0,255,2,12,0
4769822,1,1,1,1,1,0,255,2,12,0
4770393,1,1,1,0,1,1,255,2,12,0
4770627,0,0,1,1,0,0,255,2,12,0
4770709,1,0,1,0,0,0,255,2,12,0
4770816,0,0,1,1,0,0,255,2,12,0
4770846,0,0,0,0,1,0,255,2,12,0
4770904,1,1,1,1,1,0,255,2,12,0
4771206,0,0,0,0,1,0,255,2,12,0
4771532,1,1,0,0,0,0,255,2,12,0
4771976,1,1,0,0,0,0,255,2,12,0
4772163,1,0,1,0,0,0,255,2,12,0
4772210,1,0,0,1,1,0,255,2,12,0
4772663,0,1,0,1,0,0,255,2,12,0
4773570,0,1,1,0,1,0,255,2,12,0
4773894,1,0,1,0,0,0,255,2,12,0
4774014,0,1,0,1,0,0,255,2,12,0
4774368,1,1,0,0,0,0,255,2,12,0
4774697,1,1,0,0,0,0,255,2,12,0
4774967,1,1,0,0,0,0,255,2,12,0
4775116,0,0,1,1,0,0,255,2,12,0
4775224,0,0,1,1,0,0,255,2,12,0
4775400,0,0,1,1,0,0,255,2,12,0
4775519,0,1,0,0,0,0,255,2,12,0
4775904,0,0,1,1,0,0,255,2,12,0
4776095,1,0,1,0,0,0,255,2,12,0
4776322,0,1,1,1,1,1,255,2,12,0
4776356,1,1,1,1,1,0,255,2,12,0
4776478,0,1,0,0,0,0,255,2,12,0
4776635,0,0,0,0,1,0,255,2,12,0
4776716,1,0,1,0,0,0,255,2,12,0
4776986,1,0,0,1,1,0,255,2,12,0
4777146,0,0,1,1,0,0,255,2,12,0
4777438,1,0,0,1,1,0,255,2,12,0
4777669,0,1,1,0,1,0,255,2,12,0
4777700,0,0,0,0,1,0,255,2,12,0
4778215,1,1,0,0,0,0,255,2,12,0
4779049,1,1,1,1,1,0,255,2,12,0
4779358,1,0,1,0,0,0,255,2,12,0
4779432,0,0,1,1,0,0,255,2,12,0
4779439,1,1,1,1,1,0,255,2,12,0
4779601,0,0,0,0,1,0,255,2,12,0
4779676,0,0,0,0,1,0,255,2,12,0
4779715,0,0,1,1,0,0,255,2,12,0
4779767,1,0,1,0,0,0,255,2,12,0
4779925,1,0,0,1,1,0,255,2,12,0
4780043,0,0,0,0,1,0,255,2,12,0
4780293,0,0,1,1,0,0,255,2,12,0
4780373,0,1,1,0,1,0,255,2,12,0
4780585,1,1,0,0,0,0,255,2,12,0
4781017,1,0,1,0,0,0,255,2,12,0
4781289,1,0,1,0,0,0,255,2,12,0
4781534,0,1,1,1,1,1,255,2,12,0
4781747,1,0,1,0,0,0,255,2,12,0
4781748,1,1,1,1,1,0,255,2,12,0
4781998,0,0,0,0,1,0,255,2,12,0
4782207,1,1,1,1,1,0,255,2,12,0
4782387,0,0,1,1,0,0,255,2,12,0
4782401,0,0,0,0,1,0,255,2,12,0
4782652,1,1,1,1,1,0,255,2,12,0
4782830,0,1,0,1,0,0,255,2,12,0
4782889,1,1,1,1,1,0,255,2,12,0
4783068,1,0,1,0,0,0,255,2,12,0
4783106,0,0,1,1,0,0,255,2,12,0
4783371,1,1,1,1,1,0,255,2,12,0
4783677,1,1,0,0,0,0,255,2,12,0
4784013,1,0,0,1,1,0,255,2,12,0
4785425,1,0,0,1,1,0,95,2,12,0
4785564,1,0,1,0,0,0,95,2,12,0
4785660,0,0,1,1,0,0,95,2,12,0
4785678,1,1,0,0,0,0,95,2,12,0
4786695,1,0,0,1,1,0,95,2,12,0
4787438,1,1,0,1,0,0,95,2,12,0
4788112,0,1,1,0,1,0,95,2,12,0
4788953,1,1,1,1,1,0,95,2,12,0
4789486,1,1,1,1,1,0,95,2,12,0
4789494,0,0,1,1,0,0,95,2,12,0
4789941,1,0,1,0,0,0,95,2,12,0
4790714,1,0,0,1,1,0,95,2,12,0
4790779,0,1,1,1,1,1,95,2,12,0
4790813,1,0,1,0,0,0,95,2,12,0
4790849,1,0,0,1,1,0,95,2,12,0
4793294,0,1,1,0,1,0,95,2,12,0
4793686,1,0,0,1,1,0,95,2,12,0
4794496,1,0,1,0,0,0,95,2,12,0
4794502,0,1,0,1,0,0,95,2,12,0
4795194,1,0,1,0,0,0,95,2,12,0
4795747,0,0,0,0,1,0,95,2,12,0
4795986,1,0,1,0,0,0,95,2,12,0
4795995,1,0,1,0,0,0,95,2,12,0
4796025,1,1,0,0,0,0,95,2,12,0
4796182,1,1,1,1,1,0,95,2,12,0
4796565,1,0,1,0,0,0,95,2,12,0
4796741,1,1,0,0,0,0,95,2,12,0
4797173,1,1,1,1,1,0,95,2,12,0
4798857,1,1,0,0,0,0,95,2,12,0
4799070,1,0,1,0,0,0,95,2,12,0
4799973,1,1,0,0,0,0,95,2,12,0
4800277,0,0,1,1,0,0,95,2,12,0
4801906,0,1,0,1,0,0,95,2,12,0
4804042,0,0,1,1,0,0,95,2,12,0
4804415,1,0,0,1,1,0,95,2,12,0
4804894,1,0,0,1,1,0,95,2,12,0
4805057,1,1,0,0,0,0,95,2,12,0
4806114,0,1,1,0,1,0,95,2,12,0
4806167,0,1,1,0,1,0,95,2,12,0
4807470,1,1,0,1,0,0,95,2,12,0
4809861,1,0,0,1,1,0,95,2,12,0
4810287,0,0,1,1,0,0,95,2,12,0
4810359,1,1,1,1,1,0,95,2,12,0
4810666,1,1,0,0,0,0,95,2,12,0
4814831,1,0,1,0,0,0,95,2,12,0
4815192,1,0,1,0,0,0,95,2,12,0
4815765,0,0,1,1,0,0,95,2,12,0
4816286,1,0,0,1,1,0,95,2,12,0
4816540,1,0,1,0,0,0,95,2,12,0
4817386,0,1,1,0,1,0,95,2,12,0
4818337,1,0,0,1,1,0,95,2,12,0
4818393,1,0,1,0,0,0,95,2,12,0
4819467,0,1,1,0,1,0,95,2,12,0
4820133,1,1,0,0,0,0,95,2,12,0
4820244,1,0,0,1,1,0,95,2,12,0
4820986,1,0,0,0,1,1,95,2,12,0
4821820,0,0,0,0,1,0,95,2,12,0
4822066,0,0,1,1,0,0,95,2,12,0
4822393,1,1,0,0,0,0,95,2,12,0
4824613,0,1,0,1,0,0,95,2,12,0
4825533,0,1,1,0,1,0,95,2,12,0
4825586,1,0,1,0,0,0,95,2,12,0
4826334,0,0,1,1,0,0,95,2,12,0
4826601,0,1,1,0,1,0,95,2,12,0
4826610,0,0,1,1,0,0,95,2,12,0
4826666,0,1,1,0,1,0,95,2,12,0
4827287,1,0,0,1,1,0,95,2,12,0
4827432,1,0,0,1,1,0,95,2,12,0
4828163,1,1,1,1,1,0,95,2,12,0
4828194,0,1,0,1,0,0,95,2,12,0
4831387,0,0,1,1,0,0,95,2,12,0
4832314,1,1,0,0,0,0,95,2,12,0
4832919,1,1,0,0,0,0,95,2,12,0
4833027,1,0,1,0,0,0,95,2,12,0
4833078,0,1,1,0,1,0,95,2,12,0
4834115,0,1,1,0,1,0,95,2,12,0
4834252,1,0,1,0,0,0,95,2,12,0
4836950,0,0,1,1,0,0,95,2,12,0
4836985,0,0,1,1,0,0,95,2,12,0
4837839,1,1,0,0,0,0,95,2,12,0
4838029,0,0,1,1,0,0,95,2,12,0
4838055,0,0,0,0,1,0,95,2,12,0
4838326,1,1,1,1,1,0,95,2,12,0
4838594,0,0,0,0,1,0,95,2,12,0
4839555,0,0,0,0,1,0,95,2,12,0
4840492,1,0,0,1,1,0,95,2,12,0
4840647,1,1,0,0,0,0,95,2,12,0
4841069,1,1,0,0,0,0,95,2,12,0
4843803,1,1,0,0,0,0,95,2,12,0
4845310,1,1,1,1,1,0,95,2,12,0
4845427,1,0,1,0,0,0,95,2,12,0
4845543,0,0,1,1,0,0,95,2,12,0
4846675,1,1,1,1,1,0,95,2,12,0
4847522,1,0,1,0,0,0,95,2,12,0
4847874,0,1,1,0,1,0,95,2,12,0
4850211,0,0,0,0,1,0,102,2,12,0
4850853,1,0,0,1,1,0,102,2,12,0
4851299,0,0,0,0,1,0,102,2,12,0
4851499,0,0,1,1,0,0,102,2,12,0
4851921,0,0,0,0,1,0,102,2,12,0
4852745,1,0,0,1,1,0,102,2,12,0
4852771,1,1,1,1,1,0,102,2,12,0
4853019,1,1,0,0,0,0,102,2,12,0
4854892,0,1,1,0,1,0,102,2,12,0
4854958,0,0,1,0,0,0,102,2,12,0
4855113,0,0,0,0,1,0,102,2,12,0
4855467,0,1,0,1,0,0,102,2,12,0
4855963,1,1,0,0,0,0,102,2,12,0
4856303,0,1,1,0,1,0,102,2,12,0
4857014,1,0,0,1,1,0,102,2,12,0
4857394,1,1,1,1,1,0,102,2,12,0
4857576,1,1,1,1,1,0,102,2,12,0
4859016,0,0,0,0,1,0,102,2,12,0
4859306,0,1,0,1,0,0,102,2,12,0
4860498,1,0,0,1,1,0,102,2,12,0
4861028,0,1,0,1,0,0,102,2,12,0
4861327,1,1,1,1,1,0,102,2,12,0
4861393,1,1,1,1,1,0,102,2,12,0
4861707,0,1,0,0,0,0,102,2,12,0
4863115,1,1,0,0,0,0,102,2,12,0
4863422,1,1,1,1,1,0,102,2,12,0
4863453,1,0,1,0,0,0,102,2,12,0
4863868,1,0,1,0,0,0,102,2,12,0
4864043,1,1,0,0,0,0,102,2,12,0
4864344,1,0,1,0,0,0,102,2,12,0
4864351,0,1,0,1,0,0,102,2,12,0
4864634,0,0,0,0,1,0,102,2,12,0
4864686,0,0,1,1,0,0,102,2,12,0
4864818,1,1,0,0,0,0,102,2,12,0
4865440,1,0,0,1,1,0,102,2,12,0
4865881,0,1,0,1,0,0,102,2,12,0
4865977,1,0,0,1,1,0,102,2,12,0
4867025,0,0,1,1,0,0,102,2,12,0
4867281,0,0,0,0,1,0,102,2,12,0
4868658,1,0,1,0,0,0,102,2,12,0
4868807,0,0,1,1,0,0,102,2,12,0
4869430,1,1,0,0,0,0,102,2,12,0
4869611,0,0,0,0,1,0,102,2,12,0
4869705,0,0,1,1,0,0,102,2,12,0
4869881,0,0,1,1,0,0,102,2,12,0
4871919,0,0,1,1,0,0,102,2,12,0
4871950,1,1,1,1,1,0,102,2,12,0
4872606,0,0,1,1,0,0,102,2,12,0
4873582,0,1,1,0,1,0,102,2,12,0
4874402,1,1,0,0,0,0,102,2,12,0
4875404,0,0,0,0,1,0,102,2,12,0
4877311,1,0,0,1,1,0,102,2,12,0
4877502,0,1,0,1,0,0,102,2,12,0
4877615,0,1,0,1,0,0,102,2,12,0
4879088,0,1,1,0,1,0,102,2,12,0
4879108,1,0,0,1,1,0,102,2,12,0
4880614,1,0,0,1,1,0,102,2,12,0
4880786,1,0,1,0,0,0,102,2,12,0
4881018,1,1,0,0,0,0,102,2,12,0
4883409,1,0,1,0,0,0,102,2,12,0
4883534,1,1,0,0,0,0,102,2,12,0
4883731,0,1,1,0,1,0,102,2,12,0
4883797,0,0,1,1,0,0,102,2,12,0
4884807,1,0,0,1,1,0,102,2,12,0
4884855,1,0,1,0,0,0,102,2,12,0
4885386,0,1,1,0,1,0,102,2,12,0
4885718,0,0,1,1,0,0,102,2,12,0
4885914,0,0,1,1,0,0,102,2,12,0
4886293,1,0,1,1,0,0,102,2,12,0
4886933,1,0,0,1,1,0,102,2,12,0
4887841,0,1,0,1,0,0,102,2,12,0
4887963,0,0,1,1,0,0,102,2,12,0
4888765,1,0,1,0,0,0,102,2,12,0
4889178,1,1,0,0,0,0,102,2,12,0
4890284,0,0,0,0,1,0,102,2,12,0
4892524,0,1,1,0,1,0,102,2,12,0
4893295,0,0,0,0,1,0,102,2,12,0
4896074,1,1,1,1,1,0,102,2,12,0
4896727,1,0,1,0,0,0,102,2,12,0
4896837,0,0,1,1,0,0,102,2,12,0
4897959,1,1,0,0,0,0,102,2,12,0
4898066,0,0,0,0,1,0,102,2,12,0
4899142,1,1,0,0,0,0,102,2,12,0
4899664,0,1,1,0,1,0,102,2,12,0
4900384,0,0,0,0,1,0,102,2,12,0
4900583,0,0,1,1,0,0,102,2,12,0
4900977,1,0,1,0,0,0,102,2,12,0
4902173,1,0,0,1,1,0,102,2,12,0
4902483,1,1,0,0,0,0,102,2,12,0
4902533,0,1,0,1,0,0,102,2,12,0
4902886,1,1,1,1,1,0,102,2,12,0
4906488,1,1,0,0,0,0,102,2,12,0
4908608,1,0,0,1,1,0,102,2,12,0
4909703,0,1,1,0,1,0,102,2,12,0
4909965,1,1,1,1,1,0,102,2,12,0
4910400,0,0,1,1,0,0,102,2,12,0
4910645,1,1,0,0,0,0,102,2,12,0
4910890,0,1,1,0,1,0,102,2,12,0
4911081,0,0,0,0,1,0,102,2,12,0
4911555,0,0,1,1,0,0,102,2,12,0
4912479,1,1,0,0,0,0,102,2,12,0
4913561,0,0,0,0,1,0,102,2,12,0
4913787,0,1,0,1,0,0,102,2,12,0
4914188,0,0,1,1,0,0,102,2,12,0
4914872,1,0,1,1,0,0,102,2,12,0
4915285,1,1,0,0,0,0,236,2,12,0
4915357,0,0,1,1,0,0,236,2,12,0
4915378,1,0,1,0,0,0,236,2,12,0
4916103,0,1,1,0,1,0,236,2,12,0
4916228,1,0,0,1,1,0,236,2,12,0
4916804,0,0,1,1,0,0,236,2,12,0
4917757,1,0,1,0,0,0,236,2,12,0
4918146,0,0,1,1,0,0,236,2,12,0
4918389,1,0,1,0,0,0,236,2,12,0
4918674,1,1,0,0,0,0,236,2,12,0
4918867,1,1,0,0,0,0,236,2,12,0
4919165,1,1,0,0,0,0,236,2,12,0
4919836,1,0,1,0,0,0,236,2,12,0
4919839,0,1,0,1,0,0,236,2,12,0
4919994,1,0,1,0,0,0,236,2,12,0
4920204,0,1,1,0,1,0,236,2,12,0
4920315,1,0,0,1,1,0,236,2,12,0
4920396,0,0,0,0,1,0,236,2,12,0
4920842,0,1,1,0,1,0,236,2,12,0
4921582,0,0,1,1,0,0,236,2,12,0
4921646,0,1,0,1,0,0,236,2,12,0
4921787,1,0,0,1,1,0,236,2,12,0
4922024,1,0,0,1,1,0,236,2,12,0
4922031,1,0,1,0,0,0,236,2,12,0
4922429,1,1,1,1,1,0,236,2,12,0
4922762,1,1,1,1,1,0,236,2,12,0
4922841,1,1,1,1,1,0,236,2,12,0
4923016,0,1,1,0,1,0,236,2,12,0
4923400,1,1,0,0,0,0,236,2,12,0
4923406,1,0,1,0,0,0,236,2,12,0
4924291,0,0,0,0,1,0,236,2,12,0
4924647,0,0,1,1,0,0,236,2,12,0
4924801,0,0,0,0,1,0,236,2,12,0
4925078,1,0,1,0,0,0,236,2,12,0
4925215,0,0,0,0,1,0,236,2,12,0
4925495,1,1,0,0,0,0,236,2,12,0
4925674,1,1,1,1,1,0,236,2,12,0
4926046,0,0,1,1,0,0,236,2,12,0
4926599,1,0,1,0,0,0,236,2,12,0
4926997,1,0,0,1,1,0,236,2,12,0
4927212,1,0,0,1,1,0,236,2,12,0
4927299,0,1,0,1,0,0,236,2,12,0
4927331,0,1,0,1,0,0,236,2,12,0
4927463,0,1,1,0,1,0,236,2,12,0
4927770,0,1,1,0,1,0,236,2,12,0
4927963,1,1,0,0,0,0,236,2,12,0
4928106,1,1,0,0,0,0,236,2,12,0
4928164,0,1,0,1,0,0,236,2,12,0
4928263,0,0,0,0,1,0,236,2,12,0
4928936,1,0,1,0,0,0,236,2,12,0
4929192,1,0,1,0,0,0,236,2,12,0
4929300,1,0,1,1,0,0,236,2,12,0
4929616,0,0,0,0,1,0,236,2,12,0
4929658,1,1,1,1,1,0,236,2,12,0
4930415,0,1,0,1,0,0,236,2,12,0
4930644,0,0,1,1,0,0,236,2,12,0
4930701,0,0,1,1,0,0,236,2,12,0
4930702,1,0,0,1,1,0,236,2,12,0
4931142,1,0,1,0,0,0,236,2,12,0
4931962,1,1,1,1,1,0,236,2,12,0
4932067,1,0,1,0,0,0,236,2,12,0
4932248,1,0,0,1,1,0,236,2,12,0
4932290,0,1,0,1,0,0,236,2,12,0
4932385,0,0,1,1,0,0,236,2,12,0
4932518,1,1,1,1,1,0,236,2,12,0
4932726,0,1,0,1,0,0,236,2,12,0
4932975,0,0,0,0,1,0,236,2,12,0
4933267,0,0,0,0,1,0,236,2,12,0
4933417,0,1,0,1,0,0,236,2,12,0
4933550,1,1,0,0,0,0,236,2,12,0
4933927,0,1,1,0,1,0,236,2,12,0
4934144,1,0,1,0,0,0,236,2,12,0
4934456,1,1,0,0,0,0,236,2,12,0
4934654,0,0,1,1,0,0,236,2,12,0
4934659,0,0,0,0,1,0,236,2,12,0
4934759,0,1,0,1,0,0,236,2,12,0
4934795,1,1,1,1,1,0,236,2,12,0
4934999,0,1,1,0,1,0,236,2,12,0
4935701,1,1,1,1,1,0,236,2,12,0
4935854,0,1,1,0,1,0,236,2,12,0
4936245,0,0,0,0,1,0,236,2,12,0
4936423,1,1,0,0,0,0,236,2,12,0
4936901,1,1,0,0,0,0,236,2,12,0
4937766,0,1,0,1,0,0,236,2,12,0
4939529,0,0,1,1,0,0,236,2,12,0
4939846,0,0,0,0,1,0,236,2,12,0
4939944,0,1,1,0,1,0,236,2,12,0
4940626,1,0,0,0,1,1,236,2,12,0
4940828,1,0,1,0,0,0,236,2,12,0
4940845,1,0,0,1,1,0,236,2,12,0
4940999,1,0,1,0,0,0,236,2,12,0
4941220,0,0,0,0,1,0,236,2,12,0
4941479,0,1,1,0,1,0,236,2,12,0
4941844,1,1,1,1,1,0,236,2,12,0
4941975,1,0,0,1,1,0,236,2,12,0
4942302,0,0,0,0,1,0,236,2,12,0
4942310,0,1,1,0,1,0,236,2,12,0
4942478,1,0,0,1,1,0,236,2,12,0
4942803,1,0,1,0,0,0,236,2,12,0
4943018,0,1,1,1,1,1,236,2,12,0
4943165,0,0,1,1,0,0,236,2,12,0
4943394,0,1,0,1,0,0,236,2,12,0
4943820,0,0,0,0,1,0,236,2,12,0
4943828,1,0,1,0,0,0,236,2,12,0
4944005,0,0,0,0,1,0,236,2,12,0
4944340,0,1,0,1,0,0,236,2,12,0
4944401,1,1,1,1,1,0,236,2,12,0
4944407,0,0,1,1,0,0,236,2,12,0
4944415,0,1,1,0,1,0,236,2,12,0
4944570,0,1,0,1,0,0,236,2,12,0
4944708,0,0,1,1,0,0,236,2,12,0
4945230,1,0,0,1,1,0,236,2,12,0
4945401,0,0,1,1,0,0,236,2,12,0
4945650,1,1,0,0,0,0,236,2,12,0
4945709,1,0,0,1,1,0,236,2,12,0
4945720,1,0,0,1,1,0,236,2,12,0
4945980,0,1,1,0,1,0,236,2,12,0
4946036,1,0,1,0,0,0,236,2,12,0
4946112,0,1,1,0,1,0,236,2,12,0
4946449,0,0,0,0,1,0,236,2,12,0
4946559,0,1,1,0,1,0,236,2,12,0
4946694,1,1,1,1,1,0,236,2,12,0
4946787,1,0,1,0,0,0,236,2,12,0
4947226,0,0,1,1,0,0,236,2,12,0
4947399,1,0,0,1,1,0,236,2,12,0
4947768,1,1,1,1,1,0,236,2,12,0
4948083,1,0,0,1,1,0,236,2,12,0
4948267,0,1,1,0,1,0,236,2,12,0
4948702,1,1,0,0,0,0,236,2,12,0
4948771,1,0,0,1,1,0,236,2,12,0
4949137,0,1,0,1,0,0,236,2,12,0
4949367,1,0,0,1,1,0,236,2,12,0
4949575,0,0,1,1,0,0,236,2,12,0
4949724,0,1,0,1,0,0,236,2,12,0
4949851,1,1,1,1,1,0,236,2,12,0
4950161,0,0,1,1,0,0,236,2,12,0
4950499,1,1,0,0,0,0,236,2,12,0
4950673,0,0,0,0,1,0,236,2,12,0
4952019,0,0,0,0,1,0,236,2,12,0
4952238,0,1,1,0,1,0,236,2,12,0
4952660,0,0,0,0,1,0,236,2,12,0
4952725,1,0,0,1,1,0,236,2,12,0
4952831,0,1,0,1,0,0,236,2,12,0
4953216,0,1,1,0,1,0,236,2,12,0
4953252,0,0,0,0,1,0,236,2,12,0
4953709,0,0,1,1,0,0,236,2,12,0
4953980,0,1,0,1,0,0,236,2,12,0
4954511,0,0,1,1,0,0,236,2,12,0
4954831,1,1,1,1,1,0,236,2,12,0
4955556,1,0,1,0,0,0,236,2,12,0
4955567,0,1,1,0,1,0,236,2,12,0
4955860,1,1,1,1,1,0,236,2,12,0
4956044,1,1,0,0,0,0,236,2,12,0
4956049,1,0,0,1,1,0,236,2,12,0
4956074,0,1,0,1,0,0,236,2,12,0
4956231,1,0,0,1,1,0,236,2,12,0
4957661,0,1,1,0,1,0,236,2,12,0
4957895,0,1,1,0,1,0,236,2,12,0
4958004,0,1,0,1,0,0,236,2,12,0
4958047,1,0,0,1,1,0,236,2,12,0
4958273,0,1,1,0,1,0,236,2,12,0
4958530,1,0,1,0,0,0,236,2,12,0
4958832,0,0,1,1,0,0,236,2,12,0
4959231,0,1,0,1,0,0,236,2,12,0
4960137,1,1,0,0,0,0,236,2,12,0
4960214,0,0,0,0,1,0,236,2,12,0
4960387,0,0,0,0,1,0,236,2,12,0
4960425,1,0,1,0,0,0,236,2,12,0
4960522,1,1,0,0,0,0,236,2,12,0
4960939,1,0,0,1,1,0,236,2,12,0
4961137,1,0,0,1,1,0,236,2,12,0
4961209,0,1,1,0,1,0,236,2,12,0
4961403,1,1,1,1,1,0,236,2,12,0
4962084,1,1,0,0,0,0,236,2,12,0
4962305,0,0,1,1,0,0,236,2,12,0
4962366,1,1,1,1,1,0,236,2,12,0
4962835,0,1,1,0,1,0,236,2,12,0
4963254,0,0,1,1,0,0,236,2,12,0
4963699,0,0,1,1,0,0,236,2,12,0
4964060,1,1,1,1,1,0,236,2,12,0
4964210,0,1,1,0,1,0,236,2,12,0
4964369,0,1,0,1,0,0,236,2,12,0
4964784,0,1,0,1,0,0,236,2,12,0
4964894,1,0,0,1,1,0,236,2,12,0
4965060,0,0,0,0,1,0,236,2,12,0
4965111,1,0,0,1,1,0,236,2,12,0
4965302,1,1,1,1,1,0,236,2,12,0
4965611,1,1,1,1,1,0,236,2,12,0
4966009,0,0,0,0,1,0,236,2,12,0
4966228,1,1,1,1,1,0,236,2,12,0
4966291,0,0,1,1,0,0,236,2,12,0
4966449,0,0,1,1,0,0,236,2,12,0
4966884,0,1,1,0,1,0,236,2,12,0
4967031,0,1,0,1,0,0,236,2,12,0
4967299,1,0,0,1,1,0,236,2,12,0
4968067,0,1,1,0,1,0,236,2,12,0
4968187,0,0,1,1,0,0,236,2,12,0
4968227,0,1,1,0,1,0,236,2,12,0
4968830,0,1,0,1,0,0,236,2,12,0
4969499,0,0,0,0,1,0,236,2,12,0
4969589,1,0,0,1,1,0,236,2,12,0
4969693,1,0,1,0,0,0,236,2,12,0
4969917,0,0,0,0,1,0,236,2,12,0
4970007,0,1,1,0,1,0,236,2,12,0
4970042,0,1,1,0,1,0,236,2,12,0
4970411,0,1,1,0,1,0,236,2,12,0
4970490,1,1,1,1,1,0,236,2,12,0
4970749,0,1,0,1,0,0,236,2,12,0
4971302,0,0,0,0,1,0,236,2,12,0
4971861,0,1,1,0,1,0,236,2,12,0
4971921,1,0,1,0,0,0,236,2,12,0
4972240,0,1,1,0,1,0,236,2,12,0
4972492,0,0,0,0,1,0,236,2,12,0
4972550,0,1,1,0,1,0,236,2,12,0
4972906,0,0,1,0,0,0,236,2,12,0
4973729,1,0,0,1,1,0,236,2,12,0
4973801,1,0,1,0,0,0,236,2,12,0
4974314,0,0,1,1,0,0,236,2,12,0
4974714,0,1,0,1,0,0,236,2,12,0
4977055,0,0,1,1,0,0,236,2,12,0
4977067,1,0,0,1,1,0,236,2,12,0
4977181,0,0,0,0,1,0,236,2,12,0
4977548,0,0,1,1,0,0,236,2,12,0
4977998,0,0,1,1,0,0,236,2,12,0
4978881,0,1,0,1,0,0,236,2,12,0
4978937,0,1,0,1,0,0,236,2,12,0
4979133,1,1,0,0,0,0,236,2,12,0
4979195,1,1,1,1,1,0,236,2,12,0
4981024,1,1,1,1,1,0,155,2,12,0
4981408,0,0,1,1,0,0,155,2,12,0
4982112,1,1,1,1,1,0,155,2,12,0
4985021,0,0,1,1,0,0,155,2,12,0
4985076,1,0,1,0,0,0,155,2,12,0
4985532,1,0,1,0,0,0,155,2,12,0
4986362,0,0,1,1,0,0,155,2,12,0
4986596,0,1,1,0,1,0,155,2,12,0
4987940,1,0,1,0,0,0,155,2,12,0
4988104,1,1,0,1,0,0,155,2,12,0
4989374,0,0,0,0,1,0,155,2,12,0
4989441,1,0,0,1,1,0,155,2,12,0
4989544,0,0,0,0,1,0,155,2,12,0
4989606,1,0,0,1,1,0,155,2,12,0
4990145,1,0,0,1,1,0,155,2,12,0
4990647,1,0,0,1,1,0,155,2,12,0
4990984,0,0,0,0,1,0,155,2,12,0
4991122,0,1,0,1,0,0,155,2,12,0
4992134,1,0,0,1,1,0,155,2,12,0
4992485,1,1,0,0,0,0,155,2,12,0
4992642,0,0,0,0,1,0,155,2,12,0
4992802,0,0,0,0,1,0,155,2,12,0
4992885,0,0,0,0,1,0,155,2,12,0
4993147,0,0,0,0,1,0,155,2,12,0
4993822,1,0,1,0,0,0,155,2,12,0
4994070,0,0,1,1,0,0,155,2,12,0
4994166,1,1,0,0,0,0,155,2,12,0
4994406,1,1,0,0,0,0,155,2,12,0
4994624,1,0,1,0,0,0,155,2,12,0
4995200,1,0,0,1,1,0,155,2,12,0
4995391,1,1,1,1,1,0,155,2,12,0
4996498,0,1,1,0,1,0,155,2,12,0
4996565,0,1,0,1,0,0,155,2,12,0
4996937,1,0,1,0,0,0,155,2,12,0
4997271,0,1,0,1,0,0,155,2,12,0
4997302,1,1,1,1,1,0,155,2,12,0
4997371,0,0,1,0,0,0,155,2,12,0
4997579,1,0,0,1,1,0,155,2,12,0
4997641,1,1,1,1,1,0,155,2,12,0
4998035,0,1,0,1,0,0,155,2,12,0
4998146,1,1,1,1,1,0,155,2,12,0
4998557,0,1,0,1,0,0,155,2,12,0
4998577,1,1,0,0,0,0,155,2,12,0
4998827,1,0,0,1,1,0,155,2,12,0
4999299,0,1,0,1,0,0,155,2,12,0
4999561,0,1,1,0,1,0,155,2,12,0
4999732,0,1,1,0,1,0,155,2,12,0
5000150,1,1,1,1,1,0,155,2,12,0
5002128,0,1,0,1,0,0,155,2,12,0
5002221,0,0,1,1,0,0,155,2,12,0
5003103,0,0,1,1,0,0,155,2,12,0
5004438,0,1,1,0,1,0,155,2,12,0
5005324,0,1,1,0,1,0,155,2,12,0
5005337,1,0,1,0,0,0,155,2,12,0
5005845,0,1,0,1,0,0,155,2,12,0
5005933,1,1,1,1,1,0,155,2,12,0
5006398,1,1,0,0,0,0,155,2,12,0
5007888,0,0,1,1,0,0,155,2,12,0
5009190,0,0,1,1,0,0,155,2,12,0
5009400,1,1,1,1,1,0,155,2,12,0
5009538,0,0,0,1,1,1,155,2,12,0
5009575,1,0,0,1,1,0,155,2,12,0
5009592,0,0,0,0,1,0,155,2,12,0
5009632,0,1,0,1,0,0,155,2,12,0
5010663,0,1,1,0,1,0,155,2,12,0
5010670,1,1,0,0,0,0,155,2,12,0
5010707,1,0,0,1,1,0,155,2,12,0
5011706,0,1,1,0,1,0,155,2,12,0
5012015,1,0,0,1,1,0,155,2,12,0
5012602,1,0,1,0,0,0,155,2,12,0
5012844,1,0,1,0,0,0,155,2,12,0
5013261,0,1,0,1,0,0,155,2,12,0
5014282,0,1,0,1,0,0,155,2,12,0
5015435,1,1,1,1,1,0,155,2,12,0
5015513,1,0,0,1,1,0,155,2,12,0
5015576,1,0,0,1,1,0,155,2,12,0
5015752,0,1,1,0,1,0,155,2,12,0
5015851,0,0,1,0,0,0,155,2,12,0
5016065,0,0,0,0,1,0,155,2,12,0
5016286,0,1,0,1,0,0,155,2,12,0
5016916,0,1,1,0,1,0,155,2,12,0
5018171,1,0,0,1,1,0,155,2,12,0
5018348,0,0,0,0,1,0,155,2,12,0
5018565,0,0,1,1,0,0,155,2,12,0
5018633,1,1,1,1,1,0,155,2,12,0
5018652,1,1,1,1,1,0,155,2,12,0
5020119,1,1,0,0,0,0,155,2,12,0
5020321,0,0,0,0,1,0,155,2,12,0
5020507,0,1,0,1,0,0,155,2,12,0
5020840,1,0,1,0,0,0,155,2,12,0
5020883,1,1,1,1,1,0,155,2,12,0
5021045,0,0,0,0,1,0,155,2,12,0
5021509,0,0,0,0,1,0,155,2,12,0
5021539,1,0,0,1,1,0,155,2,12,0
5021864,0,0,0,0,1,0,155,2,12,0
5022325,1,0,0,1,1,0,155,2,12,0
5022499,1,0,1,0,0,0,155,2,12,0
5023221,1,0,1,0,0,0,155,2,12,0
5023422,1,1,0,0,0,0,155,2,12,0
5023491,0,0,0,0,1,0,155,2,12,0
5023645,1,1,1,1,1,0,155,2,12,0
5024480,0,0,1,1,0,0,155,2,12,0
5025192,1,1,0,0,0,0,155,2,12,0
5025744,0,0,0,0,1,0,155,2,12,0
5025831,0,1,0,1,0,0,155,2,12,0
5025844,1,0,0,1,1,0,155,2,12,0
5026705,1,1,0,0,0,0,155,2,12,0
5027150,1,0,1,0,0,0,155,2,12,0
5027973,0,0,1,1,0,0,155,2,12,0
5028746,0,1,0,1,0,0,155,2,12,0
5028820,1,1,0,0,0,0,155,2,12,0
5028887,0,0,0,0,1,0,155,2,12,0
5029076,1,1,0,0,0,0,155,2,12,0
5029079,0,1,0,1,0,0,155,2,12,0
5029465,1,0,0,1,1,0,155,2,12,0
5029480,1,1,1,1,1,0,155,2,12,0
5029860,0,0,1,1,0,0,155,2,12,0
5030496,0,1,0,1,0,0,155,2,12,0
5030533,1,1,0,0,0,0,155,2,12,0
5031130,1,0,0,1,1,0,155,2,12,0
5031702,0,1,0,1,0,0,155,2,12,0
5031839,1,1,1,1,1,0,155,2,12,0
5032522,0,1,0,1,0,0,155,2,12,0
5032551,0,1,0,1,0,0,155,2,12,0
5032694,1,1,0,0,0,0,155,2,12,0
5032902,0,1,1,0,1,0,155,2,12,0
5032946,1,0,1,0,0,0,155,2,12,0
5033367,1,0,1,0,0,0,155,2,12,0
5034173,0,0,0,0,1,0,155,2,12,0
5034487,0,1,1,0,1,0,155,2,12,0
5034870,0,0,1,1,0,0,155,2,12,0
5035508,0,1,0,1,0,0,155,2,12,0
5035541,1,0,1,0,0,0,155,2,12,0
5035934,1,0,0,1,1,0,155,2,12,0
5035988,1,1,0,0,0,0,155,2,12,0
5036178,1,1,1,1,1,0,155,2,12,0
5036251,1,0,0,1,1,0,155,2,12,0
5036810,0,0,0,0,1,0,155,2,12,0
5036817,0,1,0,1,0,0,155,2,12,0
5037353,0,1,0,1,0,0,155,2,12,0
5038002,1,0,1,0,0,0,155,2,12,0
5038084,1,0,1,0,0,0,155,2,12,0
5038091,0,0,1,1,0,0,155,2,12,0
5038824,1,1,0,0,0,0,155,2,12,0
5038926,1,1,0,0,0,0,155,2,12,0
5040044,1,0,1,0,0,0,155,2,12,0
5040500,0,1,1,0,1,0,155,2,12,0
5040794,0,1,1,0,1,0,155,2,12,0
5041117,1,1,1,0,1,1,155,2,12,0
5041900,0,0,1,1,0,0,155,2,12,0
5041935,1,1,0,0,0,0,155,2,12,0
5042160,0,0,1,1,0,0,155,2,12,0
5042659,0,0,1,1,0,0,155,2,12,0
5043181,0,0,1,1,0,0,155,2,12,0
5043541,1,1,0,0,0,0,155,2,12,0
5044479,0,1,1,0,1,0,155,2,12,0
5045342,1,0,0,1,1,0,155,2,12,0
5045351,1,0,1,0,0,0,155,2,12,0
5045523,0,1,1,0,1,0,155,2,12,0
5045616,0,0,1,1,0,0,155,2,12,0
5050605,0,1,0,1,0,0,16,2,12,0
5054236,1,1,1,1,1,0,16,2,12,0
5056190,0,1,0,1,0,0,16,2,12,0
5056208,1,1,1,1,1,0,16,2,12,0
5069780,1,0,0,1,1,0,16,2,12,0
5071250,1,0,0,1,1,0,16,2,12,0
5088157,0,0,0,0,1,0,16,2,12,0
5097814,0,1,0,1,0,0,16,2,12,0
5100447,1,1,1,1,1,0,16,2,12,0
5104979,0,1,0,1,0,0,16,2,12,0
5105279,0,0,0,0,1,0,16,2,12,0
5106134,0,1,0,1,0,0,16,2,12,0
5107372,1,0,1,0,0,0,16,2,12,0
5109563,1,1,1,1,1,0,16,2,12,0
5111589,0,1,0,1,0,0,16,2,12,0
5112825,0,0,1,1,0,0,255,2,12,0
5112936,0,1,0,0,0,0,255,2,12,0
5113292,0,1,1,0,1,0,255,2,12,0
5113594,1,1,0,0,0,0,255,2,12,0
5113780,1,0,1,0,0,0,255,2,12,0
5113800,1,1,0,0,0,0,255,2,12,0
5113875,1,1,1,1,1,0,255,2,12,0
5113880,1,1,0,0,0,0,255,2,12,0
5114375,1,1,0,0,0,0,255,2,12,0
5114737,0,0,1,0,0,0,255,2,12,0
5115674,0,1,1,0,1,0,255,2,12,0
5115694,1,0,0,1,1,0,255,2,12,0
5115720,0,1,1,0,1,0,255,2,12,0
5116251,1,1,0,0,0,0,255,2,12,0
5116331,1,1,1,1,1,0,255,2,12,0
5116996,1,1,1,1,1,0,255,2,12,0
5117038,0,1,0,1,0,0,255,2,12,0
5117528,1,0,1,0,0,0,255,2,12,0
5117621,1,1,0,0,0,0,255,2,12,0
5117881,0,0,1,1,0,0,255,2,12,0
5118028,0,1,0,1,0,0,255,2,12,0
5118277,0,0,1,1,0,0,255,2,12,0
5118468,0,0,1,1,0,0,255,2,12,0
5118513,0,1,1,0,1,0,255,2,12,0
5118689,1,1,1,1,1,0,255,2,12,0
5118879,0,0,0,0,1,0,255,2,12,0
5118988,0,1,1,0,1,0,255,2,12,0
5119188,1,0,0,1,1,0,255,2,12,0
5119342,0,0,1,1,0,0,255,2,12,0
5119351,0,0,1,1,0,0,255,2,12,0
5119602,0,0,0,0,1,0,255,2,12,0
5120042,0,1,1,0,1,0,255,2,12,0
5120128,0,1,1,0,1,0,255,2,12,0
5120172,0,0,0,0,1,0,255,2,12,0
5120260,1,1,0,0,0,0,255,2,12,0
5120545,1,1,0,0,0,0,255,2,12,0
5120750,0,1,0,1,0,0,255,2,12,0
5120805,0,0,0,0,1,0,255,2,12,0
5121020,0,1,0,1,0,0,255,2,12,0
5121046,1,1,0,0,0,0,255,2,12,0
5121294,1,1,0,0,0,0,255,2,12,0
5121401,0,0,0,0,1,0,255,2,12,0
5121478,1,1,1,1,1,0,255,2,12,0
5122312,1,1,1,1,1,0,255,2,12,0
5122368,1,1,1,1,1,0,255,2,12,0
5122393,1,1,1,1,1,0,255,2,12,0
5122602,1,1,0,0,0,0,255,2,12,0
5122975,1,0,1,0,0,0,255,2,12,0
5123110,1,0,1,0,0,0,255,2,12,0
5123287,1,0,1,0,0,0,255,2,12,0
5123883,1,0,0,1,1,0,255,2,12,0
5124102,1,0,1,0,0,0,255,2,12,0
5124386,0,0,0,0,1,0,255,2,12,0
5124389,0,0,1,1,0,0,255,2,12,0
5124559,1,0,1,0,0,0,255,2,12,0
5124731,0,0,1,1,0,0,255,2,12,0
5124828,1,0,0,1,1,0,255,2,12,0
5125316,1,0,1,0,0,0,255,2,12,0
5125478,1,1,0,0,0,0,255,2,12,0
5125480,0,1,1,0,1,0,255,2,12,0
5125530,1,0,0,1,1,0,255,2,12,0
5126086,1,0,1,0,0,0,255,2,12,0
5126451,0,0,0,0,1,0,255,2,12,0
5126543,1,1,1,1,1,0,255,2,12,0
5127241,0,1,1,0,1,0,255,2,12,0
5127324,0,0,0,0,1,0,255,2,12,0
5127422,0,1,1,0,1,0,255,2,12,0
5127577,0,1,0,1,0,0,255,2,12,0
5127597,1,0,0,1,1,0,255,2,12,0
5127846,0,1,1,0,1,0,255,2,12,0
5128504,0,1,0,1,0,0,255,2,12,0
5129008,1,0,0,1,1,0,255,2,12,0
5129725,1,1,0,0,0,0,255,2,12,0
5131071,0,1,1,0,1,0,255,2,12,0
5131256,1,0,1,0,0,0,255,2,12,0
5131286,0,0,0,0,1,0,255,2,12,0
5131393,1,0,1,0,0,0,255,2,12,0
5131638,0,1,0,1,0,0,255,2,12,0
5131645,0,0,1,1,0,0,255,2,12,0
5131745,1,1,1,1,1,0,255,2,12,0
5131800,1,1,0,0,0,0,255,2,12,0
5132965,1,1,1,1,1,0,255,2,12,0
5133140,1,1,0,0,0,0,255,2,12,0
5133497,1,0,1,0,0,0,255,2,12,0
5133538,1,0,1,0,0,0,255,2,12,0
5133545,1,0,0,1,1,0,255,2,12,0
5133666,1,0,1,0,0,0,255,2,12,0
5133738,1,1,0,0,0,0,255,2,12,0
5133973,1,0,0,1,1,0,255,2,12,0
5134181,1,1,0,0,0,0,255,2,12,0
5134261,0,0,1,1,0,0,255,2,12,0
5134305,1,1,1,1,1,0,255,2,12,0
5134386,0,0,1,1,0,0,255,2,12,0
5134590,1,1,0,0,0,0,255,2,12,0
5134686,0,0,0,0,1,0,255,2,12,0
5135311,1,0,1,0,0,0,255,2,12,0
5135582,0,1,1,0,1,0,255,2,12,0
5135707,0,1,0,1,0,0,255,2,12,0
5137352,0,0,0,0,1,0,255,2,12,0
5137523,1,0,0,1,1,0,255,2,12,0
5137595,0,0,1,1,0,0,255,2,12,0
5138114,0,0,0,0,1,0,255,2,12,0
5138541,1,1,0,1,0,0,255,2,12,0
5138666,0,1,1,0,1,0,255,2,12,0
5138758,0,1,1,0,1,0,255,2,12,0
5138975,1,1,0,0,0,0,255,2,12,0
5139017,0,0,1,1,0,0,255,2,12,0
5139020,0,1,1,0,1,0,255,2,12,0
5139197,0,0,1,1,0,0,255,2,12,0
5139622,0,0,0,0,1,0,255,2,12,0
5139865,1,0,1,0,0,0,255,2,12,0
5140041,1,0,0,1,1,0,255,2,12,0
5140429,1,0,1,1,0,0,255,2,12,0
5140431,0,1,1,0,1,0,255,2,12,0
5140434,0,1,0,1,0,0,255,2,12,0
5140444,0,0,1,1,0,0,255,2,12,0
5140847,1,0,1,0,0,0,255,2,12,0
5141368,1,0,1,1,0,0,255,2,12,0
5141545,1,0,1,0,0,0,255,2,12,0
5141691,1,0,1,0,0,0,255,2,12,0
5141756,1,1,0,0,0,0,255,2,12,0
5141765,0,1,1,0,1,0,255,2,12,0
5141866,0,1,0,1,0,0,255,2,12,0
5141917,0,0,1,1,0,0,255,2,12,0
5142027,0,1,0,1,0,0,255,2,12,0
5142438,0,1,0,1,0,0,255,2,12,0
5142620,1,0,0,1,1,0,255,2,12,0
5142695,0,0,0,0,1,0,255,2,12,0
5142825,0,1,0,1,0,0,255,2,12,0
5142844,0,0,1,1,0,0,255,2,12,0
5142855,0,0,1,1,0,0,255,2,12,0
5142939,1,0,1,0,0,0,255,2,12,0
5143113,1,0,0,1,1,0,255,2,12,0
5143196,0,0,1,0,0,0,255,2,12,0
5143317,1,1,0,0,0,0,255,2,12,0
5143756,0,0,1,0,0,0,255,2,12,0
5143971,1,1,0,0,0,0,255,2,12,0
5144043,1,0,1,0,0,0,255,2,12,0
5144529,1,1,1,1,1,0,255,2,12,0
5145010,0,1,1,0,1,0,255,2,12,0
5145053,1,0,0,1,1,0,255,2,12,0
5145103,0,0,0,0,1,0,255,2,12,0
5145515,0,0,1,1,0,0,255,2,12,0
5145764,1,1,1,1,1,0,255,2,12,0
5146033,0,1,1,0,1,0,255,2,12,0
5146195,0,1,0,1,0,0,255,2,12,0
5146211,0,1,1,0,1,0,255,2,12,0
5146423,0,1,1,0,1,0,255,2,12,0
5146466,0,0,0,0,1,0,255,2,12,0
5147009,1,0,0,1,1,0,255,2,12,0
5147263,1,0,1,0,0,0,255,2,12,0
5147557,1,0,1,0,0,0,255,2,12,0
5147587,1,1,0,0,0,0,255,2,12,0
5147983,1,1,0,0,0,0,255,2,12,0
5148119,1,0,0,1,1,0,255,2,12,0
5148336,0,0,1,1,0,0,255,2,12,0
5148419,0,1,1,0,1,0,255,2,12,0
5149067,0,1,1,0,1,0,255,2,12,0
5149126,1,0,0,1,1,0,255,2,12,0
5149141,0,1,0,1,0,0,255,2,12,0
5149247,1,0,0,1,1,0,255,2,12,0
5149546,1,1,0,0,0,0,255,2,12,0
5149854,0,0,0,0,1,0,255,2,12,0
5150123,0,1,1,0,1,0,255,2,12,0
5150160,0,1,1,0,1,0,255,2,12,0
5150359,1,0,1,0,0,0,255,2,12,0
5150778,0,0,1,1,0,0,255,2,12,0
5150885,0,0,0,0,1,0,255,2,12,0
5150901,1,1,0,0,0,0,255,2,12,0
5151205,0,0,0,0,1,0,255,2,12,0
5151242,0,1,0,1,0,0,255,2,12,0
5151285,0,0,1,1,0,0,255,2,12,0
5151529,0,0,1,1,0,0,255,2,12,0
5151598,0,0,0,0,1,0,255,2,12,0
5151648,0,1,0,1,0,0,255,2,12,0
5152164,0,0,1,1,0,0,255,2,12,0
5152259,0,1,1,0,1,0,255,2,12,0
5152352,0,1,1,0,1,0,255,2,12,0
5152360,0,0,0,0,1,0,255,2,12,0
5152439,0,1,0,1,0,0,255,2,12,0
5152453,1,1,0,0,0,0,255,2,12,0
5152555,0,0,0,0,1,0,255,2,12,0
5152837,0,0,0,0,1,0,255,2,12,0
5152955,1,0,0,1,1,0,255,2,12,0
5153305,0,1,1,0,1,0,255,2,12,0
5153515,0,1,1,0,1,0,255,2,12,0
5153881,0,0,1,1,0,0,255,2,12,0
5153960,0,0,1,1,0,0,255,2,12,0
5153980,1,0,0,1,1,0,255,2,12,0
5154376,0,1,1,0,1,0,255,2,12,0
5154481,0,1,0,1,0,0,255,2,12,0
5154748,0,0,1,1,0,0,255,2,12,0
5155652,1,1,0,0,0,0,255,2,12,0
5155713,0,1,1,0,1,0,255,2,12,0
5155823,1,1,1,1,1,0,255,2,12,0
5155825,1,0,0,1,1,0,255,2,12,0
5155906,0,0,0,0,1,0,255,2,12,0
5156059,1,1,1,1,1,0,255,2,12,0
5156112,1,1,1,1,1,0,255,2,12,0
5156141,1,1,1,1,1,0,255,2,12,0
5156155,1,0,1,0,0,0,255,2,12,0
5156204,1,0,1,0,0,0,255,2,12,0
5156531,1,0,0,1,1,0,255,2,12,0
5157100,0,0,1,1,0,0,255,2,12,0
5157241,0,0,1,1,0,0,255,2,12,0
5157473,0,1,1,0,1,0,255,2,12,0
5157612,0,0,1,1,0,0,255,2,12,0
5157682,0,0,0,0,1,0,255,2,12,0
5157892,1,1,1,1,1,0,255,2,12,0
5158049,1,1,1,1,1,0,255,2,12,0
5158239,1,1,1,1,1,0,255,2,12,0
5158461,1,0,0,1,1,0,255,2,12,0
5158484,1,1,0,0,0,0,255,2,12,0
5158813,1,0,1,0,0,0,255,2,12,0
5158828,0,1,0,1,0,0,255,2,12,0
5158833,1,1,0,1,0,0,255,2,12,0
5159161,0,1,1,0,1,0,255,2,12,0
5159539,1,1,1,1,1,0,255,2,12,0
5159543,1,1,0,0,0,0,255,2,12,0
5159607,1,0,0,1,1,0,255,2,12,0
5159894,1,0,0,1,1,0,255,2,12,0
5160003,1,1,0,0,0,0,255,2,12,0
5160102,1,0,0,1,1,0,255,2,12,0
5160296,1,0,0,1,1,0,255,2,12,0
5160509,1,0,1,0,0,0,255,2,12,0
5160532,1,0,0,1,1,0,255,2,12,0
5160618,1,0,0,1,1,0,255,2,12,0
5160729,0,1,1,0,1,0,255,2,12,0
5161417,0,1,0,1,0,0,255,2,12,0
5161800,0,0,0,0,1,0,255,2,12,0
5161986,1,0,0,1,1,0,255,2,12,0
5162133,1,1,0,0,0,0,255,2,12,0
5162428,0,1,0,1,0,0,255,2,12,0
5162483,1,1,0,0,0,0,255,2,12,0
5162902,1,1,0,0,0,0,255,2,12,0
5162918,1,1,0,0,0,0,255,2,12,0
5163241,0,0,0,0,1,0,255,2,12,0
5163731,0,0,1,1,0,0,255,2,12,0
5163740,1,1,1,1,1,0,255,2,12,0
5164160,0,0,1,1,0,0,255,2,12,0
5164260,0,1,1,0,1,0,255,2,12,0
5164327,1,1,1,1,1,0,255,2,12,0
5164614,0,0,1,0,0,0,255,2,12,0
5164768,1,1,0,0,0,0,255,2,12,0
5164942,0,0,1,1,0,0,255,2,12,0
5165007,0,0,1,1,0,0,255,2,12,0
5165305,0,0,1,1,0,0,255,2,12,0
5165408,0,1,1,0,1,0,255,2,12,0
5165415,0,1,1,0,1,0,255,2,12,0
5165959,1,1,1,1,1,0,255,2,12,0
5166248,1,1,1,1,1,0,255,2,12,0
5166358,1,0,0,1,1,0,255,2,12,0
5166427,1,1,0,0,0,0,255,2,12,0
5166519,1,0,0,1,1,0,255,2,12,0
5166531,1,1,1,1,1,0,255,2,12,0
5167092,0,0,0,0,1,0,255,2,12,0
5167533,1,1,0,0,0,0,255,2,12,0
5168827,1,0,0,1,1,0,255,2,12,0
5168901,1,1,0,0,0,0,255,2,12,0
5169106,1,0,0,1,1,0,255,2,12,0
5169160,0,0,0,0,1,0,255,2,12,0
5169218,0,0,1,1,0,0,255,2,12,0
5169306,0,1,0,1,0,0,255,2,12,0
5170122,1,0,1,0,0,0,255,2,12,0
5170300,0,1,1,0,1,0,255,2,12,0
5170325,0,0,0,0,1,0,255,2,12,0
5170573,1,0,1,0,0,0,255,2,12,0
5170764,0,0,1,1,0,0,255,2,12,0
5170937,1,1,0,0,0,0,255,2,12,0
5171101,0,1,1,0,1,0,255,2,12,0
5171124,0,1,1,0,1,0,255,2,12,0
5171348,0,0,1,1,0,0,255,2,12,0
5171731,0,1,0,1,0,0,255,2,12,0
5171758,1,1,1,1,1,0,255,2,12,0
5172098,1,0,0,1,1,0,255,2,12,0
5172328,0,0,1,1,0,0,255,2,12,0
5172462,1,1,0,0,0,0,255,2,12,0
5172838,0,1,1,0,1,0,255,2,12,0
5173055,1,1,0,0,0,0,255,2,12,0
5173217,1,1,1,1,1,0,255,2,12,0
5173378,0,0,0,0,1,0,255,2,12,0
5173518,1,1,1,1,1,0,255,2,12,0
5173630,1,0,0,1,1,0,255,2,12,0
5173649,0,1,1,0,1,0,255,2,12,0
5173907,0,1,0,1,0,0,255,2,12,0
5174090,0,0,0,0,1,0,255,2,12,0
5174174,0,1,0,1,0,0,255,2,12,0
5174307,0,1,0,1,0,0,255,2,12,0
5174858,0,1,1,0,1,0,255,2,12,0
5174898,0,0,0,0,1,0,255,2,12,0
5175049,0,0,1,1,0,0,255,2,12,0
5175104,1,1,0,1,0,0,255,2,12,0
5175899,1,0,1,0,0,0,255,2,12,0
5176113,0,0,1,1,0,0,255,2,12,0
5176685,0,0,0,0,1,0,255,2,12,0
5176890,1,1,1,1,1,0,255,2,12,0
5177286,0,0,1,1,0,0,255,2,12,0
5178498,1,0,1,0,0,0,49,1,12,0
5178638,1,1,0,0,0,0,49,1,12,0
5179131,0,0,0,0,1,0,49,1,12,0
5179370,1,0,0,1,1,0,49,1,12,0
5180461,1,0,1,0,0,0,49,1,12,0
5181215,0,0,1,1,0,0,49,1,12,0
5182332,0,0,1,1,0,0,49,1,12,0
5182522,0,0,1,1,0,0,49,1,12,0
5182940,0,1,0,0,0,0,49,1,12,0
5186071,0,1,1,0,1,0,49,1,12,0
5187498,0,1,1,0,1,0,49,1,12,0
5187778,0,1,0,1,0,0,49,1,12,0
5192675,0,0,1,1,0,0,49,1,12,0
5198416,1,0,0,1,1,0,49,1,12,0
5198447,0,1,0,1,0,0,49,1,12,0
5203577,1,0,0,1,1,0,49,1,12,0
5203710,1,1,1,1,1,0,49,1,12,0
5204172,0,1,1,0,1,0,49,1,12,0
5205501,1,0,1,0,0,0,49,1,12,0
5205661,0,1,1,0,1,0,49,1,12,0
5205899,1,1,1,1,1,0,49,1,12,0
5207751,0,0,0,0,1,0,49,1,12,0
5208385,0,1,1,0,1,0,49,1,12,0
5210806,1,1,1,1,1,0,49,1,12,0
5211130,0,0,1,1,0,0,49,1,12,0
5213439,1,0,0,1,1,0,49,1,12,0
5213690,0,0,1,1,0,0,49,1,12,0
5214061,1,1,0,0,0,0,49,1,12,0
5215653,0,0,1,1,0,0,49,1,12,0
5222592,0,0,0,0,1,0,49,1,12,0
5222635,0,0,0,0,1,0,49,1,12,0
5223365,1,1,1,1,1,0,49,1,12,0
5223954,1,0,1,0,0,0,49,1,12,0
5224582,0,0,1,1,0,0,49,1,12,0
5226708,1,1,1,1,1,0,49,1,12,0
5227116,1,0,1,0,0,0,49,1,12,0
5228499,1,1,1,1,1,0,49,1,12,0
5229330,0,1,0,1,0,0,49,1,12,0
5229776,1,1,0,0,0,0,49,1,12,0
5230322,1,1,0,0,0,0,49,1,12,0
5230442,0,0,1,1,0,0,49,1,12,0
5230562,0,0,0,0,1,0,49,1,12,0
5230781,1,0,0,1,1,0,49,1,12,0
5231683,1,1,1,1,1,0,49,1,12,0
5233042,0,1,1,0,1,0,49,1,12,0
5234831,0,1,1,0,1,0,49,1,12,0
5236141,0,1,1,0,1,0,49,1,12,0
5236537,1,1,0,0,0,0,49,1,12,0
5237972,1,1,0,0,0,0,49,1,12,0
5238185,1,0,1,0,0,0,49,1,12,0
5238920,1,1,1,1,1,0,49,1,12,0
5241080,1,0,1,0,0,0,49,1,12,0
5242912,1,1,0,0,0,0,144,2,9,0
5242944,0,1,0,1,0,0,144,2,9,0
5243297,1,0,1,0,0,0,144,2,9,0
5243965,0,1,0,1,0,0,144,2,9,0
5244022,1,1,0,0,0,0,144,2,9,0
5244274,1,0,0,0,1,1,144,2,9,0
5245862,0,0,1,1,0,0,144,2,9,0
5247000,0,1,1,0,1,0,144,2,9,0
5247045,1,0,1,0,0,0,144,2,9,0
5248656,0,0,1,0,0,0,144,2,9,0
5249783,1,1,1,1,1,0,144,2,9,0
5251851,0,0,0,0,1,0,144,2,9,0
5252088,1,0,0,1,1,0,144,2,9,0
5252098,0,0,0,0,1,0,144,2,9,0
5252264,1,1,1,1,1,0,144,2,9,0
5252760,1,0,0,1,1,0,144,2,9,0
5252809,0,1,1,0,1,0,144,2,9,0
5253285,1,0,1,0,0,0,144,2,9,0
5253610,1,1,1,1,1,0,144,2,9,0
5254402,1,1,0,0,0,0,144,2,9,0
5254589,1,0,0,1,1,0,144,2,9,0
5254989,0,0,1,1,0,0,144,2,9,0
5255018,0,0,0,0,1,0,144,2,9,0
5256118,1,0,1,0,0,0,144,2,9,0
5256663,0,0,1,1,0,0,144,2,9,0
5257186,1,1,0,0,0,0,144,2,9,0
5258570,1,0,0,1,1,0,144,2,9,0
5258653,0,0,0,0,1,0,144,2,9,0
5259506,1,1,1,1,1,0,144,2,9,0
5260155,0,1,0,0,0,0,144,2,9,0
5260358,0,1,1,0,1,0,144,2,9,0
5261258,1,1,0,0,0,0,144,2,9,0
5261655,1,0,1,0,0,0,144,2,9,0
5261803,1,1,1,1,1,0,144,2,9,0
5262355,0,1,1,0,1,0,144,2,9,0
5262481,1,0,0,1,1,0,144,2,9,0
5264436,0,0,1,1,0,0,144,2,9,0
5265607,1,0,1,0,0,0,144,2,9,0
5265668,1,0,0,1,1,0,144,2,9,0
5265730,0,1,1,0,1,0,144,2,9,0
5268982,0,1,0,1,0,0,144,2,9,0
5269390,1,0,0,1,1,0,144,2,9,0
5269512,0,0,0,0,1,0,144,2,9,0
5270038,1,0,0,1,1,0,144,2,9,0
5270956,1,1,1,1,1,0,144,2,9,0
5270979,0,1,0,1,0,0,144,2,9,0
5271097,1,1,0,0,0,0,144,2,9,0
5271680,1,1,1,1,1,0,144,2,9,0
5273020,0,1,1,0,1,0,144,2,9,0
5273055,1,1,0,0,0,0,144,2,9,0
5273082,1,1,0,0,0,0,144,2,9,0
5275071,1,0,1,0,0,0,144,2,9,0
5275774,1,0,1,0,0,0,144,2,9,0
5276025,1,1,0,0,0,0,144,2,9,0
5276828,1,1,1,1,1,0,144,2,9,0
5277114,1,0,1,0,0,0,144,2,9,0
5277413,0,1,1,0,1,0,144,2,9,0
5278213,0,1,1,0,1,0,144,2,9,0
5278935,1,0,0,1,1,0,144,2,9,0
5279008,1,0,0,1,1,0,144,2,9,0
5279834,0,0,0,0,1,0,144,2,9,0
5281029,0,1,0,1,0,0,144,2,9,0
5281472,1,0,0,1,1,0,144,2,9,0
5282253,1,0,1,0,0,0,144,2,9,0
5283578,1,0,1,0,0,0,144,2,9,0
5283977,0,1,1,0,1,0,144,2,9,0
5284117,1,1,0,0,0,0,144,2,9,0
5284344,0,1,1,0,1,0,144,2,9,0
5285766,1,1,0,0,0,0,144,2,9,0
5286214,0,1,0,1,0,0,144,2,9,0
5286942,0,1,1,0,1,0,144,2,9,0
5287206,0,0,1,1,0,0,144,2,9,0
5287302,0,0,1,1,0,0,144,2,9,0
5287308,1,0,1,0,0,0,144,2,9,0
5289610,1,1,0,0,0,0,144,2,9,0
5291514,1,0,1,0,0,0,144,2,9,0
5291809,0,1,0,1,0,0,144,2,9,0
5292315,0,0,0,0,1,0,144,2,9,0
5292595,0,1,0,1,0,0,144,2,9,0
5292998,0,1,0,1,0,0,144,2,9,0
5293028,0,1,1,0,1,0,144,2,9,0
5293597,0,0,1,1,0,0,144,2,9,0
5293952,0,1,1,0,1,0,144,2,9,0
5294371,1,1,0,0,0,0,144,2,9,0
5295038,1,1,1,1,1,0,144,2,9,0
5298678,1,1,0,0,0,0,144,2,9,0
5299270,1,1,0,0,0,0,144,2,9,0
5299470,1,0,1,0,0,0,144,2,9,0
5302129,1,1,1,1,1,0,144,2,9,0
5304682,0,0,1,1,0,0,144,2,9,0
5306451,1,1,1,1,1,0,144,2,9,0
5306958,1,1,1,1,1,0,144,2,9,0
5307023,1,0,0,1,1,0,144,2,9,0
5307150,1,0,1,0,0,0,144,2,9,0
5307954,1,0,0,1,1,0,144,2,9,0
5308286,0,0,1,1,0,0,144,2,9,0
5309201,1,0,0,1,1,0,25,2,12,0
5320704,0,1,0,1,0,0,25,2,12,0
5322286,0,0,0,0,1,0,25,2,12,0
5325024,0,0,1,1,0,0,25,2,12,0
5326588,0,1,1,0,1,0,25,2,12,0
5331378,1,0,1,0,0,0,25,2,12,0
5331899,0,0,1,1,0,0,25,2,12,0
5332279,0,0,0,0,1,0,25,2,12,0
5332663,0,1,0,1,0,0,25,2,12,0
5333358,0,0,0,0,1,0,25,2,12,0
5335107,0,1,0,1,0,0,25,2,12,0
5335143,0,0,0,0,1,0,25,2,12,0
5338236,0,1,1,0,1,0,25,2,12,0
5338574,1,1,0,0,0,0,25,2,12,0
5341896,0,1,1,0,1,0,25,2,12,0
5347965,1,0,1,0,0,0,25,2,12,0
5349038,0,1,0,1,0,0,25,2,12,0
5351316,1,0,1,0,0,0,25,2,12,0
5356361,1,1,0,0,0,0,25,2,12,0
5359845,1,1,1,1,1,0,25,2,12,0
5363834,0,0,1,1,0,0,25,2,12,0
5371272,1,1,0,0,0,0,25,2,12,0
5371452,0,0,1,1,0,0,25,2,12,0
5372276,0,1,1,0,1,0,25,2,12,0
5374055,1,1,0,0,0,0,81,2,12,0
5374392,1,0,1,0,0,0,81,2,12,0
5375248,1,1,0,0,0,0,81,2,12,0
5375253,1,0,1,0,0,0,81,2,12,0
5381467,0,0,0,0,1,0,81,2,12,0
5381851,1,0,0,1,1,0,81,2,12,0
5382397,1,0,0,1,1,0,81,2,12,0
5383404,1,1,0,0,0,0,81,2,12,0
5384523,1,1,0,0,0,0,81,2,12,0
5385318,1,1,0,0,0,0,81,2,12,0
5385443,1,0,0,1,1,0,81,2,12,0
5385994,0,0,1,1,0,0,81,2,12,0
5389848,0,1,0,1,0,0,81,2,12,0
5389861,0,0,0,0,1,0,81,2,12,0
5390781,1,1,0,0,0,0,81,2,12,0
5391023,0,1,1,0,1,0,81,2,12,0
5394117,0,0,0,0,1,0,81,2,12,0
5396351,0,1,1,0,1,0,81,2,12,0
5398651,0,1,0,1,0,0,81,2,12,0
5398687,0,1,0,1,0,0,81,2,12,0
5400726,1,0,0,1,1,0,81,2,12,0
5401117,1,0,1,0,0,0,81,2,12,0
5401570,1,1,0,0,0,0,81,2,12,0
5402298,1,0,0,1,1,0,81,2,12,0
5402395,1,1,0,0,0,0,81,2,12,0
5402406,1,0,0,1,1,0,81,2,12,0
5402455,0,0,1,1,0,0,81,2,12,0
5402698,1,0,1,0,0,0,81,2,12,0
5408944,1,1,0,0,0,0,81,2,12,0
5409149,1,1,1,1,1,0,81,2,12,0
5409291,1,1,1,1,1,0,81,2,12,0
5409564,0,1,1,1,1,1,81,2,12,0
5410570,0,0,1,1,0,0,81,2,12,0
5410630,0,1,0,0,0,0,81,2,12,0
5411717,1,1,1,1,1,0,81,2,12,0
5412860,1,0,0,1,1,0,81,2,12,0
5413225,1,0,1,0,0,0,81,2,12,0
5413585,1,1,0,0,0,0,81,2,12,0
5414739,1,0,0,1,1,0,81,2,12,0
5416032,1,0,1,0,0,0,81,2,12,0
5417709,1,1,0,0,0,0,81,2,12,0
5418147,1,1,1,0,1,1,81,2,12,0
5418463,0,0,1,1,0,0,81,2,12,0
5418970,1,1,0,0,0,0,81,2,12,0
5423672,1,0,0,1,1,0,81,2,12,0
5424062,1,1,1,1,1,0,81,2,12,0
5424188,0,1,1,0,1,0,81,2,12,0
5425649,1,0,0,1,1,0,81,2,12,0
5426694,0,1,0,1,0,0,81,2,12,0
5428585,0,0,0,0,1,0,81,2,12,0
5428763,0,1,0,1,0,0,81,2,12,0
5428982,1,1,1,1,1,0,81,2,12,0
5429042,0,0,1,1,0,0,81,2,12,0
5429770,0,1,1,0,1,0,81,2,12,0
5431067,0,1,0,1,0,0,81,2,12,0
5431372,1,1,1,0,1,1,81,2,12,0
5431503,0,1,1,0,1,0,81,2,12,0
5434015,0,0,0,0,1,0,81,2,12,0
5436720,0,0,1,1,0,0,81,2,12,0
5438919,1,0,1,0,0,0,81,2,12,0
5438942,1,1,1,1,1,0,81,2,12,0
5439005,1,1,1,1,1,0,81,2,12,0
5439044,1,1,1,1,1,0,81,2,12,0
5439638,0,1,0,1,0,0,59,2,12,0
5439871,1,1,0,0,0,0,59,2,12,0
5441270,1,0,1,0,0,0,59,2,12,0
5442112,1,0,0,1,1,0,59,2,12,0
5445476,0,0,0,0,1,0,59,2,12,0
5445876,1,1,1,1,1,0,59,2,12,0
5445883,0,0,0,0,1,0,59,2,12,0
5447420,0,1,1,0,1,0,59,2,12,0
5449143,1,1,1,1,1,0,59,2,12,0
5449298,0,0,1,1,0,0,59,2,12,0
5449986,0,1,1,0,1,0,59,2,12,0
5450509,0,0,0,0,1,0,59,2,12,0
5452813,0,1,0,1,0,0,59,2,12,0
5455668,1,1,0,0,0,0,59,2,12,0
5457890,0,0,1,1,0,0,59,2,12,0
5458258,0,0,0,0,1,0,59,2,12,0
5459052,1,0,0,1,1,0,59,2,12,0
5461168,1,1,1,1,1,0,59,2,12,0
5464889,0,0,0,0,1,0,59,2,12,0
5465688,0,0,0,0,1,0,59,2,12,0
5466077,0,0,0,0,1,0,59,2,12,0
5466715,0,1,1,0,1,0,59,2,12,0
5467900,1,1,0,0,0,0,59,2,12,0
5468087,0,1,1,0,1,0,59,2,12,0
5468999,1,0,1,0,0,0,59,2,12,0
5469181,1,0,0,1,1,0,59,2,12,0
5469615,0,1,0,1,0,0,59,2,12,0
5469678,0,0,0,0,1,0,59,2,12,0
5470519,0,0,1,1,0,0,59,2,12,0
5470802,1,1,0,0,0,0,59,2,12,0
5472389,1,0,0,1,1,0,59,2,12,0
5474084,1,1,1,1,1,0,59,2,12,0
5474893,1,1,1,1,1,0,59,2,12,0
5477328,0,1,0,1,0,0,59,2,12,0
5477695,1,0,0,1,1,0,59,2,12,0
5479132,0,1,1,0,1,0,59,2,12,0
5479609,1,1,0,0,0,0,59,2,12,0
5481805,1,0,0,1,1,0,59,2,12,0
5482287,1,1,1,1,1,0,59,2,12,0
5484301,0,1,1,0,1,0,59,2,12,0
5484927,0,1,0,1,0,0,59,2,12,0
5485748,0,0,1,1,0,0,59,2,12,0
5486020,0,0,1,1,0,0,59,2,12,0
5486213,1,1,0,0,0,0,59,2,12,0
5486835,0,0,1,1,0,0,59,2,12,0
5486985,1,1,0,0,0,0,59,2,12,0
5489276,0,0,1,1,0,0,59,2,12,0
5489659,1,0,0,1,1,0,59,2,12,0
5489846,0,0,1,1,0,0,59,2,12,0
5490437,0,1,0,1,0,0,59,2,12,0
5491413,1,1,0,0,0,0,59,2,12,0
5492820,1,0,1,0,0,0,59,2,12,0
5493260,1,0,1,0,0,0,59,2,12,0
5494271,0,1,0,1,0,0,59,2,12,0
5494928,1,0,1,0,0,0,59,2,12,0
5495452,1,1,1,1,1,0,59,2,12,0
5496104,0,0,0,0,1,0,59,2,12,0
5496506,1,1,0,0,0,0,59,2,12,0
5497007,1,1,1,1,1,0,59,2,12,0
5498010,1,1,1,1,1,0,59,2,12,0
5498117,1,0,0,1,1,0,59,2,12,0
5498428,1,0,1,0,0,0,59,2,12,0
5500983,0,1,1,0,1,0,59,2,12,0
5502026,0,1,0,1,0,0,59,2,12,0
5503745,1,1,0,0,0,0,59,2,12,0
5505827,0,1,0,1,0,0,102,2,12,0
5506716,1,1,0,0,0,0,102,2,12,0
5507992,0,1,0,1,0,0,102,2,12,0
5508075,1,1,0,0,0,0,102,2,12,0
5508140,1,0,1,0,0,0,102,2,12,0
5508798,1,1,1,1,1,0,102,2,12,0
5509865,1,1,0,0,0,0,102,2,12,0
5510527,0,0,1,1,0,0,102,2,12,0
5513008,0,1,1,0,1,0,102,2,12,0
5513493,0,1,1,0,1,0,102,2,12,0
5515948,1,1,1,1,1,0,102,2,12,0
5516130,1,0,1,0,0,0,102,2,12,0
5516371,1,0,1,0,0,0,102,2,12,0
5516569,0,0,1,1,0,0,102,2,12,0
5516805,1,0,0,1,1,0,102,2,12,0
5518474,0,1,1,0,1,0,102,2,12,0
5518604,0,1,0,1,0,0,102,2,12,0
5519035,1,0,1,0,0,0,102,2,12,0
5519257,0,0,0,0,1,0,102,2,12,0
5519452,0,0,1,0,0,0,102,2,12,0
5520232,1,1,0,0,0,0,102,2,12,0
5520940,0,0,0,0,1,0,102,2,12,0
5521797,0,1,1,0,1,0,102,2,12,0
5522188,1,1,0,0,0,0,102,2,12,0
5522857,1,1,1,1,1,0,102,2,12,0
5524390,0,0,1,1,0,0,102,2,12,0
5524941,0,1,1,0,1,0,102,2,12,0
5525419,1,1,0,0,0,0,102,2,12,0
5525457,1,1,1,1,1,0,102,2,12,0
5525667,0,0,0,0,1,0,102,2,12,0
5526274,1,0,1,0,0,0,102,2,12,0
5527653,0,1,1,0,1,0,102,2,12,0
5528802,0,1,1,0,1,0,102,2,12,0
5528911,1,0,1,0,0,0,102,2,12,0
5529371,1,1,1,1,1,0,102,2,12,0
5529458,1,0,0,1,1,0,102,2,12,0
5530877,0,0,1,1,0,0,102,2,12,0
5531491,1,1,1,1,1,0,102,2,12,0
5532040,1,1,0,0,0,0,102,2,12,0
5532339,1,0,1,0,0,0,102,2,12,0
5532613,1,1,1,1,1,0,102,2,12,0
5533151,0,0,0,0,1,0,102,2,12,0
5535024,1,1,1,1,1,0,102,2,12,0
5535653,1,0,0,1,1,0,102,2,12,0
5536269,0,0,1,1,0,0,102,2,12,0
5536277,1,1,1,1,1,0,102,2,12,0
5538191,0,0,0,0,1,0,102,2,12,0
5538496,1,0,1,0,0,0,102,2,12,0
5539957,1,0,0,1,1,0,102,2,12,0
5541295,1,1,0,0,0,0,102,2,12,0
5542667,1,0,1,0,0,0,102,2,12,0
5542678,1,1,1,1,1,0,102,2,12,0
5542750,0,1,1,0,1,0,102,2,12,0
5542872,1,0,0,1,1,0,102,2,12,0
5543717,1,0,1,0,0,0,102,2,12,0
5543880,1,0,0,1,1,0,102,2,12,0
5544773,1,0,0,1,1,0,102,2,12,0
5545185,1,1,1,1,1,0,102,2,12,0
5547591,1,0,0,1,1,0,102,2,12,0
5548064,1,0,0,1,1,0,102,2,12,0
5548600,1,1,0,0,0,0,102,2,12,0
5548637,1,0,1,0,0,0,102,2,12,0
5549043,0,0,0,0,1,0,102,2,12,0
5551121,0,0,1,1,0,0,102,2,12,0
5551351,1,0,0,1,1,0,102,2,12,0
5552095,0,1,1,0,1,0,102,2,12,0
5554568,0,1,0,1,0,0,102,2,12,0
5556392,1,0,1,0,0,0,102,2,12,0
5556622,1,1,0,0,0,0,102,2,12,0
5556947,0,1,1,0,1,0,102,2,12,0
5558921,0,0,1,1,0,0,102,2,12,0
5559070,1,0,0,1,1,0,102,2,12,0
5559338,1,1,1,1,1,0,102,2,12,0
5560782,1,1,0,0,0,0,102,2,12,0
5561293,1,0,1,0,0,0,102,2,12,0
5561773,0,0,1,1,0,0,102,2,12,0
5564645,0,1,0,1,0,0,102,2,12,0
5565019,1,0,1,0,0,0,102,2,12,0
5565115,0,1,1,0,1,0,102,2,12,0
5565327,0,0,1,1,0,0,102,2,12,0
5565641,1,0,1,0,0,0,102,2,12,0
5566857,0,0,1,1,0,0,102,2,12,0
5568525,1,1,1,1,1,0,102,2,12,0
5568610,1,0,1,0,0,0,102,2,12,0
5568618,1,0,1,0,0,0,102,2,12,0
5569466,0,1,1,0,1,0,102,2,12,0
5569638,0,0,1,1,0,0,102,2,12,0
5569878,1,1,0,0,0,0,102,2,12,0
5570042,0,0,0,0,1,0,102,2,12,0
5570258,1,1,1,1,1,0,102,2,12,0
5573157,0,0,1,1,0,0,28,2,12,0
5574501,1,1,1,1,1,0,28,2,12,0
5577856,1,0,0,1,1,0,28,2,12,0
5578106,1,1,0,0,0,0,28,2,12,0
5578107,0,1,1,1,1,1,28,2,12,0
5581866,1,1,1,1,1,0,28,2,12,0
5583748,0,1,1,0,1,0,28,2,12,0
5583994,0,0,0,0,1,0,28,2,12,0
5585147,1,1,1,1,1,0,28,2,12,0
5586200,1,0,1,0,0,0,28,2,12,0
5591940,0,0,0,0,1,0,28,2,12,0
5593682,0,1,0,1,0,0,28,2,12,0
5595513,1,0,1,0,0,0,28,2,12,0
5595599,1,0,1,0,0,0,28,2,12,0
5598240,1,1,0,0,0,0,28,2,12,0
5599779,1,1,0,0,0,0,28,2,12,0
5604623,1,1,1,1,1,0,28,2,12,0
5606525,1,0,0,1,1,0,28,2,12,0
5614984,1,0,1,0,0,0,28,2,12,0
5615261,0,1,1,0,1,0,28,2,12,0
5616426,1,0,1,0,0,0,28,2,12,0
5616483,1,1,1,1,1,0,28,2,12,0
5623346,1,1,0,0,0,0,28,2,12,0
5624622,1,1,0,0,0,0,28,2,12,0
5629883,0,0,0,0,1,0,28,2,12,0
5631225,0,1,0,1,0,0,28,2,12,0
5631237,1,1,1,1,1,0,28,2,12,0
5635943,1,0,0,1,1,0,28,2,12,0
5636099,0,0,0,0,1,0,255,2,12,0
5636115,1,0,1,0,0,0,255,2,12,0
5636167,1,1,1,1,1,0,255,2,12,0
5636325,0,1,1,0,1,0,255,2,12,0
5636466,0,1,0,1,0,0,255,2,12,0
5636671,0,0,0,0,1,0,255,2,12,0
5636687,0,1,1,0,1,0,255,2,12,0
5636803,0,1,0,1,0,0,255,2,12,0
5636885,0,1,0,0,0,0,255,2,12,0
5636953,0,0,1,1,0,0,255,2,12,0
5637156,1,0,0,1,1,0,255,2,12,0
5637249,1,1,1,1,1,0,255,2,12,0
5637799,0,1,0,1,0,0,255,2,12,0
5637925,1,1,0,0,0,0,255,2,12,0
5638121,1,1,0,0,0,0,255,2,12,0
5638295,1,0,0,1,1,0,255,2,12,0
5638456,0,1,1,0,1,0,255,2,12,0
5638545,1,1,1,1,1,0,255,2,12,0
5638657,0,0,0,0,1,0,255,2,12,0
5638935,0,1,0,1,0,0,255,2,12,0
5639175,0,0,1,1,0,0,255,2,12,0
5639182,1,1,0,0,0,0,255,2,12,0
5639581,0,1,0,1,0,0,255,2,12,0
5639685,0,0,0,0,1,0,255,2,12,0
5639766,1,0,0,1,1,0,255,2,12,0
5639934,0,0,0,0,1,0,255,2,12,0
5640057,0,0,0,0,1,0,255,2,12,0
5640116,0,0,0,1,1,1,255,2,12,0
5640218,1,1,1,1,1,0,255,2,12,0
5640295,0,0,1,1,0,0,255,2,12,0
5640514,0,1,0,1,0,0,255,2,12,0
5640602,0,1,0,1,0,0,255,2,12,0
5640654,0,0,0,0,1,0,255,2,12,0
5640687,0,0,0,0,1,0,255,2,12,0
5640852,1,1,0,0,0,0,255,2,12,0
5640930,0,1,0,1,0,0,255,2,12,0
5641137,0,1,1,1,1,1,255,2,12,0
5641153,1,1,0,0,0,0,255,2,12,0
5641251,0,0,1,1,0,0,255,2,12,0
5641402,0,0,0,0,1,0,255,2,12,0
5641418,1,1,0,0,0,0,255,2,12,0
5641616,1,0,0,1,1,0,255,2,12,0
5642000,0,1,1,0,1,0,255,2,12,0
5642318,1,1,1,1,1,0,255,2,12,0
5642536,0,0,1,1,0,0,255,2,12,0
5642651,0,1,1,0,1,0,255,2,12,0
5642700,0,0,1,1,0,0,255,2,12,0
5642726,1,0,1,0,0,0,255,2,12,0
5642808,1,1,1,1,1,0,255,2,12,0
5642910,1,0,0,1,1,0,255,2,12,0
5643097,0,1,1,0,1,0,255,2,12,0
5643267,0,0,0,0,1,0,255,2,12,0
5643300,0,1,0,1,0,0,255,2,12,0
5643474,1,0,0,0,1,1,255,2,12,0
5643514,1,0,0,1,1,0,255,2,12,0
5643532,0,0,1,1,0,0,255,2,12,0
5643698,0,0,0,0,1,0,255,2,12,0
5643799,1,1,0,0,0,0,255,2,12,0
5643806,0,1,1,0,1,0,255,2,12,0
5643888,0,1,1,0,1,0,255,2,12,0
5644033,1,1,0,0,0,0,255,2,12,0
5644046,0,0,1,1,0,0,255,2,12,0
5644118,1,0,1,0,0,0,255,2,12,0
5644246,0,0,0,0,1,0,255,2,12,0
5644254,0,0,1,1,0,0,255,2,12,0
5644475,0,1,1,0,1,0,255,2,12,0
5644563,0,0,1,1,0,0,255,2,12,0
5644633,0,1,0,0,0,0,255,2,12,0
5644676,0,1,1,0,1,0,255,2,12,0
5644803,1,0,0,0,1,1,255,2,12,0
5644853,0,0,1,1,0,0,255,2,12,0
5644950,0,0,0,0,1,0,255,2,12,0
5645008,1,0,1,0,0,0,255,2,12,0
5645141,1,0,1,0,0,0,255,2,12,0
5645234,1,0,1,0,0,0,255,2,12,0
5645330,1,0,0,1,1,0,255,2,12,0
5645453,0,1,0,1,0,0,255,2,12,0
5645597,1,1,0,0,0,0,255,2,12,0
5645654,0,1,1,1,1,1,255,2,12,0
5645667,0,1,0,1,0,0,255,2,12,0
5645812,0,1,0,1,0,0,255,2,12,0
5645991,0,1,0,1,0,0,255,2,12,0
5646132,1,1,1,1,1,0,255,2,12,0
5646281,0,1,0,1,0,0,255,2,12,0
5646291,0,1,0,1,0,0,255,2,12,0
5646313,0,0,1,1,0,0,255,2,12,0
5646487,0,1,0,1,0,0,255,2,12,0
5646495,0,0,1,1,0,0,255,2,12,0
5646709,1,0,1,0,0,0,255,2,12,0
5647156,1,1,1,1,1,0,255,2,12,0
5647182,0,0,0,0,1,0,255,2,12,0
5647199,1,1,0,0,0,0,255,2,12,0
5647314,1,0,0,1,1,0,255,2,12,0
5647457,1,0,1,0,0,0,255,2,12,0
5647758,1,1,0,0,0,0,255,2,12,0
5647976,0,1,0,1,0,0,255,2,12,0
5648036,0,0,1,1,0,0,255,2,12,0
5648155,0,0,1,1,0,0,255,2,12,0
5648497,0,0,1,1,0,0,255,2,12,0
5648768,0,0,1,1,0,0,255,2,12,0
5648775,1,1,0,0,0,0,255,2,12,0
5648846,1,1,1,1,1,0,255,2,12,0
5649582,0,1,1,0,1,0,255,2,12,0
5649631,0,1,0,1,0,0,255,2,12,0
5649713,1,0,0,1,1,0,255,2,12,0
5649732,1,1,1,1,1,0,255,2,12,0
5650058,0,1,0,1,0,0,255,2,12,0
5650158,0,0,0,0,1,0,255,2,12,0
5650303,1,1,0,0,0,0,255,2,12,0
5650341,1,0,1,0,0,0,255,2,12,0
5650352,1,1,1,1,1,0,255,2,12,0
5650953,0,1,0,1,0,0,255,2,12,0
5650992,0,1,1,0,1,0,255,2,12,0
5651100,1,0,0,0,1,1,255,2,12,0
5651229,1,0,1,0,0,0,255,2,12,0
5651232,0,0,0,0,1,0,255,2,12,0
5651361,0,1,1,0,1,0,255,2,12,0
5651470,0,0,1,1,0,0,255,2,12,0
5651502,0,1,0,1,0,0,255,2,12,0
5651642,1,1,0,0,0,0,255,2,12,0
5651906,1,1,0,0,0,0,255,2,12,0
5652096,0,0,1,1,0,0,255,2,12,0
5652203,0,0,0,0,1,0,255,2,12,0
5652222,1,0,1,0,0,0,255,2,12,0
5652267,0,0,0,0,1,0,255,2,12,0
5652397,0,1,0,1,0,0,255,2,12,0
5652460,0,1,0,1,0,0,255,2,12,0
5652515,1,1,1,1,1,0,255,2,12,0
5652650,1,0,0,1,1,0,255,2,12,0
5652932,1,0,1,0,0,0,255,2,12,0
5653078,1,1,1,1,1,0,255,2,12,0
5653102,0,1,0,1,0,0,255,2,12,0
5653107,1,1,0,0,0,0,255,2,12,0
5653278,1,1,0,0,0,0,255,2,12,0
5653626,0,0,0,0,1,0,255,2,12,0
5653679,1,0,0,1,1,0,255,2,12,0
5653771,0,0,0,0,1,0,255,2,12,0
5653830,1,1,1,1,1,0,255,2,12,0
5654137,1,1,0,0,0,0,255,2,12,0
5654171,1,1,0,0,0,0,255,2,12,0
5654229,1,0,1,0,0,0,255,2,12,0
5654261,0,0,0,0,1,0,255,2,12,0
5654830,0,1,1,0,1,0,255,2,12,0
5654954,1,1,0,0,0,0,255,2,12,0
5654960,1,1,1,1,1,0,255,2,12,0
5655104,0,0,0,0,1,0,255,2,12,0
5655173,1,0,0,1,1,0,255,2,12,0
5655336,0,0,0,0,1,0,255,2,12,0
5655827,1,1,0,0,0,0,255,2,12,0
5655874,1,1,0,0,0,0,255,2,12,0
5656043,0,1,1,0,1,0,255,2,12,0
5656089,1,1,1,1,1,0,255,2,12,0
5656199,0,0,0,0,1,0,255,2,12,0
5656269,1,0,0,1,1,0,255,2,12,0
5656582,0,0,1,1,0,0,255,2,12,0
5657124,1,1,1,0,1,1,255,2,12,0
5657144,0,1,0,1,0,0,255,2,12,0
5657262,0,1,1,0,1,0,255,2,12,0
5657479,1,1,1,1,1,0,255,2,12,0
5657559,1,1,0,0,0,0,255,2,12,0
5657597,1,0,0,1,1,0,255,2,12,0
5657681,0,0,1,1,0,0,255,2,12,0
5657703,0,1,0,1,0,0,255,2,12,0
5657746,0,1,1,0,1,0,255,2,12,0
5658297,0,0,1,1,0,0,255,2,12,0
5658467,0,1,0,1,0,0,255,2,12,0
5658520,1,0,0,1,1,0,255,2,12,0
5658541,0,0,1,1,0,0,255,2,12,0
5658692,1,1,1,1,1,0,255,2,12,0
5658790,0,1,0,1,0,0,255,2,12,0
5658995,0,0,1,1,0,0,255,2,12,0
5659257,0,0,0,0,1,0,255,2,12,0
5659370,0,1,1,0,1,0,255,2,12,0
5659453,0,0,1,1,0,0,255,2,12,0
5659536,0,0,0,0,1,0,255,2,12,0
5659547,1,0,0,1,1,0,255,2,12,0
5659755,1,1,0,0,0,0,255,2,12,0
5659777,1,0,0,1,1,0,255,2,12,0
5659783,0,1,0,1,0,0,255,2,12,0
5659834,1,0,0,1,1,0,255,2,12,0
5660125,1,1,1,1,1,0,255,2,12,0
5660179,0,0,0,0,1,0,255,2,12,0
5660294,1,0,1,0,0,0,255,2,12,0
5661033,1,0,1,0,0,0,255,2,12,0
5661170,0,0,1,1,0,0,255,2,12,0
5661195,0,1,1,0,1,0,255,2,12,0
5661293,0,0,0,1,1,1,255,2,12,0
5661372,1,0,0,1,1,0,255,2,12,0
5661816,0,1,1,0,1,0,255,2,12,0
5661906,0,1,0,1,0,0,255,2,12,0
5661911,0,1,1,0,1,0,255,2,12,0
5661936,1,0,1,0,0,0,255,2,12,0
5661963,0,1,0,1,0,0,255,2,12,0
5662008,0,0,1,1,0,0,255,2,12,0
5662132,0,1,1,0,1,0,255,2,12,0
5662209,1,1,1,1,1,0,255,2,12,0
5662300,0,0,0,0,1,0,255,2,12,0
5662500,1,1,0,1,0,0,255,2,12,0
5663082,0,0,0,0,1,0,255,2,12,0
5663160,0,1,1,0,1,0,255,2,12,0
5663176,1,0,1,1,0,0,255,2,12,0
5663311,1,0,1,0,0,0,255,2,12,0
5663583,1,0,1,0,0,0,255,2,12,0
5663850,0,0,0,0,1,0,255,2,12,0
5664105,1,1,0,0,0,0,255,2,12,0
5664251,1,1,1,1,1,0,255,2,12,0
5664268,1,0,1,0,0,0,255,2,12,0
5664369,1,1,1,1,1,0,255,2,12,0
5664469,0,1,0,1,0,0,255,2,12,0
5664662,1,1,1,1,1,0,255,2,12,0
5665010,1,0,0,1,1,0,255,2,12,0
5665264,0,0,1,1,0,0,255,2,12,0
5665309,1,1,0,0,0,0,255,2,12,0
5665501,0,0,1,1,0,0,255,2,12,0
5665612,0,0,1,1,0,0,255,2,12,0
5665761,0,0,1,1,0,0,255,2,12,0
5666096,1,0,1,0,0,0,255,2,12,0
5666145,0,0,1,0,0,0,255,2,12,0
5666283,0,0,0,0,1,0,255,2,12,0
5666404,1,1,1,1,1,0,255,2,12,0
5666515,0,0,0,0,1,0,255,2,12,0
5666622,1,1,0,0,0,0,255,2,12,0
5667075,1,1,1,1,1,0,255,2,12,0
5667150,0,0,0,0,1,0,255,2,12,0
5667410,1,0,1,0,0,0,255,2,12,0
5667942,0,1,0,1,0,0,255,2,12,0
5668168,1,1,1,1,1,0,255,2,12,0
5668634,0,1,0,1,0,0,255,2,12,0
5668892,0,0,0,0,1,0,255,2,12,0
5669200,1,1,0,0,0,0,255,2,12,0
5669210,0,0,1,1,0,0,255,2,12,0
5669250,1,1,1,1,1,0,255,2,12,0
5669454,0,1,0,1,0,0,255,2,12,0
5669495,0,1,0,1,0,0,255,2,12,0
5669572,1,1,1,1,1,0,255,2,12,0
5669580,0,1,1,0,1,0,255,2,12,0
5669615,0,0,1,1,0,0,255,2,12,0
5670301,1,0,0,1,1,0,255,2,12,0
5670517,0,0,0,0,1,0,255,2,12,0
5670638,1,1,0,0,0,0,255,2,12,0
5670855,1,0,0,1,1,0,255,2,12,0
5670976,1,0,0,1,1,0,255,2,12,0
5671003,0,0,0,0,1,0,255,2,12,0
5671100,1,0,1,0,0,0,255,2,12,0
5671116,1,1,1,1,1,0,255,2,12,0
5671117,0,0,0,0,1,0,255,2,12,0
5671245,0,0,0,0,1,0,255,2,12,0
5671608,0,0,1,1,0,0,255,2,12,0
5671684,0,0,0,0,1,0,255,2,12,0
5671697,0,0,0,0,1,0,255,2,12,0
5671892,0,1,0,1,0,0,255,2,12,0
5671923,1,0,0,1,1,0,255,2,12,0
5671970,0,1,0,1,0,0,255,2,12,0
5672016,0,1,1,0,1,0,255,2,12,0
5672334,1,0,1,0,0,0,255,2,12,0
5672539,1,0,1,0,0,0,255,2,12,0
5672666,1,1,1,1,1,0,255,2,12,0
5672691,1,1,1,1,1,0,255,2,12,0
5672862,1,0,0,1,1,0,255,2,12,0
5672999,1,0,0,1,1,0,255,2,12,0
5673161,0,0,1,1,0,0,255,2,12,0
5673164,0,1,0,1,0,0,255,2,12,0
5673482,0,0,0,0,1,0,255,2,12,0
5673637,0,0,0,0,1,0,255,2,12,0
5673871,0,1,1,0,1,0,255,2,12,0
5673897,1,0,1,0,0,0,255,2,12,0
5673898,0,0,0,0,1,0,255,2,12,0
5673935,0,0,0,0,1,0,255,2,12,0
5674478,0,0,0,0,1,0,255,2,12,0
5674751,1,0,1,0,0,0,255,2,12,0
5674926,1,0,0,1,1,0,255,2,12,0
5675121,1,0,0,1,1,0,255,2,12,0
5675295,1,1,1,1,1,0,255,2,12,0
5675706,0,0,0,0,1,0,255,2,12,0
5675759,0,0,0,0,1,0,255,2,12,0
5675837,0,0,0,0,1,0,255,2,12,0
5675841,1,1,1,1,1,0,255,2,12,0
5675875,0,0,0,0,1,0,255,2,12,0
5675954,1,1,1,1,1,0,255,2,12,0
5676020,0,0,0,0,1,0,255,2,12,0
5676060,1,1,1,1,1,0,255,2,12,0
5676132,0,1,1,0,1,0,255,2,12,0
5676223,1,0,1,0,0,0,255,2,12,0
5676429,1,0,1,0,0,0,255,2,12,0
5676445,0,0,0,0,1,0,255,2,12,0
5676542,1,0,0,1,1,0,255,2,12,0
5677117,1,0,1,0,0,0,255,2,12,0
5677360,0,1,0,1,0,0,255,2,12,0
5677665,1,0,1,0,0,0,255,2,12,0
5677724,1,0,1,0,0,0,255,2,12,0
5677787,0,1,1,0,1,0,255,2,12,0
5678041,1,0,0,1,1,0,255,2,12,0
5678426,1,1,0,0,0,0,255,2,12,0
5678567,0,1,0,1,0,0,255,2,12,0
5678819,0,0,0,0,1,0,255,2,12,0
5679030,1,0,1,0,0,0,255,2,12,0
5679057,0,1,0,1,0,0,255,2,12,0
5679328,1,0,1,0,0,0,255,2,12,0
5679423,1,0,1,0,0,0,255,2,12,0
5679533,0,1,1,0,1,0,255,2,12,0
5679633,0,1,1,0,1,0,255,2,12,0
5680136,1,1,1,1,1,0,255,2,12,0
5680204,1,0,1,0,0,0,255,2,12,0
5680440,1,0,1,0,0,0,255,2,12,0
5680535,1,0,1,0,0,0,255,2,12,0
5680566,0,0,0,0,1,0,255,2,12,0
5680626,1,1,1,1,1,0,255,2,12,0
5680661,1,0,1,0,0,0,255,2,12,0
5681022,1,1,0,0,0,0,255,2,12,0
5681596,0,1,0,1,0,0,255,2,12,0
5681839,0,1,1,0,1,0,255,2,12,0
5682083,1,0,0,1,1,0,255,2,12,0
5682181,1,1,1,1,1,0,255,2,12,0
5682350,1,1,0,0,0,0,255,2,12,0
5682526,1,1,0,0,0,0,255,2,12,0
5682578,0,1,1,0,1,0,255,2,12,0
5682714,0,0,1,1,0,0,255,2,12,0
5682796,1,0,0,1,1,0,255,2,12,0
5682918,1,0,1,0,0,0,255,2,12,0
5683548,0,1,1,0,1,0,255,2,12,0
5683603,0,0,1,1,0,0,255,2,12,0
5683663,1,0,0,1,1,0,255,2,12,0
5683705,1,1,1,0,1,1,255,2,12,0
5683788,1,0,1,0,0,0,255,2,12,0
5683799,1,1,0,0,0,0,255,2,12,0
5683858,0,0,0,0,1,0,255,2,12,0
5683995,1,1,1,1,1,0,255,2,12,0
5684039,1,1,0,0,0,0,255,2,12,0
5684094,0,0,1,1,0,0,255,2,12,0
5684104,1,1,1,1,1,0,255,2,12,0
5684113,1,1,1,0,1,1,255,2,12,0
5684359,0,1,0,1,0,0,255,2,12,0
5684373,0,1,0,1,0,0,255,2,12,0
5684623,1,1,0,0,0,0,255,2,12,0
5684786,0,0,0,0,1,0,255,2,12,0
5684792,0,0,1,1,0,0,255,2,12,0
5684880,0,1,1,1,1,1,255,2,12,0
5685274,0,0,1,1,0,0,255,2,12,0
5685462,1,1,1,1,1,0,255,2,12,0
5685909,0,1,0,1,0,0,255,2,12,0
5686108,0,1,1,0,1,0,255,2,12,0
5686266,0,0,0,0,1,0,255,2,12,0
5686335,1,0,0,1,1,0,255,2,12,0
5686428,0,1,0,1,0,0,255,2,12,0
5686860,1,0,1,0,0,0,255,2,12,0
5686887,0,0,1,1,0,0,255,2,12,0
5687058,0,0,1,1,0,0,255,2,12,0
5687469,1,1,1,1,1,0,255,2,12,0
5687480,1,1,1,1,1,0,255,2,12,0
5687940,1,1,0,0,0,0,255,2,12,0
5688058,0,0,1,1,0,0,255,2,12,0
5688064,0,1,0,1,0,0,255,2,12,0
5688082,1,0,1,0,0,0,255,2,12,0
5688152,1,1,1,1,1,0,255,2,12,0
5688375,0,0,0,0,1,0,255,2,12,0
5688453,0,1,0,1,0,0,255,2,12,0
5688513,1,0,1,0,0,0,255,2,12,0
5688541,0,0,0,0,1,0,255,2,12,0
5689449,0,0,1,1,0,0,255,2,12,0
5689666,1,1,0,0,0,0,255,2,12,0
5689816,1,0,1,0,0,0,255,2,12,0
5689829,0,0,1,0,0,0,255,2,12,0
5689838,1,0,0,1,1,0,255,2,12,0
5690574,0,0,0,0,1,0,255,2,12,0
5690892,0,0,0,0,1,0,255,2,12,0
5690978,0,0,0,0,1,0,255,2,12,0
5690990,1,0,1,0,0,0,255,2,12,0
5691007,1,1,0,0,0,0,255,2,12,0
5691061,1,0,0,1,1,0,255,2,12,0
5691185,1,0,0,1,1,0,255,2,12,0
5691538,0,1,1,0,1,0,255,2,12,0
5691718,1,0,1,0,0,0,255,2,12,0
5691885,0,0,1,1,0,0,255,2,12,0
5692032,1,1,0,0,0,0,255,2,12,0
5692364,0,1,1,0,1,0,255,2,12,0
5692673,1,0,0,1,1,0,255,2,12,0
5692814,1,0,0,1,1,0,255,2,12,0
5692966,1,0,1,0,0,0,255,2,12,0
5693080,1,0,0,1,1,0,255,2,12,0
5693104,0,1,1,0,1,0,255,2,12,0
5693357,0,0,1,1,0,0,255,2,12,0
5693487,0,0,1,1,0,0,255,2,12,0
5693559,0,1,0,1,0,0,255,2,12,0
5693606,1,0,1,0,0,0,255,2,12,0
5693645,1,0,1,0,0,0,255,2,12,0
5693770,1,0,1,0,0,0,255,2,12,0
5694335,0,1,1,0,1,0,255,2,12,0
5694841,0,1,1,0,1,0,255,2,12,0
5694858,1,1,0,1,0,0,255,2,12,0
5695171,0,1,0,1,0,0,255,2,12,0
5695360,1,1,0,0,0,0,255,2,12,0
5695414,0,1,0,1,0,0,255,2,12,0
5695444,1,1,1,1,1,0,255,2,12,0
5695456,1,1,0,0,0,0,255,2,12,0
5695673,0,0,0,0,1,0,255,2,12,0
5695745,0,1,1,0,1,0,255,2,12,0
5695856,0,1,0,1,0,0,255,2,12,0
5696267,1,1,1,1,1,0,255,2,12,0
5696499,1,1,1,1,1,0,255,2,12,0
5696603,0,0,0,0,1,0,255,2,12,0
5696841,0,1,1,0,1,0,255,2,12,0
5697008,0,1,0,1,0,0,255,2,12,0
5697055,1,1,1,1,1,0,255,2,12,0
5697117,0,0,1,1,0,0,255,2,12,0
5697322,1,0,1,0,0,0,255,2,12,0
5697447,1,1,1,1,1,0,255,2,12,0
5697467,1,1,0,0,0,0,255,2,12,0
5697477,0,1,1,0,1,0,255,2,12,0
5697522,0,1,0,1,0,0,255,2,12,0
5697742,0,1,0,1,0,0,255,2,12,0
5697941,1,1,0,0,0,0,255,2,12,0
5698179,0,0,0,0,1,0,255,2,12,0
5698450,0,0,0,0,1,0,255,2,12,0
5698471,1,1,0,0,0,0,255,2,12,0
5698668,1,0,1,0,0,0,255,2,12,0
5698682,0,0,0,0,1,0,255,2,12,0
5699240,1,1,1,1,1,0,255,2,12,0
5699264,0,1,0,1,0,0,255,2,12,0
5699281,0,1,0,1,0,0,255,2,12,0
5699296,1,1,1,1,1,0,255,2,12,0
5699342,0,0,0,0,1,0,255,2,12,0
5699444,0,1,1,0,1,0,255,2,12,0
5699735,0,0,0,0,1,0,255,2,12,0
5700365,1,0,0,0,1,1,255,2,12,0
5700547,0,1,1,0,1,0,255,2,12,0
5700631,1,0,1,0,0,0,255,2,12,0
5701529,1,1,0,1,0,0,255,2,12,0
5719457,0,0,0,0,1,0,5,2,12,0
5734180,1,0,0,1,1,0,5,2,12,0
5767949,0,1,0,0,0,0,58,2,12,0
5769604,0,0,1,1,0,0,58,2,12,0
5771570,0,1,0,1,0,0,58,2,12,0
5774527,0,1,1,0,1,0,58,2,12,0
5775737,0,1,1,0,1,0,58,2,12,0
5775852,1,0,0,1,1,0,58,2,12,0
5776744,1,0,0,1,1,0,58,2,12,0
5777959,1,0,1,0,0,0,58,2,12,0
5779590,0,1,0,1,0,0,58,2,12,0
5780701,0,0,0,0,1,0,58,2,12,0
5782713,0,0,1,1,0,0,58,2,12,0
5782937,0,0,0,0,1,0,58,2,12,0
5783841,0,1,1,0,1,0,58,2,12,0
5789035,1,1,1,1,1,0,58,2,12,0
5791312,0,0,0,1,1,1,58,2,12,0
5792893,0,1,0,1,0,0,58,2,12,0
5793009,1,1,0,0,0,0,58,2,12,0
5794824,0,1,0,1,0,0,58,2,12,0
5798262,0,0,0,0,1,0,58,2,12,0
5800062,0,0,1,1,0,0,58,2,12,0
5800746,1,0,1,0,0,0,58,2,12,0
5800874,0,0,1,0,0,0,58,2,12,0
5802686,1,1,1,1,1,0,58,2,12,0
5803065,1,1,0,0,0,0,58,2,12,0
5803389,1,0,0,1,1,0,58,2,12,0
5805114,1,1,0,0,0,0,58,2,12,0
5807178,0,0,1,1,0,0,58,2,12,0
5807270,1,1,0,0,0,0,58,2,12,0
5807495,1,1,0,0,0,0,58,2,12,0
5807788,0,0,1,1,0,0,58,2,12,0
5808665,0,0,0,0,1,0,58,2,12,0
5809325,1,1,0,0,0,0,58,2,12,0
5809380,1,0,1,0,0,0,58,2,12,0
5810180,1,1,0,0,0,0,58,2,12,0
5813037,0,1,1,0,1,0,58,2,12,0
5813540,0,1,1,0,1,0,58,2,12,0
5813821,1,1,0,1,0,0,58,2,12,0
5815814,0,1,0,1,0,0,58,2,12,0
5818014,1,1,0,0,0,0,58,2,12,0
5819306,0,0,0,0,1,0,58,2,12,0
5821132,1,0,1,0,0,0,58,2,12,0
5822576,1,0,0,1,1,0,58,2,12,0
5823697,0,0,1,1,0,0,58,2,12,0
5823768,0,0,0,0,1,0,58,2,12,0
5824504,1,1,1,1,1,0,58,2,12,0
5824647,1,1,0,0,0,0,58,2,12,0
5825729,1,0,0,1,1,0,58,2,12,0
5826210,1,1,0,0,0,0,58,2,12,0
5827085,1,1,1,1,1,0,58,2,12,0
5827420,0,0,0,0,1,0,58,2,12,0
5828181,0,1,0,1,0,0,58,2,12,0
5830426,0,1,1,0,1,0,58,2,12,0
5832182,0,0,1,1,0,0,58,2,12,0
5832437,1,1,0,0,0,0,58,2,12,0
5833077,0,1,0,1,0,0,95,2,12,0
5833451,0,0,1,1,0,0,95,2,12,0
5833570,0,0,1,1,0,0,95,2,12,0
5833690,0,1,0,1,0,0,95,2,12,0
5834107,1,1,1,1,1,0,95,2,12,0
5834292,0,0,0,0,1,0,95,2,12,0
5834896,0,0,1,1,0,0,95,2,12,0
5836258,1,1,0,0,0,0,95,2,12,0
5836281,1,0,0,1,1,0,95,2,12,0
5838328,0,0,1,1,0,0,95,2,12,0
5838799,0,1,1,0,1,0,95,2,12,0
5838808,1,1,1,1,1,0,95,2,12,0
5839100,0,0,1,1,0,0,95,2,12,0
5839495,0,0,0,0,1,0,95,2,12,0
5839729,0,0,0,0,1,0,95,2,12,0
5840213,0,0,0,0,1,0,95,2,12,0
5840421,0,0,0,0,1,0,95,2,12,0
5841283,1,1,0,1,0,0,95,2,12,0
5841735,0,1,0,1,0,0,95,2,12,0
5843357,1,0,0,1,1,0,95,2,12,0
5844613,0,1,0,1,0,0,95,2,12,0
5845535,1,0,1,0,0,0,95,2,12,0
5846032,1,0,0,1,1,0,95,2,12,0
5846162,1,0,1,0,0,0,95,2,12,0
5846817,1,1,0,0,0,0,95,2,12,0
5847315,1,0,1,0,0,0,95,2,12,0
5849736,1,0,1,0,0,0,95,2,12,0
5850489,1,1,0,0,0,0,95,2,12,0
5851039,1,1,0,0,0,0,95,2,12,0
5851841,1,0,0,1,1,0,95,2,12,0
5853740,1,1,0,0,0,0,95,2,12,0
5854136,1,0,1,0,0,0,95,2,12,0
5854279,1,0,1,0,0,0,95,2,12,0
5854401,1,0,1,0,0,0,95,2,12,0
5854553,0,0,0,0,1,0,95,2,12,0
5855062,1,0,0,1,1,0,95,2,12,0
5855696,0,0,0,0,1,0,95,2,12,0
5855826,1,1,1,1,1,0,95,2,12,0
5856435,0,0,0,0,1,0,95,2,12,0
5856440,1,1,0,0,0,0,95,2,12,0
5857165,1,1,1,1,1,0,95,2,12,0
5857872,0,1,0,1,0,0,95,2,12,0
5858128,1,1,0,0,0,0,95,2,12,0
5859038,1,1,0,0,0,0,95,2,12,0
5859179,0,0,0,0,1,0,95,2,12,0
5859346,0,0,0,0,1,0,95,2,12,0
5860157,1,1,0,0,0,0,95,2,12,0
5860984,0,1,1,0,1,0,95,2,12,0
5861465,1,0,1,0,0,0,95,2,12,0
5861877,0,0,0,0,1,0,95,2,12,0
5862675,1,0,0,0,1,1,95,2,12,0
5864538,1,1,1,1,1,0,95,2,12,0
5864804,0,1,0,1,0,0,95,2,12,0
5866307,1,1,1,1,1,0,95,2,12,0
5867720,0,0,0,0,1,0,95,2,12,0
5868220,0,0,1,1,0,0,95,2,12,0
5868680,0,0,0,0,1,0,95,2,12,0
5869190,0,1,0,1,0,0,95,2,12,0
5870996,0,1,0,1,0,0,95,2,12,0
5871408,1,0,1,0,0,0,95,2,12,0
5871754,1,1,0,0,0,0,95,2,12,0
5871904,1,0,1,0,0,0,95,2,12,0
5872756,1,0,0,1,1,0,95,2,12,0
5875177,0,0,0,0,1,0,95,2,12,0
5875256,1,0,0,1,1,0,95,2,12,0
5876618,0,1,0,1,0,0,95,2,12,0
5877241,0,0,0,0,1,0,95,2,12,0
5877670,1,1,1,1,1,0,95,2,12,0
5878084,1,1,1,1,1,0,95,2,12,0
5878206,0,1,1,0,1,0,95,2,12,0
5879647,0,0,1,1,0,0,95,2,12,0
5880248,1,0,0,1,1,0,95,2,12,0
5880322,0,0,0,0,1,0,95,2,12,0
5881126,0,0,0,0,1,0,95,2,12,0
5881249,0,1,0,1,0,0,95,2,12,0
5881615,0,0,0,0,1,0,95,2,12,0
5881655,0,1,1,0,1,0,95,2,12,0
5881681,1,0,0,1,1,0,95,2,12,0
5882043,1,0,0,1,1,0,95,2,12,0
5882046,1,0,0,1,1,0,95,2,12,0
5882387,1,0,0,1,1,0,95,2,12,0
5883547,0,1,0,1,0,0,95,2,12,0
5883762,1,1,1,1,1,0,95,2,12,0
5885214,0,1,1,0,1,0,95,2,12,0
5885624,1,1,1,1,1,0,95,2,12,0
5886598,1,0,1,0,0,0,95,2,12,0
5887687,1,1,1,1,1,0,95,2,12,0
5888420,0,1,1,1,1,1,95,2,12,0
5889808,1,0,1,0,0,0,95,2,12,0
5890667,1,1,1,1,1,0,95,2,12,0
5892678,0,1,1,0,1,0,95,2,12,0
5893089,1,0,1,0,0,0,95,2,12,0
5893201,1,0,0,1,1,0,95,2,12,0
5894567,0,0,1,1,0,0,95,2,12,0
5895523,1,1,1,1,1,0,95,2,12,0
5896316,0,1,1,0,1,0,95,2,12,0
5896954,0,0,0,0,1,0,95,2,12,0
5897984,1,0,0,1,1,0,95,2,12,0
5899336,1,0,1,0,0,0,31,2,12,0
5899706,1,1,1,1,1,0,31,2,12,0
5902991,0,1,1,0,1,0,31,2,12,0
5904454,0,0,1,1,0,0,31,2,12,0
5906299,0,0,0,0,1,0,31,2,12,0
5910444,0,1,1,0,1,0,31,2,12,0
5913668,0,0,1,1,0,0,31,2,12,0
5915059,1,1,0,0,0,0,31,2,12,0
5920446,1,0,0,1,1,0,31,2,12,0
5924478,0,0,0,0,1,0,31,2,12,0
5924670,1,1,1,1,1,0,31,2,12,0
5927709,0,0,1,1,0,0,31,2,12,0
5934619,1,1,0,0,0,0,31,2,12,0
5937229,0,1,1,0,1,0,31,2,12,0
5938217,0,0,0,0,1,0,31,2,12,0
5940531,0,1,0,1,0,0,31,2,12,0
5941456,1,1,0,0,0,0,31,2,12,0
5943521,1,1,0,0,0,0,31,2,12,0
5944937,1,1,0,0,0,0,31,2,12,0
5945363,0,0,1,1,0,0,31,2,12,0
5946335,0,0,1,1,0,0,31,2,12,0
5947112,0,0,0,0,1,0,31,2,12,0
5948583,1,1,1,1,1,0,31,2,12,0
5949379,1,1,0,0,0,0,31,2,12,0
5950575,1,1,0,0,0,0,31,2,12,0
5950980,0,0,1,1,0,0,31,2,12,0
5951526,0,1,1,0,1,0,31,2,12,0
5951968,0,1,0,1,0,0,31,2,12,0
5952245,0,1,1,0,1,0,31,2,12,0
5954636,1,0,0,1,1,0,31,2,12,0
5956457,0,1,0,1,0,0,31,2,12,0
5961992,0,1,1,0,1,0,31,2,12,0
5964239,0,1,1,0,1,0,144,2,12,0
5964259,0,0,1,1,0,0,144,2,12,0
5965114,1,1,0,0,0,0,144,2,12,0
5965529,1,0,0,1,1,0,144,2,12,0
5966004,1,0,1,0,0,0,144,2,12,0
5966445,1,0,1,0,0,0,144,2,12,0
5966526,1,1,0,0,0,0,144,2,12,0
5966944,1,1,1,1,1,0,144,2,12,0
5967653,1,0,1,0,0,0,144,2,12,0
5967732,1,1,1,1,1,0,144,2,12,0
5967894,1,1,1,1,1,0,144,2,12,0
5968746,0,1,1,0,1,0,144,2,12,0
5969071,1,0,1,1,0,0,144,2,12,0
5969318,0,1,1,0,1,0,144,2,12,0
5969623,0,0,1,1,0,0,144,2,12,0
5969746,1,1,1,0,1,1,144,2,12,0
5969807,1,0,0,0,1,1,144,2,12,0
5970311,0,0,1,1,0,0,144,2,12,0
5971032,0,0,1,1,0,0,144,2,12,0
5971189,0,0,1,1,0,0,144,2,12,0
5972847,1,1,1,1,1,0,144,2,12,0
5973845,0,1,0,1,0,0,144,2,12,0
5974039,0,1,0,1,0,0,144,2,12,0
5975231,0,0,1,1,0,0,144,2,12,0
5975406,1,0,1,0,0,0,144,2,12,0
5976482,1,0,0,1,1,0,144,2,12,0
5977699,1,1,0,0,0,0,144,2,12,0
5977919,0,1,0,1,0,0,144,2,12,0
5977964,0,1,1,0,1,0,144,2,12,0
5978238,1,0,1,0,0,0,144,2,12,0
5978250,1,1,0,0,0,0,144,2,12,0
5978454,1,1,0,0,0,0,144,2,12,0
5978724,1,0,0,1,1,0,144,2,12,0
5978780,0,0,1,1,0,0,144,2,12,0
5980346,1,0,0,1,1,0,144,2,12,0
5980697,1,1,1,1,1,0,144,2,12,0
5981090,0,1,1,0,1,0,144,2,12,0
5981957,1,0,0,1,1,0,144,2,12,0
5981987,0,1,1,0,1,0,144,2,12,0
5982110,0,0,1,1,0,0,144,2,12,0
5982608,1,0,1,0,0,0,144,2,12,0
5983738,1,0,1,1,0,0,144,2,12,0
5984795,0,1,0,1,0,0,144,2,12,0
5985008,1,0,1,0,0,0,144,2,12,0
5985423,1,0,1,0,0,0,144,2,12,0
5985483,0,0,0,0,1,0,144,2,12,0
5985575,1,0,1,0,0,0,144,2,12,0
5986334,1,1,0,0,0,0,144,2,12,0
5986629,1,1,1,1,1,0,144,2,12,0
5987391,0,1,0,1,0,0,144,2,12,0
5987621,1,0,0,1,1,0,144,2,12,0
5987917,0,1,1,0,1,0,144,2,12,0
5988086,0,0,0,0,1,0,144,2,12,0
5988878,0,0,1,1,0,0,144,2,12,0
5989204,1,1,1,1,1,0,144,2,12,0
5990277,1,0,1,0,0,0,144,2,12,0
5991343,0,0,0,0,1,0,144,2,12,0
5991834,1,1,0,0,0,0,144,2,12,0
5992363,0,0,0,0,1,0,144,2,12,0
5992934,0,1,0,1,0,0,144,2,12,0
5994458,1,1,1,1,1,0,144,2,12,0
5994983,1,0,1,0,0,0,144,2,12,0
5995348,1,0,1,0,0,0,144,2,12,0
5995953,0,0,0,1,1,1,144,2,12,0
5997212,0,1,0,1,0,0,144,2,12,0
5998904,0,0,1,1,0,0,144,2,12,0
5999104,1,0,0,0,1,1,144,2,12,0
5999324,0,1,1,0,1,0,144,2,12,0
6000505,0,0,0,0,1,0,144,2,12,0
6000634,1,1,1,1,1,0,144,2,12,0
6001358,0,1,0,1,0,0,144,2,12,0
6001967,0,1,0,1,0,0,144,2,12,0
6002186,1,0,1,0,0,0,144,2,12,0
6002242,1,1,0,0,0,0,144,2,12,0
6002968,0,1,0,1,0,0,144,2,12,0
6003483,1,1,0,0,0,0,144,2,12,0
6003796,1,0,0,0,1,1,144,2,12,0
6003927,1,0,1,0,0,0,144,2,12,0
6003997,0,1,1,0,1,0,144,2,12,0
6004084,0,0,0,0,1,0,144,2,12,0
6004334,0,1,0,1,0,0,144,2,12,0
6004831,1,1,1,1,1,0,144,2,12,0
6005186,1,1,0,0,0,0,144,2,12,0
6005631,1,0,1,0,0,0,144,2,12,0
6006264,1,0,0,1,1,0,144,2,12,0
6006438,1,0,0,1,1,0,144,2,12,0
6008087,1,1,1,1,1,0,144,2,12,0
6008141,1,0,0,1,1,0,144,2,12,0
6008322,1,0,1,0,0,0,144,2,12,0
6009088,1,1,1,1,1,0,144,2,12,0
6009499,0,0,1,1,0,0,144,2,12,0
6010341,0,0,1,1,0,0,144,2,12,0
6011319,0,1,1,0,1,0,144,2,12,0
6011416,0,1,0,1,0,0,144,2,12,0
6012471,1,0,0,1,1,0,144,2,12,0
6012724,1,1,0,0,0,0,144,2,12,0
6013675,0,0,0,0,1,0,144,2,12,0
6013865,0,1,0,1,0,0,144,2,12,0
6014413,0,0,0,0,1,0,144,2,12,0
6014846,0,0,0,0,1,0,144,2,12,0
6015516,0,1,1,0,1,0,144,2,12,0
6015961,0,0,1,1,0,0,144,2,12,0
6016531,0,1,0,1,0,0,144,2,12,0
6016704,0,0,0,0,1,0,144,2,12,0
6017773,1,0,1,1,0,0,144,2,12,0
6018668,1,1,1,1,1,0,144,2,12,0
6018795,0,1,0,1,0,0,144,2,12,0
6019469,1,1,0,0,0,0,144,2,12,0
6021999,0,1,0,1,0,0,144,2,12,0
6022216,1,0,0,1,1,0,144,2,12,0
6022714,1,0,1,0,0,0,144,2,12,0
6022808,1,1,1,1,1,0,144,2,12,0
6023282,1,1,0,1,0,0,144,2,12,0
6023581,0,0,0,0,1,0,144,2,12,0
6023582,1,1,1,1,1,0,144,2,12,0
6023587,0,1,1,0,1,0,144,2,12,0
6023697,1,1,1,1,1,0,144,2,12,0
6024093,0,0,0,0,1,0,144,2,12,0
6024441,0,1,0,1,0,0,144,2,12,0
6024845,1,1,1,1,1,0,144,2,12,0
6024963,1,0,0,1,1,0,144,2,12,0
6025406,0,1,0,1,0,0,144,2,12,0
6025414,1,0,0,1,1,0,144,2,12,0
6026705,0,0,0,0,1,0,144,2,12,0
6026815,0,1,1,0,1,0,144,2,12,0
6028279,0,1,0,1,0,0,144,2,12,0
6028585,1,0,1,0,0,0,144,2,12,0
6028621,0,1,0,1,0,0,144,2,12,0
6028677,0,1,1,0,1,0,144,2,12,0
6028960,0,0,0,0,1,0,144,2,12,0
6028990,1,0,0,0,1,1,144,2,12,0
6029524,1,1,0,0,0,0,63,2,12,0
6029654,0,0,0,0,1,0,63,2,12,0
6032123,0,0,0,1,1,1,63,2,12,0
6033112,1,1,0,0,0,0,63,2,12,0
6034193,1,1,0,0,0,0,63,2,12,0
6034423,0,0,0,0,1,0,63,2,12,0
6035000,0,0,0,0,1,0,63,2,12,0
6035655,1,0,0,1,1,0,63,2,12,0
6038765,1,1,1,1,1,0,63,2,12,0
6040193,1,1,1,1,1,0,63,2,12,0
6040498,1,1,1,1,1,0,63,2,12,0
6040651,1,0,1,0,0,0,63,2,12,0
6042233,1,0,1,0,0,0,63,2,12,0
6043130,1,1,0,0,0,0,63,2,12,0
6045715,0,0,0,0,1,0,63,2,12,0
6046225,1,1,1,1,1,0,63,2,12,0
6047946,0,1,0,1,0,0,63,2,12,0
6048962,1,0,1,0,0,0,63,2,12,0
6053382,0,0,1,0,0,0,63,2,12,0
6054647,1,0,0,1,1,0,63,2,12,0
6055979,1,1,0,0,0,0,63,2,12,0
6056679,0,0,0,0,1,0,63,2,12,0
6057567,0,0,0,0,1,0,63,2,12,0
6057660,0,1,0,1,0,0,63,2,12,0
6058856,0,0,0,0,1,0,63,2,12,0
6059415,0,0,1,1,0,0,63,2,12,0
6060367,1,0,0,1,1,0,63,2,12,0
6061928,0,0,0,0,1,0,63,2,12,0
6062061,0,0,1,1,0,0,63,2,12,0
6062090,0,1,1,0,1,0,63,2,12,0
6063138,1,0,1,0,0,0,63,2,12,0
6063180,0,1,1,0,1,0,63,2,12,0
6063325,1,1,0,0,0,0,63,2,12,0
6065061,1,1,1,1,1,0,63,2,12,0
6066058,1,0,0,1,1,0,63,2,12,0
6067931,0,1,0,1,0,0,63,2,12,0
6069519,0,1,0,1,0,0,63,2,12,0
6069755,0,0,1,1,0,0,63,2,12,0
6072038,0,0,1,1,0,0,63,2,12,0
6072100,0,1,1,0,1,0,63,2,12,0
6072128,0,0,0,0,1,0,63,2,12,0
6072578,1,0,1,0,0,0,63,2,12,0
6075760,1,0,1,0,0,0,63,2,12,0
6075841,0,0,0,0,1,0,63,2,12,0
6078026,1,1,0,0,0,0,63,2,12,0
6078055,1,0,1,1,0,0,63,2,12,0
6078571,1,1,1,1,1,0,63,2,12,0
6080264,0,1,1,0,1,0,63,2,12,0
6084263,1,0,1,0,0,0,63,2,12,0
6084369,1,0,1,1,0,0,63,2,12,0
6085304,0,1,1,0,1,0,63,2,12,0
6085969,0,1,1,0,1,0,63,2,12,0
6088705,1,0,0,1,1,0,63,2,12,0
6090012,0,0,1,1,0,0,63,2,12,0
6090556,1,0,1,0,0,0,63,2,12,0
6095529,0,0,0,0,1,0,12,2,12,0
6101739,1,0,0,1,1,0,12,2,12,0
6115158,0,0,1,1,0,0,12,2,12,0
6118389,0,0,0,0,1,0,12,2,12,0
6132066,0,0,0,0,1,0,12,2,12,0
6154369,1,1,0,1,0,0,12,2,12,0
6160501,0,0,0,1,1,1,114,2,12,0
6160632,0,1,0,1,0,0,114,2,12,0
6160851,1,1,0,0,0,0,114,2,12,0
6161608,0,0,1,1,0,0,114,2,12,0
6161970,1,1,1,1,1,0,114,2,12,0
6161997,1,1,0,0,0,0,114,2,12,0
6162020,1,1,1,1,1,0,114,2,12,0
6162420,1,0,1,1,0,0,114,2,12,0
6162622,0,1,1,0,1,0,114,2,12,0
6162936,0,0,1,1,0,0,114,2,12,0
6163797,0,1,0,1,0,0,114,2,12,0
6163827,0,1,1,0,1,0,114,2,12,0
6163838,0,0,1,0,0,0,114,2,12,0
6164427,1,1,1,1,1,0,114,2,12,0
6164578,0,1,1,0,1,0,114,2,12,0
6164645,1,0,0,1,1,0,114,2,12,0
6164837,1,0,0,1,1,0,114,2,12,0
6165138,0,1,1,0,1,0,114,2,12,0
6165707,1,0,0,1,1,0,114,2,12,0
6166293,1,1,1,1,1,0,114,2,12,0
6167264,0,1,0,1,0,0,114,2,12,0
6168349,1,1,0,0,0,0,114,2,12,0
6169145,0,1,1,0,1,0,114,2,12,0
6169920,1,1,1,1,1,0,114,2,12,0
6170004,1,0,0,1,1,0,114,2,12,0
6170437,0,0,0,0,1,0,114,2,12,0
6170773,1,0,0,1,1,0,114,2,12,0
6171304,0,1,1,0,1,0,114,2,12,0
6174558,1,0,1,0,0,0,114,2,12,0
6174606,1,1,0,1,0,0,114,2,12,0
6175126,1,1,0,0,0,0,114,2,12,0
6176259,0,1,0,1,0,0,114,2,12,0
6176584,0,1,0,1,0,0,114,2,12,0
6178424,1,0,1,0,0,0,114,2,12,0
6179116,0,0,0,0,1,0,114,2,12,0
6179176,1,0,0,1,1,0,114,2,12,0
6180018,1,0,1,0,0,0,114,2,12,0
6180458,1,0,1,0,0,0,114,2,12,0
6180530,0,0,1,1,0,0,114,2,12,0
6181384,1,0,0,1,1,0,114,2,12,0
6181747,0,1,0,1,0,0,114,2,12,0
6182055,0,1,1,0,1,0,114,2,12,0
6183643,1,0,1,0,0,0,114,2,12,0
6184968,0,0,0,0,1,0,114,2,12,0
6185060,0,1,0,1,0,0,114,2,12,0
6186216,1,1,1,0,1,1,114,2,12,0
6187466,0,1,0,1,0,0,114,2,12,0
6187538,0,0,0,0,1,0,114,2,12,0
6187903,0,1,0,1,0,0,114,2,12,0
6189371,0,1,1,0,1,0,114,2,12,0
6189697,0,1,0,1,0,0,114,2,12,0
6190568,0,0,1,1,0,0,114,2,12,0
6190857,0,0,0,0,1,0,114,2,12,0
6190943,0,0,1,1,0,0,114,2,12,0
6191029,0,1,1,0,1,0,114,2,12,0
6192168,0,1,0,1,0,0,114,2,12,0
6193002,0,0,1,1,0,0,114,2,12,0
6193243,0,1,1,0,1,0,114,2,12,0
6193635,1,1,1,0,1,1,114,2,12,0
6193711,1,1,0,0,0,0,114,2,12,0
6195126,0,0,1,1,0,0,114,2,12,0
6195555,0,1,0,1,0,0,114,2,12,0
6195562,0,1,1,0,1,0,114,2,12,0
6195970,1,0,1,0,0,0,114,2,12,0
6196477,0,0,1,1,0,0,114,2,12,0
6196599,1,1,0,0,0,0,114,2,12,0
6197228,1,0,0,1,1,0,114,2,12,0
6197410,0,1,0,1,0,0,114,2,12,0
6198706,0,1,1,0,1,0,114,2,12,0
6199756,1,0,0,1,1,0,114,2,12,0
6199771,0,1,1,0,1,0,114,2,12,0
6199788,0,0,0,0,1,0,114,2,12,0
6202798,1,0,0,1,1,0,114,2,12,0
6202811,0,1,1,0,1,0,114,2,12,0
6203059,0,0,0,0,1,0,114,2,12,0
6203809,0,1,1,0,1,0,114,2,12,0
6203896,0,1,0,1,0,0,114,2,12,0
6204517,0,0,0,0,1,0,114,2,12,0
6205169,1,1,0,0,0,0,114,2,12,0
6205504,0,0,0,0,1,0,114,2,12,0
6206039,1,1,1,1,1,0,114,2,12,0
6206999,1,1,1,1,1,0,114,2,12,0
6207730,0,1,1,0,1,0,114,2,12,0
6208064,0,0,1,1,0,0,114,2,12,0
6208115,1,1,1,1,1,0,114,2,12,0
6208587,1,0,1,0,0,0,114,2,12,0
6209980,1,1,0,0,0,0,114,2,12,0
6211273,0,1,0,1,0,0,114,2,12,0
6211654,1,0,1,0,0,0,114,2,12,0
6211973,0,1,0,1,0,0,114,2,12,0
6212290,0,0,0,0,1,0,114,2,12,0
6213602,1,0,1,0,0,0,114,2,12,0
6213633,0,0,0,0,1,0,114,2,12,0
6214028,0,1,1,0,1,0,114,2,12,0
6214369,1,1,0,0,0,0,114,2,12,0
6215104,1,1,1,1,1,0,114,2,12,0
6215163,1,1,0,0,0,0,114,2,12,0
6215383,1,0,0,1,1,0,114,2,12,0
6215409,1,1,0,0,0,0,114,2,12,0
6216570,0,0,1,1,0,0,114,2,12,0
6217670,0,1,0,1,0,0,114,2,12,0
6218285,0,0,0,0,1,0,114,2,12,0
6218431,1,0,1,0,0,0,114,2,12,0
6219426,1,0,1,0,0,0,114,2,12,0
6219536,0,1,1,0,1,0,114,2,12,0
6219997,0,1,0,1,0,0,114,2,12,0
6220154,1,0,1,0,0,0,114,2,12,0
6220431,1,1,1,1,1,0,114,2,12,0
6221510,0,1,1,1,1,1,114,2,12,0
6221572,0,0,1,1,0,0,114,2,12,0
6221858,0,1,0,1,0,0,114,2,12,0
6222200,1,0,1,1,0,0,114,2,12,0
6222857,1,0,0,1,1,0,114,2,12,0
6222947,0,1,1,0,1,0,114,2,12,0
6224324,0,1,1,0,1,0,114,2,12,0
6224502,0,0,0,0,1,0,114,2,12,0
6224902,0,0,0,0,1,0,114,2,12,0
6225146,1,1,1,1,1,0,114,2,12,0
6226196,0,1,0,1,0,0,255,2,12,0
6226634,0,0,0,1,1,1,255,2,12,0
6226685,1,1,1,1,1,0,255,2,12,0
6226777,1,0,0,1,1,0,255,2,12,0
6226923,0,0,0,0,1,0,255,2,12,0
6227031,0,1,0,1,0,0,255,2,12,0
6227117,0,1,1,0,1,0,255,2,12,0
6227187,0,0,0,0,1,0,255,2,12,0
6227242,1,0,1,0,0,0,255,2,12,0
6227245,0,0,1,1,0,0,255,2,12,0
6227303,1,0,0,1,1,0,255,2,12,0
6227308,1,1,1,1,1,0,255,2,12,0
6227313,1,1,0,0,0,0,255,2,12,0
6227383,1,1,1,1,1,0,255,2,12,0
6227554,1,1,1,1,1,0,255,2,12,0
6227586,0,1,1,0,1,0,255,2,12,0
6227690,1,0,0,1,1,0,255,2,12,0
6227763,1,1,0,0,0,0,255,2,12,0
6227878,0,1,0,1,0,0,255,2,12,0
6227949,0,1,1,0,1,0,255,2,12,0
6228179,1,1,0,0,0,0,255,2,12,0
6228213,1,0,1,0,0,0,255,2,12,0
6228473,1,0,1,0,0,0,255,2,12,0
6228526,0,1,1,0,1,0,255,2,12,0
6228656,0,0,0,0,1,0,255,2,12,0
6228821,1,1,1,1,1,0,255,2,12,0
6228922,1,0,1,0,0,0,255,2,12,0
6228996,0,1,0,1,0,0,255,2,12,0
6229048,1,0,1,0,0,0,255,2,12,0
6229303,0,0,0,0,1,0,255,2,12,0
6229523,1,1,0,1,0,0,255,2,12,0
6229686,0,0,1,1,0,0,255,2,12,0
6229894,1,1,0,0,0,0,255,2,12,0
6229921,0,0,1,1,0,0,255,2,12,0
6230193,1,0,1,0,0,0,255,2,12,0
6230225,0,1,1,0,1,0,255,2,12,0
6230226,0,1,1,1,1,1,255,2,12,0
6230241,1,1,0,0,0,0,255,2,12,0
6230318,1,1,0,0,0,0,255,2,12,0
6230507,0,0,0,0,1,0,255,2,12,0
6230718,0,0,0,0,1,0,255,2,12,0
6230739,0,0,1,1,0,0,255,2,12,0
6230903,1,0,0,1,1,0,255,2,12,0
6231009,0,0,1,1,0,0,255,2,12,0
6231056,0,1,1,0,1,0,255,2,12,0
6231233,0,0,1,1,0,0,255,2,12,0
6231509,1,0,1,0,0,0,255,2,12,0
6231530,1,0,0,0,1,1,255,2,12,0
6231663,1,1,1,1,1,0,255,2,12,0
6232135,0,1,1,0,1,0,255,2,12,0
6232250,1,1,1,1,1,0,255,2,12,0
6232352,1,1,1,1,1,0,255,2,12,0
6232395,1,1,0,0,0,0,255,2,12,0
6232429,0,0,0,0,1,0,255,2,12,0
6232443,0,0,0,0,1,0,255,2,12,0
6232456,1,1,1,1,1,0,255,2,12,0
6232476,1,1,0,0,0,0,255,2,12,0
6232689,1,0,0,1,1,0,255,2,12,0
6232823,0,1,1,0,1,0,255,2,12,0
6232983,1,1,0,0,0,0,255,2,12,0
6233210,1,1,0,0,0,0,255,2,12,0
6233269,1,0,0,1,1,0,255,2,12,0
6233371,0,0,0,0,1,0,255,2,12,0
6233421,1,0,0,1,1,0,255,2,12,0
6233608,0,1,1,0,1,0,255,2,12,0
6233679,0,0,1,1,0,0,255,2,12,0
6234014,1,0,0,1,1,0,255,2,12,0
6234026,1,1,0,0,0,0,255,2,12,0
6234089,0,0,0,0,1,0,255,2,12,0
6234235,0,1,0,1,0,0,255,2,12,0
6234554,1,0,1,0,0,0,255,2,12,0
6234707,1,1,0,0,0,0,255,2,12,0
6234793,0,0,1,1,0,0,255,2,12,0
6234903,0,0,1,1,0,0,255,2,12,0
6234969,1,1,1,1,1,0,255,2,12,0
6235302,0,0,1,1,0,0,255,2,12,0
6235351,0,1,0,1,0,0,255,2,12,0
6235372,0,0,0,0,1,0,255,2,12,0
6235419,0,1,1,0,1,0,255,2,12,0
6235431,1,0,0,1,1,0,255,2,12,0
6235529,0,0,0,0,1,0,255,2,12,0
6235582,0,0,1,1,0,0,255,2,12,0
6236050,1,0,1,0,0,0,255,2,12,0
6236062,1,0,0,1,1,0,255,2,12,0
6236252,0,0,0,0,1,0,255,2,12,0
6236797,0,1,0,1,0,0,255,2,12,0
6237563,0,0,1,1,0,0,255,2,12,0
6237802,0,1,1,0,1,0,255,2,12,0
6237887,1,1,1,1,1,0,255,2,12,0
6238898,1,0,0,1,1,0,255,2,12,0
6239041,0,1,0,1,0,0,255,2,12,0
6239087,1,0,1,0,0,0,255,2,12,0
6239163,1,1,1,1,1,0,255,2,12,0
6239229,1,0,1,0,0,0,255,2,12,0
6239306,1,1,0,0,0,0,255,2,12,0
6239338,1,1,0,0,0,0,255,2,12,0
6239417,1,0,0,1,1,0,255,2,12,0
6239609,1,0,1,0,0,0,255,2,12,0
6239696,0,1,0,1,0,0,255,2,12,0
6239724,0,1,1,0,1,0,255,2,12,0
6239932,1,0,1,0,0,0,255,2,12,0
6240060,0,1,0,1,0,0,255,2,12,0
6240074,1,0,0,1,1,0,255,2,12,0
6240148,0,0,0,0,1,0,255,2,12,0
6240344,0,0,1,1,0,0,255,2,12,0
6240569,0,1,0,1,0,0,255,2,12,0
6240596,0,1,0,1,0,0,255,2,12,0
6241031,0,0,0,0,1,0,255,2,12,0
6241118,1,0,0,1,1,0,255,2,12,0
6241169,0,1,0,1,0,0,255,2,12,0
6241502,1,1,1,1,1,0,255,2,12,0
6241608,1,1,1,1,1,0,255,2,12,0
6241614,1,1,1,1,1,0,255,2,12,0
6241677,1,1,0,0,0,0,255,2,12,0
6241709,0,1,1,0,1,0,255,2,12,0
6241743,0,1,1,0,1,0,255,2,12,0
6242184,0,0,1,1,0,0,255,2,12,0
6242259,0,1,1,0,1,0,255,2,12,0
6242267,1,0,1,0,0,0,255,2,12,0
6242389,0,1,0,1,0,0,255,2,12,0
6242638,0,1,1,0,1,0,255,2,12,0
6242661,0,0,1,1,0,0,255,2,12,0
6242693,1,1,0,0,0,0,255,2,12,0
6242853,0,1,1,0,1,0,255,2,12,0
6243125,1,0,0,1,1,0,255,2,12,0
6243148,0,0,0,0,1,0,255,2,12,0
6243236,1,1,0,0,0,0,255,2,12,0
6243322,1,1,1,1,1,0,255,2,12,0
6243338,0,0,0,0,1,0,255,2,12,0
6243477,1,1,1,1,1,0,255,2,12,0
6243698,0,0,0,0,1,0,255,2,12,0
6243772,0,0,1,1,0,0,255,2,12,0
6244119,1,0,0,1,1,0,255,2,12,0
6244824,0,1,0,1,0,0,255,2,12,0
6244887,1,1,1,1,1,0,255,2,12,0
6245020,0,1,1,0,1,0,255,2,12,0
6245125,1,1,0,0,0,0,255,2,12,0
6245282,1,0,0,1,1,0,255,2,12,0
6246361,0,0,1,1,0,0,255,2,12,0
6246457,1,0,1,0,0,0,255,2,12,0
6246489,1,1,0,0,0,0,255,2,12,0
6246568,0,0,1,1,0,0,255,2,12,0
6246684,0,0,0,0,1,0,255,2,12,0
6246870,0,1,1,0,1,0,255,2,12,0
6247029,0,1,0,1,0,0,255,2,12,0
6247084,1,0,0,1,1,0,255,2,12,0
6247099,0,0,1,0,0,0,255,2,12,0
6247119,1,0,1,0,0,0,255,2,12,0
6247307,0,0,0,0,1,0,255,2,12,0
6247377,1,1,0,0,0,0,255,2,12,0
6247573,1,0,0,1,1,0,255,2,12,0
6247635,0,0,0,0,1,0,255,2,12,0
6247648,1,0,0,1,1,0,255,2,12,0
6247799,0,1,0,1,0,0,255,2,12,0
6247838,1,0,0,1,1,0,255,2,12,0
6248149,1,0,0,1,1,0,255,2,12,0
6248603,1,1,1,1,1,0,255,2,12,0
6248735,0,0,1,1,0,0,255,2,12,0
6248992,1,1,0,0,0,0,255,2,12,0
6249697,0,1,0,1,0,0,255,2,12,0
6249767,0,1,1,0,1,0,255,2,12,0
6249782,0,1,0,1,0,0,255,2,12,0
6249952,0,0,0,0,1,0,255,2,12,0
6250079,0,1,0,1,0,0,255,2,12,0
6250127,0,1,0,1,0,0,255,2,12,0
6250205,1,0,1,0,0,0,255,2,12,0
6250224,1,1,0,0,0,0,255,2,12,0
6250358,1,0,1,0,0,0,255,2,12,0
6250388,0,0,1,1,0,0,255,2,12,0
6250469,1,0,0,1,1,0,255,2,12,0
6251085,0,1,0,1,0,0,255,2,12,0
6251307,0,0,0,0,1,0,255,2,12,0
6251329,1,1,0,0,0,0,255,2,12,0
6251511,0,1,1,0,1,0,255,2,12,0
6251574,0,1,0,1,0,0,255,2,12,0
6251620,1,1,1,1,1,0,255,2,12,0
6252052,0,0,0,0,1,0,255,2,12,0
6252107,0,1,0,1,0,0,255,2,12,0
6252214,1,1,1,1,1,0,255,2,12,0
6252227,1,1,0,0,0,0,255,2,12,0
6252250,0,1,1,0,1,0,255,2,12,0
6252311,0,0,0,0,1,0,255,2,12,0
6252333,1,0,1,0,0,0,255,2,12,0
6252455,0,1,0,1,0,0,255,2,12,0
6252533,1,1,1,1,1,0,255,2,12,0
6252706,0,1,0,1,0,0,255,2,12,0
6252912,1,1,1,1,1,0,255,2,12,0
6252919,0,0,1,1,0,0,255,2,12,0
6252939,1,0,0,1,1,0,255,2,12,0
6253027,0,0,0,0,1,0,255,2,12,0
6253219,0,0,0,0,1,0,255,2,12,0
6253373,1,1,0,0,0,0,255,2,12,0
6253460,0,0,0,0,1,0,255,2,12,0
6253638,0,1,0,1,0,0,255,2,12,0
6253838,0,0,0,0,1,0,255,2,12,0
6253942,1,1,0,0,0,0,255,2,12,0
6254004,1,1,0,0,0,0,255,2,12,0
6254148,0,1,0,1,0,0,255,2,12,0
6254257,0,0,1,1,0,0,255,2,12,0
6254810,1,0,0,1,1,0,255,2,12,0
6254942,0,0,1,1,0,0,255,2,12,0
6255000,0,0,0,0,1,0,255,2,12,0
6255027,0,1,0,1,0,0,255,2,12,0
6255161,0,0,0,0,1,0,255,2,12,0
6255277,0,0,1,1,0,0,255,2,12,0
6255420,1,0,0,1,1,0,255,2,12,0
6255471,1,1,1,1,1,0,255,2,12,0
6255518,1,0,0,1,1,0,255,2,12,0
6255533,0,0,0,0,1,0,255,2,12,0
6255535,0,0,0,0,1,0,255,2,12,0
6255542,0,0,1,1,0,0,255,2,12,0
6255630,0,1,0,1,0,0,255,2,12,0
6255930,1,1,1,1,1,0,255,2,12,0
6255936,1,1,0,0,0,0,255,2,12,0
6256125,1,0,0,1,1,0,255,2,12,0
6256414,0,0,1,1,0,0,255,2,12,0
6256419,1,1,0,0,0,0,255,2,12,0
6256424,0,0,0,0,1,0,255,2,12,0
6256602,1,0,1,0,0,0,255,2,12,0
6256824,1,0,1,0,0,0,255,2,12,0
6256859,1,0,0,1,1,0,255,2,12,0
6257097,1,0,1,0,0,0,255,2,12,0
6257257,0,0,0,0,1,0,255,2,12,0
6257280,0,0,1,1,0,0,255,2,12,0
6257354,1,0,1,0,0,0,255,2,12,0
6257584,0,1,0,1,0,0,255,2,12,0
6257932,1,1,1,1,1,0,255,2,12,0
6257954,0,1,1,0,1,0,255,2,12,0
6257996,0,0,0,0,1,0,255,2,12,0
6258110,0,0,0,0,1,0,255,2,12,0
6258197,1,0,0,1,1,0,255,2,12,0
6258250,1,1,1,1,1,0,255,2,12,0
6258575,1,1,0,0,0,0,255,2,12,0
6258579,0,0,0,0,1,0,255,2,12,0
6258651,1,0,1,0,0,0,255,2,12,0
6258657,0,1,0,1,0,0,255,2,12,0
6258706,0,1,0,1,0,0,255,2,12,0
6259127,0,0,0,0,1,0,255,2,12,0
6259163,1,0,1,0,0,0,255,2,12,0
6259286,0,1,1,0,1,0,255,2,12,0
6259466,1,0,0,1,1,0,255,2,12,0
6259638,0,1,1,0,1,0,255,2,12,0
6259778,0,1,1,0,1,0,255,2,12,0
6260052,0,1,1,0,1,0,255,2,12,0
6260346,1,1,0,0,0,0,255,2,12,0
6260610,0,1,1,0,1,0,255,2,12,0
6260719,0,1,0,1,0,0,255,2,12,0
6260767,1,0,1,0,0,0,255,2,12,0
6260862,0,0,1,1,0,0,255,2,12,0
6260901,1,1,0,0,0,0,255,2,12,0
6261056,1,1,1,1,1,0,255,2,12,0
6261128,0,1,1,0,1,0,255,2,12,0
6261300,0,0,0,0,1,0,255,2,12,0
6261413,0,0,1,1,0,0,255,2,12,0
6261453,0,0,0,0,1,0,255,2,12,0
6261610,1,1,0,0,0,0,255,2,12,0
6261680,0,1,0,1,0,0,255,2,12,0
6261689,1,0,1,0,0,0,255,2,12,0
6261788,0,0,0,0,1,0,255,2,12,0
6261846,1,1,1,1,1,0,255,2,12,0
6262014,1,0,1,0,0,0,255,2,12,0
6262291,1,1,1,1,1,0,255,2,12,0
6262396,1,1,1,1,1,0,255,2,12,0
6262631,1,0,0,1,1,0,255,2,12,0
6262879,0,1,0,1,0,0,255,2,12,0
6262969,1,1,0,1,0,0,255,2,12,0
6262983,1,0,1,0,0,0,255,2,12,0
6263000,1,0,1,0,0,0,255,2,12,0
6263055,0,1,1,0,1,0,255,2,12,0
6263332,0,1,0,1,0,0,255,2,12,0
6263406,0,1,0,1,0,0,255,2,12,0
6263729,0,1,0,1,0,0,255,2,12,0
6263819,1,1,1,1,1,0,255,2,12,0
6263956,1,0,1,1,0,0,255,2,12,0
6263961,0,1,0,1,0,0,255,2,12,0
6263982,0,1,1,0,1,0,255,2,12,0
6264078,1,0,0,1,1,0,255,2,12,0
6264473,0,0,1,1,0,0,255,2,12,0
6264842,0,1,1,0,1,0,255,2,12,0
6264967,0,1,1,0,1,0,255,2,12,0
6265067,0,0,1,1,0,0,255,2,12,0
6265267,0,0,0,0,1,0,255,2,12,0
6265289,1,0,0,1,1,0,255,2,12,0
6265902,1,1,1,1,1,0,255,2,12,0
6266061,1,1,1,1,1,0,255,2,12,0
6266182,1,1,1,1,1,0,255,2,12,0
6266405,0,1,1,0,1,0,255,2,12,0
6266450,0,0,0,0,1,0,255,2,12,0
6266836,0,1,1,1,1,1,255,2,12,0
6266899,0,0,1,1,0,0,255,2,12,0
6266903,0,0,1,1,0,0,255,2,12,0
6267200,0,1,0,1,0,0,255,2,12,0
6267220,1,0,1,0,0,0,255,2,12,0
6267497,1,0,0,1,1,0,255,2,12,0
6267574,0,1,0,1,0,0,255,2,12,0
6267610,1,0,1,0,0,0,255,2,12,0
6267698,0,1,1,0,1,0,255,2,12,0
6267734,0,1,0,1,0,0,255,2,12,0
6267767,0,1,0,1,0,0,255,2,12,0
6268062,1,0,0,1,1,0,255,2,12,0
6268159,1,1,0,0,0,0,255,2,12,0
6268160,0,1,1,0,1,0,255,2,12,0
6268165,1,0,0,1,1,0,255,2,12,0
6268379,0,1,1,0,1,0,255,2,12,0
6268740,1,1,0,0,0,0,255,2,12,0
6268777,0,0,0,0,1,0,255,2,12,0
6269278,0,0,1,1,0,0,255,2,12,0
6269358,1,0,1,0,0,0,255,2,12,0
6269653,1,1,0,0,0,0,255,2,12,0
6269863,1,0,1,0,0,0,255,2,12,0
6270143,1,0,0,1,1,0,255,2,12,0
6270537,1,1,0,0,0,0,255,2,12,0
6270786,0,0,0,0,1,0,255,2,12,0
6270881,1,0,0,1,1,0,255,2,12,0
6271003,1,1,0,0,0,0,255,2,12,0
6271019,1,1,1,1,1,0,255,2,12,0
6271065,1,1,1,1,1,0,255,2,12,0
6271110,1,0,1,1,0,0,255,2,12,0
6271126,1,1,1,1,1,0,255,2,12,0
6271210,1,0,0,1,1,0,255,2,12,0
6271216,1,1,0,0,0,0,255,2,12,0
6271445,1,0,1,0,0,0,255,2,12,0
6271594,1,1,1,1,1,0,255,2,12,0
6271855,0,1,1,0,1,0,255,2,12,0
6271896,1,0,1,0,0,0,255,2,12,0
6272036,0,1,1,0,1,0,255,2,12,0
6272361,1,0,0,1,1,0,255,2,12,0
6272451,1,0,1,0,0,0,255,2,12,0
6272531,1,1,0,0,0,0,255,2,12,0
6273229,0,1,0,1,0,0,255,2,12,0
6273248,1,1,1,1,1,0,255,2,12,0
6273332,0,0,0,0,1,0,255,2,12,0
6273634,1,1,1,1,1,0,255,2,12,0
6273865,0,0,1,1,0,0,255,2,12,0
6274137,0,1,1,0,1,0,255,2,12,0
6274295,0,0,0,0,1,0,255,2,12,0
6274344,0,0,1,1,0,0,255,2,12,0
6274396,1,1,1,1,1,0,255,2,12,0
6274428,0,1,0,1,0,0,255,2,12,0
6274443,0,1,1,0,1,0,255,2,12,0
6274701,0,1,1,0,1,0,255,2,12,0
6274772,0,0,1,1,0,0,255,2,12,0
6274961,0,0,0,0,1,0,255,2,12,0
6275112,0,1,1,0,1,0,255,2,12,0
6275367,1,1,0,0,0,0,255,2,12,0
6275406,1,0,0,1,1,0,255,2,12,0
6275591,1,1,1,1,1,0,255,2,12,0
6275842,0,0,0,0,1,0,255,2,12,0
6276250,1,1,0,0,0,0,255,2,12,0
6276304,1,1,0,0,0,0,255,2,12,0
6276404,0,1,0,1,0,0,255,2,12,0
6277100,1,1,1,1,1,0,255,2,12,0
6277271,0,1,1,0,1,0,255,2,12,0
6277292,1,1,1,1,1,0,255,2,12,0
6277549,0,1,0,1,0,0,255,2,12,0
6277663,0,0,1,1,0,0,255,2,12,0
6277729,1,0,0,1,1,0,255,2,12,0
6277731,1,1,0,0,0,0,255,2,12,0
6277754,0,1,1,0,1,0,255,2,12,0
6277984,1,1,1,1,1,0,255,2,12,0
6278131,0,0,1,0,0,0,255,2,12,0
6278195,1,0,1,0,0,0,255,2,12,0
6278356,0,1,0,1,0,0,255,2,12,0
6278958,0,1,1,0,1,0,255,2,12,0
6279056,0,0,0,0,1,0,255,2,12,0
6279234,1,0,0,1,1,0,255,2,12,0
6279366,0,0,0,0,1,0,255,2,12,0
6279507,0,0,0,0,1,0,255,2,12,0
6279536,1,0,1,0,0,0,255,2,12,0
6279538,1,0,1,0,0,0,255,2,12,0
6279695,1,0,1,0,0,0,255,2,12,0
6279745,1,1,1,1,1,0,255,2,12,0
6280007,1,1,0,0,0,0,255,2,12,0
6280044,0,1,0,1,0,0,255,2,12,0
6280093,1,1,1,1,1,0,255,2,12,0
6280118,0,1,1,0,1,0,255,2,12,0
6280137,1,0,1,0,0,0,255,2,12,0
6280694,1,0,1,0,0,0,255,2,12,0
6280722,1,1,1,1,1,0,255,2,12,0
6280759,1,1,0,0,0,0,255,2,12,0
6280870,1,0,1,0,0,0,255,2,12,0
6281335,0,1,1,0,1,0,255,2,12,0
6281421,0,1,0,1,0,0,255,2,12,0
6281492,1,1,1,1,1,0,255,2,12,0
6281514,0,0,1,1,0,0,255,2,12,0
6281648,0,0,1,1,0,0,255,2,12,0
6282058,0,0,0,0,1,0,255,2,12,0
6282074,0,1,0,1,0,0,255,2,12,0
6282286,0,0,0,0,1,0,255,2,12,0
6282528,1,0,0,1,1,0,255,2,12,0
6282529,1,0,1,0,0,0,255,2,12,0
6282831,0,0,1,1,0,0,255,2,12,0
6283040,1,0,0,1,1,0,255,2,12,0
6283623,0,0,0,0,1,0,255,2,12,0
6283654,1,1,0,0,0,0,255,2,12,0
6283843,1,1,1,1,1,0,255,2,12,0
6283949,1,0,1,0,0,0,255,2,12,0
6284205,1,0,1,0,0,0,255,2,12,0
6284247,0,1,0,1,0,0,255,2,12,0
6284251,1,1,0,0,0,0,255,2,12,0
6284257,0,1,0,1,0,0,255,2,12,0
6284543,0,0,1,1,0,0,255,2,12,0
6284699,1,1,1,1,1,0,255,2,12,0
6284705,0,1,0,1,0,0,255,2,12,0
6284863,0,0,1,1,0,0,255,2,12,0
6284888,1,1,0,0,0,0,255,2,12,0
6284942,1,1,0,0,0,0,255,2,12,0
6284982,0,1,0,1,0,0,255,2,12,0
6285264,0,1,0,1,0,0,255,2,12,0
6285385,0,0,0,0,1,0,255,2,12,0
6285761,0,1,1,0,1,0,255,2,12,0
6285772,0,0,0,0,1,0,255,2,12,0
6285792,0,1,1,0,1,0,255,2,12,0
6286113,0,0,0,0,1,0,255,2,12,0
6286421,1,0,0,1,1,0,255,2,12,0
6286534,1,1,0,0,0,0,255,2,12,0
6286733,0,1,0,1,0,0,255,2,12,0
6286755,1,0,1,0,0,0,255,2,12,0
6286961,0,1,0,1,0,0,255,2,12,0
6287555,1,0,0,1,1,0,255,2,12,0
6287916,1,1,0,0,0,0,255,2,12,0
6288261,1,0,1,0,0,0,255,2,12,0
6288512,0,0,0,0,1,0,255,2,12,0
6288656,0,1,0,1,0,0,255,2,12,0
6288706,1,0,1,0,0,0,255,2,12,0
6288713,0,1,0,1,0,0,255,2,12,0
6288983,1,0,1,0,0,0,255,2,12,0
6289247,1,0,0,1,1,0,255,2,12,0
6289331,0,0,1,1,0,0,255,2,12,0
6289565,0,0,1,1,0,0,255,2,12,0
6289796,0,0,1,1,0,0,255,2,12,0
6289875,1,1,1,1,1,0,255,2,12,0
6290075,0,0,1,1,0,0,255,2,12,0
6290147,0,0,1,1,0,0,255,2,12,0
6290648,1,1,1,0,1,1,255,2,12,0
6291072,0,1,0,1,0,0,255,2,12,0
6291129,1,0,1,0,0,0,255,2,12,0
6291381,1,0,0,1,1,0,255,2,12,0
6302059,1,1,0,0,0,0,12,2,12,0
6308726,1,1,1,1,1,0,12,2,12,0
6314111,0,1,0,1,0,0,12,2,12,0
6314663,0,0,0,0,1,0,12,2,12,0
6329040,0,1,1,0,1,0,12,2,12,0
6334290,1,1,0,0,0,0,12,2,12,0
6345111,0,1,1,0,1,0,12,2,12,0
6373090,0,1,1,0,1,0,14,2,12,0
6381050,1,1,1,1,1,0,14,2,12,0
6388862,0,0,1,0,0,0,14,2,12,0
6388957,0,0,1,1,0,0,14,2,12,0
6401126,1,1,1,0,1,1,14,2,12,0
6403914,0,0,0,0,1,0,14,2,12,0
6404173,1,0,1,0,0,0,14,2,12,0
6414525,0,0,1,1,0,0,14,2,12,0
6488750,0,0,0,0,1,0,118,2,12,0
6488796,1,0,0,1,1,0,118,2,12,0
6489315,1,0,1,0,0,0,118,2,12,0
6490851,1,0,1,0,0,0,118,2,12,0
6491127,1,0,0,1,1,0,118,2,12,0
6492734,1,0,1,0,0,0,118,2,12,0
6494097,1,1,0,0,0,0,118,2,12,0
6494613,0,1,1,0,1,0,118,2,12,0
6494792,0,1,0,1,0,0,118,2,12,0
6496496,1,1,1,1,1,0,118,2,12,0
6499033,0,1,1,0,1,0,118,2,12,0
6499237,0,1,1,0,1,0,118,2,12,0
6499952,0,0,0,0,1,0,118,2,12,0
6500659,0,1,1,1,1,1,118,2,12,0
6501887,0,0,1,1,0,0,118,2,12,0
6502216,0,1,1,0,1,0,118,2,12,0
6502291,0,0,0,0,1,0,118,2,12,0
6502351,0,1,1,0,1,0,118,2,12,0
6502536,1,0,1,0,0,0,118,2,12,0
6502643,0,0,0,0,1,0,118,2,12,0
6502767,1,0,0,1,1,0,118,2,12,0
6505337,1,1,1,1,1,0,118,2,12,0
6505418,0,0,0,0,1,0,118,2,12,0
6505574,0,0,1,0,0,0,118,2,12,0
6506801,1,1,0,0,0,0,118,2,12,0
6507912,1,1,0,0,0,0,118,2,12,0
6508024,1,1,0,0,0,0,118,2,12,0
6508025,0,0,1,1,0,0,118,2,12,0
6508242,0,0,1,1,0,0,118,2,12,0
6508513,0,0,1,1,0,0,118,2,12,0
6508574,0,1,0,1,0,0,118,2,12,0
6509140,0,1,1,1,1,1,118,2,12,0
6509208,0,1,0,1,0,0,118,2,12,0
6509510,1,0,0,1,1,0,118,2,12,0
6510419,0,0,0,0,1,0,118,2,12,0
6511625,1,0,1,0,0,0,118,2,12,0
6511820,1,1,0,0,0,0,118,2,12,0
6513014,0,0,0,0,1,0,118,2,12,0
6513135,1,0,0,1,1,0,118,2,12,0
6513265,0,0,1,1,0,0,118,2,12,0
6514236,1,1,1,1,1,0,118,2,12,0
6514256,0,1,1,0,1,0,118,2,12,0
6515600,1,1,1,1,1,0,118,2,12,0
6515669,1,0,1,0,0,0,118,2,12,0
6515784,0,0,0,0,1,0,118,2,12,0
6515803,1,1,0,0,0,0,118,2,12,0
6515817,1,0,1,0,0,0,118,2,12,0
6516640,1,0,1,0,0,0,118,2,12,0
6516921,1,1,0,0,0,0,118,2,12,0
6517985,1,1,0,0,0,0,118,2,12,0
6518948,0,1,1,0,1,0,118,2,12,0
6520649,1,0,1,0,0,0,118,2,12,0
6521107,0,1,1,0,1,0,118,2,12,0
6523243,1,1,0,0,0,0,118,2,12,0
6523995,0,0,0,0,1,0,118,2,12,0
6524188,1,0,0,1,1,0,118,2,12,0
6524589,0,0,0,0,1,0,118,2,12,0
6524913,1,0,0,1,1,0,118,2,12,0
6526253,1,1,0,0,0,0,118,2,12,0
6527380,0,0,1,1,0,0,118,2,12,0
6527504,1,1,0,0,0,0,118,2,12,0
6527521,1,0,1,0,0,0,118,2,12,0
6528768,0,0,0,0,1,0,118,2,12,0
6529885,0,0,1,1,0,0,118,2,12,0
6530552,0,1,0,1,0,0,118,2,12,0
6530629,1,1,0,0,0,0,118,2,12,0
6531224,1,0,1,0,0,0,118,2,12,0
6532375,0,1,0,1,0,0,118,2,12,0
6532730,1,1,0,0,0,0,118,2,12,0
6534899,1,0,0,1,1,0,118,2,12,0
6535162,1,1,0,0,0,0,118,2,12,0
6535986,1,1,1,1,1,0,118,2,12,0
6537181,1,0,0,1,1,0,118,2,12,0
6537392,0,0,1,1,0,0,118,2,12,0
6537834,1,0,0,1,1,0,118,2,12,0
6538008,1,0,1,0,0,0,118,2,12,0
6538541,1,1,1,1,1,0,118,2,12,0
6538878,0,0,0,0,1,0,118,2,12,0
6538992,1,1,0,0,0,0,118,2,12,0
6539190,0,1,0,1,0,0,118,2,12,0
6539516,0,1,1,0,1,0,118,2,12,0
6541296,1,1,0,0,0,0,118,2,12,0
6541584,0,0,1,1,0,0,118,2,12,0
6542146,1,0,1,0,0,0,118,2,12,0
6542185,0,0,0,0,1,0,118,2,12,0
6542532,0,1,1,0,1,0,118,2,12,0
6542712,1,1,0,0,0,0,118,2,12,0
6543644,0,1,1,0,1,0,118,2,12,0
6543653,1,1,0,0,0,0,118,2,12,0
6544924,1,1,0,0,0,0,118,2,12,0
6549756,1,0,0,1,1,0,118,2,12,0
6551099,0,1,1,0,1,0,118,2,12,0
6551163,0,1,0,1,0,0,118,2,12,0
6551768,1,1,1,1,1,0,118,2,12,0
6551983,0,0,0,0,1,0,118,2,12,0
6552397,0,1,1,0,1,0,118,2,12,0
6553722,0,1,0,1,0,0,231,2,12,0
6553984,0,0,1,1,0,0,231,2,12,0
6554366,0,1,0,1,0,0,231,2,12,0
6554746,1,1,0,0,0,0,231,2,12,0
6555142,0,0,0,0,1,0,231,2,12,0
6555355,0,0,0,0,1,0,231,2,12,0
6555677,0,1,1,0,1,0,231,2,12,0
6556128,1,0,1,0,0,0,231,2,12,0
6556681,1,0,0,1,1,0,231,2,12,0
6556694,0,0,0,0,1,0,231,2,12,0
6556815,0,1,1,0,1,0,231,2,12,0
6556870,0,1,1,0,1,0,231,2,12,0
6557209,1,0,1,0,0,0,231,2,12,0
6557219,0,1,1,0,1,0,231,2,12,0
6557399,1,1,0,0,0,0,231,2,12,0
6557476,1,1,0,0,0,0,231,2,12,0
6557806,1,1,0,0,0,0,231,2,12,0
6558168,1,0,0,1,1,0,231,2,12,0
6558188,0,0,0,0,1,0,231,2,12,0
6558813,0,1,1,0,1,0,231,2,12,0
6559239,0,1,0,0,0,0,231,2,12,0
6559519,1,1,0,0,0,0,231,2,12,0
6559636,0,1,1,0,1,0,231,2,12,0
6559637,0,0,0,0,1,0,231,2,12,0
6559924,0,1,0,1,0,0,231,2,12,0
6560381,0,1,0,1,0,0,231,2,12,0
6560955,0,1,0,1,0,0,231,2,12,0
6560998,1,0,0,1,1,0,231,2,12,0
6561097,0,1,0,1,0,0,231,2,12,0
6561879,1,1,0,0,0,0,231,2,12,0
6562139,1,0,0,1,1,0,231,2,12,0
6562267,1,0,0,1,1,0,231,2,12,0
6562444,1,0,1,0,0,0,231,2,12,0
6562674,0,1,0,1,0,0,231,2,12,0
6562777,0,1,0,1,0,0,231,2,12,0
6563057,1,0,0,1,1,0,231,2,12,0
6563343,1,1,0,0,0,0,231,2,12,0
6563412,1,0,1,0,0,0,231,2,12,0
6563755,1,1,1,1,1,0,231,2,12,0
6563999,0,1,1,0,1,0,231,2,12,0
6564620,0,1,0,1,0,0,231,2,12,0
6564796,0,1,0,1,0,0,231,2,12,0
6564822,1,1,0,0,0,0,231,2,12,0
6565008,1,0,1,0,0,0,231,2,12,0
6566018,1,0,0,1,1,0,231,2,12,0
6566142,1,0,1,0,0,0,231,2,12,0
6566252,0,1,1,0,1,0,231,2,12,0
6566495,1,0,0,1,1,0,231,2,12,0
6566606,0,0,1,1,0,0,231,2,12,0
6566803,1,0,1,0,0,0,231,2,12,0
6567001,0,0,1,1,0,0,231,2,12,0
6567007,0,1,1,0,1,0,231,2,12,0
6567293,1,0,0,1,1,0,231,2,12,0
6567321,0,0,1,1,0,0,231,2,12,0
6568112,0,0,1,1,0,0,231,2,12,0
6568271,0,1,1,0,1,0,231,2,12,0
6568804,1,0,1,0,0,0,231,2,12,0
6569320,0,1,0,1,0,0,231,2,12,0
6569671,0,0,0,0,1,0,231,2,12,0
6569722,0,1,1,0,1,0,231,2,12,0
6570192,0,0,0,0,1,0,231,2,12,0
6570939,1,0,0,1,1,0,231,2,12,0
6571154,1,0,1,0,0,0,231,2,12,0
6571184,1,0,1,0,0,0,231,2,12,0
6571333,0,1,0,1,0,0,231,2,12,0
6571457,1,1,0,0,0,0,231,2,12,0
6572018,1,0,0,1,1,0,231,2,12,0
6572439,1,1,0,0,0,0,231,2,12,0
6573256,1,0,1,0,0,0,231,2,12,0
6573479,0,0,0,0,1,0,231,2,12,0
6573646,0,0,0,0,1,0,231,2,12,0
6574061,0,1,1,0,1,0,231,2,12,0
6574388,0,1,0,0,0,0,231,2,12,0
6574532,0,1,0,1,0,0,231,2,12,0
6575194,0,1,1,0,1,0,231,2,12,0
6575557,0,1,1,0,1,0,231,2,12,0
6575564,1,1,1,1,1,0,231,2,12,0
6576400,1,1,1,1,1,0,231,2,12,0
6576429,0,0,1,1,0,0,231,2,12,0
6576753,1,1,1,1,1,0,231,2,12,0
6576793,0,0,1,1,0,0,231,2,12,0
6577022,0,1,0,1,0,0,231,2,12,0
6577968,1,0,1,1,0,0,231,2,12,0
6578097,0,0,0,0,1,0,231,2,12,0
6578420,0,0,0,0,1,0,231,2,12,0
6578476,0,0,0,1,1,1,231,2,12,0
6578982,1,0,1,0,0,0,231,2,12,0
6579384,0,1,0,1,0,0,231,2,12,0
6579404,1,1,1,1,1,0,231,2,12,0
6579688,1,1,0,0,0,0,231,2,12,0
6580675,1,1,1,1,1,0,231,2,12,0
6580801,1,1,1,1,1,0,231,2,12,0
6581402,1,0,0,1,1,0,231,2,12,0
6581844,0,1,0,1,0,0,231,2,12,0
6582201,0,0,1,1,0,0,231,2,12,0
6582445,1,1,0,0,0,0,231,2,12,0
6582626,0,0,0,0,1,0,231,2,12,0
6582663,1,1,0,0,0,0,231,2,12,0
6582803,0,0,1,1,0,0,231,2,12,0
6582975,0,0,0,0,1,0,231,2,12,0
6583046,0,1,0,1,0,0,231,2,12,0
6583557,1,0,0,1,1,0,231,2,12,0
6583666,1,1,1,1,1,0,231,2,12,0
6583944,0,1,0,1,0,0,231,2,12,0
6584139,1,0,0,1,1,0,231,2,12,0
6584181,0,1,0,1,0,0,231,2,12,0
6584970,0,1,0,1,0,0,231,2,12,0
6585203,0,0,0,0,1,0,231,2,12,0
6585297,0,1,1,0,1,0,231,2,12,0
6585863,0,0,1,1,0,0,231,2,12,0
6585900,0,0,1,1,0,0,231,2,12,0
6586311,0,1,1,0,1,0,231,2,12,0
6586338,0,1,1,1,1,1,231,2,12,0
6587273,1,0,1,0,0,0,231,2,12,0
6588013,1,1,1,1,1,0,231,2,12,0
6588189,1,0,1,0,0,0,231,2,12,0
6588373,1,1,1,1,1,0,231,2,12,0
6589506,1,0,1,0,0,0,231,2,12,0
6589544,0,1,0,1,0,0,231,2,12,0
6589815,1,0,1,0,0,0,231,2,12,0
6590974,1,1,0,0,0,0,231,2,12,0
6592674,0,0,1,1,0,0,231,2,12,0
6592917,1,0,1,0,0,0,231,2,12,0
6592930,1,0,1,0,0,0,231,2,12,0
6593124,0,1,1,0,1,0,231,2,12,0
6593491,1,0,1,0,0,0,231,2,12,0
6593916,0,1,1,0,1,0,231,2,12,0
6594043,0,1,0,0,0,0,231,2,12,0
6594189,0,1,1,0,1,0,231,2,12,0
6595171,0,1,1,0,1,0,231,2,12,0
6595235,1,0,1,0,0,0,231,2,12,0
6596082,1,0,1,0,0,0,231,2,12,0
6597645,1,0,1,0,0,0,231,2,12,0
6598228,1,0,1,0,0,0,231,2,12,0
6598548,1,0,0,1,1,0,231,2,12,0
6598903,1,1,1,1,1,0,231,2,12,0
6599197,1,1,1,1,1,0,231,2,12,0
6599875,1,0,0,1,1,0,231,2,12,0
6599897,1,1,1,1,1,0,231,2,12,0
6600106,1,0,0,1,1,0,231,2,12,0
6600412,1,0,1,0,0,0,231,2,12,0
6601433,1,0,0,1,1,0,231,2,12,0
6601729,1,0,0,1,1,0,231,2,12,0
6601812,1,0,0,1,1,0,231,2,12,0
6601877,1,1,1,1,1,0,231,2,12,0
6601897,0,1,0,1,0,0,231,2,12,0
6602014,0,1,1,0,1,0,231,2,12,0
6602479,0,1,0,1,0,0,231,2,12,0
6602646,1,1,1,1,1,0,231,2,12,0
6602693,0,0,1,1,0,0,231,2,12,0
6603384,1,1,0,0,0,0,231,2,12,0
6603862,1,0,1,0,0,0,231,2,12,0
6604367,1,0,0,1,1,0,231,2,12,0
6604611,0,1,1,0,1,0,231,2,12,0
6604819,1,1,0,0,0,0,231,2,12,0
6605154,0,1,1,0,1,0,231,2,12,0
6605418,0,0,1,1,0,0,231,2,12,0
6605516,0,0,1,1,0,0,231,2,12,0
6606629,0,1,1,0,1,0,231,2,12,0
6606908,0,1,0,1,0,0,231,2,12,0
6606993,0,1,0,1,0,0,231,2,12,0
6607300,1,1,0,0,0,0,231,2,12,0
6607373,1,0,0,1,1,0,231,2,12,0
6607920,1,1,1,1,1,0,231,2,12,0
6608089,1,0,1,0,0,0,231,2,12,0
6608625,1,1,1,1,1,0,231,2,12,0
6608907,0,1,1,0,1,0,231,2,12,0
6609447,1,1,1,1,1,0,231,2,12,0
6609782,1,0,0,1,1,0,231,2,12,0
6609852,1,0,1,0,0,0,231,2,12,0
6609963,0,0,1,1,0,0,231,2,12,0
6610924,1,1,1,1,1,0,231,2,12,0
6612523,1,0,1,0,0,0,231,2,12,0
6612739,1,0,1,0,0,0,231,2,12,0
6613108,0,0,1,1,0,0,231,2,12,0
6613199,1,1,1,1,1,0,231,2,12,0
6613530,0,1,1,0,1,0,231,2,12,0
6613860,0,0,1,1,0,0,231,2,12,0
6614050,0,0,1,1,0,0,231,2,12,0
6614580,1,1,1,0,1,1,231,2,12,0
6615016,1,0,0,1,1,0,231,2,12,0
6615609,0,1,1,0,1,0,231,2,12,0
6615758,1,1,1,1,1,0,231,2,12,0
6615995,1,0,0,1,1,0,231,2,12,0
6616945,0,0,0,0,1,0,231,2,12,0
6617020,1,0,1,0,0,0,231,2,12,0
6617546,0,0,0,0,1,0,231,2,12,0
6618939,1,1,0,0,0,0,231,2,12,0
6620032,1,1,1,1,1,0,28,2,12,0
6623196,1,1,1,1,1,0,28,2,12,0
6623583,0,0,0,0,1,0,28,2,12,0
6623595,0,0,1,1,0,0,28,2,12,0
6624862,1,0,1,0,0,0,28,2,12,0
6624904,1,0,1,0,0,0,28,2,12,0
6628851,1,1,1,1,1,0,28,2,12,0
6629264,1,0,0,1,1,0,28,2,12,0
6629704,0,0,0,0,1,0,28,2,12,0
6631961,1,1,1,1,1,0,28,2,12,0
6634952,1,0,0,1,1,0,28,2,12,0
6635543,1,0,1,0,0,0,28,2,12,0
6637256,0,1,0,1,0,0,28,2,12,0
6637309,1,0,1,0,0,0,28,2,12,0
6639727,0,0,0,0,1,0,28,2,12,0
6641122,1,0,0,1,1,0,28,2,12,0
6645418,0,1,1,0,1,0,28,2,12,0
6646517,1,0,1,0,0,0,28,2,12,0
6648754,1,1,1,1,1,0,28,2,12,0
6660817,1,0,0,1,1,0,28,2,12,0
6661222,1,0,1,1,0,0,28,2,12,0
6661728,1,1,1,1,1,0,28,2,12,0
6663836,1,0,0,1,1,0,28,2,12,0
6667356,0,1,1,0,1,0,28,2,12,0
6667686,1,1,0,0,0,0,28,2,12,0
6669213,1,0,1,0,0,0,28,2,12,0
6670459,1,1,1,1,1,0,28,2,12,0
6677437,0,1,1,0,1,0,28,2,12,0
6678728,1,1,1,1,1,0,28,2,12,0
6679878,1,1,0,1,0,0,28,2,12,0
6683339,1,1,0,0,0,0,28,2,12,0
6690602,0,0,1,1,0,0,5,2,12,0
6709377,1,0,1,1,0,0,5,2,12,0
6711539,0,1,1,0,1,0,5,2,12,0
6716696,0,0,0,0,1,0,5,2,12,0
6741914,0,0,0,1,1,1,5,2,12,0
6750299,1,1,0,0,0,0,138,2,12,0
6750814,0,0,1,1,0,0,138,2,12,0
6750982,1,0,0,1,1,0,138,2,12,0
6751163,1,0,0,1,1,0,138,2,12,0
6751414,1,1,0,0,0,0,138,2,12,0
6751593,1,1,0,0,0,0,138,2,12,0
6752845,0,0,1,1,0,0,138,2,12,0
6753661,0,1,0,1,0,0,138,2,12,0
6754975,1,0,0,1,1,0,138,2,12,0
6755125,1,1,0,0,0,0,138,2,12,0
6756619,1,1,0,0,0,0,138,2,12,0
6756622,1,0,0,1,1,0,138,2,12,0
6757313,0,0,0,0,1,0,138,2,12,0
6757975,1,1,1,1,1,0,138,2,12,0
6758697,0,1,0,1,0,0,138,2,12,0
6759426,1,1,0,0,0,0,138,2,12,0
6759469,1,1,1,1,1,0,138,2,12,0
6760755,0,1,1,0,1,0,138,2,12,0
6761322,0,0,0,0,1,0,138,2,12,0
6761446,0,1,0,1,0,0,138,2,12,0
6761464,0,0,0,0,1,0,138,2,12,0
6761916,1,1,1,1,1,0,138,2,12,0
6762949,1,0,0,1,1,0,138,2,12,0
6763463,0,0,0,0,1,0,138,2,12,0
6764243,0,0,0,0,1,0,138,2,12,0
6764879,1,0,0,1,1,0,138,2,12,0
6765836,0,1,0,1,0,0,138,2,12,0
6765892,0,0,1,1,0,0,138,2,12,0
6766463,1,1,1,1,1,0,138,2,12,0
6766692,0,0,1,1,0,0,138,2,12,0
6766938,1,1,0,0,0,0,138,2,12,0
6768254,0,1,1,0,1,0,138,2,12,0
6769746,0,0,0,0,1,0,138,2,12,0
6770075,0,0,0,0,1,0,138,2,12,0
6770547,0,0,1,1,0,0,138,2,12,0
6770600,1,1,1,1,1,0,138,2,12,0
6770683,1,0,0,1,1,0,138,2,12,0
6770710,1,1,0,0,0,0,138,2,12,0
6771308,0,0,1,1,0,0,138,2,12,0
6772976,0,1,0,1,0,0,138,2,12,0
6773838,1,0,0,1,1,0,138,2,12,0
6774772,1,1,1,1,1,0,138,2,12,0
6775216,0,0,0,0,1,0,138,2,12,0
6775753,1,0,1,0,0,0,138,2,12,0
6776354,1,1,0,0,0,0,138,2,12,0
6776761,0,1,0,1,0,0,138,2,12,0
6778796,1,0,0,1,1,0,138,2,12,0
6778892,1,0,1,0,0,0,138,2,12,0
6780268,1,0,0,1,1,0,138,2,12,0
6780803,0,0,1,1,0,0,138,2,12,0
6781322,1,0,0,1,1,0,138,2,12,0
6781997,0,0,1,1,0,0,138,2,12,0
6782803,0,0,0,0,1,0,138,2,12,0
6782971,0,1,0,1,0,0,138,2,12,0
6783195,1,1,0,0,0,0,138,2,12,0
6783519,1,0,0,1,1,0,138,2,12,0
6784147,1,0,1,0,0,0,138,2,12,0
6785020,1,0,0,1,1,0,138,2,12,0
6786171,1,0,1,1,0,0,138,2,12,0
6786746,1,1,1,1,1,0,138,2,12,0
6787423,1,1,0,0,0,0,138,2,12,0
6787602,0,1,0,1,0,0,138,2,12,0
6787635,1,0,1,0,0,0,138,2,12,0
6787936,0,0,0,1,1,1,138,2,12,0
6788114,0,0,1,1,0,0,138,2,12,0
6789844,0,1,0,1,0,0,138,2,12,0
6790078,1,0,1,0,0,0,138,2,12,0
6790550,1,0,0,1,1,0,138,2,12,0
6790571,0,1,0,1,0,0,138,2,12,0
6791327,0,0,0,0,1,0,138,2,12,0
6791868,1,0,0,1,1,0,138,2,12,0
6792597,1,0,1,0,0,0,138,2,12,0
6792735,1,1,1,1,1,0,138,2,12,0
6792999,0,0,1,1,0,0,138,2,12,0
6793723,1,1,1,1,1,0,138,2,12,0
6794995,1,0,1,0,0,0,138,2,12,0
6795802,0,1,0,1,0,0,138,2,12,0
6796283,1,0,1,0,0,0,138,2,12,0
6796390,1,0,1,0,0,0,138,2,12,0
6797166,1,1,0,0,0,0,138,2,12,0
6797867,0,1,1,0,1,0,138,2,12,0
6797905,0,1,1,0,1,0,138,2,12,0
6798630,1,1,1,1,1,0,138,2,12,0
6798803,0,0,0,0,1,0,138,2,12,0
6800186,1,0,1,0,0,0,138,2,12,0
6800508,1,1,0,0,0,0,138,2,12,0
6800570,1,1,1,1,1,0,138,2,12,0
6801139,0,1,1,0,1,0,138,2,12,0
6801293,0,1,1,0,1,0,138,2,12,0
6801626,0,1,1,0,1,0,138,2,12,0
6802227,1,0,1,0,0,0,138,2,12,0
6802446,1,0,0,1,1,0,138,2,12,0
6803553,1,1,0,0,0,0,138,2,12,0
6803747,1,1,1,1,1,0,138,2,12,0
6804581,0,1,1,0,1,0,138,2,12,0
6804733,0,1,0,1,0,0,138,2,12,0
6805474,0,0,1,1,0,0,138,2,12,0
6806502,1,0,1,0,0,0,138,2,12,0
6806883,1,0,1,0,0,0,138,2,12,0
6807120,1,1,0,0,0,0,138,2,12,0
6807644,0,0,0,0,1,0,138,2,12,0
6807711,1,1,1,1,1,0,138,2,12,0
6807864,0,0,1,1,0,0,138,2,12,0
6808129,0,0,1,1,0,0,138,2,12,0
6808547,1,0,0,1,1,0,138,2,12,0
6809047,0,1,0,1,0,0,138,2,12,0
6809529,1,0,1,0,0,0,138,2,12,0
6809728,1,0,0,1,1,0,138,2,12,0
6809822,1,1,0,0,0,0,138,2,12,0
6809878,1,1,0,0,0,0,138,2,12,0
6810402,0,0,0,0,1,0,138,2,12,0
6811202,0,1,0,1,0,0,138,2,12,0
6812461,1,0,0,1,1,0,138,2,12,0
6813012,0,0,1,1,0,0,138,2,12,0
6813990,0,0,1,1,0,0,138,2,12,0
6814291,0,1,1,0,1,0,138,2,12,0
6814432,1,0,1,0,0,0,138,2,12,0
6814666,0,1,1,0,1,0,138,2,12,0
6814776,0,1,0,1,0,0,138,2,12,0
6815257,1,1,0,0,0,0,138,2,12,0
6816193,0,1,0,1,0,0,141,2,12,0
6816320,1,0,1,0,0,0,141,2,12,0
6816591,1,0,0,1,1,0,141,2,12,0
6817022,1,1,0,0,0,0,141,2,12,0
6818420,0,1,1,0,1,0,141,2,12,0
6818777,0,0,0,0,1,0,141,2,12,0
6819596,0,0,0,0,1,0,141,2,12,0
6819847,1,1,1,1,1,0,141,2,12,0
6820193,1,0,0,1,1,0,141,2,12,0
6820855,1,0,0,1,1,0,141,2,12,0
6820896,0,1,1,0,1,0,141,2,12,0
6821452,1,1,1,1,1,0,141,2,12,0
6821883,1,1,0,0,0,0,141,2,12,0
6822209,0,1,0,1,0,0,141,2,12,0
6822583,0,1,1,0,1,0,141,2,12,0
6822607,1,1,1,1,1,0,141,2,12,0
6822924,0,0,0,0,1,0,141,2,12,0
6824178,0,0,1,1,0,0,141,2,12,0
6824193,1,0,0,1,1,0,141,2,12,0
6824571,0,0,0,0,1,0,141,2,12,0
6826460,0,1,1,0,1,0,141,2,12,0
6826514,1,0,0,1,1,0,141,2,12,0
6827137,0,1,0,1,0,0,141,2,12,0
6827250,1,0,1,1,0,0,141,2,12,0
6827515,0,0,1,1,0,0,141,2,12,0
6827519,0,1,0,1,0,0,141,2,12,0
6828633,0,1,0,1,0,0,141,2,12,0
6828669,1,0,0,1,1,0,141,2,12,0
6828778,0,0,0,0,1,0,141,2,12,0
6829152,0,0,0,0,1,0,141,2,12,0
6829454,0,1,1,0,1,0,141,2,12,0
6829784,0,1,1,0,1,0,141,2,12,0
6829803,0,0,1,1,0,0,141,2,12,0
6830815,1,0,1,0,0,0,141,2,12,0
6832775,0,0,1,1,0,0,141,2,12,0
6832779,1,0,0,1,1,0,141,2,12,0
6833402,1,0,0,1,1,0,141,2,12,0
6835405,1,1,1,1,1,0,141,2,12,0
6835900,1,1,1,1,1,0,141,2,12,0
6836288,0,0,0,0,1,0,141,2,12,0
6837139,1,0,0,1,1,0,141,2,12,0
6837541,0,0,0,0,1,0,141,2,12,0
6838235,1,0,1,0,0,0,141,2,12,0
6839057,0,1,1,0,1,0,141,2,12,0
6839417,1,0,1,0,0,0,141,2,12,0
6840032,0,0,0,0,1,0,141,2,12,0
6840672,0,0,0,0,1,0,141,2,12,0
6842105,1,1,1,1,1,0,141,2,12,0
6844795,0,0,1,1,0,0,141,2,12,0
6845262,1,1,0,0,0,0,141,2,12,0
6845557,1,1,1,1,1,0,141,2,12,0
6846518,0,1,0,1,0,0,141,2,12,0
6846681,1,0,1,0,0,0,141,2,12,0
6847572,1,0,0,1,1,0,141,2,12,0
6847795,0,0,0,0,1,0,141,2,12,0
6848166,1,0,0,1,1,0,141,2,12,0
6848812,1,0,1,0,0,0,141,2,12,0
6848886,1,0,0,1,1,0,141,2,12,0
6849135,1,1,1,1,1,0,141,2,12,0
6850380,1,1,0,0,0,0,141,2,12,0
6850746,1,0,1,0,0,0,141,2,12,0
6850809,1,0,1,0,0,0,141,2,12,0
6851100,1,0,1,0,0,0,141,2,12,0
6852695,0,0,0,0,1,0,141,2,12,0
6852701,1,0,0,1,1,0,141,2,12,0
6853316,1,0,0,1,1,0,141,2,12,0
6853396,0,0,1,1,0,0,141,2,12,0
6853671,0,1,0,1,0,0,141,2,12,0
6854068,0,1,0,1,0,0,141,2,12,0
6854399,1,0,0,1,1,0,141,2,12,0
6855221,1,0,0,1,1,0,141,2,12,0
6855394,0,1,0,1,0,0,141,2,12,0
6855605,0,1,0,1,0,0,141,2,12,0
6855864,0,1,1,0,1,0,141,2,12,0
6856506,0,1,0,1,0,0,141,2,12,0
6857465,0,0,0,0,1,0,141,2,12,0
6857731,0,1,0,1,0,0,141,2,12,0
6858773,0,0,1,1,0,0,141,2,12,0
6859109,1,1,0,0,0,0,141,2,12,0
6859563,1,1,1,1,1,0,141,2,12,0
6861509,0,0,1,0,0,0,141,2,12,0
6863127,1,0,1,0,0,0,141,2,12,0
6863471,0,1,1,0,1,0,141,2,12,0
6863563,1,0,0,1,1,0,141,2,12,0
6863722,0,0,0,0,1,0,141,2,12,0
6863989,1,1,0,0,0,0,141,2,12,0
6864393,1,0,1,0,0,0,141,2,12,0
6865102,0,1,1,0,1,0,141,2,12,0
6865199,0,1,1,0,1,0,141,2,12,0
6865302,0,0,1,1,0,0,141,2,12,0
6867657,0,0,1,1,0,0,141,2,12,0
6868158,0,1,0,1,0,0,141,2,12,0
6868309,0,1,0,1,0,0,141,2,12,0
6868324,1,1,1,1,1,0,141,2,12,0
6868992,0,0,1,1,0,0,141,2,12,0
6869880,0,1,1,0,1,0,141,2,12,0
6869894,0,0,1,1,0,0,141,2,12,0
6871012,1,1,0,0,0,0,141,2,12,0
6872598,1,1,1,1,1,0,141,2,12,0
6872773,0,1,1,0,1,0,141,2,12,0
6875388,0,0,0,0,1,0,141,2,12,0
6876619,1,1,0,0,0,0,141,2,12,0
6876851,0,1,0,1,0,0,141,2,12,0
6877198,1,0,1,0,0,0,141,2,12,0
6877399,0,1,0,0,0,0,141,2,12,0
6877679,0,0,0,0,1,0,141,2,12,0
6877835,0,1,1,0,1,0,141,2,12,0
6878075,1,0,0,1,1,0,141,2,12,0
6879144,1,1,0,0,0,0,141,2,12,0
6879232,1,1,1,1,1,0,141,2,12,0
6879591,0,1,1,0,1,0,141,2,12,0
6879673,1,0,0,1,1,0,141,2,12,0
6880248,0,0,1,1,0,0,141,2,12,0
6880318,0,1,1,0,1,0,141,2,12,0
6880365,0,0,0,0,1,0,141,2,12,0
6880781,0,1,0,1,0,0,141,2,12,0
6880783,1,0,0,1,1,0,141,2,12,0
6881259,0,0,0,0,1,0,141,2,12,0
6881683,0,0,0,0,1,0,112,2,12,0
6882102,1,1,0,0,0,0,112,2,12,0
6882258,0,1,1,0,1,0,112,2,12,0
6883220,1,1,1,1,1,0,112,2,12,0
6884942,0,0,0,0,1,0,112,2,12,0
6886809,1,0,1,0,0,0,112,2,12,0
6887040,0,1,0,1,0,0,112,2,12,0
6887398,1,0,0,1,1,0,112,2,12,0
6887438,0,1,1,0,1,0,112,2,12,0
6887759,1,1,0,0,0,0,112,2,12,0
6888862,0,1,1,0,1,0,112,2,12,0
6890208,1,1,1,1,1,0,112,2,12,0
6890237,0,0,0,0,1,0,112,2,12,0
6890877,0,0,1,1,0,0,112,2,12,0
6892042,0,0,1,1,0,0,112,2,12,0
6892852,1,0,0,1,1,0,112,2,12,0
6893573,0,0,1,1,0,0,112,2,12,0
6893584,0,0,1,1,0,0,112,2,12,0
6893712,1,1,0,0,0,0,112,2,12,0
6894231,1,0,1,0,0,0,112,2,12,0
6894446,1,1,0,0,0,0,112,2,12,0
6894726,0,0,0,0,1,0,112,2,12,0
6898098,1,1,1,1,1,0,112,2,12,0
6898353,0,0,1,1,0,0,112,2,12,0
6898819,0,1,0,1,0,0,112,2,12,0
6899613,0,1,0,1,0,0,112,2,12,0
6900781,1,1,0,0,0,0,112,2,12,0
6901289,1,0,1,0,0,0,112,2,12,0
6902455,0,1,0,1,0,0,112,2,12,0
6902596,1,1,1,1,1,0,112,2,12,0
6902741,1,1,1,1,1,0,112,2,12,0
6903466,0,1,1,0,1,0,112,2,12,0
6903996,1,0,0,0,1,1,112,2,12,0
6904075,0,0,0,1,1,1,112,2,12,0
6904271,1,1,0,0,0,0,112,2,12,0
6905201,0,0,1,1,0,0,112,2,12,0
6906697,1,1,1,1,1,0,112,2,12,0
6907940,0,1,1,0,1,0,112,2,12,0
6908413,1,0,0,1,1,0,112,2,12,0
6908518,0,0,1,1,0,0,112,2,12,0
6908589,1,1,0,0,0,0,112,2,12,0
6908959,0,1,0,1,0,0,112,2,12,0
6909018,1,0,1,0,0,0,112,2,12,0
6910191,1,0,1,0,0,0,112,2,12,0
6910872,0,1,1,0,1,0,112,2,12,0
6911167,0,1,1,0,1,0,112,2,12,0
6913144,1,0,1,0,0,0,112,2,12,0
6914081,0,1,1,0,1,0,112,2,12,0
6915327,0,1,0,1,0,0,112,2,12,0
6915924,1,0,0,1,1,0,112,2,12,0
6915935,0,0,1,1,0,0,112,2,12,0
6917190,1,0,1,0,0,0,112,2,12,0
6918349,0,1,0,1,0,0,112,2,12,0
6918406,0,1,1,1,1,1,112,2,12,0
6918475,0,0,1,1,0,0,112,2,12,0
6919491,0,0,1,1,0,0,112,2,12,0
6920420,0,0,1,1,0,0,112,2,12,0
6920672,0,0,1,1,0,0,112,2,12,0
6921728,1,1,1,1,1,0,112,2,12,0
6922891,1,0,1,0,0,0,112,2,12,0
6922988,1,1,0,0,0,0,112,2,12,0
6923198,0,0,1,1,0,0,112,2,12,0
6924778,0,1,0,1,0,0,112,2,12,0
6925554,0,1,1,1,1,1,112,2,12,0
6926211,1,1,1,1,1,0,112,2,12,0
6926422,1,0,0,1,1,0,112,2,12,0
6926985,1,0,0,1,1,0,112,2,12,0
6926999,0,0,0,0,1,0,112,2,12,0
6927043,1,1,1,1,1,0,112,2,12,0
6928062,1,1,1,1,1,0,112,2,12,0
6928947,1,1,1,1,1,0,112,2,12,0
6929624,1,1,0,0,0,0,112,2,12,0
6929766,0,1,0,1,0,0,112,2,12,0
6930083,0,1,1,0,1,0,112,2,12,0
6930113,0,0,0,0,1,0,112,2,12,0
6930344,1,0,1,0,0,0,112,2,12,0
6931079,1,0,0,1,1,0,112,2,12,0
6931299,1,0,0,1,1,0,112,2,12,0
6931750,0,0,1,1,0,0,112,2,12,0
6932543,1,1,1,1,1,0,112,2,12,0
6932772,1,1,1,1,1,0,112,2,12,0
6934619,0,1,1,0,1,0,112,2,12,0
6938521,1,0,0,0,1,1,112,2,12,0
6939105,1,0,1,0,0,0,112,2,12,0
6939889,0,0,0,0,1,0,112,2,12,0
6940150,1,0,1,0,0,0,112,2,12,0
6941350,0,1,1,0,1,0,112,2,12,0
6941655,0,0,1,1,0,0,112,2,12,0
6943567,0,0,1,1,0,0,112,2,12,0
6944557,0,0,0,0,1,0,112,2,12,0
6944581,1,0,0,1,1,0,112,2,12,0
6944846,1,0,0,1,1,0,112,2,12,0
6945389,1,0,0,1,1,0,112,2,12,0
6946225,0,1,0,1,0,0,112,2,12,0
6946850,1,1,1,1,1,0,236,2,12,0
6947597,1,0,1,0,0,0,236,2,12,0
6947863,0,1,0,1,0,0,236,2,12,0
6948683,0,0,1,1,0,0,236,2,12,0
6948822,1,0,0,1,1,0,236,2,12,0
6948865,1,1,0,0,0,0,236,2,12,0
6949044,1,1,0,0,0,0,236,2,12,0
6949214,1,1,1,1,1,0,236,2,12,0
6949398,1,0,0,1,1,0,236,2,12,0
6949700,1,1,1,1,1,0,236,2,12,0
6949936,1,1,1,1,1,0,236,2,12,0
6950029,0,1,1,0,1,0,236,2,12,0
6950135,1,1,1,1,1,0,236,2,12,0
6950188,1,1,1,1,1,0,236,2,12,0
6950858,0,1,0,1,0,0,236,2,12,0
6951803,1,1,1,1,1,0,236,2,12,0
6953048,0,0,1,1,0,0,236,2,12,0
6953052,1,0,0,1,1,0,236,2,12,0
6953084,1,0,0,1,1,0,236,2,12,0
6953288,0,1,0,1,0,0,236,2,12,0
6953842,1,0,1,0,0,0,236,2,12,0
6953855,0,0,1,1,0,0,236,2,12,0
6954322,0,1,0,1,0,0,236,2,12,0
6954660,1,0,0,1,1,0,236,2,12,0
6954740,1,1,0,0,0,0,236,2,12,0
6955259,1,0,1,0,0,0,236,2,12,0
6955562,0,0,1,1,0,0,236,2,12,0
6955793,0,0,1,1,0,0,236,2,12,0
6955944,1,1,1,1,1,0,236,2,12,0
6956011,1,0,0,1,1,0,236,2,12,0
6956621,1,1,1,1,1,0,236,2,12,0
6957107,0,0,1,1,0,0,236,2,12,0
6957716,0,0,0,0,1,0,236,2,12,0
6958324,0,1,1,0,1,0,236,2,12,0
6959090,0,0,0,0,1,0,236,2,12,0
6959098,1,0,1,0,0,0,236,2,12,0
6959457,1,1,0,0,0,0,236,2,12,0
6960079,0,1,0,1,0,0,236,2,12,0
6960091,0,0,0,0,1,0,236,2,12,0
6960114,1,1,0,0,0,0,236,2,12,0
6960262,1,0,0,1,1,0,236,2,12,0
6960498,1,1,1,1,1,0,236,2,12,0
6960815,1,0,1,0,0,0,236,2,12,0
6961300,0,1,0,1,0,0,236,2,12,0
6962133,0,1,1,0,1,0,236,2,12,0
6962199,1,0,0,1,1,0,236,2,12,0
6962343,1,0,1,0,0,0,236,2,12,0
6962685,0,0,0,0,1,0,236,2,12,0
6962882,1,1,0,0,0,0,236,2,12,0
6963347,0,0,0,0,1,0,236,2,12,0
6963471,1,1,0,0,0,0,236,2,12,0
6963567,1,1,0,0,0,0,236,2,12,0
6963916,1,1,0,0,0,0,236,2,12,0
6964053,1,1,1,1,1,0,236,2,12,0
6964110,1,1,0,0,0,0,236,2,12,0
6964828,0,0,1,1,0,0,236,2,12,0
6964890,0,1,1,0,1,0,236,2,12,0
6966747,1,1,0,0,0,0,236,2,12,0
6967684,0,1,0,1,0,0,236,2,12,0
6968722,1,0,0,1,1,0,236,2,12,0
6969550,0,1,0,1,0,0,236,2,12,0
6969604,0,0,0,0,1,0,236,2,12,0
6969863,1,0,0,1,1,0,236,2,12,0
6970012,1,0,0,1,1,0,236,2,12,0
6970053,1,1,1,1,1,0,236,2,12,0
6970352,1,0,1,0,0,0,236,2,12,0
6970782,1,1,0,0,0,0,236,2,12,0
6970974,1,0,1,0,0,0,236,2,12,0
6971084,1,1,0,0,0,0,236,2,12,0
6971921,1,1,0,0,0,0,236,2,12,0
6972190,0,0,0,0,1,0,236,2,12,0
6972240,1,0,0,1,1,0,236,2,12,0
6972435,1,1,0,0,0,0,236,2,12,0
6972497,0,1,0,1,0,0,236,2,12,0
6972703,0,1,1,0,1,0,236,2,12,0
6972760,0,0,1,1,0,0,236,2,12,0
6972866,0,1,0,1,0,0,236,2,12,0
6972945,1,1,0,0,0,0,236,2,12,0
6973011,0,0,1,1,0,0,236,2,12,0
6973504,1,1,0,0,0,0,236,2,12,0
6973579,0,1,0,1,0,0,236,2,12,0
6973609,1,0,1,0,0,0,236,2,12,0
6973686,1,1,1,0,1,1,236,2,12,0
6973846,1,1,0,0,0,0,236,2,12,0
6974798,1,0,1,0,0,0,236,2,12,0
6974836,0,0,1,1,0,0,236,2,12,0
6975180,0,1,1,0,1,0,236,2,12,0
6976480,0,1,0,1,0,0,236,2,12,0
6977249,1,0,1,0,0,0,236,2,12,0
6977319,0,0,1,1,0,0,236,2,12,0
6977686,1,1,1,0,1,1,236,2,12,0
6977692,1,0,0,1,1,0,236,2,12,0
6977760,0,1,1,1,1,1,236,2,12,0
6977841,1,0,0,1,1,0,236,2,12,0
6977899,0,1,1,0,1,0,236,2,12,0
6978103,0,1,1,0,1,0,236,2,12,0
6978220,0,0,1,1,0,0,236,2,12,0
6978405,1,0,0,1,1,0,236,2,12,0
6978671,0,1,0,1,0,0,236,2,12,0
6978773,1,1,1,1,1,0,236,2,12,0
6978879,0,0,1,1,0,0,236,2,12,0
6978957,0,1,0,1,0,0,236,2,12,0
6979048,0,0,1,1,0,0,236,2,12,0
6979452,0,1,0,1,0,0,236,2,12,0
6979536,0,0,1,1,0,0,236,2,12,0
6979980,1,1,1,1,1,0,236,2,12,0
6980048,0,1,1,0,1,0,236,2,12,0
6980323,0,1,1,0,1,0,236,2,12,0
6980397,1,1,0,0,0,0,236,2,12,0
6981759,0,0,0,0,1,0,236,2,12,0
6982544,0,1,1,0,1,0,236,2,12,0
6982909,0,1,0,1,0,0,236,2,12,0
6983175,0,1,1,0,1,0,236,2,12,0
6984047,0,0,0,0,1,0,236,2,12,0
6984498,0,0,1,1,0,0,236,2,12,0
6984644,1,1,1,0,1,1,236,2,12,0
6985275,1,1,0,0,0,0,236,2,12,0
6985306,0,1,0,1,0,0,236,2,12,0
6985317,0,0,1,1,0,0,236,2,12,0
6985951,0,1,0,1,0,0,236,2,12,0
6985966,1,1,0,0,0,0,236,2,12,0
6986276,0,1,0,1,0,0,236,2,12,0
6986327,0,0,1,1,0,0,236,2,12,0
6986476,1,0,1,0,0,0,236,2,12,0
6986806,1,1,1,1,1,0,236,2,12,0
6987205,1,0,1,0,0,0,236,2,12,0
6987522,1,0,1,0,0,0,236,2,12,0
6987996,0,1,1,0,1,0,236,2,12,0
6988289,1,1,1,1,1,0,236,2,12,0
6988448,1,1,1,1,1,0,236,2,12,0
6988553,1,0,1,0,0,0,236,2,12,0
6989076,1,0,1,0,0,0,236,2,12,0
6989157,0,1,1,1,1,1,236,2,12,0
6989316,1,0,0,1,1,0,236,2,12,0
6989496,0,0,0,0,1,0,236,2,12,0
6989560,0,1,1,0,1,0,236,2,12,0
6989753,0,0,1,1,0,0,236,2,12,0
6989866,1,1,0,0,0,0,236,2,12,0
6989898,1,1,0,0,0,0,236,2,12,0
6990272,0,0,0,0,1,0,236,2,12,0
6990683,1,0,0,1,1,0,236,2,12,0
6990783,0,1,1,0,1,0,236,2,12,0
6991037,1,1,1,0,1,1,236,2,12,0
6991358,1,0,0,1,1,0,236,2,12,0
6991628,1,0,1,0,0,0,236,2,12,0
6991689,1,1,0,0,0,0,236,2,12,0
6991696,1,1,1,1,1,0,236,2,12,0
6991928,0,1,1,1,1,1,236,2,12,0
6992228,0,1,0,1,0,0,236,2,12,0
6992401,1,0,0,1,1,0,236,2,12,0
6992558,0,0,0,0,1,0,236,2,12,0
6992913,1,1,0,0,0,0,236,2,12,0
6993022,0,0,1,1,0,0,236,2,12,0
6993849,1,1,1,1,1,0,236,2,12,0
6993957,1,0,1,0,0,0,236,2,12,0
6994124,1,0,0,0,1,1,236,2,12,0
6994540,0,1,1,0,1,0,236,2,12,0
6994576,1,0,0,1,1,0,236,2,12,0
6994874,1,0,1,0,0,0,236,2,12,0
6994934,1,1,0,0,0,0,236,2,12,0
6995055,1,1,1,1,1,0,236,2,12,0
6995897,0,0,0,0,1,0,236,2,12,0
6996185,1,1,0,0,0,0,236,2,12,0
6996316,1,1,0,0,0,0,236,2,12,0
6997051,1,1,1,1,1,0,236,2,12,0
6997167,0,0,1,1,0,0,236,2,12,0
6997833,0,1,1,0,1,0,236,2,12,0
6998512,1,0,1,0,0,0,236,2,12,0
6999672,0,0,0,0,1,0,236,2,12,0
6999806,0,1,1,0,1,0,236,2,12,0
6999856,1,1,1,1,1,0,236,2,12,0
6999994,1,0,1,0,0,0,236,2,12,0
7000429,1,1,0,0,0,0,236,2,12,0
7001950,1,1,0,0,0,0,236,2,12,0
7003117,0,1,0,1,0,0,236,2,12,0
7003302,0,1,1,0,1,0,236,2,12,0
7003684,1,1,1,1,1,0,236,2,12,0
7003828,0,0,0,0,1,0,236,2,12,0
7004171,0,0,1,1,0,0,236,2,12,0
7004803,0,0,0,0,1,0,236,2,12,0
7005452,0,0,1,1,0,0,236,2,12,0
7005893,1,1,1,1,1,0,236,2,12,0
7006601,1,1,1,1,1,0,236,2,12,0
7007136,0,0,1,1,0,0,236,2,12,0
7007327,1,1,1,1,1,0,236,2,12,0
7007895,0,0,1,1,0,0,236,2,12,0
7008198,1,1,1,1,1,0,236,2,12,0
7008438,1,1,1,1,1,0,236,2,12,0
7008572,1,1,0,0,0,0,236,2,12,0
7008636,1,0,1,0,0,0,236,2,12,0
7008691,0,0,1,1,0,0,236,2,12,0
7009013,1,0,1,0,0,0,236,2,12,0
7009741,1,0,1,0,0,0,236,2,12,0
7010294,1,0,0,1,1,0,236,2,12,0
7011798,1,1,1,1,1,0,236,2,12,0
7011869,0,0,0,0,1,0,236,2,12,0
7012353,1,1,1,1,1,0,255,2,12,0
7012387,0,0,0,0,1,0,255,2,12,0
7012406,1,0,0,1,1,0,255,2,12,0
7012638,1,0,1,0,0,0,255,2,12,0
7012681,0,1,0,1,0,0,255,2,12,0
7012706,0,1,1,0,1,0,255,2,12,0
7012771,0,1,0,1,0,0,255,2,12,0
7012796,0,1,1,0,1,0,255,2,12,0
7012859,0,0,1,1,0,0,255,2,12,0
7012929,1,0,0,1,1,0,255,2,12,0
7013054,1,0,1,0,0,0,255,2,12,0
7013073,0,1,0,1,0,0,255,2,12,0
7013365,0,1,1,0,1,0,255,2,12,0
7013590,0,1,0,1,0,0,255,2,12,0
7013603,0,1,1,0,1,0,255,2,12,0
7013604,0,1,1,0,1,0,255,2,12,0
7013643,1,0,0,1,1,0,255,2,12,0
7013658,0,0,0,0,1,0,255,2,12,0
7013788,1,0,0,1,1,0,255,2,12,0
7013910,1,1,1,1,1,0,255,2,12,0
7014037,1,1,0,0,0,0,255,2,12,0
7014223,0,1,1,0,1,0,255,2,12,0
7014410,1,1,1,1,1,0,255,2,12,0
7014418,0,0,0,0,1,0,255,2,12,0
7014449,1,0,0,1,1,0,255,2,12,0
7014469,0,1,1,0,1,0,255,2,12,0
7014491,1,0,0,1,1,0,255,2,12,0
7014512,1,0,0,1,1,0,255,2,12,0
7014625,0,1,1,0,1,0,255,2,12,0
7014701,0,0,1,0,0,0,255,2,12,0
7014894,1,0,1,0,0,0,255,2,12,0
7014920,0,0,1,1,0,0,255,2,12,0
7015064,1,1,1,1,1,0,255,2,12,0
7015111,1,1,1,1,1,0,255,2,12,0
7015355,1,1,1,1,1,0,255,2,12,0
7015370,0,1,0,1,0,0,255,2,12,0
7015495,1,1,1,1,1,0,255,2,12,0
7015516,1,0,0,1,1,0,255,2,12,0
7015522,0,0,0,0,1,0,255,2,12,0
7015530,1,1,0,0,0,0,255,2,12,0
7015681,1,1,0,0,0,0,255,2,12,0
7015783,1,1,1,1,1,0,255,2,12,0
7015821,1,0,1,0,0,0,255,2,12,0
7015840,1,0,0,1,1,0,255,2,12,0
7015855,1,1,0,0,0,0,255,2,12,0
7015882,1,0,0,1,1,0,255,2,12,0
7015892,1,0,1,0,0,0,255,2,12,0
7015897,1,0,1,0,0,0,255,2,12,0
7015928,0,1,1,0,1,0,255,2,12,0
7015932,1,0,0,1,1,0,255,2,12,0
7016060,1,1,1,1,1,0,255,2,12,0
7016094,0,1,1,0,1,0,255,2,12,0
7016215,1,0,1,0,0,0,255,2,12,0
7016294,0,1,0,1,0,0,255,2,12,0
7016313,1,1,0,0,0,0,255,2,12,0
7016379,1,0,0,1,1,0,255,2,12,0
7016499,0,0,1,1,0,0,255,2,12,0
7016727,0,0,1,1,0,0,255,2,12,0
7016775,1,0,1,0,0,0,255,2,12,0
7016870,1,0,1,0,0,0,255,2,12,0
7017012,1,1,0,0,0,0,255,2,12,0
7017025,0,1,1,0,1,0,255,2,12,0
7017114,0,1,0,1,0,0,255,2,12,0
7017239,1,1,1,1,1,0,255,2,12,0
7017265,0,1,0,1,0,0,255,2,12,0
7017756,1,1,1,1,1,0,255,2,12,0
7017784,1,0,0,1,1,0,255,2,12,0
7018042,0,1,0,1,0,0,255,2,12,0
7018094,1,0,0,1,1,0,255,2,12,0
7018250,1,1,0,0,0,0,255,2,12,0
7018319,1,1,0,0,0,0,255,2,12,0
7018327,1,0,1,0,0,0,255,2,12,0
7018345,0,1,1,0,1,0,255,2,12,0
7018525,0,1,0,1,0,0,255,2,12,0
7018611,0,1,0,1,0,0,255,2,12,0
7018762,0,0,1,1,0,0,255,2,12,0
7018952,1,0,1,0,0,0,255,2,12,0
7018995,0,0,1,1,0,0,255,2,12,0
7019078,0,0,0,0,1,0,255,2,12,0
7019155,0,1,0,1,0,0,255,2,12,0
7019188,1,1,0,0,0,0,255,2,12,0
7019208,0,0,0,0,1,0,255,2,12,0
7019303,1,0,0,1,1,0,255,2,12,0
7019327,1,1,0,0,0,0,255,2,12,0
7019387,0,1,0,1,0,0,255,2,12,0
7019419,0,0,1,1,0,0,255,2,12,0
7019462,1,1,1,1,1,0,255,2,12,0
7019504,1,1,0,0,0,0,255,2,12,0
7019618,1,0,0,1,1,0,255,2,12,0
7019820,0,1,1,0,1,0,255,2,12,0
7019828,1,0,1,0,0,0,255,2,12,0
7019906,0,0,0,0,1,0,255,2,12,0
7020104,0,0,1,1,0,0,255,2,12,0
7020118,1,0,1,0,0,0,255,2,12,0
7020207,0,1,1,0,1,0,255,2,12,0
7020389,1,0,0,1,1,0,255,2,12,0
7020492,0,1,1,0,1,0,255,2,12,0
7020495,1,1,0,0,0,0,255,2,12,0
7020769,1,0,1,0,0,0,255,2,12,0
7020802,0,1,0,1,0,0,255,2,12,0
7020899,0,1,0,1,0,0,255,2,12,0
7020957,1,0,1,0,0,0,255,2,12,0
7021089,1,1,1,1,1,0,255,2,12,0
7021160,0,0,0,0,1,0,255,2,12,0
7021183,1,1,1,1,1,0,255,2,12,0
7021212,0,1,1,0,1,0,255,2,12,0
7021285,1,0,0,1,1,0,255,2,12,0
7021339,1,1,0,0,0,0,255,2,12,0
7021519,1,1,1,1,1,0,255,2,12,0
7021533,0,0,1,1,0,0,255,2,12,0
7021551,0,0,0,0,1,0,255,2,12,0
7021602,1,1,1,1,1,0,255,2,12,0
7021615,1,1,1,1,1,0,255,2,12,0
7021705,0,0,0,0,1,0,255,2,12,0
7022196,0,0,0,0,1,0,255,2,12,0
7022212,0,0,0,0,1,0,255,2,12,0
7022286,1,0,1,0,0,0,255,2,12,0
7022296,1,1,0,0,0,0,255,2,12,0
7022331,1,1,0,0,0,0,255,2,12,0
7022366,0,0,1,1,0,0,255,2,12,0
7022389,1,0,0,0,1,1,255,2,12,0
7022521,1,0,0,1,1,0,255,2,12,0
7022552,1,0,0,1,1,0,255,2,12,0
7022623,0,1,0,0,0,0,255,2,12,0
7022641,1,0,1,0,0,0,255,2,12,0
7022709,0,1,1,0,1,0,255,2,12,0
7022875,1,0,0,1,1,0,255,2,12,0
7022920,0,1,1,0,1,0,255,2,12,0
7023027,0,1,0,1,0,0,255,2,12,0
7023182,0,1,0,1,0,0,255,2,12,0
7023484,1,1,1,1,1,0,255,2,12,0
7023515,0,1,1,0,1,0,255,2,12,0
7023704,1,1,1,1,1,0,255,2,12,0
7023885,0,1,1,0,1,0,255,2,12,0
7024034,1,0,0,1,1,0,255,2,12,0
7024045,1,0,1,0,0,0,255,2,12,0
7024059,0,1,1,0,1,0,255,2,12,0
7024210,1,1,0,1,0,0,255,2,12,0
7024254,0,1,0,1,0,0,255,2,12,0
7024275,0,0,0,0,1,0,255,2,12,0
7024317,0,1,1,0,1,0,255,2,12,0
7025009,1,0,1,0,0,0,255,2,12,0
7025035,1,0,1,0,0,0,255,2,12,0
7025078,1,0,1,0,0,0,255,2,12,0
7025156,0,1,0,1,0,0,255,2,12,0
7025515,1,1,1,1,1,0,255,2,12,0
7025584,0,0,0,0,1,0,255,2,12,0
7025590,1,1,0,0,0,0,255,2,12,0
7025752,1,1,0,0,0,0,255,2,12,0
7026019,1,0,0,1,1,0,255,2,12,0
7026060,1,0,1,0,0,0,255,2,12,0
7026279,0,1,1,0,1,0,255,2,12,0
7026510,0,0,1,1,0,0,255,2,12,0
7026602,1,1,0,0,0,0,255,2,12,0
7026659,0,0,0,0,1,0,255,2,12,0
7026916,0,1,1,0,1,0,255,2,12,0
7026936,0,1,1,0,1,0,255,2,12,0
7026944,0,1,0,1,0,0,255,2,12,0
7026968,1,0,0,1,1,0,255,2,12,0
7027019,0,1,0,1,0,0,255,2,12,0
7027056,0,1,0,1,0,0,255,2,12,0
7027211,1,0,1,0,0,0,255,2,12,0
7027359,0,0,0,0,1,0,255,2,12,0
7027434,1,1,0,0,0,0,255,2,12,0
7027481,0,1,0,1,0,0,255,2,12,0
7027626,0,1,0,1,0,0,255,2,12,0
7027749,0,1,0,1,0,0,255,2,12,0
7027757,0,0,1,1,0,0,255,2,12,0
7028034,0,1,0,0,0,0,255,2,12,0
7028128,1,0,0,1,1,0,255,2,12,0
7028198,0,1,0,1,0,0,255,2,12,0
7028205,0,1,1,0,1,0,255,2,12,0
7028346,0,1,1,0,1,0,255,2,12,0
7028408,1,0,0,1,1,0,255,2,12,0
7028618,0,0,1,1,0,0,255,2,12,0
7028626,1,0,1,0,0,0,255,2,12,0
7028662,0,0,0,0,1,0,255,2,12,0
7028733,1,1,0,0,0,0,255,2,12,0
7028799,0,1,1,0,1,0,255,2,12,0
7028804,0,0,0,0,1,0,255,2,12,0
7029062,1,0,1,0,0,0,255,2,12,0
7029307,1,0,1,0,0,0,255,2,12,0
7029328,1,1,1,1,1,0,255,2,12,0
7029461,0,1,1,0,1,0,255,2,12,0
7029544,0,1,0,1,0,0,255,2,12,0
7029650,0,0,0,0,1,0,255,2,12,0
7029674,1,0,0,1,1,0,255,2,12,0
7029789,0,1,0,1,0,0,255,2,12,0
7029797,1,1,1,1,1,0,255,2,12,0
7029853,1,1,1,1,1,0,255,2,12,0
7030050,0,1,0,1,0,0,255,2,12,0
7030108,0,0,1,1,0,0,255,2,12,0
7030213,0,1,0,1,0,0,255,2,12,0
7030404,0,1,0,1,0,0,255,2,12,0
7030418,1,1,0,0,0,0,255,2,12,0
7030571,0,0,1,1,0,0,255,2,12,0
7030617,1,0,1,0,0,0,255,2,12,0
7030728,0,0,0,0,1,0,255,2,12,0
7030733,1,1,1,1,1,0,255,2,12,0
7030766,1,0,0,1,1,0,255,2,12,0
7030785,0,1,1,0,1,0,255,2,12,0
7030839,1,0,0,1,1,0,255,2,12,0
7030877,1,0,0,0,1,1,255,2,12,0
7031034,1,0,1,0,0,0,255,2,12,0
7031041,1,1,1,1,1,0,255,2,12,0
7031050,0,1,0,1,0,0,255,2,12,0
7031216,1,0,1,0,0,0,255,2,12,0
7031350,0,0,1,1,0,0,255,2,12,0
7031441,1,0,0,1,1,0,255,2,12,0
7031489,1,0,0,1,1,0,255,2,12,0
7031499,1,0,1,0,0,0,255,2,12,0
7031583,0,0,0,0,1,0,255,2,12,0
7031598,0,1,0,1,0,0,255,2,12,0
7031605,0,1,1,0,1,0,255,2,12,0
7031644,0,1,1,0,1,0,255,2,12,0
7031929,1,1,1,1,1,0,255,2,12,0
7031985,0,0,1,1,0,0,255,2,12,0
7032010,1,0,1,0,0,0,255,2,12,0
7032020,1,0,0,1,1,0,255,2,12,0
7032025,1,0,0,1,1,0,255,2,12,0
7032244,1,1,1,1,1,0,255,2,12,0
7032292,1,1,0,0,0,0,255,2,12,0
7032315,0,0,0,1,1,1,255,2,12,0
7032534,1,1,0,0,0,0,255,2,12,0
7032611,1,1,1,1,1,0,255,2,12,0
7032654,0,0,1,1,0,0,255,2,12,0
7032933,1,0,0,1,1,0,255,2,12,0
7033125,0,0,1,1,0,0,255,2,12,0
7033133,1,0,0,1,1,0,255,2,12,0
7033189,1,1,0,0,0,0,255,2,12,0
7033272,0,1,1,0,1,0,255,2,12,0
7033294,1,0,1,0,0,0,255,2,12,0
7033304,0,0,1,0,0,0,255,2,12,0
7033499,0,0,1,1,0,0,255,2,12,0
7033658,0,1,1,0,1,0,255,2,12,0
7033683,1,0,1,0,0,0,255,2,12,0
7033758,0,1,1,0,1,0,255,2,12,0
7033790,1,0,1,0,0,0,255,2,12,0
7034132,0,0,1,1,0,0,255,2,12,0
7034156,0,1,0,0,0,0,255,2,12,0
7034315,1,0,1,0,0,0,255,2,12,0
7034452,1,1,0,0,0,0,255,2,12,0
7034489,0,1,0,1,0,0,255,2,12,0
7034557,1,1,1,1,1,0,255,2,12,0
7034654,1,1,1,1,1,0,255,2,12,0
7034666,0,1,1,0,1,0,255,2,12,0
7034869,1,1,1,1,1,0,255,2,12,0
7034956,1,1,1,1,1,0,255,2,12,0
7034984,0,0,1,1,0,0,255,2,12,0
7035039,1,0,0,1,1,0,255,2,12,0
7035175,1,1,1,1,1,0,255,2,12,0
7035311,1,0,0,0,1,1,255,2,12,0
7035399,0,1,0,1,0,0,255,2,12,0
7035729,0,0,0,0,1,0,255,2,12,0
7035730,1,0,0,1,1,0,255,2,12,0
7035766,1,0,0,1,1,0,255,2,12,0
7035777,0,0,0,0,1,0,255,2,12,0
7036011,0,1,0,1,0,0,255,2,12,0
7036227,1,0,1,0,0,0,255,2,12,0
7036263,0,0,0,0,1,0,255,2,12,0
7036473,0,1,0,1,0,0,255,2,12,0
7036516,1,0,1,0,0,0,255,2,12,0
7036595,1,1,1,1,1,0,255,2,12,0
7036642,1,0,0,1,1,0,255,2,12,0
7036692,1,1,1,1,1,0,255,2,12,0
7036709,1,0,1,0,0,0,255,2,12,0
7036771,1,0,1,0,0,0,255,2,12,0
7036935,0,1,0,1,0,0,255,2,12,0
7037007,0,0,1,1,0,0,255,2,12,0
7037262,0,0,1,1,0,0,255,2,12,0
7037265,1,0,1,0,0,0,255,2,12,0
7037312,0,1,1,0,1,0,255,2,12,0
7037362,1,0,1,0,0,0,255,2,12,0
7037379,1,1,1,1,1,0,255,2,12,0
7037407,0,0,1,1,0,0,255,2,12,0
7037421,1,1,0,0,0,0,255,2,12,0
7037501,1,0,0,1,1,0,255,2,12,0
7037516,1,1,1,1,1,0,255,2,12,0
7037622,0,0,1,1,0,0,255,2,12,0
7037897,1,1,0,0,0,0,255,2,12,0
7038124,0,0,1,1,0,0,255,2,12,0
7038338,0,1,0,1,0,0,255,2,12,0
7038503,0,0,0,0,1,0,255,2,12,0
7038787,0,1,0,1,0,0,255,2,12,0
7038832,0,1,0,1,0,0,255,2,12,0
7038884,1,0,0,1,1,0,255,2,12,0
7038951,1,0,1,0,0,0,255,2,12,0
7039132,1,1,1,1,1,0,255,2,12,0
7039184,1,1,0,0,0,0,255,2,12,0
7039221,1,1,1,0,1,1,255,2,12,0
7039302,0,0,1,1,0,0,255,2,12,0
7039950,0,1,1,0,1,0,255,2,12,0
7039961,1,0,1,0,0,0,255,2,12,0
7039968,0,0,1,1,0,0,255,2,12,0
7040055,0,1,0,1,0,0,255,2,12,0
7040067,1,0,0,1,1,0,255,2,12,0
7040069,1,0,0,1,1,0,255,2,12,0
7040330,1,1,0,0,0,0,255,2,12,0
7040333,0,1,0,1,0,0,255,2,12,0
7040346,1,0,0,1,1,0,255,2,12,0
7040649,0,0,1,1,0,0,255,2,12,0
7040706,1,1,1,1,1,0,255,2,12,0
7041000,1,0,1,0,0,0,255,2,12,0
7041176,1,0,0,1,1,0,255,2,12,0
7041185,0,0,1,1,0,0,255,2,12,0
7041233,1,0,0,1,1,0,255,2,12,0
7041304,1,1,0,0,0,0,255,2,12,0
7041364,0,0,0,0,1,0,255,2,12,0
7041610,0,0,0,0,1,0,255,2,12,0
7041735,0,1,0,1,0,0,255,2,12,0
7041946,0,1,0,1,0,0,255,2,12,0
7042018,0,0,0,0,1,0,255,2,12,0
7042086,0,1,0,1,0,0,255,2,12,0
7042208,0,0,0,0,1,0,255,2,12,0
7042248,0,1,0,1,0,0,255,2,12,0
7042342,0,1,0,1,0,0,255,2,12,0
7042420,0,0,0,0,1,0,255,2,12,0
7042530,1,0,0,1,1,0,255,2,12,0
7042581,0,0,0,0,1,0,255,2,12,0
7042669,0,1,1,0,1,0,255,2,12,0
7042775,0,0,0,0,1,0,255,2,12,0
7042791,0,0,0,0,1,0,255,2,12,0
7043097,1,0,0,1,1,0,255,2,12,0
7043133,0,0,0,0,1,0,255,2,12,0
7043144,0,0,1,1,0,0,255,2,12,0
7043212,1,0,0,1,1,0,255,2,12,0
7043408,1,0,1,0,0,0,255,2,12,0
7043510,0,0,1,1,0,0,255,2,12,0
7043546,0,1,1,0,1,0,255,2,12,0
7043568,0,0,1,1,0,0,255,2,12,0
7043595,0,1,0,1,0,0,255,2,12,0
7043611,1,0,0,1,1,0,255,2,12,0
7043734,1,0,1,0,0,0,255,2,12,0
7043841,1,0,1,0,0,0,255,2,12,0
7043863,0,1,0,1,0,0,255,2,12,0
7043867,1,0,0,1,1,0,255,2,12,0
7044041,0,1,1,0,1,0,255,2,12,0
7044071,0,0,0,0,1,0,255,2,12,0
7044638,1,1,1,1,1,0,255,2,12,0
7044843,1,0,1,0,0,0,255,2,12,0
7044932,1,1,0,0,0,0,255,2,12,0
7045064,1,0,1,1,0,0,255,2,12,0
7045182,0,0,0,0,1,0,255,2,12,0
7045474,1,1,1,1,1,0,255,2,12,0
7045766,0,0,0,0,1,0,255,2,12,0
7045817,1,1,1,1,1,0,255,2,12,0
7045832,1,1,0,0,0,0,255,2,12,0
7045835,0,1,0,1,0,0,255,2,12,0
7045884,0,0,0,0,1,0,255,2,12,0
7045940,1,0,1,0,0,0,255,2,12,0
7045951,1,1,0,1,0,0,255,2,12,0
7046038,0,0,0,0,1,0,255,2,12,0
7046384,1,0,0,1,1,0,255,2,12,0
7046394,1,1,1,1,1,0,255,2,12,0
7046466,0,1,1,0,1,0,255,2,12,0
7046490,1,1,1,1,1,0,255,2,12,0
7046643,1,0,1,0,0,0,255,2,12,0
7046769,0,1,1,0,1,0,255,2,12,0
7046788,0,0,1,1,0,0,255,2,12,0
7046815,0,1,1,0,1,0,255,2,12,0
7046882,0,1,0,1,0,0,255,2,12,0
7046885,1,0,0,1,1,0,255,2,12,0
7047034,1,0,1,0,0,0,255,2,12,0
7047151,0,0,0,0,1,0,255,2,12,0
7047350,0,0,0,0,1,0,255,2,12,0
7047356,0,0,0,1,1,1,255,2,12,0
7047497,1,0,0,1,1,0,255,2,12,0
7047498,0,1,1,0,1,0,255,2,12,0
7047558,0,1,0,1,0,0,255,2,12,0
7047610,0,1,0,1,0,0,255,2,12,0
7047687,1,1,1,1,1,0,255,2,12,0
7047778,1,1,1,1,1,0,255,2,12,0
7047874,1,0,1,0,0,0,255,2,12,0
7047877,0,1,0,1,0,0,255,2,12,0
7047910,0,0,0,0,1,0,255,2,12,0
7047967,0,1,0,1,0,0,255,2,12,0
7048010,1,1,0,0,0,0,255,2,12,0
7048024,0,0,0,0,1,0,255,2,12,0
7048059,1,0,1,0,0,0,255,2,12,0
7048165,1,0,0,1,1,0,255,2,12,0
7048650,0,0,0,0,1,0,255,2,12,0
7048747,0,0,1,1,0,0,255,2,12,0
7048751,0,1,1,0,1,0,255,2,12,0
7048787,0,1,0,1,0,0,255,2,12,0
7048803,0,1,0,1,0,0,255,2,12,0
7048837,0,1,0,1,0,0,255,2,12,0
7048912,0,1,0,1,0,0,255,2,12,0
7048993,0,0,0,0,1,0,255,2,12,0
7049029,0,1,0,1,0,0,255,2,12,0
7049073,1,1,0,0,0,0,255,2,12,0
7049088,1,0,0,1,1,0,255,2,12,0
7049146,0,0,1,1,0,0,255,2,12,0
7049377,0,1,0,1,0,0,255,2,12,0
7049504,1,0,0,1,1,0,255,2,12,0
7049533,1,1,1,1,1,0,255,2,12,0
7049749,0,0,0,0,1,0,255,2,12,0
7049803,1,0,1,0,0,0,255,2,12,0
7049892,1,0,1,0,0,0,255,2,12,0
7049932,0,1,1,0,1,0,255,2,12,0
7049951,0,1,1,0,1,0,255,2,12,0
7049958,0,0,0,0,1,0,255,2,12,0
7050101,1,0,1,0,0,0,255,2,12,0
7050121,1,1,1,1,1,0,255,2,12,0
7050473,0,0,0,0,1,0,255,2,12,0
7050493,1,0,1,0,0,0,255,2,12,0
7050610,0,0,0,0,1,0,255,2,12,0
7050625,1,1,0,0,0,0,255,2,12,0
7050630,0,1,0,1,0,0,255,2,12,0
7050758,0,0,1,0,0,0,255,2,12,0
7050829,1,1,1,1,1,0,255,2,12,0
7050892,0,1,0,1,0,0,255,2,12,0
7050988,0,0,1,1,0,0,255,2,12,0
7051189,0,1,0,1,0,0,255,2,12,0
7051307,0,1,0,1,0,0,255,2,12,0
7051345,1,0,0,1,1,0,255,2,12,0
7051353,0,0,1,1,0,0,255,2,12,0
7051486,0,0,0,0,1,0,255,2,12,0
7051632,1,0,0,1,1,0,255,2,12,0
7051762,1,0,0,1,1,0,255,2,12,0
7051918,0,0,0,0,1,0,255,2,12,0
7052125,1,0,0,1,1,0,255,2,12,0
7052127,0,0,0,0,1,0,255,2,12,0
7052140,1,0,0,1,1,0,255,2,12,0
7052294,1,1,0,0,0,0,255,2,12,0
7052320,0,0,1,1,0,0,255,2,12,0
7052796,1,1,1,0,1,1,255,2,12,0
7052834,0,1,0,1,0,0,255,2,12,0
7052877,1,1,1,1,1,0,255,2,12,0
7052878,0,1,1,0,1,0,255,2,12,0
7052987,1,0,1,0,0,0,255,2,12,0
7053026,0,0,1,1,0,0,255,2,12,0
7053115,0,1,0,1,0,0,255,2,12,0
7053154,1,0,0,1,1,0,255,2,12,0
7053383,1,1,1,1,1,0,255,2,12,0
7053702,1,0,1,0,0,0,255,2,12,0
7053936,1,0,1,0,0,0,255,2,12,0
7053956,0,0,0,0,1,0,255,2,12,0
7053980,1,1,1,1,1,0,255,2,12,0
7054027,1,1,0,0,0,0,255,2,12,0
7054059,0,1,1,0,1,0,255,2,12,0
7054069,1,0,0,1,1,0,255,2,12,0
7054081,0,1,1,0,1,0,255,2,12,0
7054120,0,1,0,1,0,0,255,2,12,0
7054483,1,1,1,1,1,0,255,2,12,0
7054543,0,1,0,1,0,0,255,2,12,0
7054666,1,0,0,1,1,0,255,2,12,0
7054700,0,0,1,1,0,0,255,2,12,0
7054725,0,1,1,0,1,0,255,2,12,0
7054742,1,1,1,1,1,0,255,2,12,0
7054875,1,0,1,0,0,0,255,2,12,0
7055091,1,0,0,1,1,0,255,2,12,0
7055103,1,0,0,1,1,0,255,2,12,0
7055117,1,1,1,1,1,0,255,2,12,0
7055188,0,1,0,1,0,0,255,2,12,0
7055214,1,0,0,1,1,0,255,2,12,0
7055491,1,0,0,1,1,0,255,2,12,0
7055506,0,0,1,1,0,0,255,2,12,0
7055556,0,0,1,1,0,0,255,2,12,0
7055603,0,1,0,1,0,0,255,2,12,0
7055690,0,1,0,1,0,0,255,2,12,0
7055936,1,1,1,1,1,0,255,2,12,0
7056042,0,0,1,0,0,0,255,2,12,0
7056311,1,0,0,1,1,0,255,2,12,0
7056551,0,1,1,0,1,0,255,2,12,0
7056643,0,0,1,1,0,0,255,2,12,0
7056662,0,1,0,1,0,0,255,2,12,0
7056812,1,0,1,0,0,0,255,2,12,0
7056836,0,1,1,1,1,1,255,2,12,0
7056888,0,1,0,1,0,0,255,2,12,0
7056932,0,1,0,1,0,0,255,2,12,0
7056933,0,0,0,0,1,0,255,2,12,0
7056948,0,1,0,1,0,0,255,2,12,0
7057025,0,1,1,0,1,0,255,2,12,0
7057070,1,0,0,1,1,0,255,2,12,0
7057372,1,1,1,1,1,0,255,2,12,0
7057464,0,0,0,0,1,0,255,2,12,0
7057488,1,1,0,0,0,0,255,2,12,0
7057536,0,1,1,0,1,0,255,2,12,0
7057566,0,1,1,0,1,0,255,2,12,0
7057578,1,0,1,0,0,0,255,2,12,0
7057639,1,1,1,1,1,0,255,2,12,0
7057669,0,1,0,0,0,0,255,2,12,0
7057783,1,0,0,1,1,0,255,2,12,0
7057843,0,1,0,1,0,0,255,2,12,0
7058030,1,0,0,1,1,0,255,2,12,0
7058038,0,0,0,0,1,0,255,2,12,0
7058504,1,1,1,1,1,0,255,2,12,0
7058568,0,1,0,1,0,0,255,2,12,0
7058585,1,1,0,0,0,0,255,2,12,0
7058734,0,1,0,1,0,0,255,2,12,0
7058789,0,1,0,1,0,0,255,2,12,0
7058924,0,1,1,0,1,0,255,2,12,0
7059091,1,0,0,1,1,0,255,2,12,0
7059194,1,1,1,1,1,0,255,2,12,0
7059368,0,0,1,1,0,0,255,2,12,0
7059412,1,1,0,0,0,0,255,2,12,0
7059682,1,1,1,1,1,0,255,2,12,0
7059737,0,1,1,0,1,0,255,2,12,0
7059949,1,1,0,0,0,0,255,2,12,0
7060117,1,1,0,0,0,0,255,2,12,0
7060477,0,1,0,1,0,0,255,2,12,0
7060495,0,1,1,0,1,0,255,2,12,0
7060509,0,1,1,0,1,0,255,2,12,0
7060520,1,0,1,0,0,0,255,2,12,0
7060585,1,0,0,1,1,0,255,2,12,0
7060634,1,1,1,1,1,0,255,2,12,0
7060692,0,0,0,0,1,0,255,2,12,0
7060745,0,1,1,0,1,0,255,2,12,0
7060904,1,1,0,0,0,0,255,2,12,0
7061287,1,1,1,1,1,0,255,2,12,0
7061320,1,0,0,1,1,0,255,2,12,0
7061588,1,0,0,1,1,0,255,2,12,0
7061698,1,0,1,0,0,0,255,2,12,0
7061764,0,0,1,1,0,0,255,2,12,0
7061823,0,1,0,1,0,0,255,2,12,0
7061869,1,1,1,1,1,0,255,2,12,0
7062011,1,1,1,1,1,0,255,2,12,0
7062063,1,0,0,1,1,0,255,2,12,0
7062082,0,0,1,1,0,0,255,2,12,0
7062205,0,0,1,1,0,0,255,2,12,0
7062250,1,1,1,1,1,0,255,2,12,0
7062289,1,1,1,1,1,0,255,2,12,0
7062292,1,1,1,1,1,0,255,2,12,0
7062333,0,1,0,1,0,0,255,2,12,0
7062359,1,0,1,0,0,0,255,2,12,0
7062382,1,0,0,1,1,0,255,2,12,0
7062619,1,1,0,0,0,0,255,2,12,0
7062673,0,1,0,1,0,0,255,2,12,0
7062785,0,0,1,1,0,0,255,2,12,0
7063124,1,1,1,1,1,0,255,2,12,0
7063357,1,0,0,1,1,0,255,2,12,0
7063568,0,1,1,0,1,0,255,2,12,0
7063597,1,0,1,0,0,0,255,2,12,0
7063747,1,1,1,1,1,0,255,2,12,0
7063808,0,1,1,0,1,0,255,2,12,0
7063829,1,0,1,0,0,0,255,2,12,0
7063914,0,0,1,1,0,0,255,2,12,0
7064147,1,0,1,0,0,0,255,2,12,0
7064330,0,1,0,1,0,0,255,2,12,0
7064331,0,0,1,1,0,0,255,2,12,0
7064347,1,1,1,1,1,0,255,2,12,0
7064473,1,0,1,0,0,0,255,2,12,0
7064625,1,0,0,1,1,0,255,2,12,0
7064751,0,1,0,1,0,0,255,2,12,0
7064763,0,0,0,0,1,0,255,2,12,0
7064820,1,1,1,1,1,0,255,2,12,0
7064865,0,1,1,0,1,0,255,2,12,0
7065002,0,0,1,1,0,0,255,2,12,0
7065090,1,1,0,0,0,0,255,2,12,0
7065175,1,0,0,1,1,0,255,2,12,0
7065310,0,0,1,1,0,0,255,2,12,0
7065448,1,0,0,1,1,0,255,2,12,0
7065495,1,1,0,0,0,0,255,2,12,0
7065806,1,1,1,1,1,0,255,2,12,0
7065879,0,0,0,0,1,0,255,2,12,0
7065963,1,1,1,1,1,0,255,2,12,0
7066048,0,1,1,0,1,0,255,2,12,0
7066079,1,1,0,1,0,0,255,2,12,0
7066302,1,0,1,0,0,0,255,2,12,0
7066323,1,1,1,1,1,0,255,2,12,0
7066515,0,1,0,1,0,0,255,2,12,0
7066647,1,1,1,1,1,0,255,2,12,0
7066728,1,0,1,0,0,0,255,2,12,0
7066755,1,0,0,1,1,0,255,2,12,0
7066812,1,0,0,1,1,0,255,2,12,0
7066859,0,1,0,1,0,0,255,2,12,0
7066914,0,0,0,0,1,0,255,2,12,0
7067053,0,0,1,1,0,0,255,2,12,0
7067262,1,1,0,0,0,0,255,2,12,0
7067268,1,1,0,0,0,0,255,2,12,0
7067286,1,0,1,0,0,0,255,2,12,0
7067459,1,1,0,0,0,0,255,2,12,0
7067600,1,0,0,1,1,0,255,2,12,0
7067686,0,1,0,1,0,0,255,2,12,0
7067912,0,0,0,0,1,0,255,2,12,0
7067914,0,0,1,1,0,0,255,2,12,0
7067917,0,1,0,1,0,0,255,2,12,0
7068160,1,1,1,1,1,0,255,2,12,0
7068258,1,0,0,1,1,0,255,2,12,0
7068280,0,1,0,1,0,0,255,2,12,0
7068433,0,0,1,1,0,0,255,2,12,0
7068672,0,0,1,0,0,0,255,2,12,0
7068767,0,0,0,0,1,0,255,2,12,0
7068854,0,1,1,0,1,0,255,2,12,0
7068960,1,1,1,1,1,0,255,2,12,0
7069169,0,1,1,0,1,0,255,2,12,0
7069179,0,1,0,1,0,0,255,2,12,0
7069288,0,1,0,0,0,0,255,2,12,0
7069301,1,0,0,1,1,0,255,2,12,0
7069317,0,1,1,0,1,0,255,2,12,0
7069326,1,1,1,1,1,0,255,2,12,0
7069429,0,0,1,1,0,0,255,2,12,0
7069722,0,0,0,0,1,0,255,2,12,0
7069726,1,0,0,1,1,0,255,2,12,0
7069745,0,0,1,1,0,0,255,2,12,0
7069920,0,0,1,1,0,0,255,2,12,0
7070088,0,0,1,1,0,0,255,2,12,0
7070138,0,1,1,0,1,0,255,2,12,0
7070166,0,1,1,0,1,0,255,2,12,0
7070476,1,0,0,1,1,0,255,2,12,0
7070498,1,1,0,0,0,0,255,2,12,0
7070520,0,1,1,0,1,0,255,2,12,0
7070562,1,0,1,0,0,0,255,2,12,0
7070619,0,1,1,0,1,0,255,2,12,0
7070634,1,0,1,0,0,0,255,2,12,0
7070703,1,1,0,0,0,0,255,2,12,0
7070715,0,0,0,0,1,0,255,2,12,0
7070785,1,0,0,1,1,0,255,2,12,0
7070992,1,0,0,1,1,0,255,2,12,0
7071022,1,1,1,1,1,0,255,2,12,0
7071128,1,0,0,1,1,0,255,2,12,0
7071201,0,1,1,0,1,0,255,2,12,0
7071354,0,1,0,1,0,0,255,2,12,0
7071371,0,1,1,0,1,0,255,2,12,0
7071416,0,1,0,1,0,0,255,2,12,0
7071502,0,0,0,0,1,0,255,2,12,0
7071532,0,0,1,1,0,0,255,2,12,0
7071630,1,0,0,1,1,0,255,2,12,0
7071688,1,0,1,0,0,0,255,2,12,0
7071769,0,1,0,1,0,0,255,2,12,0
7071824,0,1,0,0,0,0,255,2,12,0
7071944,0,1,0,1,0,0,255,2,12,0
7072218,1,0,1,0,0,0,255,2,12,0
7072562,0,0,1,1,0,0,255,2,12,0
7072652,1,1,0,0,0,0,255,2,12,0
7072668,1,1,1,1,1,0,255,2,12,0
7072778,0,0,0,0,1,0,255,2,12,0
7072900,0,1,0,0,0,0,255,2,12,0
7073001,1,1,1,1,1,0,255,2,12,0
7073046,0,1,1,0,1,0,255,2,12,0
7073151,0,1,1,0,1,0,255,2,12,0
7073160,0,1,0,1,0,0,255,2,12,0
7073205,0,1,0,1,0,0,255,2,12,0
7073217,0,0,0,0,1,0,255,2,12,0
7073252,1,1,0,0,0,0,255,2,12,0
7073257,1,1,1,1,1,0,255,2,12,0
7073426,0,0,1,1,0,0,255,2,12,0
7073430,1,1,1,1,1,0,255,2,12,0
7073438,0,1,1,0,1,0,255,2,12,0
7073680,1,0,0,1,1,0,255,2,12,0
7073844,0,1,0,1,0,0,255,2,12,0
7073899,1,0,1,0,0,0,255,2,12,0
7073934,1,0,1,0,0,0,255,2,12,0
7073946,0,1,0,1,0,0,255,2,12,0
7073997,1,1,0,0,0,0,255,2,12,0
7074133,0,0,1,1,0,0,255,2,12,0
7074170,0,0,1,1,0,0,255,2,12,0
7074245,1,1,0,0,0,0,255,2,12,0
7074347,1,1,1,1,1,0,255,2,12,0
7074449,1,1,0,0,0,0,255,2,12,0
7074547,1,1,1,1,1,0,255,2,12,0
7074621,0,0,0,0,1,0,255,2,12,0
7074734,1,1,0,0,0,0,255,2,12,0
7074829,1,1,1,1,1,0,255,2,12,0
7074913,0,1,0,1,0,0,255,2,12,0
7074949,0,1,1,0,1,0,255,2,12,0
7075022,0,0,1,1,0,0,255,2,12,0
7075027,1,1,1,1,1,0,255,2,12,0
7075247,1,0,0,1,1,0,255,2,12,0
7075521,0,0,0,0,1,0,255,2,12,0
7075620,0,1,1,0,1,0,255,2,12,0
7075687,1,0,0,1,1,0,255,2,12,0
7075774,1,1,0,0,0,0,255,2,12,0
7075946,1,1,0,0,0,0,255,2,12,0
7075953,0,0,0,0,1,0,255,2,12,0
7075972,0,0,1,1,0,0,255,2,12,0
7076002,0,0,0,0,1,0,255,2,12,0
7076111,0,0,1,1,0,0,255,2,12,0
7076122,1,0,1,0,0,0,255,2,12,0
7076148,0,0,0,0,1,0,255,2,12,0
7076384,1,1,1,1,1,0,255,2,12,0
7076662,1,0,1,0,0,0,255,2,12,0
7076674,0,1,1,0,1,0,255,2,12,0
7077198,0,1,0,1,0,0,255,2,12,0
7077220,1,1,0,0,0,0,255,2,12,0
7077280,1,1,0,0,0,0,255,2,12,0
7077377,1,0,0,1,1,0,255,2,12,0
7077747,0,1,0,1,0,0,255,2,12,0
7077808,1,1,1,1,1,0,255,2,12,0
7078136,0,0,0,0,1,0,38,2,12,0
7080633,1,1,1,1,1,0,38,2,12,0
7082287,1,0,1,0,0,0,38,2,12,0
7090454,1,0,0,1,1,0,38,2,12,0
7092332,1,0,0,1,1,0,38,2,12,0
7094578,1,0,0,1,1,0,38,2,12,0
7095997,0,1,0,1,0,0,38,2,12,0
7096832,1,0,0,1,1,0,38,2,12,0
7099724,0,0,0,0,1,0,38,2,12,0
7105890,1,0,0,1,1,0,38,2,12,0
7111824,1,0,1,0,0,0,38,2,12,0
7112272,0,1,0,1,0,0,38,2,12,0
7113229,0,0,0,0,1,0,38,2,12,0
7116952,1,1,0,0,0,0,38,2,12,0
7118478,1,0,1,0,0,0,38,2,12,0
7119791,1,1,1,1,1,0,38,2,12,0
7120084,1,0,1,0,0,0,38,2,12,0
7128284,0,0,1,1,0,0,38,2,12,0
7130661,1,0,0,1,1,0,38,2,12,0
7131722,0,1,0,0,0,0,38,2,12,0
7131863,1,0,0,1,1,0,38,2,12,0
7133477,1,0,1,0,0,0,38,2,12,0
7136418,0,0,1,1,0,0,38,2,12,0
7139224,1,0,0,1,1,0,38,2,12,0
7139569,1,0,1,0,0,0,38,2,12,0
7140229,1,1,0,0,0,0,38,2,12,0
7140924,1,1,1,1,1,0,38,2,12,0
7141470,0,1,0,1,0,0,38,2,12,0
7143112,0,0,1,1,0,0,38,2,12,0
7143466,1,1,0,0,0,0,255,2,12,0
7143529,1,0,0,1,1,0,255,2,12,0
7143606,0,0,0,0,1,0,255,2,12,0
7143692,1,0,1,0,0,0,255,2,12,0
7143756,1,1,0,0,0,0,255,2,12,0
7143898,1,0,1,0,0,0,255,2,12,0
7144101,1,0,1,0,0,0,255,2,12,0
7144349,1,1,1,1,1,0,255,2,12,0
7144417,1,0,1,0,0,0,255,2,12,0
7144484,1,1,0,0,0,0,255,2,12,0
7144616,0,0,1,1,0,0,255,2,12,0
7145005,0,1,1,0,1,0,255,2,12,0
7145206,1,0,1,0,0,0,255,2,12,0
7145343,0,0,1,1,0,0,255,2,12,0
7145914,0,1,0,1,0,0,255,2,12,0
7145953,1,0,0,1,1,0,255,2,12,0
7146041,0,0,0,1,1,1,255,2,12,0
7146125,1,0,0,1,1,0,255,2,12,0
7146190,0,1,1,0,1,0,255,2,12,0
7146220,0,1,1,0,1,0,255,2,12,0
7146226,0,1,1,0,1,0,255,2,12,0
7146304,1,0,0,1,1,0,255,2,12,0
7146609,1,0,0,1,1,0,255,2,12,0
7146630,1,1,1,1,1,0,255,2,12,0
7147017,1,0,1,0,0,0,255,2,12,0
7147520,1,1,1,1,1,0,255,2,12,0
7147521,0,0,0,0,1,0,255,2,12,0
7147700,1,0,0,1,1,0,255,2,12,0
7147730,1,0,0,1,1,0,255,2,12,0
7147883,0,0,0,0,1,0,255,2,12,0
7147974,1,0,0,1,1,0,255,2,12,0
7148377,0,0,1,1,0,0,255,2,12,0
7148704,0,0,0,0,1,0,255,2,12,0
7148743,0,1,0,1,0,0,255,2,12,0
7149411,0,0,1,1,0,0,255,2,12,0
7149511,0,0,1,1,0,0,255,2,12,0
7149800,0,0,1,1,0,0,255,2,12,0
7149867,0,1,0,1,0,0,255,2,12,0
7150062,1,1,0,0,0,0,255,2,12,0
7150066,1,0,1,0,0,0,255,2,12,0
7150378,1,1,1,1,1,0,255,2,12,0
7150402,1,0,0,1,1,0,255,2,12,0
7151045,0,0,1,1,0,0,255,2,12,0
7151175,0,1,0,1,0,0,255,2,12,0
7151185,0,0,0,0,1,0,255,2,12,0
7151271,1,0,0,1,1,0,255,2,12,0
7151322,1,0,1,0,0,0,255,2,12,0
7151664,0,1,0,1,0,0,255,2,12,0
7151727,0,0,0,0,1,0,255,2,12,0
7151810,1,0,1,0,0,0,255,2,12,0
7151817,1,0,1,0,0,0,255,2,12,0
7152072,0,1,1,0,1,0,255,2,12,0
7152432,0,0,0,0,1,0,255,2,12,0
7152500,0,1,1,0,1,0,255,2,12,0
7152550,1,1,0,0,0,0,255,2,12,0
7153079,0,1,1,0,1,0,255,2,12,0
7153528,0,0,0,0,1,0,255,2,12,0
7153892,1,0,1,0,0,0,255,2,12,0
7154152,1,0,0,1,1,0,255,2,12,0
7154298,1,0,1,0,0,0,255,2,12,0
7154411,0,0,1,1,0,0,255,2,12,0
7154539,1,0,1,0,0,0,255,2,12,0
7154702,0,1,1,0,1,0,255,2,12,0
7154906,1,0,0,1,1,0,255,2,12,0
7154934,0,1,0,1,0,0,255,2,12,0
7155043,0,0,0,0,1,0,255,2,12,0
7155435,1,1,1,1,1,0,255,2,12,0
7155537,0,1,1,0,1,0,255,2,12,0
7155637,0,1,0,1,0,0,255,2,12,0
7155702,0,1,1,0,1,0,255,2,12,0
7155710,1,1,1,1,1,0,255,2,12,0
7155773,1,0,1,0,0,0,255,2,12,0
7156007,0,0,1,1,0,0,255,2,12,0
7156171,1,1,1,1,1,0,255,2,12,0
7156494,0,1,1,1,1,1,255,2,12,0
7156538,1,1,1,1,1,0,255,2,12,0
7156765,0,0,1,1,0,0,255,2,12,0
7156919,1,0,1,0,0,0,255,2,12,0
7157005,0,1,1,0,1,0,255,2,12,0
7157092,0,1,0,1,0,0,255,2,12,0
7157120,0,1,1,0,1,0,255,2,12,0
7157242,1,0,0,1,1,0,255,2,12,0
7157632,0,1,1,0,1,0,255,2,12,0
7158155,1,0,1,0,0,0,255,2,12,0
7158486,1,0,1,0,0,0,255,2,12,0
7158567,1,1,1,1,1,0,255,2,12,0
7158787,0,1,1,0,1,0,255,2,12,0
7158999,0,1,0,1,0,0,255,2,12,0
7159324,0,1,1,0,1,0,255,2,12,0
7159410,0,0,0,0,1,0,255,2,12,0
7159939,0,0,1,1,0,0,255,2,12,0
7160503,0,0,1,0,0,0,255,2,12,0
7160600,1,1,0,0,0,0,255,2,12,0
7160637,1,1,0,0,0,0,255,2,12,0
7160662,1,1,0,0,0,0,255,2,12,0
7160877,0,1,1,0,1,0,255,2,12,0
7160941,0,1,1,0,1,0,255,2,12,0
7161525,0,0,0,0,1,0,255,2,12,0
7161661,1,1,1,1,1,0,255,2,12,0
7161955,0,1,0,1,0,0,255,2,12,0
7162131,1,1,0,0,0,0,255,2,12,0
7162175,1,0,1,0,0,0,255,2,12,0
7162507,1,1,1,1,1,0,255,2,12,0
7162738,1,0,0,1,1,0,255,2,12,0
7163309,0,1,0,1,0,0,255,2,12,0
7163677,0,1,0,1,0,0,255,2,12,0
7163777,0,1,1,0,1,0,255,2,12,0
7163935,0,0,1,1,0,0,255,2,12,0
7164071,0,1,0,1,0,0,255,2,12,0
7164222,0,1,1,0,1,0,255,2,12,0
7164293,0,0,1,1,0,0,255,2,12,0
7164395,1,0,1,0,0,0,255,2,12,0
7164599,1,0,1,0,0,0,255,2,12,0
7165527,0,1,0,1,0,0,255,2,12,0
7165926,0,0,0,0,1,0,255,2,12,0
7165957,0,1,1,0,1,0,255,2,12,0
7166363,1,1,0,0,0,0,255,2,12,0
7166532,0,0,0,0,1,0,255,2,12,0
7166923,1,0,0,1,1,0,255,2,12,0
7166946,1,1,0,0,0,0,255,2,12,0
7167293,0,0,0,0,1,0,255,2,12,0
7167294,0,0,1,1,0,0,255,2,12,0
7167312,0,1,1,0,1,0,255,2,12,0
7167372,1,1,1,1,1,0,255,2,12,0
7167390,1,0,1,0,0,0,255,2,12,0
7167590,1,1,0,0,0,0,255,2,12,0
7167685,1,0,0,1,1,0,255,2,12,0
7167743,1,1,0,0,0,0,255,2,12,0
7167932,1,1,1,1,1,0,255,2,12,0
7168048,0,0,1,1,0,0,255,2,12,0
7168370,1,1,0,0,0,0,255,2,12,0
7168468,1,0,1,0,0,0,255,2,12,0
7168529,0,1,0,1,0,0,255,2,12,0
7168633,0,0,1,1,0,0,255,2,12,0
7168905,0,1,0,1,0,0,255,2,12,0
7169287,0,0,0,0,1,0,255,2,12,0
7169575,0,1,0,1,0,0,255,2,12,0
7169812,1,1,0,0,0,0,255,2,12,0
7170454,0,0,1,1,0,0,255,2,12,0
7170863,1,0,0,1,1,0,255,2,12,0
7171398,1,0,1,0,0,0,255,2,12,0
7171572,0,1,0,1,0,0,255,2,12,0
7171683,1,1,1,1,1,0,255,2,12,0
7171825,1,0,0,1,1,0,255,2,12,0
7172036,1,0,0,1,1,0,255,2,12,0
7172276,1,1,0,0,0,0,255,2,12,0
7172328,1,0,0,1,1,0,255,2,12,0
7172341,1,0,1,0,0,0,255,2,12,0
7172353,0,1,1,0,1,0,255,2,12,0
7172377,1,1,1,1,1,0,255,2,12,0
7172383,0,0,0,0,1,0,255,2,12,0
7172792,0,0,0,0,1,0,255,2,12,0
7172942,1,1,0,0,0,0,255,2,12,0
7173030,0,1,1,0,1,0,255,2,12,0
7173238,1,1,0,0,0,0,255,2,12,0
7173507,1,1,1,1,1,0,255,2,12,0
7173740,0,1,0,1,0,0,255,2,12,0
7173781,1,0,0,1,1,0,255,2,12,0
7173903,1,0,1,0,0,0,255,2,12,0
7174116,1,1,1,1,1,0,255,2,12,0
7174170,0,1,1,0,1,0,255,2,12,0
7174628,0,1,1,1,1,1,255,2,12,0
7175215,0,1,0,1,0,0,255,2,12,0
7175637,1,0,1,1,0,0,255,2,12,0
7175640,1,1,1,1,1,0,255,2,12,0
7175806,0,0,0,0,1,0,255,2,12,0
7175919,1,1,0,0,0,0,255,2,12,0
7176143,1,0,1,0,0,0,255,2,12,0
7176329,0,1,0,1,0,0,255,2,12,0
7176337,0,0,0,0,1,0,255,2,12,0
7176350,0,0,0,0,1,0,255,2,12,0
7176639,0,0,1,1,0,0,255,2,12,0
7176699,0,1,0,1,0,0,255,2,12,0
7176847,0,0,1,1,0,0,255,2,12,0
7176985,0,1,1,0,1,0,255,2,12,0
7177191,0,1,1,0,1,0,255,2,12,0
7177220,1,1,0,0,0,0,255,2,12,0
7177410,0,0,1,1,0,0,255,2,12,0
7177602,1,1,0,0,0,0,255,2,12,0
7177773,0,0,0,0,1,0,255,2,12,0
7177779,0,0,1,1,0,0,255,2,12,0
7177882,0,0,0,0,1,0,255,2,12,0
7177983,1,1,1,1,1,0,255,2,12,0
7178005,1,1,1,1,1,0,255,2,12,0
7178144,0,1,0,1,0,0,255,2,12,0
7178147,0,0,1,1,0,0,255,2,12,0
7178712,0,1,0,1,0,0,255,2,12,0
7178839,1,0,1,0,0,0,255,2,12,0
7179000,0,1,0,1,0,0,255,2,12,0
7179002,1,0,1,0,0,0,255,2,12,0
7179019,1,1,0,0,0,0,255,2,12,0
7179073,0,0,0,0,1,0,255,2,12,0
7179105,0,0,0,0,1,0,255,2,12,0
7179113,0,1,1,0,1,0,255,2,12,0
7179448,0,0,0,0,1,0,255,2,12,0
7179780,1,1,1,1,1,0,255,2,12,0
7180179,1,0,0,1,1,0,255,2,12,0
7180650,1,1,0,0,0,0,255,2,12,0
7180737,1,1,1,1,1,0,255,2,12,0
7181330,1,0,0,1,1,0,255,2,12,0
7181470,0,1,0,1,0,0,255,2,12,0
7181898,1,0,0,1,1,0,255,2,12,0
7182201,1,0,1,0,0,0,255,2,12,0
7182452,1,0,1,0,0,0,255,2,12,0
7182818,0,0,1,1,0,0,255,2,12,0
7183388,0,1,0,1,0,0,255,2,12,0
7183599,1,1,0,0,0,0,255,2,12,0
7183915,1,1,0,0,0,0,255,2,12,0
7183980,0,0,0,0,1,0,255,2,12,0
7184303,0,0,1,1,0,0,255,2,12,0
7184423,1,1,1,1,1,0,255,2,12,0
7184487,1,1,1,1,1,0,255,2,12,0
7184643,1,0,1,0,0,0,255,2,12,0
7185042,1,1,1,1,1,0,255,2,12,0
7185336,0,0,1,1,0,0,255,2,12,0
7185569,1,1,1,1,1,0,255,2,12,0
7185708,1,1,0,0,0,0,255,2,12,0
7185885,0,1,0,1,0,0,255,2,12,0
7186111,1,1,0,0,0,0,255,2,12,0
7186198,0,1,1,0,1,0,255,2,12,0
7186280,0,1,1,0,1,0,255,2,12,0
7186416,1,1,1,1,1,0,255,2,12,0
7186443,0,1,0,1,0,0,255,2,12,0
7186466,1,0,1,0,0,0,255,2,12,0
7186545,1,0,0,1,1,0,255,2,12,0
7186569,1,1,0,0,0,0,255,2,12,0
7186756,1,0,1,0,0,0,255,2,12,0
7186807,1,0,0,1,1,0,255,2,12,0
7186979,0,0,1,1,0,0,255,2,12,0
7187171,1,0,1,0,0,0,255,2,12,0
7187280,1,0,1,0,0,0,255,2,12,0
7187287,1,0,1,0,0,0,255,2,12,0
7187333,0,0,1,1,0,0,255,2,12,0
7187453,1,1,0,0,0,0,255,2,12,0
7187490,1,0,1,1,0,0,255,2,12,0
7188113,1,1,0,0,0,0,255,2,12,0
7188479,1,1,1,1,1,0,255,2,12,0
7188792,0,0,1,1,0,0,255,2,12,0
7188901,1,0,1,0,0,0,255,2,12,0
7188927,0,1,0,1,0,0,255,2,12,0
7189015,1,1,0,0,0,0,255,2,12,0
7189359,1,1,1,1,1,0,255,2,12,0
7189936,1,0,1,0,0,0,255,2,12,0
7190154,1,0,0,1,1,0,255,2,12,0
7190315,1,0,0,1,1,0,255,2,12,0
7190489,1,0,0,1,1,0,255,2,12,0
7190625,0,1,0,1,0,0,255,2,12,0
7190765,1,1,0,0,0,0,255,2,12,0
7190878,1,0,1,0,0,0,255,2,12,0
7191792,1,1,0,0,0,0,255,2,12,0
7192222,1,0,0,1,1,0,255,2,12,0
7192260,1,1,1,1,1,0,255,2,12,0
7192380,1,0,1,0,0,0,255,2,12,0
7192519,1,1,1,1,1,0,255,2,12,0
7192666,0,0,0,0,1,0,255,2,12,0
7192937,0,0,0,0,1,0,255,2,12,0
7193241,1,0,1,0,0,0,255,2,12,0
7193395,0,0,0,0,1,0,255,2,12,0
7193428,0,1,1,0,1,0,255,2,12,0
7193613,0,0,0,0,1,0,255,2,12,0
7193857,1,1,0,0,0,0,255,2,12,0
7194162,0,0,1,1,0,0,255,2,12,0
7194225,1,1,1,1,1,0,255,2,12,0
7194325,1,0,0,1,1,0,255,2,12,0
7194427,0,0,0,0,1,0,255,2,12,0
7194658,0,0,1,1,0,0,255,2,12,0
7194777,1,0,1,0,0,0,255,2,12,0
7195317,0,0,0,0,1,0,255,2,12,0
7195323,0,1,0,1,0,0,255,2,12,0
7195716,1,1,0,0,0,0,255,2,12,0
7195766,1,0,0,1,1,0,255,2,12,0
7195774,1,0,1,0,0,0,255,2,12,0
7196000,0,0,0,0,1,0,255,2,12,0
7196054,1,0,0,1,1,0,255,2,12,0
7196148,0,1,1,0,1,0,255,2,12,0
7196204,1,0,0,1,1,0,255,2,12,0
7196554,0,0,1,1,0,0,255,2,12,0
7196575,1,1,0,0,0,0,255,2,12,0
7196820,0,0,1,1,0,0,255,2,12,0
7196857,0,0,1,1,0,0,255,2,12,0
7197146,0,1,0,1,0,0,255,2,12,0
7197430,0,0,1,1,0,0,255,2,12,0
7197453,0,0,0,0,1,0,255,2,12,0
7197903,0,1,1,1,1,1,255,2,12,0
7198016,0,1,0,1,0,0,255,2,12,0
7198123,1,1,1,1,1,0,255,2,12,0
7198180,1,0,0,1,1,0,255,2,12,0
7198197,0,0,1,1,0,0,255,2,12,0
7198521,1,0,1,0,0,0,255,2,12,0
7198568,1,1,1,1,1,0,255,2,12,0
7198630,1,1,0,0,0,0,255,2,12,0
7198740,1,1,0,0,0,0,255,2,12,0
7198973,0,1,1,0,1,0,255,2,12,0
7198995,1,1,0,0,0,0,255,2,12,0
7199067,0,1,1,0,1,0,255,2,12,0
7199072,0,0,0,0,1,0,255,2,12,0
7199239,1,1,1,1,1,0,255,2,12,0
7199406,1,1,1,1,1,0,255,2,12,0
7199480,1,1,1,1,1,0,255,2,12,0
7199667,1,1,1,1,1,0,255,2,12,0
7200096,0,0,0,0,1,0,255,2,12,0
7200112,1,1,1,0,1,1,255,2,12,0
7200113,1,1,1,1,1,0,255,2,12,0
7200352,1,0,1,0,0,0,255,2,12,0
7200400,1,0,1,0,0,0,255,2,12,0
7200712,0,1,1,0,1,0,255,2,12,0
7200756,0,0,0,0,1,0,255,2,12,0
7200784,1,1,1,1,1,0,255,2,12,0
7200870,0,1,1,0,1,0,255,2,12,0
7201195,0,0,1,1,0,0,255,2,12,0
7201269,0,0,0,0,1,0,255,2,12,0
7201619,0,0,1,1,0,0,255,2,12,0
7201742,1,1,1,1,1,0,255,2,12,0
7201755,0,0,1,1,0,0,255,2,12,0
7201938,1,0,0,1,1,0,255,2,12,0
7202229,0,0,1,1,0,0,255,2,12,0
7202230,1,1,0,0,0,0,255,2,12,0
7202847,0,1,1,0,1,0,255,2,12,0
7202973,0,0,0,0,1,0,255,2,12,0
7203175,1,1,0,0,0,0,255,2,12,0
7203549,0,0,1,1,0,0,255,2,12,0
7203807,0,0,1,1,0,0,255,2,12,0
7203986,1,1,0,0,0,0,255,2,12,0
7204456,1,0,1,0,0,0,255,2,12,0
7204809,0,0,0,0,1,0,255,2,12,0
7204850,1,1,0,1,0,0,255,2,12,0
7204887,1,1,0,0,0,0,255,2,12,0
7204900,0,1,1,0,1,0,255,2,12,0
7204982,1,0,1,0,0,0,255,2,12,0
7205276,0,1,0,1,0,0,255,2,12,0
7205278,0,1,1,0,1,0,255,2,12,0
7205411,1,1,1,1,1,0,255,2,12,0
7205752,0,0,1,0,0,0,255,2,12,0
7205826,1,0,1,0,0,0,255,2,12,0
7206110,0,1,0,1,0,0,255,2,12,0
7206272,0,0,1,1,0,0,255,2,12,0
7206381,1,1,1,1,1,0,255,2,12,0
7206460,1,1,0,0,0,0,255,2,12,0
7206743,0,1,1,0,1,0,255,2,12,0
7206908,1,0,0,1,1,0,255,2,12,0
7206952,0,0,1,1,0,0,255,2,12,0
7207107,1,0,1,0,0,0,255,2,12,0
7207135,1,0,0,1,1,0,255,2,12,0
7207307,1,0,1,0,0,0,255,2,12,0
7207857,1,1,0,0,0,0,255,2,12,0
7207930,1,1,1,1,1,0,255,2,12,0
7208004,0,0,1,1,0,0,255,2,12,0
7208168,0,1,1,0,1,0,255,2,12,0
7208465,1,0,1,0,0,0,255,2,12,0
7208609,0,0,0,0,1,0,255,2,12,0
7208781,1,0,1,0,0,0,255,2,12,0
7218812,0,1,1,1,1,1,2,2,12,0
7248089,1,0,1,0,0,0,2,2,12,0
7277544,1,1,0,0,0,0,42,2,12,0
7277934,0,1,0,1,0,0,42,2,12,0
7277948,1,0,1,0,0,0,42,2,12,0
7278660,1,1,0,0,0,0,42,2,12,0
7279769,1,0,1,0,0,0,42,2,12,0
7280692,0,1,1,0,1,0,42,2,12,0
7284333,0,0,0,0,1,0,42,2,12,0
7284368,0,0,1,1,0,0,42,2,12,0
7284779,1,1,0,0,0,0,42,2,12,0
7287185,1,1,0,0,0,0,42,2,12,0
7288147,1,1,0,0,0,0,42,2,12,0
7288175,0,1,0,1,0,0,42,2,12,0
7288205,0,1,1,0,1,0,42,2,12,0
7288919,0,1,0,1,0,0,42,2,12,0
7289282,1,0,0,1,1,0,42,2,12,0
7290163,1,1,1,1,1,0,42,2,12,0
7294396,0,0,1,0,0,0,42,2,12,0
7295463,0,1,1,0,1,0,42,2,12,0
7296177,0,0,0,0,1,0,42,2,12,0
7297835,0,1,0,1,0,0,42,2,12,0
7299741,1,1,1,1,1,0,42,2,12,0
7302348,1,1,1,1,1,0,42,2,12,0
7302495,0,0,0,0,1,0,42,2,12,0
7303883,0,0,0,0,1,0,42,2,12,0
7304014,0,0,0,0,1,0,42,2,12,0
7305449,1,1,1,1,1,0,42,2,12,0
7310678,0,0,1,1,0,0,42,2,12,0
7311951,0,1,0,1,0,0,42,2,12,0
7313472,1,1,0,0,0,0,42,2,12,0
7314292,0,1,0,1,0,0,42,2,12,0
7314597,1,0,1,0,0,0,42,2,12,0
7316653,1,0,0,1,1,0,42,2,12,0
7317659,0,0,1,1,0,0,42,2,12,0
7318923,1,1,0,0,0,0,42,2,12,0
7321992,1,1,0,0,0,0,42,2,12,0
7322351,1,1,0,0,0,0,42,2,12,0
7323328,0,1,1,0,1,0,42,2,12,0
7326662,1,1,1,1,1,0,42,2,12,0
7330618,1,0,1,0,0,0,42,2,12,0
7331174,0,1,0,1,0,0,42,2,12,0
7332301,1,1,0,0,0,0,42,2,12,0
7333722,0,1,0,1,0,0,42,2,12,0
7335539,1,1,1,1,1,0,42,2,12,0
7336068,1,0,1,0,0,0,42,2,12,0
7337625,0,1,1,0,1,0,42,2,12,0
7339028,1,1,0,0,0,0,42,2,12,0
7339256,1,1,0,0,0,0,42,2,12,0
7339521,0,1,0,1,0,0,42,2,12,0
7347691,0,1,1,0,1,0,17,2,12,0
7348074,1,1,0,0,0,0,17,2,12,0
7359146,1,1,0,0,0,0,17,2,12,0
7366618,1,0,0,1,1,0,17,2,12,0
7372582,0,1,0,1,0,0,17,2,12,0
7376120,0,1,0,1,0,0,17,2,12,0
7380815,0,0,1,1,0,0,17,2,12,0
7385732,1,1,0,0,0,0,17,2,12,0
7385931,0,0,1,1,0,0,17,2,12,0
7394346,0,0,1,1,0,0,17,2,12,0
7400220,1,1,0,0,0,0,17,2,12,0
7406480,0,1,0,1,0,0,9,2,12,0
7408175,1,0,1,0,0,0,9,2,12,0
7414469,1,1,1,1,1,0,9,2,12,0
7416548,1,1,1,1,1,0,9,2,12,0
7416904,1,0,0,1,1,0,9,2,12,0
7418501,0,1,1,0,1,0,9,2,12,0
7424773,1,0,1,0,0,0,9,2,12,0
7425808,0,0,0,0,1,0,9,2,12,0
7432686,1,1,1,1,1,0,9,2,12,0
7434020,0,1,1,0,1,0,9,2,12,0
7434618,0,0,1,1,0,0,9,2,12,0
7434630,0,1,1,0,1,0,9,2,12,0
7440918,1,1,1,1,1,0,9,2,12,0
7448314,1,1,0,0,0,0,9,2,12,0
7450753,1,0,1,0,0,0,9,2,12,0
7459192,1,1,1,1,1,0,9,2,12,0
7461061,0,1,0,1,0,0,9,2,12,0
7468481,1,1,1,1,1,0,9,2,12,0
7471427,0,0,0,0,1,0,177,2,12,0
7471796,0,0,1,1,0,0,177,2,12,0
7471855,0,1,0,1,0,0,177,2,12,0
7472150,0,0,0,1,1,1,177,2,12,0
7472361,0,1,1,0,1,0,177,2,12,0
7472389,1,1,1,1,1,0,177,2,12,0
7472585,1,0,1,0,0,0,177,2,12,0
7473143,0,0,1,1,0,0,177,2,12,0
7473727,1,0,1,0,0,0,177,2,12,0
7474066,1,1,0,0,0,0,177,2,12,0
7475209,0,0,0,0,1,0,177,2,12,0
7475631,0,0,0,0,1,0,177,2,12,0
7476213,1,1,0,0,0,0,177,2,12,0
7476486,1,1,0,0,0,0,177,2,12,0
7476978,0,0,1,1,0,0,177,2,12,0
7477579,0,1,0,1,0,0,177,2,12,0
7478573,1,1,0,1,0,0,177,2,12,0
7478581,1,1,0,0,0,0,177,2,12,0
7478980,0,1,0,1,0,0,177,2,12,0
7479097,1,0,0,1,1,0,177,2,12,0
7479701,1,1,0,0,0,0,177,2,12,0
7480174,1,1,1,1,1,0,177,2,12,0
7480830,1,0,0,1,1,0,177,2,12,0
7481757,1,0,1,0,0,0,177,2,12,0
7482194,1,1,1,1,1,0,177,2,12,0
7482627,0,0,1,1,0,0,177,2,12,0
7483230,0,0,0,0,1,0,177,2,12,0
7483533,0,0,1,1,0,0,177,2,12,0
7483654,0,0,1,1,0,0,177,2,12,0
7484579,0,0,0,0,1,0,177,2,12,0
7484694,0,1,1,0,1,0,177,2,12,0
7485044,1,0,1,0,0,0,177,2,12,0
7485483,1,1,0,1,0,0,177,2,12,0
7486039,0,0,0,0,1,0,177,2,12,0
7486265,0,0,0,0,1,0,177,2,12,0
7487272,0,0,0,0,1,0,177,2,12,0
7487920,1,0,0,1,1,0,177,2,12,0
7488346,1,0,1,0,0,0,177,2,12,0
7489478,1,0,0,1,1,0,177,2,12,0
7489845,0,0,1,1,0,0,177,2,12,0
7491167,0,0,0,0,1,0,177,2,12,0
7491274,0,1,1,0,1,0,177,2,12,0
7491341,1,1,1,1,1,0,177,2,12,0
7491486,0,1,0,1,0,0,177,2,12,0
7491750,1,1,0,0,0,0,177,2,12,0
7492142,0,1,1,0,1,0,177,2,12,0
7492320,0,0,1,1,0,0,177,2,12,0
7492490,1,1,0,0,0,0,177,2,12,0
7493484,0,0,1,1,0,0,177,2,12,0
7493956,0,0,1,1,0,0,177,2,12,0
7494469,0,0,1,1,0,0,177,2,12,0
7495090,1,0,0,1,1,0,177,2,12,0
7495419,1,1,1,1,1,0,177,2,12,0
7495712,0,1,0,1,0,0,177,2,12,0
7496232,1,1,1,1,1,0,177,2,12,0
7496743,0,0,0,0,1,0,177,2,12,0
7497221,0,0,1,1,0,0,177,2,12,0
7498045,1,0,1,0,0,0,177,2,12,0
7498085,1,1,0,0,0,0,177,2,12,0
7500411,0,0,1,1,0,0,177,2,12,0
7501205,1,0,0,1,1,0,177,2,12,0
7501451,0,1,1,0,1,0,177,2,12,0
7501463,0,0,0,0,1,0,177,2,12,0
7501475,0,1,1,0,1,0,177,2,12,0
7501893,1,0,0,1,1,0,177,2,12,0
7501939,0,1,0,1,0,0,177,2,12,0
7502331,1,0,1,0,0,0,177,2,12,0
7502409,1,1,0,0,0,0,177,2,12,0
7502573,1,0,1,0,0,0,177,2,12,0
7502617,0,0,1,1,0,0,177,2,12,0
7502936,1,1,0,0,0,0,177,2,12,0
7503431,1,0,1,0,0,0,177,2,12,0
7503819,1,1,0,0,0,0,177,2,12,0
7504184,0,1,0,1,0,0,177,2,12,0
7504760,1,1,0,0,0,0,177,2,12,0
7505603,0,1,1,0,1,0,177,2,12,0
7505629,1,0,0,1,1,0,177,2,12,0
7505717,0,0,0,0,1,0,177,2,12,0
7505883,0,1,1,0,1,0,177,2,12,0
7506006,1,0,0,1,1,0,177,2,12,0
7506465,0,0,1,1,0,0,177,2,12,0
7507902,1,1,0,0,0,0,177,2,12,0
7508236,0,1,0,1,0,0,177,2,12,0
7508405,1,1,1,1,1,0,177,2,12,0
7508769,1,0,1,0,0,0,177,2,12,0
7508870,1,0,1,0,0,0,177,2,12,0
7508892,1,0,0,1,1,0,177,2,12,0
7508898,1,1,0,0,0,0,177,2,12,0
7509124,0,0,0,0,1,0,177,2,12,0
7509422,1,0,1,0,0,0,177,2,12,0
7510051,1,0,0,1,1,0,177,2,12,0
7510096,0,0,0,0,1,0,177,2,12,0
7510294,1,0,1,0,0,0,177,2,12,0
7510322,0,1,1,0,1,0,177,2,12,0
7510405,1,0,1,0,0,0,177,2,12,0
7510590,0,1,0,1,0,0,177,2,12,0
7510604,1,0,1,0,0,0,177,2,12,0
7511153,0,1,0,1,0,0,177,2,12,0
7511347,0,1,0,1,0,0,177,2,12,0
7511440,0,1,0,1,0,0,177,2,12,0
7511809,0,1,1,0,1,0,177,2,12,0
7511861,0,1,0,1,0,0,177,2,12,0
7512118,0,0,0,0,1,0,177,2,12,0
7512459,1,0,0,1,1,0,177,2,12,0
7512498,0,0,0,0,1,0,177,2,12,0
7512709,1,1,0,0,0,0,177,2,12,0
7512817,1,1,1,1,1,0,177,2,12,0
7513310,0,1,1,0,1,0,177,2,12,0
7513545,0,1,0,1,0,0,177,2,12,0
7513996,1,0,1,0,0,0,177,2,12,0
7514406,0,0,1,1,0,0,177,2,12,0
7514765,0,0,1,1,0,0,177,2,12,0
7515124,0,1,0,1,0,0,177,2,12,0
7515162,1,0,1,0,0,0,177,2,12,0
7515910,0,1,1,0,1,0,177,2,12,0
7515974,0,0,1,1,0,0,177,2,12,0
7516079,0,0,0,0,1,0,177,2,12,0
7516320,1,1,0,0,0,0,177,2,12,0
7516539,1,1,1,1,1,0,177,2,12,0
7517097,1,1,0,0,0,0,177,2,12,0
7517421,1,0,0,1,1,0,177,2,12,0
7517645,1,0,1,0,0,0,177,2,12,0
7518133,0,1,1,0,1,0,177,2,12,0
7518462,1,1,1,1,1,0,177,2,12,0
7518522,0,1,1,1,1,1,177,2,12,0
7518578,0,1,0,1,0,0,177,2,12,0
7519394,0,1,1,0,1,0,177,2,12,0
7519935,0,1,1,0,1,0,177,2,12,0
7519975,0,1,1,0,1,0,177,2,12,0
7520159,0,1,1,0,1,0,177,2,12,0
7520651,1,0,1,0,0,0,177,2,12,0
7521181,0,1,1,0,1,0,177,2,12,0
7521212,1,1,0,0,0,0,177,2,12,0
7521336,1,1,1,1,1,0,177,2,12,0
7521643,0,1,0,1,0,0,177,2,12,0
7521927,1,0,0,1,1,0,177,2,12,0
7522153,0,0,0,0,1,0,177,2,12,0
7523434,0,0,0,0,1,0,177,2,12,0
7523983,1,0,0,1,1,0,177,2,12,0
7524721,1,0,1,0,0,0,177,2,12,0
7524730,1,1,0,0,0,0,177,2,12,0
7525725,1,0,1,0,0,0,177,2,12,0
7525897,1,0,1,0,0,0,177,2,12,0
7526699,0,1,0,1,0,0,177,2,12,0
7527132,1,1,0,0,0,0,177,2,12,0
7527225,1,0,1,0,0,0,177,2,12,0
7527282,1,1,1,1,1,0,177,2,12,0
7527474,0,1,1,0,1,0,177,2,12,0
7527634,0,0,1,1,0,0,177,2,12,0
7527987,1,1,0,0,0,0,177,2,12,0
7528156,0,1,0,1,0,0,177,2,12,0
7528161,1,1,0,0,0,0,177,2,12,0
7528491,1,1,1,1,1,0,177,2,12,0
7528703,1,1,1,1,1,0,177,2,12,0
7529051,0,1,1,0,1,0,177,2,12,0
7529248,1,1,0,1,0,0,177,2,12,0
7529505,1,0,1,0,0,0,177,2,12,0
7529812,1,1,1,1,1,0,177,2,12,0
7530032,1,0,0,1,1,0,177,2,12,0
7530385,0,0,0,0,1,0,177,2,12,0
7531509,0,1,0,1,0,0,177,2,12,0
7531605,1,0,1,0,0,0,177,2,12,0
7532147,0,0,1,1,0,0,177,2,12,0
7532490,0,0,0,0,1,0,177,2,12,0
7532848,1,1,1,1,1,0,177,2,12,0
7533517,0,1,1,0,1,0,177,2,12,0
7533609,1,0,1,0,0,0,177,2,12,0
7533714,1,0,1,0,0,0,177,2,12,0
7534593,0,0,0,0,1,0,177,2,12,0
7535392,0,0,0,0,1,0,177,2,12,0
7535636,1,0,1,0,0,0,177,2,12,0
7535685,0,0,0,0,1,0,177,2,12,0
7536338,1,0,0,1,1,0,177,2,12,0
7537143,0,1,0,1,0,0,255,2,12,0
7537197,0,0,0,0,1,0,255,2,12,0
7537198,1,0,0,1,1,0,255,2,12,0
7537303,1,1,0,0,0,0,255,2,12,0
7537572,1,0,1,0,0,0,255,2,12,0
7537737,1,0,0,1,1,0,255,2,12,0
7538127,0,1,0,1,0,0,255,2,12,0
7538132,1,1,1,0,1,1,255,2,12,0
7538281,0,1,1,0,1,0,255,2,12,0
7538397,0,1,0,1,0,0,255,2,12,0
7538510,0,1,0,1,0,0,255,2,12,0
7538515,1,0,0,1,1,0,255,2,12,0
7538621,1,0,0,1,1,0,255,2,12,0
7538752,0,0,1,1,0,0,255,2,12,0
7539048,1,0,0,0,1,1,255,2,12,0
7539262,0,0,1,1,0,0,255,2,12,0
7539332,1,0,0,1,1,0,255,2,12,0
7539401,0,1,1,0,1,0,255,2,12,0
7539538,1,0,0,1,1,0,255,2,12,0
7539758,1,0,0,1,1,0,255,2,12,0
7539783,1,0,1,0,0,0,255,2,12,0
7539785,1,0,1,0,0,0,255,2,12,0
7540216,1,1,1,1,1,0,255,2,12,0
7540323,0,0,1,1,0,0,255,2,12,0
7540551,0,1,0,1,0,0,255,2,12,0
7540681,1,0,0,1,1,0,255,2,12,0
7541048,1,1,0,0,0,0,255,2,12,0
7541130,0,1,0,1,0,0,255,2,12,0
7541243,0,1,1,0,1,0,255,2,12,0
7541305,0,1,1,0,1,0,255,2,12,0
7541678,0,0,0,0,1,0,255,2,12,0
7541762,1,0,0,1,1,0,255,2,12,0
7541967,1,0,1,0,0,0,255,2,12,0
7542238,1,0,1,0,0,0,255,2,12,0
7542501,1,0,0,1,1,0,255,2,12,0
7542723,0,1,1,0,1,0,255,2,12,0
7542824,0,0,1,1,0,0,255,2,12,0
7542830,1,0,1,0,0,0,255,2,12,0
7543228,1,0,1,0,0,0,255,2,12,0
7543253,0,1,0,1,0,0,255,2,12,0
7543259,0,0,1,1,0,0,255,2,12,0
7543291,0,1,1,0,1,0,255,2,12,0
7543389,0,0,0,0,1,0,255,2,12,0
7543390,1,1,1,1,1,0,255,2,12,0
7543427,0,1,0,1,0,0,255,2,12,0
7543569,1,0,1,0,0,0,255,2,12,0
7543572,0,0,1,1,0,0,255,2,12,0
7543602,0,1,1,0,1,0,255,2,12,0
7543643,1,0,1,0,0,0,255,2,12,0
7543711,1,1,1,1,1,0,255,2,12,0
7543964,1,1,1,1,1,0,255,2,12,0
7543985,0,0,1,1,0,0,255,2,12,0
7544147,1,0,1,0,0,0,255,2,12,0
7544154,0,0,1,1,0,0,255,2,12,0
7544326,0,0,0,0,1,0,255,2,12,0
7544493,0,0,0,0,1,0,255,2,12,0
7544677,0,1,0,1,0,0,255,2,12,0
7544934,0,0,1,1,0,0,255,2,12,0
7544981,1,1,0,0,0,0,255,2,12,0
7545059,0,1,1,0,1,0,255,2,12,0
7545170,0,1,0,1,0,0,255,2,12,0
7545425,0,0,1,1,0,0,255,2,12,0
7545616,1,1,1,1,1,0,255,2,12,0
7545795,1,1,1,1,1,0,255,2,12,0
7546029,0,1,1,0,1,0,255,2,12,0
7546204,1,0,1,0,0,0,255,2,12,0
7546325,0,0,0,1,1,1,255,2,12,0
7546438,0,0,1,0,0,0,255,2,12,0
7546629,0,0,1,1,0,0,255,2,12,0
7546856,1,1,1,1,1,0,255,2,12,0
7546909,0,0,0,0,1,0,255,2,12,0
7546930,0,1,1,0,1,0,255,2,12,0
7546980,1,0,1,0,0,0,255,2,12,0
7546998,0,1,0,1,0,0,255,2,12,0
7547117,0,1,0,1,0,0,255,2,12,0
7547214,0,0,1,1,0,0,255,2,12,0
7547556,0,1,1,0,1,0,255,2,12,0
7547782,0,1,1,0,1,0,255,2,12,0
7547888,0,1,0,1,0,0,255,2,12,0
7548038,0,1,0,1,0,0,255,2,12,0
7548078,0,1,1,0,1,0,255,2,12,0
7548606,1,0,0,1,1,0,255,2,12,0
7548653,1,0,0,1,1,0,255,2,12,0
7548689,0,0,1,1,0,0,255,2,12,0
7548731,0,0,0,0,1,0,255,2,12,0
7548815,1,1,0,0,0,0,255,2,12,0
7548896,0,0,1,1,0,0,255,2,12,0
7548912,1,0,1,0,0,0,255,2,12,0
7548947,1,0,1,0,0,0,255,2,12,0
7549071,1,1,1,1,1,0,255,2,12,0
7549751,0,1,1,0,1,0,255,2,12,0
7549763,1,0,1,0,0,0,255,2,12,0
7549823,0,0,0,0,1,0,255,2,12,0
7549943,1,0,0,1,1,0,255,2,12,0
7550071,0,1,0,1,0,0,255,2,12,0
7550187,0,1,1,0,1,0,255,2,12,0
7550678,0,0,1,1,0,0,255,2,12,0
7550929,0,0,1,1,0,0,255,2,12,0
7550956,0,0,1,1,0,0,255,2,12,0
7550992,0,1,0,1,0,0,255,2,12,0
7551019,1,1,0,0,0,0,255,2,12,0
7551129,1,1,0,0,0,0,255,2,12,0
7551461,1,0,1,0,0,0,255,2,12,0
7551672,1,0,0,1,1,0,255,2,12,0
7551793,1,1,0,0,0,0,255,2,12,0
7552023,1,0,1,0,0,0,255,2,12,0
7552081,1,1,0,0,0,0,255,2,12,0
7552234,0,0,0,0,1,0,255,2,12,0
7552264,1,1,0,0,0,0,255,2,12,0
7552267,1,0,0,1,1,0,255,2,12,0
7552345,0,0,0,0,1,0,255,2,12,0
7552655,0,0,0,0,1,0,255,2,12,0
7552827,1,0,0,1,1,0,255,2,12,0
7552934,1,1,1,1,1,0,255,2,12,0
7553170,0,0,0,0,1,0,255,2,12,0
7553691,0,0,1,1,0,0,255,2,12,0
7553851,0,1,0,1,0,0,255,2,12,0
7553902,1,0,0,1,1,0,255,2,12,0
7554256,1,0,0,1,1,0,255,2,12,0
7554467,1,1,0,0,0,0,255,2,12,0
7554516,0,0,1,1,0,0,255,2,12,0
7554518,0,0,1,1,0,0,255,2,12,0
7554560,1,1,1,1,1,0,255,2,12,0
7554909,1,1,1,1,1,0,255,2,12,0
7555071,1,0,0,1,1,0,255,2,12,0
7555146,0,0,0,0,1,0,255,2,12,0
7555237,0,0,0,0,1,0,255,2,12,0
7555255,1,1,1,1,1,0,255,2,12,0
7555338,1,1,0,0,0,0,255,2,12,0
7555448,1,1,1,1,1,0,255,2,12,0
7555852,0,1,1,0,1,0,255,2,12,0
7555965,1,1,0,0,0,0,255,2,12,0
7556211,1,0,1,0,0,0,255,2,12,0
7556259,1,0,1,0,0,0,255,2,12,0
7556330,1,0,0,1,1,0,255,2,12,0
7556421,0,0,0,0,1,0,255,2,12,0
7556913,0,1,1,0,1,0,255,2,12,0
7556938,1,0,1,1,0,0,255,2,12,0
7557109,0,0,0,0,1,0,255,2,12,0
7557166,1,0,1,0,0,0,255,2,12,0
7557327,1,0,1,0,0,0,255,2,12,0
7557440,0,1,0,1,0,0,255,2,12,0
7557719,0,0,0,0,1,0,255,2,12,0
7557741,1,0,0,1,1,0,255,2,12,0
7557970,0,1,1,0,1,0,255,2,12,0
7558468,0,0,0,0,1,0,255,2,12,0
7558537,0,1,0,1,0,0,255,2,12,0
7558578,1,1,1,1,1,0,255,2,12,0
7558583,0,1,0,1,0,0,255,2,12,0
7558609,0,0,0,0,1,0,255,2,12,0
7558653,0,1,0,1,0,0,255,2,12,0
7558719,0,1,1,0,1,0,255,2,12,0
7558995,0,0,1,1,0,0,255,2,12,0
7559371,0,1,0,1,0,0,255,2,12,0
7559458,1,1,0,0,0,0,255,2,12,0
7559598,1,0,1,0,0,0,255,2,12,0
7559670,0,1,1,0,1,0,255,2,12,0
7559697,0,1,0,1,0,0,255,2,12,0
7559726,1,1,1,1,1,0,255,2,12,0
7559732,0,0,1,1,0,0,255,2,12,0
7559783,1,0,1,0,0,0,255,2,12,0
7560034,0,1,1,0,1,0,255,2,12,0
7560052,0,0,0,0,1,0,255,2,12,0
7560442,1,0,0,1,1,0,255,2,12,0
7560632,1,1,1,1,1,0,255,2,12,0
7560660,1,1,1,1,1,0,255,2,12,0
7561197,1,0,1,0,0,0,255,2,12,0
7561609,1,0,0,1,1,0,255,2,12,0
7561638,1,0,1,0,0,0,255,2,12,0
7561928,1,0,0,1,1,0,255,2,12,0
7561954,0,1,0,1,0,0,255,2,12,0
7562255,1,1,1,1,1,0,255,2,12,0
7562307,0,0,1,1,0,0,255,2,12,0
7562463,1,0,1,0,0,0,255,2,12,0
7562688,1,0,0,1,1,0,255,2,12,0
7562948,0,0,0,0,1,0,255,2,12,0
7563036,1,1,1,1,1,0,255,2,12,0
7563323,1,0,0,1,1,0,255,2,12,0
7563372,0,0,0,0,1,0,255,2,12,0
7563556,1,0,1,0,0,0,255,2,12,0
7563670,1,0,0,1,1,0,255,2,12,0
7563784,0,0,0,0,1,0,255,2,12,0
7564075,0,0,0,0,1,0,255,2,12,0
7564359,1,0,1,0,0,0,255,2,12,0
7564361,1,0,1,0,0,0,255,2,12,0
7564661,0,1,1,0,1,0,255,2,12,0
7564699,0,0,1,1,0,0,255,2,12,0
7564731,1,0,1,0,0,0,255,2,12,0
7564772,0,0,0,0,1,0,255,2,12,0
7564878,0,0,1,1,0,0,255,2,12,0
7565070,1,1,1,1,1,0,255,2,12,0
7565397,0,1,0,1,0,0,255,2,12,0
7565453,0,1,0,0,0,0,255,2,12,0
7565571,0,1,0,1,0,0,255,2,12,0
7565974,1,1,1,1,1,0,255,2,12,0
7565983,1,1,0,0,0,0,255,2,12,0
7566253,0,1,1,0,1,0,255,2,12,0
7566256,0,0,1,1,0,0,255,2,12,0
7566294,1,0,0,0,1,1,255,2,12,0
7566622,1,1,0,0,0,0,255,2,12,0
7566786,1,0,0,1,1,0,255,2,12,0
7567028,1,0,1,0,0,0,255,2,12,0
7567341,0,0,0,0,1,0,255,2,12,0
7567609,0,0,0,0,1,0,255,2,12,0
7567807,0,0,1,1,0,0,255,2,12,0
7567882,0,1,0,1,0,0,255,2,12,0
7567888,1,1,1,1,1,0,255,2,12,0
7568008,0,1,0,1,0,0,255,2,12,0
7568115,1,0,1,0,0,0,255,2,12,0
7568307,0,1,0,1,0,0,255,2,12,0
7568350,0,0,1,1,0,0,255,2,12,0
7568374,0,0,0,0,1,0,255,2,12,0
7568445,0,1,1,0,1,0,255,2,12,0
7568580,1,1,1,1,1,0,255,2,12,0
7568634,1,0,0,1,1,0,255,2,12,0
7568677,0,0,0,0,1,0,255,2,12,0
7568846,0,0,0,0,1,0,255,2,12,0
7568971,1,1,1,1,1,0,255,2,12,0
7569026,1,0,0,1,1,0,255,2,12,0
7569275,1,0,1,0,0,0,255,2,12,0
7569663,1,1,1,1,1,0,255,2,12,0
7569891,1,0,1,0,0,0,255,2,12,0
7570240,1,1,0,0,0,0,255,2,12,0
7570254,0,0,1,1,0,0,255,2,12,0
7570347,1,1,1,1,1,0,255,2,12,0
7570357,1,0,0,1,1,0,255,2,12,0
7570438,1,0,1,0,0,0,255,2,12,0
7570563,0,0,0,0,1,0,255,2,12,0
7570580,1,1,1,1,1,0,255,2,12,0
7570769,0,0,0,0,1,0,255,2,12,0
7570838,0,0,1,1,0,0,255,2,12,0
7570897,0,1,0,1,0,0,255,2,12,0
7571206,0,1,1,0,1,0,255,2,12,0
7571638,0,1,0,1,0,0,255,2,12,0
7571672,1,1,0,0,0,0,255,2,12,0
7571679,0,0,1,1,0,0,255,2,12,0
7572128,0,1,1,0,1,0,255,2,12,0
7572223,0,1,1,0,1,0,255,2,12,0
7572300,1,0,0,1,1,0,255,2,12,0
7572804,1,1,1,1,1,0,255,2,12,0
7572825,0,0,0,0,1,0,255,2,12,0
7572902,0,0,1,1,0,0,255,2,12,0
7573059,1,1,1,1,1,0,255,2,12,0
7573096,1,0,1,0,0,0,255,2,12,0
7573114,0,0,0,1,1,1,255,2,12,0
7573183,0,0,0,0,1,0,255,2,12,0
7573222,0,0,0,0,1,0,255,2,12,0
7573486,0,1,0,1,0,0,255,2,12,0
7573512,0,1,0,0,0,0,255,2,12,0
7573521,0,0,1,1,0,0,255,2,12,0
7573567,0,1,0,1,0,0,255,2,12,0
7573604,1,1,0,0,0,0,255,2,12,0
7573612,0,0,0,0,1,0,255,2,12,0
7573796,1,0,1,0,0,0,255,2,12,0
7573857,1,1,1,1,1,0,255,2,12,0
7573879,1,0,0,1,1,0,255,2,12,0
7573897,1,1,0,0,0,0,255,2,12,0
7573959,1,1,0,0,0,0,255,2,12,0
7574038,1,0,0,1,1,0,255,2,12,0
7574064,0,1,0,0,0,0,255,2,12,0
7574178,1,0,1,0,0,0,255,2,12,0
7574261,1,1,1,1,1,0,255,2,12,0
7574860,1,0,1,0,0,0,255,2,12,0
7575194,1,1,1,1,1,0,255,2,12,0
7575206,0,0,0,0,1,0,255,2,12,0
7575277,0,1,1,0,1,0,255,2,12,0
7575372,0,1,1,0,1,0,255,2,12,0
7575967,1,0,0,1,1,0,255,2,12,0
7576086,0,0,0,0,1,0,255,2,12,0
7576113,1,1,1,1,1,0,255,2,12,0
7576135,1,0,1,0,0,0,255,2,12,0
7576224,1,1,1,1,1,0,255,2,12,0
7576760,1,1,1,1,1,0,255,2,12,0
7576768,1,0,1,0,0,0,255,2,12,0
7576777,1,1,0,0,0,0,255,2,12,0
7577169,1,0,0,1,1,0,255,2,12,0
7577198,0,0,0,0,1,0,255,2,12,0
7577275,0,0,0,0,1,0,255,2,12,0
7577313,1,1,1,1,1,0,255,2,12,0
7577430,1,0,0,1,1,0,255,2,12,0
7577480,0,1,1,0,1,0,255,2,12,0
7577558,0,0,0,0,1,0,255,2,12,0
7577633,1,0,0,1,1,0,255,2,12,0
7577711,0,1,1,0,1,0,255,2,12,0
7577872,1,0,0,1,1,0,255,2,12,0
7578124,0,0,1,1,0,0,255,2,12,0
7578198,1,0,1,0,0,0,255,2,12,0
7578306,0,1,1,0,1,0,255,2,12,0
7578449,0,0,1,1,0,0,255,2,12,0
7578466,1,1,0,0,0,0,255,2,12,0
7578704,0,0,1,1,0,0,255,2,12,0
7579024,0,0,0,0,1,0,255,2,12,0
7579058,1,1,0,0,0,0,255,2,12,0
7579533,0,1,1,0,1,0,255,2,12,0
7579603,0,1,1,0,1,0,255,2,12,0
7579649,1,1,0,0,0,0,255,2,12,0
7579937,1,0,0,1,1,0,255,2,12,0
7580028,1,0,1,0,0,0,255,2,12,0
7580212,0,0,1,1,0,0,255,2,12,0
7580246,0,0,0,0,1,0,255,2,12,0
7580447,0,0,1,1,0,0,255,2,12,0
7580690,1,1,1,1,1,0,255,2,12,0
7581060,0,0,1,1,0,0,255,2,12,0
7581112,0,1,0,1,0,0,255,2,12,0
7581217,1,1,1,1,1,0,255,2,12,0
7581244,1,0,0,1,1,0,255,2,12,0
7581332,0,1,1,0,1,0,255,2,12,0
7581483,0,0,1,1,0,0,255,2,12,0
7581609,1,1,1,1,1,0,255,2,12,0
7582182,1,0,0,1,1,0,255,2,12,0
7582340,1,0,0,1,1,0,255,2,12,0
7582374,0,0,1,1,0,0,255,2,12,0
7582387,0,1,1,0,1,0,255,2,12,0
7582443,1,0,1,0,0,0,255,2,12,0
7582569,1,0,1,0,0,0,255,2,12,0
7582598,0,1,1,0,1,0,255,2,12,0
7582642,1,0,1,0,0,0,255,2,12,0
7582666,1,0,0,1,1,0,255,2,12,0
7582825,1,1,0,1,0,0,255,2,12,0
7582892,0,1,1,0,1,0,255,2,12,0
7582951,1,1,1,1,1,0,255,2,12,0
7583505,0,1,1,0,1,0,255,2,12,0
7583774,1,0,0,1,1,0,255,2,12,0
7583872,1,1,0,0,0,0,255,2,12,0
7583981,1,1,1,1,1,0,255,2,12,0
7583997,0,0,0,0,1,0,255,2,12,0
7584378,1,0,1,0,0,0,255,2,12,0
7584652,0,1,1,0,1,0,255,2,12,0
7584702,0,0,1,1,0,0,255,2,12,0
7584799,1,0,0,1,1,0,255,2,12,0
7584883,0,1,1,0,1,0,255,2,12,0
7585195,1,0,1,0,0,0,255,2,12,0
7585266,1,1,1,1,1,0,255,2,12,0
7585709,0,0,1,1,0,0,255,2,12,0
7585953,1,0,0,0,1,1,255,2,12,0
7585963,1,0,0,1,1,0,255,2,12,0
7586065,0,0,0,0,1,0,255,2,12,0
7586092,1,0,0,1,1,0,255,2,12,0
7586156,1,1,0,1,0,0,255,2,12,0
7586321,1,1,1,1,1,0,255,2,12,0
7586370,1,0,1,0,0,0,255,2,12,0
7586434,1,1,1,1,1,0,255,2,12,0
7586629,0,0,0,0,1,0,255,2,12,0
7586642,1,1,0,0,0,0,255,2,12,0
7587025,0,0,1,1,0,0,255,2,12,0
7587060,0,1,1,0,1,0,255,2,12,0
7587064,0,0,1,1,0,0,255,2,12,0
7587066,1,1,0,0,0,0,255,2,12,0
7587264,0,0,1,1,0,0,255,2,12,0
7587361,0,1,1,0,1,0,255,2,12,0
7587465,0,0,0,0,1,0,255,2,12,0
7587516,0,0,1,1,0,0,255,2,12,0
7587557,1,0,1,0,0,0,255,2,12,0
7587920,1,0,1,0,0,0,255,2,12,0
7588101,1,0,0,1,1,0,255,2,12,0
7588118,1,1,0,0,0,0,255,2,12,0
7588137,1,0,1,0,0,0,255,2,12,0
7588390,1,0,0,1,1,0,255,2,12,0
7588712,1,1,0,0,0,0,255,2,12,0
7588925,1,1,0,0,0,0,255,2,12,0
7589392,1,0,0,1,1,0,255,2,12,0
7589627,1,1,1,1,1,0,255,2,12,0
7589637,0,0,1,1,0,0,255,2,12,0
7589857,1,0,0,0,1,1,255,2,12,0
7589923,0,0,1,1,0,0,255,2,12,0
7590262,0,0,0,0,1,0,255,2,12,0
7590475,1,1,1,1,1,0,255,2,12,0
7590570,0,1,1,0,1,0,255,2,12,0
7590609,1,0,1,0,0,0,255,2,12,0
7590658,0,0,0,0,1,0,255,2,12,0
7590759,0,1,1,0,1,0,255,2,12,0
7590858,1,1,0,0,0,0,255,2,12,0
7590929,1,1,0,0,0,0,255,2,12,0
7590933,0,0,1,1,0,0,255,2,12,0
7590961,0,1,1,0,1,0,255,2,12,0
7591000,1,1,0,0,0,0,255,2,12,0
7591107,1,1,1,1,1,0,255,2,12,0
7591207,0,0,0,0,1,0,255,2,12,0
7591386,1,0,0,1,1,0,255,2,12,0
7591653,0,0,0,0,1,0,255,2,12,0
7591834,0,0,0,0,1,0,255,2,12,0
7592046,1,0,0,1,1,0,255,2,12,0
7592076,0,0,1,1,0,0,255,2,12,0
7592174,0,0,0,0,1,0,255,2,12,0
7592430,1,1,1,1,1,0,255,2,12,0
7592567,1,1,0,0,0,0,255,2,12,0
7592572,0,1,0,1,0,0,255,2,12,0
7592646,0,1,0,1,0,0,255,2,12,0
7592794,0,0,0,0,1,0,255,2,12,0
7593632,1,0,1,0,0,0,255,2,12,0
7593728,1,1,1,1,1,0,255,2,12,0
7594063,1,0,0,1,1,0,255,2,12,0
7594344,1,1,1,1,1,0,255,2,12,0
7594497,1,1,0,0,0,0,255,2,12,0
7594890,0,1,0,1,0,0,255,2,12,0
7594953,1,0,0,1,1,0,255,2,12,0
7595122,1,1,1,1,1,0,255,2,12,0
7595370,0,1,1,0,1,0,255,2,12,0
7595404,0,0,0,0,1,0,255,2,12,0
7595727,1,1,1,1,1,0,255,2,12,0
7595755,0,1,1,1,1,1,255,2,12,0
7595847,0,0,1,1,0,0,255,2,12,0
7595935,1,1,0,0,0,0,255,2,12,0
7595974,0,1,1,0,1,0,255,2,12,0
7596130,0,1,0,1,0,0,255,2,12,0
7596188,0,1,0,1,0,0,255,2,12,0
7596329,1,0,0,1,1,0,255,2,12,0
7596406,0,1,0,1,0,0,255,2,12,0
7596429,0,1,1,0,1,0,255,2,12,0
7596529,0,1,0,1,0,0,255,2,12,0
7596621,1,0,1,0,0,0,255,2,12,0
7596947,0,0,1,1,0,0,255,2,12,0
7597051,1,1,1,1,1,0,255,2,12,0
7597149,0,0,0,0,1,0,255,2,12,0
7597176,0,1,1,0,1,0,255,2,12,0
7597249,0,0,1,0,0,0,255,2,12,0
7597266,0,0,1,1,0,0,255,2,12,0
7597369,1,1,1,1,1,0,255,2,12,0
7597451,1,0,1,0,0,0,255,2,12,0
7597826,0,1,0,1,0,0,255,2,12,0
7597957,1,0,0,1,1,0,255,2,12,0
7598216,1,0,0,1,1,0,255,2,12,0
7598318,1,0,0,1,1,0,255,2,12,0
7598424,0,0,1,1,0,0,255,2,12,0
7598476,0,1,1,0,1,0,255,2,12,0
7598687,1,1,1,1,1,0,255,2,12,0
7598719,1,1,1,1,1,0,255,2,12,0
7598724,1,1,0,0,0,0,255,2,12,0
7598758,0,0,1,1,0,0,255,2,12,0
7598978,0,0,1,1,0,0,255,2,12,0
7599027,1,0,0,1,1,0,255,2,12,0
7599267,1,0,1,0,0,0,255,2,12,0
7599576,0,0,0,0,1,0,255,2,12,0
7599787,1,0,0,1,1,0,255,2,12,0
7599841,0,1,1,0,1,0,255,2,12,0
7599898,0,1,1,0,1,0,255,2,12,0
7599902,1,0,1,0,0,0,255,2,12,0
7599919,0,1,1,0,1,0,255,2,12,0
7599989,1,0,0,1,1,0,255,2,12,0
7600185,0,1,0,1,0,0,255,2,12,0
7600188,1,1,1,1,1,0,255,2,12,0
7600249,1,0,1,0,0,0,255,2,12,0
7600269,1,0,1,0,0,0,255,2,12,0
7600296,1,1,0,1,0,0,255,2,12,0
7600306,0,0,1,1,0,0,255,2,12,0
7600377,0,1,0,1,0,0,255,2,12,0
7600392,1,0,1,0,0,0,255,2,12,0
7600613,1,1,0,0,0,0,255,2,12,0
7600779,0,1,0,1,0,0,255,2,12,0
7600816,1,1,0,0,0,0,255,2,12,0
7600829,1,1,1,1,1,0,255,2,12,0
7600833,0,0,1,1,0,0,255,2,12,0
7601032,1,0,1,0,0,0,255,2,12,0
7601417,1,1,1,1,1,0,255,2,12,0
7601540,0,0,0,0,1,0,255,2,12,0
7601673,1,1,0,0,0,0,255,2,12,0
7601680,1,0,0,1,1,0,255,2,12,0
7601727,1,0,0,1,1,0,255,2,12,0
7601764,0,1,1,0,1,0,255,2,12,0
7601825,1,0,0,1,1,0,255,2,12,0
7602167,0,1,1,0,1,0,255,2,12,0
7610940,1,1,0,0,0,0,5,2,12,0
7624872,1,1,1,1,1,0,5,2,12,0
7630219,0,0,1,1,0,0,5,2,12,0
7647131,0,1,1,0,1,0,5,2,12,0
7662241,1,1,1,1,1,0,5,2,12,0
7674641,0,0,1,1,0,0,10,2,12,0
7682191,0,1,0,1,0,0,10,2,12,0
7685312,1,0,0,1,1,0,10,2,12,0
7689257,1,0,1,0,0,0,10,2,12,0
7690475,0,1,0,1,0,0,10,2,12,0
7699226,0,1,1,0,1,0,10,2,12,0
7721313,0,0,0,0,1,0,10,2,12,0
7724068,0,0,1,1,0,0,10,2,12,0
7725840,0,1,0,1,0,0,10,2,12,0
7732636,0,1,1,0,1,0,10,2,12,0
7733294,1,1,0,0,0,0,20,2,12,0
7739279,1,0,1,0,0,0,20,2,12,0
7740207,1,0,0,1,1,0,20,2,12,0
7743620,1,0,0,1,1,0,20,2,12,0
7744830,0,1,1,0,1,0,20,2,12,0
7749000,0,1,1,0,1,0,20,2,12,0
7749389,0,0,0,0,1,0,20,2,12,0
7749738,0,1,1,0,1,0,20,2,12,0
7756133,1,0,0,1,1,0,20,2,12,0
7763889,0,1,0,1,0,0,20,2,12,0
7764627,0,1,0,1,0,0,20,2,12,0
7786427,1,0,1,0,0,0,20,2,12,0
7788909,1,1,0,0,0,0,20,2,12,0
7795560,0,1,0,1,0,0,20,2,12,0
7797405,0,1,0,1,0,0,20,2,12,0
7801039,1,1,1,1,1,0,141,2,12,0
7801319,0,0,0,1,1,1,141,2,12,0
7801476,1,1,0,0,0,0,141,2,12,0
7802050,0,1,1,0,1,0,141,2,12,0
7802383,0,1,1,0,1,0,141,2,12,0
7802972,1,1,1,1,1,0,141,2,12,0
7803148,0,1,0,1,0,0,141,2,12,0
7803341,0,0,0,0,1,0,141,2,12,0
7805887,1,1,1,1,1,0,141,2,12,0
7806234,0,0,1,1,0,0,141,2,12,0
7806394,0,0,0,0,1,0,141,2,12,0
7806522,0,0,1,1,0,0,141,2,12,0
7806892,1,0,1,0,0,0,141,2,12,0
7806906,0,1,1,0,1,0,141,2,12,0
7807532,0,1,1,0,1,0,141,2,12,0
7807776,1,1,0,0,0,0,141,2,12,0
7808084,1,1,1,1,1,0,141,2,12,0
7808098,0,1,0,1,0,0,141,2,12,0
7812183,0,0,1,1,0,0,141,2,12,0
7812422,0,0,0,0,1,0,141,2,12,0
7816164,0,0,1,1,0,0,141,2,12,0
7816475,1,1,0,0,0,0,141,2,12,0
7816671,0,0,1,1,0,0,141,2,12,0
7817670,1,0,1,0,0,0,141,2,12,0
7817749,1,0,0,1,1,0,141,2,12,0
7818291,1,0,1,0,0,0,141,2,12,0
7818502,0,0,1,1,0,0,141,2,12,0
7818780,0,1,0,1,0,0,141,2,12,0
7818858,0,1,1,0,1,0,141,2,12,0
7819113,0,0,0,0,1,0,141,2,12,0
7819404,0,0,1,1,0,0,141,2,12,0
7820868,1,0,0,0,1,1,141,2,12,0
7820881,1,1,0,0,0,0,141,2,12,0
7822094,1,0,0,1,1,0,141,2,12,0
7822106,1,0,1,0,0,0,141,2,12,0
7823244,1,0,1,0,0,0,141,2,12,0
7823905,1,0,1,0,0,0,141,2,12,0
7824630,0,1,0,1,0,0,141,2,12,0
7824737,0,1,0,1,0,0,141,2,12,0
7825742,1,1,0,0,0,0,141,2,12,0
7826417,1,0,0,1,1,0,141,2,12,0
7826552,1,1,0,0,0,0,141,2,12,0
7827176,0,0,0,0,1,0,141,2,12,0
7827369,1,0,1,0,0,0,141,2,12,0
7827707,1,1,0,0,0,0,141,2,12,0
7828004,0,0,0,0,1,0,141,2,12,0
7828225,1,0,1,0,0,0,141,2,12,0
7828593,1,0,1,0,0,0,141,2,12,0
7829079,1,1,0,0,0,0,141,2,12,0
7830457,1,0,1,0,0,0,141,2,12,0
7831569,1,1,1,1,1,0,141,2,12,0
7832652,0,1,1,0,1,0,141,2,12,0
7833659,1,0,0,1,1,0,141,2,12,0
7834483,0,0,1,1,0,0,141,2,12,0
7834523,1,1,1,1,1,0,141,2,12,0
7836094,1,1,1,1,1,0,141,2,12,0
7836294,0,1,0,1,0,0,141,2,12,0
7836441,0,0,1,1,0,0,141,2,12,0
7836818,0,1,0,1,0,0,141,2,12,0
7836987,1,1,1,1,1,0,141,2,12,0
7837256,0,0,1,1,0,0,141,2,12,0
7837457,1,0,1,0,0,0,141,2,12,0
7837529,1,1,0,0,0,0,141,2,12,0
7837913,0,0,0,0,1,0,141,2,12,0
7837960,0,0,0,0,1,0,141,2,12,0
7839233,0,1,1,0,1,0,141,2,12,0
7839906,1,1,1,1,1,0,141,2,12,0
7840435,0,0,1,1,0,0,141,2,12,0
7840913,0,1,0,1,0,0,141,2,12,0
7841143,1,1,1,1,1,0,141,2,12,0
7841192,0,1,1,0,1,0,141,2,12,0
7841748,1,1,0,0,0,0,141,2,12,0
7842598,1,1,1,0,1,1,141,2,12,0
7843989,0,0,0,0,1,0,141,2,12,0
7844015,0,1,0,1,0,0,141,2,12,0
7844250,0,0,1,1,0,0,141,2,12,0
7844533,0,0,1,1,0,0,141,2,12,0
7844767,0,0,0,0,1,0,141,2,12,0
7844856,0,1,0,1,0,0,141,2,12,0
7845147,0,1,1,0,1,0,141,2,12,0
7845854,1,0,1,0,0,0,141,2,12,0
7846993,0,0,1,1,0,0,141,2,12,0
7847220,0,0,1,1,0,0,141,2,12,0
7847885,1,1,1,1,1,0,141,2,12,0
7848393,0,1,1,0,1,0,141,2,12,0
7848991,1,1,1,0,1,1,141,2,12,0
7849456,1,0,1,0,0,0,141,2,12,0
7850083,0,1,1,1,1,1,141,2,12,0
7850164,1,1,0,0,0,0,141,2,12,0
7851576,0,1,0,1,0,0,141,2,12,0
7851960,0,0,0,0,1,0,141,2,12,0
7852100,0,0,0,0,1,0,141,2,12,0
7852714,0,1,0,1,0,0,141,2,12,0
7854000,0,0,1,1,0,0,141,2,12,0
7855372,0,1,0,1,0,0,141,2,12,0
7856409,0,0,1,1,0,0,141,2,12,0
7857335,1,0,0,1,1,0,141,2,12,0
7857647,0,1,0,1,0,0,141,2,12,0
7858877,1,0,0,1,1,0,141,2,12,0
7859897,1,1,0,0,0,0,141,2,12,0
7861030,0,0,1,1,0,0,141,2,12,0
7861355,1,0,1,0,0,0,141,2,12,0
7861978,1,1,0,1,0,0,141,2,12,0
7862941,0,1,1,0,1,0,141,2,12,0
7863897,1,1,0,0,0,0,141,2,12,0
7864226,1,0,0,1,1,0,141,2,12,0
7864627,1,1,1,1,1,0,192,2,12,0
7864707,1,0,1,0,0,0,192,2,12,0
7864783,0,0,0,0,1,0,192,2,12,0
7864973,0,1,0,1,0,0,192,2,12,0
7865268,0,1,1,0,1,0,192,2,12,0
7865422,1,1,0,0,0,0,192,2,12,0
7865533,1,1,1,0,1,1,192,2,12,0
7865699,1,1,0,0,0,0,192,2,12,0
7866534,0,1,1,0,1,0,192,2,12,0
7866719,1,0,1,0,0,0,192,2,12,0
7866964,1,0,1,0,0,0,192,2,12,0
7867285,1,0,0,1,1,0,192,2,12,0
7867518,0,0,0,0,1,0,192,2,12,0
7867621,0,1,1,0,1,0,192,2,12,0
7867715,0,0,1,1,0,0,192,2,12,0
7867964,1,0,0,1,1,0,192,2,12,0
7868274,0,0,0,0,1,0,192,2,12,0
7868632,1,0,1,0,0,0,192,2,12,0
7868950,1,1,1,1,1,0,192,2,12,0
7869340,1,0,1,0,0,0,192,2,12,0
7869864,1,1,1,1,1,0,192,2,12,0
7870647,0,0,1,1,0,0,192,2,12,0
7871060,1,0,0,1,1,0,192,2,12,0
7871099,0,1,1,0,1,0,192,2,12,0
7871922,0,1,1,0,1,0,192,2,12,0
7872041,0,1,1,0,1,0,192,2,12,0
7872132,1,1,1,1,1,0,192,2,12,0
7872571,1,1,1,1,1,0,192,2,12,0
7872831,1,0,0,1,1,0,192,2,12,0
7873673,1,1,0,0,0,0,192,2,12,0
7874431,0,0,1,1,0,0,192,2,12,0
7874845,1,1,1,1,1,0,192,2,12,0
7875506,1,1,0,0,0,0,192,2,12,0
7876320,0,1,1,0,1,0,192,2,12,0
7876470,0,0,0,0,1,0,192,2,12,0
7876555,0,1,0,1,0,0,192,2,12,0
7877220,1,0,0,1,1,0,192,2,12,0
7878058,0,0,1,1,0,0,192,2,12,0
7878502,0,0,1,1,0,0,192,2,12,0
7879250,1,0,0,1,1,0,192,2,12,0
7879665,1,1,0,0,0,0,192,2,12,0
7879742,0,0,1,1,0,0,192,2,12,0
7879912,0,1,1,0,1,0,192,2,12,0
7880083,1,0,1,0,0,0,192,2,12,0
7880973,1,0,1,0,0,0,192,2,12,0
7881002,0,0,1,1,0,0,192,2,12,0
7881382,0,0,0,0,1,0,192,2,12,0
7882249,1,0,1,0,0,0,192,2,12,0
7882651,0,0,0,0,1,0,192,2,12,0
7883017,1,0,0,1,1,0,192,2,12,0
7883338,0,0,1,1,0,0,192,2,12,0
7883354,0,1,0,1,0,0,192,2,12,0
7883414,1,1,0,0,0,0,192,2,12,0
7883534,1,0,1,0,0,0,192,2,12,0
7884068,1,0,0,1,1,0,192,2,12,0
7884122,0,1,1,0,1,0,192,2,12,0
7885134,1,0,0,1,1,0,192,2,12,0
7885263,1,1,0,0,0,0,192,2,12,0
7885284,1,0,0,1,1,0,192,2,12,0
7886433,0,1,0,1,0,0,192,2,12,0
7886631,0,1,1,0,1,0,192,2,12,0
7886842,1,1,0,0,0,0,192,2,12,0
7887606,1,0,1,0,0,0,192,2,12,0
7887732,0,0,0,0,1,0,192,2,12,0
7888687,0,0,0,0,1,0,192,2,12,0
7888699,0,0,1,1,0,0,192,2,12,0
7889130,0,1,0,1,0,0,192,2,12,0
7889149,0,0,0,0,1,0,192,2,12,0
7889267,1,1,1,1,1,0,192,2,12,0
7889304,1,1,1,1,1,0,192,2,12,0
7889552,0,0,1,1,0,0,192,2,12,0
7889605,1,0,0,1,1,0,192,2,12,0
7889853,1,0,0,1,1,0,192,2,12,0
7890085,0,0,1,1,0,0,192,2,12,0
7890500,0,0,1,1,0,0,192,2,12,0
7890563,1,0,0,1,1,0,192,2,12,0
7891847,1,0,1,0,0,0,192,2,12,0
7892385,1,0,1,0,0,0,192,2,12,0
7892628,0,0,1,1,0,0,192,2,12,0
7892887,0,0,0,0,1,0,192,2,12,0
7893071,1,0,1,0,0,0,192,2,12,0
7893144,1,1,0,0,0,0,192,2,12,0
7893387,0,1,1,0,1,0,192,2,12,0
7893528,0,1,0,1,0,0,192,2,12,0
7893799,1,1,0,0,0,0,192,2,12,0
7893961,1,1,1,1,1,0,192,2,12,0
7893989,1,0,1,1,0,0,192,2,12,0
7894541,0,0,1,1,0,0,192,2,12,0
7894969,1,0,0,1,1,0,192,2,12,0
7895257,1,1,0,0,0,0,192,2,12,0
7896038,0,0,0,0,1,0,192,2,12,0
7896297,0,1,1,0,1,0,192,2,12,0
7896812,1,1,0,0,0,0,192,2,12,0
7897151,1,1,1,1,1,0,192,2,12,0
7897547,1,0,1,0,0,0,192,2,12,0
7897616,1,1,1,1,1,0,192,2,12,0
7897889,1,0,1,0,0,0,192,2,12,0
7897930,1,1,0,0,0,0,192,2,12,0
7898114,1,1,0,0,0,0,192,2,12,0
7898472,0,0,1,1,0,0,192,2,12,0
7898552,0,0,1,1,0,0,192,2,12,0
7899032,0,0,1,1,0,0,192,2,12,0
7899138,0,0,0,0,1,0,192,2,12,0
7899220,0,1,1,0,1,0,192,2,12,0
7899961,1,0,1,0,0,0,192,2,12,0
7900275,0,1,1,0,1,0,192,2,12,0
7900534,1,0,1,0,0,0,192,2,12,0
7900930,1,1,1,1,1,0,192,2,12,0
7901020,1,0,0,1,1,0,192,2,12,0
7901046,0,0,0,0,1,0,192,2,12,0
7901471,0,1,0,1,0,0,192,2,12,0
7903206,0,1,0,1,0,0,192,2,12,0
7903216,1,0,1,0,0,0,192,2,12,0
7903314,0,1,0,1,0,0,192,2,12,0
7903402,1,0,1,0,0,0,192,2,12,0
7903536,0,0,1,1,0,0,192,2,12,0
7903690,1,1,1,1,1,0,192,2,12,0
7904329,0,0,0,0,1,0,192,2,12,0
7904454,0,1,0,1,0,0,192,2,12,0
7904596,1,0,1,1,0,0,192,2,12,0
7905501,1,1,1,1,1,0,192,2,12,0
7905570,0,1,0,1,0,0,192,2,12,0
7905613,1,0,1,0,0,0,192,2,12,0
7905807,1,0,1,0,0,0,192,2,12,0
7905979,1,1,0,0,0,0,192,2,12,0
7906001,0,0,1,1,0,0,192,2,12,0
7906084,0,0,1,1,0,0,192,2,12,0
7906422,0,1,0,1,0,0,192,2,12,0
7906647,0,1,1,0,1,0,192,2,12,0
7906994,0,1,0,1,0,0,192,2,12,0
7907054,0,0,1,1,0,0,192,2,12,0
7907324,1,0,0,1,1,0,192,2,12,0
7907512,1,1,0,0,0,0,192,2,12,0
7907523,1,1,1,1,1,0,192,2,12,0
7907774,0,1,1,0,1,0,192,2,12,0
7908283,0,1,0,1,0,0,192,2,12,0
7909136,1,1,0,0,0,0,192,2,12,0
7909250,0,0,1,1,0,0,192,2,12,0
7909416,1,0,1,0,0,0,192,2,12,0
7910076,0,0,0,0,1,0,192,2,12,0
7910133,1,1,1,1,1,0,192,2,12,0
7911207,0,0,1,1,0,0,192,2,12,0
7911684,0,1,0,1,0,0,192,2,12,0
7911699,0,0,1,1,0,0,192,2,12,0
7911803,0,1,1,0,1,0,192,2,12,0
7911953,0,1,1,0,1,0,192,2,12,0
7912221,1,0,0,1,1,0,192,2,12,0
7912682,0,0,1,1,0,0,192,2,12,0
7912773,0,0,0,0,1,0,192,2,12,0
7913393,1,1,1,1,1,0,192,2,12,0
7913734,0,0,1,1,0,0,192,2,12,0
7913795,0,0,0,0,1,0,192,2,12,0
7915610,0,0,0,0,1,0,192,2,12,0
7915918,1,1,1,0,1,1,192,2,12,0
7916238,1,0,1,0,0,0,192,2,12,0
7916715,1,0,1,0,0,0,192,2,12,0
7916760,1,1,0,0,0,0,192,2,12,0
7916769,1,0,1,0,0,0,192,2,12,0
7917254,0,0,1,1,0,0,192,2,12,0
7917558,1,1,0,0,0,0,192,2,12,0
7917899,1,0,0,1,1,0,192,2,12,0
7918000,0,0,1,1,0,0,192,2,12,0
7918550,1,1,1,1,1,0,192,2,12,0
7918870,0,1,1,0,1,0,192,2,12,0
7918940,1,1,1,1,1,0,192,2,12,0
7919060,0,0,0,0,1,0,192,2,12,0
7919130,0,0,0,0,1,0,192,2,12,0
7919297,0,0,0,0,1,0,192,2,12,0
7919755,1,0,1,0,0,0,192,2,12,0
7920859,0,0,1,1,0,0,192,2,12,0
7921049,1,0,1,0,0,0,192,2,12,0
7921673,0,0,1,1,0,0,192,2,12,0
7922549,1,0,1,0,0,0,192,2,12,0
7923299,0,0,0,0,1,0,192,2,12,0
7923358,1,0,1,0,0,0,192,2,12,0
7924072,1,1,1,1,1,0,192,2,12,0
7924537,1,1,1,1,1,0,192,2,12,0
7924835,1,0,0,1,1,0,192,2,12,0
7924962,0,0,0,0,1,0,192,2,12,0
7925490,0,1,0,1,0,0,192,2,12,0
7925915,0,1,1,0,1,0,192,2,12,0
7926277,1,0,0,1,1,0,192,2,12,0
7926561,0,1,0,1,0,0,192,2,12,0
7926670,1,0,1,0,0,0,192,2,12,0
7927377,0,0,1,1,0,0,192,2,12,0
7927489,1,0,1,0,0,0,192,2,12,0
7927616,0,1,0,1,0,0,192,2,12,0
7927791,0,0,0,0,1,0,192,2,12,0
7927958,0,1,0,1,0,0,192,2,12,0
7928003,0,1,1,1,1,1,192,2,12,0
7928040,1,0,0,1,1,0,192,2,12,0
7928238,1,0,1,0,0,0,192,2,12,0
7928748,0,0,1,1,0,0,192,2,12,0
7928790,1,1,1,1,1,0,192,2,12,0
7929252,0,0,1,1,0,0,192,2,12,0
7929750,1,1,1,1,1,0,192,2,12,0
7929801,0,1,1,0,1,0,192,2,12,0
7952630,0,0,1,0,0,0,0,2,12,0
7973764,1,0,1,0,0,0,0,2,12,0
7996261,0,1,0,1,0,0,133,2,12,0
7996388,0,1,1,0,1,0,133,2,12,0
7996634,0,1,0,1,0,0,133,2,12,0
7996717,1,1,1,1,1,0,133,2,12,0
7997693,0,0,0,0,1,0,133,2,12,0
7997920,1,1,1,1,1,0,133,2,12,0
7998047,1,1,0,0,0,0,133,2,12,0
7998260,1,1,0,0,0,0,133,2,12,0
7998271,0,0,0,0,1,0,133,2,12,0
7998712,1,1,0,0,0,0,133,2,12,0
7999103,0,0,0,0,1,0,133,2,12,0
7999772,1,1,1,1,1,0,133,2,12,0
8000041,0,1,1,0,1,0,133,2,12,0
8000882,0,1,1,0,1,0,133,2,12,0
8000948,1,1,0,0,0,0,133,2,12,0
8002064,0,1,0,1,0,0,133,2,12,0
8002132,1,1,0,0,0,0,133,2,12,0
8002457,1,1,1,1,1,0,133,2,12,0
8002597,0,0,0,0,1,0,133,2,12,0
8002649,0,1,0,1,0,0,133,2,12,0
8002817,1,1,0,0,0,0,133,2,12,0
8003780,0,0,0,0,1,0,133,2,12,0
8004704,0,1,0,1,0,0,133,2,12,0
8005009,0,0,1,1,0,0,133,2,12,0
8005250,0,1,0,1,0,0,133,2,12,0
8006248,1,0,0,1,1,0,133,2,12,0
8006664,0,0,0,0,1,0,133,2,12,0
8006929,0,1,1,0,1,0,133,2,12,0
8007271,1,0,0,1,1,0,133,2,12,0
8008159,1,1,1,1,1,0,133,2,12,0
8008774,1,1,1,1,1,0,133,2,12,0
8009165,1,0,1,0,0,0,133,2,12,0
8010826,1,1,1,1,1,0,133,2,12,0
8011114,1,0,0,1,1,0,133,2,12,0
8011132,0,1,1,0,1,0,133,2,12,0
8011343,0,0,1,1,0,0,133,2,12,0
8011988,0,1,1,1,1,1,133,2,12,0
8012008,1,1,1,1,1,0,133,2,12,0
8013950,1,1,0,0,0,0,133,2,12,0
8014737,0,1,0,1,0,0,133,2,12,0
8015355,0,1,0,1,0,0,133,2,12,0
8015364,1,1,0,0,0,0,133,2,12,0
8015544,0,1,1,0,1,0,133,2,12,0
8015891,1,1,1,1,1,0,133,2,12,0
8015949,0,0,0,0,1,0,133,2,12,0
8016680,0,0,0,0,1,0,133,2,12,0
8016765,1,1,1,1,1,0,133,2,12,0
8016812,1,0,1,0,0,0,133,2,12,0
8016915,1,1,0,0,0,0,133,2,12,0
8017203,0,1,0,1,0,0,133,2,12,0
8017963,1,1,0,0,0,0,133,2,12,0
8018244,0,1,0,1,0,0,133,2,12,0
8018484,0,1,1,0,1,0,133,2,12,0
8018782,0,1,1,0,1,0,133,2,12,0
8019251,0,0,1,1,0,0,133,2,12,0
8019376,1,1,0,0,0,0,133,2,12,0
8019446,1,0,1,0,0,0,133,2,12,0
8019597,1,0,1,0,0,0,133,2,12,0
8019843,1,0,0,1,1,0,133,2,12,0
8020270,1,1,1,0,1,1,133,2,12,0
8020367,1,0,0,1,1,0,133,2,12,0
8020982,1,0,0,1,1,0,133,2,12,0
8021933,1,0,0,0,1,1,133,2,12,0
8022094,0,1,1,0,1,0,133,2,12,0
8022320,0,0,1,1,0,0,133,2,12,0
8022372,0,1,1,0,1,0,133,2,12,0
8022434,0,0,0,0,1,0,133,2,12,0
8022737,1,0,1,1,0,0,133,2,12,0
8022908,1,0,0,1,1,0,133,2,12,0
8023148,0,0,0,0,1,0,133,2,12,0
8024333,0,0,0,0,1,0,133,2,12,0
8024607,1,1,1,0,1,1,133,2,12,0
8024931,0,0,0,0,1,0,133,2,12,0
8025297,0,0,0,0,1,0,133,2,12,0
8025323,0,0,1,1,0,0,133,2,12,0
8026574,0,0,0,0,1,0,133,2,12,0
8026958,0,0,0,0,1,0,133,2,12,0
8027059,1,1,1,1,1,0,133,2,12,0
8027334,1,0,0,1,1,0,133,2,12,0
8027576,0,1,1,0,1,0,133,2,12,0
8027735,1,0,1,0,0,0,133,2,12,0
8027926,0,1,1,0,1,0,133,2,12,0
8028408,0,0,1,1,0,0,133,2,12,0
8028693,0,0,1,1,0,0,133,2,12,0
8029913,1,1,1,1,1,0,133,2,12,0
8029990,0,0,1,1,0,0,133,2,12,0
8030206,1,0,0,1,1,0,133,2,12,0
8031210,1,1,0,0,0,0,133,2,12,0
8032188,1,0,0,1,1,0,133,2,12,0
8032634,1,0,1,0,0,0,133,2,12,0
8033400,1,0,0,1,1,0,133,2,12,0
8033436,1,0,0,1,1,0,133,2,12,0
8033931,0,1,0,1,0,0,133,2,12,0
8034786,0,1,0,1,0,0,133,2,12,0
8035058,1,1,0,0,0,0,133,2,12,0
8035383,1,0,1,0,0,0,133,2,12,0
8036004,0,1,1,0,1,0,133,2,12,0
8036082,1,1,1,1,1,0,133,2,12,0
8036629,1,1,1,1,1,0,133,2,12,0
8036777,1,0,1,0,0,0,133,2,12,0
8038193,1,1,1,1,1,0,133,2,12,0
8038995,1,0,1,0,0,0,133,2,12,0
8039150,0,0,0,0,1,0,133,2,12,0
8039320,0,0,1,1,0,0,133,2,12,0
8040495,0,1,1,0,1,0,133,2,12,0
8040703,0,0,0,0,1,0,133,2,12,0
8041054,1,1,1,1,1,0,133,2,12,0
8041717,1,0,1,0,0,0,133,2,12,0
8041901,1,1,1,1,1,0,133,2,12,0
8043333,0,0,0,0,1,0,133,2,12,0
8043593,0,1,0,1,0,0,133,2,12,0
8044450,1,1,0,0,0,0,133,2,12,0
8044803,0,0,1,1,0,0,133,2,12,0
8044962,1,1,1,1,1,0,133,2,12,0
8045153,1,1,1,1,1,0,133,2,12,0
8045937,1,0,0,1,1,0,133,2,12,0
8046143,0,1,0,1,0,0,133,2,12,0
8046803,1,1,0,0,0,0,133,2,12,0
8046870,0,1,0,1,0,0,133,2,12,0
8047686,0,0,1,1,0,0,133,2,12,0
8048305,1,1,1,1,1,0,133,2,12,0
8049141,0,1,1,0,1,0,133,2,12,0
8049373,1,1,0,0,0,0,133,2,12,0
8049916,1,1,0,0,0,0,133,2,12,0
8052032,1,0,0,1,1,0,133,2,12,0
8052587,1,1,0,0,0,0,133,2,12,0
8052602,1,0,0,1,1,0,133,2,12,0
8053056,1,1,1,1,1,0,133,2,12,0
8053603,0,0,1,1,0,0,133,2,12,0
8054389,1,0,0,1,1,0,133,2,12,0
8054576,1,1,0,0,0,0,133,2,12,0
8056056,0,0,1,1,0,0,133,2,12,0
8056146,0,1,0,1,0,0,133,2,12,0
8056208,1,1,1,1,1,0,133,2,12,0
8056425,0,1,1,0,1,0,133,2,12,0
8057291,1,0,1,0,0,0,133,2,12,0
8057742,0,0,0,0,1,0,133,2,12,0
8058838,1,0,0,1,1,0,133,2,12,0
8059161,0,1,0,1,0,0,133,2,12,0
8059266,0,0,0,0,1,0,133,2,12,0
8059685,1,1,1,1,1,0,133,2,12,0
8060507,1,0,0,1,1,0,133,2,12,0
8063322,0,1,0,1,0,0,21,2,12,0
8068572,1,0,0,1,1,0,21,2,12,0
8075153,0,0,0,0,1,0,21,2,12,0
8091153,0,0,0,0,1,0,21,2,12,0
8095035,0,1,0,1,0,0,21,2,12,0
8097743,1,1,1,1,1,0,21,2,12,0
8098055,1,1,1,1,1,0,21,2,12,0
8098169,0,1,1,0,1,0,21,2,12,0
8100163,0,0,0,1,1,1,21,2,12,0
8100538,0,1,0,1,0,0,21,2,12,0
8111487,0,0,1,1,0,0,21,2,12,0
8111564,1,1,0,0,0,0,21,2,12,0
8113715,0,0,1,1,0,0,21,2,12,0
8116297,1,0,0,1,1,0,21,2,12,0
8119874,0,1,1,0,1,0,21,2,12,0
8122756,0,1,0,1,0,0,21,2,12,0
8123447,0,1,1,0,1,0,21,2,12,0
8124430,0,0,0,0,1,0,21,2,12,0
8127277,0,1,0,1,0,0,94,2,12,0
8128369,0,1,0,1,0,0,94,2,12,0
8130737,1,0,0,1,1,0,94,2,12,0
8131025,0,1,0,1,0,0,94,2,12,0
8131381,1,0,1,0,0,0,94,2,12,0
8134039,0,0,1,1,0,0,94,2,12,0
8134465,0,1,0,1,0,0,94,2,12,0
8135665,0,1,0,1,0,0,94,2,12,0
8136037,1,1,0,0,0,0,94,2,12,0
8136344,1,1,1,1,1,0,94,2,12,0
8138087,1,0,1,0,0,0,94,2,12,0
8138882,0,0,0,0,1,0,94,2,12,0
8140632,1,1,1,1,1,0,94,2,12,0
8141082,0,1,0,1,0,0,94,2,12,0
8141691,0,0,1,1,0,0,94,2,12,0
8142847,0,1,0,1,0,0,94,2,12,0
8143423,0,1,1,1,1,1,94,2,12,0
8145512,0,1,1,0,1,0,94,2,12,0
8145715,1,0,0,1,1,0,94,2,12,0
8146015,0,0,0,0,1,0,94,2,12,0
8148783,1,0,0,1,1,0,94,2,12,0
8149401,0,0,1,1,0,0,94,2,12,0
8149562,0,0,1,1,0,0,94,2,12,0
8149725,0,0,0,0,1,0,94,2,12,0
8149922,0,0,1,1,0,0,94,2,12,0
8150087,1,1,1,1,1,0,94,2,12,0
8150165,1,1,0,0,0,0,94,2,12,0
8150883,0,1,0,1,0,0,94,2,12,0
8150992,0,0,1,1,0,0,94,2,12,0
8151170,1,1,1,1,1,0,94,2,12,0
8151209,1,0,0,1,1,0,94,2,12,0
8152743,1,0,1,0,0,0,94,2,12,0
8153645,1,1,1,1,1,0,94,2,12,0
8153847,0,0,0,0,1,0,94,2,12,0
8153967,1,1,1,1,1,0,94,2,12,0
8154788,0,1,0,1,0,0,94,2,12,0
8155183,1,1,0,0,0,0,94,2,12,0
8155200,1,0,1,0,0,0,94,2,12,0
8155663,1,1,0,0,0,0,94,2,12,0
8157029,0,1,1,1,1,1,94,2,12,0
8157655,1,1,0,0,0,0,94,2,12,0
8160820,1,0,0,1,1,0,94,2,12,0
8161901,0,1,1,0,1,0,94,2,12,0
8161994,1,0,0,1,1,0,94,2,12,0
8163571,1,1,0,0,0,0,94,2,12,0
8164145,0,0,1,1,0,0,94,2,12,0
8164774,0,0,1,1,0,0,94,2,12,0
8165567,0,1,0,1,0,0,94,2,12,0
8166031,0,0,1,1,0,0,94,2,12,0
8166501,1,1,0,0,0,0,94,2,12,0
8167276,0,1,1,0,1,0,94,2,12,0
8167495,1,1,1,1,1,0,94,2,12,0
8168188,1,1,0,0,0,0,94,2,12,0
8168861,1,1,1,1,1,0,94,2,12,0
8169461,1,0,0,0,1,1,94,2,12,0
8169596,1,0,0,1,1,0,94,2,12,0
8170074,1,1,1,1,1,0,94,2,12,0
8170161,0,0,1,1,0,0,94,2,12,0
8172617,0,1,1,0,1,0,94,2,12,0
8172923,0,1,0,1,0,0,94,2,12,0
8173056,0,1,0,1,0,0,94,2,12,0
8173548,1,0,0,0,1,1,94,2,12,0
8175435,1,0,0,1,1,0,94,2,12,0
8175973,1,1,1,1,1,0,94,2,12,0
8176906,1,1,0,0,0,0,94,2,12,0
8178329,1,1,0,0,0,0,94,2,12,0
8179677,1,1,1,1,1,0,94,2,12,0
8179720,0,1,1,1,1,1,94,2,12,0
8180870,0,0,0,0,1,0,94,2,12,0
8181371,1,1,1,1,1,0,94,2,12,0
8181850,1,1,1,1,1,0,94,2,12,0
8183719,0,0,0,0,1,0,94,2,12,0
8184134,1,1,0,0,0,0,94,2,12,0
8185575,0,0,0,0,1,0,94,2,12,0
8185608,1,0,1,0,0,0,94,2,12,0
8185791,1,1,1,1,1,0,94,2,12,0
8186350,1,0,0,1,1,0,94,2,12,0
8186618,0,0,0,0,1,0,94,2,12,0
8186678,0,1,1,0,1,0,94,2,12,0
8186957,0,0,0,0,1,0,94,2,12,0
8188542,1,0,1,0,0,0,94,2,12,0
8191070,0,0,1,1,0,0,94,2,12,0
8191704,1,0,1,0,0,0,94,2,12,0
8191936,0,1,0,1,0,0,94,2,12,0
8191994,0,1,0,0,0,0,94,2,12,0
8193123,0,1,1,0,1,0,32,2,12,0
8195408,0,1,0,1,0,0,32,2,12,0
8197350,0,0,1,1,0,0,32,2,12,0
8199842,0,1,1,0,1,0,32,2,12,0
8203790,1,0,0,1,1,0,32,2,12,0
8205896,1,1,0,0,0,0,32,2,12,0
8206866,0,0,1,1,0,0,32,2,12,0
8211815,1,1,0,0,0,0,32,2,12,0
8212575,1,0,1,0,0,0,32,2,12,0
8217487,0,0,1,1,0,0,32,2,12,0
8219840,1,0,1,0,0,0,32,2,12,0
8226704,0,0,0,0,1,0,32,2,12,0
8229566,1,0,1,1,0,0,32,2,12,0
8229686,1,0,0,1,1,0,32,2,12,0
8230422,1,1,0,0,0,0,32,2,12,0
8232524,1,0,0,1,1,0,32,2,12,0
8237478,0,1,1,0,1,0,32,2,12,0
8238492,0,0,1,1,0,0,32,2,12,0
8243216,1,1,0,0,0,0,32,2,12,0
8243467,1,1,1,1,1,0,32,2,12,0
8243937,0,1,1,0,1,0,32,2,12,0
8248693,1,0,0,1,1,0,32,2,12,0
8249968,0,0,1,1,0,0,32,2,12,0
8251723,0,1,0,1,0,0,32,2,12,0
8253930,0,0,0,0,1,0,32,2,12,0
8258190,0,1,1,1,1,1,7,2,12,0
8259367,1,0,0,1,1,0,7,2,12,0
8263976,1,0,0,1,1,0,7,2,12,0
8274485,0,1,1,0,1,0,7,2,12,0
8282628,1,1,0,0,0,0,7,2,12,0
8284334,1,0,1,0,0,0,7,2,12,0
8298604,0,1,1,0,1,0,7,2,12,0
8302577,0,0,0,0,1,0,7,2,12,0
8348431,1,0,0,1,1,0,7,2,12,0
8349916,1,0,1,1,0,0,7,2,12,0
8352101,0,0,0,0,1,0,7,2,12,0
8353129,0,0,0,0,1,0,7,2,12,0
8361612,0,0,0,0,1,0,7,2,12,0
8363629,1,1,0,0,0,0,7,2,12,0
8388723,1,0,1,0,0,0,184,2,12,0
8389258,0,0,0,0,1,0,184,2,12,0
8389498,0,1,1,0,1,0,184,2,12,0
8390323,1,0,1,0,0,0,184,2,12,0
8390443,1,0,0,1,1,0,184,2,12,0
8390491,0,0,1,1,0,0,184,2,12,0
8391627,0,0,1,1,0,0,184,2,12,0
8392031,1,0,1,0,0,0,184,2,12,0
8392662,1,0,1,0,0,0,184,2,12,0
8393278,0,1,0,1,0,0,184,2,12,0
8393448,0,0,1,1,0,0,184,2,12,0
8394339,0,1,1,0,1,0,184,2,12,0
8396291,0,0,1,1,0,0,184,2,12,0
8396520,0,1,1,0,1,0,184,2,12,0
8396572,0,1,0,1,0,0,184,2,12,0
8397425,1,1,1,1,1,0,184,2,12,0
8397436,1,1,0,0,0,0,184,2,12,0
8398104,0,1,0,1,0,0,184,2,12,0
8398165,1,0,0,1,1,0,184,2,12,0
8398343,1,0,1,0,0,0,184,2,12,0
8398548,1,1,1,1,1,0,184,2,12,0
8398788,0,1,1,0,1,0,184,2,12,0
8398806,1,1,0,0,0,0,184,2,12,0
8400886,0,0,1,1,0,0,184,2,12,0
8401110,0,1,0,1,0,0,184,2,12,0
8402382,1,0,1,0,0,0,184,2,12,0
8402385,0,1,0,1,0,0,184,2,12,0
8403521,1,0,0,1,1,0,184,2,12,0
8403806,0,0,1,1,0,0,184,2,12,0
8404113,0,0,0,1,1,1,184,2,12,0
8404415,1,0,0,1,1,0,184,2,12,0
8405425,1,1,0,0,0,0,184,2,12,0
8405795,1,1,1,1,1,0,184,2,12,0
8405961,0,1,0,1,0,0,184,2,12,0
8406007,1,1,1,1,1,0,184,2,12,0
8406347,0,1,1,0,1,0,184,2,12,0
8406792,0,1,1,0,1,0,184,2,12,0
8406866,1,1,1,1,1,0,184,2,12,0
8407993,0,0,1,1,0,0,184,2,12,0
8408225,0,0,1,0,0,0,184,2,12,0
8408684,1,1,0,0,0,0,184,2,12,0
8408755,1,1,0,0,0,0,184,2,12,0
8409003,1,1,0,0,0,0,184,2,12,0
8409106,1,0,1,0,0,0,184,2,12,0
8409292,0,1,1,0,1,0,184,2,12,0
8409494,0,1,0,1,0,0,184,2,12,0
8410630,1,1,1,1,1,0,184,2,12,0
8410709,1,0,0,1,1,0,184,2,12,0
8410883,1,0,1,0,0,0,184,2,12,0
8410948,0,1,1,0,1,0,184,2,12,0
8411444,1,0,1,0,0,0,184,2,12,0
8412057,1,0,0,1,1,0,184,2,12,0
8412407,0,0,0,0,1,0,184,2,12,0
8412758,0,0,1,1,0,0,184,2,12,0
8413969,1,0,0,1,1,0,184,2,12,0
8413982,0,1,1,0,1,0,184,2,12,0
8414278,0,0,0,0,1,0,184,2,12,0
8414348,1,1,0,0,0,0,184,2,12,0
8414441,1,0,1,0,0,0,184,2,12,0
8414545,1,0,0,1,1,0,184,2,12,0
8414756,0,1,1,0,1,0,184,2,12,0
8414835,0,0,1,1,0,0,184,2,12,0
8415332,1,0,0,1,1,0,184,2,12,0
8415543,1,1,1,1,1,0,184,2,12,0
8415730,1,1,0,0,0,0,184,2,12,0
8415761,0,0,1,1,0,0,184,2,12,0
8415845,1,0,1,0,0,0,184,2,12,0
8416302,1,0,0,1,1,0,184,2,12,0
8416766,0,0,1,1,0,0,184,2,12,0
8418733,1,1,1,1,1,0,184,2,12,0
8418802,1,1,0,0,0,0,184,2,12,0
8419409,1,0,1,0,0,0,184,2,12,0
8419410,0,0,0,0,1,0,184,2,12,0
8419626,0,1,0,1,0,0,184,2,12,0
8419886,1,0,1,0,0,0,184,2,12,0
8419894,0,1,0,1,0,0,184,2,12,0
8419949,1,1,1,1,1,0,184,2,12,0
8419968,0,0,0,0,1,0,184,2,12,0
8420349,1,0,1,0,0,0,184,2,12,0
8421157,1,0,1,0,0,0,184,2,12,0
8421297,1,0,1,1,0,0,184,2,12,0
8421392,1,1,0,1,0,0,184,2,12,0
8423218,0,0,0,0,1,0,184,2,12,0
8423733,1,1,1,1,1,0,184,2,12,0
8424759,1,0,0,1,1,0,184,2,12,0
8424842,1,0,1,0,0,0,184,2,12,0
8425831,0,1,1,0,1,0,184,2,12,0
8425835,1,1,0,0,0,0,184,2,12,0
8426661,1,1,1,1,1,0,184,2,12,0
8426896,0,1,1,0,1,0,184,2,12,0
8426932,0,1,1,0,1,0,184,2,12,0
8427397,1,0,1,0,0,0,184,2,12,0
8427841,0,1,0,1,0,0,184,2,12,0
8428061,0,0,1,0,0,0,184,2,12,0
8428821,1,0,0,1,1,0,184,2,12,0
8429310,1,0,1,0,0,0,184,2,12,0
8430092,0,0,0,0,1,0,184,2,12,0
8430644,1,1,0,0,0,0,184,2,12,0
8430691,0,0,1,1,0,0,184,2,12,0
8431419,0,1,0,1,0,0,184,2,12,0
8431455,0,0,0,0,1,0,184,2,12,0
8431971,0,1,1,0,1,0,184,2,12,0
8432188,0,0,0,0,1,0,184,2,12,0
8432236,1,1,1,1,1,0,184,2,12,0
8432427,0,0,1,1,0,0,184,2,12,0
8432455,1,1,1,1,1,0,184,2,12,0
8432599,0,0,0,0,1,0,184,2,12,0
8433551,0,0,1,1,0,0,184,2,12,0
8434223,0,1,1,0,1,0,184,2,12,0
8435114,0,1,1,0,1,0,184,2,12,0
8435124,1,0,0,1,1,0,184,2,12,0
8435949,1,1,1,1,1,0,184,2,12,0
8436028,0,0,1,1,0,0,184,2,12,0
8436214,0,0,1,1,0,0,184,2,12,0
8436225,0,1,0,1,0,0,184,2,12,0
8436260,0,0,0,0,1,0,184,2,12,0
8436669,0,1,0,1,0,0,184,2,12,0
8436810,0,1,1,0,1,0,184,2,12,0
8436883,0,0,1,1,0,0,184,2,12,0
8437442,0,0,0,0,1,0,184,2,12,0
8437483,1,1,0,0,0,0,184,2,12,0
8437517,1,1,0,0,0,0,184,2,12,0
8437589,1,0,1,0,0,0,184,2,12,0
8437705,1,0,1,0,0,0,184,2,12,0
8437831,0,1,0,1,0,0,184,2,12,0
8438928,1,1,0,0,0,0,184,2,12,0
8439042,1,1,1,1,1,0,184,2,12,0
8439089,0,1,0,1,0,0,184,2,12,0
8440139,0,0,1,1,0,0,184,2,12,0
8440307,1,1,0,0,0,0,184,2,12,0
8441037,0,1,0,1,0,0,184,2,12,0
8442400,1,0,0,1,1,0,184,2,12,0
8442797,0,0,1,1,0,0,184,2,12,0
8442837,1,1,0,0,0,0,184,2,12,0
8442880,0,1,1,0,1,0,184,2,12,0
8444045,0,0,0,0,1,0,184,2,12,0
8444964,1,0,0,1,1,0,184,2,12,0
8445041,1,0,1,0,0,0,184,2,12,0
8447141,0,0,1,1,0,0,184,2,12,0
8447608,1,1,1,1,1,0,184,2,12,0
8448117,0,0,1,1,0,0,184,2,12,0
8448213,0,1,1,0,1,0,184,2,12,0
8448238,0,0,1,1,0,0,184,2,12,0
8448242,0,0,0,0,1,0,184,2,12,0
8448787,1,1,0,0,0,0,184,2,12,0
8449336,0,0,1,1,0,0,184,2,12,0
8449472,0,1,0,1,0,0,184,2,12,0
8449770,1,0,0,1,1,0,184,2,12,0
8450417,1,1,1,1,1,0,184,2,12,0
8450790,0,0,0,1,1,1,184,2,12,0
8451502,1,1,0,0,0,0,184,2,12,0
8452255,0,1,1,0,1,0,184,2,12,0
8453510,0,0,0,0,1,0,184,2,12,0
8454037,1,0,0,1,1,0,184,2,12,0
8454521,1,0,0,1,1,0,141,2,12,0
8454660,1,1,0,0,0,0,141,2,12,0
8455180,1,1,1,1,1,0,141,2,12,0
8456720,0,0,0,0,1,0,141,2,12,0
8456992,0,1,1,0,1,0,141,2,12,0
8457651,1,1,1,1,1,0,141,2,12,0
8457853,0,0,0,0,1,0,141,2,12,0
8458492,0,0,1,1,0,0,141,2,12,0
8459362,0,0,1,1,0,0,141,2,12,0
8459486,1,0,1,0,0,0,141,2,12,0
8459769,1,1,1,1,1,0,141,2,12,0
8459975,0,1,1,0,1,0,141,2,12,0
8461119,1,1,1,1,1,0,141,2,12,0
8461208,0,1,1,0,1,0,141,2,12,0
8461238,0,1,1,0,1,0,141,2,12,0
8462633,0,0,0,0,1,0,141,2,12,0
8463875,1,0,1,0,0,0,141,2,12,0
8464065,0,0,0,0,1,0,141,2,12,0
8464067,0,1,0,1,0,0,141,2,12,0
8464518,1,0,0,1,1,0,141,2,12,0
8464658,0,0,0,0,1,0,141,2,12,0
8465605,1,1,0,0,0,0,141,2,12,0
8466212,0,0,1,1,0,0,141,2,12,0
8467805,1,0,1,0,0,0,141,2,12,0
8467922,1,0,1,0,0,0,141,2,12,0
8468008,1,0,1,1,0,0,141,2,12,0
8468039,1,0,1,0,0,0,141,2,12,0
8468647,0,0,1,1,0,0,141,2,12,0
8469804,1,0,1,0,0,0,141,2,12,0
8471637,0,1,1,0,1,0,141,2,12,0
8471837,0,1,0,1,0,0,141,2,12,0
8472916,1,1,0,0,0,0,141,2,12,0
8473307,1,0,0,1,1,0,141,2,12,0
8474104,0,0,1,1,0,0,141,2,12,0
8475406,0,1,1,1,1,1,141,2,12,0
8476093,0,0,1,1,0,0,141,2,12,0
8476412,0,0,1,1,0,0,141,2,12,0
8476799,0,1,1,0,1,0,141,2,12,0
8477892,1,1,0,0,0,0,141,2,12,0
8478141,0,1,1,0,1,0,141,2,12,0
8478290,1,1,1,1,1,0,141,2,12,0
8478551,1,0,0,1,1,0,141,2,12,0
8479599,1,1,0,0,0,0,141,2,12,0
8480027,0,1,1,0,1,0,141,2,12,0
8480083,0,0,0,0,1,0,141,2,12,0
8480279,1,0,1,0,0,0,141,2,12,0
8480824,0,0,0,0,1,0,141,2,12,0
8481405,0,0,0,0,1,0,141,2,12,0
8481935,0,0,1,1,0,0,141,2,12,0
8482326,0,1,0,1,0,0,141,2,12,0
8482482,0,0,0,0,1,0,141,2,12,0
8483352,1,1,1,1,1,0,141,2,12,0
8484675,1,1,0,0,0,0,141,2,12,0
8485306,1,0,0,1,1,0,141,2,12,0
8486722,0,0,0,0,1,0,141,2,12,0
8486924,1,0,1,0,0,0,141,2,12,0
8487042,0,1,1,0,1,0,141,2,12,0
8487227,1,1,0,0,0,0,141,2,12,0
8488112,0,0,1,1,0,0,141,2,12,0
8488113,1,0,1,0,0,0,141,2,12,0
8488484,0,0,0,1,1,1,141,2,12,0
8488646,0,0,0,0,1,0,141,2,12,0
8488845,0,0,1,1,0,0,141,2,12,0
8489602,0,0,1,1,0,0,141,2,12,0
8489883,0,0,1,1,0,0,141,2,12,0
8490245,1,0,0,1,1,0,141,2,12,0
8490302,0,0,1,1,0,0,141,2,12,0
8492361,1,1,1,1,1,0,141,2,12,0
8492469,1,0,1,0,0,0,141,2,12,0
8493322,1,1,1,1,1,0,141,2,12,0
8493436,1,1,1,1,1,0,141,2,12,0
8493841,0,0,0,0,1,0,141,2,12,0
8494596,1,1,1,1,1,0,141,2,12,0
8495327,0,0,0,0,1,0,141,2,12,0
8495496,0,0,1,1,0,0,141,2,12,0
8496366,1,0,0,1,1,0,141,2,12,0
8496464,0,1,1,0,1,0,141,2,12,0
8496911,1,1,1,1,1,0,141,2,12,0
8497957,0,1,0,1,0,0,141,2,12,0
8498771,0,1,0,1,0,0,141,2,12,0
8499353,1,0,0,1,1,0,141,2,12,0
8499466,1,1,1,1,1,0,141,2,12,0
8499978,0,1,1,0,1,0,141,2,12,0
8500500,1,0,1,0,0,0,141,2,12,0
8500793,1,0,0,1,1,0,141,2,12,0
8500873,0,1,1,0,1,0,141,2,12,0
8500889,0,1,1,0,1,0,141,2,12,0
8501313,0,1,1,0,1,0,141,2,12,0
8502815,0,0,1,1,0,0,141,2,12,0
8504215,1,1,0,0,0,0,141,2,12,0
8504219,1,0,1,0,0,0,141,2,12,0
8505644,0,1,1,0,1,0,141,2,12,0
8508101,0,1,0,1,0,0,141,2,12,0
8508127,1,1,0,0,0,0,141,2,12,0
8508544,1,0,1,0,0,0,141,2,12,0
8509718,1,1,1,1,1,0,141,2,12,0
8509771,1,0,1,0,0,0,141,2,12,0
8510215,0,0,0,0,1,0,141,2,12,0
8510322,0,1,1,0,1,0,141,2,12,0
8510407,1,0,1,0,0,0,141,2,12,0
8510488,0,0,1,1,0,0,141,2,12,0
8510663,1,1,1,1,1,0,141,2,12,0
8510859,1,0,1,0,0,0,141,2,12,0
8511070,0,1,0,1,0,0,141,2,12,0
8511421,0,1,0,1,0,0,141,2,12,0
8512142,1,1,0,0,0,0,141,2,12,0
8513082,0,0,0,0,1,0,141,2,12,0
8514294,0,1,0,1,0,0,141,2,12,0
8515721,0,1,0,1,0,0,141,2,12,0
8516497,0,1,1,0,1,0,141,2,12,0
8516937,1,1,0,0,0,0,141,2,12,0
8517265,1,1,1,1,1,0,141,2,12,0
8518107,1,1,0,0,0,0,141,2,12,0
8519079,1,0,1,0,0,0,141,2,12,0
8590578,0,0,1,1,0,0,27,2,12,0
8593729,1,1,1,1,1,0,27,2,12,0
8595820,0,1,1,0,1,0,27,2,12,0
8606980,0,0,1,1,0,0,27,2,12,0
8607255,0,0,0,0,1,0,27,2,12,0
8607990,0,1,0,1,0,0,27,2,12,0
8608326,0,0,0,0,1,0,27,2,12,0
8608358,0,0,0,0,1,0,27,2,12,0
8618557,0,0,1,1,0,0,27,2,12,0
8618590,0,0,1,1,0,0,27,2,12,0
8619909,1,1,1,1,1,0,27,2,12,0
8620596,0,0,0,0,1,0,27,2,12,0
8623809,1,0,1,0,0,0,27,2,12,0
8624272,0,1,1,0,1,0,27,2,12,0
8632464,1,1,1,1,1,0,27,2,12,0
8632519,0,0,0,0,1,0,27,2,12,0
8635599,1,0,1,0,0,0,27,2,12,0
8636399,1,0,1,0,0,0,27,2,12,0
8638415,0,1,1,0,1,0,27,2,12,0
8638872,1,1,1,1,1,0,27,2,12,0
8639171,1,1,0,0,0,0,27,2,12,0
8641712,0,0,1,1,0,0,27,2,12,0
8645638,1,1,1,1,1,0,27,2,12,0
8653313,1,1,1,0,1,1,1,2,12,0
8663390,1,1,1,0,1,1,1,2,12,0
8717611,0,1,0,1,0,0,33,2,12,0
8718320,0,1,1,0,1,0,33,2,12,0
8719419,1,1,1,1,1,0,33,2,12,0
8722036,1,1,1,1,1,0,33,2,12,0
8727289,1,1,0,0,0,0,33,2,12,0
8730224,1,0,0,1,1,0,33,2,12,0
8730671,1,0,0,1,1,0,33,2,12,0
8731540,1,1,0,0,0,0,33,2,12,0
8732108,0,1,1,0,1,0,33,2,12,0
8733738,0,1,1,0,1,0,33,2,12,0
8734511,0,1,0,1,0,0,33,2,12,0
8734840,0,0,1,1,0,0,33,2,12,0
8736706,0,0,1,1,0,0,33,2,12,0
8740939,1,1,1,1,1,0,33,2,12,0
8743823,0,1,1,0,1,0,33,2,12,0
8751099,0,1,0,1,0,0,33,2,12,0
8753553,1,1,0,0,0,0,33,2,12,0
8753588,1,1,0,0,0,0,33,2,12,0
8755628,0,1,0,1,0,0,33,2,12,0
8755743,1,1,0,0,0,0,33,2,12,0
8758468,0,1,1,0,1,0,33,2,12,0
8759383,0,1,0,1,0,0,33,2,12,0
8759432,0,1,0,1,0,0,33,2,12,0
8759448,0,0,1,0,0,0,33,2,12,0
8760893,0,1,0,1,0,0,33,2,12,0
8762345,0,1,1,0,1,0,33,2,12,0
8764324,1,1,0,0,0,0,33,2,12,0
8766878,1,0,1,0,0,0,33,2,12,0
8770222,1,1,0,0,0,0,33,2,12,0
8771516,1,1,0,0,0,0,33,2,12,0
8774081,1,0,1,0,0,0,33,2,12,0
8774129,1,0,0,1,1,0,33,2,12,0
8780730,1,0,1,0,0,0,33,2,12,0
8796478,1,0,0,1,1,0,3,2,12,0
8815900,0,0,0,1,1,1,3,2,12,0
8870576,1,0,1,1,0,0,0,2,12,0
8913692,0,0,1,1,0,0,146,2,12,0
8913707,1,0,1,0,0,0,146,2,12,0
8913818,1,0,0,1,1,0,146,2,12,0
8914228,0,1,0,0,0,0,146,2,12,0
8914296,0,0,0,0,1,0,146,2,12,0
8915456,1,1,1,1,1,0,146,2,12,0
8915460,1,0,0,1,1,0,146,2,12,0
8916056,1,0,0,1,1,0,146,2,12,0
8916346,0,0,1,1,0,0,146,2,12,0
8918490,0,1,1,0,1,0,146,2,12,0
8918641,1,1,1,1,1,0,146,2,12,0
8918791,0,0,1,1,0,0,146,2,12,0
8919132,1,0,0,1,1,0,146,2,12,0
8920088,1,0,0,1,1,0,146,2,12,0
8920262,1,0,0,1,1,0,146,2,12,0
8920270,1,1,1,1,1,0,146,2,12,0
8920650,1,0,0,1,1,0,146,2,12,0
8920679,0,0,1,1,0,0,146,2,12,0
8921264,0,0,1,1,0,0,146,2,12,0
8922069,0,0,0,0,1,0,146,2,12,0
8923613,1,1,1,1,1,0,146,2,12,0
8923789,1,1,0,1,0,0,146,2,12,0
8924998,1,1,1,1,1,0,146,2,12,0
8925000,1,1,0,0,0,0,146,2,12,0
8925242,1,1,0,0,0,0,146,2,12,0
8925473,0,1,1,0,1,0,146,2,12,0
8925611,0,1,1,0,1,0,146,2,12,0
8926209,1,1,0,0,0,0,146,2,12,0
8926260,1,1,1,1,1,0,146,2,12,0
8926679,1,1,0,0,0,0,146,2,12,0
8927325,0,1,1,0,1,0,146,2,12,0
8927397,1,0,0,1,1,0,146,2,12,0
8928109,1,0,0,1,1,0,146,2,12,0
8928272,1,1,1,1,1,0,146,2,12,0
8928708,0,1,1,0,1,0,146,2,12,0
8929239,1,1,1,0,1,1,146,2,12,0
8930190,1,1,0,0,0,0,146,2,12,0
8930330,1,0,0,1,1,0,146,2,12,0
8930464,1,0,1,0,0,0,146,2,12,0
8930909,1,0,1,0,0,0,146,2,12,0
8931045,1,0,0,0,1,1,146,2,12,0
8932196,0,1,0,1,0,0,146,2,12,0
8932487,1,1,1,1,1,0,146,2,12,0
8933622,1,1,1,1,1,0,146,2,12,0
8934466,1,0,1,0,0,0,146,2,12,0
8935086,0,1,0,1,0,0,146,2,12,0
8935346,1,1,1,1,1,0,146,2,12,0
8935626,0,1,1,0,1,0,146,2,12,0
8935901,0,0,1,1,0,0,146,2,12,0
8936547,1,0,0,1,1,0,146,2,12,0
8937013,1,0,0,1,1,0,146,2,12,0
8937916,1,0,1,0,0,0,146,2,12,0
8938599,0,1,1,0,1,0,146,2,12,0
8938672,0,1,1,0,1,0,146,2,12,0
8938802,0,0,0,0,1,0,146,2,12,0
8938915,1,1,1,1,1,0,146,2,12,0
8939934,1,0,0,1,1,0,146,2,12,0
8940399,0,1,1,0,1,0,146,2,12,0
8940866,1,0,0,1,1,0,146,2,12,0
8940907,1,0,0,1,1,0,146,2,12,0
8940956,1,1,1,1,1,0,146,2,12,0
8942113,0,0,0,0,1,0,146,2,12,0
8942340,1,1,1,1,1,0,146,2,12,0
8942400,0,1,0,1,0,0,146,2,12,0
8944000,0,0,0,0,1,0,146,2,12,0
8945044,1,0,0,1,1,0,146,2,12,0
8945184,0,0,1,0,0,0,146,2,12,0
8945545,0,1,0,1,0,0,146,2,12,0
8945929,1,0,0,1,1,0,146,2,12,0
8946161,1,1,1,1,1,0,146,2,12,0
8946271,0,0,0,0,1,0,146,2,12,0
8946634,1,0,1,0,0,0,146,2,12,0
8946641,0,0,1,1,0,0,146,2,12,0
8947746,0,1,0,1,0,0,146,2,12,0
8948397,0,1,1,0,1,0,146,2,12,0
8948412,0,1,0,1,0,0,146,2,12,0
8948541,0,0,1,1,0,0,146,2,12,0
8948692,0,1,1,0,1,0,146,2,12,0
8950516,1,0,0,1,1,0,146,2,12,0
8950799,0,0,0,0,1,0,146,2,12,0
8951330,0,0,0,0,1,0,146,2,12,0
8951748,0,0,1,1,0,0,146,2,12,0
8952504,1,0,1,0,0,0,146,2,12,0
8953439,0,0,0,0,1,0,146,2,12,0
8954428,1,1,1,1,1,0,146,2,12,0
8954534,1,0,0,1,1,0,146,2,12,0
8954595,1,0,0,1,1,0,146,2,12,0
8955514,0,1,0,1,0,0,146,2,12,0
8955946,0,0,1,1,0,0,146,2,12,0
8956012,0,1,0,1,0,0,146,2,12,0
8956206,0,0,0,0,1,0,146,2,12,0
8956335,0,1,1,0,1,0,146,2,12,0
8957035,0,1,0,1,0,0,146,2,12,0
8957657,1,1,0,0,0,0,146,2,12,0
8957899,0,1,0,1,0,0,146,2,12,0
8958325,0,0,1,0,0,0,146,2,12,0
8958648,0,1,1,0,1,0,146,2,12,0
8959709,0,1,0,1,0,0,146,2,12,0
8959970,0,0,1,0,0,0,146,2,12,0
8960521,0,0,1,0,0,0,146,2,12,0
8960717,0,0,0,0,1,0,146,2,12,0
8960791,0,0,1,1,0,0,146,2,12,0
8962250,1,1,0,0,0,0,146,2,12,0
8962651,0,0,1,1,0,0,146,2,12,0
8962886,1,1,1,1,1,0,146,2,12,0
8963974,0,0,1,1,0,0,146,2,12,0
8964148,0,0,1,1,0,0,146,2,12,0
8965214,1,1,1,1,1,0,146,2,12,0
8965384,0,1,0,1,0,0,146,2,12,0
8966092,0,1,0,0,0,0,146,2,12,0
8966394,0,0,1,1,0,0,146,2,12,0
8968050,0,0,1,1,0,0,146,2,12,0
8968340,0,0,0,0,1,0,146,2,12,0
8968541,1,0,1,0,0,0,146,2,12,0
8970384,0,1,1,0,1,0,146,2,12,0
8970821,1,0,1,0,0,0,146,2,12,0
8971090,1,0,1,0,0,0,146,2,12,0
8971909,0,1,0,1,0,0,146,2,12,0
8972060,0,1,0,1,0,0,146,2,12,0
8972500,1,0,1,0,0,0,146,2,12,0
8972554,1,1,0,0,0,0,146,2,12,0
8973464,0,0,1,1,0,0,146,2,12,0
8973796,0,0,1,1,0,0,146,2,12,0
8973802,1,0,1,0,0,0,146,2,12,0
8974338,1,1,0,0,0,0,146,2,12,0
8974367,0,0,1,1,0,0,146,2,12,0
8974764,1,1,1,1,1,0,146,2,12,0
8975457,1,1,0,0,0,0,146,2,12,0
8975973,0,1,1,0,1,0,146,2,12,0
8976139,1,1,0,0,0,0,146,2,12,0
8976506,0,0,0,0,1,0,146,2,12,0
8976807,1,0,0,1,1,0,146,2,12,0
8977016,0,1,1,0,1,0,146,2,12,0
8977186,0,1,0,1,0,0,146,2,12,0
8977857,1,0,1,0,0,0,146,2,12,0
8983598,1,0,1,0,0,0,10,2,12,0
8985724,0,1,0,1,0,0,10,2,12,0
8999249,1,0,0,1,1,0,10,2,12,0
9012160,0,0,1,1,0,0,10,2,12,0
9018132,1,1,1,1,1,0,10,2,12,0
9018491,1,0,0,1,1,0,10,2,12,0
9026298,1,1,1,1,1,0,10,2,12,0
9028982,0,0,0,0,1,0,10,2,12,0
9031534,1,0,0,1,1,0,10,2,12,0
9044169,0,1,1,0,1,0,255,2,12,0
9044170,0,0,1,1,0,0,255,2,12,0
9044238,0,0,0,0,1,0,255,2,12,0
9044673,1,0,0,1,1,0,255,2,12,0
9044743,1,1,0,0,0,0,255,2,12,0
9044935,1,0,0,1,1,0,255,2,12,0
9045099,1,0,1,0,0,0,255,2,12,0
9045166,1,1,1,1,1,0,255,2,12,0
9045718,1,0,0,1,1,0,255,2,12,0
9045972,0,0,0,0,1,0,255,2,12,0
9046086,0,1,0,1,0,0,255,2,12,0
9046127,1,0,1,0,0,0,255,2,12,0
9046135,1,0,1,0,0,0,255,2,12,0
9046177,1,0,1,0,0,0,255,2,12,0
9046462,0,1,1,0,1,0,255,2,12,0
9046705,0,1,1,0,1,0,255,2,12,0
9047136,0,0,1,0,0,0,255,2,12,0
9047452,1,1,0,0,0,0,255,2,12,0
9047461,1,1,0,0,0,0,255,2,12,0
9047498,0,1,0,1,0,0,255,2,12,0
9047650,0,1,1,0,1,0,255,2,12,0
9047810,1,1,0,0,0,0,255,2,12,0
9047854,0,0,0,0,1,0,255,2,12,0
9048280,1,1,0,0,0,0,255,2,12,0
9048428,0,0,0,0,1,0,255,2,12,0
9048457,0,1,1,0,1,0,255,2,12,0
9048538,0,1,1,0,1,0,255,2,12,0
9048905,1,1,0,0,0,0,255,2,12,0
9049317,1,1,0,0,0,0,255,2,12,0
9049328,1,1,1,1,1,0,255,2,12,0
9049348,0,0,1,1,0,0,255,2,12,0
9049444,1,0,0,1,1,0,255,2,12,0
9049847,1,0,1,0,0,0,255,2,12,0
9050017,0,1,0,1,0,0,255,2,12,0
9050088,0,0,1,1,0,0,255,2,12,0
9050308,0,0,1,1,0,0,255,2,12,0
9050316,0,0,0,0,1,0,255,2,12,0
9050467,0,0,1,1,0,0,255,2,12,0
9050471,1,1,1,1,1,0,255,2,12,0
9050548,1,1,0,0,0,0,255,2,12,0
9050672,0,1,1,0,1,0,255,2,12,0
9051390,0,0,0,0,1,0,255,2,12,0
9051670,1,1,1,1,1,0,255,2,12,0
9051738,1,1,1,1,1,0,255,2,12,0
9051823,0,1,1,0,1,0,255,2,12,0
9051871,1,0,0,1,1,0,255,2,12,0
9052083,0,1,0,1,0,0,255,2,12,0
9052855,1,0,0,1,1,0,255,2,12,0
9053216,0,0,0,0,1,0,255,2,12,0
9053290,0,1,1,0,1,0,255,2,12,0
9053527,0,0,1,1,0,0,255,2,12,0
9053540,0,1,0,1,0,0,255,2,12,0
9054303,0,0,0,0,1,0,255,2,12,0
9054426,0,0,0,0,1,0,255,2,12,0
9054587,0,0,0,0,1,0,255,2,12,0
9054870,1,0,1,0,0,0,255,2,12,0
9055060,1,1,0,0,0,0,255,2,12,0
9055102,0,0,1,1,0,0,255,2,12,0
9055302,0,0,0,0,1,0,255,2,12,0
9055366,0,1,1,0,1,0,255,2,12,0
9055501,0,0,1,1,0,0,255,2,12,0
9055946,1,1,0,0,0,0,255,2,12,0
9056034,1,0,1,0,0,0,255,2,12,0
9056086,0,1,1,0,1,0,255,2,12,0
9056370,1,0,0,1,1,0,255,2,12,0
9056589,0,1,1,0,1,0,255,2,12,0
9057044,1,0,0,1,1,0,255,2,12,0
9057100,1,1,1,1,1,0,255,2,12,0
9057183,1,1,0,0,0,0,255,2,12,0
9057719,1,1,0,0,0,0,255,2,12,0
9057759,1,1,0,0,0,0,255,2,12,0
9057869,0,0,0,0,1,0,255,2,12,0
9058057,0,1,0,1,0,0,255,2,12,0
9058084,1,1,1,1,1,0,255,2,12,0
9058251,0,0,1,1,0,0,255,2,12,0
9058534,0,1,0,1,0,0,255,2,12,0
9058597,1,0,1,0,0,0,255,2,12,0
9058961,0,0,1,1,0,0,255,2,12,0
9059185,0,1,0,1,0,0,255,2,12,0
9059342,0,1,1,0,1,0,255,2,12,0
9059418,1,1,0,1,0,0,255,2,12,0
9059821,1,1,0,0,0,0,255,2,12,0
9059829,1,1,1,1,1,0,255,2,12,0
9059962,1,1,0,0,0,0,255,2,12,0
9059983,1,1,1,1,1,0,255,2,12,0
9060057,0,1,1,0,1,0,255,2,12,0
9060107,0,1,0,1,0,0,255,2,12,0
9060152,1,0,1,0,0,0,255,2,12,0
9060170,0,1,1,0,1,0,255,2,12,0
9060241,1,0,1,0,0,0,255,2,12,0
9060387,1,1,0,0,0,0,255,2,12,0
9060478,0,0,1,1,0,0,255,2,12,0
9060480,1,1,1,1,1,0,255,2,12,0
9060496,1,0,0,0,1,1,255,2,12,0
9060844,1,0,1,0,0,0,255,2,12,0
9061125,1,1,0,0,0,0,255,2,12,0
9061221,0,1,1,0,1,0,255,2,12,0
9061398,1,0,0,1,1,0,255,2,12,0
9061534,0,1,0,1,0,0,255,2,12,0
9061589,1,0,1,0,0,0,255,2,12,0
9061905,0,0,1,1,0,0,255,2,12,0
9061911,1,1,0,0,0,0,255,2,12,0
9061967,0,0,1,1,0,0,255,2,12,0
9062177,0,1,0,1,0,0,255,2,12,0
9062279,1,0,1,0,0,0,255,2,12,0
9062327,1,1,0,0,0,0,255,2,12,0
9062649,0,1,0,1,0,0,255,2,12,0
9062751,0,1,1,0,1,0,255,2,12,0
9062803,0,0,1,1,0,0,255,2,12,0
9062972,1,0,1,0,0,0,255,2,12,0
9063261,0,0,0,1,1,1,255,2,12,0
9063265,1,1,1,1,1,0,255,2,12,0
9063270,0,1,0,1,0,0,255,2,12,0
9063383,1,1,1,1,1,0,255,2,12,0
9063854,1,1,1,1,1,0,255,2,12,0
9063950,0,1,0,1,0,0,255,2,12,0
9063958,0,1,0,1,0,0,255,2,12,0
9063981,0,1,1,0,1,0,255,2,12,0
9064185,1,0,1,0,0,0,255,2,12,0
9064299,1,1,1,1,1,0,255,2,12,0
9064311,1,0,1,0,0,0,255,2,12,0
9064369,0,0,0,0,1,0,255,2,12,0
9064389,1,0,0,1,1,0,255,2,12,0
9064442,1,0,1,0,0,0,255,2,12,0
9064693,0,0,1,1,0,0,255,2,12,0
9065056,0,1,1,0,1,0,255,2,12,0
9065295,0,1,0,1,0,0,255,2,12,0
9065717,0,0,0,0,1,0,255,2,12,0
9066086,1,0,1,0,0,0,255,2,12,0
9066222,1,0,0,1,1,0,255,2,12,0
9066251,0,0,1,1,0,0,255,2,12,0
9066452,1,0,0,1,1,0,255,2,12,0
9066731,0,0,0,0,1,0,255,2,12,0
9066797,1,0,0,1,1,0,255,2,12,0
9066967,0,1,1,0,1,0,255,2,12,0
9067080,0,1,0,1,0,0,255,2,12,0
9067205,1,0,0,1,1,0,255,2,12,0
9067525,0,0,0,0,1,0,255,2,12,0
9067587,1,0,1,0,0,0,255,2,12,0
9067629,0,1,1,0,1,0,255,2,12,0
9067660,0,0,1,1,0,0,255,2,12,0
9068131,0,1,0,1,0,0,255,2,12,0
9068143,1,1,1,1,1,0,255,2,12,0
9068185,0,0,1,1,0,0,255,2,12,0
9068434,0,0,0,0,1,0,255,2,12,0
9068534,1,0,1,0,0,0,255,2,12,0
9068781,1,0,1,0,0,0,255,2,12,0
9068843,1,0,1,0,0,0,255,2,12,0
9069046,0,0,0,0,1,0,255,2,12,0
9069609,0,0,1,1,0,0,255,2,12,0
9069746,1,1,1,1,1,0,255,2,12,0
9070533,1,1,0,0,0,0,255,2,12,0
9070652,0,1,1,0,1,0,255,2,12,0
9070685,0,0,0,0,1,0,255,2,12,0
9070976,0,1,1,0,1,0,255,2,12,0
9071034,1,1,1,1,1,0,255,2,12,0
9071339,0,0,1,1,0,0,255,2,12,0
9071444,1,0,0,1,1,0,255,2,12,0
9071637,0,1,0,1,0,0,255,2,12,0
9071865,1,1,0,0,0,0,255,2,12,0
9072116,1,1,0,0,0,0,255,2,12,0
9072227,1,1,1,1,1,0,255,2,12,0
9072502,1,1,0,0,0,0,255,2,12,0
9072888,1,1,0,0,0,0,255,2,12,0
9073006,0,1,1,0,1,0,255,2,12,0
9073453,1,0,1,0,0,0,255,2,12,0
9073530,1,0,0,1,1,0,255,2,12,0
9073741,0,1,1,0,1,0,255,2,12,0
9073905,1,1,1,1,1,0,255,2,12,0
9073935,1,1,1,0,1,1,255,2,12,0
9074034,0,0,0,0,1,0,255,2,12,0
9074179,0,0,1,1,0,0,255,2,12,0
9074323,0,1,0,1,0,0,255,2,12,0
9074625,0,0,0,0,1,0,255,2,12,0
9074669,1,1,1,1,1,0,255,2,12,0
9074684,0,0,1,1,0,0,255,2,12,0
9074896,1,0,0,1,1,0,255,2,12,0
9074993,0,1,1,0,1,0,255,2,12,0
9075192,1,1,1,1,1,0,255,2,12,0
9075325,0,1,0,1,0,0,255,2,12,0
9075629,1,0,0,1,1,0,255,2,12,0
9075702,0,1,0,1,0,0,255,2,12,0
9075753,0,1,1,0,1,0,255,2,12,0
9075959,0,0,0,0,1,0,255,2,12,0
9076037,1,0,1,0,0,0,255,2,12,0
9076699,0,0,1,1,0,0,255,2,12,0
9076901,1,0,0,1,1,0,255,2,12,0
9077068,1,0,0,0,1,1,255,2,12,0
9077252,1,1,0,0,0,0,255,2,12,0
9077638,1,0,1,0,0,0,255,2,12,0
9077973,1,1,1,1,1,0,255,2,12,0
9078019,0,0,0,0,1,0,255,2,12,0
9078121,0,0,1,1,0,0,255,2,12,0
9078269,1,0,0,1,1,0,255,2,12,0
9078542,0,1,0,1,0,0,255,2,12,0
9078993,1,0,0,1,1,0,255,2,12,0
9079050,1,1,1,1,1,0,255,2,12,0
9079223,1,0,1,0,0,0,255,2,12,0
9079868,1,0,1,0,0,0,255,2,12,0
9080264,0,1,1,0,1,0,255,2,12,0
9080477,1,1,0,0,0,0,255,2,12,0
9080610,1,0,1,0,0,0,255,2,12,0
9080651,1,0,1,0,0,0,255,2,12,0
9081114,0,1,0,1,0,0,255,2,12,0
9081150,1,0,1,0,0,0,255,2,12,0
9081228,0,1,1,0,1,0,255,2,12,0
9081475,1,0,1,0,0,0,255,2,12,0
9081549,1,1,1,1,1,0,255,2,12,0
9081587,0,1,0,1,0,0,255,2,12,0
9081612,0,1,0,1,0,0,255,2,12,0
9081697,0,1,0,1,0,0,255,2,12,0
9081840,0,0,1,1,0,0,255,2,12,0
9082142,0,1,1,0,1,0,255,2,12,0
9082343,1,1,0,0,0,0,255,2,12,0
9082496,0,1,1,0,1,0,255,2,12,0
9082977,1,0,1,0,0,0,255,2,12,0
9083138,1,0,1,0,0,0,255,2,12,0
9083249,0,1,1,0,1,0,255,2,12,0
9083374,1,0,1,0,0,0,255,2,12,0
9083568,0,1,0,1,0,0,255,2,12,0
9083732,0,0,1,1,0,0,255,2,12,0
9084139,0,0,1,1,0,0,255,2,12,0
9084183,1,0,0,1,1,0,255,2,12,0
9084241,1,1,0,0,0,0,255,2,12,0
9084467,0,1,0,1,0,0,255,2,12,0
9085133,1,1,1,1,1,0,255,2,12,0
9085154,0,0,0,0,1,0,255,2,12,0
9085421,1,0,0,1,1,0,255,2,12,0
9085585,0,0,1,1,0,0,255,2,12,0
9085784,1,0,1,0,0,0,255,2,12,0
9085852,0,1,0,1,0,0,255,2,12,0
9085914,1,0,1,0,0,0,255,2,12,0
9086240,0,1,0,1,0,0,255,2,12,0
9086622,0,0,1,1,0,0,255,2,12,0
9086718,0,1,0,1,0,0,255,2,12,0
9086947,0,1,0,1,0,0,255,2,12,0
9087010,1,0,1,0,0,0,255,2,12,0
9087013,1,1,1,1,1,0,255,2,12,0
9087033,0,0,0,0,1,0,255,2,12,0
9087525,0,0,1,1,0,0,255,2,12,0
9087589,0,0,1,1,0,0,255,2,12,0
9087662,0,0,0,0,1,0,255,2,12,0
9087666,0,1,1,0,1,0,255,2,12,0
9087866,1,0,1,0,0,0,255,2,12,0
9088049,0,1,0,1,0,0,255,2,12,0
9088306,1,1,0,0,0,0,255,2,12,0
9088347,0,1,1,0,1,0,255,2,12,0
9088442,1,0,0,1,1,0,255,2,12,0
9088443,1,0,0,1,1,0,255,2,12,0
9088744,0,0,1,1,0,0,255,2,12,0
9089014,1,0,0,0,1,1,255,2,12,0
9089033,1,1,1,1,1,0,255,2,12,0
9089065,1,1,0,0,0,0,255,2,12,0
9089096,1,1,0,0,0,0,255,2,12,0
9089153,0,1,0,1,0,0,255,2,12,0
9089159,1,0,0,1,1,0,255,2,12,0
9089163,0,1,0,1,0,0,255,2,12,0
9089185,0,1,1,0,1,0,255,2,12,0
9089278,1,1,0,0,0,0,255,2,12,0
9089284,0,0,0,0,1,0,255,2,12,0
9089335,1,1,1,1,1,0,255,2,12,0
9089970,0,1,1,0,1,0,255,2,12,0
9090315,1,1,0,0,0,0,255,2,12,0
9090396,1,0,0,1,1,0,255,2,12,0
9090703,0,1,0,0,0,0,255,2,12,0
9090987,1,1,1,1,1,0,255,2,12,0
9091086,0,1,1,0,1,0,255,2,12,0
9091377,1,0,0,1,1,0,255,2,12,0
9091380,1,0,0,1,1,0,255,2,12,0
9091386,1,0,0,1,1,0,255,2,12,0
9091408,1,0,0,1,1,0,255,2,12,0
9092259,1,0,0,1,1,0,255,2,12,0
9092327,1,0,1,0,0,0,255,2,12,0
9092465,0,1,0,1,0,0,255,2,12,0
9093024,0,1,0,1,0,0,255,2,12,0
9093221,0,0,1,1,0,0,255,2,12,0
9093238,1,0,0,1,1,0,255,2,12,0
9093327,1,1,1,1,1,0,255,2,12,0
9093417,1,1,1,1,1,0,255,2,12,0
9093428,0,0,0,0,1,0,255,2,12,0
9093674,0,0,0,0,1,0,255,2,12,0
9093721,1,0,0,1,1,0,255,2,12,0
9093740,0,0,0,0,1,0,255,2,12,0
9093905,1,0,1,0,0,0,255,2,12,0
9093931,0,1,1,0,1,0,255,2,12,0
9094440,0,0,1,1,0,0,255,2,12,0
9094649,1,1,1,1,1,0,255,2,12,0
9094794,0,0,1,1,0,0,255,2,12,0
9094875,1,0,1,0,0,0,255,2,12,0
9094907,1,0,1,0,0,0,255,2,12,0
9095099,0,1,1,0,1,0,255,2,12,0
9095993,1,0,0,1,1,0,255,2,12,0
9096355,1,0,0,1,1,0,255,2,12,0
9096785,0,1,0,1,0,0,255,2,12,0
9096845,1,1,0,0,0,0,255,2,12,0
9096899,1,0,1,0,0,0,255,2,12,0
9097191,1,0,1,0,0,0,255,2,12,0
9097385,0,1,1,0,1,0,255,2,12,0
9097503,0,0,0,0,1,0,255,2,12,0
9097660,0,1,1,0,1,0,255,2,12,0
9097765,1,1,1,1,1,0,255,2,12,0
9097830,0,0,0,0,1,0,255,2,12,0
9097928,0,1,0,1,0,0,255,2,12,0
9098204,0,0,0,0,1,0,255,2,12,0
9098343,0,0,0,0,1,0,255,2,12,0
9098438,1,0,1,0,0,0,255,2,12,0
9098594,0,0,0,0,1,0,255,2,12,0
9098808,1,1,0,0,0,0,255,2,12,0
9098831,1,0,1,0,0,0,255,2,12,0
9098874,1,1,1,1,1,0,255,2,12,0
9098931,0,0,1,1,0,0,255,2,12,0
9098997,0,1,0,1,0,0,255,2,12,0
9099021,0,1,0,1,0,0,255,2,12,0
9099080,1,1,1,1,1,0,255,2,12,0
9099175,0,0,1,1,0,0,255,2,12,0
9099266,0,0,1,1,0,0,255,2,12,0
9099492,0,0,0,0,1,0,255,2,12,0
9099626,1,1,0,0,0,0,255,2,12,0
9099627,0,1,0,1,0,0,255,2,12,0
9099727,1,1,1,1,1,0,255,2,12,0
9099732,0,1,0,1,0,0,255,2,12,0
9099740,1,1,1,1,1,0,255,2,12,0
9100027,0,1,1,0,1,0,255,2,12,0
9100344,0,0,0,0,1,0,255,2,12,0
9100355,0,0,1,1,0,0,255,2,12,0
9100476,0,0,0,1,1,1,255,2,12,0
9100614,0,1,1,0,1,0,255,2,12,0
9100684,0,0,1,1,0,0,255,2,12,0
9101039,0,1,1,0,1,0,255,2,12,0
9101259,0,1,1,0,1,0,255,2,12,0
9101307,1,0,1,0,0,0,255,2,12,0
9101456,1,0,1,0,0,0,255,2,12,0
9101511,1,0,0,1,1,0,255,2,12,0
9101521,1,0,0,1,1,0,255,2,12,0
9101816,1,0,0,1,1,0,255,2,12,0
9102076,0,0,1,1,0,0,255,2,12,0
9102077,0,1,0,1,0,0,255,2,12,0
9102340,1,1,1,1,1,0,255,2,12,0
9102358,1,0,0,1,1,0,255,2,12,0
9102422,1,1,1,1,1,0,255,2,12,0
9102457,0,0,1,1,0,0,255,2,12,0
9102661,1,1,1,0,1,1,255,2,12,0
9102711,1,1,0,0,0,0,255,2,12,0
9102726,1,1,1,1,1,0,255,2,12,0
9102767,0,1,0,1,0,0,255,2,12,0
9102943,0,1,0,1,0,0,255,2,12,0
9103513,0,1,1,0,1,0,255,2,12,0
9103545,0,1,1,0,1,0,255,2,12,0
9103836,1,1,1,1,1,0,255,2,12,0
9103943,1,1,1,1,1,0,255,2,12,0
9104320,1,0,1,0,0,0,255,2,12,0
9104366,0,0,0,0,1,0,255,2,12,0
9104393,1,1,1,1,1,0,255,2,12,0
9104867,1,1,0,0,0,0,255,2,12,0
9104868,0,1,1,0,1,0,255,2,12,0
9105023,0,1,1,0,1,0,255,2,12,0
9105291,0,1,1,0,1,0,255,2,12,0
9105552,0,1,1,0,1,0,255,2,12,0
9105561,0,0,0,0,1,0,255,2,12,0
9105704,1,1,1,1,1,0,255,2,12,0
9106010,1,1,1,1,1,0,255,2,12,0
9106011,1,1,0,0,0,0,255,2,12,0
9106310,1,0,1,0,0,0,255,2,12,0
9106549,1,0,0,1,1,0,255,2,12,0
9106721,1,0,1,0,0,0,255,2,12,0
9106743,0,1,0,1,0,0,255,2,12,0
9107101,1,0,0,1,1,0,255,2,12,0
9107532,0,0,0,0,1,0,255,2,12,0
9107540,0,1,1,0,1,0,255,2,12,0
9107619,1,0,1,0,0,0,255,2,12,0
9107621,1,0,1,0,0,0,255,2,12,0
9107759,0,1,1,0,1,0,255,2,12,0
9108095,0,0,1,1,0,0,255,2,12,0
9108145,1,0,0,0,1,1,255,2,12,0
9108146,1,0,1,0,0,0,255,2,12,0
9108354,0,1,0,1,0,0,255,2,12,0
9108389,0,1,0,1,0,0,255,2,12,0
9108626,0,1,1,0,1,0,255,2,12,0
9108628,1,1,1,1,1,0,255,2,12,0
9109091,0,0,0,0,1,0,255,2,12,0
9109249,0,0,0,0,1,0,255,2,12,0
9116546,1,0,1,0,0,0,12,2,12,0
9117950,1,1,0,0,0,0,12,2,12,0
9124728,0,1,1,0,1,0,12,2,12,0
9125130,0,1,0,1,0,0,12,2,12,0
9126377,0,0,1,1,0,0,12,2,12,0
9126836,1,0,1,0,0,0,12,2,12,0
9134344,1,0,1,0,0,0,12,2,12,0
9143067,0,0,0,0,1,0,12,2,12,0
9150135,1,1,1,1,1,0,12,2,12,0
9154715,1,0,0,1,1,0,12,2,12,0
9168163,1,1,1,1,1,0,12,2,12,0
9175288,0,0,0,0,1,0,255,2,12,0
9175342,1,0,1,0,0,0,255,2,12,0
9175360,0,1,1,0,1,0,255,2,12,0
9175497,0,0,0,0,1,0,255,2,12,0
9175694,0,0,0,0,1,0,255,2,12,0
9175760,0,1,0,1,0,0,255,2,12,0
9175807,1,0,1,0,0,0,255,2,12,0
9176253,1,0,0,1,1,0,255,2,12,0
9176444,1,1,1,1,1,0,255,2,12,0
9176489,1,1,0,0,0,0,255,2,12,0
9176538,0,0,0,0,1,0,255,2,12,0
9176642,1,1,0,0,0,0,255,2,12,0
9176776,0,1,0,0,0,0,255,2,12,0
9176809,1,0,1,0,0,0,255,2,12,0
9176963,0,0,0,1,1,1,255,2,12,0
9177424,0,1,1,0,1,0,255,2,12,0
9177512,1,0,1,0,0,0,255,2,12,0
9177725,1,1,1,1,1,0,255,2,12,0
9177872,0,0,1,1,0,0,255,2,12,0
9178003,1,1,1,1,1,0,255,2,12,0
9178017,1,1,1,1,1,0,255,2,12,0
9178042,0,1,1,0,1,0,255,2,12,0
9178055,1,0,0,1,1,0,255,2,12,0
9178080,0,0,0,0,1,0,255,2,12,0
9178084,1,1,1,1,1,0,255,2,12,0
9178086,1,1,1,1,1,0,255,2,12,0
9178455,1,0,1,0,0,0,255,2,12,0
9178765,0,0,0,0,1,0,255,2,12,0
9178968,1,0,1,0,0,0,255,2,12,0
9179117,1,0,1,0,0,0,255,2,12,0
9179447,1,1,1,1,1,0,255,2,12,0
9179552,1,0,0,1,1,0,255,2,12,0
9179673,0,0,0,0,1,0,255,2,12,0
9179935,1,1,0,0,0,0,255,2,12,0
9180040,0,1,0,1,0,0,255,2,12,0
9180073,1,1,0,0,0,0,255,2,12,0
9180225,1,1,1,1,1,0,255,2,12,0
9180293,1,0,1,0,0,0,255,2,12,0
9180351,0,1,1,0,1,0,255,2,12,0
9180430,1,1,1,1,1,0,255,2,12,0
9180477,1,0,0,1,1,0,255,2,12,0
9180480,0,0,1,1,0,0,255,2,12,0
9180653,1,0,0,1,1,0,255,2,12,0
9180738,1,1,1,0,1,1,255,2,12,0
9180952,0,0,1,1,0,0,255,2,12,0
9181095,0,1,0,1,0,0,255,2,12,0
9181355,1,1,1,1,1,0,255,2,12,0
9181395,0,1,1,0,1,0,255,2,12,0
9181445,1,1,1,1,1,0,255,2,12,0
9181733,0,1,0,1,0,0,255,2,12,0
9181796,0,1,0,1,0,0,255,2,12,0
9181819,1,0,1,0,0,0,255,2,12,0
9182010,1,1,0,0,0,0,255,2,12,0
9182047,1,0,1,0,0,0,255,2,12,0
9182190,0,0,1,1,0,0,255,2,12,0
9182240,0,0,0,0,1,0,255,2,12,0
9182369,1,0,1,0,0,0,255,2,12,0
9182399,0,1,1,0,1,0,255,2,12,0
9182415,1,0,0,1,1,0,255,2,12,0
9182653,0,1,0,1,0,0,255,2,12,0
9182807,0,0,1,1,0,0,255,2,12,0
9182811,0,1,0,1,0,0,255,2,12,0
9182822,0,1,1,0,1,0,255,2,12,0
9182921,1,0,0,1,1,0,255,2,12,0
9182949,1,1,0,0,0,0,255,2,12,0
9183065,0,0,0,0,1,0,255,2,12,0
9183077,0,0,0,0,1,0,255,2,12,0
9183078,0,1,1,0,1,0,255,2,12,0
9183083,0,1,1,0,1,0,255,2,12,0
9183378,1,1,0,0,0,0,255,2,12,0
9183555,1,0,0,1,1,0,255,2,12,0
9183572,1,1,1,1,1,0,255,2,12,0
9183655,1,0,0,1,1,0,255,2,12,0
9183849,1,1,0,0,0,0,255,2,12,0
9184135,1,0,1,0,0,0,255,2,12,0
9184147,0,0,1,1,0,0,255,2,12,0
9184226,0,1,1,0,1,0,255,2,12,0
9184307,1,0,1,0,0,0,255,2,12,0
9184386,0,1,1,0,1,0,255,2,12,0
9184523,0,1,0,1,0,0,255,2,12,0
9184596,1,1,1,1,1,0,255,2,12,0
9184739,0,0,0,0,1,0,255,2,12,0
9184817,0,1,0,1,0,0,255,2,12,0
9184965,0,0,0,0,1,0,255,2,12,0
9185132,0,0,1,1,0,0,255,2,12,0
9185385,0,0,1,1,0,0,255,2,12,0
9186017,1,0,0,1,1,0,255,2,12,0
9186329,0,0,1,1,0,0,255,2,12,0
9186457,1,0,1,0,0,0,255,2,12,0
9186741,0,1,1,0,1,0,255,2,12,0
9186895,1,1,1,1,1,0,255,2,12,0
9187068,0,0,1,0,0,0,255,2,12,0
9187115,1,0,0,1,1,0,255,2,12,0
9187151,1,0,0,1,1,0,255,2,12,0
9187339,1,1,1,1,1,0,255,2,12,0
9187376,1,1,1,1,1,0,255,2,12,0
9187529,1,0,0,1,1,0,255,2,12,0
9187537,0,0,0,0,1,0,255,2,12,0
9187662,1,0,1,0,0,0,255,2,12,0
9188070,1,0,0,1,1,0,255,2,12,0
9188118,0,1,1,0,1,0,255,2,12,0
9188150,1,0,0,1,1,0,255,2,12,0
9188417,1,0,0,1,1,0,255,2,12,0
9188697,1,0,0,1,1,0,255,2,12,0
9188710,0,1,1,0,1,0,255,2,12,0
9188914,0,0,1,1,0,0,255,2,12,0
9188927,1,1,1,1,1,0,255,2,12,0
9189034,1,1,0,0,0,0,255,2,12,0
9189037,1,1,1,1,1,0,255,2,12,0
9189088,1,0,1,0,0,0,255,2,12,0
9189264,0,1,0,1,0,0,255,2,12,0
9189284,1,1,1,1,1,0,255,2,12,0
9189355,0,0,0,0,1,0,255,2,12,0
9189414,0,1,0,1,0,0,255,2,12,0
9189578,0,1,1,0,1,0,255,2,12,0
9189747,0,1,0,1,0,0,255,2,12,0
9189784,1,0,1,0,0,0,255,2,12,0
9189970,1,0,1,0,0,0,255,2,12,0
9190002,1,1,1,1,1,0,255,2,12,0
9190006,1,0,0,1,1,0,255,2,12,0
9190161,0,1,0,1,0,0,255,2,12,0
9190251,1,1,1,1,1,0,255,2,12,0
9190410,1,1,1,1,1,0,255,2,12,0
9190424,1,1,1,1,1,0,255,2,12,0
9190476,1,0,1,0,0,0,255,2,12,0
9190510,1,1,1,1,1,0,255,2,12,0
9190615,1,0,1,0,0,0,255,2,12,0
9190759,0,0,0,0,1,0,255,2,12,0
9191353,0,1,1,0,1,0,255,2,12,0
9191710,0,1,1,0,1,0,255,2,12,0
9191942,1,1,1,1,1,0,255,2,12,0
9192033,0,0,0,0,1,0,255,2,12,0
9192128,0,1,0,1,0,0,255,2,12,0
9192140,0,0,1,1,0,0,255,2,12,0
9192237,0,0,0,0,1,0,255,2,12,0
9192315,1,0,1,0,0,0,255,2,12,0
9192395,1,0,1,0,0,0,255,2,12,0
9192452,1,1,0,0,0,0,255,2,12,0
9192522,0,0,0,0,1,0,255,2,12,0
9192528,1,0,1,0,0,0,255,2,12,0
9192637,1,0,1,0,0,0,255,2,12,0
9192812,1,1,0,0,0,0,255,2,12,0
9193036,1,1,0,0,0,0,255,2,12,0
9193347,1,0,1,0,0,0,255,2,12,0
9193385,1,0,0,1,1,0,255,2,12,0
9193434,0,0,1,1,0,0,255,2,12,0
9193794,1,0,1,0,0,0,255,2,12,0
9194025,1,1,1,1,1,0,255,2,12,0
9194132,0,1,0,1,0,0,255,2,12,0
9194157,1,1,0,0,0,0,255,2,12,0
9194258,0,1,1,0,1,0,255,2,12,0
9194264,1,1,0,0,0,0,255,2,12,0
9194332,1,1,1,1,1,0,255,2,12,0
9194586,1,1,0,0,0,0,255,2,12,0
9194648,1,0,1,0,0,0,255,2,12,0
9194657,0,0,1,1,0,0,255,2,12,0
9194668,0,1,1,0,1,0,255,2,12,0
9194686,0,1,1,0,1,0,255,2,12,0
9194703,1,0,0,1,1,0,255,2,12,0
9194813,0,1,1,0,1,0,255,2,12,0
9195176,1,0,1,0,0,0,255,2,12,0
9195263,0,0,0,0,1,0,255,2,12,0
9195502,1,0,1,0,0,0,255,2,12,0
9195745,1,1,0,0,0,0,255,2,12,0
9195747,0,0,1,1,0,0,255,2,12,0
9195767,0,1,0,1,0,0,255,2,12,0
9195876,0,0,1,1,0,0,255,2,12,0
9195893,0,0,1,1,0,0,255,2,12,0
9195958,0,1,0,1,0,0,255,2,12,0
9196002,1,1,1,1,1,0,255,2,12,0
9196095,0,1,0,1,0,0,255,2,12,0
9196189,1,1,1,1,1,0,255,2,12,0
9196208,0,0,0,0,1,0,255,2,12,0
9196275,0,0,1,1,0,0,255,2,12,0
9196596,1,1,0,0,0,0,255,2,12,0
9196804,0,1,1,0,1,0,255,2,12,0
9197028,0,1,1,0,1,0,255,2,12,0
9197054,1,0,1,0,0,0,255,2,12,0
9197358,0,1,1,0,1,0,255,2,12,0
9197461,0,0,1,1,0,0,255,2,12,0
9197684,0,0,0,0,1,0,255,2,12,0
9197761,1,1,1,1,1,0,255,2,12,0
9197825,1,1,0,0,0,0,255,2,12,0
9197881,0,1,1,0,1,0,255,2,12,0
9198076,1,0,1,0,0,0,255,2,12,0
9198151,1,0,1,0,0,0,255,2,12,0
9198224,1,0,0,1,1,0,255,2,12,0
9198460,1,1,1,1,1,0,255,2,12,0
9198467,0,0,0,0,1,0,255,2,12,0
9198597,0,0,1,1,0,0,255,2,12,0
9198637,0,1,0,1,0,0,255,2,12,0
9198988,0,0,0,0,1,0,255,2,12,0
9199190,0,1,1,0,1,0,255,2,12,0
9199285,0,1,1,0,1,0,255,2,12,0
9199334,0,0,0,0,1,0,255,2,12,0
9199598,1,1,1,1,1,0,255,2,12,0
9199698,1,1,1,1,1,0,255,2,12,0
9199998,0,0,0,0,1,0,255,2,12,0
9200123,1,1,0,0,0,0,255,2,12,0
9200150,1,0,0,1,1,0,255,2,12,0
9201036,0,1,1,0,1,0,255,2,12,0
9201247,0,1,0,1,0,0,255,2,12,0
9201255,1,0,1,0,0,0,255,2,12,0
9201305,1,1,1,1,1,0,255,2,12,0
9201442,0,1,0,1,0,0,255,2,12,0
9201624,0,1,0,1,0,0,255,2,12,0
9201649,0,0,0,0,1,0,255,2,12,0
9201666,1,0,0,1,1,0,255,2,12,0
9202051,0,0,1,1,0,0,255,2,12,0
9202283,0,0,0,0,1,0,255,2,12,0
9202552,1,1,1,1,1,0,255,2,12,0
9202603,0,0,1,1,0,0,255,2,12,0
9202610,0,1,1,0,1,0,255,2,12,0
9202667,1,1,1,1,1,0,255,2,12,0
9202797,0,0,0,0,1,0,255,2,12,0
9202955,0,0,0,0,1,0,255,2,12,0
9202973,0,0,0,0,1,0,255,2,12,0
9202993,1,1,1,1,1,0,255,2,12,0
9203166,1,1,1,1,1,0,255,2,12,0
9203220,1,1,0,0,0,0,255,2,12,0
9203478,0,0,0,0,1,0,255,2,12,0
9203543,1,1,0,0,0,0,255,2,12,0
9203824,0,0,1,1,0,0,255,2,12,0
9203977,1,0,0,1,1,0,255,2,12,0
9204007,1,0,1,0,0,0,255,2,12,0
9204118,1,0,0,1,1,0,255,2,12,0
9204139,1,0,1,0,0,0,255,2,12,0
9204241,1,0,0,1,1,0,255,2,12,0
9204262,0,1,0,1,0,0,255,2,12,0
9204310,1,0,0,1,1,0,255,2,12,0
9204315,0,1,1,0,1,0,255,2,12,0
9204603,1,1,1,1,1,0,255,2,12,0
9204731,1,1,0,0,0,0,255,2,12,0
9204745,1,1,1,1,1,0,255,2,12,0
9204891,1,0,0,1,1,0,255,2,12,0
9205007,0,0,0,0,1,0,255,2,12,0
9205185,1,1,0,0,0,0,255,2,12,0
9205251,1,1,1,1,1,0,255,2,12,0
9205599,0,1,1,0,1,0,255,2,12,0
9205702,1,1,1,1,1,0,255,2,12,0
9205789,1,1,1,1,1,0,255,2,12,0
9205833,0,1,0,1,0,0,255,2,12,0
9205940,1,1,0,0,0,0,255,2,12,0
9205959,0,1,0,1,0,0,255,2,12,0
9206143,0,1,0,1,0,0,255,2,12,0
9206229,1,0,1,0,0,0,255,2,12,0
9206342,0,1,1,0,1,0,255,2,12,0
9206358,1,0,0,1,1,0,255,2,12,0
9206462,1,0,1,0,0,0,255,2,12,0
9206863,1,0,0,1,1,0,255,2,12,0
9206872,0,0,0,0,1,0,255,2,12,0
9207051,1,0,0,1,1,0,255,2,12,0
9207112,0,1,0,1,0,0,255,2,12,0
9207271,1,0,1,0,0,0,255,2,12,0
9207414,1,0,1,0,0,0,255,2,12,0
9207565,1,0,1,0,0,0,255,2,12,0
9207889,0,0,0,0,1,0,255,2,12,0
9208093,0,0,1,1,0,0,255,2,12,0
9208190,1,0,1,0,0,0,255,2,12,0
9208254,1,1,1,1,1,0,255,2,12,0
9208389,0,0,1,1,0,0,255,2,12,0
9208815,1,0,1,0,0,0,255,2,12,0
9208843,1,1,1,1,1,0,255,2,12,0
9208967,0,0,0,0,1,0,255,2,12,0
9209135,1,1,0,0,0,0,255,2,12,0
9209234,1,1,0,0,0,0,255,2,12,0
9209283,0,0,0,0,1,0,255,2,12,0
9209290,0,0,1,1,0,0,255,2,12,0
9209293,1,1,1,1,1,0,255,2,12,0
9209364,1,1,0,0,0,0,255,2,12,0
9209614,0,1,1,0,1,0,255,2,12,0
9209686,0,1,0,1,0,0,255,2,12,0
9209910,1,0,1,0,0,0,255,2,12,0
9210006,0,0,1,1,0,0,255,2,12,0
9210512,0,1,0,1,0,0,255,2,12,0
9210631,0,0,0,0,1,0,255,2,12,0
9210647,1,0,0,1,1,0,255,2,12,0
9210749,0,0,1,1,0,0,255,2,12,0
9210980,1,1,1,1,1,0,255,2,12,0
9211037,1,0,0,1,1,0,255,2,12,0
9211703,1,1,0,0,0,0,255,2,12,0
9211734,0,0,1,1,0,0,255,2,12,0
9211846,1,1,1,1,1,0,255,2,12,0
9211862,1,1,0,0,0,0,255,2,12,0
9211925,0,0,1,1,0,0,255,2,12,0
9211971,0,0,0,0,1,0,255,2,12,0
9211972,0,0,0,0,1,0,255,2,12,0
9212007,1,1,1,0,1,1,255,2,12,0
9212200,0,0,0,0,1,0,255,2,12,0
9212434,1,1,0,0,0,0,255,2,12,0
9212659,1,0,0,1,1,0,255,2,12,0
9212761,1,0,1,0,0,0,255,2,12,0
9212793,0,0,1,1,0,0,255,2,12,0
9212848,1,0,1,0,0,0,255,2,12,0
9212919,0,0,0,0,1,0,255,2,12,0
9213077,1,1,0,0,0,0,255,2,12,0
9213105,0,1,0,1,0,0,255,2,12,0
9213137,0,1,0,1,0,0,255,2,12,0
9213170,0,1,1,0,1,0,255,2,12,0
9213277,0,0,1,1,0,0,255,2,12,0
9213421,1,0,0,1,1,0,255,2,12,0
9213646,0,0,1,1,0,0,255,2,12,0
9213675,0,0,0,0,1,0,255,2,12,0
9213685,0,0,0,0,1,0,255,2,12,0
9213696,1,1,1,1,1,0,255,2,12,0
9213718,1,1,1,1,1,0,255,2,12,0
9213733,0,0,1,1,0,0,255,2,12,0
9213762,0,1,0,1,0,0,255,2,12,0
9213821,1,0,0,1,1,0,255,2,12,0
9213965,0,1,1,0,1,0,255,2,12,0
9214040,1,0,1,0,0,0,255,2,12,0
9214292,0,0,0,0,1,0,255,2,12,0
9214319,1,0,1,0,0,0,255,2,12,0
9214411,0,1,0,0,0,0,255,2,12,0
9214510,0,0,0,0,1,0,255,2,12,0
9214543,0,0,0,0,1,0,255,2,12,0
9214699,1,1,1,1,1,0,255,2,12,0
9215040,0,0,0,0,1,0,255,2,12,0
9215368,0,0,0,0,1,0,255,2,12,0
9215469,0,0,0,0,1,0,255,2,12,0
9215595,0,1,0,1,0,0,255,2,12,0
9215609,0,1,1,0,1,0,255,2,12,0
9215947,1,1,0,0,0,0,255,2,12,0
9215981,1,0,1,0,0,0,255,2,12,0
9216288,0,1,0,1,0,0,255,2,12,0
9216479,0,1,0,1,0,0,255,2,12,0
9216751,0,0,1,1,0,0,255,2,12,0
9216943,1,0,0,1,1,0,255,2,12,0
9217118,0,1,1,0,1,0,255,2,12,0
9217317,1,0,1,0,0,0,255,2,12,0
9217335,1,0,0,0,1,1,255,2,12,0
9217464,0,1,1,0,1,0,255,2,12,0
9217475,1,0,0,1,1,0,255,2,12,0
9217519,0,1,1,0,1,0,255,2,12,0
9217536,1,0,1,0,0,0,255,2,12,0
9217746,1,1,1,1,1,0,255,2,12,0
9217813,1,1,1,1,1,0,255,2,12,0
9217967,0,0,1,0,0,0,255,2,12,0
9218276,1,0,1,0,0,0,255,2,12,0
9218433,0,0,1,0,0,0,255,2,12,0
9218509,1,0,0,1,1,0,255,2,12,0
9218580,1,0,1,0,0,0,255,2,12,0
9219187,0,1,0,1,0,0,255,2,12,0
9219289,1,1,0,0,0,0,255,2,12,0
9219361,1,0,1,0,0,0,255,2,12,0
9219555,1,0,0,1,1,0,255,2,12,0
9219851,0,1,1,0,1,0,255,2,12,0
9220057,0,0,1,1,0,0,255,2,12,0
9220071,1,0,0,1,1,0,255,2,12,0
9220120,1,0,0,1,1,0,255,2,12,0
9220259,0,1,0,1,0,0,255,2,12,0
9220409,1,0,0,1,1,0,255,2,12,0
9220439,0,0,0,0,1,0,255,2,12,0
9220526,0,1,0,1,0,0,255,2,12,0
9220653,0,1,0,1,0,0,255,2,12,0
9220702,1,0,1,0,0,0,255,2,12,0
9220764,1,1,1,1,1,0,255,2,12,0
9220766,1,0,0,1,1,0,255,2,12,0
9220867,1,1,1,1,1,0,255,2,12,0
9221093,0,1,1,0,1,0,255,2,12,0
9221283,1,0,0,1,1,0,255,2,12,0
9221475,0,1,1,0,1,0,255,2,12,0
9221593,1,0,0,1,1,0,255,2,12,0
9221765,1,1,0,0,0,0,255,2,12,0
9221776,1,0,1,0,0,0,255,2,12,0
9221818,0,1,0,1,0,0,255,2,12,0
9221878,0,1,0,1,0,0,255,2,12,0
9221901,0,1,0,1,0,0,255,2,12,0
9222043,0,0,1,1,0,0,255,2,12,0
9222220,0,1,0,1,0,0,255,2,12,0
9223006,1,1,0,0,0,0,255,2,12,0
9223050,1,1,1,1,1,0,255,2,12,0
9223196,1,0,0,1,1,0,255,2,12,0
9223323,1,1,1,1,1,0,255,2,12,0
9223368,1,0,0,1,1,0,255,2,12,0
9223610,0,1,1,0,1,0,255,2,12,0
9223698,1,0,0,1,1,0,255,2,12,0
9223761,1,0,1,0,0,0,255,2,12,0
9223951,1,1,0,0,0,0,255,2,12,0
9223989,1,0,0,1,1,0,255,2,12,0
9224065,1,1,0,0,0,0,255,2,12,0
9224115,0,0,1,1,0,0,255,2,12,0
9224153,0,1,0,1,0,0,255,2,12,0
9224349,0,1,0,1,0,0,255,2,12,0
9224367,0,1,0,1,0,0,255,2,12,0
9224574,0,0,0,0,1,0,255,2,12,0
9224668,1,0,0,1,1,0,255,2,12,0
9224694,1,1,0,0,0,0,255,2,12,0
9224705,1,1,1,1,1,0,255,2,12,0
9224721,1,0,1,0,0,0,255,2,12,0
9225104,1,1,1,1,1,0,255,2,12,0
9225237,1,0,0,1,1,0,255,2,12,0
9225278,0,0,0,0,1,0,255,2,12,0
9225383,1,1,0,0,0,0,255,2,12,0
9225531,1,1,1,1,1,0,255,2,12,0
9225592,1,1,1,1,1,0,255,2,12,0
9225598,1,0,1,0,0,0,255,2,12,0
9225707,1,0,0,0,1,1,255,2,12,0
9225764,0,0,0,0,1,0,255,2,12,0
9225878,0,0,0,0,1,0,255,2,12,0
9226034,1,0,1,0,0,0,255,2,12,0
9226303,1,0,1,1,0,0,255,2,12,0
9226375,1,1,0,0,0,0,255,2,12,0
9226486,0,0,1,1,0,0,255,2,12,0
9226750,0,1,1,0,1,0,255,2,12,0
9226859,1,0,1,0,0,0,255,2,12,0
9226893,0,1,0,1,0,0,255,2,12,0
9226974,0,0,0,0,1,0,255,2,12,0
9227029,1,1,1,1,1,0,255,2,12,0
9227203,0,0,0,0,1,0,255,2,12,0
9227236,1,0,0,1,1,0,255,2,12,0
9227247,1,0,0,1,1,0,255,2,12,0
9227271,0,0,1,1,0,0,255,2,12,0
9227325,0,1,0,1,0,0,255,2,12,0
9227604,1,0,0,1,1,0,255,2,12,0
9227629,0,0,0,0,1,0,255,2,12,0
9227632,0,0,0,0,1,0,255,2,12,0
9227848,0,0,1,1,0,0,255,2,12,0
9227853,1,0,1,0,0,0,255,2,12,0
9228105,1,0,0,1,1,0,255,2,12,0
9228284,1,1,0,0,0,0,255,2,12,0
9228395,0,0,0,0,1,0,255,2,12,0
9228504,0,0,1,1,0,0,255,2,12,0
9228990,0,1,1,0,1,0,255,2,12,0
9229096,1,1,0,0,0,0,255,2,12,0
9229336,0,1,1,0,1,0,255,2,12,0
9229505,0,1,0,1,0,0,255,2,12,0
9229532,1,0,0,1,1,0,255,2,12,0
9229646,1,1,0,0,0,0,255,2,12,0
9229733,0,0,0,0,1,0,255,2,12,0
9230179,1,1,1,1,1,0,255,2,12,0
9230190,0,0,0,0,1,0,255,2,12,0
9230237,0,1,0,1,0,0,255,2,12,0
9230285,0,1,0,1,0,0,255,2,12,0
9230310,1,0,0,1,1,0,255,2,12,0
9230324,1,0,1,0,0,0,255,2,12,0
9230545,1,1,0,0,0,0,255,2,12,0
9230752,0,1,1,0,1,0,255,2,12,0
9230897,1,0,1,0,0,0,255,2,12,0
9231030,0,0,0,0,1,0,255,2,12,0
9231160,0,1,1,0,1,0,255,2,12,0
9231180,0,1,0,1,0,0,255,2,12,0
9231265,1,0,1,0,0,0,255,2,12,0
9231303,1,1,1,1,1,0,255,2,12,0
9231543,1,1,1,1,1,0,255,2,12,0
9231553,0,0,1,1,0,0,255,2,12,0
9231566,0,1,0,0,0,0,255,2,12,0
9231833,0,1,0,1,0,0,255,2,12,0
9231835,1,1,1,1,1,0,255,2,12,0
9232037,1,1,1,1,1,0,255,2,12,0
9232059,1,1,0,0,0,0,255,2,12,0
9232352,0,1,0,1,0,0,255,2,12,0
9232397,1,0,1,0,0,0,255,2,12,0
9232567,1,1,0,0,0,0,255,2,12,0
9232587,0,0,0,0,1,0,255,2,12,0
9232617,1,1,0,0,0,0,255,2,12,0
9233143,1,1,0,0,0,0,255,2,12,0
9233165,0,1,1,0,1,0,255,2,12,0
9233396,0,1,1,0,1,0,255,2,12,0
9233426,1,0,1,0,0,0,255,2,12,0
9233674,0,1,0,1,0,0,255,2,12,0
9233716,1,1,1,1,1,0,255,2,12,0
9233764,1,0,1,0,0,0,255,2,12,0
9233843,0,1,1,0,1,0,255,2,12,0
9234124,0,0,0,0,1,0,255,2,12,0
9234229,1,0,0,1,1,0,255,2,12,0
9234366,1,0,0,1,1,0,255,2,12,0
9234432,0,0,0,0,1,0,255,2,12,0
9234449,1,0,0,0,1,1,255,2,12,0
9234520,1,1,0,0,0,0,255,2,12,0
9235003,0,0,1,1,0,0,255,2,12,0
9235081,1,1,0,0,0,0,255,2,12,0
9235192,0,0,1,1,0,0,255,2,12,0
9235391,0,0,0,0,1,0,255,2,12,0
9235644,0,0,1,1,0,0,255,2,12,0
9235758,0,1,1,0,1,0,255,2,12,0
9235839,0,1,0,0,0,0,255,2,12,0
9235863,0,0,1,1,0,0,255,2,12,0
9235901,0,1,0,1,0,0,255,2,12,0
9235934,1,1,1,1,1,0,255,2,12,0
9235935,1,0,1,0,0,0,255,2,12,0
9235961,0,0,0,0,1,0,255,2,12,0
9235967,0,1,1,0,1,0,255,2,12,0
9235993,1,0,0,1,1,0,255,2,12,0
9235995,0,1,1,0,1,0,255,2,12,0
9236149,1,1,0,0,0,0,255,2,12,0
9236354,1,0,0,1,1,0,255,2,12,0
9236365,0,0,1,1,0,0,255,2,12,0
9236368,1,0,1,0,0,0,255,2,12,0
9236374,1,0,0,1,1,0,255,2,12,0
9236438,0,0,0,0,1,0,255,2,12,0
9236519,0,0,1,1,0,0,255,2,12,0
9236612,1,1,0,0,0,0,255,2,12,0
9236810,0,0,1,1,0,0,255,2,12,0
9236815,1,0,1,0,0,0,255,2,12,0
9236861,1,1,1,1,1,0,255,2,12,0
9237048,0,0,0,0,1,0,255,2,12,0
9237152,0,0,1,1,0,0,255,2,12,0
9237252,1,1,0,0,0,0,255,2,12,0
9237346,0,0,0,0,1,0,255,2,12,0
9237537,0,1,0,1,0,0,255,2,12,0
9237607,0,0,0,0,1,0,255,2,12,0
9237692,0,1,1,0,1,0,255,2,12,0
9237732,1,1,0,0,0,0,255,2,12,0
9237885,1,1,1,1,1,0,255,2,12,0
9237928,1,1,1,1,1,0,255,2,12,0
9237964,1,1,1,1,1,0,255,2,12,0
9238038,0,1,0,1,0,0,255,2,12,0
9238176,1,1,0,0,0,0,255,2,12,0
9238237,0,0,0,0,1,0,255,2,12,0
9238250,1,1,0,0,0,0,255,2,12,0
9238300,0,1,1,0,1,0,255,2,12,0
9238598,1,1,1,1,1,0,255,2,12,0
9238673,0,1,1,0,1,0,255,2,12,0
9238691,1,0,1,0,0,0,255,2,12,0
9238735,0,0,1,1,0,0,255,2,12,0
9239019,1,1,0,0,0,0,255,2,12,0
9239243,1,0,0,1,1,0,255,2,12,0
9239441,0,0,1,1,0,0,255,2,12,0
9239558,0,1,1,0,1,0,255,2,12,0
9239691,0,0,1,1,0,0,255,2,12,0
9239723,0,1,1,0,1,0,255,2,12,0
9239771,1,1,1,1,1,0,255,2,12,0
9239890,1,0,0,1,1,0,255,2,12,0
9239893,0,1,0,1,0,0,255,2,12,0
9239951,0,1,1,0,1,0,255,2,12,0
9240007,1,1,1,1,1,0,255,2,12,0
9240010,1,0,1,0,0,0,255,2,12,0
9241675,0,1,0,1,0,0,69,2,12,0
9243470,0,0,1,1,0,0,69,2,12,0
9243544,1,1,0,0,0,0,69,2,12,0
9243615,0,1,0,1,0,0,69,2,12,0
9245361,1,0,0,1,1,0,69,2,12,0
9246353,0,0,0,0,1,0,69,2,12,0
9246540,0,1,0,1,0,0,69,2,12,0
9247587,1,1,0,0,0,0,69,2,12,0
9247594,0,0,1,1,0,0,69,2,12,0
9249134,1,1,0,0,0,0,69,2,12,0
9250141,0,1,1,0,1,0,69,2,12,0
9251874,0,0,0,0,1,0,69,2,12,0
9252539,1,1,1,1,1,0,69,2,12,0
9253232,1,1,0,0,0,0,69,2,12,0
9253423,1,0,0,1,1,0,69,2,12,0
9255729,1,0,1,0,0,0,69,2,12,0
9258169,0,0,1,1,0,0,69,2,12,0
9258563,0,0,1,1,0,0,69,2,12,0
9259001,1,1,0,0,0,0,69,2,12,0
9259143,1,1,1,1,1,0,69,2,12,0
9261682,0,1,1,0,1,0,69,2,12,0
9262656,1,1,1,1,1,0,69,2,12,0
9263288,0,1,1,0,1,0,69,2,12,0
9263736,0,1,0,1,0,0,69,2,12,0
9264094,1,0,1,0,0,0,69,2,12,0
9265589,0,0,1,1,0,0,69,2,12,0
9268040,1,1,1,1,1,0,69,2,12,0
9269932,0,0,1,1,0,0,69,2,12,0
9270234,1,1,0,0,0,0,69,2,12,0
9272309,1,1,0,0,0,0,69,2,12,0
9272434,1,0,1,1,0,0,69,2,12,0
9272801,1,1,0,0,0,0,69,2,12,0
9273672,0,1,0,1,0,0,69,2,12,0
9274213,1,0,0,1,1,0,69,2,12,0
9274243,1,0,1,0,0,0,69,2,12,0
9274761,0,1,1,0,1,0,69,2,12,0
9277838,0,1,1,0,1,0,69,2,12,0
9277909,0,1,1,0,1,0,69,2,12,0
9280233,0,1,1,0,1,0,69,2,12,0
9284441,1,1,0,0,0,0,69,2,12,0
9286360,1,0,0,1,1,0,69,2,12,0
9287413,1,0,1,0,0,0,69,2,12,0
9289006,0,0,0,0,1,0,69,2,12,0
9289326,1,0,0,1,1,0,69,2,12,0
9289602,1,0,0,1,1,0,69,2,12,0
9289740,0,1,1,0,1,0,69,2,12,0
9289875,0,0,1,1,0,0,69,2,12,0
9289986,0,0,1,1,0,0,69,2,12,0
9291362,1,1,0,1,0,0,69,2,12,0
9292166,1,0,1,0,0,0,69,2,12,0
9292492,0,0,0,0,1,0,69,2,12,0
9293359,1,1,0,0,0,0,69,2,12,0
9293721,0,1,0,1,0,0,69,2,12,0
9294336,0,0,0,0,1,0,69,2,12,0
9294368,0,1,1,0,1,0,69,2,12,0
9294671,1,0,0,1,1,0,69,2,12,0
9294738,1,0,0,1,1,0,69,2,12,0
9295178,1,0,0,1,1,0,69,2,12,0
9296158,0,0,1,1,0,0,69,2,12,0
9296199,0,0,1,0,0,0,69,2,12,0
9297482,1,0,0,1,1,0,69,2,12,0
9301472,1,1,1,1,1,0,69,2,12,0
9303858,1,1,0,0,0,0,69,2,12,0
9304883,1,1,0,0,0,0,69,2,12,0
9306209,0,1,0,1,0,0,255,2,12,0
9306528,0,1,0,1,0,0,255,2,12,0
9307006,0,1,1,0,1,0,255,2,12,0
9307087,1,0,0,1,1,0,255,2,12,0
9307348,0,0,1,1,0,0,255,2,12,0
9307465,0,0,0,0,1,0,255,2,12,0
9307694,0,1,0,1,0,0,255,2,12,0
9307808,1,1,0,0,0,0,255,2,12,0
9308322,0,0,0,0,1,0,255,2,12,0
9308476,0,1,0,1,0,0,255,2,12,0
9309068,0,1,1,0,1,0,255,2,12,0
9309352,1,1,1,0,1,1,255,2,12,0
9309424,0,1,1,0,1,0,255,2,12,0
9309783,1,1,1,0,1,1,255,2,12,0
9309896,1,1,0,0,0,0,255,2,12,0
9310799,1,0,0,1,1,0,255,2,12,0
9310984,1,1,1,1,1,0,255,2,12,0
9311909,1,1,1,1,1,0,255,2,12,0
9312043,1,0,1,0,0,0,255,2,12,0
9312288,0,0,1,1,0,0,255,2,12,0
9312549,1,0,1,0,0,0,255,2,12,0
9312972,1,1,0,0,0,0,255,2,12,0
9313025,1,0,0,1,1,0,255,2,12,0
9313853,1,0,0,1,1,0,255,2,12,0
9313923,1,1,0,0,0,0,255,2,12,0
9314099,1,1,1,1,1,0,255,2,12,0
9314399,0,0,0,0,1,0,255,2,12,0
9314550,0,0,0,0,1,0,255,2,12,0
9314732,1,0,0,1,1,0,255,2,12,0
9315105,1,0,0,1,1,0,255,2,12,0
9315191,0,0,0,0,1,0,255,2,12,0
9315236,0,0,1,1,0,0,255,2,12,0
9315423,1,0,1,0,0,0,255,2,12,0
9315496,0,0,0,1,1,1,255,2,12,0
9315504,1,0,0,1,1,0,255,2,12,0
9315788,0,1,0,1,0,0,255,2,12,0
9316098,1,0,0,1,1,0,255,2,12,0
9316280,1,1,1,1,1,0,255,2,12,0
9316608,1,1,1,1,1,0,255,2,12,0
9316890,1,1,1,1,1,0,255,2,12,0
9317361,0,1,0,1,0,0,255,2,12,0
9317634,1,1,1,1,1,0,255,2,12,0
9317684,1,0,0,1,1,0,255,2,12,0
9318218,1,0,0,1,1,0,255,2,12,0
9318354,0,0,1,1,0,0,255,2,12,0
9318594,0,0,1,1,0,0,255,2,12,0
9318771,0,0,1,1,0,0,255,2,12,0
9318945,1,1,0,0,0,0,255,2,12,0
9319238,0,0,0,0,1,0,255,2,12,0
9319308,0,1,1,0,1,0,255,2,12,0
9319713,1,0,1,0,0,0,255,2,12,0
9319729,1,1,0,1,0,0,255,2,12,0
9319936,1,1,0,0,0,0,255,2,12,0
9319952,1,1,1,1,1,0,255,2,12,0
9320180,0,1,0,1,0,0,255,2,12,0
9320657,0,0,1,1,0,0,255,2,12,0
9320942,0,0,0,0,1,0,255,2,12,0
9321155,1,0,1,0,0,0,255,2,12,0
9321280,1,0,0,1,1,0,255,2,12,0
9321313,0,0,0,0,1,0,255,2,12,0
9321503,1,1,1,0,1,1,255,2,12,0
9321974,1,0,1,0,0,0,255,2,12,0
9322389,1,0,0,1,1,0,255,2,12,0
9322575,0,0,0,0,1,0,255,2,12,0
9322602,0,0,0,0,1,0,255,2,12,0
9322626,0,0,0,0,1,0,255,2,12,0
9322634,1,1,0,0,0,0,255,2,12,0
9322842,0,1,1,0,1,0,255,2,12,0
9323132,1,1,1,1,1,0,255,2,12,0
9323466,0,0,1,1,0,0,255,2,12,0
9323743,1,1,1,1,1,0,255,2,12,0
9323754,1,0,1,0,0,0,255,2,12,0
9323770,0,0,0,0,1,0,255,2,12,0
9324286,1,1,0,0,0,0,255,2,12,0
9324722,0,0,0,0,1,0,255,2,12,0
9324808,1,1,0,0,0,0,255,2,12,0
9324859,1,1,0,0,0,0,255,2,12,0
9325131,1,0,1,0,0,0,255,2,12,0
9325227,1,1,1,1,1,0,255,2,12,0
9325243,1,1,1,1,1,0,255,2,12,0
9325348,0,0,0,0,1,0,255,2,12,0
9325507,1,0,0,1,1,0,255,2,12,0
9325524,0,0,0,0,1,0,255,2,12,0
9325889,1,0,1,0,0,0,255,2,12,0
9326004,0,0,1,1,0,0,255,2,12,0
9326678,0,0,1,1,0,0,255,2,12,0
9326761,0,0,0,0,1,0,255,2,12,0
9326981,0,1,0,1,0,0,255,2,12,0
9327092,0,1,1,1,1,1,255,2,12,0
9327177,1,1,0,0,0,0,255,2,12,0
9327976,1,1,1,1,1,0,255,2,12,0
9328266,0,1,0,1,0,0,255,2,12,0
9328608,1,1,0,0,0,0,255,2,12,0
9328798,0,1,1,0,1,0,255,2,12,0
9329421,0,0,1,1,0,0,255,2,12,0
9329754,1,1,0,0,0,0,255,2,12,0
9329877,1,0,0,1,1,0,255,2,12,0
9330594,0,0,1,1,0,0,255,2,12,0
9330740,0,1,0,1,0,0,255,2,12,0
9330762,0,1,1,0,1,0,255,2,12,0
9331155,1,0,1,0,0,0,255,2,12,0
9331577,0,1,1,1,1,1,255,2,12,0
9331964,1,1,1,1,1,0,255,2,12,0
9332050,1,1,0,0,0,0,255,2,12,0
9332213,1,1,1,0,1,1,255,2,12,0
9332407,1,1,1,1,1,0,255,2,12,0
9332830,1,1,1,1,1,0,255,2,12,0
9332921,1,1,0,0,0,0,255,2,12,0
9333134,1,0,0,1,1,0,255,2,12,0
9333522,0,1,1,0,1,0,255,2,12,0
9334146,0,0,0,0,1,0,255,2,12,0
9334314,1,1,1,1,1,0,255,2,12,0
9334404,0,1,1,0,1,0,255,2,12,0
9334415,0,0,1,1,0,0,255,2,12,0
9334459,1,0,1,0,0,0,255,2,12,0
9334464,1,0,1,0,0,0,255,2,12,0
9334540,0,1,1,0,1,0,255,2,12,0
9336535,1,0,0,1,1,0,255,2,12,0
9336578,1,0,0,1,1,0,255,2,12,0
9336659,1,1,1,1,1,0,255,2,12,0
9336742,1,1,0,0,0,0,255,2,12,0
9337177,0,0,1,1,0,0,255,2,12,0
9337202,1,1,1,1,1,0,255,2,12,0
9337836,0,1,1,0,1,0,255,2,12,0
9338440,1,1,0,0,0,0,255,2,12,0
9339099,1,1,1,1,1,0,255,2,12,0
9339333,0,0,1,1,0,0,255,2,12,0
9339412,1,1,0,0,0,0,255,2,12,0
9339475,1,1,1,1,1,0,255,2,12,0
9339611,0,1,1,0,1,0,255,2,12,0
9340006,1,1,0,0,0,0,255,2,12,0
9340140,1,1,0,0,0,0,255,2,12,0
9340180,0,1,0,1,0,0,255,2,12,0
9340355,1,0,0,1,1,0,255,2,12,0
9340373,0,0,1,0,0,0,255,2,12,0
9340375,1,1,0,0,0,0,255,2,12,0
9340597,1,1,0,0,0,0,255,2,12,0
9341139,0,0,0,0,1,0,255,2,12,0
9341538,0,1,1,0,1,0,255,2,12,0
9341554,1,0,0,1,1,0,255,2,12,0
9341652,0,1,1,0,1,0,255,2,12,0
9342034,1,1,0,1,0,0,255,2,12,0
9342446,0,0,0,0,1,0,255,2,12,0
9342548,0,0,0,0,1,0,255,2,12,0
9342590,0,0,1,1,0,0,255,2,12,0
9343032,1,1,0,0,0,0,255,2,12,0
9343232,1,0,1,0,0,0,255,2,12,0
9343764,1,1,0,0,0,0,255,2,12,0
9343835,0,0,0,0,1,0,255,2,12,0
9344518,1,1,0,0,0,0,255,2,12,0
9344519,0,0,0,0,1,0,255,2,12,0
9345273,1,0,1,0,0,0,255,2,12,0
9346028,1,1,1,1,1,0,255,2,12,0
9346505,0,1,0,1,0,0,255,2,12,0
9346911,1,1,0,0,0,0,255,2,12,0
9347096,1,1,1,1,1,0,255,2,12,0
9347151,0,0,1,1,0,0,255,2,12,0
9347371,0,1,1,0,1,0,255,2,12,0
9347609,1,1,1,1,1,0,255,2,12,0
9347690,0,1,0,1,0,0,255,2,12,0
9347875,0,0,1,1,0,0,255,2,12,0
9348133,0,1,1,0,1,0,255,2,12,0
9348475,1,1,1,1,1,0,255,2,12,0
9348486,0,0,0,0,1,0,255,2,12,0
9348680,0,0,1,1,0,0,255,2,12,0
9348996,1,1,0,0,0,0,255,2,12,0
9349604,1,0,0,1,1,0,255,2,12,0
9349720,1,1,1,1,1,0,255,2,12,0
9349886,0,0,1,1,0,0,255,2,12,0
9350526,0,1,0,1,0,0,255,2,12,0
9350706,0,0,1,1,0,0,255,2,12,0
9350778,0,1,1,0,1,0,255,2,12,0
9351033,0,0,0,0,1,0,255,2,12,0
9351173,1,0,1,1,0,0,255,2,12,0
9351201,0,0,1,1,0,0,255,2,12,0
9351238,0,1,1,0,1,0,255,2,12,0
9351700,0,0,1,1,0,0,255,2,12,0
9352288,0,0,1,1,0,0,255,2,12,0
9352840,1,1,1,1,1,0,255,2,12,0
9352999,1,1,1,1,1,0,255,2,12,0
9353304,0,0,1,1,0,0,255,2,12,0
9353640,0,1,1,0,1,0,255,2,12,0
9353661,0,0,0,0,1,0,255,2,12,0
9353933,1,1,0,0,0,0,255,2,12,0
9354222,0,1,1,0,1,0,255,2,12,0
9354299,0,1,0,1,0,0,255,2,12,0
9354423,0,1,0,0,0,0,255,2,12,0
9354880,1,0,1,0,0,0,255,2,12,0
9355379,0,0,0,0,1,0,255,2,12,0
9355486,0,1,0,1,0,0,255,2,12,0
9355834,0,0,1,1,0,0,255,2,12,0
9356078,1,0,0,1,1,0,255,2,12,0
9356312,1,0,1,0,0,0,255,2,12,0
9356398,1,0,1,0,0,0,255,2,12,0
9356450,1,0,0,1,1,0,255,2,12,0
9357328,1,1,1,1,1,0,255,2,12,0
9357469,1,0,0,1,1,0,255,2,12,0
9357633,1,0,0,1,1,0,255,2,12,0
9357704,0,0,1,1,0,0,255,2,12,0
9357819,1,1,1,1,1,0,255,2,12,0
9357854,0,1,0,1,0,0,255,2,12,0
9357902,1,0,1,0,0,0,255,2,12,0
9358075,1,1,1,1,1,0,255,2,12,0
9358540,1,0,1,0,0,0,255,2,12,0
9358571,0,0,1,1,0,0,255,2,12,0
9358602,0,1,1,0,1,0,255,2,12,0
9359061,1,1,0,0,0,0,255,2,12,0
9359145,0,1,1,0,1,0,255,2,12,0
9359393,0,0,0,0,1,0,255,2,12,0
9359460,1,0,0,1,1,0,255,2,12,0
9359515,1,0,0,1,1,0,255,2,12,0
9360048,0,0,0,0,1,0,255,2,12,0
9360668,1,0,0,1,1,0,255,2,12,0
9360675,0,0,0,0,1,0,255,2,12,0
9360715,1,0,1,1,0,0,255,2,12,0
9361005,1,1,1,1,1,0,255,2,12,0
9361357,0,0,1,1,0,0,255,2,12,0
9362023,0,1,0,1,0,0,255,2,12,0
9362114,1,1,0,0,0,0,255,2,12,0
9362389,0,0,1,1,0,0,255,2,12,0
9362436,0,1,1,0,1,0,255,2,12,0
9363125,0,0,0,0,1,0,255,2,12,0
9363167,0,0,0,0,1,0,255,2,12,0
9363180,0,0,1,1,0,0,255,2,12,0
9364047,1,1,0,0,0,0,255,2,12,0
9364117,0,0,0,0,1,0,255,2,12,0
9364914,0,0,0,0,1,0,255,2,12,0
9364925,1,1,1,1,1,0,255,2,12,0
9364958,0,0,0,0,1,0,255,2,12,0
9365064,0,0,0,0,1,0,255,2,12,0
9365120,0,1,1,0,1,0,255,2,12,0
9365208,0,1,0,1,0,0,255,2,12,0
9365411,0,0,0,0,1,0,255,2,12,0
9365439,1,0,1,0,0,0,255,2,12,0
9365514,1,1,1,1,1,0,255,2,12,0
9365895,0,1,1,0,1,0,255,2,12,0
9366001,1,1,1,1,1,0,255,2,12,0
9366096,0,0,1,1,0,0,255,2,12,0
9366195,0,0,1,1,0,0,255,2,12,0
9366672,1,1,1,1,1,0,255,2,12,0
9366921,1,0,1,0,0,0,255,2,12,0
9366932,0,1,1,0,1,0,255,2,12,0
9366947,1,1,0,0,0,0,255,2,12,0
9367263,1,0,0,1,1,0,255,2,12,0
9367300,1,0,1,0,0,0,255,2,12,0
9367367,1,0,0,1,1,0,255,2,12,0
9367370,1,0,1,0,0,0,255,2,12,0
9367791,1,1,1,1,1,0,255,2,12,0
9367897,1,0,1,0,0,0,255,2,12,0
9368005,1,0,0,1,1,0,255,2,12,0
9368390,0,1,1,0,1,0,255,2,12,0
9368407,1,0,0,1,1,0,255,2,12,0
9368418,1,0,1,0,0,0,255,2,12,0
9368748,1,1,1,1,1,0,255,2,12,0
9368813,1,0,0,1,1,0,255,2,12,0
9369048,1,0,0,1,1,0,255,2,12,0
9369225,0,0,0,0,1,0,255,2,12,0
9369228,0,1,0,1,0,0,255,2,12,0
9369276,0,1,0,1,0,0,255,2,12,0
9369558,1,1,0,0,0,0,255,2,12,0
9369641,0,0,1,1,0,0,255,2,12,0
9369651,0,0,0,0,1,0,255,2,12,0
9369914,0,1,1,0,1,0,255,2,12,0
9369993,0,1,0,1,0,0,255,2,12,0
9370266,1,1,0,0,0,0,255,2,12,0
9370315,0,1,1,0,1,0,255,2,12,0
9370757,1,1,0,0,0,0,255,2,12,0
9370786,1,0,0,1,1,0,255,2,12,0
9371364,0,1,1,0,1,0,255,2,12,0
9371473,0,0,1,1,0,0,255,2,12,0
9371485,1,1,0,0,0,0,255,2,12,0
9371690,1,0,1,0,0,0,174,2,12,0
9372086,0,1,1,0,1,0,174,2,12,0
9373458,0,0,0,0,1,0,174,2,12,0
9373956,1,0,1,0,0,0,174,2,12,0
9374934,0,0,0,0,1,0,174,2,12,0
9375106,1,1,0,0,0,0,174,2,12,0
9375115,1,1,0,0,0,0,174,2,12,0
9376029,0,1,0,1,0,0,174,2,12,0
9376664,0,1,1,1,1,1,174,2,12,0
9377128,1,0,0,1,1,0,174,2,12,0
9377148,0,0,0,0,1,0,174,2,12,0
9377217,1,0,1,0,0,0,174,2,12,0
9377381,0,0,0,0,1,0,174,2,12,0
9378273,1,0,0,1,1,0,174,2,12,0
9378399,0,0,0,1,1,1,174,2,12,0
9378450,0,1,1,0,1,0,174,2,12,0
9378486,1,1,0,0,0,0,174,2,12,0
9378667,0,1,0,1,0,0,174,2,12,0
9378788,0,0,1,1,0,0,174,2,12,0
9380005,1,1,0,0,0,0,174,2,12,0
9380150,0,1,1,0,1,0,174,2,12,0
9380576,1,0,1,0,0,0,174,2,12,0
9380650,0,1,0,1,0,0,174,2,12,0
9381515,0,0,1,1,0,0,174,2,12,0
9381578,0,1,0,1,0,0,174,2,12,0
9382006,0,1,0,1,0,0,174,2,12,0
9382951,0,0,1,1,0,0,174,2,12,0
9383959,1,1,1,1,1,0,174,2,12,0
9384728,0,0,0,0,1,0,174,2,12,0
9384767,0,1,1,0,1,0,174,2,12,0
9385363,0,1,0,1,0,0,174,2,12,0
9385559,0,1,1,0,1,0,174,2,12,0
9385709,0,0,0,0,1,0,174,2,12,0
9386039,1,0,1,0,0,0,174,2,12,0
9386280,1,0,1,0,0,0,174,2,12,0
9386727,0,1,1,0,1,0,174,2,12,0
9386887,0,0,1,1,0,0,174,2,12,0
9387149,1,1,1,1,1,0,174,2,12,0
9387268,1,0,0,1,1,0,174,2,12,0
9387383,0,1,1,0,1,0,174,2,12,0
9387745,1,1,1,1,1,0,174,2,12,0
9389059,0,0,1,1,0,0,174,2,12,0
9389189,0,0,1,1,0,0,174,2,12,0
9389559,0,1,1,0,1,0,174,2,12,0
9389764,1,1,1,1,1,0,174,2,12,0
9390412,0,0,1,1,0,0,174,2,12,0
9390532,1,1,1,1,1,0,174,2,12,0
9391090,1,1,1,1,1,0,174,2,12,0
9391545,0,0,0,0,1,0,174,2,12,0
9391600,1,1,1,1,1,0,174,2,12,0
9391861,0,1,0,1,0,0,174,2,12,0
9392945,1,1,0,0,0,0,174,2,12,0
9393074,1,1,1,1,1,0,174,2,12,0
9395107,0,0,0,0,1,0,174,2,12,0
9395969,0,0,0,0,1,0,174,2,12,0
9395996,0,1,0,0,0,0,174,2,12,0
9396941,1,1,1,1,1,0,174,2,12,0
9397341,1,0,1,0,0,0,174,2,12,0
9397443,1,1,1,1,1,0,174,2,12,0
9397942,0,1,1,0,1,0,174,2,12,0
9398467,1,1,1,1,1,0,174,2,12,0
9398743,1,0,0,1,1,0,174,2,12,0
9399369,1,1,0,0,0,0,174,2,12,0
9401854,0,0,1,1,0,0,174,2,12,0
9401865,0,0,1,1,0,0,174,2,12,0
9401981,1,0,0,1,1,0,174,2,12,0
9403410,1,0,0,1,1,0,174,2,12,0
9403647,1,0,0,1,1,0,174,2,12,0
9403845,1,0,1,0,0,0,174,2,12,0
9404002,1,0,1,0,0,0,174,2,12,0
9405497,1,1,0,0,0,0,174,2,12,0
9405903,0,0,1,1,0,0,174,2,12,0
9406181,0,0,1,1,0,0,174,2,12,0
9406477,0,1,1,0,1,0,174,2,12,0
9406492,1,0,1,0,0,0,174,2,12,0
9407132,0,1,1,0,1,0,174,2,12,0
9407264,1,1,1,1,1,0,174,2,12,0
9407584,1,1,0,0,0,0,174,2,12,0
9408181,0,1,0,1,0,0,174,2,12,0
9408352,1,0,1,0,0,0,174,2,12,0
9408627,1,0,0,1,1,0,174,2,12,0
9408883,1,0,1,0,0,0,174,2,12,0
9409514,0,1,1,0,1,0,174,2,12,0
9409978,1,0,0,1,1,0,174,2,12,0
9410733,1,0,0,1,1,0,174,2,12,0
9411174,0,1,1,0,1,0,174,2,12,0
9411445,1,1,0,0,0,0,174,2,12,0
9412096,0,1,1,0,1,0,174,2,12,0
9412134,1,1,0,0,0,0,174,2,12,0
9412432,0,0,1,1,0,0,174,2,12,0
9413203,0,0,1,1,0,0,174,2,12,0
9413289,0,1,0,1,0,0,174,2,12,0
9414671,0,0,0,0,1,0,174,2,12,0
9415020,1,0,0,1,1,0,174,2,12,0
9415311,0,0,1,1,0,0,174,2,12,0
9415460,1,0,1,0,0,0,174,2,12,0
9415468,1,0,0,1,1,0,174,2,12,0
9415724,0,1,0,1,0,0,174,2,12,0
9415894,1,0,0,1,1,0,174,2,12,0
9415962,0,1,1,0,1,0,174,2,12,0
9417644,0,0,1,1,0,0,174,2,12,0
9417866,0,1,0,1,0,0,174,2,12,0
9417998,1,0,0,1,1,0,174,2,12,0
9418090,1,1,1,1,1,0,174,2,12,0
9419314,1,0,0,1,1,0,174,2,12,0
9419454,1,1,1,1,1,0,174,2,12,0
9421459,0,1,1,0,1,0,174,2,12,0
9422028,1,1,0,0,0,0,174,2,12,0
9422241,1,1,0,0,0,0,174,2,12,0
9422408,1,1,0,0,0,0,174,2,12,0
9422420,1,1,0,0,0,0,174,2,12,0
9422530,1,1,1,1,1,0,174,2,12,0
9422773,1,1,1,1,1,0,174,2,12,0
9423139,0,1,1,0,1,0,174,2,12,0
9423366,0,1,0,1,0,0,174,2,12,0
9423440,1,1,0,0,0,0,174,2,12,0
9423664,0,0,0,0,1,0,174,2,12,0
9423744,0,0,0,0,1,0,174,2,12,0
9424175,1,1,1,1,1,0,174,2,12,0
9425239,1,0,0,1,1,0,174,2,12,0
9425658,1,1,1,1,1,0,174,2,12,0
9426004,0,0,1,1,0,0,174,2,12,0
9426019,1,1,1,1,1,0,174,2,12,0
9426634,0,1,1,0,1,0,174,2,12,0
9427979,1,1,1,1,1,0,174,2,12,0
9427992,0,0,0,0,1,0,174,2,12,0
9428427,1,1,1,1,1,0,174,2,12,0
9428524,1,0,0,1,1,0,174,2,12,0
9428609,0,1,1,0,1,0,174,2,12,0
9429419,0,1,1,0,1,0,174,2,12,0
9429728,1,0,1,0,0,0,174,2,12,0
9429857,0,0,1,1,0,0,174,2,12,0
9429969,1,0,0,1,1,0,174,2,12,0
9429986,0,0,0,0,1,0,174,2,12,0
9430096,0,0,1,1,0,0,174,2,12,0
9430338,0,1,0,1,0,0,174,2,12,0
9430391,0,0,0,0,1,0,174,2,12,0
9431649,1,0,1,0,0,0,174,2,12,0
9431707,1,0,0,0,1,1,174,2,12,0
9431732,0,1,1,0,1,0,174,2,12,0
9433677,1,1,1,1,1,0,174,2,12,0
9433878,0,0,0,0,1,0,174,2,12,0
9434278,1,1,1,1,1,0,174,2,12,0
9434337,1,1,0,0,0,0,174,2,12,0
9434449,1,1,0,0,0,0,174,2,12,0
9434802,0,0,1,1,0,0,174,2,12,0
9434888,1,1,0,0,0,0,174,2,12,0
9435735,1,0,1,0,0,0,174,2,12,0
9436168,0,1,1,0,1,0,174,2,12,0
9436785,0,0,1,1,0,0,174,2,12,0
9436995,0,0,1,1,0,0,174,2,12,0
9437694,0,1,0,1,0,0,255,2,12,0
9437740,1,0,0,1,1,0,255,2,12,0
9437819,0,1,0,1,0,0,255,2,12,0
9438094,1,0,1,0,0,0,255,2,12,0
9438512,1,0,1,0,0,0,255,2,12,0
9438699,1,1,1,1,1,0,255,2,12,0
9438965,0,0,0,0,1,0,255,2,12,0
9439434,1,0,1,0,0,0,255,2,12,0
9440062,0,1,0,1,0,0,255,2,12,0
9440079,1,1,0,0,0,0,255,2,12,0
9440371,1,0,0,1,1,0,255,2,12,0
9440511,1,0,1,0,0,0,255,2,12,0
9440591,0,1,1,0,1,0,255,2,12,0
9440601,1,0,1,0,0,0,255,2,12,0
9440713,1,1,0,0,0,0,255,2,12,0
9440765,0,1,1,0,1,0,255,2,12,0
9440894,1,0,1,0,0,0,255,2,12,0
9440921,0,0,0,0,1,0,255,2,12,0
9440981,0,0,0,0,1,0,255,2,12,0
9441080,1,1,1,1,1,0,255,2,12,0
9441094,1,1,1,1,1,0,255,2,12,0
9441491,1,0,0,1,1,0,255,2,12,0
9441780,0,0,0,0,1,0,255,2,12,0
9441990,0,0,0,0,1,0,255,2,12,0
9442116,1,1,1,1,1,0,255,2,12,0
9442373,1,1,1,1,1,0,255,2,12,0
9442655,0,0,1,1,0,0,255,2,12,0
9442706,1,0,0,1,1,0,255,2,12,0
9442855,0,0,1,1,0,0,255,2,12,0
9442947,1,1,1,1,1,0,255,2,12,0
9443170,1,1,1,1,1,0,255,2,12,0
9443346,0,1,0,1,0,0,255,2,12,0
9443405,0,0,1,1,0,0,255,2,12,0
9443522,0,1,0,1,0,0,255,2,12,0
9443647,1,1,1,1,1,0,255,2,12,0
9443726,1,0,1,0,0,0,255,2,12,0
9443801,1,0,1,0,0,0,255,2,12,0
9443827,1,1,0,0,0,0,255,2,12,0
9443848,1,0,1,0,0,0,255,2,12,0
9443869,0,0,1,1,0,0,255,2,12,0
9444069,1,0,1,0,0,0,255,2,12,0
9444171,0,1,0,1,0,0,255,2,12,0
9444241,0,0,0,0,1,0,255,2,12,0
9444342,0,0,0,0,1,0,255,2,12,0
9444344,1,1,1,1,1,0,255,2,12,0
9444448,1,0,1,0,0,0,255,2,12,0
9444844,0,0,1,1,0,0,255,2,12,0
9444859,0,0,1,1,0,0,255,2,12,0
9444943,1,0,0,1,1,0,255,2,12,0
9445035,0,1,0,1,0,0,255,2,12,0
9445414,0,1,1,0,1,0,255,2,12,0
9445536,1,0,1,0,0,0,255,2,12,0
9445722,1,0,0,1,1,0,255,2,12,0
9445762,0,1,1,0,1,0,255,2,12,0
9445970,1,0,1,1,0,0,255,2,12,0
9446138,1,1,1,1,1,0,255,2,12,0
9446406,1,0,1,1,0,0,255,2,12,0
9446926,0,1,1,0,1,0,255,2,12,0
9447011,1,0,1,0,0,0,255,2,12,0
9447072,0,0,1,1,0,0,255,2,12,0
9447336,1,1,0,0,0,0,255,2,12,0
9447422,0,0,1,1,0,0,255,2,12,0
9447708,1,1,1,1,1,0,255,2,12,0
9447990,1,1,1,1,1,0,255,2,12,0
9448057,0,1,1,0,1,0,255,2,12,0
9448300,1,0,1,0,0,0,255,2,12,0
9448665,0,1,1,0,1,0,255,2,12,0
9448719,1,0,1,0,0,0,255,2,12,0
9448756,0,0,1,1,0,0,255,2,12,0
9448922,1,0,0,1,1,0,255,2,12,0
9449009,0,0,1,1,0,0,255,2,12,0
9449068,0,1,0,1,0,0,255,2,12,0
9449082,1,1,0,0,0,0,255,2,12,0
9449138,1,0,0,1,1,0,255,2,12,0
9449171,1,0,0,1,1,0,255,2,12,0
9449366,1,1,0,0,0,0,255,2,12,0
9449690,1,1,1,0,1,1,255,2,12,0
9449786,1,1,0,0,0,0,255,2,12,0
9450060,1,0,1,0,0,0,255,2,12,0
9450342,1,0,1,0,0,0,255,2,12,0
9450569,0,1,0,1,0,0,255,2,12,0
9450730,0,0,0,0,1,0,255,2,12,0
9450860,0,0,1,1,0,0,255,2,12,0
9450914,1,1,0,0,0,0,255,2,12,0
9451108,0,1,0,1,0,0,255,2,12,0
9451113,0,1,1,0,1,0,255,2,12,0
9451294,1,1,1,1,1,0,255,2,12,0
9451368,1,1,0,0,0,0,255,2,12,0
9451435,1,1,1,1,1,0,255,2,12,0
9452353,1,1,1,1,1,0,255,2,12,0
9452453,0,0,0,0,1,0,255,2,12,0
9452771,0,1,1,0,1,0,255,2,12,0
9452819,0,1,1,0,1,0,255,2,12,0
9452978,0,1,1,0,1,0,255,2,12,0
9452985,1,0,1,0,0,0,255,2,12,0
9453087,0,1,1,0,1,0,255,2,12,0
9453181,1,1,1,1,1,0,255,2,12,0
9453258,0,1,0,1,0,0,255,2,12,0
9453316,0,1,1,0,1,0,255,2,12,0
9453392,0,0,0,0,1,0,255,2,12,0
9453489,1,1,0,0,0,0,255,2,12,0
9453682,1,1,0,0,0,0,255,2,12,0
9453720,0,0,0,0,1,0,255,2,12,0
9453857,1,1,0,0,0,0,255,2,12,0
9453912,0,0,0,0,1,0,255,2,12,0
9453955,1,0,0,1,1,0,255,2,12,0
9454648,1,0,1,0,0,0,255,2,12,0
9455027,0,0,0,0,1,0,255,2,12,0
9455131,0,0,0,0,1,0,255,2,12,0
9455181,1,1,0,0,0,0,255,2,12,0
9455443,1,0,1,0,0,0,255,2,12,0
9455638,0,1,0,1,0,0,255,2,12,0
9455750,0,1,0,1,0,0,255,2,12,0
9455773,0,0,0,0,1,0,255,2,12,0
9456247,0,0,1,1,0,0,255,2,12,0
9456339,1,1,0,0,0,0,255,2,12,0
9456438,1,0,1,0,0,0,255,2,12,0
9456550,0,1,0,1,0,0,255,2,12,0
9456788,1,0,1,0,0,0,255,2,12,0
9456807,0,0,0,0,1,0,255,2,12,0
9456936,1,1,1,1,1,0,255,2,12,0
9456988,1,0,1,0,0,0,255,2,12,0
9457103,1,1,0,0,0,0,255,2,12,0
9457746,0,0,0,0,1,0,255,2,12,0
9457833,0,0,1,1,0,0,255,2,12,0
9457867,0,1,1,0,1,0,255,2,12,0
9457876,0,0,0,0,1,0,255,2,12,0
9457887,0,1,1,0,1,0,255,2,12,0
9458057,1,0,0,1,1,0,255,2,12,0
9458183,1,1,0,0,0,0,255,2,12,0
9458280,0,1,0,1,0,0,255,2,12,0
9458367,0,1,1,0,1,0,255,2,12,0
9459431,1,0,1,0,0,0,255,2,12,0
9459879,1,1,1,1,1,0,255,2,12,0
9460091,0,0,1,1,0,0,255,2,12,0
9460101,1,0,0,1,1,0,255,2,12,0
9460448,1,1,1,1,1,0,255,2,12,0
9460586,1,1,1,1,1,0,255,2,12,0
9460914,0,0,1,1,0,0,255,2,12,0
9461145,1,0,1,0,0,0,255,2,12,0
9461504,0,1,0,1,0,0,255,2,12,0
9461599,1,0,1,0,0,0,255,2,12,0
9461668,1,1,1,1,1,0,255,2,12,0
9461686,1,0,1,0,0,0,255,2,12,0
9461695,0,0,0,0,1,0,255,2,12,0
9461925,0,1,1,0,1,0,255,2,12,0
9462084,1,1,1,1,1,0,255,2,12,0
9462315,1,0,1,0,0,0,255,2,12,0
9462452,1,0,0,0,1,1,255,2,12,0
9462524,0,0,1,1,0,0,255,2,12,0
9462536,0,0,0,0,1,0,255,2,12,0
9462550,0,0,0,0,1,0,255,2,12,0
9462554,0,1,1,0,1,0,255,2,12,0
9462977,0,1,0,1,0,0,255,2,12,0
9463560,1,0,1,0,0,0,255,2,12,0
9463602,0,1,0,1,0,0,255,2,12,0
9463981,0,1,1,0,1,0,255,2,12,0
9464150,1,0,0,1,1,0,255,2,12,0
9464159,0,0,1,1,0,0,255,2,12,0
9464166,1,1,1,1,1,0,255,2,12,0
9464209,0,0,0,0,1,0,255,2,12,0
9464560,1,0,0,1,1,0,255,2,12,0
9464701,1,1,0,0,0,0,255,2,12,0
9465668,0,0,1,1,0,0,255,2,12,0
9465722,0,1,1,0,1,0,255,2,12,0
9465737,1,1,0,0,0,0,255,2,12,0
9465843,0,1,0,0,0,0,255,2,12,0
9465861,1,0,1,0,0,0,255,2,12,0
9465907,1,0,0,0,1,1,255,2,12,0
9466437,0,0,1,1,0,0,255,2,12,0
9466931,1,1,1,1,1,0,255,2,12,0
9467101,0,0,0,0,1,0,255,2,12,0
9467299,1,1,1,1,1,0,255,2,12,0
9467534,0,0,0,0,1,0,255,2,12,0
9468056,1,1,1,1,1,0,255,2,12,0
9468300,1,0,1,0,0,0,255,2,12,0
9468373,0,0,0,0,1,0,255,2,12,0
9468901,0,1,0,1,0,0,255,2,12,0
9468936,1,0,1,0,0,0,255,2,12,0
9468989,1,1,0,1,0,0,255,2,12,0
9469132,1,0,0,1,1,0,255,2,12,0
9469143,0,1,1,0,1,0,255,2,12,0
9469189,0,1,1,0,1,0,255,2,12,0
9469293,0,1,0,1,0,0,255,2,12,0
9469299,1,1,1,1,1,0,255,2,12,0
9469484,1,0,1,0,0,0,255,2,12,0
9469585,0,0,0,0,1,0,255,2,12,0
9469780,1,1,0,0,0,0,255,2,12,0
9469930,1,0,0,1,1,0,255,2,12,0
9469971,0,0,0,0,1,0,255,2,12,0
9470139,1,1,1,1,1,0,255,2,12,0
9470196,0,0,0,0,1,0,255,2,12,0
9470394,0,0,1,1,0,0,255,2,12,0
9470421,0,1,0,1,0,0,255,2,12,0
9470625,0,0,0,0,1,0,255,2,12,0
9470679,0,0,1,1,0,0,255,2,12,0
9470807,1,0,1,0,0,0,255,2,12,0
9471982,1,1,0,0,0,0,255,2,12,0
9472229,0,1,1,0,1,0,255,2,12,0
9472410,1,1,1,1,1,0,255,2,12,0
9472651,0,0,1,1,0,0,255,2,12,0
9472894,1,0,1,0,0,0,255,2,12,0
9473116,1,1,1,1,1,0,255,2,12,0
9473172,0,0,0,0,1,0,255,2,12,0
9473539,0,1,0,1,0,0,255,2,12,0
9473548,1,1,0,0,0,0,255,2,12,0
9473775,0,1,0,1,0,0,255,2,12,0
9473985,0,1,1,0,1,0,255,2,12,0
9474191,0,1,1,0,1,0,255,2,12,0
9474443,1,1,1,1,1,0,255,2,12,0
9474935,1,1,1,1,1,0,255,2,12,0
9475285,0,1,1,0,1,0,255,2,12,0
9475480,1,0,0,1,1,0,255,2,12,0
9475615,1,1,1,1,1,0,255,2,12,0
9475830,0,0,1,1,0,0,255,2,12,0
9475866,1,0,1,0,0,0,255,2,12,0
9476411,1,0,1,0,0,0,255,2,12,0
9476615,1,0,1,0,0,0,255,2,12,0
9477336,1,1,0,0,0,0,255,2,12,0
9477694,0,1,1,0,1,0,255,2,12,0
9478035,0,1,0,1,0,0,255,2,12,0
9478116,1,0,1,0,0,0,255,2,12,0
9478182,1,0,1,0,0,0,255,2,12,0
9478304,1,1,0,0,0,0,255,2,12,0
9478506,1,0,1,0,0,0,255,2,12,0
9478806,0,0,0,0,1,0,255,2,12,0
9479361,1,1,0,0,0,0,255,2,12,0
9479705,1,1,0,0,0,0,255,2,12,0
9479804,0,0,1,1,0,0,255,2,12,0
9479881,1,0,0,1,1,0,255,2,12,0
9479889,0,0,1,1,0,0,255,2,12,0
9480497,0,1,1,0,1,0,255,2,12,0
9480683,0,0,0,0,1,0,255,2,12,0
9480741,1,0,0,1,1,0,255,2,12,0
9480747,0,0,0,0,1,0,255,2,12,0
9480906,0,1,0,1,0,0,255,2,12,0
9480930,1,0,0,1,1,0,255,2,12,0
9481044,1,1,0,0,0,0,255,2,12,0
9481240,1,1,1,1,1,0,255,2,12,0
9481330,1,0,0,1,1,0,255,2,12,0
9481522,1,1,1,0,1,1,255,2,12,0
9481558,0,0,0,0,1,0,255,2,12,0
9482432,1,0,1,0,0,0,255,2,12,0
9482619,0,1,1,0,1,0,255,2,12,0
9482998,1,0,1,0,0,0,255,2,12,0
9483473,0,0,0,0,1,0,255,2,12,0
9483487,0,1,1,0,1,0,255,2,12,0
9483543,0,1,0,1,0,0,255,2,12,0
9483556,1,1,1,1,1,0,255,2,12,0
9483741,0,1,0,1,0,0,255,2,12,0
9485214,0,1,1,0,1,0,255,2,12,0
9485541,0,1,1,0,1,0,255,2,12,0
9485611,0,1,1,0,1,0,255,2,12,0
9485896,1,0,1,0,0,0,255,2,12,0
9486003,1,0,1,0,0,0,255,2,12,0
9486029,1,1,0,0,0,0,255,2,12,0
9486068,1,0,1,0,0,0,255,2,12,0
9486288,0,0,1,1,0,0,255,2,12,0
9486360,0,1,1,0,1,0,255,2,12,0
9486497,1,0,1,0,0,0,255,2,12,0
9486510,1,1,1,1,1,0,255,2,12,0
9486523,0,0,0,0,1,0,255,2,12,0
9486575,0,0,1,1,0,0,255,2,12,0
9487601,0,1,0,1,0,0,255,2,12,0
9487792,1,1,0,0,0,0,255,2,12,0
9487798,1,1,0,0,0,0,255,2,12,0
9487999,1,1,1,1,1,0,255,2,12,0
9488192,1,1,0,0,0,0,255,2,12,0
9488213,1,0,1,0,0,0,255,2,12,0
9488389,0,1,1,0,1,0,255,2,12,0
9488854,1,1,0,0,0,0,255,2,12,0
9488861,0,0,1,1,0,0,255,2,12,0
9489088,1,0,0,1,1,0,255,2,12,0
9489168,0,0,1,1,0,0,255,2,12,0
9489173,1,0,1,0,0,0,255,2,12,0
9489299,0,1,1,0,1,0,255,2,12,0
9489343,1,1,1,1,1,0,255,2,12,0
9489355,1,1,1,1,1,0,255,2,12,0
9489510,0,1,0,1,0,0,255,2,12,0
9489781,0,1,1,0,1,0,255,2,12,0
9489995,0,1,1,0,1,0,255,2,12,0
9490020,1,0,1,0,0,0,255,2,12,0
9490066,0,0,1,1,0,0,255,2,12,0
9490176,1,1,0,0,0,0,255,2,12,0
9490257,1,0,0,1,1,0,255,2,12,0
9490325,1,0,1,0,0,0,255,2,12,0
9490597,1,0,1,0,0,0,255,2,12,0
9490612,1,0,0,1,1,0,255,2,12,0
9490649,1,1,0,0,0,0,255,2,12,0
9490817,0,1,0,1,0,0,255,2,12,0
9490830,1,1,1,1,1,0,255,2,12,0
9490842,0,1,0,1,0,0,255,2,12,0
9491447,1,0,1,0,0,0,255,2,12,0
9491733,0,0,1,1,0,0,255,2,12,0
9491882,1,1,1,1,1,0,255,2,12,0
9492163,0,0,0,0,1,0,255,2,12,0
9492263,0,1,1,0,1,0,255,2,12,0
9492395,1,0,0,1,1,0,255,2,12,0
9492530,0,0,1,1,0,0,255,2,12,0
9492704,1,1,0,0,0,0,255,2,12,0
9492896,1,1,1,1,1,0,255,2,12,0
9493097,0,0,0,1,1,1,255,2,12,0
9493930,1,0,0,1,1,0,255,2,12,0
9494522,1,1,0,0,0,0,255,2,12,0
9494835,1,0,1,0,0,0,255,2,12,0
9495015,1,0,1,0,0,0,255,2,12,0
9495185,1,1,1,1,1,0,255,2,12,0
9495377,0,0,1,1,0,0,255,2,12,0
9495385,0,0,0,0,1,0,255,2,12,0
9495540,1,1,1,1,1,0,255,2,12,0
9495547,0,1,0,1,0,0,255,2,12,0
9495865,0,1,0,1,0,0,255,2,12,0
9495940,0,0,1,1,0,0,255,2,12,0
9496401,0,0,0,0,1,0,255,2,12,0
9496503,0,0,0,0,1,0,255,2,12,0
9496768,0,1,1,0,1,0,255,2,12,0
9496798,0,0,1,1,0,0,255,2,12,0
9496923,0,1,0,1,0,0,255,2,12,0
9497038,1,0,0,1,1,0,255,2,12,0
9497087,1,1,1,1,1,0,255,2,12,0
9497160,1,1,0,0,0,0,255,2,12,0
9497223,0,1,1,0,1,0,255,2,12,0
9497334,1,0,0,1,1,0,255,2,12,0
9497352,1,1,0,0,0,0,255,2,12,0
9497425,1,0,1,0,0,0,255,2,12,0
9498113,1,1,1,1,1,0,255,2,12,0
9498242,0,1,0,1,0,0,255,2,12,0
9498605,0,1,0,1,0,0,255,2,12,0
9498844,0,1,1,0,1,0,255,2,12,0
9498867,0,0,0,0,1,0,255,2,12,0
9498877,0,1,1,0,1,0,255,2,12,0
9498935,0,1,0,1,0,0,255,2,12,0
9498992,1,0,1,0,0,0,255,2,12,0
9499427,0,1,0,1,0,0,255,2,12,0
9499527,0,0,1,1,0,0,255,2,12,0
9499576,1,1,0,0,0,0,255,2,12,0
9499701,1,1,1,1,1,0,255,2,12,0
9500099,1,0,0,1,1,0,255,2,12,0
9500395,0,0,1,1,0,0,255,2,12,0
9501035,1,0,0,1,1,0,255,2,12,0
9501171,0,1,0,1,0,0,255,2,12,0
9501274,1,1,0,0,0,0,255,2,12,0
9501755,1,0,1,0,0,0,255,2,12,0
9501907,1,1,1,1,1,0,255,2,12,0
9501996,0,1,0,1,0,0,255,2,12,0
9502407,1,0,0,1,1,0,255,2,12,0
9502419,0,1,1,0,1,0,255,2,12,0
9502618,0,1,1,0,1,0,255,2,12,0
9502912,0,1,0,1,0,0,255,2,12,0
9502976,1,0,0,1,1,0,255,2,12,0
9503101,0,0,1,0,0,0,255,2,12,0
9503156,0,1,0,1,0,0,255,2,12,0
9503219,0,0,0,0,1,0,255,2,12,0
9503398,0,1,1,0,1,0,255,2,12,0
9503441,1,1,0,0,0,0,255,2,12,0
9503448,0,0,1,1,0,0,255,2,12,0
9503495,0,0,0,0,1,0,255,2,12,0
9503679,1,1,1,1,1,0,255,2,12,0
9503866,0,1,1,0,1,0,255,2,12,0
9503928,1,1,1,1,1,0,255,2,12,0
9503984,0,0,0,0,1,0,255,2,12,0
9504097,0,1,1,0,1,0,255,2,12,0
9504112,0,1,0,1,0,0,255,2,12,0
9504155,1,1,0,0,0,0,255,2,12,0
9504172,0,0,0,0,1,0,255,2,12,0
9504299,0,0,0,0,1,0,255,2,12,0
9504451,1,0,0,1,1,0,255,2,12,0
9504492,1,1,1,1,1,0,255,2,12,0
9504542,0,1,1,1,1,1,255,2,12,0
9504572,1,1,0,0,0,0,255,2,12,0
9504789,0,1,1,0,1,0,255,2,12,0
9504944,1,0,0,1,1,0,255,2,12,0
9504998,1,0,0,1,1,0,255,2,12,0
9505112,1,1,1,1,1,0,255,2,12,0
9505265,1,1,1,1,1,0,255,2,12,0
9505276,1,1,0,0,0,0,255,2,12,0
9505421,1,1,1,1,1,0,255,2,12,0
9505540,1,1,1,1,1,0,255,2,12,0
9505647,0,1,0,1,0,0,255,2,12,0
9505649,1,1,0,0,0,0,255,2,12,0
9505690,0,1,1,0,1,0,255,2,12,0
9505772,0,1,1,0,1,0,255,2,12,0
9505892,1,0,0,1,1,0,255,2,12,0
9505919,0,1,0,1,0,0,255,2,12,0
9505951,1,1,1,1,1,0,255,2,12,0
9505983,0,0,1,1,0,0,255,2,12,0
9505992,0,0,1,1,0,0,255,2,12,0
9506127,0,0,1,1,0,0,255,2,12,0
9506226,0,1,1,0,1,0,255,2,12,0
9506323,1,0,0,1,1,0,255,2,12,0
9506333,1,0,0,1,1,0,255,2,12,0
9506369,0,1,0,1,0,0,255,2,12,0
9506437,1,1,1,1,1,0,255,2,12,0
9506480,0,0,0,0,1,0,255,2,12,0
9506518,1,0,1,0,0,0,255,2,12,0
9506630,0,0,0,0,1,0,255,2,12,0
9506638,1,0,0,1,1,0,255,2,12,0
9506711,0,1,1,0,1,0,255,2,12,0
9506763,0,1,1,0,1,0,255,2,12,0
9507034,1,0,1,0,0,0,255,2,12,0
9507360,0,1,1,0,1,0,255,2,12,0
9507366,1,1,1,1,1,0,255,2,12,0
9507457,1,1,1,1,1,0,255,2,12,0
9507563,1,1,0,0,0,0,255,2,12,0
9507731,1,0,1,0,0,0,255,2,12,0
9507736,0,0,1,1,0,0,255,2,12,0
9507789,1,0,0,1,1,0,255,2,12,0
9507814,0,1,0,1,0,0,255,2,12,0
9508038,1,1,0,1,0,0,255,2,12,0
9508054,0,0,0,0,1,0,255,2,12,0
9508112,1,0,1,0,0,0,255,2,12,0
9508290,1,0,0,1,1,0,255,2,12,0
9508620,0,1,0,1,0,0,255,2,12,0
9508662,1,0,1,0,0,0,255,2,12,0
9508754,1,0,0,1,1,0,255,2,12,0
9508807,1,1,1,1,1,0,255,2,12,0
9508845,0,1,0,1,0,0,255,2,12,0
9508891,1,0,1,0,0,0,255,2,12,0
9508949,0,1,1,0,1,0,255,2,12,0
9508979,0,0,1,1,0,0,255,2,12,0
9509044,1,0,1,0,0,0,255,2,12,0
9509086,0,1,0,1,0,0,255,2,12,0
9509188,0,0,1,1,0,0,255,2,12,0
9509213,0,0,1,1,0,0,255,2,12,0
9509221,0,0,0,0,1,0,255,2,12,0
9509246,1,1,0,0,0,0,255,2,12,0
9509271,1,1,0,0,0,0,255,2,12,0
9509662,0,0,0,0,1,0,255,2,12,0
9509708,0,1,1,0,1,0,255,2,12,0
9509769,0,1,1,0,1,0,255,2,12,0
9509911,1,0,1,0,0,0,255,2,12,0
9509976,1,0,0,1,1,0,255,2,12,0
9510074,0,1,0,1,0,0,255,2,12,0
9510081,1,0,1,0,0,0,255,2,12,0
9510118,1,1,1,1,1,0,255,2,12,0
9510685,0,1,1,0,1,0,255,2,12,0
9510686,0,0,0,0,1,0,255,2,12,0
9510794,0,1,1,0,1,0,255,2,12,0
9510841,1,0,1,0,0,0,255,2,12,0
9510855,1,1,0,0,0,0,255,2,12,0
9511092,1,0,0,0,1,1,255,2,12,0
9511218,0,0,1,1,0,0,255,2,12,0
9511343,1,1,0,0,0,0,255,2,12,0
9511383,0,1,0,1,0,0,255,2,12,0
9511458,1,1,1,1,1,0,255,2,12,0
9511757,0,1,0,1,0,0,255,2,12,0
9511768,0,1,0,1,0,0,255,2,12,0
9511786,1,1,1,1,1,0,255,2,12,0
9511806,0,1,1,0,1,0,255,2,12,0
9511941,0,0,0,0,1,0,255,2,12,0
9511988,1,1,1,1,1,0,255,2,12,0
9512131,0,0,1,1,0,0,255,2,12,0
9512159,1,1,1,1,1,0,255,2,12,0
9512291,1,0,0,1,1,0,255,2,12,0
9512457,1,1,1,1,1,0,255,2,12,0
9512486,0,1,1,0,1,0,255,2,12,0
9512629,0,0,1,1,0,0,255,2,12,0
9512727,1,0,0,1,1,0,255,2,12,0
9512839,0,1,0,1,0,0,255,2,12,0
9512857,1,0,1,0,0,0,255,2,12,0
9512925,1,0,0,1,1,0,255,2,12,0
9512970,1,0,0,1,1,0,255,2,12,0
9512993,0,0,1,1,0,0,255,2,12,0
9513009,0,0,0,0,1,0,255,2,12,0
9513041,0,1,1,0,1,0,255,2,12,0
9513111,1,1,0,0,0,0,255,2,12,0
9513206,1,0,0,1,1,0,255,2,12,0
9513208,0,1,0,0,0,0,255,2,12,0
9513309,0,0,0,0,1,0,255,2,12,0
9513323,0,1,0,1,0,0,255,2,12,0
9513376,1,0,0,1,1,0,255,2,12,0
9513496,1,1,0,0,0,0,255,2,12,0
9513609,0,1,0,1,0,0,255,2,12,0
9513758,1,0,1,0,0,0,255,2,12,0
9513776,1,1,1,1,1,0,255,2,12,0
9514082,1,1,0,0,0,0,255,2,12,0
9514111,0,0,0,0,1,0,255,2,12,0
9514387,1,0,1,0,0,0,255,2,12,0
9514407,0,0,1,1,0,0,255,2,12,0
9514474,1,0,1,0,0,0,255,2,12,0
9514530,1,1,1,1,1,0,255,2,12,0
9514656,0,0,1,1,0,0,255,2,12,0
9514661,1,0,0,1,1,0,255,2,12,0
9514786,0,1,0,1,0,0,255,2,12,0
9514854,0,1,0,1,0,0,255,2,12,0
9514857,1,1,1,1,1,0,255,2,12,0
9514865,0,1,0,1,0,0,255,2,12,0
9514869,1,1,1,1,1,0,255,2,12,0
9514899,1,1,0,0,0,0,255,2,12,0
9515032,0,0,0,0,1,0,255,2,12,0
9515047,1,0,1,0,0,0,255,2,12,0
9515048,0,1,0,1,0,0,255,2,12,0
9515254,1,1,1,1,1,0,255,2,12,0
9515409,1,0,1,0,0,0,255,2,12,0
9515456,1,1,1,0,1,1,255,2,12,0
9515480,0,1,1,0,1,0,255,2,12,0
9515499,1,0,1,0,0,0,255,2,12,0
9515540,0,1,1,0,1,0,255,2,12,0
9515548,1,1,1,1,1,0,255,2,12,0
9515710,0,0,0,0,1,0,255,2,12,0
9515865,1,0,0,1,1,0,255,2,12,0
9516210,0,1,1,0,1,0,255,2,12,0
9516234,0,0,1,1,0,0,255,2,12,0
9516276,1,1,1,1,1,0,255,2,12,0
9516283,0,1,1,0,1,0,255,2,12,0
9516408,0,1,1,0,1,0,255,2,12,0
9516672,1,0,0,1,1,0,255,2,12,0
9516742,0,1,0,1,0,0,255,2,12,0
9516779,0,0,1,0,0,0,255,2,12,0
9516934,1,0,0,1,1,0,255,2,12,0
9517068,1,0,1,0,0,0,255,2,12,0
9517197,1,0,0,0,1,1,255,2,12,0
9517461,1,1,1,1,1,0,255,2,12,0
9517595,1,0,0,1,1,0,255,2,12,0
9517608,0,0,0,0,1,0,255,2,12,0
9517667,1,0,0,1,1,0,255,2,12,0
9517729,1,1,1,1,1,0,255,2,12,0
9517777,0,0,0,1,1,1,255,2,12,0
9517847,1,1,0,0,0,0,255,2,12,0
9517866,0,0,0,0,1,0,255,2,12,0
9518030,1,0,0,1,1,0,255,2,12,0
9518070,1,0,0,1,1,0,255,2,12,0
9518156,1,0,0,1,1,0,255,2,12,0
9518395,1,0,1,0,0,0,255,2,12,0
9518546,1,1,0,0,0,0,255,2,12,0
9518582,0,1,0,1,0,0,255,2,12,0
9518634,1,0,0,1,1,0,255,2,12,0
9518744,0,1,1,0,1,0,255,2,12,0
9518947,0,1,1,1,1,1,255,2,12,0
9519009,1,0,0,1,1,0,255,2,12,0
9519046,0,0,0,0,1,0,255,2,12,0
9519090,1,1,0,0,0,0,255,2,12,0
9519178,1,1,1,1,1,0,255,2,12,0
9519260,0,1,1,0,1,0,255,2,12,0
9519289,0,1,1,0,1,0,255,2,12,0
9519344,0,1,0,1,0,0,255,2,12,0
9519357,1,0,0,1,1,0,255,2,12,0
9519463,0,1,1,0,1,0,255,2,12,0
9519481,1,0,0,1,1,0,255,2,12,0
9519657,0,0,1,1,0,0,255,2,12,0
9519689,1,1,1,1,1,0,255,2,12,0
9519796,1,1,1,1,1,0,255,2,12,0
9519864,0,1,0,1,0,0,255,2,12,0
9520017,0,1,1,0,1,0,255,2,12,0
9520383,1,1,0,0,0,0,255,2,12,0
9520449,1,1,1,1,1,0,255,2,12,0
9520468,1,1,0,0,0,0,255,2,12,0
9520505,0,0,1,1,0,0,255,2,12,0
9520522,1,1,0,0,0,0,255,2,12,0
9520888,1,0,0,1,1,0,255,2,12,0
9520953,1,1,1,1,1,0,255,2,12,0
9521042,0,1,0,1,0,0,255,2,12,0
9521217,1,1,0,0,0,0,255,2,12,0
9521241,1,1,1,1,1,0,255,2,12,0
9521268,1,1,0,0,0,0,255,2,12,0
9521329,1,1,1,1,1,0,255,2,12,0
9521491,0,1,0,1,0,0,255,2,12,0
9521573,1,1,0,0,0,0,255,2,12,0
9521574,0,1,1,0,1,0,255,2,12,0
9521587,1,1,1,1,1,0,255,2,12,0
9521594,1,1,0,1,0,0,255,2,12,0
9521866,1,0,0,1,1,0,255,2,12,0
9521960,0,0,1,1,0,0,255,2,12,0
9522073,0,0,0,0,1,0,255,2,12,0
9522140,0,1,1,0,1,0,255,2,12,0
9522265,0,1,0,1,0,0,255,2,12,0
9522289,0,0,1,1,0,0,255,2,12,0
9522427,0,0,1,1,0,0,255,2,12,0
9522451,1,0,1,0,0,0,255,2,12,0
9522510,1,0,0,1,1,0,255,2,12,0
9522523,1,0,0,1,1,0,255,2,12,0
9522596,0,0,0,0,1,0,255,2,12,0
9522690,0,1,0,1,0,0,255,2,12,0
9522737,0,1,1,0,1,0,255,2,12,0
9522877,1,1,1,1,1,0,255,2,12,0
9522900,0,1,0,0,0,0,255,2,12,0
9522993,0,1,0,1,0,0,255,2,12,0
9523062,0,0,0,0,1,0,255,2,12,0
9523079,0,1,0,1,0,0,255,2,12,0
9523328,1,1,1,1,1,0,255,2,12,0
9523443,0,0,1,1,0,0,255,2,12,0
9523468,1,0,1,0,0,0,255,2,12,0
9523640,1,0,0,1,1,0,255,2,12,0
9523641,1,1,1,1,1,0,255,2,12,0
9523698,0,1,0,1,0,0,255,2,12,0
9523939,1,1,0,0,0,0,255,2,12,0
9523947,1,0,1,0,0,0,255,2,12,0
9524136,0,0,0,0,1,0,255,2,12,0
9524235,1,1,0,0,0,0,255,2,12,0
9524324,0,1,1,0,1,0,255,2,12,0
9524408,1,0,0,1,1,0,255,2,12,0
9524508,0,1,0,1,0,0,255,2,12,0
9524681,1,0,1,0,0,0,255,2,12,0
9524845,1,0,0,1,1,0,255,2,12,0
9524973,1,1,1,1,1,0,255,2,12,0
9525065,0,0,0,0,1,0,255,2,12,0
9525868,0,0,1,1,0,0,255,2,12,0
9526061,1,0,0,1,1,0,255,2,12,0
9526202,0,0,1,1,0,0,255,2,12,0
9526300,1,0,1,0,0,0,255,2,12,0
9526316,0,0,0,0,1,0,255,2,12,0
9526534,0,0,0,0,1,0,255,2,12,0
9526637,0,1,0,1,0,0,255,2,12,0
9526643,1,0,1,0,0,0,255,2,12,0
9526760,1,0,1,0,0,0,255,2,12,0
9526767,0,0,1,1,0,0,255,2,12,0
9526842,0,0,1,1,0,0,255,2,12,0
9526938,0,1,0,1,0,0,255,2,12,0
9527118,0,0,0,0,1,0,255,2,12,0
9527119,1,1,1,1,1,0,255,2,12,0
9527143,0,0,1,1,0,0,255,2,12,0
9527181,0,0,0,0,1,0,255,2,12,0
9527236,0,0,1,1,0,0,255,2,12,0
9527238,1,0,1,0,0,0,255,2,12,0
9527241,0,0,0,0,1,0,255,2,12,0
9527273,0,0,1,1,0,0,255,2,12,0
9527276,1,1,1,1,1,0,255,2,12,0
9527667,1,0,0,1,1,0,255,2,12,0
9527679,1,1,1,1,1,0,255,2,12,0
9527751,1,1,1,1,1,0,255,2,12,0
9527915,1,1,0,0,0,0,255,2,12,0
9527977,0,0,0,0,1,0,255,2,12,0
9528079,1,1,0,0,0,0,255,2,12,0
9528317,0,1,0,1,0,0,255,2,12,0
9528411,1,1,0,0,0,0,255,2,12,0
9528572,0,1,1,0,1,0,255,2,12,0
9528583,0,1,1,0,1,0,255,2,12,0
9528641,1,0,1,0,0,0,255,2,12,0
9528651,1,0,1,0,0,0,255,2,12,0
9528704,1,0,0,1,1,0,255,2,12,0
9528731,1,1,0,0,0,0,255,2,12,0
9528893,1,0,1,0,0,0,255,2,12,0
9528940,1,1,1,1,1,0,255,2,12,0
9529220,1,0,1,0,0,0,255,2,12,0
9529290,1,0,0,1,1,0,255,2,12,0
9529295,1,0,0,1,1,0,255,2,12,0
9529484,0,0,1,1,0,0,255,2,12,0
9529527,1,1,0,0,0,0,255,2,12,0
9529635,0,1,1,0,1,0,255,2,12,0
9529900,0,0,1,1,0,0,255,2,12,0
9529905,1,0,0,1,1,0,255,2,12,0
9529914,0,0,1,1,0,0,255,2,12,0
9529933,0,0,1,1,0,0,255,2,12,0
9529998,1,1,0,0,0,0,255,2,12,0
9530171,0,1,1,0,1,0,255,2,12,0
9530514,0,1,1,0,1,0,255,2,12,0
9530541,0,0,0,0,1,0,255,2,12,0
9530567,1,0,0,1,1,0,255,2,12,0
9530586,0,0,0,0,1,0,255,2,12,0
9530689,1,1,1,1,1,0,255,2,12,0
9530727,0,1,0,1,0,0,255,2,12,0
9530819,0,0,0,1,1,1,255,2,12,0
9530878,0,0,0,0,1,0,255,2,12,0
9530880,0,0,0,0,1,0,255,2,12,0
9530899,0,0,1,1,0,0,255,2,12,0
9530955,1,0,0,1,1,0,255,2,12,0
9531016,0,0,1,1,0,0,255,2,12,0
9531127,0,0,0,0,1,0,255,2,12,0
9531239,0,1,1,0,1,0,255,2,12,0
9531285,1,1,1,1,1,0,255,2,12,0
9531414,1,1,1,1,1,0,255,2,12,0
9531421,0,1,0,1,0,0,255,2,12,0
9531503,0,1,0,1,0,0,255,2,12,0
9531645,1,1,0,0,0,0,255,2,12,0
9531712,1,1,1,1,1,0,255,2,12,0
9531834,1,1,1,1,1,0,255,2,12,0
9531845,1,1,0,0,0,0,255,2,12,0
9531868,1,0,1,0,0,0,255,2,12,0
9532087,1,1,0,0,0,0,255,2,12,0
9532208,1,0,1,0,0,0,255,2,12,0
9532242,1,0,1,0,0,0,255,2,12,0
9532279,1,1,0,0,0,0,255,2,12,0
9532330,0,0,1,1,0,0,255,2,12,0
9532338,1,1,0,0,0,0,255,2,12,0
9532371,0,1,1,0,1,0,255,2,12,0
9532401,0,0,1,1,0,0,255,2,12,0
9532591,0,0,1,1,0,0,255,2,12,0
9532640,0,1,1,0,1,0,255,2,12,0
9532927,1,0,0,1,1,0,255,2,12,0
9532969,1,1,0,0,0,0,255,2,12,0
9532976,1,0,1,0,0,0,255,2,12,0
9533043,0,0,0,0,1,0,255,2,12,0
9533061,0,0,0,0,1,0,255,2,12,0
9533072,1,1,1,1,1,0,255,2,12,0
9533217,1,0,1,0,0,0,255,2,12,0
9533232,0,1,1,0,1,0,255,2,12,0
9533310,1,1,1,1,1,0,255,2,12,0
9533463,0,1,1,0,1,0,255,2,12,0
9533470,0,1,0,1,0,0,255,2,12,0
9533488,1,0,0,1,1,0,255,2,12,0
9533610,1,0,0,1,1,0,255,2,12,0
9533670,1,0,1,0,0,0,255,2,12,0
9533715,0,0,1,1,0,0,255,2,12,0
9533761,1,1,0,0,0,0,255,2,12,0
9533848,1,1,0,0,0,0,255,2,12,0
9533912,0,0,0,1,1,1,255,2,12,0
9533989,0,1,0,1,0,0,255,2,12,0
9533995,1,1,1,1,1,0,255,2,12,0
9534136,1,0,1,0,0,0,255,2,12,0
9534655,0,1,1,0,1,0,255,2,12,0
9534697,0,0,1,1,0,0,255,2,12,0
9535128,1,1,0,0,0,0,255,2,12,0
9535206,0,1,1,0,1,0,255,2,12,0
9535208,0,1,1,0,1,0,255,2,12,0
9535222,0,1,1,0,1,0,255,2,12,0
9535263,0,1,1,0,1,0,255,2,12,0
9535331,0,1,1,0,1,0,255,2,12,0
9535353,0,0,1,1,0,0,255,2,12,0
9535377,0,0,1,1,0,0,255,2,12,0
9535462,1,0,0,1,1,0,255,2,12,0
9535561,1,1,0,0,0,0,255,2,12,0
9535598,0,0,1,1,0,0,255,2,12,0
9535648,1,0,1,0,0,0,255,2,12,0
9535683,0,1,1,0,1,0,255,2,12,0
9535890,1,0,1,0,0,0,255,2,12,0
9535986,0,1,0,1,0,0,255,2,12,0
9536094,1,1,0,0,0,0,255,2,12,0
9536117,0,0,1,1,0,0,255,2,12,0
9536219,1,1,0,0,0,0,255,2,12,0
9536311,1,0,0,1,1,0,255,2,12,0
9536538,1,0,1,0,0,0,255,2,12,0
9536563,0,0,0,0,1,0,255,2,12,0
9536639,0,1,1,0,1,0,255,2,12,0
9536681,0,0,1,1,0,0,255,2,12,0
9536862,0,0,0,0,1,0,255,2,12,0
9537271,1,1,0,0,0,0,255,2,12,0
9537681,0,0,0,0,1,0,255,2,12,0
9537759,0,1,1,0,1,0,255,2,12,0
9537808,1,1,1,0,1,1,255,2,12,0
9537879,0,0,1,1,0,0,255,2,12,0
9537937,1,0,0,0,1,1,255,2,12,0
9537998,1,0,1,0,0,0,255,2,12,0
9538140,0,1,0,1,0,0,255,2,12,0
9538164,1,0,1,1,0,0,255,2,12,0
9538460,1,0,0,1,1,0,255,2,12,0
9538518,0,0,1,1,0,0,255,2,12,0
9538663,0,1,0,1,0,0,255,2,12,0
9538664,1,0,0,1,1,0,255,2,12,0
9538717,0,0,0,0,1,0,255,2,12,0
9538725,0,1,1,0,1,0,255,2,12,0
9538942,0,1,1,0,1,0,255,2,12,0
9538977,1,0,1,0,0,0,255,2,12,0
9539079,1,1,1,1,1,0,255,2,12,0
9539118,1,1,1,1,1,0,255,2,12,0
9539143,1,0,0,1,1,0,255,2,12,0
9539419,1,0,0,1,1,0,255,2,12,0
9539489,0,0,1,1,0,0,255,2,12,0
9539631,1,1,1,1,1,0,255,2,12,0
9540077,1,1,0,0,0,0,255,2,12,0
9540094,1,1,1,1,1,0,255,2,12,0
9540512,0,0,0,0,1,0,255,2,12,0
9540560,1,0,0,1,1,0,255,2,12,0
9540590,1,1,1,1,1,0,255,2,12,0
9540661,0,0,1,1,0,0,255,2,12,0
9540664,0,0,0,0,1,0,255,2,12,0
9540738,0,0,0,0,1,0,255,2,12,0
9540986,0,0,0,0,1,0,255,2,12,0
9541015,1,0,0,1,1,0,255,2,12,0
9541467,1,0,0,1,1,0,255,2,12,0
9541561,0,0,1,1,0,0,255,2,12,0
9541635,0,0,1,1,0,0,255,2,12,0
9541671,0,1,0,1,0,0,255,2,12,0
9541703,1,0,0,1,1,0,255,2,12,0
9541965,0,0,0,0,1,0,255,2,12,0
9542183,1,0,1,0,0,0,255,2,12,0
9542202,1,1,1,1,1,0,255,2,12,0
9542274,1,0,0,1,1,0,255,2,12,0
9542981,0,1,1,0,1,0,255,2,12,0
9543091,1,1,1,1,1,0,255,2,12,0
9543105,1,0,1,0,0,0,255,2,12,0
9543249,1,1,1,1,1,0,255,2,12,0
9543356,0,0,1,1,0,0,255,2,12,0
9543513,1,1,1,1,1,0,255,2,12,0
9543553,0,0,0,0,1,0,255,2,12,0
9543570,1,1,0,0,0,0,255,2,12,0
9543740,0,1,0,1,0,0,255,2,12,0
9543767,1,0,1,0,0,0,255,2,12,0
9543880,1,1,1,1,1,0,255,2,12,0
9543937,1,1,0,0,0,0,255,2,12,0
9544019,1,0,1,0,0,0,255,2,12,0
9544021,0,0,1,1,0,0,255,2,12,0
9544048,1,0,0,0,1,1,255,2,12,0
9544078,0,1,1,0,1,0,255,2,12,0
9544086,1,1,1,1,1,0,255,2,12,0
9544359,0,0,1,1,0,0,255,2,12,0
9544502,1,0,0,0,1,1,255,2,12,0
9544647,1,1,0,0,0,0,255,2,12,0
9545046,0,1,0,1,0,0,255,2,12,0
9545095,1,0,1,0,0,0,255,2,12,0
9545227,1,1,0,0,0,0,255,2,12,0
9545540,1,1,1,1,1,0,255,2,12,0
9545717,0,1,1,0,1,0,255,2,12,0
9545721,1,0,1,0,0,0,255,2,12,0
9545779,1,1,1,1,1,0,255,2,12,0
9545922,0,1,0,1,0,0,255,2,12,0
9546132,1,0,1,0,0,0,255,2,12,0
9546136,0,1,1,0,1,0,255,2,12,0
9546199,1,0,1,0,0,0,255,2,12,0
9546232,1,1,1,1,1,0,255,2,12,0
9546471,0,1,0,1,0,0,255,2,12,0
9546506,1,1,0,0,0,0,255,2,12,0
9546753,0,1,1,0,1,0,255,2,12,0
9546870,0,0,1,1,0,0,255,2,12,0
9546881,1,1,1,1,1,0,255,2,12,0
9546890,1,1,1,1,1,0,255,2,12,0
9547241,0,1,1,0,1,0,255,2,12,0
9547325,0,0,1,1,0,0,255,2,12,0
9547421,1,1,1,1,1,0,255,2,12,0
9547546,0,1,1,1,1,1,255,2,12,0
9547568,0,0,0,0,1,0,255,2,12,0
9547786,0,1,1,0,1,0,255,2,12,0
9547811,1,0,1,0,0,0,255,2,12,0
9547876,0,0,0,0,1,0,255,2,12,0
9548017,0,1,1,0,1,0,255,2,12,0
9548040,0,1,1,0,1,0,255,2,12,0
9548076,0,1,1,0,1,0,255,2,12,0
9548139,1,0,0,0,1,1,255,2,12,0
9548323,1,1,1,1,1,0,255,2,12,0
9548330,0,0,0,1,1,1,255,2,12,0
9548337,0,1,0,1,0,0,255,2,12,0
9548435,0,0,1,1,0,0,255,2,12,0
9548436,1,0,1,0,0,0,255,2,12,0
9548467,1,1,0,0,0,0,255,2,12,0
9548572,0,1,0,1,0,0,255,2,12,0
9548584,1,0,1,0,0,0,255,2,12,0
9548835,1,1,0,0,0,0,255,2,12,0
9548882,0,1,1,0,1,0,255,2,12,0
9549219,0,0,0,0,1,0,255,2,12,0
9549237,0,0,1,1,0,0,255,2,12,0
9549288,1,1,0,0,0,0,255,2,12,0
9549330,1,1,0,0,0,0,255,2,12,0
9549428,0,0,1,1,0,0,255,2,12,0
9549563,0,1,0,0,0,0,255,2,12,0
9549660,0,1,0,1,0,0,255,2,12,0
9549724,1,1,0,0,0,0,255,2,12,0
9549792,0,0,0,0,1,0,255,2,12,0
9549804,1,0,1,0,0,0,255,2,12,0
9549848,1,1,1,1,1,0,255,2,12,0
9550075,0,0,1,1,0,0,255,2,12,0
9550093,0,1,0,1,0,0,255,2,12,0
9550220,0,0,1,1,0,0,255,2,12,0
9550624,1,1,1,1,1,0,255,2,12,0
9550645,0,1,1,0,1,0,255,2,12,0
9550650,1,0,0,1,1,0,255,2,12,0
9550761,1,1,1,1,1,0,255,2,12,0
9550771,0,1,1,0,1,0,255,2,12,0
9550824,1,0,0,1,1,0,255,2,12,0
9550854,0,0,0,0,1,0,255,2,12,0
9550984,0,1,0,1,0,0,255,2,12,0
9551199,1,1,0,0,0,0,255,2,12,0
9551227,1,1,0,0,0,0,255,2,12,0
9551321,0,1,0,1,0,0,255,2,12,0
9551468,1,0,1,0,0,0,255,2,12,0
9551518,0,1,1,0,1,0,255,2,12,0
9551587,0,0,1,1,0,0,255,2,12,0
9551632,1,0,0,1,1,0,255,2,12,0
9551642,0,0,0,0,1,0,255,2,12,0
9551697,0,0,0,0,1,0,255,2,12,0
9551719,0,1,0,1,0,0,255,2,12,0
9551801,0,0,1,1,0,0,255,2,12,0
9551899,1,0,1,0,0,0,255,2,12,0
9551951,0,1,1,0,1,0,255,2,12,0
9552008,1,0,1,0,0,0,255,2,12,0
9552059,0,1,1,0,1,0,255,2,12,0
9552136,0,1,0,1,0,0,255,2,12,0
9552142,0,0,0,0,1,0,255,2,12,0
9552214,0,1,1,0,1,0,255,2,12,0
9552388,0,0,1,1,0,0,255,2,12,0
9552401,0,1,0,1,0,0,255,2,12,0
9552408,1,0,0,1,1,0,255,2,12,0
9552632,1,0,1,0,0,0,255,2,12,0
9552687,0,0,0,0,1,0,255,2,12,0
9552692,1,1,0,0,0,0,255,2,12,0
9552778,0,0,1,1,0,0,255,2,12,0
9552921,0,1,1,0,1,0,255,2,12,0
9552970,1,0,0,1,1,0,255,2,12,0
9553115,0,1,0,1,0,0,255,2,12,0
9553232,1,1,0,0,0,0,255,2,12,0
9553283,1,1,1,1,1,0,255,2,12,0
9553388,1,1,1,1,1,0,255,2,12,0
9553489,1,1,0,0,0,0,255,2,12,0
9553713,1,1,1,1,1,0,255,2,12,0
9553717,0,1,0,1,0,0,255,2,12,0
9553825,0,1,0,1,0,0,255,2,12,0
9553850,0,0,1,1,0,0,255,2,12,0
9554042,1,0,1,0,0,0,255,2,12,0
9554134,1,1,0,0,0,0,255,2,12,0
9554183,1,0,0,1,1,0,255,2,12,0
9554257,1,1,0,0,0,0,255,2,12,0
9554449,0,0,1,1,0,0,255,2,12,0
9554476,0,0,0,0,1,0,255,2,12,0
9554672,1,0,1,0,0,0,255,2,12,0
9554683,0,0,0,0,1,0,255,2,12,0
9554875,1,1,0,0,0,0,255,2,12,0
9555037,0,0,0,0,1,0,255,2,12,0
9555052,1,1,1,1,1,0,255,2,12,0
9555255,0,0,1,1,0,0,255,2,12,0
9555264,1,1,0,0,0,0,255,2,12,0
9555438,1,1,1,1,1,0,255,2,12,0
9555440,1,1,0,0,0,0,255,2,12,0
9555461,1,0,0,1,1,0,255,2,12,0
9555495,0,0,0,0,1,0,255,2,12,0
9555657,0,0,0,0,1,0,255,2,12,0
9555765,1,0,1,0,0,0,255,2,12,0
9555790,1,0,0,1,1,0,255,2,12,0
9555977,1,1,1,1,1,0,255,2,12,0
9556302,0,1,0,1,0,0,255,2,12,0
9556354,1,1,0,0,0,0,255,2,12,0
9556576,1,1,0,0,0,0,255,2,12,0
9556655,1,0,1,0,0,0,255,2,12,0
9556684,1,1,1,0,1,1,255,2,12,0
9556786,0,1,0,1,0,0,255,2,12,0
9556815,0,1,0,1,0,0,255,2,12,0
9556871,1,1,0,0,0,0,255,2,12,0
9556928,0,1,1,0,1,0,255,2,12,0
9557056,0,0,1,1,0,0,255,2,12,0
9557108,1,0,1,0,0,0,255,2,12,0
9557139,0,0,0,0,1,0,255,2,12,0
9557202,0,1,0,1,0,0,255,2,12,0
9557550,1,1,0,0,0,0,255,2,12,0
9557696,1,1,1,1,1,0,255,2,12,0
9557869,1,0,0,1,1,0,255,2,12,0
9558012,0,1,1,0,1,0,255,2,12,0
9558019,1,0,0,1,1,0,255,2,12,0
9558073,0,1,1,0,1,0,255,2,12,0
9558202,1,0,0,1,1,0,255,2,12,0
9558553,0,1,1,0,1,0,255,2,12,0
9558586,1,0,1,0,0,0,255,2,12,0
9558599,0,1,0,1,0,0,255,2,12,0
9558732,1,0,0,1,1,0,255,2,12,0
9558848,1,0,0,1,1,0,255,2,12,0
9558911,1,0,0,1,1,0,255,2,12,0
9558914,1,0,1,0,0,0,255,2,12,0
9558990,0,1,1,0,1,0,255,2,12,0
9559152,0,1,1,0,1,0,255,2,12,0
9559248,1,0,0,1,1,0,255,2,12,0
9559251,1,1,1,1,1,0,255,2,12,0
9559279,0,1,0,1,0,0,255,2,12,0
9559323,0,0,1,1,0,0,255,2,12,0
9559468,1,0,1,0,0,0,255,2,12,0
9559712,1,1,0,0,0,0,255,2,12,0
9559788,1,0,1,0,0,0,255,2,12,0
9559837,0,0,0,0,1,0,255,2,12,0
9559874,1,1,0,0,0,0,255,2,12,0
9559940,0,0,0,1,1,1,255,2,12,0
9560287,0,1,0,1,0,0,255,2,12,0
9560354,1,0,1,0,0,0,255,2,12,0
9560364,0,1,1,0,1,0,255,2,12,0
9560426,0,0,1,1,0,0,255,2,12,0
9560505,0,1,1,0,1,0,255,2,12,0
9560544,1,1,0,0,0,0,255,2,12,0
9560583,1,1,0,0,0,0,255,2,12,0
9560612,0,1,0,1,0,0,255,2,12,0
9560648,1,0,0,1,1,0,255,2,12,0
9560724,0,0,0,0,1,0,255,2,12,0
9560728,1,0,0,1,1,0,255,2,12,0
9560750,1,1,0,0,0,0,255,2,12,0
9560779,0,1,1,0,1,0,255,2,12,0
9560893,0,1,1,0,1,0,255,2,12,0
9561230,1,0,0,1,1,0,255,2,12,0
9561290,1,1,0,0,0,0,255,2,12,0
9561293,1,0,1,0,0,0,255,2,12,0
9561392,0,0,0,0,1,0,255,2,12,0
9561589,0,1,1,0,1,0,255,2,12,0
9561632,1,0,1,0,0,0,255,2,12,0
9561634,0,1,0,1,0,0,255,2,12,0
9561833,0,0,0,0,1,0,255,2,12,0
9562041,1,0,0,1,1,0,255,2,12,0
9562075,1,0,0,1,1,0,255,2,12,0
9562092,1,0,0,1,1,0,255,2,12,0
9562138,0,0,0,0,1,0,255,2,12,0
9562211,1,1,1,1,1,0,255,2,12,0
9562287,0,1,1,0,1,0,255,2,12,0
9562361,0,0,1,1,0,0,255,2,12,0
9562561,0,0,1,1,0,0,255,2,12,0
9562590,0,0,1,1,0,0,255,2,12,0
9563094,0,1,1,0,1,0,255,2,12,0
9563266,0,1,1,0,1,0,255,2,12,0
9563411,1,1,1,1,1,0,255,2,12,0
9563776,1,1,0,0,0,0,255,2,12,0
9563951,0,1,1,0,1,0,255,2,12,0
9564181,0,0,0,0,1,0,255,2,12,0
9564262,0,0,1,1,0,0,255,2,12,0
9564342,0,1,1,1,1,1,255,2,12,0
9564344,1,1,1,1,1,0,255,2,12,0
9564538,1,1,0,0,0,0,255,2,12,0
9564540,0,0,0,0,1,0,255,2,12,0
9564687,0,1,0,1,0,0,255,2,12,0
9564704,0,0,0,0,1,0,255,2,12,0
9565033,1,0,1,0,0,0,255,2,12,0
9565068,0,1,1,0,1,0,255,2,12,0
9565155,1,1,0,0,0,0,255,2,12,0
9565223,1,0,1,0,0,0,255,2,12,0
9565277,1,0,0,1,1,0,255,2,12,0
9565283,0,1,0,1,0,0,255,2,12,0
9565389,1,1,0,0,0,0,255,2,12,0
9565592,1,1,1,1,1,0,255,2,12,0
9565789,0,0,0,0,1,0,255,2,12,0
9565818,0,0,0,0,1,0,255,2,12,0
9565865,0,0,1,1,0,0,255,2,12,0
9565995,1,1,1,1,1,0,255,2,12,0
9566062,0,1,0,1,0,0,255,2,12,0
9566079,0,0,0,0,1,0,255,2,12,0
9566080,1,1,1,1,1,0,255,2,12,0
9566085,1,1,1,1,1,0,255,2,12,0
9566245,0,0,0,0,1,0,255,2,12,0
9566414,0,1,1,0,1,0,255,2,12,0
9566505,0,1,0,1,0,0,255,2,12,0
9566532,1,1,0,0,0,0,255,2,12,0
9566569,0,0,0,0,1,0,255,2,12,0
9566623,0,0,0,0,1,0,255,2,12,0
9566992,0,1,1,0,1,0,255,2,12,0
9567077,1,1,0,0,0,0,255,2,12,0
9567113,0,0,0,0,1,0,255,2,12,0
9567155,1,1,0,0,0,0,255,2,12,0
9567288,1,1,1,1,1,0,255,2,12,0
9567342,0,0,1,1,0,0,255,2,12,0
9568058,1,1,1,1,1,0,255,2,12,0
9568155,1,1,1,1,1,0,255,2,12,0
9568192,0,1,0,1,0,0,255,2,12,0
9633980,1,0,0,1,1,0,255,2,12,0
9634181,1,1,1,1,1,0,255,2,12,0
9634393,0,1,0,1,0,0,255,2,12,0
9634572,1,0,0,1,1,0,255,2,12,0
9634576,1,1,1,1,1,0,255,2,12,0
9634618,1,0,0,1,1,0,255,2,12,0
9634915,0,1,0,1,0,0,255,2,12,0
9635127,1,1,0,0,0,0,255,2,12,0
9635150,0,1,1,0,1,0,255,2,12,0
9635466,0,1,0,1,0,0,255,2,12,0
9636025,1,0,0,1,1,0,255,2,12,0
9636136,1,0,0,1,1,0,255,2,12,0
9636273,1,0,1,0,0,0,255,2,12,0
9636674,1,1,1,1,1,0,255,2,12,0
9636848,0,0,0,0,1,0,255,2,12,0
9636923,0,1,1,0,1,0,255,2,12,0
9637451,0,1,0,1,0,0,255,2,12,0
9637491,0,1,1,0,1,0,255,2,12,0
9637520,1,0,1,1,0,0,255,2,12,0
9637527,1,0,0,1,1,0,255,2,12,0
9637586,1,0,0,1,1,0,255,2,12,0
9637631,0,1,0,1,0,0,255,2,12,0
9637896,0,1,1,0,1,0,255,2,12,0
9638267,0,0,1,1,0,0,255,2,12,0
9638457,0,0,1,1,0,0,255,2,12,0
9638969,1,1,1,1,1,0,255,2,12,0
9639032,1,1,1,1,1,0,255,2,12,0
9639087,0,1,1,0,1,0,255,2,12,0
9639139,1,0,0,1,1,0,255,2,12,0
9639232,1,1,1,1,1,0,255,2,12,0
9639256,0,0,1,1,0,0,255,2,12,0
9639271,1,1,1,1,1,0,255,2,12,0
9639276,1,0,0,1,1,0,255,2,12,0
9640280,1,0,0,1,1,0,255,2,12,0
9640382,0,0,0,0,1,0,255,2,12,0
9640612,1,0,0,1,1,0,255,2,12,0
9640631,1,1,1,1,1,0,255,2,12,0
9640638,1,1,0,0,0,0,255,2,12,0
9641006,0,1,1,0,1,0,255,2,12,0
9641120,1,0,1,0,0,0,255,2,12,0
9641186,1,1,0,0,0,0,255,2,12,0
9641301,1,0,1,0,0,0,255,2,12,0
9641381,1,0,1,0,0,0,255,2,12,0
9641703,1,1,0,0,0,0,255,2,12,0
9641734,0,0,0,0,1,0,255,2,12,0
9642001,0,1,0,1,0,0,255,2,12,0
9642053,0,0,0,0,1,0,255,2,12,0
9642353,0,1,1,0,1,0,255,2,12,0
9642663,0,1,1,0,1,0,255,2,12,0
9642951,1,0,1,0,0,0,255,2,12,0
9643196,0,1,0,1,0,0,255,2,12,0
9643515,1,0,0,1,1,0,255,2,12,0
9643539,0,1,1,0,1,0,255,2,12,0
9643858,0,0,1,1,0,0,255,2,12,0
9643928,1,1,0,0,0,0,255,2,12,0
9644051,0,0,0,0,1,0,255,2,12,0
9644207,1,1,1,1,1,0,255,2,12,0
9644512,1,0,1,0,0,0,255,2,12,0
9644704,0,0,1,1,0,0,255,2,12,0
9644988,0,1,0,1,0,0,255,2,12,0
9645165,0,0,1,1,0,0,255,2,12,0
9645477,1,1,0,0,0,0,255,2,12,0
9645519,1,1,1,1,1,0,255,2,12,0
9645531,0,1,0,1,0,0,255,2,12,0
9645554,1,1,1,1,1,0,255,2,12,0
9645666,0,0,0,0,1,0,255,2,12,0
9645737,1,0,0,1,1,0,255,2,12,0
9645775,1,0,0,1,1,0,255,2,12,0
9645803,1,1,0,0,0,0,255,2,12,0
9646160,1,0,1,0,0,0,255,2,12,0
9646414,1,1,0,0,0,0,255,2,12,0
9646586,0,1,1,0,1,0,255,2,12,0
9647093,1,0,1,0,0,0,255,2,12,0
9647949,0,0,1,1,0,0,255,2,12,0
9648144,0,0,1,1,0,0,255,2,12,0
9648656,1,1,1,1,1,0,255,2,12,0
9648756,1,0,0,1,1,0,255,2,12,0
9648766,1,0,0,1,1,0,255,2,12,0
9648801,0,0,1,1,0,0,255,2,12,0
9648883,0,1,0,1,0,0,255,2,12,0
9648897,0,1,1,0,1,0,255,2,12,0
9649048,1,1,1,1,1,0,255,2,12,0
9649211,1,0,0,1,1,0,255,2,12,0
9649477,1,0,0,1,1,0,255,2,12,0
9649493,0,0,0,0,1,0,255,2,12,0
9649980,1,1,0,0,0,0,255,2,12,0
9649993,1,0,1,0,0,0,255,2,12,0
9650105,1,0,0,1,1,0,255,2,12,0
9650180,1,0,0,1,1,0,255,2,12,0
9650225,1,0,1,0,0,0,255,2,12,0
9650710,0,0,1,1,0,0,255,2,12,0
9650849,0,1,0,1,0,0,255,2,12,0
9650947,0,1,0,1,0,0,255,2,12,0
9651163,0,0,1,1,0,0,255,2,12,0
9651465,0,1,1,0,1,0,255,2,12,0
9651669,1,1,0,0,0,0,255,2,12,0
9651726,0,1,1,0,1,0,255,2,12,0
9651776,0,0,0,0,1,0,255,2,12,0
9651882,1,0,1,0,0,0,255,2,12,0
9651896,1,0,0,1,1,0,255,2,12,0
9652111,1,1,0,0,0,0,255,2,12,0
9652393,0,0,0,0,1,0,255,2,12,0
9652395,1,0,0,1,1,0,255,2,12,0
9652626,0,1,1,0,1,0,255,2,12,0
9652873,1,0,0,1,1,0,255,2,12,0
9652937,1,0,1,0,0,0,255,2,12,0
9652965,0,0,0,1,1,1,255,2,12,0
9653034,0,1,0,1,0,0,255,2,12,0
9653276,1,1,0,0,0,0,255,2,12,0
9653445,1,1,0,0,0,0,255,2,12,0
9653533,0,1,1,0,1,0,255,2,12,0
9653838,1,1,0,0,0,0,255,2,12,0
9653993,0,0,1,1,0,0,255,2,12,0
9654526,1,0,0,1,1,0,255,2,12,0
9654615,0,1,1,0,1,0,255,2,12,0
9654706,1,1,1,1,1,0,255,2,12,0
9655180,1,0,0,1,1,0,255,2,12,0
9655253,0,1,1,0,1,0,255,2,12,0
9655260,0,0,0,0,1,0,255,2,12,0
9655265,0,0,1,1,0,0,255,2,12,0
9655279,1,1,0,0,0,0,255,2,12,0
9655339,0,1,0,1,0,0,255,2,12,0
9655496,1,1,0,0,0,0,255,2,12,0
9655593,0,1,0,1,0,0,255,2,12,0
9655924,0,0,1,0,0,0,255,2,12,0
9655980,1,0,0,1,1,0,255,2,12,0
9656218,0,0,0,0,1,0,255,2,12,0
9656668,1,1,1,1,1,0,255,2,12,0
9656963,0,1,1,0,1,0,255,2,12,0
9657026,0,0,0,0,1,0,255,2,12,0
9657274,1,1,0,0,0,0,255,2,12,0
9657420,1,0,0,1,1,0,255,2,12,0
9657881,0,1,0,1,0,0,255,2,12,0
9657895,1,0,1,0,0,0,255,2,12,0
9657943,0,0,1,1,0,0,255,2,12,0
9658065,1,1,0,1,0,0,255,2,12,0
9658229,0,0,0,1,1,1,255,2,12,0
9658238,0,1,1,0,1,0,255,2,12,0
9658313,1,0,1,0,0,0,255,2,12,0
9658379,0,0,1,0,0,0,255,2,12,0
9658575,0,0,0,0,1,0,255,2,12,0
9658781,0,0,1,1,0,0,255,2,12,0
9658990,1,1,1,1,1,0,255,2,12,0
9659327,1,1,0,0,0,0,255,2,12,0
9659374,1,0,0,1,1,0,255,2,12,0
9659601,1,1,0,0,0,0,255,2,12,0
9659647,0,1,0,1,0,0,255,2,12,0
9659698,0,0,1,1,0,0,255,2,12,0
9659716,0,0,1,1,0,0,255,2,12,0
9660311,0,0,1,1,0,0,255,2,12,0
9660542,1,1,0,0,0,0,255,2,12,0
9660907,1,0,0,1,1,0,255,2,12,0
9660985,0,1,1,0,1,0,255,2,12,0
9661089,0,1,1,0,1,0,255,2,12,0
9661241,0,1,1,0,1,0,255,2,12,0
9661251,1,1,1,1,1,0,255,2,12,0
9661262,0,0,0,0,1,0,255,2,12,0
9661272,1,1,0,0,0,0,255,2,12,0
9661397,0,1,1,0,1,0,255,2,12,0
9661404,1,0,0,1,1,0,255,2,12,0
9661662,0,1,1,0,1,0,255,2,12,0
9661703,1,0,0,1,1,0,255,2,12,0
9661959,0,0,0,0,1,0,255,2,12,0
9662345,1,1,1,1,1,0,255,2,12,0
9662372,1,1,1,1,1,0,255,2,12,0
9662432,1,0,0,1,1,0,255,2,12,0
9662468,1,1,0,0,0,0,255,2,12,0
9663188,1,1,0,0,0,0,255,2,12,0
9663285,0,0,1,1,0,0,255,2,12,0
9663308,1,0,1,0,0,0,255,2,12,0
9664092,1,1,0,0,0,0,255,2,12,0
9664204,0,1,1,0,1,0,255,2,12,0
9664647,1,0,0,1,1,0,255,2,12,0
9665123,0,1,1,0,1,0,255,2,12,0
9665200,0,0,0,0,1,0,255,2,12,0
9665511,0,0,0,0,1,0,255,2,12,0
9665850,0,0,0,0,1,0,255,2,12,0
9666037,1,0,0,1,1,0,255,2,12,0
9666189,0,0,1,1,0,0,255,2,12,0
9666331,1,0,0,1,1,0,255,2,12,0
9666425,0,1,1,0,1,0,255,2,12,0
9666590,0,1,1,0,1,0,255,2,12,0
9666704,1,1,0,0,0,0,255,2,12,0
9666708,1,0,0,1,1,0,255,2,12,0
9666762,1,1,1,1,1,0,255,2,12,0
9666911,1,1,1,1,1,0,255,2,12,0
9666974,1,0,1,0,0,0,255,2,12,0
9667089,0,0,0,0,1,0,255,2,12,0
9667171,0,0,1,1,0,0,255,2,12,0
9667958,0,1,0,1,0,0,255,2,12,0
9668344,1,1,0,0,0,0,255,2,12,0
9668465,1,0,0,1,1,0,255,2,12,0
9668630,1,1,1,1,1,0,255,2,12,0
9668645,0,1,1,0,1,0,255,2,12,0
9668933,1,1,0,0,0,0,255,2,12,0
9669071,1,1,0,0,0,0,255,2,12,0
9669215,1,1,0,0,0,0,255,2,12,0
9669419,1,0,1,0,0,0,255,2,12,0
9669420,0,1,1,0,1,0,255,2,12,0
9669466,1,1,0,0,0,0,255,2,12,0
9669662,0,0,1,1,0,0,255,2,12,0
9669940,1,1,1,1,1,0,255,2,12,0
9670150,1,0,0,1,1,0,255,2,12,0
9670204,1,0,0,1,1,0,255,2,12,0
9670281,1,0,0,1,1,0,255,2,12,0
9670345,1,0,0,1,1,0,255,2,12,0
9670742,0,0,0,1,1,1,255,2,12,0
9670884,1,0,0,1,1,0,255,2,12,0
9671307,0,1,0,1,0,0,255,2,12,0
9671779,1,1,1,1,1,0,255,2,12,0
9671790,0,1,1,0,1,0,255,2,12,0
9671836,0,0,1,1,0,0,255,2,12,0
9671886,0,0,1,1,0,0,255,2,12,0
9672531,0,1,1,0,1,0,255,2,12,0
9672558,0,1,1,0,1,0,255,2,12,0
9672902,0,1,0,1,0,0,255,2,12,0
9672907,1,1,0,0,0,0,255,2,12,0
9672912,0,0,1,1,0,0,255,2,12,0
9673104,0,1,1,0,1,0,255,2,12,0
9673453,0,1,0,1,0,0,255,2,12,0
9673455,1,0,0,1,1,0,255,2,12,0
9673470,0,0,1,1,0,0,255,2,12,0
9673510,1,0,1,0,0,0,255,2,12,0
9673623,0,1,1,0,1,0,255,2,12,0
9673696,0,1,0,1,0,0,255,2,12,0
9674075,1,1,1,1,1,0,255,2,12,0
9674446,0,0,1,0,0,0,255,2,12,0
9674476,1,1,0,0,0,0,255,2,12,0
9674489,1,0,0,1,1,0,255,2,12,0
9674960,1,0,0,1,1,0,255,2,12,0
9675207,0,0,0,0,1,0,255,2,12,0
9675355,0,0,1,1,0,0,255,2,12,0
9675423,1,1,0,0,0,0,255,2,12,0
9675431,1,1,1,0,1,1,255,2,12,0
9675447,0,1,1,0,1,0,255,2,12,0
9675480,0,1,1,0,1,0,255,2,12,0
9675606,0,0,1,1,0,0,255,2,12,0
9675641,1,1,1,1,1,0,255,2,12,0
9675726,1,1,1,1,1,0,255,2,12,0
9676063,1,1,1,1,1,0,255,2,12,0
9676112,1,0,1,0,0,0,255,2,12,0
9676129,1,0,0,1,1,0,255,2,12,0
9676260,1,1,1,1,1,0,255,2,12,0
9676384,0,1,1,0,1,0,255,2,12,0
9676576,0,1,0,1,0,0,255,2,12,0
9676654,1,0,1,0,0,0,255,2,12,0
9676734,0,1,1,0,1,0,255,2,12,0
9676804,0,1,1,0,1,0,255,2,12,0
9676825,1,1,1,0,1,1,255,2,12,0
9676903,0,0,0,0,1,0,255,2,12,0
9677148,0,1,1,0,1,0,255,2,12,0
9677205,0,1,1,0,1,0,255,2,12,0
9677614,1,0,0,1,1,0,255,2,12,0
9677623,1,0,1,0,0,0,255,2,12,0
9677729,1,0,1,0,0,0,255,2,12,0
9677817,0,0,1,1,0,0,255,2,12,0
9678013,0,1,1,0,1,0,255,2,12,0
9678027,0,1,1,0,1,0,255,2,12,0
9678049,1,0,1,0,0,0,255,2,12,0
9678206,0,1,1,0,1,0,255,2,12,0
9678275,1,0,1,0,0,0,255,2,12,0
9678342,0,1,1,0,1,0,255,2,12,0
9678388,1,0,1,0,0,0,255,2,12,0
9678400,0,0,0,0,1,0,255,2,12,0
9678402,0,0,0,0,1,0,255,2,12,0
9679036,0,0,0,0,1,0,255,2,12,0
9679056,1,0,0,1,1,0,255,2,12,0
9679079,1,1,0,0,0,0,255,2,12,0
9679082,0,0,0,1,1,1,255,2,12,0
9679209,0,0,0,0,1,0,255,2,12,0
9679535,0,0,1,1,0,0,255,2,12,0
9679688,1,0,0,1,1,0,255,2,12,0
9679750,1,1,0,0,0,0,255,2,12,0
9680298,1,1,0,0,0,0,255,2,12,0
9680523,1,0,0,1,1,0,255,2,12,0
9680770,1,1,1,1,1,0,255,2,12,0
9680820,1,0,0,1,1,0,255,2,12,0
9681110,0,1,1,0,1,0,255,2,12,0
9681292,0,0,0,0,1,0,255,2,12,0
9681295,0,1,0,1,0,0,255,2,12,0
9681478,0,0,1,1,0,0,255,2,12,0
9681648,0,0,0,0,1,0,255,2,12,0
9681713,1,0,0,1,1,0,255,2,12,0
9681817,1,0,0,1,1,0,255,2,12,0
9681832,1,1,0,0,0,0,255,2,12,0
9681966,0,1,0,1,0,0,255,2,12,0
9681972,1,1,1,1,1,0,255,2,12,0
9682034,1,1,1,1,1,0,255,2,12,0
9682071,0,0,0,0,1,0,255,2,12,0
9682476,0,1,0,1,0,0,255,2,12,0
9682554,0,0,0,0,1,0,255,2,12,0
9682630,0,0,1,1,0,0,255,2,12,0
9682663,1,0,1,0,0,0,255,2,12,0
9682993,1,0,0,1,1,0,255,2,12,0
9683416,1,1,1,1,1,0,255,2,12,0
9684333,0,0,1,1,0,0,255,2,12,0
9684360,0,1,1,0,1,0,255,2,12,0
9684636,1,0,0,1,1,0,255,2,12,0
9684826,1,0,0,1,1,0,255,2,12,0
9685061,1,0,0,1,1,0,255,2,12,0
9685088,1,0,1,0,0,0,255,2,12,0
9685129,1,1,1,1,1,0,255,2,12,0
9685256,0,1,0,1,0,0,255,2,12,0
9685276,0,1,0,1,0,0,255,2,12,0
9685676,0,1,1,0,1,0,255,2,12,0
9685984,0,1,1,0,1,0,255,2,12,0
9686018,0,1,1,0,1,0,255,2,12,0
9686057,0,0,1,1,0,0,255,2,12,0
9686101,0,1,0,1,0,0,255,2,12,0
9686375,0,0,1,1,0,0,255,2,12,0
9686415,0,1,0,1,0,0,255,2,12,0
9687033,0,1,0,1,0,0,255,2,12,0
9687397,0,0,1,1,0,0,255,2,12,0
9687413,0,0,0,0,1,0,255,2,12,0
9687524,1,0,1,0,0,0,255,2,12,0
9688356,1,0,1,0,0,0,255,2,12,0
9688394,1,1,1,1,1,0,255,2,12,0
9688521,1,1,1,1,1,0,255,2,12,0
9688541,0,0,1,1,0,0,255,2,12,0
9688691,0,1,0,1,0,0,255,2,12,0
9688757,1,0,1,0,0,0,255,2,12,0
9688771,1,0,1,0,0,0,255,2,12,0
9688879,0,1,0,1,0,0,255,2,12,0
9689013,1,1,0,0,0,0,255,2,12,0
9689028,1,1,0,0,0,0,255,2,12,0
9689029,1,1,0,0,0,0,255,2,12,0
9689122,1,0,0,1,1,0,255,2,12,0
9689537,0,1,1,0,1,0,255,2,12,0
9689583,0,0,1,1,0,0,255,2,12,0
9689818,0,0,1,1,0,0,255,2,12,0
9689999,0,0,0,0,1,0,255,2,12,0
9690364,0,1,0,1,0,0,255,2,12,0
9690405,1,0,1,0,0,0,255,2,12,0
9690565,1,1,0,0,0,0,255,2,12,0
9690666,1,0,0,1,1,0,255,2,12,0
9690686,0,0,1,1,0,0,255,2,12,0
9690740,1,0,0,1,1,0,255,2,12,0
9690837,0,1,1,0,1,0,255,2,12,0
9690847,0,1,0,1,0,0,255,2,12,0
9691353,1,0,1,0,0,0,255,2,12,0
9691539,0,0,0,0,1,0,255,2,12,0
9691820,1,0,1,0,0,0,255,2,12,0
9691895,0,0,1,1,0,0,255,2,12,0
9692017,1,0,1,0,0,0,255,2,12,0
9692337,1,1,0,1,0,0,255,2,12,0
9692641,0,1,1,0,1,0,255,2,12,0
9692708,0,1,1,0,1,0,255,2,12,0
9693121,1,1,0,0,0,0,255,2,12,0
9693492,1,1,0,0,0,0,255,2,12,0
9693549,1,0,1,0,0,0,255,2,12,0
9693614,1,1,1,1,1,0,255,2,12,0
9693795,1,1,1,1,1,0,255,2,12,0
9693840,1,1,1,1,1,0,255,2,12,0
9694100,1,0,0,1,1,0,255,2,12,0
9694126,1,0,1,0,0,0,255,2,12,0
9694166,0,1,0,1,0,0,255,2,12,0
9694279,0,0,0,0,1,0,255,2,12,0
9694649,1,1,1,1,1,0,255,2,12,0
9694762,0,1,1,0,1,0,255,2,12,0
9694794,0,1,1,0,1,0,255,2,12,0
9695214,1,0,1,0,0,0,255,2,12,0
9695240,1,0,0,1,1,0,255,2,12,0
9695245,1,1,0,0,0,0,255,2,12,0
9695468,0,0,1,1,0,0,255,2,12,0
9695598,0,1,0,1,0,0,255,2,12,0
9695607,1,1,1,1,1,0,255,2,12,0
9695773,0,0,1,1,0,0,255,2,12,0
9695978,0,1,0,1,0,0,255,2,12,0
9696035,1,1,0,0,0,0,255,2,12,0
9696114,0,1,0,1,0,0,255,2,12,0
9696146,0,0,0,0,1,0,255,2,12,0
9696552,1,1,0,0,0,0,255,2,12,0
9696597,1,1,1,1,1,0,255,2,12,0
9696667,1,0,0,1,1,0,255,2,12,0
9696709,1,0,1,0,0,0,255,2,12,0
9696753,1,0,0,1,1,0,255,2,12,0
9696901,0,1,0,1,0,0,255,2,12,0
9697493,1,0,0,1,1,0,255,2,12,0
9697983,0,1,1,0,1,0,255,2,12,0
9698083,0,0,0,0,1,0,255,2,12,0
9698521,1,1,0,0,0,0,255,2,12,0
9698801,0,1,1,0,1,0,255,2,12,0
9698830,1,1,1,1,1,0,255,2,12,0
9699045,0,1,0,1,0,0,255,2,12,0
9699156,0,0,1,1,0,0,255,2,12,0
9699179,1,0,1,0,0,0,255,2,12,0
9699794,1,0,1,0,0,0,149,2,12,0
9700250,0,0,1,1,0,0,149,2,12,0
9700534,1,0,1,0,0,0,149,2,12,0
9701175,0,0,1,1,0,0,149,2,12,0
9701258,0,0,1,1,0,0,149,2,12,0
9701447,1,1,0,0,0,0,149,2,12,0
9701778,0,0,0,0,1,0,149,2,12,0
9701810,0,0,1,1,0,0,149,2,12,0
9702165,1,1,0,0,0,0,149,2,12,0
9702442,1,0,0,1,1,0,149,2,12,0
9703444,1,0,0,1,1,0,149,2,12,0
9703947,1,1,0,0,0,0,149,2,12,0
9703969,0,1,0,1,0,0,149,2,12,0
9704015,1,1,0,0,0,0,149,2,12,0
9704128,1,0,1,0,0,0,149,2,12,0
9706127,1,0,0,1,1,0,149,2,12,0
9706170,0,0,1,1,0,0,149,2,12,0
9706699,1,1,1,1,1,0,149,2,12,0
9707226,1,1,0,0,0,0,149,2,12,0
9707292,0,1,1,0,1,0,149,2,12,0
9707518,1,0,0,1,1,0,149,2,12,0
9707528,0,1,1,0,1,0,149,2,12,0
9707986,0,0,1,1,0,0,149,2,12,0
9708011,0,1,1,0,1,0,149,2,12,0
9708733,0,0,0,0,1,0,149,2,12,0
9708771,0,0,0,0,1,0,149,2,12,0
9708915,0,1,1,0,1,0,149,2,12,0
9709024,0,1,1,0,1,0,149,2,12,0
9709866,1,0,0,1,1,0,149,2,12,0
9709951,1,0,1,0,0,0,149,2,12,0
9710209,1,0,0,1,1,0,149,2,12,0
9710525,1,1,0,0,0,0,149,2,12,0
9711185,0,0,1,1,0,0,149,2,12,0
9711494,1,1,1,1,1,0,149,2,12,0
9712053,1,0,1,0,0,0,149,2,12,0
9712107,1,1,0,0,0,0,149,2,12,0
9712722,1,0,1,0,0,0,149,2,12,0
9712840,1,1,0,0,0,0,149,2,12,0
9713317,0,1,0,1,0,0,149,2,12,0
9713393,1,1,1,1,1,0,149,2,12,0
9713689,0,1,0,1,0,0,149,2,12,0
9714935,0,1,1,0,1,0,149,2,12,0
9715250,0,1,1,0,1,0,149,2,12,0
9715714,1,0,0,1,1,0,149,2,12,0
9718725,0,0,1,1,0,0,149,2,12,0
9720039,0,1,0,1,0,0,149,2,12,0
9720665,1,1,0,0,0,0,149,2,12,0
9720934,0,1,0,1,0,0,149,2,12,0
9721278,0,0,1,1,0,0,149,2,12,0
9722681,1,1,1,1,1,0,149,2,12,0
9722914,1,0,0,1,1,0,149,2,12,0
9723302,1,1,1,1,1,0,149,2,12,0
9724803,1,0,1,0,0,0,149,2,12,0
9725159,0,0,1,1,0,0,149,2,12,0
9725281,0,0,0,1,1,1,149,2,12,0
9725347,1,1,0,0,0,0,149,2,12,0
9725698,1,0,1,0,0,0,149,2,12,0
9725798,0,1,1,0,1,0,149,2,12,0
9726506,1,1,0,0,0,0,149,2,12,0
9726730,0,1,0,1,0,0,149,2,12,0
9727280,1,1,0,0,0,0,149,2,12,0
9727836,0,1,1,0,1,0,149,2,12,0
9728820,0,0,0,0,1,0,149,2,12,0
9728848,1,1,1,1,1,0,149,2,12,0
9730277,1,0,0,1,1,0,149,2,12,0
9730335,0,1,0,1,0,0,149,2,12,0
9730425,1,0,1,0,0,0,149,2,12,0
9731357,0,1,0,1,0,0,149,2,12,0
9731490,1,0,0,1,1,0,149,2,12,0
9732916,0,1,0,1,0,0,149,2,12,0
9733005,0,1,1,1,1,1,149,2,12,0
9733417,1,1,0,0,0,0,149,2,12,0
9735012,1,0,1,0,0,0,149,2,12,0
9735498,1,1,1,1,1,0,149,2,12,0
9736000,1,1,1,1,1,0,149,2,12,0
9736474,0,1,1,0,1,0,149,2,12,0
9736623,0,0,0,0,1,0,149,2,12,0
9736996,0,1,0,1,0,0,149,2,12,0
9737203,1,0,1,0,0,0,149,2,12,0
9738667,1,1,0,0,0,0,149,2,12,0
9739200,0,1,1,0,1,0,149,2,12,0
9739731,0,0,0,0,1,0,149,2,12,0
9740342,1,1,1,1,1,0,149,2,12,0
9740856,0,1,1,0,1,0,149,2,12,0
9741950,0,1,1,0,1,0,149,2,12,0
9742413,0,0,1,1,0,0,149,2,12,0
9743256,0,0,1,1,0,0,149,2,12,0
9745173,0,0,1,1,0,0,149,2,12,0
9745509,1,0,0,1,1,0,149,2,12,0
9745941,0,0,0,0,1,0,149,2,12,0
9746070,0,1,0,1,0,0,149,2,12,0
9746428,1,1,1,1,1,0,149,2,12,0
9746715,1,1,0,0,0,0,149,2,12,0
9746809,1,1,1,1,1,0,149,2,12,0
9747584,0,0,0,0,1,0,149,2,12,0
9748607,1,0,1,0,0,0,149,2,12,0
9748685,1,0,1,0,0,0,149,2,12,0
9749728,0,1,0,1,0,0,149,2,12,0
9750378,0,1,1,0,1,0,149,2,12,0
9750794,0,1,0,1,0,0,149,2,12,0
9750919,0,0,1,1,0,0,149,2,12,0
9751096,1,0,1,0,0,0,149,2,12,0
9751405,0,0,1,1,0,0,149,2,12,0
9751566,0,0,1,1,0,0,149,2,12,0
9752496,0,0,0,0,1,0,149,2,12,0
9753534,0,0,0,0,1,0,149,2,12,0
9753817,0,1,1,0,1,0,149,2,12,0
9754151,1,1,0,0,0,0,149,2,12,0
9754527,0,1,1,0,1,0,149,2,12,0
9754588,1,0,0,1,1,0,149,2,12,0
9755065,0,1,1,0,1,0,149,2,12,0
9755511,1,0,1,0,0,0,149,2,12,0
9756260,1,1,1,1,1,0,149,2,12,0
9756389,1,0,1,0,0,0,149,2,12,0
9756866,0,1,0,1,0,0,149,2,12,0
9756981,1,1,1,1,1,0,149,2,12,0
9757859,1,0,0,1,1,0,149,2,12,0
9758073,1,0,0,1,1,0,149,2,12,0
9758106,0,1,0,1,0,0,149,2,12,0
9759586,0,1,1,0,1,0,149,2,12,0
9759804,1,0,1,0,0,0,149,2,12,0
9760150,1,1,0,0,0,0,149,2,12,0
9760367,1,1,1,1,1,0,149,2,12,0
9761534,0,0,0,0,1,0,149,2,12,0
9761944,1,0,0,1,1,0,149,2,12,0
9762131,1,0,1,0,0,0,149,2,12,0
9762255,0,0,0,0,1,0,149,2,12,0
9762436,1,1,1,1,1,0,149,2,12,0
9762462,0,0,1,1,0,0,149,2,12,0
9762699,0,1,0,0,0,0,149,2,12,0
9762823,1,0,0,1,1,0,149,2,12,0
9763992,1,1,1,1,1,0,149,2,12,0
9764232,0,0,1,1,0,0,149,2,12,0
9764624,0,0,1,1,0,0,149,2,12,0
9765010,0,0,0,0,1,0,208,2,12,0
9765145,0,1,0,1,0,0,208,2,12,0
9765444,1,0,1,0,0,0,208,2,12,0
9765714,1,1,1,1,1,0,208,2,12,0
9766128,1,0,0,1,1,0,208,2,12,0
9766581,1,0,1,0,0,0,208,2,12,0
9767059,0,1,0,1,0,0,208,2,12,0
9767415,0,1,0,1,0,0,208,2,12,0
9768707,0,1,0,1,0,0,208,2,12,0
9768773,0,0,0,0,1,0,208,2,12,0
9769146,1,1,1,1,1,0,208,2,12,0
9769381,1,1,0,0,0,0,208,2,12,0
9770080,0,0,1,1,0,0,208,2,12,0
9770256,1,0,1,0,0,0,208,2,12,0
9770403,1,1,0,0,0,0,208,2,12,0
9771324,1,1,0,0,0,0,208,2,12,0
9771473,1,1,0,0,0,0,208,2,12,0
9772218,1,1,0,0,0,0,208,2,12,0
9772289,1,0,1,0,0,0,208,2,12,0
9772807,0,0,1,1,0,0,208,2,12,0
9772932,1,0,0,1,1,0,208,2,12,0
9773143,0,1,1,0,1,0,208,2,12,0
9774008,1,0,1,0,0,0,208,2,12,0
9774189,1,1,0,1,0,0,208,2,12,0
9774470,0,1,1,0,1,0,208,2,12,0
9774655,1,1,1,1,1,0,208,2,12,0
9774793,0,0,0,0,1,0,208,2,12,0
9775553,1,0,1,0,0,0,208,2,12,0
9775677,0,1,1,0,1,0,208,2,12,0
9775956,0,0,0,0,1,0,208,2,12,0
9775960,0,0,1,1,0,0,208,2,12,0
9776085,1,0,1,0,0,0,208,2,12,0
9776230,0,0,0,1,1,1,208,2,12,0
9776358,0,0,1,0,0,0,208,2,12,0
9776706,0,1,1,0,1,0,208,2,12,0
9776727,0,1,0,1,0,0,208,2,12,0
9777249,0,0,1,1,0,0,208,2,12,0
9778450,1,1,0,0,0,0,208,2,12,0
9779340,1,1,0,0,0,0,208,2,12,0
9779547,1,1,0,0,0,0,208,2,12,0
9779913,1,0,1,0,0,0,208,2,12,0
9780156,0,0,1,1,0,0,208,2,12,0
9780624,1,1,1,1,1,0,208,2,12,0
9781297,1,0,0,1,1,0,208,2,12,0
9781312,0,1,0,1,0,0,208,2,12,0
9781847,1,0,0,1,1,0,208,2,12,0
9782060,0,0,0,0,1,0,208,2,12,0
9782841,1,0,1,0,0,0,208,2,12,0
9783063,1,0,0,1,1,0,208,2,12,0
9783586,0,0,1,1,0,0,208,2,12,0
9783720,0,1,1,0,1,0,208,2,12,0
9784272,0,1,1,0,1,0,208,2,12,0
9784360,1,1,1,1,1,0,208,2,12,0
9784548,1,1,1,1,1,0,208,2,12,0
9784943,0,0,0,0,1,0,208,2,12,0
9785259,1,1,1,1,1,0,208,2,12,0
9785278,0,0,0,0,1,0,208,2,12,0
9785593,0,0,0,0,1,0,208,2,12,0
9785801,0,0,0,0,1,0,208,2,12,0
9786658,0,1,1,0,1,0,208,2,12,0
9787048,1,1,0,0,0,0,208,2,12,0
9787240,1,1,1,1,1,0,208,2,12,0
9787324,1,1,1,1,1,0,208,2,12,0
9788254,1,1,1,1,1,0,208,2,12,0
9788414,0,0,0,0,1,0,208,2,12,0
9788847,1,1,1,1,1,0,208,2,12,0
9788941,1,1,0,0,0,0,208,2,12,0
9789176,0,0,1,1,0,0,208,2,12,0
9789408,0,0,0,0,1,0,208,2,12,0
9789513,0,1,0,1,0,0,208,2,12,0
9790023,0,1,0,1,0,0,208,2,12,0
9790934,1,1,1,1,1,0,208,2,12,0
9791395,0,0,1,1,0,0,208,2,12,0
9791400,0,0,0,0,1,0,208,2,12,0
9791542,1,0,1,0,0,0,208,2,12,0
9792071,0,1,0,1,0,0,208,2,12,0
9792124,1,0,0,1,1,0,208,2,12,0
9792154,1,0,1,0,0,0,208,2,12,0
9792182,0,0,0,0,1,0,208,2,12,0
9792184,0,1,1,0,1,0,208,2,12,0
9792965,1,1,0,0,0,0,208,2,12,0
9793640,0,1,1,0,1,0,208,2,12,0
9793816,1,1,0,0,0,0,208,2,12,0
9794929,1,1,1,1,1,0,208,2,12,0
9795437,1,1,0,0,0,0,208,2,12,0
9795978,1,1,1,1,1,0,208,2,12,0
9796261,0,1,0,1,0,0,208,2,12,0
9796673,1,1,0,0,0,0,208,2,12,0
9796928,0,1,0,1,0,0,208,2,12,0
9797216,0,0,1,1,0,0,208,2,12,0
9798922,0,0,0,0,1,0,208,2,12,0
9799055,1,0,0,1,1,0,208,2,12,0
9799386,1,0,1,0,0,0,208,2,12,0
9800075,0,0,1,1,0,0,208,2,12,0
9800245,0,1,1,0,1,0,208,2,12,0
9800271,1,0,0,1,1,0,208,2,12,0
9800676,0,0,0,0,1,0,208,2,12,0
9800715,0,0,1,1,0,0,208,2,12,0
9801036,1,1,1,1,1,0,208,2,12,0
9801916,1,1,1,1,1,0,208,2,12,0
9802714,0,0,0,0,1,0,208,2,12,0
9802934,1,1,1,1,1,0,208,2,12,0
9803025,0,1,1,0,1,0,208,2,12,0
9803815,1,1,1,1,1,0,208,2,12,0
9803833,1,0,1,0,0,0,208,2,12,0
9804460,0,1,0,1,0,0,208,2,12,0
9804502,1,1,0,0,0,0,208,2,12,0
9804612,0,1,0,1,0,0,208,2,12,0
9804710,0,1,0,1,0,0,208,2,12,0
9805031,1,0,1,0,0,0,208,2,12,0
9805362,0,0,1,1,0,0,208,2,12,0
9806297,0,0,1,1,0,0,208,2,12,0
9807149,0,0,1,1,0,0,208,2,12,0
9807517,0,1,1,0,1,0,208,2,12,0
9807687,1,1,0,0,0,0,208,2,12,0
9807791,0,0,0,0,1,0,208,2,12,0
9808033,0,0,0,0,1,0,208,2,12,0
9808211,1,1,0,0,0,0,208,2,12,0
9808963,0,0,0,0,1,0,208,2,12,0
9808965,0,1,0,1,0,0,208,2,12,0
9809214,0,1,0,1,0,0,208,2,12,0
9809216,1,0,0,1,1,0,208,2,12,0
9809608,1,0,0,1,1,0,208,2,12,0
9810827,1,1,1,1,1,0,208,2,12,0
9810939,1,1,1,1,1,0,208,2,12,0
9812026,1,0,1,0,0,0,208,2,12,0
9812179,1,1,1,1,1,0,208,2,12,0
9812446,0,1,1,0,1,0,208,2,12,0
9812717,1,1,1,1,1,0,208,2,12,0
9813014,1,0,1,0,0,0,208,2,12,0
9813122,0,0,1,1,0,0,208,2,12,0
9813398,0,1,1,0,1,0,208,2,12,0
9813416,0,0,0,0,1,0,208,2,12,0
9814179,0,1,0,1,0,0,208,2,12,0
9815734,0,0,1,1,0,0,208,2,12,0
9816115,1,0,1,0,0,0,208,2,12,0
9816159,0,1,1,0,1,0,208,2,12,0
9816297,1,1,1,1,1,0,208,2,12,0
9816311,0,1,1,0,1,0,208,2,12,0
9816550,0,0,0,0,1,0,208,2,12,0
9817001,0,0,1,1,0,0,208,2,12,0
9817421,0,0,0,1,1,1,208,2,12,0
9817702,1,0,0,1,1,0,208,2,12,0
9817977,1,0,1,0,0,0,208,2,12,0
9818098,0,1,1,0,1,0,208,2,12,0
9818289,1,0,1,0,0,0,208,2,12,0
9818461,1,1,0,0,0,0,208,2,12,0
9818472,1,1,1,1,1,0,208,2,12,0
9818485,0,1,0,0,0,0,208,2,12,0
9818489,0,1,0,1,0,0,208,2,12,0
9818950,0,0,0,0,1,0,208,2,12,0
9819010,1,0,0,1,1,0,208,2,12,0
9819567,0,0,0,0,1,0,208,2,12,0
9819990,1,1,1,1,1,0,208,2,12,0
9820331,1,1,0,1,0,0,208,2,12,0
9820699,0,1,1,0,1,0,208,2,12,0
9821412,1,1,1,1,1,0,208,2,12,0
9821957,0,0,1,1,0,0,208,2,12,0
9822344,1,0,0,1,1,0,208,2,12,0
9822376,1,1,1,1,1,0,208,2,12,0
9822497,1,0,0,1,1,0,208,2,12,0
9822689,1,0,0,1,1,0,208,2,12,0
9822782,0,1,1,0,1,0,208,2,12,0
9823007,0,1,0,1,0,0,208,2,12,0
9823899,0,1,1,0,1,0,208,2,12,0
9824390,1,0,1,0,0,0,208,2,12,0
9825087,0,1,0,1,0,0,208,2,12,0
9825129,0,1,0,1,0,0,208,2,12,0
9825539,0,0,1,1,0,0,208,2,12,0
9825923,0,0,0,0,1,0,208,2,12,0
9827280,1,1,0,0,0,0,208,2,12,0
9827306,1,0,0,1,1,0,208,2,12,0
9827795,0,0,1,1,0,0,208,2,12,0
9827809,1,1,1,1,1,0,208,2,12,0
9827890,0,1,0,1,0,0,208,2,12,0
9827947,1,0,1,1,0,0,208,2,12,0
9828422,1,1,1,1,1,0,208,2,12,0
9828485,1,0,0,1,1,0,208,2,12,0
9829251,1,0,0,1,1,0,208,2,12,0
9829456,1,0,1,0,0,0,208,2,12,0
9829991,0,1,0,1,0,0,208,2,12,0
9830059,1,0,0,1,1,0,208,2,12,0
9832244,1,1,1,1,1,0,20,2,12,0
9834093,1,0,0,1,1,0,20,2,12,0
9840300,0,1,1,0,1,0,20,2,12,0
9849480,1,0,0,1,1,0,20,2,12,0
9854127,0,1,1,0,1,0,20,2,12,0
9859634,1,0,1,0,0,0,20,2,12,0
9864085,0,0,0,0,1,0,20,2,12,0
9871977,1,1,1,1,1,0,20,2,12,0
9872199,1,1,0,0,0,0,20,2,12,0
9882625,1,1,1,1,1,0,20,2,12,0
9886102,1,0,0,1,1,0,20,2,12,0
9888666,1,0,0,1,1,0,20,2,12,0
9889165,0,1,1,1,1,1,20,2,12,0
9889791,0,1,1,0,1,0,20,2,12,0
9892706,0,0,0,0,1,0,20,2,12,0
9893887,1,1,1,1,1,0,20,2,12,0
9900437,0,1,0,1,0,0,20,2,12,0
9903942,1,1,0,0,0,0,20,2,12,0
9915122,0,0,1,0,0,0,20,2,12,0
9922380,1,0,0,1,1,0,20,2,12,0
9923557,0,0,0,0,1,0,20,2,12,0
9926842,1,0,1,0,0,0,20,2,12,0
9928420,1,0,0,1,1,0,20,2,12,0
9933976,0,1,1,0,1,0,20,2,12,0
9935231,0,0,0,0,1,0,20,2,12,0
9939756,1,0,0,1,1,0,20,2,12,0
9942411,0,0,1,1,0,0,20,2,12,0
9947605,0,1,1,0,1,0,20,2,12,0
9956783,0,1,1,0,1,0,20,2,12,0
9958168,1,0,0,1,1,0,20,2,12,0
9958715,1,0,1,0,0,0,20,2,12,0
9959613,0,1,0,1,0,0,20,2,12,0
9961417,1,0,1,0,0,0,20,2,12,0
9974362,1,1,0,1,0,0,5,2,12,0
10004407,1,0,0,1,1,0,5,2,12,0
10035661,0,0,1,1,0,0,16,2,12,0
10049923,1,0,0,1,1,0,16,2,12,0
10053985,0,1,0,1,0,0,16,2,12,0
10055915,0,1,0,1,0,0,16,2,12,0
10056166,1,0,0,1,1,0,16,2,12,0
10057428,0,0,0,0,1,0,16,2,12,0
10059373,0,1,1,0,1,0,16,2,12,0
10060836,0,1,1,0,1,0,16,2,12,0
10062910,0,1,1,0,1,0,16,2,12,0
10063319,1,1,1,1,1,0,16,2,12,0
10064499,0,0,0,1,1,1,16,2,12,0
10064929,0,1,1,0,1,0,16,2,12,0
10067647,1,1,1,1,1,0,16,2,12,0
10071505,1,1,1,1,1,0,16,2,12,0
10071907,1,1,0,0,0,0,16,2,12,0
10073438,1,0,1,0,0,0,16,2,12,0
10075184,1,0,1,0,0,0,16,2,12,0
10076391,1,1,1,1,1,0,16,2,12,0
10076455,0,1,1,0,1,0,16,2,12,0
10076754,1,0,1,0,0,0,16,2,12,0
10081675,1,0,1,0,0,0,16,2,12,0
10085030,0,0,0,0,1,0,16,2,12,0
10086774,0,1,0,1,0,0,16,2,12,0
10087522,0,1,1,0,1,0,16,2,12,0
10092795,1,1,1,1,1,0,53,2,12,0
10093543,0,1,1,0,1,0,53,2,12,0
10094887,0,1,0,1,0,0,53,2,12,0
10096661,1,0,0,1,1,0,53,2,12,0
10101404,0,0,1,1,0,0,53,2,12,0
10102165,0,1,1,0,1,0,53,2,12,0
10103276,0,0,0,0,1,0,53,2,12,0
10103727,0,1,1,0,1,0,53,2,12,0
10104354,1,1,1,1,1,0,53,2,12,0
10104476,1,1,1,1,1,0,53,2,12,0
10104882,1,1,0,0,0,0,53,2,12,0
10106464,0,0,0,0,1,0,53,2,12,0
10108130,1,0,0,1,1,0,53,2,12,0
10117248,0,1,0,1,0,0,53,2,12,0
10118004,0,1,1,0,1,0,53,2,12,0
10120409,0,0,1,1,0,0,53,2,12,0
10121920,0,1,0,1,0,0,53,2,12,0
10122019,0,0,0,0,1,0,53,2,12,0
10123174,1,0,0,1,1,0,53,2,12,0
10129056,1,1,1,1,1,0,53,2,12,0
10129438,1,1,1,1,1,0,53,2,12,0
10129872,0,0,1,1,0,0,53,2,12,0
10131671,1,1,1,1,1,0,53,2,12,0
10132470,1,1,0,0,0,0,53,2,12,0
10132748,1,1,1,1,1,0,53,2,12,0
10132918,1,0,1,0,0,0,53,2,12,0
10137353,0,1,1,0,1,0,53,2,12,0
10138211,1,1,1,1,1,0,53,2,12,0
10138324,0,0,1,1,0,0,53,2,12,0
10140595,1,1,0,0,0,0,53,2,12,0
10141056,1,1,1,1,1,0,53,2,12,0
10141093,0,1,0,1,0,0,53,2,12,0
10142362,1,0,0,1,1,0,53,2,12,0
10145455,1,1,1,1,1,0,53,2,12,0
10145969,1,0,1,0,0,0,53,2,12,0
10150329,1,1,1,1,1,0,53,2,12,0
10150746,1,1,0,0,0,0,53,2,12,0
10150893,0,0,0,0,1,0,53,2,12,0
10151392,1,0,0,1,1,0,53,2,12,0
10152506,1,0,1,0,0,0,53,2,12,0
10152587,1,1,0,0,0,0,53,2,12,0
10155138,1,0,0,1,1,0,53,2,12,0
10229396,1,1,1,0,1,1,40,2,12,0
10231007,1,1,1,1,1,0,40,2,12,0
10231551,0,1,1,0,1,0,40,2,12,0
10235562,0,1,1,0,1,0,40,2,12,0
10236209,0,1,0,1,0,0,40,2,12,0
10236367,1,1,0,0,0,0,40,2,12,0
10238826,1,0,0,1,1,0,40,2,12,0
10239403,1,0,1,0,0,0,40,2,12,0
10240703,1,0,0,1,1,0,40,2,12,0
10242623,0,1,1,0,1,0,40,2,12,0
10243837,1,0,1,1,0,0,40,2,12,0
10244783,0,0,1,1,0,0,40,2,12,0
10245238,1,0,1,0,0,0,40,2,12,0
10249238,1,1,1,1,1,0,40,2,12,0
10249860,1,1,0,0,0,0,40,2,12,0
10252823,1,1,1,1,1,0,40,2,12,0
10252855,1,1,0,1,0,0,40,2,12,0
10261348,1,0,0,0,1,1,40,2,12,0
10265378,1,0,1,0,0,0,40,2,12,0
10265472,0,0,0,1,1,1,40,2,12,0
10265619,1,1,0,0,0,0,40,2,12,0
10265827,1,0,0,1,1,0,40,2,12,0
10269825,0,0,0,0,1,0,40,2,12,0
10269836,0,1,0,1,0,0,40,2,12,0
10270523,0,1,0,1,0,0,40,2,12,0
10273357,0,1,0,1,0,0,40,2,12,0
10274818,1,1,1,1,1,0,40,2,12,0
10275983,0,1,0,1,0,0,40,2,12,0
10276423,1,0,0,1,1,0,40,2,12,0
10276651,1,0,1,0,0,0,40,2,12,0
10277089,1,0,0,1,1,0,40,2,12,0
10277840,1,0,1,0,0,0,40,2,12,0
10278861,0,0,1,1,0,0,40,2,12,0
10281661,0,0,0,0,1,0,40,2,12,0
10283438,0,0,1,1,0,0,40,2,12,0
10284265,1,1,0,0,0,0,40,2,12,0
10287253,0,0,0,0,1,0,40,2,12,0
10289183,1,0,0,1,1,0,126,3,12,0
10290168,1,0,0,1,1,0,126,3,12,0
10290740,0,1,1,0,1,0,126,3,12,0
10291679,0,0,1,1,0,0,126,3,12,0
10291737,1,1,1,1,1,0,126,3,12,0
10292264,1,0,0,1,1,0,126,3,12,0
10292684,1,1,0,0,0,0,126,3,12,0
10292934,1,0,0,1,1,0,126,3,12,0
10292943,0,1,0,1,0,0,126,3,12,0
10293954,0,1,1,0,1,0,126,3,12,0
10294129,0,0,0,0,1,0,126,3,12,0
10294238,1,0,1,0,0,0,126,3,12,0
10294526,1,1,0,0,0,0,126,3,12,0
10296077,0,1,1,0,1,0,126,3,12,0
10296404,1,1,1,1,1,0,126,3,12,0
10296979,1,0,0,1,1,0,126,3,12,0
10297248,1,1,1,1,1,0,126,3,12,0
10298929,1,1,0,0,0,0,126,3,12,0
10299012,1,1,0,0,0,0,126,3,12,0
10300496,0,0,1,1,0,0,126,3,12,0
10301816,0,0,1,1,0,0,126,3,12,0
10301938,0,1,1,0,1,0,126,3,12,0
10302788,1,1,1,1,1,0,126,3,12,0
10303149,1,0,0,1,1,0,126,3,12,0
10303452,0,1,1,0,1,0,126,3,12,0
10303754,1,1,1,1,1,0,126,3,12,0
10304656,0,1,1,0,1,0,126,3,12,0
10304781,1,1,0,0,0,0,126,3,12,0
10305389,0,0,0,0,1,0,126,3,12,0
10305748,1,0,0,1,1,0,126,3,12,0
10305874,0,1,1,0,1,0,126,3,12,0
10306147,0,1,0,1,0,0,126,3,12,0
10306639,0,0,1,1,0,0,126,3,12,0
10306814,0,1,0,1,0,0,126,3,12,0
10307601,0,0,0,0,1,0,126,3,12,0
10309342,1,0,1,0,0,0,126,3,12,0
10309575,1,0,0,1,1,0,126,3,12,0
10309862,0,0,1,1,0,0,126,3,12,0
10310969,0,1,1,0,1,0,126,3,12,0
10312163,0,0,0,1,1,1,126,3,12,0
10312218,0,0,0,0,1,0,126,3,12,0
10314462,1,0,0,1,1,0,126,3,12,0
10314527,0,1,1,0,1,0,126,3,12,0
10314709,0,1,1,0,1,0,126,3,12,0
10314960,0,0,1,1,0,0,126,3,12,0
10315309,0,1,0,1,0,0,126,3,12,0
10315643,0,0,1,1,0,0,126,3,12,0
10315758,0,0,0,0,1,0,126,3,12,0
10316756,0,1,1,0,1,0,126,3,12,0
10317128,1,0,1,0,0,0,126,3,12,0
10317370,0,1,1,1,1,1,126,3,12,0
10318025,0,1,1,0,1,0,126,3,12,0
10318662,1,0,1,0,0,0,126,3,12,0
10318732,1,0,0,1,1,0,126,3,12,0
10319459,0,0,0,0,1,0,126,3,12,0
10319885,1,0,1,0,0,0,126,3,12,0
10320176,0,1,0,1,0,0,126,3,12,0
10320526,1,0,0,1,1,0,126,3,12,0
10321086,1,1,0,0,0,0,126,3,12,0
10321991,1,0,1,0,0,0,126,3,12,0
10322345,1,1,1,1,1,0,126,3,12,0
10324801,0,1,0,1,0,0,126,3,12,0
10325127,1,0,1,0,0,0,126,3,12,0
10325246,1,0,0,1,1,0,126,3,12,0
10325525,1,0,1,0,0,0,126,3,12,0
10326124,0,0,1,1,0,0,126,3,12,0
10327397,0,0,1,1,0,0,126,3,12,0
10327486,0,1,0,1,0,0,126,3,12,0
10327563,0,0,1,1,0,0,126,3,12,0
10327670,1,0,1,0,0,0,126,3,12,0
10327947,1,1,0,0,0,0,126,3,12,0
10327956,0,1,0,1,0,0,126,3,12,0
10328023,1,0,0,1,1,0,126,3,12,0
10330824,0,1,0,1,0,0,126,3,12,0
10331005,1,1,1,1,1,0,126,3,12,0
10331744,1,1,1,1,1,0,126,3,12,0
10331854,1,1,1,1,1,0,126,3,12,0
10332260,1,0,1,0,0,0,126,3,12,0
10332669,1,0,0,1,1,0,126,3,12,0
10332793,0,1,1,0,1,0,126,3,12,0
10333915,1,0,0,1,1,0,126,3,12,0
10335660,0,0,1,1,0,0,126,3,12,0
10335754,0,0,0,0,1,0,126,3,12,0
10336194,1,0,0,1,1,0,126,3,12,0
10336376,1,0,0,0,1,1,126,3,12,0
10336512,0,0,0,0,1,0,126,3,12,0
10337264,0,0,1,1,0,0,126,3,12,0
10337974,0,1,1,0,1,0,126,3,12,0
10338838,1,1,1,1,1,0,126,3,12,0
10339349,1,0,1,0,0,0,126,3,12,0
10339567,1,0,0,1,1,0,126,3,12,0
10339742,0,1,0,1,0,0,126,3,12,0
10339848,0,0,0,0,1,0,126,3,12,0
10340089,0,1,1,0,1,0,126,3,12,0
10340173,1,0,1,0,0,0,126,3,12,0
10340671,0,1,1,1,1,1,126,3,12,0
10340726,0,1,0,1,0,0,126,3,12,0
10340929,0,0,1,1,0,0,126,3,12,0
10341190,0,0,0,0,1,0,126,3,12,0
10342548,1,1,0,0,0,0,126,3,12,0
10343263,0,0,0,0,1,0,126,3,12,0
10343666,1,0,1,0,0,0,126,3,12,0
10344252,1,0,0,1,1,0,126,3,12,0
10344680,1,0,0,1,1,0,126,3,12,0
10345028,0,1,0,1,0,0,126,3,12,0
10345030,1,0,1,0,0,0,126,3,12,0
10345495,1,1,0,0,0,0,126,3,12,0
10345728,1,0,0,1,1,0,126,3,12,0
10345852,0,0,0,0,1,0,126,3,12,0
10346040,0,1,0,0,0,0,126,3,12,0
10346281,1,0,1,0,0,0,126,3,12,0
10347957,1,0,0,1,1,0,126,3,12,0
10349397,0,0,1,1,0,0,126,3,12,0
10349702,1,0,1,0,0,0,126,3,12,0
10351215,1,0,0,1,1,0,126,3,12,0
10351387,1,1,1,1,1,0,126,3,12,0
10351495,0,1,0,1,0,0,126,3,12,0
10352663,0,0,1,1,0,0,126,3,12,0
10353210,1,1,0,0,0,0,126,3,12,0
10353300,0,1,0,1,0,0,126,3,12,0
10354430,0,1,0,1,0,0,126,3,12,0
10356259,0,1,1,0,1,0,33,3,12,0
10356714,1,0,1,0,0,0,33,3,12,0
10357044,0,1,0,1,0,0,33,3,12,0
10357098,0,0,1,1,0,0,33,3,12,0
10361037,1,1,0,0,0,0,33,3,12,0
10361136,0,1,0,1,0,0,33,3,12,0
10362541,1,1,1,1,1,0,33,3,12,0
10364132,1,1,1,1,1,0,33,3,12,0
10364693,1,0,1,1,0,0,33,3,12,0
10366900,0,0,0,0,1,0,33,3,12,0
10367403,0,1,0,1,0,0,33,3,12,0
10371863,0,0,0,0,1,0,33,3,12,0
10378772,0,1,1,0,1,0,33,3,12,0
10385522,0,0,1,1,0,0,33,3,12,0
10386152,1,0,0,1,1,0,33,3,12,0
10389023,0,0,0,0,1,0,33,3,12,0
10397255,1,1,0,1,0,0,33,3,12,0
10402218,1,0,1,0,0,0,33,3,12,0
10402988,1,1,1,1,1,0,33,3,12,0
10405590,0,1,1,0,1,0,33,3,12,0
10406705,0,1,0,1,0,0,33,3,12,0
10407549,1,1,1,1,1,0,33,3,12,0
10407962,1,0,0,1,1,0,33,3,12,0
10408306,1,1,0,0,0,0,33,3,12,0
10410037,0,0,0,1,1,1,33,3,12,0
10411189,1,0,1,0,0,0,33,3,12,0
10412841,0,1,1,0,1,0,33,3,12,0
10413748,1,1,0,0,0,0,33,3,12,0
10414678,1,0,1,0,0,0,33,3,12,0
10417316,0,1,1,0,1,0,33,3,12,0
10419413,0,1,0,0,0,0,33,3,12,0
10420852,0,0,1,1,0,0,41,3,12,0
10425270,0,0,1,1,0,0,41,3,12,0
10427873,0,1,1,1,1,1,41,3,12,0
10428096,0,1,1,0,1,0,41,3,12,0
10429992,0,1,1,0,1,0,41,3,12,0
10431645,1,0,1,0,0,0,41,3,12,0
10435628,1,1,0,0,0,0,41,3,12,0
10438102,0,0,0,0,1,0,41,3,12,0
10441826,0,1,1,0,1,0,41,3,12,0
10443296,0,0,0,0,1,0,41,3,12,0
10446135,1,1,1,1,1,0,41,3,12,0
10446858,1,1,0,0,0,0,41,3,12,0
10447962,1,1,0,0,0,0,41,3,12,0
10448260,1,0,0,1,1,0,41,3,12,0
10451384,1,0,0,1,1,0,41,3,12,0
10452340,0,0,1,1,0,0,41,3,12,0
10453427,0,1,0,1,0,0,41,3,12,0
10454571,0,1,1,0,1,0,41,3,12,0
10455601,0,1,1,0,1,0,41,3,12,0
10456196,0,0,1,1,0,0,41,3,12,0
10459483,0,0,0,0,1,0,41,3,12,0
10460891,0,0,1,1,0,0,41,3,12,0
10463110,0,0,1,1,0,0,41,3,12,0
10464237,0,1,0,1,0,0,41,3,12,0
10465972,0,0,0,0,1,0,41,3,12,0
10466137,0,0,0,0,1,0,41,3,12,0
10466399,1,1,1,1,1,0,41,3,12,0
10470842,1,1,0,0,0,0,41,3,12,0
10471012,0,1,0,1,0,0,41,3,12,0
10471940,1,0,0,1,1,0,41,3,12,0
10472335,0,0,1,1,0,0,41,3,12,0
10472414,1,1,1,1,1,0,41,3,12,0
10473444,1,1,1,1,1,0,41,3,12,0
10474011,0,1,1,0,1,0,41,3,12,0
10474898,0,1,0,1,0,0,41,3,12,0
10475416,1,1,0,0,0,0,41,3,12,0
10476751,0,1,0,1,0,0,41,3,12,0
10477669,1,0,1,0,0,0,41,3,12,0
10480963,0,1,0,0,0,0,41,3,12,0
10482513,1,1,0,0,0,0,41,3,12,0
