attempt,a_data,a_basis,b_basis,bob,bmatch,err,irrad
154,1,1,1,1,1,0,142
295,0,0,0,0,1,0,142
1020,1,1,0,0,0,0,142
1122,1,1,0,0,0,0,142
1159,0,1,1,0,1,0,142
1304,1,0,1,0,0,0,142
1915,1,1,1,1,1,0,142
2129,0,0,0,0,1,0,142
2776,0,0,1,1,0,0,142
3016,0,0,1,1,0,0,142
3040,0,1,0,1,0,0,142
3405,1,0,1,0,0,0,142
3511,0,1,1,0,1,0,142
4002,0,1,1,0,1,0,142
4250,1,0,1,0,0,0,142
4512,1,0,0,1,1,0,142
4527,1,1,0,0,0,0,142
4556,1,0,1,0,0,0,142
4780,0,0,0,0,1,0,142
4802,0,1,1,0,1,0,142
4950,0,1,0,1,0,0,142
5284,1,1,1,1,1,0,142
5435,1,1,1,1,1,0,142
5943,1,0,1,0,0,0,142
6001,1,1,1,1,1,0,142
6619,0,1,0,1,0,0,142
6856,0,0,0,0,1,0,142
6991,1,0,0,1,1,0,142
7129,0,1,1,0,1,0,142
7269,1,0,0,1,1,0,142
7782,1,1,1,1,1,0,142
8255,1,1,1,1,1,0,142
8369,0,0,1,1,0,0,142
8619,0,0,0,0,1,0,142
9015,0,1,0,1,0,0,142
9261,1,0,0,1,1,0,142
9822,0,0,1,1,0,0,142
9998,1,0,1,0,0,0,142
10037,1,1,1,1,1,0,142
10148,0,0,0,0,1,0,142
10236,1,0,0,1,1,0,142
10387,0,0,0,0,1,0,142
11220,1,1,0,0,0,0,142
11382,1,0,1,0,0,0,142
11635,0,0,0,0,1,0,142
12228,1,1,0,0,0,0,142
12289,1,0,0,0,1,1,142
12303,1,0,1,1,0,0,142
12443,1,1,0,0,0,0,142
12483,1,0,1,0,0,0,142
12644,0,0,1,1,0,0,142
13138,0,0,0,0,1,0,142
13364,1,0,1,0,0,0,142
13440,0,1,0,1,0,0,142
13500,1,0,0,1,1,0,142
13605,0,0,0,0,1,0,142
13714,0,1,1,0,1,0,142
13785,1,0,0,1,1,0,142
14560,0,1,1,0,1,0,142
14574,1,1,0,0,0,0,142
14701,0,1,0,1,0,0,142
14704,0,1,1,0,1,0,142
14929,1,0,1,0,0,0,142
15080,0,0,1,1,0,0,142
15818,0,1,1,0,1,0,142
15826,0,1,0,1,0,0,142
15892,0,1,1,0,1,0,142
16080,1,0,0,1,1,0,142
16117,0,0,0,0,1,0,142
17874,0,1,0,0,0,0,142
17975,0,0,1,1,0,0,142
18005,1,1,1,1,1,0,142
18063,1,1,1,1,1,0,142
18064,1,1,0,0,0,0,142
18463,1,1,0,0,0,0,142
18469,1,1,0,0,0,0,142
18508,1,1,0,0,0,0,142
18543,0,1,0,1,0,0,142
18915,0,1,1,0,1,0,142
19001,1,0,0,0,1,1,142
19744,1,0,0,1,1,0,142
19974,0,0,0,0,1,0,142
20508,0,0,1,1,0,0,142
20989,1,1,0,0,0,0,142
21012,1,1,1,1,1,0,142
21217,0,1,0,1,0,0,142
21473,0,0,0,0,1,0,142
21662,0,1,1,0,1,0,142
21755,0,0,0,0,1,0,142
21970,1,1,0,0,0,0,142
22140,0,1,1,0,1,0,142
22583,1,0,0,1,1,0,142
22812,0,1,1,0,1,0,142
22884,0,0,0,0,1,0,142
23275,0,0,1,1,0,0,142
23441,0,1,1,0,1,0,142
23550,1,0,1,0,0,0,142
23964,0,1,1,0,1,0,142
24915,0,1,0,1,0,0,142
25235,1,1,1,1,1,0,142
25377,0,1,1,0,1,0,142
25471,1,0,1,0,0,0,142
26252,1,1,1,1,1,0,142
26375,0,0,1,1,0,0,142
26550,0,1,1,0,1,0,142
26833,0,0,0,0,1,0,142
26856,1,0,1,0,0,0,142
26940,0,0,1,1,0,0,142
27369,0,1,1,0,1,0,142
27681,1,0,1,0,0,0,142
27843,0,1,1,0,1,0,142
28036,1,1,1,1,1,0,142
28066,1,1,1,1,1,0,142
28158,0,0,0,0,1,0,142
28563,0,0,1,1,0,0,142
29023,1,1,0,0,0,0,142
29267,0,0,1,1,0,0,142
29366,0,1,0,1,0,0,142
29482,1,1,0,0,0,0,142
29502,1,0,0,1,1,0,142
29740,1,0,1,0,0,0,142
29879,0,1,0,1,0,0,142
29918,1,1,0,0,0,0,142
30029,1,1,1,1,1,0,142
30256,0,1,1,0,1,0,142
30375,0,0,0,0,1,0,142
30641,1,0,1,0,0,0,142
30699,1,0,0,1,1,0,142
30763,1,0,1,0,0,0,142
30849,0,0,1,1,0,0,142
31409,1,0,1,0,0,0,142
31496,0,0,1,1,0,0,142
31674,0,0,0,1,1,1,142
31700,0,1,0,1,0,0,142
32690,0,1,0,1,0,0,142
32976,1,1,0,0,0,0,142
33389,1,0,1,0,0,0,142
33666,0,1,1,0,1,0,142
34726,1,1,1,1,1,0,142
34937,1,0,0,1,1,0,142
35262,1,0,0,1,1,0,142
35518,1,1,0,0,0,0,142
35941,0,1,1,0,1,0,142
36014,0,1,1,0,1,0,142
36204,1,1,1,1,1,0,142
36401,1,0,1,0,0,0,142
36720,1,1,0,0,0,0,142
37414,1,0,0,1,1,0,142
37566,1,0,1,0,0,0,142
37681,1,0,1,0,0,0,142
38238,0,0,1,1,0,0,142
38401,0,1,1,0,1,0,142
38486,0,0,0,0,1,0,142
38501,0,0,0,0,1,0,142
38725,1,0,0,1,1,0,142
38941,0,0,1,1,0,0,142
39358,0,1,1,0,1,0,142
39435,0,1,0,1,0,0,142
39562,1,1,1,1,1,0,142
39884,1,1,1,1,1,0,142
40269,1,1,0,0,0,0,142
40314,0,0,1,1,0,0,142
40567,1,1,1,1,1,0,142
40954,1,0,0,1,1,0,142
41154,1,1,0,0,0,0,142
41458,1,1,1,1,1,0,142
41583,0,0,0,0,1,0,142
41587,0,0,0,0,1,0,142
41804,0,0,0,0,1,0,142
41993,1,1,0,0,0,0,142
42580,1,1,0,0,0,0,142
42707,1,1,0,0,0,0,142
42887,1,0,1,0,0,0,142
43612,0,0,0,0,1,0,142
43861,1,0,0,1,1,0,142
44007,1,0,0,1,1,0,142
44120,0,1,0,1,0,0,142
44674,1,1,0,0,0,0,142
44778,1,0,0,1,1,0,142
44827,0,0,0,0,1,0,142
44967,0,0,1,1,0,0,142
45276,1,1,1,1,1,0,142
45388,1,0,0,1,1,0,142
45944,1,1,0,0,0,0,142
46429,1,1,1,1,1,0,142
46466,1,1,0,0,0,0,142
46643,0,0,1,1,0,0,142
47506,0,1,0,1,0,0,142
47551,0,0,1,1,0,0,142
48253,0,1,0,1,0,0,142
48504,1,0,1,0,0,0,142
48758,0,0,1,1,0,0,142
48830,0,1,0,1,0,0,142
48840,0,0,1,1,0,0,142
48883,1,0,1,0,0,0,142
48900,0,1,1,0,1,0,142
49665,1,1,1,1,1,0,142
49701,1,0,1,0,0,0,142
50054,0,1,0,1,0,0,142
50270,1,1,0,0,0,0,142
50405,1,1,0,0,0,0,142
50624,1,0,1,0,0,0,142
50945,1,1,0,0,0,0,142
51037,1,0,0,1,1,0,142
51100,1,0,0,1,1,0,142
51256,1,1,0,0,0,0,142
51327,0,1,1,0,1,0,142
51356,0,0,0,0,1,0,142
51534,1,1,0,0,0,0,142
51923,1,0,1,1,0,0,142
52012,0,0,1,1,0,0,142
52192,1,0,1,0,0,0,142
52539,0,0,1,0,0,0,142
52562,1,1,1,1,1,0,142
52603,1,1,1,1,1,0,142
52844,1,1,0,0,0,0,142
52854,0,1,0,1,0,0,142
52995,0,1,1,0,1,0,142
53191,1,0,0,0,1,1,142
53859,0,1,1,0,1,0,142
53906,1,1,0,0,0,0,142
54235,0,1,0,1,0,0,142
54834,0,0,1,1,0,0,142
55699,0,0,1,1,0,0,142
55931,0,1,0,1,0,0,142
55998,1,1,1,0,1,1,142
56570,0,1,0,1,0,0,142
56660,0,0,0,0,1,0,142
57235,0,0,1,1,0,0,142
57641,1,0,1,0,0,0,142
58643,0,0,0,0,1,0,142
58697,1,1,0,0,0,0,142
59473,1,0,1,0,0,0,142
59635,0,1,0,1,0,0,142
60092,0,1,0,1,0,0,142
60690,1,0,1,0,0,0,142
60704,0,0,1,1,0,0,142
60799,0,1,1,0,1,0,142
61148,1,0,0,1,1,0,142
61254,0,1,0,1,0,0,142
61321,0,0,1,1,0,0,142
61528,0,0,1,1,0,0,142
63164,0,0,0,0,1,0,142
64021,1,1,1,1,1,0,142
64084,1,1,1,1,1,0,142
64330,0,0,0,0,1,0,142
64921,0,1,1,0,1,0,142
65047,0,0,1,1,0,0,142
65068,1,1,0,0,0,0,142
65086,1,0,0,1,1,0,142
65745,0,1,1,0,1,0,113
66093,0,0,0,0,1,0,113
66472,1,0,0,1,1,0,113
66982,0,1,1,0,1,0,113
67030,0,0,0,0,1,0,113
67310,0,1,0,1,0,0,113
67955,0,0,0,0,1,0,113
68060,1,0,0,1,1,0,113
68151,1,0,1,0,0,0,113
68469,1,1,1,1,1,0,113
68566,1,1,0,0,0,0,113
68639,1,0,0,1,1,0,113
69152,0,1,1,0,1,0,113
69341,1,1,1,1,1,0,113
69362,1,1,1,1,1,0,113
69369,0,1,1,0,1,0,113
69436,0,1,0,1,0,0,113
69767,1,1,0,0,0,0,113
69780,0,0,0,0,1,0,113
70053,1,0,0,1,1,0,113
70289,0,1,1,0,1,0,113
70531,0,0,0,0,1,0,113
70646,0,0,0,0,1,0,113
70769,0,0,1,1,0,0,113
71182,1,1,0,0,0,0,113
71509,1,1,1,1,1,0,113
72602,1,1,0,0,0,0,113
72726,1,1,1,1,1,0,113
73755,0,1,1,0,1,0,113
74715,1,0,1,0,0,0,113
74900,1,0,1,0,0,0,113
75221,1,0,1,0,0,0,113
75295,1,0,0,1,1,0,113
75343,0,1,0,1,0,0,113
75365,1,0,1,0,0,0,113
75435,1,0,1,0,0,0,113
75470,1,1,1,1,1,0,113
75968,1,1,1,1,1,0,113
76032,0,0,1,1,0,0,113
76586,0,0,0,0,1,0,113
76699,0,1,1,0,1,0,113
76827,0,1,0,1,0,0,113
77614,0,1,1,0,1,0,113
77625,1,0,1,0,0,0,113
77662,0,0,1,1,0,0,113
77679,0,1,0,1,0,0,113
78015,1,0,1,0,0,0,113
78202,0,1,0,1,0,0,113
78424,1,0,1,0,0,0,113
78632,1,1,0,0,0,0,113
78699,1,1,1,1,1,0,113
79216,0,0,1,1,0,0,113
79771,1,0,1,0,0,0,113
80114,1,1,1,1,1,0,113
80207,0,0,1,1,0,0,113
80225,0,1,0,1,0,0,113
80304,0,0,0,0,1,0,113
80440,0,0,1,1,0,0,113
80745,1,0,1,0,0,0,113
80803,0,0,0,0,1,0,113
81146,1,1,0,0,0,0,113
81276,0,1,1,0,1,0,113
81395,1,0,1,0,0,0,113
82259,1,1,1,1,1,0,113
82275,0,1,0,1,0,0,113
83244,1,1,1,1,1,0,113
83560,1,1,0,0,0,0,113
83698,0,0,1,1,0,0,113
83831,0,0,1,1,0,0,113
83841,0,0,1,1,0,0,113
83926,1,1,1,1,1,0,113
84356,1,0,1,0,0,0,113
84693,1,1,1,1,1,0,113
85275,1,1,0,0,0,0,113
86761,1,1,0,0,0,0,113
87550,0,1,1,0,1,0,113
88147,0,0,1,1,0,0,113
88221,0,0,1,1,0,0,113
88987,0,0,1,1,0,0,113
89266,0,1,0,1,0,0,113
89284,1,0,1,0,0,0,113
90396,1,1,1,1,1,0,113
90451,1,1,0,0,0,0,113
90977,1,1,1,1,1,0,113
91779,0,0,0,0,1,0,113
92225,0,0,1,1,0,0,113
92380,1,0,1,0,0,0,113
92486,0,0,1,1,0,0,113
92890,0,0,1,1,0,0,113
93556,0,1,1,0,1,0,113
93621,1,0,0,1,1,0,113
93670,1,0,1,0,0,0,113
93710,1,1,0,1,0,0,113
94951,1,1,1,0,1,1,113
95418,1,0,0,1,1,0,113
95860,1,0,0,1,1,0,113
95961,1,1,1,1,1,0,113
96091,1,1,1,1,1,0,113
96359,1,0,0,1,1,0,113
97118,1,0,0,1,1,0,113
97432,1,0,0,1,1,0,113
97438,0,0,0,0,1,0,113
97820,1,0,1,0,0,0,113
97893,0,1,0,1,0,0,113
97978,0,0,0,0,1,0,113
98330,0,0,1,1,0,0,113
98401,0,0,0,0,1,0,113
98996,1,0,1,0,0,0,113
99002,0,0,1,1,0,0,113
99445,1,1,0,0,0,0,113
100467,0,0,1,1,0,0,113
100614,0,0,0,0,1,0,113
100642,1,0,0,1,1,0,113
101146,0,0,0,0,1,0,113
101563,1,0,0,1,1,0,113
102275,1,0,1,0,0,0,113
102320,0,1,0,1,0,0,113
102362,0,0,0,0,1,0,113
102547,1,1,1,1,1,0,113
102674,1,1,1,0,1,1,113
102953,1,1,0,0,0,0,113
103175,1,1,0,0,0,0,113
103195,0,1,0,1,0,0,113
103314,0,1,1,0,1,0,113
103944,1,1,0,0,0,0,113
104083,0,1,0,1,0,0,113
104096,0,1,0,1,0,0,113
104859,1,0,0,1,1,0,113
105176,0,0,1,1,0,0,113
105415,1,1,1,1,1,0,113
105794,0,0,0,0,1,0,113
105894,1,1,0,0,0,0,113
105929,1,1,0,0,0,0,113
105948,0,1,1,0,1,0,113
105998,1,1,1,1,1,0,113
106192,1,1,0,0,0,0,113
106556,1,1,1,1,1,0,113
106811,1,1,1,1,1,0,113
106977,0,0,0,0,1,0,113
107220,0,0,1,1,0,0,113
107242,1,1,1,1,1,0,113
107245,0,0,1,1,0,0,113
107427,0,0,1,1,0,0,113
107435,0,1,0,1,0,0,113
107440,0,0,0,0,1,0,113
107497,1,0,0,1,1,0,113
108770,0,1,0,1,0,0,113
109834,1,1,1,1,1,0,113
109844,1,1,1,1,1,0,113
109852,0,1,0,1,0,0,113
110459,0,1,1,0,1,0,113
111251,0,0,1,1,0,0,113
112286,0,0,1,1,0,0,113
112357,0,1,1,0,1,0,113
112696,0,1,1,0,1,0,113
113063,0,0,1,1,0,0,113
113137,1,1,1,0,1,1,113
113417,0,0,1,1,0,0,113
113915,1,0,1,0,0,0,113
114093,1,1,1,1,1,0,113
114131,0,0,0,0,1,0,113
114350,0,1,1,0,1,0,113
114413,0,0,0,1,1,1,113
114667,0,0,0,0,1,0,113
114677,1,1,0,0,0,0,113
114898,0,1,1,1,1,1,113
115196,1,1,0,0,0,0,113
115233,1,0,0,1,1,0,113
115555,1,0,1,0,0,0,113
115761,0,0,1,1,0,0,113
115927,1,1,0,0,0,0,113
116006,1,0,0,1,1,0,113
116101,1,0,0,1,1,0,113
116105,0,0,0,0,1,0,113
116233,1,1,0,0,0,0,113
116391,0,1,1,0,1,0,113
117370,0,0,1,1,0,0,113
118131,1,1,0,0,0,0,113
119237,1,0,1,0,0,0,113
119390,0,0,0,0,1,0,113
120343,0,0,1,1,0,0,113
120769,1,0,0,1,1,0,113
121156,1,0,0,1,1,0,113
121263,0,0,1,1,0,0,113
121434,0,1,1,0,1,0,113
121557,1,0,0,1,1,0,113
121562,1,0,0,1,1,0,113
121567,1,1,1,1,1,0,113
121763,0,0,0,0,1,0,113
122339,1,1,0,0,0,0,113
122340,1,0,0,1,1,0,113
122798,0,0,1,1,0,0,113
122979,1,0,0,1,1,0,113
122996,1,0,1,0,0,0,113
123366,0,0,0,0,1,0,113
123916,0,0,1,1,0,0,113
123932,0,0,1,1,0,0,113
124063,0,0,1,1,0,0,113
124230,0,0,1,1,0,0,113
124444,0,1,1,1,1,1,113
124727,0,1,1,0,1,0,113
125321,1,1,0,0,0,0,113
125407,1,1,1,1,1,0,113
125924,1,0,1,0,0,0,113
126323,0,0,0,0,1,0,113
126435,1,0,0,1,1,0,113
127814,0,0,0,0,1,0,113
128335,1,0,0,1,1,0,113
128612,0,1,1,0,1,0,113
128776,0,0,1,1,0,0,113
128988,1,1,0,0,0,0,113
129540,1,0,0,1,1,0,113
130003,1,1,0,0,0,0,113
130281,0,1,1,0,1,0,113
130443,0,1,0,1,0,0,113
130981,1,0,1,0,0,0,113
131429,0,1,1,0,1,0,49
131629,1,1,0,0,0,0,49
132897,0,0,0,0,1,0,49
134523,1,0,0,1,1,0,49
134908,1,0,0,1,1,0,49
136361,1,0,1,0,0,0,49
136455,0,1,1,0,1,0,49
137704,1,1,0,0,0,0,49
138634,1,0,0,1,1,0,49
139577,1,0,1,0,0,0,49
140305,1,1,1,1,1,0,49
140646,0,1,0,1,0,0,49
141393,0,0,0,0,1,0,49
142754,0,1,1,0,1,0,49
146955,1,1,0,0,0,0,49
148490,0,1,1,0,1,0,49
150015,1,1,1,1,1,0,49
150210,0,1,0,1,0,0,49
150377,0,0,1,1,0,0,49
151022,0,0,1,1,0,0,49
151050,0,0,0,0,1,0,49
151066,0,1,0,1,0,0,49
151350,1,1,1,1,1,0,49
152715,0,0,0,0,1,0,49
153255,0,1,0,1,0,0,49
155356,1,1,1,1,1,0,49
155600,1,0,1,0,0,0,49
155655,0,0,0,0,1,0,49
155960,0,1,0,1,0,0,49
157760,0,0,0,0,1,0,49
161939,1,1,0,0,0,0,49
163607,0,0,0,0,1,0,49
163841,1,0,0,1,1,0,49
163886,1,1,1,1,1,0,49
164279,1,1,1,1,1,0,49
164916,0,1,1,0,1,0,49
164955,1,0,0,1,1,0,49
168049,1,1,0,0,0,0,49
169781,1,1,1,1,1,0,49
171034,0,1,0,1,0,0,49
171763,0,0,0,0,1,0,49
171776,0,0,1,1,0,0,49
172229,0,0,0,0,1,0,49
172447,1,1,0,0,0,0,49
172765,0,0,0,0,1,0,49
174644,0,1,0,1,0,0,49
176148,0,0,0,0,1,0,49
176178,1,0,0,1,1,0,49
177061,0,0,1,1,0,0,49
177690,0,1,1,0,1,0,49
177909,0,1,0,1,0,0,49
178307,0,0,0,0,1,0,49
179557,0,1,0,1,0,0,49
179741,0,1,1,0,1,0,49
181111,1,1,0,0,0,0,49
182102,1,1,1,0,1,1,49
182475,0,1,0,1,0,0,49
182674,0,1,1,0,1,0,49
183169,1,1,1,1,1,0,49
183691,1,0,1,0,0,0,49
184621,0,1,1,0,1,0,49
185558,0,1,1,0,1,0,49
185595,0,0,1,1,0,0,49
186516,1,0,0,1,1,0,49
187135,0,1,0,1,0,0,49
190164,0,0,1,1,0,0,49
190278,0,0,0,0,1,0,49
190661,0,0,1,1,0,0,49
193265,0,0,0,0,1,0,49
194273,0,1,1,0,1,0,49
195051,0,1,0,1,0,0,49
195218,1,1,1,1,1,0,49
196556,0,0,1,1,0,0,49
196789,1,1,0,0,0,0,67
197117,0,0,1,1,0,0,67
197360,0,1,1,0,1,0,67
197598,0,1,1,0,1,0,67
198742,1,1,1,1,1,0,67
198797,0,1,0,1,0,0,67
200158,0,0,1,1,0,0,67
201171,0,0,0,0,1,0,67
201215,1,0,0,1,1,0,67
202250,1,0,1,0,0,0,67
202294,0,1,0,0,0,0,67
202776,1,1,0,0,0,0,67
203843,1,0,1,0,0,0,67
204523,0,1,1,0,1,0,67
205845,1,1,1,1,1,0,67
206788,0,0,0,0,1,0,67
207236,0,0,0,0,1,0,67
207402,1,0,1,0,0,0,67
207953,1,0,1,0,0,0,67
208053,0,0,0,0,1,0,67
208733,0,0,1,1,0,0,67
209601,0,0,0,0,1,0,67
211084,1,1,0,0,0,0,67
211275,0,1,0,1,0,0,67
212970,0,1,0,1,0,0,67
215499,0,1,0,1,0,0,67
215607,0,0,1,1,0,0,67
215737,1,0,1,0,0,0,67
217472,0,0,0,0,1,0,67
217903,1,1,1,1,1,0,67
218614,1,0,0,1,1,0,67
218915,0,1,1,0,1,0,67
220414,1,0,0,1,1,0,67
220866,0,0,0,0,1,0,67
221209,1,1,1,1,1,0,67
222190,0,1,0,1,0,0,67
222512,0,0,0,0,1,0,67
223171,1,1,1,1,1,0,67
223389,0,1,0,1,0,0,67
223538,0,0,1,1,0,0,67
224223,1,0,0,1,1,0,67
224545,0,1,0,1,0,0,67
225098,1,0,1,0,0,0,67
225231,0,0,1,0,0,0,67
226125,0,0,1,1,0,0,67
227961,1,1,0,0,0,0,67
228405,0,1,0,1,0,0,67
228664,0,0,0,0,1,0,67
229016,1,0,1,0,0,0,67
229142,1,0,0,1,1,0,67
229160,1,0,1,0,0,0,67
229685,0,0,1,1,0,0,67
230056,1,0,1,0,0,0,67
230227,1,1,1,1,1,0,67
230310,1,0,1,0,0,0,67
230726,1,1,1,1,1,0,67
231221,1,0,0,1,1,0,67
231506,1,0,0,1,1,0,67
231641,0,1,1,0,1,0,67
232241,0,1,1,0,1,0,67
232617,1,1,0,0,0,0,67
232943,0,1,1,0,1,0,67
233450,0,1,0,1,0,0,67
233499,1,0,1,0,0,0,67
233563,0,1,1,0,1,0,67
234683,0,1,0,1,0,0,67
234816,1,1,0,0,0,0,67
235693,0,1,1,0,1,0,67
236848,1,0,1,0,0,0,67
236909,0,0,0,0,1,0,67
237127,0,1,0,1,0,0,67
238384,0,1,1,0,1,0,67
239365,1,0,0,1,1,0,67
239449,1,1,1,1,1,0,67
240750,0,1,1,0,1,0,67
240982,1,0,1,0,0,0,67
241488,1,1,1,1,1,0,67
241713,1,0,1,0,0,0,67
242178,0,1,1,0,1,0,67
242294,0,0,0,0,1,0,67
243197,1,0,0,1,1,0,67
243454,1,0,0,1,1,0,67
243539,0,0,1,1,0,0,67
243828,0,0,0,0,1,0,67
244443,1,1,0,0,0,0,67
244477,1,0,1,0,0,0,67
244664,1,0,0,1,1,0,67
245622,1,1,0,0,0,0,67
246365,0,0,1,1,0,0,67
246727,0,0,1,1,0,0,67
246977,1,1,1,1,1,0,67
247747,0,1,0,1,0,0,67
247983,0,1,0,1,0,0,67
248317,1,1,1,1,1,0,67
248355,0,0,0,0,1,0,67
249128,1,0,0,1,1,0,67
249521,1,1,1,1,1,0,67
250073,1,0,1,0,0,0,67
250200,0,1,0,1,0,0,67
250202,1,1,1,1,1,0,67
250609,0,0,1,1,0,0,67
251171,1,0,0,1,1,0,67
252716,1,1,1,1,1,0,67
253117,0,1,1,0,1,0,67
254109,0,0,1,1,0,0,67
254269,0,0,1,1,0,0,67
255823,1,1,1,1,1,0,67
255887,1,1,1,1,1,0,67
257263,0,1,1,0,1,0,67
258362,1,0,0,1,1,0,67
258654,1,1,0,0,0,0,67
259671,1,0,1,0,0,0,67
259891,0,1,1,0,1,0,67
260498,1,1,0,0,0,0,67
261155,1,0,1,0,0,0,67
262184,0,0,1,1,0,0,96
262439,0,0,0,0,1,0,96
262440,1,0,1,1,0,0,96
263864,0,1,0,1,0,0,96
264098,0,0,1,1,0,0,96
264795,0,1,0,1,0,0,96
265258,1,0,1,0,0,0,96
265401,1,0,0,1,1,0,96
265516,0,1,1,0,1,0,96
265801,0,1,0,1,0,0,96
266232,1,1,1,1,1,0,96
266994,1,1,0,0,0,0,96
267096,1,1,0,0,0,0,96
267150,1,0,1,0,0,0,96
267155,0,0,1,1,0,0,96
267201,1,0,1,0,0,0,96
268315,0,1,1,0,1,0,96
269485,0,1,0,1,0,0,96
270658,1,1,1,0,1,1,96
270791,0,0,1,1,0,0,96
270812,1,0,0,1,1,0,96
270813,0,1,1,0,1,0,96
271053,1,1,0,0,0,0,96
271727,1,0,1,0,0,0,96
271781,0,0,1,1,0,0,96
271826,1,1,1,1,1,0,96
271852,0,0,0,0,1,0,96
272084,0,1,0,1,0,0,96
272740,1,1,1,1,1,0,96
273680,0,1,1,0,1,0,96
273873,1,1,1,1,1,0,96
273945,1,0,1,0,0,0,96
274116,0,1,1,0,1,0,96
274229,0,0,0,0,1,0,96
275550,0,0,0,0,1,0,96
275889,1,1,0,0,0,0,96
276449,0,0,0,0,1,0,96
277672,1,1,0,0,0,0,96
277808,0,1,0,1,0,0,96
278159,0,0,1,0,0,0,96
278751,1,1,0,0,0,0,96
278879,0,1,0,1,0,0,96
278956,1,1,1,1,1,0,96
279025,0,0,1,1,0,0,96
279117,0,1,1,1,1,1,96
279511,1,1,0,0,0,0,96
279660,1,0,0,1,1,0,96
280620,0,1,1,0,1,0,96
280651,0,0,1,1,0,0,96
280852,1,0,0,1,1,0,96
280938,1,1,1,1,1,0,96
281029,0,0,0,0,1,0,96
281562,0,1,0,1,0,0,96
281791,0,1,0,1,0,0,96
282152,0,0,1,1,0,0,96
282216,1,1,1,1,1,0,96
283611,1,0,1,0,0,0,96
283637,0,1,0,1,0,0,96
283762,1,1,1,0,1,1,96
283863,1,0,0,1,1,0,96
284123,1,0,0,1,1,0,96
284606,1,1,0,0,0,0,96
284948,1,1,0,0,0,0,96
285036,0,1,1,0,1,0,96
285108,1,1,0,0,0,0,96
285372,0,0,1,1,0,0,96
285393,0,0,0,0,1,0,96
285603,1,1,0,1,0,0,96
286497,0,0,1,1,0,0,96
286760,1,1,1,1,1,0,96
287101,0,1,0,1,0,0,96
287117,0,1,1,0,1,0,96
288078,1,1,0,0,0,0,96
288672,1,0,1,0,0,0,96
288865,1,1,0,0,0,0,96
289877,1,0,1,0,0,0,96
290119,0,0,1,1,0,0,96
291432,1,0,0,1,1,0,96
291544,1,0,0,1,1,0,96
292646,1,1,1,1,1,0,96
292852,1,0,1,0,0,0,96
293234,1,1,0,0,0,0,96
293364,0,1,1,0,1,0,96
293577,1,0,0,1,1,0,96
294902,1,1,1,1,1,0,96
295381,1,1,0,1,0,0,96
295489,1,0,0,1,1,0,96
295524,1,1,1,1,1,0,96
296390,1,1,0,0,0,0,96
296533,1,0,1,0,0,0,96
296614,1,1,1,1,1,0,96
296667,1,0,0,1,1,0,96
296768,1,1,0,0,0,0,96
296833,0,1,0,0,0,0,96
296854,1,1,1,1,1,0,96
297302,0,1,1,0,1,0,96
298287,0,1,0,1,0,0,96
298867,0,0,0,0,1,0,96
299043,1,1,1,1,1,0,96
299140,0,0,1,1,0,0,96
299273,0,1,0,1,0,0,96
299458,1,0,0,1,1,0,96
299483,0,1,0,1,0,0,96
299653,0,1,1,0,1,0,96
300772,0,1,1,0,1,0,96
302086,0,1,0,1,0,0,96
302366,1,0,0,1,1,0,96
302864,1,1,0,1,0,0,96
303542,1,0,1,0,0,0,96
303560,0,0,0,0,1,0,96
303788,0,1,0,1,0,0,96
304030,1,1,1,1,1,0,96
304037,1,1,1,1,1,0,96
304545,1,0,0,1,1,0,96
305257,0,0,0,0,1,0,96
305448,0,0,0,0,1,0,96
305737,1,1,0,0,0,0,96
305793,1,1,0,0,0,0,96
305923,1,0,0,1,1,0,96
306047,1,1,0,0,0,0,96
306878,0,0,1,1,0,0,96
306944,1,0,0,1,1,0,96
307195,0,0,1,1,0,0,96
308071,0,1,0,1,0,0,96
308558,0,0,1,1,0,0,96
308966,0,0,0,0,1,0,96
309161,1,0,1,0,0,0,96
309164,0,1,1,1,1,1,96
309756,0,0,0,0,1,0,96
310821,0,1,1,0,1,0,96
311661,0,1,1,0,1,0,96
311812,0,0,0,0,1,0,96
312063,0,0,0,0,1,0,96
312134,1,1,0,1,0,0,96
312345,1,0,1,0,0,0,96
312393,0,1,1,0,1,0,96
312512,0,1,1,0,1,0,96
313349,0,0,1,1,0,0,96
313594,0,1,1,0,1,0,96
314197,1,1,0,0,0,0,96
314370,0,0,1,1,0,0,96
314874,1,0,1,0,0,0,96
315305,0,1,1,0,1,0,96
315360,1,1,0,0,0,0,96
315361,0,1,0,1,0,0,96
315554,0,1,0,1,0,0,96
315566,1,1,1,1,1,0,96
315862,0,1,0,1,0,0,96
315902,0,1,1,0,1,0,96
316464,0,1,1,0,1,0,96
316700,1,0,1,0,0,0,96
316861,1,1,0,0,0,0,96
317019,1,0,1,0,0,0,96
317039,1,0,0,1,1,0,96
317055,0,0,1,1,0,0,96
317444,1,1,1,1,1,0,96
317624,1,0,1,0,0,0,96
318293,0,0,1,1,0,0,96
318489,1,1,1,1,1,0,96
319463,1,0,1,0,0,0,96
319846,1,0,0,1,1,0,96
320026,0,0,1,1,0,0,96
320206,1,1,1,1,1,0,96
320811,0,1,0,1,0,0,96
321133,1,0,0,1,1,0,96
321898,1,1,1,1,1,0,96
323173,1,1,0,0,0,0,96
323486,1,1,1,1,1,0,96
323521,1,0,1,0,0,0,96
324337,0,0,1,1,0,0,96
324420,0,1,1,0,1,0,96
324564,1,0,0,1,1,0,96
324919,0,1,0,1,0,0,96
325044,1,0,0,1,1,0,96
325414,1,0,0,1,1,0,96
325418,0,0,1,1,0,0,96
325849,0,0,0,0,1,0,96
325900,1,1,0,0,0,0,96
326553,0,1,0,1,0,0,96
327048,1,1,1,1,1,0,96
327579,0,1,1,0,1,0,96
327816,0,0,1,1,0,0,68
328366,0,1,1,0,1,0,68
328661,0,0,1,1,0,0,68
329507,0,1,1,0,1,0,68
331405,1,1,0,0,0,0,68
334564,1,1,1,1,1,0,68
334875,0,1,1,0,1,0,68
334939,1,0,0,1,1,0,68
335268,1,0,1,0,0,0,68
335990,1,0,0,1,1,0,68
337554,0,1,0,1,0,0,68
338466,1,1,1,1,1,0,68
338488,1,0,0,1,1,0,68
338786,1,1,0,0,0,0,68
338850,1,0,0,1,1,0,68
339576,0,1,1,0,1,0,68
340281,1,1,1,1,1,0,68
340664,0,1,0,1,0,0,68
341621,1,1,0,0,0,0,68
342758,0,0,1,1,0,0,68
342804,1,0,0,1,1,0,68
344279,0,0,0,0,1,0,68
344398,1,1,0,0,0,0,68
344526,1,0,1,0,0,0,68
344705,0,1,1,0,1,0,68
344833,0,1,0,1,0,0,68
345675,0,0,1,1,0,0,68
345860,1,0,0,1,1,0,68
346565,0,1,1,0,1,0,68
347089,0,1,0,1,0,0,68
347096,0,1,1,0,1,0,68
347742,1,1,1,1,1,0,68
347933,1,0,1,0,0,0,68
348901,1,1,0,0,0,0,68
348961,0,0,1,1,0,0,68
348992,0,0,1,1,0,0,68
349450,0,1,1,0,1,0,68
349804,1,1,1,1,1,0,68
351284,0,1,1,0,1,0,68
351497,0,1,0,1,0,0,68
352490,1,1,0,0,0,0,68
352743,1,1,1,1,1,0,68
352991,0,0,0,0,1,0,68
353175,0,1,1,0,1,0,68
353373,1,0,0,1,1,0,68
353957,0,1,1,0,1,0,68
354822,1,1,0,0,0,0,68
354975,0,0,0,0,1,0,68
355210,1,1,1,1,1,0,68
356167,1,0,1,0,0,0,68
357124,1,1,0,0,0,0,68
358356,1,1,0,0,0,0,68
358600,0,0,1,1,0,0,68
358758,1,0,0,1,1,0,68
358948,0,1,1,0,1,0,68
359389,0,0,1,1,0,0,68
359528,1,0,0,1,1,0,68
359686,0,0,1,1,0,0,68
360226,0,1,1,0,1,0,68
361191,0,0,0,0,1,0,68
361900,1,1,1,1,1,0,68
362287,1,0,0,1,1,0,68
362365,1,1,1,1,1,0,68
362374,0,0,0,0,1,0,68
363001,1,0,0,1,1,0,68
363009,0,0,1,1,0,0,68
363078,1,1,1,1,1,0,68
364107,1,1,0,0,0,0,68
364790,1,1,0,0,0,0,68
365607,1,0,0,1,1,0,68
365643,1,1,1,1,1,0,68
365774,0,1,1,0,1,0,68
366996,1,0,1,0,0,0,68
367079,1,1,0,0,0,0,68
367801,1,0,1,0,0,0,68
368366,1,1,1,1,1,0,68
369229,0,0,0,0,1,0,68
369416,0,0,1,1,0,0,68
371338,1,1,0,0,0,0,68
371654,0,1,1,0,1,0,68
372097,0,0,1,1,0,0,68
372633,0,0,0,0,1,0,68
372688,1,0,1,0,0,0,68
373068,0,1,0,1,0,0,68
373165,0,0,1,1,0,0,68
373201,0,1,0,1,0,0,68
373744,0,0,1,1,0,0,68
373845,1,0,1,0,0,0,68
374408,0,1,0,1,0,0,68
374706,0,1,1,0,1,0,68
374808,1,0,1,0,0,0,68
375363,1,1,1,1,1,0,68
375556,1,1,1,1,1,0,68
375664,0,0,1,1,0,0,68
375701,0,1,1,0,1,0,68
375935,1,0,0,1,1,0,68
376206,0,1,1,0,1,0,68
376454,1,1,1,1,1,0,68
377581,0,1,1,0,1,0,68
378936,0,0,1,1,0,0,68
379266,1,0,0,1,1,0,68
379927,1,0,1,0,0,0,68
380122,1,0,0,1,1,0,68
380750,0,1,1,0,1,0,68
380986,0,0,1,1,0,0,68
381010,1,0,0,1,1,0,68
381367,0,0,1,1,0,0,68
383395,1,1,0,0,0,0,68
383532,0,1,0,1,0,0,68
384018,0,0,0,0,1,0,68
384116,0,0,0,0,1,0,68
385037,1,0,0,1,1,0,68
385098,0,0,1,1,0,0,68
386009,0,1,1,0,1,0,68
386747,1,0,1,0,0,0,68
387116,0,0,1,1,0,0,68
387994,1,0,0,1,1,0,68
388297,0,0,0,0,1,0,68
390229,0,0,0,0,1,0,68
391353,1,1,1,1,1,0,68
391622,0,0,1,1,0,0,68
392634,0,0,0,0,1,0,68
392916,0,1,0,1,0,0,68
393268,0,1,0,1,0,0,141
393884,0,1,1,0,1,0,141
394075,0,1,1,0,1,0,141
394196,1,1,1,0,1,1,141
394278,0,1,1,0,1,0,141
394375,1,1,1,1,1,0,141
395049,0,0,1,1,0,0,141
396376,0,1,1,0,1,0,141
396726,0,1,1,0,1,0,141
396858,0,0,1,1,0,0,141
397087,0,0,1,1,0,0,141
397114,1,1,0,0,0,0,141
397205,1,0,1,0,0,0,141
397226,0,1,0,1,0,0,141
397236,0,1,0,1,0,0,141
397508,1,1,1,1,1,0,141
397602,0,1,0,1,0,0,141
397877,1,1,0,0,0,0,141
397927,0,1,0,1,0,0,141
398189,1,1,0,0,0,0,141
398193,1,0,0,1,1,0,141
398905,1,1,1,1,1,0,141
398961,1,1,1,1,1,0,141
399063,0,1,0,1,0,0,141
399165,0,1,1,0,1,0,141
399436,1,1,1,1,1,0,141
400274,0,1,1,0,1,0,141
400423,1,1,1,1,1,0,141
400429,0,0,1,1,0,0,141
401227,1,0,1,0,0,0,141
401285,1,1,0,0,0,0,141
402013,1,0,1,0,0,0,141
402050,1,0,1,0,0,0,141
402578,0,0,0,0,1,0,141
402905,1,0,0,1,1,0,141
403100,0,1,0,1,0,0,141
403305,1,1,0,0,0,0,141
403503,0,0,1,1,0,0,141
404063,0,0,0,0,1,0,141
404145,1,1,0,0,0,0,141
404228,1,0,1,0,0,0,141
404500,0,1,1,0,1,0,141
404745,0,1,1,0,1,0,141
405222,0,0,0,1,1,1,141
405289,0,0,1,1,0,0,141
405420,0,0,0,0,1,0,141
405541,1,1,0,0,0,0,141
405609,1,1,1,1,1,0,141
405767,1,0,1,0,0,0,141
406860,1,0,1,0,0,0,141
407373,1,1,1,1,1,0,141
407472,1,1,1,1,1,0,141
407831,0,1,0,1,0,0,141
408150,1,1,0,0,0,0,141
408861,1,0,1,1,0,0,141
408921,0,0,0,0,1,0,141
409127,1,1,1,1,1,0,141
409696,1,1,0,0,0,0,141
410075,1,1,0,0,0,0,141
410094,0,0,0,0,1,0,141
410118,1,1,0,0,0,0,141
410315,0,0,1,1,0,0,141
410359,0,0,0,0,1,0,141
410752,1,0,0,1,1,0,141
411491,0,0,1,1,0,0,141
411755,0,1,1,0,1,0,141
412171,0,1,1,0,1,0,141
413059,1,0,0,1,1,0,141
413082,0,1,0,1,0,0,141
413120,0,1,0,1,0,0,141
413381,1,0,0,1,1,0,141
413655,1,0,1,0,0,0,141
413656,1,1,1,1,1,0,141
413923,0,1,1,0,1,0,141
413957,1,0,1,0,0,0,141
415067,1,1,0,0,0,0,141
415306,0,0,1,1,0,0,141
415715,0,0,1,1,0,0,141
416297,1,0,0,1,1,0,141
416439,1,0,1,0,0,0,141
416521,0,0,1,1,0,0,141
416695,1,0,1,0,0,0,141
416827,1,0,0,1,1,0,141
417141,0,1,1,0,1,0,141
417341,1,1,1,1,1,0,141
417379,0,1,1,0,1,0,141
417507,1,0,1,0,0,0,141
418028,1,1,1,1,1,0,141
418124,0,0,0,1,1,1,141
418344,0,1,1,0,1,0,141
418399,0,1,0,1,0,0,141
418542,0,1,1,0,1,0,141
418674,0,0,1,1,0,0,141
418760,1,1,0,0,0,0,141
418822,1,0,0,1,1,0,141
418902,0,0,1,1,0,0,141
418905,0,1,1,0,1,0,141
419122,1,0,1,0,0,0,141
419303,1,1,1,1,1,0,141
419624,0,1,0,1,0,0,141
420042,1,0,1,0,0,0,141
420124,0,0,0,0,1,0,141
421130,1,0,1,0,0,0,141
421435,1,1,0,0,0,0,141
421605,0,0,1,1,0,0,141
422031,1,1,1,1,1,0,141
422385,1,0,0,1,1,0,141
422621,0,1,1,0,1,0,141
423663,1,0,1,0,0,0,141
424188,1,1,1,1,1,0,141
424271,0,0,1,1,0,0,141
424431,0,0,1,1,0,0,141
424818,1,0,1,0,0,0,141
426201,1,1,0,0,0,0,141
426446,0,0,1,1,0,0,141
426518,1,0,1,0,0,0,141
426941,0,0,0,0,1,0,141
427088,0,0,0,0,1,0,141
427751,1,1,0,0,0,0,141
428094,1,0,1,0,0,0,141
428116,0,0,1,1,0,0,141
428410,0,0,1,1,0,0,141
428819,0,0,1,1,0,0,141
429049,1,0,0,1,1,0,141
429403,1,0,0,1,1,0,141
429611,0,1,0,1,0,0,141
430229,0,0,1,1,0,0,141
430531,0,0,1,1,0,0,141
430682,1,0,0,1,1,0,141
432007,0,1,0,1,0,0,141
433218,1,0,0,0,1,1,141
433288,0,0,1,1,0,0,141
433463,0,1,1,0,1,0,141
433576,1,1,1,1,1,0,141
433628,1,1,1,1,1,0,141
433913,0,0,0,0,1,0,141
434040,0,0,0,0,1,0,141
434086,1,0,0,1,1,0,141
434166,0,1,0,1,0,0,141
434192,1,0,1,0,0,0,141
434324,1,0,1,0,0,0,141
434445,1,0,1,0,0,0,141
434766,0,1,1,0,1,0,141
434792,1,1,0,0,0,0,141
435032,0,1,0,1,0,0,141
435053,1,0,0,1,1,0,141
435146,0,1,1,0,1,0,141
435170,1,0,1,0,0,0,141
435575,0,1,1,0,1,0,141
436259,0,0,1,1,0,0,141
436697,0,1,0,1,0,0,141
437580,0,0,1,1,0,0,141
437585,0,1,0,1,0,0,141
437701,1,1,1,1,1,0,141
437801,1,0,0,1,1,0,141
439125,1,0,0,1,1,0,141
439194,1,0,1,0,0,0,141
439214,1,0,1,0,0,0,141
439222,1,1,1,1,1,0,141
439312,1,1,0,0,0,0,141
440255,1,0,1,0,0,0,141
440530,0,1,0,1,0,0,141
440674,1,0,1,0,0,0,141
441374,0,0,0,0,1,0,141
441414,0,1,0,1,0,0,141
441456,1,0,0,1,1,0,141
441916,0,1,0,1,0,0,141
442183,1,1,0,0,0,0,141
442184,0,1,1,0,1,0,141
442234,0,1,1,0,1,0,141
442243,0,1,1,0,1,0,141
442466,0,0,1,1,0,0,141
442661,1,0,1,0,0,0,141
442741,0,0,0,0,1,0,141
442762,0,0,1,1,0,0,141
442817,1,1,1,1,1,0,141
442854,0,1,0,1,0,0,141
443076,1,0,0,1,1,0,141
443352,1,1,0,0,0,0,141
443487,1,1,0,0,0,0,141
443875,1,0,0,1,1,0,141
443924,1,0,1,0,0,0,141
444037,1,0,0,1,1,0,141
444455,0,0,1,0,0,0,141
445018,1,1,1,1,1,0,141
445476,0,0,0,0,1,0,141
445580,0,0,0,0,1,0,141
445660,1,1,0,1,0,0,141
446128,1,0,0,1,1,0,141
446231,0,1,0,1,0,0,141
446309,0,0,1,1,0,0,141
446790,1,1,1,1,1,0,141
446939,1,0,1,0,0,0,141
447682,0,1,1,0,1,0,141
447815,1,1,0,0,0,0,141
448257,1,0,0,1,1,0,141
448496,0,0,0,0,1,0,141
448553,0,1,0,1,0,0,141
448831,1,1,0,0,0,0,141
448896,1,0,1,0,0,0,141
448959,1,0,0,1,1,0,141
449504,1,1,0,0,0,0,141
449544,0,1,0,1,0,0,141
449643,1,1,1,1,1,0,141
449680,0,1,1,0,1,0,141
449924,0,0,1,1,0,0,141
450070,1,0,1,0,0,0,141
450697,0,0,1,1,0,0,141
451056,1,0,0,1,1,0,141
451139,1,1,0,0,0,0,141
451160,0,1,1,1,1,1,141
451284,0,1,1,0,1,0,141
451843,0,1,1,0,1,0,141
452331,1,0,1,0,0,0,141
452795,0,1,0,1,0,0,141
452917,0,1,0,1,0,0,141
453256,0,1,0,1,0,0,141
453308,0,1,0,1,0,0,141
453643,1,0,0,1,1,0,141
453757,0,1,0,1,0,0,141
453891,0,1,0,1,0,0,141
453943,0,0,0,0,1,0,141
453994,0,0,0,0,1,0,141
454035,0,1,1,0,1,0,141
454214,1,1,1,1,1,0,141
454849,1,0,0,1,1,0,141
454854,0,0,1,1,0,0,141
454886,1,0,1,0,0,0,141
454965,0,1,0,1,0,0,141
455130,1,0,0,1,1,0,141
455655,0,1,0,1,0,0,141
455962,0,0,1,1,0,0,141
456779,0,0,0,0,1,0,141
456897,1,0,0,1,1,0,141
456953,1,1,0,0,0,0,141
457190,0,0,1,1,0,0,141
457286,0,0,1,1,0,0,141
457328,1,1,0,0,0,0,141
457374,0,1,1,0,1,0,141
457786,1,0,0,1,1,0,141
457839,1,1,1,1,1,0,141
458065,1,1,0,0,0,0,141
458300,1,0,0,1,1,0,141
458399,1,0,1,0,0,0,141
458526,0,1,0,1,0,0,141
458631,1,1,1,1,1,0,141
458968,0,1,0,1,0,0,119
459061,1,0,0,1,1,0,119
459129,1,0,0,1,1,0,119
459162,0,1,1,0,1,0,119
460129,0,1,0,1,0,0,119
460331,0,0,0,0,1,0,119
460600,1,0,1,0,0,0,119
460764,1,1,0,0,0,0,119
461182,1,0,0,1,1,0,119
461288,1,0,1,0,0,0,119
461399,1,0,0,1,1,0,119
461425,0,0,0,0,1,0,119
461437,0,1,1,0,1,0,119
461566,1,0,0,1,1,0,119
461811,1,1,1,1,1,0,119
461931,1,1,1,1,1,0,119
462182,0,1,0,0,0,0,119
462424,1,1,1,1,1,0,119
463628,0,1,0,1,0,0,119
463674,0,0,1,1,0,0,119
463743,1,0,0,1,1,0,119
463937,1,1,1,1,1,0,119
464225,1,1,1,1,1,0,119
465230,0,0,1,1,0,0,119
465391,0,1,0,1,0,0,119
465483,0,1,1,0,1,0,119
465691,0,1,1,0,1,0,119
465900,0,0,1,1,0,0,119
466119,0,0,1,0,0,0,119
466530,0,1,1,0,1,0,119
466607,1,1,0,0,0,0,119
467358,1,1,0,0,0,0,119
467623,0,0,1,1,0,0,119
467896,0,1,1,0,1,0,119
467960,1,1,0,0,0,0,119
468135,1,1,1,1,1,0,119
468300,0,0,1,1,0,0,119
468391,0,0,1,1,0,0,119
468785,1,0,0,1,1,0,119
468793,1,1,1,1,1,0,119
468873,0,1,0,1,0,0,119
469025,0,0,1,1,0,0,119
470122,1,0,1,1,0,0,119
470397,1,0,0,1,1,0,119
470606,1,1,1,1,1,0,119
470841,1,1,1,1,1,0,119
470899,1,0,0,1,1,0,119
472059,1,1,0,0,0,0,119
472658,1,1,1,1,1,0,119
472792,1,0,1,0,0,0,119
472897,0,0,1,1,0,0,119
472946,1,1,0,0,0,0,119
473405,0,0,1,1,0,0,119
473781,0,0,1,1,0,0,119
473943,1,0,0,1,1,0,119
474213,0,1,1,0,1,0,119
474908,0,0,0,0,1,0,119
474922,0,0,1,1,0,0,119
475021,1,0,1,0,0,0,119
475410,0,0,1,1,0,0,119
475439,1,1,0,0,0,0,119
475561,0,0,0,0,1,0,119
476070,0,0,0,0,1,0,119
476164,0,1,0,1,0,0,119
476584,1,1,0,0,0,0,119
476894,0,1,0,1,0,0,119
476970,1,1,1,1,1,0,119
477156,0,0,1,1,0,0,119
478027,1,1,0,0,0,0,119
478155,1,0,1,0,0,0,119
478238,0,0,0,0,1,0,119
479214,0,0,1,1,0,0,119
479287,0,1,1,0,1,0,119
479474,1,1,1,1,1,0,119
479512,1,0,0,1,1,0,119
479560,0,0,1,1,0,0,119
480675,1,0,0,1,1,0,119
480727,0,1,1,0,1,0,119
480975,0,0,1,1,0,0,119
481213,1,1,1,1,1,0,119
481703,0,1,0,1,0,0,119
482230,0,1,0,1,0,0,119
482260,0,0,0,0,1,0,119
482301,1,0,0,1,1,0,119
482619,0,0,0,0,1,0,119
483067,1,1,1,1,1,0,119
483713,1,0,1,0,0,0,119
483791,0,1,0,1,0,0,119
483900,1,0,0,1,1,0,119
483985,1,1,1,1,1,0,119
484169,0,0,1,1,0,0,119
484254,0,0,0,0,1,0,119
484398,0,1,1,0,1,0,119
484476,1,0,0,1,1,0,119
484808,1,1,0,0,0,0,119
485100,0,0,1,1,0,0,119
485168,1,1,0,0,0,0,119
485643,0,1,1,0,1,0,119
485722,1,0,1,0,0,0,119
485907,0,1,1,0,1,0,119
486037,1,1,0,0,0,0,119
486211,1,1,1,1,1,0,119
486282,1,0,0,1,1,0,119
486944,1,0,0,1,1,0,119
487380,1,1,1,1,1,0,119
487399,1,1,1,1,1,0,119
487578,0,1,0,1,0,0,119
487731,1,0,0,1,1,0,119
487744,0,0,0,0,1,0,119
487758,1,1,1,1,1,0,119
487761,0,1,0,1,0,0,119
487849,0,0,0,0,1,0,119
487876,0,1,0,1,0,0,119
488241,0,1,0,1,0,0,119
488487,1,0,1,0,0,0,119
488920,1,1,1,1,1,0,119
489865,0,1,1,0,1,0,119
489923,1,1,0,1,0,0,119
490448,0,1,1,0,1,0,119
490546,0,0,1,1,0,0,119
491056,1,1,1,1,1,0,119
491145,1,1,0,0,0,0,119
491561,1,0,1,0,0,0,119
492159,0,0,1,1,0,0,119
492430,1,0,1,0,0,0,119
492470,0,0,1,1,0,0,119
492502,1,1,1,1,1,0,119
492652,0,0,0,0,1,0,119
492805,0,0,1,1,0,0,119
493158,0,0,0,0,1,0,119
493902,0,0,0,0,1,0,119
494536,0,1,1,0,1,0,119
494840,1,0,0,1,1,0,119
494894,0,0,0,0,1,0,119
495106,0,0,0,0,1,0,119
495250,1,0,1,0,0,0,119
495469,0,1,1,0,1,0,119
496232,0,0,0,0,1,0,119
497073,0,0,1,1,0,0,119
497125,0,1,1,0,1,0,119
497126,0,1,1,0,1,0,119
497146,1,1,1,1,1,0,119
497242,1,0,1,0,0,0,119
497651,1,0,1,1,0,0,119
498103,1,0,1,0,0,0,119
498362,1,1,0,0,0,0,119
498428,0,1,0,1,0,0,119
498743,0,0,0,0,1,0,119
498889,1,1,1,1,1,0,119
498928,1,1,0,0,0,0,119
499321,0,0,0,0,1,0,119
499517,0,0,1,1,0,0,119
499527,1,0,0,1,1,0,119
500540,0,0,0,0,1,0,119
500905,0,0,1,1,0,0,119
500927,0,0,0,0,1,0,119
501045,0,0,1,1,0,0,119
501180,0,0,1,1,0,0,119
501257,0,1,1,0,1,0,119
501265,1,0,1,0,0,0,119
501279,0,1,0,1,0,0,119
501394,1,0,0,1,1,0,119
501412,0,1,1,0,1,0,119
501432,0,1,0,1,0,0,119
501448,1,1,0,0,0,0,119
501525,1,0,0,1,1,0,119
501941,0,1,1,0,1,0,119
502042,1,0,1,0,0,0,119
502541,1,0,0,1,1,0,119
502860,1,1,1,1,1,0,119
503476,1,0,1,0,0,0,119
504575,1,1,1,1,1,0,119
505033,0,1,1,0,1,0,119
505227,0,1,0,1,0,0,119
505726,0,1,0,1,0,0,119
505762,1,1,0,0,0,0,119
505978,1,0,1,0,0,0,119
506513,1,0,1,0,0,0,119
507109,1,1,0,0,0,0,119
507275,1,1,1,1,1,0,119
507561,0,0,0,0,1,0,119
508307,1,1,0,0,0,0,119
508363,0,0,0,0,1,0,119
508754,0,0,1,1,0,0,119
508865,1,1,1,1,1,0,119
509111,1,1,1,1,1,0,119
509411,0,1,0,1,0,0,119
509677,1,1,1,1,1,0,119
509940,1,1,1,1,1,0,119
510090,0,0,0,0,1,0,119
510264,1,0,0,1,1,0,119
510434,1,0,0,1,1,0,119
510570,1,1,1,1,1,0,119
511106,0,1,0,1,0,0,119
511116,0,1,0,1,0,0,119
511662,0,0,1,1,0,0,119
511686,1,1,0,0,0,0,119
511918,1,1,1,1,1,0,119
512476,0,1,1,0,1,0,119
512935,0,0,0,0,1,0,119
513009,1,1,0,0,0,0,119
513064,0,0,1,1,0,0,119
513197,0,1,1,0,1,0,119
514133,1,0,0,0,1,1,119
514269,0,1,1,0,1,0,119
514399,0,0,0,0,1,0,119
514857,1,1,1,1,1,0,119
514964,1,0,0,1,1,0,119
514996,0,1,1,0,1,0,119
515131,1,0,0,1,1,0,119
515554,0,0,0,0,1,0,119
516419,0,1,1,0,1,0,119
516554,0,1,1,0,1,0,119
516638,1,1,1,1,1,0,119
516785,1,0,0,1,1,0,119
516811,1,0,0,1,1,0,119
517322,1,1,0,0,0,0,119
517367,0,1,1,0,1,0,119
517632,1,0,0,1,1,0,119
518036,1,1,0,0,0,0,119
518122,1,1,1,1,1,0,119
518580,1,1,1,1,1,0,119
519211,0,1,0,1,0,0,119
520900,1,0,0,1,1,0,119
521149,1,0,1,0,0,0,119
521715,0,0,1,1,0,0,119
521910,0,0,1,1,0,0,119
521939,1,1,1,1,1,0,119
522247,0,1,0,1,0,0,119
522529,0,0,0,0,1,0,119
522683,0,1,0,1,0,0,119
522737,0,1,1,0,1,0,119
523949,1,0,0,1,1,0,119
524377,1,1,1,1,1,0,76
524415,0,0,1,1,0,0,76
524647,0,1,1,0,1,0,76
524924,1,0,0,1,1,0,76
524992,1,0,0,1,1,0,76
525349,0,0,0,0,1,0,76
525504,1,1,1,1,1,0,76
525640,1,0,1,0,0,0,76
527146,1,0,1,0,0,0,76
527149,1,0,0,1,1,0,76
527641,1,0,1,0,0,0,76
527655,0,1,1,0,1,0,76
529219,1,1,1,1,1,0,76
529257,1,0,0,1,1,0,76
529692,1,1,0,0,0,0,76
530915,1,0,0,1,1,0,76
530938,1,0,0,1,1,0,76
531893,0,1,1,0,1,0,76
532290,0,1,1,0,1,0,76
532310,1,0,1,0,0,0,76
532449,0,1,1,0,1,0,76
532688,1,1,0,1,0,0,76
533555,1,1,0,0,0,0,76
533687,0,0,0,0,1,0,76
533944,1,0,0,1,1,0,76
534055,0,1,0,1,0,0,76
534214,1,0,1,0,0,0,76
534488,1,1,1,1,1,0,76
535991,1,1,0,0,0,0,76
536340,1,1,1,1,1,0,76
536387,1,0,0,1,1,0,76
536567,0,0,0,0,1,0,76
536883,0,0,1,1,0,0,76
536886,0,0,0,0,1,0,76
537599,1,1,0,0,0,0,76
537884,1,1,1,1,1,0,76
538651,0,0,1,1,0,0,76
539561,1,0,1,0,0,0,76
539619,0,0,0,0,1,0,76
540351,0,0,1,1,0,0,76
540607,0,0,1,1,0,0,76
540982,1,0,1,0,0,0,76
541451,0,1,0,1,0,0,76
541452,1,0,0,1,1,0,76
541944,1,1,0,0,0,0,76
543916,1,1,1,1,1,0,76
544255,1,1,1,1,1,0,76
544760,0,0,0,0,1,0,76
545653,0,1,1,0,1,0,76
545839,1,1,1,1,1,0,76
545948,0,1,1,1,1,1,76
546712,0,1,0,1,0,0,76
547198,1,1,0,0,0,0,76
547252,1,0,0,1,1,0,76
547542,0,1,1,0,1,0,76
547679,0,1,1,0,1,0,76
548699,1,0,0,0,1,1,76
549147,1,0,0,1,1,0,76
549581,1,1,0,0,0,0,76
549590,1,1,1,1,1,0,76
550815,1,1,0,0,0,0,76
550955,1,0,0,1,1,0,76
551245,1,1,0,0,0,0,76
552010,0,1,1,0,1,0,76
552050,1,1,0,0,0,0,76
552114,0,1,0,1,0,0,76
552280,1,1,0,0,0,0,76
552695,0,1,1,0,1,0,76
553762,1,1,0,0,0,0,76
553949,1,1,0,0,0,0,76
554306,1,0,0,1,1,0,76
554479,0,1,1,0,1,0,76
554763,1,1,0,0,0,0,76
555847,1,0,0,0,1,1,76
556149,1,0,1,0,0,0,76
556169,1,0,1,0,0,0,76
556271,1,1,1,1,1,0,76
556402,0,0,1,1,0,0,76
557195,1,0,1,0,0,0,76
557802,1,0,0,1,1,0,76
557981,0,0,1,1,0,0,76
558245,0,1,0,1,0,0,76
558516,1,0,0,1,1,0,76
558544,0,0,0,0,1,0,76
559648,1,0,0,1,1,0,76
560157,1,0,0,1,1,0,76
560885,0,1,0,1,0,0,76
561373,1,0,1,0,0,0,76
561613,1,0,0,1,1,0,76
562485,1,1,1,0,1,1,76
563304,1,0,1,0,0,0,76
563640,1,0,1,0,0,0,76
563746,1,0,0,1,1,0,76
564552,0,0,1,1,0,0,76
564676,1,0,1,0,0,0,76
564914,1,0,1,0,0,0,76
564990,0,1,0,1,0,0,76
565070,0,1,0,0,0,0,76
565352,1,0,0,1,1,0,76
565396,1,0,1,0,0,0,76
565791,1,0,1,0,0,0,76
566021,1,1,0,0,0,0,76
566108,0,1,1,0,1,0,76
566296,1,0,0,1,1,0,76
566301,1,1,0,0,0,0,76
567450,0,1,1,0,1,0,76
568167,0,0,0,0,1,0,76
568390,0,1,0,0,0,0,76
570318,1,1,1,1,1,0,76
570767,0,0,0,0,1,0,76
571399,0,1,1,0,1,0,76
572363,1,1,1,1,1,0,76
572442,1,1,0,0,0,0,76
572462,0,1,1,0,1,0,76
572666,0,0,1,1,0,0,76
573100,0,1,1,0,1,0,76
573531,1,0,1,0,0,0,76
573599,0,1,0,1,0,0,76
575243,0,1,1,0,1,0,76
575405,1,0,0,1,1,0,76
576082,0,0,0,0,1,0,76
576186,1,0,1,0,0,0,76
576446,0,0,0,0,1,0,76
576711,0,0,0,0,1,0,76
577261,1,0,1,0,0,0,76
578106,1,1,1,1,1,0,76
579636,1,1,1,1,1,0,76
580300,0,1,1,0,1,0,76
580559,0,1,0,1,0,0,76
581193,0,0,0,0,1,0,76
581604,0,1,1,0,1,0,76
581946,1,0,0,1,1,0,76
582256,0,0,1,1,0,0,76
582513,1,1,1,1,1,0,76
583122,0,0,1,1,0,0,76
583647,0,1,0,1,0,0,76
584055,1,0,1,0,0,0,76
584240,1,0,1,0,0,0,76
584409,0,1,0,1,0,0,76
584506,0,0,0,0,1,0,76
584680,0,0,0,0,1,0,76
584692,1,0,0,1,1,0,76
585181,1,1,1,1,1,0,76
586706,0,1,1,0,1,0,76
587268,1,1,1,1,1,0,76
587585,0,1,0,1,0,0,76
587587,0,0,1,1,0,0,76
587758,1,0,0,1,1,0,76
588036,0,1,0,1,0,0,76
588599,0,0,0,0,1,0,76
588816,1,1,0,0,0,0,76
589713,1,1,1,1,1,0,76
589914,0,1,1,0,1,0,255
589966,0,1,1,1,1,1,255
590116,1,0,0,1,1,0,255
590264,1,1,0,0,0,0,255
590278,1,0,1,0,0,0,255
590404,0,0,0,0,1,0,255
590690,1,0,0,1,1,0,255
590715,1,0,0,1,1,0,255
590812,0,1,1,0,1,0,255
590931,0,0,0,0,1,0,255
590981,0,1,1,0,1,0,255
591363,0,1,1,0,1,0,255
591429,0,0,1,1,0,0,255
591521,1,0,0,1,1,0,255
591715,1,0,0,1,1,0,255
591742,1,0,0,1,1,0,255
591760,0,0,0,0,1,0,255
591810,0,0,0,0,1,0,255
591823,1,1,1,1,1,0,255
591859,1,1,0,0,0,0,255
591876,1,1,1,1,1,0,255
592042,1,0,0,1,1,0,255
592269,0,1,1,0,1,0,255
592398,0,0,0,0,1,0,255
592892,1,0,0,1,1,0,255
592988,1,0,1,0,0,0,255
593542,0,1,0,1,0,0,255
593642,1,1,1,1,1,0,255
593737,0,0,1,1,0,0,255
593924,0,1,1,0,1,0,255
594014,0,1,1,0,1,0,255
594053,0,0,1,1,0,0,255
594477,1,1,0,0,0,0,255
594719,1,1,1,1,1,0,255
594809,0,1,0,1,0,0,255
594919,1,0,1,0,0,0,255
594979,1,1,0,0,0,0,255
595391,1,1,1,1,1,0,255
595396,0,0,0,0,1,0,255
595681,1,0,0,1,1,0,255
595755,1,0,0,1,1,0,255
595854,1,0,1,1,0,0,255
595855,0,0,0,0,1,0,255
596072,0,0,0,0,1,0,255
596174,0,0,0,0,1,0,255
596368,1,1,1,1,1,0,255
596549,0,0,0,0,1,0,255
596981,0,0,1,1,0,0,255
597009,1,0,1,0,0,0,255
597145,0,0,1,1,0,0,255
597283,1,1,0,0,0,0,255
597378,1,0,1,0,0,0,255
597835,0,1,1,1,1,1,255
597930,1,1,1,1,1,0,255
597939,1,0,0,1,1,0,255
598062,1,1,0,0,0,0,255
598077,0,0,0,0,1,0,255
598246,1,1,0,0,0,0,255
598722,1,1,1,1,1,0,255
598792,0,1,1,0,1,0,255
598913,0,0,0,0,1,0,255
599407,1,0,0,1,1,0,255
599574,1,1,0,0,0,0,255
599640,1,0,0,1,1,0,255
599739,0,1,0,1,0,0,255
599761,0,1,1,0,1,0,255
599765,0,0,1,1,0,0,255
599847,1,0,1,0,0,0,255
599898,1,1,0,0,0,0,255
600571,1,1,0,0,0,0,255
600602,1,1,1,1,1,0,255
600662,0,1,0,1,0,0,255
600747,1,0,0,1,1,0,255
600765,1,0,1,0,0,0,255
601100,0,0,1,1,0,0,255
601156,1,1,1,1,1,0,255
601213,1,1,0,0,0,0,255
601285,1,1,0,0,0,0,255
601305,1,0,1,0,0,0,255
601347,0,1,0,1,0,0,255
601367,1,0,1,0,0,0,255
601592,1,1,0,0,0,0,255
601607,1,1,1,1,1,0,255
601692,1,1,0,0,0,0,255
601949,0,0,0,0,1,0,255
602060,1,1,1,1,1,0,255
602123,0,0,1,1,0,0,255
602209,0,0,0,0,1,0,255
602428,0,1,0,1,0,0,255
602658,0,1,1,0,1,0,255
602667,0,0,1,1,0,0,255
602679,0,1,1,0,1,0,255
602722,0,0,1,1,0,0,255
602803,0,0,0,0,1,0,255
602903,0,0,0,0,1,0,255
602922,1,1,1,1,1,0,255
602963,0,1,0,1,0,0,255
603016,0,1,1,0,1,0,255
603164,1,0,1,0,0,0,255
603201,1,1,1,1,1,0,255
603255,1,1,1,1,1,0,255
603456,1,1,1,1,1,0,255
603689,1,1,0,0,0,0,255
603869,0,1,0,1,0,0,255
603991,0,0,0,0,1,0,255
603993,1,0,0,1,1,0,255
604013,1,0,0,1,1,0,255
604316,1,0,0,1,1,0,255
604344,1,1,1,1,1,0,255
604405,0,1,0,1,0,0,255
604415,0,0,1,1,0,0,255
604526,1,1,1,1,1,0,255
604656,1,0,1,0,0,0,255
604666,1,0,0,1,1,0,255
605011,0,1,0,0,0,0,255
605188,0,0,0,0,1,0,255
605197,0,1,1,0,1,0,255
605382,1,1,1,1,1,0,255
605582,1,1,0,0,0,0,255
605915,0,1,1,0,1,0,255
606691,0,0,0,0,1,0,255
606709,0,1,1,0,1,0,255
606724,0,0,0,0,1,0,255
606770,0,0,1,1,0,0,255
607027,1,1,0,0,0,0,255
607370,1,0,1,0,0,0,255
607462,1,0,0,1,1,0,255
607717,0,1,0,1,0,0,255
607735,0,0,1,1,0,0,255
607880,0,0,0,0,1,0,255
607885,0,0,1,1,0,0,255
608222,1,0,0,1,1,0,255
608319,0,1,0,1,0,0,255
608447,0,0,0,0,1,0,255
608661,1,1,1,1,1,0,255
609221,0,1,1,0,1,0,255
609226,1,0,1,0,0,0,255
609382,1,1,1,1,1,0,255
609459,1,1,0,0,0,0,255
609548,0,1,1,0,1,0,255
609569,0,0,0,0,1,0,255
609608,0,0,0,0,1,0,255
609697,1,0,1,0,0,0,255
610074,1,0,0,0,1,1,255
610943,0,0,0,0,1,0,255
611072,1,0,1,0,0,0,255
611522,1,0,1,0,0,0,255
611614,1,0,1,0,0,0,255
611728,1,1,0,0,0,0,255
611850,0,0,1,1,0,0,255
612211,1,0,1,0,0,0,255
612514,0,1,1,0,1,0,255
612568,0,0,0,0,1,0,255
612823,1,0,0,1,1,0,255
613174,0,1,0,0,0,0,255
613273,0,1,1,0,1,0,255
613354,1,1,1,1,1,0,255
613495,0,0,0,0,1,0,255
613728,0,0,1,1,0,0,255
614032,0,1,0,1,0,0,255
614033,1,0,1,0,0,0,255
614177,1,0,1,0,0,0,255
614216,0,1,1,0,1,0,255
614599,0,1,1,0,1,0,255
614937,0,0,1,1,0,0,255
615079,0,1,0,1,0,0,255
615255,1,1,0,0,0,0,255
615279,0,0,0,0,1,0,255
615781,0,1,0,1,0,0,255
616151,1,0,1,0,0,0,255
616375,1,1,0,0,0,0,255
616544,1,0,1,0,0,0,255
616561,0,0,0,0,1,0,255
616890,0,0,0,0,1,0,255
617093,1,1,0,0,0,0,255
617331,0,1,1,0,1,0,255
617371,1,1,1,1,1,0,255
617528,0,1,0,1,0,0,255
617712,0,1,1,0,1,0,255
617817,0,0,1,1,0,0,255
617821,0,0,1,1,0,0,255
617899,1,0,1,0,0,0,255
618255,0,0,1,1,0,0,255
618455,0,0,0,0,1,0,255
618558,0,0,1,1,0,0,255
618699,1,1,0,0,0,0,255
618726,1,0,1,0,0,0,255
618829,0,1,1,0,1,0,255
618880,0,1,1,0,1,0,255
618935,1,0,1,0,0,0,255
619054,1,1,0,0,0,0,255
619055,1,0,0,1,1,0,255
619108,1,1,1,1,1,0,255
619295,1,0,0,1,1,0,255
619492,1,0,1,0,0,0,255
619638,1,0,0,1,1,0,255
619702,1,0,1,0,0,0,255
619728,0,0,0,0,1,0,255
619859,1,1,1,1,1,0,255
619865,0,1,1,0,1,0,255
620114,0,1,0,1,0,0,255
620171,1,1,0,0,0,0,255
620204,1,0,0,1,1,0,255
620492,1,1,0,0,0,0,255
620557,1,1,1,1,1,0,255
620638,0,0,0,0,1,0,255
620687,0,0,1,1,0,0,255
620759,0,0,1,1,0,0,255
621237,1,1,1,1,1,0,255
621352,0,0,0,0,1,0,255
621357,1,0,0,1,1,0,255
621365,1,1,0,0,0,0,255
621740,1,1,0,0,0,0,255
622075,1,0,1,0,0,0,255
622141,1,1,0,0,0,0,255
622367,1,1,1,1,1,0,255
622388,0,1,1,0,1,0,255
623344,1,0,1,0,0,0,255
623414,0,0,1,1,0,0,255
623627,0,0,1,1,0,0,255
623743,0,0,0,0,1,0,255
624192,1,0,1,0,0,0,255
624250,0,1,1,0,1,0,255
624387,0,1,0,1,0,0,255
624476,0,1,0,1,0,0,255
624506,1,0,0,1,1,0,255
624545,1,1,1,0,1,1,255
624799,1,0,0,1,1,0,255
624853,0,0,1,1,0,0,255
624884,1,0,1,0,0,0,255
625454,0,0,0,0,1,0,255
625456,0,0,1,1,0,0,255
625472,1,0,0,1,1,0,255
625536,1,0,0,1,1,0,255
625621,0,0,1,1,0,0,255
625737,0,0,1,1,0,0,255
625787,1,1,1,1,1,0,255
625896,1,0,0,1,1,0,255
625945,0,1,1,0,1,0,255
626009,1,0,1,0,0,0,255
626022,0,0,0,0,1,0,255
626249,1,0,0,1,1,0,255
626391,1,1,0,0,0,0,255
626585,1,0,0,1,1,0,255
626763,0,0,0,0,1,0,255
626914,1,0,1,0,0,0,255
627078,1,1,0,0,0,0,255
627247,1,1,0,0,0,0,255
628344,0,0,1,1,0,0,255
628607,0,0,0,0,1,0,255
628615,1,1,0,0,0,0,255
628620,1,1,1,1,1,0,255
628852,0,1,1,0,1,0,255
628985,1,1,1,1,1,0,255
629083,1,0,0,1,1,0,255
629185,1,1,1,1,1,0,255
629219,1,1,0,0,0,0,255
629318,0,0,0,0,1,0,255
629635,1,1,0,0,0,0,255
629859,1,0,1,0,0,0,255
629909,1,1,1,1,1,0,255
630351,0,0,0,0,1,0,255
630504,0,0,0,0,1,0,255
630705,1,0,0,1,1,0,255
630712,0,1,0,1,0,0,255
630831,1,0,1,0,0,0,255
631211,0,1,1,0,1,0,255
631338,0,1,0,1,0,0,255
631367,0,0,0,0,1,0,255
631665,1,1,1,1,1,0,255
631737,1,1,0,0,0,0,255
632033,1,0,1,0,0,0,255
632122,1,0,0,1,1,0,255
632333,0,0,0,0,1,0,255
632458,0,0,1,1,0,0,255
632478,0,1,1,0,1,0,255
632495,0,1,0,1,0,0,255
632540,0,1,1,1,1,1,255
632622,0,1,1,0,1,0,255
632641,1,1,0,0,0,0,255
632928,1,1,0,0,0,0,255
632985,0,1,1,0,1,0,255
633104,0,0,1,1,0,0,255
633125,1,1,1,1,1,0,255
633151,0,1,1,0,1,0,255
633251,0,1,1,0,1,0,255
633558,0,0,1,1,0,0,255
633612,1,0,0,1,1,0,255
633678,0,1,1,0,1,0,255
633833,0,1,0,1,0,0,255
633853,0,0,1,1,0,0,255
634087,0,0,1,1,0,0,255
634339,1,0,1,0,0,0,255
634650,1,0,0,1,1,0,255
634755,1,0,1,0,0,0,255
634835,0,1,1,0,1,0,255
634977,1,1,1,1,1,0,255
635088,1,0,0,1,1,0,255
635315,0,1,0,1,0,0,255
635645,1,0,0,1,1,0,255
635688,1,0,0,1,1,0,255
636016,1,0,1,0,0,0,255
636068,0,0,1,1,0,0,255
636156,1,0,0,1,1,0,255
636262,0,1,1,0,1,0,255
636408,1,1,1,1,1,0,255
636512,1,0,0,1,1,0,255
636597,1,0,1,0,0,0,255
637141,1,1,1,1,1,0,255
637204,0,1,1,0,1,0,255
637252,1,0,1,0,0,0,255
637272,1,0,0,1,1,0,255
637534,0,0,1,1,0,0,255
637691,1,0,1,0,0,0,255
637706,0,1,1,0,1,0,255
637726,0,0,1,1,0,0,255
637936,1,1,1,1,1,0,255
638051,1,0,0,1,1,0,255
638081,0,1,0,1,0,0,255
638416,0,0,1,1,0,0,255
638945,0,0,0,0,1,0,255
639124,0,1,0,1,0,0,255
639148,1,0,1,0,0,0,255
639170,0,0,0,0,1,0,255
639215,1,0,0,1,1,0,255
639283,1,1,0,0,0,0,255
639357,0,1,0,1,0,0,255
639387,1,1,0,0,0,0,255
639395,0,1,0,1,0,0,255
639540,0,0,1,1,0,0,255
639740,0,1,1,0,1,0,255
639743,0,1,0,1,0,0,255
639882,1,0,0,1,1,0,255
639930,0,0,1,1,0,0,255
640902,1,0,1,0,0,0,255
641156,0,0,1,1,0,0,255
641276,1,1,0,0,0,0,255
641622,1,1,0,0,0,0,255
641626,1,0,0,1,1,0,255
641676,0,1,0,1,0,0,255
641810,1,1,1,1,1,0,255
641864,1,0,0,1,1,0,255
641971,0,0,1,1,0,0,255
642209,1,0,1,0,0,0,255
642417,1,1,1,1,1,0,255
642456,0,0,0,0,1,0,255
642574,0,0,0,0,1,0,255
642780,1,0,0,1,1,0,255
642868,1,0,0,1,1,0,255
642869,1,0,0,1,1,0,255
642998,1,0,1,0,0,0,255
643033,0,0,0,0,1,0,255
643039,1,0,1,0,0,0,255
643341,1,1,0,0,0,0,255
643376,1,0,0,1,1,0,255
643666,0,1,1,0,1,0,255
643772,0,1,0,1,0,0,255
643779,0,0,1,1,0,0,255
644283,0,1,1,0,1,0,255
644394,1,0,0,1,1,0,255
644875,1,0,1,0,0,0,255
644932,1,1,0,0,0,0,255
644978,1,0,1,0,0,0,255
645036,1,0,1,0,0,0,255
645143,0,0,1,1,0,0,255
645462,0,0,0,0,1,0,255
645478,1,0,1,0,0,0,255
645571,1,1,0,0,0,0,255
646054,0,1,1,0,1,0,255
646122,0,0,0,0,1,0,255
646132,1,0,1,0,0,0,255
646176,1,1,1,1,1,0,255
646237,1,1,1,1,1,0,255
646283,1,0,1,0,0,0,255
646343,1,0,0,1,1,0,255
646364,1,0,0,1,1,0,255
646509,0,1,0,1,0,0,255
646723,1,0,1,0,0,0,255
646773,1,0,1,0,0,0,255
646854,0,1,1,0,1,0,255
647014,0,1,1,1,1,1,255
647199,0,0,1,1,0,0,255
647329,1,1,1,1,1,0,255
647370,0,0,0,0,1,0,255
647383,0,0,0,0,1,0,255
647591,0,1,0,1,0,0,255
647700,1,0,1,0,0,0,255
647955,0,0,1,1,0,0,255
647963,1,1,0,0,0,0,255
647989,0,1,1,0,1,0,255
648310,1,1,0,0,0,0,255
648385,1,1,0,0,0,0,255
648748,1,1,0,0,0,0,255
648759,0,1,1,0,1,0,255
648915,1,1,1,1,1,0,255
649193,0,0,1,1,0,0,255
649204,0,0,1,1,0,0,255
649658,1,0,1,0,0,0,255
649763,1,0,0,1,1,0,255
649964,1,1,0,0,0,0,255
650012,1,1,0,0,0,0,255
650078,0,1,0,1,0,0,255
650139,0,0,1,1,0,0,255
650265,0,1,0,1,0,0,255
650296,0,0,0,0,1,0,255
650374,0,1,1,0,1,0,255
650450,1,0,0,1,1,0,255
650675,1,0,0,1,1,0,255
650918,0,1,0,1,0,0,255
651152,1,1,1,1,1,0,255
651221,0,1,1,0,1,0,255
651393,1,1,0,0,0,0,255
651493,1,1,0,0,0,0,255
651671,1,1,1,1,1,0,255
651861,0,1,1,1,1,1,255
651876,1,1,0,0,0,0,255
652067,0,1,0,1,0,0,255
652362,1,0,1,0,0,0,255
653023,0,1,1,0,1,0,255
653184,1,1,1,1,1,0,255
653223,0,1,0,1,0,0,255
653407,0,0,1,1,0,0,255
653535,0,1,0,1,0,0,255
653671,1,1,1,1,1,0,255
653701,0,0,0,0,1,0,255
653774,1,1,1,1,1,0,255
653823,1,1,0,0,0,0,255
653830,1,0,1,0,0,0,255
654087,1,0,0,1,1,0,255
654137,0,1,1,0,1,0,255
654251,1,1,0,0,0,0,255
654544,1,0,1,0,0,0,255
654792,1,1,0,0,0,0,255
655006,1,1,0,0,0,0,255
655322,1,1,0,0,0,0,255
655349,0,1,0,1,0,0,255
656251,0,1,1,0,1,0,54
657903,1,0,1,0,0,0,54
658486,1,1,0,0,0,0,54
659267,0,0,1,1,0,0,54
660055,0,1,0,1,0,0,54
661070,0,1,1,0,1,0,54
661824,0,1,0,1,0,0,54
662022,1,0,1,0,0,0,54
662532,1,1,0,0,0,0,54
662691,0,1,1,0,1,0,54
662835,1,1,1,1,1,0,54
663596,1,0,1,0,0,0,54
663799,0,1,0,1,0,0,54
663902,1,0,0,1,1,0,54
664663,0,1,0,1,0,0,54
665392,0,0,0,0,1,0,54
665817,1,1,1,1,1,0,54
666212,0,1,0,1,0,0,54
666470,0,1,0,1,0,0,54
667203,1,0,1,0,0,0,54
669624,1,0,0,1,1,0,54
670774,0,0,0,0,1,0,54
671042,1,1,1,1,1,0,54
671655,0,1,1,0,1,0,54
672577,0,1,0,1,0,0,54
672580,1,0,1,0,0,0,54
672902,0,0,1,1,0,0,54
674132,0,1,1,0,1,0,54
674750,1,1,0,0,0,0,54
675454,0,1,0,1,0,0,54
675486,1,0,0,1,1,0,54
675568,0,1,1,0,1,0,54
675798,0,1,0,1,0,0,54
675837,1,0,0,0,1,1,54
676113,1,1,1,1,1,0,54
676261,0,0,1,1,0,0,54
677064,0,1,0,1,0,0,54
678788,1,0,1,0,0,0,54
679145,0,1,0,1,0,0,54
679430,1,1,0,0,0,0,54
679835,0,0,1,1,0,0,54
680115,0,0,1,1,0,0,54
680305,1,1,0,0,0,0,54
680753,1,0,0,1,1,0,54
680820,0,0,0,0,1,0,54
683238,1,1,0,0,0,0,54
683401,1,1,0,0,0,0,54
683571,1,0,0,1,1,0,54
683943,0,0,1,1,0,0,54
684002,1,0,0,1,1,0,54
684989,1,0,0,0,1,1,54
685073,1,1,1,1,1,0,54
685210,0,0,1,1,0,0,54
685214,1,1,0,0,0,0,54
685223,0,1,1,0,1,0,54
686574,1,0,1,0,0,0,54
686593,1,0,1,0,0,0,54
686732,1,1,1,1,1,0,54
686882,0,0,1,1,0,0,54
688000,1,1,0,0,0,0,54
688346,0,1,0,1,0,0,54
688859,0,1,0,1,0,0,54
690401,0,0,1,1,0,0,54
691991,1,0,0,1,1,0,54
692116,1,1,0,0,0,0,54
692543,0,1,1,0,1,0,54
693072,1,1,1,1,1,0,54
693441,0,0,0,0,1,0,54
694188,1,0,1,0,0,0,54
695492,1,1,0,0,0,0,54
696089,0,0,1,1,0,0,54
696328,1,1,0,0,0,0,54
696574,0,0,0,0,1,0,54
698502,1,0,0,1,1,0,54
698780,1,0,1,0,0,0,54
699622,0,0,1,1,0,0,54
700440,0,1,1,0,1,0,54
701323,0,0,0,0,1,0,54
702369,1,1,1,1,1,0,54
702640,0,0,1,1,0,0,54
702995,1,1,0,0,0,0,54
703142,0,1,0,1,0,0,54
703774,1,1,1,1,1,0,54
705565,1,0,1,0,0,0,54
706379,1,0,0,1,1,0,54
706427,0,1,0,1,0,0,54
706439,1,0,0,1,1,0,54
708417,1,0,0,1,1,0,54
708917,0,0,0,0,1,0,54
709653,0,1,1,0,1,0,54
710407,1,0,1,1,0,0,54
710853,1,0,0,1,1,0,54
711084,0,1,1,0,1,0,54
711893,1,0,1,0,0,0,54
712214,1,0,1,0,0,0,54
713671,0,1,0,1,0,0,54
713810,1,1,1,1,1,0,54
714544,1,0,1,0,0,0,54
714975,1,0,1,0,0,0,54
715914,0,0,0,0,1,0,54
716359,1,1,1,1,1,0,54
717125,1,0,0,1,1,0,54
717328,0,0,0,0,1,0,54
717756,1,1,0,0,0,0,54
718514,1,0,1,0,0,0,54
720510,1,0,1,0,0,0,54
721045,1,0,1,0,0,0,149
721337,0,0,0,0,1,0,149
721670,0,0,1,1,0,0,149
721788,0,1,0,1,0,0,149
722109,1,0,1,0,0,0,149
722255,0,0,0,0,1,0,149
722269,0,1,1,0,1,0,149
722458,1,1,1,1,1,0,149
722635,0,0,1,1,0,0,149
722678,1,0,1,0,0,0,149
723764,0,1,1,0,1,0,149
724230,0,0,0,0,1,0,149
724256,1,1,0,0,0,0,149
724305,0,0,1,1,0,0,149
724403,1,0,1,0,0,0,149
724803,1,0,1,0,0,0,149
724917,0,1,0,1,0,0,149
724930,1,0,1,0,0,0,149
725276,0,0,0,0,1,0,149
725582,0,1,0,1,0,0,149
725590,0,1,0,1,0,0,149
725601,1,1,0,0,0,0,149
725821,1,0,0,1,1,0,149
725895,1,1,1,1,1,0,149
725918,0,0,0,0,1,0,149
726252,0,1,0,1,0,0,149
726439,0,0,1,1,0,0,149
726693,1,1,1,1,1,0,149
726895,1,0,1,1,0,0,149
727065,1,1,0,0,0,0,149
727112,1,0,0,1,1,0,149
727126,0,0,1,1,0,0,149
727533,0,0,0,0,1,0,149
728413,0,0,0,0,1,0,149
728493,0,0,1,1,0,0,149
728504,0,1,1,0,1,0,149
728658,0,0,1,1,0,0,149
729138,0,0,0,0,1,0,149
729242,0,1,0,1,0,0,149
729284,1,0,1,0,0,0,149
729377,1,1,0,0,0,0,149
729758,1,1,1,1,1,0,149
730524,0,0,1,1,0,0,149
730727,1,1,1,1,1,0,149
730836,1,1,1,1,1,0,149
730869,1,0,0,1,1,0,149
731341,1,0,1,0,0,0,149
731619,0,0,0,0,1,0,149
731713,0,0,0,0,1,0,149
731791,1,1,0,0,0,0,149
731809,1,1,1,1,1,0,149
732181,0,1,0,1,0,0,149
732182,1,0,1,0,0,0,149
732473,1,0,0,1,1,0,149
733049,1,1,0,0,0,0,149
733223,1,0,0,1,1,0,149
733230,0,1,1,0,1,0,149
733245,1,0,1,0,0,0,149
733612,1,1,0,0,0,0,149
733615,0,1,1,0,1,0,149
734024,1,1,1,1,1,0,149
734064,0,1,1,0,1,0,149
734506,1,0,1,0,0,0,149
734753,1,0,0,1,1,0,149
735734,0,0,0,0,1,0,149
736398,1,1,0,1,0,0,149
736600,0,0,0,0,1,0,149
736657,1,1,1,1,1,0,149
736664,1,0,1,0,0,0,149
736793,1,1,0,0,0,0,149
736839,0,0,1,1,0,0,149
736854,1,0,0,0,1,1,149
737078,1,1,1,0,1,1,149
737088,1,1,1,1,1,0,149
737313,0,0,0,0,1,0,149
737636,0,1,0,0,0,0,149
737641,0,1,1,0,1,0,149
737832,1,1,0,0,0,0,149
737875,0,1,1,0,1,0,149
737938,0,1,1,0,1,0,149
737989,0,0,1,1,0,0,149
738051,1,0,0,1,1,0,149
738118,0,1,0,1,0,0,149
738502,1,1,1,1,1,0,149
739143,0,1,0,1,0,0,149
739573,1,0,0,1,1,0,149
739611,1,0,0,1,1,0,149
739725,1,0,1,0,0,0,149
739745,0,0,1,1,0,0,149
739888,1,1,0,0,0,0,149
740587,0,1,1,0,1,0,149
741176,1,1,1,1,1,0,149
741599,1,0,1,0,0,0,149
741669,1,0,1,0,0,0,149
741976,0,0,0,0,1,0,149
742154,1,0,0,1,1,0,149
742194,1,0,1,0,0,0,149
742460,1,0,0,1,1,0,149
742494,1,1,1,1,1,0,149
742539,1,0,0,1,1,0,149
742913,1,0,0,1,1,0,149
743245,0,0,1,1,0,0,149
743489,0,1,1,0,1,0,149
743837,1,0,0,1,1,0,149
743928,1,1,0,0,0,0,149
744143,1,1,0,1,0,0,149
744155,1,0,1,0,0,0,149
744395,0,1,0,1,0,0,149
744563,0,1,0,1,0,0,149
744684,0,1,1,0,1,0,149
744832,1,1,0,0,0,0,149
745316,1,1,1,1,1,0,149
745739,1,1,0,0,0,0,149
745753,1,0,1,0,0,0,149
745773,1,1,0,0,0,0,149
745943,1,0,0,1,1,0,149
746214,1,1,0,0,0,0,149
746434,0,0,1,1,0,0,149
746600,1,1,0,0,0,0,149
747293,0,0,0,0,1,0,149
747341,0,1,1,0,1,0,149
747394,1,0,1,0,0,0,149
748051,0,1,1,0,1,0,149
748525,0,0,0,1,1,1,149
748713,0,1,0,1,0,0,149
749049,0,1,0,1,0,0,149
749274,1,1,1,1,1,0,149
749998,0,0,1,0,0,0,149
750333,0,0,0,0,1,0,149
750804,1,1,1,1,1,0,149
750998,0,1,0,1,0,0,149
751162,1,0,1,0,0,0,149
751663,1,1,0,0,0,0,149
751844,1,1,1,1,1,0,149
751847,1,0,1,0,0,0,149
751966,1,1,1,1,1,0,149
752138,1,1,1,1,1,0,149
752270,1,1,0,0,0,0,149
752321,1,0,0,1,1,0,149
752460,0,1,0,1,0,0,149
752532,0,0,1,1,0,0,149
752585,0,0,1,1,0,0,149
752970,0,0,1,1,0,0,149
753622,0,1,1,0,1,0,149
753812,1,0,0,1,1,0,149
753862,1,1,1,1,1,0,149
753913,0,1,0,1,0,0,149
754376,1,0,0,1,1,0,149
754455,1,1,0,0,0,0,149
754511,0,0,0,0,1,0,149
754542,0,0,0,0,1,0,149
754794,0,1,0,1,0,0,149
754889,1,1,1,1,1,0,149
755166,1,1,0,0,0,0,149
755267,0,1,1,0,1,0,149
755376,0,1,1,0,1,0,149
755673,1,1,0,0,0,0,149
756223,0,1,0,1,0,0,149
756415,0,1,0,1,0,0,149
756494,0,1,0,1,0,0,149
756682,1,0,0,1,1,0,149
756861,1,0,1,0,0,0,149
757030,1,0,0,1,1,0,149
757313,1,0,0,1,1,0,149
757451,0,1,1,0,1,0,149
757561,0,0,0,0,1,0,149
757950,0,0,1,1,0,0,149
758062,1,0,1,0,0,0,149
758318,0,0,1,1,0,0,149
759129,1,0,0,1,1,0,149
759184,1,1,0,0,0,0,149
759191,0,1,1,0,1,0,149
759260,0,1,1,0,1,0,149
759410,1,0,1,0,0,0,149
759634,1,0,1,0,0,0,149
759692,1,0,0,1,1,0,149
759768,1,1,1,1,1,0,149
759812,0,1,0,1,0,0,149
759926,1,1,1,1,1,0,149
761004,1,0,1,0,0,0,149
761299,0,1,0,1,0,0,149
761553,1,1,1,1,1,0,149
762363,1,1,1,1,1,0,149
763597,1,1,1,1,1,0,149
763693,0,0,0,0,1,0,149
763744,0,0,0,0,1,0,149
763968,0,0,0,0,1,0,149
764305,1,1,1,1,1,0,149
764461,0,0,0,0,1,0,149
764464,1,0,1,0,0,0,149
764667,1,0,1,0,0,0,149
764713,0,0,0,0,1,0,149
764852,1,0,0,1,1,0,149
764930,0,0,1,1,0,0,149
765653,0,0,1,1,0,0,149
765915,1,1,0,0,0,0,149
765957,0,0,0,0,1,0,149
765978,0,1,0,1,0,0,149
766087,1,0,0,1,1,0,149
766353,1,1,1,1,1,0,149
766615,1,1,1,1,1,0,149
766852,1,1,0,0,0,0,149
766968,1,1,0,1,0,0,149
767382,1,1,0,0,0,0,149
767450,1,0,1,0,0,0,149
767832,1,0,0,1,1,0,149
767948,0,0,1,1,0,0,149
767968,1,1,0,0,0,0,149
768319,0,0,0,0,1,0,149
768557,0,1,0,1,0,0,149
768659,1,1,1,1,1,0,149
768798,1,0,0,1,1,0,149
768804,1,0,0,1,1,0,149
769367,1,0,0,1,1,0,149
769489,1,1,0,0,0,0,149
769776,0,0,0,0,1,0,149
769779,1,0,0,1,1,0,149
770256,1,1,0,0,0,0,149
770317,0,1,0,1,0,0,149
770533,0,0,0,0,1,0,149
771432,1,0,0,1,1,0,149
772083,0,1,1,0,1,0,149
772149,1,1,1,1,1,0,149
772441,1,1,0,0,0,0,149
772519,0,0,1,1,0,0,149
772742,1,1,1,1,1,0,149
772928,1,1,1,1,1,0,149
773105,0,1,1,0,1,0,149
773194,1,1,0,0,0,0,149
773290,0,0,0,0,1,0,149
773495,1,0,1,0,0,0,149
773545,1,0,1,0,0,0,149
773636,0,0,1,1,0,0,149
773847,0,0,0,0,1,0,149
774111,0,0,0,0,1,0,149
774161,0,1,0,1,0,0,149
774300,1,1,1,1,1,0,149
774314,1,0,0,1,1,0,149
774666,1,0,1,0,0,0,149
774935,0,1,1,0,1,0,149
774983,1,0,1,0,0,0,149
775738,0,1,0,1,0,0,149
776261,0,1,0,1,0,0,149
776288,0,0,1,1,0,0,149
776388,0,0,0,0,1,0,149
776419,0,0,0,0,1,0,149
776639,0,1,0,1,0,0,149
776659,0,1,0,1,0,0,149
776971,1,1,0,0,0,0,149
776995,0,1,0,1,0,0,149
777212,1,0,1,0,0,0,149
777240,0,0,1,1,0,0,149
777570,1,0,1,0,0,0,149
777603,0,0,0,0,1,0,149
777822,1,1,1,1,1,0,149
777914,1,0,0,1,1,0,149
778709,0,1,1,0,1,0,149
778818,1,0,0,1,1,0,149
779077,0,1,1,0,1,0,149
779301,0,0,0,1,1,1,149
779706,1,1,1,1,1,0,149
779967,1,0,0,1,1,0,149
780050,0,1,0,1,0,0,149
780309,0,0,0,0,1,0,149
780581,0,0,1,1,0,0,149
780669,1,0,1,0,0,0,149
780679,1,0,0,1,1,0,149
780682,1,0,0,1,1,0,149
780807,1,1,1,1,1,0,149
780967,1,0,0,1,1,0,149
781010,1,1,1,1,1,0,149
781042,1,0,0,1,1,0,149
781167,0,0,1,1,0,0,149
781203,1,0,0,1,1,0,149
781246,0,0,0,0,1,0,149
781388,0,0,0,0,1,0,149
781824,0,1,1,0,1,0,149
781991,1,1,1,1,1,0,149
782097,1,0,1,1,0,0,149
782210,1,0,1,0,0,0,149
782302,0,1,1,0,1,0,149
782907,0,0,0,0,1,0,149
783025,0,0,0,0,1,0,149
783874,1,1,1,1,1,0,149
783985,1,1,1,1,1,0,149
784430,1,0,0,1,1,0,149
784561,1,0,0,1,1,0,149
784577,1,1,0,0,0,0,149
784584,1,1,0,0,0,0,149
784961,0,1,1,0,1,0,149
785129,0,1,1,0,1,0,149
785179,1,1,1,1,1,0,149
785240,1,1,1,1,1,0,149
785375,0,0,0,0,1,0,149
785801,1,1,1,1,1,0,149
785805,0,0,0,0,1,0,149
786010,0,0,1,0,0,0,149
786036,0,1,1,0,1,0,149
786093,0,1,1,0,1,0,149
786133,1,0,0,1,1,0,149
786195,0,0,0,0,1,0,149
786374,1,0,1,0,0,0,149
787591,0,0,0,0,1,0,36
788777,1,1,0,0,0,0,36
789890,0,0,1,1,0,0,36
790053,1,0,1,0,0,0,36
791078,0,0,0,0,1,0,36
792588,0,0,0,0,1,0,36
793985,1,1,1,1,1,0,36
794116,1,0,0,1,1,0,36
794255,0,1,1,0,1,0,36
796098,1,1,0,0,0,0,36
796822,0,0,0,1,1,1,36
798701,1,1,1,1,1,0,36
799368,0,1,1,0,1,0,36
799505,1,1,1,1,1,0,36
799706,0,0,1,1,0,0,36
802634,1,0,0,1,1,0,36
807134,0,1,0,1,0,0,36
807143,0,0,1,1,0,0,36
808816,0,1,0,1,0,0,36
809908,1,0,1,0,0,0,36
809969,1,0,0,1,1,0,36
810312,0,1,1,0,1,0,36
811027,1,1,1,1,1,0,36
811629,0,0,1,1,0,0,36
812482,1,1,1,1,1,0,36
814304,1,0,0,1,1,0,36
815230,0,1,1,0,1,0,36
817866,1,0,1,0,0,0,36
818921,1,0,1,0,0,0,36
819060,0,0,1,1,0,0,36
819075,0,1,0,1,0,0,36
820382,0,0,1,1,0,0,36
821016,0,0,1,1,0,0,36
822032,0,0,1,1,0,0,36
822221,1,1,0,0,0,0,36
823160,0,0,0,0,1,0,36
824099,1,1,0,0,0,0,36
826423,0,0,0,0,1,0,36
828687,1,0,1,0,0,0,36
829604,1,1,1,1,1,0,36
830318,1,1,1,1,1,0,36
833082,0,0,1,1,0,0,36
833873,0,1,0,1,0,0,36
833990,0,0,0,0,1,0,36
834966,1,0,0,1,1,0,36
836659,0,0,1,1,0,0,36
837527,1,1,1,1,1,0,36
838016,0,0,0,0,1,0,36
838208,0,0,0,0,1,0,36
838461,0,0,0,0,1,0,36
839302,1,0,1,0,0,0,36
840013,0,0,0,0,1,0,36
840348,1,1,1,1,1,0,36
842063,0,0,1,1,0,0,36
842125,0,0,0,0,1,0,36
845050,0,1,1,0,1,0,36
847188,1,1,1,1,1,0,36
849596,0,1,0,1,0,0,36
850210,1,1,1,1,1,0,36
850540,1,0,1,0,0,0,36
850849,0,1,1,0,1,0,36
852060,0,0,0,0,1,0,149
852082,1,1,1,1,1,0,149
852568,1,1,0,0,0,0,149
852898,1,1,0,0,0,0,149
853163,1,0,0,1,1,0,149
853325,0,1,1,0,1,0,149
853504,0,1,0,1,0,0,149
853741,1,0,0,0,1,1,149
853948,0,0,1,1,0,0,149
854159,1,1,0,0,0,0,149
854647,1,0,0,1,1,0,149
854695,1,0,0,1,1,0,149
855095,0,1,1,0,1,0,149
855152,0,0,0,0,1,0,149
855271,0,0,0,0,1,0,149
855320,0,1,1,0,1,0,149
855359,0,0,0,0,1,0,149
855407,0,0,0,0,1,0,149
855904,0,0,1,1,0,0,149
856187,0,1,0,0,0,0,149
856316,1,0,1,0,0,0,149
857051,1,0,0,1,1,0,149
857652,1,1,1,1,1,0,149
857657,1,1,0,0,0,0,149
858630,1,0,0,1,1,0,149
858897,0,0,0,0,1,0,149
859405,0,1,1,0,1,0,149
859420,1,0,1,0,0,0,149
859458,1,1,0,0,0,0,149
859697,0,0,1,1,0,0,149
859888,0,1,1,0,1,0,149
859901,0,0,0,0,1,0,149
859956,1,0,1,0,0,0,149
860036,0,0,1,1,0,0,149
860109,1,0,1,0,0,0,149
860165,1,1,0,0,0,0,149
860512,0,0,0,0,1,0,149
860752,1,1,1,1,1,0,149
860897,1,0,1,0,0,0,149
861095,0,0,1,1,0,0,149
861098,0,0,0,0,1,0,149
861129,0,0,1,1,0,0,149
861446,0,0,1,1,0,0,149
861814,1,1,0,0,0,0,149
861936,1,1,0,0,0,0,149
862031,0,1,0,1,0,0,149
862444,1,0,0,1,1,0,149
862555,0,0,0,0,1,0,149
863071,0,0,0,0,1,0,149
863131,0,1,0,1,0,0,149
863149,1,0,1,0,0,0,149
863223,0,0,1,1,0,0,149
864011,1,0,1,0,0,0,149
864566,1,0,0,1,1,0,149
864675,0,1,0,1,0,0,149
865157,0,0,0,0,1,0,149
865425,1,1,0,0,0,0,149
865837,1,0,1,0,0,0,149
865942,1,1,1,1,1,0,149
866087,1,1,0,0,0,0,149
866350,0,1,0,1,0,0,149
866385,0,0,0,0,1,0,149
866490,0,1,1,0,1,0,149
866688,1,1,0,0,0,0,149
866894,0,1,1,0,1,0,149
867845,1,1,1,1,1,0,149
868255,1,0,1,0,0,0,149
868643,1,1,1,1,1,0,149
868868,1,1,1,1,1,0,149
869408,0,1,0,1,0,0,149
869925,0,0,1,1,0,0,149
870287,0,0,0,0,1,0,149
870387,0,0,0,0,1,0,149
870425,1,0,0,1,1,0,149
870592,0,1,0,1,0,0,149
870649,0,1,1,0,1,0,149
870741,0,1,1,0,1,0,149
870813,1,1,1,1,1,0,149
870854,0,0,1,1,0,0,149
871210,1,0,1,0,0,0,149
871332,0,1,0,1,0,0,149
871689,1,1,0,1,0,0,149
872423,0,0,1,1,0,0,149
873479,0,0,0,0,1,0,149
873852,0,0,1,1,0,0,149
873998,1,1,0,0,0,0,149
874031,1,1,1,1,1,0,149
874213,0,1,1,0,1,0,149
874749,1,0,0,1,1,0,149
874774,1,0,1,0,0,0,149
874862,1,0,1,0,0,0,149
874884,0,0,1,1,0,0,149
875246,1,1,0,0,0,0,149
875282,1,0,1,0,0,0,149
875319,1,1,1,1,1,0,149
876009,0,1,0,1,0,0,149
876033,1,1,0,0,0,0,149
876068,1,0,1,0,0,0,149
876075,0,1,0,1,0,0,149
876117,1,1,0,0,0,0,149
876176,0,1,0,1,0,0,149
876267,1,0,0,1,1,0,149
876372,1,0,0,1,1,0,149
876416,1,0,1,0,0,0,149
876638,1,1,0,0,0,0,149
876860,0,0,1,1,0,0,149
877051,1,0,1,0,0,0,149
877265,0,1,1,0,1,0,149
877295,0,0,0,0,1,0,149
877327,1,0,0,1,1,0,149
877853,0,1,0,1,0,0,149
878199,1,1,0,0,0,0,149
878241,0,0,1,1,0,0,149
878268,0,0,1,1,0,0,149
878330,0,0,1,1,0,0,149
878525,0,1,0,1,0,0,149
878740,0,0,1,1,0,0,149
878914,1,0,1,0,0,0,149
879027,1,1,1,1,1,0,149
879550,1,0,1,0,0,0,149
879663,0,0,0,0,1,0,149
880146,0,0,0,0,1,0,149
880792,0,0,0,0,1,0,149
881026,1,0,1,0,0,0,149
881074,0,1,1,0,1,0,149
881392,0,1,0,1,0,0,149
881509,0,0,0,0,1,0,149
881535,0,1,0,1,0,0,149
881671,0,0,0,0,1,0,149
882117,0,0,1,1,0,0,149
882372,0,1,0,1,0,0,149
882481,0,0,0,0,1,0,149
882543,0,1,1,0,1,0,149
882797,1,0,0,1,1,0,149
883031,1,0,0,1,1,0,149
883256,0,1,1,0,1,0,149
883320,0,0,1,1,0,0,149
883501,0,1,0,1,0,0,149
883591,1,1,0,0,0,0,149
883726,1,0,1,0,0,0,149
884857,0,0,1,1,0,0,149
884861,0,0,0,0,1,0,149
884883,1,0,1,0,0,0,149
884988,1,1,1,1,1,0,149
885044,0,0,0,0,1,0,149
885117,1,0,1,0,0,0,149
885193,0,1,1,1,1,1,149
885929,0,0,0,0,1,0,149
886493,0,1,1,0,1,0,149
886734,1,1,0,0,0,0,149
886914,1,1,1,1,1,0,149
887653,1,1,1,1,1,0,149
888123,0,0,1,1,0,0,149
888475,0,1,1,0,1,0,149
888729,1,1,0,0,0,0,149
889052,0,1,1,0,1,0,149
890234,1,0,0,1,1,0,149
890380,1,1,1,1,1,0,149
890463,0,0,0,0,1,0,149
891305,0,1,0,1,0,0,149
892068,1,0,0,1,1,0,149
892523,1,1,0,0,0,0,149
892659,1,0,1,0,0,0,149
892783,0,0,1,1,0,0,149
892809,1,0,0,1,1,0,149
892930,1,0,1,0,0,0,149
893031,0,0,1,1,0,0,149
893465,1,0,0,1,1,0,149
893684,1,1,0,0,0,0,149
893819,0,0,0,0,1,0,149
893821,1,0,0,1,1,0,149
893873,1,1,1,1,1,0,149
894207,1,0,1,0,0,0,149
894245,1,0,0,1,1,0,149
894345,0,1,1,0,1,0,149
894802,1,0,1,0,0,0,149
894975,0,1,1,0,1,0,149
894981,1,0,1,0,0,0,149
895103,1,1,0,0,0,0,149
895303,1,0,1,0,0,0,149
895313,1,0,0,1,1,0,149
895385,1,1,1,1,1,0,149
895530,0,1,0,1,0,0,149
895544,0,1,1,0,1,0,149
895588,0,1,1,0,1,0,149
895795,0,1,1,0,1,0,149
895842,0,1,0,1,0,0,149
895866,1,0,1,0,0,0,149
896257,1,1,0,0,0,0,149
896535,1,0,0,1,1,0,149
896569,1,1,0,0,0,0,149
896641,1,1,1,1,1,0,149
896721,0,0,1,1,0,0,149
896744,0,1,1,0,1,0,149
897047,1,1,1,1,1,0,149
897317,0,0,0,0,1,0,149
897469,0,1,1,0,1,0,149
897475,0,1,0,1,0,0,149
897597,1,1,0,0,0,0,149
897793,1,0,0,1,1,0,149
897916,1,1,1,1,1,0,149
898398,1,0,0,1,1,0,149
898414,1,1,1,1,1,0,149
898464,1,1,0,0,0,0,149
898668,0,1,0,1,0,0,149
898676,1,0,1,0,0,0,149
899165,1,0,1,0,0,0,149
899326,1,0,0,1,1,0,149
899409,0,1,1,0,1,0,149
899637,0,0,0,0,1,0,149
899680,0,0,1,1,0,0,149
899843,1,1,1,1,1,0,149
899902,1,0,0,1,1,0,149
900381,0,0,0,0,1,0,149
900385,0,0,0,0,1,0,149
900507,1,1,0,0,0,0,149
900594,0,1,1,0,1,0,149
900726,0,0,1,1,0,0,149
900905,1,1,0,0,0,0,149
901030,1,1,0,0,0,0,149
901442,0,0,1,1,0,0,149
901501,1,1,1,0,1,1,149
901844,0,0,1,1,0,0,149
901898,1,0,0,1,1,0,149
902232,0,1,1,0,1,0,149
902662,0,0,0,0,1,0,149
902786,1,1,1,1,1,0,149
902961,1,1,0,0,0,0,149
903042,1,0,0,1,1,0,149
903121,1,1,0,0,0,0,149
903429,1,0,0,1,1,0,149
903496,1,0,1,0,0,0,149
903533,0,1,1,0,1,0,149
903656,0,0,0,0,1,0,149
903843,0,0,1,1,0,0,149
903965,0,0,0,0,1,0,149
904541,0,0,0,0,1,0,149
904951,1,1,1,1,1,0,149
905277,0,1,1,0,1,0,149
905551,1,0,1,0,0,0,149
905555,1,0,1,0,0,0,149
906101,1,0,1,0,0,0,149
906148,1,1,0,0,0,0,149
906262,1,1,1,1,1,0,149
906702,0,0,1,1,0,0,149
907011,1,1,0,0,0,0,149
907024,1,1,1,1,1,0,149
907213,0,0,0,0,1,0,149
907339,1,1,0,0,0,0,149
907488,1,0,0,1,1,0,149
908146,0,0,0,0,1,0,149
908643,1,1,0,0,0,0,149
909959,1,0,1,0,0,0,149
910020,1,0,0,1,1,0,149
910105,0,0,1,1,0,0,149
910496,1,0,0,1,1,0,149
910560,0,0,0,0,1,0,149
910840,0,1,1,0,1,0,149
910934,0,0,1,1,0,0,149
911267,0,1,1,0,1,0,149
911350,1,1,0,0,0,0,149
911425,0,0,0,0,1,0,149
911506,1,0,0,1,1,0,149
911566,1,1,1,1,1,0,149
911844,1,1,1,1,1,0,149
911851,0,1,0,1,0,0,149
911940,0,1,0,1,0,0,149
912209,1,0,1,0,0,0,149
912364,0,1,0,1,0,0,149
912385,1,1,0,0,0,0,149
912712,1,1,1,1,1,0,149
912721,0,0,0,0,1,0,149
912852,0,1,1,0,1,0,149
912956,1,1,1,1,1,0,149
913468,0,0,0,0,1,0,149
913659,1,0,0,1,1,0,149
913805,1,0,0,1,1,0,149
914022,1,0,0,1,1,0,149
914181,0,0,0,0,1,0,149
914462,1,0,0,1,1,0,149
914562,0,0,0,0,1,0,149
914852,1,1,0,0,0,0,149
915055,0,1,0,1,0,0,149
916268,0,0,0,0,1,0,149
916280,0,0,1,1,0,0,149
916301,0,1,0,1,0,0,149
916307,1,1,1,1,1,0,149
916659,1,1,1,1,1,0,149
916762,1,0,1,0,0,0,149
916889,0,1,0,1,0,0,149
917630,1,1,1,1,1,0,141
918382,0,1,0,1,0,0,141
919049,1,0,0,1,1,0,141
919132,0,1,0,1,0,0,141
919155,0,0,0,0,1,0,141
919355,0,0,0,0,1,0,141
919469,1,0,0,1,1,0,141
919703,1,1,0,0,0,0,141
920158,1,0,1,0,0,0,141
920327,1,0,0,1,1,0,141
920399,0,0,0,0,1,0,141
920452,0,1,0,1,0,0,141
920504,0,1,1,0,1,0,141
920616,1,1,0,0,0,0,141
920849,0,0,1,1,0,0,141
921064,1,1,1,1,1,0,141
922456,0,0,0,0,1,0,141
922615,0,1,1,0,1,0,141
922668,0,1,0,1,0,0,141
922976,1,1,0,0,0,0,141
923085,1,1,0,0,0,0,141
923148,0,0,1,0,0,0,141
923181,0,0,0,0,1,0,141
923776,0,1,1,0,1,0,141
924142,1,0,1,0,0,0,141
924287,1,1,1,1,1,0,141
924377,1,1,1,1,1,0,141
925198,1,0,1,0,0,0,141
925451,1,1,0,0,0,0,141
925563,1,1,1,1,1,0,141
925873,1,0,0,1,1,0,141
926217,1,1,1,1,1,0,141
926402,1,0,0,1,1,0,141
926729,0,1,0,1,0,0,141
927220,1,0,1,0,0,0,141
927329,1,1,1,1,1,0,141
927661,0,0,0,0,1,0,141
927708,1,1,0,0,0,0,141
927815,1,1,1,1,1,0,141
927835,0,0,0,0,1,0,141
928416,1,0,0,1,1,0,141
928544,0,0,0,0,1,0,141
929036,1,1,1,1,1,0,141
929342,1,1,0,0,0,0,141
929377,1,0,0,1,1,0,141
929520,1,0,1,0,0,0,141
929790,1,0,0,1,1,0,141
929859,0,0,1,1,0,0,141
930222,1,0,0,1,1,0,141
930270,0,0,0,0,1,0,141
930340,1,0,1,0,0,0,141
930351,1,1,1,1,1,0,141
930358,1,1,1,1,1,0,141
930637,0,1,0,1,0,0,141
930671,1,1,1,1,1,0,141
930874,0,1,1,0,1,0,141
931300,1,0,1,0,0,0,141
931495,1,0,1,0,0,0,141
931811,0,1,0,1,0,0,141
932187,1,1,0,0,0,0,141
932515,1,0,1,0,0,0,141
933063,1,0,0,1,1,0,141
933320,0,0,1,1,0,0,141
933322,0,1,0,1,0,0,141
933890,0,1,1,0,1,0,141
933914,1,0,0,1,1,0,141
933991,1,0,0,1,1,0,141
934600,1,0,0,1,1,0,141
934645,0,0,1,1,0,0,141
934650,1,0,1,0,0,0,141
934755,1,1,0,0,0,0,141
935160,1,1,0,0,0,0,141
935299,1,1,1,0,1,1,141
935592,0,1,0,1,0,0,141
935850,1,0,1,0,0,0,141
936322,1,1,1,1,1,0,141
936476,1,1,0,0,0,0,141
936531,1,1,1,1,1,0,141
936679,1,1,1,1,1,0,141
936877,1,0,0,1,1,0,141
937309,0,1,1,0,1,0,141
937422,1,0,1,0,0,0,141
937455,1,0,1,0,0,0,141
937579,1,0,0,1,1,0,141
937584,0,0,0,0,1,0,141
937722,0,0,0,0,1,0,141
937895,1,0,0,1,1,0,141
937910,0,0,1,1,0,0,141
939252,1,0,0,1,1,0,141
939670,0,0,0,0,1,0,141
939717,1,0,0,1,1,0,141
940162,1,0,0,1,1,0,141
940193,1,0,0,1,1,0,141
940195,0,0,1,1,0,0,141
941509,0,0,0,0,1,0,141
941692,1,1,1,1,1,0,141
941837,1,0,1,0,0,0,141
941861,1,1,0,0,0,0,141
942224,0,0,0,0,1,0,141
942410,0,0,0,0,1,0,141
942417,1,1,0,0,0,0,141
942444,1,1,1,1,1,0,141
942820,1,1,0,0,0,0,141
942981,1,1,0,0,0,0,141
943060,0,1,1,0,1,0,141
943145,0,1,1,0,1,0,141
943192,1,0,0,1,1,0,141
943219,0,0,0,0,1,0,141
943372,1,1,0,0,0,0,141
943897,1,0,0,1,1,0,141
943913,0,0,0,0,1,0,141
944442,1,1,1,1,1,0,141
944448,1,1,0,0,0,0,141
944585,0,1,0,1,0,0,141
944677,0,1,0,1,0,0,141
944761,1,1,1,1,1,0,141
945245,1,0,0,1,1,0,141
946315,1,0,1,0,0,0,141
946656,0,1,1,0,1,0,141
946816,1,0,0,1,1,0,141
947623,1,0,1,0,0,0,141
948173,1,1,1,1,1,0,141
948246,1,0,0,1,1,0,141
948403,1,1,0,1,0,0,141
948765,1,1,1,1,1,0,141
948995,1,0,1,0,0,0,141
949334,1,1,0,0,0,0,141
949440,1,1,0,0,0,0,141
949474,1,0,1,0,0,0,141
950185,0,1,0,1,0,0,141
950266,1,1,0,0,0,0,141
950365,0,0,0,0,1,0,141
950709,1,0,0,1,1,0,141
950729,1,0,1,0,0,0,141
950768,1,0,0,1,1,0,141
951050,0,1,1,0,1,0,141
951063,1,0,0,1,1,0,141
951227,1,0,0,1,1,0,141
951538,0,1,0,1,0,0,141
952144,1,1,1,1,1,0,141
952859,0,0,0,0,1,0,141
953028,1,1,0,0,0,0,141
953506,0,0,0,0,1,0,141
953525,0,1,1,0,1,0,141
953528,0,0,0,0,1,0,141
953646,1,1,0,0,0,0,141
953743,0,1,0,1,0,0,141
953866,0,1,0,1,0,0,141
954302,0,1,0,1,0,0,141
954507,0,1,0,1,0,0,141
954720,0,1,0,1,0,0,141
955178,0,1,0,1,0,0,141
955644,0,1,0,1,0,0,141
956603,0,1,1,0,1,0,141
956676,0,1,0,1,0,0,141
956702,1,0,1,0,0,0,141
956997,1,0,1,0,0,0,141
957283,0,0,0,0,1,0,141
957313,0,1,0,1,0,0,141
957317,0,0,1,1,0,0,141
957579,0,0,0,1,1,1,141
957657,0,1,1,1,1,1,141
958199,0,1,1,0,1,0,141
958339,1,0,0,1,1,0,141
958382,0,0,1,1,0,0,141
958622,0,1,1,0,1,0,141
958784,0,0,1,1,0,0,141
958793,0,0,1,1,0,0,141
958937,0,1,1,0,1,0,141
959705,1,1,1,1,1,0,141
959719,0,0,0,0,1,0,141
959791,1,1,0,0,0,0,141
959816,0,0,0,0,1,0,141
960486,1,1,0,0,0,0,141
960988,1,1,1,1,1,0,141
961153,0,0,0,0,1,0,141
961728,0,1,0,1,0,0,141
961871,0,0,1,1,0,0,141
963353,0,0,0,0,1,0,141
963412,1,1,1,1,1,0,141
963705,0,1,1,0,1,0,141
963772,0,0,0,0,1,0,141
963975,1,1,1,1,1,0,141
964149,1,1,0,0,0,0,141
964453,0,0,1,1,0,0,141
964534,0,0,1,1,0,0,141
964761,0,0,1,1,0,0,141
965228,0,0,1,1,0,0,141
965975,1,1,0,0,0,0,141
966417,1,0,1,0,0,0,141
967087,0,0,1,1,0,0,141
967308,1,1,1,1,1,0,141
967671,0,1,1,0,1,0,141
967701,1,1,0,0,0,0,141
968425,0,1,0,1,0,0,141
968438,0,1,0,1,0,0,141
968715,0,1,0,1,0,0,141
968750,1,0,1,0,0,0,141
968980,0,0,1,1,0,0,141
969091,1,1,1,1,1,0,141
969196,1,1,1,1,1,0,141
969210,1,0,0,1,1,0,141
969474,1,1,1,1,1,0,141
969619,1,0,0,1,1,0,141
969693,1,1,1,1,1,0,141
969931,0,1,1,0,1,0,141
969983,1,0,0,1,1,0,141
970138,1,0,0,1,1,0,141
970609,0,1,1,0,1,0,141
971056,1,1,0,0,0,0,141
971352,0,1,1,0,1,0,141
971775,0,0,1,1,0,0,141
972062,1,0,0,1,1,0,141
972285,1,1,1,1,1,0,141
972321,0,0,0,0,1,0,141
972350,0,0,1,1,0,0,141
972427,0,0,1,1,0,0,141
972583,0,1,1,0,1,0,141
972718,0,1,1,0,1,0,141
972948,0,0,0,0,1,0,141
972981,0,0,1,1,0,0,141
973018,0,1,0,1,0,0,141
973698,1,0,1,0,0,0,141
973723,1,1,1,1,1,0,141
974314,1,0,0,1,1,0,141
974346,1,1,1,1,1,0,141
974425,1,0,1,0,0,0,141
974937,0,0,0,0,1,0,141
975074,1,1,1,1,1,0,141
975289,1,1,1,1,1,0,141
975480,0,0,1,1,0,0,141
975605,0,0,1,1,0,0,141
975794,0,1,1,0,1,0,141
975818,0,1,0,1,0,0,141
976750,1,0,1,0,0,0,141
976941,0,1,1,0,1,0,141
977490,1,1,0,0,0,0,141
977542,0,1,1,0,1,0,141
977670,0,1,1,0,1,0,141
977694,1,0,1,0,0,0,141
977719,0,1,0,1,0,0,141
977917,1,1,1,1,1,0,141
978449,1,0,0,1,1,0,141
978768,1,1,0,0,0,0,141
979113,0,0,0,0,1,0,141
979158,1,0,1,0,0,0,141
979263,1,0,0,1,1,0,141
979972,1,1,0,0,0,0,141
981055,0,1,0,1,0,0,141
981560,0,0,1,1,0,0,141
981602,0,1,0,1,0,0,141
981676,0,1,0,1,0,0,141
981810,0,0,1,1,0,0,141
983055,0,0,1,1,0,0,86
983249,0,1,0,1,0,0,86
983297,1,1,0,0,0,0,86
986135,1,1,1,1,1,0,86
986543,0,1,0,1,0,0,86
987232,1,0,0,1,1,0,86
987261,1,1,0,0,0,0,86
987606,1,0,0,1,1,0,86
988415,0,1,0,1,0,0,86
988697,0,0,0,0,1,0,86
988947,1,0,1,0,0,0,86
989225,0,0,1,1,0,0,86
989774,0,1,1,0,1,0,86
989783,1,1,0,0,0,0,86
991454,1,0,0,1,1,0,86
992026,1,0,0,1,1,0,86
992977,0,1,0,1,0,0,86
993347,1,1,1,1,1,0,86
993858,0,1,0,1,0,0,86
994406,1,1,1,1,1,0,86
994433,1,0,0,1,1,0,86
994904,0,0,1,1,0,0,86
995547,0,0,0,0,1,0,86
996212,1,1,0,0,0,0,86
996423,1,1,0,0,0,0,86
998545,0,0,0,0,1,0,86
998646,1,0,1,0,0,0,86
998859,0,0,1,1,0,0,86
1000178,1,0,1,0,0,0,86
1000727,1,0,0,1,1,0,86
1000904,0,0,1,1,0,0,86
1001291,1,1,0,0,0,0,86
1002339,0,1,1,0,1,0,86
1004012,1,1,1,1,1,0,86
1004079,0,0,0,0,1,0,86
1004292,0,0,0,0,1,0,86
1004928,0,1,0,1,0,0,86
1005226,0,1,1,0,1,0,86
1005300,1,0,1,0,0,0,86
1005482,0,1,1,0,1,0,86
1005583,0,1,0,1,0,0,86
1007322,1,1,0,0,0,0,86
1007852,1,0,1,0,0,0,86
1008243,1,1,0,0,0,0,86
1008492,1,1,0,0,0,0,86
1008742,1,1,1,1,1,0,86
1009159,0,1,0,1,0,0,86
1009205,0,0,1,1,0,0,86
1009355,1,0,0,1,1,0,86
1009789,1,0,1,0,0,0,86
1010049,0,0,0,0,1,0,86
1010640,0,1,1,0,1,0,86
1010859,1,0,0,1,1,0,86
1010867,1,1,0,0,0,0,86
1010978,1,1,0,0,0,0,86
1011216,0,0,1,1,0,0,86
1011644,0,1,1,0,1,0,86
1012395,0,1,1,0,1,0,86
1013381,0,1,0,1,0,0,86
1013404,0,1,0,1,0,0,86
1013846,1,0,0,0,1,1,86
1014162,1,0,1,0,0,0,86
1014346,1,1,0,0,0,0,86
1014613,0,1,0,0,0,0,86
1014624,1,1,1,1,1,0,86
1015183,0,1,0,1,0,0,86
1015267,1,0,0,1,1,0,86
1015297,0,0,1,1,0,0,86
1015501,0,0,0,0,1,0,86
1015848,0,0,0,0,1,0,86
1015885,1,1,0,0,0,0,86
1016160,1,1,0,0,0,0,86
1016855,1,1,1,1,1,0,86
1017197,0,0,0,0,1,0,86
1017237,0,0,0,0,1,0,86
1017382,0,0,0,0,1,0,86
1017470,0,0,1,1,0,0,86
1017936,1,1,1,1,1,0,86
1019298,1,1,0,0,0,0,86
1019686,1,1,0,0,0,0,86
1020130,1,0,0,1,1,0,86
1020480,0,0,1,1,0,0,86
1020728,1,0,1,0,0,0,86
1020957,1,0,0,1,1,0,86
1021623,1,1,0,0,0,0,86
1021854,0,0,1,0,0,0,86
1022217,0,0,0,0,1,0,86
1022435,0,1,0,1,0,0,86
1022467,0,0,0,0,1,0,86
1022549,1,0,0,1,1,0,86
1023001,0,1,0,1,0,0,86
1023443,0,0,1,1,0,0,86
1023461,0,1,0,1,0,0,86
1023698,1,0,0,1,1,0,86
1024202,1,0,1,0,0,0,86
1024347,1,0,1,0,0,0,86
1024567,1,1,1,1,1,0,86
1025009,1,0,1,0,0,0,86
1025458,0,0,1,1,0,0,86
1025546,0,1,1,1,1,1,86
1025672,0,1,0,1,0,0,86
1025677,1,0,1,0,0,0,86
1026824,1,0,0,1,1,0,86
1027025,0,0,0,0,1,0,86
1027185,1,1,1,1,1,0,86
1028452,0,0,1,1,0,0,86
1028489,1,1,1,1,1,0,86
1028841,0,1,1,0,1,0,86
1028959,1,1,0,0,0,0,86
1029247,0,0,1,1,0,0,86
1029895,1,1,0,0,0,0,86
1030650,0,0,0,0,1,0,86
1030653,1,0,1,0,0,0,86
1032104,0,1,0,1,0,0,86
1032329,0,1,0,1,0,0,86
1033090,0,0,1,1,0,0,86
1033668,0,0,1,1,0,0,86
1033695,0,1,1,0,1,0,86
1034808,0,1,0,1,0,0,86
1035163,1,1,1,1,1,0,86
1035180,1,0,1,0,0,0,86
1035319,1,0,0,1,1,0,86
1035461,0,1,1,0,1,0,86
1035993,1,1,0,0,0,0,86
1036378,0,1,1,0,1,0,86
1036557,1,1,1,1,1,0,86
1036676,1,1,1,1,1,0,86
1037180,0,0,1,1,0,0,86
1037542,0,0,1,1,0,0,86
1037792,1,0,0,1,1,0,86
1038876,0,1,1,0,1,0,86
1038888,1,0,0,1,1,0,86
1039756,0,0,0,0,1,0,86
1041045,0,0,1,1,0,0,86
1041650,0,0,0,0,1,0,86
1041725,1,1,0,0,0,0,86
1041763,1,0,1,0,0,0,86
1042154,0,1,0,1,0,0,86
1042296,0,1,0,1,0,0,86
1042774,0,0,1,1,0,0,86
1042894,1,0,1,0,0,0,86
1043640,1,1,1,1,1,0,86
1044522,0,0,1,1,0,0,86
1044573,1,0,1,0,0,0,86
1044770,0,0,0,0,1,0,86
1045163,0,1,1,0,1,0,86
1045283,1,0,0,1,1,0,86
1046091,1,1,1,1,1,0,86
1046194,1,1,0,0,0,0,86
1046749,1,0,0,1,1,0,86
1046980,0,0,1,1,0,0,86
1048358,1,1,0,0,0,0,86
1048434,1,1,0,0,0,0,86
1048615,1,0,0,1,1,0,222
1048907,1,0,0,1,1,0,222
1048999,0,1,0,1,0,0,222
1049741,1,1,0,0,0,0,222
1049850,0,0,0,0,1,0,222
1050332,1,0,1,0,0,0,222
1050396,1,1,1,1,1,0,222
1050417,0,0,1,1,0,0,222
1050418,0,0,0,0,1,0,222
1050442,1,0,0,1,1,0,222
1050475,0,0,0,1,1,1,222
1050620,0,1,0,0,0,0,222
1050723,0,0,0,0,1,0,222
1050822,1,0,0,1,1,0,222
1051128,1,0,0,1,1,0,222
1051311,0,1,0,1,0,0,222
1051476,0,0,1,1,0,0,222
1052204,1,1,1,1,1,0,222
1052292,0,0,0,0,1,0,222
1052469,0,1,0,1,0,0,222
1052688,1,0,1,0,0,0,222
1052805,0,0,1,1,0,0,222
1052975,0,0,1,1,0,0,222
1053031,0,0,1,1,0,0,222
1053089,1,1,1,1,1,0,222
1053357,0,0,1,1,0,0,222
1053398,1,1,1,1,1,0,222
1053436,0,0,1,1,0,0,222
1053455,1,1,1,1,1,0,222
1053566,1,1,0,0,0,0,222
1053848,0,1,0,1,0,0,222
1053942,1,1,0,0,0,0,222
1054057,1,1,0,0,0,0,222
1054344,1,1,0,0,0,0,222
1054464,0,0,0,0,1,0,222
1054526,0,0,1,1,0,0,222
1054653,1,1,1,1,1,0,222
1054689,1,0,0,1,1,0,222
1054714,1,0,1,0,0,0,222
1054770,0,0,1,1,0,0,222
1054851,1,1,0,0,0,0,222
1054937,1,0,1,0,0,0,222
1054940,0,1,1,0,1,0,222
1055066,0,1,0,1,0,0,222
1055227,1,1,0,0,0,0,222
1056022,0,1,0,1,0,0,222
1056218,0,0,1,1,0,0,222
1056274,1,1,0,0,0,0,222
1056306,0,0,1,1,0,0,222
1056400,0,0,0,0,1,0,222
1056438,0,1,1,0,1,0,222
1056694,0,0,0,0,1,0,222
1056762,0,0,1,1,0,0,222
1057040,0,1,1,0,1,0,222
1057158,1,0,1,0,0,0,222
1057173,0,0,0,0,1,0,222
1057832,0,0,1,1,0,0,222
1058100,0,1,1,0,1,0,222
1058111,0,0,0,0,1,0,222
1058283,0,0,0,0,1,0,222
1058291,0,0,1,1,0,0,222
1058427,0,0,0,1,1,1,222
1058457,1,0,0,1,1,0,222
1058461,1,0,1,0,0,0,222
1058479,1,0,0,1,1,0,222
1058579,1,0,1,0,0,0,222
1058695,0,0,1,1,0,0,222
1058804,1,1,1,1,1,0,222
1058915,1,1,0,0,0,0,222
1058918,0,0,0,0,1,0,222
1058969,0,0,0,0,1,0,222
1058991,0,0,0,0,1,0,222
1059177,1,1,0,0,0,0,222
1059322,1,0,0,1,1,0,222
1059581,0,0,1,1,0,0,222
1060025,0,1,1,0,1,0,222
1060387,0,1,0,1,0,0,222
1060442,1,0,1,0,0,0,222
1060629,0,0,0,0,1,0,222
1060816,1,1,1,1,1,0,222
1061000,1,1,0,0,0,0,222
1061015,1,0,1,0,0,0,222
1061410,1,1,1,1,1,0,222
1061514,0,1,0,1,0,0,222
1061563,0,0,0,0,1,0,222
1061632,1,1,1,1,1,0,222
1061655,1,1,0,0,0,0,222
1061957,1,1,1,1,1,0,222
1061992,0,1,0,1,0,0,222
1062031,0,0,0,0,1,0,222
1062042,1,1,1,1,1,0,222
1062324,1,1,1,1,1,0,222
1062879,1,1,1,1,1,0,222
1062924,0,1,1,0,1,0,222
1062953,0,0,0,0,1,0,222
1063134,1,1,0,0,0,0,222
1063143,0,1,0,1,0,0,222
1063522,0,0,0,0,1,0,222
1063527,0,0,1,1,0,0,222
1063669,0,0,1,1,0,0,222
1063815,0,1,0,1,0,0,222
1064040,1,0,0,1,1,0,222
1064619,1,1,1,1,1,0,222
1064758,0,1,1,0,1,0,222
1064765,1,1,0,0,0,0,222
1064923,1,1,0,0,0,0,222
1065457,0,0,0,0,1,0,222
1065625,1,1,1,1,1,0,222
1066095,1,1,0,0,0,0,222
1066173,0,0,0,0,1,0,222
1066602,1,0,1,0,0,0,222
1066696,0,1,1,0,1,0,222
1067071,0,0,1,1,0,0,222
1067232,0,1,1,0,1,0,222
1067297,0,1,1,1,1,1,222
1067305,1,0,1,0,0,0,222
1067308,1,0,1,0,0,0,222
1067780,0,0,0,0,1,0,222
1067920,0,1,1,0,1,0,222
1068132,0,0,1,1,0,0,222
1068154,0,1,0,1,0,0,222
1068267,0,0,1,1,0,0,222
1068507,1,1,0,0,0,0,222
1068534,1,1,1,1,1,0,222
1068786,1,1,1,1,1,0,222
1068807,0,1,1,0,1,0,222
1069002,0,1,0,1,0,0,222
1069009,1,1,1,1,1,0,222
1069243,1,1,0,0,0,0,222
1069367,0,1,0,1,0,0,222
1069522,0,0,0,0,1,0,222
1069619,1,0,1,1,0,0,222
1069772,1,0,0,1,1,0,222
1069815,1,1,0,0,0,0,222
1070006,0,1,1,0,1,0,222
1070053,0,0,0,0,1,0,222
1070062,1,0,1,0,0,0,222
1070249,0,0,0,0,1,0,222
1070495,0,1,1,0,1,0,222
1070531,0,0,1,1,0,0,222
1070737,1,1,0,0,0,0,222
1070794,1,0,0,1,1,0,222
1071001,1,1,1,1,1,0,222
1071069,0,0,1,1,0,0,222
1071735,0,1,1,0,1,0,222
1072392,0,0,0,0,1,0,222
1072465,1,0,0,1,1,0,222
1072548,1,0,0,1,1,0,222
1072572,1,1,0,0,0,0,222
1072760,1,0,1,0,0,0,222
1072775,1,0,1,0,0,0,222
1072878,1,0,1,0,0,0,222
1073027,0,0,0,0,1,0,222
1073086,0,1,1,0,1,0,222
1073120,1,1,0,0,0,0,222
1073484,1,0,0,1,1,0,222
1073584,1,1,1,1,1,0,222
1073708,1,1,0,0,0,0,222
1073816,1,0,0,1,1,0,222
1074179,1,1,1,1,1,0,222
1074252,1,0,0,1,1,0,222
1074300,0,0,1,1,0,0,222
1074310,1,0,0,1,1,0,222
1074324,1,0,0,1,1,0,222
1074916,0,0,0,1,1,1,222
1075212,1,1,1,1,1,0,222
1075239,0,0,0,0,1,0,222
1075255,1,1,1,1,1,0,222
1075283,1,1,1,1,1,0,222
1075443,1,0,1,0,0,0,222
1075611,1,0,0,1,1,0,222
1075645,1,1,0,0,0,0,222
1075735,0,1,0,0,0,0,222
1075869,1,1,0,0,0,0,222
1076011,1,1,1,1,1,0,222
1076053,1,1,1,1,1,0,222
1076123,1,0,0,1,1,0,222
1076497,1,1,1,1,1,0,222
1076525,0,0,0,0,1,0,222
1076696,1,0,0,1,1,0,222
1076914,0,0,0,0,1,0,222
1077032,0,1,1,1,1,1,222
1077325,0,1,0,1,0,0,222
1077451,1,0,1,0,0,0,222
1077498,0,0,1,1,0,0,222
1077617,0,1,1,0,1,0,222
1077863,1,1,1,1,1,0,222
1077975,0,1,1,0,1,0,222
1078024,1,0,0,1,1,0,222
1078082,0,1,0,1,0,0,222
1078125,1,0,0,1,1,0,222
1078405,1,0,0,1,1,0,222
1078922,1,0,0,1,1,0,222
1079282,0,0,1,1,0,0,222
1079320,0,0,0,0,1,0,222
1079510,1,1,1,1,1,0,222
1079515,1,0,1,0,0,0,222
1079650,0,0,0,0,1,0,222
1079737,1,1,0,0,0,0,222
1079750,0,0,0,1,1,1,222
1079816,1,1,0,0,0,0,222
1079909,1,1,1,1,1,0,222
1079971,0,0,0,0,1,0,222
1080322,0,1,1,0,1,0,222
1080335,1,0,0,1,1,0,222
1080380,1,1,0,0,0,0,222
1080408,1,1,0,0,0,0,222
1080480,0,0,0,0,1,0,222
1080623,1,1,0,0,0,0,222
1080692,0,0,1,1,0,0,222
1080752,1,0,1,0,0,0,222
1080869,1,0,1,0,0,0,222
1081052,1,0,0,1,1,0,222
1081057,1,0,0,1,1,0,222
1081074,1,0,0,1,1,0,222
1081192,0,0,0,0,1,0,222
1081423,0,0,1,1,0,0,222
1081784,0,1,1,0,1,0,222
1081786,1,0,1,0,0,0,222
1081956,1,0,0,1,1,0,222
1082218,1,0,0,1,1,0,222
1082253,1,0,1,0,0,0,222
1082662,1,1,0,0,0,0,222
1082787,0,0,1,1,0,0,222
1083005,0,1,1,0,1,0,222
1083137,0,0,0,0,1,0,222
1083447,0,0,0,0,1,0,222
1083518,0,1,1,0,1,0,222
1083636,1,0,1,0,0,0,222
1083981,0,0,1,1,0,0,222
1084038,0,1,0,1,0,0,222
1084096,0,1,1,0,1,0,222
1084282,1,0,0,1,1,0,222
1084346,0,1,0,1,0,0,222
1084460,1,0,1,0,0,0,222
1084565,0,1,1,0,1,0,222
1084916,1,0,0,1,1,0,222
1085059,0,1,0,1,0,0,222
1085132,1,1,1,1,1,0,222
1085156,1,1,0,0,0,0,222
1085220,1,0,1,0,0,0,222
1085290,0,0,1,1,0,0,222
1085297,0,1,0,1,0,0,222
1085400,1,0,1,0,0,0,222
1085568,1,0,0,1,1,0,222
1085750,0,0,1,1,0,0,222
1086116,0,1,1,0,1,0,222
1086120,1,0,1,0,0,0,222
1086215,0,1,1,0,1,0,222
1086299,0,0,0,0,1,0,222
1086377,1,1,0,0,0,0,222
1086424,1,0,1,0,0,0,222
1086675,1,0,0,1,1,0,222
1086940,1,0,1,0,0,0,222
1086976,1,0,0,1,1,0,222
1087132,0,0,1,1,0,0,222
1087298,1,0,0,1,1,0,222
1087835,1,1,0,0,0,0,222
1087907,1,0,1,0,0,0,222
1088103,1,0,0,1,1,0,222
1088404,0,1,0,1,0,0,222
1088516,1,0,0,1,1,0,222
1089380,1,1,1,1,1,0,222
1089423,0,1,1,0,1,0,222
1089942,1,1,1,1,1,0,222
1089947,0,1,1,0,1,0,222
1090490,1,1,0,0,0,0,222
1090656,1,1,0,0,0,0,222
1090684,1,0,0,1,1,0,222
1090733,1,0,0,1,1,0,222
1090758,0,1,1,0,1,0,222
1090801,0,0,0,0,1,0,222
1091692,1,1,1,1,1,0,222
1091901,0,1,1,0,1,0,222
1092092,0,0,0,0,1,0,222
1092206,1,1,1,1,1,0,222
1092313,1,1,1,1,1,0,222
1092510,1,1,0,0,0,0,222
1092701,0,0,0,0,1,0,222
1093361,0,0,1,1,0,0,222
1093734,1,1,0,0,0,0,222
1093787,1,0,1,1,0,0,222
1093802,0,0,0,0,1,0,222
1093861,0,0,0,0,1,0,222
1094146,1,1,1,1,1,0,222
1094275,0,0,0,0,1,0,222
1094500,1,1,1,1,1,0,222
1094611,1,0,1,0,0,0,222
1094802,1,1,0,0,0,0,222
1095245,1,1,0,0,0,0,222
1095407,1,1,0,0,0,0,222
1095422,0,0,1,1,0,0,222
1095430,1,1,0,0,0,0,222
1095829,1,1,1,1,1,0,222
1095953,0,0,1,1,0,0,222
1096069,0,0,0,0,1,0,222
1096289,1,0,0,1,1,0,222
1096454,0,1,0,1,0,0,222
1096564,1,0,0,1,1,0,222
1096800,0,1,0,1,0,0,222
1097346,0,1,0,1,0,0,222
1097780,0,1,0,1,0,0,222
1097872,1,0,1,0,0,0,222
1097908,0,1,0,1,0,0,222
1097941,1,1,0,0,0,0,222
1098106,0,0,0,0,1,0,222
1098113,0,1,0,1,0,0,222
1098159,0,1,0,1,0,0,222
1098301,0,0,1,1,0,0,222
1098518,0,1,0,1,0,0,222
1098582,0,1,0,1,0,0,222
1098805,0,1,0,1,0,0,222
1098833,0,1,1,0,1,0,222
1098968,1,0,0,1,1,0,222
1099044,1,0,0,1,1,0,222
1099051,0,1,1,0,1,0,222
1099556,0,1,0,1,0,0,222
1099601,0,1,1,0,1,0,222
1099614,1,0,0,1,1,0,222
1099940,1,1,0,0,0,0,222
1100031,1,0,0,1,1,0,222
1100040,0,1,1,0,1,0,222
1100108,0,1,1,0,1,0,222
1100165,1,0,1,0,0,0,222
1100167,1,0,1,0,0,0,222
1100379,0,0,1,1,0,0,222
1100551,1,1,0,0,0,0,222
1100756,1,1,0,0,0,0,222
1100921,0,0,0,0,1,0,222
1100924,1,0,1,0,0,0,222
1100941,0,1,0,1,0,0,222
1101080,1,0,0,1,1,0,222
1101500,1,1,1,1,1,0,222
1101816,1,0,0,1,1,0,222
1101848,1,1,1,1,1,0,222
1102014,1,1,1,1,1,0,222
1102109,1,1,1,1,1,0,222
1102357,1,1,1,1,1,0,222
1102547,1,0,1,0,0,0,222
1102752,1,0,0,1,1,0,222
1102836,1,0,1,0,0,0,222
1102852,0,1,0,1,0,0,222
1103235,0,0,0,0,1,0,222
1103413,1,0,1,0,0,0,222
1103526,0,1,1,0,1,0,222
1103540,1,0,1,0,0,0,222
1103812,0,0,1,1,0,0,222
1103988,0,1,1,0,1,0,222
1104133,1,1,1,1,1,0,222
1104917,1,1,1,1,1,0,222
1105653,1,0,1,0,0,0,222
1106369,0,1,0,1,0,0,222
1106514,1,1,1,1,1,0,222
1106620,0,1,1,0,1,0,222
1106672,0,1,1,0,1,0,222
1106790,0,0,1,1,0,0,222
1106907,0,0,1,1,0,0,222
1107058,0,0,0,0,1,0,222
1107089,1,0,1,0,0,0,222
1107159,0,0,0,0,1,0,222
1107216,0,0,1,1,0,0,222
1107247,1,0,0,1,1,0,222
1107253,0,0,0,0,1,0,222
1107691,0,1,0,1,0,0,222
1107724,1,1,0,0,0,0,222
1108145,0,1,0,1,0,0,222
1108285,1,0,0,1,1,0,222
1108715,1,0,1,0,0,0,222
1108731,0,0,0,0,1,0,222
1108932,0,1,0,1,0,0,222
1109139,1,0,0,1,1,0,222
1109209,0,1,0,1,0,0,222
1109748,1,1,1,1,1,0,222
1109769,0,0,1,1,0,0,222
1109896,0,0,0,0,1,0,222
1110035,0,1,0,1,0,0,222
1110209,0,0,0,0,1,0,222
1110273,0,0,0,0,1,0,222
1110302,0,1,0,1,0,0,222
1110445,0,0,0,1,1,1,222
1110517,1,1,0,0,0,0,222
1110646,1,1,0,0,0,0,222
1110756,1,1,1,1,1,0,222
1110850,0,0,0,0,1,0,222
1110998,0,0,1,1,0,0,222
1111003,1,0,1,0,0,0,222
1111110,0,0,1,1,0,0,222
1111186,0,1,1,0,1,0,222
1111351,1,0,1,0,0,0,222
1111447,1,1,0,0,0,0,222
1111464,1,0,0,1,1,0,222
1111566,1,0,0,1,1,0,222
1111614,1,1,0,0,0,0,222
1111749,1,0,1,0,0,0,222
1112173,0,0,1,1,0,0,222
1112185,1,1,0,0,0,0,222
1112376,0,1,1,0,1,0,222
1112761,0,1,1,0,1,0,222
1112806,1,1,1,1,1,0,222
1112914,0,1,1,0,1,0,222
1113088,1,0,1,0,0,0,222
1113301,0,1,0,1,0,0,222
1113372,0,1,0,1,0,0,222
1113530,1,0,0,1,1,0,222
1114102,0,1,1,0,1,0,222
1114347,0,0,0,0,1,0,107
1114656,0,0,0,0,1,0,107
1114853,0,1,0,1,0,0,107
1114954,0,0,1,1,0,0,107
1114996,0,1,1,0,1,0,107
1116206,1,0,1,0,0,0,107
1116904,0,1,1,0,1,0,107
1117947,1,1,0,0,0,0,107
1118306,0,1,1,0,1,0,107
1118622,0,0,0,0,1,0,107
1118802,0,1,1,0,1,0,107
1119634,1,1,0,0,0,0,107
1119779,1,1,0,0,0,0,107
1119883,1,1,1,1,1,0,107
1120067,0,0,0,0,1,0,107
1120631,1,0,1,0,0,0,107
1120709,1,0,0,1,1,0,107
1120740,0,0,1,1,0,0,107
1120770,1,0,1,0,0,0,107
1121372,1,0,1,0,0,0,107
1121731,0,1,0,1,0,0,107
1121748,1,0,0,1,1,0,107
1122030,1,1,1,1,1,0,107
1122423,0,1,1,0,1,0,107
1122796,0,1,0,1,0,0,107
1123097,1,0,1,0,0,0,107
1123336,1,0,0,1,1,0,107
1123597,0,0,0,0,1,0,107
1123860,1,0,1,0,0,0,107
1123915,1,1,0,0,0,0,107
1124009,0,0,1,1,0,0,107
1124343,1,1,1,1,1,0,107
1124735,0,0,0,0,1,0,107
1124838,1,0,0,1,1,0,107
1125818,0,0,0,0,1,0,107
1126599,0,0,0,0,1,0,107
1126675,0,0,1,1,0,0,107
1126843,1,1,1,1,1,0,107
1126966,0,0,1,1,0,0,107
1127303,0,1,0,1,0,0,107
1127310,0,0,1,1,0,0,107
1127535,1,1,1,1,1,0,107
1128393,1,1,1,1,1,0,107
1128779,0,0,0,0,1,0,107
1129211,1,1,0,0,0,0,107
1131081,0,1,1,0,1,0,107
1131255,0,1,1,0,1,0,107
1131350,1,1,1,1,1,0,107
1131398,1,0,1,0,0,0,107
1131839,0,1,1,0,1,0,107
1132053,1,1,1,1,1,0,107
1132931,0,0,1,1,0,0,107
1133268,1,1,1,1,1,0,107
1133353,1,0,1,0,0,0,107
1133617,0,0,0,0,1,0,107
1134247,1,1,1,1,1,0,107
1134427,0,0,1,1,0,0,107
1134620,1,1,1,1,1,0,107
1134629,0,0,1,1,0,0,107
1134636,1,1,0,0,0,0,107
1134735,1,0,0,1,1,0,107
1134828,1,0,1,0,0,0,107
1135136,1,0,0,1,1,0,107
1135148,1,1,0,0,0,0,107
1135696,1,1,0,0,0,0,107
1135746,0,1,0,1,0,0,107
1136620,0,1,1,0,1,0,107
1136755,0,1,1,0,1,0,107
1136859,0,0,0,0,1,0,107
1137674,1,1,0,0,0,0,107
1137757,1,0,0,1,1,0,107
1137841,1,1,0,0,0,0,107
1138102,0,0,0,0,1,0,107
1138128,0,0,0,0,1,0,107
1138138,0,0,1,1,0,0,107
1138260,0,1,1,0,1,0,107
1138544,0,0,1,1,0,0,107
1138550,0,1,0,1,0,0,107
1138681,1,1,0,0,0,0,107
1139721,1,0,0,1,1,0,107
1139885,0,1,1,0,1,0,107
1141926,1,1,0,0,0,0,107
1142354,1,0,0,1,1,0,107
1142677,0,0,0,0,1,0,107
1142976,1,0,0,1,1,0,107
1143650,1,0,0,1,1,0,107
1143767,0,0,1,1,0,0,107
1143780,1,1,0,0,0,0,107
1144048,0,0,0,0,1,0,107
1144418,1,1,1,1,1,0,107
1145593,1,0,1,0,0,0,107
1146000,1,0,0,1,1,0,107
1146231,1,1,1,1,1,0,107
1146980,0,0,0,0,1,0,107
1147429,1,1,0,0,0,0,107
1147716,0,1,0,1,0,0,107
1147794,1,1,1,1,1,0,107
1147843,1,0,1,0,0,0,107
1147865,0,0,0,0,1,0,107
1147957,0,0,1,1,0,0,107
1148207,1,1,1,1,1,0,107
1148848,1,0,0,1,1,0,107
1150016,1,1,0,0,0,0,107
1150982,0,1,0,1,0,0,107
1151721,0,1,1,0,1,0,107
1151988,1,0,0,1,1,0,107
1151997,0,0,1,1,0,0,107
1152098,0,1,0,1,0,0,107
1152181,1,1,1,1,1,0,107
1152295,0,1,0,1,0,0,107
1153181,0,0,0,0,1,0,107
1153205,0,0,0,0,1,0,107
1153667,0,1,1,0,1,0,107
1153723,1,0,0,1,1,0,107
1153842,1,1,1,1,1,0,107
1154164,0,1,0,1,0,0,107
1154199,1,0,1,0,0,0,107
1154441,1,0,0,1,1,0,107
1155019,0,1,0,1,0,0,107
1155124,1,0,1,0,0,0,107
1155165,0,0,0,1,1,1,107
1155410,0,1,0,1,0,0,107
1155847,1,1,0,0,0,0,107
1155856,1,0,1,0,0,0,107
1155971,1,1,0,0,0,0,107
1156155,1,1,0,0,0,0,107
1156168,1,1,1,1,1,0,107
1156707,1,1,1,1,1,0,107
1156750,1,0,0,0,1,1,107
1156891,0,1,1,0,1,0,107
1157057,1,1,1,1,1,0,107
1157100,0,1,1,0,1,0,107
1158023,0,0,1,1,0,0,107
1158477,0,1,0,1,0,0,107
1158813,1,0,0,1,1,0,107
1158917,0,0,1,1,0,0,107
1158946,1,1,0,0,0,0,107
1159183,0,0,0,0,1,0,107
1159727,1,0,0,1,1,0,107
1159983,0,0,0,0,1,0,107
1160601,1,1,1,1,1,0,107
1161028,1,0,0,1,1,0,107
1161339,0,1,1,0,1,0,107
1161386,0,1,0,1,0,0,107
1161629,1,1,0,0,0,0,107
1162558,1,1,0,0,0,0,107
1163580,0,0,1,1,0,0,107
1163633,1,1,1,1,1,0,107
1164193,0,0,0,0,1,0,107
1164861,1,1,1,1,1,0,107
1165395,1,0,1,0,0,0,107
1165461,0,1,0,1,0,0,107
1165599,0,0,0,0,1,0,107
1166823,0,0,0,0,1,0,107
1167042,1,0,1,0,0,0,107
1167083,1,0,1,0,0,0,107
1167445,1,1,0,0,0,0,107
1167679,0,1,0,1,0,0,107
1167834,1,1,1,1,1,0,107
1168071,0,1,0,1,0,0,107
1168265,1,1,1,1,1,0,107
1168504,1,1,1,1,1,0,107
1168614,0,1,0,1,0,0,107
1168929,1,1,1,1,1,0,107
1168934,0,1,1,0,1,0,107
1169394,1,0,1,0,0,0,107
1169548,0,1,0,1,0,0,107
1170178,1,1,0,0,0,0,107
1170238,0,0,0,0,1,0,107
1172174,0,0,0,0,1,0,107
1172598,0,0,1,1,0,0,107
1172817,1,1,1,1,1,0,107
1173708,1,1,1,1,1,0,107
1175221,0,1,1,0,1,0,107
1175736,1,1,0,0,0,0,107
1176204,0,1,1,0,1,0,107
1176580,0,0,1,1,0,0,107
1177259,1,1,1,1,1,0,107
1177271,0,0,1,1,0,0,107
1177308,1,1,0,0,0,0,107
1177397,1,0,0,1,1,0,107
1177943,1,1,0,0,0,0,107
1178351,1,1,0,0,0,0,107
1179100,0,1,0,1,0,0,107
1179651,0,0,1,1,0,0,100
1180680,0,0,0,0,1,0,100
1180719,0,1,0,1,0,0,100
1180919,1,0,0,1,1,0,100
1180929,1,1,1,1,1,0,100
1180932,1,1,1,1,1,0,100
1181213,0,1,0,1,0,0,100
1181979,0,0,0,0,1,0,100
1182054,1,1,1,1,1,0,100
1182123,1,1,1,1,1,0,100
1182378,1,0,1,0,0,0,100
1183298,1,0,1,0,0,0,100
1184052,0,1,1,0,1,0,100
1184344,0,1,1,0,1,0,100
1184693,1,0,0,0,1,1,100
1184850,0,1,1,0,1,0,100
1185006,0,1,0,1,0,0,100
1185322,0,1,1,0,1,0,100
1185351,0,1,0,1,0,0,100
1185630,1,1,0,0,0,0,100
1185995,1,0,0,1,1,0,100
1186661,1,0,1,0,0,0,100
1186799,1,1,0,0,0,0,100
1187896,1,0,0,1,1,0,100
1188064,0,0,0,0,1,0,100
1188162,0,0,0,0,1,0,100
1188243,0,0,0,0,1,0,100
1188250,0,1,0,1,0,0,100
1189211,1,1,0,0,0,0,100
1189714,0,0,0,0,1,0,100
1190389,0,1,1,0,1,0,100
1190753,1,0,0,1,1,0,100
1191001,0,0,0,0,1,0,100
1191358,0,1,0,1,0,0,100
1191402,0,0,0,0,1,0,100
1191462,1,0,0,1,1,0,100
1191681,0,1,1,0,1,0,100
1192183,1,1,0,0,0,0,100
1193249,0,0,1,1,0,0,100
1193346,0,0,0,0,1,0,100
1193495,0,0,1,1,0,0,100
1194138,1,0,1,0,0,0,100
1194348,1,1,0,0,0,0,100
1194391,1,0,1,0,0,0,100
1194534,0,0,0,0,1,0,100
1194601,1,1,1,1,1,0,100
1195593,1,1,0,0,0,0,100
1196159,0,1,0,1,0,0,100
1196508,1,1,1,1,1,0,100
1196560,0,1,0,1,0,0,100
1197046,1,0,1,0,0,0,100
1197310,0,0,0,0,1,0,100
1197781,0,1,0,1,0,0,100
1198443,1,0,1,0,0,0,100
1198556,0,0,1,1,0,0,100
1198648,1,1,0,0,0,0,100
1198694,0,1,1,0,1,0,100
1199281,0,1,1,0,1,0,100
1199633,1,0,0,1,1,0,100
1201575,0,1,0,1,0,0,100
1201784,0,1,0,1,0,0,100
1202544,0,0,0,0,1,0,100
1203309,1,0,1,0,0,0,100
1203859,0,1,1,0,1,0,100
1205010,1,1,0,0,0,0,100
1205249,0,1,1,0,1,0,100
1205299,1,1,1,1,1,0,100
1205406,1,1,1,1,1,0,100
1205855,0,1,0,1,0,0,100
1205934,0,1,1,0,1,0,100
1206273,1,0,0,1,1,0,100
1206887,0,0,0,0,1,0,100
1207064,1,0,1,1,0,0,100
1207380,1,0,0,1,1,0,100
1207477,1,1,1,1,1,0,100
1207647,1,0,0,1,1,0,100
1207725,1,1,0,0,0,0,100
1208201,1,0,1,0,0,0,100
1208235,1,0,1,0,0,0,100
1208888,0,1,1,0,1,0,100
1209127,1,0,1,0,0,0,100
1209237,0,0,0,0,1,0,100
1209241,0,1,0,1,0,0,100
1209584,0,1,0,1,0,0,100
1209586,1,1,1,1,1,0,100
1210047,0,0,1,1,0,0,100
1210152,1,1,0,0,0,0,100
1210502,0,0,0,0,1,0,100
1210722,0,1,0,1,0,0,100
1211189,0,1,0,1,0,0,100
1211219,1,1,0,0,0,0,100
1211673,1,1,1,1,1,0,100
1212908,0,1,0,1,0,0,100
1213074,0,0,0,0,1,0,100
1213162,1,0,1,0,0,0,100
1213603,0,0,0,0,1,0,100
1214087,1,1,1,1,1,0,100
1215616,1,0,0,1,1,0,100
1216136,1,0,0,1,1,0,100
1217074,0,1,1,0,1,0,100
1217479,0,1,1,0,1,0,100
1217548,1,1,0,0,0,0,100
1217702,1,0,1,0,0,0,100
1217909,1,0,0,1,1,0,100
1218297,0,0,1,1,0,0,100
1218548,0,0,0,0,1,0,100
1218875,0,0,1,1,0,0,100
1218904,0,0,1,1,0,0,100
1218924,1,0,1,0,0,0,100
1218925,1,0,1,0,0,0,100
1219581,0,1,1,0,1,0,100
1220030,1,1,0,0,0,0,100
1220458,1,1,1,1,1,0,100
1220605,1,0,0,1,1,0,100
1220843,0,1,1,0,1,0,100
1220875,1,0,0,1,1,0,100
1221336,0,0,0,0,1,0,100
1221340,1,1,1,1,1,0,100
1221661,1,0,1,0,0,0,100
1221780,1,0,1,0,0,0,100
1221786,0,0,0,0,1,0,100
1221890,0,1,1,0,1,0,100
1222690,1,1,1,1,1,0,100
1222783,1,1,0,0,0,0,100
1223291,0,1,1,0,1,0,100
1223622,0,1,1,0,1,0,100
1223646,1,0,1,0,0,0,100
1223832,0,1,1,0,1,0,100
1224346,1,1,0,0,0,0,100
1224408,1,1,0,0,0,0,100
1224811,1,0,0,1,1,0,100
1225179,0,0,0,0,1,0,100
1225252,1,1,0,0,0,0,100
1225430,0,1,0,1,0,0,100
1225624,1,1,1,1,1,0,100
1225711,0,0,0,0,1,0,100
1225989,0,0,0,0,1,0,100
1226290,1,0,0,1,1,0,100
1227935,0,0,0,0,1,0,100
1228109,0,1,1,0,1,0,100
1228332,1,0,0,1,1,0,100
1228474,1,0,1,0,0,0,100
1228803,1,1,0,0,0,0,100
1228930,1,1,0,0,0,0,100
1229168,0,0,1,1,0,0,100
1229691,1,1,0,0,0,0,100
1229771,0,0,1,1,0,0,100
1229889,0,1,1,0,1,0,100
1229979,0,1,0,1,0,0,100
1230122,1,1,1,1,1,0,100
1230222,0,0,1,0,0,0,100
1230834,0,0,1,1,0,0,100
1231282,0,0,0,0,1,0,100
1231382,1,1,1,1,1,0,100
1231889,0,1,0,1,0,0,100
1231914,0,0,1,1,0,0,100
1232285,1,0,1,0,0,0,100
1232780,0,0,1,1,0,0,100
1233191,1,1,0,0,0,0,100
1233194,1,0,0,1,1,0,100
1233633,1,1,1,1,1,0,100
1234063,0,1,0,1,0,0,100
1234071,0,0,1,1,0,0,100
1234184,1,1,1,1,1,0,100
1234519,0,1,1,0,1,0,100
1235839,1,1,1,1,1,0,100
1236612,0,1,1,0,1,0,100
1237563,0,1,0,1,0,0,100
1238559,1,1,0,0,0,0,100
1238697,0,0,1,1,0,0,100
1239037,1,0,1,0,0,0,100
1239050,0,1,1,0,1,0,100
1239250,1,1,0,0,0,0,100
1239604,1,0,1,0,0,0,100
1240147,0,1,0,1,0,0,100
1240444,1,0,1,0,0,0,100
1240672,1,0,1,0,0,0,100
1240928,1,1,0,0,0,0,100
1241092,1,1,0,0,0,0,100
1241432,1,0,1,0,0,0,100
1241500,1,0,0,1,1,0,100
1241546,0,0,0,0,1,0,100
1242026,0,0,0,0,1,0,100
1242761,1,1,1,1,1,0,100
1242880,0,0,0,0,1,0,100
1242947,1,1,1,1,1,0,100
1243260,0,1,1,0,1,0,100
1243575,1,0,1,0,0,0,100
1244235,0,1,1,0,1,0,100
1244366,0,0,0,0,1,0,100
1244417,1,1,1,1,1,0,100
1244598,1,1,0,0,0,0,100
1245340,0,0,1,1,0,0,93
1245486,0,1,1,0,1,0,93
1245599,1,0,1,0,0,0,93
1245751,1,0,0,1,1,0,93
1246175,1,1,1,1,1,0,93
1246409,0,1,1,0,1,0,93
1247867,0,1,0,1,0,0,93
1248807,1,1,1,1,1,0,93
1249354,1,1,0,0,0,0,93
1249665,1,1,0,0,0,0,93
1249816,0,1,1,0,1,0,93
1249878,1,0,1,0,0,0,93
1250367,1,1,0,0,0,0,93
1250576,1,0,1,0,0,0,93
1250609,1,0,0,1,1,0,93
1250634,1,0,0,1,1,0,93
1250748,0,1,1,0,1,0,93
1250971,1,1,1,1,1,0,93
1250996,0,0,1,1,0,0,93
1251026,1,0,0,1,1,0,93
1251539,1,0,0,1,1,0,93
1251678,0,0,0,0,1,0,93
1251841,0,1,1,0,1,0,93
1251896,0,1,1,0,1,0,93
1252104,0,0,0,0,1,0,93
1252991,0,0,1,1,0,0,93
1253185,1,1,0,1,0,0,93
1253193,0,0,1,1,0,0,93
1253412,0,0,1,1,0,0,93
1253888,1,1,0,0,0,0,93
1254213,0,1,1,0,1,0,93
1254506,0,0,1,1,0,0,93
1254654,0,1,1,0,1,0,93
1254982,1,0,1,0,0,0,93
1256486,0,1,1,0,1,0,93
1256725,1,1,0,0,0,0,93
1256946,0,0,0,0,1,0,93
1257506,1,0,0,1,1,0,93
1258117,1,0,1,0,0,0,93
1258130,0,1,1,0,1,0,93
1258213,1,0,1,0,0,0,93
1258792,0,0,1,1,0,0,93
1258817,0,0,0,0,1,0,93
1259292,1,1,0,0,0,0,93
1259672,1,1,0,0,0,0,93
1259748,0,1,0,0,0,0,93
1259968,0,0,0,0,1,0,93
1260555,0,1,0,1,0,0,93
1260826,1,0,1,0,0,0,93
1260860,0,1,1,0,1,0,93
1261933,1,1,1,1,1,0,93
1262111,0,1,0,1,0,0,93
1262161,1,0,1,0,0,0,93
1263466,0,1,0,1,0,0,93
1263591,0,0,0,0,1,0,93
1264195,0,0,0,0,1,0,93
1264269,1,0,1,0,0,0,93
1264518,0,1,1,0,1,0,93
1264666,0,1,1,0,1,0,93
1265180,1,0,0,1,1,0,93
1265689,1,0,0,1,1,0,93
1266530,1,1,1,1,1,0,93
1267402,1,0,1,0,0,0,93
1267462,0,1,0,1,0,0,93
1268073,1,1,0,0,0,0,93
1268918,0,0,1,1,0,0,93
1270932,1,0,0,1,1,0,93
1271118,0,0,1,1,0,0,93
1271157,1,0,0,1,1,0,93
1271323,1,1,0,0,0,0,93
1271429,0,0,0,0,1,0,93
1271478,1,1,0,0,0,0,93
1272162,0,0,1,1,0,0,93
1272512,0,0,0,1,1,1,93
1272552,0,0,1,1,0,0,93
1272615,0,1,1,0,1,0,93
1272755,0,0,0,0,1,0,93
1272842,0,1,0,1,0,0,93
1272888,0,0,0,0,1,0,93
1272977,1,1,1,0,1,1,93
1273146,1,0,1,0,0,0,93
1273943,0,1,1,0,1,0,93
1273987,0,0,0,0,1,0,93
1274332,1,1,1,1,1,0,93
1274757,0,1,1,0,1,0,93
1274830,0,0,0,0,1,0,93
1275104,1,0,1,0,0,0,93
1275203,0,0,0,0,1,0,93
1275666,0,1,1,0,1,0,93
1276502,1,0,0,1,1,0,93
1277434,1,0,1,0,0,0,93
1277912,0,1,1,0,1,0,93
1278254,1,0,1,0,0,0,93
1278581,0,1,1,0,1,0,93
1278593,0,1,1,0,1,0,93
1278797,1,1,0,0,0,0,93
1278800,1,0,1,0,0,0,93
1279023,0,1,1,0,1,0,93
1279384,1,1,1,1,1,0,93
1279422,1,0,1,0,0,0,93
1280129,0,0,0,0,1,0,93
1280232,0,1,1,0,1,0,93
1281044,1,1,1,1,1,0,93
1281106,1,1,0,0,0,0,93
1281161,0,0,0,0,1,0,93
1281336,1,1,1,1,1,0,93
1281349,1,0,0,1,1,0,93
1281828,1,1,0,0,0,0,93
1282968,0,1,1,0,1,0,93
1284146,0,0,1,1,0,0,93
1285175,0,0,0,0,1,0,93
1285631,1,1,0,0,0,0,93
1285777,0,1,1,0,1,0,93
1286266,0,0,0,0,1,0,93
1286280,0,0,1,1,0,0,93
1286808,1,0,1,0,0,0,93
1286972,0,1,1,0,1,0,93
1287381,0,0,0,0,1,0,93
1288248,1,1,0,0,0,0,93
1288333,1,1,0,0,0,0,93
1289501,0,1,1,0,1,0,93
1289694,0,1,0,1,0,0,93
1289910,1,0,1,0,0,0,93
1289920,1,1,1,1,1,0,93
1291428,1,0,0,1,1,0,93
1291562,0,0,1,1,0,0,93
1291951,1,1,0,0,0,0,93
1292012,0,1,1,0,1,0,93
1292325,0,1,1,0,1,0,93
1292384,1,0,1,0,0,0,93
1292395,1,0,1,0,0,0,93
1292672,0,1,0,1,0,0,93
1292732,1,0,0,1,1,0,93
1292870,1,0,0,1,1,0,93
1292883,0,1,0,1,0,0,93
1293583,0,1,1,0,1,0,93
1293620,1,0,0,1,1,0,93
1293675,1,0,1,0,0,0,93
1293718,1,0,1,0,0,0,93
1294105,0,0,1,1,0,0,93
1294707,1,0,0,1,1,0,93
1294781,1,0,1,0,0,0,93
1295185,1,0,1,0,0,0,93
1295772,1,1,0,0,0,0,93
1296133,0,0,0,0,1,0,93
1296248,0,1,0,1,0,0,93
1296517,1,0,1,0,0,0,93
1296631,0,0,0,0,1,0,93
1297096,1,1,1,1,1,0,93
1297646,0,1,0,1,0,0,93
1299343,0,1,1,0,1,0,93
1299563,0,0,0,0,1,0,93
1299659,1,0,0,1,1,0,93
1299752,0,0,0,0,1,0,93
1301267,1,0,1,0,0,0,93
1301486,0,0,0,0,1,0,93
1301835,0,1,1,1,1,1,93
1303044,1,1,0,0,0,0,93
1303141,0,0,1,1,0,0,93
1303317,0,0,1,1,0,0,93
1303657,0,1,0,1,0,0,93
1304210,1,1,1,1,1,0,93
1304237,1,1,0,0,0,0,93
1304787,1,0,0,1,1,0,93
1305111,1,1,0,0,0,0,93
1305413,0,1,0,1,0,0,93
1305540,0,1,0,1,0,0,93
1305611,1,0,0,1,1,0,93
1306201,1,1,1,1,1,0,93
1307457,0,1,1,0,1,0,93
1307967,0,1,0,1,0,0,93
1308584,0,1,0,1,0,0,93
1308697,0,0,0,0,1,0,93
1309442,0,0,0,0,1,0,93
1309472,1,1,0,0,0,0,93
1309707,0,0,1,0,0,0,93
1309724,0,0,1,1,0,0,93
1310039,1,1,0,0,0,0,93
1311144,1,1,0,0,0,0,154
1311446,0,0,0,0,1,0,154
1311514,1,0,0,1,1,0,154
1311521,0,0,1,1,0,0,154
1311739,0,0,0,0,1,0,154
1311973,0,0,1,1,0,0,154
1312048,1,0,0,1,1,0,154
1312152,0,0,0,0,1,0,154
1312869,1,0,0,1,1,0,154
1312948,0,0,0,0,1,0,154
1313168,0,1,0,1,0,0,154
1313396,0,1,0,1,0,0,154
1314486,1,1,0,0,0,0,154
1315217,1,0,0,1,1,0,154
1315223,1,0,0,1,1,0,154
1315456,1,1,0,0,0,0,154
1315975,0,0,0,0,1,0,154
1316661,0,0,1,1,0,0,154
1316730,0,1,0,1,0,0,154
1317261,1,0,0,1,1,0,154
1317468,0,0,0,0,1,0,154
1317697,1,1,1,1,1,0,154
1318728,0,0,1,1,0,0,154
1318966,0,0,0,0,1,0,154
1319042,1,1,1,1,1,0,154
1319145,0,0,1,1,0,0,154
1319804,0,0,1,1,0,0,154
1320741,1,0,1,0,0,0,154
1321212,1,1,1,1,1,0,154
1321319,1,0,1,0,0,0,154
1321387,1,0,1,0,0,0,154
1322565,1,0,0,1,1,0,154
1322749,0,1,0,0,0,0,154
1322831,0,0,1,1,0,0,154
1323175,1,1,1,1,1,0,154
1323546,1,0,1,0,0,0,154
1323785,0,1,1,0,1,0,154
1323815,0,0,1,1,0,0,154
1324124,1,0,0,1,1,0,154
1324505,1,0,0,1,1,0,154
1324564,0,1,0,1,0,0,154
1324694,1,0,1,0,0,0,154
1324900,1,1,1,1,1,0,154
1325027,1,1,1,1,1,0,154
1325326,0,0,1,1,0,0,154
1325433,1,1,0,0,0,0,154
1325931,1,0,1,0,0,0,154
1326001,0,0,1,1,0,0,154
1326205,1,1,1,1,1,0,154
1326258,1,0,0,1,1,0,154
1326348,0,0,1,0,0,0,154
1326626,1,1,1,1,1,0,154
1326792,0,1,1,0,1,0,154
1326865,0,1,0,1,0,0,154
1327157,1,1,0,0,0,0,154
1327309,0,0,0,0,1,0,154
1327365,0,1,1,0,1,0,154
1327372,1,1,1,1,1,0,154
1327536,0,1,0,1,0,0,154
1327595,1,1,1,1,1,0,154
1327656,0,1,0,0,0,0,154
1327853,1,0,1,0,0,0,154
1328034,0,0,0,0,1,0,154
1328222,1,0,1,0,0,0,154
1328768,0,0,1,1,0,0,154
1329400,1,1,1,1,1,0,154
1329447,0,1,1,0,1,0,154
1329496,1,0,1,0,0,0,154
1329570,1,1,0,0,0,0,154
1330243,0,1,1,0,1,0,154
1330328,1,0,1,0,0,0,154
1331144,1,1,1,1,1,0,154
1331161,1,0,1,0,0,0,154
1331290,1,1,0,0,0,0,154
1331331,1,0,0,1,1,0,154
1331658,1,0,0,1,1,0,154
1331936,1,1,0,0,0,0,154
1331986,1,1,1,1,1,0,154
1332483,0,0,1,1,0,0,154
1332548,1,1,0,0,0,0,154
1332750,0,0,1,1,0,0,154
1333037,0,0,1,1,0,0,154
1333252,1,1,0,0,0,0,154
1333295,1,0,0,1,1,0,154
1333395,0,1,0,1,0,0,154
1333583,0,0,1,1,0,0,154
1334089,1,1,0,0,0,0,154
1334425,1,1,1,1,1,0,154
1334644,0,1,0,1,0,0,154
1334694,0,0,0,0,1,0,154
1334898,1,0,0,1,1,0,154
1335021,1,1,0,0,0,0,154
1335056,1,1,1,0,1,1,154
1335233,0,1,1,0,1,0,154
1335451,0,1,0,1,0,0,154
1335499,1,1,1,1,1,0,154
1335963,1,0,0,1,1,0,154
1336388,0,1,0,1,0,0,154
1336712,1,0,1,0,0,0,154
1336750,1,0,0,1,1,0,154
1337194,0,0,1,1,0,0,154
1337350,0,1,1,0,1,0,154
1337445,1,1,1,1,1,0,154
1337512,0,1,0,1,0,0,154
1338048,0,1,0,1,0,0,154
1338514,0,1,1,0,1,0,154
1338616,0,0,0,0,1,0,154
1338925,1,1,1,1,1,0,154
1339032,0,0,1,1,0,0,154
1339081,1,0,1,0,0,0,154
1339577,0,1,1,0,1,0,154
1339581,1,1,0,0,0,0,154
1339888,0,0,1,1,0,0,154
1340188,0,1,0,1,0,0,154
1340687,0,1,0,1,0,0,154
1340745,0,0,0,0,1,0,154
1341068,1,0,0,1,1,0,154
1341111,0,1,0,1,0,0,154
1341164,0,1,0,1,0,0,154
1341223,1,0,1,0,0,0,154
1341302,0,1,0,1,0,0,154
1341341,1,1,0,0,0,0,154
1341957,1,1,0,0,0,0,154
1341961,1,1,0,0,0,0,154
1342257,1,0,0,1,1,0,154
1342274,1,0,0,1,1,0,154
1342526,1,1,1,1,1,0,154
1342640,1,0,0,1,1,0,154
1342836,0,0,0,0,1,0,154
1342851,0,1,0,1,0,0,154
1343058,1,0,0,1,1,0,154
1343557,0,0,0,0,1,0,154
1344264,1,1,0,0,0,0,154
1344542,0,0,1,1,0,0,154
1344588,0,0,0,0,1,0,154
1344628,0,1,0,1,0,0,154
1345293,0,0,0,0,1,0,154
1346097,1,1,1,1,1,0,154
1346123,0,1,1,0,1,0,154
1346435,0,0,1,1,0,0,154
1346746,0,1,1,0,1,0,154
1347146,1,1,1,1,1,0,154
1348554,1,0,0,1,1,0,154
1348751,0,0,0,0,1,0,154
1348757,1,0,0,1,1,0,154
1348840,1,1,1,1,1,0,154
1349218,1,1,1,1,1,0,154
1349261,0,0,0,0,1,0,154
1349365,0,0,0,0,1,0,154
1349391,1,0,1,0,0,0,154
1349515,0,1,0,1,0,0,154
1350003,0,0,0,0,1,0,154
1350011,1,0,0,1,1,0,154
1350120,0,0,0,0,1,0,154
1350140,1,1,0,0,0,0,154
1350196,1,0,0,1,1,0,154
1350205,1,0,1,0,0,0,154
1350387,1,0,0,1,1,0,154
1350510,0,0,0,0,1,0,154
1350670,0,1,0,1,0,0,154
1350711,1,0,1,0,0,0,154
1350714,0,1,1,0,1,0,154
1351076,1,0,0,1,1,0,154
1351103,0,1,1,0,1,0,154
1351159,0,1,1,0,1,0,154
1351456,1,1,1,1,1,0,154
1351685,0,0,0,0,1,0,154
1351884,0,0,0,0,1,0,154
1351910,1,1,1,1,1,0,154
1352019,0,0,0,0,1,0,154
1352951,0,1,0,1,0,0,154
1353078,0,0,0,0,1,0,154
1353134,1,0,1,0,0,0,154
1353694,1,0,1,0,0,0,154
1353713,1,0,1,0,0,0,154
1353788,0,0,0,0,1,0,154
1353823,1,0,0,1,1,0,154
1353854,0,1,0,1,0,0,154
1354176,1,1,0,0,0,0,154
1354411,1,0,0,1,1,0,154
1354477,0,0,0,0,1,0,154
1354763,0,0,1,1,0,0,154
1355027,0,1,1,0,1,0,154
1355510,1,1,1,1,1,0,154
1355520,0,0,0,0,1,0,154
1355697,1,1,1,1,1,0,154
1355930,1,1,1,1,1,0,154
1355963,1,0,1,0,0,0,154
1356047,1,0,1,0,0,0,154
1356173,0,1,0,0,0,0,154
1356182,0,0,1,1,0,0,154
1356265,0,0,1,1,0,0,154
1356492,1,0,1,0,0,0,154
1356538,1,1,0,0,0,0,154
1356855,1,1,1,0,1,1,154
1356878,1,0,1,0,0,0,154
1357116,0,0,1,1,0,0,154
1357245,1,0,0,1,1,0,154
1357545,0,0,1,1,0,0,154
1358370,1,0,0,1,1,0,154
1359104,0,1,0,1,0,0,154
1359344,1,0,0,1,1,0,154
1359536,0,0,0,1,1,1,154
1359637,0,0,1,1,0,0,154
1359735,0,1,1,0,1,0,154
1360046,0,0,0,0,1,0,154
1360244,1,1,1,1,1,0,154
1360734,0,0,1,1,0,0,154
1360914,1,1,0,0,0,0,154
1361102,1,0,0,1,1,0,154
1361353,0,1,0,1,0,0,154
1361543,1,1,1,1,1,0,154
1361847,1,0,1,0,0,0,154
1361873,0,0,1,1,0,0,154
1362555,0,1,1,0,1,0,154
1362729,0,0,0,0,1,0,154
1362876,1,0,0,1,1,0,154
1362908,1,1,0,1,0,0,154
1363306,1,0,1,0,0,0,154
1363312,1,0,0,1,1,0,154
1363368,1,1,0,0,0,0,154
1364123,0,0,1,1,0,0,154
1364378,1,1,1,1,1,0,154
1364913,1,1,0,0,0,0,154
1365023,1,1,0,0,0,0,154
1365088,1,1,0,0,0,0,154
1365151,0,0,0,0,1,0,154
1365285,1,0,0,1,1,0,154
1365348,1,0,1,0,0,0,154
1366076,1,0,0,1,1,0,154
1366678,0,1,0,1,0,0,154
1367312,1,1,0,0,0,0,154
1367513,1,0,1,0,0,0,154
1367610,1,1,0,0,0,0,154
1367626,0,1,0,1,0,0,154
1367862,1,0,1,0,0,0,154
1368289,0,0,0,0,1,0,154
1368359,1,0,1,0,0,0,154
1368485,1,1,0,1,0,0,154
1368788,0,0,1,1,0,0,154
1368839,1,0,0,1,1,0,154
1368868,0,1,1,0,1,0,154
1368869,1,0,0,1,1,0,154
1368972,0,0,0,0,1,0,154
1369098,1,0,0,1,1,0,154
1369163,1,0,1,0,0,0,154
1369285,0,1,1,0,1,0,154
1369319,0,1,1,0,1,0,154
1369382,0,1,1,0,1,0,154
1369449,1,1,0,0,0,0,154
1369655,0,0,0,0,1,0,154
1369713,0,1,0,1,0,0,154
1369919,0,1,1,0,1,0,154
1369921,1,0,0,1,1,0,154
1370207,1,0,0,1,1,0,154
1370688,0,0,0,0,1,0,154
1370992,1,1,1,1,1,0,154
1371165,0,1,1,0,1,0,154
1371231,1,0,1,0,0,0,154
1371563,1,1,0,0,0,0,154
1371600,1,1,1,1,1,0,154
1371909,0,0,0,0,1,0,154
1372118,1,1,0,0,0,0,154
1372136,0,1,1,0,1,0,154
1372157,0,0,1,1,0,0,154
1372673,0,1,0,1,0,0,154
1373348,1,1,1,1,1,0,154
1373788,0,0,1,1,0,0,154
1373971,1,1,0,0,0,0,154
1374758,0,0,1,1,0,0,154
1374772,0,1,0,1,0,0,154
1374863,0,0,0,0,1,0,154
1374890,0,0,0,0,1,0,154
1374989,0,1,1,0,1,0,154
1375327,0,1,1,0,1,0,154
1376191,1,1,0,0,0,0,154
1376312,0,0,0,0,1,0,141
1376315,1,1,0,0,0,0,141
1376361,1,0,1,0,0,0,141
1376668,0,1,1,0,1,0,141
1376753,1,0,0,1,1,0,141
1377271,0,0,1,1,0,0,141
1377360,1,1,0,0,0,0,141
1377535,0,1,0,1,0,0,141
1378615,1,1,0,0,0,0,141
1379178,1,0,0,1,1,0,141
1380114,1,1,1,1,1,0,141
1380224,1,1,1,1,1,0,141
1380297,1,0,1,0,0,0,141
1380613,1,0,0,1,1,0,141
1380921,1,1,0,0,0,0,141
1381176,0,1,0,1,0,0,141
1381218,1,1,0,0,0,0,141
1381700,1,0,0,1,1,0,141
1381986,1,1,1,1,1,0,141
1382254,0,0,0,0,1,0,141
1382272,0,1,0,1,0,0,141
1382440,0,0,1,1,0,0,141
1382567,0,0,0,0,1,0,141
1382585,1,0,1,0,0,0,141
1382635,0,1,0,1,0,0,141
1383159,1,0,0,1,1,0,141
1384020,1,0,0,1,1,0,141
1384197,1,1,0,0,0,0,141
1384322,1,1,0,0,0,0,141
1384338,0,1,0,1,0,0,141
1384356,1,0,0,1,1,0,141
1384723,0,0,0,0,1,0,141
1384817,1,1,1,1,1,0,141
1384836,1,0,1,0,0,0,141
1385360,0,1,1,0,1,0,141
1385544,0,0,0,0,1,0,141
1385607,0,1,1,0,1,0,141
1385645,0,0,1,1,0,0,141
1385778,0,0,1,1,0,0,141
1385844,1,1,1,1,1,0,141
1385994,1,0,1,0,0,0,141
1386131,1,0,1,0,0,0,141
1386306,0,0,0,0,1,0,141
1386467,1,1,0,0,0,0,141
1387400,0,1,0,1,0,0,141
1387505,1,1,0,0,0,0,141
1388018,1,0,0,1,1,0,141
1388187,1,0,0,1,1,0,141
1388467,0,1,0,1,0,0,141
1388480,0,0,1,1,0,0,141
1388748,1,0,0,1,1,0,141
1388903,1,1,0,0,0,0,141
1388993,1,1,1,1,1,0,141
1389727,0,0,1,1,0,0,141
1390582,0,1,1,0,1,0,141
1391008,1,0,0,1,1,0,141
1391452,0,1,1,0,1,0,141
1391469,1,0,0,1,1,0,141
1392344,1,0,1,0,0,0,141
1392489,1,0,1,0,0,0,141
1392649,1,1,0,0,0,0,141
1392741,0,1,1,0,1,0,141
1394045,1,1,0,0,0,0,141
1394110,1,1,0,0,0,0,141
1394162,1,0,1,0,0,0,141
1394364,0,1,0,0,0,0,141
1394369,0,0,1,0,0,0,141
1394613,1,1,1,0,1,1,141
1395228,1,1,1,0,1,1,141
1395230,1,0,0,1,1,0,141
1395285,1,1,1,1,1,0,141
1395492,0,0,0,0,1,0,141
1395498,1,1,1,1,1,0,141
1395659,1,1,0,0,0,0,141
1395799,1,1,1,1,1,0,141
1395873,0,1,0,1,0,0,141
1395896,1,1,1,1,1,0,141
1396046,0,1,1,0,1,0,141
1396455,1,1,0,0,0,0,141
1396780,0,1,0,1,0,0,141
1396972,1,0,1,0,0,0,141
1397420,0,0,1,1,0,0,141
1397462,1,0,0,1,1,0,141
1397472,1,0,1,0,0,0,141
1397905,0,1,1,0,1,0,141
1397966,1,1,1,1,1,0,141
1398220,1,1,1,1,1,0,141
1398409,0,1,0,1,0,0,141
1398892,1,1,1,1,1,0,141
1398899,0,0,0,0,1,0,141
1399025,1,1,0,0,0,0,141
1399472,1,0,0,1,1,0,141
1399519,0,0,0,0,1,0,141
1399656,0,1,1,0,1,0,141
1399828,1,1,1,0,1,1,141
1399946,1,1,0,0,0,0,141
1400188,0,0,1,1,0,0,141
1400193,0,0,0,0,1,0,141
1400981,0,0,1,1,0,0,141
1401479,0,1,0,1,0,0,141
1401562,0,1,0,1,0,0,141
1401809,0,0,0,0,1,0,141
1401823,0,0,1,1,0,0,141
1402200,0,1,0,1,0,0,141
1402404,0,0,1,1,0,0,141
1402506,1,1,0,0,0,0,141
1402513,0,0,1,1,0,0,141
1402812,0,1,0,1,0,0,141
1402851,0,1,0,0,0,0,141
1402862,0,1,0,1,0,0,141
1403429,1,1,0,0,0,0,141
1403714,0,0,1,1,0,0,141
1404030,1,1,0,0,0,0,141
1404164,1,1,1,1,1,0,141
1404195,0,0,1,1,0,0,141
1404303,0,0,0,0,1,0,141
1404592,0,0,0,0,1,0,141
1404982,0,1,1,0,1,0,141
1405241,1,1,1,1,1,0,141
1405383,1,1,1,1,1,0,141
1405664,0,0,0,0,1,0,141
1406380,1,0,1,0,0,0,141
1406423,0,1,0,1,0,0,141
1406826,1,1,1,1,1,0,141
1407209,0,0,0,0,1,0,141
1407250,0,1,0,1,0,0,141
1407374,1,0,0,1,1,0,141
1407494,1,0,0,1,1,0,141
1407665,0,0,0,0,1,0,141
1408106,0,1,0,1,0,0,141
1408885,0,0,0,0,1,0,141
1409438,0,1,0,1,0,0,141
1409926,1,0,1,0,0,0,141
1409961,1,1,1,1,1,0,141
1410163,0,0,0,0,1,0,141
1410308,0,1,0,1,0,0,141
1410572,0,0,1,1,0,0,141
1411380,0,0,1,1,0,0,141
1411635,1,1,1,1,1,0,141
1411823,0,1,0,0,0,0,141
1412098,0,1,1,0,1,0,141
1412577,0,0,0,0,1,0,141
1412911,0,0,0,0,1,0,141
1413514,1,1,1,1,1,0,141
1413967,0,0,1,1,0,0,141
1414499,1,0,1,0,0,0,141
1415042,0,0,1,1,0,0,141
1415741,1,1,0,0,0,0,141
1416090,0,0,0,0,1,0,141
1416214,1,1,0,0,0,0,141
1416376,0,0,1,1,0,0,141
1416488,0,1,0,1,0,0,141
1417017,1,0,1,0,0,0,141
1417802,0,1,1,0,1,0,141
1418280,1,0,1,0,0,0,141
1418582,0,1,0,1,0,0,141
1419102,0,0,1,1,0,0,141
1419515,0,0,0,0,1,0,141
1419543,1,1,0,0,0,0,141
1420589,0,1,0,1,0,0,141
1420836,1,0,0,1,1,0,141
1421123,0,1,0,1,0,0,141
1421500,0,0,1,1,0,0,141
1421803,0,0,0,0,1,0,141
1421870,1,1,0,0,0,0,141
1421971,1,1,1,1,1,0,141
1421976,0,1,1,0,1,0,141
1422511,0,1,0,1,0,0,141
1422589,1,1,1,1,1,0,141
1422632,0,1,1,0,1,0,141
1422826,0,1,0,1,0,0,141
1422861,1,0,0,1,1,0,141
1422884,0,0,0,0,1,0,141
1422945,1,1,1,1,1,0,141
1422962,0,0,0,0,1,0,141
1423601,0,1,1,0,1,0,141
1423955,1,1,0,0,0,0,141
1424023,0,1,1,0,1,0,141
1424092,0,1,1,0,1,0,141
1424199,0,1,1,0,1,0,141
1424227,1,1,0,0,0,0,141
1424580,1,0,1,0,0,0,141
1425300,1,0,0,1,1,0,141
1425936,0,1,1,0,1,0,141
1427414,0,0,1,1,0,0,141
1427550,0,1,1,0,1,0,141
1428175,0,0,1,1,0,0,141
1428325,1,0,1,0,0,0,141
1428455,1,0,1,0,0,0,141
1428560,0,1,1,0,1,0,141
1429296,0,1,1,0,1,0,141
1429399,0,0,1,1,0,0,141
1429522,1,1,0,0,0,0,141
1429962,0,0,0,0,1,0,141
1430330,1,1,1,1,1,0,141
1430431,1,1,1,1,1,0,141
1430869,1,0,0,1,1,0,141
1431574,0,0,1,1,0,0,141
1431757,1,0,0,1,1,0,141
1431899,0,0,1,1,0,0,141
1432381,0,0,0,0,1,0,141
1432620,1,0,1,0,0,0,141
1432998,0,0,0,0,1,0,141
1433643,1,0,1,0,0,0,141
1434323,1,1,0,0,0,0,141
1434441,1,1,1,1,1,0,141
1434588,1,0,1,0,0,0,141
1434713,0,0,0,0,1,0,141
1435054,0,1,1,0,1,0,141
1435743,0,0,0,0,1,0,141
1435756,0,1,0,1,0,0,141
1435869,1,1,0,0,0,0,141
1436211,0,1,0,1,0,0,141
1436231,1,0,1,0,0,0,141
1436248,0,0,0,0,1,0,141
1436723,0,0,1,1,0,0,141
1436963,0,1,0,1,0,0,141
1437244,0,1,0,1,0,0,141
1437410,1,0,0,1,1,0,141
1437800,1,0,0,1,1,0,141
1439415,0,0,0,1,1,1,141
1440024,0,0,1,1,0,0,141
1440691,1,0,0,1,1,0,141
1441032,0,1,0,1,0,0,141
1441063,0,1,0,1,0,0,141
1441128,1,0,0,1,1,0,141
1441471,1,1,0,0,0,0,141
1441522,1,1,0,0,0,0,141
1442379,1,0,0,1,1,0,71
1442574,0,1,1,0,1,0,71
1443070,0,0,0,0,1,0,71
1443713,1,0,1,0,0,0,71
1444110,1,1,1,1,1,0,71
1444399,1,0,0,1,1,0,71
1445859,1,1,1,1,1,0,71
1446390,0,0,1,1,0,0,71
1448061,1,1,0,0,0,0,71
1448104,1,1,0,0,0,0,71
1448389,1,1,1,1,1,0,71
1449052,1,1,1,1,1,0,71
1449375,1,1,0,0,0,0,71
1449518,0,0,1,1,0,0,71
1449748,0,0,1,1,0,0,71
1450554,0,1,1,0,1,0,71
1451581,0,0,0,0,1,0,71
1452581,1,1,0,0,0,0,71
1452595,0,1,0,1,0,0,71
1453676,0,0,1,1,0,0,71
1454425,0,0,0,0,1,0,71
1454449,0,0,1,1,0,0,71
1454517,0,1,1,0,1,0,71
1456512,0,0,1,1,0,0,71
1456830,0,1,1,0,1,0,71
1456833,1,1,1,1,1,0,71
1457643,0,1,1,0,1,0,71
1457708,0,0,0,0,1,0,71
1458083,0,0,1,1,0,0,71
1458132,0,1,0,1,0,0,71
1458471,0,0,1,1,0,0,71
1458905,0,1,0,1,0,0,71
1459128,0,0,0,0,1,0,71
1461937,0,1,1,0,1,0,71
1462672,0,0,1,1,0,0,71
1463075,1,1,0,0,0,0,71
1463280,0,1,0,1,0,0,71
1463537,1,1,0,0,0,0,71
1464595,0,0,0,0,1,0,71
1465771,1,1,1,1,1,0,71
1465991,1,0,1,0,0,0,71
1466249,1,0,0,1,1,0,71
1466991,0,0,0,0,1,0,71
1467242,0,0,1,1,0,0,71
1467485,0,0,0,0,1,0,71
1467521,0,0,1,1,0,0,71
1467528,1,0,1,0,0,0,71
1467549,0,0,0,0,1,0,71
1468788,1,0,1,0,0,0,71
1468888,1,0,0,1,1,0,71
1469029,0,1,0,1,0,0,71
1469036,1,1,1,1,1,0,71
1469297,0,0,1,1,0,0,71
1470582,1,0,1,0,0,0,71
1470601,1,0,1,0,0,0,71
1472425,0,0,0,0,1,0,71
1472537,0,1,0,1,0,0,71
1474011,0,1,1,0,1,0,71
1474372,1,0,0,1,1,0,71
1474810,1,1,1,1,1,0,71
1475848,1,0,1,1,0,0,71
1476311,1,0,1,0,0,0,71
1477044,0,1,1,0,1,0,71
1477804,1,1,1,1,1,0,71
1478664,1,1,0,0,0,0,71
1478857,0,0,1,1,0,0,71
1479375,0,0,0,0,1,0,71
1480391,1,0,1,0,0,0,71
1480752,0,0,1,1,0,0,71
1481591,1,0,1,0,0,0,71
1482641,1,0,0,1,1,0,71
1482807,0,0,1,1,0,0,71
1483247,0,1,1,0,1,0,71
1484340,1,1,1,1,1,0,71
1484615,0,0,1,1,0,0,71
1485272,1,0,0,1,1,0,71
1485273,0,1,1,0,1,0,71
1485642,0,1,1,0,1,0,71
1485825,0,1,1,0,1,0,71
1485894,1,0,1,0,0,0,71
1486341,1,1,0,0,0,0,71
1487021,1,0,0,1,1,0,71
1487854,1,1,1,1,1,0,71
1488495,1,1,0,0,0,0,71
1490168,1,1,1,1,1,0,71
1490648,0,0,0,0,1,0,71
1490704,0,1,1,0,1,0,71
1490832,0,1,1,0,1,0,71
1490959,1,0,0,1,1,0,71
1491209,0,0,0,0,1,0,71
1491237,0,1,0,1,0,0,71
1491486,1,0,0,1,1,0,71
1491841,1,0,1,0,0,0,71
1491879,1,0,1,0,0,0,71
1492631,1,1,0,0,0,0,71
1492830,1,0,1,0,0,0,71
1493509,1,0,0,1,1,0,71
1494958,1,1,0,0,0,0,71
1495400,1,0,1,0,0,0,71
1496920,0,1,0,1,0,0,71
1497357,1,0,0,1,1,0,71
1497521,0,1,0,1,0,0,71
1497958,0,1,1,0,1,0,71
1498684,1,1,0,0,0,0,71
1498876,1,1,0,0,0,0,71
1499122,0,1,1,0,1,0,71
1499411,0,1,0,1,0,0,71
1500914,0,1,1,0,1,0,71
1501000,0,0,1,1,0,0,71
1501150,1,0,0,1,1,0,71
1502036,1,0,0,1,1,0,71
1502609,0,0,0,0,1,0,71
1503524,1,1,1,1,1,0,71
1503831,1,0,1,0,0,0,71
1503921,0,1,1,0,1,0,71
1504171,1,1,1,1,1,0,71
1505102,1,0,1,0,0,0,71
1505278,1,0,1,0,0,0,71
1505283,1,1,1,1,1,0,71
1506119,1,1,1,1,1,0,71
1507007,1,0,0,1,1,0,71
1507175,1,0,1,1,0,0,71
1507262,0,1,0,1,0,0,71
1507574,1,0,1,0,0,0,71
1507740,1,1,1,1,1,0,71
1508037,0,0,0,0,1,0,71
1508731,1,0,1,0,0,0,71
1508966,0,0,0,0,1,0,71
1509289,0,0,0,1,1,1,71
1509909,1,0,1,0,0,0,71
1510009,0,1,1,0,1,0,71
1511653,1,0,0,1,1,0,71
1512107,1,1,1,1,1,0,71
1512501,1,0,1,0,0,0,71
1512598,0,0,1,1,0,0,71
1512599,1,0,1,0,0,0,71
1513114,0,0,1,1,0,0,71
1514430,1,1,0,0,0,0,71
1515740,1,1,0,0,0,0,71
1516476,1,1,1,1,1,0,71
1516614,0,1,1,0,1,0,71
1517248,0,0,0,0,1,0,71
1517587,0,0,0,0,1,0,71
1517813,1,0,1,0,0,0,71
1518504,0,0,1,1,0,0,71
1518738,1,1,0,0,0,0,71
1518873,1,1,1,1,1,0,71
1519944,1,1,0,0,0,0,71
1520368,1,1,1,1,1,0,71
1520487,1,0,0,1,1,0,71
1521093,0,1,1,0,1,0,71
1521771,0,0,1,1,0,0,71
1522239,1,0,0,1,1,0,71
1522287,0,0,0,0,1,0,71
1523516,1,1,0,0,0,0,71
1524052,0,0,1,1,0,0,71
1524203,1,0,1,0,0,0,71
1524387,0,1,0,1,0,0,71
1524493,0,1,0,1,0,0,71
1525265,0,1,1,0,1,0,71
1525285,0,1,0,1,0,0,71
1525568,1,0,0,1,1,0,71
1525907,0,1,1,0,1,0,71
1527105,1,0,1,0,0,0,71
1527319,1,1,1,1,1,0,71
1527636,0,1,1,0,1,0,71
1528267,1,1,0,0,0,0,71
1528466,0,1,0,1,0,0,71
1529094,1,0,1,0,0,0,71
1529114,1,1,0,0,0,0,71
1529704,1,1,0,0,0,0,71
1531835,0,0,1,1,0,0,71
1533297,0,0,0,0,1,0,71
1535122,1,0,0,1,1,0,71
1535606,0,0,1,1,0,0,71
1535910,1,1,0,0,0,0,71
1535973,1,1,1,1,1,0,71
1536038,1,1,1,1,1,0,71
1537028,1,1,1,1,1,0,71
1537254,0,0,1,1,0,0,71
1538416,0,1,0,1,0,0,71
1538793,0,1,1,0,1,0,71
1538908,0,1,0,1,0,0,71
1539651,1,0,1,0,0,0,71
1540009,0,1,0,1,0,0,71
1540563,0,0,1,1,0,0,71
1540715,1,0,0,1,1,0,71
1540897,0,0,0,0,1,0,71
1541370,1,0,0,1,1,0,71
1541444,0,1,1,0,1,0,71
1544573,0,0,1,1,0,0,71
1544912,1,0,0,1,1,0,71
1545523,1,0,0,1,1,0,71
1546816,0,0,0,0,1,0,71
1547592,1,1,1,1,1,0,71
1548326,1,1,1,1,1,0,71
1548330,1,0,0,1,1,0,71
1548932,1,1,0,0,0,0,71
1549260,1,0,0,1,1,0,71
1549391,0,0,0,0,1,0,71
1549970,0,0,1,1,0,0,71
1550044,0,0,1,1,0,0,71
1550340,1,0,0,1,1,0,71
1551038,1,1,1,1,1,0,71
1551548,0,1,1,1,1,1,71
1552109,0,0,0,0,1,0,71
1553047,0,1,1,0,1,0,71
1554046,1,1,0,0,0,0,71
1555004,0,0,0,0,1,0,71
1555139,0,1,1,0,1,0,71
1555376,1,1,0,0,0,0,71
1555949,1,1,1,1,1,0,71
1556074,0,0,1,1,0,0,71
1556122,0,1,0,1,0,0,71
1556490,0,0,1,1,0,0,71
1556785,0,1,0,1,0,0,71
1557530,1,1,0,0,0,0,71
1557622,0,1,0,1,0,0,71
1558080,0,0,0,0,1,0,71
1558200,1,1,0,0,0,0,71
1558305,1,1,1,1,1,0,71
1558734,0,1,1,0,1,0,71
1559394,0,0,1,1,0,0,71
1559407,1,1,0,0,0,0,71
1559668,1,1,1,1,1,0,71
1560808,0,1,1,0,1,0,71
1561887,0,1,0,1,0,0,71
1563602,0,0,1,1,0,0,71
1563790,1,1,0,0,0,0,71
1563864,0,1,1,0,1,0,71
1564136,1,0,1,0,0,0,71
1564163,1,1,1,1,1,0,71
1565037,0,0,0,0,1,0,71
1565062,0,0,1,1,0,0,71
1565131,1,0,0,1,1,0,71
1565498,0,0,0,0,1,0,71
1566494,1,0,0,1,1,0,71
1566670,1,1,1,1,1,0,71
1566775,1,1,1,1,1,0,71
1567187,0,1,0,0,0,0,71
1567360,1,1,0,0,0,0,71
1569119,1,0,1,0,0,0,71
1569239,1,1,1,1,1,0,71
1570035,1,1,0,0,0,0,71
1570332,1,1,0,0,0,0,71
1570369,0,1,0,1,0,0,71
1570980,0,1,1,0,1,0,71
1571753,1,1,1,1,1,0,71
1571842,1,1,0,0,0,0,71
1572800,1,0,1,0,0,0,71
1573066,1,0,0,1,1,0,212
1573135,1,0,0,1,1,0,212
1573171,0,0,0,0,1,0,212
1573495,1,1,1,1,1,0,212
1573546,1,0,0,1,1,0,212
1573640,1,1,1,1,1,0,212
1573751,1,0,1,0,0,0,212
1573767,0,0,1,1,0,0,212
1574416,0,0,0,0,1,0,212
1574500,1,0,0,1,1,0,212
1574741,1,1,0,0,0,0,212
1574981,0,1,1,0,1,0,212
1575101,1,0,1,0,0,0,212
1575129,0,1,1,0,1,0,212
1575811,1,1,1,1,1,0,212
1575852,0,0,1,1,0,0,212
1575884,0,1,1,0,1,0,212
1576028,0,0,0,0,1,0,212
1576060,1,1,0,0,0,0,212
1576374,1,1,0,0,0,0,212
1576689,1,0,1,0,0,0,212
1576849,0,1,1,0,1,0,212
1576933,0,0,1,1,0,0,212
1577118,1,1,0,0,0,0,212
1577266,1,0,1,0,0,0,212
1577342,1,1,1,1,1,0,212
1577560,1,0,1,0,0,0,212
1577659,0,0,1,1,0,0,212
1577911,0,1,1,0,1,0,212
1578343,1,0,0,1,1,0,212
1578360,0,1,0,1,0,0,212
1578465,1,1,0,0,0,0,212
1579152,0,0,0,0,1,0,212
1579207,1,1,1,1,1,0,212
1579238,0,1,1,0,1,0,212
1579327,1,0,0,0,1,1,212
1579544,1,0,1,0,0,0,212
1579763,0,1,0,1,0,0,212
1579834,0,1,0,1,0,0,212
1579845,0,1,1,0,1,0,212
1579977,0,0,0,0,1,0,212
1580027,0,0,1,1,0,0,212
1580304,1,0,0,1,1,0,212
1580334,1,1,1,1,1,0,212
1580920,1,0,0,1,1,0,212
1581186,0,0,0,0,1,0,212
1581225,1,1,0,0,0,0,212
1581463,1,0,1,0,0,0,212
1581620,0,0,0,0,1,0,212
1581771,1,1,1,1,1,0,212
1581829,0,1,1,0,1,0,212
1582172,1,0,1,0,0,0,212
1582183,1,0,1,0,0,0,212
1582668,1,1,0,0,0,0,212
1582726,0,0,1,1,0,0,212
1582728,0,1,1,0,1,0,212
1582872,0,1,1,0,1,0,212
1582969,0,1,1,0,1,0,212
1583020,1,1,1,1,1,0,212
1583274,0,1,0,1,0,0,212
1583304,0,1,1,0,1,0,212
1583390,1,1,0,0,0,0,212
1583480,0,0,1,1,0,0,212
1583497,0,0,1,1,0,0,212
1583544,1,1,0,0,0,0,212
1583631,1,0,1,0,0,0,212
1583767,0,0,1,1,0,0,212
1583840,0,1,0,1,0,0,212
1584097,0,1,1,1,1,1,212
1584130,1,0,1,0,0,0,212
1584168,1,0,0,1,1,0,212
1584170,1,1,1,1,1,0,212
1584541,0,0,1,1,0,0,212
1584840,0,0,0,0,1,0,212
1585175,0,1,0,1,0,0,212
1585318,0,0,0,0,1,0,212
1585952,1,1,1,1,1,0,212
1586401,0,1,0,1,0,0,212
1586490,1,0,1,0,0,0,212
1586649,0,1,0,1,0,0,212
1586773,0,0,0,0,1,0,212
1587428,0,1,0,1,0,0,212
1587446,0,0,1,1,0,0,212
1587453,1,0,0,1,1,0,212
1587457,0,1,0,1,0,0,212
1587601,1,0,1,1,0,0,212
1587603,0,0,0,0,1,0,212
1587824,0,0,1,1,0,0,212
1587993,1,0,1,0,0,0,212
1588192,0,0,0,0,1,0,212
1588427,1,1,0,0,0,0,212
1588455,0,1,1,0,1,0,212
1588595,1,0,1,0,0,0,212
1589495,0,1,1,0,1,0,212
1589810,1,0,1,0,0,0,212
1590154,1,1,1,1,1,0,212
1590358,0,1,1,0,1,0,212
1590378,1,0,0,1,1,0,212
1590424,0,1,0,1,0,0,212
1590441,1,1,0,0,0,0,212
1590487,0,1,0,1,0,0,212
1590538,0,1,0,1,0,0,212
1590594,1,0,0,1,1,0,212
1590779,0,1,0,1,0,0,212
1590785,0,1,0,1,0,0,212
1590904,1,0,1,0,0,0,212
1590926,1,0,0,1,1,0,212
1591020,0,1,1,0,1,0,212
1591157,1,1,1,1,1,0,212
1591247,1,0,1,0,0,0,212
1591252,1,1,1,1,1,0,212
1591296,1,0,0,1,1,0,212
1591337,0,0,1,1,0,0,212
1591418,1,1,0,0,0,0,212
1591879,0,0,1,1,0,0,212
1592013,1,1,0,0,0,0,212
1592352,0,0,0,1,1,1,212
1592534,0,0,0,0,1,0,212
1592607,0,1,0,1,0,0,212
1592696,1,1,0,0,0,0,212
1592887,1,1,0,0,0,0,212
1593063,1,1,1,1,1,0,212
1593172,1,0,0,1,1,0,212
1593252,0,0,1,1,0,0,212
1593571,0,0,0,0,1,0,212
1593740,0,0,0,0,1,0,212
1593743,0,0,1,1,0,0,212
1593769,1,0,1,0,0,0,212
1594247,0,0,1,1,0,0,212
1594503,1,1,0,0,0,0,212
1594603,0,0,0,0,1,0,212
1594649,0,1,1,0,1,0,212
1594777,1,0,1,0,0,0,212
1594869,0,0,0,0,1,0,212
1594951,0,1,1,0,1,0,212
1594964,0,1,1,0,1,0,212
1595096,1,0,0,1,1,0,212
1595111,0,0,0,0,1,0,212
1595301,1,1,1,1,1,0,212
1595341,0,1,0,1,0,0,212
1595606,1,1,0,0,0,0,212
1595898,0,0,1,1,0,0,212
1596313,1,1,1,1,1,0,212
1596807,1,1,0,0,0,0,212
1596874,1,1,1,1,1,0,212
1596924,1,1,0,0,0,0,212
1597024,1,0,0,1,1,0,212
1597074,1,0,0,1,1,0,212
1597339,1,0,0,1,1,0,212
1597425,0,0,1,1,0,0,212
1597436,0,1,1,0,1,0,212
1597725,0,0,1,1,0,0,212
1598123,0,0,1,1,0,0,212
1598165,1,0,1,0,0,0,212
1598183,0,1,1,0,1,0,212
1598219,0,1,1,0,1,0,212
1598296,1,0,0,1,1,0,212
1598344,0,1,1,0,1,0,212
1598423,0,0,1,1,0,0,212
1598568,0,0,1,1,0,0,212
1598624,0,0,1,1,0,0,212
1598712,0,0,0,0,1,0,212
1599134,1,0,1,0,0,0,212
1599179,1,0,0,1,1,0,212
1599602,0,1,0,1,0,0,212
1599650,0,1,1,0,1,0,212
1599808,1,1,0,0,0,0,212
1600042,1,1,1,1,1,0,212
1600351,1,0,0,1,1,0,212
1600355,0,0,0,1,1,1,212
1600589,1,1,0,0,0,0,212
1600608,0,0,1,1,0,0,212
1600708,1,0,0,1,1,0,212
1600850,0,0,1,1,0,0,212
1600973,1,0,0,1,1,0,212
1601001,1,1,0,0,0,0,212
1601362,0,1,0,1,0,0,212
1601420,1,0,1,0,0,0,212
1601450,0,0,1,1,0,0,212
1601923,1,0,0,1,1,0,212
1601982,1,0,0,1,1,0,212
1602357,1,1,0,0,0,0,212
1602510,0,1,1,0,1,0,212
1602622,0,1,0,1,0,0,212
1602728,1,0,1,0,0,0,212
1602781,0,0,0,0,1,0,212
1602874,1,1,0,0,0,0,212
1602949,1,1,0,0,0,0,212
1603471,1,0,1,1,0,0,212
1603499,0,0,0,0,1,0,212
1603728,0,1,0,1,0,0,212
1603857,1,0,1,0,0,0,212
1604318,1,0,0,1,1,0,212
1604467,0,1,1,0,1,0,212
1604646,0,0,1,1,0,0,212
1604748,0,0,1,1,0,0,212
1605078,0,1,1,0,1,0,212
1605293,1,1,1,1,1,0,212
1605480,1,0,0,1,1,0,212
1605809,1,1,0,0,0,0,212
1605922,0,1,1,0,1,0,212
1606263,0,1,0,1,0,0,212
1606399,1,1,0,0,0,0,212
1606418,0,1,0,1,0,0,212
1606548,1,0,0,1,1,0,212
1606618,0,1,0,1,0,0,212
1606714,1,1,1,1,1,0,212
1606725,0,1,0,1,0,0,212
1606728,1,1,0,0,0,0,212
1606954,0,1,1,0,1,0,212
1607208,0,0,0,0,1,0,212
1607265,1,1,0,0,0,0,212
1607381,0,0,0,0,1,0,212
1607444,0,1,1,0,1,0,212
1607496,0,0,1,1,0,0,212
1607567,0,1,0,1,0,0,212
1607692,1,1,0,0,0,0,212
1608023,1,0,0,1,1,0,212
1609035,0,0,0,0,1,0,212
1609081,0,0,0,0,1,0,212
1609197,1,1,0,0,0,0,212
1609257,1,0,1,0,0,0,212
1609531,1,1,0,0,0,0,212
1609545,0,1,0,1,0,0,212
1609800,1,0,0,1,1,0,212
1609931,1,0,0,1,1,0,212
1610083,0,1,1,0,1,0,212
1610332,1,0,0,1,1,0,212
1610418,1,0,1,0,0,0,212
1610462,0,0,0,0,1,0,212
1610678,1,1,1,1,1,0,212
1610702,0,0,1,1,0,0,212
1611023,0,1,1,0,1,0,212
1611037,1,0,0,0,1,1,212
1611220,1,1,1,1,1,0,212
1611449,0,1,1,0,1,0,212
1611677,0,0,1,1,0,0,212
1611794,0,0,0,0,1,0,212
1611802,0,0,0,0,1,0,212
1612058,0,0,0,0,1,0,212
1612421,1,0,0,1,1,0,212
1612715,0,0,0,0,1,0,212
1612777,0,1,1,0,1,0,212
1613103,0,1,1,0,1,0,212
1613117,0,1,0,1,0,0,212
1613168,0,0,0,0,1,0,212
1613517,0,1,1,0,1,0,212
1613560,0,0,0,0,1,0,212
1613654,0,0,0,0,1,0,212
1613729,0,1,1,0,1,0,212
1614174,1,1,1,1,1,0,212
1614341,0,0,0,0,1,0,212
1614530,0,1,0,1,0,0,212
1614707,0,1,1,0,1,0,212
1615104,1,1,1,1,1,0,212
1615227,1,1,1,1,1,0,212
1615273,1,1,0,0,0,0,212
1615297,1,0,1,0,0,0,212
1615454,1,0,1,0,0,0,212
1615560,0,0,0,0,1,0,212
1615585,0,1,0,1,0,0,212
1615624,0,0,0,0,1,0,212
1615726,1,0,0,1,1,0,212
1615787,1,0,0,1,1,0,212
1615841,0,0,0,0,1,0,212
1615893,1,1,1,1,1,0,212
1615937,0,0,1,1,0,0,212
1615997,0,0,0,0,1,0,212
1616171,0,0,1,1,0,0,212
1616446,0,0,0,0,1,0,212
1616803,1,0,0,1,1,0,212
1617012,1,1,1,1,1,0,212
1617038,1,1,0,0,0,0,212
1617371,0,1,1,0,1,0,212
1617411,1,0,1,0,0,0,212
1617416,1,0,0,1,1,0,212
1617504,0,0,0,0,1,0,212
1617527,1,1,1,1,1,0,212
1617547,0,1,0,1,0,0,212
1617564,1,0,1,0,0,0,212
1617584,1,1,0,0,0,0,212
1617615,0,1,1,0,1,0,212
1617667,0,0,0,0,1,0,212
1618114,0,1,0,1,0,0,212
1618197,1,1,1,1,1,0,212
1618453,0,1,0,1,0,0,212
1618491,1,1,1,1,1,0,212
1618921,1,1,0,1,0,0,212
1619078,1,1,1,1,1,0,212
1619259,1,1,0,0,0,0,212
1619297,1,0,1,0,0,0,212
1619420,1,0,0,1,1,0,212
1619653,0,1,1,0,1,0,212
1619677,0,1,0,1,0,0,212
1620212,0,1,1,0,1,0,212
1620262,0,0,1,1,0,0,212
1620278,1,0,1,0,0,0,212
1620560,1,0,1,0,0,0,212
1620672,0,0,1,1,0,0,212
1620788,1,1,1,1,1,0,212
1620883,1,1,1,1,1,0,212
1621082,1,0,1,0,0,0,212
1621230,0,1,1,0,1,0,212
1621519,0,0,1,1,0,0,212
1621639,0,0,1,1,0,0,212
1621649,0,1,1,0,1,0,212
1621685,0,0,0,0,1,0,212
1621740,1,1,1,1,1,0,212
1621923,0,0,1,1,0,0,212
1621997,0,0,0,0,1,0,212
1622143,0,0,0,0,1,0,212
1622352,0,1,1,0,1,0,212
1622431,1,1,0,0,0,0,212
1622865,0,0,1,1,0,0,212
1623144,0,1,0,1,0,0,212
1623292,0,1,1,0,1,0,212
1623323,1,1,1,1,1,0,212
1623324,1,0,1,0,0,0,212
1623332,1,0,0,1,1,0,212
1623344,0,0,0,0,1,0,212
1623438,1,1,0,0,0,0,212
1623575,1,0,0,1,1,0,212
1624146,1,0,0,1,1,0,212
1624379,0,1,0,1,0,0,212
1624382,1,0,0,1,1,0,212
1624453,0,0,0,0,1,0,212
1624734,1,1,1,1,1,0,212
1625032,0,0,1,1,0,0,212
1625112,1,0,0,1,1,0,212
1625188,0,0,0,0,1,0,212
1625800,0,1,0,1,0,0,212
1626031,0,1,0,1,0,0,212
1626582,0,0,1,1,0,0,212
1626602,0,0,0,0,1,0,212
1626639,0,1,0,1,0,0,212
1627673,0,1,0,1,0,0,212
1627835,0,0,0,0,1,0,212
1628046,0,1,0,1,0,0,212
1628099,1,1,0,0,0,0,212
1628121,1,0,1,0,0,0,212
1628441,0,0,0,0,1,0,212
1628605,0,1,1,0,1,0,212
1628896,0,1,1,0,1,0,212
1629518,1,0,0,1,1,0,212
1629767,0,0,0,0,1,0,212
1630075,0,0,0,0,1,0,212
1630427,1,1,0,0,0,0,212
1630646,0,1,0,1,0,0,212
1630739,0,1,0,1,0,0,212
1630936,1,0,1,0,0,0,212
1631175,1,0,1,0,0,0,212
1631213,1,1,0,0,0,0,212
1631253,0,1,0,1,0,0,212
1631323,0,1,1,0,1,0,212
1631361,0,0,1,1,0,0,212
1631363,0,0,1,1,0,0,212
1631437,0,0,1,1,0,0,212
1631477,0,0,1,1,0,0,212
1631856,0,1,1,0,1,0,212
1631925,0,0,1,1,0,0,212
1632086,0,1,0,1,0,0,212
1632180,1,0,1,0,0,0,212
1632258,0,1,1,0,1,0,212
1632473,1,0,0,1,1,0,212
1632574,0,0,0,0,1,0,212
1632886,1,0,0,1,1,0,212
1633187,1,1,1,1,1,0,212
1633208,1,0,1,0,0,0,212
1633254,1,1,0,0,0,0,212
1633355,1,0,0,0,1,1,212
1633684,1,1,1,1,1,0,212
1634181,0,1,1,0,1,0,212
1634313,1,1,0,0,0,0,212
1634713,0,1,1,0,1,0,212
1634752,1,1,1,1,1,0,212
1634809,0,1,0,1,0,0,212
1634992,1,1,1,1,1,0,212
1635092,0,1,1,0,1,0,212
1635138,1,1,1,1,1,0,212
1635358,1,1,0,0,0,0,212
1635451,0,1,1,0,1,0,212
1635759,1,0,1,0,0,0,212
1635853,0,1,0,1,0,0,212
1636066,0,0,1,1,0,0,212
1636145,0,1,1,0,1,0,212
1636175,0,1,0,1,0,0,212
1636497,0,1,1,0,1,0,212
1636588,0,0,0,0,1,0,212
1636712,0,0,1,1,0,0,212
1637350,0,1,1,0,1,0,212
1637481,0,1,1,0,1,0,212
1637532,1,1,1,1,1,0,212
1637542,0,0,1,1,0,0,212
1637684,1,1,0,0,0,0,212
1638120,0,1,0,1,0,0,212
1638127,1,0,1,0,0,0,212
1638266,1,1,0,0,0,0,212
1638294,0,1,1,0,1,0,212
1638802,1,0,0,1,1,0,108
1638824,1,0,1,0,0,0,108
1639054,0,1,0,1,0,0,108
1639971,0,0,0,0,1,0,108
1640005,0,1,0,1,0,0,108
1640222,1,0,1,1,0,0,108
1640267,1,1,1,1,1,0,108
1641177,0,1,1,0,1,0,108
1641285,0,0,0,0,1,0,108
1641578,1,1,1,1,1,0,108
1642191,0,0,0,0,1,0,108
1642213,1,1,0,0,0,0,108
1643524,1,1,0,1,0,0,108
1643531,1,0,0,1,1,0,108
1643730,0,0,0,0,1,0,108
1643817,0,0,0,0,1,0,108
1643837,1,0,0,1,1,0,108
1643893,1,1,0,0,0,0,108
1644077,1,1,0,0,0,0,108
1644161,1,1,0,0,0,0,108
1644772,0,0,0,0,1,0,108
1645893,0,1,0,1,0,0,108
1645919,0,1,0,1,0,0,108
1646063,0,0,0,0,1,0,108
1646536,1,0,1,0,0,0,108
1646672,0,1,1,0,1,0,108
1646789,1,1,1,1,1,0,108
1646905,0,1,1,0,1,0,108
1647150,0,1,1,0,1,0,108
1647606,0,1,0,1,0,0,108
1647786,1,0,1,0,0,0,108
1648017,0,0,0,0,1,0,108
1648288,1,1,1,1,1,0,108
1648485,0,1,1,0,1,0,108
1649125,0,1,1,0,1,0,108
1649155,0,1,0,1,0,0,108
1649782,1,1,0,0,0,0,108
1650179,1,0,0,1,1,0,108
1650461,0,1,1,1,1,1,108
1650926,0,0,0,0,1,0,108
1651821,0,1,0,1,0,0,108
1651872,0,0,1,1,0,0,108
1651958,1,0,1,0,0,0,108
1652194,1,1,0,0,0,0,108
1652509,0,0,0,0,1,0,108
1652882,1,1,0,0,0,0,108
1653026,0,1,1,0,1,0,108
1653229,1,1,0,0,0,0,108
1653314,1,0,1,0,0,0,108
1653621,1,0,1,0,0,0,108
1653853,0,1,1,0,1,0,108
1654426,0,1,1,0,1,0,108
1654527,1,0,0,1,1,0,108
1654979,0,1,1,0,1,0,108
1655104,1,0,0,1,1,0,108
1655295,1,0,1,0,0,0,108
1655403,1,1,1,1,1,0,108
1655485,0,1,1,0,1,0,108
1655766,1,1,1,1,1,0,108
1656082,0,1,0,1,0,0,108
1657438,1,0,1,0,0,0,108
1658286,0,0,1,1,0,0,108
1658646,0,0,0,0,1,0,108
1658766,0,0,1,1,0,0,108
1658988,1,1,1,1,1,0,108
1659208,1,0,1,0,0,0,108
1659628,1,0,0,1,1,0,108
1660286,0,0,0,0,1,0,108
1660777,0,0,0,0,1,0,108
1660871,0,0,1,1,0,0,108
1660873,0,0,1,1,0,0,108
1660923,0,1,1,0,1,0,108
1661646,0,0,0,0,1,0,108
1661769,1,1,0,0,0,0,108
1662095,1,1,0,0,0,0,108
1662117,1,0,1,0,0,0,108
1662546,1,1,0,0,0,0,108
1662917,0,1,1,0,1,0,108
1663227,1,1,0,0,0,0,108
1663689,0,0,1,1,0,0,108
1664104,1,0,1,0,0,0,108
1664277,1,1,1,1,1,0,108
1665127,0,1,1,0,1,0,108
1665251,1,0,1,0,0,0,108
1665294,0,0,0,0,1,0,108
1665300,0,1,1,0,1,0,108
1665384,0,0,0,0,1,0,108
1665452,1,1,1,1,1,0,108
1665704,0,1,0,1,0,0,108
1665730,1,1,1,1,1,0,108
1666438,1,1,1,1,1,0,108
1666707,0,1,1,0,1,0,108
1667441,0,1,0,1,0,0,108
1667860,0,0,1,1,0,0,108
1668205,0,0,0,0,1,0,108
1668278,0,0,0,0,1,0,108
1668285,0,1,1,0,1,0,108
1668644,0,0,1,0,0,0,108
1668911,1,0,1,0,0,0,108
1669138,0,0,1,1,0,0,108
1669799,1,0,1,0,0,0,108
1669854,0,1,0,1,0,0,108
1670227,0,1,1,0,1,0,108
1670653,1,0,0,1,1,0,108
1670825,0,0,1,1,0,0,108
1671298,0,0,1,1,0,0,108
1671445,1,0,0,1,1,0,108
1671794,0,0,1,1,0,0,108
1671991,1,0,0,1,1,0,108
1672159,0,1,1,0,1,0,108
1672165,1,0,0,1,1,0,108
1672480,0,1,0,1,0,0,108
1672537,1,1,0,0,0,0,108
1672845,1,1,0,0,0,0,108
1673466,1,0,1,0,0,0,108
1673539,1,0,0,1,1,0,108
1673598,0,0,0,0,1,0,108
1673649,1,1,0,0,0,0,108
1674516,0,0,0,0,1,0,108
1675125,0,1,0,1,0,0,108
1675565,0,0,1,1,0,0,108
1675571,1,1,1,1,1,0,108
1675602,1,0,0,1,1,0,108
1675779,1,0,0,1,1,0,108
1676177,1,0,1,0,0,0,108
1676622,0,0,1,1,0,0,108
1677340,1,1,0,0,0,0,108
1677357,1,0,0,1,1,0,108
1677636,1,1,1,1,1,0,108
1677972,0,0,0,0,1,0,108
1678274,1,1,0,0,0,0,108
1678499,0,0,1,1,0,0,108
1678542,1,0,0,1,1,0,108
1678571,1,0,0,1,1,0,108
1679030,0,1,1,0,1,0,108
1679183,0,1,1,0,1,0,108
1679414,0,0,1,1,0,0,108
1679476,0,1,0,1,0,0,108
1679565,0,1,0,1,0,0,108
1679582,0,0,1,1,0,0,108
1679645,0,0,1,1,0,0,108
1679747,1,0,0,1,1,0,108
1680004,1,0,1,0,0,0,108
1680028,1,0,1,0,0,0,108
1680595,1,0,0,1,1,0,108
1681056,1,0,0,1,1,0,108
1681203,1,0,1,0,0,0,108
1681772,0,0,0,1,1,1,108
1681964,0,0,0,0,1,0,108
1682060,0,0,1,0,0,0,108
1682465,0,0,1,1,0,0,108
1682536,0,0,1,1,0,0,108
1683229,0,1,1,0,1,0,108
1683315,1,0,0,1,1,0,108
1683805,1,0,0,1,1,0,108
1683815,1,1,0,0,0,0,108
1684001,1,1,1,1,1,0,108
1684189,0,1,1,0,1,0,108
1684262,1,1,0,0,0,0,108
1684811,1,0,0,1,1,0,108
1684890,1,0,1,0,0,0,108
1685295,1,1,1,1,1,0,108
1686322,0,1,0,1,0,0,108
1686609,0,1,1,0,1,0,108
1686686,0,0,1,1,0,0,108
1686985,1,1,0,0,0,0,108
1687267,1,0,1,0,0,0,108
1687349,1,1,0,0,0,0,108
1687750,1,0,1,0,0,0,108
1688256,1,1,0,0,0,0,108
1688302,1,0,1,0,0,0,108
1688546,1,0,0,1,1,0,108
1688835,1,1,1,1,1,0,108
1689381,0,1,1,0,1,0,108
1689386,0,1,0,1,0,0,108
1689447,1,0,0,1,1,0,108
1690134,1,1,1,1,1,0,108
1692198,0,0,0,0,1,0,108
1692203,0,1,0,1,0,0,108
1692437,1,0,0,1,1,0,108
1692794,1,1,1,1,1,0,108
1693005,1,0,0,1,1,0,108
1693166,0,1,0,1,0,0,108
1693905,0,1,1,0,1,0,108
1694108,1,0,0,1,1,0,108
1694269,1,1,1,1,1,0,108
1694271,0,0,1,1,0,0,108
1694836,1,1,1,1,1,0,108
1695979,1,1,1,1,1,0,108
1696058,1,0,0,0,1,1,108
1696095,0,0,1,1,0,0,108
1696167,0,0,1,1,0,0,108
1696492,1,1,0,0,0,0,108
1697049,0,1,0,1,0,0,108
1697729,0,0,0,0,1,0,108
1698492,0,1,1,0,1,0,108
1699211,1,0,1,0,0,0,108
1699352,0,0,1,1,0,0,108
1699380,0,0,0,0,1,0,108
1700126,0,0,1,1,0,0,108
1700211,0,1,1,0,1,0,108
1700514,0,1,0,1,0,0,108
1701952,0,1,0,1,0,0,108
1702848,1,0,1,0,0,0,108
1703083,1,0,0,1,1,0,108
1703151,1,0,1,1,0,0,108
1704003,1,0,1,0,0,0,190
1704007,0,1,1,0,1,0,190
1704082,1,1,1,1,1,0,190
1704135,0,0,0,0,1,0,190
1704225,1,1,1,1,1,0,190
1704436,1,1,0,0,0,0,190
1704820,1,0,1,0,0,0,190
1704848,0,1,0,1,0,0,190
1705079,0,0,1,1,0,0,190
1705121,0,0,1,1,0,0,190
1705346,1,0,0,1,1,0,190
1705349,1,1,1,0,1,1,190
1705354,1,1,0,0,0,0,190
1705359,1,0,1,0,0,0,190
1705410,1,1,0,0,0,0,190
1705612,1,0,0,1,1,0,190
1705833,1,1,0,0,0,0,190
1705906,1,1,0,0,0,0,190
1705974,1,0,1,0,0,0,190
1706155,1,0,1,0,0,0,190
1706489,0,1,1,0,1,0,190
1707215,0,1,1,0,1,0,190
1707398,1,0,1,0,0,0,190
1707468,1,1,1,1,1,0,190
1707590,0,0,0,0,1,0,190
1707727,0,1,1,0,1,0,190
1707852,0,1,0,1,0,0,190
1708016,1,0,0,1,1,0,190
1708559,0,1,0,1,0,0,190
1708644,1,1,1,1,1,0,190
1708712,0,0,0,0,1,0,190
1709183,0,0,0,0,1,0,190
1709417,1,1,1,1,1,0,190
1709450,1,0,0,1,1,0,190
1709772,0,0,1,1,0,0,190
1709814,1,1,1,1,1,0,190
1710080,0,1,1,0,1,0,190
1710397,1,1,0,0,0,0,190
1710873,1,0,0,1,1,0,190
1710895,1,0,0,1,1,0,190
1710993,1,0,1,0,0,0,190
1710995,0,0,1,1,0,0,190
1711131,0,0,1,1,0,0,190
1711134,0,0,0,0,1,0,190
1711137,1,1,0,0,0,0,190
1711967,0,0,1,1,0,0,190
1712845,0,0,0,0,1,0,190
1713164,0,0,1,1,0,0,190
1713238,1,1,0,0,0,0,190
1713356,0,0,1,1,0,0,190
1713534,1,1,0,0,0,0,190
1713816,1,0,1,0,0,0,190
1713955,1,1,1,1,1,0,190
1714500,0,1,1,0,1,0,190
1714905,1,0,0,1,1,0,190
1715340,1,1,1,1,1,0,190
1715421,0,0,1,1,0,0,190
1716123,0,1,1,0,1,0,190
1716283,0,1,1,0,1,0,190
1716355,1,0,0,1,1,0,190
1716483,0,1,1,0,1,0,190
1716823,1,0,0,1,1,0,190
1716864,1,1,1,1,1,0,190
1716984,0,1,1,0,1,0,190
1717166,0,0,1,1,0,0,190
1717201,1,0,0,1,1,0,190
1717246,0,0,1,1,0,0,190
1717651,0,1,1,0,1,0,190
1718111,1,1,1,1,1,0,190
1718416,0,1,1,0,1,0,190
1718861,1,1,1,1,1,0,190
1719020,0,0,1,1,0,0,190
1719084,0,0,0,0,1,0,190
1719527,0,1,1,0,1,0,190
1719561,1,0,1,0,0,0,190
1719632,1,0,1,0,0,0,190
1719718,0,1,0,1,0,0,190
1719873,0,0,0,0,1,0,190
1720341,1,0,0,1,1,0,190
1720797,1,0,0,1,1,0,190
1720814,0,1,1,0,1,0,190
1721164,0,0,0,0,1,0,190
1721388,1,0,0,1,1,0,190
1721818,1,0,0,1,1,0,190
1722435,1,0,1,0,0,0,190
1722484,0,1,0,1,0,0,190
1722558,0,1,1,0,1,0,190
1722784,0,0,0,0,1,0,190
1722846,1,1,1,1,1,0,190
1722924,0,0,0,0,1,0,190
1724029,0,0,0,0,1,0,190
1724215,0,1,1,0,1,0,190
1724329,0,0,0,0,1,0,190
1724425,0,1,1,0,1,0,190
1724458,1,1,1,1,1,0,190
1724491,0,0,1,1,0,0,190
1724722,0,1,0,1,0,0,190
1724779,0,1,1,0,1,0,190
1724917,0,0,0,0,1,0,190
1724935,0,0,1,1,0,0,190
1726124,1,1,0,0,0,0,190
1726147,1,1,1,1,1,0,190
1726634,0,0,0,0,1,0,190
1726635,1,1,1,1,1,0,190
1726750,1,0,1,0,0,0,190
1726940,1,1,0,0,0,0,190
1727298,1,0,1,0,0,0,190
1727956,1,1,0,0,0,0,190
1728000,0,1,1,0,1,0,190
1728110,0,0,0,0,1,0,190
1728170,0,1,0,1,0,0,190
1728220,0,1,0,1,0,0,190
1728733,0,1,0,1,0,0,190
1728799,0,1,0,1,0,0,190
1729191,0,1,1,0,1,0,190
1730027,0,0,1,1,0,0,190
1730298,1,1,1,1,1,0,190
1730603,0,1,1,0,1,0,190
1730673,0,0,0,0,1,0,190
1730761,1,1,1,1,1,0,190
1730819,1,1,0,0,0,0,190
1730874,1,1,0,0,0,0,190
1730885,1,0,0,1,1,0,190
1731126,0,0,0,0,1,0,190
1731131,0,1,1,0,1,0,190
1731571,0,0,0,0,1,0,190
1731651,0,0,1,1,0,0,190
1731813,1,1,1,1,1,0,190
1731866,0,1,1,0,1,0,190
1732050,0,1,0,1,0,0,190
1732266,1,0,0,1,1,0,190
1732403,1,1,1,1,1,0,190
1733229,0,1,0,1,0,0,190
1733634,1,0,0,1,1,0,190
1733877,1,0,0,1,1,0,190
1733897,0,1,1,0,1,0,190
1734558,0,1,0,1,0,0,190
1734590,1,0,0,1,1,0,190
1734617,0,0,0,0,1,0,190
1734660,0,1,0,1,0,0,190
1735230,0,1,1,0,1,0,190
1735463,0,1,0,1,0,0,190
1735558,1,1,0,0,0,0,190
1735644,0,0,0,0,1,0,190
1735660,1,1,0,0,0,0,190
1735671,1,1,1,1,1,0,190
1735783,1,1,0,0,0,0,190
1735951,0,1,1,0,1,0,190
1736769,1,1,1,1,1,0,190
1737261,0,1,1,0,1,0,190
1737446,1,0,1,0,0,0,190
1737478,1,0,0,1,1,0,190
1737486,1,0,0,1,1,0,190
1738026,1,1,0,0,0,0,190
1738247,1,0,0,1,1,0,190
1738270,1,1,0,0,0,0,190
1738448,1,1,0,0,0,0,190
1738468,0,1,0,1,0,0,190
1738971,1,0,1,0,0,0,190
1739247,1,1,1,1,1,0,190
1739720,1,1,1,1,1,0,190
1740072,0,0,0,0,1,0,190
1740181,1,0,1,0,0,0,190
1740225,1,1,1,1,1,0,190
1740273,0,0,1,1,0,0,190
1740379,1,1,0,0,0,0,190
1740495,1,1,1,1,1,0,190
1740737,0,1,0,1,0,0,190
1740997,0,0,0,0,1,0,190
1741066,1,1,1,1,1,0,190
1741149,0,1,1,0,1,0,190
1741405,1,0,0,1,1,0,190
1741622,0,0,0,0,1,0,190
1741752,1,0,0,1,1,0,190
1741765,0,0,0,0,1,0,190
1741936,0,1,0,1,0,0,190
1742020,1,1,1,1,1,0,190
1742188,1,1,0,0,0,0,190
1742316,1,0,1,0,0,0,190
1742372,1,1,1,1,1,0,190
1742380,0,1,0,1,0,0,190
1742452,0,1,1,0,1,0,190
1742793,0,1,0,1,0,0,190
1742805,0,0,1,1,0,0,190
1742862,1,1,1,1,1,0,190
1743378,0,1,0,1,0,0,190
1743446,0,0,0,0,1,0,190
1743561,0,1,0,1,0,0,190
1743641,0,0,1,1,0,0,190
1743754,1,1,0,0,0,0,190
1744092,0,0,0,0,1,0,190
1744162,1,0,0,1,1,0,190
1744268,1,0,1,0,0,0,190
1744295,0,0,0,0,1,0,190
1744641,1,0,1,0,0,0,190
1744923,0,0,1,1,0,0,190
1744952,0,1,1,0,1,0,190
1745023,1,1,1,1,1,0,190
1745154,0,0,1,1,0,0,190
1745195,0,1,1,0,1,0,190
1745267,1,0,1,0,0,0,190
1745674,0,1,0,1,0,0,190
1745696,0,1,0,1,0,0,190
1745757,1,1,0,0,0,0,190
1745772,1,0,0,1,1,0,190
1745833,0,0,0,0,1,0,190
1746074,0,0,0,0,1,0,190
1746251,0,1,0,1,0,0,190
1746511,0,1,0,1,0,0,190
1746775,1,0,1,0,0,0,190
1747021,0,0,0,0,1,0,190
1747095,0,0,1,1,0,0,190
1747336,1,0,1,0,0,0,190
1747914,0,0,1,1,0,0,190
1748179,0,0,0,0,1,0,190
1748257,0,0,1,1,0,0,190
1748334,1,0,1,0,0,0,190
1748932,0,0,1,1,0,0,190
1749049,1,1,1,1,1,0,190
1749057,1,1,0,0,0,0,190
1749150,1,0,0,1,1,0,190
1749993,0,1,0,1,0,0,190
1750210,0,0,0,0,1,0,190
1750287,1,0,0,1,1,0,190
1750357,1,0,1,0,0,0,190
1750394,0,1,0,1,0,0,190
1750402,1,0,0,1,1,0,190
1750479,0,1,0,1,0,0,190
1750490,1,0,0,1,1,0,190
1750508,0,0,0,0,1,0,190
1750616,0,1,1,0,1,0,190
1750721,1,1,0,0,0,0,190
1750877,0,1,0,1,0,0,190
1751088,0,1,1,0,1,0,190
1751217,0,0,0,0,1,0,190
1751314,0,0,0,0,1,0,190
1751391,0,0,1,1,0,0,190
1751453,0,1,0,1,0,0,190
1751469,1,0,0,1,1,0,190
1751506,1,1,1,1,1,0,190
1751596,1,0,1,0,0,0,190
1751619,0,1,0,1,0,0,190
1751805,1,1,1,1,1,0,190
1752071,1,0,1,0,0,0,190
1752136,0,1,1,0,1,0,190
1752319,0,0,0,0,1,0,190
1752778,1,1,1,1,1,0,190
1752801,1,0,1,0,0,0,190
1752945,0,1,0,0,0,0,190
1753005,1,0,0,0,1,1,190
1753028,0,1,1,0,1,0,190
1753107,0,1,1,0,1,0,190
1753275,1,1,0,0,0,0,190
1753603,0,0,0,0,1,0,190
1753622,0,0,0,0,1,0,190
1753686,0,0,1,1,0,0,190
1753964,1,0,1,0,0,0,190
1753966,1,1,0,0,0,0,190
1754009,1,1,0,0,0,0,190
1754367,0,0,1,1,0,0,190
1754373,0,0,0,0,1,0,190
1754543,0,1,0,1,0,0,190
1754584,0,0,1,1,0,0,190
1754640,0,0,0,0,1,0,190
1754764,1,1,0,0,0,0,190
1754778,1,1,1,1,1,0,190
1754780,0,1,0,1,0,0,190
1755377,0,1,1,0,1,0,190
1755379,0,0,0,0,1,0,190
1755424,0,0,1,1,0,0,190
1755650,1,0,1,0,0,0,190
1755817,0,1,1,0,1,0,190
1755832,0,1,0,1,0,0,190
1755924,1,0,0,1,1,0,190
1756137,0,0,1,1,0,0,190
1756205,0,1,1,0,1,0,190
1756368,1,1,1,1,1,0,190
1756491,1,1,0,0,0,0,190
1756588,0,0,0,0,1,0,190
1756689,0,0,1,1,0,0,190
1756766,1,1,1,1,1,0,190
1756831,1,0,1,0,0,0,190
1756910,0,1,0,1,0,0,190
1757133,1,1,1,1,1,0,190
1758298,0,0,0,1,1,1,190
1758365,0,1,1,0,1,0,190
1758685,0,1,0,1,0,0,190
1758831,0,1,0,1,0,0,190
1758857,0,1,0,1,0,0,190
1758890,0,0,1,1,0,0,190
1759562,0,0,1,1,0,0,190
1759829,1,0,0,1,1,0,190
1759888,0,1,1,0,1,0,190
1759926,0,1,0,1,0,0,190
1760027,1,0,0,1,1,0,190
1760170,1,1,1,1,1,0,190
1760717,0,0,1,1,0,0,190
1760816,1,0,0,1,1,0,190
1760890,0,0,1,1,0,0,190
1760947,1,1,0,0,0,0,190
1761057,0,1,0,1,0,0,190
1761755,0,0,0,0,1,0,190
1761811,0,0,0,0,1,0,190
1762254,0,1,0,1,0,0,190
1762263,1,1,1,1,1,0,190
1762466,1,1,1,1,1,0,190
1762816,0,0,0,0,1,0,190
1763140,0,1,1,0,1,0,190
1763625,1,1,1,1,1,0,190
1763754,0,1,0,1,0,0,190
1763796,0,0,1,1,0,0,190
1763842,1,0,0,1,1,0,190
1763940,1,0,0,1,1,0,190
1763985,1,1,1,1,1,0,190
1764211,1,1,1,1,1,0,190
1764253,1,1,0,0,0,0,190
1764578,1,1,1,1,1,0,190
1764588,0,1,1,0,1,0,190
1764827,0,1,0,1,0,0,190
1765302,0,1,0,1,0,0,190
1765495,0,0,1,1,0,0,190
1765605,1,1,0,0,0,0,190
1765609,1,1,1,1,1,0,190
1766283,0,0,1,1,0,0,190
1766394,0,1,0,1,0,0,190
1766429,0,0,1,1,0,0,190
1766560,0,1,1,0,1,0,190
1766571,1,0,0,1,1,0,190
1766574,0,1,1,0,1,0,190
1766909,0,1,1,0,1,0,190
1767054,1,1,0,0,0,0,190
1767186,1,0,1,0,0,0,190
1767267,1,1,0,0,0,0,190
1767497,1,0,0,1,1,0,190
1767667,1,0,1,0,0,0,190
1767673,0,1,1,0,1,0,190
1767744,1,1,1,1,1,0,190
1767871,1,0,1,0,0,0,190
1768051,0,0,1,1,0,0,190
1768307,1,0,1,1,0,0,190
1768484,0,1,1,0,1,0,190
1768562,1,1,0,0,0,0,190
1768715,1,1,1,1,1,0,190
1768749,1,1,1,1,1,0,190
1768972,1,0,0,1,1,0,190
1769067,1,1,1,1,1,0,190
1769210,1,0,1,0,0,0,190
1769554,1,1,1,1,1,0,207
1769659,0,1,0,1,0,0,207
1769876,0,0,1,1,0,0,207
1769989,1,1,1,1,1,0,207
1770061,1,1,0,0,0,0,207
1770120,0,0,1,1,0,0,207
1770142,0,0,1,1,0,0,207
1770278,0,1,0,1,0,0,207
1770315,0,1,1,0,1,0,207
1770431,0,1,0,1,0,0,207
1770812,1,0,0,1,1,0,207
1770967,1,1,0,0,0,0,207
1771038,1,1,0,0,0,0,207
1771199,1,1,0,0,0,0,207
1771240,0,0,1,1,0,0,207
1771325,1,0,0,1,1,0,207
1771344,0,0,1,1,0,0,207
1771495,1,0,1,0,0,0,207
1771891,0,1,1,0,1,0,207
1772075,1,1,1,1,1,0,207
1772152,1,0,0,1,1,0,207
1772388,1,1,0,0,0,0,207
1772653,0,1,1,0,1,0,207
1772693,0,1,1,0,1,0,207
1772839,0,1,1,0,1,0,207
1772992,0,1,1,0,1,0,207
1773153,1,1,1,1,1,0,207
1773353,0,0,1,1,0,0,207
1773360,1,1,0,0,0,0,207
1773675,1,1,0,0,0,0,207
1773702,0,1,1,0,1,0,207
1773734,0,1,0,1,0,0,207
1773825,0,0,0,0,1,0,207
1774168,1,0,1,0,0,0,207
1774282,1,0,0,0,1,1,207
1774942,0,0,1,1,0,0,207
1775275,0,1,1,0,1,0,207
1775418,1,0,0,1,1,0,207
1775471,1,0,1,1,0,0,207
1775513,1,1,0,0,0,0,207
1776200,1,1,1,1,1,0,207
1776392,1,0,1,0,0,0,207
1776456,0,0,1,1,0,0,207
1776631,0,1,0,1,0,0,207
1776726,1,0,1,0,0,0,207
1777359,1,0,0,1,1,0,207
1777874,1,1,1,1,1,0,207
1778143,0,0,1,1,0,0,207
1778235,0,0,1,1,0,0,207
1778885,1,1,1,1,1,0,207
1778942,0,0,0,0,1,0,207
1779045,0,1,1,0,1,0,207
1779073,1,0,1,0,0,0,207
1779159,1,0,0,1,1,0,207
1779297,0,0,0,0,1,0,207
1779457,0,0,1,1,0,0,207
1779470,1,1,0,0,0,0,207
1779816,1,0,0,1,1,0,207
1779848,0,0,1,1,0,0,207
1780322,0,0,1,1,0,0,207
1780333,1,0,0,1,1,0,207
1780340,0,0,0,0,1,0,207
1780523,0,0,0,0,1,0,207
1780949,0,0,0,0,1,0,207
1780961,1,1,1,1,1,0,207
1781003,1,1,1,1,1,0,207
1781054,0,1,0,1,0,0,207
1781766,1,1,0,0,0,0,207
1782075,1,0,0,0,1,1,207
1782203,0,0,1,1,0,0,207
1782297,1,1,0,0,0,0,207
1782347,0,1,0,1,0,0,207
1782507,0,1,0,1,0,0,207
1782524,0,0,1,1,0,0,207
1782580,1,0,0,1,1,0,207
1782723,1,1,1,1,1,0,207
1782799,0,1,1,0,1,0,207
1782883,0,0,1,1,0,0,207
1782916,1,0,1,0,0,0,207
1783075,1,0,1,0,0,0,207
1783076,1,1,1,1,1,0,207
1783310,1,1,1,1,1,0,207
1783532,1,1,1,1,1,0,207
1783757,1,1,1,1,1,0,207
1783879,1,1,1,1,1,0,207
1783953,0,1,0,1,0,0,207
1784165,1,1,1,1,1,0,207
1784203,0,1,1,0,1,0,207
1784368,1,1,1,1,1,0,207
1784388,0,0,1,1,0,0,207
1784416,1,1,0,0,0,0,207
1784660,1,1,0,0,0,0,207
1784782,1,0,1,0,0,0,207
1784884,1,0,1,0,0,0,207
1785085,1,1,0,0,0,0,207
1785166,0,0,0,0,1,0,207
1785201,0,0,1,1,0,0,207
1785235,0,1,0,1,0,0,207
1785453,1,1,0,0,0,0,207
1785683,0,1,1,0,1,0,207
1785798,0,1,1,0,1,0,207
1785913,1,0,0,1,1,0,207
1786016,1,0,0,0,1,1,207
1786125,0,1,1,0,1,0,207
1786201,0,1,0,1,0,0,207
1786616,0,0,1,1,0,0,207
1787216,1,0,1,0,0,0,207
1787247,1,0,1,0,0,0,207
1787268,1,0,0,1,1,0,207
1787440,0,1,0,0,0,0,207
1787994,1,0,1,0,0,0,207
1788031,1,0,0,1,1,0,207
1788435,0,1,1,0,1,0,207
1788479,0,0,0,0,1,0,207
1788624,0,0,0,0,1,0,207
1788693,0,0,0,0,1,0,207
1788909,0,0,0,0,1,0,207
1788932,1,1,1,1,1,0,207
1788969,1,0,0,1,1,0,207
1789135,1,1,1,1,1,0,207
1789183,1,0,1,0,0,0,207
1789923,0,1,0,1,0,0,207
1790108,0,0,1,1,0,0,207
1790438,1,1,1,1,1,0,207
1790862,0,0,0,0,1,0,207
1791066,0,1,0,1,0,0,207
1791319,0,0,1,1,0,0,207
1791584,0,1,1,0,1,0,207
1791660,1,1,0,0,0,0,207
1791932,1,0,1,0,0,0,207
1792285,1,0,0,1,1,0,207
1792586,1,0,0,1,1,0,207
1792806,0,0,1,1,0,0,207
1792818,1,0,0,1,1,0,207
1792922,0,0,0,1,1,1,207
1793022,0,1,0,1,0,0,207
1793295,1,0,0,1,1,0,207
1794216,0,0,1,1,0,0,207
1794475,0,1,0,1,0,0,207
1794573,1,1,1,1,1,0,207
1794712,0,0,1,1,0,0,207
1794931,1,1,0,0,0,0,207
1795296,0,1,1,0,1,0,207
1795435,0,0,1,1,0,0,207
1795453,1,0,0,1,1,0,207
1795574,0,0,0,0,1,0,207
1795665,1,0,1,0,0,0,207
1796169,1,0,1,0,0,0,207
1796183,0,0,0,0,1,0,207
1796229,1,0,0,1,1,0,207
1796355,0,1,0,1,0,0,207
1796536,0,0,1,1,0,0,207
1796573,1,1,0,0,0,0,207
1796676,0,0,0,0,1,0,207
1796678,0,1,0,1,0,0,207
1796722,0,0,1,1,0,0,207
1796810,0,0,1,1,0,0,207
1796951,1,1,1,1,1,0,207
1797097,0,1,0,1,0,0,207
1797216,0,0,0,0,1,0,207
1797673,0,1,1,0,1,0,207
1797680,0,1,0,1,0,0,207
1797877,0,0,1,1,0,0,207
1797905,1,1,0,0,0,0,207
1798082,1,0,0,1,1,0,207
1798193,1,1,0,0,0,0,207
1798211,0,0,0,0,1,0,207
1798356,0,1,0,1,0,0,207
1798573,0,1,1,0,1,0,207
1798685,1,1,1,1,1,0,207
1799382,0,0,1,1,0,0,207
1799616,0,1,0,1,0,0,207
1799801,0,1,0,1,0,0,207
1800137,0,1,0,0,0,0,207
1800411,0,1,0,1,0,0,207
1800640,0,0,1,1,0,0,207
1800797,1,1,0,0,0,0,207
1800851,1,1,0,0,0,0,207
1800863,1,1,1,1,1,0,207
1800887,1,0,0,1,1,0,207
1801101,1,1,1,1,1,0,207
1801533,1,1,1,1,1,0,207
1801640,1,1,1,1,1,0,207
1801716,0,0,0,0,1,0,207
1801747,1,0,0,1,1,0,207
1801851,1,0,1,0,0,0,207
1801879,1,0,0,1,1,0,207
1802323,0,0,1,1,0,0,207
1802354,0,1,1,0,1,0,207
1802645,1,0,0,1,1,0,207
1802806,0,1,1,0,1,0,207
1802911,0,0,1,1,0,0,207
1802944,0,1,0,1,0,0,207
1802983,0,0,0,0,1,0,207
1803048,1,0,0,1,1,0,207
1803583,1,1,1,1,1,0,207
1804023,0,1,0,1,0,0,207
1804049,1,0,0,1,1,0,207
1804054,0,0,1,1,0,0,207
1804097,0,0,0,0,1,0,207
1804347,0,0,1,1,0,0,207
1804593,0,1,0,0,0,0,207
1804853,1,0,0,0,1,1,207
1804990,1,0,1,0,0,0,207
1805018,0,0,1,1,0,0,207
1805094,0,1,0,1,0,0,207
1805326,0,0,1,1,0,0,207
1805342,0,0,1,1,0,0,207
1805845,1,1,1,1,1,0,207
1805970,0,1,1,0,1,0,207
1805978,1,1,1,1,1,0,207
1806018,1,0,0,1,1,0,207
1806053,1,1,1,1,1,0,207
1806173,0,0,0,0,1,0,207
1806252,0,0,0,0,1,0,207
1807023,1,1,0,0,0,0,207
1807139,0,1,1,0,1,0,207
1807172,0,1,1,0,1,0,207
1807427,0,1,0,1,0,0,207
1807594,0,1,1,0,1,0,207
1807603,1,0,1,0,0,0,207
1808367,0,0,1,1,0,0,207
1808434,1,0,1,0,0,0,207
1808582,1,0,0,1,1,0,207
1808609,0,1,1,0,1,0,207
1808617,1,1,0,0,0,0,207
1808984,0,1,0,1,0,0,207
1809009,1,1,1,1,1,0,207
1809233,0,1,1,0,1,0,207
1809379,0,0,0,0,1,0,207
1809524,0,1,1,0,1,0,207
1809655,0,1,1,0,1,0,207
1809745,0,1,1,0,1,0,207
1809998,1,1,0,0,0,0,207
1810377,0,0,1,1,0,0,207
1810524,1,1,0,0,0,0,207
1811076,0,1,0,1,0,0,207
1811162,0,0,1,1,0,0,207
1811205,0,0,0,0,1,0,207
1811242,0,0,1,0,0,0,207
1811260,1,0,1,0,0,0,207
1811742,0,1,0,1,0,0,207
1811798,0,0,0,0,1,0,207
1812202,1,1,1,1,1,0,207
1812251,1,1,1,1,1,0,207
1812594,1,0,0,1,1,0,207
1812684,0,0,1,1,0,0,207
1813090,0,1,1,0,1,0,207
1813250,1,1,1,1,1,0,207
1813460,0,0,0,0,1,0,207
1813785,1,1,0,0,0,0,207
1814326,1,0,1,0,0,0,207
1814505,0,0,0,0,1,0,207
1815529,0,0,1,1,0,0,207
1816116,0,1,1,0,1,0,207
1816332,0,1,1,0,1,0,207
1816494,0,1,0,1,0,0,207
1816535,0,1,0,1,0,0,207
1816627,1,0,0,1,1,0,207
1817101,0,1,0,1,0,0,207
1817287,1,0,0,1,1,0,207
1817455,0,1,1,0,1,0,207
1817648,1,0,0,1,1,0,207
1818379,0,0,1,1,0,0,207
1818520,0,0,0,0,1,0,207
1818900,0,1,0,1,0,0,207
1819007,1,0,1,0,0,0,207
1819090,1,1,0,0,0,0,207
1819289,0,1,0,1,0,0,207
1819325,1,0,0,1,1,0,207
1819335,0,1,1,0,1,0,207
1819568,0,1,1,0,1,0,207
1820306,1,1,1,1,1,0,207
1820428,0,1,0,1,0,0,207
1820466,1,1,1,1,1,0,207
1820470,1,1,1,1,1,0,207
1820494,1,1,0,0,0,0,207
1820529,1,0,1,0,0,0,207
1820533,1,0,1,0,0,0,207
1820592,0,0,0,0,1,0,207
1820837,1,0,1,0,0,0,207
1820906,1,0,1,0,0,0,207
1821016,0,0,0,0,1,0,207
1821194,0,0,1,1,0,0,207
1821326,1,0,0,1,1,0,207
1821445,1,0,1,0,0,0,207
1821613,0,0,1,1,0,0,207
1821650,1,0,1,0,0,0,207
1821716,1,0,0,1,1,0,207
1822386,0,1,1,0,1,0,207
1822423,1,0,1,0,0,0,207
1822687,0,0,0,0,1,0,207
1822802,0,1,0,1,0,0,207
1822902,0,1,1,0,1,0,207
1822922,0,0,0,0,1,0,207
1823161,0,1,1,0,1,0,207
1823676,1,1,0,0,0,0,207
1823698,0,0,1,1,0,0,207
1823782,1,0,0,1,1,0,207
1823846,0,1,0,1,0,0,207
1823933,0,1,1,0,1,0,207
1824035,0,0,1,1,0,0,207
1824112,0,0,1,1,0,0,207
1824121,1,1,0,0,0,0,207
1824510,1,1,0,0,0,0,207
1824532,1,0,1,0,0,0,207
1825274,1,0,0,1,1,0,207
1825294,0,0,1,1,0,0,207
1825505,1,1,1,1,1,0,207
1825624,1,0,1,0,0,0,207
1825720,1,1,1,1,1,0,207
1825885,1,1,0,0,0,0,207
1826055,1,0,0,1,1,0,207
1826305,1,1,1,1,1,0,207
1826493,1,1,0,0,0,0,207
1826651,0,1,0,1,0,0,207
1826859,0,0,0,0,1,0,207
1826893,0,1,1,0,1,0,207
1827063,0,0,0,0,1,0,207
1828147,1,0,1,0,0,0,207
1828275,1,0,0,1,1,0,207
1828336,0,0,1,1,0,0,207
1828482,0,0,1,1,0,0,207
1828514,1,0,1,0,0,0,207
1828649,1,0,1,0,0,0,207
1828697,1,1,1,1,1,0,207
1828865,1,1,1,1,1,0,207
1828923,0,1,0,1,0,0,207
1828950,0,1,1,0,1,0,207
1829041,1,1,1,1,1,0,207
1829400,1,0,1,0,0,0,207
1829510,1,1,0,0,0,0,207
1829704,0,1,1,1,1,1,207
1829897,1,0,0,1,1,0,207
1829962,1,0,1,0,0,0,207
1830097,0,0,0,0,1,0,207
1830142,1,1,1,1,1,0,207
1830223,0,1,1,0,1,0,207
1830368,0,1,0,1,0,0,207
1830369,0,1,1,0,1,0,207
1830381,0,1,0,1,0,0,207
1830476,0,0,1,1,0,0,207
1830624,1,0,0,1,1,0,207
1830881,1,1,1,1,1,0,207
1831042,0,1,0,1,0,0,207
1831102,1,1,1,1,1,0,207
1831110,0,0,0,0,1,0,207
1831230,0,1,0,1,0,0,207
1831279,1,1,0,0,0,0,207
1831379,1,0,0,1,1,0,207
1831420,0,0,0,0,1,0,207
1831479,1,1,0,0,0,0,207
1831502,1,0,1,0,0,0,207
1831561,1,0,1,0,0,0,207
1831564,1,1,1,1,1,0,207
1831900,0,1,1,0,1,0,207
1831992,0,0,0,0,1,0,207
1832089,1,1,1,1,1,0,207
1832181,0,0,1,1,0,0,207
1832268,0,0,1,1,0,0,207
1832338,0,0,0,0,1,0,207
1832563,1,1,1,1,1,0,207
1832618,1,1,1,1,1,0,207
1833054,0,1,1,0,1,0,207
1833247,0,0,1,1,0,0,207
1833337,0,1,1,0,1,0,207
1833359,0,1,1,0,1,0,207
1833509,1,0,1,0,0,0,207
1833601,1,0,0,1,1,0,207
1833833,0,1,0,1,0,0,207
1833933,0,1,0,1,0,0,207
1833956,1,1,1,1,1,0,207
1834326,0,1,1,0,1,0,207
1834510,1,0,1,0,0,0,207
1834621,0,0,0,0,1,0,207
1834875,1,0,0,1,1,0,207
1835042,1,1,1,1,1,0,105
1835343,0,0,1,1,0,0,105
1835842,0,1,1,0,1,0,105
1836971,1,1,0,0,0,0,105
1837994,1,1,0,0,0,0,105
1838656,0,1,0,1,0,0,105
1838725,1,0,0,1,1,0,105
1838780,1,0,0,1,1,0,105
1838905,0,0,0,0,1,0,105
1839843,0,0,0,0,1,0,105
1840128,1,1,0,0,0,0,105
1840178,1,1,0,0,0,0,105
1840316,1,0,1,0,0,0,105
1840332,0,1,0,1,0,0,105
1840581,0,0,1,1,0,0,105
1840786,0,0,0,0,1,0,105
1840873,1,1,1,1,1,0,105
1841050,1,0,1,0,0,0,105
1841101,1,1,0,0,0,0,105
1843080,1,1,0,0,0,0,105
1843915,1,0,1,0,0,0,105
1844329,1,1,1,1,1,0,105
1844363,1,1,0,0,0,0,105
1844617,0,1,0,1,0,0,105
1845713,0,0,1,1,0,0,105
1845788,1,0,1,0,0,0,105
1846744,0,0,0,0,1,0,105
1846893,1,0,1,0,0,0,105
1846988,0,0,0,0,1,0,105
1847015,1,1,1,0,1,1,105
1847123,0,0,0,0,1,0,105
1847272,0,0,0,0,1,0,105
1847378,1,1,1,1,1,0,105
1847870,1,0,1,0,0,0,105
1847952,1,1,1,1,1,0,105
1848016,0,1,1,0,1,0,105
1849323,1,0,1,0,0,0,105
1850085,1,0,1,0,0,0,105
1850825,0,1,1,0,1,0,105
1851165,1,0,0,1,1,0,105
1851175,1,1,1,1,1,0,105
1851229,1,1,0,0,0,0,105
1851741,1,1,0,0,0,0,105
1852392,0,1,1,0,1,0,105
1853041,0,0,1,1,0,0,105
1854300,1,1,0,0,0,0,105
1854378,0,1,1,0,1,0,105
1855283,1,1,1,1,1,0,105
1856424,0,0,1,1,0,0,105
1856439,1,1,0,0,0,0,105
1856698,1,1,1,1,1,0,105
1857258,0,1,1,0,1,0,105
1857392,1,0,0,1,1,0,105
1857717,0,1,1,0,1,0,105
1858580,0,1,0,1,0,0,105
1859130,1,0,1,0,0,0,105
1859393,1,1,1,1,1,0,105
1859731,1,1,1,1,1,0,105
1860064,1,0,0,1,1,0,105
1860277,1,1,0,0,0,0,105
1860450,1,0,0,1,1,0,105
1860486,1,1,1,1,1,0,105
1860539,1,1,0,0,0,0,105
1860727,0,0,0,0,1,0,105
1861190,1,0,0,1,1,0,105
1861326,1,1,0,0,0,0,105
1861473,1,0,0,1,1,0,105
1861557,0,0,0,0,1,0,105
1862152,1,0,0,1,1,0,105
1862196,1,1,0,0,0,0,105
1862197,0,1,1,0,1,0,105
1862885,0,1,1,0,1,0,105
1863016,0,1,1,0,1,0,105
1863074,1,0,1,0,0,0,105
1863441,0,0,0,0,1,0,105
1863458,1,0,0,1,1,0,105
1864026,0,0,0,0,1,0,105
1865455,0,0,1,0,0,0,105
1865554,0,1,0,1,0,0,105
1865706,1,1,1,1,1,0,105
1866703,0,0,1,1,0,0,105
1866779,0,1,0,1,0,0,105
1866806,1,1,0,0,0,0,105
1867101,0,1,0,1,0,0,105
1867161,0,0,0,0,1,0,105
1867168,0,0,1,1,0,0,105
1867299,1,0,1,0,0,0,105
1867594,1,0,0,1,1,0,105
1867774,0,1,1,0,1,0,105
1867969,1,0,0,1,1,0,105
1868415,0,0,1,1,0,0,105
1868479,0,0,0,0,1,0,105
1868543,0,0,1,1,0,0,105
1869021,0,1,1,0,1,0,105
1869239,0,0,1,1,0,0,105
1869642,1,0,1,0,0,0,105
1869862,1,0,1,0,0,0,105
1870006,0,1,0,1,0,0,105
1870598,0,1,0,1,0,0,105
1870628,0,0,1,1,0,0,105
1870678,0,1,0,1,0,0,105
1871228,1,0,1,0,0,0,105
1872119,1,0,0,1,1,0,105
1872618,0,1,0,1,0,0,105
1872916,1,1,0,0,0,0,105
1872940,0,1,0,0,0,0,105
1872961,0,1,1,0,1,0,105
1873600,0,0,0,0,1,0,105
1874142,1,0,1,0,0,0,105
1874305,1,0,0,1,1,0,105
1874825,1,1,0,0,0,0,105
1875150,0,0,1,1,0,0,105
1875404,0,1,0,1,0,0,105
1876142,0,0,1,1,0,0,105
1876180,0,1,0,0,0,0,105
1876469,0,1,0,1,0,0,105
1877149,1,1,0,0,0,0,105
1877386,1,1,0,0,0,0,105
1878434,1,0,1,0,0,0,105
1878813,0,0,0,0,1,0,105
1879011,0,0,1,1,0,0,105
1879085,0,1,0,1,0,0,105
1879162,0,1,1,0,1,0,105
1879262,0,0,0,0,1,0,105
1879379,1,0,1,0,0,0,105
1879739,1,1,1,1,1,0,105
1879936,0,0,0,0,1,0,105
1880173,1,0,1,0,0,0,105
1880281,0,0,1,1,0,0,105
1880340,0,0,0,0,1,0,105
1880492,1,0,0,1,1,0,105
1880516,1,0,0,1,1,0,105
1880765,1,1,0,0,0,0,105
1881164,1,1,1,1,1,0,105
1882234,1,1,0,0,0,0,105
1882358,0,0,1,1,0,0,105
1882457,1,1,0,0,0,0,105
1882530,0,1,0,1,0,0,105
1882779,1,0,0,1,1,0,105
1882983,0,1,0,1,0,0,105
1883458,0,0,1,1,0,0,105
1884459,1,0,0,1,1,0,105
1884469,1,0,1,0,0,0,105
1885274,0,0,0,0,1,0,105
1885905,0,1,1,0,1,0,105
1886137,0,0,0,0,1,0,105
1886347,1,1,1,1,1,0,105
1887357,0,0,1,1,0,0,105
1887366,1,0,1,0,0,0,105
1887665,0,0,0,0,1,0,105
1887762,0,1,0,1,0,0,105
1887838,1,0,1,0,0,0,105
1887892,0,1,1,0,1,0,105
1888088,1,1,1,1,1,0,105
1888159,0,1,1,0,1,0,105
1888166,1,0,0,1,1,0,105
1888995,1,1,1,1,1,0,105
1889872,0,1,0,1,0,0,105
1890137,1,1,0,0,0,0,105
1890537,1,1,0,0,0,0,105
1890772,0,1,0,1,0,0,105
1890795,1,1,0,0,0,0,105
1891007,0,0,1,1,0,0,105
1891159,1,1,1,1,1,0,105
1891874,1,1,0,0,0,0,105
1892251,0,0,0,0,1,0,105
1892275,1,0,1,0,0,0,105
1892657,0,0,1,1,0,0,105
1892865,1,1,0,0,0,0,105
1893215,1,0,0,1,1,0,105
1893888,1,1,1,1,1,0,105
1893918,0,1,1,0,1,0,105
1894115,0,1,1,0,1,0,105
1894221,0,0,1,1,0,0,105
1894540,1,1,1,1,1,0,105
1894768,1,1,0,0,0,0,105
1895036,1,0,0,1,1,0,105
1895172,0,1,0,1,0,0,105
1897328,0,1,0,0,0,0,105
1897831,0,0,0,0,1,0,105
1898210,1,1,1,1,1,0,105
1898317,1,0,0,1,1,0,105
1898352,0,1,1,0,1,0,105
1898432,1,0,1,0,0,0,105
1898654,0,1,0,1,0,0,105
1898897,1,0,0,1,1,0,105
1899276,0,1,0,1,0,0,105
1899778,0,1,0,1,0,0,105
1900330,1,0,1,0,0,0,105
1900366,0,1,0,1,0,0,105
1900503,1,1,1,1,1,0,105
1900701,1,0,0,1,1,0,77
1900715,1,0,0,1,1,0,77
1900723,0,1,0,1,0,0,77
1901008,0,1,1,0,1,0,77
1901072,1,0,0,1,1,0,77
1901379,1,0,1,0,0,0,77
1902573,1,0,0,1,1,0,77
1902940,0,0,0,0,1,0,77
1902943,0,0,1,1,0,0,77
1903533,0,0,0,0,1,0,77
1903769,1,0,0,1,1,0,77
1903913,0,1,0,1,0,0,77
1904855,0,1,0,1,0,0,77
1904941,0,1,0,1,0,0,77
1905611,0,1,0,1,0,0,77
1905773,1,0,1,0,0,0,77
1905975,1,1,1,1,1,0,77
1906019,1,1,1,1,1,0,77
1906585,0,0,0,0,1,0,77
1906841,1,1,0,0,0,0,77
1907711,0,0,1,1,0,0,77
1908158,1,0,1,0,0,0,77
1908220,1,1,1,1,1,0,77
1909390,0,1,0,1,0,0,77
1909453,1,1,1,1,1,0,77
1909463,1,0,1,0,0,0,77
1910159,0,0,0,0,1,0,77
1910725,0,1,1,0,1,0,77
1911766,0,1,0,1,0,0,77
1913767,1,0,0,1,1,0,77
1914094,0,0,0,0,1,0,77
1914153,1,0,1,0,0,0,77
1914317,0,0,1,1,0,0,77
1914731,0,0,1,1,0,0,77
1914987,1,0,1,0,0,0,77
1915569,0,1,1,0,1,0,77
1915936,1,1,1,1,1,0,77
1916165,0,1,0,1,0,0,77
1916198,1,0,0,1,1,0,77
1917685,1,0,1,0,0,0,77
1918068,0,0,0,0,1,0,77
1919520,1,0,0,1,1,0,77
1919645,0,1,1,0,1,0,77
1920745,1,1,0,0,0,0,77
1921011,0,1,0,1,0,0,77
1922372,0,0,1,1,0,0,77
1922630,0,0,1,1,0,0,77
1923567,1,0,0,1,1,0,77
1924182,0,0,1,1,0,0,77
1924444,1,1,1,1,1,0,77
1924800,1,1,1,0,1,1,77
1924864,1,0,1,0,0,0,77
1925232,0,0,1,1,0,0,77
1925608,0,1,1,0,1,0,77
1925650,0,1,0,1,0,0,77
1925890,0,0,1,1,0,0,77
1927341,0,1,1,0,1,0,77
1928031,0,1,0,1,0,0,77
1928524,0,1,0,1,0,0,77
1928625,0,1,1,0,1,0,77
1929156,1,1,0,0,0,0,77
1929344,1,1,1,1,1,0,77
1929958,1,0,0,1,1,0,77
1930129,0,0,0,0,1,0,77
1930164,0,1,1,0,1,0,77
1930797,0,0,0,0,1,0,77
1930842,0,1,1,0,1,0,77
1930898,1,0,0,1,1,0,77
1932078,0,0,0,0,1,0,77
1932211,0,0,0,0,1,0,77
1932228,1,1,1,1,1,0,77
1932643,1,1,0,0,0,0,77
1933625,0,0,1,1,0,0,77
1933695,0,0,0,0,1,0,77
1934141,0,0,0,0,1,0,77
1934517,1,0,0,1,1,0,77
1935262,0,0,0,0,1,0,77
1935362,0,0,1,1,0,0,77
1935472,0,1,0,0,0,0,77
1935935,1,1,1,1,1,0,77
1935937,1,0,0,1,1,0,77
1935990,1,0,0,1,1,0,77
1936214,1,1,1,1,1,0,77
1936257,1,1,1,1,1,0,77
1936516,0,1,1,1,1,1,77
1936880,1,0,1,0,0,0,77
1937175,1,0,1,0,0,0,77
1937526,1,1,0,1,0,0,77
1937736,1,1,1,1,1,0,77
1939081,0,0,1,1,0,0,77
1939811,1,0,0,1,1,0,77
1940504,0,0,0,0,1,0,77
1940647,0,0,0,0,1,0,77
1941231,0,1,1,0,1,0,77
1942299,1,0,0,1,1,0,77
1942464,1,1,0,1,0,0,77
1942474,0,0,0,0,1,0,77
1942998,1,0,0,1,1,0,77
1943427,0,1,0,1,0,0,77
1943492,0,1,0,1,0,0,77
1944209,0,0,0,0,1,0,77
1944875,1,0,0,1,1,0,77
1945156,1,0,0,1,1,0,77
1947417,0,1,0,1,0,0,77
1949253,0,1,1,0,1,0,77
1949615,0,1,0,1,0,0,77
1949932,0,1,1,0,1,0,77
1951231,1,0,0,1,1,0,77
1952440,0,0,0,0,1,0,77
1954378,0,0,1,1,0,0,77
1954828,1,1,0,0,0,0,77
1955351,0,0,1,1,0,0,77
1958438,0,1,0,1,0,0,77
1958470,1,0,0,1,1,0,77
1959171,1,1,0,0,0,0,77
1959311,0,0,0,0,1,0,77
1959899,1,0,0,1,1,0,77
1960596,0,0,1,1,0,0,77
1961245,1,1,0,0,0,0,77
1961475,1,1,0,0,0,0,77
1962001,1,1,0,0,0,0,77
1962115,0,1,1,0,1,0,77
1962458,1,0,0,1,1,0,77
1962485,1,0,0,1,1,0,77
1962812,1,1,1,1,1,0,77
1963119,0,0,0,0,1,0,77
1963894,1,0,0,1,1,0,77
1966041,0,0,1,1,0,0,77
1966768,0,1,1,0,1,0,79
1966924,0,1,1,0,1,0,79
1967114,1,0,1,0,0,0,79
1968073,0,0,1,1,0,0,79
1968414,1,1,0,0,0,0,79
1968763,0,1,0,1,0,0,79
1968884,1,1,1,1,1,0,79
1969751,0,1,0,1,0,0,79
1970322,0,1,1,0,1,0,79
1971393,1,1,0,0,0,0,79
1972831,0,0,0,0,1,0,79
1973016,0,1,0,1,0,0,79
1973166,0,0,0,0,1,0,79
1973959,0,0,0,0,1,0,79
1974307,0,0,1,1,0,0,79
1974805,0,0,1,1,0,0,79
1975487,1,0,1,0,0,0,79
1975825,1,0,1,0,0,0,79
1976058,1,1,1,1,1,0,79
1976070,0,1,1,0,1,0,79
1976357,1,0,1,0,0,0,79
1977019,1,1,1,1,1,0,79
1977209,1,1,0,0,0,0,79
1977789,1,0,0,1,1,0,79
1978594,0,0,1,1,0,0,79
1979289,1,1,0,0,0,0,79
1980262,1,1,1,1,1,0,79
1980550,1,1,1,1,1,0,79
1981470,1,1,1,1,1,0,79
1981488,0,1,1,0,1,0,79
1982573,0,0,1,1,0,0,79
1982688,1,1,0,0,0,0,79
1983311,1,0,0,1,1,0,79
1983352,1,0,1,0,0,0,79
1984032,1,0,1,0,0,0,79
1984188,0,0,1,1,0,0,79
1984745,0,1,0,1,0,0,79
1985676,1,0,0,1,1,0,79
1987046,0,0,0,0,1,0,79
1987455,1,0,0,1,1,0,79
1988118,1,0,0,1,1,0,79
1988530,0,0,0,0,1,0,79
1988797,0,1,0,1,0,0,79
1989123,1,0,1,0,0,0,79
1989409,1,0,0,1,1,0,79
1990264,1,0,0,1,1,0,79
1990532,0,1,1,0,1,0,79
1990635,0,1,0,1,0,0,79
1990969,0,0,1,1,0,0,79
1991471,0,1,1,0,1,0,79
1992298,0,1,1,1,1,1,79
1992767,0,1,1,0,1,0,79
1992946,0,1,0,1,0,0,79
1993974,0,1,0,1,0,0,79
1994103,0,1,0,1,0,0,79
1994491,0,1,0,1,0,0,79
1995655,0,1,0,1,0,0,79
1996229,1,0,1,0,0,0,79
1996583,0,0,1,1,0,0,79
1996641,0,0,0,0,1,0,79
1996646,0,1,0,1,0,0,79
1997406,1,0,0,1,1,0,79
1997761,1,0,1,0,0,0,79
1998261,0,0,1,1,0,0,79
1998868,1,0,1,0,0,0,79
1999516,0,1,0,1,0,0,79
2000271,1,0,1,0,0,0,79
2000938,1,0,0,1,1,0,79
2001457,1,1,1,1,1,0,79
2001544,1,0,0,1,1,0,79
2002015,1,1,1,1,1,0,79
2002973,1,1,0,1,0,0,79
2003041,0,1,0,1,0,0,79
2003053,1,0,1,0,0,0,79
2003382,1,1,1,1,1,0,79
2003779,1,1,1,1,1,0,79
2004309,1,1,0,1,0,0,79
2004798,1,1,0,0,0,0,79
2005086,0,0,0,0,1,0,79
2005112,1,1,1,1,1,0,79
2005494,1,1,1,1,1,0,79
2005515,1,1,1,1,1,0,79
2006346,1,0,1,0,0,0,79
2006674,1,0,0,1,1,0,79
2007477,1,0,1,0,0,0,79
2007636,0,1,1,0,1,0,79
2008642,0,1,1,0,1,0,79
2009150,1,1,1,1,1,0,79
2009986,0,0,0,0,1,0,79
2010075,1,1,0,0,0,0,79
2010465,1,0,1,0,0,0,79
2010467,1,1,1,1,1,0,79
2010580,1,0,0,1,1,0,79
2010695,1,0,0,1,1,0,79
2011448,1,1,0,0,0,0,79
2011490,1,0,1,0,0,0,79
2011517,1,0,0,1,1,0,79
2012119,1,1,0,0,0,0,79
2013440,0,1,0,1,0,0,79
2013647,0,0,1,1,0,0,79
2013999,1,1,1,1,1,0,79
2014162,1,1,0,0,0,0,79
2015664,0,0,1,1,0,0,79
2015950,0,1,1,0,1,0,79
2016119,1,0,1,0,0,0,79
2016277,0,0,1,1,0,0,79
2016468,1,0,1,0,0,0,79
2016525,1,0,1,0,0,0,79
2017440,0,1,0,1,0,0,79
2017595,0,1,0,1,0,0,79
2018479,0,0,1,1,0,0,79
2018657,0,0,1,1,0,0,79
2018676,1,1,1,1,1,0,79
2019594,0,1,1,0,1,0,79
2019870,1,1,0,0,0,0,79
2021913,1,0,0,1,1,0,79
2022467,0,0,0,0,1,0,79
2023461,0,0,0,0,1,0,79
2024419,1,0,0,1,1,0,79
2025136,1,0,0,1,1,0,79
2025188,0,0,0,0,1,0,79
2025255,0,0,1,1,0,0,79
2026155,1,0,1,0,0,0,79
2027265,1,0,0,0,1,1,79
2027363,1,1,1,1,1,0,79
2027521,0,0,0,0,1,0,79
2027897,1,1,0,0,0,0,79
2028825,1,1,0,0,0,0,79
2029442,1,1,1,1,1,0,79
2030080,1,0,1,0,0,0,79
2032100,1,1,1,0,1,1,69
2032300,1,0,1,0,0,0,69
2032970,0,0,1,1,0,0,69
2033401,0,1,1,0,1,0,69
2034042,1,1,1,1,1,0,69
2034158,0,0,1,1,0,0,69
2034329,1,0,1,0,0,0,69
2034466,0,1,1,0,1,0,69
2034673,1,0,0,1,1,0,69
2034894,1,0,1,0,0,0,69
2035135,0,1,0,1,0,0,69
2035746,1,1,0,0,0,0,69
2036765,0,1,1,0,1,0,69
2037602,1,0,0,1,1,0,69
2037666,1,1,0,0,0,0,69
2038149,0,0,1,1,0,0,69
2038241,1,1,0,1,0,0,69
2038939,1,0,0,1,1,0,69
2039109,1,1,0,0,0,0,69
2040871,0,1,1,0,1,0,69
2040902,0,0,0,0,1,0,69
2041285,1,0,0,1,1,0,69
2041696,1,1,0,0,0,0,69
2042490,0,0,0,0,1,0,69
2043763,1,0,0,1,1,0,69
2044028,0,1,0,1,0,0,69
2044179,1,1,1,1,1,0,69
2044256,0,1,0,1,0,0,69
2044322,1,0,1,0,0,0,69
2044352,1,1,0,0,0,0,69
2044593,0,0,0,0,1,0,69
2044704,0,1,0,1,0,0,69
2045174,1,0,0,1,1,0,69
2045385,1,0,1,0,0,0,69
2045455,1,1,1,1,1,0,69
2047492,1,0,1,0,0,0,69
2047850,0,1,0,1,0,0,69
2049141,0,0,0,0,1,0,69
2049629,1,0,1,1,0,0,69
2049763,1,1,1,1,1,0,69
2050004,0,0,1,1,0,0,69
2050257,0,1,0,1,0,0,69
2050281,1,0,1,0,0,0,69
2050292,0,1,1,0,1,0,69
2050690,0,0,1,1,0,0,69
2050699,1,1,0,0,0,0,69
2050712,1,0,1,0,0,0,69
2051812,1,1,1,1,1,0,69
2053278,0,1,1,0,1,0,69
2053376,1,1,1,1,1,0,69
2054130,0,0,1,1,0,0,69
2054316,0,1,0,1,0,0,69
2055628,1,1,1,1,1,0,69
2055650,1,1,1,1,1,0,69
2056692,0,0,0,0,1,0,69
2057849,0,1,1,0,1,0,69
2057895,0,1,1,0,1,0,69
2058321,0,1,1,0,1,0,69
2058449,0,0,0,1,1,1,69
2058672,1,1,0,0,0,0,69
2059770,1,0,0,1,1,0,69
2060459,1,1,1,1,1,0,69
2060529,0,0,1,1,0,0,69
2060900,0,0,0,0,1,0,69
2061319,0,1,0,1,0,0,69
2061353,1,1,1,1,1,0,69
2061409,1,0,1,0,0,0,69
2061817,0,0,1,1,0,0,69
2062119,0,0,1,1,0,0,69
2062566,1,0,0,1,1,0,69
2063084,1,1,1,1,1,0,69
2063333,0,0,1,1,0,0,69
2063586,0,0,0,0,1,0,69
2063678,1,1,1,1,1,0,69
2063840,0,1,1,0,1,0,69
2063966,0,0,1,1,0,0,69
2064096,0,1,0,1,0,0,69
2064124,0,1,0,1,0,0,69
2064533,1,0,1,0,0,0,69
2064828,1,0,1,0,0,0,69
2065377,0,1,0,1,0,0,69
2066808,1,1,1,1,1,0,69
2067234,0,0,0,0,1,0,69
2067944,1,0,1,0,0,0,69
2068066,0,1,0,1,0,0,69
2068301,0,0,1,1,0,0,69
2069857,1,0,0,1,1,0,69
2069904,1,1,0,0,0,0,69
2069933,1,1,0,0,0,0,69
2070359,1,0,0,1,1,0,69
2070446,1,1,0,0,0,0,69
2070484,0,0,1,1,0,0,69
2071001,0,0,0,0,1,0,69
2073127,0,0,1,1,0,0,69
2073137,0,0,0,0,1,0,69
2073230,0,1,0,1,0,0,69
2073273,1,1,0,0,0,0,69
2073503,0,0,1,1,0,0,69
2075027,0,1,0,1,0,0,69
2075088,0,0,1,1,0,0,69
2075698,0,0,1,1,0,0,69
2076772,0,0,0,0,1,0,69
2076787,0,0,1,1,0,0,69
2076842,1,0,0,0,1,1,69
2079294,0,1,1,0,1,0,69
2079870,1,0,1,0,0,0,69
2080360,0,1,1,0,1,0,69
2081345,0,0,0,0,1,0,69
2081556,0,1,0,1,0,0,69
2081906,0,0,0,0,1,0,69
2082378,1,1,1,1,1,0,69
2082530,1,0,0,1,1,0,69
2084617,0,0,1,1,0,0,69
2085487,1,1,0,0,0,0,69
2085493,0,1,1,0,1,0,69
2085504,0,1,1,0,1,0,69
2086447,1,1,0,0,0,0,69
2086610,0,0,0,0,1,0,69
2087835,0,0,0,0,1,0,69
2089041,1,1,0,0,0,0,69
2090805,1,1,0,0,0,0,69
2091162,0,1,1,0,1,0,69
2091242,1,1,0,0,0,0,69
2091729,1,0,1,0,0,0,69
2091741,0,1,1,0,1,0,69
2091746,0,0,1,1,0,0,69
2092569,0,1,1,0,1,0,69
2092792,0,0,1,1,0,0,69
2093663,1,1,1,1,1,0,69
2094960,0,1,0,1,0,0,69
2095180,1,1,0,0,0,0,69
2095401,0,0,1,1,0,0,69
2095576,0,1,0,1,0,0,69
2095853,1,1,1,1,1,0,69
2096644,0,0,1,1,0,0,69
2096908,0,1,0,1,0,0,69
2097312,0,1,0,1,0,0,118
2097610,0,1,1,0,1,0,118
2097837,0,1,1,0,1,0,118
2098029,1,0,0,1,1,0,118
2098626,0,0,1,1,0,0,118
2098850,1,0,1,0,0,0,118
2099033,0,1,0,0,0,0,118
2099867,0,1,0,1,0,0,118
2099964,1,0,1,0,0,0,118
2100222,0,1,0,1,0,0,118
2100367,0,1,1,0,1,0,118
2101119,0,1,0,1,0,0,118
2101202,0,0,0,0,1,0,118
2101257,1,0,0,1,1,0,118
2101299,1,0,1,0,0,0,118
2101666,0,1,1,0,1,0,118
2101723,1,0,1,0,0,0,118
2101783,0,1,1,0,1,0,118
2101802,1,1,0,0,0,0,118
2102447,0,1,1,0,1,0,118
2102812,0,0,0,0,1,0,118
2103458,0,1,0,1,0,0,118
2103673,0,0,0,0,1,0,118
2104124,1,1,0,0,0,0,118
2104232,1,1,0,0,0,0,118
2104542,0,1,1,0,1,0,118
2104978,0,0,1,1,0,0,118
2105688,0,1,1,0,1,0,118
2106419,1,0,1,0,0,0,118
2106501,0,0,1,1,0,0,118
2106549,1,0,0,1,1,0,118
2106732,1,1,0,0,0,0,118
2106939,0,1,0,1,0,0,118
2107276,0,0,1,1,0,0,118
2107283,0,0,0,0,1,0,118
2107513,0,1,1,0,1,0,118
2108001,0,1,1,0,1,0,118
2108274,0,0,0,0,1,0,118
2108283,0,0,0,0,1,0,118
2108470,0,0,0,0,1,0,118
2108512,0,0,1,1,0,0,118
2108529,0,0,1,1,0,0,118
2108691,1,1,0,0,0,0,118
2108897,1,0,0,1,1,0,118
2110335,1,1,0,0,0,0,118
2110380,0,0,0,0,1,0,118
2110492,0,1,0,1,0,0,118
2110577,1,0,1,0,0,0,118
2110776,0,1,0,1,0,0,118
2111235,1,1,1,1,1,0,118
2111684,1,1,0,0,0,0,118
2111783,0,0,1,1,0,0,118
2112609,0,1,1,0,1,0,118
2113030,1,0,1,0,0,0,118
2113343,0,0,0,0,1,0,118
2113787,1,0,1,0,0,0,118
2114133,0,1,0,1,0,0,118
2114380,0,1,0,1,0,0,118
2114691,0,0,1,1,0,0,118
2115023,0,0,1,1,0,0,118
2115310,1,0,0,1,1,0,118
2115817,1,0,0,1,1,0,118
2116059,1,1,0,0,0,0,118
2116550,1,1,0,0,0,0,118
2117276,0,1,1,0,1,0,118
2117532,1,1,0,0,0,0,118
2117555,0,1,0,1,0,0,118
2117650,0,1,1,0,1,0,118
2117838,1,1,0,0,0,0,118
2118141,0,0,0,0,1,0,118
2118831,0,0,1,1,0,0,118
2119186,0,0,1,1,0,0,118
2119231,1,0,0,1,1,0,118
2119285,1,1,1,1,1,0,118
2119510,1,1,0,0,0,0,118
2120031,0,1,1,0,1,0,118
2120459,0,1,0,1,0,0,118
2121283,0,0,1,1,0,0,118
2121302,0,0,1,1,0,0,118
2121716,1,1,0,0,0,0,118
2121804,1,0,0,1,1,0,118
2121896,1,0,1,0,0,0,118
2122006,0,1,0,1,0,0,118
2122343,1,0,1,0,0,0,118
2122750,0,0,0,0,1,0,118
2123186,0,0,0,0,1,0,118
2123266,1,1,0,0,0,0,118
2123423,1,1,0,0,0,0,118
2124330,0,1,0,1,0,0,118
2124444,1,1,1,1,1,0,118
2125071,0,1,0,1,0,0,118
2125290,0,1,1,0,1,0,118
2125367,0,1,1,0,1,0,118
2125414,0,0,1,1,0,0,118
2125496,0,1,0,1,0,0,118
2126008,0,1,0,1,0,0,118
2126569,1,0,1,0,0,0,118
2126989,0,1,1,0,1,0,118
2127356,0,1,0,1,0,0,118
2127984,0,0,0,0,1,0,118
2128343,1,0,0,1,1,0,118
2128936,1,1,0,0,0,0,118
2129295,1,0,0,1,1,0,118
2129844,0,1,0,1,0,0,118
2129910,0,1,1,0,1,0,118
2130410,1,1,0,0,0,0,118
2131402,0,1,0,1,0,0,118
2131633,0,0,0,0,1,0,118
2131666,0,1,1,0,1,0,118
2131758,0,1,0,1,0,0,118
2132068,1,1,0,0,0,0,118
2132080,1,0,1,0,0,0,118
2132179,0,0,0,0,1,0,118
2132992,1,0,1,0,0,0,118
2133725,0,1,0,1,0,0,118
2133915,0,1,0,1,0,0,118
2134370,1,0,1,0,0,0,118
2134525,0,1,0,1,0,0,118
2134607,0,1,1,0,1,0,118
2134826,1,0,0,1,1,0,118
2134866,0,0,0,0,1,0,118
2135218,1,1,1,1,1,0,118
2135786,1,0,1,0,0,0,118
2135852,0,0,1,1,0,0,118
2136446,0,1,0,0,0,0,118
2136555,0,1,1,0,1,0,118
2136643,1,0,1,0,0,0,118
2136744,1,1,1,1,1,0,118
2137961,1,1,1,1,1,0,118
2138158,0,0,0,0,1,0,118
2138622,0,1,0,1,0,0,118
2139028,1,1,1,1,1,0,118
2139131,1,1,0,0,0,0,118
2139207,1,1,0,0,0,0,118
2140236,1,0,0,1,1,0,118
2140293,0,0,1,1,0,0,118
2140355,1,0,1,0,0,0,118
2140888,0,0,0,0,1,0,118
2140969,1,1,1,1,1,0,118
2141789,1,1,0,0,0,0,118
2141957,0,0,1,1,0,0,118
2141999,1,1,0,0,0,0,118
2142159,0,0,0,0,1,0,118
2142363,0,1,1,0,1,0,118
2143165,1,0,1,0,0,0,118
2143268,1,1,0,0,0,0,118
2143557,0,0,0,0,1,0,118
2143792,0,1,0,1,0,0,118
2144929,1,0,0,1,1,0,118
2144958,0,0,1,1,0,0,118
2144992,0,0,0,0,1,0,118
2145909,0,1,0,1,0,0,118
2145937,0,1,1,0,1,0,118
2146915,0,0,0,0,1,0,118
2148131,1,1,1,1,1,0,118
2148227,0,0,0,1,1,1,118
2148341,0,1,1,0,1,0,118
2148344,1,1,0,0,0,0,118
2149220,1,1,1,1,1,0,118
2149428,1,1,1,1,1,0,118
2149464,0,1,0,1,0,0,118
2149786,0,0,0,0,1,0,118
2150001,1,0,1,0,0,0,118
2151054,0,1,0,1,0,0,118
2151143,1,0,1,1,0,0,118
2151232,1,1,1,1,1,0,118
2152129,1,1,1,1,1,0,118
2152582,1,1,1,1,1,0,118
2152679,0,1,0,1,0,0,118
2153099,1,0,1,0,0,0,118
2153207,1,1,0,0,0,0,118
2153370,1,1,1,1,1,0,118
2153697,0,0,1,1,0,0,118
2153736,1,1,0,0,0,0,118
2154069,0,0,0,0,1,0,118
2154649,0,0,0,0,1,0,118
2154860,1,1,0,0,0,0,118
2154956,0,0,1,1,0,0,118
2155127,0,0,1,1,0,0,118
2155467,1,1,0,0,0,0,118
2155680,1,0,1,0,0,0,118
2155834,0,0,1,1,0,0,118
2156161,0,1,0,1,0,0,118
2156593,0,0,0,0,1,0,118
2156594,1,0,0,1,1,0,118
2157547,0,1,1,0,1,0,118
2159019,0,0,0,0,1,0,118
2159092,1,0,1,0,0,0,118
2159139,1,1,1,1,1,0,118
2159472,1,1,1,1,1,0,118
2160435,1,0,0,1,1,0,118
2161066,1,0,0,1,1,0,118
2161176,0,1,0,1,0,0,118
2161802,0,0,1,1,0,0,118
2161910,1,0,0,1,1,0,118
2161919,0,0,0,0,1,0,118
2162078,0,0,0,0,1,0,118
2162572,0,0,1,1,0,0,118
2164182,0,1,0,1,0,0,90
2164971,0,1,1,0,1,0,90
2165973,1,0,1,0,0,0,90
2166608,1,1,0,0,0,0,90
2166925,1,1,0,0,0,0,90
2167224,1,0,0,1,1,0,90
2167283,1,0,0,1,1,0,90
2167597,0,0,1,1,0,0,90
2168188,1,0,0,1,1,0,90
2168701,1,0,1,0,0,0,90
2169246,0,0,1,1,0,0,90
2169379,1,1,1,1,1,0,90
2169490,0,0,1,1,0,0,90
2169948,1,0,1,0,0,0,90
2170851,0,1,0,1,0,0,90
2172271,0,1,0,1,0,0,90
2172444,1,1,0,0,0,0,90
2173043,0,0,1,1,0,0,90
2173298,0,1,0,1,0,0,90
2173580,0,0,1,1,0,0,90
2173926,0,1,1,0,1,0,90
2174058,1,1,0,0,0,0,90
2174199,0,0,1,1,0,0,90
2174603,1,1,1,1,1,0,90
2174741,1,1,1,1,1,0,90
2175350,0,0,1,1,0,0,90
2175391,0,0,1,1,0,0,90
2175404,1,0,0,1,1,0,90
2175713,0,1,1,0,1,0,90
2175883,0,1,0,1,0,0,90
2175910,1,1,0,0,0,0,90
2176245,1,1,1,1,1,0,90
2176343,1,0,0,1,1,0,90
2176663,1,1,1,1,1,0,90
2176709,0,1,1,0,1,0,90
2176948,0,1,1,0,1,0,90
2177334,0,0,1,1,0,0,90
2177584,0,0,1,1,0,0,90
2178552,0,1,1,0,1,0,90
2178679,1,0,0,1,1,0,90
2178727,0,0,1,1,0,0,90
2178756,1,1,1,1,1,0,90
2178931,1,0,1,0,0,0,90
2179384,0,1,0,1,0,0,90
2180028,1,1,1,1,1,0,90
2181314,0,1,1,0,1,0,90
2181384,0,0,0,0,1,0,90
2181753,1,1,1,1,1,0,90
2181995,1,0,0,1,1,0,90
2182021,1,0,1,0,0,0,90
2182667,0,1,0,1,0,0,90
2183008,0,1,1,0,1,0,90
2183040,1,0,0,1,1,0,90
2183487,1,1,0,0,0,0,90
2183564,0,0,0,0,1,0,90
2185036,1,1,0,0,0,0,90
2185908,0,0,0,0,1,0,90
2186018,1,0,1,0,0,0,90
2186117,0,0,1,1,0,0,90
2186223,0,1,0,1,0,0,90
2186519,1,1,1,1,1,0,90
2187428,0,0,1,1,0,0,90
2187517,1,1,1,1,1,0,90
2188174,0,0,1,1,0,0,90
2188495,0,0,1,1,0,0,90
2188868,1,1,0,0,0,0,90
2189519,1,0,1,0,0,0,90
2189585,1,0,1,0,0,0,90
2189829,0,0,0,0,1,0,90
2189887,1,0,0,1,1,0,90
2190398,0,1,1,0,1,0,90
2190474,0,0,1,1,0,0,90
2190937,0,0,0,0,1,0,90
2191213,1,0,1,0,0,0,90
2191635,1,0,1,0,0,0,90
2192415,1,1,0,0,0,0,90
2192498,1,0,1,0,0,0,90
2192601,1,0,1,0,0,0,90
2193646,0,1,0,1,0,0,90
2193921,1,0,1,0,0,0,90
2194189,1,0,1,0,0,0,90
2194276,0,0,1,1,0,0,90
2195072,1,1,1,1,1,0,90
2195412,0,1,1,0,1,0,90
2195609,1,0,0,1,1,0,90
2195855,1,1,0,0,0,0,90
2195996,1,0,0,1,1,0,90
2196470,1,1,1,1,1,0,90
2196533,0,0,1,1,0,0,90
2196591,1,1,0,0,0,0,90
2196696,1,0,1,0,0,0,90
2196860,1,1,1,1,1,0,90
2197137,1,1,0,0,0,0,90
2197508,0,0,0,0,1,0,90
2198087,0,1,0,1,0,0,90
2198464,1,1,0,0,0,0,90
2199291,0,1,1,0,1,0,90
2199572,0,0,0,0,1,0,90
2200081,1,1,0,0,0,0,90
2200242,1,1,0,0,0,0,90
2200617,1,1,1,1,1,0,90
2201705,0,0,1,1,0,0,90
2201709,1,1,1,1,1,0,90
2201885,0,1,0,1,0,0,90
2203131,1,0,0,1,1,0,90
2203190,1,1,0,0,0,0,90
2203295,1,0,1,0,0,0,90
2204362,1,1,0,1,0,0,90
2205704,0,0,1,1,0,0,90
2205750,0,1,0,1,0,0,90
2205981,0,0,0,0,1,0,90
2206928,0,1,0,1,0,0,90
2207021,1,1,1,1,1,0,90
2207495,1,0,0,1,1,0,90
2207600,0,0,1,1,0,0,90
2207671,1,0,0,1,1,0,90
2208126,1,1,0,0,0,0,90
2208674,1,1,1,1,1,0,90
2209076,1,0,0,1,1,0,90
2209385,0,0,1,1,0,0,90
2209522,0,0,1,1,0,0,90
2209649,1,1,0,0,0,0,90
2209653,1,1,0,0,0,0,90
2209741,0,1,1,0,1,0,90
2209760,1,0,1,0,0,0,90
2210092,1,1,0,0,0,0,90
2210420,0,0,0,1,1,1,90
2211041,1,0,0,1,1,0,90
2211348,1,0,0,1,1,0,90
2212125,0,0,1,1,0,0,90
2212325,0,0,0,0,1,0,90
2213426,1,0,1,0,0,0,90
2213593,0,1,0,1,0,0,90
2213879,1,1,0,0,0,0,90
2213880,1,1,0,0,0,0,90
2213911,1,1,1,1,1,0,90
2214162,0,1,0,1,0,0,90
2214288,0,1,1,0,1,0,90
2214459,0,0,1,1,0,0,90
2214569,0,1,0,1,0,0,90
2214746,1,1,1,1,1,0,90
2215151,1,0,1,0,0,0,90
2215768,1,1,1,1,1,0,90
2215937,0,0,1,1,0,0,90
2216046,1,0,1,0,0,0,90
2216286,0,1,0,1,0,0,90
2216908,1,1,0,0,0,0,90
2216938,0,0,0,0,1,0,90
2217008,0,0,0,0,1,0,90
2218028,0,0,0,0,1,0,90
2218088,1,1,0,0,0,0,90
2218327,1,0,0,1,1,0,90
2218422,0,1,1,0,1,0,90
2219163,1,1,1,1,1,0,90
2220031,1,1,0,0,0,0,90
2220154,1,1,1,1,1,0,90
2220617,1,0,0,1,1,0,90
2220899,1,1,0,0,0,0,90
2220980,1,0,1,0,0,0,90
2221200,1,1,0,0,0,0,90
2221439,0,1,0,1,0,0,90
2222858,0,0,0,0,1,0,90
2223046,1,0,1,0,0,0,90
2223107,1,0,1,0,0,0,90
2223770,1,0,1,0,0,0,90
2223899,0,0,0,0,1,0,90
2225398,1,0,1,0,0,0,90
2226375,1,0,1,0,0,0,90
2226448,1,1,1,1,1,0,90
2227067,0,0,1,1,0,0,90
2227323,1,0,0,1,1,0,90
2228901,1,0,1,0,0,0,81
2229405,0,0,1,1,0,0,81
2230712,0,1,1,0,1,0,81
2232211,0,1,0,1,0,0,81
2232844,0,1,1,0,1,0,81
2233262,1,1,1,1,1,0,81
2233875,0,1,0,1,0,0,81
2233943,0,0,1,1,0,0,81
2234094,0,1,1,0,1,0,81
2234104,0,1,0,1,0,0,81
2234438,0,0,1,1,0,0,81
2234976,1,1,0,0,0,0,81
2235148,0,1,1,0,1,0,81
2235273,1,0,0,1,1,0,81
2235283,1,1,0,0,0,0,81
2236404,0,1,1,0,1,0,81
2237052,0,0,1,1,0,0,81
2237282,1,0,0,0,1,1,81
2237449,1,0,1,0,0,0,81
2237743,0,1,0,1,0,0,81
2237811,1,0,1,0,0,0,81
2237906,1,0,0,1,1,0,81
2238337,0,0,1,1,0,0,81
2238501,1,0,0,1,1,0,81
2238609,0,1,1,0,1,0,81
2238694,0,0,1,1,0,0,81
2239067,0,0,0,0,1,0,81
2239403,0,1,0,1,0,0,81
2240289,1,1,1,1,1,0,81
2241068,1,0,1,0,0,0,81
2241191,0,1,0,1,0,0,81
2241991,0,0,0,0,1,0,81
2243064,0,1,1,0,1,0,81
2244463,0,0,0,0,1,0,81
2244531,1,0,0,1,1,0,81
2245049,0,0,0,0,1,0,81
2245114,1,0,0,1,1,0,81
2245991,0,0,1,1,0,0,81
2246840,1,1,1,1,1,0,81
2246875,1,1,1,1,1,0,81
2247199,0,1,0,1,0,0,81
2247340,1,1,1,1,1,0,81
2247880,1,1,0,0,0,0,81
2248278,0,1,0,1,0,0,81
2249521,1,1,0,0,0,0,81
2249941,1,0,0,1,1,0,81
2250079,0,0,1,1,0,0,81
2250516,1,0,0,1,1,0,81
2250647,0,1,0,1,0,0,81
2250673,1,1,1,1,1,0,81
2250896,0,1,0,1,0,0,81
2251195,1,1,1,1,1,0,81
2251339,0,0,1,1,0,0,81
2252381,1,0,0,1,1,0,81
2252593,0,0,1,1,0,0,81
2252689,1,0,1,0,0,0,81
2253170,0,1,0,1,0,0,81
2253894,0,0,1,1,0,0,81
2254367,1,0,1,0,0,0,81
2254583,1,1,0,0,0,0,81
2254819,0,1,1,0,1,0,81
2255722,1,1,0,0,0,0,81
2255900,1,1,1,1,1,0,81
2255908,1,0,0,1,1,0,81
2256465,1,0,0,1,1,0,81
2256544,1,1,0,0,0,0,81
2256618,1,0,0,1,1,0,81
2256748,0,1,1,0,1,0,81
2256794,1,0,0,1,1,0,81
2256926,0,1,0,1,0,0,81
2258212,0,1,0,1,0,0,81
2258446,0,0,0,0,1,0,81
2258650,0,1,1,0,1,0,81
2259981,0,1,0,1,0,0,81
2260438,1,1,0,0,0,0,81
2261166,0,0,0,0,1,0,81
2261673,0,1,0,1,0,0,81
2261744,0,1,1,0,1,0,81
2262464,0,1,1,0,1,0,81
2262483,0,0,1,1,0,0,81
2262516,0,0,1,1,0,0,81
2262590,0,1,1,0,1,0,81
2262805,0,1,1,0,1,0,81
2262958,0,1,0,1,0,0,81
2263267,0,1,0,1,0,0,81
2263520,0,1,0,1,0,0,81
2263533,0,0,0,0,1,0,81
2264045,0,0,1,1,0,0,81
2264594,1,0,0,1,1,0,81
2264638,0,0,0,0,1,0,81
2264812,0,0,0,0,1,0,81
2265066,1,0,0,1,1,0,81
2265503,1,0,0,1,1,0,81
2265565,1,0,0,1,1,0,81
2265752,0,0,1,1,0,0,81
2265861,0,0,1,1,0,0,81
2265917,1,0,1,0,0,0,81
2266468,0,0,0,0,1,0,81
2266579,1,0,0,1,1,0,81
2267346,1,0,0,1,1,0,81
2267966,0,0,1,1,0,0,81
2268912,1,1,1,1,1,0,81
2269304,0,1,1,0,1,0,81
2270159,0,1,0,1,0,0,81
2270181,0,1,0,1,0,0,81
2270332,0,1,1,0,1,0,81
2270648,1,0,1,0,0,0,81
2270798,1,0,1,0,0,0,81
2271778,0,0,0,0,1,0,81
2271844,0,1,0,1,0,0,81
2272795,0,0,1,1,0,0,81
2272951,1,0,1,0,0,0,81
2273231,0,0,0,0,1,0,81
2273741,0,1,0,1,0,0,81
2273745,1,1,0,0,0,0,81
2274254,0,0,0,0,1,0,81
2274560,1,1,1,1,1,0,81
2274594,0,1,1,0,1,0,81
2275355,0,1,1,0,1,0,81
2276372,1,0,1,0,0,0,81
2276497,1,1,0,0,0,0,81
2276780,1,1,0,0,0,0,81
2276797,0,1,0,1,0,0,81
2276823,0,1,0,1,0,0,81
2276866,1,1,1,1,1,0,81
2277224,0,0,0,0,1,0,81
2277271,1,1,1,1,1,0,81
2277367,1,0,1,0,0,0,81
2277439,1,0,1,0,0,0,81
2277850,0,1,1,0,1,0,81
2278161,0,0,1,1,0,0,81
2278252,0,1,0,1,0,0,81
2278301,1,1,0,0,0,0,81
2278357,1,1,1,1,1,0,81
2279932,1,1,0,0,0,0,81
2280507,0,1,1,0,1,0,81
2280624,1,1,1,1,1,0,81
2280857,1,1,0,0,0,0,81
2280994,1,0,1,0,0,0,81
2281593,0,0,0,0,1,0,81
2282026,1,1,0,0,0,0,81
2282028,0,1,0,1,0,0,81
2283554,1,0,0,1,1,0,81
2283675,0,0,0,0,1,0,81
2283764,1,1,0,0,0,0,81
2283911,1,0,1,0,0,0,81
2284157,0,0,1,1,0,0,81
2285337,0,1,1,0,1,0,81
2285742,0,0,0,0,1,0,81
2285986,1,0,0,1,1,0,81
2286178,1,0,1,0,0,0,81
2286664,0,0,1,1,0,0,81
2286839,0,1,1,0,1,0,81
2287310,1,1,1,1,1,0,81
2287415,1,0,1,0,0,0,81
2289036,1,0,1,0,0,0,81
2290036,1,1,1,1,1,0,81
2290187,1,0,1,0,0,0,81
2291103,0,0,0,0,1,0,81
2294032,1,1,0,0,0,0,92
2294062,0,0,0,0,1,0,92
2294470,1,0,0,1,1,0,92
2294707,1,1,1,1,1,0,92
2295019,1,0,0,1,1,0,92
2295517,1,1,0,0,0,0,92
2295811,0,1,0,1,0,0,92
2296324,1,1,0,0,0,0,92
2296520,1,0,0,1,1,0,92
2296830,1,1,0,0,0,0,92
2296916,1,1,0,1,0,0,92
2296957,1,1,0,0,0,0,92
2297128,0,0,1,1,0,0,92
2297675,1,1,1,1,1,0,92
2297809,0,1,1,0,1,0,92
2299359,0,1,0,1,0,0,92
2300328,0,1,0,1,0,0,92
2300433,1,0,1,0,0,0,92
2300576,1,1,0,0,0,0,92
2300935,1,0,0,1,1,0,92
2301032,1,0,0,1,1,0,92
2301590,0,0,1,1,0,0,92
2302410,1,0,1,1,0,0,92
2302748,1,1,1,1,1,0,92
2303097,0,1,1,0,1,0,92
2303133,1,1,1,1,1,0,92
2303653,0,0,0,0,1,0,92
2304064,1,0,1,0,0,0,92
2305231,0,1,1,0,1,0,92
2305616,0,0,0,0,1,0,92
2306860,0,0,0,0,1,0,92
2306874,1,1,0,0,0,0,92
2306959,0,1,0,1,0,0,92
2307553,1,0,0,1,1,0,92
2308188,0,0,0,0,1,0,92
2308454,1,1,0,0,0,0,92
2308687,0,0,1,1,0,0,92
2309527,1,1,0,0,0,0,92
2309584,1,1,0,0,0,0,92
2309810,0,0,1,1,0,0,92
2310511,0,1,1,0,1,0,92
2310538,0,1,1,0,1,0,92
2310614,1,1,1,1,1,0,92
2310653,1,1,0,0,0,0,92
2310686,1,1,0,0,0,0,92
2311283,1,0,0,1,1,0,92
2312076,1,1,1,1,1,0,92
2312617,1,1,0,0,0,0,92
2312987,1,1,0,0,0,0,92
2313061,0,0,1,1,0,0,92
2313799,0,1,0,1,0,0,92
2314072,0,0,0,0,1,0,92
2314080,0,1,0,1,0,0,92
2314630,0,0,1,1,0,0,92
2314690,1,1,0,0,0,0,92
2314730,1,0,1,0,0,0,92
2315041,0,0,1,1,0,0,92
2315319,1,1,0,0,0,0,92
2315551,0,0,1,1,0,0,92
2315987,1,0,1,0,0,0,92
2316568,0,1,0,1,0,0,92
2317643,1,0,0,1,1,0,92
2317838,1,1,0,1,0,0,92
2318659,0,1,1,0,1,0,92
2319368,0,1,1,0,1,0,92
2320161,0,0,0,0,1,0,92
2320270,1,1,1,1,1,0,92
2320519,1,0,1,0,0,0,92
2320692,0,0,0,1,1,1,92
2320717,0,1,0,1,0,0,92
2321182,1,1,1,1,1,0,92
2321339,1,0,1,0,0,0,92
2322258,1,1,0,0,0,0,92
2322436,0,1,1,0,1,0,92
2322626,0,0,1,1,0,0,92
2322737,1,1,1,1,1,0,92
2323625,1,0,1,0,0,0,92
2323798,0,1,1,0,1,0,92
2324265,1,0,1,0,0,0,92
2324487,1,0,0,1,1,0,92
2325487,1,1,1,1,1,0,92
2325807,0,0,1,1,0,0,92
2325938,0,1,0,1,0,0,92
2326621,1,0,1,0,0,0,92
2326837,0,1,0,1,0,0,92
2326903,0,1,0,1,0,0,92
2326942,0,1,0,1,0,0,92
2327120,1,1,0,0,0,0,92
2327130,0,0,1,1,0,0,92
2327225,0,1,0,1,0,0,92
2327855,1,0,0,1,1,0,92
2327949,1,1,0,0,0,0,92
2329851,1,0,0,1,1,0,92
2329940,0,1,1,0,1,0,92
2330140,0,0,0,0,1,0,92
2330179,0,0,1,1,0,0,92
2330478,1,1,1,1,1,0,92
2330985,1,0,0,1,1,0,92
2331848,0,1,0,1,0,0,92
2332413,1,0,1,0,0,0,92
2332681,1,0,0,1,1,0,92
2332796,1,0,0,1,1,0,92
2333294,0,1,1,0,1,0,92
2333413,0,1,0,1,0,0,92
2333465,1,0,1,0,0,0,92
2334190,1,1,0,0,0,0,92
2334522,0,0,1,1,0,0,92
2334893,1,1,1,1,1,0,92
2335060,1,1,0,0,0,0,92
2335180,1,0,1,0,0,0,92
2335677,1,1,0,0,0,0,92
2336253,0,0,0,0,1,0,92
2336817,0,1,1,0,1,0,92
2337386,1,0,1,0,0,0,92
2337666,0,0,0,0,1,0,92
2337823,0,1,0,1,0,0,92
2338258,0,1,1,0,1,0,92
2338674,1,1,1,1,1,0,92
2339320,1,0,0,1,1,0,92
2340241,1,1,1,1,1,0,92
2340452,0,0,0,0,1,0,92
2340717,1,0,0,1,1,0,92
2341006,0,1,1,0,1,0,92
2341147,1,0,1,0,0,0,92
2341303,0,0,1,1,0,0,92
2341391,1,1,0,0,0,0,92
2341425,1,0,1,0,0,0,92
2341669,1,1,0,0,0,0,92
2341861,1,1,0,0,0,0,92
2342121,1,1,0,0,0,0,92
2342144,1,1,0,0,0,0,92
2342222,0,0,0,0,1,0,92
2342393,1,1,1,1,1,0,92
2342408,1,0,1,0,0,0,92
2342429,1,1,1,1,1,0,92
2342669,1,0,1,0,0,0,92
2343307,1,0,0,1,1,0,92
2343334,0,0,1,1,0,0,92
2344184,0,0,0,0,1,0,92
2344695,0,1,1,0,1,0,92
2345882,1,1,1,1,1,0,92
2346123,0,1,0,1,0,0,92
2346394,0,1,1,0,1,0,92
2346438,1,0,1,0,0,0,92
2346698,1,0,0,1,1,0,92
2346831,1,1,0,0,0,0,92
2347355,0,1,1,0,1,0,92
2347545,0,0,0,0,1,0,92
2347547,1,0,1,0,0,0,92
2347859,0,1,0,1,0,0,92
2348160,1,1,1,1,1,0,92
2350096,0,0,1,1,0,0,92
2350097,1,1,0,0,0,0,92
2350268,0,0,0,0,1,0,92
2351154,1,1,1,1,1,0,92
2351629,0,0,0,0,1,0,92
2351907,0,1,0,1,0,0,92
2352264,1,0,1,0,0,0,92
2352527,0,1,1,0,1,0,92
2352843,0,0,1,1,0,0,92
2352871,0,0,1,1,0,0,92
2353007,0,1,1,0,1,0,92
2353222,0,0,0,0,1,0,92
2353302,1,1,0,0,0,0,92
2353305,0,1,1,0,1,0,92
2353640,1,1,0,0,0,0,92
2353771,1,0,1,0,0,0,92
2354480,0,1,1,0,1,0,92
2354848,0,0,0,0,1,0,92
2354864,1,1,0,0,0,0,92
2355464,1,1,0,0,0,0,92
2355564,1,0,0,1,1,0,92
2355918,1,0,0,1,1,0,92
2356000,0,0,0,0,1,0,92
2356008,0,1,1,0,1,0,92
2356024,0,1,0,1,0,0,92
2356207,0,1,0,1,0,0,92
2356440,1,0,0,1,1,0,92
2356530,0,0,1,1,0,0,92
2356661,0,0,0,0,1,0,92
2356715,0,1,1,0,1,0,92
2356893,1,0,0,1,1,0,92
2356918,0,0,0,1,1,1,92
2357353,1,0,1,0,0,0,92
2357903,0,0,1,1,0,0,92
2358461,0,1,1,0,1,0,92
2358666,0,1,0,1,0,0,92
2359453,1,0,0,1,1,0,134
2359755,1,1,0,0,0,0,134
2360038,0,1,0,1,0,0,134
2360294,1,0,1,0,0,0,134
2360390,0,0,1,1,0,0,134
2361251,1,1,1,1,1,0,134
2361443,1,0,0,1,1,0,134
2361659,1,1,0,0,0,0,134
2361745,1,1,0,0,0,0,134
2361754,0,0,1,1,0,0,134
2361789,0,0,1,1,0,0,134
2362556,1,1,1,1,1,0,134
2362690,0,1,0,1,0,0,134
2362929,0,1,0,1,0,0,134
2363003,1,1,1,1,1,0,134
2363543,1,1,1,1,1,0,134
2365972,0,1,0,1,0,0,134
2366056,0,1,1,0,1,0,134
2366333,1,0,0,1,1,0,134
2366431,0,0,0,0,1,0,134
2366922,1,0,0,1,1,0,134
2367383,0,0,1,1,0,0,134
2367522,1,1,1,1,1,0,134
2368373,1,0,1,0,0,0,134
2368394,0,0,0,0,1,0,134
2368395,0,0,0,0,1,0,134
2368399,0,1,0,1,0,0,134
2368521,0,0,1,1,0,0,134
2368669,1,0,1,0,0,0,134
2369367,1,0,1,0,0,0,134
2369757,1,0,0,1,1,0,134
2370073,0,1,0,1,0,0,134
2370077,1,1,0,0,0,0,134
2370112,1,1,0,0,0,0,134
2370675,1,0,1,0,0,0,134
2370721,1,0,0,1,1,0,134
2370873,1,0,0,1,1,0,134
2371161,1,1,1,1,1,0,134
2371314,0,0,0,0,1,0,134
2371840,0,0,0,0,1,0,134
2372183,1,0,0,1,1,0,134
2372192,0,1,0,1,0,0,134
2372508,1,0,0,1,1,0,134
2372529,0,0,0,0,1,0,134
2372688,1,1,1,1,1,0,134
2372762,0,0,1,1,0,0,134
2372819,0,0,0,0,1,0,134
2373086,1,1,1,1,1,0,134
2373201,1,0,0,1,1,0,134
2373287,1,0,0,1,1,0,134
2373450,1,1,1,1,1,0,134
2374458,0,1,1,0,1,0,134
2374480,1,1,0,0,0,0,134
2374694,0,1,1,0,1,0,134
2375172,0,0,0,0,1,0,134
2375191,0,0,0,0,1,0,134
2375358,1,0,1,0,0,0,134
2375748,0,1,1,0,1,0,134
2375901,0,0,1,1,0,0,134
2375935,0,0,1,0,0,0,134
2376114,1,0,1,0,0,0,134
2376452,1,0,1,0,0,0,134
2376952,1,0,1,0,0,0,134
2377032,1,0,1,1,0,0,134
2377767,1,0,1,0,0,0,134
2378233,0,0,0,0,1,0,134
2378466,0,1,1,0,1,0,134
2378530,0,0,1,1,0,0,134
2378711,1,0,1,0,0,0,134
2378815,0,1,1,0,1,0,134
2379381,0,0,1,1,0,0,134
2379926,0,1,1,0,1,0,134
2380027,1,0,0,1,1,0,134
2380111,1,0,0,1,1,0,134
2380359,0,1,1,0,1,0,134
2380374,1,0,0,1,1,0,134
2381014,0,1,1,0,1,0,134
2381092,1,0,0,1,1,0,134
2381112,0,0,0,0,1,0,134
2381743,1,0,1,0,0,0,134
2382162,0,0,0,0,1,0,134
2382298,0,0,0,0,1,0,134
2382560,1,0,1,0,0,0,134
2382863,1,1,1,1,1,0,134
2383353,1,0,1,0,0,0,134
2383354,1,1,0,0,0,0,134
2383388,1,0,0,1,1,0,134
2383401,1,1,1,1,1,0,134
2383462,0,1,1,0,1,0,134
2383473,1,1,0,0,0,0,134
2383603,1,1,0,0,0,0,134
2383772,0,1,1,0,1,0,134
2384125,0,1,0,1,0,0,134
2384168,1,1,1,1,1,0,134
2384175,1,1,0,0,0,0,134
2384226,1,1,1,1,1,0,134
2384363,1,0,0,1,1,0,134
2384431,0,1,1,0,1,0,134
2384461,1,1,1,1,1,0,134
2384910,1,0,1,0,0,0,134
2385079,1,0,1,0,0,0,134
2385284,0,0,1,1,0,0,134
2385299,0,1,1,0,1,0,134
2385550,0,1,0,1,0,0,134
2386467,1,0,0,1,1,0,134
2386570,0,1,1,0,1,0,134
2387567,1,1,1,1,1,0,134
2387880,0,0,0,0,1,0,134
2388011,1,0,1,0,0,0,134
2388091,0,0,1,1,0,0,134
2388218,0,1,0,1,0,0,134
2388548,0,1,1,0,1,0,134
2388570,0,0,1,1,0,0,134
2388948,1,1,1,1,1,0,134
2389728,0,0,0,1,1,1,134
2389871,1,0,0,1,1,0,134
2389897,0,0,0,0,1,0,134
2391469,1,1,0,0,0,0,134
2391501,1,0,0,1,1,0,134
2391923,1,0,0,1,1,0,134
2392297,1,0,0,1,1,0,134
2392317,0,0,0,0,1,0,134
2392691,0,1,0,1,0,0,134
2392718,1,0,0,1,1,0,134
2392817,1,1,1,1,1,0,134
2392991,0,0,1,1,0,0,134
2393645,1,0,0,1,1,0,134
2394589,1,1,0,0,0,0,134
2395598,1,0,0,1,1,0,134
2395793,1,1,1,1,1,0,134
2395879,1,1,0,0,0,0,134
2395949,1,0,0,0,1,1,134
2397308,0,1,1,0,1,0,134
2397465,0,1,1,0,1,0,134
2397471,1,0,0,1,1,0,134
2397527,1,0,1,0,0,0,134
2397543,0,1,1,0,1,0,134
2397658,1,1,0,0,0,0,134
2398078,1,1,0,1,0,0,134
2398197,1,1,0,0,0,0,134
2398348,1,0,1,0,0,0,134
2398375,0,1,0,1,0,0,134
2398447,0,0,1,1,0,0,134
2398688,0,0,0,0,1,0,134
2398979,1,1,0,0,0,0,134
2399185,1,1,0,0,0,0,134
2399474,1,1,1,1,1,0,134
2399917,0,0,0,0,1,0,134
2400718,0,1,1,0,1,0,134
2400914,0,1,1,0,1,0,134
2401996,0,0,1,1,0,0,134
2402027,1,0,0,1,1,0,134
2402120,0,1,0,1,0,0,134
2402297,1,0,1,0,0,0,134
2402435,0,1,1,0,1,0,134
2402621,1,0,0,1,1,0,134
2403012,1,0,0,1,1,0,134
2403180,0,0,1,1,0,0,134
2403203,1,1,1,1,1,0,134
2403650,1,1,0,0,0,0,134
2403815,0,1,0,1,0,0,134
2403841,0,1,0,1,0,0,134
2403868,1,1,0,0,0,0,134
2403876,0,1,0,1,0,0,134
2403925,0,1,1,0,1,0,134
2403960,1,0,1,0,0,0,134
2404459,0,0,0,0,1,0,134
2404680,0,1,0,1,0,0,134
2405193,1,1,0,0,0,0,134
2405403,1,0,0,1,1,0,134
2405412,0,0,0,0,1,0,134
2405867,0,0,0,0,1,0,134
2405920,1,1,0,0,0,0,134
2406227,1,1,0,0,0,0,134
2406571,0,0,0,0,1,0,134
2406638,0,1,1,0,1,0,134
2406884,0,1,1,0,1,0,134
2407422,0,1,0,1,0,0,134
2407954,0,1,0,1,0,0,134
2407967,0,0,0,0,1,0,134
2408191,1,0,0,1,1,0,134
2408228,0,1,0,1,0,0,134
2408389,1,1,0,0,0,0,134
2408672,1,0,1,0,0,0,134
2408990,0,1,0,1,0,0,134
2409339,1,1,1,1,1,0,134
2409545,1,0,0,1,1,0,134
2410068,0,1,1,1,1,1,134
2410174,0,0,1,1,0,0,134
2410255,0,0,0,0,1,0,134
2410271,1,1,1,1,1,0,134
2410538,0,0,1,0,0,0,134
2410669,0,1,1,0,1,0,134
2410679,1,1,1,1,1,0,134
2410730,0,0,1,1,0,0,134
2411385,0,1,0,1,0,0,134
2411477,0,0,0,0,1,0,134
2411824,1,0,1,0,0,0,134
2412062,0,1,1,0,1,0,134
2412268,0,1,0,1,0,0,134
2412494,1,1,0,0,0,0,134
2412656,0,1,0,1,0,0,134
2412703,0,1,1,0,1,0,134
2412893,0,0,1,1,0,0,134
2412972,0,0,0,0,1,0,134
2412979,1,1,1,1,1,0,134
2413359,0,1,1,0,1,0,134
2414693,0,0,0,0,1,0,134
2414701,0,0,1,1,0,0,134
2414727,0,0,1,1,0,0,134
2415562,0,1,1,0,1,0,134
2415820,1,1,0,0,0,0,134
2416165,0,0,1,1,0,0,134
2416274,0,0,0,0,1,0,134
2416650,0,0,0,0,1,0,134
2416867,1,1,0,0,0,0,134
2417101,0,1,1,0,1,0,134
2417232,1,0,1,0,0,0,134
2417286,0,1,1,0,1,0,134
2417332,1,0,1,0,0,0,134
2417380,0,1,1,1,1,1,134
2417428,1,0,1,0,0,0,134
2417585,1,1,1,1,1,0,134
2417678,1,1,1,0,1,1,134
2417898,1,1,1,1,1,0,134
2418451,0,1,1,0,1,0,134
2418457,0,0,1,1,0,0,134
2418627,1,1,0,0,0,0,134
2419043,0,1,0,1,0,0,134
2419159,1,0,0,1,1,0,134
2419593,0,1,0,1,0,0,134
2419627,0,1,1,0,1,0,134
2420070,1,0,1,0,0,0,134
2420144,1,1,0,0,0,0,134
2420151,1,0,1,0,0,0,134
2420247,0,0,1,1,0,0,134
2420253,1,1,1,1,1,0,134
2420410,1,1,0,0,0,0,134
2420865,0,0,0,0,1,0,134
2422004,0,0,1,1,0,0,134
2422263,0,1,0,1,0,0,134
2423215,1,0,1,0,0,0,134
2423673,0,0,1,1,0,0,134
2423947,0,1,1,0,1,0,134
2424125,1,0,1,0,0,0,134
2425105,1,0,0,1,1,0,54
2426878,1,1,1,1,1,0,54
2427640,0,0,0,0,1,0,54
2428146,1,0,0,1,1,0,54
2428624,1,0,0,1,1,0,54
2429620,0,1,0,1,0,0,54
2430014,0,1,1,1,1,1,54
2430257,0,1,0,1,0,0,54
2430555,1,0,0,1,1,0,54
2432038,1,1,0,0,0,0,54
2432116,0,0,1,1,0,0,54
2433047,1,0,1,0,0,0,54
2433727,0,0,0,0,1,0,54
2434214,1,1,0,0,0,0,54
2435041,0,1,1,0,1,0,54
2435056,0,0,0,0,1,0,54
2435159,0,0,0,0,1,0,54
2435500,0,0,1,1,0,0,54
2435548,0,0,1,1,0,0,54
2436516,0,1,1,0,1,0,54
2437977,0,1,0,1,0,0,54
2439374,1,1,0,0,0,0,54
2440051,0,1,0,1,0,0,54
2440242,0,1,1,0,1,0,54
2440487,1,0,1,0,0,0,54
2440737,1,1,0,0,0,0,54
2441311,1,1,1,1,1,0,54
2441517,1,0,0,0,1,1,54
2442614,0,0,1,1,0,0,54
2442703,1,1,0,0,0,0,54
2442975,0,1,1,1,1,1,54
2443165,0,0,0,0,1,0,54
2443971,0,1,1,0,1,0,54
2445487,0,1,1,0,1,0,54
2448039,0,1,0,1,0,0,54
2449714,0,1,1,1,1,1,54
2449856,1,1,0,0,0,0,54
2450063,0,1,0,1,0,0,54
2450200,1,1,1,1,1,0,54
2451375,1,1,1,1,1,0,54
2451402,1,0,1,0,0,0,54
2451596,0,0,0,0,1,0,54
2452272,0,0,0,1,1,1,54
2452615,1,0,1,0,0,0,54
2453035,0,0,1,1,0,0,54
2453721,1,1,1,1,1,0,54
2453975,1,1,1,1,1,0,54
2453982,1,0,1,0,0,0,54
2454349,0,0,1,1,0,0,54
2455379,1,1,1,1,1,0,54
2455812,1,1,0,0,0,0,54
2456519,0,1,0,1,0,0,54
2457269,1,0,1,0,0,0,54
2457372,1,1,0,0,0,0,54
2457671,0,0,1,1,0,0,54
2458204,0,1,0,1,0,0,54
2458679,1,0,0,1,1,0,54
2458906,0,0,0,0,1,0,54
2459128,0,1,1,0,1,0,54
2459433,0,0,0,0,1,0,54
2459816,1,1,0,0,0,0,54
2459967,0,1,0,1,0,0,54
2460315,1,0,1,0,0,0,54
2461402,1,0,0,1,1,0,54
2462654,1,1,1,1,1,0,54
2463118,1,0,0,1,1,0,54
2463854,1,1,1,1,1,0,54
2464127,0,0,1,1,0,0,54
2464174,0,0,1,1,0,0,54
2465238,1,1,0,0,0,0,54
2466559,0,0,0,0,1,0,54
2466793,1,1,0,0,0,0,54
2467300,0,0,0,0,1,0,54
2467634,0,0,0,0,1,0,54
2467664,1,1,1,1,1,0,54
2467998,1,0,0,1,1,0,54
2469006,1,1,0,0,0,0,54
2469031,0,0,0,0,1,0,54
2469172,1,0,0,1,1,0,54
2469222,1,0,1,0,0,0,54
2469780,0,1,0,1,0,0,54
2469955,0,1,0,1,0,0,54
2470507,0,0,1,1,0,0,54
2471172,0,0,1,1,0,0,54
2471681,0,0,1,1,0,0,54
2471909,1,1,1,1,1,0,54
2472547,1,0,0,1,1,0,54
2473804,1,1,0,0,0,0,54
2474021,1,0,1,0,0,0,54
2474602,0,1,0,1,0,0,54
2475332,1,1,0,0,0,0,54
2476280,0,0,0,0,1,0,54
2476892,1,1,1,1,1,0,54
2477136,0,1,0,1,0,0,54
2477508,1,1,1,1,1,0,54
2477903,0,1,1,0,1,0,54
2478407,1,0,1,0,0,0,54
2478561,1,0,1,0,0,0,54
2480114,1,0,0,1,1,0,54
2480509,0,0,0,0,1,0,54
2480789,0,1,1,0,1,0,54
2481430,0,0,0,0,1,0,54
2482632,0,1,1,0,1,0,54
2483358,0,1,0,1,0,0,54
2486310,0,1,1,0,1,0,54
2486665,1,0,1,0,0,0,54
2486831,1,1,0,0,0,0,54
2486854,0,1,1,0,1,0,54
2487295,1,0,1,0,0,0,54
2488635,1,1,1,1,1,0,54
2489367,0,1,1,1,1,1,54
2490614,0,1,1,0,1,0,70
2491366,1,1,0,0,0,0,70
2491455,0,1,1,0,1,0,70
2491871,0,0,0,0,1,0,70
2492587,1,0,1,0,0,0,70
2493356,1,0,0,1,1,0,70
2494287,0,1,0,1,0,0,70
2494915,1,1,1,1,1,0,70
2495114,0,1,0,1,0,0,70
2495253,1,0,0,1,1,0,70
2495578,1,1,0,0,0,0,70
2495784,0,0,1,1,0,0,70
2496080,0,1,0,1,0,0,70
2496420,0,0,0,0,1,0,70
2496973,1,1,0,0,0,0,70
2497836,0,1,1,0,1,0,70
2499253,0,0,0,0,1,0,70
2499810,1,0,0,1,1,0,70
2501173,0,1,0,1,0,0,70
2501458,0,0,0,0,1,0,70
2502154,0,0,1,0,0,0,70
2503691,1,1,1,1,1,0,70
2504375,0,1,1,0,1,0,70
2504785,1,0,1,0,0,0,70
2505022,0,0,1,1,0,0,70
2505863,1,0,0,1,1,0,70
2505968,1,0,0,1,1,0,70
2506424,0,0,1,1,0,0,70
2507813,0,1,0,1,0,0,70
2507846,1,1,0,0,0,0,70
2508011,1,0,1,0,0,0,70
2508093,0,0,0,0,1,0,70
2508518,1,0,1,0,0,0,70
2509291,0,0,0,0,1,0,70
2511474,0,0,1,1,0,0,70
2512074,1,1,0,0,0,0,70
2512125,1,1,1,1,1,0,70
2512361,0,1,1,0,1,0,70
2512454,0,0,0,0,1,0,70
2513524,1,0,1,0,0,0,70
2513594,0,1,1,0,1,0,70
2513758,1,0,1,0,0,0,70
2514502,0,1,1,0,1,0,70
2514519,0,1,0,1,0,0,70
2514627,0,0,1,1,0,0,70
2514724,0,0,1,1,0,0,70
2515227,0,1,0,1,0,0,70
2515289,1,1,0,0,0,0,70
2515392,1,1,0,0,0,0,70
2515492,1,1,1,1,1,0,70
2516279,0,1,1,0,1,0,70
2516606,1,1,0,0,0,0,70
2516952,0,1,1,0,1,0,70
2517932,1,1,0,0,0,0,70
2518841,0,1,1,0,1,0,70
2518990,1,0,1,0,0,0,70
2519456,1,0,1,0,0,0,70
2519540,0,1,1,0,1,0,70
2520565,0,0,1,1,0,0,70
2521322,1,1,1,1,1,0,70
2521550,1,1,0,0,0,0,70
2522348,0,1,1,0,1,0,70
2522576,1,0,1,1,0,0,70
2523819,0,1,0,1,0,0,70
2525130,1,1,1,1,1,0,70
2525286,1,0,1,0,0,0,70
2525906,0,1,1,0,1,0,70
2526305,0,1,0,1,0,0,70
2526328,1,0,0,1,1,0,70
2526345,1,1,0,0,0,0,70
2526670,0,1,1,0,1,0,70
2527676,1,0,1,0,0,0,70
2528587,1,1,0,0,0,0,70
2528621,1,0,0,1,1,0,70
2528855,1,0,1,0,0,0,70
2529536,0,1,0,1,0,0,70
2530095,0,1,0,1,0,0,70
2530216,1,1,0,0,0,0,70
2530228,0,0,1,1,0,0,70
2530440,1,1,0,0,0,0,70
2530465,0,0,0,0,1,0,70
2530514,1,1,1,1,1,0,70
2531119,1,0,0,1,1,0,70
2532337,1,0,1,0,0,0,70
2533192,1,0,0,1,1,0,70
2533949,0,0,1,1,0,0,70
2534219,1,0,0,1,1,0,70
2535078,1,0,1,0,0,0,70
2535970,0,0,1,1,0,0,70
2536043,0,1,1,0,1,0,70
2537200,0,0,0,0,1,0,70
2537368,1,0,0,1,1,0,70
2537872,1,1,1,1,1,0,70
2537936,1,0,0,1,1,0,70
2538507,0,0,0,0,1,0,70
2538738,1,0,0,1,1,0,70
2539325,1,1,1,1,1,0,70
2539525,0,0,0,0,1,0,70
2540032,1,0,1,0,0,0,70
2540238,0,1,1,0,1,0,70
2540604,1,1,1,1,1,0,70
2540928,1,0,1,0,0,0,70
2541605,1,1,0,0,0,0,70
2542168,0,1,1,0,1,0,70
2542364,1,1,1,1,1,0,70
2542983,1,1,1,1,1,0,70
2543431,1,1,0,0,0,0,70
2543792,0,1,0,1,0,0,70
2544238,1,0,1,0,0,0,70
2544251,0,1,1,0,1,0,70
2544269,0,1,0,1,0,0,70
2545624,0,1,0,1,0,0,70
2545729,1,0,1,0,0,0,70
2545750,0,0,0,0,1,0,70
2547470,1,0,0,1,1,0,70
2548051,0,0,1,1,0,0,70
2548134,1,1,0,0,0,0,70
2548852,1,1,1,1,1,0,70
2548902,0,1,1,0,1,0,70
2549131,0,1,0,1,0,0,70
2549776,1,1,1,1,1,0,70
2549803,0,1,1,0,1,0,70
2550564,1,1,0,0,0,0,70
2551036,0,1,0,1,0,0,70
2552064,0,0,1,1,0,0,70
2552293,0,0,0,0,1,0,70
2552906,1,0,0,0,1,1,70
2553311,1,0,1,0,0,0,70
2554704,1,1,0,0,0,0,70
2555043,0,0,1,1,0,0,70
2555590,1,0,0,1,1,0,70
2556112,0,1,0,1,0,0,73
2556389,1,0,0,1,1,0,73
2556639,0,0,0,0,1,0,73
2556649,0,0,0,0,1,0,73
2557614,1,1,0,0,0,0,73
2557894,1,0,0,1,1,0,73
2559104,0,0,1,1,0,0,73
2559335,0,1,1,0,1,0,73
2560244,1,0,1,0,0,0,73
2560379,1,1,0,0,0,0,73
2561081,1,1,1,1,1,0,73
2561575,0,1,1,0,1,0,73
2561674,0,1,1,0,1,0,73
2562450,0,1,1,0,1,0,73
2564412,0,0,1,0,0,0,73
2564418,0,0,1,1,0,0,73
2565265,0,0,0,0,1,0,73
2565519,0,1,0,1,0,0,73
2565570,1,1,1,1,1,0,73
2565857,1,0,0,1,1,0,73
2566401,0,1,0,1,0,0,73
2566705,1,0,0,1,1,0,73
2567420,1,0,1,0,0,0,73
2567421,0,0,1,1,0,0,73
2567613,0,0,0,0,1,0,73
2567993,1,1,1,1,1,0,73
2568000,1,1,1,0,1,1,73
2569312,1,0,1,0,0,0,73
2569524,0,1,0,1,0,0,73
2569633,1,0,1,0,0,0,73
2571330,1,1,0,0,0,0,73
2572164,0,1,1,0,1,0,73
2572831,0,1,0,1,0,0,73
2572862,0,0,0,0,1,0,73
2573059,0,1,1,0,1,0,73
2573516,1,1,1,1,1,0,73
2575059,0,0,1,1,0,0,73
2575119,1,0,0,1,1,0,73
2575144,1,0,1,1,0,0,73
2575775,1,1,1,1,1,0,73
2576652,0,1,0,1,0,0,73
2576967,1,0,0,1,1,0,73
2577134,1,0,1,0,0,0,73
2577725,1,0,0,1,1,0,73
2578537,0,0,1,1,0,0,73
2580163,1,0,1,0,0,0,73
2580318,0,1,1,0,1,0,73
2581238,1,0,1,0,0,0,73
2581533,0,1,1,0,1,0,73
2581550,0,1,0,1,0,0,73
2582058,0,0,0,0,1,0,73
2582114,1,0,1,0,0,0,73
2582412,1,0,0,1,1,0,73
2582599,0,1,0,1,0,0,73
2583020,0,1,0,1,0,0,73
2584389,1,0,0,1,1,0,73
2584658,0,1,1,0,1,0,73
2584775,0,0,0,0,1,0,73
2585502,0,0,0,0,1,0,73
2585834,0,0,1,1,0,0,73
2586008,1,0,0,1,1,0,73
2586436,0,1,0,1,0,0,73
2587000,1,1,1,1,1,0,73
2587015,1,1,1,1,1,0,73
2587730,1,1,0,0,0,0,73
2588386,1,1,0,0,0,0,73
2588522,0,1,1,0,1,0,73
2588962,0,0,1,1,0,0,73
2589381,0,0,0,0,1,0,73
2589799,0,1,0,1,0,0,73
2589948,1,1,0,0,0,0,73
2590037,1,1,1,1,1,0,73
2590486,0,0,1,1,0,0,73
2590540,1,1,0,0,0,0,73
2590550,0,0,1,1,0,0,73
2590804,0,0,0,0,1,0,73
2591261,1,0,0,1,1,0,73
2592385,0,1,1,0,1,0,73
2592911,1,0,0,1,1,0,73
2592913,1,1,1,1,1,0,73
2592966,0,0,1,1,0,0,73
2593420,0,1,1,0,1,0,73
2593713,1,0,1,0,0,0,73
2593830,0,0,1,1,0,0,73
2593891,1,1,1,1,1,0,73
2594220,0,1,0,1,0,0,73
2594233,1,0,0,1,1,0,73
2594249,1,0,1,0,0,0,73
2595178,0,1,1,0,1,0,73
2595219,0,0,0,0,1,0,73
2595233,0,0,1,1,0,0,73
2595279,0,1,1,0,1,0,73
2596565,1,1,1,1,1,0,73
2597912,0,1,1,0,1,0,73
2598121,1,0,0,1,1,0,73
2598234,1,0,1,0,0,0,73
2598358,1,1,1,1,1,0,73
2598620,0,1,1,0,1,0,73
2599945,1,0,1,0,0,0,73
2600079,0,1,1,0,1,0,73
2600116,0,0,1,1,0,0,73
2600383,1,0,1,0,0,0,73
2600806,0,0,0,0,1,0,73
2600980,1,1,1,1,1,0,73
2601388,0,0,0,0,1,0,73
2601542,0,0,1,1,0,0,73
2601588,0,0,0,0,1,0,73
2601694,0,1,1,0,1,0,73
2601804,0,0,0,0,1,0,73
2602142,1,0,1,0,0,0,73
2602400,1,0,0,1,1,0,73
2602716,0,0,0,0,1,0,73
2603656,1,1,1,1,1,0,73
2603724,0,1,1,0,1,0,73
2604419,0,1,0,1,0,0,73
2604513,0,0,0,0,1,0,73
2604667,1,0,1,0,0,0,73
2605386,1,0,1,0,0,0,73
2605650,0,0,0,0,1,0,73
2607170,0,0,1,1,0,0,73
2607279,1,1,1,1,1,0,73
2607952,0,1,0,1,0,0,73
2608339,0,0,1,1,0,0,73
2608726,1,0,1,0,0,0,73
2608841,1,0,1,0,0,0,73
2608883,1,1,1,1,1,0,73
2609017,0,0,1,1,0,0,73
2609035,1,1,1,1,1,0,73
2609089,1,0,0,1,1,0,73
2610778,1,1,1,1,1,0,73
2610981,1,1,0,0,0,0,73
2612019,1,0,0,1,1,0,73
2612144,0,1,0,1,0,0,73
2612504,0,0,1,1,0,0,73
2612544,1,0,0,1,1,0,73
2612750,1,0,0,1,1,0,73
2613328,1,0,0,1,1,0,73
2614891,0,0,1,1,0,0,73
2615665,0,1,0,1,0,0,73
2616451,0,0,0,0,1,0,73
2617121,1,1,1,1,1,0,73
2617363,0,0,0,0,1,0,73
2617775,1,0,1,0,0,0,73
2618768,1,1,1,1,1,0,73
2618859,1,1,0,0,0,0,73
2619971,0,1,0,1,0,0,73
2620087,0,1,1,0,1,0,73
2620101,0,1,1,0,1,0,73
2620659,0,1,1,0,1,0,73
2621060,0,0,1,1,0,0,73
2621436,1,1,1,1,1,0,73
2622028,1,1,0,0,0,0,132
2622192,0,1,0,1,0,0,132
2622548,1,1,0,0,0,0,132
2622565,0,0,1,1,0,0,132
2622616,1,0,0,1,1,0,132
2623379,1,0,1,0,0,0,132
2623853,1,1,1,1,1,0,132
2624285,1,0,0,1,1,0,132
2624711,0,0,1,1,0,0,132
2624781,0,0,0,0,1,0,132
2625026,0,0,0,0,1,0,132
2625196,1,0,0,1,1,0,132
2625403,0,0,1,1,0,0,132
2625736,1,0,0,1,1,0,132
2625749,1,0,0,1,1,0,132
2626122,1,1,0,0,0,0,132
2626171,0,1,1,0,1,0,132
2626225,1,0,1,0,0,0,132
2626318,1,0,0,1,1,0,132
2626682,0,1,1,0,1,0,132
2626978,0,0,0,0,1,0,132
2627051,1,0,0,1,1,0,132
2627823,0,1,0,1,0,0,132
2628481,1,0,1,0,0,0,132
2628556,1,1,1,1,1,0,132
2628791,0,1,0,1,0,0,132
2628945,1,0,1,0,0,0,132
2629638,1,0,0,1,1,0,132
2629832,0,1,1,0,1,0,132
2629992,1,0,0,1,1,0,132
2630046,0,0,1,1,0,0,132
2630616,0,0,1,1,0,0,132
2630877,1,0,1,0,0,0,132
2630987,1,0,0,1,1,0,132
2631051,1,1,0,0,0,0,132
2631709,1,0,0,1,1,0,132
2631717,1,0,1,0,0,0,132
2632314,0,0,1,1,0,0,132
2632511,0,1,1,0,1,0,132
2633069,0,0,1,1,0,0,132
2633371,0,0,1,1,0,0,132
2633541,1,1,0,0,0,0,132
2633854,0,1,1,0,1,0,132
2633961,1,1,0,1,0,0,132
2634152,1,0,0,1,1,0,132
2634204,0,1,1,0,1,0,132
2634463,1,1,0,0,0,0,132
2634567,0,1,0,1,0,0,132
2634852,0,1,1,0,1,0,132
2635628,0,1,0,1,0,0,132
2635686,0,0,0,0,1,0,132
2636117,1,1,1,1,1,0,132
2636219,1,0,1,0,0,0,132
2636296,1,1,0,0,0,0,132
2636591,0,1,0,1,0,0,132
2636618,1,0,0,1,1,0,132
2637011,0,1,0,1,0,0,132
2637170,0,1,0,1,0,0,132
2637343,1,0,1,0,0,0,132
2637630,1,0,1,0,0,0,132
2637655,1,0,1,0,0,0,132
2637718,1,0,0,1,1,0,132
2637784,0,0,1,1,0,0,132
2638019,1,0,1,0,0,0,132
2638082,1,0,0,1,1,0,132
2638257,1,0,1,0,0,0,132
2638478,1,0,0,1,1,0,132
2638646,0,0,1,1,0,0,132
2638666,1,1,1,1,1,0,132
2638675,0,1,0,1,0,0,132
2638768,1,1,1,1,1,0,132
2638936,0,0,1,1,0,0,132
2638991,0,1,0,1,0,0,132
2639473,1,0,1,0,0,0,132
2639604,0,1,1,0,1,0,132
2639858,1,1,0,0,0,0,132
2639944,0,0,1,1,0,0,132
2640261,1,0,0,1,1,0,132
2640395,1,0,1,0,0,0,132
2641009,0,0,0,0,1,0,132
2641294,0,1,1,0,1,0,132
2641325,1,1,0,0,0,0,132
2641567,1,0,1,0,0,0,132
2641718,0,1,0,1,0,0,132
2642113,1,1,1,1,1,0,132
2642392,1,0,0,1,1,0,132
2642590,0,0,1,1,0,0,132
2642806,0,0,1,1,0,0,132
2643294,1,1,1,1,1,0,132
2643559,0,1,0,1,0,0,132
2643752,0,1,1,0,1,0,132
2643887,1,0,0,1,1,0,132
2643916,0,1,0,1,0,0,132
2644481,1,1,1,1,1,0,132
2644674,0,1,1,0,1,0,132
2645404,0,1,0,1,0,0,132
2645609,1,0,1,0,0,0,132
2645914,0,0,1,1,0,0,132
2646016,1,0,1,0,0,0,132
2646378,0,1,1,0,1,0,132
2646618,1,0,0,1,1,0,132
2647003,1,0,1,0,0,0,132
2647329,1,1,0,0,0,0,132
2647489,1,0,0,1,1,0,132
2647798,1,0,0,1,1,0,132
2647886,0,0,0,0,1,0,132
2648620,1,0,1,0,0,0,132
2649460,0,1,0,1,0,0,132
2649898,0,1,0,1,0,0,132
2650111,1,1,1,1,1,0,132
2650114,0,1,1,0,1,0,132
2650816,1,1,0,0,0,0,132
2652159,0,0,1,1,0,0,132
2652254,0,1,1,0,1,0,132
2652430,0,0,0,0,1,0,132
2652613,1,1,0,0,0,0,132
2652631,1,1,0,0,0,0,132
2652695,1,1,1,1,1,0,132
2652714,1,1,0,0,0,0,132
2653068,1,1,0,0,0,0,132
2653103,0,1,1,0,1,0,132
2653500,1,0,1,0,0,0,132
2653735,0,1,1,0,1,0,132
2654096,0,0,0,0,1,0,132
2654131,0,0,1,1,0,0,132
2654237,0,0,0,0,1,0,132
2654251,1,1,1,1,1,0,132
2654330,0,0,1,1,0,0,132
2654554,0,1,1,0,1,0,132
2654971,1,1,1,1,1,0,132
2655172,1,1,0,0,0,0,132
2655616,1,1,0,0,0,0,132
2655912,1,0,0,1,1,0,132
2655974,1,1,1,1,1,0,132
2656325,0,1,0,1,0,0,132
2656547,1,1,1,0,1,1,132
2656691,1,0,1,0,0,0,132
2657058,1,0,0,1,1,0,132
2657393,0,1,1,0,1,0,132
2657861,0,0,1,1,0,0,132
2657889,0,0,0,0,1,0,132
2658025,1,1,1,1,1,0,132
2658028,1,0,1,0,0,0,132
2658313,1,0,1,1,0,0,132
2659210,0,1,1,0,1,0,132
2659435,1,0,0,1,1,0,132
2659457,1,1,0,0,0,0,132
2659568,1,1,1,1,1,0,132
2659618,0,0,0,0,1,0,132
2659633,0,1,0,1,0,0,132
2659924,1,1,0,0,0,0,132
2660184,0,0,0,0,1,0,132
2660224,1,0,1,0,0,0,132
2660383,0,1,0,1,0,0,132
2660512,1,1,1,1,1,0,132
2661383,1,1,0,0,0,0,132
2661980,0,0,0,0,1,0,132
2662008,1,0,0,1,1,0,132
2662510,0,0,0,0,1,0,132
2662619,0,1,1,0,1,0,132
2662714,0,1,0,1,0,0,132
2662807,1,1,1,1,1,0,132
2662966,0,1,1,0,1,0,132
2663492,0,0,0,0,1,0,132
2663536,0,1,1,0,1,0,132
2663568,0,0,0,0,1,0,132
2664045,1,0,1,0,0,0,132
2664867,1,1,0,0,0,0,132
2665364,0,1,1,0,1,0,132
2665403,0,0,1,1,0,0,132
2666234,1,1,1,1,1,0,132
2667422,1,0,1,0,0,0,132
2668094,0,0,1,1,0,0,132
2668119,1,1,1,1,1,0,132
2668253,0,1,1,0,1,0,132
2669027,0,1,1,1,1,1,132
2669155,1,1,1,1,1,0,132
2669308,0,1,0,1,0,0,132
2669441,1,1,1,1,1,0,132
2669520,1,1,0,0,0,0,132
2670100,0,1,1,0,1,0,132
2670197,0,1,0,1,0,0,132
2670287,0,0,1,1,0,0,132
2670311,0,1,0,1,0,0,132
2670490,1,1,0,0,0,0,132
2670530,0,0,1,1,0,0,132
2670661,0,0,1,1,0,0,132
2670829,1,0,1,1,0,0,132
2671060,0,1,0,1,0,0,132
2671615,0,0,1,1,0,0,132
2671792,0,0,1,1,0,0,132
2672113,1,0,1,0,0,0,132
2672144,1,1,1,0,1,1,132
2672327,1,0,0,1,1,0,132
2672381,1,0,0,1,1,0,132
2672617,0,1,0,1,0,0,132
2673620,0,0,1,1,0,0,132
2673725,0,0,1,1,0,0,132
2673818,0,1,1,0,1,0,132
2674404,0,1,1,0,1,0,132
2675273,1,1,0,0,0,0,132
2675414,1,1,0,0,0,0,132
2675425,0,1,1,0,1,0,132
2675875,0,0,1,1,0,0,132
2675971,0,1,0,1,0,0,132
2676672,0,0,1,1,0,0,132
2676885,1,0,1,0,0,0,132
2676891,1,1,0,0,0,0,132
2676977,0,0,0,0,1,0,132
2677354,0,0,1,1,0,0,132
2678336,1,0,1,0,0,0,132
2678808,0,1,0,1,0,0,132
2679042,1,0,1,0,0,0,132
2679714,0,0,0,0,1,0,132
2680442,0,1,1,0,1,0,132
2680692,1,0,1,0,0,0,132
2680693,1,0,0,1,1,0,132
2681059,1,1,0,0,0,0,132
2681093,1,0,1,0,0,0,132
2681369,1,1,1,1,1,0,132
2681505,1,0,1,0,0,0,132
2682675,1,1,1,1,1,0,132
2682927,1,0,0,1,1,0,132
2683006,0,0,1,1,0,0,132
2683227,1,1,1,1,1,0,132
2683450,0,1,0,0,0,0,132
2683717,1,0,0,1,1,0,132
2684068,1,0,0,1,1,0,132
2686217,0,0,1,1,0,0,132
2686387,0,0,1,1,0,0,132
2686391,1,0,1,1,0,0,132
2686767,0,0,1,1,0,0,132
2686898,1,0,1,0,0,0,132
2687332,0,0,1,1,0,0,71
2687841,0,0,1,1,0,0,71
2688253,0,1,1,0,1,0,71
2688492,1,1,1,1,1,0,71
2688583,0,0,1,1,0,0,71
2689344,0,1,1,0,1,0,71
2689964,0,1,0,1,0,0,71
2691668,1,1,1,1,1,0,71
2692097,1,0,0,1,1,0,71
2692735,0,1,1,0,1,0,71
2692847,0,1,0,1,0,0,71
2693535,0,0,0,0,1,0,71
2693908,1,1,0,0,0,0,71
2693918,1,0,1,0,0,0,71
2694156,1,0,1,0,0,0,71
2695334,1,1,0,0,0,0,71
2697466,1,0,0,1,1,0,71
2697783,1,1,0,0,0,0,71
2699488,0,0,0,0,1,0,71
2699666,0,1,1,0,1,0,71
2700802,0,1,1,0,1,0,71
2701106,1,1,1,1,1,0,71
2701740,1,1,1,1,1,0,71
2701756,0,0,0,0,1,0,71
2702674,1,0,1,0,0,0,71
2703387,0,0,0,0,1,0,71
2703421,0,1,0,1,0,0,71
2703514,0,0,1,1,0,0,71
2703618,1,0,0,1,1,0,71
2703669,1,1,0,0,0,0,71
2703754,0,0,1,1,0,0,71
2704106,0,0,0,0,1,0,71
2704116,0,0,1,1,0,0,71
2704130,0,0,0,0,1,0,71
2704738,0,1,0,1,0,0,71
2704817,1,1,0,0,0,0,71
2704951,1,1,1,1,1,0,71
2705304,0,0,0,0,1,0,71
2705747,0,1,1,0,1,0,71
2705753,0,0,1,0,0,0,71
2706056,1,0,0,1,1,0,71
2706756,1,1,1,1,1,0,71
2707369,1,1,1,1,1,0,71
2707869,1,0,0,1,1,0,71
2708876,0,0,0,0,1,0,71
2708969,0,0,1,1,0,0,71
2709000,1,0,1,0,0,0,71
2709272,1,0,0,1,1,0,71
2709549,0,0,0,0,1,0,71
2709734,1,0,1,0,0,0,71
2709932,0,1,0,1,0,0,71
2710308,1,0,0,1,1,0,71
2711185,1,0,0,1,1,0,71
2711609,0,0,1,1,0,0,71
2711944,0,0,0,0,1,0,71
2712106,0,0,0,0,1,0,71
2713008,1,0,0,1,1,0,71
2713052,0,0,1,1,0,0,71
2714247,0,0,1,1,0,0,71
2714515,1,1,0,0,0,0,71
2714711,1,1,0,0,0,0,71
2715095,0,0,0,0,1,0,71
2715636,0,0,1,1,0,0,71
2716079,1,1,0,0,0,0,71
2716178,0,1,0,1,0,0,71
2716255,0,0,0,0,1,0,71
2716550,0,1,0,1,0,0,71
2716924,0,0,1,1,0,0,71
2717183,0,1,1,0,1,0,71
2717255,1,0,1,0,0,0,71
2718200,0,0,1,1,0,0,71
2718840,0,0,1,1,0,0,71
2719209,0,1,1,0,1,0,71
2720256,1,1,0,0,0,0,71
2720482,1,1,1,1,1,0,71
2720724,1,1,1,1,1,0,71
2721276,0,1,0,1,0,0,71
2722027,1,0,0,1,1,0,71
2722241,0,0,0,0,1,0,71
2722247,1,1,0,0,0,0,71
2722322,0,1,0,1,0,0,71
2724852,0,1,1,0,1,0,71
2726161,1,0,0,1,1,0,71
2727037,1,0,0,1,1,0,71
2727366,0,0,1,1,0,0,71
2727839,0,0,1,1,0,0,71
2727914,0,0,0,0,1,0,71
2728050,0,0,0,0,1,0,71
2728321,1,1,0,0,0,0,71
2728634,0,0,1,1,0,0,71
2729668,1,0,0,1,1,0,71
2729884,0,0,0,0,1,0,71
2729967,0,0,1,1,0,0,71
2731140,0,1,0,1,0,0,71
2731178,1,1,0,0,0,0,71
2731300,0,0,1,1,0,0,71
2732226,0,1,0,1,0,0,71
2732442,0,1,1,0,1,0,71
2732704,1,0,0,1,1,0,71
2733735,1,1,0,0,0,0,71
2734517,1,0,0,1,1,0,71
2736142,1,0,1,0,0,0,71
2736159,1,0,0,1,1,0,71
2736441,1,0,0,1,1,0,71
2736735,1,1,0,0,0,0,71
2736855,0,1,0,1,0,0,71
2736959,1,0,1,0,0,0,71
2737056,0,1,0,1,0,0,71
2737417,0,0,1,1,0,0,71
2737582,1,0,0,1,1,0,71
2738191,0,0,0,0,1,0,71
2738612,0,1,1,0,1,0,71
2738759,1,0,1,0,0,0,71
2739828,0,1,1,0,1,0,71
2740061,1,1,0,0,0,0,71
2741377,1,1,0,0,0,0,71
2741403,0,1,1,0,1,0,71
2741995,1,0,0,1,1,0,71
2742131,0,0,1,1,0,0,71
2742163,1,1,1,1,1,0,71
2742369,1,0,0,1,1,0,71
2743270,0,1,0,1,0,0,71
2743418,0,0,0,0,1,0,71
2745008,0,1,0,1,0,0,71
2745976,1,0,0,1,1,0,71
2746217,0,1,1,0,1,0,71
2746823,1,0,1,0,0,0,71
2747475,0,0,0,0,1,0,71
2748088,1,0,0,1,1,0,71
2748491,1,1,1,1,1,0,71
2748506,0,1,1,0,1,0,71
2749966,0,0,1,1,0,0,71
2750217,1,1,0,0,0,0,71
2751206,1,1,0,0,0,0,71
2751654,1,1,1,1,1,0,71
2752198,0,1,1,0,1,0,71
2752271,1,0,1,0,0,0,71
2752469,0,1,0,1,0,0,71
2752715,1,1,1,1,1,0,103
2753006,1,0,0,1,1,0,103
2753039,0,1,1,0,1,0,103
2753630,0,1,0,1,0,0,103
2754077,1,1,0,0,0,0,103
2754476,1,1,0,0,0,0,103
2754513,0,0,0,0,1,0,103
2755023,1,0,1,0,0,0,103
2755148,0,1,1,0,1,0,103
2755417,1,0,1,0,0,0,103
2755534,0,0,0,0,1,0,103
2755941,1,1,0,0,0,0,103
2756244,1,0,0,1,1,0,103
2756917,0,1,1,0,1,0,103
2757631,1,0,0,1,1,0,103
2757649,0,0,1,1,0,0,103
2757687,1,1,0,0,0,0,103
2757695,1,0,0,1,1,0,103
2757743,0,0,1,1,0,0,103
2758393,0,1,1,0,1,0,103
2758682,0,1,0,1,0,0,103
2759219,0,1,1,0,1,0,103
2759249,1,1,1,1,1,0,103
2759999,0,1,1,0,1,0,103
2760265,1,0,0,1,1,0,103
2760319,1,0,1,0,0,0,103
2761143,1,1,0,0,0,0,103
2762205,0,1,0,1,0,0,103
2763389,0,0,1,1,0,0,103
2764025,0,1,1,0,1,0,103
2764232,1,0,0,1,1,0,103
2764288,1,1,1,1,1,0,103
2765147,1,0,0,1,1,0,103
2765366,0,0,1,1,0,0,103
2765563,1,0,0,1,1,0,103
2766013,1,1,1,1,1,0,103
2766094,1,0,0,1,1,0,103
2766232,1,1,1,1,1,0,103
2766263,0,0,0,0,1,0,103
2766425,0,0,1,1,0,0,103
2766878,0,0,1,1,0,0,103
2766990,0,1,0,1,0,0,103
2767060,1,1,0,0,0,0,103
2767270,0,1,0,1,0,0,103
2767333,0,0,1,1,0,0,103
2767481,0,0,0,0,1,0,103
2767503,0,1,1,0,1,0,103
2767554,0,0,1,1,0,0,103
2767804,1,0,0,1,1,0,103
2768001,1,1,1,1,1,0,103
2768691,1,0,1,0,0,0,103
2769018,0,1,0,1,0,0,103
2769192,1,1,0,0,0,0,103
2770230,1,1,0,0,0,0,103
2770298,1,0,1,0,0,0,103
2770383,0,0,1,1,0,0,103
2770401,1,0,0,1,1,0,103
2770814,0,0,0,0,1,0,103
2771028,0,1,0,1,0,0,103
2771106,1,0,1,0,0,0,103
2771279,0,0,1,1,0,0,103
2771489,0,0,0,0,1,0,103
2772157,1,1,1,1,1,0,103
2772540,1,1,1,1,1,0,103
2772977,1,1,1,1,1,0,103
2773526,0,1,1,0,1,0,103
2774173,1,1,1,1,1,0,103
2774205,1,0,0,1,1,0,103
2774278,0,0,0,0,1,0,103
2774324,0,1,0,1,0,0,103
2774456,1,0,1,0,0,0,103
2774529,1,0,1,0,0,0,103
2774753,0,1,1,0,1,0,103
2776017,1,1,0,0,0,0,103
2776592,1,1,0,0,0,0,103
2776599,0,1,0,1,0,0,103
2776758,0,0,0,0,1,0,103
2777041,1,1,1,1,1,0,103
2777154,0,0,1,1,0,0,103
2777199,1,1,1,1,1,0,103
2777331,1,1,0,0,0,0,103
2777355,1,0,0,1,1,0,103
2777469,0,0,1,1,0,0,103
2778768,1,0,1,0,0,0,103
2778770,0,1,0,1,0,0,103
2779380,1,1,1,1,1,0,103
2779525,1,0,1,0,0,0,103
2779784,0,1,0,1,0,0,103
2780059,1,1,0,0,0,0,103
2780333,1,0,1,0,0,0,103
2780500,0,1,1,0,1,0,103
2780683,0,1,0,1,0,0,103
2781215,1,1,1,1,1,0,103
2781313,0,1,0,1,0,0,103
2781907,1,1,0,0,0,0,103
2781955,0,1,0,1,0,0,103
2782034,1,0,1,0,0,0,103
2782146,1,1,1,1,1,0,103
2782808,1,0,1,0,0,0,103
2782860,1,0,0,1,1,0,103
2783157,0,1,1,0,1,0,103
2784011,1,1,0,0,0,0,103
2784302,1,0,0,1,1,0,103
2784425,0,1,0,1,0,0,103
2784578,1,0,1,0,0,0,103
2784861,0,0,1,1,0,0,103
2785802,1,0,0,1,1,0,103
2785912,0,0,0,0,1,0,103
2786095,0,0,1,1,0,0,103
2786779,1,0,0,1,1,0,103
2786886,1,0,0,1,1,0,103
2787396,0,0,0,0,1,0,103
2787488,1,0,0,1,1,0,103
2788722,0,0,0,0,1,0,103
2788997,0,1,1,0,1,0,103
2789447,0,0,0,0,1,0,103
2790324,0,1,0,1,0,0,103
2790743,0,1,1,0,1,0,103
2791388,1,1,0,0,0,0,103
2791408,1,1,0,0,0,0,103
2791697,1,0,1,0,0,0,103
2792509,0,1,0,1,0,0,103
2792613,1,1,1,1,1,0,103
2792639,1,0,0,1,1,0,103
2793357,1,0,1,0,0,0,103
2793369,1,0,1,0,0,0,103
2793711,0,0,1,1,0,0,103
2793795,0,0,0,0,1,0,103
2794552,1,1,0,0,0,0,103
2794979,1,0,1,0,0,0,103
2795283,0,1,1,0,1,0,103
2795360,0,1,1,0,1,0,103
2796164,1,1,0,0,0,0,103
2797208,0,0,0,0,1,0,103
2797267,0,0,1,1,0,0,103
2797522,1,0,1,0,0,0,103
2797651,1,0,0,1,1,0,103
2797672,0,0,1,1,0,0,103
2797727,1,0,1,0,0,0,103
2797764,0,1,1,0,1,0,103
2798068,0,1,1,0,1,0,103
2798272,1,0,0,1,1,0,103
2798380,1,0,1,0,0,0,103
2798760,1,0,1,0,0,0,103
2799062,1,0,1,0,0,0,103
2799840,0,1,0,1,0,0,103
2800472,0,0,1,1,0,0,103
2800637,0,0,0,0,1,0,103
2801008,1,1,0,0,0,0,103
2801277,1,0,1,0,0,0,103
2802148,1,1,0,0,0,0,103
2802876,0,0,0,0,1,0,103
2803481,1,0,1,0,0,0,103
2803702,1,0,0,1,1,0,103
2803732,1,0,1,0,0,0,103
2804085,1,0,1,0,0,0,103
2804523,1,0,1,0,0,0,103
2804596,0,1,0,1,0,0,103
2804785,0,1,0,1,0,0,103
2805020,0,0,0,0,1,0,103
2805140,0,0,0,0,1,0,103
2805216,1,0,0,1,1,0,103
2806112,1,1,0,0,0,0,103
2806638,0,1,1,0,1,0,103
2806940,0,0,0,0,1,0,103
2807208,0,1,1,0,1,0,103
2807400,1,1,0,0,0,0,103
2807824,1,0,0,1,1,0,103
2808084,1,1,0,0,0,0,103
2808219,1,1,1,1,1,0,103
2808612,1,0,1,0,0,0,103
2809279,1,1,1,1,1,0,103
2809931,0,1,1,0,1,0,103
2810400,0,1,1,0,1,0,103
2810895,0,0,1,1,0,0,103
2811050,1,1,1,1,1,0,103
2811085,0,1,1,0,1,0,103
2812686,1,1,1,1,1,0,103
2812692,1,0,1,0,0,0,103
2813054,0,1,0,1,0,0,103
2813755,0,0,0,0,1,0,103
2814122,0,1,0,1,0,0,103
2814466,0,1,0,1,0,0,103
2814513,0,0,1,1,0,0,103
2814797,0,1,1,0,1,0,103
2815690,0,1,1,0,1,0,103
2815712,1,0,1,0,0,0,103
2816222,1,0,0,1,1,0,103
2816247,1,0,0,1,1,0,103
2817266,1,0,0,1,1,0,103
2817686,1,1,1,1,1,0,103
2818057,0,1,1,0,1,0,158
2818806,0,1,1,0,1,0,158
2819191,1,1,1,1,1,0,158
2819289,0,1,0,1,0,0,158
2819316,1,0,1,0,0,0,158
2819661,1,0,0,1,1,0,158
2819768,0,0,1,1,0,0,158
2820223,0,1,1,0,1,0,158
2820744,0,0,1,1,0,0,158
2821416,0,0,1,1,0,0,158
2821808,0,0,0,0,1,0,158
2821907,1,1,1,1,1,0,158
2821921,0,1,1,0,1,0,158
2821990,0,1,1,0,1,0,158
2822613,1,0,0,1,1,0,158
2822859,1,0,1,0,0,0,158
2822880,1,0,1,0,0,0,158
2823007,0,0,0,0,1,0,158
2823197,1,0,1,0,0,0,158
2823675,1,1,0,0,0,0,158
2823687,1,1,1,1,1,0,158
2823758,1,0,0,1,1,0,158
2823770,1,1,0,0,0,0,158
2823819,1,0,0,1,1,0,158
2824049,0,1,1,0,1,0,158
2824136,1,0,0,1,1,0,158
2824390,1,0,0,1,1,0,158
2824679,0,0,1,1,0,0,158
2824789,0,0,0,0,1,0,158
2825350,0,0,0,0,1,0,158
2825561,1,1,0,0,0,0,158
2825790,0,1,1,0,1,0,158
2825826,0,1,1,0,1,0,158
2826309,1,0,0,1,1,0,158
2826405,1,0,1,0,0,0,158
2826550,0,1,0,1,0,0,158
2826613,0,0,0,0,1,0,158
2826760,0,1,0,1,0,0,158
2826977,1,0,1,0,0,0,158
2826989,0,0,0,0,1,0,158
2827039,0,0,1,1,0,0,158
2827077,0,0,0,0,1,0,158
2827667,1,0,1,0,0,0,158
2828385,1,0,0,1,1,0,158
2828554,1,0,0,1,1,0,158
2829752,0,0,1,1,0,0,158
2829936,1,1,1,1,1,0,158
2830322,1,1,0,0,0,0,158
2830385,0,0,0,0,1,0,158
2830651,1,1,1,1,1,0,158
2830849,1,0,0,1,1,0,158
2831237,0,1,1,0,1,0,158
2831544,1,1,0,0,0,0,158
2831615,1,1,1,1,1,0,158
2831919,1,0,1,0,0,0,158
2831937,1,1,0,0,0,0,158
2831974,0,1,1,0,1,0,158
2832059,0,0,0,0,1,0,158
2832073,0,1,1,0,1,0,158
2832396,0,1,0,1,0,0,158
2832990,0,0,0,0,1,0,158
2833066,0,0,0,0,1,0,158
2833267,1,1,0,0,0,0,158
2834096,1,0,1,0,0,0,158
2834198,0,0,1,1,0,0,158
2834722,1,1,0,0,0,0,158
2834846,1,0,1,0,0,0,158
2834964,1,1,0,0,0,0,158
2835015,1,1,0,0,0,0,158
2835047,0,1,1,0,1,0,158
2835538,0,0,0,0,1,0,158
2835955,0,1,0,1,0,0,158
2836274,1,0,0,1,1,0,158
2836781,0,1,0,0,0,0,158
2837534,0,1,0,1,0,0,158
2837588,0,0,1,1,0,0,158
2837803,1,0,0,1,1,0,158
2837892,1,0,1,0,0,0,158
2838008,1,0,1,0,0,0,158
2838525,0,1,0,1,0,0,158
2838683,0,1,1,0,1,0,158
2838707,1,0,1,0,0,0,158
2838858,0,1,0,1,0,0,158
2839036,0,1,0,1,0,0,158
2839123,1,0,0,1,1,0,158
2839391,1,1,1,1,1,0,158
2839596,0,1,1,0,1,0,158
2839848,0,1,0,1,0,0,158
2839924,0,1,1,0,1,0,158
2840186,0,1,0,1,0,0,158
2840544,1,0,0,1,1,0,158
2841020,0,1,1,0,1,0,158
2841089,0,1,0,1,0,0,158
2842422,0,1,1,0,1,0,158
2843113,1,1,0,0,0,0,158
2843572,0,0,1,1,0,0,158
2843637,1,0,1,0,0,0,158
2843859,0,0,1,0,0,0,158
2844542,0,1,1,0,1,0,158
2844628,1,1,1,1,1,0,158
2844773,0,0,0,0,1,0,158
2844880,0,1,1,0,1,0,158
2845024,1,1,1,1,1,0,158
2845144,1,0,0,1,1,0,158
2845322,0,0,1,1,0,0,158
2845418,1,0,0,1,1,0,158
2845542,1,0,1,0,0,0,158
2845952,0,0,0,0,1,0,158
2845960,1,1,0,0,0,0,158
2846034,1,1,1,1,1,0,158
2846537,1,1,0,0,0,0,158
2846771,0,1,0,1,0,0,158
2846833,1,1,0,0,0,0,158
2846849,0,1,0,1,0,0,158
2846976,0,1,1,0,1,0,158
2847039,0,0,0,0,1,0,158
2847063,0,0,0,0,1,0,158
2847329,1,0,0,1,1,0,158
2847333,1,0,1,0,0,0,158
2847357,1,0,1,0,0,0,158
2848397,1,1,0,0,0,0,158
2848540,0,1,1,0,1,0,158
2848737,0,0,0,0,1,0,158
2848894,1,0,0,1,1,0,158
2849128,1,1,1,1,1,0,158
2849420,1,1,0,0,0,0,158
2849617,0,0,1,1,0,0,158
2849697,1,1,1,1,1,0,158
2849886,1,1,1,1,1,0,158
2850107,1,1,0,0,0,0,158
2850212,0,1,0,0,0,0,158
2850229,1,0,1,0,0,0,158
2850388,0,1,0,0,0,0,158
2850491,1,0,1,0,0,0,158
2850574,0,0,1,1,0,0,158
2850670,0,0,0,0,1,0,158
2851392,1,0,0,1,1,0,158
2851722,1,0,0,1,1,0,158
2851723,1,0,0,1,1,0,158
2852005,0,1,1,0,1,0,158
2852232,0,1,0,1,0,0,158
2852355,0,1,0,1,0,0,158
2853207,0,0,0,0,1,0,158
2853346,1,0,1,0,0,0,158
2854021,1,1,1,1,1,0,158
2854225,0,1,1,0,1,0,158
2854385,1,1,0,0,0,0,158
2854408,0,1,1,0,1,0,158
2854579,0,0,0,0,1,0,158
2854635,0,1,1,0,1,0,158
2854824,0,1,0,1,0,0,158
2855128,0,0,0,0,1,0,158
2855228,0,1,0,1,0,0,158
2855829,1,0,1,0,0,0,158
2856050,1,0,1,0,0,0,158
2856555,1,1,1,1,1,0,158
2856615,1,0,1,0,0,0,158
2857067,1,0,0,1,1,0,158
2857096,1,1,0,0,0,0,158
2857429,0,0,0,0,1,0,158
2857587,0,1,0,1,0,0,158
2858106,0,0,1,1,0,0,158
2858656,1,1,0,0,0,0,158
2859018,0,0,1,1,0,0,158
2859157,0,1,1,0,1,0,158
2859232,0,0,0,1,1,1,158
2859278,1,0,0,1,1,0,158
2859430,1,1,1,1,1,0,158
2859488,0,1,0,1,0,0,158
2859932,1,1,0,0,0,0,158
2860093,1,1,0,0,0,0,158
2860143,1,1,1,1,1,0,158
2860213,0,0,0,0,1,0,158
2860401,0,1,1,0,1,0,158
2860772,0,0,0,0,1,0,158
2860789,0,1,1,0,1,0,158
2860856,0,0,0,0,1,0,158
2861339,0,0,1,1,0,0,158
2862098,1,1,1,1,1,0,158
2862133,1,0,0,1,1,0,158
2862140,0,0,1,1,0,0,158
2862731,1,0,1,0,0,0,158
2862957,0,1,1,0,1,0,158
2863537,1,1,0,0,0,0,158
2863593,0,0,1,1,0,0,158
2863773,1,1,1,1,1,0,158
2863787,1,0,1,0,0,0,158
2864078,1,0,1,0,0,0,158
2864409,0,1,1,0,1,0,158
2864448,0,1,1,0,1,0,158
2864708,0,0,0,0,1,0,158
2864737,1,1,0,0,0,0,158
2864792,1,1,1,1,1,0,158
2864863,1,0,0,1,1,0,158
2865078,1,0,0,1,1,0,158
2865203,1,0,0,1,1,0,158
2865238,0,1,1,0,1,0,158
2865504,0,1,0,1,0,0,158
2865669,1,0,0,1,1,0,158
2866197,1,0,0,1,1,0,158
2866820,1,1,1,1,1,0,158
2866837,1,1,1,1,1,0,158
2867045,1,0,1,0,0,0,158
2867223,0,1,0,1,0,0,158
2867287,1,0,1,0,0,0,158
2867524,1,1,1,1,1,0,158
2867626,1,1,0,0,0,0,158
2867665,1,0,1,0,0,0,158
2867667,0,0,1,1,0,0,158
2867813,1,1,0,0,0,0,158
2868081,1,0,1,0,0,0,158
2868905,0,1,0,1,0,0,158
2868919,0,0,0,0,1,0,158
2868974,0,0,1,1,0,0,158
2869035,1,0,0,1,1,0,158
2869101,0,1,1,0,1,0,158
2869223,0,0,1,1,0,0,158
2869548,0,0,0,0,1,0,158
2869682,0,0,0,0,1,0,158
2870476,1,0,1,0,0,0,158
2870609,0,0,1,1,0,0,158
2871032,1,0,0,1,1,0,158
2871363,0,0,0,0,1,0,158
2871631,1,1,1,1,1,0,158
2871741,1,1,0,0,0,0,158
2872221,1,0,0,1,1,0,158
2872546,0,1,0,1,0,0,158
2872584,0,1,1,0,1,0,158
2872696,1,1,1,1,1,0,158
2872925,0,0,0,0,1,0,158
2872936,0,1,1,0,1,0,158
2874264,1,1,1,1,1,0,158
2874368,0,0,0,0,1,0,158
2874524,1,1,0,0,0,0,158
2874563,0,1,0,1,0,0,158
2874655,0,0,1,1,0,0,158
2874841,0,0,1,1,0,0,158
2875507,0,0,0,1,1,1,158
2875669,1,1,1,1,1,0,158
2875914,1,0,1,0,0,0,158
2875940,0,1,0,1,0,0,158
2875996,1,1,1,1,1,0,158
2875998,0,0,0,0,1,0,158
2876008,0,0,0,0,1,0,158
2876154,1,1,1,1,1,0,158
2876796,1,1,0,0,0,0,158
2876826,1,1,1,1,1,0,158
2877725,0,0,0,1,1,1,158
2877926,1,0,0,1,1,0,158
2878400,0,0,0,0,1,0,158
2878647,1,0,0,1,1,0,158
2878867,1,1,1,1,1,0,158
2879254,0,0,1,1,0,0,158
2879393,0,1,0,1,0,0,158
2879431,1,1,0,0,0,0,158
2879467,1,1,0,0,0,0,158
2880026,1,0,1,0,0,0,158
2880119,0,0,1,1,0,0,158
2880455,1,1,1,1,1,0,158
2880807,1,0,0,1,1,0,158
2881191,1,1,1,1,1,0,158
2881205,1,1,1,1,1,0,158
2882712,1,1,0,0,0,0,158
2882943,1,1,1,1,1,0,158
2883034,0,1,0,1,0,0,158
2883278,1,1,1,1,1,0,158
2884108,0,1,0,1,0,0,90
2884163,0,1,1,1,1,1,90
2884166,1,1,1,0,1,1,90
2884731,1,0,1,0,0,0,90
2884735,1,1,1,0,1,1,90
2885402,1,0,1,0,0,0,90
2885546,1,0,0,0,1,1,90
2887049,1,1,1,1,1,0,90
2887175,1,0,0,1,1,0,90
2887420,0,0,1,1,0,0,90
2888019,0,0,0,0,1,0,90
2888946,0,0,1,1,0,0,90
2889091,0,0,1,1,0,0,90
2889097,0,1,0,1,0,0,90
2889417,1,1,0,0,0,0,90
2890280,0,1,1,0,1,0,90
2890699,0,0,0,0,1,0,90
2890853,0,0,0,1,1,1,90
2891372,1,0,1,0,0,0,90
2891384,0,0,1,1,0,0,90
2891642,0,1,0,1,0,0,90
2891849,0,0,1,1,0,0,90
2892133,0,1,1,0,1,0,90
2892667,1,0,0,1,1,0,90
2892875,1,1,0,0,0,0,90
2893970,1,1,1,1,1,0,90
2894046,0,0,1,1,0,0,90
2894231,1,1,1,1,1,0,90
2894258,1,0,0,1,1,0,90
2894378,0,1,1,0,1,0,90
2894413,1,1,0,0,0,0,90
2895914,1,1,0,0,0,0,90
2895933,1,1,1,1,1,0,90
2896078,1,1,1,0,1,1,90
2896306,1,1,1,1,1,0,90
2896514,0,0,0,0,1,0,90
2896698,1,1,0,0,0,0,90
2896764,0,0,0,1,1,1,90
2897185,0,1,1,0,1,0,90
2897314,1,1,0,0,0,0,90
2897863,1,0,0,1,1,0,90
2897900,0,0,1,1,0,0,90
2898169,0,1,0,1,0,0,90
2898231,1,0,1,0,0,0,90
2898323,1,1,1,1,1,0,90
2898444,1,1,1,1,1,0,90
2899185,0,0,0,0,1,0,90
2900071,0,0,1,1,0,0,90
2900601,1,0,1,0,0,0,90
2902620,0,0,1,1,0,0,90
2902637,0,1,0,1,0,0,90
2902974,0,0,0,0,1,0,90
2903383,0,1,1,0,1,0,90
2903619,1,1,1,1,1,0,90
2903640,0,1,0,1,0,0,90
2904409,0,0,0,0,1,0,90
2904417,0,1,1,0,1,0,90
2904539,0,0,0,0,1,0,90
2904904,1,1,1,1,1,0,90
2904915,1,1,1,1,1,0,90
2905899,0,0,0,0,1,0,90
2906456,1,1,1,1,1,0,90
2907476,0,0,0,0,1,0,90
2907805,0,0,1,1,0,0,90
2908111,1,0,1,1,0,0,90
2908385,1,1,0,0,0,0,90
2909295,0,0,0,0,1,0,90
2909464,0,0,0,0,1,0,90
2911689,1,0,0,1,1,0,90
2911930,0,1,1,0,1,0,90
2912306,1,1,1,1,1,0,90
2912428,0,1,1,0,1,0,90
2912588,0,1,0,1,0,0,90
2912617,1,0,0,1,1,0,90
2913130,1,0,0,1,1,0,90
2913307,1,0,0,1,1,0,90
2913655,1,0,1,0,0,0,90
2913778,1,0,1,0,0,0,90
2915056,0,0,1,1,0,0,90
2915326,0,1,1,0,1,0,90
2915368,1,1,0,0,0,0,90
2915777,1,0,0,1,1,0,90
2915795,1,0,1,0,0,0,90
2916828,1,0,1,0,0,0,90
2917382,1,0,1,0,0,0,90
2917399,0,0,1,1,0,0,90
2917497,0,0,1,1,0,0,90
2917520,1,0,0,1,1,0,90
2918231,0,1,0,1,0,0,90
2918732,0,0,1,1,0,0,90
2918793,1,0,0,1,1,0,90
2919094,0,1,1,0,1,0,90
2919309,1,1,0,0,0,0,90
2919467,1,1,0,0,0,0,90
2919775,1,1,0,0,0,0,90
2920185,1,1,1,1,1,0,90
2920713,0,0,1,1,0,0,90
2920935,1,1,1,1,1,0,90
2921873,0,1,1,0,1,0,90
2922257,1,0,0,1,1,0,90
2922275,0,0,1,1,0,0,90
2922645,0,1,0,1,0,0,90
2923653,0,0,1,1,0,0,90
2924098,1,1,1,1,1,0,90
2924248,1,0,0,1,1,0,90
2924589,1,1,1,1,1,0,90
2924631,0,0,0,0,1,0,90
2924987,1,0,1,1,0,0,90
2925455,1,0,0,1,1,0,90
2926246,1,1,1,1,1,0,90
2927080,0,0,1,1,0,0,90
2928702,0,1,1,0,1,0,90
2928858,0,1,0,1,0,0,90
2929023,0,0,1,1,0,0,90
2929121,1,1,0,0,0,0,90
2929442,1,1,1,1,1,0,90
2929605,0,1,0,1,0,0,90
2929783,1,1,1,1,1,0,90
2929970,1,1,1,1,1,0,90
2930998,1,1,0,0,0,0,90
2931481,0,0,1,1,0,0,90
2932486,1,0,0,1,1,0,90
2933128,0,1,0,1,0,0,90
2933218,0,1,1,0,1,0,90
2933380,1,0,1,0,0,0,90
2933411,1,0,0,1,1,0,90
2933440,0,1,0,1,0,0,90
2934356,1,0,1,0,0,0,90
2934560,0,1,0,1,0,0,90
2934850,0,0,1,1,0,0,90
2935051,1,0,1,0,0,0,90
2935511,1,1,0,0,0,0,90
2935689,0,0,0,0,1,0,90
2935777,0,1,0,1,0,0,90
2937189,0,1,1,0,1,0,90
2937297,0,0,0,0,1,0,90
2938011,0,0,1,1,0,0,90
2938465,1,0,0,1,1,0,90
2938590,1,1,0,0,0,0,90
2938621,0,0,0,0,1,0,90
2939405,0,0,1,1,0,0,90
2939542,0,0,1,1,0,0,90
2940058,1,0,0,1,1,0,90
2940875,1,0,1,0,0,0,90
2941198,0,0,0,0,1,0,90
2941235,0,0,0,0,1,0,90
2941285,0,0,0,0,1,0,90
2941488,0,0,1,1,0,0,90
2941562,0,1,1,0,1,0,90
2941817,1,0,1,0,0,0,90
2943550,1,1,1,1,1,0,90
2943736,1,1,1,0,1,1,90
2944552,0,0,1,1,0,0,90
2944879,0,0,0,0,1,0,90
2944936,1,0,0,1,1,0,90
2945024,1,0,1,0,0,0,90
2945148,1,0,1,0,0,0,90
2945302,1,1,1,1,1,0,90
2946179,0,1,0,1,0,0,90
2946772,0,1,0,1,0,0,90
2946843,0,0,1,1,0,0,90
2947754,0,1,1,0,1,0,90
2948060,0,0,0,0,1,0,90
2948080,1,0,1,0,0,0,90
2948863,0,1,1,0,1,0,90
2949065,0,0,0,0,1,0,90
2949205,1,1,0,0,0,0,77
2949336,1,0,0,1,1,0,77
2949548,1,0,1,0,0,0,77
2951121,0,1,1,0,1,0,77
2951849,0,1,0,1,0,0,77
2952901,0,0,0,0,1,0,77
2953204,0,0,1,1,0,0,77
2953774,0,0,0,0,1,0,77
2954729,0,0,0,0,1,0,77
2956643,1,0,0,1,1,0,77
2957607,0,0,0,0,1,0,77
2958332,0,1,1,0,1,0,77
2959476,0,0,0,0,1,0,77
2959565,1,1,1,1,1,0,77
2960882,1,1,0,0,0,0,77
2961115,1,1,1,1,1,0,77
2961557,0,1,1,0,1,0,77
2961906,1,0,1,0,0,0,77
2962024,0,1,1,0,1,0,77
2962297,0,0,0,0,1,0,77
2963006,1,0,1,0,0,0,77
2963442,0,1,1,0,1,0,77
2964390,0,1,0,1,0,0,77
2964437,0,0,0,0,1,0,77
2964798,0,0,1,1,0,0,77
2965186,1,1,0,0,0,0,77
2965639,1,0,1,0,0,0,77
2965778,1,0,1,0,0,0,77
2966826,1,1,1,1,1,0,77
2967140,0,0,0,0,1,0,77
2967225,1,1,1,1,1,0,77
2967391,1,1,0,0,0,0,77
2968247,0,0,1,1,0,0,77
2968409,1,1,0,0,0,0,77
2969070,1,0,0,1,1,0,77
2969242,1,1,0,0,0,0,77
2969876,1,1,0,0,0,0,77
2969908,1,0,1,0,0,0,77
2970967,0,0,1,1,0,0,77
2971002,1,0,1,0,0,0,77
2971136,0,1,1,0,1,0,77
2971561,0,1,1,0,1,0,77
2971884,0,1,1,0,1,0,77
2972338,1,1,0,1,0,0,77
2972533,0,0,1,1,0,0,77
2972567,1,0,1,0,0,0,77
2973385,0,0,0,0,1,0,77
2974754,0,0,0,0,1,0,77
2975057,0,0,1,1,0,0,77
2975642,0,0,1,1,0,0,77
2975667,1,1,0,0,0,0,77
2975828,0,1,0,1,0,0,77
2976221,0,1,1,0,1,0,77
2976249,0,1,1,0,1,0,77
2976970,1,0,0,1,1,0,77
2977310,0,0,0,0,1,0,77
2977381,1,1,0,0,0,0,77
2979372,1,0,1,0,0,0,77
2979589,0,0,1,1,0,0,77
2979640,0,0,1,1,0,0,77
2980018,0,0,1,1,0,0,77
2980394,1,0,1,0,0,0,77
2980445,1,0,0,1,1,0,77
2980585,0,1,0,1,0,0,77
2981205,1,1,1,1,1,0,77
2981568,1,0,1,0,0,0,77
2981815,0,0,1,1,0,0,77
2982504,0,0,0,0,1,0,77
2982523,0,0,1,1,0,0,77
2982946,0,1,1,0,1,0,77
2983323,0,1,1,0,1,0,77
2984196,1,1,0,0,0,0,77
2984472,1,1,1,1,1,0,77
2984769,1,0,0,1,1,0,77
2985250,1,1,0,0,0,0,77
2985344,0,1,1,0,1,0,77
2985595,1,1,1,1,1,0,77
2985596,0,1,0,1,0,0,77
2986040,1,0,1,0,0,0,77
2986139,0,1,0,1,0,0,77
2987574,1,0,1,0,0,0,77
2988304,1,0,0,1,1,0,77
2988377,0,0,0,0,1,0,77
2988915,1,1,1,1,1,0,77
2989059,1,1,0,0,0,0,77
2989255,1,1,1,1,1,0,77
2990792,0,0,1,1,0,0,77
2991056,0,1,0,1,0,0,77
2991408,0,1,1,0,1,0,77
2991657,1,0,1,0,0,0,77
2991863,0,0,0,0,1,0,77
2994083,0,1,0,1,0,0,77
2994316,1,0,0,1,1,0,77
2994873,1,1,1,1,1,0,77
2995051,1,0,0,1,1,0,77
2995192,0,1,0,1,0,0,77
2995356,0,0,0,0,1,0,77
2996105,0,0,0,0,1,0,77
2996774,1,0,0,1,1,0,77
2997275,1,1,0,0,0,0,77
2997345,1,1,0,0,0,0,77
2997545,0,0,1,1,0,0,77
2997659,0,0,1,1,0,0,77
2997729,1,1,0,0,0,0,77
2998394,0,0,1,1,0,0,77
2999495,0,0,0,0,1,0,77
2999694,1,1,0,0,0,0,77
3000300,0,1,0,1,0,0,77
3000722,0,1,1,0,1,0,77
3001075,0,0,0,0,1,0,77
3001437,1,1,0,0,0,0,77
3002153,0,1,0,1,0,0,77
3002215,1,0,0,1,1,0,77
3002300,0,0,0,0,1,0,77
3002585,1,1,1,1,1,0,77
3003110,1,0,1,0,0,0,77
3003449,1,0,1,0,0,0,77
3003741,1,1,1,1,1,0,77
3004169,1,0,1,0,0,0,77
3004303,0,1,0,1,0,0,77
3004677,1,0,1,0,0,0,77
3004712,0,0,0,0,1,0,77
3005779,1,0,0,1,1,0,77
3006295,0,1,0,1,0,0,77
3006339,0,0,0,0,1,0,77
3007017,0,1,1,0,1,0,77
3008177,1,0,0,0,1,1,77
3008229,1,1,1,1,1,0,77
3008435,1,1,1,1,1,0,77
3009010,1,1,1,1,1,0,77
3009216,1,0,1,0,0,0,77
3009295,1,0,0,1,1,0,77
3009742,1,0,1,1,0,0,77
3009898,1,1,0,0,0,0,77
3010211,0,1,0,1,0,0,77
3010904,0,1,1,0,1,0,77
3011356,1,1,0,0,0,0,77
3012322,1,0,0,1,1,0,77
3012508,1,1,1,1,1,0,77
3014813,1,1,0,0,0,0,115
3015281,1,1,0,0,0,0,115
3015470,1,1,1,1,1,0,115
3015507,0,0,1,1,0,0,115
3015658,1,0,0,1,1,0,115
3015967,0,0,1,1,0,0,115
3015996,0,1,0,1,0,0,115
3016103,1,1,1,1,1,0,115
3016224,1,1,1,1,1,0,115
3016385,1,1,0,0,0,0,115
3017139,0,1,1,0,1,0,115
3017209,0,0,0,0,1,0,115
3017256,0,1,1,0,1,0,115
3017430,1,1,1,1,1,0,115
3018051,0,1,0,1,0,0,115
3018069,0,1,1,0,1,0,115
3018435,0,0,1,1,0,0,115
3018451,0,0,0,0,1,0,115
3018481,1,1,0,0,0,0,115
3019119,0,0,1,1,0,0,115
3019331,0,1,0,1,0,0,115
3019428,1,0,1,0,0,0,115
3019754,0,0,1,0,0,0,115
3019851,1,1,0,0,0,0,115
3020578,0,1,1,0,1,0,115
3021077,1,0,0,1,1,0,115
3021164,0,0,1,1,0,0,115
3021240,0,1,0,1,0,0,115
3021667,0,0,0,0,1,0,115
3022016,0,1,1,0,1,0,115
3023235,1,1,0,0,0,0,115
3023450,1,0,1,0,0,0,115
3023911,0,0,0,0,1,0,115
3024214,0,1,0,1,0,0,115
3024458,0,1,0,1,0,0,115
3024753,0,0,0,0,1,0,115
3024901,1,0,1,0,0,0,115
3025036,1,1,0,0,0,0,115
3025490,0,1,0,0,0,0,115
3025596,0,1,1,0,1,0,115
3026000,1,1,0,0,0,0,115
3026077,0,0,0,0,1,0,115
3026310,1,1,0,0,0,0,115
3026430,0,0,1,1,0,0,115
3027029,1,0,0,1,1,0,115
3027516,1,1,1,1,1,0,115
3027638,1,0,1,1,0,0,115
3027782,1,0,0,1,1,0,115
3028009,1,1,0,0,0,0,115
3028191,1,1,0,0,0,0,115
3029157,0,1,1,0,1,0,115
3029385,0,1,0,1,0,0,115
3029392,0,1,1,0,1,0,115
3029535,0,1,1,0,1,0,115
3029754,1,1,1,1,1,0,115
3029845,0,1,1,0,1,0,115
3031428,0,1,0,1,0,0,115
3031612,0,1,0,1,0,0,115
3031920,1,1,1,1,1,0,115
3032655,1,1,0,0,0,0,115
3032829,0,1,1,0,1,0,115
3033575,1,0,1,0,0,0,115
3034038,0,0,1,1,0,0,115
3034307,1,0,1,0,0,0,115
3034909,0,1,0,1,0,0,115
3035333,0,1,0,1,0,0,115
3035983,1,0,0,1,1,0,115
3036780,1,0,1,0,0,0,115
3037082,0,1,1,0,1,0,115
3037174,0,0,0,1,1,1,115
3037276,0,0,0,0,1,0,115
3038114,1,0,1,0,0,0,115
3038401,0,0,0,0,1,0,115
3039510,0,0,0,0,1,0,115
3039984,1,0,0,1,1,0,115
3040169,0,0,1,1,0,0,115
3040476,1,1,1,1,1,0,115
3040523,1,0,1,0,0,0,115
3040808,1,0,1,0,0,0,115
3041469,0,0,1,1,0,0,115
3041482,0,0,0,0,1,0,115
3041518,1,0,1,0,0,0,115
3041860,0,1,0,1,0,0,115
3041937,0,1,0,1,0,0,115
3042171,1,0,1,0,0,0,115
3042626,0,0,0,1,1,1,115
3042846,0,1,1,0,1,0,115
3043667,0,1,1,0,1,0,115
3043742,1,1,1,0,1,1,115
3044045,1,1,1,1,1,0,115
3044721,0,1,1,0,1,0,115
3045303,1,0,0,1,1,0,115
3045780,0,0,1,0,0,0,115
3045877,0,0,0,0,1,0,115
3047268,1,1,0,0,0,0,115
3047612,0,0,0,0,1,0,115
3047673,0,1,1,0,1,0,115
3047801,1,0,1,0,0,0,115
3047847,0,1,0,1,0,0,115
3048060,1,1,1,1,1,0,115
3048099,1,0,1,0,0,0,115
3048224,0,1,1,0,1,0,115
3048367,0,0,1,1,0,0,115
3049293,0,1,0,1,0,0,115
3049471,0,1,0,1,0,0,115
3050021,0,1,0,1,0,0,115
3050053,0,1,0,1,0,0,115
3051049,0,1,1,0,1,0,115
3051404,0,0,0,0,1,0,115
3051515,0,1,1,0,1,0,115
3051902,0,1,1,0,1,0,115
3051995,0,1,1,0,1,0,115
3052245,1,0,0,1,1,0,115
3052645,1,0,1,0,0,0,115
3053152,1,1,0,0,0,0,115
3053409,0,1,1,1,1,1,115
3053567,1,0,1,0,0,0,115
3053593,0,0,0,0,1,0,115
3053598,1,1,0,0,0,0,115
3053627,0,0,1,1,0,0,115
3053738,1,0,0,1,1,0,115
3054414,0,1,1,0,1,0,115
3055448,1,1,0,0,0,0,115
3055975,0,0,0,0,1,0,115
3056103,0,1,1,0,1,0,115
3056266,1,1,1,1,1,0,115
3056890,1,1,1,1,1,0,115
3056919,1,1,0,0,0,0,115
3057297,1,1,1,1,1,0,115
3057469,0,0,1,1,0,0,115
3057559,0,1,0,1,0,0,115
3057755,1,0,1,0,0,0,115
3057831,0,1,1,0,1,0,115
3057949,1,1,0,0,0,0,115
3057962,1,1,1,1,1,0,115
3058595,1,0,0,1,1,0,115
3058697,1,0,0,1,1,0,115
3059066,0,0,1,1,0,0,115
3059096,1,0,1,0,0,0,115
3059282,0,0,0,0,1,0,115
3059293,0,0,0,0,1,0,115
3059586,1,1,0,0,0,0,115
3059611,1,0,0,1,1,0,115
3059642,0,1,1,0,1,0,115
3059988,1,1,1,1,1,0,115
3060645,1,0,0,1,1,0,115
3061411,1,0,1,0,0,0,115
3061538,1,1,0,0,0,0,115
3062005,1,0,1,0,0,0,115
3062067,1,1,0,0,0,0,115
3062384,1,0,0,1,1,0,115
3062695,0,0,0,0,1,0,115
3063012,0,0,0,0,1,0,115
3063270,0,0,0,0,1,0,115
3063336,0,1,1,0,1,0,115
3063427,0,1,0,1,0,0,115
3063432,1,0,0,1,1,0,115
3063664,0,0,0,0,1,0,115
3063861,0,1,1,0,1,0,115
3064097,0,1,1,0,1,0,115
3064819,0,1,1,0,1,0,115
3065283,0,1,0,1,0,0,115
3065352,0,1,1,0,1,0,115
3065811,1,0,0,1,1,0,115
3066050,0,0,0,0,1,0,115
3067472,1,1,1,1,1,0,115
3067529,1,1,0,0,0,0,115
3068028,0,1,1,0,1,0,115
3068064,1,1,1,1,1,0,115
3068508,1,0,0,1,1,0,115
3068842,1,0,1,0,0,0,115
3069241,1,0,0,1,1,0,115
3070030,1,0,1,0,0,0,115
3070234,0,1,0,1,0,0,115
3070584,1,0,1,0,0,0,115
3070994,0,1,1,0,1,0,115
3071401,1,0,0,1,1,0,115
3071409,0,0,0,0,1,0,115
3071742,1,1,0,0,0,0,115
3071764,0,0,1,1,0,0,115
3071900,1,0,1,0,0,0,115
3071940,1,1,0,0,0,0,115
3072047,1,0,1,1,0,0,115
3072171,0,0,0,0,1,0,115
3073581,0,1,0,1,0,0,115
3073705,0,0,1,1,0,0,115
3073730,0,0,0,0,1,0,115
3074058,0,1,0,1,0,0,115
3074288,1,0,0,1,1,0,115
3074685,1,1,1,1,1,0,115
3075032,0,1,1,0,1,0,115
3076406,1,1,1,1,1,0,115
3076528,0,1,1,0,1,0,115
3076544,0,1,1,0,1,0,115
3076880,0,0,0,0,1,0,115
3076969,0,0,1,1,0,0,115
3077061,1,0,0,1,1,0,115
3077099,0,1,1,0,1,0,115
3077363,0,1,1,0,1,0,115
3078023,1,1,1,1,1,0,115
3078042,0,1,0,1,0,0,115
3078139,1,1,0,0,0,0,115
3078225,0,0,1,1,0,0,115
3078502,0,0,0,0,1,0,115
3078634,0,0,1,1,0,0,115
3079211,0,0,1,1,0,0,115
3079340,1,1,1,1,1,0,115
3079931,0,1,1,0,1,0,115
3079943,1,1,1,1,1,0,115
3080147,1,1,0,0,0,0,115
3080803,0,0,1,1,0,0,77
3081060,0,1,0,1,0,0,77
3081390,1,0,1,0,0,0,77
3081585,0,0,1,1,0,0,77
3081590,1,0,1,0,0,0,77
3081923,0,0,1,1,0,0,77
3082163,1,1,0,0,0,0,77
3083611,0,0,1,1,0,0,77
3084613,0,1,1,0,1,0,77
3084919,1,0,0,1,1,0,77
3085207,0,1,1,0,1,0,77
3085390,1,1,1,1,1,0,77
3085792,1,0,1,0,0,0,77
3086145,1,0,0,1,1,0,77
3086262,1,0,0,1,1,0,77
3086902,0,0,0,0,1,0,77
3088356,0,0,1,1,0,0,77
3088476,1,0,0,1,1,0,77
3089438,0,1,1,1,1,1,77
3089546,1,1,0,0,0,0,77
3090300,0,1,1,0,1,0,77
3091407,0,0,1,1,0,0,77
3091460,1,1,0,0,0,0,77
3091625,0,0,1,1,0,0,77
3092084,1,1,0,0,0,0,77
3092585,1,1,1,1,1,0,77
3092779,1,0,1,0,0,0,77
3094472,1,1,0,0,0,0,77
3095006,1,0,1,0,0,0,77
3095582,1,1,0,0,0,0,77
3095702,1,1,1,1,1,0,77
3095821,1,0,1,0,0,0,77
3096729,0,1,0,1,0,0,77
3096746,0,0,0,0,1,0,77
3096811,1,1,1,1,1,0,77
3097124,0,0,1,1,0,0,77
3097329,1,0,1,0,0,0,77
3097539,1,0,0,1,1,0,77
3097905,0,0,1,1,0,0,77
3098152,1,1,0,0,0,0,77
3099312,1,1,0,0,0,0,77
3099410,1,1,0,0,0,0,77
3099784,0,1,0,1,0,0,77
3101125,1,0,0,1,1,0,77
3101197,0,0,1,1,0,0,77
3101508,0,1,0,1,0,0,77
3101725,1,0,1,0,0,0,77
3102793,0,0,0,0,1,0,77
3103365,0,0,0,0,1,0,77
3103564,1,1,0,0,0,0,77
3103598,0,1,0,1,0,0,77
3103848,1,0,1,0,0,0,77
3104029,1,0,0,1,1,0,77
3105407,0,1,1,0,1,0,77
3105681,1,1,0,0,0,0,77
3106257,0,1,0,1,0,0,77
3106467,1,0,1,0,0,0,77
3106554,0,1,1,0,1,0,77
3106624,1,0,1,0,0,0,77
3106634,1,1,1,1,1,0,77
3107029,1,0,0,1,1,0,77
3108125,1,0,1,0,0,0,77
3108380,0,1,0,1,0,0,77
3109654,1,0,1,0,0,0,77
3109751,0,1,0,1,0,0,77
3109898,0,0,1,1,0,0,77
3110071,0,0,0,0,1,0,77
3110334,0,0,0,0,1,0,77
3110394,0,0,0,0,1,0,77
3110482,0,0,0,0,1,0,77
3110496,0,0,1,1,0,0,77
3112432,0,1,0,1,0,0,77
3113657,0,0,0,0,1,0,77
3113672,0,0,0,0,1,0,77
3114379,0,1,0,1,0,0,77
3114390,1,1,0,1,0,0,77
3114921,0,1,0,1,0,0,77
3115608,1,0,0,1,1,0,77
3115651,0,1,1,0,1,0,77
3115919,1,1,0,0,0,0,77
3115961,0,1,1,0,1,0,77
3116718,1,0,1,0,0,0,77
3116982,0,1,0,1,0,0,77
3117351,1,1,0,0,0,0,77
3117587,0,0,1,1,0,0,77
3119168,0,1,1,0,1,0,77
3119578,0,1,1,0,1,0,77
3119660,1,0,0,1,1,0,77
3119928,1,1,1,1,1,0,77
3120166,0,1,1,0,1,0,77
3120761,0,0,0,0,1,0,77
3121392,0,0,0,0,1,0,77
3121393,0,1,1,0,1,0,77
3122406,0,0,1,1,0,0,77
3125665,1,0,1,0,0,0,77
3126146,1,1,1,1,1,0,77
3126894,0,1,1,0,1,0,77
3127566,0,0,0,0,1,0,77
3128132,1,0,0,1,1,0,77
3128168,1,1,0,0,0,0,77
3128371,1,1,0,0,0,0,77
3128618,0,1,0,1,0,0,77
3128862,1,1,0,0,0,0,77
3129040,0,1,0,1,0,0,77
3129610,1,0,0,1,1,0,77
3129751,1,0,1,0,0,0,77
3130619,0,0,1,1,0,0,77
3130621,1,0,1,0,0,0,77
3130959,1,0,1,0,0,0,77
3130965,0,0,0,0,1,0,77
3131738,1,1,1,1,1,0,77
3131853,0,0,1,1,0,0,77
3131886,1,1,1,1,1,0,77
3132480,1,0,1,0,0,0,77
3132585,0,1,1,0,1,0,77
3133357,0,0,1,1,0,0,77
3134226,1,1,0,0,0,0,77
3134575,0,0,0,0,1,0,77
3135173,1,0,1,0,0,0,77
3135952,0,1,0,1,0,0,77
3136179,0,1,0,1,0,0,77
3136344,0,0,1,1,0,0,77
3136474,0,0,1,1,0,0,77
3136592,1,0,0,1,1,0,77
3137320,1,1,1,1,1,0,77
3137875,0,0,1,1,0,0,77
3138017,1,1,1,1,1,0,77
3138113,0,0,0,0,1,0,77
3138277,0,0,0,0,1,0,77
3138505,1,0,1,0,0,0,77
3138626,1,0,0,1,1,0,77
3139327,0,0,1,1,0,0,77
3139515,1,1,0,0,0,0,77
3140617,0,1,1,0,1,0,77
3140827,1,1,1,1,1,0,77
3141292,1,1,1,1,1,0,77
3141950,0,1,1,0,1,0,77
3142266,0,1,1,0,1,0,77
3144607,0,1,0,1,0,0,77
3145012,0,1,1,0,1,0,77
3145086,0,1,0,1,0,0,77
3145829,0,0,1,1,0,0,255
3145887,0,1,0,1,0,0,255
3145974,0,1,1,0,1,0,255
3146158,1,1,1,1,1,0,255
3146188,0,0,0,1,1,1,255
3146428,1,0,1,0,0,0,255
3146667,1,1,0,0,0,0,255
3147067,0,1,1,0,1,0,255
3147478,1,0,1,0,0,0,255
3147733,1,1,0,0,0,0,255
3147764,0,1,0,1,0,0,255
3147790,1,1,0,0,0,0,255
3147837,0,1,1,0,1,0,255
3147848,1,0,1,0,0,0,255
3147934,0,0,0,0,1,0,255
3147986,0,0,1,1,0,0,255
3148051,0,1,0,1,0,0,255
3148103,0,0,1,1,0,0,255
3148533,0,1,0,1,0,0,255
3148603,0,0,1,1,0,0,255
3148675,0,1,0,1,0,0,255
3148802,1,1,0,0,0,0,255
3149017,1,0,1,1,0,0,255
3149030,1,1,0,0,0,0,255
3149127,0,0,0,0,1,0,255
3149411,1,1,1,1,1,0,255
3149445,1,0,1,0,0,0,255
3149479,1,0,0,1,1,0,255
3149871,0,0,1,1,0,0,255
3149911,0,0,1,1,0,0,255
3150059,0,1,1,0,1,0,255
3150123,1,0,1,0,0,0,255
3150131,0,0,1,1,0,0,255
3150653,0,0,1,1,0,0,255
3151701,1,0,0,1,1,0,255
3151755,1,0,0,1,1,0,255
3151993,0,0,1,1,0,0,255
3152055,0,1,1,0,1,0,255
3152195,1,1,1,1,1,0,255
3152247,0,0,1,1,0,0,255
3152305,1,1,1,1,1,0,255
3152474,0,0,0,0,1,0,255
3152522,0,1,1,1,1,1,255
3152557,0,0,0,0,1,0,255
3152745,0,1,1,0,1,0,255
3152848,0,0,0,0,1,0,255
3152916,1,1,0,0,0,0,255
3153113,1,1,0,0,0,0,255
3153603,1,1,0,0,0,0,255
3154039,0,1,1,0,1,0,255
3154304,0,0,1,1,0,0,255
3154368,0,0,0,0,1,0,255
3154384,0,0,1,1,0,0,255
3154393,0,0,1,1,0,0,255
3154581,0,0,1,1,0,0,255
3154596,1,1,1,1,1,0,255
3154605,1,1,1,1,1,0,255
3154621,0,0,0,0,1,0,255
3154650,1,1,1,1,1,0,255
3154801,1,0,1,0,0,0,255
3154883,0,1,0,1,0,0,255
3155112,1,0,1,0,0,0,255
3155243,0,1,0,1,0,0,255
3155347,1,0,0,1,1,0,255
3155399,0,0,0,0,1,0,255
3155806,0,1,0,1,0,0,255
3155812,0,1,1,0,1,0,255
3156202,1,1,1,1,1,0,255
3156258,1,1,1,1,1,0,255
3156413,0,1,0,1,0,0,255
3156450,0,1,1,0,1,0,255
3156480,0,0,1,1,0,0,255
3156500,0,0,0,0,1,0,255
3156501,1,0,0,1,1,0,255
3156642,0,1,0,1,0,0,255
3157004,1,1,0,0,0,0,255
3157077,1,0,1,0,0,0,255
3157121,0,0,0,0,1,0,255
3157373,1,1,0,0,0,0,255
3157446,1,1,1,1,1,0,255
3157618,0,1,0,1,0,0,255
3157627,0,0,1,0,0,0,255
3157675,0,1,0,0,0,0,255
3157865,0,1,1,0,1,0,255
3158017,1,0,0,1,1,0,255
3158058,1,0,0,1,1,0,255
3158087,1,0,1,0,0,0,255
3158093,1,0,1,0,0,0,255
3158309,0,0,0,0,1,0,255
3158334,1,1,0,0,0,0,255
3158535,1,0,0,1,1,0,255
3158576,0,1,0,1,0,0,255
3158629,0,0,1,1,0,0,255
3158674,0,1,1,0,1,0,255
3158681,1,0,1,0,0,0,255
3158722,0,0,1,1,0,0,255
3158744,1,0,0,1,1,0,255
3158847,0,1,0,1,0,0,255
3158946,1,0,0,1,1,0,255
3159255,1,0,0,1,1,0,255
3159619,0,0,1,1,0,0,255
3160022,1,1,0,0,0,0,255
3160317,0,0,0,0,1,0,255
3160340,0,1,0,1,0,0,255
3160526,0,1,0,1,0,0,255
3160565,1,1,1,1,1,0,255
3160621,0,1,1,0,1,0,255
3160678,0,0,0,0,1,0,255
3160851,1,0,1,0,0,0,255
3161004,1,0,0,1,1,0,255
3161039,1,0,1,0,0,0,255
3161089,1,0,0,1,1,0,255
3161135,0,0,1,1,0,0,255
3161148,0,0,1,1,0,0,255
3161230,1,1,0,0,0,0,255
3161828,1,0,1,0,0,0,255
3162340,1,0,1,0,0,0,255
3162436,1,0,0,1,1,0,255
3162675,0,0,1,1,0,0,255
3162813,1,1,0,0,0,0,255
3162888,1,0,1,0,0,0,255
3162897,1,0,0,1,1,0,255
3163032,0,1,1,0,1,0,255
3163117,1,0,1,0,0,0,255
3163126,1,1,0,0,0,0,255
3163405,0,0,0,0,1,0,255
3163735,1,0,0,1,1,0,255
3163785,1,1,0,0,0,0,255
3163818,0,1,0,1,0,0,255
3164003,1,0,0,0,1,1,255
3164288,0,1,1,0,1,0,255
3164367,1,1,0,0,0,0,255
3164413,1,1,0,0,0,0,255
3164429,0,1,0,1,0,0,255
3164626,1,1,1,1,1,0,255
3164780,1,0,0,1,1,0,255
3164891,0,1,0,1,0,0,255
3165042,1,1,1,1,1,0,255
3165232,0,1,0,1,0,0,255
3165427,0,0,1,1,0,0,255
3165496,0,0,1,1,0,0,255
3165509,1,0,1,0,0,0,255
3165539,0,1,0,1,0,0,255
3165657,0,1,1,0,1,0,255
3165915,1,1,1,1,1,0,255
3166074,1,0,1,0,0,0,255
3166379,1,0,1,0,0,0,255
3166412,1,1,0,0,0,0,255
3166417,1,0,1,0,0,0,255
3166459,1,0,1,0,0,0,255
3166513,0,0,1,1,0,0,255
3166804,1,0,1,0,0,0,255
3167159,1,0,0,1,1,0,255
3167192,1,1,1,1,1,0,255
3167369,0,1,0,1,0,0,255
3167421,0,0,1,1,0,0,255
3167519,1,1,0,0,0,0,255
3167577,1,0,0,1,1,0,255
3167929,0,0,1,1,0,0,255
3168132,1,0,1,0,0,0,255
3168135,1,0,1,0,0,0,255
3168150,1,1,1,1,1,0,255
3168459,0,1,1,0,1,0,255
3168468,1,1,0,0,0,0,255
3168504,1,1,0,0,0,0,255
3168612,1,0,0,1,1,0,255
3168615,1,0,0,1,1,0,255
3168636,0,1,1,0,1,0,255
3168907,1,1,1,1,1,0,255
3168935,1,1,1,1,1,0,255
3168972,1,0,1,0,0,0,255
3169182,1,1,0,0,0,0,255
3169217,1,0,1,0,0,0,255
3169243,0,1,0,1,0,0,255
3169257,0,1,0,1,0,0,255
3169261,0,1,1,0,1,0,255
3169693,1,1,0,0,0,0,255
3169694,0,0,0,0,1,0,255
3169788,1,1,1,1,1,0,255
3169865,1,1,1,1,1,0,255
3170061,1,0,0,1,1,0,255
3170072,1,1,0,0,0,0,255
3170208,1,1,0,0,0,0,255
3170217,0,0,1,1,0,0,255
3170448,1,0,0,1,1,0,255
3170572,1,0,1,0,0,0,255
3170653,1,1,0,0,0,0,255
3170688,0,1,1,0,1,0,255
3171082,1,1,0,0,0,0,255
3171486,1,0,1,0,0,0,255
3171518,1,0,1,0,0,0,255
3171600,0,0,1,1,0,0,255
3171720,1,0,1,0,0,0,255
3172392,0,0,1,1,0,0,255
3172482,1,1,0,0,0,0,255
3172599,1,0,0,1,1,0,255
3172940,1,1,0,0,0,0,255
3173429,0,0,0,0,1,0,255
3173491,1,0,1,0,0,0,255
3173623,0,0,1,1,0,0,255
3173855,0,1,1,0,1,0,255
3173997,1,0,0,1,1,0,255
3174012,0,1,1,0,1,0,255
3174017,1,1,0,0,0,0,255
3174101,1,1,0,0,0,0,255
3174128,1,1,1,1,1,0,255
3174130,1,1,0,0,0,0,255
3174439,0,0,1,1,0,0,255
3174540,1,1,1,1,1,0,255
3174615,1,1,1,1,1,0,255
3174688,0,1,0,1,0,0,255
3174716,0,1,0,1,0,0,255
3174943,0,0,1,1,0,0,255
3175046,0,1,0,1,0,0,255
3175214,0,1,1,0,1,0,255
3175239,0,0,0,0,1,0,255
3175365,0,1,0,1,0,0,255
3175423,0,1,1,0,1,0,255
3175916,0,1,1,0,1,0,255
3175958,0,1,1,0,1,0,255
3176068,0,0,0,0,1,0,255
3176166,0,1,0,1,0,0,255
3176188,1,0,0,1,1,0,255
3176332,0,0,0,0,1,0,255
3176401,1,1,1,1,1,0,255
3176590,1,1,0,0,0,0,255
3176778,1,1,0,0,0,0,255
3176838,1,1,0,0,0,0,255
3176952,1,0,1,0,0,0,255
3176960,0,1,1,0,1,0,255
3177082,0,0,0,0,1,0,255
3177100,1,0,0,1,1,0,255
3177554,1,0,0,1,1,0,255
3177706,1,1,0,0,0,0,255
3177809,0,1,0,1,0,0,255
3177810,0,1,0,1,0,0,255
3178038,0,1,1,0,1,0,255
3178139,0,1,0,1,0,0,255
3178251,1,1,1,1,1,0,255
3178272,1,0,1,0,0,0,255
3178338,0,0,1,1,0,0,255
3178553,1,0,0,1,1,0,255
3178568,0,0,0,0,1,0,255
3178783,1,1,0,0,0,0,255
3178942,1,1,0,0,0,0,255
3178946,1,1,1,1,1,0,255
3179131,1,1,0,0,0,0,255
3179136,0,0,1,1,0,0,255
3179152,1,1,1,1,1,0,255
3179182,0,0,1,1,0,0,255
