attempt,a_data,a_basis,b_basis,bob,bmatch,err,irrad,mode,mu,lam_idx
12,0,0,0,0,1,0,149,1,9,0
659,0,0,0,0,1,0,149,1,9,0
705,1,1,1,1,1,0,149,1,9,0
940,0,0,0,0,1,0,149,1,9,0
1005,0,0,1,1,0,0,149,1,9,0
1579,0,0,1,1,0,0,149,1,9,0
1619,0,0,1,1,0,0,149,1,9,0
1887,0,1,1,0,1,0,149,1,9,0
1986,1,0,1,0,0,0,149,1,9,0
2049,1,1,1,1,1,0,149,1,9,0
4902,0,1,0,1,0,0,149,1,9,0
5395,1,0,1,0,0,0,149,1,9,0
6632,0,1,0,1,0,0,149,1,9,0
6657,1,0,0,0,1,1,149,1,9,0
7712,1,0,1,0,0,0,149,1,9,0
7948,1,1,1,1,1,0,149,1,9,0
8084,1,0,0,1,1,0,149,1,9,0
8090,1,1,0,0,0,0,149,1,9,0
9208,0,0,0,0,1,0,149,1,9,0
10027,0,1,0,1,0,0,149,1,9,0
10418,1,0,1,0,0,0,149,1,9,0
10489,1,0,1,0,0,0,149,1,9,0
10713,1,1,1,1,1,0,149,1,9,0
10717,0,0,0,0,1,0,149,1,9,0
11038,0,0,1,1,0,0,149,1,9,0
11226,1,0,0,1,1,0,149,1,9,0
11275,0,1,1,0,1,0,149,1,9,0
12010,0,0,1,1,0,0,149,1,9,0
12412,1,1,1,1,1,0,149,1,9,0
12838,0,1,1,0,1,0,149,1,9,0
13401,1,0,1,0,0,0,149,1,9,0
13608,0,1,1,0,1,0,149,1,9,0
14267,1,0,1,0,0,0,149,1,9,0
14426,1,1,0,0,0,0,149,1,9,0
15146,0,1,0,1,0,0,149,1,9,0
16462,0,1,1,0,1,0,149,1,9,0
16670,1,1,1,1,1,0,149,1,9,0
16874,0,0,0,0,1,0,149,1,9,0
17151,0,0,0,0,1,0,149,1,9,0
18736,0,0,0,0,1,0,149,1,9,0
19115,1,0,1,0,0,0,149,1,9,0
19309,1,1,0,0,0,0,149,1,9,0
19811,0,1,0,1,0,0,149,1,9,0
20209,0,1,1,0,1,0,149,1,9,0
20797,0,1,1,0,1,0,149,1,9,0
21014,1,1,1,1,1,0,149,1,9,0
21489,0,1,1,0,1,0,149,1,9,0
21974,1,0,0,0,1,1,149,1,9,0
22451,1,0,0,1,1,0,149,1,9,0
26069,1,0,0,1,1,0,149,1,9,0
27075,0,1,1,0,1,0,149,1,9,0
27325,0,1,0,1,0,0,149,1,9,0
27625,1,1,0,0,0,0,149,1,9,0
31245,1,0,0,1,1,0,149,1,9,0
31656,1,1,1,1,1,0,149,1,9,0
32302,1,0,0,1,1,0,149,1,9,0
33077,1,1,1,1,1,0,149,1,9,0
33369,0,1,0,0,0,0,149,1,9,0
33638,1,0,0,1,1,0,149,1,9,0
34084,0,0,1,1,0,0,149,1,9,0
34765,0,1,1,0,1,0,149,1,9,0
34865,0,1,0,1,0,0,149,1,9,0
35417,0,0,0,0,1,0,149,1,9,0
36222,0,1,0,1,0,0,149,1,9,0
36413,1,1,0,1,0,0,149,1,9,0
36625,0,1,1,0,1,0,149,1,9,0
36932,1,0,1,1,0,0,149,1,9,0
38123,1,1,0,0,0,0,149,1,9,0
38350,1,1,1,1,1,0,149,1,9,0
38383,0,1,1,0,1,0,149,1,9,0
38822,0,0,0,0,1,0,149,1,9,0
39190,1,1,1,1,1,0,149,1,9,0
40530,0,1,0,1,0,0,149,1,9,0
41205,1,1,0,1,0,0,149,1,9,0
41678,1,0,1,0,0,0,149,1,9,0
42138,0,1,1,0,1,0,149,1,9,0
42426,1,1,0,0,0,0,149,1,9,0
44061,1,1,1,1,1,0,149,1,9,0
44349,0,0,1,1,0,0,149,1,9,0
45046,0,1,1,0,1,0,149,1,9,0
45123,1,1,0,0,0,0,149,1,9,0
46427,1,1,0,0,0,0,149,1,9,0
46470,1,0,1,0,0,0,149,1,9,0
48727,0,1,0,1,0,0,149,1,9,0
48779,0,1,0,1,0,0,149,1,9,0
49146,0,0,1,1,0,0,149,1,9,0
50028,1,0,0,1,1,0,149,1,9,0
50348,0,1,1,0,1,0,149,1,9,0
50743,1,1,1,1,1,0,149,1,9,0
51039,0,0,0,0,1,0,149,1,9,0
51788,0,0,0,0,1,0,149,1,9,0
53780,0,1,1,0,1,0,149,1,9,0
54247,1,1,1,1,1,0,149,1,9,0
54556,1,1,0,0,0,0,149,1,9,0
56146,1,1,1,1,1,0,149,1,9,0
57449,1,1,1,1,1,0,149,1,9,0
57450,1,0,1,0,0,0,149,1,9,0
57592,1,0,1,0,0,0,149,1,9,0
57646,1,0,0,1,1,0,149,1,9,0
58131,0,1,0,1,0,0,149,1,9,0
58630,0,0,1,1,0,0,149,1,9,0
58640,0,1,0,1,0,0,149,1,9,0
59983,0,0,0,0,1,0,149,1,9,0
60175,0,1,0,1,0,0,149,1,9,0
60576,0,0,1,1,0,0,149,1,9,0
61021,0,0,0,0,1,0,149,1,9,0
61716,0,1,0,1,0,0,149,1,9,0
61994,0,0,1,1,0,0,149,1,9,0
62054,0,1,1,0,1,0,149,1,9,0
62668,0,0,1,1,0,0,149,1,9,0
63195,0,1,1,0,1,0,149,1,9,0
63813,0,1,1,0,1,0,149,1,9,0
63836,0,1,1,0,1,0,149,1,9,0
68053,1,0,1,0,0,0,115,1,9,0
68100,1,0,0,1,1,0,115,1,9,0
69028,1,1,0,0,0,0,115,1,9,0
70848,1,1,1,1,1,0,115,1,9,0
73671,1,1,0,0,0,0,115,1,9,0
77748,0,1,1,0,1,0,115,1,9,0
77849,0,1,1,0,1,0,115,1,9,0
80685,1,0,0,1,1,0,115,1,9,0
80831,0,0,0,0,1,0,115,1,9,0
80856,1,1,0,0,0,0,115,1,9,0
80881,1,1,1,1,1,0,115,1,9,0
82192,1,1,0,0,0,0,115,1,9,0
82653,1,1,1,1,1,0,115,1,9,0
82781,1,1,1,1,1,0,115,1,9,0
82935,0,0,0,0,1,0,115,1,9,0
84249,1,0,0,1,1,0,115,1,9,0
86348,1,0,0,1,1,0,115,1,9,0
87088,1,1,0,0,0,0,115,1,9,0
87247,1,1,1,1,1,0,115,1,9,0
87795,1,0,1,0,0,0,115,1,9,0
89510,1,1,0,0,0,0,115,1,9,0
89917,0,1,1,0,1,0,115,1,9,0
91342,1,1,0,0,0,0,115,1,9,0
93826,0,1,0,1,0,0,115,1,9,0
93945,0,0,0,0,1,0,115,1,9,0
94597,0,1,0,1,0,0,115,1,9,0
95852,1,1,1,1,1,0,115,1,9,0
100612,0,0,1,1,0,0,115,1,9,0
102168,1,1,0,0,0,0,115,1,9,0
102819,1,1,1,1,1,0,115,1,9,0
102969,1,1,0,0,0,0,115,1,9,0
103681,1,0,1,0,0,0,115,1,9,0
104636,0,0,0,0,1,0,115,1,9,0
104860,1,0,0,1,1,0,115,1,9,0
106282,1,0,1,0,0,0,115,1,9,0
106775,0,1,0,1,0,0,115,1,9,0
107405,1,1,0,0,0,0,115,1,9,0
107803,0,1,1,0,1,0,115,1,9,0
107860,1,1,1,1,1,0,115,1,9,0
107979,1,1,0,0,0,0,115,1,9,0
110347,1,1,1,1,1,0,115,1,9,0
111185,1,0,1,0,0,0,115,1,9,0
111788,0,0,1,0,0,0,115,1,9,0
112229,0,1,1,0,1,0,115,1,9,0
113502,0,1,1,0,1,0,115,1,9,0
114208,0,0,1,1,0,0,115,1,9,0
117309,1,0,1,0,0,0,115,1,9,0
117485,1,0,1,0,0,0,115,1,9,0
117635,1,1,0,0,0,0,115,1,9,0
118332,1,1,0,0,0,0,115,1,9,0
119173,0,0,0,0,1,0,115,1,9,0
120155,0,0,0,0,1,0,115,1,9,0
121217,0,1,1,0,1,0,115,1,9,0
121230,0,0,1,1,0,0,115,1,9,0
121792,0,1,0,1,0,0,115,1,9,0
121973,0,1,0,1,0,0,115,1,9,0
122149,0,0,0,0,1,0,115,1,9,0
123989,0,1,1,0,1,0,115,1,9,0
124555,1,1,1,1,1,0,115,1,9,0
125337,1,1,1,1,1,0,115,1,9,0
125799,0,0,1,1,0,0,115,1,9,0
126464,1,0,1,0,0,0,115,1,9,0
127146,0,1,0,1,0,0,115,1,9,0
127251,0,1,0,1,0,0,115,1,9,0
129358,0,1,1,0,1,0,115,1,9,0
129654,0,0,0,1,1,1,115,1,9,0
130341,1,0,1,0,0,0,115,1,9,0
131486,1,0,0,1,1,0,131,1,9,0
132647,1,0,0,0,1,1,131,1,9,0
133641,0,1,0,1,0,0,131,1,9,0
134103,0,1,1,0,1,0,131,1,9,0
134991,1,1,0,0,0,0,131,1,9,0
135521,0,0,0,0,1,0,131,1,9,0
135705,0,1,0,1,0,0,131,1,9,0
135792,0,1,1,0,1,0,131,1,9,0
136035,1,0,0,1,1,0,131,1,9,0
137493,1,1,1,1,1,0,131,1,9,0
137952,1,1,0,0,0,0,131,1,9,0
138958,1,0,1,0,0,0,131,1,9,0
141380,0,0,0,0,1,0,131,1,9,0
142811,1,1,1,1,1,0,131,1,9,0
143066,0,0,0,0,1,0,131,1,9,0
144920,1,1,1,1,1,0,131,1,9,0
145564,0,0,0,0,1,0,131,1,9,0
147392,1,1,1,1,1,0,131,1,9,0
147484,1,0,1,0,0,0,131,1,9,0
148033,0,0,0,0,1,0,131,1,9,0
149000,1,0,1,0,0,0,131,1,9,0
150600,0,0,0,0,1,0,131,1,9,0
153913,1,0,0,1,1,0,131,1,9,0
155531,1,0,0,1,1,0,131,1,9,0
155698,0,0,1,1,0,0,131,1,9,0
156819,1,1,0,0,0,0,131,1,9,0
157741,1,1,0,0,0,0,131,1,9,0
159117,0,1,1,0,1,0,131,1,9,0
161878,0,1,0,1,0,0,131,1,9,0
162172,0,1,0,1,0,0,131,1,9,0
162925,0,0,0,0,1,0,131,1,9,0
163015,0,1,1,1,1,1,131,1,9,0
163312,0,0,0,0,1,0,131,1,9,0
163399,0,1,0,1,0,0,131,1,9,0
163885,1,1,1,1,1,0,131,1,9,0
164257,1,0,0,1,1,0,131,1,9,0
165008,0,0,1,1,0,0,131,1,9,0
165794,1,0,0,1,1,0,131,1,9,0
165980,1,0,0,1,1,0,131,1,9,0
166137,0,1,0,1,0,0,131,1,9,0
166504,0,1,0,1,0,0,131,1,9,0
166873,1,1,0,0,0,0,131,1,9,0
167016,1,1,0,0,0,0,131,1,9,0
168267,0,1,1,0,1,0,131,1,9,0
168307,1,0,1,0,0,0,131,1,9,0
169269,1,0,1,0,0,0,131,1,9,0
169470,1,0,1,0,0,0,131,1,9,0
170003,1,1,0,0,0,0,131,1,9,0
172143,0,1,0,1,0,0,131,1,9,0
172530,1,1,1,1,1,0,131,1,9,0
173665,0,1,0,1,0,0,131,1,9,0
173810,0,0,0,0,1,0,131,1,9,0
174560,0,1,1,1,1,1,131,1,9,0
175719,0,0,0,0,1,0,131,1,9,0
177893,1,0,1,0,0,0,131,1,9,0
180636,0,0,0,0,1,0,131,1,9,0
180740,0,0,1,1,0,0,131,1,9,0
182305,1,1,0,0,0,0,131,1,9,0
182389,1,0,1,0,0,0,131,1,9,0
183283,0,0,1,1,0,0,131,1,9,0
183373,0,1,0,1,0,0,131,1,9,0
183637,0,0,0,0,1,0,131,1,9,0
184852,1,1,0,0,0,0,131,1,9,0
186289,0,0,0,0,1,0,131,1,9,0
186471,1,1,0,0,0,0,131,1,9,0
187567,0,0,0,0,1,0,131,1,9,0
187723,1,0,0,1,1,0,131,1,9,0
187744,0,1,1,0,1,0,131,1,9,0
188332,0,1,0,1,0,0,131,1,9,0
189198,1,1,0,0,0,0,131,1,9,0
190201,0,1,0,1,0,0,131,1,9,0
190250,1,0,1,0,0,0,131,1,9,0
190286,1,1,0,0,0,0,131,1,9,0
190596,0,0,1,1,0,0,131,1,9,0
191986,0,1,1,0,1,0,131,1,9,0
194141,0,0,1,1,0,0,131,1,9,0
194771,1,0,0,1,1,0,131,1,9,0
195829,1,1,0,0,0,0,131,1,9,0
196793,0,1,1,0,1,0,112,1,9,0
197736,1,0,0,1,1,0,112,1,9,0
198823,1,0,1,1,0,0,112,1,9,0
200524,1,0,1,0,0,0,112,1,9,0
203408,1,1,1,1,1,0,112,1,9,0
203445,1,1,1,1,1,0,112,1,9,0
204369,1,0,0,1,1,0,112,1,9,0
204548,0,1,0,1,0,0,112,1,9,0
205514,1,1,1,1,1,0,112,1,9,0
206491,0,0,0,0,1,0,112,1,9,0
206776,1,0,1,0,0,0,112,1,9,0
207249,1,1,0,0,0,0,112,1,9,0
207999,1,1,0,0,0,0,112,1,9,0
209511,0,1,1,0,1,0,112,1,9,0
209512,0,0,1,1,0,0,112,1,9,0
209648,1,1,0,0,0,0,112,1,9,0
210497,1,0,1,0,0,0,112,1,9,0
210803,0,0,1,1,0,0,112,1,9,0
211365,0,0,1,1,0,0,112,1,9,0
211840,0,1,0,1,0,0,112,1,9,0
212673,0,1,1,0,1,0,112,1,9,0
213242,0,1,0,1,0,0,112,1,9,0
213625,1,1,0,0,0,0,112,1,9,0
214232,1,0,0,1,1,0,112,1,9,0
214495,1,1,0,0,0,0,112,1,9,0
215820,1,1,0,0,0,0,112,1,9,0
216837,0,0,1,0,0,0,112,1,9,0
216868,1,0,1,0,0,0,112,1,9,0
217425,0,0,1,1,0,0,112,1,9,0
218658,1,1,1,1,1,0,112,1,9,0
218899,1,0,1,0,0,0,112,1,9,0
220383,1,1,0,0,0,0,112,1,9,0
222601,0,0,0,0,1,0,112,1,9,0
222959,0,0,1,1,0,0,112,1,9,0
223429,0,0,0,0,1,0,112,1,9,0
223710,1,1,0,0,0,0,112,1,9,0
224526,0,0,1,1,0,0,112,1,9,0
224578,0,0,1,1,0,0,112,1,9,0
225857,1,1,1,1,1,0,112,1,9,0
226361,1,1,0,0,0,0,112,1,9,0
226826,0,0,0,0,1,0,112,1,9,0
227897,0,0,1,1,0,0,112,1,9,0
229130,1,1,0,0,0,0,112,1,9,0
230979,0,1,1,0,1,0,112,1,9,0
231581,0,0,0,0,1,0,112,1,9,0
231696,0,1,0,1,0,0,112,1,9,0
232774,1,1,1,1,1,0,112,1,9,0
233359,1,0,0,1,1,0,112,1,9,0
233961,1,0,1,0,0,0,112,1,9,0
234796,0,0,1,1,0,0,112,1,9,0
235427,0,1,1,0,1,0,112,1,9,0
235660,0,0,1,1,0,0,112,1,9,0
237288,0,0,0,0,1,0,112,1,9,0
239498,1,1,0,0,0,0,112,1,9,0
239824,0,1,1,0,1,0,112,1,9,0
239881,1,1,0,0,0,0,112,1,9,0
240265,1,1,0,0,0,0,112,1,9,0
240476,1,1,0,0,0,0,112,1,9,0
241220,1,0,0,1,1,0,112,1,9,0
241560,0,1,0,1,0,0,112,1,9,0
242069,0,0,1,1,0,0,112,1,9,0
242403,1,1,0,0,0,0,112,1,9,0
243056,1,1,0,0,0,0,112,1,9,0
244118,0,0,1,1,0,0,112,1,9,0
245103,1,0,0,1,1,0,112,1,9,0
246979,0,0,1,1,0,0,112,1,9,0
251667,0,0,0,0,1,0,112,1,9,0
252806,0,0,1,1,0,0,112,1,9,0
253011,0,1,1,0,1,0,112,1,9,0
253117,0,0,0,0,1,0,112,1,9,0
254043,1,0,1,0,0,0,112,1,9,0
254197,1,1,0,0,0,0,112,1,9,0
254198,0,0,0,0,1,0,112,1,9,0
257598,1,1,1,1,1,0,112,1,9,0
259479,1,1,0,0,0,0,112,1,9,0
259744,0,0,0,0,1,0,112,1,9,0
259790,1,0,1,0,0,0,112,1,9,0
260926,1,0,1,0,0,0,112,1,9,0
261102,1,0,0,1,1,0,112,1,9,0
261247,1,1,1,1,1,0,112,1,9,0
261699,0,0,0,0,1,0,112,1,9,0
262438,1,1,1,1,1,0,115,1,9,0
263773,0,0,0,0,1,0,115,1,9,0
263795,0,1,0,0,0,0,115,1,9,0
263817,0,0,0,0,1,0,115,1,9,0
266030,0,0,0,0,1,0,115,1,9,0
267631,0,1,0,1,0,0,115,1,9,0
267678,0,1,1,0,1,0,115,1,9,0
267800,0,1,0,1,0,0,115,1,9,0
267819,0,1,1,0,1,0,115,1,9,0
270855,0,1,1,0,1,0,115,1,9,0
273539,1,0,1,0,0,0,115,1,9,0
273605,0,1,1,0,1,0,115,1,9,0
273670,1,1,1,1,1,0,115,1,9,0
273754,0,0,0,0,1,0,115,1,9,0
273901,0,0,0,0,1,0,115,1,9,0
274216,1,0,1,0,0,0,115,1,9,0
275968,0,0,1,1,0,0,115,1,9,0
276484,1,0,1,0,0,0,115,1,9,0
277257,1,0,1,0,0,0,115,1,9,0
277328,0,0,0,0,1,0,115,1,9,0
278282,1,0,0,1,1,0,115,1,9,0
278659,1,1,1,1,1,0,115,1,9,0
281076,0,0,0,0,1,0,115,1,9,0
283467,1,0,0,1,1,0,115,1,9,0
283569,1,0,1,0,0,0,115,1,9,0
284871,1,1,1,1,1,0,115,1,9,0
286979,1,1,1,1,1,0,115,1,9,0
287243,1,1,1,1,1,0,115,1,9,0
288306,1,1,0,0,0,0,115,1,9,0
289669,0,0,0,0,1,0,115,1,9,0
289975,1,1,0,1,0,0,115,1,9,0
290473,0,1,0,1,0,0,115,1,9,0
290624,1,0,0,1,1,0,115,1,9,0
290876,0,1,0,1,0,0,115,1,9,0
293822,0,1,0,1,0,0,115,1,9,0
295142,1,0,0,1,1,0,115,1,9,0
295901,1,0,0,1,1,0,115,1,9,0
296388,0,1,0,1,0,0,115,1,9,0
296455,0,1,0,1,0,0,115,1,9,0
296788,1,1,1,1,1,0,115,1,9,0
297424,1,1,1,1,1,0,115,1,9,0
298130,1,1,1,1,1,0,115,1,9,0
300254,1,0,1,0,0,0,115,1,9,0
300330,1,1,0,0,0,0,115,1,9,0
300331,1,0,0,1,1,0,115,1,9,0
300349,1,1,0,0,0,0,115,1,9,0
300858,1,1,0,0,0,0,115,1,9,0
302481,0,1,0,1,0,0,115,1,9,0
302482,0,1,1,0,1,0,115,1,9,0
303449,1,0,0,1,1,0,115,1,9,0
303676,0,0,1,1,0,0,115,1,9,0
304288,1,0,1,0,0,0,115,1,9,0
304378,1,1,0,0,0,0,115,1,9,0
306649,0,0,1,1,0,0,115,1,9,0
307149,0,1,1,1,1,1,115,1,9,0
307181,0,0,1,1,0,0,115,1,9,0
307333,1,0,1,0,0,0,115,1,9,0
307822,1,0,0,1,1,0,115,1,9,0
310123,0,0,1,1,0,0,115,1,9,0
311903,1,1,1,1,1,0,115,1,9,0
312202,1,0,0,1,1,0,115,1,9,0
312727,1,0,1,0,0,0,115,1,9,0
313234,1,0,1,0,0,0,115,1,9,0
313408,1,1,0,0,0,0,115,1,9,0
313915,0,1,0,1,0,0,115,1,9,0
314583,1,1,0,0,0,0,115,1,9,0
314663,1,1,0,0,0,0,115,1,9,0
315509,0,1,0,0,0,0,115,1,9,0
316235,0,1,0,1,0,0,115,1,9,0
316754,0,1,0,1,0,0,115,1,9,0
317067,0,1,0,1,0,0,115,1,9,0
318070,0,1,1,0,1,0,115,1,9,0
319034,1,0,1,0,0,0,115,1,9,0
319772,0,0,1,1,0,0,115,1,9,0
320732,0,1,0,1,0,0,115,1,9,0
320797,1,1,0,0,0,0,115,1,9,0
321496,0,0,1,0,0,0,115,1,9,0
322532,0,1,0,1,0,0,115,1,9,0
323009,0,0,1,1,0,0,115,1,9,0
324009,1,0,0,1,1,0,115,1,9,0
325970,0,1,0,1,0,0,115,1,9,0
326311,0,0,0,0,1,0,115,1,9,0
328016,1,0,0,1,1,0,151,1,9,0
329280,0,1,0,1,0,0,151,1,9,0
330073,1,0,0,1,1,0,151,1,9,0
330994,0,1,0,1,0,0,151,1,9,0
331576,0,1,0,1,0,0,151,1,9,0
333639,0,0,1,1,0,0,151,1,9,0
334254,0,1,0,1,0,0,151,1,9,0
334460,1,0,0,1,1,0,151,1,9,0
334654,1,0,0,1,1,0,151,1,9,0
334721,0,0,1,1,0,0,151,1,9,0
335271,1,0,0,1,1,0,151,1,9,0
335684,0,1,0,1,0,0,151,1,9,0
336183,0,1,1,0,1,0,151,1,9,0
336242,1,0,1,0,0,0,151,1,9,0
336631,0,0,0,0,1,0,151,1,9,0
337246,1,0,1,0,0,0,151,1,9,0
339750,0,0,0,0,1,0,151,1,9,0
340034,1,1,1,1,1,0,151,1,9,0
340065,0,1,0,1,0,0,151,1,9,0
340753,1,1,0,0,0,0,151,1,9,0
341882,0,0,1,1,0,0,151,1,9,0
342121,0,0,0,0,1,0,151,1,9,0
342204,0,0,0,0,1,0,151,1,9,0
342665,0,0,1,1,0,0,151,1,9,0
344192,0,0,0,0,1,0,151,1,9,0
345591,1,1,1,1,1,0,151,1,9,0
346064,0,0,1,1,0,0,151,1,9,0
346898,0,1,1,0,1,0,151,1,9,0
348910,1,0,1,0,0,0,151,1,9,0
349025,0,1,1,0,1,0,151,1,9,0
349123,1,1,0,0,0,0,151,1,9,0
350468,1,0,1,0,0,0,151,1,9,0
351076,0,0,1,1,0,0,151,1,9,0
353412,1,1,0,0,0,0,151,1,9,0
353500,0,0,0,0,1,0,151,1,9,0
354037,1,1,0,0,0,0,151,1,9,0
355443,0,0,1,1,0,0,151,1,9,0
355723,1,1,0,0,0,0,151,1,9,0
355729,1,1,1,1,1,0,151,1,9,0
355864,1,0,0,1,1,0,151,1,9,0
355891,1,0,1,0,0,0,151,1,9,0
355988,1,0,1,0,0,0,151,1,9,0
356114,0,1,0,1,0,0,151,1,9,0
356758,1,1,1,1,1,0,151,1,9,0
358793,1,1,0,0,0,0,151,1,9,0
359991,0,1,0,1,0,0,151,1,9,0
360174,1,0,0,1,1,0,151,1,9,0
361233,0,0,1,1,0,0,151,1,9,0
361324,0,0,1,1,0,0,151,1,9,0
362530,0,0,0,0,1,0,151,1,9,0
362821,0,1,1,0,1,0,151,1,9,0
362831,1,0,1,0,0,0,151,1,9,0
363159,1,1,0,0,0,0,151,1,9,0
364499,0,1,0,1,0,0,151,1,9,0
365637,1,0,0,1,1,0,151,1,9,0
366640,1,0,1,0,0,0,151,1,9,0
367644,0,0,0,0,1,0,151,1,9,0
368893,0,0,0,0,1,0,151,1,9,0
369856,0,1,1,0,1,0,151,1,9,0
370803,0,1,0,1,0,0,151,1,9,0
371353,0,1,1,0,1,0,151,1,9,0
371458,0,1,0,1,0,0,151,1,9,0
372619,0,1,0,1,0,0,151,1,9,0
373286,0,0,1,1,0,0,151,1,9,0
373481,0,1,1,0,1,0,151,1,9,0
374037,0,1,0,1,0,0,151,1,9,0
374816,0,1,0,1,0,0,151,1,9,0
375212,0,1,0,1,0,0,151,1,9,0
375380,0,0,0,0,1,0,151,1,9,0
375496,0,0,1,0,0,0,151,1,9,0
375814,1,1,1,1,1,0,151,1,9,0
375962,0,1,1,0,1,0,151,1,9,0
375969,0,0,1,1,0,0,151,1,9,0
376201,0,1,1,0,1,0,151,1,9,0
377623,1,1,1,1,1,0,151,1,9,0
377717,1,0,1,0,0,0,151,1,9,0
377767,1,1,1,1,1,0,151,1,9,0
378516,0,1,1,0,1,0,151,1,9,0
378709,0,1,1,0,1,0,151,1,9,0
379008,1,0,0,1,1,0,151,1,9,0
379313,0,1,1,0,1,0,151,1,9,0
379463,0,0,1,1,0,0,151,1,9,0
380423,1,1,1,1,1,0,151,1,9,0
381063,0,1,0,1,0,0,151,1,9,0
381092,0,0,0,0,1,0,151,1,9,0
383529,0,0,0,0,1,0,151,1,9,0
383640,1,0,1,0,0,0,151,1,9,0
383839,0,0,1,1,0,0,151,1,9,0
384208,0,1,1,0,1,0,151,1,9,0
384345,1,1,0,0,0,0,151,1,9,0
384848,1,0,1,0,0,0,151,1,9,0
385272,1,1,1,1,1,0,151,1,9,0
385665,0,1,1,0,1,0,151,1,9,0
386698,0,0,1,1,0,0,151,1,9,0
387537,1,0,0,1,1,0,151,1,9,0
387765,1,0,0,1,1,0,151,1,9,0
388335,0,0,0,0,1,0,151,1,9,0
388832,0,0,1,1,0,0,151,1,9,0
388987,0,0,1,1,0,0,151,1,9,0
389018,1,1,0,0,0,0,151,1,9,0
389515,0,1,0,1,0,0,151,1,9,0
390757,0,1,1,0,1,0,151,1,9,0
390764,1,1,1,1,1,0,151,1,9,0
390852,0,0,0,0,1,0,151,1,9,0
391815,0,1,1,0,1,0,151,1,9,0
391902,1,0,1,0,0,0,151,1,9,0
392538,0,0,0,0,1,0,151,1,9,0
393197,1,1,0,0,0,0,151,1,9,0
395012,1,0,0,1,1,0,118,1,9,0
396476,1,0,0,1,1,0,118,1,9,0
396752,0,1,0,1,0,0,118,1,9,0
396963,1,1,0,0,0,0,118,1,9,0
398347,1,1,0,0,0,0,118,1,9,0
400698,0,1,0,1,0,0,118,1,9,0
401664,1,1,1,1,1,0,118,1,9,0
403455,0,1,0,1,0,0,118,1,9,0
404019,0,0,1,1,0,0,118,1,9,0
405982,1,1,1,1,1,0,118,1,9,0
407623,1,0,0,1,1,0,118,1,9,0
408069,1,0,0,1,1,0,118,1,9,0
409755,1,1,0,0,0,0,118,1,9,0
411403,0,0,1,1,0,0,118,1,9,0
412041,1,1,1,1,1,0,118,1,9,0
412184,0,1,1,0,1,0,118,1,9,0
412712,1,1,1,1,1,0,118,1,9,0
412713,0,1,1,0,1,0,118,1,9,0
415166,0,0,1,1,0,0,118,1,9,0
415221,1,1,0,0,0,0,118,1,9,0
417997,0,0,0,0,1,0,118,1,9,0
418733,1,0,1,0,0,0,118,1,9,0
421019,0,1,0,1,0,0,118,1,9,0
422081,1,1,0,0,0,0,118,1,9,0
424083,1,1,0,0,0,0,118,1,9,0
425168,1,1,1,1,1,0,118,1,9,0
426021,0,1,1,0,1,0,118,1,9,0
427441,1,0,1,0,0,0,118,1,9,0
428023,0,1,1,0,1,0,118,1,9,0
428340,1,0,0,1,1,0,118,1,9,0
428983,1,0,0,1,1,0,118,1,9,0
431450,0,1,1,0,1,0,118,1,9,0
432229,0,1,0,1,0,0,118,1,9,0
436563,0,0,0,0,1,0,118,1,9,0
436700,0,1,0,1,0,0,118,1,9,0
437704,1,1,1,0,1,1,118,1,9,0
439350,1,1,1,1,1,0,118,1,9,0
439868,1,0,0,1,1,0,118,1,9,0
439954,1,0,0,1,1,0,118,1,9,0
441756,1,0,0,1,1,0,118,1,9,0
442728,1,1,1,1,1,0,118,1,9,0
442847,0,1,0,1,0,0,118,1,9,0
445346,1,0,0,1,1,0,118,1,9,0
445360,1,0,0,1,1,0,118,1,9,0
445542,0,1,1,0,1,0,118,1,9,0
445766,0,1,1,0,1,0,118,1,9,0
445990,1,1,0,0,0,0,118,1,9,0
447073,1,1,1,0,1,1,118,1,9,0
448206,1,0,1,0,0,0,118,1,9,0
448484,0,0,0,0,1,0,118,1,9,0
449534,0,1,1,0,1,0,118,1,9,0
449729,0,0,0,0,1,0,118,1,9,0
453023,1,0,0,1,1,0,118,1,9,0
453251,1,0,0,1,1,0,118,1,9,0
454183,0,0,0,0,1,0,118,1,9,0
455723,0,0,1,1,0,0,118,1,9,0
456943,1,0,1,0,0,0,118,1,9,0
458650,1,1,0,0,0,0,118,1,9,0
459357,1,0,0,1,1,0,108,2,9,0
459362,1,1,1,1,1,0,108,2,9,0
459928,0,0,1,1,0,0,108,2,9,0
460301,0,0,1,1,0,0,108,2,9,0
462611,0,1,0,1,0,0,108,2,9,0
463328,1,0,0,1,1,0,108,2,9,0
463390,0,1,1,0,1,0,108,2,9,0
463402,1,0,0,0,1,1,108,2,9,0
464462,1,1,1,1,1,0,108,2,9,0
464741,0,0,1,1,0,0,108,2,9,0
465875,1,0,0,0,1,1,108,2,9,0
466006,0,0,0,0,1,0,108,2,9,0
466139,0,0,0,0,1,0,108,2,9,0
467115,0,1,0,1,0,0,108,2,9,0
467523,0,0,0,0,1,0,108,2,9,0
467536,0,0,1,1,0,0,108,2,9,0
468458,0,1,0,1,0,0,108,2,9,0
469167,1,0,1,0,0,0,108,2,9,0
469253,0,0,0,0,1,0,108,2,9,0
469534,0,0,1,1,0,0,108,2,9,0
471402,1,1,0,0,0,0,108,2,9,0
472827,1,1,0,1,0,0,108,2,9,0
475610,1,0,1,0,0,0,108,2,9,0
478010,1,0,0,1,1,0,108,2,9,0
479030,1,0,1,0,0,0,108,2,9,0
480058,0,0,0,0,1,0,108,2,9,0
482177,0,0,0,0,1,0,108,2,9,0
483025,1,1,1,1,1,0,108,2,9,0
483462,0,1,1,0,1,0,108,2,9,0
483815,0,0,1,1,0,0,108,2,9,0
484886,0,0,1,1,0,0,108,2,9,0
485697,1,0,0,1,1,0,108,2,9,0
485980,1,0,1,0,0,0,108,2,9,0
486021,1,0,1,0,0,0,108,2,9,0
486253,0,1,0,1,0,0,108,2,9,0
487260,1,0,1,0,0,0,108,2,9,0
487261,0,0,1,1,0,0,108,2,9,0
492008,1,1,0,0,0,0,108,2,9,0
494072,1,0,0,1,1,0,108,2,9,0
494539,0,1,0,1,0,0,108,2,9,0
494643,1,0,1,0,0,0,108,2,9,0
495553,0,1,0,1,0,0,108,2,9,0
496405,0,0,0,0,1,0,108,2,9,0
496947,0,1,1,0,1,0,108,2,9,0
499438,0,1,1,0,1,0,108,2,9,0
500036,1,1,1,1,1,0,108,2,9,0
500684,1,0,0,1,1,0,108,2,9,0
501158,1,0,0,1,1,0,108,2,9,0
501831,1,0,0,1,1,0,108,2,9,0
502210,0,0,0,0,1,0,108,2,9,0
502651,1,0,1,0,0,0,108,2,9,0
504199,1,0,1,0,0,0,108,2,9,0
506877,0,0,0,0,1,0,108,2,9,0
507700,0,0,1,1,0,0,108,2,9,0
507777,1,0,1,0,0,0,108,2,9,0
508520,1,0,0,1,1,0,108,2,9,0
509084,0,0,0,0,1,0,108,2,9,0
509640,1,0,1,0,0,0,108,2,9,0
510776,0,0,1,1,0,0,108,2,9,0
511262,1,0,0,1,1,0,108,2,9,0
512135,0,1,0,1,0,0,108,2,9,0
512588,0,0,0,0,1,0,108,2,9,0
513111,1,1,1,1,1,0,108,2,9,0
514452,1,1,0,0,0,0,108,2,9,0
514698,1,1,1,1,1,0,108,2,9,0
515471,0,1,1,0,1,0,108,2,9,0
516292,0,1,0,1,0,0,108,2,9,0
516694,1,1,1,1,1,0,108,2,9,0
517689,1,0,0,1,1,0,108,2,9,0
517702,1,0,0,1,1,0,108,2,9,0
518097,0,0,0,0,1,0,108,2,9,0
519305,1,0,0,1,1,0,108,2,9,0
521114,0,1,1,0,1,0,108,2,9,0
521646,0,1,0,1,0,0,108,2,9,0
521998,0,0,1,1,0,0,108,2,9,0
522629,1,0,0,1,1,0,108,2,9,0
522998,1,0,1,0,0,0,108,2,9,0
525734,0,0,0,1,1,1,132,2,12,1
529391,1,0,0,1,1,0,132,2,12,1
529610,0,0,1,1,0,0,132,2,12,1
529832,0,0,1,1,0,0,132,2,12,1
530316,1,1,1,1,1,0,132,2,12,1
533527,0,1,0,0,0,0,132,2,12,1
535521,1,1,1,1,1,0,132,2,12,1
538395,1,1,0,0,0,0,132,2,12,1
538777,1,0,0,1,1,0,132,2,12,1
538862,1,1,0,0,0,0,132,2,12,1
540019,0,0,0,0,1,0,132,2,12,1
540499,1,0,1,0,0,0,132,2,12,1
540816,0,1,1,0,1,0,132,2,12,1
541013,1,0,1,1,0,0,132,2,12,1
541726,0,1,1,0,1,0,132,2,12,1
542597,1,0,1,0,0,0,132,2,12,1
543364,0,1,0,1,0,0,132,2,12,1
543403,0,1,1,0,1,0,132,2,12,1
544209,0,0,1,1,0,0,132,2,12,1
544511,1,0,1,0,0,0,132,2,12,1
545165,0,1,1,0,1,0,132,2,12,1
545605,0,0,1,1,0,0,132,2,12,1
545638,0,1,1,0,1,0,132,2,12,1
547150,0,0,0,1,1,1,132,2,12,1
548481,0,1,1,0,1,0,132,2,12,1
548757,1,0,1,0,0,0,132,2,12,1
554079,1,1,0,0,0,0,132,2,12,1
555588,0,0,0,0,1,0,132,2,12,1
555885,0,1,0,1,0,0,132,2,12,1
556663,1,1,0,0,0,0,132,2,12,1
557488,0,0,0,1,1,1,132,2,12,1
558081,1,0,1,0,0,0,132,2,12,1
558887,0,1,0,1,0,0,132,2,12,1
559264,0,1,1,0,1,0,132,2,12,1
560340,0,0,0,0,1,0,132,2,12,1
560779,0,1,0,1,0,0,132,2,12,1
561828,1,0,1,0,0,0,132,2,12,1
562336,1,0,0,1,1,0,132,2,12,1
564235,0,1,1,0,1,0,132,2,12,1
564635,1,1,1,1,1,0,132,2,12,1
565033,1,1,1,1,1,0,132,2,12,1
565107,1,0,0,1,1,0,132,2,12,1
565231,1,0,1,0,0,0,132,2,12,1
567963,0,1,0,1,0,0,132,2,12,1
570169,0,1,0,1,0,0,132,2,12,1
570314,1,1,1,1,1,0,132,2,12,1
571561,0,1,0,1,0,0,132,2,12,1
571662,0,1,0,1,0,0,132,2,12,1
571925,1,0,0,1,1,0,132,2,12,1
571962,1,0,0,1,1,0,132,2,12,1
572144,0,0,1,1,0,0,132,2,12,1
574356,0,0,0,0,1,0,132,2,12,1
575032,0,1,1,0,1,0,132,2,12,1
575995,0,1,0,1,0,0,132,2,12,1
576823,1,0,1,0,0,0,132,2,12,1
578571,1,0,0,1,1,0,132,2,12,1
581266,0,0,0,0,1,0,132,2,12,1
581463,1,1,0,0,0,0,132,2,12,1
582122,0,0,0,0,1,0,132,2,12,1
582177,0,1,0,1,0,0,132,2,12,1
582656,0,0,1,1,0,0,132,2,12,1
583183,0,1,0,1,0,0,132,2,12,1
583902,1,1,1,1,1,0,132,2,12,1
586399,0,1,1,0,1,0,132,2,12,1
587401,0,1,0,1,0,0,132,2,12,1
587591,0,0,0,0,1,0,132,2,12,1
588510,0,1,0,1,0,0,132,2,12,1
588512,0,1,1,0,1,0,132,2,12,1
588550,1,1,1,1,1,0,132,2,12,1
590546,1,1,0,1,0,0,110,2,12,1
591507,0,0,1,1,0,0,110,2,12,1
591989,1,1,1,1,1,0,110,2,12,1
595968,1,0,1,0,0,0,110,2,12,1
596086,1,1,1,1,1,0,110,2,12,1
596805,0,1,0,1,0,0,110,2,12,1
600025,0,0,1,1,0,0,110,2,12,1
600815,1,1,1,1,1,0,110,2,12,1
600999,0,0,1,1,0,0,110,2,12,1
601115,0,0,0,0,1,0,110,2,12,1
601616,1,1,1,1,1,0,110,2,12,1
603873,1,1,0,0,0,0,110,2,12,1
605552,1,1,0,0,0,0,110,2,12,1
608408,1,0,1,0,0,0,110,2,12,1
610168,1,0,0,1,1,0,110,2,12,1
610230,0,0,0,1,1,1,110,2,12,1
612782,0,1,0,1,0,0,110,2,12,1
614589,1,0,0,1,1,0,110,2,12,1
614741,0,0,1,1,0,0,110,2,12,1
617809,0,0,1,1,0,0,110,2,12,1
618131,0,1,1,0,1,0,110,2,12,1
618693,1,1,1,1,1,0,110,2,12,1
619742,1,0,0,1,1,0,110,2,12,1
620163,0,0,1,1,0,0,110,2,12,1
620694,1,1,0,0,0,0,110,2,12,1
621892,0,0,0,0,1,0,110,2,12,1
622655,1,0,1,0,0,0,110,2,12,1
623237,1,1,0,0,0,0,110,2,12,1
623819,0,0,0,0,1,0,110,2,12,1
624824,1,1,0,0,0,0,110,2,12,1
625076,0,0,0,0,1,0,110,2,12,1
625678,1,1,1,1,1,0,110,2,12,1
626386,1,0,0,1,1,0,110,2,12,1
626529,1,1,1,1,1,0,110,2,12,1
628585,0,1,0,1,0,0,110,2,12,1
629401,1,0,1,0,0,0,110,2,12,1
630773,0,1,1,0,1,0,110,2,12,1
632406,1,0,0,1,1,0,110,2,12,1
632510,1,0,0,1,1,0,110,2,12,1
635080,0,1,1,0,1,0,110,2,12,1
635398,1,1,1,1,1,0,110,2,12,1
637257,1,1,0,0,0,0,110,2,12,1
637401,0,1,0,1,0,0,110,2,12,1
642744,0,0,1,1,0,0,110,2,12,1
645080,1,0,1,0,0,0,110,2,12,1
645313,1,0,0,1,1,0,110,2,12,1
645901,0,0,0,0,1,0,110,2,12,1
646468,0,1,0,1,0,0,110,2,12,1
647100,0,1,1,0,1,0,110,2,12,1
650761,1,0,1,0,0,0,110,2,12,1
650888,0,1,1,0,1,0,110,2,12,1
651497,1,1,0,0,0,0,110,2,12,1
652095,1,0,0,1,1,0,110,2,12,1
652351,1,1,1,1,1,0,110,2,12,1
652498,0,1,1,1,1,1,110,2,12,1
653321,0,0,0,0,1,0,110,2,12,1
653998,0,1,0,1,0,0,110,2,12,1
654208,0,0,0,0,1,0,110,2,12,1
654503,1,0,1,0,0,0,110,2,12,1
655794,0,1,0,1,0,0,121,2,12,1
657043,1,1,1,1,1,0,121,2,12,1
657084,1,0,1,0,0,0,121,2,12,1
658067,0,1,1,0,1,0,121,2,12,1
659454,0,1,1,0,1,0,121,2,12,1
659723,1,0,1,0,0,0,121,2,12,1
659750,0,1,1,0,1,0,121,2,12,1
660757,1,0,1,0,0,0,121,2,12,1
663548,0,0,1,1,0,0,121,2,12,1
663588,1,1,1,1,1,0,121,2,12,1
665149,0,0,0,0,1,0,121,2,12,1
665326,0,1,1,0,1,0,121,2,12,1
666170,1,0,0,1,1,0,121,2,12,1
666195,1,1,1,1,1,0,121,2,12,1
666214,0,1,0,0,0,0,121,2,12,1
666436,0,0,1,1,0,0,121,2,12,1
667986,0,0,1,1,0,0,121,2,12,1
668967,1,1,0,0,0,0,121,2,12,1
669965,0,0,1,1,0,0,121,2,12,1
670686,1,0,0,1,1,0,121,2,12,1
671244,1,1,0,0,0,0,121,2,12,1
671435,1,1,0,0,0,0,121,2,12,1
671569,1,1,1,1,1,0,121,2,12,1
673101,1,0,0,1,1,0,121,2,12,1
673859,0,1,1,0,1,0,121,2,12,1
674924,0,0,0,0,1,0,121,2,12,1
675028,1,0,1,0,0,0,121,2,12,1
675370,1,0,1,0,0,0,121,2,12,1
675420,0,1,1,0,1,0,121,2,12,1
675514,1,0,0,1,1,0,121,2,12,1
676549,0,0,1,1,0,0,121,2,12,1
676910,0,1,0,1,0,0,121,2,12,1
677689,1,1,0,0,0,0,121,2,12,1
677693,0,1,0,1,0,0,121,2,12,1
678398,1,1,1,1,1,0,121,2,12,1
679002,0,1,1,0,1,0,121,2,12,1
681728,0,0,1,1,0,0,121,2,12,1
682665,0,0,1,1,0,0,121,2,12,1
682783,1,0,1,0,0,0,121,2,12,1
684187,0,1,0,1,0,0,121,2,12,1
684877,0,1,0,1,0,0,121,2,12,1
687164,1,1,1,1,1,0,121,2,12,1
688136,0,0,1,1,0,0,121,2,12,1
688251,0,0,1,1,0,0,121,2,12,1
690305,1,1,0,0,0,0,121,2,12,1
691782,1,0,1,0,0,0,121,2,12,1
692847,0,0,1,1,0,0,121,2,12,1
692857,1,0,0,1,1,0,121,2,12,1
693660,0,0,1,1,0,0,121,2,12,1
694098,0,0,0,0,1,0,121,2,12,1
695007,0,1,0,1,0,0,121,2,12,1
695112,1,1,1,1,1,0,121,2,12,1
697451,0,0,0,0,1,0,121,2,12,1
698663,1,0,0,1,1,0,121,2,12,1
699233,1,0,0,1,1,0,121,2,12,1
699862,1,1,1,1,1,0,121,2,12,1
699941,1,0,0,1,1,0,121,2,12,1
700700,1,1,0,0,0,0,121,2,12,1
701259,1,0,1,0,0,0,121,2,12,1
702397,1,1,0,1,0,0,121,2,12,1
702764,1,0,0,1,1,0,121,2,12,1
703141,1,0,0,0,1,1,121,2,12,1
704287,0,1,0,1,0,0,121,2,12,1
704334,0,0,0,0,1,0,121,2,12,1
705448,0,0,0,0,1,0,121,2,12,1
705701,0,0,0,0,1,0,121,2,12,1
706238,1,0,0,1,1,0,121,2,12,1
706264,1,1,1,1,1,0,121,2,12,1
706483,1,1,0,0,0,0,121,2,12,1
708039,0,1,1,1,1,1,121,2,12,1
710890,0,0,1,1,0,0,121,2,12,1
711129,1,0,1,0,0,0,121,2,12,1
713399,1,0,0,1,1,0,121,2,12,1
714334,0,0,1,1,0,0,121,2,12,1
715016,0,0,1,1,0,0,121,2,12,1
715696,0,1,0,1,0,0,121,2,12,1
717766,1,0,0,1,1,0,121,2,12,1
718516,0,0,1,1,0,0,121,2,12,1
719421,0,0,0,0,1,0,121,2,12,1
720221,0,1,0,1,0,0,121,2,12,1
720438,1,0,0,1,1,0,121,2,12,1
721885,0,1,0,1,0,0,151,2,12,1
723530,0,1,1,0,1,0,151,2,12,1
723868,0,1,0,1,0,0,151,2,12,1
724024,0,0,0,0,1,0,151,2,12,1
724720,0,1,0,1,0,0,151,2,12,1
726516,0,0,1,1,0,0,151,2,12,1
726940,0,0,0,0,1,0,151,2,12,1
727092,0,0,0,1,1,1,151,2,12,1
727732,0,1,0,1,0,0,151,2,12,1
728184,1,1,0,0,0,0,151,2,12,1
728424,1,1,1,1,1,0,151,2,12,1
729522,1,0,1,0,0,0,151,2,12,1
729839,0,1,1,0,1,0,151,2,12,1
731447,1,1,1,1,1,0,151,2,12,1
735039,1,0,0,1,1,0,151,2,12,1
736203,0,0,0,0,1,0,151,2,12,1
737033,1,0,0,1,1,0,151,2,12,1
737861,1,1,1,1,1,0,151,2,12,1
738000,1,0,0,1,1,0,151,2,12,1
738629,1,1,0,0,0,0,151,2,12,1
741269,0,1,0,1,0,0,151,2,12,1
741865,1,1,0,0,0,0,151,2,12,1
742295,0,0,0,0,1,0,151,2,12,1
743703,1,0,1,0,0,0,151,2,12,1
744295,1,0,1,0,0,0,151,2,12,1
745638,1,0,0,1,1,0,151,2,12,1
747869,0,0,0,0,1,0,151,2,12,1
747915,1,1,1,1,1,0,151,2,12,1
748358,0,1,1,0,1,0,151,2,12,1
748921,1,1,1,1,1,0,151,2,12,1
749482,0,0,1,0,0,0,151,2,12,1
749791,0,0,1,1,0,0,151,2,12,1
750004,1,1,1,1,1,0,151,2,12,1
750278,0,1,0,1,0,0,151,2,12,1
750965,1,0,0,1,1,0,151,2,12,1
751060,1,1,1,1,1,0,151,2,12,1
752534,0,0,1,1,0,0,151,2,12,1
753462,0,1,0,1,0,0,151,2,12,1
754346,0,0,1,1,0,0,151,2,12,1
754926,1,0,0,1,1,0,151,2,12,1
755400,1,1,0,0,0,0,151,2,12,1
756076,1,0,1,0,0,0,151,2,12,1
756199,0,0,0,0,1,0,151,2,12,1
756872,0,1,1,0,1,0,151,2,12,1
756978,1,0,1,0,0,0,151,2,12,1
758721,0,1,1,0,1,0,151,2,12,1
759851,1,0,1,1,0,0,151,2,12,1
760331,1,0,1,0,0,0,151,2,12,1
760817,0,1,0,1,0,0,151,2,12,1
764698,1,1,1,1,1,0,151,2,12,1
765590,1,0,1,0,0,0,151,2,12,1
766100,1,0,1,0,0,0,151,2,12,1
766207,0,1,1,0,1,0,151,2,12,1
766534,0,0,1,1,0,0,151,2,12,1
766610,1,0,0,1,1,0,151,2,12,1
767561,1,1,1,1,1,0,151,2,12,1
767852,0,0,0,0,1,0,151,2,12,1
767902,0,1,1,1,1,1,151,2,12,1
767938,0,0,0,0,1,0,151,2,12,1
768211,1,0,1,0,0,0,151,2,12,1
768593,0,0,1,1,0,0,151,2,12,1
769883,1,0,1,0,0,0,151,2,12,1
770022,0,0,1,1,0,0,151,2,12,1
772462,1,1,1,1,1,0,151,2,12,1
772480,0,1,1,0,1,0,151,2,12,1
776027,1,1,1,1,1,0,151,2,12,1
776627,0,0,0,0,1,0,151,2,12,1
776825,0,0,1,1,0,0,151,2,12,1
777124,0,0,0,0,1,0,151,2,12,1
778430,1,1,0,0,0,0,151,2,12,1
781056,1,0,1,0,0,0,151,2,12,1
781249,1,1,1,1,1,0,151,2,12,1
783035,1,0,0,1,1,0,151,2,12,1
783706,1,0,1,0,0,0,151,2,12,1
783772,1,1,1,1,1,0,151,2,12,1
784045,0,1,0,1,0,0,151,2,12,1
784100,0,0,1,1,0,0,151,2,12,1
786343,1,0,0,1,1,0,151,2,12,1
786568,0,0,0,0,1,0,131,2,12,0
787852,1,1,0,0,0,0,131,2,12,0
789129,1,1,1,1,1,0,131,2,12,0
789793,1,1,0,0,0,0,131,2,12,0
789824,1,0,1,0,0,0,131,2,12,0
791103,0,1,0,1,0,0,131,2,12,0
792457,0,0,0,0,1,0,131,2,12,0
792476,0,1,1,0,1,0,131,2,12,0
792624,0,1,0,1,0,0,131,2,12,0
792818,1,0,0,1,1,0,131,2,12,0
793653,1,0,1,0,0,0,131,2,12,0
793890,1,1,0,0,0,0,131,2,12,0
794236,0,0,0,0,1,0,131,2,12,0
795374,0,0,1,1,0,0,131,2,12,0
795994,0,1,1,0,1,0,131,2,12,0
797630,0,1,0,1,0,0,131,2,12,0
797852,0,1,1,0,1,0,131,2,12,0
798415,1,1,1,1,1,0,131,2,12,0
798867,1,0,0,1,1,0,131,2,12,0
799494,0,0,1,1,0,0,131,2,12,0
800048,1,1,1,1,1,0,131,2,12,0
800179,0,0,1,1,0,0,131,2,12,0
800233,0,0,1,1,0,0,131,2,12,0
800957,1,1,1,1,1,0,131,2,12,0
801757,1,1,0,0,0,0,131,2,12,0
801893,1,0,1,0,0,0,131,2,12,0
802604,1,1,0,0,0,0,131,2,12,0
803110,0,1,1,0,1,0,131,2,12,0
804270,1,0,0,1,1,0,131,2,12,0
805053,0,1,0,1,0,0,131,2,12,0
805397,1,0,0,1,1,0,131,2,12,0
805618,0,1,0,1,0,0,131,2,12,0
806252,1,1,1,1,1,0,131,2,12,0
806640,1,1,0,0,0,0,131,2,12,0
807059,1,1,1,1,1,0,131,2,12,0
807544,1,1,1,1,1,0,131,2,12,0
808256,0,0,1,1,0,0,131,2,12,0
808446,1,1,1,1,1,0,131,2,12,0
808682,1,0,0,1,1,0,131,2,12,0
808760,1,1,0,0,0,0,131,2,12,0
808894,0,1,0,1,0,0,131,2,12,0
809640,0,1,0,1,0,0,131,2,12,0
809915,1,1,1,1,1,0,131,2,12,0
810467,1,1,0,0,0,0,131,2,12,0
810903,1,1,1,1,1,0,131,2,12,0
811293,0,1,0,1,0,0,131,2,12,0
811893,1,1,1,1,1,0,131,2,12,0
812992,1,0,0,1,1,0,131,2,12,0
814480,1,1,0,0,0,0,131,2,12,0
815723,0,1,0,1,0,0,131,2,12,0
815795,0,1,1,0,1,0,131,2,12,0
816567,1,1,1,1,1,0,131,2,12,0
816812,0,1,1,0,1,0,131,2,12,0
816967,1,0,1,1,0,0,131,2,12,0
817131,1,1,1,1,1,0,131,2,12,0
817228,1,1,1,1,1,0,131,2,12,0
818232,0,1,0,0,0,0,131,2,12,0
818304,1,0,0,1,1,0,131,2,12,0
818854,1,1,0,0,0,0,131,2,12,0
819233,1,1,1,1,1,0,131,2,12,0
819657,0,0,0,0,1,0,131,2,12,0
820576,1,0,1,0,0,0,131,2,12,0
820965,1,1,1,1,1,0,131,2,12,0
821457,0,1,1,0,1,0,131,2,12,0
822163,1,1,1,1,1,0,131,2,12,0
822520,0,1,0,1,0,0,131,2,12,0
824984,0,1,1,0,1,0,131,2,12,0
825311,1,0,1,0,0,0,131,2,12,0
825497,0,0,0,0,1,0,131,2,12,0
826173,0,1,0,1,0,0,131,2,12,0
827902,1,0,1,0,0,0,131,2,12,0
828103,0,1,1,0,1,0,131,2,12,0
829359,1,1,0,0,0,0,131,2,12,0
829676,1,0,1,0,0,0,131,2,12,0
829774,1,1,1,1,1,0,131,2,12,0
829909,1,1,1,1,1,0,131,2,12,0
831296,0,0,0,0,1,0,131,2,12,0
831391,0,0,1,1,0,0,131,2,12,0
831465,0,1,0,1,0,0,131,2,12,0
832144,1,0,1,0,0,0,131,2,12,0
833932,1,0,1,0,0,0,131,2,12,0
834001,0,0,0,0,1,0,131,2,12,0
834072,1,0,0,1,1,0,131,2,12,0
834671,1,0,0,1,1,0,131,2,12,0
835194,0,1,0,1,0,0,131,2,12,0
835928,1,0,0,1,1,0,131,2,12,0
836146,0,0,0,0,1,0,131,2,12,0
836316,0,0,0,0,1,0,131,2,12,0
836581,1,1,1,1,1,0,131,2,12,0
836758,1,1,1,1,1,0,131,2,12,0
836972,1,1,1,1,1,0,131,2,12,0
837500,0,1,1,0,1,0,131,2,12,0
837895,1,1,0,0,0,0,131,2,12,0
838585,0,1,0,1,0,0,131,2,12,0
838683,0,1,0,1,0,0,131,2,12,0
839014,0,0,1,1,0,0,131,2,12,0
842330,0,1,1,0,1,0,131,2,12,0
842734,1,1,0,0,0,0,131,2,12,0
842855,0,0,1,1,0,0,131,2,12,0
843990,0,1,1,0,1,0,131,2,12,0
844244,0,1,0,1,0,0,131,2,12,0
844754,0,0,1,1,0,0,131,2,12,0
845352,1,0,1,0,0,0,131,2,12,0
846234,0,1,1,0,1,0,131,2,12,0
847643,1,0,0,1,1,0,131,2,12,0
847698,0,1,0,1,0,0,131,2,12,0
847904,0,0,0,0,1,0,131,2,12,0
848398,0,0,0,0,1,0,131,2,12,0
849215,1,1,0,0,0,0,131,2,12,0
849690,0,0,0,0,1,0,131,2,12,0
850402,1,0,1,0,0,0,131,2,12,0
851891,1,1,1,0,1,1,131,2,12,0
852634,0,1,1,0,1,0,84,1,12,0
852644,0,1,0,1,0,0,84,1,12,0
853866,0,1,1,0,1,0,84,1,12,0
854042,1,1,1,1,1,0,84,1,12,0
854490,0,0,1,1,0,0,84,1,12,0
855316,0,0,0,0,1,0,84,1,12,0
855414,1,0,1,0,0,0,84,1,12,0
855927,1,1,0,0,0,0,84,1,12,0
857088,1,0,0,1,1,0,84,1,12,0
859178,0,1,1,1,1,1,84,1,12,0
860091,0,1,1,0,1,0,84,1,12,0
863361,1,0,1,0,0,0,84,1,12,0
863773,1,1,1,1,1,0,84,1,12,0
864176,0,1,1,0,1,0,84,1,12,0
864324,1,0,0,1,1,0,84,1,12,0
864712,1,0,1,1,0,0,84,1,12,0
864952,0,0,0,0,1,0,84,1,12,0
867193,0,1,0,1,0,0,84,1,12,0
867448,1,0,1,0,0,0,84,1,12,0
867902,1,1,1,1,1,0,84,1,12,0
868453,0,1,0,1,0,0,84,1,12,0
868631,0,1,0,1,0,0,84,1,12,0
869180,1,0,0,0,1,1,84,1,12,0
869528,0,1,0,1,0,0,84,1,12,0
870843,1,0,1,0,0,0,84,1,12,0
872942,1,1,0,0,0,0,84,1,12,0
872988,0,0,1,1,0,0,84,1,12,0
873181,1,0,0,1,1,0,84,1,12,0
873343,0,0,1,1,0,0,84,1,12,0
874363,0,0,1,1,0,0,84,1,12,0
875360,0,0,0,0,1,0,84,1,12,0
877496,0,0,1,1,0,0,84,1,12,0
877831,1,0,1,0,0,0,84,1,12,0
877889,1,1,0,0,0,0,84,1,12,0
879220,1,1,1,1,1,0,84,1,12,0
879583,0,0,0,0,1,0,84,1,12,0
879834,0,1,1,0,1,0,84,1,12,0
881303,0,0,0,0,1,0,84,1,12,0
881731,1,0,0,1,1,0,84,1,12,0
882169,0,0,0,0,1,0,84,1,12,0
883305,0,0,0,0,1,0,84,1,12,0
883598,0,1,1,0,1,0,84,1,12,0
884272,0,0,0,0,1,0,84,1,12,0
884398,0,0,0,0,1,0,84,1,12,0
888581,0,0,1,1,0,0,84,1,12,0
889196,0,0,1,1,0,0,84,1,12,0
889561,1,0,1,0,0,0,84,1,12,0
889605,1,0,0,1,1,0,84,1,12,0
890974,1,0,1,0,0,0,84,1,12,0
891697,1,1,1,1,1,0,84,1,12,0
892546,0,1,1,0,1,0,84,1,12,0
892701,1,1,1,1,1,0,84,1,12,0
892955,0,0,1,1,0,0,84,1,12,0
893866,1,1,0,0,0,0,84,1,12,0
896031,1,1,0,0,0,0,84,1,12,0
898134,0,1,1,0,1,0,84,1,12,0
899268,1,0,0,1,1,0,84,1,12,0
900548,0,1,1,0,1,0,84,1,12,0
901867,0,1,1,0,1,0,84,1,12,0
903212,1,1,1,1,1,0,84,1,12,0
903401,0,1,1,0,1,0,84,1,12,0
904271,0,1,1,0,1,0,84,1,12,0
904377,0,1,0,1,0,0,84,1,12,0
905746,1,1,1,1,1,0,84,1,12,0
906606,1,1,0,0,0,0,84,1,12,0
907097,0,0,0,0,1,0,84,1,12,0
908350,1,1,1,1,1,0,84,1,12,0
908752,1,0,1,0,0,0,84,1,12,0
909014,1,0,0,1,1,0,84,1,12,0
910676,1,0,0,1,1,0,84,1,12,0
910701,1,1,1,1,1,0,84,1,12,0
912729,0,1,0,0,0,0,84,1,12,0
914344,1,1,1,1,1,0,84,1,12,0
914902,1,0,0,0,1,1,84,1,12,0
915651,1,0,0,1,1,0,84,1,12,0
916615,1,0,0,1,1,0,84,1,12,0
918510,0,1,0,1,0,0,112,1,9,0
919364,1,1,1,1,1,0,112,1,9,0
919597,0,0,0,0,1,0,112,1,9,0
921382,1,0,0,1,1,0,112,1,9,0
925878,0,0,1,1,0,0,112,1,9,0
927429,0,0,0,0,1,0,112,1,9,0
928912,1,0,1,0,0,0,112,1,9,0
929718,1,0,1,0,0,0,112,1,9,0
929761,0,0,1,1,0,0,112,1,9,0
930448,0,0,1,1,0,0,112,1,9,0
931042,1,1,1,1,1,0,112,1,9,0
931133,0,1,0,1,0,0,112,1,9,0
931760,0,0,0,0,1,0,112,1,9,0
931788,1,1,1,1,1,0,112,1,9,0
933410,1,1,0,0,0,0,112,1,9,0
933704,1,1,1,1,1,0,112,1,9,0
933860,0,0,0,0,1,0,112,1,9,0
935050,0,1,1,0,1,0,112,1,9,0
935829,0,0,1,1,0,0,112,1,9,0
937860,1,1,0,0,0,0,112,1,9,0
938468,1,1,0,0,0,0,112,1,9,0
941364,1,0,1,1,0,0,112,1,9,0
942013,0,0,0,0,1,0,112,1,9,0
942769,0,0,1,1,0,0,112,1,9,0
942853,0,1,1,0,1,0,112,1,9,0
942904,0,1,0,0,0,0,112,1,9,0
945176,0,0,0,0,1,0,112,1,9,0
946191,1,1,0,0,0,0,112,1,9,0
946444,1,1,1,1,1,0,112,1,9,0
947034,1,1,1,1,1,0,112,1,9,0
948773,1,0,1,0,0,0,112,1,9,0
949051,1,1,1,1,1,0,112,1,9,0
952151,1,0,0,1,1,0,112,1,9,0
954130,1,0,1,0,0,0,112,1,9,0
956071,1,1,0,0,0,0,112,1,9,0
957196,0,0,1,1,0,0,112,1,9,0
958181,0,0,0,0,1,0,112,1,9,0
958682,0,0,1,1,0,0,112,1,9,0
959836,0,1,0,1,0,0,112,1,9,0
960251,1,0,0,1,1,0,112,1,9,0
962772,0,0,0,0,1,0,112,1,9,0
962969,1,1,1,1,1,0,112,1,9,0
963005,0,0,1,1,0,0,112,1,9,0
963854,1,0,1,0,0,0,112,1,9,0
964887,1,1,0,0,0,0,112,1,9,0
966113,1,0,0,1,1,0,112,1,9,0
967066,1,0,0,1,1,0,112,1,9,0
967504,1,0,1,0,0,0,112,1,9,0
967750,1,0,0,1,1,0,112,1,9,0
968785,1,1,1,1,1,0,112,1,9,0
969974,0,0,0,1,1,1,112,1,9,0
970681,1,1,0,0,0,0,112,1,9,0
971007,0,1,0,1,0,0,112,1,9,0
971656,0,1,1,0,1,0,112,1,9,0
973549,1,0,0,1,1,0,112,1,9,0
975243,1,0,0,1,1,0,112,1,9,0
975272,0,1,0,1,0,0,112,1,9,0
976618,0,1,1,0,1,0,112,1,9,0
978470,1,1,0,0,0,0,112,1,9,0
978674,0,0,1,1,0,0,112,1,9,0
979806,0,1,1,0,1,0,112,1,9,0
981373,1,0,1,0,0,0,112,1,9,0
983007,0,1,1,0,1,0,112,1,9,0
985001,1,1,1,1,1,0,141,1,9,0
985527,1,0,1,0,0,0,141,1,9,0
985615,0,1,1,0,1,0,141,1,9,0
985668,1,1,0,0,0,0,141,1,9,0
985796,0,0,0,0,1,0,141,1,9,0
986951,0,0,1,1,0,0,141,1,9,0
987136,1,1,0,0,0,0,141,1,9,0
987357,0,1,0,1,0,0,141,1,9,0
987549,0,0,0,0,1,0,141,1,9,0
988559,1,0,1,0,0,0,141,1,9,0
988571,1,0,1,0,0,0,141,1,9,0
988930,1,1,0,0,0,0,141,1,9,0
992389,1,1,0,0,0,0,141,1,9,0
992557,1,1,1,1,1,0,141,1,9,0
992565,0,0,1,1,0,0,141,1,9,0
993041,1,0,0,1,1,0,141,1,9,0
995061,0,1,1,0,1,0,141,1,9,0
995196,1,0,0,1,1,0,141,1,9,0
995403,1,1,1,1,1,0,141,1,9,0
995642,1,0,1,0,0,0,141,1,9,0
996274,0,1,0,1,0,0,141,1,9,0
996548,1,1,0,0,0,0,141,1,9,0
997880,0,0,1,1,0,0,141,1,9,0
999679,0,0,1,1,0,0,141,1,9,0
1002738,0,1,0,0,0,0,141,1,9,0
1003244,0,1,1,0,1,0,141,1,9,0
1003721,0,0,1,1,0,0,141,1,9,0
1004588,0,1,1,0,1,0,141,1,9,0
1004826,1,0,0,1,1,0,141,1,9,0
1005091,1,1,1,1,1,0,141,1,9,0
1005357,1,0,0,1,1,0,141,1,9,0
1005538,1,0,0,1,1,0,141,1,9,0
1005996,1,1,0,0,0,0,141,1,9,0
1006408,0,0,1,1,0,0,141,1,9,0
1006608,0,1,0,1,0,0,141,1,9,0
1008153,1,0,0,1,1,0,141,1,9,0
1008720,0,0,1,1,0,0,141,1,9,0
1010343,0,0,1,1,0,0,141,1,9,0
1010506,1,1,1,1,1,0,141,1,9,0
1011351,0,1,1,0,1,0,141,1,9,0
1012143,1,0,0,0,1,1,141,1,9,0
1012252,1,0,1,0,0,0,141,1,9,0
1015797,0,0,0,0,1,0,141,1,9,0
1016146,0,0,1,1,0,0,141,1,9,0
1016571,1,1,0,0,0,0,141,1,9,0
1016847,1,1,0,0,0,0,141,1,9,0
1017058,0,0,1,1,0,0,141,1,9,0
1017115,0,0,0,0,1,0,141,1,9,0
1018248,1,1,0,0,0,0,141,1,9,0
1018768,1,0,0,1,1,0,141,1,9,0
1019060,0,1,1,0,1,0,141,1,9,0
1020166,0,0,0,0,1,0,141,1,9,0
1021729,1,1,1,1,1,0,141,1,9,0
1021937,0,0,0,0,1,0,141,1,9,0
1023110,0,1,0,1,0,0,141,1,9,0
1023858,1,0,1,0,0,0,141,1,9,0
1024368,1,0,1,0,0,0,141,1,9,0
1025138,0,0,0,0,1,0,141,1,9,0
1025732,1,0,0,1,1,0,141,1,9,0
1027799,0,1,0,1,0,0,141,1,9,0
1028845,1,1,0,0,0,0,141,1,9,0
1028862,0,1,0,1,0,0,141,1,9,0
1029314,0,0,1,1,0,0,141,1,9,0
1029509,1,0,1,0,0,0,141,1,9,0
1029912,1,0,0,1,1,0,141,1,9,0
1031223,0,0,1,1,0,0,141,1,9,0
1031830,0,0,1,1,0,0,141,1,9,0
1032216,1,0,0,1,1,0,141,1,9,0
1032892,1,0,1,0,0,0,141,1,9,0
1033034,1,0,0,1,1,0,141,1,9,0
1034152,0,0,1,1,0,0,141,1,9,0
1034320,1,0,1,0,0,0,141,1,9,0
1036161,0,0,1,1,0,0,141,1,9,0
1036205,1,1,0,0,0,0,141,1,9,0
1037405,0,1,1,1,1,1,141,1,9,0
1038661,0,1,0,1,0,0,141,1,9,0
1039570,1,1,1,1,1,0,141,1,9,0
1039588,1,1,0,0,0,0,141,1,9,0
1041814,1,0,0,1,1,0,141,1,9,0
1042668,0,1,1,0,1,0,141,1,9,0
1042775,1,0,1,0,0,0,141,1,9,0
1043041,1,1,0,0,0,0,141,1,9,0
1043406,1,0,0,1,1,0,141,1,9,0
1045701,0,0,0,0,1,0,141,1,9,0
1046080,0,1,0,1,0,0,141,1,9,0
1048217,0,0,1,1,0,0,141,1,9,0
1048251,0,1,1,0,1,0,141,1,9,0
1050299,1,0,0,1,1,0,109,1,9,0
1050360,1,0,0,1,1,0,109,1,9,0
1050597,0,1,0,1,0,0,109,1,9,0
1051333,1,0,0,1,1,0,109,1,9,0
1052203,1,0,0,1,1,0,109,1,9,0
1052262,1,0,1,1,0,0,109,1,9,0
1053096,1,1,1,1,1,0,109,1,9,0
1053164,0,1,1,0,1,0,109,1,9,0
1054539,1,1,0,0,0,0,109,1,9,0
1055104,1,1,0,0,0,0,109,1,9,0
1057577,1,0,0,1,1,0,109,1,9,0
1058827,1,1,1,1,1,0,109,1,9,0
1059052,0,1,1,0,1,0,109,1,9,0
1059775,0,0,0,0,1,0,109,1,9,0
1060760,0,0,0,1,1,1,109,1,9,0
1061817,0,1,0,1,0,0,109,1,9,0
1062518,1,1,0,0,0,0,109,1,9,0
1062591,0,1,0,1,0,0,109,1,9,0
1062651,1,0,1,0,0,0,109,1,9,0
1063512,0,0,1,1,0,0,109,1,9,0
1064623,0,0,1,1,0,0,109,1,9,0
1065380,0,1,1,0,1,0,109,1,9,0
1065811,1,0,0,1,1,0,109,1,9,0
1066398,0,0,1,1,0,0,109,1,9,0
1066646,0,0,0,0,1,0,109,1,9,0
1066748,0,1,0,1,0,0,109,1,9,0
1067053,1,1,0,0,0,0,109,1,9,0
1067360,1,0,1,0,0,0,109,1,9,0
1067834,0,1,1,0,1,0,109,1,9,0
1068322,1,1,1,1,1,0,109,1,9,0
1068866,0,1,1,0,1,0,109,1,9,0
1069155,1,1,0,0,0,0,109,1,9,0
1069504,1,1,1,1,1,0,109,1,9,0
1070761,1,0,0,1,1,0,109,1,9,0
1071301,0,0,1,1,0,0,109,1,9,0
1071629,0,0,1,1,0,0,109,1,9,0
1073178,0,1,1,0,1,0,109,1,9,0
1073210,1,1,0,0,0,0,109,1,9,0
1073548,1,1,1,1,1,0,109,1,9,0
1074928,1,0,1,0,0,0,109,1,9,0
1074931,0,0,1,1,0,0,109,1,9,0
1075140,1,0,1,0,0,0,109,1,9,0
1075689,1,0,0,1,1,0,109,1,9,0
1075737,1,0,1,0,0,0,109,1,9,0
1076061,1,1,0,0,0,0,109,1,9,0
1076170,1,1,1,1,1,0,109,1,9,0
1076298,1,1,1,1,1,0,109,1,9,0
1077250,0,1,0,1,0,0,109,1,9,0
1079787,1,0,1,0,0,0,109,1,9,0
1082700,1,0,0,1,1,0,109,1,9,0
1083561,1,1,0,0,0,0,109,1,9,0
1084612,0,0,1,1,0,0,109,1,9,0
1085249,0,1,0,1,0,0,109,1,9,0
1086502,1,0,1,0,0,0,109,1,9,0
1088991,1,1,0,0,0,0,109,1,9,0
1089418,1,0,0,1,1,0,109,1,9,0
1089601,0,1,0,1,0,0,109,1,9,0
1090062,1,0,1,0,0,0,109,1,9,0
1090143,1,0,1,0,0,0,109,1,9,0
1091175,1,0,0,1,1,0,109,1,9,0
1095494,0,1,1,0,1,0,109,1,9,0
1095584,0,1,1,0,1,0,109,1,9,0
1097061,0,1,0,1,0,0,109,1,9,0
1098526,0,0,0,0,1,0,109,1,9,0
1098775,0,0,0,0,1,0,109,1,9,0
1098815,1,1,0,0,0,0,109,1,9,0
1099736,1,1,1,1,1,0,109,1,9,0
1104170,1,1,0,0,0,0,109,1,9,0
1104240,1,1,1,1,1,0,109,1,9,0
1105984,0,0,0,0,1,0,109,1,9,0
1106081,1,1,1,1,1,0,109,1,9,0
1110147,1,1,1,1,1,0,109,1,9,0
1110924,1,1,0,0,0,0,109,1,9,0
1111557,0,0,0,0,1,0,109,1,9,0
1112060,1,0,0,1,1,0,109,1,9,0
1112713,1,0,0,1,1,0,109,1,9,0
1114120,0,0,1,1,0,0,123,1,9,0
1114592,0,0,1,1,0,0,123,1,9,0
1115374,0,0,1,1,0,0,123,1,9,0
1116099,1,1,1,1,1,0,123,1,9,0
1119118,1,1,1,1,1,0,123,1,9,0
1119352,1,1,1,1,1,0,123,1,9,0
1119543,1,1,1,1,1,0,123,1,9,0
1119703,0,0,1,1,0,0,123,1,9,0
1119869,0,0,0,0,1,0,123,1,9,0
1120614,1,1,0,0,0,0,123,1,9,0
1120924,0,1,0,1,0,0,123,1,9,0
1121864,1,1,0,0,0,0,123,1,9,0
1121979,0,1,1,0,1,0,123,1,9,0
1123753,0,1,0,1,0,0,123,1,9,0
1125512,0,0,1,1,0,0,123,1,9,0
1126034,1,0,1,0,0,0,123,1,9,0
1127223,0,1,0,1,0,0,123,1,9,0
1128860,1,0,0,1,1,0,123,1,9,0
1131492,1,0,1,0,0,0,123,1,9,0
1132233,1,0,0,1,1,0,123,1,9,0
1132287,1,0,1,0,0,0,123,1,9,0
1132354,0,0,1,1,0,0,123,1,9,0
1133317,0,1,1,0,1,0,123,1,9,0
1133725,1,1,0,0,0,0,123,1,9,0
1134019,0,1,1,0,1,0,123,1,9,0
1134790,0,1,1,0,1,0,123,1,9,0
1134793,1,0,0,1,1,0,123,1,9,0
1134941,0,1,0,1,0,0,123,1,9,0
1136186,1,1,0,0,0,0,123,1,9,0
1136552,0,0,0,0,1,0,123,1,9,0
1136912,0,0,1,1,0,0,123,1,9,0
1138343,1,1,1,1,1,0,123,1,9,0
1138868,1,0,1,0,0,0,123,1,9,0
1139201,1,1,0,0,0,0,123,1,9,0
1139491,1,1,1,1,1,0,123,1,9,0
1140092,0,0,0,0,1,0,123,1,9,0
1142266,0,1,0,1,0,0,123,1,9,0
1142269,1,0,0,1,1,0,123,1,9,0
1142355,1,1,0,0,0,0,123,1,9,0
1142374,0,0,0,0,1,0,123,1,9,0
1142584,1,1,1,1,1,0,123,1,9,0
1143248,0,0,0,0,1,0,123,1,9,0
1143589,1,0,1,0,0,0,123,1,9,0
1143799,1,0,1,0,0,0,123,1,9,0
1143873,0,1,0,1,0,0,123,1,9,0
1144141,1,0,0,1,1,0,123,1,9,0
1144200,0,1,1,0,1,0,123,1,9,0
1144472,1,1,1,1,1,0,123,1,9,0
1144578,0,1,0,1,0,0,123,1,9,0
1144657,0,0,1,1,0,0,123,1,9,0
1146176,1,1,0,0,0,0,123,1,9,0
1146904,1,0,0,1,1,0,123,1,9,0
1147049,1,0,0,1,1,0,123,1,9,0
1147240,1,1,0,0,0,0,123,1,9,0
1149606,1,1,1,1,1,0,123,1,9,0
1149915,1,1,1,1,1,0,123,1,9,0
1154097,0,1,0,1,0,0,123,1,9,0
1154297,1,1,1,1,1,0,123,1,9,0
1155470,1,0,0,1,1,0,123,1,9,0
1156135,1,1,0,0,0,0,123,1,9,0
1157970,1,0,0,1,1,0,123,1,9,0
1159487,0,1,1,0,1,0,123,1,9,0
1161474,1,0,0,1,1,0,123,1,9,0
1161661,1,0,0,1,1,0,123,1,9,0
1161791,1,0,0,0,1,1,123,1,9,0
1162665,1,0,0,1,1,0,123,1,9,0
1162833,1,1,1,1,1,0,123,1,9,0
1163422,1,1,0,0,0,0,123,1,9,0
1164076,1,1,1,1,1,0,123,1,9,0
1164198,1,1,1,1,1,0,123,1,9,0
1165094,1,0,1,0,0,0,123,1,9,0
1166169,0,1,1,0,1,0,123,1,9,0
1166182,0,1,1,0,1,0,123,1,9,0
1167155,1,1,0,0,0,0,123,1,9,0
1167192,0,1,1,0,1,0,123,1,9,0
1167394,1,0,1,0,0,0,123,1,9,0
1167450,1,0,0,1,1,0,123,1,9,0
1168427,0,1,0,1,0,0,123,1,9,0
1168717,1,1,0,0,0,0,123,1,9,0
1169322,1,1,1,1,1,0,123,1,9,0
1170769,0,1,1,0,1,0,123,1,9,0
1171510,0,1,1,0,1,0,123,1,9,0
1171749,0,0,1,1,0,0,123,1,9,0
1172448,0,1,1,0,1,0,123,1,9,0
1173108,0,0,0,0,1,0,123,1,9,0
1173574,1,0,0,1,1,0,123,1,9,0
1173601,1,0,1,0,0,0,123,1,9,0
1173830,1,1,1,1,1,0,123,1,9,0
1174384,0,1,1,0,1,0,123,1,9,0
1175003,1,1,1,1,1,0,123,1,9,0
1178624,0,0,0,1,1,1,123,1,9,0
1180677,0,1,1,0,1,0,143,1,9,0
1180839,1,0,0,1,1,0,143,1,9,0
1180966,0,0,0,0,1,0,143,1,9,0
1181082,1,1,0,0,0,0,143,1,9,0
1181948,1,0,1,0,0,0,143,1,9,0
1182002,0,1,0,1,0,0,143,1,9,0
1182934,0,1,0,1,0,0,143,1,9,0
1183114,0,0,1,1,0,0,143,1,9,0
1183362,0,1,0,1,0,0,143,1,9,0
1184924,0,1,1,0,1,0,143,1,9,0
1185268,1,0,0,1,1,0,143,1,9,0
1187058,0,0,1,1,0,0,143,1,9,0
1188521,1,1,1,1,1,0,143,1,9,0
1188538,0,1,1,0,1,0,143,1,9,0
1190801,0,0,0,0,1,0,143,1,9,0
1191040,0,0,1,1,0,0,143,1,9,0
1192225,1,1,1,1,1,0,143,1,9,0
1192345,0,0,0,0,1,0,143,1,9,0
1192390,1,0,1,0,0,0,143,1,9,0
1194220,0,1,1,0,1,0,143,1,9,0
1196145,1,1,0,0,0,0,143,1,9,0
1196481,0,1,0,1,0,0,143,1,9,0
1197137,0,1,0,1,0,0,143,1,9,0
1199288,1,0,1,0,0,0,143,1,9,0
1199438,0,1,1,0,1,0,143,1,9,0
1199661,0,0,1,1,0,0,143,1,9,0
1199695,0,1,1,1,1,1,143,1,9,0
1199856,0,1,1,0,1,0,143,1,9,0
1204265,1,1,0,0,0,0,143,1,9,0
1204500,1,0,0,1,1,0,143,1,9,0
1204888,1,1,0,0,0,0,143,1,9,0
1205421,0,0,0,0,1,0,143,1,9,0
1206585,0,1,1,0,1,0,143,1,9,0
1206777,0,1,0,1,0,0,143,1,9,0
1207627,0,0,1,1,0,0,143,1,9,0
1208625,1,0,0,1,1,0,143,1,9,0
1208808,1,1,1,1,1,0,143,1,9,0
1209813,1,0,0,1,1,0,143,1,9,0
1209967,1,1,1,1,1,0,143,1,9,0
1210015,1,0,1,0,0,0,143,1,9,0
1210271,0,1,0,1,0,0,143,1,9,0
1210463,0,0,0,0,1,0,143,1,9,0
1211883,1,0,0,1,1,0,143,1,9,0
1212358,1,0,0,1,1,0,143,1,9,0
1212426,0,1,1,0,1,0,143,1,9,0
1212438,0,0,1,1,0,0,143,1,9,0
1212514,0,0,0,0,1,0,143,1,9,0
1213694,1,1,1,1,1,0,143,1,9,0
1214132,0,1,1,0,1,0,143,1,9,0
1214202,1,1,0,0,0,0,143,1,9,0
1214918,0,0,0,0,1,0,143,1,9,0
1214967,1,0,1,0,0,0,143,1,9,0
1217426,0,0,0,0,1,0,143,1,9,0
1218638,1,0,0,0,1,1,143,1,9,0
1219103,1,1,1,1,1,0,143,1,9,0
1220375,0,0,1,1,0,0,143,1,9,0
1220495,1,0,0,1,1,0,143,1,9,0
1221107,1,0,1,0,0,0,143,1,9,0
1221463,0,1,1,0,1,0,143,1,9,0
1223143,0,0,0,0,1,0,143,1,9,0
1223236,1,0,1,0,0,0,143,1,9,0
1223898,0,1,1,0,1,0,143,1,9,0
1225318,0,0,1,1,0,0,143,1,9,0
1225613,0,0,1,1,0,0,143,1,9,0
1225688,1,1,0,0,0,0,143,1,9,0
1225876,1,1,1,1,1,0,143,1,9,0
1226586,1,0,0,1,1,0,143,1,9,0
1227470,1,1,0,0,0,0,143,1,9,0
1228508,0,0,1,1,0,0,143,1,9,0
1228789,0,0,1,1,0,0,143,1,9,0
1229676,1,1,1,0,1,1,143,1,9,0
1230715,1,1,0,0,0,0,143,1,9,0
1230719,1,0,1,0,0,0,143,1,9,0
1231552,0,0,0,0,1,0,143,1,9,0
1232724,0,1,0,1,0,0,143,1,9,0
1232770,0,0,0,0,1,0,143,1,9,0
1234285,0,1,0,1,0,0,143,1,9,0
1235750,1,0,1,0,0,0,143,1,9,0
1236513,0,0,1,1,0,0,143,1,9,0
1238352,0,1,0,1,0,0,143,1,9,0
1238694,0,1,0,1,0,0,143,1,9,0
1238932,0,1,0,1,0,0,143,1,9,0
1239004,1,1,0,0,0,0,143,1,9,0
1240966,0,1,1,0,1,0,143,1,9,0
1241336,0,0,0,0,1,0,143,1,9,0
1242536,0,1,0,0,0,0,143,1,9,0
1244019,1,0,0,1,1,0,143,1,9,0
1244331,1,1,1,1,1,0,143,1,9,0
1244498,1,1,1,1,1,0,143,1,9,0
1245462,0,0,0,0,1,0,110,1,9,0
1247692,1,1,1,1,1,0,110,1,9,0
1248323,1,0,0,1,1,0,110,1,9,0
1248947,0,1,0,1,0,0,110,1,9,0
1249263,1,1,1,1,1,0,110,1,9,0
1249297,1,1,0,0,0,0,110,1,9,0
1252325,1,0,0,1,1,0,110,1,9,0
1252710,1,0,0,0,1,1,110,1,9,0
1253269,0,1,0,1,0,0,110,1,9,0
1254468,1,0,0,1,1,0,110,1,9,0
1255857,0,0,0,0,1,0,110,1,9,0
1256663,0,1,1,1,1,1,110,1,9,0
1256927,0,0,0,0,1,0,110,1,9,0
1257072,1,0,1,0,0,0,110,1,9,0
1257665,1,0,1,0,0,0,110,1,9,0
1261425,1,1,1,1,1,0,110,1,9,0
1261602,0,0,1,1,0,0,110,1,9,0
1262811,0,1,1,0,1,0,110,1,9,0
1264493,1,0,1,0,0,0,110,1,9,0
1265365,1,0,0,1,1,0,110,1,9,0
1266274,1,1,0,0,0,0,110,1,9,0
1270145,1,0,0,1,1,0,110,1,9,0
1271310,0,0,0,1,1,1,110,1,9,0
1271775,0,1,0,1,0,0,110,1,9,0
1272685,1,1,0,0,0,0,110,1,9,0
1276129,1,0,1,0,0,0,110,1,9,0
1276393,1,0,0,1,1,0,110,1,9,0
1276971,0,1,1,0,1,0,110,1,9,0
1277318,1,0,0,1,1,0,110,1,9,0
1278226,1,1,0,1,0,0,110,1,9,0
1281376,0,1,0,1,0,0,110,1,9,0
1282560,0,0,1,1,0,0,110,1,9,0
1282691,1,0,1,0,0,0,110,1,9,0
1282847,1,1,1,1,1,0,110,1,9,0
1283943,0,0,0,0,1,0,110,1,9,0
1284396,1,1,1,1,1,0,110,1,9,0
1284550,1,0,1,0,0,0,110,1,9,0
1284673,0,1,1,0,1,0,110,1,9,0
1284789,0,0,0,0,1,0,110,1,9,0
1285597,1,1,1,1,1,0,110,1,9,0
1285909,0,0,1,0,0,0,110,1,9,0
1286174,0,0,1,1,0,0,110,1,9,0
1286484,1,1,1,1,1,0,110,1,9,0
1287535,1,1,1,1,1,0,110,1,9,0
1288066,0,1,0,1,0,0,110,1,9,0
1288468,1,0,1,0,0,0,110,1,9,0
1290527,0,1,0,1,0,0,110,1,9,0
1290622,0,0,0,0,1,0,110,1,9,0
1291207,0,1,1,0,1,0,110,1,9,0
1291226,1,1,0,0,0,0,110,1,9,0
1292376,0,0,1,1,0,0,110,1,9,0
1292735,1,0,1,0,0,0,110,1,9,0
1295383,0,0,0,0,1,0,110,1,9,0
1296265,1,0,0,1,1,0,110,1,9,0
1297079,1,0,1,0,0,0,110,1,9,0
1297521,1,1,0,0,0,0,110,1,9,0
1299071,1,0,1,0,0,0,110,1,9,0
1299099,1,0,1,0,0,0,110,1,9,0
1299778,1,0,0,1,1,0,110,1,9,0
1301190,0,0,0,0,1,0,110,1,9,0
1302874,1,0,0,1,1,0,110,1,9,0
1302956,1,1,0,0,0,0,110,1,9,0
1303008,1,1,0,0,0,0,110,1,9,0
1303014,0,0,0,0,1,0,110,1,9,0
1304824,0,0,1,1,0,0,110,1,9,0
1305963,0,1,1,0,1,0,110,1,9,0
1308273,1,1,1,1,1,0,110,1,9,0
1308311,0,1,1,0,1,0,110,1,9,0
1310648,1,1,1,1,1,0,110,1,9,0
1376365,0,1,1,0,1,0,124,1,9,0
1378428,1,1,0,0,0,0,124,1,9,0
1379484,0,1,1,0,1,0,124,1,9,0
1380201,1,1,1,1,1,0,124,1,9,0
1381169,0,0,1,1,0,0,124,1,9,0
1381560,0,0,0,0,1,0,124,1,9,0
1381887,0,0,1,1,0,0,124,1,9,0
1382258,1,1,0,0,0,0,124,1,9,0
1382839,1,1,1,1,1,0,124,1,9,0
1383985,1,0,0,1,1,0,124,1,9,0
1384899,1,1,0,0,0,0,124,1,9,0
1384973,0,0,1,1,0,0,124,1,9,0
1384994,0,0,1,1,0,0,124,1,9,0
1385062,0,0,1,1,0,0,124,1,9,0
1385627,1,0,0,1,1,0,124,1,9,0
1388338,1,1,0,0,0,0,124,1,9,0
1389044,1,1,0,0,0,0,124,1,9,0
1390141,0,1,0,1,0,0,124,1,9,0
1390690,0,1,0,1,0,0,124,1,9,0
1391144,0,1,1,0,1,0,124,1,9,0
1391393,1,1,0,0,0,0,124,1,9,0
1391535,0,1,1,0,1,0,124,1,9,0
1393486,1,1,1,1,1,0,124,1,9,0
1394285,0,1,0,1,0,0,124,1,9,0
1394714,0,1,0,1,0,0,124,1,9,0
1395463,1,0,1,0,0,0,124,1,9,0
1395520,1,1,0,0,0,0,124,1,9,0
1398221,0,1,1,0,1,0,124,1,9,0
1399975,0,1,0,1,0,0,124,1,9,0
1400319,0,0,1,1,0,0,124,1,9,0
1402973,1,0,0,1,1,0,124,1,9,0
1403548,0,0,1,1,0,0,124,1,9,0
1404506,0,1,1,0,1,0,124,1,9,0
1405050,0,0,1,1,0,0,124,1,9,0
1406242,1,0,0,1,1,0,124,1,9,0
1406965,1,1,0,0,0,0,124,1,9,0
1407241,0,1,1,0,1,0,124,1,9,0
1408661,1,1,1,1,1,0,124,1,9,0
1410260,0,1,0,1,0,0,124,1,9,0
1410409,1,1,0,0,0,0,124,1,9,0
1411577,1,1,1,1,1,0,124,1,9,0
1413851,1,0,0,0,1,1,124,1,9,0
1415309,1,1,1,1,1,0,124,1,9,0
1415877,1,0,1,0,0,0,124,1,9,0
1415907,1,1,0,1,0,0,124,1,9,0
1416084,1,1,1,1,1,0,124,1,9,0
1416233,1,1,1,1,1,0,124,1,9,0
1417098,0,0,0,0,1,0,124,1,9,0
1417430,1,0,0,1,1,0,124,1,9,0
1417965,0,0,0,0,1,0,124,1,9,0
1418834,1,0,0,1,1,0,124,1,9,0
1421417,0,0,1,1,0,0,124,1,9,0
1421938,1,1,1,1,1,0,124,1,9,0
1423296,0,1,1,0,1,0,124,1,9,0
1423762,0,0,0,0,1,0,124,1,9,0
1425279,1,1,1,1,1,0,124,1,9,0
1425689,0,0,0,0,1,0,124,1,9,0
1425916,0,1,0,1,0,0,124,1,9,0
1426510,0,1,1,0,1,0,124,1,9,0
1426830,0,0,0,0,1,0,124,1,9,0
1429677,1,1,1,1,1,0,124,1,9,0
1430572,1,0,1,0,0,0,124,1,9,0
1431939,0,0,1,1,0,0,124,1,9,0
1434381,0,0,0,0,1,0,124,1,9,0
1434789,0,0,1,1,0,0,124,1,9,0
1435228,0,1,1,0,1,0,124,1,9,0
1437520,0,1,1,0,1,0,124,1,9,0
1438763,0,0,1,1,0,0,124,1,9,0
1439103,0,1,0,1,0,0,124,1,9,0
1440723,1,1,0,0,0,0,124,1,9,0
1441503,1,1,1,1,1,0,124,1,9,0
1442313,1,0,1,1,0,0,121,2,9,0
1442509,1,1,0,0,0,0,121,2,9,0
1444143,1,0,0,1,1,0,121,2,9,0
1445170,0,0,1,1,0,0,121,2,9,0
1446420,1,1,1,1,1,0,121,2,9,0
1447011,0,1,1,0,1,0,121,2,9,0
1448304,0,1,1,0,1,0,121,2,9,0
1448351,0,1,0,0,0,0,121,2,9,0
1449309,0,1,1,0,1,0,121,2,9,0
1450039,0,1,1,0,1,0,121,2,9,0
1450333,1,0,0,1,1,0,121,2,9,0
1450483,1,1,0,0,0,0,121,2,9,0
1451526,0,0,0,0,1,0,121,2,9,0
1452362,0,1,1,0,1,0,121,2,9,0
1452615,1,0,0,1,1,0,121,2,9,0
1453345,1,1,1,1,1,0,121,2,9,0
1455035,0,1,1,0,1,0,121,2,9,0
1455609,1,1,0,0,0,0,121,2,9,0
1456118,0,0,0,0,1,0,121,2,9,0
1457025,0,1,0,1,0,0,121,2,9,0
1457621,0,0,1,1,0,0,121,2,9,0
1457651,0,1,1,0,1,0,121,2,9,0
1458109,0,1,0,0,0,0,121,2,9,0
1458190,0,1,1,0,1,0,121,2,9,0
1458747,1,0,0,1,1,0,121,2,9,0
1459092,0,1,0,1,0,0,121,2,9,0
1459348,0,0,1,1,0,0,121,2,9,0
1459466,1,0,0,1,1,0,121,2,9,0
1459478,0,0,1,1,0,0,121,2,9,0
1460728,1,1,1,1,1,0,121,2,9,0
1462973,0,1,0,1,0,0,121,2,9,0
1462977,1,1,0,0,0,0,121,2,9,0
1464077,1,0,1,0,0,0,121,2,9,0
1465922,0,0,0,0,1,0,121,2,9,0
1465952,1,0,0,1,1,0,121,2,9,0
1465967,0,1,0,1,0,0,121,2,9,0
1466650,1,0,1,0,0,0,121,2,9,0
1466829,1,1,1,1,1,0,121,2,9,0
1467742,0,1,1,0,1,0,121,2,9,0
1468456,0,1,0,1,0,0,121,2,9,0
1468710,0,0,1,1,0,0,121,2,9,0
1470832,1,1,1,1,1,0,121,2,9,0
1471295,0,0,1,1,0,0,121,2,9,0
1471526,1,0,0,0,1,1,121,2,9,0
1472798,0,0,0,0,1,0,121,2,9,0
1473242,1,1,1,1,1,0,121,2,9,0
1474034,1,1,0,0,0,0,121,2,9,0
1475227,0,0,1,1,0,0,121,2,9,0
1475563,0,1,0,1,0,0,121,2,9,0
1475677,1,1,0,0,0,0,121,2,9,0
1475996,1,0,0,1,1,0,121,2,9,0
1476273,1,0,1,0,0,0,121,2,9,0
1479667,1,0,1,0,0,0,121,2,9,0
1480202,1,0,0,1,1,0,121,2,9,0
1480982,0,1,1,0,1,0,121,2,9,0
1481447,0,0,1,1,0,0,121,2,9,0
1481885,1,1,1,1,1,0,121,2,9,0
1482140,1,1,1,1,1,0,121,2,9,0
1483502,1,0,1,0,0,0,121,2,9,0
1483564,0,0,1,1,0,0,121,2,9,0
1485092,1,1,1,1,1,0,121,2,9,0
1485292,0,1,0,1,0,0,121,2,9,0
1485952,1,0,0,1,1,0,121,2,9,0
1486216,1,1,1,1,1,0,121,2,9,0
1487160,1,0,1,0,0,0,121,2,9,0
1487351,0,1,1,0,1,0,121,2,9,0
1487749,0,1,1,0,1,0,121,2,9,0
1489523,1,1,0,0,0,0,121,2,9,0
1490704,0,1,0,1,0,0,121,2,9,0
1492711,0,1,1,0,1,0,121,2,9,0
1493478,1,1,1,1,1,0,121,2,9,0
1493645,1,0,0,1,1,0,121,2,9,0
1493802,1,0,1,0,0,0,121,2,9,0
1495660,0,0,0,0,1,0,121,2,9,0
1496297,1,0,1,0,0,0,121,2,9,0
1497050,1,0,1,0,0,0,121,2,9,0
1498815,0,0,1,1,0,0,121,2,9,0
1499123,0,0,0,0,1,0,121,2,9,0
1499290,0,0,0,0,1,0,121,2,9,0
1501091,1,1,0,0,0,0,121,2,9,0
1502312,1,0,0,1,1,0,121,2,9,0
1503262,0,1,0,1,0,0,121,2,9,0
1504986,0,0,0,0,1,0,121,2,9,0
1505835,1,1,0,0,0,0,121,2,9,0
1506611,1,0,1,0,0,0,121,2,9,0
1506923,1,0,0,1,1,0,121,2,9,0
1507462,0,1,1,1,1,1,144,2,12,0
1508227,1,1,1,1,1,0,144,2,12,0
1508686,1,1,1,1,1,0,144,2,12,0
1509491,1,1,1,1,1,0,144,2,12,0
1511118,0,0,1,1,0,0,144,2,12,0
1512371,1,1,0,0,0,0,144,2,12,0
1512744,1,1,0,0,0,0,144,2,12,0
1515094,0,1,0,1,0,0,144,2,12,0
1515886,1,0,1,0,0,0,144,2,12,0
1515908,1,1,0,0,0,0,144,2,12,0
1516444,0,1,0,1,0,0,144,2,12,0
1516489,0,1,0,0,0,0,144,2,12,0
1517132,1,1,0,0,0,0,144,2,12,0
1517229,1,0,1,0,0,0,144,2,12,0
1517310,0,1,1,0,1,0,144,2,12,0
1517347,1,0,0,1,1,0,144,2,12,0
1517732,0,1,0,1,0,0,144,2,12,0
1518216,1,1,0,0,0,0,144,2,12,0
1518346,1,0,1,0,0,0,144,2,12,0
1518901,1,1,0,0,0,0,144,2,12,0
1519257,0,0,0,0,1,0,144,2,12,0
1519921,0,1,0,1,0,0,144,2,12,0
1520433,0,1,1,0,1,0,144,2,12,0
1520635,0,1,1,0,1,0,144,2,12,0
1520783,0,0,1,1,0,0,144,2,12,0
1521631,1,1,0,0,0,0,144,2,12,0
1521696,0,1,0,1,0,0,144,2,12,0
1522618,0,1,0,1,0,0,144,2,12,0
1523286,1,1,1,1,1,0,144,2,12,0
1523318,1,0,0,1,1,0,144,2,12,0
1523426,0,1,0,1,0,0,144,2,12,0
1523697,1,1,0,0,0,0,144,2,12,0
1523767,0,0,1,1,0,0,144,2,12,0
1523992,0,1,1,0,1,0,144,2,12,0
1525236,1,1,1,1,1,0,144,2,12,0
1525760,1,1,0,0,0,0,144,2,12,0
1526146,1,0,0,1,1,0,144,2,12,0
1526395,0,1,0,1,0,0,144,2,12,0
1526529,1,0,0,1,1,0,144,2,12,0
1526882,0,0,0,1,1,1,144,2,12,0
1528413,1,0,0,1,1,0,144,2,12,0
1528592,1,0,1,0,0,0,144,2,12,0
1528726,1,0,1,0,0,0,144,2,12,0
1528983,1,0,1,0,0,0,144,2,12,0
1529300,1,0,0,1,1,0,144,2,12,0
1529416,1,0,1,0,0,0,144,2,12,0
1530297,1,0,0,1,1,0,144,2,12,0
1530553,0,0,0,0,1,0,144,2,12,0
1530663,0,0,0,0,1,0,144,2,12,0
1530675,0,1,1,0,1,0,144,2,12,0
1531260,0,1,0,1,0,0,144,2,12,0
1534831,0,0,1,1,0,0,144,2,12,0
1534913,1,1,0,0,0,0,144,2,12,0
1534996,0,0,0,0,1,0,144,2,12,0
1535249,1,0,0,1,1,0,144,2,12,0
1535655,0,0,1,1,0,0,144,2,12,0
1536386,1,0,0,1,1,0,144,2,12,0
1536938,0,1,0,1,0,0,144,2,12,0
1537168,1,0,0,1,1,0,144,2,12,0
1537466,1,1,1,1,1,0,144,2,12,0
1539108,0,0,1,1,0,0,144,2,12,0
1539273,1,1,1,1,1,0,144,2,12,0
1539495,1,1,1,1,1,0,144,2,12,0
1541088,1,0,1,0,0,0,144,2,12,0
1542638,1,0,1,0,0,0,144,2,12,0
1542683,1,1,0,0,0,0,144,2,12,0
1544000,1,0,1,0,0,0,144,2,12,0
1544976,1,1,1,1,1,0,144,2,12,0
1545362,0,0,0,0,1,0,144,2,12,0
1546745,0,1,1,0,1,0,144,2,12,0
1547111,0,0,1,1,0,0,144,2,12,0
1547779,1,1,1,1,1,0,144,2,12,0
1547971,1,1,0,1,0,0,144,2,12,0
1548466,1,1,1,1,1,0,144,2,12,0
1548662,1,1,1,1,1,0,144,2,12,0
1548864,1,1,1,1,1,0,144,2,12,0
1549574,0,0,1,1,0,0,144,2,12,0
1550469,1,1,1,1,1,0,144,2,12,0
1550588,0,1,0,1,0,0,144,2,12,0
1551235,0,1,1,0,1,0,144,2,12,0
1551291,1,1,1,1,1,0,144,2,12,0
1551940,1,1,1,1,1,0,144,2,12,0
1552322,1,0,1,0,0,0,144,2,12,0
1552588,0,0,1,1,0,0,144,2,12,0
1553486,0,0,0,0,1,0,144,2,12,0
1555080,1,0,1,0,0,0,144,2,12,0
1555346,0,1,1,0,1,0,144,2,12,0
1555612,1,0,1,0,0,0,144,2,12,0
1555867,1,0,0,1,1,0,144,2,12,0
1556468,0,1,1,0,1,0,144,2,12,0
1556553,0,1,1,0,1,0,144,2,12,0
1557663,1,0,0,1,1,0,144,2,12,0
1557874,1,0,0,1,1,0,144,2,12,0
1558217,0,1,1,0,1,0,144,2,12,0
1560004,0,1,1,0,1,0,144,2,12,0
1561506,1,0,0,0,1,1,144,2,12,0
1562100,0,1,1,0,1,0,144,2,12,0
1562290,1,0,1,0,0,0,144,2,12,0
1562540,1,0,0,1,1,0,144,2,12,0
1563428,1,0,0,1,1,0,144,2,12,0
1563694,1,1,0,0,0,0,144,2,12,0
1563857,1,0,0,1,1,0,144,2,12,0
1563943,0,1,0,1,0,0,144,2,12,0
1564270,1,1,0,0,0,0,144,2,12,0
1564310,0,0,1,1,0,0,144,2,12,0
1564754,0,1,1,0,1,0,144,2,12,0
1564918,0,1,0,1,0,0,144,2,12,0
1565175,0,1,1,0,1,0,144,2,12,0
1566794,1,0,1,0,0,0,144,2,12,0
1566895,1,1,1,1,1,0,144,2,12,0
1567124,1,0,0,1,1,0,144,2,12,0
1567472,0,1,1,0,1,0,144,2,12,0
1568054,0,1,1,0,1,0,144,2,12,0
1568124,1,0,0,0,1,1,144,2,12,0
1568614,0,0,0,0,1,0,144,2,12,0
1569264,0,0,0,0,1,0,144,2,12,0
1569668,1,1,1,1,1,0,144,2,12,0
1570925,1,1,0,0,0,0,144,2,12,0
1571667,0,1,0,1,0,0,144,2,12,0
1572436,0,0,0,0,1,0,144,2,12,0
1572772,1,0,1,0,0,0,144,2,12,0
1572813,0,0,1,1,0,0,144,2,12,0
1573642,1,0,1,0,0,0,114,2,12,0
1574593,1,1,0,0,0,0,114,2,12,0
1574630,1,0,1,0,0,0,114,2,12,0
1574925,1,0,1,0,0,0,114,2,12,0
1575076,0,0,0,0,1,0,114,2,12,0
1575151,0,1,0,1,0,0,114,2,12,0
1575410,1,1,0,0,0,0,114,2,12,0
1576116,1,0,0,1,1,0,114,2,12,0
1576987,1,0,0,1,1,0,114,2,12,0
1577255,0,1,0,1,0,0,114,2,12,0
1578473,0,1,1,0,1,0,114,2,12,0
1579166,1,1,0,0,0,0,114,2,12,0
1579819,1,0,0,1,1,0,114,2,12,0
1580099,1,0,1,0,0,0,114,2,12,0
1581573,1,0,1,0,0,0,114,2,12,0
1582009,1,1,1,1,1,0,114,2,12,0
1582526,0,1,1,1,1,1,114,2,12,0
1583312,0,1,1,0,1,0,114,2,12,0
1583792,0,1,0,1,0,0,114,2,12,0
1583851,0,1,0,1,0,0,114,2,12,0
1584427,1,0,0,1,1,0,114,2,12,0
1585440,1,1,0,0,0,0,114,2,12,0
1586588,1,1,0,0,0,0,114,2,12,0
1587212,1,1,1,1,1,0,114,2,12,0
1587341,1,1,0,0,0,0,114,2,12,0
1588600,0,0,0,0,1,0,114,2,12,0
1589448,1,0,0,1,1,0,114,2,12,0
1589706,0,1,1,0,1,0,114,2,12,0
1589949,1,0,1,0,0,0,114,2,12,0
1590125,0,0,1,1,0,0,114,2,12,0
1590301,0,0,0,0,1,0,114,2,12,0
1591018,1,1,1,1,1,0,114,2,12,0
1592859,1,0,0,1,1,0,114,2,12,0
1593600,0,1,0,1,0,0,114,2,12,0
1593901,1,1,1,1,1,0,114,2,12,0
1594387,1,0,0,1,1,0,114,2,12,0
1594799,0,1,0,1,0,0,114,2,12,0
1596350,1,0,0,1,1,0,114,2,12,0
1596992,0,0,0,1,1,1,114,2,12,0
1597732,1,1,0,0,0,0,114,2,12,0
1600468,1,1,1,1,1,0,114,2,12,0
1601058,0,0,1,1,0,0,114,2,12,0
1601651,0,1,1,0,1,0,114,2,12,0
1602723,1,0,1,0,0,0,114,2,12,0
1603628,1,1,0,0,0,0,114,2,12,0
1603719,1,0,1,0,0,0,114,2,12,0
1604897,0,0,1,1,0,0,114,2,12,0
1605958,1,1,1,1,1,0,114,2,12,0
1606328,0,1,0,1,0,0,114,2,12,0
1606867,1,0,1,0,0,0,114,2,12,0
1606938,0,0,1,1,0,0,114,2,12,0
1608055,0,1,1,0,1,0,114,2,12,0
1609357,0,0,0,0,1,0,114,2,12,0
1609510,0,1,1,0,1,0,114,2,12,0
1609703,0,0,1,1,0,0,114,2,12,0
1610313,1,1,0,0,0,0,114,2,12,0
1610467,0,1,1,0,1,0,114,2,12,0
1610633,0,0,0,0,1,0,114,2,12,0
1611298,1,1,0,0,0,0,114,2,12,0
1611444,1,0,1,0,0,0,114,2,12,0
1612373,0,1,0,1,0,0,114,2,12,0
1612496,1,1,1,1,1,0,114,2,12,0
1612682,1,1,1,1,1,0,114,2,12,0
1613199,1,0,0,0,1,1,114,2,12,0
1613461,1,0,1,0,0,0,114,2,12,0
1613860,0,1,1,0,1,0,114,2,12,0
1614170,1,1,1,1,1,0,114,2,12,0
1614852,1,0,1,0,0,0,114,2,12,0
1614969,0,1,0,1,0,0,114,2,12,0
1615547,0,1,1,0,1,0,114,2,12,0
1616354,0,0,1,1,0,0,114,2,12,0
1617227,1,1,1,0,1,1,114,2,12,0
1617476,1,1,0,0,0,0,114,2,12,0
1618667,0,0,0,0,1,0,114,2,12,0
1618882,0,1,0,1,0,0,114,2,12,0
1620222,0,1,1,0,1,0,114,2,12,0
1620561,1,0,0,1,1,0,114,2,12,0
1620656,0,1,0,1,0,0,114,2,12,0
1620890,1,1,0,0,0,0,114,2,12,0
1621065,0,1,1,0,1,0,114,2,12,0
1622261,0,0,0,0,1,0,114,2,12,0
1622459,0,1,0,1,0,0,114,2,12,0
1622716,0,0,0,0,1,0,114,2,12,0
1622992,0,1,0,1,0,0,114,2,12,0
1623103,0,0,1,1,0,0,114,2,12,0
1623274,0,0,1,1,0,0,114,2,12,0
1623343,0,0,1,1,0,0,114,2,12,0
1623632,1,1,0,0,0,0,114,2,12,0
1623829,1,0,0,1,1,0,114,2,12,0
1624918,1,1,0,0,0,0,114,2,12,0
1625110,0,1,1,0,1,0,114,2,12,0
1626665,1,0,1,0,0,0,114,2,12,0
1627836,0,0,0,0,1,0,114,2,12,0
1628373,0,1,1,0,1,0,114,2,12,0
1628508,0,0,0,0,1,0,114,2,12,0
1628733,0,1,1,0,1,0,114,2,12,0
1629254,0,1,0,1,0,0,114,2,12,0
1630233,0,0,0,0,1,0,114,2,12,0
1630619,0,1,1,0,1,0,114,2,12,0
1631927,1,0,0,1,1,0,114,2,12,0
1632287,0,0,1,1,0,0,114,2,12,0
1635626,1,1,1,1,1,0,114,2,12,0
1635879,0,0,1,1,0,0,114,2,12,0
1636181,1,1,0,0,0,0,114,2,12,0
1636210,1,1,1,1,1,0,114,2,12,0
1636970,0,1,1,0,1,0,114,2,12,0
1637035,1,1,1,1,1,0,114,2,12,0
1637627,0,1,0,1,0,0,114,2,12,0
1638699,0,1,1,0,1,0,136,2,12,0
1638769,1,1,0,0,0,0,136,2,12,0
1638823,0,1,1,0,1,0,136,2,12,0
1639192,1,0,0,0,1,1,136,2,12,0
1639516,1,1,1,1,1,0,136,2,12,0
1639532,1,1,1,1,1,0,136,2,12,0
1640513,1,1,1,1,1,0,136,2,12,0
1640813,1,1,1,1,1,0,136,2,12,0
1641206,1,1,1,1,1,0,136,2,12,0
1641685,1,1,1,1,1,0,136,2,12,0
1642341,0,1,0,1,0,0,136,2,12,0
1642434,0,0,0,0,1,0,136,2,12,0
1642569,0,1,0,1,0,0,136,2,12,0
1643097,1,0,1,0,0,0,136,2,12,0
1643297,1,0,0,1,1,0,136,2,12,0
1644005,0,0,1,1,0,0,136,2,12,0
1644061,1,1,1,1,1,0,136,2,12,0
1644273,0,1,1,0,1,0,136,2,12,0
1644281,0,0,1,1,0,0,136,2,12,0
1644473,0,1,1,0,1,0,136,2,12,0
1644525,1,1,1,1,1,0,136,2,12,0
1644776,0,0,0,0,1,0,136,2,12,0
1646132,1,1,1,1,1,0,136,2,12,0
1646247,0,1,0,1,0,0,136,2,12,0
1646713,0,0,1,1,0,0,136,2,12,0
1646971,1,0,1,0,0,0,136,2,12,0
1647410,1,0,1,0,0,0,136,2,12,0
1647855,1,0,1,0,0,0,136,2,12,0
1648689,0,0,1,1,0,0,136,2,12,0
1648915,1,1,0,0,0,0,136,2,12,0
1650801,0,1,1,0,1,0,136,2,12,0
1651046,1,0,1,0,0,0,136,2,12,0
1651139,1,0,1,0,0,0,136,2,12,0
1651192,0,0,1,1,0,0,136,2,12,0
1651298,0,0,0,1,1,1,136,2,12,0
1651407,0,1,1,0,1,0,136,2,12,0
1652340,1,0,1,0,0,0,136,2,12,0
1653211,0,0,0,0,1,0,136,2,12,0
1653446,0,1,0,1,0,0,136,2,12,0
1653805,1,1,0,0,0,0,136,2,12,0
1653814,1,1,1,1,1,0,136,2,12,0
1653982,0,0,0,0,1,0,136,2,12,0
1654080,1,1,0,0,0,0,136,2,12,0
1654501,0,1,1,0,1,0,136,2,12,0
1655343,0,1,0,1,0,0,136,2,12,0
1655344,0,0,1,1,0,0,136,2,12,0
1655485,0,1,1,0,1,0,136,2,12,0
1655965,1,1,1,1,1,0,136,2,12,0
1656182,0,1,0,1,0,0,136,2,12,0
1656258,1,0,1,1,0,0,136,2,12,0
1656307,1,1,0,0,0,0,136,2,12,0
1656461,1,0,1,0,0,0,136,2,12,0
1657371,0,0,0,0,1,0,136,2,12,0
1657859,0,1,0,1,0,0,136,2,12,0
1658452,0,0,0,1,1,1,136,2,12,0
1658864,0,1,1,0,1,0,136,2,12,0
1659704,0,1,1,0,1,0,136,2,12,0
1660627,1,0,0,1,1,0,136,2,12,0
1661900,1,1,1,0,1,1,136,2,12,0
1662108,0,0,0,0,1,0,136,2,12,0
1662173,1,1,1,1,1,0,136,2,12,0
1662476,1,1,0,0,0,0,136,2,12,0
1662705,0,0,0,1,1,1,136,2,12,0
1663799,0,0,1,1,0,0,136,2,12,0
1665416,0,1,1,0,1,0,136,2,12,0
1665502,0,0,1,1,0,0,136,2,12,0
1665868,0,0,1,1,0,0,136,2,12,0
1666317,0,1,1,0,1,0,136,2,12,0
1667057,0,1,1,0,1,0,136,2,12,0
1667134,0,1,1,0,1,0,136,2,12,0
1669705,1,1,1,1,1,0,136,2,12,0
1669758,0,0,1,1,0,0,136,2,12,0
1670344,1,1,1,1,1,0,136,2,12,0
1671955,1,1,0,0,0,0,136,2,12,0
1672160,0,1,1,0,1,0,136,2,12,0
1672559,1,1,0,1,0,0,136,2,12,0
1673333,0,1,0,1,0,0,136,2,12,0
1673450,1,1,0,0,0,0,136,2,12,0
1674535,1,0,1,0,0,0,136,2,12,0
1674570,1,0,1,0,0,0,136,2,12,0
1675136,0,1,0,1,0,0,136,2,12,0
1675564,1,0,0,1,1,0,136,2,12,0
1675896,0,0,0,0,1,0,136,2,12,0
1676141,1,0,0,1,1,0,136,2,12,0
1676477,0,0,0,0,1,0,136,2,12,0
1676770,1,0,1,0,0,0,136,2,12,0
1676946,1,1,0,0,0,0,136,2,12,0
1677373,0,0,0,0,1,0,136,2,12,0
1677561,1,1,0,0,0,0,136,2,12,0
1678038,1,1,1,1,1,0,136,2,12,0
1679648,0,0,0,0,1,0,136,2,12,0
1679689,1,1,1,1,1,0,136,2,12,0
1679718,1,1,0,0,0,0,136,2,12,0
1679860,0,1,0,1,0,0,136,2,12,0
1680485,0,0,0,0,1,0,136,2,12,0
1681023,0,0,0,0,1,0,136,2,12,0
1681290,0,0,0,0,1,0,136,2,12,0
1681817,0,1,0,1,0,0,136,2,12,0
1681857,0,0,0,0,1,0,136,2,12,0
1682233,1,0,1,0,0,0,136,2,12,0
1682985,0,0,1,1,0,0,136,2,12,0
1684057,0,0,1,1,0,0,136,2,12,0
1684226,0,0,0,0,1,0,136,2,12,0
1684413,1,0,1,0,0,0,136,2,12,0
1685390,0,1,0,1,0,0,136,2,12,0
1685480,0,1,0,1,0,0,136,2,12,0
1685563,1,1,0,0,0,0,136,2,12,0
1686042,1,0,1,0,0,0,136,2,12,0
1686871,0,0,1,1,0,0,136,2,12,0
1687599,0,1,0,1,0,0,136,2,12,0
1688356,0,0,1,1,0,0,136,2,12,0
1688989,0,0,1,1,0,0,136,2,12,0
1689969,0,0,0,0,1,0,136,2,12,0
1690460,1,1,0,0,0,0,136,2,12,0
1691293,1,1,0,0,0,0,136,2,12,0
1691321,1,0,0,1,1,0,136,2,12,0
1691506,0,1,0,1,0,0,136,2,12,0
1692167,1,1,0,0,0,0,136,2,12,0
1692522,0,0,1,1,0,0,136,2,12,0
1693207,0,1,1,0,1,0,136,2,12,0
1694356,0,1,0,1,0,0,136,2,12,0
1694577,0,1,0,1,0,0,136,2,12,0
1695097,0,0,1,1,0,0,136,2,12,0
1695120,1,0,1,0,0,0,136,2,12,0
1695668,1,1,1,1,1,0,136,2,12,0
1695871,1,1,0,0,0,0,136,2,12,0
1696431,0,1,0,0,0,0,136,2,12,0
1696505,1,0,1,0,0,0,136,2,12,0
1697529,1,1,0,0,0,0,136,2,12,0
1698194,1,0,0,1,1,0,136,2,12,0
1698965,1,1,1,1,1,0,136,2,12,0
1699564,0,0,1,1,0,0,136,2,12,0
1699699,1,1,1,1,1,0,136,2,12,0
1702562,0,1,1,0,1,0,136,2,12,0
1702713,0,1,1,0,1,0,136,2,12,0
1702739,0,1,1,0,1,0,136,2,12,0
1702827,1,0,0,1,1,0,136,2,12,0
1703110,1,1,1,1,1,0,136,2,12,0
1703378,0,1,1,0,1,0,136,2,12,0
1703986,0,1,1,0,1,0,112,2,12,0
1704263,0,0,0,0,1,0,112,2,12,0
1704351,0,0,0,0,1,0,112,2,12,0
1704847,0,0,1,1,0,0,112,2,12,0
1705487,1,1,1,1,1,0,112,2,12,0
1705865,1,1,0,0,0,0,112,2,12,0
1706126,0,0,1,1,0,0,112,2,12,0
1706207,1,0,0,1,1,0,112,2,12,0
1706457,1,0,1,0,0,0,112,2,12,0
1706587,1,1,1,1,1,0,112,2,12,0
1709672,1,1,1,1,1,0,112,2,12,0
1711745,1,1,0,0,0,0,112,2,12,0
1712672,1,0,1,0,0,0,112,2,12,0
1712887,1,1,1,1,1,0,112,2,12,0
1712995,1,1,1,1,1,0,112,2,12,0
1713033,0,1,0,1,0,0,112,2,12,0
1713776,0,0,1,1,0,0,112,2,12,0
1713814,1,0,0,1,1,0,112,2,12,0
1715247,0,1,0,1,0,0,112,2,12,0
1715924,1,1,1,1,1,0,112,2,12,0
1716157,1,0,1,0,0,0,112,2,12,0
1716393,1,1,1,1,1,0,112,2,12,0
1716998,0,1,1,0,1,0,112,2,12,0
1719451,1,1,0,0,0,0,112,2,12,0
1719780,1,1,1,0,1,1,112,2,12,0
1720067,1,1,0,1,0,0,112,2,12,0
1720813,1,0,0,1,1,0,112,2,12,0
1721153,0,0,1,1,0,0,112,2,12,0
1721385,1,0,0,1,1,0,112,2,12,0
1721722,0,0,0,0,1,0,112,2,12,0
1723498,0,1,1,0,1,0,112,2,12,0
1724736,0,1,1,0,1,0,112,2,12,0
1725012,1,1,0,0,0,0,112,2,12,0
1725172,0,1,1,0,1,0,112,2,12,0
1726580,1,0,1,0,0,0,112,2,12,0
1726829,0,0,1,1,0,0,112,2,12,0
1727099,0,1,0,1,0,0,112,2,12,0
1727505,1,1,0,0,0,0,112,2,12,0
1728140,1,0,0,1,1,0,112,2,12,0
1729495,0,1,0,1,0,0,112,2,12,0
1729956,0,0,1,1,0,0,112,2,12,0
1729963,0,0,0,0,1,0,112,2,12,0
1731561,1,0,0,1,1,0,112,2,12,0
1732259,0,0,0,0,1,0,112,2,12,0
1733464,0,1,0,1,0,0,112,2,12,0
1733592,0,1,0,1,0,0,112,2,12,0
1735458,0,0,0,0,1,0,112,2,12,0
1736827,1,0,1,0,0,0,112,2,12,0
1738070,1,0,1,0,0,0,112,2,12,0
1738721,0,0,1,1,0,0,112,2,12,0
1739124,0,1,0,1,0,0,112,2,12,0
1739533,1,1,1,1,1,0,112,2,12,0
1740020,1,0,0,1,1,0,112,2,12,0
1740107,1,0,1,0,0,0,112,2,12,0
1740391,1,0,1,0,0,0,112,2,12,0
1741587,0,1,0,1,0,0,112,2,12,0
1742551,1,0,0,1,1,0,112,2,12,0
1743312,1,1,1,1,1,0,112,2,12,0
1743354,0,1,0,1,0,0,112,2,12,0
1743701,1,1,0,0,0,0,112,2,12,0
1743745,1,1,1,1,1,0,112,2,12,0
1744286,1,0,1,0,0,0,112,2,12,0
1744926,1,1,1,1,1,0,112,2,12,0
1745393,0,0,0,0,1,0,112,2,12,0
1745515,1,0,0,1,1,0,112,2,12,0
1746121,0,0,0,0,1,0,112,2,12,0
1746509,0,0,1,1,0,0,112,2,12,0
1747249,0,0,1,1,0,0,112,2,12,0
1747853,0,0,1,1,0,0,112,2,12,0
1749953,0,0,0,1,1,1,112,2,12,0
1751051,0,0,0,0,1,0,112,2,12,0
1751063,0,1,1,0,1,0,112,2,12,0
1751605,1,0,0,1,1,0,112,2,12,0
1751671,1,1,1,1,1,0,112,2,12,0
1752227,1,1,1,1,1,0,112,2,12,0
1752477,1,1,0,0,0,0,112,2,12,0
1752897,1,0,1,0,0,0,112,2,12,0
1752991,0,1,0,1,0,0,112,2,12,0
1753909,1,1,0,0,0,0,112,2,12,0
1753939,1,1,0,0,0,0,112,2,12,0
1754185,1,0,1,0,0,0,112,2,12,0
1754601,1,1,0,0,0,0,112,2,12,0
1756120,1,0,1,0,0,0,112,2,12,0
1756150,1,1,0,0,0,0,112,2,12,0
1756424,0,0,0,0,1,0,112,2,12,0
1757469,0,1,1,0,1,0,112,2,12,0
1758095,1,1,1,1,1,0,112,2,12,0
1759273,0,1,1,0,1,0,112,2,12,0
1760340,0,0,0,0,1,0,112,2,12,0
1761496,0,0,1,1,0,0,112,2,12,0
1761868,1,1,1,1,1,0,112,2,12,0
1762631,0,0,1,1,0,0,112,2,12,0
1762946,0,0,0,0,1,0,112,2,12,0
1763549,0,0,1,1,0,0,112,2,12,0
1763578,1,0,1,0,0,0,112,2,12,0
1763600,1,1,1,1,1,0,112,2,12,0
1763643,0,1,1,0,1,0,112,2,12,0
1764526,1,1,0,0,0,0,112,2,12,0
1764867,0,0,0,0,1,0,112,2,12,0
1765566,1,1,0,0,0,0,112,2,12,0
1766644,0,0,1,1,0,0,112,2,12,0
1766852,0,1,1,0,1,0,112,2,12,0
1766977,1,0,0,1,1,0,112,2,12,0
1767532,1,0,0,1,1,0,112,2,12,0
1769685,1,1,0,0,0,0,153,2,12,0
1769882,0,0,0,0,1,0,153,2,12,0
1769935,0,1,0,1,0,0,153,2,12,0
1770220,0,1,0,0,0,0,153,2,12,0
1770925,1,0,1,0,0,0,153,2,12,0
1771299,1,0,1,0,0,0,153,2,12,0
1771929,0,0,1,1,0,0,153,2,12,0
1772305,0,1,1,0,1,0,153,2,12,0
1772651,1,0,0,1,1,0,153,2,12,0
1773008,1,1,1,1,1,0,153,2,12,0
1773036,1,0,1,0,0,0,153,2,12,0
1773084,0,0,0,0,1,0,153,2,12,0
1773192,0,1,0,1,0,0,153,2,12,0
1773193,1,1,1,1,1,0,153,2,12,0
1773710,1,1,0,0,0,0,153,2,12,0
1774333,1,0,0,1,1,0,153,2,12,0
1774688,1,0,1,0,0,0,153,2,12,0
1775009,0,0,0,0,1,0,153,2,12,0
1775014,0,1,0,1,0,0,153,2,12,0
1775408,1,0,0,1,1,0,153,2,12,0
1776031,0,1,0,1,0,0,153,2,12,0
1776104,1,1,0,0,0,0,153,2,12,0
1776243,1,0,0,1,1,0,153,2,12,0
1777459,1,1,1,1,1,0,153,2,12,0
1777555,1,0,1,0,0,0,153,2,12,0
1777592,0,0,1,1,0,0,153,2,12,0
1777594,0,1,1,0,1,0,153,2,12,0
1778706,1,0,0,1,1,0,153,2,12,0
1778795,1,1,1,1,1,0,153,2,12,0
1779026,0,1,0,1,0,0,153,2,12,0
1779219,0,1,1,0,1,0,153,2,12,0
1779867,1,0,0,1,1,0,153,2,12,0
1781027,1,1,1,1,1,0,153,2,12,0
1781556,1,1,1,1,1,0,153,2,12,0
1783209,1,1,1,1,1,0,153,2,12,0
1783354,1,0,1,0,0,0,153,2,12,0
1783389,1,1,1,1,1,0,153,2,12,0
1783820,0,0,0,0,1,0,153,2,12,0
1784349,0,0,0,0,1,0,153,2,12,0
1785298,0,1,0,1,0,0,153,2,12,0
1785588,1,1,0,0,0,0,153,2,12,0
1785642,1,0,1,0,0,0,153,2,12,0
1785897,1,1,0,0,0,0,153,2,12,0
1785933,0,1,0,1,0,0,153,2,12,0
1786002,0,1,0,1,0,0,153,2,12,0
1787025,1,0,1,0,0,0,153,2,12,0
1787838,0,0,1,1,0,0,153,2,12,0
1788069,1,0,1,0,0,0,153,2,12,0
1788418,0,0,1,1,0,0,153,2,12,0
1788548,1,0,1,0,0,0,153,2,12,0
1788815,0,0,0,0,1,0,153,2,12,0
1789532,0,0,0,0,1,0,153,2,12,0
1789544,1,0,1,0,0,0,153,2,12,0
1789942,1,0,1,0,0,0,153,2,12,0
1790602,0,1,0,1,0,0,153,2,12,0
1790833,1,1,0,0,0,0,153,2,12,0
1791012,1,1,1,1,1,0,153,2,12,0
1791261,1,1,1,1,1,0,153,2,12,0
1791676,1,1,0,0,0,0,153,2,12,0
1792288,0,1,1,0,1,0,153,2,12,0
1792957,0,0,0,0,1,0,153,2,12,0
1793486,0,1,0,1,0,0,153,2,12,0
1793504,0,0,1,1,0,0,153,2,12,0
1794038,1,0,0,1,1,0,153,2,12,0
1794222,0,1,0,1,0,0,153,2,12,0
1794922,1,0,1,0,0,0,153,2,12,0
1795309,1,1,0,0,0,0,153,2,12,0
1795528,0,1,1,0,1,0,153,2,12,0
1795658,0,0,1,1,0,0,153,2,12,0
1795896,0,0,1,1,0,0,153,2,12,0
1796129,0,0,0,0,1,0,153,2,12,0
1796593,0,1,0,0,0,0,153,2,12,0
1797163,1,0,0,0,1,1,153,2,12,0
1797579,0,1,0,1,0,0,153,2,12,0
1797729,0,1,1,0,1,0,153,2,12,0
1798384,0,0,1,1,0,0,153,2,12,0
1798927,1,1,0,0,0,0,153,2,12,0
1799248,1,1,1,1,1,0,153,2,12,0
1799472,0,1,1,0,1,0,153,2,12,0
1799999,1,1,1,1,1,0,153,2,12,0
1800447,1,0,0,1,1,0,153,2,12,0
1800488,1,1,1,1,1,0,153,2,12,0
1800700,0,1,0,1,0,0,153,2,12,0
1800996,1,0,1,0,0,0,153,2,12,0
1801059,0,0,0,0,1,0,153,2,12,0
1801343,1,1,0,0,0,0,153,2,12,0
1803483,0,0,1,1,0,0,153,2,12,0
1803504,0,0,1,1,0,0,153,2,12,0
1804166,0,1,0,1,0,0,153,2,12,0
1804328,0,0,0,0,1,0,153,2,12,0
1804346,0,1,1,0,1,0,153,2,12,0
1804624,1,0,0,1,1,0,153,2,12,0
1805808,1,1,0,0,0,0,153,2,12,0
1806294,0,1,0,1,0,0,153,2,12,0
1807405,0,0,0,0,1,0,153,2,12,0
1807905,1,0,0,1,1,0,153,2,12,0
1808271,1,0,1,0,0,0,153,2,12,0
1808471,0,1,1,0,1,0,153,2,12,0
1808985,0,0,0,0,1,0,153,2,12,0
1809054,0,1,0,1,0,0,153,2,12,0
1809289,1,0,0,1,1,0,153,2,12,0
1809595,0,1,0,1,0,0,153,2,12,0
1809685,1,1,0,0,0,0,153,2,12,0
1810041,0,1,1,0,1,0,153,2,12,0
1811079,0,0,1,1,0,0,153,2,12,0
1812656,0,0,1,1,0,0,153,2,12,0
1812699,1,1,1,1,1,0,153,2,12,0
1816142,0,0,0,0,1,0,153,2,12,0
1816498,0,0,1,1,0,0,153,2,12,0
1816671,1,0,1,0,0,0,153,2,12,0
1817816,0,1,1,0,1,0,153,2,12,0
1817855,1,1,0,0,0,0,153,2,12,0
1817886,0,1,1,0,1,0,153,2,12,0
1819340,0,1,1,0,1,0,153,2,12,0
1819795,0,1,1,0,1,0,153,2,12,0
1820481,1,0,0,1,1,0,153,2,12,0
1820960,0,1,0,1,0,0,153,2,12,0
1821286,1,1,1,1,1,0,153,2,12,0
1821797,0,0,1,1,0,0,153,2,12,0
1822986,1,0,1,0,0,0,153,2,12,0
1823017,0,0,1,1,0,0,153,2,12,0
1823334,1,1,1,1,1,0,153,2,12,0
1823457,0,0,1,1,0,0,153,2,12,0
1824203,0,1,0,1,0,0,153,2,12,0
1824636,0,1,0,1,0,0,153,2,12,0
1824886,0,0,0,0,1,0,153,2,12,0
1825065,0,0,1,1,0,0,153,2,12,0
1825676,1,1,0,0,0,0,153,2,12,0
1826343,0,1,0,1,0,0,153,2,12,0
1826539,0,1,0,1,0,0,153,2,12,0
1826818,0,1,0,1,0,0,153,2,12,0
1827499,1,0,0,1,1,0,153,2,12,0
1828016,0,1,1,0,1,0,153,2,12,0
1828888,0,1,1,0,1,0,153,2,12,0
1829200,1,1,0,0,0,0,153,2,12,0
1829274,0,1,1,0,1,0,153,2,12,0
1829716,1,1,1,1,1,0,153,2,12,0
1829782,1,1,1,1,1,0,153,2,12,0
1829967,1,1,1,1,1,0,153,2,12,0
1830154,1,1,0,0,0,0,153,2,12,0
1830370,0,0,0,0,1,0,153,2,12,0
1830849,1,1,0,0,0,0,153,2,12,0
1832105,0,1,0,1,0,0,153,2,12,0
1832550,1,1,0,0,0,0,153,2,12,0
1833067,0,1,0,1,0,0,153,2,12,0
1834091,1,1,1,1,1,0,153,2,12,0
1834136,0,1,0,1,0,0,153,2,12,0
1834349,1,0,1,0,0,0,153,2,12,0
1834365,1,0,1,0,0,0,153,2,12,0
1835673,1,0,1,0,0,0,165,2,12,0
1835710,0,0,0,0,1,0,165,2,12,0
1836606,1,0,0,1,1,0,165,2,12,0
1837172,0,0,1,1,0,0,165,2,12,0
1837338,1,1,0,0,0,0,165,2,12,0
1838510,1,1,0,0,0,0,165,2,12,0
1838849,0,0,1,1,0,0,165,2,12,0
1839423,0,0,0,0,1,0,165,2,12,0
1841317,1,1,0,0,0,0,165,2,12,0
1841927,0,1,1,0,1,0,165,2,12,0
1842003,0,1,1,0,1,0,165,2,12,0
1842118,1,1,1,0,1,1,165,2,12,0
1842224,0,1,0,1,0,0,165,2,12,0
1842278,1,1,1,1,1,0,165,2,12,0
1842836,1,0,0,1,1,0,165,2,12,0
1844140,0,0,1,1,0,0,165,2,12,0
1845964,0,1,1,0,1,0,165,2,12,0
1846378,1,1,1,1,1,0,165,2,12,0
1846475,1,1,1,1,1,0,165,2,12,0
1846480,1,0,1,0,0,0,165,2,12,0
1847211,1,1,0,0,0,0,165,2,12,0
1847391,1,0,1,0,0,0,165,2,12,0
1847600,0,0,1,1,0,0,165,2,12,0
1847891,1,0,0,1,1,0,165,2,12,0
1848434,0,0,1,1,0,0,165,2,12,0
1849391,1,0,0,0,1,1,165,2,12,0
1849615,0,0,1,1,0,0,165,2,12,0
1849644,0,1,0,1,0,0,165,2,12,0
1850372,0,0,1,1,0,0,165,2,12,0
1850436,0,0,1,1,0,0,165,2,12,0
1851549,1,1,0,0,0,0,165,2,12,0
1852590,0,0,0,0,1,0,165,2,12,0
1852768,1,0,0,1,1,0,165,2,12,0
1853845,1,0,0,1,1,0,165,2,12,0
1854492,1,1,1,1,1,0,165,2,12,0
1855508,0,1,1,1,1,1,165,2,12,0
1855584,0,0,0,0,1,0,165,2,12,0
1856222,1,0,1,0,0,0,165,2,12,0
1856320,1,0,0,1,1,0,165,2,12,0
1856334,1,1,0,0,0,0,165,2,12,0
1858194,0,1,0,1,0,0,165,2,12,0
1858361,1,1,1,1,1,0,165,2,12,0
1858399,0,1,1,0,1,0,165,2,12,0
1858792,1,0,1,0,0,0,165,2,12,0
1859157,0,0,0,0,1,0,165,2,12,0
1859713,1,1,1,1,1,0,165,2,12,0
1859985,1,0,1,0,0,0,165,2,12,0
1860592,0,1,1,0,1,0,165,2,12,0
1860615,0,1,1,0,1,0,165,2,12,0
1861185,1,0,0,1,1,0,165,2,12,0
1861216,1,0,0,1,1,0,165,2,12,0
1861719,0,0,0,0,1,0,165,2,12,0
1861800,0,0,0,0,1,0,165,2,12,0
1862115,0,0,1,1,0,0,165,2,12,0
1862151,0,1,1,0,1,0,165,2,12,0
1862642,1,1,1,1,1,0,165,2,12,0
1862660,0,1,1,0,1,0,165,2,12,0
1862891,0,0,0,0,1,0,165,2,12,0
1862928,1,0,0,1,1,0,165,2,12,0
1863120,1,1,0,0,0,0,165,2,12,0
1863375,0,0,0,0,1,0,165,2,12,0
1863616,1,0,0,1,1,0,165,2,12,0
1863937,1,0,1,0,0,0,165,2,12,0
1864067,0,1,1,0,1,0,165,2,12,0
1864343,1,0,1,0,0,0,165,2,12,0
1864446,1,0,0,1,1,0,165,2,12,0
1864926,0,0,0,0,1,0,165,2,12,0
1865019,1,1,0,0,0,0,165,2,12,0
1865082,1,1,0,0,0,0,165,2,12,0
1865361,1,0,0,1,1,0,165,2,12,0
1866541,0,0,0,0,1,0,165,2,12,0
1867561,0,0,1,1,0,0,165,2,12,0
1868055,1,1,0,0,0,0,165,2,12,0
1868442,0,0,1,1,0,0,165,2,12,0
1870280,1,1,1,1,1,0,165,2,12,0
1870550,1,0,1,0,0,0,165,2,12,0
1870899,0,0,1,1,0,0,165,2,12,0
1870942,1,0,0,1,1,0,165,2,12,0
1871257,1,0,1,0,0,0,165,2,12,0
1871794,1,0,0,1,1,0,165,2,12,0
1871826,1,0,1,0,0,0,165,2,12,0
1872604,1,1,1,1,1,0,165,2,12,0
1872871,1,0,1,0,0,0,165,2,12,0
1873195,0,0,0,0,1,0,165,2,12,0
1873815,1,0,1,0,0,0,165,2,12,0
1873927,1,1,0,0,0,0,165,2,12,0
1874419,0,1,0,1,0,0,165,2,12,0
1875233,1,1,1,1,1,0,165,2,12,0
1875617,1,1,0,0,0,0,165,2,12,0
1876470,0,0,0,0,1,0,165,2,12,0
1876515,1,0,1,0,0,0,165,2,12,0
1876649,1,0,0,0,1,1,165,2,12,0
1876958,1,1,1,1,1,0,165,2,12,0
1877660,0,0,0,0,1,0,165,2,12,0
1878092,1,0,1,0,0,0,165,2,12,0
1878340,0,0,0,0,1,0,165,2,12,0
1878447,0,0,1,1,0,0,165,2,12,0
1878521,1,1,0,0,0,0,165,2,12,0
1879428,0,0,0,0,1,0,165,2,12,0
1879683,1,1,0,0,0,0,165,2,12,0
1880512,0,1,0,1,0,0,165,2,12,0
1880924,1,1,0,0,0,0,165,2,12,0
1880952,1,1,1,1,1,0,165,2,12,0
1881276,1,1,0,0,0,0,165,2,12,0
1881292,0,0,0,0,1,0,165,2,12,0
1881399,0,1,0,1,0,0,165,2,12,0
1881534,1,1,0,0,0,0,165,2,12,0
1882065,1,0,0,1,1,0,165,2,12,0
1882141,1,1,1,1,1,0,165,2,12,0
1882670,1,0,0,1,1,0,165,2,12,0
1882673,0,1,0,1,0,0,165,2,12,0
1882750,0,1,1,0,1,0,165,2,12,0
1883126,0,0,1,1,0,0,165,2,12,0
1883343,0,0,1,1,0,0,165,2,12,0
1883933,1,1,0,0,0,0,165,2,12,0
1884614,0,1,0,1,0,0,165,2,12,0
1884899,0,0,1,1,0,0,165,2,12,0
1885187,0,0,0,0,1,0,165,2,12,0
1885406,0,0,1,1,0,0,165,2,12,0
1885408,0,1,1,0,1,0,165,2,12,0
1885951,0,1,1,0,1,0,165,2,12,0
1886556,1,1,1,1,1,0,165,2,12,0
1887222,1,0,1,0,0,0,165,2,12,0
1887361,0,0,1,1,0,0,165,2,12,0
1887648,0,0,1,1,0,0,165,2,12,0
1887845,1,0,0,0,1,1,165,2,12,0
1888076,1,1,0,0,0,0,165,2,12,0
1888100,1,1,1,1,1,0,165,2,12,0
1888453,0,1,1,0,1,0,165,2,12,0
1888661,0,1,0,1,0,0,165,2,12,0
1889120,1,0,1,0,0,0,165,2,12,0
1889123,1,0,1,0,0,0,165,2,12,0
1889383,0,1,1,0,1,0,165,2,12,0
1889570,0,1,0,1,0,0,165,2,12,0
1889644,0,1,0,1,0,0,165,2,12,0
1889937,1,0,0,1,1,0,165,2,12,0
1890069,0,1,0,1,0,0,165,2,12,0
1890133,0,1,1,0,1,0,165,2,12,0
1890687,0,0,1,1,0,0,165,2,12,0
1891032,0,0,0,0,1,0,165,2,12,0
1891315,0,1,1,0,1,0,165,2,12,0
1891572,0,0,1,1,0,0,165,2,12,0
1892543,1,0,0,1,1,0,165,2,12,0
1893771,1,1,1,1,1,0,165,2,12,0
1893789,0,1,0,1,0,0,165,2,12,0
1894269,0,0,0,0,1,0,165,2,12,0
1894645,1,0,1,0,0,0,165,2,12,0
1895580,1,0,1,0,0,0,165,2,12,0
1896422,1,1,0,0,0,0,165,2,12,0
1896518,1,0,1,0,0,0,165,2,12,0
1897434,0,1,0,0,0,0,165,2,12,0
1897561,0,1,1,0,1,0,165,2,12,0
1897942,1,0,0,1,1,0,165,2,12,0
1898748,0,0,0,0,1,0,165,2,12,0
1899149,0,1,0,1,0,0,165,2,12,0
1899567,0,1,0,1,0,0,165,2,12,0
1899738,0,0,1,1,0,0,165,2,12,0
1900436,1,1,1,1,1,0,165,2,12,0
1900598,1,0,1,0,0,0,133,2,12,1
1900753,0,1,1,0,1,0,133,2,12,1
1900808,1,0,1,0,0,0,133,2,12,1
1901726,0,0,1,1,0,0,133,2,12,1
1902374,1,0,0,1,1,0,133,2,12,1
1903652,0,1,0,1,0,0,133,2,12,1
1903692,1,1,0,0,0,0,133,2,12,1
1904963,0,0,0,0,1,0,133,2,12,1
1907934,1,1,0,0,0,0,133,2,12,1
1908139,0,1,1,0,1,0,133,2,12,1
1908167,1,0,1,0,0,0,133,2,12,1
1908452,0,1,0,1,0,0,133,2,12,1
1908813,0,0,0,0,1,0,133,2,12,1
1909707,1,0,0,1,1,0,133,2,12,1
1909855,1,1,0,0,0,0,133,2,12,1
1910589,1,0,1,0,0,0,133,2,12,1
1910975,1,0,0,1,1,0,133,2,12,1
1911071,0,1,0,1,0,0,133,2,12,1
1912629,1,0,1,0,0,0,133,2,12,1
1914450,0,0,1,1,0,0,133,2,12,1
1914802,1,0,0,1,1,0,133,2,12,1
1917489,1,0,1,0,0,0,133,2,12,1
1917897,1,1,1,1,1,0,133,2,12,1
1918124,0,0,1,1,0,0,133,2,12,1
1918561,1,1,0,0,0,0,133,2,12,1
1919372,1,0,1,0,0,0,133,2,12,1
1919718,1,0,1,0,0,0,133,2,12,1
1922112,0,0,0,0,1,0,133,2,12,1
1922643,1,0,0,1,1,0,133,2,12,1
1923977,0,1,1,0,1,0,133,2,12,1
1924535,1,0,0,1,1,0,133,2,12,1
1924910,1,1,0,1,0,0,133,2,12,1
1925073,0,0,1,1,0,0,133,2,12,1
1925809,1,0,1,0,0,0,133,2,12,1
1925969,1,1,1,1,1,0,133,2,12,1
1926056,1,1,1,1,1,0,133,2,12,1
1926890,0,0,0,0,1,0,133,2,12,1
1927437,1,0,0,1,1,0,133,2,12,1
1928560,1,0,0,1,1,0,133,2,12,1
1928640,0,1,0,1,0,0,133,2,12,1
1929011,0,1,0,1,0,0,133,2,12,1
1929912,1,1,1,1,1,0,133,2,12,1
1930306,0,1,0,1,0,0,133,2,12,1
1931427,0,0,0,0,1,0,133,2,12,1
1931945,1,1,1,1,1,0,133,2,12,1
1932525,0,0,1,1,0,0,133,2,12,1
1933160,0,1,1,0,1,0,133,2,12,1
1933782,1,0,0,1,1,0,133,2,12,1
1934279,1,0,0,1,1,0,133,2,12,1
1935662,1,0,1,0,0,0,133,2,12,1
1936543,1,0,1,0,0,0,133,2,12,1
1936604,0,0,0,1,1,1,133,2,12,1
1942718,1,0,1,0,0,0,133,2,12,1
1944687,0,0,1,1,0,0,133,2,12,1
1945098,1,1,0,0,0,0,133,2,12,1
1945385,1,1,1,1,1,0,133,2,12,1
1945479,1,1,0,0,0,0,133,2,12,1
1945642,0,1,1,0,1,0,133,2,12,1
1945894,1,0,1,0,0,0,133,2,12,1
1947280,0,1,1,0,1,0,133,2,12,1
1948051,0,0,1,1,0,0,133,2,12,1
1948379,1,0,0,1,1,0,133,2,12,1
1951314,0,0,1,1,0,0,133,2,12,1
1954165,1,0,1,0,0,0,133,2,12,1
1955084,0,1,1,1,1,1,133,2,12,1
1956553,0,0,0,0,1,0,133,2,12,1
1957009,1,1,0,0,0,0,133,2,12,1
1957813,1,0,1,0,0,0,133,2,12,1
1958495,1,0,0,1,1,0,133,2,12,1
1959019,0,1,1,0,1,0,133,2,12,1
1959974,1,0,1,0,0,0,133,2,12,1
1961247,1,1,0,0,0,0,133,2,12,1
1962245,0,1,0,1,0,0,133,2,12,1
1962592,1,1,1,1,1,0,133,2,12,1
1962713,1,1,0,0,0,0,133,2,12,1
1962766,1,0,0,1,1,0,133,2,12,1
1963095,1,1,1,1,1,0,133,2,12,1
1964148,1,1,1,1,1,0,133,2,12,1
1964238,0,0,0,0,1,0,133,2,12,1
1964792,0,0,1,1,0,0,133,2,12,1
1966107,1,1,0,0,0,0,128,2,12,1
1966558,1,1,0,0,0,0,128,2,12,1
1968954,0,1,1,0,1,0,128,2,12,1
1970825,0,1,1,0,1,0,128,2,12,1
1971111,0,0,0,0,1,0,128,2,12,1
1971115,1,1,0,0,0,0,128,2,12,1
1971753,1,1,0,0,0,0,128,2,12,1
1972458,0,0,1,1,0,0,128,2,12,1
1972794,1,1,0,0,0,0,128,2,12,1
1973252,1,1,0,0,0,0,128,2,12,1
1973653,0,0,0,0,1,0,128,2,12,1
1975388,0,0,1,1,0,0,128,2,12,1
1975527,1,0,0,1,1,0,128,2,12,1
1976468,0,0,0,0,1,0,128,2,12,1
1977119,1,1,0,0,0,0,128,2,12,1
1979122,0,0,0,0,1,0,128,2,12,1
1981077,0,1,0,1,0,0,128,2,12,1
1984194,1,0,0,1,1,0,128,2,12,1
1985239,1,1,0,0,0,0,128,2,12,1
1985258,1,1,1,1,1,0,128,2,12,1
1986356,1,1,0,0,0,0,128,2,12,1
1986545,0,1,1,0,1,0,128,2,12,1
1987333,0,1,0,1,0,0,128,2,12,1
1990093,1,0,1,0,0,0,128,2,12,1
1991678,0,0,0,0,1,0,128,2,12,1
1992517,0,1,1,0,1,0,128,2,12,1
1995017,1,1,1,0,1,1,128,2,12,1
1995368,1,0,0,1,1,0,128,2,12,1
1995770,1,1,0,0,0,0,128,2,12,1
1995978,1,1,1,1,1,0,128,2,12,1
1996989,1,1,0,0,0,0,128,2,12,1
1998600,1,0,1,0,0,0,128,2,12,1
1999623,0,0,0,0,1,0,128,2,12,1
2000560,0,0,0,0,1,0,128,2,12,1
2000987,1,0,1,0,0,0,128,2,12,1
2001029,0,1,1,0,1,0,128,2,12,1
2001664,0,1,1,0,1,0,128,2,12,1
2002262,1,1,1,1,1,0,128,2,12,1
2003133,1,0,1,0,0,0,128,2,12,1
2004660,0,1,1,0,1,0,128,2,12,1
2005838,1,1,0,0,0,0,128,2,12,1
2006016,0,0,0,0,1,0,128,2,12,1
2007197,1,1,1,1,1,0,128,2,12,1
2008245,1,0,1,0,0,0,128,2,12,1
2008397,1,0,0,1,1,0,128,2,12,1
2008821,0,1,1,0,1,0,128,2,12,1
2010166,0,0,0,0,1,0,128,2,12,1
2012772,1,0,1,0,0,0,128,2,12,1
2012816,1,1,1,1,1,0,128,2,12,1
2013157,0,1,1,0,1,0,128,2,12,1
2013277,1,0,1,0,0,0,128,2,12,1
2013612,1,1,0,0,0,0,128,2,12,1
2013859,1,1,1,1,1,0,128,2,12,1
2014809,1,0,1,0,0,0,128,2,12,1
2017067,1,1,0,0,0,0,128,2,12,1
2017498,1,1,1,1,1,0,128,2,12,1
2018931,1,0,0,1,1,0,128,2,12,1
2018988,0,0,1,1,0,0,128,2,12,1
2019195,1,1,0,0,0,0,128,2,12,1
2019934,0,0,1,1,0,0,128,2,12,1
2020446,0,0,0,0,1,0,128,2,12,1
2023404,0,0,0,0,1,0,128,2,12,1
2025380,1,1,1,1,1,0,128,2,12,1
2026272,0,1,1,0,1,0,128,2,12,1
2026795,1,1,0,0,0,0,128,2,12,1
2028462,0,1,1,0,1,0,128,2,12,1
2029259,0,0,1,1,0,0,128,2,12,1
2031166,1,1,1,1,1,0,128,2,12,1
2031906,0,0,1,1,0,0,138,2,12,1
2033376,1,0,1,0,0,0,138,2,12,1
2034419,1,0,0,1,1,0,138,2,12,1
2034946,0,0,0,0,1,0,138,2,12,1
2035031,1,0,0,1,1,0,138,2,12,1
2035083,1,1,0,0,0,0,138,2,12,1
2035175,1,1,1,1,1,0,138,2,12,1
2035432,1,1,1,1,1,0,138,2,12,1
2035606,0,0,1,1,0,0,138,2,12,1
2035971,1,0,1,0,0,0,138,2,12,1
2036252,1,0,1,0,0,0,138,2,12,1
2036281,0,1,0,1,0,0,138,2,12,1
2036809,0,0,0,0,1,0,138,2,12,1
2036989,0,0,1,1,0,0,138,2,12,1
2037376,0,0,1,1,0,0,138,2,12,1
2039257,0,0,1,0,0,0,138,2,12,1
2039678,0,0,0,0,1,0,138,2,12,1
2040306,0,1,1,0,1,0,138,2,12,1
2041846,1,0,0,1,1,0,138,2,12,1
2042551,1,1,0,0,0,0,138,2,12,1
2042552,1,1,1,1,1,0,138,2,12,1
2044144,0,0,1,1,0,0,138,2,12,1
2044240,0,1,0,1,0,0,138,2,12,1
2044973,0,1,0,1,0,0,138,2,12,1
2045268,0,1,1,0,1,0,138,2,12,1
2045759,1,1,0,0,0,0,138,2,12,1
2045886,1,0,0,1,1,0,138,2,12,1
2045997,0,0,0,0,1,0,138,2,12,1
2046409,1,0,0,1,1,0,138,2,12,1
2046981,1,0,1,0,0,0,138,2,12,1
2047186,0,0,1,1,0,0,138,2,12,1
2047547,0,1,0,1,0,0,138,2,12,1
2048035,0,1,1,0,1,0,138,2,12,1
2048422,1,0,0,0,1,1,138,2,12,1
2048682,1,1,1,1,1,0,138,2,12,1
2049298,1,0,1,0,0,0,138,2,12,1
2049573,1,1,1,1,1,0,138,2,12,1
2049923,1,0,0,1,1,0,138,2,12,1
2050240,1,1,0,0,0,0,138,2,12,1
2050571,0,1,1,0,1,0,138,2,12,1
2051781,1,1,1,1,1,0,138,2,12,1
2052639,1,0,1,0,0,0,138,2,12,1
2053039,0,0,1,1,0,0,138,2,12,1
2057621,1,0,0,1,1,0,138,2,12,1
2057785,1,1,1,1,1,0,138,2,12,1
2058081,1,1,1,1,1,0,138,2,12,1
2058850,0,1,0,1,0,0,138,2,12,1
2060685,1,1,1,1,1,0,138,2,12,1
2061933,0,0,1,1,0,0,138,2,12,1
2064136,0,1,0,1,0,0,138,2,12,1
2064784,1,1,0,0,0,0,138,2,12,1
2065081,0,0,1,1,0,0,138,2,12,1
2066441,1,1,0,0,0,0,138,2,12,1
2066921,0,0,1,1,0,0,138,2,12,1
2068869,1,1,0,1,0,0,138,2,12,1
2068957,1,0,1,0,0,0,138,2,12,1
2070355,1,1,0,0,0,0,138,2,12,1
2070410,1,1,1,1,1,0,138,2,12,1
2071766,1,1,1,1,1,0,138,2,12,1
2072134,1,0,0,1,1,0,138,2,12,1
2073267,0,1,0,1,0,0,138,2,12,1
2074625,1,0,1,0,0,0,138,2,12,1
2075093,1,0,1,0,0,0,138,2,12,1
2075443,1,1,0,0,0,0,138,2,12,1
2077388,1,0,0,1,1,0,138,2,12,1
2077591,0,1,1,0,1,0,138,2,12,1
2078167,1,0,0,0,1,1,138,2,12,1
2078804,1,1,1,1,1,0,138,2,12,1
2079334,0,0,0,0,1,0,138,2,12,1
2079490,0,0,1,1,0,0,138,2,12,1
2079937,0,1,1,0,1,0,138,2,12,1
2080428,0,1,0,1,0,0,138,2,12,1
2080716,0,1,1,0,1,0,138,2,12,1
2081580,1,0,1,0,0,0,138,2,12,1
2082288,1,0,1,0,0,0,138,2,12,1
2084249,1,1,1,1,1,0,138,2,12,1
2084436,1,1,1,1,1,0,138,2,12,1
2085243,1,0,1,0,0,0,138,2,12,1
2086156,0,1,0,1,0,0,138,2,12,1
2088285,1,0,0,1,1,0,138,2,12,1
2088549,0,0,0,0,1,0,138,2,12,1
2088756,1,1,1,1,1,0,138,2,12,1
2089622,0,1,0,1,0,0,138,2,12,1
2090114,0,1,0,1,0,0,138,2,12,1
2090315,0,1,1,0,1,0,138,2,12,1
2094122,1,1,0,0,0,0,138,2,12,1
2094716,0,0,1,1,0,0,138,2,12,1
2094882,0,0,0,1,1,1,138,2,12,1
2096247,0,0,0,0,1,0,138,2,12,1
2097389,0,0,1,1,0,0,128,2,12,1
2097612,1,0,1,0,0,0,128,2,12,1
2097871,1,0,0,1,1,0,128,2,12,1
2098810,1,1,1,1,1,0,128,2,12,1
2100111,0,1,1,0,1,0,128,2,12,1
2100278,1,1,1,1,1,0,128,2,12,1
2101336,0,0,1,1,0,0,128,2,12,1
2101398,1,0,0,1,1,0,128,2,12,1
2102350,1,0,0,1,1,0,128,2,12,1
2102607,1,1,1,1,1,0,128,2,12,1
2103614,1,0,0,1,1,0,128,2,12,1
2104182,0,0,1,1,0,0,128,2,12,1
2104370,1,1,0,0,0,0,128,2,12,1
2104893,0,0,1,1,0,0,128,2,12,1
2106167,1,1,0,0,0,0,128,2,12,1
2108187,1,0,0,1,1,0,128,2,12,1
2110826,0,0,1,1,0,0,128,2,12,1
2112912,0,1,0,1,0,0,128,2,12,1
2113843,0,0,0,0,1,0,128,2,12,1
2113931,1,1,1,1,1,0,128,2,12,1
2115129,1,0,0,1,1,0,128,2,12,1
2116516,1,1,0,0,0,0,128,2,12,1
2118129,0,1,1,0,1,0,128,2,12,1
2120209,1,0,0,0,1,1,128,2,12,1
2123072,1,1,0,0,0,0,128,2,12,1
2123840,1,1,0,0,0,0,128,2,12,1
2124377,0,1,0,1,0,0,128,2,12,1
2124433,0,1,1,0,1,0,128,2,12,1
2124546,1,1,1,1,1,0,128,2,12,1
2125058,1,1,1,1,1,0,128,2,12,1
2125477,0,1,1,0,1,0,128,2,12,1
2126236,0,0,1,0,0,0,128,2,12,1
2129861,0,0,0,0,1,0,128,2,12,1
2130201,1,1,1,0,1,1,128,2,12,1
2132170,0,1,0,1,0,0,128,2,12,1
2134126,1,1,1,1,1,0,128,2,12,1
2134793,1,1,1,1,1,0,128,2,12,1
2134948,0,1,1,0,1,0,128,2,12,1
2136441,1,1,1,1,1,0,128,2,12,1
2136446,0,0,0,0,1,0,128,2,12,1
2138419,0,0,0,0,1,0,128,2,12,1
2139968,1,0,0,1,1,0,128,2,12,1
2140152,1,0,1,0,0,0,128,2,12,1
2141255,1,1,0,0,0,0,128,2,12,1
2143825,0,0,0,0,1,0,128,2,12,1
2144090,0,0,1,1,0,0,128,2,12,1
2144742,0,0,1,1,0,0,128,2,12,1
2145006,0,1,0,1,0,0,128,2,12,1
2146942,0,1,0,1,0,0,128,2,12,1
2147148,0,0,1,1,0,0,128,2,12,1
2147159,1,0,1,0,0,0,128,2,12,1
2148578,1,0,0,1,1,0,128,2,12,1
2149290,0,0,0,0,1,0,128,2,12,1
2150227,0,0,0,0,1,0,128,2,12,1
2150979,0,0,1,1,0,0,128,2,12,1
2151217,0,1,1,0,1,0,128,2,12,1
2154585,1,1,1,1,1,0,128,2,12,1
2156651,1,1,0,1,0,0,128,2,12,1
2159170,0,0,1,1,0,0,128,2,12,1
2160031,1,1,0,0,0,0,128,2,12,1
2161620,0,0,0,0,1,0,128,2,12,1
2161941,0,1,1,0,1,0,128,2,12,1
2161990,0,0,1,1,0,0,128,2,12,1
2162853,0,1,1,0,1,0,119,1,12,0
2164088,0,1,0,1,0,0,119,1,12,0
2164666,0,1,1,0,1,0,119,1,12,0
2164918,0,0,0,0,1,0,119,1,12,0
2164961,0,1,0,1,0,0,119,1,12,0
2166194,0,1,0,0,0,0,119,1,12,0
2166207,1,1,1,1,1,0,119,1,12,0
2166974,1,0,1,0,0,0,119,1,12,0
2167292,0,1,1,0,1,0,119,1,12,0
2167406,0,1,0,1,0,0,119,1,12,0
2168227,0,0,1,1,0,0,119,1,12,0
2168285,0,0,1,1,0,0,119,1,12,0
2169474,1,1,1,1,1,0,119,1,12,0
2171104,1,1,1,1,1,0,119,1,12,0
2171633,0,1,0,1,0,0,119,1,12,0
2173490,0,1,0,1,0,0,119,1,12,0
2174270,0,1,1,0,1,0,119,1,12,0
2174735,1,0,0,1,1,0,119,1,12,0
2175008,0,0,1,1,0,0,119,1,12,0
2175101,0,0,1,0,0,0,119,1,12,0
2175770,0,0,1,1,0,0,119,1,12,0
2176103,0,0,0,0,1,0,119,1,12,0
2176418,0,0,0,0,1,0,119,1,12,0
2176525,0,1,1,0,1,0,119,1,12,0
2176559,0,1,0,1,0,0,119,1,12,0
2176821,0,1,1,0,1,0,119,1,12,0
2177888,1,1,0,0,0,0,119,1,12,0
2178361,0,0,1,1,0,0,119,1,12,0
2179126,1,0,0,1,1,0,119,1,12,0
2182718,0,0,1,1,0,0,119,1,12,0
2183950,1,1,1,1,1,0,119,1,12,0
2183990,1,0,1,0,0,0,119,1,12,0
2184310,1,1,1,1,1,0,119,1,12,0
2185668,1,0,0,1,1,0,119,1,12,0
2185745,1,1,1,1,1,0,119,1,12,0
2186078,1,0,0,1,1,0,119,1,12,0
2186438,0,0,1,1,0,0,119,1,12,0
2187127,0,0,0,0,1,0,119,1,12,0
2187374,1,0,0,1,1,0,119,1,12,0
2189320,0,0,0,0,1,0,119,1,12,0
2190905,0,1,0,1,0,0,119,1,12,0
2192408,0,0,1,1,0,0,119,1,12,0
2192993,1,0,0,1,1,0,119,1,12,0
2193268,0,0,1,1,0,0,119,1,12,0
2193828,0,0,0,0,1,0,119,1,12,0
2194023,1,0,1,0,0,0,119,1,12,0
2194120,0,0,0,1,1,1,119,1,12,0
2195138,1,0,1,0,0,0,119,1,12,0
2196739,1,1,1,1,1,0,119,1,12,0
2197180,1,0,0,1,1,0,119,1,12,0
2198138,0,1,0,1,0,0,119,1,12,0
2198535,0,0,0,0,1,0,119,1,12,0
2198929,1,0,0,1,1,0,119,1,12,0
2199100,0,0,1,1,0,0,119,1,12,0
2199126,1,0,1,0,0,0,119,1,12,0
2199654,1,0,0,1,1,0,119,1,12,0
2199996,1,1,1,1,1,0,119,1,12,0
2200515,1,0,0,1,1,0,119,1,12,0
2200734,0,1,0,1,0,0,119,1,12,0
2200800,1,0,1,0,0,0,119,1,12,0
2201754,1,1,1,1,1,0,119,1,12,0
2202177,1,0,0,1,1,0,119,1,12,0
2202350,0,0,1,1,0,0,119,1,12,0
2203613,1,1,0,0,0,0,119,1,12,0
2203823,0,1,1,0,1,0,119,1,12,0
2204082,1,0,0,1,1,0,119,1,12,0
2204766,1,1,0,0,0,0,119,1,12,0
2205176,0,0,0,0,1,0,119,1,12,0
2205497,1,0,1,0,0,0,119,1,12,0
2206012,1,0,1,0,0,0,119,1,12,0
2206249,1,0,0,1,1,0,119,1,12,0
2206304,1,1,0,0,0,0,119,1,12,0
2206869,0,1,0,1,0,0,119,1,12,0
2207665,1,0,0,1,1,0,119,1,12,0
2208658,0,0,0,0,1,0,119,1,12,0
2209213,1,1,0,0,0,0,119,1,12,0
2209452,1,0,0,1,1,0,119,1,12,0
2209545,0,0,0,0,1,0,119,1,12,0
2209737,0,1,0,1,0,0,119,1,12,0
2211796,0,1,0,1,0,0,119,1,12,0
2212316,0,1,1,0,1,0,119,1,12,0
2212624,0,1,1,0,1,0,119,1,12,0
2213510,1,1,1,1,1,0,119,1,12,0
2213985,1,1,1,1,1,0,119,1,12,0
2214723,1,0,0,1,1,0,119,1,12,0
2215106,1,0,0,1,1,0,119,1,12,0
2215195,0,1,0,1,0,0,119,1,12,0
2217673,0,1,1,1,1,1,119,1,12,0
2217936,1,0,0,1,1,0,119,1,12,0
2218957,1,1,1,1,1,0,119,1,12,0
2219276,1,0,1,0,0,0,119,1,12,0
2220623,0,0,1,1,0,0,119,1,12,0
2222479,1,0,0,1,1,0,119,1,12,0
2222721,1,0,0,1,1,0,119,1,12,0
2222762,1,0,1,0,0,0,119,1,12,0
2223315,1,0,0,1,1,0,119,1,12,0
2223722,1,0,0,1,1,0,119,1,12,0
2225259,1,1,0,0,0,0,119,1,12,0
2225550,1,0,1,0,0,0,119,1,12,0
2225728,1,1,0,0,0,0,119,1,12,0
2226129,0,0,1,1,0,0,119,1,12,0
2227098,1,1,1,1,1,0,119,1,12,0
2227210,0,0,1,1,0,0,119,1,12,0
2227470,0,1,1,0,1,0,119,1,12,0
2227592,0,0,0,0,1,0,119,1,12,0
2227713,0,1,0,1,0,0,119,1,12,0
2227763,0,0,0,0,1,0,119,1,12,0
2228496,1,1,1,1,1,0,145,1,9,0
2229279,1,0,1,0,0,0,145,1,9,0
2229383,1,1,0,0,0,0,145,1,9,0
2229534,1,0,1,0,0,0,145,1,9,0
2231736,1,1,0,0,0,0,145,1,9,0
2232780,0,0,1,1,0,0,145,1,9,0
2232925,1,0,1,0,0,0,145,1,9,0
2234294,1,0,0,1,1,0,145,1,9,0
2234763,0,0,0,0,1,0,145,1,9,0
2234965,1,1,0,0,0,0,145,1,9,0
2236179,1,1,1,1,1,0,145,1,9,0
2237841,1,0,0,1,1,0,145,1,9,0
2238089,0,1,1,0,1,0,145,1,9,0
2239055,1,1,0,0,0,0,145,1,9,0
2239070,0,1,1,0,1,0,145,1,9,0
2239509,1,1,0,0,0,0,145,1,9,0
2239679,0,0,0,0,1,0,145,1,9,0
2241247,1,1,0,0,0,0,145,1,9,0
2241256,1,0,0,1,1,0,145,1,9,0
2242202,0,0,1,1,0,0,145,1,9,0
2243139,1,0,0,1,1,0,145,1,9,0
2243811,0,0,1,1,0,0,145,1,9,0
2244051,1,0,1,0,0,0,145,1,9,0
2244341,1,1,0,0,0,0,145,1,9,0
2244897,1,1,0,0,0,0,145,1,9,0
2246172,0,1,0,1,0,0,145,1,9,0
2246323,0,1,0,0,0,0,145,1,9,0
2247175,0,1,0,1,0,0,145,1,9,0
2247442,1,0,1,0,0,0,145,1,9,0
2247633,0,1,1,0,1,0,145,1,9,0
2248028,0,1,0,1,0,0,145,1,9,0
2248736,0,1,0,1,0,0,145,1,9,0
2248964,0,1,0,1,0,0,145,1,9,0
2249433,0,1,0,1,0,0,145,1,9,0
2249736,1,1,1,1,1,0,145,1,9,0
2249841,0,0,0,0,1,0,145,1,9,0
2250008,0,1,1,0,1,0,145,1,9,0
2250093,1,0,0,1,1,0,145,1,9,0
2251233,0,0,1,1,0,0,145,1,9,0
2251904,0,1,0,1,0,0,145,1,9,0
2252298,1,0,1,0,0,0,145,1,9,0
2253160,1,0,0,1,1,0,145,1,9,0
2254016,0,1,0,1,0,0,145,1,9,0
2254120,0,0,1,1,0,0,145,1,9,0
2254322,1,1,1,1,1,0,145,1,9,0
2255270,1,1,0,0,0,0,145,1,9,0
2255511,0,1,1,0,1,0,145,1,9,0
2256330,0,0,0,0,1,0,145,1,9,0
2256596,0,1,0,1,0,0,145,1,9,0
2258065,1,0,0,1,1,0,145,1,9,0
2258820,1,0,0,0,1,1,145,1,9,0
2260536,0,0,1,1,0,0,145,1,9,0
2261616,1,1,1,1,1,0,145,1,9,0
2262837,1,1,0,0,0,0,145,1,9,0
2262930,0,1,0,1,0,0,145,1,9,0
2263408,0,0,1,1,0,0,145,1,9,0
2264131,0,0,0,0,1,0,145,1,9,0
2265631,1,1,1,1,1,0,145,1,9,0
2265883,1,1,0,0,0,0,145,1,9,0
2266290,1,1,1,1,1,0,145,1,9,0
2267415,1,1,0,0,0,0,145,1,9,0
2268061,0,1,0,1,0,0,145,1,9,0
2268519,1,1,0,0,0,0,145,1,9,0
2271663,1,0,0,1,1,0,145,1,9,0
2272637,0,1,0,1,0,0,145,1,9,0
2273025,1,0,1,0,0,0,145,1,9,0
2273175,1,0,1,0,0,0,145,1,9,0
2273274,0,0,0,0,1,0,145,1,9,0
2273472,1,0,1,0,0,0,145,1,9,0
2273958,0,1,1,0,1,0,145,1,9,0
2275012,1,0,1,0,0,0,145,1,9,0
2275295,0,1,0,0,0,0,145,1,9,0
2277909,1,0,0,1,1,0,145,1,9,0
2279010,0,1,0,1,0,0,145,1,9,0
2279337,1,1,0,0,0,0,145,1,9,0
2280290,1,1,0,0,0,0,145,1,9,0
2280741,0,0,1,1,0,0,145,1,9,0
2281038,1,0,0,1,1,0,145,1,9,0
2281156,1,1,1,0,1,1,145,1,9,0
2282038,1,1,0,0,0,0,145,1,9,0
2282318,1,1,0,0,0,0,145,1,9,0
2282387,1,1,1,1,1,0,145,1,9,0
2282838,1,0,1,0,0,0,145,1,9,0
2283398,0,0,0,0,1,0,145,1,9,0
2283838,0,0,0,0,1,0,145,1,9,0
2285500,0,1,1,0,1,0,145,1,9,0
2285529,1,1,1,1,1,0,145,1,9,0
2286374,1,1,1,1,1,0,145,1,9,0
2286684,0,1,1,0,1,0,145,1,9,0
2286991,0,0,0,0,1,0,145,1,9,0
2287218,0,0,1,1,0,0,145,1,9,0
2287888,0,0,0,0,1,0,145,1,9,0
2287918,0,1,0,1,0,0,145,1,9,0
2288729,0,1,0,1,0,0,145,1,9,0
2288785,1,1,1,1,1,0,145,1,9,0
2289897,1,1,0,0,0,0,145,1,9,0
2290058,1,1,0,1,0,0,145,1,9,0
2290244,1,0,1,0,0,0,145,1,9,0
2291123,1,1,1,1,1,0,145,1,9,0
2291469,1,1,1,1,1,0,145,1,9,0
2293438,1,1,1,1,1,0,145,1,9,0
2293598,0,0,0,0,1,0,145,1,9,0
2293620,1,0,1,0,0,0,145,1,9,0
2293717,0,1,1,0,1,0,145,1,9,0
2294158,1,0,1,0,0,0,125,1,9,0
2294884,1,1,0,0,0,0,125,1,9,0
2295772,1,1,0,0,0,0,125,1,9,0
2295867,0,1,1,0,1,0,125,1,9,0
2298322,1,0,0,1,1,0,125,1,9,0
2298904,0,0,0,1,1,1,125,1,9,0
2300481,0,0,1,1,0,0,125,1,9,0
2300637,1,0,0,1,1,0,125,1,9,0
2301017,1,1,1,1,1,0,125,1,9,0
2302394,1,0,1,0,0,0,125,1,9,0
2302619,0,0,1,1,0,0,125,1,9,0
2303196,0,1,0,1,0,0,125,1,9,0
2304518,1,0,1,0,0,0,125,1,9,0
2304662,1,0,1,0,0,0,125,1,9,0
2305336,1,0,0,1,1,0,125,1,9,0
2306186,1,1,1,1,1,0,125,1,9,0
2306807,1,0,0,1,1,0,125,1,9,0
2308924,1,1,0,0,0,0,125,1,9,0
2309029,0,0,0,0,1,0,125,1,9,0
2309391,0,0,1,1,0,0,125,1,9,0
2309515,0,0,0,0,1,0,125,1,9,0
2310387,1,0,1,0,0,0,125,1,9,0
2311276,0,1,0,1,0,0,125,1,9,0
2312658,0,0,0,0,1,0,125,1,9,0
2313791,0,1,1,1,1,1,125,1,9,0
2316743,0,0,1,1,0,0,125,1,9,0
2316970,1,0,1,0,0,0,125,1,9,0
2317446,1,0,0,1,1,0,125,1,9,0
2317974,0,0,1,1,0,0,125,1,9,0
2318868,1,1,1,1,1,0,125,1,9,0
2319196,0,1,0,0,0,0,125,1,9,0
2319259,1,1,0,0,0,0,125,1,9,0
2320959,1,1,1,1,1,0,125,1,9,0
2323699,0,1,1,0,1,0,125,1,9,0
2323837,0,1,1,0,1,0,125,1,9,0
2324410,1,1,1,1,1,0,125,1,9,0
2325229,1,0,0,1,1,0,125,1,9,0
2326529,0,0,1,1,0,0,125,1,9,0
2326825,1,0,1,1,0,0,125,1,9,0
2327372,1,0,1,0,0,0,125,1,9,0
2328516,1,0,0,1,1,0,125,1,9,0
2328539,1,1,0,0,0,0,125,1,9,0
2330050,0,1,1,0,1,0,125,1,9,0
2330147,0,1,1,0,1,0,125,1,9,0
2331049,0,0,1,1,0,0,125,1,9,0
2331796,1,1,0,0,0,0,125,1,9,0
2333240,1,1,1,1,1,0,125,1,9,0
2333719,1,1,0,0,0,0,125,1,9,0
2333725,1,0,0,1,1,0,125,1,9,0
2333852,1,1,1,1,1,0,125,1,9,0
2335499,0,0,0,0,1,0,125,1,9,0
2335869,0,1,1,0,1,0,125,1,9,0
2336261,0,0,1,1,0,0,125,1,9,0
2338743,1,1,0,0,0,0,125,1,9,0
2339623,0,1,0,1,0,0,125,1,9,0
2341344,0,0,0,0,1,0,125,1,9,0
2342098,1,1,0,0,0,0,125,1,9,0
2342239,1,0,0,1,1,0,125,1,9,0
2342304,0,0,1,1,0,0,125,1,9,0
2343493,1,1,1,1,1,0,125,1,9,0
2346231,0,0,0,0,1,0,125,1,9,0
2346855,1,1,0,0,0,0,125,1,9,0
2350728,0,0,1,1,0,0,125,1,9,0
2350865,1,1,1,1,1,0,125,1,9,0
2350972,0,0,1,1,0,0,125,1,9,0
2351468,0,1,0,1,0,0,125,1,9,0
2352202,0,0,1,1,0,0,125,1,9,0
2353365,1,1,1,1,1,0,125,1,9,0
2353387,1,0,0,1,1,0,125,1,9,0
2353617,0,1,0,1,0,0,125,1,9,0
2354056,0,1,1,0,1,0,125,1,9,0
2355391,0,0,1,1,0,0,125,1,9,0
2355844,0,0,0,0,1,0,125,1,9,0
2355932,0,0,1,1,0,0,125,1,9,0
2356301,0,1,1,0,1,0,125,1,9,0
2357993,1,1,1,1,1,0,125,1,9,0
2358867,1,1,1,1,1,0,125,1,9,0
2358983,0,1,0,1,0,0,125,1,9,0
2360042,0,1,1,0,1,0,164,1,9,0
2360800,0,0,0,0,1,0,164,1,9,0
2361082,0,1,0,1,0,0,164,1,9,0
2362491,0,1,0,1,0,0,164,1,9,0
2362637,1,0,1,0,0,0,164,1,9,0
2364467,1,1,0,0,0,0,164,1,9,0
2365300,0,1,0,1,0,0,164,1,9,0
2365323,0,1,1,0,1,0,164,1,9,0
2365716,0,0,1,1,0,0,164,1,9,0
2365858,1,0,0,1,1,0,164,1,9,0
2366251,0,1,0,1,0,0,164,1,9,0
2367207,1,1,0,0,0,0,164,1,9,0
2368644,1,1,1,1,1,0,164,1,9,0
2370545,0,1,1,0,1,0,164,1,9,0
2371058,1,1,0,0,0,0,164,1,9,0
2371236,1,1,1,1,1,0,164,1,9,0
2371932,1,0,1,1,0,0,164,1,9,0
2371948,1,1,1,1,1,0,164,1,9,0
2372214,0,1,1,0,1,0,164,1,9,0
2374550,0,1,0,1,0,0,164,1,9,0
2374641,1,0,1,0,0,0,164,1,9,0
2375055,0,1,1,0,1,0,164,1,9,0
2375062,1,0,0,1,1,0,164,1,9,0
2375491,0,0,0,0,1,0,164,1,9,0
2375591,1,1,0,0,0,0,164,1,9,0
2375608,0,1,1,0,1,0,164,1,9,0
2376382,1,0,0,1,1,0,164,1,9,0
2376508,0,0,0,0,1,0,164,1,9,0
2377952,0,1,1,0,1,0,164,1,9,0
2378926,0,1,0,1,0,0,164,1,9,0
2379173,1,0,1,0,0,0,164,1,9,0
2379499,1,0,1,0,0,0,164,1,9,0
2379977,1,0,1,0,0,0,164,1,9,0
2380082,0,1,0,1,0,0,164,1,9,0
2380919,0,1,1,0,1,0,164,1,9,0
2381325,1,1,1,1,1,0,164,1,9,0
2381723,1,0,1,0,0,0,164,1,9,0
2382468,0,0,0,0,1,0,164,1,9,0
2385343,1,0,0,1,1,0,164,1,9,0
2386439,0,0,1,1,0,0,164,1,9,0
2386973,1,1,1,1,1,0,164,1,9,0
2387486,0,0,0,0,1,0,164,1,9,0
2387854,1,0,0,1,1,0,164,1,9,0
2388092,0,1,0,1,0,0,164,1,9,0
2388681,1,0,1,0,0,0,164,1,9,0
2389310,1,1,1,1,1,0,164,1,9,0
2389424,0,1,1,0,1,0,164,1,9,0
2389858,1,1,0,0,0,0,164,1,9,0
2389916,0,1,1,0,1,0,164,1,9,0
2389938,0,1,1,0,1,0,164,1,9,0
2390546,1,1,1,1,1,0,164,1,9,0
2390832,0,0,1,1,0,0,164,1,9,0
2390987,0,0,1,1,0,0,164,1,9,0
2391109,0,1,1,0,1,0,164,1,9,0
2394120,1,0,1,0,0,0,164,1,9,0
2394661,0,1,1,0,1,0,164,1,9,0
2395382,0,1,0,1,0,0,164,1,9,0
2395639,0,1,0,1,0,0,164,1,9,0
2396790,0,1,1,0,1,0,164,1,9,0
2398341,1,0,1,0,0,0,164,1,9,0
2398786,1,1,1,1,1,0,164,1,9,0
2399756,1,1,1,1,1,0,164,1,9,0
2399845,0,0,1,1,0,0,164,1,9,0
2401083,0,0,0,0,1,0,164,1,9,0
2401416,1,1,1,1,1,0,164,1,9,0
2401446,0,1,0,1,0,0,164,1,9,0
2401594,0,1,0,1,0,0,164,1,9,0
2402495,0,1,1,0,1,0,164,1,9,0
2403197,0,1,1,0,1,0,164,1,9,0
2405124,1,1,1,1,1,0,164,1,9,0
2405133,0,0,0,0,1,0,164,1,9,0
2406017,1,1,1,1,1,0,164,1,9,0
2406154,1,1,1,1,1,0,164,1,9,0
2406639,0,0,1,1,0,0,164,1,9,0
2409734,1,1,1,1,1,0,164,1,9,0
2410059,1,0,0,1,1,0,164,1,9,0
2410718,0,0,0,0,1,0,164,1,9,0
2411005,0,0,1,1,0,0,164,1,9,0
2411126,0,0,1,1,0,0,164,1,9,0
2412315,1,0,0,1,1,0,164,1,9,0
2412447,0,0,0,0,1,0,164,1,9,0
2414687,1,1,0,0,0,0,164,1,9,0
2415877,0,0,0,0,1,0,164,1,9,0
2415924,1,1,0,0,0,0,164,1,9,0
2415981,1,0,0,1,1,0,164,1,9,0
2416006,1,1,1,1,1,0,164,1,9,0
2416244,1,0,1,0,0,0,164,1,9,0
2416534,0,1,1,0,1,0,164,1,9,0
2416548,0,1,0,1,0,0,164,1,9,0
2416732,0,1,1,0,1,0,164,1,9,0
2417330,0,1,1,0,1,0,164,1,9,0
2417633,1,0,1,0,0,0,164,1,9,0
2418352,1,0,0,1,1,0,164,1,9,0
2419477,0,0,1,1,0,0,164,1,9,0
2419496,0,1,0,1,0,0,164,1,9,0
2419954,0,1,0,1,0,0,164,1,9,0
2422211,0,1,0,1,0,0,164,1,9,0
2422331,1,1,0,0,0,0,164,1,9,0
2423536,0,0,0,0,1,0,164,1,9,0
2424213,1,1,0,0,0,0,164,1,9,0
2424533,0,0,1,1,0,0,164,1,9,0
2425527,0,0,1,1,0,0,134,1,9,0
2425889,1,0,1,0,0,0,134,1,9,0
2426180,1,0,0,1,1,0,134,1,9,0
2426217,0,1,0,1,0,0,134,1,9,0
2426684,1,0,1,0,0,0,134,1,9,0
2427215,1,0,1,0,0,0,134,1,9,0
2427823,1,0,1,0,0,0,134,1,9,0
2429361,1,1,1,1,1,0,134,1,9,0
2429878,1,0,0,1,1,0,134,1,9,0
2430863,0,0,1,1,0,0,134,1,9,0
2431430,1,0,0,1,1,0,134,1,9,0
2431983,0,0,1,1,0,0,134,1,9,0
2432773,1,0,0,1,1,0,134,1,9,0
2434238,1,1,0,0,0,0,134,1,9,0
2434772,1,0,0,1,1,0,134,1,9,0
2434919,0,0,1,1,0,0,134,1,9,0
2435456,1,0,0,1,1,0,134,1,9,0
2435899,1,0,0,1,1,0,134,1,9,0
2436099,0,0,1,1,0,0,134,1,9,0
2436230,0,1,1,0,1,0,134,1,9,0
2438980,0,0,0,0,1,0,134,1,9,0
2440120,1,1,0,0,0,0,134,1,9,0
2442377,1,0,0,1,1,0,134,1,9,0
2442724,1,1,0,1,0,0,134,1,9,0
2443531,0,0,1,1,0,0,134,1,9,0
2444833,0,1,1,0,1,0,134,1,9,0
2445974,0,0,0,0,1,0,134,1,9,0
2446520,0,0,1,1,0,0,134,1,9,0
2447398,1,0,1,0,0,0,134,1,9,0
2447704,1,0,1,0,0,0,134,1,9,0
2448121,0,0,1,1,0,0,134,1,9,0
2449381,0,0,1,1,0,0,134,1,9,0
2450485,1,0,1,0,0,0,134,1,9,0
2451128,0,0,1,1,0,0,134,1,9,0
2451203,0,0,1,1,0,0,134,1,9,0
2452316,1,1,1,1,1,0,134,1,9,0
2453986,1,1,1,1,1,0,134,1,9,0
2454504,1,0,0,1,1,0,134,1,9,0
2454922,1,0,1,0,0,0,134,1,9,0
2455356,0,1,0,1,0,0,134,1,9,0
2455654,1,1,1,1,1,0,134,1,9,0
2456049,1,1,0,1,0,0,134,1,9,0
2457772,1,0,1,0,0,0,134,1,9,0
2458151,1,0,1,0,0,0,134,1,9,0
2458699,0,1,0,1,0,0,134,1,9,0
2458774,1,1,0,0,0,0,134,1,9,0
2459231,0,1,0,1,0,0,134,1,9,0
2459960,1,0,0,1,1,0,134,1,9,0
2460308,1,1,0,0,0,0,134,1,9,0
2461943,1,0,1,0,0,0,134,1,9,0
2463290,0,0,0,0,1,0,134,1,9,0
2463960,0,1,0,1,0,0,134,1,9,0
2464641,0,0,1,1,0,0,134,1,9,0
2465837,1,1,0,0,0,0,134,1,9,0
2467919,1,1,0,1,0,0,134,1,9,0
2467963,0,0,1,1,0,0,134,1,9,0
2468451,1,1,0,0,0,0,134,1,9,0
2468575,0,1,0,1,0,0,134,1,9,0
2471054,1,1,1,1,1,0,134,1,9,0
2472091,0,1,0,1,0,0,134,1,9,0
2472385,1,1,0,0,0,0,134,1,9,0
2472404,1,1,1,1,1,0,134,1,9,0
2473435,0,0,0,0,1,0,134,1,9,0
2473994,1,1,1,1,1,0,134,1,9,0
2475234,1,1,0,0,0,0,134,1,9,0
2475865,1,1,0,0,0,0,134,1,9,0
2476414,0,0,1,1,0,0,134,1,9,0
2479033,1,1,1,1,1,0,134,1,9,0
2480623,1,1,1,1,1,0,134,1,9,0
2483832,1,0,0,1,1,0,134,1,9,0
2484419,0,0,1,1,0,0,134,1,9,0
2484745,1,1,0,0,0,0,134,1,9,0
2485519,0,0,0,0,1,0,134,1,9,0
2485809,0,0,1,1,0,0,134,1,9,0
2486820,1,1,0,0,0,0,134,1,9,0
2486929,1,1,1,1,1,0,134,1,9,0
2487742,0,1,0,1,0,0,134,1,9,0
2488341,0,0,0,0,1,0,134,1,9,0
2488631,1,1,0,0,0,0,134,1,9,0
2489844,0,0,0,0,1,0,134,1,9,0
2490283,0,1,1,0,1,0,134,1,9,0
2490949,1,0,0,1,1,0,119,1,9,0
2495538,0,1,1,0,1,0,119,1,9,0
2497477,0,1,1,1,1,1,119,1,9,0
2499470,1,0,1,0,0,0,119,1,9,0
2499728,0,0,1,1,0,0,119,1,9,0
2499793,1,0,1,0,0,0,119,1,9,0
2499795,1,0,0,1,1,0,119,1,9,0
2499818,1,0,1,0,0,0,119,1,9,0
2501310,0,0,1,1,0,0,119,1,9,0
2502307,1,1,1,1,1,0,119,1,9,0
2503938,1,0,1,0,0,0,119,1,9,0
2506557,0,0,0,0,1,0,119,1,9,0
2506695,0,0,1,1,0,0,119,1,9,0
2512081,1,0,0,1,1,0,119,1,9,0
2512267,0,1,0,1,0,0,119,1,9,0
2513448,0,1,0,1,0,0,119,1,9,0
2513694,1,0,1,0,0,0,119,1,9,0
2515273,1,0,0,1,1,0,119,1,9,0
2515691,0,0,1,1,0,0,119,1,9,0
2515882,1,1,0,0,0,0,119,1,9,0
2517474,0,1,1,0,1,0,119,1,9,0
2517624,1,0,1,0,0,0,119,1,9,0
2520301,1,0,1,0,0,0,119,1,9,0
2522334,1,1,1,1,1,0,119,1,9,0
2523669,1,1,1,1,1,0,119,1,9,0
2525294,0,0,1,1,0,0,119,1,9,0
2525731,0,1,1,0,1,0,119,1,9,0
2526157,1,0,0,1,1,0,119,1,9,0
2526169,0,1,1,0,1,0,119,1,9,0
2526677,0,1,0,1,0,0,119,1,9,0
2526808,1,0,1,0,0,0,119,1,9,0
2526813,1,0,1,0,0,0,119,1,9,0
2526847,1,0,0,1,1,0,119,1,9,0
2529916,0,0,0,0,1,0,119,1,9,0
2530893,0,1,0,1,0,0,119,1,9,0
2531202,0,1,1,0,1,0,119,1,9,0
2531820,1,1,1,0,1,1,119,1,9,0
2532642,1,1,1,1,1,0,119,1,9,0
2533516,0,1,0,1,0,0,119,1,9,0
2533555,1,1,0,0,0,0,119,1,9,0
2534121,1,1,1,1,1,0,119,1,9,0
2534589,1,0,0,1,1,0,119,1,9,0
2535133,0,0,0,0,1,0,119,1,9,0
2538066,1,1,0,0,0,0,119,1,9,0
2538324,1,0,1,0,0,0,119,1,9,0
2539043,0,0,0,0,1,0,119,1,9,0
2540117,0,1,1,0,1,0,119,1,9,0
2541528,0,1,1,0,1,0,119,1,9,0
2541973,1,1,1,1,1,0,119,1,9,0
2543128,1,1,0,0,0,0,119,1,9,0
2543202,0,1,1,0,1,0,119,1,9,0
2543992,0,1,1,0,1,0,119,1,9,0
2544134,1,0,0,1,1,0,119,1,9,0
2546641,0,1,1,0,1,0,119,1,9,0
2547496,0,0,0,0,1,0,119,1,9,0
2549456,0,1,1,0,1,0,119,1,9,0
2549763,1,0,1,0,0,0,119,1,9,0
2550790,1,1,1,1,1,0,119,1,9,0
2550983,1,0,0,1,1,0,119,1,9,0
2551924,1,0,0,1,1,0,119,1,9,0
2552080,0,1,1,0,1,0,119,1,9,0
2552677,0,1,1,0,1,0,119,1,9,0
2554487,0,0,1,1,0,0,119,1,9,0
2555358,0,0,1,1,0,0,119,1,9,0
2557333,1,0,1,0,0,0,148,1,9,0
2558100,1,0,0,1,1,0,148,1,9,0
2558430,1,1,1,1,1,0,148,1,9,0
2558867,1,1,0,0,0,0,148,1,9,0
2558996,0,0,1,0,0,0,148,1,9,0
2560154,1,1,1,1,1,0,148,1,9,0
2560286,0,0,1,1,0,0,148,1,9,0
2562418,0,0,1,1,0,0,148,1,9,0
2562686,0,1,1,0,1,0,148,1,9,0
2562783,1,1,0,0,0,0,148,1,9,0
2562994,1,0,0,1,1,0,148,1,9,0
2564367,1,0,1,0,0,0,148,1,9,0
2564411,0,0,1,1,0,0,148,1,9,0
2565886,1,0,1,0,0,0,148,1,9,0
2566849,1,0,0,1,1,0,148,1,9,0
2567004,1,0,0,1,1,0,148,1,9,0
2567305,1,1,1,1,1,0,148,1,9,0
2567674,1,0,1,1,0,0,148,1,9,0
2568763,0,1,1,0,1,0,148,1,9,0
2568822,1,1,1,1,1,0,148,1,9,0
2570051,1,0,1,0,0,0,148,1,9,0
2570922,0,0,1,1,0,0,148,1,9,0
2571122,1,0,1,0,0,0,148,1,9,0
2571140,1,1,0,0,0,0,148,1,9,0
2571646,1,0,1,0,0,0,148,1,9,0
2571703,1,1,1,1,1,0,148,1,9,0
2573213,1,1,0,0,0,0,148,1,9,0
2574060,0,0,1,1,0,0,148,1,9,0
2574269,0,1,0,1,0,0,148,1,9,0
2574400,1,1,0,0,0,0,148,1,9,0
2574794,0,1,1,0,1,0,148,1,9,0
2575188,1,0,0,1,1,0,148,1,9,0
2575469,0,0,1,1,0,0,148,1,9,0
2575510,0,1,1,0,1,0,148,1,9,0
2576578,1,0,0,1,1,0,148,1,9,0
2577361,0,0,0,0,1,0,148,1,9,0
2577568,1,1,1,1,1,0,148,1,9,0
2577942,1,0,1,0,0,0,148,1,9,0
2578497,0,1,1,1,1,1,148,1,9,0
2578653,1,1,0,0,0,0,148,1,9,0
2578797,1,0,1,0,0,0,148,1,9,0
2580556,1,0,0,1,1,0,148,1,9,0
2581194,1,0,0,1,1,0,148,1,9,0
2581920,0,1,1,0,1,0,148,1,9,0
2582081,0,0,1,1,0,0,148,1,9,0
2583105,0,0,1,1,0,0,148,1,9,0
2584667,1,0,1,0,0,0,148,1,9,0
2584901,0,0,0,0,1,0,148,1,9,0
2585111,1,0,1,0,0,0,148,1,9,0
2585389,1,0,1,0,0,0,148,1,9,0
2586495,0,1,1,0,1,0,148,1,9,0
2588474,0,0,0,0,1,0,148,1,9,0
2588552,1,0,0,1,1,0,148,1,9,0
2589010,0,1,0,1,0,0,148,1,9,0
2589697,0,1,1,0,1,0,148,1,9,0
2589936,1,0,0,1,1,0,148,1,9,0
2590440,0,0,0,0,1,0,148,1,9,0
2591187,1,1,0,0,0,0,148,1,9,0
2593009,1,1,0,0,0,0,148,1,9,0
2593379,0,1,1,0,1,0,148,1,9,0
2593978,0,0,1,1,0,0,148,1,9,0
2594147,1,1,1,1,1,0,148,1,9,0
2596425,0,1,0,1,0,0,148,1,9,0
2597364,0,0,1,1,0,0,148,1,9,0
2597483,1,0,1,0,0,0,148,1,9,0
2599752,0,0,1,1,0,0,148,1,9,0
2601109,1,1,1,1,1,0,148,1,9,0
2601925,0,0,1,1,0,0,148,1,9,0
2602511,1,1,0,0,0,0,148,1,9,0
2602914,1,0,1,0,0,0,148,1,9,0
2603803,1,1,0,0,0,0,148,1,9,0
2605725,0,0,0,0,1,0,148,1,9,0
2606103,1,1,1,1,1,0,148,1,9,0
2606705,0,1,0,1,0,0,148,1,9,0
2607697,0,1,0,1,0,0,148,1,9,0
2608729,0,1,1,0,1,0,148,1,9,0
2611352,1,1,0,0,0,0,148,1,9,0
2612228,0,1,1,0,1,0,148,1,9,0
2613396,0,0,1,1,0,0,148,1,9,0
2614094,1,0,0,1,1,0,148,1,9,0
2614719,1,0,1,0,0,0,148,1,9,0
2615062,1,0,0,1,1,0,148,1,9,0
2615272,1,0,1,0,0,0,148,1,9,0
2616653,1,0,1,0,0,0,148,1,9,0
2617046,1,1,1,1,1,0,148,1,9,0
2618273,0,0,0,0,1,0,148,1,9,0
2618460,0,1,0,1,0,0,148,1,9,0
2618535,1,1,0,0,0,0,148,1,9,0
2620140,1,0,0,0,1,1,148,1,9,0
2620306,0,0,1,1,0,0,148,1,9,0
2620812,1,0,1,0,0,0,148,1,9,0
2621633,1,0,0,1,1,0,149,1,9,0
2622535,0,0,0,0,1,0,149,1,9,0
2622822,1,1,0,0,0,0,149,1,9,0
2623102,0,1,1,0,1,0,149,1,9,0
2623429,0,1,0,1,0,0,149,1,9,0
2623997,0,1,0,1,0,0,149,1,9,0
2625261,1,0,0,1,1,0,149,1,9,0
2626006,1,1,0,0,0,0,149,1,9,0
2626440,0,0,0,0,1,0,149,1,9,0
2627517,1,0,0,1,1,0,149,1,9,0
2627518,0,0,1,1,0,0,149,1,9,0
2627654,0,1,0,1,0,0,149,1,9,0
2628162,1,1,0,0,0,0,149,1,9,0
2629034,0,1,0,1,0,0,149,1,9,0
2629115,0,0,0,0,1,0,149,1,9,0
2629384,1,1,0,0,0,0,149,1,9,0
2632239,1,1,1,1,1,0,149,1,9,0
2632469,1,0,0,1,1,0,149,1,9,0
2632627,1,1,0,0,0,0,149,1,9,0
2633991,0,1,0,1,0,0,149,1,9,0
2635423,1,0,1,0,0,0,149,1,9,0
2635581,0,0,0,0,1,0,149,1,9,0
2635630,0,0,0,1,1,1,149,1,9,0
2636311,1,1,0,0,0,0,149,1,9,0
2638487,1,0,0,1,1,0,149,1,9,0
2639096,0,0,1,1,0,0,149,1,9,0
2639515,0,1,1,0,1,0,149,1,9,0
2639911,1,1,1,1,1,0,149,1,9,0
2640451,0,1,0,1,0,0,149,1,9,0
2642552,1,1,1,1,1,0,149,1,9,0
2643173,1,0,0,1,1,0,149,1,9,0
2644177,1,1,1,1,1,0,149,1,9,0
2644405,1,1,0,0,0,0,149,1,9,0
2645151,0,1,1,0,1,0,149,1,9,0
2648059,0,1,1,0,1,0,149,1,9,0
2648104,1,0,1,0,0,0,149,1,9,0
2648872,0,1,1,0,1,0,149,1,9,0
2648889,1,1,1,1,1,0,149,1,9,0
2649301,0,0,0,0,1,0,149,1,9,0
2650139,1,0,0,1,1,0,149,1,9,0
2651024,0,1,1,0,1,0,149,1,9,0
2651464,0,1,0,0,0,0,149,1,9,0
2651764,1,1,0,0,0,0,149,1,9,0
2652499,1,1,1,1,1,0,149,1,9,0
2653691,0,1,0,1,0,0,149,1,9,0
2653838,0,0,1,1,0,0,149,1,9,0
2653911,1,1,0,0,0,0,149,1,9,0
2654238,0,0,0,0,1,0,149,1,9,0
2654315,0,1,1,0,1,0,149,1,9,0
2656006,1,0,0,1,1,0,149,1,9,0
2656649,0,0,1,1,0,0,149,1,9,0
2656754,0,0,0,0,1,0,149,1,9,0
2657796,0,1,1,0,1,0,149,1,9,0
2657886,1,0,1,0,0,0,149,1,9,0
2659811,0,1,1,0,1,0,149,1,9,0
2661471,1,1,1,1,1,0,149,1,9,0
2662808,0,1,0,1,0,0,149,1,9,0
2662998,1,0,0,1,1,0,149,1,9,0
2663540,0,1,0,1,0,0,149,1,9,0
2664379,1,1,1,1,1,0,149,1,9,0
2665075,0,1,1,0,1,0,149,1,9,0
2665895,0,0,1,1,0,0,149,1,9,0
2666040,1,1,0,0,0,0,149,1,9,0
2666776,1,1,1,1,1,0,149,1,9,0
2667854,1,0,0,1,1,0,149,1,9,0
2667882,0,1,1,0,1,0,149,1,9,0
2668341,1,1,0,0,0,0,149,1,9,0
2668934,0,0,0,0,1,0,149,1,9,0
2669279,0,0,1,1,0,0,149,1,9,0
2669610,1,1,0,0,0,0,149,1,9,0
2670249,0,0,1,1,0,0,149,1,9,0
2672086,0,1,1,0,1,0,149,1,9,0
2672594,0,1,0,1,0,0,149,1,9,0
2672845,0,1,0,1,0,0,149,1,9,0
2673089,0,1,1,0,1,0,149,1,9,0
2673251,0,0,0,0,1,0,149,1,9,0
2673777,0,0,0,0,1,0,149,1,9,0
2674805,0,0,0,0,1,0,149,1,9,0
2675186,1,1,1,1,1,0,149,1,9,0
2675301,0,0,1,1,0,0,149,1,9,0
2675418,1,0,1,1,0,0,149,1,9,0
2675459,1,1,0,0,0,0,149,1,9,0
2677701,0,1,0,1,0,0,149,1,9,0
2679991,1,0,0,1,1,0,149,1,9,0
2680246,0,0,0,0,1,0,149,1,9,0
2680326,0,0,1,1,0,0,149,1,9,0
2680694,1,0,1,0,0,0,149,1,9,0
2681645,0,0,1,1,0,0,149,1,9,0
2683178,1,1,0,0,0,0,149,1,9,0
2683354,0,0,1,1,0,0,149,1,9,0
2684077,0,0,1,1,0,0,149,1,9,0
2684081,0,1,1,0,1,0,149,1,9,0
2684331,0,0,0,0,1,0,149,1,9,0
2686409,0,0,0,0,1,0,149,1,9,0
2686592,1,1,0,0,0,0,149,1,9,0
2686920,0,1,0,1,0,0,149,1,9,0
2740231,0,0,0,1,1,1,129,1,9,2
2752208,1,0,1,1,0,0,129,1,9,2
2752522,1,1,0,0,0,0,143,1,9,0
2752788,0,1,1,0,1,0,143,1,9,0
2752960,1,0,0,1,1,0,143,1,9,0
2753124,1,0,1,0,0,0,143,1,9,0
2753504,0,0,1,1,0,0,143,1,9,0
2753998,0,0,1,1,0,0,143,1,9,0
2754253,1,0,0,1,1,0,143,1,9,0
2754875,0,0,0,0,1,0,143,1,9,0
2755552,1,1,1,1,1,0,143,1,9,0
2755583,0,0,1,1,0,0,143,1,9,0
2756501,1,1,1,1,1,0,143,1,9,0
2756935,0,1,0,0,0,0,143,1,9,0
2757003,0,1,1,0,1,0,143,1,9,0
2757051,1,0,1,0,0,0,143,1,9,0
2758693,0,0,0,1,1,1,143,1,9,0
2758951,1,1,1,1,1,0,143,1,9,0
2759001,0,1,0,1,0,0,143,1,9,0
2759083,1,1,1,1,1,0,143,1,9,0
2759424,0,0,0,0,1,0,143,1,9,0
2760051,1,1,1,1,1,0,143,1,9,0
2761054,1,0,1,0,0,0,143,1,9,0
2762293,1,1,1,1,1,0,143,1,9,0
2763321,0,0,1,0,0,0,143,1,9,0
2764035,0,1,1,0,1,0,143,1,9,0
2764497,0,1,0,1,0,0,143,1,9,0
2764734,1,1,1,1,1,0,143,1,9,0
2765861,1,0,0,1,1,0,143,1,9,0
2766064,1,0,1,0,0,0,143,1,9,0
2766236,0,0,1,1,0,0,143,1,9,0
2766591,0,1,0,1,0,0,143,1,9,0
2766929,0,1,0,1,0,0,143,1,9,0
2767489,1,1,0,0,0,0,143,1,9,0
2767631,0,1,0,1,0,0,143,1,9,0
2767830,1,0,0,1,1,0,143,1,9,0
2770692,0,0,1,1,0,0,143,1,9,0
2770853,0,0,0,0,1,0,143,1,9,0
2771446,0,1,0,1,0,0,143,1,9,0
2772096,1,0,0,1,1,0,143,1,9,0
2772109,0,1,1,0,1,0,143,1,9,0
2772918,1,1,1,1,1,0,143,1,9,0
2773065,0,1,1,0,1,0,143,1,9,0
2773366,0,1,0,1,0,0,143,1,9,0
2773622,1,0,0,1,1,0,143,1,9,0
2773814,0,0,0,0,1,0,143,1,9,0
2774040,1,1,0,0,0,0,143,1,9,0
2774129,0,0,1,1,0,0,143,1,9,0
2774907,0,1,1,0,1,0,143,1,9,0
2774931,0,0,1,1,0,0,143,1,9,0
2775242,1,0,0,1,1,0,143,1,9,0
2775550,0,1,0,1,0,0,143,1,9,0
2775956,1,0,0,1,1,0,143,1,9,0
2776152,0,1,0,1,0,0,143,1,9,0
2776851,1,1,1,1,1,0,143,1,9,0
2777333,1,1,1,1,1,0,143,1,9,0
2777391,0,0,0,0,1,0,143,1,9,0
2778041,0,1,0,1,0,0,143,1,9,0
2780664,1,1,1,1,1,0,143,1,9,0
2781822,0,1,1,0,1,0,143,1,9,0
2782535,1,0,0,1,1,0,143,1,9,0
2782682,0,0,1,1,0,0,143,1,9,0
2783187,0,0,1,1,0,0,143,1,9,0
2785239,0,0,0,0,1,0,143,1,9,0
2785707,1,1,0,0,0,0,143,1,9,0
2786542,1,0,1,0,0,0,143,1,9,0
2786692,1,0,0,1,1,0,143,1,9,0
2788568,1,0,0,1,1,0,143,1,9,0
2791192,0,1,0,1,0,0,143,1,9,0
2791249,0,0,0,0,1,0,143,1,9,0
2791335,0,0,1,1,0,0,143,1,9,0
2793315,1,1,0,0,0,0,143,1,9,0
2793564,1,1,1,1,1,0,143,1,9,0
2793679,0,0,0,0,1,0,143,1,9,0
2794127,1,1,1,1,1,0,143,1,9,0
2794388,1,1,1,1,1,0,143,1,9,0
2794563,1,1,0,0,0,0,143,1,9,0
2796072,0,1,1,0,1,0,143,1,9,0
2797728,0,0,1,1,0,0,143,1,9,0
2798037,1,0,1,0,0,0,143,1,9,0
2798348,0,1,1,0,1,0,143,1,9,0
2798482,0,1,0,1,0,0,143,1,9,0
2798917,0,1,0,1,0,0,143,1,9,0
2799384,0,0,0,0,1,0,143,1,9,0
2799452,1,0,0,1,1,0,143,1,9,0
2799602,0,1,1,0,1,0,143,1,9,0
2799744,0,1,0,1,0,0,143,1,9,0
2800455,1,0,1,0,0,0,143,1,9,0
2801232,0,1,0,1,0,0,143,1,9,0
2801303,0,1,1,0,1,0,143,1,9,0
2801381,0,1,0,1,0,0,143,1,9,0
2802630,1,0,1,0,0,0,143,1,9,0
2802916,0,0,1,1,0,0,143,1,9,0
2803090,0,1,0,1,0,0,143,1,9,0
2803392,0,0,0,0,1,0,143,1,9,0
2803959,1,0,1,0,0,0,143,1,9,0
2805698,1,0,1,0,0,0,143,1,9,0
2806431,1,1,0,0,0,0,143,1,9,0
2806913,0,1,1,0,1,0,143,1,9,0
2808119,0,0,1,1,0,0,143,1,9,0
2808804,1,0,0,1,1,0,143,1,9,0
2809562,0,1,1,1,1,1,143,1,9,0
2809838,1,0,0,1,1,0,143,1,9,0
2809895,0,0,1,1,0,0,143,1,9,0
2810393,1,1,1,1,1,0,143,1,9,0
2810462,1,0,1,0,0,0,143,1,9,0
2810558,1,0,1,0,0,0,143,1,9,0
2810578,1,0,0,1,1,0,143,1,9,0
2810779,1,1,0,0,0,0,143,1,9,0
2813638,0,1,1,0,1,0,143,1,9,0
2813858,1,0,1,0,0,0,143,1,9,0
2814418,0,0,1,0,0,0,143,1,9,0
2814460,0,0,1,1,0,0,143,1,9,0
2815379,1,0,1,0,0,0,143,1,9,0
2817720,0,1,0,1,0,0,143,1,9,0
2820786,1,1,0,0,0,0,126,2,9,0
2820792,0,0,0,0,1,0,126,2,9,0
2821253,1,1,1,1,1,0,126,2,9,0
2822955,1,0,0,1,1,0,126,2,9,0
2823099,0,0,1,1,0,0,126,2,9,0
2823832,0,1,1,0,1,0,126,2,9,0
2824296,0,0,1,1,0,0,126,2,9,0
2824545,1,0,1,0,0,0,126,2,9,0
2825575,1,1,0,0,0,0,126,2,9,0
2829144,0,0,0,0,1,0,126,2,9,0
2829847,0,0,1,1,0,0,126,2,9,0
2831190,0,0,0,0,1,0,126,2,9,0
2833007,1,0,0,1,1,0,126,2,9,0
2833658,0,0,1,1,0,0,126,2,9,0
2836099,1,1,0,0,0,0,126,2,9,0
2836170,0,1,1,0,1,0,126,2,9,0
2837435,0,0,0,0,1,0,126,2,9,0
2838223,1,0,0,1,1,0,126,2,9,0
2838629,0,1,0,1,0,0,126,2,9,0
2839336,0,1,1,0,1,0,126,2,9,0
2839743,0,0,1,1,0,0,126,2,9,0
2840315,0,0,1,1,0,0,126,2,9,0
2840493,1,0,0,1,1,0,126,2,9,0
2843064,0,1,0,1,0,0,126,2,9,0
2844128,1,0,0,1,1,0,126,2,9,0
2844633,1,1,0,0,0,0,126,2,9,0
2844961,0,0,0,0,1,0,126,2,9,0
2845123,1,0,1,0,0,0,126,2,9,0
2845719,1,0,0,1,1,0,126,2,9,0
2846315,1,0,0,1,1,0,126,2,9,0
2848942,1,0,0,1,1,0,126,2,9,0
2849306,0,0,0,0,1,0,126,2,9,0
2850267,1,0,0,1,1,0,126,2,9,0
2851977,1,0,1,0,0,0,126,2,9,0
2852132,1,1,1,1,1,0,126,2,9,0
2852610,0,1,0,1,0,0,126,2,9,0
2853124,0,1,1,0,1,0,126,2,9,0
2854875,1,1,0,0,0,0,126,2,9,0
2855553,0,0,0,0,1,0,126,2,9,0
2855813,1,1,0,1,0,0,126,2,9,0
2856526,0,1,1,0,1,0,126,2,9,0
2857103,0,0,1,1,0,0,126,2,9,0
2858417,1,0,0,1,1,0,126,2,9,0
2858977,1,0,1,0,0,0,126,2,9,0
2859002,1,0,0,1,1,0,126,2,9,0
2860358,0,0,0,1,1,1,126,2,9,0
2861452,1,1,1,1,1,0,126,2,9,0
2863429,1,0,0,1,1,0,126,2,9,0
2863686,0,1,0,1,0,0,126,2,9,0
2863754,1,1,0,0,0,0,126,2,9,0
2864272,0,1,0,1,0,0,126,2,9,0
2865496,0,1,0,1,0,0,126,2,9,0
2866004,1,0,0,1,1,0,126,2,9,0
2866172,1,0,0,1,1,0,126,2,9,0
2867814,1,1,1,1,1,0,126,2,9,0
2868144,0,1,0,1,0,0,126,2,9,0
2870268,0,0,0,0,1,0,126,2,9,0
2870987,1,0,1,0,0,0,126,2,9,0
2872656,1,1,0,0,0,0,126,2,9,0
2873367,1,0,0,1,1,0,126,2,9,0
2873534,1,1,0,0,0,0,126,2,9,0
2874394,1,1,0,0,0,0,126,2,9,0
2874737,0,0,1,1,0,0,126,2,9,0
2876787,1,0,0,1,1,0,126,2,9,0
2876860,1,1,0,1,0,0,126,2,9,0
2876983,1,1,0,0,0,0,126,2,9,0
2877089,1,1,0,0,0,0,126,2,9,0
2877915,1,0,1,0,0,0,126,2,9,0
2878083,1,0,0,1,1,0,126,2,9,0
2878446,1,0,1,0,0,0,126,2,9,0
2879071,1,1,0,0,0,0,126,2,9,0
2879442,1,1,0,0,0,0,126,2,9,0
2884670,1,0,0,1,1,0,127,2,12,0
2885229,0,1,1,0,1,0,127,2,12,0
2885925,1,1,0,0,0,0,127,2,12,0
2886013,1,1,1,1,1,0,127,2,12,0
2886325,0,1,1,0,1,0,127,2,12,0
2886792,0,1,1,0,1,0,127,2,12,0
2888360,0,1,1,0,1,0,127,2,12,0
2888548,0,0,1,1,0,0,127,2,12,0
2889668,1,0,0,1,1,0,127,2,12,0
2890009,1,0,1,0,0,0,127,2,12,0
2890140,1,0,1,0,0,0,127,2,12,0
2890369,1,0,0,1,1,0,127,2,12,0
2891065,1,1,1,1,1,0,127,2,12,0
2893028,0,1,1,0,1,0,127,2,12,0
2893050,1,0,0,1,1,0,127,2,12,0
2893554,1,0,1,0,0,0,127,2,12,0
2894244,0,1,0,1,0,0,127,2,12,0
2895247,0,0,1,1,0,0,127,2,12,0
2895795,1,1,1,1,1,0,127,2,12,0
2895954,0,0,0,0,1,0,127,2,12,0
2896362,1,0,0,1,1,0,127,2,12,0
2898456,0,1,0,1,0,0,127,2,12,0
2899195,0,0,1,1,0,0,127,2,12,0
2899614,0,1,1,0,1,0,127,2,12,0
2899899,0,1,0,1,0,0,127,2,12,0
2899924,0,0,1,1,0,0,127,2,12,0
2900263,0,1,1,0,1,0,127,2,12,0
2900760,1,0,0,1,1,0,127,2,12,0
2901838,0,1,0,1,0,0,127,2,12,0
2902600,1,0,1,0,0,0,127,2,12,0
2903904,0,0,0,0,1,0,127,2,12,0
2904611,1,1,1,1,1,0,127,2,12,0
2905453,1,1,1,1,1,0,127,2,12,0
2905970,1,1,1,1,1,0,127,2,12,0
2907335,1,0,1,0,0,0,127,2,12,0
2908183,1,1,0,0,0,0,127,2,12,0
2908484,1,1,1,1,1,0,127,2,12,0
2909049,0,0,1,1,0,0,127,2,12,0
2909490,0,1,1,0,1,0,127,2,12,0
2909649,1,1,0,0,0,0,127,2,12,0
2910087,0,1,0,1,0,0,127,2,12,0
2910202,0,1,0,1,0,0,127,2,12,0
2911557,0,0,1,1,0,0,127,2,12,0
2911587,0,1,0,1,0,0,127,2,12,0
2911617,0,1,0,1,0,0,127,2,12,0
2912154,0,1,1,0,1,0,127,2,12,0
2913781,0,1,0,1,0,0,127,2,12,0
2914096,1,0,1,0,0,0,127,2,12,0
2914222,1,0,0,1,1,0,127,2,12,0
2916599,0,1,1,0,1,0,127,2,12,0
2916737,0,0,0,0,1,0,127,2,12,0
2917280,0,1,0,1,0,0,127,2,12,0
2918401,1,0,0,1,1,0,127,2,12,0
2919401,0,0,1,1,0,0,127,2,12,0
2919800,0,1,1,0,1,0,127,2,12,0
2920063,0,1,0,1,0,0,127,2,12,0
2920591,1,0,1,0,0,0,127,2,12,0
2920895,0,1,1,0,1,0,127,2,12,0
2921349,0,0,1,1,0,0,127,2,12,0
2921414,0,1,1,0,1,0,127,2,12,0
2922158,0,0,1,1,0,0,127,2,12,0
2922605,0,0,0,0,1,0,127,2,12,0
2922736,1,1,1,1,1,0,127,2,12,0
2923637,0,1,1,0,1,0,127,2,12,0
2924130,0,1,1,0,1,0,127,2,12,0
2924462,0,0,0,0,1,0,127,2,12,0
2926679,0,1,1,0,1,0,127,2,12,0
2928395,1,0,0,0,1,1,127,2,12,0
2928983,1,1,1,1,1,0,127,2,12,0
2929426,0,1,1,0,1,0,127,2,12,0
2930428,1,0,1,0,0,0,127,2,12,0
2930725,0,1,1,0,1,0,127,2,12,0
2930879,0,1,1,0,1,0,127,2,12,0
2931164,0,0,0,0,1,0,127,2,12,0
2931291,0,0,1,1,0,0,127,2,12,0
2931516,1,1,0,1,0,0,127,2,12,0
2931520,0,0,1,1,0,0,127,2,12,0
2933888,0,0,0,0,1,0,127,2,12,0
2935160,0,1,0,1,0,0,127,2,12,0
2938249,0,0,1,1,0,0,127,2,12,0
2938471,1,1,0,0,0,0,127,2,12,0
2939072,0,1,0,1,0,0,127,2,12,0
2941192,0,0,1,1,0,0,127,2,12,0
2942508,0,1,0,1,0,0,127,2,12,0
2942739,0,0,1,1,0,0,127,2,12,0
2943272,0,1,0,1,0,0,127,2,12,0
2944473,0,0,1,1,0,0,127,2,12,0
2944684,1,1,1,1,1,0,127,2,12,0
2945208,1,1,0,0,0,0,127,2,12,0
2945530,1,1,0,0,0,0,127,2,12,0
2946232,1,1,1,1,1,0,127,2,12,0
2947579,0,0,0,0,1,0,127,2,12,0
2948518,0,0,0,0,1,0,127,2,12,0
2948865,0,0,0,0,1,0,127,2,12,0
2949419,1,1,1,1,1,0,149,2,12,0
2949482,1,1,0,0,0,0,149,2,12,0
2950134,1,1,0,0,0,0,149,2,12,0
2950411,1,0,1,0,0,0,149,2,12,0
2950870,0,1,1,0,1,0,149,2,12,0
2951133,1,1,0,0,0,0,149,2,12,0
2951576,0,0,0,0,1,0,149,2,12,0
2951631,1,0,0,1,1,0,149,2,12,0
2951830,1,0,0,1,1,0,149,2,12,0
2952710,1,1,1,1,1,0,149,2,12,0
2953159,0,1,1,0,1,0,149,2,12,0
2953304,1,1,0,0,0,0,149,2,12,0
2953511,0,1,1,0,1,0,149,2,12,0
2954957,0,0,0,0,1,0,149,2,12,0
2955050,0,1,1,0,1,0,149,2,12,0
2956613,1,0,1,0,0,0,149,2,12,0
2957890,1,1,1,1,1,0,149,2,12,0
2958427,1,1,1,1,1,0,149,2,12,0
2959507,1,0,1,0,0,0,149,2,12,0
2960223,0,1,1,0,1,0,149,2,12,0
2960320,1,1,1,0,1,1,149,2,12,0
2960904,1,0,1,0,0,0,149,2,12,0
2962170,1,1,0,0,0,0,149,2,12,0
2962172,1,1,0,0,0,0,149,2,12,0
2962229,0,1,0,1,0,0,149,2,12,0
2964875,1,0,1,0,0,0,149,2,12,0
2965937,1,0,1,0,0,0,149,2,12,0
2966490,1,0,1,0,0,0,149,2,12,0
2967808,1,1,0,1,0,0,149,2,12,0
2967832,1,1,1,1,1,0,149,2,12,0
2968411,0,0,1,0,0,0,149,2,12,0
2970064,0,0,0,0,1,0,149,2,12,0
2971441,0,1,0,1,0,0,149,2,12,0
2973477,0,1,1,0,1,0,149,2,12,0
2973584,0,1,1,0,1,0,149,2,12,0
2973823,0,0,1,1,0,0,149,2,12,0
2973970,1,1,0,0,0,0,149,2,12,0
2974948,0,1,0,1,0,0,149,2,12,0
2975217,1,0,0,1,1,0,149,2,12,0
2975688,0,1,0,0,0,0,149,2,12,0
2976049,1,1,1,1,1,0,149,2,12,0
2976749,1,1,0,0,0,0,149,2,12,0
2977488,0,0,0,0,1,0,149,2,12,0
2977756,0,0,1,1,0,0,149,2,12,0
2978067,0,1,0,1,0,0,149,2,12,0
2978698,0,1,0,1,0,0,149,2,12,0
2979604,1,0,0,1,1,0,149,2,12,0
2981595,0,0,0,0,1,0,149,2,12,0
2981775,0,1,1,0,1,0,149,2,12,0
2983416,0,0,0,0,1,0,149,2,12,0
2984186,0,1,1,0,1,0,149,2,12,0
2984401,0,0,1,1,0,0,149,2,12,0
2984704,0,0,0,0,1,0,149,2,12,0
2985104,0,1,1,0,1,0,149,2,12,0
2985430,0,0,0,0,1,0,149,2,12,0
2985588,1,1,0,0,0,0,149,2,12,0
2986444,0,1,0,1,0,0,149,2,12,0
2986870,1,0,1,0,0,0,149,2,12,0
2986969,0,0,1,1,0,0,149,2,12,0
2987034,0,0,0,0,1,0,149,2,12,0
2988075,0,1,0,1,0,0,149,2,12,0
2989333,1,0,0,1,1,0,149,2,12,0
2989988,1,0,0,1,1,0,149,2,12,0
2990343,0,1,1,0,1,0,149,2,12,0
2990714,0,1,0,1,0,0,149,2,12,0
2990821,1,1,0,0,0,0,149,2,12,0
2991324,1,1,1,1,1,0,149,2,12,0
2991418,1,0,1,1,0,0,149,2,12,0
2992150,1,1,1,1,1,0,149,2,12,0
2993257,1,0,1,0,0,0,149,2,12,0
2993672,1,1,1,1,1,0,149,2,12,0
2994084,0,1,0,1,0,0,149,2,12,0
2994627,0,1,1,0,1,0,149,2,12,0
2995291,1,1,1,1,1,0,149,2,12,0
2995918,1,1,0,0,0,0,149,2,12,0
2995922,1,1,0,0,0,0,149,2,12,0
2996328,1,1,0,0,0,0,149,2,12,0
2996463,0,0,1,1,0,0,149,2,12,0
2997485,1,0,0,1,1,0,149,2,12,0
2997607,0,0,0,0,1,0,149,2,12,0
2998297,1,0,0,0,1,1,149,2,12,0
2998353,0,0,0,0,1,0,149,2,12,0
2999332,1,1,0,0,0,0,149,2,12,0
2999407,0,1,0,0,0,0,149,2,12,0
2999766,1,1,1,1,1,0,149,2,12,0
3000130,0,1,0,1,0,0,149,2,12,0
3001094,1,1,1,1,1,0,149,2,12,0
3001781,0,0,1,1,0,0,149,2,12,0
3002802,1,0,1,0,0,0,149,2,12,0
3003675,0,1,1,0,1,0,149,2,12,0
3004223,0,0,1,1,0,0,149,2,12,0
3005629,1,0,1,0,0,0,149,2,12,0
3006868,0,1,0,1,0,0,149,2,12,0
3007350,0,0,1,1,0,0,149,2,12,0
3008817,0,0,1,1,0,0,149,2,12,0
3009040,1,0,1,0,0,0,149,2,12,0
3009341,0,0,1,1,0,0,149,2,12,0
3009743,0,1,1,0,1,0,149,2,12,0
3010201,1,0,1,0,0,0,149,2,12,0
3010245,0,0,1,0,0,0,149,2,12,0
3011253,0,0,0,0,1,0,149,2,12,0
3011287,0,0,1,1,0,0,149,2,12,0
3012141,0,0,1,1,0,0,149,2,12,0
3012423,0,1,1,0,1,0,149,2,12,0
3012827,1,0,0,1,1,0,149,2,12,0
3012859,0,1,1,0,1,0,149,2,12,0
3012948,1,0,1,0,0,0,149,2,12,0
3013229,0,0,0,0,1,0,149,2,12,0
3013536,1,1,0,0,0,0,149,2,12,0
3013940,0,1,1,0,1,0,149,2,12,0
3014885,0,1,1,1,1,1,129,2,12,0
3015288,0,0,0,0,1,0,129,2,12,0
3015498,0,0,1,1,0,0,129,2,12,0
3015693,1,1,0,0,0,0,129,2,12,0
3015844,0,0,1,1,0,0,129,2,12,0
3016581,0,0,0,0,1,0,129,2,12,0
3016639,1,0,0,1,1,0,129,2,12,0
3016760,0,0,0,0,1,0,129,2,12,0
3017049,0,0,0,0,1,0,129,2,12,0
3017085,1,0,0,1,1,0,129,2,12,0
3017475,0,1,1,1,1,1,129,2,12,0
3017746,0,0,1,1,0,0,129,2,12,0
3018175,0,0,0,0,1,0,129,2,12,0
3019501,0,0,0,0,1,0,129,2,12,0
3020379,0,0,0,0,1,0,129,2,12,0
3021060,1,1,1,1,1,0,129,2,12,0
3021115,1,1,1,1,1,0,129,2,12,0
3021342,1,1,0,0,0,0,129,2,12,0
3021488,1,0,0,1,1,0,129,2,12,0
3021510,1,0,0,1,1,0,129,2,12,0
3022522,0,1,1,0,1,0,129,2,12,0
3022719,0,1,0,1,0,0,129,2,12,0
3023114,1,1,0,0,0,0,129,2,12,0
3024333,1,0,0,1,1,0,129,2,12,0
3024529,0,1,0,1,0,0,129,2,12,0
3026886,0,1,1,0,1,0,129,2,12,0
3027102,0,1,1,0,1,0,129,2,12,0
3027540,0,0,0,0,1,0,129,2,12,0
3028921,0,1,0,1,0,0,129,2,12,0
3029375,0,1,0,1,0,0,129,2,12,0
3030503,1,1,0,0,0,0,129,2,12,0
3030513,0,0,1,1,0,0,129,2,12,0
3031101,0,1,0,1,0,0,129,2,12,0
3031315,1,0,0,1,1,0,129,2,12,0
3031374,1,0,0,1,1,0,129,2,12,0
3031843,0,0,0,0,1,0,129,2,12,0
3032481,0,1,1,0,1,0,129,2,12,0
3033484,0,0,0,0,1,0,129,2,12,0
3033690,1,1,0,0,0,0,129,2,12,0
3034030,0,0,1,1,0,0,129,2,12,0
3035039,1,1,0,0,0,0,129,2,12,0
3035924,0,0,0,0,1,0,129,2,12,0
3036324,0,0,0,0,1,0,129,2,12,0
3036970,1,0,1,0,0,0,129,2,12,0
3037414,0,0,0,0,1,0,129,2,12,0
3039738,0,0,0,0,1,0,129,2,12,0
3039991,1,1,0,0,0,0,129,2,12,0
3040031,1,0,0,1,1,0,129,2,12,0
3040171,1,1,0,0,0,0,129,2,12,0
3040275,1,0,0,1,1,0,129,2,12,0
3040562,0,0,1,1,0,0,129,2,12,0
3040729,1,0,0,1,1,0,129,2,12,0
3041025,1,1,1,1,1,0,129,2,12,0
3041172,1,0,0,1,1,0,129,2,12,0
3041524,0,1,0,1,0,0,129,2,12,0
3041629,1,0,0,1,1,0,129,2,12,0
3041647,1,1,1,1,1,0,129,2,12,0
3042396,0,1,0,1,0,0,129,2,12,0
3043556,0,0,0,0,1,0,129,2,12,0
3043645,1,0,0,1,1,0,129,2,12,0
3044030,1,1,1,1,1,0,129,2,12,0
3044186,1,0,1,0,0,0,129,2,12,0
3044708,1,1,0,0,0,0,129,2,12,0
3045604,1,0,0,1,1,0,129,2,12,0
3045854,1,0,0,1,1,0,129,2,12,0
3046178,0,1,1,0,1,0,129,2,12,0
3046546,1,1,1,1,1,0,129,2,12,0
3047269,1,0,0,1,1,0,129,2,12,0
3047643,1,0,1,0,0,0,129,2,12,0
3047768,0,1,1,0,1,0,129,2,12,0
3048500,1,1,1,1,1,0,129,2,12,0
3049123,0,0,0,0,1,0,129,2,12,0
3049681,0,1,0,1,0,0,129,2,12,0
3050564,0,0,1,1,0,0,129,2,12,0
3050755,0,1,1,0,1,0,129,2,12,0
3051262,0,1,1,0,1,0,129,2,12,0
3052563,1,0,1,0,0,0,129,2,12,0
3052808,0,0,1,1,0,0,129,2,12,0
3052851,1,1,1,1,1,0,129,2,12,0
3053497,1,1,0,1,0,0,129,2,12,0
3053579,1,1,0,0,0,0,129,2,12,0
3054911,0,1,0,0,0,0,129,2,12,0
3055152,1,0,0,1,1,0,129,2,12,0
3055240,1,1,1,1,1,0,129,2,12,0
3055773,1,0,0,1,1,0,129,2,12,0
3056016,1,0,1,0,0,0,129,2,12,0
3056293,1,0,1,0,0,0,129,2,12,0
3057594,1,0,0,1,1,0,129,2,12,0
3057921,0,0,0,0,1,0,129,2,12,0
3058044,1,0,0,1,1,0,129,2,12,0
3058467,0,0,1,1,0,0,129,2,12,0
3058858,1,1,0,0,0,0,129,2,12,0
3059835,0,0,1,1,0,0,129,2,12,0
3059911,0,1,0,1,0,0,129,2,12,0
3060869,0,1,0,0,0,0,129,2,12,0
3061128,0,1,1,0,1,0,129,2,12,0
3061486,1,1,0,0,0,0,129,2,12,0
3061527,1,1,1,1,1,0,129,2,12,0
3061729,1,1,0,0,0,0,129,2,12,0
3062019,0,1,0,1,0,0,129,2,12,0
3062122,1,1,0,0,0,0,129,2,12,0
3062556,0,0,1,0,0,0,129,2,12,0
3062587,0,0,0,0,1,0,129,2,12,0
3063200,0,1,0,1,0,0,129,2,12,0
3063204,0,1,0,1,0,0,129,2,12,0
3064337,1,1,1,1,1,0,129,2,12,0
3064376,0,0,1,1,0,0,129,2,12,0
3064734,0,0,0,0,1,0,129,2,12,0
3066677,0,0,0,0,1,0,129,2,12,0
3067339,0,0,1,1,0,0,129,2,12,0
3067645,0,1,0,1,0,0,129,2,12,0
3069035,0,1,1,0,1,0,129,2,12,0
3069738,0,1,0,1,0,0,129,2,12,0
3070050,0,0,1,1,0,0,129,2,12,0
3070607,1,0,1,0,0,0,129,2,12,0
3070927,1,1,0,0,0,0,129,2,12,0
3071295,1,0,1,0,0,0,129,2,12,0
3071889,0,1,0,1,0,0,129,2,12,0
3071909,1,1,0,0,0,0,129,2,12,0
3073483,0,0,1,1,0,0,129,2,12,0
3073929,1,1,0,0,0,0,129,2,12,0
3074136,0,0,1,1,0,0,129,2,12,0
3074935,1,1,1,1,1,0,129,2,12,0
3075579,1,0,1,0,0,0,129,2,12,0
3075984,1,1,0,0,0,0,129,2,12,0
3078861,1,0,0,1,1,0,129,2,12,0
3078890,0,0,1,1,0,0,129,2,12,0
3079372,0,1,1,0,1,0,129,2,12,0
3079535,0,0,1,1,0,0,129,2,12,0
3080209,1,1,0,0,0,0,122,2,12,0
3080416,0,1,0,1,0,0,122,2,12,0
3081371,1,0,0,1,1,0,122,2,12,0
3081415,1,0,1,0,0,0,122,2,12,0
3081569,0,0,0,0,1,0,122,2,12,0
3081920,0,1,1,0,1,0,122,2,12,0
3082062,1,0,1,0,0,0,122,2,12,0
3083658,0,1,1,0,1,0,122,2,12,0
3083849,0,1,0,1,0,0,122,2,12,0
3084062,0,0,0,0,1,0,122,2,12,0
3084778,0,1,1,0,1,0,122,2,12,0
3085018,0,0,1,1,0,0,122,2,12,0
3086507,1,1,1,1,1,0,122,2,12,0
3087110,1,0,1,0,0,0,122,2,12,0
3089197,1,1,1,1,1,0,122,2,12,0
3089617,0,0,1,1,0,0,122,2,12,0
3090766,0,0,0,0,1,0,122,2,12,0
3092149,1,1,0,0,0,0,122,2,12,0
3093073,0,0,1,1,0,0,122,2,12,0
3093435,1,0,1,0,0,0,122,2,12,0
3094605,1,0,0,1,1,0,122,2,12,0
3095404,0,0,0,0,1,0,122,2,12,0
3097495,0,1,1,0,1,0,122,2,12,0
3097762,0,1,1,0,1,0,122,2,12,0
3098563,0,0,1,1,0,0,122,2,12,0
3098604,1,0,1,0,0,0,122,2,12,0
3099369,0,0,1,1,0,0,122,2,12,0
3099401,1,1,1,1,1,0,122,2,12,0
3099862,0,1,1,0,1,0,122,2,12,0
3100170,1,1,1,1,1,0,122,2,12,0
3100607,0,0,1,1,0,0,122,2,12,0
3100923,0,1,0,1,0,0,122,2,12,0
3102151,0,1,0,1,0,0,122,2,12,0
3103461,0,0,0,0,1,0,122,2,12,0
3105846,0,1,0,1,0,0,122,2,12,0
3106495,0,0,0,0,1,0,122,2,12,0
3106734,0,0,1,1,0,0,122,2,12,0
3106879,1,0,1,0,0,0,122,2,12,0
3106975,1,1,0,0,0,0,122,2,12,0
3107758,1,0,1,0,0,0,122,2,12,0
3107998,1,1,0,0,0,0,122,2,12,0
3108142,1,0,0,1,1,0,122,2,12,0
3109723,0,1,1,0,1,0,122,2,12,0
3109804,0,0,1,1,0,0,122,2,12,0
3109908,1,0,1,0,0,0,122,2,12,0
3111612,1,0,1,0,0,0,122,2,12,0
3112312,0,0,1,1,0,0,122,2,12,0
3113028,0,0,1,1,0,0,122,2,12,0
3114407,0,1,0,1,0,0,122,2,12,0
3116251,1,0,1,0,0,0,122,2,12,0
3116405,1,1,0,0,0,0,122,2,12,0
3117921,1,1,0,0,0,0,122,2,12,0
3118070,1,1,1,1,1,0,122,2,12,0
3118389,0,0,0,0,1,0,122,2,12,0
3118775,0,1,0,1,0,0,122,2,12,0
3119055,0,1,0,1,0,0,122,2,12,0
3119122,0,0,0,0,1,0,122,2,12,0
3119149,1,0,1,0,0,0,122,2,12,0
3121133,0,1,1,0,1,0,122,2,12,0
3121407,0,1,1,0,1,0,122,2,12,0
3121739,0,1,0,1,0,0,122,2,12,0
3122787,0,0,0,0,1,0,122,2,12,0
3123207,0,1,0,1,0,0,122,2,12,0
3123653,1,0,0,1,1,0,122,2,12,0
3123748,1,0,1,1,0,0,122,2,12,0
3123969,0,1,0,1,0,0,122,2,12,0
3124049,1,0,0,1,1,0,122,2,12,0
3124515,0,1,0,1,0,0,122,2,12,0
3124717,0,1,1,0,1,0,122,2,12,0
3125308,0,1,0,1,0,0,122,2,12,0
3126241,0,0,0,0,1,0,122,2,12,0
3126412,1,0,0,1,1,0,122,2,12,0
3126639,0,1,0,1,0,0,122,2,12,0
3126690,0,0,0,0,1,0,122,2,12,0
3127016,1,1,0,0,0,0,122,2,12,0
3127721,1,0,0,1,1,0,122,2,12,0
3130449,1,0,0,1,1,0,122,2,12,0
3130526,1,0,1,0,0,0,122,2,12,0
3131123,0,0,1,1,0,0,122,2,12,0
3131362,0,0,0,0,1,0,122,2,12,0
3131552,1,0,1,0,0,0,122,2,12,0
3131701,0,0,1,1,0,0,122,2,12,0
3133368,1,1,1,1,1,0,122,2,12,0
3133545,0,0,1,1,0,0,122,2,12,0
3133694,0,0,0,0,1,0,122,2,12,0
3133699,0,0,0,0,1,0,122,2,12,0
3134318,0,1,0,1,0,0,122,2,12,0
3134502,1,1,0,0,0,0,122,2,12,0
3135918,0,1,0,1,0,0,122,2,12,0
3136686,0,1,1,0,1,0,122,2,12,0
3136878,0,1,1,0,1,0,122,2,12,0
3136964,0,1,0,0,0,0,122,2,12,0
3137100,1,0,0,1,1,0,122,2,12,0
3137574,1,1,0,0,0,0,122,2,12,0
3139148,0,0,0,0,1,0,122,2,12,0
3139627,1,0,0,1,1,0,122,2,12,0
3140148,0,0,0,0,1,0,122,2,12,0
3140155,1,0,0,1,1,0,122,2,12,0
3140394,1,0,1,0,0,0,122,2,12,0
3141073,0,0,1,1,0,0,122,2,12,0
3141180,0,0,0,0,1,0,122,2,12,0
3141695,1,0,1,0,0,0,122,2,12,0
3143073,0,0,1,1,0,0,122,2,12,0
3144064,0,1,1,0,1,0,122,2,12,0
3144253,1,0,0,1,1,0,122,2,12,0
3144445,0,1,0,1,0,0,122,2,12,0
3144605,0,1,1,0,1,0,122,2,12,0
3145625,0,0,0,0,1,0,122,2,12,0
3145857,1,1,1,1,1,0,148,2,12,0
3146034,0,0,1,1,0,0,148,2,12,0
3146414,0,0,0,0,1,0,148,2,12,0
3146861,0,1,1,0,1,0,148,2,12,0
3147504,0,1,1,0,1,0,148,2,12,0
3147755,0,0,1,1,0,0,148,2,12,0
3148581,1,0,1,0,0,0,148,2,12,0
3148851,0,0,0,0,1,0,148,2,12,0
3149279,0,0,0,0,1,0,148,2,12,0
3149392,0,0,0,0,1,0,148,2,12,0
3149544,1,0,1,0,0,0,148,2,12,0
3149596,0,0,1,1,0,0,148,2,12,0
3149658,0,1,1,0,1,0,148,2,12,0
3150140,0,1,1,0,1,0,148,2,12,0
3150880,1,0,1,0,0,0,148,2,12,0
3151266,0,1,1,0,1,0,148,2,12,0
3151576,1,0,1,0,0,0,148,2,12,0
3151592,1,0,0,1,1,0,148,2,12,0
3151941,1,0,0,1,1,0,148,2,12,0
3152693,0,1,0,1,0,0,148,2,12,0
3152818,0,0,1,1,0,0,148,2,12,0
3153284,0,1,1,0,1,0,148,2,12,0
3153702,1,1,0,0,0,0,148,2,12,0
3154169,0,0,1,1,0,0,148,2,12,0
3154886,0,0,0,0,1,0,148,2,12,0
3154957,1,1,0,0,0,0,148,2,12,0
3154986,0,1,1,0,1,0,148,2,12,0
3155207,1,1,1,1,1,0,148,2,12,0
3157038,0,1,1,0,1,0,148,2,12,0
3157476,1,0,1,0,0,0,148,2,12,0
3157479,1,0,0,1,1,0,148,2,12,0
3158310,0,1,1,0,1,0,148,2,12,0
3158896,1,1,0,0,0,0,148,2,12,0
3160416,0,1,1,0,1,0,148,2,12,0
3160968,0,0,1,1,0,0,148,2,12,0
3161299,1,0,1,0,0,0,148,2,12,0
3161650,0,1,1,1,1,1,148,2,12,0
3161931,1,1,0,0,0,0,148,2,12,0
3162168,1,0,0,1,1,0,148,2,12,0
3162255,1,0,0,1,1,0,148,2,12,0
3163065,0,0,0,0,1,0,148,2,12,0
3163615,0,1,0,1,0,0,148,2,12,0
3163663,1,1,0,0,0,0,148,2,12,0
3163665,0,1,1,0,1,0,148,2,12,0
3164009,1,0,1,0,0,0,148,2,12,0
3164545,0,0,1,1,0,0,148,2,12,0
3165087,0,1,1,0,1,0,148,2,12,0
3165336,0,0,1,0,0,0,148,2,12,0
3165370,1,0,1,0,0,0,148,2,12,0
3166625,1,0,0,1,1,0,148,2,12,0
3167489,1,1,0,0,0,0,148,2,12,0
3167503,0,1,0,1,0,0,148,2,12,0
3168291,1,0,0,1,1,0,148,2,12,0
3169974,1,0,1,0,0,0,148,2,12,0
3171333,1,1,0,0,0,0,148,2,12,0
3171553,0,1,0,1,0,0,148,2,12,0
3171572,1,0,0,1,1,0,148,2,12,0
3173161,0,1,1,0,1,0,148,2,12,0
3174022,1,1,0,0,0,0,148,2,12,0
3174557,1,0,0,1,1,0,148,2,12,0
3174827,1,0,1,0,0,0,148,2,12,0
3176184,0,1,1,0,1,0,148,2,12,0
3176522,0,1,1,0,1,0,148,2,12,0
3176762,0,1,0,0,0,0,148,2,12,0
3177210,1,0,0,1,1,0,148,2,12,0
3177628,1,0,1,0,0,0,148,2,12,0
3178941,1,1,0,1,0,0,148,2,12,0
3179665,0,0,0,0,1,0,148,2,12,0
3180046,0,1,0,1,0,0,148,2,12,0
3180240,0,1,1,0,1,0,148,2,12,0
3180416,1,0,1,0,0,0,148,2,12,0
3180953,1,0,0,1,1,0,148,2,12,0
3181238,0,1,0,1,0,0,148,2,12,0
3181682,0,0,0,0,1,0,148,2,12,0
3182250,0,0,0,0,1,0,148,2,12,0
3182559,0,1,1,0,1,0,148,2,12,0
3184183,0,0,1,1,0,0,148,2,12,0
3184244,1,1,0,0,0,0,148,2,12,0
3185232,1,0,1,0,0,0,148,2,12,0
3186218,0,1,1,0,1,0,148,2,12,0
3186627,1,0,1,0,0,0,148,2,12,0
3186897,0,1,1,0,1,0,148,2,12,0
3187743,0,1,0,1,0,0,148,2,12,0
3188691,0,1,0,1,0,0,148,2,12,0
3188870,0,0,1,1,0,0,148,2,12,0
3188871,0,1,0,1,0,0,148,2,12,0
3188977,1,1,0,0,0,0,148,2,12,0
3189639,0,1,0,1,0,0,148,2,12,0
3190321,1,1,1,1,1,0,148,2,12,0
3191058,1,1,1,1,1,0,148,2,12,0
3191164,0,1,0,1,0,0,148,2,12,0
3191671,1,1,1,1,1,0,148,2,12,0
3192728,0,0,1,1,0,0,148,2,12,0
3193063,0,0,1,1,0,0,148,2,12,0
3193070,0,1,1,0,1,0,148,2,12,0
3193530,0,0,1,1,0,0,148,2,12,0
3194054,1,1,1,1,1,0,148,2,12,0
3194237,0,1,1,0,1,0,148,2,12,0
3194244,0,1,0,1,0,0,148,2,12,0
3194508,1,0,0,1,1,0,148,2,12,0
3194667,1,1,0,0,0,0,148,2,12,0
3194790,1,0,0,1,1,0,148,2,12,0
3195390,1,1,0,0,0,0,148,2,12,0
3196200,0,0,0,0,1,0,148,2,12,0
3196621,1,0,0,1,1,0,148,2,12,0
3197051,0,0,1,1,0,0,148,2,12,0
3197176,0,0,0,0,1,0,148,2,12,0
3197427,0,0,0,0,1,0,148,2,12,0
3197945,0,1,0,0,0,0,148,2,12,0
3198517,0,0,0,0,1,0,148,2,12,0
3199182,1,1,1,1,1,0,148,2,12,0
3200387,1,0,0,1,1,0,148,2,12,0
3200472,0,0,0,0,1,0,148,2,12,0
3200501,1,0,0,1,1,0,148,2,12,0
3200948,1,1,1,1,1,0,148,2,12,0
3201066,1,1,1,1,1,0,148,2,12,0
3201640,1,0,1,0,0,0,148,2,12,0
3201684,0,0,0,0,1,0,148,2,12,0
3202343,0,0,0,0,1,0,148,2,12,0
3202574,0,1,0,1,0,0,148,2,12,0
3202734,0,1,0,1,0,0,148,2,12,0
3202763,0,1,1,0,1,0,148,2,12,0
3204595,1,0,1,0,0,0,148,2,12,0
3204608,1,0,0,1,1,0,148,2,12,0
3205171,0,1,1,0,1,0,148,2,12,0
3205554,1,0,1,0,0,0,148,2,12,0
3206205,1,1,0,0,0,0,148,2,12,0
3206331,1,1,1,1,1,0,148,2,12,0
3206528,1,0,1,0,0,0,148,2,12,0
3207051,0,1,0,1,0,0,148,2,12,0
3207362,1,0,0,0,1,1,148,2,12,0
3207572,1,1,1,1,1,0,148,2,12,0
3207628,1,0,0,1,1,0,148,2,12,0
3207946,1,1,0,0,0,0,148,2,12,0
3208039,0,0,0,0,1,0,148,2,12,0
3208295,1,1,0,0,0,0,148,2,12,0
3210756,1,1,0,0,0,0,148,2,12,0
3210848,1,1,1,1,1,0,148,2,12,0
3211150,1,1,0,0,0,0,148,2,12,0
3211965,0,0,1,1,0,0,130,2,12,0
3213216,0,0,0,0,1,0,130,2,12,0
3213244,0,0,1,1,0,0,130,2,12,0
3213328,1,1,1,1,1,0,130,2,12,0
3214776,0,1,1,0,1,0,130,2,12,0
3215666,0,1,1,1,1,1,130,2,12,0
3216124,1,0,1,0,0,0,130,2,12,0
3216698,0,1,1,0,1,0,130,2,12,0
3216744,0,0,1,1,0,0,130,2,12,0
3217214,1,1,1,1,1,0,130,2,12,0
3217559,0,1,1,0,1,0,130,2,12,0
3217678,0,0,0,0,1,0,130,2,12,0
3218969,1,1,0,0,0,0,130,2,12,0
3219026,1,1,0,0,0,0,130,2,12,0
3219438,0,0,0,0,1,0,130,2,12,0
3221037,0,0,1,1,0,0,130,2,12,0
3221353,1,1,1,1,1,0,130,2,12,0
3222214,0,1,0,1,0,0,130,2,12,0
3222259,1,1,0,0,0,0,130,2,12,0
3223633,1,1,1,0,1,1,130,2,12,0
3223908,1,1,0,0,0,0,130,2,12,0
3225053,1,0,0,1,1,0,130,2,12,0
3226148,0,0,0,0,1,0,130,2,12,0
3227371,0,0,1,1,0,0,130,2,12,0
3228063,0,1,0,1,0,0,130,2,12,0
3229050,0,1,1,0,1,0,130,2,12,0
3229117,0,1,1,0,1,0,130,2,12,0
3229548,0,0,0,0,1,0,130,2,12,0
3230382,1,0,0,1,1,0,130,2,12,0
3230437,0,1,1,0,1,0,130,2,12,0
3232845,1,1,0,0,0,0,130,2,12,0
3233186,0,0,0,0,1,0,130,2,12,0
3234163,1,1,0,0,0,0,130,2,12,0
3234509,1,1,0,0,0,0,130,2,12,0
3235019,1,0,1,0,0,0,130,2,12,0
3236208,1,1,0,0,0,0,130,2,12,0
3236332,1,1,1,1,1,0,130,2,12,0
3236355,1,0,0,1,1,0,130,2,12,0
3236530,1,1,0,0,0,0,130,2,12,0
3236688,0,0,0,0,1,0,130,2,12,0
3236776,0,0,0,0,1,0,130,2,12,0
3236995,1,0,0,1,1,0,130,2,12,0
3237179,1,1,0,0,0,0,130,2,12,0
3237700,1,1,1,1,1,0,130,2,12,0
3238446,1,1,1,1,1,0,130,2,12,0
3238502,1,0,0,0,1,1,130,2,12,0
3238677,0,1,0,1,0,0,130,2,12,0
3238678,0,0,1,1,0,0,130,2,12,0
3238702,0,0,1,1,0,0,130,2,12,0
3238869,0,1,0,1,0,0,130,2,12,0
3240952,1,0,0,1,1,0,130,2,12,0
3241233,0,0,0,0,1,0,130,2,12,0
3241483,0,0,1,1,0,0,130,2,12,0
3241735,0,0,1,1,0,0,130,2,12,0
3242115,1,0,1,0,0,0,130,2,12,0
3242184,1,0,0,1,1,0,130,2,12,0
3242198,0,1,0,1,0,0,130,2,12,0
3242322,0,1,1,0,1,0,130,2,12,0
3242494,1,1,0,0,0,0,130,2,12,0
3242520,0,1,0,0,0,0,130,2,12,0
3242634,0,1,0,1,0,0,130,2,12,0
3242945,0,1,1,0,1,0,130,2,12,0
3242995,1,1,1,0,1,1,130,2,12,0
3243123,0,0,1,1,0,0,130,2,12,0
3245627,0,0,0,1,1,1,130,2,12,0
3246343,0,1,1,0,1,0,130,2,12,0
3247247,0,0,1,1,0,0,130,2,12,0
3247581,0,1,1,0,1,0,130,2,12,0
3248314,0,1,1,0,1,0,130,2,12,0
3248718,0,1,1,0,1,0,130,2,12,0
3248850,1,1,0,0,0,0,130,2,12,0
3248951,1,0,1,0,0,0,130,2,12,0
3249207,0,0,1,1,0,0,130,2,12,0
3249549,0,0,1,1,0,0,130,2,12,0
3251078,0,0,1,1,0,0,130,2,12,0
3251491,1,0,0,1,1,0,130,2,12,0
3251669,0,0,1,1,0,0,130,2,12,0
3252266,0,1,0,1,0,0,130,2,12,0
3253103,1,1,0,0,0,0,130,2,12,0
3254238,1,0,0,1,1,0,130,2,12,0
3254534,0,1,0,1,0,0,130,2,12,0
3255349,0,1,0,1,0,0,130,2,12,0
3256680,1,1,1,1,1,0,130,2,12,0
3257330,1,1,1,1,1,0,130,2,12,0
3257356,0,1,1,0,1,0,130,2,12,0
3257598,1,0,1,0,0,0,130,2,12,0
3258069,1,1,0,0,0,0,130,2,12,0
3258625,0,0,1,1,0,0,130,2,12,0
3258892,0,1,1,0,1,0,130,2,12,0
3260810,1,0,1,0,0,0,130,2,12,0
3260885,1,0,1,0,0,0,130,2,12,0
3260962,0,1,0,1,0,0,130,2,12,0
3263133,1,1,0,0,0,0,130,2,12,0
3264054,0,1,1,0,1,0,130,2,12,0
3264305,0,1,1,0,1,0,130,2,12,0
3266069,0,1,0,1,0,0,130,2,12,0
3266365,1,1,0,0,0,0,130,2,12,0
3266515,0,0,0,0,1,0,130,2,12,0
3266840,0,1,0,1,0,0,130,2,12,0
3266927,1,0,1,0,0,0,130,2,12,0
3267282,1,1,0,0,0,0,130,2,12,0
3267386,0,0,0,0,1,0,130,2,12,0
3267876,1,1,1,1,1,0,130,2,12,0
3270171,0,0,0,0,1,0,130,2,12,0
3270433,0,1,1,0,1,0,130,2,12,0
3270629,0,1,1,0,1,0,130,2,12,0
3270784,1,1,0,0,0,0,130,2,12,0
3271866,1,1,0,0,0,0,130,2,12,0
3272980,0,0,1,1,0,0,130,2,12,0
3273159,0,0,1,1,0,0,130,2,12,0
3273621,0,1,1,0,1,0,130,2,12,0
3274524,0,1,0,1,0,0,130,2,12,0
3275360,0,0,1,1,0,0,130,2,12,0
3275862,0,0,0,0,1,0,130,2,12,0
3277225,1,0,1,0,0,0,141,2,12,1
3278166,1,0,0,1,1,0,141,2,12,1
3278268,0,0,1,1,0,0,141,2,12,1
3278973,0,1,1,0,1,0,141,2,12,1
3279936,1,1,0,0,0,0,141,2,12,1
3280783,0,0,1,1,0,0,141,2,12,1
3281671,1,1,0,0,0,0,141,2,12,1
3281709,1,0,1,0,0,0,141,2,12,1
3283885,1,1,1,1,1,0,141,2,12,1
3285545,0,0,1,1,0,0,141,2,12,1
3286331,1,1,0,0,0,0,141,2,12,1
3287522,0,0,1,1,0,0,141,2,12,1
3291195,1,0,1,0,0,0,141,2,12,1
3293120,1,0,0,1,1,0,141,2,12,1
3293315,1,1,1,1,1,0,141,2,12,1
3293466,0,0,0,0,1,0,141,2,12,1
3295167,1,1,0,0,0,0,141,2,12,1
3297158,1,0,0,1,1,0,141,2,12,1
3297180,1,1,0,0,0,0,141,2,12,1
3297583,1,0,1,0,0,0,141,2,12,1
3298445,1,0,1,0,0,0,141,2,12,1
3298709,1,1,1,1,1,0,141,2,12,1
3299821,1,1,1,1,1,0,141,2,12,1
3301233,0,0,0,0,1,0,141,2,12,1
3301612,0,0,0,0,1,0,141,2,12,1
3302343,1,1,0,0,0,0,141,2,12,1
3302535,1,0,0,1,1,0,141,2,12,1
3302787,0,1,0,1,0,0,141,2,12,1
3303654,1,1,1,1,1,0,141,2,12,1
3305068,0,0,0,0,1,0,141,2,12,1
3305500,0,1,1,0,1,0,141,2,12,1
3306052,1,1,1,1,1,0,141,2,12,1
3306117,1,0,0,1,1,0,141,2,12,1
3306398,1,0,1,0,0,0,141,2,12,1
3306562,0,1,0,1,0,0,141,2,12,1
3306672,0,0,0,0,1,0,141,2,12,1
3309033,1,1,1,1,1,0,141,2,12,1
3309363,0,1,0,1,0,0,141,2,12,1
3309862,0,1,1,0,1,0,141,2,12,1
3310207,1,0,1,0,0,0,141,2,12,1
3310305,1,0,1,0,0,0,141,2,12,1
3310525,1,0,0,1,1,0,141,2,12,1
3310993,1,1,0,1,0,0,141,2,12,1
3311292,0,0,1,1,0,0,141,2,12,1
3313477,1,1,1,1,1,0,141,2,12,1
3314092,0,1,0,1,0,0,141,2,12,1
3314123,1,0,0,1,1,0,141,2,12,1
3318819,1,0,0,1,1,0,141,2,12,1
3319716,0,1,0,1,0,0,141,2,12,1
3319864,0,0,1,1,0,0,141,2,12,1
3320023,1,1,0,0,0,0,141,2,12,1
3320160,0,0,0,0,1,0,141,2,12,1
3320697,1,1,1,1,1,0,141,2,12,1
3320740,0,1,1,0,1,0,141,2,12,1
3323026,1,0,0,1,1,0,141,2,12,1
3323442,1,0,1,0,0,0,141,2,12,1
3323710,1,0,1,0,0,0,141,2,12,1
3323821,1,0,1,0,0,0,141,2,12,1
3324755,1,1,1,1,1,0,141,2,12,1
3325479,1,0,0,1,1,0,141,2,12,1
3326240,1,0,1,0,0,0,141,2,12,1
3326457,1,1,0,0,0,0,141,2,12,1
3326972,1,1,1,1,1,0,141,2,12,1
3327990,1,0,0,1,1,0,141,2,12,1
3328306,1,1,0,0,0,0,141,2,12,1
3328569,0,0,0,0,1,0,141,2,12,1
3328773,0,1,0,1,0,0,141,2,12,1
3329671,0,0,0,0,1,0,141,2,12,1
3331059,0,1,1,0,1,0,141,2,12,1
3331320,0,1,0,1,0,0,141,2,12,1
3332139,0,1,0,1,0,0,141,2,12,1
3334749,1,0,1,0,0,0,141,2,12,1
3335350,0,1,1,0,1,0,141,2,12,1
3337220,0,0,0,0,1,0,141,2,12,1
3337362,0,1,0,1,0,0,141,2,12,1
3337547,1,1,0,0,0,0,141,2,12,1
3338460,0,0,0,0,1,0,141,2,12,1
3340278,0,1,1,0,1,0,141,2,12,1
3340776,0,0,0,0,1,0,141,2,12,1
3341191,0,1,1,0,1,0,141,2,12,1
3341226,1,0,1,0,0,0,141,2,12,1
3341473,1,0,1,0,0,0,141,2,12,1
3341705,0,0,1,1,0,0,141,2,12,1
3341896,0,0,1,1,0,0,141,2,12,1
3343864,1,0,1,0,0,0,112,2,12,1
3345519,1,1,1,1,1,0,112,2,12,1
3345568,1,0,1,0,0,0,112,2,12,1
3345588,1,0,0,1,1,0,112,2,12,1
3346128,1,0,0,1,1,0,112,2,12,1
3347031,1,1,1,1,1,0,112,2,12,1
3347487,0,1,1,0,1,0,112,2,12,1
3347757,1,0,1,0,0,0,112,2,12,1
3348099,0,1,0,1,0,0,112,2,12,1
3348554,1,0,1,0,0,0,112,2,12,1
3348885,0,0,1,1,0,0,112,2,12,1
3350117,1,0,1,0,0,0,112,2,12,1
3350718,1,0,0,1,1,0,112,2,12,1
3353166,0,0,1,1,0,0,112,2,12,1
3354201,1,1,0,0,0,0,112,2,12,1
3357614,1,1,1,1,1,0,112,2,12,1
3358658,0,0,1,1,0,0,112,2,12,1
3358792,1,1,0,0,0,0,112,2,12,1
3359025,1,0,1,0,0,0,112,2,12,1
3360207,0,0,1,1,0,0,112,2,12,1
3360352,1,0,0,1,1,0,112,2,12,1
3360575,0,0,1,1,0,0,112,2,12,1
3360606,0,0,1,1,0,0,112,2,12,1
3362477,0,0,0,1,1,1,112,2,12,1
3363047,1,0,1,0,0,0,112,2,12,1
3368213,1,1,0,0,0,0,112,2,12,1
3369300,0,0,0,0,1,0,112,2,12,1
3369709,1,0,0,1,1,0,112,2,12,1
3370390,0,0,0,0,1,0,112,2,12,1
3371595,0,1,1,0,1,0,112,2,12,1
3372367,0,1,1,0,1,0,112,2,12,1
3377721,1,0,1,0,0,0,112,2,12,1
3379416,1,1,0,1,0,0,112,2,12,1
3379888,0,1,0,1,0,0,112,2,12,1
3380092,1,1,0,0,0,0,112,2,12,1
3380482,0,1,1,0,1,0,112,2,12,1
3382153,0,1,1,0,1,0,112,2,12,1
3382689,0,1,0,1,0,0,112,2,12,1
3383252,0,0,0,0,1,0,112,2,12,1
3384806,0,1,1,1,1,1,112,2,12,1
3386731,1,1,0,0,0,0,112,2,12,1
3386760,0,0,0,1,1,1,112,2,12,1
3386802,1,0,1,0,0,0,112,2,12,1
3389703,1,0,0,1,1,0,112,2,12,1
3389884,1,0,1,0,0,0,112,2,12,1
3390033,1,0,0,1,1,0,112,2,12,1
3391388,1,1,0,0,0,0,112,2,12,1
3391928,1,1,1,1,1,0,112,2,12,1
3392633,0,1,1,0,1,0,112,2,12,1
3392962,1,1,1,0,1,1,112,2,12,1
3396089,0,0,1,1,0,0,112,2,12,1
3398626,0,1,0,1,0,0,112,2,12,1
3398783,0,0,0,0,1,0,112,2,12,1
3399435,1,0,0,1,1,0,112,2,12,1
3399825,1,1,0,0,0,0,112,2,12,1
3400418,1,0,0,1,1,0,112,2,12,1
3402594,1,1,1,1,1,0,112,2,12,1
3406141,0,0,1,1,0,0,112,2,12,1
3406377,0,0,0,0,1,0,112,2,12,1
3408591,0,0,0,0,1,0,120,2,12,1
3409531,0,0,1,1,0,0,120,2,12,1
3409985,1,0,0,1,1,0,120,2,12,1
3413095,0,1,1,0,1,0,120,2,12,1
3413518,0,1,1,1,1,1,120,2,12,1
3414815,1,1,1,1,1,0,120,2,12,1
3414940,0,0,0,0,1,0,120,2,12,1
3416086,0,1,1,0,1,0,120,2,12,1
3416744,0,0,1,1,0,0,120,2,12,1
3417354,1,0,1,0,0,0,120,2,12,1
3417361,1,0,0,1,1,0,120,2,12,1
3419682,1,0,1,0,0,0,120,2,12,1
3420324,0,1,1,0,1,0,120,2,12,1
3421392,1,1,1,1,1,0,120,2,12,1
3421983,0,1,1,0,1,0,120,2,12,1
3423390,1,1,0,0,0,0,120,2,12,1
3423742,1,1,0,0,0,0,120,2,12,1
3423746,1,0,0,1,1,0,120,2,12,1
3424479,0,0,0,0,1,0,120,2,12,1
3424596,1,1,0,0,0,0,120,2,12,1
3427151,0,0,0,0,1,0,120,2,12,1
3427928,0,0,0,0,1,0,120,2,12,1
3428373,1,0,0,1,1,0,120,2,12,1
3429035,0,1,1,0,1,0,120,2,12,1
3429954,1,0,0,1,1,0,120,2,12,1
3431262,1,1,0,0,0,0,120,2,12,1
3431609,0,0,0,0,1,0,120,2,12,1
3432108,1,0,0,1,1,0,120,2,12,1
3433033,0,0,1,1,0,0,120,2,12,1
3433124,0,0,0,0,1,0,120,2,12,1
3433186,1,0,1,0,0,0,120,2,12,1
3433620,1,0,0,1,1,0,120,2,12,1
3434382,0,1,0,1,0,0,120,2,12,1
3435370,0,1,0,1,0,0,120,2,12,1
3435643,0,1,1,0,1,0,120,2,12,1
3436499,0,1,0,1,0,0,120,2,12,1
3441413,0,1,1,0,1,0,120,2,12,1
3442241,0,1,1,0,1,0,120,2,12,1
3442588,0,0,1,0,0,0,120,2,12,1
3444175,1,0,1,0,0,0,120,2,12,1
3445372,0,1,1,0,1,0,120,2,12,1
3445735,1,0,0,1,1,0,120,2,12,1
3446024,1,1,1,1,1,0,120,2,12,1
3446796,0,0,0,0,1,0,120,2,12,1
3447029,1,0,0,0,1,1,120,2,12,1
3448158,1,1,1,1,1,0,120,2,12,1
3449872,0,1,0,1,0,0,120,2,12,1
3449954,0,1,0,1,0,0,120,2,12,1
3450675,1,0,0,1,1,0,120,2,12,1
3450846,1,1,1,1,1,0,120,2,12,1
3452508,1,1,0,0,0,0,120,2,12,1
3453298,1,1,1,1,1,0,120,2,12,1
3453651,1,0,1,0,0,0,120,2,12,1
3453690,1,0,0,1,1,0,120,2,12,1
3454941,1,1,1,1,1,0,120,2,12,1
3455018,1,0,1,0,0,0,120,2,12,1
3455534,1,1,1,1,1,0,120,2,12,1
3456213,1,1,0,0,0,0,120,2,12,1
3456844,0,0,0,0,1,0,120,2,12,1
3457076,1,1,1,1,1,0,120,2,12,1
3457830,0,1,0,1,0,0,120,2,12,1
3458452,0,1,0,1,0,0,120,2,12,1
3458624,1,1,1,1,1,0,120,2,12,1
3458923,1,0,1,0,0,0,120,2,12,1
3459274,1,1,1,0,1,1,120,2,12,1
3459613,1,1,0,0,0,0,120,2,12,1
3460131,0,1,1,0,1,0,120,2,12,1
3463213,0,0,1,1,0,0,120,2,12,1
3465301,0,1,1,0,1,0,120,2,12,1
3465397,0,0,0,0,1,0,120,2,12,1
3465497,0,1,0,0,0,0,120,2,12,1
3465900,1,1,1,1,1,0,120,2,12,1
3467420,1,0,1,0,0,0,120,2,12,1
3467702,1,0,0,1,1,0,120,2,12,1
3468436,1,0,1,0,0,0,120,2,12,1
3468447,1,0,1,0,0,0,120,2,12,1
3468506,0,1,0,1,0,0,120,2,12,1
3469483,0,1,0,1,0,0,120,2,12,1
3471415,1,1,1,1,1,0,120,2,12,1
3472710,0,1,0,1,0,0,120,2,12,1
3472713,1,0,0,1,1,0,120,2,12,1
3474269,1,0,1,0,0,0,122,2,12,1
3475272,1,0,1,0,0,0,122,2,12,1
3475660,1,1,1,1,1,0,122,2,12,1
3477442,1,1,1,1,1,0,122,2,12,1
3477829,0,1,1,0,1,0,122,2,12,1
3478967,0,0,0,0,1,0,122,2,12,1
3480182,1,1,1,1,1,0,122,2,12,1
3481186,1,0,0,1,1,0,122,2,12,1
3483331,0,0,1,1,0,0,122,2,12,1
3483635,0,0,1,1,0,0,122,2,12,1
3484998,0,0,0,0,1,0,122,2,12,1
3485671,1,1,1,1,1,0,122,2,12,1
3488244,1,1,0,0,0,0,122,2,12,1
3488624,1,1,0,0,0,0,122,2,12,1
3488819,1,1,1,1,1,0,122,2,12,1
3490219,0,0,1,1,0,0,122,2,12,1
3491000,1,1,0,0,0,0,122,2,12,1
3491322,1,1,0,0,0,0,122,2,12,1
3492024,1,0,0,1,1,0,122,2,12,1
3492822,1,0,1,0,0,0,122,2,12,1
3494089,1,0,0,1,1,0,122,2,12,1
3496999,0,0,0,0,1,0,122,2,12,1
3497606,1,0,0,1,1,0,122,2,12,1
3498064,1,0,1,0,0,0,122,2,12,1
3499112,0,1,1,0,1,0,122,2,12,1
3499371,0,1,0,1,0,0,122,2,12,1
3499770,1,1,0,0,0,0,122,2,12,1
3501699,0,1,1,0,1,0,122,2,12,1
3502546,1,1,0,0,0,0,122,2,12,1
3503382,0,1,0,1,0,0,122,2,12,1
3503690,0,1,0,1,0,0,122,2,12,1
3505016,1,0,1,0,0,0,122,2,12,1
3505399,0,0,0,0,1,0,122,2,12,1
3507122,0,0,0,0,1,0,122,2,12,1
3507668,0,0,1,1,0,0,122,2,12,1
3507825,1,1,1,1,1,0,122,2,12,1
3511219,1,1,1,1,1,0,122,2,12,1
3512411,0,1,1,0,1,0,122,2,12,1
3512698,0,0,0,0,1,0,122,2,12,1
3513280,0,1,1,0,1,0,122,2,12,1
3513727,1,0,1,0,0,0,122,2,12,1
3513983,0,1,0,1,0,0,122,2,12,1
3517401,1,1,0,0,0,0,122,2,12,1
3517611,1,0,0,1,1,0,122,2,12,1
3517701,0,1,1,0,1,0,122,2,12,1
3518125,1,0,0,1,1,0,122,2,12,1
3519033,1,1,0,0,0,0,122,2,12,1
3519293,1,1,1,1,1,0,122,2,12,1
3522017,0,1,1,0,1,0,122,2,12,1
3522641,1,0,1,0,0,0,122,2,12,1
3523619,0,1,0,0,0,0,122,2,12,1
3523798,1,0,0,1,1,0,122,2,12,1
3527106,0,1,0,1,0,0,122,2,12,1
3528557,0,1,0,1,0,0,122,2,12,1
3529653,1,1,1,1,1,0,122,2,12,1
3531430,0,0,1,1,0,0,122,2,12,1
3532961,1,1,0,0,0,0,122,2,12,1
3533757,1,1,1,1,1,0,122,2,12,1
3533926,1,1,1,1,1,0,122,2,12,1
3534277,0,0,0,0,1,0,122,2,12,1
3534399,0,0,1,1,0,0,122,2,12,1
3534697,1,0,0,1,1,0,122,2,12,1
3535312,0,0,1,1,0,0,122,2,12,1
3535541,1,0,0,0,1,1,122,2,12,1
3537112,1,1,1,0,1,1,122,2,12,1
3539688,1,0,0,1,1,0,111,2,12,0
3540745,0,1,1,0,1,0,111,2,12,0
3541550,1,0,1,0,0,0,111,2,12,0
3543389,0,0,0,0,1,0,111,2,12,0
3543520,0,1,1,0,1,0,111,2,12,0
3543989,1,1,0,0,0,0,111,2,12,0
3544091,0,0,0,0,1,0,111,2,12,0
3544355,1,0,1,0,0,0,111,2,12,0
3544531,0,0,1,1,0,0,111,2,12,0
3545123,0,1,0,1,0,0,111,2,12,0
3547384,1,1,1,0,1,1,111,2,12,0
3547709,0,1,0,1,0,0,111,2,12,0
3547799,0,0,0,0,1,0,111,2,12,0
3548135,0,0,1,1,0,0,111,2,12,0
3548301,0,0,0,0,1,0,111,2,12,0
3549666,1,1,0,0,0,0,111,2,12,0
3549849,1,0,1,0,0,0,111,2,12,0
3550677,1,1,1,1,1,0,111,2,12,0
3552388,0,0,1,1,0,0,111,2,12,0
3553891,0,1,0,1,0,0,111,2,12,0
3554352,1,0,1,0,0,0,111,2,12,0
3554393,1,0,0,1,1,0,111,2,12,0
3554489,1,1,0,0,0,0,111,2,12,0
3555248,0,1,0,1,0,0,111,2,12,0
3555325,0,1,0,1,0,0,111,2,12,0
3555741,1,0,0,1,1,0,111,2,12,0
3555861,0,0,0,0,1,0,111,2,12,0
3556388,1,1,0,1,0,0,111,2,12,0
3556898,0,0,0,1,1,1,111,2,12,0
3557548,0,1,0,1,0,0,111,2,12,0
3557820,1,1,1,1,1,0,111,2,12,0
3558478,1,1,0,0,0,0,111,2,12,0
3559133,1,0,0,1,1,0,111,2,12,0
3559666,1,1,0,0,0,0,111,2,12,0
3559722,0,1,0,1,0,0,111,2,12,0
3559775,1,1,0,0,0,0,111,2,12,0
3560397,1,0,0,1,1,0,111,2,12,0
3562468,1,0,1,0,0,0,111,2,12,0
3563173,1,0,0,1,1,0,111,2,12,0
3563692,0,1,1,0,1,0,111,2,12,0
3567220,1,0,0,1,1,0,111,2,12,0
3568027,0,1,0,1,0,0,111,2,12,0
3569119,0,0,1,1,0,0,111,2,12,0
3569176,1,1,0,0,0,0,111,2,12,0
3569358,1,1,0,0,0,0,111,2,12,0
3571069,1,0,1,0,0,0,111,2,12,0
3571281,1,0,0,1,1,0,111,2,12,0
3572314,0,0,0,0,1,0,111,2,12,0
3573865,0,1,1,0,1,0,111,2,12,0
3574279,0,1,1,0,1,0,111,2,12,0
3575589,0,0,0,0,1,0,111,2,12,0
3575822,0,1,0,1,0,0,111,2,12,0
3575884,0,1,0,1,0,0,111,2,12,0
3576823,1,0,0,1,1,0,111,2,12,0
3577207,0,1,0,1,0,0,111,2,12,0
3577479,0,0,0,0,1,0,111,2,12,0
3577926,0,1,1,0,1,0,111,2,12,0
3579145,1,0,0,1,1,0,111,2,12,0
3579714,0,0,0,0,1,0,111,2,12,0
3580192,1,1,1,1,1,0,111,2,12,0
3583034,1,1,0,0,0,0,111,2,12,0
3583462,0,1,0,1,0,0,111,2,12,0
3583487,1,0,0,1,1,0,111,2,12,0
3584996,0,0,0,0,1,0,111,2,12,0
3585318,1,1,1,1,1,0,111,2,12,0
3585916,0,0,1,1,0,0,111,2,12,0
3586942,0,0,1,1,0,0,111,2,12,0
3587187,0,1,1,0,1,0,111,2,12,0
3588082,1,0,1,0,0,0,111,2,12,0
3588677,1,0,0,1,1,0,111,2,12,0
3588706,1,1,0,0,0,0,111,2,12,0
3589051,0,0,1,1,0,0,111,2,12,0
3589102,1,1,1,1,1,0,111,2,12,0
3589733,1,1,0,0,0,0,111,2,12,0
3590603,0,1,0,1,0,0,111,2,12,0
3590806,1,1,1,1,1,0,111,2,12,0
3591238,1,0,0,1,1,0,111,2,12,0
3591690,1,0,1,0,0,0,111,2,12,0
3592400,1,1,1,1,1,0,111,2,12,0
3592842,0,1,1,0,1,0,111,2,12,0
3593660,1,1,0,0,0,0,111,2,12,0
3594172,0,1,1,0,1,0,111,2,12,0
3594448,1,1,1,1,1,0,111,2,12,0
3594536,0,0,1,1,0,0,111,2,12,0
3594652,1,0,0,1,1,0,111,2,12,0
3595041,0,0,0,0,1,0,111,2,12,0
3595322,1,1,1,1,1,0,111,2,12,0
3597152,0,0,1,1,0,0,111,2,12,0
3597752,1,1,0,0,0,0,111,2,12,0
3598222,0,0,1,1,0,0,111,2,12,0
3599062,1,1,0,0,0,0,111,2,12,0
3599821,0,0,0,0,1,0,111,2,12,0
3600303,1,0,1,0,0,0,111,2,12,0
3600323,0,0,1,1,0,0,111,2,12,0
3600789,0,1,1,0,1,0,111,2,12,0
3602869,1,0,0,1,1,0,111,2,12,0
3604094,0,0,1,1,0,0,111,2,12,0
3604356,1,1,0,0,0,0,111,2,12,0
3605562,1,0,1,0,0,0,134,2,12,0
3605709,1,1,1,1,1,0,134,2,12,0
3605812,1,1,1,1,1,0,134,2,12,0
3607103,0,1,0,1,0,0,134,2,12,0
3607453,1,0,0,1,1,0,134,2,12,0
3608420,1,0,1,0,0,0,134,2,12,0
3608866,0,0,0,0,1,0,134,2,12,0
3608962,1,0,1,0,0,0,134,2,12,0
3610864,0,1,0,1,0,0,134,2,12,0
3610965,1,1,1,1,1,0,134,2,12,0
3611463,1,1,1,1,1,0,134,2,12,0
3612314,1,0,1,0,0,0,134,2,12,0
3612379,0,0,0,0,1,0,134,2,12,0
3612819,0,0,1,1,0,0,134,2,12,0
3615192,0,1,0,1,0,0,134,2,12,0
3615780,0,0,0,0,1,0,134,2,12,0
3616917,0,0,0,0,1,0,134,2,12,0
3617345,1,0,1,0,0,0,134,2,12,0
3618457,0,1,1,0,1,0,134,2,12,0
3618926,1,0,0,1,1,0,134,2,12,0
3618996,0,1,0,1,0,0,134,2,12,0
3619659,1,1,0,0,0,0,134,2,12,0
3619716,1,0,1,0,0,0,134,2,12,0
3620118,0,1,0,1,0,0,134,2,12,0
3620404,0,1,0,1,0,0,134,2,12,0
3620498,0,0,1,1,0,0,134,2,12,0
3621785,0,0,0,0,1,0,134,2,12,0
3622130,0,1,1,0,1,0,134,2,12,0
3622870,0,1,0,1,0,0,134,2,12,0
3623601,1,1,0,0,0,0,134,2,12,0
3623700,1,0,0,1,1,0,134,2,12,0
3623987,1,1,1,1,1,0,134,2,12,0
3624139,1,1,0,0,0,0,134,2,12,0
3625227,1,1,0,0,0,0,134,2,12,0
3625232,1,1,0,0,0,0,134,2,12,0
3626268,1,1,1,1,1,0,134,2,12,0
3627741,0,0,1,1,0,0,134,2,12,0
3627798,0,1,0,1,0,0,134,2,12,0
3628358,1,1,0,0,0,0,134,2,12,0
3628601,1,0,0,1,1,0,134,2,12,0
3628649,1,0,0,1,1,0,134,2,12,0
3628920,1,1,0,0,0,0,134,2,12,0
3629185,1,0,0,1,1,0,134,2,12,0
3629632,0,1,0,1,0,0,134,2,12,0
3630053,1,0,0,0,1,1,134,2,12,0
3631675,0,1,0,1,0,0,134,2,12,0
3631720,1,0,0,1,1,0,134,2,12,0
3632232,1,1,0,0,0,0,134,2,12,0
3632911,1,1,0,0,0,0,134,2,12,0
3633625,0,1,1,0,1,0,134,2,12,0
3635398,1,0,0,1,1,0,134,2,12,0
3636110,0,1,0,1,0,0,134,2,12,0
3636131,0,1,1,0,1,0,134,2,12,0
3637689,0,1,0,0,0,0,134,2,12,0
3638407,1,1,0,0,0,0,134,2,12,0
3638620,0,0,1,1,0,0,134,2,12,0
3638756,0,1,0,1,0,0,134,2,12,0
3639102,0,0,0,0,1,0,134,2,12,0
3639917,1,1,1,1,1,0,134,2,12,0
3640127,1,0,1,0,0,0,134,2,12,0
3641011,1,1,0,0,0,0,134,2,12,0
3641220,0,0,0,0,1,0,134,2,12,0
3641331,1,0,0,1,1,0,134,2,12,0
3641770,0,0,1,1,0,0,134,2,12,0
3641890,1,0,0,1,1,0,134,2,12,0
3642051,0,1,1,0,1,0,134,2,12,0
3642361,1,0,1,0,0,0,134,2,12,0
3642514,1,0,0,1,1,0,134,2,12,0
3644333,1,0,0,1,1,0,134,2,12,0
3644595,0,1,1,0,1,0,134,2,12,0
3644874,0,0,1,1,0,0,134,2,12,0
3645201,0,0,0,0,1,0,134,2,12,0
3645391,1,0,0,1,1,0,134,2,12,0
3645799,1,0,1,0,0,0,134,2,12,0
3646347,0,0,0,0,1,0,134,2,12,0
3646882,1,0,0,1,1,0,134,2,12,0
3646920,0,1,1,0,1,0,134,2,12,0
3646943,1,0,0,1,1,0,134,2,12,0
3647217,0,1,1,0,1,0,134,2,12,0
3648632,1,0,1,0,0,0,134,2,12,0
3648851,1,0,1,0,0,0,134,2,12,0
3648957,0,0,0,0,1,0,134,2,12,0
3650306,0,1,1,0,1,0,134,2,12,0
3650545,1,1,0,0,0,0,134,2,12,0
3652263,0,0,0,0,1,0,134,2,12,0
3653541,1,1,1,1,1,0,134,2,12,0
3654463,0,1,0,1,0,0,134,2,12,0
3654583,0,0,0,0,1,0,134,2,12,0
3655287,1,0,0,1,1,0,134,2,12,0
3655588,0,0,0,0,1,0,134,2,12,0
3655932,1,0,1,0,0,0,134,2,12,0
3656775,1,0,1,0,0,0,134,2,12,0
3656838,1,1,1,1,1,0,134,2,12,0
3657452,1,1,1,1,1,0,134,2,12,0
3657969,0,1,0,1,0,0,134,2,12,0
3658256,1,1,0,0,0,0,134,2,12,0
3658544,1,0,1,0,0,0,134,2,12,0
3658932,1,0,1,0,0,0,134,2,12,0
3662058,0,1,1,0,1,0,134,2,12,0
3662550,1,0,1,0,0,0,134,2,12,0
3662612,1,1,0,0,0,0,134,2,12,0
3662616,1,0,0,1,1,0,134,2,12,0
3663392,1,1,0,0,0,0,134,2,12,0
3663819,0,0,1,1,0,0,134,2,12,0
3663910,1,1,0,0,0,0,134,2,12,0
3664927,1,1,1,1,1,0,134,2,12,0
3664985,1,0,1,0,0,0,134,2,12,0
3665346,0,0,1,1,0,0,134,2,12,0
3665446,1,0,0,1,1,0,134,2,12,0
3665735,0,1,1,0,1,0,134,2,12,0
3667577,0,0,0,0,1,0,134,2,12,0
3668741,0,1,0,1,0,0,134,2,12,0
3669344,1,1,1,1,1,0,134,2,12,0
3669362,1,0,0,0,1,1,134,2,12,0
3669909,0,0,0,0,1,0,134,2,12,0
3670312,0,0,0,0,1,0,116,2,12,0
3670621,1,1,0,0,0,0,116,2,12,0
3670643,1,0,1,0,0,0,116,2,12,0
3670909,1,1,0,0,0,0,116,2,12,0
3671626,0,0,0,0,1,0,116,2,12,0
3671840,1,0,0,1,1,0,116,2,12,0
3672798,1,0,0,1,1,0,116,2,12,0
3673115,0,1,0,1,0,0,116,2,12,0
3673471,1,0,0,1,1,0,116,2,12,0
3674577,0,0,0,0,1,0,116,2,12,0
3675400,1,1,1,1,1,0,116,2,12,0
3675401,0,1,1,0,1,0,116,2,12,0
3675469,0,0,1,1,0,0,116,2,12,0
3676227,1,1,0,0,0,0,116,2,12,0
3676587,1,0,1,0,0,0,116,2,12,0
3676833,1,0,1,1,0,0,116,2,12,0
3678293,0,0,0,0,1,0,116,2,12,0
3678673,1,1,1,1,1,0,116,2,12,0
3678900,0,0,1,1,0,0,116,2,12,0
3678999,0,0,1,1,0,0,116,2,12,0
3679050,1,0,0,1,1,0,116,2,12,0
3679071,0,0,0,0,1,0,116,2,12,0
3680344,1,0,0,1,1,0,116,2,12,0
3681374,0,1,0,1,0,0,116,2,12,0
3681656,0,0,0,0,1,0,116,2,12,0
3681808,0,0,0,0,1,0,116,2,12,0
3682218,0,1,0,1,0,0,116,2,12,0
3683364,0,1,1,0,1,0,116,2,12,0
3683463,0,0,1,1,0,0,116,2,12,0
3683508,1,0,0,1,1,0,116,2,12,0
3684179,1,1,1,1,1,0,116,2,12,0
3684329,0,0,0,0,1,0,116,2,12,0
3684459,1,1,1,1,1,0,116,2,12,0
3685262,0,1,0,1,0,0,116,2,12,0
3685343,0,1,1,0,1,0,116,2,12,0
3685487,1,0,0,1,1,0,116,2,12,0
3685490,1,1,0,0,0,0,116,2,12,0
3685613,0,0,0,0,1,0,116,2,12,0
3686134,0,1,1,0,1,0,116,2,12,0
3686159,0,0,1,1,0,0,116,2,12,0
3686363,0,1,0,1,0,0,116,2,12,0
3686861,0,1,1,0,1,0,116,2,12,0
3686910,0,1,0,1,0,0,116,2,12,0
3687596,0,0,1,1,0,0,116,2,12,0
3687756,0,1,1,0,1,0,116,2,12,0
3688228,1,1,0,0,0,0,116,2,12,0
3690650,1,1,0,0,0,0,116,2,12,0
3690756,0,0,1,1,0,0,116,2,12,0
3690951,1,1,1,1,1,0,116,2,12,0
3691127,0,1,0,1,0,0,116,2,12,0
3691345,0,1,0,1,0,0,116,2,12,0
3691406,0,0,0,0,1,0,116,2,12,0
3691759,1,0,0,0,1,1,116,2,12,0
3692725,1,0,1,0,0,0,116,2,12,0
3693315,1,1,1,1,1,0,116,2,12,0
3694326,1,1,1,1,1,0,116,2,12,0
3694483,0,1,0,1,0,0,116,2,12,0
3695093,1,0,1,0,0,0,116,2,12,0
3695397,1,0,0,1,1,0,116,2,12,0
3695718,0,1,0,1,0,0,116,2,12,0
3695828,0,0,0,0,1,0,116,2,12,0
3696259,0,1,1,0,1,0,116,2,12,0
3696655,1,1,0,0,0,0,116,2,12,0
3696778,0,1,0,1,0,0,116,2,12,0
3697504,1,1,1,1,1,0,116,2,12,0
3698086,0,1,1,0,1,0,116,2,12,0
3698318,0,1,0,1,0,0,116,2,12,0
3699389,1,1,1,1,1,0,116,2,12,0
3701502,1,1,0,0,0,0,116,2,12,0
3703273,0,0,0,0,1,0,116,2,12,0
3703318,1,1,0,0,0,0,116,2,12,0
3703514,1,1,1,1,1,0,116,2,12,0
3703520,0,1,1,0,1,0,116,2,12,0
3704249,1,0,1,0,0,0,116,2,12,0
3704449,0,1,0,1,0,0,116,2,12,0
3704644,0,0,1,1,0,0,116,2,12,0
3706370,1,1,0,0,0,0,116,2,12,0
3708502,0,0,0,0,1,0,116,2,12,0
3708624,0,0,0,0,1,0,116,2,12,0
3709206,1,1,1,1,1,0,116,2,12,0
3709965,0,0,1,1,0,0,116,2,12,0
3710341,0,0,0,0,1,0,116,2,12,0
3711099,1,0,0,1,1,0,116,2,12,0
3711950,0,1,1,0,1,0,116,2,12,0
3712001,1,1,1,1,1,0,116,2,12,0
3712435,0,1,1,0,1,0,116,2,12,0
3712740,1,1,0,0,0,0,116,2,12,0
3713755,0,0,0,0,1,0,116,2,12,0
3714145,1,1,1,1,1,0,116,2,12,0
3714268,0,1,1,0,1,0,116,2,12,0
3714814,1,1,1,1,1,0,116,2,12,0
3716054,0,1,1,0,1,0,116,2,12,0
3717703,0,1,0,1,0,0,116,2,12,0
3718418,1,1,0,0,0,0,116,2,12,0
3719138,0,0,1,1,0,0,116,2,12,0
3719722,1,1,0,0,0,0,116,2,12,0
3720317,0,1,1,0,1,0,116,2,12,0
3720852,1,1,0,0,0,0,116,2,12,0
3721687,1,1,1,1,1,0,116,2,12,0
3721722,1,0,0,1,1,0,116,2,12,0
3724143,1,0,0,1,1,0,116,2,12,0
3724666,0,0,1,1,0,0,116,2,12,0
3725460,1,1,1,1,1,0,116,2,12,0
3725654,0,1,1,0,1,0,116,2,12,0
3725879,0,0,1,1,0,0,116,2,12,0
3726678,0,0,1,1,0,0,116,2,12,0
3727419,0,0,1,1,0,0,116,2,12,0
3728605,1,1,1,1,1,0,116,2,12,0
3728956,0,1,0,1,0,0,116,2,12,0
3729077,0,1,0,1,0,0,116,2,12,0
3730584,0,1,1,0,1,0,116,2,12,0
3731283,1,0,0,1,1,0,116,2,12,0
3732802,1,0,1,0,0,0,116,2,12,0
3733069,1,0,1,0,0,0,116,2,12,0
3733531,1,1,0,0,0,0,116,2,12,0
3734491,0,0,1,1,0,0,116,2,12,0
3734680,0,1,1,0,1,0,116,2,12,0
3734835,1,0,0,1,1,0,116,2,12,0
3735237,1,1,0,1,0,0,116,2,12,0
3735801,1,1,1,1,1,0,121,1,12,0
3736616,1,1,0,0,0,0,121,1,12,0
3737909,1,1,0,0,0,0,121,1,12,0
3738202,1,1,1,1,1,0,121,1,12,0
3738381,1,0,0,1,1,0,121,1,12,0
3738661,0,0,0,0,1,0,121,1,12,0
3739574,0,1,1,0,1,0,121,1,12,0
3740151,0,1,1,0,1,0,121,1,12,0
3740409,1,1,0,0,0,0,121,1,12,0
3740510,0,1,1,0,1,0,121,1,12,0
3740531,1,1,1,1,1,0,121,1,12,0
3741943,1,0,1,0,0,0,121,1,12,0
3742807,1,1,0,0,0,0,121,1,12,0
3743406,1,0,0,1,1,0,121,1,12,0
3743942,1,1,1,1,1,0,121,1,12,0
3744427,1,1,0,0,0,0,121,1,12,0
3744793,1,0,1,1,0,0,121,1,12,0
3747058,1,1,1,1,1,0,121,1,12,0
3747518,1,1,0,0,0,0,121,1,12,0
3748100,0,1,0,1,0,0,121,1,12,0
3748149,1,0,1,0,0,0,121,1,12,0
3748690,0,0,1,1,0,0,121,1,12,0
3748856,0,1,1,0,1,0,121,1,12,0
3749379,0,0,1,1,0,0,121,1,12,0
3749456,1,0,1,0,0,0,121,1,12,0
3750852,1,1,0,0,0,0,121,1,12,0
3751574,0,0,1,1,0,0,121,1,12,0
3751723,1,1,0,0,0,0,121,1,12,0
3752108,1,1,1,0,1,1,121,1,12,0
3755161,1,1,0,0,0,0,121,1,12,0
3755578,1,0,0,1,1,0,121,1,12,0
3756089,1,0,0,1,1,0,121,1,12,0
3756300,1,1,1,1,1,0,121,1,12,0
3757123,0,1,0,1,0,0,121,1,12,0
3757920,0,0,1,1,0,0,121,1,12,0
3757969,1,0,0,1,1,0,121,1,12,0
3758163,0,1,1,0,1,0,121,1,12,0
3758216,1,0,0,1,1,0,121,1,12,0
3758393,1,1,1,1,1,0,121,1,12,0
3758531,0,1,0,1,0,0,121,1,12,0
3758712,1,0,0,1,1,0,121,1,12,0
3758735,0,1,1,0,1,0,121,1,12,0
3759542,1,0,0,1,1,0,121,1,12,0
3760385,1,1,0,0,0,0,121,1,12,0
3761710,1,0,1,0,0,0,121,1,12,0
3762007,1,1,1,1,1,0,121,1,12,0
3762414,1,1,0,1,0,0,121,1,12,0
3762450,1,1,0,0,0,0,121,1,12,0
3762840,1,1,1,1,1,0,121,1,12,0
3763017,1,1,1,1,1,0,121,1,12,0
3763025,0,1,1,0,1,0,121,1,12,0
3763246,0,0,0,0,1,0,121,1,12,0
3763711,1,0,0,1,1,0,121,1,12,0
3763842,0,1,1,0,1,0,121,1,12,0
3763894,1,0,1,0,0,0,121,1,12,0
3764120,1,1,0,0,0,0,121,1,12,0
3766711,1,1,1,1,1,0,121,1,12,0
3767049,1,0,0,1,1,0,121,1,12,0
3767842,0,1,0,1,0,0,121,1,12,0
3768285,0,0,1,1,0,0,121,1,12,0
3769162,0,0,0,0,1,0,121,1,12,0
3769837,0,1,1,0,1,0,121,1,12,0
3770056,1,1,0,0,0,0,121,1,12,0
3770254,0,1,1,0,1,0,121,1,12,0
3772037,0,0,0,0,1,0,121,1,12,0
3772805,0,1,1,0,1,0,121,1,12,0
3773847,0,1,1,0,1,0,121,1,12,0
3774217,0,1,1,0,1,0,121,1,12,0
3774646,1,0,0,1,1,0,121,1,12,0
3775866,0,0,0,0,1,0,121,1,12,0
3777961,1,1,0,0,0,0,121,1,12,0
3778060,0,1,1,0,1,0,121,1,12,0
3778813,0,0,0,0,1,0,121,1,12,0
3778905,1,1,1,1,1,0,121,1,12,0
3779826,1,1,0,0,0,0,121,1,12,0
3780356,1,0,0,1,1,0,121,1,12,0
3780968,1,1,1,1,1,0,121,1,12,0
3781219,0,0,1,1,0,0,121,1,12,0
3782447,0,1,1,0,1,0,121,1,12,0
3782449,0,1,1,0,1,0,121,1,12,0
3782930,1,1,1,1,1,0,121,1,12,0
3783004,0,0,1,1,0,0,121,1,12,0
3783105,1,1,0,0,0,0,121,1,12,0
3783911,0,0,0,0,1,0,121,1,12,0
3784033,0,1,0,1,0,0,121,1,12,0
3784868,1,1,1,1,1,0,121,1,12,0
3785018,0,1,1,0,1,0,121,1,12,0
3785353,1,0,1,0,0,0,121,1,12,0
3785420,1,0,1,0,0,0,121,1,12,0
3786099,0,0,1,1,0,0,121,1,12,0
3786783,1,0,0,1,1,0,121,1,12,0
3787205,0,1,1,0,1,0,121,1,12,0
3787868,1,0,0,1,1,0,121,1,12,0
3788769,0,1,0,1,0,0,121,1,12,0
3789614,0,0,0,0,1,0,121,1,12,0
3789715,0,1,1,0,1,0,121,1,12,0
3790388,0,0,0,0,1,0,121,1,12,0
3791485,1,0,1,0,0,0,121,1,12,0
3792195,0,1,0,1,0,0,121,1,12,0
3793155,0,0,0,0,1,0,121,1,12,0
3793660,1,0,1,0,0,0,121,1,12,0
3795091,1,0,1,1,0,0,121,1,12,0
3796210,1,1,1,1,1,0,121,1,12,0
3796824,1,0,1,0,0,0,121,1,12,0
3796990,0,0,0,0,1,0,121,1,12,0
3797787,1,1,1,1,1,0,121,1,12,0
3798023,0,0,0,0,1,0,121,1,12,0
3798195,0,1,0,1,0,0,121,1,12,0
3798411,1,1,0,0,0,0,121,1,12,0
3799225,0,1,1,0,1,0,121,1,12,0
3799617,1,1,1,1,1,0,121,1,12,0
3800059,1,0,0,1,1,0,121,1,12,0
3800700,1,0,1,0,0,0,121,1,12,0
3800923,1,0,1,0,0,0,121,1,12,0
3801770,0,1,1,0,1,0,116,1,9,0
3802875,0,1,1,0,1,0,116,1,9,0
3804039,1,1,1,0,1,1,116,1,9,0
3804579,0,1,1,0,1,0,116,1,9,0
3806083,0,0,1,1,0,0,116,1,9,0
3808821,0,0,0,0,1,0,116,1,9,0
3808876,0,0,0,0,1,0,116,1,9,0
3811095,0,1,0,1,0,0,116,1,9,0
3812200,0,0,1,1,0,0,116,1,9,0
3812658,1,1,0,0,0,0,116,1,9,0
3813333,1,0,1,0,0,0,116,1,9,0
3814881,0,0,1,1,0,0,116,1,9,0
3814967,1,1,0,0,0,0,116,1,9,0
3815907,0,0,0,0,1,0,116,1,9,0
3816527,1,1,0,0,0,0,116,1,9,0
3816538,1,0,1,0,0,0,116,1,9,0
3817364,0,0,0,0,1,0,116,1,9,0
3817474,1,1,1,1,1,0,116,1,9,0
3817660,1,0,1,0,0,0,116,1,9,0
3817746,1,1,1,0,1,1,116,1,9,0
3819683,0,1,1,0,1,0,116,1,9,0
3821774,0,1,0,1,0,0,116,1,9,0
3822761,1,0,0,1,1,0,116,1,9,0
3823511,1,1,0,0,0,0,116,1,9,0
3823650,1,0,0,1,1,0,116,1,9,0
3825925,0,1,0,0,0,0,116,1,9,0
3827034,1,1,0,0,0,0,116,1,9,0
3827426,1,1,0,0,0,0,116,1,9,0
3828564,1,0,0,1,1,0,116,1,9,0
3829201,1,1,1,1,1,0,116,1,9,0
3829261,1,0,1,0,0,0,116,1,9,0
3829518,0,1,0,1,0,0,116,1,9,0
3829821,1,1,1,1,1,0,116,1,9,0
3830447,1,1,1,1,1,0,116,1,9,0
3830551,0,0,0,0,1,0,116,1,9,0
3832810,1,0,0,1,1,0,116,1,9,0
3833932,1,1,0,1,0,0,116,1,9,0
3834098,0,0,0,0,1,0,116,1,9,0
3835436,0,1,1,0,1,0,116,1,9,0
3835438,1,1,0,0,0,0,116,1,9,0
3835701,0,1,0,1,0,0,116,1,9,0
3836322,0,0,0,0,1,0,116,1,9,0
3837045,1,0,0,1,1,0,116,1,9,0
3837123,1,1,0,0,0,0,116,1,9,0
3837492,1,1,0,0,0,0,116,1,9,0
3837501,1,1,0,0,0,0,116,1,9,0
3838072,0,0,1,1,0,0,116,1,9,0
3838370,1,1,1,1,1,0,116,1,9,0
3838989,0,0,0,0,1,0,116,1,9,0
3840005,1,1,1,1,1,0,116,1,9,0
3842666,1,1,0,0,0,0,116,1,9,0
3843020,0,1,0,1,0,0,116,1,9,0
3845978,1,1,0,0,0,0,116,1,9,0
3847516,1,0,1,0,0,0,116,1,9,0
3847566,0,0,0,0,1,0,116,1,9,0
3848298,0,0,1,1,0,0,116,1,9,0
3848509,1,1,1,1,1,0,116,1,9,0
3848974,1,0,1,0,0,0,116,1,9,0
3851389,0,0,0,0,1,0,116,1,9,0
3853720,1,1,1,1,1,0,116,1,9,0
3854359,1,0,0,1,1,0,116,1,9,0
3854700,1,0,0,1,1,0,116,1,9,0
3854953,0,0,1,1,0,0,116,1,9,0
3856705,1,1,1,1,1,0,116,1,9,0
3857677,1,1,0,0,0,0,116,1,9,0
3859096,0,0,1,1,0,0,116,1,9,0
3859405,1,1,1,1,1,0,116,1,9,0
3860438,0,1,1,1,1,1,116,1,9,0
3861010,1,1,0,0,0,0,116,1,9,0
3862027,0,0,1,0,0,0,116,1,9,0
3863587,1,1,1,1,1,0,116,1,9,0
3863978,0,0,1,1,0,0,116,1,9,0
3865178,0,0,1,1,0,0,116,1,9,0
3865839,1,1,1,1,1,0,116,1,9,0
3866766,0,1,1,1,1,1,133,1,9,0
3868104,0,0,1,1,0,0,133,1,9,0
3868819,0,0,0,0,1,0,133,1,9,0
3869091,0,1,0,1,0,0,133,1,9,0
3870084,1,0,0,1,1,0,133,1,9,0
3871034,0,1,0,1,0,0,133,1,9,0
3872263,1,1,1,1,1,0,133,1,9,0
3872515,0,1,0,1,0,0,133,1,9,0
3874112,0,1,0,1,0,0,133,1,9,0
3874239,0,0,1,1,0,0,133,1,9,0
3874415,0,1,0,1,0,0,133,1,9,0
3874642,0,1,1,0,1,0,133,1,9,0
3875622,1,1,0,0,0,0,133,1,9,0
3875822,0,1,0,1,0,0,133,1,9,0
3876761,0,1,0,1,0,0,133,1,9,0
3876908,0,1,1,0,1,0,133,1,9,0
3878721,0,1,0,1,0,0,133,1,9,0
3879014,1,0,1,0,0,0,133,1,9,0
3880383,1,1,1,1,1,0,133,1,9,0
3880740,1,1,1,1,1,0,133,1,9,0
3880753,0,0,0,0,1,0,133,1,9,0
3882273,1,0,0,1,1,0,133,1,9,0
3882873,1,0,1,0,0,0,133,1,9,0
3883936,1,1,1,1,1,0,133,1,9,0
3884033,1,0,1,0,0,0,133,1,9,0
3884527,0,1,0,1,0,0,133,1,9,0
3885195,1,1,0,0,0,0,133,1,9,0
3885598,0,0,0,0,1,0,133,1,9,0
3886934,1,0,1,0,0,0,133,1,9,0
3886992,0,1,0,1,0,0,133,1,9,0
3888162,0,0,0,0,1,0,133,1,9,0
3888692,0,0,1,1,0,0,133,1,9,0
3889181,0,0,1,1,0,0,133,1,9,0
3891780,1,0,1,0,0,0,133,1,9,0
3891914,1,1,0,0,0,0,133,1,9,0
3894433,1,1,1,1,1,0,133,1,9,0
3895299,0,1,1,0,1,0,133,1,9,0
3895904,0,1,1,0,1,0,133,1,9,0
3896268,0,1,1,0,1,0,133,1,9,0
3896567,1,0,1,0,0,0,133,1,9,0
3897324,0,1,1,0,1,0,133,1,9,0
3898090,1,0,0,1,1,0,133,1,9,0
3898508,1,1,1,1,1,0,133,1,9,0
3899062,0,1,1,0,1,0,133,1,9,0
3901373,0,0,0,0,1,0,133,1,9,0
3901397,0,0,1,1,0,0,133,1,9,0
3901914,0,0,0,0,1,0,133,1,9,0
3902085,0,0,0,0,1,0,133,1,9,0
3902766,0,1,1,0,1,0,133,1,9,0
3903463,1,1,0,0,0,0,133,1,9,0
3904810,0,1,0,1,0,0,133,1,9,0
3906933,1,0,0,1,1,0,133,1,9,0
3907363,0,1,0,1,0,0,133,1,9,0
3907821,1,0,1,0,0,0,133,1,9,0
3908647,0,0,0,0,1,0,133,1,9,0
3909013,1,0,0,1,1,0,133,1,9,0
3909174,0,1,1,0,1,0,133,1,9,0
3909928,1,0,1,0,0,0,133,1,9,0
3911081,1,1,1,1,1,0,133,1,9,0
3911181,0,1,1,0,1,0,133,1,9,0
3911223,0,0,0,0,1,0,133,1,9,0
3911245,1,1,0,0,0,0,133,1,9,0
3911366,1,0,1,0,0,0,133,1,9,0
3911586,0,1,1,0,1,0,133,1,9,0
3913351,1,0,1,0,0,0,133,1,9,0
3913382,0,0,0,0,1,0,133,1,9,0
3913584,0,1,0,1,0,0,133,1,9,0
3914766,0,0,1,0,0,0,133,1,9,0
3915271,1,0,1,0,0,0,133,1,9,0
3915806,0,1,0,1,0,0,133,1,9,0
3916019,1,0,1,0,0,0,133,1,9,0
3916641,1,1,1,1,1,0,133,1,9,0
3918343,0,0,1,1,0,0,133,1,9,0
3918462,1,0,1,0,0,0,133,1,9,0
3918899,1,1,0,0,0,0,133,1,9,0
3919043,0,0,0,0,1,0,133,1,9,0
3919278,1,0,1,0,0,0,133,1,9,0
3919344,0,1,0,1,0,0,133,1,9,0
3919490,1,0,1,0,0,0,133,1,9,0
3920118,1,0,1,0,0,0,133,1,9,0
3921035,1,1,0,0,0,0,133,1,9,0
3922705,1,0,1,0,0,0,133,1,9,0
3923672,0,1,1,0,1,0,133,1,9,0
3924670,1,1,0,0,0,0,133,1,9,0
3924966,1,1,1,1,1,0,133,1,9,0
3925649,0,1,1,0,1,0,133,1,9,0
3928019,1,1,0,0,0,0,133,1,9,0
3928816,1,0,0,1,1,0,133,1,9,0
3929652,0,0,1,1,0,0,133,1,9,0
3931153,0,1,1,0,1,0,133,1,9,0
3931278,1,0,0,1,1,0,133,1,9,0
3931310,1,0,1,0,0,0,133,1,9,0
3931835,1,1,1,1,1,0,133,1,9,0
3932488,0,0,1,1,0,0,95,1,9,0
3934264,1,0,1,0,0,0,95,1,9,0
3935264,0,1,0,1,0,0,95,1,9,0
3935394,1,0,0,1,1,0,95,1,9,0
3936449,0,0,0,0,1,0,95,1,9,0
3937707,0,1,1,0,1,0,95,1,9,0
3938857,1,0,0,1,1,0,95,1,9,0
3941289,0,0,0,0,1,0,95,1,9,0
3941297,1,0,0,1,1,0,95,1,9,0
3942466,0,0,1,1,0,0,95,1,9,0
3944107,1,1,0,0,0,0,95,1,9,0
3946795,0,0,0,0,1,0,95,1,9,0
3947110,0,1,0,1,0,0,95,1,9,0
3948262,1,0,0,1,1,0,95,1,9,0
3950003,1,0,1,0,0,0,95,1,9,0
3950621,0,1,1,0,1,0,95,1,9,0
3952453,1,1,1,1,1,0,95,1,9,0
3954435,1,1,0,0,0,0,95,1,9,0
3954772,0,0,1,1,0,0,95,1,9,0
3955858,0,1,1,1,1,1,95,1,9,0
3956652,1,0,1,0,0,0,95,1,9,0
3958904,0,1,1,0,1,0,95,1,9,0
3961286,0,0,1,1,0,0,95,1,9,0
3962230,1,1,1,1,1,0,95,1,9,0
3963772,1,0,0,1,1,0,95,1,9,0
3964100,1,1,0,0,0,0,95,1,9,0
3964461,1,0,1,0,0,0,95,1,9,0
3969568,1,0,0,1,1,0,95,1,9,0
3970867,1,0,1,0,0,0,95,1,9,0
3970918,0,0,0,0,1,0,95,1,9,0
3971048,0,0,0,0,1,0,95,1,9,0
3971326,0,0,0,0,1,0,95,1,9,0
3971694,0,1,1,0,1,0,95,1,9,0
3972680,0,1,1,0,1,0,95,1,9,0
3973431,1,0,0,1,1,0,95,1,9,0
3974267,1,0,0,1,1,0,95,1,9,0
3974760,1,1,0,0,0,0,95,1,9,0
3977788,0,1,0,1,0,0,95,1,9,0
3978209,0,1,0,1,0,0,95,1,9,0
3978213,0,1,1,0,1,0,95,1,9,0
3980263,1,1,0,0,0,0,95,1,9,0
3980628,1,1,0,0,0,0,95,1,9,0
3980760,1,0,1,0,0,0,95,1,9,0
3983233,0,1,0,1,0,0,95,1,9,0
3984182,0,0,0,0,1,0,95,1,9,0
3984598,1,0,1,0,0,0,95,1,9,0
3984854,1,0,1,0,0,0,95,1,9,0
3985021,0,0,0,0,1,0,95,1,9,0
3985231,0,0,0,0,1,0,95,1,9,0
3985258,1,1,1,1,1,0,95,1,9,0
3987731,0,0,1,1,0,0,95,1,9,0
3990375,1,1,0,0,0,0,95,1,9,0
3992636,0,1,1,0,1,0,95,1,9,0
3992801,0,0,1,0,0,0,95,1,9,0
3993892,0,1,0,1,0,0,95,1,9,0
3994412,1,1,1,1,1,0,95,1,9,0
3998203,0,1,0,1,0,0,110,2,9,0
3998225,0,1,1,0,1,0,110,2,9,0
3999120,1,1,1,1,1,0,110,2,9,0
4000371,1,1,1,0,1,1,110,2,9,0
4001043,0,1,1,0,1,0,110,2,9,0
4001736,1,1,1,1,1,0,110,2,9,0
4002297,0,1,0,1,0,0,110,2,9,0
4003072,0,0,0,0,1,0,110,2,9,0
4006167,1,0,0,1,1,0,110,2,9,0
4006176,1,1,0,0,0,0,110,2,9,0
4008271,0,0,1,1,0,0,110,2,9,0
4011802,1,0,0,1,1,0,110,2,9,0
4011819,1,1,1,1,1,0,110,2,9,0
4011893,0,1,1,0,1,0,110,2,9,0
4014026,1,0,1,0,0,0,110,2,9,0
4014084,0,0,0,0,1,0,110,2,9,0
4014131,1,0,0,1,1,0,110,2,9,0
4015320,1,1,0,0,0,0,110,2,9,0
4015653,1,1,0,0,0,0,110,2,9,0
4016492,0,1,0,1,0,0,110,2,9,0
4016925,1,0,1,0,0,0,110,2,9,0
4017234,0,0,0,0,1,0,110,2,9,0
4017543,1,0,1,0,0,0,110,2,9,0
4018015,1,1,1,1,1,0,110,2,9,0
4019218,1,1,0,0,0,0,110,2,9,0
4019569,1,0,0,1,1,0,110,2,9,0
4019935,0,0,0,0,1,0,110,2,9,0
4024522,1,0,1,0,0,0,110,2,9,0
4024684,1,1,0,0,0,0,110,2,9,0
4025704,0,1,1,0,1,0,110,2,9,0
4026098,0,1,1,0,1,0,110,2,9,0
4027079,1,1,0,0,0,0,110,2,9,0
4027745,0,1,0,0,0,0,110,2,9,0
4030835,0,0,1,1,0,0,110,2,9,0
4031345,0,0,1,1,0,0,110,2,9,0
4031834,0,1,1,0,1,0,110,2,9,0
4033324,1,1,1,1,1,0,110,2,9,0
4034337,1,0,0,1,1,0,110,2,9,0
4034543,0,1,0,1,0,0,110,2,9,0
4034653,1,1,0,0,0,0,110,2,9,0
4034844,1,0,0,1,1,0,110,2,9,0
4037204,1,1,0,1,0,0,110,2,9,0
4038593,1,1,0,0,0,0,110,2,9,0
4039636,1,1,1,1,1,0,110,2,9,0
4039747,0,0,1,1,0,0,110,2,9,0
4040084,1,1,1,1,1,0,110,2,9,0
4041063,0,0,1,1,0,0,110,2,9,0
4041179,1,1,1,1,1,0,110,2,9,0
4041822,1,1,0,0,0,0,110,2,9,0
4042574,1,0,1,0,0,0,110,2,9,0
4043257,1,0,0,1,1,0,110,2,9,0
4044405,1,1,0,0,0,0,110,2,9,0
4045517,1,0,0,1,1,0,110,2,9,0
4046136,1,0,1,0,0,0,110,2,9,0
4046399,1,0,1,0,0,0,110,2,9,0
4047177,1,1,1,1,1,0,110,2,9,0
4047363,1,0,1,0,0,0,110,2,9,0
4047623,1,1,1,1,1,0,110,2,9,0
4047878,1,1,1,1,1,0,110,2,9,0
4049630,1,1,0,0,0,0,110,2,9,0
4052724,1,1,1,1,1,0,110,2,9,0
4054048,0,1,1,0,1,0,110,2,9,0
4054528,1,0,0,1,1,0,110,2,9,0
4054850,0,0,1,1,0,0,110,2,9,0
4056414,1,0,0,1,1,0,110,2,9,0
4057892,0,0,0,0,1,0,110,2,9,0
4058713,1,1,0,0,0,0,110,2,9,0
4060221,0,0,0,0,1,0,110,2,9,0
4062285,1,0,0,1,1,0,110,2,9,0
4062547,0,0,1,1,0,0,110,2,9,0
4062980,0,1,1,0,1,0,110,2,9,0
4086780,0,0,1,1,0,0,114,2,12,2
4108145,1,0,0,1,1,0,114,2,12,2
4121025,1,0,0,1,1,0,114,2,12,2
4128830,0,1,0,1,0,0,141,2,12,0
4128895,1,0,1,0,0,0,141,2,12,0
4129093,1,0,0,1,1,0,141,2,12,0
4129357,0,0,0,0,1,0,141,2,12,0
4129449,0,0,1,1,0,0,141,2,12,0
4129491,0,1,1,0,1,0,141,2,12,0
4129782,0,0,1,1,0,0,141,2,12,0
4129997,0,1,1,0,1,0,141,2,12,0
4130255,1,1,1,1,1,0,141,2,12,0
4130669,0,1,1,0,1,0,141,2,12,0
4131329,0,1,0,1,0,0,141,2,12,0
4131371,1,0,1,0,0,0,141,2,12,0
4131526,0,1,0,1,0,0,141,2,12,0
4131925,0,1,1,0,1,0,141,2,12,0
4132139,0,1,0,1,0,0,141,2,12,0
4132329,0,0,1,1,0,0,141,2,12,0
4132736,0,1,0,1,0,0,141,2,12,0
4132759,1,1,0,0,0,0,141,2,12,0
4133323,0,0,0,0,1,0,141,2,12,0
4133866,1,1,1,1,1,0,141,2,12,0
4134470,0,0,0,0,1,0,141,2,12,0
4134575,0,0,0,0,1,0,141,2,12,0
4134924,0,0,1,1,0,0,141,2,12,0
4135624,1,1,0,0,0,0,141,2,12,0
4137026,0,1,0,1,0,0,141,2,12,0
4137225,1,1,0,0,0,0,141,2,12,0
4137877,0,1,1,0,1,0,141,2,12,0
4138333,0,0,1,1,0,0,141,2,12,0
4138411,1,1,0,0,0,0,141,2,12,0
4140615,0,1,0,1,0,0,141,2,12,0
4143194,1,0,1,0,0,0,141,2,12,0
4143839,0,0,1,1,0,0,141,2,12,0
4144251,0,1,0,1,0,0,141,2,12,0
4144605,0,1,0,1,0,0,141,2,12,0
4145158,0,1,1,0,1,0,141,2,12,0
4146161,0,1,0,1,0,0,141,2,12,0
4146283,1,0,0,1,1,0,141,2,12,0
4147281,0,0,1,0,0,0,141,2,12,0
4147441,0,0,1,1,0,0,141,2,12,0
4147972,0,0,0,0,1,0,141,2,12,0
4148219,0,1,0,1,0,0,141,2,12,0
4149365,0,1,0,1,0,0,141,2,12,0
4149543,0,1,1,0,1,0,141,2,12,0
4149727,1,1,0,0,0,0,141,2,12,0
4149800,0,1,0,1,0,0,141,2,12,0
4150191,1,0,1,0,0,0,141,2,12,0
4150501,1,0,0,1,1,0,141,2,12,0
4151186,1,0,0,1,1,0,141,2,12,0
4151559,0,1,1,0,1,0,141,2,12,0
4151741,1,1,0,0,0,0,141,2,12,0
4151879,0,1,1,0,1,0,141,2,12,0
4151924,1,1,0,0,0,0,141,2,12,0
4152306,1,1,1,1,1,0,141,2,12,0
4152435,0,1,1,0,1,0,141,2,12,0
4152490,1,1,1,1,1,0,141,2,12,0
4152600,0,0,0,0,1,0,141,2,12,0
4153789,1,1,0,0,0,0,141,2,12,0
4153973,1,0,1,0,0,0,141,2,12,0
4154021,1,1,1,1,1,0,141,2,12,0
4154360,0,0,1,1,0,0,141,2,12,0
4154366,1,0,0,1,1,0,141,2,12,0
4155278,0,0,0,0,1,0,141,2,12,0
4155352,1,0,0,1,1,0,141,2,12,0
4155681,0,1,1,0,1,0,141,2,12,0
4156319,1,1,0,0,0,0,141,2,12,0
4156889,1,0,1,0,0,0,141,2,12,0
4157814,0,0,0,0,1,0,141,2,12,0
4158051,0,1,0,1,0,0,141,2,12,0
4159469,0,0,0,0,1,0,141,2,12,0
4160888,1,1,0,0,0,0,141,2,12,0
4162004,0,0,0,0,1,0,141,2,12,0
4162310,0,1,1,0,1,0,141,2,12,0
4162473,0,0,0,0,1,0,141,2,12,0
4163023,1,0,0,1,1,0,141,2,12,0
4163844,1,0,1,0,0,0,141,2,12,0
4164974,0,0,0,0,1,0,141,2,12,0
4166961,1,0,1,0,0,0,141,2,12,0
4167048,0,0,0,0,1,0,141,2,12,0
4167219,0,0,0,0,1,0,141,2,12,0
4167368,0,0,0,0,1,0,141,2,12,0
4168217,1,0,1,0,0,0,141,2,12,0
4168376,1,0,0,1,1,0,141,2,12,0
4168390,0,1,1,1,1,1,141,2,12,0
4168460,0,1,0,1,0,0,141,2,12,0
4168567,0,1,0,1,0,0,141,2,12,0
4168845,0,1,0,1,0,0,141,2,12,0
4169104,1,1,1,1,1,0,141,2,12,0
4170547,1,0,0,1,1,0,141,2,12,0
4170685,0,0,0,0,1,0,141,2,12,0
4171166,1,0,0,1,1,0,141,2,12,0
4173527,1,0,0,1,1,0,141,2,12,0
4173668,0,0,0,0,1,0,141,2,12,0
4174290,0,0,1,1,0,0,141,2,12,0
4174526,0,0,1,1,0,0,141,2,12,0
4174617,0,1,0,1,0,0,141,2,12,0
4175391,1,1,1,1,1,0,141,2,12,0
4176290,0,1,0,1,0,0,141,2,12,0
4176443,1,0,1,0,0,0,141,2,12,0
4176548,0,1,0,1,0,0,141,2,12,0
4176613,1,0,0,1,1,0,141,2,12,0
4176766,1,0,0,1,1,0,141,2,12,0
4177161,1,1,1,1,1,0,141,2,12,0
4177793,1,1,1,1,1,0,141,2,12,0
4177993,1,0,0,1,1,0,141,2,12,0
4178280,1,1,0,0,0,0,141,2,12,0
4178868,0,0,1,1,0,0,141,2,12,0
4179970,1,0,0,1,1,0,141,2,12,0
4180013,1,1,1,1,1,0,141,2,12,0
4180878,0,1,0,1,0,0,141,2,12,0
4180914,1,1,1,1,1,0,141,2,12,0
4181114,0,0,1,1,0,0,141,2,12,0
4181915,0,1,1,0,1,0,141,2,12,0
4183751,0,0,1,1,0,0,141,2,12,0
4184708,0,0,1,1,0,0,141,2,12,0
4184988,1,0,1,0,0,0,141,2,12,0
4185662,1,1,0,0,0,0,141,2,12,0
4186200,0,0,0,0,1,0,141,2,12,0
4186352,1,0,0,1,1,0,141,2,12,0
4186534,1,1,1,1,1,0,141,2,12,0
4186547,1,0,0,1,1,0,141,2,12,0
4187535,0,1,1,0,1,0,141,2,12,0
4187573,0,0,0,0,1,0,141,2,12,0
4188349,0,0,1,1,0,0,141,2,12,0
4188471,1,0,0,1,1,0,141,2,12,0
4188878,0,0,0,0,1,0,141,2,12,0
4190042,0,1,0,1,0,0,141,2,12,0
4190606,1,1,0,0,0,0,141,2,12,0
4191430,1,0,1,0,0,0,141,2,12,0
4191804,1,0,1,0,0,0,141,2,12,0
4191974,0,1,0,1,0,0,141,2,12,0
4193301,0,1,0,1,0,0,141,2,12,0
4193435,1,1,1,1,1,0,141,2,12,0
4194498,0,0,0,0,1,0,157,2,12,0
4195093,1,0,0,1,1,0,157,2,12,0
4196119,1,0,0,1,1,0,157,2,12,0
4196153,1,0,1,0,0,0,157,2,12,0
4196223,0,0,1,1,0,0,157,2,12,0
4196583,1,0,1,0,0,0,157,2,12,0
4196653,1,1,0,0,0,0,157,2,12,0
4197027,1,1,1,1,1,0,157,2,12,0
4197195,0,1,0,1,0,0,157,2,12,0
4197313,0,1,0,1,0,0,157,2,12,0
4197331,1,0,0,1,1,0,157,2,12,0
4198321,0,1,0,1,0,0,157,2,12,0
4198470,0,0,0,0,1,0,157,2,12,0
4198752,0,1,0,1,0,0,157,2,12,0
4198778,0,1,0,1,0,0,157,2,12,0
4199180,0,0,1,1,0,0,157,2,12,0
4199340,1,0,0,1,1,0,157,2,12,0
4199685,1,1,1,1,1,0,157,2,12,0
4200207,1,0,0,1,1,0,157,2,12,0
4201337,0,1,1,0,1,0,157,2,12,0
4201800,0,1,1,1,1,1,157,2,12,0
4202130,0,0,0,0,1,0,157,2,12,0
4203734,1,1,0,0,0,0,157,2,12,0
4205429,0,1,0,1,0,0,157,2,12,0
4206059,1,1,1,1,1,0,157,2,12,0
4206784,1,0,0,1,1,0,157,2,12,0
4206895,1,1,1,1,1,0,157,2,12,0
4206932,1,0,0,1,1,0,157,2,12,0
4207296,1,0,1,0,0,0,157,2,12,0
4208386,0,0,0,0,1,0,157,2,12,0
4208495,0,0,1,1,0,0,157,2,12,0
4209204,0,0,0,0,1,0,157,2,12,0
4209531,0,0,0,0,1,0,157,2,12,0
4210313,1,1,0,0,0,0,157,2,12,0
4210780,1,1,1,1,1,0,157,2,12,0
4211023,1,0,0,1,1,0,157,2,12,0
4211828,0,1,0,1,0,0,157,2,12,0
4212274,0,1,1,0,1,0,157,2,12,0
4212378,0,1,0,1,0,0,157,2,12,0
4212685,1,1,0,0,0,0,157,2,12,0
4213649,1,1,0,0,0,0,157,2,12,0
4213816,1,1,1,1,1,0,157,2,12,0
4214758,1,0,0,1,1,0,157,2,12,0
4214765,1,0,0,1,1,0,157,2,12,0
4215066,0,0,0,0,1,0,157,2,12,0
4215200,1,1,1,1,1,0,157,2,12,0
4216668,1,0,1,0,0,0,157,2,12,0
4216676,1,1,1,1,1,0,157,2,12,0
4216976,0,1,1,0,1,0,157,2,12,0
4217483,0,1,1,0,1,0,157,2,12,0
4217515,1,0,0,1,1,0,157,2,12,0
4218525,1,1,1,1,1,0,157,2,12,0
4219396,1,0,0,1,1,0,157,2,12,0
4219463,1,0,1,0,0,0,157,2,12,0
4219692,0,0,1,0,0,0,157,2,12,0
4220331,0,0,0,0,1,0,157,2,12,0
4220680,1,1,1,1,1,0,157,2,12,0
4220966,0,1,0,1,0,0,157,2,12,0
4221093,1,0,0,1,1,0,157,2,12,0
4221169,1,0,0,1,1,0,157,2,12,0
4221379,1,0,1,0,0,0,157,2,12,0
4221477,1,0,1,0,0,0,157,2,12,0
4221497,0,1,0,1,0,0,157,2,12,0
4221789,0,1,1,0,1,0,157,2,12,0
4221874,1,0,1,0,0,0,157,2,12,0
4221953,1,1,0,0,0,0,157,2,12,0
4223451,1,0,0,0,1,1,157,2,12,0
4223587,0,0,1,1,0,0,157,2,12,0
4224120,0,0,0,0,1,0,157,2,12,0
4224659,0,0,0,0,1,0,157,2,12,0
4224689,0,0,0,0,1,0,157,2,12,0
4226787,0,1,0,1,0,0,157,2,12,0
4227168,0,0,1,1,0,0,157,2,12,0
4227208,0,0,1,0,0,0,157,2,12,0
4227457,1,1,1,1,1,0,157,2,12,0
4228086,1,0,0,1,1,0,157,2,12,0
4228303,0,0,0,0,1,0,157,2,12,0
4228338,0,0,0,0,1,0,157,2,12,0
4228344,1,0,1,0,0,0,157,2,12,0
4228855,1,1,1,1,1,0,157,2,12,0
4229458,1,0,0,1,1,0,157,2,12,0
4229678,0,1,1,0,1,0,157,2,12,0
4229813,0,1,1,0,1,0,157,2,12,0
4229878,1,0,1,0,0,0,157,2,12,0
4230373,0,0,1,1,0,0,157,2,12,0
4231242,1,1,0,0,0,0,157,2,12,0
4231429,1,1,0,0,0,0,157,2,12,0
4231677,1,0,1,0,0,0,157,2,12,0
4231830,1,0,0,1,1,0,157,2,12,0
4232983,1,0,1,0,0,0,157,2,12,0
4233220,0,0,1,1,0,0,157,2,12,0
4233301,1,0,1,0,0,0,157,2,12,0
4233740,0,1,1,0,1,0,157,2,12,0
4233919,0,1,0,1,0,0,157,2,12,0
4234028,0,1,0,1,0,0,157,2,12,0
4234597,1,1,0,0,0,0,157,2,12,0
4234727,0,1,1,0,1,0,157,2,12,0
4234876,1,0,1,0,0,0,157,2,12,0
4235026,1,0,0,1,1,0,157,2,12,0
4236344,1,0,0,1,1,0,157,2,12,0
4237872,0,0,1,1,0,0,157,2,12,0
4238076,1,0,1,0,0,0,157,2,12,0
4238530,1,0,1,0,0,0,157,2,12,0
4239186,0,1,0,1,0,0,157,2,12,0
4239350,0,0,0,0,1,0,157,2,12,0
4239414,0,1,1,0,1,0,157,2,12,0
4239611,0,0,0,0,1,0,157,2,12,0
4240016,1,0,0,1,1,0,157,2,12,0
4241168,1,1,1,1,1,0,157,2,12,0
4241299,1,1,1,1,1,0,157,2,12,0
4241634,1,1,1,1,1,0,157,2,12,0
4243464,0,0,0,0,1,0,157,2,12,0
4245252,0,0,0,0,1,0,157,2,12,0
4245619,0,1,0,1,0,0,157,2,12,0
4245668,1,0,0,1,1,0,157,2,12,0
4245911,1,1,1,1,1,0,157,2,12,0
4246571,1,1,1,1,1,0,157,2,12,0
4246661,1,1,1,1,1,0,157,2,12,0
4246743,1,1,1,1,1,0,157,2,12,0
4247279,0,1,1,0,1,0,157,2,12,0
4247394,0,1,0,1,0,0,157,2,12,0
4247845,0,0,0,0,1,0,157,2,12,0
4248313,1,0,0,1,1,0,157,2,12,0
4248907,1,0,0,1,1,0,157,2,12,0
4249430,1,0,0,1,1,0,157,2,12,0
4249761,0,1,0,1,0,0,157,2,12,0
4250034,1,1,0,0,0,0,157,2,12,0
4251987,0,0,1,1,0,0,157,2,12,0
4252941,1,0,0,1,1,0,157,2,12,0
4253146,0,1,1,0,1,0,157,2,12,0
4254037,1,1,0,0,0,0,157,2,12,0
4254858,1,0,1,0,0,0,157,2,12,0
4255361,1,0,0,1,1,0,157,2,12,0
4255500,0,1,0,1,0,0,157,2,12,0
4255593,0,1,0,1,0,0,157,2,12,0
4256054,0,1,0,1,0,0,157,2,12,0
4257429,0,0,1,1,0,0,157,2,12,0
4257430,0,0,1,1,0,0,157,2,12,0
4258493,0,1,0,1,0,0,157,2,12,0
4260352,1,0,1,0,0,0,117,2,12,0
4260862,1,1,0,0,0,0,117,2,12,0
4261451,0,0,0,0,1,0,117,2,12,0
4261747,0,0,1,1,0,0,117,2,12,0
4262296,0,1,1,0,1,0,117,2,12,0
4262622,1,0,1,0,0,0,117,2,12,0
4262781,0,0,0,0,1,0,117,2,12,0
4262976,0,0,1,1,0,0,117,2,12,0
4263042,1,1,0,0,0,0,117,2,12,0
4263575,0,1,1,0,1,0,117,2,12,0
4263698,1,0,0,1,1,0,117,2,12,0
4263750,0,1,0,1,0,0,117,2,12,0
4264030,1,1,0,0,0,0,117,2,12,0
4265589,1,1,1,1,1,0,117,2,12,0
4267115,1,0,0,1,1,0,117,2,12,0
4267266,0,1,1,0,1,0,117,2,12,0
4268379,1,0,0,0,1,1,117,2,12,0
4269269,1,0,0,1,1,0,117,2,12,0
4269475,1,1,1,1,1,0,117,2,12,0
4269650,1,1,1,1,1,0,117,2,12,0
4270180,0,0,1,1,0,0,117,2,12,0
4270232,1,0,0,1,1,0,117,2,12,0
4270249,1,0,0,1,1,0,117,2,12,0
4270448,1,0,0,1,1,0,117,2,12,0
4271194,1,0,0,1,1,0,117,2,12,0
4271653,0,0,0,0,1,0,117,2,12,0
4271935,0,0,1,1,0,0,117,2,12,0
4272002,0,0,1,1,0,0,117,2,12,0
4272044,1,1,0,0,0,0,117,2,12,0
4272613,1,0,0,1,1,0,117,2,12,0
4275300,1,0,0,1,1,0,117,2,12,0
4275553,0,0,0,0,1,0,117,2,12,0
4276117,1,0,1,0,0,0,117,2,12,0
4276119,1,0,1,0,0,0,117,2,12,0
4276457,0,1,1,0,1,0,117,2,12,0
4279612,1,0,0,1,1,0,117,2,12,0
4280204,0,0,1,1,0,0,117,2,12,0
4285188,1,1,1,1,1,0,117,2,12,0
4286221,0,1,1,0,1,0,117,2,12,0
4287017,1,0,0,1,1,0,117,2,12,0
4287248,0,1,0,1,0,0,117,2,12,0
4288308,0,1,1,1,1,1,117,2,12,0
4289202,1,1,1,1,1,0,117,2,12,0
4290260,1,1,0,0,0,0,117,2,12,0
4290679,1,0,1,1,0,0,117,2,12,0
4290689,0,1,0,1,0,0,117,2,12,0
4291891,0,0,1,1,0,0,117,2,12,0
4292950,1,0,0,1,1,0,117,2,12,0
4293225,0,0,0,0,1,0,117,2,12,0
4293252,0,0,1,1,0,0,117,2,12,0
4293261,1,1,0,0,0,0,117,2,12,0
4293528,1,1,0,0,0,0,117,2,12,0
4293529,0,1,1,0,1,0,117,2,12,0
4293558,0,1,1,0,1,0,117,2,12,0
4294837,1,1,0,0,0,0,117,2,12,0
4295371,0,1,1,0,1,0,117,2,12,0
4296684,1,1,1,0,1,1,117,2,12,0
4297459,0,1,0,1,0,0,117,2,12,0
4297499,1,0,1,0,0,0,117,2,12,0
4297577,1,0,0,1,1,0,117,2,12,0
4297650,1,0,1,0,0,0,117,2,12,0
4297967,1,1,1,1,1,0,117,2,12,0
4298154,1,1,1,1,1,0,117,2,12,0
4298349,0,1,1,0,1,0,117,2,12,0
4298401,1,1,1,1,1,0,117,2,12,0
4298523,0,0,1,1,0,0,117,2,12,0
4298761,1,0,0,1,1,0,117,2,12,0
4298894,1,0,0,1,1,0,117,2,12,0
4299050,1,1,1,1,1,0,117,2,12,0
4299473,1,0,0,1,1,0,117,2,12,0
4299809,1,1,0,0,0,0,117,2,12,0
4299989,0,1,1,0,1,0,117,2,12,0
4300217,1,0,1,0,0,0,117,2,12,0
4300641,1,0,1,0,0,0,117,2,12,0
4301006,1,0,1,0,0,0,117,2,12,0
4302113,0,0,0,0,1,0,117,2,12,0
4302237,1,1,1,1,1,0,117,2,12,0
4303084,0,0,0,0,1,0,117,2,12,0
4303148,0,1,0,1,0,0,117,2,12,0
4303569,1,0,1,0,0,0,117,2,12,0
4303625,1,1,0,0,0,0,117,2,12,0
4304710,0,0,1,1,0,0,117,2,12,0
4305115,0,1,1,0,1,0,117,2,12,0
4305319,0,0,0,0,1,0,117,2,12,0
4305464,0,0,0,0,1,0,117,2,12,0
4306744,1,0,1,0,0,0,117,2,12,0
4307730,1,1,0,0,0,0,117,2,12,0
4307856,1,1,0,0,0,0,117,2,12,0
4308090,0,1,0,1,0,0,117,2,12,0
4308211,1,1,1,1,1,0,117,2,12,0
4308409,0,0,0,0,1,0,117,2,12,0
4309113,0,1,1,0,1,0,117,2,12,0
4310814,1,1,0,1,0,0,117,2,12,0
4310921,1,1,0,0,0,0,117,2,12,0
4311118,1,0,0,0,1,1,117,2,12,0
4311306,0,0,1,1,0,0,117,2,12,0
4312201,1,0,1,0,0,0,117,2,12,0
4312905,1,1,1,1,1,0,117,2,12,0
4313157,0,1,0,1,0,0,117,2,12,0
4313359,1,0,1,1,0,0,117,2,12,0
4313403,0,0,0,0,1,0,117,2,12,0
4313452,0,0,1,1,0,0,117,2,12,0
4313674,0,1,1,1,1,1,117,2,12,0
4313832,1,1,0,0,0,0,117,2,12,0
4313876,1,1,1,1,1,0,117,2,12,0
4314781,0,0,0,0,1,0,117,2,12,0
4315234,0,1,1,0,1,0,117,2,12,0
4316903,0,0,0,0,1,0,117,2,12,0
4316978,0,1,0,1,0,0,117,2,12,0
4317439,1,0,0,1,1,0,117,2,12,0
4317886,1,0,1,0,0,0,117,2,12,0
4318350,1,1,0,0,0,0,117,2,12,0
4320033,0,1,1,0,1,0,117,2,12,0
4320049,1,0,0,1,1,0,117,2,12,0
4320583,1,1,1,0,1,1,117,2,12,0
4320585,1,1,0,0,0,0,117,2,12,0
4321724,0,0,1,1,0,0,117,2,12,0
4321991,0,0,0,0,1,0,117,2,12,0
4324520,1,0,0,1,1,0,117,2,12,0
4325769,1,1,0,0,0,0,149,2,12,0
4326063,0,0,0,0,1,0,149,2,12,0
4326085,1,0,0,1,1,0,149,2,12,0
4326400,0,0,1,1,0,0,149,2,12,0
4326451,1,1,0,0,0,0,149,2,12,0
4328089,0,1,0,1,0,0,149,2,12,0
4328921,1,1,1,1,1,0,149,2,12,0
4329628,0,0,0,0,1,0,149,2,12,0
4330746,0,1,0,1,0,0,149,2,12,0
4331069,0,1,0,1,0,0,149,2,12,0
4333227,0,0,1,1,0,0,149,2,12,0
4333847,1,1,1,1,1,0,149,2,12,0
4334968,0,1,1,0,1,0,149,2,12,0
4335000,0,0,0,0,1,0,149,2,12,0
4335592,0,1,1,0,1,0,149,2,12,0
4335739,1,0,0,1,1,0,149,2,12,0
4335744,1,1,1,1,1,0,149,2,12,0
4336407,1,1,1,1,1,0,149,2,12,0
4336730,1,1,1,1,1,0,149,2,12,0
4336899,1,0,1,0,0,0,149,2,12,0
4337320,0,0,1,1,0,0,149,2,12,0
4337713,1,1,0,0,0,0,149,2,12,0
4337740,1,1,1,1,1,0,149,2,12,0
4337891,0,1,0,1,0,0,149,2,12,0
4338703,0,0,1,1,0,0,149,2,12,0
4339318,0,1,1,0,1,0,149,2,12,0
4340172,0,0,0,0,1,0,149,2,12,0
4340707,1,0,0,1,1,0,149,2,12,0
4340788,0,1,0,1,0,0,149,2,12,0
4340802,0,0,0,0,1,0,149,2,12,0
4342071,1,1,1,0,1,1,149,2,12,0
4342224,1,1,1,1,1,0,149,2,12,0
4342415,1,0,0,1,1,0,149,2,12,0
4344333,1,0,0,1,1,0,149,2,12,0
4345550,0,1,1,0,1,0,149,2,12,0
4345596,0,0,1,1,0,0,149,2,12,0
4345673,0,0,1,1,0,0,149,2,12,0
4347528,0,0,1,1,0,0,149,2,12,0
4347657,0,1,1,0,1,0,149,2,12,0
4348242,1,1,1,1,1,0,149,2,12,0
4349706,0,1,0,1,0,0,149,2,12,0
4349836,1,0,0,1,1,0,149,2,12,0
4349856,0,0,0,1,1,1,149,2,12,0
4349881,0,0,0,0,1,0,149,2,12,0
4350050,1,1,0,0,0,0,149,2,12,0
4350409,0,1,0,1,0,0,149,2,12,0
4350808,0,1,0,1,0,0,149,2,12,0
4352010,1,0,0,1,1,0,149,2,12,0
4352256,1,1,0,0,0,0,149,2,12,0
4352648,1,0,1,0,0,0,149,2,12,0
4352894,0,1,0,0,0,0,149,2,12,0
4353220,1,0,1,0,0,0,149,2,12,0
4353223,1,0,1,0,0,0,149,2,12,0
4353695,0,0,1,1,0,0,149,2,12,0
4353915,1,1,0,0,0,0,149,2,12,0
4354065,0,0,0,0,1,0,149,2,12,0
4354125,1,0,1,0,0,0,149,2,12,0
4354769,0,0,1,0,0,0,149,2,12,0
4355196,0,1,0,1,0,0,149,2,12,0
4355409,1,0,1,0,0,0,149,2,12,0
4355422,0,1,1,0,1,0,149,2,12,0
4356702,1,1,0,0,0,0,149,2,12,0
4356791,0,1,1,0,1,0,149,2,12,0
4357011,1,0,0,1,1,0,149,2,12,0
4357432,1,0,1,0,0,0,149,2,12,0
4357451,0,1,1,0,1,0,149,2,12,0
4357595,0,1,1,0,1,0,149,2,12,0
4357733,0,0,1,1,0,0,149,2,12,0
4357880,1,0,1,0,0,0,149,2,12,0
4358857,1,1,0,0,0,0,149,2,12,0
4359018,0,0,1,1,0,0,149,2,12,0
4360557,1,0,0,1,1,0,149,2,12,0
4361123,0,1,0,1,0,0,149,2,12,0
4361799,1,1,0,0,0,0,149,2,12,0
4362819,0,0,1,1,0,0,149,2,12,0
4362848,0,0,0,0,1,0,149,2,12,0
4363977,0,0,1,1,0,0,149,2,12,0
4364105,1,1,0,0,0,0,149,2,12,0
4364684,1,0,0,1,1,0,149,2,12,0
4365431,1,0,1,0,0,0,149,2,12,0
4365601,0,1,0,1,0,0,149,2,12,0
4366053,1,0,1,0,0,0,149,2,12,0
4367318,1,1,0,0,0,0,149,2,12,0
4367713,0,1,0,1,0,0,149,2,12,0
4367740,1,0,1,0,0,0,149,2,12,0
4368783,1,0,1,0,0,0,149,2,12,0
4369027,0,0,0,0,1,0,149,2,12,0
4369304,0,1,1,0,1,0,149,2,12,0
4369672,0,1,0,1,0,0,149,2,12,0
4370263,1,0,1,0,0,0,149,2,12,0
4370784,0,0,1,1,0,0,149,2,12,0
4370968,1,0,1,0,0,0,149,2,12,0
4371311,1,1,0,0,0,0,149,2,12,0
4371738,1,0,1,0,0,0,149,2,12,0
4371938,0,1,0,1,0,0,149,2,12,0
4372463,0,1,0,0,0,0,149,2,12,0
4372511,0,0,1,1,0,0,149,2,12,0
4372541,0,0,0,0,1,0,149,2,12,0
4373628,1,1,0,1,0,0,149,2,12,0
4373697,1,0,0,1,1,0,149,2,12,0
4374201,1,0,0,1,1,0,149,2,12,0
4374427,0,1,0,1,0,0,149,2,12,0
4374917,1,1,0,0,0,0,149,2,12,0
4376748,0,1,0,1,0,0,149,2,12,0
4376773,0,0,1,1,0,0,149,2,12,0
4377419,0,1,1,0,1,0,149,2,12,0
4377495,0,1,0,1,0,0,149,2,12,0
4378129,1,0,0,1,1,0,149,2,12,0
4379368,0,0,0,0,1,0,149,2,12,0
4379415,0,1,1,0,1,0,149,2,12,0
4379715,0,0,1,1,0,0,149,2,12,0
4380131,0,0,1,1,0,0,149,2,12,0
4381938,0,1,1,0,1,0,149,2,12,0
4382162,0,1,1,0,1,0,149,2,12,0
4382643,0,1,0,1,0,0,149,2,12,0
4383642,1,0,0,1,1,0,149,2,12,0
4384711,0,0,0,0,1,0,149,2,12,0
4385366,0,0,0,0,1,0,149,2,12,0
4385687,1,1,1,1,1,0,149,2,12,0
4385773,0,1,1,0,1,0,149,2,12,0
4386466,1,0,1,0,0,0,149,2,12,0
4386883,1,1,1,1,1,0,149,2,12,0
4387060,0,0,0,0,1,0,149,2,12,0
4387164,0,1,0,1,0,0,149,2,12,0
4387253,1,1,1,1,1,0,149,2,12,0
4387480,0,1,1,0,1,0,149,2,12,0
4387619,1,1,1,1,1,0,149,2,12,0
4387668,1,0,0,1,1,0,149,2,12,0
4388302,0,0,0,0,1,0,149,2,12,0
4388321,1,1,1,1,1,0,149,2,12,0
4388600,1,1,1,0,1,1,149,2,12,0
4388704,1,1,0,0,0,0,149,2,12,0
4389272,0,0,1,1,0,0,149,2,12,0
4389747,1,1,0,0,0,0,149,2,12,0
4391745,0,1,1,0,1,0,137,2,12,0
4391951,0,1,1,0,1,0,137,2,12,0
4393040,1,0,1,0,0,0,137,2,12,0
4393124,1,0,0,1,1,0,137,2,12,0
4393451,0,1,0,1,0,0,137,2,12,0
4393834,1,1,1,1,1,0,137,2,12,0
4394218,1,1,0,0,0,0,137,2,12,0
4395098,1,1,0,0,0,0,137,2,12,0
4395124,1,0,0,1,1,0,137,2,12,0
4395366,1,1,1,0,1,1,137,2,12,0
4395889,1,1,0,0,0,0,137,2,12,0
4396107,0,1,0,1,0,0,137,2,12,0
4396947,1,0,1,0,0,0,137,2,12,0
4398381,0,0,0,0,1,0,137,2,12,0
4398830,0,0,0,0,1,0,137,2,12,0
4399017,1,0,1,0,0,0,137,2,12,0
4399326,0,0,0,0,1,0,137,2,12,0
4399465,1,1,1,1,1,0,137,2,12,0
4400048,1,0,1,1,0,0,137,2,12,0
4400096,1,1,1,1,1,0,137,2,12,0
4400228,1,1,0,0,0,0,137,2,12,0
4400390,1,1,0,0,0,0,137,2,12,0
4400824,1,1,0,0,0,0,137,2,12,0
4400839,0,1,1,0,1,0,137,2,12,0
4401283,1,0,0,1,1,0,137,2,12,0
4401399,1,0,1,0,0,0,137,2,12,0
4402245,1,1,1,1,1,0,137,2,12,0
4403056,0,1,0,1,0,0,137,2,12,0
4403589,1,1,0,0,0,0,137,2,12,0
4404454,1,1,0,0,0,0,137,2,12,0
4405584,1,1,1,1,1,0,137,2,12,0
4406331,1,0,1,0,0,0,137,2,12,0
4407037,1,0,1,0,0,0,137,2,12,0
4409813,1,0,0,1,1,0,137,2,12,0
4409874,0,0,0,0,1,0,137,2,12,0
4411203,0,0,1,1,0,0,137,2,12,0
4411768,1,0,1,0,0,0,137,2,12,0
4411852,1,1,0,0,0,0,137,2,12,0
4411859,1,0,0,1,1,0,137,2,12,0
4411861,1,0,1,0,0,0,137,2,12,0
4411992,0,1,0,1,0,0,137,2,12,0
4412120,1,0,1,0,0,0,137,2,12,0
4413274,0,1,1,0,1,0,137,2,12,0
4413387,1,1,1,0,1,1,137,2,12,0
4413473,1,0,1,0,0,0,137,2,12,0
4413523,1,0,0,1,1,0,137,2,12,0
4414013,1,0,0,1,1,0,137,2,12,0
4414366,1,0,1,0,0,0,137,2,12,0
4414434,0,1,0,1,0,0,137,2,12,0
4415739,0,0,1,1,0,0,137,2,12,0
4416173,0,0,0,0,1,0,137,2,12,0
4416347,1,1,0,0,0,0,137,2,12,0
4416365,1,0,1,0,0,0,137,2,12,0
4416504,1,0,1,0,0,0,137,2,12,0
4416869,0,0,0,0,1,0,137,2,12,0
4417334,1,1,1,1,1,0,137,2,12,0
4418171,1,1,0,0,0,0,137,2,12,0
4418844,1,1,1,1,1,0,137,2,12,0
4419470,1,0,0,1,1,0,137,2,12,0
4420326,1,1,1,1,1,0,137,2,12,0
4421025,1,1,0,0,0,0,137,2,12,0
4421318,1,1,1,1,1,0,137,2,12,0
4423496,0,0,0,0,1,0,137,2,12,0
4424054,1,0,0,1,1,0,137,2,12,0
4424928,0,0,1,1,0,0,137,2,12,0
4424950,1,1,1,1,1,0,137,2,12,0
4426157,0,1,0,1,0,0,137,2,12,0
4426592,1,1,0,0,0,0,137,2,12,0
4426809,0,0,1,1,0,0,137,2,12,0
4426983,0,1,1,0,1,0,137,2,12,0
4430199,1,0,0,1,1,0,137,2,12,0
4430363,1,0,1,0,0,0,137,2,12,0
4431734,1,1,0,0,0,0,137,2,12,0
4431763,1,0,0,1,1,0,137,2,12,0
4431828,1,0,1,0,0,0,137,2,12,0
4432531,1,1,0,0,0,0,137,2,12,0
4433069,1,1,0,0,0,0,137,2,12,0
4433134,0,0,0,0,1,0,137,2,12,0
4433370,0,1,1,0,1,0,137,2,12,0
4433619,0,0,1,1,0,0,137,2,12,0
4433728,0,1,1,0,1,0,137,2,12,0
4433990,0,1,1,0,1,0,137,2,12,0
4434186,1,1,1,1,1,0,137,2,12,0
4434830,0,1,1,0,1,0,137,2,12,0
4436076,0,0,0,0,1,0,137,2,12,0
4436229,1,1,0,0,0,0,137,2,12,0
4436267,1,1,1,1,1,0,137,2,12,0
4436948,1,0,0,1,1,0,137,2,12,0
4437208,1,0,0,1,1,0,137,2,12,0
4437288,1,1,1,1,1,0,137,2,12,0
4439099,1,0,0,1,1,0,137,2,12,0
4439212,1,0,1,0,0,0,137,2,12,0
4440135,0,1,0,1,0,0,137,2,12,0
4440188,1,1,0,0,0,0,137,2,12,0
4440677,1,1,1,1,1,0,137,2,12,0
4441509,0,0,0,0,1,0,137,2,12,0
4442065,1,1,0,0,0,0,137,2,12,0
4442900,0,1,0,1,0,0,137,2,12,0
4443116,0,0,0,0,1,0,137,2,12,0
4443564,1,1,0,0,0,0,137,2,12,0
4443955,0,1,0,1,0,0,137,2,12,0
4444132,0,1,1,0,1,0,137,2,12,0
4444505,0,1,0,1,0,0,137,2,12,0
4444568,1,1,0,0,0,0,137,2,12,0
4444821,0,1,0,1,0,0,137,2,12,0
4445771,1,1,0,0,0,0,137,2,12,0
4446155,1,1,0,0,0,0,137,2,12,0
4446627,1,0,0,1,1,0,137,2,12,0
4446794,0,1,0,1,0,0,137,2,12,0
4448095,1,0,0,1,1,0,137,2,12,0
4449598,1,0,1,0,0,0,137,2,12,0
4450079,0,1,0,0,0,0,137,2,12,0
4450210,0,1,0,1,0,0,137,2,12,0
4450325,1,0,0,0,1,1,137,2,12,0
4451139,1,1,1,1,1,0,137,2,12,0
4451630,1,1,0,0,0,0,137,2,12,0
4451645,0,0,0,0,1,0,137,2,12,0
4451703,1,1,0,1,0,0,137,2,12,0
4452249,1,1,1,1,1,0,137,2,12,0
4452399,1,0,0,1,1,0,137,2,12,0
4452453,1,1,0,0,0,0,137,2,12,0
4452868,1,1,1,1,1,0,137,2,12,0
4452897,1,0,1,0,0,0,137,2,12,0
4453109,1,0,1,1,0,0,137,2,12,0
4453327,0,0,1,1,0,0,137,2,12,0
4454269,0,0,0,0,1,0,137,2,12,0
4455182,0,0,0,0,1,0,137,2,12,0
4456516,0,1,1,0,1,0,111,2,12,0
4456886,0,0,1,1,0,0,111,2,12,0
4457947,1,1,1,1,1,0,111,2,12,0
4458911,0,1,1,0,1,0,111,2,12,0
4458950,1,1,1,1,1,0,111,2,12,0
4458956,1,1,1,1,1,0,111,2,12,0
4459047,0,1,0,1,0,0,111,2,12,0
4459807,1,1,1,1,1,0,111,2,12,0
4459991,1,0,1,0,0,0,111,2,12,0
4460292,0,1,1,0,1,0,111,2,12,0
4460318,0,0,1,1,0,0,111,2,12,0
4460964,1,1,1,1,1,0,111,2,12,0
4462001,1,1,1,1,1,0,111,2,12,0
4463235,0,0,1,1,0,0,111,2,12,0
4463656,1,0,0,1,1,0,111,2,12,0
4463900,0,1,0,1,0,0,111,2,12,0
4464425,1,1,1,1,1,0,111,2,12,0
4464585,1,0,1,0,0,0,111,2,12,0
4464665,0,1,0,1,0,0,111,2,12,0
4464771,1,1,0,0,0,0,111,2,12,0
4464830,0,0,0,0,1,0,111,2,12,0
4466761,1,0,1,0,0,0,111,2,12,0
4467682,0,1,1,0,1,0,111,2,12,0
4468178,1,0,0,0,1,1,111,2,12,0
4468369,0,1,0,1,0,0,111,2,12,0
4468387,0,1,1,0,1,0,111,2,12,0
4468471,0,0,0,0,1,0,111,2,12,0
4469211,0,0,0,0,1,0,111,2,12,0
4469312,1,0,1,0,0,0,111,2,12,0
4470039,1,0,0,1,1,0,111,2,12,0
4470283,0,1,1,0,1,0,111,2,12,0
4470314,0,0,0,0,1,0,111,2,12,0
4470403,0,1,1,1,1,1,111,2,12,0
4470644,1,0,1,0,0,0,111,2,12,0
4471144,1,1,0,0,0,0,111,2,12,0
4471517,1,0,0,1,1,0,111,2,12,0
4474050,0,0,0,0,1,0,111,2,12,0
4474791,0,1,1,0,1,0,111,2,12,0
4475504,0,0,0,0,1,0,111,2,12,0
4475516,1,0,1,0,0,0,111,2,12,0
4476556,1,1,0,0,0,0,111,2,12,0
4476644,0,1,0,1,0,0,111,2,12,0
4476700,1,1,1,1,1,0,111,2,12,0
4477520,0,0,1,1,0,0,111,2,12,0
4480129,1,0,1,0,0,0,111,2,12,0
4480427,1,1,0,0,0,0,111,2,12,0
4480660,1,1,0,0,0,0,111,2,12,0
4480874,1,0,0,1,1,0,111,2,12,0
4482209,0,0,1,1,0,0,111,2,12,0
4483464,1,1,0,0,0,0,111,2,12,0
4483802,0,1,0,1,0,0,111,2,12,0
4484320,0,1,0,1,0,0,111,2,12,0
4484493,0,1,0,1,0,0,111,2,12,0
4484990,0,1,0,1,0,0,111,2,12,0
4485543,0,0,1,1,0,0,111,2,12,0
4486019,0,0,1,1,0,0,111,2,12,0
4486526,0,1,0,1,0,0,111,2,12,0
4486732,0,1,0,1,0,0,111,2,12,0
4487200,1,0,0,1,1,0,111,2,12,0
4488214,1,1,1,1,1,0,111,2,12,0
4488856,1,1,1,1,1,0,111,2,12,0
4489302,0,0,1,1,0,0,111,2,12,0
4489969,1,1,0,0,0,0,111,2,12,0
4490616,0,0,1,1,0,0,111,2,12,0
4491329,0,0,1,1,0,0,111,2,12,0
4492152,1,0,1,0,0,0,111,2,12,0
4492567,0,1,1,0,1,0,111,2,12,0
4492689,0,0,0,0,1,0,111,2,12,0
4493116,1,1,1,1,1,0,111,2,12,0
4493597,0,1,1,0,1,0,111,2,12,0
4493883,1,1,0,0,0,0,111,2,12,0
4494005,1,0,0,1,1,0,111,2,12,0
4494761,0,1,1,0,1,0,111,2,12,0
4495386,1,1,0,0,0,0,111,2,12,0
4495712,1,1,0,0,0,0,111,2,12,0
4497815,0,1,0,1,0,0,111,2,12,0
4498104,0,0,1,1,0,0,111,2,12,0
4498811,1,0,0,1,1,0,111,2,12,0
4499243,1,1,1,1,1,0,111,2,12,0
4499258,0,1,1,0,1,0,111,2,12,0
4499456,1,1,1,1,1,0,111,2,12,0
4499720,0,0,0,0,1,0,111,2,12,0
4499868,1,1,0,0,0,0,111,2,12,0
4500444,0,0,0,0,1,0,111,2,12,0
4500458,1,1,0,0,0,0,111,2,12,0
4501723,0,1,0,1,0,0,111,2,12,0
4501971,1,0,0,1,1,0,111,2,12,0
4504021,1,1,1,1,1,0,111,2,12,0
4504868,1,1,0,0,0,0,111,2,12,0
4505033,1,0,1,0,0,0,111,2,12,0
4505690,1,1,0,0,0,0,111,2,12,0
4506579,0,0,1,1,0,0,111,2,12,0
4508054,0,1,0,0,0,0,111,2,12,0
4508379,1,0,1,0,0,0,111,2,12,0
4509487,1,1,1,1,1,0,111,2,12,0
4510176,0,1,0,1,0,0,111,2,12,0
4510566,0,0,1,1,0,0,111,2,12,0
4511723,0,0,0,0,1,0,111,2,12,0
4512806,1,1,0,0,0,0,111,2,12,0
4512900,0,1,1,0,1,0,111,2,12,0
4513288,1,1,0,0,0,0,111,2,12,0
4513609,0,0,1,1,0,0,111,2,12,0
4513680,1,1,1,1,1,0,111,2,12,0
4513843,0,1,0,1,0,0,111,2,12,0
4513953,0,0,0,0,1,0,111,2,12,0
4514027,1,0,0,1,1,0,111,2,12,0
4515828,1,0,1,0,0,0,111,2,12,0
4516021,1,0,0,1,1,0,111,2,12,0
4517352,1,1,0,0,0,0,111,2,12,0
4519204,0,1,1,0,1,0,111,2,12,0
4519618,1,1,1,1,1,0,111,2,12,0
4522835,1,0,0,1,1,0,117,2,12,0
4523652,1,0,0,1,1,0,117,2,12,0
4523700,1,0,0,1,1,0,117,2,12,0
4523853,1,1,0,0,0,0,117,2,12,0
4524074,1,1,1,1,1,0,117,2,12,0
4524359,0,1,1,0,1,0,117,2,12,0
4524591,0,0,0,0,1,0,117,2,12,0
4524758,0,1,0,1,0,0,117,2,12,0
4527418,0,0,1,1,0,0,117,2,12,0
4527695,1,0,1,0,0,0,117,2,12,0
4527838,1,0,0,1,1,0,117,2,12,0
4527873,0,0,1,1,0,0,117,2,12,0
4528393,1,1,0,0,0,0,117,2,12,0
4528446,1,0,1,0,0,0,117,2,12,0
4529795,0,1,0,1,0,0,117,2,12,0
4530302,1,0,0,1,1,0,117,2,12,0
4532147,0,1,1,0,1,0,117,2,12,0
4532439,0,1,0,1,0,0,117,2,12,0
4532633,1,0,1,0,0,0,117,2,12,0
4532742,1,0,1,0,0,0,117,2,12,0
4533014,1,0,0,1,1,0,117,2,12,0
4533060,1,1,1,1,1,0,117,2,12,0
4533277,1,1,0,0,0,0,117,2,12,0
4534586,1,1,0,0,0,0,117,2,12,0
4534734,1,0,1,0,0,0,117,2,12,0
4536513,0,1,1,0,1,0,117,2,12,0
4536631,1,0,0,1,1,0,117,2,12,0
4537958,1,1,1,1,1,0,117,2,12,0
4538020,0,1,1,0,1,0,117,2,12,0
4538040,1,1,1,1,1,0,117,2,12,0
4538456,0,0,1,1,0,0,117,2,12,0
4539250,0,1,0,1,0,0,117,2,12,0
4539336,1,0,1,0,0,0,117,2,12,0
4539647,0,0,1,1,0,0,117,2,12,0
4541511,0,0,0,0,1,0,117,2,12,0
4541927,1,1,0,0,0,0,117,2,12,0
4542868,1,0,0,1,1,0,117,2,12,0
4543010,0,0,0,0,1,0,117,2,12,0
4545870,1,1,1,1,1,0,117,2,12,0
4546831,1,0,0,1,1,0,117,2,12,0
4547013,0,0,1,1,0,0,117,2,12,0
4547749,0,1,1,0,1,0,117,2,12,0
4548712,1,0,1,0,0,0,117,2,12,0
4548727,1,0,1,0,0,0,117,2,12,0
4549336,0,1,1,0,1,0,117,2,12,0
4549337,0,0,1,1,0,0,117,2,12,0
4549434,1,1,0,0,0,0,117,2,12,0
4551668,0,1,0,1,0,0,117,2,12,0
4552070,0,0,1,1,0,0,117,2,12,0
4553156,0,1,1,0,1,0,117,2,12,0
4553533,0,1,0,1,0,0,117,2,12,0
4554162,0,1,0,1,0,0,117,2,12,0
4554720,0,0,1,1,0,0,117,2,12,0
4554818,1,0,0,1,1,0,117,2,12,0
4555086,0,0,1,1,0,0,117,2,12,0
4555871,1,0,0,1,1,0,117,2,12,0
4556008,1,1,0,0,0,0,117,2,12,0
4556353,1,1,1,1,1,0,117,2,12,0
4556512,0,1,0,1,0,0,117,2,12,0
4556806,1,0,1,0,0,0,117,2,12,0
4557242,0,1,1,0,1,0,117,2,12,0
4558399,1,1,1,1,1,0,117,2,12,0
4558513,1,1,1,1,1,0,117,2,12,0
4558796,0,0,1,1,0,0,117,2,12,0
4558830,1,1,0,0,0,0,117,2,12,0
4558921,0,0,0,0,1,0,117,2,12,0
4559657,1,0,0,1,1,0,117,2,12,0
4560052,1,0,0,1,1,0,117,2,12,0
4560664,0,0,1,0,0,0,117,2,12,0
4561069,0,1,1,0,1,0,117,2,12,0
4561257,1,1,1,1,1,0,117,2,12,0
4561893,1,0,0,1,1,0,117,2,12,0
4562837,0,0,0,0,1,0,117,2,12,0
4563020,0,1,1,0,1,0,117,2,12,0
4563688,0,1,1,0,1,0,117,2,12,0
4564868,0,1,0,1,0,0,117,2,12,0
4565796,1,1,1,1,1,0,117,2,12,0
4566833,0,0,1,1,0,0,117,2,12,0
4566957,0,0,0,0,1,0,117,2,12,0
4569643,1,1,1,1,1,0,117,2,12,0
4569877,1,1,0,0,0,0,117,2,12,0
4570098,1,0,0,1,1,0,117,2,12,0
4570453,0,1,0,1,0,0,117,2,12,0
4572147,1,0,1,0,0,0,117,2,12,0
4572516,0,0,0,0,1,0,117,2,12,0
4572555,0,0,0,0,1,0,117,2,12,0
4572695,1,0,0,0,1,1,117,2,12,0
4573713,0,1,1,1,1,1,117,2,12,0
4574247,1,0,1,0,0,0,117,2,12,0
4574467,0,0,1,1,0,0,117,2,12,0
4576094,0,0,0,0,1,0,117,2,12,0
4576485,0,0,1,1,0,0,117,2,12,0
4578435,1,1,1,1,1,0,117,2,12,0
4579993,1,1,1,1,1,0,117,2,12,0
4581099,1,0,1,0,0,0,117,2,12,0
4581279,0,0,1,1,0,0,117,2,12,0
4584325,1,1,1,0,1,1,117,2,12,0
4584708,1,1,1,1,1,0,117,2,12,0
4585149,1,1,1,1,1,0,117,2,12,0
4585184,1,1,1,1,1,0,117,2,12,0
4585625,1,0,1,0,0,0,117,2,12,0
4586222,1,0,1,0,0,0,117,2,12,0
4587589,1,0,0,1,1,0,113,1,12,0
4589426,0,1,0,1,0,0,113,1,12,0
4589869,1,1,1,1,1,0,113,1,12,0
4589875,0,1,1,0,1,0,113,1,12,0
4590557,1,1,0,0,0,0,113,1,12,0
4590851,0,0,0,0,1,0,113,1,12,0
4592187,1,1,0,0,0,0,113,1,12,0
4593093,1,0,1,0,0,0,113,1,12,0
4593195,0,1,0,1,0,0,113,1,12,0
4594524,0,1,1,0,1,0,113,1,12,0
4595269,1,0,1,0,0,0,113,1,12,0
4595430,1,0,1,0,0,0,113,1,12,0
4596126,0,0,0,0,1,0,113,1,12,0
4596503,1,0,0,1,1,0,113,1,12,0
4596564,1,0,0,1,1,0,113,1,12,0
4596576,0,0,1,1,0,0,113,1,12,0
4596817,1,1,0,0,0,0,113,1,12,0
4597067,1,1,1,1,1,0,113,1,12,0
4597124,0,1,1,0,1,0,113,1,12,0
4597217,1,1,0,0,0,0,113,1,12,0
4597781,0,0,1,1,0,0,113,1,12,0
4597955,0,1,1,0,1,0,113,1,12,0
4598768,1,1,1,1,1,0,113,1,12,0
4599836,1,0,0,1,1,0,113,1,12,0
4599867,1,1,0,0,0,0,113,1,12,0
4601555,0,1,0,1,0,0,113,1,12,0
4601747,0,1,1,0,1,0,113,1,12,0
4602238,1,0,0,1,1,0,113,1,12,0
4603474,1,1,0,0,0,0,113,1,12,0
4604306,1,1,0,0,0,0,113,1,12,0
4605003,1,0,0,1,1,0,113,1,12,0
4605487,0,0,0,0,1,0,113,1,12,0
4605710,0,1,1,0,1,0,113,1,12,0
4606451,1,1,0,0,0,0,113,1,12,0
4607092,0,0,1,1,0,0,113,1,12,0
4609306,0,1,0,1,0,0,113,1,12,0
4610088,0,1,0,1,0,0,113,1,12,0
4610408,1,0,1,0,0,0,113,1,12,0
4610736,1,1,0,0,0,0,113,1,12,0
4613181,0,1,1,0,1,0,113,1,12,0
4613277,1,0,0,1,1,0,113,1,12,0
4613363,1,0,1,0,0,0,113,1,12,0
4615165,0,1,0,1,0,0,113,1,12,0
4615851,0,0,1,1,0,0,113,1,12,0
4616896,1,1,1,1,1,0,113,1,12,0
4617385,0,0,1,1,0,0,113,1,12,0
4617983,1,0,0,1,1,0,113,1,12,0
4618822,1,0,0,1,1,0,113,1,12,0
4621258,0,1,0,1,0,0,113,1,12,0
4621450,0,1,0,1,0,0,113,1,12,0
4622924,1,0,1,0,0,0,113,1,12,0
4623132,1,0,0,1,1,0,113,1,12,0
4623339,1,1,1,1,1,0,113,1,12,0
4623607,1,0,0,1,1,0,113,1,12,0
4624350,0,0,0,0,1,0,113,1,12,0
4624496,0,1,1,0,1,0,113,1,12,0
4624676,1,1,1,1,1,0,113,1,12,0
4626233,1,1,1,1,1,0,113,1,12,0
4626310,0,1,0,1,0,0,113,1,12,0
4626314,0,0,0,0,1,0,113,1,12,0
4626765,0,1,0,0,0,0,113,1,12,0
4627675,0,1,0,1,0,0,113,1,12,0
4628907,1,1,0,0,0,0,113,1,12,0
4629663,1,1,0,0,0,0,113,1,12,0
4631361,0,1,0,1,0,0,113,1,12,0
4631775,1,0,1,0,0,0,113,1,12,0
4632938,0,1,0,1,0,0,113,1,12,0
4633234,0,1,1,0,1,0,113,1,12,0
4633408,1,1,1,1,1,0,113,1,12,0
4633759,1,0,0,1,1,0,113,1,12,0
4634374,1,0,0,1,1,0,113,1,12,0
4634378,0,0,1,1,0,0,113,1,12,0
4634475,0,1,1,0,1,0,113,1,12,0
4634723,1,0,1,0,0,0,113,1,12,0
4635021,1,1,1,1,1,0,113,1,12,0
4637692,1,1,0,0,0,0,113,1,12,0
4638056,0,1,1,0,1,0,113,1,12,0
4639937,1,0,1,0,0,0,113,1,12,0
4641081,1,1,1,1,1,0,113,1,12,0
4642162,0,0,1,1,0,0,113,1,12,0
4642411,0,0,1,1,0,0,113,1,12,0
4642727,1,1,0,0,0,0,113,1,12,0
4642800,0,1,0,1,0,0,113,1,12,0
4642952,1,1,1,1,1,0,113,1,12,0
4642987,0,0,0,0,1,0,113,1,12,0
4643245,0,1,1,0,1,0,113,1,12,0
4643626,1,1,0,0,0,0,113,1,12,0
4644781,1,1,0,0,0,0,113,1,12,0
4647504,0,1,1,1,1,1,113,1,12,0
4647946,1,0,0,1,1,0,113,1,12,0
4648706,1,0,0,1,1,0,113,1,12,0
4648758,0,1,1,1,1,1,113,1,12,0
4649096,0,0,1,0,0,0,113,1,12,0
4651241,0,1,0,0,0,0,113,1,12,0
4651794,1,0,1,0,0,0,113,1,12,0
4651837,0,1,0,1,0,0,113,1,12,0
4652041,1,1,0,0,0,0,113,1,12,0
4652225,1,1,0,0,0,0,113,1,12,0
4652408,1,0,0,0,1,1,113,1,12,0
4654199,1,0,1,0,0,0,140,1,9,1
4654575,1,1,0,0,0,0,140,1,9,1
4656748,1,1,0,0,0,0,140,1,9,1
4659484,1,1,0,0,0,0,140,1,9,1
4661976,0,1,1,0,1,0,140,1,9,1
4662371,1,1,1,1,1,0,140,1,9,1
4662841,1,1,0,0,0,0,140,1,9,1
4667548,1,1,1,1,1,0,140,1,9,1
4669449,0,1,1,1,1,1,140,1,9,1
4669817,1,0,0,1,1,0,140,1,9,1
4670041,1,1,0,0,0,0,140,1,9,1
4670694,1,1,1,1,1,0,140,1,9,1
4671811,0,0,0,0,1,0,140,1,9,1
4673587,1,0,1,0,0,0,140,1,9,1
4674450,0,0,1,1,0,0,140,1,9,1
4675474,0,1,0,1,0,0,140,1,9,1
4678257,0,0,0,0,1,0,140,1,9,1
4678353,0,0,0,0,1,0,140,1,9,1
4681121,1,0,0,1,1,0,140,1,9,1
4681500,0,0,1,1,0,0,140,1,9,1
4681976,1,1,0,0,0,0,140,1,9,1
4685585,0,0,0,0,1,0,140,1,9,1
4685959,1,0,1,0,0,0,140,1,9,1
4686490,0,0,0,0,1,0,140,1,9,1
4690496,0,0,1,1,0,0,140,1,9,1
4691431,1,0,1,0,0,0,140,1,9,1
4694626,1,0,0,1,1,0,140,1,9,1
4696220,1,0,0,1,1,0,140,1,9,1
4696430,0,0,0,0,1,0,140,1,9,1
4698119,0,0,0,0,1,0,140,1,9,1
4698823,1,0,0,1,1,0,140,1,9,1
4703818,1,0,0,1,1,0,140,1,9,1
4704062,0,0,0,0,1,0,140,1,9,1
4704218,1,0,0,1,1,0,140,1,9,1
4704868,0,1,0,0,0,0,140,1,9,1
4705888,1,0,1,0,0,0,140,1,9,1
4706170,1,1,0,0,0,0,140,1,9,1
4706423,0,1,1,0,1,0,140,1,9,1
4708216,1,1,1,1,1,0,140,1,9,1
4710143,1,0,1,0,0,0,140,1,9,1
4711448,1,1,1,1,1,0,140,1,9,1
4713270,1,1,1,0,1,1,140,1,9,1
4714025,1,1,0,0,0,0,140,1,9,1
4715666,0,1,0,1,0,0,140,1,9,1
4716925,1,0,0,1,1,0,140,1,9,1
4717589,1,1,0,0,0,0,140,1,9,1
4720362,0,0,1,1,0,0,121,1,9,1
4721214,1,1,1,1,1,0,121,1,9,1
4721693,0,1,1,0,1,0,121,1,9,1
4721948,1,0,1,0,0,0,121,1,9,1
4722554,0,0,1,1,0,0,121,1,9,1
4725382,0,1,0,1,0,0,121,1,9,1
4727835,1,1,1,1,1,0,121,1,9,1
4728143,1,0,1,0,0,0,121,1,9,1
4731784,0,0,1,1,0,0,121,1,9,1
4731961,1,0,0,1,1,0,121,1,9,1
4733046,0,0,0,0,1,0,121,1,9,1
4735298,1,1,1,1,1,0,121,1,9,1
4735483,0,0,0,0,1,0,121,1,9,1
4736669,1,0,1,0,0,0,121,1,9,1
4737121,0,0,1,1,0,0,121,1,9,1
4738859,1,0,0,1,1,0,121,1,9,1
4738915,0,0,0,0,1,0,121,1,9,1
4738951,0,1,0,1,0,0,121,1,9,1
4740825,0,0,0,0,1,0,121,1,9,1
4740897,0,1,1,0,1,0,121,1,9,1
4741858,1,0,0,1,1,0,121,1,9,1
4742893,1,1,1,1,1,0,121,1,9,1
4742939,0,1,0,1,0,0,121,1,9,1
4743063,0,1,0,1,0,0,121,1,9,1
4743900,1,1,1,1,1,0,121,1,9,1
4745864,0,1,0,1,0,0,121,1,9,1
4748087,1,0,1,0,0,0,121,1,9,1
4756393,1,0,0,1,1,0,121,1,9,1
4756641,0,0,1,1,0,0,121,1,9,1
4756748,1,1,1,1,1,0,121,1,9,1
4756918,0,1,0,1,0,0,121,1,9,1
4759706,1,1,1,1,1,0,121,1,9,1
4759917,1,1,0,0,0,0,121,1,9,1
4765186,1,1,0,0,0,0,121,1,9,1
4765337,0,0,0,0,1,0,121,1,9,1
4766659,0,0,0,0,1,0,121,1,9,1
4767944,1,0,1,0,0,0,121,1,9,1
4769130,0,1,0,1,0,0,121,1,9,1
4770849,0,1,1,0,1,0,121,1,9,1
4772497,0,1,0,0,0,0,121,1,9,1
4773316,0,1,0,1,0,0,121,1,9,1
4773611,1,0,0,0,1,1,121,1,9,1
4774700,1,1,1,1,1,0,121,1,9,1
4775892,0,0,1,1,0,0,121,1,9,1
4777850,1,1,1,1,1,0,121,1,9,1
4778742,0,1,1,0,1,0,121,1,9,1
4780909,0,0,0,0,1,0,121,1,9,1
4781004,1,1,0,0,0,0,121,1,9,1
4781658,1,0,1,0,0,0,121,1,9,1
4782149,0,0,1,1,0,0,121,1,9,1
4782969,0,1,1,0,1,0,121,1,9,1
4784934,1,0,0,1,1,0,154,1,9,1
4785254,1,0,1,0,0,0,154,1,9,1
4787115,0,1,0,1,0,0,154,1,9,1
4788777,1,0,0,1,1,0,154,1,9,1
4790982,1,0,1,0,0,0,154,1,9,1
4791848,1,0,0,1,1,0,154,1,9,1
4792032,0,1,1,0,1,0,154,1,9,1
4792445,0,1,1,0,1,0,154,1,9,1
4794381,1,1,0,0,0,0,154,1,9,1
4795237,1,1,1,1,1,0,154,1,9,1
4795305,1,0,0,1,1,0,154,1,9,1
4795518,1,1,0,1,0,0,154,1,9,1
4795939,1,1,1,1,1,0,154,1,9,1
4796026,1,0,1,0,0,0,154,1,9,1
4796667,0,1,1,0,1,0,154,1,9,1
4798091,0,1,1,0,1,0,154,1,9,1
4798107,0,0,1,1,0,0,154,1,9,1
4798503,0,1,1,0,1,0,154,1,9,1
4798689,0,1,0,1,0,0,154,1,9,1
4799586,1,0,1,0,0,0,154,1,9,1
4800966,0,1,1,0,1,0,154,1,9,1
4801994,1,0,1,0,0,0,154,1,9,1
4802529,1,1,1,1,1,0,154,1,9,1
4802622,0,0,0,0,1,0,154,1,9,1
4804223,0,1,1,1,1,1,154,1,9,1
4804474,1,1,0,0,0,0,154,1,9,1
4806813,0,0,0,0,1,0,154,1,9,1
4808007,1,0,0,1,1,0,154,1,9,1
4808098,1,0,0,1,1,0,154,1,9,1
4810678,0,0,1,1,0,0,154,1,9,1
4810780,1,1,0,0,0,0,154,1,9,1
4810940,1,1,1,1,1,0,154,1,9,1
4810978,0,0,1,1,0,0,154,1,9,1
4813483,1,1,0,0,0,0,154,1,9,1
4813900,0,1,0,1,0,0,154,1,9,1
4815525,1,0,0,1,1,0,154,1,9,1
4819140,0,1,0,1,0,0,154,1,9,1
4819585,0,1,1,0,1,0,154,1,9,1
4819804,1,0,0,1,1,0,154,1,9,1
4820188,0,1,1,0,1,0,154,1,9,1
4820242,1,1,1,1,1,0,154,1,9,1
4823047,1,1,1,1,1,0,154,1,9,1
4823209,1,0,0,1,1,0,154,1,9,1
4823364,1,0,0,1,1,0,154,1,9,1
4823717,1,1,1,1,1,0,154,1,9,1
4824298,1,1,0,0,0,0,154,1,9,1
4825694,1,0,0,1,1,0,154,1,9,1
4826178,0,1,1,0,1,0,154,1,9,1
4827663,1,0,0,1,1,0,154,1,9,1
4828119,0,1,0,1,0,0,154,1,9,1
4829359,1,0,0,1,1,0,154,1,9,1
4832137,1,0,1,0,0,0,154,1,9,1
4833515,1,0,1,0,0,0,154,1,9,1
4833900,1,1,1,1,1,0,154,1,9,1
4837362,1,0,1,0,0,0,154,1,9,1
4837634,0,0,0,0,1,0,154,1,9,1
4838303,1,1,1,1,1,0,154,1,9,1
4840045,1,0,0,1,1,0,154,1,9,1
4840871,0,0,1,1,0,0,154,1,9,1
4842028,1,0,0,1,1,0,154,1,9,1
4843501,0,1,1,0,1,0,154,1,9,1
4843626,1,1,1,1,1,0,154,1,9,1
4844240,1,0,1,0,0,0,154,1,9,1
4845233,1,0,0,1,1,0,154,1,9,1
4846786,1,1,1,1,1,0,154,1,9,1
4847850,1,1,1,1,1,0,154,1,9,1
4847953,1,1,1,1,1,0,154,1,9,1
4851258,0,0,0,0,1,0,108,1,9,1
4852027,0,1,1,0,1,0,108,1,9,1
4854607,0,1,0,1,0,0,108,1,9,1
4856972,0,0,0,0,1,0,108,1,9,1
4858681,1,0,1,0,0,0,108,1,9,1
4859922,0,1,1,0,1,0,108,1,9,1
4860146,0,1,0,1,0,0,108,1,9,1
4863582,0,1,1,0,1,0,108,1,9,1
4863870,0,0,0,0,1,0,108,1,9,1
4865910,0,1,0,1,0,0,108,1,9,1
4866037,1,1,1,1,1,0,108,1,9,1
4869041,1,0,0,1,1,0,108,1,9,1
4870066,1,1,0,0,0,0,108,1,9,1
4870517,0,1,1,0,1,0,108,1,9,1
4871924,0,1,1,0,1,0,108,1,9,1
4872955,1,0,0,0,1,1,108,1,9,1
4873264,0,0,1,1,0,0,108,1,9,1
4874264,0,1,1,1,1,1,108,1,9,1
4874376,0,0,1,1,0,0,108,1,9,1
4874836,0,1,1,0,1,0,108,1,9,1
4876234,0,1,0,1,0,0,108,1,9,1
4877929,1,0,0,1,1,0,108,1,9,1
4878775,0,1,1,0,1,0,108,1,9,1
4878965,0,0,1,1,0,0,108,1,9,1
4880482,1,1,0,0,0,0,108,1,9,1
4882180,0,0,1,1,0,0,108,1,9,1
4883618,0,1,0,1,0,0,108,1,9,1
4883940,1,0,1,0,0,0,108,1,9,1
4889152,0,0,0,0,1,0,108,1,9,1
4890106,0,0,0,0,1,0,108,1,9,1
4890194,1,0,0,0,1,1,108,1,9,1
4892229,1,0,1,0,0,0,108,1,9,1
4892605,0,1,1,0,1,0,108,1,9,1
4893640,0,0,0,0,1,0,108,1,9,1
4898117,0,1,1,0,1,0,108,1,9,1
4899113,1,1,0,0,0,0,108,1,9,1
4905303,0,1,0,1,0,0,108,1,9,1
4905762,0,1,1,0,1,0,108,1,9,1
4905854,1,1,0,0,0,0,108,1,9,1
4907224,1,0,1,0,0,0,108,1,9,1
4909934,0,0,1,1,0,0,108,1,9,1
4910484,0,1,1,0,1,0,108,1,9,1
4911129,0,1,1,0,1,0,108,1,9,1
4911928,0,0,1,1,0,0,108,1,9,1
4914011,1,1,0,0,0,0,108,1,9,1
4916486,0,0,0,0,1,0,128,2,9,0
4916507,1,0,0,1,1,0,128,2,9,0
4918247,1,0,0,1,1,0,128,2,9,0
4919840,1,0,0,1,1,0,128,2,9,0
4920636,1,0,0,1,1,0,128,2,9,0
4921017,1,0,0,1,1,0,128,2,9,0
4921181,0,1,0,1,0,0,128,2,9,0
4922560,1,1,0,0,0,0,128,2,9,0
4925745,0,1,0,1,0,0,128,2,9,0
4926110,1,0,0,1,1,0,128,2,9,0
4926231,0,0,0,0,1,0,128,2,9,0
4927721,1,0,0,1,1,0,128,2,9,0
4928022,1,1,1,1,1,0,128,2,9,0
4929436,0,1,1,0,1,0,128,2,9,0
4930589,0,0,1,1,0,0,128,2,9,0
4931267,0,1,1,0,1,0,128,2,9,0
4932429,0,0,1,1,0,0,128,2,9,0
4932486,1,1,1,1,1,0,128,2,9,0
4932787,1,1,0,0,0,0,128,2,9,0
4932990,0,0,1,1,0,0,128,2,9,0
4933040,1,1,0,0,0,0,128,2,9,0
4934776,1,1,0,0,0,0,128,2,9,0
4935780,0,1,0,1,0,0,128,2,9,0
4936684,1,1,1,1,1,0,128,2,9,0
4936935,1,0,1,0,0,0,128,2,9,0
4937041,1,0,1,0,0,0,128,2,9,0
4938440,0,0,0,0,1,0,128,2,9,0
4938495,1,0,1,1,0,0,128,2,9,0
4938691,0,1,0,1,0,0,128,2,9,0
4941214,1,0,0,1,1,0,128,2,9,0
4942953,1,1,0,0,0,0,128,2,9,0
4943754,1,1,0,0,0,0,128,2,9,0
4944322,1,0,1,0,0,0,128,2,9,0
4945848,0,1,0,1,0,0,128,2,9,0
4945959,1,0,0,1,1,0,128,2,9,0
4946973,0,1,0,1,0,0,128,2,9,0
4947227,1,1,1,1,1,0,128,2,9,0
4947927,0,1,0,1,0,0,128,2,9,0
4948492,0,1,1,0,1,0,128,2,9,0
4948522,0,1,0,1,0,0,128,2,9,0
4949386,0,1,1,0,1,0,128,2,9,0
4949907,1,1,1,1,1,0,128,2,9,0
4950277,0,0,0,0,1,0,128,2,9,0
4951675,1,0,0,1,1,0,128,2,9,0
4953214,0,0,0,0,1,0,128,2,9,0
4955157,1,1,1,1,1,0,128,2,9,0
4956276,0,1,1,0,1,0,128,2,9,0
4956331,1,1,0,0,0,0,128,2,9,0
4956984,0,1,1,0,1,0,128,2,9,0
4957552,0,1,0,1,0,0,128,2,9,0
4958766,1,0,1,0,0,0,128,2,9,0
4959528,1,0,0,1,1,0,128,2,9,0
4959542,0,0,1,1,0,0,128,2,9,0
4959591,1,0,1,1,0,0,128,2,9,0
4959782,1,0,1,0,0,0,128,2,9,0
4961060,0,0,1,1,0,0,128,2,9,0
4962435,0,0,1,1,0,0,128,2,9,0
4965415,0,0,1,1,0,0,128,2,9,0
4966858,1,1,0,0,0,0,128,2,9,0
4969365,0,1,0,1,0,0,128,2,9,0
4970624,0,1,1,0,1,0,128,2,9,0
4970981,0,1,1,0,1,0,128,2,9,0
4971406,0,1,1,0,1,0,128,2,9,0
4972322,0,1,1,0,1,0,128,2,9,0
4973278,0,1,0,1,0,0,128,2,9,0
4974185,1,1,0,0,0,0,128,2,9,0
4980380,1,1,1,1,1,0,128,2,9,0
4980463,1,0,0,1,1,0,128,2,9,0
4980786,0,1,0,1,0,0,119,2,12,0
4981740,0,1,1,0,1,0,119,2,12,0
4981772,0,0,1,1,0,0,119,2,12,0
4981929,1,1,0,0,0,0,119,2,12,0
4981951,0,1,1,0,1,0,119,2,12,0
4981981,0,0,0,0,1,0,119,2,12,0
4982231,0,0,0,0,1,0,119,2,12,0
4982417,0,0,1,1,0,0,119,2,12,0
4983787,0,0,1,1,0,0,119,2,12,0
4985661,0,0,0,0,1,0,119,2,12,0
4985883,1,1,1,1,1,0,119,2,12,0
4986407,1,1,1,1,1,0,119,2,12,0
4986909,1,1,1,1,1,0,119,2,12,0
4987037,1,1,1,1,1,0,119,2,12,0
4987067,1,0,1,0,0,0,119,2,12,0
4987924,0,1,0,1,0,0,119,2,12,0
4988839,1,1,1,1,1,0,119,2,12,0
4988979,1,0,1,0,0,0,119,2,12,0
4989391,1,0,0,1,1,0,119,2,12,0
4989427,1,1,0,1,0,0,119,2,12,0
4990684,1,1,0,0,0,0,119,2,12,0
4991290,1,0,1,0,0,0,119,2,12,0
4991669,1,0,0,1,1,0,119,2,12,0
4994453,0,0,0,0,1,0,119,2,12,0
4994769,0,1,1,0,1,0,119,2,12,0
4995386,0,0,0,0,1,0,119,2,12,0
4995490,1,0,1,0,0,0,119,2,12,0
4996100,0,1,0,1,0,0,119,2,12,0
4996425,0,1,0,1,0,0,119,2,12,0
4997371,1,1,1,1,1,0,119,2,12,0
4997936,1,0,0,1,1,0,119,2,12,0
4998175,1,0,0,1,1,0,119,2,12,0
4998260,0,0,0,0,1,0,119,2,12,0
4998358,1,0,1,0,0,0,119,2,12,0
4998950,1,1,0,0,0,0,119,2,12,0
4999058,1,1,1,1,1,0,119,2,12,0
5000150,1,0,1,0,0,0,119,2,12,0
5000359,1,1,0,0,0,0,119,2,12,0
5000716,0,0,1,1,0,0,119,2,12,0
5000763,1,1,1,1,1,0,119,2,12,0
5001994,0,1,0,1,0,0,119,2,12,0
5002032,1,1,0,0,0,0,119,2,12,0
5002663,0,1,0,1,0,0,119,2,12,0
5003528,1,1,0,0,0,0,119,2,12,0
5003781,0,0,0,0,1,0,119,2,12,0
5004915,1,1,1,1,1,0,119,2,12,0
5005438,0,0,0,0,1,0,119,2,12,0
5005859,0,1,1,0,1,0,119,2,12,0
5007533,0,0,1,1,0,0,119,2,12,0
5008083,0,1,1,0,1,0,119,2,12,0
5008600,1,0,0,1,1,0,119,2,12,0
5008924,1,0,1,0,0,0,119,2,12,0
5009166,0,1,1,0,1,0,119,2,12,0
5009292,1,0,0,1,1,0,119,2,12,0
5009390,1,1,0,0,0,0,119,2,12,0
5009889,1,0,0,1,1,0,119,2,12,0
5010209,1,1,0,0,0,0,119,2,12,0
5011104,0,1,1,0,1,0,119,2,12,0
5012250,1,0,1,0,0,0,119,2,12,0
5012541,1,1,1,1,1,0,119,2,12,0
5013862,0,1,1,0,1,0,119,2,12,0
5014412,1,1,1,1,1,0,119,2,12,0
5014606,1,0,0,1,1,0,119,2,12,0
5015236,0,1,1,0,1,0,119,2,12,0
5015294,1,0,1,0,0,0,119,2,12,0
5015844,1,1,0,0,0,0,119,2,12,0
5017259,0,1,0,1,0,0,119,2,12,0
5017780,1,0,0,1,1,0,119,2,12,0
5017784,1,0,0,1,1,0,119,2,12,0
5018920,0,1,0,1,0,0,119,2,12,0
5019213,0,0,1,1,0,0,119,2,12,0
5020008,0,1,0,1,0,0,119,2,12,0
5020312,1,1,0,0,0,0,119,2,12,0
5021190,1,0,0,1,1,0,119,2,12,0
5021583,1,1,1,1,1,0,119,2,12,0
5021901,1,0,1,0,0,0,119,2,12,0
5022704,1,1,1,1,1,0,119,2,12,0
5023617,1,0,0,1,1,0,119,2,12,0
5023659,1,0,0,1,1,0,119,2,12,0
5023885,1,1,1,1,1,0,119,2,12,0
5024231,1,1,0,0,0,0,119,2,12,0
5024551,0,1,1,0,1,0,119,2,12,0
5024592,1,1,0,0,0,0,119,2,12,0
5024711,1,1,0,0,0,0,119,2,12,0
5025736,1,0,0,1,1,0,119,2,12,0
5026449,0,0,1,1,0,0,119,2,12,0
5026740,1,0,1,0,0,0,119,2,12,0
5026812,1,0,1,0,0,0,119,2,12,0
5026970,0,0,1,1,0,0,119,2,12,0
5027228,1,0,1,0,0,0,119,2,12,0
5028182,0,1,1,0,1,0,119,2,12,0
5028446,0,0,0,0,1,0,119,2,12,0
5028958,1,1,1,1,1,0,119,2,12,0
5029780,1,1,0,1,0,0,119,2,12,0
5030385,1,1,0,0,0,0,119,2,12,0
5030961,1,1,1,1,1,0,119,2,12,0
5031319,0,1,1,0,1,0,119,2,12,0
5031642,0,0,0,0,1,0,119,2,12,0
5031900,0,0,1,1,0,0,119,2,12,0
5032089,1,1,1,1,1,0,119,2,12,0
5032196,0,1,0,1,0,0,119,2,12,0
5032304,1,1,0,0,0,0,119,2,12,0
5033055,0,1,1,0,1,0,119,2,12,0
5034039,0,1,0,1,0,0,119,2,12,0
5034865,1,0,1,0,0,0,119,2,12,0
5034881,1,1,0,0,0,0,119,2,12,0
5035222,1,0,1,0,0,0,119,2,12,0
5035383,0,0,1,1,0,0,119,2,12,0
5035911,0,1,0,1,0,0,119,2,12,0
5039872,1,0,1,0,0,0,119,2,12,0
5040376,1,1,1,1,1,0,119,2,12,0
5041885,1,0,1,0,0,0,119,2,12,0
5041902,1,1,1,1,1,0,119,2,12,0
5042138,0,1,1,0,1,0,119,2,12,0
5042176,1,0,1,0,0,0,119,2,12,0
5044424,0,1,0,1,0,0,119,2,12,0
5045284,1,1,1,1,1,0,119,2,12,0
5046571,0,0,0,0,1,0,89,2,12,0
5046790,0,1,0,1,0,0,89,2,12,0
5047018,0,1,0,1,0,0,89,2,12,0
5047342,0,0,1,1,0,0,89,2,12,0
5048407,1,1,1,1,1,0,89,2,12,0
5049206,0,1,0,1,0,0,89,2,12,0
5050208,0,0,1,1,0,0,89,2,12,0
5050953,0,1,1,0,1,0,89,2,12,0
5051883,0,1,0,1,0,0,89,2,12,0
5053686,0,0,1,1,0,0,89,2,12,0
5054798,1,1,1,1,1,0,89,2,12,0
5055276,0,0,1,1,0,0,89,2,12,0
5056476,0,1,0,1,0,0,89,2,12,0
5057593,1,0,0,0,1,1,89,2,12,0
5057774,0,0,1,1,0,0,89,2,12,0
5058134,1,0,0,1,1,0,89,2,12,0
5058893,1,0,0,1,1,0,89,2,12,0
5059093,0,1,0,1,0,0,89,2,12,0
5059188,0,1,0,1,0,0,89,2,12,0
5059827,1,0,1,0,0,0,89,2,12,0
5060360,1,0,1,0,0,0,89,2,12,0
5060867,1,0,0,1,1,0,89,2,12,0
5060914,0,1,0,1,0,0,89,2,12,0
5061428,0,0,1,1,0,0,89,2,12,0
5061909,1,0,1,0,0,0,89,2,12,0
5062418,1,1,0,0,0,0,89,2,12,0
5063558,1,0,1,0,0,0,89,2,12,0
5065009,0,1,0,1,0,0,89,2,12,0
5065607,1,0,1,0,0,0,89,2,12,0
5066869,0,1,1,0,1,0,89,2,12,0
5067707,0,0,1,1,0,0,89,2,12,0
5067999,0,1,1,0,1,0,89,2,12,0
5068590,1,1,0,0,0,0,89,2,12,0
5069265,1,0,0,1,1,0,89,2,12,0
5071100,1,1,0,1,0,0,89,2,12,0
5071339,0,0,1,1,0,0,89,2,12,0
5071574,0,1,1,0,1,0,89,2,12,0
5073297,0,0,0,0,1,0,89,2,12,0
5073815,1,0,1,0,0,0,89,2,12,0
5073979,0,0,1,1,0,0,89,2,12,0
5074158,1,1,0,0,0,0,89,2,12,0
5074852,1,1,0,0,0,0,89,2,12,0
5074940,0,0,1,1,0,0,89,2,12,0
5076063,1,0,1,0,0,0,89,2,12,0
5076421,1,1,0,0,0,0,89,2,12,0
5078484,0,0,1,1,0,0,89,2,12,0
5078719,0,0,0,0,1,0,89,2,12,0
5078928,0,1,0,1,0,0,89,2,12,0
5082917,0,0,0,0,1,0,89,2,12,0
5083686,1,1,1,1,1,0,89,2,12,0
5084944,0,0,0,0,1,0,89,2,12,0
5085803,0,0,1,1,0,0,89,2,12,0
5085925,0,1,0,1,0,0,89,2,12,0
5086034,0,1,0,0,0,0,89,2,12,0
5087890,1,0,1,0,0,0,89,2,12,0
5088326,0,0,0,0,1,0,89,2,12,0
5088345,1,1,0,0,0,0,89,2,12,0
5089484,1,0,1,0,0,0,89,2,12,0
5089617,1,0,1,0,0,0,89,2,12,0
5090714,1,1,0,0,0,0,89,2,12,0
5091856,1,1,0,0,0,0,89,2,12,0
5092058,1,0,1,0,0,0,89,2,12,0
5092894,0,0,0,0,1,0,89,2,12,0
5093337,1,0,0,1,1,0,89,2,12,0
5093406,1,0,0,1,1,0,89,2,12,0
5094137,1,1,0,0,0,0,89,2,12,0
5095058,0,0,1,1,0,0,89,2,12,0
5095787,1,0,1,0,0,0,89,2,12,0
5098472,0,1,0,1,0,0,89,2,12,0
5098941,1,1,0,0,0,0,89,2,12,0
5101142,0,0,1,0,0,0,89,2,12,0
5103478,1,0,0,1,1,0,89,2,12,0
5103620,1,0,1,0,0,0,89,2,12,0
5105280,0,1,1,0,1,0,89,2,12,0
5106147,0,0,0,0,1,0,89,2,12,0
5106554,0,0,0,0,1,0,89,2,12,0
5107473,0,1,1,0,1,0,89,2,12,0
5107882,1,0,0,1,1,0,89,2,12,0
5107919,1,0,1,0,0,0,89,2,12,0
5108019,0,1,1,0,1,0,89,2,12,0
5108536,0,0,0,0,1,0,89,2,12,0
5109233,0,1,0,1,0,0,89,2,12,0
5110750,1,0,0,1,1,0,89,2,12,0
5112481,1,0,0,1,1,0,108,2,12,0
5112951,1,0,0,1,1,0,108,2,12,0
5113528,0,1,0,1,0,0,108,2,12,0
5114536,0,0,1,1,0,0,108,2,12,0
5114587,1,0,1,0,0,0,108,2,12,0
5114730,0,1,1,0,1,0,108,2,12,0
5116598,0,1,0,1,0,0,108,2,12,0
5116706,0,0,0,0,1,0,108,2,12,0
5118633,0,0,1,0,0,0,108,2,12,0
5118957,1,0,1,0,0,0,108,2,12,0
5120517,1,1,0,0,0,0,108,2,12,0
5120806,1,0,1,0,0,0,108,2,12,0
5121389,0,0,1,1,0,0,108,2,12,0
5121841,1,0,1,0,0,0,108,2,12,0
5122902,0,0,0,0,1,0,108,2,12,0
5123017,0,0,0,0,1,0,108,2,12,0
5124304,0,0,1,1,0,0,108,2,12,0
5125048,1,0,1,0,0,0,108,2,12,0
5125110,1,1,1,1,1,0,108,2,12,0
5125174,1,0,1,0,0,0,108,2,12,0
5125544,1,0,1,0,0,0,108,2,12,0
5126160,1,0,0,1,1,0,108,2,12,0
5126368,0,0,1,1,0,0,108,2,12,0
5126679,1,1,0,0,0,0,108,2,12,0
5130009,0,0,1,1,0,0,108,2,12,0
5130493,1,1,0,0,0,0,108,2,12,0
5131238,1,1,1,1,1,0,108,2,12,0
5132118,0,1,0,1,0,0,108,2,12,0
5133003,0,1,1,0,1,0,108,2,12,0
5133872,1,1,1,1,1,0,108,2,12,0
5135531,1,0,1,0,0,0,108,2,12,0
5136259,0,1,1,0,1,0,108,2,12,0
5136401,0,0,1,1,0,0,108,2,12,0
5137586,1,1,1,1,1,0,108,2,12,0
5138128,0,0,0,0,1,0,108,2,12,0
5138869,0,0,0,0,1,0,108,2,12,0
5139168,1,1,1,1,1,0,108,2,12,0
5139480,1,0,0,1,1,0,108,2,12,0
5142618,0,0,1,1,0,0,108,2,12,0
5143394,0,1,0,1,0,0,108,2,12,0
5143444,1,1,0,0,0,0,108,2,12,0
5143510,1,0,1,0,0,0,108,2,12,0
5144018,1,1,1,1,1,0,108,2,12,0
5145742,1,1,1,1,1,0,108,2,12,0
5145760,0,1,1,0,1,0,108,2,12,0
5147379,0,1,1,0,1,0,108,2,12,0
5147800,0,0,0,0,1,0,108,2,12,0
5148277,1,1,0,0,0,0,108,2,12,0
5149019,0,0,0,0,1,0,108,2,12,0
5150735,1,1,0,0,0,0,108,2,12,0
5152390,0,0,1,1,0,0,108,2,12,0
5152952,0,0,1,1,0,0,108,2,12,0
5154344,1,1,1,1,1,0,108,2,12,0
5154585,1,1,0,0,0,0,108,2,12,0
5155009,1,0,0,1,1,0,108,2,12,0
5158004,1,1,0,0,0,0,108,2,12,0
5159123,0,1,1,0,1,0,108,2,12,0
5160476,1,0,0,1,1,0,108,2,12,0
5160892,1,1,1,1,1,0,108,2,12,0
5160991,0,1,1,0,1,0,108,2,12,0
5162387,0,0,0,0,1,0,108,2,12,0
5162475,1,0,1,0,0,0,108,2,12,0
5164804,1,0,0,1,1,0,108,2,12,0
5164806,1,0,1,1,0,0,108,2,12,0
5165389,0,1,0,1,0,0,108,2,12,0
5167579,1,0,0,1,1,0,108,2,12,0
5167584,0,0,0,0,1,0,108,2,12,0
5168234,0,0,0,0,1,0,108,2,12,0
5169272,1,0,0,1,1,0,108,2,12,0
5169939,1,0,1,0,0,0,108,2,12,0
5170326,1,1,0,0,0,0,108,2,12,0
5172281,1,0,0,1,1,0,108,2,12,0
5172652,0,0,1,1,0,0,108,2,12,0
5172832,1,1,0,0,0,0,108,2,12,0
5173554,0,1,1,0,1,0,108,2,12,0
5173983,1,0,0,1,1,0,108,2,12,0
5173995,1,1,0,0,0,0,108,2,12,0
5174663,0,0,1,1,0,0,108,2,12,0
5174891,1,1,1,1,1,0,108,2,12,0
5175663,0,0,1,1,0,0,108,2,12,0
5176634,0,0,0,0,1,0,108,2,12,0
5176790,0,1,0,1,0,0,108,2,12,0
5176885,0,1,1,0,1,0,108,2,12,0
5177498,0,1,1,0,1,0,123,1,12,0
5178064,0,1,1,0,1,0,123,1,12,0
5178073,0,1,1,0,1,0,123,1,12,0
5178079,1,1,0,0,0,0,123,1,12,0
5178100,0,0,0,0,1,0,123,1,12,0
5178576,1,1,0,0,0,0,123,1,12,0
5178621,1,1,0,0,0,0,123,1,12,0
5178884,0,0,0,0,1,0,123,1,12,0
5179458,1,1,0,0,0,0,123,1,12,0
5179723,0,0,0,0,1,0,123,1,12,0
5180071,1,0,1,0,0,0,123,1,12,0
5180103,1,1,0,0,0,0,123,1,12,0
5180413,1,0,1,0,0,0,123,1,12,0
5181286,1,1,0,0,0,0,123,1,12,0
5184979,0,1,0,1,0,0,123,1,12,0
5185868,0,0,0,0,1,0,123,1,12,0
5186267,0,0,0,0,1,0,123,1,12,0
5186945,0,0,0,0,1,0,123,1,12,0
5187011,0,1,1,0,1,0,123,1,12,0
5187809,1,0,1,0,0,0,123,1,12,0
5188044,0,0,1,1,0,0,123,1,12,0
5188567,1,0,0,1,1,0,123,1,12,0
5188820,0,0,0,0,1,0,123,1,12,0
5189022,1,1,1,1,1,0,123,1,12,0
5189099,0,0,0,0,1,0,123,1,12,0
5190488,0,1,0,1,0,0,123,1,12,0
5191816,0,1,0,1,0,0,123,1,12,0
5192830,1,1,0,0,0,0,123,1,12,0
5193023,1,1,1,1,1,0,123,1,12,0
5193828,1,1,1,1,1,0,123,1,12,0
5194506,0,1,0,1,0,0,123,1,12,0
5195866,1,0,0,1,1,0,123,1,12,0
5196074,0,1,1,0,1,0,123,1,12,0
5196196,1,1,1,1,1,0,123,1,12,0
5197308,0,1,0,1,0,0,123,1,12,0
5197519,0,0,0,0,1,0,123,1,12,0
5198144,0,0,1,1,0,0,123,1,12,0
5198437,0,0,0,0,1,0,123,1,12,0
5198899,0,1,1,0,1,0,123,1,12,0
5200273,1,1,1,1,1,0,123,1,12,0
5200936,0,1,1,0,1,0,123,1,12,0
5201235,1,0,1,0,0,0,123,1,12,0
5201672,0,1,1,0,1,0,123,1,12,0
5202743,1,1,1,1,1,0,123,1,12,0
5203276,0,1,0,1,0,0,123,1,12,0
5203785,1,1,0,0,0,0,123,1,12,0
5204430,1,1,1,0,1,1,123,1,12,0
5204434,1,1,1,1,1,0,123,1,12,0
5204635,0,0,1,1,0,0,123,1,12,0
5204916,1,0,0,1,1,0,123,1,12,0
5205553,0,1,1,0,1,0,123,1,12,0
5206445,0,1,1,0,1,0,123,1,12,0
5207220,0,0,0,0,1,0,123,1,12,0
5207944,0,1,0,1,0,0,123,1,12,0
5208197,1,1,0,0,0,0,123,1,12,0
5209726,0,1,0,1,0,0,123,1,12,0
5209900,1,0,1,0,0,0,123,1,12,0
5210202,0,1,1,0,1,0,123,1,12,0
5210708,1,0,0,1,1,0,123,1,12,0
5210973,0,1,1,0,1,0,123,1,12,0
5213610,1,0,0,1,1,0,123,1,12,0
5214486,1,1,1,1,1,0,123,1,12,0
5214709,0,0,1,1,0,0,123,1,12,0
5214742,0,1,1,0,1,0,123,1,12,0
5215309,0,0,1,0,0,0,123,1,12,0
5215824,0,1,1,0,1,0,123,1,12,0
5216720,0,0,0,0,1,0,123,1,12,0
5216770,1,0,1,0,0,0,123,1,12,0
5216864,0,0,0,0,1,0,123,1,12,0
5216881,1,0,1,0,0,0,123,1,12,0
5217489,1,1,1,1,1,0,123,1,12,0
5219052,1,0,0,1,1,0,123,1,12,0
5219324,0,0,1,1,0,0,123,1,12,0
5219900,1,0,0,1,1,0,123,1,12,0
5220435,1,0,0,1,1,0,123,1,12,0
5222868,0,1,1,0,1,0,123,1,12,0
5223441,0,1,1,0,1,0,123,1,12,0
5224049,0,1,0,1,0,0,123,1,12,0
5224433,0,1,0,1,0,0,123,1,12,0
5225148,1,1,0,0,0,0,123,1,12,0
5225425,1,0,1,0,0,0,123,1,12,0
5225810,0,1,0,1,0,0,123,1,12,0
5226040,1,0,1,0,0,0,123,1,12,0
5226398,1,0,1,0,0,0,123,1,12,0
5227466,1,0,0,1,1,0,123,1,12,0
5227489,0,0,0,0,1,0,123,1,12,0
5228654,0,0,1,1,0,0,123,1,12,0
5228766,1,1,0,0,0,0,123,1,12,0
5229677,1,1,0,0,0,0,123,1,12,0
5230038,0,0,0,0,1,0,123,1,12,0
5232340,1,0,0,1,1,0,123,1,12,0
5232476,0,1,0,1,0,0,123,1,12,0
5232959,1,0,0,1,1,0,123,1,12,0
5233323,0,0,0,0,1,0,123,1,12,0
5233406,1,0,0,1,1,0,123,1,12,0
5233929,1,1,0,0,0,0,123,1,12,0
5233958,1,0,1,0,0,0,123,1,12,0
5234085,0,1,0,1,0,0,123,1,12,0
5234265,0,1,1,0,1,0,123,1,12,0
5234347,1,1,0,0,0,0,123,1,12,0
5234444,1,0,1,0,0,0,123,1,12,0
5234738,0,0,0,0,1,0,123,1,12,0
5234862,1,0,1,0,0,0,123,1,12,0
5235360,0,0,1,1,0,0,123,1,12,0
5238302,0,1,0,1,0,0,123,1,12,0
5238344,0,0,0,0,1,0,123,1,12,0
5239800,0,1,1,0,1,0,123,1,12,0
5240477,0,0,0,0,1,0,123,1,12,0
5241018,0,0,0,0,1,0,123,1,12,0
5241119,1,0,0,1,1,0,123,1,12,0
5241636,0,0,1,1,0,0,123,1,12,0
5242515,0,1,0,1,0,0,123,1,12,0
5243028,0,1,0,1,0,0,147,1,9,0
5243265,0,0,1,1,0,0,147,1,9,0
5243595,0,0,1,1,0,0,147,1,9,0
5243993,0,1,0,1,0,0,147,1,9,0
5245697,0,1,0,1,0,0,147,1,9,0
5245750,1,0,1,0,0,0,147,1,9,0
5245902,1,1,0,0,0,0,147,1,9,0
5246218,0,0,1,1,0,0,147,1,9,0
5247136,1,0,1,0,0,0,147,1,9,0
5247187,1,1,1,1,1,0,147,1,9,0
5247193,0,1,1,0,1,0,147,1,9,0
5247225,0,1,1,0,1,0,147,1,9,0
5247504,1,1,0,0,0,0,147,1,9,0
5247904,0,1,1,0,1,0,147,1,9,0
5247941,0,0,0,0,1,0,147,1,9,0
5249067,0,1,0,1,0,0,147,1,9,0
5249263,0,0,1,1,0,0,147,1,9,0
5250071,1,1,0,0,0,0,147,1,9,0
5250711,1,1,0,0,0,0,147,1,9,0
5250974,1,1,1,1,1,0,147,1,9,0
5251682,0,0,0,0,1,0,147,1,9,0
5252803,1,0,1,0,0,0,147,1,9,0
5254255,0,1,1,0,1,0,147,1,9,0
5257399,0,1,0,1,0,0,147,1,9,0
5259025,0,1,1,0,1,0,147,1,9,0
5260712,1,1,0,0,0,0,147,1,9,0
5261272,0,1,1,1,1,1,147,1,9,0
5261337,0,0,1,1,0,0,147,1,9,0
5261512,1,1,1,1,1,0,147,1,9,0
5263011,0,0,0,0,1,0,147,1,9,0
5263054,1,1,0,0,0,0,147,1,9,0
5265159,0,0,1,1,0,0,147,1,9,0
5265508,1,1,1,1,1,0,147,1,9,0
5266123,0,0,1,1,0,0,147,1,9,0
5267237,0,0,1,1,0,0,147,1,9,0
5267271,0,0,0,0,1,0,147,1,9,0
5269150,0,1,1,0,1,0,147,1,9,0
5269724,1,0,1,0,0,0,147,1,9,0
5269903,1,1,0,0,0,0,147,1,9,0
5270373,1,0,1,0,0,0,147,1,9,0
5270554,0,0,1,1,0,0,147,1,9,0
5270731,1,0,1,0,0,0,147,1,9,0
5272257,0,1,1,0,1,0,147,1,9,0
5273094,0,1,1,0,1,0,147,1,9,0
5274942,0,1,1,0,1,0,147,1,9,0
5275336,0,1,0,1,0,0,147,1,9,0
5276907,0,0,1,1,0,0,147,1,9,0
5276957,1,1,1,1,1,0,147,1,9,0
5278337,0,0,1,1,0,0,147,1,9,0
5278436,0,1,1,0,1,0,147,1,9,0
5279116,0,0,1,1,0,0,147,1,9,0
5280526,0,0,1,1,0,0,147,1,9,0
5281197,1,0,1,0,0,0,147,1,9,0
5282156,1,0,1,0,0,0,147,1,9,0
5282447,1,0,1,0,0,0,147,1,9,0
5282640,1,1,0,0,0,0,147,1,9,0
5283335,1,1,0,0,0,0,147,1,9,0
5283434,1,0,1,0,0,0,147,1,9,0
5284294,0,1,0,1,0,0,147,1,9,0
5284797,1,1,1,1,1,0,147,1,9,0
5285104,0,1,0,1,0,0,147,1,9,0
5286022,1,1,1,1,1,0,147,1,9,0
5286503,1,0,0,1,1,0,147,1,9,0
5286794,1,1,1,1,1,0,147,1,9,0
5286798,0,0,1,1,0,0,147,1,9,0
5288606,1,1,1,1,1,0,147,1,9,0
5289120,0,1,0,1,0,0,147,1,9,0
5289413,0,1,1,0,1,0,147,1,9,0
5289771,0,1,1,0,1,0,147,1,9,0
5290334,1,0,1,0,0,0,147,1,9,0
5290562,0,1,0,1,0,0,147,1,9,0
5290664,0,1,0,1,0,0,147,1,9,0
5290844,1,0,0,1,1,0,147,1,9,0
5291225,0,1,1,0,1,0,147,1,9,0
5292127,0,0,0,0,1,0,147,1,9,0
5292249,0,1,1,0,1,0,147,1,9,0
5292309,0,1,0,1,0,0,147,1,9,0
5292400,1,1,1,1,1,0,147,1,9,0
5292919,1,0,0,1,1,0,147,1,9,0
5292982,1,1,0,0,0,0,147,1,9,0
5293054,0,0,1,1,0,0,147,1,9,0
5293168,0,0,1,1,0,0,147,1,9,0
5294200,0,0,0,0,1,0,147,1,9,0
5294980,0,0,0,0,1,0,147,1,9,0
5296892,1,1,0,0,0,0,147,1,9,0
5299124,1,0,1,0,0,0,147,1,9,0
5299721,1,0,0,1,1,0,147,1,9,0
5300568,0,0,1,1,0,0,147,1,9,0
5300879,0,0,1,1,0,0,147,1,9,0
5300983,1,1,0,0,0,0,147,1,9,0
5301352,1,0,0,1,1,0,147,1,9,0
5301673,1,0,0,1,1,0,147,1,9,0
5302510,1,1,1,1,1,0,147,1,9,0
5303548,1,1,1,1,1,0,147,1,9,0
5305356,0,1,0,1,0,0,147,1,9,0
5306123,1,0,1,0,0,0,147,1,9,0
5306337,1,1,0,0,0,0,147,1,9,0
5306499,0,0,0,0,1,0,147,1,9,0
5306535,0,0,0,0,1,0,147,1,9,0
5307138,0,1,1,0,1,0,147,1,9,0
5307434,1,1,0,0,0,0,147,1,9,0
5308616,0,0,1,1,0,0,141,1,9,0
5309076,0,0,1,1,0,0,141,1,9,0
5309218,1,1,0,1,0,0,141,1,9,0
5309429,1,0,1,0,0,0,141,1,9,0
5309671,1,0,0,1,1,0,141,1,9,0
5310089,1,0,0,1,1,0,141,1,9,0
5311389,1,0,1,0,0,0,141,1,9,0
5311889,1,0,0,1,1,0,141,1,9,0
5312489,0,1,0,1,0,0,141,1,9,0
5313245,0,1,1,1,1,1,141,1,9,0
5313628,1,1,0,0,0,0,141,1,9,0
5314070,0,0,0,0,1,0,141,1,9,0
5314236,0,0,0,0,1,0,141,1,9,0
5314654,1,1,1,1,1,0,141,1,9,0
5314902,1,0,0,1,1,0,141,1,9,0
5317075,0,1,0,1,0,0,141,1,9,0
5317195,0,1,0,1,0,0,141,1,9,0
5317835,1,0,1,0,0,0,141,1,9,0
5317958,0,0,0,0,1,0,141,1,9,0
5319558,0,0,1,1,0,0,141,1,9,0
5320417,0,0,0,0,1,0,141,1,9,0
5320575,1,1,1,0,1,1,141,1,9,0
5321754,0,1,1,0,1,0,141,1,9,0
5322134,0,1,1,0,1,0,141,1,9,0
5322351,0,0,0,0,1,0,141,1,9,0
5322366,0,1,0,1,0,0,141,1,9,0
5322474,1,0,1,0,0,0,141,1,9,0
5323626,1,0,1,0,0,0,141,1,9,0
5324300,0,1,1,0,1,0,141,1,9,0
5324364,0,0,0,0,1,0,141,1,9,0
5325370,1,0,0,1,1,0,141,1,9,0
5325601,0,1,1,0,1,0,141,1,9,0
5326346,1,0,1,0,0,0,141,1,9,0
5326535,0,0,0,0,1,0,141,1,9,0
5326972,0,1,1,0,1,0,141,1,9,0
5327787,1,0,1,0,0,0,141,1,9,0
5328475,1,1,1,1,1,0,141,1,9,0
5330338,0,1,1,0,1,0,141,1,9,0
5330364,0,0,1,0,0,0,141,1,9,0
5331737,1,1,0,0,0,0,141,1,9,0
5333765,1,0,1,0,0,0,141,1,9,0
5334372,0,1,1,0,1,0,141,1,9,0
5334920,0,0,1,1,0,0,141,1,9,0
5335102,0,1,1,0,1,0,141,1,9,0
5335660,0,0,1,1,0,0,141,1,9,0
5335716,1,1,1,1,1,0,141,1,9,0
5335882,0,0,0,0,1,0,141,1,9,0
5335994,0,0,0,0,1,0,141,1,9,0
5337039,1,0,0,1,1,0,141,1,9,0
5339344,1,1,0,0,0,0,141,1,9,0
5339772,0,0,0,0,1,0,141,1,9,0
5340001,0,1,0,1,0,0,141,1,9,0
5340479,1,0,0,1,1,0,141,1,9,0
5341325,1,0,0,1,1,0,141,1,9,0
5342238,1,0,0,1,1,0,141,1,9,0
5342603,1,1,1,1,1,0,141,1,9,0
5342850,1,1,1,1,1,0,141,1,9,0
5343139,1,1,0,0,0,0,141,1,9,0
5343234,1,1,1,1,1,0,141,1,9,0
5343250,1,1,1,1,1,0,141,1,9,0
5343949,1,1,0,0,0,0,141,1,9,0
5344632,1,1,1,1,1,0,141,1,9,0
5346052,1,1,1,1,1,0,141,1,9,0
5346173,0,0,1,1,0,0,141,1,9,0
5346246,1,1,1,1,1,0,141,1,9,0
5346725,0,1,0,1,0,0,141,1,9,0
5347031,1,0,1,0,0,0,141,1,9,0
5347388,0,0,0,0,1,0,141,1,9,0
5347447,1,1,0,0,0,0,141,1,9,0
5347736,1,0,0,1,1,0,141,1,9,0
5348607,0,0,0,0,1,0,141,1,9,0
5351003,1,1,0,1,0,0,141,1,9,0
5351162,0,0,1,1,0,0,141,1,9,0
5352034,0,0,0,0,1,0,141,1,9,0
5352461,0,1,0,1,0,0,141,1,9,0
5352478,1,1,0,0,0,0,141,1,9,0
5352784,0,1,0,1,0,0,141,1,9,0
5353078,0,0,1,1,0,0,141,1,9,0
5353406,1,1,1,1,1,0,141,1,9,0
5355248,1,1,1,1,1,0,141,1,9,0
5355709,1,0,1,0,0,0,141,1,9,0
5355796,0,0,0,0,1,0,141,1,9,0
5357165,0,0,0,0,1,0,141,1,9,0
5357495,0,0,0,0,1,0,141,1,9,0
5358455,1,1,0,0,0,0,141,1,9,0
5358822,1,0,0,1,1,0,141,1,9,0
5359079,0,1,1,0,1,0,141,1,9,0
5360976,0,1,1,0,1,0,141,1,9,0
5362240,0,0,1,1,0,0,141,1,9,0
5362415,1,0,0,1,1,0,141,1,9,0
5362745,1,1,0,0,0,0,141,1,9,0
5363282,1,1,0,0,0,0,141,1,9,0
5364754,1,0,1,0,0,0,141,1,9,0
5365370,0,0,1,1,0,0,141,1,9,0
5365446,0,1,1,0,1,0,141,1,9,0
5365673,0,0,1,1,0,0,141,1,9,0
5365727,1,1,1,1,1,0,141,1,9,0
5366651,1,1,1,1,1,0,141,1,9,0
5367023,1,0,0,1,1,0,141,1,9,0
5367036,0,1,1,0,1,0,141,1,9,0
5367947,1,0,0,1,1,0,141,1,9,0
5368025,0,1,0,1,0,0,141,1,9,0
5368762,0,1,1,0,1,0,141,1,9,0
5369636,0,0,0,0,1,0,141,1,9,0
5369727,0,0,0,0,1,0,141,1,9,0
5370464,0,0,0,0,1,0,141,1,9,0
5371072,0,1,1,0,1,0,141,1,9,0
5371657,1,0,1,0,0,0,141,1,9,0
5373760,0,0,1,1,0,0,141,1,9,0
5375467,1,1,0,1,0,0,128,1,9,0
5375941,0,0,1,1,0,0,128,1,9,0
5377501,1,0,1,0,0,0,128,1,9,0
5377658,0,0,1,1,0,0,128,1,9,0
5378224,1,0,1,0,0,0,128,1,9,0
5379074,1,0,0,1,1,0,128,1,9,0
5379927,0,0,1,1,0,0,128,1,9,0
5380807,0,0,0,0,1,0,128,1,9,0
5381082,0,0,0,0,1,0,128,1,9,0
5381650,0,0,1,1,0,0,128,1,9,0
5382039,1,1,0,0,0,0,128,1,9,0
5382826,1,1,0,0,0,0,128,1,9,0
5382957,1,0,0,1,1,0,128,1,9,0
5384672,0,0,1,1,0,0,128,1,9,0
5384931,0,1,0,1,0,0,128,1,9,0
5385077,1,1,1,1,1,0,128,1,9,0
5386231,0,0,1,1,0,0,128,1,9,0
5386955,1,1,0,0,0,0,128,1,9,0
5388238,1,0,1,0,0,0,128,1,9,0
5388284,0,0,1,1,0,0,128,1,9,0
5390534,1,0,0,1,1,0,128,1,9,0
5391408,0,1,1,0,1,0,128,1,9,0
5391599,0,0,0,0,1,0,128,1,9,0
5392741,1,1,0,0,0,0,128,1,9,0
5393136,1,1,1,1,1,0,128,1,9,0
5393425,0,0,0,0,1,0,128,1,9,0
5393563,1,0,1,0,0,0,128,1,9,0
5395085,0,1,1,0,1,0,128,1,9,0
5395428,1,0,0,1,1,0,128,1,9,0
5395893,0,1,1,0,1,0,128,1,9,0
5395943,1,1,0,0,0,0,128,1,9,0
5396241,0,0,1,1,0,0,128,1,9,0
5397290,1,0,0,1,1,0,128,1,9,0
5398639,0,1,1,0,1,0,128,1,9,0
5398949,1,1,0,0,0,0,128,1,9,0
5401418,1,1,1,1,1,0,128,1,9,0
5401549,1,1,0,0,0,0,128,1,9,0
5401657,1,0,1,0,0,0,128,1,9,0
5402069,0,1,0,1,0,0,128,1,9,0
5402799,0,0,0,0,1,0,128,1,9,0
5402823,0,1,0,1,0,0,128,1,9,0
5402889,1,1,0,0,0,0,128,1,9,0
5403308,0,0,1,1,0,0,128,1,9,0
5403639,1,0,1,0,0,0,128,1,9,0
5403751,1,0,0,1,1,0,128,1,9,0
5404611,0,0,0,0,1,0,128,1,9,0
5404717,0,1,1,0,1,0,128,1,9,0
5404922,1,1,1,1,1,0,128,1,9,0
5404943,1,0,1,0,0,0,128,1,9,0
5404959,1,1,0,0,0,0,128,1,9,0
5407140,1,1,0,0,0,0,128,1,9,0
5408132,1,1,1,1,1,0,128,1,9,0
5409484,1,0,1,0,0,0,128,1,9,0
5409752,1,1,1,1,1,0,128,1,9,0
5410909,0,0,0,0,1,0,128,1,9,0
5411142,1,0,0,1,1,0,128,1,9,0
5412507,0,0,1,1,0,0,128,1,9,0
5412622,1,0,0,1,1,0,128,1,9,0
5413106,0,1,0,1,0,0,128,1,9,0
5414089,0,0,1,1,0,0,128,1,9,0
5414350,1,1,0,0,0,0,128,1,9,0
5414574,0,1,1,0,1,0,128,1,9,0
5415408,0,1,1,0,1,0,128,1,9,0
5415621,0,1,1,0,1,0,128,1,9,0
5415848,0,0,1,1,0,0,128,1,9,0
5416019,1,0,1,0,0,0,128,1,9,0
5416811,0,1,1,0,1,0,128,1,9,0
5417116,0,0,0,0,1,0,128,1,9,0
5417197,1,0,0,1,1,0,128,1,9,0
5417852,1,0,1,0,0,0,128,1,9,0
5418806,1,0,0,1,1,0,128,1,9,0
5419160,0,0,0,0,1,0,128,1,9,0
5420212,1,1,0,0,0,0,128,1,9,0
5420805,1,1,1,1,1,0,128,1,9,0
5420885,1,0,0,1,1,0,128,1,9,0
5421008,1,0,0,1,1,0,128,1,9,0
5421147,0,0,1,1,0,0,128,1,9,0
5421665,0,0,0,0,1,0,128,1,9,0
5422401,0,0,0,0,1,0,128,1,9,0
5422594,0,0,0,0,1,0,128,1,9,0
5422679,0,1,1,0,1,0,128,1,9,0
5422688,0,0,1,1,0,0,128,1,9,0
5423028,0,1,1,0,1,0,128,1,9,0
5423364,1,0,1,0,0,0,128,1,9,0
5424107,1,1,0,0,0,0,128,1,9,0
5426027,0,1,0,0,0,0,128,1,9,0
5426328,1,1,0,0,0,0,128,1,9,0
5426592,0,1,1,0,1,0,128,1,9,0
5427153,0,1,1,0,1,0,128,1,9,0
5427181,1,1,0,0,0,0,128,1,9,0
5427790,0,0,1,1,0,0,128,1,9,0
5428853,1,0,1,0,0,0,128,1,9,0
5429805,1,1,0,0,0,0,128,1,9,0
5430154,0,1,1,0,1,0,128,1,9,0
5430849,1,0,0,1,1,0,128,1,9,0
5432706,1,1,1,1,1,0,128,1,9,0
5433638,0,0,0,0,1,0,128,1,9,0
5434019,0,1,0,1,0,0,128,1,9,0
5434931,1,0,0,1,1,0,128,1,9,0
5435345,0,0,0,1,1,1,128,1,9,0
5435645,0,1,1,0,1,0,128,1,9,0
5436137,0,1,1,0,1,0,128,1,9,0
5436458,1,1,1,1,1,0,128,1,9,0
5436532,1,0,0,1,1,0,128,1,9,0
5437319,0,1,0,1,0,0,128,1,9,0
5437613,0,0,0,0,1,0,128,1,9,0
5438749,1,1,0,0,0,0,128,1,9,0
5498570,0,1,0,1,0,0,122,1,9,2
5505621,1,1,0,0,0,0,119,1,9,0
5506729,0,1,1,0,1,0,119,1,9,0
5507046,1,0,1,0,0,0,119,1,9,0
5508581,0,1,1,0,1,0,119,1,9,0
5508616,0,0,0,0,1,0,119,1,9,0
5508960,1,1,1,1,1,0,119,1,9,0
5509510,1,0,0,1,1,0,119,1,9,0
5511099,0,0,1,1,0,0,119,1,9,0
5511263,0,0,0,0,1,0,119,1,9,0
5511524,1,0,1,0,0,0,119,1,9,0
5512168,0,1,0,1,0,0,119,1,9,0
5512769,0,0,0,0,1,0,119,1,9,0
5513413,1,0,0,1,1,0,119,1,9,0
5514088,1,1,1,1,1,0,119,1,9,0
5514983,1,0,1,0,0,0,119,1,9,0
5515963,1,1,1,1,1,0,119,1,9,0
5516410,0,0,1,1,0,0,119,1,9,0
5517205,1,1,1,1,1,0,119,1,9,0
5517332,0,0,0,0,1,0,119,1,9,0
5517355,1,0,0,0,1,1,119,1,9,0
5517565,0,1,1,0,1,0,119,1,9,0
5519113,1,1,0,0,0,0,119,1,9,0
5519710,0,0,1,1,0,0,119,1,9,0
5520362,0,1,1,0,1,0,119,1,9,0
5521416,0,0,1,1,0,0,119,1,9,0
5523957,1,0,0,1,1,0,119,1,9,0
5524157,1,0,1,1,0,0,119,1,9,0
5524238,1,0,0,1,1,0,119,1,9,0
5525310,0,1,1,0,1,0,119,1,9,0
5526812,1,1,1,1,1,0,119,1,9,0
5527090,1,1,1,1,1,0,119,1,9,0
5527260,0,0,1,1,0,0,119,1,9,0
5527402,1,1,1,1,1,0,119,1,9,0
5527678,0,1,0,1,0,0,119,1,9,0
5527751,0,1,1,0,1,0,119,1,9,0
5529597,1,1,0,0,0,0,119,1,9,0
5530297,1,1,1,1,1,0,119,1,9,0
5531317,1,0,0,1,1,0,119,1,9,0
5532754,1,0,0,1,1,0,119,1,9,0
5534819,0,0,1,1,0,0,119,1,9,0
5535741,1,0,1,0,0,0,119,1,9,0
5537330,1,1,1,1,1,0,119,1,9,0
5537566,0,0,0,0,1,0,119,1,9,0
5537996,1,1,0,0,0,0,119,1,9,0
5539541,1,0,1,0,0,0,119,1,9,0
5540135,1,1,0,0,0,0,119,1,9,0
5540726,1,0,0,1,1,0,119,1,9,0
5541272,0,0,1,1,0,0,119,1,9,0
5542267,0,1,0,1,0,0,119,1,9,0
5543488,1,0,1,0,0,0,119,1,9,0
5543572,1,0,0,1,1,0,119,1,9,0
5543668,1,1,1,1,1,0,119,1,9,0
5543740,0,0,0,0,1,0,119,1,9,0
5544029,1,0,1,0,0,0,119,1,9,0
5544976,1,0,1,0,0,0,119,1,9,0
5545363,0,0,0,0,1,0,119,1,9,0
5546120,1,1,1,1,1,0,119,1,9,0
5546347,0,0,0,0,1,0,119,1,9,0
5546774,1,1,1,1,1,0,119,1,9,0
5547066,0,0,0,0,1,0,119,1,9,0
5547089,0,1,1,0,1,0,119,1,9,0
5547188,1,0,0,1,1,0,119,1,9,0
5547558,1,0,1,0,0,0,119,1,9,0
5550373,0,0,0,0,1,0,119,1,9,0
5550609,1,0,0,1,1,0,119,1,9,0
5553660,0,0,1,1,0,0,119,1,9,0
5555024,1,0,1,0,0,0,119,1,9,0
5555313,0,0,1,1,0,0,119,1,9,0
5557262,0,1,1,0,1,0,119,1,9,0
5558133,0,1,0,1,0,0,119,1,9,0
5560231,0,0,1,1,0,0,119,1,9,0
5560380,1,0,0,1,1,0,119,1,9,0
5560441,0,0,0,0,1,0,119,1,9,0
5560529,1,1,0,0,0,0,119,1,9,0
5562436,1,0,0,1,1,0,119,1,9,0
5567686,1,1,1,1,1,0,119,1,9,0
5569316,1,1,0,0,0,0,119,1,9,0
5570116,1,0,0,1,1,0,119,1,9,0
5570177,1,1,1,1,1,0,119,1,9,0
5570535,0,0,0,0,1,0,119,1,9,0
5570602,1,0,1,0,0,0,121,2,9,0
5571662,1,1,0,0,0,0,121,2,9,0
5572667,0,0,0,0,1,0,121,2,9,0
5574470,0,1,1,0,1,0,121,2,9,0
5575409,0,0,0,0,1,0,121,2,9,0
5576228,1,0,1,0,0,0,121,2,9,0
5576796,1,1,0,0,0,0,121,2,9,0
5578188,1,1,1,1,1,0,121,2,9,0
5578503,0,1,1,0,1,0,121,2,9,0
5579130,1,0,0,1,1,0,121,2,9,0
5580099,0,0,0,0,1,0,121,2,9,0
5580346,1,0,1,0,0,0,121,2,9,0
5583828,0,1,0,1,0,0,121,2,9,0
5584706,1,1,0,0,0,0,121,2,9,0
5584964,1,1,0,0,0,0,121,2,9,0
5587666,0,0,1,1,0,0,121,2,9,0
5588089,1,0,1,0,0,0,121,2,9,0
5588836,0,0,1,1,0,0,121,2,9,0
5589092,1,1,0,0,0,0,121,2,9,0
5589214,1,0,1,0,0,0,121,2,9,0
5589733,1,1,1,1,1,0,121,2,9,0
5590466,1,1,0,0,0,0,121,2,9,0
5590516,0,1,0,1,0,0,121,2,9,0
5591058,0,1,0,1,0,0,121,2,9,0
5591725,0,0,1,1,0,0,121,2,9,0
5592270,1,1,1,1,1,0,121,2,9,0
5592387,0,0,1,1,0,0,121,2,9,0
5592546,1,0,1,0,0,0,121,2,9,0
5592882,0,1,1,0,1,0,121,2,9,0
5594964,1,0,0,1,1,0,121,2,9,0
5595845,0,0,0,0,1,0,121,2,9,0
5596691,1,1,1,1,1,0,121,2,9,0
5598148,1,1,1,1,1,0,121,2,9,0
5600207,1,0,1,0,0,0,121,2,9,0
5600343,0,0,0,0,1,0,121,2,9,0
5601381,1,1,1,1,1,0,121,2,9,0
5601522,0,0,0,0,1,0,121,2,9,0
5601677,0,1,0,1,0,0,121,2,9,0
5602333,1,1,0,0,0,0,121,2,9,0
5602756,1,1,0,0,0,0,121,2,9,0
5604202,1,0,1,0,0,0,121,2,9,0
5604345,1,1,1,1,1,0,121,2,9,0
5604664,0,1,0,1,0,0,121,2,9,0
5606372,0,1,1,0,1,0,121,2,9,0
5606508,0,1,0,0,0,0,121,2,9,0
5607713,0,1,0,1,0,0,121,2,9,0
5608037,1,1,1,1,1,0,121,2,9,0
5609227,1,1,1,1,1,0,121,2,9,0
5611360,0,1,1,0,1,0,121,2,9,0
5613349,1,1,0,0,0,0,121,2,9,0
5616069,0,0,0,0,1,0,121,2,9,0
5616107,1,0,0,1,1,0,121,2,9,0
5617783,1,1,1,1,1,0,121,2,9,0
5617985,0,0,0,0,1,0,121,2,9,0
5619395,0,0,1,1,0,0,121,2,9,0
5620826,1,0,0,1,1,0,121,2,9,0
5621305,1,1,1,1,1,0,121,2,9,0
5622061,0,0,0,0,1,0,121,2,9,0
5624023,1,0,0,1,1,0,121,2,9,0
5624106,0,0,1,1,0,0,121,2,9,0
5624323,1,0,0,1,1,0,121,2,9,0
5624710,0,0,0,0,1,0,121,2,9,0
5629016,0,0,0,0,1,0,121,2,9,0
5629956,0,0,1,0,0,0,121,2,9,0
5630694,0,1,0,1,0,0,121,2,9,0
5632268,0,0,0,0,1,0,121,2,9,0
5633345,0,0,0,0,1,0,121,2,9,0
5633625,1,0,0,1,1,0,121,2,9,0
5633791,0,0,0,0,1,0,121,2,9,0
5634985,1,0,0,1,1,0,121,2,9,0
5635339,0,1,0,1,0,0,121,2,9,0
5635843,1,1,0,0,0,0,121,2,9,0
5636068,1,0,0,1,1,0,121,2,9,0
5636332,1,0,1,0,0,0,157,2,12,0
5636406,1,0,0,1,1,0,157,2,12,0
5636624,0,0,1,1,0,0,157,2,12,0
5637146,0,0,1,1,0,0,157,2,12,0
5637506,1,1,0,0,0,0,157,2,12,0
5638208,1,1,1,1,1,0,157,2,12,0
5638573,0,1,1,0,1,0,157,2,12,0
5638839,1,0,0,1,1,0,157,2,12,0
5639652,1,0,1,0,0,0,157,2,12,0
5639774,0,1,1,0,1,0,157,2,12,0
5639867,0,1,1,0,1,0,157,2,12,0
5640039,1,0,0,1,1,0,157,2,12,0
5640508,0,0,0,0,1,0,157,2,12,0
5640693,0,0,1,1,0,0,157,2,12,0
5641590,0,1,1,0,1,0,157,2,12,0
5641700,0,0,0,0,1,0,157,2,12,0
5641721,0,1,0,1,0,0,157,2,12,0
5641794,1,0,1,0,0,0,157,2,12,0
5641876,1,1,1,1,1,0,157,2,12,0
5642404,1,1,1,1,1,0,157,2,12,0
5643238,1,0,0,1,1,0,157,2,12,0
5643322,0,1,0,0,0,0,157,2,12,0
5643536,1,1,1,1,1,0,157,2,12,0
5643743,1,0,1,1,0,0,157,2,12,0
5643836,1,1,0,0,0,0,157,2,12,0
5644008,1,1,0,0,0,0,157,2,12,0
5644853,0,1,1,0,1,0,157,2,12,0
5644907,0,0,1,1,0,0,157,2,12,0
5644926,1,0,0,1,1,0,157,2,12,0
5644947,0,0,0,0,1,0,157,2,12,0
5645012,1,1,0,0,0,0,157,2,12,0
5645372,1,0,1,0,0,0,157,2,12,0
5645871,0,0,1,1,0,0,157,2,12,0
5645901,1,0,1,1,0,0,157,2,12,0
5646192,1,1,1,1,1,0,157,2,12,0
5646250,1,0,1,0,0,0,157,2,12,0
5646855,0,0,0,0,1,0,157,2,12,0
5647557,1,0,1,0,0,0,157,2,12,0
5648847,0,0,1,1,0,0,157,2,12,0
5649570,1,0,1,0,0,0,157,2,12,0
5650205,0,1,0,1,0,0,157,2,12,0
5650236,1,1,0,0,0,0,157,2,12,0
5650350,0,0,0,1,1,1,157,2,12,0
5650783,0,1,0,1,0,0,157,2,12,0
5651230,0,1,0,1,0,0,157,2,12,0
5651510,1,0,1,0,0,0,157,2,12,0
5652284,1,0,1,0,0,0,157,2,12,0
5652705,1,0,1,0,0,0,157,2,12,0
5652709,0,1,1,0,1,0,157,2,12,0
5653855,1,1,1,1,1,0,157,2,12,0
5654160,1,1,1,1,1,0,157,2,12,0
5654612,0,1,0,1,0,0,157,2,12,0
5654669,1,0,1,0,0,0,157,2,12,0
5654757,0,0,1,1,0,0,157,2,12,0
5656070,0,1,1,0,1,0,157,2,12,0
5657018,0,1,0,1,0,0,157,2,12,0
5657301,0,1,1,0,1,0,157,2,12,0
5657615,1,0,0,1,1,0,157,2,12,0
5658205,0,1,0,1,0,0,157,2,12,0
5660606,1,1,0,0,0,0,157,2,12,0
5661126,0,0,0,0,1,0,157,2,12,0
5661258,0,1,0,1,0,0,157,2,12,0
5661458,0,0,0,0,1,0,157,2,12,0
5662545,0,0,1,1,0,0,157,2,12,0
5662590,0,1,0,1,0,0,157,2,12,0
5662703,0,0,0,0,1,0,157,2,12,0
5664036,1,0,0,0,1,1,157,2,12,0
5664243,0,1,1,0,1,0,157,2,12,0
5664877,1,1,1,1,1,0,157,2,12,0
5665213,0,1,0,1,0,0,157,2,12,0
5665329,0,0,1,1,0,0,157,2,12,0
5665369,1,0,1,1,0,0,157,2,12,0
5665833,1,1,0,0,0,0,157,2,12,0
5666182,1,1,0,0,0,0,157,2,12,0
5666218,1,0,0,1,1,0,157,2,12,0
5666672,1,0,0,1,1,0,157,2,12,0
5666944,1,1,0,0,0,0,157,2,12,0
5666983,0,1,0,1,0,0,157,2,12,0
5667335,0,0,1,1,0,0,157,2,12,0
5667418,1,1,1,1,1,0,157,2,12,0
5668143,1,1,1,1,1,0,157,2,12,0
5668413,1,1,1,1,1,0,157,2,12,0
5669186,0,1,0,1,0,0,157,2,12,0
5670710,1,0,0,1,1,0,157,2,12,0
5670780,0,1,0,1,0,0,157,2,12,0
5672270,1,1,1,1,1,0,157,2,12,0
5672620,0,0,0,0,1,0,157,2,12,0
5673290,1,0,0,1,1,0,157,2,12,0
5673308,1,1,0,0,0,0,157,2,12,0
5673368,0,0,1,1,0,0,157,2,12,0
5674062,0,1,1,0,1,0,157,2,12,0
5674612,0,0,1,1,0,0,157,2,12,0
5674854,0,1,1,0,1,0,157,2,12,0
5675162,0,0,0,0,1,0,157,2,12,0
5675845,1,0,0,1,1,0,157,2,12,0
5676269,1,0,1,0,0,0,157,2,12,0
5676795,1,1,0,0,0,0,157,2,12,0
5677082,0,1,1,0,1,0,157,2,12,0
5677091,1,1,0,0,0,0,157,2,12,0
5679028,1,1,0,0,0,0,157,2,12,0
5679234,1,0,1,0,0,0,157,2,12,0
5680741,0,0,1,0,0,0,157,2,12,0
5680970,1,0,1,0,0,0,157,2,12,0
5681176,0,1,0,1,0,0,157,2,12,0
5681206,0,0,0,0,1,0,157,2,12,0
5681398,1,0,0,1,1,0,157,2,12,0
5681402,1,0,0,1,1,0,157,2,12,0
5681583,1,0,1,0,0,0,157,2,12,0
5681634,0,0,1,1,0,0,157,2,12,0
5682073,1,1,1,1,1,0,157,2,12,0
5682572,0,1,0,1,0,0,157,2,12,0
5682905,0,0,0,0,1,0,157,2,12,0
5683608,1,1,1,1,1,0,157,2,12,0
5684054,1,1,0,0,0,0,157,2,12,0
5684172,0,0,0,0,1,0,157,2,12,0
5684884,0,1,0,1,0,0,157,2,12,0
5684926,1,1,1,1,1,0,157,2,12,0
5684929,0,1,1,0,1,0,157,2,12,0
5685258,0,1,1,0,1,0,157,2,12,0
5686953,1,0,0,1,1,0,157,2,12,0
5686973,0,1,1,0,1,0,157,2,12,0
5687130,0,0,1,1,0,0,157,2,12,0
5687250,0,0,0,0,1,0,157,2,12,0
5688106,0,1,0,1,0,0,157,2,12,0
5688185,0,1,0,1,0,0,157,2,12,0
5688323,0,0,0,0,1,0,157,2,12,0
5689613,1,0,0,1,1,0,157,2,12,0
5689855,1,1,0,0,0,0,157,2,12,0
5689956,0,0,1,1,0,0,157,2,12,0
5690152,1,0,0,1,1,0,157,2,12,0
5690401,1,1,1,1,1,0,157,2,12,0
5692269,0,1,1,0,1,0,157,2,12,0
5692866,0,1,1,0,1,0,157,2,12,0
5693503,1,1,1,1,1,0,157,2,12,0
5693672,0,0,0,0,1,0,157,2,12,0
5693715,1,0,1,0,0,0,157,2,12,0
5694180,1,0,0,1,1,0,157,2,12,0
5694580,0,0,1,1,0,0,157,2,12,0
5694827,0,0,1,1,0,0,157,2,12,0
5695112,0,1,1,0,1,0,157,2,12,0
5696094,1,1,1,1,1,0,157,2,12,0
5696946,1,1,1,1,1,0,157,2,12,0
5697275,1,1,0,0,0,0,157,2,12,0
5697611,0,0,0,0,1,0,157,2,12,0
5697715,0,0,1,1,0,0,157,2,12,0
5697793,1,0,0,1,1,0,157,2,12,0
5698148,0,1,1,0,1,0,157,2,12,0
5698366,1,1,0,0,0,0,157,2,12,0
5698787,0,0,0,0,1,0,157,2,12,0
5699143,1,1,1,1,1,0,157,2,12,0
5699250,0,1,1,0,1,0,157,2,12,0
5699292,1,1,0,0,0,0,157,2,12,0
5699466,0,1,0,1,0,0,157,2,12,0
5699584,1,1,0,0,0,0,157,2,12,0
5700216,1,1,1,1,1,0,157,2,12,0
5700267,0,1,0,1,0,0,157,2,12,0
5700706,0,0,0,0,1,0,157,2,12,0
5700775,0,0,0,0,1,0,157,2,12,0
5700965,0,0,0,0,1,0,157,2,12,0
5702214,1,0,1,0,0,0,113,2,12,0
5703379,0,0,1,1,0,0,113,2,12,0
5704224,1,1,1,1,1,0,113,2,12,0
5704307,1,0,1,0,0,0,113,2,12,0
5704536,1,0,1,0,0,0,113,2,12,0
5704928,0,0,1,1,0,0,113,2,12,0
5705011,0,0,0,0,1,0,113,2,12,0
5705442,1,1,1,1,1,0,113,2,12,0
5705478,1,1,0,0,0,0,113,2,12,0
5707690,0,1,0,1,0,0,113,2,12,0
5707844,1,1,0,0,0,0,113,2,12,0
5708270,1,0,1,0,0,0,113,2,12,0
5708497,1,1,0,0,0,0,113,2,12,0
5708987,0,1,1,0,1,0,113,2,12,0
5711273,1,0,1,0,0,0,113,2,12,0
5713361,1,0,0,1,1,0,113,2,12,0
5713677,0,1,0,1,0,0,113,2,12,0
5714067,0,0,1,1,0,0,113,2,12,0
5714495,0,1,0,1,0,0,113,2,12,0
5714694,0,1,0,1,0,0,113,2,12,0
5716208,1,0,1,1,0,0,113,2,12,0
5717585,0,0,0,0,1,0,113,2,12,0
5718028,0,0,0,0,1,0,113,2,12,0
5718036,0,1,0,1,0,0,113,2,12,0
5719356,0,0,0,0,1,0,113,2,12,0
5719874,0,1,0,1,0,0,113,2,12,0
5721114,1,1,1,1,1,0,113,2,12,0
5721858,0,1,0,1,0,0,113,2,12,0
5722527,0,1,0,1,0,0,113,2,12,0
5722719,0,0,0,1,1,1,113,2,12,0
5723559,0,0,1,1,0,0,113,2,12,0
5723826,1,1,1,1,1,0,113,2,12,0
5724473,0,1,1,0,1,0,113,2,12,0
5725581,0,0,1,1,0,0,113,2,12,0
5726429,0,0,0,0,1,0,113,2,12,0
5726745,1,0,0,1,1,0,113,2,12,0
5727695,1,0,0,1,1,0,113,2,12,0
5727957,1,0,1,0,0,0,113,2,12,0
5728229,0,0,1,1,0,0,113,2,12,0
5728406,0,1,1,0,1,0,113,2,12,0
5728760,0,0,1,1,0,0,113,2,12,0
5728857,1,1,0,0,0,0,113,2,12,0
5729920,0,1,1,0,1,0,113,2,12,0
5730352,1,1,0,0,0,0,113,2,12,0
5731198,0,1,1,0,1,0,113,2,12,0
5732056,0,0,0,0,1,0,113,2,12,0
5732130,0,0,1,1,0,0,113,2,12,0
5732463,1,1,0,0,0,0,113,2,12,0
5733238,0,0,1,1,0,0,113,2,12,0
5733367,0,1,1,0,1,0,113,2,12,0
5733454,1,0,1,0,0,0,113,2,12,0
5733758,1,1,1,1,1,0,113,2,12,0
5733842,0,1,1,0,1,0,113,2,12,0
5734049,1,1,0,0,0,0,113,2,12,0
5734389,1,1,1,1,1,0,113,2,12,0
5735793,0,0,0,0,1,0,113,2,12,0
5735829,1,0,1,1,0,0,113,2,12,0
5737787,1,0,1,0,0,0,113,2,12,0
5739009,0,1,1,0,1,0,113,2,12,0
5740864,0,0,0,0,1,0,113,2,12,0
5746885,0,0,0,0,1,0,113,2,12,0
5747594,1,1,1,1,1,0,113,2,12,0
5747872,1,1,0,0,0,0,113,2,12,0
5748462,0,1,0,1,0,0,113,2,12,0
5749712,0,0,0,0,1,0,113,2,12,0
5750780,0,0,0,0,1,0,113,2,12,0
5751808,0,1,1,0,1,0,113,2,12,0
5751819,1,1,0,0,0,0,113,2,12,0
5751970,1,0,0,1,1,0,113,2,12,0
5752537,0,0,0,0,1,0,113,2,12,0
5752724,1,1,0,0,0,0,113,2,12,0
5753988,1,0,0,1,1,0,113,2,12,0
5755114,1,0,1,0,0,0,113,2,12,0
5755842,1,1,0,0,0,0,113,2,12,0
5756036,0,0,1,1,0,0,113,2,12,0
5756376,1,1,0,0,0,0,113,2,12,0
5756434,1,0,0,1,1,0,113,2,12,0
5756890,0,0,1,1,0,0,113,2,12,0
5757344,1,0,0,1,1,0,113,2,12,0
5757724,1,0,1,0,0,0,113,2,12,0
5759286,0,0,0,0,1,0,113,2,12,0
5759907,0,1,0,1,0,0,113,2,12,0
5760457,0,1,1,0,1,0,113,2,12,0
5760661,0,1,1,0,1,0,113,2,12,0
5760866,0,0,0,0,1,0,113,2,12,0
5761712,1,1,1,1,1,0,113,2,12,0
5761848,1,1,1,1,1,0,113,2,12,0
5763633,1,1,0,0,0,0,113,2,12,0
5763805,1,0,0,1,1,0,113,2,12,0
5764941,1,0,0,1,1,0,113,2,12,0
5765478,1,1,1,1,1,0,113,2,12,0
5765904,0,1,1,0,1,0,113,2,12,0
5766002,1,1,0,0,0,0,113,2,12,0
5767376,0,0,0,0,1,0,144,2,12,0
5767761,1,0,1,0,0,0,144,2,12,0
5768404,0,1,1,0,1,0,144,2,12,0
5768659,0,0,0,0,1,0,144,2,12,0
5768709,1,0,1,0,0,0,144,2,12,0
5770146,0,0,1,1,0,0,144,2,12,0
5770232,1,1,1,1,1,0,144,2,12,0
5771307,0,1,0,1,0,0,144,2,12,0
5771513,1,0,1,0,0,0,144,2,12,0
5772131,0,0,1,1,0,0,144,2,12,0
5772363,0,0,1,1,0,0,144,2,12,0
5773574,0,1,1,0,1,0,144,2,12,0
5773676,0,1,0,1,0,0,144,2,12,0
5774637,1,1,0,0,0,0,144,2,12,0
5775942,1,0,0,1,1,0,144,2,12,0
5776406,0,1,1,0,1,0,144,2,12,0
5776975,0,1,0,1,0,0,144,2,12,0
5777143,0,0,1,1,0,0,144,2,12,0
5777466,1,1,0,0,0,0,144,2,12,0
5777559,0,0,1,1,0,0,144,2,12,0
5778898,1,1,1,1,1,0,144,2,12,0
5779030,0,1,1,0,1,0,144,2,12,0
5780756,1,1,1,0,1,1,144,2,12,0
5780949,0,1,0,1,0,0,144,2,12,0
5781155,0,0,0,0,1,0,144,2,12,0
5781819,0,1,0,1,0,0,144,2,12,0
5782277,1,0,1,0,0,0,144,2,12,0
5782707,0,1,0,1,0,0,144,2,12,0
5783057,1,1,1,1,1,0,144,2,12,0
5783082,0,0,0,0,1,0,144,2,12,0
5783093,0,0,0,0,1,0,144,2,12,0
5784291,0,0,1,1,0,0,144,2,12,0
5784454,1,0,1,0,0,0,144,2,12,0
5784562,0,0,1,1,0,0,144,2,12,0
5784968,1,0,0,1,1,0,144,2,12,0
5785072,1,1,1,1,1,0,144,2,12,0
5785781,1,1,0,0,0,0,144,2,12,0
5786422,0,1,1,0,1,0,144,2,12,0
5787142,0,1,1,0,1,0,144,2,12,0
5787428,0,0,0,0,1,0,144,2,12,0
5787495,0,0,0,0,1,0,144,2,12,0
5788835,0,0,0,0,1,0,144,2,12,0
5789223,0,0,0,0,1,0,144,2,12,0
5789281,1,1,0,0,0,0,144,2,12,0
5789364,0,1,1,0,1,0,144,2,12,0
5789595,0,0,0,0,1,0,144,2,12,0
5790257,1,0,1,0,0,0,144,2,12,0
5790373,1,1,1,1,1,0,144,2,12,0
5790750,1,0,1,0,0,0,144,2,12,0
5791298,0,1,1,0,1,0,144,2,12,0
5791372,1,1,1,1,1,0,144,2,12,0
5791573,1,0,0,1,1,0,144,2,12,0
5791748,0,0,1,1,0,0,144,2,12,0
5791990,0,0,0,0,1,0,144,2,12,0
5792053,1,1,1,1,1,0,144,2,12,0
5792972,1,0,0,1,1,0,144,2,12,0
5793213,0,1,1,0,1,0,144,2,12,0
5793361,0,1,0,0,0,0,144,2,12,0
5793462,0,0,1,1,0,0,144,2,12,0
5794129,0,1,0,1,0,0,144,2,12,0
5794346,1,1,1,1,1,0,144,2,12,0
5794398,1,0,1,0,0,0,144,2,12,0
5794409,0,0,1,1,0,0,144,2,12,0
5794653,1,0,1,1,0,0,144,2,12,0
5796830,1,1,0,0,0,0,144,2,12,0
5797258,1,1,0,0,0,0,144,2,12,0
5798238,0,0,1,1,0,0,144,2,12,0
5799578,0,0,0,0,1,0,144,2,12,0
5799759,1,1,0,0,0,0,144,2,12,0
5799793,1,1,1,1,1,0,144,2,12,0
5799899,1,0,1,0,0,0,144,2,12,0
5801262,1,0,0,1,1,0,144,2,12,0
5802921,1,0,0,1,1,0,144,2,12,0
5803973,0,1,1,0,1,0,144,2,12,0
5804778,0,1,1,0,1,0,144,2,12,0
5804936,0,0,0,0,1,0,144,2,12,0
5805465,0,1,1,0,1,0,144,2,12,0
5806072,0,1,1,0,1,0,144,2,12,0
5806300,1,1,1,1,1,0,144,2,12,0
5807290,1,1,0,0,0,0,144,2,12,0
5807313,0,0,0,0,1,0,144,2,12,0
5807640,0,1,1,0,1,0,144,2,12,0
5808497,1,0,1,0,0,0,144,2,12,0
5809229,1,0,0,1,1,0,144,2,12,0
5810321,0,1,1,0,1,0,144,2,12,0
5810618,0,1,1,0,1,0,144,2,12,0
5811248,0,0,0,0,1,0,144,2,12,0
5813683,0,0,1,1,0,0,144,2,12,0
5813703,0,0,1,1,0,0,144,2,12,0
5813810,0,1,0,1,0,0,144,2,12,0
5813998,1,1,0,0,0,0,144,2,12,0
5814088,0,1,0,0,0,0,144,2,12,0
5815208,0,1,0,1,0,0,144,2,12,0
5817427,0,1,1,0,1,0,144,2,12,0
5818298,1,1,0,0,0,0,144,2,12,0
5819356,0,0,1,1,0,0,144,2,12,0
5819746,0,1,0,1,0,0,144,2,12,0
5819897,0,0,1,1,0,0,144,2,12,0
5820085,1,0,1,0,0,0,144,2,12,0
5820621,1,1,0,0,0,0,144,2,12,0
5821016,0,0,0,0,1,0,144,2,12,0
5821035,0,0,1,1,0,0,144,2,12,0
5821915,0,0,0,0,1,0,144,2,12,0
5822368,1,0,1,0,0,0,144,2,12,0
5822837,0,0,1,1,0,0,144,2,12,0
5823512,1,0,1,1,0,0,144,2,12,0
5824462,1,1,0,0,0,0,144,2,12,0
5825359,0,1,0,1,0,0,144,2,12,0
5825816,0,0,1,1,0,0,144,2,12,0
5825991,0,0,0,0,1,0,144,2,12,0
5827500,0,1,0,1,0,0,144,2,12,0
5828171,0,0,0,0,1,0,144,2,12,0
5828573,0,0,0,1,1,1,144,2,12,0
5830572,0,1,1,0,1,0,144,2,12,0
5831919,1,1,1,1,1,0,144,2,12,0
5832579,1,0,1,0,0,0,144,2,12,0
5832661,1,1,0,0,0,0,144,2,12,0
5833133,1,0,0,1,1,0,126,2,12,0
5833755,1,0,0,1,1,0,126,2,12,0
5834176,1,1,1,1,1,0,126,2,12,0
5834331,0,0,0,0,1,0,126,2,12,0
5834340,1,1,1,1,1,0,126,2,12,0
5835201,0,0,0,0,1,0,126,2,12,0
5835837,0,0,0,0,1,0,126,2,12,0
5836439,1,0,0,1,1,0,126,2,12,0
5836576,0,1,1,0,1,0,126,2,12,0
5837114,1,1,0,0,0,0,126,2,12,0
5837197,1,1,1,1,1,0,126,2,12,0
5838173,1,0,0,1,1,0,126,2,12,0
5838627,1,1,0,0,0,0,126,2,12,0
5839056,0,0,0,0,1,0,126,2,12,0
5839565,1,0,1,0,0,0,126,2,12,0
5839596,0,1,1,0,1,0,126,2,12,0
5839758,1,0,1,1,0,0,126,2,12,0
5842030,1,0,1,0,0,0,126,2,12,0
5842677,0,0,1,0,0,0,126,2,12,0
5842800,1,0,1,0,0,0,126,2,12,0
5843303,0,0,0,0,1,0,126,2,12,0
5843440,1,1,1,1,1,0,126,2,12,0
5843663,0,1,1,0,1,0,126,2,12,0
5844131,0,0,1,1,0,0,126,2,12,0
5844716,1,1,0,0,0,0,126,2,12,0
5844844,1,1,0,0,0,0,126,2,12,0
5845060,1,1,1,1,1,0,126,2,12,0
5846661,0,1,0,1,0,0,126,2,12,0
5846834,0,1,1,0,1,0,126,2,12,0
5846916,0,0,1,1,0,0,126,2,12,0
5847289,0,1,1,0,1,0,126,2,12,0
5847371,0,0,1,1,0,0,126,2,12,0
5847444,0,0,1,1,0,0,126,2,12,0
5847454,1,1,1,1,1,0,126,2,12,0
5847704,0,1,0,1,0,0,126,2,12,0
5847762,0,0,1,1,0,0,126,2,12,0
5847789,0,0,1,1,0,0,126,2,12,0
5849031,1,1,1,1,1,0,126,2,12,0
5849890,1,0,0,1,1,0,126,2,12,0
5850086,1,0,0,1,1,0,126,2,12,0
5850813,0,1,1,0,1,0,126,2,12,0
5851651,0,0,1,1,0,0,126,2,12,0
5851860,0,0,1,1,0,0,126,2,12,0
5852044,1,1,1,1,1,0,126,2,12,0
5852057,1,0,1,0,0,0,126,2,12,0
5852481,1,0,1,0,0,0,126,2,12,0
5854164,0,0,0,0,1,0,126,2,12,0
5855203,1,0,0,1,1,0,126,2,12,0
5855428,0,1,1,0,1,0,126,2,12,0
5855674,0,0,1,1,0,0,126,2,12,0
5856023,1,1,1,1,1,0,126,2,12,0
5856030,0,1,0,1,0,0,126,2,12,0
5856130,1,0,1,0,0,0,126,2,12,0
5856459,1,1,1,1,1,0,126,2,12,0
5857075,0,1,1,0,1,0,126,2,12,0
5857076,0,0,0,0,1,0,126,2,12,0
5857179,0,1,0,1,0,0,126,2,12,0
5858623,1,0,1,0,0,0,126,2,12,0
5858710,1,1,0,0,0,0,126,2,12,0
5859408,0,1,1,0,1,0,126,2,12,0
5859835,1,0,1,0,0,0,126,2,12,0
5859996,0,1,0,1,0,0,126,2,12,0
5861402,0,0,1,1,0,0,126,2,12,0
5861481,0,0,1,1,0,0,126,2,12,0
5861687,1,0,1,0,0,0,126,2,12,0
5861711,1,0,1,0,0,0,126,2,12,0
5861839,1,1,0,0,0,0,126,2,12,0
5863416,0,0,0,0,1,0,126,2,12,0
5864229,0,0,1,1,0,0,126,2,12,0
5864452,1,1,1,1,1,0,126,2,12,0
5864901,0,1,1,0,1,0,126,2,12,0
5865100,1,0,0,1,1,0,126,2,12,0
5866535,1,0,0,1,1,0,126,2,12,0
5869089,0,1,1,0,1,0,126,2,12,0
5869115,0,1,1,0,1,0,126,2,12,0
5869411,0,0,1,1,0,0,126,2,12,0
5870991,0,0,0,0,1,0,126,2,12,0
5871902,1,1,1,1,1,0,126,2,12,0
5873653,1,0,1,0,0,0,126,2,12,0
5874326,0,1,1,0,1,0,126,2,12,0
5874473,0,0,1,1,0,0,126,2,12,0
5875214,1,0,1,0,0,0,126,2,12,0
5875837,1,0,0,1,1,0,126,2,12,0
5876213,0,0,1,1,0,0,126,2,12,0
5876994,0,1,0,1,0,0,126,2,12,0
5878109,0,0,0,0,1,0,126,2,12,0
5878223,0,1,1,0,1,0,126,2,12,0
5878939,1,1,0,0,0,0,126,2,12,0
5880431,1,0,0,1,1,0,126,2,12,0
5880565,0,1,1,0,1,0,126,2,12,0
5881188,0,0,0,0,1,0,126,2,12,0
5881675,0,0,0,0,1,0,126,2,12,0
5881761,1,0,0,1,1,0,126,2,12,0
5882135,1,1,1,1,1,0,126,2,12,0
5882549,1,0,1,1,0,0,126,2,12,0
5882771,0,1,1,0,1,0,126,2,12,0
5883289,1,1,1,1,1,0,126,2,12,0
5883764,0,0,0,0,1,0,126,2,12,0
5883902,0,0,0,0,1,0,126,2,12,0
5884464,0,1,0,1,0,0,126,2,12,0
5884697,0,0,0,0,1,0,126,2,12,0
5884715,1,0,0,1,1,0,126,2,12,0
5884784,0,1,0,1,0,0,126,2,12,0
5885006,0,0,0,0,1,0,126,2,12,0
5885859,0,1,1,0,1,0,126,2,12,0
5886825,0,0,0,0,1,0,126,2,12,0
5886999,0,1,1,0,1,0,126,2,12,0
5887061,0,0,1,1,0,0,126,2,12,0
5887268,1,0,0,1,1,0,126,2,12,0
5887576,0,0,1,1,0,0,126,2,12,0
5887800,1,1,1,1,1,0,126,2,12,0
5887893,1,0,1,0,0,0,126,2,12,0
5889834,0,0,0,0,1,0,126,2,12,0
5890592,0,0,1,1,0,0,126,2,12,0
5890706,1,1,1,1,1,0,126,2,12,0
5890858,1,1,1,1,1,0,126,2,12,0
5891148,0,0,0,0,1,0,126,2,12,0
5892832,0,0,1,0,0,0,126,2,12,0
5894159,1,1,1,1,1,0,126,2,12,0
5894370,0,0,0,0,1,0,126,2,12,0
5894671,1,0,1,0,0,0,126,2,12,0
5895780,1,0,1,0,0,0,126,2,12,0
5895949,1,0,1,0,0,0,126,2,12,0
5896532,0,0,0,0,1,0,126,2,12,0
5896594,0,1,0,1,0,0,126,2,12,0
5898175,1,0,0,1,1,0,126,2,12,0
5899188,0,0,1,1,0,0,122,2,12,0
5901689,0,0,0,0,1,0,122,2,12,0
5901887,1,0,0,1,1,0,122,2,12,0
5903624,0,1,0,1,0,0,122,2,12,0
5904210,0,1,0,1,0,0,122,2,12,0
5905171,0,0,1,1,0,0,122,2,12,0
5905462,0,0,0,1,1,1,122,2,12,0
5905910,0,1,0,1,0,0,122,2,12,0
5911467,0,1,1,0,1,0,122,2,12,0
5911532,1,0,1,0,0,0,122,2,12,0
5911616,1,0,1,0,0,0,122,2,12,0
5911659,0,0,1,1,0,0,122,2,12,0
5913612,0,0,1,1,0,0,122,2,12,0
5914564,1,0,1,0,0,0,122,2,12,0
5916067,1,1,0,0,0,0,122,2,12,0
5916209,1,1,1,1,1,0,122,2,12,0
5918107,0,1,0,1,0,0,122,2,12,0
5918861,1,1,1,1,1,0,122,2,12,0
5919198,0,1,0,1,0,0,122,2,12,0
5922081,1,1,0,0,0,0,122,2,12,0
5922659,0,0,1,1,0,0,122,2,12,0
5923979,1,0,0,1,1,0,122,2,12,0
5924168,0,1,1,0,1,0,122,2,12,0
5924505,0,1,1,0,1,0,122,2,12,0
5924795,0,1,0,1,0,0,122,2,12,0
5925025,1,1,0,0,0,0,122,2,12,0
5926039,1,0,1,0,0,0,122,2,12,0
5926268,1,0,0,1,1,0,122,2,12,0
5926330,1,0,0,0,1,1,122,2,12,0
5928838,1,0,0,1,1,0,122,2,12,0
5929471,0,1,0,1,0,0,122,2,12,0
5929666,0,1,1,0,1,0,122,2,12,0
5929804,0,1,1,0,1,0,122,2,12,0
5930045,0,1,0,1,0,0,122,2,12,0
5930594,1,0,1,0,0,0,122,2,12,0
5930941,1,0,0,1,1,0,122,2,12,0
5931279,1,1,1,1,1,0,122,2,12,0
5931773,0,1,0,1,0,0,122,2,12,0
5932158,1,0,1,0,0,0,122,2,12,0
5932898,1,1,0,0,0,0,122,2,12,0
5933568,1,1,1,1,1,0,122,2,12,0
5933983,1,0,1,0,0,0,122,2,12,0
5934823,0,1,0,1,0,0,122,2,12,0
5936836,0,0,1,1,0,0,122,2,12,0
5937429,0,0,0,0,1,0,122,2,12,0
5938146,0,1,1,0,1,0,122,2,12,0
5939592,0,0,0,0,1,0,122,2,12,0
5940464,1,0,0,1,1,0,122,2,12,0
5940998,1,1,1,1,1,0,122,2,12,0
5942776,1,0,0,1,1,0,122,2,12,0
5943136,0,0,0,0,1,0,122,2,12,0
5943636,1,0,1,0,0,0,122,2,12,0
5943911,0,0,1,1,0,0,122,2,12,0
5944104,0,1,1,0,1,0,122,2,12,0
5944783,0,1,1,0,1,0,122,2,12,0
5945979,0,0,0,0,1,0,122,2,12,0
5947789,0,0,0,0,1,0,122,2,12,0
5947960,1,0,0,1,1,0,122,2,12,0
5948167,0,0,0,0,1,0,122,2,12,0
5948604,0,1,0,1,0,0,122,2,12,0
5950657,1,1,0,0,0,0,122,2,12,0
5951557,1,1,1,1,1,0,122,2,12,0
5951987,1,1,0,0,0,0,122,2,12,0
5953098,0,0,0,0,1,0,122,2,12,0
5953124,0,0,0,0,1,0,122,2,12,0
5953334,0,0,1,1,0,0,122,2,12,0
5953573,1,0,1,0,0,0,122,2,12,0
5953819,0,1,0,1,0,0,122,2,12,0
5954020,1,0,0,1,1,0,122,2,12,0
5954655,0,1,0,1,0,0,122,2,12,0
5954742,1,0,1,1,0,0,122,2,12,0
5955321,0,0,1,1,0,0,122,2,12,0
5955855,1,1,1,1,1,0,122,2,12,0
5955947,1,0,1,1,0,0,122,2,12,0
5958329,0,0,1,1,0,0,122,2,12,0
5958589,0,1,1,1,1,1,122,2,12,0
5958611,0,1,0,1,0,0,122,2,12,0
5958734,1,0,0,1,1,0,122,2,12,0
5960064,0,0,0,0,1,0,122,2,12,0
5960667,1,0,0,1,1,0,122,2,12,0
5961653,1,0,0,1,1,0,122,2,12,0
5962081,0,0,0,0,1,0,122,2,12,0
5962657,1,1,0,0,0,0,122,2,12,0
5963165,1,1,0,0,0,0,122,2,12,0
5963236,0,0,0,0,1,0,122,2,12,0
5964519,1,0,1,0,0,0,112,2,12,0
5966866,1,1,0,0,0,0,112,2,12,0
5968550,1,0,1,0,0,0,112,2,12,0
5972980,1,0,0,1,1,0,112,2,12,0
5973308,1,1,1,1,1,0,112,2,12,0
5973481,1,0,1,0,0,0,112,2,12,0
5973507,0,0,1,1,0,0,112,2,12,0
5974232,1,1,1,0,1,1,112,2,12,0
5974894,0,1,0,1,0,0,112,2,12,0
5975001,1,1,1,1,1,0,112,2,12,0
5975105,1,1,0,0,0,0,112,2,12,0
5975214,0,0,0,0,1,0,112,2,12,0
5975999,0,1,0,1,0,0,112,2,12,0
5976545,1,0,1,0,0,0,112,2,12,0
5978351,0,1,1,0,1,0,112,2,12,0
5979356,1,0,1,0,0,0,112,2,12,0
5979903,0,0,0,0,1,0,112,2,12,0
5980731,0,0,1,1,0,0,112,2,12,0
5980974,1,0,1,0,0,0,112,2,12,0
5981193,1,0,1,0,0,0,112,2,12,0
5981283,0,1,1,0,1,0,112,2,12,0
5984714,0,1,1,0,1,0,112,2,12,0
5986031,1,1,1,1,1,0,112,2,12,0
5986498,0,1,1,0,1,0,112,2,12,0
5986962,0,0,1,1,0,0,112,2,12,0
5987441,0,1,1,0,1,0,112,2,12,0
5987674,0,0,0,0,1,0,112,2,12,0
5987778,0,1,1,0,1,0,112,2,12,0
5987965,0,1,0,1,0,0,112,2,12,0
5988238,1,1,1,1,1,0,112,2,12,0
5988454,0,1,0,1,0,0,112,2,12,0
5988567,0,1,0,1,0,0,112,2,12,0
5988736,1,0,1,0,0,0,112,2,12,0
5989012,1,0,0,1,1,0,112,2,12,0
5989110,1,0,1,0,0,0,112,2,12,0
5990240,0,0,1,1,0,0,112,2,12,0
5993214,0,1,0,1,0,0,112,2,12,0
5994697,1,1,1,1,1,0,112,2,12,0
5995011,0,1,1,0,1,0,112,2,12,0
5996573,1,1,0,0,0,0,112,2,12,0
5996848,0,0,1,1,0,0,112,2,12,0
5997142,0,0,1,1,0,0,112,2,12,0
5997239,1,1,1,1,1,0,112,2,12,0
5998322,1,0,0,1,1,0,112,2,12,0
5999605,1,0,1,0,0,0,112,2,12,0
5999648,0,0,1,1,0,0,112,2,12,0
5999888,1,0,0,1,1,0,112,2,12,0
5999938,0,1,1,0,1,0,112,2,12,0
6000211,1,1,1,1,1,0,112,2,12,0
6000409,0,0,1,1,0,0,112,2,12,0
6001664,0,0,1,1,0,0,112,2,12,0
6002191,1,0,1,0,0,0,112,2,12,0
6003276,1,1,0,0,0,0,112,2,12,0
6003462,0,0,1,1,0,0,112,2,12,0
6003738,0,1,1,0,1,0,112,2,12,0
6004367,1,1,1,1,1,0,112,2,12,0
6005464,0,0,0,0,1,0,112,2,12,0
6005828,1,0,0,1,1,0,112,2,12,0
6006363,1,1,1,1,1,0,112,2,12,0
6006698,0,1,1,0,1,0,112,2,12,0
6007092,0,1,1,0,1,0,112,2,12,0
6007178,1,1,1,1,1,0,112,2,12,0
6007269,0,0,0,0,1,0,112,2,12,0
6007488,0,0,0,0,1,0,112,2,12,0
6007918,0,1,0,1,0,0,112,2,12,0
6007980,1,0,0,1,1,0,112,2,12,0
6008071,1,0,0,1,1,0,112,2,12,0
6008225,1,0,0,1,1,0,112,2,12,0
6008691,1,0,1,0,0,0,112,2,12,0
6009225,1,0,0,1,1,0,112,2,12,0
6010632,0,0,0,0,1,0,112,2,12,0
6011417,0,0,1,1,0,0,112,2,12,0
6011437,0,1,0,1,0,0,112,2,12,0
6012200,0,1,0,1,0,0,112,2,12,0
6013338,0,1,0,1,0,0,112,2,12,0
6013711,0,1,1,0,1,0,112,2,12,0
6014903,1,0,0,1,1,0,112,2,12,0
6014948,0,1,0,1,0,0,112,2,12,0
6016320,0,0,1,1,0,0,112,2,12,0
6016929,1,1,1,0,1,1,112,2,12,0
6017026,0,0,1,1,0,0,112,2,12,0
6017034,1,1,0,0,0,0,112,2,12,0
6017306,1,0,0,1,1,0,112,2,12,0
6017329,0,1,0,1,0,0,112,2,12,0
6019509,0,0,1,1,0,0,112,2,12,0
6020676,1,1,0,0,0,0,112,2,12,0
6022146,1,1,1,1,1,0,112,2,12,0
6023884,0,0,1,1,0,0,112,2,12,0
6024111,1,1,0,0,0,0,112,2,12,0
6024691,1,1,0,0,0,0,112,2,12,0
6025973,0,1,1,0,1,0,112,2,12,0
6026224,1,0,0,1,1,0,112,2,12,0
6026424,1,1,0,0,0,0,112,2,12,0
6027544,1,1,0,0,0,0,112,2,12,0
6027822,1,0,0,1,1,0,112,2,12,0
6027899,1,1,0,0,0,0,112,2,12,0
6028085,0,1,1,0,1,0,112,2,12,0
6028591,0,1,0,1,0,0,112,2,12,0
6028602,0,1,0,1,0,0,112,2,12,0
6031364,0,1,1,0,1,0,111,2,12,1
6031542,1,0,1,0,0,0,111,2,12,1
6032064,0,0,1,1,0,0,111,2,12,1
6032270,0,1,1,0,1,0,111,2,12,1
6033791,0,0,0,0,1,0,111,2,12,1
6035143,0,1,0,1,0,0,111,2,12,1
6035339,1,0,0,1,1,0,111,2,12,1
6037774,1,1,0,0,0,0,111,2,12,1
6038121,0,0,0,0,1,0,111,2,12,1
6040854,0,0,1,1,0,0,111,2,12,1
6045434,0,0,1,1,0,0,111,2,12,1
6045943,0,0,0,0,1,0,111,2,12,1
6045999,0,0,0,0,1,0,111,2,12,1
6046886,0,0,0,0,1,0,111,2,12,1
6047212,0,0,1,1,0,0,111,2,12,1
6048037,0,0,1,1,0,0,111,2,12,1
6048475,0,1,1,0,1,0,111,2,12,1
6050424,1,0,1,0,0,0,111,2,12,1
6051042,0,0,0,0,1,0,111,2,12,1
6051398,0,1,1,0,1,0,111,2,12,1
6051638,1,1,1,1,1,0,111,2,12,1
6052103,0,1,1,0,1,0,111,2,12,1
6053414,1,1,1,1,1,0,111,2,12,1
6055560,0,0,0,0,1,0,111,2,12,1
6056683,1,1,1,1,1,0,111,2,12,1
6056924,1,1,0,1,0,0,111,2,12,1
6057968,0,0,0,0,1,0,111,2,12,1
6061326,1,0,0,1,1,0,111,2,12,1
6061333,1,1,1,1,1,0,111,2,12,1
6061380,1,0,1,0,0,0,111,2,12,1
6063009,0,1,0,1,0,0,111,2,12,1
6063042,0,1,1,0,1,0,111,2,12,1
6063865,1,1,1,1,1,0,111,2,12,1
6064333,1,1,1,1,1,0,111,2,12,1
6069868,1,1,1,1,1,0,111,2,12,1
6070666,0,0,0,0,1,0,111,2,12,1
6070978,1,1,0,0,0,0,111,2,12,1
6071816,1,0,0,1,1,0,111,2,12,1
6074547,0,0,1,1,0,0,111,2,12,1
6074819,0,1,0,1,0,0,111,2,12,1
6074881,0,0,0,0,1,0,111,2,12,1
6075613,1,0,1,0,0,0,111,2,12,1
6078418,1,0,0,1,1,0,111,2,12,1
6079091,1,0,1,0,0,0,111,2,12,1
6080721,0,0,1,0,0,0,111,2,12,1
6081707,1,1,1,1,1,0,111,2,12,1
6081867,0,0,0,0,1,0,111,2,12,1
6082356,1,0,1,0,0,0,111,2,12,1
6082724,1,1,0,0,0,0,111,2,12,1
6083490,0,0,1,1,0,0,111,2,12,1
6083990,1,0,1,0,0,0,111,2,12,1
6086180,1,0,0,1,1,0,111,2,12,1
6086761,0,1,1,0,1,0,111,2,12,1
6087227,1,1,0,0,0,0,111,2,12,1
6088174,1,1,0,0,0,0,111,2,12,1
6088922,0,0,1,1,0,0,111,2,12,1
6089010,0,0,1,1,0,0,111,2,12,1
6089018,0,0,0,0,1,0,111,2,12,1
6089801,1,0,0,1,1,0,111,2,12,1
6089983,0,1,0,1,0,0,111,2,12,1
6090954,1,1,0,0,0,0,111,2,12,1
6091904,0,1,0,1,0,0,111,2,12,1
6091964,0,1,1,0,1,0,111,2,12,1
6092295,1,1,1,1,1,0,111,2,12,1
6092844,1,1,0,0,0,0,111,2,12,1
6097338,0,0,0,0,1,0,128,2,12,1
6097913,1,1,0,0,0,0,128,2,12,1
6098664,1,1,1,1,1,0,128,2,12,1
6099839,1,1,1,1,1,0,128,2,12,1
6101317,1,1,1,1,1,0,128,2,12,1
6102358,1,1,0,0,0,0,128,2,12,1
6103426,0,1,0,1,0,0,128,2,12,1
6103792,1,0,1,0,0,0,128,2,12,1
6103877,0,1,0,1,0,0,128,2,12,1
6104133,0,1,0,1,0,0,128,2,12,1
6104760,1,0,1,0,0,0,128,2,12,1
6105110,0,0,1,1,0,0,128,2,12,1
6105268,1,0,1,0,0,0,128,2,12,1
6105357,1,0,1,0,0,0,128,2,12,1
6106499,0,1,1,0,1,0,128,2,12,1
6106884,0,0,1,1,0,0,128,2,12,1
6108083,1,0,0,1,1,0,128,2,12,1
6108383,0,0,0,0,1,0,128,2,12,1
6109506,1,0,0,1,1,0,128,2,12,1
6110624,1,0,1,0,0,0,128,2,12,1
6110938,1,0,1,0,0,0,128,2,12,1
6113341,0,0,0,0,1,0,128,2,12,1
6113660,1,0,1,0,0,0,128,2,12,1
6114100,0,1,1,0,1,0,128,2,12,1
6114818,1,0,0,1,1,0,128,2,12,1
6116834,0,1,1,0,1,0,128,2,12,1
6116888,1,0,0,1,1,0,128,2,12,1
6118328,1,0,1,0,0,0,128,2,12,1
6119211,0,1,0,1,0,0,128,2,12,1
6120841,1,1,0,0,0,0,128,2,12,1
6121032,1,0,1,0,0,0,128,2,12,1
6122019,1,0,0,1,1,0,128,2,12,1
6123397,0,0,0,0,1,0,128,2,12,1
6123433,1,1,0,0,0,0,128,2,12,1
6123933,1,1,0,0,0,0,128,2,12,1
6124971,1,0,1,0,0,0,128,2,12,1
6126663,0,1,0,1,0,0,128,2,12,1
6127587,1,1,0,0,0,0,128,2,12,1
6128082,0,0,0,0,1,0,128,2,12,1
6128668,1,0,0,1,1,0,128,2,12,1
6128701,1,0,0,1,1,0,128,2,12,1
6128962,1,0,1,0,0,0,128,2,12,1
6131222,1,1,0,0,0,0,128,2,12,1
6131698,1,1,1,1,1,0,128,2,12,1
6131989,1,0,0,1,1,0,128,2,12,1
6133717,1,0,1,0,0,0,128,2,12,1
6136502,0,0,0,0,1,0,128,2,12,1
6137227,1,1,0,0,0,0,128,2,12,1
6137489,1,0,1,0,0,0,128,2,12,1
6137643,1,0,0,1,1,0,128,2,12,1
6137797,1,0,0,1,1,0,128,2,12,1
6138014,1,1,1,1,1,0,128,2,12,1
6138366,1,0,0,1,1,0,128,2,12,1
6138573,1,0,1,0,0,0,128,2,12,1
6140725,1,1,0,0,0,0,128,2,12,1
6141506,1,0,0,1,1,0,128,2,12,1
6143356,0,1,1,0,1,0,128,2,12,1
6144001,1,0,0,1,1,0,128,2,12,1
6146382,0,0,1,1,0,0,128,2,12,1
6146487,1,1,1,1,1,0,128,2,12,1
6148157,0,1,1,0,1,0,128,2,12,1
6148239,0,0,0,0,1,0,128,2,12,1
6148989,0,1,0,1,0,0,128,2,12,1
6150379,0,0,1,1,0,0,128,2,12,1
6152053,1,1,0,0,0,0,128,2,12,1
6154007,1,0,1,0,0,0,128,2,12,1
6154469,1,1,1,1,1,0,128,2,12,1
6155376,0,1,0,1,0,0,128,2,12,1
6155722,1,1,0,0,0,0,128,2,12,1
6156462,1,0,0,1,1,0,128,2,12,1
6156823,0,0,0,0,1,0,128,2,12,1
6158218,0,1,1,0,1,0,128,2,12,1
6158480,0,0,0,0,1,0,128,2,12,1
6158923,1,0,1,0,0,0,128,2,12,1
6159914,1,1,1,1,1,0,128,2,12,1
6160084,1,1,1,1,1,0,128,2,12,1
6160934,0,1,0,1,0,0,124,2,12,1
6161065,0,1,0,1,0,0,124,2,12,1
6164343,1,0,1,0,0,0,124,2,12,1
6164671,1,0,1,0,0,0,124,2,12,1
6164961,1,1,1,1,1,0,124,2,12,1
6165134,1,1,1,1,1,0,124,2,12,1
6165303,1,1,1,1,1,0,124,2,12,1
6165452,0,1,0,1,0,0,124,2,12,1
6165468,1,0,1,0,0,0,124,2,12,1
6165595,0,1,1,0,1,0,124,2,12,1
6166250,0,0,1,0,0,0,124,2,12,1
6166614,1,0,1,0,0,0,124,2,12,1
6167160,1,1,0,0,0,0,124,2,12,1
6167279,1,1,0,0,0,0,124,2,12,1
6167337,0,0,1,1,0,0,124,2,12,1
6167751,1,1,0,0,0,0,124,2,12,1
6168063,0,1,0,1,0,0,124,2,12,1
6169955,0,1,0,1,0,0,124,2,12,1
6170256,0,0,0,0,1,0,124,2,12,1
6170621,1,1,1,1,1,0,124,2,12,1
6171162,0,0,0,0,1,0,124,2,12,1
6173202,1,0,1,0,0,0,124,2,12,1
6173258,1,0,1,0,0,0,124,2,12,1
6174018,1,1,0,0,0,0,124,2,12,1
6174227,1,1,0,0,0,0,124,2,12,1
6175159,1,1,1,1,1,0,124,2,12,1
6175726,0,1,1,0,1,0,124,2,12,1
6176022,1,1,1,1,1,0,124,2,12,1
6177753,0,1,1,0,1,0,124,2,12,1
6178950,1,1,1,1,1,0,124,2,12,1
6179533,1,0,1,0,0,0,124,2,12,1
6180486,1,0,1,0,0,0,124,2,12,1
6181813,0,1,0,1,0,0,124,2,12,1
6182223,0,1,0,0,0,0,124,2,12,1
6182522,0,0,1,1,0,0,124,2,12,1
6182843,0,0,0,0,1,0,124,2,12,1
6182906,0,1,1,0,1,0,124,2,12,1
6183427,1,0,1,0,0,0,124,2,12,1
6184679,0,0,0,0,1,0,124,2,12,1
6184842,0,1,0,1,0,0,124,2,12,1
6185542,0,0,1,1,0,0,124,2,12,1
6185736,1,0,1,0,0,0,124,2,12,1
6185878,0,0,0,0,1,0,124,2,12,1
6188888,0,1,1,0,1,0,124,2,12,1
6191953,0,1,1,0,1,0,124,2,12,1
6192189,0,0,1,1,0,0,124,2,12,1
6192590,1,1,1,1,1,0,124,2,12,1
6193174,1,0,0,1,1,0,124,2,12,1
6193570,1,1,1,1,1,0,124,2,12,1
6194632,0,0,1,1,0,0,124,2,12,1
6194846,1,0,0,1,1,0,124,2,12,1
6195362,1,1,1,1,1,0,124,2,12,1
6196370,0,1,1,0,1,0,124,2,12,1
6198502,0,1,1,0,1,0,124,2,12,1
6198503,0,0,1,1,0,0,124,2,12,1
6200146,0,1,0,1,0,0,124,2,12,1
6200742,1,1,0,0,0,0,124,2,12,1
6202378,0,0,0,0,1,0,124,2,12,1
6202487,1,1,1,1,1,0,124,2,12,1
6202632,1,1,1,1,1,0,124,2,12,1
6202746,0,0,1,1,0,0,124,2,12,1
6208447,0,0,1,1,0,0,124,2,12,1
6208779,0,1,0,1,0,0,124,2,12,1
6208891,1,1,1,1,1,0,124,2,12,1
6209021,1,0,1,0,0,0,124,2,12,1
6209194,0,1,1,0,1,0,124,2,12,1
6209230,0,0,0,0,1,0,124,2,12,1
6209347,0,1,1,0,1,0,124,2,12,1
6210052,1,1,0,0,0,0,124,2,12,1
6210075,1,1,1,1,1,0,124,2,12,1
6211941,0,1,0,1,0,0,124,2,12,1
6213163,0,0,1,1,0,0,124,2,12,1
6215347,1,0,1,0,0,0,124,2,12,1
6215391,1,1,1,0,1,1,124,2,12,1
6220949,0,0,0,0,1,0,124,2,12,1
6221305,1,1,0,0,0,0,124,2,12,1
6221442,0,0,0,0,1,0,124,2,12,1
6221739,0,0,1,1,0,0,124,2,12,1
6222653,1,0,1,0,0,0,124,2,12,1
6222984,1,1,0,0,0,0,124,2,12,1
6223321,1,0,0,1,1,0,124,2,12,1
6223387,0,0,1,1,0,0,124,2,12,1
6224464,1,1,0,1,0,0,124,2,12,1
6225194,1,0,0,1,1,0,124,2,12,1
6225198,0,0,1,1,0,0,124,2,12,1
6225836,0,0,0,0,1,0,124,2,12,1
6226534,0,0,1,1,0,0,97,2,12,1
6227292,0,1,1,0,1,0,97,2,12,1
6227873,1,0,0,1,1,0,97,2,12,1
6227993,0,1,0,1,0,0,97,2,12,1
6229452,0,1,1,0,1,0,97,2,12,1
6231478,0,1,1,0,1,0,97,2,12,1
6232439,0,1,1,0,1,0,97,2,12,1
6234591,0,0,1,1,0,0,97,2,12,1
6235341,1,1,1,1,1,0,97,2,12,1
6235623,1,1,0,0,0,0,97,2,12,1
6236386,0,0,0,0,1,0,97,2,12,1
6236910,1,1,1,1,1,0,97,2,12,1
6237995,0,0,1,1,0,0,97,2,12,1
6240215,0,1,0,1,0,0,97,2,12,1
6240564,1,1,1,1,1,0,97,2,12,1
6241489,1,1,0,0,0,0,97,2,12,1
6242252,0,0,1,1,0,0,97,2,12,1
6243150,0,0,0,0,1,0,97,2,12,1
6244301,0,1,1,0,1,0,97,2,12,1
6245206,1,1,1,1,1,0,97,2,12,1
6245305,0,0,1,1,0,0,97,2,12,1
6248563,1,1,1,1,1,0,97,2,12,1
6249333,0,1,1,0,1,0,97,2,12,1
6250616,1,1,1,1,1,0,97,2,12,1
6250885,0,0,1,0,0,0,97,2,12,1
6252067,0,1,0,1,0,0,97,2,12,1
6252425,1,1,1,1,1,0,97,2,12,1
6253407,1,1,1,1,1,0,97,2,12,1
6253684,1,1,1,0,1,1,97,2,12,1
6254670,1,1,1,1,1,0,97,2,12,1
6255169,0,1,0,1,0,0,97,2,12,1
6256009,1,0,1,0,0,0,97,2,12,1
6258653,0,1,1,0,1,0,97,2,12,1
6259637,0,0,0,0,1,0,97,2,12,1
6260531,1,0,1,0,0,0,97,2,12,1
6264631,1,1,0,0,0,0,97,2,12,1
6265714,0,1,0,1,0,0,97,2,12,1
6265876,1,0,0,1,1,0,97,2,12,1
6266454,1,1,0,0,0,0,97,2,12,1
6269934,1,1,1,1,1,0,97,2,12,1
6270356,1,1,0,0,0,0,97,2,12,1
6270616,1,1,0,0,0,0,97,2,12,1
6271135,1,0,0,1,1,0,97,2,12,1
6273081,1,1,0,0,0,0,97,2,12,1
6273680,0,1,0,1,0,0,97,2,12,1
6276300,1,1,1,0,1,1,97,2,12,1
6277519,0,0,1,1,0,0,97,2,12,1
6278485,0,1,0,1,0,0,97,2,12,1
6279891,1,0,0,1,1,0,97,2,12,1
6280280,1,0,0,1,1,0,97,2,12,1
6282833,0,0,0,0,1,0,97,2,12,1
6284001,1,1,0,0,0,0,97,2,12,1
6284387,1,0,0,1,1,0,97,2,12,1
6284589,1,0,1,0,0,0,97,2,12,1
6284993,0,1,0,1,0,0,97,2,12,1
6285562,0,1,0,1,0,0,97,2,12,1
6286083,0,0,0,0,1,0,97,2,12,1
6286361,1,0,0,1,1,0,97,2,12,1
6286806,0,1,1,0,1,0,97,2,12,1
6287049,0,1,0,1,0,0,97,2,12,1
6290033,1,1,1,1,1,0,97,2,12,1
6290800,1,1,0,0,0,0,97,2,12,1
6291172,1,0,1,0,0,0,97,2,12,1
6291236,1,1,0,0,0,0,97,2,12,1
6291529,1,0,1,0,0,0,120,2,12,0
6292254,0,1,0,1,0,0,120,2,12,0
6292854,0,1,0,1,0,0,120,2,12,0
6293080,0,1,1,0,1,0,120,2,12,0
6293670,0,0,1,1,0,0,120,2,12,0
6294173,1,1,0,0,0,0,120,2,12,0
6294539,0,1,0,1,0,0,120,2,12,0
6294661,1,0,0,1,1,0,120,2,12,0
6295007,0,1,1,0,1,0,120,2,12,0
6295861,0,0,1,1,0,0,120,2,12,0
6296420,1,0,1,0,0,0,120,2,12,0
6296436,1,0,0,1,1,0,120,2,12,0
6296640,1,1,1,1,1,0,120,2,12,0
6297521,0,1,1,0,1,0,120,2,12,0
6298379,0,0,0,0,1,0,120,2,12,0
6298591,1,0,0,1,1,0,120,2,12,0
6299033,0,0,0,0,1,0,120,2,12,0
6299255,0,0,0,0,1,0,120,2,12,0
6299570,1,0,0,1,1,0,120,2,12,0
6299621,0,0,0,0,1,0,120,2,12,0
6300384,1,0,0,1,1,0,120,2,12,0
6300673,0,0,0,0,1,0,120,2,12,0
6300845,0,1,0,1,0,0,120,2,12,0
6303526,1,1,0,0,0,0,120,2,12,0
6303691,1,0,1,0,0,0,120,2,12,0
6303779,1,1,0,0,0,0,120,2,12,0
6304773,1,1,1,1,1,0,120,2,12,0
6304981,1,1,1,1,1,0,120,2,12,0
6305488,0,0,1,1,0,0,120,2,12,0
6305597,0,0,1,1,0,0,120,2,12,0
6306009,0,1,1,0,1,0,120,2,12,0
6306134,1,1,1,1,1,0,120,2,12,0
6306717,1,0,1,0,0,0,120,2,12,0
6307622,0,0,1,1,0,0,120,2,12,0
6307875,0,1,1,0,1,0,120,2,12,0
6308539,0,1,0,1,0,0,120,2,12,0
6308858,1,1,1,1,1,0,120,2,12,0
6309042,0,1,1,0,1,0,120,2,12,0
6309242,0,0,0,0,1,0,120,2,12,0
6309760,1,0,1,0,0,0,120,2,12,0
6310044,0,0,0,0,1,0,120,2,12,0
6310228,1,0,1,0,0,0,120,2,12,0
6310469,0,0,1,1,0,0,120,2,12,0
6310769,0,0,0,0,1,0,120,2,12,0
6310815,0,0,1,1,0,0,120,2,12,0
6312117,0,0,0,0,1,0,120,2,12,0
6312198,0,0,1,0,0,0,120,2,12,0
6313519,0,0,0,0,1,0,120,2,12,0
6313994,1,1,1,1,1,0,120,2,12,0
6314519,1,0,1,0,0,0,120,2,12,0
6315103,0,1,1,0,1,0,120,2,12,0
6315590,0,0,0,0,1,0,120,2,12,0
6316548,1,0,1,0,0,0,120,2,12,0
6316807,1,1,1,1,1,0,120,2,12,0
6317018,0,1,0,1,0,0,120,2,12,0
6317799,1,1,1,1,1,0,120,2,12,0
6318135,0,1,0,1,0,0,120,2,12,0
6318392,0,0,1,1,0,0,120,2,12,0
6318683,0,1,0,1,0,0,120,2,12,0
6318767,1,0,1,0,0,0,120,2,12,0
6318878,1,0,0,1,1,0,120,2,12,0
6319125,0,1,0,1,0,0,120,2,12,0
6319476,0,0,1,1,0,0,120,2,12,0
6319957,0,0,0,0,1,0,120,2,12,0
6319959,0,0,1,1,0,0,120,2,12,0
6321055,0,0,1,1,0,0,120,2,12,0
6321431,0,0,0,0,1,0,120,2,12,0
6322622,0,0,0,0,1,0,120,2,12,0
6323044,1,1,0,0,0,0,120,2,12,0
6326585,1,0,1,0,0,0,120,2,12,0
6327100,1,0,0,1,1,0,120,2,12,0
6327347,0,0,1,1,0,0,120,2,12,0
6329332,0,0,0,0,1,0,120,2,12,0
6329630,0,1,1,0,1,0,120,2,12,0
6329643,0,1,0,1,0,0,120,2,12,0
6329821,0,1,1,0,1,0,120,2,12,0
6329870,1,1,0,0,0,0,120,2,12,0
6330013,0,0,1,1,0,0,120,2,12,0
6333006,0,0,0,0,1,0,120,2,12,0
6334086,1,0,0,1,1,0,120,2,12,0
6335202,1,1,0,0,0,0,120,2,12,0
6336032,0,0,1,1,0,0,120,2,12,0
6336258,0,0,1,1,0,0,120,2,12,0
6336760,1,1,1,1,1,0,120,2,12,0
6337104,1,0,1,0,0,0,120,2,12,0
6337973,1,1,1,1,1,0,120,2,12,0
6338763,1,0,0,1,1,0,120,2,12,0
6339147,0,0,1,1,0,0,120,2,12,0
6339926,0,0,1,1,0,0,120,2,12,0
6340144,0,0,1,1,0,0,120,2,12,0
6340400,0,1,1,0,1,0,120,2,12,0
6340970,0,0,1,1,0,0,120,2,12,0
6341342,1,0,0,1,1,0,120,2,12,0
6342233,1,1,1,1,1,0,120,2,12,0
6342627,0,0,0,0,1,0,120,2,12,0
6343876,1,1,0,1,0,0,120,2,12,0
6343988,0,0,0,0,1,0,120,2,12,0
6345324,1,1,0,0,0,0,120,2,12,0
6346801,0,1,0,1,0,0,120,2,12,0
6347874,0,1,1,0,1,0,120,2,12,0
6348982,0,0,0,0,1,0,120,2,12,0
6349125,1,0,0,1,1,0,120,2,12,0
6349380,0,1,0,1,0,0,120,2,12,0
6349958,0,1,0,1,0,0,120,2,12,0
6350414,0,1,0,1,0,0,120,2,12,0
6351513,1,0,0,1,1,0,120,2,12,0
6352126,0,1,0,1,0,0,120,2,12,0
6353447,1,1,1,1,1,0,120,2,12,0
6354432,1,0,0,1,1,0,120,2,12,0
6355000,0,0,1,1,0,0,120,2,12,0
6355165,1,1,1,1,1,0,120,2,12,0
6355392,0,0,0,0,1,0,120,2,12,0
6355437,1,1,0,0,0,0,120,2,12,0
6356395,1,0,1,0,0,0,120,2,12,0
6356878,0,0,0,0,1,0,120,2,12,0
6358450,0,1,1,0,1,0,108,1,12,0
6358454,1,0,0,0,1,1,108,1,12,0
6358573,0,0,1,1,0,0,108,1,12,0
6359234,0,1,1,0,1,0,108,1,12,0
6359395,1,0,0,1,1,0,108,1,12,0
6361214,0,1,0,1,0,0,108,1,12,0
6361670,1,0,1,0,0,0,108,1,12,0
6362499,0,0,1,1,0,0,108,1,12,0
6362583,1,0,1,0,0,0,108,1,12,0
6363021,0,1,1,0,1,0,108,1,12,0
6363645,1,1,1,1,1,0,108,1,12,0
6364504,1,1,1,1,1,0,108,1,12,0
6365061,0,0,1,1,0,0,108,1,12,0
6365409,1,1,1,1,1,0,108,1,12,0
6365451,0,1,1,0,1,0,108,1,12,0
6366440,1,1,0,0,0,0,108,1,12,0
6368248,1,1,1,1,1,0,108,1,12,0
6368293,0,1,1,0,1,0,108,1,12,0
6369207,1,1,0,0,0,0,108,1,12,0
6369257,1,0,0,1,1,0,108,1,12,0
6369340,1,0,1,0,0,0,108,1,12,0
6370659,1,0,0,1,1,0,108,1,12,0
6372686,1,1,0,0,0,0,108,1,12,0
6373048,0,0,0,0,1,0,108,1,12,0
6373883,0,1,1,0,1,0,108,1,12,0
6374042,0,1,1,0,1,0,108,1,12,0
6374180,0,0,0,0,1,0,108,1,12,0
6374395,0,1,0,1,0,0,108,1,12,0
6374970,1,0,0,1,1,0,108,1,12,0
6375403,0,1,1,0,1,0,108,1,12,0
6377153,1,1,1,1,1,0,108,1,12,0
6378107,1,1,1,1,1,0,108,1,12,0
6378868,0,1,0,1,0,0,108,1,12,0
6380381,0,1,0,1,0,0,108,1,12,0
6380633,0,0,1,1,0,0,108,1,12,0
6381147,0,0,0,0,1,0,108,1,12,0
6381840,0,0,0,0,1,0,108,1,12,0
6383369,0,1,1,0,1,0,108,1,12,0
6383511,0,1,1,0,1,0,108,1,12,0
6386275,1,1,1,1,1,0,108,1,12,0
6387349,1,0,1,0,0,0,108,1,12,0
6387738,1,1,0,0,0,0,108,1,12,0
6388165,1,0,0,1,1,0,108,1,12,0
6388653,1,1,0,0,0,0,108,1,12,0
6389433,0,1,0,1,0,0,108,1,12,0
6389820,0,0,1,1,0,0,108,1,12,0
6390367,0,1,1,0,1,0,108,1,12,0
6390840,0,0,0,0,1,0,108,1,12,0
6392276,0,0,0,0,1,0,108,1,12,0
6392739,0,0,1,1,0,0,108,1,12,0
6393098,1,0,1,0,0,0,108,1,12,0
6393212,1,1,1,1,1,0,108,1,12,0
6394212,0,1,1,0,1,0,108,1,12,0
6394709,1,1,0,0,0,0,108,1,12,0
6395158,0,0,0,0,1,0,108,1,12,0
6396555,0,0,0,0,1,0,108,1,12,0
6396960,0,1,1,0,1,0,108,1,12,0
6397068,0,1,1,0,1,0,108,1,12,0
6397367,1,1,0,0,0,0,108,1,12,0
6397553,1,0,0,1,1,0,108,1,12,0
6397808,0,0,1,1,0,0,108,1,12,0
6398271,0,0,0,0,1,0,108,1,12,0
6398594,0,0,0,0,1,0,108,1,12,0
6398642,0,1,0,1,0,0,108,1,12,0
6400197,1,0,0,1,1,0,108,1,12,0
6400281,0,0,0,0,1,0,108,1,12,0
6400382,1,1,0,0,0,0,108,1,12,0
6400433,0,1,0,1,0,0,108,1,12,0
6400731,0,0,0,0,1,0,108,1,12,0
6401336,1,0,0,1,1,0,108,1,12,0
6401401,0,0,0,1,1,1,108,1,12,0
6402361,1,1,0,0,0,0,108,1,12,0
6402921,1,0,1,0,0,0,108,1,12,0
6402947,0,0,0,0,1,0,108,1,12,0
6403407,0,0,0,0,1,0,108,1,12,0
6403590,1,1,1,1,1,0,108,1,12,0
6404627,0,0,1,1,0,0,108,1,12,0
6405280,0,0,0,0,1,0,108,1,12,0
6407509,0,0,0,0,1,0,108,1,12,0
6408468,0,1,1,0,1,0,108,1,12,0
6409036,1,0,0,1,1,0,108,1,12,0
6409179,1,0,0,1,1,0,108,1,12,0
6409485,1,1,1,1,1,0,108,1,12,0
6411723,1,1,0,0,0,0,108,1,12,0
6411905,1,1,1,1,1,0,108,1,12,0
6412063,0,0,1,1,0,0,108,1,12,0
6412147,0,0,0,0,1,0,108,1,12,0
6412269,1,0,0,1,1,0,108,1,12,0
6412401,0,1,1,0,1,0,108,1,12,0
6412467,0,0,0,0,1,0,108,1,12,0
6412507,1,1,0,0,0,0,108,1,12,0
6413883,0,1,1,0,1,0,108,1,12,0
6414732,1,1,0,0,0,0,108,1,12,0
6416656,0,1,0,1,0,0,108,1,12,0
6417357,1,1,0,0,0,0,108,1,12,0
6419899,0,0,1,1,0,0,108,1,12,0
6420408,0,0,0,0,1,0,108,1,12,0
6420501,0,0,0,0,1,0,108,1,12,0
6422084,1,1,0,0,0,0,108,1,12,0
6423230,1,1,0,0,0,0,180,1,9,0
6423318,1,1,1,1,1,0,180,1,9,0
6424282,1,0,1,0,0,0,180,1,9,0
6424983,0,1,1,0,1,0,180,1,9,0
6426765,1,1,1,1,1,0,180,1,9,0
6427586,0,1,1,0,1,0,180,1,9,0
6427990,1,0,1,0,0,0,180,1,9,0
6428213,1,0,1,0,0,0,180,1,9,0
6430347,1,0,1,0,0,0,180,1,9,0
6430471,0,1,1,0,1,0,180,1,9,0
6430861,0,0,0,0,1,0,180,1,9,0
6430907,0,0,1,1,0,0,180,1,9,0
6430960,0,0,0,0,1,0,180,1,9,0
6432680,0,1,0,1,0,0,180,1,9,0
6434068,0,0,1,1,0,0,180,1,9,0
6434778,1,1,0,0,0,0,180,1,9,0
6434838,1,0,1,0,0,0,180,1,9,0
6437033,0,0,1,1,0,0,180,1,9,0
6437972,0,0,1,1,0,0,180,1,9,0
6438463,0,0,1,1,0,0,180,1,9,0
6438605,1,0,0,1,1,0,180,1,9,0
6438819,0,0,1,1,0,0,180,1,9,0
6438918,1,0,1,0,0,0,180,1,9,0
6439307,0,1,1,1,1,1,180,1,9,0
6439524,1,0,0,1,1,0,180,1,9,0
6439629,0,0,1,1,0,0,180,1,9,0
6440574,0,0,1,1,0,0,180,1,9,0
6442069,0,0,0,0,1,0,180,1,9,0
6442864,0,1,0,1,0,0,180,1,9,0
6443947,0,1,0,1,0,0,180,1,9,0
6443986,0,1,1,0,1,0,180,1,9,0
6444058,0,1,1,0,1,0,180,1,9,0
6445127,0,1,1,0,1,0,180,1,9,0
6445890,0,0,1,1,0,0,180,1,9,0
6445994,1,0,0,1,1,0,180,1,9,0
6446200,0,1,0,1,0,0,180,1,9,0
6446261,0,0,0,0,1,0,180,1,9,0
6446958,0,0,0,0,1,0,180,1,9,0
6447423,0,0,0,0,1,0,180,1,9,0
6447763,0,1,1,0,1,0,180,1,9,0
6448345,1,1,0,0,0,0,180,1,9,0
6448693,1,0,1,0,0,0,180,1,9,0
6450218,0,1,1,0,1,0,180,1,9,0
6450551,1,1,0,0,0,0,180,1,9,0
6450805,1,1,0,0,0,0,180,1,9,0
6450841,1,0,0,1,1,0,180,1,9,0
6452146,1,1,0,0,0,0,180,1,9,0
6452286,1,0,1,0,0,0,180,1,9,0
6453119,1,0,0,1,1,0,180,1,9,0
6453789,1,1,1,1,1,0,180,1,9,0
6454079,0,0,1,1,0,0,180,1,9,0
6454090,1,1,1,1,1,0,180,1,9,0
6454331,1,1,0,0,0,0,180,1,9,0
6455179,1,0,0,1,1,0,180,1,9,0
6455282,1,1,0,0,0,0,180,1,9,0
6455392,0,1,0,1,0,0,180,1,9,0
6455493,1,1,1,1,1,0,180,1,9,0
6456252,1,0,1,0,0,0,180,1,9,0
6456321,0,1,1,0,1,0,180,1,9,0
6458549,0,0,1,0,0,0,180,1,9,0
6458727,1,0,0,1,1,0,180,1,9,0
6458890,1,1,0,0,0,0,180,1,9,0
6459276,1,0,1,0,0,0,180,1,9,0
6460943,1,0,0,1,1,0,180,1,9,0
6460952,0,1,0,1,0,0,180,1,9,0
6461000,1,1,0,0,0,0,180,1,9,0
6462671,1,1,0,0,0,0,180,1,9,0
6462715,0,1,0,1,0,0,180,1,9,0
6463084,0,1,1,0,1,0,180,1,9,0
6463338,0,0,1,1,0,0,180,1,9,0
6463829,1,0,1,0,0,0,180,1,9,0
6463850,1,0,0,1,1,0,180,1,9,0
6464197,0,1,0,1,0,0,180,1,9,0
6464336,1,1,1,1,1,0,180,1,9,0
6464987,1,0,1,0,0,0,180,1,9,0
6466209,1,0,0,1,1,0,180,1,9,0
6466766,0,0,1,1,0,0,180,1,9,0
6467187,0,1,0,1,0,0,180,1,9,0
6467636,0,1,0,1,0,0,180,1,9,0
6467887,0,0,1,1,0,0,180,1,9,0
6467927,0,0,1,1,0,0,180,1,9,0
6468463,0,1,0,1,0,0,180,1,9,0
6469768,0,1,1,0,1,0,180,1,9,0
6470092,1,1,0,0,0,0,180,1,9,0
6470211,0,0,0,0,1,0,180,1,9,0
6470416,1,1,0,0,0,0,180,1,9,0
6471141,0,1,0,0,0,0,180,1,9,0
6471849,1,1,1,1,1,0,180,1,9,0
6471965,1,0,1,0,0,0,180,1,9,0
6472293,1,1,0,0,0,0,180,1,9,0
6472308,1,0,1,0,0,0,180,1,9,0
6473254,1,0,0,1,1,0,180,1,9,0
6474449,0,1,0,1,0,0,180,1,9,0
6474812,0,0,0,0,1,0,180,1,9,0
6474952,1,0,1,0,0,0,180,1,9,0
6475285,1,0,1,0,0,0,180,1,9,0
6476039,1,0,0,1,1,0,180,1,9,0
6476349,0,1,0,1,0,0,180,1,9,0
6476698,0,1,1,0,1,0,180,1,9,0
6476813,0,1,1,0,1,0,180,1,9,0
6477490,1,0,0,1,1,0,180,1,9,0
6478059,0,1,1,0,1,0,180,1,9,0
6478236,1,1,0,0,0,0,180,1,9,0
6479365,1,1,1,1,1,0,180,1,9,0
6479740,0,0,1,1,0,0,180,1,9,0
6479782,1,1,0,0,0,0,180,1,9,0
6481032,0,1,1,0,1,0,180,1,9,0
6482042,1,0,1,0,0,0,180,1,9,0
6482633,0,1,1,0,1,0,180,1,9,0
6482820,1,0,1,0,0,0,180,1,9,0
6482890,0,0,1,1,0,0,180,1,9,0
6482913,0,0,1,1,0,0,180,1,9,0
6482948,1,1,0,0,0,0,180,1,9,0
6484086,0,1,1,0,1,0,180,1,9,0
6484193,1,1,0,0,0,0,180,1,9,0
6484304,1,0,0,1,1,0,180,1,9,0
6484353,0,1,0,1,0,0,180,1,9,0
6484388,1,1,1,1,1,0,180,1,9,0
6484588,0,0,0,0,1,0,180,1,9,0
6484741,0,0,1,1,0,0,180,1,9,0
6484752,0,1,1,0,1,0,180,1,9,0
6485685,1,0,1,0,0,0,180,1,9,0
6486029,1,0,1,0,0,0,180,1,9,0
6486333,0,0,0,0,1,0,180,1,9,0
6486439,1,1,0,0,0,0,180,1,9,0
6486998,0,1,1,0,1,0,180,1,9,0
6487045,0,0,0,0,1,0,180,1,9,0
6489521,1,1,1,1,1,0,127,1,9,0
6491183,1,0,1,0,0,0,127,1,9,0
6492181,0,1,1,0,1,0,127,1,9,0
6492333,0,0,1,1,0,0,127,1,9,0
6493297,0,1,1,0,1,0,127,1,9,0
6493695,0,1,1,0,1,0,127,1,9,0
6495623,1,0,0,1,1,0,127,1,9,0
6496247,0,0,1,1,0,0,127,1,9,0
6496356,1,0,1,0,0,0,127,1,9,0
6497969,1,1,0,0,0,0,127,1,9,0
6498224,1,1,0,0,0,0,127,1,9,0
6499216,1,0,1,0,0,0,127,1,9,0
6499568,1,0,1,0,0,0,127,1,9,0
6499905,1,1,0,0,0,0,127,1,9,0
6499948,0,0,0,0,1,0,127,1,9,0
6500274,0,0,1,1,0,0,127,1,9,0
6500489,0,1,0,1,0,0,127,1,9,0
6500642,1,1,0,1,0,0,127,1,9,0
6500816,1,1,0,0,0,0,127,1,9,0
6501147,0,1,0,1,0,0,127,1,9,0
6501399,0,0,1,1,0,0,127,1,9,0
6504096,0,0,1,1,0,0,127,1,9,0
6504613,0,1,1,0,1,0,127,1,9,0
6504872,0,1,1,0,1,0,127,1,9,0
6505099,0,1,1,0,1,0,127,1,9,0
6505901,0,0,1,1,0,0,127,1,9,0
6506523,0,0,1,1,0,0,127,1,9,0
6506737,0,1,1,0,1,0,127,1,9,0
6509041,1,1,1,1,1,0,127,1,9,0
6509124,0,0,1,1,0,0,127,1,9,0
6509801,0,1,0,1,0,0,127,1,9,0
6510097,0,1,0,1,0,0,127,1,9,0
6510346,0,0,1,1,0,0,127,1,9,0
6511044,0,1,1,0,1,0,127,1,9,0
6511147,0,0,0,0,1,0,127,1,9,0
6511328,1,1,1,1,1,0,127,1,9,0
6511351,1,0,0,1,1,0,127,1,9,0
6511647,0,1,0,1,0,0,127,1,9,0
6511856,1,1,0,0,0,0,127,1,9,0
6511903,1,1,1,1,1,0,127,1,9,0
6513257,1,1,1,1,1,0,127,1,9,0
6513642,1,0,0,1,1,0,127,1,9,0
6515194,1,1,1,1,1,0,127,1,9,0
6515369,1,0,0,1,1,0,127,1,9,0
6516648,1,1,0,0,0,0,127,1,9,0
6517223,0,0,1,1,0,0,127,1,9,0
6517427,1,1,0,0,0,0,127,1,9,0
6517852,1,1,0,0,0,0,127,1,9,0
6518038,0,0,0,0,1,0,127,1,9,0
6518409,1,0,0,1,1,0,127,1,9,0
6518456,1,1,0,0,0,0,127,1,9,0
6519616,0,1,0,1,0,0,127,1,9,0
6519646,0,1,1,0,1,0,127,1,9,0
6520513,0,0,0,0,1,0,127,1,9,0
6520747,0,1,1,0,1,0,127,1,9,0
6521386,1,1,1,1,1,0,127,1,9,0
6521889,0,0,0,0,1,0,127,1,9,0
6522815,1,1,0,0,0,0,127,1,9,0
6524051,1,0,0,1,1,0,127,1,9,0
6524181,0,1,0,1,0,0,127,1,9,0
6524612,0,0,1,1,0,0,127,1,9,0
6525083,1,0,0,1,1,0,127,1,9,0
6526016,1,0,1,0,0,0,127,1,9,0
6526725,0,0,0,0,1,0,127,1,9,0
6527407,1,0,1,0,0,0,127,1,9,0
6527455,1,1,1,1,1,0,127,1,9,0
6527506,1,1,1,1,1,0,127,1,9,0
6528303,1,1,0,0,0,0,127,1,9,0
6529755,1,0,1,0,0,0,127,1,9,0
6531403,1,1,0,0,0,0,127,1,9,0
6534141,0,0,0,0,1,0,127,1,9,0
6534974,1,0,1,0,0,0,127,1,9,0
6536410,0,1,0,1,0,0,127,1,9,0
6537883,0,1,1,0,1,0,127,1,9,0
6537964,0,1,0,1,0,0,127,1,9,0
6538065,0,0,0,0,1,0,127,1,9,0
6539598,1,1,1,1,1,0,127,1,9,0
6541844,0,0,1,1,0,0,127,1,9,0
6542897,0,0,0,0,1,0,127,1,9,0
6543677,0,1,1,0,1,0,127,1,9,0
6545803,0,0,1,1,0,0,127,1,9,0
6546590,1,1,0,0,0,0,127,1,9,0
6546889,1,1,0,0,0,0,127,1,9,0
6547225,0,0,1,1,0,0,127,1,9,0
6547371,0,0,1,0,0,0,127,1,9,0
6549098,0,0,1,1,0,0,127,1,9,0
6550227,0,1,1,1,1,1,127,1,9,0
6551949,1,1,0,0,0,0,127,1,9,0
6553258,0,1,1,0,1,0,127,1,9,0
6554217,1,0,0,1,1,0,129,1,9,0
6554411,0,0,1,1,0,0,129,1,9,0
6554463,1,1,0,0,0,0,129,1,9,0
6554752,0,0,1,1,0,0,129,1,9,0
6555045,1,0,0,1,1,0,129,1,9,0
6556110,0,0,1,0,0,0,129,1,9,0
6557291,1,1,0,0,0,0,129,1,9,0
6557429,1,0,0,1,1,0,129,1,9,0
6560169,0,0,0,0,1,0,129,1,9,0
6561291,1,0,1,0,0,0,129,1,9,0
6561342,0,0,1,1,0,0,129,1,9,0
6561843,1,0,0,1,1,0,129,1,9,0
6561908,1,1,0,0,0,0,129,1,9,0
6562651,0,1,1,0,1,0,129,1,9,0
6562703,1,1,0,0,0,0,129,1,9,0
6563570,1,0,1,0,0,0,129,1,9,0
6563772,0,1,0,1,0,0,129,1,9,0
6563967,1,0,0,1,1,0,129,1,9,0
6564834,1,0,1,0,0,0,129,1,9,0
6565706,0,1,0,1,0,0,129,1,9,0
6565956,0,0,0,0,1,0,129,1,9,0
6566160,1,1,0,0,0,0,129,1,9,0
6566603,0,0,0,0,1,0,129,1,9,0
6568343,1,0,1,0,0,0,129,1,9,0
6568484,1,0,1,0,0,0,129,1,9,0
6568486,1,1,1,1,1,0,129,1,9,0
6568575,0,0,1,1,0,0,129,1,9,0
6569001,1,1,1,1,1,0,129,1,9,0
6569842,0,0,0,0,1,0,129,1,9,0
6570646,1,0,0,1,1,0,129,1,9,0
6571416,1,0,1,0,0,0,129,1,9,0
6571946,1,1,0,0,0,0,129,1,9,0
6575145,0,1,1,0,1,0,129,1,9,0
6575198,0,0,0,0,1,0,129,1,9,0
6575215,1,1,1,1,1,0,129,1,9,0
6575612,1,1,0,0,0,0,129,1,9,0
6576178,0,0,1,1,0,0,129,1,9,0
6576692,1,1,1,1,1,0,129,1,9,0
6577025,0,0,1,1,0,0,129,1,9,0
6577438,0,0,0,0,1,0,129,1,9,0
6577953,1,1,0,0,0,0,129,1,9,0
6579057,1,0,0,1,1,0,129,1,9,0
6579206,1,0,1,0,0,0,129,1,9,0
6580162,0,0,1,1,0,0,129,1,9,0
6580405,0,1,1,0,1,0,129,1,9,0
6581293,0,0,1,1,0,0,129,1,9,0
6581485,0,0,1,1,0,0,129,1,9,0
6584807,1,1,1,1,1,0,129,1,9,0
6586478,1,0,0,1,1,0,129,1,9,0
6587669,1,1,1,1,1,0,129,1,9,0
6587671,1,0,1,0,0,0,129,1,9,0
6587919,1,1,1,1,1,0,129,1,9,0
6587926,0,1,1,0,1,0,129,1,9,0
6588114,1,1,1,1,1,0,129,1,9,0
6588572,1,0,1,0,0,0,129,1,9,0
6589488,1,0,0,0,1,1,129,1,9,0
6590460,0,1,0,0,0,0,129,1,9,0
6591177,0,1,1,0,1,0,129,1,9,0
6591453,0,1,1,0,1,0,129,1,9,0
6592174,1,0,1,1,0,0,129,1,9,0
6593541,1,0,1,0,0,0,129,1,9,0
6593630,1,0,0,1,1,0,129,1,9,0
6595587,0,0,0,0,1,0,129,1,9,0
6597674,1,0,0,0,1,1,129,1,9,0
6597884,1,0,1,0,0,0,129,1,9,0
6598958,0,0,1,1,0,0,129,1,9,0
6599182,1,0,0,1,1,0,129,1,9,0
6600126,1,0,1,0,0,0,129,1,9,0
6600727,0,0,1,1,0,0,129,1,9,0
6603624,1,1,1,1,1,0,129,1,9,0
6604326,0,1,1,0,1,0,129,1,9,0
6604471,1,0,1,0,0,0,129,1,9,0
6604668,1,1,0,0,0,0,129,1,9,0
6609506,1,0,1,0,0,0,129,1,9,0
6609568,0,0,1,1,0,0,129,1,9,0
6613416,0,1,1,0,1,0,129,1,9,0
6613436,1,0,1,0,0,0,129,1,9,0
6613851,0,1,0,1,0,0,129,1,9,0
6615934,0,1,0,1,0,0,129,1,9,0
6616253,1,0,0,1,1,0,129,1,9,0
6616433,1,1,0,0,0,0,129,1,9,0
6616946,1,0,0,1,1,0,129,1,9,0
6616981,1,1,0,0,0,0,129,1,9,0
6617323,1,1,0,0,0,0,129,1,9,0
6619365,1,1,0,0,0,0,120,1,9,0
6619529,1,1,0,0,0,0,120,1,9,0
6620332,1,1,1,1,1,0,120,1,9,0
6620452,0,0,0,0,1,0,120,1,9,0
6620859,1,1,1,1,1,0,120,1,9,0
6621997,1,0,0,1,1,0,120,1,9,0
6622864,0,0,0,0,1,0,120,1,9,0
6623260,1,0,0,1,1,0,120,1,9,0
6623795,0,0,1,1,0,0,120,1,9,0
6624114,1,0,1,0,0,0,120,1,9,0
6624695,1,0,1,0,0,0,120,1,9,0
6626936,1,1,1,1,1,0,120,1,9,0
6627818,0,1,1,0,1,0,120,1,9,0
6630738,0,0,1,1,0,0,120,1,9,0
6631924,1,0,0,1,1,0,120,1,9,0
6632767,1,1,1,1,1,0,120,1,9,0
6633485,1,1,1,1,1,0,120,1,9,0
6634682,1,0,1,0,0,0,120,1,9,0
6635029,1,1,1,1,1,0,120,1,9,0
6635208,0,0,0,0,1,0,120,1,9,0
6635590,0,1,1,1,1,1,120,1,9,0
6636052,1,0,1,0,0,0,120,1,9,0
6636085,0,1,0,1,0,0,120,1,9,0
6637390,0,0,1,0,0,0,120,1,9,0
6637936,1,0,1,0,0,0,120,1,9,0
6640636,0,0,0,0,1,0,120,1,9,0
6641467,0,1,1,0,1,0,120,1,9,0
6642009,0,1,1,0,1,0,120,1,9,0
6643799,1,1,1,1,1,0,120,1,9,0
6644027,0,0,1,1,0,0,120,1,9,0
6645109,1,0,1,0,0,0,120,1,9,0
6646187,1,0,1,0,0,0,120,1,9,0
6646404,0,1,0,1,0,0,120,1,9,0
6647521,1,0,0,1,1,0,120,1,9,0
6648122,1,1,0,0,0,0,120,1,9,0
6648339,1,0,0,1,1,0,120,1,9,0
6650652,0,0,1,1,0,0,120,1,9,0
6650808,0,0,1,0,0,0,120,1,9,0
6652391,1,0,0,1,1,0,120,1,9,0
6653304,1,1,1,1,1,0,120,1,9,0
6654867,0,0,1,1,0,0,120,1,9,0
6657508,0,1,0,1,0,0,120,1,9,0
6658825,0,1,0,1,0,0,120,1,9,0
6659178,1,1,0,0,0,0,120,1,9,0
6660291,1,1,0,0,0,0,120,1,9,0
6660395,0,0,1,1,0,0,120,1,9,0
6660895,1,1,1,1,1,0,120,1,9,0
6661865,0,1,1,0,1,0,120,1,9,0
6661908,1,1,0,0,0,0,120,1,9,0
6662736,0,1,0,1,0,0,120,1,9,0
6663012,0,1,0,1,0,0,120,1,9,0
6663282,0,0,1,1,0,0,120,1,9,0
6663607,1,1,1,1,1,0,120,1,9,0
6663706,0,1,1,0,1,0,120,1,9,0
6664225,0,1,0,1,0,0,120,1,9,0
6664514,0,1,0,1,0,0,120,1,9,0
6665577,0,0,1,1,0,0,120,1,9,0
6665654,0,0,1,1,0,0,120,1,9,0
6665739,1,0,0,1,1,0,120,1,9,0
6668269,1,0,1,0,0,0,120,1,9,0
6668967,1,1,1,1,1,0,120,1,9,0
6670304,1,0,0,1,1,0,120,1,9,0
6670975,1,0,0,1,1,0,120,1,9,0
6671524,0,0,0,0,1,0,120,1,9,0
6671772,1,1,0,0,0,0,120,1,9,0
6671801,0,0,1,1,0,0,120,1,9,0
6672250,0,0,1,1,0,0,120,1,9,0
6672271,0,0,1,1,0,0,120,1,9,0
6673317,0,0,1,1,0,0,120,1,9,0
6673429,1,0,1,0,0,0,120,1,9,0
6674406,1,1,1,1,1,0,120,1,9,0
6674410,1,1,1,1,1,0,120,1,9,0
6675140,0,0,1,1,0,0,120,1,9,0
6675227,1,1,1,1,1,0,120,1,9,0
6675611,1,1,1,1,1,0,120,1,9,0
6676957,0,1,0,1,0,0,120,1,9,0
6678401,1,1,0,0,0,0,120,1,9,0
6678597,0,0,0,0,1,0,120,1,9,0
6680993,1,0,1,0,0,0,120,1,9,0
6681445,1,1,0,0,0,0,120,1,9,0
6681989,0,0,0,0,1,0,120,1,9,0
6683512,0,1,0,1,0,0,120,1,9,0
6686087,1,1,1,0,1,1,137,1,9,0
6688736,0,0,0,0,1,0,137,1,9,0
6688814,0,1,1,0,1,0,137,1,9,0
6689161,1,1,0,1,0,0,137,1,9,0
6689312,0,0,0,0,1,0,137,1,9,0
6689698,1,1,1,1,1,0,137,1,9,0
6690159,1,1,1,1,1,0,137,1,9,0
6690327,0,0,0,0,1,0,137,1,9,0
6691938,0,0,0,0,1,0,137,1,9,0
6692864,0,1,1,0,1,0,137,1,9,0
6693543,0,0,0,0,1,0,137,1,9,0
6694080,0,1,1,1,1,1,137,1,9,0
6695918,1,1,0,0,0,0,137,1,9,0
6696534,0,0,0,0,1,0,137,1,9,0
6696933,0,1,1,1,1,1,137,1,9,0
6697448,1,1,1,1,1,0,137,1,9,0
6697660,0,0,0,0,1,0,137,1,9,0
6697926,0,1,0,1,0,0,137,1,9,0
6698016,0,1,1,0,1,0,137,1,9,0
6698146,1,0,0,1,1,0,137,1,9,0
6700750,1,1,1,1,1,0,137,1,9,0
6700986,0,0,1,1,0,0,137,1,9,0
6701086,1,0,1,0,0,0,137,1,9,0
6703113,0,1,0,1,0,0,137,1,9,0
6703983,0,1,0,1,0,0,137,1,9,0
6705567,1,0,1,0,0,0,137,1,9,0
6705889,1,0,0,1,1,0,137,1,9,0
6705941,1,1,1,1,1,0,137,1,9,0
6706703,1,1,1,1,1,0,137,1,9,0
6707175,0,0,1,1,0,0,137,1,9,0
6708115,0,1,1,0,1,0,137,1,9,0
6708928,0,0,1,1,0,0,137,1,9,0
6709013,1,1,0,0,0,0,137,1,9,0
6709813,1,0,1,0,0,0,137,1,9,0
6710196,1,0,0,1,1,0,137,1,9,0
6710663,0,0,1,1,0,0,137,1,9,0
6710971,1,1,0,0,0,0,137,1,9,0
6711049,0,1,0,1,0,0,137,1,9,0
6711396,0,1,0,1,0,0,137,1,9,0
6711462,1,1,1,1,1,0,137,1,9,0
6712338,0,0,1,1,0,0,137,1,9,0
6714183,0,1,1,0,1,0,137,1,9,0
6715144,0,1,1,0,1,0,137,1,9,0
6715722,1,0,1,0,0,0,137,1,9,0
6715855,1,1,0,0,0,0,137,1,9,0
6716649,0,1,0,1,0,0,137,1,9,0
6717441,0,1,1,0,1,0,137,1,9,0
6718678,1,0,1,0,0,0,137,1,9,0
6719105,0,1,0,1,0,0,137,1,9,0
6719227,1,0,0,1,1,0,137,1,9,0
6720395,0,0,1,1,0,0,137,1,9,0
6720581,1,0,1,0,0,0,137,1,9,0
6721307,0,1,0,1,0,0,137,1,9,0
6721537,0,0,0,0,1,0,137,1,9,0
6721678,1,0,0,1,1,0,137,1,9,0
6722192,1,1,0,0,0,0,137,1,9,0
6723112,0,1,0,1,0,0,137,1,9,0
6723273,0,0,0,0,1,0,137,1,9,0
6723563,1,0,0,1,1,0,137,1,9,0
6723659,0,1,0,1,0,0,137,1,9,0
6724002,1,1,1,1,1,0,137,1,9,0
6724785,0,0,1,1,0,0,137,1,9,0
6725539,1,0,0,1,1,0,137,1,9,0
6726310,1,1,1,1,1,0,137,1,9,0
6726648,1,1,1,1,1,0,137,1,9,0
6727676,1,0,0,1,1,0,137,1,9,0
6728007,0,1,1,0,1,0,137,1,9,0
6728316,1,1,1,1,1,0,137,1,9,0
6728933,1,1,1,1,1,0,137,1,9,0
6728938,0,1,0,1,0,0,137,1,9,0
6729242,0,1,0,1,0,0,137,1,9,0
6730879,0,0,0,0,1,0,137,1,9,0
6730920,1,1,1,1,1,0,137,1,9,0
6731511,1,0,0,1,1,0,137,1,9,0
6732561,1,1,0,0,0,0,137,1,9,0
6733118,1,0,1,0,0,0,137,1,9,0
6733985,1,1,1,1,1,0,137,1,9,0
6734391,1,0,1,0,0,0,137,1,9,0
6734571,0,1,0,1,0,0,137,1,9,0
6736484,1,1,0,0,0,0,137,1,9,0
6737066,0,1,1,0,1,0,137,1,9,0
6737242,0,1,0,1,0,0,137,1,9,0
6737821,1,1,1,1,1,0,137,1,9,0
6738039,0,0,0,0,1,0,137,1,9,0
6740464,0,1,0,1,0,0,137,1,9,0
6741521,1,0,0,1,1,0,137,1,9,0
6742367,0,1,0,1,0,0,137,1,9,0
6742668,0,1,1,0,1,0,137,1,9,0
6744771,1,0,1,0,0,0,137,1,9,0
6745736,1,1,1,1,1,0,137,1,9,0
6746456,0,1,0,1,0,0,137,1,9,0
6746533,1,1,0,0,0,0,137,1,9,0
6746728,1,0,1,0,0,0,137,1,9,0
6747469,0,0,1,1,0,0,137,1,9,0
6749446,1,1,1,1,1,0,137,1,9,0
6750166,1,1,1,1,1,0,137,1,9,0
6750239,0,1,0,1,0,0,131,1,9,0
6750340,1,1,0,0,0,0,131,1,9,0
6750588,0,0,0,0,1,0,131,1,9,0
6751310,0,1,1,0,1,0,131,1,9,0
6751508,1,0,0,1,1,0,131,1,9,0
6752205,0,1,1,0,1,0,131,1,9,0
6753678,0,0,0,0,1,0,131,1,9,0
6753866,0,0,1,1,0,0,131,1,9,0
6755359,1,0,1,0,0,0,131,1,9,0
6757767,1,0,1,0,0,0,131,1,9,0
6758468,1,0,0,1,1,0,131,1,9,0
6759973,1,1,1,1,1,0,131,1,9,0
6759975,1,0,0,1,1,0,131,1,9,0
6760058,0,0,1,1,0,0,131,1,9,0
6760699,0,0,1,1,0,0,131,1,9,0
6761254,0,1,0,1,0,0,131,1,9,0
6761565,0,1,0,1,0,0,131,1,9,0
6761614,0,0,1,1,0,0,131,1,9,0
6762262,1,0,0,0,1,1,131,1,9,0
6762689,0,1,1,0,1,0,131,1,9,0
6762725,0,0,1,1,0,0,131,1,9,0
6762822,0,0,0,0,1,0,131,1,9,0
6764208,0,0,0,0,1,0,131,1,9,0
6764351,1,0,1,0,0,0,131,1,9,0
6765189,1,0,1,0,0,0,131,1,9,0
6765703,0,1,1,0,1,0,131,1,9,0
6766159,0,1,1,0,1,0,131,1,9,0
6766561,1,0,0,1,1,0,131,1,9,0
6768274,0,0,0,0,1,0,131,1,9,0
6770187,0,1,1,0,1,0,131,1,9,0
6770228,0,1,1,0,1,0,131,1,9,0
6770380,1,0,0,1,1,0,131,1,9,0
6771171,0,0,0,0,1,0,131,1,9,0
6771604,1,1,0,0,0,0,131,1,9,0
6771659,0,0,0,0,1,0,131,1,9,0
6772348,1,1,1,1,1,0,131,1,9,0
6772760,0,1,0,1,0,0,131,1,9,0
6773534,1,1,1,1,1,0,131,1,9,0
6774637,1,0,0,1,1,0,131,1,9,0
6774646,1,1,1,1,1,0,131,1,9,0
6775125,1,1,1,1,1,0,131,1,9,0
6775637,1,1,1,1,1,0,131,1,9,0
6775756,1,1,0,0,0,0,131,1,9,0
6776088,0,0,1,1,0,0,131,1,9,0
6777792,0,0,1,1,0,0,131,1,9,0
6778118,0,1,0,0,0,0,131,1,9,0
6779084,0,1,1,0,1,0,131,1,9,0
6779627,0,1,1,0,1,0,131,1,9,0
6779816,0,0,0,0,1,0,131,1,9,0
6780829,1,1,0,0,0,0,131,1,9,0
6781338,1,1,1,1,1,0,131,1,9,0
6781665,1,0,1,0,0,0,131,1,9,0
6781901,1,1,1,1,1,0,131,1,9,0
6782218,1,1,0,0,0,0,131,1,9,0
6782507,0,1,1,0,1,0,131,1,9,0
6782638,0,1,1,0,1,0,131,1,9,0
6782845,1,1,1,1,1,0,131,1,9,0
6782890,0,0,0,0,1,0,131,1,9,0
6784218,1,1,0,0,0,0,131,1,9,0
6784385,0,0,0,0,1,0,131,1,9,0
6785109,1,0,0,1,1,0,131,1,9,0
6785612,0,1,0,1,0,0,131,1,9,0
6785984,0,1,0,1,0,0,131,1,9,0
6786862,1,1,1,1,1,0,131,1,9,0
6787198,0,1,0,1,0,0,131,1,9,0
6787596,1,0,1,0,0,0,131,1,9,0
6788115,1,1,0,0,0,0,131,1,9,0
6789507,0,1,0,1,0,0,131,1,9,0
6789734,0,1,0,1,0,0,131,1,9,0
6790043,1,0,1,0,0,0,131,1,9,0
6790073,1,1,1,1,1,0,131,1,9,0
6790302,0,1,1,0,1,0,131,1,9,0
6790799,0,1,0,1,0,0,131,1,9,0
6790801,0,0,0,0,1,0,131,1,9,0
6791582,0,0,0,0,1,0,131,1,9,0
6791831,1,0,1,0,0,0,131,1,9,0
6793610,0,1,1,0,1,0,131,1,9,0
6793801,0,0,0,0,1,0,131,1,9,0
6794530,1,1,0,0,0,0,131,1,9,0
6794782,1,0,0,0,1,1,131,1,9,0
6795344,1,0,1,0,0,0,131,1,9,0
6795410,0,0,0,0,1,0,131,1,9,0
6796618,0,0,1,1,0,0,131,1,9,0
6797184,0,1,1,0,1,0,131,1,9,0
6798319,0,1,1,0,1,0,131,1,9,0
6798918,1,1,0,0,0,0,131,1,9,0
6799450,1,0,1,0,0,0,131,1,9,0
6799844,1,1,1,1,1,0,131,1,9,0
6799939,0,1,1,0,1,0,131,1,9,0
6799985,0,1,0,1,0,0,131,1,9,0
6799989,0,1,0,1,0,0,131,1,9,0
6803335,0,1,0,1,0,0,131,1,9,0
6803954,0,0,0,1,1,1,131,1,9,0
6804616,1,1,0,0,0,0,131,1,9,0
6806054,0,0,1,1,0,0,131,1,9,0
6807495,1,0,1,0,0,0,131,1,9,0
6808620,1,1,1,1,1,0,131,1,9,0
6808624,0,1,1,0,1,0,131,1,9,0
6808676,0,1,1,0,1,0,131,1,9,0
6808768,1,1,0,0,0,0,131,1,9,0
6809555,0,0,1,1,0,0,131,1,9,0
6809825,0,0,1,1,0,0,131,1,9,0
6810237,1,1,0,0,0,0,131,1,9,0
6811020,1,0,0,1,1,0,131,1,9,0
6811349,0,1,0,1,0,0,131,1,9,0
6812193,1,1,0,0,0,0,131,1,9,0
6812353,0,0,1,1,0,0,131,1,9,0
6812784,1,0,1,0,0,0,131,1,9,0
6812907,1,1,1,1,1,0,131,1,9,0
6813971,0,1,1,0,1,0,131,1,9,0
6814192,0,1,0,1,0,0,131,1,9,0
6814255,1,1,0,0,0,0,131,1,9,0
6881354,0,1,0,1,0,0,105,1,9,0
6881625,0,1,1,0,1,0,105,1,9,0
6885868,0,0,0,0,1,0,105,1,9,0
6886019,1,0,1,0,0,0,105,1,9,0
6886029,0,0,0,0,1,0,105,1,9,0
6886134,0,0,0,0,1,0,105,1,9,0
6887560,1,0,0,1,1,0,105,1,9,0
6887922,0,1,1,0,1,0,105,1,9,0
6889654,0,1,1,0,1,0,105,1,9,0
6891513,1,0,1,0,0,0,105,1,9,0
6891522,1,1,0,0,0,0,105,1,9,0
6893649,1,1,1,1,1,0,105,1,9,0
6895159,1,1,0,1,0,0,105,1,9,0
6895882,1,1,1,1,1,0,105,1,9,0
6896485,0,1,0,1,0,0,105,1,9,0
6896900,1,1,1,1,1,0,105,1,9,0
6898481,0,1,1,1,1,1,105,1,9,0
6898502,0,0,0,0,1,0,105,1,9,0
6898845,1,1,0,0,0,0,105,1,9,0
6899892,0,1,1,0,1,0,105,1,9,0
6901596,1,1,0,0,0,0,105,1,9,0
6901639,0,0,1,1,0,0,105,1,9,0
6902365,0,0,1,1,0,0,105,1,9,0
6902578,1,0,0,1,1,0,105,1,9,0
6902886,1,1,1,0,1,1,105,1,9,0
6903092,1,1,1,1,1,0,105,1,9,0
6904713,0,1,1,0,1,0,105,1,9,0
6905003,0,0,0,0,1,0,105,1,9,0
6906393,0,1,0,1,0,0,105,1,9,0
6907040,0,0,0,0,1,0,105,1,9,0
6907341,0,0,1,1,0,0,105,1,9,0
6907994,1,0,1,0,0,0,105,1,9,0
6909655,1,0,1,0,0,0,105,1,9,0
6912436,0,0,0,0,1,0,105,1,9,0
6912620,0,1,0,1,0,0,105,1,9,0
6912917,0,1,0,1,0,0,105,1,9,0
6914547,1,0,0,1,1,0,105,1,9,0
6914772,1,0,0,1,1,0,105,1,9,0
6914865,0,0,0,0,1,0,105,1,9,0
6916009,0,1,1,0,1,0,105,1,9,0
6916806,0,1,1,0,1,0,105,1,9,0
6917577,1,1,1,1,1,0,105,1,9,0
6918917,0,1,0,1,0,0,105,1,9,0
6920202,0,1,0,1,0,0,105,1,9,0
6920225,1,0,0,1,1,0,105,1,9,0
6921339,0,0,1,1,0,0,105,1,9,0
6921448,1,0,0,1,1,0,105,1,9,0
6921631,1,1,1,1,1,0,105,1,9,0
6922279,1,1,0,0,0,0,105,1,9,0
6922395,1,1,1,1,1,0,105,1,9,0
6922818,1,0,1,0,0,0,105,1,9,0
6923683,0,1,0,1,0,0,105,1,9,0
6924763,0,0,1,1,0,0,105,1,9,0
6926431,0,1,0,1,0,0,105,1,9,0
6926877,1,0,1,0,0,0,105,1,9,0
6927089,0,0,0,0,1,0,105,1,9,0
6927197,0,0,1,1,0,0,105,1,9,0
6927503,0,0,1,1,0,0,105,1,9,0
6928563,1,1,0,0,0,0,105,1,9,0
6928981,0,0,0,0,1,0,105,1,9,0
6928982,1,0,1,0,0,0,105,1,9,0
6929015,0,0,1,1,0,0,105,1,9,0
6929840,1,0,0,1,1,0,105,1,9,0
6930314,1,1,1,1,1,0,105,1,9,0
6931541,1,0,1,0,0,0,105,1,9,0
6934162,0,0,0,0,1,0,105,1,9,0
6935277,0,1,0,1,0,0,105,1,9,0
6935644,0,0,1,1,0,0,105,1,9,0
6935777,0,1,1,1,1,1,105,1,9,0
6935907,0,0,1,1,0,0,105,1,9,0
6937410,1,1,0,0,0,0,105,1,9,0
6938143,0,1,1,0,1,0,105,1,9,0
6940962,0,1,0,1,0,0,105,1,9,0
6944305,0,1,1,0,1,0,105,1,9,0
6945253,1,1,0,0,0,0,105,1,9,0
6945333,1,0,1,0,0,0,105,1,9,0
6945766,1,1,0,0,0,0,105,1,9,0
6946423,1,1,1,1,1,0,105,1,9,0
6948067,0,0,0,0,1,0,84,2,9,0
6949680,0,1,0,1,0,0,84,2,9,0
6951440,1,1,1,0,1,1,84,2,9,0
6954063,1,1,1,1,1,0,84,2,9,0
6954767,1,1,1,1,1,0,84,2,9,0
6955925,0,0,1,1,0,0,84,2,9,0
6956581,0,1,1,0,1,0,84,2,9,0
6956654,1,0,1,0,0,0,84,2,9,0
6957029,0,0,1,1,0,0,84,2,9,0
6957078,1,0,1,0,0,0,84,2,9,0
6959395,0,0,1,1,0,0,84,2,9,0
6960016,0,1,0,1,0,0,84,2,9,0
6960506,0,1,1,0,1,0,84,2,9,0
6960516,0,1,1,0,1,0,84,2,9,0
6961217,0,0,1,1,0,0,84,2,9,0
6961471,1,0,0,1,1,0,84,2,9,0
6961536,1,0,0,1,1,0,84,2,9,0
6962401,0,0,0,0,1,0,84,2,9,0
6963741,0,0,1,1,0,0,84,2,9,0
6964869,0,0,1,0,0,0,84,2,9,0
6964960,1,1,0,0,0,0,84,2,9,0
6966370,1,1,0,0,0,0,84,2,9,0
6966539,1,1,0,0,0,0,84,2,9,0
6966638,0,0,1,1,0,0,84,2,9,0
6966900,0,0,0,0,1,0,84,2,9,0
6967202,0,1,1,0,1,0,84,2,9,0
6967565,0,0,0,0,1,0,84,2,9,0
6967664,1,1,1,1,1,0,84,2,9,0
6968865,1,0,0,1,1,0,84,2,9,0
6969951,1,1,0,1,0,0,84,2,9,0
6972039,0,0,1,1,0,0,84,2,9,0
6975076,1,0,0,1,1,0,84,2,9,0
6976182,0,0,0,0,1,0,84,2,9,0
6980335,0,0,0,0,1,0,84,2,9,0
6981317,0,1,1,0,1,0,84,2,9,0
6981414,0,1,0,1,0,0,84,2,9,0
6981959,0,1,1,0,1,0,84,2,9,0
6983526,0,0,1,1,0,0,84,2,9,0
6983546,0,0,1,1,0,0,84,2,9,0
6984061,0,1,1,0,1,0,84,2,9,0
6984589,0,0,0,0,1,0,84,2,9,0
6984693,1,1,0,0,0,0,84,2,9,0
6987496,1,1,0,0,0,0,84,2,9,0
6987762,0,1,0,1,0,0,84,2,9,0
6989067,0,1,1,0,1,0,84,2,9,0
6989110,0,0,1,1,0,0,84,2,9,0
6989568,0,0,1,1,0,0,84,2,9,0
6990362,0,0,0,0,1,0,84,2,9,0
6990566,0,0,0,0,1,0,84,2,9,0
6990633,1,1,0,0,0,0,84,2,9,0
6992872,0,0,1,1,0,0,84,2,9,0
6993018,0,0,0,0,1,0,84,2,9,0
6995355,1,0,0,1,1,0,84,2,9,0
6997905,1,1,1,1,1,0,84,2,9,0
6999612,0,1,0,1,0,0,84,2,9,0
7000486,1,1,1,1,1,0,84,2,9,0
7000572,0,1,1,0,1,0,84,2,9,0
7003827,0,1,0,1,0,0,84,2,9,0
7007527,1,0,0,1,1,0,84,2,9,0
7008707,1,0,1,0,0,0,84,2,9,0
7009154,0,0,0,1,1,1,84,2,9,0
7009418,1,0,1,0,0,0,84,2,9,0
7011631,1,0,1,0,0,0,84,2,9,0
7012564,0,0,1,1,0,0,122,2,12,0
7012755,0,1,0,1,0,0,122,2,12,0
7012999,1,1,0,1,0,0,122,2,12,0
7013207,1,1,0,0,0,0,122,2,12,0
7013811,1,1,0,0,0,0,122,2,12,0
7014163,1,1,0,0,0,0,122,2,12,0
7015305,1,0,0,1,1,0,122,2,12,0
7016125,0,0,0,0,1,0,122,2,12,0
7016634,1,0,1,0,0,0,122,2,12,0
7016678,0,0,0,0,1,0,122,2,12,0
7017152,1,0,0,1,1,0,122,2,12,0
7017331,1,1,0,0,0,0,122,2,12,0
7017849,0,1,0,1,0,0,122,2,12,0
7020213,1,1,0,0,0,0,122,2,12,0
7020514,0,1,1,0,1,0,122,2,12,0
7020696,0,1,0,1,0,0,122,2,12,0
7021434,1,0,0,1,1,0,122,2,12,0
7023231,1,1,1,0,1,1,122,2,12,0
7024370,0,1,0,1,0,0,122,2,12,0
7024869,0,1,0,1,0,0,122,2,12,0
7026057,0,0,1,1,0,0,122,2,12,0
7026470,0,0,0,0,1,0,122,2,12,0
7027447,1,0,1,0,0,0,122,2,12,0
7028146,1,1,1,1,1,0,122,2,12,0
7029224,0,0,1,1,0,0,122,2,12,0
7029291,0,1,0,1,0,0,122,2,12,0
7029795,0,1,0,1,0,0,122,2,12,0
7030959,1,1,1,1,1,0,122,2,12,0
7031576,1,1,1,1,1,0,122,2,12,0
7033240,1,1,1,1,1,0,122,2,12,0
7033372,1,0,0,1,1,0,122,2,12,0
7033710,0,0,1,1,0,0,122,2,12,0
7033981,0,1,0,1,0,0,122,2,12,0
7035259,0,0,0,0,1,0,122,2,12,0
7035614,0,0,0,0,1,0,122,2,12,0
7035659,0,0,1,1,0,0,122,2,12,0
7036638,1,1,1,1,1,0,122,2,12,0
7036794,1,1,1,1,1,0,122,2,12,0
7037168,1,1,0,0,0,0,122,2,12,0
7038004,1,1,1,1,1,0,122,2,12,0
7038636,1,0,1,0,0,0,122,2,12,0
7039088,0,1,0,1,0,0,122,2,12,0
7039204,0,1,1,0,1,0,122,2,12,0
7039914,1,1,1,1,1,0,122,2,12,0
7039962,0,1,0,1,0,0,122,2,12,0
7040815,0,0,0,1,1,1,122,2,12,0
7040848,0,0,0,0,1,0,122,2,12,0
7041481,0,1,0,1,0,0,122,2,12,0
7041702,0,1,1,0,1,0,122,2,12,0
7042002,0,0,0,0,1,0,122,2,12,0
7042243,0,1,0,1,0,0,122,2,12,0
7043098,0,0,1,1,0,0,122,2,12,0
7044683,0,0,1,1,0,0,122,2,12,0
7044721,1,1,1,1,1,0,122,2,12,0
7045341,1,0,0,1,1,0,122,2,12,0
7048212,1,1,0,0,0,0,122,2,12,0
7048408,0,0,1,1,0,0,122,2,12,0
7048546,1,0,1,0,0,0,122,2,12,0
7048716,1,1,1,1,1,0,122,2,12,0
7049494,1,0,0,1,1,0,122,2,12,0
7050202,1,0,0,1,1,0,122,2,12,0
7050331,1,1,1,1,1,0,122,2,12,0
7050507,1,1,1,1,1,0,122,2,12,0
7050608,1,0,0,1,1,0,122,2,12,0
7050691,1,0,0,1,1,0,122,2,12,0
7051489,0,1,1,0,1,0,122,2,12,0
7051959,0,1,0,1,0,0,122,2,12,0
7052733,1,1,0,0,0,0,122,2,12,0
7052926,0,0,0,0,1,0,122,2,12,0
7053608,1,0,0,1,1,0,122,2,12,0
7053862,0,1,0,1,0,0,122,2,12,0
7054405,0,0,1,1,0,0,122,2,12,0
7054662,0,0,1,1,0,0,122,2,12,0
7054859,1,1,0,0,0,0,122,2,12,0
7056617,0,0,1,1,0,0,122,2,12,0
7057024,0,1,0,1,0,0,122,2,12,0
7057465,1,0,0,1,1,0,122,2,12,0
7057530,0,0,1,1,0,0,122,2,12,0
7058568,0,0,1,1,0,0,122,2,12,0
7059417,0,0,0,0,1,0,122,2,12,0
7059887,1,0,0,1,1,0,122,2,12,0
7059936,1,0,0,1,1,0,122,2,12,0
7059938,1,1,0,0,0,0,122,2,12,0
7060220,1,0,0,1,1,0,122,2,12,0
7060537,0,0,0,0,1,0,122,2,12,0
7061780,0,1,0,1,0,0,122,2,12,0
7063323,1,1,1,1,1,0,122,2,12,0
7064822,0,0,0,0,1,0,122,2,12,0
7065053,1,0,0,1,1,0,122,2,12,0
7065190,1,0,1,0,0,0,122,2,12,0
7065907,0,0,1,1,0,0,122,2,12,0
7066669,0,0,1,1,0,0,122,2,12,0
7066710,0,1,0,1,0,0,122,2,12,0
7067574,0,0,1,1,0,0,122,2,12,0
7068389,0,0,1,1,0,0,122,2,12,0
7068634,1,0,0,1,1,0,122,2,12,0
7071045,1,1,1,1,1,0,122,2,12,0
7071232,0,0,1,1,0,0,122,2,12,0
7071475,0,0,0,0,1,0,122,2,12,0
7071482,0,1,1,0,1,0,122,2,12,0
7071580,0,1,1,0,1,0,122,2,12,0
7072780,1,0,1,1,0,0,122,2,12,0
7073747,1,0,1,0,0,0,122,2,12,0
7074089,1,0,1,0,0,0,122,2,12,0
7074984,0,1,1,0,1,0,122,2,12,0
7075932,1,1,0,0,0,0,122,2,12,0
7076571,1,1,0,0,0,0,122,2,12,0
7077478,1,1,0,0,0,0,122,2,12,0
7077598,1,1,0,0,0,0,122,2,12,0
7077878,1,1,1,1,1,0,122,2,12,0
7077998,0,0,0,0,1,0,129,2,12,0
7078322,0,0,0,0,1,0,129,2,12,0
7079966,1,1,1,1,1,0,129,2,12,0
7080189,0,0,0,0,1,0,129,2,12,0
7080559,0,1,0,1,0,0,129,2,12,0
7080981,1,0,0,1,1,0,129,2,12,0
7081122,0,0,1,1,0,0,129,2,12,0
7082962,0,1,1,0,1,0,129,2,12,0
7083727,1,1,1,1,1,0,129,2,12,0
7084432,0,0,1,1,0,0,129,2,12,0
7084678,0,0,1,1,0,0,129,2,12,0
7084821,1,0,1,0,0,0,129,2,12,0
7085413,0,1,0,1,0,0,129,2,12,0
7085556,1,1,0,0,0,0,129,2,12,0
7086858,1,1,0,0,0,0,129,2,12,0
7086863,0,0,0,0,1,0,129,2,12,0
7087046,1,0,1,0,0,0,129,2,12,0
7087310,1,1,1,1,1,0,129,2,12,0
7087365,1,1,0,0,0,0,129,2,12,0
7088030,0,0,1,1,0,0,129,2,12,0
7088095,0,0,1,1,0,0,129,2,12,0
7089642,0,0,0,0,1,0,129,2,12,0
7089721,0,1,0,1,0,0,129,2,12,0
7089725,0,0,1,1,0,0,129,2,12,0
7089747,1,1,0,0,0,0,129,2,12,0
7090654,1,0,1,0,0,0,129,2,12,0
7092365,1,0,1,0,0,0,129,2,12,0
7092985,0,0,0,0,1,0,129,2,12,0
7093158,0,1,1,0,1,0,129,2,12,0
7094140,1,1,1,1,1,0,129,2,12,0
7094179,0,1,1,1,1,1,129,2,12,0
7094225,0,1,1,0,1,0,129,2,12,0
7094422,0,0,0,0,1,0,129,2,12,0
7094723,1,0,0,1,1,0,129,2,12,0
7095234,0,0,1,1,0,0,129,2,12,0
7096513,0,0,1,1,0,0,129,2,12,0
7097538,1,0,0,1,1,0,129,2,12,0
7097544,1,1,0,0,0,0,129,2,12,0
7097943,1,0,1,0,0,0,129,2,12,0
7098389,1,1,1,1,1,0,129,2,12,0
7098761,1,1,0,0,0,0,129,2,12,0
7099175,1,1,0,0,0,0,129,2,12,0
7099595,0,1,0,1,0,0,129,2,12,0
7101767,0,1,1,0,1,0,129,2,12,0
7102443,0,0,1,1,0,0,129,2,12,0
7102615,0,0,0,0,1,0,129,2,12,0
7102693,0,1,0,1,0,0,129,2,12,0
7103345,0,1,0,1,0,0,129,2,12,0
7103647,1,0,0,1,1,0,129,2,12,0
7104196,1,1,0,0,0,0,129,2,12,0
7104307,1,1,1,1,1,0,129,2,12,0
7104403,1,0,1,0,0,0,129,2,12,0
7104683,0,1,0,1,0,0,129,2,12,0
7105271,1,0,0,1,1,0,129,2,12,0
7105648,1,1,0,0,0,0,129,2,12,0
7105691,1,0,1,0,0,0,129,2,12,0
7106436,1,0,1,0,0,0,129,2,12,0
7106782,0,0,0,0,1,0,129,2,12,0
7107141,1,0,1,0,0,0,129,2,12,0
7107188,0,1,1,0,1,0,129,2,12,0
7107791,1,0,1,0,0,0,129,2,12,0
7108304,0,1,0,1,0,0,129,2,12,0
7108674,1,0,0,1,1,0,129,2,12,0
7109584,0,1,0,1,0,0,129,2,12,0
7110997,0,1,1,0,1,0,129,2,12,0
7111598,1,0,0,0,1,1,129,2,12,0
7111772,0,1,1,0,1,0,129,2,12,0
7112018,0,1,1,0,1,0,129,2,12,0
7113211,0,1,1,0,1,0,129,2,12,0
7113270,1,1,0,0,0,0,129,2,12,0
7113453,1,1,0,0,0,0,129,2,12,0
7113801,0,0,0,0,1,0,129,2,12,0
7113934,0,0,0,0,1,0,129,2,12,0
7114742,0,0,0,0,1,0,129,2,12,0
7115206,0,0,1,1,0,0,129,2,12,0
7116265,0,1,0,1,0,0,129,2,12,0
7116559,1,1,0,0,0,0,129,2,12,0
7116690,0,1,0,1,0,0,129,2,12,0
7116949,1,0,1,0,0,0,129,2,12,0
7117319,1,1,1,1,1,0,129,2,12,0
7118279,0,0,0,0,1,0,129,2,12,0
7119064,0,0,1,1,0,0,129,2,12,0
7119553,1,0,0,1,1,0,129,2,12,0
7119848,1,0,1,0,0,0,129,2,12,0
7120306,1,1,1,1,1,0,129,2,12,0
7120358,1,1,0,0,0,0,129,2,12,0
7120600,0,1,0,1,0,0,129,2,12,0
7120818,1,1,0,0,0,0,129,2,12,0
7120991,1,1,1,1,1,0,129,2,12,0
7121750,1,1,0,0,0,0,129,2,12,0
7122157,1,1,1,1,1,0,129,2,12,0
7122489,0,1,0,1,0,0,129,2,12,0
7122619,0,0,0,0,1,0,129,2,12,0
7123184,1,1,0,0,0,0,129,2,12,0
7123484,0,0,1,1,0,0,129,2,12,0
7123648,1,0,0,1,1,0,129,2,12,0
7124764,0,1,1,0,1,0,129,2,12,0
7125853,0,1,0,1,0,0,129,2,12,0
7126002,0,0,1,1,0,0,129,2,12,0
7126200,1,0,0,1,1,0,129,2,12,0
7126753,0,0,1,1,0,0,129,2,12,0
7127024,1,1,0,0,0,0,129,2,12,0
7127462,1,1,0,0,0,0,129,2,12,0
7127757,0,0,0,0,1,0,129,2,12,0
7128265,1,1,1,1,1,0,129,2,12,0
7129611,1,0,1,0,0,0,129,2,12,0
7129617,0,0,1,1,0,0,129,2,12,0
7131564,0,0,0,0,1,0,129,2,12,0
7131797,1,0,0,1,1,0,129,2,12,0
7132971,0,1,1,0,1,0,129,2,12,0
7133146,1,1,1,1,1,0,129,2,12,0
7133863,0,0,0,0,1,0,129,2,12,0
7134244,0,1,0,1,0,0,129,2,12,0
7135077,1,0,0,1,1,0,129,2,12,0
7135455,0,1,0,1,0,0,129,2,12,0
7135754,1,1,0,0,0,0,129,2,12,0
7135769,0,0,1,1,0,0,129,2,12,0
7137715,0,0,1,1,0,0,129,2,12,0
7137834,0,1,1,0,1,0,129,2,12,0
7138163,1,1,0,0,0,0,129,2,12,0
7138614,1,1,1,1,1,0,129,2,12,0
7139056,1,0,1,0,0,0,129,2,12,0
7139057,1,0,0,1,1,0,129,2,12,0
7139653,1,1,1,1,1,0,129,2,12,0
7139906,0,0,1,1,0,0,129,2,12,0
7140155,0,0,1,1,0,0,129,2,12,0
7142778,1,0,0,1,1,0,129,2,12,0
7143495,0,0,0,0,1,0,118,2,12,0
7144718,1,0,0,1,1,0,118,2,12,0
7144768,0,0,1,1,0,0,118,2,12,0
7145024,0,1,1,0,1,0,118,2,12,0
7145327,0,1,0,1,0,0,118,2,12,0
7145395,0,1,1,0,1,0,118,2,12,0
7145993,1,1,0,0,0,0,118,2,12,0
7146043,1,1,0,0,0,0,118,2,12,0
7146480,0,0,0,0,1,0,118,2,12,0
7147274,0,0,0,0,1,0,118,2,12,0
7147321,0,1,0,1,0,0,118,2,12,0
7148277,0,1,0,1,0,0,118,2,12,0
7148493,0,1,1,0,1,0,118,2,12,0
7148503,0,1,1,0,1,0,118,2,12,0
7148841,1,0,0,1,1,0,118,2,12,0
7148998,1,0,0,1,1,0,118,2,12,0
7149386,1,0,1,0,0,0,118,2,12,0
7149605,1,1,0,0,0,0,118,2,12,0
7149654,1,0,0,1,1,0,118,2,12,0
7150727,0,0,0,0,1,0,118,2,12,0
7151261,0,0,0,0,1,0,118,2,12,0
7151400,1,0,1,0,0,0,118,2,12,0
7153475,0,0,1,1,0,0,118,2,12,0
7154568,0,1,0,1,0,0,118,2,12,0
7154718,0,1,1,0,1,0,118,2,12,0
7155452,0,0,0,0,1,0,118,2,12,0
7155507,1,0,1,0,0,0,118,2,12,0
7155895,0,0,0,0,1,0,118,2,12,0
7157109,0,0,0,0,1,0,118,2,12,0
7157356,1,0,1,0,0,0,118,2,12,0
7157386,0,1,1,0,1,0,118,2,12,0
7157777,0,0,1,1,0,0,118,2,12,0
7158057,0,0,0,0,1,0,118,2,12,0
7159790,1,0,1,0,0,0,118,2,12,0
7159818,1,0,0,1,1,0,118,2,12,0
7161652,0,0,0,0,1,0,118,2,12,0
7163087,1,1,1,1,1,0,118,2,12,0
7163091,0,1,0,1,0,0,118,2,12,0
7163537,1,0,1,0,0,0,118,2,12,0
7164123,1,0,0,1,1,0,118,2,12,0
7164633,0,0,1,1,0,0,118,2,12,0
7165782,0,1,1,0,1,0,118,2,12,0
7167314,0,0,1,1,0,0,118,2,12,0
7167696,1,0,0,1,1,0,118,2,12,0
7167849,1,0,0,1,1,0,118,2,12,0
7168077,0,1,0,1,0,0,118,2,12,0
7169518,0,0,1,1,0,0,118,2,12,0
7170609,1,1,1,1,1,0,118,2,12,0
7172097,1,1,1,1,1,0,118,2,12,0
7173218,0,1,1,0,1,0,118,2,12,0
7174151,1,0,0,1,1,0,118,2,12,0
7174892,0,1,1,0,1,0,118,2,12,0
7175074,0,1,1,0,1,0,118,2,12,0
7175467,0,1,1,0,1,0,118,2,12,0
7175843,1,1,0,0,0,0,118,2,12,0
7176389,0,1,0,1,0,0,118,2,12,0
7176679,1,1,1,1,1,0,118,2,12,0
7176761,0,0,0,0,1,0,118,2,12,0
7177341,0,1,0,1,0,0,118,2,12,0
7177427,1,1,1,1,1,0,118,2,12,0
7177463,0,0,1,1,0,0,118,2,12,0
7178090,1,0,0,1,1,0,118,2,12,0
7178668,1,0,1,0,0,0,118,2,12,0
7180750,1,1,0,0,0,0,118,2,12,0
7181599,0,0,0,0,1,0,118,2,12,0
7181885,1,0,1,0,0,0,118,2,12,0
7182446,1,1,0,0,0,0,118,2,12,0
7182800,0,1,0,1,0,0,118,2,12,0
7184414,0,0,1,1,0,0,118,2,12,0
7185528,1,1,1,1,1,0,118,2,12,0
7185591,1,1,0,0,0,0,118,2,12,0
7185650,1,0,0,1,1,0,118,2,12,0
7185991,0,0,0,0,1,0,118,2,12,0
7186130,1,0,1,0,0,0,118,2,12,0
7187022,0,0,1,1,0,0,118,2,12,0
7187766,0,0,0,0,1,0,118,2,12,0
7187800,0,1,0,1,0,0,118,2,12,0
7188888,1,0,1,0,0,0,118,2,12,0
7189230,1,1,1,1,1,0,118,2,12,0
7189649,1,1,0,0,0,0,118,2,12,0
7189856,0,1,0,1,0,0,118,2,12,0
7190025,1,0,1,0,0,0,118,2,12,0
7192254,1,0,0,1,1,0,118,2,12,0
7193733,1,0,0,0,1,1,118,2,12,0
7194240,0,1,1,0,1,0,118,2,12,0
7195229,1,1,1,0,1,1,118,2,12,0
7195244,0,1,1,0,1,0,118,2,12,0
7195267,1,1,1,1,1,0,118,2,12,0
7195480,0,0,0,0,1,0,118,2,12,0
7195745,0,1,0,1,0,0,118,2,12,0
7195955,0,0,1,1,0,0,118,2,12,0
7197406,1,1,1,1,1,0,118,2,12,0
7197486,1,0,0,1,1,0,118,2,12,0
7197703,0,0,1,1,0,0,118,2,12,0
7197798,1,1,1,1,1,0,118,2,12,0
7199146,1,1,0,0,0,0,118,2,12,0
7199208,1,0,0,1,1,0,118,2,12,0
7201286,0,1,0,1,0,0,118,2,12,0
7201479,1,0,0,1,1,0,118,2,12,0
7201556,0,1,0,1,0,0,118,2,12,0
7201737,1,0,0,1,1,0,118,2,12,0
7202128,1,0,1,0,0,0,118,2,12,0
7202440,1,1,1,1,1,0,118,2,12,0
7202448,1,0,0,1,1,0,118,2,12,0
7203014,0,1,1,0,1,0,118,2,12,0
7203564,1,0,0,1,1,0,118,2,12,0
7203815,0,1,0,1,0,0,118,2,12,0
7204007,1,0,0,1,1,0,118,2,12,0
7205933,1,0,1,0,0,0,118,2,12,0
7207129,1,1,0,0,0,0,118,2,12,0
7207420,0,1,1,0,1,0,118,2,12,0
7208302,0,0,1,1,0,0,118,2,12,0
7208529,1,1,1,1,1,0,118,2,12,0
7208821,0,0,1,1,0,0,118,2,12,0
7209156,1,0,1,0,0,0,168,2,12,0
7209515,0,1,0,1,0,0,168,2,12,0
7210099,1,0,1,0,0,0,168,2,12,0
7210539,1,1,0,0,0,0,168,2,12,0
7210925,1,0,1,0,0,0,168,2,12,0
7212351,0,1,0,1,0,0,168,2,12,0
7212616,0,1,1,0,1,0,168,2,12,0
7212708,1,0,0,1,1,0,168,2,12,0
7213148,1,0,1,0,0,0,168,2,12,0
7214206,0,0,0,0,1,0,168,2,12,0
7214909,0,0,0,0,1,0,168,2,12,0
7215131,0,1,1,0,1,0,168,2,12,0
7215454,0,1,1,0,1,0,168,2,12,0
7215495,0,0,0,0,1,0,168,2,12,0
7217160,0,0,1,1,0,0,168,2,12,0
7217965,0,1,0,1,0,0,168,2,12,0
7218863,0,0,0,0,1,0,168,2,12,0
7219788,1,1,1,1,1,0,168,2,12,0
7219910,0,0,0,0,1,0,168,2,12,0
7219994,0,0,1,1,0,0,168,2,12,0
7221077,0,1,1,0,1,0,168,2,12,0
7221118,1,1,1,1,1,0,168,2,12,0
7221162,0,1,0,1,0,0,168,2,12,0
7221872,0,0,0,0,1,0,168,2,12,0
7222298,0,1,0,1,0,0,168,2,12,0
7222486,0,1,1,0,1,0,168,2,12,0
7222920,0,0,0,0,1,0,168,2,12,0
7223426,1,1,1,1,1,0,168,2,12,0
7223955,0,0,1,1,0,0,168,2,12,0
7224465,0,0,1,0,0,0,168,2,12,0
7225502,0,1,0,1,0,0,168,2,12,0
7226346,0,0,1,1,0,0,168,2,12,0
7226520,1,1,1,1,1,0,168,2,12,0
7226646,1,0,1,0,0,0,168,2,12,0
7226861,0,0,0,0,1,0,168,2,12,0
7227161,0,1,1,0,1,0,168,2,12,0
7227766,1,1,1,1,1,0,168,2,12,0
7227970,1,0,0,1,1,0,168,2,12,0
7227980,0,0,1,1,0,0,168,2,12,0
7228325,0,0,1,1,0,0,168,2,12,0
7229814,0,0,1,1,0,0,168,2,12,0
7229994,1,1,1,1,1,0,168,2,12,0
7230197,1,0,0,1,1,0,168,2,12,0
7230304,0,1,1,0,1,0,168,2,12,0
7230777,0,1,1,0,1,0,168,2,12,0
7231084,0,0,1,1,0,0,168,2,12,0
7231353,0,0,0,0,1,0,168,2,12,0
7231621,1,0,0,1,1,0,168,2,12,0
7232016,0,1,0,1,0,0,168,2,12,0
7232445,0,1,0,1,0,0,168,2,12,0
7232501,1,0,0,1,1,0,168,2,12,0
7233335,1,0,0,1,1,0,168,2,12,0
7233420,1,1,1,1,1,0,168,2,12,0
7234271,1,0,0,1,1,0,168,2,12,0
7234297,0,1,1,0,1,0,168,2,12,0
7234655,1,1,0,0,0,0,168,2,12,0
7234696,1,1,0,0,0,0,168,2,12,0
7235003,0,1,0,1,0,0,168,2,12,0
7235458,0,0,1,1,0,0,168,2,12,0
7235528,1,1,1,1,1,0,168,2,12,0
7236119,0,1,0,1,0,0,168,2,12,0
7236776,0,1,0,1,0,0,168,2,12,0
7238158,0,0,0,0,1,0,168,2,12,0
7238493,1,0,0,1,1,0,168,2,12,0
7238756,1,1,1,1,1,0,168,2,12,0
7240953,0,1,1,0,1,0,168,2,12,0
7241437,1,1,1,1,1,0,168,2,12,0
7242250,0,0,0,0,1,0,168,2,12,0
7242305,1,0,0,1,1,0,168,2,12,0
7242443,1,0,1,0,0,0,168,2,12,0
7242669,0,1,1,0,1,0,168,2,12,0
7243138,0,1,1,0,1,0,168,2,12,0
7243821,0,0,0,0,1,0,168,2,12,0
7243952,1,0,0,1,1,0,168,2,12,0
7244052,0,0,1,1,0,0,168,2,12,0
7244220,1,1,0,0,0,0,168,2,12,0
7244500,0,0,1,1,0,0,168,2,12,0
7244671,1,1,0,0,0,0,168,2,12,0
7244808,0,1,1,0,1,0,168,2,12,0
7245335,0,0,1,1,0,0,168,2,12,0
7245679,1,0,0,1,1,0,168,2,12,0
7246189,0,0,1,1,0,0,168,2,12,0
7246313,1,1,0,0,0,0,168,2,12,0
7247098,1,0,0,1,1,0,168,2,12,0
7247911,1,0,1,0,0,0,168,2,12,0
7248332,0,0,0,0,1,0,168,2,12,0
7249768,1,1,0,0,0,0,168,2,12,0
7250362,0,1,0,1,0,0,168,2,12,0
7250472,1,1,0,0,0,0,168,2,12,0
7250571,1,0,1,0,0,0,168,2,12,0
7251526,0,1,0,1,0,0,168,2,12,0
7251752,0,0,0,0,1,0,168,2,12,0
7252281,0,1,1,0,1,0,168,2,12,0
7252612,0,1,1,0,1,0,168,2,12,0
7252874,1,0,0,1,1,0,168,2,12,0
7253860,1,0,1,0,0,0,168,2,12,0
7253866,0,1,0,1,0,0,168,2,12,0
7253933,1,1,1,1,1,0,168,2,12,0
7254093,0,1,0,1,0,0,168,2,12,0
7254161,0,0,1,1,0,0,168,2,12,0
7254790,0,1,0,1,0,0,168,2,12,0
7255835,0,0,0,0,1,0,168,2,12,0
7256280,1,1,1,1,1,0,168,2,12,0
7256455,0,1,1,0,1,0,168,2,12,0
7256798,1,0,0,1,1,0,168,2,12,0
7257459,1,1,0,0,0,0,168,2,12,0
7259099,0,0,1,1,0,0,168,2,12,0
7259928,0,0,0,0,1,0,168,2,12,0
7260382,0,1,0,1,0,0,168,2,12,0
7260522,1,0,1,0,0,0,168,2,12,0
7260641,1,0,1,0,0,0,168,2,12,0
7260955,1,0,1,0,0,0,168,2,12,0
7261301,0,1,0,1,0,0,168,2,12,0
7261410,0,1,1,0,1,0,168,2,12,0
7262060,0,0,1,1,0,0,168,2,12,0
7262333,1,1,1,1,1,0,168,2,12,0
7262770,0,1,1,0,1,0,168,2,12,0
7263434,1,0,1,0,0,0,168,2,12,0
7263790,0,1,0,1,0,0,168,2,12,0
7263915,1,0,1,0,0,0,168,2,12,0
7263958,0,1,0,0,0,0,168,2,12,0
7265311,0,0,1,1,0,0,168,2,12,0
7266395,0,0,1,1,0,0,168,2,12,0
7266782,1,0,0,1,1,0,168,2,12,0
7267193,1,1,0,0,0,0,168,2,12,0
7267537,1,0,0,1,1,0,168,2,12,0
7267659,0,1,0,1,0,0,168,2,12,0
7267676,0,0,1,1,0,0,168,2,12,0
7267978,1,1,0,0,0,0,168,2,12,0
7268729,1,0,0,1,1,0,168,2,12,0
7268826,0,1,0,1,0,0,168,2,12,0
7269179,1,1,1,1,1,0,168,2,12,0
7269484,0,1,1,0,1,0,168,2,12,0
7270135,1,0,0,1,1,0,168,2,12,0
7270514,1,0,1,0,0,0,168,2,12,0
7271592,1,1,1,1,1,0,168,2,12,0
7273120,1,0,1,0,0,0,168,2,12,0
7273386,1,0,1,0,0,0,168,2,12,0
7274701,0,0,1,1,0,0,116,2,12,0
7274940,0,1,0,1,0,0,116,2,12,0
7274997,1,0,1,0,0,0,116,2,12,0
7275368,0,1,1,0,1,0,116,2,12,0
7276497,1,0,0,1,1,0,116,2,12,0
7276705,0,1,1,0,1,0,116,2,12,0
7276977,0,1,0,1,0,0,116,2,12,0
7277450,1,1,1,1,1,0,116,2,12,0
7279339,0,0,1,1,0,0,116,2,12,0
7279369,1,1,1,1,1,0,116,2,12,0
7281414,0,0,1,1,0,0,116,2,12,0
7281521,0,0,1,1,0,0,116,2,12,0
7281573,0,0,0,0,1,0,116,2,12,0
7281763,0,0,0,0,1,0,116,2,12,0
7282402,0,1,1,0,1,0,116,2,12,0
7283920,1,1,0,0,0,0,116,2,12,0
7284010,1,1,1,1,1,0,116,2,12,0
7284325,0,0,0,0,1,0,116,2,12,0
7286615,1,0,0,1,1,0,116,2,12,0
7287583,0,0,1,1,0,0,116,2,12,0
7288297,1,1,1,1,1,0,116,2,12,0
7289345,0,0,0,0,1,0,116,2,12,0
7289441,0,0,0,0,1,0,116,2,12,0
7290054,0,0,1,1,0,0,116,2,12,0
7290741,1,0,0,0,1,1,116,2,12,0
7291830,1,1,1,1,1,0,116,2,12,0
7292051,0,0,1,1,0,0,116,2,12,0
7292580,0,1,1,0,1,0,116,2,12,0
7293757,0,0,1,1,0,0,116,2,12,0
7296940,1,1,0,0,0,0,116,2,12,0
7298978,0,0,0,0,1,0,116,2,12,0
7299217,1,0,1,0,0,0,116,2,12,0
7299584,1,1,1,1,1,0,116,2,12,0
7300426,1,1,1,1,1,0,116,2,12,0
7301212,0,0,0,0,1,0,116,2,12,0
7301354,0,1,0,1,0,0,116,2,12,0
7302164,0,0,1,1,0,0,116,2,12,0
7302683,0,0,1,1,0,0,116,2,12,0
7304207,0,1,0,1,0,0,116,2,12,0
7304827,0,1,1,0,1,0,116,2,12,0
7304901,1,1,1,1,1,0,116,2,12,0
7304955,0,1,1,0,1,0,116,2,12,0
7306235,1,1,0,0,0,0,116,2,12,0
7307286,0,1,1,0,1,0,116,2,12,0
7307567,1,1,0,0,0,0,116,2,12,0
7307628,1,1,1,1,1,0,116,2,12,0
7308013,1,1,0,0,0,0,116,2,12,0
7308064,1,0,1,0,0,0,116,2,12,0
7308958,1,1,1,1,1,0,116,2,12,0
7309491,0,0,1,1,0,0,116,2,12,0
7311800,1,1,0,0,0,0,116,2,12,0
7313305,1,0,1,0,0,0,116,2,12,0
7313979,0,1,1,0,1,0,116,2,12,0
7314232,1,1,1,1,1,0,116,2,12,0
7314233,0,1,0,1,0,0,116,2,12,0
7314393,0,0,0,0,1,0,116,2,12,0
7315181,0,0,0,0,1,0,116,2,12,0
7315700,0,0,1,1,0,0,116,2,12,0
7319683,0,0,0,0,1,0,116,2,12,0
7319810,0,0,1,1,0,0,116,2,12,0
7319981,1,0,0,1,1,0,116,2,12,0
7320672,0,0,0,0,1,0,116,2,12,0
7321317,0,1,0,1,0,0,116,2,12,0
7323021,0,1,1,0,1,0,116,2,12,0
7323903,1,1,1,1,1,0,116,2,12,0
7324286,0,1,0,1,0,0,116,2,12,0
7324769,0,0,0,0,1,0,116,2,12,0
7325887,0,1,1,0,1,0,116,2,12,0
7326315,1,0,0,1,1,0,116,2,12,0
7326554,0,0,0,0,1,0,116,2,12,0
7327462,0,0,0,0,1,0,116,2,12,0
7328751,1,0,1,0,0,0,116,2,12,0
7329471,1,0,0,1,1,0,116,2,12,0
7329586,0,1,1,0,1,0,116,2,12,0
7329883,0,0,1,1,0,0,116,2,12,0
7330022,1,1,0,0,0,0,116,2,12,0
7331553,1,0,0,1,1,0,116,2,12,0
7332610,1,1,1,1,1,0,116,2,12,0
7333186,0,1,1,0,1,0,116,2,12,0
7334706,0,1,1,0,1,0,116,2,12,0
7336064,1,1,0,0,0,0,116,2,12,0
7336629,0,1,0,1,0,0,116,2,12,0
7336830,0,0,0,0,1,0,116,2,12,0
7337079,0,1,0,1,0,0,116,2,12,0
7337146,1,0,1,0,0,0,116,2,12,0
7337931,1,1,1,1,1,0,116,2,12,0
7338061,0,1,1,0,1,0,116,2,12,0
7338775,0,1,1,0,1,0,116,2,12,0
7339509,1,1,0,0,0,0,116,2,12,0
7340020,0,1,0,1,0,0,116,2,12,0
7340414,1,0,1,0,0,0,148,2,12,0
7341035,1,0,0,1,1,0,148,2,12,0
7341080,0,1,1,0,1,0,148,2,12,0
7341341,1,0,1,0,0,0,148,2,12,0
7341699,0,1,1,0,1,0,148,2,12,0
7342330,0,1,0,1,0,0,148,2,12,0
7342610,0,0,0,0,1,0,148,2,12,0
7342694,0,0,0,0,1,0,148,2,12,0
7342817,0,0,0,0,1,0,148,2,12,0
7343652,1,1,0,0,0,0,148,2,12,0
7343895,1,0,1,0,0,0,148,2,12,0
7344441,0,1,0,1,0,0,148,2,12,0
7344910,1,1,1,1,1,0,148,2,12,0
7345536,0,1,1,0,1,0,148,2,12,0
7346554,0,0,1,1,0,0,148,2,12,0
7346619,0,0,0,0,1,0,148,2,12,0
7346717,0,0,1,1,0,0,148,2,12,0
7346995,0,1,1,0,1,0,148,2,12,0
7347694,1,0,1,0,0,0,148,2,12,0
7348068,1,0,0,1,1,0,148,2,12,0
7350639,0,0,0,0,1,0,148,2,12,0
7350927,1,0,1,0,0,0,148,2,12,0
7351516,0,1,1,0,1,0,148,2,12,0
7351651,1,0,1,0,0,0,148,2,12,0
7351731,1,1,0,0,0,0,148,2,12,0
7352218,0,1,1,0,1,0,148,2,12,0
7352646,1,1,0,0,0,0,148,2,12,0
7352845,0,0,0,0,1,0,148,2,12,0
7353238,1,0,1,0,0,0,148,2,12,0
7354328,0,1,0,1,0,0,148,2,12,0
7355573,1,1,0,0,0,0,148,2,12,0
7356026,0,0,0,0,1,0,148,2,12,0
7356412,1,0,0,0,1,1,148,2,12,0
7356489,0,0,0,0,1,0,148,2,12,0
7356942,1,1,1,1,1,0,148,2,12,0
7356998,1,0,1,0,0,0,148,2,12,0
7358012,0,1,1,0,1,0,148,2,12,0
7358139,1,1,0,0,0,0,148,2,12,0
7358343,0,0,0,0,1,0,148,2,12,0
7359948,0,0,0,0,1,0,148,2,12,0
7360163,0,0,1,1,0,0,148,2,12,0
7360214,1,0,0,1,1,0,148,2,12,0
7360563,1,0,1,0,0,0,148,2,12,0
7360657,0,1,1,0,1,0,148,2,12,0
7361312,0,1,1,0,1,0,148,2,12,0
7362532,0,1,0,1,0,0,148,2,12,0
7362629,1,0,1,0,0,0,148,2,12,0
7363564,1,0,1,0,0,0,148,2,12,0
7363566,0,0,0,0,1,0,148,2,12,0
7364574,1,1,0,0,0,0,148,2,12,0
7364892,1,1,1,1,1,0,148,2,12,0
7365383,0,0,0,0,1,0,148,2,12,0
7365977,0,0,1,1,0,0,148,2,12,0
7366059,1,0,1,0,0,0,148,2,12,0
7367262,1,0,1,0,0,0,148,2,12,0
7368095,1,0,1,0,0,0,148,2,12,0
7369572,1,1,1,1,1,0,148,2,12,0
7371333,0,0,1,1,0,0,148,2,12,0
7371725,0,1,1,0,1,0,148,2,12,0
7373487,0,0,0,0,1,0,148,2,12,0
7373628,1,1,1,1,1,0,148,2,12,0
7373744,0,0,0,0,1,0,148,2,12,0
7374612,0,0,0,0,1,0,148,2,12,0
7374989,0,0,1,0,0,0,148,2,12,0
7375141,0,0,0,0,1,0,148,2,12,0
7375452,0,0,1,1,0,0,148,2,12,0
7376014,1,1,0,0,0,0,148,2,12,0
7376021,1,0,1,0,0,0,148,2,12,0
7376218,1,0,1,0,0,0,148,2,12,0
7376465,0,1,1,0,1,0,148,2,12,0
7377041,1,1,0,0,0,0,148,2,12,0
7377166,1,0,1,0,0,0,148,2,12,0
7377338,1,0,1,0,0,0,148,2,12,0
7378361,1,0,1,0,0,0,148,2,12,0
7379229,1,0,1,0,0,0,148,2,12,0
7379920,0,0,1,1,0,0,148,2,12,0
7380108,0,1,1,0,1,0,148,2,12,0
7381369,1,0,1,0,0,0,148,2,12,0
7381587,0,1,0,1,0,0,148,2,12,0
7382349,0,1,1,0,1,0,148,2,12,0
7382594,1,0,1,0,0,0,148,2,12,0
7383107,0,0,1,1,0,0,148,2,12,0
7383306,1,1,0,0,0,0,148,2,12,0
7384505,0,0,1,1,0,0,148,2,12,0
7384731,1,0,0,1,1,0,148,2,12,0
7384786,1,1,0,0,0,0,148,2,12,0
7385271,1,1,1,1,1,0,148,2,12,0
7385660,1,0,0,1,1,0,148,2,12,0
7385980,0,1,1,0,1,0,148,2,12,0
7386188,1,0,0,1,1,0,148,2,12,0
7386803,0,0,1,1,0,0,148,2,12,0
7387588,1,0,1,0,0,0,148,2,12,0
7387759,0,0,0,0,1,0,148,2,12,0
7387915,0,1,1,0,1,0,148,2,12,0
7388048,0,0,1,1,0,0,148,2,12,0
7389095,0,1,0,1,0,0,148,2,12,0
7389255,0,0,1,1,0,0,148,2,12,0
7389507,1,1,1,1,1,0,148,2,12,0
7390228,1,0,1,0,0,0,148,2,12,0
7390501,0,1,0,1,0,0,148,2,12,0
7390650,0,0,0,0,1,0,148,2,12,0
7391162,1,1,1,1,1,0,148,2,12,0
7391192,0,0,1,1,0,0,148,2,12,0
7391665,0,1,0,1,0,0,148,2,12,0
7392148,1,0,1,0,0,0,148,2,12,0
7392398,1,1,0,0,0,0,148,2,12,0
7392699,0,0,1,1,0,0,148,2,12,0
7393994,0,1,1,0,1,0,148,2,12,0
7394163,1,0,0,1,1,0,148,2,12,0
7394204,0,0,0,1,1,1,148,2,12,0
7394833,1,1,1,1,1,0,148,2,12,0
7394883,0,0,0,0,1,0,148,2,12,0
7395342,1,0,0,1,1,0,148,2,12,0
7397557,0,0,0,0,1,0,148,2,12,0
7397850,0,0,0,0,1,0,148,2,12,0
7397977,1,1,0,0,0,0,148,2,12,0
7398029,0,1,0,1,0,0,148,2,12,0
7399281,0,0,0,0,1,0,148,2,12,0
7400609,0,0,1,1,0,0,148,2,12,0
7400909,1,1,0,0,0,0,148,2,12,0
7401502,0,1,0,1,0,0,148,2,12,0
7401797,0,0,1,1,0,0,148,2,12,0
7401963,1,0,1,0,0,0,148,2,12,0
7402178,1,1,1,1,1,0,148,2,12,0
7402341,1,1,0,0,0,0,148,2,12,0
7402934,0,1,0,1,0,0,148,2,12,0
7403473,0,1,1,0,1,0,148,2,12,0
7403488,1,0,1,0,0,0,148,2,12,0
7403930,1,0,0,1,1,0,148,2,12,0
7404325,0,1,0,1,0,0,148,2,12,0
7404410,0,1,0,1,0,0,148,2,12,0
7405675,1,0,1,0,0,0,119,2,12,1
7407800,0,1,0,1,0,0,119,2,12,1
7409083,0,0,1,1,0,0,119,2,12,1
7410162,0,0,0,0,1,0,119,2,12,1
7411749,1,0,1,0,0,0,119,2,12,1
7413015,1,1,0,0,0,0,119,2,12,1
7419155,1,1,0,0,0,0,119,2,12,1
7419160,1,0,1,0,0,0,119,2,12,1
7420323,0,1,0,1,0,0,119,2,12,1
7422270,0,0,1,1,0,0,119,2,12,1
7423375,1,0,0,1,1,0,119,2,12,1
7424094,0,1,1,0,1,0,119,2,12,1
7426267,0,1,0,1,0,0,119,2,12,1
7430713,0,1,0,1,0,0,119,2,12,1
7431107,0,1,0,1,0,0,119,2,12,1
7431419,0,1,1,0,1,0,119,2,12,1
7431474,1,1,1,0,1,1,119,2,12,1
7431481,1,0,1,0,0,0,119,2,12,1
7431558,0,1,1,0,1,0,119,2,12,1
7432148,1,1,1,1,1,0,119,2,12,1
7432417,0,0,0,0,1,0,119,2,12,1
7432704,1,1,1,1,1,0,119,2,12,1
7434661,1,1,1,1,1,0,119,2,12,1
7435616,1,1,0,0,0,0,119,2,12,1
7436178,1,1,1,0,1,1,119,2,12,1
7436693,1,0,0,1,1,0,119,2,12,1
7436978,0,1,0,1,0,0,119,2,12,1
7437216,0,0,1,1,0,0,119,2,12,1
7437697,0,1,0,1,0,0,119,2,12,1
7438138,1,0,1,0,0,0,119,2,12,1
7438475,1,0,0,1,1,0,119,2,12,1
7438894,0,1,1,0,1,0,119,2,12,1
7439285,0,1,1,0,1,0,119,2,12,1
7441042,0,1,1,1,1,1,119,2,12,1
7441227,0,0,1,1,0,0,119,2,12,1
7442539,0,0,0,0,1,0,119,2,12,1
7442765,0,1,1,0,1,0,119,2,12,1
7445071,0,1,1,0,1,0,119,2,12,1
7445700,1,1,0,0,0,0,119,2,12,1
7445990,0,0,1,1,0,0,119,2,12,1
7447577,1,0,0,1,1,0,119,2,12,1
7448666,0,1,0,1,0,0,119,2,12,1
7448922,0,0,1,1,0,0,119,2,12,1
7450077,1,1,1,1,1,0,119,2,12,1
7450472,0,0,0,0,1,0,119,2,12,1
7450771,1,0,0,1,1,0,119,2,12,1
7451108,1,1,0,0,0,0,119,2,12,1
7451143,1,0,1,0,0,0,119,2,12,1
7451718,1,0,1,0,0,0,119,2,12,1
7452218,0,0,1,1,0,0,119,2,12,1
7452252,0,0,1,1,0,0,119,2,12,1
7452919,0,1,1,0,1,0,119,2,12,1
7453712,1,0,1,0,0,0,119,2,12,1
7454015,0,0,1,1,0,0,119,2,12,1
7454184,0,1,1,0,1,0,119,2,12,1
7454535,1,0,0,1,1,0,119,2,12,1
7454692,0,1,1,0,1,0,119,2,12,1
7454927,0,0,0,0,1,0,119,2,12,1
7455235,1,0,0,1,1,0,119,2,12,1
7456721,0,0,1,1,0,0,119,2,12,1
7457227,0,1,1,0,1,0,119,2,12,1
7457801,0,0,1,1,0,0,119,2,12,1
7459721,0,1,1,0,1,0,119,2,12,1
7460294,0,0,1,1,0,0,119,2,12,1
7460442,0,0,1,1,0,0,119,2,12,1
7460742,0,0,1,1,0,0,119,2,12,1
7460893,1,0,1,0,0,0,119,2,12,1
7461606,1,0,0,1,1,0,119,2,12,1
7462179,1,1,1,1,1,0,119,2,12,1
7463403,0,0,0,0,1,0,119,2,12,1
7465697,0,0,0,0,1,0,119,2,12,1
7466653,1,1,0,0,0,0,119,2,12,1
7469308,0,0,1,1,0,0,119,2,12,1
7470116,1,0,0,1,1,0,119,2,12,1
7470401,0,0,1,1,0,0,119,2,12,1
7471871,1,0,1,0,0,0,124,2,12,1
7472495,0,1,0,1,0,0,124,2,12,1
7473740,0,1,0,1,0,0,124,2,12,1
7474447,1,1,0,0,0,0,124,2,12,1
7479367,1,0,1,0,0,0,124,2,12,1
7479641,1,0,0,1,1,0,124,2,12,1
7480103,0,1,0,1,0,0,124,2,12,1
7481145,0,1,1,0,1,0,124,2,12,1
7483015,1,1,0,0,0,0,124,2,12,1
7486962,1,0,0,1,1,0,124,2,12,1
7491427,0,0,1,1,0,0,124,2,12,1
7491944,0,1,1,0,1,0,124,2,12,1
7492644,1,1,1,1,1,0,124,2,12,1
7492840,0,0,1,1,0,0,124,2,12,1
7492937,0,0,1,1,0,0,124,2,12,1
7493095,1,0,1,0,0,0,124,2,12,1
7495259,1,0,1,0,0,0,124,2,12,1
7495398,1,1,0,0,0,0,124,2,12,1
7495818,1,1,1,1,1,0,124,2,12,1
7495956,1,0,1,0,0,0,124,2,12,1
7499177,0,0,1,0,0,0,124,2,12,1
7500365,1,0,0,1,1,0,124,2,12,1
7500596,1,1,0,0,0,0,124,2,12,1
7502007,0,0,0,0,1,0,124,2,12,1
7502807,0,0,1,1,0,0,124,2,12,1
7503704,1,0,0,1,1,0,124,2,12,1
7505508,1,0,1,0,0,0,124,2,12,1
7505763,0,0,1,1,0,0,124,2,12,1
7506082,0,1,0,1,0,0,124,2,12,1
7506207,1,0,1,0,0,0,124,2,12,1
7506528,1,0,0,1,1,0,124,2,12,1
7506744,0,1,1,0,1,0,124,2,12,1
7509479,1,1,0,0,0,0,124,2,12,1
7511436,0,0,1,0,0,0,124,2,12,1
7512477,0,1,1,0,1,0,124,2,12,1
7513083,1,1,0,0,0,0,124,2,12,1
7513433,0,0,0,0,1,0,124,2,12,1
7513716,0,0,1,1,0,0,124,2,12,1
7515662,1,1,0,0,0,0,124,2,12,1
7517607,0,0,1,1,0,0,124,2,12,1
7518257,1,1,0,0,0,0,124,2,12,1
7518779,1,1,0,0,0,0,124,2,12,1
7518998,1,0,1,0,0,0,124,2,12,1
7519018,1,1,1,1,1,0,124,2,12,1
7519533,0,1,1,0,1,0,124,2,12,1
7520433,0,0,0,0,1,0,124,2,12,1
7520946,1,1,1,1,1,0,124,2,12,1
7521084,0,0,1,1,0,0,124,2,12,1
7521571,1,0,0,1,1,0,124,2,12,1
7522327,0,0,0,0,1,0,124,2,12,1
7522663,0,1,0,1,0,0,124,2,12,1
7524182,0,1,1,0,1,0,124,2,12,1
7524760,1,1,1,1,1,0,124,2,12,1
7528066,1,0,1,0,0,0,124,2,12,1
7528244,0,0,0,0,1,0,124,2,12,1
7528427,0,0,0,0,1,0,124,2,12,1
7528797,0,1,0,1,0,0,124,2,12,1
7528843,0,0,0,0,1,0,124,2,12,1
7531277,0,1,0,1,0,0,124,2,12,1
7533416,0,1,0,1,0,0,124,2,12,1
7534827,0,0,0,0,1,0,124,2,12,1
7535522,1,1,0,0,0,0,124,2,12,1
7535594,0,1,1,0,1,0,124,2,12,1
7535736,1,0,1,0,0,0,124,2,12,1
7536036,1,1,0,0,0,0,124,2,12,1
7537110,1,0,1,0,0,0,93,2,12,1
7538257,1,1,0,1,0,0,93,2,12,1
7540431,0,0,0,0,1,0,93,2,12,1
7541775,0,1,0,1,0,0,93,2,12,1
7543727,0,0,1,1,0,0,93,2,12,1
7544400,0,1,1,0,1,0,93,2,12,1
7544847,1,1,0,0,0,0,93,2,12,1
7546011,0,0,1,1,0,0,93,2,12,1
7546650,0,0,1,1,0,0,93,2,12,1
7548177,0,0,1,1,0,0,93,2,12,1
7548248,0,0,1,1,0,0,93,2,12,1
7548347,1,1,0,0,0,0,93,2,12,1
7550327,0,0,1,1,0,0,93,2,12,1
7550453,1,0,1,0,0,0,93,2,12,1
7550852,0,0,1,1,0,0,93,2,12,1
7551729,0,0,1,1,0,0,93,2,12,1
7551905,1,1,1,1,1,0,93,2,12,1
7554646,0,1,1,0,1,0,93,2,12,1
7556104,1,1,1,1,1,0,93,2,12,1
7556338,0,1,1,0,1,0,93,2,12,1
7557982,1,0,1,0,0,0,93,2,12,1
7560321,1,0,0,1,1,0,93,2,12,1
7560377,1,1,0,0,0,0,93,2,12,1
7560747,1,0,0,1,1,0,93,2,12,1
7560890,0,1,1,0,1,0,93,2,12,1
7562475,1,1,0,0,0,0,93,2,12,1
7563543,0,0,0,0,1,0,93,2,12,1
7568587,1,0,1,0,0,0,93,2,12,1
7569688,1,1,0,0,0,0,93,2,12,1
7569868,1,1,1,1,1,0,93,2,12,1
7570427,0,0,1,1,0,0,93,2,12,1
7571184,0,1,1,0,1,0,93,2,12,1
7571763,1,0,1,0,0,0,93,2,12,1
7573610,0,1,1,0,1,0,93,2,12,1
7573713,0,1,0,1,0,0,93,2,12,1
7573740,0,1,0,1,0,0,93,2,12,1
7573949,1,0,1,1,0,0,93,2,12,1
7574125,0,1,1,0,1,0,93,2,12,1
7574870,1,0,0,1,1,0,93,2,12,1
7575484,1,1,0,0,0,0,93,2,12,1
7577379,0,0,1,1,0,0,93,2,12,1
7578110,0,0,1,1,0,0,93,2,12,1
7579018,1,0,1,0,0,0,93,2,12,1
7579930,0,0,1,1,0,0,93,2,12,1
7579940,0,0,0,0,1,0,93,2,12,1
7580080,0,0,0,0,1,0,93,2,12,1
7582868,1,0,0,1,1,0,93,2,12,1
7585409,1,0,1,0,0,0,93,2,12,1
7586538,0,0,1,1,0,0,93,2,12,1
7586929,0,1,1,0,1,0,93,2,12,1
7588666,1,1,0,0,0,0,93,2,12,1
7589140,1,1,1,1,1,0,93,2,12,1
7590596,0,0,1,1,0,0,93,2,12,1
7590801,1,0,1,0,0,0,93,2,12,1
7591055,0,0,1,1,0,0,93,2,12,1
7591111,1,1,1,1,1,0,93,2,12,1
7591476,0,0,1,1,0,0,93,2,12,1
7594207,1,0,0,1,1,0,93,2,12,1
7594551,0,1,0,1,0,0,93,2,12,1
7595231,0,1,0,1,0,0,93,2,12,1
7596073,0,1,0,1,0,0,93,2,12,1
7596295,1,0,1,0,0,0,93,2,12,1
7598053,1,0,1,0,0,0,93,2,12,1
7598156,1,0,1,0,0,0,93,2,12,1
7598231,0,1,1,0,1,0,93,2,12,1
7598382,0,1,0,1,0,0,93,2,12,1
7599999,1,1,0,0,0,0,93,2,12,1
7600465,1,1,0,0,0,0,93,2,12,1
7601849,1,1,1,1,1,0,93,2,12,1
7602617,1,0,1,0,0,0,138,2,12,1
7602989,1,1,0,0,0,0,138,2,12,1
7604986,0,0,1,1,0,0,138,2,12,1
7606839,0,1,0,1,0,0,138,2,12,1
7607120,0,1,1,0,1,0,138,2,12,1
7609159,0,1,0,1,0,0,138,2,12,1
7610042,0,1,0,1,0,0,138,2,12,1
7610066,0,0,1,1,0,0,138,2,12,1
7611269,1,1,1,1,1,0,138,2,12,1
7611453,1,1,1,1,1,0,138,2,12,1
7612213,0,1,1,0,1,0,138,2,12,1
7612368,0,0,1,1,0,0,138,2,12,1
7612559,1,0,1,1,0,0,138,2,12,1
7613316,0,0,1,1,0,0,138,2,12,1
7616224,0,0,0,0,1,0,138,2,12,1
7616697,0,0,0,0,1,0,138,2,12,1
7617184,1,1,0,0,0,0,138,2,12,1
7617319,1,1,1,1,1,0,138,2,12,1
7617663,1,1,0,0,0,0,138,2,12,1
7620919,0,0,1,1,0,0,138,2,12,1
7621278,0,1,1,0,1,0,138,2,12,1
7623336,1,0,1,0,0,0,138,2,12,1
7624880,1,0,0,1,1,0,138,2,12,1
7626076,0,0,0,0,1,0,138,2,12,1
7626692,0,1,1,0,1,0,138,2,12,1
7627521,1,0,1,0,0,0,138,2,12,1
7627646,0,1,0,1,0,0,138,2,12,1
7627827,0,1,0,1,0,0,138,2,12,1
7629680,1,0,0,1,1,0,138,2,12,1
7630130,1,1,0,0,0,0,138,2,12,1
7630479,1,1,0,0,0,0,138,2,12,1
7632786,0,1,0,1,0,0,138,2,12,1
7634006,0,0,1,1,0,0,138,2,12,1
7634403,1,0,1,0,0,0,138,2,12,1
7635841,0,0,0,0,1,0,138,2,12,1
7638832,0,0,1,1,0,0,138,2,12,1
7641724,0,1,1,0,1,0,138,2,12,1
7641804,0,1,1,0,1,0,138,2,12,1
7642947,0,0,1,1,0,0,138,2,12,1
7643065,0,0,1,1,0,0,138,2,12,1
7643348,1,1,1,1,1,0,138,2,12,1
7644088,0,1,1,0,1,0,138,2,12,1
7646334,1,0,1,0,0,0,138,2,12,1
7646687,1,0,1,0,0,0,138,2,12,1
7647821,0,0,0,0,1,0,138,2,12,1
7647844,1,0,0,1,1,0,138,2,12,1
7648094,0,1,0,1,0,0,138,2,12,1
7648483,1,0,0,1,1,0,138,2,12,1
7648633,1,1,0,0,0,0,138,2,12,1
7649350,0,0,0,0,1,0,138,2,12,1
7651346,0,0,0,1,1,1,138,2,12,1
7652435,1,0,0,1,1,0,138,2,12,1
7652503,0,1,0,1,0,0,138,2,12,1
7652518,1,1,0,0,0,0,138,2,12,1
7654119,1,0,0,1,1,0,138,2,12,1
7654439,1,0,1,0,0,0,138,2,12,1
7655558,1,1,1,1,1,0,138,2,12,1
7656828,0,1,0,1,0,0,138,2,12,1
7658235,1,0,0,1,1,0,138,2,12,1
7658536,1,1,1,1,1,0,138,2,12,1
7660610,0,0,1,1,0,0,138,2,12,1
7662193,0,0,0,0,1,0,138,2,12,1
7662264,1,0,1,0,0,0,138,2,12,1
7662518,1,1,1,1,1,0,138,2,12,1
7663434,0,1,0,1,0,0,138,2,12,1
7663956,1,0,0,1,1,0,138,2,12,1
7666320,1,1,0,0,0,0,138,2,12,1
7668910,1,0,1,0,0,0,116,2,12,0
7670472,1,0,0,1,1,0,116,2,12,0
7670948,0,1,1,0,1,0,116,2,12,0
7672795,0,0,1,1,0,0,116,2,12,0
7673368,1,1,1,1,1,0,116,2,12,0
7673407,0,1,1,0,1,0,116,2,12,0
7673433,0,0,0,0,1,0,116,2,12,0
7673934,1,0,0,1,1,0,116,2,12,0
7675948,0,1,0,1,0,0,116,2,12,0
7676524,1,0,0,1,1,0,116,2,12,0
7677690,1,0,0,1,1,0,116,2,12,0
7678004,0,0,1,1,0,0,116,2,12,0
7678117,1,1,1,1,1,0,116,2,12,0
7678205,0,1,1,0,1,0,116,2,12,0
7678318,0,0,1,1,0,0,116,2,12,0
7678328,0,1,1,0,1,0,116,2,12,0
7678636,1,0,0,1,1,0,116,2,12,0
7678651,0,1,0,1,0,0,116,2,12,0
7679463,0,0,0,0,1,0,116,2,12,0
7682015,1,0,1,0,0,0,116,2,12,0
7682062,1,0,1,0,0,0,116,2,12,0
7682113,1,1,0,0,0,0,116,2,12,0
7683530,0,0,0,0,1,0,116,2,12,0
7684991,1,0,1,0,0,0,116,2,12,0
7685876,1,1,1,1,1,0,116,2,12,0
7685951,0,1,1,0,1,0,116,2,12,0
7686564,1,0,0,1,1,0,116,2,12,0
7687125,0,0,1,1,0,0,116,2,12,0
7687367,1,0,1,0,0,0,116,2,12,0
7687761,0,1,0,1,0,0,116,2,12,0
7688556,0,0,1,1,0,0,116,2,12,0
7688589,1,1,0,0,0,0,116,2,12,0
7689348,1,0,0,1,1,0,116,2,12,0
7691236,1,1,0,0,0,0,116,2,12,0
7691402,0,1,1,0,1,0,116,2,12,0
7691519,0,1,0,1,0,0,116,2,12,0
7691810,1,0,1,0,0,0,116,2,12,0
7692211,1,0,1,0,0,0,116,2,12,0
7692535,0,0,1,1,0,0,116,2,12,0
7692725,0,1,0,1,0,0,116,2,12,0
7693758,0,1,0,1,0,0,116,2,12,0
7694448,0,1,1,0,1,0,116,2,12,0
7694464,0,0,0,0,1,0,116,2,12,0
7694503,0,0,1,1,0,0,116,2,12,0
7694624,0,0,1,1,0,0,116,2,12,0
7694796,1,1,1,1,1,0,116,2,12,0
7695957,0,0,1,1,0,0,116,2,12,0
7695979,1,1,0,0,0,0,116,2,12,0
7696431,0,1,0,1,0,0,116,2,12,0
7696525,1,1,1,1,1,0,116,2,12,0
7697365,0,1,1,0,1,0,116,2,12,0
7697397,1,0,1,0,0,0,116,2,12,0
7697588,0,1,1,0,1,0,116,2,12,0
7697742,0,0,1,1,0,0,116,2,12,0
7698468,0,1,1,0,1,0,116,2,12,0
7699301,1,1,0,0,0,0,116,2,12,0
7699399,1,1,1,1,1,0,116,2,12,0
7702171,1,1,1,1,1,0,116,2,12,0
7702834,0,1,1,0,1,0,116,2,12,0
7704416,0,0,1,1,0,0,116,2,12,0
7704453,0,0,0,0,1,0,116,2,12,0
7704599,0,0,0,0,1,0,116,2,12,0
7704627,0,1,0,1,0,0,116,2,12,0
7704838,1,0,0,1,1,0,116,2,12,0
7704965,1,1,1,1,1,0,116,2,12,0
7705722,0,0,0,0,1,0,116,2,12,0
7706982,0,0,1,1,0,0,116,2,12,0
7707691,0,0,1,1,0,0,116,2,12,0
7708136,1,1,0,0,0,0,116,2,12,0
7708805,0,0,1,1,0,0,116,2,12,0
7708900,1,0,0,1,1,0,116,2,12,0
7708903,0,0,1,1,0,0,116,2,12,0
7709629,0,1,0,1,0,0,116,2,12,0
7710328,0,0,0,0,1,0,116,2,12,0
7710679,0,1,0,1,0,0,116,2,12,0
7710767,0,0,0,0,1,0,116,2,12,0
7711372,0,1,1,0,1,0,116,2,12,0
7712506,0,1,0,1,0,0,116,2,12,0
7712571,0,0,1,1,0,0,116,2,12,0
7713153,0,1,0,1,0,0,116,2,12,0
7714071,1,1,1,1,1,0,116,2,12,0
7714320,1,1,1,0,1,1,116,2,12,0
7714376,1,0,0,1,1,0,116,2,12,0
7716328,1,0,1,0,0,0,116,2,12,0
7716843,0,1,0,1,0,0,116,2,12,0
7717130,0,0,0,0,1,0,116,2,12,0
7717801,1,0,0,1,1,0,116,2,12,0
7717993,0,1,0,1,0,0,116,2,12,0
7718051,1,1,1,1,1,0,116,2,12,0
7718322,1,1,0,0,0,0,116,2,12,0
7719275,1,1,0,0,0,0,116,2,12,0
7719776,0,0,1,1,0,0,116,2,12,0
7721716,1,1,1,1,1,0,116,2,12,0
7721960,1,0,0,1,1,0,116,2,12,0
7723735,0,1,1,0,1,0,116,2,12,0
7724256,0,0,0,0,1,0,116,2,12,0
7724782,0,1,1,0,1,0,116,2,12,0
7725011,0,0,1,1,0,0,116,2,12,0
7725109,1,0,1,0,0,0,116,2,12,0
7725221,1,1,1,1,1,0,116,2,12,0
7727191,1,1,1,1,1,0,116,2,12,0
7728378,0,1,1,0,1,0,116,2,12,0
7728762,1,0,0,1,1,0,116,2,12,0
7729157,1,0,1,0,0,0,116,2,12,0
7730182,0,1,0,1,0,0,116,2,12,0
7731008,0,1,1,0,1,0,116,2,12,0
7731384,1,1,1,1,1,0,116,2,12,0
7731410,1,1,0,0,0,0,116,2,12,0
7731447,0,1,0,1,0,0,116,2,12,0
7732027,1,1,1,1,1,0,116,2,12,0
7732190,0,1,1,0,1,0,116,2,12,0
7732594,0,1,0,1,0,0,116,2,12,0
7733468,1,1,1,1,1,0,139,1,12,0
7734032,1,1,1,1,1,0,139,1,12,0
7734349,0,1,1,0,1,0,139,1,12,0
7735638,1,1,1,1,1,0,139,1,12,0
7736419,1,0,0,1,1,0,139,1,12,0
7736711,1,1,1,1,1,0,139,1,12,0
7737927,1,0,0,1,1,0,139,1,12,0
7738291,1,0,0,1,1,0,139,1,12,0
7738369,0,0,0,0,1,0,139,1,12,0
7739177,1,1,1,0,1,1,139,1,12,0
7741116,0,0,1,1,0,0,139,1,12,0
7741476,0,0,0,0,1,0,139,1,12,0
7741641,0,1,1,0,1,0,139,1,12,0
7741700,0,0,0,0,1,0,139,1,12,0
7742650,0,1,0,1,0,0,139,1,12,0
7743152,0,1,1,0,1,0,139,1,12,0
7743818,1,0,0,1,1,0,139,1,12,0
7744339,1,0,1,0,0,0,139,1,12,0
7744855,1,1,0,0,0,0,139,1,12,0
7745058,1,1,1,1,1,0,139,1,12,0
7745400,0,0,0,0,1,0,139,1,12,0
7745746,1,0,1,0,0,0,139,1,12,0
7746597,1,0,0,1,1,0,139,1,12,0
7746790,0,0,0,0,1,0,139,1,12,0
7746937,1,0,0,1,1,0,139,1,12,0
7748426,1,0,1,0,0,0,139,1,12,0
7748803,0,1,0,1,0,0,139,1,12,0
7749208,1,1,1,1,1,0,139,1,12,0
7749343,0,1,0,1,0,0,139,1,12,0
7749512,0,0,1,1,0,0,139,1,12,0
7749679,0,1,0,1,0,0,139,1,12,0
7750626,1,1,0,0,0,0,139,1,12,0
7750869,0,1,1,0,1,0,139,1,12,0
7751009,0,1,1,0,1,0,139,1,12,0
7751189,0,0,0,0,1,0,139,1,12,0
7751755,0,0,1,1,0,0,139,1,12,0
7751902,1,1,0,0,0,0,139,1,12,0
7752120,1,0,0,0,1,1,139,1,12,0
7752748,0,1,0,1,0,0,139,1,12,0
7752832,0,0,1,1,0,0,139,1,12,0
7754735,1,0,1,0,0,0,139,1,12,0
7755074,0,1,0,1,0,0,139,1,12,0
7756059,0,1,0,1,0,0,139,1,12,0
7756296,1,0,0,1,1,0,139,1,12,0
7756704,1,1,0,0,0,0,139,1,12,0
7757209,0,1,1,0,1,0,139,1,12,0
7757774,0,0,0,0,1,0,139,1,12,0
7758188,1,0,0,1,1,0,139,1,12,0
7758794,1,1,1,1,1,0,139,1,12,0
7759897,1,0,1,0,0,0,139,1,12,0
7759932,1,0,0,1,1,0,139,1,12,0
7760128,1,0,0,1,1,0,139,1,12,0
7760778,1,1,0,0,0,0,139,1,12,0
7762970,1,1,0,0,0,0,139,1,12,0
7763142,1,1,1,1,1,0,139,1,12,0
7763491,1,1,0,0,0,0,139,1,12,0
7763704,1,0,0,1,1,0,139,1,12,0
7764481,0,0,1,1,0,0,139,1,12,0
7764892,1,1,1,1,1,0,139,1,12,0
7764982,0,1,1,0,1,0,139,1,12,0
7765924,0,0,0,0,1,0,139,1,12,0
7766899,1,0,0,1,1,0,139,1,12,0
7767138,0,1,1,0,1,0,139,1,12,0
7767817,1,0,0,1,1,0,139,1,12,0
7768029,1,0,0,1,1,0,139,1,12,0
7768673,0,0,1,1,0,0,139,1,12,0
7769517,0,0,0,0,1,0,139,1,12,0
7769711,1,0,0,1,1,0,139,1,12,0
7769743,1,0,1,0,0,0,139,1,12,0
7772621,0,1,0,1,0,0,139,1,12,0
7773163,1,1,0,0,0,0,139,1,12,0
7773434,0,1,1,0,1,0,139,1,12,0
7773441,0,0,0,0,1,0,139,1,12,0
7773516,1,0,1,0,0,0,139,1,12,0
7774018,0,0,0,0,1,0,139,1,12,0
7774393,0,0,0,0,1,0,139,1,12,0
7774680,1,0,1,0,0,0,139,1,12,0
7774783,0,0,0,0,1,0,139,1,12,0
7774941,1,0,0,1,1,0,139,1,12,0
7775475,0,1,1,0,1,0,139,1,12,0
7775498,0,1,1,0,1,0,139,1,12,0
7775540,0,1,0,1,0,0,139,1,12,0
7776014,1,1,1,1,1,0,139,1,12,0
7776134,0,0,1,1,0,0,139,1,12,0
7776528,0,1,0,1,0,0,139,1,12,0
7779767,0,0,1,1,0,0,139,1,12,0
7779901,1,0,1,0,0,0,139,1,12,0
7780364,0,1,0,1,0,0,139,1,12,0
7781765,0,0,0,0,1,0,139,1,12,0
7782700,1,1,0,0,0,0,139,1,12,0
7782923,0,1,0,1,0,0,139,1,12,0
7783134,1,0,0,1,1,0,139,1,12,0
7783596,1,1,0,0,0,0,139,1,12,0
7784274,1,1,0,0,0,0,139,1,12,0
7784383,0,0,1,1,0,0,139,1,12,0
7784912,0,0,0,0,1,0,139,1,12,0
7785379,0,0,0,0,1,0,139,1,12,0
7785530,0,1,1,0,1,0,139,1,12,0
7785761,1,0,0,1,1,0,139,1,12,0
7786958,0,1,0,1,0,0,139,1,12,0
7786991,1,1,0,0,0,0,139,1,12,0
7787908,0,0,1,1,0,0,139,1,12,0
7787950,0,1,0,1,0,0,139,1,12,0
7788681,0,0,1,1,0,0,139,1,12,0
7788881,1,1,1,1,1,0,139,1,12,0
7789261,1,0,1,0,0,0,139,1,12,0
7789286,0,1,0,1,0,0,139,1,12,0
7789343,0,0,0,0,1,0,139,1,12,0
7789642,0,1,0,1,0,0,139,1,12,0
7789648,0,0,1,1,0,0,139,1,12,0
7790116,1,0,0,1,1,0,139,1,12,0
7790427,0,1,0,1,0,0,139,1,12,0
7790706,0,0,1,1,0,0,139,1,12,0
7791259,0,0,0,0,1,0,139,1,12,0
7791475,0,1,0,1,0,0,139,1,12,0
7792158,1,0,1,0,0,0,139,1,12,0
7792204,0,0,1,1,0,0,139,1,12,0
7792565,0,0,0,0,1,0,139,1,12,0
7793065,0,1,0,1,0,0,139,1,12,0
7794051,1,0,0,1,1,0,139,1,12,0
7794511,1,1,0,0,0,0,139,1,12,0
7796152,0,0,0,0,1,0,139,1,12,0
7796279,0,0,1,1,0,0,139,1,12,0
7797144,0,0,1,1,0,0,139,1,12,0
7797426,0,0,1,1,0,0,139,1,12,0
7798109,1,0,0,1,1,0,139,1,12,0
7799960,0,0,1,1,0,0,144,1,9,0
7800970,1,1,0,0,0,0,144,1,9,0
7801934,1,0,0,1,1,0,144,1,9,0
7802091,0,0,0,0,1,0,144,1,9,0
7803794,0,1,1,0,1,0,144,1,9,0
7804022,0,1,0,1,0,0,144,1,9,0
7804617,0,0,0,0,1,0,144,1,9,0
7805379,0,1,0,1,0,0,144,1,9,0
7806299,0,1,0,1,0,0,144,1,9,0
7807052,0,1,1,0,1,0,144,1,9,0
7807271,0,1,0,1,0,0,144,1,9,0
7807317,0,1,1,0,1,0,144,1,9,0
7807334,1,1,1,1,1,0,144,1,9,0
7807674,1,0,1,0,0,0,144,1,9,0
7807676,1,1,1,1,1,0,144,1,9,0
7808588,1,0,0,1,1,0,144,1,9,0
7809714,0,0,1,1,0,0,144,1,9,0
7809859,1,0,0,1,1,0,144,1,9,0
7810712,0,1,0,1,0,0,144,1,9,0
7811730,0,0,1,1,0,0,144,1,9,0
7815157,1,1,0,0,0,0,144,1,9,0
7815273,1,1,1,1,1,0,144,1,9,0
7815506,1,0,0,1,1,0,144,1,9,0
7816573,1,0,0,1,1,0,144,1,9,0
7817013,1,1,1,1,1,0,144,1,9,0
7817862,1,0,1,0,0,0,144,1,9,0
7818086,1,1,0,0,0,0,144,1,9,0
7818487,0,1,0,1,0,0,144,1,9,0
7819261,0,0,1,1,0,0,144,1,9,0
7819844,0,1,1,0,1,0,144,1,9,0
7820977,0,1,1,0,1,0,144,1,9,0
7821599,0,0,1,1,0,0,144,1,9,0
7822986,1,0,0,1,1,0,144,1,9,0
7823493,0,0,1,1,0,0,144,1,9,0
7823516,0,1,1,0,1,0,144,1,9,0
7824546,0,0,0,0,1,0,144,1,9,0
7824586,1,0,1,0,0,0,144,1,9,0
7825518,1,0,0,1,1,0,144,1,9,0
7826050,0,1,0,1,0,0,144,1,9,0
7827681,0,0,1,1,0,0,144,1,9,0
7827946,1,0,1,0,0,0,144,1,9,0
7828769,1,1,1,1,1,0,144,1,9,0
7829458,0,0,1,1,0,0,144,1,9,0
7829466,1,1,1,1,1,0,144,1,9,0
7830045,1,1,1,1,1,0,144,1,9,0
7830592,1,0,1,0,0,0,144,1,9,0
7831621,1,1,0,0,0,0,144,1,9,0
7831895,0,0,1,1,0,0,144,1,9,0
7832207,1,0,0,1,1,0,144,1,9,0
7833379,0,0,0,0,1,0,144,1,9,0
7835385,1,0,1,0,0,0,144,1,9,0
7835512,1,1,0,0,0,0,144,1,9,0
7836791,1,0,0,1,1,0,144,1,9,0
7836826,1,0,1,0,0,0,144,1,9,0
7836955,0,0,1,1,0,0,144,1,9,0
7837099,0,1,0,1,0,0,144,1,9,0
7837361,1,0,1,0,0,0,144,1,9,0
7837822,1,1,0,0,0,0,144,1,9,0
7839663,1,1,0,0,0,0,144,1,9,0
7840053,1,1,0,0,0,0,144,1,9,0
7840263,0,1,0,1,0,0,144,1,9,0
7840886,0,1,0,1,0,0,144,1,9,0
7841141,1,1,0,0,0,0,144,1,9,0
7841796,0,0,0,0,1,0,144,1,9,0
7842445,1,0,1,1,0,0,144,1,9,0
7844140,1,1,1,1,1,0,144,1,9,0
7846415,1,0,0,1,1,0,144,1,9,0
7847489,0,1,0,1,0,0,144,1,9,0
7848806,1,1,1,1,1,0,144,1,9,0
7849133,1,0,0,1,1,0,144,1,9,0
7849138,1,0,1,0,0,0,144,1,9,0
7849475,1,1,0,0,0,0,144,1,9,0
7850234,0,1,0,1,0,0,144,1,9,0
7850454,0,1,1,0,1,0,144,1,9,0
7850854,0,0,0,0,1,0,144,1,9,0
7851159,0,1,1,0,1,0,144,1,9,0
7851170,0,1,0,1,0,0,144,1,9,0
7851236,1,1,0,0,0,0,144,1,9,0
7851281,1,1,0,0,0,0,144,1,9,0
7851345,0,1,1,0,1,0,144,1,9,0
7852423,1,0,1,0,0,0,144,1,9,0
7852483,0,0,0,0,1,0,144,1,9,0
7853077,0,1,1,0,1,0,144,1,9,0
7853455,1,1,1,1,1,0,144,1,9,0
7853516,1,0,0,1,1,0,144,1,9,0
7853610,0,1,0,1,0,0,144,1,9,0
7853899,0,0,1,1,0,0,144,1,9,0
7854678,0,0,0,0,1,0,144,1,9,0
7855840,0,1,0,1,0,0,144,1,9,0
7856458,1,0,1,0,0,0,144,1,9,0
7856569,1,1,0,0,0,0,144,1,9,0
7856754,1,1,1,1,1,0,144,1,9,0
7857480,0,1,1,1,1,1,144,1,9,0
7857704,0,1,0,1,0,0,144,1,9,0
7858572,1,0,0,1,1,0,144,1,9,0
7860211,0,1,1,0,1,0,144,1,9,0
7860321,0,0,0,0,1,0,144,1,9,0
7860876,1,0,0,1,1,0,144,1,9,0
7860895,0,1,0,1,0,0,144,1,9,0
7861537,1,1,0,0,0,0,144,1,9,0
7862467,1,0,0,1,1,0,144,1,9,0
7862893,1,0,0,1,1,0,144,1,9,0
7862961,1,0,1,0,0,0,144,1,9,0
7864808,1,0,1,0,0,0,134,1,9,0
7868151,1,1,1,1,1,0,134,1,9,0
7868640,1,1,1,1,1,0,134,1,9,0
7869620,1,1,0,0,0,0,134,1,9,0
7869759,0,0,0,0,1,0,134,1,9,0
7869787,1,1,1,1,1,0,134,1,9,0
7870201,1,1,0,0,0,0,134,1,9,0
7870585,0,1,1,1,1,1,134,1,9,0
7871611,1,0,1,0,0,0,134,1,9,0
7871809,1,1,1,1,1,0,134,1,9,0
7871850,0,1,1,0,1,0,134,1,9,0
7873665,1,0,0,1,1,0,134,1,9,0
7875087,1,1,0,0,0,0,134,1,9,0
7876605,0,1,1,0,1,0,134,1,9,0
7877007,0,0,0,0,1,0,134,1,9,0
7877242,0,0,1,1,0,0,134,1,9,0
7877945,0,0,0,0,1,0,134,1,9,0
7878980,0,1,1,0,1,0,134,1,9,0
7879347,1,0,1,0,0,0,134,1,9,0
7879411,0,1,0,1,0,0,134,1,9,0
7880069,0,1,1,0,1,0,134,1,9,0
7880345,1,1,0,0,0,0,134,1,9,0
7880990,1,0,0,1,1,0,134,1,9,0
7881363,0,0,0,1,1,1,134,1,9,0
7882522,1,1,0,0,0,0,134,1,9,0
7885606,1,1,0,0,0,0,134,1,9,0
7885733,0,0,0,0,1,0,134,1,9,0
7888279,0,1,1,0,1,0,134,1,9,0
7889137,0,0,1,1,0,0,134,1,9,0
7889751,1,0,1,0,0,0,134,1,9,0
7891607,0,0,1,1,0,0,134,1,9,0
7894388,1,0,1,0,0,0,134,1,9,0
7894404,1,0,1,0,0,0,134,1,9,0
7895414,0,0,0,0,1,0,134,1,9,0
7895858,0,1,1,0,1,0,134,1,9,0
7895945,1,0,0,1,1,0,134,1,9,0
7896510,0,1,1,0,1,0,134,1,9,0
7896823,1,1,1,1,1,0,134,1,9,0
7896920,0,1,1,0,1,0,134,1,9,0
7897087,0,0,1,1,0,0,134,1,9,0
7898225,0,0,1,1,0,0,134,1,9,0
7899715,0,0,1,1,0,0,134,1,9,0
7899719,0,1,1,1,1,1,134,1,9,0
7900849,1,0,1,0,0,0,134,1,9,0
7903390,1,0,1,0,0,0,134,1,9,0
7903651,1,0,1,0,0,0,134,1,9,0
7904112,1,0,1,0,0,0,134,1,9,0
7905265,0,1,0,1,0,0,134,1,9,0
7905439,0,1,1,0,1,0,134,1,9,0
7905615,0,1,0,1,0,0,134,1,9,0
7905928,0,1,0,1,0,0,134,1,9,0
7906299,0,1,1,0,1,0,134,1,9,0
7907342,1,1,0,0,0,0,134,1,9,0
7907491,1,1,0,0,0,0,134,1,9,0
7908288,0,1,1,0,1,0,134,1,9,0
7908943,0,0,0,0,1,0,134,1,9,0
7908963,1,1,1,1,1,0,134,1,9,0
7909351,1,1,0,0,0,0,134,1,9,0
7909594,0,1,1,0,1,0,134,1,9,0
7909944,0,0,0,0,1,0,134,1,9,0
7909945,1,0,0,1,1,0,134,1,9,0
7910685,0,1,0,1,0,0,134,1,9,0
7910838,1,1,1,1,1,0,134,1,9,0
7910905,1,0,0,1,1,0,134,1,9,0
7911374,1,0,0,1,1,0,134,1,9,0
7912424,0,1,0,1,0,0,134,1,9,0
7913091,0,0,0,0,1,0,134,1,9,0
7913144,0,0,1,1,0,0,134,1,9,0
7913745,0,1,0,1,0,0,134,1,9,0
7914105,0,0,1,1,0,0,134,1,9,0
7914648,0,1,0,1,0,0,134,1,9,0
7916412,0,1,1,0,1,0,134,1,9,0
7917247,0,0,0,0,1,0,134,1,9,0
7918338,1,0,0,1,1,0,134,1,9,0
7919305,0,1,1,0,1,0,134,1,9,0
7920878,0,1,1,1,1,1,134,1,9,0
7921098,0,0,1,1,0,0,134,1,9,0
7921765,0,0,0,0,1,0,134,1,9,0
7923032,1,1,1,1,1,0,134,1,9,0
7923588,0,0,1,1,0,0,134,1,9,0
7923696,1,0,0,1,1,0,134,1,9,0
7924445,1,1,0,0,0,0,134,1,9,0
7924448,1,0,0,1,1,0,134,1,9,0
7925142,0,0,0,0,1,0,134,1,9,0
7925698,1,1,1,0,1,1,134,1,9,0
7928290,0,0,0,0,1,0,134,1,9,0
7928563,0,1,1,0,1,0,134,1,9,0
7930000,1,1,0,0,0,0,115,2,9,0
7933802,0,1,0,1,0,0,115,2,9,0
7936590,0,0,1,1,0,0,115,2,9,0
7938608,0,1,1,0,1,0,115,2,9,0
7938697,0,0,1,1,0,0,115,2,9,0
7939092,1,1,0,0,0,0,115,2,9,0
7940071,0,0,1,1,0,0,115,2,9,0
7940965,0,0,0,0,1,0,115,2,9,0
7941431,1,0,1,0,0,0,115,2,9,0
7942219,0,1,0,1,0,0,115,2,9,0
7943971,0,0,0,0,1,0,115,2,9,0
7943997,0,0,0,0,1,0,115,2,9,0
7943999,1,1,0,0,0,0,115,2,9,0
7944600,0,1,0,0,0,0,115,2,9,0
7945455,1,0,1,0,0,0,115,2,9,0
7945637,1,1,1,1,1,0,115,2,9,0
7946286,1,0,1,0,0,0,115,2,9,0
7946486,0,0,0,0,1,0,115,2,9,0
7947609,1,1,0,0,0,0,115,2,9,0
7948769,0,1,0,1,0,0,115,2,9,0
7949529,1,0,0,1,1,0,115,2,9,0
7949559,0,1,0,1,0,0,115,2,9,0
7949762,1,0,0,1,1,0,115,2,9,0
7950037,1,0,0,1,1,0,115,2,9,0
7951650,0,1,1,0,1,0,115,2,9,0
7956329,1,0,1,0,0,0,115,2,9,0
7957479,0,1,1,0,1,0,115,2,9,0
7957608,0,1,1,0,1,0,115,2,9,0
7959287,1,1,1,1,1,0,115,2,9,0
7959297,0,1,1,0,1,0,115,2,9,0
7960700,1,0,1,0,0,0,115,2,9,0
7960897,0,1,1,0,1,0,115,2,9,0
7961187,1,0,1,0,0,0,115,2,9,0
7963986,1,0,1,0,0,0,115,2,9,0
7964527,1,0,0,1,1,0,115,2,9,0
7965211,0,1,1,0,1,0,115,2,9,0
7965783,1,1,1,1,1,0,115,2,9,0
7966820,1,0,1,0,0,0,115,2,9,0
7967566,1,1,1,1,1,0,115,2,9,0
7968437,0,0,0,0,1,0,115,2,9,0
7969059,1,0,1,0,0,0,115,2,9,0
7969430,0,0,1,1,0,0,115,2,9,0
7969591,1,0,1,1,0,0,115,2,9,0
7970250,1,0,0,1,1,0,115,2,9,0
7970349,0,0,0,0,1,0,115,2,9,0
7970810,0,1,0,1,0,0,115,2,9,0
7971434,0,1,1,0,1,0,115,2,9,0
7973001,1,1,1,1,1,0,115,2,9,0
7973502,1,0,1,0,0,0,115,2,9,0
7976102,1,0,1,1,0,0,115,2,9,0
7977852,1,1,0,0,0,0,115,2,9,0
7978078,1,0,0,1,1,0,115,2,9,0
7978624,1,0,1,0,0,0,115,2,9,0
7979537,1,0,1,0,0,0,115,2,9,0
7979784,1,0,0,1,1,0,115,2,9,0
7980456,1,0,0,1,1,0,115,2,9,0
7981481,0,0,1,1,0,0,115,2,9,0
7981943,1,0,1,0,0,0,115,2,9,0
7982545,1,1,0,0,0,0,115,2,9,0
7984415,1,1,0,0,0,0,115,2,9,0
7985240,1,1,1,1,1,0,115,2,9,0
7985378,1,1,1,1,1,0,115,2,9,0
7985420,1,1,1,1,1,0,115,2,9,0
7987361,1,1,0,0,0,0,115,2,9,0
7987477,1,1,1,1,1,0,115,2,9,0
7987951,0,0,0,0,1,0,115,2,9,0
7988031,1,1,0,0,0,0,115,2,9,0
7988065,1,0,0,1,1,0,115,2,9,0
7988182,1,0,1,0,0,0,115,2,9,0
7990330,0,1,0,1,0,0,115,2,9,0
7990450,0,1,1,0,1,0,115,2,9,0
7990606,1,0,0,1,1,0,115,2,9,0
7990997,0,0,1,1,0,0,115,2,9,0
7990999,1,0,0,1,1,0,115,2,9,0
7991021,1,1,0,0,0,0,115,2,9,0
7991917,1,1,1,1,1,0,115,2,9,0
7992246,1,1,1,1,1,0,115,2,9,0
7992898,0,0,0,0,1,0,115,2,9,0
7994389,0,1,1,0,1,0,115,2,9,0
7995483,0,1,0,1,0,0,116,2,12,0
7995892,0,0,0,0,1,0,116,2,12,0
7995999,0,0,1,1,0,0,116,2,12,0
7997214,0,0,1,1,0,0,116,2,12,0
7997812,0,1,0,1,0,0,116,2,12,0
7998260,1,0,0,1,1,0,116,2,12,0
7998468,0,0,1,1,0,0,116,2,12,0
7999485,0,0,0,0,1,0,116,2,12,0
8000649,1,1,0,0,0,0,116,2,12,0
8002531,1,1,0,0,0,0,116,2,12,0
8002588,0,0,1,1,0,0,116,2,12,0
8003176,0,1,0,1,0,0,116,2,12,0
8003357,0,0,0,0,1,0,116,2,12,0
8003812,1,1,0,0,0,0,116,2,12,0
8003842,1,1,0,0,0,0,116,2,12,0
8004445,1,0,0,1,1,0,116,2,12,0
8004612,1,0,1,0,0,0,116,2,12,0
8004711,1,0,1,0,0,0,116,2,12,0
8004742,1,0,1,0,0,0,116,2,12,0
8004795,0,0,1,0,0,0,116,2,12,0
8005080,1,0,1,0,0,0,116,2,12,0
8005148,1,0,1,0,0,0,116,2,12,0
8005778,0,1,0,1,0,0,116,2,12,0
8008438,0,0,0,0,1,0,116,2,12,0
8008939,1,1,1,1,1,0,116,2,12,0
8009560,1,0,1,0,0,0,116,2,12,0
8009647,1,0,1,0,0,0,116,2,12,0
8010354,1,1,0,0,0,0,116,2,12,0
8012069,1,0,1,0,0,0,116,2,12,0
8012364,0,0,0,0,1,0,116,2,12,0
8013275,1,1,1,0,1,1,116,2,12,0
8013637,0,1,0,1,0,0,116,2,12,0
8013952,0,1,0,1,0,0,116,2,12,0
8014361,1,0,1,0,0,0,116,2,12,0
8014477,1,0,1,0,0,0,116,2,12,0
8014913,0,0,1,1,0,0,116,2,12,0
8015323,0,0,1,1,0,0,116,2,12,0
8016708,0,0,0,0,1,0,116,2,12,0
8017782,1,0,1,0,0,0,116,2,12,0
8018686,0,0,0,0,1,0,116,2,12,0
8019078,0,1,1,0,1,0,116,2,12,0
8019333,0,1,1,0,1,0,116,2,12,0
8019552,0,1,1,0,1,0,116,2,12,0
8019648,0,0,1,1,0,0,116,2,12,0
8019950,1,0,0,1,1,0,116,2,12,0
8020189,0,1,1,0,1,0,116,2,12,0
8021112,1,0,0,1,1,0,116,2,12,0
8021328,0,1,1,1,1,1,116,2,12,0
8021554,1,0,1,0,0,0,116,2,12,0
8021849,0,1,0,1,0,0,116,2,12,0
8022563,0,1,0,1,0,0,116,2,12,0
8023194,0,1,0,1,0,0,116,2,12,0
8024437,0,1,0,1,0,0,116,2,12,0
8026268,0,0,0,0,1,0,116,2,12,0
8027513,1,1,1,1,1,0,116,2,12,0
8028189,1,1,0,0,0,0,116,2,12,0
8028714,0,0,0,0,1,0,116,2,12,0
8028908,0,1,1,0,1,0,116,2,12,0
8029827,1,0,0,0,1,1,116,2,12,0
8030222,0,1,0,1,0,0,116,2,12,0
8030657,0,1,1,0,1,0,116,2,12,0
8030841,0,0,0,0,1,0,116,2,12,0
8031033,0,0,0,0,1,0,116,2,12,0
8031232,1,1,1,1,1,0,116,2,12,0
8031995,0,1,1,0,1,0,116,2,12,0
8032249,1,1,1,1,1,0,116,2,12,0
8032425,0,0,1,1,0,0,116,2,12,0
8033613,1,1,1,1,1,0,116,2,12,0
8033880,0,1,0,1,0,0,116,2,12,0
8034230,0,0,0,0,1,0,116,2,12,0
8034628,0,0,0,0,1,0,116,2,12,0
8034927,1,0,0,1,1,0,116,2,12,0
8037426,1,1,0,0,0,0,116,2,12,0
8037713,1,1,1,1,1,0,116,2,12,0
8038273,1,0,1,0,0,0,116,2,12,0
8038753,1,1,0,0,0,0,116,2,12,0
8039236,0,0,1,1,0,0,116,2,12,0
8039244,0,1,0,1,0,0,116,2,12,0
8039410,0,0,1,1,0,0,116,2,12,0
8039604,0,1,1,1,1,1,116,2,12,0
8040139,0,0,0,0,1,0,116,2,12,0
8041027,1,1,0,0,0,0,116,2,12,0
8041327,0,0,1,1,0,0,116,2,12,0
8041371,0,0,1,1,0,0,116,2,12,0
8043818,0,1,0,1,0,0,116,2,12,0
8045049,1,1,0,0,0,0,116,2,12,0
8045713,0,1,1,0,1,0,116,2,12,0
8046059,0,0,0,0,1,0,116,2,12,0
8046775,0,1,1,0,1,0,116,2,12,0
8046857,1,0,1,0,0,0,116,2,12,0
8046946,1,0,0,1,1,0,116,2,12,0
8047127,1,1,1,1,1,0,116,2,12,0
8047477,1,0,0,1,1,0,116,2,12,0
8048205,1,0,1,0,0,0,116,2,12,0
8048554,0,0,0,0,1,0,116,2,12,0
8049166,0,0,0,0,1,0,116,2,12,0
8049438,0,1,1,0,1,0,116,2,12,0
8050406,0,1,0,1,0,0,116,2,12,0
8050569,0,0,1,1,0,0,116,2,12,0
8051595,1,0,0,1,1,0,116,2,12,0
8051814,1,1,0,0,0,0,116,2,12,0
8051898,0,0,1,1,0,0,116,2,12,0
8052047,1,0,1,0,0,0,116,2,12,0
8052279,1,1,0,0,0,0,116,2,12,0
8052435,0,1,1,0,1,0,116,2,12,0
8053857,1,0,0,1,1,0,116,2,12,0
8054156,1,1,1,1,1,0,116,2,12,0
8056759,0,0,1,1,0,0,116,2,12,0
8056828,0,1,0,1,0,0,116,2,12,0
8057267,1,0,1,0,0,0,116,2,12,0
8057333,0,1,1,0,1,0,116,2,12,0
8057579,0,1,0,1,0,0,116,2,12,0
8057831,0,1,1,0,1,0,116,2,12,0
8058968,0,0,0,0,1,0,116,2,12,0
8058993,0,0,0,0,1,0,116,2,12,0
8059782,0,1,0,1,0,0,116,2,12,0
8060236,1,0,0,1,1,0,116,2,12,0
8061100,1,1,0,0,0,0,155,2,12,0
8061198,0,0,1,1,0,0,155,2,12,0
8061810,1,0,1,0,0,0,155,2,12,0
8062000,0,1,1,0,1,0,155,2,12,0
8062783,0,1,1,0,1,0,155,2,12,0
8062991,0,1,0,1,0,0,155,2,12,0
8063077,1,1,1,1,1,0,155,2,12,0
8063517,0,0,0,1,1,1,155,2,12,0
8063964,0,1,1,0,1,0,155,2,12,0
8064698,0,0,0,0,1,0,155,2,12,0
8064854,0,0,0,0,1,0,155,2,12,0
8065037,1,1,1,1,1,0,155,2,12,0
8066161,0,0,1,1,0,0,155,2,12,0
8066193,0,0,1,1,0,0,155,2,12,0
8066219,1,1,0,0,0,0,155,2,12,0
8066743,0,0,1,1,0,0,155,2,12,0
8067831,0,0,1,1,0,0,155,2,12,0
8069039,0,0,1,1,0,0,155,2,12,0
8070692,0,0,0,0,1,0,155,2,12,0
8071102,0,1,1,0,1,0,155,2,12,0
8071483,0,0,0,0,1,0,155,2,12,0
8071927,0,1,0,1,0,0,155,2,12,0
8073615,0,1,1,0,1,0,155,2,12,0
8073928,0,0,1,1,0,0,155,2,12,0
8074402,0,0,1,1,0,0,155,2,12,0
8074976,1,1,0,0,0,0,155,2,12,0
8078311,1,0,1,0,0,0,155,2,12,0
8078445,1,0,0,1,1,0,155,2,12,0
8079080,1,1,0,0,0,0,155,2,12,0
8079219,1,1,1,1,1,0,155,2,12,0
8079296,0,0,0,0,1,0,155,2,12,0
8080006,1,1,0,0,0,0,155,2,12,0
8081137,0,1,0,1,0,0,155,2,12,0
8082286,0,1,1,0,1,0,155,2,12,0
8083016,0,1,1,0,1,0,155,2,12,0
8083378,0,0,0,0,1,0,155,2,12,0
8083835,1,1,0,0,0,0,155,2,12,0
8084255,1,0,1,0,0,0,155,2,12,0
8084348,1,0,1,0,0,0,155,2,12,0
8085018,0,0,0,1,1,1,155,2,12,0
8085289,0,1,0,1,0,0,155,2,12,0
8087201,1,0,0,1,1,0,155,2,12,0
8087224,0,0,1,1,0,0,155,2,12,0
8087699,1,0,1,0,0,0,155,2,12,0
8087983,1,0,1,0,0,0,155,2,12,0
8088979,1,1,1,1,1,0,155,2,12,0
8089566,1,0,0,1,1,0,155,2,12,0
8089580,1,0,0,1,1,0,155,2,12,0
8089616,1,0,1,0,0,0,155,2,12,0
8090182,0,0,0,0,1,0,155,2,12,0
8090509,0,0,1,1,0,0,155,2,12,0
8090721,1,1,0,0,0,0,155,2,12,0
8091216,1,0,0,1,1,0,155,2,12,0
8091404,0,1,0,1,0,0,155,2,12,0
8091490,0,1,0,1,0,0,155,2,12,0
8091707,0,1,1,0,1,0,155,2,12,0
8091805,0,1,1,0,1,0,155,2,12,0
8091916,1,0,1,0,0,0,155,2,12,0
8092158,1,0,1,0,0,0,155,2,12,0
8092693,1,0,0,1,1,0,155,2,12,0
8093488,1,1,1,1,1,0,155,2,12,0
8093992,0,0,0,1,1,1,155,2,12,0
8094503,1,1,0,0,0,0,155,2,12,0
8094511,0,0,0,1,1,1,155,2,12,0
8094745,1,1,0,0,0,0,155,2,12,0
8096323,0,0,1,1,0,0,155,2,12,0
8096750,1,0,0,1,1,0,155,2,12,0
8097293,1,0,1,0,0,0,155,2,12,0
8097324,0,0,0,0,1,0,155,2,12,0
8097373,0,0,0,0,1,0,155,2,12,0
8097578,1,1,0,0,0,0,155,2,12,0
8097907,1,1,0,0,0,0,155,2,12,0
8098153,1,1,0,0,0,0,155,2,12,0
8098270,0,1,0,1,0,0,155,2,12,0
8098627,0,1,0,1,0,0,155,2,12,0
8099124,0,1,1,0,1,0,155,2,12,0
8099730,0,0,1,1,0,0,155,2,12,0
8101551,0,0,0,0,1,0,155,2,12,0
8101824,1,0,0,1,1,0,155,2,12,0
8102103,1,0,1,0,0,0,155,2,12,0
8103673,1,0,1,0,0,0,155,2,12,0
8103837,1,1,0,0,0,0,155,2,12,0
8104146,1,0,0,1,1,0,155,2,12,0
8105414,0,0,1,1,0,0,155,2,12,0
8105486,0,1,0,1,0,0,155,2,12,0
8106139,1,0,1,0,0,0,155,2,12,0
8106245,0,0,0,0,1,0,155,2,12,0
8106807,0,0,0,0,1,0,155,2,12,0
8107074,0,0,1,1,0,0,155,2,12,0
8107627,1,1,0,0,0,0,155,2,12,0
8107645,1,0,1,0,0,0,155,2,12,0
8107975,1,0,1,0,0,0,155,2,12,0
8108125,1,0,0,1,1,0,155,2,12,0
8108158,1,0,1,0,0,0,155,2,12,0
8108194,1,0,0,1,1,0,155,2,12,0
8108363,0,1,1,0,1,0,155,2,12,0
8108666,0,0,1,1,0,0,155,2,12,0
8108896,1,0,0,1,1,0,155,2,12,0
8109000,0,0,0,0,1,0,155,2,12,0
8109317,0,1,0,1,0,0,155,2,12,0
8109649,1,0,1,0,0,0,155,2,12,0
8110333,0,0,0,0,1,0,155,2,12,0
8110476,1,0,0,1,1,0,155,2,12,0
8110530,0,1,1,0,1,0,155,2,12,0
8110679,0,1,0,1,0,0,155,2,12,0
8111379,0,0,0,0,1,0,155,2,12,0
8112334,0,1,0,1,0,0,155,2,12,0
8112554,1,0,0,1,1,0,155,2,12,0
8113256,1,1,1,1,1,0,155,2,12,0
8114481,0,0,0,0,1,0,155,2,12,0
8114718,0,0,0,0,1,0,155,2,12,0
8115185,0,0,1,1,0,0,155,2,12,0
8115213,0,1,0,1,0,0,155,2,12,0
8115221,1,1,1,1,1,0,155,2,12,0
8115832,0,1,1,0,1,0,155,2,12,0
8116134,0,1,1,0,1,0,155,2,12,0
8116943,1,1,1,1,1,0,155,2,12,0
8117218,0,0,0,0,1,0,155,2,12,0
8117803,0,0,1,1,0,0,155,2,12,0
8117932,1,1,1,1,1,0,155,2,12,0
8119139,0,1,1,0,1,0,155,2,12,0
8119620,1,1,1,1,1,0,155,2,12,0
8120061,1,0,1,0,0,0,155,2,12,0
8120401,0,1,0,1,0,0,155,2,12,0
8120877,1,0,0,1,1,0,155,2,12,0
8121210,0,1,0,1,0,0,155,2,12,0
8121364,0,1,1,0,1,0,155,2,12,0
8122306,1,0,1,0,0,0,155,2,12,0
8122310,1,0,0,1,1,0,155,2,12,0
8122965,1,1,0,0,0,0,155,2,12,0
8124353,1,1,1,1,1,0,155,2,12,0
8124870,0,1,0,1,0,0,155,2,12,0
8125141,0,0,1,1,0,0,155,2,12,0
8125341,1,1,1,1,1,0,155,2,12,0
8125888,0,0,0,0,1,0,155,2,12,0
8126076,1,1,1,1,1,0,155,2,12,0
8127151,0,1,0,1,0,0,105,2,12,0
8128033,0,0,0,0,1,0,105,2,12,0
8128694,1,1,0,0,0,0,105,2,12,0
8128837,0,1,0,1,0,0,105,2,12,0
8130865,0,1,1,0,1,0,105,2,12,0
8131652,0,0,1,1,0,0,105,2,12,0
8131756,0,0,1,1,0,0,105,2,12,0
8133489,1,1,0,0,0,0,105,2,12,0
8134197,0,1,1,0,1,0,105,2,12,0
8135033,0,1,0,1,0,0,105,2,12,0
8135234,1,1,1,1,1,0,105,2,12,0
8135281,0,1,1,0,1,0,105,2,12,0
8135499,0,1,0,1,0,0,105,2,12,0
8136278,0,0,0,0,1,0,105,2,12,0
8136350,1,1,0,0,0,0,105,2,12,0
8137326,0,1,1,0,1,0,105,2,12,0
8137475,0,1,0,1,0,0,105,2,12,0
8137810,1,0,1,0,0,0,105,2,12,0
8138098,0,0,0,0,1,0,105,2,12,0
8138600,0,1,0,1,0,0,105,2,12,0
8141484,0,1,0,1,0,0,105,2,12,0
8141582,1,1,0,0,0,0,105,2,12,0
8141740,0,1,0,1,0,0,105,2,12,0
8142168,1,1,1,1,1,0,105,2,12,0
8142182,0,1,0,0,0,0,105,2,12,0
8143191,1,0,0,1,1,0,105,2,12,0
8143716,1,1,0,0,0,0,105,2,12,0
8143784,1,1,1,1,1,0,105,2,12,0
8144282,0,0,0,0,1,0,105,2,12,0
8144691,0,1,1,0,1,0,105,2,12,0
8145803,1,1,1,1,1,0,105,2,12,0
8146299,1,1,1,1,1,0,105,2,12,0
8147211,0,1,0,1,0,0,105,2,12,0
8151761,1,0,0,1,1,0,105,2,12,0
8152181,1,1,1,1,1,0,105,2,12,0
8152441,1,0,1,0,0,0,105,2,12,0
8153294,0,0,0,1,1,1,105,2,12,0
8153337,0,1,1,0,1,0,105,2,12,0
8154769,0,0,1,1,0,0,105,2,12,0
8155074,0,1,1,0,1,0,105,2,12,0
8155167,0,1,1,0,1,0,105,2,12,0
8155186,1,0,0,1,1,0,105,2,12,0
8155339,1,0,1,0,0,0,105,2,12,0
8156025,1,1,0,0,0,0,105,2,12,0
8156268,1,0,0,1,1,0,105,2,12,0
8156341,0,0,0,0,1,0,105,2,12,0
8157718,0,0,1,1,0,0,105,2,12,0
8157939,0,0,0,0,1,0,105,2,12,0
8158001,0,1,1,0,1,0,105,2,12,0
8158074,1,1,1,1,1,0,105,2,12,0
8158643,1,0,0,1,1,0,105,2,12,0
8158672,1,1,0,0,0,0,105,2,12,0
8158740,0,1,0,1,0,0,105,2,12,0
8158949,0,0,0,0,1,0,105,2,12,0
8160456,0,1,1,0,1,0,105,2,12,0
8160884,1,1,1,1,1,0,105,2,12,0
8161351,0,0,0,0,1,0,105,2,12,0
8162881,0,1,0,1,0,0,105,2,12,0
8163911,1,1,0,0,0,0,105,2,12,0
8167789,0,0,0,0,1,0,105,2,12,0
8168104,1,1,1,1,1,0,105,2,12,0
8169251,0,0,0,0,1,0,105,2,12,0
8170040,1,0,1,0,0,0,105,2,12,0
8170796,0,0,0,0,1,0,105,2,12,0
8171434,1,0,0,0,1,1,105,2,12,0
8171727,0,0,0,0,1,0,105,2,12,0
8172344,1,0,0,1,1,0,105,2,12,0
8173009,0,1,1,0,1,0,105,2,12,0
8173725,0,1,0,1,0,0,105,2,12,0
8174079,0,1,0,1,0,0,105,2,12,0
8175956,0,1,1,0,1,0,105,2,12,0
8176531,1,1,0,0,0,0,105,2,12,0
8176926,0,0,1,1,0,0,105,2,12,0
8178775,0,1,0,1,0,0,105,2,12,0
8178975,1,1,0,0,0,0,105,2,12,0
8180697,1,0,1,0,0,0,105,2,12,0
8181052,0,1,1,0,1,0,105,2,12,0
8181058,1,1,0,0,0,0,105,2,12,0
8181172,0,0,0,0,1,0,105,2,12,0
8182226,1,1,0,0,0,0,105,2,12,0
8183854,0,0,0,0,1,0,105,2,12,0
8183931,1,1,1,1,1,0,105,2,12,0
8186291,0,0,0,0,1,0,105,2,12,0
8186799,0,0,0,0,1,0,105,2,12,0
8188320,0,0,0,0,1,0,105,2,12,0
8188703,0,0,1,1,0,0,105,2,12,0
8189471,1,0,0,1,1,0,105,2,12,0
8190078,1,1,1,1,1,0,105,2,12,0
8190488,1,1,1,1,1,0,105,2,12,0
8191699,0,1,0,1,0,0,105,2,12,0
8198393,1,1,1,1,1,0,103,1,12,2
8233728,0,1,1,0,1,0,103,1,12,2
8257679,1,1,1,1,1,0,140,1,12,0
8257739,0,1,1,0,1,0,140,1,12,0
8257821,1,0,0,1,1,0,140,1,12,0
8258347,0,1,1,0,1,0,140,1,12,0
8261448,1,0,1,0,0,0,140,1,12,0
8261702,0,0,0,0,1,0,140,1,12,0
8261874,1,0,1,0,0,0,140,1,12,0
8261981,1,0,1,0,0,0,140,1,12,0
8262141,1,0,0,1,1,0,140,1,12,0
8262474,1,0,1,0,0,0,140,1,12,0
8262535,0,0,1,1,0,0,140,1,12,0
8263035,1,0,0,1,1,0,140,1,12,0
8263230,0,0,1,1,0,0,140,1,12,0
8264584,1,0,1,0,0,0,140,1,12,0
8264620,0,1,0,1,0,0,140,1,12,0
8265315,1,1,1,1,1,0,140,1,12,0
8265478,1,1,0,0,0,0,140,1,12,0
8265916,1,0,0,1,1,0,140,1,12,0
8267099,0,1,1,0,1,0,140,1,12,0
8267383,1,0,0,1,1,0,140,1,12,0
8267899,1,1,1,1,1,0,140,1,12,0
8267985,1,0,1,0,0,0,140,1,12,0
8268020,0,0,0,0,1,0,140,1,12,0
8268073,0,1,1,0,1,0,140,1,12,0
8269551,1,0,1,0,0,0,140,1,12,0
8270058,1,0,0,1,1,0,140,1,12,0
8270254,0,1,1,0,1,0,140,1,12,0
8271161,1,0,0,1,1,0,140,1,12,0
8271873,0,0,0,0,1,0,140,1,12,0
8273322,1,1,0,0,0,0,140,1,12,0
8273623,0,0,1,1,0,0,140,1,12,0
8274007,0,0,1,1,0,0,140,1,12,0
8274542,0,1,1,0,1,0,140,1,12,0
8275677,1,1,0,0,0,0,140,1,12,0
8276128,1,0,1,0,0,0,140,1,12,0
8276901,1,1,0,0,0,0,140,1,12,0
8278237,0,1,0,1,0,0,140,1,12,0
8278715,1,1,0,0,0,0,140,1,12,0
8278787,0,1,0,1,0,0,140,1,12,0
8280326,1,0,0,1,1,0,140,1,12,0
8280889,1,1,1,1,1,0,140,1,12,0
8281202,1,0,1,0,0,0,140,1,12,0
8282307,0,1,1,0,1,0,140,1,12,0
8283085,1,1,1,1,1,0,140,1,12,0
8284247,1,0,0,1,1,0,140,1,12,0
8284495,0,0,1,1,0,0,140,1,12,0
8284665,0,1,1,0,1,0,140,1,12,0
8284851,1,1,1,1,1,0,140,1,12,0
8286280,1,0,1,0,0,0,140,1,12,0
8287184,1,1,1,1,1,0,140,1,12,0
8287645,1,0,1,0,0,0,140,1,12,0
8287875,1,1,0,0,0,0,140,1,12,0
8289390,0,0,1,1,0,0,140,1,12,0
8290595,1,1,1,1,1,0,140,1,12,0
8290850,0,1,1,0,1,0,140,1,12,0
8291086,1,1,1,1,1,0,140,1,12,0
8291875,0,1,0,1,0,0,140,1,12,0
8292019,1,0,0,1,1,0,140,1,12,0
8292894,0,1,0,1,0,0,140,1,12,0
8293064,0,0,0,0,1,0,140,1,12,0
8293628,0,0,1,1,0,0,140,1,12,0
8293767,1,0,1,0,0,0,140,1,12,0
8294219,0,0,0,0,1,0,140,1,12,0
8294954,0,1,1,0,1,0,140,1,12,0
8295008,0,1,0,1,0,0,140,1,12,0
8296494,0,0,0,0,1,0,140,1,12,0
8297973,1,0,0,1,1,0,140,1,12,0
8298091,0,1,1,0,1,0,140,1,12,0
8298580,1,1,0,0,0,0,140,1,12,0
8298721,0,0,0,0,1,0,140,1,12,0
8298755,0,0,1,1,0,0,140,1,12,0
8299415,1,1,0,0,0,0,140,1,12,0
8299646,0,0,1,1,0,0,140,1,12,0
8300324,1,0,1,0,0,0,140,1,12,0
8301894,1,1,1,1,1,0,140,1,12,0
8302001,1,1,1,1,1,0,140,1,12,0
8302243,0,1,0,1,0,0,140,1,12,0
8302329,0,1,1,0,1,0,140,1,12,0
8302671,1,1,1,1,1,0,140,1,12,0
8303085,1,0,1,0,0,0,140,1,12,0
8303884,0,0,0,0,1,0,140,1,12,0
8305890,1,0,1,0,0,0,140,1,12,0
8306310,0,0,0,0,1,0,140,1,12,0
8306700,1,0,1,0,0,0,140,1,12,0
8306726,1,0,0,1,1,0,140,1,12,0
8308484,1,0,0,1,1,0,140,1,12,0
8308693,1,1,0,0,0,0,140,1,12,0
8309899,0,0,1,1,0,0,140,1,12,0
8310084,1,0,0,1,1,0,140,1,12,0
8310228,1,1,1,1,1,0,140,1,12,0
8310254,0,0,0,0,1,0,140,1,12,0
8310507,1,1,0,0,0,0,140,1,12,0
8311052,0,0,1,1,0,0,140,1,12,0
8311064,1,1,0,0,0,0,140,1,12,0
8311332,0,1,1,1,1,1,140,1,12,0
8311723,1,0,1,0,0,0,140,1,12,0
8311952,1,0,0,1,1,0,140,1,12,0
8312348,0,1,0,1,0,0,140,1,12,0
8312547,0,0,1,1,0,0,140,1,12,0
8313365,0,1,0,1,0,0,140,1,12,0
8313445,0,0,0,0,1,0,140,1,12,0
8314317,0,1,0,1,0,0,140,1,12,0
8314631,1,0,1,1,0,0,140,1,12,0
8315559,1,1,0,0,0,0,140,1,12,0
8315932,1,0,1,0,0,0,140,1,12,0
8316413,1,1,1,1,1,0,140,1,12,0
8317131,0,0,1,1,0,0,140,1,12,0
8317528,0,0,1,1,0,0,140,1,12,0
8318540,0,1,0,1,0,0,140,1,12,0
8318825,1,0,1,0,0,0,140,1,12,0
8319080,1,1,0,0,0,0,140,1,12,0
8319317,0,1,1,0,1,0,140,1,12,0
8319501,0,1,1,0,1,0,140,1,12,0
8321471,0,1,0,1,0,0,140,1,12,0
8322366,1,1,1,1,1,0,140,1,12,0
8323431,0,1,0,1,0,0,132,1,9,0
8323552,1,0,1,0,0,0,132,1,9,0
8323626,0,0,0,0,1,0,132,1,9,0
8323784,1,1,1,1,1,0,132,1,9,0
8325227,1,0,0,1,1,0,132,1,9,0
8325404,1,1,1,1,1,0,132,1,9,0
8325630,1,1,0,0,0,0,132,1,9,0
8326454,1,0,0,1,1,0,132,1,9,0
8326682,0,1,0,1,0,0,132,1,9,0
8329098,1,0,1,0,0,0,132,1,9,0
8329558,1,0,0,1,1,0,132,1,9,0
8330825,0,1,1,0,1,0,132,1,9,0
8331080,1,0,0,1,1,0,132,1,9,0
8331170,1,0,0,1,1,0,132,1,9,0
8332018,0,1,1,0,1,0,132,1,9,0
8332535,1,1,1,1,1,0,132,1,9,0
8332660,0,0,0,0,1,0,132,1,9,0
8333943,1,0,0,1,1,0,132,1,9,0
8335010,0,0,0,0,1,0,132,1,9,0
8335024,0,0,1,1,0,0,132,1,9,0
8335088,1,0,1,0,0,0,132,1,9,0
8335995,1,1,0,0,0,0,132,1,9,0
8336719,0,0,0,0,1,0,132,1,9,0
8336776,0,1,0,1,0,0,132,1,9,0
8336827,1,0,1,0,0,0,132,1,9,0
8336833,0,0,0,0,1,0,132,1,9,0
8337076,0,1,1,0,1,0,132,1,9,0
8337112,1,1,1,1,1,0,132,1,9,0
8337347,0,1,1,0,1,0,132,1,9,0
8341010,0,0,1,1,0,0,132,1,9,0
8341559,1,0,0,1,1,0,132,1,9,0
8341625,0,0,0,0,1,0,132,1,9,0
8341695,1,1,0,0,0,0,132,1,9,0
8341973,0,0,0,0,1,0,132,1,9,0
8342549,0,0,0,0,1,0,132,1,9,0
8343039,1,1,1,1,1,0,132,1,9,0
8344139,0,0,0,0,1,0,132,1,9,0
8345179,1,1,1,1,1,0,132,1,9,0
8346311,0,1,1,0,1,0,132,1,9,0
8346485,1,0,0,1,1,0,132,1,9,0
8346730,1,0,1,0,0,0,132,1,9,0
8347532,1,1,1,1,1,0,132,1,9,0
8348033,1,0,0,1,1,0,132,1,9,0
8348338,0,0,1,1,0,0,132,1,9,0
8350203,1,0,0,1,1,0,132,1,9,0
8350299,1,0,0,1,1,0,132,1,9,0
8352118,0,0,1,1,0,0,132,1,9,0
8352960,0,1,1,0,1,0,132,1,9,0
8354448,0,0,0,0,1,0,132,1,9,0
8355877,1,0,0,1,1,0,132,1,9,0
8358706,0,1,0,1,0,0,132,1,9,0
8359489,1,0,0,1,1,0,132,1,9,0
8359636,0,1,0,1,0,0,132,1,9,0
8360904,1,0,0,1,1,0,132,1,9,0
8362954,0,0,0,0,1,0,132,1,9,0
8362970,0,0,0,0,1,0,132,1,9,0
8362975,0,1,0,1,0,0,132,1,9,0
8366118,0,1,1,0,1,0,132,1,9,0
8367074,1,0,1,0,0,0,132,1,9,0
8368103,1,1,0,0,0,0,132,1,9,0
8369268,0,1,0,1,0,0,132,1,9,0
8370549,0,0,0,0,1,0,132,1,9,0
8373493,0,0,1,1,0,0,132,1,9,0
8373988,1,1,1,1,1,0,132,1,9,0
8374066,1,1,0,0,0,0,132,1,9,0
8374646,0,0,0,0,1,0,132,1,9,0
8374776,0,1,1,0,1,0,132,1,9,0
8375258,0,1,0,1,0,0,132,1,9,0
8375436,1,1,0,0,0,0,132,1,9,0
8376085,1,1,1,1,1,0,132,1,9,0
8376542,0,1,1,0,1,0,132,1,9,0
8377022,1,0,1,0,0,0,132,1,9,0
8377347,1,1,0,0,0,0,132,1,9,0
8377794,0,1,0,1,0,0,132,1,9,0
8378305,0,0,1,1,0,0,132,1,9,0
8380434,1,1,0,0,0,0,132,1,9,0
8381963,1,1,0,0,0,0,132,1,9,0
8381970,1,0,1,0,0,0,132,1,9,0
8382392,1,1,0,0,0,0,132,1,9,0
8382704,1,0,0,1,1,0,132,1,9,0
8383370,1,1,1,1,1,0,132,1,9,0
8383470,0,1,1,1,1,1,132,1,9,0
8384277,0,1,0,1,0,0,132,1,9,0
8384579,1,0,1,0,0,0,132,1,9,0
8384868,0,0,1,1,0,0,132,1,9,0
8385267,1,0,1,0,0,0,132,1,9,0
8386248,1,0,0,1,1,0,132,1,9,0
8386301,0,1,0,1,0,0,132,1,9,0
8387375,0,0,1,1,0,0,132,1,9,0
8389515,1,0,1,0,0,0,122,1,9,0
8389802,1,0,1,0,0,0,122,1,9,0
8390124,1,0,1,0,0,0,122,1,9,0
8391223,0,1,0,1,0,0,122,1,9,0
8392705,1,1,1,1,1,0,122,1,9,0
8393607,0,0,0,0,1,0,122,1,9,0
8394564,1,0,0,1,1,0,122,1,9,0
8394843,1,1,1,1,1,0,122,1,9,0
8394944,0,0,0,0,1,0,122,1,9,0
8395835,1,0,1,0,0,0,122,1,9,0
8396105,1,0,0,1,1,0,122,1,9,0
8396905,0,1,0,1,0,0,122,1,9,0
8398092,1,1,1,1,1,0,122,1,9,0
8398344,0,0,0,0,1,0,122,1,9,0
8398772,0,1,1,0,1,0,122,1,9,0
8400374,0,0,1,1,0,0,122,1,9,0
8401326,1,0,0,1,1,0,122,1,9,0
8402420,0,0,0,0,1,0,122,1,9,0
8403574,1,0,1,0,0,0,122,1,9,0
8403978,1,0,0,1,1,0,122,1,9,0
8406168,1,0,0,1,1,0,122,1,9,0
8409382,0,1,1,0,1,0,122,1,9,0
8409426,1,0,1,0,0,0,122,1,9,0
8409857,0,1,0,1,0,0,122,1,9,0
8409924,0,1,1,0,1,0,122,1,9,0
8409993,0,0,0,0,1,0,122,1,9,0
8410927,0,0,0,0,1,0,122,1,9,0
8411407,1,1,0,0,0,0,122,1,9,0
8411470,0,0,1,1,0,0,122,1,9,0
8412591,0,1,1,0,1,0,122,1,9,0
8414242,0,1,0,1,0,0,122,1,9,0
8414635,1,1,0,1,0,0,122,1,9,0
8414771,1,0,0,1,1,0,122,1,9,0
8415390,1,0,1,0,0,0,122,1,9,0
8418269,1,1,0,0,0,0,122,1,9,0
8418303,0,0,0,0,1,0,122,1,9,0
8419732,1,0,1,0,0,0,122,1,9,0
8421153,0,1,1,0,1,0,122,1,9,0
8422081,0,1,0,1,0,0,122,1,9,0
8422097,0,0,1,1,0,0,122,1,9,0
8423594,0,1,0,1,0,0,122,1,9,0
8424360,1,1,1,1,1,0,122,1,9,0
8425476,0,1,0,1,0,0,122,1,9,0
8426143,0,0,1,1,0,0,122,1,9,0
8427812,0,0,1,1,0,0,122,1,9,0
8427909,1,1,0,0,0,0,122,1,9,0
8427928,0,0,1,1,0,0,122,1,9,0
8429269,1,0,0,1,1,0,122,1,9,0
8430386,1,0,0,0,1,1,122,1,9,0
8430664,0,1,1,0,1,0,122,1,9,0
8431045,0,0,0,0,1,0,122,1,9,0
8431057,0,1,0,1,0,0,122,1,9,0
8432081,1,1,0,0,0,0,122,1,9,0
8432443,0,0,1,1,0,0,122,1,9,0
8433342,1,1,0,0,0,0,122,1,9,0
8434053,0,1,0,1,0,0,122,1,9,0
8434951,0,1,1,0,1,0,122,1,9,0
8437270,0,0,1,1,0,0,122,1,9,0
8437368,1,1,1,1,1,0,122,1,9,0
8437422,1,1,1,1,1,0,122,1,9,0
8437858,0,0,0,0,1,0,122,1,9,0
8438694,0,0,0,0,1,0,122,1,9,0
8439029,0,0,1,1,0,0,122,1,9,0
8439313,0,1,0,1,0,0,122,1,9,0
8439821,0,1,0,1,0,0,122,1,9,0
8441547,0,0,1,1,0,0,122,1,9,0
8442687,1,1,1,1,1,0,122,1,9,0
8443667,0,0,0,0,1,0,122,1,9,0
8444466,0,1,0,1,0,0,122,1,9,0
8444576,0,1,0,1,0,0,122,1,9,0
8444975,1,0,1,0,0,0,122,1,9,0
8446634,0,0,0,0,1,0,122,1,9,0
8447445,1,1,1,1,1,0,122,1,9,0
8447959,0,0,0,0,1,0,122,1,9,0
8447980,0,1,1,0,1,0,122,1,9,0
8448041,1,0,0,1,1,0,122,1,9,0
8448721,1,1,1,1,1,0,122,1,9,0
8449123,0,1,0,1,0,0,122,1,9,0
8453834,0,0,0,0,1,0,122,1,9,0
8455067,1,0,0,1,1,0,145,1,9,0
8455394,0,0,1,1,0,0,145,1,9,0
8455714,0,1,1,0,1,0,145,1,9,0
8455940,0,0,1,1,0,0,145,1,9,0
8456758,1,1,1,1,1,0,145,1,9,0
8456777,1,1,0,0,0,0,145,1,9,0
8457420,0,0,0,1,1,1,145,1,9,0
8457616,0,1,0,1,0,0,145,1,9,0
8457711,1,0,0,1,1,0,145,1,9,0
8458653,0,1,1,0,1,0,145,1,9,0
8458728,0,0,0,0,1,0,145,1,9,0
8460405,0,0,0,0,1,0,145,1,9,0
8460428,1,0,0,1,1,0,145,1,9,0
8460785,1,1,1,1,1,0,145,1,9,0
8461016,0,1,0,1,0,0,145,1,9,0
8461391,1,1,1,1,1,0,145,1,9,0
8462048,0,1,1,0,1,0,145,1,9,0
8462705,0,0,0,0,1,0,145,1,9,0
8464272,0,1,1,0,1,0,145,1,9,0
8465869,1,1,0,0,0,0,145,1,9,0
8466206,0,0,0,0,1,0,145,1,9,0
8466590,0,0,1,1,0,0,145,1,9,0
8467837,1,0,0,0,1,1,145,1,9,0
8468272,1,0,0,1,1,0,145,1,9,0
8468540,1,0,0,1,1,0,145,1,9,0
8468627,1,1,1,1,1,0,145,1,9,0
8469076,0,1,0,1,0,0,145,1,9,0
8469573,0,0,1,1,0,0,145,1,9,0
8471097,1,0,1,0,0,0,145,1,9,0
8471782,1,0,0,1,1,0,145,1,9,0
8471805,1,0,1,0,0,0,145,1,9,0
8472450,1,1,0,0,0,0,145,1,9,0
8473933,0,1,0,0,0,0,145,1,9,0
8474137,1,0,0,1,1,0,145,1,9,0
8474343,0,0,0,0,1,0,145,1,9,0
8476671,1,0,0,1,1,0,145,1,9,0
8478783,0,1,0,1,0,0,145,1,9,0
8478933,0,0,0,0,1,0,145,1,9,0
8481056,1,1,0,1,0,0,145,1,9,0
8481072,0,1,1,0,1,0,145,1,9,0
8481890,0,0,0,0,1,0,145,1,9,0
8481966,0,0,0,0,1,0,145,1,9,0
8482493,1,1,1,0,1,1,145,1,9,0
8483038,0,0,1,1,0,0,145,1,9,0
8483085,0,1,0,1,0,0,145,1,9,0
8483598,0,0,0,0,1,0,145,1,9,0
8484625,0,0,0,0,1,0,145,1,9,0
8484946,0,0,0,0,1,0,145,1,9,0
8485572,0,1,0,1,0,0,145,1,9,0
8485980,0,0,1,1,0,0,145,1,9,0
8486363,1,1,0,0,0,0,145,1,9,0
8486551,1,1,1,1,1,0,145,1,9,0
8492946,0,1,1,0,1,0,145,1,9,0
8495877,0,0,1,1,0,0,145,1,9,0
8496316,0,0,0,0,1,0,145,1,9,0
8496450,0,0,0,0,1,0,145,1,9,0
8497238,0,0,0,0,1,0,145,1,9,0
8497374,0,1,0,1,0,0,145,1,9,0
8497987,0,1,1,0,1,0,145,1,9,0
8498862,0,0,0,0,1,0,145,1,9,0
8499807,0,1,0,1,0,0,145,1,9,0
8499859,0,1,0,1,0,0,145,1,9,0
8500325,1,1,1,1,1,0,145,1,9,0
8501393,1,1,1,1,1,0,145,1,9,0
8503788,0,0,1,1,0,0,145,1,9,0
8503870,0,1,1,0,1,0,145,1,9,0
8505181,0,1,1,0,1,0,145,1,9,0
8505487,1,0,1,0,0,0,145,1,9,0
8505560,0,1,1,0,1,0,145,1,9,0
8506248,0,1,0,1,0,0,145,1,9,0
8506799,0,0,1,1,0,0,145,1,9,0
8507751,0,0,1,1,0,0,145,1,9,0
8508349,1,0,1,0,0,0,145,1,9,0
8509031,1,1,0,0,0,0,145,1,9,0
8510088,0,0,0,0,1,0,145,1,9,0
8511528,0,1,0,1,0,0,145,1,9,0
8513237,1,0,1,0,0,0,145,1,9,0
8513595,0,1,0,1,0,0,145,1,9,0
8515489,0,1,0,1,0,0,145,1,9,0
8515879,1,0,0,1,1,0,145,1,9,0
8516018,0,0,1,1,0,0,145,1,9,0
8516370,1,1,0,0,0,0,145,1,9,0
8517148,0,0,0,0,1,0,145,1,9,0
8518546,0,0,1,1,0,0,145,1,9,0
8519294,1,1,1,1,1,0,145,1,9,0
8519459,0,0,0,0,1,0,145,1,9,0
8519544,0,0,0,0,1,0,145,1,9,0
8519926,1,0,1,0,0,0,145,1,9,0
8519996,0,0,0,0,1,0,145,1,9,0
8521914,1,0,1,0,0,0,145,1,9,0
8522122,1,0,1,0,0,0,145,1,9,0
8522472,0,1,1,0,1,0,145,1,9,0
8522525,1,0,1,0,0,0,145,1,9,0
8522703,1,1,0,0,0,0,145,1,9,0
8522950,1,1,1,1,1,0,145,1,9,0
8524341,0,0,1,1,0,0,145,1,9,0
8524877,0,0,1,1,0,0,145,1,9,0
8524933,1,1,0,0,0,0,145,1,9,0
8525256,1,1,1,0,1,1,145,1,9,0
8525334,0,1,0,1,0,0,145,1,9,0
8525813,0,0,0,0,1,0,145,1,9,0
8526934,1,1,0,0,0,0,145,1,9,0
8528385,1,0,0,1,1,0,145,1,9,0
8529901,1,0,1,0,0,0,145,1,9,0
8531395,1,0,0,1,1,0,145,1,9,0
8531473,1,0,0,1,1,0,145,1,9,0
8533297,0,0,1,1,0,0,145,1,9,0
8533854,0,0,1,1,0,0,145,1,9,0
8534512,1,1,0,0,0,0,145,1,9,0
8536074,1,1,0,0,0,0,145,1,9,0
8536567,1,1,0,0,0,0,145,1,9,0
8536615,1,0,0,1,1,0,145,1,9,0
8537196,1,0,1,0,0,0,145,1,9,0
8538538,0,0,0,0,1,0,145,1,9,0
8538883,0,0,1,1,0,0,145,1,9,0
8539361,0,0,0,0,1,0,145,1,9,0
8539755,0,1,0,1,0,0,145,1,9,0
8540310,0,0,1,1,0,0,145,1,9,0
8543199,0,0,1,1,0,0,145,1,9,0
8543777,0,0,1,1,0,0,145,1,9,0
8543906,0,1,1,0,1,0,145,1,9,0
8545183,1,1,0,0,0,0,145,1,9,0
8545420,1,1,0,0,0,0,145,1,9,0
8545583,0,1,1,0,1,0,145,1,9,0
8547127,1,1,1,1,1,0,145,1,9,0
8547854,1,1,1,1,1,0,145,1,9,0
8548544,1,0,1,0,0,0,145,1,9,0
8549356,0,1,0,1,0,0,145,1,9,0
8549940,0,0,1,1,0,0,145,1,9,0
8550692,1,1,0,0,0,0,145,1,9,0
8550801,1,1,1,1,1,0,145,1,9,0
8551621,0,1,1,0,1,0,145,1,9,0
8553685,0,0,0,0,1,0,145,1,9,0
8553694,1,1,1,1,1,0,145,1,9,0
8554170,0,0,1,1,0,0,145,1,9,0
8554804,0,1,0,1,0,0,145,1,9,0
8554922,1,0,1,0,0,0,145,1,9,0
8555781,0,0,1,1,0,0,145,1,9,0
8556859,1,0,1,0,0,0,145,1,9,0
8556860,0,0,0,0,1,0,145,1,9,0
8557018,1,0,1,0,0,0,145,1,9,0
8557530,0,1,0,1,0,0,145,1,9,0
8558564,1,1,0,0,0,0,145,1,9,0
8559450,0,0,1,1,0,0,145,1,9,0
8559553,1,0,1,0,0,0,145,1,9,0
8560107,0,0,0,0,1,0,145,1,9,0
8560173,1,1,1,1,1,0,145,1,9,0
8560194,1,0,1,0,0,0,145,1,9,0
8562984,0,0,1,1,0,0,145,1,9,0
8564370,0,0,1,1,0,0,145,1,9,0
8565103,1,0,0,1,1,0,145,1,9,0
8565486,1,1,1,1,1,0,145,1,9,0
8566238,1,1,0,0,0,0,145,1,9,0
8566422,0,1,1,0,1,0,145,1,9,0
8566575,1,1,1,1,1,0,145,1,9,0
8566594,0,0,0,0,1,0,145,1,9,0
8566900,0,1,1,0,1,0,145,1,9,0
8568625,1,0,0,1,1,0,145,1,9,0
8568980,0,0,1,1,0,0,145,1,9,0
8569801,1,1,1,1,1,0,145,1,9,0
8569879,0,1,1,0,1,0,145,1,9,0
8569918,0,1,0,1,0,0,145,1,9,0
8572992,1,1,0,0,0,0,145,1,9,0
8573380,1,0,0,1,1,0,145,1,9,0
8573576,0,0,0,0,1,0,145,1,9,0
8574000,0,1,0,1,0,0,145,1,9,0
8574221,1,1,1,0,1,1,145,1,9,0
8576227,1,1,0,0,0,0,145,1,9,0
8576725,0,0,0,0,1,0,145,1,9,0
8578051,1,1,1,1,1,0,145,1,9,0
8578139,1,1,0,0,0,0,145,1,9,0
8578554,1,1,0,0,0,0,145,1,9,0
8578996,1,0,1,0,0,0,145,1,9,0
8579211,1,0,1,0,0,0,145,1,9,0
8579224,1,1,0,0,0,0,145,1,9,0
8579855,0,1,1,0,1,0,145,1,9,0
8579997,1,1,0,0,0,0,145,1,9,0
8581022,1,0,1,0,0,0,145,1,9,0
8581488,0,1,0,1,0,0,145,1,9,0
8582440,0,0,0,1,1,1,145,1,9,0
8582454,1,0,1,0,0,0,145,1,9,0
8584626,1,1,0,0,0,0,145,1,9,0
8585736,0,1,0,1,0,0,128,1,9,0
8585746,1,1,0,0,0,0,128,1,9,0
8586952,1,1,1,1,1,0,128,1,9,0
8587233,1,1,0,0,0,0,128,1,9,0
8587803,0,0,0,0,1,0,128,1,9,0
8588461,1,0,0,1,1,0,128,1,9,0
8588883,0,0,1,1,0,0,128,1,9,0
8590510,0,1,1,0,1,0,128,1,9,0
8590684,0,0,1,1,0,0,128,1,9,0
8592456,0,0,1,1,0,0,128,1,9,0
8593948,1,0,1,0,0,0,128,1,9,0
8594087,0,1,1,0,1,0,128,1,9,0
8594375,1,0,1,0,0,0,128,1,9,0
8594514,0,0,0,0,1,0,128,1,9,0
8594567,0,1,1,0,1,0,128,1,9,0
8596017,0,0,0,0,1,0,128,1,9,0
8596646,1,1,0,0,0,0,128,1,9,0
8596959,1,1,0,0,0,0,128,1,9,0
8598473,1,0,1,0,0,0,128,1,9,0
8598743,1,0,0,0,1,1,128,1,9,0
8598975,1,1,1,1,1,0,128,1,9,0
8599201,1,0,1,0,0,0,128,1,9,0
8600214,0,1,0,1,0,0,128,1,9,0
8600323,0,0,0,0,1,0,128,1,9,0
8600360,1,0,0,1,1,0,128,1,9,0
8603059,0,1,1,0,1,0,128,1,9,0
8603067,0,1,1,0,1,0,128,1,9,0
8603246,0,0,1,1,0,0,128,1,9,0
8604664,0,0,0,0,1,0,128,1,9,0
8605285,0,1,1,0,1,0,128,1,9,0
8605565,0,1,0,1,0,0,128,1,9,0
8606342,0,1,0,1,0,0,128,1,9,0
8609152,1,0,1,0,0,0,128,1,9,0
8609629,1,0,1,0,0,0,128,1,9,0
8611413,1,0,0,1,1,0,128,1,9,0
8613822,1,0,1,0,0,0,128,1,9,0
8613855,1,1,0,0,0,0,128,1,9,0
8614016,0,0,1,1,0,0,128,1,9,0
8616800,1,1,0,0,0,0,128,1,9,0
8616877,1,1,1,1,1,0,128,1,9,0
8617174,0,1,0,1,0,0,128,1,9,0
8618500,0,0,1,1,0,0,128,1,9,0
8619351,1,0,1,0,0,0,128,1,9,0
8619782,0,1,1,0,1,0,128,1,9,0
8620187,0,1,1,0,1,0,128,1,9,0
8621544,0,1,1,0,1,0,128,1,9,0
8623051,1,0,0,1,1,0,128,1,9,0
8623169,1,1,0,0,0,0,128,1,9,0
8625429,0,1,0,1,0,0,128,1,9,0
8626853,0,0,1,1,0,0,128,1,9,0
8628251,0,0,0,0,1,0,128,1,9,0
8629778,0,1,0,1,0,0,128,1,9,0
8631341,1,1,0,0,0,0,128,1,9,0
8631433,1,1,1,1,1,0,128,1,9,0
8631926,1,1,0,0,0,0,128,1,9,0
8632260,0,1,1,0,1,0,128,1,9,0
8633069,1,0,1,0,0,0,128,1,9,0
8634286,1,1,1,1,1,0,128,1,9,0
8635834,1,0,0,0,1,1,128,1,9,0
8635929,0,1,0,1,0,0,128,1,9,0
8637497,0,0,0,0,1,0,128,1,9,0
8638358,0,1,0,1,0,0,128,1,9,0
8638998,0,1,1,0,1,0,128,1,9,0
8639468,0,0,0,0,1,0,128,1,9,0
8639907,1,1,1,1,1,0,128,1,9,0
8639993,0,1,0,1,0,0,128,1,9,0
8640649,0,1,0,1,0,0,128,1,9,0
8641615,1,0,0,1,1,0,128,1,9,0
8641995,0,1,1,0,1,0,128,1,9,0
8642060,1,0,1,0,0,0,128,1,9,0
8642450,0,0,0,0,1,0,128,1,9,0
8642586,0,0,0,0,1,0,128,1,9,0
8643160,1,0,1,0,0,0,128,1,9,0
8643720,0,1,0,1,0,0,128,1,9,0
8644327,0,0,0,0,1,0,128,1,9,0
8645505,1,1,1,1,1,0,128,1,9,0
8645801,1,1,1,1,1,0,128,1,9,0
8645829,1,0,0,1,1,0,128,1,9,0
8646327,0,1,1,0,1,0,128,1,9,0
8646746,0,1,0,1,0,0,128,1,9,0
8647395,1,0,1,0,0,0,128,1,9,0
8650361,0,0,0,0,1,0,128,1,9,0
8650523,1,0,1,0,0,0,128,1,9,0
8650632,0,1,0,1,0,0,128,1,9,0
8650806,0,0,1,1,0,0,132,1,9,0
8651292,1,1,1,1,1,0,132,1,9,0
8651476,0,1,1,0,1,0,132,1,9,0
8652778,0,1,1,0,1,0,132,1,9,0
8653904,1,1,0,0,0,0,132,1,9,0
8656050,0,1,1,0,1,0,132,1,9,0
8656130,0,0,1,1,0,0,132,1,9,0
8656184,1,1,0,0,0,0,132,1,9,0
8656473,1,0,0,1,1,0,132,1,9,0
8656750,1,1,1,1,1,0,132,1,9,0
8657852,1,0,0,1,1,0,132,1,9,0
8658538,0,0,1,1,0,0,132,1,9,0
8659705,1,1,0,0,0,0,132,1,9,0
8659931,0,0,1,1,0,0,132,1,9,0
8662636,0,0,1,1,0,0,132,1,9,0
8662820,0,0,1,1,0,0,132,1,9,0
8662909,1,0,0,1,1,0,132,1,9,0
8662961,0,0,0,0,1,0,132,1,9,0
8663908,1,1,1,1,1,0,132,1,9,0
8664473,1,1,0,0,0,0,132,1,9,0
8667194,1,0,0,1,1,0,132,1,9,0
8668109,1,0,1,0,0,0,132,1,9,0
8669056,1,1,1,1,1,0,132,1,9,0
8671282,1,1,1,1,1,0,132,1,9,0
8671409,0,0,0,0,1,0,132,1,9,0
8672420,1,1,1,1,1,0,132,1,9,0
8672649,1,0,0,1,1,0,132,1,9,0
8672988,1,0,1,0,0,0,132,1,9,0
8673553,1,1,1,1,1,0,132,1,9,0
8673951,0,0,0,0,1,0,132,1,9,0
8675977,0,0,1,1,0,0,132,1,9,0
8676804,0,1,1,0,1,0,132,1,9,0
8678111,0,1,1,0,1,0,132,1,9,0
8678984,0,0,0,0,1,0,132,1,9,0
8679840,0,1,1,0,1,0,132,1,9,0
8681041,1,1,1,1,1,0,132,1,9,0
8681379,1,0,1,0,0,0,132,1,9,0
8681486,1,1,0,0,0,0,132,1,9,0
8682951,0,0,0,0,1,0,132,1,9,0
8683613,0,1,1,0,1,0,132,1,9,0
8684114,0,1,0,1,0,0,132,1,9,0
8686118,1,0,0,1,1,0,132,1,9,0
8686137,0,1,1,0,1,0,132,1,9,0
8687936,0,0,0,0,1,0,132,1,9,0
8692302,1,0,0,1,1,0,132,1,9,0
8692326,1,1,0,1,0,0,132,1,9,0
8692804,1,0,0,1,1,0,132,1,9,0
8693375,0,0,0,1,1,1,132,1,9,0
8693490,1,0,0,1,1,0,132,1,9,0
8693741,0,0,1,1,0,0,132,1,9,0
8693825,1,0,0,1,1,0,132,1,9,0
8695312,0,1,0,1,0,0,132,1,9,0
8696670,1,1,0,0,0,0,132,1,9,0
8697087,0,0,1,1,0,0,132,1,9,0
8698679,0,0,0,0,1,0,132,1,9,0
8698834,1,1,1,1,1,0,132,1,9,0
8699013,0,1,1,0,1,0,132,1,9,0
8699213,1,1,1,1,1,0,132,1,9,0
8699717,0,1,0,1,0,0,132,1,9,0
8700211,0,0,1,1,0,0,132,1,9,0
8700330,1,1,1,1,1,0,132,1,9,0
8700751,0,0,1,1,0,0,132,1,9,0
8701176,1,0,1,0,0,0,132,1,9,0
8701729,0,0,1,1,0,0,132,1,9,0
8703737,0,0,0,0,1,0,132,1,9,0
8704069,0,0,0,0,1,0,132,1,9,0
8704667,1,0,1,0,0,0,132,1,9,0
8704908,0,0,0,0,1,0,132,1,9,0
8705113,1,0,1,0,0,0,132,1,9,0
8705600,0,0,1,1,0,0,132,1,9,0
8706106,1,1,0,0,0,0,132,1,9,0
8708648,0,1,0,1,0,0,132,1,9,0
8709048,0,0,0,0,1,0,132,1,9,0
8709191,1,0,0,1,1,0,132,1,9,0
8709219,1,1,0,0,0,0,132,1,9,0
8709696,1,0,1,0,0,0,132,1,9,0
8711188,0,0,1,1,0,0,132,1,9,0
8711375,0,0,0,0,1,0,132,1,9,0
8711555,0,1,1,0,1,0,132,1,9,0
8711834,0,0,1,1,0,0,132,1,9,0
8711855,1,1,1,1,1,0,132,1,9,0
8711998,0,1,1,0,1,0,132,1,9,0
8714347,0,0,1,0,0,0,132,1,9,0
8714676,1,1,0,0,0,0,132,1,9,0
8714897,0,0,1,1,0,0,132,1,9,0
8715490,0,1,1,0,1,0,132,1,9,0
8715628,0,1,0,1,0,0,132,1,9,0
8715736,0,0,0,0,1,0,132,1,9,0
8716099,0,0,1,1,0,0,132,1,9,0
8717233,1,0,0,1,1,0,135,1,9,0
8717450,1,0,1,0,0,0,135,1,9,0
8717508,1,1,0,0,0,0,135,1,9,0
8718366,1,1,1,1,1,0,135,1,9,0
8718421,1,0,0,1,1,0,135,1,9,0
8718621,1,0,0,1,1,0,135,1,9,0
8719599,1,1,0,0,0,0,135,1,9,0
8719743,0,0,0,0,1,0,135,1,9,0
8720535,0,1,0,1,0,0,135,1,9,0
8721745,1,1,1,1,1,0,135,1,9,0
8721864,0,1,0,1,0,0,135,1,9,0
8721868,0,0,0,0,1,0,135,1,9,0
8722187,0,0,0,0,1,0,135,1,9,0
8722669,0,0,0,0,1,0,135,1,9,0
8722992,0,0,1,1,0,0,135,1,9,0
8723893,0,1,0,1,0,0,135,1,9,0
8723984,0,0,0,0,1,0,135,1,9,0
8725997,0,0,0,0,1,0,135,1,9,0
8728667,1,1,1,1,1,0,135,1,9,0
8729125,1,1,0,0,0,0,135,1,9,0
8730133,0,0,1,1,0,0,135,1,9,0
8730304,1,0,0,1,1,0,135,1,9,0
8733922,0,0,0,0,1,0,135,1,9,0
8734441,1,1,0,0,0,0,135,1,9,0
8735250,0,0,1,1,0,0,135,1,9,0
8735280,1,0,0,1,1,0,135,1,9,0
8737088,0,1,0,1,0,0,135,1,9,0
8738314,1,0,0,1,1,0,135,1,9,0
8738981,0,0,1,1,0,0,135,1,9,0
8740461,0,1,0,1,0,0,135,1,9,0
8740537,0,0,1,1,0,0,135,1,9,0
8740799,0,1,1,0,1,0,135,1,9,0
8741332,0,1,1,0,1,0,135,1,9,0
8742744,1,1,1,1,1,0,135,1,9,0
8743541,1,0,1,0,0,0,135,1,9,0
8744573,1,0,0,1,1,0,135,1,9,0
8744732,1,0,1,0,0,0,135,1,9,0
8745534,0,1,1,0,1,0,135,1,9,0
8745606,1,0,1,0,0,0,135,1,9,0
8745748,1,1,0,0,0,0,135,1,9,0
8745950,0,1,0,1,0,0,135,1,9,0
8746529,0,0,0,0,1,0,135,1,9,0
8747032,0,0,0,0,1,0,135,1,9,0
8747487,0,1,0,1,0,0,135,1,9,0
8747552,0,1,0,1,0,0,135,1,9,0
8747601,0,1,0,1,0,0,135,1,9,0
8748655,0,1,0,1,0,0,135,1,9,0
8749242,0,0,1,1,0,0,135,1,9,0
8749538,1,1,0,0,0,0,135,1,9,0
8750057,0,0,0,0,1,0,135,1,9,0
8750832,0,0,1,1,0,0,135,1,9,0
8751207,0,1,0,1,0,0,135,1,9,0
8751932,1,1,0,0,0,0,135,1,9,0
8752249,1,0,0,1,1,0,135,1,9,0
8753780,0,0,0,0,1,0,135,1,9,0
8754289,0,0,0,0,1,0,135,1,9,0
8754521,0,0,1,1,0,0,135,1,9,0
8754765,0,1,0,1,0,0,135,1,9,0
8755522,0,0,0,0,1,0,135,1,9,0
8755541,1,1,1,1,1,0,135,1,9,0
8755990,1,0,0,1,1,0,135,1,9,0
8756155,1,0,1,0,0,0,135,1,9,0
8757187,1,0,0,1,1,0,135,1,9,0
8757409,1,0,0,1,1,0,135,1,9,0
8758323,0,1,1,0,1,0,135,1,9,0
8758355,1,0,0,1,1,0,135,1,9,0
8760720,0,1,0,1,0,0,135,1,9,0
8761360,1,1,0,0,0,0,135,1,9,0
8762098,0,1,0,1,0,0,135,1,9,0
8762881,0,0,1,1,0,0,135,1,9,0
8763242,1,1,1,1,1,0,135,1,9,0
8763600,0,0,1,1,0,0,135,1,9,0
8763700,0,0,0,0,1,0,135,1,9,0
8764069,1,0,0,1,1,0,135,1,9,0
8764507,0,0,0,0,1,0,135,1,9,0
8765202,1,1,0,0,0,0,135,1,9,0
8766963,0,0,0,0,1,0,135,1,9,0
8767177,0,1,0,1,0,0,135,1,9,0
8767608,0,0,0,0,1,0,135,1,9,0
8768244,1,1,0,0,0,0,135,1,9,0
8768274,1,0,0,0,1,1,135,1,9,0
8768401,1,1,0,0,0,0,135,1,9,0
8770730,0,0,1,1,0,0,135,1,9,0
8771204,1,0,0,1,1,0,135,1,9,0
8772828,0,1,1,0,1,0,135,1,9,0
8772842,1,0,1,0,0,0,135,1,9,0
8773994,0,0,1,1,0,0,135,1,9,0
8774280,0,1,0,1,0,0,135,1,9,0
8774348,0,1,0,1,0,0,135,1,9,0
8775071,0,1,1,0,1,0,135,1,9,0
8775391,0,0,0,0,1,0,135,1,9,0
8776190,0,0,0,0,1,0,135,1,9,0
8776299,0,1,0,1,0,0,135,1,9,0
8776725,0,0,0,0,1,0,135,1,9,0
8777610,1,0,0,0,1,1,135,1,9,0
8778270,1,0,1,0,0,0,135,1,9,0
8778561,1,0,1,0,0,0,135,1,9,0
8779640,0,1,0,1,0,0,135,1,9,0
8779673,1,0,0,1,1,0,135,1,9,0
8779878,1,1,1,1,1,0,135,1,9,0
8780482,0,0,1,1,0,0,135,1,9,0
8781435,1,0,1,0,0,0,135,1,9,0
8781543,0,1,1,0,1,0,135,1,9,0
8781930,0,1,0,1,0,0,129,1,9,1
8782260,0,0,1,1,0,0,129,1,9,1
8784112,0,1,1,0,1,0,129,1,9,1
8784329,1,0,1,0,0,0,129,1,9,1
8785430,0,1,0,1,0,0,129,1,9,1
8785635,0,0,0,0,1,0,129,1,9,1
8786598,1,0,1,0,0,0,129,1,9,1
8792294,1,0,1,1,0,0,129,1,9,1
8792534,0,1,0,1,0,0,129,1,9,1
8793514,0,1,0,1,0,0,129,1,9,1
8795815,0,1,0,1,0,0,129,1,9,1
8796531,0,0,0,0,1,0,129,1,9,1
8798357,0,0,0,0,1,0,129,1,9,1
8799093,1,0,1,0,0,0,129,1,9,1
8801207,1,0,1,0,0,0,129,1,9,1
8801513,0,1,0,1,0,0,129,1,9,1
8801587,0,0,1,1,0,0,129,1,9,1
8801727,1,0,0,1,1,0,129,1,9,1
8801933,0,1,1,0,1,0,129,1,9,1
8801944,1,1,1,1,1,0,129,1,9,1
8801979,0,0,0,0,1,0,129,1,9,1
8802379,1,0,1,0,0,0,129,1,9,1
8802916,1,0,0,1,1,0,129,1,9,1
8803041,0,1,0,1,0,0,129,1,9,1
8804984,0,0,0,0,1,0,129,1,9,1
8808095,1,0,0,1,1,0,129,1,9,1
8808526,1,0,0,1,1,0,129,1,9,1
8808647,1,0,0,1,1,0,129,1,9,1
8815376,0,0,0,0,1,0,129,1,9,1
8817074,0,1,0,1,0,0,129,1,9,1
8818523,0,1,1,0,1,0,129,1,9,1
8819342,1,0,1,0,0,0,129,1,9,1
8821381,0,1,1,0,1,0,129,1,9,1
8821496,1,0,0,1,1,0,129,1,9,1
8821787,1,0,1,0,0,0,129,1,9,1
8822586,1,1,0,1,0,0,129,1,9,1
8824117,0,1,1,0,1,0,129,1,9,1
8824594,1,1,0,0,0,0,129,1,9,1
8824671,1,0,1,0,0,0,129,1,9,1
8825155,0,0,0,0,1,0,129,1,9,1
8826007,0,1,1,0,1,0,129,1,9,1
8826435,1,0,1,0,0,0,129,1,9,1
8827529,0,0,0,0,1,0,129,1,9,1
8828054,0,1,1,0,1,0,129,1,9,1
8828380,1,0,0,1,1,0,129,1,9,1
8828731,1,0,0,1,1,0,129,1,9,1
8830541,0,0,0,0,1,0,129,1,9,1
8831239,0,0,1,1,0,0,129,1,9,1
8832716,0,1,0,1,0,0,129,1,9,1
8835100,1,1,1,1,1,0,129,1,9,1
8835497,1,1,0,0,0,0,129,1,9,1
8835605,0,1,0,1,0,0,129,1,9,1
8835940,0,0,1,1,0,0,129,1,9,1
8837831,0,1,1,0,1,0,129,1,9,1
8839602,1,1,1,1,1,0,129,1,9,1
8841152,1,0,0,1,1,0,129,1,9,1
8841466,1,1,1,1,1,0,129,1,9,1
8843816,0,1,0,1,0,0,129,1,9,1
8844336,0,0,0,0,1,0,129,1,9,1
8846493,1,0,0,1,1,0,129,1,9,1
8847064,0,0,0,0,1,0,129,1,9,1
8847599,1,0,0,1,1,0,164,1,9,1
8848530,1,0,1,0,0,0,164,1,9,1
8849444,1,0,0,1,1,0,164,1,9,1
8851024,1,1,1,1,1,0,164,1,9,1
8852024,0,0,0,0,1,0,164,1,9,1
8852800,1,0,1,0,0,0,164,1,9,1
8853443,1,0,1,0,0,0,164,1,9,1
8854325,0,0,1,1,0,0,164,1,9,1
8854942,1,1,0,0,0,0,164,1,9,1
8855529,1,1,0,0,0,0,164,1,9,1
8856415,1,1,1,1,1,0,164,1,9,1
8858049,1,1,1,0,1,1,164,1,9,1
8859119,1,0,1,0,0,0,164,1,9,1
8859923,1,1,0,0,0,0,164,1,9,1
8860429,1,1,1,1,1,0,164,1,9,1
8861467,1,0,1,0,0,0,164,1,9,1
8861742,0,0,1,1,0,0,164,1,9,1
8861864,1,1,1,1,1,0,164,1,9,1
8863449,0,0,1,1,0,0,164,1,9,1
8863837,1,1,0,0,0,0,164,1,9,1
8864907,0,0,1,1,0,0,164,1,9,1
8865590,0,1,0,0,0,0,164,1,9,1
8866113,1,0,0,1,1,0,164,1,9,1
8866124,0,0,1,1,0,0,164,1,9,1
8866415,0,1,0,0,0,0,164,1,9,1
8866912,1,0,1,0,0,0,164,1,9,1
8867298,1,0,0,1,1,0,164,1,9,1
8867473,1,1,1,1,1,0,164,1,9,1
8869511,0,1,1,0,1,0,164,1,9,1
8871434,1,0,1,0,0,0,164,1,9,1
8873023,0,0,0,0,1,0,164,1,9,1
8873968,0,1,1,0,1,0,164,1,9,1
8876549,1,1,0,0,0,0,164,1,9,1
8876921,0,0,1,0,0,0,164,1,9,1
8877005,0,0,1,1,0,0,164,1,9,1
8877894,1,1,0,0,0,0,164,1,9,1
8877896,1,0,1,0,0,0,164,1,9,1
8878095,0,1,0,1,0,0,164,1,9,1
8878878,1,1,0,0,0,0,164,1,9,1
8879377,1,1,1,1,1,0,164,1,9,1
8880684,1,0,0,1,1,0,164,1,9,1
8881031,0,0,1,1,0,0,164,1,9,1
8881435,1,1,0,0,0,0,164,1,9,1
8881696,1,0,1,0,0,0,164,1,9,1
8884056,0,0,0,0,1,0,164,1,9,1
8884143,1,1,0,0,0,0,164,1,9,1
8884975,1,0,1,1,0,0,164,1,9,1
8885097,1,1,0,0,0,0,164,1,9,1
8885118,1,0,0,1,1,0,164,1,9,1
8885536,0,0,0,0,1,0,164,1,9,1
8885660,0,1,0,1,0,0,164,1,9,1
8885823,0,0,0,0,1,0,164,1,9,1
8888273,1,1,0,0,0,0,164,1,9,1
8888985,0,1,0,1,0,0,164,1,9,1
8889376,0,1,1,0,1,0,164,1,9,1
8891381,1,1,0,0,0,0,164,1,9,1
8892565,0,0,1,1,0,0,164,1,9,1
8894207,1,1,1,1,1,0,164,1,9,1
8894283,1,0,0,1,1,0,164,1,9,1
8894297,0,1,0,1,0,0,164,1,9,1
8894813,0,0,0,0,1,0,164,1,9,1
8895746,1,0,1,0,0,0,164,1,9,1
8897147,1,0,0,1,1,0,164,1,9,1
8897350,1,1,0,0,0,0,164,1,9,1
8897613,1,1,1,1,1,0,164,1,9,1
8898226,1,1,1,1,1,0,164,1,9,1
8898994,0,1,0,1,0,0,164,1,9,1
8904098,1,1,0,0,0,0,164,1,9,1
8904821,1,0,1,0,0,0,164,1,9,1
8911645,0,1,1,0,1,0,164,1,9,1
8916713,1,0,1,0,0,0,133,1,9,1
8917952,0,0,1,1,0,0,133,1,9,1
8921271,1,1,0,0,0,0,133,1,9,1
8921778,0,1,0,1,0,0,133,1,9,1
8923402,1,1,0,0,0,0,133,1,9,1
8924732,1,1,0,0,0,0,133,1,9,1
8925827,0,0,0,0,1,0,133,1,9,1
8926184,0,0,1,1,0,0,133,1,9,1
8927018,0,1,0,1,0,0,133,1,9,1
8928307,0,1,0,1,0,0,133,1,9,1
8928672,1,1,0,0,0,0,133,1,9,1
8929215,1,1,0,0,0,0,133,1,9,1
8929918,0,0,0,0,1,0,133,1,9,1
8931328,0,0,1,1,0,0,133,1,9,1
8934527,0,0,1,1,0,0,133,1,9,1
8934643,1,1,0,0,0,0,133,1,9,1
8936034,0,1,1,0,1,0,133,1,9,1
8937022,1,1,1,1,1,0,133,1,9,1
8937882,1,1,0,0,0,0,133,1,9,1
8941171,0,1,0,1,0,0,133,1,9,1
8942092,1,1,0,0,0,0,133,1,9,1
8942187,1,1,1,1,1,0,133,1,9,1
8943429,0,0,0,0,1,0,133,1,9,1
8944089,0,0,1,1,0,0,133,1,9,1
8945466,1,1,0,0,0,0,133,1,9,1
8945919,0,1,1,0,1,0,133,1,9,1
8947023,1,0,0,1,1,0,133,1,9,1
8948152,0,1,1,0,1,0,133,1,9,1
8950048,1,0,1,0,0,0,133,1,9,1
8950908,1,0,0,1,1,0,133,1,9,1
8950940,1,1,1,1,1,0,133,1,9,1
8951562,0,1,1,0,1,0,133,1,9,1
8952621,0,0,0,0,1,0,133,1,9,1
8952927,1,0,1,0,0,0,133,1,9,1
8955367,1,1,1,1,1,0,133,1,9,1
8955434,1,0,1,0,0,0,133,1,9,1
8955574,0,1,0,1,0,0,133,1,9,1
8958083,0,0,0,0,1,0,133,1,9,1
8958422,0,1,0,1,0,0,133,1,9,1
8959703,0,0,0,0,1,0,133,1,9,1
8960568,1,1,1,1,1,0,133,1,9,1
8960785,0,0,0,0,1,0,133,1,9,1
8961187,1,1,0,0,0,0,133,1,9,1
8961975,1,1,0,0,0,0,133,1,9,1
8962558,1,0,1,0,0,0,133,1,9,1
8963469,1,1,1,1,1,0,133,1,9,1
8964839,0,1,0,1,0,0,133,1,9,1
8965091,1,1,0,0,0,0,133,1,9,1
8966770,0,1,0,1,0,0,133,1,9,1
8969825,0,0,0,0,1,0,133,1,9,1
8969900,0,0,0,1,1,1,133,1,9,1
8971032,0,1,1,1,1,1,133,1,9,1
8971291,0,0,0,0,1,0,133,1,9,1
8972148,0,1,0,1,0,0,133,1,9,1
8972368,1,1,1,1,1,0,133,1,9,1
8972516,1,1,0,0,0,0,133,1,9,1
8972691,1,0,1,0,0,0,133,1,9,1
8973887,1,1,0,0,0,0,133,1,9,1
8974535,0,0,0,0,1,0,133,1,9,1
8975818,1,1,0,0,0,0,133,1,9,1
8977231,0,0,0,0,1,0,133,1,9,1
8977776,1,0,1,0,0,0,133,1,9,1
8977800,1,0,1,0,0,0,133,1,9,1
8977826,0,0,0,0,1,0,133,1,9,1
8978228,0,0,0,0,1,0,133,1,9,1
8978248,0,0,1,1,0,0,133,1,9,1
8981829,1,0,1,0,0,0,146,1,9,1
8981861,0,1,0,1,0,0,146,1,9,1
8984207,0,1,0,1,0,0,146,1,9,1
8984596,0,0,0,0,1,0,146,1,9,1
8986586,0,0,0,0,1,0,146,1,9,1
8988355,1,1,1,1,1,0,146,1,9,1
8988413,1,1,0,0,0,0,146,1,9,1
8988964,1,0,1,0,0,0,146,1,9,1
8989374,1,1,1,1,1,0,146,1,9,1
8989993,0,1,0,1,0,0,146,1,9,1
8990684,0,0,0,0,1,0,146,1,9,1
8990916,1,0,0,1,1,0,146,1,9,1
8991893,1,0,0,1,1,0,146,1,9,1
8993295,0,0,1,1,0,0,146,1,9,1
8993413,0,0,0,0,1,0,146,1,9,1
8994057,0,1,1,0,1,0,146,1,9,1
8995000,0,1,1,0,1,0,146,1,9,1
8995996,0,0,0,0,1,0,146,1,9,1
8996393,1,1,1,0,1,1,146,1,9,1
8997976,1,1,0,0,0,0,146,1,9,1
8998452,0,0,1,1,0,0,146,1,9,1
8998599,1,0,1,0,0,0,146,1,9,1
8999928,1,0,1,0,0,0,146,1,9,1
9000586,0,1,0,1,0,0,146,1,9,1
9001906,0,1,1,0,1,0,146,1,9,1
9003201,1,1,0,0,0,0,146,1,9,1
9004004,1,0,1,0,0,0,146,1,9,1
9004006,0,0,1,1,0,0,146,1,9,1
9004555,0,1,0,1,0,0,146,1,9,1
9005421,0,1,0,1,0,0,146,1,9,1
9005505,0,1,0,1,0,0,146,1,9,1
9006189,1,0,0,1,1,0,146,1,9,1
9008069,1,0,1,0,0,0,146,1,9,1
9009374,1,1,1,1,1,0,146,1,9,1
9009808,1,1,1,1,1,0,146,1,9,1
9010008,0,0,1,1,0,0,146,1,9,1
9010950,1,0,0,1,1,0,146,1,9,1
9011207,1,0,1,0,0,0,146,1,9,1
9013507,1,0,0,1,1,0,146,1,9,1
9014375,0,1,1,0,1,0,146,1,9,1
9015179,0,1,1,0,1,0,146,1,9,1
9015784,1,1,0,0,0,0,146,1,9,1
9017614,1,1,0,0,0,0,146,1,9,1
9017694,0,1,0,1,0,0,146,1,9,1
9020410,1,0,0,1,1,0,146,1,9,1
9020702,1,1,0,0,0,0,146,1,9,1
9020748,1,0,0,1,1,0,146,1,9,1
9020768,1,1,1,1,1,0,146,1,9,1
9020827,1,1,1,1,1,0,146,1,9,1
9021067,0,1,1,0,1,0,146,1,9,1
9023263,0,1,0,1,0,0,146,1,9,1
9023773,1,1,0,0,0,0,146,1,9,1
9024209,1,1,1,1,1,0,146,1,9,1
9024599,1,0,0,1,1,0,146,1,9,1
9030441,1,1,0,0,0,0,146,1,9,1
9031907,0,0,0,0,1,0,146,1,9,1
9032231,1,0,1,0,0,0,146,1,9,1
9032254,0,1,0,1,0,0,146,1,9,1
9035047,1,1,0,0,0,0,146,1,9,1
9035952,1,1,0,0,0,0,146,1,9,1
9036481,1,1,0,0,0,0,146,1,9,1
9037483,0,1,1,0,1,0,146,1,9,1
9037845,1,0,0,1,1,0,146,1,9,1
9038255,0,1,1,0,1,0,146,1,9,1
9041209,1,0,0,1,1,0,146,1,9,1
9042516,0,0,1,1,0,0,146,1,9,1
9044198,0,0,0,0,1,0,123,1,9,0
9044507,0,1,0,1,0,0,123,1,9,0
9044576,0,1,1,0,1,0,123,1,9,0
9045051,1,0,1,0,0,0,123,1,9,0
9046629,0,0,0,0,1,0,123,1,9,0
9046777,1,1,0,0,0,0,123,1,9,0
9047068,1,1,1,1,1,0,123,1,9,0
9047169,0,1,1,0,1,0,123,1,9,0
9048586,0,0,1,1,0,0,123,1,9,0
9048669,0,0,0,0,1,0,123,1,9,0
9049478,1,1,1,1,1,0,123,1,9,0
9049955,0,1,1,0,1,0,123,1,9,0
9050737,0,0,0,0,1,0,123,1,9,0
9050809,0,0,1,1,0,0,123,1,9,0
9053069,1,0,0,1,1,0,123,1,9,0
9054497,1,0,0,1,1,0,123,1,9,0
9054600,1,0,0,1,1,0,123,1,9,0
9055352,0,0,0,0,1,0,123,1,9,0
9056350,0,1,0,1,0,0,123,1,9,0
9056567,0,0,1,1,0,0,123,1,9,0
9057516,1,1,0,0,0,0,123,1,9,0
9058131,0,1,0,1,0,0,123,1,9,0
9059090,1,1,1,1,1,0,123,1,9,0
9059774,1,1,0,0,0,0,123,1,9,0
9060807,1,0,0,1,1,0,123,1,9,0
9060924,1,0,1,0,0,0,123,1,9,0
9061225,1,1,1,1,1,0,123,1,9,0
9062194,1,1,1,1,1,0,123,1,9,0
9062288,1,1,0,0,0,0,123,1,9,0
9062638,1,0,0,1,1,0,123,1,9,0
9064339,0,1,1,0,1,0,123,1,9,0
9065094,1,0,1,0,0,0,123,1,9,0
9065604,1,0,1,0,0,0,123,1,9,0
9065654,1,1,1,1,1,0,123,1,9,0
9066123,0,1,1,1,1,1,123,1,9,0
9066487,1,0,0,1,1,0,123,1,9,0
9066649,1,1,1,1,1,0,123,1,9,0
9066821,1,0,1,0,0,0,123,1,9,0
9066905,1,0,0,1,1,0,123,1,9,0
9067675,0,0,0,0,1,0,123,1,9,0
9068852,1,1,0,0,0,0,123,1,9,0
9070292,1,0,1,0,0,0,123,1,9,0
9070316,1,0,0,1,1,0,123,1,9,0
9071424,0,0,0,0,1,0,123,1,9,0
9071865,0,0,0,0,1,0,123,1,9,0
9073098,0,0,0,0,1,0,123,1,9,0
9073343,0,0,1,1,0,0,123,1,9,0
9074387,1,0,0,1,1,0,123,1,9,0
9075369,0,0,1,1,0,0,123,1,9,0
9075514,0,0,1,1,0,0,123,1,9,0
9075543,1,0,0,1,1,0,123,1,9,0
9076309,0,1,0,1,0,0,123,1,9,0
9077243,0,1,0,1,0,0,123,1,9,0
9077883,1,1,0,0,0,0,123,1,9,0
9078200,1,1,1,1,1,0,123,1,9,0
9078450,0,0,1,1,0,0,123,1,9,0
9078573,1,1,0,0,0,0,123,1,9,0
9079455,0,0,1,1,0,0,123,1,9,0
9080147,1,0,1,0,0,0,123,1,9,0
9080623,1,0,0,1,1,0,123,1,9,0
9080743,0,0,0,1,1,1,123,1,9,0
9081594,1,0,1,0,0,0,123,1,9,0
9081957,1,1,1,1,1,0,123,1,9,0
9082555,1,0,1,0,0,0,123,1,9,0
9083226,1,0,0,1,1,0,123,1,9,0
9084040,1,1,1,1,1,0,123,1,9,0
9085000,0,1,1,0,1,0,123,1,9,0
9086121,1,0,0,1,1,0,123,1,9,0
9087800,0,0,1,1,0,0,123,1,9,0
9091126,0,1,0,1,0,0,123,1,9,0
9091667,0,1,1,0,1,0,123,1,9,0
9092399,0,0,1,1,0,0,123,1,9,0
9092415,0,1,0,1,0,0,123,1,9,0
9095470,0,0,0,0,1,0,123,1,9,0
9096153,0,1,0,1,0,0,123,1,9,0
9096653,1,1,0,0,0,0,123,1,9,0
9096870,0,0,1,1,0,0,123,1,9,0
9097620,0,0,1,1,0,0,123,1,9,0
9097807,0,0,1,1,0,0,123,1,9,0
9098412,0,1,1,0,1,0,123,1,9,0
9099513,1,0,0,1,1,0,123,1,9,0
9101852,1,1,1,1,1,0,123,1,9,0
9102627,0,0,1,1,0,0,123,1,9,0
9104317,0,0,0,0,1,0,123,1,9,0
9105892,1,1,1,1,1,0,123,1,9,0
9106598,1,1,1,1,1,0,123,1,9,0
9107120,1,1,0,0,0,0,123,1,9,0
9107154,1,0,1,0,0,0,123,1,9,0
9109135,0,0,0,0,1,0,123,1,9,0
9109321,0,0,1,1,0,0,123,1,9,0
9111471,0,0,0,0,1,0,134,1,9,0
9112271,0,0,0,0,1,0,134,1,9,0
9114288,1,0,1,0,0,0,134,1,9,0
9114949,1,1,0,0,0,0,134,1,9,0
9115389,0,0,1,1,0,0,134,1,9,0
9115910,0,0,0,0,1,0,134,1,9,0
9116058,0,0,0,0,1,0,134,1,9,0
9116101,0,1,0,1,0,0,134,1,9,0
9116764,1,1,0,0,0,0,134,1,9,0
9117070,0,0,1,1,0,0,134,1,9,0
9118779,0,1,0,1,0,0,134,1,9,0
9118813,1,0,0,1,1,0,134,1,9,0
9119212,0,1,1,0,1,0,134,1,9,0
9119727,0,0,0,1,1,1,134,1,9,0
9119881,0,0,1,1,0,0,134,1,9,0
9120061,1,0,0,1,1,0,134,1,9,0
9120277,0,0,0,0,1,0,134,1,9,0
9120430,0,0,1,1,0,0,134,1,9,0
9120811,1,1,1,1,1,0,134,1,9,0
9121997,1,1,0,0,0,0,134,1,9,0
9122196,0,0,1,1,0,0,134,1,9,0
9122209,0,1,0,1,0,0,134,1,9,0
9122315,0,0,0,0,1,0,134,1,9,0
9122522,0,0,0,0,1,0,134,1,9,0
9122604,0,0,1,0,0,0,134,1,9,0
9122981,1,1,1,1,1,0,134,1,9,0
9123292,0,0,0,0,1,0,134,1,9,0
9123481,0,0,0,0,1,0,134,1,9,0
9124441,1,0,0,1,1,0,134,1,9,0
9124497,0,1,0,1,0,0,134,1,9,0
9124498,0,1,0,1,0,0,134,1,9,0
9125820,0,0,0,0,1,0,134,1,9,0
9126671,0,1,0,1,0,0,134,1,9,0
9126991,1,1,0,0,0,0,134,1,9,0
9127000,1,1,0,0,0,0,134,1,9,0
9127170,1,1,1,1,1,0,134,1,9,0
9127603,1,0,0,1,1,0,134,1,9,0
9128010,0,0,0,0,1,0,134,1,9,0
9128896,0,1,0,1,0,0,134,1,9,0
9128924,1,0,1,0,0,0,134,1,9,0
9128943,1,1,0,0,0,0,134,1,9,0
9129125,1,1,0,0,0,0,134,1,9,0
9130627,0,1,1,0,1,0,134,1,9,0
9132945,1,1,0,0,0,0,134,1,9,0
9134179,0,1,0,1,0,0,134,1,9,0
9134443,0,1,1,0,1,0,134,1,9,0
9135417,1,0,1,0,0,0,134,1,9,0
9136057,0,0,1,1,0,0,134,1,9,0
9136375,0,0,1,1,0,0,134,1,9,0
9136876,0,0,1,1,0,0,134,1,9,0
9137515,0,0,1,1,0,0,134,1,9,0
9137757,0,0,0,0,1,0,134,1,9,0
9137788,0,1,0,1,0,0,134,1,9,0
9138345,1,1,1,1,1,0,134,1,9,0
9138414,0,1,0,1,0,0,134,1,9,0
9138552,1,1,0,0,0,0,134,1,9,0
9138702,1,1,1,1,1,0,134,1,9,0
9138852,0,0,0,0,1,0,134,1,9,0
9140528,0,0,1,1,0,0,134,1,9,0
9142139,0,0,0,0,1,0,134,1,9,0
9142624,1,1,1,1,1,0,134,1,9,0
9142963,0,1,1,0,1,0,134,1,9,0
9143962,0,1,0,1,0,0,134,1,9,0
9146379,1,1,0,0,0,0,134,1,9,0
9148338,1,1,1,1,1,0,134,1,9,0
9149189,1,1,1,1,1,0,134,1,9,0
9149243,1,0,1,0,0,0,134,1,9,0
9151187,1,0,0,1,1,0,134,1,9,0
9152620,1,0,0,1,1,0,134,1,9,0
9152802,0,1,0,1,0,0,134,1,9,0
9154047,1,1,1,1,1,0,134,1,9,0
9154147,1,0,0,1,1,0,134,1,9,0
9154172,0,0,1,1,0,0,134,1,9,0
9154661,1,0,0,1,1,0,134,1,9,0
9155093,0,0,0,0,1,0,134,1,9,0
9155912,0,1,0,1,0,0,134,1,9,0
9156881,0,0,1,1,0,0,134,1,9,0
9156924,0,1,1,0,1,0,134,1,9,0
9157212,0,0,1,0,0,0,134,1,9,0
9157265,0,1,1,0,1,0,134,1,9,0
9158116,0,0,0,0,1,0,134,1,9,0
9158973,0,1,0,1,0,0,134,1,9,0
9159478,1,0,0,1,1,0,134,1,9,0
9160078,0,1,1,0,1,0,134,1,9,0
9160259,0,1,1,0,1,0,134,1,9,0
9161259,0,0,0,0,1,0,134,1,9,0
9161482,0,1,1,0,1,0,134,1,9,0
9163599,1,1,1,1,1,0,134,1,9,0
9163674,0,0,1,1,0,0,134,1,9,0
9165161,0,1,1,0,1,0,134,1,9,0
9165593,1,0,1,0,0,0,134,1,9,0
9165607,1,1,0,0,0,0,134,1,9,0
9166162,1,1,1,1,1,0,134,1,9,0
9166779,1,0,1,0,0,0,134,1,9,0
9166927,1,0,1,0,0,0,134,1,9,0
9167229,1,0,0,1,1,0,134,1,9,0
9168153,0,0,0,0,1,0,134,1,9,0
9170515,1,1,0,0,0,0,134,1,9,0
9171097,1,1,0,0,0,0,134,1,9,0
9172712,1,0,1,0,0,0,134,1,9,0
9174930,1,1,0,0,0,0,134,1,9,0
9176508,1,0,1,0,0,0,107,1,9,0
9176564,0,1,1,0,1,0,107,1,9,0
9179466,1,0,1,0,0,0,107,1,9,0
9179725,0,0,1,1,0,0,107,1,9,0
9180189,1,0,1,0,0,0,107,1,9,0
9181133,0,0,0,0,1,0,107,1,9,0
9182134,1,1,0,0,0,0,107,1,9,0
9182678,1,1,0,0,0,0,107,1,9,0
9182926,1,1,1,1,1,0,107,1,9,0
9183026,1,0,1,0,0,0,107,1,9,0
9183032,1,0,0,1,1,0,107,1,9,0
9183267,0,1,1,0,1,0,107,1,9,0
9183483,0,0,0,0,1,0,107,1,9,0
9183722,0,1,1,0,1,0,107,1,9,0
9183925,0,1,0,1,0,0,107,1,9,0
9184103,1,0,0,1,1,0,107,1,9,0
9184463,1,1,1,1,1,0,107,1,9,0
9185528,1,0,0,1,1,0,107,1,9,0
9186529,1,0,0,1,1,0,107,1,9,0
9188548,1,1,1,0,1,1,107,1,9,0
9189607,0,1,0,1,0,0,107,1,9,0
9189680,0,1,1,0,1,0,107,1,9,0
9189855,1,0,0,1,1,0,107,1,9,0
9191371,1,0,0,1,1,0,107,1,9,0
9192249,1,0,0,1,1,0,107,1,9,0
9192704,1,1,1,1,1,0,107,1,9,0
9194858,1,1,1,1,1,0,107,1,9,0
9194968,0,0,0,0,1,0,107,1,9,0
9195218,1,0,0,1,1,0,107,1,9,0
9196009,0,0,0,0,1,0,107,1,9,0
9196527,0,1,1,0,1,0,107,1,9,0
9196637,1,0,0,1,1,0,107,1,9,0
9197121,0,0,1,1,0,0,107,1,9,0
9197541,0,1,0,1,0,0,107,1,9,0
9198332,0,1,0,1,0,0,107,1,9,0
9199148,0,0,1,1,0,0,107,1,9,0
9200162,1,1,1,1,1,0,107,1,9,0
9200931,0,1,0,1,0,0,107,1,9,0
9202634,0,0,0,0,1,0,107,1,9,0
9204472,1,1,0,0,0,0,107,1,9,0
9205778,1,1,1,1,1,0,107,1,9,0
9205978,1,1,1,1,1,0,107,1,9,0
9206181,0,0,1,1,0,0,107,1,9,0
9206600,0,0,0,0,1,0,107,1,9,0
9206811,0,0,1,1,0,0,107,1,9,0
9208039,0,0,1,1,0,0,107,1,9,0
9208387,1,0,0,1,1,0,107,1,9,0
9208511,0,0,1,1,0,0,107,1,9,0
9210990,0,0,0,0,1,0,107,1,9,0
9211740,1,0,0,1,1,0,107,1,9,0
9213233,0,1,1,0,1,0,107,1,9,0
9213289,0,0,1,1,0,0,107,1,9,0
9213791,0,0,1,1,0,0,107,1,9,0
9213830,0,0,0,0,1,0,107,1,9,0
9214249,0,0,1,1,0,0,107,1,9,0
9214871,1,1,0,0,0,0,107,1,9,0
9216068,0,1,1,0,1,0,107,1,9,0
9217117,1,0,0,1,1,0,107,1,9,0
9218044,1,1,0,0,0,0,107,1,9,0
9219767,1,1,0,0,0,0,107,1,9,0
9222113,1,1,0,0,0,0,107,1,9,0
9222652,0,0,0,0,1,0,107,1,9,0
9223960,0,1,0,1,0,0,107,1,9,0
9224560,0,1,1,0,1,0,107,1,9,0
9226176,0,1,0,1,0,0,107,1,9,0
9227084,1,0,0,1,1,0,107,1,9,0
9227365,0,1,1,0,1,0,107,1,9,0
9227968,0,0,1,1,0,0,107,1,9,0
9229609,0,1,1,0,1,0,107,1,9,0
9230101,0,1,1,0,1,0,107,1,9,0
9230444,0,1,1,0,1,0,107,1,9,0
9230566,0,0,1,1,0,0,107,1,9,0
9231184,0,1,1,1,1,1,107,1,9,0
9232637,0,1,0,1,0,0,107,1,9,0
9233028,0,0,0,0,1,0,107,1,9,0
9233329,1,0,1,0,0,0,107,1,9,0
9234874,1,1,1,0,1,1,107,1,9,0
9234929,1,0,0,1,1,0,107,1,9,0
9236089,0,0,1,1,0,0,107,1,9,0
9237975,0,1,1,0,1,0,107,1,9,0
9238320,1,0,0,1,1,0,107,1,9,0
9238383,0,1,0,1,0,0,107,1,9,0
9238460,1,1,0,0,0,0,107,1,9,0
9240199,0,0,1,1,0,0,107,1,9,0
9242170,1,1,0,0,0,0,124,1,9,0
9242239,0,1,0,1,0,0,124,1,9,0
9242989,0,1,1,0,1,0,124,1,9,0
9244100,0,0,1,1,0,0,124,1,9,0
9244788,1,0,0,1,1,0,124,1,9,0
9245456,1,0,1,0,0,0,124,1,9,0
9245604,1,1,1,1,1,0,124,1,9,0
9246278,0,1,0,1,0,0,124,1,9,0
9246564,0,0,0,0,1,0,124,1,9,0
9246693,1,0,1,1,0,0,124,1,9,0
9247698,1,1,1,1,1,0,124,1,9,0
9247908,0,1,1,0,1,0,124,1,9,0
9248619,1,1,1,1,1,0,124,1,9,0
9249138,0,0,0,0,1,0,124,1,9,0
9249268,0,0,1,1,0,0,124,1,9,0
9249335,1,1,0,0,0,0,124,1,9,0
9249602,0,0,0,0,1,0,124,1,9,0
9249758,1,0,0,1,1,0,124,1,9,0
9250359,1,0,1,1,0,0,124,1,9,0
9250501,0,1,0,1,0,0,124,1,9,0
9250691,0,0,1,1,0,0,124,1,9,0
9250702,0,1,1,0,1,0,124,1,9,0
9252495,0,1,1,0,1,0,124,1,9,0
9253108,0,1,1,0,1,0,124,1,9,0
9254386,0,0,0,0,1,0,124,1,9,0
9254445,1,1,0,0,0,0,124,1,9,0
9254547,0,0,0,0,1,0,124,1,9,0
9255634,0,1,0,1,0,0,124,1,9,0
9256023,0,0,0,0,1,0,124,1,9,0
9256638,1,0,1,0,0,0,124,1,9,0
9257366,1,0,0,1,1,0,124,1,9,0
9257835,0,1,1,0,1,0,124,1,9,0
9258162,0,0,1,1,0,0,124,1,9,0
9258504,0,0,0,0,1,0,124,1,9,0
9258742,1,0,1,0,0,0,124,1,9,0
9258845,0,1,1,0,1,0,124,1,9,0
9260355,0,1,0,1,0,0,124,1,9,0
9262122,1,0,1,0,0,0,124,1,9,0
9264127,1,0,1,0,0,0,124,1,9,0
9264939,1,0,0,1,1,0,124,1,9,0
9265008,1,0,1,0,0,0,124,1,9,0
9265755,0,1,1,0,1,0,124,1,9,0
9265895,0,0,1,1,0,0,124,1,9,0
9266995,0,1,0,1,0,0,124,1,9,0
9268165,1,0,1,1,0,0,124,1,9,0
9269558,0,0,0,0,1,0,124,1,9,0
9270842,1,1,0,0,0,0,124,1,9,0
9271240,0,1,0,1,0,0,124,1,9,0
9271259,1,1,0,0,0,0,124,1,9,0
9271800,0,1,1,0,1,0,124,1,9,0
9272611,1,0,0,0,1,1,124,1,9,0
9274208,0,0,0,0,1,0,124,1,9,0
9274873,1,1,0,0,0,0,124,1,9,0
9275339,1,0,0,1,1,0,124,1,9,0
9276560,1,0,0,1,1,0,124,1,9,0
9276680,0,1,0,1,0,0,124,1,9,0
9278365,0,1,0,1,0,0,124,1,9,0
9281620,0,1,1,0,1,0,124,1,9,0
9282023,1,1,1,1,1,0,124,1,9,0
9282112,0,0,0,0,1,0,124,1,9,0
9282671,1,0,1,0,0,0,124,1,9,0
9282825,1,1,0,0,0,0,124,1,9,0
9283862,1,0,1,0,0,0,124,1,9,0
9284700,0,1,1,0,1,0,124,1,9,0
9284783,1,1,0,0,0,0,124,1,9,0
9285147,0,1,0,1,0,0,124,1,9,0
9285373,1,0,1,0,0,0,124,1,9,0
9285444,0,1,0,1,0,0,124,1,9,0
9285783,1,1,1,1,1,0,124,1,9,0
9285908,1,1,0,0,0,0,124,1,9,0
9288314,1,0,1,0,0,0,124,1,9,0
9289725,0,1,0,1,0,0,124,1,9,0
9289931,0,0,0,0,1,0,124,1,9,0
9292302,0,0,1,1,0,0,124,1,9,0
9292472,0,0,0,0,1,0,124,1,9,0
9292590,0,0,0,0,1,0,124,1,9,0
9293688,1,0,0,1,1,0,124,1,9,0
9293820,0,1,0,1,0,0,124,1,9,0
9294619,0,1,1,0,1,0,124,1,9,0
9294651,0,0,1,1,0,0,124,1,9,0
9295917,0,1,1,0,1,0,124,1,9,0
9295939,1,1,0,0,0,0,124,1,9,0
9297131,1,0,1,0,0,0,124,1,9,0
9297570,1,1,1,1,1,0,124,1,9,0
9298348,1,1,0,0,0,0,124,1,9,0
9298374,0,0,1,1,0,0,124,1,9,0
9298989,1,1,1,1,1,0,124,1,9,0
9299430,0,1,0,1,0,0,124,1,9,0
9299475,1,1,0,0,0,0,124,1,9,0
9299766,0,0,1,1,0,0,124,1,9,0
9300066,0,1,1,0,1,0,124,1,9,0
9301365,0,0,1,1,0,0,124,1,9,0
9303256,1,1,0,0,0,0,124,1,9,0
9303470,0,1,1,0,1,0,124,1,9,0
9304545,0,0,0,0,1,0,124,1,9,0
9308897,1,1,0,0,0,0,139,1,9,0
9309784,1,1,1,1,1,0,139,1,9,0
9310127,1,1,0,0,0,0,139,1,9,0
9310279,0,1,1,0,1,0,139,1,9,0
9310576,0,0,0,0,1,0,139,1,9,0
9310897,0,0,1,1,0,0,139,1,9,0
9311074,1,1,0,0,0,0,139,1,9,0
9311595,0,0,0,0,1,0,139,1,9,0
9311803,0,0,1,1,0,0,139,1,9,0
9315712,0,1,1,1,1,1,139,1,9,0
9316362,0,1,0,1,0,0,139,1,9,0
9316930,1,0,1,0,0,0,139,1,9,0
9317476,1,1,1,1,1,0,139,1,9,0
9318535,1,0,1,0,0,0,139,1,9,0
9319499,1,1,1,1,1,0,139,1,9,0
9320352,1,1,1,1,1,0,139,1,9,0
9320983,0,0,1,1,0,0,139,1,9,0
9321176,1,1,1,1,1,0,139,1,9,0
9323465,0,0,0,0,1,0,139,1,9,0
9323700,0,1,1,0,1,0,139,1,9,0
9324098,1,0,1,0,0,0,139,1,9,0
9324547,0,1,1,0,1,0,139,1,9,0
9324907,1,1,0,0,0,0,139,1,9,0
9325472,0,0,0,0,1,0,139,1,9,0
9325550,1,1,0,0,0,0,139,1,9,0
9325595,0,0,1,1,0,0,139,1,9,0
9326016,0,1,0,1,0,0,139,1,9,0
9327164,1,1,0,0,0,0,139,1,9,0
9327399,1,1,1,1,1,0,139,1,9,0
9328300,1,1,1,1,1,0,139,1,9,0
9328779,0,0,1,1,0,0,139,1,9,0
9329000,0,0,0,0,1,0,139,1,9,0
9329316,1,0,1,0,0,0,139,1,9,0
9329594,0,0,0,0,1,0,139,1,9,0
9331314,0,0,1,1,0,0,139,1,9,0
9333960,0,0,0,0,1,0,139,1,9,0
9334595,0,0,0,0,1,0,139,1,9,0
9334703,0,0,0,0,1,0,139,1,9,0
9335469,0,0,1,1,0,0,139,1,9,0
9335553,1,0,1,0,0,0,139,1,9,0
9335963,0,0,1,1,0,0,139,1,9,0
9336385,0,0,1,1,0,0,139,1,9,0
9336668,0,0,0,0,1,0,139,1,9,0
9340051,0,0,1,1,0,0,139,1,9,0
9340495,1,1,1,1,1,0,139,1,9,0
9341713,0,0,1,1,0,0,139,1,9,0
9342104,1,0,1,0,0,0,139,1,9,0
9343157,1,0,1,0,0,0,139,1,9,0
9343476,1,1,1,1,1,0,139,1,9,0
9343656,1,0,0,1,1,0,139,1,9,0
9343866,0,1,1,0,1,0,139,1,9,0
9345291,0,1,0,1,0,0,139,1,9,0
9345405,0,1,0,1,0,0,139,1,9,0
9346380,1,0,0,1,1,0,139,1,9,0
9347446,0,0,1,1,0,0,139,1,9,0
9347484,1,1,1,1,1,0,139,1,9,0
9347950,1,1,0,0,0,0,139,1,9,0
9348673,1,0,0,1,1,0,139,1,9,0
9348840,1,0,1,0,0,0,139,1,9,0
9348981,0,0,0,0,1,0,139,1,9,0
9350719,0,0,1,1,0,0,139,1,9,0
9350814,1,1,0,0,0,0,139,1,9,0
9351043,1,1,1,1,1,0,139,1,9,0
9351382,0,0,1,1,0,0,139,1,9,0
9353098,0,1,0,1,0,0,139,1,9,0
9353978,1,1,0,0,0,0,139,1,9,0
9354671,1,0,1,1,0,0,139,1,9,0
9355689,1,1,1,1,1,0,139,1,9,0
9356035,0,1,0,1,0,0,139,1,9,0
9356357,0,1,0,1,0,0,139,1,9,0
9356498,0,0,0,0,1,0,139,1,9,0
9356504,0,1,0,1,0,0,139,1,9,0
9356859,1,1,1,1,1,0,139,1,9,0
9360033,0,1,0,1,0,0,139,1,9,0
9360601,1,0,1,0,0,0,139,1,9,0
9363189,1,0,0,1,1,0,139,1,9,0
9363787,1,1,0,0,0,0,139,1,9,0
9363931,0,1,0,1,0,0,139,1,9,0
9364075,1,0,1,0,0,0,139,1,9,0
9364217,1,1,0,0,0,0,139,1,9,0
9364385,1,0,1,0,0,0,139,1,9,0
9364797,1,1,1,1,1,0,139,1,9,0
9366235,1,0,0,1,1,0,139,1,9,0
9369040,0,0,0,0,1,0,139,1,9,0
9369113,1,1,1,1,1,0,139,1,9,0
9369827,1,0,1,0,0,0,139,1,9,0
9371394,0,0,0,0,1,0,139,1,9,0
9372627,1,1,1,1,1,0,119,1,9,0
9373522,0,1,1,0,1,0,119,1,9,0
9373857,0,0,1,1,0,0,119,1,9,0
9375841,1,0,0,1,1,0,119,1,9,0
9377160,1,1,0,0,0,0,119,1,9,0
9377192,0,0,0,0,1,0,119,1,9,0
9379054,1,0,0,1,1,0,119,1,9,0
9379068,0,0,1,0,0,0,119,1,9,0
9379446,1,0,0,1,1,0,119,1,9,0
9382113,0,1,0,1,0,0,119,1,9,0
9382276,0,0,1,1,0,0,119,1,9,0
9382980,1,1,0,0,0,0,119,1,9,0
9386323,0,0,0,0,1,0,119,1,9,0
9386349,1,0,0,1,1,0,119,1,9,0
9388129,1,0,1,0,0,0,119,1,9,0
9388698,1,1,0,0,0,0,119,1,9,0
9389518,1,0,0,1,1,0,119,1,9,0
9390027,1,0,0,1,1,0,119,1,9,0
9391459,1,0,1,0,0,0,119,1,9,0
9392902,1,1,1,1,1,0,119,1,9,0
9394655,0,0,1,1,0,0,119,1,9,0
9395195,1,1,0,0,0,0,119,1,9,0
9396441,1,1,0,0,0,0,119,1,9,0
9397174,0,0,0,0,1,0,119,1,9,0
9398158,1,1,1,1,1,0,119,1,9,0
9398367,1,1,0,0,0,0,119,1,9,0
9399851,1,0,1,1,0,0,119,1,9,0
9400590,0,0,1,1,0,0,119,1,9,0
9401747,1,0,0,1,1,0,119,1,9,0
9401822,0,0,1,1,0,0,119,1,9,0
9402348,0,1,0,1,0,0,119,1,9,0
9402508,0,1,1,0,1,0,119,1,9,0
9404401,0,1,0,1,0,0,119,1,9,0
9406421,0,1,0,1,0,0,119,1,9,0
9408338,0,0,0,0,1,0,119,1,9,0
9408903,0,0,0,0,1,0,119,1,9,0
9411066,0,1,0,1,0,0,119,1,9,0
9411162,1,1,1,1,1,0,119,1,9,0
9412082,0,1,1,1,1,1,119,1,9,0
9412320,1,0,1,0,0,0,119,1,9,0
9413036,0,0,0,0,1,0,119,1,9,0
9413284,0,0,0,0,1,0,119,1,9,0
9413909,1,1,0,0,0,0,119,1,9,0
9414348,0,0,1,1,0,0,119,1,9,0
9415433,0,1,1,0,1,0,119,1,9,0
9415770,0,1,0,1,0,0,119,1,9,0
9417045,1,0,1,0,0,0,119,1,9,0
9417475,0,0,0,0,1,0,119,1,9,0
9417823,0,1,0,1,0,0,119,1,9,0
9419985,1,0,1,0,0,0,119,1,9,0
9420779,1,0,1,0,0,0,119,1,9,0
9421208,0,0,1,1,0,0,119,1,9,0
9422146,1,1,1,1,1,0,119,1,9,0
9425442,1,0,1,0,0,0,119,1,9,0
9425445,0,0,0,0,1,0,119,1,9,0
9426249,0,0,1,1,0,0,119,1,9,0
9427045,1,1,0,0,0,0,119,1,9,0
9427531,0,0,0,0,1,0,119,1,9,0
9428353,0,0,0,0,1,0,119,1,9,0
9428837,1,0,1,0,0,0,119,1,9,0
9429219,0,1,0,1,0,0,119,1,9,0
9430969,1,0,0,1,1,0,119,1,9,0
9433314,1,1,1,1,1,0,119,1,9,0
9434398,0,0,0,0,1,0,119,1,9,0
9434777,1,0,1,0,0,0,119,1,9,0
9437165,1,0,0,0,1,1,119,1,9,0
9437283,0,0,0,0,1,0,135,1,9,0
9437558,1,0,0,1,1,0,135,1,9,0
9437568,0,0,1,1,0,0,135,1,9,0
9437601,1,0,0,1,1,0,135,1,9,0
9437925,0,0,0,0,1,0,135,1,9,0
9438467,0,1,0,1,0,0,135,1,9,0
9438475,0,1,1,0,1,0,135,1,9,0
9439848,0,1,0,1,0,0,135,1,9,0
9439885,0,0,1,1,0,0,135,1,9,0
9439975,1,0,0,1,1,0,135,1,9,0
9440653,0,0,1,1,0,0,135,1,9,0
9441371,1,0,1,0,0,0,135,1,9,0
9442847,0,0,0,0,1,0,135,1,9,0
9442988,0,0,1,1,0,0,135,1,9,0
9443661,0,0,0,0,1,0,135,1,9,0
9445113,1,1,0,0,0,0,135,1,9,0
9445494,1,0,1,0,0,0,135,1,9,0
9445786,1,0,0,1,1,0,135,1,9,0
9448122,1,0,1,0,0,0,135,1,9,0
9448145,1,1,1,1,1,0,135,1,9,0
9449642,0,1,0,1,0,0,135,1,9,0
9450934,1,1,1,1,1,0,135,1,9,0
9452682,1,0,1,0,0,0,135,1,9,0
9452703,1,0,1,0,0,0,135,1,9,0
9452792,0,1,0,1,0,0,135,1,9,0
9452980,0,1,0,1,0,0,135,1,9,0
9452991,0,1,1,0,1,0,135,1,9,0
9453316,0,1,1,0,1,0,135,1,9,0
9454749,0,1,1,0,1,0,135,1,9,0
9455362,0,1,1,0,1,0,135,1,9,0
9457248,1,0,1,0,0,0,135,1,9,0
9458530,0,1,0,1,0,0,135,1,9,0
9458582,0,1,0,1,0,0,135,1,9,0
9458790,1,1,1,1,1,0,135,1,9,0
9460163,0,0,1,1,0,0,135,1,9,0
9460238,1,1,1,1,1,0,135,1,9,0
9460879,1,1,0,0,0,0,135,1,9,0
9461750,0,0,1,1,0,0,135,1,9,0
9464581,0,1,1,0,1,0,135,1,9,0
9464891,1,1,1,0,1,1,135,1,9,0
9465125,0,0,0,0,1,0,135,1,9,0
9465333,0,0,0,0,1,0,135,1,9,0
9465641,1,1,0,0,0,0,135,1,9,0
9465725,1,0,1,0,0,0,135,1,9,0
9465926,1,0,1,0,0,0,135,1,9,0
9466502,0,0,1,1,0,0,135,1,9,0
9466548,0,0,0,0,1,0,135,1,9,0
9466813,0,0,1,1,0,0,135,1,9,0
9467079,1,0,0,1,1,0,135,1,9,0
9467265,0,1,0,1,0,0,135,1,9,0
9468730,1,1,1,1,1,0,135,1,9,0
9468787,0,0,0,0,1,0,135,1,9,0
9470911,1,1,0,0,0,0,135,1,9,0
9471510,1,0,1,0,0,0,135,1,9,0
9472058,0,1,0,1,0,0,135,1,9,0
9472458,1,0,0,1,1,0,135,1,9,0
9473295,1,1,0,0,0,0,135,1,9,0
9474246,1,0,0,1,1,0,135,1,9,0
9474689,0,1,0,1,0,0,135,1,9,0
9475488,1,1,0,0,0,0,135,1,9,0
9476402,0,1,0,1,0,0,135,1,9,0
9476958,0,0,1,1,0,0,135,1,9,0
9477552,0,1,1,0,1,0,135,1,9,0
9478075,1,1,0,0,0,0,135,1,9,0
9478546,0,1,0,1,0,0,135,1,9,0
9478791,1,0,0,1,1,0,135,1,9,0
9481227,1,0,1,0,0,0,135,1,9,0
9482487,0,0,0,0,1,0,135,1,9,0
9482557,1,0,1,0,0,0,135,1,9,0
9482802,0,0,0,0,1,0,135,1,9,0
9482933,0,1,0,1,0,0,135,1,9,0
9483154,0,0,0,0,1,0,135,1,9,0
9483712,0,1,0,1,0,0,135,1,9,0
9484526,0,1,0,1,0,0,135,1,9,0
9485109,0,1,1,0,1,0,135,1,9,0
9486294,0,0,0,0,1,0,135,1,9,0
9486882,0,0,0,0,1,0,135,1,9,0
9486975,0,0,0,0,1,0,135,1,9,0
9487080,1,1,1,1,1,0,135,1,9,0
9487152,1,1,0,0,0,0,135,1,9,0
9487377,0,1,1,0,1,0,135,1,9,0
9487690,0,1,0,1,0,0,135,1,9,0
9489471,1,1,0,0,0,0,135,1,9,0
9489478,1,0,1,0,0,0,135,1,9,0
9490303,0,0,1,1,0,0,135,1,9,0
9491330,0,0,0,0,1,0,135,1,9,0
9491647,0,1,0,1,0,0,135,1,9,0
9491751,0,0,1,1,0,0,135,1,9,0
9492703,1,1,0,0,0,0,135,1,9,0
9493353,0,0,0,0,1,0,135,1,9,0
9494320,1,0,1,0,0,0,135,1,9,0
9496260,1,1,1,1,1,0,135,1,9,0
9496559,0,0,0,0,1,0,135,1,9,0
9496747,0,0,0,0,1,0,135,1,9,0
9496807,1,1,0,0,0,0,135,1,9,0
9497796,1,1,0,0,0,0,135,1,9,0
9497896,1,0,1,0,0,0,135,1,9,0
9498314,1,0,0,1,1,0,135,1,9,0
9499706,0,0,0,0,1,0,135,1,9,0
9499830,1,1,1,1,1,0,135,1,9,0
9499940,0,0,0,0,1,0,135,1,9,0
9500609,0,1,1,0,1,0,135,1,9,0
9500628,0,1,1,0,1,0,135,1,9,0
9501124,1,1,1,1,1,0,135,1,9,0
9501527,1,0,0,1,1,0,135,1,9,0
9501596,1,0,0,1,1,0,135,1,9,0
9503888,0,0,1,1,0,0,115,1,9,0
9504783,1,0,1,0,0,0,115,1,9,0
9505061,0,1,0,1,0,0,115,1,9,0
9505652,0,0,1,1,0,0,115,1,9,0
9507486,0,0,0,0,1,0,115,1,9,0
9507579,1,1,1,1,1,0,115,1,9,0
9508174,0,0,0,0,1,0,115,1,9,0
9508432,0,0,1,1,0,0,115,1,9,0
9509193,0,1,1,0,1,0,115,1,9,0
9509305,1,1,1,1,1,0,115,1,9,0
9509684,1,0,0,1,1,0,115,1,9,0
9512256,0,0,1,1,0,0,115,1,9,0
9512754,1,0,1,0,0,0,115,1,9,0
9514990,1,0,1,0,0,0,115,1,9,0
9515326,1,1,1,1,1,0,115,1,9,0
9515503,0,1,1,0,1,0,115,1,9,0
9515671,0,1,0,1,0,0,115,1,9,0
9516723,0,1,0,1,0,0,115,1,9,0
9516859,0,0,0,0,1,0,115,1,9,0
9519596,0,0,1,1,0,0,115,1,9,0
9520143,1,0,0,1,1,0,115,1,9,0
9521963,0,1,0,1,0,0,115,1,9,0
9523136,1,0,1,0,0,0,115,1,9,0
9523673,0,1,0,1,0,0,115,1,9,0
9525011,0,1,0,1,0,0,115,1,9,0
9525321,1,1,0,0,0,0,115,1,9,0
9526419,1,1,0,0,0,0,115,1,9,0
9526437,1,0,0,1,1,0,115,1,9,0
9527151,1,0,0,1,1,0,115,1,9,0
9527607,0,0,1,1,0,0,115,1,9,0
9528098,1,1,1,1,1,0,115,1,9,0
9528297,1,1,1,0,1,1,115,1,9,0
9528725,1,1,0,0,0,0,115,1,9,0
9528907,1,0,0,1,1,0,115,1,9,0
9529032,1,0,0,1,1,0,115,1,9,0
9530654,0,0,0,0,1,0,115,1,9,0
9530956,0,0,1,1,0,0,115,1,9,0
9531240,0,0,0,0,1,0,115,1,9,0
9534863,0,1,0,1,0,0,115,1,9,0
9535418,0,0,1,1,0,0,115,1,9,0
9536939,1,1,1,1,1,0,115,1,9,0
9537630,0,0,0,0,1,0,115,1,9,0
9537997,1,1,1,1,1,0,115,1,9,0
9538644,1,1,1,1,1,0,115,1,9,0
9538839,1,0,0,1,1,0,115,1,9,0
9539075,1,1,0,0,0,0,115,1,9,0
9539832,1,1,1,1,1,0,115,1,9,0
9540454,0,0,1,1,0,0,115,1,9,0
9540661,0,1,0,1,0,0,115,1,9,0
9541829,1,1,1,1,1,0,115,1,9,0
9543817,0,0,1,1,0,0,115,1,9,0
9544057,1,0,1,0,0,0,115,1,9,0
9545559,0,0,1,1,0,0,115,1,9,0
9545876,0,0,0,0,1,0,115,1,9,0
9546269,0,0,1,1,0,0,115,1,9,0
9547434,0,0,1,1,0,0,115,1,9,0
9548116,1,1,0,0,0,0,115,1,9,0
9548136,0,1,0,1,0,0,115,1,9,0
9548225,1,0,0,0,1,1,115,1,9,0
9549129,0,0,0,0,1,0,115,1,9,0
9549174,1,1,0,0,0,0,115,1,9,0
9549907,0,0,1,1,0,0,115,1,9,0
9549959,0,1,0,1,0,0,115,1,9,0
9552065,1,0,1,1,0,0,115,1,9,0
9554459,1,1,0,0,0,0,115,1,9,0
9554542,1,1,1,1,1,0,115,1,9,0
9556285,1,0,0,1,1,0,115,1,9,0
9557961,1,1,0,0,0,0,115,1,9,0
9560557,0,0,1,1,0,0,115,1,9,0
9561354,0,0,1,0,0,0,115,1,9,0
9561712,0,0,1,1,0,0,115,1,9,0
9563804,1,0,0,1,1,0,115,1,9,0
9566463,0,1,1,0,1,0,115,1,9,0
9566510,1,0,0,1,1,0,115,1,9,0
9566790,0,1,1,0,1,0,115,1,9,0
9566802,1,0,1,0,0,0,115,1,9,0
9634048,0,1,1,0,1,0,118,1,9,0
9634543,0,1,0,1,0,0,118,1,9,0
9636522,0,1,1,0,1,0,118,1,9,0
9637171,0,0,1,1,0,0,118,1,9,0
9637379,1,0,0,1,1,0,118,1,9,0
9642043,0,0,1,1,0,0,118,1,9,0
9642731,0,0,1,1,0,0,118,1,9,0
9643781,1,1,0,0,0,0,118,1,9,0
9644560,1,1,0,0,0,0,118,1,9,0
9644793,0,1,0,1,0,0,118,1,9,0
9647147,0,1,0,1,0,0,118,1,9,0
9647466,0,1,0,1,0,0,118,1,9,0
9647862,1,1,1,1,1,0,118,1,9,0
9648862,0,1,0,1,0,0,118,1,9,0
9651102,0,0,1,0,0,0,118,1,9,0
9651160,0,1,1,0,1,0,118,1,9,0
9651161,0,0,1,1,0,0,118,1,9,0
9651368,0,1,0,1,0,0,118,1,9,0
9651449,1,1,1,1,1,0,118,1,9,0
9653127,0,0,1,1,0,0,118,1,9,0
9655017,0,0,1,1,0,0,118,1,9,0
9655541,1,1,1,1,1,0,118,1,9,0
9655998,0,1,0,1,0,0,118,1,9,0
9656914,1,1,0,0,0,0,118,1,9,0
9657917,0,0,0,0,1,0,118,1,9,0
9659767,0,0,1,1,0,0,118,1,9,0
9660173,1,1,0,0,0,0,118,1,9,0
9660406,0,1,0,1,0,0,118,1,9,0
9660611,0,0,0,0,1,0,118,1,9,0
9661059,1,1,1,1,1,0,118,1,9,0
9667707,1,1,1,1,1,0,118,1,9,0
9668511,0,1,0,1,0,0,118,1,9,0
9668727,0,1,1,0,1,0,118,1,9,0
9669783,1,1,1,1,1,0,118,1,9,0
9671856,0,0,0,0,1,0,118,1,9,0
9674837,0,1,0,1,0,0,118,1,9,0
9676023,1,1,0,0,0,0,118,1,9,0
9676742,0,1,1,0,1,0,118,1,9,0
9677566,1,1,1,1,1,0,118,1,9,0
9677765,0,0,0,0,1,0,118,1,9,0
9678830,0,1,0,1,0,0,118,1,9,0
9682341,0,0,1,1,0,0,118,1,9,0
9682929,1,0,0,1,1,0,118,1,9,0
9685466,0,0,1,1,0,0,118,1,9,0
9687150,1,1,0,0,0,0,118,1,9,0
9687371,0,0,0,0,1,0,118,1,9,0
9687454,1,0,0,1,1,0,118,1,9,0
9687538,1,0,1,0,0,0,118,1,9,0
9688307,1,1,0,0,0,0,118,1,9,0
9691180,1,1,0,0,0,0,118,1,9,0
9692223,0,1,0,1,0,0,118,1,9,0
9694222,0,1,0,1,0,0,118,1,9,0
9694601,0,0,1,1,0,0,118,1,9,0
9695748,0,1,1,0,1,0,118,1,9,0
9696341,0,0,0,0,1,0,118,1,9,0
9696673,1,0,0,1,1,0,118,1,9,0
9700223,1,0,1,0,0,0,130,2,9,0
9701207,0,0,0,0,1,0,130,2,9,0
9701555,0,0,1,1,0,0,130,2,9,0
9701908,0,0,1,1,0,0,130,2,9,0
9702656,0,1,1,0,1,0,130,2,9,0
9703657,0,1,1,1,1,1,130,2,9,0
9703911,0,0,1,1,0,0,130,2,9,0
9704916,1,0,1,0,0,0,130,2,9,0
9705008,1,0,1,0,0,0,130,2,9,0
9705267,1,1,1,1,1,0,130,2,9,0
9705979,1,0,0,1,1,0,130,2,9,0
9706244,0,0,0,0,1,0,130,2,9,0
9707276,0,0,0,0,1,0,130,2,9,0
9707425,1,0,1,0,0,0,130,2,9,0
9708310,0,0,1,1,0,0,130,2,9,0
9708541,1,0,1,0,0,0,130,2,9,0
9708744,1,1,0,0,0,0,130,2,9,0
9708776,1,0,1,0,0,0,130,2,9,0
9709052,0,0,0,0,1,0,130,2,9,0
9709466,0,0,1,1,0,0,130,2,9,0
9709618,0,0,1,1,0,0,130,2,9,0
9711293,1,1,0,0,0,0,130,2,9,0
9711545,1,1,0,0,0,0,130,2,9,0
9712120,0,1,1,0,1,0,130,2,9,0
9712326,1,0,0,1,1,0,130,2,9,0
9713437,1,0,0,1,1,0,130,2,9,0
9713510,1,0,0,1,1,0,130,2,9,0
9714003,1,1,0,0,0,0,130,2,9,0
9715208,1,1,0,0,0,0,130,2,9,0
9715282,1,0,0,1,1,0,130,2,9,0
9715399,1,1,1,1,1,0,130,2,9,0
9715873,0,1,1,0,1,0,130,2,9,0
9716339,1,1,1,1,1,0,130,2,9,0
9716627,1,1,1,1,1,0,130,2,9,0
9716666,1,0,0,1,1,0,130,2,9,0
9717416,0,1,1,0,1,0,130,2,9,0
9717644,1,0,1,0,0,0,130,2,9,0
9717705,0,1,0,1,0,0,130,2,9,0
9718161,1,1,0,0,0,0,130,2,9,0
9718196,1,0,0,1,1,0,130,2,9,0
9718211,1,0,0,1,1,0,130,2,9,0
9719096,1,0,1,0,0,0,130,2,9,0
9719569,1,1,0,0,0,0,130,2,9,0
9721133,0,1,0,1,0,0,130,2,9,0
9721519,1,0,0,1,1,0,130,2,9,0
9722064,1,1,0,0,0,0,130,2,9,0
9722212,1,1,0,0,0,0,130,2,9,0
9723028,0,1,1,0,1,0,130,2,9,0
9723373,0,0,0,0,1,0,130,2,9,0
9723575,0,1,0,1,0,0,130,2,9,0
9723628,0,1,0,1,0,0,130,2,9,0
9723663,1,0,1,0,0,0,130,2,9,0
9723719,0,1,0,1,0,0,130,2,9,0
9724794,0,0,1,1,0,0,130,2,9,0
9725096,1,0,0,1,1,0,130,2,9,0
9726735,1,1,1,1,1,0,130,2,9,0
9728207,1,1,1,1,1,0,130,2,9,0
9729622,1,1,1,1,1,0,130,2,9,0
9730209,1,1,0,0,0,0,130,2,9,0
9730356,0,1,0,1,0,0,130,2,9,0
9730592,0,0,1,1,0,0,130,2,9,0
9731185,0,0,1,1,0,0,130,2,9,0
9731259,1,0,0,1,1,0,130,2,9,0
9731924,1,1,1,1,1,0,130,2,9,0
9732355,0,1,0,1,0,0,130,2,9,0
9732450,0,0,1,1,0,0,130,2,9,0
9732627,0,0,0,0,1,0,130,2,9,0
9733041,0,0,0,0,1,0,130,2,9,0
9733951,0,0,1,1,0,0,130,2,9,0
9734447,0,0,0,0,1,0,130,2,9,0
9735141,0,1,1,0,1,0,130,2,9,0
9736261,1,0,0,1,1,0,130,2,9,0
9736445,1,1,1,1,1,0,130,2,9,0
9736509,0,1,0,1,0,0,130,2,9,0
9736659,0,0,1,1,0,0,130,2,9,0
9739226,1,1,0,0,0,0,130,2,9,0
9740074,1,0,0,0,1,1,130,2,9,0
9741403,1,1,1,0,1,1,130,2,9,0
9741735,0,1,0,1,0,0,130,2,9,0
9742507,1,0,0,1,1,0,130,2,9,0
9743742,1,0,0,1,1,0,130,2,9,0
9744102,0,0,0,0,1,0,130,2,9,0
9744246,0,0,0,0,1,0,130,2,9,0
9744999,1,0,1,0,0,0,130,2,9,0
9745007,0,1,0,1,0,0,130,2,9,0
9745115,1,1,0,1,0,0,130,2,9,0
9745320,0,1,1,0,1,0,130,2,9,0
9745545,0,0,1,1,0,0,130,2,9,0
9746202,1,1,1,1,1,0,130,2,9,0
9746246,0,1,1,0,1,0,130,2,9,0
9746488,1,1,0,0,0,0,130,2,9,0
9746880,0,1,0,0,0,0,130,2,9,0
9747062,1,0,0,1,1,0,130,2,9,0
9748321,1,0,1,0,0,0,130,2,9,0
9748959,1,1,0,0,0,0,130,2,9,0
9749836,0,0,0,0,1,0,130,2,9,0
9750680,0,0,0,0,1,0,130,2,9,0
9751780,1,1,0,0,0,0,130,2,9,0
9753911,1,1,0,0,0,0,130,2,9,0
9754345,0,1,0,1,0,0,130,2,9,0
9754426,1,1,0,0,0,0,130,2,9,0
9754883,0,0,0,0,1,0,130,2,9,0
9755332,0,1,0,1,0,0,130,2,9,0
9755447,1,1,0,0,0,0,130,2,9,0
9757560,0,1,0,1,0,0,130,2,9,0
9758160,0,1,1,0,1,0,130,2,9,0
9758450,0,1,1,0,1,0,130,2,9,0
9758600,0,0,0,0,1,0,130,2,9,0
9759916,1,1,0,0,0,0,130,2,9,0
9760354,1,1,0,0,0,0,130,2,9,0
9760468,1,1,0,0,0,0,130,2,9,0
9760910,1,1,1,1,1,0,130,2,9,0
9762204,1,0,0,1,1,0,130,2,9,0
9762265,1,1,1,1,1,0,130,2,9,0
9762478,0,0,1,1,0,0,130,2,9,0
9762932,1,0,1,0,0,0,130,2,9,0
9763274,1,1,1,1,1,0,130,2,9,0
9765531,1,1,0,0,0,0,150,2,12,0
9766032,1,1,0,0,0,0,150,2,12,0
9766110,0,1,1,0,1,0,150,2,12,0
9767168,0,0,0,0,1,0,150,2,12,0
9767534,0,0,1,1,0,0,150,2,12,0
9767633,0,1,0,1,0,0,150,2,12,0
9768071,0,1,1,0,1,0,150,2,12,0
9769044,0,1,1,0,1,0,150,2,12,0
9769534,0,1,1,0,1,0,150,2,12,0
9770669,1,1,1,1,1,0,150,2,12,0
9770709,0,0,1,1,0,0,150,2,12,0
9770830,1,1,0,0,0,0,150,2,12,0
9772202,0,0,1,1,0,0,150,2,12,0
9772357,0,0,1,1,0,0,150,2,12,0
9772575,1,0,0,1,1,0,150,2,12,0
9773665,1,0,0,1,1,0,150,2,12,0
9774979,0,0,1,1,0,0,150,2,12,0
9775545,1,0,1,1,0,0,150,2,12,0
9778532,1,0,1,0,0,0,150,2,12,0
9778953,1,1,0,0,0,0,150,2,12,0
9779284,1,1,1,1,1,0,150,2,12,0
9780529,1,1,0,0,0,0,150,2,12,0
9780703,1,0,0,1,1,0,150,2,12,0
9780937,0,0,1,1,0,0,150,2,12,0
9782134,1,0,1,1,0,0,150,2,12,0
9782336,1,1,0,0,0,0,150,2,12,0
9782721,1,0,1,0,0,0,150,2,12,0
9782799,0,1,0,1,0,0,150,2,12,0
9783286,0,0,1,1,0,0,150,2,12,0
9783701,0,0,1,1,0,0,150,2,12,0
9784969,1,1,0,0,0,0,150,2,12,0
9785212,0,1,0,1,0,0,150,2,12,0
9785437,0,1,0,1,0,0,150,2,12,0
9785587,0,0,1,1,0,0,150,2,12,0
9785771,0,0,0,0,1,0,150,2,12,0
9785984,0,1,0,1,0,0,150,2,12,0
9786076,0,1,0,1,0,0,150,2,12,0
9786203,1,0,0,1,1,0,150,2,12,0
9787482,1,0,1,0,0,0,150,2,12,0
9787652,1,0,1,0,0,0,150,2,12,0
9788415,0,0,0,0,1,0,150,2,12,0
9789109,0,0,0,0,1,0,150,2,12,0
9789403,0,1,1,0,1,0,150,2,12,0
9789805,1,1,0,0,0,0,150,2,12,0
9790024,0,1,1,0,1,0,150,2,12,0
9790713,1,0,0,1,1,0,150,2,12,0
9790920,1,1,0,0,0,0,150,2,12,0
9791171,0,0,1,1,0,0,150,2,12,0
9791211,0,1,1,0,1,0,150,2,12,0
9791447,1,1,0,0,0,0,150,2,12,0
9791778,0,0,0,0,1,0,150,2,12,0
9792083,0,1,1,0,1,0,150,2,12,0
9792161,1,0,1,0,0,0,150,2,12,0
9793212,0,0,0,0,1,0,150,2,12,0
9793850,1,0,0,1,1,0,150,2,12,0
9793924,1,1,1,1,1,0,150,2,12,0
9794101,0,0,0,0,1,0,150,2,12,0
9794531,0,1,0,1,0,0,150,2,12,0
9794710,0,0,0,0,1,0,150,2,12,0
9795495,1,0,0,1,1,0,150,2,12,0
9795565,0,0,1,1,0,0,150,2,12,0
9795675,0,1,1,0,1,0,150,2,12,0
9796319,0,1,1,0,1,0,150,2,12,0
9796593,1,0,1,0,0,0,150,2,12,0
9796719,0,0,0,0,1,0,150,2,12,0
9797146,0,1,1,0,1,0,150,2,12,0
9797683,0,0,0,0,1,0,150,2,12,0
9797837,1,0,0,1,1,0,150,2,12,0
9798013,1,1,1,1,1,0,150,2,12,0
9798130,0,1,0,1,0,0,150,2,12,0
9799478,0,0,1,1,0,0,150,2,12,0
9800031,1,1,1,1,1,0,150,2,12,0
9800051,0,1,1,0,1,0,150,2,12,0
9800163,0,0,1,0,0,0,150,2,12,0
9800850,1,0,1,0,0,0,150,2,12,0
9800940,1,0,1,0,0,0,150,2,12,0
9801816,1,1,1,1,1,0,150,2,12,0
9802253,0,1,0,1,0,0,150,2,12,0
9802848,0,0,0,0,1,0,150,2,12,0
9803126,0,1,0,1,0,0,150,2,12,0
9804342,0,0,0,0,1,0,150,2,12,0
9804521,0,1,0,1,0,0,150,2,12,0
9805878,1,0,0,1,1,0,150,2,12,0
9805888,0,0,1,1,0,0,150,2,12,0
9806387,0,0,0,0,1,0,150,2,12,0
9806731,0,1,0,1,0,0,150,2,12,0
9807232,1,1,0,0,0,0,150,2,12,0
9808814,1,1,1,0,1,1,150,2,12,0
9809402,1,1,0,0,0,0,150,2,12,0
9809856,1,1,1,1,1,0,150,2,12,0
9810051,0,0,0,0,1,0,150,2,12,0
9810151,0,1,0,1,0,0,150,2,12,0
9810789,1,1,0,0,0,0,150,2,12,0
9811819,1,1,1,1,1,0,150,2,12,0
9811909,0,1,1,0,1,0,150,2,12,0
9811928,0,1,0,1,0,0,150,2,12,0
9812266,1,1,0,0,0,0,150,2,12,0
9812769,1,1,0,0,0,0,150,2,12,0
9813334,1,0,1,0,0,0,150,2,12,0
9814320,0,0,1,1,0,0,150,2,12,0
9814606,0,1,0,1,0,0,150,2,12,0
9815543,0,1,0,1,0,0,150,2,12,0
9815840,0,0,1,1,0,0,150,2,12,0
9817254,1,0,1,0,0,0,150,2,12,0
9817410,0,1,1,0,1,0,150,2,12,0
9817607,0,0,0,0,1,0,150,2,12,0
9817743,1,1,1,1,1,0,150,2,12,0
9818047,1,1,0,0,0,0,150,2,12,0
9818718,0,1,1,0,1,0,150,2,12,0
9818912,1,0,0,1,1,0,150,2,12,0
9820271,1,0,0,1,1,0,150,2,12,0
9820530,0,1,1,0,1,0,150,2,12,0
9821357,1,1,0,0,0,0,150,2,12,0
9822104,1,1,0,0,0,0,150,2,12,0
9822151,0,1,1,0,1,0,150,2,12,0
9822410,1,0,0,1,1,0,150,2,12,0
9822605,1,1,0,0,0,0,150,2,12,0
9822794,0,0,1,1,0,0,150,2,12,0
9822957,0,1,0,1,0,0,150,2,12,0
9823011,0,0,0,0,1,0,150,2,12,0
9823327,0,1,1,0,1,0,150,2,12,0
9823425,0,0,0,0,1,0,150,2,12,0
9824225,1,1,1,1,1,0,150,2,12,0
9825045,0,1,1,0,1,0,150,2,12,0
9826697,0,1,0,1,0,0,150,2,12,0
9826998,1,1,0,0,0,0,150,2,12,0
9828087,0,0,0,0,1,0,150,2,12,0
9828819,1,1,1,1,1,0,150,2,12,0
9829428,0,0,0,0,1,0,150,2,12,0
9829599,0,0,1,1,0,0,150,2,12,0
9829662,0,0,0,0,1,0,150,2,12,0
9829910,1,1,1,1,1,0,150,2,12,0
9831139,1,0,0,1,1,0,136,2,12,0
9831261,0,1,1,1,1,1,136,2,12,0
9831738,0,1,1,0,1,0,136,2,12,0
9831901,0,1,1,0,1,0,136,2,12,0
9832559,0,1,1,0,1,0,136,2,12,0
9834206,0,1,1,0,1,0,136,2,12,0
9834485,0,1,0,1,0,0,136,2,12,0
9835270,0,0,0,0,1,0,136,2,12,0
9835450,1,1,0,0,0,0,136,2,12,0
9835734,1,0,1,0,0,0,136,2,12,0
9836251,0,0,1,1,0,0,136,2,12,0
9837210,0,0,1,1,0,0,136,2,12,0
9837575,1,0,0,1,1,0,136,2,12,0
9838040,1,0,1,1,0,0,136,2,12,0
9838943,1,0,0,1,1,0,136,2,12,0
9842403,0,0,1,1,0,0,136,2,12,0
9842443,1,1,0,0,0,0,136,2,12,0
9843048,0,0,1,1,0,0,136,2,12,0
9843141,0,1,1,0,1,0,136,2,12,0
9843785,0,0,1,1,0,0,136,2,12,0
9844136,0,1,1,0,1,0,136,2,12,0
9844477,1,1,1,1,1,0,136,2,12,0
9844580,0,0,0,0,1,0,136,2,12,0
9845406,1,0,0,1,1,0,136,2,12,0
9845465,1,0,1,0,0,0,136,2,12,0
9845601,0,0,1,1,0,0,136,2,12,0
9845669,1,0,0,1,1,0,136,2,12,0
9845782,0,1,0,1,0,0,136,2,12,0
9846564,1,1,1,1,1,0,136,2,12,0
9847950,0,1,1,0,1,0,136,2,12,0
9848757,1,0,1,0,0,0,136,2,12,0
9849817,1,0,0,1,1,0,136,2,12,0
9850856,0,0,1,1,0,0,136,2,12,0
9851897,0,1,0,1,0,0,136,2,12,0
9852548,1,0,0,1,1,0,136,2,12,0
9853541,1,1,1,1,1,0,136,2,12,0
9853837,0,0,0,0,1,0,136,2,12,0
9855171,1,0,1,0,0,0,136,2,12,0
9855300,1,1,0,0,0,0,136,2,12,0
9855425,0,1,0,1,0,0,136,2,12,0
9857531,0,0,1,1,0,0,136,2,12,0
9857843,0,1,0,1,0,0,136,2,12,0
9859019,0,0,1,1,0,0,136,2,12,0
9859590,1,1,1,1,1,0,136,2,12,0
9860167,1,0,0,1,1,0,136,2,12,0
9860468,0,0,0,0,1,0,136,2,12,0
9861212,1,0,1,0,0,0,136,2,12,0
9861471,0,1,0,1,0,0,136,2,12,0
9861652,0,1,0,1,0,0,136,2,12,0
9862938,0,1,0,1,0,0,136,2,12,0
9864661,1,0,0,1,1,0,136,2,12,0
9866018,1,1,0,0,0,0,136,2,12,0
9866180,0,1,0,1,0,0,136,2,12,0
9866415,1,0,1,0,0,0,136,2,12,0
9866658,1,1,1,1,1,0,136,2,12,0
9867846,0,0,0,0,1,0,136,2,12,0
9868526,1,1,0,0,0,0,136,2,12,0
9868670,0,0,1,1,0,0,136,2,12,0
9868963,0,1,1,0,1,0,136,2,12,0
9870439,1,0,0,1,1,0,136,2,12,0
9870842,0,1,1,0,1,0,136,2,12,0
9871036,1,1,1,1,1,0,136,2,12,0
9871046,1,1,1,1,1,0,136,2,12,0
9871075,0,0,0,0,1,0,136,2,12,0
9871166,1,0,1,0,0,0,136,2,12,0
9871290,0,1,1,0,1,0,136,2,12,0
9871585,0,1,1,0,1,0,136,2,12,0
9871666,1,0,0,1,1,0,136,2,12,0
9871791,1,0,0,1,1,0,136,2,12,0
9872248,0,0,1,1,0,0,136,2,12,0
9873047,0,1,0,1,0,0,136,2,12,0
9874090,1,1,1,0,1,1,136,2,12,0
9874205,0,0,0,0,1,0,136,2,12,0
9874767,1,0,0,1,1,0,136,2,12,0
9875716,0,1,1,0,1,0,136,2,12,0
9875918,0,0,0,0,1,0,136,2,12,0
9876219,0,1,1,0,1,0,136,2,12,0
9877067,0,1,0,1,0,0,136,2,12,0
9877433,0,0,0,0,1,0,136,2,12,0
9878159,0,0,1,1,0,0,136,2,12,0
9879539,0,1,0,1,0,0,136,2,12,0
9879811,0,1,0,1,0,0,136,2,12,0
9880113,1,1,0,0,0,0,136,2,12,0
9880345,0,0,1,1,0,0,136,2,12,0
9880513,0,0,1,1,0,0,136,2,12,0
9881608,0,0,1,1,0,0,136,2,12,0
9882325,1,0,1,0,0,0,136,2,12,0
9882575,0,0,0,0,1,0,136,2,12,0
9882884,0,1,1,0,1,0,136,2,12,0
9884485,0,0,0,0,1,0,136,2,12,0
9885517,1,0,0,1,1,0,136,2,12,0
9885605,0,1,1,0,1,0,136,2,12,0
9886500,1,0,0,1,1,0,136,2,12,0
9887043,0,1,0,0,0,0,136,2,12,0
9888402,1,1,1,1,1,0,136,2,12,0
9888954,1,1,0,0,0,0,136,2,12,0
9888996,1,0,0,1,1,0,136,2,12,0
9889088,0,1,0,1,0,0,136,2,12,0
9889582,1,1,0,0,0,0,136,2,12,0
9889898,1,0,0,1,1,0,136,2,12,0
9890303,0,0,1,1,0,0,136,2,12,0
9891112,1,0,0,1,1,0,136,2,12,0
9891509,0,1,1,0,1,0,136,2,12,0
9891579,0,0,0,0,1,0,136,2,12,0
9891642,1,0,0,1,1,0,136,2,12,0
9891696,0,1,0,1,0,0,136,2,12,0
9891997,1,1,0,0,0,0,136,2,12,0
9892336,1,1,1,1,1,0,136,2,12,0
9892505,0,0,0,0,1,0,136,2,12,0
9892842,1,1,1,1,1,0,136,2,12,0
9893284,1,1,1,1,1,0,136,2,12,0
9893601,0,0,0,0,1,0,136,2,12,0
9895006,0,0,0,0,1,0,136,2,12,0
9896042,0,1,1,0,1,0,107,2,12,0
9896974,1,1,1,1,1,0,107,2,12,0
9897597,0,0,1,1,0,0,107,2,12,0
9897952,0,1,0,1,0,0,107,2,12,0
9900093,0,0,0,1,1,1,107,2,12,0
9900162,0,1,1,0,1,0,107,2,12,0
9900189,1,1,1,1,1,0,107,2,12,0
9900762,1,0,1,0,0,0,107,2,12,0
9900774,0,0,1,1,0,0,107,2,12,0
9901114,1,0,1,0,0,0,107,2,12,0
9901610,1,0,1,0,0,0,107,2,12,0
9902135,0,1,1,0,1,0,107,2,12,0
9902978,1,0,1,0,0,0,107,2,12,0
9903286,0,0,1,1,0,0,107,2,12,0
9903757,0,1,1,0,1,0,107,2,12,0
9903875,0,1,1,0,1,0,107,2,12,0
9905473,1,1,0,0,0,0,107,2,12,0
9906387,0,1,1,0,1,0,107,2,12,0
9907373,0,0,0,0,1,0,107,2,12,0
9907966,1,1,0,0,0,0,107,2,12,0
9907978,0,0,1,1,0,0,107,2,12,0
9908197,1,1,1,1,1,0,107,2,12,0
9908631,0,1,0,1,0,0,107,2,12,0
9910895,0,0,0,0,1,0,107,2,12,0
9911429,0,0,0,0,1,0,107,2,12,0
9912674,0,0,0,0,1,0,107,2,12,0
9912878,1,0,1,1,0,0,107,2,12,0
9913632,0,1,0,1,0,0,107,2,12,0
9913983,1,1,1,1,1,0,107,2,12,0
9914389,1,0,0,1,1,0,107,2,12,0
9915802,0,1,0,1,0,0,107,2,12,0
9917952,1,0,1,0,0,0,107,2,12,0
9918227,0,0,1,1,0,0,107,2,12,0
9918726,0,0,1,1,0,0,107,2,12,0
9919461,0,1,1,0,1,0,107,2,12,0
9919726,0,0,0,0,1,0,107,2,12,0
9920233,0,1,1,0,1,0,107,2,12,0
9920291,1,1,1,1,1,0,107,2,12,0
9920813,1,0,0,1,1,0,107,2,12,0
9921534,0,0,1,1,0,0,107,2,12,0
9921901,1,1,1,1,1,0,107,2,12,0
9922847,1,0,1,0,0,0,107,2,12,0
9923279,1,1,1,1,1,0,107,2,12,0
9923761,1,1,0,0,0,0,107,2,12,0
9923899,1,1,1,1,1,0,107,2,12,0
9924569,1,0,1,0,0,0,107,2,12,0
9926450,0,0,1,1,0,0,107,2,12,0
9926809,0,1,0,1,0,0,107,2,12,0
9927857,0,0,1,0,0,0,107,2,12,0
9927979,0,1,1,0,1,0,107,2,12,0
9928359,0,1,1,0,1,0,107,2,12,0
9928856,1,0,1,0,0,0,107,2,12,0
9928953,0,0,1,1,0,0,107,2,12,0
9930263,0,0,1,1,0,0,107,2,12,0
9931062,0,0,1,1,0,0,107,2,12,0
9931213,1,1,1,1,1,0,107,2,12,0
9931557,0,0,1,1,0,0,107,2,12,0
9932455,1,1,0,0,0,0,107,2,12,0
9932478,1,1,0,0,0,0,107,2,12,0
9934464,1,1,0,0,0,0,107,2,12,0
9935472,0,1,1,0,1,0,107,2,12,0
9935642,0,1,0,1,0,0,107,2,12,0
9937296,0,0,0,0,1,0,107,2,12,0
9937940,1,0,0,1,1,0,107,2,12,0
9937980,1,0,1,0,0,0,107,2,12,0
9939108,1,0,0,1,1,0,107,2,12,0
9939112,0,1,1,0,1,0,107,2,12,0
9939775,1,1,1,1,1,0,107,2,12,0
9941677,1,1,1,1,1,0,107,2,12,0
9942786,1,1,0,0,0,0,107,2,12,0
9943111,0,0,0,0,1,0,107,2,12,0
9944331,1,0,0,1,1,0,107,2,12,0
9944468,1,1,1,0,1,1,107,2,12,0
9945315,0,0,1,1,0,0,107,2,12,0
9946853,0,1,0,1,0,0,107,2,12,0
9947420,1,1,0,0,0,0,107,2,12,0
9947903,0,1,1,0,1,0,107,2,12,0
9948783,0,1,0,1,0,0,107,2,12,0
9950387,1,0,1,0,0,0,107,2,12,0
9950657,0,0,0,0,1,0,107,2,12,0
9952168,1,1,0,0,0,0,107,2,12,0
9952770,0,1,0,1,0,0,107,2,12,0
9953262,0,1,0,1,0,0,107,2,12,0
9955749,0,1,1,0,1,0,107,2,12,0
9956626,0,0,1,1,0,0,107,2,12,0
9956753,0,0,0,0,1,0,107,2,12,0
9957343,0,1,1,0,1,0,107,2,12,0
9957567,1,0,0,1,1,0,107,2,12,0
9957907,1,1,0,0,0,0,107,2,12,0
9958349,1,0,1,0,0,0,107,2,12,0
9958700,1,1,1,1,1,0,107,2,12,0
9959325,1,1,1,1,1,0,107,2,12,0
9959737,0,0,1,1,0,0,107,2,12,0
9960132,0,0,1,1,0,0,107,2,12,0
9960209,0,0,1,1,0,0,107,2,12,0
9960771,1,0,0,1,1,0,107,2,12,0
9961666,1,0,0,1,1,0,115,2,12,0
9961776,0,0,0,0,1,0,115,2,12,0
9962123,0,0,1,1,0,0,115,2,12,0
9963860,1,1,1,1,1,0,115,2,12,0
9964649,1,1,1,1,1,0,115,2,12,0
9965879,1,0,0,1,1,0,115,2,12,0
9967840,0,0,0,0,1,0,115,2,12,0
9969761,0,1,0,1,0,0,115,2,12,0
9970970,0,1,0,1,0,0,115,2,12,0
9971035,0,1,0,1,0,0,115,2,12,0
9971162,0,0,0,0,1,0,115,2,12,0
9972117,1,1,1,1,1,0,115,2,12,0
9972450,0,0,0,0,1,0,115,2,12,0
9973338,1,0,0,1,1,0,115,2,12,0
9974135,1,1,0,0,0,0,115,2,12,0
9974289,1,0,0,1,1,0,115,2,12,0
9975818,0,1,0,1,0,0,115,2,12,0
9976081,1,0,1,0,0,0,115,2,12,0
9976716,1,1,0,0,0,0,115,2,12,0
9977948,0,1,1,0,1,0,115,2,12,0
9978466,1,0,0,1,1,0,115,2,12,0
9979757,0,1,0,1,0,0,115,2,12,0
9980049,0,1,0,1,0,0,115,2,12,0
9980283,0,1,0,1,0,0,115,2,12,0
9980551,0,0,0,0,1,0,115,2,12,0
9981722,1,1,1,1,1,0,115,2,12,0
9982606,1,0,1,0,0,0,115,2,12,0
9983000,1,1,1,1,1,0,115,2,12,0
9983923,1,0,1,0,0,0,115,2,12,0
9984026,1,1,1,1,1,0,115,2,12,0
9984736,0,1,0,1,0,0,115,2,12,0
9984803,1,1,0,0,0,0,115,2,12,0
9984972,0,0,0,0,1,0,115,2,12,0
9985587,0,0,1,1,0,0,115,2,12,0
9986379,1,0,1,0,0,0,115,2,12,0
9987340,1,0,0,1,1,0,115,2,12,0
9987523,1,0,1,0,0,0,115,2,12,0
9987547,1,1,1,1,1,0,115,2,12,0
9990918,0,1,0,1,0,0,115,2,12,0
9992835,1,1,1,1,1,0,115,2,12,0
9993539,0,1,1,0,1,0,115,2,12,0
9993555,0,0,0,0,1,0,115,2,12,0
9993766,0,0,1,1,0,0,115,2,12,0
9994729,1,0,1,0,0,0,115,2,12,0
9994896,0,1,1,0,1,0,115,2,12,0
9995067,0,0,0,0,1,0,115,2,12,0
9995688,0,0,1,1,0,0,115,2,12,0
9995709,1,1,0,0,0,0,115,2,12,0
9995886,1,0,1,0,0,0,115,2,12,0
9996064,1,1,0,0,0,0,115,2,12,0
9996455,0,0,0,0,1,0,115,2,12,0
9996513,0,0,1,1,0,0,115,2,12,0
9996547,0,0,0,0,1,0,115,2,12,0
9998237,1,1,1,1,1,0,115,2,12,0
9998680,1,1,0,0,0,0,115,2,12,0
9999118,0,1,0,1,0,0,115,2,12,0
9999536,0,0,1,1,0,0,115,2,12,0
9999835,0,0,0,0,1,0,115,2,12,0
10000882,1,0,0,1,1,0,115,2,12,0
10001014,0,1,0,1,0,0,115,2,12,0
10001285,1,0,1,0,0,0,115,2,12,0
10001297,1,0,1,0,0,0,115,2,12,0
10002058,0,1,0,1,0,0,115,2,12,0
10002337,1,1,1,1,1,0,115,2,12,0
10002544,0,1,1,0,1,0,115,2,12,0
10003057,1,0,1,0,0,0,115,2,12,0
10004670,1,0,0,1,1,0,115,2,12,0
10005711,0,1,1,0,1,0,115,2,12,0
10005973,0,0,0,0,1,0,115,2,12,0
10006273,0,1,1,0,1,0,115,2,12,0
10006872,1,0,0,1,1,0,115,2,12,0
10007534,0,0,1,0,0,0,115,2,12,0
10009267,0,0,0,0,1,0,115,2,12,0
10009524,0,1,1,0,1,0,115,2,12,0
10010287,0,0,1,1,0,0,115,2,12,0
10010988,0,1,0,1,0,0,115,2,12,0
10012940,0,1,0,1,0,0,115,2,12,0
10013153,0,1,0,1,0,0,115,2,12,0
10014558,1,0,1,0,0,0,115,2,12,0
10015475,1,0,1,0,0,0,115,2,12,0
10016646,1,1,0,0,0,0,115,2,12,0
10016994,0,0,0,0,1,0,115,2,12,0
10017244,1,0,0,1,1,0,115,2,12,0
10017991,0,0,0,0,1,0,115,2,12,0
10018011,0,1,0,1,0,0,115,2,12,0
10019417,0,0,0,0,1,0,115,2,12,0
10019976,1,0,1,0,0,0,115,2,12,0
10021050,1,0,0,1,1,0,115,2,12,0
10021281,1,0,0,1,1,0,115,2,12,0
10021670,1,1,0,0,0,0,115,2,12,0
10022360,1,1,1,1,1,0,115,2,12,0
10022784,0,0,1,1,0,0,115,2,12,0
10022985,0,0,1,1,0,0,115,2,12,0
10024375,0,1,1,0,1,0,115,2,12,0
10024600,0,1,0,1,0,0,115,2,12,0
10024964,0,1,1,0,1,0,115,2,12,0
10026106,1,0,1,0,0,0,115,2,12,0
10026333,0,0,1,1,0,0,115,2,12,0
10026528,0,1,1,0,1,0,115,2,12,0
10027024,1,0,1,1,0,0,127,2,12,0
10028081,0,0,1,1,0,0,127,2,12,0
10028736,0,1,1,0,1,0,127,2,12,0
10029201,0,0,0,0,1,0,127,2,12,0
10030661,0,0,1,1,0,0,127,2,12,0
10030790,0,0,0,0,1,0,127,2,12,0
10030795,1,1,1,1,1,0,127,2,12,0
10031308,1,0,1,0,0,0,127,2,12,0
10031439,1,0,1,0,0,0,127,2,12,0
10031883,0,0,0,0,1,0,127,2,12,0
10032062,1,1,1,1,1,0,127,2,12,0
10032345,1,0,1,0,0,0,127,2,12,0
10032509,1,0,1,0,0,0,127,2,12,0
10033308,1,1,1,1,1,0,127,2,12,0
10034565,1,1,0,0,0,0,127,2,12,0
10034903,0,1,0,1,0,0,127,2,12,0
10035098,1,1,0,0,0,0,127,2,12,0
10035915,1,1,1,1,1,0,127,2,12,0
10036264,1,1,0,0,0,0,127,2,12,0
10036798,0,1,0,1,0,0,127,2,12,0
10037559,0,1,1,1,1,1,127,2,12,0
10038688,0,1,1,0,1,0,127,2,12,0
10041963,1,1,1,1,1,0,127,2,12,0
10042175,0,0,1,1,0,0,127,2,12,0
10042251,0,0,0,0,1,0,127,2,12,0
10042845,1,0,1,0,0,0,127,2,12,0
10043621,0,0,0,0,1,0,127,2,12,0
10044109,1,1,0,0,0,0,127,2,12,0
10044979,0,0,1,1,0,0,127,2,12,0
10045068,1,0,0,1,1,0,127,2,12,0
10046074,0,0,0,0,1,0,127,2,12,0
10046114,1,0,1,0,0,0,127,2,12,0
10046172,0,1,0,1,0,0,127,2,12,0
10047865,0,0,1,1,0,0,127,2,12,0
10048808,0,0,1,1,0,0,127,2,12,0
10050377,0,0,0,0,1,0,127,2,12,0
10050455,0,0,0,0,1,0,127,2,12,0
10052260,1,1,1,1,1,0,127,2,12,0
10052758,0,1,1,0,1,0,127,2,12,0
10052810,0,1,1,0,1,0,127,2,12,0
10053225,0,0,0,0,1,0,127,2,12,0
10053638,0,1,0,1,0,0,127,2,12,0
10054052,0,0,0,0,1,0,127,2,12,0
10054523,0,1,1,0,1,0,127,2,12,0
10055109,0,1,0,1,0,0,127,2,12,0
10055422,1,0,0,1,1,0,127,2,12,0
10055933,0,1,0,1,0,0,127,2,12,0
10057274,0,1,0,1,0,0,127,2,12,0
10057330,0,1,1,0,1,0,127,2,12,0
10057455,0,1,0,1,0,0,127,2,12,0
10058628,1,0,1,0,0,0,127,2,12,0
10059329,0,1,1,1,1,1,127,2,12,0
10060935,1,1,0,0,0,0,127,2,12,0
10061355,0,0,0,0,1,0,127,2,12,0
10063728,1,1,1,1,1,0,127,2,12,0
10064706,1,1,1,1,1,0,127,2,12,0
10064965,1,1,0,0,0,0,127,2,12,0
10065328,0,1,1,0,1,0,127,2,12,0
10065794,0,0,1,1,0,0,127,2,12,0
10066737,1,0,0,1,1,0,127,2,12,0
10066760,0,0,1,1,0,0,127,2,12,0
10067183,0,1,0,1,0,0,127,2,12,0
10068094,1,0,1,0,0,0,127,2,12,0
10068660,1,0,0,1,1,0,127,2,12,0
10068897,0,1,1,0,1,0,127,2,12,0
10069627,1,1,0,0,0,0,127,2,12,0
10070214,0,1,1,0,1,0,127,2,12,0
10070882,1,1,1,1,1,0,127,2,12,0
10071898,0,0,0,0,1,0,127,2,12,0
10071970,0,0,0,0,1,0,127,2,12,0
10072609,0,0,1,1,0,0,127,2,12,0
10073558,0,1,0,1,0,0,127,2,12,0
10075328,1,1,0,0,0,0,127,2,12,0
10075350,1,1,0,0,0,0,127,2,12,0
10077231,1,1,1,1,1,0,127,2,12,0
10079118,0,0,0,0,1,0,127,2,12,0
10079800,1,1,0,0,0,0,127,2,12,0
10079812,0,1,1,0,1,0,127,2,12,0
10079900,1,1,1,1,1,0,127,2,12,0
10080571,0,0,0,0,1,0,127,2,12,0
10081634,1,0,0,1,1,0,127,2,12,0
10081944,0,1,1,0,1,0,127,2,12,0
10082623,1,1,0,0,0,0,127,2,12,0
10083511,0,1,1,0,1,0,127,2,12,0
10085925,0,1,0,1,0,0,127,2,12,0
10087616,0,0,0,1,1,1,127,2,12,0
10088101,1,0,0,1,1,0,127,2,12,0
10089412,0,1,0,1,0,0,127,2,12,0
10089584,0,1,1,0,1,0,127,2,12,0
10090976,0,0,1,1,0,0,127,2,12,0
10091711,0,1,0,1,0,0,127,2,12,0
10092437,0,1,1,0,1,0,127,2,12,0
10092721,0,1,1,0,1,0,153,2,12,0
10092880,1,0,1,0,0,0,153,2,12,0
10092908,0,0,1,1,0,0,153,2,12,0
10093427,1,1,0,0,0,0,153,2,12,0
10093763,1,1,0,0,0,0,153,2,12,0
10093963,1,1,1,1,1,0,153,2,12,0
10094110,1,0,1,0,0,0,153,2,12,0
10094451,0,1,0,1,0,0,153,2,12,0
10094460,1,1,1,0,1,1,153,2,12,0
10095321,0,0,1,1,0,0,153,2,12,0
10095611,0,1,0,1,0,0,153,2,12,0
10095686,0,0,1,0,0,0,153,2,12,0
10095751,1,0,0,0,1,1,153,2,12,0
10096599,1,0,0,1,1,0,153,2,12,0
10097095,0,0,0,0,1,0,153,2,12,0
10097449,0,0,1,1,0,0,153,2,12,0
10097533,0,0,1,1,0,0,153,2,12,0
10097810,0,0,0,0,1,0,153,2,12,0
10097939,1,1,0,0,0,0,153,2,12,0
10099190,0,0,1,1,0,0,153,2,12,0
10100330,1,1,0,0,0,0,153,2,12,0
10101475,0,1,1,0,1,0,153,2,12,0
10101871,1,1,1,1,1,0,153,2,12,0
10102352,0,0,0,0,1,0,153,2,12,0
10102646,0,0,0,0,1,0,153,2,12,0
10102726,1,0,0,1,1,0,153,2,12,0
10102770,1,0,0,1,1,0,153,2,12,0
10103534,0,0,0,0,1,0,153,2,12,0
10104759,0,1,1,0,1,0,153,2,12,0
10104807,1,1,0,0,0,0,153,2,12,0
10104967,1,0,0,1,1,0,153,2,12,0
10105990,0,1,0,1,0,0,153,2,12,0
10106011,1,1,1,1,1,0,153,2,12,0
10107169,1,0,0,1,1,0,153,2,12,0
10107289,0,0,0,0,1,0,153,2,12,0
10107920,0,1,0,1,0,0,153,2,12,0
10109304,0,0,0,0,1,0,153,2,12,0
10109473,0,0,1,1,0,0,153,2,12,0
10109606,0,1,1,0,1,0,153,2,12,0
10110113,1,0,1,0,0,0,153,2,12,0
10110359,0,0,0,0,1,0,153,2,12,0
10110587,1,1,1,1,1,0,153,2,12,0
10111626,0,1,0,1,0,0,153,2,12,0
10112203,0,0,1,1,0,0,153,2,12,0
10112295,1,1,0,0,0,0,153,2,12,0
10113769,1,1,1,1,1,0,153,2,12,0
10113898,0,1,0,1,0,0,153,2,12,0
10114727,0,0,1,1,0,0,153,2,12,0
10114816,0,0,1,1,0,0,153,2,12,0
10115433,0,0,1,1,0,0,153,2,12,0
10116237,0,1,0,1,0,0,153,2,12,0
10116297,1,0,1,0,0,0,153,2,12,0
10116478,1,1,1,1,1,0,153,2,12,0
10116740,1,1,0,0,0,0,153,2,12,0
10116819,1,1,0,0,0,0,153,2,12,0
10117068,1,0,1,0,0,0,153,2,12,0
10117501,0,1,0,0,0,0,153,2,12,0
10117850,1,0,0,1,1,0,153,2,12,0
10117874,1,1,0,0,0,0,153,2,12,0
10118620,0,1,0,1,0,0,153,2,12,0
10119553,0,0,1,1,0,0,153,2,12,0
10121389,0,0,0,0,1,0,153,2,12,0
10121585,1,1,1,1,1,0,153,2,12,0
10121752,1,0,1,0,0,0,153,2,12,0
10122978,0,0,1,1,0,0,153,2,12,0
10123038,1,0,1,0,0,0,153,2,12,0
10124619,0,1,0,1,0,0,153,2,12,0
10124633,0,0,1,1,0,0,153,2,12,0
10124783,0,0,0,0,1,0,153,2,12,0
10125641,0,0,1,1,0,0,153,2,12,0
10126315,1,0,0,1,1,0,153,2,12,0
10126727,1,0,1,0,0,0,153,2,12,0
10126784,1,0,1,0,0,0,153,2,12,0
10127399,1,0,1,0,0,0,153,2,12,0
10128278,0,0,0,0,1,0,153,2,12,0
10129765,1,0,1,1,0,0,153,2,12,0
10129824,0,1,0,1,0,0,153,2,12,0
10130688,1,0,0,1,1,0,153,2,12,0
10131066,0,1,0,1,0,0,153,2,12,0
10131268,0,1,1,0,1,0,153,2,12,0
10132020,0,1,0,1,0,0,153,2,12,0
10132334,0,0,1,1,0,0,153,2,12,0
10132421,0,0,1,1,0,0,153,2,12,0
10132767,0,0,0,0,1,0,153,2,12,0
10132974,1,0,1,0,0,0,153,2,12,0
10133422,1,0,0,1,1,0,153,2,12,0
10133499,1,1,0,0,0,0,153,2,12,0
10135339,1,1,0,0,0,0,153,2,12,0
10135921,0,0,0,0,1,0,153,2,12,0
10136557,1,0,0,1,1,0,153,2,12,0
10137595,1,1,0,0,0,0,153,2,12,0
10138173,0,0,0,0,1,0,153,2,12,0
10138186,0,0,0,0,1,0,153,2,12,0
10138351,0,1,1,0,1,0,153,2,12,0
10138671,0,1,0,1,0,0,153,2,12,0
10138952,0,1,0,1,0,0,153,2,12,0
10139192,0,1,1,0,1,0,153,2,12,0
10139816,0,1,1,0,1,0,153,2,12,0
10140345,0,0,0,0,1,0,153,2,12,0
10140670,0,1,1,0,1,0,153,2,12,0
10140875,0,0,0,0,1,0,153,2,12,0
10140914,0,0,1,1,0,0,153,2,12,0
10141117,0,1,0,1,0,0,153,2,12,0
10142171,0,0,0,0,1,0,153,2,12,0
10142490,0,1,1,0,1,0,153,2,12,0
10144256,1,1,1,1,1,0,153,2,12,0
10144608,0,0,0,0,1,0,153,2,12,0
10144933,0,1,0,1,0,0,153,2,12,0
10146248,0,0,1,1,0,0,153,2,12,0
10146813,1,0,0,1,1,0,153,2,12,0
10146841,1,0,0,1,1,0,153,2,12,0
10148622,1,0,0,1,1,0,153,2,12,0
10148674,0,0,1,1,0,0,153,2,12,0
10148830,1,0,1,0,0,0,153,2,12,0
10150017,1,0,1,0,0,0,153,2,12,0
10150928,0,1,0,1,0,0,153,2,12,0
10151155,1,0,0,1,1,0,153,2,12,0
10151320,0,1,0,1,0,0,153,2,12,0
10151780,1,0,1,0,0,0,153,2,12,0
10153507,0,1,1,0,1,0,153,2,12,0
10154344,1,0,0,1,1,0,153,2,12,0
10154966,1,1,1,1,1,0,153,2,12,0
10155241,1,0,1,0,0,0,153,2,12,0
10155411,0,0,1,1,0,0,153,2,12,0
10155627,0,1,1,0,1,0,153,2,12,0
10156422,0,1,1,0,1,0,153,2,12,0
10156884,1,1,1,1,1,0,153,2,12,0
10158766,0,1,0,1,0,0,110,2,12,1
10158945,0,0,0,0,1,0,110,2,12,1
10159671,1,0,1,0,0,0,110,2,12,1
10161067,1,0,0,1,1,0,110,2,12,1
10161476,0,0,1,1,0,0,110,2,12,1
10164770,0,0,1,1,0,0,110,2,12,1
10165665,1,1,1,1,1,0,110,2,12,1
10167557,0,1,0,1,0,0,110,2,12,1
10167607,0,1,1,0,1,0,110,2,12,1
10172457,1,1,1,1,1,0,110,2,12,1
10173844,1,1,0,0,0,0,110,2,12,1
10174644,1,1,1,0,1,1,110,2,12,1
10175149,0,1,0,1,0,0,110,2,12,1
10177452,1,0,0,0,1,1,110,2,12,1
10179037,1,1,0,0,0,0,110,2,12,1
10179609,1,1,0,0,0,0,110,2,12,1
10179800,1,1,1,1,1,0,110,2,12,1
10179836,1,1,0,0,0,0,110,2,12,1
10180846,1,0,0,1,1,0,110,2,12,1
10183266,0,1,0,1,0,0,110,2,12,1
10183356,0,0,1,1,0,0,110,2,12,1
10183975,1,0,0,0,1,1,110,2,12,1
10184335,0,0,1,1,0,0,110,2,12,1
10188235,1,0,1,0,0,0,110,2,12,1
10188340,0,1,0,1,0,0,110,2,12,1
10193370,0,0,1,1,0,0,110,2,12,1
10193840,0,1,0,1,0,0,110,2,12,1
10197210,1,1,0,0,0,0,110,2,12,1
10199572,0,0,0,0,1,0,110,2,12,1
10199743,1,0,1,0,0,0,110,2,12,1
10201677,0,1,1,0,1,0,110,2,12,1
10202498,0,0,0,0,1,0,110,2,12,1
10202607,1,1,0,0,0,0,110,2,12,1
10204275,0,1,1,0,1,0,110,2,12,1
10204637,0,0,1,1,0,0,110,2,12,1
10205336,1,1,0,0,0,0,110,2,12,1
10205680,0,1,0,1,0,0,110,2,12,1
10208426,1,0,0,1,1,0,110,2,12,1
10208842,0,0,1,1,0,0,110,2,12,1
10213901,0,1,1,0,1,0,110,2,12,1
10214279,0,1,1,0,1,0,110,2,12,1
10214837,0,0,0,0,1,0,110,2,12,1
10218878,0,1,1,1,1,1,110,2,12,1
10219534,1,1,0,0,0,0,110,2,12,1
10219799,0,1,0,1,0,0,110,2,12,1
10220579,1,0,1,0,0,0,110,2,12,1
10222159,0,0,1,1,0,0,110,2,12,1
10222510,1,1,0,0,0,0,110,2,12,1
10223830,1,1,0,0,0,0,158,3,12,1
10223986,1,0,1,0,0,0,158,3,12,1
10224495,0,1,1,0,1,0,158,3,12,1
10225844,1,1,0,0,0,0,158,3,12,1
10226743,0,0,1,1,0,0,158,3,12,1
10226971,0,1,0,1,0,0,158,3,12,1
10227265,1,0,0,1,1,0,158,3,12,1
10228981,1,1,1,1,1,0,158,3,12,1
10229623,0,1,1,0,1,0,158,3,12,1
10229634,1,0,0,1,1,0,158,3,12,1
10231737,0,0,0,0,1,0,158,3,12,1
10232266,0,1,0,1,0,0,158,3,12,1
10232638,0,1,1,0,1,0,158,3,12,1
10232960,0,1,1,0,1,0,158,3,12,1
10235138,0,1,0,1,0,0,158,3,12,1
10236048,0,0,0,0,1,0,158,3,12,1
10236234,0,0,0,0,1,0,158,3,12,1
10237121,1,1,0,0,0,0,158,3,12,1
10237982,1,0,0,1,1,0,158,3,12,1
10239505,1,1,1,1,1,0,158,3,12,1
10243779,0,1,0,1,0,0,158,3,12,1
10245574,0,0,1,1,0,0,158,3,12,1
10245612,1,0,1,0,0,0,158,3,12,1
10245836,0,0,0,0,1,0,158,3,12,1
10246335,1,0,1,0,0,0,158,3,12,1
10246602,0,0,0,0,1,0,158,3,12,1
10247291,0,0,0,0,1,0,158,3,12,1
10247414,0,0,0,0,1,0,158,3,12,1
10247978,1,1,1,1,1,0,158,3,12,1
10248324,1,1,1,1,1,0,158,3,12,1
10250215,0,1,1,0,1,0,158,3,12,1
10250526,0,1,1,0,1,0,158,3,12,1
10251213,0,1,1,0,1,0,158,3,12,1
10254835,1,1,0,0,0,0,158,3,12,1
10255294,1,0,0,1,1,0,158,3,12,1
10256228,0,0,1,1,0,0,158,3,12,1
10257234,1,0,1,0,0,0,158,3,12,1
10257803,1,1,0,0,0,0,158,3,12,1
10257915,0,1,1,0,1,0,158,3,12,1
10258818,1,1,1,1,1,0,158,3,12,1
10259534,1,1,0,0,0,0,158,3,12,1
10259568,0,1,0,1,0,0,158,3,12,1
10260446,1,1,0,0,0,0,158,3,12,1
10262358,0,0,0,0,1,0,158,3,12,1
10262618,1,0,1,1,0,0,158,3,12,1
10262690,1,0,1,0,0,0,158,3,12,1
10262989,1,1,1,1,1,0,158,3,12,1
10263529,1,0,0,1,1,0,158,3,12,1
10264564,0,0,0,0,1,0,158,3,12,1
10265121,1,1,1,1,1,0,158,3,12,1
10265942,0,1,1,0,1,0,158,3,12,1
10266179,0,0,0,0,1,0,158,3,12,1
10266785,1,0,0,1,1,0,158,3,12,1
10267476,0,1,1,1,1,1,158,3,12,1
10267696,1,0,1,0,0,0,158,3,12,1
10267774,0,1,1,0,1,0,158,3,12,1
10268414,1,0,1,0,0,0,158,3,12,1
10268885,0,1,0,1,0,0,158,3,12,1
10270054,1,1,1,1,1,0,158,3,12,1
10270724,1,1,1,1,1,0,158,3,12,1
10271346,1,0,1,0,0,0,158,3,12,1
10271892,1,1,1,1,1,0,158,3,12,1
10274290,1,1,0,0,0,0,158,3,12,1
10274363,1,0,0,1,1,0,158,3,12,1
10275538,1,1,0,0,0,0,158,3,12,1
10276543,1,0,0,1,1,0,158,3,12,1
10276711,1,0,1,0,0,0,158,3,12,1
10276963,0,0,1,1,0,0,158,3,12,1
10277283,0,0,0,0,1,0,158,3,12,1
10277507,0,0,0,0,1,0,158,3,12,1
10277532,0,1,1,0,1,0,158,3,12,1
10279158,1,1,0,0,0,0,158,3,12,1
10279868,0,1,1,0,1,0,158,3,12,1
10281800,0,1,1,0,1,0,158,3,12,1
10282853,1,1,0,0,0,0,158,3,12,1
10282994,1,0,1,0,0,0,158,3,12,1
10284302,0,0,1,1,0,0,158,3,12,1
10284583,0,1,1,0,1,0,158,3,12,1
10285514,1,1,1,1,1,0,158,3,12,1
10285577,1,1,1,1,1,0,158,3,12,1
10286145,1,1,0,0,0,0,158,3,12,1
10287887,0,0,1,1,0,0,158,3,12,1
10289730,0,1,0,1,0,0,149,3,12,1
10290255,1,0,0,1,1,0,149,3,12,1
10291294,0,1,1,0,1,0,149,3,12,1
10291759,0,0,1,1,0,0,149,3,12,1
10292699,1,1,0,0,0,0,149,3,12,1
10293620,0,1,0,1,0,0,149,3,12,1
10293855,1,0,1,0,0,0,149,3,12,1
10294172,0,1,1,0,1,0,149,3,12,1
10296079,1,1,0,0,0,0,149,3,12,1
10296715,0,0,0,0,1,0,149,3,12,1
10296906,1,0,0,1,1,0,149,3,12,1
10297202,1,0,0,1,1,0,149,3,12,1
10299424,1,0,1,0,0,0,149,3,12,1
10300382,1,0,1,0,0,0,149,3,12,1
10301038,1,0,0,1,1,0,149,3,12,1
10301479,1,1,1,1,1,0,149,3,12,1
10301555,1,0,0,1,1,0,149,3,12,1
10302099,0,1,0,1,0,0,149,3,12,1
10303913,1,1,0,0,0,0,149,3,12,1
10304072,0,0,0,0,1,0,149,3,12,1
10304765,0,1,0,1,0,0,149,3,12,1
10306253,0,1,0,1,0,0,149,3,12,1
10306333,0,0,0,0,1,0,149,3,12,1
10306433,0,1,0,1,0,0,149,3,12,1
10308173,0,1,1,0,1,0,149,3,12,1
10308817,0,0,1,1,0,0,149,3,12,1
10309069,1,1,0,0,0,0,149,3,12,1
10309185,1,1,1,1,1,0,149,3,12,1
10310837,0,1,0,0,0,0,149,3,12,1
10311932,1,1,0,0,0,0,149,3,12,1
10312098,1,1,0,0,0,0,149,3,12,1
10312835,0,1,0,1,0,0,149,3,12,1
10314258,0,1,0,1,0,0,149,3,12,1
10315094,1,1,0,0,0,0,149,3,12,1
10316018,0,0,1,1,0,0,149,3,12,1
10316039,1,0,1,0,0,0,149,3,12,1
10317086,0,0,1,1,0,0,149,3,12,1
10318251,1,0,0,1,1,0,149,3,12,1
10318381,0,1,0,1,0,0,149,3,12,1
10318695,1,0,0,1,1,0,149,3,12,1
10323500,1,1,1,1,1,0,149,3,12,1
10323567,0,0,1,1,0,0,149,3,12,1
10324106,0,1,0,1,0,0,149,3,12,1
10326367,1,0,0,1,1,0,149,3,12,1
10327706,0,0,1,1,0,0,149,3,12,1
10328710,0,1,0,1,0,0,149,3,12,1
10330729,0,0,0,0,1,0,149,3,12,1
10331903,1,1,0,0,0,0,149,3,12,1
10332411,1,0,0,1,1,0,149,3,12,1
10334262,0,0,0,0,1,0,149,3,12,1
10334591,1,0,1,0,0,0,149,3,12,1
10335353,1,0,0,1,1,0,149,3,12,1
10335680,0,1,1,0,1,0,149,3,12,1
10335691,0,0,0,0,1,0,149,3,12,1
10336173,0,0,1,1,0,0,149,3,12,1
10336607,1,0,0,1,1,0,149,3,12,1
10337857,1,1,1,1,1,0,149,3,12,1
10338012,1,0,0,1,1,0,149,3,12,1
10338933,1,1,0,0,0,0,149,3,12,1
10338972,0,1,1,0,1,0,149,3,12,1
10339005,0,1,1,1,1,1,149,3,12,1
10339890,1,0,1,1,0,0,149,3,12,1
10342629,1,0,0,1,1,0,149,3,12,1
10342828,0,0,1,1,0,0,149,3,12,1
10343029,0,0,1,1,0,0,149,3,12,1
10344532,1,1,0,0,0,0,149,3,12,1
10345286,0,1,1,0,1,0,149,3,12,1
10345964,1,1,1,1,1,0,149,3,12,1
10346041,1,0,0,0,1,1,149,3,12,1
10346574,0,0,0,0,1,0,149,3,12,1
10347401,1,0,0,1,1,0,149,3,12,1
10347408,0,0,1,1,0,0,149,3,12,1
10349088,0,1,1,0,1,0,149,3,12,1
10350203,0,1,1,0,1,0,149,3,12,1
10350589,1,0,1,0,0,0,149,3,12,1
10351017,0,0,0,0,1,0,149,3,12,1
10351263,0,0,0,0,1,0,149,3,12,1
10352620,1,1,1,1,1,0,149,3,12,1
10352945,1,0,0,1,1,0,149,3,12,1
10353323,0,0,0,0,1,0,149,3,12,1
10353744,0,0,1,1,0,0,149,3,12,1
10354182,0,1,0,1,0,0,149,3,12,1
10354898,1,0,0,1,1,0,94,3,12,1
10355988,0,0,0,0,1,0,94,3,12,1
10359950,0,0,0,1,1,1,94,3,12,1
10361224,0,0,0,0,1,0,94,3,12,1
10361273,0,1,0,1,0,0,94,3,12,1
10362382,1,1,1,1,1,0,94,3,12,1
10364176,1,0,0,1,1,0,94,3,12,1
10364736,1,0,0,1,1,0,94,3,12,1
10365515,1,1,1,1,1,0,94,3,12,1
10368707,0,1,0,1,0,0,94,3,12,1
10370325,0,0,0,0,1,0,94,3,12,1
10370442,0,1,0,1,0,0,94,3,12,1
10371122,0,1,0,1,0,0,94,3,12,1
10371224,1,1,0,0,0,0,94,3,12,1
10372576,0,1,0,1,0,0,94,3,12,1
10372902,0,1,0,1,0,0,94,3,12,1
10373117,1,0,0,1,1,0,94,3,12,1
10373368,0,0,1,1,0,0,94,3,12,1
10374200,1,1,1,1,1,0,94,3,12,1
10374371,0,1,1,0,1,0,94,3,12,1
10374416,1,0,1,0,0,0,94,3,12,1
10376237,0,0,1,1,0,0,94,3,12,1
10376693,1,1,0,0,0,0,94,3,12,1
10377653,1,1,1,1,1,0,94,3,12,1
10379378,1,1,0,0,0,0,94,3,12,1
10379644,0,1,1,0,1,0,94,3,12,1
10379693,0,0,1,1,0,0,94,3,12,1
10382244,0,0,1,1,0,0,94,3,12,1
10382993,0,0,0,0,1,0,94,3,12,1
10384351,0,0,0,0,1,0,94,3,12,1
10390069,0,0,0,0,1,0,94,3,12,1
10393872,0,0,1,0,0,0,94,3,12,1
10394498,0,1,0,1,0,0,94,3,12,1
10395303,0,0,1,1,0,0,94,3,12,1
10395610,0,1,0,1,0,0,94,3,12,1
10397035,1,0,1,0,0,0,94,3,12,1
10398006,0,0,1,1,0,0,94,3,12,1
10400350,1,1,0,0,0,0,94,3,12,1
10400839,1,1,0,0,0,0,94,3,12,1
10402283,0,1,0,1,0,0,94,3,12,1
10403215,1,1,0,0,0,0,94,3,12,1
10404888,1,0,1,0,0,0,94,3,12,1
10405818,0,1,1,0,1,0,94,3,12,1
10406089,1,1,0,0,0,0,94,3,12,1
10409464,0,0,1,1,0,0,94,3,12,1
10412538,1,0,1,0,0,0,94,3,12,1
10414186,0,1,0,0,0,0,94,3,12,1
10414714,1,1,1,1,1,0,94,3,12,1
10417089,1,1,1,1,1,0,94,3,12,1
10417150,1,1,0,0,0,0,94,3,12,1
10417323,1,0,0,1,1,0,94,3,12,1
10418245,1,1,0,0,0,0,94,3,12,1
10418418,1,1,1,1,1,0,94,3,12,1
10420247,0,1,0,1,0,0,138,3,12,0
10421171,1,0,0,1,1,0,138,3,12,0
10421476,1,1,1,1,1,0,138,3,12,0
10421635,1,0,1,0,0,0,138,3,12,0
10421653,0,0,0,0,1,0,138,3,12,0
10422164,1,1,0,0,0,0,138,3,12,0
10422774,0,1,1,0,1,0,138,3,12,0
10422849,0,1,0,1,0,0,138,3,12,0
10423198,0,0,1,1,0,0,138,3,12,0
10423864,0,0,0,0,1,0,138,3,12,0
10424567,0,1,0,1,0,0,138,3,12,0
10425745,0,0,0,0,1,0,138,3,12,0
10425883,0,1,0,1,0,0,138,3,12,0
10426150,0,1,1,1,1,1,138,3,12,0
10426613,1,0,1,0,0,0,138,3,12,0
10426643,1,0,0,1,1,0,138,3,12,0
10426711,0,1,0,1,0,0,138,3,12,0
10426928,1,1,1,1,1,0,138,3,12,0
10427620,0,0,1,1,0,0,138,3,12,0
10428144,1,1,0,0,0,0,138,3,12,0
10428300,0,0,0,0,1,0,138,3,12,0
10428493,0,0,1,1,0,0,138,3,12,0
10428785,0,1,0,1,0,0,138,3,12,0
10429224,0,0,0,0,1,0,138,3,12,0
10429485,0,1,1,0,1,0,138,3,12,0
10429965,1,0,0,1,1,0,138,3,12,0
10429978,0,0,0,0,1,0,138,3,12,0
10431293,1,0,1,0,0,0,138,3,12,0
10431417,1,1,1,1,1,0,138,3,12,0
10431680,0,1,0,1,0,0,138,3,12,0
10431771,1,0,0,1,1,0,138,3,12,0
10432427,1,1,0,0,0,0,138,3,12,0
10432617,1,1,0,0,0,0,138,3,12,0
10433006,1,0,0,1,1,0,138,3,12,0
10433260,1,0,0,1,1,0,138,3,12,0
10433953,0,0,1,1,0,0,138,3,12,0
10434363,1,1,0,0,0,0,138,3,12,0
10434493,1,0,1,0,0,0,138,3,12,0
10435033,1,0,1,0,0,0,138,3,12,0
10436589,1,0,0,1,1,0,138,3,12,0
10436627,1,0,1,0,0,0,138,3,12,0
10437275,1,0,0,1,1,0,138,3,12,0
10437283,1,0,0,1,1,0,138,3,12,0
10439180,0,1,1,0,1,0,138,3,12,0
10439689,0,0,0,0,1,0,138,3,12,0
10441489,1,0,1,0,0,0,138,3,12,0
10442052,0,1,1,0,1,0,138,3,12,0
10442373,0,0,1,1,0,0,138,3,12,0
10442404,1,1,1,1,1,0,138,3,12,0
10442612,1,1,0,0,0,0,138,3,12,0
10445394,0,1,1,0,1,0,138,3,12,0
10445791,1,1,0,0,0,0,138,3,12,0
10446038,1,1,0,0,0,0,138,3,12,0
10447825,0,1,1,0,1,0,138,3,12,0
10448002,0,0,1,1,0,0,138,3,12,0
10448185,0,1,1,0,1,0,138,3,12,0
10449874,0,0,0,0,1,0,138,3,12,0
10450263,1,0,0,1,1,0,138,3,12,0
10450416,0,1,0,1,0,0,138,3,12,0
10450465,1,0,1,0,0,0,138,3,12,0
10450942,0,0,1,1,0,0,138,3,12,0
10451525,0,0,1,1,0,0,138,3,12,0
10451668,0,1,1,0,1,0,138,3,12,0
10452664,1,0,0,1,1,0,138,3,12,0
10453327,1,0,1,0,0,0,138,3,12,0
10454417,0,1,0,1,0,0,138,3,12,0
10455147,1,1,1,1,1,0,138,3,12,0
10455655,1,1,1,1,1,0,138,3,12,0
10457055,0,0,1,1,0,0,138,3,12,0
10458127,0,1,0,0,0,0,138,3,12,0
10458490,1,1,0,0,0,0,138,3,12,0
10458768,1,1,0,0,0,0,138,3,12,0
10459308,1,0,1,0,0,0,138,3,12,0
10459365,0,0,0,0,1,0,138,3,12,0
10459493,1,0,0,1,1,0,138,3,12,0
10459617,0,0,1,1,0,0,138,3,12,0
10459916,1,1,1,1,1,0,138,3,12,0
10460292,0,0,0,0,1,0,138,3,12,0
10460598,1,1,0,0,0,0,138,3,12,0
10461290,1,0,0,1,1,0,138,3,12,0
10461373,0,0,0,0,1,0,138,3,12,0
10462556,0,1,0,1,0,0,138,3,12,0
10462893,0,1,0,1,0,0,138,3,12,0
10462951,1,1,0,0,0,0,138,3,12,0
10463057,0,1,1,0,1,0,138,3,12,0
10463625,0,0,0,0,1,0,138,3,12,0
10463718,1,0,1,0,0,0,138,3,12,0
10463809,1,1,1,1,1,0,138,3,12,0
10464784,0,1,1,0,1,0,138,3,12,0
10465017,1,0,0,1,1,0,138,3,12,0
10466134,1,0,1,0,0,0,138,3,12,0
10466789,0,0,1,1,0,0,138,3,12,0
10467173,1,1,1,1,1,0,138,3,12,0
10471450,1,0,1,0,0,0,138,3,12,0
10471586,1,0,0,1,1,0,138,3,12,0
10472441,0,1,1,0,1,0,138,3,12,0
10472491,1,0,0,1,1,0,138,3,12,0
10472565,1,1,0,0,0,0,138,3,12,0
10472805,1,1,1,1,1,0,138,3,12,0
10473535,1,0,0,1,1,0,138,3,12,0
10473797,0,0,1,1,0,0,138,3,12,0
10474623,0,1,0,1,0,0,138,3,12,0
10474884,1,0,1,0,0,0,138,3,12,0
10475263,1,0,1,0,0,0,138,3,12,0
10475765,0,0,1,1,0,0,138,3,12,0
10476111,1,1,1,1,1,0,138,3,12,0
10477105,1,1,1,1,1,0,138,3,12,0
10477596,1,0,1,0,0,0,138,3,12,0
10477873,0,1,0,1,0,0,138,3,12,0
10478244,0,0,1,1,0,0,138,3,12,0
10478554,0,0,0,0,1,0,138,3,12,0
10478812,1,1,1,1,1,0,138,3,12,0
10478856,1,0,1,0,0,0,138,3,12,0
10479487,0,0,0,0,1,0,138,3,12,0
10479893,1,1,0,0,0,0,138,3,12,0
10480210,0,0,0,0,1,0,138,3,12,0
10481245,1,0,0,1,1,0,138,3,12,0
10481933,0,1,1,0,1,0,138,3,12,0
10482089,1,0,1,0,0,0,138,3,12,0
10482173,1,0,1,0,0,0,138,3,12,0
10482925,0,0,0,0,1,0,138,3,12,0
10485173,0,0,0,0,1,0,138,3,12,0
10485381,1,1,1,1,1,0,138,3,12,0
