attempt,a_data,a_basis,b_basis,bob,bmatch,err,irrad,mode,mu,lam_idx
706,0,0,0,0,1,0,99,1,9,0
789,1,0,0,1,1,0,99,1,9,0
797,1,0,0,1,1,0,99,1,9,0
865,0,0,0,0,1,0,99,1,9,0
973,1,0,0,1,1,0,99,1,9,0
1057,0,0,1,1,0,0,99,1,9,0
1275,1,0,1,1,0,0,99,1,9,0
1449,0,1,1,0,1,0,99,1,9,0
1570,0,0,1,1,0,0,99,1,9,0
1640,0,1,1,0,1,0,99,1,9,0
1810,0,1,0,1,0,0,99,1,9,0
2566,0,1,1,0,1,0,99,1,9,0
2701,1,1,0,0,0,0,99,1,9,0
3023,1,1,0,0,0,0,99,1,9,0
3196,1,1,0,0,0,0,99,1,9,0
3217,1,1,1,1,1,0,99,1,9,0
3319,1,1,1,1,1,0,99,1,9,0
3426,1,1,0,0,0,0,99,1,9,0
3778,0,1,1,0,1,0,99,1,9,0
3880,1,0,0,1,1,0,99,1,9,0
3934,0,0,1,1,0,0,99,1,9,0
4014,1,0,1,0,0,0,99,1,9,0
4071,0,1,0,1,0,0,99,1,9,0
4213,1,1,0,0,0,0,99,1,9,0
4241,0,1,1,1,1,1,99,1,9,0
4463,1,1,0,0,0,0,99,1,9,0
4486,0,1,0,1,0,0,99,1,9,0
4628,1,1,0,0,0,0,99,1,9,0
4920,0,1,1,0,1,0,99,1,9,0
5062,1,1,0,0,0,0,99,1,9,0
5084,1,0,0,1,1,0,99,1,9,0
5128,1,1,0,0,0,0,99,1,9,0
5320,1,1,0,0,0,0,99,1,9,0
5799,1,1,1,1,1,0,99,1,9,0
5835,1,0,0,1,1,0,99,1,9,0
6242,1,1,1,1,1,0,99,1,9,0
6419,1,1,0,0,0,0,99,1,9,0
6589,0,0,0,0,1,0,99,1,9,0
6624,1,0,1,0,0,0,99,1,9,0
6639,0,0,1,1,0,0,99,1,9,0
6650,0,1,0,1,0,0,99,1,9,0
6898,1,1,1,1,1,0,99,1,9,0
6965,1,1,0,0,0,0,99,1,9,0
7029,1,0,1,0,0,0,99,1,9,0
7098,1,1,1,1,1,0,99,1,9,0
7227,0,0,1,1,0,0,99,1,9,0
7284,1,1,0,0,0,0,99,1,9,0
7309,1,1,0,0,0,0,99,1,9,0
7314,1,0,0,1,1,0,99,1,9,0
7373,1,1,0,0,0,0,99,1,9,0
7426,0,1,1,0,1,0,99,1,9,0
7436,0,0,1,1,0,0,99,1,9,0
7490,0,0,0,1,1,1,99,1,9,0
7533,0,1,1,0,1,0,99,1,9,0
7553,1,0,0,1,1,0,99,1,9,0
7583,1,1,1,1,1,0,99,1,9,0
7797,1,0,0,1,1,0,99,1,9,0
7837,1,0,1,0,0,0,99,1,9,0
7852,1,0,0,1,1,0,99,1,9,0
7951,1,1,1,1,1,0,99,1,9,0
8020,1,1,0,0,0,0,99,1,9,0
8085,1,1,0,0,0,0,99,1,9,0
8160,1,0,0,1,1,0,99,1,9,0
8189,1,0,0,1,1,0,99,1,9,0
8433,0,1,0,1,0,0,99,1,9,0
8555,1,0,1,0,0,0,99,1,9,0
8801,0,0,0,0,1,0,99,1,9,0
8874,1,1,0,0,0,0,99,1,9,0
9007,0,0,1,1,0,0,99,1,9,0
9039,0,1,1,0,1,0,99,1,9,0
9565,0,1,1,0,1,0,99,1,9,0
9863,0,1,1,0,1,0,99,1,9,0
10045,1,0,0,1,1,0,99,1,9,0
10152,0,0,1,1,0,0,99,1,9,0
10230,1,1,0,0,0,0,99,1,9,0
10327,1,0,1,0,0,0,99,1,9,0
10347,1,0,0,1,1,0,99,1,9,0
10444,1,0,0,1,1,0,99,1,9,0
10613,0,1,0,1,0,0,99,1,9,0
10633,0,0,1,1,0,0,99,1,9,0
10678,1,0,0,1,1,0,99,1,9,0
10724,0,1,0,1,0,0,99,1,9,0
10775,1,0,1,0,0,0,99,1,9,0
11026,0,1,1,0,1,0,99,1,9,0
11167,0,1,1,0,1,0,99,1,9,0
11185,0,0,1,1,0,0,99,1,9,0
11334,1,0,0,1,1,0,99,1,9,0
11348,1,0,1,0,0,0,99,1,9,0
11404,1,0,1,0,0,0,99,1,9,0
11489,0,1,0,1,0,0,99,1,9,0
11782,0,1,1,0,1,0,99,1,9,0
11833,1,0,1,0,0,0,99,1,9,0
11851,1,0,1,0,0,0,99,1,9,0
11887,1,1,0,0,0,0,99,1,9,0
12084,1,1,1,1,1,0,99,1,9,0
12170,0,0,0,0,1,0,99,1,9,0
12295,0,1,0,1,0,0,99,1,9,0
12336,0,0,0,0,1,0,99,1,9,0
12500,0,1,0,1,0,0,99,1,9,0
12605,0,1,0,1,0,0,99,1,9,0
12689,1,0,1,0,0,0,99,1,9,0
12706,0,0,0,0,1,0,99,1,9,0
12811,0,1,1,0,1,0,99,1,9,0
12818,0,1,1,0,1,0,99,1,9,0
12942,1,1,1,1,1,0,99,1,9,0
13443,1,1,1,1,1,0,99,1,9,0
13512,1,0,1,0,0,0,99,1,9,0
13542,1,0,0,1,1,0,99,1,9,0
13681,1,1,1,1,1,0,99,1,9,0
13735,0,0,1,1,0,0,99,1,9,0
13807,1,0,0,1,1,0,99,1,9,0
13945,0,0,0,0,1,0,99,1,9,0
14060,0,0,0,0,1,0,99,1,9,0
14131,0,1,1,0,1,0,99,1,9,0
14299,0,1,0,1,0,0,99,1,9,0
14389,1,1,0,1,0,0,99,1,9,0
14396,0,0,1,1,0,0,99,1,9,0
14430,0,0,0,0,1,0,99,1,9,0
14599,1,1,1,1,1,0,99,1,9,0
14608,0,0,1,1,0,0,99,1,9,0
14715,1,1,1,1,1,0,99,1,9,0
14756,1,1,1,1,1,0,99,1,9,0
14791,0,0,1,1,0,0,99,1,9,0
14843,0,1,1,0,1,0,99,1,9,0
14923,0,0,1,1,0,0,99,1,9,0
15035,0,1,0,1,0,0,99,1,9,0
15228,0,0,0,0,1,0,99,1,9,0
15336,0,0,1,1,0,0,99,1,9,0
15414,1,0,1,0,0,0,99,1,9,0
15583,1,1,1,1,1,0,99,1,9,0
15784,1,0,0,1,1,0,99,1,9,0
15793,0,0,1,1,0,0,99,1,9,0
15871,0,1,0,1,0,0,99,1,9,0
15874,0,1,0,1,0,0,99,1,9,0
15964,0,1,1,0,1,0,99,1,9,0
16073,0,1,0,1,0,0,99,1,9,0
16118,0,1,1,0,1,0,99,1,9,0
16194,0,1,1,0,1,0,99,1,9,0
16247,1,0,0,1,1,0,99,1,9,0
16351,0,0,1,1,0,0,99,1,9,0
16430,1,0,0,1,1,0,99,1,9,0
16699,1,0,0,1,1,0,99,1,9,0
16798,1,0,0,1,1,0,99,1,9,0
17351,1,1,1,0,1,1,99,1,9,0
17374,1,1,1,1,1,0,99,1,9,0
17413,0,0,1,1,0,0,99,1,9,0
17627,0,0,1,0,0,0,99,1,9,0
17673,1,1,1,1,1,0,99,1,9,0
17734,0,0,0,0,1,0,99,1,9,0
17745,1,0,1,0,0,0,99,1,9,0
17757,0,1,1,0,1,0,99,1,9,0
18185,0,0,1,1,0,0,99,1,9,0
18189,0,0,1,1,0,0,99,1,9,0
18363,0,1,0,1,0,0,99,1,9,0
18438,0,0,1,0,0,0,99,1,9,0
18486,1,0,0,1,1,0,99,1,9,0
18803,0,0,1,1,0,0,99,1,9,0
18826,0,1,1,0,1,0,99,1,9,0
19052,1,0,1,0,0,0,99,1,9,0
19144,0,0,1,1,0,0,99,1,9,0
19146,1,1,0,0,0,0,99,1,9,0
19380,1,1,0,0,0,0,99,1,9,0
19652,1,1,1,1,1,0,99,1,9,0
19691,0,1,1,0,1,0,99,1,9,0
19774,1,0,0,1,1,0,99,1,9,0
19885,1,0,0,1,1,0,99,1,9,0
19925,0,0,1,1,0,0,99,1,9,0
19964,1,0,0,1,1,0,99,1,9,0
20087,0,0,1,1,0,0,99,1,9,0
20184,1,0,0,1,1,0,99,1,9,0
20234,0,0,0,0,1,0,99,1,9,0
20337,0,0,1,1,0,0,99,1,9,0
20341,1,1,1,1,1,0,99,1,9,0
20369,1,1,0,0,0,0,99,1,9,0
20746,1,0,1,0,0,0,99,1,9,0
21140,0,1,0,1,0,0,99,1,9,0
21187,0,0,0,0,1,0,99,1,9,0
21306,0,1,0,1,0,0,99,1,9,0
21389,1,0,0,1,1,0,99,1,9,0
21417,1,1,0,0,0,0,99,1,9,0
21537,1,1,0,0,0,0,99,1,9,0
21673,1,1,1,1,1,0,99,1,9,0
21771,0,1,0,1,0,0,99,1,9,0
22005,1,0,0,1,1,0,99,1,9,0
22259,0,0,0,0,1,0,99,1,9,0
22293,1,0,1,0,0,0,99,1,9,0
22368,1,1,1,1,1,0,99,1,9,0
22457,0,1,1,0,1,0,99,1,9,0
22795,1,1,0,0,0,0,99,1,9,0
22801,1,0,1,0,0,0,99,1,9,0
23093,0,0,1,1,0,0,99,1,9,0
23190,1,0,0,1,1,0,99,1,9,0
23207,1,1,1,1,1,0,99,1,9,0
23522,0,1,1,0,1,0,99,1,9,0
23633,1,1,0,0,0,0,99,1,9,0
23722,1,1,0,0,0,0,99,1,9,0
23771,0,0,1,0,0,0,99,1,9,0
23846,0,0,1,1,0,0,99,1,9,0
23876,1,1,0,0,0,0,99,1,9,0
24049,1,0,1,0,0,0,99,1,9,0
24088,0,1,0,1,0,0,99,1,9,0
24215,1,1,1,1,1,0,99,1,9,0
24381,0,1,0,1,0,0,99,1,9,0
24459,0,0,0,0,1,0,99,1,9,0
24497,0,1,1,0,1,0,99,1,9,0
24677,0,1,1,0,1,0,99,1,9,0
24693,0,0,0,0,1,0,99,1,9,0
24794,1,1,0,0,0,0,99,1,9,0
24899,0,1,1,0,1,0,99,1,9,0
24929,1,0,1,0,0,0,99,1,9,0
24958,1,1,1,1,1,0,99,1,9,0
25158,0,1,0,1,0,0,99,1,9,0
25348,0,0,1,1,0,0,99,1,9,0
25398,0,1,0,1,0,0,99,1,9,0
25482,0,1,1,0,1,0,99,1,9,0
25753,0,1,0,1,0,0,99,1,9,0
25976,1,1,0,0,0,0,99,1,9,0
26045,0,1,1,1,1,1,99,1,9,0
26320,1,1,0,0,0,0,99,1,9,0
26358,0,1,1,0,1,0,99,1,9,0
26467,1,1,0,0,0,0,99,1,9,0
26504,0,0,1,1,0,0,99,1,9,0
26518,1,0,1,0,0,0,99,1,9,0
26682,0,1,1,0,1,0,99,1,9,0
26736,0,0,1,1,0,0,99,1,9,0
26882,1,0,1,0,0,0,99,1,9,0
27048,1,1,1,1,1,0,99,1,9,0
27105,0,1,1,0,1,0,99,1,9,0
27115,1,1,1,1,1,0,99,1,9,0
27197,1,1,1,1,1,0,99,1,9,0
27224,1,0,0,1,1,0,99,1,9,0
27306,0,1,0,1,0,0,99,1,9,0
27558,0,0,1,1,0,0,99,1,9,0
27563,0,0,0,0,1,0,99,1,9,0
27776,0,0,0,0,1,0,99,1,9,0
27802,0,0,0,0,1,0,99,1,9,0
28039,1,1,1,1,1,0,99,1,9,0
28041,0,0,1,1,0,0,99,1,9,0
28119,0,0,0,0,1,0,99,1,9,0
28477,0,0,1,1,0,0,99,1,9,0
28524,1,0,0,1,1,0,99,1,9,0
28806,0,1,1,0,1,0,99,1,9,0
28926,0,0,0,0,1,0,99,1,9,0
29088,1,0,0,1,1,0,99,1,9,0
29336,0,0,0,0,1,0,99,1,9,0
29424,0,0,1,1,0,0,99,1,9,0
29425,0,1,1,0,1,0,99,1,9,0
29915,0,0,1,1,0,0,99,1,9,0
30006,1,1,1,1,1,0,99,1,9,0
30121,0,1,1,0,1,0,99,1,9,0
30179,0,0,1,1,0,0,99,1,9,0
30186,0,1,1,0,1,0,99,1,9,0
30294,0,0,0,0,1,0,99,1,9,0
30607,0,0,0,0,1,0,99,1,9,0
30640,1,0,1,0,0,0,99,1,9,0
30840,0,1,0,1,0,0,99,1,9,0
30976,1,0,0,1,1,0,99,1,9,0
30999,1,0,1,0,0,0,99,1,9,0
31030,1,0,0,1,1,0,99,1,9,0
31105,0,1,0,1,0,0,99,1,9,0
31142,0,0,0,0,1,0,99,1,9,0
31255,0,0,0,0,1,0,99,1,9,0
31559,0,1,0,1,0,0,99,1,9,0
31626,0,0,0,0,1,0,99,1,9,0
31636,1,0,0,1,1,0,99,1,9,0
31872,1,0,0,1,1,0,99,1,9,0
32112,1,0,1,0,0,0,99,1,9,0
32119,1,1,1,1,1,0,99,1,9,0
32353,1,1,1,1,1,0,99,1,9,0
32487,1,1,1,1,1,0,99,1,9,0
32691,1,0,1,0,0,0,99,1,9,0
32789,1,1,1,1,1,0,99,1,9,0
32886,0,1,0,1,0,0,99,1,9,0
33021,0,1,0,1,0,0,99,1,9,0
33182,1,0,1,0,0,0,99,1,9,0
33222,0,1,0,1,0,0,99,1,9,0
33253,0,0,1,1,0,0,99,1,9,0
33256,0,1,1,0,1,0,99,1,9,0
34041,1,1,0,0,0,0,99,1,9,0
34312,0,1,1,0,1,0,99,1,9,0
34415,0,1,1,0,1,0,99,1,9,0
34540,1,1,1,1,1,0,99,1,9,0
34700,1,0,0,1,1,0,99,1,9,0
34751,1,0,1,0,0,0,99,1,9,0
34945,1,1,0,0,0,0,99,1,9,0
35112,1,1,1,1,1,0,99,1,9,0
35174,1,1,1,1,1,0,99,1,9,0
35315,1,0,0,1,1,0,99,1,9,0
35352,0,0,1,1,0,0,99,1,9,0
35509,1,0,0,1,1,0,99,1,9,0
35516,1,1,0,0,0,0,99,1,9,0
35579,0,0,1,1,0,0,99,1,9,0
35799,1,0,1,0,0,0,99,1,9,0
35808,1,0,0,1,1,0,99,1,9,0
35862,0,0,0,0,1,0,99,1,9,0
35945,0,0,0,0,1,0,99,1,9,0
35988,1,1,0,0,0,0,99,1,9,0
36032,0,1,1,0,1,0,99,1,9,0
36057,0,1,0,1,0,0,99,1,9,0
36120,0,1,0,1,0,0,99,1,9,0
36159,0,1,0,1,0,0,99,1,9,0
36630,1,0,0,1,1,0,99,1,9,0
36740,1,0,1,0,0,0,99,1,9,0
36797,1,1,1,1,1,0,99,1,9,0
36821,1,1,0,0,0,0,99,1,9,0
36908,1,1,1,1,1,0,99,1,9,0
37184,0,1,0,1,0,0,99,1,9,0
37277,1,1,0,0,0,0,99,1,9,0
37309,0,1,1,0,1,0,99,1,9,0
37576,1,0,1,0,0,0,99,1,9,0
37634,0,1,1,0,1,0,99,1,9,0
37693,1,0,0,1,1,0,99,1,9,0
37712,0,1,1,0,1,0,99,1,9,0
37778,0,1,1,0,1,0,99,1,9,0
37872,0,0,1,1,0,0,99,1,9,0
38237,0,0,0,0,1,0,99,1,9,0
38252,0,0,1,1,0,0,99,1,9,0
38409,1,1,1,1,1,0,99,1,9,0
38522,0,0,0,0,1,0,99,1,9,0
38645,0,0,1,1,0,0,99,1,9,0
38666,0,1,1,0,1,0,99,1,9,0
38985,1,0,0,1,1,0,99,1,9,0
39010,1,1,0,0,0,0,99,1,9,0
39025,0,1,1,1,1,1,99,1,9,0
39565,0,0,1,1,0,0,99,1,9,0
39873,1,0,0,1,1,0,99,1,9,0
39904,1,1,1,1,1,0,99,1,9,0
40017,0,1,0,1,0,0,99,1,9,0
40037,0,0,1,1,0,0,99,1,9,0
40068,0,0,0,0,1,0,99,1,9,0
40243,1,0,1,0,0,0,99,1,9,0
40433,0,0,0,0,1,0,99,1,9,0
40442,0,0,0,0,1,0,99,1,9,0
40530,1,1,0,0,0,0,99,1,9,0
40585,0,1,1,0,1,0,99,1,9,0
40611,1,1,0,0,0,0,99,1,9,0
40727,0,0,0,0,1,0,99,1,9,0
40791,0,0,0,0,1,0,99,1,9,0
40795,1,0,0,1,1,0,99,1,9,0
40964,1,1,1,1,1,0,99,1,9,0
40998,1,1,1,1,1,0,99,1,9,0
41584,0,1,1,0,1,0,99,1,9,0
41671,0,1,1,0,1,0,99,1,9,0
41718,1,1,0,0,0,0,99,1,9,0
41806,0,1,1,0,1,0,99,1,9,0
41820,1,1,1,1,1,0,99,1,9,0
41912,1,1,0,0,0,0,99,1,9,0
42150,0,1,0,1,0,0,99,1,9,0
42181,0,1,0,1,0,0,99,1,9,0
42263,1,0,1,0,0,0,99,1,9,0
42269,0,1,0,1,0,0,99,1,9,0
42475,0,1,1,0,1,0,99,1,9,0
42544,1,1,1,1,1,0,99,1,9,0
42570,1,1,0,0,0,0,99,1,9,0
43006,0,1,1,0,1,0,99,1,9,0
43062,0,0,0,0,1,0,99,1,9,0
43200,0,1,0,1,0,0,99,1,9,0
43250,1,0,1,0,0,0,99,1,9,0
43307,0,1,1,0,1,0,99,1,9,0
43642,0,1,0,1,0,0,99,1,9,0
43727,0,0,0,0,1,0,99,1,9,0
43902,0,1,0,1,0,0,99,1,9,0
44005,1,0,1,0,0,0,99,1,9,0
44084,0,1,0,1,0,0,99,1,9,0
44144,0,0,0,0,1,0,99,1,9,0
44618,0,1,0,1,0,0,99,1,9,0
44655,1,1,0,0,0,0,99,1,9,0
44721,1,0,0,1,1,0,99,1,9,0
44759,0,0,0,0,1,0,99,1,9,0
44864,1,0,1,0,0,0,99,1,9,0
44952,0,0,1,1,0,0,99,1,9,0
45007,0,0,1,1,0,0,99,1,9,0
45065,0,1,0,1,0,0,99,1,9,0
45077,1,0,0,1,1,0,99,1,9,0
45334,0,1,1,0,1,0,99,1,9,0
45596,1,0,1,0,0,0,99,1,9,0
45644,1,0,1,0,0,0,99,1,9,0
45786,1,0,1,0,0,0,99,1,9,0
45809,1,0,1,0,0,0,99,1,9,0
45909,1,0,0,1,1,0,99,1,9,0
46086,1,0,1,0,0,0,99,1,9,0
46157,0,1,0,1,0,0,99,1,9,0
46299,0,0,0,0,1,0,99,1,9,0
46476,1,1,0,0,0,0,99,1,9,0
46509,1,1,1,1,1,0,99,1,9,0
46759,0,0,0,0,1,0,99,1,9,0
46811,1,0,1,0,0,0,99,1,9,0
47018,0,0,0,1,1,1,99,1,9,0
47019,1,0,1,0,0,0,99,1,9,0
47143,0,1,1,0,1,0,99,1,9,0
47182,0,0,0,0,1,0,99,1,9,0
47265,1,1,0,0,0,0,99,1,9,0
47393,1,0,1,0,0,0,99,1,9,0
47864,0,0,1,1,0,0,99,1,9,0
47894,0,1,1,0,1,0,99,1,9,0
48017,0,1,0,1,0,0,99,1,9,0
48021,0,1,0,1,0,0,99,1,9,0
48273,1,1,0,1,0,0,99,1,9,0
48357,0,1,1,0,1,0,99,1,9,0
48437,1,0,1,0,0,0,99,1,9,0
48584,0,0,1,1,0,0,99,1,9,0
48639,0,1,1,0,1,0,99,1,9,0
48755,0,0,1,1,0,0,99,1,9,0
48885,0,1,1,0,1,0,99,1,9,0
49119,1,1,0,0,0,0,99,1,9,0
49330,0,1,0,1,0,0,99,1,9,0
49405,0,1,1,0,1,0,99,1,9,0
49440,0,1,1,0,1,0,99,1,9,0
49490,1,0,0,1,1,0,99,1,9,0
49529,1,1,0,0,0,0,99,1,9,0
49972,0,0,0,0,1,0,99,1,9,0
49986,1,0,1,0,0,0,99,1,9,0
50093,1,1,0,0,0,0,99,1,9,0
50139,0,0,1,1,0,0,99,1,9,0
50640,0,0,1,1,0,0,99,1,9,0
50725,1,1,1,1,1,0,99,1,9,0
50889,0,0,1,1,0,0,99,1,9,0
51022,1,0,1,0,0,0,99,1,9,0
51151,0,0,1,1,0,0,99,1,9,0
51216,1,1,0,0,0,0,99,1,9,0
51594,0,0,1,1,0,0,99,1,9,0
51733,1,1,0,0,0,0,99,1,9,0
51830,0,1,1,0,1,0,99,1,9,0
51835,0,0,1,1,0,0,99,1,9,0
51907,1,1,1,1,1,0,99,1,9,0
52255,0,1,0,1,0,0,99,1,9,0
52264,0,1,1,0,1,0,99,1,9,0
52340,0,1,1,0,1,0,99,1,9,0
52434,1,0,0,1,1,0,99,1,9,0
52553,1,0,1,0,0,0,99,1,9,0
52679,0,0,0,0,1,0,99,1,9,0
52855,0,1,1,0,1,0,99,1,9,0
53313,1,0,1,0,0,0,99,1,9,0
53328,1,1,1,0,1,1,99,1,9,0
53430,0,0,1,1,0,0,99,1,9,0
53538,1,0,1,0,0,0,99,1,9,0
53627,0,0,0,0,1,0,99,1,9,0
53777,1,0,1,0,0,0,99,1,9,0
53926,0,0,0,0,1,0,99,1,9,0
53995,0,1,1,0,1,0,99,1,9,0
54126,0,1,0,1,0,0,99,1,9,0
54218,1,1,0,0,0,0,99,1,9,0
54312,0,1,1,0,1,0,99,1,9,0
54385,1,0,1,0,0,0,99,1,9,0
54505,0,0,1,1,0,0,99,1,9,0
54668,1,1,0,0,0,0,99,1,9,0
54900,1,1,1,1,1,0,99,1,9,0
54934,0,1,1,0,1,0,99,1,9,0
55007,0,1,1,0,1,0,99,1,9,0
55040,0,0,1,1,0,0,99,1,9,0
55112,1,1,1,1,1,0,99,1,9,0
55531,1,0,1,0,0,0,99,1,9,0
55596,0,1,0,1,0,0,99,1,9,0
55844,1,0,0,1,1,0,99,1,9,0
55919,1,1,1,1,1,0,99,1,9,0
55925,0,0,0,0,1,0,99,1,9,0
56073,0,0,1,1,0,0,99,1,9,0
56141,1,1,1,1,1,0,99,1,9,0
56190,0,0,0,0,1,0,99,1,9,0
56258,0,0,0,0,1,0,99,1,9,0
56294,1,0,1,0,0,0,99,1,9,0
56517,1,0,1,0,0,0,99,1,9,0
56572,1,0,1,0,0,0,99,1,9,0
57191,1,0,0,1,1,0,99,1,9,0
57278,1,1,0,0,0,0,99,1,9,0
57375,0,1,1,0,1,0,99,1,9,0
57460,0,0,1,1,0,0,99,1,9,0
57474,0,0,0,0,1,0,99,1,9,0
57559,0,1,1,0,1,0,99,1,9,0
57742,0,0,1,1,0,0,99,1,9,0
57763,1,1,0,0,0,0,99,1,9,0
58319,0,0,1,1,0,0,99,1,9,0
58486,1,1,0,0,0,0,99,1,9,0
58597,0,0,1,1,0,0,99,1,9,0
58714,1,0,0,1,1,0,99,1,9,0
58962,1,1,1,1,1,0,99,1,9,0
59187,1,0,0,1,1,0,99,1,9,0
59394,1,0,1,0,0,0,99,1,9,0
59598,1,1,1,1,1,0,99,1,9,0
60472,0,0,0,0,1,0,99,1,9,0
60787,0,0,0,0,1,0,99,1,9,0
60795,1,0,0,1,1,0,99,1,9,0
60995,0,0,0,0,1,0,99,1,9,0
61069,0,1,0,1,0,0,99,1,9,0
61101,0,0,0,0,1,0,99,1,9,0
61234,0,1,1,0,1,0,99,1,9,0
61265,1,1,0,1,0,0,99,1,9,0
61440,0,1,1,0,1,0,99,1,9,0
61524,0,1,0,1,0,0,99,1,9,0
61867,1,1,1,1,1,0,99,1,9,0
62629,0,1,0,1,0,0,99,1,9,0
62676,1,0,0,1,1,0,99,1,9,0
62681,1,1,1,1,1,0,99,1,9,0
62992,0,1,0,1,0,0,99,1,9,0
63181,1,0,0,1,1,0,99,1,9,0
63271,1,0,1,0,0,0,99,1,9,0
63357,1,0,1,0,0,0,99,1,9,0
63514,0,1,0,1,0,0,99,1,9,0
63580,0,0,1,1,0,0,99,1,9,0
63604,1,0,0,1,1,0,99,1,9,0
63668,0,1,0,1,0,0,99,1,9,0
63898,1,1,1,1,1,0,99,1,9,0
64002,0,0,0,0,1,0,99,1,9,0
64319,1,0,1,0,0,0,99,1,9,0
64557,0,0,0,0,1,0,99,1,9,0
64696,1,0,1,0,0,0,99,1,9,0
64740,1,1,1,1,1,0,99,1,9,0
64749,0,1,0,1,0,0,99,1,9,0
64784,0,0,0,0,1,0,99,1,9,0
65009,0,1,0,1,0,0,99,1,9,0
65313,0,0,1,1,0,0,99,1,9,0
65420,0,1,1,0,1,0,99,1,9,0
65620,1,1,0,0,0,0,140,1,9,0
65664,0,0,1,1,0,0,140,1,9,0
65780,1,1,1,1,1,0,140,1,9,0
65811,0,1,1,0,1,0,140,1,9,0
65908,0,1,1,0,1,0,140,1,9,0
66117,1,1,1,1,1,0,140,1,9,0
66169,0,1,1,0,1,0,140,1,9,0
66273,0,0,1,1,0,0,140,1,9,0
66354,1,0,0,1,1,0,140,1,9,0
66413,0,1,0,1,0,0,140,1,9,0
66468,1,1,0,0,0,0,140,1,9,0
66471,0,0,0,0,1,0,140,1,9,0
66896,0,1,1,0,1,0,140,1,9,0
67043,1,0,0,1,1,0,140,1,9,0
67309,1,0,0,1,1,0,140,1,9,0
67387,0,0,1,0,0,0,140,1,9,0
67462,0,1,1,0,1,0,140,1,9,0
67477,0,1,1,0,1,0,140,1,9,0
67489,0,1,1,0,1,0,140,1,9,0
67556,0,1,1,0,1,0,140,1,9,0
67595,0,0,0,0,1,0,140,1,9,0
67691,0,1,0,1,0,0,140,1,9,0
67808,0,0,1,1,0,0,140,1,9,0
67928,1,1,0,1,0,0,140,1,9,0
68105,1,1,1,1,1,0,140,1,9,0
68128,1,0,0,1,1,0,140,1,9,0
68154,0,1,0,1,0,0,140,1,9,0
68163,0,1,1,0,1,0,140,1,9,0
68542,0,0,1,1,0,0,140,1,9,0
68611,0,1,0,1,0,0,140,1,9,0
68673,1,1,0,0,0,0,140,1,9,0
68723,1,0,0,1,1,0,140,1,9,0
68833,0,1,1,0,1,0,140,1,9,0
69027,0,1,0,1,0,0,140,1,9,0
69065,1,0,1,0,0,0,140,1,9,0
69089,1,0,0,1,1,0,140,1,9,0
69227,0,1,0,1,0,0,140,1,9,0
69370,0,1,1,0,1,0,140,1,9,0
69418,0,0,0,0,1,0,140,1,9,0
69448,1,0,0,1,1,0,140,1,9,0
69581,1,1,0,0,0,0,140,1,9,0
69624,1,0,0,1,1,0,140,1,9,0
69639,1,1,0,0,0,0,140,1,9,0
69712,1,1,1,1,1,0,140,1,9,0
69751,0,0,0,0,1,0,140,1,9,0
69885,0,0,0,0,1,0,140,1,9,0
70011,1,0,0,0,1,1,140,1,9,0
70040,0,0,1,1,0,0,140,1,9,0
70111,1,0,0,1,1,0,140,1,9,0
70167,0,1,0,1,0,0,140,1,9,0
70222,1,1,1,1,1,0,140,1,9,0
70291,0,1,0,1,0,0,140,1,9,0
70369,1,0,1,0,0,0,140,1,9,0
70437,1,0,0,1,1,0,140,1,9,0
70620,1,1,1,1,1,0,140,1,9,0
71052,0,0,0,0,1,0,140,1,9,0
71071,0,1,1,0,1,0,140,1,9,0
71282,0,0,0,0,1,0,140,1,9,0
71313,0,0,0,0,1,0,140,1,9,0
71360,0,1,1,0,1,0,140,1,9,0
71373,0,0,1,1,0,0,140,1,9,0
71593,0,1,0,1,0,0,140,1,9,0
71638,1,1,0,0,0,0,140,1,9,0
71695,0,1,0,1,0,0,140,1,9,0
71825,0,0,0,0,1,0,140,1,9,0
72007,1,1,0,0,0,0,140,1,9,0
72036,0,0,1,1,0,0,140,1,9,0
72152,1,1,0,0,0,0,140,1,9,0
72189,0,0,1,1,0,0,140,1,9,0
72226,1,0,1,0,0,0,140,1,9,0
72244,0,1,1,0,1,0,140,1,9,0
72315,0,1,0,1,0,0,140,1,9,0
72317,0,1,0,1,0,0,140,1,9,0
72350,0,1,0,1,0,0,140,1,9,0
72443,1,0,0,1,1,0,140,1,9,0
72515,1,1,0,0,0,0,140,1,9,0
72609,0,0,0,0,1,0,140,1,9,0
72654,0,0,1,1,0,0,140,1,9,0
72667,0,1,0,1,0,0,140,1,9,0
72924,0,0,1,1,0,0,140,1,9,0
73270,0,0,1,1,0,0,140,1,9,0
73303,1,0,0,1,1,0,140,1,9,0
73379,1,0,0,1,1,0,140,1,9,0
73383,0,0,1,1,0,0,140,1,9,0
73512,0,0,0,0,1,0,140,1,9,0
73543,0,1,0,1,0,0,140,1,9,0
73693,0,1,0,1,0,0,140,1,9,0
73717,1,0,0,1,1,0,140,1,9,0
73742,0,0,0,0,1,0,140,1,9,0
73747,0,1,1,1,1,1,140,1,9,0
73771,0,1,1,0,1,0,140,1,9,0
73841,1,0,1,0,0,0,140,1,9,0
73909,1,1,0,0,0,0,140,1,9,0
73914,0,1,0,1,0,0,140,1,9,0
73927,1,0,0,1,1,0,140,1,9,0
74177,1,1,0,0,0,0,140,1,9,0
74192,1,1,0,0,0,0,140,1,9,0
74428,0,1,0,1,0,0,140,1,9,0
74451,1,1,1,1,1,0,140,1,9,0
74662,0,0,0,0,1,0,140,1,9,0
74744,0,1,0,1,0,0,140,1,9,0
74769,1,1,1,1,1,0,140,1,9,0
74785,0,0,0,0,1,0,140,1,9,0
74803,1,0,1,0,0,0,140,1,9,0
74808,0,0,1,1,0,0,140,1,9,0
74914,0,1,1,0,1,0,140,1,9,0
74931,0,1,0,1,0,0,140,1,9,0
74992,0,0,1,1,0,0,140,1,9,0
74993,0,0,1,1,0,0,140,1,9,0
75030,0,1,1,0,1,0,140,1,9,0
75034,0,0,1,1,0,0,140,1,9,0
75332,1,0,1,0,0,0,140,1,9,0
75442,0,1,1,0,1,0,140,1,9,0
75517,0,1,1,0,1,0,140,1,9,0
75596,1,0,0,1,1,0,140,1,9,0
75651,1,0,1,0,0,0,140,1,9,0
75693,0,1,1,0,1,0,140,1,9,0
75840,0,1,0,1,0,0,140,1,9,0
75857,1,0,0,1,1,0,140,1,9,0
75880,1,0,1,0,0,0,140,1,9,0
75910,0,1,1,0,1,0,140,1,9,0
75955,1,1,1,1,1,0,140,1,9,0
76035,0,0,1,1,0,0,140,1,9,0
76174,0,1,1,0,1,0,140,1,9,0
76230,0,1,0,1,0,0,140,1,9,0
76582,0,0,0,0,1,0,140,1,9,0
76638,1,1,0,0,0,0,140,1,9,0
76765,1,0,1,0,0,0,140,1,9,0
76852,0,0,1,1,0,0,140,1,9,0
77006,0,0,0,0,1,0,140,1,9,0
77019,1,0,1,0,0,0,140,1,9,0
77448,0,1,0,1,0,0,140,1,9,0
77595,1,1,0,0,0,0,140,1,9,0
77704,0,0,1,1,0,0,140,1,9,0
77871,0,1,0,0,0,0,140,1,9,0
77898,0,1,1,0,1,0,140,1,9,0
77930,0,1,0,1,0,0,140,1,9,0
78086,1,0,1,0,0,0,140,1,9,0
78155,1,0,1,0,0,0,140,1,9,0
78159,1,0,1,0,0,0,140,1,9,0
78309,0,0,0,0,1,0,140,1,9,0
78325,0,1,0,1,0,0,140,1,9,0
78331,0,1,1,0,1,0,140,1,9,0
78356,1,1,0,0,0,0,140,1,9,0
78484,1,1,1,0,1,1,140,1,9,0
78522,0,0,1,1,0,0,140,1,9,0
78527,0,0,0,0,1,0,140,1,9,0
78611,0,1,1,0,1,0,140,1,9,0
78639,0,1,0,1,0,0,140,1,9,0
78646,1,1,1,1,1,0,140,1,9,0
78668,0,0,1,1,0,0,140,1,9,0
78735,1,1,1,1,1,0,140,1,9,0
78792,1,0,0,1,1,0,140,1,9,0
78807,1,0,1,0,0,0,140,1,9,0
78895,0,1,0,1,0,0,140,1,9,0
79390,0,0,1,1,0,0,140,1,9,0
79403,0,0,0,0,1,0,140,1,9,0
79409,1,1,0,0,0,0,140,1,9,0
79621,0,1,0,1,0,0,140,1,9,0
79814,1,1,1,1,1,0,140,1,9,0
79936,0,1,1,0,1,0,140,1,9,0
80233,0,0,0,0,1,0,140,1,9,0
80331,1,1,0,0,0,0,140,1,9,0
80383,1,0,1,0,0,0,140,1,9,0
80478,0,0,1,1,0,0,140,1,9,0
80490,1,1,1,1,1,0,140,1,9,0
80500,0,0,0,0,1,0,140,1,9,0
80503,0,0,1,1,0,0,140,1,9,0
80531,1,0,0,1,1,0,140,1,9,0
80550,1,1,1,1,1,0,140,1,9,0
80620,1,1,0,0,0,0,140,1,9,0
80844,0,1,1,0,1,0,140,1,9,0
80938,0,0,1,1,0,0,140,1,9,0
81055,0,1,0,1,0,0,140,1,9,0
81109,1,1,0,0,0,0,140,1,9,0
81167,0,1,0,1,0,0,140,1,9,0
81280,1,1,0,0,0,0,140,1,9,0
81365,0,0,0,0,1,0,140,1,9,0
81370,1,1,1,1,1,0,140,1,9,0
81394,0,1,0,1,0,0,140,1,9,0
81560,1,1,0,0,0,0,140,1,9,0
81576,0,0,1,1,0,0,140,1,9,0
81633,0,1,1,0,1,0,140,1,9,0
81644,1,1,0,0,0,0,140,1,9,0
81767,1,1,0,0,0,0,140,1,9,0
81773,0,1,1,0,1,0,140,1,9,0
81897,0,1,1,0,1,0,140,1,9,0
81978,1,0,0,1,1,0,140,1,9,0
82129,1,0,1,0,0,0,140,1,9,0
82159,1,0,0,1,1,0,140,1,9,0
82238,0,1,1,0,1,0,140,1,9,0
82481,1,1,1,1,1,0,140,1,9,0
82555,0,0,1,1,0,0,140,1,9,0
82608,1,1,0,0,0,0,140,1,9,0
82682,0,0,0,0,1,0,140,1,9,0
82686,0,1,0,1,0,0,140,1,9,0
82920,0,0,0,0,1,0,140,1,9,0
82953,0,1,0,1,0,0,140,1,9,0
82985,1,0,0,1,1,0,140,1,9,0
83012,0,1,1,0,1,0,140,1,9,0
83043,0,0,0,0,1,0,140,1,9,0
83221,0,1,0,1,0,0,140,1,9,0
83346,0,1,1,0,1,0,140,1,9,0
83378,1,1,0,0,0,0,140,1,9,0
83549,1,1,0,0,0,0,140,1,9,0
83616,0,0,1,0,0,0,140,1,9,0
83635,1,1,1,1,1,0,140,1,9,0
83725,1,0,1,0,0,0,140,1,9,0
84087,0,0,0,0,1,0,140,1,9,0
84395,1,1,1,1,1,0,140,1,9,0
84492,1,1,0,0,0,0,140,1,9,0
84576,0,0,0,0,1,0,140,1,9,0
84689,1,1,1,1,1,0,140,1,9,0
85059,0,0,0,0,1,0,140,1,9,0
85132,0,0,1,1,0,0,140,1,9,0
85410,1,0,1,0,0,0,140,1,9,0
85435,0,0,0,1,1,1,140,1,9,0
85459,1,0,1,0,0,0,140,1,9,0
85505,0,1,0,1,0,0,140,1,9,0
85566,1,1,0,0,0,0,140,1,9,0
85578,0,1,1,0,1,0,140,1,9,0
85693,1,1,0,0,0,0,140,1,9,0
85761,1,0,1,0,0,0,140,1,9,0
85794,0,1,1,0,1,0,140,1,9,0
85885,1,1,1,1,1,0,140,1,9,0
85997,0,1,0,1,0,0,140,1,9,0
86095,1,0,0,1,1,0,140,1,9,0
86411,0,0,0,0,1,0,140,1,9,0
86453,1,0,1,0,0,0,140,1,9,0
86454,1,0,0,1,1,0,140,1,9,0
86461,1,0,1,0,0,0,140,1,9,0
86490,0,0,0,0,1,0,140,1,9,0
86543,1,1,0,0,0,0,140,1,9,0
86586,1,0,1,0,0,0,140,1,9,0
86612,0,1,1,0,1,0,140,1,9,0
86957,1,1,1,1,1,0,140,1,9,0
87266,1,1,0,0,0,0,140,1,9,0
87300,1,1,0,0,0,0,140,1,9,0
87307,1,1,1,1,1,0,140,1,9,0
87570,0,0,0,0,1,0,140,1,9,0
87594,0,0,1,1,0,0,140,1,9,0
87595,1,1,0,0,0,0,140,1,9,0
87611,1,1,1,1,1,0,140,1,9,0
87737,1,0,1,0,0,0,140,1,9,0
87745,0,1,0,1,0,0,140,1,9,0
87769,1,1,1,1,1,0,140,1,9,0
87944,1,0,1,0,0,0,140,1,9,0
88141,0,0,0,0,1,0,140,1,9,0
88164,1,1,1,1,1,0,140,1,9,0
88197,1,0,0,1,1,0,140,1,9,0
88317,0,0,1,1,0,0,140,1,9,0
88651,1,1,0,0,0,0,140,1,9,0
88756,0,1,1,0,1,0,140,1,9,0
88772,0,1,0,1,0,0,140,1,9,0
88937,0,1,0,1,0,0,140,1,9,0
88943,1,0,0,1,1,0,140,1,9,0
89071,1,0,1,0,0,0,140,1,9,0
89173,0,0,1,1,0,0,140,1,9,0
89495,0,1,1,0,1,0,140,1,9,0
89595,1,0,0,1,1,0,140,1,9,0
89850,0,0,1,1,0,0,140,1,9,0
89852,1,0,1,0,0,0,140,1,9,0
90029,1,0,1,0,0,0,140,1,9,0
90085,1,0,1,1,0,0,140,1,9,0
90215,1,1,1,1,1,0,140,1,9,0
90219,1,0,1,0,0,0,140,1,9,0
90220,1,0,1,0,0,0,140,1,9,0
90554,1,0,0,1,1,0,140,1,9,0
90624,0,1,0,1,0,0,140,1,9,0
90638,0,0,1,1,0,0,140,1,9,0
90967,0,0,0,0,1,0,140,1,9,0
91037,0,0,0,0,1,0,140,1,9,0
91063,1,1,0,0,0,0,140,1,9,0
91095,1,0,0,1,1,0,140,1,9,0
91127,1,1,0,0,0,0,140,1,9,0
91151,0,1,1,0,1,0,140,1,9,0
91426,1,0,1,0,0,0,140,1,9,0
91466,0,0,0,0,1,0,140,1,9,0
91482,0,0,0,0,1,0,140,1,9,0
91560,1,1,1,1,1,0,140,1,9,0
91983,1,1,0,0,0,0,140,1,9,0
92128,0,0,1,1,0,0,140,1,9,0
92183,1,0,0,1,1,0,140,1,9,0
92295,0,1,0,1,0,0,140,1,9,0
92360,1,0,0,1,1,0,140,1,9,0
92416,1,1,1,1,1,0,140,1,9,0
92478,1,0,1,0,0,0,140,1,9,0
92486,0,1,1,0,1,0,140,1,9,0
92503,1,1,1,1,1,0,140,1,9,0
92625,0,1,0,1,0,0,140,1,9,0
92636,0,0,1,1,0,0,140,1,9,0
92653,1,1,0,0,0,0,140,1,9,0
92678,0,0,1,1,0,0,140,1,9,0
92809,0,1,0,1,0,0,140,1,9,0
93081,1,0,0,1,1,0,140,1,9,0
93337,0,1,1,0,1,0,140,1,9,0
93343,0,1,1,0,1,0,140,1,9,0
93386,0,1,1,0,1,0,140,1,9,0
93396,1,0,0,1,1,0,140,1,9,0
93615,1,1,0,0,0,0,140,1,9,0
93676,0,1,1,0,1,0,140,1,9,0
93756,0,1,0,1,0,0,140,1,9,0
93949,1,0,0,1,1,0,140,1,9,0
93968,0,0,0,0,1,0,140,1,9,0
94007,1,0,1,0,0,0,140,1,9,0
94034,1,0,0,1,1,0,140,1,9,0
94128,1,0,1,0,0,0,140,1,9,0
94160,1,0,1,0,0,0,140,1,9,0
94642,0,1,1,0,1,0,140,1,9,0
94644,0,0,0,0,1,0,140,1,9,0
95052,0,0,1,1,0,0,140,1,9,0
95147,0,0,1,1,0,0,140,1,9,0
95217,0,0,1,1,0,0,140,1,9,0
95251,1,0,0,1,1,0,140,1,9,0
95252,1,1,0,0,0,0,140,1,9,0
95393,1,0,1,0,0,0,140,1,9,0
95462,0,1,1,0,1,0,140,1,9,0
95541,1,1,1,1,1,0,140,1,9,0
95591,1,1,1,1,1,0,140,1,9,0
95705,1,0,1,0,0,0,140,1,9,0
95909,1,0,0,1,1,0,140,1,9,0
95996,0,0,1,1,0,0,140,1,9,0
96012,0,1,1,0,1,0,140,1,9,0
96119,0,0,0,1,1,1,140,1,9,0
96149,1,1,0,0,0,0,140,1,9,0
96180,1,1,0,0,0,0,140,1,9,0
96219,0,1,0,1,0,0,140,1,9,0
96275,1,1,1,1,1,0,140,1,9,0
96341,1,1,0,0,0,0,140,1,9,0
96570,0,0,1,1,0,0,140,1,9,0
96575,1,1,0,0,0,0,140,1,9,0
96666,1,1,1,1,1,0,140,1,9,0
96750,0,0,0,0,1,0,140,1,9,0
96777,0,0,1,1,0,0,140,1,9,0
96902,0,1,1,0,1,0,140,1,9,0
96962,0,1,1,0,1,0,140,1,9,0
97208,0,0,1,1,0,0,140,1,9,0
97417,1,1,1,1,1,0,140,1,9,0
97419,1,0,1,0,0,0,140,1,9,0
97421,1,1,1,1,1,0,140,1,9,0
97600,1,1,1,1,1,0,140,1,9,0
97836,1,0,1,0,0,0,140,1,9,0
98082,0,1,1,0,1,0,140,1,9,0
98134,0,1,0,1,0,0,140,1,9,0
98138,1,1,1,1,1,0,140,1,9,0
98229,1,1,0,0,0,0,140,1,9,0
98267,1,1,1,1,1,0,140,1,9,0
98337,1,1,0,0,0,0,140,1,9,0
98640,0,0,1,1,0,0,140,1,9,0
98671,0,1,1,0,1,0,140,1,9,0
98687,0,1,0,1,0,0,140,1,9,0
98773,1,1,0,0,0,0,140,1,9,0
98913,1,1,1,1,1,0,140,1,9,0
98986,1,0,1,0,0,0,140,1,9,0
98991,0,0,0,0,1,0,140,1,9,0
99002,0,1,0,1,0,0,140,1,9,0
99507,0,1,1,0,1,0,140,1,9,0
99682,0,0,1,1,0,0,140,1,9,0
99767,0,1,1,0,1,0,140,1,9,0
99776,0,1,1,0,1,0,140,1,9,0
99807,0,0,0,0,1,0,140,1,9,0
99873,1,1,1,1,1,0,140,1,9,0
99912,1,1,0,0,0,0,140,1,9,0
100037,0,0,0,0,1,0,140,1,9,0
100387,1,1,0,0,0,0,140,1,9,0
100439,0,0,0,0,1,0,140,1,9,0
100518,0,0,1,1,0,0,140,1,9,0
100523,0,0,1,1,0,0,140,1,9,0
100602,0,1,1,0,1,0,140,1,9,0
100711,1,1,0,0,0,0,140,1,9,0
100800,0,0,1,1,0,0,140,1,9,0
100815,1,1,0,1,0,0,140,1,9,0
100919,1,0,1,0,0,0,140,1,9,0
101043,1,1,0,0,0,0,140,1,9,0
101059,0,1,0,1,0,0,140,1,9,0
101118,0,0,0,0,1,0,140,1,9,0
101144,1,1,0,0,0,0,140,1,9,0
101189,0,1,0,1,0,0,140,1,9,0
101278,0,1,0,1,0,0,140,1,9,0
101282,0,0,0,0,1,0,140,1,9,0
101383,0,0,0,0,1,0,140,1,9,0
101391,0,0,1,1,0,0,140,1,9,0
101549,0,0,0,0,1,0,140,1,9,0
101571,0,0,1,1,0,0,140,1,9,0
101665,0,1,1,0,1,0,140,1,9,0
101736,1,0,0,1,1,0,140,1,9,0
101842,0,1,0,1,0,0,140,1,9,0
101876,1,0,1,0,0,0,140,1,9,0
101885,0,1,1,0,1,0,140,1,9,0
101969,0,1,0,1,0,0,140,1,9,0
102021,0,1,0,1,0,0,140,1,9,0
102144,0,1,1,0,1,0,140,1,9,0
102223,0,1,0,1,0,0,140,1,9,0
102308,0,0,0,1,1,1,140,1,9,0
102348,0,0,0,0,1,0,140,1,9,0
102358,0,0,0,0,1,0,140,1,9,0
102395,1,1,0,0,0,0,140,1,9,0
102397,1,0,0,1,1,0,140,1,9,0
102431,0,0,0,0,1,0,140,1,9,0
102493,0,0,0,0,1,0,140,1,9,0
102571,1,0,0,1,1,0,140,1,9,0
102653,1,0,1,0,0,0,140,1,9,0
102738,0,0,0,0,1,0,140,1,9,0
102832,0,0,1,1,0,0,140,1,9,0
102835,0,1,0,1,0,0,140,1,9,0
102886,1,1,0,0,0,0,140,1,9,0
103010,0,1,0,1,0,0,140,1,9,0
103048,1,1,0,0,0,0,140,1,9,0
103184,0,0,1,1,0,0,140,1,9,0
103225,1,1,0,0,0,0,140,1,9,0
103293,1,1,0,0,0,0,140,1,9,0
103481,1,1,1,1,1,0,140,1,9,0
103539,0,1,1,0,1,0,140,1,9,0
103544,0,1,1,0,1,0,140,1,9,0
103546,1,1,0,0,0,0,140,1,9,0
103555,0,1,1,0,1,0,140,1,9,0
103570,1,0,1,0,0,0,140,1,9,0
103574,1,1,0,0,0,0,140,1,9,0
103694,1,0,1,0,0,0,140,1,9,0
103697,0,1,1,0,1,0,140,1,9,0
103699,0,1,0,1,0,0,140,1,9,0
103782,0,1,1,0,1,0,140,1,9,0
103833,1,0,0,1,1,0,140,1,9,0
103846,0,1,1,0,1,0,140,1,9,0
103884,0,0,1,1,0,0,140,1,9,0
103965,0,1,1,0,1,0,140,1,9,0
103968,1,1,0,0,0,0,140,1,9,0
103977,1,0,0,1,1,0,140,1,9,0
104025,1,0,0,1,1,0,140,1,9,0
104063,0,0,1,1,0,0,140,1,9,0
104122,1,1,1,1,1,0,140,1,9,0
104282,0,0,1,1,0,0,140,1,9,0
104355,0,0,1,1,0,0,140,1,9,0
104381,0,1,1,0,1,0,140,1,9,0
104666,0,0,0,0,1,0,140,1,9,0
104668,0,1,1,0,1,0,140,1,9,0
104763,0,0,1,1,0,0,140,1,9,0
104835,1,0,0,0,1,1,140,1,9,0
104874,1,0,1,0,0,0,140,1,9,0
105115,0,1,0,1,0,0,140,1,9,0
105139,0,0,1,1,0,0,140,1,9,0
105144,1,1,1,1,1,0,140,1,9,0
105188,0,0,1,1,0,0,140,1,9,0
105199,0,1,1,0,1,0,140,1,9,0
105216,1,1,1,1,1,0,140,1,9,0
105425,0,1,0,1,0,0,140,1,9,0
105572,0,1,1,0,1,0,140,1,9,0
105594,0,0,1,1,0,0,140,1,9,0
105652,0,1,1,0,1,0,140,1,9,0
105669,1,1,1,1,1,0,140,1,9,0
105740,0,1,0,1,0,0,140,1,9,0
105798,0,1,0,1,0,0,140,1,9,0
105838,1,1,1,1,1,0,140,1,9,0
106072,0,1,0,1,0,0,140,1,9,0
106105,0,0,1,1,0,0,140,1,9,0
106160,0,0,1,1,0,0,140,1,9,0
106228,0,0,0,0,1,0,140,1,9,0
106484,1,0,0,1,1,0,140,1,9,0
106507,1,0,1,0,0,0,140,1,9,0
106571,1,1,0,0,0,0,140,1,9,0
106590,0,1,1,0,1,0,140,1,9,0
106703,1,1,0,0,0,0,140,1,9,0
106955,0,1,0,1,0,0,140,1,9,0
107005,0,0,1,1,0,0,140,1,9,0
107080,1,0,1,0,0,0,140,1,9,0
107092,0,1,0,1,0,0,140,1,9,0
107203,0,1,1,0,1,0,140,1,9,0
107220,0,0,0,0,1,0,140,1,9,0
107265,0,0,1,1,0,0,140,1,9,0
107399,0,0,1,1,0,0,140,1,9,0
107433,0,0,0,0,1,0,140,1,9,0
107473,1,1,1,1,1,0,140,1,9,0
107671,1,0,1,0,0,0,140,1,9,0
107726,1,0,1,0,0,0,140,1,9,0
107912,1,1,0,0,0,0,140,1,9,0
107947,1,0,1,0,0,0,140,1,9,0
108029,1,1,0,0,0,0,140,1,9,0
108210,0,1,0,1,0,0,140,1,9,0
108474,1,1,0,0,0,0,140,1,9,0
108706,1,1,1,1,1,0,140,1,9,0
108931,0,1,1,0,1,0,140,1,9,0
109028,1,1,0,0,0,0,140,1,9,0
109191,0,1,0,1,0,0,140,1,9,0
109255,1,0,0,1,1,0,140,1,9,0
109314,1,1,1,1,1,0,140,1,9,0
109339,0,1,1,0,1,0,140,1,9,0
109448,1,0,1,0,0,0,140,1,9,0
109470,1,1,1,1,1,0,140,1,9,0
109506,0,1,1,0,1,0,140,1,9,0
109552,1,1,0,0,0,0,140,1,9,0
109581,1,0,1,0,0,0,140,1,9,0
109668,1,0,1,0,0,0,140,1,9,0
109684,1,0,1,0,0,0,140,1,9,0
109698,0,0,1,1,0,0,140,1,9,0
109979,0,1,1,0,1,0,140,1,9,0
110002,0,0,1,1,0,0,140,1,9,0
110090,1,0,1,0,0,0,140,1,9,0
110186,0,0,1,1,0,0,140,1,9,0
110234,1,1,0,0,0,0,140,1,9,0
110312,1,0,1,0,0,0,140,1,9,0
110327,1,0,1,0,0,0,140,1,9,0
110328,1,0,0,1,1,0,140,1,9,0
110429,1,0,0,1,1,0,140,1,9,0
110434,0,1,1,0,1,0,140,1,9,0
110441,0,0,0,0,1,0,140,1,9,0
110464,1,0,0,1,1,0,140,1,9,0
110495,1,1,0,0,0,0,140,1,9,0
110535,1,0,1,0,0,0,140,1,9,0
110976,0,1,1,0,1,0,140,1,9,0
110980,1,0,0,1,1,0,140,1,9,0
111129,1,1,0,0,0,0,140,1,9,0
111134,1,1,0,0,0,0,140,1,9,0
111328,1,1,0,0,0,0,140,1,9,0
111330,1,1,1,1,1,0,140,1,9,0
111381,1,0,0,1,1,0,140,1,9,0
111763,0,0,1,1,0,0,140,1,9,0
111861,1,1,1,1,1,0,140,1,9,0
111993,0,0,1,1,0,0,140,1,9,0
112081,0,1,1,0,1,0,140,1,9,0
112127,1,0,0,1,1,0,140,1,9,0
112165,1,1,0,0,0,0,140,1,9,0
112231,0,0,0,0,1,0,140,1,9,0
112289,1,1,0,0,0,0,140,1,9,0
112383,1,1,1,1,1,0,140,1,9,0
112489,0,0,0,0,1,0,140,1,9,0
112589,1,0,0,1,1,0,140,1,9,0
112620,0,0,1,0,0,0,140,1,9,0
112629,0,0,0,0,1,0,140,1,9,0
112676,1,0,1,0,0,0,140,1,9,0
112817,0,1,1,0,1,0,140,1,9,0
113039,1,1,0,0,0,0,140,1,9,0
113051,0,0,1,1,0,0,140,1,9,0
113115,0,1,0,1,0,0,140,1,9,0
113437,1,0,1,0,0,0,140,1,9,0
113548,0,1,1,0,1,0,140,1,9,0
113684,1,1,0,0,0,0,140,1,9,0
113712,0,1,1,0,1,0,140,1,9,0
113721,1,1,0,0,0,0,140,1,9,0
113746,0,1,1,0,1,0,140,1,9,0
113861,0,1,1,0,1,0,140,1,9,0
113904,1,1,1,1,1,0,140,1,9,0
113934,1,0,0,1,1,0,140,1,9,0
114028,0,1,1,0,1,0,140,1,9,0
114036,1,0,1,0,0,0,140,1,9,0
114054,0,1,0,1,0,0,140,1,9,0
114060,0,0,1,1,0,0,140,1,9,0
114405,0,0,1,1,0,0,140,1,9,0
114542,1,1,1,1,1,0,140,1,9,0
114640,1,1,0,0,0,0,140,1,9,0
114907,1,0,0,1,1,0,140,1,9,0
114925,1,1,1,1,1,0,140,1,9,0
114966,1,0,0,1,1,0,140,1,9,0
114997,0,0,0,0,1,0,140,1,9,0
115045,0,1,1,0,1,0,140,1,9,0
115054,0,0,1,1,0,0,140,1,9,0
115233,1,0,1,0,0,0,140,1,9,0
115366,1,1,0,0,0,0,140,1,9,0
115371,0,0,1,1,0,0,140,1,9,0
115462,1,0,1,0,0,0,140,1,9,0
115471,1,1,0,0,0,0,140,1,9,0
115551,1,0,0,1,1,0,140,1,9,0
115561,0,0,0,0,1,0,140,1,9,0
115730,1,0,0,1,1,0,140,1,9,0
115737,1,0,1,0,0,0,140,1,9,0
115742,0,0,0,0,1,0,140,1,9,0
115825,1,0,1,0,0,0,140,1,9,0
115863,1,0,1,0,0,0,140,1,9,0
115994,0,1,0,1,0,0,140,1,9,0
116112,1,0,1,0,0,0,140,1,9,0
116503,0,0,1,1,0,0,140,1,9,0
116559,1,0,1,0,0,0,140,1,9,0
116612,0,1,0,1,0,0,140,1,9,0
116690,1,0,1,0,0,0,140,1,9,0
116842,1,1,0,0,0,0,140,1,9,0
117087,1,1,0,0,0,0,140,1,9,0
117109,1,0,0,1,1,0,140,1,9,0
117211,1,1,1,1,1,0,140,1,9,0
117489,0,0,0,0,1,0,140,1,9,0
117550,0,1,1,0,1,0,140,1,9,0
117573,0,1,0,1,0,0,140,1,9,0
117630,0,1,1,0,1,0,140,1,9,0
117656,0,1,1,0,1,0,140,1,9,0
117663,1,0,1,0,0,0,140,1,9,0
117682,0,0,1,1,0,0,140,1,9,0
117701,1,0,0,1,1,0,140,1,9,0
117747,0,0,1,1,0,0,140,1,9,0
117782,1,0,0,1,1,0,140,1,9,0
117897,0,1,1,0,1,0,140,1,9,0
118223,0,0,1,1,0,0,140,1,9,0
118302,1,0,1,0,0,0,140,1,9,0
118306,0,1,1,0,1,0,140,1,9,0
118330,1,1,1,0,1,1,140,1,9,0
118338,1,0,1,0,0,0,140,1,9,0
118413,0,1,0,1,0,0,140,1,9,0
118549,0,0,1,1,0,0,140,1,9,0
118611,1,0,0,1,1,0,140,1,9,0
118741,1,0,1,0,0,0,140,1,9,0
118836,1,1,1,1,1,0,140,1,9,0
119065,0,1,1,1,1,1,140,1,9,0
119205,0,1,1,0,1,0,140,1,9,0
119218,0,0,1,1,0,0,140,1,9,0
119325,0,0,1,1,0,0,140,1,9,0
119406,0,1,1,0,1,0,140,1,9,0
119516,1,1,1,1,1,0,140,1,9,0
119634,0,1,0,1,0,0,140,1,9,0
119733,1,0,0,1,1,0,140,1,9,0
120062,0,0,1,1,0,0,140,1,9,0
120133,0,1,1,0,1,0,140,1,9,0
120176,0,1,1,0,1,0,140,1,9,0
120426,0,1,1,0,1,0,140,1,9,0
120430,0,1,1,0,1,0,140,1,9,0
120652,1,0,0,1,1,0,140,1,9,0
120703,1,1,0,0,0,0,140,1,9,0
120707,1,0,0,1,1,0,140,1,9,0
120715,1,0,1,0,0,0,140,1,9,0
120795,1,1,1,1,1,0,140,1,9,0
120867,0,0,0,0,1,0,140,1,9,0
120868,0,0,0,0,1,0,140,1,9,0
120880,1,1,1,1,1,0,140,1,9,0
121060,0,0,0,0,1,0,140,1,9,0
121237,0,1,1,0,1,0,140,1,9,0
121586,1,0,1,0,0,0,140,1,9,0
121617,0,0,1,1,0,0,140,1,9,0
121811,0,0,0,0,1,0,140,1,9,0
121884,1,0,0,1,1,0,140,1,9,0
122113,1,1,1,1,1,0,140,1,9,0
122211,0,1,0,1,0,0,140,1,9,0
122270,1,0,0,1,1,0,140,1,9,0
122281,0,0,0,0,1,0,140,1,9,0
122370,0,1,0,1,0,0,140,1,9,0
122428,0,1,1,0,1,0,140,1,9,0
122731,1,0,1,0,0,0,140,1,9,0
122891,0,1,1,0,1,0,140,1,9,0
123132,1,1,1,1,1,0,140,1,9,0
123217,0,1,0,1,0,0,140,1,9,0
123263,0,1,0,1,0,0,140,1,9,0
123315,0,0,0,0,1,0,140,1,9,0
123374,1,0,1,0,0,0,140,1,9,0
123520,1,0,0,1,1,0,140,1,9,0
123564,1,0,1,0,0,0,140,1,9,0
123754,1,1,0,0,0,0,140,1,9,0
123942,0,0,0,0,1,0,140,1,9,0
124015,1,1,0,0,0,0,140,1,9,0
124034,0,0,1,1,0,0,140,1,9,0
124120,1,1,0,0,0,0,140,1,9,0
124302,1,0,1,0,0,0,140,1,9,0
124530,0,1,1,0,1,0,140,1,9,0
124572,0,0,0,0,1,0,140,1,9,0
124652,1,0,1,0,0,0,140,1,9,0
124693,0,1,1,0,1,0,140,1,9,0
124761,1,0,0,1,1,0,140,1,9,0
124782,1,0,0,1,1,0,140,1,9,0
124788,1,0,1,0,0,0,140,1,9,0
125041,0,1,0,1,0,0,140,1,9,0
125062,0,0,1,1,0,0,140,1,9,0
125144,1,1,0,0,0,0,140,1,9,0
125233,1,1,1,1,1,0,140,1,9,0
125303,0,0,0,0,1,0,140,1,9,0
125324,0,0,1,1,0,0,140,1,9,0
125590,1,1,0,0,0,0,140,1,9,0
125845,1,0,1,0,0,0,140,1,9,0
126045,1,0,0,1,1,0,140,1,9,0
126049,1,0,0,1,1,0,140,1,9,0
126126,1,1,1,1,1,0,140,1,9,0
126138,1,0,0,1,1,0,140,1,9,0
126162,1,0,1,0,0,0,140,1,9,0
126188,1,0,0,1,1,0,140,1,9,0
126210,1,0,1,0,0,0,140,1,9,0
126361,0,0,1,1,0,0,140,1,9,0
126534,1,0,0,1,1,0,140,1,9,0
126536,0,1,1,0,1,0,140,1,9,0
126909,1,0,1,0,0,0,140,1,9,0
127226,0,0,1,1,0,0,140,1,9,0
127239,0,1,0,1,0,0,140,1,9,0
127418,0,0,0,0,1,0,140,1,9,0
127518,0,0,0,0,1,0,140,1,9,0
127646,0,1,0,1,0,0,140,1,9,0
127728,0,1,1,0,1,0,140,1,9,0
127813,0,1,0,1,0,0,140,1,9,0
128004,1,1,0,0,0,0,140,1,9,0
128008,0,1,1,0,1,0,140,1,9,0
128074,1,1,0,0,0,0,140,1,9,0
128149,1,1,1,0,1,1,140,1,9,0
128164,0,0,1,1,0,0,140,1,9,0
128183,1,1,0,0,0,0,140,1,9,0
128201,0,0,1,1,0,0,140,1,9,0
128259,1,1,1,1,1,0,140,1,9,0
128281,1,1,1,1,1,0,140,1,9,0
128502,1,1,1,1,1,0,140,1,9,0
128553,0,1,0,1,0,0,140,1,9,0
128599,1,0,0,1,1,0,140,1,9,0
128701,0,1,1,0,1,0,140,1,9,0
128774,0,0,0,0,1,0,140,1,9,0
129014,1,0,0,1,1,0,140,1,9,0
129167,0,1,0,1,0,0,140,1,9,0
129199,0,0,0,0,1,0,140,1,9,0
129253,0,0,1,1,0,0,140,1,9,0
129422,0,1,0,1,0,0,140,1,9,0
129452,1,1,1,1,1,0,140,1,9,0
129716,0,0,0,0,1,0,140,1,9,0
129983,1,1,1,1,1,0,140,1,9,0
130002,1,1,0,0,0,0,140,1,9,0
130045,1,0,1,0,0,0,140,1,9,0
130211,1,1,1,1,1,0,140,1,9,0
130324,0,1,1,0,1,0,140,1,9,0
130400,1,1,1,1,1,0,140,1,9,0
130415,0,1,1,0,1,0,140,1,9,0
130419,0,0,0,0,1,0,140,1,9,0
130424,0,1,1,0,1,0,140,1,9,0
130445,0,0,1,1,0,0,140,1,9,0
130477,0,1,0,1,0,0,140,1,9,0
130574,1,0,1,0,0,0,140,1,9,0
130605,0,1,0,1,0,0,140,1,9,0
130615,1,1,0,0,0,0,140,1,9,0
130815,1,1,0,0,0,0,140,1,9,0
131001,1,0,0,1,1,0,140,1,9,0
131007,0,1,0,1,0,0,140,1,9,0
131139,1,1,1,1,1,0,121,1,9,0
131223,0,1,1,0,1,0,121,1,9,0
131478,1,1,0,1,0,0,121,1,9,0
131527,1,0,0,1,1,0,121,1,9,0
131539,1,1,1,1,1,0,121,1,9,0
131600,1,1,0,0,0,0,121,1,9,0
131649,0,0,1,1,0,0,121,1,9,0
131652,1,1,0,0,0,0,121,1,9,0
131656,1,0,0,1,1,0,121,1,9,0
131682,0,1,0,1,0,0,121,1,9,0
131779,1,1,1,1,1,0,121,1,9,0
131791,1,1,0,0,0,0,121,1,9,0
131806,0,0,1,1,0,0,121,1,9,0
131890,1,1,1,1,1,0,121,1,9,0
131910,1,1,1,1,1,0,121,1,9,0
132249,1,1,1,1,1,0,121,1,9,0
132373,0,1,1,0,1,0,121,1,9,0
132482,0,1,0,1,0,0,121,1,9,0
132644,1,0,0,1,1,0,121,1,9,0
132848,0,1,1,0,1,0,121,1,9,0
133186,1,1,1,1,1,0,121,1,9,0
133271,1,0,1,0,0,0,121,1,9,0
133415,1,1,1,1,1,0,121,1,9,0
133427,0,0,0,0,1,0,121,1,9,0
133448,0,1,1,0,1,0,121,1,9,0
133483,1,1,1,1,1,0,121,1,9,0
133489,0,0,1,1,0,0,121,1,9,0
133529,0,1,0,1,0,0,121,1,9,0
133539,1,0,1,0,0,0,121,1,9,0
133623,1,0,1,0,0,0,121,1,9,0
134059,1,0,1,0,0,0,121,1,9,0
134129,1,0,0,1,1,0,121,1,9,0
134180,0,0,1,1,0,0,121,1,9,0
134235,0,1,0,1,0,0,121,1,9,0
134347,0,1,0,1,0,0,121,1,9,0
134417,1,1,0,0,0,0,121,1,9,0
134476,0,0,0,0,1,0,121,1,9,0
134506,0,1,1,0,1,0,121,1,9,0
134508,0,0,1,1,0,0,121,1,9,0
134515,1,1,1,1,1,0,121,1,9,0
134599,1,1,1,1,1,0,121,1,9,0
134686,0,1,1,0,1,0,121,1,9,0
134732,0,0,1,1,0,0,121,1,9,0
134801,1,1,1,1,1,0,121,1,9,0
134979,1,0,1,0,0,0,121,1,9,0
135093,1,1,1,1,1,0,121,1,9,0
135100,0,0,1,1,0,0,121,1,9,0
135188,1,1,1,1,1,0,121,1,9,0
135333,0,0,1,1,0,0,121,1,9,0
135363,1,0,1,0,0,0,121,1,9,0
135371,0,0,1,1,0,0,121,1,9,0
135630,0,0,0,0,1,0,121,1,9,0
135657,1,0,1,0,0,0,121,1,9,0
135664,0,1,0,1,0,0,121,1,9,0
135752,0,0,1,1,0,0,121,1,9,0
135791,1,1,1,1,1,0,121,1,9,0
135989,0,1,1,0,1,0,121,1,9,0
136250,0,0,0,0,1,0,121,1,9,0
136279,0,0,0,0,1,0,121,1,9,0
136283,1,1,0,0,0,0,121,1,9,0
136328,1,1,0,0,0,0,121,1,9,0
136392,1,1,1,1,1,0,121,1,9,0
136397,0,1,1,0,1,0,121,1,9,0
136458,0,0,0,0,1,0,121,1,9,0
136554,0,0,1,1,0,0,121,1,9,0
136827,1,0,0,1,1,0,121,1,9,0
137088,0,0,1,1,0,0,121,1,9,0
137191,0,1,0,1,0,0,121,1,9,0
137229,1,0,1,0,0,0,121,1,9,0
137261,0,1,1,0,1,0,121,1,9,0
137312,1,0,0,1,1,0,121,1,9,0
137343,1,1,0,1,0,0,121,1,9,0
137406,0,0,1,1,0,0,121,1,9,0
137492,1,1,1,1,1,0,121,1,9,0
137590,1,1,1,1,1,0,121,1,9,0
137593,1,0,1,0,0,0,121,1,9,0
137602,0,0,1,1,0,0,121,1,9,0
137785,0,0,1,1,0,0,121,1,9,0
138067,0,1,1,0,1,0,121,1,9,0
138218,1,1,1,0,1,1,121,1,9,0
138235,1,1,1,1,1,0,121,1,9,0
138245,0,0,1,1,0,0,121,1,9,0
138408,1,1,0,0,0,0,121,1,9,0
138616,0,0,1,1,0,0,121,1,9,0
138638,1,0,1,0,0,0,121,1,9,0
138642,0,0,0,0,1,0,121,1,9,0
138671,0,0,0,0,1,0,121,1,9,0
138837,1,0,1,0,0,0,121,1,9,0
139071,0,0,1,1,0,0,121,1,9,0
139175,0,0,1,1,0,0,121,1,9,0
139234,1,0,0,1,1,0,121,1,9,0
139359,0,1,0,1,0,0,121,1,9,0
139606,0,0,0,0,1,0,121,1,9,0
139647,0,0,1,0,0,0,121,1,9,0
139795,1,0,0,1,1,0,121,1,9,0
139804,0,0,1,1,0,0,121,1,9,0
139984,1,0,0,1,1,0,121,1,9,0
140023,0,1,1,0,1,0,121,1,9,0
140115,0,0,1,1,0,0,121,1,9,0
140127,0,1,0,1,0,0,121,1,9,0
140188,0,0,1,1,0,0,121,1,9,0
140469,1,0,1,0,0,0,121,1,9,0
140558,0,0,0,0,1,0,121,1,9,0
140559,1,1,0,0,0,0,121,1,9,0
140571,0,1,1,0,1,0,121,1,9,0
140626,0,1,0,1,0,0,121,1,9,0
140684,1,0,1,0,0,0,121,1,9,0
140792,1,0,1,0,0,0,121,1,9,0
140831,0,0,0,0,1,0,121,1,9,0
140846,1,1,0,0,0,0,121,1,9,0
140858,1,0,1,0,0,0,121,1,9,0
141086,1,0,0,0,1,1,121,1,9,0
141219,1,0,0,1,1,0,121,1,9,0
141407,1,0,0,1,1,0,121,1,9,0
141730,0,1,1,0,1,0,121,1,9,0
141993,1,1,1,1,1,0,121,1,9,0
142132,0,0,0,0,1,0,121,1,9,0
142222,1,0,0,1,1,0,121,1,9,0
142295,0,1,0,1,0,0,121,1,9,0
142424,1,0,0,1,1,0,121,1,9,0
142558,0,0,0,0,1,0,121,1,9,0
142592,1,0,0,1,1,0,121,1,9,0
142682,0,0,1,1,0,0,121,1,9,0
142818,1,1,0,0,0,0,121,1,9,0
142886,0,0,0,0,1,0,121,1,9,0
142898,0,1,1,0,1,0,121,1,9,0
143092,0,1,1,0,1,0,121,1,9,0
143112,1,0,0,1,1,0,121,1,9,0
143139,0,0,0,0,1,0,121,1,9,0
143364,0,1,1,0,1,0,121,1,9,0
143455,1,0,1,0,0,0,121,1,9,0
143555,0,0,0,0,1,0,121,1,9,0
143564,0,1,1,0,1,0,121,1,9,0
143587,1,0,0,1,1,0,121,1,9,0
143718,1,0,1,0,0,0,121,1,9,0
143755,1,0,0,1,1,0,121,1,9,0
143845,1,1,1,1,1,0,121,1,9,0
143961,0,0,1,1,0,0,121,1,9,0
144009,0,1,1,0,1,0,121,1,9,0
144010,0,0,0,0,1,0,121,1,9,0
144108,1,1,1,1,1,0,121,1,9,0
144126,1,0,1,0,0,0,121,1,9,0
144136,0,1,0,0,0,0,121,1,9,0
144277,1,1,1,0,1,1,121,1,9,0
144337,1,0,1,0,0,0,121,1,9,0
144435,1,1,1,1,1,0,121,1,9,0
144545,0,1,1,0,1,0,121,1,9,0
144692,0,1,1,0,1,0,121,1,9,0
144766,0,1,0,1,0,0,121,1,9,0
144876,1,0,1,0,0,0,121,1,9,0
145449,0,1,0,1,0,0,121,1,9,0
145473,0,0,1,1,0,0,121,1,9,0
145558,0,0,1,1,0,0,121,1,9,0
145697,1,1,1,1,1,0,121,1,9,0
145838,1,1,1,1,1,0,121,1,9,0
145953,0,1,0,1,0,0,121,1,9,0
145954,0,0,1,1,0,0,121,1,9,0
145993,0,0,0,0,1,0,121,1,9,0
146077,0,0,0,0,1,0,121,1,9,0
146177,0,1,0,1,0,0,121,1,9,0
146288,0,1,1,0,1,0,121,1,9,0
146521,0,1,0,1,0,0,121,1,9,0
146964,1,1,1,1,1,0,121,1,9,0
146967,1,0,1,0,0,0,121,1,9,0
147184,1,0,0,1,1,0,121,1,9,0
147386,1,1,0,0,0,0,121,1,9,0
147547,1,1,1,1,1,0,121,1,9,0
147548,1,1,0,0,0,0,121,1,9,0
147552,0,1,0,1,0,0,121,1,9,0
147582,0,1,0,1,0,0,121,1,9,0
147710,1,0,0,1,1,0,121,1,9,0
147731,0,1,1,0,1,0,121,1,9,0
147745,0,1,0,1,0,0,121,1,9,0
148080,0,0,0,0,1,0,121,1,9,0
148141,1,1,0,0,0,0,121,1,9,0
148197,0,1,1,0,1,0,121,1,9,0
148220,0,1,0,1,0,0,121,1,9,0
148233,0,1,0,0,0,0,121,1,9,0
148271,1,0,0,1,1,0,121,1,9,0
148295,0,0,0,0,1,0,121,1,9,0
148879,0,1,1,0,1,0,121,1,9,0
148894,1,0,1,0,0,0,121,1,9,0
149108,0,0,0,0,1,0,121,1,9,0
149489,1,1,1,1,1,0,121,1,9,0
149759,1,0,1,0,0,0,121,1,9,0
149764,1,0,1,0,0,0,121,1,9,0
150015,1,1,0,0,0,0,121,1,9,0
150018,1,1,0,0,0,0,121,1,9,0
150135,0,0,1,1,0,0,121,1,9,0
150215,1,0,1,0,0,0,121,1,9,0
150288,1,1,1,0,1,1,121,1,9,0
150372,1,1,1,1,1,0,121,1,9,0
150424,0,0,0,0,1,0,121,1,9,0
150468,0,0,0,0,1,0,121,1,9,0
150490,0,0,1,1,0,0,121,1,9,0
150546,0,1,1,0,1,0,121,1,9,0
150547,0,1,1,0,1,0,121,1,9,0
150642,1,0,1,0,0,0,121,1,9,0
151023,1,1,0,0,0,0,121,1,9,0
151037,1,1,0,0,0,0,121,1,9,0
151077,0,0,0,0,1,0,121,1,9,0
151502,1,1,0,0,0,0,121,1,9,0
151552,1,0,0,1,1,0,121,1,9,0
151677,1,0,1,0,0,0,121,1,9,0
151695,0,0,0,0,1,0,121,1,9,0
151912,0,0,0,0,1,0,121,1,9,0
152012,0,0,0,0,1,0,121,1,9,0
152031,1,0,0,1,1,0,121,1,9,0
152036,0,0,1,1,0,0,121,1,9,0
152171,1,0,1,0,0,0,121,1,9,0
152192,1,1,1,1,1,0,121,1,9,0
152221,1,0,1,0,0,0,121,1,9,0
152242,1,0,0,1,1,0,121,1,9,0
152450,0,0,0,0,1,0,121,1,9,0
153000,0,1,0,1,0,0,121,1,9,0
153022,1,1,0,0,0,0,121,1,9,0
153355,0,0,1,1,0,0,121,1,9,0
153533,1,0,1,0,0,0,121,1,9,0
153596,1,0,1,0,0,0,121,1,9,0
153601,1,0,0,1,1,0,121,1,9,0
153808,0,1,1,0,1,0,121,1,9,0
153841,1,0,0,1,1,0,121,1,9,0
154062,1,0,1,0,0,0,121,1,9,0
154075,1,1,0,0,0,0,121,1,9,0
154139,1,1,1,1,1,0,121,1,9,0
154156,1,0,1,0,0,0,121,1,9,0
154486,0,0,0,0,1,0,121,1,9,0
154607,1,1,0,0,0,0,121,1,9,0
154659,0,0,1,0,0,0,121,1,9,0
154734,1,0,0,1,1,0,121,1,9,0
155051,0,1,1,0,1,0,121,1,9,0
155118,1,0,0,1,1,0,121,1,9,0
155370,0,1,1,0,1,0,121,1,9,0
155565,1,1,1,1,1,0,121,1,9,0
155678,0,1,0,1,0,0,121,1,9,0
155709,0,0,1,1,0,0,121,1,9,0
156048,1,1,1,1,1,0,121,1,9,0
156114,0,0,1,1,0,0,121,1,9,0
156202,1,0,1,0,0,0,121,1,9,0
156351,0,1,0,1,0,0,121,1,9,0
156428,0,1,0,0,0,0,121,1,9,0
156580,1,0,0,1,1,0,121,1,9,0
156785,1,0,0,1,1,0,121,1,9,0
156892,0,0,1,1,0,0,121,1,9,0
156965,1,1,1,0,1,1,121,1,9,0
157052,0,0,0,0,1,0,121,1,9,0
157128,0,0,1,1,0,0,121,1,9,0
157176,0,0,0,0,1,0,121,1,9,0
157278,1,1,1,1,1,0,121,1,9,0
157447,1,0,1,0,0,0,121,1,9,0
157484,1,0,1,0,0,0,121,1,9,0
157700,0,1,0,0,0,0,121,1,9,0
157911,0,1,0,1,0,0,121,1,9,0
158192,1,1,0,0,0,0,121,1,9,0
158575,0,1,0,1,0,0,121,1,9,0
158643,1,1,1,1,1,0,121,1,9,0
158657,0,0,1,1,0,0,121,1,9,0
158832,1,0,1,0,0,0,121,1,9,0
158857,1,1,0,0,0,0,121,1,9,0
158971,0,1,0,1,0,0,121,1,9,0
159031,1,1,1,1,1,0,121,1,9,0
159196,1,1,1,1,1,0,121,1,9,0
159286,1,1,1,1,1,0,121,1,9,0
159516,1,1,1,0,1,1,121,1,9,0
159850,0,1,1,0,1,0,121,1,9,0
159853,0,1,0,1,0,0,121,1,9,0
160006,0,1,0,1,0,0,121,1,9,0
160130,0,0,0,0,1,0,121,1,9,0
160178,0,0,1,1,0,0,121,1,9,0
160216,0,1,1,0,1,0,121,1,9,0
160245,1,1,1,1,1,0,121,1,9,0
160263,0,0,0,0,1,0,121,1,9,0
160347,1,1,1,0,1,1,121,1,9,0
160594,0,1,0,1,0,0,121,1,9,0
160618,1,0,1,0,0,0,121,1,9,0
160632,1,0,1,0,0,0,121,1,9,0
160656,0,1,1,1,1,1,121,1,9,0
160780,0,1,0,1,0,0,121,1,9,0
161048,0,1,0,1,0,0,121,1,9,0
161252,0,1,1,0,1,0,121,1,9,0
161313,1,0,0,1,1,0,121,1,9,0
161363,1,1,0,0,0,0,121,1,9,0
161377,1,0,0,1,1,0,121,1,9,0
161397,0,1,0,1,0,0,121,1,9,0
161674,0,0,1,1,0,0,121,1,9,0
161813,0,0,0,0,1,0,121,1,9,0
161900,1,1,0,0,0,0,121,1,9,0
161942,1,0,1,1,0,0,121,1,9,0
161981,1,0,1,0,0,0,121,1,9,0
162099,1,0,1,0,0,0,121,1,9,0
162157,0,0,0,0,1,0,121,1,9,0
162290,1,0,1,0,0,0,121,1,9,0
162329,0,1,1,1,1,1,121,1,9,0
162474,0,0,0,0,1,0,121,1,9,0
162502,0,0,0,0,1,0,121,1,9,0
162562,0,1,0,1,0,0,121,1,9,0
162751,0,0,0,1,1,1,121,1,9,0
162754,1,0,0,1,1,0,121,1,9,0
163003,0,1,1,0,1,0,121,1,9,0
163031,0,0,0,0,1,0,121,1,9,0
163128,0,0,1,1,0,0,121,1,9,0
163461,1,0,1,0,0,0,121,1,9,0
163663,0,1,1,0,1,0,121,1,9,0
163712,0,1,1,0,1,0,121,1,9,0
163722,1,1,0,0,0,0,121,1,9,0
163726,0,0,1,1,0,0,121,1,9,0
163954,0,0,0,0,1,0,121,1,9,0
164163,0,1,0,1,0,0,121,1,9,0
164281,1,0,0,1,1,0,121,1,9,0
164304,0,1,0,0,0,0,121,1,9,0
164424,0,0,0,0,1,0,121,1,9,0
164558,1,0,1,0,0,0,121,1,9,0
164670,1,0,1,0,0,0,121,1,9,0
164688,0,0,1,1,0,0,121,1,9,0
164720,1,0,0,1,1,0,121,1,9,0
164806,1,1,1,1,1,0,121,1,9,0
165010,0,1,1,0,1,0,121,1,9,0
165149,0,1,0,1,0,0,121,1,9,0
165211,0,1,0,1,0,0,121,1,9,0
165230,0,0,1,1,0,0,121,1,9,0
165263,1,1,0,0,0,0,121,1,9,0
165339,1,0,0,1,1,0,121,1,9,0
165360,1,0,0,1,1,0,121,1,9,0
165366,0,1,0,1,0,0,121,1,9,0
165461,1,0,0,1,1,0,121,1,9,0
165506,0,1,0,1,0,0,121,1,9,0
165717,1,1,1,0,1,1,121,1,9,0
165727,1,1,0,0,0,0,121,1,9,0
165765,0,1,1,0,1,0,121,1,9,0
165825,0,1,0,1,0,0,121,1,9,0
166292,1,0,0,1,1,0,121,1,9,0
166389,1,0,0,1,1,0,121,1,9,0
166460,1,1,0,0,0,0,121,1,9,0
166539,0,0,0,0,1,0,121,1,9,0
166565,1,1,0,0,0,0,121,1,9,0
166788,1,1,1,0,1,1,121,1,9,0
166900,0,1,1,0,1,0,121,1,9,0
166982,1,1,0,0,0,0,121,1,9,0
167104,1,1,1,1,1,0,121,1,9,0
167147,1,0,1,0,0,0,121,1,9,0
167290,0,0,0,1,1,1,121,1,9,0
167306,1,1,1,1,1,0,121,1,9,0
167412,1,0,0,1,1,0,121,1,9,0
167506,1,0,0,1,1,0,121,1,9,0
167558,0,1,0,1,0,0,121,1,9,0
167565,0,1,1,0,1,0,121,1,9,0
167877,0,0,0,0,1,0,121,1,9,0
167949,1,1,1,1,1,0,121,1,9,0
167976,0,0,0,0,1,0,121,1,9,0
168098,0,1,0,1,0,0,121,1,9,0
168137,0,1,0,1,0,0,121,1,9,0
168158,1,0,0,1,1,0,121,1,9,0
168458,1,0,0,1,1,0,121,1,9,0
168833,1,1,1,1,1,0,121,1,9,0
169068,0,1,0,1,0,0,121,1,9,0
169149,1,1,1,1,1,0,121,1,9,0
169162,0,1,1,0,1,0,121,1,9,0
169373,0,0,1,1,0,0,121,1,9,0
169839,1,0,0,1,1,0,121,1,9,0
169887,0,0,0,0,1,0,121,1,9,0
170151,1,0,1,0,0,0,121,1,9,0
170840,1,1,1,1,1,0,121,1,9,0
170899,0,0,1,1,0,0,121,1,9,0
171200,1,1,1,1,1,0,121,1,9,0
171210,1,1,0,0,0,0,121,1,9,0
171237,0,1,1,0,1,0,121,1,9,0
171257,0,1,1,0,1,0,121,1,9,0
171496,0,0,0,0,1,0,121,1,9,0
171565,1,1,0,0,0,0,121,1,9,0
171649,1,0,0,1,1,0,121,1,9,0
171756,0,0,0,0,1,0,121,1,9,0
171770,1,0,0,1,1,0,121,1,9,0
171833,1,0,1,0,0,0,121,1,9,0
171916,1,1,0,0,0,0,121,1,9,0
171934,1,1,0,0,0,0,121,1,9,0
172045,0,1,0,1,0,0,121,1,9,0
172335,1,0,1,0,0,0,121,1,9,0
172436,1,1,1,1,1,0,121,1,9,0
172439,1,0,0,1,1,0,121,1,9,0
172476,0,0,0,0,1,0,121,1,9,0
172499,1,1,0,0,0,0,121,1,9,0
172507,0,0,1,1,0,0,121,1,9,0
172761,1,1,1,1,1,0,121,1,9,0
172787,1,0,1,0,0,0,121,1,9,0
172971,1,0,0,1,1,0,121,1,9,0
173112,1,0,0,1,1,0,121,1,9,0
173358,1,0,0,1,1,0,121,1,9,0
173375,1,1,1,1,1,0,121,1,9,0
173479,1,0,0,1,1,0,121,1,9,0
173797,0,1,1,0,1,0,121,1,9,0
173819,0,1,1,0,1,0,121,1,9,0
174092,0,0,0,0,1,0,121,1,9,0
174262,0,1,0,1,0,0,121,1,9,0
174492,0,1,1,0,1,0,121,1,9,0
174684,0,0,0,0,1,0,121,1,9,0
174990,1,0,1,0,0,0,121,1,9,0
175104,0,0,0,0,1,0,121,1,9,0
175182,0,1,0,1,0,0,121,1,9,0
175185,0,0,0,0,1,0,121,1,9,0
175243,0,1,0,1,0,0,121,1,9,0
175346,0,0,1,1,0,0,121,1,9,0
175659,0,1,1,0,1,0,121,1,9,0
175744,0,1,1,0,1,0,121,1,9,0
175898,1,1,0,1,0,0,121,1,9,0
175974,1,1,1,1,1,0,121,1,9,0
175994,1,0,1,0,0,0,121,1,9,0
176013,0,1,0,1,0,0,121,1,9,0
176083,1,1,1,1,1,0,121,1,9,0
176150,1,1,0,0,0,0,121,1,9,0
176249,0,0,0,0,1,0,121,1,9,0
176423,0,1,0,1,0,0,121,1,9,0
176528,0,1,1,0,1,0,121,1,9,0
176576,0,0,1,1,0,0,121,1,9,0
176792,1,0,0,1,1,0,121,1,9,0
176829,1,1,0,0,0,0,121,1,9,0
176891,0,0,0,0,1,0,121,1,9,0
177236,1,1,0,0,0,0,121,1,9,0
177333,1,0,0,1,1,0,121,1,9,0
177440,0,1,0,1,0,0,121,1,9,0
177497,1,1,0,0,0,0,121,1,9,0
177505,1,0,1,0,0,0,121,1,9,0
177553,0,0,0,0,1,0,121,1,9,0
177627,0,0,0,0,1,0,121,1,9,0
177685,1,0,1,0,0,0,121,1,9,0
177822,0,1,0,1,0,0,121,1,9,0
178177,1,1,1,1,1,0,121,1,9,0
178953,0,1,0,1,0,0,121,1,9,0
179013,1,0,0,1,1,0,121,1,9,0
179107,1,0,1,0,0,0,121,1,9,0
179271,1,0,0,1,1,0,121,1,9,0
179365,1,1,1,1,1,0,121,1,9,0
179453,0,0,0,0,1,0,121,1,9,0
179509,0,1,0,1,0,0,121,1,9,0
179537,0,1,1,0,1,0,121,1,9,0
179819,0,1,1,0,1,0,121,1,9,0
179873,0,1,1,0,1,0,121,1,9,0
180294,1,1,1,1,1,0,121,1,9,0
180352,1,1,1,1,1,0,121,1,9,0
180411,1,1,0,0,0,0,121,1,9,0
180443,0,1,1,0,1,0,121,1,9,0
180453,1,1,0,0,0,0,121,1,9,0
180741,0,1,1,0,1,0,121,1,9,0
180853,0,1,0,1,0,0,121,1,9,0
180949,1,1,1,1,1,0,121,1,9,0
180964,1,1,1,1,1,0,121,1,9,0
180969,0,0,0,0,1,0,121,1,9,0
181240,1,0,1,0,0,0,121,1,9,0
181352,0,0,1,1,0,0,121,1,9,0
181387,1,1,0,0,0,0,121,1,9,0
181398,0,1,1,0,1,0,121,1,9,0
181454,0,1,1,0,1,0,121,1,9,0
181456,1,0,1,1,0,0,121,1,9,0
181593,1,1,0,0,0,0,121,1,9,0
181727,1,0,0,1,1,0,121,1,9,0
181792,0,1,0,1,0,0,121,1,9,0
181825,1,0,1,0,0,0,121,1,9,0
181878,1,1,0,0,0,0,121,1,9,0
182017,1,1,0,0,0,0,121,1,9,0
182030,0,0,0,0,1,0,121,1,9,0
182204,1,1,1,1,1,0,121,1,9,0
182224,1,1,1,1,1,0,121,1,9,0
182302,1,0,0,1,1,0,121,1,9,0
182533,0,1,1,0,1,0,121,1,9,0
182622,1,0,1,0,0,0,121,1,9,0
182675,1,0,0,1,1,0,121,1,9,0
182848,0,1,1,0,1,0,121,1,9,0
182961,0,0,0,0,1,0,121,1,9,0
182980,0,0,1,1,0,0,121,1,9,0
183047,0,0,1,1,0,0,121,1,9,0
183240,1,0,1,0,0,0,121,1,9,0
183268,0,0,0,0,1,0,121,1,9,0
183271,1,0,0,1,1,0,121,1,9,0
183324,0,1,1,0,1,0,121,1,9,0
183325,1,0,0,1,1,0,121,1,9,0
183354,0,1,1,0,1,0,121,1,9,0
183477,1,0,1,0,0,0,121,1,9,0
183529,0,1,0,1,0,0,121,1,9,0
183530,0,0,1,1,0,0,121,1,9,0
183618,0,1,0,1,0,0,121,1,9,0
183659,0,0,0,0,1,0,121,1,9,0
183720,0,0,1,1,0,0,121,1,9,0
183853,0,1,1,0,1,0,121,1,9,0
183880,0,0,0,0,1,0,121,1,9,0
183967,0,1,0,1,0,0,121,1,9,0
184000,0,1,0,1,0,0,121,1,9,0
184019,1,0,1,0,0,0,121,1,9,0
184049,1,0,1,0,0,0,121,1,9,0
184107,0,0,0,0,1,0,121,1,9,0
184425,0,1,1,0,1,0,121,1,9,0
184499,1,1,1,1,1,0,121,1,9,0
184506,1,1,1,1,1,0,121,1,9,0
184616,1,0,1,0,0,0,121,1,9,0
184853,0,0,1,1,0,0,121,1,9,0
184889,0,0,1,1,0,0,121,1,9,0
184918,0,0,0,0,1,0,121,1,9,0
185167,0,0,1,1,0,0,121,1,9,0
185398,0,1,1,0,1,0,121,1,9,0
185418,0,0,1,1,0,0,121,1,9,0
185676,1,0,1,0,0,0,121,1,9,0
185715,1,1,1,1,1,0,121,1,9,0
185789,0,0,1,1,0,0,121,1,9,0
185809,0,0,1,1,0,0,121,1,9,0
185827,0,0,0,0,1,0,121,1,9,0
185999,1,0,0,1,1,0,121,1,9,0
186235,0,0,0,0,1,0,121,1,9,0
186256,0,1,1,0,1,0,121,1,9,0
186286,1,1,0,0,0,0,121,1,9,0
186352,1,0,0,1,1,0,121,1,9,0
186384,1,1,1,1,1,0,121,1,9,0
186518,0,1,1,0,1,0,121,1,9,0
186696,0,0,1,1,0,0,121,1,9,0
186872,0,1,0,1,0,0,121,1,9,0
186937,1,0,1,0,0,0,121,1,9,0
187115,0,0,1,1,0,0,121,1,9,0
187142,1,1,0,0,0,0,121,1,9,0
187172,0,0,0,0,1,0,121,1,9,0
187242,1,1,1,1,1,0,121,1,9,0
187392,0,1,0,1,0,0,121,1,9,0
187475,0,0,1,1,0,0,121,1,9,0
187522,0,0,1,1,0,0,121,1,9,0
187578,1,1,0,0,0,0,121,1,9,0
187701,1,1,0,0,0,0,121,1,9,0
187779,0,1,1,0,1,0,121,1,9,0
187789,1,1,1,1,1,0,121,1,9,0
187938,1,1,1,1,1,0,121,1,9,0
188070,0,1,1,0,1,0,121,1,9,0
188097,0,0,1,1,0,0,121,1,9,0
188162,1,0,0,1,1,0,121,1,9,0
188199,0,0,1,1,0,0,121,1,9,0
188424,1,0,1,0,0,0,121,1,9,0
188466,1,0,0,1,1,0,121,1,9,0
188520,0,0,0,0,1,0,121,1,9,0
188620,0,1,1,0,1,0,121,1,9,0
188642,1,0,1,0,0,0,121,1,9,0
188678,0,1,1,0,1,0,121,1,9,0
188734,1,1,0,0,0,0,121,1,9,0
188853,0,0,1,1,0,0,121,1,9,0
188918,0,0,0,0,1,0,121,1,9,0
188944,1,0,1,0,0,0,121,1,9,0
188966,0,0,1,1,0,0,121,1,9,0
189113,1,0,1,0,0,0,121,1,9,0
189233,0,1,0,1,0,0,121,1,9,0
189299,0,0,1,1,0,0,121,1,9,0
189333,1,0,0,1,1,0,121,1,9,0
189875,0,1,0,1,0,0,121,1,9,0
189909,0,0,0,0,1,0,121,1,9,0
189979,0,1,0,1,0,0,121,1,9,0
190029,1,1,1,1,1,0,121,1,9,0
190086,0,0,1,1,0,0,121,1,9,0
190088,0,1,0,1,0,0,121,1,9,0
190188,1,0,0,1,1,0,121,1,9,0
190206,0,0,1,1,0,0,121,1,9,0
190328,0,0,1,0,0,0,121,1,9,0
190517,1,0,1,0,0,0,121,1,9,0
190765,0,1,0,1,0,0,121,1,9,0
190991,0,1,0,1,0,0,121,1,9,0
191014,0,0,1,1,0,0,121,1,9,0
191017,0,0,1,1,0,0,121,1,9,0
191077,1,0,1,0,0,0,121,1,9,0
191111,1,0,0,1,1,0,121,1,9,0
191166,0,0,0,0,1,0,121,1,9,0
191263,1,1,0,0,0,0,121,1,9,0
191309,0,0,1,1,0,0,121,1,9,0
191319,1,0,1,0,0,0,121,1,9,0
191372,1,0,0,1,1,0,121,1,9,0
191490,0,0,1,1,0,0,121,1,9,0
191948,0,1,0,1,0,0,121,1,9,0
192135,0,1,0,1,0,0,121,1,9,0
192167,1,1,1,1,1,0,121,1,9,0
192387,0,1,1,0,1,0,121,1,9,0
192417,1,1,0,0,0,0,121,1,9,0
192421,1,0,1,0,0,0,121,1,9,0
192581,1,1,1,1,1,0,121,1,9,0
192610,0,1,0,1,0,0,121,1,9,0
192688,1,0,0,1,1,0,121,1,9,0
192719,1,1,1,1,1,0,121,1,9,0
192722,0,0,1,1,0,0,121,1,9,0
192755,0,1,0,1,0,0,121,1,9,0
192880,1,1,1,1,1,0,121,1,9,0
193216,1,1,1,1,1,0,121,1,9,0
193282,0,0,0,0,1,0,121,1,9,0
193371,0,0,1,1,0,0,121,1,9,0
193436,0,1,0,1,0,0,121,1,9,0
193549,0,1,1,0,1,0,121,1,9,0
193694,0,0,1,1,0,0,121,1,9,0
193773,0,1,1,0,1,0,121,1,9,0
193866,1,0,1,0,0,0,121,1,9,0
194094,0,1,0,1,0,0,121,1,9,0
194349,1,0,1,0,0,0,121,1,9,0
194366,0,0,0,0,1,0,121,1,9,0
194422,1,1,1,1,1,0,121,1,9,0
194806,1,1,1,1,1,0,121,1,9,0
194945,1,0,0,1,1,0,121,1,9,0
195222,0,1,0,1,0,0,121,1,9,0
195311,0,1,1,1,1,1,121,1,9,0
195390,0,1,0,1,0,0,121,1,9,0
195579,0,0,0,0,1,0,121,1,9,0
195771,0,1,0,1,0,0,121,1,9,0
196134,1,0,0,1,1,0,121,1,9,0
196149,0,0,1,1,0,0,121,1,9,0
196277,1,0,1,0,0,0,121,1,9,0
196281,0,0,1,1,0,0,121,1,9,0
196297,0,1,0,1,0,0,121,1,9,0
196339,0,1,0,1,0,0,121,1,9,0
196413,0,0,1,1,0,0,121,1,9,0
196436,0,1,1,0,1,0,121,1,9,0
196473,0,1,0,1,0,0,121,1,9,0
196523,1,1,0,1,0,0,121,1,9,0
196548,0,0,0,0,1,0,121,1,9,0
196572,1,1,0,0,0,0,121,1,9,0
196759,1,0,1,0,0,0,119,1,9,0
196798,0,0,1,1,0,0,119,1,9,0
196852,0,0,1,1,0,0,119,1,9,0
196861,0,1,1,0,1,0,119,1,9,0
196988,1,0,1,0,0,0,119,1,9,0
197073,0,1,0,1,0,0,119,1,9,0
197123,1,0,0,1,1,0,119,1,9,0
197170,1,0,0,1,1,0,119,1,9,0
197230,1,1,0,0,0,0,119,1,9,0
197274,1,1,0,0,0,0,119,1,9,0
197309,0,1,0,1,0,0,119,1,9,0
197627,0,0,1,1,0,0,119,1,9,0
197721,1,1,0,0,0,0,119,1,9,0
197782,1,0,0,1,1,0,119,1,9,0
197845,0,0,1,1,0,0,119,1,9,0
198129,1,0,1,0,0,0,119,1,9,0
198680,0,1,0,1,0,0,119,1,9,0
198781,1,1,0,0,0,0,119,1,9,0
198797,0,1,1,0,1,0,119,1,9,0
198851,1,1,1,1,1,0,119,1,9,0
198870,1,1,1,1,1,0,119,1,9,0
199102,0,0,1,1,0,0,119,1,9,0
199257,1,1,1,1,1,0,119,1,9,0
199301,1,1,0,0,0,0,119,1,9,0
199376,0,0,1,1,0,0,119,1,9,0
199450,1,0,1,0,0,0,119,1,9,0
199580,0,1,1,0,1,0,119,1,9,0
199747,0,0,1,1,0,0,119,1,9,0
199763,0,1,1,0,1,0,119,1,9,0
199802,0,1,1,0,1,0,119,1,9,0
200157,0,1,1,0,1,0,119,1,9,0
200191,1,0,0,1,1,0,119,1,9,0
200256,1,0,0,1,1,0,119,1,9,0
200581,0,1,1,0,1,0,119,1,9,0
200705,1,1,0,0,0,0,119,1,9,0
200859,1,1,1,1,1,0,119,1,9,0
200871,1,1,0,0,0,0,119,1,9,0
200898,1,0,0,1,1,0,119,1,9,0
200899,1,1,1,1,1,0,119,1,9,0
201280,0,0,0,0,1,0,119,1,9,0
201376,1,0,0,1,1,0,119,1,9,0
201584,0,0,0,0,1,0,119,1,9,0
201753,0,1,0,1,0,0,119,1,9,0
201793,1,0,1,0,0,0,119,1,9,0
201802,0,1,1,0,1,0,119,1,9,0
201966,0,1,1,0,1,0,119,1,9,0
201987,0,0,1,1,0,0,119,1,9,0
201990,0,1,1,0,1,0,119,1,9,0
202047,0,1,1,0,1,0,119,1,9,0
202303,0,1,1,0,1,0,119,1,9,0
202314,0,1,1,0,1,0,119,1,9,0
202774,0,0,1,1,0,0,119,1,9,0
202856,1,0,1,0,0,0,119,1,9,0
202877,0,0,1,1,0,0,119,1,9,0
202893,1,1,0,0,0,0,119,1,9,0
203000,0,1,0,1,0,0,119,1,9,0
203065,0,0,1,1,0,0,119,1,9,0
203094,1,0,1,0,0,0,119,1,9,0
203231,0,1,1,0,1,0,119,1,9,0
203282,0,1,1,0,1,0,119,1,9,0
203442,1,1,0,0,0,0,119,1,9,0
203743,1,0,1,0,0,0,119,1,9,0
203749,0,0,0,0,1,0,119,1,9,0
204045,0,1,0,1,0,0,119,1,9,0
204207,1,1,0,0,0,0,119,1,9,0
204275,0,1,0,1,0,0,119,1,9,0
204410,0,1,1,0,1,0,119,1,9,0
204638,0,1,0,1,0,0,119,1,9,0
204748,0,0,0,0,1,0,119,1,9,0
204775,0,1,0,1,0,0,119,1,9,0
204894,1,0,1,0,0,0,119,1,9,0
205107,1,1,0,0,0,0,119,1,9,0
205448,1,1,0,0,0,0,119,1,9,0
205498,1,0,1,0,0,0,119,1,9,0
205546,0,0,0,0,1,0,119,1,9,0
205648,1,1,1,1,1,0,119,1,9,0
205662,1,0,1,0,0,0,119,1,9,0
205735,0,1,0,1,0,0,119,1,9,0
205762,1,1,0,0,0,0,119,1,9,0
205932,0,0,0,0,1,0,119,1,9,0
205950,1,1,1,1,1,0,119,1,9,0
205955,1,1,0,0,0,0,119,1,9,0
206036,0,0,0,0,1,0,119,1,9,0
206068,1,1,1,1,1,0,119,1,9,0
206139,0,0,0,0,1,0,119,1,9,0
206180,0,1,0,1,0,0,119,1,9,0
206194,0,0,0,0,1,0,119,1,9,0
206203,1,1,1,1,1,0,119,1,9,0
206306,0,1,1,0,1,0,119,1,9,0
206319,1,0,0,1,1,0,119,1,9,0
206355,1,1,1,1,1,0,119,1,9,0
206451,1,0,0,1,1,0,119,1,9,0
206694,0,1,0,1,0,0,119,1,9,0
206719,0,0,1,1,0,0,119,1,9,0
206825,1,0,0,0,1,1,119,1,9,0
206927,0,0,1,1,0,0,119,1,9,0
207189,0,1,0,1,0,0,119,1,9,0
207291,0,0,0,0,1,0,119,1,9,0
207307,1,0,1,0,0,0,119,1,9,0
207308,0,1,1,0,1,0,119,1,9,0
207443,1,1,0,0,0,0,119,1,9,0
207572,0,1,1,0,1,0,119,1,9,0
207648,1,0,1,0,0,0,119,1,9,0
207878,1,0,1,0,0,0,119,1,9,0
207910,1,1,1,1,1,0,119,1,9,0
207952,0,0,1,1,0,0,119,1,9,0
207958,0,0,0,0,1,0,119,1,9,0
207991,0,1,1,0,1,0,119,1,9,0
208134,0,0,0,0,1,0,119,1,9,0
208162,0,1,0,1,0,0,119,1,9,0
208575,0,0,0,0,1,0,119,1,9,0
208607,1,1,0,0,0,0,119,1,9,0
208679,0,0,1,1,0,0,119,1,9,0
208729,1,1,1,1,1,0,119,1,9,0
208762,0,1,0,1,0,0,119,1,9,0
208767,0,0,0,0,1,0,119,1,9,0
208941,0,1,0,1,0,0,119,1,9,0
208982,1,1,1,1,1,0,119,1,9,0
209111,0,1,0,1,0,0,119,1,9,0
209224,1,0,1,0,0,0,119,1,9,0
209320,1,0,1,0,0,0,119,1,9,0
209323,1,0,1,0,0,0,119,1,9,0
209385,1,1,0,1,0,0,119,1,9,0
209777,1,1,0,0,0,0,119,1,9,0
210011,0,1,0,1,0,0,119,1,9,0
210041,0,1,1,0,1,0,119,1,9,0
210320,0,1,1,0,1,0,119,1,9,0
210447,0,1,1,0,1,0,119,1,9,0
210593,1,1,0,0,0,0,119,1,9,0
210622,1,0,1,0,0,0,119,1,9,0
210812,1,1,1,1,1,0,119,1,9,0
210842,0,1,1,0,1,0,119,1,9,0
211080,0,1,1,1,1,1,119,1,9,0
211203,0,0,1,1,0,0,119,1,9,0
211260,0,1,0,1,0,0,119,1,9,0
211367,0,0,0,0,1,0,119,1,9,0
211501,0,0,0,0,1,0,119,1,9,0
211887,1,1,0,0,0,0,119,1,9,0
211897,0,1,1,0,1,0,119,1,9,0
212030,0,1,0,1,0,0,119,1,9,0
212054,0,0,0,0,1,0,119,1,9,0
212119,1,0,0,1,1,0,119,1,9,0
212162,0,0,0,0,1,0,119,1,9,0
212399,0,0,0,0,1,0,119,1,9,0
212720,1,1,1,1,1,0,119,1,9,0
212953,1,0,1,0,0,0,119,1,9,0
213136,0,1,0,1,0,0,119,1,9,0
213151,0,1,1,0,1,0,119,1,9,0
213195,1,0,1,0,0,0,119,1,9,0
213239,1,1,0,0,0,0,119,1,9,0
213344,1,1,1,1,1,0,119,1,9,0
213381,1,1,1,1,1,0,119,1,9,0
213446,0,0,0,0,1,0,119,1,9,0
213469,1,1,0,0,0,0,119,1,9,0
213808,1,1,0,0,0,0,119,1,9,0
213907,0,1,0,1,0,0,119,1,9,0
214087,0,0,0,0,1,0,119,1,9,0
214147,0,0,0,0,1,0,119,1,9,0
214254,1,0,0,1,1,0,119,1,9,0
214443,1,1,1,1,1,0,119,1,9,0
214464,1,0,1,0,0,0,119,1,9,0
214900,1,0,0,1,1,0,119,1,9,0
215151,0,1,1,0,1,0,119,1,9,0
215198,0,0,1,1,0,0,119,1,9,0
215274,1,0,1,0,0,0,119,1,9,0
215395,0,0,0,0,1,0,119,1,9,0
215524,1,1,1,1,1,0,119,1,9,0
215640,1,1,1,0,1,1,119,1,9,0
215744,1,1,0,0,0,0,119,1,9,0
215894,0,1,1,0,1,0,119,1,9,0
215931,1,0,0,1,1,0,119,1,9,0
216011,0,0,0,0,1,0,119,1,9,0
216445,0,1,1,0,1,0,119,1,9,0
216683,1,1,1,1,1,0,119,1,9,0
216717,0,0,1,1,0,0,119,1,9,0
216744,0,0,1,1,0,0,119,1,9,0
217106,0,0,1,1,0,0,119,1,9,0
217112,1,0,0,1,1,0,119,1,9,0
217136,1,1,1,1,1,0,119,1,9,0
217143,0,1,0,1,0,0,119,1,9,0
217153,0,1,1,0,1,0,119,1,9,0
217218,0,0,0,0,1,0,119,1,9,0
217363,0,1,0,1,0,0,119,1,9,0
217521,1,1,0,0,0,0,119,1,9,0
217623,1,1,1,1,1,0,119,1,9,0
217745,0,1,0,1,0,0,119,1,9,0
217973,1,0,0,1,1,0,119,1,9,0
218138,0,0,1,1,0,0,119,1,9,0
218366,1,0,1,0,0,0,119,1,9,0
218406,0,1,0,1,0,0,119,1,9,0
218518,0,1,0,1,0,0,119,1,9,0
218753,0,1,1,0,1,0,119,1,9,0
218899,0,1,1,0,1,0,119,1,9,0
219082,1,1,1,1,1,0,119,1,9,0
219317,0,1,1,0,1,0,119,1,9,0
219320,1,1,1,1,1,0,119,1,9,0
219636,0,0,1,1,0,0,119,1,9,0
220001,1,0,0,1,1,0,119,1,9,0
220071,1,0,0,1,1,0,119,1,9,0
220118,1,0,1,0,0,0,119,1,9,0
220134,1,1,1,1,1,0,119,1,9,0
220268,0,1,0,1,0,0,119,1,9,0
220283,0,1,1,0,1,0,119,1,9,0
220313,1,1,1,1,1,0,119,1,9,0
220504,1,1,0,0,0,0,119,1,9,0
220588,1,1,1,1,1,0,119,1,9,0
220626,1,0,1,0,0,0,119,1,9,0
220683,1,1,0,0,0,0,119,1,9,0
220805,0,1,0,1,0,0,119,1,9,0
220836,0,0,1,1,0,0,119,1,9,0
221177,1,0,0,1,1,0,119,1,9,0
221180,0,1,1,0,1,0,119,1,9,0
221302,0,1,1,0,1,0,119,1,9,0
221343,1,0,1,0,0,0,119,1,9,0
221490,0,1,0,1,0,0,119,1,9,0
221698,0,1,1,0,1,0,119,1,9,0
221700,0,0,1,1,0,0,119,1,9,0
221743,1,1,0,0,0,0,119,1,9,0
221793,1,0,1,0,0,0,119,1,9,0
221891,1,0,0,1,1,0,119,1,9,0
221944,0,0,0,0,1,0,119,1,9,0
222071,1,0,1,0,0,0,119,1,9,0
222155,0,0,1,1,0,0,119,1,9,0
222235,0,1,0,1,0,0,119,1,9,0
222304,1,0,1,0,0,0,119,1,9,0
222344,1,0,1,0,0,0,119,1,9,0
222386,1,0,0,1,1,0,119,1,9,0
222400,1,1,1,1,1,0,119,1,9,0
222413,1,0,0,1,1,0,119,1,9,0
222510,0,1,0,1,0,0,119,1,9,0
222828,1,1,1,1,1,0,119,1,9,0
222995,0,0,0,0,1,0,119,1,9,0
223131,1,1,1,1,1,0,119,1,9,0
223197,1,0,0,1,1,0,119,1,9,0
223268,0,1,1,0,1,0,119,1,9,0
223296,0,0,1,1,0,0,119,1,9,0
223357,0,1,1,0,1,0,119,1,9,0
223379,1,1,1,1,1,0,119,1,9,0
223393,1,0,1,0,0,0,119,1,9,0
223631,0,0,1,1,0,0,119,1,9,0
223767,1,1,1,1,1,0,119,1,9,0
224062,0,1,0,1,0,0,119,1,9,0
224162,0,1,0,1,0,0,119,1,9,0
224655,0,1,1,0,1,0,119,1,9,0
224738,0,1,0,1,0,0,119,1,9,0
224890,1,1,0,0,0,0,119,1,9,0
224921,0,1,1,0,1,0,119,1,9,0
224969,1,0,1,0,0,0,119,1,9,0
225285,1,0,0,1,1,0,119,1,9,0
225469,1,1,0,0,0,0,119,1,9,0
225479,0,0,1,1,0,0,119,1,9,0
225496,0,0,0,0,1,0,119,1,9,0
225524,1,0,1,0,0,0,119,1,9,0
225533,0,0,0,0,1,0,119,1,9,0
225555,1,0,0,1,1,0,119,1,9,0
225711,0,1,1,0,1,0,119,1,9,0
225797,1,1,0,0,0,0,119,1,9,0
225958,1,0,1,0,0,0,119,1,9,0
226200,0,1,1,0,1,0,119,1,9,0
226222,1,1,1,1,1,0,119,1,9,0
226398,0,1,0,1,0,0,119,1,9,0
226465,1,0,1,0,0,0,119,1,9,0
226568,1,1,1,1,1,0,119,1,9,0
226637,0,0,0,0,1,0,119,1,9,0
226694,0,1,1,0,1,0,119,1,9,0
226745,0,1,1,0,1,0,119,1,9,0
226833,1,0,1,0,0,0,119,1,9,0
226878,0,1,1,0,1,0,119,1,9,0
226935,1,1,1,1,1,0,119,1,9,0
227071,1,1,1,1,1,0,119,1,9,0
227163,0,0,1,1,0,0,119,1,9,0
227228,0,0,0,0,1,0,119,1,9,0
227247,1,0,1,0,0,0,119,1,9,0
227362,0,0,0,0,1,0,119,1,9,0
227406,0,1,0,1,0,0,119,1,9,0
227437,1,0,0,1,1,0,119,1,9,0
227554,0,1,0,1,0,0,119,1,9,0
227640,0,0,1,1,0,0,119,1,9,0
227720,0,1,1,0,1,0,119,1,9,0
227808,0,1,0,1,0,0,119,1,9,0
227878,1,0,0,1,1,0,119,1,9,0
228264,1,1,1,1,1,0,119,1,9,0
228299,0,0,0,0,1,0,119,1,9,0
228341,1,0,0,1,1,0,119,1,9,0
228506,1,1,0,0,0,0,119,1,9,0
228588,1,1,0,0,0,0,119,1,9,0
228624,1,0,1,0,0,0,119,1,9,0
228814,1,0,0,1,1,0,119,1,9,0
228858,0,0,1,1,0,0,119,1,9,0
228883,1,0,0,1,1,0,119,1,9,0
229112,0,1,1,0,1,0,119,1,9,0
229238,0,1,0,1,0,0,119,1,9,0
229326,0,0,0,0,1,0,119,1,9,0
229401,0,0,0,0,1,0,119,1,9,0
229459,1,1,1,1,1,0,119,1,9,0
229898,1,0,1,0,0,0,119,1,9,0
229981,0,1,0,1,0,0,119,1,9,0
230037,1,0,0,1,1,0,119,1,9,0
230161,0,0,0,0,1,0,119,1,9,0
230163,0,1,1,0,1,0,119,1,9,0
230176,0,1,1,0,1,0,119,1,9,0
230233,0,0,1,1,0,0,119,1,9,0
230465,0,1,0,1,0,0,119,1,9,0
230466,1,1,0,0,0,0,119,1,9,0
230579,0,0,1,1,0,0,119,1,9,0
230681,0,0,0,0,1,0,119,1,9,0
230685,0,1,1,0,1,0,119,1,9,0
230804,1,1,1,1,1,0,119,1,9,0
230851,1,0,0,1,1,0,119,1,9,0
230889,1,0,1,0,0,0,119,1,9,0
231048,1,0,1,0,0,0,119,1,9,0
231243,0,1,0,1,0,0,119,1,9,0
231290,0,1,0,1,0,0,119,1,9,0
231376,1,1,1,1,1,0,119,1,9,0
231408,1,0,0,1,1,0,119,1,9,0
231441,1,1,0,0,0,0,119,1,9,0
231466,0,1,0,1,0,0,119,1,9,0
231603,0,1,1,0,1,0,119,1,9,0
231627,0,0,0,0,1,0,119,1,9,0
231711,1,0,0,0,1,1,119,1,9,0
231815,0,0,0,0,1,0,119,1,9,0
231876,1,1,1,1,1,0,119,1,9,0
232001,0,0,1,1,0,0,119,1,9,0
232068,1,0,1,0,0,0,119,1,9,0
232370,1,0,1,0,0,0,119,1,9,0
232537,1,1,1,1,1,0,119,1,9,0
232596,1,0,1,0,0,0,119,1,9,0
232726,1,0,1,0,0,0,119,1,9,0
232743,1,0,0,1,1,0,119,1,9,0
233061,1,0,1,0,0,0,119,1,9,0
233294,0,0,1,1,0,0,119,1,9,0
233324,0,0,1,1,0,0,119,1,9,0
233790,0,1,1,0,1,0,119,1,9,0
233946,1,1,0,0,0,0,119,1,9,0
234193,0,1,1,0,1,0,119,1,9,0
234233,1,0,0,1,1,0,119,1,9,0
234326,1,0,0,1,1,0,119,1,9,0
234389,0,1,0,1,0,0,119,1,9,0
234443,1,1,0,0,0,0,119,1,9,0
234545,1,0,0,1,1,0,119,1,9,0
234792,0,0,0,0,1,0,119,1,9,0
234892,1,0,1,0,0,0,119,1,9,0
234918,0,0,0,0,1,0,119,1,9,0
234944,0,0,0,0,1,0,119,1,9,0
235032,1,1,0,0,0,0,119,1,9,0
235087,1,0,1,0,0,0,119,1,9,0
235102,0,1,1,0,1,0,119,1,9,0
235136,1,0,0,1,1,0,119,1,9,0
235152,1,1,0,0,0,0,119,1,9,0
235287,0,1,0,1,0,0,119,1,9,0
235484,1,0,1,0,0,0,119,1,9,0
235725,1,1,1,1,1,0,119,1,9,0
236066,1,0,0,1,1,0,119,1,9,0
236081,0,0,1,1,0,0,119,1,9,0
236482,1,1,0,0,0,0,119,1,9,0
236590,0,1,1,0,1,0,119,1,9,0
236843,1,0,1,0,0,0,119,1,9,0
236858,1,1,1,1,1,0,119,1,9,0
236877,1,1,0,0,0,0,119,1,9,0
237006,1,1,0,0,0,0,119,1,9,0
237023,0,1,0,1,0,0,119,1,9,0
237160,0,0,0,0,1,0,119,1,9,0
237247,1,0,0,1,1,0,119,1,9,0
237271,0,1,1,0,1,0,119,1,9,0
237286,0,1,0,1,0,0,119,1,9,0
237497,0,0,1,1,0,0,119,1,9,0
237843,1,1,1,1,1,0,119,1,9,0
237905,1,1,0,0,0,0,119,1,9,0
237991,0,0,1,1,0,0,119,1,9,0
238274,1,0,0,1,1,0,119,1,9,0
238449,0,1,0,1,0,0,119,1,9,0
238499,0,1,0,1,0,0,119,1,9,0
238568,1,1,1,1,1,0,119,1,9,0
238869,0,0,0,0,1,0,119,1,9,0
239059,1,1,0,0,0,0,119,1,9,0
239137,1,0,1,0,0,0,119,1,9,0
239171,0,0,1,1,0,0,119,1,9,0
239201,0,0,0,0,1,0,119,1,9,0
239209,0,0,0,0,1,0,119,1,9,0
239220,0,1,0,1,0,0,119,1,9,0
239372,0,1,0,1,0,0,119,1,9,0
239419,0,1,0,1,0,0,119,1,9,0
239422,0,0,0,0,1,0,119,1,9,0
239597,1,1,1,1,1,0,119,1,9,0
239609,0,0,0,0,1,0,119,1,9,0
239826,1,0,1,0,0,0,119,1,9,0
239990,0,0,0,0,1,0,119,1,9,0
240224,1,1,1,1,1,0,119,1,9,0
240231,1,1,1,1,1,0,119,1,9,0
240303,0,0,0,0,1,0,119,1,9,0
240338,0,1,1,0,1,0,119,1,9,0
240389,0,0,1,1,0,0,119,1,9,0
240390,0,0,1,1,0,0,119,1,9,0
240415,0,1,1,0,1,0,119,1,9,0
240440,0,0,1,1,0,0,119,1,9,0
240554,0,0,1,1,0,0,119,1,9,0
240570,1,1,1,1,1,0,119,1,9,0
240579,1,1,0,0,0,0,119,1,9,0
240584,0,1,0,1,0,0,119,1,9,0
240602,1,0,1,0,0,0,119,1,9,0
240760,1,0,1,0,0,0,119,1,9,0
240795,1,1,0,0,0,0,119,1,9,0
240898,0,1,0,1,0,0,119,1,9,0
240900,0,1,1,0,1,0,119,1,9,0
241029,1,1,1,1,1,0,119,1,9,0
241238,0,0,1,1,0,0,119,1,9,0
241288,0,1,0,1,0,0,119,1,9,0
241331,0,0,0,0,1,0,119,1,9,0
241396,0,0,1,1,0,0,119,1,9,0
241930,1,1,0,0,0,0,119,1,9,0
241966,0,0,1,1,0,0,119,1,9,0
242025,1,0,1,1,0,0,119,1,9,0
242212,0,0,1,1,0,0,119,1,9,0
242228,1,1,0,0,0,0,119,1,9,0
242702,0,0,1,1,0,0,119,1,9,0
242827,0,0,1,1,0,0,119,1,9,0
242829,0,0,0,0,1,0,119,1,9,0
242943,0,1,0,1,0,0,119,1,9,0
242989,0,0,0,0,1,0,119,1,9,0
243080,1,1,0,0,0,0,119,1,9,0
243214,1,0,1,0,0,0,119,1,9,0
243312,1,1,0,0,0,0,119,1,9,0
243349,0,1,1,0,1,0,119,1,9,0
243440,0,0,0,0,1,0,119,1,9,0
243444,1,0,1,0,0,0,119,1,9,0
243562,0,1,1,0,1,0,119,1,9,0
243637,0,1,0,1,0,0,119,1,9,0
243645,1,1,1,1,1,0,119,1,9,0
243932,0,1,1,0,1,0,119,1,9,0
243983,0,0,0,0,1,0,119,1,9,0
244364,0,0,1,1,0,0,119,1,9,0
244431,0,1,0,1,0,0,119,1,9,0
244478,0,1,0,1,0,0,119,1,9,0
244481,1,1,1,1,1,0,119,1,9,0
244828,0,1,1,0,1,0,119,1,9,0
244836,1,1,0,0,0,0,119,1,9,0
244912,0,0,0,0,1,0,119,1,9,0
244942,1,1,1,1,1,0,119,1,9,0
244967,0,1,0,1,0,0,119,1,9,0
244973,0,1,0,1,0,0,119,1,9,0
245062,0,1,0,1,0,0,119,1,9,0
245250,1,1,0,0,0,0,119,1,9,0
245289,1,1,0,0,0,0,119,1,9,0
245349,0,0,0,0,1,0,119,1,9,0
245392,1,0,0,1,1,0,119,1,9,0
245501,0,1,1,0,1,0,119,1,9,0
245785,0,1,1,0,1,0,119,1,9,0
245945,0,1,0,1,0,0,119,1,9,0
246004,0,0,1,1,0,0,119,1,9,0
246026,1,1,1,1,1,0,119,1,9,0
246069,1,1,0,0,0,0,119,1,9,0
246185,1,1,0,0,0,0,119,1,9,0
246273,0,1,1,0,1,0,119,1,9,0
246423,0,1,0,1,0,0,119,1,9,0
246505,0,0,0,0,1,0,119,1,9,0
246549,1,0,0,1,1,0,119,1,9,0
246565,1,0,1,0,0,0,119,1,9,0
246657,1,0,0,1,1,0,119,1,9,0
246761,1,0,0,1,1,0,119,1,9,0
246972,0,0,0,0,1,0,119,1,9,0
246987,0,0,0,0,1,0,119,1,9,0
247005,0,1,0,1,0,0,119,1,9,0
247271,1,1,1,1,1,0,119,1,9,0
247330,1,1,0,0,0,0,119,1,9,0
247348,1,0,1,0,0,0,119,1,9,0
247486,0,1,0,1,0,0,119,1,9,0
247504,1,0,0,1,1,0,119,1,9,0
247767,0,0,1,1,0,0,119,1,9,0
247773,0,0,0,0,1,0,119,1,9,0
247959,0,1,1,1,1,1,119,1,9,0
247962,1,0,0,1,1,0,119,1,9,0
248108,0,1,1,0,1,0,119,1,9,0
248135,1,0,0,1,1,0,119,1,9,0
248336,0,1,0,1,0,0,119,1,9,0
248526,1,1,0,0,0,0,119,1,9,0
248662,1,1,0,0,0,0,119,1,9,0
249001,1,1,1,1,1,0,119,1,9,0
249057,1,0,1,0,0,0,119,1,9,0
249123,1,0,1,0,0,0,119,1,9,0
249676,0,1,1,0,1,0,119,1,9,0
249703,0,0,0,0,1,0,119,1,9,0
250089,0,1,0,1,0,0,119,1,9,0
250318,1,1,1,1,1,0,119,1,9,0
250487,1,0,1,0,0,0,119,1,9,0
250569,1,0,1,0,0,0,119,1,9,0
250572,0,1,0,1,0,0,119,1,9,0
250584,1,0,0,1,1,0,119,1,9,0
250649,0,1,1,0,1,0,119,1,9,0
250687,1,0,1,0,0,0,119,1,9,0
250710,1,1,0,0,0,0,119,1,9,0
250799,1,1,0,0,0,0,119,1,9,0
250865,0,0,1,1,0,0,119,1,9,0
250891,0,1,1,0,1,0,119,1,9,0
251090,0,0,0,0,1,0,119,1,9,0
251249,1,0,0,1,1,0,119,1,9,0
251432,0,0,1,1,0,0,119,1,9,0
251441,1,1,0,0,0,0,119,1,9,0
251461,0,1,0,1,0,0,119,1,9,0
251563,0,0,0,0,1,0,119,1,9,0
251648,0,1,0,1,0,0,119,1,9,0
252182,1,0,0,1,1,0,119,1,9,0
252677,1,0,0,1,1,0,119,1,9,0
252712,1,0,0,1,1,0,119,1,9,0
252730,0,0,0,0,1,0,119,1,9,0
252754,0,0,1,1,0,0,119,1,9,0
252881,0,1,0,1,0,0,119,1,9,0
252908,0,0,1,1,0,0,119,1,9,0
252960,0,1,1,0,1,0,119,1,9,0
253182,1,0,0,1,1,0,119,1,9,0
253203,1,0,1,0,0,0,119,1,9,0
253401,1,0,1,0,0,0,119,1,9,0
253534,0,1,0,1,0,0,119,1,9,0
253704,0,0,1,1,0,0,119,1,9,0
254086,1,1,1,1,1,0,119,1,9,0
254185,1,0,1,0,0,0,119,1,9,0
254404,0,1,1,0,1,0,119,1,9,0
254546,0,1,1,0,1,0,119,1,9,0
254599,0,1,1,0,1,0,119,1,9,0
255009,0,1,1,0,1,0,119,1,9,0
255087,0,0,1,1,0,0,119,1,9,0
255088,1,1,0,0,0,0,119,1,9,0
255126,1,1,0,0,0,0,119,1,9,0
255140,1,1,0,0,0,0,119,1,9,0
255177,1,0,1,0,0,0,119,1,9,0
255358,1,0,0,1,1,0,119,1,9,0
255452,0,0,0,0,1,0,119,1,9,0
255468,0,0,0,1,1,1,119,1,9,0
255544,0,1,1,0,1,0,119,1,9,0
255611,0,1,0,1,0,0,119,1,9,0
255614,0,1,1,0,1,0,119,1,9,0
255619,1,0,0,1,1,0,119,1,9,0
255620,1,0,1,0,0,0,119,1,9,0
255790,0,1,0,1,0,0,119,1,9,0
256180,0,1,1,0,1,0,119,1,9,0
256203,0,0,1,1,0,0,119,1,9,0
256235,1,0,0,1,1,0,119,1,9,0
256266,1,0,1,0,0,0,119,1,9,0
256273,0,1,0,1,0,0,119,1,9,0
256330,1,0,0,1,1,0,119,1,9,0
256461,0,1,1,0,1,0,119,1,9,0
256501,0,1,0,1,0,0,119,1,9,0
256671,0,0,1,1,0,0,119,1,9,0
256817,1,1,1,1,1,0,119,1,9,0
257073,1,0,0,1,1,0,119,1,9,0
257205,1,0,1,0,0,0,119,1,9,0
257354,0,0,1,1,0,0,119,1,9,0
257370,0,0,1,1,0,0,119,1,9,0
257378,0,1,0,1,0,0,119,1,9,0
257439,0,1,0,1,0,0,119,1,9,0
257475,1,1,0,0,0,0,119,1,9,0
257712,1,1,1,1,1,0,119,1,9,0
257839,0,1,0,1,0,0,119,1,9,0
257904,0,1,1,0,1,0,119,1,9,0
258106,1,1,1,1,1,0,119,1,9,0
258137,0,0,1,1,0,0,119,1,9,0
258360,0,1,0,1,0,0,119,1,9,0
258585,0,0,1,1,0,0,119,1,9,0
258744,1,1,1,1,1,0,119,1,9,0
258830,1,0,0,1,1,0,119,1,9,0
258901,1,1,0,0,0,0,119,1,9,0
259245,0,1,0,1,0,0,119,1,9,0
259409,0,1,1,0,1,0,119,1,9,0
259447,0,1,0,1,0,0,119,1,9,0
259462,0,0,1,1,0,0,119,1,9,0
259564,0,0,1,1,0,0,119,1,9,0
259645,1,1,1,1,1,0,119,1,9,0
259784,1,1,1,1,1,0,119,1,9,0
259788,1,0,1,0,0,0,119,1,9,0
259887,1,0,1,0,0,0,119,1,9,0
260055,0,1,1,0,1,0,119,1,9,0
260351,1,1,0,0,0,0,119,1,9,0
260400,1,0,0,1,1,0,119,1,9,0
260617,1,0,1,0,0,0,119,1,9,0
261081,0,1,1,0,1,0,119,1,9,0
261120,1,0,0,1,1,0,119,1,9,0
261298,1,1,0,0,0,0,119,1,9,0
261577,1,1,0,0,0,0,119,1,9,0
261586,1,1,0,0,0,0,119,1,9,0
261698,0,1,0,1,0,0,119,1,9,0
261720,0,1,1,0,1,0,119,1,9,0
261978,1,1,1,0,1,1,119,1,9,0
262061,0,0,1,1,0,0,119,1,9,0
262121,0,0,0,0,1,0,119,1,9,0
262255,1,1,0,0,0,0,114,1,9,0
262440,1,0,1,0,0,0,114,1,9,0
262452,0,0,1,1,0,0,114,1,9,0
262453,0,0,0,0,1,0,114,1,9,0
262468,0,1,1,0,1,0,114,1,9,0
262493,1,1,1,1,1,0,114,1,9,0
262652,0,0,1,1,0,0,114,1,9,0
262731,0,1,1,0,1,0,114,1,9,0
262746,1,1,0,0,0,0,114,1,9,0
262799,0,1,1,0,1,0,114,1,9,0
262811,1,1,0,0,0,0,114,1,9,0
262834,1,1,0,0,0,0,114,1,9,0
263169,1,0,0,1,1,0,114,1,9,0
263183,0,0,0,0,1,0,114,1,9,0
263185,1,0,1,0,0,0,114,1,9,0
263244,1,1,1,1,1,0,114,1,9,0
263480,1,0,1,0,0,0,114,1,9,0
263502,0,0,0,0,1,0,114,1,9,0
263652,1,0,0,1,1,0,114,1,9,0
263663,1,0,1,0,0,0,114,1,9,0
264172,1,0,0,1,1,0,114,1,9,0
264180,0,0,1,1,0,0,114,1,9,0
264196,0,1,0,1,0,0,114,1,9,0
264245,1,0,0,1,1,0,114,1,9,0
264251,1,0,1,0,0,0,114,1,9,0
264275,1,1,1,1,1,0,114,1,9,0
264282,1,1,1,1,1,0,114,1,9,0
264295,0,0,1,1,0,0,114,1,9,0
264428,0,1,0,1,0,0,114,1,9,0
264447,0,1,1,0,1,0,114,1,9,0
264543,0,0,0,0,1,0,114,1,9,0
264627,1,0,0,1,1,0,114,1,9,0
264649,1,0,1,0,0,0,114,1,9,0
264657,0,1,1,0,1,0,114,1,9,0
264665,0,0,1,1,0,0,114,1,9,0
264795,1,1,0,0,0,0,114,1,9,0
265091,0,1,0,1,0,0,114,1,9,0
265247,0,0,0,0,1,0,114,1,9,0
265331,0,1,1,0,1,0,114,1,9,0
265773,1,0,1,0,0,0,114,1,9,0
266162,0,1,0,1,0,0,114,1,9,0
266401,1,0,0,1,1,0,114,1,9,0
266817,1,0,1,0,0,0,114,1,9,0
266872,0,1,1,0,1,0,114,1,9,0
266885,0,1,1,0,1,0,114,1,9,0
267073,1,1,0,0,0,0,114,1,9,0
267108,0,0,0,0,1,0,114,1,9,0
267175,0,1,1,0,1,0,114,1,9,0
267506,1,1,1,1,1,0,114,1,9,0
267611,1,1,0,0,0,0,114,1,9,0
267635,1,1,1,1,1,0,114,1,9,0
267934,0,1,1,0,1,0,114,1,9,0
267985,0,0,0,0,1,0,114,1,9,0
268005,1,0,1,0,0,0,114,1,9,0
268032,1,1,0,0,0,0,114,1,9,0
268036,1,1,0,0,0,0,114,1,9,0
268253,0,1,0,1,0,0,114,1,9,0
268257,0,0,1,1,0,0,114,1,9,0
268431,0,1,0,1,0,0,114,1,9,0
268527,1,0,0,1,1,0,114,1,9,0
268724,0,1,1,0,1,0,114,1,9,0
268798,1,1,1,1,1,0,114,1,9,0
268831,0,1,0,1,0,0,114,1,9,0
268911,0,0,0,0,1,0,114,1,9,0
269038,1,1,0,0,0,0,114,1,9,0
269343,1,0,0,1,1,0,114,1,9,0
269366,1,1,1,1,1,0,114,1,9,0
269524,1,0,1,0,0,0,114,1,9,0
269680,1,1,0,0,0,0,114,1,9,0
269721,0,0,0,0,1,0,114,1,9,0
270090,1,1,1,1,1,0,114,1,9,0
270112,1,1,1,1,1,0,114,1,9,0
270157,1,0,1,0,0,0,114,1,9,0
270162,1,1,1,1,1,0,114,1,9,0
270498,1,1,1,1,1,0,114,1,9,0
270577,1,1,1,1,1,0,114,1,9,0
270650,0,0,0,0,1,0,114,1,9,0
270679,1,0,0,1,1,0,114,1,9,0
271130,1,0,1,0,0,0,114,1,9,0
271205,1,0,0,1,1,0,114,1,9,0
271306,0,1,0,1,0,0,114,1,9,0
271435,1,0,0,1,1,0,114,1,9,0
271436,1,1,1,1,1,0,114,1,9,0
271559,1,0,0,1,1,0,114,1,9,0
271648,0,0,0,0,1,0,114,1,9,0
271652,1,1,1,1,1,0,114,1,9,0
271670,1,1,1,1,1,0,114,1,9,0
271707,1,1,0,0,0,0,114,1,9,0
271818,1,0,1,0,0,0,114,1,9,0
271996,1,1,1,1,1,0,114,1,9,0
272379,0,1,0,1,0,0,114,1,9,0
272398,0,0,1,1,0,0,114,1,9,0
272433,1,1,0,0,0,0,114,1,9,0
272876,1,0,1,0,0,0,114,1,9,0
273115,1,0,1,0,0,0,114,1,9,0
273155,0,1,1,0,1,0,114,1,9,0
273179,0,0,1,1,0,0,114,1,9,0
273439,1,0,0,1,1,0,114,1,9,0
273543,1,0,1,0,0,0,114,1,9,0
273901,0,0,0,0,1,0,114,1,9,0
274396,1,0,0,1,1,0,114,1,9,0
274537,0,1,1,0,1,0,114,1,9,0
274563,1,0,0,1,1,0,114,1,9,0
274586,1,1,1,1,1,0,114,1,9,0
274783,1,1,0,0,0,0,114,1,9,0
275156,0,0,0,0,1,0,114,1,9,0
275249,1,1,0,1,0,0,114,1,9,0
275375,0,0,0,0,1,0,114,1,9,0
275392,1,0,0,1,1,0,114,1,9,0
275428,0,1,0,1,0,0,114,1,9,0
275501,0,1,0,1,0,0,114,1,9,0
275537,0,1,1,0,1,0,114,1,9,0
275549,1,1,0,0,0,0,114,1,9,0
275705,1,1,0,0,0,0,114,1,9,0
275855,0,1,0,1,0,0,114,1,9,0
275899,1,1,0,0,0,0,114,1,9,0
275959,1,1,0,0,0,0,114,1,9,0
276127,1,0,0,1,1,0,114,1,9,0
276230,1,0,0,1,1,0,114,1,9,0
277081,1,1,1,1,1,0,114,1,9,0
277192,1,1,0,0,0,0,114,1,9,0
277371,1,1,1,1,1,0,114,1,9,0
277393,0,0,0,0,1,0,114,1,9,0
277418,1,1,0,0,0,0,114,1,9,0
277449,1,1,0,0,0,0,114,1,9,0
277463,1,0,1,0,0,0,114,1,9,0
277474,1,0,0,1,1,0,114,1,9,0
277475,0,0,1,1,0,0,114,1,9,0
277557,0,1,1,0,1,0,114,1,9,0
277637,1,1,0,0,0,0,114,1,9,0
277782,0,1,1,0,1,0,114,1,9,0
277805,1,1,0,0,0,0,114,1,9,0
277941,1,1,0,0,0,0,114,1,9,0
277961,0,0,0,0,1,0,114,1,9,0
278055,0,1,1,0,1,0,114,1,9,0
278218,1,1,0,0,0,0,114,1,9,0
278280,1,0,0,1,1,0,114,1,9,0
278699,0,1,1,0,1,0,114,1,9,0
278929,0,1,1,0,1,0,114,1,9,0
279014,1,1,0,0,0,0,114,1,9,0
279364,1,0,1,0,0,0,114,1,9,0
279932,0,0,1,1,0,0,114,1,9,0
280137,0,1,0,1,0,0,114,1,9,0
280267,1,1,1,1,1,0,114,1,9,0
280410,0,0,0,0,1,0,114,1,9,0
280535,1,0,1,0,0,0,114,1,9,0
280537,0,1,0,1,0,0,114,1,9,0
280572,1,0,1,0,0,0,114,1,9,0
280749,0,1,0,1,0,0,114,1,9,0
280834,1,1,0,0,0,0,114,1,9,0
281041,1,1,1,1,1,0,114,1,9,0
281348,1,0,1,0,0,0,114,1,9,0
281615,0,1,1,0,1,0,114,1,9,0
281766,0,0,1,1,0,0,114,1,9,0
281867,0,1,0,1,0,0,114,1,9,0
281877,0,1,0,1,0,0,114,1,9,0
281997,1,1,0,0,0,0,114,1,9,0
282138,0,1,1,0,1,0,114,1,9,0
282217,1,1,0,0,0,0,114,1,9,0
282234,1,0,0,1,1,0,114,1,9,0
282622,1,0,0,1,1,0,114,1,9,0
282632,1,1,0,0,0,0,114,1,9,0
282637,0,1,1,0,1,0,114,1,9,0
282796,0,1,0,1,0,0,114,1,9,0
282824,1,0,0,1,1,0,114,1,9,0
282984,1,0,0,0,1,1,114,1,9,0
283107,1,1,1,1,1,0,114,1,9,0
283137,1,0,0,1,1,0,114,1,9,0
283191,1,0,1,0,0,0,114,1,9,0
283258,1,1,1,1,1,0,114,1,9,0
283338,0,0,1,1,0,0,114,1,9,0
283374,0,0,1,1,0,0,114,1,9,0
283663,0,0,0,0,1,0,114,1,9,0
283683,1,0,0,1,1,0,114,1,9,0
283715,1,1,1,1,1,0,114,1,9,0
283749,1,1,0,0,0,0,114,1,9,0
283758,1,1,0,0,0,0,114,1,9,0
283798,0,1,0,1,0,0,114,1,9,0
284011,0,0,0,0,1,0,114,1,9,0
284085,1,1,1,1,1,0,114,1,9,0
284127,0,1,1,0,1,0,114,1,9,0
284193,1,1,0,0,0,0,114,1,9,0
284299,1,0,0,1,1,0,114,1,9,0
284358,1,0,0,1,1,0,114,1,9,0
284360,1,1,0,0,0,0,114,1,9,0
284389,1,1,1,1,1,0,114,1,9,0
284410,1,0,1,0,0,0,114,1,9,0
284490,1,0,1,0,0,0,114,1,9,0
284704,1,0,0,1,1,0,114,1,9,0
284867,1,1,0,0,0,0,114,1,9,0
284894,0,0,0,0,1,0,114,1,9,0
285068,0,0,0,0,1,0,114,1,9,0
285227,0,1,0,1,0,0,114,1,9,0
285249,1,1,1,1,1,0,114,1,9,0
285279,0,1,1,0,1,0,114,1,9,0
285619,1,1,0,0,0,0,114,1,9,0
285649,0,1,0,1,0,0,114,1,9,0
285754,1,0,1,0,0,0,114,1,9,0
285938,1,0,0,1,1,0,114,1,9,0
285958,1,0,0,1,1,0,114,1,9,0
286025,0,1,1,0,1,0,114,1,9,0
286058,0,1,0,1,0,0,114,1,9,0
286070,1,1,0,0,0,0,114,1,9,0
286156,1,0,0,1,1,0,114,1,9,0
286163,0,0,0,0,1,0,114,1,9,0
286424,1,0,1,0,0,0,114,1,9,0
286603,1,1,0,0,0,0,114,1,9,0
286759,0,1,1,0,1,0,114,1,9,0
286776,1,1,1,1,1,0,114,1,9,0
286923,0,0,0,0,1,0,114,1,9,0
286992,1,0,1,0,0,0,114,1,9,0
287008,0,0,1,1,0,0,114,1,9,0
287021,0,0,0,0,1,0,114,1,9,0
287230,1,1,0,0,0,0,114,1,9,0
287487,1,0,1,0,0,0,114,1,9,0
287559,0,1,0,1,0,0,114,1,9,0
287644,1,1,1,1,1,0,114,1,9,0
287709,0,1,1,0,1,0,114,1,9,0
287748,1,0,1,0,0,0,114,1,9,0
287788,0,1,1,0,1,0,114,1,9,0
287963,1,1,1,1,1,0,114,1,9,0
288205,0,0,1,1,0,0,114,1,9,0
288293,0,1,0,1,0,0,114,1,9,0
288348,1,1,0,1,0,0,114,1,9,0
288465,1,1,1,1,1,0,114,1,9,0
288706,0,0,1,1,0,0,114,1,9,0
288789,0,0,1,1,0,0,114,1,9,0
288871,0,1,0,1,0,0,114,1,9,0
289247,0,0,0,0,1,0,114,1,9,0
289326,0,1,0,1,0,0,114,1,9,0
289499,0,1,1,0,1,0,114,1,9,0
289725,0,0,0,0,1,0,114,1,9,0
289816,1,1,0,0,0,0,114,1,9,0
290071,1,0,0,1,1,0,114,1,9,0
290153,1,1,1,1,1,0,114,1,9,0
290303,0,0,1,1,0,0,114,1,9,0
290540,1,1,0,0,0,0,114,1,9,0
290635,1,1,1,1,1,0,114,1,9,0
290688,1,1,0,1,0,0,114,1,9,0
291054,0,1,1,1,1,1,114,1,9,0
291080,0,0,0,0,1,0,114,1,9,0
291110,1,0,1,0,0,0,114,1,9,0
291218,1,1,1,1,1,0,114,1,9,0
291266,0,0,1,1,0,0,114,1,9,0
291456,0,0,1,0,0,0,114,1,9,0
291970,0,0,1,1,0,0,114,1,9,0
292088,0,0,0,0,1,0,114,1,9,0
292172,0,0,1,1,0,0,114,1,9,0
292431,0,0,0,0,1,0,114,1,9,0
292524,0,1,0,1,0,0,114,1,9,0
292531,1,0,0,1,1,0,114,1,9,0
292672,1,1,1,1,1,0,114,1,9,0
292736,0,1,0,1,0,0,114,1,9,0
293042,1,0,1,0,0,0,114,1,9,0
293225,0,0,1,1,0,0,114,1,9,0
293251,1,0,1,0,0,0,114,1,9,0
293559,0,0,0,0,1,0,114,1,9,0
293576,1,0,0,1,1,0,114,1,9,0
293685,1,0,0,1,1,0,114,1,9,0
293895,1,1,1,1,1,0,114,1,9,0
293921,0,0,1,1,0,0,114,1,9,0
294071,0,0,1,1,0,0,114,1,9,0
294143,0,0,0,0,1,0,114,1,9,0
294232,0,0,1,1,0,0,114,1,9,0
294313,0,1,1,0,1,0,114,1,9,0
294461,1,1,0,0,0,0,114,1,9,0
294489,0,1,1,0,1,0,114,1,9,0
294550,1,1,0,0,0,0,114,1,9,0
294857,1,0,0,1,1,0,114,1,9,0
294958,1,1,0,0,0,0,114,1,9,0
295053,1,1,0,0,0,0,114,1,9,0
295055,0,1,0,1,0,0,114,1,9,0
295058,1,0,0,1,1,0,114,1,9,0
295207,0,0,0,0,1,0,114,1,9,0
295219,0,0,1,1,0,0,114,1,9,0
295285,1,1,0,0,0,0,114,1,9,0
295291,1,1,1,1,1,0,114,1,9,0
295358,0,0,1,1,0,0,114,1,9,0
295407,1,0,0,1,1,0,114,1,9,0
295418,0,1,1,0,1,0,114,1,9,0
295770,1,0,1,0,0,0,114,1,9,0
295825,1,0,1,0,0,0,114,1,9,0
296017,0,0,1,1,0,0,114,1,9,0
296185,0,1,0,1,0,0,114,1,9,0
296285,0,0,1,1,0,0,114,1,9,0
296387,1,0,1,0,0,0,114,1,9,0
296450,1,1,0,0,0,0,114,1,9,0
296629,1,1,1,1,1,0,114,1,9,0
296658,0,0,1,1,0,0,114,1,9,0
296696,1,0,1,0,0,0,114,1,9,0
296766,0,0,0,0,1,0,114,1,9,0
296777,1,1,0,0,0,0,114,1,9,0
296849,0,1,1,0,1,0,114,1,9,0
296859,0,0,0,0,1,0,114,1,9,0
296864,1,1,0,0,0,0,114,1,9,0
296957,1,1,1,1,1,0,114,1,9,0
296976,1,0,0,1,1,0,114,1,9,0
297292,0,1,0,1,0,0,114,1,9,0
297464,1,0,1,0,0,0,114,1,9,0
297661,1,0,0,1,1,0,114,1,9,0
297695,1,1,0,0,0,0,114,1,9,0
297751,1,0,0,1,1,0,114,1,9,0
297808,0,1,1,0,1,0,114,1,9,0
297869,0,1,1,0,1,0,114,1,9,0
297897,0,0,0,0,1,0,114,1,9,0
297960,0,1,1,0,1,0,114,1,9,0
298325,1,0,0,1,1,0,114,1,9,0
298458,1,0,0,1,1,0,114,1,9,0
298562,1,1,0,0,0,0,114,1,9,0
298621,1,0,1,0,0,0,114,1,9,0
298623,0,1,0,1,0,0,114,1,9,0
298703,0,0,1,1,0,0,114,1,9,0
298757,0,0,0,0,1,0,114,1,9,0
298759,0,1,0,1,0,0,114,1,9,0
298957,1,1,0,0,0,0,114,1,9,0
299160,0,0,1,1,0,0,114,1,9,0
299623,1,1,0,0,0,0,114,1,9,0
299660,0,0,0,1,1,1,114,1,9,0
299716,0,0,1,1,0,0,114,1,9,0
299779,0,0,0,0,1,0,114,1,9,0
299780,0,1,1,0,1,0,114,1,9,0
299904,0,0,0,0,1,0,114,1,9,0
299996,0,0,0,0,1,0,114,1,9,0
300210,1,0,1,0,0,0,114,1,9,0
300363,0,0,0,0,1,0,114,1,9,0
300376,0,0,1,1,0,0,114,1,9,0
300467,0,1,1,0,1,0,114,1,9,0
300531,1,1,1,1,1,0,114,1,9,0
300662,1,0,1,0,0,0,114,1,9,0
300714,0,0,1,1,0,0,114,1,9,0
300744,1,0,0,1,1,0,114,1,9,0
300975,1,0,1,0,0,0,114,1,9,0
301003,0,0,0,0,1,0,114,1,9,0
301159,1,1,0,0,0,0,114,1,9,0
301803,1,1,0,0,0,0,114,1,9,0
301805,1,0,0,1,1,0,114,1,9,0
302244,1,0,1,0,0,0,114,1,9,0
302263,0,1,0,1,0,0,114,1,9,0
302287,1,0,1,0,0,0,114,1,9,0
302373,1,0,1,1,0,0,114,1,9,0
302439,0,1,1,0,1,0,114,1,9,0
302578,1,0,1,0,0,0,114,1,9,0
302651,1,0,0,1,1,0,114,1,9,0
302652,1,1,1,1,1,0,114,1,9,0
302824,0,1,1,0,1,0,114,1,9,0
302929,1,1,1,1,1,0,114,1,9,0
303175,1,1,0,0,0,0,114,1,9,0
303293,0,1,0,1,0,0,114,1,9,0
303306,0,1,0,1,0,0,114,1,9,0
303542,1,1,1,1,1,0,114,1,9,0
303553,1,0,1,0,0,0,114,1,9,0
303590,1,0,0,1,1,0,114,1,9,0
303612,0,1,1,0,1,0,114,1,9,0
303698,1,0,1,0,0,0,114,1,9,0
303890,1,1,1,1,1,0,114,1,9,0
303964,1,0,1,0,0,0,114,1,9,0
304031,0,1,0,1,0,0,114,1,9,0
304101,1,1,1,1,1,0,114,1,9,0
304118,0,0,1,1,0,0,114,1,9,0
304379,1,0,0,1,1,0,114,1,9,0
304405,1,0,0,1,1,0,114,1,9,0
304523,1,0,0,1,1,0,114,1,9,0
304594,1,1,0,0,0,0,114,1,9,0
304673,1,0,1,0,0,0,114,1,9,0
304695,1,1,1,1,1,0,114,1,9,0
304798,1,0,0,1,1,0,114,1,9,0
304825,1,1,0,0,0,0,114,1,9,0
304865,1,0,0,1,1,0,114,1,9,0
304867,1,1,0,0,0,0,114,1,9,0
304990,0,1,0,1,0,0,114,1,9,0
305011,0,1,1,0,1,0,114,1,9,0
305188,1,0,0,1,1,0,114,1,9,0
305249,1,1,1,1,1,0,114,1,9,0
305259,0,0,1,1,0,0,114,1,9,0
305283,0,0,1,1,0,0,114,1,9,0
305358,0,0,1,1,0,0,114,1,9,0
305435,1,0,0,1,1,0,114,1,9,0
305472,0,1,1,0,1,0,114,1,9,0
305648,0,1,0,1,0,0,114,1,9,0
305680,1,0,0,1,1,0,114,1,9,0
305782,0,1,0,1,0,0,114,1,9,0
305829,1,0,0,1,1,0,114,1,9,0
305853,1,0,0,1,1,0,114,1,9,0
306107,1,0,0,1,1,0,114,1,9,0
306170,1,0,1,0,0,0,114,1,9,0
306732,0,0,0,0,1,0,114,1,9,0
307044,1,1,1,0,1,1,114,1,9,0
307077,0,1,0,1,0,0,114,1,9,0
307156,1,0,1,0,0,0,114,1,9,0
307193,1,0,0,1,1,0,114,1,9,0
307447,1,1,1,0,1,1,114,1,9,0
307478,1,1,0,0,0,0,114,1,9,0
307556,1,1,0,0,0,0,114,1,9,0
307787,1,1,1,1,1,0,114,1,9,0
307829,0,1,0,1,0,0,114,1,9,0
307909,0,0,0,0,1,0,114,1,9,0
307971,0,1,1,0,1,0,114,1,9,0
308267,0,0,0,0,1,0,114,1,9,0
308278,1,1,0,0,0,0,114,1,9,0
308725,0,0,0,0,1,0,114,1,9,0
308970,0,1,0,0,0,0,114,1,9,0
309051,0,0,1,1,0,0,114,1,9,0
309124,1,0,0,1,1,0,114,1,9,0
309264,1,1,1,1,1,0,114,1,9,0
309458,0,1,0,1,0,0,114,1,9,0
309871,1,1,0,0,0,0,114,1,9,0
310037,1,1,1,1,1,0,114,1,9,0
310330,0,0,0,0,1,0,114,1,9,0
310370,0,1,0,1,0,0,114,1,9,0
310392,0,0,1,1,0,0,114,1,9,0
310474,0,0,1,0,0,0,114,1,9,0
310493,0,1,1,0,1,0,114,1,9,0
310520,0,0,1,1,0,0,114,1,9,0
310651,0,1,0,1,0,0,114,1,9,0
310720,1,1,0,0,0,0,114,1,9,0
310723,0,1,1,0,1,0,114,1,9,0
310835,1,1,1,1,1,0,114,1,9,0
310845,0,1,1,0,1,0,114,1,9,0
310875,1,0,1,0,0,0,114,1,9,0
310938,1,0,0,1,1,0,114,1,9,0
311133,0,1,0,1,0,0,114,1,9,0
311179,1,1,1,1,1,0,114,1,9,0
311307,1,1,0,0,0,0,114,1,9,0
311308,0,1,0,1,0,0,114,1,9,0
311316,1,0,0,1,1,0,114,1,9,0
311339,0,0,1,1,0,0,114,1,9,0
311445,0,0,0,0,1,0,114,1,9,0
311546,0,1,0,1,0,0,114,1,9,0
311628,0,0,0,1,1,1,114,1,9,0
311652,0,0,0,0,1,0,114,1,9,0
311681,0,0,0,0,1,0,114,1,9,0
312091,0,1,0,1,0,0,114,1,9,0
312096,1,1,1,1,1,0,114,1,9,0
312106,0,1,0,1,0,0,114,1,9,0
312454,0,0,0,0,1,0,114,1,9,0
312549,0,1,0,1,0,0,114,1,9,0
312552,1,1,1,1,1,0,114,1,9,0
312717,1,0,0,1,1,0,114,1,9,0
312844,1,1,0,0,0,0,114,1,9,0
312947,0,0,1,0,0,0,114,1,9,0
313057,1,1,1,1,1,0,114,1,9,0
313091,1,1,0,0,0,0,114,1,9,0
313112,1,0,1,0,0,0,114,1,9,0
313124,0,0,0,0,1,0,114,1,9,0
313218,1,1,1,1,1,0,114,1,9,0
313310,0,1,1,0,1,0,114,1,9,0
313430,1,0,1,0,0,0,114,1,9,0
313648,1,1,1,1,1,0,114,1,9,0
313690,1,0,0,1,1,0,114,1,9,0
313761,0,1,0,1,0,0,114,1,9,0
313918,1,0,0,1,1,0,114,1,9,0
313937,1,0,1,0,0,0,114,1,9,0
314033,0,1,0,1,0,0,114,1,9,0
314047,0,0,1,1,0,0,114,1,9,0
314291,1,0,0,1,1,0,114,1,9,0
314385,1,0,0,1,1,0,114,1,9,0
314518,1,0,0,1,1,0,114,1,9,0
314568,0,0,0,0,1,0,114,1,9,0
314576,1,1,1,1,1,0,114,1,9,0
314814,0,1,0,1,0,0,114,1,9,0
314828,1,1,0,0,0,0,114,1,9,0
314936,1,1,0,0,0,0,114,1,9,0
315013,1,0,0,1,1,0,114,1,9,0
315127,1,0,1,0,0,0,114,1,9,0
315157,1,1,1,0,1,1,114,1,9,0
315347,1,0,0,1,1,0,114,1,9,0
315425,1,1,1,1,1,0,114,1,9,0
315658,0,0,0,0,1,0,114,1,9,0
315884,1,0,0,1,1,0,114,1,9,0
315969,0,1,1,0,1,0,114,1,9,0
316014,0,0,0,0,1,0,114,1,9,0
316220,1,0,0,1,1,0,114,1,9,0
316232,0,0,1,1,0,0,114,1,9,0
316408,1,1,1,1,1,0,114,1,9,0
316425,0,0,1,1,0,0,114,1,9,0
316463,1,0,0,1,1,0,114,1,9,0
316485,0,0,0,0,1,0,114,1,9,0
316680,0,1,0,1,0,0,114,1,9,0
316924,1,1,1,1,1,0,114,1,9,0
316938,1,1,0,0,0,0,114,1,9,0
316977,0,1,1,0,1,0,114,1,9,0
317091,0,1,1,0,1,0,114,1,9,0
317276,1,0,0,1,1,0,114,1,9,0
317754,0,0,1,1,0,0,114,1,9,0
317773,0,0,1,1,0,0,114,1,9,0
318165,1,0,0,1,1,0,114,1,9,0
318418,0,0,0,0,1,0,114,1,9,0
318678,0,1,1,0,1,0,114,1,9,0
318897,0,0,1,1,0,0,114,1,9,0
319167,0,0,0,0,1,0,114,1,9,0
319185,1,0,1,0,0,0,114,1,9,0
319190,0,0,0,0,1,0,114,1,9,0
319327,1,0,1,0,0,0,114,1,9,0
319398,1,1,0,0,0,0,114,1,9,0
319709,1,1,0,0,0,0,114,1,9,0
320222,1,1,1,1,1,0,114,1,9,0
320269,1,1,0,0,0,0,114,1,9,0
320749,1,1,0,0,0,0,114,1,9,0
320804,1,0,0,1,1,0,114,1,9,0
320850,1,0,1,0,0,0,114,1,9,0
321046,0,0,0,0,1,0,114,1,9,0
321097,0,0,0,0,1,0,114,1,9,0
321108,1,1,0,0,0,0,114,1,9,0
321118,0,1,1,0,1,0,114,1,9,0
321169,1,1,1,1,1,0,114,1,9,0
321188,0,0,0,0,1,0,114,1,9,0
321508,1,1,0,0,0,0,114,1,9,0
321619,1,0,0,1,1,0,114,1,9,0
321723,1,0,1,0,0,0,114,1,9,0
321783,0,1,1,0,1,0,114,1,9,0
321875,1,1,0,0,0,0,114,1,9,0
322029,1,1,1,1,1,0,114,1,9,0
322119,1,0,1,0,0,0,114,1,9,0
322608,1,1,0,0,0,0,114,1,9,0
322647,0,1,0,1,0,0,114,1,9,0
322792,0,1,0,1,0,0,114,1,9,0
322950,0,1,1,0,1,0,114,1,9,0
322972,1,0,1,0,0,0,114,1,9,0
323049,0,1,0,1,0,0,114,1,9,0
323171,1,0,0,1,1,0,114,1,9,0
323205,0,0,0,0,1,0,114,1,9,0
323220,1,0,1,0,0,0,114,1,9,0
323303,0,1,0,1,0,0,114,1,9,0
323443,1,1,1,1,1,0,114,1,9,0
323451,0,1,1,0,1,0,114,1,9,0
323727,1,1,1,1,1,0,114,1,9,0
323847,1,1,0,0,0,0,114,1,9,0
323866,0,1,0,1,0,0,114,1,9,0
323869,1,0,0,1,1,0,114,1,9,0
323967,1,1,1,1,1,0,114,1,9,0
324035,1,1,0,0,0,0,114,1,9,0
324119,0,1,0,1,0,0,114,1,9,0
324215,0,0,1,1,0,0,114,1,9,0
324239,0,0,0,0,1,0,114,1,9,0
324366,1,0,0,1,1,0,114,1,9,0
324446,1,0,0,1,1,0,114,1,9,0
324740,0,0,1,1,0,0,114,1,9,0
324919,1,0,0,1,1,0,114,1,9,0
324962,0,0,0,0,1,0,114,1,9,0
325112,0,1,0,1,0,0,114,1,9,0
325118,1,0,0,1,1,0,114,1,9,0
325162,1,1,0,0,0,0,114,1,9,0
325277,0,0,0,0,1,0,114,1,9,0
325333,0,1,0,1,0,0,114,1,9,0
325376,0,1,0,1,0,0,114,1,9,0
325787,1,1,0,0,0,0,114,1,9,0
326312,1,0,1,0,0,0,114,1,9,0
326631,0,0,0,0,1,0,114,1,9,0
327004,1,1,0,0,0,0,114,1,9,0
327131,0,0,0,0,1,0,114,1,9,0
327246,1,0,0,1,1,0,114,1,9,0
327278,1,1,1,1,1,0,114,1,9,0
327531,1,1,0,0,0,0,114,1,9,0
327558,1,1,0,0,0,0,114,1,9,0
327577,0,0,0,0,1,0,114,1,9,0
327662,1,1,1,1,1,0,114,1,9,0
327671,0,1,1,0,1,0,114,1,9,0
327699,0,0,0,0,1,0,127,1,9,0
327786,1,0,1,0,0,0,127,1,9,0
327964,0,0,1,1,0,0,127,1,9,0
328176,1,1,0,0,0,0,127,1,9,0
328238,0,1,0,1,0,0,127,1,9,0
328266,0,1,0,1,0,0,127,1,9,0
328619,1,1,0,0,0,0,127,1,9,0
328644,0,1,0,1,0,0,127,1,9,0
328697,1,0,0,1,1,0,127,1,9,0
329279,1,0,1,0,0,0,127,1,9,0
329315,0,1,0,1,0,0,127,1,9,0
329367,1,1,1,1,1,0,127,1,9,0
329380,1,1,0,0,0,0,127,1,9,0
329396,0,1,1,0,1,0,127,1,9,0
329740,0,0,0,0,1,0,127,1,9,0
329790,1,1,1,1,1,0,127,1,9,0
329807,1,0,0,1,1,0,127,1,9,0
330083,1,0,1,0,0,0,127,1,9,0
330187,1,0,1,0,0,0,127,1,9,0
330367,1,0,1,0,0,0,127,1,9,0
330383,1,0,1,0,0,0,127,1,9,0
330461,1,1,0,0,0,0,127,1,9,0
330465,1,1,1,1,1,0,127,1,9,0
330653,0,0,0,0,1,0,127,1,9,0
330695,1,1,1,1,1,0,127,1,9,0
330744,1,0,0,1,1,0,127,1,9,0
331070,1,0,1,0,0,0,127,1,9,0
331084,1,1,1,1,1,0,127,1,9,0
331119,1,1,1,1,1,0,127,1,9,0
331201,1,0,0,1,1,0,127,1,9,0
331275,1,0,0,1,1,0,127,1,9,0
331384,1,1,1,1,1,0,127,1,9,0
331462,0,0,0,0,1,0,127,1,9,0
331528,1,1,1,1,1,0,127,1,9,0
331891,0,1,0,1,0,0,127,1,9,0
331955,1,0,0,1,1,0,127,1,9,0
331996,1,1,1,1,1,0,127,1,9,0
332023,1,0,1,0,0,0,127,1,9,0
332305,0,1,0,1,0,0,127,1,9,0
332307,1,0,1,0,0,0,127,1,9,0
332345,0,0,1,1,0,0,127,1,9,0
332419,1,1,0,0,0,0,127,1,9,0
332436,1,1,1,1,1,0,127,1,9,0
332992,1,0,0,1,1,0,127,1,9,0
333111,1,1,1,1,1,0,127,1,9,0
333206,1,0,1,0,0,0,127,1,9,0
333262,0,0,1,1,0,0,127,1,9,0
333336,0,1,1,0,1,0,127,1,9,0
333344,0,1,0,1,0,0,127,1,9,0
333369,0,0,1,1,0,0,127,1,9,0
333448,1,0,1,0,0,0,127,1,9,0
333639,0,0,0,0,1,0,127,1,9,0
333981,0,1,0,1,0,0,127,1,9,0
334005,0,1,1,0,1,0,127,1,9,0
334032,0,1,1,0,1,0,127,1,9,0
334063,0,1,1,0,1,0,127,1,9,0
334124,1,1,0,0,0,0,127,1,9,0
334639,0,1,1,0,1,0,127,1,9,0
334719,1,0,0,1,1,0,127,1,9,0
334730,1,0,0,1,1,0,127,1,9,0
334735,1,1,1,1,1,0,127,1,9,0
334739,1,1,0,0,0,0,127,1,9,0
335045,0,0,0,0,1,0,127,1,9,0
335096,1,1,0,0,0,0,127,1,9,0
335106,1,0,1,0,0,0,127,1,9,0
335124,1,0,1,0,0,0,127,1,9,0
335134,1,0,0,1,1,0,127,1,9,0
335195,1,0,1,0,0,0,127,1,9,0
335196,0,1,0,1,0,0,127,1,9,0
335395,1,0,1,0,0,0,127,1,9,0
335402,1,1,1,1,1,0,127,1,9,0
335432,1,0,1,0,0,0,127,1,9,0
335518,1,1,0,0,0,0,127,1,9,0
335612,1,0,0,1,1,0,127,1,9,0
335707,1,1,0,0,0,0,127,1,9,0
335731,0,0,0,0,1,0,127,1,9,0
335766,0,1,1,0,1,0,127,1,9,0
335807,1,0,1,0,0,0,127,1,9,0
335929,1,1,0,0,0,0,127,1,9,0
336035,0,1,1,0,1,0,127,1,9,0
336088,1,1,1,1,1,0,127,1,9,0
336172,1,0,0,1,1,0,127,1,9,0
336277,1,0,0,1,1,0,127,1,9,0
336458,1,1,0,0,0,0,127,1,9,0
336686,1,1,1,1,1,0,127,1,9,0
336805,1,0,0,1,1,0,127,1,9,0
337098,1,1,1,1,1,0,127,1,9,0
337114,0,1,0,1,0,0,127,1,9,0
337219,1,0,1,0,0,0,127,1,9,0
337260,1,1,0,0,0,0,127,1,9,0
337466,0,1,1,0,1,0,127,1,9,0
337839,1,0,1,0,0,0,127,1,9,0
337841,0,0,1,1,0,0,127,1,9,0
337977,1,0,0,1,1,0,127,1,9,0
338039,0,0,0,0,1,0,127,1,9,0
338160,0,1,0,1,0,0,127,1,9,0
338264,1,0,0,1,1,0,127,1,9,0
338594,0,1,0,1,0,0,127,1,9,0
338699,0,1,1,0,1,0,127,1,9,0
338812,1,1,1,1,1,0,127,1,9,0
338860,0,1,0,1,0,0,127,1,9,0
339068,0,0,0,0,1,0,127,1,9,0
339167,0,1,1,0,1,0,127,1,9,0
339192,1,1,0,0,0,0,127,1,9,0
339348,0,1,0,1,0,0,127,1,9,0
339414,1,1,0,0,0,0,127,1,9,0
339532,0,0,1,1,0,0,127,1,9,0
339548,0,1,0,1,0,0,127,1,9,0
339723,1,1,1,1,1,0,127,1,9,0
339878,1,0,0,1,1,0,127,1,9,0
340009,0,1,1,0,1,0,127,1,9,0
340111,1,1,0,0,0,0,127,1,9,0
340170,0,0,0,0,1,0,127,1,9,0
340194,0,0,0,0,1,0,127,1,9,0
340285,1,0,0,1,1,0,127,1,9,0
340354,0,0,0,0,1,0,127,1,9,0
340863,1,0,0,0,1,1,127,1,9,0
340901,1,0,1,0,0,0,127,1,9,0
341244,0,0,0,0,1,0,127,1,9,0
341759,0,1,0,1,0,0,127,1,9,0
341766,1,1,0,0,0,0,127,1,9,0
341870,0,0,1,1,0,0,127,1,9,0
341896,1,1,1,1,1,0,127,1,9,0
342415,1,0,1,0,0,0,127,1,9,0
342437,1,1,0,0,0,0,127,1,9,0
342508,0,1,1,0,1,0,127,1,9,0
342603,0,0,0,0,1,0,127,1,9,0
342728,0,0,1,1,0,0,127,1,9,0
342729,1,1,1,1,1,0,127,1,9,0
342734,0,0,1,1,0,0,127,1,9,0
342890,0,1,1,0,1,0,127,1,9,0
342956,1,0,0,1,1,0,127,1,9,0
343298,0,0,0,0,1,0,127,1,9,0
343346,1,1,0,0,0,0,127,1,9,0
343898,1,1,0,0,0,0,127,1,9,0
343927,0,1,1,0,1,0,127,1,9,0
344009,1,0,0,1,1,0,127,1,9,0
344060,0,1,0,1,0,0,127,1,9,0
344241,1,0,1,0,0,0,127,1,9,0
344257,1,0,1,0,0,0,127,1,9,0
344296,1,1,1,1,1,0,127,1,9,0
344315,1,1,1,1,1,0,127,1,9,0
344407,0,1,0,1,0,0,127,1,9,0
344498,0,0,0,0,1,0,127,1,9,0
344571,0,0,1,1,0,0,127,1,9,0
344593,1,1,0,0,0,0,127,1,9,0
344649,1,1,1,1,1,0,127,1,9,0
344666,0,1,1,0,1,0,127,1,9,0
345093,0,0,1,1,0,0,127,1,9,0
345155,0,0,0,0,1,0,127,1,9,0
345193,1,1,0,0,0,0,127,1,9,0
345334,0,1,1,0,1,0,127,1,9,0
345427,1,0,0,1,1,0,127,1,9,0
345449,1,1,1,1,1,0,127,1,9,0
345636,1,0,1,0,0,0,127,1,9,0
345705,0,0,1,1,0,0,127,1,9,0
345710,1,0,1,0,0,0,127,1,9,0
345751,0,1,1,0,1,0,127,1,9,0
345755,0,1,0,1,0,0,127,1,9,0
345780,0,0,0,0,1,0,127,1,9,0
345903,0,0,1,1,0,0,127,1,9,0
345913,0,1,0,1,0,0,127,1,9,0
346056,1,1,0,0,0,0,127,1,9,0
346113,0,1,1,0,1,0,127,1,9,0
346142,1,1,0,0,0,0,127,1,9,0
346145,1,0,1,0,0,0,127,1,9,0
346150,1,0,1,0,0,0,127,1,9,0
346228,0,0,0,0,1,0,127,1,9,0
346317,1,0,1,0,0,0,127,1,9,0
346398,0,0,1,1,0,0,127,1,9,0
346437,0,1,0,1,0,0,127,1,9,0
346481,1,0,0,1,1,0,127,1,9,0
346503,1,1,0,0,0,0,127,1,9,0
346547,0,1,1,0,1,0,127,1,9,0
346612,0,1,1,0,1,0,127,1,9,0
346706,0,0,0,0,1,0,127,1,9,0
346727,1,1,1,1,1,0,127,1,9,0
346820,0,1,0,1,0,0,127,1,9,0
347198,1,0,1,0,0,0,127,1,9,0
347205,1,1,0,1,0,0,127,1,9,0
347548,1,0,0,1,1,0,127,1,9,0
347817,0,0,1,1,0,0,127,1,9,0
348041,1,1,0,0,0,0,127,1,9,0
348115,1,0,0,1,1,0,127,1,9,0
348148,1,0,1,0,0,0,127,1,9,0
348215,1,1,0,0,0,0,127,1,9,0
348297,1,0,1,0,0,0,127,1,9,0
348371,1,0,0,1,1,0,127,1,9,0
348502,0,1,1,0,1,0,127,1,9,0
348678,1,1,0,0,0,0,127,1,9,0
348713,0,1,1,0,1,0,127,1,9,0
348849,1,1,0,0,0,0,127,1,9,0
348882,0,0,0,0,1,0,127,1,9,0
348995,1,0,0,1,1,0,127,1,9,0
349037,0,0,0,0,1,0,127,1,9,0
349164,1,1,0,0,0,0,127,1,9,0
349363,1,0,0,1,1,0,127,1,9,0
349381,0,0,0,0,1,0,127,1,9,0
349640,0,1,0,0,0,0,127,1,9,0
349720,0,0,1,1,0,0,127,1,9,0
349889,1,1,0,0,0,0,127,1,9,0
349999,0,0,0,0,1,0,127,1,9,0
350043,1,0,0,1,1,0,127,1,9,0
350060,1,1,0,0,0,0,127,1,9,0
350218,0,0,1,1,0,0,127,1,9,0
350252,0,0,0,0,1,0,127,1,9,0
350510,0,0,1,1,0,0,127,1,9,0
350548,0,1,0,1,0,0,127,1,9,0
350783,1,0,0,1,1,0,127,1,9,0
350790,1,1,0,0,0,0,127,1,9,0
350814,0,1,1,0,1,0,127,1,9,0
350851,0,1,0,1,0,0,127,1,9,0
351057,1,0,0,1,1,0,127,1,9,0
351082,1,1,0,0,0,0,127,1,9,0
351226,1,0,1,0,0,0,127,1,9,0
351237,0,1,0,1,0,0,127,1,9,0
351410,0,1,1,0,1,0,127,1,9,0
351521,0,0,0,0,1,0,127,1,9,0
351552,1,0,1,0,0,0,127,1,9,0
351699,1,0,1,0,0,0,127,1,9,0
351714,0,0,1,1,0,0,127,1,9,0
351729,1,1,0,0,0,0,127,1,9,0
351926,0,1,1,0,1,0,127,1,9,0
351981,0,0,1,1,0,0,127,1,9,0
352210,0,1,0,1,0,0,127,1,9,0
352357,1,0,0,1,1,0,127,1,9,0
352628,0,1,0,1,0,0,127,1,9,0
352676,1,1,0,0,0,0,127,1,9,0
352712,0,0,0,0,1,0,127,1,9,0
352734,0,1,0,1,0,0,127,1,9,0
352937,1,0,1,0,0,0,127,1,9,0
352960,1,1,0,0,0,0,127,1,9,0
352990,1,0,0,1,1,0,127,1,9,0
353182,0,1,1,0,1,0,127,1,9,0
353270,1,0,0,1,1,0,127,1,9,0
353272,1,0,0,1,1,0,127,1,9,0
353336,1,1,0,0,0,0,127,1,9,0
353353,0,1,0,1,0,0,127,1,9,0
353358,0,1,0,1,0,0,127,1,9,0
353436,1,0,1,0,0,0,127,1,9,0
353553,1,1,1,1,1,0,127,1,9,0
353650,0,1,0,1,0,0,127,1,9,0
353697,1,0,1,0,0,0,127,1,9,0
353715,1,1,0,0,0,0,127,1,9,0
353812,0,0,0,0,1,0,127,1,9,0
353823,1,1,0,1,0,0,127,1,9,0
353873,0,1,0,1,0,0,127,1,9,0
353875,0,1,0,1,0,0,127,1,9,0
353973,0,1,0,1,0,0,127,1,9,0
354132,1,0,0,1,1,0,127,1,9,0
354182,1,1,1,1,1,0,127,1,9,0
354210,1,1,1,1,1,0,127,1,9,0
354217,0,1,0,1,0,0,127,1,9,0
354266,1,1,0,0,0,0,127,1,9,0
354293,1,0,1,0,0,0,127,1,9,0
354632,1,0,1,0,0,0,127,1,9,0
354806,0,0,1,0,0,0,127,1,9,0
354816,0,1,0,1,0,0,127,1,9,0
354886,1,0,0,1,1,0,127,1,9,0
354917,0,0,0,0,1,0,127,1,9,0
354989,1,1,0,0,0,0,127,1,9,0
355066,0,0,1,1,0,0,127,1,9,0
355093,0,1,1,0,1,0,127,1,9,0
355446,0,0,0,0,1,0,127,1,9,0
355533,0,0,1,1,0,0,127,1,9,0
355548,1,1,0,0,0,0,127,1,9,0
355550,0,0,0,0,1,0,127,1,9,0
355710,0,0,1,1,0,0,127,1,9,0
355735,0,1,0,1,0,0,127,1,9,0
355759,1,1,1,1,1,0,127,1,9,0
355765,0,0,1,1,0,0,127,1,9,0
355808,1,1,0,0,0,0,127,1,9,0
355831,1,1,1,1,1,0,127,1,9,0
355909,1,0,0,1,1,0,127,1,9,0
355929,1,1,0,0,0,0,127,1,9,0
355944,0,1,1,0,1,0,127,1,9,0
356109,0,1,0,1,0,0,127,1,9,0
356178,0,0,1,1,0,0,127,1,9,0
356203,0,0,0,0,1,0,127,1,9,0
356232,1,1,0,0,0,0,127,1,9,0
356253,1,0,0,1,1,0,127,1,9,0
356295,0,1,0,1,0,0,127,1,9,0
356301,1,1,1,1,1,0,127,1,9,0
356506,0,0,1,1,0,0,127,1,9,0
356657,1,1,1,1,1,0,127,1,9,0
356707,1,0,1,0,0,0,127,1,9,0
356963,1,0,1,0,0,0,127,1,9,0
357073,1,0,1,0,0,0,127,1,9,0
357109,0,1,1,0,1,0,127,1,9,0
357194,0,1,1,0,1,0,127,1,9,0
357222,1,1,0,0,0,0,127,1,9,0
357377,0,0,1,1,0,0,127,1,9,0
357542,1,0,0,1,1,0,127,1,9,0
357641,1,1,1,1,1,0,127,1,9,0
357646,0,1,0,1,0,0,127,1,9,0
357664,1,1,0,0,0,0,127,1,9,0
358367,1,1,1,1,1,0,127,1,9,0
358491,1,1,1,1,1,0,127,1,9,0
358516,1,0,0,1,1,0,127,1,9,0
358701,1,1,1,1,1,0,127,1,9,0
358819,0,1,1,0,1,0,127,1,9,0
358833,0,1,1,0,1,0,127,1,9,0
358907,1,0,0,1,1,0,127,1,9,0
358920,1,0,1,0,0,0,127,1,9,0
359216,1,0,1,0,0,0,127,1,9,0
359326,1,1,0,0,0,0,127,1,9,0
359332,1,0,0,1,1,0,127,1,9,0
359497,0,0,0,0,1,0,127,1,9,0
359650,0,1,1,1,1,1,127,1,9,0
359733,0,0,1,1,0,0,127,1,9,0
359820,1,1,1,1,1,0,127,1,9,0
360121,1,1,0,0,0,0,127,1,9,0
360191,1,0,1,0,0,0,127,1,9,0
360246,1,1,0,0,0,0,127,1,9,0
360276,0,1,0,1,0,0,127,1,9,0
360381,0,0,1,1,0,0,127,1,9,0
360594,0,0,1,0,0,0,127,1,9,0
360706,1,0,1,0,0,0,127,1,9,0
360760,1,0,1,0,0,0,127,1,9,0
360773,0,1,1,0,1,0,127,1,9,0
360991,1,0,0,1,1,0,127,1,9,0
361017,0,1,1,0,1,0,127,1,9,0
361049,0,1,0,1,0,0,127,1,9,0
361118,1,1,1,1,1,0,127,1,9,0
361153,0,1,0,1,0,0,127,1,9,0
361174,1,0,0,1,1,0,127,1,9,0
361212,0,1,1,0,1,0,127,1,9,0
361268,1,1,1,1,1,0,127,1,9,0
361355,1,0,1,0,0,0,127,1,9,0
361367,1,1,0,0,0,0,127,1,9,0
361398,1,1,1,1,1,0,127,1,9,0
361415,0,1,0,1,0,0,127,1,9,0
361516,0,1,0,1,0,0,127,1,9,0
361547,0,0,0,0,1,0,127,1,9,0
361574,0,1,0,1,0,0,127,1,9,0
361676,0,1,1,0,1,0,127,1,9,0
361738,1,1,1,1,1,0,127,1,9,0
361950,0,0,1,1,0,0,127,1,9,0
362472,1,0,0,1,1,0,127,1,9,0
362552,1,0,1,0,0,0,127,1,9,0
362667,0,0,0,0,1,0,127,1,9,0
362708,1,1,1,1,1,0,127,1,9,0
362788,1,0,0,1,1,0,127,1,9,0
363039,1,1,1,1,1,0,127,1,9,0
363071,1,1,1,1,1,0,127,1,9,0
363099,1,1,0,0,0,0,127,1,9,0
363115,1,1,1,0,1,1,127,1,9,0
363143,0,1,0,1,0,0,127,1,9,0
363315,1,1,0,0,0,0,127,1,9,0
363397,0,0,1,1,0,0,127,1,9,0
363425,0,1,0,1,0,0,127,1,9,0
363572,0,1,0,1,0,0,127,1,9,0
363585,1,0,1,0,0,0,127,1,9,0
363594,0,1,1,0,1,0,127,1,9,0
363696,0,0,0,0,1,0,127,1,9,0
363950,0,1,0,1,0,0,127,1,9,0
363956,1,0,0,1,1,0,127,1,9,0
364003,1,1,1,1,1,0,127,1,9,0
364018,0,1,1,0,1,0,127,1,9,0
364399,1,0,1,0,0,0,127,1,9,0
364431,1,0,1,0,0,0,127,1,9,0
364445,1,1,0,0,0,0,127,1,9,0
364502,0,1,1,0,1,0,127,1,9,0
364869,1,1,1,1,1,0,127,1,9,0
365126,0,1,0,1,0,0,127,1,9,0
365128,0,0,1,1,0,0,127,1,9,0
365146,1,0,1,0,0,0,127,1,9,0
365239,1,0,0,1,1,0,127,1,9,0
365402,0,0,0,0,1,0,127,1,9,0
365577,0,0,0,0,1,0,127,1,9,0
365872,0,1,1,1,1,1,127,1,9,0
366031,1,1,1,1,1,0,127,1,9,0
366100,1,0,1,0,0,0,127,1,9,0
366457,1,0,1,0,0,0,127,1,9,0
366634,1,0,0,1,1,0,127,1,9,0
366640,0,1,0,1,0,0,127,1,9,0
366737,1,0,0,1,1,0,127,1,9,0
366752,1,0,0,1,1,0,127,1,9,0
366969,1,0,1,0,0,0,127,1,9,0
366998,1,0,0,1,1,0,127,1,9,0
367316,1,0,0,1,1,0,127,1,9,0
367409,0,0,0,0,1,0,127,1,9,0
367441,1,1,1,1,1,0,127,1,9,0
367462,1,0,1,0,0,0,127,1,9,0
367475,1,0,0,1,1,0,127,1,9,0
367504,1,1,1,1,1,0,127,1,9,0
367511,1,0,1,0,0,0,127,1,9,0
367861,0,0,1,1,0,0,127,1,9,0
367913,0,0,1,1,0,0,127,1,9,0
368208,1,0,1,0,0,0,127,1,9,0
368527,1,0,0,1,1,0,127,1,9,0
368658,1,1,1,1,1,0,127,1,9,0
368803,0,1,0,1,0,0,127,1,9,0
368823,1,0,0,1,1,0,127,1,9,0
368855,1,1,1,0,1,1,127,1,9,0
369009,0,1,0,1,0,0,127,1,9,0
369098,1,1,1,1,1,0,127,1,9,0
369368,1,1,1,1,1,0,127,1,9,0
369412,0,1,0,1,0,0,127,1,9,0
369431,1,0,1,0,0,0,127,1,9,0
369439,0,0,0,0,1,0,127,1,9,0
369536,1,0,0,1,1,0,127,1,9,0
369554,1,0,1,0,0,0,127,1,9,0
369623,1,0,0,1,1,0,127,1,9,0
369805,0,1,1,0,1,0,127,1,9,0
369827,0,1,0,0,0,0,127,1,9,0
370284,1,0,0,1,1,0,127,1,9,0
370526,1,1,1,1,1,0,127,1,9,0
370573,1,0,0,1,1,0,127,1,9,0
370729,1,0,0,1,1,0,127,1,9,0
370734,1,1,0,0,0,0,127,1,9,0
370898,1,0,0,1,1,0,127,1,9,0
370936,0,0,1,1,0,0,127,1,9,0
371001,1,1,1,1,1,0,127,1,9,0
371124,0,0,0,0,1,0,127,1,9,0
371134,0,0,1,1,0,0,127,1,9,0
371188,0,0,1,1,0,0,127,1,9,0
371215,0,1,0,1,0,0,127,1,9,0
371245,0,1,0,1,0,0,127,1,9,0
371246,1,0,0,1,1,0,127,1,9,0
371439,0,1,1,0,1,0,127,1,9,0
371597,1,0,0,1,1,0,127,1,9,0
371605,1,1,1,1,1,0,127,1,9,0
371771,0,0,1,1,0,0,127,1,9,0
371782,0,1,0,1,0,0,127,1,9,0
371820,0,1,0,1,0,0,127,1,9,0
371952,0,1,0,1,0,0,127,1,9,0
372090,0,0,0,0,1,0,127,1,9,0
372136,1,0,0,1,1,0,127,1,9,0
372221,1,1,0,0,0,0,127,1,9,0
372765,1,1,0,0,0,0,127,1,9,0
372919,1,0,1,0,0,0,127,1,9,0
372988,0,1,1,0,1,0,127,1,9,0
373059,0,0,0,0,1,0,127,1,9,0
373067,0,0,1,1,0,0,127,1,9,0
373110,1,1,0,0,0,0,127,1,9,0
373293,0,1,0,1,0,0,127,1,9,0
373565,1,0,1,0,0,0,127,1,9,0
373733,1,0,0,1,1,0,127,1,9,0
373746,0,1,1,0,1,0,127,1,9,0
373862,1,1,1,1,1,0,127,1,9,0
373922,0,0,1,1,0,0,127,1,9,0
373935,0,0,0,0,1,0,127,1,9,0
374104,0,0,0,0,1,0,127,1,9,0
374123,1,0,0,1,1,0,127,1,9,0
374155,0,1,0,1,0,0,127,1,9,0
374328,1,1,1,1,1,0,127,1,9,0
374377,1,1,0,0,0,0,127,1,9,0
374401,1,1,1,1,1,0,127,1,9,0
374643,1,0,0,1,1,0,127,1,9,0
374745,1,0,1,0,0,0,127,1,9,0
374796,0,0,1,1,0,0,127,1,9,0
374903,0,0,0,0,1,0,127,1,9,0
374955,0,1,1,0,1,0,127,1,9,0
375283,1,1,0,0,0,0,127,1,9,0
375302,1,1,1,1,1,0,127,1,9,0
375368,0,1,1,0,1,0,127,1,9,0
375378,1,1,1,1,1,0,127,1,9,0
375627,1,0,1,0,0,0,127,1,9,0
375679,1,1,1,1,1,0,127,1,9,0
375683,0,1,1,0,1,0,127,1,9,0
375743,0,1,1,0,1,0,127,1,9,0
375769,0,0,0,0,1,0,127,1,9,0
375823,1,0,1,0,0,0,127,1,9,0
375843,1,1,1,1,1,0,127,1,9,0
376201,0,1,1,0,1,0,127,1,9,0
376234,1,0,0,1,1,0,127,1,9,0
376235,1,0,1,1,0,0,127,1,9,0
376287,1,0,1,0,0,0,127,1,9,0
376515,0,0,1,1,0,0,127,1,9,0
376623,0,0,1,1,0,0,127,1,9,0
376657,1,0,1,0,0,0,127,1,9,0
376680,1,0,1,0,0,0,127,1,9,0
376697,1,0,1,0,0,0,127,1,9,0
376699,0,0,1,1,0,0,127,1,9,0
376808,0,1,1,0,1,0,127,1,9,0
376953,1,0,1,0,0,0,127,1,9,0
377092,1,1,0,0,0,0,127,1,9,0
377156,0,1,1,0,1,0,127,1,9,0
377279,1,0,1,0,0,0,127,1,9,0
377383,0,1,0,1,0,0,127,1,9,0
377597,0,0,1,1,0,0,127,1,9,0
377641,1,0,0,1,1,0,127,1,9,0
377646,1,0,0,1,1,0,127,1,9,0
377721,1,1,1,1,1,0,127,1,9,0
377736,1,1,1,1,1,0,127,1,9,0
377759,0,0,0,0,1,0,127,1,9,0
377761,0,0,0,0,1,0,127,1,9,0
377859,0,0,1,1,0,0,127,1,9,0
378395,0,0,1,1,0,0,127,1,9,0
378488,0,1,0,1,0,0,127,1,9,0
378676,0,1,0,1,0,0,127,1,9,0
378722,1,0,0,1,1,0,127,1,9,0
378878,1,0,1,0,0,0,127,1,9,0
378976,1,1,0,0,0,0,127,1,9,0
379119,1,0,0,1,1,0,127,1,9,0
379127,1,0,1,0,0,0,127,1,9,0
379214,1,0,0,1,1,0,127,1,9,0
379458,1,1,1,1,1,0,127,1,9,0
379507,0,1,0,1,0,0,127,1,9,0
379652,1,0,1,0,0,0,127,1,9,0
379705,0,1,1,0,1,0,127,1,9,0
379727,0,1,0,0,0,0,127,1,9,0
379907,1,1,0,0,0,0,127,1,9,0
379971,1,0,0,1,1,0,127,1,9,0
380074,1,1,0,0,0,0,127,1,9,0
380098,0,1,1,0,1,0,127,1,9,0
380118,0,1,0,1,0,0,127,1,9,0
380340,0,0,1,1,0,0,127,1,9,0
380457,1,0,0,1,1,0,127,1,9,0
380468,1,1,1,1,1,0,127,1,9,0
380498,0,1,1,0,1,0,127,1,9,0
380602,0,1,0,1,0,0,127,1,9,0
380655,1,0,1,0,0,0,127,1,9,0
380735,0,0,1,1,0,0,127,1,9,0
380850,0,0,0,0,1,0,127,1,9,0
380916,1,1,0,0,0,0,127,1,9,0
380950,0,1,0,1,0,0,127,1,9,0
381053,1,1,0,0,0,0,127,1,9,0
381172,1,0,1,0,0,0,127,1,9,0
381198,1,0,0,1,1,0,127,1,9,0
381363,0,1,0,1,0,0,127,1,9,0
381515,0,1,0,1,0,0,127,1,9,0
381904,1,0,1,0,0,0,127,1,9,0
381981,0,0,1,1,0,0,127,1,9,0
382047,1,0,0,1,1,0,127,1,9,0
382198,0,0,0,0,1,0,127,1,9,0
382381,1,0,1,0,0,0,127,1,9,0
382421,0,1,1,0,1,0,127,1,9,0
382423,0,1,0,1,0,0,127,1,9,0
382464,0,1,0,1,0,0,127,1,9,0
382522,0,0,0,0,1,0,127,1,9,0
382592,1,1,0,0,0,0,127,1,9,0
382650,0,0,0,0,1,0,127,1,9,0
382724,1,0,0,1,1,0,127,1,9,0
382766,0,1,0,1,0,0,127,1,9,0
382786,0,1,0,1,0,0,127,1,9,0
382876,1,1,0,0,0,0,127,1,9,0
383116,0,0,0,0,1,0,127,1,9,0
383179,0,1,1,0,1,0,127,1,9,0
383200,0,0,1,1,0,0,127,1,9,0
383283,1,1,1,1,1,0,127,1,9,0
383307,1,0,0,1,1,0,127,1,9,0
383383,1,1,0,0,0,0,127,1,9,0
383535,1,1,1,1,1,0,127,1,9,0
383670,0,1,1,0,1,0,127,1,9,0
383675,1,0,1,0,0,0,127,1,9,0
383706,1,0,1,0,0,0,127,1,9,0
383900,0,1,0,1,0,0,127,1,9,0
384073,0,1,0,1,0,0,127,1,9,0
384445,0,0,0,0,1,0,127,1,9,0
384502,0,0,1,1,0,0,127,1,9,0
384718,1,1,1,1,1,0,127,1,9,0
384730,0,1,1,0,1,0,127,1,9,0
384738,0,0,0,0,1,0,127,1,9,0
384766,0,1,0,1,0,0,127,1,9,0
384817,1,0,1,0,0,0,127,1,9,0
384837,1,0,1,0,0,0,127,1,9,0
385129,0,1,1,0,1,0,127,1,9,0
385216,0,1,0,1,0,0,127,1,9,0
385346,1,1,1,1,1,0,127,1,9,0
385426,0,0,1,1,0,0,127,1,9,0
385450,0,0,1,0,0,0,127,1,9,0
385461,0,1,1,0,1,0,127,1,9,0
385611,1,1,0,0,0,0,127,1,9,0
385624,0,1,0,1,0,0,127,1,9,0
385704,1,0,1,0,0,0,127,1,9,0
385803,0,0,1,1,0,0,127,1,9,0
385938,0,1,1,1,1,1,127,1,9,0
386031,0,0,0,0,1,0,127,1,9,0
386079,0,0,1,1,0,0,127,1,9,0
386213,0,1,0,1,0,0,127,1,9,0
386377,1,0,1,0,0,0,127,1,9,0
386443,0,1,0,1,0,0,127,1,9,0
386684,1,0,0,1,1,0,127,1,9,0
386834,0,0,0,0,1,0,127,1,9,0
387281,0,0,1,1,0,0,127,1,9,0
387497,0,0,0,0,1,0,127,1,9,0
387531,0,1,1,0,1,0,127,1,9,0
387580,0,0,0,0,1,0,127,1,9,0
387592,1,0,1,0,0,0,127,1,9,0
387631,1,0,0,1,1,0,127,1,9,0
387721,1,0,0,1,1,0,127,1,9,0
387727,0,0,0,0,1,0,127,1,9,0
387806,1,0,0,1,1,0,127,1,9,0
387958,0,1,1,0,1,0,127,1,9,0
388411,1,0,1,0,0,0,127,1,9,0
388752,0,1,1,0,1,0,127,1,9,0
388817,1,0,1,0,0,0,127,1,9,0
388828,1,1,1,1,1,0,127,1,9,0
388890,1,0,0,1,1,0,127,1,9,0
388896,1,0,0,1,1,0,127,1,9,0
389232,1,1,1,1,1,0,127,1,9,0
389337,1,1,0,0,0,0,127,1,9,0
389376,1,0,0,1,1,0,127,1,9,0
389509,0,1,1,0,1,0,127,1,9,0
389641,1,1,0,0,0,0,127,1,9,0
389766,1,0,0,1,1,0,127,1,9,0
389866,1,1,0,0,0,0,127,1,9,0
389867,0,0,0,0,1,0,127,1,9,0
390124,0,1,0,1,0,0,127,1,9,0
390153,1,1,0,0,0,0,127,1,9,0
390248,0,0,1,1,0,0,127,1,9,0
390400,0,1,0,1,0,0,127,1,9,0
390417,0,1,1,0,1,0,127,1,9,0
390513,0,0,0,0,1,0,127,1,9,0
390535,0,0,1,0,0,0,127,1,9,0
390571,1,0,1,0,0,0,127,1,9,0
390572,0,0,0,0,1,0,127,1,9,0
390576,0,0,1,1,0,0,127,1,9,0
390609,0,0,1,1,0,0,127,1,9,0
390616,1,1,1,1,1,0,127,1,9,0
390685,1,0,1,0,0,0,127,1,9,0
390856,1,0,0,1,1,0,127,1,9,0
390915,0,1,1,0,1,0,127,1,9,0
390950,1,0,0,1,1,0,127,1,9,0
390956,1,0,1,0,0,0,127,1,9,0
391031,1,0,1,0,0,0,127,1,9,0
391177,0,1,0,1,0,0,127,1,9,0
391221,0,1,1,0,1,0,127,1,9,0
391250,0,1,1,0,1,0,127,1,9,0
391275,1,1,0,0,0,0,127,1,9,0
391504,1,0,1,0,0,0,127,1,9,0
391836,0,0,1,1,0,0,127,1,9,0
391896,0,1,1,0,1,0,127,1,9,0
391979,1,1,0,0,0,0,127,1,9,0
391989,1,1,0,0,0,0,127,1,9,0
391992,0,1,0,0,0,0,127,1,9,0
392010,1,0,1,0,0,0,127,1,9,0
392113,1,0,1,0,0,0,127,1,9,0
392270,0,1,0,1,0,0,127,1,9,0
392292,1,0,0,1,1,0,127,1,9,0
392641,1,1,1,1,1,0,127,1,9,0
392698,0,1,0,1,0,0,127,1,9,0
392762,0,1,1,0,1,0,127,1,9,0
392777,1,1,0,0,0,0,127,1,9,0
392809,1,1,0,0,0,0,127,1,9,0
392842,1,1,1,1,1,0,127,1,9,0
392857,0,1,1,0,1,0,127,1,9,0
392888,0,1,0,1,0,0,127,1,9,0
393078,1,0,0,1,1,0,127,1,9,0
393274,1,0,1,0,0,0,94,1,9,0
393324,0,0,1,0,0,0,94,1,9,0
393564,0,0,1,1,0,0,94,1,9,0
393648,0,1,0,1,0,0,94,1,9,0
393670,1,0,1,0,0,0,94,1,9,0
394253,0,0,0,0,1,0,94,1,9,0
394355,0,1,1,0,1,0,94,1,9,0
394465,1,1,1,1,1,0,94,1,9,0
394866,0,0,0,0,1,0,94,1,9,0
394880,1,1,0,0,0,0,94,1,9,0
394899,1,0,1,0,0,0,94,1,9,0
395064,0,0,0,0,1,0,94,1,9,0
395396,1,1,1,1,1,0,94,1,9,0
395636,0,0,0,0,1,0,94,1,9,0
395801,1,0,1,0,0,0,94,1,9,0
395854,0,1,1,0,1,0,94,1,9,0
395980,0,0,0,0,1,0,94,1,9,0
395990,1,1,1,1,1,0,94,1,9,0
396088,0,1,1,0,1,0,94,1,9,0
396140,0,0,1,1,0,0,94,1,9,0
396208,1,0,0,1,1,0,94,1,9,0
396222,0,0,0,0,1,0,94,1,9,0
396298,1,1,0,0,0,0,94,1,9,0
396447,1,0,1,0,0,0,94,1,9,0
396540,0,1,0,1,0,0,94,1,9,0
396543,1,1,0,0,0,0,94,1,9,0
396782,1,1,0,0,0,0,94,1,9,0
396887,0,1,0,1,0,0,94,1,9,0
397066,1,0,1,0,0,0,94,1,9,0
397178,0,0,1,1,0,0,94,1,9,0
397197,1,0,1,0,0,0,94,1,9,0
397209,1,0,1,0,0,0,94,1,9,0
397278,0,0,0,0,1,0,94,1,9,0
397288,1,0,0,1,1,0,94,1,9,0
397323,1,1,0,0,0,0,94,1,9,0
397327,0,1,0,1,0,0,94,1,9,0
397646,1,1,1,1,1,0,94,1,9,0
398005,1,1,1,1,1,0,94,1,9,0
398197,0,0,1,1,0,0,94,1,9,0
398482,1,1,1,1,1,0,94,1,9,0
398660,1,0,1,0,0,0,94,1,9,0
398780,0,1,1,0,1,0,94,1,9,0
398795,1,0,0,1,1,0,94,1,9,0
398975,1,1,1,1,1,0,94,1,9,0
399144,0,1,1,0,1,0,94,1,9,0
399154,1,1,1,1,1,0,94,1,9,0
399301,0,0,0,0,1,0,94,1,9,0
399480,1,0,0,1,1,0,94,1,9,0
399519,0,0,0,0,1,0,94,1,9,0
399673,1,1,0,0,0,0,94,1,9,0
399758,0,0,0,0,1,0,94,1,9,0
399785,1,0,0,0,1,1,94,1,9,0
399956,0,1,0,1,0,0,94,1,9,0
400048,1,0,1,0,0,0,94,1,9,0
400295,0,1,1,0,1,0,94,1,9,0
400400,1,1,0,0,0,0,94,1,9,0
400539,0,1,0,0,0,0,94,1,9,0
400850,1,0,1,0,0,0,94,1,9,0
400987,0,1,0,1,0,0,94,1,9,0
401228,0,1,0,1,0,0,94,1,9,0
401272,0,0,0,0,1,0,94,1,9,0
401375,1,1,1,1,1,0,94,1,9,0
401608,0,1,1,0,1,0,94,1,9,0
401651,1,0,1,0,0,0,94,1,9,0
401683,1,1,0,0,0,0,94,1,9,0
401834,1,0,1,0,0,0,94,1,9,0
401850,0,1,0,1,0,0,94,1,9,0
401924,0,0,0,0,1,0,94,1,9,0
402120,0,0,1,1,0,0,94,1,9,0
402439,1,1,0,0,0,0,94,1,9,0
402633,0,1,0,1,0,0,94,1,9,0
402665,1,1,1,1,1,0,94,1,9,0
402785,1,1,0,0,0,0,94,1,9,0
402871,0,1,1,0,1,0,94,1,9,0
403086,1,1,1,1,1,0,94,1,9,0
403116,0,1,1,0,1,0,94,1,9,0
403499,0,0,0,0,1,0,94,1,9,0
403752,1,0,1,0,0,0,94,1,9,0
403768,0,1,0,1,0,0,94,1,9,0
403874,1,0,1,0,0,0,94,1,9,0
403961,1,0,0,1,1,0,94,1,9,0
404071,1,1,1,1,1,0,94,1,9,0
404353,1,1,1,1,1,0,94,1,9,0
404648,0,1,1,0,1,0,94,1,9,0
404889,0,1,0,1,0,0,94,1,9,0
405046,0,1,0,1,0,0,94,1,9,0
405178,1,1,0,0,0,0,94,1,9,0
405267,1,0,0,1,1,0,94,1,9,0
405358,1,0,0,1,1,0,94,1,9,0
405397,0,1,1,0,1,0,94,1,9,0
405723,0,0,1,1,0,0,94,1,9,0
405763,0,1,0,1,0,0,94,1,9,0
405801,0,0,0,0,1,0,94,1,9,0
405870,0,1,1,0,1,0,94,1,9,0
405948,0,0,1,1,0,0,94,1,9,0
405962,0,0,0,0,1,0,94,1,9,0
406436,0,1,0,1,0,0,94,1,9,0
406605,0,0,1,1,0,0,94,1,9,0
406652,0,0,0,0,1,0,94,1,9,0
406937,1,0,1,0,0,0,94,1,9,0
406967,0,1,1,0,1,0,94,1,9,0
407285,0,1,1,0,1,0,94,1,9,0
407371,0,0,0,0,1,0,94,1,9,0
407516,1,1,1,1,1,0,94,1,9,0
407827,0,0,0,0,1,0,94,1,9,0
407837,0,0,1,1,0,0,94,1,9,0
407994,0,1,0,1,0,0,94,1,9,0
408061,0,1,0,1,0,0,94,1,9,0
408242,1,0,1,0,0,0,94,1,9,0
408806,0,1,1,0,1,0,94,1,9,0
408837,1,1,1,1,1,0,94,1,9,0
408944,1,0,0,1,1,0,94,1,9,0
409024,0,1,1,0,1,0,94,1,9,0
409036,0,0,1,1,0,0,94,1,9,0
409103,0,1,0,1,0,0,94,1,9,0
409297,0,1,1,0,1,0,94,1,9,0
409369,1,1,0,0,0,0,94,1,9,0
409488,1,0,0,1,1,0,94,1,9,0
409573,0,0,0,0,1,0,94,1,9,0
409594,1,0,0,1,1,0,94,1,9,0
409949,0,0,0,0,1,0,94,1,9,0
409965,0,1,0,1,0,0,94,1,9,0
409966,1,0,0,1,1,0,94,1,9,0
410031,1,0,1,0,0,0,94,1,9,0
410081,0,0,1,1,0,0,94,1,9,0
410122,0,1,0,1,0,0,94,1,9,0
410136,0,0,0,0,1,0,94,1,9,0
410686,1,0,1,0,0,0,94,1,9,0
410774,1,0,0,1,1,0,94,1,9,0
410789,1,0,1,0,0,0,94,1,9,0
410843,0,0,1,0,0,0,94,1,9,0
410902,0,1,1,0,1,0,94,1,9,0
410924,0,1,0,1,0,0,94,1,9,0
411028,1,1,0,0,0,0,94,1,9,0
411074,1,0,1,0,0,0,94,1,9,0
411217,0,0,1,1,0,0,94,1,9,0
411323,1,0,0,1,1,0,94,1,9,0
411417,0,0,0,0,1,0,94,1,9,0
411489,0,0,0,0,1,0,94,1,9,0
411691,0,0,1,1,0,0,94,1,9,0
411795,0,0,1,1,0,0,94,1,9,0
411926,0,1,1,0,1,0,94,1,9,0
412121,0,0,0,0,1,0,94,1,9,0
412290,0,1,1,0,1,0,94,1,9,0
412314,1,1,1,1,1,0,94,1,9,0
412339,0,1,0,1,0,0,94,1,9,0
412852,0,0,0,0,1,0,94,1,9,0
412928,0,0,1,1,0,0,94,1,9,0
413026,0,1,0,1,0,0,94,1,9,0
413073,0,0,1,1,0,0,94,1,9,0
413086,0,1,1,0,1,0,94,1,9,0
413098,0,1,0,1,0,0,94,1,9,0
413410,0,0,0,0,1,0,94,1,9,0
413419,1,0,1,0,0,0,94,1,9,0
413661,0,0,1,1,0,0,94,1,9,0
413840,1,0,1,0,0,0,94,1,9,0
413881,1,1,1,1,1,0,94,1,9,0
413944,0,1,0,1,0,0,94,1,9,0
414069,1,0,0,1,1,0,94,1,9,0
414173,0,1,1,0,1,0,94,1,9,0
414545,0,1,0,1,0,0,94,1,9,0
414547,1,1,1,1,1,0,94,1,9,0
414617,0,0,1,1,0,0,94,1,9,0
414836,1,0,1,0,0,0,94,1,9,0
414918,1,0,1,0,0,0,94,1,9,0
415080,0,0,0,0,1,0,94,1,9,0
415088,0,0,0,0,1,0,94,1,9,0
415160,1,0,1,0,0,0,94,1,9,0
415288,0,0,1,1,0,0,94,1,9,0
415413,1,0,1,0,0,0,94,1,9,0
415494,1,1,0,0,0,0,94,1,9,0
415500,1,1,0,0,0,0,94,1,9,0
415717,0,0,0,0,1,0,94,1,9,0
416070,1,1,1,1,1,0,94,1,9,0
416403,0,0,1,1,0,0,94,1,9,0
416560,1,1,1,1,1,0,94,1,9,0
416645,0,0,0,1,1,1,94,1,9,0
417301,0,0,0,0,1,0,94,1,9,0
417597,1,1,1,1,1,0,94,1,9,0
417616,1,0,1,0,0,0,94,1,9,0
417646,0,0,0,0,1,0,94,1,9,0
417790,0,0,1,1,0,0,94,1,9,0
417964,1,0,1,0,0,0,94,1,9,0
418326,1,0,1,0,0,0,94,1,9,0
418463,1,0,1,0,0,0,94,1,9,0
418656,1,0,1,0,0,0,94,1,9,0
418719,1,1,0,0,0,0,94,1,9,0
418886,1,0,1,1,0,0,94,1,9,0
418993,1,0,0,1,1,0,94,1,9,0
419108,0,1,1,0,1,0,94,1,9,0
419402,0,1,1,0,1,0,94,1,9,0
419464,1,1,1,1,1,0,94,1,9,0
419481,0,1,0,1,0,0,94,1,9,0
419482,0,1,0,1,0,0,94,1,9,0
419500,1,1,1,1,1,0,94,1,9,0
419705,0,0,1,1,0,0,94,1,9,0
420009,1,1,0,0,0,0,94,1,9,0
420162,0,1,0,1,0,0,94,1,9,0
420173,0,1,0,0,0,0,94,1,9,0
420178,1,1,1,1,1,0,94,1,9,0
420234,0,0,1,1,0,0,94,1,9,0
420290,0,0,1,1,0,0,94,1,9,0
420299,0,0,0,0,1,0,94,1,9,0
420497,0,0,0,0,1,0,94,1,9,0
420545,1,1,0,0,0,0,94,1,9,0
420607,1,1,0,0,0,0,94,1,9,0
420994,1,1,0,1,0,0,94,1,9,0
421148,1,1,0,0,0,0,94,1,9,0
421205,0,1,1,0,1,0,94,1,9,0
421251,0,0,0,0,1,0,94,1,9,0
421560,0,0,0,0,1,0,94,1,9,0
421607,0,1,0,1,0,0,94,1,9,0
421680,0,0,0,0,1,0,94,1,9,0
421708,0,1,1,0,1,0,94,1,9,0
421717,1,0,1,0,0,0,94,1,9,0
421755,1,1,1,1,1,0,94,1,9,0
421774,1,0,1,0,0,0,94,1,9,0
421778,1,1,1,1,1,0,94,1,9,0
421798,1,0,0,1,1,0,94,1,9,0
421859,0,0,0,0,1,0,94,1,9,0
421867,1,1,0,0,0,0,94,1,9,0
421923,0,1,0,0,0,0,94,1,9,0
422157,1,0,0,1,1,0,94,1,9,0
422308,1,0,0,1,1,0,94,1,9,0
423020,1,0,0,1,1,0,94,1,9,0
423159,0,0,0,0,1,0,94,1,9,0
423612,1,1,0,0,0,0,94,1,9,0
423614,0,0,1,1,0,0,94,1,9,0
423799,1,0,0,1,1,0,94,1,9,0
423970,1,1,0,0,0,0,94,1,9,0
424202,1,0,1,0,0,0,94,1,9,0
424224,1,0,0,1,1,0,94,1,9,0
424290,1,0,1,0,0,0,94,1,9,0
424312,0,1,1,0,1,0,94,1,9,0
424484,0,1,0,1,0,0,94,1,9,0
424485,1,1,1,1,1,0,94,1,9,0
424624,1,0,0,1,1,0,94,1,9,0
424694,1,0,0,1,1,0,94,1,9,0
424884,0,1,1,0,1,0,94,1,9,0
424924,0,1,1,1,1,1,94,1,9,0
424990,1,0,0,1,1,0,94,1,9,0
425282,1,0,0,1,1,0,94,1,9,0
425401,1,1,1,1,1,0,94,1,9,0
425412,1,0,0,1,1,0,94,1,9,0
425746,0,0,0,0,1,0,94,1,9,0
425814,1,1,0,0,0,0,94,1,9,0
425907,1,1,0,0,0,0,94,1,9,0
425996,0,0,0,0,1,0,94,1,9,0
426051,1,1,0,0,0,0,94,1,9,0
426073,1,0,0,1,1,0,94,1,9,0
426176,1,0,0,1,1,0,94,1,9,0
426311,1,1,0,0,0,0,94,1,9,0
426388,1,1,1,1,1,0,94,1,9,0
426496,0,0,0,0,1,0,94,1,9,0
426646,1,0,1,0,0,0,94,1,9,0
426732,0,1,0,1,0,0,94,1,9,0
426803,1,0,1,0,0,0,94,1,9,0
426863,0,0,0,0,1,0,94,1,9,0
427059,1,0,1,0,0,0,94,1,9,0
427190,0,0,1,1,0,0,94,1,9,0
427199,0,0,1,1,0,0,94,1,9,0
427279,0,0,1,1,0,0,94,1,9,0
427937,1,1,1,1,1,0,94,1,9,0
428132,1,0,0,1,1,0,94,1,9,0
428810,0,1,1,0,1,0,94,1,9,0
428872,0,1,0,1,0,0,94,1,9,0
428923,1,0,0,1,1,0,94,1,9,0
429025,0,1,1,0,1,0,94,1,9,0
429056,1,0,1,0,0,0,94,1,9,0
429209,0,1,0,1,0,0,94,1,9,0
429373,0,1,1,0,1,0,94,1,9,0
429469,0,1,1,0,1,0,94,1,9,0
429570,0,0,1,1,0,0,94,1,9,0
429720,1,0,0,1,1,0,94,1,9,0
429972,1,0,1,0,0,0,94,1,9,0
430247,0,0,1,1,0,0,94,1,9,0
430345,0,1,1,0,1,0,94,1,9,0
430420,1,1,1,1,1,0,94,1,9,0
430430,1,1,1,1,1,0,94,1,9,0
430465,0,0,1,1,0,0,94,1,9,0
430677,0,1,0,1,0,0,94,1,9,0
430970,0,1,1,0,1,0,94,1,9,0
431208,1,0,0,1,1,0,94,1,9,0
431301,1,1,1,1,1,0,94,1,9,0
431429,1,0,1,0,0,0,94,1,9,0
431509,0,0,0,0,1,0,94,1,9,0
431589,0,0,0,0,1,0,94,1,9,0
431735,0,1,0,1,0,0,94,1,9,0
431747,1,1,1,1,1,0,94,1,9,0
431918,1,1,1,1,1,0,94,1,9,0
432095,1,1,0,0,0,0,94,1,9,0
432677,1,1,1,1,1,0,94,1,9,0
432719,0,1,0,1,0,0,94,1,9,0
432997,0,0,1,1,0,0,94,1,9,0
433050,0,1,0,1,0,0,94,1,9,0
433198,1,0,0,0,1,1,94,1,9,0
433305,1,1,1,1,1,0,94,1,9,0
433615,1,1,1,1,1,0,94,1,9,0
433628,1,0,0,1,1,0,94,1,9,0
433651,1,1,1,1,1,0,94,1,9,0
433692,0,0,0,0,1,0,94,1,9,0
433860,1,0,0,1,1,0,94,1,9,0
434298,1,1,0,0,0,0,94,1,9,0
435383,0,1,0,1,0,0,94,1,9,0
435396,0,1,0,1,0,0,94,1,9,0
435485,0,1,1,0,1,0,94,1,9,0
435579,1,0,0,1,1,0,94,1,9,0
435651,0,0,1,0,0,0,94,1,9,0
435870,0,1,0,1,0,0,94,1,9,0
435950,0,0,0,0,1,0,94,1,9,0
436047,1,1,1,1,1,0,94,1,9,0
436097,0,1,0,1,0,0,94,1,9,0
436188,1,0,0,1,1,0,94,1,9,0
436233,0,0,1,1,0,0,94,1,9,0
436253,1,0,1,0,0,0,94,1,9,0
436389,0,1,0,1,0,0,94,1,9,0
436491,0,0,1,1,0,0,94,1,9,0
436565,0,0,1,1,0,0,94,1,9,0
436601,0,1,1,1,1,1,94,1,9,0
436612,0,0,0,0,1,0,94,1,9,0
436981,0,1,0,1,0,0,94,1,9,0
437038,0,0,1,1,0,0,94,1,9,0
437466,1,0,0,1,1,0,94,1,9,0
437593,1,0,0,1,1,0,94,1,9,0
437651,1,1,1,1,1,0,94,1,9,0
437773,1,1,1,1,1,0,94,1,9,0
437982,0,1,0,1,0,0,94,1,9,0
438078,1,0,1,0,0,0,94,1,9,0
438161,1,0,1,0,0,0,94,1,9,0
438174,1,1,0,0,0,0,94,1,9,0
438189,1,0,1,0,0,0,94,1,9,0
438328,0,1,0,1,0,0,94,1,9,0
438396,0,0,1,1,0,0,94,1,9,0
438498,0,1,0,1,0,0,94,1,9,0
438547,0,0,1,1,0,0,94,1,9,0
438634,1,0,0,1,1,0,94,1,9,0
438731,1,0,0,1,1,0,94,1,9,0
438737,1,1,0,0,0,0,94,1,9,0
439156,0,0,0,0,1,0,94,1,9,0
440050,0,1,0,1,0,0,94,1,9,0
440089,1,1,0,0,0,0,94,1,9,0
440179,1,0,0,1,1,0,94,1,9,0
440377,1,1,1,1,1,0,94,1,9,0
440615,1,1,0,0,0,0,94,1,9,0
440629,0,0,0,0,1,0,94,1,9,0
440634,0,0,0,0,1,0,94,1,9,0
440655,0,1,0,1,0,0,94,1,9,0
440930,1,1,1,1,1,0,94,1,9,0
440943,1,0,1,0,0,0,94,1,9,0
441043,1,1,1,1,1,0,94,1,9,0
441093,0,0,0,0,1,0,94,1,9,0
441425,0,1,1,0,1,0,94,1,9,0
441648,0,0,0,0,1,0,94,1,9,0
441741,1,0,1,0,0,0,94,1,9,0
441869,0,0,1,1,0,0,94,1,9,0
441875,1,0,1,0,0,0,94,1,9,0
442309,0,1,0,1,0,0,94,1,9,0
442371,0,0,1,1,0,0,94,1,9,0
442497,1,1,1,1,1,0,94,1,9,0
442619,0,1,0,1,0,0,94,1,9,0
442835,0,1,0,1,0,0,94,1,9,0
442846,1,0,0,1,1,0,94,1,9,0
443075,0,1,1,0,1,0,94,1,9,0
443159,1,0,1,0,0,0,94,1,9,0
443266,1,0,0,1,1,0,94,1,9,0
443565,1,1,0,0,0,0,94,1,9,0
443622,0,0,0,0,1,0,94,1,9,0
443733,1,0,0,1,1,0,94,1,9,0
443871,1,1,0,0,0,0,94,1,9,0
443911,0,0,0,0,1,0,94,1,9,0
444074,0,0,0,0,1,0,94,1,9,0
444301,1,1,0,0,0,0,94,1,9,0
444556,1,0,1,0,0,0,94,1,9,0
444706,0,1,0,1,0,0,94,1,9,0
444958,0,1,0,1,0,0,94,1,9,0
445188,0,1,0,1,0,0,94,1,9,0
445360,1,0,0,1,1,0,94,1,9,0
445551,0,1,0,1,0,0,94,1,9,0
445632,0,1,0,1,0,0,94,1,9,0
446201,1,1,1,1,1,0,94,1,9,0
446271,1,1,1,1,1,0,94,1,9,0
446407,1,0,0,1,1,0,94,1,9,0
446565,0,1,0,1,0,0,94,1,9,0
446638,0,0,0,0,1,0,94,1,9,0
446652,1,0,0,1,1,0,94,1,9,0
446768,0,0,0,0,1,0,94,1,9,0
446819,1,1,0,0,0,0,94,1,9,0
447086,1,1,1,1,1,0,94,1,9,0
447133,1,1,1,1,1,0,94,1,9,0
447775,0,0,1,1,0,0,94,1,9,0
447780,0,1,0,1,0,0,94,1,9,0
447876,1,0,1,0,0,0,94,1,9,0
448100,0,0,0,0,1,0,94,1,9,0
448583,0,0,1,1,0,0,94,1,9,0
448585,1,1,0,0,0,0,94,1,9,0
448596,1,0,0,1,1,0,94,1,9,0
448659,1,1,0,0,0,0,94,1,9,0
448948,0,0,1,0,0,0,94,1,9,0
449040,0,0,1,1,0,0,94,1,9,0
449044,0,0,1,1,0,0,94,1,9,0
449311,1,1,0,0,0,0,94,1,9,0
449388,1,1,1,1,1,0,94,1,9,0
449477,1,0,1,0,0,0,94,1,9,0
449572,1,1,1,1,1,0,94,1,9,0
449659,1,1,1,1,1,0,94,1,9,0
449682,0,0,0,0,1,0,94,1,9,0
449719,1,0,1,0,0,0,94,1,9,0
449764,1,0,1,0,0,0,94,1,9,0
450159,1,1,1,1,1,0,94,1,9,0
450495,1,0,0,1,1,0,94,1,9,0
450681,1,0,0,1,1,0,94,1,9,0
450717,1,0,1,0,0,0,94,1,9,0
450759,1,1,0,0,0,0,94,1,9,0
451124,0,0,1,1,0,0,94,1,9,0
451306,0,1,1,0,1,0,94,1,9,0
451387,1,1,0,0,0,0,94,1,9,0
451533,0,0,0,0,1,0,94,1,9,0
451654,1,1,0,0,0,0,94,1,9,0
451698,1,1,0,0,0,0,94,1,9,0
452081,1,0,0,1,1,0,94,1,9,0
452432,0,0,1,1,0,0,94,1,9,0
452462,0,0,0,0,1,0,94,1,9,0
452590,0,0,1,1,0,0,94,1,9,0
453220,1,0,0,1,1,0,94,1,9,0
453253,0,1,0,1,0,0,94,1,9,0
453384,1,0,1,0,0,0,94,1,9,0
453582,1,0,0,1,1,0,94,1,9,0
453651,0,1,0,1,0,0,94,1,9,0
453840,0,0,1,1,0,0,94,1,9,0
453865,0,0,0,0,1,0,94,1,9,0
454178,0,1,1,0,1,0,94,1,9,0
454400,0,1,0,1,0,0,94,1,9,0
454451,1,0,0,1,1,0,94,1,9,0
454695,0,0,0,0,1,0,94,1,9,0
455002,0,0,0,0,1,0,94,1,9,0
455102,1,0,1,0,0,0,94,1,9,0
455177,0,1,1,0,1,0,94,1,9,0
455467,1,1,1,1,1,0,94,1,9,0
455596,0,1,0,1,0,0,94,1,9,0
455884,0,1,0,1,0,0,94,1,9,0
456275,1,1,1,1,1,0,94,1,9,0
456574,1,0,0,1,1,0,94,1,9,0
456607,0,1,1,0,1,0,94,1,9,0
456682,1,0,1,0,0,0,94,1,9,0
456691,0,1,0,1,0,0,94,1,9,0
456781,0,1,1,0,1,0,94,1,9,0
456892,0,1,1,0,1,0,94,1,9,0
457123,1,1,0,0,0,0,94,1,9,0
457264,1,0,1,0,0,0,94,1,9,0
457359,0,1,0,1,0,0,94,1,9,0
457373,0,1,0,1,0,0,94,1,9,0
457425,1,0,0,1,1,0,94,1,9,0
457563,0,1,0,1,0,0,94,1,9,0
457649,1,0,1,0,0,0,94,1,9,0
457686,0,1,0,1,0,0,94,1,9,0
457910,1,1,0,0,0,0,94,1,9,0
458098,1,1,1,1,1,0,94,1,9,0
458221,1,0,1,0,0,0,94,1,9,0
458281,1,0,1,0,0,0,94,1,9,0
458289,1,1,1,1,1,0,94,1,9,0
458397,1,1,1,1,1,0,94,1,9,0
458459,0,1,1,0,1,0,94,1,9,0
458628,0,1,0,1,0,0,94,1,9,0
458780,0,1,0,1,0,0,127,1,9,0
458815,0,1,1,0,1,0,127,1,9,0
459101,0,0,0,0,1,0,127,1,9,0
459155,1,0,0,1,1,0,127,1,9,0
459205,1,1,1,1,1,0,127,1,9,0
459337,0,1,1,0,1,0,127,1,9,0
459368,1,0,0,1,1,0,127,1,9,0
459411,0,0,1,1,0,0,127,1,9,0
459463,0,0,1,1,0,0,127,1,9,0
459504,0,0,1,1,0,0,127,1,9,0
459628,0,1,0,1,0,0,127,1,9,0
459661,0,0,0,0,1,0,127,1,9,0
459697,0,1,1,0,1,0,127,1,9,0
459700,1,0,0,1,1,0,127,1,9,0
459804,1,1,0,0,0,0,127,1,9,0
460011,1,0,1,0,0,0,127,1,9,0
460193,1,0,0,0,1,1,127,1,9,0
460261,0,0,1,1,0,0,127,1,9,0
460285,1,1,0,0,0,0,127,1,9,0
460292,1,1,0,0,0,0,127,1,9,0
460449,0,1,1,0,1,0,127,1,9,0
460523,1,1,0,0,0,0,127,1,9,0
460538,0,1,0,1,0,0,127,1,9,0
460677,0,1,1,0,1,0,127,1,9,0
460693,1,1,1,1,1,0,127,1,9,0
460966,0,1,0,1,0,0,127,1,9,0
461119,0,1,0,1,0,0,127,1,9,0
461180,0,1,0,1,0,0,127,1,9,0
461267,1,1,0,0,0,0,127,1,9,0
461347,0,1,0,1,0,0,127,1,9,0
461376,0,1,1,0,1,0,127,1,9,0
461462,1,0,1,0,0,0,127,1,9,0
461476,0,0,0,0,1,0,127,1,9,0
461965,1,1,0,0,0,0,127,1,9,0
462017,1,1,1,1,1,0,127,1,9,0
462031,1,1,1,1,1,0,127,1,9,0
462205,0,0,0,0,1,0,127,1,9,0
462311,1,0,0,1,1,0,127,1,9,0
462464,1,0,0,1,1,0,127,1,9,0
462496,1,0,1,0,0,0,127,1,9,0
462601,1,1,1,1,1,0,127,1,9,0
462626,0,0,1,1,0,0,127,1,9,0
462658,1,0,1,0,0,0,127,1,9,0
462678,1,0,1,0,0,0,127,1,9,0
462679,0,1,1,0,1,0,127,1,9,0
462796,1,0,0,1,1,0,127,1,9,0
462866,0,0,1,1,0,0,127,1,9,0
463028,1,0,1,0,0,0,127,1,9,0
463043,1,0,0,1,1,0,127,1,9,0
463293,1,0,0,1,1,0,127,1,9,0
463327,0,1,0,1,0,0,127,1,9,0
463414,1,0,1,0,0,0,127,1,9,0
463606,0,1,1,0,1,0,127,1,9,0
463620,1,0,1,0,0,0,127,1,9,0
463731,0,0,1,1,0,0,127,1,9,0
463912,1,0,0,1,1,0,127,1,9,0
463914,1,0,1,0,0,0,127,1,9,0
463918,0,0,0,0,1,0,127,1,9,0
463920,1,0,1,0,0,0,127,1,9,0
463931,1,1,0,0,0,0,127,1,9,0
464038,0,1,0,1,0,0,127,1,9,0
464131,1,1,1,1,1,0,127,1,9,0
464300,1,1,1,1,1,0,127,1,9,0
464360,1,0,0,1,1,0,127,1,9,0
464714,1,1,1,1,1,0,127,1,9,0
464739,1,0,1,0,0,0,127,1,9,0
464905,1,0,0,1,1,0,127,1,9,0
464907,1,0,0,1,1,0,127,1,9,0
464972,1,1,1,1,1,0,127,1,9,0
465111,0,0,0,0,1,0,127,1,9,0
465145,0,1,1,0,1,0,127,1,9,0
465164,1,0,1,0,0,0,127,1,9,0
465199,1,1,0,0,0,0,127,1,9,0
465244,1,0,0,1,1,0,127,1,9,0
465978,1,1,1,1,1,0,127,1,9,0
466012,1,1,0,0,0,0,127,1,9,0
466159,1,1,0,0,0,0,127,1,9,0
466162,0,1,0,1,0,0,127,1,9,0
466260,1,0,0,1,1,0,127,1,9,0
466970,0,1,0,1,0,0,127,1,9,0
466999,1,0,1,0,0,0,127,1,9,0
467025,0,0,1,1,0,0,127,1,9,0
467191,0,0,1,1,0,0,127,1,9,0
467327,1,0,1,0,0,0,127,1,9,0
467499,0,0,0,0,1,0,127,1,9,0
467851,1,0,1,0,0,0,127,1,9,0
467946,1,0,1,0,0,0,127,1,9,0
468258,1,1,1,1,1,0,127,1,9,0
468289,1,0,1,0,0,0,127,1,9,0
468333,1,0,1,0,0,0,127,1,9,0
468396,0,0,1,1,0,0,127,1,9,0
468435,1,0,1,0,0,0,127,1,9,0
468438,0,1,1,1,1,1,127,1,9,0
468738,0,1,0,1,0,0,127,1,9,0
468766,0,1,0,1,0,0,127,1,9,0
468997,1,0,1,0,0,0,127,1,9,0
469037,1,1,1,1,1,0,127,1,9,0
469077,0,1,1,0,1,0,127,1,9,0
469096,1,1,1,1,1,0,127,1,9,0
469177,1,1,1,1,1,0,127,1,9,0
469345,0,0,0,0,1,0,127,1,9,0
469424,1,0,0,1,1,0,127,1,9,0
469582,0,0,0,0,1,0,127,1,9,0
469619,1,0,0,1,1,0,127,1,9,0
469718,0,0,1,1,0,0,127,1,9,0
469898,0,0,0,0,1,0,127,1,9,0
469984,1,1,1,1,1,0,127,1,9,0
470015,0,0,1,1,0,0,127,1,9,0
470044,1,0,0,1,1,0,127,1,9,0
470114,0,0,0,0,1,0,127,1,9,0
470274,0,1,0,1,0,0,127,1,9,0
470394,0,0,1,1,0,0,127,1,9,0
470523,1,1,1,1,1,0,127,1,9,0
470559,0,0,1,1,0,0,127,1,9,0
470635,0,0,0,0,1,0,127,1,9,0
470782,0,0,1,1,0,0,127,1,9,0
470831,0,0,0,0,1,0,127,1,9,0
471069,0,1,0,1,0,0,127,1,9,0
471242,0,0,0,0,1,0,127,1,9,0
471299,1,1,1,1,1,0,127,1,9,0
471310,0,0,1,1,0,0,127,1,9,0
471370,1,0,0,1,1,0,127,1,9,0
471452,0,1,1,0,1,0,127,1,9,0
471496,0,1,1,0,1,0,127,1,9,0
471535,0,0,1,1,0,0,127,1,9,0
471707,0,0,1,1,0,0,127,1,9,0
471814,1,1,0,0,0,0,127,1,9,0
471898,1,1,1,1,1,0,127,1,9,0
471946,0,0,0,0,1,0,127,1,9,0
472010,1,1,0,0,0,0,127,1,9,0
472054,1,1,0,0,0,0,127,1,9,0
472223,1,0,0,1,1,0,127,1,9,0
472268,1,0,1,0,0,0,127,1,9,0
472321,1,0,0,1,1,0,127,1,9,0
472346,1,0,1,0,0,0,127,1,9,0
472368,0,0,1,1,0,0,127,1,9,0
472449,1,1,1,1,1,0,127,1,9,0
472677,1,0,0,1,1,0,127,1,9,0
472698,1,1,1,1,1,0,127,1,9,0
472758,0,1,0,1,0,0,127,1,9,0
472772,1,0,0,1,1,0,127,1,9,0
472828,1,1,1,1,1,0,127,1,9,0
472868,0,0,1,1,0,0,127,1,9,0
472900,0,0,1,1,0,0,127,1,9,0
472945,0,1,1,0,1,0,127,1,9,0
472975,0,0,0,0,1,0,127,1,9,0
472984,1,1,0,0,0,0,127,1,9,0
473059,0,0,1,1,0,0,127,1,9,0
473088,0,0,0,0,1,0,127,1,9,0
473105,1,1,1,1,1,0,127,1,9,0
473110,1,0,0,1,1,0,127,1,9,0
473228,0,0,0,0,1,0,127,1,9,0
473252,1,1,0,0,0,0,127,1,9,0
473302,1,0,1,0,0,0,127,1,9,0
473456,1,1,0,0,0,0,127,1,9,0
473643,1,0,0,1,1,0,127,1,9,0
473687,0,0,0,0,1,0,127,1,9,0
473692,1,1,0,0,0,0,127,1,9,0
473697,0,0,0,0,1,0,127,1,9,0
473756,0,0,0,0,1,0,127,1,9,0
473895,0,1,1,0,1,0,127,1,9,0
474090,0,1,1,0,1,0,127,1,9,0
474196,1,0,1,0,0,0,127,1,9,0
474238,1,0,0,1,1,0,127,1,9,0
474356,1,1,0,0,0,0,127,1,9,0
474437,0,1,0,1,0,0,127,1,9,0
474638,0,1,1,0,1,0,127,1,9,0
474740,1,0,0,1,1,0,127,1,9,0
474741,0,0,1,1,0,0,127,1,9,0
474841,0,1,1,0,1,0,127,1,9,0
474878,0,0,0,0,1,0,127,1,9,0
474896,1,0,0,1,1,0,127,1,9,0
474959,1,1,1,1,1,0,127,1,9,0
474963,0,1,0,1,0,0,127,1,9,0
475061,0,1,1,0,1,0,127,1,9,0
475081,0,1,1,0,1,0,127,1,9,0
475111,0,0,1,1,0,0,127,1,9,0
475198,0,1,1,0,1,0,127,1,9,0
475268,0,0,1,1,0,0,127,1,9,0
475364,1,1,1,1,1,0,127,1,9,0
475521,0,1,1,0,1,0,127,1,9,0
475600,1,0,1,0,0,0,127,1,9,0
475764,1,1,1,1,1,0,127,1,9,0
475861,1,0,1,0,0,0,127,1,9,0
475905,0,1,0,1,0,0,127,1,9,0
476029,1,1,0,0,0,0,127,1,9,0
476155,0,0,0,0,1,0,127,1,9,0
476185,1,1,0,0,0,0,127,1,9,0
476461,0,0,0,0,1,0,127,1,9,0
476516,1,1,1,1,1,0,127,1,9,0
476533,1,0,1,0,0,0,127,1,9,0
476543,0,1,0,1,0,0,127,1,9,0
476562,1,1,1,1,1,0,127,1,9,0
477022,1,0,1,0,0,0,127,1,9,0
477087,0,0,1,1,0,0,127,1,9,0
477200,0,0,0,0,1,0,127,1,9,0
477281,0,0,1,1,0,0,127,1,9,0
477285,1,1,0,0,0,0,127,1,9,0
477353,1,1,0,0,0,0,127,1,9,0
477486,0,0,0,0,1,0,127,1,9,0
477487,0,0,1,1,0,0,127,1,9,0
477500,0,1,0,1,0,0,127,1,9,0
477514,1,1,0,0,0,0,127,1,9,0
477522,0,0,0,0,1,0,127,1,9,0
477906,1,1,0,0,0,0,127,1,9,0
477930,0,1,0,1,0,0,127,1,9,0
478059,1,0,1,0,0,0,127,1,9,0
478375,0,1,1,0,1,0,127,1,9,0
478480,1,1,1,1,1,0,127,1,9,0
478681,0,1,0,1,0,0,127,1,9,0
478688,0,0,1,1,0,0,127,1,9,0
478736,0,0,0,0,1,0,127,1,9,0
478760,0,0,1,1,0,0,127,1,9,0
478845,0,0,0,0,1,0,127,1,9,0
478850,0,0,0,0,1,0,127,1,9,0
478885,0,0,0,0,1,0,127,1,9,0
478938,1,1,0,0,0,0,127,1,9,0
479088,1,0,1,0,0,0,127,1,9,0
479352,0,1,1,0,1,0,127,1,9,0
479512,1,1,1,1,1,0,127,1,9,0
479843,1,1,0,0,0,0,127,1,9,0
479876,0,0,0,0,1,0,127,1,9,0
479931,0,1,0,1,0,0,127,1,9,0
479988,1,0,1,0,0,0,127,1,9,0
480002,0,1,0,1,0,0,127,1,9,0
480045,0,1,0,1,0,0,127,1,9,0
480106,0,1,0,1,0,0,127,1,9,0
480141,1,0,0,1,1,0,127,1,9,0
480263,1,0,0,1,1,0,127,1,9,0
480683,1,0,1,0,0,0,127,1,9,0
480862,1,0,1,0,0,0,127,1,9,0
480997,0,1,0,1,0,0,127,1,9,0
481054,0,0,1,1,0,0,127,1,9,0
481105,0,0,1,1,0,0,127,1,9,0
481239,0,1,0,1,0,0,127,1,9,0
481310,1,1,1,1,1,0,127,1,9,0
481333,0,0,1,1,0,0,127,1,9,0
481480,1,0,1,0,0,0,127,1,9,0
481532,0,1,1,0,1,0,127,1,9,0
481980,0,0,1,1,0,0,127,1,9,0
482007,1,1,0,0,0,0,127,1,9,0
482320,1,1,0,0,0,0,127,1,9,0
482401,0,0,1,1,0,0,127,1,9,0
482417,1,1,1,1,1,0,127,1,9,0
482680,0,1,1,0,1,0,127,1,9,0
482830,0,0,0,0,1,0,127,1,9,0
482838,1,1,0,0,0,0,127,1,9,0
482990,0,1,1,0,1,0,127,1,9,0
483065,1,0,1,0,0,0,127,1,9,0
483152,1,1,0,0,0,0,127,1,9,0
483397,1,0,0,1,1,0,127,1,9,0
483494,1,1,0,0,0,0,127,1,9,0
483664,0,1,0,1,0,0,127,1,9,0
483696,0,1,1,0,1,0,127,1,9,0
483712,0,1,1,0,1,0,127,1,9,0
483941,0,1,1,0,1,0,127,1,9,0
484008,0,0,0,0,1,0,127,1,9,0
484136,0,1,0,1,0,0,127,1,9,0
484178,1,0,1,0,0,0,127,1,9,0
484360,0,1,0,1,0,0,127,1,9,0
484366,1,1,1,1,1,0,127,1,9,0
484367,0,1,0,1,0,0,127,1,9,0
484646,1,1,1,1,1,0,127,1,9,0
484772,1,0,0,1,1,0,127,1,9,0
484913,1,0,0,1,1,0,127,1,9,0
484936,0,0,0,0,1,0,127,1,9,0
485034,0,0,1,1,0,0,127,1,9,0
485207,1,1,0,0,0,0,127,1,9,0
485472,1,1,0,0,0,0,127,1,9,0
485542,1,0,1,0,0,0,127,1,9,0
486120,1,0,1,0,0,0,127,1,9,0
486248,0,1,0,1,0,0,127,1,9,0
486273,1,1,1,1,1,0,127,1,9,0
486316,0,0,1,1,0,0,127,1,9,0
486708,0,1,1,0,1,0,127,1,9,0
486760,1,0,1,0,0,0,127,1,9,0
486765,1,0,1,0,0,0,127,1,9,0
486827,0,0,0,0,1,0,127,1,9,0
486892,0,1,0,1,0,0,127,1,9,0
486960,1,1,1,1,1,0,127,1,9,0
486998,1,0,1,0,0,0,127,1,9,0
487023,1,0,1,0,0,0,127,1,9,0
487024,0,1,1,0,1,0,127,1,9,0
487108,1,0,0,1,1,0,127,1,9,0
487164,0,1,1,0,1,0,127,1,9,0
487202,0,0,1,1,0,0,127,1,9,0
487294,0,0,1,1,0,0,127,1,9,0
487327,0,1,0,1,0,0,127,1,9,0
487356,0,1,1,0,1,0,127,1,9,0
487484,0,1,0,1,0,0,127,1,9,0
487500,0,1,0,1,0,0,127,1,9,0
487556,1,1,1,1,1,0,127,1,9,0
487824,0,1,1,0,1,0,127,1,9,0
487832,0,1,1,0,1,0,127,1,9,0
487849,0,1,1,0,1,0,127,1,9,0
487933,1,0,0,1,1,0,127,1,9,0
487959,0,1,0,1,0,0,127,1,9,0
488101,1,1,1,1,1,0,127,1,9,0
488166,0,0,0,0,1,0,127,1,9,0
488170,1,0,1,0,0,0,127,1,9,0
488316,1,0,0,1,1,0,127,1,9,0
488381,0,1,0,1,0,0,127,1,9,0
488410,1,0,0,1,1,0,127,1,9,0
488643,1,0,1,0,0,0,127,1,9,0
488751,0,1,0,1,0,0,127,1,9,0
488906,0,1,1,0,1,0,127,1,9,0
489049,1,0,0,1,1,0,127,1,9,0
489086,1,1,0,0,0,0,127,1,9,0
489106,0,0,0,0,1,0,127,1,9,0
489288,1,1,1,1,1,0,127,1,9,0
489392,1,1,1,1,1,0,127,1,9,0
489415,0,0,0,0,1,0,127,1,9,0
489691,0,1,1,0,1,0,127,1,9,0
489696,0,0,1,1,0,0,127,1,9,0
489787,1,0,1,0,0,0,127,1,9,0
489842,0,1,0,1,0,0,127,1,9,0
490175,0,1,0,1,0,0,127,1,9,0
490220,0,1,1,0,1,0,127,1,9,0
490464,1,0,1,0,0,0,127,1,9,0
490537,0,1,1,0,1,0,127,1,9,0
490634,1,0,0,1,1,0,127,1,9,0
490653,0,1,0,1,0,0,127,1,9,0
490800,1,1,1,1,1,0,127,1,9,0
490968,1,1,0,0,0,0,127,1,9,0
491109,0,1,0,1,0,0,127,1,9,0
491170,0,0,1,1,0,0,127,1,9,0
491261,1,1,0,0,0,0,127,1,9,0
491296,0,1,1,0,1,0,127,1,9,0
491300,0,0,1,1,0,0,127,1,9,0
491413,1,0,1,0,0,0,127,1,9,0
491466,1,0,0,1,1,0,127,1,9,0
491596,0,0,1,1,0,0,127,1,9,0
491606,1,0,1,0,0,0,127,1,9,0
491704,1,1,1,1,1,0,127,1,9,0
491928,1,0,1,0,0,0,127,1,9,0
492053,1,0,1,0,0,0,127,1,9,0
492056,1,0,0,1,1,0,127,1,9,0
492092,0,0,1,1,0,0,127,1,9,0
492201,0,0,1,1,0,0,127,1,9,0
492295,1,1,1,1,1,0,127,1,9,0
492310,1,1,0,0,0,0,127,1,9,0
492500,0,1,0,1,0,0,127,1,9,0
492568,0,1,0,1,0,0,127,1,9,0
492797,1,0,1,0,0,0,127,1,9,0
492990,0,1,1,0,1,0,127,1,9,0
493033,1,1,0,0,0,0,127,1,9,0
493180,0,0,1,1,0,0,127,1,9,0
493244,0,0,0,0,1,0,127,1,9,0
493420,1,0,1,0,0,0,127,1,9,0
493739,0,1,1,0,1,0,127,1,9,0
493818,1,0,0,1,1,0,127,1,9,0
494019,0,0,0,0,1,0,127,1,9,0
494022,1,0,0,1,1,0,127,1,9,0
494061,0,0,0,0,1,0,127,1,9,0
494098,0,0,1,1,0,0,127,1,9,0
494639,1,1,0,0,0,0,127,1,9,0
494802,1,1,1,1,1,0,127,1,9,0
494886,1,1,1,1,1,0,127,1,9,0
494897,0,0,1,1,0,0,127,1,9,0
495037,1,1,0,0,0,0,127,1,9,0
495050,0,0,0,0,1,0,127,1,9,0
495094,1,0,0,1,1,0,127,1,9,0
495096,1,0,1,0,0,0,127,1,9,0
495156,0,0,0,0,1,0,127,1,9,0
495196,0,0,0,0,1,0,127,1,9,0
495281,0,1,1,0,1,0,127,1,9,0
495404,0,1,0,1,0,0,127,1,9,0
495505,1,0,0,1,1,0,127,1,9,0
495634,1,1,0,0,0,0,127,1,9,0
495761,1,0,1,0,0,0,127,1,9,0
495779,0,0,1,1,0,0,127,1,9,0
496031,0,1,0,1,0,0,127,1,9,0
496099,0,1,0,1,0,0,127,1,9,0
496117,0,0,1,1,0,0,127,1,9,0
496829,0,0,1,1,0,0,127,1,9,0
496960,0,0,0,0,1,0,127,1,9,0
496999,0,1,0,1,0,0,127,1,9,0
497045,1,0,1,0,0,0,127,1,9,0
497069,1,1,1,1,1,0,127,1,9,0
497181,0,0,0,0,1,0,127,1,9,0
497262,0,1,0,1,0,0,127,1,9,0
497416,0,0,0,1,1,1,127,1,9,0
497459,1,0,0,1,1,0,127,1,9,0
497467,1,0,1,0,0,0,127,1,9,0
497632,1,1,0,0,0,0,127,1,9,0
497716,0,1,0,1,0,0,127,1,9,0
497857,1,0,1,1,0,0,127,1,9,0
497930,0,0,0,0,1,0,127,1,9,0
497966,0,1,1,0,1,0,127,1,9,0
498163,1,1,0,0,0,0,127,1,9,0
498246,0,0,0,0,1,0,127,1,9,0
498325,0,1,0,1,0,0,127,1,9,0
498371,1,1,0,0,0,0,127,1,9,0
498457,0,0,1,1,0,0,127,1,9,0
498526,1,0,0,1,1,0,127,1,9,0
498586,0,1,1,0,1,0,127,1,9,0
498845,1,1,1,1,1,0,127,1,9,0
498847,0,0,1,1,0,0,127,1,9,0
498914,0,0,1,1,0,0,127,1,9,0
498981,1,0,0,1,1,0,127,1,9,0
499007,0,1,0,1,0,0,127,1,9,0
499187,0,1,0,1,0,0,127,1,9,0
499578,0,1,0,1,0,0,127,1,9,0
499619,0,0,0,0,1,0,127,1,9,0
499803,1,0,0,1,1,0,127,1,9,0
499820,0,1,1,0,1,0,127,1,9,0
499859,1,1,1,1,1,0,127,1,9,0
499885,1,0,1,0,0,0,127,1,9,0
499905,0,1,0,1,0,0,127,1,9,0
499914,1,0,0,1,1,0,127,1,9,0
500170,1,0,1,0,0,0,127,1,9,0
500171,1,1,0,0,0,0,127,1,9,0
500330,1,1,1,1,1,0,127,1,9,0
500334,1,1,0,0,0,0,127,1,9,0
500450,1,1,0,0,0,0,127,1,9,0
500564,1,1,1,1,1,0,127,1,9,0
500662,0,1,1,0,1,0,127,1,9,0
500981,0,0,0,0,1,0,127,1,9,0
501187,0,0,0,0,1,0,127,1,9,0
501284,1,0,1,0,0,0,127,1,9,0
501436,0,0,1,1,0,0,127,1,9,0
501465,0,1,0,1,0,0,127,1,9,0
501548,1,1,1,1,1,0,127,1,9,0
501690,1,0,1,0,0,0,127,1,9,0
501702,0,1,0,1,0,0,127,1,9,0
501763,0,1,0,1,0,0,127,1,9,0
501808,0,0,1,1,0,0,127,1,9,0
502197,1,1,0,0,0,0,127,1,9,0
502245,0,0,1,1,0,0,127,1,9,0
502371,1,0,0,1,1,0,127,1,9,0
502394,0,1,1,0,1,0,127,1,9,0
502420,0,1,1,0,1,0,127,1,9,0
502444,0,1,1,0,1,0,127,1,9,0
502675,1,0,0,1,1,0,127,1,9,0
502731,0,1,1,0,1,0,127,1,9,0
502789,0,0,1,1,0,0,127,1,9,0
502926,1,1,0,0,0,0,127,1,9,0
502941,1,1,1,1,1,0,127,1,9,0
503004,0,1,1,0,1,0,127,1,9,0
503062,0,0,1,1,0,0,127,1,9,0
503182,0,0,0,0,1,0,127,1,9,0
503269,0,1,0,1,0,0,127,1,9,0
503401,0,0,0,0,1,0,127,1,9,0
503499,1,1,1,1,1,0,127,1,9,0
503693,1,0,0,1,1,0,127,1,9,0
503742,1,0,0,1,1,0,127,1,9,0
503756,1,1,0,0,0,0,127,1,9,0
503893,1,1,0,0,0,0,127,1,9,0
503947,0,1,0,1,0,0,127,1,9,0
504021,1,1,1,1,1,0,127,1,9,0
504287,0,1,0,1,0,0,127,1,9,0
504338,1,1,0,0,0,0,127,1,9,0
504387,0,0,0,0,1,0,127,1,9,0
504496,1,1,0,0,0,0,127,1,9,0
504534,0,0,1,1,0,0,127,1,9,0
504735,0,1,0,1,0,0,127,1,9,0
504792,1,1,1,1,1,0,127,1,9,0
504935,0,0,0,0,1,0,127,1,9,0
504937,1,1,1,1,1,0,127,1,9,0
505238,0,1,1,0,1,0,127,1,9,0
505267,0,1,1,0,1,0,127,1,9,0
505294,0,1,0,1,0,0,127,1,9,0
505320,1,0,1,0,0,0,127,1,9,0
505328,1,1,1,1,1,0,127,1,9,0
505330,1,0,0,1,1,0,127,1,9,0
505431,0,1,1,0,1,0,127,1,9,0
505502,0,1,0,1,0,0,127,1,9,0
505569,0,1,0,1,0,0,127,1,9,0
505743,1,1,0,0,0,0,127,1,9,0
505800,1,1,0,0,0,0,127,1,9,0
505862,1,0,0,1,1,0,127,1,9,0
505920,0,1,1,0,1,0,127,1,9,0
505979,0,0,1,1,0,0,127,1,9,0
506097,0,0,0,0,1,0,127,1,9,0
506316,1,0,0,0,1,1,127,1,9,0
506555,0,0,1,1,0,0,127,1,9,0
506571,1,1,1,1,1,0,127,1,9,0
506667,1,0,0,1,1,0,127,1,9,0
506707,0,0,0,0,1,0,127,1,9,0
506722,1,0,0,1,1,0,127,1,9,0
506884,0,1,1,0,1,0,127,1,9,0
506935,1,1,0,0,0,0,127,1,9,0
507003,0,0,0,0,1,0,127,1,9,0
507014,0,0,1,1,0,0,127,1,9,0
507019,1,0,0,1,1,0,127,1,9,0
507313,1,0,1,0,0,0,127,1,9,0
507346,1,0,1,0,0,0,127,1,9,0
507358,1,1,0,0,0,0,127,1,9,0
507359,0,0,0,0,1,0,127,1,9,0
507380,1,0,1,0,0,0,127,1,9,0
507552,0,1,1,1,1,1,127,1,9,0
507749,0,0,1,1,0,0,127,1,9,0
507821,0,1,0,1,0,0,127,1,9,0
507848,0,1,1,0,1,0,127,1,9,0
508030,1,0,0,1,1,0,127,1,9,0
508033,1,1,1,1,1,0,127,1,9,0
508381,1,1,0,0,0,0,127,1,9,0
508406,0,0,0,0,1,0,127,1,9,0
508618,1,1,1,1,1,0,127,1,9,0
508648,1,0,0,1,1,0,127,1,9,0
508756,0,0,1,1,0,0,127,1,9,0
508963,1,0,1,0,0,0,127,1,9,0
508969,1,1,0,0,0,0,127,1,9,0
509165,1,1,0,0,0,0,127,1,9,0
509192,0,0,1,1,0,0,127,1,9,0
509235,0,0,1,1,0,0,127,1,9,0
509363,0,1,0,1,0,0,127,1,9,0
509465,1,0,0,1,1,0,127,1,9,0
509497,1,1,0,0,0,0,127,1,9,0
509858,1,1,0,0,0,0,127,1,9,0
510001,1,0,1,1,0,0,127,1,9,0
510034,0,1,1,0,1,0,127,1,9,0
510171,1,0,0,1,1,0,127,1,9,0
510233,1,1,1,1,1,0,127,1,9,0
510291,1,1,0,0,0,0,127,1,9,0
510307,1,0,1,0,0,0,127,1,9,0
510438,0,0,1,1,0,0,127,1,9,0
510470,1,0,0,1,1,0,127,1,9,0
510486,0,1,1,0,1,0,127,1,9,0
510559,0,1,1,0,1,0,127,1,9,0
510586,0,0,0,0,1,0,127,1,9,0
510621,0,0,0,0,1,0,127,1,9,0
510659,0,1,0,1,0,0,127,1,9,0
510730,1,0,1,0,0,0,127,1,9,0
511009,0,0,0,0,1,0,127,1,9,0
511166,1,1,1,1,1,0,127,1,9,0
511485,1,1,1,1,1,0,127,1,9,0
511544,0,1,0,1,0,0,127,1,9,0
511565,0,1,1,1,1,1,127,1,9,0
511760,0,0,1,1,0,0,127,1,9,0
511999,0,1,0,1,0,0,127,1,9,0
512022,1,0,0,1,1,0,127,1,9,0
512077,0,1,0,1,0,0,127,1,9,0
512146,1,0,0,1,1,0,127,1,9,0
512160,1,0,0,1,1,0,127,1,9,0
512578,1,1,1,1,1,0,127,1,9,0
512787,0,1,1,0,1,0,127,1,9,0
512937,0,0,1,1,0,0,127,1,9,0
512952,0,1,1,0,1,0,127,1,9,0
513099,1,0,1,0,0,0,127,1,9,0
513249,0,1,1,0,1,0,127,1,9,0
513366,1,1,1,1,1,0,127,1,9,0
513614,1,0,0,1,1,0,127,1,9,0
513697,0,1,0,1,0,0,127,1,9,0
513779,0,0,0,0,1,0,127,1,9,0
513922,1,1,0,0,0,0,127,1,9,0
514052,0,0,0,0,1,0,127,1,9,0
514115,0,0,1,1,0,0,127,1,9,0
514255,0,1,1,0,1,0,127,1,9,0
514289,0,1,0,1,0,0,127,1,9,0
514435,1,1,0,0,0,0,127,1,9,0
514476,0,1,0,1,0,0,127,1,9,0
514492,0,0,0,0,1,0,127,1,9,0
514670,1,0,0,1,1,0,127,1,9,0
514750,1,1,0,0,0,0,127,1,9,0
514829,1,1,0,0,0,0,127,1,9,0
515031,0,1,0,1,0,0,127,1,9,0
515055,1,0,0,1,1,0,127,1,9,0
515088,0,1,1,0,1,0,127,1,9,0
515167,1,0,0,1,1,0,127,1,9,0
515350,1,1,0,0,0,0,127,1,9,0
515401,0,1,1,0,1,0,127,1,9,0
515405,1,0,0,1,1,0,127,1,9,0
515410,0,1,1,0,1,0,127,1,9,0
515469,0,0,1,1,0,0,127,1,9,0
515557,1,1,1,1,1,0,127,1,9,0
515564,1,1,1,1,1,0,127,1,9,0
515600,0,0,1,1,0,0,127,1,9,0
515847,0,0,0,0,1,0,127,1,9,0
515908,0,1,1,0,1,0,127,1,9,0
516167,1,1,0,0,0,0,127,1,9,0
516173,1,1,1,1,1,0,127,1,9,0
516223,1,1,1,1,1,0,127,1,9,0
516289,0,0,1,0,0,0,127,1,9,0
516374,1,1,1,1,1,0,127,1,9,0
516420,0,0,0,0,1,0,127,1,9,0
516457,0,0,1,1,0,0,127,1,9,0
516551,1,1,1,1,1,0,127,1,9,0
516721,0,1,1,0,1,0,127,1,9,0
516776,1,0,1,0,0,0,127,1,9,0
516801,1,1,0,0,0,0,127,1,9,0
516920,1,1,0,0,0,0,127,1,9,0
516962,0,0,0,0,1,0,127,1,9,0
517081,0,0,1,1,0,0,127,1,9,0
517138,0,0,1,1,0,0,127,1,9,0
517150,1,0,0,1,1,0,127,1,9,0
517198,1,0,0,1,1,0,127,1,9,0
517201,0,0,0,0,1,0,127,1,9,0
517204,1,1,0,0,0,0,127,1,9,0
517301,1,0,0,1,1,0,127,1,9,0
517320,1,1,0,0,0,0,127,1,9,0
517363,1,1,1,1,1,0,127,1,9,0
517399,0,1,0,1,0,0,127,1,9,0
517747,0,1,0,1,0,0,127,1,9,0
517869,1,0,0,1,1,0,127,1,9,0
517955,1,0,1,0,0,0,127,1,9,0
518026,0,0,0,0,1,0,127,1,9,0
518269,1,1,1,1,1,0,127,1,9,0
518377,0,1,1,0,1,0,127,1,9,0
518447,0,1,0,1,0,0,127,1,9,0
518739,0,1,0,1,0,0,127,1,9,0
518934,1,0,0,1,1,0,127,1,9,0
519347,0,0,0,0,1,0,127,1,9,0
519435,1,0,0,1,1,0,127,1,9,0
519455,0,1,1,0,1,0,127,1,9,0
519464,0,0,0,0,1,0,127,1,9,0
519509,0,0,0,0,1,0,127,1,9,0
519615,1,1,0,0,0,0,127,1,9,0
519652,1,0,0,1,1,0,127,1,9,0
519897,0,1,1,0,1,0,127,1,9,0
520050,1,0,0,1,1,0,127,1,9,0
520605,1,1,1,1,1,0,127,1,9,0
520611,0,1,0,1,0,0,127,1,9,0
520651,1,0,0,1,1,0,127,1,9,0
520735,1,0,1,0,0,0,127,1,9,0
521100,0,1,0,1,0,0,127,1,9,0
521143,1,1,1,1,1,0,127,1,9,0
521205,0,1,1,0,1,0,127,1,9,0
521251,0,0,0,1,1,1,127,1,9,0
521365,0,0,1,1,0,0,127,1,9,0
521399,0,0,0,0,1,0,127,1,9,0
521499,1,0,0,1,1,0,127,1,9,0
521505,1,1,0,0,0,0,127,1,9,0
521795,1,0,0,1,1,0,127,1,9,0
521825,1,1,0,0,0,0,127,1,9,0
521836,0,1,0,1,0,0,127,1,9,0
521932,0,1,1,0,1,0,127,1,9,0
521937,1,0,0,1,1,0,127,1,9,0
522070,0,1,0,1,0,0,127,1,9,0
522101,1,0,0,1,1,0,127,1,9,0
522115,0,1,0,1,0,0,127,1,9,0
522205,1,0,1,0,0,0,127,1,9,0
522218,1,0,0,1,1,0,127,1,9,0
522376,0,0,1,1,0,0,127,1,9,0
522537,0,0,1,1,0,0,127,1,9,0
522653,0,1,0,1,0,0,127,1,9,0
522798,0,1,0,1,0,0,127,1,9,0
522836,0,0,1,1,0,0,127,1,9,0
522934,0,0,0,0,1,0,127,1,9,0
523002,1,0,1,0,0,0,127,1,9,0
523077,0,0,0,0,1,0,127,1,9,0
523217,0,1,0,1,0,0,127,1,9,0
523357,0,0,0,0,1,0,127,1,9,0
523408,1,1,0,0,0,0,127,1,9,0
523418,0,0,1,1,0,0,127,1,9,0
523524,1,1,1,1,1,0,127,1,9,0
523628,0,1,0,1,0,0,127,1,9,0
523649,1,1,1,1,1,0,127,1,9,0
523657,0,1,0,1,0,0,127,1,9,0
523701,1,0,1,0,0,0,127,1,9,0
523776,1,1,0,0,0,0,127,1,9,0
524049,1,1,1,1,1,0,127,1,9,0
524106,0,0,1,1,0,0,127,1,9,0
524112,0,0,1,1,0,0,127,1,9,0
524134,1,0,1,0,0,0,127,1,9,0
524160,1,0,0,0,1,1,127,1,9,0
524335,1,0,0,1,1,0,170,1,9,1
524346,0,1,0,1,0,0,170,1,9,1
524577,0,0,0,0,1,0,170,1,9,1
524748,0,0,0,0,1,0,170,1,9,1
524806,1,0,0,1,1,0,170,1,9,1
524813,0,1,1,0,1,0,170,1,9,1
524838,1,1,1,1,1,0,170,1,9,1
524950,1,1,1,1,1,0,170,1,9,1
524977,1,0,0,1,1,0,170,1,9,1
525103,0,0,0,0,1,0,170,1,9,1
525113,1,0,1,0,0,0,170,1,9,1
525194,1,0,0,1,1,0,170,1,9,1
525244,1,0,1,0,0,0,170,1,9,1
525270,1,1,0,0,0,0,170,1,9,1
525431,1,0,0,1,1,0,170,1,9,1
525474,0,1,1,0,1,0,170,1,9,1
525498,0,0,1,1,0,0,170,1,9,1
525594,0,1,1,0,1,0,170,1,9,1
525703,0,0,1,1,0,0,170,1,9,1
525724,1,0,1,0,0,0,170,1,9,1
525770,1,0,0,1,1,0,170,1,9,1
525801,1,1,0,0,0,0,170,1,9,1
525858,1,1,1,1,1,0,170,1,9,1
526047,1,0,1,0,0,0,170,1,9,1
526067,0,1,1,0,1,0,170,1,9,1
526080,0,1,0,1,0,0,170,1,9,1
526159,0,0,0,0,1,0,170,1,9,1
526234,1,0,1,0,0,0,170,1,9,1
526282,0,0,0,0,1,0,170,1,9,1
526350,0,0,1,1,0,0,170,1,9,1
526397,1,0,1,0,0,0,170,1,9,1
526459,0,1,1,0,1,0,170,1,9,1
526484,0,0,0,0,1,0,170,1,9,1
526515,0,0,0,0,1,0,170,1,9,1
526588,0,0,0,0,1,0,170,1,9,1
526801,1,1,0,0,0,0,170,1,9,1
526825,0,1,1,0,1,0,170,1,9,1
526882,0,0,0,0,1,0,170,1,9,1
526935,1,0,1,0,0,0,170,1,9,1
527016,0,0,1,1,0,0,170,1,9,1
527029,1,0,1,0,0,0,170,1,9,1
527042,0,1,1,0,1,0,170,1,9,1
527046,0,0,0,0,1,0,170,1,9,1
527263,0,1,0,1,0,0,170,1,9,1
527351,1,1,0,0,0,0,170,1,9,1
527368,1,0,0,1,1,0,170,1,9,1
527425,0,1,1,0,1,0,170,1,9,1
527618,0,1,1,0,1,0,170,1,9,1
527628,0,0,1,1,0,0,170,1,9,1
527697,1,1,0,0,0,0,170,1,9,1
527814,0,1,1,0,1,0,170,1,9,1
527817,0,0,0,0,1,0,170,1,9,1
527948,1,0,1,0,0,0,170,1,9,1
527984,0,1,1,0,1,0,170,1,9,1
528331,0,0,1,1,0,0,170,1,9,1
528386,1,0,0,1,1,0,170,1,9,1
528397,1,1,1,1,1,0,170,1,9,1
528511,1,0,1,0,0,0,170,1,9,1
528667,0,0,0,0,1,0,170,1,9,1
528743,1,0,1,0,0,0,170,1,9,1
528768,0,0,0,0,1,0,170,1,9,1
528769,0,0,1,1,0,0,170,1,9,1
528957,1,0,0,1,1,0,170,1,9,1
529007,0,0,1,1,0,0,170,1,9,1
529016,0,0,0,0,1,0,170,1,9,1
529030,0,1,0,1,0,0,170,1,9,1
529224,1,0,1,0,0,0,170,1,9,1
529256,1,1,0,0,0,0,170,1,9,1
529306,1,1,0,0,0,0,170,1,9,1
529346,0,0,1,1,0,0,170,1,9,1
529447,0,0,1,1,0,0,170,1,9,1
529482,0,0,0,0,1,0,170,1,9,1
529533,1,1,1,1,1,0,170,1,9,1
529651,1,1,1,1,1,0,170,1,9,1
529732,0,0,1,1,0,0,170,1,9,1
529772,1,1,0,0,0,0,170,1,9,1
529819,0,0,1,1,0,0,170,1,9,1
529848,0,1,0,1,0,0,170,1,9,1
529920,0,0,0,0,1,0,170,1,9,1
529921,0,0,0,0,1,0,170,1,9,1
529933,1,0,0,1,1,0,170,1,9,1
529962,1,0,0,1,1,0,170,1,9,1
529973,0,0,0,0,1,0,170,1,9,1
529987,1,1,1,1,1,0,170,1,9,1
530141,1,1,0,0,0,0,170,1,9,1
530145,1,1,1,1,1,0,170,1,9,1
530288,1,0,0,1,1,0,170,1,9,1
530289,0,1,1,0,1,0,170,1,9,1
530307,1,1,1,1,1,0,170,1,9,1
530368,1,0,1,0,0,0,170,1,9,1
530488,1,0,0,1,1,0,170,1,9,1
530576,0,1,1,0,1,0,170,1,9,1
530653,1,1,0,0,0,0,170,1,9,1
530685,1,0,1,0,0,0,170,1,9,1
530693,0,0,1,1,0,0,170,1,9,1
530710,0,1,0,1,0,0,170,1,9,1
530744,1,0,0,1,1,0,170,1,9,1
530745,1,0,0,1,1,0,170,1,9,1
530846,1,1,0,0,0,0,170,1,9,1
530850,0,0,1,1,0,0,170,1,9,1
530864,0,1,0,1,0,0,170,1,9,1
531014,1,0,1,0,0,0,170,1,9,1
531029,0,0,0,0,1,0,170,1,9,1
531059,1,1,1,1,1,0,170,1,9,1
531303,0,1,0,1,0,0,170,1,9,1
531325,0,0,0,0,1,0,170,1,9,1
531327,1,1,0,0,0,0,170,1,9,1
531497,1,1,1,1,1,0,170,1,9,1
531528,0,0,0,1,1,1,170,1,9,1
531568,0,0,0,0,1,0,170,1,9,1
531616,0,1,1,0,1,0,170,1,9,1
531639,0,0,0,0,1,0,170,1,9,1
531690,0,0,1,1,0,0,170,1,9,1
531732,0,0,0,0,1,0,170,1,9,1
531825,1,1,0,0,0,0,170,1,9,1
532023,0,0,1,1,0,0,170,1,9,1
532027,1,0,1,0,0,0,170,1,9,1
532129,1,1,0,0,0,0,170,1,9,1
532145,1,0,0,1,1,0,170,1,9,1
532169,1,1,1,1,1,0,170,1,9,1
532326,0,0,1,1,0,0,170,1,9,1
532352,0,1,1,0,1,0,170,1,9,1
532504,0,1,0,1,0,0,170,1,9,1
532557,1,1,1,1,1,0,170,1,9,1
532593,0,0,0,0,1,0,170,1,9,1
532641,1,0,1,1,0,0,170,1,9,1
532719,0,0,1,1,0,0,170,1,9,1
532882,1,0,0,1,1,0,170,1,9,1
532911,1,0,1,0,0,0,170,1,9,1
532913,0,1,0,1,0,0,170,1,9,1
533048,0,0,0,0,1,0,170,1,9,1
533054,0,1,0,1,0,0,170,1,9,1
533221,0,1,0,1,0,0,170,1,9,1
533288,1,0,0,1,1,0,170,1,9,1
533390,0,0,1,1,0,0,170,1,9,1
533509,0,0,1,1,0,0,170,1,9,1
533526,0,0,0,0,1,0,170,1,9,1
533621,1,1,0,0,0,0,170,1,9,1
533630,1,0,1,0,0,0,170,1,9,1
533637,1,0,0,1,1,0,170,1,9,1
533840,0,1,1,0,1,0,170,1,9,1
533856,1,1,0,0,0,0,170,1,9,1
533884,0,1,1,0,1,0,170,1,9,1
534014,0,1,0,1,0,0,170,1,9,1
534033,1,1,0,0,0,0,170,1,9,1
534087,1,0,0,1,1,0,170,1,9,1
534188,0,1,0,1,0,0,170,1,9,1
534204,1,0,0,1,1,0,170,1,9,1
534273,0,1,0,1,0,0,170,1,9,1
534330,1,1,0,0,0,0,170,1,9,1
534332,0,1,0,1,0,0,170,1,9,1
534362,1,1,1,1,1,0,170,1,9,1
534390,1,0,1,0,0,0,170,1,9,1
534540,1,1,0,0,0,0,170,1,9,1
534778,1,0,0,1,1,0,170,1,9,1
534915,1,0,0,1,1,0,170,1,9,1
534971,1,1,0,0,0,0,170,1,9,1
535038,0,1,1,0,1,0,170,1,9,1
535062,1,1,1,1,1,0,170,1,9,1
535122,0,1,1,0,1,0,170,1,9,1
535124,0,0,0,0,1,0,170,1,9,1
535285,0,0,1,1,0,0,170,1,9,1
535383,0,0,0,0,1,0,170,1,9,1
535409,1,0,1,0,0,0,170,1,9,1
535418,1,0,1,0,0,0,170,1,9,1
535538,1,1,0,0,0,0,170,1,9,1
535584,0,0,1,1,0,0,170,1,9,1
535617,1,1,1,1,1,0,170,1,9,1
535704,0,0,0,0,1,0,170,1,9,1
535725,1,0,0,1,1,0,170,1,9,1
535827,0,1,0,1,0,0,170,1,9,1
535831,1,0,1,0,0,0,170,1,9,1
535839,0,1,1,0,1,0,170,1,9,1
535851,1,0,0,1,1,0,170,1,9,1
535892,1,0,0,1,1,0,170,1,9,1
535917,1,1,0,0,0,0,170,1,9,1
535922,1,0,1,0,0,0,170,1,9,1
536013,0,0,1,1,0,0,170,1,9,1
536032,1,1,0,0,0,0,170,1,9,1
536064,0,1,1,0,1,0,170,1,9,1
536176,0,0,1,1,0,0,170,1,9,1
536186,1,0,0,1,1,0,170,1,9,1
536313,1,1,0,0,0,0,170,1,9,1
536467,0,0,0,0,1,0,170,1,9,1
536608,1,1,0,0,0,0,170,1,9,1
536698,1,1,1,1,1,0,170,1,9,1
536699,1,0,0,1,1,0,170,1,9,1
536738,0,0,1,1,0,0,170,1,9,1
536900,0,1,0,1,0,0,170,1,9,1
536997,0,0,1,1,0,0,170,1,9,1
537060,1,0,1,0,0,0,170,1,9,1
537079,0,1,1,0,1,0,170,1,9,1
537086,0,0,1,1,0,0,170,1,9,1
537111,1,1,1,1,1,0,170,1,9,1
537130,1,0,1,1,0,0,170,1,9,1
537137,0,0,0,0,1,0,170,1,9,1
537418,0,0,1,1,0,0,170,1,9,1
537658,0,0,1,1,0,0,170,1,9,1
537673,0,1,0,1,0,0,170,1,9,1
537785,1,1,0,0,0,0,170,1,9,1
537811,1,1,0,0,0,0,170,1,9,1
537819,0,0,1,1,0,0,170,1,9,1
537829,1,0,0,1,1,0,170,1,9,1
537912,0,0,1,1,0,0,170,1,9,1
537924,1,1,0,0,0,0,170,1,9,1
538039,0,0,0,0,1,0,170,1,9,1
538102,0,1,1,0,1,0,170,1,9,1
538127,0,1,1,0,1,0,170,1,9,1
538235,0,1,1,0,1,0,170,1,9,1
538338,0,1,1,0,1,0,170,1,9,1
538457,0,0,0,0,1,0,170,1,9,1
538499,1,1,0,0,0,0,170,1,9,1
538505,1,0,0,1,1,0,170,1,9,1
538523,0,1,0,1,0,0,170,1,9,1
538552,0,1,0,1,0,0,170,1,9,1
538585,1,1,0,0,0,0,170,1,9,1
538729,0,1,1,0,1,0,170,1,9,1
538872,1,1,1,1,1,0,170,1,9,1
538888,0,0,1,1,0,0,170,1,9,1
539075,1,1,0,0,0,0,170,1,9,1
539375,0,1,1,0,1,0,170,1,9,1
539388,1,0,0,1,1,0,170,1,9,1
539459,0,0,0,0,1,0,170,1,9,1
539490,1,0,0,1,1,0,170,1,9,1
539576,0,0,0,0,1,0,170,1,9,1
539608,1,1,1,1,1,0,170,1,9,1
539694,1,1,0,0,0,0,170,1,9,1
539811,1,0,0,1,1,0,170,1,9,1
539868,0,0,1,1,0,0,170,1,9,1
539957,1,0,1,0,0,0,170,1,9,1
539973,1,1,0,0,0,0,170,1,9,1
540014,0,1,0,1,0,0,170,1,9,1
540024,0,1,0,1,0,0,170,1,9,1
540125,0,1,1,0,1,0,170,1,9,1
540279,0,0,1,1,0,0,170,1,9,1
540354,1,1,0,0,0,0,170,1,9,1
540472,1,1,1,1,1,0,170,1,9,1
540481,0,1,1,0,1,0,170,1,9,1
540499,1,1,1,1,1,0,170,1,9,1
540503,0,1,0,1,0,0,170,1,9,1
540585,0,0,0,0,1,0,170,1,9,1
540662,1,1,0,0,0,0,170,1,9,1
540718,1,1,1,1,1,0,170,1,9,1
540722,1,1,1,1,1,0,170,1,9,1
540910,1,1,0,0,0,0,170,1,9,1
540946,1,1,0,0,0,0,170,1,9,1
540970,1,1,1,1,1,0,170,1,9,1
540974,0,0,1,1,0,0,170,1,9,1
541142,1,0,0,1,1,0,170,1,9,1
541172,1,1,1,1,1,0,170,1,9,1
541346,1,0,1,0,0,0,170,1,9,1
541396,1,1,0,0,0,0,170,1,9,1
541475,0,1,1,0,1,0,170,1,9,1
541507,1,0,1,0,0,0,170,1,9,1
541509,0,1,1,0,1,0,170,1,9,1
541582,1,0,0,1,1,0,170,1,9,1
541659,0,0,1,1,0,0,170,1,9,1
541722,1,1,0,0,0,0,170,1,9,1
541784,0,0,0,0,1,0,170,1,9,1
541884,0,0,1,1,0,0,170,1,9,1
541892,1,0,0,1,1,0,170,1,9,1
542051,0,0,0,0,1,0,170,1,9,1
542095,0,1,0,1,0,0,170,1,9,1
542127,1,0,1,0,0,0,170,1,9,1
542264,1,1,1,1,1,0,170,1,9,1
542392,1,1,0,0,0,0,170,1,9,1
542437,1,0,1,0,0,0,170,1,9,1
542456,0,0,1,1,0,0,170,1,9,1
542536,1,0,1,0,0,0,170,1,9,1
542542,1,1,0,0,0,0,170,1,9,1
542615,1,1,1,1,1,0,170,1,9,1
542652,1,1,0,0,0,0,170,1,9,1
542753,0,0,1,1,0,0,170,1,9,1
542863,1,1,1,1,1,0,170,1,9,1
543005,1,0,0,1,1,0,170,1,9,1
543751,1,1,0,0,0,0,170,1,9,1
543831,0,1,0,1,0,0,170,1,9,1
543997,1,1,0,0,0,0,170,1,9,1
544001,1,1,0,0,0,0,170,1,9,1
544038,1,0,1,0,0,0,170,1,9,1
544046,0,0,0,0,1,0,170,1,9,1
544064,0,1,0,1,0,0,170,1,9,1
544192,0,0,1,1,0,0,170,1,9,1
544220,0,1,1,0,1,0,170,1,9,1
544375,0,1,1,0,1,0,170,1,9,1
544391,0,1,1,0,1,0,170,1,9,1
544510,1,1,1,1,1,0,170,1,9,1
544551,1,0,0,1,1,0,170,1,9,1
544570,0,0,1,1,0,0,170,1,9,1
544710,1,1,1,1,1,0,170,1,9,1
544948,1,0,0,1,1,0,170,1,9,1
544952,1,0,1,0,0,0,170,1,9,1
545082,1,0,0,1,1,0,170,1,9,1
545159,1,1,1,1,1,0,170,1,9,1
545187,0,0,0,0,1,0,170,1,9,1
545208,1,1,0,0,0,0,170,1,9,1
545687,0,0,1,1,0,0,170,1,9,1
545740,1,0,1,0,0,0,170,1,9,1
545831,0,0,0,0,1,0,170,1,9,1
545893,1,0,0,1,1,0,170,1,9,1
546161,0,0,0,0,1,0,170,1,9,1
546180,1,0,0,1,1,0,170,1,9,1
546186,1,1,0,0,0,0,170,1,9,1
546238,0,0,1,1,0,0,170,1,9,1
546672,0,1,1,0,1,0,170,1,9,1
546881,1,0,1,0,0,0,170,1,9,1
546935,0,0,1,1,0,0,170,1,9,1
547256,0,1,1,1,1,1,170,1,9,1
547264,1,0,1,0,0,0,170,1,9,1
547454,1,0,1,0,0,0,170,1,9,1
547538,0,1,1,0,1,0,170,1,9,1
547550,1,1,0,0,0,0,170,1,9,1
547598,0,1,0,1,0,0,170,1,9,1
547621,0,1,0,1,0,0,170,1,9,1
547664,1,1,1,1,1,0,170,1,9,1
547734,0,1,1,0,1,0,170,1,9,1
547810,0,1,0,1,0,0,170,1,9,1
547823,0,1,1,0,1,0,170,1,9,1
548025,1,0,1,0,0,0,170,1,9,1
548052,1,0,0,1,1,0,170,1,9,1
548163,0,0,0,0,1,0,170,1,9,1
548182,1,1,1,1,1,0,170,1,9,1
548213,0,1,1,0,1,0,170,1,9,1
548395,1,1,1,1,1,0,170,1,9,1
548407,1,1,0,0,0,0,170,1,9,1
548839,1,0,1,0,0,0,170,1,9,1
548861,0,1,0,1,0,0,170,1,9,1
548941,0,1,0,1,0,0,170,1,9,1
549010,1,1,0,0,0,0,170,1,9,1
549036,0,0,1,1,0,0,170,1,9,1
549089,0,1,0,1,0,0,170,1,9,1
549620,1,1,1,1,1,0,170,1,9,1
549628,0,0,0,0,1,0,170,1,9,1
549694,1,1,1,1,1,0,170,1,9,1
549807,1,0,1,0,0,0,170,1,9,1
549871,1,1,0,0,0,0,170,1,9,1
549951,0,1,0,1,0,0,170,1,9,1
549968,0,1,1,0,1,0,170,1,9,1
549988,0,0,1,1,0,0,170,1,9,1
550076,0,0,0,0,1,0,170,1,9,1
550100,0,0,1,1,0,0,170,1,9,1
550133,1,0,1,0,0,0,170,1,9,1
550146,0,1,0,1,0,0,170,1,9,1
550593,0,0,0,0,1,0,170,1,9,1
550622,1,1,1,1,1,0,170,1,9,1
550682,0,1,1,0,1,0,170,1,9,1
550788,0,1,1,0,1,0,170,1,9,1
550864,1,0,0,1,1,0,170,1,9,1
550921,1,0,0,1,1,0,170,1,9,1
550926,0,1,1,0,1,0,170,1,9,1
550966,0,1,1,0,1,0,170,1,9,1
550994,0,1,1,0,1,0,170,1,9,1
551039,1,1,0,0,0,0,170,1,9,1
551080,0,1,0,1,0,0,170,1,9,1
551235,1,1,0,0,0,0,170,1,9,1
551238,1,1,1,1,1,0,170,1,9,1
551544,0,1,1,0,1,0,170,1,9,1
551557,1,0,1,0,0,0,170,1,9,1
551995,1,1,0,0,0,0,170,1,9,1
552133,0,1,0,1,0,0,170,1,9,1
552168,1,1,1,1,1,0,170,1,9,1
552198,0,1,0,1,0,0,170,1,9,1
552290,1,0,1,0,0,0,170,1,9,1
552306,0,0,0,0,1,0,170,1,9,1
552326,1,1,0,0,0,0,170,1,9,1
552481,0,1,1,0,1,0,170,1,9,1
552482,1,0,0,1,1,0,170,1,9,1
552526,1,1,1,1,1,0,170,1,9,1
552619,1,0,1,0,0,0,170,1,9,1
552682,1,0,0,1,1,0,170,1,9,1
552782,0,0,1,1,0,0,170,1,9,1
552865,0,0,0,0,1,0,170,1,9,1
552915,0,1,1,0,1,0,170,1,9,1
552957,0,1,0,1,0,0,170,1,9,1
553056,1,0,1,0,0,0,170,1,9,1
553100,0,0,1,1,0,0,170,1,9,1
553101,0,0,1,1,0,0,170,1,9,1
553104,1,1,0,0,0,0,170,1,9,1
553136,1,1,0,0,0,0,170,1,9,1
553264,1,0,1,0,0,0,170,1,9,1
553368,0,0,0,0,1,0,170,1,9,1
553456,0,0,1,0,0,0,170,1,9,1
553716,1,0,0,1,1,0,170,1,9,1
553785,0,0,0,0,1,0,170,1,9,1
553827,0,1,1,0,1,0,170,1,9,1
553828,1,0,1,0,0,0,170,1,9,1
553831,1,1,1,1,1,0,170,1,9,1
553893,1,0,1,0,0,0,170,1,9,1
553940,0,0,1,1,0,0,170,1,9,1
554166,0,1,0,1,0,0,170,1,9,1
554214,0,0,1,1,0,0,170,1,9,1
554245,1,1,0,0,0,0,170,1,9,1
554264,1,1,1,1,1,0,170,1,9,1
554636,1,1,1,1,1,0,170,1,9,1
554727,0,1,0,1,0,0,170,1,9,1
554745,0,1,0,1,0,0,170,1,9,1
554760,0,0,0,0,1,0,170,1,9,1
554771,0,1,1,1,1,1,170,1,9,1
554838,1,0,0,1,1,0,170,1,9,1
554948,1,1,0,0,0,0,170,1,9,1
554956,0,1,1,0,1,0,170,1,9,1
554974,1,0,1,0,0,0,170,1,9,1
554992,1,1,0,0,0,0,170,1,9,1
555009,0,0,1,1,0,0,170,1,9,1
555046,1,0,1,0,0,0,170,1,9,1
555213,1,0,0,1,1,0,170,1,9,1
555256,1,0,0,1,1,0,170,1,9,1
555267,0,0,1,1,0,0,170,1,9,1
555284,0,0,1,1,0,0,170,1,9,1
555460,0,1,0,1,0,0,170,1,9,1
555516,1,1,1,1,1,0,170,1,9,1
555597,1,0,1,0,0,0,170,1,9,1
555679,1,0,1,0,0,0,170,1,9,1
555694,0,1,1,0,1,0,170,1,9,1
555719,0,0,1,1,0,0,170,1,9,1
555759,1,1,0,1,0,0,170,1,9,1
555924,1,0,1,0,0,0,170,1,9,1
555966,1,1,0,0,0,0,170,1,9,1
556000,0,0,1,1,0,0,170,1,9,1
556253,0,1,1,0,1,0,170,1,9,1
556324,0,1,1,0,1,0,170,1,9,1
556329,1,1,0,0,0,0,170,1,9,1
556615,0,0,1,1,0,0,170,1,9,1
556675,0,0,0,1,1,1,170,1,9,1
556799,0,1,1,0,1,0,170,1,9,1
556873,1,1,1,1,1,0,170,1,9,1
557099,0,0,1,1,0,0,170,1,9,1
557237,0,1,1,0,1,0,170,1,9,1
557317,0,0,0,0,1,0,170,1,9,1
557329,1,0,0,1,1,0,170,1,9,1
557441,1,1,0,0,0,0,170,1,9,1
557470,0,1,1,0,1,0,170,1,9,1
557490,1,0,1,0,0,0,170,1,9,1
557522,0,0,1,1,0,0,170,1,9,1
557525,1,0,1,0,0,0,170,1,9,1
557569,0,1,0,1,0,0,170,1,9,1
557578,0,1,0,1,0,0,170,1,9,1
557633,0,1,1,0,1,0,170,1,9,1
557648,1,1,1,1,1,0,170,1,9,1
557790,0,1,1,0,1,0,170,1,9,1
557848,1,0,0,1,1,0,170,1,9,1
557904,0,0,1,1,0,0,170,1,9,1
557913,0,1,1,0,1,0,170,1,9,1
557952,0,1,0,1,0,0,170,1,9,1
558108,1,1,0,0,0,0,170,1,9,1
558124,1,1,1,1,1,0,170,1,9,1
558180,1,0,0,1,1,0,170,1,9,1
558189,0,1,0,1,0,0,170,1,9,1
558216,1,1,1,1,1,0,170,1,9,1
558293,1,1,1,1,1,0,170,1,9,1
558296,1,1,0,0,0,0,170,1,9,1
558346,1,1,0,0,0,0,170,1,9,1
558518,0,1,1,0,1,0,170,1,9,1
558704,0,1,1,0,1,0,170,1,9,1
559080,0,1,0,1,0,0,170,1,9,1
559358,0,0,0,0,1,0,170,1,9,1
559553,0,1,0,1,0,0,170,1,9,1
559663,1,0,1,0,0,0,170,1,9,1
560165,0,1,1,0,1,0,170,1,9,1
560252,1,0,0,1,1,0,170,1,9,1
560381,1,0,0,1,1,0,170,1,9,1
560530,1,1,0,0,0,0,170,1,9,1
560632,1,0,1,0,0,0,170,1,9,1
560804,1,0,0,1,1,0,170,1,9,1
560925,1,0,1,0,0,0,170,1,9,1
561009,0,1,0,1,0,0,170,1,9,1
561050,1,1,0,0,0,0,170,1,9,1
561244,0,1,0,1,0,0,170,1,9,1
561354,0,0,1,1,0,0,170,1,9,1
561442,0,0,1,1,0,0,170,1,9,1
561447,0,0,1,1,0,0,170,1,9,1
561608,1,1,0,0,0,0,170,1,9,1
561703,1,0,0,1,1,0,170,1,9,1
562006,1,0,0,1,1,0,170,1,9,1
562023,1,1,1,1,1,0,170,1,9,1
562078,0,1,1,1,1,1,170,1,9,1
562079,0,0,1,0,0,0,170,1,9,1
562218,0,0,1,1,0,0,170,1,9,1
562258,1,0,1,0,0,0,170,1,9,1
562476,1,1,0,0,0,0,170,1,9,1
562540,0,0,0,0,1,0,170,1,9,1
562868,1,0,0,1,1,0,170,1,9,1
562982,0,1,0,1,0,0,170,1,9,1
562990,0,1,1,0,1,0,170,1,9,1
563136,0,0,0,0,1,0,170,1,9,1
563164,1,1,0,0,0,0,170,1,9,1
563319,1,1,0,0,0,0,170,1,9,1
563331,0,1,1,0,1,0,170,1,9,1
563332,0,1,0,1,0,0,170,1,9,1
563355,0,1,1,0,1,0,170,1,9,1
563365,1,1,1,1,1,0,170,1,9,1
563430,0,1,0,0,0,0,170,1,9,1
563572,1,0,1,0,0,0,170,1,9,1
563594,0,0,0,0,1,0,170,1,9,1
563597,0,1,0,1,0,0,170,1,9,1
563710,0,0,1,1,0,0,170,1,9,1
563724,1,0,1,0,0,0,170,1,9,1
563726,1,1,1,1,1,0,170,1,9,1
563754,0,1,1,0,1,0,170,1,9,1
563757,1,0,0,1,1,0,170,1,9,1
563965,1,0,1,0,0,0,170,1,9,1
564177,0,1,1,0,1,0,170,1,9,1
564188,0,1,1,0,1,0,170,1,9,1
564262,1,1,1,1,1,0,170,1,9,1
564756,0,0,1,1,0,0,170,1,9,1
564790,1,0,1,0,0,0,170,1,9,1
564832,0,1,0,1,0,0,170,1,9,1
564947,0,1,1,0,1,0,170,1,9,1
564976,0,0,0,0,1,0,170,1,9,1
564982,0,1,1,0,1,0,170,1,9,1
564994,1,0,1,0,0,0,170,1,9,1
565031,1,0,0,1,1,0,170,1,9,1
565042,0,0,1,1,0,0,170,1,9,1
565055,0,0,1,1,0,0,170,1,9,1
565071,0,0,1,1,0,0,170,1,9,1
565193,1,1,0,0,0,0,170,1,9,1
565300,0,0,0,0,1,0,170,1,9,1
565487,0,0,0,0,1,0,170,1,9,1
565514,0,0,1,1,0,0,170,1,9,1
565524,1,1,1,1,1,0,170,1,9,1
565526,1,0,1,0,0,0,170,1,9,1
565659,0,0,0,0,1,0,170,1,9,1
565752,0,1,0,1,0,0,170,1,9,1
565812,0,0,0,0,1,0,170,1,9,1
565819,1,1,1,1,1,0,170,1,9,1
565839,0,0,0,0,1,0,170,1,9,1
565841,1,0,0,1,1,0,170,1,9,1
565853,0,0,0,0,1,0,170,1,9,1
565877,1,1,0,0,0,0,170,1,9,1
566008,1,0,1,0,0,0,170,1,9,1
566259,1,0,0,1,1,0,170,1,9,1
566397,0,1,1,0,1,0,170,1,9,1
566442,0,1,0,1,0,0,170,1,9,1
566484,0,0,1,1,0,0,170,1,9,1
566489,1,1,0,0,0,0,170,1,9,1
566537,0,0,1,1,0,0,170,1,9,1
566618,0,0,1,1,0,0,170,1,9,1
566675,1,1,0,0,0,0,170,1,9,1
566742,1,0,1,0,0,0,170,1,9,1
566800,1,0,0,1,1,0,170,1,9,1
566918,1,1,0,0,0,0,170,1,9,1
567015,0,0,0,0,1,0,170,1,9,1
567023,0,0,0,0,1,0,170,1,9,1
567045,0,1,0,1,0,0,170,1,9,1
567130,1,1,1,1,1,0,170,1,9,1
567148,1,0,1,0,0,0,170,1,9,1
567166,0,1,1,0,1,0,170,1,9,1
567169,0,1,1,0,1,0,170,1,9,1
567208,1,0,1,0,0,0,170,1,9,1
567263,0,0,1,1,0,0,170,1,9,1
567385,1,1,0,0,0,0,170,1,9,1
567406,1,1,1,1,1,0,170,1,9,1
567420,0,1,1,0,1,0,170,1,9,1
567609,0,0,1,1,0,0,170,1,9,1
567705,0,1,0,1,0,0,170,1,9,1
567896,1,0,1,0,0,0,170,1,9,1
567900,1,0,0,1,1,0,170,1,9,1
567996,1,1,1,1,1,0,170,1,9,1
568089,1,1,0,0,0,0,170,1,9,1
568256,0,1,1,0,1,0,170,1,9,1
568285,0,1,0,1,0,0,170,1,9,1
568493,0,1,0,1,0,0,170,1,9,1
568503,0,0,0,0,1,0,170,1,9,1
568545,1,1,0,0,0,0,170,1,9,1
568550,0,1,0,1,0,0,170,1,9,1
568572,1,0,0,1,1,0,170,1,9,1
568616,0,1,0,1,0,0,170,1,9,1
568731,0,1,1,0,1,0,170,1,9,1
568864,1,1,1,1,1,0,170,1,9,1
568927,0,1,0,1,0,0,170,1,9,1
569108,1,1,0,0,0,0,170,1,9,1
569258,0,0,1,1,0,0,170,1,9,1
569281,0,1,0,1,0,0,170,1,9,1
569298,0,0,0,0,1,0,170,1,9,1
569388,0,0,0,0,1,0,170,1,9,1
569463,0,1,1,0,1,0,170,1,9,1
569547,0,0,1,1,0,0,170,1,9,1
569617,1,1,1,1,1,0,170,1,9,1
569634,1,0,0,1,1,0,170,1,9,1
569761,0,1,0,1,0,0,170,1,9,1
569787,0,1,1,0,1,0,170,1,9,1
569818,0,0,1,1,0,0,170,1,9,1
569830,0,0,1,1,0,0,170,1,9,1
569870,1,1,0,0,0,0,170,1,9,1
569944,1,1,0,0,0,0,170,1,9,1
569992,1,0,0,1,1,0,170,1,9,1
570038,0,0,0,0,1,0,170,1,9,1
570053,0,0,0,1,1,1,170,1,9,1
570081,0,1,0,1,0,0,170,1,9,1
570099,0,1,0,1,0,0,170,1,9,1
570108,0,0,0,0,1,0,170,1,9,1
570163,0,0,0,0,1,0,170,1,9,1
570200,1,1,0,0,0,0,170,1,9,1
570214,1,1,0,0,0,0,170,1,9,1
570291,0,0,1,1,0,0,170,1,9,1
570317,1,1,0,0,0,0,170,1,9,1
570336,1,1,1,1,1,0,170,1,9,1
570516,0,0,1,1,0,0,170,1,9,1
570691,1,0,0,1,1,0,170,1,9,1
570760,1,1,0,0,0,0,170,1,9,1
570784,0,0,1,1,0,0,170,1,9,1
570861,1,1,0,0,0,0,170,1,9,1
570904,0,1,0,1,0,0,170,1,9,1
570979,1,1,0,0,0,0,170,1,9,1
571084,0,1,1,0,1,0,170,1,9,1
571172,0,0,1,1,0,0,170,1,9,1
571215,0,1,0,1,0,0,170,1,9,1
571370,0,0,1,1,0,0,170,1,9,1
571375,0,0,1,1,0,0,170,1,9,1
571493,0,0,1,1,0,0,170,1,9,1
571703,0,1,1,0,1,0,170,1,9,1
571720,1,0,0,1,1,0,170,1,9,1
571809,0,1,1,0,1,0,170,1,9,1
571939,0,1,0,1,0,0,170,1,9,1
572076,0,0,1,1,0,0,170,1,9,1
572093,1,0,1,0,0,0,170,1,9,1
572119,1,1,0,0,0,0,170,1,9,1
572184,0,1,1,0,1,0,170,1,9,1
572212,0,1,0,1,0,0,170,1,9,1
572263,1,0,0,1,1,0,170,1,9,1
572308,0,1,0,1,0,0,170,1,9,1
572372,1,0,1,0,0,0,170,1,9,1
572474,0,0,1,1,0,0,170,1,9,1
572635,1,0,1,0,0,0,170,1,9,1
572643,0,1,1,0,1,0,170,1,9,1
572723,0,1,0,1,0,0,170,1,9,1
572760,0,0,0,0,1,0,170,1,9,1
572970,0,0,1,1,0,0,170,1,9,1
573134,1,1,1,1,1,0,170,1,9,1
573169,1,1,0,0,0,0,170,1,9,1
573202,0,1,1,0,1,0,170,1,9,1
573348,1,0,0,1,1,0,170,1,9,1
573353,0,0,1,1,0,0,170,1,9,1
573439,1,1,1,1,1,0,170,1,9,1
573444,0,1,1,0,1,0,170,1,9,1
573520,1,0,0,1,1,0,170,1,9,1
573527,0,0,1,1,0,0,170,1,9,1
573760,0,1,0,1,0,0,170,1,9,1
573873,0,0,0,0,1,0,170,1,9,1
573924,0,1,1,0,1,0,170,1,9,1
573928,1,1,0,0,0,0,170,1,9,1
574017,1,0,1,0,0,0,170,1,9,1
574204,0,1,1,0,1,0,170,1,9,1
574255,0,1,1,0,1,0,170,1,9,1
574654,1,1,1,1,1,0,170,1,9,1
574676,0,0,1,1,0,0,170,1,9,1
574696,1,1,0,0,0,0,170,1,9,1
574930,0,1,1,0,1,0,170,1,9,1
575070,1,0,1,0,0,0,170,1,9,1
575092,1,1,1,1,1,0,170,1,9,1
575133,1,0,0,1,1,0,170,1,9,1
575188,0,0,1,1,0,0,170,1,9,1
575203,1,1,1,1,1,0,170,1,9,1
575290,1,0,0,1,1,0,170,1,9,1
575296,0,0,0,0,1,0,170,1,9,1
575379,1,0,1,0,0,0,170,1,9,1
575468,1,1,0,0,0,0,170,1,9,1
575608,1,0,0,0,1,1,170,1,9,1
575784,1,1,1,1,1,0,170,1,9,1
575895,1,0,1,0,0,0,170,1,9,1
575968,1,0,1,0,0,0,170,1,9,1
576113,0,0,1,1,0,0,170,1,9,1
576226,0,1,0,1,0,0,170,1,9,1
576261,0,0,1,1,0,0,170,1,9,1
576326,0,1,0,1,0,0,170,1,9,1
576452,1,1,1,1,1,0,170,1,9,1
576457,0,1,0,1,0,0,170,1,9,1
576471,0,1,0,1,0,0,170,1,9,1
576486,0,0,0,0,1,0,170,1,9,1
576592,0,0,0,0,1,0,170,1,9,1
576616,1,0,1,0,0,0,170,1,9,1
576618,1,0,0,1,1,0,170,1,9,1
576728,1,0,1,0,0,0,170,1,9,1
576798,0,1,1,0,1,0,170,1,9,1
576831,1,0,0,1,1,0,170,1,9,1
576941,1,0,1,0,0,0,170,1,9,1
576972,0,1,0,1,0,0,170,1,9,1
577037,1,0,0,1,1,0,170,1,9,1
577130,1,1,1,1,1,0,170,1,9,1
577191,1,1,0,0,0,0,170,1,9,1
577254,1,0,1,0,0,0,170,1,9,1
577311,0,1,1,0,1,0,170,1,9,1
577378,1,0,1,0,0,0,170,1,9,1
577509,0,1,1,0,1,0,170,1,9,1
577580,1,0,1,0,0,0,170,1,9,1
577660,1,0,0,1,1,0,170,1,9,1
577679,0,0,1,1,0,0,170,1,9,1
577738,1,0,0,1,1,0,170,1,9,1
577841,0,1,1,0,1,0,170,1,9,1
577935,1,0,0,1,1,0,170,1,9,1
578134,1,1,1,1,1,0,170,1,9,1
578239,0,1,1,0,1,0,170,1,9,1
578270,0,1,1,1,1,1,170,1,9,1
578274,0,0,0,0,1,0,170,1,9,1
578558,0,0,1,1,0,0,170,1,9,1
578637,1,0,1,0,0,0,170,1,9,1
578648,1,1,0,0,0,0,170,1,9,1
578739,0,1,0,1,0,0,170,1,9,1
578774,1,1,1,1,1,0,170,1,9,1
578785,1,0,1,0,0,0,170,1,9,1
578802,1,0,1,0,0,0,170,1,9,1
578832,0,1,0,1,0,0,170,1,9,1
578886,0,1,1,0,1,0,170,1,9,1
578934,1,0,1,0,0,0,170,1,9,1
578979,1,0,0,1,1,0,170,1,9,1
578997,1,0,0,1,1,0,170,1,9,1
579034,1,0,0,1,1,0,170,1,9,1
579167,0,0,0,0,1,0,170,1,9,1
579186,1,0,0,1,1,0,170,1,9,1
579222,1,1,0,0,0,0,170,1,9,1
579270,1,1,0,0,0,0,170,1,9,1
579274,0,1,0,1,0,0,170,1,9,1
579445,1,1,1,1,1,0,170,1,9,1
579506,1,0,0,1,1,0,170,1,9,1
579539,0,1,0,1,0,0,170,1,9,1
579577,1,1,1,1,1,0,170,1,9,1
579645,1,1,0,0,0,0,170,1,9,1
579773,0,0,1,1,0,0,170,1,9,1
579850,1,1,1,1,1,0,170,1,9,1
579928,0,1,1,0,1,0,170,1,9,1
579986,1,1,0,0,0,0,170,1,9,1
580022,1,1,1,1,1,0,170,1,9,1
580066,0,1,1,0,1,0,170,1,9,1
580073,1,0,1,0,0,0,170,1,9,1
580182,0,0,0,0,1,0,170,1,9,1
580216,0,1,1,0,1,0,170,1,9,1
580239,0,1,1,0,1,0,170,1,9,1
580454,1,1,1,1,1,0,170,1,9,1
580473,0,0,1,1,0,0,170,1,9,1
580525,1,0,1,0,0,0,170,1,9,1
580576,1,1,1,1,1,0,170,1,9,1
580681,0,1,0,1,0,0,170,1,9,1
580691,0,0,0,0,1,0,170,1,9,1
580781,1,0,0,1,1,0,170,1,9,1
580939,1,1,0,0,0,0,170,1,9,1
581010,0,0,1,1,0,0,170,1,9,1
581136,0,1,0,1,0,0,170,1,9,1
581183,1,1,0,0,0,0,170,1,9,1
581351,0,1,1,0,1,0,170,1,9,1
581445,1,1,0,0,0,0,170,1,9,1
581663,0,0,0,0,1,0,170,1,9,1
581702,0,0,1,1,0,0,170,1,9,1
581707,0,0,0,0,1,0,170,1,9,1
581760,0,0,1,1,0,0,170,1,9,1
581787,1,0,0,1,1,0,170,1,9,1
581892,0,0,1,1,0,0,170,1,9,1
581909,0,0,0,0,1,0,170,1,9,1
581945,0,0,0,0,1,0,170,1,9,1
581987,0,1,1,0,1,0,170,1,9,1
582002,0,1,0,1,0,0,170,1,9,1
582053,1,0,1,0,0,0,170,1,9,1
582151,1,1,1,1,1,0,170,1,9,1
582152,0,1,1,0,1,0,170,1,9,1
582171,0,0,0,0,1,0,170,1,9,1
582172,1,0,0,1,1,0,170,1,9,1
582207,1,1,0,0,0,0,170,1,9,1
582227,1,1,0,0,0,0,170,1,9,1
582256,1,1,0,0,0,0,170,1,9,1
582343,0,0,0,0,1,0,170,1,9,1
582366,1,0,1,1,0,0,170,1,9,1
582464,0,0,1,1,0,0,170,1,9,1
582512,0,0,0,1,1,1,170,1,9,1
582534,1,0,0,1,1,0,170,1,9,1
582683,1,0,1,0,0,0,170,1,9,1
582895,1,0,1,0,0,0,170,1,9,1
582957,1,1,0,0,0,0,170,1,9,1
583067,1,1,0,0,0,0,170,1,9,1
583181,0,1,0,1,0,0,170,1,9,1
583241,0,0,0,0,1,0,170,1,9,1
583252,0,0,1,1,0,0,170,1,9,1
583264,0,1,1,0,1,0,170,1,9,1
583307,1,0,0,1,1,0,170,1,9,1
583323,1,0,0,1,1,0,170,1,9,1
583371,1,0,1,0,0,0,170,1,9,1
583425,1,0,0,1,1,0,170,1,9,1
583440,0,0,1,1,0,0,170,1,9,1
583461,0,1,1,0,1,0,170,1,9,1
583504,1,0,0,1,1,0,170,1,9,1
583544,1,1,1,1,1,0,170,1,9,1
583711,1,0,0,1,1,0,170,1,9,1
583714,0,0,0,0,1,0,170,1,9,1
583785,0,0,0,0,1,0,170,1,9,1
583948,0,0,1,1,0,0,170,1,9,1
584018,1,1,1,1,1,0,170,1,9,1
584177,1,1,0,0,0,0,170,1,9,1
584186,0,1,0,1,0,0,170,1,9,1
584195,1,0,1,0,0,0,170,1,9,1
584265,1,1,0,0,0,0,170,1,9,1
584271,0,1,0,1,0,0,170,1,9,1
584468,1,1,1,1,1,0,170,1,9,1
584578,0,0,1,1,0,0,170,1,9,1
584579,0,1,1,0,1,0,170,1,9,1
584649,1,1,0,0,0,0,170,1,9,1
584688,0,1,0,1,0,0,170,1,9,1
584750,0,1,0,1,0,0,170,1,9,1
584803,0,1,1,0,1,0,170,1,9,1
584859,1,0,1,0,0,0,170,1,9,1
584941,0,1,0,1,0,0,170,1,9,1
585058,0,1,0,1,0,0,170,1,9,1
585104,1,0,0,1,1,0,170,1,9,1
585151,1,1,0,0,0,0,170,1,9,1
585318,1,1,0,0,0,0,170,1,9,1
585546,1,1,0,0,0,0,170,1,9,1
585548,1,0,1,0,0,0,170,1,9,1
585771,1,0,0,1,1,0,170,1,9,1
585791,0,1,0,1,0,0,170,1,9,1
585810,0,1,1,0,1,0,170,1,9,1
585816,1,1,1,1,1,0,170,1,9,1
586208,0,0,0,0,1,0,170,1,9,1
586227,0,1,1,0,1,0,170,1,9,1
586892,1,0,1,0,0,0,170,1,9,1
586976,1,1,0,0,0,0,170,1,9,1
586983,1,0,0,1,1,0,170,1,9,1
587022,0,0,1,1,0,0,170,1,9,1
587086,1,1,0,0,0,0,170,1,9,1
587242,0,0,0,0,1,0,170,1,9,1
587278,1,1,0,0,0,0,170,1,9,1
587368,1,0,1,0,0,0,170,1,9,1
587405,0,0,0,0,1,0,170,1,9,1
587743,1,1,1,1,1,0,170,1,9,1
587864,1,0,0,1,1,0,170,1,9,1
587929,0,0,1,1,0,0,170,1,9,1
588002,0,1,0,1,0,0,170,1,9,1
588140,0,0,0,0,1,0,170,1,9,1
588342,1,1,1,1,1,0,170,1,9,1
588381,1,0,0,1,1,0,170,1,9,1
588398,1,1,1,1,1,0,170,1,9,1
588411,0,1,0,1,0,0,170,1,9,1
588536,0,0,0,0,1,0,170,1,9,1
588563,0,1,0,1,0,0,170,1,9,1
588626,0,0,1,1,0,0,170,1,9,1
588838,1,1,1,1,1,0,170,1,9,1
588934,1,1,0,0,0,0,170,1,9,1
589075,0,0,1,1,0,0,170,1,9,1
589155,0,0,0,0,1,0,170,1,9,1
589188,0,0,1,1,0,0,170,1,9,1
589258,1,1,1,1,1,0,170,1,9,1
589353,1,0,0,1,1,0,170,1,9,1
589361,0,1,0,1,0,0,170,1,9,1
589406,1,0,0,1,1,0,170,1,9,1
589407,0,1,0,1,0,0,170,1,9,1
589448,0,1,1,0,1,0,170,1,9,1
589483,1,1,0,0,0,0,170,1,9,1
589522,1,0,1,0,0,0,170,1,9,1
589551,1,1,0,0,0,0,170,1,9,1
589616,0,1,0,1,0,0,170,1,9,1
589761,1,1,0,0,0,0,170,1,9,1
589777,0,0,1,1,0,0,170,1,9,1
589844,1,0,1,0,0,0,139,1,9,1
590006,1,1,0,0,0,0,139,1,9,1
590015,1,0,0,1,1,0,139,1,9,1
590037,1,1,1,1,1,0,139,1,9,1
590045,1,1,0,0,0,0,139,1,9,1
590128,0,1,0,1,0,0,139,1,9,1
590160,0,0,1,1,0,0,139,1,9,1
590215,0,0,0,0,1,0,139,1,9,1
590281,1,1,0,0,0,0,139,1,9,1
590391,0,0,0,0,1,0,139,1,9,1
590500,1,1,1,1,1,0,139,1,9,1
590537,0,1,0,1,0,0,139,1,9,1
590690,1,0,1,0,0,0,139,1,9,1
590725,0,0,0,0,1,0,139,1,9,1
590865,1,1,1,1,1,0,139,1,9,1
590945,1,1,0,0,0,0,139,1,9,1
590948,1,1,1,1,1,0,139,1,9,1
590982,1,0,1,0,0,0,139,1,9,1
591008,1,0,1,0,0,0,139,1,9,1
591051,1,0,0,1,1,0,139,1,9,1
591096,0,1,0,1,0,0,139,1,9,1
591114,0,0,0,0,1,0,139,1,9,1
591130,0,1,0,1,0,0,139,1,9,1
591189,1,0,1,0,0,0,139,1,9,1
591194,1,1,0,0,0,0,139,1,9,1
591219,1,1,0,0,0,0,139,1,9,1
591261,0,1,1,0,1,0,139,1,9,1
591430,1,0,1,0,0,0,139,1,9,1
591446,1,1,0,0,0,0,139,1,9,1
591448,0,0,0,0,1,0,139,1,9,1
591473,0,0,1,1,0,0,139,1,9,1
591703,0,0,1,1,0,0,139,1,9,1
591774,1,0,0,1,1,0,139,1,9,1
591788,1,1,0,0,0,0,139,1,9,1
591792,1,1,0,0,0,0,139,1,9,1
592032,0,1,1,0,1,0,139,1,9,1
592055,0,1,0,1,0,0,139,1,9,1
592139,0,1,0,1,0,0,139,1,9,1
592356,1,0,0,1,1,0,139,1,9,1
592373,0,0,0,0,1,0,139,1,9,1
592402,1,0,1,0,0,0,139,1,9,1
592581,1,0,0,1,1,0,139,1,9,1
592618,0,0,0,0,1,0,139,1,9,1
592649,0,1,0,1,0,0,139,1,9,1
592778,0,1,0,1,0,0,139,1,9,1
592922,0,0,1,1,0,0,139,1,9,1
593036,0,1,1,0,1,0,139,1,9,1
593255,0,1,1,0,1,0,139,1,9,1
593340,0,0,0,0,1,0,139,1,9,1
593504,0,0,0,0,1,0,139,1,9,1
593799,1,0,0,1,1,0,139,1,9,1
593949,0,1,0,1,0,0,139,1,9,1
594078,1,1,0,0,0,0,139,1,9,1
594232,0,1,0,1,0,0,139,1,9,1
594257,0,0,1,1,0,0,139,1,9,1
594308,0,0,1,1,0,0,139,1,9,1
594324,0,0,0,0,1,0,139,1,9,1
594342,1,0,1,0,0,0,139,1,9,1
594609,0,1,1,0,1,0,139,1,9,1
595133,1,0,0,0,1,1,139,1,9,1
595438,1,0,1,0,0,0,139,1,9,1
595589,0,0,1,1,0,0,139,1,9,1
595591,0,1,1,0,1,0,139,1,9,1
595616,1,1,1,1,1,0,139,1,9,1
595649,0,0,1,1,0,0,139,1,9,1
595788,1,0,0,1,1,0,139,1,9,1
595935,1,1,1,1,1,0,139,1,9,1
595962,0,1,0,1,0,0,139,1,9,1
595977,0,1,0,1,0,0,139,1,9,1
595985,1,0,0,1,1,0,139,1,9,1
596005,0,0,1,1,0,0,139,1,9,1
596015,0,1,1,0,1,0,139,1,9,1
596350,0,1,1,0,1,0,139,1,9,1
596410,0,0,1,1,0,0,139,1,9,1
596424,0,0,0,0,1,0,139,1,9,1
596448,0,1,0,1,0,0,139,1,9,1
596540,1,0,0,1,1,0,139,1,9,1
596723,0,1,0,1,0,0,139,1,9,1
596947,0,1,1,0,1,0,139,1,9,1
596981,0,1,1,0,1,0,139,1,9,1
596984,0,0,1,1,0,0,139,1,9,1
597092,1,1,0,0,0,0,139,1,9,1
597220,1,0,0,1,1,0,139,1,9,1
597312,0,1,0,1,0,0,139,1,9,1
597350,0,0,1,1,0,0,139,1,9,1
597729,0,0,0,0,1,0,139,1,9,1
597750,0,1,0,1,0,0,139,1,9,1
597811,1,0,1,0,0,0,139,1,9,1
597868,1,1,1,1,1,0,139,1,9,1
597916,0,1,0,1,0,0,139,1,9,1
597928,0,0,0,0,1,0,139,1,9,1
598206,0,1,1,0,1,0,139,1,9,1
598355,1,0,1,0,0,0,139,1,9,1
598450,1,0,1,0,0,0,139,1,9,1
598521,0,1,0,1,0,0,139,1,9,1
598524,0,0,0,0,1,0,139,1,9,1
598533,0,1,1,0,1,0,139,1,9,1
598545,0,1,1,0,1,0,139,1,9,1
598828,1,0,1,0,0,0,139,1,9,1
598884,1,1,1,1,1,0,139,1,9,1
599286,0,0,0,0,1,0,139,1,9,1
599336,0,1,1,0,1,0,139,1,9,1
599370,0,1,0,1,0,0,139,1,9,1
599520,0,0,1,1,0,0,139,1,9,1
599522,1,1,1,1,1,0,139,1,9,1
599606,0,1,1,0,1,0,139,1,9,1
599654,0,0,0,0,1,0,139,1,9,1
599799,1,1,0,0,0,0,139,1,9,1
599863,0,1,1,0,1,0,139,1,9,1
599958,1,0,1,0,0,0,139,1,9,1
600058,1,1,0,0,0,0,139,1,9,1
600091,0,1,0,1,0,0,139,1,9,1
600207,0,0,1,1,0,0,139,1,9,1
600237,0,0,1,1,0,0,139,1,9,1
600369,0,1,0,1,0,0,139,1,9,1
600404,0,1,0,1,0,0,139,1,9,1
600482,0,0,1,1,0,0,139,1,9,1
600541,1,0,0,1,1,0,139,1,9,1
600606,1,1,1,1,1,0,139,1,9,1
600719,0,1,0,1,0,0,139,1,9,1
600758,0,1,0,1,0,0,139,1,9,1
600797,1,0,1,1,0,0,139,1,9,1
600803,0,1,1,0,1,0,139,1,9,1
600999,1,0,1,0,0,0,139,1,9,1
601137,0,1,1,0,1,0,139,1,9,1
601213,0,0,0,0,1,0,139,1,9,1
601353,0,0,0,0,1,0,139,1,9,1
601377,0,1,0,1,0,0,139,1,9,1
601421,0,0,0,0,1,0,139,1,9,1
601636,1,1,1,1,1,0,139,1,9,1
601810,1,0,0,1,1,0,139,1,9,1
601962,0,1,1,0,1,0,139,1,9,1
602091,0,1,1,0,1,0,139,1,9,1
602356,1,0,0,1,1,0,139,1,9,1
602520,1,1,1,1,1,0,139,1,9,1
602619,0,0,0,0,1,0,139,1,9,1
602838,1,0,1,0,0,0,139,1,9,1
603035,1,0,1,0,0,0,139,1,9,1
603120,0,0,1,1,0,0,139,1,9,1
603134,0,0,0,0,1,0,139,1,9,1
603212,1,1,1,1,1,0,139,1,9,1
603337,1,1,0,0,0,0,139,1,9,1
603526,1,0,0,1,1,0,139,1,9,1
603576,1,0,1,0,0,0,139,1,9,1
603756,1,0,0,1,1,0,139,1,9,1
603837,1,1,0,0,0,0,139,1,9,1
603842,0,1,1,0,1,0,139,1,9,1
604024,0,1,1,0,1,0,139,1,9,1
604113,0,1,1,0,1,0,139,1,9,1
604147,0,1,0,1,0,0,139,1,9,1
604318,1,1,1,1,1,0,139,1,9,1
604510,0,1,0,1,0,0,139,1,9,1
604579,1,1,0,0,0,0,139,1,9,1
604601,0,0,1,1,0,0,139,1,9,1
604683,0,1,0,1,0,0,139,1,9,1
604813,1,1,1,1,1,0,139,1,9,1
604978,1,0,1,0,0,0,139,1,9,1
605200,0,0,1,1,0,0,139,1,9,1
605482,0,1,1,0,1,0,139,1,9,1
605510,1,1,1,1,1,0,139,1,9,1
605758,1,1,0,0,0,0,139,1,9,1
605867,0,1,0,1,0,0,139,1,9,1
605904,0,1,0,1,0,0,139,1,9,1
606085,1,0,0,1,1,0,139,1,9,1
606167,1,1,1,1,1,0,139,1,9,1
606352,0,0,0,0,1,0,139,1,9,1
606425,1,1,1,1,1,0,139,1,9,1
606465,0,1,0,1,0,0,139,1,9,1
606485,0,0,0,0,1,0,139,1,9,1
606544,1,0,0,1,1,0,139,1,9,1
606554,0,1,1,0,1,0,139,1,9,1
606619,1,1,0,0,0,0,139,1,9,1
606645,1,1,0,0,0,0,139,1,9,1
606660,0,0,1,1,0,0,139,1,9,1
606797,0,1,1,0,1,0,139,1,9,1
606984,0,1,0,1,0,0,139,1,9,1
607473,1,1,0,0,0,0,139,1,9,1
607478,0,1,1,0,1,0,139,1,9,1
607743,1,0,0,1,1,0,139,1,9,1
607756,0,0,1,1,0,0,139,1,9,1
607776,0,0,0,0,1,0,139,1,9,1
607783,1,0,1,0,0,0,139,1,9,1
607968,1,1,0,0,0,0,139,1,9,1
608032,0,0,1,1,0,0,139,1,9,1
608034,0,0,1,1,0,0,139,1,9,1
608139,1,0,1,0,0,0,139,1,9,1
608185,1,1,1,1,1,0,139,1,9,1
608187,1,0,0,1,1,0,139,1,9,1
608195,0,1,0,1,0,0,139,1,9,1
608239,1,1,0,0,0,0,139,1,9,1
608258,1,0,0,1,1,0,139,1,9,1
608323,0,0,0,0,1,0,139,1,9,1
608362,1,0,0,1,1,0,139,1,9,1
608375,0,1,1,0,1,0,139,1,9,1
608379,1,1,1,1,1,0,139,1,9,1
608561,1,0,1,0,0,0,139,1,9,1
608665,1,1,0,0,0,0,139,1,9,1
608685,0,0,1,1,0,0,139,1,9,1
608743,0,0,0,0,1,0,139,1,9,1
608835,1,0,0,1,1,0,139,1,9,1
608840,0,0,0,0,1,0,139,1,9,1
608888,0,1,0,1,0,0,139,1,9,1
608896,0,0,0,0,1,0,139,1,9,1
608953,1,0,1,0,0,0,139,1,9,1
609303,0,1,0,1,0,0,139,1,9,1
609310,1,1,1,1,1,0,139,1,9,1
609370,0,0,0,0,1,0,139,1,9,1
609435,1,1,0,0,0,0,139,1,9,1
609501,0,1,0,1,0,0,139,1,9,1
609568,1,0,1,0,0,0,139,1,9,1
609619,0,0,0,0,1,0,139,1,9,1
609905,0,1,1,0,1,0,139,1,9,1
609912,0,0,1,1,0,0,139,1,9,1
609958,0,1,0,1,0,0,139,1,9,1
610021,1,0,1,0,0,0,139,1,9,1
610058,0,1,0,1,0,0,139,1,9,1
610124,0,0,1,1,0,0,139,1,9,1
610219,1,1,0,0,0,0,139,1,9,1
610578,1,1,1,1,1,0,139,1,9,1
610925,1,1,0,0,0,0,139,1,9,1
611065,1,1,1,1,1,0,139,1,9,1
611177,1,0,1,0,0,0,139,1,9,1
611327,1,0,0,1,1,0,139,1,9,1
611496,0,0,1,1,0,0,139,1,9,1
611539,1,0,1,1,0,0,139,1,9,1
611620,1,0,0,1,1,0,139,1,9,1
611648,0,0,0,0,1,0,139,1,9,1
611757,1,0,1,0,0,0,139,1,9,1
611998,1,1,0,0,0,0,139,1,9,1
612051,1,1,0,0,0,0,139,1,9,1
612142,0,1,0,1,0,0,139,1,9,1
612222,1,1,1,1,1,0,139,1,9,1
612326,1,1,0,0,0,0,139,1,9,1
612411,1,1,1,1,1,0,139,1,9,1
612425,1,1,1,1,1,0,139,1,9,1
612445,0,0,1,1,0,0,139,1,9,1
612476,1,1,1,1,1,0,139,1,9,1
612481,1,1,0,0,0,0,139,1,9,1
612487,1,1,1,1,1,0,139,1,9,1
612578,0,0,0,0,1,0,139,1,9,1
612754,0,1,0,1,0,0,139,1,9,1
613011,0,1,1,0,1,0,139,1,9,1
613067,1,0,1,0,0,0,139,1,9,1
613139,1,1,0,0,0,0,139,1,9,1
613319,1,0,1,0,0,0,139,1,9,1
613426,0,0,0,0,1,0,139,1,9,1
613927,0,1,1,0,1,0,139,1,9,1
614199,0,0,1,1,0,0,139,1,9,1
614279,1,1,0,0,0,0,139,1,9,1
614422,1,0,1,1,0,0,139,1,9,1
614435,0,1,1,0,1,0,139,1,9,1
614502,1,1,1,1,1,0,139,1,9,1
614543,0,1,1,0,1,0,139,1,9,1
614639,1,0,0,1,1,0,139,1,9,1
614686,1,1,0,0,0,0,139,1,9,1
614740,0,0,0,0,1,0,139,1,9,1
614886,0,1,0,1,0,0,139,1,9,1
615040,1,1,0,1,0,0,139,1,9,1
615165,1,1,1,1,1,0,139,1,9,1
615184,1,0,1,0,0,0,139,1,9,1
615332,0,1,0,1,0,0,139,1,9,1
615476,0,1,0,1,0,0,139,1,9,1
615583,0,1,0,1,0,0,139,1,9,1
615657,0,1,1,0,1,0,139,1,9,1
615709,1,0,1,0,0,0,139,1,9,1
615945,0,0,0,0,1,0,139,1,9,1
615965,0,1,0,1,0,0,139,1,9,1
616045,0,0,0,1,1,1,139,1,9,1
616116,1,0,0,1,1,0,139,1,9,1
616137,1,1,1,1,1,0,139,1,9,1
616201,1,1,0,0,0,0,139,1,9,1
616338,0,0,1,1,0,0,139,1,9,1
616344,1,0,0,1,1,0,139,1,9,1
616458,0,0,0,0,1,0,139,1,9,1
616571,0,1,0,1,0,0,139,1,9,1
616591,1,0,1,0,0,0,139,1,9,1
616656,1,0,0,1,1,0,139,1,9,1
616750,0,1,0,1,0,0,139,1,9,1
616817,0,0,1,1,0,0,139,1,9,1
616992,1,0,0,1,1,0,139,1,9,1
616993,1,1,1,1,1,0,139,1,9,1
617025,1,1,0,0,0,0,139,1,9,1
617262,1,1,0,0,0,0,139,1,9,1
617376,1,0,1,0,0,0,139,1,9,1
617585,1,0,0,1,1,0,139,1,9,1
617672,0,1,0,1,0,0,139,1,9,1
617731,1,0,1,1,0,0,139,1,9,1
617879,1,0,0,1,1,0,139,1,9,1
618246,1,1,0,0,0,0,139,1,9,1
618308,0,0,1,1,0,0,139,1,9,1
618527,0,0,0,0,1,0,139,1,9,1
618634,0,0,0,0,1,0,139,1,9,1
618703,0,0,1,1,0,0,139,1,9,1
618780,0,1,0,1,0,0,139,1,9,1
619173,1,1,1,1,1,0,139,1,9,1
619447,0,1,1,0,1,0,139,1,9,1
619676,1,1,0,0,0,0,139,1,9,1
619785,1,1,1,1,1,0,139,1,9,1
619796,0,0,0,0,1,0,139,1,9,1
619824,0,1,0,1,0,0,139,1,9,1
619922,1,1,1,1,1,0,139,1,9,1
620340,1,0,0,1,1,0,139,1,9,1
620350,0,0,1,1,0,0,139,1,9,1
620357,0,0,0,0,1,0,139,1,9,1
620407,0,0,1,1,0,0,139,1,9,1
620421,0,0,1,1,0,0,139,1,9,1
620595,1,1,0,0,0,0,139,1,9,1
620612,1,0,0,1,1,0,139,1,9,1
620683,0,1,1,0,1,0,139,1,9,1
620685,1,1,0,0,0,0,139,1,9,1
620749,0,0,1,1,0,0,139,1,9,1
620971,1,0,0,1,1,0,139,1,9,1
621220,1,0,1,0,0,0,139,1,9,1
621226,1,1,1,1,1,0,139,1,9,1
621313,0,1,1,0,1,0,139,1,9,1
621335,1,1,0,0,0,0,139,1,9,1
621445,1,0,1,0,0,0,139,1,9,1
621540,0,1,0,1,0,0,139,1,9,1
621596,1,0,1,0,0,0,139,1,9,1
621655,0,1,1,0,1,0,139,1,9,1
621826,0,1,0,1,0,0,139,1,9,1
621895,0,0,1,1,0,0,139,1,9,1
622169,1,0,0,1,1,0,139,1,9,1
622193,1,0,0,1,1,0,139,1,9,1
622238,0,1,1,0,1,0,139,1,9,1
622374,0,0,0,0,1,0,139,1,9,1
622377,1,1,1,1,1,0,139,1,9,1
622379,1,1,0,0,0,0,139,1,9,1
622467,0,1,0,1,0,0,139,1,9,1
622600,0,1,1,0,1,0,139,1,9,1
622670,0,1,0,1,0,0,139,1,9,1
622778,0,1,0,1,0,0,139,1,9,1
622822,1,0,0,1,1,0,139,1,9,1
622968,1,1,1,1,1,0,139,1,9,1
622972,1,1,0,0,0,0,139,1,9,1
622990,0,0,1,1,0,0,139,1,9,1
623284,0,1,0,1,0,0,139,1,9,1
623395,0,0,1,1,0,0,139,1,9,1
623424,1,1,0,0,0,0,139,1,9,1
623453,1,1,1,1,1,0,139,1,9,1
623474,0,1,0,1,0,0,139,1,9,1
623520,0,1,1,0,1,0,139,1,9,1
623607,1,1,1,1,1,0,139,1,9,1
623797,0,1,0,1,0,0,139,1,9,1
624071,0,1,1,0,1,0,139,1,9,1
624126,1,0,1,0,0,0,139,1,9,1
624207,0,1,1,0,1,0,139,1,9,1
624271,1,1,1,1,1,0,139,1,9,1
624525,0,0,0,0,1,0,139,1,9,1
624733,0,1,0,1,0,0,139,1,9,1
624788,1,1,0,0,0,0,139,1,9,1
624796,0,0,0,0,1,0,139,1,9,1
624802,0,1,1,0,1,0,139,1,9,1
624939,0,0,1,1,0,0,139,1,9,1
625027,1,1,0,0,0,0,139,1,9,1
625283,1,1,1,1,1,0,139,1,9,1
625285,0,1,1,0,1,0,139,1,9,1
625691,1,0,1,0,0,0,139,1,9,1
625915,0,1,1,0,1,0,139,1,9,1
626338,0,1,0,1,0,0,139,1,9,1
626471,0,0,1,1,0,0,139,1,9,1
626477,1,0,1,0,0,0,139,1,9,1
626516,0,0,1,1,0,0,139,1,9,1
626897,0,1,0,1,0,0,139,1,9,1
626913,0,0,0,0,1,0,139,1,9,1
627168,0,1,0,1,0,0,139,1,9,1
627183,1,1,0,0,0,0,139,1,9,1
627232,1,1,0,0,0,0,139,1,9,1
627348,0,0,1,1,0,0,139,1,9,1
627555,1,1,0,0,0,0,139,1,9,1
627578,1,0,0,1,1,0,139,1,9,1
627665,1,0,0,1,1,0,139,1,9,1
627679,1,0,0,1,1,0,139,1,9,1
627689,1,1,1,1,1,0,139,1,9,1
627726,0,1,0,1,0,0,139,1,9,1
627790,1,1,1,1,1,0,139,1,9,1
627810,0,1,1,0,1,0,139,1,9,1
627847,1,1,1,1,1,0,139,1,9,1
627851,0,1,1,0,1,0,139,1,9,1
627919,0,1,1,0,1,0,139,1,9,1
627966,0,1,1,0,1,0,139,1,9,1
628468,0,1,0,1,0,0,139,1,9,1
628507,1,1,1,1,1,0,139,1,9,1
628610,0,0,0,0,1,0,139,1,9,1
628760,1,0,0,1,1,0,139,1,9,1
628990,1,0,1,0,0,0,139,1,9,1
629010,1,0,0,1,1,0,139,1,9,1
629064,1,1,1,1,1,0,139,1,9,1
629177,1,1,0,0,0,0,139,1,9,1
629199,0,1,1,0,1,0,139,1,9,1
629240,1,0,0,1,1,0,139,1,9,1
629244,1,1,1,1,1,0,139,1,9,1
629263,1,1,0,0,0,0,139,1,9,1
629339,0,1,1,0,1,0,139,1,9,1
629403,1,0,1,0,0,0,139,1,9,1
629514,0,1,0,1,0,0,139,1,9,1
629573,1,1,0,0,0,0,139,1,9,1
629642,1,1,1,1,1,0,139,1,9,1
629842,0,1,1,0,1,0,139,1,9,1
629920,1,1,0,0,0,0,139,1,9,1
629965,0,1,1,0,1,0,139,1,9,1
630112,1,0,0,1,1,0,139,1,9,1
630180,0,0,0,0,1,0,139,1,9,1
630231,0,0,0,0,1,0,139,1,9,1
630263,0,0,0,0,1,0,139,1,9,1
630304,1,1,0,0,0,0,139,1,9,1
630328,0,1,0,1,0,0,139,1,9,1
630699,0,1,1,0,1,0,139,1,9,1
630760,1,0,0,1,1,0,139,1,9,1
630869,1,0,1,0,0,0,139,1,9,1
630889,0,0,0,0,1,0,139,1,9,1
630928,1,0,1,0,0,0,139,1,9,1
631104,1,1,1,1,1,0,139,1,9,1
631128,0,1,0,0,0,0,139,1,9,1
631260,1,1,0,0,0,0,139,1,9,1
631261,1,0,0,1,1,0,139,1,9,1
631298,0,0,0,0,1,0,139,1,9,1
631350,1,0,0,1,1,0,139,1,9,1
631417,0,1,0,1,0,0,139,1,9,1
631600,0,1,1,0,1,0,139,1,9,1
631609,1,1,0,0,0,0,139,1,9,1
631805,1,0,1,0,0,0,139,1,9,1
631872,0,1,1,0,1,0,139,1,9,1
631895,1,1,0,0,0,0,139,1,9,1
631924,0,0,0,0,1,0,139,1,9,1
632025,0,0,0,0,1,0,139,1,9,1
632034,1,0,1,0,0,0,139,1,9,1
632105,1,0,0,1,1,0,139,1,9,1
632222,1,1,0,0,0,0,139,1,9,1
632247,0,1,0,1,0,0,139,1,9,1
632276,0,0,0,0,1,0,139,1,9,1
632351,1,0,1,0,0,0,139,1,9,1
632360,1,1,1,1,1,0,139,1,9,1
632377,0,1,0,1,0,0,139,1,9,1
632384,1,0,0,1,1,0,139,1,9,1
632410,1,0,0,1,1,0,139,1,9,1
632525,0,1,1,0,1,0,139,1,9,1
632535,1,0,1,0,0,0,139,1,9,1
632583,0,1,0,1,0,0,139,1,9,1
632729,0,1,1,0,1,0,139,1,9,1
632754,1,0,1,0,0,0,139,1,9,1
632797,1,1,0,0,0,0,139,1,9,1
632925,1,0,1,0,0,0,139,1,9,1
633164,0,0,1,1,0,0,139,1,9,1
633285,0,0,1,1,0,0,139,1,9,1
633292,0,1,0,1,0,0,139,1,9,1
633350,1,1,0,1,0,0,139,1,9,1
633384,1,0,0,1,1,0,139,1,9,1
633462,1,1,0,0,0,0,139,1,9,1
633472,1,1,0,0,0,0,139,1,9,1
633498,1,0,1,0,0,0,139,1,9,1
634041,0,1,1,0,1,0,139,1,9,1
634203,1,1,0,0,0,0,139,1,9,1
634246,0,1,0,0,0,0,139,1,9,1
634538,1,1,0,0,0,0,139,1,9,1
634576,1,1,1,1,1,0,139,1,9,1
634713,1,0,0,1,1,0,139,1,9,1
634834,0,1,1,0,1,0,139,1,9,1
635120,0,0,0,0,1,0,139,1,9,1
635146,0,1,0,0,0,0,139,1,9,1
635356,0,0,0,0,1,0,139,1,9,1
635647,1,0,0,1,1,0,139,1,9,1
635682,1,1,1,1,1,0,139,1,9,1
635725,1,1,1,1,1,0,139,1,9,1
635775,0,1,1,0,1,0,139,1,9,1
635790,1,1,1,1,1,0,139,1,9,1
635800,0,1,0,1,0,0,139,1,9,1
635819,1,1,0,0,0,0,139,1,9,1
635837,1,1,1,1,1,0,139,1,9,1
636003,0,0,0,1,1,1,139,1,9,1
636022,0,1,1,0,1,0,139,1,9,1
636032,1,0,1,0,0,0,139,1,9,1
636068,0,1,1,0,1,0,139,1,9,1
636098,0,0,0,0,1,0,139,1,9,1
636264,1,0,0,1,1,0,139,1,9,1
636373,1,0,1,0,0,0,139,1,9,1
636426,1,1,0,0,0,0,139,1,9,1
636441,1,0,0,1,1,0,139,1,9,1
636526,0,1,1,0,1,0,139,1,9,1
636581,1,1,1,1,1,0,139,1,9,1
636606,0,0,0,0,1,0,139,1,9,1
636657,0,0,1,1,0,0,139,1,9,1
636807,0,0,1,1,0,0,139,1,9,1
637000,0,0,1,1,0,0,139,1,9,1
637418,0,1,1,0,1,0,139,1,9,1
637586,0,0,0,0,1,0,139,1,9,1
637719,1,0,0,1,1,0,139,1,9,1
637734,0,1,0,1,0,0,139,1,9,1
637775,0,1,1,0,1,0,139,1,9,1
637830,1,1,0,0,0,0,139,1,9,1
637858,0,1,0,1,0,0,139,1,9,1
637950,1,1,1,1,1,0,139,1,9,1
638175,1,1,1,1,1,0,139,1,9,1
638177,1,0,1,0,0,0,139,1,9,1
638200,0,0,0,0,1,0,139,1,9,1
638275,0,1,0,1,0,0,139,1,9,1
638294,1,0,0,1,1,0,139,1,9,1
638492,1,1,1,1,1,0,139,1,9,1
638702,0,1,1,0,1,0,139,1,9,1
638712,0,0,1,1,0,0,139,1,9,1
638745,1,0,0,1,1,0,139,1,9,1
638787,0,1,0,1,0,0,139,1,9,1
638870,0,0,0,0,1,0,139,1,9,1
638929,1,1,1,1,1,0,139,1,9,1
639003,1,1,0,0,0,0,139,1,9,1
639015,0,1,1,0,1,0,139,1,9,1
639069,1,0,1,0,0,0,139,1,9,1
639152,1,0,0,1,1,0,139,1,9,1
639368,1,1,1,1,1,0,139,1,9,1
639698,1,0,1,0,0,0,139,1,9,1
639857,0,0,1,1,0,0,139,1,9,1
640017,1,0,0,1,1,0,139,1,9,1
640133,0,1,0,1,0,0,139,1,9,1
640206,1,0,0,0,1,1,139,1,9,1
640272,1,0,0,1,1,0,139,1,9,1
640287,1,0,1,0,0,0,139,1,9,1
640491,0,1,1,0,1,0,139,1,9,1
640574,1,1,0,0,0,0,139,1,9,1
640605,0,0,0,0,1,0,139,1,9,1
640608,1,1,1,1,1,0,139,1,9,1
640638,1,1,1,1,1,0,139,1,9,1
640640,1,1,1,1,1,0,139,1,9,1
640812,1,1,0,0,0,0,139,1,9,1
640883,1,0,0,1,1,0,139,1,9,1
641527,1,0,1,0,0,0,139,1,9,1
641623,0,0,0,0,1,0,139,1,9,1
641701,0,1,0,1,0,0,139,1,9,1
641715,0,0,1,1,0,0,139,1,9,1
641720,1,0,1,0,0,0,139,1,9,1
641861,1,0,0,1,1,0,139,1,9,1
642072,0,1,1,0,1,0,139,1,9,1
642136,0,1,1,0,1,0,139,1,9,1
642236,1,0,0,1,1,0,139,1,9,1
642309,1,1,1,1,1,0,139,1,9,1
642510,1,0,0,1,1,0,139,1,9,1
642658,0,1,1,0,1,0,139,1,9,1
642712,0,1,1,0,1,0,139,1,9,1
642751,0,1,1,0,1,0,139,1,9,1
642773,0,1,1,0,1,0,139,1,9,1
642894,1,0,0,1,1,0,139,1,9,1
642898,1,1,1,1,1,0,139,1,9,1
642970,0,0,0,0,1,0,139,1,9,1
643049,0,0,1,1,0,0,139,1,9,1
643143,1,0,0,1,1,0,139,1,9,1
643175,0,0,1,1,0,0,139,1,9,1
643301,1,0,0,1,1,0,139,1,9,1
643332,1,0,1,0,0,0,139,1,9,1
643434,1,1,0,0,0,0,139,1,9,1
643537,0,0,0,0,1,0,139,1,9,1
643781,1,1,0,0,0,0,139,1,9,1
643784,1,1,1,1,1,0,139,1,9,1
643865,0,1,1,0,1,0,139,1,9,1
644049,1,1,0,0,0,0,139,1,9,1
644147,0,0,0,0,1,0,139,1,9,1
644164,1,1,0,0,0,0,139,1,9,1
644276,0,1,1,0,1,0,139,1,9,1
644327,0,0,0,0,1,0,139,1,9,1
644335,1,1,0,0,0,0,139,1,9,1
644339,0,0,0,0,1,0,139,1,9,1
644593,1,0,0,1,1,0,139,1,9,1
645040,0,0,1,1,0,0,139,1,9,1
645337,0,0,1,1,0,0,139,1,9,1
645444,1,0,1,0,0,0,139,1,9,1
645446,0,0,1,1,0,0,139,1,9,1
645509,0,1,0,1,0,0,139,1,9,1
645530,1,1,0,0,0,0,139,1,9,1
645574,1,0,1,0,0,0,139,1,9,1
645583,1,0,0,1,1,0,139,1,9,1
645871,0,0,1,1,0,0,139,1,9,1
645875,1,1,1,1,1,0,139,1,9,1
645879,1,1,0,0,0,0,139,1,9,1
645892,1,0,0,1,1,0,139,1,9,1
645975,0,0,1,1,0,0,139,1,9,1
646038,1,0,0,1,1,0,139,1,9,1
646196,0,1,1,0,1,0,139,1,9,1
646217,0,0,0,1,1,1,139,1,9,1
646286,1,1,1,1,1,0,139,1,9,1
647085,0,1,0,1,0,0,139,1,9,1
647120,0,1,0,1,0,0,139,1,9,1
647196,1,1,1,1,1,0,139,1,9,1
647433,1,0,0,1,1,0,139,1,9,1
647487,1,1,0,0,0,0,139,1,9,1
647713,1,1,0,1,0,0,139,1,9,1
647782,0,0,1,1,0,0,139,1,9,1
647829,0,1,1,0,1,0,139,1,9,1
648053,1,0,0,1,1,0,139,1,9,1
648099,1,1,1,1,1,0,139,1,9,1
648358,1,0,0,1,1,0,139,1,9,1
648403,0,1,0,1,0,0,139,1,9,1
648426,1,1,0,0,0,0,139,1,9,1
648497,0,0,1,1,0,0,139,1,9,1
648761,0,1,1,0,1,0,139,1,9,1
648774,1,1,1,1,1,0,139,1,9,1
648985,0,1,0,1,0,0,139,1,9,1
648997,1,0,0,1,1,0,139,1,9,1
649041,1,1,1,1,1,0,139,1,9,1
649049,1,1,0,0,0,0,139,1,9,1
649076,1,1,0,0,0,0,139,1,9,1
649145,0,1,1,0,1,0,139,1,9,1
649353,1,0,1,0,0,0,139,1,9,1
649553,1,1,0,0,0,0,139,1,9,1
649738,0,1,0,1,0,0,139,1,9,1
649748,0,1,1,0,1,0,139,1,9,1
649979,1,0,0,1,1,0,139,1,9,1
650106,0,1,0,1,0,0,139,1,9,1
650128,1,1,0,0,0,0,139,1,9,1
650507,1,0,0,1,1,0,139,1,9,1
650513,0,0,0,0,1,0,139,1,9,1
650608,1,1,0,0,0,0,139,1,9,1
650672,0,0,0,0,1,0,139,1,9,1
650770,1,0,0,1,1,0,139,1,9,1
650945,0,0,1,1,0,0,139,1,9,1
650987,1,1,1,1,1,0,139,1,9,1
651004,1,1,1,1,1,0,139,1,9,1
651118,1,0,0,1,1,0,139,1,9,1
651164,0,1,0,1,0,0,139,1,9,1
651220,1,0,0,1,1,0,139,1,9,1
651298,0,0,1,1,0,0,139,1,9,1
651370,0,0,0,0,1,0,139,1,9,1
651405,1,1,1,1,1,0,139,1,9,1
651542,0,1,0,1,0,0,139,1,9,1
651570,1,0,0,1,1,0,139,1,9,1
651965,0,0,0,0,1,0,139,1,9,1
651990,0,0,1,1,0,0,139,1,9,1
652024,1,1,1,1,1,0,139,1,9,1
652072,0,1,0,1,0,0,139,1,9,1
652096,1,0,0,1,1,0,139,1,9,1
652377,0,0,1,1,0,0,139,1,9,1
652465,0,0,1,1,0,0,139,1,9,1
652630,1,1,0,1,0,0,139,1,9,1
652637,1,1,0,0,0,0,139,1,9,1
652747,1,1,1,1,1,0,139,1,9,1
652905,1,1,1,0,1,1,139,1,9,1
653020,1,1,1,1,1,0,139,1,9,1
653120,0,1,0,1,0,0,139,1,9,1
653126,1,1,1,1,1,0,139,1,9,1
653179,0,0,1,1,0,0,139,1,9,1
653395,0,1,0,1,0,0,139,1,9,1
653615,0,1,0,1,0,0,139,1,9,1
653669,1,1,1,1,1,0,139,1,9,1
653912,0,1,0,1,0,0,139,1,9,1
654097,0,0,1,1,0,0,139,1,9,1
654593,0,1,1,0,1,0,139,1,9,1
655120,1,1,0,0,0,0,139,1,9,1
655166,1,0,0,0,1,1,139,1,9,1
655208,1,0,1,0,0,0,139,1,9,1
655701,1,0,1,0,0,0,121,1,9,1
655804,1,0,1,0,0,0,121,1,9,1
656045,1,0,0,1,1,0,121,1,9,1
656140,0,0,1,1,0,0,121,1,9,1
656170,0,1,1,0,1,0,121,1,9,1
656358,1,1,1,1,1,0,121,1,9,1
656418,0,0,0,0,1,0,121,1,9,1
656424,1,0,1,0,0,0,121,1,9,1
656484,1,0,1,0,0,0,121,1,9,1
656505,1,0,1,0,0,0,121,1,9,1
656725,0,0,0,0,1,0,121,1,9,1
656780,0,1,1,0,1,0,121,1,9,1
656863,1,0,1,0,0,0,121,1,9,1
656977,0,1,1,0,1,0,121,1,9,1
657044,1,0,0,1,1,0,121,1,9,1
657078,1,0,1,0,0,0,121,1,9,1
657137,1,0,0,1,1,0,121,1,9,1
657213,1,1,1,1,1,0,121,1,9,1
657343,0,1,1,0,1,0,121,1,9,1
657356,0,1,0,1,0,0,121,1,9,1
657683,1,0,1,0,0,0,121,1,9,1
657779,1,0,1,0,0,0,121,1,9,1
657784,0,1,0,1,0,0,121,1,9,1
657997,0,1,1,0,1,0,121,1,9,1
658029,1,0,1,0,0,0,121,1,9,1
658046,0,1,0,1,0,0,121,1,9,1
658089,1,1,0,0,0,0,121,1,9,1
658121,1,0,0,1,1,0,121,1,9,1
658242,1,0,1,0,0,0,121,1,9,1
658291,0,1,1,0,1,0,121,1,9,1
658488,1,0,1,0,0,0,121,1,9,1
658499,0,1,0,1,0,0,121,1,9,1
658515,1,0,0,1,1,0,121,1,9,1
658682,0,1,0,1,0,0,121,1,9,1
658736,1,1,0,0,0,0,121,1,9,1
658817,0,1,1,0,1,0,121,1,9,1
658873,0,1,1,0,1,0,121,1,9,1
658952,0,1,1,0,1,0,121,1,9,1
658953,0,0,1,1,0,0,121,1,9,1
659005,0,1,0,1,0,0,121,1,9,1
659043,0,1,1,0,1,0,121,1,9,1
659178,1,1,0,0,0,0,121,1,9,1
659584,0,0,0,0,1,0,121,1,9,1
659624,0,1,0,0,0,0,121,1,9,1
659656,0,1,0,1,0,0,121,1,9,1
659744,1,0,0,1,1,0,121,1,9,1
659923,1,0,1,0,0,0,121,1,9,1
659995,1,1,1,1,1,0,121,1,9,1
660116,0,1,1,0,1,0,121,1,9,1
660188,0,0,0,0,1,0,121,1,9,1
660426,1,1,1,1,1,0,121,1,9,1
660562,1,1,0,0,0,0,121,1,9,1
660684,0,1,1,0,1,0,121,1,9,1
660726,0,0,0,0,1,0,121,1,9,1
661090,1,1,0,0,0,0,121,1,9,1
661447,0,1,0,1,0,0,121,1,9,1
661593,0,1,0,1,0,0,121,1,9,1
661699,0,1,0,1,0,0,121,1,9,1
661743,1,0,1,0,0,0,121,1,9,1
661793,1,0,0,1,1,0,121,1,9,1
661796,0,0,1,1,0,0,121,1,9,1
661797,0,1,1,0,1,0,121,1,9,1
661819,1,1,0,0,0,0,121,1,9,1
661913,0,0,1,1,0,0,121,1,9,1
662065,0,1,1,0,1,0,121,1,9,1
662089,1,0,0,1,1,0,121,1,9,1
662119,0,1,1,0,1,0,121,1,9,1
662134,0,0,1,1,0,0,121,1,9,1
662139,0,1,0,1,0,0,121,1,9,1
662246,1,0,1,0,0,0,121,1,9,1
662695,1,0,0,1,1,0,121,1,9,1
662726,1,1,1,1,1,0,121,1,9,1
662739,1,0,0,1,1,0,121,1,9,1
662764,0,0,0,0,1,0,121,1,9,1
662845,1,1,0,0,0,0,121,1,9,1
662914,0,1,1,0,1,0,121,1,9,1
662966,0,1,0,1,0,0,121,1,9,1
663051,0,1,1,0,1,0,121,1,9,1
663059,0,0,0,0,1,0,121,1,9,1
663131,1,1,1,1,1,0,121,1,9,1
663204,0,0,0,0,1,0,121,1,9,1
663292,1,0,0,1,1,0,121,1,9,1
663323,1,0,1,0,0,0,121,1,9,1
663374,0,0,0,0,1,0,121,1,9,1
663743,1,1,0,0,0,0,121,1,9,1
663778,1,1,1,1,1,0,121,1,9,1
663938,0,1,1,0,1,0,121,1,9,1
664038,1,1,1,1,1,0,121,1,9,1
664085,1,1,0,0,0,0,121,1,9,1
664453,1,1,0,0,0,0,121,1,9,1
664578,0,0,1,1,0,0,121,1,9,1
664628,0,0,1,1,0,0,121,1,9,1
664707,0,0,0,0,1,0,121,1,9,1
664742,1,1,1,1,1,0,121,1,9,1
664770,0,0,1,1,0,0,121,1,9,1
664804,0,1,1,0,1,0,121,1,9,1
665038,0,0,0,0,1,0,121,1,9,1
665086,0,1,1,0,1,0,121,1,9,1
665114,1,1,1,1,1,0,121,1,9,1
665248,0,0,1,1,0,0,121,1,9,1
665275,1,0,0,1,1,0,121,1,9,1
665317,1,1,0,0,0,0,121,1,9,1
665371,1,0,1,0,0,0,121,1,9,1
665443,0,1,0,1,0,0,121,1,9,1
665643,0,1,1,0,1,0,121,1,9,1
665647,1,1,0,0,0,0,121,1,9,1
665653,1,1,0,0,0,0,121,1,9,1
665761,0,0,0,0,1,0,121,1,9,1
665771,1,0,0,1,1,0,121,1,9,1
665867,0,0,1,1,0,0,121,1,9,1
665897,0,0,0,0,1,0,121,1,9,1
665920,0,0,0,0,1,0,121,1,9,1
665948,1,0,1,0,0,0,121,1,9,1
665969,0,1,1,0,1,0,121,1,9,1
666122,1,1,1,1,1,0,121,1,9,1
666164,0,0,1,1,0,0,121,1,9,1
666197,1,1,0,0,0,0,121,1,9,1
666296,1,1,1,1,1,0,121,1,9,1
666390,1,1,1,1,1,0,121,1,9,1
666483,1,1,1,1,1,0,121,1,9,1
666696,0,1,1,0,1,0,121,1,9,1
666820,1,0,1,0,0,0,121,1,9,1
666882,1,1,1,1,1,0,121,1,9,1
666998,1,1,0,0,0,0,121,1,9,1
667101,1,0,0,1,1,0,121,1,9,1
667168,0,0,0,0,1,0,121,1,9,1
667208,0,0,1,0,0,0,121,1,9,1
667302,1,0,1,0,0,0,121,1,9,1
667427,0,1,1,0,1,0,121,1,9,1
667467,1,0,1,0,0,0,121,1,9,1
667686,0,0,1,1,0,0,121,1,9,1
667990,1,0,0,1,1,0,121,1,9,1
668315,0,1,0,1,0,0,121,1,9,1
668324,0,0,1,1,0,0,121,1,9,1
668348,0,0,1,1,0,0,121,1,9,1
668372,0,0,0,0,1,0,121,1,9,1
668424,1,0,1,0,0,0,121,1,9,1
668766,1,1,1,1,1,0,121,1,9,1
668805,1,1,1,1,1,0,121,1,9,1
668938,1,0,1,0,0,0,121,1,9,1
669320,0,1,1,0,1,0,121,1,9,1
669345,1,0,0,1,1,0,121,1,9,1
669358,1,0,0,1,1,0,121,1,9,1
669536,1,0,0,1,1,0,121,1,9,1
669679,0,1,1,0,1,0,121,1,9,1
669876,1,0,1,0,0,0,121,1,9,1
669888,0,1,1,0,1,0,121,1,9,1
669932,1,0,1,0,0,0,121,1,9,1
669936,0,1,0,1,0,0,121,1,9,1
670125,1,1,1,1,1,0,121,1,9,1
670263,0,1,0,1,0,0,121,1,9,1
670408,0,1,1,0,1,0,121,1,9,1
671157,0,1,0,1,0,0,121,1,9,1
671247,0,0,0,0,1,0,121,1,9,1
671273,1,1,0,0,0,0,121,1,9,1
671288,0,0,1,1,0,0,121,1,9,1
671342,0,0,1,1,0,0,121,1,9,1
671443,1,0,0,1,1,0,121,1,9,1
671581,1,1,1,1,1,0,121,1,9,1
671684,1,0,1,0,0,0,121,1,9,1
671865,0,1,0,1,0,0,121,1,9,1
672297,0,1,0,1,0,0,121,1,9,1
672327,0,1,1,0,1,0,121,1,9,1
672510,0,0,0,0,1,0,121,1,9,1
672614,1,0,0,1,1,0,121,1,9,1
672646,0,0,1,1,0,0,121,1,9,1
672750,0,1,0,1,0,0,121,1,9,1
672847,0,0,1,1,0,0,121,1,9,1
672897,1,0,1,0,0,0,121,1,9,1
672962,1,0,1,0,0,0,121,1,9,1
673515,0,0,0,0,1,0,121,1,9,1
673606,1,1,0,0,0,0,121,1,9,1
674015,0,0,1,1,0,0,121,1,9,1
674261,1,0,0,1,1,0,121,1,9,1
674304,0,1,1,0,1,0,121,1,9,1
674411,1,1,1,1,1,0,121,1,9,1
674465,1,1,1,1,1,0,121,1,9,1
674494,1,1,0,0,0,0,121,1,9,1
674527,0,1,0,1,0,0,121,1,9,1
674621,0,0,1,1,0,0,121,1,9,1
674658,0,1,1,0,1,0,121,1,9,1
674674,1,1,1,1,1,0,121,1,9,1
674696,1,0,0,1,1,0,121,1,9,1
674796,1,1,0,0,0,0,121,1,9,1
674940,1,1,1,1,1,0,121,1,9,1
674979,1,1,0,0,0,0,121,1,9,1
674987,0,1,0,1,0,0,121,1,9,1
675158,1,1,1,1,1,0,121,1,9,1
675524,0,0,0,0,1,0,121,1,9,1
675589,1,1,0,0,0,0,121,1,9,1
675629,0,0,0,0,1,0,121,1,9,1
675692,1,1,1,1,1,0,121,1,9,1
675693,0,1,1,0,1,0,121,1,9,1
675749,0,0,1,1,0,0,121,1,9,1
675908,1,1,0,0,0,0,121,1,9,1
675953,0,0,1,1,0,0,121,1,9,1
676083,1,1,0,0,0,0,121,1,9,1
676151,1,1,0,0,0,0,121,1,9,1
676199,1,0,0,1,1,0,121,1,9,1
676474,0,1,0,1,0,0,121,1,9,1
676538,0,0,1,1,0,0,121,1,9,1
676638,1,1,0,0,0,0,121,1,9,1
676751,1,0,0,1,1,0,121,1,9,1
676764,1,1,0,0,0,0,121,1,9,1
676872,0,0,1,1,0,0,121,1,9,1
676900,1,0,0,1,1,0,121,1,9,1
677045,1,0,0,1,1,0,121,1,9,1
677125,1,1,1,1,1,0,121,1,9,1
677149,0,0,0,0,1,0,121,1,9,1
677160,1,0,0,1,1,0,121,1,9,1
677658,1,1,1,1,1,0,121,1,9,1
677710,0,0,0,0,1,0,121,1,9,1
677724,0,0,1,1,0,0,121,1,9,1
677758,1,1,1,1,1,0,121,1,9,1
677849,1,0,1,0,0,0,121,1,9,1
677853,1,1,0,0,0,0,121,1,9,1
678150,1,1,0,0,0,0,121,1,9,1
678258,1,1,1,1,1,0,121,1,9,1
678315,0,0,1,1,0,0,121,1,9,1
678348,0,1,1,0,1,0,121,1,9,1
678376,1,0,1,0,0,0,121,1,9,1
678487,0,1,0,1,0,0,121,1,9,1
678494,1,1,0,0,0,0,121,1,9,1
678541,1,0,1,0,0,0,121,1,9,1
678733,0,0,0,0,1,0,121,1,9,1
678751,0,1,1,0,1,0,121,1,9,1
679161,0,0,1,1,0,0,121,1,9,1
679378,0,1,0,1,0,0,121,1,9,1
679466,0,1,0,1,0,0,121,1,9,1
679574,0,1,0,1,0,0,121,1,9,1
679781,1,1,1,1,1,0,121,1,9,1
679919,1,1,0,0,0,0,121,1,9,1
679945,0,0,1,1,0,0,121,1,9,1
679966,1,0,0,1,1,0,121,1,9,1
680121,1,0,1,0,0,0,121,1,9,1
680193,1,1,0,0,0,0,121,1,9,1
680218,1,1,0,0,0,0,121,1,9,1
680287,1,1,0,0,0,0,121,1,9,1
680296,1,1,1,1,1,0,121,1,9,1
680477,0,1,1,0,1,0,121,1,9,1
680562,0,1,1,0,1,0,121,1,9,1
681098,1,0,0,1,1,0,121,1,9,1
681112,0,1,1,0,1,0,121,1,9,1
681211,1,0,1,0,0,0,121,1,9,1
681498,0,0,1,0,0,0,121,1,9,1
681671,1,0,1,0,0,0,121,1,9,1
681782,0,1,0,1,0,0,121,1,9,1
681864,1,1,1,1,1,0,121,1,9,1
681879,0,1,0,1,0,0,121,1,9,1
681889,0,1,0,1,0,0,121,1,9,1
681927,0,0,1,1,0,0,121,1,9,1
681997,0,1,0,1,0,0,121,1,9,1
682385,0,1,1,0,1,0,121,1,9,1
682436,0,0,0,0,1,0,121,1,9,1
682638,0,1,0,1,0,0,121,1,9,1
682748,1,1,0,0,0,0,121,1,9,1
682871,0,0,0,0,1,0,121,1,9,1
682907,0,0,1,1,0,0,121,1,9,1
682937,1,1,1,1,1,0,121,1,9,1
683270,1,1,0,0,0,0,121,1,9,1
683369,1,1,1,1,1,0,121,1,9,1
683400,1,0,1,1,0,0,121,1,9,1
683582,1,1,1,1,1,0,121,1,9,1
683732,1,1,1,1,1,0,121,1,9,1
683800,1,1,0,0,0,0,121,1,9,1
683815,0,0,0,0,1,0,121,1,9,1
683839,0,1,0,1,0,0,121,1,9,1
683879,0,0,0,0,1,0,121,1,9,1
683930,1,1,0,0,0,0,121,1,9,1
683943,0,0,1,1,0,0,121,1,9,1
683948,0,1,1,0,1,0,121,1,9,1
683949,0,1,0,0,0,0,121,1,9,1
684070,0,1,1,0,1,0,121,1,9,1
684111,0,0,1,1,0,0,121,1,9,1
684300,1,0,1,0,0,0,121,1,9,1
684328,0,0,0,0,1,0,121,1,9,1
684524,0,0,0,0,1,0,121,1,9,1
684570,1,1,0,0,0,0,121,1,9,1
684605,0,1,1,0,1,0,121,1,9,1
684634,0,0,0,0,1,0,121,1,9,1
684731,0,1,0,1,0,0,121,1,9,1
684737,1,0,0,1,1,0,121,1,9,1
684782,1,0,1,0,0,0,121,1,9,1
684911,0,1,1,0,1,0,121,1,9,1
684994,0,1,0,1,0,0,121,1,9,1
685039,0,0,1,1,0,0,121,1,9,1
685172,1,1,1,1,1,0,121,1,9,1
685221,0,1,1,0,1,0,121,1,9,1
685311,1,0,0,1,1,0,121,1,9,1
685318,0,1,0,1,0,0,121,1,9,1
685722,0,0,1,1,0,0,121,1,9,1
685731,0,1,1,0,1,0,121,1,9,1
685749,1,0,0,1,1,0,121,1,9,1
685839,0,1,1,0,1,0,121,1,9,1
685877,0,1,0,1,0,0,121,1,9,1
685882,1,0,0,1,1,0,121,1,9,1
685893,1,0,1,0,0,0,121,1,9,1
685959,1,1,1,1,1,0,121,1,9,1
686017,1,1,1,1,1,0,121,1,9,1
686060,1,0,1,0,0,0,121,1,9,1
686127,0,0,0,0,1,0,121,1,9,1
686181,1,0,1,0,0,0,121,1,9,1
686225,1,1,0,0,0,0,121,1,9,1
686244,0,1,1,0,1,0,121,1,9,1
686349,1,0,1,0,0,0,121,1,9,1
686608,0,1,0,1,0,0,121,1,9,1
686638,1,0,0,1,1,0,121,1,9,1
686657,1,0,0,1,1,0,121,1,9,1
686771,1,1,1,1,1,0,121,1,9,1
686971,1,0,1,1,0,0,121,1,9,1
687005,1,0,0,1,1,0,121,1,9,1
687161,0,1,1,0,1,0,121,1,9,1
687206,1,0,1,1,0,0,121,1,9,1
687239,0,0,0,0,1,0,121,1,9,1
687439,0,1,1,0,1,0,121,1,9,1
687465,0,0,0,0,1,0,121,1,9,1
687531,0,1,1,0,1,0,121,1,9,1
687721,0,1,1,0,1,0,121,1,9,1
687802,0,0,1,0,0,0,121,1,9,1
687841,1,0,0,1,1,0,121,1,9,1
687895,1,0,0,1,1,0,121,1,9,1
687897,1,1,0,0,0,0,121,1,9,1
687948,0,0,1,1,0,0,121,1,9,1
688361,0,0,1,1,0,0,121,1,9,1
688455,0,0,1,1,0,0,121,1,9,1
688490,0,1,0,1,0,0,121,1,9,1
688641,1,1,1,1,1,0,121,1,9,1
688920,1,1,1,1,1,0,121,1,9,1
689183,1,0,0,1,1,0,121,1,9,1
689233,1,1,0,0,0,0,121,1,9,1
689392,1,0,0,1,1,0,121,1,9,1
689502,0,1,1,0,1,0,121,1,9,1
689585,1,1,0,0,0,0,121,1,9,1
689669,1,1,1,1,1,0,121,1,9,1
689815,1,0,1,0,0,0,121,1,9,1
689819,1,0,0,1,1,0,121,1,9,1
689965,0,0,0,0,1,0,121,1,9,1
689973,0,0,0,0,1,0,121,1,9,1
690037,0,1,0,1,0,0,121,1,9,1
690038,1,0,0,1,1,0,121,1,9,1
690040,0,0,0,0,1,0,121,1,9,1
690145,1,1,0,0,0,0,121,1,9,1
690171,0,0,1,1,0,0,121,1,9,1
690454,1,1,0,0,0,0,121,1,9,1
690489,1,0,1,0,0,0,121,1,9,1
690596,0,0,0,0,1,0,121,1,9,1
690699,1,1,1,1,1,0,121,1,9,1
690798,1,1,0,0,0,0,121,1,9,1
691068,0,0,0,0,1,0,121,1,9,1
691074,0,0,1,1,0,0,121,1,9,1
691146,1,0,1,0,0,0,121,1,9,1
691345,0,0,0,0,1,0,121,1,9,1
691451,1,0,0,1,1,0,121,1,9,1
691478,0,1,0,1,0,0,121,1,9,1
691490,0,1,1,0,1,0,121,1,9,1
691519,0,0,1,1,0,0,121,1,9,1
691651,0,1,1,0,1,0,121,1,9,1
691684,0,1,1,0,1,0,121,1,9,1
691692,1,1,1,1,1,0,121,1,9,1
691708,0,1,0,1,0,0,121,1,9,1
691744,1,0,0,1,1,0,121,1,9,1
691792,1,1,1,1,1,0,121,1,9,1
691913,0,0,0,0,1,0,121,1,9,1
692021,0,0,1,1,0,0,121,1,9,1
692048,0,1,1,0,1,0,121,1,9,1
692341,0,1,1,0,1,0,121,1,9,1
692372,1,0,0,1,1,0,121,1,9,1
692568,1,0,1,0,0,0,121,1,9,1
692595,0,1,0,1,0,0,121,1,9,1
692616,0,0,0,0,1,0,121,1,9,1
692716,1,1,0,0,0,0,121,1,9,1
692806,0,0,0,0,1,0,121,1,9,1
692847,0,1,1,0,1,0,121,1,9,1
692935,0,0,0,0,1,0,121,1,9,1
692985,1,1,0,0,0,0,121,1,9,1
693002,0,1,0,1,0,0,121,1,9,1
693015,1,0,1,0,0,0,121,1,9,1
693073,0,1,1,0,1,0,121,1,9,1
693212,1,1,1,1,1,0,121,1,9,1
693294,0,1,0,1,0,0,121,1,9,1
693438,0,1,1,0,1,0,121,1,9,1
693474,1,0,0,1,1,0,121,1,9,1
693528,0,0,1,1,0,0,121,1,9,1
693530,1,0,0,1,1,0,121,1,9,1
693583,1,1,0,0,0,0,121,1,9,1
694138,0,0,1,1,0,0,121,1,9,1
694147,0,0,1,1,0,0,121,1,9,1
694272,0,0,1,1,0,0,121,1,9,1
694323,0,1,1,0,1,0,121,1,9,1
694330,0,0,0,0,1,0,121,1,9,1
694366,1,0,0,1,1,0,121,1,9,1
694406,0,1,0,1,0,0,121,1,9,1
694439,1,0,1,0,0,0,121,1,9,1
694541,1,1,1,1,1,0,121,1,9,1
694610,1,1,0,0,0,0,121,1,9,1
694618,0,1,0,1,0,0,121,1,9,1
694715,1,0,0,1,1,0,121,1,9,1
694991,1,1,0,0,0,0,121,1,9,1
694995,0,1,1,0,1,0,121,1,9,1
695207,0,1,0,1,0,0,121,1,9,1
695315,0,0,1,1,0,0,121,1,9,1
695719,0,1,0,1,0,0,121,1,9,1
695746,0,0,1,1,0,0,121,1,9,1
695859,1,1,0,0,0,0,121,1,9,1
695944,0,1,1,0,1,0,121,1,9,1
696071,0,1,1,0,1,0,121,1,9,1
696259,0,0,1,1,0,0,121,1,9,1
696541,1,1,0,0,0,0,121,1,9,1
696973,0,0,0,0,1,0,121,1,9,1
697017,0,1,0,1,0,0,121,1,9,1
697112,1,0,1,0,0,0,121,1,9,1
697203,0,0,0,0,1,0,121,1,9,1
697261,0,0,1,1,0,0,121,1,9,1
697582,1,1,1,1,1,0,121,1,9,1
697643,0,1,0,1,0,0,121,1,9,1
697690,1,0,0,1,1,0,121,1,9,1
697888,1,0,0,1,1,0,121,1,9,1
697910,1,1,1,1,1,0,121,1,9,1
698074,0,0,0,0,1,0,121,1,9,1
698186,1,1,0,0,0,0,121,1,9,1
698207,0,0,0,0,1,0,121,1,9,1
698333,1,1,0,0,0,0,121,1,9,1
698359,0,0,1,1,0,0,121,1,9,1
698398,1,0,0,1,1,0,121,1,9,1
698476,1,0,1,0,0,0,121,1,9,1
698488,0,1,0,1,0,0,121,1,9,1
698518,0,0,1,1,0,0,121,1,9,1
698534,0,1,1,0,1,0,121,1,9,1
698535,1,1,0,0,0,0,121,1,9,1
698578,1,0,0,1,1,0,121,1,9,1
698609,0,0,0,0,1,0,121,1,9,1
698656,1,0,1,0,0,0,121,1,9,1
698670,1,0,0,1,1,0,121,1,9,1
698901,0,0,0,0,1,0,121,1,9,1
699035,1,0,1,0,0,0,121,1,9,1
699424,1,0,0,1,1,0,121,1,9,1
699432,1,1,0,0,0,0,121,1,9,1
699466,0,1,0,1,0,0,121,1,9,1
699475,0,1,1,0,1,0,121,1,9,1
699476,0,1,0,1,0,0,121,1,9,1
699477,0,0,1,1,0,0,121,1,9,1
699517,1,0,1,0,0,0,121,1,9,1
699583,0,0,1,1,0,0,121,1,9,1
700140,0,1,1,0,1,0,121,1,9,1
700255,0,1,0,1,0,0,121,1,9,1
700629,1,0,1,0,0,0,121,1,9,1
700666,0,1,1,0,1,0,121,1,9,1
700702,1,1,1,1,1,0,121,1,9,1
700736,1,0,1,0,0,0,121,1,9,1
700748,1,0,1,0,0,0,121,1,9,1
700779,0,0,1,1,0,0,121,1,9,1
700847,1,0,1,0,0,0,121,1,9,1
700848,1,1,1,1,1,0,121,1,9,1
701010,1,1,1,1,1,0,121,1,9,1
701103,0,1,1,0,1,0,121,1,9,1
701377,0,0,1,1,0,0,121,1,9,1
701627,0,1,1,0,1,0,121,1,9,1
701678,1,1,0,0,0,0,121,1,9,1
701811,0,1,1,0,1,0,121,1,9,1
701922,1,1,0,0,0,0,121,1,9,1
701969,0,0,1,1,0,0,121,1,9,1
702531,0,1,1,1,1,1,121,1,9,1
702570,1,1,0,0,0,0,121,1,9,1
702627,0,0,1,1,0,0,121,1,9,1
702651,1,1,1,1,1,0,121,1,9,1
702721,0,1,1,0,1,0,121,1,9,1
702830,0,1,0,1,0,0,121,1,9,1
702943,1,1,0,0,0,0,121,1,9,1
703033,1,1,1,1,1,0,121,1,9,1
703058,1,0,1,0,0,0,121,1,9,1
703126,0,0,1,1,0,0,121,1,9,1
703146,0,1,1,0,1,0,121,1,9,1
703562,1,0,0,1,1,0,121,1,9,1
703608,1,0,0,1,1,0,121,1,9,1
703640,1,0,1,0,0,0,121,1,9,1
704386,0,1,0,0,0,0,121,1,9,1
704478,1,1,0,0,0,0,121,1,9,1
704533,0,1,0,1,0,0,121,1,9,1
704566,0,1,1,0,1,0,121,1,9,1
704623,0,1,1,0,1,0,121,1,9,1
704791,1,1,1,1,1,0,121,1,9,1
704856,0,1,0,1,0,0,121,1,9,1
704888,1,0,0,1,1,0,121,1,9,1
704951,1,0,1,1,0,0,121,1,9,1
705008,1,0,0,1,1,0,121,1,9,1
705074,0,0,0,0,1,0,121,1,9,1
705079,0,0,0,0,1,0,121,1,9,1
705090,1,1,1,1,1,0,121,1,9,1
705128,0,0,1,1,0,0,121,1,9,1
705158,1,0,0,1,1,0,121,1,9,1
705183,0,0,0,0,1,0,121,1,9,1
705239,0,0,1,1,0,0,121,1,9,1
705251,1,1,1,1,1,0,121,1,9,1
705572,1,0,0,1,1,0,121,1,9,1
705585,0,1,0,1,0,0,121,1,9,1
705689,0,0,1,1,0,0,121,1,9,1
705984,1,0,0,1,1,0,121,1,9,1
706088,0,0,0,0,1,0,121,1,9,1
706197,1,0,1,0,0,0,121,1,9,1
706275,1,1,1,1,1,0,121,1,9,1
706301,0,1,0,1,0,0,121,1,9,1
706485,1,0,1,0,0,0,121,1,9,1
706530,1,1,0,0,0,0,121,1,9,1
706566,1,1,0,0,0,0,121,1,9,1
706791,0,0,1,1,0,0,121,1,9,1
706872,1,0,0,1,1,0,121,1,9,1
706881,0,0,0,0,1,0,121,1,9,1
707013,0,1,1,0,1,0,121,1,9,1
707284,0,1,1,0,1,0,121,1,9,1
707359,1,1,0,0,0,0,121,1,9,1
707413,1,0,0,1,1,0,121,1,9,1
707493,0,1,1,0,1,0,121,1,9,1
707499,1,0,1,0,0,0,121,1,9,1
707608,0,0,1,1,0,0,121,1,9,1
707637,0,1,1,0,1,0,121,1,9,1
707638,0,1,1,0,1,0,121,1,9,1
707881,0,1,0,1,0,0,121,1,9,1
707904,1,1,1,1,1,0,121,1,9,1
708054,0,1,1,0,1,0,121,1,9,1
708091,1,0,0,1,1,0,121,1,9,1
708094,1,0,0,1,1,0,121,1,9,1
708328,0,0,1,1,0,0,121,1,9,1
708405,1,0,0,1,1,0,121,1,9,1
708526,0,1,1,0,1,0,121,1,9,1
708651,1,1,1,1,1,0,121,1,9,1
708657,0,0,0,0,1,0,121,1,9,1
708698,0,0,0,0,1,0,121,1,9,1
708826,1,1,1,1,1,0,121,1,9,1
708831,0,0,1,1,0,0,121,1,9,1
708854,1,0,1,0,0,0,121,1,9,1
709025,0,0,1,1,0,0,121,1,9,1
709122,1,0,0,1,1,0,121,1,9,1
709298,1,1,0,0,0,0,121,1,9,1
709337,0,0,1,1,0,0,121,1,9,1
709466,0,1,1,0,1,0,121,1,9,1
709560,1,0,1,0,0,0,121,1,9,1
709615,0,0,0,0,1,0,121,1,9,1
709674,1,1,1,1,1,0,121,1,9,1
709726,1,0,0,1,1,0,121,1,9,1
709816,0,1,1,0,1,0,121,1,9,1
710146,0,1,1,0,1,0,121,1,9,1
710252,1,1,1,1,1,0,121,1,9,1
710314,1,0,0,1,1,0,121,1,9,1
710935,0,0,0,0,1,0,121,1,9,1
710971,1,1,1,1,1,0,121,1,9,1
711147,0,0,1,0,0,0,121,1,9,1
711212,0,1,1,0,1,0,121,1,9,1
711322,1,1,0,0,0,0,121,1,9,1
711363,0,0,1,1,0,0,121,1,9,1
711560,1,0,1,0,0,0,121,1,9,1
711610,0,0,0,1,1,1,121,1,9,1
711878,0,1,1,0,1,0,121,1,9,1
712095,1,1,0,0,0,0,121,1,9,1
712220,1,0,1,0,0,0,121,1,9,1
712244,1,1,0,0,0,0,121,1,9,1
712307,1,0,0,1,1,0,121,1,9,1
712322,0,0,0,0,1,0,121,1,9,1
712507,1,0,1,0,0,0,121,1,9,1
712537,1,1,1,1,1,0,121,1,9,1
712613,1,1,0,0,0,0,121,1,9,1
712697,1,1,0,0,0,0,121,1,9,1
712751,1,0,1,0,0,0,121,1,9,1
712805,0,0,1,1,0,0,121,1,9,1
712838,1,0,0,1,1,0,121,1,9,1
712940,0,1,1,0,1,0,121,1,9,1
712980,0,0,0,0,1,0,121,1,9,1
712989,1,0,0,1,1,0,121,1,9,1
713195,1,1,0,0,0,0,121,1,9,1
713525,0,1,1,0,1,0,121,1,9,1
713545,0,1,1,0,1,0,121,1,9,1
713727,1,1,0,0,0,0,121,1,9,1
713864,1,0,0,1,1,0,121,1,9,1
714136,0,1,0,1,0,0,121,1,9,1
714254,1,0,0,0,1,1,121,1,9,1
714349,0,0,0,0,1,0,121,1,9,1
714418,0,1,1,0,1,0,121,1,9,1
714420,1,0,1,0,0,0,121,1,9,1
714570,1,1,1,1,1,0,121,1,9,1
714780,1,0,1,0,0,0,121,1,9,1
714815,0,0,0,0,1,0,121,1,9,1
714829,0,0,0,0,1,0,121,1,9,1
715169,0,1,1,0,1,0,121,1,9,1
715206,1,0,1,0,0,0,121,1,9,1
715336,1,0,1,0,0,0,121,1,9,1
715343,0,0,1,1,0,0,121,1,9,1
715441,1,1,1,1,1,0,121,1,9,1
715510,1,1,1,1,1,0,121,1,9,1
715529,0,0,0,0,1,0,121,1,9,1
715541,0,0,1,1,0,0,121,1,9,1
715862,1,1,0,0,0,0,121,1,9,1
716396,1,1,0,0,0,0,121,1,9,1
716418,1,1,1,1,1,0,121,1,9,1
716566,1,1,1,0,1,1,121,1,9,1
716746,1,1,1,1,1,0,121,1,9,1
716757,1,0,0,1,1,0,121,1,9,1
716997,0,0,1,1,0,0,121,1,9,1
717020,0,1,0,1,0,0,121,1,9,1
717153,0,0,0,0,1,0,121,1,9,1
717266,1,0,0,1,1,0,121,1,9,1
717329,0,1,0,1,0,0,121,1,9,1
717473,1,1,1,1,1,0,121,1,9,1
717594,0,1,0,1,0,0,121,1,9,1
717685,0,1,1,0,1,0,121,1,9,1
717800,1,1,1,1,1,0,121,1,9,1
717804,0,1,0,1,0,0,121,1,9,1
717940,1,1,0,0,0,0,121,1,9,1
717962,0,0,1,1,0,0,121,1,9,1
718146,1,1,1,1,1,0,121,1,9,1
718157,0,0,1,1,0,0,121,1,9,1
718251,0,0,1,1,0,0,121,1,9,1
718315,1,1,0,0,0,0,121,1,9,1
718323,0,0,0,0,1,0,121,1,9,1
718369,0,0,1,1,0,0,121,1,9,1
718397,1,1,0,0,0,0,121,1,9,1
718697,0,1,1,0,1,0,121,1,9,1
718884,1,0,0,1,1,0,121,1,9,1
719097,1,0,1,0,0,0,121,1,9,1
719187,0,1,1,0,1,0,121,1,9,1
719427,0,0,0,0,1,0,121,1,9,1
719437,0,0,1,1,0,0,121,1,9,1
719474,1,1,1,1,1,0,121,1,9,1
719490,1,1,0,0,0,0,121,1,9,1
719637,1,0,1,0,0,0,121,1,9,1
719666,1,1,1,1,1,0,121,1,9,1
719676,0,1,0,1,0,0,121,1,9,1
719838,0,1,0,1,0,0,121,1,9,1
720126,1,1,1,1,1,0,121,1,9,1
720168,0,1,0,1,0,0,121,1,9,1
720395,0,1,0,1,0,0,121,1,9,1
720512,0,1,1,0,1,0,121,1,9,1
720556,1,0,1,0,0,0,121,1,9,1
720824,1,0,0,1,1,0,121,1,9,1
720924,1,1,0,0,0,0,173,1,9,1
720943,1,0,0,1,1,0,173,1,9,1
720954,0,0,1,1,0,0,173,1,9,1
720999,1,0,1,0,0,0,173,1,9,1
721009,0,0,1,1,0,0,173,1,9,1
721032,1,0,1,0,0,0,173,1,9,1
721068,1,1,1,1,1,0,173,1,9,1
721127,1,1,0,0,0,0,173,1,9,1
721159,0,0,1,1,0,0,173,1,9,1
721311,0,0,0,0,1,0,173,1,9,1
721564,0,1,0,1,0,0,173,1,9,1
721644,1,0,0,1,1,0,173,1,9,1
721900,0,0,0,0,1,0,173,1,9,1
722071,1,0,0,1,1,0,173,1,9,1
722101,0,1,0,1,0,0,173,1,9,1
722230,1,0,1,0,0,0,173,1,9,1
722270,1,0,1,0,0,0,173,1,9,1
722301,0,0,1,1,0,0,173,1,9,1
722321,1,0,1,0,0,0,173,1,9,1
722368,1,0,1,0,0,0,173,1,9,1
722369,1,1,1,1,1,0,173,1,9,1
722373,0,0,1,0,0,0,173,1,9,1
722389,1,0,0,1,1,0,173,1,9,1
722395,1,1,0,0,0,0,173,1,9,1
722508,0,0,0,0,1,0,173,1,9,1
722510,1,1,1,1,1,0,173,1,9,1
722521,1,1,1,1,1,0,173,1,9,1
722744,0,1,0,1,0,0,173,1,9,1
722892,1,1,1,1,1,0,173,1,9,1
723024,1,1,0,0,0,0,173,1,9,1
723046,0,0,1,1,0,0,173,1,9,1
723080,0,1,0,1,0,0,173,1,9,1
723090,0,1,0,1,0,0,173,1,9,1
723152,1,1,1,1,1,0,173,1,9,1
723201,0,1,0,1,0,0,173,1,9,1
723269,1,1,0,0,0,0,173,1,9,1
723289,1,0,0,1,1,0,173,1,9,1
723347,1,0,1,0,0,0,173,1,9,1
723476,1,0,1,0,0,0,173,1,9,1
723500,1,1,0,0,0,0,173,1,9,1
723534,0,1,1,0,1,0,173,1,9,1
723538,0,1,1,0,1,0,173,1,9,1
723761,0,0,0,0,1,0,173,1,9,1
723919,1,1,0,0,0,0,173,1,9,1
723937,1,1,0,0,0,0,173,1,9,1
723987,1,1,1,1,1,0,173,1,9,1
724043,1,0,0,1,1,0,173,1,9,1
724122,1,1,1,1,1,0,173,1,9,1
724292,0,0,1,1,0,0,173,1,9,1
724325,1,1,1,1,1,0,173,1,9,1
724335,1,1,0,0,0,0,173,1,9,1
724369,0,0,1,1,0,0,173,1,9,1
724522,0,1,1,0,1,0,173,1,9,1
724545,1,0,0,1,1,0,173,1,9,1
724565,0,1,0,1,0,0,173,1,9,1
724566,0,0,1,1,0,0,173,1,9,1
724598,0,1,1,0,1,0,173,1,9,1
724641,0,1,0,0,0,0,173,1,9,1
724780,1,0,1,0,0,0,173,1,9,1
724786,1,1,1,1,1,0,173,1,9,1
724853,1,0,1,0,0,0,173,1,9,1
724894,0,0,0,0,1,0,173,1,9,1
724933,1,1,1,1,1,0,173,1,9,1
724976,0,1,0,1,0,0,173,1,9,1
725167,0,1,0,1,0,0,173,1,9,1
725247,0,0,0,0,1,0,173,1,9,1
725266,1,1,0,0,0,0,173,1,9,1
725270,0,1,0,1,0,0,173,1,9,1
725325,0,0,1,1,0,0,173,1,9,1
725435,1,0,1,0,0,0,173,1,9,1
725581,1,0,1,0,0,0,173,1,9,1
725604,1,0,1,0,0,0,173,1,9,1
725609,0,1,0,1,0,0,173,1,9,1
725611,0,1,1,1,1,1,173,1,9,1
725726,0,0,0,0,1,0,173,1,9,1
725832,1,1,0,0,0,0,173,1,9,1
725853,0,0,0,0,1,0,173,1,9,1
725918,1,1,0,0,0,0,173,1,9,1
725969,0,1,0,1,0,0,173,1,9,1
726035,1,0,1,0,0,0,173,1,9,1
726054,1,0,0,1,1,0,173,1,9,1
726101,1,1,0,0,0,0,173,1,9,1
726252,0,1,1,0,1,0,173,1,9,1
726406,1,1,1,1,1,0,173,1,9,1
726427,0,0,0,0,1,0,173,1,9,1
726753,0,0,0,0,1,0,173,1,9,1
726799,0,0,0,0,1,0,173,1,9,1
726898,0,0,1,1,0,0,173,1,9,1
726985,0,1,0,1,0,0,173,1,9,1
727038,0,1,0,1,0,0,173,1,9,1
727152,0,0,0,0,1,0,173,1,9,1
727168,0,0,1,1,0,0,173,1,9,1
727312,1,0,0,1,1,0,173,1,9,1
727509,0,1,1,0,1,0,173,1,9,1
727658,0,1,1,0,1,0,173,1,9,1
727659,0,0,0,0,1,0,173,1,9,1
727683,1,1,1,1,1,0,173,1,9,1
727726,0,0,1,1,0,0,173,1,9,1
727766,1,1,1,1,1,0,173,1,9,1
727828,1,0,0,1,1,0,173,1,9,1
727849,0,1,1,0,1,0,173,1,9,1
727870,0,0,0,0,1,0,173,1,9,1
727900,1,0,0,1,1,0,173,1,9,1
727924,1,0,0,1,1,0,173,1,9,1
727990,0,0,1,1,0,0,173,1,9,1
728124,0,1,1,0,1,0,173,1,9,1
728132,1,1,1,1,1,0,173,1,9,1
728145,1,1,1,1,1,0,173,1,9,1
728608,0,1,1,0,1,0,173,1,9,1
728791,0,1,1,0,1,0,173,1,9,1
728795,1,1,0,0,0,0,173,1,9,1
728976,1,1,0,0,0,0,173,1,9,1
729158,1,0,1,0,0,0,173,1,9,1
729172,0,1,1,0,1,0,173,1,9,1
729333,1,1,1,1,1,0,173,1,9,1
729347,1,1,1,1,1,0,173,1,9,1
729372,0,1,0,1,0,0,173,1,9,1
729377,0,1,0,1,0,0,173,1,9,1
729508,1,0,1,0,0,0,173,1,9,1
729527,1,1,1,1,1,0,173,1,9,1
729547,0,0,0,0,1,0,173,1,9,1
729600,1,0,0,1,1,0,173,1,9,1
729631,1,0,1,1,0,0,173,1,9,1
729750,1,1,1,1,1,0,173,1,9,1
729792,1,0,1,0,0,0,173,1,9,1
729931,0,0,1,1,0,0,173,1,9,1
729939,0,1,0,1,0,0,173,1,9,1
729952,0,0,0,0,1,0,173,1,9,1
730003,1,1,0,0,0,0,173,1,9,1
730196,0,0,0,0,1,0,173,1,9,1
730287,0,0,0,0,1,0,173,1,9,1
730328,1,1,1,1,1,0,173,1,9,1
730371,1,1,1,1,1,0,173,1,9,1
730437,0,1,0,1,0,0,173,1,9,1
730448,0,0,1,1,0,0,173,1,9,1
730471,0,0,1,1,0,0,173,1,9,1
730657,0,0,0,0,1,0,173,1,9,1
730756,1,1,0,0,0,0,173,1,9,1
730765,0,0,0,0,1,0,173,1,9,1
730837,0,0,1,1,0,0,173,1,9,1
730867,1,1,0,0,0,0,173,1,9,1
731081,0,1,1,0,1,0,173,1,9,1
731107,0,0,0,0,1,0,173,1,9,1
731161,0,1,1,0,1,0,173,1,9,1
731171,0,1,0,1,0,0,173,1,9,1
731269,0,0,0,0,1,0,173,1,9,1
731419,1,1,1,1,1,0,173,1,9,1
731553,0,1,0,1,0,0,173,1,9,1
731699,0,1,0,1,0,0,173,1,9,1
731713,0,1,0,1,0,0,173,1,9,1
731746,1,1,0,0,0,0,173,1,9,1
731788,0,0,1,1,0,0,173,1,9,1
731827,0,0,1,1,0,0,173,1,9,1
731830,0,0,1,1,0,0,173,1,9,1
732003,1,1,0,0,0,0,173,1,9,1
732207,1,1,1,1,1,0,173,1,9,1
732307,0,1,1,1,1,1,173,1,9,1
732345,1,0,0,1,1,0,173,1,9,1
732503,0,1,1,0,1,0,173,1,9,1
732505,1,0,0,1,1,0,173,1,9,1
732639,1,1,0,0,0,0,173,1,9,1
732669,1,0,1,0,0,0,173,1,9,1
732730,0,0,1,1,0,0,173,1,9,1
732745,1,1,1,1,1,0,173,1,9,1
732789,1,0,0,1,1,0,173,1,9,1
732885,1,1,0,0,0,0,173,1,9,1
732896,1,1,1,1,1,0,173,1,9,1
732952,1,0,1,0,0,0,173,1,9,1
732980,0,1,0,1,0,0,173,1,9,1
733013,1,1,1,1,1,0,173,1,9,1
733029,0,0,0,0,1,0,173,1,9,1
733046,0,0,0,0,1,0,173,1,9,1
733174,0,1,0,1,0,0,173,1,9,1
733281,1,1,1,1,1,0,173,1,9,1
733395,1,0,1,0,0,0,173,1,9,1
733401,1,0,1,0,0,0,173,1,9,1
733454,1,0,0,1,1,0,173,1,9,1
733470,1,1,0,0,0,0,173,1,9,1
733520,0,1,1,0,1,0,173,1,9,1
733541,1,1,1,1,1,0,173,1,9,1
733586,0,0,0,0,1,0,173,1,9,1
733665,0,1,0,1,0,0,173,1,9,1
733675,1,0,1,0,0,0,173,1,9,1
733746,1,1,1,1,1,0,173,1,9,1
733750,1,0,1,0,0,0,173,1,9,1
733777,1,1,1,1,1,0,173,1,9,1
733874,1,1,0,0,0,0,173,1,9,1
734151,0,0,0,0,1,0,173,1,9,1
734171,0,0,1,1,0,0,173,1,9,1
734177,0,1,0,1,0,0,173,1,9,1
734188,0,1,1,0,1,0,173,1,9,1
734220,0,1,1,0,1,0,173,1,9,1
734364,0,1,0,1,0,0,173,1,9,1
734503,1,1,0,0,0,0,173,1,9,1
734561,1,0,0,1,1,0,173,1,9,1
734594,1,1,1,1,1,0,173,1,9,1
734797,1,1,1,1,1,0,173,1,9,1
734851,0,0,0,0,1,0,173,1,9,1
734900,1,1,1,1,1,0,173,1,9,1
734906,1,1,1,1,1,0,173,1,9,1
735010,1,0,0,1,1,0,173,1,9,1
735125,1,0,1,0,0,0,173,1,9,1
735186,0,0,0,0,1,0,173,1,9,1
735425,0,1,1,0,1,0,173,1,9,1
735440,1,1,0,0,0,0,173,1,9,1
735464,0,1,0,1,0,0,173,1,9,1
735676,1,0,0,1,1,0,173,1,9,1
735723,1,0,0,1,1,0,173,1,9,1
735835,1,1,0,0,0,0,173,1,9,1
735884,0,1,1,0,1,0,173,1,9,1
735909,0,0,1,1,0,0,173,1,9,1
735978,0,1,1,0,1,0,173,1,9,1
736095,0,1,0,1,0,0,173,1,9,1
736151,0,0,0,0,1,0,173,1,9,1
736176,0,1,1,0,1,0,173,1,9,1
736241,0,0,1,1,0,0,173,1,9,1
736264,0,0,0,0,1,0,173,1,9,1
736403,1,1,0,0,0,0,173,1,9,1
736438,0,0,1,1,0,0,173,1,9,1
736469,0,0,1,1,0,0,173,1,9,1
736527,0,1,0,1,0,0,173,1,9,1
736643,0,1,0,1,0,0,173,1,9,1
736672,1,0,0,1,1,0,173,1,9,1
736685,1,0,1,0,0,0,173,1,9,1
736849,1,1,0,0,0,0,173,1,9,1
736868,1,1,0,0,0,0,173,1,9,1
736880,1,1,1,1,1,0,173,1,9,1
737122,0,1,1,0,1,0,173,1,9,1
737156,1,1,1,1,1,0,173,1,9,1
737257,0,0,1,1,0,0,173,1,9,1
737327,0,0,1,1,0,0,173,1,9,1
737426,1,0,0,1,1,0,173,1,9,1
737443,1,0,0,1,1,0,173,1,9,1
737464,1,1,0,0,0,0,173,1,9,1
737576,1,1,0,0,0,0,173,1,9,1
737622,1,0,1,0,0,0,173,1,9,1
737672,0,0,1,0,0,0,173,1,9,1
737739,0,0,1,1,0,0,173,1,9,1
737754,1,0,0,1,1,0,173,1,9,1
737810,0,1,0,1,0,0,173,1,9,1
737829,1,0,1,0,0,0,173,1,9,1
737844,0,1,1,0,1,0,173,1,9,1
737949,0,0,1,1,0,0,173,1,9,1
738590,1,1,0,0,0,0,173,1,9,1
738758,0,0,0,0,1,0,173,1,9,1
738800,1,0,0,1,1,0,173,1,9,1
738915,1,1,0,0,0,0,173,1,9,1
738938,1,1,1,1,1,0,173,1,9,1
739023,1,0,0,1,1,0,173,1,9,1
739035,0,0,0,0,1,0,173,1,9,1
739111,0,0,0,0,1,0,173,1,9,1
739151,1,0,1,0,0,0,173,1,9,1
739196,0,1,1,1,1,1,173,1,9,1
739264,1,0,0,1,1,0,173,1,9,1
739353,1,1,1,1,1,0,173,1,9,1
739365,0,1,1,0,1,0,173,1,9,1
739404,0,1,1,0,1,0,173,1,9,1
739443,0,0,1,1,0,0,173,1,9,1
739500,0,0,1,1,0,0,173,1,9,1
739667,1,0,1,0,0,0,173,1,9,1
739674,0,0,1,1,0,0,173,1,9,1
739695,0,1,1,0,1,0,173,1,9,1
739706,1,1,0,0,0,0,173,1,9,1
739754,1,1,1,1,1,0,173,1,9,1
739774,0,0,1,1,0,0,173,1,9,1
739781,0,1,1,0,1,0,173,1,9,1
739876,1,0,0,1,1,0,173,1,9,1
739879,0,1,1,0,1,0,173,1,9,1
739987,0,1,0,1,0,0,173,1,9,1
740018,1,1,1,1,1,0,173,1,9,1
740065,1,1,1,1,1,0,173,1,9,1
740296,0,0,1,1,0,0,173,1,9,1
740391,1,0,0,1,1,0,173,1,9,1
740733,0,1,0,1,0,0,173,1,9,1
740790,0,0,1,1,0,0,173,1,9,1
740811,1,0,1,0,0,0,173,1,9,1
740832,0,1,1,0,1,0,173,1,9,1
740904,1,1,1,1,1,0,173,1,9,1
740964,1,0,0,1,1,0,173,1,9,1
741055,0,0,0,0,1,0,173,1,9,1
741196,0,1,1,0,1,0,173,1,9,1
741255,0,1,0,1,0,0,173,1,9,1
741303,1,0,1,0,0,0,173,1,9,1
741317,1,1,0,0,0,0,173,1,9,1
741327,0,1,0,1,0,0,173,1,9,1
741343,0,0,1,1,0,0,173,1,9,1
741363,0,0,0,1,1,1,173,1,9,1
741372,1,0,1,0,0,0,173,1,9,1
741465,1,0,1,0,0,0,173,1,9,1
741584,1,1,0,0,0,0,173,1,9,1
741626,0,0,1,1,0,0,173,1,9,1
741716,0,1,1,0,1,0,173,1,9,1
741785,1,0,0,1,1,0,173,1,9,1
741797,1,0,1,0,0,0,173,1,9,1
741845,1,0,1,1,0,0,173,1,9,1
742002,0,1,0,0,0,0,173,1,9,1
742460,1,0,0,1,1,0,173,1,9,1
742463,0,0,1,1,0,0,173,1,9,1
742478,0,1,1,0,1,0,173,1,9,1
742520,0,1,1,0,1,0,173,1,9,1
742546,1,1,0,0,0,0,173,1,9,1
742595,0,1,0,1,0,0,173,1,9,1
742736,0,0,1,1,0,0,173,1,9,1
742750,0,1,0,1,0,0,173,1,9,1
742850,1,0,1,1,0,0,173,1,9,1
743031,1,1,0,1,0,0,173,1,9,1
743057,1,1,0,0,0,0,173,1,9,1
743081,0,1,1,1,1,1,173,1,9,1
743150,1,0,1,0,0,0,173,1,9,1
743230,0,0,0,0,1,0,173,1,9,1
743347,0,1,1,0,1,0,173,1,9,1
743569,0,1,0,1,0,0,173,1,9,1
743571,0,1,1,0,1,0,173,1,9,1
743595,0,1,1,0,1,0,173,1,9,1
743631,1,0,0,1,1,0,173,1,9,1
743632,1,1,1,1,1,0,173,1,9,1
743692,1,1,0,0,0,0,173,1,9,1
743700,1,0,1,0,0,0,173,1,9,1
743776,1,1,0,0,0,0,173,1,9,1
743782,1,1,1,1,1,0,173,1,9,1
743828,1,1,0,0,0,0,173,1,9,1
743891,0,1,0,1,0,0,173,1,9,1
743967,1,0,1,0,0,0,173,1,9,1
744023,1,0,0,1,1,0,173,1,9,1
744102,0,0,1,1,0,0,173,1,9,1
744150,1,1,0,0,0,0,173,1,9,1
744243,0,1,0,1,0,0,173,1,9,1
744296,1,1,1,1,1,0,173,1,9,1
744374,1,1,0,0,0,0,173,1,9,1
744397,1,0,1,0,0,0,173,1,9,1
744413,0,1,0,1,0,0,173,1,9,1
744539,0,0,1,1,0,0,173,1,9,1
744690,0,0,1,1,0,0,173,1,9,1
745047,0,0,0,0,1,0,173,1,9,1
745140,1,0,1,0,0,0,173,1,9,1
745151,0,1,1,0,1,0,173,1,9,1
745180,0,0,1,1,0,0,173,1,9,1
745236,1,1,0,0,0,0,173,1,9,1
745307,1,1,0,0,0,0,173,1,9,1
745333,0,0,1,1,0,0,173,1,9,1
745357,1,1,0,0,0,0,173,1,9,1
745381,1,0,0,1,1,0,173,1,9,1
745533,0,1,1,0,1,0,173,1,9,1
745567,1,0,1,0,0,0,173,1,9,1
745609,0,1,0,1,0,0,173,1,9,1
745631,0,0,1,1,0,0,173,1,9,1
745669,1,0,0,1,1,0,173,1,9,1
745740,0,1,0,1,0,0,173,1,9,1
745841,0,0,1,1,0,0,173,1,9,1
745934,0,1,0,1,0,0,173,1,9,1
745961,1,1,1,1,1,0,173,1,9,1
746127,0,1,1,0,1,0,173,1,9,1
746141,0,0,1,1,0,0,173,1,9,1
746151,0,1,0,1,0,0,173,1,9,1
746236,0,1,1,0,1,0,173,1,9,1
746299,0,1,0,1,0,0,173,1,9,1
746381,0,1,0,1,0,0,173,1,9,1
746391,1,0,0,1,1,0,173,1,9,1
746417,0,0,0,0,1,0,173,1,9,1
746449,0,1,1,0,1,0,173,1,9,1
746531,0,1,1,0,1,0,173,1,9,1
746567,1,0,1,0,0,0,173,1,9,1
746652,0,1,1,0,1,0,173,1,9,1
746852,0,0,0,0,1,0,173,1,9,1
746882,1,0,0,1,1,0,173,1,9,1
746924,0,0,0,0,1,0,173,1,9,1
746949,1,0,1,0,0,0,173,1,9,1
747011,1,0,0,1,1,0,173,1,9,1
747027,1,0,1,0,0,0,173,1,9,1
747067,1,0,1,0,0,0,173,1,9,1
747082,0,0,0,0,1,0,173,1,9,1
747215,1,1,0,0,0,0,173,1,9,1
747243,0,1,1,0,1,0,173,1,9,1
747262,0,1,0,1,0,0,173,1,9,1
747569,0,1,1,0,1,0,173,1,9,1
747716,0,1,1,0,1,0,173,1,9,1
747978,1,0,1,0,0,0,173,1,9,1
748107,0,1,0,1,0,0,173,1,9,1
748127,0,1,1,0,1,0,173,1,9,1
748154,0,1,0,1,0,0,173,1,9,1
748358,1,1,1,1,1,0,173,1,9,1
748369,0,0,1,1,0,0,173,1,9,1
748378,1,1,1,1,1,0,173,1,9,1
748446,1,1,1,0,1,1,173,1,9,1
748554,1,1,1,1,1,0,173,1,9,1
748625,0,0,1,1,0,0,173,1,9,1
748773,0,0,0,0,1,0,173,1,9,1
748905,1,0,1,0,0,0,173,1,9,1
748919,0,0,1,1,0,0,173,1,9,1
749033,0,1,1,0,1,0,173,1,9,1
749187,0,1,1,0,1,0,173,1,9,1
749200,0,1,0,1,0,0,173,1,9,1
749313,0,0,1,1,0,0,173,1,9,1
749759,0,1,1,0,1,0,173,1,9,1
749851,1,0,0,1,1,0,173,1,9,1
749885,0,1,1,0,1,0,173,1,9,1
750052,1,1,0,0,0,0,173,1,9,1
750129,1,0,1,0,0,0,173,1,9,1
750250,1,0,0,1,1,0,173,1,9,1
750279,1,0,1,0,0,0,173,1,9,1
750317,0,1,1,0,1,0,173,1,9,1
750331,1,1,0,0,0,0,173,1,9,1
750388,1,1,0,0,0,0,173,1,9,1
750391,1,1,0,0,0,0,173,1,9,1
750611,1,0,1,0,0,0,173,1,9,1
750615,1,1,0,0,0,0,173,1,9,1
750620,0,0,1,1,0,0,173,1,9,1
750626,0,0,0,0,1,0,173,1,9,1
750672,1,1,0,0,0,0,173,1,9,1
750761,0,1,1,0,1,0,173,1,9,1
750774,1,1,0,0,0,0,173,1,9,1
750859,0,1,1,0,1,0,173,1,9,1
751033,0,1,0,1,0,0,173,1,9,1
751047,0,1,0,1,0,0,173,1,9,1
751066,0,1,1,0,1,0,173,1,9,1
751151,0,0,1,1,0,0,173,1,9,1
751490,0,1,1,0,1,0,173,1,9,1
751647,1,1,0,0,0,0,173,1,9,1
751748,1,1,0,0,0,0,173,1,9,1
751765,0,0,1,1,0,0,173,1,9,1
751766,1,1,0,0,0,0,173,1,9,1
751796,0,0,0,0,1,0,173,1,9,1
751817,0,1,1,0,1,0,173,1,9,1
751846,1,1,0,0,0,0,173,1,9,1
751929,1,1,1,1,1,0,173,1,9,1
751985,0,1,0,1,0,0,173,1,9,1
752147,1,0,1,0,0,0,173,1,9,1
752168,0,0,1,1,0,0,173,1,9,1
752171,0,0,0,0,1,0,173,1,9,1
752178,0,0,1,1,0,0,173,1,9,1
752210,1,0,0,1,1,0,173,1,9,1
752371,0,1,0,1,0,0,173,1,9,1
752492,0,0,1,1,0,0,173,1,9,1
752667,1,1,0,0,0,0,173,1,9,1
752714,1,1,0,0,0,0,173,1,9,1
752832,1,1,0,0,0,0,173,1,9,1
752861,0,0,1,1,0,0,173,1,9,1
752958,1,0,1,0,0,0,173,1,9,1
752960,0,0,1,1,0,0,173,1,9,1
753142,1,1,1,1,1,0,173,1,9,1
753248,0,1,0,1,0,0,173,1,9,1
753256,0,1,0,1,0,0,173,1,9,1
753261,1,1,1,1,1,0,173,1,9,1
753277,1,1,1,1,1,0,173,1,9,1
753353,0,0,0,0,1,0,173,1,9,1
753358,1,0,1,0,0,0,173,1,9,1
753476,1,0,1,0,0,0,173,1,9,1
753530,1,0,0,1,1,0,173,1,9,1
753614,0,1,0,1,0,0,173,1,9,1
753678,0,1,0,1,0,0,173,1,9,1
753726,1,0,1,0,0,0,173,1,9,1
753831,0,0,0,0,1,0,173,1,9,1
753882,1,0,1,0,0,0,173,1,9,1
753933,0,1,1,0,1,0,173,1,9,1
753969,0,1,1,0,1,0,173,1,9,1
753986,0,1,0,1,0,0,173,1,9,1
754030,0,1,0,1,0,0,173,1,9,1
754115,1,0,0,1,1,0,173,1,9,1
754233,1,0,1,0,0,0,173,1,9,1
754329,1,0,0,1,1,0,173,1,9,1
754335,0,0,1,1,0,0,173,1,9,1
754346,1,0,0,1,1,0,173,1,9,1
754351,1,0,1,0,0,0,173,1,9,1
754415,0,0,1,1,0,0,173,1,9,1
754488,1,0,0,1,1,0,173,1,9,1
754516,1,0,0,1,1,0,173,1,9,1
754533,0,0,0,0,1,0,173,1,9,1
754550,1,0,0,1,1,0,173,1,9,1
754580,0,1,1,0,1,0,173,1,9,1
754647,0,0,0,0,1,0,173,1,9,1
754660,0,0,0,0,1,0,173,1,9,1
754697,1,0,1,0,0,0,173,1,9,1
754813,1,0,0,1,1,0,173,1,9,1
754827,0,1,0,1,0,0,173,1,9,1
754847,0,0,0,0,1,0,173,1,9,1
754937,0,0,1,1,0,0,173,1,9,1
754953,1,0,1,0,0,0,173,1,9,1
754968,1,0,1,0,0,0,173,1,9,1
755135,1,0,0,1,1,0,173,1,9,1
755165,1,0,0,1,1,0,173,1,9,1
755404,1,1,0,0,0,0,173,1,9,1
755431,0,1,1,0,1,0,173,1,9,1
755440,0,0,1,1,0,0,173,1,9,1
755487,1,1,0,0,0,0,173,1,9,1
755509,1,1,0,0,0,0,173,1,9,1
755543,1,1,1,0,1,1,173,1,9,1
755616,0,1,0,1,0,0,173,1,9,1
755736,0,1,1,0,1,0,173,1,9,1
755797,0,0,0,0,1,0,173,1,9,1
755821,0,1,1,0,1,0,173,1,9,1
755851,0,1,0,1,0,0,173,1,9,1
755871,1,1,0,0,0,0,173,1,9,1
755909,1,1,0,0,0,0,173,1,9,1
756022,1,1,1,1,1,0,173,1,9,1
756113,1,1,0,0,0,0,173,1,9,1
756125,0,1,1,0,1,0,173,1,9,1
756137,1,0,1,0,0,0,173,1,9,1
756232,1,1,0,0,0,0,173,1,9,1
756430,0,1,1,0,1,0,173,1,9,1
756445,0,1,1,0,1,0,173,1,9,1
756455,0,0,1,1,0,0,173,1,9,1
756528,1,1,0,0,0,0,173,1,9,1
756541,0,1,0,1,0,0,173,1,9,1
756675,1,1,1,1,1,0,173,1,9,1
756714,0,0,1,1,0,0,173,1,9,1
756799,0,1,0,1,0,0,173,1,9,1
756882,0,0,0,0,1,0,173,1,9,1
756893,0,0,0,1,1,1,173,1,9,1
756969,1,1,0,0,0,0,173,1,9,1
757158,1,0,1,0,0,0,173,1,9,1
757207,0,0,0,0,1,0,173,1,9,1
757263,1,1,1,1,1,0,173,1,9,1
757343,1,1,1,1,1,0,173,1,9,1
757359,0,0,1,1,0,0,173,1,9,1
757462,0,0,0,0,1,0,173,1,9,1
757465,0,1,0,1,0,0,173,1,9,1
757507,0,1,0,1,0,0,173,1,9,1
757528,1,0,0,1,1,0,173,1,9,1
757703,1,0,1,0,0,0,173,1,9,1
757742,1,0,0,1,1,0,173,1,9,1
757830,0,0,1,1,0,0,173,1,9,1
757856,1,1,1,1,1,0,173,1,9,1
757860,0,0,1,1,0,0,173,1,9,1
757884,1,1,1,1,1,0,173,1,9,1
757945,1,0,1,0,0,0,173,1,9,1
757991,0,1,0,1,0,0,173,1,9,1
758020,1,1,0,0,0,0,173,1,9,1
758046,0,1,0,1,0,0,173,1,9,1
758102,1,1,1,1,1,0,173,1,9,1
758222,0,0,0,0,1,0,173,1,9,1
758484,1,0,1,0,0,0,173,1,9,1
758515,1,1,1,1,1,0,173,1,9,1
758527,0,1,1,0,1,0,173,1,9,1
758657,1,0,0,1,1,0,173,1,9,1
758815,1,1,1,1,1,0,173,1,9,1
758847,0,1,0,1,0,0,173,1,9,1
758891,0,0,1,1,0,0,173,1,9,1
758896,1,1,1,1,1,0,173,1,9,1
758928,0,1,0,1,0,0,173,1,9,1
758985,1,1,0,0,0,0,173,1,9,1
758991,0,0,1,1,0,0,173,1,9,1
759053,0,0,1,1,0,0,173,1,9,1
759058,0,1,1,0,1,0,173,1,9,1
759096,1,1,0,0,0,0,173,1,9,1
759151,0,1,1,0,1,0,173,1,9,1
759168,1,1,0,0,0,0,173,1,9,1
759186,0,1,0,1,0,0,173,1,9,1
759290,0,1,1,0,1,0,173,1,9,1
759398,1,0,1,0,0,0,173,1,9,1
759483,1,0,0,0,1,1,173,1,9,1
759521,0,0,0,0,1,0,173,1,9,1
759621,1,1,0,0,0,0,173,1,9,1
759750,0,0,0,0,1,0,173,1,9,1
759762,1,0,1,0,0,0,173,1,9,1
759774,0,0,1,1,0,0,173,1,9,1
759816,1,1,0,0,0,0,173,1,9,1
759966,1,0,0,1,1,0,173,1,9,1
760036,1,1,1,0,1,1,173,1,9,1
760462,1,1,0,0,0,0,173,1,9,1
760474,1,0,1,0,0,0,173,1,9,1
760540,1,0,0,1,1,0,173,1,9,1
760701,1,1,1,1,1,0,173,1,9,1
760786,1,0,1,0,0,0,173,1,9,1
760853,1,0,1,0,0,0,173,1,9,1
760937,0,1,1,0,1,0,173,1,9,1
761025,1,1,1,1,1,0,173,1,9,1
761027,0,1,1,0,1,0,173,1,9,1
761034,1,0,1,0,0,0,173,1,9,1
761035,1,0,0,1,1,0,173,1,9,1
761114,0,1,0,1,0,0,173,1,9,1
761131,1,1,1,1,1,0,173,1,9,1
761142,0,0,0,0,1,0,173,1,9,1
761198,0,0,1,1,0,0,173,1,9,1
761311,0,1,0,1,0,0,173,1,9,1
761322,0,1,1,0,1,0,173,1,9,1
761332,0,1,1,0,1,0,173,1,9,1
761364,1,1,1,1,1,0,173,1,9,1
761407,0,1,1,0,1,0,173,1,9,1
761409,0,1,1,0,1,0,173,1,9,1
761445,1,1,0,0,0,0,173,1,9,1
761450,0,1,0,1,0,0,173,1,9,1
761458,0,1,1,0,1,0,173,1,9,1
761500,1,0,0,1,1,0,173,1,9,1
761695,1,0,0,1,1,0,173,1,9,1
761749,1,0,1,0,0,0,173,1,9,1
761776,1,1,0,1,0,0,173,1,9,1
761829,0,1,1,0,1,0,173,1,9,1
761836,1,1,1,1,1,0,173,1,9,1
761845,1,1,0,0,0,0,173,1,9,1
761852,0,1,0,1,0,0,173,1,9,1
761976,0,0,1,1,0,0,173,1,9,1
762023,0,1,0,1,0,0,173,1,9,1
762194,0,1,1,0,1,0,173,1,9,1
762275,1,0,0,1,1,0,173,1,9,1
762397,1,1,1,1,1,0,173,1,9,1
762580,1,1,0,0,0,0,173,1,9,1
762685,0,0,1,1,0,0,173,1,9,1
762787,1,1,0,0,0,0,173,1,9,1
762908,1,0,0,1,1,0,173,1,9,1
762947,1,1,0,0,0,0,173,1,9,1
762981,1,1,1,1,1,0,173,1,9,1
763178,0,0,0,0,1,0,173,1,9,1
763385,1,0,0,1,1,0,173,1,9,1
763421,1,1,1,1,1,0,173,1,9,1
763427,0,0,1,1,0,0,173,1,9,1
763539,1,0,1,0,0,0,173,1,9,1
763601,1,1,1,1,1,0,173,1,9,1
763820,0,1,1,0,1,0,173,1,9,1
763867,1,0,1,0,0,0,173,1,9,1
763940,0,0,0,0,1,0,173,1,9,1
764041,1,1,1,1,1,0,173,1,9,1
764047,0,1,1,0,1,0,173,1,9,1
764093,1,1,1,1,1,0,173,1,9,1
764121,0,0,1,1,0,0,173,1,9,1
764127,0,1,1,0,1,0,173,1,9,1
764134,1,0,0,1,1,0,173,1,9,1
764433,0,1,0,1,0,0,173,1,9,1
764447,0,1,1,0,1,0,173,1,9,1
764504,1,1,1,1,1,0,173,1,9,1
764581,0,0,0,0,1,0,173,1,9,1
764652,0,0,0,0,1,0,173,1,9,1
764658,0,0,1,1,0,0,173,1,9,1
764691,0,1,0,1,0,0,173,1,9,1
764701,1,0,0,1,1,0,173,1,9,1
764766,1,1,0,0,0,0,173,1,9,1
764956,0,0,0,1,1,1,173,1,9,1
765081,0,0,1,1,0,0,173,1,9,1
765135,1,0,1,0,0,0,173,1,9,1
765206,1,0,0,1,1,0,173,1,9,1
765347,1,1,1,1,1,0,173,1,9,1
765493,1,0,1,0,0,0,173,1,9,1
765500,1,0,1,0,0,0,173,1,9,1
765598,0,0,1,1,0,0,173,1,9,1
765649,1,1,0,0,0,0,173,1,9,1
765806,1,0,0,1,1,0,173,1,9,1
765822,0,0,0,1,1,1,173,1,9,1
765911,1,1,0,0,0,0,173,1,9,1
765937,1,1,1,1,1,0,173,1,9,1
765977,1,1,0,0,0,0,173,1,9,1
766025,0,1,0,1,0,0,173,1,9,1
766050,0,0,1,1,0,0,173,1,9,1
766220,0,1,1,0,1,0,173,1,9,1
766269,1,0,1,1,0,0,173,1,9,1
766295,1,0,1,0,0,0,173,1,9,1
766355,1,0,0,1,1,0,173,1,9,1
766439,1,0,1,0,0,0,173,1,9,1
766460,0,1,1,0,1,0,173,1,9,1
766521,1,1,1,1,1,0,173,1,9,1
766635,1,1,1,0,1,1,173,1,9,1
766685,1,0,1,0,0,0,173,1,9,1
766718,0,1,1,0,1,0,173,1,9,1
766723,0,0,1,1,0,0,173,1,9,1
766729,0,1,0,1,0,0,173,1,9,1
766756,0,1,1,0,1,0,173,1,9,1
766917,0,1,0,1,0,0,173,1,9,1
766926,1,0,1,0,0,0,173,1,9,1
767019,0,0,1,1,0,0,173,1,9,1
767089,0,1,1,0,1,0,173,1,9,1
767317,0,0,1,1,0,0,173,1,9,1
767378,1,1,0,0,0,0,173,1,9,1
767407,0,1,1,0,1,0,173,1,9,1
767505,1,0,1,0,0,0,173,1,9,1
767615,1,0,0,1,1,0,173,1,9,1
767704,1,0,1,0,0,0,173,1,9,1
767938,1,1,0,0,0,0,173,1,9,1
768041,0,1,1,0,1,0,173,1,9,1
768124,0,0,0,0,1,0,173,1,9,1
768215,0,0,0,0,1,0,173,1,9,1
768473,1,1,0,0,0,0,173,1,9,1
768612,1,0,1,0,0,0,173,1,9,1
768662,1,1,1,1,1,0,173,1,9,1
768797,0,1,1,0,1,0,173,1,9,1
768848,0,1,1,0,1,0,173,1,9,1
768936,0,0,1,1,0,0,173,1,9,1
768938,0,1,0,1,0,0,173,1,9,1
768954,1,1,0,0,0,0,173,1,9,1
769218,0,0,0,0,1,0,173,1,9,1
769224,0,1,1,0,1,0,173,1,9,1
769368,1,0,0,1,1,0,173,1,9,1
769456,0,0,1,1,0,0,173,1,9,1
769864,0,0,1,1,0,0,173,1,9,1
769901,0,1,0,1,0,0,173,1,9,1
769916,0,0,1,1,0,0,173,1,9,1
770080,1,1,0,0,0,0,173,1,9,1
770169,1,0,1,0,0,0,173,1,9,1
770394,0,1,1,0,1,0,173,1,9,1
770436,0,0,0,0,1,0,173,1,9,1
770477,0,1,0,1,0,0,173,1,9,1
770502,1,0,0,1,1,0,173,1,9,1
770528,1,0,0,1,1,0,173,1,9,1
770538,1,0,1,0,0,0,173,1,9,1
770615,0,1,1,0,1,0,173,1,9,1
770708,0,1,0,1,0,0,173,1,9,1
770761,1,1,0,0,0,0,173,1,9,1
770814,0,1,1,0,1,0,173,1,9,1
770875,1,1,0,0,0,0,173,1,9,1
771004,1,1,0,0,0,0,173,1,9,1
771048,1,0,0,1,1,0,173,1,9,1
771060,0,0,1,1,0,0,173,1,9,1
771169,0,1,0,1,0,0,173,1,9,1
771256,1,1,0,0,0,0,173,1,9,1
771441,1,1,1,1,1,0,173,1,9,1
771493,0,0,1,1,0,0,173,1,9,1
771667,0,0,1,1,0,0,173,1,9,1
771713,0,1,0,1,0,0,173,1,9,1
771716,0,0,1,1,0,0,173,1,9,1
771771,1,0,0,1,1,0,173,1,9,1
771869,1,0,0,1,1,0,173,1,9,1
771874,0,1,0,1,0,0,173,1,9,1
772014,0,0,1,1,0,0,173,1,9,1
772104,1,0,1,0,0,0,173,1,9,1
772107,0,1,1,0,1,0,173,1,9,1
772121,1,0,1,0,0,0,173,1,9,1
772135,1,1,1,1,1,0,173,1,9,1
772143,0,1,0,1,0,0,173,1,9,1
772224,1,1,0,0,0,0,173,1,9,1
772278,0,0,1,1,0,0,173,1,9,1
772335,1,1,0,0,0,0,173,1,9,1
772449,1,0,0,1,1,0,173,1,9,1
772481,1,0,0,1,1,0,173,1,9,1
772515,1,0,1,0,0,0,173,1,9,1
772625,1,0,1,0,0,0,173,1,9,1
772671,1,1,1,1,1,0,173,1,9,1
772730,0,0,0,0,1,0,173,1,9,1
772795,1,1,1,1,1,0,173,1,9,1
773072,0,0,0,0,1,0,173,1,9,1
773135,1,0,1,0,0,0,173,1,9,1
773156,1,1,1,1,1,0,173,1,9,1
773178,1,1,0,0,0,0,173,1,9,1
773240,0,0,0,0,1,0,173,1,9,1
773242,0,1,0,1,0,0,173,1,9,1
773265,1,0,1,0,0,0,173,1,9,1
773378,0,1,1,0,1,0,173,1,9,1
773431,1,1,0,0,0,0,173,1,9,1
773497,1,1,1,1,1,0,173,1,9,1
773730,1,1,0,0,0,0,173,1,9,1
773798,1,1,0,0,0,0,173,1,9,1
773842,0,1,0,1,0,0,173,1,9,1
773874,0,1,1,0,1,0,173,1,9,1
774061,0,0,0,0,1,0,173,1,9,1
774130,0,1,0,1,0,0,173,1,9,1
774133,0,1,0,1,0,0,173,1,9,1
774178,0,1,1,0,1,0,173,1,9,1
774201,0,1,0,1,0,0,173,1,9,1
774218,0,1,1,0,1,0,173,1,9,1
774505,0,1,1,0,1,0,173,1,9,1
774617,0,0,1,1,0,0,173,1,9,1
774623,0,1,1,0,1,0,173,1,9,1
774663,0,0,0,0,1,0,173,1,9,1
774689,1,1,0,0,0,0,173,1,9,1
774771,0,0,1,1,0,0,173,1,9,1
774818,0,1,0,1,0,0,173,1,9,1
774884,0,0,0,0,1,0,173,1,9,1
774901,0,0,1,1,0,0,173,1,9,1
774971,0,1,1,0,1,0,173,1,9,1
774972,1,0,1,0,0,0,173,1,9,1
775108,0,1,1,0,1,0,173,1,9,1
775266,0,1,1,0,1,0,173,1,9,1
775274,1,0,0,1,1,0,173,1,9,1
775435,0,0,1,1,0,0,173,1,9,1
775463,0,0,1,1,0,0,173,1,9,1
775501,0,0,1,1,0,0,173,1,9,1
775635,1,1,1,1,1,0,173,1,9,1
775924,0,0,1,1,0,0,173,1,9,1
775928,1,1,0,0,0,0,173,1,9,1
776064,0,1,1,0,1,0,173,1,9,1
776068,0,1,1,0,1,0,173,1,9,1
776156,0,1,1,0,1,0,173,1,9,1
776182,1,1,1,1,1,0,173,1,9,1
776353,0,1,1,0,1,0,173,1,9,1
776381,0,1,1,0,1,0,173,1,9,1
776407,1,1,1,1,1,0,173,1,9,1
776466,0,0,1,1,0,0,173,1,9,1
776489,1,1,0,0,0,0,173,1,9,1
776590,1,1,1,1,1,0,173,1,9,1
776600,1,1,1,1,1,0,173,1,9,1
776616,0,0,1,1,0,0,173,1,9,1
776657,0,1,0,1,0,0,173,1,9,1
776659,1,0,0,1,1,0,173,1,9,1
776787,1,0,1,0,0,0,173,1,9,1
776803,0,0,0,0,1,0,173,1,9,1
776866,0,1,0,1,0,0,173,1,9,1
776871,1,1,0,0,0,0,173,1,9,1
776899,1,0,1,0,0,0,173,1,9,1
777126,0,0,0,0,1,0,173,1,9,1
777135,1,1,1,1,1,0,173,1,9,1
777253,1,1,0,0,0,0,173,1,9,1
777270,0,1,1,0,1,0,173,1,9,1
777291,0,1,0,1,0,0,173,1,9,1
777526,1,0,0,1,1,0,173,1,9,1
777534,1,1,1,1,1,0,173,1,9,1
777701,0,0,0,0,1,0,173,1,9,1
777769,1,0,0,1,1,0,173,1,9,1
777776,0,0,0,0,1,0,173,1,9,1
777793,1,1,1,1,1,0,173,1,9,1
777849,0,1,0,1,0,0,173,1,9,1
777913,0,0,0,1,1,1,173,1,9,1
777922,1,1,0,0,0,0,173,1,9,1
778117,0,0,0,0,1,0,173,1,9,1
778197,0,0,1,1,0,0,173,1,9,1
778202,0,0,1,1,0,0,173,1,9,1
778245,0,1,1,0,1,0,173,1,9,1
778366,0,1,1,0,1,0,173,1,9,1
778379,1,1,0,0,0,0,173,1,9,1
778423,0,1,0,1,0,0,173,1,9,1
778937,1,1,1,1,1,0,173,1,9,1
778986,0,1,0,1,0,0,173,1,9,1
779191,1,1,1,1,1,0,173,1,9,1
779196,1,0,0,1,1,0,173,1,9,1
779200,0,1,0,1,0,0,173,1,9,1
779204,0,0,1,1,0,0,173,1,9,1
779303,1,0,1,0,0,0,173,1,9,1
779351,1,1,1,1,1,0,173,1,9,1
779392,1,0,1,0,0,0,173,1,9,1
779454,1,1,1,1,1,0,173,1,9,1
779488,1,0,1,0,0,0,173,1,9,1
779495,0,1,1,0,1,0,173,1,9,1
779638,0,0,0,0,1,0,173,1,9,1
779752,0,1,1,0,1,0,173,1,9,1
779813,1,0,1,0,0,0,173,1,9,1
779995,0,1,1,0,1,0,173,1,9,1
780108,0,0,0,0,1,0,173,1,9,1
780128,0,0,0,0,1,0,173,1,9,1
780231,1,1,0,0,0,0,173,1,9,1
780414,0,1,1,0,1,0,173,1,9,1
780738,0,0,0,0,1,0,173,1,9,1
780747,0,1,1,0,1,0,173,1,9,1
780829,1,1,0,0,0,0,173,1,9,1
780835,0,1,0,1,0,0,173,1,9,1
780856,1,1,1,1,1,0,173,1,9,1
781036,0,1,1,0,1,0,173,1,9,1
781043,0,0,1,1,0,0,173,1,9,1
781112,1,0,1,0,0,0,173,1,9,1
781164,0,1,1,0,1,0,173,1,9,1
781181,0,0,0,0,1,0,173,1,9,1
781182,1,1,1,0,1,1,173,1,9,1
781287,1,1,1,1,1,0,173,1,9,1
781397,1,0,0,1,1,0,173,1,9,1
781400,1,0,1,0,0,0,173,1,9,1
781411,0,1,0,1,0,0,173,1,9,1
781426,0,0,1,1,0,0,173,1,9,1
781524,1,1,0,0,0,0,173,1,9,1
781536,1,1,0,0,0,0,173,1,9,1
781597,1,0,1,0,0,0,173,1,9,1
781610,0,1,0,1,0,0,173,1,9,1
781650,1,0,0,1,1,0,173,1,9,1
781705,1,0,0,1,1,0,173,1,9,1
781744,0,0,0,0,1,0,173,1,9,1
781799,0,1,0,1,0,0,173,1,9,1
781827,1,0,0,1,1,0,173,1,9,1
781880,0,0,1,1,0,0,173,1,9,1
782152,1,1,1,1,1,0,173,1,9,1
782171,1,0,1,0,0,0,173,1,9,1
782174,0,1,0,1,0,0,173,1,9,1
782236,0,1,1,0,1,0,173,1,9,1
782314,1,0,1,0,0,0,173,1,9,1
782381,1,1,0,0,0,0,173,1,9,1
782418,0,0,1,1,0,0,173,1,9,1
782425,0,0,1,1,0,0,173,1,9,1
782445,1,0,0,1,1,0,173,1,9,1
782452,1,1,1,1,1,0,173,1,9,1
782474,0,0,0,0,1,0,173,1,9,1
782523,0,1,1,1,1,1,173,1,9,1
782545,0,0,0,0,1,0,173,1,9,1
782574,0,1,1,0,1,0,173,1,9,1
782668,1,0,1,0,0,0,173,1,9,1
782762,1,1,0,0,0,0,173,1,9,1
782777,0,0,0,0,1,0,173,1,9,1
782838,0,0,1,1,0,0,173,1,9,1
782897,0,0,1,1,0,0,173,1,9,1
782948,1,1,0,0,0,0,173,1,9,1
782951,1,1,1,1,1,0,173,1,9,1
782958,0,1,1,0,1,0,173,1,9,1
783063,0,1,1,0,1,0,173,1,9,1
783107,0,0,1,1,0,0,173,1,9,1
783120,1,1,0,0,0,0,173,1,9,1
783167,0,1,1,0,1,0,173,1,9,1
783177,1,1,1,1,1,0,173,1,9,1
783222,1,1,1,1,1,0,173,1,9,1
783268,0,1,1,0,1,0,173,1,9,1
783295,1,0,1,0,0,0,173,1,9,1
783316,0,1,0,1,0,0,173,1,9,1
783445,1,0,0,1,1,0,173,1,9,1
783485,0,1,1,0,1,0,173,1,9,1
783618,0,1,0,1,0,0,173,1,9,1
783683,0,0,0,0,1,0,173,1,9,1
783719,0,0,1,1,0,0,173,1,9,1
783722,1,0,0,1,1,0,173,1,9,1
783925,0,1,1,0,1,0,173,1,9,1
783948,0,1,1,0,1,0,173,1,9,1
783962,0,0,0,0,1,0,173,1,9,1
784107,0,1,0,1,0,0,173,1,9,1
784165,0,1,1,0,1,0,173,1,9,1
784176,1,1,0,0,0,0,173,1,9,1
784195,1,0,1,0,0,0,173,1,9,1
784398,0,1,0,1,0,0,173,1,9,1
784863,0,0,1,1,0,0,173,1,9,1
784894,1,0,1,0,0,0,173,1,9,1
784965,1,0,1,0,0,0,173,1,9,1
785034,0,1,0,1,0,0,173,1,9,1
785105,0,0,0,0,1,0,173,1,9,1
785141,0,1,1,0,1,0,173,1,9,1
785170,0,0,1,1,0,0,173,1,9,1
785213,1,0,1,0,0,0,173,1,9,1
785236,0,0,1,1,0,0,173,1,9,1
785433,0,0,0,0,1,0,173,1,9,1
785461,1,1,0,0,0,0,173,1,9,1
785492,1,1,1,1,1,0,173,1,9,1
785530,1,0,1,0,0,0,173,1,9,1
785559,0,1,0,1,0,0,173,1,9,1
785596,1,1,0,0,0,0,173,1,9,1
785605,1,1,1,1,1,0,173,1,9,1
785632,0,0,1,1,0,0,173,1,9,1
785633,0,1,0,1,0,0,173,1,9,1
785640,0,1,0,1,0,0,173,1,9,1
785717,0,1,0,1,0,0,173,1,9,1
785870,1,0,1,0,0,0,173,1,9,1
785918,1,1,0,0,0,0,173,1,9,1
785953,0,1,1,0,1,0,173,1,9,1
786007,1,0,1,0,0,0,173,1,9,1
786086,0,1,1,0,1,0,173,1,9,1
786111,1,1,1,1,1,0,173,1,9,1
786135,1,1,1,1,1,0,173,1,9,1
786304,1,1,0,0,0,0,173,1,9,1
786338,1,0,0,1,1,0,173,1,9,1
786373,1,0,0,1,1,0,173,1,9,1
786396,1,1,0,0,0,0,173,1,9,1
786462,0,0,1,1,0,0,119,1,9,1
786547,0,1,1,0,1,0,119,1,9,1
786720,0,0,0,0,1,0,119,1,9,1
786814,1,0,0,1,1,0,119,1,9,1
786830,0,0,0,1,1,1,119,1,9,1
786962,1,1,0,0,0,0,119,1,9,1
787032,0,0,1,0,0,0,119,1,9,1
787078,1,0,0,1,1,0,119,1,9,1
787343,0,1,0,1,0,0,119,1,9,1
787404,1,1,0,0,0,0,119,1,9,1
787540,1,0,0,1,1,0,119,1,9,1
787658,1,1,1,1,1,0,119,1,9,1
787660,1,0,1,0,0,0,119,1,9,1
787688,0,1,1,0,1,0,119,1,9,1
787738,0,1,0,1,0,0,119,1,9,1
787778,1,0,0,1,1,0,119,1,9,1
787935,1,0,0,1,1,0,119,1,9,1
788093,0,0,1,1,0,0,119,1,9,1
788162,0,1,0,1,0,0,119,1,9,1
788628,0,0,0,0,1,0,119,1,9,1
788740,0,1,1,0,1,0,119,1,9,1
788784,0,0,1,1,0,0,119,1,9,1
789072,1,1,0,1,0,0,119,1,9,1
789098,0,0,1,1,0,0,119,1,9,1
789150,1,0,0,1,1,0,119,1,9,1
789198,0,1,0,1,0,0,119,1,9,1
789235,1,0,0,1,1,0,119,1,9,1
789306,0,0,0,0,1,0,119,1,9,1
789409,0,0,0,0,1,0,119,1,9,1
789507,1,1,1,1,1,0,119,1,9,1
789620,0,1,0,1,0,0,119,1,9,1
789700,1,0,1,0,0,0,119,1,9,1
789902,1,0,0,1,1,0,119,1,9,1
789918,0,1,1,0,1,0,119,1,9,1
790060,0,1,0,1,0,0,119,1,9,1
790100,1,0,1,0,0,0,119,1,9,1
790125,0,1,1,0,1,0,119,1,9,1
790693,0,1,1,0,1,0,119,1,9,1
791207,1,1,0,0,0,0,119,1,9,1
791332,1,0,1,0,0,0,119,1,9,1
791422,1,0,0,1,1,0,119,1,9,1
791505,0,0,0,0,1,0,119,1,9,1
791856,1,0,1,0,0,0,119,1,9,1
792146,0,1,0,1,0,0,119,1,9,1
792182,0,1,0,1,0,0,119,1,9,1
792251,0,1,0,1,0,0,119,1,9,1
792567,0,0,0,0,1,0,119,1,9,1
792822,1,0,1,0,0,0,119,1,9,1
792902,0,0,0,0,1,0,119,1,9,1
792989,1,0,1,0,0,0,119,1,9,1
793093,0,1,0,1,0,0,119,1,9,1
793147,0,1,1,0,1,0,119,1,9,1
793341,1,0,0,1,1,0,119,1,9,1
793346,0,1,0,1,0,0,119,1,9,1
793398,1,1,1,1,1,0,119,1,9,1
793410,0,1,0,1,0,0,119,1,9,1
793431,0,1,0,1,0,0,119,1,9,1
793500,1,0,1,0,0,0,119,1,9,1
793531,0,1,1,0,1,0,119,1,9,1
793554,1,1,1,1,1,0,119,1,9,1
793745,0,1,0,1,0,0,119,1,9,1
793792,0,1,1,0,1,0,119,1,9,1
793824,1,0,0,1,1,0,119,1,9,1
793829,1,0,0,1,1,0,119,1,9,1
793886,0,0,0,1,1,1,119,1,9,1
793899,0,0,1,0,0,0,119,1,9,1
793982,1,0,1,0,0,0,119,1,9,1
794047,0,1,1,0,1,0,119,1,9,1
794598,1,0,0,1,1,0,119,1,9,1
794816,1,0,0,1,1,0,119,1,9,1
795050,1,0,0,1,1,0,119,1,9,1
795067,1,1,1,1,1,0,119,1,9,1
795118,1,1,0,0,0,0,119,1,9,1
795141,1,0,1,0,0,0,119,1,9,1
795365,1,1,1,1,1,0,119,1,9,1
795426,1,1,1,1,1,0,119,1,9,1
795440,1,1,1,1,1,0,119,1,9,1
795461,0,0,1,1,0,0,119,1,9,1
795616,0,1,1,0,1,0,119,1,9,1
795863,0,1,0,1,0,0,119,1,9,1
795876,1,0,1,0,0,0,119,1,9,1
795887,0,0,1,1,0,0,119,1,9,1
795926,0,0,1,1,0,0,119,1,9,1
795994,0,1,1,0,1,0,119,1,9,1
796011,1,0,1,0,0,0,119,1,9,1
796068,1,0,1,0,0,0,119,1,9,1
796091,0,0,1,1,0,0,119,1,9,1
796282,1,1,1,1,1,0,119,1,9,1
796302,0,0,0,0,1,0,119,1,9,1
796389,0,1,1,0,1,0,119,1,9,1
796393,1,0,0,1,1,0,119,1,9,1
796685,0,1,1,0,1,0,119,1,9,1
796733,1,0,0,1,1,0,119,1,9,1
796800,0,0,0,0,1,0,119,1,9,1
797026,1,1,0,0,0,0,119,1,9,1
797047,0,0,0,0,1,0,119,1,9,1
797185,1,0,0,1,1,0,119,1,9,1
797195,1,1,0,0,0,0,119,1,9,1
797453,0,1,0,1,0,0,119,1,9,1
797464,0,0,1,1,0,0,119,1,9,1
797484,0,0,0,0,1,0,119,1,9,1
797502,1,1,0,0,0,0,119,1,9,1
797564,0,0,0,0,1,0,119,1,9,1
797580,0,1,0,0,0,0,119,1,9,1
797659,0,0,1,1,0,0,119,1,9,1
797702,0,1,0,1,0,0,119,1,9,1
797728,1,1,1,1,1,0,119,1,9,1
797749,1,0,1,0,0,0,119,1,9,1
797933,1,0,1,0,0,0,119,1,9,1
798068,1,0,0,1,1,0,119,1,9,1
798136,1,1,0,0,0,0,119,1,9,1
798138,0,1,1,0,1,0,119,1,9,1
798235,0,1,1,0,1,0,119,1,9,1
798480,1,1,0,0,0,0,119,1,9,1
798665,0,0,1,1,0,0,119,1,9,1
798801,0,0,0,0,1,0,119,1,9,1
798831,1,1,1,1,1,0,119,1,9,1
799187,0,0,1,1,0,0,119,1,9,1
799261,1,0,0,1,1,0,119,1,9,1
799453,0,0,0,0,1,0,119,1,9,1
799757,1,0,0,1,1,0,119,1,9,1
799929,0,1,1,0,1,0,119,1,9,1
799959,1,1,0,0,0,0,119,1,9,1
800070,1,1,0,0,0,0,119,1,9,1
800080,0,1,1,0,1,0,119,1,9,1
800164,0,0,0,0,1,0,119,1,9,1
800196,0,0,1,1,0,0,119,1,9,1
800357,1,0,1,0,0,0,119,1,9,1
800491,0,1,0,1,0,0,119,1,9,1
800686,0,0,1,1,0,0,119,1,9,1
800813,0,1,1,0,1,0,119,1,9,1
800836,1,0,1,0,0,0,119,1,9,1
801035,0,0,1,1,0,0,119,1,9,1
801104,0,1,1,0,1,0,119,1,9,1
801210,1,0,0,1,1,0,119,1,9,1
801341,1,0,0,1,1,0,119,1,9,1
801565,1,1,0,0,0,0,119,1,9,1
801728,1,0,0,1,1,0,119,1,9,1
801790,1,1,1,1,1,0,119,1,9,1
801810,1,1,0,0,0,0,119,1,9,1
801987,0,0,1,1,0,0,119,1,9,1
802067,0,0,0,0,1,0,119,1,9,1
802128,1,0,1,0,0,0,119,1,9,1
802295,0,1,1,0,1,0,119,1,9,1
802309,1,0,0,1,1,0,119,1,9,1
802345,0,1,1,0,1,0,119,1,9,1
802553,0,1,0,1,0,0,119,1,9,1
802687,1,1,1,0,1,1,119,1,9,1
802717,1,1,0,0,0,0,119,1,9,1
802813,1,0,1,0,0,0,119,1,9,1
802859,0,0,0,0,1,0,119,1,9,1
802889,1,1,1,1,1,0,119,1,9,1
803031,0,0,0,0,1,0,119,1,9,1
803087,1,0,0,0,1,1,119,1,9,1
803198,1,1,0,0,0,0,119,1,9,1
803209,1,0,0,1,1,0,119,1,9,1
803223,0,1,1,0,1,0,119,1,9,1
803327,1,1,1,1,1,0,119,1,9,1
803619,0,1,1,0,1,0,119,1,9,1
803778,0,1,1,0,1,0,119,1,9,1
803925,0,1,1,0,1,0,119,1,9,1
804013,0,1,1,0,1,0,119,1,9,1
804022,0,1,1,0,1,0,119,1,9,1
804199,0,0,0,0,1,0,119,1,9,1
804235,0,0,0,0,1,0,119,1,9,1
804345,1,1,1,1,1,0,119,1,9,1
804347,0,0,1,1,0,0,119,1,9,1
804462,0,0,1,1,0,0,119,1,9,1
804572,1,0,0,1,1,0,119,1,9,1
804629,1,1,1,1,1,0,119,1,9,1
804752,1,1,0,0,0,0,119,1,9,1
804848,0,1,0,1,0,0,119,1,9,1
804904,1,0,1,0,0,0,119,1,9,1
805139,0,1,0,1,0,0,119,1,9,1
805140,0,1,1,0,1,0,119,1,9,1
805327,1,0,1,0,0,0,119,1,9,1
805517,0,1,1,0,1,0,119,1,9,1
805634,0,1,0,1,0,0,119,1,9,1
805665,1,0,0,1,1,0,119,1,9,1
805957,0,0,1,0,0,0,119,1,9,1
805991,1,0,0,1,1,0,119,1,9,1
806034,0,1,0,1,0,0,119,1,9,1
806099,1,1,1,1,1,0,119,1,9,1
806128,1,1,0,0,0,0,119,1,9,1
806151,0,0,0,0,1,0,119,1,9,1
806204,0,1,0,1,0,0,119,1,9,1
806310,1,0,1,0,0,0,119,1,9,1
806394,0,0,1,1,0,0,119,1,9,1
806531,1,1,1,1,1,0,119,1,9,1
806560,0,1,1,0,1,0,119,1,9,1
806595,1,1,0,0,0,0,119,1,9,1
806656,1,0,0,1,1,0,119,1,9,1
806727,1,1,0,0,0,0,119,1,9,1
806810,0,0,1,1,0,0,119,1,9,1
807015,0,1,0,1,0,0,119,1,9,1
807144,1,1,0,0,0,0,119,1,9,1
807279,1,0,1,0,0,0,119,1,9,1
807363,1,1,0,1,0,0,119,1,9,1
807379,0,1,0,1,0,0,119,1,9,1
807620,0,1,1,0,1,0,119,1,9,1
807624,1,0,0,1,1,0,119,1,9,1
807932,0,0,1,1,0,0,119,1,9,1
807980,0,1,0,1,0,0,119,1,9,1
808084,0,0,1,1,0,0,119,1,9,1
808095,0,0,0,0,1,0,119,1,9,1
808267,0,0,0,0,1,0,119,1,9,1
808340,0,0,1,1,0,0,119,1,9,1
808361,1,1,0,0,0,0,119,1,9,1
808372,0,1,0,1,0,0,119,1,9,1
808396,0,0,0,0,1,0,119,1,9,1
808456,1,0,1,0,0,0,119,1,9,1
808507,0,0,1,0,0,0,119,1,9,1
808522,1,0,0,1,1,0,119,1,9,1
808547,0,0,0,0,1,0,119,1,9,1
808659,1,1,1,1,1,0,119,1,9,1
808693,1,1,0,0,0,0,119,1,9,1
808699,1,1,0,0,0,0,119,1,9,1
808779,1,1,0,0,0,0,119,1,9,1
808868,1,1,1,1,1,0,119,1,9,1
808898,0,0,1,1,0,0,119,1,9,1
808967,0,0,1,1,0,0,119,1,9,1
809049,1,0,1,0,0,0,119,1,9,1
809125,1,0,0,1,1,0,119,1,9,1
809147,1,1,1,1,1,0,119,1,9,1
809191,1,0,1,0,0,0,119,1,9,1
809370,1,1,0,0,0,0,119,1,9,1
809603,0,1,0,1,0,0,119,1,9,1
809829,1,1,1,1,1,0,119,1,9,1
809973,1,1,0,0,0,0,119,1,9,1
809985,1,1,0,0,0,0,119,1,9,1
810005,1,0,0,1,1,0,119,1,9,1
810102,1,0,0,1,1,0,119,1,9,1
810180,0,1,1,0,1,0,119,1,9,1
810266,0,1,0,1,0,0,119,1,9,1
810369,1,1,1,1,1,0,119,1,9,1
810400,0,1,0,1,0,0,119,1,9,1
810495,0,0,1,0,0,0,119,1,9,1
810558,1,0,1,0,0,0,119,1,9,1
810723,1,0,1,0,0,0,119,1,9,1
810936,1,1,1,1,1,0,119,1,9,1
811083,1,0,1,0,0,0,119,1,9,1
811198,0,0,1,1,0,0,119,1,9,1
811249,1,0,1,0,0,0,119,1,9,1
811445,1,0,0,1,1,0,119,1,9,1
811600,0,0,1,1,0,0,119,1,9,1
811633,0,1,1,0,1,0,119,1,9,1
811725,0,1,1,0,1,0,119,1,9,1
811993,0,0,0,1,1,1,119,1,9,1
812063,0,1,0,1,0,0,119,1,9,1
812246,1,1,1,1,1,0,119,1,9,1
812545,1,0,0,1,1,0,119,1,9,1
812583,0,0,0,0,1,0,119,1,9,1
812784,1,0,0,1,1,0,119,1,9,1
812958,0,0,0,0,1,0,119,1,9,1
813179,0,0,0,0,1,0,119,1,9,1
813421,0,0,0,0,1,0,119,1,9,1
813585,0,1,0,1,0,0,119,1,9,1
813593,1,1,0,0,0,0,119,1,9,1
813778,1,1,0,0,0,0,119,1,9,1
814080,1,0,0,1,1,0,119,1,9,1
814341,1,0,0,1,1,0,119,1,9,1
814386,1,0,0,1,1,0,119,1,9,1
814405,0,1,1,0,1,0,119,1,9,1
814408,0,0,1,1,0,0,119,1,9,1
814542,1,1,0,0,0,0,119,1,9,1
814616,1,0,1,0,0,0,119,1,9,1
814698,1,1,0,0,0,0,119,1,9,1
814859,1,0,0,1,1,0,119,1,9,1
815056,1,0,0,1,1,0,119,1,9,1
815091,0,0,1,1,0,0,119,1,9,1
815314,0,1,0,1,0,0,119,1,9,1
815472,0,0,0,0,1,0,119,1,9,1
815734,0,1,1,0,1,0,119,1,9,1
815749,0,0,0,0,1,0,119,1,9,1
815773,1,1,0,0,0,0,119,1,9,1
815861,0,0,1,1,0,0,119,1,9,1
815879,1,1,1,1,1,0,119,1,9,1
816138,0,1,1,0,1,0,119,1,9,1
816160,1,1,1,1,1,0,119,1,9,1
816240,1,0,0,1,1,0,119,1,9,1
816250,0,0,0,0,1,0,119,1,9,1
816414,0,0,0,0,1,0,119,1,9,1
816568,0,1,1,0,1,0,119,1,9,1
816739,0,0,0,0,1,0,119,1,9,1
816845,1,1,1,1,1,0,119,1,9,1
816886,1,0,1,0,0,0,119,1,9,1
817043,1,0,0,1,1,0,119,1,9,1
817072,0,1,0,1,0,0,119,1,9,1
817078,1,1,0,0,0,0,119,1,9,1
817144,0,1,0,1,0,0,119,1,9,1
817172,0,1,0,1,0,0,119,1,9,1
817234,0,1,0,1,0,0,119,1,9,1
817309,1,0,1,0,0,0,119,1,9,1
817445,0,0,1,1,0,0,119,1,9,1
818293,1,1,1,1,1,0,119,1,9,1
818692,0,0,0,0,1,0,119,1,9,1
818759,0,1,0,1,0,0,119,1,9,1
818768,0,1,0,1,0,0,119,1,9,1
818852,1,0,0,1,1,0,119,1,9,1
818890,0,1,1,0,1,0,119,1,9,1
818896,1,0,1,0,0,0,119,1,9,1
819066,1,1,0,0,0,0,119,1,9,1
819281,0,0,1,1,0,0,119,1,9,1
819494,1,0,0,1,1,0,119,1,9,1
819675,1,0,0,1,1,0,119,1,9,1
819763,1,0,1,1,0,0,119,1,9,1
819814,0,0,0,0,1,0,119,1,9,1
819894,0,1,1,0,1,0,119,1,9,1
819985,1,1,1,1,1,0,119,1,9,1
820060,1,1,0,0,0,0,119,1,9,1
820090,0,0,0,0,1,0,119,1,9,1
820148,0,0,1,1,0,0,119,1,9,1
820204,0,1,0,1,0,0,119,1,9,1
820258,1,1,1,1,1,0,119,1,9,1
820322,0,1,0,1,0,0,119,1,9,1
820415,0,1,1,0,1,0,119,1,9,1
820458,0,0,1,1,0,0,119,1,9,1
820520,0,1,1,0,1,0,119,1,9,1
820549,0,1,0,1,0,0,119,1,9,1
820707,0,1,1,0,1,0,119,1,9,1
820724,1,0,1,0,0,0,119,1,9,1
820932,1,1,0,0,0,0,119,1,9,1
821066,1,1,1,1,1,0,119,1,9,1
821203,0,0,1,1,0,0,119,1,9,1
821240,1,1,0,0,0,0,119,1,9,1
821244,0,0,0,0,1,0,119,1,9,1
821277,1,1,0,0,0,0,119,1,9,1
821282,0,1,1,0,1,0,119,1,9,1
821471,1,0,1,0,0,0,119,1,9,1
821632,0,0,1,1,0,0,119,1,9,1
821641,0,1,1,0,1,0,119,1,9,1
821742,0,0,1,1,0,0,119,1,9,1
821838,0,1,0,1,0,0,119,1,9,1
821848,0,1,1,0,1,0,119,1,9,1
821875,1,0,0,1,1,0,119,1,9,1
821958,0,0,1,1,0,0,119,1,9,1
822005,0,0,0,0,1,0,119,1,9,1
822124,1,1,0,0,0,0,119,1,9,1
822273,0,1,1,0,1,0,119,1,9,1
822328,0,1,0,1,0,0,119,1,9,1
822387,0,0,0,0,1,0,119,1,9,1
822405,0,1,0,1,0,0,119,1,9,1
822443,1,1,0,0,0,0,119,1,9,1
822578,1,1,1,1,1,0,119,1,9,1
822617,0,0,1,1,0,0,119,1,9,1
822786,1,0,0,1,1,0,119,1,9,1
822920,1,0,1,0,0,0,119,1,9,1
822952,1,1,1,1,1,0,119,1,9,1
822957,0,1,1,0,1,0,119,1,9,1
823069,0,1,0,1,0,0,119,1,9,1
823081,0,1,1,0,1,0,119,1,9,1
823412,0,1,1,0,1,0,119,1,9,1
823606,0,1,1,0,1,0,119,1,9,1
823641,1,1,1,1,1,0,119,1,9,1
823663,0,1,1,0,1,0,119,1,9,1
823671,0,1,1,0,1,0,119,1,9,1
823938,0,0,1,1,0,0,119,1,9,1
824333,0,0,0,0,1,0,119,1,9,1
824395,0,0,0,0,1,0,119,1,9,1
824561,1,1,0,0,0,0,119,1,9,1
824911,1,0,0,1,1,0,119,1,9,1
824965,1,1,1,1,1,0,119,1,9,1
825011,1,0,0,1,1,0,119,1,9,1
825023,1,0,1,0,0,0,119,1,9,1
825094,1,0,0,1,1,0,119,1,9,1
825107,1,1,1,1,1,0,119,1,9,1
825357,1,0,0,1,1,0,119,1,9,1
825478,0,0,1,1,0,0,119,1,9,1
825610,0,0,1,1,0,0,119,1,9,1
825641,0,1,0,1,0,0,119,1,9,1
826023,0,0,0,0,1,0,119,1,9,1
826247,0,0,1,1,0,0,119,1,9,1
826526,0,0,1,1,0,0,119,1,9,1
826759,0,1,0,1,0,0,119,1,9,1
826891,0,0,0,0,1,0,119,1,9,1
826913,0,0,1,1,0,0,119,1,9,1
826987,1,1,0,0,0,0,119,1,9,1
827266,0,0,0,0,1,0,119,1,9,1
827321,0,1,1,0,1,0,119,1,9,1
827407,1,0,0,1,1,0,119,1,9,1
827445,1,1,1,1,1,0,119,1,9,1
827473,0,0,1,1,0,0,119,1,9,1
827511,1,0,0,1,1,0,119,1,9,1
827673,1,0,0,1,1,0,119,1,9,1
827961,1,0,1,0,0,0,119,1,9,1
828279,0,1,1,0,1,0,119,1,9,1
828309,1,1,0,0,0,0,119,1,9,1
828337,1,0,1,0,0,0,119,1,9,1
828470,1,0,0,1,1,0,119,1,9,1
828558,0,1,0,1,0,0,119,1,9,1
828658,1,0,0,1,1,0,119,1,9,1
828682,1,1,0,0,0,0,119,1,9,1
828702,0,1,0,1,0,0,119,1,9,1
828755,1,1,0,1,0,0,119,1,9,1
828895,1,1,0,0,0,0,119,1,9,1
829060,0,1,0,1,0,0,119,1,9,1
829111,1,1,1,1,1,0,119,1,9,1
829176,0,0,1,1,0,0,119,1,9,1
829337,0,0,1,1,0,0,119,1,9,1
829477,0,1,0,1,0,0,119,1,9,1
829506,0,1,0,1,0,0,119,1,9,1
829574,1,1,1,1,1,0,119,1,9,1
830005,0,1,0,1,0,0,119,1,9,1
830092,1,1,1,1,1,0,119,1,9,1
830314,1,1,1,1,1,0,119,1,9,1
830380,1,0,1,0,0,0,119,1,9,1
830433,0,0,0,0,1,0,119,1,9,1
830586,1,1,1,1,1,0,119,1,9,1
830842,1,1,1,1,1,0,119,1,9,1
831324,1,1,1,1,1,0,119,1,9,1
831510,0,0,1,1,0,0,119,1,9,1
831753,0,1,0,1,0,0,119,1,9,1
831808,0,0,1,1,0,0,119,1,9,1
831825,0,0,1,1,0,0,119,1,9,1
832020,0,1,1,0,1,0,119,1,9,1
832216,1,0,0,1,1,0,119,1,9,1
832402,1,0,1,0,0,0,119,1,9,1
832423,0,0,1,1,0,0,119,1,9,1
832526,1,0,0,1,1,0,119,1,9,1
832553,0,0,0,0,1,0,119,1,9,1
832632,1,0,0,1,1,0,119,1,9,1
832732,0,1,1,0,1,0,119,1,9,1
832736,0,0,0,0,1,0,119,1,9,1
832744,0,0,1,1,0,0,119,1,9,1
832790,0,1,1,0,1,0,119,1,9,1
832940,1,1,0,1,0,0,119,1,9,1
833052,0,1,1,0,1,0,119,1,9,1
833071,1,0,0,1,1,0,119,1,9,1
833110,1,1,0,0,0,0,119,1,9,1
833135,1,1,1,1,1,0,119,1,9,1
833315,0,0,0,0,1,0,119,1,9,1
833326,1,1,0,0,0,0,119,1,9,1
833481,0,1,1,0,1,0,119,1,9,1
833608,1,1,0,0,0,0,119,1,9,1
833972,0,1,0,1,0,0,119,1,9,1
833985,1,0,0,1,1,0,119,1,9,1
834005,0,0,1,1,0,0,119,1,9,1
834026,1,1,1,1,1,0,119,1,9,1
834062,0,1,1,0,1,0,119,1,9,1
834094,1,0,0,1,1,0,119,1,9,1
834378,0,1,0,1,0,0,119,1,9,1
834460,1,1,0,0,0,0,119,1,9,1
834480,0,0,1,1,0,0,119,1,9,1
834823,0,1,0,1,0,0,119,1,9,1
834945,0,1,1,0,1,0,119,1,9,1
834949,0,0,1,1,0,0,119,1,9,1
835134,1,0,1,0,0,0,119,1,9,1
835257,1,0,1,0,0,0,119,1,9,1
835288,0,1,0,1,0,0,119,1,9,1
835298,0,1,1,0,1,0,119,1,9,1
835425,1,0,1,0,0,0,119,1,9,1
835437,0,1,1,0,1,0,119,1,9,1
835588,1,1,0,0,0,0,119,1,9,1
835609,1,0,0,0,1,1,119,1,9,1
835639,0,0,0,0,1,0,119,1,9,1
835695,0,0,0,1,1,1,119,1,9,1
835833,0,1,1,0,1,0,119,1,9,1
835860,1,0,0,1,1,0,119,1,9,1
835930,0,0,1,1,0,0,119,1,9,1
836132,0,0,0,0,1,0,119,1,9,1
836164,1,0,1,0,0,0,119,1,9,1
836181,1,1,0,0,0,0,119,1,9,1
836267,1,0,0,1,1,0,119,1,9,1
836437,1,1,0,0,0,0,119,1,9,1
836724,0,1,1,0,1,0,119,1,9,1
836801,1,0,0,1,1,0,119,1,9,1
836844,1,1,0,0,0,0,119,1,9,1
836999,0,1,1,0,1,0,119,1,9,1
837010,0,0,1,1,0,0,119,1,9,1
837207,0,0,0,0,1,0,119,1,9,1
837231,1,1,0,0,0,0,119,1,9,1
837311,0,1,0,1,0,0,119,1,9,1
837374,1,1,1,1,1,0,119,1,9,1
837399,0,0,1,1,0,0,119,1,9,1
837427,1,1,0,0,0,0,119,1,9,1
837490,0,0,1,1,0,0,119,1,9,1
837513,0,0,1,1,0,0,119,1,9,1
837903,1,1,1,1,1,0,119,1,9,1
838004,1,0,0,1,1,0,119,1,9,1
838091,0,0,0,0,1,0,119,1,9,1
838286,1,1,0,0,0,0,119,1,9,1
838370,0,0,1,1,0,0,119,1,9,1
838393,0,0,0,0,1,0,119,1,9,1
838475,0,0,0,0,1,0,119,1,9,1
838640,0,1,0,1,0,0,119,1,9,1
838654,1,0,1,0,0,0,119,1,9,1
838773,0,1,1,0,1,0,119,1,9,1
838863,1,1,0,0,0,0,119,1,9,1
838971,1,0,0,1,1,0,119,1,9,1
839123,0,1,1,0,1,0,119,1,9,1
839192,1,1,0,0,0,0,119,1,9,1
839225,1,1,0,0,0,0,119,1,9,1
839394,1,0,0,1,1,0,119,1,9,1
839912,1,0,0,1,1,0,119,1,9,1
840129,1,1,1,1,1,0,119,1,9,1
840294,0,0,1,1,0,0,119,1,9,1
840318,1,1,1,1,1,0,119,1,9,1
840348,1,1,1,1,1,0,119,1,9,1
840364,0,1,1,0,1,0,119,1,9,1
840369,1,0,0,1,1,0,119,1,9,1
840441,0,0,0,0,1,0,119,1,9,1
840461,0,0,1,1,0,0,119,1,9,1
840872,0,1,0,1,0,0,119,1,9,1
840908,0,1,0,0,0,0,119,1,9,1
840961,1,1,0,0,0,0,119,1,9,1
841170,1,0,1,0,0,0,119,1,9,1
841441,1,0,0,1,1,0,119,1,9,1
841490,1,1,1,1,1,0,119,1,9,1
841505,0,0,1,1,0,0,119,1,9,1
841525,1,0,0,1,1,0,119,1,9,1
841630,0,0,1,0,0,0,119,1,9,1
841633,1,1,0,0,0,0,119,1,9,1
841816,1,1,0,0,0,0,119,1,9,1
842318,0,0,1,1,0,0,119,1,9,1
842431,0,0,1,1,0,0,119,1,9,1
842469,1,1,0,0,0,0,119,1,9,1
842799,0,0,0,0,1,0,119,1,9,1
842968,1,1,0,0,0,0,119,1,9,1
843098,1,0,0,1,1,0,119,1,9,1
843133,0,0,0,0,1,0,119,1,9,1
843411,0,0,1,1,0,0,119,1,9,1
843552,0,0,1,1,0,0,119,1,9,1
843565,1,1,0,0,0,0,119,1,9,1
843695,0,0,1,1,0,0,119,1,9,1
843763,1,0,1,0,0,0,119,1,9,1
843916,1,1,1,1,1,0,119,1,9,1
843949,1,1,1,1,1,0,119,1,9,1
844034,1,0,0,1,1,0,119,1,9,1
844348,0,1,0,1,0,0,119,1,9,1
844408,0,0,1,1,0,0,119,1,9,1
844410,1,0,0,1,1,0,119,1,9,1
844574,0,1,1,0,1,0,119,1,9,1
844591,0,0,1,1,0,0,119,1,9,1
844796,1,0,1,0,0,0,119,1,9,1
844900,0,0,1,1,0,0,119,1,9,1
845064,0,0,1,1,0,0,119,1,9,1
845066,0,1,1,0,1,0,119,1,9,1
845140,1,1,1,1,1,0,119,1,9,1
845267,1,0,0,1,1,0,119,1,9,1
845283,1,1,0,0,0,0,119,1,9,1
845418,0,0,0,0,1,0,119,1,9,1
845797,0,0,1,0,0,0,119,1,9,1
845847,0,1,1,0,1,0,119,1,9,1
845893,1,1,0,0,0,0,119,1,9,1
846172,0,1,0,1,0,0,119,1,9,1
846200,0,1,1,0,1,0,119,1,9,1
846266,1,1,1,1,1,0,119,1,9,1
846305,1,1,1,1,1,0,119,1,9,1
846340,0,0,1,1,0,0,119,1,9,1
846510,0,1,0,1,0,0,119,1,9,1
846740,1,0,0,1,1,0,119,1,9,1
847030,0,1,0,1,0,0,119,1,9,1
847180,1,0,1,0,0,0,119,1,9,1
847261,0,1,0,1,0,0,119,1,9,1
847753,1,0,0,1,1,0,119,1,9,1
847900,0,1,1,0,1,0,119,1,9,1
848063,0,0,1,1,0,0,119,1,9,1
848178,0,0,0,0,1,0,119,1,9,1
848684,0,1,1,0,1,0,119,1,9,1
848733,0,1,1,0,1,0,119,1,9,1
848976,0,0,0,1,1,1,119,1,9,1
848983,0,1,1,0,1,0,119,1,9,1
849003,0,1,1,0,1,0,119,1,9,1
849014,0,1,1,0,1,0,119,1,9,1
849113,0,0,1,1,0,0,119,1,9,1
849149,0,1,1,0,1,0,119,1,9,1
849190,0,1,0,1,0,0,119,1,9,1
849294,1,1,1,1,1,0,119,1,9,1
849322,0,0,0,0,1,0,119,1,9,1
849361,0,1,1,0,1,0,119,1,9,1
849460,1,1,0,0,0,0,119,1,9,1
849570,0,1,1,0,1,0,119,1,9,1
849585,1,1,1,0,1,1,119,1,9,1
849649,0,0,0,0,1,0,119,1,9,1
849655,1,1,0,0,0,0,119,1,9,1
849726,1,1,1,1,1,0,119,1,9,1
850161,0,1,1,0,1,0,119,1,9,1
850393,1,1,1,1,1,0,119,1,9,1
850401,0,1,1,0,1,0,119,1,9,1
850443,1,1,0,0,0,0,119,1,9,1
850642,0,0,1,1,0,0,119,1,9,1
850684,1,1,1,1,1,0,119,1,9,1
851271,1,0,0,1,1,0,119,1,9,1
851484,0,1,1,0,1,0,119,1,9,1
851602,0,1,1,0,1,0,119,1,9,1
851757,1,1,0,0,0,0,119,1,9,1
851763,0,0,1,1,0,0,119,1,9,1
851894,1,1,1,1,1,0,119,1,9,1
852051,1,1,1,1,1,0,131,1,9,1
852108,0,0,0,0,1,0,131,1,9,1
852109,1,1,0,0,0,0,131,1,9,1
852324,0,0,1,1,0,0,131,1,9,1
852510,1,0,1,0,0,0,131,1,9,1
852547,0,0,1,1,0,0,131,1,9,1
852675,1,0,1,0,0,0,131,1,9,1
852838,0,1,1,0,1,0,131,1,9,1
852933,0,0,1,1,0,0,131,1,9,1
853025,0,0,0,0,1,0,131,1,9,1
853271,1,1,0,0,0,0,131,1,9,1
853427,1,0,0,1,1,0,131,1,9,1
853486,1,0,0,1,1,0,131,1,9,1
853607,1,1,0,0,0,0,131,1,9,1
853808,0,0,1,1,0,0,131,1,9,1
853815,1,1,0,0,0,0,131,1,9,1
853818,0,0,0,0,1,0,131,1,9,1
853857,0,0,1,1,0,0,131,1,9,1
854106,1,1,1,1,1,0,131,1,9,1
854122,0,1,0,1,0,0,131,1,9,1
854393,0,1,0,1,0,0,131,1,9,1
854491,0,1,0,1,0,0,131,1,9,1
854674,0,0,1,1,0,0,131,1,9,1
854722,1,1,1,1,1,0,131,1,9,1
854726,0,0,1,1,0,0,131,1,9,1
854781,1,0,1,0,0,0,131,1,9,1
855126,0,1,1,0,1,0,131,1,9,1
855216,0,1,1,0,1,0,131,1,9,1
855252,1,1,1,1,1,0,131,1,9,1
855294,1,1,1,1,1,0,131,1,9,1
855336,0,0,0,0,1,0,131,1,9,1
855347,1,1,0,1,0,0,131,1,9,1
855513,1,0,1,0,0,0,131,1,9,1
855611,0,0,1,1,0,0,131,1,9,1
855656,0,0,1,1,0,0,131,1,9,1
855686,1,1,0,0,0,0,131,1,9,1
855799,0,1,0,1,0,0,131,1,9,1
855819,1,1,1,1,1,0,131,1,9,1
855841,1,1,0,0,0,0,131,1,9,1
856074,1,0,1,0,0,0,131,1,9,1
856391,1,1,0,0,0,0,131,1,9,1
856511,1,0,0,1,1,0,131,1,9,1
856548,1,0,0,1,1,0,131,1,9,1
856573,0,0,0,0,1,0,131,1,9,1
856622,0,0,1,1,0,0,131,1,9,1
856653,1,0,1,0,0,0,131,1,9,1
857225,1,1,0,0,0,0,131,1,9,1
857246,1,0,1,0,0,0,131,1,9,1
857410,0,0,1,1,0,0,131,1,9,1
857618,1,0,0,1,1,0,131,1,9,1
857726,1,0,1,0,0,0,131,1,9,1
857887,1,0,1,0,0,0,131,1,9,1
857894,1,0,0,1,1,0,131,1,9,1
857920,1,1,1,1,1,0,131,1,9,1
858166,0,1,1,0,1,0,131,1,9,1
858186,0,1,0,1,0,0,131,1,9,1
858277,1,1,1,1,1,0,131,1,9,1
858454,0,0,0,0,1,0,131,1,9,1
858460,1,0,1,0,0,0,131,1,9,1
858475,0,0,0,0,1,0,131,1,9,1
858505,1,0,1,0,0,0,131,1,9,1
858522,1,0,1,0,0,0,131,1,9,1
858604,0,1,1,0,1,0,131,1,9,1
858892,0,1,1,0,1,0,131,1,9,1
859074,0,1,1,0,1,0,131,1,9,1
859105,0,1,1,0,1,0,131,1,9,1
859149,0,1,0,1,0,0,131,1,9,1
859207,1,1,0,0,0,0,131,1,9,1
859247,1,1,0,0,0,0,131,1,9,1
859326,1,0,0,1,1,0,131,1,9,1
859363,1,0,0,1,1,0,131,1,9,1
859567,0,1,1,1,1,1,131,1,9,1
859626,0,1,1,0,1,0,131,1,9,1
859805,1,1,1,1,1,0,131,1,9,1
859829,0,0,1,1,0,0,131,1,9,1
859858,1,0,0,1,1,0,131,1,9,1
859877,0,0,1,1,0,0,131,1,9,1
859927,0,0,0,0,1,0,131,1,9,1
859981,0,0,0,0,1,0,131,1,9,1
860201,0,0,0,0,1,0,131,1,9,1
860312,0,0,1,1,0,0,131,1,9,1
860542,0,0,0,0,1,0,131,1,9,1
860734,0,1,1,0,1,0,131,1,9,1
860760,1,0,0,1,1,0,131,1,9,1
860965,1,0,0,1,1,0,131,1,9,1
861027,0,1,1,0,1,0,131,1,9,1
861206,0,1,0,1,0,0,131,1,9,1
861227,0,1,1,0,1,0,131,1,9,1
861249,0,0,1,0,0,0,131,1,9,1
861320,1,0,0,1,1,0,131,1,9,1
861361,0,1,0,1,0,0,131,1,9,1
861362,0,0,0,0,1,0,131,1,9,1
861405,1,0,0,1,1,0,131,1,9,1
861580,1,1,1,1,1,0,131,1,9,1
861621,0,0,0,0,1,0,131,1,9,1
861796,1,0,1,0,0,0,131,1,9,1
862008,0,0,0,0,1,0,131,1,9,1
862056,0,1,1,0,1,0,131,1,9,1
862374,0,0,0,0,1,0,131,1,9,1
862403,1,1,1,1,1,0,131,1,9,1
862481,0,0,1,1,0,0,131,1,9,1
862515,0,0,1,1,0,0,131,1,9,1
862529,1,0,1,0,0,0,131,1,9,1
862593,0,1,0,1,0,0,131,1,9,1
862634,1,1,0,0,0,0,131,1,9,1
862897,0,1,0,1,0,0,131,1,9,1
862987,0,0,0,0,1,0,131,1,9,1
863168,1,1,1,1,1,0,131,1,9,1
863584,1,0,0,1,1,0,131,1,9,1
863600,1,1,0,0,0,0,131,1,9,1
863740,0,1,0,1,0,0,131,1,9,1
863992,1,0,0,1,1,0,131,1,9,1
864019,0,1,1,0,1,0,131,1,9,1
864027,0,0,0,0,1,0,131,1,9,1
864034,0,1,0,1,0,0,131,1,9,1
864068,1,0,1,0,0,0,131,1,9,1
864158,1,0,1,0,0,0,131,1,9,1
864219,0,0,0,0,1,0,131,1,9,1
864225,1,1,1,1,1,0,131,1,9,1
864533,0,0,1,1,0,0,131,1,9,1
864749,1,0,1,0,0,0,131,1,9,1
864789,0,1,0,1,0,0,131,1,9,1
864830,0,0,1,1,0,0,131,1,9,1
864913,1,0,1,0,0,0,131,1,9,1
865002,1,1,0,0,0,0,131,1,9,1
865015,0,1,0,1,0,0,131,1,9,1
865017,1,1,1,1,1,0,131,1,9,1
865346,0,0,0,1,1,1,131,1,9,1
865450,1,0,1,0,0,0,131,1,9,1
865655,0,1,1,0,1,0,131,1,9,1
865668,1,1,0,0,0,0,131,1,9,1
865815,0,1,1,0,1,0,131,1,9,1
865877,0,0,0,0,1,0,131,1,9,1
865925,0,1,1,0,1,0,131,1,9,1
865947,0,1,0,1,0,0,131,1,9,1
865994,1,0,0,1,1,0,131,1,9,1
866062,0,0,0,0,1,0,131,1,9,1
866113,0,1,1,0,1,0,131,1,9,1
866118,0,0,1,1,0,0,131,1,9,1
866262,1,0,1,0,0,0,131,1,9,1
866310,1,0,1,0,0,0,131,1,9,1
866436,0,1,0,1,0,0,131,1,9,1
866525,0,1,0,1,0,0,131,1,9,1
866565,0,1,1,0,1,0,131,1,9,1
866602,0,0,0,0,1,0,131,1,9,1
866627,1,0,1,0,0,0,131,1,9,1
866695,0,1,1,0,1,0,131,1,9,1
866723,1,0,0,1,1,0,131,1,9,1
866738,1,1,1,1,1,0,131,1,9,1
866868,1,1,0,0,0,0,131,1,9,1
866985,1,0,0,1,1,0,131,1,9,1
867001,1,1,1,1,1,0,131,1,9,1
867047,1,0,0,1,1,0,131,1,9,1
867049,0,1,0,1,0,0,131,1,9,1
867390,1,0,0,1,1,0,131,1,9,1
867471,1,0,1,0,0,0,131,1,9,1
867567,0,1,0,1,0,0,131,1,9,1
867733,0,0,0,0,1,0,131,1,9,1
867797,1,0,0,1,1,0,131,1,9,1
867833,1,0,0,1,1,0,131,1,9,1
867913,1,1,1,1,1,0,131,1,9,1
867958,1,1,0,0,0,0,131,1,9,1
868192,1,1,1,1,1,0,131,1,9,1
868209,0,1,1,0,1,0,131,1,9,1
868310,0,0,1,1,0,0,131,1,9,1
868343,1,1,1,1,1,0,131,1,9,1
868402,0,0,0,0,1,0,131,1,9,1
868648,1,0,1,0,0,0,131,1,9,1
868723,1,1,1,1,1,0,131,1,9,1
869008,1,0,1,0,0,0,131,1,9,1
869124,1,0,0,1,1,0,131,1,9,1
869172,0,0,1,1,0,0,131,1,9,1
869326,0,1,1,0,1,0,131,1,9,1
869328,1,0,1,0,0,0,131,1,9,1
869481,0,1,1,0,1,0,131,1,9,1
869673,1,1,1,1,1,0,131,1,9,1
869714,0,1,0,1,0,0,131,1,9,1
869791,1,1,1,1,1,0,131,1,9,1
869814,0,0,0,0,1,0,131,1,9,1
869831,0,0,1,1,0,0,131,1,9,1
869983,0,1,1,0,1,0,131,1,9,1
870021,1,1,0,0,0,0,131,1,9,1
870081,1,0,1,0,0,0,131,1,9,1
870224,0,0,1,1,0,0,131,1,9,1
870291,1,1,1,1,1,0,131,1,9,1
870617,0,1,1,0,1,0,131,1,9,1
870655,0,0,1,1,0,0,131,1,9,1
870686,0,0,1,1,0,0,131,1,9,1
870760,0,0,0,0,1,0,131,1,9,1
870803,1,1,0,0,0,0,131,1,9,1
870842,0,0,1,1,0,0,131,1,9,1
870865,1,0,0,1,1,0,131,1,9,1
870884,1,0,1,0,0,0,131,1,9,1
871000,0,0,1,1,0,0,131,1,9,1
871097,1,1,0,0,0,0,131,1,9,1
871267,1,0,0,1,1,0,131,1,9,1
871377,1,1,0,0,0,0,131,1,9,1
871421,0,1,1,0,1,0,131,1,9,1
871427,1,0,1,0,0,0,131,1,9,1
871440,1,1,0,0,0,0,131,1,9,1
871509,0,1,0,1,0,0,131,1,9,1
871521,0,0,0,0,1,0,131,1,9,1
871565,1,0,0,1,1,0,131,1,9,1
871646,0,0,1,1,0,0,131,1,9,1
871657,1,0,1,0,0,0,131,1,9,1
871665,1,1,0,0,0,0,131,1,9,1
871713,0,1,1,0,1,0,131,1,9,1
871735,1,1,0,0,0,0,131,1,9,1
871791,0,0,1,1,0,0,131,1,9,1
871870,1,0,1,0,0,0,131,1,9,1
871977,1,1,1,1,1,0,131,1,9,1
872109,0,0,1,1,0,0,131,1,9,1
872202,1,1,1,1,1,0,131,1,9,1
872314,1,0,0,1,1,0,131,1,9,1
872322,0,0,1,1,0,0,131,1,9,1
872409,0,0,1,1,0,0,131,1,9,1
872647,0,1,1,0,1,0,131,1,9,1
872857,1,1,0,0,0,0,131,1,9,1
872859,0,1,1,0,1,0,131,1,9,1
872912,1,0,0,1,1,0,131,1,9,1
873003,0,1,1,0,1,0,131,1,9,1
873052,0,1,1,0,1,0,131,1,9,1
873164,0,1,0,1,0,0,131,1,9,1
873307,0,1,0,1,0,0,131,1,9,1
873359,1,0,0,1,1,0,131,1,9,1
873600,0,0,1,1,0,0,131,1,9,1
873655,1,0,0,1,1,0,131,1,9,1
873670,0,0,0,0,1,0,131,1,9,1
873704,0,1,0,1,0,0,131,1,9,1
874177,0,0,0,0,1,0,131,1,9,1
874178,0,0,0,0,1,0,131,1,9,1
874213,0,1,1,0,1,0,131,1,9,1
874267,0,1,1,0,1,0,131,1,9,1
874284,0,0,1,1,0,0,131,1,9,1
874354,0,0,1,1,0,0,131,1,9,1
874428,0,1,1,0,1,0,131,1,9,1
874485,1,0,0,1,1,0,131,1,9,1
874650,0,0,0,0,1,0,131,1,9,1
874709,0,1,1,0,1,0,131,1,9,1
874736,0,1,0,1,0,0,131,1,9,1
874758,1,1,0,0,0,0,131,1,9,1
874777,0,1,0,1,0,0,131,1,9,1
874800,0,0,1,1,0,0,131,1,9,1
874876,1,0,0,1,1,0,131,1,9,1
874883,0,1,0,1,0,0,131,1,9,1
874910,0,0,1,1,0,0,131,1,9,1
874955,1,1,1,1,1,0,131,1,9,1
875015,0,0,1,1,0,0,131,1,9,1
875046,0,1,1,0,1,0,131,1,9,1
875062,1,1,1,1,1,0,131,1,9,1
875065,1,0,0,1,1,0,131,1,9,1
875102,1,1,0,0,0,0,131,1,9,1
875304,0,1,0,1,0,0,131,1,9,1
875402,0,1,0,1,0,0,131,1,9,1
875455,1,0,1,0,0,0,131,1,9,1
875463,1,1,0,0,0,0,131,1,9,1
875567,1,0,0,1,1,0,131,1,9,1
875587,0,1,0,1,0,0,131,1,9,1
875591,1,1,1,1,1,0,131,1,9,1
875661,1,1,0,0,0,0,131,1,9,1
875741,1,0,1,0,0,0,131,1,9,1
875766,0,1,0,1,0,0,131,1,9,1
875804,0,1,1,0,1,0,131,1,9,1
875875,0,0,1,1,0,0,131,1,9,1
875899,0,1,1,0,1,0,131,1,9,1
875943,0,0,0,0,1,0,131,1,9,1
875961,0,1,1,0,1,0,131,1,9,1
875972,1,1,1,1,1,0,131,1,9,1
876105,1,0,1,0,0,0,131,1,9,1
876143,0,0,1,1,0,0,131,1,9,1
876182,0,0,1,1,0,0,131,1,9,1
876190,1,0,1,0,0,0,131,1,9,1
876193,0,0,0,0,1,0,131,1,9,1
876243,0,0,0,0,1,0,131,1,9,1
876302,1,1,0,0,0,0,131,1,9,1
876386,0,1,1,1,1,1,131,1,9,1
876629,1,0,1,0,0,0,131,1,9,1
876682,0,0,1,1,0,0,131,1,9,1
876854,1,0,0,1,1,0,131,1,9,1
876873,0,0,0,0,1,0,131,1,9,1
876886,1,1,1,1,1,0,131,1,9,1
876957,0,0,1,1,0,0,131,1,9,1
877093,0,1,0,1,0,0,131,1,9,1
877253,0,0,0,0,1,0,131,1,9,1
877307,1,1,0,0,0,0,131,1,9,1
877642,1,0,1,0,0,0,131,1,9,1
877782,1,1,1,1,1,0,131,1,9,1
877960,1,1,1,1,1,0,131,1,9,1
878106,1,0,1,0,0,0,131,1,9,1
878206,0,0,0,0,1,0,131,1,9,1
878355,1,0,0,1,1,0,131,1,9,1
878398,0,1,0,1,0,0,131,1,9,1
878466,0,1,0,1,0,0,131,1,9,1
878485,1,0,0,1,1,0,131,1,9,1
878549,0,0,1,1,0,0,131,1,9,1
878644,0,0,0,0,1,0,131,1,9,1
878648,0,0,0,0,1,0,131,1,9,1
878857,0,1,1,0,1,0,131,1,9,1
879050,0,0,0,0,1,0,131,1,9,1
879332,1,1,0,0,0,0,131,1,9,1
879353,0,1,1,0,1,0,131,1,9,1
879381,1,0,0,1,1,0,131,1,9,1
879485,0,1,1,0,1,0,131,1,9,1
879497,1,0,0,1,1,0,131,1,9,1
879636,0,0,1,1,0,0,131,1,9,1
879960,0,1,1,0,1,0,131,1,9,1
880139,1,1,1,1,1,0,131,1,9,1
880393,0,1,0,1,0,0,131,1,9,1
880450,1,0,0,1,1,0,131,1,9,1
880543,1,0,1,0,0,0,131,1,9,1
880556,1,1,1,1,1,0,131,1,9,1
881002,1,0,1,0,0,0,131,1,9,1
881043,1,1,1,1,1,0,131,1,9,1
881089,0,0,1,1,0,0,131,1,9,1
881132,0,0,1,1,0,0,131,1,9,1
881248,0,0,1,1,0,0,131,1,9,1
881283,0,1,0,1,0,0,131,1,9,1
881354,1,0,0,1,1,0,131,1,9,1
881381,0,0,0,0,1,0,131,1,9,1
881395,0,0,0,0,1,0,131,1,9,1
881415,0,0,1,1,0,0,131,1,9,1
881513,1,1,1,1,1,0,131,1,9,1
881536,0,0,0,0,1,0,131,1,9,1
881727,1,1,0,0,0,0,131,1,9,1
881922,0,1,0,1,0,0,131,1,9,1
881923,1,1,0,0,0,0,131,1,9,1
882044,0,1,0,1,0,0,131,1,9,1
882205,1,0,1,1,0,0,131,1,9,1
882253,1,0,0,1,1,0,131,1,9,1
882273,0,0,0,0,1,0,131,1,9,1
882290,0,0,1,1,0,0,131,1,9,1
882307,1,0,0,1,1,0,131,1,9,1
882330,0,1,1,0,1,0,131,1,9,1
882354,1,0,1,0,0,0,131,1,9,1
882395,0,0,1,1,0,0,131,1,9,1
882542,0,1,1,0,1,0,131,1,9,1
882622,0,0,0,0,1,0,131,1,9,1
882704,1,1,1,1,1,0,131,1,9,1
882708,0,0,1,1,0,0,131,1,9,1
882778,0,1,0,1,0,0,131,1,9,1
882870,0,1,1,0,1,0,131,1,9,1
882903,1,0,1,0,0,0,131,1,9,1
882970,0,0,0,0,1,0,131,1,9,1
882974,0,1,1,0,1,0,131,1,9,1
883125,0,1,0,1,0,0,131,1,9,1
883555,1,1,0,0,0,0,131,1,9,1
883611,0,0,1,1,0,0,131,1,9,1
883642,1,0,1,0,0,0,131,1,9,1
883662,0,0,1,1,0,0,131,1,9,1
883750,1,0,0,1,1,0,131,1,9,1
883819,0,1,0,1,0,0,131,1,9,1
883891,1,1,0,0,0,0,131,1,9,1
883962,0,1,0,1,0,0,131,1,9,1
883963,1,0,0,1,1,0,131,1,9,1
884207,1,0,0,1,1,0,131,1,9,1
884252,0,1,1,0,1,0,131,1,9,1
884301,0,1,0,1,0,0,131,1,9,1
884314,1,0,0,0,1,1,131,1,9,1
884343,0,0,1,1,0,0,131,1,9,1
884397,0,0,1,1,0,0,131,1,9,1
884404,0,1,1,0,1,0,131,1,9,1
884428,0,1,0,1,0,0,131,1,9,1
884557,0,0,1,1,0,0,131,1,9,1
884566,0,1,0,1,0,0,131,1,9,1
884580,1,1,1,1,1,0,131,1,9,1
884593,0,1,1,0,1,0,131,1,9,1
884653,0,0,0,0,1,0,131,1,9,1
884656,1,1,1,1,1,0,131,1,9,1
884964,1,1,0,0,0,0,131,1,9,1
885087,0,0,1,1,0,0,131,1,9,1
885258,0,0,1,1,0,0,131,1,9,1
885416,1,0,0,1,1,0,131,1,9,1
885505,0,0,0,0,1,0,131,1,9,1
885921,1,1,0,0,0,0,131,1,9,1
886078,0,0,1,1,0,0,131,1,9,1
886169,1,1,0,0,0,0,131,1,9,1
886325,0,1,1,0,1,0,131,1,9,1
886339,0,0,0,0,1,0,131,1,9,1
886528,0,1,0,1,0,0,131,1,9,1
886628,0,0,0,0,1,0,131,1,9,1
886879,0,1,1,0,1,0,131,1,9,1
886967,0,1,1,0,1,0,131,1,9,1
887065,1,0,1,0,0,0,131,1,9,1
887125,0,0,0,0,1,0,131,1,9,1
887359,0,0,0,0,1,0,131,1,9,1
887521,0,1,1,0,1,0,131,1,9,1
887767,1,0,1,0,0,0,131,1,9,1
887806,0,0,0,0,1,0,131,1,9,1
887889,1,0,0,1,1,0,131,1,9,1
888098,1,1,1,1,1,0,131,1,9,1
888321,0,0,0,0,1,0,131,1,9,1
888330,0,1,1,0,1,0,131,1,9,1
888539,1,0,1,0,0,0,131,1,9,1
888560,0,0,1,1,0,0,131,1,9,1
888946,0,0,1,1,0,0,131,1,9,1
889103,0,1,1,0,1,0,131,1,9,1
889131,1,0,1,0,0,0,131,1,9,1
889160,1,1,1,1,1,0,131,1,9,1
889181,1,0,1,0,0,0,131,1,9,1
889279,1,1,1,1,1,0,131,1,9,1
889328,1,1,0,0,0,0,131,1,9,1
889405,0,1,0,1,0,0,131,1,9,1
889413,0,0,1,1,0,0,131,1,9,1
889431,0,0,0,0,1,0,131,1,9,1
889556,0,0,0,0,1,0,131,1,9,1
889593,1,0,1,0,0,0,131,1,9,1
889595,1,0,1,1,0,0,131,1,9,1
889716,0,1,0,1,0,0,131,1,9,1
889816,1,0,1,0,0,0,131,1,9,1
889994,1,1,0,0,0,0,131,1,9,1
890180,1,1,1,1,1,0,131,1,9,1
890288,1,0,1,0,0,0,131,1,9,1
890349,1,1,0,0,0,0,131,1,9,1
890525,1,0,0,1,1,0,131,1,9,1
890543,1,0,0,1,1,0,131,1,9,1
890615,0,1,0,1,0,0,131,1,9,1
890703,0,1,0,1,0,0,131,1,9,1
890740,1,1,1,1,1,0,131,1,9,1
890812,0,0,0,0,1,0,131,1,9,1
890884,0,0,0,0,1,0,131,1,9,1
891048,0,0,0,0,1,0,131,1,9,1
891107,0,0,1,1,0,0,131,1,9,1
891251,0,1,0,1,0,0,131,1,9,1
891328,0,0,0,0,1,0,131,1,9,1
891495,1,0,0,1,1,0,131,1,9,1
891773,1,1,1,1,1,0,131,1,9,1
891778,0,0,0,0,1,0,131,1,9,1
891812,1,1,0,0,0,0,131,1,9,1
891842,0,0,1,1,0,0,131,1,9,1
891944,1,1,0,0,0,0,131,1,9,1
891949,1,1,0,0,0,0,131,1,9,1
892253,0,1,0,1,0,0,131,1,9,1
892602,1,1,1,1,1,0,131,1,9,1
892652,0,1,0,1,0,0,131,1,9,1
892667,1,1,1,1,1,0,131,1,9,1
892730,0,1,0,1,0,0,131,1,9,1
892762,0,0,1,1,0,0,131,1,9,1
892772,0,0,0,0,1,0,131,1,9,1
892907,1,1,1,1,1,0,131,1,9,1
893113,0,0,1,1,0,0,131,1,9,1
893115,1,0,0,1,1,0,131,1,9,1
893131,0,1,1,0,1,0,131,1,9,1
893152,0,0,0,0,1,0,131,1,9,1
893162,1,1,1,1,1,0,131,1,9,1
893191,1,0,0,1,1,0,131,1,9,1
893346,0,0,0,0,1,0,131,1,9,1
893490,1,0,0,1,1,0,131,1,9,1
893604,0,1,1,0,1,0,131,1,9,1
893625,1,0,0,1,1,0,131,1,9,1
893659,0,0,0,0,1,0,131,1,9,1
893725,0,0,0,0,1,0,131,1,9,1
893726,1,1,0,0,0,0,131,1,9,1
893887,0,1,0,0,0,0,131,1,9,1
893909,1,1,1,1,1,0,131,1,9,1
894220,0,1,0,1,0,0,131,1,9,1
894254,1,1,1,1,1,0,131,1,9,1
894259,0,0,0,0,1,0,131,1,9,1
894313,0,0,0,0,1,0,131,1,9,1
894440,1,0,1,0,0,0,131,1,9,1
894469,1,1,0,0,0,0,131,1,9,1
894594,1,1,0,0,0,0,131,1,9,1
894743,0,0,1,1,0,0,131,1,9,1
894765,1,1,1,1,1,0,131,1,9,1
894774,1,1,0,0,0,0,131,1,9,1
894783,1,0,1,0,0,0,131,1,9,1
894977,1,1,0,0,0,0,131,1,9,1
894993,1,1,0,0,0,0,131,1,9,1
895286,0,1,1,0,1,0,131,1,9,1
895336,1,0,0,1,1,0,131,1,9,1
895610,1,0,1,0,0,0,131,1,9,1
895620,0,0,1,1,0,0,131,1,9,1
895683,1,1,1,1,1,0,131,1,9,1
895688,0,0,1,1,0,0,131,1,9,1
895831,0,1,1,0,1,0,131,1,9,1
895859,1,1,0,0,0,0,131,1,9,1
896061,1,1,0,0,0,0,131,1,9,1
896078,0,1,0,1,0,0,131,1,9,1
896180,0,0,1,1,0,0,131,1,9,1
896530,1,1,1,1,1,0,131,1,9,1
896705,0,1,1,0,1,0,131,1,9,1
896974,0,0,0,0,1,0,131,1,9,1
897154,1,1,0,0,0,0,131,1,9,1
897155,1,1,1,1,1,0,131,1,9,1
897265,0,0,1,1,0,0,131,1,9,1
897336,1,0,1,0,0,0,131,1,9,1
897370,0,1,1,0,1,0,131,1,9,1
897568,0,0,1,1,0,0,131,1,9,1
897804,1,0,1,0,0,0,131,1,9,1
897949,1,0,1,0,0,0,131,1,9,1
898038,1,0,1,0,0,0,131,1,9,1
898124,1,0,0,1,1,0,131,1,9,1
898220,1,0,0,1,1,0,131,1,9,1
898284,0,1,1,0,1,0,131,1,9,1
898464,1,0,1,0,0,0,131,1,9,1
898496,1,0,0,1,1,0,131,1,9,1
898592,1,0,1,0,0,0,131,1,9,1
898618,0,1,0,1,0,0,131,1,9,1
898625,0,1,0,1,0,0,131,1,9,1
898637,0,0,0,0,1,0,131,1,9,1
898651,1,1,0,0,0,0,131,1,9,1
898766,0,0,1,1,0,0,131,1,9,1
898800,0,1,1,0,1,0,131,1,9,1
898810,1,1,0,0,0,0,131,1,9,1
898834,1,1,1,1,1,0,131,1,9,1
898908,0,0,1,1,0,0,131,1,9,1
898930,0,0,0,0,1,0,131,1,9,1
898931,1,1,0,0,0,0,131,1,9,1
898967,0,0,1,1,0,0,131,1,9,1
899118,0,1,1,0,1,0,131,1,9,1
899280,1,1,1,1,1,0,131,1,9,1
899332,1,1,0,0,0,0,131,1,9,1
899502,1,0,0,1,1,0,131,1,9,1
899509,1,0,0,1,1,0,131,1,9,1
899513,1,0,1,0,0,0,131,1,9,1
899574,0,1,0,1,0,0,131,1,9,1
899975,1,0,0,1,1,0,131,1,9,1
899980,1,0,1,0,0,0,131,1,9,1
899995,1,1,1,1,1,0,131,1,9,1
900012,0,0,0,0,1,0,131,1,9,1
900322,0,0,1,1,0,0,131,1,9,1
900388,1,0,0,1,1,0,131,1,9,1
900702,1,0,1,0,0,0,131,1,9,1
900948,1,1,0,0,0,0,131,1,9,1
901041,1,0,1,0,0,0,131,1,9,1
901214,0,1,0,1,0,0,131,1,9,1
901307,0,1,1,0,1,0,131,1,9,1
901360,1,0,0,1,1,0,131,1,9,1
901619,1,0,1,0,0,0,131,1,9,1
901649,0,0,0,0,1,0,131,1,9,1
901740,1,0,1,0,0,0,131,1,9,1
901952,0,0,0,0,1,0,131,1,9,1
902069,1,1,1,1,1,0,131,1,9,1
902079,0,0,1,1,0,0,131,1,9,1
902100,0,1,1,0,1,0,131,1,9,1
902128,1,1,1,1,1,0,131,1,9,1
902233,1,1,0,0,0,0,131,1,9,1
902311,1,0,0,1,1,0,131,1,9,1
902370,0,1,1,0,1,0,131,1,9,1
902404,1,0,0,1,1,0,131,1,9,1
902492,1,0,1,0,0,0,131,1,9,1
902602,0,1,1,0,1,0,131,1,9,1
902635,0,1,0,1,0,0,131,1,9,1
902764,0,0,1,1,0,0,131,1,9,1
902802,0,0,0,0,1,0,131,1,9,1
902829,1,1,0,0,0,0,131,1,9,1
902929,1,1,1,1,1,0,131,1,9,1
902967,0,0,1,1,0,0,131,1,9,1
903012,1,0,1,0,0,0,131,1,9,1
903015,1,0,1,0,0,0,131,1,9,1
903073,1,1,1,1,1,0,131,1,9,1
903109,0,0,0,0,1,0,131,1,9,1
903165,0,1,0,1,0,0,131,1,9,1
903252,1,1,0,0,0,0,131,1,9,1
903393,0,0,0,0,1,0,131,1,9,1
903416,1,0,1,0,0,0,131,1,9,1
903422,1,1,1,1,1,0,131,1,9,1
903424,0,0,1,1,0,0,131,1,9,1
903651,0,1,0,1,0,0,131,1,9,1
903668,1,1,0,0,0,0,131,1,9,1
903969,0,0,1,1,0,0,131,1,9,1
903995,1,0,1,0,0,0,131,1,9,1
904411,0,1,1,0,1,0,131,1,9,1
904490,1,1,0,0,0,0,131,1,9,1
904531,0,0,0,0,1,0,131,1,9,1
904663,0,1,1,0,1,0,131,1,9,1
904987,0,0,0,0,1,0,131,1,9,1
905017,0,0,0,0,1,0,131,1,9,1
905121,0,0,1,1,0,0,131,1,9,1
905123,1,1,0,0,0,0,131,1,9,1
905187,0,0,0,0,1,0,131,1,9,1
905193,1,1,1,1,1,0,131,1,9,1
905199,1,1,0,0,0,0,131,1,9,1
905309,0,1,1,0,1,0,131,1,9,1
905421,1,0,1,0,0,0,131,1,9,1
905473,0,1,1,0,1,0,131,1,9,1
905549,1,0,0,1,1,0,131,1,9,1
905619,1,0,0,1,1,0,131,1,9,1
905663,0,0,0,0,1,0,131,1,9,1
905708,0,1,1,0,1,0,131,1,9,1
905801,0,1,0,1,0,0,131,1,9,1
905854,0,0,0,1,1,1,131,1,9,1
905971,1,1,1,1,1,0,131,1,9,1
906073,1,0,0,1,1,0,131,1,9,1
906252,1,1,1,1,1,0,131,1,9,1
906276,1,1,0,0,0,0,131,1,9,1
906292,1,0,0,1,1,0,131,1,9,1
906303,1,0,1,0,0,0,131,1,9,1
906435,1,1,0,0,0,0,131,1,9,1
906511,1,1,0,0,0,0,131,1,9,1
906627,1,0,1,0,0,0,131,1,9,1
906897,1,1,1,1,1,0,131,1,9,1
906960,1,1,1,1,1,0,131,1,9,1
906988,1,0,1,0,0,0,131,1,9,1
907122,0,1,1,0,1,0,131,1,9,1
907274,1,1,1,1,1,0,131,1,9,1
907425,1,1,0,0,0,0,131,1,9,1
907450,1,1,0,0,0,0,131,1,9,1
907461,0,1,1,0,1,0,131,1,9,1
907548,1,0,1,0,0,0,131,1,9,1
907639,1,0,0,1,1,0,131,1,9,1
907652,0,0,1,1,0,0,131,1,9,1
907734,0,0,0,0,1,0,131,1,9,1
907779,1,1,0,0,0,0,131,1,9,1
907796,1,0,0,1,1,0,131,1,9,1
907970,1,1,1,1,1,0,131,1,9,1
907985,1,1,1,1,1,0,131,1,9,1
908013,1,1,0,0,0,0,131,1,9,1
908015,0,1,0,1,0,0,131,1,9,1
908204,1,1,0,0,0,0,131,1,9,1
908219,0,0,1,1,0,0,131,1,9,1
908299,1,0,0,1,1,0,131,1,9,1
908520,0,1,1,0,1,0,131,1,9,1
908553,0,0,0,0,1,0,131,1,9,1
908635,0,0,0,0,1,0,131,1,9,1
908640,0,1,1,0,1,0,131,1,9,1
908699,0,1,0,1,0,0,131,1,9,1
908718,1,0,1,0,0,0,131,1,9,1
908805,0,0,0,0,1,0,131,1,9,1
908816,1,1,1,1,1,0,131,1,9,1
908946,0,0,0,0,1,0,131,1,9,1
909058,0,0,1,1,0,0,131,1,9,1
909079,1,1,0,0,0,0,131,1,9,1
909483,0,1,0,1,0,0,131,1,9,1
909616,0,0,1,1,0,0,131,1,9,1
909627,1,1,0,0,0,0,131,1,9,1
909755,1,1,0,0,0,0,131,1,9,1
909867,1,0,1,0,0,0,131,1,9,1
909904,0,1,1,0,1,0,131,1,9,1
909956,1,0,0,1,1,0,131,1,9,1
910054,0,0,0,0,1,0,131,1,9,1
910073,1,1,1,1,1,0,131,1,9,1
910216,1,0,1,0,0,0,131,1,9,1
910233,0,0,0,0,1,0,131,1,9,1
910484,0,1,1,0,1,0,131,1,9,1
910526,0,1,0,1,0,0,131,1,9,1
910804,0,1,0,1,0,0,131,1,9,1
910980,0,1,1,0,1,0,131,1,9,1
911228,1,0,0,1,1,0,131,1,9,1
911323,0,1,0,1,0,0,131,1,9,1
911411,0,0,0,0,1,0,131,1,9,1
911635,0,1,0,1,0,0,131,1,9,1
911697,1,0,0,0,1,1,131,1,9,1
911751,1,0,1,0,0,0,131,1,9,1
911756,1,1,0,0,0,0,131,1,9,1
911873,1,0,0,1,1,0,131,1,9,1
911887,1,0,1,0,0,0,131,1,9,1
912033,1,0,0,1,1,0,131,1,9,1
912154,1,0,0,1,1,0,131,1,9,1
912168,0,1,0,1,0,0,131,1,9,1
912180,0,1,0,1,0,0,131,1,9,1
912246,0,0,1,1,0,0,131,1,9,1
912288,1,0,1,0,0,0,131,1,9,1
912315,1,1,0,0,0,0,131,1,9,1
912450,0,0,0,0,1,0,131,1,9,1
912592,0,0,0,0,1,0,131,1,9,1
912618,1,0,1,0,0,0,131,1,9,1
912736,1,0,0,1,1,0,131,1,9,1
912780,1,0,1,0,0,0,131,1,9,1
912799,1,0,0,0,1,1,131,1,9,1
912817,0,1,0,1,0,0,131,1,9,1
912989,1,1,1,1,1,0,131,1,9,1
912990,0,1,1,0,1,0,131,1,9,1
913022,0,0,0,0,1,0,131,1,9,1
913074,0,0,0,0,1,0,131,1,9,1
913283,0,0,0,0,1,0,131,1,9,1
913359,1,1,1,1,1,0,131,1,9,1
913412,0,1,1,0,1,0,131,1,9,1
913513,1,1,0,0,0,0,131,1,9,1
913554,1,0,0,1,1,0,131,1,9,1
913725,1,0,0,1,1,0,131,1,9,1
913860,0,1,0,1,0,0,131,1,9,1
913908,0,1,0,1,0,0,131,1,9,1
914070,0,1,1,0,1,0,131,1,9,1
914104,1,1,0,0,0,0,131,1,9,1
914108,0,1,1,0,1,0,131,1,9,1
914163,0,1,0,1,0,0,131,1,9,1
914263,0,0,1,1,0,0,131,1,9,1
914271,1,0,1,0,0,0,131,1,9,1
914276,1,1,0,0,0,0,131,1,9,1
914436,1,1,1,1,1,0,131,1,9,1
914511,0,1,0,1,0,0,131,1,9,1
914619,0,0,1,1,0,0,131,1,9,1
914778,1,0,0,1,1,0,131,1,9,1
914786,0,0,1,1,0,0,131,1,9,1
914806,1,1,0,0,0,0,131,1,9,1
914852,0,0,0,0,1,0,131,1,9,1
914928,1,0,0,1,1,0,131,1,9,1
915000,0,1,0,1,0,0,131,1,9,1
915015,0,1,0,1,0,0,131,1,9,1
915131,0,0,1,1,0,0,131,1,9,1
915316,1,1,0,0,0,0,131,1,9,1
915579,1,0,0,1,1,0,131,1,9,1
915732,1,0,1,0,0,0,131,1,9,1
915927,0,1,0,1,0,0,131,1,9,1
916123,1,0,1,0,0,0,131,1,9,1
916195,0,1,1,0,1,0,131,1,9,1
916323,1,1,0,0,0,0,131,1,9,1
916379,1,1,0,0,0,0,131,1,9,1
916479,1,0,0,1,1,0,131,1,9,1
916799,0,0,1,1,0,0,131,1,9,1
916824,1,0,0,1,1,0,131,1,9,1
916880,0,0,1,1,0,0,131,1,9,1
916887,1,1,1,1,1,0,131,1,9,1
917138,0,0,1,1,0,0,131,1,9,1
917255,0,0,1,1,0,0,131,1,9,1
917289,1,1,1,1,1,0,131,1,9,1
917338,1,1,1,1,1,0,131,1,9,1
917644,1,0,0,1,1,0,151,1,9,1
917673,0,1,0,1,0,0,151,1,9,1
917705,1,1,0,0,0,0,151,1,9,1
917718,0,0,1,1,0,0,151,1,9,1
917731,0,0,0,0,1,0,151,1,9,1
917740,0,0,0,0,1,0,151,1,9,1
917847,1,0,0,1,1,0,151,1,9,1
917916,0,1,1,0,1,0,151,1,9,1
917938,0,0,1,1,0,0,151,1,9,1
917955,1,0,1,0,0,0,151,1,9,1
918100,0,0,1,1,0,0,151,1,9,1
918101,0,0,0,0,1,0,151,1,9,1
918147,1,0,1,0,0,0,151,1,9,1
918156,0,0,1,1,0,0,151,1,9,1
918158,0,1,0,1,0,0,151,1,9,1
918180,1,1,1,1,1,0,151,1,9,1
918195,1,0,0,1,1,0,151,1,9,1
918241,1,0,1,0,0,0,151,1,9,1
918521,1,0,0,1,1,0,151,1,9,1
918610,1,0,0,1,1,0,151,1,9,1
918629,0,0,0,0,1,0,151,1,9,1
918741,0,0,1,1,0,0,151,1,9,1
918807,1,0,1,0,0,0,151,1,9,1
918961,0,1,0,1,0,0,151,1,9,1
919074,0,1,0,1,0,0,151,1,9,1
919103,1,1,1,1,1,0,151,1,9,1
919151,1,0,0,1,1,0,151,1,9,1
919153,0,0,1,1,0,0,151,1,9,1
919184,1,1,1,1,1,0,151,1,9,1
919274,0,1,1,0,1,0,151,1,9,1
919275,0,1,0,1,0,0,151,1,9,1
919419,1,0,1,0,0,0,151,1,9,1
919427,0,0,0,0,1,0,151,1,9,1
919452,1,1,0,0,0,0,151,1,9,1
919459,0,1,1,0,1,0,151,1,9,1
919461,1,1,1,1,1,0,151,1,9,1
919482,1,0,1,0,0,0,151,1,9,1
919534,1,0,1,0,0,0,151,1,9,1
919593,1,1,1,1,1,0,151,1,9,1
919633,0,1,1,0,1,0,151,1,9,1
919930,0,0,0,0,1,0,151,1,9,1
920036,1,0,1,0,0,0,151,1,9,1
920136,0,1,0,1,0,0,151,1,9,1
920292,0,0,0,0,1,0,151,1,9,1
920316,0,0,0,0,1,0,151,1,9,1
920431,1,0,1,0,0,0,151,1,9,1
920493,1,0,0,1,1,0,151,1,9,1
920501,0,1,0,1,0,0,151,1,9,1
920542,1,0,0,1,1,0,151,1,9,1
920612,1,1,1,1,1,0,151,1,9,1
920680,1,0,0,1,1,0,151,1,9,1
920699,1,0,0,1,1,0,151,1,9,1
920725,0,1,0,1,0,0,151,1,9,1
920743,0,0,0,0,1,0,151,1,9,1
920755,1,0,1,0,0,0,151,1,9,1
920826,0,1,0,1,0,0,151,1,9,1
920888,0,0,1,1,0,0,151,1,9,1
920978,0,0,1,1,0,0,151,1,9,1
921007,0,0,0,0,1,0,151,1,9,1
921008,0,1,1,0,1,0,151,1,9,1
921162,1,1,0,0,0,0,151,1,9,1
921292,0,0,1,1,0,0,151,1,9,1
921398,1,1,0,0,0,0,151,1,9,1
921515,0,0,1,1,0,0,151,1,9,1
921630,0,1,1,0,1,0,151,1,9,1
921758,1,0,1,0,0,0,151,1,9,1
921885,1,0,0,1,1,0,151,1,9,1
921905,0,0,1,1,0,0,151,1,9,1
922058,1,1,1,1,1,0,151,1,9,1
922098,1,0,0,1,1,0,151,1,9,1
922133,1,0,1,0,0,0,151,1,9,1
922325,0,0,0,0,1,0,151,1,9,1
922389,0,1,0,1,0,0,151,1,9,1
922404,0,1,1,0,1,0,151,1,9,1
922415,0,0,1,1,0,0,151,1,9,1
922441,0,0,0,0,1,0,151,1,9,1
922461,0,1,0,1,0,0,151,1,9,1
922466,1,1,0,0,0,0,151,1,9,1
922723,1,0,0,1,1,0,151,1,9,1
922755,0,1,1,0,1,0,151,1,9,1
922843,1,0,1,0,0,0,151,1,9,1
922870,0,1,1,0,1,0,151,1,9,1
922876,0,0,0,0,1,0,151,1,9,1
923072,1,0,1,0,0,0,151,1,9,1
923100,0,1,1,0,1,0,151,1,9,1
923120,0,1,1,0,1,0,151,1,9,1
923123,0,1,1,0,1,0,151,1,9,1
923217,1,0,0,1,1,0,151,1,9,1
923303,1,0,0,1,1,0,151,1,9,1
923345,1,1,1,1,1,0,151,1,9,1
923364,1,1,1,1,1,0,151,1,9,1
923426,0,1,0,1,0,0,151,1,9,1
923547,0,1,1,0,1,0,151,1,9,1
923677,0,0,1,1,0,0,151,1,9,1
923766,1,1,0,0,0,0,151,1,9,1
923813,0,1,1,0,1,0,151,1,9,1
923850,0,0,1,1,0,0,151,1,9,1
923959,1,0,1,0,0,0,151,1,9,1
924027,0,0,0,0,1,0,151,1,9,1
924065,1,1,0,0,0,0,151,1,9,1
924137,0,1,1,0,1,0,151,1,9,1
924165,1,0,0,1,1,0,151,1,9,1
924271,0,0,0,0,1,0,151,1,9,1
924348,1,0,0,1,1,0,151,1,9,1
924673,0,1,1,0,1,0,151,1,9,1
924727,0,0,1,1,0,0,151,1,9,1
924823,0,0,0,0,1,0,151,1,9,1
924863,0,0,1,1,0,0,151,1,9,1
924928,0,1,0,1,0,0,151,1,9,1
924954,1,1,1,1,1,0,151,1,9,1
925107,1,1,1,1,1,0,151,1,9,1
925167,1,1,0,0,0,0,151,1,9,1
925284,0,0,0,0,1,0,151,1,9,1
925296,1,1,0,0,0,0,151,1,9,1
925404,1,0,1,0,0,0,151,1,9,1
925687,1,1,1,1,1,0,151,1,9,1
925697,0,0,1,1,0,0,151,1,9,1
925777,1,1,1,1,1,0,151,1,9,1
925806,1,1,1,1,1,0,151,1,9,1
925824,0,1,0,1,0,0,151,1,9,1
925838,1,0,0,1,1,0,151,1,9,1
925913,1,0,1,0,0,0,151,1,9,1
925999,1,1,1,1,1,0,151,1,9,1
926011,1,1,1,1,1,0,151,1,9,1
926067,0,0,0,0,1,0,151,1,9,1
926103,1,1,1,1,1,0,151,1,9,1
926146,0,1,0,1,0,0,151,1,9,1
926164,0,1,0,1,0,0,151,1,9,1
926323,1,0,1,0,0,0,151,1,9,1
926401,1,0,0,1,1,0,151,1,9,1
926408,0,0,1,1,0,0,151,1,9,1
926582,1,1,1,1,1,0,151,1,9,1
926757,1,1,0,0,0,0,151,1,9,1
926836,0,0,1,1,0,0,151,1,9,1
926871,1,0,0,1,1,0,151,1,9,1
927014,0,0,0,0,1,0,151,1,9,1
927057,0,0,1,1,0,0,151,1,9,1
927102,0,0,0,0,1,0,151,1,9,1
927127,1,0,1,0,0,0,151,1,9,1
927214,0,0,0,0,1,0,151,1,9,1
927259,1,1,1,1,1,0,151,1,9,1
927338,1,0,1,0,0,0,151,1,9,1
927362,0,0,0,0,1,0,151,1,9,1
927422,0,1,0,1,0,0,151,1,9,1
927663,0,0,0,0,1,0,151,1,9,1
927665,0,0,0,0,1,0,151,1,9,1
927834,0,0,0,0,1,0,151,1,9,1
927910,1,1,0,0,0,0,151,1,9,1
927924,0,1,1,0,1,0,151,1,9,1
927929,0,1,1,0,1,0,151,1,9,1
928036,1,1,0,0,0,0,151,1,9,1
928144,1,0,1,0,0,0,151,1,9,1
928166,0,0,1,1,0,0,151,1,9,1
928199,1,1,0,0,0,0,151,1,9,1
928261,1,0,0,1,1,0,151,1,9,1
928362,1,1,0,0,0,0,151,1,9,1
928553,1,1,1,1,1,0,151,1,9,1
928596,1,1,0,0,0,0,151,1,9,1
928643,1,0,0,1,1,0,151,1,9,1
928658,1,1,0,0,0,0,151,1,9,1
928784,1,0,1,0,0,0,151,1,9,1
928812,1,0,1,0,0,0,151,1,9,1
928860,1,0,1,0,0,0,151,1,9,1
928887,1,0,1,0,0,0,151,1,9,1
928893,1,0,1,0,0,0,151,1,9,1
929306,1,0,1,0,0,0,151,1,9,1
929472,0,0,0,0,1,0,151,1,9,1
929518,1,0,1,0,0,0,151,1,9,1
929585,0,1,1,0,1,0,151,1,9,1
929763,1,0,1,0,0,0,151,1,9,1
929805,1,1,1,1,1,0,151,1,9,1
929889,1,0,1,0,0,0,151,1,9,1
930112,1,0,1,0,0,0,151,1,9,1
930208,0,1,1,0,1,0,151,1,9,1
930264,1,0,0,1,1,0,151,1,9,1
930603,0,1,0,1,0,0,151,1,9,1
930751,1,0,1,0,0,0,151,1,9,1
931013,1,0,0,1,1,0,151,1,9,1
931060,0,1,0,1,0,0,151,1,9,1
931173,0,0,0,0,1,0,151,1,9,1
931277,0,0,0,0,1,0,151,1,9,1
931329,1,1,0,0,0,0,151,1,9,1
931365,1,0,0,1,1,0,151,1,9,1
931385,0,0,1,1,0,0,151,1,9,1
931390,1,1,1,1,1,0,151,1,9,1
931673,1,0,1,0,0,0,151,1,9,1
931737,1,1,1,1,1,0,151,1,9,1
931741,0,1,1,0,1,0,151,1,9,1
931955,0,1,0,1,0,0,151,1,9,1
932220,1,1,0,0,0,0,151,1,9,1
932255,1,1,0,0,0,0,151,1,9,1
932272,1,0,0,1,1,0,151,1,9,1
932409,0,1,0,1,0,0,151,1,9,1
932414,1,1,1,1,1,0,151,1,9,1
932532,0,0,1,1,0,0,151,1,9,1
932572,1,1,0,0,0,0,151,1,9,1
932780,1,1,1,1,1,0,151,1,9,1
932808,0,1,1,0,1,0,151,1,9,1
932940,0,1,1,0,1,0,151,1,9,1
932966,0,1,0,1,0,0,151,1,9,1
933087,1,0,0,1,1,0,151,1,9,1
933203,1,0,0,1,1,0,151,1,9,1
933241,0,1,0,1,0,0,151,1,9,1
933299,0,1,1,0,1,0,151,1,9,1
933308,0,0,0,1,1,1,151,1,9,1
933438,1,1,1,1,1,0,151,1,9,1
933506,1,1,0,0,0,0,151,1,9,1
933551,1,1,1,1,1,0,151,1,9,1
933553,0,0,1,1,0,0,151,1,9,1
933583,1,1,0,0,0,0,151,1,9,1
933609,0,0,1,1,0,0,151,1,9,1
933845,0,0,0,0,1,0,151,1,9,1
933957,0,1,1,0,1,0,151,1,9,1
934168,0,1,1,0,1,0,151,1,9,1
934200,0,0,1,1,0,0,151,1,9,1
934416,0,1,0,1,0,0,151,1,9,1
934420,0,0,1,1,0,0,151,1,9,1
934606,0,1,1,0,1,0,151,1,9,1
934727,1,1,1,1,1,0,151,1,9,1
934816,1,1,1,1,1,0,151,1,9,1
934843,0,1,1,0,1,0,151,1,9,1
934904,1,0,0,1,1,0,151,1,9,1
934986,1,1,0,0,0,0,151,1,9,1
935037,0,1,0,1,0,0,151,1,9,1
935175,0,1,0,1,0,0,151,1,9,1
935181,1,0,1,0,0,0,151,1,9,1
935188,1,1,0,0,0,0,151,1,9,1
935227,1,1,1,1,1,0,151,1,9,1
935271,0,1,1,0,1,0,151,1,9,1
935302,1,0,1,1,0,0,151,1,9,1
935330,0,0,0,0,1,0,151,1,9,1
935333,1,1,0,0,0,0,151,1,9,1
935349,1,1,1,1,1,0,151,1,9,1
935429,1,1,0,0,0,0,151,1,9,1
935432,1,0,0,1,1,0,151,1,9,1
935466,0,0,0,0,1,0,151,1,9,1
935541,0,1,0,1,0,0,151,1,9,1
935599,1,0,0,1,1,0,151,1,9,1
935633,0,1,0,1,0,0,151,1,9,1
935659,1,0,1,0,0,0,151,1,9,1
935730,0,0,0,0,1,0,151,1,9,1
935885,1,1,0,0,0,0,151,1,9,1
935982,1,1,0,0,0,0,151,1,9,1
936056,0,0,0,0,1,0,151,1,9,1
936087,0,1,1,0,1,0,151,1,9,1
936568,0,1,1,0,1,0,151,1,9,1
936594,0,1,1,0,1,0,151,1,9,1
936596,1,1,0,0,0,0,151,1,9,1
936726,0,1,0,1,0,0,151,1,9,1
936845,0,0,1,1,0,0,151,1,9,1
936943,0,1,0,1,0,0,151,1,9,1
936998,1,1,1,1,1,0,151,1,9,1
937030,1,1,0,0,0,0,151,1,9,1
937087,0,0,0,0,1,0,151,1,9,1
937168,1,0,1,0,0,0,151,1,9,1
937333,0,0,1,1,0,0,151,1,9,1
937603,0,1,0,1,0,0,151,1,9,1
937735,0,1,1,0,1,0,151,1,9,1
937744,0,1,1,0,1,0,151,1,9,1
937875,1,0,1,0,0,0,151,1,9,1
937885,0,0,1,1,0,0,151,1,9,1
938003,1,0,0,1,1,0,151,1,9,1
938311,1,1,1,1,1,0,151,1,9,1
938588,0,1,0,1,0,0,151,1,9,1
938690,1,1,1,1,1,0,151,1,9,1
938817,0,0,1,1,0,0,151,1,9,1
938927,0,0,0,0,1,0,151,1,9,1
938964,1,0,0,1,1,0,151,1,9,1
939088,0,1,0,1,0,0,151,1,9,1
939145,1,0,0,1,1,0,151,1,9,1
939151,1,1,1,1,1,0,151,1,9,1
939179,1,0,1,0,0,0,151,1,9,1
939250,1,0,1,0,0,0,151,1,9,1
939568,0,0,0,0,1,0,151,1,9,1
939701,0,1,1,0,1,0,151,1,9,1
939776,0,0,1,1,0,0,151,1,9,1
939813,0,1,1,0,1,0,151,1,9,1
939830,1,1,0,0,0,0,151,1,9,1
939993,0,0,0,0,1,0,151,1,9,1
940086,1,0,1,0,0,0,151,1,9,1
940115,0,0,1,1,0,0,151,1,9,1
940165,1,0,1,0,0,0,151,1,9,1
940233,0,0,1,1,0,0,151,1,9,1
940373,0,1,1,0,1,0,151,1,9,1
940480,0,1,0,1,0,0,151,1,9,1
940527,1,1,0,0,0,0,151,1,9,1
940567,0,0,0,0,1,0,151,1,9,1
940585,1,0,0,1,1,0,151,1,9,1
940614,0,1,0,1,0,0,151,1,9,1
940700,0,1,1,0,1,0,151,1,9,1
940730,1,1,0,0,0,0,151,1,9,1
940744,0,0,0,0,1,0,151,1,9,1
940759,1,0,0,1,1,0,151,1,9,1
940776,0,1,1,0,1,0,151,1,9,1
940817,0,1,0,1,0,0,151,1,9,1
940844,1,1,0,0,0,0,151,1,9,1
941118,0,1,1,0,1,0,151,1,9,1
941225,0,1,1,0,1,0,151,1,9,1
941249,0,0,1,1,0,0,151,1,9,1
941541,0,1,1,0,1,0,151,1,9,1
941611,1,0,0,1,1,0,151,1,9,1
941688,1,1,1,1,1,0,151,1,9,1
941716,1,0,0,1,1,0,151,1,9,1
941754,1,1,1,0,1,1,151,1,9,1
941861,1,0,1,0,0,0,151,1,9,1
941878,1,1,1,1,1,0,151,1,9,1
942015,1,0,0,1,1,0,151,1,9,1
942139,1,0,0,1,1,0,151,1,9,1
942189,0,1,0,1,0,0,151,1,9,1
942234,0,0,0,0,1,0,151,1,9,1
942458,1,0,0,1,1,0,151,1,9,1
942545,1,0,0,1,1,0,151,1,9,1
942637,0,0,1,1,0,0,151,1,9,1
942726,1,0,1,0,0,0,151,1,9,1
942836,0,1,0,1,0,0,151,1,9,1
942897,0,1,0,1,0,0,151,1,9,1
943009,0,0,0,0,1,0,151,1,9,1
943022,1,0,0,1,1,0,151,1,9,1
943095,0,1,0,1,0,0,151,1,9,1
943331,0,1,0,1,0,0,151,1,9,1
943353,0,1,1,0,1,0,151,1,9,1
943552,0,1,1,0,1,0,151,1,9,1
943608,1,1,0,0,0,0,151,1,9,1
943779,1,1,0,0,0,0,151,1,9,1
943835,0,0,1,1,0,0,151,1,9,1
943837,1,1,0,0,0,0,151,1,9,1
944008,0,0,1,1,0,0,151,1,9,1
944198,0,0,1,1,0,0,151,1,9,1
944863,1,1,0,0,0,0,151,1,9,1
944877,0,0,1,1,0,0,151,1,9,1
944912,1,0,0,1,1,0,151,1,9,1
945018,1,1,1,1,1,0,151,1,9,1
945107,0,1,0,1,0,0,151,1,9,1
945127,1,0,1,0,0,0,151,1,9,1
945136,1,1,0,0,0,0,151,1,9,1
945155,1,0,0,1,1,0,151,1,9,1
945169,0,0,0,0,1,0,151,1,9,1
945203,0,0,1,1,0,0,151,1,9,1
945298,0,0,0,0,1,0,151,1,9,1
945383,0,0,1,1,0,0,151,1,9,1
945393,0,0,0,0,1,0,151,1,9,1
945394,0,1,1,0,1,0,151,1,9,1
945563,0,1,1,0,1,0,151,1,9,1
945636,0,1,0,1,0,0,151,1,9,1
945964,0,0,1,1,0,0,151,1,9,1
946072,1,0,1,0,0,0,151,1,9,1
946442,0,0,1,1,0,0,151,1,9,1
946503,1,0,0,1,1,0,151,1,9,1
946542,0,1,1,0,1,0,151,1,9,1
946610,1,1,0,0,0,0,151,1,9,1
946669,1,1,0,0,0,0,151,1,9,1
946719,1,0,1,0,0,0,151,1,9,1
946795,1,1,0,0,0,0,151,1,9,1
946801,1,0,1,0,0,0,151,1,9,1
946829,1,1,1,1,1,0,151,1,9,1
946909,1,1,0,0,0,0,151,1,9,1
947040,0,1,0,1,0,0,151,1,9,1
947111,1,0,1,0,0,0,151,1,9,1
947183,0,1,1,0,1,0,151,1,9,1
947231,1,0,0,0,1,1,151,1,9,1
947295,0,0,0,0,1,0,151,1,9,1
947342,1,0,1,0,0,0,151,1,9,1
947479,0,1,0,1,0,0,151,1,9,1
947677,1,0,1,0,0,0,151,1,9,1
947772,0,0,1,1,0,0,151,1,9,1
947781,1,1,0,0,0,0,151,1,9,1
947825,1,1,1,1,1,0,151,1,9,1
947873,0,1,0,1,0,0,151,1,9,1
947958,1,1,1,1,1,0,151,1,9,1
948102,0,1,1,0,1,0,151,1,9,1
948123,0,0,0,0,1,0,151,1,9,1
948220,0,0,0,1,1,1,151,1,9,1
948262,1,0,0,1,1,0,151,1,9,1
948321,0,0,0,0,1,0,151,1,9,1
948477,0,1,0,1,0,0,151,1,9,1
948546,0,0,0,0,1,0,151,1,9,1
948606,0,0,0,0,1,0,151,1,9,1
948727,1,1,0,0,0,0,151,1,9,1
948955,0,0,1,1,0,0,151,1,9,1
949000,1,1,0,0,0,0,151,1,9,1
949029,1,1,1,1,1,0,151,1,9,1
949101,1,1,1,1,1,0,151,1,9,1
949140,1,0,0,1,1,0,151,1,9,1
949217,0,1,0,1,0,0,151,1,9,1
949238,0,0,1,1,0,0,151,1,9,1
949252,0,0,0,0,1,0,151,1,9,1
949296,1,0,1,0,0,0,151,1,9,1
949315,0,0,0,0,1,0,151,1,9,1
949351,1,0,0,1,1,0,151,1,9,1
949423,0,1,1,1,1,1,151,1,9,1
949512,1,1,0,0,0,0,151,1,9,1
949516,1,0,1,0,0,0,151,1,9,1
949584,1,1,1,1,1,0,151,1,9,1
949647,0,1,0,1,0,0,151,1,9,1
949658,0,0,0,0,1,0,151,1,9,1
949792,1,1,0,0,0,0,151,1,9,1
949991,0,0,1,1,0,0,151,1,9,1
950096,0,0,0,0,1,0,151,1,9,1
950119,0,0,0,0,1,0,151,1,9,1
950293,1,0,1,0,0,0,151,1,9,1
950314,1,0,0,0,1,1,151,1,9,1
950361,1,0,1,0,0,0,151,1,9,1
950446,0,1,0,1,0,0,151,1,9,1
950480,1,1,0,0,0,0,151,1,9,1
950603,0,0,1,1,0,0,151,1,9,1
950641,1,0,0,0,1,1,151,1,9,1
950693,0,0,1,1,0,0,151,1,9,1
950741,0,1,1,0,1,0,151,1,9,1
950818,0,1,1,0,1,0,151,1,9,1
950836,0,1,1,0,1,0,151,1,9,1
951014,1,1,0,0,0,0,151,1,9,1
951054,0,1,1,0,1,0,151,1,9,1
951083,0,1,0,1,0,0,151,1,9,1
951161,1,1,1,1,1,0,151,1,9,1
951269,1,1,0,0,0,0,151,1,9,1
951313,0,1,1,0,1,0,151,1,9,1
951491,1,1,0,0,0,0,151,1,9,1
951549,0,1,1,0,1,0,151,1,9,1
951605,1,0,1,0,0,0,151,1,9,1
951670,1,1,1,1,1,0,151,1,9,1
951762,1,1,1,1,1,0,151,1,9,1
951773,1,0,0,1,1,0,151,1,9,1
951887,0,1,0,1,0,0,151,1,9,1
951928,0,0,0,0,1,0,151,1,9,1
951973,1,1,0,0,0,0,151,1,9,1
952069,1,1,0,0,0,0,151,1,9,1
952106,1,0,0,1,1,0,151,1,9,1
952305,0,0,1,1,0,0,151,1,9,1
952385,1,0,1,0,0,0,151,1,9,1
952387,0,0,1,1,0,0,151,1,9,1
952486,0,0,0,0,1,0,151,1,9,1
952496,0,1,1,0,1,0,151,1,9,1
952537,1,1,1,1,1,0,151,1,9,1
952750,0,1,0,1,0,0,151,1,9,1
952804,0,0,1,1,0,0,151,1,9,1
952859,0,1,1,0,1,0,151,1,9,1
952980,0,1,1,0,1,0,151,1,9,1
953098,1,0,1,0,0,0,151,1,9,1
953159,1,0,1,0,0,0,151,1,9,1
953358,0,1,1,0,1,0,151,1,9,1
953510,1,0,1,0,0,0,151,1,9,1
953558,0,0,1,1,0,0,151,1,9,1
953778,0,0,0,0,1,0,151,1,9,1
953833,0,1,0,1,0,0,151,1,9,1
954064,0,0,1,0,0,0,151,1,9,1
954114,1,0,1,0,0,0,151,1,9,1
954123,1,1,1,1,1,0,151,1,9,1
954228,1,0,0,1,1,0,151,1,9,1
954356,1,1,1,1,1,0,151,1,9,1
954373,0,1,1,0,1,0,151,1,9,1
954472,0,1,0,1,0,0,151,1,9,1
954550,0,1,0,1,0,0,151,1,9,1
954817,1,1,0,0,0,0,151,1,9,1
955101,0,0,0,0,1,0,151,1,9,1
955150,1,0,1,0,0,0,151,1,9,1
955241,0,1,1,0,1,0,151,1,9,1
955445,0,0,1,1,0,0,151,1,9,1
955479,1,0,1,0,0,0,151,1,9,1
955501,0,1,0,1,0,0,151,1,9,1
955799,0,0,1,1,0,0,151,1,9,1
955862,0,1,1,0,1,0,151,1,9,1
955880,1,1,1,1,1,0,151,1,9,1
955893,0,1,0,1,0,0,151,1,9,1
955909,0,1,0,1,0,0,151,1,9,1
955915,0,1,0,1,0,0,151,1,9,1
955951,1,1,0,0,0,0,151,1,9,1
956007,1,1,1,1,1,0,151,1,9,1
956011,1,1,1,1,1,0,151,1,9,1
956227,0,1,1,0,1,0,151,1,9,1
956485,1,0,1,0,0,0,151,1,9,1
956489,0,0,0,0,1,0,151,1,9,1
956541,0,0,1,1,0,0,151,1,9,1
956735,0,0,0,0,1,0,151,1,9,1
956777,0,1,1,0,1,0,151,1,9,1
956786,0,0,1,0,0,0,151,1,9,1
956829,0,0,0,0,1,0,151,1,9,1
956955,0,1,0,1,0,0,151,1,9,1
956964,0,1,0,1,0,0,151,1,9,1
956992,1,0,0,1,1,0,151,1,9,1
957013,1,0,0,1,1,0,151,1,9,1
957241,0,1,1,0,1,0,151,1,9,1
957589,0,0,1,1,0,0,151,1,9,1
957634,0,1,0,1,0,0,151,1,9,1
957777,0,1,0,1,0,0,151,1,9,1
957781,1,0,0,1,1,0,151,1,9,1
957788,1,0,1,0,0,0,151,1,9,1
957984,0,0,0,0,1,0,151,1,9,1
958032,1,0,1,0,0,0,151,1,9,1
958127,1,1,0,0,0,0,151,1,9,1
958175,1,1,0,0,0,0,151,1,9,1
958205,0,0,1,1,0,0,151,1,9,1
958207,1,1,1,1,1,0,151,1,9,1
958249,0,0,1,1,0,0,151,1,9,1
958263,1,0,1,0,0,0,151,1,9,1
958281,0,0,0,0,1,0,151,1,9,1
958373,0,1,1,0,1,0,151,1,9,1
958496,1,0,0,1,1,0,151,1,9,1
958503,0,1,0,1,0,0,151,1,9,1
958627,0,1,0,1,0,0,151,1,9,1
958686,0,0,1,1,0,0,151,1,9,1
958857,1,1,0,0,0,0,151,1,9,1
959071,1,0,1,0,0,0,151,1,9,1
959196,1,0,0,1,1,0,151,1,9,1
959254,0,1,1,0,1,0,151,1,9,1
959307,0,1,0,1,0,0,151,1,9,1
959389,1,1,1,1,1,0,151,1,9,1
959457,0,0,0,0,1,0,151,1,9,1
959635,0,1,1,0,1,0,151,1,9,1
959746,1,1,0,0,0,0,151,1,9,1
960005,1,1,1,1,1,0,151,1,9,1
960131,0,0,1,1,0,0,151,1,9,1
960200,0,0,1,1,0,0,151,1,9,1
960205,0,0,1,1,0,0,151,1,9,1
960217,1,1,1,1,1,0,151,1,9,1
960304,1,0,1,0,0,0,151,1,9,1
960309,0,1,0,1,0,0,151,1,9,1
960324,0,1,0,1,0,0,151,1,9,1
960426,1,1,0,0,0,0,151,1,9,1
960451,1,0,0,1,1,0,151,1,9,1
960531,0,1,1,0,1,0,151,1,9,1
960778,1,0,1,0,0,0,151,1,9,1
960792,0,1,0,1,0,0,151,1,9,1
961024,0,0,0,0,1,0,151,1,9,1
961192,1,1,0,0,0,0,151,1,9,1
961230,1,1,1,1,1,0,151,1,9,1
961285,1,1,0,0,0,0,151,1,9,1
961471,1,0,1,0,0,0,151,1,9,1
961519,0,0,0,0,1,0,151,1,9,1
961594,0,1,0,1,0,0,151,1,9,1
961807,1,1,1,0,1,1,151,1,9,1
961908,0,1,1,0,1,0,151,1,9,1
962029,0,0,1,1,0,0,151,1,9,1
962065,1,0,0,1,1,0,151,1,9,1
962096,0,1,0,1,0,0,151,1,9,1
962196,0,1,1,0,1,0,151,1,9,1
962271,1,1,1,1,1,0,151,1,9,1
962322,0,1,1,0,1,0,151,1,9,1
962460,1,0,0,1,1,0,151,1,9,1
962531,0,1,1,0,1,0,151,1,9,1
962663,1,1,0,0,0,0,151,1,9,1
962727,0,1,1,0,1,0,151,1,9,1
962774,1,1,1,1,1,0,151,1,9,1
962851,1,1,1,1,1,0,151,1,9,1
962891,1,1,0,0,0,0,151,1,9,1
962926,1,0,0,1,1,0,151,1,9,1
962941,0,0,0,0,1,0,151,1,9,1
962982,1,0,0,1,1,0,151,1,9,1
962990,1,1,0,0,0,0,151,1,9,1
963080,1,0,0,1,1,0,151,1,9,1
963102,1,0,0,0,1,1,151,1,9,1
963180,1,0,1,0,0,0,151,1,9,1
963212,1,0,0,1,1,0,151,1,9,1
963306,0,1,0,1,0,0,151,1,9,1
963685,1,0,1,1,0,0,151,1,9,1
963832,1,1,1,1,1,0,151,1,9,1
963934,1,1,0,0,0,0,151,1,9,1
964043,1,1,0,0,0,0,151,1,9,1
964047,1,0,0,1,1,0,151,1,9,1
964085,1,0,1,0,0,0,151,1,9,1
964227,0,1,0,1,0,0,151,1,9,1
964277,1,0,0,1,1,0,151,1,9,1
964403,1,0,1,0,0,0,151,1,9,1
964579,0,1,1,0,1,0,151,1,9,1
964594,1,0,0,1,1,0,151,1,9,1
964847,1,1,1,0,1,1,151,1,9,1
965067,0,1,1,0,1,0,151,1,9,1
965147,1,1,1,1,1,0,151,1,9,1
965186,0,1,0,1,0,0,151,1,9,1
965215,0,0,1,1,0,0,151,1,9,1
965322,0,1,1,0,1,0,151,1,9,1
965362,0,0,1,1,0,0,151,1,9,1
965382,0,0,0,1,1,1,151,1,9,1
965425,0,0,1,1,0,0,151,1,9,1
965456,1,1,1,1,1,0,151,1,9,1
965485,0,0,0,0,1,0,151,1,9,1
965590,1,0,1,0,0,0,151,1,9,1
965612,1,1,0,0,0,0,151,1,9,1
965639,0,0,1,1,0,0,151,1,9,1
965719,0,1,0,1,0,0,151,1,9,1
965928,0,0,0,0,1,0,151,1,9,1
966124,1,1,0,0,0,0,151,1,9,1
966130,1,0,1,0,0,0,151,1,9,1
966308,0,1,0,1,0,0,151,1,9,1
966317,0,0,0,0,1,0,151,1,9,1
966374,1,0,0,1,1,0,151,1,9,1
966492,1,0,0,1,1,0,151,1,9,1
966781,1,1,1,1,1,0,151,1,9,1
966828,1,1,0,0,0,0,151,1,9,1
966900,0,0,1,1,0,0,151,1,9,1
967003,0,0,1,1,0,0,151,1,9,1
967046,1,1,0,0,0,0,151,1,9,1
967074,1,0,0,1,1,0,151,1,9,1
967105,0,0,0,0,1,0,151,1,9,1
967217,0,1,1,0,1,0,151,1,9,1
967275,1,1,1,0,1,1,151,1,9,1
967376,0,1,0,1,0,0,151,1,9,1
967391,1,1,0,0,0,0,151,1,9,1
967396,1,0,0,1,1,0,151,1,9,1
967468,1,1,0,0,0,0,151,1,9,1
967484,0,1,0,1,0,0,151,1,9,1
967538,0,1,1,0,1,0,151,1,9,1
967539,0,0,1,1,0,0,151,1,9,1
967670,1,1,0,0,0,0,151,1,9,1
967683,0,0,0,0,1,0,151,1,9,1
967796,0,0,0,0,1,0,151,1,9,1
967965,1,0,0,0,1,1,151,1,9,1
968108,1,0,0,1,1,0,151,1,9,1
968226,0,1,0,1,0,0,151,1,9,1
968242,0,0,1,1,0,0,151,1,9,1
968449,1,1,1,1,1,0,151,1,9,1
968484,0,0,0,0,1,0,151,1,9,1
968510,0,1,1,0,1,0,151,1,9,1
968648,1,1,0,0,0,0,151,1,9,1
968685,1,1,0,0,0,0,151,1,9,1
968844,0,1,1,0,1,0,151,1,9,1
968976,0,1,0,1,0,0,151,1,9,1
969100,1,1,1,1,1,0,151,1,9,1
969220,1,1,1,0,1,1,151,1,9,1
969392,1,0,0,1,1,0,151,1,9,1
969408,0,0,1,1,0,0,151,1,9,1
969579,0,1,0,1,0,0,151,1,9,1
969710,0,0,1,1,0,0,151,1,9,1
969746,1,1,0,0,0,0,151,1,9,1
969958,1,0,1,0,0,0,151,1,9,1
969977,0,0,0,0,1,0,151,1,9,1
970029,1,1,0,0,0,0,151,1,9,1
970321,1,1,0,0,0,0,151,1,9,1
970327,1,0,0,1,1,0,151,1,9,1
970478,0,1,0,1,0,0,151,1,9,1
970485,0,0,0,0,1,0,151,1,9,1
970487,1,1,1,1,1,0,151,1,9,1
970528,0,0,1,1,0,0,151,1,9,1
970636,0,1,0,1,0,0,151,1,9,1
970676,1,1,0,0,0,0,151,1,9,1
970893,1,0,1,0,0,0,151,1,9,1
971001,1,1,0,0,0,0,151,1,9,1
971069,0,0,0,0,1,0,151,1,9,1
971088,0,1,0,1,0,0,151,1,9,1
971144,0,1,1,0,1,0,151,1,9,1
971346,0,1,0,1,0,0,151,1,9,1
971543,0,0,0,0,1,0,151,1,9,1
971826,1,0,0,1,1,0,151,1,9,1
971846,1,1,1,1,1,0,151,1,9,1
971860,0,0,0,0,1,0,151,1,9,1
971908,1,0,0,1,1,0,151,1,9,1
972007,1,1,0,0,0,0,151,1,9,1
972119,1,1,0,0,0,0,151,1,9,1
972185,1,0,0,1,1,0,151,1,9,1
972396,1,0,1,0,0,0,151,1,9,1
972583,0,0,1,1,0,0,151,1,9,1
972585,0,1,0,1,0,0,151,1,9,1
972603,0,1,1,0,1,0,151,1,9,1
972779,1,0,0,1,1,0,151,1,9,1
972795,0,0,1,1,0,0,151,1,9,1
972801,0,0,0,0,1,0,151,1,9,1
972832,0,0,1,1,0,0,151,1,9,1
972870,0,1,0,1,0,0,151,1,9,1
973096,0,1,1,0,1,0,151,1,9,1
973098,1,1,1,1,1,0,151,1,9,1
973322,1,0,0,1,1,0,151,1,9,1
973417,0,0,0,0,1,0,151,1,9,1
973432,1,1,1,1,1,0,151,1,9,1
973519,1,0,1,0,0,0,151,1,9,1
973728,1,1,1,1,1,0,151,1,9,1
973735,1,1,0,0,0,0,151,1,9,1
973774,1,0,1,0,0,0,151,1,9,1
973826,1,1,0,0,0,0,151,1,9,1
973853,0,0,0,0,1,0,151,1,9,1
973900,1,0,0,1,1,0,151,1,9,1
973906,0,0,1,1,0,0,151,1,9,1
974043,0,0,0,0,1,0,151,1,9,1
974104,0,1,0,1,0,0,151,1,9,1
974163,1,1,1,1,1,0,151,1,9,1
974187,1,1,0,0,0,0,151,1,9,1
974222,0,1,1,0,1,0,151,1,9,1
974237,1,1,0,0,0,0,151,1,9,1
974385,1,1,1,0,1,1,151,1,9,1
974571,0,0,1,1,0,0,151,1,9,1
974768,1,1,1,1,1,0,151,1,9,1
974850,0,0,1,1,0,0,151,1,9,1
974859,0,0,1,1,0,0,151,1,9,1
975100,1,0,0,1,1,0,151,1,9,1
975187,1,1,1,1,1,0,151,1,9,1
975495,0,1,1,0,1,0,151,1,9,1
975556,1,0,1,0,0,0,151,1,9,1
975809,1,0,1,0,0,0,151,1,9,1
975897,1,1,1,1,1,0,151,1,9,1
976090,0,0,1,1,0,0,151,1,9,1
976111,0,1,0,1,0,0,151,1,9,1
976122,1,1,1,1,1,0,151,1,9,1
976138,0,1,0,1,0,0,151,1,9,1
976212,1,0,0,1,1,0,151,1,9,1
976245,0,0,1,1,0,0,151,1,9,1
976265,0,0,1,1,0,0,151,1,9,1
976357,1,0,1,0,0,0,151,1,9,1
976447,1,1,0,0,0,0,151,1,9,1
977096,1,1,0,0,0,0,151,1,9,1
977111,0,0,0,0,1,0,151,1,9,1
977138,0,1,0,1,0,0,151,1,9,1
977221,1,1,1,1,1,0,151,1,9,1
977261,0,1,1,0,1,0,151,1,9,1
977270,1,0,0,1,1,0,151,1,9,1
977306,1,0,0,1,1,0,151,1,9,1
977460,0,0,1,1,0,0,151,1,9,1
977580,0,0,1,1,0,0,151,1,9,1
977809,0,1,0,1,0,0,151,1,9,1
977843,0,1,0,1,0,0,151,1,9,1
977910,1,1,1,1,1,0,151,1,9,1
977918,0,1,1,0,1,0,151,1,9,1
978153,1,0,0,1,1,0,151,1,9,1
978155,0,0,0,0,1,0,151,1,9,1
978188,1,0,1,0,0,0,151,1,9,1
978275,1,1,0,0,0,0,151,1,9,1
978359,1,1,0,0,0,0,151,1,9,1
978414,1,1,1,1,1,0,151,1,9,1
978566,0,1,1,0,1,0,151,1,9,1
978804,1,0,0,1,1,0,151,1,9,1
978913,0,0,0,0,1,0,151,1,9,1
978965,1,0,1,0,0,0,151,1,9,1
978999,1,1,0,0,0,0,151,1,9,1
979049,1,1,0,0,0,0,151,1,9,1
979058,1,1,1,1,1,0,151,1,9,1
979118,1,1,1,1,1,0,151,1,9,1
979249,0,0,1,1,0,0,151,1,9,1
979320,1,1,1,1,1,0,151,1,9,1
979408,0,0,1,1,0,0,151,1,9,1
979428,0,1,1,0,1,0,151,1,9,1
979541,0,0,1,1,0,0,151,1,9,1
979582,0,0,1,1,0,0,151,1,9,1
979999,0,1,1,0,1,0,151,1,9,1
980165,0,1,0,1,0,0,151,1,9,1
980174,0,0,1,1,0,0,151,1,9,1
980192,0,0,0,0,1,0,151,1,9,1
980214,1,1,0,0,0,0,151,1,9,1
980264,1,0,1,0,0,0,151,1,9,1
980480,0,1,1,0,1,0,151,1,9,1
980660,1,0,0,1,1,0,151,1,9,1
980836,1,0,1,0,0,0,151,1,9,1
980918,1,1,0,0,0,0,151,1,9,1
980973,1,0,0,1,1,0,151,1,9,1
980990,1,0,0,1,1,0,151,1,9,1
981035,1,0,0,1,1,0,151,1,9,1
981114,0,1,1,0,1,0,151,1,9,1
981204,1,1,1,1,1,0,151,1,9,1
981260,0,1,1,0,1,0,151,1,9,1
981266,1,1,1,1,1,0,151,1,9,1
981292,1,0,1,0,0,0,151,1,9,1
981357,0,1,1,0,1,0,151,1,9,1
981384,0,1,0,1,0,0,151,1,9,1
981403,1,0,1,0,0,0,151,1,9,1
981499,0,1,0,1,0,0,151,1,9,1
981505,0,0,1,1,0,0,151,1,9,1
981613,1,1,1,1,1,0,151,1,9,1
981620,0,0,0,0,1,0,151,1,9,1
981663,0,0,0,0,1,0,151,1,9,1
981721,1,0,0,1,1,0,151,1,9,1
981910,0,0,1,1,0,0,151,1,9,1
981981,0,0,0,0,1,0,151,1,9,1
982047,0,0,0,0,1,0,151,1,9,1
982059,1,0,1,0,0,0,151,1,9,1
982226,0,1,0,1,0,0,151,1,9,1
982287,1,0,0,1,1,0,151,1,9,1
982324,1,0,1,0,0,0,151,1,9,1
982334,0,0,0,0,1,0,151,1,9,1
982373,0,0,0,0,1,0,151,1,9,1
982377,1,0,1,0,0,0,151,1,9,1
982503,0,1,1,0,1,0,151,1,9,1
982681,1,1,0,0,0,0,151,1,9,1
982723,1,0,0,1,1,0,151,1,9,1
982841,0,1,0,1,0,0,151,1,9,1
982949,1,0,0,1,1,0,151,1,9,1
982958,1,1,0,0,0,0,151,1,9,1
983032,1,0,0,1,1,0,151,1,9,1
983189,0,0,1,1,0,0,91,1,9,1
983332,0,1,1,0,1,0,91,1,9,1
983513,0,0,1,1,0,0,91,1,9,1
983606,0,1,1,0,1,0,91,1,9,1
984072,0,0,1,1,0,0,91,1,9,1
984153,1,0,0,1,1,0,91,1,9,1
984173,0,0,0,1,1,1,91,1,9,1
984541,1,0,0,1,1,0,91,1,9,1
985106,1,0,1,0,0,0,91,1,9,1
985330,1,0,1,0,0,0,91,1,9,1
985432,0,1,1,0,1,0,91,1,9,1
985521,0,1,1,0,1,0,91,1,9,1
985655,1,0,1,0,0,0,91,1,9,1
985740,0,1,0,1,0,0,91,1,9,1
985794,1,0,1,0,0,0,91,1,9,1
985805,0,1,0,1,0,0,91,1,9,1
986057,0,0,0,0,1,0,91,1,9,1
986063,1,1,1,1,1,0,91,1,9,1
986136,0,0,1,1,0,0,91,1,9,1
986395,0,0,0,1,1,1,91,1,9,1
986489,1,0,1,0,0,0,91,1,9,1
986981,1,0,0,1,1,0,91,1,9,1
987005,1,0,0,1,1,0,91,1,9,1
987360,0,1,0,0,0,0,91,1,9,1
987392,1,1,0,0,0,0,91,1,9,1
987599,0,0,0,0,1,0,91,1,9,1
987781,1,1,0,0,0,0,91,1,9,1
987803,0,0,0,0,1,0,91,1,9,1
987816,0,0,1,1,0,0,91,1,9,1
987956,0,1,1,0,1,0,91,1,9,1
987992,1,1,1,1,1,0,91,1,9,1
988068,0,0,0,0,1,0,91,1,9,1
988557,1,0,0,1,1,0,91,1,9,1
988560,0,0,0,0,1,0,91,1,9,1
988592,0,0,0,0,1,0,91,1,9,1
988780,0,1,1,0,1,0,91,1,9,1
988900,1,1,1,1,1,0,91,1,9,1
989171,0,0,1,1,0,0,91,1,9,1
989374,1,0,0,1,1,0,91,1,9,1
989645,0,1,0,1,0,0,91,1,9,1
989715,0,0,0,0,1,0,91,1,9,1
989813,1,0,0,1,1,0,91,1,9,1
989817,1,1,0,0,0,0,91,1,9,1
989929,1,1,1,1,1,0,91,1,9,1
989973,0,0,1,1,0,0,91,1,9,1
989979,1,1,1,1,1,0,91,1,9,1
990131,1,1,1,0,1,1,91,1,9,1
990388,0,1,0,1,0,0,91,1,9,1
990495,1,0,0,1,1,0,91,1,9,1
990498,1,1,1,1,1,0,91,1,9,1
990500,1,0,1,0,0,0,91,1,9,1
990866,0,0,0,0,1,0,91,1,9,1
990967,0,1,1,0,1,0,91,1,9,1
991222,1,1,1,1,1,0,91,1,9,1
991275,1,1,1,1,1,0,91,1,9,1
991341,0,0,1,1,0,0,91,1,9,1
991348,0,0,0,0,1,0,91,1,9,1
991416,0,0,1,1,0,0,91,1,9,1
991484,1,1,1,1,1,0,91,1,9,1
991560,0,1,0,1,0,0,91,1,9,1
992024,0,1,1,0,1,0,91,1,9,1
992098,1,1,0,0,0,0,91,1,9,1
992382,0,0,1,1,0,0,91,1,9,1
992383,1,1,1,1,1,0,91,1,9,1
992413,1,1,0,0,0,0,91,1,9,1
992448,1,0,0,1,1,0,91,1,9,1
992579,1,1,0,0,0,0,91,1,9,1
992980,0,0,0,0,1,0,91,1,9,1
993123,0,1,1,0,1,0,91,1,9,1
993124,1,1,0,0,0,0,91,1,9,1
993336,1,1,0,0,0,0,91,1,9,1
993430,0,1,1,0,1,0,91,1,9,1
993478,0,1,1,0,1,0,91,1,9,1
993592,0,1,0,1,0,0,91,1,9,1
993672,0,0,1,1,0,0,91,1,9,1
994104,1,1,0,0,0,0,91,1,9,1
994372,0,1,0,1,0,0,91,1,9,1
994509,1,0,1,0,0,0,91,1,9,1
994755,0,1,1,0,1,0,91,1,9,1
994848,1,1,0,0,0,0,91,1,9,1
995091,1,0,0,1,1,0,91,1,9,1
995257,1,0,1,0,0,0,91,1,9,1
995320,0,0,1,1,0,0,91,1,9,1
995373,0,0,1,1,0,0,91,1,9,1
995378,0,0,0,0,1,0,91,1,9,1
995413,0,1,1,0,1,0,91,1,9,1
995662,0,0,0,0,1,0,91,1,9,1
995739,0,1,1,0,1,0,91,1,9,1
995836,0,1,1,0,1,0,91,1,9,1
996012,0,1,1,0,1,0,91,1,9,1
996061,0,1,0,1,0,0,91,1,9,1
996064,1,0,0,1,1,0,91,1,9,1
996270,0,0,0,0,1,0,91,1,9,1
996351,1,1,1,1,1,0,91,1,9,1
996620,1,1,1,1,1,0,91,1,9,1
996789,1,0,0,1,1,0,91,1,9,1
996851,0,0,1,1,0,0,91,1,9,1
997013,0,1,0,1,0,0,91,1,9,1
997041,1,1,1,1,1,0,91,1,9,1
997084,1,0,1,0,0,0,91,1,9,1
997117,0,1,1,0,1,0,91,1,9,1
997401,0,0,0,0,1,0,91,1,9,1
997402,1,0,0,1,1,0,91,1,9,1
997499,0,0,0,0,1,0,91,1,9,1
997520,1,1,1,1,1,0,91,1,9,1
997879,0,0,0,0,1,0,91,1,9,1
997951,1,1,0,0,0,0,91,1,9,1
998059,1,0,0,1,1,0,91,1,9,1
998142,1,1,0,0,0,0,91,1,9,1
998222,0,1,1,0,1,0,91,1,9,1
998261,1,0,1,0,0,0,91,1,9,1
998278,1,0,0,1,1,0,91,1,9,1
998346,1,1,0,0,0,0,91,1,9,1
998384,0,0,1,1,0,0,91,1,9,1
999226,1,0,1,1,0,0,91,1,9,1
999231,1,1,0,0,0,0,91,1,9,1
999245,1,1,1,1,1,0,91,1,9,1
999598,0,0,0,0,1,0,91,1,9,1
999706,1,0,0,1,1,0,91,1,9,1
999727,1,1,0,0,0,0,91,1,9,1
999738,0,0,0,0,1,0,91,1,9,1
999748,1,0,0,1,1,0,91,1,9,1
999916,1,1,0,0,0,0,91,1,9,1
1000047,1,1,1,1,1,0,91,1,9,1
1000285,1,1,0,0,0,0,91,1,9,1
1000454,0,0,0,0,1,0,91,1,9,1
1000652,1,0,1,0,0,0,91,1,9,1
1000795,0,1,0,1,0,0,91,1,9,1
1000803,1,0,0,1,1,0,91,1,9,1
1001270,0,0,1,1,0,0,91,1,9,1
1001638,1,1,1,1,1,0,91,1,9,1
1001807,0,0,1,1,0,0,91,1,9,1
1002178,1,1,1,1,1,0,91,1,9,1
1002269,1,1,0,0,0,0,91,1,9,1
1002414,0,0,0,0,1,0,91,1,9,1
1002774,0,1,1,0,1,0,91,1,9,1
1003088,0,1,1,0,1,0,91,1,9,1
1003095,0,1,0,1,0,0,91,1,9,1
1003097,0,1,0,0,0,0,91,1,9,1
1003295,0,0,1,1,0,0,91,1,9,1
1003369,1,1,0,0,0,0,91,1,9,1
1003410,1,1,1,1,1,0,91,1,9,1
1003698,0,0,1,1,0,0,91,1,9,1
1003840,0,0,1,1,0,0,91,1,9,1
1004224,1,1,1,1,1,0,91,1,9,1
1004257,1,0,0,1,1,0,91,1,9,1
1004377,0,0,1,1,0,0,91,1,9,1
1004650,0,1,1,0,1,0,91,1,9,1
1004829,0,0,0,0,1,0,91,1,9,1
1004970,1,0,1,0,0,0,91,1,9,1
1005048,1,1,1,1,1,0,91,1,9,1
1005413,0,1,1,0,1,0,91,1,9,1
1005438,0,1,0,1,0,0,91,1,9,1
1005625,0,0,0,0,1,0,91,1,9,1
1005686,0,0,1,1,0,0,91,1,9,1
1005712,0,0,1,1,0,0,91,1,9,1
1005990,1,0,0,1,1,0,91,1,9,1
1006034,0,0,0,0,1,0,91,1,9,1
1006035,1,0,0,0,1,1,91,1,9,1
1006177,1,0,0,1,1,0,91,1,9,1
1006178,1,1,1,1,1,0,91,1,9,1
1006392,0,0,1,1,0,0,91,1,9,1
1006458,1,0,1,0,0,0,91,1,9,1
1006494,1,0,1,0,0,0,91,1,9,1
1006699,0,1,0,1,0,0,91,1,9,1
1006724,0,1,1,0,1,0,91,1,9,1
1006814,1,1,1,1,1,0,91,1,9,1
1007059,0,0,1,1,0,0,91,1,9,1
1007068,1,1,1,1,1,0,91,1,9,1
1007090,1,0,1,0,0,0,91,1,9,1
1007124,0,0,0,0,1,0,91,1,9,1
1007197,1,1,1,1,1,0,91,1,9,1
1007233,0,1,1,0,1,0,91,1,9,1
1007360,0,1,0,1,0,0,91,1,9,1
1007649,1,1,1,1,1,0,91,1,9,1
1007693,0,1,1,0,1,0,91,1,9,1
1007808,0,1,1,0,1,0,91,1,9,1
1007874,0,1,0,1,0,0,91,1,9,1
1007909,1,1,1,1,1,0,91,1,9,1
1008083,1,0,1,0,0,0,91,1,9,1
1008126,1,0,1,0,0,0,91,1,9,1
1008470,0,1,0,1,0,0,91,1,9,1
1008586,0,1,1,0,1,0,91,1,9,1
1008604,1,0,1,1,0,0,91,1,9,1
1008792,1,1,0,0,0,0,91,1,9,1
1008854,0,1,1,0,1,0,91,1,9,1
1008888,0,0,1,1,0,0,91,1,9,1
1008950,0,0,1,1,0,0,91,1,9,1
1009061,1,1,1,1,1,0,91,1,9,1
1009169,0,0,1,1,0,0,91,1,9,1
1009307,1,1,1,1,1,0,91,1,9,1
1009365,1,1,1,1,1,0,91,1,9,1
1009799,1,0,1,0,0,0,91,1,9,1
1009904,1,0,0,1,1,0,91,1,9,1
1009907,0,0,0,0,1,0,91,1,9,1
1009961,0,0,0,1,1,1,91,1,9,1
1009988,1,0,1,0,0,0,91,1,9,1
1010038,1,0,0,1,1,0,91,1,9,1
1010148,1,0,0,1,1,0,91,1,9,1
1010190,0,1,0,1,0,0,91,1,9,1
1010203,0,1,1,0,1,0,91,1,9,1
1010275,1,1,1,1,1,0,91,1,9,1
1010595,0,0,1,1,0,0,91,1,9,1
1010632,1,0,0,0,1,1,91,1,9,1
1010938,0,0,0,0,1,0,91,1,9,1
