attempt,a_data,a_basis,b_basis,bob,bmatch,err,irrad,mode,mu,lam_idx
819,1,0,0,1,1,0,88,1,9,0
1398,0,0,0,0,1,0,88,1,9,0
1766,0,0,1,1,0,0,88,1,9,0
3781,1,1,1,1,1,0,88,1,9,0
4653,1,1,0,0,0,0,88,1,9,0
4973,0,0,0,0,1,0,88,1,9,0
7747,0,1,1,0,1,0,88,1,9,0
9394,0,1,0,1,0,0,88,1,9,0
9531,1,1,1,1,1,0,88,1,9,0
9831,0,1,1,0,1,0,88,1,9,0
10751,0,1,0,1,0,0,88,1,9,0
13276,1,0,1,0,0,0,88,1,9,0
13336,1,1,1,1,1,0,88,1,9,0
13950,0,1,0,1,0,0,88,1,9,0
14399,0,1,0,1,0,0,88,1,9,0
14495,0,1,0,1,0,0,88,1,9,0
15234,1,1,1,1,1,0,88,1,9,0
15562,0,1,0,1,0,0,88,1,9,0
16933,1,1,0,0,0,0,88,1,9,0
21823,1,0,1,0,0,0,88,1,9,0
22719,0,1,0,1,0,0,88,1,9,0
23157,0,1,1,0,1,0,88,1,9,0
23375,0,1,1,0,1,0,88,1,9,0
23718,0,0,0,0,1,0,88,1,9,0
23821,0,0,1,1,0,0,88,1,9,0
25396,1,0,0,1,1,0,88,1,9,0
26297,0,1,1,0,1,0,88,1,9,0
27236,1,0,0,1,1,0,88,1,9,0
27936,0,1,0,1,0,0,88,1,9,0
29932,1,1,0,0,0,0,88,1,9,0
30579,1,1,1,1,1,0,88,1,9,0
31536,1,0,1,0,0,0,88,1,9,0
31726,1,0,1,0,0,0,88,1,9,0
32043,0,0,0,0,1,0,88,1,9,0
32214,0,1,0,1,0,0,88,1,9,0
33149,1,0,0,1,1,0,88,1,9,0
33804,1,1,1,1,1,0,88,1,9,0
34158,1,1,1,1,1,0,88,1,9,0
35017,1,0,1,0,0,0,88,1,9,0
36553,0,1,0,1,0,0,88,1,9,0
37750,0,1,1,0,1,0,88,1,9,0
38747,1,0,1,0,0,0,88,1,9,0
38925,0,1,1,0,1,0,88,1,9,0
39182,0,0,0,0,1,0,88,1,9,0
40212,0,0,0,0,1,0,88,1,9,0
41740,1,0,1,0,0,0,88,1,9,0
43450,1,1,1,1,1,0,88,1,9,0
44645,0,0,1,1,0,0,88,1,9,0
45891,0,0,1,1,0,0,88,1,9,0
46265,1,0,0,1,1,0,88,1,9,0
46753,0,0,0,1,1,1,88,1,9,0
46755,0,1,0,1,0,0,88,1,9,0
48272,0,0,1,1,0,0,88,1,9,0
50461,1,0,1,0,0,0,88,1,9,0
51811,1,1,0,0,0,0,88,1,9,0
53092,0,0,1,1,0,0,88,1,9,0
53853,0,0,0,0,1,0,88,1,9,0
56497,0,0,0,0,1,0,88,1,9,0
61039,0,1,1,0,1,0,88,1,9,0
61556,0,1,1,0,1,0,88,1,9,0
64077,0,0,0,0,1,0,88,1,9,0
64975,0,1,1,1,1,1,88,1,9,0
66879,0,0,1,1,0,0,137,1,9,0
66961,1,1,0,0,0,0,137,1,9,0
67452,1,0,0,1,1,0,137,1,9,0
67696,0,1,1,0,1,0,137,1,9,0
67856,0,1,0,1,0,0,137,1,9,0
68518,1,1,1,1,1,0,137,1,9,0
68628,1,0,1,0,0,0,137,1,9,0
69240,1,0,0,1,1,0,137,1,9,0
69555,0,0,1,1,0,0,137,1,9,0
70073,1,0,1,0,0,0,137,1,9,0
75361,1,1,1,1,1,0,137,1,9,0
78008,0,0,0,0,1,0,137,1,9,0
78913,1,0,1,0,0,0,137,1,9,0
78914,1,0,1,0,0,0,137,1,9,0
79129,1,0,1,0,0,0,137,1,9,0
82135,0,0,0,0,1,0,137,1,9,0
83166,1,1,0,0,0,0,137,1,9,0
83503,0,0,0,0,1,0,137,1,9,0
84088,1,1,0,0,0,0,137,1,9,0
84694,1,0,1,0,0,0,137,1,9,0
84832,1,0,1,0,0,0,137,1,9,0
86819,1,1,1,1,1,0,137,1,9,0
87022,1,0,1,0,0,0,137,1,9,0
87456,0,0,1,1,0,0,137,1,9,0
87909,0,1,1,0,1,0,137,1,9,0
88388,1,1,0,1,0,0,137,1,9,0
88800,1,1,1,1,1,0,137,1,9,0
89767,0,0,1,1,0,0,137,1,9,0
91028,1,1,0,0,0,0,137,1,9,0
91721,1,0,1,0,0,0,137,1,9,0
91739,1,1,0,1,0,0,137,1,9,0
91805,0,0,0,0,1,0,137,1,9,0
92938,0,0,1,1,0,0,137,1,9,0
94115,0,1,0,1,0,0,137,1,9,0
94764,0,0,1,1,0,0,137,1,9,0
94799,1,1,0,0,0,0,137,1,9,0
97189,0,1,0,0,0,0,137,1,9,0
97749,0,0,0,0,1,0,137,1,9,0
98425,0,0,0,0,1,0,137,1,9,0
98814,1,1,1,1,1,0,137,1,9,0
99632,0,1,1,0,1,0,137,1,9,0
99657,1,1,1,1,1,0,137,1,9,0
99993,1,0,0,1,1,0,137,1,9,0
101198,1,1,0,0,0,0,137,1,9,0
101973,1,0,1,0,0,0,137,1,9,0
105268,0,0,0,0,1,0,137,1,9,0
105641,1,0,0,1,1,0,137,1,9,0
106153,0,1,1,0,1,0,137,1,9,0
107187,0,1,1,0,1,0,137,1,9,0
107741,0,1,0,1,0,0,137,1,9,0
107837,0,1,0,0,0,0,137,1,9,0
108151,1,1,0,0,0,0,137,1,9,0
108356,0,0,1,1,0,0,137,1,9,0
108758,0,0,0,0,1,0,137,1,9,0
108856,0,0,0,0,1,0,137,1,9,0
110347,0,0,1,1,0,0,137,1,9,0
110664,1,0,0,1,1,0,137,1,9,0
110681,1,1,1,1,1,0,137,1,9,0
110730,1,1,0,0,0,0,137,1,9,0
110913,0,0,0,0,1,0,137,1,9,0
110946,0,1,0,1,0,0,137,1,9,0
111251,0,0,0,0,1,0,137,1,9,0
111406,0,0,1,1,0,0,137,1,9,0
112064,1,1,0,1,0,0,137,1,9,0
112382,1,1,1,1,1,0,137,1,9,0
112650,0,1,1,0,1,0,137,1,9,0
112918,0,0,0,0,1,0,137,1,9,0
113002,0,1,1,0,1,0,137,1,9,0
113096,1,0,1,0,0,0,137,1,9,0
113809,1,1,0,0,0,0,137,1,9,0
113999,0,1,1,0,1,0,137,1,9,0
114159,0,0,1,1,0,0,137,1,9,0
114238,0,0,1,1,0,0,137,1,9,0
115010,0,0,0,0,1,0,137,1,9,0
115565,1,0,0,1,1,0,137,1,9,0
115672,0,1,1,0,1,0,137,1,9,0
115854,1,0,0,1,1,0,137,1,9,0
116327,1,0,1,0,0,0,137,1,9,0
117506,1,1,0,0,0,0,137,1,9,0
117936,0,0,1,1,0,0,137,1,9,0
119271,1,0,1,0,0,0,137,1,9,0
120409,0,1,1,0,1,0,137,1,9,0
120880,1,1,0,0,0,0,137,1,9,0
121891,0,1,0,1,0,0,137,1,9,0
122144,0,1,1,0,1,0,137,1,9,0
122769,1,0,0,1,1,0,137,1,9,0
123071,0,1,0,1,0,0,137,1,9,0
123403,0,1,0,1,0,0,137,1,9,0
124236,0,1,1,0,1,0,137,1,9,0
125183,1,1,0,0,0,0,137,1,9,0
125788,1,1,0,0,0,0,137,1,9,0
125897,1,1,1,1,1,0,137,1,9,0
126192,0,1,0,1,0,0,137,1,9,0
127050,1,1,0,0,0,0,137,1,9,0
127261,1,1,0,0,0,0,137,1,9,0
127329,1,0,0,1,1,0,137,1,9,0
128392,1,1,1,1,1,0,137,1,9,0
128417,0,0,0,0,1,0,137,1,9,0
129414,1,0,0,1,1,0,137,1,9,0
130082,0,0,1,1,0,0,137,1,9,0
130355,0,1,0,1,0,0,137,1,9,0
130724,1,0,1,0,0,0,137,1,9,0
131588,0,0,0,0,1,0,31,1,9,0
131627,0,0,0,0,1,0,31,1,9,0
134348,1,1,1,1,1,0,31,1,9,0
135327,0,0,0,0,1,0,31,1,9,0
138133,0,0,0,0,1,0,31,1,9,0
146729,1,0,0,1,1,0,31,1,9,0
161895,1,0,1,0,0,0,31,1,9,0
162263,1,1,1,1,1,0,31,1,9,0
162907,0,1,1,0,1,0,31,1,9,0
164600,1,1,0,0,0,0,31,1,9,0
165035,0,1,1,0,1,0,31,1,9,0
167836,1,0,1,0,0,0,31,1,9,0
170112,1,1,1,0,1,1,31,1,9,0
177844,1,0,0,1,1,0,31,1,9,0
179927,0,0,0,0,1,0,31,1,9,0
180886,1,1,1,1,1,0,31,1,9,0
181376,1,1,1,1,1,0,31,1,9,0
182534,1,1,1,1,1,0,31,1,9,0
187058,0,0,0,0,1,0,31,1,9,0
188039,0,0,1,1,0,0,31,1,9,0
193124,1,1,1,1,1,0,31,1,9,0
196270,1,1,0,1,0,0,31,1,9,0
196584,1,0,0,1,1,0,31,1,9,0
198896,0,1,1,0,1,0,49,3,9,0
200090,1,1,1,1,1,0,49,3,9,0
200925,0,1,0,0,0,0,49,3,9,0
201909,1,0,1,0,0,0,49,3,9,0
202201,1,1,1,1,1,0,49,3,9,0
205092,1,1,1,1,1,0,49,3,9,0
209090,1,0,1,0,0,0,49,3,9,0
209699,1,0,0,1,1,0,49,3,9,0
210504,0,0,0,0,1,0,49,3,9,0
210517,0,0,1,1,0,0,49,3,9,0
218191,1,1,1,1,1,0,49,3,9,0
219565,1,0,0,1,1,0,49,3,9,0
221769,0,1,1,0,1,0,49,3,9,0
224109,0,0,1,1,0,0,49,3,9,0
224396,0,0,0,0,1,0,49,3,9,0
227606,1,0,0,1,1,0,49,3,9,0
228207,1,1,0,0,0,0,49,3,9,0
228749,1,0,1,0,0,0,49,3,9,0
229542,1,0,1,0,0,0,49,3,9,0
232018,1,1,1,1,1,0,49,3,9,0
235118,0,1,1,0,1,0,49,3,9,0
235778,0,1,1,0,1,0,49,3,9,0
236401,1,1,0,0,0,0,49,3,9,0
238265,1,1,1,1,1,0,49,3,9,0
241197,0,1,1,0,1,0,49,3,9,0
242530,0,1,0,0,0,0,49,3,9,0
244820,0,1,0,1,0,0,49,3,9,0
245847,1,1,1,1,1,0,49,3,9,0
250068,0,0,1,1,0,0,49,3,9,0
250226,1,1,0,0,0,0,49,3,9,0
255971,1,0,1,0,0,0,49,3,9,0
260691,0,1,1,0,1,0,49,3,9,0
261304,1,1,0,0,0,0,49,3,9,0
262012,0,0,0,0,1,0,49,3,9,0
262878,0,0,1,1,0,0,102,3,12,0
262977,0,1,0,1,0,0,102,3,12,0
263228,1,0,0,1,1,0,102,3,12,0
263380,0,1,0,1,0,0,102,3,12,0
263810,1,1,1,1,1,0,102,3,12,0
264367,0,1,1,0,1,0,102,3,12,0
266106,1,0,1,0,0,0,102,3,12,0
266583,0,1,1,0,1,0,102,3,12,0
266590,0,0,0,0,1,0,102,3,12,0
266848,0,0,1,1,0,0,102,3,12,0
267292,0,1,0,1,0,0,102,3,12,0
267926,0,0,0,0,1,0,102,3,12,0
268379,1,0,0,1,1,0,102,3,12,0
268834,0,1,0,1,0,0,102,3,12,0
269679,1,1,0,0,0,0,102,3,12,0
270189,0,1,0,1,0,0,102,3,12,0
270752,0,1,0,1,0,0,102,3,12,0
271050,1,0,0,1,1,0,102,3,12,0
271629,0,0,0,0,1,0,102,3,12,0
272023,0,0,1,1,0,0,102,3,12,0
273432,0,1,1,0,1,0,102,3,12,0
274539,0,0,1,1,0,0,102,3,12,0
274805,1,1,1,1,1,0,102,3,12,0
275009,1,1,1,1,1,0,102,3,12,0
275699,0,1,1,0,1,0,102,3,12,0
275864,0,0,1,1,0,0,102,3,12,0
276425,1,0,1,0,0,0,102,3,12,0
276746,0,1,1,0,1,0,102,3,12,0
277905,0,0,1,1,0,0,102,3,12,0
278087,1,0,0,1,1,0,102,3,12,0
278669,1,1,0,0,0,0,102,3,12,0
279013,0,1,1,0,1,0,102,3,12,0
279351,0,1,1,0,1,0,102,3,12,0
280553,0,1,1,0,1,0,102,3,12,0
281102,0,0,0,0,1,0,102,3,12,0
281745,0,1,0,1,0,0,102,3,12,0
282697,0,0,1,0,0,0,102,3,12,0
283303,0,1,1,0,1,0,102,3,12,0
283497,1,1,1,1,1,0,102,3,12,0
283959,1,1,0,1,0,0,102,3,12,0
284141,0,1,1,0,1,0,102,3,12,0
284229,0,1,0,1,0,0,102,3,12,0
284639,0,1,0,1,0,0,102,3,12,0
285172,1,1,0,1,0,0,102,3,12,0
285185,0,0,1,1,0,0,102,3,12,0
288358,0,0,0,0,1,0,102,3,12,0
288506,1,0,1,0,0,0,102,3,12,0
288778,0,0,1,1,0,0,102,3,12,0
289335,0,0,0,0,1,0,102,3,12,0
289745,1,0,1,0,0,0,102,3,12,0
289809,1,1,1,1,1,0,102,3,12,0
289926,1,0,0,1,1,0,102,3,12,0
291713,0,0,0,0,1,0,102,3,12,0
292550,0,0,1,1,0,0,102,3,12,0
293786,0,1,1,0,1,0,102,3,12,0
294874,1,1,0,0,0,0,102,3,12,0
295738,1,1,1,1,1,0,102,3,12,0
296047,0,0,0,0,1,0,102,3,12,0
296076,0,1,1,0,1,0,102,3,12,0
300426,1,1,0,0,0,0,102,3,12,0
300846,0,1,1,0,1,0,102,3,12,0
301656,1,0,0,1,1,0,102,3,12,0
302745,0,0,0,1,1,1,102,3,12,0
302791,0,0,1,1,0,0,102,3,12,0
305400,0,0,0,0,1,0,102,3,12,0
305532,0,1,1,0,1,0,102,3,12,0
305830,0,0,0,0,1,0,102,3,12,0
305871,0,0,0,0,1,0,102,3,12,0
306252,1,0,1,0,0,0,102,3,12,0
306448,0,0,1,1,0,0,102,3,12,0
306862,0,0,1,1,0,0,102,3,12,0
307988,0,0,1,1,0,0,102,3,12,0
308195,1,0,1,0,0,0,102,3,12,0
308751,0,0,0,0,1,0,102,3,12,0
309114,0,0,1,1,0,0,102,3,12,0
309618,0,1,0,1,0,0,102,3,12,0
310105,1,1,0,0,0,0,102,3,12,0
310285,0,1,1,0,1,0,102,3,12,0
310966,1,1,0,0,0,0,102,3,12,0
311685,0,1,1,0,1,0,102,3,12,0
311959,0,0,1,1,0,0,102,3,12,0
313156,1,0,0,1,1,0,102,3,12,0
313351,1,0,0,1,1,0,102,3,12,0
313560,0,0,1,1,0,0,102,3,12,0
313679,0,0,0,0,1,0,102,3,12,0
314315,1,1,0,0,0,0,102,3,12,0
314971,0,0,1,1,0,0,102,3,12,0
315082,1,1,1,1,1,0,102,3,12,0
315139,0,0,0,0,1,0,102,3,12,0
315279,0,0,0,0,1,0,102,3,12,0
316383,1,1,0,0,0,0,102,3,12,0
316458,1,0,0,1,1,0,102,3,12,0
317205,0,1,0,1,0,0,102,3,12,0
318266,1,0,0,1,1,0,102,3,12,0
320115,1,1,1,1,1,0,102,3,12,0
320683,1,0,1,0,0,0,102,3,12,0
320877,0,1,1,0,1,0,102,3,12,0
321559,0,0,1,1,0,0,102,3,12,0
321874,0,1,1,0,1,0,102,3,12,0
324481,0,1,0,1,0,0,102,3,12,0
326050,0,0,0,0,1,0,102,3,12,0
326252,0,0,1,1,0,0,102,3,12,0
327368,0,1,0,1,0,0,102,3,12,0
327671,1,0,0,1,1,0,102,3,12,0
328306,1,0,1,0,0,0,124,3,12,0
328494,1,0,0,1,1,0,124,3,12,0
328513,0,1,0,1,0,0,124,3,12,0
329110,0,1,1,0,1,0,124,3,12,0
329419,0,1,1,0,1,0,124,3,12,0
330236,0,1,0,1,0,0,124,3,12,0
330654,1,0,1,0,0,0,124,3,12,0
330831,1,0,1,0,0,0,124,3,12,0
331014,1,1,1,1,1,0,124,3,12,0
331833,0,0,0,0,1,0,124,3,12,0
332629,0,1,0,1,0,0,124,3,12,0
332717,0,1,0,1,0,0,124,3,12,0
332824,0,0,1,1,0,0,124,3,12,0
333061,1,0,0,1,1,0,124,3,12,0
335608,1,0,0,1,1,0,124,3,12,0
335848,0,1,0,1,0,0,124,3,12,0
335855,1,1,1,1,1,0,124,3,12,0
335926,0,1,0,1,0,0,124,3,12,0
336093,0,1,0,1,0,0,124,3,12,0
337718,1,1,1,1,1,0,124,3,12,0
338139,1,0,0,1,1,0,124,3,12,0
338819,0,1,1,0,1,0,124,3,12,0
340160,1,0,0,1,1,0,124,3,12,0
341356,0,1,0,1,0,0,124,3,12,0
341703,1,1,1,1,1,0,124,3,12,0
343514,1,1,1,1,1,0,124,3,12,0
343870,0,0,0,0,1,0,124,3,12,0
344427,0,0,1,1,0,0,124,3,12,0
345066,0,1,0,1,0,0,124,3,12,0
345183,1,0,0,1,1,0,124,3,12,0
346678,1,0,0,1,1,0,124,3,12,0
346720,0,1,1,0,1,0,124,3,12,0
347201,0,1,1,0,1,0,124,3,12,0
347739,0,0,0,0,1,0,124,3,12,0
347933,1,0,1,0,0,0,124,3,12,0
349057,1,1,0,0,0,0,124,3,12,0
349331,1,1,0,0,0,0,124,3,12,0
349855,0,0,0,0,1,0,124,3,12,0
351245,0,1,1,0,1,0,124,3,12,0
352806,0,0,0,0,1,0,124,3,12,0
353341,1,1,0,0,0,0,124,3,12,0
353457,0,0,0,0,1,0,124,3,12,0
353630,0,0,0,0,1,0,124,3,12,0
353660,0,0,0,0,1,0,124,3,12,0
354035,1,0,0,1,1,0,124,3,12,0
354624,0,0,1,1,0,0,124,3,12,0
354881,0,1,1,0,1,0,124,3,12,0
356218,0,0,0,0,1,0,124,3,12,0
357343,0,0,1,1,0,0,124,3,12,0
358705,0,0,0,0,1,0,124,3,12,0
359279,1,0,1,1,0,0,124,3,12,0
360548,0,0,0,0,1,0,124,3,12,0
361889,0,0,0,0,1,0,124,3,12,0
362318,1,1,1,1,1,0,124,3,12,0
362343,0,0,1,1,0,0,124,3,12,0
364091,0,1,1,0,1,0,124,3,12,0
364304,1,1,1,1,1,0,124,3,12,0
364319,0,0,1,1,0,0,124,3,12,0
365101,0,1,1,0,1,0,124,3,12,0
365612,0,1,0,1,0,0,124,3,12,0
365756,0,1,0,1,0,0,124,3,12,0
365797,0,1,0,1,0,0,124,3,12,0
365937,0,1,1,0,1,0,124,3,12,0
366343,0,1,1,0,1,0,124,3,12,0
366608,0,0,0,0,1,0,124,3,12,0
366765,1,0,1,0,0,0,124,3,12,0
369763,0,1,1,0,1,0,124,3,12,0
370330,1,1,1,1,1,0,124,3,12,0
370570,1,1,0,0,0,0,124,3,12,0
370765,1,1,0,0,0,0,124,3,12,0
371252,1,1,1,1,1,0,124,3,12,0
371466,1,1,1,1,1,0,124,3,12,0
371666,1,0,1,0,0,0,124,3,12,0
371821,1,0,0,1,1,0,124,3,12,0
372416,0,1,0,1,0,0,124,3,12,0
372916,1,1,0,0,0,0,124,3,12,0
373241,0,1,0,1,0,0,124,3,12,0
373619,1,0,0,1,1,0,124,3,12,0
373822,0,1,1,0,1,0,124,3,12,0
374546,1,0,0,1,1,0,124,3,12,0
374942,1,0,1,0,0,0,124,3,12,0
375076,1,1,1,1,1,0,124,3,12,0
375606,0,1,0,1,0,0,124,3,12,0
377736,0,0,0,0,1,0,124,3,12,0
378719,0,1,0,1,0,0,124,3,12,0
379054,1,1,0,0,0,0,124,3,12,0
380236,1,1,1,1,1,0,124,3,12,0
380937,1,1,0,0,0,0,124,3,12,0
382038,0,1,0,1,0,0,124,3,12,0
383199,0,1,0,1,0,0,124,3,12,0
383497,0,1,0,1,0,0,124,3,12,0
383526,0,0,0,0,1,0,124,3,12,0
384159,0,1,0,1,0,0,124,3,12,0
384533,0,0,0,0,1,0,124,3,12,0
384915,1,1,0,0,0,0,124,3,12,0
386177,0,1,0,1,0,0,124,3,12,0
386382,1,0,1,0,0,0,124,3,12,0
386477,0,0,0,0,1,0,124,3,12,0
386758,0,0,0,0,1,0,124,3,12,0
386967,0,1,0,1,0,0,124,3,12,0
387633,1,1,1,1,1,0,124,3,12,0
387733,0,0,0,0,1,0,124,3,12,0
387850,1,1,1,1,1,0,124,3,12,0
387899,1,1,0,0,0,0,124,3,12,0
387943,0,0,1,1,0,0,124,3,12,0
388238,1,0,0,1,1,0,124,3,12,0
388645,1,1,1,1,1,0,124,3,12,0
388916,0,1,0,1,0,0,124,3,12,0
389096,1,0,1,0,0,0,124,3,12,0
389131,0,0,1,1,0,0,124,3,12,0
389518,1,0,0,1,1,0,124,3,12,0
390208,0,1,1,0,1,0,124,3,12,0
391040,0,0,1,1,0,0,124,3,12,0
391127,1,1,1,1,1,0,124,3,12,0
391855,0,0,0,0,1,0,124,3,12,0
394024,0,1,1,0,1,0,58,3,12,0
399663,1,0,0,1,1,0,58,3,12,0
401362,1,1,0,0,0,0,58,3,12,0
401473,0,1,1,1,1,1,58,3,12,0
403361,1,1,1,1,1,0,58,3,12,0
404208,1,0,1,0,0,0,58,3,12,0
405337,1,1,1,1,1,0,58,3,12,0
405521,0,1,1,0,1,0,58,3,12,0
406402,1,0,1,0,0,0,58,3,12,0
406519,0,0,1,1,0,0,58,3,12,0
407228,0,1,0,1,0,0,58,3,12,0
409806,0,0,0,1,1,1,58,3,12,0
409870,0,1,1,0,1,0,58,3,12,0
410079,0,1,1,0,1,0,58,3,12,0
411554,1,0,1,0,0,0,58,3,12,0
414922,1,0,0,1,1,0,58,3,12,0
416149,0,1,1,0,1,0,58,3,12,0
416458,0,1,0,1,0,0,58,3,12,0
416639,0,0,0,0,1,0,58,3,12,0
416947,1,0,0,1,1,0,58,3,12,0
417053,0,0,1,1,0,0,58,3,12,0
419178,0,1,1,0,1,0,58,3,12,0
419441,0,1,1,0,1,0,58,3,12,0
419803,1,0,1,0,0,0,58,3,12,0
420878,1,1,0,0,0,0,58,3,12,0
421466,1,0,0,1,1,0,58,3,12,0
422723,1,1,1,0,1,1,58,3,12,0
422984,1,0,0,1,1,0,58,3,12,0
423889,0,0,1,1,0,0,58,3,12,0
425228,0,1,1,0,1,0,58,3,12,0
425526,0,0,1,1,0,0,58,3,12,0
426199,0,0,0,0,1,0,58,3,12,0
426811,1,1,0,0,0,0,58,3,12,0
427185,1,1,1,1,1,0,58,3,12,0
427363,0,0,1,1,0,0,58,3,12,0
428990,1,1,1,1,1,0,58,3,12,0
433164,0,0,1,1,0,0,58,3,12,0
434352,0,0,0,0,1,0,58,3,12,0
435538,1,1,0,0,0,0,58,3,12,0
436349,0,1,0,1,0,0,58,3,12,0
436672,1,0,1,0,0,0,58,3,12,0
436751,0,0,1,1,0,0,58,3,12,0
438340,0,0,0,0,1,0,58,3,12,0
438787,0,0,1,1,0,0,58,3,12,0
440429,1,1,1,1,1,0,58,3,12,0
441395,0,0,0,0,1,0,58,3,12,0
441672,0,1,0,1,0,0,58,3,12,0
443761,1,0,1,0,0,0,58,3,12,0
444932,1,1,0,0,0,0,58,3,12,0
447085,1,1,1,1,1,0,58,3,12,0
447118,0,0,0,0,1,0,58,3,12,0
448801,0,0,1,1,0,0,58,3,12,0
449420,1,1,1,1,1,0,58,3,12,0
449884,1,0,1,0,0,0,58,3,12,0
452129,0,0,1,1,0,0,58,3,12,0
453348,1,0,1,0,0,0,58,3,12,0
455101,1,1,0,0,0,0,58,3,12,0
455479,0,0,1,1,0,0,58,3,12,0
455559,0,0,1,1,0,0,58,3,12,0
455977,1,1,0,0,0,0,58,3,12,0
456742,0,1,0,1,0,0,58,3,12,0
460078,1,1,0,0,0,0,137,2,12,0
460102,1,1,0,0,0,0,137,2,12,0
460627,1,1,0,0,0,0,137,2,12,0
461366,0,1,0,1,0,0,137,2,12,0
462782,0,0,0,0,1,0,137,2,12,0
463178,1,0,1,0,0,0,137,2,12,0
463619,1,0,1,0,0,0,137,2,12,0
463968,1,0,0,1,1,0,137,2,12,0
464416,0,0,1,1,0,0,137,2,12,0
464805,0,0,0,0,1,0,137,2,12,0
465268,1,0,1,0,0,0,137,2,12,0
465544,1,0,1,0,0,0,137,2,12,0
465760,0,0,0,0,1,0,137,2,12,0
466272,1,1,0,0,0,0,137,2,12,0
466572,0,1,1,0,1,0,137,2,12,0
467414,1,1,1,1,1,0,137,2,12,0
467545,0,1,0,1,0,0,137,2,12,0
467678,0,1,1,0,1,0,137,2,12,0
467697,1,1,0,0,0,0,137,2,12,0
468797,0,1,1,0,1,0,137,2,12,0
469033,1,0,0,1,1,0,137,2,12,0
469163,1,0,0,1,1,0,137,2,12,0
469220,0,1,0,1,0,0,137,2,12,0
469773,0,0,0,0,1,0,137,2,12,0
469863,0,0,0,0,1,0,137,2,12,0
470029,0,0,1,1,0,0,137,2,12,0
470265,0,1,1,0,1,0,137,2,12,0
470399,1,1,0,0,0,0,137,2,12,0
470975,1,1,0,0,0,0,137,2,12,0
471044,0,1,0,1,0,0,137,2,12,0
471388,1,1,0,0,0,0,137,2,12,0
471553,0,1,1,0,1,0,137,2,12,0
471882,1,1,0,0,0,0,137,2,12,0
473580,1,1,1,1,1,0,137,2,12,0
474255,0,1,0,1,0,0,137,2,12,0
474348,0,0,1,0,0,0,137,2,12,0
474583,0,1,1,0,1,0,137,2,12,0
474920,0,0,1,1,0,0,137,2,12,0
475684,1,0,0,1,1,0,137,2,12,0
475848,1,0,1,0,0,0,137,2,12,0
475931,1,1,0,0,0,0,137,2,12,0
476153,0,1,1,0,1,0,137,2,12,0
477509,1,0,0,1,1,0,137,2,12,0
477772,0,0,0,0,1,0,137,2,12,0
478393,0,1,0,1,0,0,137,2,12,0
478411,0,0,0,0,1,0,137,2,12,0
478452,1,1,1,1,1,0,137,2,12,0
480179,0,1,0,1,0,0,137,2,12,0
480940,1,1,1,1,1,0,137,2,12,0
481716,1,1,0,0,0,0,137,2,12,0
481961,0,0,0,0,1,0,137,2,12,0
482807,0,1,0,1,0,0,137,2,12,0
483339,1,1,1,1,1,0,137,2,12,0
483697,1,1,0,0,0,0,137,2,12,0
484319,0,1,1,0,1,0,137,2,12,0
484805,1,0,0,1,1,0,137,2,12,0
484986,1,1,0,0,0,0,137,2,12,0
485701,1,1,0,0,0,0,137,2,12,0
486007,0,0,0,0,1,0,137,2,12,0
486313,0,0,1,1,0,0,137,2,12,0
486456,0,0,0,0,1,0,137,2,12,0
487489,0,1,1,0,1,0,137,2,12,0
488605,1,0,0,1,1,0,137,2,12,0
488827,1,1,0,0,0,0,137,2,12,0
488886,0,1,1,0,1,0,137,2,12,0
489069,0,0,0,0,1,0,137,2,12,0
489453,1,1,1,1,1,0,137,2,12,0
490734,0,0,0,0,1,0,137,2,12,0
492626,0,0,0,0,1,0,137,2,12,0
493094,0,1,1,0,1,0,137,2,12,0
493172,1,0,1,0,0,0,137,2,12,0
493652,1,0,0,1,1,0,137,2,12,0
493724,0,0,0,0,1,0,137,2,12,0
493853,1,1,0,1,0,0,137,2,12,0
493922,1,1,0,0,0,0,137,2,12,0
495003,1,1,0,1,0,0,137,2,12,0
495700,0,1,1,0,1,0,137,2,12,0
495704,0,1,1,0,1,0,137,2,12,0
496267,1,0,1,0,0,0,137,2,12,0
496580,1,1,1,1,1,0,137,2,12,0
497830,1,0,0,1,1,0,137,2,12,0
498322,1,0,1,0,0,0,137,2,12,0
498574,0,0,0,0,1,0,137,2,12,0
498869,0,0,0,0,1,0,137,2,12,0
499140,0,0,1,1,0,0,137,2,12,0
499664,1,1,1,1,1,0,137,2,12,0
500253,0,0,0,0,1,0,137,2,12,0
500258,1,0,1,0,0,0,137,2,12,0
500700,0,0,1,1,0,0,137,2,12,0
501794,1,1,1,1,1,0,137,2,12,0
502211,0,1,1,1,1,1,137,2,12,0
503016,0,0,0,0,1,0,137,2,12,0
503407,0,1,1,0,1,0,137,2,12,0
503899,0,1,0,1,0,0,137,2,12,0
505174,0,0,1,1,0,0,137,2,12,0
505400,1,0,0,1,1,0,137,2,12,0
505596,0,0,0,0,1,0,137,2,12,0
506612,0,1,0,1,0,0,137,2,12,0
507359,0,1,1,0,1,0,137,2,12,0
508342,1,0,1,0,0,0,137,2,12,0
508399,0,0,0,0,1,0,137,2,12,0
509521,1,1,1,1,1,0,137,2,12,0
510075,1,0,1,0,0,0,137,2,12,0
510219,1,0,1,0,0,0,137,2,12,0
510733,0,1,0,1,0,0,137,2,12,0
511163,0,0,1,1,0,0,137,2,12,0
513946,0,0,0,0,1,0,137,2,12,0
514746,1,1,0,0,0,0,137,2,12,0
514760,1,0,1,0,0,0,137,2,12,0
514983,0,0,1,1,0,0,137,2,12,0
515035,0,1,1,0,1,0,137,2,12,0
515396,1,0,0,1,1,0,137,2,12,0
517720,1,0,0,1,1,0,137,2,12,0
518493,0,0,0,0,1,0,137,2,12,0
520181,1,1,0,0,0,0,137,2,12,0
520306,1,1,1,1,1,0,137,2,12,0
521080,1,1,1,1,1,0,137,2,12,0
521584,1,1,1,1,1,0,137,2,12,0
521792,0,0,0,0,1,0,137,2,12,0
522625,0,1,0,1,0,0,137,2,12,0
522937,0,0,1,1,0,0,137,2,12,0
523095,1,0,0,1,1,0,137,2,12,0
523384,1,1,1,1,1,0,137,2,12,0
523975,1,1,1,1,1,0,137,2,12,0
524038,0,0,1,1,0,0,137,2,12,0
524417,1,0,0,1,1,0,255,2,12,1
524456,1,1,1,0,1,1,255,2,12,1
524671,0,0,1,1,0,0,255,2,12,1
524812,0,1,1,0,1,0,255,2,12,1
524840,1,1,1,1,1,0,255,2,12,1
525032,0,1,0,1,0,0,255,2,12,1
525240,1,0,1,0,0,0,255,2,12,1
525303,1,0,0,1,1,0,255,2,12,1
525347,0,1,0,1,0,0,255,2,12,1
525595,0,0,0,0,1,0,255,2,12,1
526080,1,1,1,1,1,0,255,2,12,1
526123,1,0,1,0,0,0,255,2,12,1
526187,1,0,0,1,1,0,255,2,12,1
526610,1,1,0,0,0,0,255,2,12,1
526826,1,0,0,1,1,0,255,2,12,1
527548,0,0,1,1,0,0,255,2,12,1
527745,1,1,1,1,1,0,255,2,12,1
527811,1,1,1,1,1,0,255,2,12,1
528037,0,1,0,1,0,0,255,2,12,1
528107,1,0,1,0,0,0,255,2,12,1
528239,0,0,0,0,1,0,255,2,12,1
528669,0,1,0,1,0,0,255,2,12,1
529327,1,1,0,0,0,0,255,2,12,1
529402,1,1,1,1,1,0,255,2,12,1
530271,1,0,1,0,0,0,255,2,12,1
530737,0,0,0,0,1,0,255,2,12,1
530958,1,0,0,1,1,0,255,2,12,1
531066,1,1,0,0,0,0,255,2,12,1
531132,1,1,0,0,0,0,255,2,12,1
531200,0,1,1,0,1,0,255,2,12,1
532394,1,0,0,1,1,0,255,2,12,1
532560,1,0,0,1,1,0,255,2,12,1
532634,0,1,1,0,1,0,255,2,12,1
532935,1,1,1,1,1,0,255,2,12,1
532964,1,1,0,0,0,0,255,2,12,1
533837,0,0,0,0,1,0,255,2,12,1
534259,1,0,1,0,0,0,255,2,12,1
535115,1,0,0,1,1,0,255,2,12,1
535218,1,0,1,0,0,0,255,2,12,1
536978,0,1,1,0,1,0,255,2,12,1
537005,0,1,1,1,1,1,255,2,12,1
537042,1,0,1,0,0,0,255,2,12,1
537408,1,1,1,1,1,0,255,2,12,1
537549,1,1,0,0,0,0,255,2,12,1
537917,0,1,0,1,0,0,255,2,12,1
537995,1,1,1,1,1,0,255,2,12,1
538041,0,0,0,0,1,0,255,2,12,1
538370,1,0,0,1,1,0,255,2,12,1
538643,0,1,0,1,0,0,255,2,12,1
538831,1,1,1,1,1,0,255,2,12,1
538976,1,0,1,0,0,0,255,2,12,1
539846,0,1,0,1,0,0,255,2,12,1
539938,0,0,0,0,1,0,255,2,12,1
539971,1,1,1,1,1,0,255,2,12,1
539997,0,1,1,0,1,0,255,2,12,1
540565,1,0,0,1,1,0,255,2,12,1
540996,1,1,0,0,0,0,255,2,12,1
541864,1,1,1,1,1,0,255,2,12,1
542026,0,1,0,1,0,0,255,2,12,1
542309,0,0,0,0,1,0,255,2,12,1
543083,1,1,1,1,1,0,255,2,12,1
543449,0,0,1,1,0,0,255,2,12,1
543480,1,1,0,0,0,0,255,2,12,1
543521,1,0,0,1,1,0,255,2,12,1
543635,1,0,0,1,1,0,255,2,12,1
543836,1,0,0,1,1,0,255,2,12,1
544407,1,1,0,1,0,0,255,2,12,1
544741,0,1,1,0,1,0,255,2,12,1
545503,1,1,0,0,0,0,255,2,12,1
545943,0,0,1,1,0,0,255,2,12,1
545951,0,1,0,1,0,0,255,2,12,1
546251,1,1,1,1,1,0,255,2,12,1
546505,1,1,0,0,0,0,255,2,12,1
546584,1,1,0,0,0,0,255,2,12,1
547324,0,0,1,1,0,0,255,2,12,1
547539,0,1,0,1,0,0,255,2,12,1
547848,1,1,1,1,1,0,255,2,12,1
547990,0,1,1,0,1,0,255,2,12,1
548454,1,0,0,1,1,0,255,2,12,1
548513,0,1,1,0,1,0,255,2,12,1
548675,0,1,1,0,1,0,255,2,12,1
548775,1,0,0,1,1,0,255,2,12,1
549402,1,1,1,1,1,0,255,2,12,1
550096,0,0,0,0,1,0,255,2,12,1
550250,0,1,1,0,1,0,255,2,12,1
550321,0,0,0,0,1,0,255,2,12,1
550651,0,1,0,1,0,0,255,2,12,1
551223,1,1,0,0,0,0,255,2,12,1
551324,0,1,1,0,1,0,255,2,12,1
551386,0,1,0,1,0,0,255,2,12,1
551779,1,0,0,1,1,0,255,2,12,1
552316,0,1,1,0,1,0,255,2,12,1
552387,0,1,0,1,0,0,255,2,12,1
552899,1,0,1,0,0,0,255,2,12,1
553325,1,0,1,0,0,0,255,2,12,1
554429,1,1,1,1,1,0,255,2,12,1
554527,1,1,1,1,1,0,255,2,12,1
554604,0,0,0,0,1,0,255,2,12,1
555777,0,1,1,1,1,1,255,2,12,1
556514,0,0,0,0,1,0,255,2,12,1
557916,1,0,1,0,0,0,255,2,12,1
558158,1,1,0,0,0,0,255,2,12,1
558808,1,1,1,1,1,0,255,2,12,1
558835,1,0,0,1,1,0,255,2,12,1
559007,1,0,0,1,1,0,255,2,12,1
559021,1,0,0,1,1,0,255,2,12,1
559276,0,0,0,0,1,0,255,2,12,1
559342,0,1,1,0,1,0,255,2,12,1
559500,1,1,1,1,1,0,255,2,12,1
559924,1,1,1,1,1,0,255,2,12,1
560350,1,1,1,1,1,0,255,2,12,1
560413,1,0,0,1,1,0,255,2,12,1
560533,0,0,0,0,1,0,255,2,12,1
560607,0,0,0,0,1,0,255,2,12,1
561036,1,1,0,0,0,0,255,2,12,1
561582,1,0,1,0,0,0,255,2,12,1
561693,0,1,0,1,0,0,255,2,12,1
562164,1,1,0,0,0,0,255,2,12,1
562209,0,0,0,0,1,0,255,2,12,1
562225,1,0,0,1,1,0,255,2,12,1
562255,1,0,0,1,1,0,255,2,12,1
563035,1,1,1,1,1,0,255,2,12,1
563376,0,0,1,1,0,0,255,2,12,1
563743,0,1,0,1,0,0,255,2,12,1
563800,0,0,1,1,0,0,255,2,12,1
564241,1,0,0,1,1,0,255,2,12,1
564844,1,1,1,1,1,0,255,2,12,1
564905,1,1,1,1,1,0,255,2,12,1
565302,1,0,1,0,0,0,255,2,12,1
566114,1,1,1,1,1,0,255,2,12,1
566402,1,1,1,1,1,0,255,2,12,1
566566,1,0,0,1,1,0,255,2,12,1
566716,0,1,1,0,1,0,255,2,12,1
567359,1,0,1,0,0,0,255,2,12,1
567676,0,1,0,1,0,0,255,2,12,1
567753,1,1,0,0,0,0,255,2,12,1
568687,0,1,1,0,1,0,255,2,12,1
569253,1,1,1,1,1,0,255,2,12,1
569465,0,0,1,1,0,0,255,2,12,1
569524,0,1,0,1,0,0,255,2,12,1
570570,1,1,0,0,0,0,255,2,12,1
570585,1,1,0,0,0,0,255,2,12,1
570622,0,0,0,0,1,0,255,2,12,1
570655,0,1,0,1,0,0,255,2,12,1
572154,1,0,1,0,0,0,255,2,12,1
572931,1,1,0,0,0,0,255,2,12,1
572946,1,0,0,1,1,0,255,2,12,1
573343,0,0,1,1,0,0,255,2,12,1
573801,0,0,1,1,0,0,255,2,12,1
573802,1,1,0,0,0,0,255,2,12,1
573970,0,1,0,1,0,0,255,2,12,1
574969,1,0,0,1,1,0,255,2,12,1
575353,0,1,1,0,1,0,255,2,12,1
576254,1,0,1,0,0,0,255,2,12,1
576508,1,0,1,0,0,0,255,2,12,1
577017,0,0,0,0,1,0,255,2,12,1
578110,0,0,1,1,0,0,255,2,12,1
578439,0,0,0,0,1,0,255,2,12,1
578667,1,0,1,0,0,0,255,2,12,1
578677,1,0,1,0,0,0,255,2,12,1
580112,1,1,1,1,1,0,255,2,12,1
580427,1,0,0,1,1,0,255,2,12,1
580484,1,0,1,0,0,0,255,2,12,1
580669,1,1,0,0,0,0,255,2,12,1
580889,0,1,1,0,1,0,255,2,12,1
580988,0,1,0,1,0,0,255,2,12,1
581502,1,0,0,1,1,0,255,2,12,1
581671,0,1,1,0,1,0,255,2,12,1
581860,1,1,1,1,1,0,255,2,12,1
582050,0,0,0,0,1,0,255,2,12,1
582300,0,0,1,1,0,0,255,2,12,1
582321,1,0,1,0,0,0,255,2,12,1
583359,1,0,1,0,0,0,255,2,12,1
583826,1,0,0,1,1,0,255,2,12,1
584063,1,0,0,1,1,0,255,2,12,1
584245,1,0,1,0,0,0,255,2,12,1
584323,0,1,0,1,0,0,255,2,12,1
584388,0,0,1,1,0,0,255,2,12,1
585157,0,0,1,1,0,0,255,2,12,1
586954,0,1,0,1,0,0,255,2,12,1
587530,0,0,0,0,1,0,255,2,12,1
587972,1,1,1,1,1,0,255,2,12,1
588293,1,0,0,1,1,0,255,2,12,1
588502,1,0,1,0,0,0,255,2,12,1
588872,0,0,1,1,0,0,255,2,12,1
589066,0,1,1,0,1,0,255,2,12,1
589088,0,0,0,0,1,0,255,2,12,1
589275,0,1,1,0,1,0,255,2,12,1
589281,0,0,0,0,1,0,255,2,12,1
589734,0,1,1,0,1,0,255,2,12,1
589765,0,1,1,0,1,0,255,2,12,1
590086,0,0,0,0,1,0,169,2,12,1
590524,1,0,0,1,1,0,169,2,12,1
590892,0,0,1,1,0,0,169,2,12,1
591364,1,1,1,1,1,0,169,2,12,1
591949,1,1,1,1,1,0,169,2,12,1
592254,0,1,0,1,0,0,169,2,12,1
593160,1,1,0,0,0,0,169,2,12,1
593318,0,0,0,0,1,0,169,2,12,1
593521,0,0,0,0,1,0,169,2,12,1
593767,1,1,1,1,1,0,169,2,12,1
593917,1,0,0,1,1,0,169,2,12,1
595485,1,0,0,1,1,0,169,2,12,1
596660,1,0,1,0,0,0,169,2,12,1
596730,1,1,0,0,0,0,169,2,12,1
598798,0,0,0,0,1,0,169,2,12,1
598852,0,1,1,0,1,0,169,2,12,1
599021,1,0,1,0,0,0,169,2,12,1
599093,0,0,0,0,1,0,169,2,12,1
599346,0,0,0,0,1,0,169,2,12,1
599413,0,0,1,1,0,0,169,2,12,1
600329,1,1,0,0,0,0,169,2,12,1
600526,0,0,0,0,1,0,169,2,12,1
601156,1,1,0,0,0,0,169,2,12,1
602341,1,0,1,0,0,0,169,2,12,1
603272,0,1,0,1,0,0,169,2,12,1
604358,0,0,0,0,1,0,169,2,12,1
605346,1,1,1,1,1,0,169,2,12,1
605512,0,1,0,1,0,0,169,2,12,1
606036,1,1,1,0,1,1,169,2,12,1
606515,1,1,1,1,1,0,169,2,12,1
607003,1,0,0,1,1,0,169,2,12,1
607255,0,1,0,1,0,0,169,2,12,1
608627,1,1,0,0,0,0,169,2,12,1
609186,0,1,0,1,0,0,169,2,12,1
609308,1,0,0,1,1,0,169,2,12,1
609485,0,0,0,0,1,0,169,2,12,1
609838,1,1,1,1,1,0,169,2,12,1
609908,1,0,0,1,1,0,169,2,12,1
610001,0,1,0,1,0,0,169,2,12,1
610482,1,0,1,0,0,0,169,2,12,1
612125,1,1,1,1,1,0,169,2,12,1
612469,1,0,0,1,1,0,169,2,12,1
613795,0,0,0,0,1,0,169,2,12,1
614326,0,0,1,1,0,0,169,2,12,1
616694,0,0,0,0,1,0,169,2,12,1
616711,0,0,0,0,1,0,169,2,12,1
616939,0,1,0,1,0,0,169,2,12,1
617696,1,1,0,0,0,0,169,2,12,1
617730,1,1,1,1,1,0,169,2,12,1
618296,0,0,1,1,0,0,169,2,12,1
619802,0,0,1,1,0,0,169,2,12,1
620816,0,0,1,1,0,0,169,2,12,1
620857,1,0,1,0,0,0,169,2,12,1
621054,0,0,1,1,0,0,169,2,12,1
622268,0,1,0,1,0,0,169,2,12,1
622312,0,0,0,0,1,0,169,2,12,1
622525,0,0,0,0,1,0,169,2,12,1
623457,1,0,1,0,0,0,169,2,12,1
624482,0,0,0,0,1,0,169,2,12,1
624687,0,1,0,1,0,0,169,2,12,1
626475,0,0,0,0,1,0,169,2,12,1
627334,0,1,0,1,0,0,169,2,12,1
629238,1,1,0,0,0,0,169,2,12,1
629270,0,1,1,0,1,0,169,2,12,1
631490,0,0,1,1,0,0,169,2,12,1
632050,1,1,1,1,1,0,169,2,12,1
632229,1,0,0,1,1,0,169,2,12,1
632343,0,1,0,1,0,0,169,2,12,1
632407,1,0,1,0,0,0,169,2,12,1
632417,0,1,1,0,1,0,169,2,12,1
632595,0,0,1,1,0,0,169,2,12,1
633397,1,0,0,1,1,0,169,2,12,1
634041,0,0,1,1,0,0,169,2,12,1
635368,0,1,1,0,1,0,169,2,12,1
635782,1,1,0,0,0,0,169,2,12,1
636373,0,0,0,0,1,0,169,2,12,1
636392,1,0,0,1,1,0,169,2,12,1
637120,1,0,1,0,0,0,169,2,12,1
637126,0,0,1,1,0,0,169,2,12,1
638200,0,0,0,0,1,0,169,2,12,1
639608,1,0,0,1,1,0,169,2,12,1
639890,0,0,0,0,1,0,169,2,12,1
640356,1,0,0,1,1,0,169,2,12,1
640538,0,1,1,0,1,0,169,2,12,1
641003,1,1,1,1,1,0,169,2,12,1
641067,0,0,1,1,0,0,169,2,12,1
641163,1,1,1,1,1,0,169,2,12,1
642610,0,1,1,0,1,0,169,2,12,1
643210,0,0,0,1,1,1,169,2,12,1
644812,1,0,0,1,1,0,169,2,12,1
645572,1,0,1,0,0,0,169,2,12,1
647523,0,0,0,0,1,0,169,2,12,1
647965,0,0,0,1,1,1,169,2,12,1
648042,1,1,0,0,0,0,169,2,12,1
648399,1,1,1,1,1,0,169,2,12,1
648646,1,1,0,0,0,0,169,2,12,1
648774,1,1,1,1,1,0,169,2,12,1
649565,0,1,0,1,0,0,169,2,12,1
650366,1,0,0,1,1,0,169,2,12,1
650441,1,1,0,0,0,0,169,2,12,1
650834,0,0,0,0,1,0,169,2,12,1
651120,0,0,0,0,1,0,169,2,12,1
651239,1,1,1,1,1,0,169,2,12,1
651442,1,1,1,1,1,0,169,2,12,1
651826,1,0,1,0,0,0,169,2,12,1
654610,1,0,1,0,0,0,169,2,12,1
654869,1,1,0,0,0,0,169,2,12,1
655634,1,1,1,1,1,0,167,2,12,1
656479,0,0,1,1,0,0,167,2,12,1
657802,1,1,1,1,1,0,167,2,12,1
659487,0,0,0,0,1,0,167,2,12,1
659964,1,1,1,1,1,0,167,2,12,1
660060,1,0,1,0,0,0,167,2,12,1
660194,0,1,0,1,0,0,167,2,12,1
660414,1,1,0,0,0,0,167,2,12,1
660615,1,1,0,0,0,0,167,2,12,1
660913,1,1,0,0,0,0,167,2,12,1
661008,0,0,0,0,1,0,167,2,12,1
661518,1,0,1,0,0,0,167,2,12,1
662122,0,0,1,1,0,0,167,2,12,1
663017,0,1,1,0,1,0,167,2,12,1
663352,0,1,0,1,0,0,167,2,12,1
663354,0,1,1,0,1,0,167,2,12,1
665101,1,1,1,1,1,0,167,2,12,1
665434,0,0,1,1,0,0,167,2,12,1
665645,1,0,1,0,0,0,167,2,12,1
668145,1,0,1,0,0,0,167,2,12,1
668158,1,1,1,1,1,0,167,2,12,1
668377,0,0,0,0,1,0,167,2,12,1
669769,0,0,1,1,0,0,167,2,12,1
670613,0,1,0,1,0,0,167,2,12,1
670750,1,0,1,0,0,0,167,2,12,1
671146,0,1,0,1,0,0,167,2,12,1
671277,1,0,1,0,0,0,167,2,12,1
671376,0,1,1,0,1,0,167,2,12,1
672077,1,1,0,0,0,0,167,2,12,1
673324,1,1,0,0,0,0,167,2,12,1
674982,0,1,1,0,1,0,167,2,12,1
675463,1,1,1,1,1,0,167,2,12,1
675649,0,0,1,1,0,0,167,2,12,1
676223,1,1,0,0,0,0,167,2,12,1
676989,1,0,1,0,0,0,167,2,12,1
677367,1,0,1,0,0,0,167,2,12,1
677521,1,0,0,1,1,0,167,2,12,1
677892,1,1,1,1,1,0,167,2,12,1
677934,0,1,1,0,1,0,167,2,12,1
678465,1,0,0,1,1,0,167,2,12,1
678763,0,0,1,1,0,0,167,2,12,1
679313,0,1,1,0,1,0,167,2,12,1
679436,0,0,0,0,1,0,167,2,12,1
679763,0,1,1,0,1,0,167,2,12,1
680237,1,1,1,1,1,0,167,2,12,1
680765,1,0,1,0,0,0,167,2,12,1
681786,0,0,1,1,0,0,167,2,12,1
682346,1,1,0,0,0,0,167,2,12,1
682515,0,0,0,0,1,0,167,2,12,1
683024,1,0,1,0,0,0,167,2,12,1
683126,1,1,0,0,0,0,167,2,12,1
683860,0,0,1,1,0,0,167,2,12,1
684612,0,0,0,0,1,0,167,2,12,1
685933,0,1,0,1,0,0,167,2,12,1
687205,0,0,0,0,1,0,167,2,12,1
687236,0,0,1,1,0,0,167,2,12,1
689453,0,1,1,0,1,0,167,2,12,1
689640,1,1,1,1,1,0,167,2,12,1
690674,1,1,0,0,0,0,167,2,12,1
692709,1,1,0,0,0,0,167,2,12,1
693148,0,0,0,0,1,0,167,2,12,1
694072,1,1,1,1,1,0,167,2,12,1
694078,1,0,0,1,1,0,167,2,12,1
694313,1,1,1,1,1,0,167,2,12,1
695943,1,1,1,1,1,0,167,2,12,1
696026,1,0,1,0,0,0,167,2,12,1
697282,0,0,0,0,1,0,167,2,12,1
699912,1,0,0,1,1,0,167,2,12,1
700115,0,0,0,0,1,0,167,2,12,1
700586,0,1,1,0,1,0,167,2,12,1
701029,0,1,1,0,1,0,167,2,12,1
701148,0,1,0,1,0,0,167,2,12,1
702401,0,1,1,0,1,0,167,2,12,1
703161,0,0,1,1,0,0,167,2,12,1
703979,1,1,1,1,1,0,167,2,12,1
705131,1,0,1,0,0,0,167,2,12,1
705754,0,1,0,1,0,0,167,2,12,1
707027,0,0,0,0,1,0,167,2,12,1
707165,1,0,1,0,0,0,167,2,12,1
708126,0,1,1,0,1,0,167,2,12,1
708289,0,0,0,1,1,1,167,2,12,1
708339,0,0,1,1,0,0,167,2,12,1
708597,1,1,1,1,1,0,167,2,12,1
709854,0,0,0,0,1,0,167,2,12,1
710287,1,1,1,1,1,0,167,2,12,1
711157,0,0,0,0,1,0,167,2,12,1
711872,0,1,1,0,1,0,167,2,12,1
712098,1,0,0,1,1,0,167,2,12,1
713180,0,1,0,1,0,0,167,2,12,1
713419,0,0,1,1,0,0,167,2,12,1
713425,0,1,0,1,0,0,167,2,12,1
713555,1,1,1,1,1,0,167,2,12,1
713806,1,0,1,0,0,0,167,2,12,1
714238,1,1,0,0,0,0,167,2,12,1
715018,1,1,0,0,0,0,167,2,12,1
715526,0,0,1,1,0,0,167,2,12,1
715892,1,1,1,1,1,0,167,2,12,1
715975,1,0,0,1,1,0,167,2,12,1
717357,1,1,1,1,1,0,167,2,12,1
718419,1,1,0,0,0,0,167,2,12,1
718447,1,0,0,1,1,0,167,2,12,1
719323,1,0,1,0,0,0,167,2,12,1
719424,0,1,1,0,1,0,167,2,12,1
719605,1,1,1,1,1,0,167,2,12,1
720008,1,0,0,1,1,0,167,2,12,1
723962,1,0,1,0,0,0,114,1,12,1
724686,1,1,0,0,0,0,114,1,12,1
726634,0,1,0,1,0,0,114,1,12,1
730916,0,0,1,1,0,0,114,1,12,1
732027,0,0,1,1,0,0,114,1,12,1
733581,0,0,1,0,0,0,114,1,12,1
734214,0,1,1,0,1,0,114,1,12,1
734560,0,1,0,1,0,0,114,1,12,1
734561,1,1,1,1,1,0,114,1,12,1
734567,0,1,1,0,1,0,114,1,12,1
734616,0,1,0,1,0,0,114,1,12,1
735556,0,1,1,0,1,0,114,1,12,1
735915,1,1,0,0,0,0,114,1,12,1
736973,1,0,0,1,1,0,114,1,12,1
737955,0,1,0,1,0,0,114,1,12,1
740026,1,0,1,0,0,0,114,1,12,1
740367,1,0,1,0,0,0,114,1,12,1
740597,0,0,0,0,1,0,114,1,12,1
741133,0,0,0,0,1,0,114,1,12,1
741381,1,0,0,1,1,0,114,1,12,1
741550,0,0,1,1,0,0,114,1,12,1
741923,0,1,1,0,1,0,114,1,12,1
742203,0,1,0,1,0,0,114,1,12,1
742327,1,0,0,1,1,0,114,1,12,1
742926,1,0,0,1,1,0,114,1,12,1
743092,1,0,0,1,1,0,114,1,12,1
744259,0,1,0,1,0,0,114,1,12,1
744687,0,0,0,0,1,0,114,1,12,1
747113,0,0,1,1,0,0,114,1,12,1
748048,1,1,0,0,0,0,114,1,12,1
748154,0,1,0,1,0,0,114,1,12,1
748443,1,1,1,1,1,0,114,1,12,1
749553,1,1,1,1,1,0,114,1,12,1
749833,0,0,0,0,1,0,114,1,12,1
751048,0,1,0,1,0,0,114,1,12,1
751319,0,0,1,1,0,0,114,1,12,1
753579,0,0,0,0,1,0,114,1,12,1
753780,1,0,0,1,1,0,114,1,12,1
755384,1,0,0,1,1,0,114,1,12,1
755857,1,1,0,0,0,0,114,1,12,1
757642,1,1,0,0,0,0,114,1,12,1
758556,0,1,1,0,1,0,114,1,12,1
758966,0,1,1,0,1,0,114,1,12,1
760071,0,0,0,0,1,0,114,1,12,1
760360,0,0,0,0,1,0,114,1,12,1
761817,1,1,1,1,1,0,114,1,12,1
762148,1,0,0,1,1,0,114,1,12,1
762691,1,1,0,1,0,0,114,1,12,1
763813,1,1,1,1,1,0,114,1,12,1
763982,1,0,0,1,1,0,114,1,12,1
764708,0,0,1,1,0,0,114,1,12,1
765007,1,1,0,0,0,0,114,1,12,1
765371,0,0,1,1,0,0,114,1,12,1
765772,0,0,0,0,1,0,114,1,12,1
768031,1,0,1,0,0,0,114,1,12,1
768725,1,0,0,1,1,0,114,1,12,1
770737,0,0,1,1,0,0,114,1,12,1
772050,0,0,1,1,0,0,114,1,12,1
772414,1,1,0,0,0,0,114,1,12,1
773387,0,0,0,0,1,0,114,1,12,1
775983,1,0,1,0,0,0,114,1,12,1
776520,1,1,0,1,0,0,114,1,12,1
776521,0,0,1,1,0,0,114,1,12,1
776775,1,0,1,0,0,0,114,1,12,1
776950,1,0,0,1,1,0,114,1,12,1
777606,1,0,1,1,0,0,114,1,12,1
778667,0,0,0,0,1,0,114,1,12,1
779123,0,1,0,1,0,0,114,1,12,1
780324,1,0,1,0,0,0,114,1,12,1
780516,1,0,1,0,0,0,114,1,12,1
781173,0,1,0,1,0,0,114,1,12,1
781952,0,0,1,1,0,0,114,1,12,1
782149,1,0,1,0,0,0,114,1,12,1
784898,1,0,1,0,0,0,114,1,12,1
785428,1,1,0,0,0,0,114,1,12,1
785775,0,0,0,0,1,0,114,1,12,1
785950,1,0,0,1,1,0,114,1,12,1
786100,0,0,1,1,0,0,114,1,12,1
788929,1,1,0,0,0,0,207,1,9,1
789499,1,1,0,0,0,0,207,1,9,1
789599,0,0,1,1,0,0,207,1,9,1
789638,1,1,1,1,1,0,207,1,9,1
789704,1,0,1,1,0,0,207,1,9,1
790135,0,1,0,1,0,0,207,1,9,1
792257,1,1,0,0,0,0,207,1,9,1
793791,0,0,1,1,0,0,207,1,9,1
794547,1,1,0,0,0,0,207,1,9,1
794576,1,0,1,0,0,0,207,1,9,1
795318,0,1,1,0,1,0,207,1,9,1
795986,0,1,0,1,0,0,207,1,9,1
796787,1,1,0,0,0,0,207,1,9,1
798406,1,1,0,0,0,0,207,1,9,1
798465,0,1,1,0,1,0,207,1,9,1
799068,1,1,1,1,1,0,207,1,9,1
799198,1,1,1,1,1,0,207,1,9,1
799609,1,0,1,0,0,0,207,1,9,1
800116,0,0,1,1,0,0,207,1,9,1
800552,1,1,0,0,0,0,207,1,9,1
802262,1,1,1,1,1,0,207,1,9,1
802346,0,1,1,0,1,0,207,1,9,1
803184,1,0,1,0,0,0,207,1,9,1
803636,0,0,1,1,0,0,207,1,9,1
803981,1,1,0,0,0,0,207,1,9,1
805783,0,1,0,1,0,0,207,1,9,1
807156,0,1,1,0,1,0,207,1,9,1
808236,0,1,1,0,1,0,207,1,9,1
809426,0,1,1,0,1,0,207,1,9,1
810146,0,0,0,0,1,0,207,1,9,1
810200,1,0,1,0,0,0,207,1,9,1
810873,0,0,1,1,0,0,207,1,9,1
811286,0,0,1,1,0,0,207,1,9,1
811390,1,0,0,1,1,0,207,1,9,1
812583,1,0,1,0,0,0,207,1,9,1
812798,0,0,0,0,1,0,207,1,9,1
813519,1,0,0,1,1,0,207,1,9,1
814107,0,0,1,1,0,0,207,1,9,1
814308,1,0,1,0,0,0,207,1,9,1
816118,1,1,1,1,1,0,207,1,9,1
816349,0,1,0,1,0,0,207,1,9,1
816769,1,0,1,0,0,0,207,1,9,1
817847,1,0,0,1,1,0,207,1,9,1
818046,0,1,0,1,0,0,207,1,9,1
819123,0,1,0,1,0,0,207,1,9,1
819662,1,1,0,0,0,0,207,1,9,1
820238,0,1,0,1,0,0,207,1,9,1
820337,1,1,0,0,0,0,207,1,9,1
821857,0,0,0,0,1,0,207,1,9,1
822006,0,0,0,0,1,0,207,1,9,1
822149,0,0,1,1,0,0,207,1,9,1
822675,1,0,1,0,0,0,207,1,9,1
823958,0,1,0,1,0,0,207,1,9,1
824238,1,1,0,0,0,0,207,1,9,1
824393,1,0,1,0,0,0,207,1,9,1
826484,1,0,0,1,1,0,207,1,9,1
827548,1,1,1,1,1,0,207,1,9,1
828529,0,1,0,1,0,0,207,1,9,1
828817,1,1,0,0,0,0,207,1,9,1
829514,1,0,0,0,1,1,207,1,9,1
830036,0,1,1,0,1,0,207,1,9,1
830735,1,1,1,1,1,0,207,1,9,1
832846,1,1,1,1,1,0,207,1,9,1
833480,0,1,0,1,0,0,207,1,9,1
833655,1,1,1,1,1,0,207,1,9,1
834251,1,1,1,1,1,0,207,1,9,1
836921,1,0,0,1,1,0,207,1,9,1
837294,1,0,0,1,1,0,207,1,9,1
837592,1,0,0,1,1,0,207,1,9,1
837651,1,1,1,1,1,0,207,1,9,1
837722,0,1,1,0,1,0,207,1,9,1
837911,0,0,0,0,1,0,207,1,9,1
837958,1,0,0,1,1,0,207,1,9,1
839086,1,1,1,1,1,0,207,1,9,1
839687,0,0,1,1,0,0,207,1,9,1
839914,1,1,1,1,1,0,207,1,9,1
841365,1,0,1,0,0,0,207,1,9,1
841542,0,0,1,1,0,0,207,1,9,1
843530,1,1,0,0,0,0,207,1,9,1
845093,1,0,0,1,1,0,207,1,9,1
845219,1,0,0,1,1,0,207,1,9,1
845947,0,1,1,0,1,0,207,1,9,1
846223,1,0,0,1,1,0,207,1,9,1
846391,1,0,0,1,1,0,207,1,9,1
846424,1,1,1,1,1,0,207,1,9,1
846606,0,0,1,1,0,0,207,1,9,1
848914,0,1,0,1,0,0,207,1,9,1
851320,1,0,1,0,0,0,207,1,9,1
851726,1,0,1,0,0,0,207,1,9,1
852511,1,0,1,0,0,0,214,1,9,1
853125,0,0,0,0,1,0,214,1,9,1
853595,1,1,0,0,0,0,214,1,9,1
853882,0,0,1,1,0,0,214,1,9,1
854847,1,1,0,0,0,0,214,1,9,1
855265,1,1,0,0,0,0,214,1,9,1
855597,0,0,0,0,1,0,214,1,9,1
855606,0,1,0,1,0,0,214,1,9,1
855754,1,0,1,0,0,0,214,1,9,1
855941,0,0,0,1,1,1,214,1,9,1
856856,1,1,0,0,0,0,214,1,9,1
857156,1,1,1,0,1,1,214,1,9,1
857421,1,0,1,0,0,0,214,1,9,1
857664,0,0,0,0,1,0,214,1,9,1
858376,0,0,0,0,1,0,214,1,9,1
859181,0,1,0,0,0,0,214,1,9,1
860389,1,0,1,0,0,0,214,1,9,1
860639,1,0,0,1,1,0,214,1,9,1
860688,0,0,1,1,0,0,214,1,9,1
863569,0,1,1,0,1,0,214,1,9,1
864569,1,1,0,0,0,0,214,1,9,1
865509,1,1,1,1,1,0,214,1,9,1
867514,1,1,0,0,0,0,214,1,9,1
867704,0,1,1,0,1,0,214,1,9,1
869589,1,0,0,1,1,0,214,1,9,1
869591,1,0,0,1,1,0,214,1,9,1
870694,0,1,0,1,0,0,214,1,9,1
871024,1,0,1,0,0,0,214,1,9,1
871058,0,0,1,1,0,0,214,1,9,1
873415,0,0,0,0,1,0,214,1,9,1
873486,0,0,0,0,1,0,214,1,9,1
873549,0,1,1,0,1,0,214,1,9,1
874322,1,1,0,0,0,0,214,1,9,1
876258,0,1,0,1,0,0,214,1,9,1
876389,1,0,0,1,1,0,214,1,9,1
876587,0,0,1,1,0,0,214,1,9,1
877047,0,0,1,0,0,0,214,1,9,1
877137,1,0,0,1,1,0,214,1,9,1
877374,0,0,0,0,1,0,214,1,9,1
878366,1,0,1,0,0,0,214,1,9,1
879433,0,0,1,1,0,0,214,1,9,1
880642,1,0,0,1,1,0,214,1,9,1
881501,0,1,0,1,0,0,214,1,9,1
883659,0,0,1,1,0,0,214,1,9,1
884335,1,1,1,1,1,0,214,1,9,1
884544,0,0,1,1,0,0,214,1,9,1
886282,1,1,0,0,0,0,214,1,9,1
887430,1,0,1,0,0,0,214,1,9,1
887554,1,1,0,0,0,0,214,1,9,1
887600,1,1,0,0,0,0,214,1,9,1
888027,1,1,0,0,0,0,214,1,9,1
888497,0,0,1,1,0,0,214,1,9,1
888520,0,0,1,1,0,0,214,1,9,1
889621,1,1,1,1,1,0,214,1,9,1
889664,0,0,0,1,1,1,214,1,9,1
890609,1,0,0,1,1,0,214,1,9,1
892091,0,1,0,1,0,0,214,1,9,1
892498,1,1,0,0,0,0,214,1,9,1
893408,1,1,0,0,0,0,214,1,9,1
894356,0,0,0,0,1,0,214,1,9,1
894464,1,0,0,1,1,0,214,1,9,1
894863,1,1,1,1,1,0,214,1,9,1
894867,0,0,0,0,1,0,214,1,9,1
895386,1,1,0,0,0,0,214,1,9,1
895934,1,1,1,1,1,0,214,1,9,1
896531,1,0,0,1,1,0,214,1,9,1
899116,0,0,1,1,0,0,214,1,9,1
899992,0,0,0,0,1,0,214,1,9,1
900052,0,1,1,0,1,0,214,1,9,1
900407,1,0,1,0,0,0,214,1,9,1
900717,0,0,1,1,0,0,214,1,9,1
902090,0,0,1,1,0,0,214,1,9,1
902292,0,1,0,1,0,0,214,1,9,1
902330,0,1,1,0,1,0,214,1,9,1
905696,1,0,1,0,0,0,214,1,9,1
905859,0,1,1,0,1,0,214,1,9,1
906127,1,1,1,1,1,0,214,1,9,1
906197,1,1,1,1,1,0,214,1,9,1
907661,1,0,0,1,1,0,214,1,9,1
909049,1,0,1,0,0,0,214,1,9,1
909176,1,1,0,0,0,0,214,1,9,1
909244,1,1,1,1,1,0,214,1,9,1
910663,1,1,1,1,1,0,214,1,9,1
910940,1,0,0,1,1,0,214,1,9,1
911630,1,1,0,0,0,0,214,1,9,1
911885,1,0,0,1,1,0,214,1,9,1
911974,1,1,0,0,0,0,214,1,9,1
912286,0,0,0,0,1,0,214,1,9,1
914199,0,1,0,1,0,0,214,1,9,1
914275,0,1,1,0,1,0,214,1,9,1
914685,1,0,0,1,1,0,214,1,9,1
916545,0,0,0,0,1,0,214,1,9,1
917247,0,1,1,0,1,0,214,1,9,1
928201,1,0,1,0,0,0,52,1,9,1
928835,0,0,1,1,0,0,52,1,9,1
931794,0,1,1,0,1,0,52,1,9,1
932152,1,1,0,0,0,0,52,1,9,1
934234,0,0,1,1,0,0,52,1,9,1
935743,0,0,0,0,1,0,52,1,9,1
937090,1,1,1,1,1,0,52,1,9,1
938495,1,0,1,1,0,0,52,1,9,1
938560,0,1,1,1,1,1,52,1,9,1
942351,0,0,1,1,0,0,52,1,9,1
944316,0,0,1,1,0,0,52,1,9,1
944691,1,0,0,1,1,0,52,1,9,1
945409,0,1,1,1,1,1,52,1,9,1
945860,0,1,0,1,0,0,52,1,9,1
946990,0,0,0,0,1,0,52,1,9,1
947595,0,0,1,1,0,0,52,1,9,1
947610,0,0,0,0,1,0,52,1,9,1
949710,0,1,1,0,1,0,52,1,9,1
950227,0,0,1,1,0,0,52,1,9,1
953893,0,1,1,0,1,0,52,1,9,1
957775,0,0,0,0,1,0,52,1,9,1
959125,0,1,1,0,1,0,52,1,9,1
960046,1,1,0,0,0,0,52,1,9,1
960932,0,1,0,1,0,0,52,1,9,1
960995,0,0,0,0,1,0,52,1,9,1
962723,0,1,0,0,0,0,52,1,9,1
967628,1,0,1,0,0,0,52,1,9,1
967849,0,1,1,0,1,0,52,1,9,1
968741,0,1,1,0,1,0,52,1,9,1
972438,1,0,0,1,1,0,52,1,9,1
973233,0,1,0,1,0,0,52,1,9,1
977815,1,1,0,1,0,0,52,1,9,1
977823,0,1,0,1,0,0,52,1,9,1
978470,1,0,0,1,1,0,52,1,9,1
983316,1,1,1,1,1,0,91,2,9,1
983477,1,0,1,0,0,0,91,2,9,1
986545,0,0,0,0,1,0,91,2,9,1
990621,0,1,1,0,1,0,91,2,9,1
992163,0,0,1,1,0,0,91,2,9,1
992179,0,1,1,0,1,0,91,2,9,1
993946,1,1,0,0,0,0,91,2,9,1
996018,0,0,1,1,0,0,91,2,9,1
998490,1,0,0,1,1,0,91,2,9,1
998604,1,1,1,1,1,0,91,2,9,1
999245,0,1,1,0,1,0,91,2,9,1
1000159,0,0,0,0,1,0,91,2,9,1
1000935,1,1,1,1,1,0,91,2,9,1
1001257,0,1,1,0,1,0,91,2,9,1
1001400,1,0,1,0,0,0,91,2,9,1
1002112,0,1,1,0,1,0,91,2,9,1
1002975,0,0,0,0,1,0,91,2,9,1
1003249,1,1,0,0,0,0,91,2,9,1
1003787,1,0,0,1,1,0,91,2,9,1
1005081,0,1,0,1,0,0,91,2,9,1
1005388,1,0,0,1,1,0,91,2,9,1
1006686,1,0,1,0,0,0,91,2,9,1
1008415,1,0,1,0,0,0,91,2,9,1
1008806,0,0,1,1,0,0,91,2,9,1
1010432,0,0,1,1,0,0,91,2,9,1
1011531,0,0,0,0,1,0,91,2,9,1
1011787,0,1,0,1,0,0,91,2,9,1
1014507,0,0,0,0,1,0,91,2,9,1
1014521,0,0,0,0,1,0,91,2,9,1
1014722,1,1,0,0,0,0,91,2,9,1
1015149,1,0,0,1,1,0,91,2,9,1
1015167,0,1,0,1,0,0,91,2,9,1
1015940,0,0,1,1,0,0,91,2,9,1
1017474,1,0,1,0,0,0,91,2,9,1
1018037,0,0,0,0,1,0,91,2,9,1
1018346,1,1,0,0,0,0,91,2,9,1
1021470,1,1,1,1,1,0,91,2,9,1
1024271,0,0,1,0,0,0,91,2,9,1
1025824,0,0,0,0,1,0,91,2,9,1
1027335,0,1,1,0,1,0,91,2,9,1
1028630,0,0,0,0,1,0,91,2,9,1
1030182,1,1,1,1,1,0,91,2,9,1
1033925,0,1,1,0,1,0,91,2,9,1
1036004,0,0,1,1,0,0,91,2,9,1
1036224,1,1,0,1,0,0,91,2,9,1
1036988,0,1,1,0,1,0,91,2,9,1
1039480,1,0,0,1,1,0,91,2,9,1
1041478,0,0,0,0,1,0,91,2,9,1
1042885,1,0,0,1,1,0,91,2,9,1
1043143,1,0,1,0,0,0,91,2,9,1
1043841,1,1,0,0,0,0,91,2,9,1
1044466,1,1,0,0,0,0,91,2,9,1
1045746,0,0,1,1,0,0,91,2,9,1
1047372,1,0,0,1,1,0,91,2,9,1
1047647,1,0,1,0,0,0,91,2,9,1
1048667,1,0,1,0,0,0,137,2,12,1
1049578,0,1,0,1,0,0,137,2,12,1
1049742,0,0,0,0,1,0,137,2,12,1
1049838,1,0,1,0,0,0,137,2,12,1
1051079,0,0,1,1,0,0,137,2,12,1
1051302,0,0,1,1,0,0,137,2,12,1
1051664,0,0,1,1,0,0,137,2,12,1
1052250,1,0,0,1,1,0,137,2,12,1
1054347,1,0,1,0,0,0,137,2,12,1
1054621,1,0,1,0,0,0,137,2,12,1
1055138,1,1,1,1,1,0,137,2,12,1
1055365,1,1,0,0,0,0,137,2,12,1
1055726,1,0,1,0,0,0,137,2,12,1
1055916,0,1,0,1,0,0,137,2,12,1
1055951,0,0,0,0,1,0,137,2,12,1
1056196,0,0,1,1,0,0,137,2,12,1
1057665,1,1,1,1,1,0,137,2,12,1
1058089,0,0,0,0,1,0,137,2,12,1
1059345,1,0,0,1,1,0,137,2,12,1
1059694,0,1,0,1,0,0,137,2,12,1
1061010,0,0,0,0,1,0,137,2,12,1
1061553,0,0,0,0,1,0,137,2,12,1
1062413,0,1,0,1,0,0,137,2,12,1
1064946,1,0,0,1,1,0,137,2,12,1
1066348,0,1,0,1,0,0,137,2,12,1
1066720,1,0,1,0,0,0,137,2,12,1
1067060,0,1,1,0,1,0,137,2,12,1
1068763,1,1,1,1,1,0,137,2,12,1
1069393,0,0,0,0,1,0,137,2,12,1
1073506,0,1,0,1,0,0,137,2,12,1
1073636,0,1,0,1,0,0,137,2,12,1
1073714,1,0,0,1,1,0,137,2,12,1
1074198,0,0,0,0,1,0,137,2,12,1
1074310,0,0,1,1,0,0,137,2,12,1
1074862,1,1,1,1,1,0,137,2,12,1
1076528,1,0,0,1,1,0,137,2,12,1
1077318,1,1,0,0,0,0,137,2,12,1
1077776,0,0,0,0,1,0,137,2,12,1
1078772,1,0,0,0,1,1,137,2,12,1
1079590,1,0,1,0,0,0,137,2,12,1
1080339,1,1,1,1,1,0,137,2,12,1
1081130,0,0,1,1,0,0,137,2,12,1
1082712,1,1,0,0,0,0,137,2,12,1
1083209,1,0,0,1,1,0,137,2,12,1
1084249,1,0,1,0,0,0,137,2,12,1
1085778,0,0,1,1,0,0,137,2,12,1
1087990,0,1,1,0,1,0,137,2,12,1
1089046,0,0,0,0,1,0,137,2,12,1
1090131,0,0,0,0,1,0,137,2,12,1
1091141,1,1,0,0,0,0,137,2,12,1
1091313,0,1,1,0,1,0,137,2,12,1
1092485,1,1,1,1,1,0,137,2,12,1
1092587,1,0,0,1,1,0,137,2,12,1
1094818,1,0,0,1,1,0,137,2,12,1
1095100,1,0,1,0,0,0,137,2,12,1
1095219,0,1,0,1,0,0,137,2,12,1
1095651,0,0,0,0,1,0,137,2,12,1
1095905,1,0,0,1,1,0,137,2,12,1
1097060,0,0,1,1,0,0,137,2,12,1
1097350,0,1,1,0,1,0,137,2,12,1
1098499,1,0,1,0,0,0,137,2,12,1
1100580,0,0,0,0,1,0,137,2,12,1
1106280,0,0,1,1,0,0,137,2,12,1
1108552,0,1,0,1,0,0,137,2,12,1
1108801,1,1,0,0,0,0,137,2,12,1
1109212,1,1,1,1,1,0,137,2,12,1
1109888,0,0,1,1,0,0,137,2,12,1
1110547,0,0,0,0,1,0,137,2,12,1
1111319,1,0,0,1,1,0,137,2,12,1
1113837,0,0,1,1,0,0,137,2,12,1
1113867,0,0,1,1,0,0,137,2,12,1
1116334,1,1,1,1,1,0,96,2,12,1
1117421,1,0,1,0,0,0,96,2,12,1
1118696,0,0,1,0,0,0,96,2,12,1
1120343,1,0,1,0,0,0,96,2,12,1
1120470,0,0,1,1,0,0,96,2,12,1
1121173,0,0,1,1,0,0,96,2,12,1
1122475,1,0,1,0,0,0,96,2,12,1
1124199,1,0,1,0,0,0,96,2,12,1
1126071,1,0,1,0,0,0,96,2,12,1
1126191,0,1,1,0,1,0,96,2,12,1
1129940,0,1,0,1,0,0,96,2,12,1
1130562,0,1,1,0,1,0,96,2,12,1
1131355,1,1,1,1,1,0,96,2,12,1
1140040,0,1,0,1,0,0,96,2,12,1
1140695,1,1,1,1,1,0,96,2,12,1
1140825,0,0,0,0,1,0,96,2,12,1
1140962,0,0,0,0,1,0,96,2,12,1
1141569,0,0,1,1,0,0,96,2,12,1
1143426,1,1,0,0,0,0,96,2,12,1
1143475,1,1,0,0,0,0,96,2,12,1
1144980,0,0,0,0,1,0,96,2,12,1
1145567,1,1,0,0,0,0,96,2,12,1
1147791,0,0,0,0,1,0,96,2,12,1
1147802,1,1,1,1,1,0,96,2,12,1
1148507,0,0,0,0,1,0,96,2,12,1
1149767,1,0,0,1,1,0,96,2,12,1
1152970,0,1,0,1,0,0,96,2,12,1
1153251,0,0,0,0,1,0,96,2,12,1
1153320,0,1,0,1,0,0,96,2,12,1
1154857,0,1,0,1,0,0,96,2,12,1
1155456,0,0,0,0,1,0,96,2,12,1
1155788,0,1,1,1,1,1,96,2,12,1
1157731,0,1,1,0,1,0,96,2,12,1
1158214,0,1,1,0,1,0,96,2,12,1
1158674,0,1,0,1,0,0,96,2,12,1
1161675,1,0,1,0,0,0,96,2,12,1
1163106,1,1,0,0,0,0,96,2,12,1
1163961,0,0,1,1,0,0,96,2,12,1
1166370,1,0,1,0,0,0,96,2,12,1
1170107,0,0,0,0,1,0,96,2,12,1
1171041,1,1,0,0,0,0,96,2,12,1
1172190,1,1,0,0,0,0,96,2,12,1
1172604,0,1,0,1,0,0,96,2,12,1
1172662,0,1,0,1,0,0,96,2,12,1
1175859,1,0,0,0,1,1,96,2,12,1
1180179,0,0,1,1,0,0,255,2,12,1
1180726,0,0,1,1,0,0,255,2,12,1
1180782,1,0,0,1,1,0,255,2,12,1
1180789,1,1,0,0,0,0,255,2,12,1
1181026,0,1,1,0,1,0,255,2,12,1
1181063,1,0,1,0,0,0,255,2,12,1
1181220,1,1,1,1,1,0,255,2,12,1
1181783,1,1,1,1,1,0,255,2,12,1
1182549,0,0,0,0,1,0,255,2,12,1
1182577,0,0,1,1,0,0,255,2,12,1
1183016,0,1,0,1,0,0,255,2,12,1
1183162,0,1,0,1,0,0,255,2,12,1
1183371,1,0,0,1,1,0,255,2,12,1
1183992,1,1,1,1,1,0,255,2,12,1
1184348,1,0,1,0,0,0,255,2,12,1
1184357,1,0,0,1,1,0,255,2,12,1
1185056,1,0,0,1,1,0,255,2,12,1
1185093,0,0,1,1,0,0,255,2,12,1
1186543,0,1,1,0,1,0,255,2,12,1
1187068,0,0,0,0,1,0,255,2,12,1
1187209,0,0,1,1,0,0,255,2,12,1
1188121,1,1,0,0,0,0,255,2,12,1
1188654,0,1,1,0,1,0,255,2,12,1
1188842,1,1,0,0,0,0,255,2,12,1
1189324,0,0,0,0,1,0,255,2,12,1
1190111,1,0,1,0,0,0,255,2,12,1
1190401,0,1,1,0,1,0,255,2,12,1
1190814,1,0,1,0,0,0,255,2,12,1
1191209,1,1,0,0,0,0,255,2,12,1
1191660,1,1,0,0,0,0,255,2,12,1
1192804,0,1,1,0,1,0,255,2,12,1
1193717,1,0,1,0,0,0,255,2,12,1
1193792,1,1,1,1,1,0,255,2,12,1
1194169,1,1,0,0,0,0,255,2,12,1
1194372,1,0,0,1,1,0,255,2,12,1
1194740,1,0,0,1,1,0,255,2,12,1
1195005,0,0,1,1,0,0,255,2,12,1
1195467,1,0,0,1,1,0,255,2,12,1
1195931,0,1,1,0,1,0,255,2,12,1
1196344,1,1,0,0,0,0,255,2,12,1
1196580,1,0,1,0,0,0,255,2,12,1
1196833,0,0,1,1,0,0,255,2,12,1
1196983,1,1,0,0,0,0,255,2,12,1
1197614,0,1,0,1,0,0,255,2,12,1
1197796,0,1,1,0,1,0,255,2,12,1
1197928,0,0,0,0,1,0,255,2,12,1
1198573,1,1,1,1,1,0,255,2,12,1
1198760,0,0,0,0,1,0,255,2,12,1
1200273,0,0,0,0,1,0,255,2,12,1
1200856,0,0,1,1,0,0,255,2,12,1
1201341,1,1,1,1,1,0,255,2,12,1
1202064,0,0,1,1,0,0,255,2,12,1
1202323,0,0,1,1,0,0,255,2,12,1
1202392,1,0,1,0,0,0,255,2,12,1
1202491,0,1,1,0,1,0,255,2,12,1
1202513,0,1,1,0,1,0,255,2,12,1
1203027,1,0,1,0,0,0,255,2,12,1
1203212,1,0,1,0,0,0,255,2,12,1
1203518,0,1,1,0,1,0,255,2,12,1
1204028,1,0,0,1,1,0,255,2,12,1
1204153,0,1,0,1,0,0,255,2,12,1
1204782,1,0,1,0,0,0,255,2,12,1
1205074,1,1,0,1,0,0,255,2,12,1
1205149,0,0,1,1,0,0,255,2,12,1
1205159,1,0,1,0,0,0,255,2,12,1
1205667,0,1,0,1,0,0,255,2,12,1
1206570,1,0,1,0,0,0,255,2,12,1
1206671,1,1,0,0,0,0,255,2,12,1
1207375,0,1,0,1,0,0,255,2,12,1
1207451,1,0,0,0,1,1,255,2,12,1
1207673,0,0,0,0,1,0,255,2,12,1
1207683,1,0,0,1,1,0,255,2,12,1
1207769,1,0,1,0,0,0,255,2,12,1
1207774,0,0,0,1,1,1,255,2,12,1
1208133,1,1,0,0,0,0,255,2,12,1
1208708,1,1,0,0,0,0,255,2,12,1
1208724,1,1,0,0,0,0,255,2,12,1
1208978,1,0,1,0,0,0,255,2,12,1
1209295,1,0,1,0,0,0,255,2,12,1
1209326,0,0,1,1,0,0,255,2,12,1
1210221,1,1,1,1,1,0,255,2,12,1
1210535,0,1,1,0,1,0,255,2,12,1
1210607,0,0,1,1,0,0,255,2,12,1
1210660,1,0,1,0,0,0,255,2,12,1
1212045,0,1,0,1,0,0,255,2,12,1
1212136,1,1,1,1,1,0,255,2,12,1
1212521,1,1,0,0,0,0,255,2,12,1
1212777,0,1,0,1,0,0,255,2,12,1
1213185,0,0,0,0,1,0,255,2,12,1
1213780,1,1,1,1,1,0,255,2,12,1
1214605,0,1,0,1,0,0,255,2,12,1
1214830,0,0,1,0,0,0,255,2,12,1
1215021,1,1,1,1,1,0,255,2,12,1
1216208,1,1,1,1,1,0,255,2,12,1
1216702,1,0,1,0,0,0,255,2,12,1
1217549,1,0,0,1,1,0,255,2,12,1
1217640,0,0,1,1,0,0,255,2,12,1
1217853,1,1,1,1,1,0,255,2,12,1
1218044,1,0,0,1,1,0,255,2,12,1
1218118,1,0,1,0,0,0,255,2,12,1
1219164,1,1,1,1,1,0,255,2,12,1
1219208,1,0,1,0,0,0,255,2,12,1
1219231,1,1,0,0,0,0,255,2,12,1
1219460,1,1,1,1,1,0,255,2,12,1
1219557,1,1,1,1,1,0,255,2,12,1
1220678,1,0,0,1,1,0,255,2,12,1
1221068,0,1,1,0,1,0,255,2,12,1
1221143,0,0,0,0,1,0,255,2,12,1
1221197,0,0,0,0,1,0,255,2,12,1
1221825,0,1,1,0,1,0,255,2,12,1
1221933,1,0,1,0,0,0,255,2,12,1
1222282,1,1,1,1,1,0,255,2,12,1
1222351,0,1,0,1,0,0,255,2,12,1
1223701,0,1,1,0,1,0,255,2,12,1
1223863,0,1,0,1,0,0,255,2,12,1
1224119,1,1,1,1,1,0,255,2,12,1
1224188,0,1,0,1,0,0,255,2,12,1
1225109,0,1,1,0,1,0,255,2,12,1
1226112,1,0,0,1,1,0,255,2,12,1
1226233,0,1,0,1,0,0,255,2,12,1
1226450,1,1,1,1,1,0,255,2,12,1
1226853,1,1,0,0,0,0,255,2,12,1
1227013,1,0,1,0,0,0,255,2,12,1
1227347,0,0,1,1,0,0,255,2,12,1
1227812,0,0,1,1,0,0,255,2,12,1
1227869,1,0,1,0,0,0,255,2,12,1
1228289,1,1,0,0,0,0,255,2,12,1
1229013,0,1,1,0,1,0,255,2,12,1
1229262,0,1,1,0,1,0,255,2,12,1
1229505,0,0,1,1,0,0,255,2,12,1
1230301,0,1,1,0,1,0,255,2,12,1
1230745,1,1,0,0,0,0,255,2,12,1
1230877,0,0,1,1,0,0,255,2,12,1
1230987,0,0,0,0,1,0,255,2,12,1
1231120,1,1,1,1,1,0,255,2,12,1
1231139,1,1,0,0,0,0,255,2,12,1
1231220,0,1,1,0,1,0,255,2,12,1
1231702,1,1,0,0,0,0,255,2,12,1
1231823,1,1,1,1,1,0,255,2,12,1
1231932,0,0,1,1,0,0,255,2,12,1
1232054,1,1,0,0,0,0,255,2,12,1
1232100,0,0,0,1,1,1,255,2,12,1
1232353,0,1,0,1,0,0,255,2,12,1
1232470,0,0,0,0,1,0,255,2,12,1
1232764,1,1,1,1,1,0,255,2,12,1
1232922,1,0,0,1,1,0,255,2,12,1
1233007,1,0,0,1,1,0,255,2,12,1
1233051,1,1,1,1,1,0,255,2,12,1
1233735,0,0,0,0,1,0,255,2,12,1
1234322,0,0,1,1,0,0,255,2,12,1
1234438,0,1,0,1,0,0,255,2,12,1
1235021,1,1,0,0,0,0,255,2,12,1
1235109,1,0,1,0,0,0,255,2,12,1
1235172,1,0,1,0,0,0,255,2,12,1
1235256,0,1,0,1,0,0,255,2,12,1
1235351,0,1,0,1,0,0,255,2,12,1
1235425,1,0,0,1,1,0,255,2,12,1
1235581,1,1,0,0,0,0,255,2,12,1
1235809,0,0,1,1,0,0,255,2,12,1
1236255,1,0,1,0,0,0,255,2,12,1
1236835,1,0,1,0,0,0,255,2,12,1
1236917,0,1,0,1,0,0,255,2,12,1
1237310,1,0,0,1,1,0,255,2,12,1
1237931,0,1,1,0,1,0,255,2,12,1
1238156,0,1,0,1,0,0,255,2,12,1
1238490,0,0,0,0,1,0,255,2,12,1
1238969,1,1,1,1,1,0,255,2,12,1
1239113,1,1,1,1,1,0,255,2,12,1
1239614,0,0,1,1,0,0,255,2,12,1
1240017,1,1,1,1,1,0,255,2,12,1
1240075,0,0,1,1,0,0,255,2,12,1
1240201,1,0,0,1,1,0,255,2,12,1
1240260,1,1,1,1,1,0,255,2,12,1
1240281,1,0,1,0,0,0,255,2,12,1
1240455,0,0,0,0,1,0,255,2,12,1
1241205,1,1,1,1,1,0,255,2,12,1
1241384,1,1,1,1,1,0,255,2,12,1
1242761,0,1,1,0,1,0,255,2,12,1
1243067,1,1,1,1,1,0,255,2,12,1
1243373,1,0,1,0,0,0,255,2,12,1
1243546,0,1,1,0,1,0,255,2,12,1
1243763,0,1,0,1,0,0,255,2,12,1
1243767,0,0,1,1,0,0,255,2,12,1
1243939,1,1,0,0,0,0,255,2,12,1
1244589,0,1,1,0,1,0,255,2,12,1
1247009,1,1,1,1,1,0,145,2,12,1
1247466,1,1,0,0,0,0,145,2,12,1
1247768,1,1,0,0,0,0,145,2,12,1
1247826,1,0,1,0,0,0,145,2,12,1
1248244,0,0,1,1,0,0,145,2,12,1
1249383,1,0,1,0,0,0,145,2,12,1
1250353,1,0,0,1,1,0,145,2,12,1
1250671,1,0,1,0,0,0,145,2,12,1
1251590,1,0,1,0,0,0,145,2,12,1
1252047,1,1,1,1,1,0,145,2,12,1
1252149,0,0,1,1,0,0,145,2,12,1
1252632,1,0,1,1,0,0,145,2,12,1
1254016,0,1,0,1,0,0,145,2,12,1
1254492,0,1,0,1,0,0,145,2,12,1
1255375,1,1,1,1,1,0,145,2,12,1
1255455,0,0,0,0,1,0,145,2,12,1
1255633,0,0,1,1,0,0,145,2,12,1
1255938,0,0,0,0,1,0,145,2,12,1
1256157,1,0,1,0,0,0,145,2,12,1
1256386,1,0,1,0,0,0,145,2,12,1
1256407,0,1,1,0,1,0,145,2,12,1
1257110,1,0,0,1,1,0,145,2,12,1
1257720,1,0,1,0,0,0,145,2,12,1
1261308,0,0,0,0,1,0,145,2,12,1
1261961,0,0,1,1,0,0,145,2,12,1
1262408,1,0,0,1,1,0,145,2,12,1
1264655,0,0,0,0,1,0,145,2,12,1
1266114,1,1,0,1,0,0,145,2,12,1
1266403,1,1,0,1,0,0,145,2,12,1
1267385,0,1,0,0,0,0,145,2,12,1
1268297,1,0,0,1,1,0,145,2,12,1
1272553,1,1,0,0,0,0,145,2,12,1
1273143,1,0,0,1,1,0,145,2,12,1
1274477,0,1,1,0,1,0,145,2,12,1
1274845,0,1,0,1,0,0,145,2,12,1
1275303,0,1,0,1,0,0,145,2,12,1
1275925,0,0,1,1,0,0,145,2,12,1
1277123,0,1,1,0,1,0,145,2,12,1
1278667,1,1,1,1,1,0,145,2,12,1
1279044,1,1,0,0,0,0,145,2,12,1
1279557,0,1,1,0,1,0,145,2,12,1
1279663,1,0,1,0,0,0,145,2,12,1
1282559,1,1,0,0,0,0,145,2,12,1
1282605,1,1,0,0,0,0,145,2,12,1
1284008,0,0,0,0,1,0,145,2,12,1
1286075,0,1,0,1,0,0,145,2,12,1
1286373,0,1,0,1,0,0,145,2,12,1
1287239,1,0,1,0,0,0,145,2,12,1
1290075,1,0,1,0,0,0,145,2,12,1
1290833,0,0,1,1,0,0,145,2,12,1
1292243,1,0,1,0,0,0,145,2,12,1
1292533,0,0,1,1,0,0,145,2,12,1
1293308,1,1,1,1,1,0,145,2,12,1
1294999,0,1,0,1,0,0,145,2,12,1
1295512,0,0,1,1,0,0,145,2,12,1
1296577,1,0,0,1,1,0,145,2,12,1
1296658,1,0,0,1,1,0,145,2,12,1
1297830,0,1,0,1,0,0,145,2,12,1
1298079,0,0,0,0,1,0,145,2,12,1
1298284,1,1,1,1,1,0,145,2,12,1
1298609,0,1,0,1,0,0,145,2,12,1
1299282,0,1,1,0,1,0,145,2,12,1
1299860,0,0,1,1,0,0,145,2,12,1
1302008,1,1,0,0,0,0,145,2,12,1
1302132,0,1,0,1,0,0,145,2,12,1
1302553,0,1,0,1,0,0,145,2,12,1
1303510,1,1,0,0,0,0,145,2,12,1
1303963,0,0,0,0,1,0,145,2,12,1
1304373,0,0,0,0,1,0,145,2,12,1
1304643,0,0,0,0,1,0,145,2,12,1
1307719,0,1,0,1,0,0,145,2,12,1
1307795,0,1,0,1,0,0,145,2,12,1
1307918,0,1,1,0,1,0,145,2,12,1
1308691,1,1,0,0,0,0,145,2,12,1
1308754,1,1,1,1,1,0,145,2,12,1
1309227,1,0,0,1,1,0,145,2,12,1
1309427,0,0,1,1,0,0,145,2,12,1
1309797,1,0,1,0,0,0,145,2,12,1
1311136,0,0,0,0,1,0,196,2,12,0
1312548,1,1,1,1,1,0,196,2,12,0
1312718,1,0,1,0,0,0,196,2,12,0
1312771,1,0,0,1,1,0,196,2,12,0
1313333,1,0,1,0,0,0,196,2,12,0
1313592,0,1,0,0,0,0,196,2,12,0
1313638,1,0,1,0,0,0,196,2,12,0
1314003,1,1,0,0,0,0,196,2,12,0
1314126,1,0,0,1,1,0,196,2,12,0
1314216,1,1,0,0,0,0,196,2,12,0
1314840,1,1,1,1,1,0,196,2,12,0
1314981,1,0,1,0,0,0,196,2,12,0
1315114,0,0,1,1,0,0,196,2,12,0
1315217,1,0,1,0,0,0,196,2,12,0
1315402,1,1,0,0,0,0,196,2,12,0
1315543,1,1,1,1,1,0,196,2,12,0
1315844,1,0,0,1,1,0,196,2,12,0
1316132,1,0,1,0,0,0,196,2,12,0
1316661,1,1,1,1,1,0,196,2,12,0
1316950,0,0,1,1,0,0,196,2,12,0
1318014,0,0,1,1,0,0,196,2,12,0
1318459,0,1,0,1,0,0,196,2,12,0
1319238,0,1,0,1,0,0,196,2,12,0
1319671,1,1,0,0,0,0,196,2,12,0
1319821,1,1,0,0,0,0,196,2,12,0
1319870,0,0,1,1,0,0,196,2,12,0
1319958,0,1,1,0,1,0,196,2,12,0
1320154,1,0,1,0,0,0,196,2,12,0
1320331,1,0,0,1,1,0,196,2,12,0
1320353,0,0,0,0,1,0,196,2,12,0
1320798,1,1,1,1,1,0,196,2,12,0
1320807,0,0,0,0,1,0,196,2,12,0
1320964,1,1,0,0,0,0,196,2,12,0
1321843,1,1,0,0,0,0,196,2,12,0
1322242,1,1,1,1,1,0,196,2,12,0
1322445,1,1,0,0,0,0,196,2,12,0
1323158,0,1,1,0,1,0,196,2,12,0
1323181,1,0,1,0,0,0,196,2,12,0
1323460,0,1,0,1,0,0,196,2,12,0
1323635,0,0,0,0,1,0,196,2,12,0
1323715,1,1,0,0,0,0,196,2,12,0
1324450,1,0,0,1,1,0,196,2,12,0
1324514,0,0,1,1,0,0,196,2,12,0
1324962,0,0,0,0,1,0,196,2,12,0
1325853,0,1,1,0,1,0,196,2,12,0
1326732,0,1,1,0,1,0,196,2,12,0
1327217,0,0,0,0,1,0,196,2,12,0
1327452,1,0,0,1,1,0,196,2,12,0
1327464,1,0,1,0,0,0,196,2,12,0
1328875,1,0,0,1,1,0,196,2,12,0
1329321,1,0,0,1,1,0,196,2,12,0
1329572,1,0,0,1,1,0,196,2,12,0
1329582,0,0,1,1,0,0,196,2,12,0
1330649,1,1,0,0,0,0,196,2,12,0
1330808,1,0,1,0,0,0,196,2,12,0
1331298,0,1,1,0,1,0,196,2,12,0
1331628,1,1,0,0,0,0,196,2,12,0
1332289,1,1,1,1,1,0,196,2,12,0
1332473,1,0,0,1,1,0,196,2,12,0
1333430,1,0,0,1,1,0,196,2,12,0
1333774,0,1,1,0,1,0,196,2,12,0
1333831,0,1,0,1,0,0,196,2,12,0
1334175,1,0,0,1,1,0,196,2,12,0
1334506,1,1,1,1,1,0,196,2,12,0
1334923,1,0,1,0,0,0,196,2,12,0
1335520,0,0,0,0,1,0,196,2,12,0
1335904,1,0,0,1,1,0,196,2,12,0
1335913,0,0,0,0,1,0,196,2,12,0
1336389,1,1,1,1,1,0,196,2,12,0
1336468,0,1,1,0,1,0,196,2,12,0
1336742,0,0,0,0,1,0,196,2,12,0
1337011,0,0,0,0,1,0,196,2,12,0
1337119,0,1,1,0,1,0,196,2,12,0
1337408,0,0,0,0,1,0,196,2,12,0
1337900,1,0,1,0,0,0,196,2,12,0
1338242,1,1,0,1,0,0,196,2,12,0
1338475,0,1,0,1,0,0,196,2,12,0
1339134,0,1,0,1,0,0,196,2,12,0
1339154,1,1,0,0,0,0,196,2,12,0
1339447,1,0,0,1,1,0,196,2,12,0
1339903,0,0,0,0,1,0,196,2,12,0
1340011,0,0,0,0,1,0,196,2,12,0
1340064,1,1,1,1,1,0,196,2,12,0
1340251,0,0,0,0,1,0,196,2,12,0
1341169,0,1,0,1,0,0,196,2,12,0
1341200,1,1,1,1,1,0,196,2,12,0
1341284,1,0,1,0,0,0,196,2,12,0
1341914,1,1,0,0,0,0,196,2,12,0
1343483,1,0,0,1,1,0,196,2,12,0
1343574,0,1,0,1,0,0,196,2,12,0
1343760,0,0,1,1,0,0,196,2,12,0
1344126,0,0,0,0,1,0,196,2,12,0
1344687,1,0,0,1,1,0,196,2,12,0
1344697,0,1,1,0,1,0,196,2,12,0
1345295,0,0,0,0,1,0,196,2,12,0
1345514,1,1,0,0,0,0,196,2,12,0
1346072,1,0,1,0,0,0,196,2,12,0
1346822,1,1,1,0,1,1,196,2,12,0
1348251,1,0,0,1,1,0,196,2,12,0
1348955,1,1,1,1,1,0,196,2,12,0
1349412,1,0,1,0,0,0,196,2,12,0
1349823,0,1,1,0,1,0,196,2,12,0
1349900,1,1,1,1,1,0,196,2,12,0
1350660,0,1,1,0,1,0,196,2,12,0
1350868,1,0,0,1,1,0,196,2,12,0
1351217,0,0,0,0,1,0,196,2,12,0
1351339,1,0,1,0,0,0,196,2,12,0
1353114,0,0,0,0,1,0,196,2,12,0
1354329,0,1,1,0,1,0,196,2,12,0
1354485,1,1,0,0,0,0,196,2,12,0
1354510,0,1,0,1,0,0,196,2,12,0
1354928,0,1,0,1,0,0,196,2,12,0
1355076,0,0,1,1,0,0,196,2,12,0
1355436,0,1,0,1,0,0,196,2,12,0
1355446,1,0,1,0,0,0,196,2,12,0
1355894,1,0,1,0,0,0,196,2,12,0
1356015,0,0,0,0,1,0,196,2,12,0
1356594,0,0,0,1,1,1,196,2,12,0
1357094,1,0,1,0,0,0,196,2,12,0
1357247,0,1,0,1,0,0,196,2,12,0
1357956,1,0,1,0,0,0,196,2,12,0
1358061,0,1,0,1,0,0,196,2,12,0
1358077,1,1,0,0,0,0,196,2,12,0
1358479,1,1,0,0,0,0,196,2,12,0
1358613,1,1,0,0,0,0,196,2,12,0
1359126,1,0,0,1,1,0,196,2,12,0
1359773,1,0,0,1,1,0,196,2,12,0
1359912,0,1,0,1,0,0,196,2,12,0
1360364,1,0,0,1,1,0,196,2,12,0
1360565,0,1,0,1,0,0,196,2,12,0
1361224,1,0,1,0,0,0,196,2,12,0
1362618,1,0,1,0,0,0,196,2,12,0
1362918,1,1,1,1,1,0,196,2,12,0
1363514,0,0,0,0,1,0,196,2,12,0
1365644,1,0,0,1,1,0,196,2,12,0
1365701,1,1,1,1,1,0,196,2,12,0
1367046,1,0,0,1,1,0,196,2,12,0
1367294,1,1,0,0,0,0,196,2,12,0
1367320,1,0,1,1,0,0,196,2,12,0
1367587,1,0,0,1,1,0,196,2,12,0
1367660,1,1,1,1,1,0,196,2,12,0
1367688,0,0,1,1,0,0,196,2,12,0
1367775,0,0,0,0,1,0,196,2,12,0
1368087,0,1,0,1,0,0,196,2,12,0
1368273,1,1,1,1,1,0,196,2,12,0
1368275,0,1,0,1,0,0,196,2,12,0
1368584,0,0,0,0,1,0,196,2,12,0
1368613,1,1,0,0,0,0,196,2,12,0
1368762,0,1,1,0,1,0,196,2,12,0
1369337,1,0,0,1,1,0,196,2,12,0
1369462,0,1,0,1,0,0,196,2,12,0
1369517,0,1,0,1,0,0,196,2,12,0
1369593,1,1,1,1,1,0,196,2,12,0
1369600,1,1,0,0,0,0,196,2,12,0
1370037,1,1,1,1,1,0,196,2,12,0
1370276,0,0,1,1,0,0,196,2,12,0
1370605,1,1,0,0,0,0,196,2,12,0
1370667,0,0,0,0,1,0,196,2,12,0
1371158,0,1,0,1,0,0,196,2,12,0
1371900,0,1,1,0,1,0,196,2,12,0
1372202,0,0,1,1,0,0,196,2,12,0
1372922,1,1,1,1,1,0,196,2,12,0
1372950,0,0,1,1,0,0,196,2,12,0
1373418,1,0,1,0,0,0,196,2,12,0
1374031,1,1,1,1,1,0,196,2,12,0
1374533,0,0,0,0,1,0,196,2,12,0
1374709,0,1,0,1,0,0,196,2,12,0
1375295,1,1,1,1,1,0,196,2,12,0
1375517,1,0,0,1,1,0,196,2,12,0
1375925,1,0,1,0,0,0,196,2,12,0
1376334,1,1,0,0,0,0,212,2,12,0
1376724,0,0,1,1,0,0,212,2,12,0
1376836,1,1,0,0,0,0,212,2,12,0
1376968,1,0,0,1,1,0,212,2,12,0
1376986,1,1,0,0,0,0,212,2,12,0
1377446,1,1,1,1,1,0,212,2,12,0
1377533,0,1,0,1,0,0,212,2,12,0
1377723,0,0,0,0,1,0,212,2,12,0
1378729,0,0,1,1,0,0,212,2,12,0
1378745,0,0,0,0,1,0,212,2,12,0
1378819,1,1,0,0,0,0,212,2,12,0
1379632,0,1,0,1,0,0,212,2,12,0
1379686,1,1,0,0,0,0,212,2,12,0
1379881,1,1,0,0,0,0,212,2,12,0
1379900,1,0,0,1,1,0,212,2,12,0
1380086,0,0,1,1,0,0,212,2,12,0
1380253,1,0,1,0,0,0,212,2,12,0
1380302,0,1,1,1,1,1,212,2,12,0
1380378,1,0,1,0,0,0,212,2,12,0
1380390,1,1,1,0,1,1,212,2,12,0
1381221,0,1,1,0,1,0,212,2,12,0
1381540,0,0,0,0,1,0,212,2,12,0
1381797,0,0,0,0,1,0,212,2,12,0
1381814,0,1,1,0,1,0,212,2,12,0
1382127,1,0,0,1,1,0,212,2,12,0
1382303,0,1,1,0,1,0,212,2,12,0
1382515,0,0,1,1,0,0,212,2,12,0
1383214,0,1,0,1,0,0,212,2,12,0
1383338,0,0,1,1,0,0,212,2,12,0
1383871,0,1,0,1,0,0,212,2,12,0
1384275,1,0,1,0,0,0,212,2,12,0
1384491,1,1,1,1,1,0,212,2,12,0
1384520,0,0,0,0,1,0,212,2,12,0
1384735,0,0,1,1,0,0,212,2,12,0
1386009,1,0,0,1,1,0,212,2,12,0
1386227,0,1,0,1,0,0,212,2,12,0
1386707,1,1,1,1,1,0,212,2,12,0
1387056,1,1,1,1,1,0,212,2,12,0
1387090,0,1,0,1,0,0,212,2,12,0
1387215,0,1,1,0,1,0,212,2,12,0
1387784,1,0,0,1,1,0,212,2,12,0
1388003,1,1,1,1,1,0,212,2,12,0
1388020,0,1,1,0,1,0,212,2,12,0
1388036,1,0,0,1,1,0,212,2,12,0
1388520,1,0,1,0,0,0,212,2,12,0
1388658,0,1,0,1,0,0,212,2,12,0
1388715,0,0,1,1,0,0,212,2,12,0
1388724,0,0,1,1,0,0,212,2,12,0
1388761,1,0,0,0,1,1,212,2,12,0
1388848,0,1,1,0,1,0,212,2,12,0
1389007,1,1,1,0,1,1,212,2,12,0
1389150,1,1,1,1,1,0,212,2,12,0
1389612,1,0,0,1,1,0,212,2,12,0
1389715,1,0,1,0,0,0,212,2,12,0
1390450,1,0,1,0,0,0,212,2,12,0
1390485,0,1,1,0,1,0,212,2,12,0
1391100,1,0,0,1,1,0,212,2,12,0
1391671,1,0,0,1,1,0,212,2,12,0
1391707,1,1,0,0,0,0,212,2,12,0
1391771,0,1,1,0,1,0,212,2,12,0
1392090,0,1,1,0,1,0,212,2,12,0
1392673,0,1,1,0,1,0,212,2,12,0
1392871,1,1,0,0,0,0,212,2,12,0
1392967,0,0,1,1,0,0,212,2,12,0
1393170,1,0,0,1,1,0,212,2,12,0
1394170,1,0,1,0,0,0,212,2,12,0
1394199,0,0,1,1,0,0,212,2,12,0
1394274,1,0,1,0,0,0,212,2,12,0
1395079,0,1,1,0,1,0,212,2,12,0
1395118,1,0,1,1,0,0,212,2,12,0
1395843,1,0,0,1,1,0,212,2,12,0
1396429,0,0,0,0,1,0,212,2,12,0
1396941,1,1,0,0,0,0,212,2,12,0
1397181,0,0,1,1,0,0,212,2,12,0
1397480,0,1,0,1,0,0,212,2,12,0
1397611,1,1,0,0,0,0,212,2,12,0
1397614,0,0,1,1,0,0,212,2,12,0
1397669,0,1,1,0,1,0,212,2,12,0
1398412,0,1,1,0,1,0,212,2,12,0
1398771,1,0,1,0,0,0,212,2,12,0
1398802,0,0,0,0,1,0,212,2,12,0
1398838,1,1,1,1,1,0,212,2,12,0
1398859,1,1,0,0,0,0,212,2,12,0
1399220,1,1,0,0,0,0,212,2,12,0
1399561,1,0,0,1,1,0,212,2,12,0
1399613,1,1,1,0,1,1,212,2,12,0
1399626,0,0,1,1,0,0,212,2,12,0
1400142,1,0,0,1,1,0,212,2,12,0
1400386,0,0,0,0,1,0,212,2,12,0
1400733,1,0,1,0,0,0,212,2,12,0
1400886,1,1,1,1,1,0,212,2,12,0
1400973,0,1,1,0,1,0,212,2,12,0
1401019,0,0,1,1,0,0,212,2,12,0
1401170,0,1,0,1,0,0,212,2,12,0
1401228,1,0,0,1,1,0,212,2,12,0
1401377,1,0,0,1,1,0,212,2,12,0
1401768,1,0,1,0,0,0,212,2,12,0
1401817,0,0,1,1,0,0,212,2,12,0
1401891,0,1,0,1,0,0,212,2,12,0
1401911,1,1,1,1,1,0,212,2,12,0
1402026,1,0,0,1,1,0,212,2,12,0
1402334,0,1,1,0,1,0,212,2,12,0
1403423,1,0,1,0,0,0,212,2,12,0
1404434,0,1,0,1,0,0,212,2,12,0
1405027,0,0,1,1,0,0,212,2,12,0
1405661,1,0,1,0,0,0,212,2,12,0
1405761,1,0,1,0,0,0,212,2,12,0
1407236,1,1,1,1,1,0,212,2,12,0
1407433,0,1,1,1,1,1,212,2,12,0
1407753,0,1,0,1,0,0,212,2,12,0
1408162,1,1,0,0,0,0,212,2,12,0
1408370,0,1,1,0,1,0,212,2,12,0
1408541,1,0,0,1,1,0,212,2,12,0
1408573,0,0,1,1,0,0,212,2,12,0
1408707,0,1,1,0,1,0,212,2,12,0
1408735,1,1,0,0,0,0,212,2,12,0
1409081,1,1,0,0,0,0,212,2,12,0
1409535,1,0,0,1,1,0,212,2,12,0
1409643,0,0,0,0,1,0,212,2,12,0
1409820,1,1,1,1,1,0,212,2,12,0
1410395,0,0,1,1,0,0,212,2,12,0
1410583,0,1,0,1,0,0,212,2,12,0
1410628,1,0,0,1,1,0,212,2,12,0
1410851,0,0,1,1,0,0,212,2,12,0
1410857,0,1,0,1,0,0,212,2,12,0
1410951,0,1,1,1,1,1,212,2,12,0
1411521,1,1,0,0,0,0,212,2,12,0
1412043,1,1,0,0,0,0,212,2,12,0
1412166,0,1,0,1,0,0,212,2,12,0
1412637,1,1,0,0,0,0,212,2,12,0
1412775,1,1,0,0,0,0,212,2,12,0
1412812,0,0,1,1,0,0,212,2,12,0
1412892,1,1,1,1,1,0,212,2,12,0
1412967,1,1,1,1,1,0,212,2,12,0
1413181,1,1,1,1,1,0,212,2,12,0
1413286,1,1,1,1,1,0,212,2,12,0
1413409,1,1,0,0,0,0,212,2,12,0
1413507,1,1,1,1,1,0,212,2,12,0
1413537,1,1,1,1,1,0,212,2,12,0
1414071,0,0,0,0,1,0,212,2,12,0
1414629,0,0,0,0,1,0,212,2,12,0
1414872,1,0,0,1,1,0,212,2,12,0
1415019,1,1,0,0,0,0,212,2,12,0
1415533,0,1,0,1,0,0,212,2,12,0
1415887,0,1,0,1,0,0,212,2,12,0
1415897,0,0,1,1,0,0,212,2,12,0
1415981,0,1,0,1,0,0,212,2,12,0
1416141,0,1,1,0,1,0,212,2,12,0
1416323,1,1,0,0,0,0,212,2,12,0
1416863,1,0,0,1,1,0,212,2,12,0
1416911,0,1,0,1,0,0,212,2,12,0
1417445,0,0,1,1,0,0,212,2,12,0
1417482,0,0,1,1,0,0,212,2,12,0
1417559,1,0,0,1,1,0,212,2,12,0
1417809,0,0,0,0,1,0,212,2,12,0
1418010,1,0,1,0,0,0,212,2,12,0
1418697,0,0,0,0,1,0,212,2,12,0
1418862,1,1,0,0,0,0,212,2,12,0
1419109,1,1,1,1,1,0,212,2,12,0
1419243,0,0,0,0,1,0,212,2,12,0
1419314,0,1,0,1,0,0,212,2,12,0
1420041,0,1,0,1,0,0,212,2,12,0
1421146,1,0,0,1,1,0,212,2,12,0
1421602,1,1,0,0,0,0,212,2,12,0
1422484,1,1,0,0,0,0,212,2,12,0
1422488,0,1,1,0,1,0,212,2,12,0
1422750,0,1,0,1,0,0,212,2,12,0
1423159,0,0,0,0,1,0,212,2,12,0
1423395,0,1,1,0,1,0,212,2,12,0
1423418,0,0,0,0,1,0,212,2,12,0
1424164,0,0,0,0,1,0,212,2,12,0
1424402,0,1,0,1,0,0,212,2,12,0
1424794,1,1,1,1,1,0,212,2,12,0
1425202,1,0,0,1,1,0,212,2,12,0
1425352,0,1,1,1,1,1,212,2,12,0
1425557,0,1,1,0,1,0,212,2,12,0
1425584,0,1,0,1,0,0,212,2,12,0
1425600,1,1,0,0,0,0,212,2,12,0
1426828,1,0,1,0,0,0,212,2,12,0
1427002,0,1,0,1,0,0,212,2,12,0
1427150,0,0,0,0,1,0,212,2,12,0
1427683,1,1,0,0,0,0,212,2,12,0
1428900,1,0,0,1,1,0,212,2,12,0
1429561,0,0,1,0,0,0,212,2,12,0
1429632,1,0,0,1,1,0,212,2,12,0
1429813,1,0,1,0,0,0,212,2,12,0
1429831,1,1,1,1,1,0,212,2,12,0
1429868,0,0,0,0,1,0,212,2,12,0
1431435,0,0,1,1,0,0,212,2,12,0
1433214,0,1,1,0,1,0,212,2,12,0
1435224,1,1,1,1,1,0,212,2,12,0
1435298,1,0,0,1,1,0,212,2,12,0
1435413,0,0,1,0,0,0,212,2,12,0
1435578,1,0,1,0,0,0,212,2,12,0
1435867,0,1,1,0,1,0,212,2,12,0
1436035,1,1,0,0,0,0,212,2,12,0
1436369,0,1,1,0,1,0,212,2,12,0
1436393,0,1,1,0,1,0,212,2,12,0
1437363,1,1,1,1,1,0,212,2,12,0
1438997,0,0,0,0,1,0,212,2,12,0
1439327,1,0,1,0,0,0,212,2,12,0
1439820,0,1,0,1,0,0,212,2,12,0
1440412,1,0,0,1,1,0,212,2,12,0
1441252,0,0,1,1,0,0,212,2,12,0
1441412,0,1,0,1,0,0,212,2,12,0
1441706,1,1,0,0,0,0,212,2,12,0
1442295,1,1,0,0,0,0,68,1,12,0
1442579,0,1,0,1,0,0,68,1,12,0
1442662,1,0,1,0,0,0,68,1,12,0
1444394,0,1,1,0,1,0,68,1,12,0
1445474,0,1,0,1,0,0,68,1,12,0
1447823,1,0,1,0,0,0,68,1,12,0
1447845,0,0,0,0,1,0,68,1,12,0
1448272,1,1,0,0,0,0,68,1,12,0
1448294,0,0,1,1,0,0,68,1,12,0
1448777,1,0,1,0,0,0,68,1,12,0
1449251,0,1,0,1,0,0,68,1,12,0
1450899,0,1,1,0,1,0,68,1,12,0
1454423,1,0,0,1,1,0,68,1,12,0
1454912,0,0,1,1,0,0,68,1,12,0
1456829,1,1,0,0,0,0,68,1,12,0
1457809,0,0,0,0,1,0,68,1,12,0
1458623,1,0,1,1,0,0,68,1,12,0
1459788,0,0,0,0,1,0,68,1,12,0
1461399,1,0,1,0,0,0,68,1,12,0
1461855,1,0,0,1,1,0,68,1,12,0
1462191,1,1,0,0,0,0,68,1,12,0
1462841,1,1,1,1,1,0,68,1,12,0
1463977,1,1,1,1,1,0,68,1,12,0
1465542,1,0,0,1,1,0,68,1,12,0
1466899,1,1,0,0,0,0,68,1,12,0
1466913,1,0,0,1,1,0,68,1,12,0
1467815,1,1,0,0,0,0,68,1,12,0
1468315,1,0,1,1,0,0,68,1,12,0
1469300,0,1,0,1,0,0,68,1,12,0
1472582,1,1,1,1,1,0,68,1,12,0
1472768,1,1,0,0,0,0,68,1,12,0
1474787,0,0,1,1,0,0,68,1,12,0
1474901,0,0,1,1,0,0,68,1,12,0
1475716,1,1,1,1,1,0,68,1,12,0
1477095,1,1,1,1,1,0,68,1,12,0
1477973,0,0,0,0,1,0,68,1,12,0
1479045,0,1,1,0,1,0,68,1,12,0
1479188,0,1,0,1,0,0,68,1,12,0
1479205,1,1,1,1,1,0,68,1,12,0
1479755,0,1,0,1,0,0,68,1,12,0
1479914,1,1,0,0,0,0,68,1,12,0
1481913,0,0,1,1,0,0,68,1,12,0
1483488,0,0,0,0,1,0,68,1,12,0
1483732,1,1,0,1,0,0,68,1,12,0
1485062,1,1,1,1,1,0,68,1,12,0
1485865,1,0,0,1,1,0,68,1,12,0
1486990,1,1,1,1,1,0,68,1,12,0
1487581,1,0,0,1,1,0,68,1,12,0
1487870,1,1,1,1,1,0,68,1,12,0
1488001,1,1,1,1,1,0,68,1,12,0
1488438,0,1,0,1,0,0,68,1,12,0
1491147,0,1,1,0,1,0,68,1,12,0
1492846,1,0,0,1,1,0,68,1,12,0
1493225,0,0,0,0,1,0,68,1,12,0
1493365,1,1,0,0,0,0,68,1,12,0
1493520,1,1,0,0,0,0,68,1,12,0
1494630,1,1,0,0,0,0,68,1,12,0
1495241,1,1,1,1,1,0,68,1,12,0
1495323,1,0,1,0,0,0,68,1,12,0
1497466,0,0,0,0,1,0,68,1,12,0
1498190,0,1,1,0,1,0,68,1,12,0
1500905,0,0,1,1,0,0,68,1,12,0
1501018,0,1,1,0,1,0,68,1,12,0
1501126,1,0,0,1,1,0,68,1,12,0
1501410,1,0,0,1,1,0,68,1,12,0
1502412,1,0,0,1,1,0,68,1,12,0
1505928,1,1,1,0,1,1,68,1,12,0
1507751,0,0,0,0,1,0,145,1,9,0
1508192,0,1,1,0,1,0,145,1,9,0
1508233,1,1,1,1,1,0,145,1,9,0
1508406,0,1,0,1,0,0,145,1,9,0
1509017,1,1,1,1,1,0,145,1,9,0
1509589,1,0,0,1,1,0,145,1,9,0
1509659,1,0,1,0,0,0,145,1,9,0
1510578,0,0,1,1,0,0,145,1,9,0
1511365,0,1,0,1,0,0,145,1,9,0
1511968,1,1,0,0,0,0,145,1,9,0
1514863,0,1,0,1,0,0,145,1,9,0
1515113,0,0,1,1,0,0,145,1,9,0
1515461,1,1,1,1,1,0,145,1,9,0
1515860,0,1,0,1,0,0,145,1,9,0
1516195,0,0,0,0,1,0,145,1,9,0
1516304,0,1,1,0,1,0,145,1,9,0
1516621,1,1,1,1,1,0,145,1,9,0
1517763,0,1,1,0,1,0,145,1,9,0
1518497,0,0,0,0,1,0,145,1,9,0
1518993,1,1,0,0,0,0,145,1,9,0
1519238,0,1,0,1,0,0,145,1,9,0
1519265,1,1,0,0,0,0,145,1,9,0
1519564,0,1,1,0,1,0,145,1,9,0
1520335,0,1,1,0,1,0,145,1,9,0
1520697,1,0,1,0,0,0,145,1,9,0
1521397,1,0,1,0,0,0,145,1,9,0
1522168,1,0,0,0,1,1,145,1,9,0
1522825,0,0,1,1,0,0,145,1,9,0
1523413,0,0,0,0,1,0,145,1,9,0
1524833,1,1,1,1,1,0,145,1,9,0
1525832,1,0,0,1,1,0,145,1,9,0
1526270,0,1,1,0,1,0,145,1,9,0
1526955,1,0,0,1,1,0,145,1,9,0
1528379,1,1,1,1,1,0,145,1,9,0
1529472,0,1,0,1,0,0,145,1,9,0
1529687,0,1,1,0,1,0,145,1,9,0
1529840,1,1,1,1,1,0,145,1,9,0
1530437,1,0,0,1,1,0,145,1,9,0
1530836,1,0,0,1,1,0,145,1,9,0
1530938,0,0,1,1,0,0,145,1,9,0
1531689,0,1,0,1,0,0,145,1,9,0
1532785,0,0,1,1,0,0,145,1,9,0
1534496,0,0,0,0,1,0,145,1,9,0
1534742,0,0,0,0,1,0,145,1,9,0
1535238,0,0,1,1,0,0,145,1,9,0
1536240,1,0,1,0,0,0,145,1,9,0
1539722,1,0,0,1,1,0,145,1,9,0
1540057,1,0,1,0,0,0,145,1,9,0
1540202,1,0,1,0,0,0,145,1,9,0
1541179,1,0,1,0,0,0,145,1,9,0
1541311,0,1,0,1,0,0,145,1,9,0
1541347,0,1,0,1,0,0,145,1,9,0
1541353,0,1,1,0,1,0,145,1,9,0
1541640,0,0,0,0,1,0,145,1,9,0
1541957,1,0,1,0,0,0,145,1,9,0
1543329,1,1,1,1,1,0,145,1,9,0
1543335,1,0,1,0,0,0,145,1,9,0
1543381,1,0,0,1,1,0,145,1,9,0
1543479,0,0,0,0,1,0,145,1,9,0
1543617,0,1,1,0,1,0,145,1,9,0
1544063,0,0,1,1,0,0,145,1,9,0
1544098,1,0,0,1,1,0,145,1,9,0
1544335,1,0,0,1,1,0,145,1,9,0
1544862,1,0,0,1,1,0,145,1,9,0
1545202,0,1,0,1,0,0,145,1,9,0
1545663,1,1,1,1,1,0,145,1,9,0
1547267,0,0,1,1,0,0,145,1,9,0
1548052,1,0,1,0,0,0,145,1,9,0
1548083,1,1,0,0,0,0,145,1,9,0
1548262,0,1,0,1,0,0,145,1,9,0
1548654,0,0,1,1,0,0,145,1,9,0
1549189,1,1,1,1,1,0,145,1,9,0
1549742,0,0,1,1,0,0,145,1,9,0
1550112,0,1,0,1,0,0,145,1,9,0
1550300,1,1,0,0,0,0,145,1,9,0
1552453,0,0,0,1,1,1,145,1,9,0
1552583,0,1,0,1,0,0,145,1,9,0
1552641,1,0,0,1,1,0,145,1,9,0
1552737,0,0,0,0,1,0,145,1,9,0
1556404,0,0,0,0,1,0,145,1,9,0
1558579,1,0,1,0,0,0,145,1,9,0
1559091,0,1,0,1,0,0,145,1,9,0
1559948,0,0,0,0,1,0,145,1,9,0
1561678,0,0,0,0,1,0,145,1,9,0
1563467,0,1,0,1,0,0,145,1,9,0
1564019,0,1,0,1,0,0,145,1,9,0
1565807,1,0,1,0,0,0,145,1,9,0
1566164,0,0,1,1,0,0,145,1,9,0
1566630,0,0,1,1,0,0,145,1,9,0
1567773,1,0,0,1,1,0,145,1,9,0
1569536,1,0,0,1,1,0,145,1,9,0
1569862,1,1,1,1,1,0,145,1,9,0
1570583,1,0,0,1,1,0,145,1,9,0
1570649,0,1,0,1,0,0,145,1,9,0
1570708,0,0,0,0,1,0,145,1,9,0
1570797,0,0,0,0,1,0,145,1,9,0
1572378,1,0,0,1,1,0,145,1,9,0
1572893,0,1,1,0,1,0,143,1,9,0
1572950,1,1,1,1,1,0,143,1,9,0
1573481,0,1,0,1,0,0,143,1,9,0
1574097,0,0,1,1,0,0,143,1,9,0
1575013,0,1,1,0,1,0,143,1,9,0
1575177,0,0,1,1,0,0,143,1,9,0
1575715,1,1,0,0,0,0,143,1,9,0
1576613,1,0,1,0,0,0,143,1,9,0
1578008,0,1,0,1,0,0,143,1,9,0
1579138,0,1,1,0,1,0,143,1,9,0
1579334,0,1,0,1,0,0,143,1,9,0
1580877,1,0,0,1,1,0,143,1,9,0
1580996,0,0,0,1,1,1,143,1,9,0
1582167,1,0,1,1,0,0,143,1,9,0
1582608,0,1,1,0,1,0,143,1,9,0
1583170,1,1,0,0,0,0,143,1,9,0
1583572,1,0,1,0,0,0,143,1,9,0
1584194,1,1,0,0,0,0,143,1,9,0
1585449,0,0,0,0,1,0,143,1,9,0
1585751,0,0,1,1,0,0,143,1,9,0
1586209,1,1,0,0,0,0,143,1,9,0
1586228,0,1,1,0,1,0,143,1,9,0
1586257,0,1,1,0,1,0,143,1,9,0
1586596,0,0,1,0,0,0,143,1,9,0
1587268,0,1,0,1,0,0,143,1,9,0
1587528,0,0,1,1,0,0,143,1,9,0
1587966,1,1,0,1,0,0,143,1,9,0
1588681,1,0,0,1,1,0,143,1,9,0
1589222,0,0,1,1,0,0,143,1,9,0
1589893,1,0,1,1,0,0,143,1,9,0
1590350,1,0,0,1,1,0,143,1,9,0
1591069,1,1,0,0,0,0,143,1,9,0
1592626,0,1,1,0,1,0,143,1,9,0
1593314,1,1,0,0,0,0,143,1,9,0
1593723,0,0,0,0,1,0,143,1,9,0
1594794,0,1,1,0,1,0,143,1,9,0
1595261,0,1,0,1,0,0,143,1,9,0
1596980,0,1,0,1,0,0,143,1,9,0
1597738,1,0,0,1,1,0,143,1,9,0
1598859,1,1,1,1,1,0,143,1,9,0
1599306,0,1,0,1,0,0,143,1,9,0
1599604,0,1,1,0,1,0,143,1,9,0
1603477,0,0,0,0,1,0,143,1,9,0
1603751,0,1,1,0,1,0,143,1,9,0
1603888,0,0,0,0,1,0,143,1,9,0
1604210,1,1,1,1,1,0,143,1,9,0
1604720,1,1,1,1,1,0,143,1,9,0
1606211,0,0,1,1,0,0,143,1,9,0
1608016,1,0,0,1,1,0,143,1,9,0
1608390,1,1,0,0,0,0,143,1,9,0
1609362,1,1,1,1,1,0,143,1,9,0
1609551,1,1,0,0,0,0,143,1,9,0
1610649,1,0,0,1,1,0,143,1,9,0
1611707,0,0,1,1,0,0,143,1,9,0
1612010,0,1,0,1,0,0,143,1,9,0
1612779,1,1,1,1,1,0,143,1,9,0
1613637,0,1,1,0,1,0,143,1,9,0
1614202,0,0,0,0,1,0,143,1,9,0
1614243,0,0,1,1,0,0,143,1,9,0
1614819,0,0,1,1,0,0,143,1,9,0
1615224,1,0,0,1,1,0,143,1,9,0
1615673,1,0,0,1,1,0,143,1,9,0
1616351,1,0,0,1,1,0,143,1,9,0
1616431,0,0,1,1,0,0,143,1,9,0
1617193,0,1,0,1,0,0,143,1,9,0
1617300,0,0,0,0,1,0,143,1,9,0
1618278,0,0,0,0,1,0,143,1,9,0
1618598,0,1,1,0,1,0,143,1,9,0
1618797,1,1,0,0,0,0,143,1,9,0
1618878,1,0,1,0,0,0,143,1,9,0
1619168,0,1,1,0,1,0,143,1,9,0
1619181,1,0,0,1,1,0,143,1,9,0
1619643,0,0,1,1,0,0,143,1,9,0
1619989,1,0,0,1,1,0,143,1,9,0
1620065,1,1,0,0,0,0,143,1,9,0
1620098,1,1,0,0,0,0,143,1,9,0
1621290,0,1,0,1,0,0,143,1,9,0
1621324,0,0,1,1,0,0,143,1,9,0
1621515,1,1,0,0,0,0,143,1,9,0
1621697,0,0,1,1,0,0,143,1,9,0
1622695,0,1,1,0,1,0,143,1,9,0
1623658,1,0,0,1,1,0,143,1,9,0
1623972,0,0,0,0,1,0,143,1,9,0
1624407,0,1,1,0,1,0,143,1,9,0
1624945,1,0,1,0,0,0,143,1,9,0
1626053,1,0,0,1,1,0,143,1,9,0
1626985,0,1,1,0,1,0,143,1,9,0
1627233,1,1,0,0,0,0,143,1,9,0
1628895,0,1,0,1,0,0,143,1,9,0
1630055,1,1,1,1,1,0,143,1,9,0
1630137,0,1,0,1,0,0,143,1,9,0
1631406,0,1,0,1,0,0,143,1,9,0
1632921,1,1,1,1,1,0,143,1,9,0
1634003,0,0,1,1,0,0,143,1,9,0
1634478,0,0,0,0,1,0,143,1,9,0
1635144,0,0,1,1,0,0,143,1,9,0
1636186,0,1,1,0,1,0,143,1,9,0
1636374,0,1,0,1,0,0,143,1,9,0
1637694,0,1,1,0,1,0,143,1,9,0
1637862,0,1,1,0,1,0,143,1,9,0
1637926,0,1,1,0,1,0,143,1,9,0
1638447,0,1,1,0,1,0,255,1,9,0
1638646,0,1,0,1,0,0,255,1,9,0
1638788,1,0,1,0,0,0,255,1,9,0
1639363,0,1,1,0,1,0,255,1,9,0
1639401,0,0,0,0,1,0,255,1,9,0
1639560,0,0,1,1,0,0,255,1,9,0
1639762,0,0,0,0,1,0,255,1,9,0
1640390,1,1,1,1,1,0,255,1,9,0
1640437,0,1,1,0,1,0,255,1,9,0
1640465,0,1,1,0,1,0,255,1,9,0
1640546,0,1,0,1,0,0,255,1,9,0
1640648,0,1,0,1,0,0,255,1,9,0
1640789,1,1,0,0,0,0,255,1,9,0
1640889,0,1,1,0,1,0,255,1,9,0
1640958,0,1,0,0,0,0,255,1,9,0
1641824,0,0,1,1,0,0,255,1,9,0
1641940,0,1,0,1,0,0,255,1,9,0
1642502,0,0,1,1,0,0,255,1,9,0
1642611,1,1,0,0,0,0,255,1,9,0
1643174,1,0,1,0,0,0,255,1,9,0
1643331,1,0,0,1,1,0,255,1,9,0
1643381,0,0,1,1,0,0,255,1,9,0
1643639,0,0,0,0,1,0,255,1,9,0
1644127,0,0,0,0,1,0,255,1,9,0
1644425,1,1,1,1,1,0,255,1,9,0
1644651,1,1,0,0,0,0,255,1,9,0
1644697,0,0,0,0,1,0,255,1,9,0
1645702,0,1,1,0,1,0,255,1,9,0
1646088,1,0,1,0,0,0,255,1,9,0
1646326,0,1,1,0,1,0,255,1,9,0
1646531,1,0,1,0,0,0,255,1,9,0
1646571,1,1,1,1,1,0,255,1,9,0
1646660,0,0,1,1,0,0,255,1,9,0
1646737,0,0,0,0,1,0,255,1,9,0
1646739,1,1,0,0,0,0,255,1,9,0
1647572,0,0,0,0,1,0,255,1,9,0
1647590,1,0,0,1,1,0,255,1,9,0
1647996,1,0,1,0,0,0,255,1,9,0
1648032,0,1,0,1,0,0,255,1,9,0
1648260,0,0,1,1,0,0,255,1,9,0
1648776,1,1,0,0,0,0,255,1,9,0
1649014,1,0,1,0,0,0,255,1,9,0
1649082,1,0,1,0,0,0,255,1,9,0
1649112,0,1,1,0,1,0,255,1,9,0
1649429,0,0,1,1,0,0,255,1,9,0
1649732,1,1,1,1,1,0,255,1,9,0
1650161,0,0,1,1,0,0,255,1,9,0
1650751,1,1,0,0,0,0,255,1,9,0
1650985,1,1,1,1,1,0,255,1,9,0
1651424,1,1,0,0,0,0,255,1,9,0
1651809,1,0,0,1,1,0,255,1,9,0
1651875,1,0,1,0,0,0,255,1,9,0
1651991,1,0,0,1,1,0,255,1,9,0
1652154,0,1,0,1,0,0,255,1,9,0
1652948,0,0,1,1,0,0,255,1,9,0
1653005,0,1,0,0,0,0,255,1,9,0
1653101,1,1,0,0,0,0,255,1,9,0
1653119,0,0,0,0,1,0,255,1,9,0
1653304,1,0,0,1,1,0,255,1,9,0
1653319,1,1,0,0,0,0,255,1,9,0
1653353,1,0,1,0,0,0,255,1,9,0
1653507,0,1,0,1,0,0,255,1,9,0
1654096,0,0,0,0,1,0,255,1,9,0
1654318,0,1,1,0,1,0,255,1,9,0
1654690,1,0,0,1,1,0,255,1,9,0
1654843,1,1,0,0,0,0,255,1,9,0
1654870,1,1,1,1,1,0,255,1,9,0
1656039,1,1,1,1,1,0,255,1,9,0
1656150,0,0,1,1,0,0,255,1,9,0
1656311,1,0,0,1,1,0,255,1,9,0
1656557,0,0,0,0,1,0,255,1,9,0
1656890,1,0,1,0,0,0,255,1,9,0
1657295,0,1,0,1,0,0,255,1,9,0
1657534,1,0,0,1,1,0,255,1,9,0
1657536,0,1,1,0,1,0,255,1,9,0
1657610,0,1,1,0,1,0,255,1,9,0
1657630,0,0,0,0,1,0,255,1,9,0
1657682,1,1,0,0,0,0,255,1,9,0
1657946,0,1,1,0,1,0,255,1,9,0
1658089,1,0,0,1,1,0,255,1,9,0
1658401,1,0,0,1,1,0,255,1,9,0
1658403,0,1,1,0,1,0,255,1,9,0
1658712,1,0,0,1,1,0,255,1,9,0
1658820,0,1,1,0,1,0,255,1,9,0
1658924,1,1,1,1,1,0,255,1,9,0
1659004,0,0,1,1,0,0,255,1,9,0
1659137,1,1,1,1,1,0,255,1,9,0
1659158,1,0,1,0,0,0,255,1,9,0
1659270,1,0,0,1,1,0,255,1,9,0
1659504,0,1,0,1,0,0,255,1,9,0
1659527,0,0,0,0,1,0,255,1,9,0
1659938,0,0,0,0,1,0,255,1,9,0
1660640,1,1,0,0,0,0,255,1,9,0
1660760,1,1,1,1,1,0,255,1,9,0
1661033,0,0,0,0,1,0,255,1,9,0
1661104,0,1,0,1,0,0,255,1,9,0
1661603,0,1,0,1,0,0,255,1,9,0
1661831,1,0,0,1,1,0,255,1,9,0
1662016,0,1,0,1,0,0,255,1,9,0
1662526,0,1,1,0,1,0,255,1,9,0
1662569,1,1,1,1,1,0,255,1,9,0
1662987,1,1,0,0,0,0,255,1,9,0
1663234,0,1,0,1,0,0,255,1,9,0
1664308,1,1,0,1,0,0,255,1,9,0
1664362,0,0,0,0,1,0,255,1,9,0
1664594,1,1,0,0,0,0,255,1,9,0
1664672,1,1,1,1,1,0,255,1,9,0
1664712,1,1,0,0,0,0,255,1,9,0
1664894,1,0,1,0,0,0,255,1,9,0
1665257,1,1,0,0,0,0,255,1,9,0
1665304,1,1,0,0,0,0,255,1,9,0
1665983,1,1,0,0,0,0,255,1,9,0
1666167,1,0,1,0,0,0,255,1,9,0
1666328,1,1,1,1,1,0,255,1,9,0
1667063,0,1,1,0,1,0,255,1,9,0
1667128,0,1,1,0,1,0,255,1,9,0
1667283,0,1,0,1,0,0,255,1,9,0
1667357,0,1,1,0,1,0,255,1,9,0
1667457,1,1,1,1,1,0,255,1,9,0
1667516,1,0,1,0,0,0,255,1,9,0
1667571,0,0,1,1,0,0,255,1,9,0
1667950,0,1,1,0,1,0,255,1,9,0
1668125,1,1,0,0,0,0,255,1,9,0
1668547,1,0,0,1,1,0,255,1,9,0
1668567,1,0,1,0,0,0,255,1,9,0
1668588,0,1,1,0,1,0,255,1,9,0
1669024,0,0,1,1,0,0,255,1,9,0
1669046,0,1,1,0,1,0,255,1,9,0
1669217,1,0,1,0,0,0,255,1,9,0
1669380,0,0,0,0,1,0,255,1,9,0
1669634,1,1,1,1,1,0,255,1,9,0
1669638,0,0,0,0,1,0,255,1,9,0
1669901,0,0,1,1,0,0,255,1,9,0
1670210,0,0,0,0,1,0,255,1,9,0
1670381,0,1,0,1,0,0,255,1,9,0
1670432,0,1,1,0,1,0,255,1,9,0
1671626,0,0,0,0,1,0,255,1,9,0
1671646,1,0,1,0,0,0,255,1,9,0
1671659,1,1,1,1,1,0,255,1,9,0
1672077,1,1,0,0,0,0,255,1,9,0
1672137,1,0,0,1,1,0,255,1,9,0
1672487,1,0,0,1,1,0,255,1,9,0
1672664,0,0,0,0,1,0,255,1,9,0
1672955,0,0,1,1,0,0,255,1,9,0
1673115,0,1,0,1,0,0,255,1,9,0
1673238,1,1,1,1,1,0,255,1,9,0
1673709,1,0,1,0,0,0,255,1,9,0
1674435,1,1,0,0,0,0,255,1,9,0
1675217,1,1,1,1,1,0,255,1,9,0
1675469,0,1,0,1,0,0,255,1,9,0
1675471,1,1,0,0,0,0,255,1,9,0
1675593,0,1,1,0,1,0,255,1,9,0
1675844,1,0,1,0,0,0,255,1,9,0
1675884,0,0,0,0,1,0,255,1,9,0
1676276,1,0,1,0,0,0,255,1,9,0
1676340,0,1,0,1,0,0,255,1,9,0
1676562,0,1,1,0,1,0,255,1,9,0
1676574,1,1,1,1,1,0,255,1,9,0
1676765,0,0,1,1,0,0,255,1,9,0
1676835,1,1,0,0,0,0,255,1,9,0
1677174,0,0,0,0,1,0,255,1,9,0
1677239,0,0,0,0,1,0,255,1,9,0
1677747,1,0,0,1,1,0,255,1,9,0
1677857,0,0,0,0,1,0,255,1,9,0
1677946,0,0,0,0,1,0,255,1,9,0
1678208,0,0,0,0,1,0,255,1,9,0
1679053,0,0,1,1,0,0,255,1,9,0
1679132,1,1,0,0,0,0,255,1,9,0
1679180,0,0,0,0,1,0,255,1,9,0
1679321,0,1,0,1,0,0,255,1,9,0
1679627,0,1,1,0,1,0,255,1,9,0
1679729,0,1,0,1,0,0,255,1,9,0
1680055,1,0,0,1,1,0,255,1,9,0
1680240,1,0,1,0,0,0,255,1,9,0
1680257,0,1,0,1,0,0,255,1,9,0
1680325,0,1,0,1,0,0,255,1,9,0
1680339,1,0,0,1,1,0,255,1,9,0
1680529,0,1,1,0,1,0,255,1,9,0
1680546,0,1,1,0,1,0,255,1,9,0
1680653,1,1,1,1,1,0,255,1,9,0
1680768,0,0,0,0,1,0,255,1,9,0
1681063,0,1,0,1,0,0,255,1,9,0
1681117,1,0,0,1,1,0,255,1,9,0
1681145,1,1,1,1,1,0,255,1,9,0
1681244,0,1,0,1,0,0,255,1,9,0
1681438,1,0,0,1,1,0,255,1,9,0
1682144,0,0,0,0,1,0,255,1,9,0
1682315,1,1,0,0,0,0,255,1,9,0
1682518,0,1,1,0,1,0,255,1,9,0
1682775,1,1,1,1,1,0,255,1,9,0
1683491,1,1,1,1,1,0,255,1,9,0
1683634,0,1,1,0,1,0,255,1,9,0
1683757,0,1,0,1,0,0,255,1,9,0
1683813,0,0,1,1,0,0,255,1,9,0
1683989,0,1,0,1,0,0,255,1,9,0
1684172,1,1,1,1,1,0,255,1,9,0
1684784,0,0,1,1,0,0,255,1,9,0
1684812,0,0,0,0,1,0,255,1,9,0
1684961,1,1,1,1,1,0,255,1,9,0
1685303,0,1,1,0,1,0,255,1,9,0
1686088,0,1,0,1,0,0,255,1,9,0
1686298,1,1,1,1,1,0,255,1,9,0
1686500,1,0,1,0,0,0,255,1,9,0
1686507,0,0,1,1,0,0,255,1,9,0
1686951,0,1,1,0,1,0,255,1,9,0
1687116,0,0,1,1,0,0,255,1,9,0
1687861,0,0,1,1,0,0,255,1,9,0
1688379,1,1,1,1,1,0,255,1,9,0
1688905,1,1,0,0,0,0,255,1,9,0
1689098,1,0,0,1,1,0,255,1,9,0
1689108,0,1,0,1,0,0,255,1,9,0
1689180,1,1,0,0,0,0,255,1,9,0
1689594,1,1,1,1,1,0,255,1,9,0
1691134,0,1,0,1,0,0,255,1,9,0
1691167,1,1,1,1,1,0,255,1,9,0
1691246,1,1,0,0,0,0,255,1,9,0
1691554,0,1,1,0,1,0,255,1,9,0
1691689,1,0,1,0,0,0,255,1,9,0
1692040,1,0,1,0,0,0,255,1,9,0
1692099,1,0,0,1,1,0,255,1,9,0
1692288,1,0,0,1,1,0,255,1,9,0
1692330,1,1,0,0,0,0,255,1,9,0
1693209,1,0,1,0,0,0,255,1,9,0
1693748,0,1,0,1,0,0,255,1,9,0
1694039,0,0,0,0,1,0,255,1,9,0
1694155,1,1,1,1,1,0,255,1,9,0
1695293,0,0,0,0,1,0,255,1,9,0
1695566,0,0,0,0,1,0,255,1,9,0
1695872,0,1,1,0,1,0,255,1,9,0
1695954,1,0,0,1,1,0,255,1,9,0
1695967,0,1,0,1,0,0,255,1,9,0
1695981,0,1,1,0,1,0,255,1,9,0
1696158,0,1,1,0,1,0,255,1,9,0
1696223,1,1,0,0,0,0,255,1,9,0
1697335,1,0,1,0,0,0,255,1,9,0
1697494,0,0,1,0,0,0,255,1,9,0
1698116,1,0,0,1,1,0,255,1,9,0
1698323,0,0,1,1,0,0,255,1,9,0
1698411,0,0,0,0,1,0,255,1,9,0
1698835,1,0,0,1,1,0,255,1,9,0
1700012,0,1,1,0,1,0,255,1,9,0
1700276,1,0,1,0,0,0,255,1,9,0
1700536,1,0,0,1,1,0,255,1,9,0
1701043,1,0,0,1,1,0,255,1,9,0
1701493,1,0,1,0,0,0,255,1,9,0
1701606,0,0,1,1,0,0,255,1,9,0
1701911,1,0,1,0,0,0,255,1,9,0
1702024,1,1,0,0,0,0,255,1,9,0
1702370,0,0,1,1,0,0,255,1,9,0
1702814,1,0,0,1,1,0,255,1,9,0
1702934,0,0,1,1,0,0,255,1,9,0
1703619,0,1,1,0,1,0,255,1,9,0
1703903,1,0,1,0,0,0,255,1,9,0
1706685,1,1,0,0,0,0,85,1,9,0
1711374,1,0,1,0,0,0,85,1,9,0
1712672,0,1,1,1,1,1,85,1,9,0
1713099,1,1,0,0,0,0,85,1,9,0
1713210,0,0,0,0,1,0,85,1,9,0
1714574,1,0,0,1,1,0,85,1,9,0
1714627,1,1,1,0,1,1,85,1,9,0
1714735,1,1,1,1,1,0,85,1,9,0
1715243,0,0,1,1,0,0,85,1,9,0
1717226,1,1,0,0,0,0,85,1,9,0
1717810,0,1,1,1,1,1,85,1,9,0
1718512,1,1,0,0,0,0,85,1,9,0
1719945,1,1,1,1,1,0,85,1,9,0
1721784,1,0,1,0,0,0,85,1,9,0
1724130,1,0,0,1,1,0,85,1,9,0
1725688,1,1,0,0,0,0,85,1,9,0
1725694,0,1,0,0,0,0,85,1,9,0
1726793,1,0,1,0,0,0,85,1,9,0
1727531,0,1,1,0,1,0,85,1,9,0
1728244,1,1,1,1,1,0,85,1,9,0
1730335,0,1,1,0,1,0,85,1,9,0
1731581,0,1,1,0,1,0,85,1,9,0
1731634,0,0,1,1,0,0,85,1,9,0
1731730,1,0,1,0,0,0,85,1,9,0
1732503,0,0,1,1,0,0,85,1,9,0
1733872,0,1,1,1,1,1,85,1,9,0
1734932,1,0,1,1,0,0,85,1,9,0
1736714,1,1,1,1,1,0,85,1,9,0
1737553,1,1,0,0,0,0,85,1,9,0
1738026,1,0,0,1,1,0,85,1,9,0
1738036,1,1,0,0,0,0,85,1,9,0
1738526,1,1,1,1,1,0,85,1,9,0
1741410,0,0,0,0,1,0,85,1,9,0
1747652,1,1,1,1,1,0,85,1,9,0
1748449,1,1,1,1,1,0,85,1,9,0
1748740,0,1,1,0,1,0,85,1,9,0
1748905,1,1,0,0,0,0,85,1,9,0
1749640,0,1,0,1,0,0,85,1,9,0
1749775,0,0,1,1,0,0,85,1,9,0
1750628,0,1,1,0,1,0,85,1,9,0
1751387,1,1,1,1,1,0,85,1,9,0
1751729,0,0,1,1,0,0,85,1,9,0
1751832,0,0,1,1,0,0,85,1,9,0
1751869,0,1,1,0,1,0,85,1,9,0
1753351,0,1,1,0,1,0,85,1,9,0
1757670,1,0,1,0,0,0,85,1,9,0
1758785,0,0,1,1,0,0,85,1,9,0
1758827,1,1,0,0,0,0,85,1,9,0
1759005,1,1,0,0,0,0,85,1,9,0
1759163,0,0,0,0,1,0,85,1,9,0
1760006,0,1,1,0,1,0,85,1,9,0
1760642,1,1,0,0,0,0,85,1,9,0
1761792,0,0,0,0,1,0,85,1,9,0
1761817,1,0,1,0,0,0,85,1,9,0
1762838,0,1,1,0,1,0,85,1,9,0
1765908,0,0,0,0,1,0,85,1,9,0
1766743,1,1,0,0,0,0,85,1,9,0
1769472,0,0,1,1,0,0,122,2,9,0
1770665,0,1,0,1,0,0,122,2,9,0
1770861,0,0,0,0,1,0,122,2,9,0
1771541,1,1,0,1,0,0,122,2,9,0
1772298,0,0,1,1,0,0,122,2,9,0
1773144,1,0,1,0,0,0,122,2,9,0
1773618,0,0,1,1,0,0,122,2,9,0
1773985,0,1,0,1,0,0,122,2,9,0
1775366,0,1,1,0,1,0,122,2,9,0
1776168,1,1,0,1,0,0,122,2,9,0
1776539,1,0,0,1,1,0,122,2,9,0
1778506,1,1,1,1,1,0,122,2,9,0
1778704,1,1,1,1,1,0,122,2,9,0
1778946,1,0,0,1,1,0,122,2,9,0
1779459,0,0,1,1,0,0,122,2,9,0
1780513,1,1,0,0,0,0,122,2,9,0
1781747,1,0,1,0,0,0,122,2,9,0
1781918,1,0,0,1,1,0,122,2,9,0
1785086,0,0,0,0,1,0,122,2,9,0
1785092,0,0,0,1,1,1,122,2,9,0
1785789,1,1,1,1,1,0,122,2,9,0
1787101,1,0,1,0,0,0,122,2,9,0
1788480,0,0,1,1,0,0,122,2,9,0
1789227,0,1,0,1,0,0,122,2,9,0
1791154,1,0,0,1,1,0,122,2,9,0
1792037,1,1,1,1,1,0,122,2,9,0
1792627,1,0,1,0,0,0,122,2,9,0
1793052,1,1,0,0,0,0,122,2,9,0
1793366,0,0,1,1,0,0,122,2,9,0
1793640,0,0,1,0,0,0,122,2,9,0
1794255,0,0,0,0,1,0,122,2,9,0
1794605,0,0,1,1,0,0,122,2,9,0
1794851,0,1,0,0,0,0,122,2,9,0
1795148,0,1,0,1,0,0,122,2,9,0
1796322,1,1,0,0,0,0,122,2,9,0
1796947,0,0,1,1,0,0,122,2,9,0
1798608,0,1,0,1,0,0,122,2,9,0
1799824,0,0,0,0,1,0,122,2,9,0
1800089,0,1,1,0,1,0,122,2,9,0
1800523,0,1,1,0,1,0,122,2,9,0
1800600,0,1,0,1,0,0,122,2,9,0
1800741,1,0,0,1,1,0,122,2,9,0
1801529,1,0,1,0,0,0,122,2,9,0
1802551,0,0,0,0,1,0,122,2,9,0
1803107,1,1,0,0,0,0,122,2,9,0
1804227,0,1,0,1,0,0,122,2,9,0
1804332,0,0,0,0,1,0,122,2,9,0
1806723,0,0,0,0,1,0,122,2,9,0
1807293,1,1,0,0,0,0,122,2,9,0
1807637,1,0,1,0,0,0,122,2,9,0
1809193,0,0,1,1,0,0,122,2,9,0
1809351,1,1,1,1,1,0,122,2,9,0
1809773,1,0,0,1,1,0,122,2,9,0
1811213,0,1,1,0,1,0,122,2,9,0
1811627,1,0,0,1,1,0,122,2,9,0
1812019,0,1,0,0,0,0,122,2,9,0
1812683,0,0,0,0,1,0,122,2,9,0
1813394,0,0,1,1,0,0,122,2,9,0
1813449,0,1,1,0,1,0,122,2,9,0
1814552,1,0,0,1,1,0,122,2,9,0
1814796,0,0,0,0,1,0,122,2,9,0
1815363,1,0,1,0,0,0,122,2,9,0
1816046,0,0,1,1,0,0,122,2,9,0
1816251,0,0,0,0,1,0,122,2,9,0
1817943,0,1,1,0,1,0,122,2,9,0
1818865,1,0,1,0,0,0,122,2,9,0
1820105,0,0,1,1,0,0,122,2,9,0
1820343,0,0,1,1,0,0,122,2,9,0
1820888,1,0,1,0,0,0,122,2,9,0
1822868,1,0,0,1,1,0,122,2,9,0
1822932,0,0,1,1,0,0,122,2,9,0
1823088,0,0,1,1,0,0,122,2,9,0
1823095,1,0,0,1,1,0,122,2,9,0
1824307,1,1,1,1,1,0,122,2,9,0
1824901,0,0,1,1,0,0,122,2,9,0
1824967,1,0,0,1,1,0,122,2,9,0
1826736,1,0,0,1,1,0,122,2,9,0
1828170,1,1,1,1,1,0,122,2,9,0
1828357,0,0,1,1,0,0,122,2,9,0
1829815,1,1,1,1,1,0,122,2,9,0
1829824,0,1,0,1,0,0,122,2,9,0
1830244,0,0,1,1,0,0,122,2,9,0
1831549,0,0,0,0,1,0,122,2,9,0
1833762,1,0,1,0,0,0,122,2,9,0
1833856,0,0,0,0,1,0,122,2,9,0
1834241,1,0,0,1,1,0,122,2,9,0
1835099,1,0,1,0,0,0,187,2,12,0
1835256,1,0,0,1,1,0,187,2,12,0
1835500,0,0,1,1,0,0,187,2,12,0
1835539,0,0,1,1,0,0,187,2,12,0
1835665,1,1,0,0,0,0,187,2,12,0
1835713,0,1,0,1,0,0,187,2,12,0
1836024,0,1,0,1,0,0,187,2,12,0
1837792,0,0,0,0,1,0,187,2,12,0
1837912,1,0,0,1,1,0,187,2,12,0
1838796,0,0,1,1,0,0,187,2,12,0
1839147,0,1,0,1,0,0,187,2,12,0
1840114,0,0,1,1,0,0,187,2,12,0
1840470,1,0,0,1,1,0,187,2,12,0
1840625,1,0,0,1,1,0,187,2,12,0
1840888,1,0,1,0,0,0,187,2,12,0
1841287,1,0,0,1,1,0,187,2,12,0
1841813,1,0,1,0,0,0,187,2,12,0
1841865,1,0,1,0,0,0,187,2,12,0
1841912,1,1,0,0,0,0,187,2,12,0
1842159,1,0,0,1,1,0,187,2,12,0
1842235,1,1,0,0,0,0,187,2,12,0
1843155,1,0,1,0,0,0,187,2,12,0
1843209,1,0,0,1,1,0,187,2,12,0
1843714,1,0,1,0,0,0,187,2,12,0
1843756,1,1,0,0,0,0,187,2,12,0
1844909,0,0,0,0,1,0,187,2,12,0
1845491,1,1,1,1,1,0,187,2,12,0
1845875,0,1,0,1,0,0,187,2,12,0
1846282,1,1,0,0,0,0,187,2,12,0
1846382,1,0,0,1,1,0,187,2,12,0
1847552,1,0,1,0,0,0,187,2,12,0
1847658,1,1,1,1,1,0,187,2,12,0
1849481,1,0,1,0,0,0,187,2,12,0
1850300,0,0,1,1,0,0,187,2,12,0
1850361,0,1,1,0,1,0,187,2,12,0
1850652,0,1,1,0,1,0,187,2,12,0
1850901,1,0,1,0,0,0,187,2,12,0
1851056,0,1,0,1,0,0,187,2,12,0
1851114,0,0,1,1,0,0,187,2,12,0
1851293,1,1,1,1,1,0,187,2,12,0
1851454,0,1,0,1,0,0,187,2,12,0
1851927,1,0,0,1,1,0,187,2,12,0
1852390,1,1,1,1,1,0,187,2,12,0
1854241,1,0,0,1,1,0,187,2,12,0
1854297,0,0,1,1,0,0,187,2,12,0
1854333,1,1,1,0,1,1,187,2,12,0
1854727,1,1,1,1,1,0,187,2,12,0
1854738,0,1,1,0,1,0,187,2,12,0
1854868,0,0,1,1,0,0,187,2,12,0
1855130,0,1,1,0,1,0,187,2,12,0
1855162,1,0,1,0,0,0,187,2,12,0
1855598,0,1,1,0,1,0,187,2,12,0
1855615,1,0,0,1,1,0,187,2,12,0
1856144,0,1,1,0,1,0,187,2,12,0
1857545,0,0,1,1,0,0,187,2,12,0
1858204,0,1,1,0,1,0,187,2,12,0
1858502,0,1,0,1,0,0,187,2,12,0
1859780,1,1,1,1,1,0,187,2,12,0
1859817,0,0,0,0,1,0,187,2,12,0
1860482,1,1,0,0,0,0,187,2,12,0
1860609,1,1,1,1,1,0,187,2,12,0
1862482,1,1,0,0,0,0,187,2,12,0
1862548,0,1,0,1,0,0,187,2,12,0
1863653,1,1,1,1,1,0,187,2,12,0
1863726,1,0,1,0,0,0,187,2,12,0
1863892,1,0,1,0,0,0,187,2,12,0
1864647,1,0,1,0,0,0,187,2,12,0
1865457,0,0,0,0,1,0,187,2,12,0
1865985,1,1,1,1,1,0,187,2,12,0
1866318,0,0,0,0,1,0,187,2,12,0
1867335,0,0,1,1,0,0,187,2,12,0
1867583,0,1,1,0,1,0,187,2,12,0
1867727,1,0,1,0,0,0,187,2,12,0
1867729,0,0,0,0,1,0,187,2,12,0
1867945,0,1,1,0,1,0,187,2,12,0
1868941,1,1,0,0,0,0,187,2,12,0
1869752,1,0,1,0,0,0,187,2,12,0
1870453,0,0,1,1,0,0,187,2,12,0
1870489,1,0,1,0,0,0,187,2,12,0
1870561,0,0,1,1,0,0,187,2,12,0
1870778,0,1,1,0,1,0,187,2,12,0
1871215,1,1,1,1,1,0,187,2,12,0
1871268,0,1,1,0,1,0,187,2,12,0
1871781,0,1,1,0,1,0,187,2,12,0
1872556,1,1,1,1,1,0,187,2,12,0
1872748,1,0,0,1,1,0,187,2,12,0
1872764,1,1,0,0,0,0,187,2,12,0
1873007,1,1,1,1,1,0,187,2,12,0
1874156,0,1,1,1,1,1,187,2,12,0
1874166,0,0,0,0,1,0,187,2,12,0
1874462,1,1,0,0,0,0,187,2,12,0
1874463,0,1,1,0,1,0,187,2,12,0
1874595,1,0,1,0,0,0,187,2,12,0
1874836,1,1,1,1,1,0,187,2,12,0
1875065,1,0,0,1,1,0,187,2,12,0
1875202,0,0,0,0,1,0,187,2,12,0
1875242,0,0,0,0,1,0,187,2,12,0
1875275,0,1,0,1,0,0,187,2,12,0
1875438,0,1,0,1,0,0,187,2,12,0
1875933,1,1,1,1,1,0,187,2,12,0
1876084,1,1,0,0,0,0,187,2,12,0
1877547,1,1,1,0,1,1,187,2,12,0
1877556,1,0,1,0,0,0,187,2,12,0
1878017,0,0,0,0,1,0,187,2,12,0
1878105,1,1,0,0,0,0,187,2,12,0
1878141,1,0,1,0,0,0,187,2,12,0
1879589,0,1,1,0,1,0,187,2,12,0
1879761,1,1,1,1,1,0,187,2,12,0
1880083,0,1,0,1,0,0,187,2,12,0
1880157,1,0,1,0,0,0,187,2,12,0
1880409,0,0,1,1,0,0,187,2,12,0
1881211,0,1,0,1,0,0,187,2,12,0
1881555,1,1,1,1,1,0,187,2,12,0
1882890,1,0,1,0,0,0,187,2,12,0
1882921,0,0,0,0,1,0,187,2,12,0
1883085,1,1,0,0,0,0,187,2,12,0
1883204,0,0,1,1,0,0,187,2,12,0
1883917,0,0,1,1,0,0,187,2,12,0
1884982,0,0,0,0,1,0,187,2,12,0
1885640,0,0,0,0,1,0,187,2,12,0
1885714,0,1,0,1,0,0,187,2,12,0
1885728,0,0,1,1,0,0,187,2,12,0
1886211,1,0,0,1,1,0,187,2,12,0
1886356,1,1,1,1,1,0,187,2,12,0
1886619,0,1,1,0,1,0,187,2,12,0
1886676,0,1,1,0,1,0,187,2,12,0
1886702,1,0,1,0,0,0,187,2,12,0
1887468,0,1,1,0,1,0,187,2,12,0
1888068,1,0,1,0,0,0,187,2,12,0
1888769,0,1,1,0,1,0,187,2,12,0
1889178,0,0,0,0,1,0,187,2,12,0
1889209,1,1,0,0,0,0,187,2,12,0
1889280,1,0,1,1,0,0,187,2,12,0
1890191,1,1,1,1,1,0,187,2,12,0
1890245,1,1,1,1,1,0,187,2,12,0
1890268,1,0,1,0,0,0,187,2,12,0
1890630,0,1,0,1,0,0,187,2,12,0
1890861,1,1,0,0,0,0,187,2,12,0
1890952,0,1,0,1,0,0,187,2,12,0
1890984,0,1,1,0,1,0,187,2,12,0
1891475,1,0,0,1,1,0,187,2,12,0
1891510,0,0,0,0,1,0,187,2,12,0
1891937,0,1,0,1,0,0,187,2,12,0
1892488,0,0,0,0,1,0,187,2,12,0
1892815,1,0,0,1,1,0,187,2,12,0
1892939,0,1,1,0,1,0,187,2,12,0
1893340,0,0,1,1,0,0,187,2,12,0
1893670,1,1,0,0,0,0,187,2,12,0
1894341,0,1,0,1,0,0,187,2,12,0
1894520,1,0,0,1,1,0,187,2,12,0
1894724,1,1,0,0,0,0,187,2,12,0
1895693,0,0,1,1,0,0,187,2,12,0
1896007,1,0,0,1,1,0,187,2,12,0
1896412,0,0,0,0,1,0,187,2,12,0
1896684,1,1,1,1,1,0,187,2,12,0
1897166,1,0,1,0,0,0,187,2,12,0
1897182,0,0,0,0,1,0,187,2,12,0
1897831,0,1,1,0,1,0,187,2,12,0
1898380,0,1,1,0,1,0,187,2,12,0
1898517,0,1,0,1,0,0,187,2,12,0
1898660,1,0,0,1,1,0,187,2,12,0
1899132,1,1,1,1,1,0,187,2,12,0
1899136,1,1,1,1,1,0,187,2,12,0
1899267,1,0,0,1,1,0,187,2,12,0
1899330,0,1,1,0,1,0,187,2,12,0
1899462,0,1,0,1,0,0,187,2,12,0
1899463,1,0,0,1,1,0,187,2,12,0
1899610,1,1,1,1,1,0,187,2,12,0
1899835,1,1,0,0,0,0,187,2,12,0
1900113,1,1,1,1,1,0,187,2,12,0
1900172,0,0,0,0,1,0,187,2,12,0
1902166,0,1,1,0,1,0,160,2,12,0
1902187,0,0,1,1,0,0,160,2,12,0
1903013,0,1,1,0,1,0,160,2,12,0
1903174,1,0,1,0,0,0,160,2,12,0
1903770,1,0,1,0,0,0,160,2,12,0
1904149,1,0,1,0,0,0,160,2,12,0
1904394,0,1,0,1,0,0,160,2,12,0
1904501,1,0,1,0,0,0,160,2,12,0
1904504,0,1,1,0,1,0,160,2,12,0
1905189,1,0,0,1,1,0,160,2,12,0
1907073,0,1,0,1,0,0,160,2,12,0
1907398,0,1,0,1,0,0,160,2,12,0
1907721,0,1,0,1,0,0,160,2,12,0
1908415,1,0,1,0,0,0,160,2,12,0
1908901,0,1,0,1,0,0,160,2,12,0
1909179,0,0,0,0,1,0,160,2,12,0
1909257,0,0,1,1,0,0,160,2,12,0
1910259,1,1,0,0,0,0,160,2,12,0
1910395,1,1,1,1,1,0,160,2,12,0
1910549,0,1,1,0,1,0,160,2,12,0
1911991,0,1,0,1,0,0,160,2,12,0
1912388,0,0,0,0,1,0,160,2,12,0
1912401,0,0,1,1,0,0,160,2,12,0
1913553,1,1,0,0,0,0,160,2,12,0
1913665,1,0,1,0,0,0,160,2,12,0
1914521,1,1,1,1,1,0,160,2,12,0
1914638,1,1,1,1,1,0,160,2,12,0
1914843,0,1,0,1,0,0,160,2,12,0
1915065,1,0,1,0,0,0,160,2,12,0
1915569,1,0,1,1,0,0,160,2,12,0
1916182,0,1,0,1,0,0,160,2,12,0
1917246,0,1,1,0,1,0,160,2,12,0
1918051,1,1,0,0,0,0,160,2,12,0
1918423,1,1,1,1,1,0,160,2,12,0
1918759,0,0,0,0,1,0,160,2,12,0
1919484,1,1,0,0,0,0,160,2,12,0
1919530,0,1,1,0,1,0,160,2,12,0
1919957,0,1,1,0,1,0,160,2,12,0
1920844,1,0,0,1,1,0,160,2,12,0
1921273,1,1,0,0,0,0,160,2,12,0
1921769,0,1,0,1,0,0,160,2,12,0
1921774,1,1,1,1,1,0,160,2,12,0
1921869,0,0,0,0,1,0,160,2,12,0
1921874,0,1,1,0,1,0,160,2,12,0
1923447,0,0,0,0,1,0,160,2,12,0
1923617,0,1,1,0,1,0,160,2,12,0
1923838,1,0,1,0,0,0,160,2,12,0
1925091,1,1,1,1,1,0,160,2,12,0
1925438,0,1,1,0,1,0,160,2,12,0
1926029,1,0,1,0,0,0,160,2,12,0
1926565,0,0,1,1,0,0,160,2,12,0
1926877,1,0,0,1,1,0,160,2,12,0
1927671,0,0,1,1,0,0,160,2,12,0
1928106,0,0,1,1,0,0,160,2,12,0
1928642,0,0,1,1,0,0,160,2,12,0
1930008,1,0,1,0,0,0,160,2,12,0
1930109,1,0,1,0,0,0,160,2,12,0
1930600,1,0,0,1,1,0,160,2,12,0
1930916,0,0,0,0,1,0,160,2,12,0
1931131,1,1,0,0,0,0,160,2,12,0
1931293,1,1,0,0,0,0,160,2,12,0
1931333,0,1,0,1,0,0,160,2,12,0
1931505,1,0,1,0,0,0,160,2,12,0
1931776,1,0,0,1,1,0,160,2,12,0
1931787,0,0,0,0,1,0,160,2,12,0
1931832,1,1,0,0,0,0,160,2,12,0
1932142,0,0,1,1,0,0,160,2,12,0
1932576,0,0,1,0,0,0,160,2,12,0
1932620,1,0,0,0,1,1,160,2,12,0
1933418,1,1,1,1,1,0,160,2,12,0
1933623,0,1,0,1,0,0,160,2,12,0
1934333,0,1,1,0,1,0,160,2,12,0
1934639,0,1,0,1,0,0,160,2,12,0
1935368,1,1,0,0,0,0,160,2,12,0
1935380,1,1,0,0,0,0,160,2,12,0
1935645,1,1,0,0,0,0,160,2,12,0
1935714,1,0,1,0,0,0,160,2,12,0
1936688,1,1,1,1,1,0,160,2,12,0
1937246,1,1,0,0,0,0,160,2,12,0
1937678,1,1,1,1,1,0,160,2,12,0
1937759,1,1,1,1,1,0,160,2,12,0
1938011,0,0,1,1,0,0,160,2,12,0
1938030,0,1,0,1,0,0,160,2,12,0
1938130,1,1,1,1,1,0,160,2,12,0
1938362,0,0,1,1,0,0,160,2,12,0
1938474,1,0,1,0,0,0,160,2,12,0
1938509,0,0,0,0,1,0,160,2,12,0
1938968,0,1,1,0,1,0,160,2,12,0
1939794,0,1,1,0,1,0,160,2,12,0
1941391,1,1,1,1,1,0,160,2,12,0
1942386,0,1,1,0,1,0,160,2,12,0
1943150,0,1,1,0,1,0,160,2,12,0
1943424,1,1,0,0,0,0,160,2,12,0
1943429,0,0,1,1,0,0,160,2,12,0
1943796,1,1,0,0,0,0,160,2,12,0
1944057,0,1,1,0,1,0,160,2,12,0
1944093,0,1,1,1,1,1,160,2,12,0
1944869,1,0,1,0,0,0,160,2,12,0
1944887,0,0,0,0,1,0,160,2,12,0
1946345,1,0,1,0,0,0,160,2,12,0
1946409,0,0,0,0,1,0,160,2,12,0
1947138,0,1,0,1,0,0,160,2,12,0
1947189,0,0,1,1,0,0,160,2,12,0
1947404,1,0,1,0,0,0,160,2,12,0
1947535,0,0,0,0,1,0,160,2,12,0
1948099,1,0,1,1,0,0,160,2,12,0
1948902,0,1,1,0,1,0,160,2,12,0
1948921,0,0,1,1,0,0,160,2,12,0
1949376,0,0,0,0,1,0,160,2,12,0
1950488,0,0,1,1,0,0,160,2,12,0
1951133,1,0,0,1,1,0,160,2,12,0
1951216,0,1,0,1,0,0,160,2,12,0
1952082,0,0,1,1,0,0,160,2,12,0
1952223,1,0,1,0,0,0,160,2,12,0
1953516,0,0,0,0,1,0,160,2,12,0
1953829,0,1,1,1,1,1,160,2,12,0
1954764,1,1,0,0,0,0,160,2,12,0
1955459,0,0,1,1,0,0,160,2,12,0
1956091,0,0,1,1,0,0,160,2,12,0
1956759,1,1,0,0,0,0,160,2,12,0
1957027,0,0,0,0,1,0,160,2,12,0
1957174,1,0,1,0,0,0,160,2,12,0
1957388,1,0,1,0,0,0,160,2,12,0
1957649,0,1,0,1,0,0,160,2,12,0
1957811,1,0,0,1,1,0,160,2,12,0
1958232,0,0,1,1,0,0,160,2,12,0
1958730,1,0,1,0,0,0,160,2,12,0
1958762,0,1,1,0,1,0,160,2,12,0
1959218,1,0,1,0,0,0,160,2,12,0
1959900,0,1,0,1,0,0,160,2,12,0
1960134,0,0,1,1,0,0,160,2,12,0
1960703,0,1,1,0,1,0,160,2,12,0
1961370,1,1,0,0,0,0,160,2,12,0
1961857,1,0,1,1,0,0,160,2,12,0
1962176,0,1,0,1,0,0,160,2,12,0
1962187,0,1,0,1,0,0,160,2,12,0
1962343,1,1,1,1,1,0,160,2,12,0
1962509,1,1,1,1,1,0,160,2,12,0
1962569,0,1,1,0,1,0,160,2,12,0
1963210,1,1,1,1,1,0,160,2,12,0
1963409,0,0,0,0,1,0,160,2,12,0
1963803,0,0,1,1,0,0,160,2,12,0
1964408,1,1,0,0,0,0,160,2,12,0
1964958,0,1,0,1,0,0,160,2,12,0
1968943,0,0,0,0,1,0,64,2,12,0
1969739,1,1,1,1,1,0,64,2,12,0
1971553,1,0,0,1,1,0,64,2,12,0
1971932,0,0,0,0,1,0,64,2,12,0
1971977,0,0,1,1,0,0,64,2,12,0
1973046,0,0,0,0,1,0,64,2,12,0
1973158,0,0,1,1,0,0,64,2,12,0
1974102,1,0,0,1,1,0,64,2,12,0
1974109,0,0,1,1,0,0,64,2,12,0
1976043,1,0,1,0,0,0,64,2,12,0
1976408,0,0,0,0,1,0,64,2,12,0
1978440,0,0,0,0,1,0,64,2,12,0
1979037,0,1,1,0,1,0,64,2,12,0
1980875,1,1,1,1,1,0,64,2,12,0
1980962,1,0,1,0,0,0,64,2,12,0
1981153,0,0,0,0,1,0,64,2,12,0
1981203,1,1,1,1,1,0,64,2,12,0
1983114,1,0,1,0,0,0,64,2,12,0
1983391,1,0,1,0,0,0,64,2,12,0
1983545,1,1,0,0,0,0,64,2,12,0
1985956,0,1,1,0,1,0,64,2,12,0
1987078,0,1,1,0,1,0,64,2,12,0
1987540,0,1,1,0,1,0,64,2,12,0
1987774,1,0,1,0,0,0,64,2,12,0
1988089,1,0,0,1,1,0,64,2,12,0
1988928,0,1,1,0,1,0,64,2,12,0
1989495,1,1,1,1,1,0,64,2,12,0
1990897,1,0,1,0,0,0,64,2,12,0
1991474,1,1,0,0,0,0,64,2,12,0
1991724,1,1,0,0,0,0,64,2,12,0
1991758,1,0,0,1,1,0,64,2,12,0
1992569,1,0,1,0,0,0,64,2,12,0
1992598,1,1,1,1,1,0,64,2,12,0
1992848,1,0,0,1,1,0,64,2,12,0
1994040,1,1,0,0,0,0,64,2,12,0
1994120,0,1,0,1,0,0,64,2,12,0
1995266,1,0,1,0,0,0,64,2,12,0
1995868,1,0,1,0,0,0,64,2,12,0
1996218,0,1,1,0,1,0,64,2,12,0
1996929,1,1,0,0,0,0,64,2,12,0
1998802,1,0,1,0,0,0,64,2,12,0
1999908,1,0,0,1,1,0,64,2,12,0
2000159,1,0,0,1,1,0,64,2,12,0
2000195,0,0,0,0,1,0,64,2,12,0
2005820,1,0,1,0,0,0,64,2,12,0
2006661,1,1,0,0,0,0,64,2,12,0
2008375,1,1,1,1,1,0,64,2,12,0
2008463,0,0,0,0,1,0,64,2,12,0
2008813,1,0,1,0,0,0,64,2,12,0
2008939,1,1,0,0,0,0,64,2,12,0
2010195,0,0,1,1,0,0,64,2,12,0
2012526,1,0,1,0,0,0,64,2,12,0
2013764,0,0,0,0,1,0,64,2,12,0
2014474,1,0,0,1,1,0,64,2,12,0
2014520,1,1,1,1,1,0,64,2,12,0
2014554,0,0,0,0,1,0,64,2,12,0
2015718,1,0,0,1,1,0,64,2,12,0
2016701,1,1,0,0,0,0,64,2,12,0
2016816,0,0,1,1,0,0,64,2,12,0
2019419,1,0,0,1,1,0,64,2,12,0
2019789,0,1,1,0,1,0,64,2,12,0
2022049,0,1,0,0,0,0,64,2,12,0
2025614,0,0,0,0,1,0,64,2,12,0
2025637,1,0,0,1,1,0,64,2,12,0
2026372,1,0,1,0,0,0,64,2,12,0
2026985,0,1,0,1,0,0,64,2,12,0
2027404,1,1,0,0,0,0,64,2,12,0
2031629,1,1,1,1,1,0,79,1,12,0
2032610,0,1,1,0,1,0,79,1,12,0
2035743,0,0,0,0,1,0,79,1,12,0
2037274,1,0,1,0,0,0,79,1,12,0
2040122,1,0,0,1,1,0,79,1,12,0
2043080,0,1,0,1,0,0,79,1,12,0
2043090,1,1,0,0,0,0,79,1,12,0
2043116,1,1,1,1,1,0,79,1,12,0
2043953,0,0,1,1,0,0,79,1,12,0
2044596,1,1,0,0,0,0,79,1,12,0
2044761,0,1,1,0,1,0,79,1,12,0
2045876,0,0,1,1,0,0,79,1,12,0
2045911,0,1,0,1,0,0,79,1,12,0
2050717,1,1,0,0,0,0,79,1,12,0
2051277,1,1,1,1,1,0,79,1,12,0
2051909,0,1,0,1,0,0,79,1,12,0
2052239,0,0,0,0,1,0,79,1,12,0
2052892,1,1,1,1,1,0,79,1,12,0
2055230,1,1,0,0,0,0,79,1,12,0
2055500,0,1,1,0,1,0,79,1,12,0
2056275,1,0,0,1,1,0,79,1,12,0
2056699,0,0,0,0,1,0,79,1,12,0
2057605,0,0,0,0,1,0,79,1,12,0
2061761,1,0,1,0,0,0,79,1,12,0
2062703,1,1,0,0,0,0,79,1,12,0
2066202,1,0,1,0,0,0,79,1,12,0
2066580,0,0,1,1,0,0,79,1,12,0
2066888,1,1,1,1,1,0,79,1,12,0
2068888,1,0,0,1,1,0,79,1,12,0
2069597,1,0,0,1,1,0,79,1,12,0
2073593,0,0,0,0,1,0,79,1,12,0
2075328,1,0,1,0,0,0,79,1,12,0
2076021,1,1,1,1,1,0,79,1,12,0
2076264,1,0,0,1,1,0,79,1,12,0
2076697,1,1,0,0,0,0,79,1,12,0
2076874,0,0,0,0,1,0,79,1,12,0
2077937,0,1,1,0,1,0,79,1,12,0
2078656,0,0,0,0,1,0,79,1,12,0
2078699,1,1,1,0,1,1,79,1,12,0
2079445,1,0,1,0,0,0,79,1,12,0
2079767,0,1,1,0,1,0,79,1,12,0
2080534,1,1,1,1,1,0,79,1,12,0
2080785,0,1,1,0,1,0,79,1,12,0
2082245,1,0,0,1,1,0,79,1,12,0
2083444,1,0,1,0,0,0,79,1,12,0
2084245,0,0,1,1,0,0,79,1,12,0
2084640,1,1,0,0,0,0,79,1,12,0
2085722,1,0,1,0,0,0,79,1,12,0
2085766,1,0,1,0,0,0,79,1,12,0
2087952,0,1,1,0,1,0,79,1,12,0
2088549,1,1,1,1,1,0,79,1,12,0
2088981,1,1,0,0,0,0,79,1,12,0
2089617,1,1,1,1,1,0,79,1,12,0
2092708,1,0,1,0,0,0,79,1,12,0
2093332,0,1,0,1,0,0,79,1,12,0
2093869,0,1,0,1,0,0,79,1,12,0
2094221,1,0,1,0,0,0,79,1,12,0
2094884,0,1,0,1,0,0,79,1,12,0
2096607,0,0,1,1,0,0,79,1,12,0
2096616,1,0,1,0,0,0,79,1,12,0
2097002,0,0,1,1,0,0,79,1,12,0
2103190,1,1,1,1,1,0,25,1,9,1
2117368,1,0,1,0,0,0,25,1,9,1
2129266,1,1,1,0,1,1,25,1,9,1
2139848,0,0,1,1,0,0,25,1,9,1
2142435,1,0,1,0,0,0,25,1,9,1
2143700,0,1,1,0,1,0,25,1,9,1
2152722,1,1,0,0,0,0,25,1,9,1
2155566,0,0,1,1,0,0,25,1,9,1
2159846,0,1,1,1,1,1,25,1,9,1
2160710,0,1,0,1,0,0,25,1,9,1
2163704,1,1,0,0,0,0,65,1,9,0
2166252,0,1,1,0,1,0,65,1,9,0
2166938,0,0,0,0,1,0,65,1,9,0
2170370,0,1,1,0,1,0,65,1,9,0
2170682,0,1,0,1,0,0,65,1,9,0
2172249,0,1,0,1,0,0,65,1,9,0
2172344,1,0,0,1,1,0,65,1,9,0
2173366,0,0,1,1,0,0,65,1,9,0
2177467,0,0,0,0,1,0,65,1,9,0
2178569,1,0,1,0,0,0,65,1,9,0
2179371,0,0,1,1,0,0,65,1,9,0
2179709,1,1,0,0,0,0,65,1,9,0
2182736,1,0,0,1,1,0,65,1,9,0
2184122,0,1,1,0,1,0,65,1,9,0
2188186,1,0,0,1,1,0,65,1,9,0
2189628,0,0,1,1,0,0,65,1,9,0
2190473,0,0,1,1,0,0,65,1,9,0
2194406,1,1,1,1,1,0,65,1,9,0
2194611,0,0,0,0,1,0,65,1,9,0
2198249,1,1,1,1,1,0,65,1,9,0
2201466,1,1,1,1,1,0,65,1,9,0
2202336,0,1,0,1,0,0,65,1,9,0
2204807,1,0,0,1,1,0,65,1,9,0
2204925,1,0,1,0,0,0,65,1,9,0
2205989,1,0,0,1,1,0,65,1,9,0
2208710,0,0,1,1,0,0,65,1,9,0
2208891,0,1,0,1,0,0,65,1,9,0
2210554,1,1,1,1,1,0,65,1,9,0
2210750,0,1,0,1,0,0,65,1,9,0
2210778,1,0,1,0,0,0,65,1,9,0
2211718,1,0,1,0,0,0,65,1,9,0
2212767,1,1,0,0,0,0,65,1,9,0
2214584,1,0,1,0,0,0,65,1,9,0
2214721,0,1,1,0,1,0,65,1,9,0
2215379,0,0,0,0,1,0,65,1,9,0
2215490,0,0,0,0,1,0,65,1,9,0
2216103,1,0,1,0,0,0,65,1,9,0
2216421,0,0,0,0,1,0,65,1,9,0
2216839,1,1,0,0,0,0,65,1,9,0
2218111,0,0,1,1,0,0,65,1,9,0
2218621,0,0,1,1,0,0,65,1,9,0
2220291,1,0,1,0,0,0,65,1,9,0
2220495,1,1,0,0,0,0,65,1,9,0
2220950,1,0,0,1,1,0,65,1,9,0
2226096,0,1,1,0,1,0,65,1,9,0
2226474,0,1,0,1,0,0,65,1,9,0
2227592,1,1,1,1,1,0,65,1,9,0
2231342,1,1,0,0,0,0,114,2,9,0
2231771,1,1,1,1,1,0,114,2,9,0
2232379,0,1,0,1,0,0,114,2,9,0
2233880,0,0,1,1,0,0,114,2,9,0
2234933,1,0,0,1,1,0,114,2,9,0
2235035,0,1,1,0,1,0,114,2,9,0
2235063,1,0,0,1,1,0,114,2,9,0
2235403,1,0,1,0,0,0,114,2,9,0
2235577,0,0,0,0,1,0,114,2,9,0
2235948,1,1,0,0,0,0,114,2,9,0
2236271,1,1,1,1,1,0,114,2,9,0
2238125,1,0,0,1,1,0,114,2,9,0
2239684,1,0,0,1,1,0,114,2,9,0
2239950,1,0,1,0,0,0,114,2,9,0
2241864,1,0,0,1,1,0,114,2,9,0
2242472,0,0,0,0,1,0,114,2,9,0
2242781,1,1,0,0,0,0,114,2,9,0
2242972,0,1,0,1,0,0,114,2,9,0
2243188,1,1,0,0,0,0,114,2,9,0
2243315,1,0,1,0,0,0,114,2,9,0
2244488,1,0,0,1,1,0,114,2,9,0
2244528,1,1,1,1,1,0,114,2,9,0
2244948,0,0,0,0,1,0,114,2,9,0
2245216,0,1,1,0,1,0,114,2,9,0
2245243,0,0,0,0,1,0,114,2,9,0
2245271,0,0,0,0,1,0,114,2,9,0
2245361,1,1,1,1,1,0,114,2,9,0
2245500,0,1,0,1,0,0,114,2,9,0
2245642,1,1,1,1,1,0,114,2,9,0
2248606,0,1,0,1,0,0,114,2,9,0
2249063,1,0,1,0,0,0,114,2,9,0
2250178,0,1,1,1,1,1,114,2,9,0
2250198,1,0,0,1,1,0,114,2,9,0
2251692,0,0,1,1,0,0,114,2,9,0
2251898,0,1,1,0,1,0,114,2,9,0
2253303,0,0,1,1,0,0,114,2,9,0
2254406,0,0,0,0,1,0,114,2,9,0
2255014,0,1,1,0,1,0,114,2,9,0
2255206,0,1,1,0,1,0,114,2,9,0
2255415,0,1,1,0,1,0,114,2,9,0
2256227,1,0,1,0,0,0,114,2,9,0
2256259,1,1,1,1,1,0,114,2,9,0
2256627,1,1,0,0,0,0,114,2,9,0
2257164,0,0,1,1,0,0,114,2,9,0
2257269,0,1,0,1,0,0,114,2,9,0
2257282,1,1,1,1,1,0,114,2,9,0
2257734,0,0,1,1,0,0,114,2,9,0
2258184,0,1,0,1,0,0,114,2,9,0
2258209,1,0,0,1,1,0,114,2,9,0
2258595,1,0,1,0,0,0,114,2,9,0
2259240,1,0,0,1,1,0,114,2,9,0
2261901,0,0,1,1,0,0,114,2,9,0
2262089,1,0,1,0,0,0,114,2,9,0
2262111,0,0,1,1,0,0,114,2,9,0
2263314,1,0,0,1,1,0,114,2,9,0
2263811,1,0,0,1,1,0,114,2,9,0
2264084,0,1,0,1,0,0,114,2,9,0
2264788,1,1,0,0,0,0,114,2,9,0
2265283,0,1,1,0,1,0,114,2,9,0
2266507,0,0,0,0,1,0,114,2,9,0
2267357,1,0,1,0,0,0,114,2,9,0
2267441,0,1,0,1,0,0,114,2,9,0
2268597,1,1,1,1,1,0,114,2,9,0
2269345,1,0,0,0,1,1,114,2,9,0
2269483,1,1,1,1,1,0,114,2,9,0
2270532,0,0,0,0,1,0,114,2,9,0
2271228,1,1,1,1,1,0,114,2,9,0
2272745,0,0,1,1,0,0,114,2,9,0
2273170,0,0,1,1,0,0,114,2,9,0
2273486,0,0,1,1,0,0,114,2,9,0
2273610,1,1,0,0,0,0,114,2,9,0
2273660,1,1,1,1,1,0,114,2,9,0
2273881,1,0,1,0,0,0,114,2,9,0
2275013,0,1,1,0,1,0,114,2,9,0
2276233,1,0,0,1,1,0,114,2,9,0
2276897,1,0,0,1,1,0,114,2,9,0
2277930,0,1,0,1,0,0,114,2,9,0
2279614,1,1,0,0,0,0,114,2,9,0
2279728,1,0,1,0,0,0,114,2,9,0
2280551,1,0,1,0,0,0,114,2,9,0
2280778,1,1,1,1,1,0,114,2,9,0
2281305,0,1,0,1,0,0,114,2,9,0
2281716,1,1,0,0,0,0,114,2,9,0
2283247,0,0,0,1,1,1,114,2,9,0
2284337,1,1,1,1,1,0,114,2,9,0
2285229,0,0,1,1,0,0,114,2,9,0
2287018,0,0,0,0,1,0,114,2,9,0
2288747,1,1,0,0,0,0,114,2,9,0
2289022,1,0,0,1,1,0,114,2,9,0
2289937,1,0,0,1,1,0,114,2,9,0
2290553,0,1,0,1,0,0,114,2,9,0
2290656,1,1,0,1,0,0,114,2,9,0
2291679,1,0,0,1,1,0,114,2,9,0
2293217,1,1,0,0,0,0,114,2,9,0
2293717,1,0,1,0,0,0,114,2,9,0
2294131,1,0,0,1,1,0,112,2,12,0
2294354,0,1,0,1,0,0,112,2,12,0
2295533,1,1,1,1,1,0,112,2,12,0
2295812,1,1,0,0,0,0,112,2,12,0
2296458,0,1,0,1,0,0,112,2,12,0
2296481,1,1,1,1,1,0,112,2,12,0
2299245,0,1,1,0,1,0,112,2,12,0
2301475,1,1,1,1,1,0,112,2,12,0
2301774,1,0,1,0,0,0,112,2,12,0
2306897,0,1,1,0,1,0,112,2,12,0
2307157,0,0,0,0,1,0,112,2,12,0
2307348,1,0,0,1,1,0,112,2,12,0
2307850,0,0,0,0,1,0,112,2,12,0
2308965,0,1,1,0,1,0,112,2,12,0
2309151,0,1,0,1,0,0,112,2,12,0
2309605,1,1,1,1,1,0,112,2,12,0
2309798,0,0,0,0,1,0,112,2,12,0
2311838,1,0,0,1,1,0,112,2,12,0
2312679,0,0,1,1,0,0,112,2,12,0
2312725,0,0,1,1,0,0,112,2,12,0
2313041,0,1,0,1,0,0,112,2,12,0
2313307,0,0,1,1,0,0,112,2,12,0
2313964,1,1,0,0,0,0,112,2,12,0
2315454,0,0,0,0,1,0,112,2,12,0
2315653,1,0,0,1,1,0,112,2,12,0
2316319,1,1,1,1,1,0,112,2,12,0
2317211,0,1,1,0,1,0,112,2,12,0
2317495,0,0,1,1,0,0,112,2,12,0
2317517,1,1,1,1,1,0,112,2,12,0
2319198,0,0,1,1,0,0,112,2,12,0
2319611,1,0,1,0,0,0,112,2,12,0
2320150,0,0,1,1,0,0,112,2,12,0
2320717,1,1,0,0,0,0,112,2,12,0
2321283,1,1,1,1,1,0,112,2,12,0
2321473,1,1,1,1,1,0,112,2,12,0
2321976,1,1,1,1,1,0,112,2,12,0
2322682,0,0,0,0,1,0,112,2,12,0
2323180,0,0,0,0,1,0,112,2,12,0
2323576,0,1,0,1,0,0,112,2,12,0
2323713,0,1,1,0,1,0,112,2,12,0
2324480,1,1,1,1,1,0,112,2,12,0
2324504,1,1,0,0,0,0,112,2,12,0
2325675,1,0,1,0,0,0,112,2,12,0
2326066,1,0,1,0,0,0,112,2,12,0
2326410,1,1,0,0,0,0,112,2,12,0
2326782,1,1,0,0,0,0,112,2,12,0
2326986,0,1,0,1,0,0,112,2,12,0
2327112,1,0,0,1,1,0,112,2,12,0
2328218,1,0,0,1,1,0,112,2,12,0
2328227,1,1,1,1,1,0,112,2,12,0
2328570,1,0,1,0,0,0,112,2,12,0
2329558,0,1,0,1,0,0,112,2,12,0
2329697,0,0,0,0,1,0,112,2,12,0
2331230,1,0,0,1,1,0,112,2,12,0
2331816,1,1,1,1,1,0,112,2,12,0
2331836,0,0,1,1,0,0,112,2,12,0
2331845,1,0,1,0,0,0,112,2,12,0
2332436,0,1,1,0,1,0,112,2,12,0
2333561,0,1,0,1,0,0,112,2,12,0
2333918,0,1,0,1,0,0,112,2,12,0
2334328,0,1,0,1,0,0,112,2,12,0
2335156,1,1,1,1,1,0,112,2,12,0
2335580,1,1,1,1,1,0,112,2,12,0
2336115,1,0,0,1,1,0,112,2,12,0
2336418,1,0,0,1,1,0,112,2,12,0
2336857,1,1,1,1,1,0,112,2,12,0
2337765,1,1,1,1,1,0,112,2,12,0
2338260,1,1,0,0,0,0,112,2,12,0
2338387,1,0,1,0,0,0,112,2,12,0
2339056,1,1,0,0,0,0,112,2,12,0
2339142,1,1,0,0,0,0,112,2,12,0
2340202,0,0,1,1,0,0,112,2,12,0
2340412,1,0,1,0,0,0,112,2,12,0
2340578,0,1,1,0,1,0,112,2,12,0
2340960,1,1,1,1,1,0,112,2,12,0
2341256,1,1,0,0,0,0,112,2,12,0
2341768,0,0,1,1,0,0,112,2,12,0
2343259,0,0,1,1,0,0,112,2,12,0
2344421,0,1,1,0,1,0,112,2,12,0
2344533,1,1,1,1,1,0,112,2,12,0
2345995,1,0,0,1,1,0,112,2,12,0
2346803,0,0,1,1,0,0,112,2,12,0
2347153,0,0,1,1,0,0,112,2,12,0
2347182,0,1,1,0,1,0,112,2,12,0
2348261,1,1,0,0,0,0,112,2,12,0
2348385,1,1,0,0,0,0,112,2,12,0
2349077,1,0,1,0,0,0,112,2,12,0
2349975,1,1,1,1,1,0,112,2,12,0
2351787,0,1,1,0,1,0,112,2,12,0
2352150,0,0,1,1,0,0,112,2,12,0
2352260,1,1,1,1,1,0,112,2,12,0
2355245,1,1,1,1,1,0,112,2,12,0
2356098,1,0,1,0,0,0,112,2,12,0
2357192,1,1,1,1,1,0,112,2,12,0
2358865,1,0,0,1,1,0,112,2,12,0
2359340,0,1,0,1,0,0,175,2,12,0
2359677,1,0,0,1,1,0,175,2,12,0
2360546,1,0,1,0,0,0,175,2,12,0
2361455,0,0,0,0,1,0,175,2,12,0
2362822,1,1,0,0,0,0,175,2,12,0
2363114,0,1,0,1,0,0,175,2,12,0
2363813,0,0,0,0,1,0,175,2,12,0
2364026,0,0,0,0,1,0,175,2,12,0
2364545,0,0,1,1,0,0,175,2,12,0
2365689,0,0,0,0,1,0,175,2,12,0
2365873,1,1,1,1,1,0,175,2,12,0
2365932,0,0,0,0,1,0,175,2,12,0
2366235,0,0,1,1,0,0,175,2,12,0
2366302,1,0,0,1,1,0,175,2,12,0
2366464,0,1,1,0,1,0,175,2,12,0
2367642,1,1,1,1,1,0,175,2,12,0
2368215,1,0,0,1,1,0,175,2,12,0
2368251,0,0,1,1,0,0,175,2,12,0
2368259,1,0,0,1,1,0,175,2,12,0
2368344,0,1,0,1,0,0,175,2,12,0
2368353,0,1,1,0,1,0,175,2,12,0
2369813,0,1,0,1,0,0,175,2,12,0
2370300,1,0,1,0,0,0,175,2,12,0
2370376,0,0,0,0,1,0,175,2,12,0
2370503,0,0,0,0,1,0,175,2,12,0
2370528,0,0,1,0,0,0,175,2,12,0
2370729,1,1,0,0,0,0,175,2,12,0
2370904,0,1,1,0,1,0,175,2,12,0
2371854,1,1,0,0,0,0,175,2,12,0
2372352,0,1,0,1,0,0,175,2,12,0
2372411,1,0,0,1,1,0,175,2,12,0
2372769,1,1,0,0,0,0,175,2,12,0
2372910,0,0,0,0,1,0,175,2,12,0
2373204,1,0,1,0,0,0,175,2,12,0
2373666,1,1,1,1,1,0,175,2,12,0
2373742,0,0,0,0,1,0,175,2,12,0
2374026,0,0,0,0,1,0,175,2,12,0
2374446,0,1,1,0,1,0,175,2,12,0
2374596,1,0,0,1,1,0,175,2,12,0
2374634,0,0,0,0,1,0,175,2,12,0
2374830,0,1,1,0,1,0,175,2,12,0
2375251,0,0,0,1,1,1,175,2,12,0
2375377,0,0,0,0,1,0,175,2,12,0
2375833,0,1,1,0,1,0,175,2,12,0
2376506,0,1,0,1,0,0,175,2,12,0
2376817,1,1,1,1,1,0,175,2,12,0
2376974,0,0,1,1,0,0,175,2,12,0
2377065,1,1,0,0,0,0,175,2,12,0
2377485,1,1,1,1,1,0,175,2,12,0
2377952,1,0,1,0,0,0,175,2,12,0
2378191,1,1,0,0,0,0,175,2,12,0
2378650,1,1,0,0,0,0,175,2,12,0
2378678,1,1,1,1,1,0,175,2,12,0
2379678,1,0,0,1,1,0,175,2,12,0
2380032,0,1,0,1,0,0,175,2,12,0
2380095,1,1,0,0,0,0,175,2,12,0
2380565,0,0,1,1,0,0,175,2,12,0
2380804,0,0,0,0,1,0,175,2,12,0
2380952,0,0,1,1,0,0,175,2,12,0
2381449,0,1,1,1,1,1,175,2,12,0
2382557,0,0,1,1,0,0,175,2,12,0
2382597,0,1,1,0,1,0,175,2,12,0
2382793,1,0,1,0,0,0,175,2,12,0
2383218,0,0,1,1,0,0,175,2,12,0
2383542,1,1,1,1,1,0,175,2,12,0
2383801,0,0,0,0,1,0,175,2,12,0
2383995,0,0,0,0,1,0,175,2,12,0
2384363,1,0,1,0,0,0,175,2,12,0
2384941,1,0,0,1,1,0,175,2,12,0
2385847,0,1,1,0,1,0,175,2,12,0
2385976,1,0,0,1,1,0,175,2,12,0
2386024,1,1,1,1,1,0,175,2,12,0
2386078,0,1,0,1,0,0,175,2,12,0
2387047,0,0,1,1,0,0,175,2,12,0
2387147,0,0,0,0,1,0,175,2,12,0
2387698,1,0,1,0,0,0,175,2,12,0
2388124,1,0,0,1,1,0,175,2,12,0
2389599,1,1,1,1,1,0,175,2,12,0
2389894,1,0,1,0,0,0,175,2,12,0
2390120,1,0,0,1,1,0,175,2,12,0
2390546,1,0,0,1,1,0,175,2,12,0
2391335,1,1,0,0,0,0,175,2,12,0
2391944,0,1,1,0,1,0,175,2,12,0
2393119,0,1,1,0,1,0,175,2,12,0
2393375,0,0,0,0,1,0,175,2,12,0
2393604,1,0,0,0,1,1,175,2,12,0
2393951,0,1,0,1,0,0,175,2,12,0
2394425,1,0,0,1,1,0,175,2,12,0
2395015,0,0,0,0,1,0,175,2,12,0
2395504,1,0,1,0,0,0,175,2,12,0
2396088,0,0,0,0,1,0,175,2,12,0
2396253,0,0,1,1,0,0,175,2,12,0
2396464,1,0,1,0,0,0,175,2,12,0
2396669,0,1,1,0,1,0,175,2,12,0
2396718,0,1,0,1,0,0,175,2,12,0
2396877,0,0,1,1,0,0,175,2,12,0
2397060,0,0,1,1,0,0,175,2,12,0
2397610,0,0,0,0,1,0,175,2,12,0
2398203,1,1,1,1,1,0,175,2,12,0
2398776,1,0,1,0,0,0,175,2,12,0
2399268,1,1,1,1,1,0,175,2,12,0
2400110,1,1,1,1,1,0,175,2,12,0
2400202,1,0,0,1,1,0,175,2,12,0
2400474,0,1,1,0,1,0,175,2,12,0
2400641,1,0,1,0,0,0,175,2,12,0
2401362,1,1,0,0,0,0,175,2,12,0
2401853,1,1,1,1,1,0,175,2,12,0
2402194,1,0,1,0,0,0,175,2,12,0
2402295,1,1,0,0,0,0,175,2,12,0
2402331,0,1,0,1,0,0,175,2,12,0
2402485,1,1,1,1,1,0,175,2,12,0
2402489,0,0,0,0,1,0,175,2,12,0
2402942,0,0,1,1,0,0,175,2,12,0
2403817,0,0,0,0,1,0,175,2,12,0
2404258,1,1,1,1,1,0,175,2,12,0
2404903,1,0,1,0,0,0,175,2,12,0
2404972,0,0,0,0,1,0,175,2,12,0
2405197,1,0,0,1,1,0,175,2,12,0
2405810,0,0,1,1,0,0,175,2,12,0
2406122,0,1,0,1,0,0,175,2,12,0
2406124,0,1,0,1,0,0,175,2,12,0
2406166,0,1,0,1,0,0,175,2,12,0
2406245,0,0,1,1,0,0,175,2,12,0
2406529,0,1,0,1,0,0,175,2,12,0
2406532,1,1,0,0,0,0,175,2,12,0
2407736,1,1,0,0,0,0,175,2,12,0
2408407,1,1,0,0,0,0,175,2,12,0
2408690,0,0,1,1,0,0,175,2,12,0
2408920,0,1,0,1,0,0,175,2,12,0
2408982,0,0,0,0,1,0,175,2,12,0
2410250,1,0,1,0,0,0,175,2,12,0
2410715,1,0,0,1,1,0,175,2,12,0
2411064,0,1,1,0,1,0,175,2,12,0
2411476,0,0,0,0,1,0,175,2,12,0
2412419,1,0,1,0,0,0,175,2,12,0
2413353,0,1,0,1,0,0,175,2,12,0
2413965,1,1,1,1,1,0,175,2,12,0
2415315,0,1,0,1,0,0,175,2,12,0
2415854,0,0,0,0,1,0,175,2,12,0
2415908,1,1,1,1,1,0,175,2,12,0
2415953,0,0,0,0,1,0,175,2,12,0
2416185,1,1,0,1,0,0,175,2,12,0
2416710,0,0,0,0,1,0,175,2,12,0
2417484,0,1,1,0,1,0,175,2,12,0
2418163,0,0,1,1,0,0,175,2,12,0
2418606,0,1,0,1,0,0,175,2,12,0
2418854,0,0,1,1,0,0,175,2,12,0
2418944,0,0,0,0,1,0,175,2,12,0
2419071,1,1,0,0,0,0,175,2,12,0
2419228,1,1,0,0,0,0,175,2,12,0
2419429,1,1,1,1,1,0,175,2,12,0
2419661,0,1,0,1,0,0,175,2,12,0
2419791,1,1,0,0,0,0,175,2,12,0
2419851,0,1,0,1,0,0,175,2,12,0
2420271,0,1,1,0,1,0,175,2,12,0
2420374,0,0,1,1,0,0,175,2,12,0
2420589,0,1,1,0,1,0,175,2,12,0
2420723,1,1,0,0,0,0,175,2,12,0
2421085,1,0,1,0,0,0,175,2,12,0
2421283,1,0,0,1,1,0,175,2,12,0
2421576,1,0,0,1,1,0,175,2,12,0
2422433,0,1,1,0,1,0,175,2,12,0
2422622,1,1,0,0,0,0,175,2,12,0
2423489,0,1,1,0,1,0,175,2,12,0
2423752,1,1,0,0,0,0,175,2,12,0
2424404,1,0,0,0,1,1,175,2,12,0
2424967,1,0,1,0,0,0,156,2,12,0
2425314,1,0,1,0,0,0,156,2,12,0
2425871,0,0,1,1,0,0,156,2,12,0
2426127,0,1,1,0,1,0,156,2,12,0
2426951,0,0,0,0,1,0,156,2,12,0
2427450,0,1,0,1,0,0,156,2,12,0
2427954,1,1,1,1,1,0,156,2,12,0
2427963,1,0,0,1,1,0,156,2,12,0
2428416,1,1,1,1,1,0,156,2,12,0
2430111,0,1,1,0,1,0,156,2,12,0
2430364,0,0,1,1,0,0,156,2,12,0
2430550,0,0,0,0,1,0,156,2,12,0
2430765,1,0,1,0,0,0,156,2,12,0
2430849,0,1,0,1,0,0,156,2,12,0
2431383,1,1,0,0,0,0,156,2,12,0
2431611,0,1,1,0,1,0,156,2,12,0
2431716,0,0,0,0,1,0,156,2,12,0
2432038,0,1,1,0,1,0,156,2,12,0
2432457,1,1,1,1,1,0,156,2,12,0
2432514,0,0,0,0,1,0,156,2,12,0
2432698,0,1,0,1,0,0,156,2,12,0
2432787,0,1,0,1,0,0,156,2,12,0
2434141,0,1,0,1,0,0,156,2,12,0
2434280,0,0,0,1,1,1,156,2,12,0
2435542,0,0,1,1,0,0,156,2,12,0
2435768,0,1,1,0,1,0,156,2,12,0
2436561,1,0,1,0,0,0,156,2,12,0
2436580,0,1,1,0,1,0,156,2,12,0
2436848,0,0,1,1,0,0,156,2,12,0
2437035,1,0,1,0,0,0,156,2,12,0
2438441,0,0,0,0,1,0,156,2,12,0
2440621,1,1,0,0,0,0,156,2,12,0
2441053,1,0,1,0,0,0,156,2,12,0
2441771,1,1,0,0,0,0,156,2,12,0
2443015,1,1,1,1,1,0,156,2,12,0
2443410,1,1,0,0,0,0,156,2,12,0
2443957,1,0,1,0,0,0,156,2,12,0
2444046,0,0,1,1,0,0,156,2,12,0
2444073,0,1,0,1,0,0,156,2,12,0
2444740,1,0,1,0,0,0,156,2,12,0
2444771,1,0,1,0,0,0,156,2,12,0
2444829,0,1,1,0,1,0,156,2,12,0
2444832,0,0,0,0,1,0,156,2,12,0
2445692,0,1,1,1,1,1,156,2,12,0
2445716,1,0,1,0,0,0,156,2,12,0
2445757,1,0,0,1,1,0,156,2,12,0
2445875,0,0,0,0,1,0,156,2,12,0
2446336,0,1,0,1,0,0,156,2,12,0
2447113,0,1,0,1,0,0,156,2,12,0
2447621,1,1,0,0,0,0,156,2,12,0
2447839,1,0,0,1,1,0,156,2,12,0
2448146,1,1,1,1,1,0,156,2,12,0
2448262,0,0,1,1,0,0,156,2,12,0
2449107,1,0,0,1,1,0,156,2,12,0
2449651,0,0,1,1,0,0,156,2,12,0
2449675,0,0,0,0,1,0,156,2,12,0
2451514,1,0,1,0,0,0,156,2,12,0
2451793,0,0,0,0,1,0,156,2,12,0
2452103,1,1,0,0,0,0,156,2,12,0
2453067,0,0,0,1,1,1,156,2,12,0
2453175,0,0,1,1,0,0,156,2,12,0
2453318,1,0,1,1,0,0,156,2,12,0
2453593,1,1,0,0,0,0,156,2,12,0
2453853,0,1,0,1,0,0,156,2,12,0
2455078,0,1,1,0,1,0,156,2,12,0
2455200,1,0,1,0,0,0,156,2,12,0
2455524,1,1,1,1,1,0,156,2,12,0
2455672,1,1,0,0,0,0,156,2,12,0
2456045,1,0,0,1,1,0,156,2,12,0
2457358,0,1,1,0,1,0,156,2,12,0
2457739,0,0,0,0,1,0,156,2,12,0
2457986,0,1,1,0,1,0,156,2,12,0
2458114,0,1,1,0,1,0,156,2,12,0
2458632,1,0,0,1,1,0,156,2,12,0
2459702,1,1,1,1,1,0,156,2,12,0
2459767,1,1,1,1,1,0,156,2,12,0
2460305,1,0,1,0,0,0,156,2,12,0
2460778,1,0,1,0,0,0,156,2,12,0
2461363,0,0,1,1,0,0,156,2,12,0
2461394,0,0,0,0,1,0,156,2,12,0
2462046,0,0,0,0,1,0,156,2,12,0
2462314,1,1,1,1,1,0,156,2,12,0
2462572,1,0,1,0,0,0,156,2,12,0
2462874,1,0,1,0,0,0,156,2,12,0
2463591,1,0,1,0,0,0,156,2,12,0
2464496,1,1,1,1,1,0,156,2,12,0
2464586,0,1,1,0,1,0,156,2,12,0
2464850,0,1,1,0,1,0,156,2,12,0
2465071,1,1,0,0,0,0,156,2,12,0
2466337,1,1,0,0,0,0,156,2,12,0
2466346,1,1,1,1,1,0,156,2,12,0
2466495,1,1,1,1,1,0,156,2,12,0
2466525,1,1,0,1,0,0,156,2,12,0
2468126,1,0,1,0,0,0,156,2,12,0
2468730,0,0,1,1,0,0,156,2,12,0
2468969,0,0,1,1,0,0,156,2,12,0
2469002,0,0,0,0,1,0,156,2,12,0
2469302,1,1,0,0,0,0,156,2,12,0
2470335,1,1,0,0,0,0,156,2,12,0
2470591,0,1,0,1,0,0,156,2,12,0
2470597,1,1,1,1,1,0,156,2,12,0
2470954,1,0,0,1,1,0,156,2,12,0
2471785,1,0,0,1,1,0,156,2,12,0
2471979,1,1,1,1,1,0,156,2,12,0
2473179,1,0,1,0,0,0,156,2,12,0
2473824,1,1,1,1,1,0,156,2,12,0
2474239,0,0,0,0,1,0,156,2,12,0
2474564,0,1,0,1,0,0,156,2,12,0
2475110,1,0,0,1,1,0,156,2,12,0
2475491,0,0,0,0,1,0,156,2,12,0
2475579,1,0,1,0,0,0,156,2,12,0
2475805,1,1,1,1,1,0,156,2,12,0
2477312,0,0,0,0,1,0,156,2,12,0
2477994,0,1,0,1,0,0,156,2,12,0
2478439,1,1,1,1,1,0,156,2,12,0
2479846,1,1,1,1,1,0,156,2,12,0
2480548,1,1,0,0,0,0,156,2,12,0
2481149,0,0,1,1,0,0,156,2,12,0
2481218,0,0,0,0,1,0,156,2,12,0
2481304,1,1,1,1,1,0,156,2,12,0
2483000,1,1,1,1,1,0,156,2,12,0
2483492,1,1,0,0,0,0,156,2,12,0
2484045,0,0,1,1,0,0,156,2,12,0
2484247,0,0,0,0,1,0,156,2,12,0
2485113,0,1,1,0,1,0,156,2,12,0
2485846,0,0,0,0,1,0,156,2,12,0
2485862,0,0,1,1,0,0,156,2,12,0
2485959,0,1,1,0,1,0,156,2,12,0
2487137,0,0,1,1,0,0,156,2,12,0
2487765,1,1,1,1,1,0,156,2,12,0
2488429,1,1,1,1,1,0,156,2,12,0
2489870,1,0,1,0,0,0,156,2,12,0
2490433,1,0,0,1,1,0,95,2,12,0
2490580,1,0,0,1,1,0,95,2,12,0
2492152,0,1,1,0,1,0,95,2,12,0
2494830,1,1,0,0,0,0,95,2,12,0
2497223,0,1,0,1,0,0,95,2,12,0
2497269,1,1,0,0,0,0,95,2,12,0
2497536,0,0,0,0,1,0,95,2,12,0
2497550,0,0,1,1,0,0,95,2,12,0
2498912,0,0,0,0,1,0,95,2,12,0
2499081,0,1,1,0,1,0,95,2,12,0
2499325,1,0,1,0,0,0,95,2,12,0
2500614,1,0,1,0,0,0,95,2,12,0
2501056,0,0,0,0,1,0,95,2,12,0
2501287,1,1,1,1,1,0,95,2,12,0
2501309,1,0,1,0,0,0,95,2,12,0
2501926,1,1,1,0,1,1,95,2,12,0
2502613,1,1,1,1,1,0,95,2,12,0
2503625,1,0,0,1,1,0,95,2,12,0
2503921,1,1,1,1,1,0,95,2,12,0
2505004,0,0,1,1,0,0,95,2,12,0
2505533,1,0,1,0,0,0,95,2,12,0
2506082,0,0,0,0,1,0,95,2,12,0
2507928,0,1,0,1,0,0,95,2,12,0
2508203,1,1,1,1,1,0,95,2,12,0
2509045,0,1,0,1,0,0,95,2,12,0
2510044,1,1,0,1,0,0,95,2,12,0
2510782,1,0,1,1,0,0,95,2,12,0
2510907,0,1,0,1,0,0,95,2,12,0
2511110,1,1,1,1,1,0,95,2,12,0
2512014,0,1,0,1,0,0,95,2,12,0
2512132,0,0,1,1,0,0,95,2,12,0
2512729,0,1,0,1,0,0,95,2,12,0
2514102,0,0,1,1,0,0,95,2,12,0
2515472,1,0,1,0,0,0,95,2,12,0
2516410,0,0,0,0,1,0,95,2,12,0
2516732,0,1,1,0,1,0,95,2,12,0
2519149,1,1,0,0,0,0,95,2,12,0
2519829,1,0,1,0,0,0,95,2,12,0
2521624,1,1,1,1,1,0,95,2,12,0
2521938,0,0,0,0,1,0,95,2,12,0
2522212,1,1,0,0,0,0,95,2,12,0
2523508,1,1,0,0,0,0,95,2,12,0
2524424,0,1,0,1,0,0,95,2,12,0
2525800,0,1,1,0,1,0,95,2,12,0
2526032,1,0,0,1,1,0,95,2,12,0
2526818,0,0,1,1,0,0,95,2,12,0
2527905,1,0,1,0,0,0,95,2,12,0
2528049,0,1,0,1,0,0,95,2,12,0
2528252,0,0,1,1,0,0,95,2,12,0
2528322,1,0,0,1,1,0,95,2,12,0
2528738,0,1,0,1,0,0,95,2,12,0
2529414,1,0,1,0,0,0,95,2,12,0
2530398,0,0,0,0,1,0,95,2,12,0
2530894,1,0,1,0,0,0,95,2,12,0
2532258,1,1,1,1,1,0,95,2,12,0
2532304,1,0,1,0,0,0,95,2,12,0
2534911,1,0,0,1,1,0,95,2,12,0
2534924,1,0,0,1,1,0,95,2,12,0
2535760,0,1,0,1,0,0,95,2,12,0
2537190,1,0,1,0,0,0,95,2,12,0
2538180,0,1,0,1,0,0,95,2,12,0
2538569,0,0,0,0,1,0,95,2,12,0
2539460,1,0,1,0,0,0,95,2,12,0
2540456,1,1,0,0,0,0,95,2,12,0
2541130,1,0,1,0,0,0,95,2,12,0
2541561,1,0,1,1,0,0,95,2,12,0
2543214,1,1,0,0,0,0,95,2,12,0
2543308,1,0,1,0,0,0,95,2,12,0
2543337,1,1,1,1,1,0,95,2,12,0
2543646,1,0,0,1,1,0,95,2,12,0
2544128,1,1,1,1,1,0,95,2,12,0
2544318,1,1,0,0,0,0,95,2,12,0
2545146,0,0,1,1,0,0,95,2,12,0
2547003,1,1,1,1,1,0,95,2,12,0
2547894,0,1,1,0,1,0,95,2,12,0
2548636,1,1,0,0,0,0,95,2,12,0
2549003,1,1,0,0,0,0,95,2,12,0
2549027,1,1,1,1,1,0,95,2,12,0
2549099,0,0,0,0,1,0,95,2,12,0
2549352,1,0,1,0,0,0,95,2,12,0
2550349,0,0,0,0,1,0,95,2,12,0
2552817,1,1,1,1,1,0,95,2,12,0
2553708,0,1,1,0,1,0,95,2,12,0
2553721,0,0,1,1,0,0,95,2,12,0
2554192,1,0,0,1,1,0,95,2,12,0
2554952,1,0,1,0,0,0,95,2,12,0
2555738,0,1,1,0,1,0,95,2,12,0
2556952,1,1,0,0,0,0,255,2,12,0
2557266,1,1,0,0,0,0,255,2,12,0
2558069,0,1,1,0,1,0,255,2,12,0
2558774,0,0,1,0,0,0,255,2,12,0
2558910,1,1,0,0,0,0,255,2,12,0
2559029,0,1,0,1,0,0,255,2,12,0
2559319,1,0,1,0,0,0,255,2,12,0
2559489,1,1,1,1,1,0,255,2,12,0
2559708,1,0,1,0,0,0,255,2,12,0
2560725,1,1,1,1,1,0,255,2,12,0
2560728,0,1,1,0,1,0,255,2,12,0
2560756,1,0,1,0,0,0,255,2,12,0
2560893,1,1,0,0,0,0,255,2,12,0
2561037,1,0,0,1,1,0,255,2,12,0
2561226,1,1,1,1,1,0,255,2,12,0
2561305,1,1,1,1,1,0,255,2,12,0
2561497,1,0,1,1,0,0,255,2,12,0
2562552,0,0,1,1,0,0,255,2,12,0
2563008,1,0,1,0,0,0,255,2,12,0
2563337,1,1,1,1,1,0,255,2,12,0
2563791,0,0,0,0,1,0,255,2,12,0
2563993,1,0,0,1,1,0,255,2,12,0
2564072,0,1,0,1,0,0,255,2,12,0
2564153,0,1,1,0,1,0,255,2,12,0
2564311,1,0,0,1,1,0,255,2,12,0
2564319,1,0,1,0,0,0,255,2,12,0
2564749,1,1,0,0,0,0,255,2,12,0
2564839,0,0,0,1,1,1,255,2,12,0
2565075,1,0,1,0,0,0,255,2,12,0
2565229,0,0,0,1,1,1,255,2,12,0
2565269,1,1,0,0,0,0,255,2,12,0
2565634,1,0,1,0,0,0,255,2,12,0
2565931,1,0,1,0,0,0,255,2,12,0
2566405,1,0,1,0,0,0,255,2,12,0
2566560,0,0,1,1,0,0,255,2,12,0
2566649,1,1,0,0,0,0,255,2,12,0
2566815,1,1,0,0,0,0,255,2,12,0
2566868,0,0,0,0,1,0,255,2,12,0
2566874,0,1,0,1,0,0,255,2,12,0
2566878,1,0,0,1,1,0,255,2,12,0
2567196,1,1,0,0,0,0,255,2,12,0
2567202,0,0,0,0,1,0,255,2,12,0
2567217,1,0,1,0,0,0,255,2,12,0
2567249,1,0,0,0,1,1,255,2,12,0
2567460,1,0,1,0,0,0,255,2,12,0
2567578,1,0,1,0,0,0,255,2,12,0
2567682,0,0,1,1,0,0,255,2,12,0
2567919,0,1,0,1,0,0,255,2,12,0
2568290,1,1,1,1,1,0,255,2,12,0
2568526,0,0,1,1,0,0,255,2,12,0
2568707,0,0,0,0,1,0,255,2,12,0
2569851,0,0,0,0,1,0,255,2,12,0
2569901,1,1,1,1,1,0,255,2,12,0
2570018,0,0,0,0,1,0,255,2,12,0
2570185,0,0,1,1,0,0,255,2,12,0
2570368,0,1,0,1,0,0,255,2,12,0
2570478,1,1,1,1,1,0,255,2,12,0
2570929,0,1,0,1,0,0,255,2,12,0
2571085,1,0,0,1,1,0,255,2,12,0
2572736,0,0,0,0,1,0,255,2,12,0
2572823,0,0,1,1,0,0,255,2,12,0
2573000,1,0,1,0,0,0,255,2,12,0
2573577,0,1,1,0,1,0,255,2,12,0
2573957,0,1,0,1,0,0,255,2,12,0
2574251,0,1,0,0,0,0,255,2,12,0
2574269,0,0,0,0,1,0,255,2,12,0
2574991,0,1,1,0,1,0,255,2,12,0
2575037,0,0,1,1,0,0,255,2,12,0
2575108,1,0,0,1,1,0,255,2,12,0
2575213,1,1,0,0,0,0,255,2,12,0
2576479,1,0,1,0,0,0,255,2,12,0
2576886,0,0,0,0,1,0,255,2,12,0
2576910,0,0,0,0,1,0,255,2,12,0
2576977,0,1,1,0,1,0,255,2,12,0
2577028,0,1,0,1,0,0,255,2,12,0
2577225,0,0,0,0,1,0,255,2,12,0
2578101,1,1,0,1,0,0,255,2,12,0
2578429,0,1,1,0,1,0,255,2,12,0
2579185,0,1,1,0,1,0,255,2,12,0
2579305,1,1,1,1,1,0,255,2,12,0
2579710,1,1,1,1,1,0,255,2,12,0
2580988,0,1,0,1,0,0,255,2,12,0
2581043,0,0,1,1,0,0,255,2,12,0
2581160,1,0,0,1,1,0,255,2,12,0
2581358,1,1,0,0,0,0,255,2,12,0
2581438,0,1,1,0,1,0,255,2,12,0
2581633,0,0,1,1,0,0,255,2,12,0
2581743,0,0,0,0,1,0,255,2,12,0
2581890,0,1,1,0,1,0,255,2,12,0
2581902,0,1,1,0,1,0,255,2,12,0
2583179,1,0,1,1,0,0,255,2,12,0
2583246,1,1,0,0,0,0,255,2,12,0
2583383,1,0,1,0,0,0,255,2,12,0
2583599,1,1,1,1,1,0,255,2,12,0
2584031,0,0,1,1,0,0,255,2,12,0
2584339,0,0,0,0,1,0,255,2,12,0
2584952,1,0,0,1,1,0,255,2,12,0
2585037,1,0,0,1,1,0,255,2,12,0
2585056,1,0,1,0,0,0,255,2,12,0
2585179,0,0,0,0,1,0,255,2,12,0
2585845,0,0,0,0,1,0,255,2,12,0
2585967,1,1,1,1,1,0,255,2,12,0
2586096,0,1,0,1,0,0,255,2,12,0
2586404,1,1,1,1,1,0,255,2,12,0
2586869,1,0,1,0,0,0,255,2,12,0
2587803,1,0,0,0,1,1,255,2,12,0
2588229,0,0,1,1,0,0,255,2,12,0
2588513,0,1,0,1,0,0,255,2,12,0
2588592,1,1,0,0,0,0,255,2,12,0
2589352,0,0,1,1,0,0,255,2,12,0
2589396,1,1,1,1,1,0,255,2,12,0
2589571,0,0,0,0,1,0,255,2,12,0
2589798,1,0,1,0,0,0,255,2,12,0
2589880,0,1,1,0,1,0,255,2,12,0
2590482,1,1,1,1,1,0,255,2,12,0
2590617,1,1,1,1,1,0,255,2,12,0
2590727,1,0,0,1,1,0,255,2,12,0
2590735,0,0,0,0,1,0,255,2,12,0
2591026,0,1,0,1,0,0,255,2,12,0
2591496,1,0,1,0,0,0,255,2,12,0
2591699,0,0,1,1,0,0,255,2,12,0
2591713,0,1,0,1,0,0,255,2,12,0
2591799,0,1,1,0,1,0,255,2,12,0
2591828,0,1,0,1,0,0,255,2,12,0
2591960,0,1,0,1,0,0,255,2,12,0
2592643,1,1,0,0,0,0,255,2,12,0
2592691,1,0,1,0,0,0,255,2,12,0
2592746,1,1,0,0,0,0,255,2,12,0
2592913,0,1,1,0,1,0,255,2,12,0
2593523,0,0,1,1,0,0,255,2,12,0
2594313,1,0,0,1,1,0,255,2,12,0
2595242,1,1,0,0,0,0,255,2,12,0
2595335,0,0,1,1,0,0,255,2,12,0
2595382,0,0,0,1,1,1,255,2,12,0
2595407,0,1,1,0,1,0,255,2,12,0
2595490,1,0,0,1,1,0,255,2,12,0
2595585,0,0,1,1,0,0,255,2,12,0
2596029,0,1,1,0,1,0,255,2,12,0
2596202,1,0,1,0,0,0,255,2,12,0
2596213,1,0,1,0,0,0,255,2,12,0
2596367,1,0,1,0,0,0,255,2,12,0
2596409,1,0,0,1,1,0,255,2,12,0
2596473,0,1,1,0,1,0,255,2,12,0
2596543,1,0,0,1,1,0,255,2,12,0
2596672,0,0,0,0,1,0,255,2,12,0
2597037,0,1,0,1,0,0,255,2,12,0
2597692,1,1,0,0,0,0,255,2,12,0
2597941,1,0,0,1,1,0,255,2,12,0
2598022,1,0,1,0,0,0,255,2,12,0
2598590,1,0,1,0,0,0,255,2,12,0
2598778,0,0,1,1,0,0,255,2,12,0
2598984,0,0,1,1,0,0,255,2,12,0
2599646,1,1,0,0,0,0,255,2,12,0
2599810,0,1,1,0,1,0,255,2,12,0
2599888,1,0,0,1,1,0,255,2,12,0
2600644,0,0,1,1,0,0,255,2,12,0
2601010,1,0,0,1,1,0,255,2,12,0
2601218,0,1,0,1,0,0,255,2,12,0
2601291,0,1,1,0,1,0,255,2,12,0
2601409,1,0,0,1,1,0,255,2,12,0
2601437,1,0,1,0,0,0,255,2,12,0
2601718,0,1,1,0,1,0,255,2,12,0
2601755,1,1,0,0,0,0,255,2,12,0
2601856,1,0,0,1,1,0,255,2,12,0
2602195,1,1,1,1,1,0,255,2,12,0
2602929,0,0,1,1,0,0,255,2,12,0
2603507,0,0,0,0,1,0,255,2,12,0
2603900,1,1,1,1,1,0,255,2,12,0
2603932,1,0,1,0,0,0,255,2,12,0
2603942,1,1,0,0,0,0,255,2,12,0
2603974,1,1,1,1,1,0,255,2,12,0
2604283,0,0,1,1,0,0,255,2,12,0
2605025,1,0,1,0,0,0,255,2,12,0
2606065,0,0,0,0,1,0,255,2,12,0
2606488,0,0,0,0,1,0,255,2,12,0
2606876,0,0,1,1,0,0,255,2,12,0
2606967,0,1,1,0,1,0,255,2,12,0
2607101,0,0,1,1,0,0,255,2,12,0
2607124,1,1,0,0,0,0,255,2,12,0
2607605,1,1,1,1,1,0,255,2,12,0
2607726,0,0,1,1,0,0,255,2,12,0
2607805,1,0,0,0,1,1,255,2,12,0
2607854,1,1,1,1,1,0,255,2,12,0
2607946,1,0,1,1,0,0,255,2,12,0
2608434,0,1,1,0,1,0,255,2,12,0
2608492,1,1,1,1,1,0,255,2,12,0
2609211,1,1,0,0,0,0,255,2,12,0
2609756,0,1,1,0,1,0,255,2,12,0
2609862,0,1,0,1,0,0,255,2,12,0
2610694,0,1,1,0,1,0,255,2,12,0
2610924,1,1,0,0,0,0,255,2,12,0
2610931,0,0,1,1,0,0,255,2,12,0
2611215,1,1,1,1,1,0,255,2,12,0
2611482,1,0,0,1,1,0,255,2,12,0
2611855,0,1,0,1,0,0,255,2,12,0
2611903,1,0,1,0,0,0,255,2,12,0
2612024,1,0,0,1,1,0,255,2,12,0
2612165,1,1,0,1,0,0,255,2,12,0
2612205,1,0,0,1,1,0,255,2,12,0
2612247,1,0,1,0,0,0,255,2,12,0
2612398,0,1,1,0,1,0,255,2,12,0
2612412,1,0,1,0,0,0,255,2,12,0
2612907,1,1,1,0,1,1,255,2,12,0
2612966,0,0,0,0,1,0,255,2,12,0
2613354,0,0,0,0,1,0,255,2,12,0
2613486,1,0,0,1,1,0,255,2,12,0
2613512,0,0,0,0,1,0,255,2,12,0
2613616,1,0,0,1,1,0,255,2,12,0
2613744,0,1,1,0,1,0,255,2,12,0
2614202,1,0,0,1,1,0,255,2,12,0
2614470,0,0,1,1,0,0,255,2,12,0
2614929,0,1,0,1,0,0,255,2,12,0
2614965,1,1,0,0,0,0,255,2,12,0
2614967,1,0,0,1,1,0,255,2,12,0
2615031,0,0,0,0,1,0,255,2,12,0
2615415,1,0,1,0,0,0,255,2,12,0
2615421,0,1,0,1,0,0,255,2,12,0
2615470,0,0,1,1,0,0,255,2,12,0
2615517,1,0,1,0,0,0,255,2,12,0
2615551,1,0,0,1,1,0,255,2,12,0
2615677,0,0,0,0,1,0,255,2,12,0
2615995,0,1,1,0,1,0,255,2,12,0
2616112,1,0,0,1,1,0,255,2,12,0
2616314,1,0,0,1,1,0,255,2,12,0
2616334,1,1,1,1,1,0,255,2,12,0
2616711,1,0,0,1,1,0,255,2,12,0
2616819,1,0,1,0,0,0,255,2,12,0
2616873,1,1,1,1,1,0,255,2,12,0
2616875,1,1,1,1,1,0,255,2,12,0
2616917,0,0,1,1,0,0,255,2,12,0
2617004,1,0,1,0,0,0,255,2,12,0
2617137,1,0,1,0,0,0,255,2,12,0
2617243,1,1,1,1,1,0,255,2,12,0
2617553,1,1,0,0,0,0,255,2,12,0
2617583,0,0,1,1,0,0,255,2,12,0
2618265,1,1,0,0,0,0,255,2,12,0
2618349,0,0,1,1,0,0,255,2,12,0
2618388,1,1,0,0,0,0,255,2,12,0
2618449,1,0,1,0,0,0,255,2,12,0
2618591,1,0,0,1,1,0,255,2,12,0
2619001,0,1,0,1,0,0,255,2,12,0
2619370,1,1,0,0,0,0,255,2,12,0
2620407,1,0,1,0,0,0,255,2,12,0
2620837,1,0,1,0,0,0,255,2,12,0
2620846,0,1,1,0,1,0,255,2,12,0
2620859,0,0,0,0,1,0,255,2,12,0
2621000,0,0,0,0,1,0,255,2,12,0
2621258,1,0,1,0,0,0,255,2,12,0
2621266,0,1,1,0,1,0,255,2,12,0
2621594,1,1,0,0,0,0,59,2,12,0
2623309,0,1,1,0,1,0,59,2,12,0
2624265,0,1,1,0,1,0,59,2,12,0
2627109,0,0,1,1,0,0,59,2,12,0
2628642,1,1,0,0,0,0,59,2,12,0
2631289,1,0,0,1,1,0,59,2,12,0
2633752,0,1,1,0,1,0,59,2,12,0
2634115,1,0,0,1,1,0,59,2,12,0
2635329,1,1,0,0,0,0,59,2,12,0
2635724,0,0,1,1,0,0,59,2,12,0
2636898,1,0,0,1,1,0,59,2,12,0
2639552,0,0,1,1,0,0,59,2,12,0
2642848,1,1,0,0,0,0,59,2,12,0
2643767,1,0,1,0,0,0,59,2,12,0
2645816,1,1,1,1,1,0,59,2,12,0
2647494,0,1,0,1,0,0,59,2,12,0
2648617,1,1,1,1,1,0,59,2,12,0
2648926,1,1,0,0,0,0,59,2,12,0
2649310,0,0,1,1,0,0,59,2,12,0
2652517,1,0,1,0,0,0,59,2,12,0
2653611,0,1,0,1,0,0,59,2,12,0
2653860,0,0,1,1,0,0,59,2,12,0
2654755,0,0,0,0,1,0,59,2,12,0
2656386,1,1,0,0,0,0,59,2,12,0
2658005,1,0,1,0,0,0,59,2,12,0
2658363,1,0,0,1,1,0,59,2,12,0
2660724,0,1,1,0,1,0,59,2,12,0
2661952,0,0,1,1,0,0,59,2,12,0
2664021,0,1,1,0,1,0,59,2,12,0
2665139,0,1,1,0,1,0,59,2,12,0
2668744,0,1,1,0,1,0,59,2,12,0
2669117,0,1,1,0,1,0,59,2,12,0
2670075,1,0,1,0,0,0,59,2,12,0
2670198,1,1,0,0,0,0,59,2,12,0
2671438,1,1,0,0,0,0,59,2,12,0
2671899,0,0,1,1,0,0,59,2,12,0
2672402,1,0,0,1,1,0,59,2,12,0
2673025,1,1,0,0,0,0,59,2,12,0
2673398,1,0,1,0,0,0,59,2,12,0
2673460,0,0,1,1,0,0,59,2,12,0
2674431,0,0,1,1,0,0,59,2,12,0
2676018,1,0,0,1,1,0,59,2,12,0
2677832,0,0,1,1,0,0,59,2,12,0
2679188,1,1,1,1,1,0,59,2,12,0
2681418,1,0,1,0,0,0,59,2,12,0
2682319,1,1,1,1,1,0,59,2,12,0
2682655,0,1,1,0,1,0,59,2,12,0
2683632,1,0,0,1,1,0,59,2,12,0
2684253,0,0,0,0,1,0,59,2,12,0
2685333,0,1,1,0,1,0,59,2,12,0
2739511,1,0,1,0,0,0,255,2,12,2
2752521,1,1,0,0,0,0,227,2,12,0
2752531,1,1,0,0,0,0,227,2,12,0
2752921,1,1,1,1,1,0,227,2,12,0
2753684,1,1,1,1,1,0,227,2,12,0
2753782,0,0,1,1,0,0,227,2,12,0
2754569,1,0,1,0,0,0,227,2,12,0
2754590,0,0,1,1,0,0,227,2,12,0
2754629,1,1,1,1,1,0,227,2,12,0
2754772,1,1,0,0,0,0,227,2,12,0
2754798,1,0,1,0,0,0,227,2,12,0
2755072,1,0,1,0,0,0,227,2,12,0
2755131,1,0,1,0,0,0,227,2,12,0
2756538,1,0,1,1,0,0,227,2,12,0
2757429,1,1,0,0,0,0,227,2,12,0
2757654,0,1,0,1,0,0,227,2,12,0
2758221,1,0,0,1,1,0,227,2,12,0
2758242,0,1,0,1,0,0,227,2,12,0
2758263,0,0,1,1,0,0,227,2,12,0
2759585,1,1,1,1,1,0,227,2,12,0
2760525,0,1,0,1,0,0,227,2,12,0
2760562,0,0,0,0,1,0,227,2,12,0
2760627,1,1,1,1,1,0,227,2,12,0
2761064,1,0,0,1,1,0,227,2,12,0
2761343,1,1,1,1,1,0,227,2,12,0
2761563,0,1,0,1,0,0,227,2,12,0
2762147,0,0,0,0,1,0,227,2,12,0
2762199,1,1,1,1,1,0,227,2,12,0
2763544,0,1,0,1,0,0,227,2,12,0
2764461,0,0,1,1,0,0,227,2,12,0
2764496,0,1,1,0,1,0,227,2,12,0
2764631,0,0,0,0,1,0,227,2,12,0
2764704,0,1,1,0,1,0,227,2,12,0
2764979,0,1,1,0,1,0,227,2,12,0
2765587,1,0,1,0,0,0,227,2,12,0
2766169,1,0,0,1,1,0,227,2,12,0
2767357,1,0,0,1,1,0,227,2,12,0
2767415,0,0,1,1,0,0,227,2,12,0
2768124,0,0,0,0,1,0,227,2,12,0
2768147,1,1,0,0,0,0,227,2,12,0
2768235,0,0,1,1,0,0,227,2,12,0
2768242,0,1,1,0,1,0,227,2,12,0
2768855,0,0,1,0,0,0,227,2,12,0
2768886,1,1,1,1,1,0,227,2,12,0
2769585,0,1,1,0,1,0,227,2,12,0
2770238,1,1,0,0,0,0,227,2,12,0
2770491,0,0,0,0,1,0,227,2,12,0
2770693,0,0,0,0,1,0,227,2,12,0
2771374,1,0,0,1,1,0,227,2,12,0
2771875,1,0,0,1,1,0,227,2,12,0
2772112,1,0,0,1,1,0,227,2,12,0
2773046,0,0,1,1,0,0,227,2,12,0
2773402,0,1,0,1,0,0,227,2,12,0
2774025,0,0,0,0,1,0,227,2,12,0
2774168,1,1,1,1,1,0,227,2,12,0
2774177,0,1,0,1,0,0,227,2,12,0
2774487,1,0,1,0,0,0,227,2,12,0
2774682,0,0,1,1,0,0,227,2,12,0
2774734,0,0,0,0,1,0,227,2,12,0
2775357,0,0,1,1,0,0,227,2,12,0
2775453,0,1,0,1,0,0,227,2,12,0
2775911,0,0,0,0,1,0,227,2,12,0
2775989,1,0,1,0,0,0,227,2,12,0
2776647,1,0,1,0,0,0,227,2,12,0
2777157,1,1,1,1,1,0,227,2,12,0
2777540,0,1,1,0,1,0,227,2,12,0
2777944,1,1,0,0,0,0,227,2,12,0
2778009,1,0,0,1,1,0,227,2,12,0
2778777,0,1,0,1,0,0,227,2,12,0
2779420,0,0,0,0,1,0,227,2,12,0
2779537,1,1,0,0,0,0,227,2,12,0
2779563,0,0,0,0,1,0,227,2,12,0
2779833,0,1,1,0,1,0,227,2,12,0
2780063,0,0,0,0,1,0,227,2,12,0
2780361,0,0,0,0,1,0,227,2,12,0
2780438,1,0,1,0,0,0,227,2,12,0
2780464,1,0,1,0,0,0,227,2,12,0
2780495,1,0,1,0,0,0,227,2,12,0
2780687,1,1,0,0,0,0,227,2,12,0
2780879,0,0,1,1,0,0,227,2,12,0
2781675,1,1,1,1,1,0,227,2,12,0
2781861,0,0,0,0,1,0,227,2,12,0
2782477,1,1,1,1,1,0,227,2,12,0
2782604,1,1,0,0,0,0,227,2,12,0
2782673,1,0,1,0,0,0,227,2,12,0
2783088,0,0,1,1,0,0,227,2,12,0
2783249,0,1,1,0,1,0,227,2,12,0
2783348,0,0,1,1,0,0,227,2,12,0
2783415,1,1,1,1,1,0,227,2,12,0
2783465,1,0,0,1,1,0,227,2,12,0
2784003,1,0,1,0,0,0,227,2,12,0
2785274,0,1,1,0,1,0,227,2,12,0
2785482,1,0,0,1,1,0,227,2,12,0
2786062,0,0,1,1,0,0,227,2,12,0
2786303,1,0,0,1,1,0,227,2,12,0
2786542,0,0,0,0,1,0,227,2,12,0
2786818,0,0,1,1,0,0,227,2,12,0
2786841,1,0,0,1,1,0,227,2,12,0
2786999,1,1,1,1,1,0,227,2,12,0
2787117,1,0,1,0,0,0,227,2,12,0
2787530,0,0,0,0,1,0,227,2,12,0
2787564,1,0,0,1,1,0,227,2,12,0
2787870,1,1,1,1,1,0,227,2,12,0
2790042,0,0,1,1,0,0,227,2,12,0
2791046,1,1,1,1,1,0,227,2,12,0
2791640,0,1,1,0,1,0,227,2,12,0
2792166,1,0,0,1,1,0,227,2,12,0
2792507,0,0,1,1,0,0,227,2,12,0
2793025,0,1,0,1,0,0,227,2,12,0
2793190,0,1,1,0,1,0,227,2,12,0
2793193,0,0,0,0,1,0,227,2,12,0
2793987,0,1,1,0,1,0,227,2,12,0
2794618,0,0,0,0,1,0,227,2,12,0
2794634,0,0,0,0,1,0,227,2,12,0
2795111,1,1,1,1,1,0,227,2,12,0
2795466,1,0,0,1,1,0,227,2,12,0
2795551,1,1,0,0,0,0,227,2,12,0
2795563,1,1,1,1,1,0,227,2,12,0
2795784,0,1,0,1,0,0,227,2,12,0
2795831,1,0,0,1,1,0,227,2,12,0
2796011,1,0,1,0,0,0,227,2,12,0
2796071,0,0,1,1,0,0,227,2,12,0
2796347,1,1,1,1,1,0,227,2,12,0
2796592,0,1,1,0,1,0,227,2,12,0
2796604,1,1,1,1,1,0,227,2,12,0
2796948,0,0,1,1,0,0,227,2,12,0
2797082,0,0,0,0,1,0,227,2,12,0
2797608,0,0,0,0,1,0,227,2,12,0
2797680,0,1,0,1,0,0,227,2,12,0
2797773,0,1,1,0,1,0,227,2,12,0
2797830,1,1,0,0,0,0,227,2,12,0
2797946,0,0,1,0,0,0,227,2,12,0
2799560,1,0,0,1,1,0,227,2,12,0
2799632,0,0,1,1,0,0,227,2,12,0
2799912,1,1,1,1,1,0,227,2,12,0
2800202,1,1,0,0,0,0,227,2,12,0
2800920,1,1,1,1,1,0,227,2,12,0
2800996,0,1,1,0,1,0,227,2,12,0
2801170,1,1,0,0,0,0,227,2,12,0
2801194,0,0,1,1,0,0,227,2,12,0
2801277,0,1,1,0,1,0,227,2,12,0
2802016,1,1,0,0,0,0,227,2,12,0
2802235,0,0,0,0,1,0,227,2,12,0
2802348,1,0,0,1,1,0,227,2,12,0
2802411,1,1,1,1,1,0,227,2,12,0
2802489,0,1,0,1,0,0,227,2,12,0
2802620,0,1,0,1,0,0,227,2,12,0
2803669,1,1,0,0,0,0,227,2,12,0
2804065,0,1,0,1,0,0,227,2,12,0
2804100,1,0,1,0,0,0,227,2,12,0
2804377,0,1,0,1,0,0,227,2,12,0
2804897,0,1,0,1,0,0,227,2,12,0
2805407,1,0,1,0,0,0,227,2,12,0
2805492,0,0,0,0,1,0,227,2,12,0
2805561,1,1,0,0,0,0,227,2,12,0
2807119,0,1,1,0,1,0,227,2,12,0
2807420,0,1,0,1,0,0,227,2,12,0
2807600,0,0,1,1,0,0,227,2,12,0
2807765,1,0,0,1,1,0,227,2,12,0
2807782,1,0,1,0,0,0,227,2,12,0
2807984,0,0,0,0,1,0,227,2,12,0
2809025,0,1,1,0,1,0,227,2,12,0
2809323,1,0,0,1,1,0,227,2,12,0
2809665,0,1,1,0,1,0,227,2,12,0
2810371,0,1,0,1,0,0,227,2,12,0
2812002,1,0,0,1,1,0,227,2,12,0
2812048,0,0,0,0,1,0,227,2,12,0
2812077,0,0,0,0,1,0,227,2,12,0
2812351,0,1,0,1,0,0,227,2,12,0
2812606,0,1,0,1,0,0,227,2,12,0
2812674,1,1,0,0,0,0,227,2,12,0
2813258,1,0,1,0,0,0,227,2,12,0
2813712,1,0,0,1,1,0,227,2,12,0
2814099,1,1,1,1,1,0,227,2,12,0
2814329,1,1,1,1,1,0,227,2,12,0
2814334,1,0,0,0,1,1,227,2,12,0
2815188,1,0,0,1,1,0,227,2,12,0
2815550,1,0,1,0,0,0,227,2,12,0
2815802,0,1,1,0,1,0,227,2,12,0
2816407,1,0,1,0,0,0,227,2,12,0
2816537,0,1,1,0,1,0,227,2,12,0
2816645,0,1,0,1,0,0,227,2,12,0
2816868,1,0,1,0,0,0,227,2,12,0
2816869,0,1,0,1,0,0,227,2,12,0
2817171,1,1,0,0,0,0,227,2,12,0
2817233,1,0,1,0,0,0,227,2,12,0
2817412,1,1,1,1,1,0,227,2,12,0
2817915,1,0,0,1,1,0,227,2,12,0
2819873,1,0,1,0,0,0,148,2,12,0
2820075,1,0,0,1,1,0,148,2,12,0
2821011,0,1,1,0,1,0,148,2,12,0
2821505,1,1,0,0,0,0,148,2,12,0
2821520,0,0,0,0,1,0,148,2,12,0
2822403,1,0,0,1,1,0,148,2,12,0
2823019,1,1,0,0,0,0,148,2,12,0
2824119,0,1,0,1,0,0,148,2,12,0
2824429,1,0,1,0,0,0,148,2,12,0
2824865,1,1,1,1,1,0,148,2,12,0
2825192,1,0,1,0,0,0,148,2,12,0
2825593,1,1,0,0,0,0,148,2,12,0
2826241,1,1,1,1,1,0,148,2,12,0
2827739,0,1,0,1,0,0,148,2,12,0
2828160,0,0,0,0,1,0,148,2,12,0
2828889,0,1,0,1,0,0,148,2,12,0
2830185,0,0,1,1,0,0,148,2,12,0
2830444,0,1,1,0,1,0,148,2,12,0
2831028,0,0,1,1,0,0,148,2,12,0
2831453,1,1,0,0,0,0,148,2,12,0
2831529,1,0,0,1,1,0,148,2,12,0
2832189,0,0,1,0,0,0,148,2,12,0
2833087,0,1,0,1,0,0,148,2,12,0
2833180,1,1,0,0,0,0,148,2,12,0
2833241,0,1,0,1,0,0,148,2,12,0
2833611,0,0,1,1,0,0,148,2,12,0
2833720,0,1,0,1,0,0,148,2,12,0
2833875,0,0,0,0,1,0,148,2,12,0
2833888,1,0,1,0,0,0,148,2,12,0
2834449,1,0,0,1,1,0,148,2,12,0
2835189,1,0,0,1,1,0,148,2,12,0
2835726,1,1,0,0,0,0,148,2,12,0
2836197,1,1,1,1,1,0,148,2,12,0
2836290,1,0,1,0,0,0,148,2,12,0
2837585,0,1,0,1,0,0,148,2,12,0
2838109,1,1,0,0,0,0,148,2,12,0
2838465,1,0,1,0,0,0,148,2,12,0
2838701,0,1,0,1,0,0,148,2,12,0
2838709,1,1,0,0,0,0,148,2,12,0
2838893,0,0,0,0,1,0,148,2,12,0
2839443,0,1,1,0,1,0,148,2,12,0
2840180,1,0,1,0,0,0,148,2,12,0
2841105,0,1,1,0,1,0,148,2,12,0
2841749,0,0,1,1,0,0,148,2,12,0
2842193,1,1,1,1,1,0,148,2,12,0
2842799,0,0,1,1,0,0,148,2,12,0
2842856,1,1,0,0,0,0,148,2,12,0
2844051,1,1,0,0,0,0,148,2,12,0
2844966,0,1,1,0,1,0,148,2,12,0
2847254,0,0,1,1,0,0,148,2,12,0
2847307,0,0,0,0,1,0,148,2,12,0
2847562,0,1,1,0,1,0,148,2,12,0
2847862,0,1,1,0,1,0,148,2,12,0
2850666,1,1,0,0,0,0,148,2,12,0
2850792,1,0,0,1,1,0,148,2,12,0
2851037,0,1,0,1,0,0,148,2,12,0
2851103,0,0,1,1,0,0,148,2,12,0
2852527,0,1,1,0,1,0,148,2,12,0
2852554,1,1,1,1,1,0,148,2,12,0
2852832,1,0,0,1,1,0,148,2,12,0
2852916,1,0,0,1,1,0,148,2,12,0
2853171,0,0,1,1,0,0,148,2,12,0
2853898,0,1,1,0,1,0,148,2,12,0
2854489,0,1,1,0,1,0,148,2,12,0
2855100,1,1,0,0,0,0,148,2,12,0
2855399,1,0,0,1,1,0,148,2,12,0
2855436,1,1,0,0,0,0,148,2,12,0
2855932,1,1,1,1,1,0,148,2,12,0
2856389,1,1,0,0,0,0,148,2,12,0
2856455,0,0,1,1,0,0,148,2,12,0
2857616,1,1,0,0,0,0,148,2,12,0
2858701,0,0,0,0,1,0,148,2,12,0
2860474,1,1,0,0,0,0,148,2,12,0
2860645,1,1,0,0,0,0,148,2,12,0
2860717,0,1,1,0,1,0,148,2,12,0
2860837,0,0,0,0,1,0,148,2,12,0
2861528,1,0,1,0,0,0,148,2,12,0
2861911,1,1,0,0,0,0,148,2,12,0
2862137,1,0,1,0,0,0,148,2,12,0
2862555,0,0,0,0,1,0,148,2,12,0
2862681,1,1,0,0,0,0,148,2,12,0
2864079,1,1,1,1,1,0,148,2,12,0
2865051,0,1,1,0,1,0,148,2,12,0
2865645,1,0,0,1,1,0,148,2,12,0
2866126,0,0,1,1,0,0,148,2,12,0
2866137,1,1,0,0,0,0,148,2,12,0
2866207,1,0,1,0,0,0,148,2,12,0
2866498,1,1,1,0,1,1,148,2,12,0
2867129,0,0,1,1,0,0,148,2,12,0
2867916,1,0,0,1,1,0,148,2,12,0
2868375,1,0,0,1,1,0,148,2,12,0
2868406,1,1,1,1,1,0,148,2,12,0
2868515,0,1,0,1,0,0,148,2,12,0
2868768,1,0,1,0,0,0,148,2,12,0
2869148,0,0,1,1,0,0,148,2,12,0
2870190,0,0,1,1,0,0,148,2,12,0
2870602,0,0,0,0,1,0,148,2,12,0
2871548,0,0,1,0,0,0,148,2,12,0
2871590,0,1,0,1,0,0,148,2,12,0
2871957,0,0,0,0,1,0,148,2,12,0
2873603,1,1,1,1,1,0,148,2,12,0
2873653,0,1,0,1,0,0,148,2,12,0
2874031,0,1,0,1,0,0,148,2,12,0
2874228,1,0,0,1,1,0,148,2,12,0
2874269,0,0,1,1,0,0,148,2,12,0
2874450,0,1,1,0,1,0,148,2,12,0
2874778,1,0,0,1,1,0,148,2,12,0
2875182,0,0,0,0,1,0,148,2,12,0
2875539,0,1,1,0,1,0,148,2,12,0
2875595,0,1,0,1,0,0,148,2,12,0
2875905,1,1,1,1,1,0,148,2,12,0
2876061,1,1,0,0,0,0,148,2,12,0
2876390,1,0,1,0,0,0,148,2,12,0
2876942,1,1,1,1,1,0,148,2,12,0
2879339,0,1,1,0,1,0,148,2,12,0
2880013,1,0,0,1,1,0,148,2,12,0
2880123,0,0,0,0,1,0,148,2,12,0
2880520,0,1,0,1,0,0,148,2,12,0
2880724,0,0,1,1,0,0,148,2,12,0
2881646,0,1,0,1,0,0,148,2,12,0
2882187,1,0,1,0,0,0,148,2,12,0
2882550,0,0,1,0,0,0,148,2,12,0
2883362,0,1,0,1,0,0,148,2,12,0
2883694,1,0,1,0,0,0,140,2,12,0
2884293,1,1,1,1,1,0,140,2,12,0
2885202,1,0,0,1,1,0,140,2,12,0
2885379,0,0,1,1,0,0,140,2,12,0
2885642,1,1,1,1,1,0,140,2,12,0
2886205,0,1,0,1,0,0,140,2,12,0
2886230,0,0,0,0,1,0,140,2,12,0
2886580,1,0,0,1,1,0,140,2,12,0
2887973,1,0,0,1,1,0,140,2,12,0
2890197,0,0,0,0,1,0,140,2,12,0
2890559,0,1,1,0,1,0,140,2,12,0
2893894,0,0,0,0,1,0,140,2,12,0
2895724,1,1,1,1,1,0,140,2,12,0
2896405,1,0,1,0,0,0,140,2,12,0
2896505,0,0,1,1,0,0,140,2,12,0
2897649,0,0,0,0,1,0,140,2,12,0
2897940,0,1,0,1,0,0,140,2,12,0
2898069,1,0,0,1,1,0,140,2,12,0
2899003,1,0,0,1,1,0,140,2,12,0
2899878,1,1,0,0,0,0,140,2,12,0
2900403,0,0,1,0,0,0,140,2,12,0
2900901,0,1,0,1,0,0,140,2,12,0
2900972,1,0,1,1,0,0,140,2,12,0
2901007,0,0,1,1,0,0,140,2,12,0
2902880,0,1,0,1,0,0,140,2,12,0
2902889,0,1,0,1,0,0,140,2,12,0
2903009,0,0,1,1,0,0,140,2,12,0
2903108,1,0,0,1,1,0,140,2,12,0
2903931,1,1,1,1,1,0,140,2,12,0
2903960,1,1,1,1,1,0,140,2,12,0
2905864,1,1,0,0,0,0,140,2,12,0
2906354,0,1,0,1,0,0,140,2,12,0
2906571,1,1,1,1,1,0,140,2,12,0
2907516,1,1,0,0,0,0,140,2,12,0
2909039,0,0,0,0,1,0,140,2,12,0
2909279,1,1,1,1,1,0,140,2,12,0
2909407,1,1,0,0,0,0,140,2,12,0
2909674,1,1,1,1,1,0,140,2,12,0
2910629,1,1,1,1,1,0,140,2,12,0
2910762,1,1,0,0,0,0,140,2,12,0
2911910,0,0,1,1,0,0,140,2,12,0
2913969,1,0,1,0,0,0,140,2,12,0
2915433,1,0,0,1,1,0,140,2,12,0
2916066,1,1,1,0,1,1,140,2,12,0
2916262,1,0,0,1,1,0,140,2,12,0
2917682,1,1,0,0,0,0,140,2,12,0
2918315,1,0,0,1,1,0,140,2,12,0
2918567,1,1,0,0,0,0,140,2,12,0
2919381,0,1,0,1,0,0,140,2,12,0
2919702,1,0,0,1,1,0,140,2,12,0
2920010,1,0,0,1,1,0,140,2,12,0
2920823,1,1,0,0,0,0,140,2,12,0
2920944,0,0,0,0,1,0,140,2,12,0
2921759,0,0,0,0,1,0,140,2,12,0
2921777,1,1,1,1,1,0,140,2,12,0
2922393,1,1,1,1,1,0,140,2,12,0
2923350,0,1,0,1,0,0,140,2,12,0
2923466,0,1,1,0,1,0,140,2,12,0
2923739,0,0,0,0,1,0,140,2,12,0
2926587,0,1,0,1,0,0,140,2,12,0
2927203,1,0,0,1,1,0,140,2,12,0
2927507,1,0,1,0,0,0,140,2,12,0
2927518,0,0,0,0,1,0,140,2,12,0
2928054,1,0,0,1,1,0,140,2,12,0
2928131,0,1,0,1,0,0,140,2,12,0
2928272,1,1,1,1,1,0,140,2,12,0
2929476,1,1,1,1,1,0,140,2,12,0
2929619,1,0,1,0,0,0,140,2,12,0
2930005,1,0,0,1,1,0,140,2,12,0
2931127,1,0,0,1,1,0,140,2,12,0
2932060,0,1,1,0,1,0,140,2,12,0
2932912,1,0,1,0,0,0,140,2,12,0
2933159,1,0,0,1,1,0,140,2,12,0
2934005,1,1,0,0,0,0,140,2,12,0
2934778,0,1,1,0,1,0,140,2,12,0
2935250,1,1,0,0,0,0,140,2,12,0
2935554,0,1,1,1,1,1,140,2,12,0
2935608,1,1,1,1,1,0,140,2,12,0
2935917,0,0,0,0,1,0,140,2,12,0
2937095,1,0,1,0,0,0,140,2,12,0
2937744,1,0,0,1,1,0,140,2,12,0
2937832,1,0,0,1,1,0,140,2,12,0
2938340,1,1,0,0,0,0,140,2,12,0
2938364,0,1,0,1,0,0,140,2,12,0
2939105,1,1,0,1,0,0,140,2,12,0
2939662,1,1,1,1,1,0,140,2,12,0
2939923,0,1,0,1,0,0,140,2,12,0
2940118,0,1,0,1,0,0,140,2,12,0
2940296,1,0,0,1,1,0,140,2,12,0
2940467,1,1,1,1,1,0,140,2,12,0
2941040,1,0,0,1,1,0,140,2,12,0
2941234,0,0,1,1,0,0,140,2,12,0
2941590,0,0,0,0,1,0,140,2,12,0
2941836,0,1,1,0,1,0,140,2,12,0
2942943,1,1,1,1,1,0,140,2,12,0
2943152,0,0,0,0,1,0,140,2,12,0
2944407,0,1,1,0,1,0,140,2,12,0
2944776,0,0,1,1,0,0,140,2,12,0
2944841,1,1,0,0,0,0,140,2,12,0
2945153,0,0,0,0,1,0,140,2,12,0
2945277,0,0,1,1,0,0,140,2,12,0
2945515,0,0,1,1,0,0,140,2,12,0
2945777,1,1,1,1,1,0,140,2,12,0
2946048,1,0,1,0,0,0,140,2,12,0
2946098,1,1,1,1,1,0,140,2,12,0
2946560,1,1,0,0,0,0,140,2,12,0
2947432,0,0,1,1,0,0,140,2,12,0
2948233,0,1,1,0,1,0,140,2,12,0
2951448,0,1,0,1,0,0,86,2,12,0
2952680,1,0,1,0,0,0,86,2,12,0
2953716,1,1,1,0,1,1,86,2,12,0
2955248,0,0,0,0,1,0,86,2,12,0
2955634,0,0,1,1,0,0,86,2,12,0
2956807,1,0,0,1,1,0,86,2,12,0
2957263,0,0,1,1,0,0,86,2,12,0
2960784,0,0,0,0,1,0,86,2,12,0
2961694,1,0,0,1,1,0,86,2,12,0
2962484,0,0,0,0,1,0,86,2,12,0
2962614,1,0,1,0,0,0,86,2,12,0
2962746,1,0,1,0,0,0,86,2,12,0
2963700,0,0,1,1,0,0,86,2,12,0
2964216,1,0,0,1,1,0,86,2,12,0
2964859,1,1,1,1,1,0,86,2,12,0
2964991,0,0,1,1,0,0,86,2,12,0
2965063,0,1,1,0,1,0,86,2,12,0
2966786,1,0,0,1,1,0,86,2,12,0
2968030,0,0,1,1,0,0,86,2,12,0
2968384,0,1,0,1,0,0,86,2,12,0
2968526,1,1,0,0,0,0,86,2,12,0
2969770,0,0,0,0,1,0,86,2,12,0
2972079,1,1,0,0,0,0,86,2,12,0
2972356,1,0,1,0,0,0,86,2,12,0
2972724,0,1,0,1,0,0,86,2,12,0
2972946,0,0,0,0,1,0,86,2,12,0
2974182,0,1,1,0,1,0,86,2,12,0
2974599,0,0,1,1,0,0,86,2,12,0
2974845,0,0,1,1,0,0,86,2,12,0
2976905,1,0,0,1,1,0,86,2,12,0
2976956,0,0,0,0,1,0,86,2,12,0
2977818,1,0,1,0,0,0,86,2,12,0
2977836,0,1,0,1,0,0,86,2,12,0
2977919,0,0,0,0,1,0,86,2,12,0
2977984,0,1,0,1,0,0,86,2,12,0
2978601,1,1,0,0,0,0,86,2,12,0
2980612,0,1,0,1,0,0,86,2,12,0
2981086,0,1,1,0,1,0,86,2,12,0
2981590,0,0,1,1,0,0,86,2,12,0
2982307,1,0,0,1,1,0,86,2,12,0
2983870,1,0,1,0,0,0,86,2,12,0
2986948,1,1,0,0,0,0,86,2,12,0
2987100,0,0,0,0,1,0,86,2,12,0
2987207,0,0,1,1,0,0,86,2,12,0
2988588,0,0,1,1,0,0,86,2,12,0
2988818,0,1,0,1,0,0,86,2,12,0
2989394,1,1,0,0,0,0,86,2,12,0
2990202,1,0,1,0,0,0,86,2,12,0
2990302,0,0,0,0,1,0,86,2,12,0
2990662,0,0,0,0,1,0,86,2,12,0
2991384,1,0,0,1,1,0,86,2,12,0
2992352,1,1,0,0,0,0,86,2,12,0
2993540,0,0,1,1,0,0,86,2,12,0
2994535,0,1,1,0,1,0,86,2,12,0
2995878,0,0,0,0,1,0,86,2,12,0
2998355,0,1,0,1,0,0,86,2,12,0
2998427,1,1,0,0,0,0,86,2,12,0
2998861,1,1,1,1,1,0,86,2,12,0
3000854,1,0,0,1,1,0,86,2,12,0
3001661,0,1,0,1,0,0,86,2,12,0
3001761,1,0,0,1,1,0,86,2,12,0
3002307,0,1,0,1,0,0,86,2,12,0
3002393,0,1,0,1,0,0,86,2,12,0
3003384,1,1,0,0,0,0,86,2,12,0
3004309,0,1,1,0,1,0,86,2,12,0
3004429,0,0,0,0,1,0,86,2,12,0
3004454,1,1,1,1,1,0,86,2,12,0
3004803,1,1,0,0,0,0,86,2,12,0
3005030,0,0,1,1,0,0,86,2,12,0
3005927,0,1,0,1,0,0,86,2,12,0
3005976,0,1,1,1,1,1,86,2,12,0
3007376,1,0,0,1,1,0,86,2,12,0
3007537,1,0,0,1,1,0,86,2,12,0
3007542,1,1,0,0,0,0,86,2,12,0
3007548,0,1,1,0,1,0,86,2,12,0
3007764,0,0,1,1,0,0,86,2,12,0
3008002,0,1,1,0,1,0,86,2,12,0
3008662,0,1,0,1,0,0,86,2,12,0
3008847,0,1,0,1,0,0,86,2,12,0
3008849,1,1,1,1,1,0,86,2,12,0
3010314,1,1,1,1,1,0,86,2,12,0
3011390,1,0,1,0,0,0,86,2,12,0
3012144,0,0,1,1,0,0,86,2,12,0
3013979,0,1,1,1,1,1,86,2,12,0
3014032,0,0,0,0,1,0,86,2,12,0
3016446,1,1,1,1,1,0,84,2,12,0
3016634,0,0,1,1,0,0,84,2,12,0
3017530,0,1,1,0,1,0,84,2,12,0
3017994,1,1,1,1,1,0,84,2,12,0
3019158,0,1,1,0,1,0,84,2,12,0
3020451,1,0,0,1,1,0,84,2,12,0
3021426,0,1,0,1,0,0,84,2,12,0
3021610,1,0,0,1,1,0,84,2,12,0
3021902,0,0,1,1,0,0,84,2,12,0
3021929,1,0,1,0,0,0,84,2,12,0
3023056,1,1,1,1,1,0,84,2,12,0
3023117,1,1,0,0,0,0,84,2,12,0
3023370,0,1,1,0,1,0,84,2,12,0
3023558,0,1,1,0,1,0,84,2,12,0
3023564,0,1,1,0,1,0,84,2,12,0
3024151,0,1,1,0,1,0,84,2,12,0
3024454,1,0,1,0,0,0,84,2,12,0
3025304,1,1,1,1,1,0,84,2,12,0
3025644,0,0,0,0,1,0,84,2,12,0
3025761,1,1,1,1,1,0,84,2,12,0
3027597,0,1,0,1,0,0,84,2,12,0
3028014,1,0,1,0,0,0,84,2,12,0
3028366,0,0,0,0,1,0,84,2,12,0
3028566,0,0,1,1,0,0,84,2,12,0
3029322,0,1,1,0,1,0,84,2,12,0
3030126,1,0,1,0,0,0,84,2,12,0
3031437,1,0,0,1,1,0,84,2,12,0
3032906,0,1,0,1,0,0,84,2,12,0
3033773,1,1,0,1,0,0,84,2,12,0
3035375,1,0,1,0,0,0,84,2,12,0
3038205,0,0,1,1,0,0,84,2,12,0
3038653,0,0,1,1,0,0,84,2,12,0
3038895,1,1,1,1,1,0,84,2,12,0
3039602,1,1,1,1,1,0,84,2,12,0
3040341,1,1,1,1,1,0,84,2,12,0
3040725,0,1,0,1,0,0,84,2,12,0
3040790,1,0,1,0,0,0,84,2,12,0
3040884,0,0,1,1,0,0,84,2,12,0
3042299,0,1,0,1,0,0,84,2,12,0
3043861,1,0,1,0,0,0,84,2,12,0
3044524,1,1,0,0,0,0,84,2,12,0
3045902,1,1,1,1,1,0,84,2,12,0
3046272,1,0,1,0,0,0,84,2,12,0
3047270,0,0,1,1,0,0,84,2,12,0
3048775,1,0,1,0,0,0,84,2,12,0
3049432,1,0,0,1,1,0,84,2,12,0
3050063,0,0,1,1,0,0,84,2,12,0
3050222,0,1,1,0,1,0,84,2,12,0
3050980,0,0,0,0,1,0,84,2,12,0
3051927,0,0,0,0,1,0,84,2,12,0
3053237,0,0,1,1,0,0,84,2,12,0
3053711,1,1,1,1,1,0,84,2,12,0
3054794,0,0,0,0,1,0,84,2,12,0
3055371,0,0,1,1,0,0,84,2,12,0
3056609,0,1,0,1,0,0,84,2,12,0
3058047,0,0,0,0,1,0,84,2,12,0
3058261,1,0,0,1,1,0,84,2,12,0
3058404,0,0,1,1,0,0,84,2,12,0
3061515,1,1,1,1,1,0,84,2,12,0
3063790,1,1,1,1,1,0,84,2,12,0
3064298,1,0,1,0,0,0,84,2,12,0
3064583,1,1,0,0,0,0,84,2,12,0
3065181,1,0,1,0,0,0,84,2,12,0
3066323,1,1,0,0,0,0,84,2,12,0
3066675,0,0,1,1,0,0,84,2,12,0
3068974,0,0,0,0,1,0,84,2,12,0
3069397,0,0,1,1,0,0,84,2,12,0
3069873,1,0,0,1,1,0,84,2,12,0
3070017,1,1,0,0,0,0,84,2,12,0
3071245,1,1,0,0,0,0,84,2,12,0
3071689,0,1,1,0,1,0,84,2,12,0
3071750,1,1,1,1,1,0,84,2,12,0
3073712,0,0,0,0,1,0,84,2,12,0
3074295,1,0,0,1,1,0,84,2,12,0
3075249,1,0,1,0,0,0,84,2,12,0
3077378,1,0,0,1,1,0,84,2,12,0
3078081,1,0,0,1,1,0,84,2,12,0
3078961,0,1,1,0,1,0,84,2,12,0
3079129,1,0,1,0,0,0,84,2,12,0
3079276,1,0,1,0,0,0,84,2,12,0
3080421,1,0,1,0,0,0,110,2,12,0
3080677,1,0,1,0,0,0,110,2,12,0
3080996,1,0,1,0,0,0,110,2,12,0
3081146,1,0,0,1,1,0,110,2,12,0
3081656,0,1,0,1,0,0,110,2,12,0
3082685,0,0,1,1,0,0,110,2,12,0
3083516,1,1,0,0,0,0,110,2,12,0
3083670,1,0,0,1,1,0,110,2,12,0
3084021,1,0,1,0,0,0,110,2,12,0
3084735,0,0,0,0,1,0,110,2,12,0
3085112,0,1,1,0,1,0,110,2,12,0
3085311,1,0,1,0,0,0,110,2,12,0
3086405,1,0,1,0,0,0,110,2,12,0
3086782,1,0,0,1,1,0,110,2,12,0
3086829,1,1,1,1,1,0,110,2,12,0
3087606,1,0,0,1,1,0,110,2,12,0
3089224,0,0,0,0,1,0,110,2,12,0
3091012,0,0,1,1,0,0,110,2,12,0
3091257,0,1,1,0,1,0,110,2,12,0
3091464,0,1,1,0,1,0,110,2,12,0
3092813,0,1,0,1,0,0,110,2,12,0
3093300,0,1,1,0,1,0,110,2,12,0
3093757,0,1,1,0,1,0,110,2,12,0
3094185,0,0,0,0,1,0,110,2,12,0
3094767,0,1,0,1,0,0,110,2,12,0
3095820,1,1,0,0,0,0,110,2,12,0
3095821,1,1,0,0,0,0,110,2,12,0
3095907,1,1,0,0,0,0,110,2,12,0
3096330,1,0,0,1,1,0,110,2,12,0
3097152,0,0,0,0,1,0,110,2,12,0
3097213,0,1,0,1,0,0,110,2,12,0
3098395,1,0,1,0,0,0,110,2,12,0
3099125,1,0,1,0,0,0,110,2,12,0
3099276,1,0,1,0,0,0,110,2,12,0
3099325,0,1,0,1,0,0,110,2,12,0
3099514,1,0,0,1,1,0,110,2,12,0
3100288,1,0,1,0,0,0,110,2,12,0
3103358,1,1,1,1,1,0,110,2,12,0
3103546,0,1,0,1,0,0,110,2,12,0
3103824,0,0,0,0,1,0,110,2,12,0
3103857,0,1,0,1,0,0,110,2,12,0
3104020,1,0,1,0,0,0,110,2,12,0
3104583,0,0,0,0,1,0,110,2,12,0
3104795,0,1,1,0,1,0,110,2,12,0
3105819,0,1,0,1,0,0,110,2,12,0
3105850,0,1,1,0,1,0,110,2,12,0
3106035,1,0,0,1,1,0,110,2,12,0
3106109,1,0,0,1,1,0,110,2,12,0
3106823,0,0,0,0,1,0,110,2,12,0
3107543,0,1,1,0,1,0,110,2,12,0
3107545,0,0,0,0,1,0,110,2,12,0
3107644,1,1,0,0,0,0,110,2,12,0
3108475,1,0,0,1,1,0,110,2,12,0
3109441,0,1,1,0,1,0,110,2,12,0
3109941,1,0,1,0,0,0,110,2,12,0
3110489,1,0,1,0,0,0,110,2,12,0
3111433,0,1,0,1,0,0,110,2,12,0
3112061,1,1,0,0,0,0,110,2,12,0
3112484,1,0,1,0,0,0,110,2,12,0
3112575,1,0,0,1,1,0,110,2,12,0
3115165,1,1,1,1,1,0,110,2,12,0
3116735,0,0,1,1,0,0,110,2,12,0
3116969,1,0,1,0,0,0,110,2,12,0
3117195,1,0,0,1,1,0,110,2,12,0
3119513,0,1,1,0,1,0,110,2,12,0
3120170,0,0,0,0,1,0,110,2,12,0
3120176,1,0,0,1,1,0,110,2,12,0
3120445,0,1,0,1,0,0,110,2,12,0
3121160,1,0,1,0,0,0,110,2,12,0
3121538,0,0,1,1,0,0,110,2,12,0
3121665,1,0,0,1,1,0,110,2,12,0
3122116,1,1,0,0,0,0,110,2,12,0
3122210,0,0,1,1,0,0,110,2,12,0
3123061,0,1,1,0,1,0,110,2,12,0
3123566,1,0,0,1,1,0,110,2,12,0
3124110,1,0,0,1,1,0,110,2,12,0
3124696,0,1,1,0,1,0,110,2,12,0
3124813,1,0,0,1,1,0,110,2,12,0
3125000,1,1,1,1,1,0,110,2,12,0
3126822,0,1,0,1,0,0,110,2,12,0
3127249,1,1,1,1,1,0,110,2,12,0
3127362,0,1,0,1,0,0,110,2,12,0
3128782,1,1,1,1,1,0,110,2,12,0
3130014,0,1,0,1,0,0,110,2,12,0
3130190,1,1,1,1,1,0,110,2,12,0
3130722,1,0,1,0,0,0,110,2,12,0
3131487,1,1,0,0,0,0,110,2,12,0
3131840,0,1,0,1,0,0,110,2,12,0
3132133,1,0,0,0,1,1,110,2,12,0
3132362,1,0,1,0,0,0,110,2,12,0
3135118,1,1,0,0,0,0,110,2,12,0
3135242,1,0,0,1,1,0,110,2,12,0
3136091,0,0,0,0,1,0,110,2,12,0
3136402,0,1,0,1,0,0,110,2,12,0
3137791,0,0,1,1,0,0,110,2,12,0
3137962,1,0,1,0,0,0,110,2,12,0
3138146,0,1,1,0,1,0,110,2,12,0
3138451,1,0,0,1,1,0,110,2,12,0
3139047,1,0,0,1,1,0,110,2,12,0
3139283,1,0,1,0,0,0,110,2,12,0
3139865,1,0,1,0,0,0,110,2,12,0
3139953,1,0,0,1,1,0,110,2,12,0
3140694,0,1,1,0,1,0,110,2,12,0
3140849,0,0,1,1,0,0,110,2,12,0
3141273,1,0,0,1,1,0,110,2,12,0
3142280,1,1,1,1,1,0,110,2,12,0
3142681,0,0,1,1,0,0,110,2,12,0
3144471,1,0,0,1,1,0,110,2,12,0
3145324,0,0,0,0,1,0,110,2,12,0
3145542,0,0,0,0,1,0,110,2,12,0
3145780,1,0,1,0,0,0,108,2,12,0
3145843,0,1,0,1,0,0,108,2,12,0
3146139,1,1,1,1,1,0,108,2,12,0
3147136,0,1,1,0,1,0,108,2,12,0
3147429,0,0,1,1,0,0,108,2,12,0
3147873,0,0,0,0,1,0,108,2,12,0
3148110,0,0,0,0,1,0,108,2,12,0
3148396,0,1,1,0,1,0,108,2,12,0
3148655,0,0,0,0,1,0,108,2,12,0
3149219,1,1,0,0,0,0,108,2,12,0
3149259,0,1,1,0,1,0,108,2,12,0
3149283,1,0,0,1,1,0,108,2,12,0
3149554,0,1,1,0,1,0,108,2,12,0
3149628,0,0,0,0,1,0,108,2,12,0
3150740,1,1,0,0,0,0,108,2,12,0
3151664,0,1,1,0,1,0,108,2,12,0
3152018,1,1,1,1,1,0,108,2,12,0
3152937,0,1,0,1,0,0,108,2,12,0
3153205,1,1,0,0,0,0,108,2,12,0
3153211,0,0,1,1,0,0,108,2,12,0
3154063,0,1,1,0,1,0,108,2,12,0
3154125,1,1,0,0,0,0,108,2,12,0
3155318,0,0,1,1,0,0,108,2,12,0
3155698,0,0,0,0,1,0,108,2,12,0
3155777,0,1,0,1,0,0,108,2,12,0
3155860,1,0,1,0,0,0,108,2,12,0
3156444,0,0,1,0,0,0,108,2,12,0
3157222,1,1,0,0,0,0,108,2,12,0
3157444,0,1,1,0,1,0,108,2,12,0
3157781,0,1,1,0,1,0,108,2,12,0
3158398,1,1,1,1,1,0,108,2,12,0
3158558,0,1,0,1,0,0,108,2,12,0
3158740,1,1,0,0,0,0,108,2,12,0
3159851,1,0,0,1,1,0,108,2,12,0
3160128,1,0,0,1,1,0,108,2,12,0
3161420,0,0,0,0,1,0,108,2,12,0
3162715,1,1,1,1,1,0,108,2,12,0
3164023,1,1,0,0,0,0,108,2,12,0
3164025,0,0,1,1,0,0,108,2,12,0
3164233,1,0,0,1,1,0,108,2,12,0
3165509,0,1,1,0,1,0,108,2,12,0
3165696,1,1,1,1,1,0,108,2,12,0
3165864,0,0,1,1,0,0,108,2,12,0
3166258,1,1,1,1,1,0,108,2,12,0
3166402,1,0,1,0,0,0,108,2,12,0
3167657,1,0,0,1,1,0,108,2,12,0
3168672,0,1,1,0,1,0,108,2,12,0
3168842,0,1,1,0,1,0,108,2,12,0
3169150,0,0,0,0,1,0,108,2,12,0
3169217,0,0,1,1,0,0,108,2,12,0
3169482,1,1,0,0,0,0,108,2,12,0
3170924,0,0,0,0,1,0,108,2,12,0
3171367,1,1,0,0,0,0,108,2,12,0
3171878,0,1,0,1,0,0,108,2,12,0
3171959,1,0,1,0,0,0,108,2,12,0
3173998,0,1,1,0,1,0,108,2,12,0
3175672,0,0,1,1,0,0,108,2,12,0
3176016,0,1,1,0,1,0,108,2,12,0
3176351,0,1,0,1,0,0,108,2,12,0
3176691,1,0,1,0,0,0,108,2,12,0
3178163,1,1,1,1,1,0,108,2,12,0
3178532,1,1,0,0,0,0,108,2,12,0
3178929,0,1,0,0,0,0,108,2,12,0
3179412,1,1,0,1,0,0,108,2,12,0
3179981,0,1,1,0,1,0,108,2,12,0
3181144,0,1,0,1,0,0,108,2,12,0
3181178,0,0,0,0,1,0,108,2,12,0
3182168,1,1,1,1,1,0,108,2,12,0
3182785,1,0,0,1,1,0,108,2,12,0
3183202,0,1,0,1,0,0,108,2,12,0
3183894,1,0,0,1,1,0,108,2,12,0
3184727,0,1,1,0,1,0,108,2,12,0
3185110,1,1,0,0,0,0,108,2,12,0
3185554,0,1,1,0,1,0,108,2,12,0
3185798,1,0,1,0,0,0,108,2,12,0
3187471,0,0,0,0,1,0,108,2,12,0
3187638,0,1,1,0,1,0,108,2,12,0
3188374,0,0,1,1,0,0,108,2,12,0
3188770,1,0,1,0,0,0,108,2,12,0
3190897,1,0,1,0,0,0,108,2,12,0
3192579,1,1,0,0,0,0,108,2,12,0
3192633,1,0,0,1,1,0,108,2,12,0
3192685,1,1,1,1,1,0,108,2,12,0
3193493,1,1,1,1,1,0,108,2,12,0
3193663,1,0,0,1,1,0,108,2,12,0
3194081,0,1,1,0,1,0,108,2,12,0
3195304,0,0,0,0,1,0,108,2,12,0
3196350,1,0,1,0,0,0,108,2,12,0
3199186,1,0,1,0,0,0,108,2,12,0
3199343,0,0,0,0,1,0,108,2,12,0
3200359,0,1,0,1,0,0,108,2,12,0
3201007,0,1,0,1,0,0,108,2,12,0
3201292,1,1,1,1,1,0,108,2,12,0
3201400,1,0,1,0,0,0,108,2,12,0
3202509,0,1,1,0,1,0,108,2,12,0
3202671,1,0,0,1,1,0,108,2,12,0
3202737,0,0,0,0,1,0,108,2,12,0
3203648,1,1,1,1,1,0,108,2,12,0
3203668,0,1,1,0,1,0,108,2,12,0
3203996,0,0,1,1,0,0,108,2,12,0
3204695,0,0,0,0,1,0,108,2,12,0
3204824,1,0,0,1,1,0,108,2,12,0
3206136,0,1,0,1,0,0,108,2,12,0
3206824,0,0,0,0,1,0,108,2,12,0
3209606,0,1,0,1,0,0,108,2,12,0
3212166,1,1,0,0,0,0,84,2,12,0
3212452,1,0,1,0,0,0,84,2,12,0
3212710,0,1,1,0,1,0,84,2,12,0
3212927,1,0,0,1,1,0,84,2,12,0
3214271,1,1,0,0,0,0,84,2,12,0
3214375,0,0,0,0,1,0,84,2,12,0
3216100,0,1,0,1,0,0,84,2,12,0
3217223,1,0,0,1,1,0,84,2,12,0
3217394,1,1,1,1,1,0,84,2,12,0
3218890,1,0,0,1,1,0,84,2,12,0
3219718,0,0,1,1,0,0,84,2,12,0
3219998,0,0,0,0,1,0,84,2,12,0
3220378,0,0,1,1,0,0,84,2,12,0
3221224,1,1,1,1,1,0,84,2,12,0
3221527,0,1,0,1,0,0,84,2,12,0
3224572,0,1,1,0,1,0,84,2,12,0
3225241,1,1,1,1,1,0,84,2,12,0
3225591,1,1,0,0,0,0,84,2,12,0
3225741,0,1,0,1,0,0,84,2,12,0
3225924,0,0,1,1,0,0,84,2,12,0
3226286,0,1,0,1,0,0,84,2,12,0
3227241,0,0,0,0,1,0,84,2,12,0
3227491,0,0,1,1,0,0,84,2,12,0
3228108,0,1,1,0,1,0,84,2,12,0
3228392,0,0,0,0,1,0,84,2,12,0
3228483,1,0,1,0,0,0,84,2,12,0
3229775,1,1,1,1,1,0,84,2,12,0
3230222,1,1,0,0,0,0,84,2,12,0
3230316,0,1,1,0,1,0,84,2,12,0
3232047,1,1,1,1,1,0,84,2,12,0
3232545,0,0,0,0,1,0,84,2,12,0
3232611,0,0,1,1,0,0,84,2,12,0
3232613,1,1,0,0,0,0,84,2,12,0
3233980,1,0,0,0,1,1,84,2,12,0
3234150,1,0,0,1,1,0,84,2,12,0
3238739,1,1,1,1,1,0,84,2,12,0
3239672,1,0,1,0,0,0,84,2,12,0
3240284,0,0,1,1,0,0,84,2,12,0
3244156,1,0,0,1,1,0,84,2,12,0
3244495,0,1,1,0,1,0,84,2,12,0
3246787,1,0,1,0,0,0,84,2,12,0
3246815,0,1,1,0,1,0,84,2,12,0
3247067,0,0,1,1,0,0,84,2,12,0
3247933,0,0,0,0,1,0,84,2,12,0
3248780,0,1,0,1,0,0,84,2,12,0
3249564,1,1,1,1,1,0,84,2,12,0
3250548,1,1,1,1,1,0,84,2,12,0
3250917,0,1,1,0,1,0,84,2,12,0
3252987,1,1,0,0,0,0,84,2,12,0
3253438,1,1,0,0,0,0,84,2,12,0
3253602,1,0,1,0,0,0,84,2,12,0
3254130,1,1,1,1,1,0,84,2,12,0
3255691,0,1,0,1,0,0,84,2,12,0
3258567,0,1,1,0,1,0,84,2,12,0
3258777,1,1,0,0,0,0,84,2,12,0
3258867,0,1,1,0,1,0,84,2,12,0
3260129,1,1,1,1,1,0,84,2,12,0
3260515,1,1,0,0,0,0,84,2,12,0
3262993,0,1,1,0,1,0,84,2,12,0
3263963,0,1,1,0,1,0,84,2,12,0
3264836,0,1,1,0,1,0,84,2,12,0
3266914,0,1,1,0,1,0,84,2,12,0
3267287,1,0,1,0,0,0,84,2,12,0
3268884,1,0,1,0,0,0,84,2,12,0
3268936,0,0,1,1,0,0,84,2,12,0
3269865,0,1,0,1,0,0,84,2,12,0
3270260,0,1,0,0,0,0,84,2,12,0
3271846,0,0,0,0,1,0,84,2,12,0
3272257,1,0,0,1,1,0,84,2,12,0
3274643,0,1,1,0,1,0,84,2,12,0
3274650,1,1,1,1,1,0,84,2,12,0
3275542,0,1,0,1,0,0,84,2,12,0
3276429,1,0,0,1,1,0,84,2,12,0
3277388,0,1,1,0,1,0,97,2,12,1
3278950,0,0,0,0,1,0,97,2,12,1
3279638,1,1,0,0,0,0,97,2,12,1
3280632,0,1,1,0,1,0,97,2,12,1
3281509,0,0,1,1,0,0,97,2,12,1
3282954,0,0,0,0,1,0,97,2,12,1
3283632,0,0,1,1,0,0,97,2,12,1
3283763,0,0,1,1,0,0,97,2,12,1
3284904,1,1,1,1,1,0,97,2,12,1
3286331,1,1,1,1,1,0,97,2,12,1
3288713,0,1,1,0,1,0,97,2,12,1
3289941,0,1,0,1,0,0,97,2,12,1
3290317,0,0,0,0,1,0,97,2,12,1
3290439,1,1,0,0,0,0,97,2,12,1
3290581,1,1,1,1,1,0,97,2,12,1
3291710,0,1,1,1,1,1,97,2,12,1
3292188,0,1,0,1,0,0,97,2,12,1
3293682,0,1,1,1,1,1,97,2,12,1
3296603,1,1,0,0,0,0,97,2,12,1
3297146,1,0,0,1,1,0,97,2,12,1
3297997,0,0,0,0,1,0,97,2,12,1
3300864,1,1,0,0,0,0,97,2,12,1
3301615,0,0,0,0,1,0,97,2,12,1
3302627,0,1,1,0,1,0,97,2,12,1
3305742,1,1,0,0,0,0,97,2,12,1
3307996,1,1,0,0,0,0,97,2,12,1
3309448,1,0,0,1,1,0,97,2,12,1
3311611,0,0,1,1,0,0,97,2,12,1
3313168,0,0,1,1,0,0,97,2,12,1
3313458,0,1,0,1,0,0,97,2,12,1
3313602,0,1,1,0,1,0,97,2,12,1
3313951,0,0,1,1,0,0,97,2,12,1
3314812,0,1,1,0,1,0,97,2,12,1
3315649,0,0,0,0,1,0,97,2,12,1
3315666,0,0,0,0,1,0,97,2,12,1
3318232,0,1,0,1,0,0,97,2,12,1
3318874,1,0,1,0,0,0,97,2,12,1
3320549,0,0,1,1,0,0,97,2,12,1
3321483,1,0,0,1,1,0,97,2,12,1
3321521,1,0,0,1,1,0,97,2,12,1
3322598,0,0,0,0,1,0,97,2,12,1
3324362,1,1,0,0,0,0,97,2,12,1
3324905,0,1,0,1,0,0,97,2,12,1
3326229,1,1,1,1,1,0,97,2,12,1
3326442,0,0,1,1,0,0,97,2,12,1
3331809,0,0,1,1,0,0,97,2,12,1
3332053,1,0,0,1,1,0,97,2,12,1
3332253,1,0,1,0,0,0,97,2,12,1
3332349,0,0,1,1,0,0,97,2,12,1
3332807,0,1,1,0,1,0,97,2,12,1
3333019,1,1,1,1,1,0,97,2,12,1
3334990,0,0,1,1,0,0,97,2,12,1
3335157,0,1,1,0,1,0,97,2,12,1
3335749,0,0,0,0,1,0,97,2,12,1
3336405,0,1,1,0,1,0,97,2,12,1
3336412,1,0,0,1,1,0,97,2,12,1
3336955,1,0,1,0,0,0,97,2,12,1
3337132,1,1,1,1,1,0,97,2,12,1
3337605,0,1,0,1,0,0,97,2,12,1
3340897,0,0,0,0,1,0,97,2,12,1
3341088,1,1,0,0,0,0,97,2,12,1
3343019,1,1,0,0,0,0,119,2,12,1
3343242,0,1,1,0,1,0,119,2,12,1
3343562,0,1,1,0,1,0,119,2,12,1
3343570,1,1,0,0,0,0,119,2,12,1
3344641,0,0,0,0,1,0,119,2,12,1
3344910,0,1,0,1,0,0,119,2,12,1
3346479,0,0,0,0,1,0,119,2,12,1
3346828,0,0,1,1,0,0,119,2,12,1
3347278,1,1,1,1,1,0,119,2,12,1
3348288,1,0,0,1,1,0,119,2,12,1
3348953,1,0,1,0,0,0,119,2,12,1
3349463,1,0,1,0,0,0,119,2,12,1
3349534,1,1,1,1,1,0,119,2,12,1
3350355,0,1,1,0,1,0,119,2,12,1
3351850,0,0,1,1,0,0,119,2,12,1
3353046,1,0,1,0,0,0,119,2,12,1
3353550,1,0,1,0,0,0,119,2,12,1
3353855,0,0,1,1,0,0,119,2,12,1
3354131,0,1,1,0,1,0,119,2,12,1
3354552,1,0,0,1,1,0,119,2,12,1
3354803,0,1,0,1,0,0,119,2,12,1
3356366,0,0,1,1,0,0,119,2,12,1
3357983,1,0,1,0,0,0,119,2,12,1
3360436,0,1,0,1,0,0,119,2,12,1
3361573,0,1,1,0,1,0,119,2,12,1
3364281,1,1,0,0,0,0,119,2,12,1
3364730,1,0,0,1,1,0,119,2,12,1
3365348,0,0,0,0,1,0,119,2,12,1
3366393,1,1,1,1,1,0,119,2,12,1
3366585,1,1,0,0,0,0,119,2,12,1
3369143,1,1,1,1,1,0,119,2,12,1
3370154,0,1,1,0,1,0,119,2,12,1
3370674,1,1,0,0,0,0,119,2,12,1
3370911,0,1,1,0,1,0,119,2,12,1
3371956,0,1,0,1,0,0,119,2,12,1
3372342,0,0,1,1,0,0,119,2,12,1
3372789,0,1,1,0,1,0,119,2,12,1
3374250,0,0,0,0,1,0,119,2,12,1
3378192,1,0,1,0,0,0,119,2,12,1
3378506,0,0,0,0,1,0,119,2,12,1
3378775,0,0,0,0,1,0,119,2,12,1
3378871,0,1,1,1,1,1,119,2,12,1
3382488,1,1,0,0,0,0,119,2,12,1
3383038,1,1,1,1,1,0,119,2,12,1
3383443,1,0,1,0,0,0,119,2,12,1
3387189,1,0,1,0,0,0,119,2,12,1
3389629,1,0,0,1,1,0,119,2,12,1
3392705,1,1,1,1,1,0,119,2,12,1
3393946,0,1,0,1,0,0,119,2,12,1
3394261,0,1,0,1,0,0,119,2,12,1
3395221,1,1,0,0,0,0,119,2,12,1
3396098,1,0,1,0,0,0,119,2,12,1
3396471,1,1,1,1,1,0,119,2,12,1
3396787,0,0,1,1,0,0,119,2,12,1
3397340,0,0,0,0,1,0,119,2,12,1
3398659,1,1,0,0,0,0,119,2,12,1
3398716,1,1,0,0,0,0,119,2,12,1
3399035,1,0,1,0,0,0,119,2,12,1
3399332,1,1,1,1,1,0,119,2,12,1
3399338,1,0,0,1,1,0,119,2,12,1
3399480,1,1,1,1,1,0,119,2,12,1
3399493,1,0,0,1,1,0,119,2,12,1
3399761,0,0,1,1,0,0,119,2,12,1
3401896,0,0,0,0,1,0,119,2,12,1
3402721,1,1,0,0,0,0,119,2,12,1
3404112,0,0,1,1,0,0,119,2,12,1
3405001,1,1,1,1,1,0,119,2,12,1
3405294,1,0,1,0,0,0,119,2,12,1
3406021,0,1,1,0,1,0,119,2,12,1
3406075,1,1,1,1,1,0,119,2,12,1
3406765,0,1,1,0,1,0,119,2,12,1
3406891,0,0,1,1,0,0,119,2,12,1
3408000,0,1,0,1,0,0,128,2,12,1
3408909,0,1,0,1,0,0,128,2,12,1
3410352,0,1,1,0,1,0,128,2,12,1
3410812,0,1,0,1,0,0,128,2,12,1
3410977,0,0,0,0,1,0,128,2,12,1
3411233,1,1,0,0,0,0,128,2,12,1
3411250,1,1,0,0,0,0,128,2,12,1
3411338,1,0,1,0,0,0,128,2,12,1
3411454,0,0,1,1,0,0,128,2,12,1
3413685,1,1,1,1,1,0,128,2,12,1
3414759,1,1,1,1,1,0,128,2,12,1
3414854,0,0,0,0,1,0,128,2,12,1
3415021,1,0,0,1,1,0,128,2,12,1
3417072,1,0,0,1,1,0,128,2,12,1
3417796,0,0,0,1,1,1,128,2,12,1
3417827,1,1,0,0,0,0,128,2,12,1
3419254,1,0,1,0,0,0,128,2,12,1
3419361,1,0,1,0,0,0,128,2,12,1
3419630,0,1,1,0,1,0,128,2,12,1
3420536,0,1,1,0,1,0,128,2,12,1
3421593,0,1,1,0,1,0,128,2,12,1
3421920,0,1,1,0,1,0,128,2,12,1
3422104,0,1,1,0,1,0,128,2,12,1
3422614,1,0,0,1,1,0,128,2,12,1
3422981,1,0,0,1,1,0,128,2,12,1
3423095,0,1,1,0,1,0,128,2,12,1
3423451,1,1,0,0,0,0,128,2,12,1
3424184,1,0,0,1,1,0,128,2,12,1
3424286,0,0,1,1,0,0,128,2,12,1
3424363,1,1,0,0,0,0,128,2,12,1
3424543,0,0,1,1,0,0,128,2,12,1
3424677,1,1,1,1,1,0,128,2,12,1
3424938,1,0,1,0,0,0,128,2,12,1
3424980,0,0,0,0,1,0,128,2,12,1
3427316,0,1,1,0,1,0,128,2,12,1
3427317,0,1,0,1,0,0,128,2,12,1
3427450,0,0,0,0,1,0,128,2,12,1
3431140,1,0,0,1,1,0,128,2,12,1
3431674,0,1,0,1,0,0,128,2,12,1
3431814,1,0,1,0,0,0,128,2,12,1
3431983,0,0,1,1,0,0,128,2,12,1
3432884,0,0,0,1,1,1,128,2,12,1
3433199,0,0,0,0,1,0,128,2,12,1
3434421,1,1,0,0,0,0,128,2,12,1
3434857,0,1,1,0,1,0,128,2,12,1
3435472,1,1,1,1,1,0,128,2,12,1
3435574,1,0,1,0,0,0,128,2,12,1
3436709,0,0,1,1,0,0,128,2,12,1
3437053,1,1,1,1,1,0,128,2,12,1
3437854,1,0,1,0,0,0,128,2,12,1
3438034,0,0,1,1,0,0,128,2,12,1
3439494,0,1,0,1,0,0,128,2,12,1
3439504,1,0,1,0,0,0,128,2,12,1
3441127,0,0,0,0,1,0,128,2,12,1
3442767,0,0,0,0,1,0,128,2,12,1
3443904,1,1,1,1,1,0,128,2,12,1
3443979,0,1,1,0,1,0,128,2,12,1
3444628,1,0,1,0,0,0,128,2,12,1
3444883,0,1,0,1,0,0,128,2,12,1
3446221,0,1,1,0,1,0,128,2,12,1
3446433,0,1,0,1,0,0,128,2,12,1
3446634,1,1,1,0,1,1,128,2,12,1
3447802,1,0,0,1,1,0,128,2,12,1
3448065,0,0,0,0,1,0,128,2,12,1
3449331,0,0,1,1,0,0,128,2,12,1
3450403,1,0,1,0,0,0,128,2,12,1
3455313,0,1,0,1,0,0,128,2,12,1
3456695,0,0,1,1,0,0,128,2,12,1
3456926,0,0,0,0,1,0,128,2,12,1
3459410,1,0,0,1,1,0,128,2,12,1
3459621,1,0,1,1,0,0,128,2,12,1
3462058,1,1,0,0,0,0,128,2,12,1
3462074,0,1,0,1,0,0,128,2,12,1
3462205,1,1,0,0,0,0,128,2,12,1
3462465,1,1,1,1,1,0,128,2,12,1
3463515,1,0,0,1,1,0,128,2,12,1
3463722,0,0,1,1,0,0,128,2,12,1
3464807,1,1,0,0,0,0,128,2,12,1
3465266,1,0,1,0,0,0,128,2,12,1
3465300,1,0,1,0,0,0,128,2,12,1
3466094,1,1,1,1,1,0,128,2,12,1
3467747,0,1,0,1,0,0,128,2,12,1
3469128,1,0,0,1,1,0,128,2,12,1
3470265,0,0,1,1,0,0,128,2,12,1
3471862,0,0,1,1,0,0,128,2,12,1
3472955,0,0,0,0,1,0,128,2,12,1
3473868,0,1,1,0,1,0,152,2,12,1
3474020,1,1,0,0,0,0,152,2,12,1
3474085,0,1,0,1,0,0,152,2,12,1
3474229,1,1,0,0,0,0,152,2,12,1
3474514,0,1,0,1,0,0,152,2,12,1
3475100,1,1,1,1,1,0,152,2,12,1
3475412,1,0,0,1,1,0,152,2,12,1
3475947,1,0,0,1,1,0,152,2,12,1
3477246,1,0,1,0,0,0,152,2,12,1
3478715,1,1,1,1,1,0,152,2,12,1
3478732,0,1,1,0,1,0,152,2,12,1
3479314,0,1,1,0,1,0,152,2,12,1
3479332,1,1,1,1,1,0,152,2,12,1
3479434,1,1,0,0,0,0,152,2,12,1
3479509,1,0,1,0,0,0,152,2,12,1
3480682,1,1,1,1,1,0,152,2,12,1
3480731,1,1,1,1,1,0,152,2,12,1
3484081,1,1,1,1,1,0,152,2,12,1
3484185,0,0,1,1,0,0,152,2,12,1
3484508,1,1,0,0,0,0,152,2,12,1
3484599,1,1,0,0,0,0,152,2,12,1
3485611,1,0,1,0,0,0,152,2,12,1
3486366,1,0,1,0,0,0,152,2,12,1
3486794,0,0,0,0,1,0,152,2,12,1
3486831,1,1,0,0,0,0,152,2,12,1
3488159,0,0,1,0,0,0,152,2,12,1
3489890,0,0,0,0,1,0,152,2,12,1
3490445,0,0,1,0,0,0,152,2,12,1
3490538,0,1,0,1,0,0,152,2,12,1
3490621,0,1,0,1,0,0,152,2,12,1
3490834,1,0,0,1,1,0,152,2,12,1
3492018,0,0,0,0,1,0,152,2,12,1
3492165,1,1,0,0,0,0,152,2,12,1
3494482,0,1,1,0,1,0,152,2,12,1
3494559,0,1,0,1,0,0,152,2,12,1
3494746,1,1,0,0,0,0,152,2,12,1
3495276,1,1,1,1,1,0,152,2,12,1
3495506,1,1,0,0,0,0,152,2,12,1
3495718,1,0,1,0,0,0,152,2,12,1
3495804,1,1,1,1,1,0,152,2,12,1
3496406,1,0,0,1,1,0,152,2,12,1
3496465,1,0,0,1,1,0,152,2,12,1
3496681,0,0,1,1,0,0,152,2,12,1
3497532,0,0,1,1,0,0,152,2,12,1
3497784,1,1,0,0,0,0,152,2,12,1
3498281,0,1,0,1,0,0,152,2,12,1
3498752,1,0,1,0,0,0,152,2,12,1
3498803,0,1,1,0,1,0,152,2,12,1
3499956,1,0,0,1,1,0,152,2,12,1
3500108,0,1,0,1,0,0,152,2,12,1
3502439,1,1,0,0,0,0,152,2,12,1
3503792,1,0,1,0,0,0,152,2,12,1
3504278,1,0,0,1,1,0,152,2,12,1
3506213,1,0,1,0,0,0,152,2,12,1
3506494,1,0,1,0,0,0,152,2,12,1
3508185,0,1,1,0,1,0,152,2,12,1
3508363,0,1,1,0,1,0,152,2,12,1
3508529,0,1,1,0,1,0,152,2,12,1
3509919,0,1,0,1,0,0,152,2,12,1
3510523,0,1,1,0,1,0,152,2,12,1
3512435,1,0,0,1,1,0,152,2,12,1
3512552,0,1,0,1,0,0,152,2,12,1
3514163,0,1,1,0,1,0,152,2,12,1
3514977,1,1,0,0,0,0,152,2,12,1
3515856,0,1,1,0,1,0,152,2,12,1
3516375,0,1,0,1,0,0,152,2,12,1
3517145,1,0,1,0,0,0,152,2,12,1
3517623,1,1,0,0,0,0,152,2,12,1
3517654,0,0,1,1,0,0,152,2,12,1
3518137,1,1,1,1,1,0,152,2,12,1
3518440,0,1,0,1,0,0,152,2,12,1
3518888,1,0,1,1,0,0,152,2,12,1
3518946,1,1,0,0,0,0,152,2,12,1
3519088,1,0,1,0,0,0,152,2,12,1
3519270,1,1,1,1,1,0,152,2,12,1
3520366,1,1,1,0,1,1,152,2,12,1
3520496,0,1,0,1,0,0,152,2,12,1
3521285,1,0,1,0,0,0,152,2,12,1
3521821,1,1,0,0,0,0,152,2,12,1
3521923,0,1,0,1,0,0,152,2,12,1
3525164,0,1,0,1,0,0,152,2,12,1
3525679,1,1,0,0,0,0,152,2,12,1
3526931,1,0,1,0,0,0,152,2,12,1
3527697,0,1,1,0,1,0,152,2,12,1
3528979,0,1,0,1,0,0,152,2,12,1
3530956,0,0,0,0,1,0,152,2,12,1
3532236,0,0,1,1,0,0,152,2,12,1
3533153,1,1,0,0,0,0,152,2,12,1
3533784,0,0,0,0,1,0,152,2,12,1
3533986,1,0,1,0,0,0,152,2,12,1
3535293,1,1,0,0,0,0,152,2,12,1
3535469,0,1,0,1,0,0,152,2,12,1
3537651,0,1,0,1,0,0,152,2,12,1
3538099,1,1,1,1,1,0,152,2,12,1
3538348,1,1,1,1,1,0,152,2,12,1
3538438,0,1,0,1,0,0,152,2,12,1
3538784,0,0,0,0,1,0,152,2,12,1
3539080,1,1,1,1,1,0,91,1,12,0
3539623,0,0,0,0,1,0,91,1,12,0
3540885,0,0,1,1,0,0,91,1,12,0
3541947,1,1,0,0,0,0,91,1,12,0
3542454,0,1,0,1,0,0,91,1,12,0
3542699,0,0,0,0,1,0,91,1,12,0
3542821,1,0,0,1,1,0,91,1,12,0
3543563,1,1,1,1,1,0,91,1,12,0
3543976,1,1,0,0,0,0,91,1,12,0
3544346,0,1,0,1,0,0,91,1,12,0
3544595,1,1,1,1,1,0,91,1,12,0
3544803,1,1,1,1,1,0,91,1,12,0
3546623,0,1,1,0,1,0,91,1,12,0
3547502,1,0,0,1,1,0,91,1,12,0
3548231,1,1,0,0,0,0,91,1,12,0
3550907,1,1,0,0,0,0,91,1,12,0
3552806,1,0,1,0,0,0,91,1,12,0
3552883,0,1,1,0,1,0,91,1,12,0
3553443,1,1,0,0,0,0,91,1,12,0
3553636,0,0,1,1,0,0,91,1,12,0
3557182,0,1,1,0,1,0,91,1,12,0
3558224,0,1,1,0,1,0,91,1,12,0
3558820,0,1,1,0,1,0,91,1,12,0
3558887,0,0,0,0,1,0,91,1,12,0
3560175,0,1,1,0,1,0,91,1,12,0
3560237,0,0,1,1,0,0,91,1,12,0
3560380,0,0,1,1,0,0,91,1,12,0
3561223,0,0,0,0,1,0,91,1,12,0
3562272,1,1,0,0,0,0,91,1,12,0
3562422,0,1,1,0,1,0,91,1,12,0
3562668,0,0,1,1,0,0,91,1,12,0
3562887,0,0,0,0,1,0,91,1,12,0
3563013,0,1,1,0,1,0,91,1,12,0
3563014,0,1,0,1,0,0,91,1,12,0
3564527,1,1,1,1,1,0,91,1,12,0
3566361,1,1,0,1,0,0,91,1,12,0
3567244,1,1,1,1,1,0,91,1,12,0
3568211,0,1,0,1,0,0,91,1,12,0
3568269,0,0,0,0,1,0,91,1,12,0
3568841,1,0,0,1,1,0,91,1,12,0
3569636,1,0,1,0,0,0,91,1,12,0
3570110,1,1,1,1,1,0,91,1,12,0
3572967,0,1,1,0,1,0,91,1,12,0
3572972,0,1,0,1,0,0,91,1,12,0
3573684,0,0,1,1,0,0,91,1,12,0
3574183,0,1,1,0,1,0,91,1,12,0
3574583,0,1,0,1,0,0,91,1,12,0
3574714,1,1,1,1,1,0,91,1,12,0
3574835,0,1,0,1,0,0,91,1,12,0
3578120,0,1,0,1,0,0,91,1,12,0
3579008,1,0,1,0,0,0,91,1,12,0
3579305,0,1,0,1,0,0,91,1,12,0
3579306,1,0,1,0,0,0,91,1,12,0
3579932,0,0,0,0,1,0,91,1,12,0
3579939,0,0,1,1,0,0,91,1,12,0
3580985,1,0,1,0,0,0,91,1,12,0
3581662,1,1,0,0,0,0,91,1,12,0
3582488,1,0,1,0,0,0,91,1,12,0
3583176,0,1,0,1,0,0,91,1,12,0
3583541,0,0,0,0,1,0,91,1,12,0
3584777,0,1,0,1,0,0,91,1,12,0
3587805,0,1,1,0,1,0,91,1,12,0
3587845,1,0,0,1,1,0,91,1,12,0
3590301,1,1,1,1,1,0,91,1,12,0
3590516,0,0,1,1,0,0,91,1,12,0
3593005,0,1,1,0,1,0,91,1,12,0
3594720,1,0,0,1,1,0,91,1,12,0
3595588,0,1,0,1,0,0,91,1,12,0
3595616,0,0,1,1,0,0,91,1,12,0
3597493,1,1,1,1,1,0,91,1,12,0
3597534,0,0,1,1,0,0,91,1,12,0
3598432,1,0,1,0,0,0,91,1,12,0
3599335,1,1,0,0,0,0,91,1,12,0
3599910,1,0,1,0,0,0,91,1,12,0
3600871,0,1,1,0,1,0,91,1,12,0
3602384,0,1,1,0,1,0,91,1,12,0
3602444,0,1,0,1,0,0,91,1,12,0
3602551,1,1,0,0,0,0,91,1,12,0
3602809,1,1,0,0,0,0,91,1,12,0
3603334,0,0,0,0,1,0,91,1,12,0
3604434,1,1,1,1,1,0,91,1,12,0
3604723,1,0,1,0,0,0,76,1,9,0
3604727,1,0,1,0,0,0,76,1,9,0
3607611,0,0,1,1,0,0,76,1,9,0
3611772,0,0,0,0,1,0,76,1,9,0
3611898,0,0,0,0,1,0,76,1,9,0
3613287,0,1,0,1,0,0,76,1,9,0
3614308,1,0,1,0,0,0,76,1,9,0
3614437,1,1,1,1,1,0,76,1,9,0
3616836,1,1,0,0,0,0,76,1,9,0
3621082,1,1,0,0,0,0,76,1,9,0
3621981,0,1,0,1,0,0,76,1,9,0
3622641,0,1,0,1,0,0,76,1,9,0
3622705,1,0,1,0,0,0,76,1,9,0
3624913,1,1,1,1,1,0,76,1,9,0
3625082,1,1,0,0,0,0,76,1,9,0
3625723,0,0,0,0,1,0,76,1,9,0
3627062,0,1,1,0,1,0,76,1,9,0
3631036,0,0,1,1,0,0,76,1,9,0
3631212,0,0,0,0,1,0,76,1,9,0
3631266,1,1,0,0,0,0,76,1,9,0
3633417,0,0,0,0,1,0,76,1,9,0
3634509,1,1,1,1,1,0,76,1,9,0
3636040,0,1,1,0,1,0,76,1,9,0
3636354,0,1,0,1,0,0,76,1,9,0
3638070,1,1,1,1,1,0,76,1,9,0
3638441,1,0,0,1,1,0,76,1,9,0
3642982,1,0,0,1,1,0,76,1,9,0
3645823,1,0,0,1,1,0,76,1,9,0
3646960,1,1,1,1,1,0,76,1,9,0
3647686,0,0,1,1,0,0,76,1,9,0
3647742,0,0,0,0,1,0,76,1,9,0
3649066,1,0,1,0,0,0,76,1,9,0
3649256,1,1,1,1,1,0,76,1,9,0
3651522,1,0,0,1,1,0,76,1,9,0
3652235,0,1,0,1,0,0,76,1,9,0
3653576,0,0,0,0,1,0,76,1,9,0
3655452,0,0,1,1,0,0,76,1,9,0
3660181,0,0,1,1,0,0,76,1,9,0
3663520,1,1,0,0,0,0,76,1,9,0
3666467,1,1,1,1,1,0,76,1,9,0
3666644,1,1,0,0,0,0,76,1,9,0
3667423,0,1,0,1,0,0,76,1,9,0
3668183,0,0,1,1,0,0,76,1,9,0
3670761,1,0,1,0,0,0,112,2,9,0
3673350,0,1,0,1,0,0,112,2,9,0
3674181,0,0,1,1,0,0,112,2,9,0
3674782,1,1,0,0,0,0,112,2,9,0
3675326,0,1,1,0,1,0,112,2,9,0
3675922,0,1,0,1,0,0,112,2,9,0
3676653,0,0,0,0,1,0,112,2,9,0
3677546,0,1,0,1,0,0,112,2,9,0
3678174,0,0,1,1,0,0,112,2,9,0
3678375,0,1,0,1,0,0,112,2,9,0
3680484,1,1,1,1,1,0,112,2,9,0
3681040,1,1,0,0,0,0,112,2,9,0
3681176,1,1,1,1,1,0,112,2,9,0
3684116,0,0,1,1,0,0,112,2,9,0
3685480,1,0,0,1,1,0,112,2,9,0
3687318,0,0,0,0,1,0,112,2,9,0
3690223,1,0,0,1,1,0,112,2,9,0
3690654,0,0,1,1,0,0,112,2,9,0
3695327,1,0,1,0,0,0,112,2,9,0
3696972,0,0,0,0,1,0,112,2,9,0
3697688,0,0,0,0,1,0,112,2,9,0
3700440,1,1,1,1,1,0,112,2,9,0
3702182,0,0,1,1,0,0,112,2,9,0
3702951,0,1,1,0,1,0,112,2,9,0
3703346,1,1,0,0,0,0,112,2,9,0
3704913,0,1,1,0,1,0,112,2,9,0
3704918,1,1,0,0,0,0,112,2,9,0
3704958,1,0,1,0,0,0,112,2,9,0
3707636,1,0,0,1,1,0,112,2,9,0
3708046,0,1,1,0,1,0,112,2,9,0
3708224,1,0,0,1,1,0,112,2,9,0
3709556,0,1,0,1,0,0,112,2,9,0
3710923,0,0,1,1,0,0,112,2,9,0
3710948,1,0,0,1,1,0,112,2,9,0
3713209,0,0,1,1,0,0,112,2,9,0
3713631,1,0,0,1,1,0,112,2,9,0
3716611,0,0,1,1,0,0,112,2,9,0
3716754,0,1,1,0,1,0,112,2,9,0
3717602,1,1,0,0,0,0,112,2,9,0
3719370,1,1,0,0,0,0,112,2,9,0
3719928,0,0,0,0,1,0,112,2,9,0
3720554,0,0,1,1,0,0,112,2,9,0
3721116,1,1,1,1,1,0,112,2,9,0
3721179,0,1,1,1,1,1,112,2,9,0
3722030,0,0,0,0,1,0,112,2,9,0
3722455,1,0,0,1,1,0,112,2,9,0
3723106,0,0,0,0,1,0,112,2,9,0
3724583,1,0,0,1,1,0,112,2,9,0
3725807,0,0,0,0,1,0,112,2,9,0
3726885,0,0,1,1,0,0,112,2,9,0
3728625,1,1,0,0,0,0,112,2,9,0
3728639,0,0,1,1,0,0,112,2,9,0
3733681,0,0,1,1,0,0,112,2,9,0
3734085,0,0,1,1,0,0,112,2,9,0
3735708,1,1,1,1,1,0,179,2,12,0
3736012,0,0,0,0,1,0,179,2,12,0
3736021,1,0,1,0,0,0,179,2,12,0
3737537,1,0,0,1,1,0,179,2,12,0
3738476,0,0,0,0,1,0,179,2,12,0
3738526,0,0,1,1,0,0,179,2,12,0
3738638,0,1,1,0,1,0,179,2,12,0
3739026,1,0,1,0,0,0,179,2,12,0
3739363,1,1,0,0,0,0,179,2,12,0
3739405,0,1,0,1,0,0,179,2,12,0
3739601,0,0,1,1,0,0,179,2,12,0
3740827,1,0,1,0,0,0,179,2,12,0
3740897,0,1,1,0,1,0,179,2,12,0
3740946,1,0,1,0,0,0,179,2,12,0
3742264,1,1,0,0,0,0,179,2,12,0
3742649,1,1,0,0,0,0,179,2,12,0
3743342,1,0,0,1,1,0,179,2,12,0
3743611,1,0,1,0,0,0,179,2,12,0
3743901,1,1,1,1,1,0,179,2,12,0
3743950,0,0,1,1,0,0,179,2,12,0
3744145,1,1,1,1,1,0,179,2,12,0
3744773,1,1,1,1,1,0,179,2,12,0
3745879,1,0,1,0,0,0,179,2,12,0
3747860,0,1,0,1,0,0,179,2,12,0
3748645,1,0,0,1,1,0,179,2,12,0
3749467,1,1,1,1,1,0,179,2,12,0
3750389,1,1,0,0,0,0,179,2,12,0
3751856,0,1,0,1,0,0,179,2,12,0
3752213,0,1,1,0,1,0,179,2,12,0
3752360,0,1,0,1,0,0,179,2,12,0
3752538,0,1,1,0,1,0,179,2,12,0
3752830,0,0,0,0,1,0,179,2,12,0
3752986,0,0,1,1,0,0,179,2,12,0
3753038,0,0,0,0,1,0,179,2,12,0
3754785,0,1,0,1,0,0,179,2,12,0
3755196,0,0,0,0,1,0,179,2,12,0
3755877,0,1,1,0,1,0,179,2,12,0
3756731,1,0,0,1,1,0,179,2,12,0
3757345,0,0,1,1,0,0,179,2,12,0
3757866,1,0,0,1,1,0,179,2,12,0
3758097,0,1,1,0,1,0,179,2,12,0
3758219,0,0,1,1,0,0,179,2,12,0
3758234,0,1,0,1,0,0,179,2,12,0
3758510,0,0,1,1,0,0,179,2,12,0
3759446,0,0,0,0,1,0,179,2,12,0
3759539,0,0,1,1,0,0,179,2,12,0
3760361,0,0,1,1,0,0,179,2,12,0
3760595,1,0,0,1,1,0,179,2,12,0
3760606,1,1,0,0,0,0,179,2,12,0
3760664,0,0,1,1,0,0,179,2,12,0
3761129,1,0,1,0,0,0,179,2,12,0
3762215,1,1,0,0,0,0,179,2,12,0
3762905,1,1,1,0,1,1,179,2,12,0
3763196,1,0,0,1,1,0,179,2,12,0
3763896,1,1,1,1,1,0,179,2,12,0
3764631,0,0,1,0,0,0,179,2,12,0
3764709,0,1,1,0,1,0,179,2,12,0
3765061,0,1,0,1,0,0,179,2,12,0
3765666,1,1,0,0,0,0,179,2,12,0
3765713,1,1,0,0,0,0,179,2,12,0
3766616,0,0,1,1,0,0,179,2,12,0
3766890,0,1,1,0,1,0,179,2,12,0
3767049,0,1,1,0,1,0,179,2,12,0
3767172,0,0,0,0,1,0,179,2,12,0
3767428,0,0,1,1,0,0,179,2,12,0
3767819,0,1,1,0,1,0,179,2,12,0
3768425,1,0,1,0,0,0,179,2,12,0
3768503,0,1,1,0,1,0,179,2,12,0
3769805,0,1,0,1,0,0,179,2,12,0
3770624,0,1,1,0,1,0,179,2,12,0
3771389,0,1,1,0,1,0,179,2,12,0
3771695,1,1,1,1,1,0,179,2,12,0
3771893,0,1,1,0,1,0,179,2,12,0
3772332,1,0,1,0,0,0,179,2,12,0
3773172,0,0,0,0,1,0,179,2,12,0
3773675,0,1,0,1,0,0,179,2,12,0
3773861,0,1,1,0,1,0,179,2,12,0
3775063,0,0,1,1,0,0,179,2,12,0
3775302,0,1,1,0,1,0,179,2,12,0
3775670,0,1,0,1,0,0,179,2,12,0
3775924,1,1,0,0,0,0,179,2,12,0
3776236,0,0,1,1,0,0,179,2,12,0
3776798,1,0,1,0,0,0,179,2,12,0
3777086,0,1,1,0,1,0,179,2,12,0
3777292,0,0,1,1,0,0,179,2,12,0
3777610,1,0,1,0,0,0,179,2,12,0
3777689,0,1,0,1,0,0,179,2,12,0
3778507,1,0,0,1,1,0,179,2,12,0
3779277,1,0,1,0,0,0,179,2,12,0
3779868,0,1,1,0,1,0,179,2,12,0
3780623,0,0,1,1,0,0,179,2,12,0
3781034,1,1,1,1,1,0,179,2,12,0
3781091,0,1,0,1,0,0,179,2,12,0
3782018,1,0,0,0,1,1,179,2,12,0
3783243,0,1,0,1,0,0,179,2,12,0
3783449,0,0,1,1,0,0,179,2,12,0
3783886,1,0,0,1,1,0,179,2,12,0
3783898,1,0,0,1,1,0,179,2,12,0
3784303,0,1,0,1,0,0,179,2,12,0
3784316,0,0,0,0,1,0,179,2,12,0
3785398,0,0,0,0,1,0,179,2,12,0
3786000,0,0,1,1,0,0,179,2,12,0
3786354,0,0,0,0,1,0,179,2,12,0
3786892,1,0,0,1,1,0,179,2,12,0
3787375,1,0,1,0,0,0,179,2,12,0
3787889,1,0,0,1,1,0,179,2,12,0
3787976,0,1,1,0,1,0,179,2,12,0
3788402,1,1,0,0,0,0,179,2,12,0
3788508,1,1,1,1,1,0,179,2,12,0
3788580,1,0,1,0,0,0,179,2,12,0
3788687,1,0,1,0,0,0,179,2,12,0
3788891,1,0,0,1,1,0,179,2,12,0
3789912,0,0,0,1,1,1,179,2,12,0
3790427,0,1,1,0,1,0,179,2,12,0
3790717,0,1,0,1,0,0,179,2,12,0
3790804,0,0,0,0,1,0,179,2,12,0
3791754,0,0,1,1,0,0,179,2,12,0
3791958,0,0,1,1,0,0,179,2,12,0
3792103,0,1,0,1,0,0,179,2,12,0
3792364,1,0,1,0,0,0,179,2,12,0
3792421,0,0,1,1,0,0,179,2,12,0
3792462,0,0,0,0,1,0,179,2,12,0
3792836,1,1,1,1,1,0,179,2,12,0
3793929,0,0,1,1,0,0,179,2,12,0
3794358,1,0,0,0,1,1,179,2,12,0
3794361,0,0,1,1,0,0,179,2,12,0
3794385,1,1,0,0,0,0,179,2,12,0
3794595,0,0,1,1,0,0,179,2,12,0
3794762,0,0,0,0,1,0,179,2,12,0
3794925,1,0,1,0,0,0,179,2,12,0
3795291,1,0,1,0,0,0,179,2,12,0
3795482,1,0,1,0,0,0,179,2,12,0
3795926,0,1,0,1,0,0,179,2,12,0
3795947,1,1,0,0,0,0,179,2,12,0
3796376,1,0,0,1,1,0,179,2,12,0
3796844,1,1,1,1,1,0,179,2,12,0
3797148,1,1,1,1,1,0,179,2,12,0
3797172,1,1,0,0,0,0,179,2,12,0
3797519,1,0,0,1,1,0,179,2,12,0
3797687,1,0,1,0,0,0,179,2,12,0
3798582,0,1,1,0,1,0,179,2,12,0
3798678,1,0,1,0,0,0,179,2,12,0
3799967,1,1,1,1,1,0,179,2,12,0
3801001,1,0,0,1,1,0,179,2,12,0
3802594,1,0,1,0,0,0,40,2,12,0
3805083,1,0,0,1,1,0,40,2,12,0
3805698,1,0,0,1,1,0,40,2,12,0
3806224,0,0,1,1,0,0,40,2,12,0
3807668,0,1,1,0,1,0,40,2,12,0
3808743,1,0,0,1,1,0,40,2,12,0
3810680,1,1,0,0,0,0,40,2,12,0
3811968,0,1,1,0,1,0,40,2,12,0
3814011,1,0,1,0,0,0,40,2,12,0
3818345,0,1,1,0,1,0,40,2,12,0
3818357,1,0,0,1,1,0,40,2,12,0
3822879,1,0,1,0,0,0,40,2,12,0
3825222,0,1,1,0,1,0,40,2,12,0
3825858,0,1,0,1,0,0,40,2,12,0
3826742,0,1,1,1,1,1,40,2,12,0
3827099,0,0,0,0,1,0,40,2,12,0
3827624,1,0,0,1,1,0,40,2,12,0
3832582,1,1,1,1,1,0,40,2,12,0
3835427,1,1,1,1,1,0,40,2,12,0
3837990,1,0,1,0,0,0,40,2,12,0
3838328,1,0,1,0,0,0,40,2,12,0
3838506,1,0,1,0,0,0,40,2,12,0
3838649,0,1,1,0,1,0,40,2,12,0
3839791,0,1,1,0,1,0,40,2,12,0
3842271,0,1,1,0,1,0,40,2,12,0
3843057,1,0,0,1,1,0,40,2,12,0
3843369,1,1,1,1,1,0,40,2,12,0
3845119,1,1,1,1,1,0,40,2,12,0
3850258,0,0,1,1,0,0,40,2,12,0
3851632,1,0,1,0,0,0,40,2,12,0
3854181,1,1,0,0,0,0,40,2,12,0
3855240,0,1,0,1,0,0,40,2,12,0
3855375,0,1,1,0,1,0,40,2,12,0
3856295,1,1,1,1,1,0,40,2,12,0
3857079,0,1,0,0,0,0,40,2,12,0
3858010,1,0,0,1,1,0,40,2,12,0
3860677,1,1,0,0,0,0,40,2,12,0
3865058,0,1,0,1,0,0,40,2,12,0
3865642,0,0,1,1,0,0,40,2,12,0
3866695,1,1,0,0,0,0,255,2,12,0
3866925,0,1,0,1,0,0,255,2,12,0
3867210,1,0,0,1,1,0,255,2,12,0
3867544,1,1,1,1,1,0,255,2,12,0
3867602,0,0,0,0,1,0,255,2,12,0
3867694,1,1,0,0,0,0,255,2,12,0
3868171,1,0,0,1,1,0,255,2,12,0
3868193,1,0,0,1,1,0,255,2,12,0
3868331,1,1,1,1,1,0,255,2,12,0
3868371,0,0,1,1,0,0,255,2,12,0
3868593,0,1,0,1,0,0,255,2,12,0
3868611,1,0,0,1,1,0,255,2,12,0
3869071,0,0,1,1,0,0,255,2,12,0
3869226,1,0,1,0,0,0,255,2,12,0
3869362,0,0,1,0,0,0,255,2,12,0
3869484,1,1,1,1,1,0,255,2,12,0
3869510,1,1,1,1,1,0,255,2,12,0
3869596,0,0,1,1,0,0,255,2,12,0
3869634,1,0,1,0,0,0,255,2,12,0
3869718,1,0,1,0,0,0,255,2,12,0
3869758,0,0,1,1,0,0,255,2,12,0
3870141,0,0,1,1,0,0,255,2,12,0
3870240,0,1,1,0,1,0,255,2,12,0
3870491,1,0,0,1,1,0,255,2,12,0
3870546,1,0,1,0,0,0,255,2,12,0
3870684,0,1,1,0,1,0,255,2,12,0
3870706,1,0,1,0,0,0,255,2,12,0
3870732,1,0,0,1,1,0,255,2,12,0
3870879,1,1,0,0,0,0,255,2,12,0
3871204,0,0,0,0,1,0,255,2,12,0
3871745,1,1,1,1,1,0,255,2,12,0
3872187,1,1,0,0,0,0,255,2,12,0
3873306,1,1,0,0,0,0,255,2,12,0
3875062,0,1,1,0,1,0,255,2,12,0
3875188,1,1,0,0,0,0,255,2,12,0
3875209,1,0,1,0,0,0,255,2,12,0
3875290,0,0,0,0,1,0,255,2,12,0
3875414,1,0,1,0,0,0,255,2,12,0
3875503,1,1,1,1,1,0,255,2,12,0
3875645,1,1,1,1,1,0,255,2,12,0
3875688,0,0,0,0,1,0,255,2,12,0
3875739,0,1,0,1,0,0,255,2,12,0
3875849,0,1,0,1,0,0,255,2,12,0
3875859,1,1,1,1,1,0,255,2,12,0
3875893,0,1,0,1,0,0,255,2,12,0
3876016,1,1,1,1,1,0,255,2,12,0
3876369,0,0,0,0,1,0,255,2,12,0
3876404,1,1,1,1,1,0,255,2,12,0
3876562,0,0,1,1,0,0,255,2,12,0
3877006,1,1,0,0,0,0,255,2,12,0
3877104,0,1,0,1,0,0,255,2,12,0
3877677,0,0,0,0,1,0,255,2,12,0
3877849,1,1,1,1,1,0,255,2,12,0
3877893,0,0,1,1,0,0,255,2,12,0
3877957,0,1,1,0,1,0,255,2,12,0
3878047,1,1,1,1,1,0,255,2,12,0
3878080,0,0,1,1,0,0,255,2,12,0
3878206,1,0,1,1,0,0,255,2,12,0
3878312,0,0,1,1,0,0,255,2,12,0
3878345,0,1,1,1,1,1,255,2,12,0
3878468,0,0,1,1,0,0,255,2,12,0
3878559,1,0,0,0,1,1,255,2,12,0
3878927,1,1,0,0,0,0,255,2,12,0
3878991,1,0,0,1,1,0,255,2,12,0
3879089,0,1,0,1,0,0,255,2,12,0
3879468,0,0,0,0,1,0,255,2,12,0
3879929,0,0,0,0,1,0,255,2,12,0
3880042,1,1,0,0,0,0,255,2,12,0
3880175,0,0,0,0,1,0,255,2,12,0
3880842,1,1,1,1,1,0,255,2,12,0
3880909,1,1,0,0,0,0,255,2,12,0
3880999,0,0,1,1,0,0,255,2,12,0
3881148,0,0,1,1,0,0,255,2,12,0
3881181,1,0,0,1,1,0,255,2,12,0
3881204,1,1,1,1,1,0,255,2,12,0
3881261,0,0,0,0,1,0,255,2,12,0
3881353,0,0,1,1,0,0,255,2,12,0
3881774,0,0,0,0,1,0,255,2,12,0
3882175,1,1,1,1,1,0,255,2,12,0
3882266,0,1,0,1,0,0,255,2,12,0
3882521,1,0,0,1,1,0,255,2,12,0
3882542,1,0,0,1,1,0,255,2,12,0
3882595,1,1,0,0,0,0,255,2,12,0
3882854,0,1,0,1,0,0,255,2,12,0
3883198,1,0,0,1,1,0,255,2,12,0
3883502,1,0,1,0,0,0,255,2,12,0
3883813,1,0,1,0,0,0,255,2,12,0
3884133,0,0,0,0,1,0,255,2,12,0
3884177,0,0,1,1,0,0,255,2,12,0
3884232,0,0,0,0,1,0,255,2,12,0
3884280,1,1,0,0,0,0,255,2,12,0
3884288,0,1,1,0,1,0,255,2,12,0
3884320,0,0,0,0,1,0,255,2,12,0
3884996,0,0,0,0,1,0,255,2,12,0
3885149,0,0,0,0,1,0,255,2,12,0
3885477,0,0,0,0,1,0,255,2,12,0
3885722,1,1,1,1,1,0,255,2,12,0
3886439,1,1,0,0,0,0,255,2,12,0
3886482,1,0,1,0,0,0,255,2,12,0
3886668,1,1,1,1,1,0,255,2,12,0
3886710,0,1,0,1,0,0,255,2,12,0
3886755,1,1,1,1,1,0,255,2,12,0
3886772,1,1,1,1,1,0,255,2,12,0
3887103,1,1,0,0,0,0,255,2,12,0
3887293,1,0,1,0,0,0,255,2,12,0
3887296,1,0,0,1,1,0,255,2,12,0
3887464,0,1,1,0,1,0,255,2,12,0
3887593,1,1,0,0,0,0,255,2,12,0
3887668,0,0,0,0,1,0,255,2,12,0
3888249,1,0,1,0,0,0,255,2,12,0
3888288,0,0,1,1,0,0,255,2,12,0
3888346,1,0,1,0,0,0,255,2,12,0
3888529,1,0,0,1,1,0,255,2,12,0
3888609,0,0,0,0,1,0,255,2,12,0
3888780,1,1,1,1,1,0,255,2,12,0
3889297,1,1,1,1,1,0,255,2,12,0
3889772,0,1,1,0,1,0,255,2,12,0
3889996,0,1,1,0,1,0,255,2,12,0
3890053,1,0,0,1,1,0,255,2,12,0
3890134,0,0,0,0,1,0,255,2,12,0
3890419,1,1,0,0,0,0,255,2,12,0
3890503,0,1,1,0,1,0,255,2,12,0
3891284,1,0,1,0,0,0,255,2,12,0
3891349,1,1,1,1,1,0,255,2,12,0
3891455,1,1,0,0,0,0,255,2,12,0
3891879,1,0,1,0,0,0,255,2,12,0
3892019,0,0,1,1,0,0,255,2,12,0
3892532,0,1,1,0,1,0,255,2,12,0
3893032,1,0,1,0,0,0,255,2,12,0
3893887,1,1,0,0,0,0,255,2,12,0
3894135,0,0,1,1,0,0,255,2,12,0
3894373,1,0,0,1,1,0,255,2,12,0
3894561,0,1,1,0,1,0,255,2,12,0
3894703,1,0,0,1,1,0,255,2,12,0
3894778,0,1,0,1,0,0,255,2,12,0
3894914,0,0,1,1,0,0,255,2,12,0
3894928,0,0,1,1,0,0,255,2,12,0
3894934,1,0,0,1,1,0,255,2,12,0
3894990,1,1,0,0,0,0,255,2,12,0
3895125,1,1,1,1,1,0,255,2,12,0
3895382,1,0,0,1,1,0,255,2,12,0
3895888,1,1,0,0,0,0,255,2,12,0
3895940,1,0,1,0,0,0,255,2,12,0
3896470,0,0,1,1,0,0,255,2,12,0
3896571,1,1,1,1,1,0,255,2,12,0
3896624,1,0,1,0,0,0,255,2,12,0
3896790,1,0,0,1,1,0,255,2,12,0
3896923,0,0,1,1,0,0,255,2,12,0
3896955,0,1,0,1,0,0,255,2,12,0
3897103,0,0,0,0,1,0,255,2,12,0
3898059,1,0,0,1,1,0,255,2,12,0
3898065,1,0,1,0,0,0,255,2,12,0
3898459,0,0,0,0,1,0,255,2,12,0
3898931,1,1,1,1,1,0,255,2,12,0
3899433,1,1,0,0,0,0,255,2,12,0
3899655,1,1,0,0,0,0,255,2,12,0
3900722,1,0,1,0,0,0,255,2,12,0
3900806,0,1,0,1,0,0,255,2,12,0
3900949,0,1,1,1,1,1,255,2,12,0
3901527,1,0,0,1,1,0,255,2,12,0
3901919,1,1,0,0,0,0,255,2,12,0
3902241,0,0,0,0,1,0,255,2,12,0
3902522,0,1,0,1,0,0,255,2,12,0
3902647,0,1,1,0,1,0,255,2,12,0
3902680,1,0,1,0,0,0,255,2,12,0
3902988,1,1,0,0,0,0,255,2,12,0
3903049,1,0,1,0,0,0,255,2,12,0
3903229,0,0,0,0,1,0,255,2,12,0
3903396,1,1,0,0,0,0,255,2,12,0
3904785,0,0,1,1,0,0,255,2,12,0
3904982,1,1,1,1,1,0,255,2,12,0
3905126,1,1,0,1,0,0,255,2,12,0
3905592,1,0,1,0,0,0,255,2,12,0
3906016,1,1,0,0,0,0,255,2,12,0
3906409,0,0,0,0,1,0,255,2,12,0
3906819,0,1,1,0,1,0,255,2,12,0
3907629,1,1,1,1,1,0,255,2,12,0
3908438,0,1,1,0,1,0,255,2,12,0
3908509,0,0,0,0,1,0,255,2,12,0
3908890,1,0,0,1,1,0,255,2,12,0
3909087,0,0,1,1,0,0,255,2,12,0
3909368,0,1,0,1,0,0,255,2,12,0
3909607,1,1,0,0,0,0,255,2,12,0
3909701,0,0,0,0,1,0,255,2,12,0
3909830,1,1,1,1,1,0,255,2,12,0
3909856,0,1,1,0,1,0,255,2,12,0
3909993,1,1,1,1,1,0,255,2,12,0
3910225,0,0,0,0,1,0,255,2,12,0
3910377,0,0,1,1,0,0,255,2,12,0
3910547,0,0,0,0,1,0,255,2,12,0
3910892,0,0,0,0,1,0,255,2,12,0
3911292,0,0,0,1,1,1,255,2,12,0
3911410,1,1,0,0,0,0,255,2,12,0
3911532,0,1,1,1,1,1,255,2,12,0
3911632,0,1,0,1,0,0,255,2,12,0
3911716,0,1,1,1,1,1,255,2,12,0
3911886,0,1,1,0,1,0,255,2,12,0
3912451,1,0,0,1,1,0,255,2,12,0
3912469,1,1,0,0,0,0,255,2,12,0
3912572,1,1,0,0,0,0,255,2,12,0
3912807,1,0,1,0,0,0,255,2,12,0
3912914,1,0,1,0,0,0,255,2,12,0
3913070,0,0,0,0,1,0,255,2,12,0
3913187,1,0,0,1,1,0,255,2,12,0
3914090,0,1,0,1,0,0,255,2,12,0
3914157,0,1,0,1,0,0,255,2,12,0
3914289,1,1,1,1,1,0,255,2,12,0
3914306,1,0,0,1,1,0,255,2,12,0
3914368,0,0,0,0,1,0,255,2,12,0
3914745,1,1,1,1,1,0,255,2,12,0
3914996,0,1,1,0,1,0,255,2,12,0
3915082,1,1,0,0,0,0,255,2,12,0
3915262,0,0,1,1,0,0,255,2,12,0
3915295,1,0,0,1,1,0,255,2,12,0
3915877,0,0,0,0,1,0,255,2,12,0
3915998,0,0,1,1,0,0,255,2,12,0
3916227,1,0,1,0,0,0,255,2,12,0
3916359,0,0,0,0,1,0,255,2,12,0
3916855,0,0,0,0,1,0,255,2,12,0
3916873,0,1,1,0,1,0,255,2,12,0
3917152,0,1,1,0,1,0,255,2,12,0
3917794,1,1,1,1,1,0,255,2,12,0
3918147,0,1,1,0,1,0,255,2,12,0
3918370,0,0,1,1,0,0,255,2,12,0
3918653,1,0,0,1,1,0,255,2,12,0
3918893,0,0,0,0,1,0,255,2,12,0
3918894,0,0,0,0,1,0,255,2,12,0
3919817,1,1,1,1,1,0,255,2,12,0
3919837,0,0,1,1,0,0,255,2,12,0
3920120,0,1,1,0,1,0,255,2,12,0
3920611,0,1,0,1,0,0,255,2,12,0
3920860,1,0,1,0,0,0,255,2,12,0
3920862,1,0,1,0,0,0,255,2,12,0
3920932,0,1,1,0,1,0,255,2,12,0
3921813,1,0,0,1,1,0,255,2,12,0
3921888,1,0,0,1,1,0,255,2,12,0
3921929,0,0,1,1,0,0,255,2,12,0
3922230,0,1,1,0,1,0,255,2,12,0
3922245,1,0,0,1,1,0,255,2,12,0
