attempt,a_data,a_basis,b_basis,bob,bmatch,err,irrad,mode,mu,lam_idx
398,0,0,0,0,1,0,109,1,9,0
581,0,1,0,1,0,0,109,1,9,0
599,1,1,0,0,0,0,109,1,9,0
714,1,0,1,0,0,0,109,1,9,0
980,1,1,1,1,1,0,109,1,9,0
2972,0,1,1,0,1,0,109,1,9,0
3093,1,0,0,1,1,0,109,1,9,0
3323,0,1,0,1,0,0,109,1,9,0
3819,0,1,0,1,0,0,109,1,9,0
3884,1,0,1,0,0,0,109,1,9,0
4185,1,1,1,1,1,0,109,1,9,0
4625,1,0,0,1,1,0,109,1,9,0
4998,1,1,1,1,1,0,109,1,9,0
6594,0,0,0,0,1,0,109,1,9,0
6674,0,1,0,1,0,0,109,1,9,0
8622,1,0,1,0,0,0,109,1,9,0
8929,1,1,1,1,1,0,109,1,9,0
8990,0,0,1,1,0,0,109,1,9,0
9142,0,0,1,1,0,0,109,1,9,0
9360,0,0,0,0,1,0,109,1,9,0
9568,1,1,1,1,1,0,109,1,9,0
10734,0,0,0,0,1,0,109,1,9,0
10996,0,0,1,1,0,0,109,1,9,0
11238,1,1,0,0,0,0,109,1,9,0
11280,0,1,1,0,1,0,109,1,9,0
11597,1,0,0,1,1,0,109,1,9,0
11661,0,1,0,1,0,0,109,1,9,0
11930,1,0,1,0,0,0,109,1,9,0
12265,1,1,1,1,1,0,109,1,9,0
12271,1,1,0,0,0,0,109,1,9,0
12344,1,1,0,0,0,0,109,1,9,0
12713,0,1,1,0,1,0,109,1,9,0
12783,1,1,1,1,1,0,109,1,9,0
13064,0,1,1,0,1,0,109,1,9,0
14022,0,0,0,0,1,0,109,1,9,0
14607,0,1,0,1,0,0,109,1,9,0
14691,1,1,1,1,1,0,109,1,9,0
15477,0,1,1,0,1,0,109,1,9,0
17502,1,0,0,1,1,0,109,1,9,0
17503,0,1,1,0,1,0,109,1,9,0
18219,0,1,1,0,1,0,109,1,9,0
18790,0,1,0,1,0,0,109,1,9,0
18950,1,0,0,1,1,0,109,1,9,0
19256,0,1,0,1,0,0,109,1,9,0
19390,0,1,1,0,1,0,109,1,9,0
20179,0,1,0,1,0,0,109,1,9,0
20221,1,0,1,0,0,0,109,1,9,0
20712,1,1,1,1,1,0,109,1,9,0
20979,0,0,0,0,1,0,109,1,9,0
21623,1,0,0,1,1,0,109,1,9,0
22838,0,1,1,0,1,0,109,1,9,0
22992,0,0,1,1,0,0,109,1,9,0
23454,1,0,1,0,0,0,109,1,9,0
23713,0,0,0,0,1,0,109,1,9,0
23735,0,1,0,1,0,0,109,1,9,0
23870,1,1,1,1,1,0,109,1,9,0
24212,1,1,1,1,1,0,109,1,9,0
24997,0,1,0,0,0,0,109,1,9,0
25064,1,1,0,1,0,0,109,1,9,0
25250,1,1,1,1,1,0,109,1,9,0
25408,1,1,1,1,1,0,109,1,9,0
25889,1,1,0,0,0,0,109,1,9,0
26199,0,1,0,1,0,0,109,1,9,0
26854,1,0,1,0,0,0,109,1,9,0
26938,0,0,0,0,1,0,109,1,9,0
27145,0,1,0,1,0,0,109,1,9,0
27293,1,1,0,0,0,0,109,1,9,0
27397,1,1,1,1,1,0,109,1,9,0
30351,1,0,0,1,1,0,109,1,9,0
31521,1,0,0,1,1,0,109,1,9,0
31977,0,1,1,0,1,0,109,1,9,0
32314,1,0,1,0,0,0,109,1,9,0
32693,0,0,1,1,0,0,109,1,9,0
32844,0,0,0,0,1,0,109,1,9,0
34383,0,1,1,0,1,0,109,1,9,0
34470,0,1,1,1,1,1,109,1,9,0
34590,1,0,0,1,1,0,109,1,9,0
35547,1,1,1,1,1,0,109,1,9,0
36400,0,0,1,1,0,0,109,1,9,0
38151,1,1,1,1,1,0,109,1,9,0
38194,0,0,0,0,1,0,109,1,9,0
38556,0,0,1,1,0,0,109,1,9,0
39418,1,0,1,0,0,0,109,1,9,0
39460,0,0,0,0,1,0,109,1,9,0
39883,1,1,0,0,0,0,109,1,9,0
40228,0,0,0,0,1,0,109,1,9,0
40605,1,0,1,0,0,0,109,1,9,0
40865,0,0,1,1,0,0,109,1,9,0
41097,1,0,0,1,1,0,109,1,9,0
41111,0,1,0,1,0,0,109,1,9,0
41204,0,0,1,1,0,0,109,1,9,0
41425,1,1,0,0,0,0,109,1,9,0
41521,0,1,1,0,1,0,109,1,9,0
42856,1,0,1,0,0,0,109,1,9,0
43705,0,1,1,0,1,0,109,1,9,0
44154,0,0,0,1,1,1,109,1,9,0
44521,0,0,1,1,0,0,109,1,9,0
45064,0,1,0,1,0,0,109,1,9,0
46123,1,0,0,1,1,0,109,1,9,0
48002,1,1,1,1,1,0,109,1,9,0
48612,0,0,1,1,0,0,109,1,9,0
49894,0,0,1,1,0,0,109,1,9,0
50028,1,0,0,1,1,0,109,1,9,0
51205,0,0,0,0,1,0,109,1,9,0
52902,0,1,1,1,1,1,109,1,9,0
53009,1,0,0,1,1,0,109,1,9,0
53031,1,1,0,0,0,0,109,1,9,0
53167,0,1,0,1,0,0,109,1,9,0
53391,0,0,0,0,1,0,109,1,9,0
54446,0,1,1,0,1,0,109,1,9,0
54449,0,0,1,0,0,0,109,1,9,0
54776,1,1,0,0,0,0,109,1,9,0
55670,1,0,0,1,1,0,109,1,9,0
55930,1,0,1,0,0,0,109,1,9,0
56534,1,0,0,1,1,0,109,1,9,0
56593,0,0,1,1,0,0,109,1,9,0
56706,0,0,0,0,1,0,109,1,9,0
57246,1,1,0,0,0,0,109,1,9,0
57393,0,1,1,0,1,0,109,1,9,0
58237,1,0,0,1,1,0,109,1,9,0
59537,1,1,1,1,1,0,109,1,9,0
59701,0,0,0,0,1,0,109,1,9,0
59873,1,1,1,1,1,0,109,1,9,0
60102,1,1,0,0,0,0,109,1,9,0
60245,1,0,0,1,1,0,109,1,9,0
60313,1,1,1,1,1,0,109,1,9,0
61746,0,1,1,0,1,0,109,1,9,0
61935,1,1,1,1,1,0,109,1,9,0
62035,0,1,1,0,1,0,109,1,9,0
62539,0,0,0,0,1,0,109,1,9,0
62874,0,1,1,0,1,0,109,1,9,0
64125,1,0,0,1,1,0,109,1,9,0
64680,0,1,1,0,1,0,109,1,9,0
65149,1,1,1,1,1,0,109,1,9,0
65218,0,1,0,1,0,0,109,1,9,0
65332,1,0,1,0,0,0,109,1,9,0
65500,1,0,0,1,1,0,109,1,9,0
65683,0,1,0,1,0,0,157,1,9,0
66027,1,0,0,1,1,0,157,1,9,0
66062,1,0,0,1,1,0,157,1,9,0
66331,1,0,0,1,1,0,157,1,9,0
66693,1,0,1,0,0,0,157,1,9,0
67167,1,1,0,0,0,0,157,1,9,0
67234,0,1,1,0,1,0,157,1,9,0
67662,0,1,1,0,1,0,157,1,9,0
67849,0,1,1,0,1,0,157,1,9,0
68225,1,0,1,0,0,0,157,1,9,0
68643,0,1,1,0,1,0,157,1,9,0
69417,1,0,1,0,0,0,157,1,9,0
69419,0,1,1,0,1,0,157,1,9,0
69585,0,1,1,1,1,1,157,1,9,0
69983,1,1,1,1,1,0,157,1,9,0
70301,0,0,1,1,0,0,157,1,9,0
70688,1,1,1,1,1,0,157,1,9,0
70773,0,0,0,0,1,0,157,1,9,0
70816,0,0,0,0,1,0,157,1,9,0
71282,1,0,0,1,1,0,157,1,9,0
71306,0,0,1,1,0,0,157,1,9,0
71788,0,0,0,1,1,1,157,1,9,0
72185,1,1,0,0,0,0,157,1,9,0
72822,0,0,0,0,1,0,157,1,9,0
72874,0,1,1,0,1,0,157,1,9,0
73018,0,1,1,0,1,0,157,1,9,0
73068,0,0,0,0,1,0,157,1,9,0
73559,1,1,0,0,0,0,157,1,9,0
74128,0,1,1,0,1,0,157,1,9,0
74703,0,0,1,1,0,0,157,1,9,0
75711,1,0,1,0,0,0,157,1,9,0
75849,0,1,1,0,1,0,157,1,9,0
76354,0,1,0,1,0,0,157,1,9,0
76458,1,0,0,1,1,0,157,1,9,0
76592,1,1,1,1,1,0,157,1,9,0
77152,1,1,0,0,0,0,157,1,9,0
77195,0,0,1,1,0,0,157,1,9,0
77771,1,1,1,1,1,0,157,1,9,0
77887,0,0,0,0,1,0,157,1,9,0
78482,1,1,0,0,0,0,157,1,9,0
80093,1,1,0,0,0,0,157,1,9,0
80899,0,0,1,1,0,0,157,1,9,0
81310,1,0,0,1,1,0,157,1,9,0
81966,0,1,1,0,1,0,157,1,9,0
82039,1,1,0,0,0,0,157,1,9,0
82448,1,0,0,1,1,0,157,1,9,0
83281,1,0,0,1,1,0,157,1,9,0
83564,0,1,0,1,0,0,157,1,9,0
83633,1,1,0,0,0,0,157,1,9,0
85176,1,1,1,1,1,0,157,1,9,0
85353,0,1,0,0,0,0,157,1,9,0
85355,0,0,1,1,0,0,157,1,9,0
85371,0,1,0,1,0,0,157,1,9,0
85777,0,1,0,1,0,0,157,1,9,0
85788,1,1,1,1,1,0,157,1,9,0
86284,1,1,1,1,1,0,157,1,9,0
86424,0,0,1,0,0,0,157,1,9,0
86638,0,1,1,0,1,0,157,1,9,0
86655,1,0,1,0,0,0,157,1,9,0
88142,0,0,0,1,1,1,157,1,9,0
88650,0,0,1,1,0,0,157,1,9,0
88970,0,0,1,1,0,0,157,1,9,0
89226,1,1,0,0,0,0,157,1,9,0
89771,0,0,0,0,1,0,157,1,9,0
90196,0,0,0,0,1,0,157,1,9,0
90941,0,1,0,1,0,0,157,1,9,0
91450,0,1,0,1,0,0,157,1,9,0
91693,1,1,0,0,0,0,157,1,9,0
91881,0,0,1,1,0,0,157,1,9,0
92153,0,0,1,1,0,0,157,1,9,0
92629,0,1,1,0,1,0,157,1,9,0
93028,1,0,0,1,1,0,157,1,9,0
93279,1,1,1,1,1,0,157,1,9,0
93620,0,1,1,0,1,0,157,1,9,0
94204,0,0,0,0,1,0,157,1,9,0
94651,1,0,1,0,0,0,157,1,9,0
94763,1,0,0,1,1,0,157,1,9,0
95205,1,1,0,1,0,0,157,1,9,0
95428,0,0,1,1,0,0,157,1,9,0
96646,1,1,1,1,1,0,157,1,9,0
96838,0,0,0,0,1,0,157,1,9,0
97032,1,0,1,0,0,0,157,1,9,0
97350,0,0,1,1,0,0,157,1,9,0
98543,1,0,1,0,0,0,157,1,9,0
98916,0,1,0,1,0,0,157,1,9,0
98967,0,1,0,1,0,0,157,1,9,0
98994,1,1,0,0,0,0,157,1,9,0
98999,1,1,1,1,1,0,157,1,9,0
99063,1,0,1,0,0,0,157,1,9,0
99815,0,0,1,1,0,0,157,1,9,0
99896,0,1,1,0,1,0,157,1,9,0
100339,0,1,0,1,0,0,157,1,9,0
100535,1,0,1,0,0,0,157,1,9,0
100699,1,1,1,1,1,0,157,1,9,0
101033,1,0,0,1,1,0,157,1,9,0
101174,1,1,0,0,0,0,157,1,9,0
101211,0,0,0,0,1,0,157,1,9,0
102956,1,0,1,0,0,0,157,1,9,0
103239,1,1,0,0,0,0,157,1,9,0
104418,0,0,0,0,1,0,157,1,9,0
104973,0,0,0,0,1,0,157,1,9,0
105028,0,1,1,0,1,0,157,1,9,0
105809,1,0,0,1,1,0,157,1,9,0
106138,1,1,0,0,0,0,157,1,9,0
106472,1,1,1,1,1,0,157,1,9,0
106490,0,0,0,0,1,0,157,1,9,0
106562,0,1,0,1,0,0,157,1,9,0
106919,1,1,1,1,1,0,157,1,9,0
107359,1,0,0,1,1,0,157,1,9,0
107690,1,0,1,0,0,0,157,1,9,0
108639,1,0,1,0,0,0,157,1,9,0
109132,0,1,0,1,0,0,157,1,9,0
109225,0,0,0,0,1,0,157,1,9,0
109345,1,0,1,0,0,0,157,1,9,0
110802,0,1,0,1,0,0,157,1,9,0
111368,0,1,0,1,0,0,157,1,9,0
111380,0,1,1,0,1,0,157,1,9,0
111691,1,1,1,1,1,0,157,1,9,0
112988,1,1,0,0,0,0,157,1,9,0
113335,0,1,1,0,1,0,157,1,9,0
113468,0,0,1,0,0,0,157,1,9,0
113590,0,0,1,1,0,0,157,1,9,0
113610,1,1,0,0,0,0,157,1,9,0
114038,0,1,0,1,0,0,157,1,9,0
114185,0,0,1,1,0,0,157,1,9,0
114602,1,1,1,1,1,0,157,1,9,0
115150,0,1,1,0,1,0,157,1,9,0
115178,1,0,1,0,0,0,157,1,9,0
115678,0,0,1,1,0,0,157,1,9,0
115885,0,1,1,0,1,0,157,1,9,0
116008,1,0,0,1,1,0,157,1,9,0
116673,0,1,1,0,1,0,157,1,9,0
116946,1,0,1,1,0,0,157,1,9,0
117161,0,1,1,0,1,0,157,1,9,0
117333,0,1,1,0,1,0,157,1,9,0
117429,0,0,0,0,1,0,157,1,9,0
117909,0,0,0,0,1,0,157,1,9,0
118859,1,1,0,0,0,0,157,1,9,0
119118,0,0,0,0,1,0,157,1,9,0
119467,1,1,0,0,0,0,157,1,9,0
120147,0,0,0,0,1,0,157,1,9,0
120451,1,1,0,0,0,0,157,1,9,0
120549,0,1,0,1,0,0,157,1,9,0
120597,1,1,1,1,1,0,157,1,9,0
121067,1,0,0,1,1,0,157,1,9,0
121458,0,1,0,1,0,0,157,1,9,0
121698,0,0,1,1,0,0,157,1,9,0
121916,0,1,1,0,1,0,157,1,9,0
122326,0,0,0,0,1,0,157,1,9,0
122601,1,0,1,0,0,0,157,1,9,0
122926,0,1,1,0,1,0,157,1,9,0
123259,0,1,1,0,1,0,157,1,9,0
123331,1,1,1,1,1,0,157,1,9,0
124509,0,0,1,1,0,0,157,1,9,0
124517,0,1,0,1,0,0,157,1,9,0
124582,1,0,1,0,0,0,157,1,9,0
124655,0,0,0,0,1,0,157,1,9,0
125062,0,0,1,1,0,0,157,1,9,0
125131,1,0,1,0,0,0,157,1,9,0
125934,1,0,1,0,0,0,157,1,9,0
126261,1,1,0,0,0,0,157,1,9,0
126563,0,0,1,1,0,0,157,1,9,0
127257,0,1,1,0,1,0,157,1,9,0
127312,0,0,1,1,0,0,157,1,9,0
128164,1,0,0,1,1,0,157,1,9,0
128641,1,1,0,0,0,0,157,1,9,0
128945,0,0,0,0,1,0,157,1,9,0
129699,0,0,1,1,0,0,157,1,9,0
130247,0,0,0,0,1,0,157,1,9,0
130366,1,1,1,1,1,0,157,1,9,0
130513,0,0,0,0,1,0,157,1,9,0
131410,0,1,0,1,0,0,110,1,9,0
131882,0,0,1,0,0,0,110,1,9,0
133224,1,1,0,0,0,0,110,1,9,0
133237,0,0,0,0,1,0,110,1,9,0
133346,1,0,1,0,0,0,110,1,9,0
133397,1,0,1,0,0,0,110,1,9,0
133474,0,1,1,0,1,0,110,1,9,0
133849,1,1,1,1,1,0,110,1,9,0
133895,0,0,1,1,0,0,110,1,9,0
135562,0,1,1,0,1,0,110,1,9,0
135960,1,0,1,0,0,0,110,1,9,0
136434,1,0,0,1,1,0,110,1,9,0
136706,0,0,1,1,0,0,110,1,9,0
137421,1,0,1,0,0,0,110,1,9,0
138100,0,1,0,1,0,0,110,1,9,0
138138,0,0,1,1,0,0,110,1,9,0
138252,1,0,0,1,1,0,110,1,9,0
138499,1,0,1,0,0,0,110,1,9,0
138595,1,0,0,1,1,0,110,1,9,0
141302,0,0,1,1,0,0,110,1,9,0
143307,1,1,1,1,1,0,110,1,9,0
143479,0,1,0,1,0,0,110,1,9,0
143577,1,1,1,1,1,0,110,1,9,0
144356,1,0,0,1,1,0,110,1,9,0
145233,0,0,0,0,1,0,110,1,9,0
145386,1,0,0,1,1,0,110,1,9,0
145441,0,1,0,1,0,0,110,1,9,0
145806,0,1,1,0,1,0,110,1,9,0
146098,1,1,0,0,0,0,110,1,9,0
147364,0,0,1,1,0,0,110,1,9,0
148608,1,1,0,0,0,0,110,1,9,0
149937,0,0,1,1,0,0,110,1,9,0
152526,0,0,1,1,0,0,110,1,9,0
152973,1,1,1,1,1,0,110,1,9,0
153053,0,1,1,0,1,0,110,1,9,0
153101,0,1,1,0,1,0,110,1,9,0
153801,0,0,1,1,0,0,110,1,9,0
154454,0,0,0,0,1,0,110,1,9,0
154504,0,0,1,1,0,0,110,1,9,0
154830,0,0,1,1,0,0,110,1,9,0
155205,1,1,0,0,0,0,110,1,9,0
155649,0,0,1,1,0,0,110,1,9,0
155989,1,1,1,1,1,0,110,1,9,0
156416,0,0,1,1,0,0,110,1,9,0
156495,0,0,0,0,1,0,110,1,9,0
156500,0,0,0,0,1,0,110,1,9,0
156810,1,0,0,1,1,0,110,1,9,0
157133,0,0,1,1,0,0,110,1,9,0
158267,0,0,1,1,0,0,110,1,9,0
158366,1,0,1,0,0,0,110,1,9,0
158514,1,0,1,0,0,0,110,1,9,0
159769,1,0,1,0,0,0,110,1,9,0
159833,0,0,1,1,0,0,110,1,9,0
161718,1,0,0,1,1,0,110,1,9,0
161747,0,0,1,1,0,0,110,1,9,0
161756,1,0,1,0,0,0,110,1,9,0
162495,1,1,1,1,1,0,110,1,9,0
162508,0,0,0,1,1,1,110,1,9,0
162696,0,1,0,1,0,0,110,1,9,0
163885,1,1,1,1,1,0,110,1,9,0
164274,1,1,0,0,0,0,110,1,9,0
164292,1,0,0,1,1,0,110,1,9,0
164992,0,0,0,0,1,0,110,1,9,0
165586,1,1,0,0,0,0,110,1,9,0
166147,1,1,1,1,1,0,110,1,9,0
166498,0,1,0,1,0,0,110,1,9,0
167275,1,0,1,0,0,0,110,1,9,0
170038,0,1,1,0,1,0,110,1,9,0
170209,1,0,1,0,0,0,110,1,9,0
170509,0,0,1,1,0,0,110,1,9,0
171752,1,1,0,0,0,0,110,1,9,0
171769,1,1,1,1,1,0,110,1,9,0
172382,0,1,1,0,1,0,110,1,9,0
172667,1,0,0,1,1,0,110,1,9,0
173606,1,1,1,1,1,0,110,1,9,0
174195,0,1,0,1,0,0,110,1,9,0
174205,1,1,1,1,1,0,110,1,9,0
174788,0,0,0,0,1,0,110,1,9,0
174962,1,0,0,1,1,0,110,1,9,0
175302,0,0,0,0,1,0,110,1,9,0
175845,0,1,0,1,0,0,110,1,9,0
176157,1,1,1,1,1,0,110,1,9,0
176463,0,1,0,0,0,0,110,1,9,0
177454,1,1,0,0,0,0,110,1,9,0
177502,1,0,0,1,1,0,110,1,9,0
177818,1,1,1,1,1,0,110,1,9,0
177942,0,1,0,1,0,0,110,1,9,0
178451,1,0,0,1,1,0,110,1,9,0
178479,1,1,1,1,1,0,110,1,9,0
178513,0,0,1,1,0,0,110,1,9,0
178616,1,0,0,1,1,0,110,1,9,0
179035,1,0,0,1,1,0,110,1,9,0
179134,1,1,1,1,1,0,110,1,9,0
179987,1,0,0,1,1,0,110,1,9,0
180377,1,1,1,1,1,0,110,1,9,0
181016,1,1,1,1,1,0,110,1,9,0
181046,1,1,0,0,0,0,110,1,9,0
181603,0,1,0,1,0,0,110,1,9,0
183577,1,0,1,0,0,0,110,1,9,0
184857,0,0,1,1,0,0,110,1,9,0
184886,0,1,0,1,0,0,110,1,9,0
184999,0,1,0,1,0,0,110,1,9,0
185344,0,0,0,0,1,0,110,1,9,0
185624,0,0,1,1,0,0,110,1,9,0
187150,0,0,0,0,1,0,110,1,9,0
187880,1,1,0,1,0,0,110,1,9,0
188232,0,1,0,1,0,0,110,1,9,0
188973,1,1,0,0,0,0,110,1,9,0
190897,0,1,0,1,0,0,110,1,9,0
190943,1,0,1,0,0,0,110,1,9,0
191438,1,0,1,0,0,0,110,1,9,0
192532,1,1,1,1,1,0,110,1,9,0
192696,0,1,0,1,0,0,110,1,9,0
192776,0,1,0,1,0,0,110,1,9,0
194049,0,0,1,1,0,0,110,1,9,0
194338,1,1,1,1,1,0,110,1,9,0
196247,1,1,0,0,0,0,110,1,9,0
197104,0,1,0,1,0,0,131,1,9,0
197370,1,0,1,0,0,0,131,1,9,0
197612,1,1,0,1,0,0,131,1,9,0
198182,1,0,1,0,0,0,131,1,9,0
198421,1,1,0,0,0,0,131,1,9,0
198674,0,1,1,1,1,1,131,1,9,0
198815,0,1,0,1,0,0,131,1,9,0
199181,0,0,0,0,1,0,131,1,9,0
199429,0,1,0,1,0,0,131,1,9,0
199578,0,1,0,1,0,0,131,1,9,0
201240,0,1,1,0,1,0,131,1,9,0
201426,1,1,1,1,1,0,131,1,9,0
201916,1,1,1,0,1,1,131,1,9,0
202196,1,1,1,1,1,0,131,1,9,0
202255,1,1,1,1,1,0,131,1,9,0
202373,1,1,0,0,0,0,131,1,9,0
203245,1,1,0,0,0,0,131,1,9,0
203709,0,0,1,1,0,0,131,1,9,0
203811,0,0,0,0,1,0,131,1,9,0
204151,0,1,0,1,0,0,131,1,9,0
204218,1,0,0,1,1,0,131,1,9,0
205391,1,0,1,0,0,0,131,1,9,0
206620,0,1,0,0,0,0,131,1,9,0
206655,1,0,0,1,1,0,131,1,9,0
207565,0,0,0,0,1,0,131,1,9,0
207735,0,1,0,1,0,0,131,1,9,0
208796,0,0,1,1,0,0,131,1,9,0
210232,0,1,1,0,1,0,131,1,9,0
210348,1,0,0,1,1,0,131,1,9,0
211326,0,1,0,1,0,0,131,1,9,0
213425,0,1,1,0,1,0,131,1,9,0
213498,1,0,0,1,1,0,131,1,9,0
213739,1,0,0,1,1,0,131,1,9,0
214323,1,1,0,0,0,0,131,1,9,0
215142,1,1,1,1,1,0,131,1,9,0
215965,0,1,0,1,0,0,131,1,9,0
217588,1,1,1,1,1,0,131,1,9,0
218544,1,0,0,1,1,0,131,1,9,0
218788,0,0,0,0,1,0,131,1,9,0
219077,0,0,1,1,0,0,131,1,9,0
219308,0,0,0,0,1,0,131,1,9,0
219576,0,1,0,1,0,0,131,1,9,0
219603,0,1,1,0,1,0,131,1,9,0
220803,0,0,0,0,1,0,131,1,9,0
220917,0,1,1,0,1,0,131,1,9,0
220991,1,0,1,0,0,0,131,1,9,0
221597,1,1,1,1,1,0,131,1,9,0
222113,0,0,0,0,1,0,131,1,9,0
223052,1,0,1,0,0,0,131,1,9,0
223108,1,1,1,1,1,0,131,1,9,0
223415,0,1,0,1,0,0,131,1,9,0
224346,0,0,1,1,0,0,131,1,9,0
225062,1,1,1,1,1,0,131,1,9,0
226118,0,1,1,0,1,0,131,1,9,0
226307,1,0,1,0,0,0,131,1,9,0
226869,0,0,0,0,1,0,131,1,9,0
226957,1,0,1,0,0,0,131,1,9,0
228211,0,1,0,1,0,0,131,1,9,0
228853,1,0,1,0,0,0,131,1,9,0
229585,0,0,0,0,1,0,131,1,9,0
229932,0,0,1,1,0,0,131,1,9,0
230627,1,1,1,1,1,0,131,1,9,0
230910,1,0,0,1,1,0,131,1,9,0
231281,0,0,1,1,0,0,131,1,9,0
231825,1,1,0,0,0,0,131,1,9,0
232879,0,1,0,1,0,0,131,1,9,0
233132,1,0,0,1,1,0,131,1,9,0
233962,0,1,1,0,1,0,131,1,9,0
236800,0,1,1,0,1,0,131,1,9,0
236966,0,0,0,0,1,0,131,1,9,0
237557,0,0,1,1,0,0,131,1,9,0
238108,1,1,0,0,0,0,131,1,9,0
238294,1,0,0,1,1,0,131,1,9,0
238458,1,0,1,0,0,0,131,1,9,0
238538,0,1,0,1,0,0,131,1,9,0
239607,1,1,1,1,1,0,131,1,9,0
240351,0,1,0,1,0,0,131,1,9,0
240995,1,0,1,0,0,0,131,1,9,0
241018,1,1,0,0,0,0,131,1,9,0
241251,1,0,0,1,1,0,131,1,9,0
241480,1,0,1,0,0,0,131,1,9,0
241743,1,0,1,0,0,0,131,1,9,0
241773,0,0,1,1,0,0,131,1,9,0
242699,0,0,0,0,1,0,131,1,9,0
242885,1,1,1,1,1,0,131,1,9,0
243470,0,0,0,0,1,0,131,1,9,0
244624,0,1,0,1,0,0,131,1,9,0
244713,1,1,0,0,0,0,131,1,9,0
245158,0,1,0,1,0,0,131,1,9,0
245422,1,1,0,0,0,0,131,1,9,0
245723,0,0,0,0,1,0,131,1,9,0
246098,0,0,1,1,0,0,131,1,9,0
246332,0,1,1,0,1,0,131,1,9,0
246864,0,0,1,1,0,0,131,1,9,0
247416,0,0,1,1,0,0,131,1,9,0
248148,1,0,0,1,1,0,131,1,9,0
248292,1,0,0,1,1,0,131,1,9,0
248462,1,0,0,1,1,0,131,1,9,0
249734,0,0,1,1,0,0,131,1,9,0
249979,0,1,0,1,0,0,131,1,9,0
250731,1,0,1,0,0,0,131,1,9,0
251498,1,0,0,1,1,0,131,1,9,0
251559,1,0,0,1,1,0,131,1,9,0
251564,1,1,1,1,1,0,131,1,9,0
252186,1,1,1,1,1,0,131,1,9,0
252386,0,1,0,0,0,0,131,1,9,0
252523,1,1,0,0,0,0,131,1,9,0
252541,0,0,0,0,1,0,131,1,9,0
252613,1,1,1,1,1,0,131,1,9,0
252929,0,1,1,0,1,0,131,1,9,0
253229,0,0,1,1,0,0,131,1,9,0
253272,1,1,1,1,1,0,131,1,9,0
253322,0,0,0,0,1,0,131,1,9,0
253612,1,1,0,0,0,0,131,1,9,0
253622,1,1,0,0,0,0,131,1,9,0
254064,1,1,0,0,0,0,131,1,9,0
255368,1,0,0,1,1,0,131,1,9,0
255540,0,0,0,0,1,0,131,1,9,0
255744,1,1,0,0,0,0,131,1,9,0
256188,1,0,1,0,0,0,131,1,9,0
256210,1,0,0,1,1,0,131,1,9,0
256433,0,0,0,0,1,0,131,1,9,0
256776,0,0,1,1,0,0,131,1,9,0
257741,1,0,1,0,0,0,131,1,9,0
258043,1,1,0,0,0,0,131,1,9,0
258557,0,0,0,1,1,1,131,1,9,0
258805,1,1,0,0,0,0,131,1,9,0
258864,1,0,1,0,0,0,131,1,9,0
259237,1,0,1,0,0,0,131,1,9,0
259667,0,1,1,0,1,0,131,1,9,0
260091,0,1,0,1,0,0,131,1,9,0
260983,0,1,1,0,1,0,131,1,9,0
261109,0,0,1,1,0,0,131,1,9,0
261591,1,1,0,0,0,0,131,1,9,0
262587,1,1,0,0,0,0,119,1,9,0
262792,0,0,0,0,1,0,119,1,9,0
264477,1,0,1,0,0,0,119,1,9,0
264581,0,0,0,0,1,0,119,1,9,0
264759,1,1,1,1,1,0,119,1,9,0
265007,1,1,1,1,1,0,119,1,9,0
265576,0,0,1,1,0,0,119,1,9,0
265848,1,1,0,0,0,0,119,1,9,0
266208,0,1,1,0,1,0,119,1,9,0
266775,1,1,1,1,1,0,119,1,9,0
267166,1,0,1,0,0,0,119,1,9,0
267764,0,1,1,0,1,0,119,1,9,0
268301,0,0,0,0,1,0,119,1,9,0
268392,1,0,0,1,1,0,119,1,9,0
268439,0,0,0,0,1,0,119,1,9,0
268523,1,1,1,1,1,0,119,1,9,0
268549,0,0,1,1,0,0,119,1,9,0
268943,0,1,1,0,1,0,119,1,9,0
269856,0,1,0,1,0,0,119,1,9,0
270151,0,0,0,0,1,0,119,1,9,0
270963,1,1,1,1,1,0,119,1,9,0
271158,1,0,1,0,0,0,119,1,9,0
271615,1,0,1,0,0,0,119,1,9,0
271744,1,0,0,1,1,0,119,1,9,0
273550,0,0,0,0,1,0,119,1,9,0
273600,0,1,1,0,1,0,119,1,9,0
274048,0,0,1,1,0,0,119,1,9,0
274561,1,0,1,0,0,0,119,1,9,0
275235,1,0,0,1,1,0,119,1,9,0
275272,1,1,1,1,1,0,119,1,9,0
276143,0,1,0,1,0,0,119,1,9,0
276238,0,0,0,0,1,0,119,1,9,0
276550,0,0,1,1,0,0,119,1,9,0
276887,1,0,0,0,1,1,119,1,9,0
276895,1,0,0,1,1,0,119,1,9,0
276908,1,0,1,0,0,0,119,1,9,0
277166,1,1,1,1,1,0,119,1,9,0
277715,1,0,1,0,0,0,119,1,9,0
278007,1,1,1,1,1,0,119,1,9,0
278148,0,0,1,1,0,0,119,1,9,0
278386,1,1,0,0,0,0,119,1,9,0
278456,0,0,1,1,0,0,119,1,9,0
279110,0,0,0,0,1,0,119,1,9,0
279315,0,1,1,0,1,0,119,1,9,0
280015,0,1,1,0,1,0,119,1,9,0
280281,0,0,1,1,0,0,119,1,9,0
280315,0,1,0,1,0,0,119,1,9,0
280746,0,0,0,0,1,0,119,1,9,0
280832,0,1,0,1,0,0,119,1,9,0
281005,1,0,1,1,0,0,119,1,9,0
281019,0,0,1,1,0,0,119,1,9,0
281103,1,0,1,0,0,0,119,1,9,0
281196,1,1,0,0,0,0,119,1,9,0
281425,1,0,0,1,1,0,119,1,9,0
283371,0,1,0,1,0,0,119,1,9,0
283542,0,1,0,1,0,0,119,1,9,0
284414,0,0,1,1,0,0,119,1,9,0
284771,0,1,0,1,0,0,119,1,9,0
285045,0,1,1,0,1,0,119,1,9,0
285153,0,0,1,1,0,0,119,1,9,0
285906,1,0,1,0,0,0,119,1,9,0
286132,0,1,1,0,1,0,119,1,9,0
286733,0,1,0,1,0,0,119,1,9,0
286774,0,0,0,0,1,0,119,1,9,0
287053,1,0,1,0,0,0,119,1,9,0
287076,1,1,0,0,0,0,119,1,9,0
287911,0,0,0,0,1,0,119,1,9,0
288236,0,0,1,1,0,0,119,1,9,0
288385,1,1,0,0,0,0,119,1,9,0
288448,1,0,1,0,0,0,119,1,9,0
289553,0,1,1,0,1,0,119,1,9,0
290328,1,1,0,0,0,0,119,1,9,0
291667,0,1,1,0,1,0,119,1,9,0
293457,1,1,0,0,0,0,119,1,9,0
293913,0,0,0,0,1,0,119,1,9,0
293945,0,1,1,0,1,0,119,1,9,0
294256,1,0,1,0,0,0,119,1,9,0
294417,0,0,1,1,0,0,119,1,9,0
295159,0,1,1,0,1,0,119,1,9,0
295474,1,0,1,0,0,0,119,1,9,0
295656,0,0,0,0,1,0,119,1,9,0
295873,1,1,0,0,0,0,119,1,9,0
296661,1,1,0,0,0,0,119,1,9,0
296770,1,0,1,1,0,0,119,1,9,0
297270,1,0,1,0,0,0,119,1,9,0
299019,0,0,0,0,1,0,119,1,9,0
302392,1,0,0,1,1,0,119,1,9,0
302475,1,0,0,1,1,0,119,1,9,0
303470,0,1,0,1,0,0,119,1,9,0
303579,0,1,0,1,0,0,119,1,9,0
303581,0,1,0,1,0,0,119,1,9,0
303849,1,1,0,0,0,0,119,1,9,0
305152,0,0,1,1,0,0,119,1,9,0
305265,0,0,0,0,1,0,119,1,9,0
305800,0,1,1,0,1,0,119,1,9,0
305861,0,1,0,1,0,0,119,1,9,0
306462,1,1,1,1,1,0,119,1,9,0
306593,1,1,0,0,0,0,119,1,9,0
306718,0,0,0,0,1,0,119,1,9,0
307549,0,0,0,0,1,0,119,1,9,0
307702,1,0,0,1,1,0,119,1,9,0
307758,0,1,1,0,1,0,119,1,9,0
308704,1,0,1,0,0,0,119,1,9,0
309845,0,0,0,0,1,0,119,1,9,0
310065,0,0,0,0,1,0,119,1,9,0
311045,1,0,0,1,1,0,119,1,9,0
311485,1,0,1,0,0,0,119,1,9,0
311713,1,0,1,0,0,0,119,1,9,0
311759,0,0,0,0,1,0,119,1,9,0
312050,1,0,1,0,0,0,119,1,9,0
312193,1,1,0,0,0,0,119,1,9,0
313021,1,1,0,0,0,0,119,1,9,0
313192,0,1,0,1,0,0,119,1,9,0
313807,0,0,1,1,0,0,119,1,9,0
314042,1,1,1,1,1,0,119,1,9,0
314764,1,1,0,0,0,0,119,1,9,0
314983,0,0,1,1,0,0,119,1,9,0
315155,1,1,0,0,0,0,119,1,9,0
315179,0,0,0,1,1,1,119,1,9,0
316192,0,0,0,0,1,0,119,1,9,0
317246,0,0,1,1,0,0,119,1,9,0
318811,0,1,1,0,1,0,119,1,9,0
318971,0,1,1,0,1,0,119,1,9,0
319101,1,0,1,0,0,0,119,1,9,0
319131,0,0,1,1,0,0,119,1,9,0
319188,0,1,1,0,1,0,119,1,9,0
320120,0,1,0,1,0,0,119,1,9,0
320520,1,1,0,0,0,0,119,1,9,0
321383,1,0,1,0,0,0,119,1,9,0
321639,1,1,1,1,1,0,119,1,9,0
322889,1,0,1,0,0,0,119,1,9,0
322998,1,1,0,0,0,0,119,1,9,0
323903,0,1,1,0,1,0,119,1,9,0
323980,1,0,0,1,1,0,119,1,9,0
323998,0,0,0,0,1,0,119,1,9,0
324127,1,1,1,1,1,0,119,1,9,0
324932,1,1,0,0,0,0,119,1,9,0
325700,0,0,0,0,1,0,119,1,9,0
325896,1,0,1,0,0,0,119,1,9,0
326066,0,1,0,1,0,0,119,1,9,0
327089,0,1,0,1,0,0,119,1,9,0
328134,1,1,0,0,0,0,136,1,9,0
328627,0,1,1,0,1,0,136,1,9,0
328742,1,0,0,1,1,0,136,1,9,0
328932,0,0,0,0,1,0,136,1,9,0
329228,1,0,1,1,0,0,136,1,9,0
329447,1,1,1,1,1,0,136,1,9,0
329981,0,1,0,0,0,0,136,1,9,0
330069,1,0,0,1,1,0,136,1,9,0
330560,0,0,1,1,0,0,136,1,9,0
330633,0,0,0,0,1,0,136,1,9,0
330647,1,1,0,0,0,0,136,1,9,0
331050,0,1,1,0,1,0,136,1,9,0
331134,1,0,0,1,1,0,136,1,9,0
331261,1,1,1,1,1,0,136,1,9,0
331760,0,1,0,1,0,0,136,1,9,0
332389,0,1,0,1,0,0,136,1,9,0
332448,1,0,0,1,1,0,136,1,9,0
333050,1,0,0,1,1,0,136,1,9,0
333234,1,1,1,1,1,0,136,1,9,0
333317,0,1,1,0,1,0,136,1,9,0
333571,0,0,0,0,1,0,136,1,9,0
334727,0,0,1,1,0,0,136,1,9,0
334786,0,0,1,1,0,0,136,1,9,0
335025,0,0,0,0,1,0,136,1,9,0
336094,1,0,1,0,0,0,136,1,9,0
336124,0,0,1,1,0,0,136,1,9,0
336818,0,0,0,0,1,0,136,1,9,0
337284,0,1,0,1,0,0,136,1,9,0
337929,1,1,1,1,1,0,136,1,9,0
338127,1,0,0,1,1,0,136,1,9,0
338760,0,1,0,1,0,0,136,1,9,0
339725,0,0,1,1,0,0,136,1,9,0
340387,0,0,0,0,1,0,136,1,9,0
340438,0,0,1,1,0,0,136,1,9,0
340986,1,1,1,1,1,0,136,1,9,0
342153,0,1,1,0,1,0,136,1,9,0
342315,1,0,1,0,0,0,136,1,9,0
342509,0,0,0,0,1,0,136,1,9,0
343594,1,1,1,1,1,0,136,1,9,0
344394,1,1,1,1,1,0,136,1,9,0
344884,1,1,0,0,0,0,136,1,9,0
345699,0,1,1,0,1,0,136,1,9,0
345945,1,1,1,1,1,0,136,1,9,0
347209,1,1,1,0,1,1,136,1,9,0
347675,0,0,1,1,0,0,136,1,9,0
348496,1,1,0,0,0,0,136,1,9,0
348645,1,0,0,1,1,0,136,1,9,0
348991,0,0,1,1,0,0,136,1,9,0
349148,1,1,0,0,0,0,136,1,9,0
349644,0,1,0,1,0,0,136,1,9,0
349952,1,1,0,0,0,0,136,1,9,0
350906,0,0,1,1,0,0,136,1,9,0
350956,0,1,1,0,1,0,136,1,9,0
351230,0,0,0,0,1,0,136,1,9,0
351478,1,0,0,0,1,1,136,1,9,0
352276,0,1,1,0,1,0,136,1,9,0
352724,0,0,1,1,0,0,136,1,9,0
353346,1,0,1,0,0,0,136,1,9,0
353394,0,0,0,0,1,0,136,1,9,0
353440,0,1,0,1,0,0,136,1,9,0
353475,1,1,0,0,0,0,136,1,9,0
353750,0,1,1,1,1,1,136,1,9,0
353987,0,0,0,0,1,0,136,1,9,0
354627,0,0,0,0,1,0,136,1,9,0
354720,0,1,0,1,0,0,136,1,9,0
355256,1,0,0,0,1,1,136,1,9,0
355290,1,0,1,0,0,0,136,1,9,0
355705,0,0,1,1,0,0,136,1,9,0
356160,1,1,1,1,1,0,136,1,9,0
356810,0,0,0,0,1,0,136,1,9,0
356904,1,1,0,0,0,0,136,1,9,0
357326,0,0,1,1,0,0,136,1,9,0
357407,0,0,0,0,1,0,136,1,9,0
357436,0,1,1,0,1,0,136,1,9,0
357975,1,1,1,1,1,0,136,1,9,0
358060,1,1,0,0,0,0,136,1,9,0
358818,1,0,0,1,1,0,136,1,9,0
358834,0,0,1,1,0,0,136,1,9,0
359445,0,0,1,1,0,0,136,1,9,0
359514,1,1,0,0,0,0,136,1,9,0
360902,0,0,1,1,0,0,136,1,9,0
361052,0,1,1,0,1,0,136,1,9,0
361166,1,1,1,1,1,0,136,1,9,0
361171,0,0,0,0,1,0,136,1,9,0
361431,0,1,1,0,1,0,136,1,9,0
361794,0,0,1,1,0,0,136,1,9,0
362698,1,1,0,0,0,0,136,1,9,0
362764,1,0,0,1,1,0,136,1,9,0
363861,1,0,1,0,0,0,136,1,9,0
364266,0,0,1,1,0,0,136,1,9,0
364459,1,1,1,1,1,0,136,1,9,0
365152,1,0,1,0,0,0,136,1,9,0
366329,1,0,1,0,0,0,136,1,9,0
366645,0,0,1,1,0,0,136,1,9,0
366947,1,0,0,1,1,0,136,1,9,0
367525,1,0,1,0,0,0,136,1,9,0
368498,0,1,1,0,1,0,136,1,9,0
368922,0,0,1,1,0,0,136,1,9,0
369131,1,1,1,1,1,0,136,1,9,0
369826,0,0,1,1,0,0,136,1,9,0
370386,1,1,1,1,1,0,136,1,9,0
372202,1,1,1,1,1,0,136,1,9,0
372380,0,1,1,0,1,0,136,1,9,0
372556,0,0,0,0,1,0,136,1,9,0
372865,0,0,0,0,1,0,136,1,9,0
372888,1,0,0,1,1,0,136,1,9,0
372973,1,1,1,1,1,0,136,1,9,0
373250,1,0,0,1,1,0,136,1,9,0
373270,1,0,0,1,1,0,136,1,9,0
373908,0,1,1,0,1,0,136,1,9,0
373920,1,1,0,0,0,0,136,1,9,0
373978,0,0,0,0,1,0,136,1,9,0
374041,0,0,1,1,0,0,136,1,9,0
374149,0,0,0,1,1,1,136,1,9,0
375163,1,1,0,0,0,0,136,1,9,0
378900,0,1,0,1,0,0,136,1,9,0
378914,1,1,1,1,1,0,136,1,9,0
379677,0,1,0,1,0,0,136,1,9,0
380225,0,1,1,0,1,0,136,1,9,0
380526,1,0,1,0,0,0,136,1,9,0
380729,0,0,1,1,0,0,136,1,9,0
381327,1,0,0,1,1,0,136,1,9,0
381463,1,1,1,1,1,0,136,1,9,0
381713,0,1,1,0,1,0,136,1,9,0
382022,1,0,0,1,1,0,136,1,9,0
382041,0,1,1,0,1,0,136,1,9,0
382073,0,0,0,0,1,0,136,1,9,0
382664,1,0,1,0,0,0,136,1,9,0
383207,1,0,0,1,1,0,136,1,9,0
384093,0,1,0,1,0,0,136,1,9,0
384130,1,0,1,0,0,0,136,1,9,0
384443,1,1,1,1,1,0,136,1,9,0
384747,0,0,1,1,0,0,136,1,9,0
385027,1,1,1,1,1,0,136,1,9,0
385447,1,0,0,1,1,0,136,1,9,0
385456,1,1,0,0,0,0,136,1,9,0
385722,1,1,0,0,0,0,136,1,9,0
386964,1,0,0,1,1,0,136,1,9,0
387071,0,0,1,1,0,0,136,1,9,0
387095,1,0,0,1,1,0,136,1,9,0
387444,0,1,1,0,1,0,136,1,9,0
387890,0,0,1,1,0,0,136,1,9,0
388492,0,1,1,0,1,0,136,1,9,0
388540,1,0,0,1,1,0,136,1,9,0
388548,1,1,1,1,1,0,136,1,9,0
388667,0,0,1,1,0,0,136,1,9,0
389042,1,1,1,1,1,0,136,1,9,0
389371,0,1,1,0,1,0,136,1,9,0
389600,1,1,0,0,0,0,136,1,9,0
389669,0,1,0,1,0,0,136,1,9,0
389905,0,0,1,0,0,0,136,1,9,0
390131,1,1,1,1,1,0,136,1,9,0
390278,1,1,1,1,1,0,136,1,9,0
391050,0,1,1,0,1,0,136,1,9,0
391769,1,0,0,1,1,0,136,1,9,0
391822,0,0,0,0,1,0,136,1,9,0
392111,1,1,0,0,0,0,136,1,9,0
392283,0,1,1,0,1,0,136,1,9,0
393671,0,0,0,0,1,0,89,1,9,0
393726,1,0,1,0,0,0,89,1,9,0
394249,0,0,1,1,0,0,89,1,9,0
394948,1,0,0,1,1,0,89,1,9,0
395377,0,0,0,1,1,1,89,1,9,0
396889,0,0,1,1,0,0,89,1,9,0
396974,0,1,0,1,0,0,89,1,9,0
398077,0,1,0,1,0,0,89,1,9,0
398327,1,0,1,0,0,0,89,1,9,0
398762,1,0,0,1,1,0,89,1,9,0
399330,1,1,0,0,0,0,89,1,9,0
400153,0,1,0,1,0,0,89,1,9,0
400295,1,0,0,1,1,0,89,1,9,0
400761,0,0,0,0,1,0,89,1,9,0
401741,0,1,1,0,1,0,89,1,9,0
401874,0,1,1,0,1,0,89,1,9,0
403192,1,0,1,0,0,0,89,1,9,0
403300,1,1,1,1,1,0,89,1,9,0
405355,0,0,0,0,1,0,89,1,9,0
405590,0,1,1,0,1,0,89,1,9,0
405807,1,0,0,1,1,0,89,1,9,0
407919,1,0,1,0,0,0,89,1,9,0
408129,0,1,0,1,0,0,89,1,9,0
408539,1,0,1,0,0,0,89,1,9,0
408760,0,1,0,1,0,0,89,1,9,0
409917,0,1,1,0,1,0,89,1,9,0
410084,1,0,0,1,1,0,89,1,9,0
410609,1,1,0,0,0,0,89,1,9,0
410935,1,1,0,0,0,0,89,1,9,0
411124,1,0,1,0,0,0,89,1,9,0
411762,0,0,1,1,0,0,89,1,9,0
411869,1,1,0,0,0,0,89,1,9,0
412119,0,1,1,0,1,0,89,1,9,0
412196,1,0,1,0,0,0,89,1,9,0
412443,1,1,1,1,1,0,89,1,9,0
412874,1,1,1,1,1,0,89,1,9,0
412976,0,0,0,0,1,0,89,1,9,0
414225,1,1,1,1,1,0,89,1,9,0
414228,1,0,0,1,1,0,89,1,9,0
414405,0,0,1,1,0,0,89,1,9,0
415143,1,1,0,0,0,0,89,1,9,0
416056,1,1,1,1,1,0,89,1,9,0
416063,1,1,0,0,0,0,89,1,9,0
416089,0,0,1,1,0,0,89,1,9,0
417023,1,0,1,0,0,0,89,1,9,0
417166,0,1,0,1,0,0,89,1,9,0
417478,0,1,1,0,1,0,89,1,9,0
417487,0,0,0,0,1,0,89,1,9,0
418198,0,1,1,0,1,0,89,1,9,0
418963,0,1,1,0,1,0,89,1,9,0
418993,1,1,0,0,0,0,89,1,9,0
419215,0,0,0,0,1,0,89,1,9,0
419823,1,0,0,1,1,0,89,1,9,0
420386,0,1,0,1,0,0,89,1,9,0
420675,0,0,1,1,0,0,89,1,9,0
420896,0,0,1,1,0,0,89,1,9,0
421206,0,1,0,1,0,0,89,1,9,0
421339,1,0,1,0,0,0,89,1,9,0
421801,0,0,0,0,1,0,89,1,9,0
422055,0,1,0,1,0,0,89,1,9,0
422200,1,0,0,1,1,0,89,1,9,0
422393,0,1,1,0,1,0,89,1,9,0
422567,1,0,1,0,0,0,89,1,9,0
422632,0,0,0,0,1,0,89,1,9,0
423103,0,0,1,1,0,0,89,1,9,0
424480,0,1,0,1,0,0,89,1,9,0
425132,0,0,1,1,0,0,89,1,9,0
425161,1,1,0,1,0,0,89,1,9,0
425184,1,1,0,0,0,0,89,1,9,0
426038,1,1,1,1,1,0,89,1,9,0
426404,0,0,1,1,0,0,89,1,9,0
426755,0,1,0,1,0,0,89,1,9,0
427603,1,0,1,0,0,0,89,1,9,0
427989,1,0,0,1,1,0,89,1,9,0
429448,1,1,0,0,0,0,89,1,9,0
430037,0,1,1,0,1,0,89,1,9,0
430062,1,0,1,0,0,0,89,1,9,0
430140,0,0,1,1,0,0,89,1,9,0
431065,1,0,0,1,1,0,89,1,9,0
431337,0,1,1,0,1,0,89,1,9,0
432772,1,0,1,0,0,0,89,1,9,0
433017,0,0,1,1,0,0,89,1,9,0
434664,1,1,1,1,1,0,89,1,9,0
434770,0,1,1,0,1,0,89,1,9,0
435428,0,1,0,1,0,0,89,1,9,0
435656,0,1,1,0,1,0,89,1,9,0
435866,0,0,1,1,0,0,89,1,9,0
435962,1,1,0,0,0,0,89,1,9,0
436069,0,1,0,1,0,0,89,1,9,0
437378,0,0,0,0,1,0,89,1,9,0
438198,0,0,0,0,1,0,89,1,9,0
439358,0,1,1,1,1,1,89,1,9,0
439571,0,1,1,0,1,0,89,1,9,0
440687,0,0,1,1,0,0,89,1,9,0
441195,1,0,0,1,1,0,89,1,9,0
443465,1,0,0,1,1,0,89,1,9,0
445074,0,1,0,1,0,0,89,1,9,0
445402,1,0,1,0,0,0,89,1,9,0
446042,1,1,0,0,0,0,89,1,9,0
447856,1,0,0,1,1,0,89,1,9,0
448046,0,1,0,1,0,0,89,1,9,0
448499,1,0,0,1,1,0,89,1,9,0
449537,1,1,0,0,0,0,89,1,9,0
451290,1,0,0,1,1,0,89,1,9,0
452052,1,1,1,1,1,0,89,1,9,0
452869,0,0,0,0,1,0,89,1,9,0
453446,0,0,0,0,1,0,89,1,9,0
453546,1,1,1,1,1,0,89,1,9,0
453577,0,1,0,1,0,0,89,1,9,0
454071,1,0,0,1,1,0,89,1,9,0
454688,1,1,0,0,0,0,89,1,9,0
455268,1,1,0,0,0,0,89,1,9,0
455620,0,1,0,1,0,0,89,1,9,0
456492,1,0,1,1,0,0,89,1,9,0
458573,1,1,1,1,1,0,89,1,9,0
458836,1,0,0,1,1,0,117,1,9,0
459004,0,0,0,0,1,0,117,1,9,0
459615,0,1,1,0,1,0,117,1,9,0
459621,1,0,0,1,1,0,117,1,9,0
459854,0,1,0,1,0,0,117,1,9,0
460018,1,0,1,0,0,0,117,1,9,0
460218,0,0,0,0,1,0,117,1,9,0
460272,0,0,1,1,0,0,117,1,9,0
460298,1,0,0,1,1,0,117,1,9,0
460467,0,1,0,1,0,0,117,1,9,0
460975,1,0,0,1,1,0,117,1,9,0
461546,1,0,1,0,0,0,117,1,9,0
463468,0,1,1,0,1,0,117,1,9,0
464005,0,1,0,1,0,0,117,1,9,0
466998,1,0,0,1,1,0,117,1,9,0
467375,1,1,0,0,0,0,117,1,9,0
469886,0,0,1,1,0,0,117,1,9,0
470014,0,1,0,1,0,0,117,1,9,0
470023,0,1,0,1,0,0,117,1,9,0
470451,1,0,0,1,1,0,117,1,9,0
470562,1,1,1,1,1,0,117,1,9,0
471264,1,1,0,0,0,0,117,1,9,0
474281,0,0,0,1,1,1,117,1,9,0
474375,0,1,0,1,0,0,117,1,9,0
474382,1,1,0,0,0,0,117,1,9,0
474384,1,0,0,1,1,0,117,1,9,0
475093,0,1,0,1,0,0,117,1,9,0
475121,1,1,0,0,0,0,117,1,9,0
475187,0,1,1,0,1,0,117,1,9,0
475993,0,0,1,1,0,0,117,1,9,0
477766,1,1,1,1,1,0,117,1,9,0
477832,0,1,1,0,1,0,117,1,9,0
478174,1,0,0,1,1,0,117,1,9,0
478710,1,0,1,0,0,0,117,1,9,0
478873,1,0,0,1,1,0,117,1,9,0
481275,1,1,0,0,0,0,117,1,9,0
481294,1,1,0,0,0,0,117,1,9,0
481519,1,0,0,1,1,0,117,1,9,0
482552,1,1,0,0,0,0,117,1,9,0
482773,1,1,0,0,0,0,117,1,9,0
482787,1,1,1,1,1,0,117,1,9,0
483973,0,1,1,0,1,0,117,1,9,0
486196,0,0,1,1,0,0,117,1,9,0
486578,0,1,0,1,0,0,117,1,9,0
486586,1,0,0,1,1,0,117,1,9,0
486666,1,0,1,0,0,0,117,1,9,0
486680,1,1,1,1,1,0,117,1,9,0
487959,1,1,0,1,0,0,117,1,9,0
489108,1,1,0,0,0,0,117,1,9,0
489471,0,0,0,0,1,0,117,1,9,0
489569,0,0,0,0,1,0,117,1,9,0
489657,0,1,1,0,1,0,117,1,9,0
492023,1,1,1,1,1,0,117,1,9,0
492580,0,0,1,1,0,0,117,1,9,0
492845,1,0,0,1,1,0,117,1,9,0
493695,0,0,1,1,0,0,117,1,9,0
494481,1,1,1,1,1,0,117,1,9,0
494652,1,0,0,0,1,1,117,1,9,0
494694,1,1,0,0,0,0,117,1,9,0
494705,0,1,0,1,0,0,117,1,9,0
495014,1,1,1,1,1,0,117,1,9,0
495181,0,0,0,0,1,0,117,1,9,0
495229,0,0,1,1,0,0,117,1,9,0
495931,1,1,1,1,1,0,117,1,9,0
495986,0,0,0,0,1,0,117,1,9,0
497410,1,0,1,0,0,0,117,1,9,0
497879,0,0,0,0,1,0,117,1,9,0
497880,1,0,0,1,1,0,117,1,9,0
499231,1,0,0,1,1,0,117,1,9,0
499314,1,0,1,0,0,0,117,1,9,0
499326,0,1,0,1,0,0,117,1,9,0
500464,0,0,1,1,0,0,117,1,9,0
501314,1,0,0,1,1,0,117,1,9,0
502232,1,1,1,1,1,0,117,1,9,0
502448,1,1,1,1,1,0,117,1,9,0
502642,0,0,1,0,0,0,117,1,9,0
502688,1,0,0,1,1,0,117,1,9,0
502768,1,1,1,1,1,0,117,1,9,0
502882,1,1,1,1,1,0,117,1,9,0
502964,0,0,1,1,0,0,117,1,9,0
502971,0,1,1,0,1,0,117,1,9,0
503323,0,0,1,1,0,0,117,1,9,0
503883,0,0,1,1,0,0,117,1,9,0
504150,0,1,0,1,0,0,117,1,9,0
504468,0,0,1,1,0,0,117,1,9,0
504697,1,0,0,1,1,0,117,1,9,0
505018,1,0,1,0,0,0,117,1,9,0
505235,0,1,0,1,0,0,117,1,9,0
505648,1,0,0,1,1,0,117,1,9,0
506240,1,0,0,1,1,0,117,1,9,0
506471,0,0,0,1,1,1,117,1,9,0
506770,0,1,0,1,0,0,117,1,9,0
507262,1,1,1,1,1,0,117,1,9,0
507621,1,1,1,1,1,0,117,1,9,0
508015,1,0,1,0,0,0,117,1,9,0
508212,0,1,1,0,1,0,117,1,9,0
508275,1,1,1,0,1,1,117,1,9,0
508357,1,1,0,0,0,0,117,1,9,0
508862,1,1,1,1,1,0,117,1,9,0
509447,1,0,0,1,1,0,117,1,9,0
509607,1,1,1,1,1,0,117,1,9,0
510686,1,1,0,0,0,0,117,1,9,0
511373,0,0,0,0,1,0,117,1,9,0
511421,0,1,1,0,1,0,117,1,9,0
511709,0,0,1,1,0,0,117,1,9,0
512419,1,0,1,0,0,0,117,1,9,0
512589,1,0,0,1,1,0,117,1,9,0
512839,0,0,0,0,1,0,117,1,9,0
513074,0,1,1,0,1,0,117,1,9,0
513834,0,0,1,1,0,0,117,1,9,0
515404,1,1,0,0,0,0,117,1,9,0
515870,0,1,1,0,1,0,117,1,9,0
517106,1,1,1,1,1,0,117,1,9,0
517313,0,1,1,0,1,0,117,1,9,0
517575,1,1,1,1,1,0,117,1,9,0
518596,1,1,0,0,0,0,117,1,9,0
518796,0,1,1,0,1,0,117,1,9,0
519420,0,0,1,1,0,0,117,1,9,0
519460,1,1,0,0,0,0,117,1,9,0
519480,0,0,0,0,1,0,117,1,9,0
519484,0,0,0,0,1,0,117,1,9,0
519966,1,1,0,0,0,0,117,1,9,0
520736,0,0,1,1,0,0,117,1,9,0
520926,1,1,0,0,0,0,117,1,9,0
521135,1,0,1,0,0,0,117,1,9,0
521683,0,1,0,1,0,0,117,1,9,0
522147,1,1,1,1,1,0,117,1,9,0
522361,0,0,0,1,1,1,117,1,9,0
522374,0,1,1,0,1,0,117,1,9,0
522795,1,0,0,1,1,0,117,1,9,0
523061,0,0,1,1,0,0,117,1,9,0
523962,1,1,1,1,1,0,117,1,9,0
524846,0,0,0,0,1,0,121,1,9,1
524860,0,0,1,1,0,0,121,1,9,1
525026,0,0,0,0,1,0,121,1,9,1
526316,1,1,1,1,1,0,121,1,9,1
526504,1,1,0,0,0,0,121,1,9,1
526508,1,1,0,0,0,0,121,1,9,1
526584,1,1,1,1,1,0,121,1,9,1
526730,1,1,1,1,1,0,121,1,9,1
527117,0,1,0,1,0,0,121,1,9,1
527423,1,1,1,1,1,0,121,1,9,1
528074,1,0,1,0,0,0,121,1,9,1
530184,1,1,1,1,1,0,121,1,9,1
530323,0,0,1,1,0,0,121,1,9,1
530389,1,1,1,1,1,0,121,1,9,1
530445,1,1,1,1,1,0,121,1,9,1
531033,1,0,0,1,1,0,121,1,9,1
531232,0,0,1,1,0,0,121,1,9,1
532115,0,0,0,0,1,0,121,1,9,1
532893,0,1,0,1,0,0,121,1,9,1
533046,1,1,1,1,1,0,121,1,9,1
533615,1,0,0,0,1,1,121,1,9,1
534064,1,1,1,1,1,0,121,1,9,1
534328,1,1,0,0,0,0,121,1,9,1
534344,0,0,0,0,1,0,121,1,9,1
534418,0,1,1,0,1,0,121,1,9,1
534825,0,0,1,1,0,0,121,1,9,1
535188,0,0,0,0,1,0,121,1,9,1
536549,1,0,0,1,1,0,121,1,9,1
536682,1,1,1,1,1,0,121,1,9,1
536735,0,1,0,1,0,0,121,1,9,1
537063,0,0,0,0,1,0,121,1,9,1
538879,0,1,0,1,0,0,121,1,9,1
538916,1,0,0,1,1,0,121,1,9,1
538966,1,1,0,0,0,0,121,1,9,1
539400,1,1,1,1,1,0,121,1,9,1
539494,1,0,1,0,0,0,121,1,9,1
539520,0,1,0,1,0,0,121,1,9,1
539839,1,1,0,0,0,0,121,1,9,1
540803,1,1,0,0,0,0,121,1,9,1
541030,0,0,0,0,1,0,121,1,9,1
541359,1,1,0,0,0,0,121,1,9,1
541556,1,0,0,1,1,0,121,1,9,1
542483,0,0,0,0,1,0,121,1,9,1
542609,0,0,0,0,1,0,121,1,9,1
542867,1,1,0,0,0,0,121,1,9,1
543460,0,1,1,0,1,0,121,1,9,1
544167,0,1,0,1,0,0,121,1,9,1
544232,1,0,1,0,0,0,121,1,9,1
544661,1,1,1,1,1,0,121,1,9,1
544728,1,0,0,1,1,0,121,1,9,1
545702,0,0,1,1,0,0,121,1,9,1
545957,0,0,0,0,1,0,121,1,9,1
546126,0,1,0,1,0,0,121,1,9,1
546239,1,0,1,0,0,0,121,1,9,1
547233,1,0,0,1,1,0,121,1,9,1
547558,0,0,1,1,0,0,121,1,9,1
547670,1,1,1,1,1,0,121,1,9,1
547709,0,0,1,1,0,0,121,1,9,1
547808,0,1,0,1,0,0,121,1,9,1
547976,1,1,1,1,1,0,121,1,9,1
548591,1,1,0,0,0,0,121,1,9,1
548682,1,1,0,0,0,0,121,1,9,1
549021,1,0,1,0,0,0,121,1,9,1
549231,0,0,1,1,0,0,121,1,9,1
549970,1,1,0,0,0,0,121,1,9,1
550200,0,1,0,1,0,0,121,1,9,1
550417,0,1,1,0,1,0,121,1,9,1
550656,0,1,0,1,0,0,121,1,9,1
550869,1,1,1,1,1,0,121,1,9,1
551267,0,1,1,0,1,0,121,1,9,1
551461,0,0,1,1,0,0,121,1,9,1
551492,1,0,0,1,1,0,121,1,9,1
551694,1,1,0,0,0,0,121,1,9,1
551760,0,0,0,0,1,0,121,1,9,1
551836,1,1,0,0,0,0,121,1,9,1
551945,0,1,0,1,0,0,121,1,9,1
552144,1,1,1,1,1,0,121,1,9,1
552238,1,0,0,1,1,0,121,1,9,1
552725,1,0,1,0,0,0,121,1,9,1
553368,1,1,0,0,0,0,121,1,9,1
553764,1,1,0,0,0,0,121,1,9,1
553820,1,0,0,1,1,0,121,1,9,1
554169,1,0,1,0,0,0,121,1,9,1
555512,1,1,1,1,1,0,121,1,9,1
555530,1,0,0,1,1,0,121,1,9,1
556302,0,1,0,1,0,0,121,1,9,1
556701,0,0,1,1,0,0,121,1,9,1
556781,0,0,0,0,1,0,121,1,9,1
556993,1,1,1,1,1,0,121,1,9,1
557272,0,1,1,0,1,0,121,1,9,1
557446,0,0,0,0,1,0,121,1,9,1
557449,0,0,0,0,1,0,121,1,9,1
557607,1,1,0,0,0,0,121,1,9,1
559830,0,1,0,1,0,0,121,1,9,1
560110,0,0,1,0,0,0,121,1,9,1
560381,1,1,1,1,1,0,121,1,9,1
560740,1,0,0,1,1,0,121,1,9,1
561433,0,0,1,1,0,0,121,1,9,1
561605,0,1,0,1,0,0,121,1,9,1
562181,1,1,1,1,1,0,121,1,9,1
562383,1,0,1,0,0,0,121,1,9,1
562833,0,0,1,1,0,0,121,1,9,1
563607,1,1,1,1,1,0,121,1,9,1
563628,0,0,1,1,0,0,121,1,9,1
563979,0,1,0,1,0,0,121,1,9,1
564545,1,0,0,1,1,0,121,1,9,1
566376,0,1,1,0,1,0,121,1,9,1
566421,0,1,1,0,1,0,121,1,9,1
567222,1,0,1,0,0,0,121,1,9,1
568299,1,0,0,1,1,0,121,1,9,1
569024,1,0,1,0,0,0,121,1,9,1
569124,0,0,0,0,1,0,121,1,9,1
570103,1,1,0,0,0,0,121,1,9,1
570593,0,0,0,0,1,0,121,1,9,1
570619,1,0,0,1,1,0,121,1,9,1
570659,1,1,0,0,0,0,121,1,9,1
570692,0,0,0,0,1,0,121,1,9,1
571003,0,1,0,1,0,0,121,1,9,1
572029,1,1,1,1,1,0,121,1,9,1
572668,1,1,1,1,1,0,121,1,9,1
572669,1,1,1,1,1,0,121,1,9,1
573830,1,1,1,1,1,0,121,1,9,1
573864,0,0,1,1,0,0,121,1,9,1
574762,1,1,1,1,1,0,121,1,9,1
575074,1,1,0,0,0,0,121,1,9,1
575576,0,0,1,1,0,0,121,1,9,1
576286,0,1,1,0,1,0,121,1,9,1
576731,0,1,1,0,1,0,121,1,9,1
576921,1,1,1,1,1,0,121,1,9,1
576929,1,1,1,1,1,0,121,1,9,1
577006,1,1,1,1,1,0,121,1,9,1
577463,1,0,1,0,0,0,121,1,9,1
578085,0,1,0,1,0,0,121,1,9,1
578213,0,0,0,0,1,0,121,1,9,1
579021,1,1,0,0,0,0,121,1,9,1
579080,0,0,1,1,0,0,121,1,9,1
579553,1,0,0,1,1,0,121,1,9,1
579918,1,1,1,1,1,0,121,1,9,1
579987,1,1,0,0,0,0,121,1,9,1
580804,0,0,0,0,1,0,121,1,9,1
581928,0,0,1,1,0,0,121,1,9,1
582234,0,1,0,1,0,0,121,1,9,1
582388,1,1,0,0,0,0,121,1,9,1
583420,0,0,0,0,1,0,121,1,9,1
583569,1,0,0,1,1,0,121,1,9,1
583887,1,0,1,0,0,0,121,1,9,1
584307,1,0,0,1,1,0,121,1,9,1
584770,0,0,1,1,0,0,121,1,9,1
584876,0,1,0,1,0,0,121,1,9,1
585140,0,1,1,0,1,0,121,1,9,1
585222,0,1,1,0,1,0,121,1,9,1
585815,1,0,1,0,0,0,121,1,9,1
586927,1,1,1,0,1,1,121,1,9,1
588172,0,1,0,1,0,0,121,1,9,1
588758,1,1,0,0,0,0,121,1,9,1
588959,0,0,0,0,1,0,121,1,9,1
589048,0,1,1,0,1,0,121,1,9,1
589250,1,0,1,0,0,0,121,1,9,1
589638,0,0,1,1,0,0,121,1,9,1
591180,0,0,0,0,1,0,96,1,9,1
591612,0,0,1,1,0,0,96,1,9,1
591858,1,1,1,1,1,0,96,1,9,1
591887,0,1,0,1,0,0,96,1,9,1
591998,0,0,0,0,1,0,96,1,9,1
592786,0,0,1,1,0,0,96,1,9,1
593339,1,1,1,1,1,0,96,1,9,1
593467,1,1,0,0,0,0,96,1,9,1
594447,0,0,1,1,0,0,96,1,9,1
594779,0,1,0,1,0,0,96,1,9,1
595068,0,0,0,0,1,0,96,1,9,1
595105,1,0,0,1,1,0,96,1,9,1
595382,0,1,1,0,1,0,96,1,9,1
598652,1,1,0,0,0,0,96,1,9,1
599665,0,1,1,1,1,1,96,1,9,1
600160,0,1,0,1,0,0,96,1,9,1
600648,0,0,1,1,0,0,96,1,9,1
600772,0,1,0,1,0,0,96,1,9,1
601137,0,1,1,0,1,0,96,1,9,1
602123,1,1,1,1,1,0,96,1,9,1
602570,0,0,0,0,1,0,96,1,9,1
603514,1,0,0,1,1,0,96,1,9,1
604233,0,1,0,1,0,0,96,1,9,1
604879,1,0,1,0,0,0,96,1,9,1
605232,1,0,1,0,0,0,96,1,9,1
605936,1,1,0,0,0,0,96,1,9,1
607966,1,1,0,0,0,0,96,1,9,1
608117,0,1,0,1,0,0,96,1,9,1
609139,1,0,1,0,0,0,96,1,9,1
609196,1,1,0,0,0,0,96,1,9,1
609715,1,1,0,0,0,0,96,1,9,1
610142,0,0,1,1,0,0,96,1,9,1
610453,0,1,1,0,1,0,96,1,9,1
610499,1,0,1,0,0,0,96,1,9,1
611184,0,0,1,1,0,0,96,1,9,1
611978,0,0,0,0,1,0,96,1,9,1
613964,1,0,0,1,1,0,96,1,9,1
614628,1,0,0,0,1,1,96,1,9,1
614910,0,0,0,0,1,0,96,1,9,1
614957,0,1,0,1,0,0,96,1,9,1
615401,0,0,1,1,0,0,96,1,9,1
616248,0,0,1,1,0,0,96,1,9,1
616381,0,0,1,1,0,0,96,1,9,1
616571,1,1,0,0,0,0,96,1,9,1
618061,1,0,1,0,0,0,96,1,9,1
619030,0,1,0,1,0,0,96,1,9,1
619793,1,1,1,1,1,0,96,1,9,1
620021,1,0,0,1,1,0,96,1,9,1
620669,1,0,1,0,0,0,96,1,9,1
620753,1,0,0,1,1,0,96,1,9,1
620972,0,1,1,0,1,0,96,1,9,1
621529,1,0,1,0,0,0,96,1,9,1
621800,1,1,0,0,0,0,96,1,9,1
623492,1,0,0,1,1,0,96,1,9,1
623604,1,0,1,1,0,0,96,1,9,1
623799,0,1,1,0,1,0,96,1,9,1
624261,1,1,0,0,0,0,96,1,9,1
624298,0,1,1,0,1,0,96,1,9,1
624390,0,0,0,0,1,0,96,1,9,1
624556,0,0,1,1,0,0,96,1,9,1
624923,1,0,0,1,1,0,96,1,9,1
625453,1,0,0,0,1,1,96,1,9,1
625469,1,1,1,1,1,0,96,1,9,1
626162,0,0,0,0,1,0,96,1,9,1
627376,0,0,1,1,0,0,96,1,9,1
627978,0,1,1,0,1,0,96,1,9,1
628268,1,0,1,0,0,0,96,1,9,1
628421,1,0,0,0,1,1,96,1,9,1
628525,1,0,0,1,1,0,96,1,9,1
629626,0,0,1,1,0,0,96,1,9,1
629694,1,1,0,0,0,0,96,1,9,1
629885,1,1,1,1,1,0,96,1,9,1
630675,1,1,1,0,1,1,96,1,9,1
630988,0,1,0,1,0,0,96,1,9,1
632041,1,1,1,1,1,0,96,1,9,1
632082,1,1,0,0,0,0,96,1,9,1
632467,1,1,0,0,0,0,96,1,9,1
632692,0,0,0,0,1,0,96,1,9,1
634910,0,1,1,0,1,0,96,1,9,1
636184,1,1,1,1,1,0,96,1,9,1
636649,0,0,0,0,1,0,96,1,9,1
637656,1,0,1,0,0,0,96,1,9,1
637808,0,0,1,1,0,0,96,1,9,1
638070,1,0,0,1,1,0,96,1,9,1
638110,0,1,1,0,1,0,96,1,9,1
638257,0,1,1,0,1,0,96,1,9,1
638344,1,0,0,0,1,1,96,1,9,1
639471,0,0,1,1,0,0,96,1,9,1
639679,1,0,0,1,1,0,96,1,9,1
640710,1,1,0,0,0,0,96,1,9,1
641025,1,1,1,1,1,0,96,1,9,1
641348,0,0,1,1,0,0,96,1,9,1
641512,1,0,1,0,0,0,96,1,9,1
641808,0,1,1,0,1,0,96,1,9,1
641880,0,1,1,0,1,0,96,1,9,1
642312,1,0,0,1,1,0,96,1,9,1
642325,1,0,0,1,1,0,96,1,9,1
642749,1,0,1,0,0,0,96,1,9,1
643564,1,0,1,0,0,0,96,1,9,1
643666,0,1,0,1,0,0,96,1,9,1
643817,0,0,0,0,1,0,96,1,9,1
644466,0,1,1,0,1,0,96,1,9,1
645860,1,1,0,0,0,0,96,1,9,1
647789,0,1,0,1,0,0,96,1,9,1
647791,0,0,1,1,0,0,96,1,9,1
648288,0,1,1,0,1,0,96,1,9,1
649536,0,0,0,0,1,0,96,1,9,1
650284,1,0,1,0,0,0,96,1,9,1
650366,1,1,1,1,1,0,96,1,9,1
650977,0,1,1,0,1,0,96,1,9,1
651437,1,0,0,1,1,0,96,1,9,1
651674,1,1,1,1,1,0,96,1,9,1
651827,0,0,0,0,1,0,96,1,9,1
652464,1,0,1,0,0,0,96,1,9,1
652859,0,1,0,0,0,0,96,1,9,1
652868,0,0,1,1,0,0,96,1,9,1
653068,0,0,1,1,0,0,96,1,9,1
653688,0,1,1,0,1,0,96,1,9,1
653764,0,1,0,1,0,0,96,1,9,1
653899,1,0,1,0,0,0,96,1,9,1
654244,0,0,0,0,1,0,96,1,9,1
654556,0,0,1,1,0,0,96,1,9,1
654998,0,1,1,0,1,0,96,1,9,1
655203,0,1,1,0,1,0,96,1,9,1
655221,1,1,1,1,1,0,96,1,9,1
655543,1,0,0,1,1,0,120,2,9,1
655834,1,0,0,1,1,0,120,2,9,1
656183,1,1,1,1,1,0,120,2,9,1
656210,0,0,0,0,1,0,120,2,9,1
656361,0,0,0,0,1,0,120,2,9,1
656715,0,0,1,1,0,0,120,2,9,1
657281,0,1,0,1,0,0,120,2,9,1
658029,0,1,1,0,1,0,120,2,9,1
659514,1,1,0,0,0,0,120,2,9,1
660266,1,1,1,1,1,0,120,2,9,1
660489,0,1,1,0,1,0,120,2,9,1
660551,1,1,1,1,1,0,120,2,9,1
661138,1,1,0,0,0,0,120,2,9,1
661192,0,0,1,1,0,0,120,2,9,1
661394,0,1,0,0,0,0,120,2,9,1
662180,0,0,1,1,0,0,120,2,9,1
662373,1,0,0,1,1,0,120,2,9,1
662450,0,1,1,0,1,0,120,2,9,1
662461,1,0,0,1,1,0,120,2,9,1
662581,0,0,0,0,1,0,120,2,9,1
663210,1,1,0,0,0,0,120,2,9,1
664062,0,1,0,1,0,0,120,2,9,1
664836,1,0,0,1,1,0,120,2,9,1
665427,0,0,1,1,0,0,120,2,9,1
667122,0,1,0,1,0,0,120,2,9,1
667128,0,0,1,0,0,0,120,2,9,1
667332,1,0,1,0,0,0,120,2,9,1
668073,0,1,1,1,1,1,120,2,9,1
668930,0,1,1,0,1,0,120,2,9,1
668965,1,0,1,0,0,0,120,2,9,1
669346,1,0,1,0,0,0,120,2,9,1
669704,1,0,0,1,1,0,120,2,9,1
669746,0,0,0,0,1,0,120,2,9,1
669965,0,0,1,1,0,0,120,2,9,1
669993,0,1,1,0,1,0,120,2,9,1
670601,1,0,0,1,1,0,120,2,9,1
670680,1,1,0,0,0,0,120,2,9,1
670794,0,1,0,1,0,0,120,2,9,1
671071,0,0,0,0,1,0,120,2,9,1
671328,0,0,0,0,1,0,120,2,9,1
671702,0,0,0,0,1,0,120,2,9,1
671790,0,1,1,0,1,0,120,2,9,1
672318,0,1,0,1,0,0,120,2,9,1
672364,1,0,1,0,0,0,120,2,9,1
672948,1,1,1,1,1,0,120,2,9,1
673161,0,0,0,0,1,0,120,2,9,1
673435,0,1,0,1,0,0,120,2,9,1
673494,1,1,0,0,0,0,120,2,9,1
673735,1,1,0,0,0,0,120,2,9,1
674136,0,1,0,1,0,0,120,2,9,1
674616,0,1,0,1,0,0,120,2,9,1
674660,1,1,1,1,1,0,120,2,9,1
675020,1,1,1,1,1,0,120,2,9,1
676317,1,1,0,0,0,0,120,2,9,1
676482,1,1,0,0,0,0,120,2,9,1
676631,0,1,1,0,1,0,120,2,9,1
676781,1,0,1,0,0,0,120,2,9,1
677121,0,0,1,1,0,0,120,2,9,1
677987,0,0,1,1,0,0,120,2,9,1
678768,1,1,1,1,1,0,120,2,9,1
678903,0,0,0,0,1,0,120,2,9,1
678947,1,1,1,1,1,0,120,2,9,1
679104,1,1,1,1,1,0,120,2,9,1
679403,1,0,1,0,0,0,120,2,9,1
679953,1,0,0,1,1,0,120,2,9,1
680068,0,0,0,0,1,0,120,2,9,1
680240,1,1,0,0,0,0,120,2,9,1
680559,1,1,1,1,1,0,120,2,9,1
681120,0,1,1,0,1,0,120,2,9,1
681224,0,0,0,0,1,0,120,2,9,1
682166,0,1,0,1,0,0,120,2,9,1
683359,0,0,1,1,0,0,120,2,9,1
684042,0,0,0,0,1,0,120,2,9,1
684228,1,1,0,1,0,0,120,2,9,1
684884,0,0,1,1,0,0,120,2,9,1
685015,0,0,0,0,1,0,120,2,9,1
685064,0,0,0,0,1,0,120,2,9,1
685228,0,1,1,0,1,0,120,2,9,1
685236,1,1,0,0,0,0,120,2,9,1
685344,0,0,0,0,1,0,120,2,9,1
685378,1,0,0,1,1,0,120,2,9,1
685504,0,1,1,0,1,0,120,2,9,1
686090,1,0,0,1,1,0,120,2,9,1
686447,1,0,0,1,1,0,120,2,9,1
686485,1,1,0,0,0,0,120,2,9,1
687480,0,0,1,1,0,0,120,2,9,1
688093,0,0,0,0,1,0,120,2,9,1
688480,0,1,0,1,0,0,120,2,9,1
688819,1,1,1,1,1,0,120,2,9,1
689860,1,0,0,1,1,0,120,2,9,1
690061,0,0,1,1,0,0,120,2,9,1
690464,1,0,0,1,1,0,120,2,9,1
690586,1,1,1,1,1,0,120,2,9,1
690707,0,0,1,1,0,0,120,2,9,1
690729,0,0,1,1,0,0,120,2,9,1
692004,0,1,0,1,0,0,120,2,9,1
692533,1,0,1,0,0,0,120,2,9,1
693237,1,1,1,1,1,0,120,2,9,1
693845,0,0,1,1,0,0,120,2,9,1
695042,0,0,1,1,0,0,120,2,9,1
695627,1,1,1,1,1,0,120,2,9,1
695809,1,0,1,0,0,0,120,2,9,1
697353,0,1,1,0,1,0,120,2,9,1
697783,0,1,0,1,0,0,120,2,9,1
698160,1,1,0,0,0,0,120,2,9,1
698577,0,1,1,0,1,0,120,2,9,1
699199,1,0,0,1,1,0,120,2,9,1
699737,1,0,1,0,0,0,120,2,9,1
700024,0,0,0,0,1,0,120,2,9,1
700188,0,1,0,1,0,0,120,2,9,1
700228,1,1,1,1,1,0,120,2,9,1
700349,1,1,1,1,1,0,120,2,9,1
700514,0,0,0,0,1,0,120,2,9,1
700864,0,0,0,0,1,0,120,2,9,1
701468,1,0,1,0,0,0,120,2,9,1
702389,0,1,0,1,0,0,120,2,9,1
702746,0,1,0,1,0,0,120,2,9,1
703849,0,1,1,0,1,0,120,2,9,1
703992,1,0,0,1,1,0,120,2,9,1
704096,1,0,0,1,1,0,120,2,9,1
704186,1,1,0,0,0,0,120,2,9,1
704416,0,1,0,1,0,0,120,2,9,1
704520,1,0,1,0,0,0,120,2,9,1
704785,0,1,0,1,0,0,120,2,9,1
705013,1,1,0,0,0,0,120,2,9,1
705689,0,1,0,1,0,0,120,2,9,1
705966,1,1,1,1,1,0,120,2,9,1
706042,0,0,1,1,0,0,120,2,9,1
706618,0,0,0,0,1,0,120,2,9,1
707016,0,1,1,0,1,0,120,2,9,1
707118,1,0,1,0,0,0,120,2,9,1
707559,1,1,0,0,0,0,120,2,9,1
707646,1,1,1,1,1,0,120,2,9,1
708818,1,0,1,0,0,0,120,2,9,1
710219,1,0,0,1,1,0,120,2,9,1
710277,0,0,0,0,1,0,120,2,9,1
710447,0,0,0,0,1,0,120,2,9,1
710547,0,1,0,1,0,0,120,2,9,1
710613,0,1,1,0,1,0,120,2,9,1
710889,1,0,0,1,1,0,120,2,9,1
710907,0,0,1,1,0,0,120,2,9,1
711890,0,0,1,1,0,0,120,2,9,1
712389,0,1,1,0,1,0,120,2,9,1
712402,0,0,0,0,1,0,120,2,9,1
712412,1,0,0,1,1,0,120,2,9,1
712632,0,1,1,0,1,0,120,2,9,1
712812,0,1,1,0,1,0,120,2,9,1
713731,0,1,1,0,1,0,120,2,9,1
715566,0,1,0,1,0,0,120,2,9,1
715780,0,0,1,1,0,0,120,2,9,1
717155,1,0,1,0,0,0,120,2,9,1
717221,1,0,1,0,0,0,120,2,9,1
719543,1,1,0,0,0,0,120,2,9,1
719780,0,0,0,0,1,0,120,2,9,1
720226,0,1,0,1,0,0,120,2,9,1
720829,0,1,1,0,1,0,120,2,9,1
720903,0,0,0,0,1,0,127,2,12,1
721082,0,0,0,0,1,0,127,2,12,1
721391,0,1,1,0,1,0,127,2,12,1
721783,0,0,1,1,0,0,127,2,12,1
722171,0,1,1,0,1,0,127,2,12,1
722267,1,0,0,1,1,0,127,2,12,1
722587,1,1,1,1,1,0,127,2,12,1
722990,0,1,0,1,0,0,127,2,12,1
723168,0,0,0,0,1,0,127,2,12,1
723865,0,1,0,1,0,0,127,2,12,1
723934,0,0,1,1,0,0,127,2,12,1
724109,1,1,1,1,1,0,127,2,12,1
724540,0,1,0,0,0,0,127,2,12,1
724654,1,0,1,0,0,0,127,2,12,1
724792,1,0,0,1,1,0,127,2,12,1
725163,1,1,1,1,1,0,127,2,12,1
725361,0,1,0,1,0,0,127,2,12,1
725789,1,1,0,0,0,0,127,2,12,1
725975,1,1,0,0,0,0,127,2,12,1
726354,1,1,0,0,0,0,127,2,12,1
726444,1,1,1,1,1,0,127,2,12,1
726507,0,0,1,0,0,0,127,2,12,1
726537,1,0,1,0,0,0,127,2,12,1
727132,1,0,0,1,1,0,127,2,12,1
727397,0,0,0,0,1,0,127,2,12,1
727506,1,0,1,0,0,0,127,2,12,1
727564,1,1,0,0,0,0,127,2,12,1
727781,0,1,0,1,0,0,127,2,12,1
728351,1,1,1,1,1,0,127,2,12,1
728402,0,1,0,1,0,0,127,2,12,1
728644,1,0,1,0,0,0,127,2,12,1
728690,1,1,0,0,0,0,127,2,12,1
729538,0,1,0,1,0,0,127,2,12,1
729749,0,1,1,0,1,0,127,2,12,1
729770,0,0,0,0,1,0,127,2,12,1
729854,1,1,0,0,0,0,127,2,12,1
730292,1,0,1,0,0,0,127,2,12,1
730923,0,0,1,1,0,0,127,2,12,1
730936,1,0,1,0,0,0,127,2,12,1
731006,1,0,0,1,1,0,127,2,12,1
731274,1,1,1,1,1,0,127,2,12,1
731325,1,0,1,0,0,0,127,2,12,1
731931,0,0,1,1,0,0,127,2,12,1
732133,0,1,0,1,0,0,127,2,12,1
732196,0,1,0,1,0,0,127,2,12,1
732285,0,0,0,0,1,0,127,2,12,1
732405,1,0,0,1,1,0,127,2,12,1
732725,0,0,0,0,1,0,127,2,12,1
732750,1,0,1,0,0,0,127,2,12,1
732774,0,1,0,1,0,0,127,2,12,1
732813,0,0,0,0,1,0,127,2,12,1
733132,1,0,0,1,1,0,127,2,12,1
733189,1,0,0,0,1,1,127,2,12,1
733471,1,1,0,0,0,0,127,2,12,1
733618,0,1,0,1,0,0,127,2,12,1
733917,1,1,0,0,0,0,127,2,12,1
733944,0,0,0,0,1,0,127,2,12,1
734273,0,1,1,0,1,0,127,2,12,1
734680,1,1,0,0,0,0,127,2,12,1
734695,1,0,0,1,1,0,127,2,12,1
734934,0,0,1,1,0,0,127,2,12,1
734991,0,1,1,0,1,0,127,2,12,1
735353,1,0,1,0,0,0,127,2,12,1
736012,1,0,1,0,0,0,127,2,12,1
736030,0,1,1,0,1,0,127,2,12,1
736747,1,0,0,1,1,0,127,2,12,1
736857,0,1,0,1,0,0,127,2,12,1
736939,1,1,1,1,1,0,127,2,12,1
736958,1,0,0,1,1,0,127,2,12,1
737584,0,0,1,1,0,0,127,2,12,1
737688,0,1,0,1,0,0,127,2,12,1
738644,0,1,1,0,1,0,127,2,12,1
738662,1,0,1,0,0,0,127,2,12,1
738889,0,1,0,1,0,0,127,2,12,1
739030,0,0,1,1,0,0,127,2,12,1
739103,0,0,1,1,0,0,127,2,12,1
739170,1,0,0,1,1,0,127,2,12,1
739725,1,0,0,1,1,0,127,2,12,1
739770,1,1,0,1,0,0,127,2,12,1
739921,1,0,0,1,1,0,127,2,12,1
740414,0,1,1,0,1,0,127,2,12,1
740653,0,0,0,0,1,0,127,2,12,1
740883,0,0,1,1,0,0,127,2,12,1
740974,0,1,0,1,0,0,127,2,12,1
741234,0,0,0,0,1,0,127,2,12,1
741393,0,0,0,0,1,0,127,2,12,1
741635,0,0,0,0,1,0,127,2,12,1
741954,1,1,1,1,1,0,127,2,12,1
743012,1,1,1,1,1,0,127,2,12,1
743286,0,0,0,0,1,0,127,2,12,1
743704,1,1,0,0,0,0,127,2,12,1
743864,0,1,0,1,0,0,127,2,12,1
744532,0,0,1,1,0,0,127,2,12,1
744703,1,0,1,0,0,0,127,2,12,1
744710,0,1,1,0,1,0,127,2,12,1
745872,0,0,0,0,1,0,127,2,12,1
746077,0,0,1,1,0,0,127,2,12,1
746241,0,1,1,0,1,0,127,2,12,1
746550,1,1,0,0,0,0,127,2,12,1
747271,1,1,0,0,0,0,127,2,12,1
747560,0,0,1,1,0,0,127,2,12,1
747727,0,0,1,1,0,0,127,2,12,1
747871,1,1,1,1,1,0,127,2,12,1
748617,1,1,1,1,1,0,127,2,12,1
748823,0,1,1,0,1,0,127,2,12,1
749004,1,1,0,0,0,0,127,2,12,1
749016,0,1,1,0,1,0,127,2,12,1
749064,1,1,0,0,0,0,127,2,12,1
749092,1,0,1,0,0,0,127,2,12,1
749326,0,0,0,0,1,0,127,2,12,1
750049,1,0,0,1,1,0,127,2,12,1
750147,0,1,1,0,1,0,127,2,12,1
750162,0,1,0,1,0,0,127,2,12,1
750524,1,1,0,0,0,0,127,2,12,1
750571,1,1,0,0,0,0,127,2,12,1
750604,1,1,0,0,0,0,127,2,12,1
750962,1,0,1,0,0,0,127,2,12,1
751607,0,1,0,1,0,0,127,2,12,1
751970,1,0,0,1,1,0,127,2,12,1
752222,1,0,1,0,0,0,127,2,12,1
752250,0,1,0,1,0,0,127,2,12,1
752260,0,1,1,0,1,0,127,2,12,1
753040,0,1,1,0,1,0,127,2,12,1
753141,0,1,0,1,0,0,127,2,12,1
753612,1,0,0,1,1,0,127,2,12,1
754673,0,1,1,0,1,0,127,2,12,1
754931,1,0,1,0,0,0,127,2,12,1
755301,0,0,1,1,0,0,127,2,12,1
756037,0,0,1,1,0,0,127,2,12,1
756256,1,0,1,0,0,0,127,2,12,1
756347,0,1,0,1,0,0,127,2,12,1
756435,1,0,0,0,1,1,127,2,12,1
756442,1,0,0,1,1,0,127,2,12,1
756445,1,0,1,0,0,0,127,2,12,1
756484,0,1,1,1,1,1,127,2,12,1
756625,1,0,0,1,1,0,127,2,12,1
757021,0,0,0,0,1,0,127,2,12,1
757098,0,1,1,0,1,0,127,2,12,1
757945,0,1,0,1,0,0,127,2,12,1
757948,0,1,1,0,1,0,127,2,12,1
758199,0,0,1,1,0,0,127,2,12,1
758898,0,1,1,0,1,0,127,2,12,1
759469,1,0,0,1,1,0,127,2,12,1
759540,0,1,0,1,0,0,127,2,12,1
759660,0,1,0,1,0,0,127,2,12,1
759743,1,1,1,1,1,0,127,2,12,1
759988,0,1,0,1,0,0,127,2,12,1
760359,0,1,1,0,1,0,127,2,12,1
760596,0,0,0,0,1,0,127,2,12,1
760624,1,0,0,1,1,0,127,2,12,1
761071,1,0,1,0,0,0,127,2,12,1
761449,1,0,1,0,0,0,127,2,12,1
761661,0,0,0,0,1,0,127,2,12,1
762513,1,0,0,1,1,0,127,2,12,1
762754,0,0,1,1,0,0,127,2,12,1
763224,1,0,0,1,1,0,127,2,12,1
763664,1,0,1,0,0,0,127,2,12,1
763716,1,0,0,1,1,0,127,2,12,1
764114,0,1,1,0,1,0,127,2,12,1
764325,0,0,1,1,0,0,127,2,12,1
764386,1,0,0,1,1,0,127,2,12,1
764443,1,1,0,0,0,0,127,2,12,1
764589,1,0,0,1,1,0,127,2,12,1
764626,1,0,0,1,1,0,127,2,12,1
764879,1,1,1,1,1,0,127,2,12,1
765100,1,0,0,1,1,0,127,2,12,1
765402,1,1,0,0,0,0,127,2,12,1
765470,1,0,0,1,1,0,127,2,12,1
766061,0,0,0,0,1,0,127,2,12,1
766569,0,0,0,0,1,0,127,2,12,1
766767,0,0,1,1,0,0,127,2,12,1
766800,1,1,0,0,0,0,127,2,12,1
766880,1,1,0,0,0,0,127,2,12,1
767740,0,1,1,0,1,0,127,2,12,1
768734,1,1,1,1,1,0,127,2,12,1
768976,1,1,0,0,0,0,127,2,12,1
768996,0,1,0,1,0,0,127,2,12,1
769860,1,1,0,0,0,0,127,2,12,1
770125,1,1,1,1,1,0,127,2,12,1
770383,1,0,1,0,0,0,127,2,12,1
770776,1,0,0,1,1,0,127,2,12,1
770784,0,1,0,1,0,0,127,2,12,1
770868,0,1,0,1,0,0,127,2,12,1
771252,1,0,0,1,1,0,127,2,12,1
771261,0,0,1,1,0,0,127,2,12,1
771319,0,1,1,0,1,0,127,2,12,1
771481,1,1,0,0,0,0,127,2,12,1
771803,0,1,1,0,1,0,127,2,12,1
772245,0,1,0,1,0,0,127,2,12,1
772420,0,1,0,1,0,0,127,2,12,1
773499,0,1,0,1,0,0,127,2,12,1
774341,1,0,0,1,1,0,127,2,12,1
774528,0,1,1,0,1,0,127,2,12,1
774629,1,1,1,1,1,0,127,2,12,1
774708,1,1,0,0,0,0,127,2,12,1
774882,0,1,1,0,1,0,127,2,12,1
775046,0,1,0,1,0,0,127,2,12,1
775307,1,0,1,0,0,0,127,2,12,1
775555,1,0,0,1,1,0,127,2,12,1
775988,0,0,0,0,1,0,127,2,12,1
776303,1,1,0,0,0,0,127,2,12,1
776316,1,1,0,0,0,0,127,2,12,1
776594,1,1,1,0,1,1,127,2,12,1
776605,0,1,0,1,0,0,127,2,12,1
776795,0,1,0,0,0,0,127,2,12,1
777125,1,1,1,1,1,0,127,2,12,1
777174,0,0,0,1,1,1,127,2,12,1
777491,0,1,1,0,1,0,127,2,12,1
778008,0,1,0,1,0,0,127,2,12,1
778131,0,1,0,1,0,0,127,2,12,1
778524,1,0,1,1,0,0,127,2,12,1
779038,1,0,1,0,0,0,127,2,12,1
779220,0,1,0,1,0,0,127,2,12,1
779460,1,1,1,1,1,0,127,2,12,1
779552,0,0,1,1,0,0,127,2,12,1
779668,1,0,1,1,0,0,127,2,12,1
779888,1,1,1,0,1,1,127,2,12,1
779955,1,0,0,1,1,0,127,2,12,1
780097,0,1,0,0,0,0,127,2,12,1
780177,0,0,0,0,1,0,127,2,12,1
780307,1,0,0,1,1,0,127,2,12,1
781056,1,0,1,0,0,0,127,2,12,1
781105,1,1,0,0,0,0,127,2,12,1
781280,1,1,0,0,0,0,127,2,12,1
781359,0,1,1,0,1,0,127,2,12,1
782008,1,1,0,0,0,0,127,2,12,1
782344,0,0,0,0,1,0,127,2,12,1
782471,1,0,1,0,0,0,127,2,12,1
782822,1,1,1,1,1,0,127,2,12,1
783153,0,0,0,0,1,0,127,2,12,1
783405,0,0,1,1,0,0,127,2,12,1
783909,0,1,1,0,1,0,127,2,12,1
784929,1,1,0,0,0,0,127,2,12,1
784999,1,0,0,1,1,0,127,2,12,1
785048,0,0,0,0,1,0,127,2,12,1
785423,0,0,0,0,1,0,127,2,12,1
785878,1,1,0,0,0,0,127,2,12,1
786349,1,0,0,1,1,0,127,2,12,1
786720,1,0,1,0,0,0,150,2,12,1
787316,1,1,1,1,1,0,150,2,12,1
787398,0,1,0,1,0,0,150,2,12,1
787468,1,0,1,1,0,0,150,2,12,1
787780,0,1,1,0,1,0,150,2,12,1
787791,0,1,1,0,1,0,150,2,12,1
787830,0,0,1,1,0,0,150,2,12,1
787881,0,0,0,0,1,0,150,2,12,1
788317,0,1,1,0,1,0,150,2,12,1
788802,0,1,1,0,1,0,150,2,12,1
788935,0,0,1,1,0,0,150,2,12,1
789600,0,0,0,0,1,0,150,2,12,1
789911,1,1,0,0,0,0,150,2,12,1
789993,0,1,1,0,1,0,150,2,12,1
790027,0,1,1,0,1,0,150,2,12,1
790765,1,0,1,0,0,0,150,2,12,1
790959,1,0,1,0,0,0,150,2,12,1
791089,0,0,0,0,1,0,150,2,12,1
791216,1,1,1,1,1,0,150,2,12,1
791540,1,1,1,1,1,0,150,2,12,1
791795,0,0,1,1,0,0,150,2,12,1
792085,1,0,0,1,1,0,150,2,12,1
792097,1,1,1,1,1,0,150,2,12,1
792189,0,1,0,1,0,0,150,2,12,1
793041,1,0,1,0,0,0,150,2,12,1
793111,0,1,1,0,1,0,150,2,12,1
793340,0,0,0,0,1,0,150,2,12,1
793651,0,0,0,0,1,0,150,2,12,1
794076,0,1,0,1,0,0,150,2,12,1
794147,1,1,0,0,0,0,150,2,12,1
794180,1,1,0,1,0,0,150,2,12,1
794908,1,1,0,0,0,0,150,2,12,1
795215,1,0,1,0,0,0,150,2,12,1
795336,1,1,1,1,1,0,150,2,12,1
795515,1,1,1,1,1,0,150,2,12,1
796983,1,1,0,0,0,0,150,2,12,1
797243,0,0,0,0,1,0,150,2,12,1
797449,0,1,1,0,1,0,150,2,12,1
797742,0,0,1,1,0,0,150,2,12,1
797749,1,1,0,0,0,0,150,2,12,1
798341,0,1,1,0,1,0,150,2,12,1
798667,1,1,0,0,0,0,150,2,12,1
799831,0,1,0,1,0,0,150,2,12,1
799842,0,1,1,0,1,0,150,2,12,1
800109,1,1,1,1,1,0,150,2,12,1
800236,0,1,1,0,1,0,150,2,12,1
800441,1,1,0,1,0,0,150,2,12,1
800708,0,0,1,0,0,0,150,2,12,1
800771,0,0,1,1,0,0,150,2,12,1
800774,0,1,1,0,1,0,150,2,12,1
801027,1,1,1,1,1,0,150,2,12,1
802053,1,1,1,1,1,0,150,2,12,1
802254,0,1,0,1,0,0,150,2,12,1
802853,0,1,1,0,1,0,150,2,12,1
802930,1,0,0,1,1,0,150,2,12,1
802966,1,0,1,0,0,0,150,2,12,1
802975,0,0,1,1,0,0,150,2,12,1
803087,0,1,0,1,0,0,150,2,12,1
803300,0,1,1,0,1,0,150,2,12,1
803530,1,0,0,1,1,0,150,2,12,1
803726,0,1,1,0,1,0,150,2,12,1
804148,0,1,0,1,0,0,150,2,12,1
804347,0,0,1,1,0,0,150,2,12,1
804609,0,1,1,0,1,0,150,2,12,1
805027,1,0,0,1,1,0,150,2,12,1
805052,0,0,1,1,0,0,150,2,12,1
805101,1,1,1,1,1,0,150,2,12,1
805329,0,0,1,0,0,0,150,2,12,1
806175,0,0,1,1,0,0,150,2,12,1
806574,0,1,1,0,1,0,150,2,12,1
806849,0,1,1,0,1,0,150,2,12,1
807000,1,1,1,1,1,0,150,2,12,1
807454,0,0,0,0,1,0,150,2,12,1
807575,1,0,1,0,0,0,150,2,12,1
807626,0,1,1,0,1,0,150,2,12,1
807881,1,0,1,0,0,0,150,2,12,1
808121,0,1,0,1,0,0,150,2,12,1
808341,0,0,1,1,0,0,150,2,12,1
808760,1,1,0,0,0,0,150,2,12,1
808810,1,0,1,0,0,0,150,2,12,1
809121,1,0,1,0,0,0,150,2,12,1
809285,0,1,0,1,0,0,150,2,12,1
809330,1,0,0,1,1,0,150,2,12,1
809949,0,1,0,1,0,0,150,2,12,1
810301,1,0,1,0,0,0,150,2,12,1
810570,1,0,1,0,0,0,150,2,12,1
810633,1,0,0,1,1,0,150,2,12,1
810664,0,1,1,0,1,0,150,2,12,1
811023,1,1,0,0,0,0,150,2,12,1
811111,1,0,0,1,1,0,150,2,12,1
811970,1,0,1,0,0,0,150,2,12,1
812320,0,0,0,0,1,0,150,2,12,1
813038,1,1,0,0,0,0,150,2,12,1
813435,0,0,1,1,0,0,150,2,12,1
813711,1,0,0,1,1,0,150,2,12,1
813787,1,0,0,1,1,0,150,2,12,1
814135,0,1,0,1,0,0,150,2,12,1
814473,0,1,0,1,0,0,150,2,12,1
815063,0,1,1,0,1,0,150,2,12,1
815073,0,1,0,1,0,0,150,2,12,1
815233,1,1,1,1,1,0,150,2,12,1
816246,1,0,0,1,1,0,150,2,12,1
816649,1,0,0,1,1,0,150,2,12,1
816834,1,1,1,1,1,0,150,2,12,1
817118,0,1,1,0,1,0,150,2,12,1
817406,0,1,0,1,0,0,150,2,12,1
817570,0,0,1,1,0,0,150,2,12,1
817596,1,0,1,0,0,0,150,2,12,1
817802,0,0,0,0,1,0,150,2,12,1
817834,0,0,1,1,0,0,150,2,12,1
817881,1,1,1,1,1,0,150,2,12,1
817897,0,0,1,1,0,0,150,2,12,1
818185,1,0,0,1,1,0,150,2,12,1
818312,1,1,1,1,1,0,150,2,12,1
818464,0,1,1,0,1,0,150,2,12,1
818546,1,1,1,1,1,0,150,2,12,1
818668,1,1,0,0,0,0,150,2,12,1
818832,1,0,1,0,0,0,150,2,12,1
818882,0,1,0,1,0,0,150,2,12,1
818946,1,1,0,0,0,0,150,2,12,1
819212,1,1,0,0,0,0,150,2,12,1
819251,0,0,1,1,0,0,150,2,12,1
820058,1,1,1,0,1,1,150,2,12,1
820397,1,0,0,1,1,0,150,2,12,1
820631,0,0,1,1,0,0,150,2,12,1
820647,0,0,0,0,1,0,150,2,12,1
820672,1,1,0,0,0,0,150,2,12,1
821135,1,0,1,0,0,0,150,2,12,1
821219,1,0,1,0,0,0,150,2,12,1
821355,1,0,0,1,1,0,150,2,12,1
821459,0,1,1,0,1,0,150,2,12,1
821692,1,0,1,0,0,0,150,2,12,1
821740,1,1,0,0,0,0,150,2,12,1
822110,0,1,0,1,0,0,150,2,12,1
822136,1,0,0,0,1,1,150,2,12,1
822233,1,1,0,0,0,0,150,2,12,1
822747,0,0,1,1,0,0,150,2,12,1
822948,0,1,0,1,0,0,150,2,12,1
823553,1,1,0,0,0,0,150,2,12,1
823609,1,0,0,1,1,0,150,2,12,1
823849,0,0,0,0,1,0,150,2,12,1
824462,1,0,1,0,0,0,150,2,12,1
824725,0,1,0,1,0,0,150,2,12,1
825446,1,1,0,0,0,0,150,2,12,1
825814,0,1,1,0,1,0,150,2,12,1
825887,1,0,0,1,1,0,150,2,12,1
825927,0,1,0,1,0,0,150,2,12,1
825975,1,0,0,1,1,0,150,2,12,1
826003,1,1,1,1,1,0,150,2,12,1
826117,1,0,0,1,1,0,150,2,12,1
826123,1,1,0,0,0,0,150,2,12,1
826600,1,0,1,0,0,0,150,2,12,1
826619,1,1,1,1,1,0,150,2,12,1
826675,1,0,0,1,1,0,150,2,12,1
826680,1,1,0,0,0,0,150,2,12,1
827476,0,0,1,1,0,0,150,2,12,1
828219,0,1,1,0,1,0,150,2,12,1
828582,0,1,0,1,0,0,150,2,12,1
828586,0,1,1,0,1,0,150,2,12,1
828861,1,0,0,1,1,0,150,2,12,1
829103,0,1,0,1,0,0,150,2,12,1
829113,0,0,1,1,0,0,150,2,12,1
829326,0,0,0,0,1,0,150,2,12,1
830060,1,1,1,1,1,0,150,2,12,1
830203,0,1,1,0,1,0,150,2,12,1
830282,1,0,0,1,1,0,150,2,12,1
830941,0,0,0,0,1,0,150,2,12,1
831325,0,1,0,1,0,0,150,2,12,1
831449,1,0,1,0,0,0,150,2,12,1
831459,0,1,0,1,0,0,150,2,12,1
831721,0,0,1,1,0,0,150,2,12,1
831770,0,0,1,1,0,0,150,2,12,1
831877,0,1,0,1,0,0,150,2,12,1
832119,0,1,1,0,1,0,150,2,12,1
832404,1,0,1,0,0,0,150,2,12,1
832473,0,1,0,1,0,0,150,2,12,1
832981,0,1,0,1,0,0,150,2,12,1
832990,0,1,1,0,1,0,150,2,12,1
833078,0,0,0,0,1,0,150,2,12,1
833817,1,1,0,0,0,0,150,2,12,1
834419,0,0,1,1,0,0,150,2,12,1
834832,0,0,1,1,0,0,150,2,12,1
835294,1,1,1,1,1,0,150,2,12,1
835613,0,0,0,0,1,0,150,2,12,1
835640,1,0,0,1,1,0,150,2,12,1
835720,1,1,0,0,0,0,150,2,12,1
836288,1,0,0,1,1,0,150,2,12,1
836323,0,0,0,0,1,0,150,2,12,1
836360,0,1,1,0,1,0,150,2,12,1
836370,0,0,0,0,1,0,150,2,12,1
836469,1,1,1,1,1,0,150,2,12,1
836547,0,1,0,0,0,0,150,2,12,1
836624,0,1,0,1,0,0,150,2,12,1
836697,0,0,0,0,1,0,150,2,12,1
837378,0,1,0,1,0,0,150,2,12,1
837595,0,1,0,1,0,0,150,2,12,1
837853,0,1,0,1,0,0,150,2,12,1
837882,1,0,0,1,1,0,150,2,12,1
837918,0,0,0,0,1,0,150,2,12,1
838069,1,0,1,1,0,0,150,2,12,1
839121,0,1,0,1,0,0,150,2,12,1
839162,0,1,0,1,0,0,150,2,12,1
839192,1,0,1,0,0,0,150,2,12,1
839544,1,0,1,0,0,0,150,2,12,1
839670,0,1,0,1,0,0,150,2,12,1
839910,1,1,0,0,0,0,150,2,12,1
839953,0,1,0,1,0,0,150,2,12,1
841438,0,1,0,1,0,0,150,2,12,1
841492,0,1,0,1,0,0,150,2,12,1
841932,0,0,1,1,0,0,150,2,12,1
842234,0,1,0,1,0,0,150,2,12,1
842918,1,1,1,1,1,0,150,2,12,1
843904,0,0,1,1,0,0,150,2,12,1
844637,1,1,0,0,0,0,150,2,12,1
845141,0,0,1,1,0,0,150,2,12,1
845384,0,1,0,1,0,0,150,2,12,1
846024,0,0,0,0,1,0,150,2,12,1
846426,0,1,0,1,0,0,150,2,12,1
846503,1,0,1,0,0,0,150,2,12,1
846898,0,1,0,1,0,0,150,2,12,1
847181,0,0,0,0,1,0,150,2,12,1
847301,0,0,0,0,1,0,150,2,12,1
848143,1,1,0,0,0,0,150,2,12,1
848202,0,0,1,1,0,0,150,2,12,1
848561,1,0,0,1,1,0,150,2,12,1
848625,1,1,1,1,1,0,150,2,12,1
848644,0,1,1,0,1,0,150,2,12,1
848819,1,1,0,0,0,0,150,2,12,1
848888,0,1,0,1,0,0,150,2,12,1
849282,0,0,1,1,0,0,150,2,12,1
849367,0,1,1,1,1,1,150,2,12,1
849632,0,0,0,0,1,0,150,2,12,1
849776,0,1,0,1,0,0,150,2,12,1
849824,1,1,1,1,1,0,150,2,12,1
849958,1,0,0,1,1,0,150,2,12,1
850398,0,0,1,1,0,0,150,2,12,1
850472,0,0,1,1,0,0,150,2,12,1
850552,1,0,1,0,0,0,150,2,12,1
850673,0,0,0,0,1,0,150,2,12,1
850774,0,0,1,1,0,0,150,2,12,1
850858,0,1,1,0,1,0,150,2,12,1
851207,0,0,1,1,0,0,150,2,12,1
851511,1,0,0,1,1,0,150,2,12,1
851951,1,0,0,1,1,0,150,2,12,1
852013,0,0,0,0,1,0,107,2,12,1
852483,1,0,1,0,0,0,107,2,12,1
852500,0,0,0,0,1,0,107,2,12,1
852571,0,0,1,1,0,0,107,2,12,1
853545,1,0,1,0,0,0,107,2,12,1
853826,0,1,1,0,1,0,107,2,12,1
853951,1,0,0,1,1,0,107,2,12,1
854774,1,1,0,0,0,0,107,2,12,1
855135,1,1,0,0,0,0,107,2,12,1
855720,0,0,0,0,1,0,107,2,12,1
857050,0,1,0,1,0,0,107,2,12,1
857577,1,0,0,1,1,0,107,2,12,1
857670,1,1,1,1,1,0,107,2,12,1
857928,1,1,1,1,1,0,107,2,12,1
858872,1,1,1,1,1,0,107,2,12,1
859536,0,1,0,1,0,0,107,2,12,1
860203,1,1,1,1,1,0,107,2,12,1
860308,1,1,0,0,0,0,107,2,12,1
860541,0,0,0,0,1,0,107,2,12,1
860549,1,1,1,1,1,0,107,2,12,1
860888,1,1,0,0,0,0,107,2,12,1
860986,1,0,0,1,1,0,107,2,12,1
861409,0,0,1,1,0,0,107,2,12,1
861512,0,0,0,0,1,0,107,2,12,1
861624,0,1,1,0,1,0,107,2,12,1
861764,0,1,0,1,0,0,107,2,12,1
862143,1,1,1,1,1,0,107,2,12,1
863748,0,0,1,1,0,0,107,2,12,1
863769,0,1,0,1,0,0,107,2,12,1
864978,1,0,0,1,1,0,107,2,12,1
865052,0,1,0,1,0,0,107,2,12,1
865129,0,1,1,0,1,0,107,2,12,1
865364,0,1,0,1,0,0,107,2,12,1
865758,0,1,1,1,1,1,107,2,12,1
865957,0,0,0,0,1,0,107,2,12,1
866351,0,1,0,1,0,0,107,2,12,1
866449,1,1,1,1,1,0,107,2,12,1
866692,1,1,0,0,0,0,107,2,12,1
866768,1,1,0,0,0,0,107,2,12,1
867078,1,0,1,0,0,0,107,2,12,1
867096,0,0,0,0,1,0,107,2,12,1
867158,0,1,1,0,1,0,107,2,12,1
868348,1,0,0,1,1,0,107,2,12,1
868395,0,1,0,1,0,0,107,2,12,1
868810,0,1,1,0,1,0,107,2,12,1
869609,1,0,1,0,0,0,107,2,12,1
869642,0,1,0,1,0,0,107,2,12,1
869743,1,1,1,1,1,0,107,2,12,1
869934,0,1,0,1,0,0,107,2,12,1
870057,0,1,1,0,1,0,107,2,12,1
870092,1,1,1,1,1,0,107,2,12,1
870110,1,0,0,1,1,0,107,2,12,1
870246,1,0,0,1,1,0,107,2,12,1
870451,0,1,1,0,1,0,107,2,12,1
870612,0,1,1,0,1,0,107,2,12,1
870653,1,1,1,1,1,0,107,2,12,1
870721,0,1,0,1,0,0,107,2,12,1
870858,1,1,0,0,0,0,107,2,12,1
870964,1,1,1,1,1,0,107,2,12,1
871140,1,0,0,1,1,0,107,2,12,1
871687,0,0,0,0,1,0,107,2,12,1
871703,0,0,1,0,0,0,107,2,12,1
871981,0,0,0,0,1,0,107,2,12,1
873865,1,0,1,0,0,0,107,2,12,1
873941,1,0,1,0,0,0,107,2,12,1
874007,0,0,1,0,0,0,107,2,12,1
874489,0,0,0,0,1,0,107,2,12,1
874812,0,0,1,1,0,0,107,2,12,1
875279,0,1,0,1,0,0,107,2,12,1
876019,0,0,0,0,1,0,107,2,12,1
877666,1,0,0,1,1,0,107,2,12,1
877726,0,0,0,0,1,0,107,2,12,1
879734,0,1,1,0,1,0,107,2,12,1
880484,0,1,0,1,0,0,107,2,12,1
880680,0,1,1,0,1,0,107,2,12,1
881436,0,0,0,0,1,0,107,2,12,1
881479,1,0,1,0,0,0,107,2,12,1
881514,0,1,1,0,1,0,107,2,12,1
882203,1,0,0,1,1,0,107,2,12,1
882533,1,1,0,0,0,0,107,2,12,1
883157,1,0,0,1,1,0,107,2,12,1
883447,0,0,1,1,0,0,107,2,12,1
884450,1,1,1,1,1,0,107,2,12,1
884816,1,1,0,0,0,0,107,2,12,1
884916,0,0,0,0,1,0,107,2,12,1
885887,1,0,0,1,1,0,107,2,12,1
886465,0,1,0,1,0,0,107,2,12,1
887260,1,0,0,1,1,0,107,2,12,1
887294,1,0,1,0,0,0,107,2,12,1
887814,0,0,0,0,1,0,107,2,12,1
888827,1,0,0,1,1,0,107,2,12,1
889112,0,0,0,0,1,0,107,2,12,1
890144,1,1,0,0,0,0,107,2,12,1
890470,0,0,0,0,1,0,107,2,12,1
890569,1,0,1,0,0,0,107,2,12,1
890763,0,0,1,1,0,0,107,2,12,1
891333,1,1,0,0,0,0,107,2,12,1
891904,1,0,1,0,0,0,107,2,12,1
891910,0,1,1,0,1,0,107,2,12,1
892089,0,0,1,1,0,0,107,2,12,1
892126,0,1,0,1,0,0,107,2,12,1
892264,0,0,0,0,1,0,107,2,12,1
892359,1,0,1,0,0,0,107,2,12,1
892444,1,1,1,0,1,1,107,2,12,1
892613,0,0,0,0,1,0,107,2,12,1
892629,1,0,1,0,0,0,107,2,12,1
892848,0,0,0,0,1,0,107,2,12,1
892956,0,1,0,0,0,0,107,2,12,1
893169,1,1,0,0,0,0,107,2,12,1
894375,0,1,1,0,1,0,107,2,12,1
894640,1,1,1,1,1,0,107,2,12,1
894684,1,1,0,0,0,0,107,2,12,1
894763,0,1,1,0,1,0,107,2,12,1
895013,1,1,0,0,0,0,107,2,12,1
895242,0,0,0,0,1,0,107,2,12,1
895598,1,1,0,0,0,0,107,2,12,1
896136,1,1,1,1,1,0,107,2,12,1
896162,1,0,0,1,1,0,107,2,12,1
896680,0,0,0,0,1,0,107,2,12,1
897190,0,1,0,1,0,0,107,2,12,1
897262,1,0,1,0,0,0,107,2,12,1
897578,1,1,1,1,1,0,107,2,12,1
897893,0,0,0,0,1,0,107,2,12,1
898151,1,1,1,1,1,0,107,2,12,1
898588,0,1,1,1,1,1,107,2,12,1
898714,1,0,1,0,0,0,107,2,12,1
900727,0,1,1,0,1,0,107,2,12,1
901265,1,1,1,1,1,0,107,2,12,1
901375,0,0,0,0,1,0,107,2,12,1
901395,1,1,0,0,0,0,107,2,12,1
901994,0,1,0,1,0,0,107,2,12,1
902393,0,0,0,0,1,0,107,2,12,1
903047,0,1,0,1,0,0,107,2,12,1
903278,1,0,1,0,0,0,107,2,12,1
903397,1,0,0,1,1,0,107,2,12,1
903760,1,1,1,1,1,0,107,2,12,1
904128,1,0,0,1,1,0,107,2,12,1
904183,1,0,0,1,1,0,107,2,12,1
904245,0,0,1,1,0,0,107,2,12,1
904382,1,0,0,1,1,0,107,2,12,1
904447,1,0,0,1,1,0,107,2,12,1
904673,0,0,1,1,0,0,107,2,12,1
904759,0,0,0,0,1,0,107,2,12,1
905075,1,1,1,1,1,0,107,2,12,1
905119,1,1,0,0,0,0,107,2,12,1
905265,1,0,0,1,1,0,107,2,12,1
905562,1,1,1,1,1,0,107,2,12,1
905637,1,1,1,1,1,0,107,2,12,1
905897,0,0,1,1,0,0,107,2,12,1
906112,1,0,1,0,0,0,107,2,12,1
906206,1,0,0,1,1,0,107,2,12,1
906405,1,0,1,0,0,0,107,2,12,1
906841,1,0,1,0,0,0,107,2,12,1
907394,0,1,1,0,1,0,107,2,12,1
907764,1,0,1,0,0,0,107,2,12,1
907889,1,1,1,1,1,0,107,2,12,1
908242,1,1,1,1,1,0,107,2,12,1
908957,1,1,1,1,1,0,107,2,12,1
908979,0,0,1,1,0,0,107,2,12,1
909551,1,1,1,1,1,0,107,2,12,1
909752,1,1,1,1,1,0,107,2,12,1
909828,1,0,0,1,1,0,107,2,12,1
909972,1,1,0,0,0,0,107,2,12,1
910076,1,0,1,1,0,0,107,2,12,1
910345,1,1,1,1,1,0,107,2,12,1
910449,1,1,0,0,0,0,107,2,12,1
911028,1,0,1,0,0,0,107,2,12,1
911543,0,0,1,1,0,0,107,2,12,1
911776,0,0,0,0,1,0,107,2,12,1
911994,1,0,0,1,1,0,107,2,12,1
912504,1,1,0,0,0,0,107,2,12,1
913126,1,0,1,0,0,0,107,2,12,1
913557,1,0,1,0,0,0,107,2,12,1
914344,1,1,1,1,1,0,107,2,12,1
914571,0,1,1,0,1,0,107,2,12,1
914581,0,1,0,1,0,0,107,2,12,1
914976,1,0,0,1,1,0,107,2,12,1
915899,0,1,0,1,0,0,107,2,12,1
916079,0,1,0,1,0,0,107,2,12,1
916145,1,0,1,0,0,0,107,2,12,1
916918,1,1,1,1,1,0,107,2,12,1
917218,1,0,1,0,0,0,107,2,12,1
917286,0,0,1,1,0,0,107,2,12,1
917575,1,0,1,0,0,0,134,1,12,1
917944,0,0,1,1,0,0,134,1,12,1
918498,0,0,1,1,0,0,134,1,12,1
918651,0,1,1,0,1,0,134,1,12,1
918680,0,0,1,1,0,0,134,1,12,1
919556,0,0,0,1,1,1,134,1,12,1
920406,1,0,0,1,1,0,134,1,12,1
920757,1,0,1,0,0,0,134,1,12,1
920927,1,0,0,1,1,0,134,1,12,1
921248,0,1,0,1,0,0,134,1,12,1
921367,1,1,0,0,0,0,134,1,12,1
921855,1,0,1,0,0,0,134,1,12,1
921911,0,1,1,0,1,0,134,1,12,1
923063,1,1,1,1,1,0,134,1,12,1
923353,0,1,0,1,0,0,134,1,12,1
923916,0,1,0,1,0,0,134,1,12,1
924012,1,1,1,1,1,0,134,1,12,1
924119,0,1,1,0,1,0,134,1,12,1
924333,1,0,1,0,0,0,134,1,12,1
924968,0,0,0,0,1,0,134,1,12,1
925308,1,0,0,1,1,0,134,1,12,1
926054,0,0,0,0,1,0,134,1,12,1
926165,1,0,0,1,1,0,134,1,12,1
926186,1,0,1,0,0,0,134,1,12,1
926771,1,1,1,1,1,0,134,1,12,1
926869,0,0,0,0,1,0,134,1,12,1
926871,0,0,1,1,0,0,134,1,12,1
926882,0,0,1,1,0,0,134,1,12,1
927280,1,0,0,1,1,0,134,1,12,1
927607,1,0,1,0,0,0,134,1,12,1
927702,1,1,1,1,1,0,134,1,12,1
928037,1,1,0,0,0,0,134,1,12,1
928074,0,1,1,0,1,0,134,1,12,1
928869,0,1,0,1,0,0,134,1,12,1
929533,1,1,0,0,0,0,134,1,12,1
929931,0,0,1,1,0,0,134,1,12,1
930094,1,1,0,0,0,0,134,1,12,1
930220,0,1,1,0,1,0,134,1,12,1
930375,0,1,1,0,1,0,134,1,12,1
930408,1,1,0,0,0,0,134,1,12,1
930912,0,0,1,1,0,0,134,1,12,1
931070,0,0,0,0,1,0,134,1,12,1
931077,1,1,1,1,1,0,134,1,12,1
931516,1,1,1,1,1,0,134,1,12,1
931608,1,1,0,0,0,0,134,1,12,1
932071,0,0,1,0,0,0,134,1,12,1
932137,0,0,1,1,0,0,134,1,12,1
932365,0,0,0,0,1,0,134,1,12,1
932419,0,0,1,1,0,0,134,1,12,1
932882,0,1,0,1,0,0,134,1,12,1
933081,1,1,1,1,1,0,134,1,12,1
933528,1,0,1,0,0,0,134,1,12,1
933690,1,1,1,1,1,0,134,1,12,1
934792,0,0,0,0,1,0,134,1,12,1
934999,0,1,1,1,1,1,134,1,12,1
935773,0,1,1,0,1,0,134,1,12,1
936358,1,0,1,1,0,0,134,1,12,1
936547,1,1,1,1,1,0,134,1,12,1
936714,0,0,0,0,1,0,134,1,12,1
936821,1,1,0,0,0,0,134,1,12,1
937159,0,0,1,1,0,0,134,1,12,1
937546,1,0,0,1,1,0,134,1,12,1
937800,0,0,1,1,0,0,134,1,12,1
937938,0,0,1,1,0,0,134,1,12,1
938322,1,1,0,0,0,0,134,1,12,1
938422,0,1,0,1,0,0,134,1,12,1
938728,0,1,0,1,0,0,134,1,12,1
938743,0,0,0,0,1,0,134,1,12,1
938752,1,1,1,1,1,0,134,1,12,1
938893,1,0,1,0,0,0,134,1,12,1
938951,0,0,0,1,1,1,134,1,12,1
939383,0,0,0,1,1,1,134,1,12,1
939944,1,1,1,1,1,0,134,1,12,1
940050,1,0,0,1,1,0,134,1,12,1
940427,1,0,1,0,0,0,134,1,12,1
940941,0,0,1,1,0,0,134,1,12,1
941765,1,1,0,0,0,0,134,1,12,1
941834,1,0,1,0,0,0,134,1,12,1
942156,0,1,1,0,1,0,134,1,12,1
942688,0,0,1,1,0,0,134,1,12,1
942753,0,0,1,1,0,0,134,1,12,1
942767,0,0,0,0,1,0,134,1,12,1
943560,1,1,1,1,1,0,134,1,12,1
944217,1,0,0,1,1,0,134,1,12,1
944845,1,1,1,1,1,0,134,1,12,1
944957,1,1,0,0,0,0,134,1,12,1
945162,1,1,0,1,0,0,134,1,12,1
945494,1,1,1,1,1,0,134,1,12,1
945973,1,0,0,1,1,0,134,1,12,1
946203,0,0,1,1,0,0,134,1,12,1
946510,0,0,1,1,0,0,134,1,12,1
946794,1,0,1,0,0,0,134,1,12,1
946843,0,0,1,1,0,0,134,1,12,1
946859,0,1,1,0,1,0,134,1,12,1
947265,0,1,0,1,0,0,134,1,12,1
947286,1,1,1,1,1,0,134,1,12,1
947502,1,0,1,0,0,0,134,1,12,1
947914,1,1,0,0,0,0,134,1,12,1
948039,1,0,0,1,1,0,134,1,12,1
948327,0,0,1,0,0,0,134,1,12,1
948567,1,1,0,0,0,0,134,1,12,1
949122,0,1,0,1,0,0,134,1,12,1
949563,1,0,0,1,1,0,134,1,12,1
949565,0,1,1,0,1,0,134,1,12,1
950036,1,1,1,1,1,0,134,1,12,1
950041,0,0,0,0,1,0,134,1,12,1
950399,0,0,1,1,0,0,134,1,12,1
951069,0,0,1,1,0,0,134,1,12,1
952212,0,1,1,0,1,0,134,1,12,1
952920,1,0,1,0,0,0,134,1,12,1
953284,1,0,1,0,0,0,134,1,12,1
953808,0,1,1,0,1,0,134,1,12,1
954206,0,1,1,0,1,0,134,1,12,1
954318,1,0,1,0,0,0,134,1,12,1
954596,0,1,1,0,1,0,134,1,12,1
954889,0,0,0,0,1,0,134,1,12,1
955087,0,1,0,1,0,0,134,1,12,1
955143,0,1,0,1,0,0,134,1,12,1
955415,1,1,0,0,0,0,134,1,12,1
955450,0,0,0,0,1,0,134,1,12,1
955682,1,0,0,1,1,0,134,1,12,1
955906,1,0,0,1,1,0,134,1,12,1
956212,1,1,1,1,1,0,134,1,12,1
956443,1,0,0,1,1,0,134,1,12,1
956454,1,1,0,0,0,0,134,1,12,1
956597,1,0,0,1,1,0,134,1,12,1
956713,1,1,0,0,0,0,134,1,12,1
957315,0,1,0,1,0,0,134,1,12,1
957443,0,1,1,0,1,0,134,1,12,1
957571,1,1,0,0,0,0,134,1,12,1
957647,0,0,0,0,1,0,134,1,12,1
957702,0,1,1,0,1,0,134,1,12,1
957713,1,1,1,1,1,0,134,1,12,1
958048,1,1,1,1,1,0,134,1,12,1
958719,0,0,1,1,0,0,134,1,12,1
959239,1,0,1,0,0,0,134,1,12,1
959258,0,0,1,1,0,0,134,1,12,1
959496,1,0,0,1,1,0,134,1,12,1
959700,1,0,0,0,1,1,134,1,12,1
960434,0,0,1,1,0,0,134,1,12,1
960906,0,0,1,1,0,0,134,1,12,1
960946,1,0,0,1,1,0,134,1,12,1
961067,1,0,1,0,0,0,134,1,12,1
961166,1,0,0,1,1,0,134,1,12,1
961261,1,0,0,1,1,0,134,1,12,1
961518,1,0,1,0,0,0,134,1,12,1
961595,0,0,0,0,1,0,134,1,12,1
961611,0,1,1,0,1,0,134,1,12,1
961895,1,1,1,1,1,0,134,1,12,1
962187,0,0,1,1,0,0,134,1,12,1
962236,1,0,0,1,1,0,134,1,12,1
962995,0,1,0,1,0,0,134,1,12,1
963193,1,0,0,1,1,0,134,1,12,1
963490,0,1,0,1,0,0,134,1,12,1
963593,0,1,0,1,0,0,134,1,12,1
964120,0,1,1,0,1,0,134,1,12,1
964307,1,0,0,1,1,0,134,1,12,1
964338,1,0,0,1,1,0,134,1,12,1
964770,1,1,1,1,1,0,134,1,12,1
965400,0,1,1,0,1,0,134,1,12,1
965556,0,0,1,1,0,0,134,1,12,1
965909,0,1,1,0,1,0,134,1,12,1
965993,0,1,0,1,0,0,134,1,12,1
966144,0,1,0,0,0,0,134,1,12,1
967244,1,0,1,0,0,0,134,1,12,1
967370,1,1,1,1,1,0,134,1,12,1
967714,0,1,1,0,1,0,134,1,12,1
967819,0,0,1,1,0,0,134,1,12,1
968192,0,0,0,0,1,0,134,1,12,1
968260,0,0,1,1,0,0,134,1,12,1
968310,0,0,0,0,1,0,134,1,12,1
968384,0,0,1,1,0,0,134,1,12,1
968433,1,0,0,1,1,0,134,1,12,1
968438,1,1,0,0,0,0,134,1,12,1
968701,1,0,1,0,0,0,134,1,12,1
968745,1,0,0,1,1,0,134,1,12,1
968877,1,0,0,1,1,0,134,1,12,1
968897,1,1,0,0,0,0,134,1,12,1
968993,0,0,1,1,0,0,134,1,12,1
969113,0,0,1,1,0,0,134,1,12,1
969275,1,1,1,1,1,0,134,1,12,1
969344,0,0,0,0,1,0,134,1,12,1
969526,1,0,1,0,0,0,134,1,12,1
969613,0,1,0,1,0,0,134,1,12,1
969684,0,1,1,0,1,0,134,1,12,1
969810,1,0,1,0,0,0,134,1,12,1
970152,1,0,1,0,0,0,134,1,12,1
970477,0,0,1,1,0,0,134,1,12,1
970796,0,0,0,0,1,0,134,1,12,1
971718,0,1,1,0,1,0,134,1,12,1
971892,1,1,1,1,1,0,134,1,12,1
971988,0,1,0,0,0,0,134,1,12,1
972015,1,1,1,1,1,0,134,1,12,1
972050,0,1,1,0,1,0,134,1,12,1
972207,1,1,0,0,0,0,134,1,12,1
972356,0,1,0,1,0,0,134,1,12,1
972495,1,0,0,1,1,0,134,1,12,1
972501,1,1,1,1,1,0,134,1,12,1
972937,1,0,0,1,1,0,134,1,12,1
973295,0,1,1,0,1,0,134,1,12,1
973336,1,1,1,1,1,0,134,1,12,1
974101,1,0,1,0,0,0,134,1,12,1
974157,0,1,0,1,0,0,134,1,12,1
974593,0,0,0,0,1,0,134,1,12,1
974598,0,1,1,0,1,0,134,1,12,1
974703,0,1,1,0,1,0,134,1,12,1
974745,0,0,0,0,1,0,134,1,12,1
974835,0,0,0,0,1,0,134,1,12,1
974850,1,1,0,0,0,0,134,1,12,1
975063,1,0,0,1,1,0,134,1,12,1
975288,0,1,0,1,0,0,134,1,12,1
975380,0,1,1,0,1,0,134,1,12,1
975941,1,1,0,0,0,0,134,1,12,1
976040,0,0,1,1,0,0,134,1,12,1
976362,1,0,1,0,0,0,134,1,12,1
976415,0,0,1,1,0,0,134,1,12,1
976812,1,0,0,1,1,0,134,1,12,1
976870,1,1,1,1,1,0,134,1,12,1
977088,1,0,0,1,1,0,134,1,12,1
977507,0,1,1,0,1,0,134,1,12,1
977668,0,1,0,1,0,0,134,1,12,1
977958,0,0,1,0,0,0,134,1,12,1
978037,1,1,0,0,0,0,134,1,12,1
978249,0,1,0,1,0,0,134,1,12,1
978601,0,0,1,1,0,0,134,1,12,1
978873,0,0,0,0,1,0,134,1,12,1
979228,0,1,0,1,0,0,134,1,12,1
979307,1,1,0,0,0,0,134,1,12,1
979458,0,0,0,0,1,0,134,1,12,1
979628,1,0,1,0,0,0,134,1,12,1
980043,0,0,0,0,1,0,134,1,12,1
980348,1,1,0,0,0,0,134,1,12,1
980359,1,0,1,0,0,0,134,1,12,1
980365,1,1,0,0,0,0,134,1,12,1
980421,0,1,0,1,0,0,134,1,12,1
980494,1,1,1,1,1,0,134,1,12,1
980586,0,0,1,1,0,0,134,1,12,1
980937,0,1,1,0,1,0,134,1,12,1
981355,0,1,0,0,0,0,134,1,12,1
981372,1,1,1,1,1,0,134,1,12,1
981520,0,0,0,0,1,0,134,1,12,1
981697,0,0,1,0,0,0,134,1,12,1
981825,0,0,1,1,0,0,134,1,12,1
981948,1,1,0,0,0,0,134,1,12,1
981983,1,0,0,1,1,0,134,1,12,1
982080,1,0,1,0,0,0,134,1,12,1
982084,0,1,0,1,0,0,134,1,12,1
982106,1,0,0,1,1,0,134,1,12,1
982201,0,0,1,1,0,0,134,1,12,1
982274,0,1,0,1,0,0,134,1,12,1
983406,1,1,1,1,1,0,91,1,9,1
983717,1,1,1,1,1,0,91,1,9,1
984120,1,1,1,1,1,0,91,1,9,1
984342,0,1,0,1,0,0,91,1,9,1
984531,1,1,1,1,1,0,91,1,9,1
984619,1,1,1,1,1,0,91,1,9,1
984780,0,1,1,0,1,0,91,1,9,1
984913,1,1,1,1,1,0,91,1,9,1
985001,1,1,1,1,1,0,91,1,9,1
985965,0,0,0,0,1,0,91,1,9,1
986312,1,1,1,1,1,0,91,1,9,1
987125,0,0,0,0,1,0,91,1,9,1
987561,0,1,0,1,0,0,91,1,9,1
987677,1,0,1,0,0,0,91,1,9,1
987952,0,1,1,0,1,0,91,1,9,1
989249,1,0,0,1,1,0,91,1,9,1
989491,1,0,1,0,0,0,91,1,9,1
989745,1,1,1,1,1,0,91,1,9,1
989970,1,0,0,1,1,0,91,1,9,1
990175,0,1,1,0,1,0,91,1,9,1
991235,0,0,0,0,1,0,91,1,9,1
991369,1,0,0,1,1,0,91,1,9,1
992125,0,0,1,1,0,0,91,1,9,1
992387,0,0,1,1,0,0,91,1,9,1
992490,0,1,1,0,1,0,91,1,9,1
992664,1,0,1,0,0,0,91,1,9,1
992981,0,1,1,0,1,0,91,1,9,1
993388,1,1,0,0,0,0,91,1,9,1
993625,1,0,1,0,0,0,91,1,9,1
993736,0,1,0,1,0,0,91,1,9,1
994140,1,0,0,1,1,0,91,1,9,1
994342,0,1,0,1,0,0,91,1,9,1
994427,1,1,1,1,1,0,91,1,9,1
994733,0,0,1,1,0,0,91,1,9,1
995360,0,1,1,0,1,0,91,1,9,1
995676,1,0,0,0,1,1,91,1,9,1
995865,0,0,1,1,0,0,91,1,9,1
997142,0,0,1,1,0,0,91,1,9,1
997964,0,1,1,0,1,0,91,1,9,1
998083,1,0,1,0,0,0,91,1,9,1
998135,0,0,0,0,1,0,91,1,9,1
998217,0,0,1,1,0,0,91,1,9,1
998697,1,0,0,1,1,0,91,1,9,1
998721,1,1,0,0,0,0,91,1,9,1
999902,1,0,0,1,1,0,91,1,9,1
1000137,1,1,0,0,0,0,91,1,9,1
1000250,1,1,0,0,0,0,91,1,9,1
1000405,1,1,0,0,0,0,91,1,9,1
1000999,0,1,0,1,0,0,91,1,9,1
1001194,1,1,0,0,0,0,91,1,9,1
1001250,1,1,1,1,1,0,91,1,9,1
1001726,0,0,1,1,0,0,91,1,9,1
1003884,0,1,1,0,1,0,91,1,9,1
1003901,1,0,1,0,0,0,91,1,9,1
1003947,0,0,1,1,0,0,91,1,9,1
1004079,1,0,0,1,1,0,91,1,9,1
1004147,1,1,1,1,1,0,91,1,9,1
1004727,1,1,1,1,1,0,91,1,9,1
1005002,0,0,0,0,1,0,91,1,9,1
1005252,1,0,1,0,0,0,91,1,9,1
1006335,1,1,0,0,0,0,91,1,9,1
1007517,1,1,0,0,0,0,91,1,9,1
1008445,0,0,0,0,1,0,91,1,9,1
1008658,1,1,0,0,0,0,91,1,9,1
1009561,0,0,1,1,0,0,91,1,9,1
1009848,1,1,0,0,0,0,91,1,9,1
1010850,0,1,1,0,1,0,91,1,9,1
1011755,0,0,1,1,0,0,91,1,9,1
1012073,0,0,0,0,1,0,91,1,9,1
1012622,0,0,0,0,1,0,91,1,9,1
1012677,1,1,1,1,1,0,91,1,9,1
1013177,1,1,1,1,1,0,91,1,9,1
1013247,1,0,1,0,0,0,91,1,9,1
1013594,1,0,0,1,1,0,91,1,9,1
1013732,0,1,1,0,1,0,91,1,9,1
1014284,0,0,0,0,1,0,91,1,9,1
1014505,1,1,0,0,0,0,91,1,9,1
1014904,0,1,0,1,0,0,91,1,9,1
1014982,0,1,0,1,0,0,91,1,9,1
1016317,1,1,1,1,1,0,91,1,9,1
1016453,0,0,1,1,0,0,91,1,9,1
1016703,0,0,0,0,1,0,91,1,9,1
1017119,0,1,0,0,0,0,91,1,9,1
1017773,0,0,1,1,0,0,91,1,9,1
1018611,0,0,0,0,1,0,91,1,9,1
1019259,1,0,0,1,1,0,91,1,9,1
1019566,0,0,0,0,1,0,91,1,9,1
1020231,0,0,0,0,1,0,91,1,9,1
1021907,1,0,1,0,0,0,91,1,9,1
1022011,0,0,0,0,1,0,91,1,9,1
1022716,1,1,0,0,0,0,91,1,9,1
1023267,0,0,0,0,1,0,91,1,9,1
1023497,0,0,0,0,1,0,91,1,9,1
1023558,1,0,0,1,1,0,91,1,9,1
1023941,1,0,0,1,1,0,91,1,9,1
1024539,1,0,1,1,0,0,91,1,9,1
1025546,0,0,1,1,0,0,91,1,9,1
1026280,0,0,0,0,1,0,91,1,9,1
1027190,0,1,0,1,0,0,91,1,9,1
1027354,0,0,0,0,1,0,91,1,9,1
1027599,1,1,0,0,0,0,91,1,9,1
1029472,1,1,0,0,0,0,91,1,9,1
1029559,0,1,1,0,1,0,91,1,9,1
1029960,1,0,1,0,0,0,91,1,9,1
1030274,1,0,1,0,0,0,91,1,9,1
1030750,1,0,0,1,1,0,91,1,9,1
1030836,1,0,0,1,1,0,91,1,9,1
1030946,0,1,1,0,1,0,91,1,9,1
1031252,1,1,1,1,1,0,91,1,9,1
1031534,0,0,1,1,0,0,91,1,9,1
1032678,0,1,0,1,0,0,91,1,9,1
1033684,1,1,1,1,1,0,91,1,9,1
1033816,0,0,1,1,0,0,91,1,9,1
1034312,1,1,1,1,1,0,91,1,9,1
1034533,0,1,1,1,1,1,91,1,9,1
1036124,0,1,0,1,0,0,91,1,9,1
1036433,0,0,0,0,1,0,91,1,9,1
1037992,1,1,0,0,0,0,91,1,9,1
1040502,1,1,0,0,0,0,91,1,9,1
1041411,1,0,1,0,0,0,91,1,9,1
1042018,0,1,0,1,0,0,91,1,9,1
1042028,1,0,0,1,1,0,91,1,9,1
1042147,1,1,0,0,0,0,91,1,9,1
1042442,1,1,0,0,0,0,91,1,9,1
1042711,1,0,1,0,0,0,91,1,9,1
1043310,1,0,1,0,0,0,91,1,9,1
1044277,0,0,1,1,0,0,91,1,9,1
1044314,0,0,0,0,1,0,91,1,9,1
1045582,1,1,1,1,1,0,91,1,9,1
1045901,1,1,1,1,1,0,91,1,9,1
1046383,1,1,1,1,1,0,91,1,9,1
1048443,1,0,0,1,1,0,91,1,9,1
1048547,0,1,1,0,1,0,91,1,9,1
1048930,0,1,1,0,1,0,142,1,9,1
1049115,1,1,1,1,1,0,142,1,9,1
1049881,1,1,0,0,0,0,142,1,9,1
1049885,0,1,1,0,1,0,142,1,9,1
1050087,0,1,0,1,0,0,142,1,9,1
1050129,1,1,0,1,0,0,142,1,9,1
1050373,1,0,0,1,1,0,142,1,9,1
1050691,1,1,1,1,1,0,142,1,9,1
1050779,1,0,1,0,0,0,142,1,9,1
1051117,1,1,0,0,0,0,142,1,9,1
1051136,1,1,1,1,1,0,142,1,9,1
1052043,1,1,1,1,1,0,142,1,9,1
1052099,0,1,0,1,0,0,142,1,9,1
1052130,0,0,0,0,1,0,142,1,9,1
1052212,1,1,0,0,0,0,142,1,9,1
1052250,0,0,1,1,0,0,142,1,9,1
1052411,1,1,0,0,0,0,142,1,9,1
1052537,1,0,0,1,1,0,142,1,9,1
1053057,1,0,0,1,1,0,142,1,9,1
1053159,0,1,0,1,0,0,142,1,9,1
1053517,1,0,0,1,1,0,142,1,9,1
1053560,1,0,0,1,1,0,142,1,9,1
1053637,1,1,1,1,1,0,142,1,9,1
1053768,0,1,1,0,1,0,142,1,9,1
1053963,1,1,0,0,0,0,142,1,9,1
1054233,1,0,0,1,1,0,142,1,9,1
1054286,1,1,0,0,0,0,142,1,9,1
1054620,0,1,1,0,1,0,142,1,9,1
1055032,1,1,0,0,0,0,142,1,9,1
1055106,1,1,1,1,1,0,142,1,9,1
1056413,0,1,0,1,0,0,142,1,9,1
1056494,1,0,0,1,1,0,142,1,9,1
1056632,0,1,0,1,0,0,142,1,9,1
1056713,1,0,0,1,1,0,142,1,9,1
1056922,1,1,1,1,1,0,142,1,9,1
1057197,1,0,0,1,1,0,142,1,9,1
1057380,0,0,1,1,0,0,142,1,9,1
1057691,0,0,0,0,1,0,142,1,9,1
1057700,0,0,0,0,1,0,142,1,9,1
1058208,0,0,0,0,1,0,142,1,9,1
1058990,1,0,1,0,0,0,142,1,9,1
1060131,1,1,0,0,0,0,142,1,9,1
1060152,0,0,0,0,1,0,142,1,9,1
1060388,1,1,0,0,0,0,142,1,9,1
1061041,0,1,0,1,0,0,142,1,9,1
1061173,0,0,1,1,0,0,142,1,9,1
1062199,1,0,1,0,0,0,142,1,9,1
1062282,0,0,1,1,0,0,142,1,9,1
1062992,1,1,0,0,0,0,142,1,9,1
1063009,0,1,0,1,0,0,142,1,9,1
1063088,0,0,0,0,1,0,142,1,9,1
1063388,1,0,0,1,1,0,142,1,9,1
1063652,0,1,1,0,1,0,142,1,9,1
1065285,0,1,0,1,0,0,142,1,9,1
1065784,1,0,1,0,0,0,142,1,9,1
1066072,0,1,1,0,1,0,142,1,9,1
1066521,0,1,1,0,1,0,142,1,9,1
1066552,0,0,0,0,1,0,142,1,9,1
1067172,0,1,0,1,0,0,142,1,9,1
1067763,1,1,0,0,0,0,142,1,9,1
1067972,0,0,0,0,1,0,142,1,9,1
1071048,1,1,1,1,1,0,142,1,9,1
1071774,0,0,0,0,1,0,142,1,9,1
1072288,0,1,1,1,1,1,142,1,9,1
1072884,1,0,1,0,0,0,142,1,9,1
1073307,0,1,1,1,1,1,142,1,9,1
1073654,1,1,0,0,0,0,142,1,9,1
1073840,0,0,0,0,1,0,142,1,9,1
1074190,0,0,1,1,0,0,142,1,9,1
1074196,0,1,0,1,0,0,142,1,9,1
1074864,0,0,1,1,0,0,142,1,9,1
1075357,1,0,1,0,0,0,142,1,9,1
1075549,0,0,1,1,0,0,142,1,9,1
1076499,0,1,1,0,1,0,142,1,9,1
1076712,0,1,1,0,1,0,142,1,9,1
1077221,1,1,1,1,1,0,142,1,9,1
1077229,0,1,0,1,0,0,142,1,9,1
1077340,0,1,0,1,0,0,142,1,9,1
1077438,1,1,0,1,0,0,142,1,9,1
1077588,0,1,1,0,1,0,142,1,9,1
1078754,0,1,0,1,0,0,142,1,9,1
1079277,0,0,1,0,0,0,142,1,9,1
1079763,0,1,0,1,0,0,142,1,9,1
1079894,0,0,0,0,1,0,142,1,9,1
1080274,0,1,1,0,1,0,142,1,9,1
1080329,0,1,0,1,0,0,142,1,9,1
1080338,0,1,0,1,0,0,142,1,9,1
1080539,0,0,1,1,0,0,142,1,9,1
1081697,0,1,0,1,0,0,142,1,9,1
1081708,1,1,0,0,0,0,142,1,9,1
1082654,0,1,1,0,1,0,142,1,9,1
1082712,1,0,1,0,0,0,142,1,9,1
1082917,0,1,1,0,1,0,142,1,9,1
1083125,1,0,0,1,1,0,142,1,9,1
1083382,0,0,1,1,0,0,142,1,9,1
1083658,1,0,0,1,1,0,142,1,9,1
1083667,0,0,1,0,0,0,142,1,9,1
1083891,0,0,1,1,0,0,142,1,9,1
1084042,0,0,1,1,0,0,142,1,9,1
1084406,1,0,1,0,0,0,142,1,9,1
1084653,1,1,0,0,0,0,142,1,9,1
1085137,1,0,0,1,1,0,142,1,9,1
1085362,0,1,0,1,0,0,142,1,9,1
1085380,0,0,0,0,1,0,142,1,9,1
1085873,0,0,0,0,1,0,142,1,9,1
1086824,0,1,1,0,1,0,142,1,9,1
1087592,1,0,0,1,1,0,142,1,9,1
1087628,0,1,0,1,0,0,142,1,9,1
1087673,0,1,0,1,0,0,142,1,9,1
1088024,0,0,0,0,1,0,142,1,9,1
1088092,0,0,1,1,0,0,142,1,9,1
1088282,0,0,0,0,1,0,142,1,9,1
1088450,1,1,1,1,1,0,142,1,9,1
1088476,0,1,1,0,1,0,142,1,9,1
1088628,1,1,0,0,0,0,142,1,9,1
1088758,1,0,0,1,1,0,142,1,9,1
1088876,0,1,0,1,0,0,142,1,9,1
1088985,0,1,1,0,1,0,142,1,9,1
1089881,0,1,1,0,1,0,142,1,9,1
1090145,0,1,0,1,0,0,142,1,9,1
1090417,1,0,1,0,0,0,142,1,9,1
1090834,1,0,1,0,0,0,142,1,9,1
1091885,1,1,0,1,0,0,142,1,9,1
1092524,0,1,1,0,1,0,142,1,9,1
1092912,1,0,1,0,0,0,142,1,9,1
1094154,0,0,1,1,0,0,142,1,9,1
1094295,0,0,0,0,1,0,142,1,9,1
1094343,1,1,0,0,0,0,142,1,9,1
1094971,1,0,0,1,1,0,142,1,9,1
1095341,0,0,0,0,1,0,142,1,9,1
1095449,1,0,0,1,1,0,142,1,9,1
1095696,0,0,0,1,1,1,142,1,9,1
1096016,1,1,1,1,1,0,142,1,9,1
1096318,0,1,0,1,0,0,142,1,9,1
1096420,1,1,0,0,0,0,142,1,9,1
1096669,0,1,1,0,1,0,142,1,9,1
1096915,1,0,1,0,0,0,142,1,9,1
1096982,0,0,1,1,0,0,142,1,9,1
1097848,1,1,0,0,0,0,142,1,9,1
1098125,0,0,0,0,1,0,142,1,9,1
1098796,1,1,1,1,1,0,142,1,9,1
1099679,1,1,1,1,1,0,142,1,9,1
1099684,1,0,1,1,0,0,142,1,9,1
1099871,0,1,1,0,1,0,142,1,9,1
1100111,0,0,1,1,0,0,142,1,9,1
1100711,0,1,1,0,1,0,142,1,9,1
1100802,0,0,0,0,1,0,142,1,9,1
1100980,1,1,1,1,1,0,142,1,9,1
1101929,0,0,0,0,1,0,142,1,9,1
1102166,0,0,0,0,1,0,142,1,9,1
1102609,1,1,0,0,0,0,142,1,9,1
1102879,1,1,1,1,1,0,142,1,9,1
1103611,0,0,1,1,0,0,142,1,9,1
1103650,0,1,1,0,1,0,142,1,9,1
1104775,0,1,1,0,1,0,142,1,9,1
1105527,0,0,1,1,0,0,142,1,9,1
1106668,1,0,1,0,0,0,142,1,9,1
1106713,0,0,1,1,0,0,142,1,9,1
1106793,1,0,1,0,0,0,142,1,9,1
1107476,0,0,0,0,1,0,142,1,9,1
1107876,0,0,1,1,0,0,142,1,9,1
1107886,1,1,1,1,1,0,142,1,9,1
1109239,1,1,1,1,1,0,142,1,9,1
1109406,0,1,0,1,0,0,142,1,9,1
1109581,1,1,1,1,1,0,142,1,9,1
1111946,0,1,0,1,0,0,142,1,9,1
1112093,1,1,1,1,1,0,142,1,9,1
1112559,0,1,1,0,1,0,142,1,9,1
1112744,1,0,0,1,1,0,142,1,9,1
1112777,1,0,1,0,0,0,142,1,9,1
1112798,1,0,0,1,1,0,142,1,9,1
1113140,1,0,1,0,0,0,142,1,9,1
1113223,0,0,1,1,0,0,142,1,9,1
1113308,1,0,1,0,0,0,142,1,9,1
1113418,1,0,1,0,0,0,142,1,9,1
1115577,1,0,1,0,0,0,118,1,9,1
1116732,0,1,1,0,1,0,118,1,9,1
1116974,1,0,1,0,0,0,118,1,9,1
1117612,0,0,0,0,1,0,118,1,9,1
1117624,0,1,1,0,1,0,118,1,9,1
1117642,1,1,0,0,0,0,118,1,9,1
1119239,0,0,1,1,0,0,118,1,9,1
1119325,1,1,1,1,1,0,118,1,9,1
1119574,1,0,0,0,1,1,118,1,9,1
1120097,1,0,1,0,0,0,118,1,9,1
1120613,1,0,0,1,1,0,118,1,9,1
1120682,1,1,1,1,1,0,118,1,9,1
1121303,0,1,1,0,1,0,118,1,9,1
1121307,1,1,0,0,0,0,118,1,9,1
1121389,0,0,0,0,1,0,118,1,9,1
1121487,0,1,0,1,0,0,118,1,9,1
1121516,0,1,1,0,1,0,118,1,9,1
1121627,1,0,1,0,0,0,118,1,9,1
1122437,1,0,1,0,0,0,118,1,9,1
1122550,1,0,1,0,0,0,118,1,9,1
1123338,1,0,0,1,1,0,118,1,9,1
1123401,0,0,0,0,1,0,118,1,9,1
1123634,0,0,0,0,1,0,118,1,9,1
1124238,0,1,1,0,1,0,118,1,9,1
1124256,0,1,0,1,0,0,118,1,9,1
1124407,1,1,1,0,1,1,118,1,9,1
1124468,1,1,0,0,0,0,118,1,9,1
1124820,1,0,1,0,0,0,118,1,9,1
1125247,1,0,0,1,1,0,118,1,9,1
1126143,1,0,1,0,0,0,118,1,9,1
1127661,1,1,0,0,0,0,118,1,9,1
1127724,1,1,1,1,1,0,118,1,9,1
1127759,0,0,0,0,1,0,118,1,9,1
1128481,1,1,1,1,1,0,118,1,9,1
1128617,0,0,1,0,0,0,118,1,9,1
1129117,1,1,0,0,0,0,118,1,9,1
1129446,0,1,1,0,1,0,118,1,9,1
1130008,1,1,1,1,1,0,118,1,9,1
1130209,0,0,0,0,1,0,118,1,9,1
1130594,0,0,1,1,0,0,118,1,9,1
1131520,1,1,0,0,0,0,118,1,9,1
1131886,0,0,0,0,1,0,118,1,9,1
1132051,1,0,0,1,1,0,118,1,9,1
1132458,0,0,1,1,0,0,118,1,9,1
1132816,0,0,0,0,1,0,118,1,9,1
1133177,0,0,1,1,0,0,118,1,9,1
1133993,0,1,0,1,0,0,118,1,9,1
1134091,0,1,0,1,0,0,118,1,9,1
1134244,0,1,1,0,1,0,118,1,9,1
1134294,0,1,1,0,1,0,118,1,9,1
1135117,0,0,0,0,1,0,118,1,9,1
1135490,1,0,0,1,1,0,118,1,9,1
1135519,0,1,1,0,1,0,118,1,9,1
1135590,1,1,1,1,1,0,118,1,9,1
1135603,1,1,0,0,0,0,118,1,9,1
1136119,1,0,1,0,0,0,118,1,9,1
1136340,0,1,0,1,0,0,118,1,9,1
1136530,0,1,1,0,1,0,118,1,9,1
1136713,1,0,0,1,1,0,118,1,9,1
1137336,1,1,0,0,0,0,118,1,9,1
1137449,0,0,0,0,1,0,118,1,9,1
1138088,0,1,1,0,1,0,118,1,9,1
1138784,1,1,1,1,1,0,118,1,9,1
1139390,1,0,0,1,1,0,118,1,9,1
1139638,0,0,0,0,1,0,118,1,9,1
1139998,1,1,1,1,1,0,118,1,9,1
1140081,1,1,0,0,0,0,118,1,9,1
1140401,1,0,0,1,1,0,118,1,9,1
1141254,1,1,1,1,1,0,118,1,9,1
1142388,0,1,1,0,1,0,118,1,9,1
1143306,1,1,0,0,0,0,118,1,9,1
1143368,1,1,0,0,0,0,118,1,9,1
1143684,1,0,0,1,1,0,118,1,9,1
1144205,1,1,0,0,0,0,118,1,9,1
1144281,0,0,1,1,0,0,118,1,9,1
1144542,1,1,0,0,0,0,118,1,9,1
1144613,0,0,1,1,0,0,118,1,9,1
1144836,1,1,0,0,0,0,118,1,9,1
1145310,1,1,0,0,0,0,118,1,9,1
1145545,0,0,0,0,1,0,118,1,9,1
1146211,0,1,0,1,0,0,118,1,9,1
1147615,0,1,0,1,0,0,118,1,9,1
1147952,0,0,1,1,0,0,118,1,9,1
1147997,0,0,1,1,0,0,118,1,9,1
1148858,0,0,0,0,1,0,118,1,9,1
1149241,0,0,1,1,0,0,118,1,9,1
1149635,1,0,0,1,1,0,118,1,9,1
1149657,1,1,1,1,1,0,118,1,9,1
1150570,1,0,0,1,1,0,118,1,9,1
1151853,1,0,1,0,0,0,118,1,9,1
1152151,1,1,1,1,1,0,118,1,9,1
1152343,1,0,0,1,1,0,118,1,9,1
1152858,1,0,0,1,1,0,118,1,9,1
1152879,0,0,1,1,0,0,118,1,9,1
1153136,1,0,1,1,0,0,118,1,9,1
1153753,0,1,0,1,0,0,118,1,9,1
1154074,1,1,0,0,0,0,118,1,9,1
1154847,0,0,1,1,0,0,118,1,9,1
1155483,1,1,0,0,0,0,118,1,9,1
1155513,0,1,0,1,0,0,118,1,9,1
1156350,1,0,0,1,1,0,118,1,9,1
1156383,0,1,0,1,0,0,118,1,9,1
1156817,0,0,1,1,0,0,118,1,9,1
1157582,0,0,1,1,0,0,118,1,9,1
1158343,0,1,0,1,0,0,118,1,9,1
1158642,0,1,1,0,1,0,118,1,9,1
1159502,1,0,1,0,0,0,118,1,9,1
1160249,0,0,1,1,0,0,118,1,9,1
1160265,0,1,1,0,1,0,118,1,9,1
1160719,1,1,1,1,1,0,118,1,9,1
1161545,0,1,1,0,1,0,118,1,9,1
1161570,0,1,0,1,0,0,118,1,9,1
1161650,1,0,0,1,1,0,118,1,9,1
1161966,0,0,0,0,1,0,118,1,9,1
1162449,0,1,1,0,1,0,118,1,9,1
1164595,1,0,0,1,1,0,118,1,9,1
1165488,0,1,1,0,1,0,118,1,9,1
1166660,1,1,0,0,0,0,118,1,9,1
1166728,1,0,0,1,1,0,118,1,9,1
1167002,0,1,1,0,1,0,118,1,9,1
1167125,0,0,0,0,1,0,118,1,9,1
1167549,0,0,1,1,0,0,118,1,9,1
1168140,1,0,0,1,1,0,118,1,9,1
1168339,0,1,1,0,1,0,118,1,9,1
1169138,1,1,0,0,0,0,118,1,9,1
1169186,0,1,0,1,0,0,118,1,9,1
1169550,0,1,0,1,0,0,118,1,9,1
1170501,0,1,1,0,1,0,118,1,9,1
1171190,1,1,0,0,0,0,118,1,9,1
1171465,0,1,1,0,1,0,118,1,9,1
1171803,0,1,0,1,0,0,118,1,9,1
1171882,1,1,0,0,0,0,118,1,9,1
1172027,1,1,1,1,1,0,118,1,9,1
1172095,0,1,0,1,0,0,118,1,9,1
1172174,0,1,0,1,0,0,118,1,9,1
1172813,0,0,0,0,1,0,118,1,9,1
1173245,0,1,0,1,0,0,118,1,9,1
1174914,1,0,1,0,0,0,118,1,9,1
1175101,0,1,1,0,1,0,118,1,9,1
1175126,0,1,1,0,1,0,118,1,9,1
1175400,0,1,0,1,0,0,118,1,9,1
1175636,1,1,1,1,1,0,118,1,9,1
1175719,1,0,1,0,0,0,118,1,9,1
1175796,0,0,1,1,0,0,118,1,9,1
1175946,0,0,1,1,0,0,118,1,9,1
1176002,0,0,1,1,0,0,118,1,9,1
1176458,0,1,0,1,0,0,118,1,9,1
1176494,0,1,0,1,0,0,118,1,9,1
1177168,0,1,1,1,1,1,118,1,9,1
1177330,1,1,0,0,0,0,118,1,9,1
1177356,1,0,0,1,1,0,118,1,9,1
1177743,1,0,1,0,0,0,118,1,9,1
1177922,0,1,0,1,0,0,118,1,9,1
1178975,1,0,1,0,0,0,118,1,9,1
1179442,0,1,1,0,1,0,118,1,9,1
1179621,1,0,1,0,0,0,118,1,9,1
1179935,1,0,0,1,1,0,162,1,9,1
1180340,1,0,0,0,1,1,162,1,9,1
1180484,0,1,1,0,1,0,162,1,9,1
1180741,0,1,1,0,1,0,162,1,9,1
1180756,0,1,1,0,1,0,162,1,9,1
1180758,1,0,0,1,1,0,162,1,9,1
1180763,1,1,0,0,0,0,162,1,9,1
1180975,1,0,0,1,1,0,162,1,9,1
1181488,0,0,1,1,0,0,162,1,9,1
1181546,1,1,1,1,1,0,162,1,9,1
1181662,1,0,0,1,1,0,162,1,9,1
1182320,1,1,0,0,0,0,162,1,9,1
1182493,1,0,1,0,0,0,162,1,9,1
1182627,0,1,1,0,1,0,162,1,9,1
1182708,1,0,1,0,0,0,162,1,9,1
1182784,0,1,0,1,0,0,162,1,9,1
1183045,0,0,1,1,0,0,162,1,9,1
1183972,1,0,0,1,1,0,162,1,9,1
1183994,1,1,0,1,0,0,162,1,9,1
1184250,1,0,1,0,0,0,162,1,9,1
1184278,1,1,0,0,0,0,162,1,9,1
1184295,1,1,0,0,0,0,162,1,9,1
1184312,1,0,1,0,0,0,162,1,9,1
1184321,1,0,0,1,1,0,162,1,9,1
1184355,1,0,0,1,1,0,162,1,9,1
1184609,0,1,0,1,0,0,162,1,9,1
1184611,0,0,0,0,1,0,162,1,9,1
1184758,0,1,0,1,0,0,162,1,9,1
1184920,0,0,1,1,0,0,162,1,9,1
1185153,1,0,1,0,0,0,162,1,9,1
1185391,0,1,1,0,1,0,162,1,9,1
1185457,0,0,1,1,0,0,162,1,9,1
1186114,0,0,0,0,1,0,162,1,9,1
1186269,0,1,0,1,0,0,162,1,9,1
1186752,0,1,0,1,0,0,162,1,9,1
1187162,1,1,1,1,1,0,162,1,9,1
1187592,0,1,0,1,0,0,162,1,9,1
1187611,0,0,0,0,1,0,162,1,9,1
1187803,1,1,1,1,1,0,162,1,9,1
1187812,0,1,0,1,0,0,162,1,9,1
1187870,0,0,0,0,1,0,162,1,9,1
1187905,0,0,0,0,1,0,162,1,9,1
1188213,1,0,0,1,1,0,162,1,9,1
1188657,1,0,1,0,0,0,162,1,9,1
1188708,0,1,0,1,0,0,162,1,9,1
1188925,1,0,0,1,1,0,162,1,9,1
1189496,0,1,1,0,1,0,162,1,9,1
1189605,0,0,1,1,0,0,162,1,9,1
1189909,0,0,0,0,1,0,162,1,9,1
1190003,1,0,1,0,0,0,162,1,9,1
1190215,1,1,0,0,0,0,162,1,9,1
1190245,0,0,1,1,0,0,162,1,9,1
1190331,1,1,0,0,0,0,162,1,9,1
1190535,0,0,0,0,1,0,162,1,9,1
1191245,0,0,0,0,1,0,162,1,9,1
1191442,1,0,1,0,0,0,162,1,9,1
1191592,0,1,0,1,0,0,162,1,9,1
1191932,0,1,0,0,0,0,162,1,9,1
1192197,1,1,1,1,1,0,162,1,9,1
1193275,1,1,1,1,1,0,162,1,9,1
1193656,1,0,0,1,1,0,162,1,9,1
1193736,1,1,0,0,0,0,162,1,9,1
1194084,1,1,1,1,1,0,162,1,9,1
1194441,0,1,1,0,1,0,162,1,9,1
1194635,1,1,1,1,1,0,162,1,9,1
1194672,1,1,0,0,0,0,162,1,9,1
1194713,1,1,0,0,0,0,162,1,9,1
1194723,0,1,0,1,0,0,162,1,9,1
1195685,1,1,0,0,0,0,162,1,9,1
1195942,0,0,1,1,0,0,162,1,9,1
1196180,1,0,1,0,0,0,162,1,9,1
1196364,1,0,1,0,0,0,162,1,9,1
1196475,1,0,1,0,0,0,162,1,9,1
1196605,1,1,1,1,1,0,162,1,9,1
1197146,0,0,0,0,1,0,162,1,9,1
1197594,0,0,1,1,0,0,162,1,9,1
1198269,1,0,1,0,0,0,162,1,9,1
1199130,1,0,1,0,0,0,162,1,9,1
1199350,0,0,0,0,1,0,162,1,9,1
1199976,0,1,1,0,1,0,162,1,9,1
1200014,1,0,1,0,0,0,162,1,9,1
1200322,1,1,0,1,0,0,162,1,9,1
1200676,1,0,1,0,0,0,162,1,9,1
1200816,0,1,0,1,0,0,162,1,9,1
1201120,1,1,0,0,0,0,162,1,9,1
1201454,0,1,0,1,0,0,162,1,9,1
1201469,1,1,0,0,0,0,162,1,9,1
1201684,1,1,1,0,1,1,162,1,9,1
1201788,0,0,1,1,0,0,162,1,9,1
1202035,0,1,1,0,1,0,162,1,9,1
1202036,0,1,0,1,0,0,162,1,9,1
1202082,0,0,0,0,1,0,162,1,9,1
1202873,0,1,0,1,0,0,162,1,9,1
1203282,0,1,1,1,1,1,162,1,9,1
1203975,0,1,0,1,0,0,162,1,9,1
1204204,0,0,0,0,1,0,162,1,9,1
1204482,0,0,0,0,1,0,162,1,9,1
1204585,0,1,0,1,0,0,162,1,9,1
1204690,0,1,0,1,0,0,162,1,9,1
1204959,0,1,1,0,1,0,162,1,9,1
1205031,1,0,1,0,0,0,162,1,9,1
1205063,1,1,0,1,0,0,162,1,9,1
1205169,0,0,1,1,0,0,162,1,9,1
1205270,1,1,1,1,1,0,162,1,9,1
1205304,0,0,1,1,0,0,162,1,9,1
1206100,0,1,0,1,0,0,162,1,9,1
1206153,1,0,0,1,1,0,162,1,9,1
1206383,1,0,1,0,0,0,162,1,9,1
1207514,0,1,0,1,0,0,162,1,9,1
1208307,1,1,1,1,1,0,162,1,9,1
1208498,0,1,1,0,1,0,162,1,9,1
1208576,1,0,0,1,1,0,162,1,9,1
1208635,0,0,0,0,1,0,162,1,9,1
1209106,1,0,0,1,1,0,162,1,9,1
1209408,0,0,1,1,0,0,162,1,9,1
1209684,0,0,0,0,1,0,162,1,9,1
1209926,0,0,1,1,0,0,162,1,9,1
1209979,1,0,0,1,1,0,162,1,9,1
1210144,0,0,1,1,0,0,162,1,9,1
1210239,0,0,0,0,1,0,162,1,9,1
1210568,1,0,0,1,1,0,162,1,9,1
1210603,1,1,0,0,0,0,162,1,9,1
1210636,0,1,0,1,0,0,162,1,9,1
1211224,0,1,1,0,1,0,162,1,9,1
1211254,0,1,0,1,0,0,162,1,9,1
1211495,1,1,0,0,0,0,162,1,9,1
1211951,0,0,1,1,0,0,162,1,9,1
1212362,0,1,0,1,0,0,162,1,9,1
1212488,1,0,1,0,0,0,162,1,9,1
1213203,0,0,1,1,0,0,162,1,9,1
1214601,0,0,0,0,1,0,162,1,9,1
1214763,1,0,0,1,1,0,162,1,9,1
1215159,1,1,0,0,0,0,162,1,9,1
1215412,1,1,1,1,1,0,162,1,9,1
1216431,1,1,0,0,0,0,162,1,9,1
1217110,0,0,1,1,0,0,162,1,9,1
1217590,1,1,0,0,0,0,162,1,9,1
1218041,1,1,1,1,1,0,162,1,9,1
1218287,0,0,1,1,0,0,162,1,9,1
1218654,0,1,0,1,0,0,162,1,9,1
1218766,0,1,1,0,1,0,162,1,9,1
1219150,0,0,1,1,0,0,162,1,9,1
1219349,1,1,0,0,0,0,162,1,9,1
1219809,1,0,1,0,0,0,162,1,9,1
1220325,0,0,0,0,1,0,162,1,9,1
1220334,1,0,0,1,1,0,162,1,9,1
1220483,0,0,0,0,1,0,162,1,9,1
1220536,1,0,0,1,1,0,162,1,9,1
1220817,0,0,0,0,1,0,162,1,9,1
1221385,0,1,0,1,0,0,162,1,9,1
1221624,0,1,0,1,0,0,162,1,9,1
1221638,1,1,1,1,1,0,162,1,9,1
1221950,1,0,1,0,0,0,162,1,9,1
1222077,1,1,1,1,1,0,162,1,9,1
1222730,0,0,0,0,1,0,162,1,9,1
1222742,1,1,1,1,1,0,162,1,9,1
1223174,1,1,0,0,0,0,162,1,9,1
1223372,1,0,0,1,1,0,162,1,9,1
1223818,1,0,1,0,0,0,162,1,9,1
1224368,1,1,1,1,1,0,162,1,9,1
1224712,0,0,1,1,0,0,162,1,9,1
1225149,1,1,1,1,1,0,162,1,9,1
1225380,0,1,0,1,0,0,162,1,9,1
1225472,1,1,0,0,0,0,162,1,9,1
1225720,1,1,0,0,0,0,162,1,9,1
1225774,0,1,0,1,0,0,162,1,9,1
1226480,1,0,1,0,0,0,162,1,9,1
1226568,0,1,0,1,0,0,162,1,9,1
1226716,1,0,0,1,1,0,162,1,9,1
1227080,1,1,0,0,0,0,162,1,9,1
1227108,0,0,0,0,1,0,162,1,9,1
1227404,1,1,0,0,0,0,162,1,9,1
1227423,0,0,1,1,0,0,162,1,9,1
1227565,1,1,0,0,0,0,162,1,9,1
1227751,0,0,0,0,1,0,162,1,9,1
1227903,1,0,1,0,0,0,162,1,9,1
1227956,1,1,0,0,0,0,162,1,9,1
1228184,1,1,0,0,0,0,162,1,9,1
1228607,1,1,0,0,0,0,162,1,9,1
1228902,1,1,0,0,0,0,162,1,9,1
1229348,0,0,1,1,0,0,162,1,9,1
1229664,1,1,0,0,0,0,162,1,9,1
1230022,1,0,1,0,0,0,162,1,9,1
1230584,1,1,0,0,0,0,162,1,9,1
1231071,0,1,1,0,1,0,162,1,9,1
1231087,1,1,0,0,0,0,162,1,9,1
1231149,1,0,1,0,0,0,162,1,9,1
1231304,0,1,1,0,1,0,162,1,9,1
1231486,0,1,0,1,0,0,162,1,9,1
1231878,1,1,0,0,0,0,162,1,9,1
1231903,1,0,1,0,0,0,162,1,9,1
1232407,1,1,1,1,1,0,162,1,9,1
1232456,1,0,1,0,0,0,162,1,9,1
1232892,0,1,1,0,1,0,162,1,9,1
1233146,0,0,0,0,1,0,162,1,9,1
1233199,0,0,0,0,1,0,162,1,9,1
1233302,0,1,0,1,0,0,162,1,9,1
1233655,1,0,1,0,0,0,162,1,9,1
1233891,0,1,0,1,0,0,162,1,9,1
1234370,1,1,0,1,0,0,162,1,9,1
1234523,0,0,1,1,0,0,162,1,9,1
1234617,0,0,0,0,1,0,162,1,9,1
1234894,0,1,1,0,1,0,162,1,9,1
1235329,1,0,1,0,0,0,162,1,9,1
1235712,0,1,1,0,1,0,162,1,9,1
1236171,0,1,0,1,0,0,162,1,9,1
1236251,0,0,1,1,0,0,162,1,9,1
1236252,1,1,1,1,1,0,162,1,9,1
1236478,0,1,0,1,0,0,162,1,9,1
1237246,1,1,1,1,1,0,162,1,9,1
1237274,0,1,0,1,0,0,162,1,9,1
1237400,1,1,0,0,0,0,162,1,9,1
1237600,1,1,1,1,1,0,162,1,9,1
1237800,0,0,1,1,0,0,162,1,9,1
1238067,1,1,1,1,1,0,162,1,9,1
1238570,1,1,0,0,0,0,162,1,9,1
1238589,0,0,0,0,1,0,162,1,9,1
1239429,0,1,1,0,1,0,162,1,9,1
1239560,0,0,1,1,0,0,162,1,9,1
1239733,1,1,1,1,1,0,162,1,9,1
1239743,0,1,0,1,0,0,162,1,9,1
1240014,0,1,1,0,1,0,162,1,9,1
1240338,0,1,0,1,0,0,162,1,9,1
1240709,0,0,0,0,1,0,162,1,9,1
1241060,1,0,1,0,0,0,162,1,9,1
1241283,1,0,0,1,1,0,162,1,9,1
1242266,1,1,1,1,1,0,162,1,9,1
1242461,0,0,1,1,0,0,162,1,9,1
1243029,1,1,0,0,0,0,162,1,9,1
1243073,0,0,0,0,1,0,162,1,9,1
1243195,0,1,0,1,0,0,162,1,9,1
1243222,0,0,0,0,1,0,162,1,9,1
1243853,0,1,1,0,1,0,162,1,9,1
1243912,0,0,1,1,0,0,162,1,9,1
1244025,0,0,1,1,0,0,162,1,9,1
1244305,1,0,0,1,1,0,162,1,9,1
1244310,1,0,1,0,0,0,162,1,9,1
1244823,1,0,0,1,1,0,162,1,9,1
1245788,0,0,0,0,1,0,128,1,9,1
1245799,0,1,1,0,1,0,128,1,9,1
1246141,1,0,1,0,0,0,128,1,9,1
1246238,1,0,0,1,1,0,128,1,9,1
1246819,0,0,1,1,0,0,128,1,9,1
1247200,1,1,0,0,0,0,128,1,9,1
1247745,0,1,1,0,1,0,128,1,9,1
1248023,1,1,0,0,0,0,128,1,9,1
1248080,1,1,1,1,1,0,128,1,9,1
1248108,1,0,0,1,1,0,128,1,9,1
1248156,0,0,0,0,1,0,128,1,9,1
1248357,0,0,1,1,0,0,128,1,9,1
1249536,1,1,0,0,0,0,128,1,9,1
1249640,1,0,0,1,1,0,128,1,9,1
1250114,0,1,0,1,0,0,128,1,9,1
1250170,0,0,1,1,0,0,128,1,9,1
1250309,1,1,0,0,0,0,128,1,9,1
1250483,0,0,0,0,1,0,128,1,9,1
1250819,1,1,1,1,1,0,128,1,9,1
1252236,1,0,1,0,0,0,128,1,9,1
1252334,1,0,1,0,0,0,128,1,9,1
1252394,0,0,0,0,1,0,128,1,9,1
1253147,0,1,1,0,1,0,128,1,9,1
1253230,0,1,0,1,0,0,128,1,9,1
1253760,1,0,0,1,1,0,128,1,9,1
1254628,1,1,0,0,0,0,128,1,9,1
1254660,0,0,1,1,0,0,128,1,9,1
1254713,1,1,1,1,1,0,128,1,9,1
1254808,1,1,1,0,1,1,128,1,9,1
1255317,1,0,0,1,1,0,128,1,9,1
1255579,0,0,0,0,1,0,128,1,9,1
1255730,0,0,1,1,0,0,128,1,9,1
1255755,0,1,0,1,0,0,128,1,9,1
1255774,0,0,1,0,0,0,128,1,9,1
1255980,1,0,0,1,1,0,128,1,9,1
1255985,0,1,0,1,0,0,128,1,9,1
1256064,0,1,0,1,0,0,128,1,9,1
1256578,1,0,0,0,1,1,128,1,9,1
1257147,0,0,1,1,0,0,128,1,9,1
1257342,0,1,0,1,0,0,128,1,9,1
1257751,1,1,0,0,0,0,128,1,9,1
1258232,1,1,1,1,1,0,128,1,9,1
1258374,1,0,0,1,1,0,128,1,9,1
1258420,0,1,1,0,1,0,128,1,9,1
1258648,1,1,1,1,1,0,128,1,9,1
1258910,1,1,1,1,1,0,128,1,9,1
1259389,1,0,0,1,1,0,128,1,9,1
1259739,0,0,0,0,1,0,128,1,9,1
1260071,0,0,0,0,1,0,128,1,9,1
1260328,0,0,1,1,0,0,128,1,9,1
1260978,1,1,1,1,1,0,128,1,9,1
1261492,1,1,0,0,0,0,128,1,9,1
1261772,0,1,1,0,1,0,128,1,9,1
1262471,1,1,1,1,1,0,128,1,9,1
1262932,1,1,0,0,0,0,128,1,9,1
1263057,1,0,0,1,1,0,128,1,9,1
1265026,0,0,1,1,0,0,128,1,9,1
1265790,0,0,0,0,1,0,128,1,9,1
1266194,1,0,0,1,1,0,128,1,9,1
1266255,0,1,0,1,0,0,128,1,9,1
1268060,0,0,0,0,1,0,128,1,9,1
1268181,0,0,0,0,1,0,128,1,9,1
1268183,1,1,0,0,0,0,128,1,9,1
1268574,0,1,1,0,1,0,128,1,9,1
1268731,1,1,1,1,1,0,128,1,9,1
1269066,1,1,1,1,1,0,128,1,9,1
1269551,0,0,0,0,1,0,128,1,9,1
1270409,1,1,0,0,0,0,128,1,9,1
1270547,1,0,0,1,1,0,128,1,9,1
1270804,0,0,0,0,1,0,128,1,9,1
1270999,1,1,1,1,1,0,128,1,9,1
1271020,1,1,1,1,1,0,128,1,9,1
1271567,0,1,1,0,1,0,128,1,9,1
1271754,1,1,1,1,1,0,128,1,9,1
1272359,0,1,1,0,1,0,128,1,9,1
1272402,1,0,1,0,0,0,128,1,9,1
1272770,1,0,0,1,1,0,128,1,9,1
1273054,0,1,1,0,1,0,128,1,9,1
1273381,1,0,1,0,0,0,128,1,9,1
1273391,0,1,1,0,1,0,128,1,9,1
1273655,1,0,0,1,1,0,128,1,9,1
1273674,0,1,1,0,1,0,128,1,9,1
1273869,0,0,1,1,0,0,128,1,9,1
1273876,1,1,0,1,0,0,128,1,9,1
1274263,1,1,0,0,0,0,128,1,9,1
1274862,1,1,0,0,0,0,128,1,9,1
1275303,1,0,1,0,0,0,128,1,9,1
1275988,0,1,0,1,0,0,128,1,9,1
1276054,0,1,0,1,0,0,128,1,9,1
1276283,0,0,1,1,0,0,128,1,9,1
1276514,1,1,0,0,0,0,128,1,9,1
1276846,1,1,0,0,0,0,128,1,9,1
1277056,1,0,1,0,0,0,128,1,9,1
1277500,1,0,1,0,0,0,128,1,9,1
1277516,0,0,1,1,0,0,128,1,9,1
1277611,1,1,0,0,0,0,128,1,9,1
1278273,0,1,1,0,1,0,128,1,9,1
1278624,0,1,0,1,0,0,128,1,9,1
1278648,0,1,0,1,0,0,128,1,9,1
1279501,1,1,1,1,1,0,128,1,9,1
1279589,0,1,0,1,0,0,128,1,9,1
1279903,0,1,1,1,1,1,128,1,9,1
1280312,1,1,0,0,0,0,128,1,9,1
1281058,1,1,1,1,1,0,128,1,9,1
1281273,1,1,0,0,0,0,128,1,9,1
1281318,0,1,1,0,1,0,128,1,9,1
1281337,1,1,0,0,0,0,128,1,9,1
1282412,1,0,1,0,0,0,128,1,9,1
1282854,1,0,1,0,0,0,128,1,9,1
1283773,1,0,1,0,0,0,128,1,9,1
1284108,1,0,0,1,1,0,128,1,9,1
1284761,0,0,0,0,1,0,128,1,9,1
1284940,1,0,1,0,0,0,128,1,9,1
1285685,0,0,0,0,1,0,128,1,9,1
1286182,0,1,0,1,0,0,128,1,9,1
1286328,0,1,1,0,1,0,128,1,9,1
1286562,1,1,0,0,0,0,128,1,9,1
1286629,0,0,0,0,1,0,128,1,9,1
1286874,0,0,0,0,1,0,128,1,9,1
1287351,0,1,1,0,1,0,128,1,9,1
1287455,1,1,1,1,1,0,128,1,9,1
1288293,0,0,0,0,1,0,128,1,9,1
1288589,0,0,0,0,1,0,128,1,9,1
1288607,0,0,0,0,1,0,128,1,9,1
1288843,0,1,0,1,0,0,128,1,9,1
1289249,1,0,0,1,1,0,128,1,9,1
1290342,1,0,0,1,1,0,128,1,9,1
1290395,0,1,0,1,0,0,128,1,9,1
1290707,0,0,1,1,0,0,128,1,9,1
1290801,0,0,1,1,0,0,128,1,9,1
1291202,0,0,1,1,0,0,128,1,9,1
1291369,0,0,0,0,1,0,128,1,9,1
1291382,1,1,0,0,0,0,128,1,9,1
1291607,1,1,0,1,0,0,128,1,9,1
1292297,0,1,0,1,0,0,128,1,9,1
1292464,1,0,1,0,0,0,128,1,9,1
1292867,1,1,1,1,1,0,128,1,9,1
1292876,1,0,0,1,1,0,128,1,9,1
1293112,1,1,1,1,1,0,128,1,9,1
1293421,1,0,0,1,1,0,128,1,9,1
1293575,0,1,1,0,1,0,128,1,9,1
1293792,0,0,1,1,0,0,128,1,9,1
1294000,0,1,1,0,1,0,128,1,9,1
1294315,0,1,1,0,1,0,128,1,9,1
1294372,0,0,1,1,0,0,128,1,9,1
1294721,0,0,0,0,1,0,128,1,9,1
1295604,0,0,0,0,1,0,128,1,9,1
1295746,0,1,0,1,0,0,128,1,9,1
1296420,0,1,1,0,1,0,128,1,9,1
1296806,1,0,1,0,0,0,128,1,9,1
1296822,1,1,1,1,1,0,128,1,9,1
1296946,0,1,0,1,0,0,128,1,9,1
1296976,0,0,1,1,0,0,128,1,9,1
1297960,1,1,0,0,0,0,128,1,9,1
1298814,0,0,1,1,0,0,128,1,9,1
1298938,0,0,1,1,0,0,128,1,9,1
1299084,1,1,0,0,0,0,128,1,9,1
1299264,0,0,1,1,0,0,128,1,9,1
1299310,1,1,0,0,0,0,128,1,9,1
1299469,0,0,1,1,0,0,128,1,9,1
1299883,0,1,0,1,0,0,128,1,9,1
1300062,0,0,1,1,0,0,128,1,9,1
1300084,1,1,0,0,0,0,128,1,9,1
1300085,1,1,1,1,1,0,128,1,9,1
1300304,1,1,1,1,1,0,128,1,9,1
1300691,0,1,1,0,1,0,128,1,9,1
1301440,1,0,1,1,0,0,128,1,9,1
1301711,1,1,0,0,0,0,128,1,9,1
1301854,1,0,1,0,0,0,128,1,9,1
1302530,0,1,1,0,1,0,128,1,9,1
1302573,0,0,1,1,0,0,128,1,9,1
1302599,0,0,1,1,0,0,128,1,9,1
1302975,0,0,1,1,0,0,128,1,9,1
1303843,0,0,0,0,1,0,128,1,9,1
1304408,1,1,0,0,0,0,128,1,9,1
1305733,1,1,1,1,1,0,128,1,9,1
1305910,1,0,0,1,1,0,128,1,9,1
1306110,1,0,1,0,0,0,128,1,9,1
1306882,1,1,0,0,0,0,128,1,9,1
1307357,1,1,1,1,1,0,128,1,9,1
1307452,0,0,1,1,0,0,128,1,9,1
1307762,0,0,0,0,1,0,128,1,9,1
1307914,1,0,1,0,0,0,128,1,9,1
1308311,0,1,1,0,1,0,128,1,9,1
1308425,0,0,0,0,1,0,128,1,9,1
1308596,0,0,1,1,0,0,128,1,9,1
1309103,0,1,0,1,0,0,128,1,9,1
1309564,0,1,1,1,1,1,128,1,9,1
1309713,1,1,0,0,0,0,128,1,9,1
1309748,1,0,0,1,1,0,128,1,9,1
1309841,0,1,0,1,0,0,128,1,9,1
1310315,0,0,0,0,1,0,128,1,9,1
1310425,0,1,1,0,1,0,128,1,9,1
1310613,1,0,0,1,1,0,128,1,9,1
1310999,1,1,1,1,1,0,156,1,9,0
1311388,1,1,1,1,1,0,156,1,9,0
1311860,0,1,0,1,0,0,156,1,9,0
1312134,1,1,1,1,1,0,156,1,9,0
1312144,1,1,0,0,0,0,156,1,9,0
1312679,1,0,1,0,0,0,156,1,9,0
1312773,0,0,1,1,0,0,156,1,9,0
1313092,0,0,1,1,0,0,156,1,9,0
1313120,0,1,1,0,1,0,156,1,9,0
1313502,1,0,1,0,0,0,156,1,9,0
1315174,0,1,1,0,1,0,156,1,9,0
1315481,0,0,1,1,0,0,156,1,9,0
1315898,0,0,0,1,1,1,156,1,9,0
1315959,1,0,0,0,1,1,156,1,9,0
1316421,0,1,1,0,1,0,156,1,9,0
1316428,1,1,0,0,0,0,156,1,9,0
1316571,0,1,1,0,1,0,156,1,9,0
1316627,0,0,0,0,1,0,156,1,9,0
1317734,1,0,1,0,0,0,156,1,9,0
1317792,0,0,1,1,0,0,156,1,9,0
1318121,1,0,1,0,0,0,156,1,9,0
1318194,0,1,1,0,1,0,156,1,9,0
1318525,1,0,0,1,1,0,156,1,9,0
1319121,1,1,1,1,1,0,156,1,9,0
1319553,0,1,0,1,0,0,156,1,9,0
1320473,0,1,1,0,1,0,156,1,9,0
1320563,0,1,0,1,0,0,156,1,9,0
1320734,1,0,0,1,1,0,156,1,9,0
1320772,1,0,0,1,1,0,156,1,9,0
1321331,0,1,0,1,0,0,156,1,9,0
1321456,0,0,1,1,0,0,156,1,9,0
1322216,1,1,1,1,1,0,156,1,9,0
1322240,0,1,1,0,1,0,156,1,9,0
1322398,1,1,1,1,1,0,156,1,9,0
1322558,0,0,1,1,0,0,156,1,9,0
1324004,1,0,1,0,0,0,156,1,9,0
1324336,1,1,0,0,0,0,156,1,9,0
1324637,1,0,0,1,1,0,156,1,9,0
1325080,1,0,1,0,0,0,156,1,9,0
1325228,1,0,0,1,1,0,156,1,9,0
1325414,0,0,0,0,1,0,156,1,9,0
1325478,0,0,1,1,0,0,156,1,9,0
1326246,1,1,0,0,0,0,156,1,9,0
1326840,0,0,0,0,1,0,156,1,9,0
1327007,0,0,0,0,1,0,156,1,9,0
1328994,0,1,1,0,1,0,156,1,9,0
1329542,0,0,1,1,0,0,156,1,9,0
1330026,0,1,1,0,1,0,156,1,9,0
1330825,0,1,0,1,0,0,156,1,9,0
1332274,0,0,0,0,1,0,156,1,9,0
1332462,1,1,1,1,1,0,156,1,9,0
1333284,0,0,1,1,0,0,156,1,9,0
1334392,1,0,1,0,0,0,156,1,9,0
1334577,1,1,1,1,1,0,156,1,9,0
1334619,1,0,1,0,0,0,156,1,9,0
1334829,1,0,0,1,1,0,156,1,9,0
1336466,1,1,0,0,0,0,156,1,9,0
1336568,0,1,1,0,1,0,156,1,9,0
1336785,0,0,0,0,1,0,156,1,9,0
1337218,0,0,1,1,0,0,156,1,9,0
1338496,1,0,0,1,1,0,156,1,9,0
1339981,1,1,0,0,0,0,156,1,9,0
1341689,0,1,0,1,0,0,156,1,9,0
1342492,0,0,1,1,0,0,156,1,9,0
1342687,0,1,0,1,0,0,156,1,9,0
1342822,0,1,0,1,0,0,156,1,9,0
1342857,1,0,0,1,1,0,156,1,9,0
1343274,1,0,1,0,0,0,156,1,9,0
1343689,1,1,0,0,0,0,156,1,9,0
1344166,1,0,1,0,0,0,156,1,9,0
1344563,1,1,0,0,0,0,156,1,9,0
1344687,0,0,1,1,0,0,156,1,9,0
1344790,1,0,0,1,1,0,156,1,9,0
1345045,0,1,0,1,0,0,156,1,9,0
1345205,1,1,0,0,0,0,156,1,9,0
1345504,1,1,1,1,1,0,156,1,9,0
1345790,0,0,1,1,0,0,156,1,9,0
1345842,0,0,0,0,1,0,156,1,9,0
1346312,0,0,0,0,1,0,156,1,9,0
1346454,1,0,0,1,1,0,156,1,9,0
1346525,1,1,0,0,0,0,156,1,9,0
1346722,0,1,1,0,1,0,156,1,9,0
1346835,1,1,1,1,1,0,156,1,9,0
1346952,0,0,0,0,1,0,156,1,9,0
1347069,0,1,1,0,1,0,156,1,9,0
1347223,0,1,1,0,1,0,156,1,9,0
1347535,1,1,0,0,0,0,156,1,9,0
1347664,1,0,1,0,0,0,156,1,9,0
1347952,0,1,1,0,1,0,156,1,9,0
1347971,1,1,1,1,1,0,156,1,9,0
1348403,1,0,1,0,0,0,156,1,9,0
1348561,1,0,1,0,0,0,156,1,9,0
1349008,0,0,0,0,1,0,156,1,9,0
1349141,0,1,0,1,0,0,156,1,9,0
1349734,0,1,1,0,1,0,156,1,9,0
1349964,1,0,1,0,0,0,156,1,9,0
1350101,0,1,0,0,0,0,156,1,9,0
1350128,0,1,1,0,1,0,156,1,9,0
1350212,1,1,1,1,1,0,156,1,9,0
1350443,0,0,1,0,0,0,156,1,9,0
1350578,1,1,0,0,0,0,156,1,9,0
1350864,1,0,0,1,1,0,156,1,9,0
1351564,1,1,1,1,1,0,156,1,9,0
1351588,1,0,0,1,1,0,156,1,9,0
1352507,0,1,1,0,1,0,156,1,9,0
1352518,1,0,0,1,1,0,156,1,9,0
1352694,0,0,0,0,1,0,156,1,9,0
1352903,1,1,1,1,1,0,156,1,9,0
1353385,0,1,1,0,1,0,156,1,9,0
1353684,1,1,1,1,1,0,156,1,9,0
1353969,1,0,0,1,1,0,156,1,9,0
1354600,1,0,0,1,1,0,156,1,9,0
1355142,1,0,1,0,0,0,156,1,9,0
1355288,0,0,1,1,0,0,156,1,9,0
1355642,0,0,1,1,0,0,156,1,9,0
1356005,1,1,1,1,1,0,156,1,9,0
1356127,1,1,1,1,1,0,156,1,9,0
1356465,0,1,0,1,0,0,156,1,9,0
1356722,1,0,1,0,0,0,156,1,9,0
1357842,0,1,0,1,0,0,156,1,9,0
1358042,1,0,1,0,0,0,156,1,9,0
1358285,1,1,1,1,1,0,156,1,9,0
1358327,1,1,0,0,0,0,156,1,9,0
1359424,0,1,0,1,0,0,156,1,9,0
1359885,0,0,0,0,1,0,156,1,9,0
1360135,1,0,1,0,0,0,156,1,9,0
1360631,1,0,0,1,1,0,156,1,9,0
1361579,1,1,0,0,0,0,156,1,9,0
1361661,0,1,0,1,0,0,156,1,9,0
1363700,1,1,1,1,1,0,156,1,9,0
1364480,0,1,0,1,0,0,156,1,9,0
1364552,0,1,0,1,0,0,156,1,9,0
1364685,1,0,0,1,1,0,156,1,9,0
1365136,0,0,0,0,1,0,156,1,9,0
1365386,1,0,1,0,0,0,156,1,9,0
1365437,1,1,0,0,0,0,156,1,9,0
1365447,0,1,1,0,1,0,156,1,9,0
1365695,1,1,1,1,1,0,156,1,9,0
1365894,0,0,0,0,1,0,156,1,9,0
1366132,1,1,1,1,1,0,156,1,9,0
1366948,0,0,1,1,0,0,156,1,9,0
1367127,1,0,0,1,1,0,156,1,9,0
1367298,1,1,1,1,1,0,156,1,9,0
1368079,1,1,0,0,0,0,156,1,9,0
1368378,1,0,0,1,1,0,156,1,9,0
1368429,1,0,0,1,1,0,156,1,9,0
1368433,0,1,1,0,1,0,156,1,9,0
1368479,1,1,1,1,1,0,156,1,9,0
1369136,1,1,1,1,1,0,156,1,9,0
1369832,0,1,0,1,0,0,156,1,9,0
1370234,0,1,1,0,1,0,156,1,9,0
1370292,0,1,0,1,0,0,156,1,9,0
1371960,1,0,0,1,1,0,156,1,9,0
1372285,0,0,0,0,1,0,156,1,9,0
1372519,0,0,1,1,0,0,156,1,9,0
1373390,0,1,1,0,1,0,156,1,9,0
1373464,1,0,0,1,1,0,156,1,9,0
1373994,0,0,0,1,1,1,156,1,9,0
1374061,0,0,1,1,0,0,156,1,9,0
1374170,0,1,1,0,1,0,156,1,9,0
1374498,0,0,0,0,1,0,156,1,9,0
1375139,0,0,1,1,0,0,156,1,9,0
1375150,1,1,1,1,1,0,156,1,9,0
1375230,1,0,1,0,0,0,156,1,9,0
1375599,0,1,0,1,0,0,156,1,9,0
1375872,0,1,1,0,1,0,156,1,9,0
1375893,1,1,0,0,0,0,156,1,9,0
1376171,1,0,0,1,1,0,156,1,9,0
1376549,0,1,0,1,0,0,111,1,9,0
1376725,1,1,0,0,0,0,111,1,9,0
1377033,0,0,1,1,0,0,111,1,9,0
1377287,1,0,1,0,0,0,111,1,9,0
1377904,0,0,0,0,1,0,111,1,9,0
1378531,1,0,0,1,1,0,111,1,9,0
1379028,1,1,1,1,1,0,111,1,9,0
1379320,0,0,0,0,1,0,111,1,9,0
1379382,0,1,1,0,1,0,111,1,9,0
1379447,0,0,1,0,0,0,111,1,9,0
1379912,1,1,0,0,0,0,111,1,9,0
1381761,1,1,1,0,1,1,111,1,9,0
1381829,1,0,0,1,1,0,111,1,9,0
1382447,1,0,1,0,0,0,111,1,9,0
1383061,1,1,1,1,1,0,111,1,9,0
1383441,1,0,1,0,0,0,111,1,9,0
1383456,0,0,1,1,0,0,111,1,9,0
1384871,0,0,1,1,0,0,111,1,9,0
1384917,1,1,0,0,0,0,111,1,9,0
1385179,1,1,1,1,1,0,111,1,9,0
1385335,0,1,0,1,0,0,111,1,9,0
1385377,1,0,1,0,0,0,111,1,9,0
1385747,1,1,0,0,0,0,111,1,9,0
1385774,1,1,0,0,0,0,111,1,9,0
1385888,1,0,1,0,0,0,111,1,9,0
1386025,1,0,0,1,1,0,111,1,9,0
1386453,1,1,0,0,0,0,111,1,9,0
1387306,1,1,1,1,1,0,111,1,9,0
1389403,0,0,0,0,1,0,111,1,9,0
1389721,0,1,0,1,0,0,111,1,9,0
1389838,0,0,1,1,0,0,111,1,9,0
1389884,1,0,1,0,0,0,111,1,9,0
1390129,0,1,0,1,0,0,111,1,9,0
1390350,1,1,0,0,0,0,111,1,9,0
1390693,0,0,0,0,1,0,111,1,9,0
1394111,1,1,1,1,1,0,111,1,9,0
1394604,1,0,1,0,0,0,111,1,9,0
1394628,0,0,0,0,1,0,111,1,9,0
1394975,0,1,0,1,0,0,111,1,9,0
1395490,0,0,0,0,1,0,111,1,9,0
1396795,1,1,1,1,1,0,111,1,9,0
1397563,1,0,1,0,0,0,111,1,9,0
1398585,0,0,1,1,0,0,111,1,9,0
1398878,0,0,1,1,0,0,111,1,9,0
1399729,1,1,0,0,0,0,111,1,9,0
1400115,0,0,0,0,1,0,111,1,9,0
1400730,1,1,1,1,1,0,111,1,9,0
1400997,1,0,0,1,1,0,111,1,9,0
1401257,0,0,1,1,0,0,111,1,9,0
1402348,1,0,0,1,1,0,111,1,9,0
1402972,1,1,1,1,1,0,111,1,9,0
1403415,1,0,1,0,0,0,111,1,9,0
1403878,1,0,0,1,1,0,111,1,9,0
1405038,1,1,0,0,0,0,111,1,9,0
1405847,1,1,1,1,1,0,111,1,9,0
1406111,0,0,0,0,1,0,111,1,9,0
1406532,0,1,0,1,0,0,111,1,9,0
1408331,0,0,1,1,0,0,111,1,9,0
1408386,0,1,1,0,1,0,111,1,9,0
1408467,1,1,1,1,1,0,111,1,9,0
1408779,0,1,0,1,0,0,111,1,9,0
1408908,1,1,0,0,0,0,111,1,9,0
1409657,1,1,1,1,1,0,111,1,9,0
1409940,1,0,0,1,1,0,111,1,9,0
1410638,0,0,0,0,1,0,111,1,9,0
1411345,1,1,1,1,1,0,111,1,9,0
1411480,1,0,0,1,1,0,111,1,9,0
1411522,0,0,1,1,0,0,111,1,9,0
1412232,0,0,1,1,0,0,111,1,9,0
1413002,0,0,1,1,0,0,111,1,9,0
1413128,0,0,0,0,1,0,111,1,9,0
1414247,1,0,1,0,0,0,111,1,9,0
1414462,1,1,1,1,1,0,111,1,9,0
1415295,1,1,0,0,0,0,111,1,9,0
1415498,0,1,1,0,1,0,111,1,9,0
1416386,0,0,1,1,0,0,111,1,9,0
1416463,1,0,0,1,1,0,111,1,9,0
1416883,1,1,1,1,1,0,111,1,9,0
1417963,0,1,0,1,0,0,111,1,9,0
1418214,0,1,0,1,0,0,111,1,9,0
1418415,0,1,1,0,1,0,111,1,9,0
1419394,1,1,0,0,0,0,111,1,9,0
1419436,0,1,0,1,0,0,111,1,9,0
1420340,0,1,0,1,0,0,111,1,9,0
1420397,1,1,0,0,0,0,111,1,9,0
1422498,0,0,1,1,0,0,111,1,9,0
1422625,1,0,0,1,1,0,111,1,9,0
1423071,0,0,1,1,0,0,111,1,9,0
1423097,1,1,0,0,0,0,111,1,9,0
1423433,1,0,1,0,0,0,111,1,9,0
1423756,0,1,0,1,0,0,111,1,9,0
1424458,0,1,0,1,0,0,111,1,9,0
1425147,1,1,1,1,1,0,111,1,9,0
1425828,1,1,1,1,1,0,111,1,9,0
1426022,1,1,1,1,1,0,111,1,9,0
1426646,0,0,1,1,0,0,111,1,9,0
1427954,1,1,0,0,0,0,111,1,9,0
1429649,1,1,1,1,1,0,111,1,9,0
1429686,1,0,0,1,1,0,111,1,9,0
1430906,0,0,1,1,0,0,111,1,9,0
1430998,1,1,0,0,0,0,111,1,9,0
1431398,1,1,1,1,1,0,111,1,9,0
1431758,0,1,0,1,0,0,111,1,9,0
1431770,1,1,0,0,0,0,111,1,9,0
1431961,0,0,1,1,0,0,111,1,9,0
1432528,0,1,0,1,0,0,111,1,9,0
1433234,1,1,1,1,1,0,111,1,9,0
1433439,1,0,1,0,0,0,111,1,9,0
1434134,0,1,1,0,1,0,111,1,9,0
1434357,0,1,0,1,0,0,111,1,9,0
1434384,0,1,0,1,0,0,111,1,9,0
1435698,1,0,0,1,1,0,111,1,9,0
1435699,1,0,1,0,0,0,111,1,9,0
1435748,1,0,1,0,0,0,111,1,9,0
1435996,1,0,0,1,1,0,111,1,9,0
1436410,0,1,1,0,1,0,111,1,9,0
1437633,1,0,1,0,0,0,111,1,9,0
1437881,0,1,0,1,0,0,111,1,9,0
1437953,0,1,1,0,1,0,111,1,9,0
1438376,0,0,1,1,0,0,111,1,9,0
1438742,1,0,1,0,0,0,111,1,9,0
1439328,0,0,1,1,0,0,111,1,9,0
1439907,1,0,1,1,0,0,111,1,9,0
1440927,0,0,0,0,1,0,111,1,9,0
1441414,1,1,1,1,1,0,111,1,9,0
1442660,0,1,1,0,1,0,160,1,9,0
1442796,1,1,1,1,1,0,160,1,9,0
1443264,1,1,1,0,1,1,160,1,9,0
1443342,1,0,0,1,1,0,160,1,9,0
1443492,0,1,0,1,0,0,160,1,9,0
1443668,0,1,0,1,0,0,160,1,9,0
1443948,1,0,0,1,1,0,160,1,9,0
1444014,0,1,1,0,1,0,160,1,9,0
1444022,0,1,0,1,0,0,160,1,9,0
1444830,0,0,1,1,0,0,160,1,9,0
1445824,1,0,0,1,1,0,160,1,9,0
1445925,1,1,0,0,0,0,160,1,9,0
1446054,0,0,0,0,1,0,160,1,9,0
1446098,0,1,1,0,1,0,160,1,9,0
1446719,1,1,1,1,1,0,160,1,9,0
1446739,1,0,0,1,1,0,160,1,9,0
1447222,0,0,1,1,0,0,160,1,9,0
1447497,1,0,0,1,1,0,160,1,9,0
1447620,1,1,1,1,1,0,160,1,9,0
1448108,0,1,0,1,0,0,160,1,9,0
1448354,1,0,0,1,1,0,160,1,9,0
1448435,1,1,0,0,0,0,160,1,9,0
1448532,0,1,1,0,1,0,160,1,9,0
1448573,0,0,1,1,0,0,160,1,9,0
1448610,1,0,0,1,1,0,160,1,9,0
1449164,1,0,0,1,1,0,160,1,9,0
1449476,1,1,1,1,1,0,160,1,9,0
1449607,0,0,0,0,1,0,160,1,9,0
1449819,0,0,0,0,1,0,160,1,9,0
1450072,1,1,1,1,1,0,160,1,9,0
1450109,0,1,0,1,0,0,160,1,9,0
1450166,1,0,1,0,0,0,160,1,9,0
1450439,0,1,1,0,1,0,160,1,9,0
1450625,0,1,0,1,0,0,160,1,9,0
1451002,1,0,0,1,1,0,160,1,9,0
1451032,1,0,1,0,0,0,160,1,9,0
1451064,1,1,1,1,1,0,160,1,9,0
1452108,1,1,0,0,0,0,160,1,9,0
1452537,1,0,0,0,1,1,160,1,9,0
1452604,1,0,1,0,0,0,160,1,9,0
1452605,1,1,1,1,1,0,160,1,9,0
1453451,0,1,1,0,1,0,160,1,9,0
1453603,0,1,0,1,0,0,160,1,9,0
1454020,0,0,0,0,1,0,160,1,9,0
1454089,0,0,0,0,1,0,160,1,9,0
1454194,1,1,1,1,1,0,160,1,9,0
1454236,0,1,1,0,1,0,160,1,9,0
1454319,0,1,1,0,1,0,160,1,9,0
1454635,0,0,1,1,0,0,160,1,9,0
1454742,1,1,0,0,0,0,160,1,9,0
1454823,1,0,1,0,0,0,160,1,9,0
1456968,0,1,0,1,0,0,160,1,9,0
1457527,1,0,0,1,1,0,160,1,9,0
1458338,0,0,1,1,0,0,160,1,9,0
1458533,0,1,1,0,1,0,160,1,9,0
1458842,1,1,0,0,0,0,160,1,9,0
1459365,1,0,0,1,1,0,160,1,9,0
1459463,1,0,1,0,0,0,160,1,9,0
1459689,1,1,0,0,0,0,160,1,9,0
1460351,0,1,1,0,1,0,160,1,9,0
1460542,1,0,0,1,1,0,160,1,9,0
1460973,0,0,0,0,1,0,160,1,9,0
1461199,0,1,0,1,0,0,160,1,9,0
1461239,1,0,0,1,1,0,160,1,9,0
1461696,0,0,0,0,1,0,160,1,9,0
1461775,0,0,1,1,0,0,160,1,9,0
1462447,1,0,0,1,1,0,160,1,9,0
1462989,0,1,1,0,1,0,160,1,9,0
1463410,0,0,0,0,1,0,160,1,9,0
1463809,1,1,0,0,0,0,160,1,9,0
1464319,1,1,0,0,0,0,160,1,9,0
1464583,0,0,0,0,1,0,160,1,9,0
1464594,0,0,0,0,1,0,160,1,9,0
1464949,0,0,1,1,0,0,160,1,9,0
1464958,0,1,0,1,0,0,160,1,9,0
1465562,1,0,0,1,1,0,160,1,9,0
1465858,1,0,0,1,1,0,160,1,9,0
1466217,1,1,1,1,1,0,160,1,9,0
1466321,1,0,0,1,1,0,160,1,9,0
1466325,1,0,1,0,0,0,160,1,9,0
1468817,0,0,1,1,0,0,160,1,9,0
1468883,1,0,0,1,1,0,160,1,9,0
1468952,0,1,1,0,1,0,160,1,9,0
1469257,0,1,0,1,0,0,160,1,9,0
1470686,0,0,0,0,1,0,160,1,9,0
1470920,0,0,0,0,1,0,160,1,9,0
1471037,1,1,0,0,0,0,160,1,9,0
1471052,1,0,1,0,0,0,160,1,9,0
1471220,1,1,0,0,0,0,160,1,9,0
1471356,1,0,1,0,0,0,160,1,9,0
1471679,0,0,1,1,0,0,160,1,9,0
1472012,1,0,1,0,0,0,160,1,9,0
1472270,1,1,0,0,0,0,160,1,9,0
1472388,0,0,0,0,1,0,160,1,9,0
1472802,1,1,0,0,0,0,160,1,9,0
1472908,1,0,1,0,0,0,160,1,9,0
1473045,0,1,0,1,0,0,160,1,9,0
1473433,0,0,1,1,0,0,160,1,9,0
1473510,0,0,0,0,1,0,160,1,9,0
1474293,0,1,1,0,1,0,160,1,9,0
1474800,0,1,0,1,0,0,160,1,9,0
1476979,1,1,1,1,1,0,160,1,9,0
1477154,0,0,1,1,0,0,160,1,9,0
1477157,1,1,1,1,1,0,160,1,9,0
1477623,0,0,0,0,1,0,160,1,9,0
1477984,0,1,1,0,1,0,160,1,9,0
1478487,1,1,1,1,1,0,160,1,9,0
1478720,0,0,1,1,0,0,160,1,9,0
1478882,0,1,0,1,0,0,160,1,9,0
1478949,1,1,0,0,0,0,160,1,9,0
1479268,0,1,0,1,0,0,160,1,9,0
1479468,1,1,0,0,0,0,160,1,9,0
1480656,0,0,1,1,0,0,160,1,9,0
1481562,1,0,1,0,0,0,160,1,9,0
1481644,0,0,0,0,1,0,160,1,9,0
1481960,0,1,1,0,1,0,160,1,9,0
1483835,1,0,0,1,1,0,160,1,9,0
1484044,0,1,0,0,0,0,160,1,9,0
1484386,1,0,0,1,1,0,160,1,9,0
1484472,1,1,1,1,1,0,160,1,9,0
1484530,0,1,1,0,1,0,160,1,9,0
1484856,0,0,1,1,0,0,160,1,9,0
1485023,1,0,0,1,1,0,160,1,9,0
1485350,1,1,0,0,0,0,160,1,9,0
1487115,0,1,1,0,1,0,160,1,9,0
1487296,0,1,0,1,0,0,160,1,9,0
1487512,1,0,0,1,1,0,160,1,9,0
1488097,0,0,0,0,1,0,160,1,9,0
1488328,0,0,1,1,0,0,160,1,9,0
1488346,1,1,0,0,0,0,160,1,9,0
1489370,0,1,0,1,0,0,160,1,9,0
1489777,1,1,1,1,1,0,160,1,9,0
1490719,1,1,1,1,1,0,160,1,9,0
1491340,0,1,1,0,1,0,160,1,9,0
1491372,0,1,1,0,1,0,160,1,9,0
1491831,1,1,0,0,0,0,160,1,9,0
1492073,1,0,1,0,0,0,160,1,9,0
1492482,1,1,0,0,0,0,160,1,9,0
1492570,1,1,1,1,1,0,160,1,9,0
1492705,0,0,1,1,0,0,160,1,9,0
1492876,0,1,1,0,1,0,160,1,9,0
1493364,1,0,0,1,1,0,160,1,9,0
1493436,1,1,1,1,1,0,160,1,9,0
1494419,0,1,0,1,0,0,160,1,9,0
1495622,0,0,0,0,1,0,160,1,9,0
1495647,1,1,1,1,1,0,160,1,9,0
1495812,1,1,1,1,1,0,160,1,9,0
1496287,1,0,0,1,1,0,160,1,9,0
1497093,0,1,1,0,1,0,160,1,9,0
1498277,1,0,1,0,0,0,160,1,9,0
1498423,1,1,0,0,0,0,160,1,9,0
1498875,0,1,0,1,0,0,160,1,9,0
1499842,0,0,1,1,0,0,160,1,9,0
1499845,0,0,0,0,1,0,160,1,9,0
1499941,1,1,0,1,0,0,160,1,9,0
1500360,1,0,1,0,0,0,160,1,9,0
1500497,1,0,1,0,0,0,160,1,9,0
1500778,0,1,0,1,0,0,160,1,9,0
1501104,1,0,1,0,0,0,160,1,9,0
1501603,1,0,0,1,1,0,160,1,9,0
1501691,0,1,0,1,0,0,160,1,9,0
1503104,0,0,1,1,0,0,160,1,9,0
1503243,0,1,1,0,1,0,160,1,9,0
1503504,1,1,1,1,1,0,160,1,9,0
1504059,1,1,1,1,1,0,160,1,9,0
1504249,0,0,1,1,0,0,160,1,9,0
1504551,0,1,0,1,0,0,160,1,9,0
1504635,0,0,0,0,1,0,160,1,9,0
1505547,0,0,0,0,1,0,160,1,9,0
1506391,0,1,0,1,0,0,160,1,9,0
1506612,1,0,1,0,0,0,160,1,9,0
1507110,0,1,0,0,0,0,160,1,9,0
1507243,1,0,0,1,1,0,160,1,9,0
1507479,0,1,1,0,1,0,122,1,9,0
1507603,1,0,1,0,0,0,122,1,9,0
1507937,0,0,1,1,0,0,122,1,9,0
1509088,1,0,1,0,0,0,122,1,9,0
1510712,0,0,1,1,0,0,122,1,9,0
1511337,0,0,0,0,1,0,122,1,9,0
1511787,0,0,1,1,0,0,122,1,9,0
1512541,0,1,0,0,0,0,122,1,9,0
1512590,1,1,1,1,1,0,122,1,9,0
1512921,0,1,0,1,0,0,122,1,9,0
1513229,1,0,1,0,0,0,122,1,9,0
1513436,1,1,0,0,0,0,122,1,9,0
1514248,1,1,1,1,1,0,122,1,9,0
1514459,0,1,0,1,0,0,122,1,9,0
1514900,0,0,1,1,0,0,122,1,9,0
1515134,1,1,0,0,0,0,122,1,9,0
1518096,0,1,1,0,1,0,122,1,9,0
1518303,1,1,0,0,0,0,122,1,9,0
1518310,0,1,1,0,1,0,122,1,9,0
1518466,1,1,1,1,1,0,122,1,9,0
1518516,0,0,0,0,1,0,122,1,9,0
1518944,1,0,0,1,1,0,122,1,9,0
1519071,1,1,1,1,1,0,122,1,9,0
1519330,0,0,0,0,1,0,122,1,9,0
1519364,0,1,1,0,1,0,122,1,9,0
1520449,0,0,0,0,1,0,122,1,9,0
1520707,0,1,0,1,0,0,122,1,9,0
1521507,0,0,0,0,1,0,122,1,9,0
1522464,0,0,0,0,1,0,122,1,9,0
1522565,1,0,0,1,1,0,122,1,9,0
1523222,0,0,1,1,0,0,122,1,9,0
1524470,1,0,0,1,1,0,122,1,9,0
1525085,0,0,0,0,1,0,122,1,9,0
1525204,0,0,0,0,1,0,122,1,9,0
1525981,1,0,1,0,0,0,122,1,9,0
1526510,1,0,0,1,1,0,122,1,9,0
1527222,0,0,1,1,0,0,122,1,9,0
1527954,1,1,1,1,1,0,122,1,9,0
1528023,1,1,0,0,0,0,122,1,9,0
1528063,1,0,1,0,0,0,122,1,9,0
1528233,0,0,0,0,1,0,122,1,9,0
1528838,0,0,1,1,0,0,122,1,9,0
1529108,1,0,1,0,0,0,122,1,9,0
1529221,1,0,0,1,1,0,122,1,9,0
1529538,1,1,0,0,0,0,122,1,9,0
1529694,0,1,1,0,1,0,122,1,9,0
1530015,1,1,0,0,0,0,122,1,9,0
1530806,0,0,0,0,1,0,122,1,9,0
1531214,0,0,1,1,0,0,122,1,9,0
1532164,0,0,0,0,1,0,122,1,9,0
1533748,1,1,1,1,1,0,122,1,9,0
1533802,1,0,1,0,0,0,122,1,9,0
1534348,0,0,1,1,0,0,122,1,9,0
1535209,0,1,1,0,1,0,122,1,9,0
1535318,1,1,0,0,0,0,122,1,9,0
1536379,1,0,1,0,0,0,122,1,9,0
1537343,0,1,1,0,1,0,122,1,9,0
1537669,0,0,0,0,1,0,122,1,9,0
1537906,1,1,1,1,1,0,122,1,9,0
1537947,0,1,1,0,1,0,122,1,9,0
1539587,1,1,0,0,0,0,122,1,9,0
1539651,0,1,0,1,0,0,122,1,9,0
1540143,0,1,1,0,1,0,122,1,9,0
1540470,1,1,1,1,1,0,122,1,9,0
1540552,0,0,1,1,0,0,122,1,9,0
1540638,1,0,1,1,0,0,122,1,9,0
1540981,0,1,1,1,1,1,122,1,9,0
1542073,0,1,1,0,1,0,122,1,9,0
1542884,1,1,1,1,1,0,122,1,9,0
1543276,0,0,1,1,0,0,122,1,9,0
1543386,1,0,1,0,0,0,122,1,9,0
1543434,0,1,0,1,0,0,122,1,9,0
1543803,0,0,0,0,1,0,122,1,9,0
1544826,0,1,0,1,0,0,122,1,9,0
1544927,0,1,1,0,1,0,122,1,9,0
1545644,0,1,1,0,1,0,122,1,9,0
1545849,1,1,1,1,1,0,122,1,9,0
1546883,1,0,1,0,0,0,122,1,9,0
1547152,1,1,1,1,1,0,122,1,9,0
1547568,1,1,1,1,1,0,122,1,9,0
1548091,1,0,1,0,0,0,122,1,9,0
1548773,0,0,1,0,0,0,122,1,9,0
1548849,0,0,0,0,1,0,122,1,9,0
1549244,1,1,0,0,0,0,122,1,9,0
1550887,1,1,0,0,0,0,122,1,9,0
1551401,0,0,1,1,0,0,122,1,9,0
1551427,0,1,0,1,0,0,122,1,9,0
1552127,1,1,0,0,0,0,122,1,9,0
1552230,1,0,1,0,0,0,122,1,9,0
1552233,1,1,1,1,1,0,122,1,9,0
1552682,0,0,0,0,1,0,122,1,9,0
1552833,0,1,1,0,1,0,122,1,9,0
1553216,0,0,1,1,0,0,122,1,9,0
1553253,1,1,1,1,1,0,122,1,9,0
1553345,0,1,1,0,1,0,122,1,9,0
1553491,1,0,0,1,1,0,122,1,9,0
1555377,0,1,1,0,1,0,122,1,9,0
1555438,0,1,0,1,0,0,122,1,9,0
1555737,1,0,0,1,1,0,122,1,9,0
1557377,1,0,0,1,1,0,122,1,9,0
1557782,0,1,1,0,1,0,122,1,9,0
1558980,0,1,1,0,1,0,122,1,9,0
1558993,0,0,1,1,0,0,122,1,9,0
1559052,1,0,0,1,1,0,122,1,9,0
1559495,1,0,1,0,0,0,122,1,9,0
1560688,1,0,1,0,0,0,122,1,9,0
1561363,0,1,0,1,0,0,122,1,9,0
1561889,1,1,0,0,0,0,122,1,9,0
1561918,1,1,1,1,1,0,122,1,9,0
1562101,0,1,1,0,1,0,122,1,9,0
1562224,0,0,1,1,0,0,122,1,9,0
1562679,0,1,1,0,1,0,122,1,9,0
1562930,0,1,0,1,0,0,122,1,9,0
1563159,1,0,1,0,0,0,122,1,9,0
1563247,0,1,1,0,1,0,122,1,9,0
1563251,0,0,0,0,1,0,122,1,9,0
1563318,0,1,0,1,0,0,122,1,9,0
1564358,0,1,1,0,1,0,122,1,9,0
1564462,1,1,1,1,1,0,122,1,9,0
1564471,0,1,1,0,1,0,122,1,9,0
1564717,0,1,1,0,1,0,122,1,9,0
1564935,0,1,1,0,1,0,122,1,9,0
1565884,1,1,1,1,1,0,122,1,9,0
1566500,1,1,0,0,0,0,122,1,9,0
1568309,0,0,0,1,1,1,122,1,9,0
1568468,1,1,0,0,0,0,122,1,9,0
1568661,0,0,1,1,0,0,122,1,9,0
1569281,1,1,0,0,0,0,122,1,9,0
1569385,1,0,1,1,0,0,122,1,9,0
1569797,0,1,1,0,1,0,122,1,9,0
1569906,1,0,0,1,1,0,122,1,9,0
1570286,0,1,0,0,0,0,122,1,9,0
1570507,1,0,0,1,1,0,122,1,9,0
1571236,1,1,1,1,1,0,122,1,9,0
1571306,1,0,0,1,1,0,122,1,9,0
1572162,1,1,1,1,1,0,122,1,9,0
1573064,1,1,0,0,0,0,126,1,9,1
1573143,1,1,0,0,0,0,126,1,9,1
1573475,0,1,0,1,0,0,126,1,9,1
1573627,0,0,0,0,1,0,126,1,9,1
1573997,0,0,1,1,0,0,126,1,9,1
1574229,1,0,0,1,1,0,126,1,9,1
1574401,0,0,0,0,1,0,126,1,9,1
1574465,1,1,1,1,1,0,126,1,9,1
1574620,1,1,1,1,1,0,126,1,9,1
1574863,1,0,1,0,0,0,126,1,9,1
1574957,1,1,0,0,0,0,126,1,9,1
1575060,1,0,1,0,0,0,126,1,9,1
1576313,0,0,1,1,0,0,126,1,9,1
1576594,0,1,0,1,0,0,126,1,9,1
1577082,1,0,1,0,0,0,126,1,9,1
1577557,0,0,0,0,1,0,126,1,9,1
1577760,0,1,1,0,1,0,126,1,9,1
1578148,1,0,1,0,0,0,126,1,9,1
1578236,0,1,0,1,0,0,126,1,9,1
1578631,0,0,1,0,0,0,126,1,9,1
1578699,1,1,0,0,0,0,126,1,9,1
1579433,1,0,1,0,0,0,126,1,9,1
1579485,0,1,1,0,1,0,126,1,9,1
1579825,0,0,0,0,1,0,126,1,9,1
1579930,0,1,0,1,0,0,126,1,9,1
1580245,0,0,1,1,0,0,126,1,9,1
1580247,0,0,0,0,1,0,126,1,9,1
1580249,1,0,1,0,0,0,126,1,9,1
1580522,1,0,1,0,0,0,126,1,9,1
1580909,0,1,1,0,1,0,126,1,9,1
1581124,1,1,0,0,0,0,126,1,9,1
1581416,1,0,0,0,1,1,126,1,9,1
1582166,0,0,1,1,0,0,126,1,9,1
1582520,0,1,0,1,0,0,126,1,9,1
1582610,1,0,1,0,0,0,126,1,9,1
1583055,1,0,0,1,1,0,126,1,9,1
1583893,1,0,1,0,0,0,126,1,9,1
1584516,1,0,1,0,0,0,126,1,9,1
1584628,0,1,1,0,1,0,126,1,9,1
1585038,0,1,0,1,0,0,126,1,9,1
1585634,1,1,1,1,1,0,126,1,9,1
1585842,1,0,0,1,1,0,126,1,9,1
1585886,0,1,0,1,0,0,126,1,9,1
1586768,1,1,0,0,0,0,126,1,9,1
1586900,0,1,1,0,1,0,126,1,9,1
1587162,0,1,0,1,0,0,126,1,9,1
1587490,0,0,0,0,1,0,126,1,9,1
1587825,1,0,0,1,1,0,126,1,9,1
1589302,0,1,1,0,1,0,126,1,9,1
1589361,1,1,0,0,0,0,126,1,9,1
1590014,0,0,0,0,1,0,126,1,9,1
1590757,0,1,1,0,1,0,126,1,9,1
1590948,1,1,0,0,0,0,126,1,9,1
1591062,0,0,1,1,0,0,126,1,9,1
1591261,1,0,0,1,1,0,126,1,9,1
1591286,0,0,0,0,1,0,126,1,9,1
1591398,1,1,0,0,0,0,126,1,9,1
1591672,0,1,1,0,1,0,126,1,9,1
1592083,0,1,1,0,1,0,126,1,9,1
1592138,0,0,1,1,0,0,126,1,9,1
1592247,1,0,1,1,0,0,126,1,9,1
1592318,1,1,1,1,1,0,126,1,9,1
1592356,0,1,1,0,1,0,126,1,9,1
1592445,0,0,1,1,0,0,126,1,9,1
1592692,0,0,0,0,1,0,126,1,9,1
1592844,0,0,0,0,1,0,126,1,9,1
1593419,1,0,0,1,1,0,126,1,9,1
1594044,0,1,1,0,1,0,126,1,9,1
1594371,1,1,1,1,1,0,126,1,9,1
1595429,1,0,1,0,0,0,126,1,9,1
1595661,0,0,1,1,0,0,126,1,9,1
1595966,0,1,0,1,0,0,126,1,9,1
1596130,1,0,0,0,1,1,126,1,9,1
1597568,1,0,1,0,0,0,126,1,9,1
1597659,0,1,1,0,1,0,126,1,9,1
1598016,1,1,0,0,0,0,126,1,9,1
1598073,1,0,0,1,1,0,126,1,9,1
1598493,1,1,1,1,1,0,126,1,9,1
1599162,1,0,0,1,1,0,126,1,9,1
1599185,0,1,1,0,1,0,126,1,9,1
1599232,0,0,1,1,0,0,126,1,9,1
1599473,1,1,0,1,0,0,126,1,9,1
1600426,0,0,1,1,0,0,126,1,9,1
1600662,0,0,0,0,1,0,126,1,9,1
1601034,0,0,0,0,1,0,126,1,9,1
1601635,1,0,1,0,0,0,126,1,9,1
1601919,0,1,1,0,1,0,126,1,9,1
1602597,0,0,0,0,1,0,126,1,9,1
1602958,0,1,1,0,1,0,126,1,9,1
1603486,0,0,1,1,0,0,126,1,9,1
1603620,1,1,0,0,0,0,126,1,9,1
1603699,0,1,0,1,0,0,126,1,9,1
1603791,0,1,1,0,1,0,126,1,9,1
1604411,1,0,1,0,0,0,126,1,9,1
1605028,0,1,1,0,1,0,126,1,9,1
1605081,1,1,0,0,0,0,126,1,9,1
1605650,1,0,0,1,1,0,126,1,9,1
1605816,0,0,1,1,0,0,126,1,9,1
1606288,0,1,0,1,0,0,126,1,9,1
1606376,1,1,1,1,1,0,126,1,9,1
1606513,1,1,1,1,1,0,126,1,9,1
1606967,0,0,0,0,1,0,126,1,9,1
1607104,1,0,1,0,0,0,126,1,9,1
1607578,1,0,0,1,1,0,126,1,9,1
1608333,0,1,1,0,1,0,126,1,9,1
1608648,1,0,1,0,0,0,126,1,9,1
1609202,0,1,0,1,0,0,126,1,9,1
1610008,0,1,0,1,0,0,126,1,9,1
1610411,0,1,1,0,1,0,126,1,9,1
1610744,1,1,1,1,1,0,126,1,9,1
1611047,1,1,0,0,0,0,126,1,9,1
1611564,0,1,0,1,0,0,126,1,9,1
1611618,1,0,1,0,0,0,126,1,9,1
1612004,0,0,0,0,1,0,126,1,9,1
1612754,0,1,1,0,1,0,126,1,9,1
1613381,0,1,0,1,0,0,126,1,9,1
1613435,0,0,0,0,1,0,126,1,9,1
1613558,0,1,1,0,1,0,126,1,9,1
1613572,0,0,0,0,1,0,126,1,9,1
1613621,1,0,1,0,0,0,126,1,9,1
1614192,0,1,1,0,1,0,126,1,9,1
1614397,0,0,0,0,1,0,126,1,9,1
1615430,1,0,1,0,0,0,126,1,9,1
1616255,1,0,1,0,0,0,126,1,9,1
1616357,1,0,1,0,0,0,126,1,9,1
1616439,0,1,1,0,1,0,126,1,9,1
1616498,1,1,0,0,0,0,126,1,9,1
1616657,0,0,1,1,0,0,126,1,9,1
1617048,1,0,0,1,1,0,126,1,9,1
1617558,0,1,0,1,0,0,126,1,9,1
1618022,0,1,1,0,1,0,126,1,9,1
1618915,0,0,1,1,0,0,126,1,9,1
1618983,0,1,0,1,0,0,126,1,9,1
1619019,0,1,0,1,0,0,126,1,9,1
1619182,0,1,0,1,0,0,126,1,9,1
1619349,1,1,1,1,1,0,126,1,9,1
1619967,1,1,1,1,1,0,126,1,9,1
1620193,1,1,0,0,0,0,126,1,9,1
1620844,1,0,0,1,1,0,126,1,9,1
1620900,1,1,0,0,0,0,126,1,9,1
1621096,0,1,1,0,1,0,126,1,9,1
1621112,1,0,0,0,1,1,126,1,9,1
1621233,1,1,0,0,0,0,126,1,9,1
1622319,0,0,1,1,0,0,126,1,9,1
1622807,1,1,0,0,0,0,126,1,9,1
1622884,0,1,0,1,0,0,126,1,9,1
1623058,1,0,1,0,0,0,126,1,9,1
1623239,1,0,1,0,0,0,126,1,9,1
1623596,0,0,1,1,0,0,126,1,9,1
1623605,0,1,0,1,0,0,126,1,9,1
1624032,0,0,1,1,0,0,126,1,9,1
1624188,1,1,1,1,1,0,126,1,9,1
1624217,0,0,0,0,1,0,126,1,9,1
1624553,1,0,0,1,1,0,126,1,9,1
1624693,0,0,0,0,1,0,126,1,9,1
1625048,0,1,0,1,0,0,126,1,9,1
1625130,0,0,0,0,1,0,126,1,9,1
1625266,0,0,1,1,0,0,126,1,9,1
1625533,0,1,0,1,0,0,126,1,9,1
1626766,0,0,1,1,0,0,126,1,9,1
1627110,0,1,0,1,0,0,126,1,9,1
1627702,1,0,0,1,1,0,126,1,9,1
1627736,0,1,1,0,1,0,126,1,9,1
1628617,1,1,1,1,1,0,126,1,9,1
1628709,1,1,0,0,0,0,126,1,9,1
1629255,1,1,0,0,0,0,126,1,9,1
1629641,1,0,1,0,0,0,126,1,9,1
1629813,0,1,0,1,0,0,126,1,9,1
1629949,1,1,1,1,1,0,126,1,9,1
1630697,1,0,1,0,0,0,126,1,9,1
1630780,1,1,0,0,0,0,126,1,9,1
1630901,0,0,1,1,0,0,126,1,9,1
1631061,0,1,0,1,0,0,126,1,9,1
1631838,0,0,0,0,1,0,126,1,9,1
1632503,0,1,1,0,1,0,126,1,9,1
1632642,0,1,1,0,1,0,126,1,9,1
1633553,1,1,1,1,1,0,126,1,9,1
1633751,1,0,0,1,1,0,126,1,9,1
1634125,1,1,0,1,0,0,126,1,9,1
1634302,1,1,0,0,0,0,126,1,9,1
1634461,0,0,0,0,1,0,126,1,9,1
1634849,0,0,0,0,1,0,126,1,9,1
1635103,0,0,0,0,1,0,126,1,9,1
1635441,0,0,0,0,1,0,126,1,9,1
1635627,1,1,1,1,1,0,126,1,9,1
1636153,0,1,0,1,0,0,126,1,9,1
1637550,1,0,1,0,0,0,126,1,9,1
1637605,0,1,1,0,1,0,126,1,9,1
1637702,0,0,1,1,0,0,126,1,9,1
1637904,0,0,0,0,1,0,126,1,9,1
1638154,1,1,0,0,0,0,126,1,9,1
1638867,1,1,0,0,0,0,120,1,9,1
1639170,0,0,1,1,0,0,120,1,9,1
1639449,1,1,0,0,0,0,120,1,9,1
1640997,0,0,1,1,0,0,120,1,9,1
1641782,0,0,0,0,1,0,120,1,9,1
1642236,1,0,1,0,0,0,120,1,9,1
1642423,0,0,1,1,0,0,120,1,9,1
1643084,0,0,1,1,0,0,120,1,9,1
1643141,0,0,0,0,1,0,120,1,9,1
1643925,0,0,0,0,1,0,120,1,9,1
1644084,0,0,1,1,0,0,120,1,9,1
1644312,0,1,0,1,0,0,120,1,9,1
1644409,0,0,0,0,1,0,120,1,9,1
1644761,0,0,1,1,0,0,120,1,9,1
1645654,0,0,0,0,1,0,120,1,9,1
1646055,1,1,1,1,1,0,120,1,9,1
1646765,1,1,1,1,1,0,120,1,9,1
1647802,1,0,0,1,1,0,120,1,9,1
1647917,0,1,1,0,1,0,120,1,9,1
1647920,1,0,1,0,0,0,120,1,9,1
1648109,1,1,0,0,0,0,120,1,9,1
1648670,1,0,1,0,0,0,120,1,9,1
1648928,1,1,1,1,1,0,120,1,9,1
1648966,1,1,0,0,0,0,120,1,9,1
1649898,1,1,1,1,1,0,120,1,9,1
1650116,0,1,1,0,1,0,120,1,9,1
1651041,0,0,0,0,1,0,120,1,9,1
1651165,0,0,1,1,0,0,120,1,9,1
1652857,1,1,0,0,0,0,120,1,9,1
1653316,0,0,0,0,1,0,120,1,9,1
1654880,0,0,0,0,1,0,120,1,9,1
1655336,0,0,0,0,1,0,120,1,9,1
1655894,1,0,0,1,1,0,120,1,9,1
1656429,0,1,1,0,1,0,120,1,9,1
1656459,0,1,1,0,1,0,120,1,9,1
1656477,0,0,0,0,1,0,120,1,9,1
1657108,0,1,0,1,0,0,120,1,9,1
1657463,0,1,1,0,1,0,120,1,9,1
1657559,0,0,0,0,1,0,120,1,9,1
1659285,0,1,0,1,0,0,120,1,9,1
1660778,0,1,1,0,1,0,120,1,9,1
1660816,1,0,1,0,0,0,120,1,9,1
1660851,1,0,1,0,0,0,120,1,9,1
1661846,0,1,1,0,1,0,120,1,9,1
1662391,0,1,0,1,0,0,120,1,9,1
1663517,1,1,1,1,1,0,120,1,9,1
1663605,1,0,1,0,0,0,120,1,9,1
1663636,1,1,0,0,0,0,120,1,9,1
1663972,1,0,1,0,0,0,120,1,9,1
1663992,0,1,1,0,1,0,120,1,9,1
1664330,0,0,0,0,1,0,120,1,9,1
1665152,1,0,0,1,1,0,120,1,9,1
1665256,0,0,0,0,1,0,120,1,9,1
1665401,0,1,1,0,1,0,120,1,9,1
1665461,0,1,0,0,0,0,120,1,9,1
1665528,0,0,0,0,1,0,120,1,9,1
1666420,0,0,0,0,1,0,120,1,9,1
1666484,1,0,1,0,0,0,120,1,9,1
1666601,1,0,0,0,1,1,120,1,9,1
1667766,0,0,0,0,1,0,120,1,9,1
1668000,1,1,1,1,1,0,120,1,9,1
1668795,1,1,0,0,0,0,120,1,9,1
1668895,1,0,0,1,1,0,120,1,9,1
1669115,0,0,0,0,1,0,120,1,9,1
1669611,1,1,1,1,1,0,120,1,9,1
1669891,0,1,0,1,0,0,120,1,9,1
1670117,0,1,0,1,0,0,120,1,9,1
1670649,0,1,1,0,1,0,120,1,9,1
1671044,1,1,0,0,0,0,120,1,9,1
1671477,1,1,1,0,1,1,120,1,9,1
1672718,1,1,1,1,1,0,120,1,9,1
1672724,1,0,1,0,0,0,120,1,9,1
1672871,0,1,0,1,0,0,120,1,9,1
1673058,1,0,1,0,0,0,120,1,9,1
1673322,1,1,0,0,0,0,120,1,9,1
1673501,1,1,1,0,1,1,120,1,9,1
1673959,1,0,0,1,1,0,120,1,9,1
1674206,1,1,0,0,0,0,120,1,9,1
1677050,1,1,1,1,1,0,120,1,9,1
1677165,1,1,1,1,1,0,120,1,9,1
1677224,1,1,1,1,1,0,120,1,9,1
1677405,1,0,0,1,1,0,120,1,9,1
1677473,0,1,0,1,0,0,120,1,9,1
1677744,1,0,1,0,0,0,120,1,9,1
1678404,0,0,1,1,0,0,120,1,9,1
1679129,0,1,0,1,0,0,120,1,9,1
1679384,0,0,0,0,1,0,120,1,9,1
1679553,1,1,0,0,0,0,120,1,9,1
1680513,0,1,1,0,1,0,120,1,9,1
1680961,0,0,1,1,0,0,120,1,9,1
1681417,1,1,0,0,0,0,120,1,9,1
1682605,1,1,0,0,0,0,120,1,9,1
1682691,0,1,0,1,0,0,120,1,9,1
1683103,1,1,0,0,0,0,120,1,9,1
1683684,1,0,1,0,0,0,120,1,9,1
1683906,0,1,0,1,0,0,120,1,9,1
1684643,0,1,0,1,0,0,120,1,9,1
1685023,0,0,1,1,0,0,120,1,9,1
1685530,0,1,1,0,1,0,120,1,9,1
1686159,1,1,1,1,1,0,120,1,9,1
1687444,0,1,1,0,1,0,120,1,9,1
1687728,0,1,0,0,0,0,120,1,9,1
1688419,1,0,0,1,1,0,120,1,9,1
1688627,1,1,1,1,1,0,120,1,9,1
1688928,1,1,0,0,0,0,120,1,9,1
1689379,1,0,0,1,1,0,120,1,9,1
1689382,0,1,1,0,1,0,120,1,9,1
1689449,1,0,0,1,1,0,120,1,9,1
1689526,1,1,0,1,0,0,120,1,9,1
1689722,0,0,1,1,0,0,120,1,9,1
1689984,0,1,1,0,1,0,120,1,9,1
1690210,1,0,1,0,0,0,120,1,9,1
1690607,1,0,0,1,1,0,120,1,9,1
1691664,1,0,0,1,1,0,120,1,9,1
1692351,0,1,1,0,1,0,120,1,9,1
1692509,1,1,0,0,0,0,120,1,9,1
1692708,1,1,1,1,1,0,120,1,9,1
1692890,1,0,0,1,1,0,120,1,9,1
1693358,0,1,0,1,0,0,120,1,9,1
1694000,1,1,0,0,0,0,120,1,9,1
1694045,0,1,1,0,1,0,120,1,9,1
1694123,0,0,0,0,1,0,120,1,9,1
1694743,1,1,1,1,1,0,120,1,9,1
1694978,1,1,0,0,0,0,120,1,9,1
1695455,0,1,1,0,1,0,120,1,9,1
1695993,1,0,0,1,1,0,120,1,9,1
1696761,1,1,0,0,0,0,120,1,9,1
1696877,0,1,1,0,1,0,120,1,9,1
1697124,1,0,1,0,0,0,120,1,9,1
1697861,1,0,1,0,0,0,120,1,9,1
1698439,1,1,0,1,0,0,120,1,9,1
1698488,1,0,0,1,1,0,120,1,9,1
1700225,1,0,0,1,1,0,120,1,9,1
1704656,1,0,0,0,1,1,173,1,9,1
1704704,1,1,0,0,0,0,173,1,9,1
1704847,0,0,1,1,0,0,173,1,9,1
1705000,1,1,0,0,0,0,173,1,9,1
1705203,1,1,1,1,1,0,173,1,9,1
1705503,0,0,0,0,1,0,173,1,9,1
1705609,1,1,1,1,1,0,173,1,9,1
1705767,1,0,0,1,1,0,173,1,9,1
1706185,0,1,0,1,0,0,173,1,9,1
1706199,0,1,1,0,1,0,173,1,9,1
1706260,0,1,1,0,1,0,173,1,9,1
1706671,1,0,1,0,0,0,173,1,9,1
1706963,1,1,1,1,1,0,173,1,9,1
1707138,0,0,1,1,0,0,173,1,9,1
1707261,1,1,1,1,1,0,173,1,9,1
1707303,1,1,0,0,0,0,173,1,9,1
1707352,1,1,0,0,0,0,173,1,9,1
1708001,0,1,0,1,0,0,173,1,9,1
1708411,0,1,1,0,1,0,173,1,9,1
1708690,0,0,0,0,1,0,173,1,9,1
1708923,0,1,0,1,0,0,173,1,9,1
1709021,0,1,1,0,1,0,173,1,9,1
1709087,1,0,0,1,1,0,173,1,9,1
1709135,1,1,1,1,1,0,173,1,9,1
1709299,1,0,0,1,1,0,173,1,9,1
1709500,1,1,1,1,1,0,173,1,9,1
1709567,0,0,0,0,1,0,173,1,9,1
1709631,0,0,1,1,0,0,173,1,9,1
1709794,1,0,1,0,0,0,173,1,9,1
1710314,1,1,1,1,1,0,173,1,9,1
1710573,1,1,0,0,0,0,173,1,9,1
1710947,0,1,1,0,1,0,173,1,9,1
1711174,1,0,1,0,0,0,173,1,9,1
1712182,0,0,1,1,0,0,173,1,9,1
1712835,1,1,1,0,1,1,173,1,9,1
1713251,0,1,0,0,0,0,173,1,9,1
1713670,1,0,0,1,1,0,173,1,9,1
1713952,1,0,0,1,1,0,173,1,9,1
1714074,0,0,1,1,0,0,173,1,9,1
1714078,0,0,1,1,0,0,173,1,9,1
1714211,0,1,1,0,1,0,173,1,9,1
1714309,1,0,0,1,1,0,173,1,9,1
1714602,0,0,1,1,0,0,173,1,9,1
1714649,0,1,0,1,0,0,173,1,9,1
1714702,0,1,1,0,1,0,173,1,9,1
1714713,1,1,0,0,0,0,173,1,9,1
1715281,1,0,0,1,1,0,173,1,9,1
1715343,0,1,1,0,1,0,173,1,9,1
1715435,0,1,0,1,0,0,173,1,9,1
1715483,1,1,0,0,0,0,173,1,9,1
1715757,0,1,0,1,0,0,173,1,9,1
1716224,0,1,1,0,1,0,173,1,9,1
1716567,1,0,0,1,1,0,173,1,9,1
1716916,0,1,0,1,0,0,173,1,9,1
1717290,1,0,0,1,1,0,173,1,9,1
1717567,0,1,1,0,1,0,173,1,9,1
1717801,0,0,0,0,1,0,173,1,9,1
1718451,0,1,1,0,1,0,173,1,9,1
1718636,0,1,0,1,0,0,173,1,9,1
1719446,1,0,1,0,0,0,173,1,9,1
1719646,1,0,1,0,0,0,173,1,9,1
1719763,1,1,0,0,0,0,173,1,9,1
1720154,0,1,0,1,0,0,173,1,9,1
1720862,1,1,1,1,1,0,173,1,9,1
1720920,0,0,1,1,0,0,173,1,9,1
1721007,1,1,1,1,1,0,173,1,9,1
1721030,1,1,1,1,1,0,173,1,9,1
1721330,0,1,1,0,1,0,173,1,9,1
1721816,0,1,0,1,0,0,173,1,9,1
1721830,0,0,0,0,1,0,173,1,9,1
1721859,1,1,0,0,0,0,173,1,9,1
1721894,1,1,0,0,0,0,173,1,9,1
1721960,1,1,0,0,0,0,173,1,9,1
1722084,0,1,0,1,0,0,173,1,9,1
1722517,1,0,1,0,0,0,173,1,9,1
1722746,0,0,1,1,0,0,173,1,9,1
1723010,1,0,1,0,0,0,173,1,9,1
1723729,1,0,0,1,1,0,173,1,9,1
1723889,1,0,0,1,1,0,173,1,9,1
1724422,1,1,1,1,1,0,173,1,9,1
1725082,1,0,1,0,0,0,173,1,9,1
1725163,0,0,0,0,1,0,173,1,9,1
1725504,0,0,0,0,1,0,173,1,9,1
1725846,0,1,0,1,0,0,173,1,9,1
1725875,0,0,1,1,0,0,173,1,9,1
1725896,1,1,1,1,1,0,173,1,9,1
1725914,0,0,1,1,0,0,173,1,9,1
1725932,1,1,0,0,0,0,173,1,9,1
1726329,1,1,1,1,1,0,173,1,9,1
1726430,1,1,1,1,1,0,173,1,9,1
1726570,0,0,1,1,0,0,173,1,9,1
1726606,0,0,0,0,1,0,173,1,9,1
1726652,1,0,1,0,0,0,173,1,9,1
1727061,0,0,0,0,1,0,173,1,9,1
1727082,1,1,0,0,0,0,173,1,9,1
1727250,0,0,1,1,0,0,173,1,9,1
1727795,0,1,1,0,1,0,173,1,9,1
1728123,1,1,1,1,1,0,173,1,9,1
1728561,1,1,0,0,0,0,173,1,9,1
1728712,1,0,1,1,0,0,173,1,9,1
1729628,1,0,1,0,0,0,173,1,9,1
1729957,0,0,1,1,0,0,173,1,9,1
1730149,1,0,1,0,0,0,173,1,9,1
1730216,1,1,1,1,1,0,173,1,9,1
1730452,0,1,0,1,0,0,173,1,9,1
1730492,0,0,1,1,0,0,173,1,9,1
1730558,0,0,0,0,1,0,173,1,9,1
1730583,1,1,1,1,1,0,173,1,9,1
1731016,1,1,0,0,0,0,173,1,9,1
1731038,0,0,1,1,0,0,173,1,9,1
1731131,1,1,0,0,0,0,173,1,9,1
1731468,1,1,0,0,0,0,173,1,9,1
1731734,1,0,0,1,1,0,173,1,9,1
1731774,0,1,0,1,0,0,173,1,9,1
1731835,1,1,0,0,0,0,173,1,9,1
1732065,0,0,0,0,1,0,173,1,9,1
1732136,1,1,1,0,1,1,173,1,9,1
1732549,0,0,1,1,0,0,173,1,9,1
1732685,1,0,1,0,0,0,173,1,9,1
1733154,1,0,0,1,1,0,173,1,9,1
1733405,1,1,0,0,0,0,173,1,9,1
1733436,0,1,0,1,0,0,173,1,9,1
1733722,0,1,1,0,1,0,173,1,9,1
1734111,0,0,1,1,0,0,173,1,9,1
1734184,1,1,0,0,0,0,173,1,9,1
1734514,1,0,1,0,0,0,173,1,9,1
1735332,1,1,0,0,0,0,173,1,9,1
1735445,0,1,1,0,1,0,173,1,9,1
1735794,1,0,1,0,0,0,173,1,9,1
1735970,0,0,0,0,1,0,173,1,9,1
1736384,0,1,1,0,1,0,173,1,9,1
1736390,1,0,0,1,1,0,173,1,9,1
1736688,0,1,1,0,1,0,173,1,9,1
1737012,0,0,0,0,1,0,173,1,9,1
1737253,1,0,1,0,0,0,173,1,9,1
1737364,0,1,1,0,1,0,173,1,9,1
1737576,0,1,0,1,0,0,173,1,9,1
1737861,1,0,1,0,0,0,173,1,9,1
1738442,0,0,0,0,1,0,173,1,9,1
1738638,0,1,0,1,0,0,173,1,9,1
1738796,1,1,0,0,0,0,173,1,9,1
1739056,0,0,0,0,1,0,173,1,9,1
1739066,1,0,0,1,1,0,173,1,9,1
1739180,1,0,0,1,1,0,173,1,9,1
1739341,0,1,1,0,1,0,173,1,9,1
1739362,0,1,1,0,1,0,173,1,9,1
1739643,1,0,1,0,0,0,173,1,9,1
1739675,0,1,1,0,1,0,173,1,9,1
1739808,1,1,1,1,1,0,173,1,9,1
1739903,0,0,1,1,0,0,173,1,9,1
1739913,0,0,0,0,1,0,173,1,9,1
1740000,0,0,1,1,0,0,173,1,9,1
1740159,1,0,0,1,1,0,173,1,9,1
1740231,0,1,0,1,0,0,173,1,9,1
1740392,0,0,0,0,1,0,173,1,9,1
1740449,1,0,1,0,0,0,173,1,9,1
1740703,0,0,0,0,1,0,173,1,9,1
1740989,0,1,0,1,0,0,173,1,9,1
1741583,1,0,0,1,1,0,173,1,9,1
1741945,1,1,0,0,0,0,173,1,9,1
1742358,0,0,0,0,1,0,173,1,9,1
1742823,0,0,0,0,1,0,173,1,9,1
1743132,1,1,1,1,1,0,173,1,9,1
1743742,0,0,1,1,0,0,173,1,9,1
1744144,1,1,0,0,0,0,173,1,9,1
1744227,0,1,0,1,0,0,173,1,9,1
1744543,0,1,1,0,1,0,173,1,9,1
1744852,1,0,0,1,1,0,173,1,9,1
1745528,1,1,0,0,0,0,173,1,9,1
1745620,1,0,0,1,1,0,173,1,9,1
1745703,0,1,1,0,1,0,173,1,9,1
1745897,1,1,1,1,1,0,173,1,9,1
1746388,1,1,0,0,0,0,173,1,9,1
1746550,1,1,0,0,0,0,173,1,9,1
1746907,1,0,0,1,1,0,173,1,9,1
1747178,0,1,0,1,0,0,173,1,9,1
1747383,0,1,1,0,1,0,173,1,9,1
1747563,0,1,0,1,0,0,173,1,9,1
1747875,0,0,0,0,1,0,173,1,9,1
1748419,1,1,0,0,0,0,173,1,9,1
1748493,0,0,1,1,0,0,173,1,9,1
1748538,1,1,1,1,1,0,173,1,9,1
1748600,1,0,1,0,0,0,173,1,9,1
1748626,0,1,0,1,0,0,173,1,9,1
1748640,1,0,1,0,0,0,173,1,9,1
1748673,0,0,1,1,0,0,173,1,9,1
1748703,1,1,1,0,1,1,173,1,9,1
1748898,1,1,1,1,1,0,173,1,9,1
1749314,0,1,0,1,0,0,173,1,9,1
1749540,1,0,1,0,0,0,173,1,9,1
1749685,1,1,0,0,0,0,173,1,9,1
1749813,0,0,1,1,0,0,173,1,9,1
1749817,1,1,1,1,1,0,173,1,9,1
1750057,0,0,0,0,1,0,173,1,9,1
1750149,0,1,1,0,1,0,173,1,9,1
1750334,0,1,0,1,0,0,173,1,9,1
1750362,0,1,1,0,1,0,173,1,9,1
1750402,1,0,1,0,0,0,173,1,9,1
1750599,0,1,1,0,1,0,173,1,9,1
1750906,1,1,0,0,0,0,173,1,9,1
1751429,1,1,0,0,0,0,173,1,9,1
1751455,1,0,1,0,0,0,173,1,9,1
1751503,1,0,0,1,1,0,173,1,9,1
1751723,1,0,0,1,1,0,173,1,9,1
1751875,1,1,0,0,0,0,173,1,9,1
1752577,0,0,0,0,1,0,173,1,9,1
1752627,0,0,0,0,1,0,173,1,9,1
1753038,1,1,1,1,1,0,173,1,9,1
1753112,0,1,0,1,0,0,173,1,9,1
1753192,0,1,1,0,1,0,173,1,9,1
1753279,0,1,1,0,1,0,173,1,9,1
1753503,0,0,1,1,0,0,173,1,9,1
1753666,1,0,0,1,1,0,173,1,9,1
1753914,1,1,1,1,1,0,173,1,9,1
1754003,0,0,0,0,1,0,173,1,9,1
1754053,1,1,0,0,0,0,173,1,9,1
1754345,1,0,1,0,0,0,173,1,9,1
1754493,1,1,1,1,1,0,173,1,9,1
1754802,1,1,1,1,1,0,173,1,9,1
1755947,0,1,0,1,0,0,173,1,9,1
1756138,0,1,0,1,0,0,173,1,9,1
1756267,1,0,0,1,1,0,173,1,9,1
1756407,1,1,1,1,1,0,173,1,9,1
1756563,0,1,0,1,0,0,173,1,9,1
1756746,1,1,1,1,1,0,173,1,9,1
1756956,0,0,0,0,1,0,173,1,9,1
1757224,0,0,1,1,0,0,173,1,9,1
1757421,0,1,1,0,1,0,173,1,9,1
1757547,1,1,1,1,1,0,173,1,9,1
1757764,0,1,0,0,0,0,173,1,9,1
1757917,1,0,1,0,0,0,173,1,9,1
1757996,1,0,1,0,0,0,173,1,9,1
1758390,1,0,0,1,1,0,173,1,9,1
1758532,1,1,1,1,1,0,173,1,9,1
1759026,0,1,0,1,0,0,173,1,9,1
1759224,0,0,1,1,0,0,173,1,9,1
1759525,0,1,1,0,1,0,173,1,9,1
1759618,0,1,1,0,1,0,173,1,9,1
1760027,1,1,0,0,0,0,173,1,9,1
1760061,1,0,1,0,0,0,173,1,9,1
1760395,0,1,0,1,0,0,173,1,9,1
1760484,1,0,1,0,0,0,173,1,9,1
1760732,0,0,0,0,1,0,173,1,9,1
1761343,1,1,0,1,0,0,173,1,9,1
1762347,1,1,0,0,0,0,173,1,9,1
1762464,0,1,0,1,0,0,173,1,9,1
1762710,0,1,0,1,0,0,173,1,9,1
1763133,0,1,0,1,0,0,173,1,9,1
1763346,1,1,0,0,0,0,173,1,9,1
1764131,0,0,0,0,1,0,173,1,9,1
1764999,1,1,1,1,1,0,173,1,9,1
1765278,0,0,1,1,0,0,173,1,9,1
1765468,0,0,1,1,0,0,173,1,9,1
1765863,0,1,1,0,1,0,173,1,9,1
1766231,0,0,1,1,0,0,173,1,9,1
1766741,1,0,0,1,1,0,173,1,9,1
1767348,0,1,0,1,0,0,173,1,9,1
1767729,0,1,1,0,1,0,173,1,9,1
1767968,0,0,0,0,1,0,173,1,9,1
1768217,1,0,1,0,0,0,173,1,9,1
1768868,1,0,0,1,1,0,173,1,9,1
1768931,0,0,1,1,0,0,173,1,9,1
1768946,0,1,1,0,1,0,173,1,9,1
1769188,1,0,0,0,1,1,173,1,9,1
1769448,1,1,1,1,1,0,173,1,9,1
1769559,0,1,0,1,0,0,98,1,9,1
1769917,0,0,1,1,0,0,98,1,9,1
1770300,1,0,1,0,0,0,98,1,9,1
1770341,1,1,1,1,1,0,98,1,9,1
1771120,0,0,0,0,1,0,98,1,9,1
1771201,0,0,0,0,1,0,98,1,9,1
1771364,0,0,1,0,0,0,98,1,9,1
1772017,0,0,1,1,0,0,98,1,9,1
1772026,1,1,1,1,1,0,98,1,9,1
1772114,1,1,1,1,1,0,98,1,9,1
1773423,1,0,1,0,0,0,98,1,9,1
1773460,1,1,0,0,0,0,98,1,9,1
1773722,0,1,0,1,0,0,98,1,9,1
1773769,1,1,0,0,0,0,98,1,9,1
1773794,0,0,0,0,1,0,98,1,9,1
1774654,1,1,1,1,1,0,98,1,9,1
1774670,1,0,1,0,0,0,98,1,9,1
1774900,1,0,0,1,1,0,98,1,9,1
1775016,0,0,1,1,0,0,98,1,9,1
1775409,0,0,0,0,1,0,98,1,9,1
1775633,0,1,1,0,1,0,98,1,9,1
1776040,0,1,0,1,0,0,98,1,9,1
1776150,1,0,0,1,1,0,98,1,9,1
1778390,1,0,0,1,1,0,98,1,9,1
1778693,0,1,1,0,1,0,98,1,9,1
1778825,1,0,1,0,0,0,98,1,9,1
1778830,0,0,1,1,0,0,98,1,9,1
1779029,0,1,0,1,0,0,98,1,9,1
1779248,1,1,1,1,1,0,98,1,9,1
1780117,0,1,0,1,0,0,98,1,9,1
1780238,0,1,1,0,1,0,98,1,9,1
1780745,0,1,0,1,0,0,98,1,9,1
1780849,0,0,0,0,1,0,98,1,9,1
1780906,0,1,1,0,1,0,98,1,9,1
1780984,1,1,1,1,1,0,98,1,9,1
1782320,0,0,1,1,0,0,98,1,9,1
1782631,1,1,0,0,0,0,98,1,9,1
1783376,1,0,1,0,0,0,98,1,9,1
1783846,1,1,1,1,1,0,98,1,9,1
1784349,0,0,0,0,1,0,98,1,9,1
1785207,1,0,0,1,1,0,98,1,9,1
1786226,0,1,1,0,1,0,98,1,9,1
1786515,0,0,0,0,1,0,98,1,9,1
1786738,1,1,1,1,1,0,98,1,9,1
1786932,1,0,0,1,1,0,98,1,9,1
1787395,1,0,0,1,1,0,98,1,9,1
1787652,1,0,1,0,0,0,98,1,9,1
1788058,0,0,1,1,0,0,98,1,9,1
1788889,0,1,1,1,1,1,98,1,9,1
1789931,0,1,0,1,0,0,98,1,9,1
1790929,1,1,0,0,0,0,98,1,9,1
1791365,1,1,0,0,0,0,98,1,9,1
1791723,1,1,0,0,0,0,98,1,9,1
1792615,1,0,0,1,1,0,98,1,9,1
1792836,1,0,1,0,0,0,98,1,9,1
1793307,0,1,0,1,0,0,98,1,9,1
1793668,0,1,1,0,1,0,98,1,9,1
1794179,1,1,1,1,1,0,98,1,9,1
1794702,0,1,0,0,0,0,98,1,9,1
1794821,1,0,0,1,1,0,98,1,9,1
1795478,1,0,1,0,0,0,98,1,9,1
1795937,1,1,0,0,0,0,98,1,9,1
1796187,1,1,1,1,1,0,98,1,9,1
1796279,0,1,1,0,1,0,98,1,9,1
1796436,1,1,0,0,0,0,98,1,9,1
1796698,1,0,0,1,1,0,98,1,9,1
1797043,0,1,0,1,0,0,98,1,9,1
1797592,0,0,1,1,0,0,98,1,9,1
1798091,0,0,1,1,0,0,98,1,9,1
1799483,0,0,1,1,0,0,98,1,9,1
1800150,1,1,0,0,0,0,98,1,9,1
1800655,1,1,1,1,1,0,98,1,9,1
1800789,0,1,1,0,1,0,98,1,9,1
1801862,0,1,1,0,1,0,98,1,9,1
1802171,0,1,1,0,1,0,98,1,9,1
1802257,0,1,1,0,1,0,98,1,9,1
1802332,0,1,0,1,0,0,98,1,9,1
1802479,0,1,1,0,1,0,98,1,9,1
1803648,1,0,1,0,0,0,98,1,9,1
1804888,1,1,1,1,1,0,98,1,9,1
1806179,0,0,1,1,0,0,98,1,9,1
1806318,1,1,0,0,0,0,98,1,9,1
1806357,0,0,0,0,1,0,98,1,9,1
1807127,0,1,1,0,1,0,98,1,9,1
1809148,0,0,0,0,1,0,98,1,9,1
1809236,0,1,1,0,1,0,98,1,9,1
1809240,1,1,0,0,0,0,98,1,9,1
1809268,0,1,0,1,0,0,98,1,9,1
1809777,1,0,0,1,1,0,98,1,9,1
1810247,1,0,1,0,0,0,98,1,9,1
1810530,1,1,0,0,0,0,98,1,9,1
1810899,0,1,1,0,1,0,98,1,9,1
1811766,0,1,0,1,0,0,98,1,9,1
1811874,0,0,1,1,0,0,98,1,9,1
1812343,1,1,1,1,1,0,98,1,9,1
1812475,1,0,0,1,1,0,98,1,9,1
1812887,1,1,0,0,0,0,98,1,9,1
1813001,0,1,1,0,1,0,98,1,9,1
1813194,1,1,0,0,0,0,98,1,9,1
1814510,1,0,0,1,1,0,98,1,9,1
1814825,0,0,0,0,1,0,98,1,9,1
1815244,1,1,0,0,0,0,98,1,9,1
1815494,0,1,1,0,1,0,98,1,9,1
1815910,1,1,1,1,1,0,98,1,9,1
1816169,0,0,0,0,1,0,98,1,9,1
1816663,1,0,0,1,1,0,98,1,9,1
1817360,1,0,1,0,0,0,98,1,9,1
1817454,0,0,1,1,0,0,98,1,9,1
1818756,0,0,1,0,0,0,98,1,9,1
1820690,1,0,1,0,0,0,98,1,9,1
1820703,0,0,1,1,0,0,98,1,9,1
1821226,0,0,1,1,0,0,98,1,9,1
1821306,1,1,0,0,0,0,98,1,9,1
1821864,0,0,0,0,1,0,98,1,9,1
1821907,1,1,1,1,1,0,98,1,9,1
1822128,1,1,0,0,0,0,98,1,9,1
1822529,1,0,0,1,1,0,98,1,9,1
1822668,0,1,1,0,1,0,98,1,9,1
1822737,0,1,0,1,0,0,98,1,9,1
1822743,0,1,0,1,0,0,98,1,9,1
1822852,0,1,1,0,1,0,98,1,9,1
1823813,1,0,0,1,1,0,98,1,9,1
1823899,0,1,1,0,1,0,98,1,9,1
1824074,1,1,1,1,1,0,98,1,9,1
1824246,1,1,0,0,0,0,98,1,9,1
1824735,0,0,1,1,0,0,98,1,9,1
1825226,0,0,0,0,1,0,98,1,9,1
1825320,0,1,0,1,0,0,98,1,9,1
1825731,0,1,1,0,1,0,98,1,9,1
1825873,0,1,1,0,1,0,98,1,9,1
1826221,1,0,1,0,0,0,98,1,9,1
1827063,0,0,1,1,0,0,98,1,9,1
1827778,0,1,0,1,0,0,98,1,9,1
1827991,1,1,1,1,1,0,98,1,9,1
1828456,0,0,1,1,0,0,98,1,9,1
1828504,1,1,0,0,0,0,98,1,9,1
1828885,1,1,1,1,1,0,98,1,9,1
1829829,1,0,1,0,0,0,98,1,9,1
1830343,0,0,1,1,0,0,98,1,9,1
1830700,1,1,0,0,0,0,98,1,9,1
1830724,0,1,1,0,1,0,98,1,9,1
1830873,1,0,0,1,1,0,98,1,9,1
1832533,0,0,0,0,1,0,98,1,9,1
1833168,0,0,1,1,0,0,98,1,9,1
1833633,1,1,0,0,0,0,98,1,9,1
1834440,1,1,1,1,1,0,98,1,9,1
1834898,0,1,0,1,0,0,98,1,9,1
1835538,1,0,1,0,0,0,134,1,9,1
1836009,1,1,1,1,1,0,134,1,9,1
1837262,0,1,0,1,0,0,134,1,9,1
1837713,0,0,0,0,1,0,134,1,9,1
1839643,0,0,1,1,0,0,134,1,9,1
1840474,0,0,0,0,1,0,134,1,9,1
1840531,1,1,1,0,1,1,134,1,9,1
1840668,1,1,0,0,0,0,134,1,9,1
1841011,1,1,0,0,0,0,134,1,9,1
1841151,1,1,0,0,0,0,134,1,9,1
1841525,0,1,1,0,1,0,134,1,9,1
1842973,0,0,0,0,1,0,134,1,9,1
1843566,0,1,0,0,0,0,134,1,9,1
1844005,1,0,1,0,0,0,134,1,9,1
1844199,0,0,0,0,1,0,134,1,9,1
1844279,1,1,1,1,1,0,134,1,9,1
1844424,1,1,1,1,1,0,134,1,9,1
1844756,0,1,0,1,0,0,134,1,9,1
1845243,0,0,1,1,0,0,134,1,9,1
1846390,1,0,0,1,1,0,134,1,9,1
1846443,1,1,1,1,1,0,134,1,9,1
1846616,1,0,0,0,1,1,134,1,9,1
1846688,0,0,1,1,0,0,134,1,9,1
1847159,0,1,0,1,0,0,134,1,9,1
1847366,1,0,1,0,0,0,134,1,9,1
1847824,0,1,1,0,1,0,134,1,9,1
1847898,1,0,1,0,0,0,134,1,9,1
1848079,0,0,1,1,0,0,134,1,9,1
1848303,1,1,1,1,1,0,134,1,9,1
1849189,1,1,0,0,0,0,134,1,9,1
1849848,1,0,1,0,0,0,134,1,9,1
1850083,0,0,0,0,1,0,134,1,9,1
1850283,0,1,0,1,0,0,134,1,9,1
1850384,0,1,0,1,0,0,134,1,9,1
1850482,1,1,0,0,0,0,134,1,9,1
1851666,0,0,1,1,0,0,134,1,9,1
1852644,1,0,0,1,1,0,134,1,9,1
1853332,0,1,1,0,1,0,134,1,9,1
1854163,0,0,0,0,1,0,134,1,9,1
1854685,1,0,1,0,0,0,134,1,9,1
1855131,1,1,0,0,0,0,134,1,9,1
1855883,0,1,1,0,1,0,134,1,9,1
1856430,1,1,0,0,0,0,134,1,9,1
1856501,1,1,0,0,0,0,134,1,9,1
1856739,1,1,1,1,1,0,134,1,9,1
1857063,0,0,1,1,0,0,134,1,9,1
1857113,1,1,1,1,1,0,134,1,9,1
1857463,1,1,1,1,1,0,134,1,9,1
1857575,1,0,0,1,1,0,134,1,9,1
1857583,1,0,0,1,1,0,134,1,9,1
1857598,1,1,0,0,0,0,134,1,9,1
1857999,0,0,0,0,1,0,134,1,9,1
1858157,0,0,0,0,1,0,134,1,9,1
1858511,1,1,0,0,0,0,134,1,9,1
1858527,1,1,1,1,1,0,134,1,9,1
1858974,1,1,0,0,0,0,134,1,9,1
1858991,1,0,0,1,1,0,134,1,9,1
1859288,0,1,1,0,1,0,134,1,9,1
1859347,0,0,0,0,1,0,134,1,9,1
1859651,0,0,1,1,0,0,134,1,9,1
1860362,0,0,1,1,0,0,134,1,9,1
1860893,0,0,1,1,0,0,134,1,9,1
1860930,1,1,1,1,1,0,134,1,9,1
1861191,1,1,1,1,1,0,134,1,9,1
1861585,1,0,1,0,0,0,134,1,9,1
1861997,0,1,1,0,1,0,134,1,9,1
1862539,0,0,0,0,1,0,134,1,9,1
1862596,0,1,0,1,0,0,134,1,9,1
1863522,1,0,0,1,1,0,134,1,9,1
1863574,1,1,0,0,0,0,134,1,9,1
1863717,1,0,0,1,1,0,134,1,9,1
1864061,1,0,1,0,0,0,134,1,9,1
1864254,1,1,1,1,1,0,134,1,9,1
1864328,0,0,0,0,1,0,134,1,9,1
1864359,1,1,0,0,0,0,134,1,9,1
1864694,1,0,1,0,0,0,134,1,9,1
1864968,1,0,1,1,0,0,134,1,9,1
1865078,1,0,0,0,1,1,134,1,9,1
1865318,1,1,0,0,0,0,134,1,9,1
1865402,1,1,1,1,1,0,134,1,9,1
1866222,1,0,0,1,1,0,134,1,9,1
1866494,1,0,1,0,0,0,134,1,9,1
1866847,1,1,0,0,0,0,134,1,9,1
1866973,0,1,0,1,0,0,134,1,9,1
1867412,0,1,1,0,1,0,134,1,9,1
1867821,1,0,1,0,0,0,134,1,9,1
1867980,0,0,0,0,1,0,134,1,9,1
1868089,0,0,0,0,1,0,134,1,9,1
1868559,1,1,0,0,0,0,134,1,9,1
1868908,0,0,0,0,1,0,134,1,9,1
1869887,1,0,1,1,0,0,134,1,9,1
1870322,0,1,0,1,0,0,134,1,9,1
1871175,0,1,0,1,0,0,134,1,9,1
1871376,0,1,1,1,1,1,134,1,9,1
1871695,1,0,0,1,1,0,134,1,9,1
1871903,1,1,0,0,0,0,134,1,9,1
1872187,1,0,1,0,0,0,134,1,9,1
1872439,1,1,1,1,1,0,134,1,9,1
1872668,1,0,0,1,1,0,134,1,9,1
1873363,0,0,1,1,0,0,134,1,9,1
1873457,1,1,0,0,0,0,134,1,9,1
1875643,0,0,1,1,0,0,134,1,9,1
1875932,0,1,1,0,1,0,134,1,9,1
1876358,0,1,1,0,1,0,134,1,9,1
1876522,0,1,0,1,0,0,134,1,9,1
1876710,0,1,0,1,0,0,134,1,9,1
1877475,0,0,1,1,0,0,134,1,9,1
1877684,1,0,1,0,0,0,134,1,9,1
1877921,1,1,0,0,0,0,134,1,9,1
1878057,1,1,0,0,0,0,134,1,9,1
1878061,0,1,0,1,0,0,134,1,9,1
1878084,0,0,0,0,1,0,134,1,9,1
1878272,1,0,0,1,1,0,134,1,9,1
1878912,0,0,0,0,1,0,134,1,9,1
1879020,0,1,1,0,1,0,134,1,9,1
1879477,0,1,1,0,1,0,134,1,9,1
1880809,1,1,0,0,0,0,134,1,9,1
1881468,0,0,0,0,1,0,134,1,9,1
1881725,1,1,1,1,1,0,134,1,9,1
1884907,0,1,1,0,1,0,134,1,9,1
1885335,1,0,0,0,1,1,134,1,9,1
1885646,0,1,1,0,1,0,134,1,9,1
1885765,0,1,1,0,1,0,134,1,9,1
1886014,0,1,1,0,1,0,134,1,9,1
1886365,1,0,1,0,0,0,134,1,9,1
1886543,0,0,1,1,0,0,134,1,9,1
1886755,0,0,0,0,1,0,134,1,9,1
1886915,0,1,1,0,1,0,134,1,9,1
1887278,0,1,0,1,0,0,134,1,9,1
1887488,1,1,0,0,0,0,134,1,9,1
1887523,1,1,1,1,1,0,134,1,9,1
1888308,1,0,1,0,0,0,134,1,9,1
1888506,0,1,1,0,1,0,134,1,9,1
1888674,0,1,0,1,0,0,134,1,9,1
1888960,0,1,0,1,0,0,134,1,9,1
1889097,1,0,0,1,1,0,134,1,9,1
1889167,0,1,0,1,0,0,134,1,9,1
1889340,1,0,0,1,1,0,134,1,9,1
1889537,0,1,0,1,0,0,134,1,9,1
1889615,1,1,1,1,1,0,134,1,9,1
1890090,0,0,1,1,0,0,134,1,9,1
1890665,1,0,0,1,1,0,134,1,9,1
1891096,0,0,0,0,1,0,134,1,9,1
1891358,1,1,0,0,0,0,134,1,9,1
1891686,0,0,1,1,0,0,134,1,9,1
1891749,1,1,1,1,1,0,134,1,9,1
1892242,0,1,0,1,0,0,134,1,9,1
1892401,0,0,0,0,1,0,134,1,9,1
1892429,1,0,1,0,0,0,134,1,9,1
1892809,1,0,1,0,0,0,134,1,9,1
1893048,0,1,1,0,1,0,134,1,9,1
1893449,1,1,1,1,1,0,134,1,9,1
1894091,0,0,0,0,1,0,134,1,9,1
1894108,0,1,0,1,0,0,134,1,9,1
1894931,1,0,1,0,0,0,134,1,9,1
1895026,1,1,0,0,0,0,134,1,9,1
1895759,1,1,0,0,0,0,134,1,9,1
1896080,0,1,1,0,1,0,134,1,9,1
1896291,0,0,0,0,1,0,134,1,9,1
1896417,0,0,1,1,0,0,134,1,9,1
1896821,1,1,1,1,1,0,134,1,9,1
1896855,1,1,1,1,1,0,134,1,9,1
1897362,1,1,1,1,1,0,134,1,9,1
1897398,1,1,1,1,1,0,134,1,9,1
1897552,0,0,0,0,1,0,134,1,9,1
1898887,0,1,1,0,1,0,134,1,9,1
1899142,1,0,0,1,1,0,134,1,9,1
1899171,1,1,0,0,0,0,134,1,9,1
1899587,1,0,1,0,0,0,134,1,9,1
1899661,1,0,0,1,1,0,134,1,9,1
1899757,1,1,0,0,0,0,134,1,9,1
1899898,0,1,1,0,1,0,134,1,9,1
1900861,1,1,1,0,1,1,117,1,9,1
1900910,1,1,0,0,0,0,117,1,9,1
1901464,0,1,1,0,1,0,117,1,9,1
1901685,1,0,0,1,1,0,117,1,9,1
1902248,0,0,1,1,0,0,117,1,9,1
1902284,0,0,0,0,1,0,117,1,9,1
1902499,1,0,1,0,0,0,117,1,9,1
1902978,1,1,1,1,1,0,117,1,9,1
1903601,1,0,0,1,1,0,117,1,9,1
1903703,0,1,1,1,1,1,117,1,9,1
1904334,0,0,0,0,1,0,117,1,9,1
1904453,0,0,0,0,1,0,117,1,9,1
1904805,1,0,1,0,0,0,117,1,9,1
1904940,1,0,1,0,0,0,117,1,9,1
1904968,1,1,1,1,1,0,117,1,9,1
1905131,0,0,1,1,0,0,117,1,9,1
1905787,1,1,0,0,0,0,117,1,9,1
1906656,1,1,1,1,1,0,117,1,9,1
1906871,0,1,1,1,1,1,117,1,9,1
1906963,1,1,1,0,1,1,117,1,9,1
1907116,1,0,0,1,1,0,117,1,9,1
1907481,1,1,0,0,0,0,117,1,9,1
1907818,0,1,0,1,0,0,117,1,9,1
1907941,1,1,1,1,1,0,117,1,9,1
1908387,1,1,0,0,0,0,117,1,9,1
1908561,1,0,1,1,0,0,117,1,9,1
1908704,1,1,0,0,0,0,117,1,9,1
1908804,0,0,0,0,1,0,117,1,9,1
1908843,0,1,0,1,0,0,117,1,9,1
1909714,0,1,1,0,1,0,117,1,9,1
1910394,1,0,1,0,0,0,117,1,9,1
1910811,1,0,0,1,1,0,117,1,9,1
1910874,1,0,1,0,0,0,117,1,9,1
1911232,0,1,0,1,0,0,117,1,9,1
1911699,1,1,1,0,1,1,117,1,9,1
1911835,0,1,1,0,1,0,117,1,9,1
1911843,1,0,1,0,0,0,117,1,9,1
1912503,0,1,0,1,0,0,117,1,9,1
1912534,0,0,1,1,0,0,117,1,9,1
1913150,0,0,0,0,1,0,117,1,9,1
1913227,0,1,1,0,1,0,117,1,9,1
1913231,1,1,1,1,1,0,117,1,9,1
1913627,0,1,1,0,1,0,117,1,9,1
1913887,1,1,0,0,0,0,117,1,9,1
1913924,1,0,0,1,1,0,117,1,9,1
1913998,0,0,1,1,0,0,117,1,9,1
1914674,0,1,1,0,1,0,117,1,9,1
1914683,0,1,0,1,0,0,117,1,9,1
1915166,1,0,0,1,1,0,117,1,9,1
1915470,0,0,1,1,0,0,117,1,9,1
1915724,1,0,0,1,1,0,117,1,9,1
1916504,1,1,1,1,1,0,117,1,9,1
1916730,0,0,1,1,0,0,117,1,9,1
1917241,0,1,0,1,0,0,117,1,9,1
1917576,0,0,0,0,1,0,117,1,9,1
1918414,0,0,1,1,0,0,117,1,9,1
1918629,1,1,1,1,1,0,117,1,9,1
1918703,1,0,0,1,1,0,117,1,9,1
1919157,0,1,0,1,0,0,117,1,9,1
1919717,0,1,1,0,1,0,117,1,9,1
1920629,0,1,1,0,1,0,117,1,9,1
1920721,0,0,0,0,1,0,117,1,9,1
1921311,0,0,1,1,0,0,117,1,9,1
1921599,1,1,0,0,0,0,117,1,9,1
1921819,0,0,0,0,1,0,117,1,9,1
1923218,1,0,1,0,0,0,117,1,9,1
1923555,0,0,0,0,1,0,117,1,9,1
1923767,1,1,0,0,0,0,117,1,9,1
1925094,0,1,1,0,1,0,117,1,9,1
1926641,0,1,1,1,1,1,117,1,9,1
1926956,1,0,1,0,0,0,117,1,9,1
1927001,0,1,1,1,1,1,117,1,9,1
1927624,1,0,0,1,1,0,117,1,9,1
1927997,1,1,0,0,0,0,117,1,9,1
1928326,0,1,1,0,1,0,117,1,9,1
1928390,1,0,0,1,1,0,117,1,9,1
1928631,1,1,1,1,1,0,117,1,9,1
1929101,1,0,0,1,1,0,117,1,9,1
1929354,0,0,1,1,0,0,117,1,9,1
1929686,0,1,0,1,0,0,117,1,9,1
1930173,0,0,0,0,1,0,117,1,9,1
1930370,1,0,1,0,0,0,117,1,9,1
1930750,1,1,0,0,0,0,117,1,9,1
1931572,0,0,1,1,0,0,117,1,9,1
1932806,1,1,0,0,0,0,117,1,9,1
1933118,0,0,1,1,0,0,117,1,9,1
1933299,1,0,0,1,1,0,117,1,9,1
1933398,1,0,0,1,1,0,117,1,9,1
1933973,1,0,0,1,1,0,117,1,9,1
1934298,0,1,1,0,1,0,117,1,9,1
1935541,0,0,1,1,0,0,117,1,9,1
1935626,1,0,0,1,1,0,117,1,9,1
1935854,1,1,1,1,1,0,117,1,9,1
1936406,1,0,1,0,0,0,117,1,9,1
1937036,0,1,0,1,0,0,117,1,9,1
1937338,0,0,0,0,1,0,117,1,9,1
1937652,0,1,1,0,1,0,117,1,9,1
1937688,0,1,0,1,0,0,117,1,9,1
1938116,1,0,1,0,0,0,117,1,9,1
1938432,0,1,1,0,1,0,117,1,9,1
1938559,1,1,0,0,0,0,117,1,9,1
1938688,0,1,1,0,1,0,117,1,9,1
1938750,1,0,1,0,0,0,117,1,9,1
1939527,0,1,1,0,1,0,117,1,9,1
1939615,0,0,0,0,1,0,117,1,9,1
1939629,0,0,1,1,0,0,117,1,9,1
1940537,1,0,0,1,1,0,117,1,9,1
1940663,0,0,1,1,0,0,117,1,9,1
1940693,1,1,1,1,1,0,117,1,9,1
1941201,1,0,1,0,0,0,117,1,9,1
1941749,0,0,0,0,1,0,117,1,9,1
1942177,1,0,1,0,0,0,117,1,9,1
1942844,0,0,0,0,1,0,117,1,9,1
1943424,1,0,1,0,0,0,117,1,9,1
1943447,0,0,1,1,0,0,117,1,9,1
1943990,1,1,0,0,0,0,117,1,9,1
1944592,1,0,0,1,1,0,117,1,9,1
1944618,0,0,1,1,0,0,117,1,9,1
1945883,1,0,1,0,0,0,117,1,9,1
1946281,0,1,1,0,1,0,117,1,9,1
1946506,1,1,1,1,1,0,117,1,9,1
1946524,1,0,1,0,0,0,117,1,9,1
1947071,1,1,0,0,0,0,117,1,9,1
1947110,1,1,1,1,1,0,117,1,9,1
1947329,0,0,0,0,1,0,117,1,9,1
1947529,0,0,0,0,1,0,117,1,9,1
1948031,1,1,0,0,0,0,117,1,9,1
1948396,0,1,0,1,0,0,117,1,9,1
1948828,1,0,0,1,1,0,117,1,9,1
1949307,1,0,0,1,1,0,117,1,9,1
1949471,1,0,1,0,0,0,117,1,9,1
1949609,0,0,1,1,0,0,117,1,9,1
1950475,0,1,1,0,1,0,117,1,9,1
1950657,0,0,0,0,1,0,117,1,9,1
1952883,1,1,0,0,0,0,117,1,9,1
1953048,0,0,0,0,1,0,117,1,9,1
1954176,1,0,1,0,0,0,117,1,9,1
1955102,1,1,0,0,0,0,117,1,9,1
1955312,1,0,0,1,1,0,117,1,9,1
1955330,0,0,0,0,1,0,117,1,9,1
1955752,1,0,0,0,1,1,117,1,9,1
1956736,0,1,0,1,0,0,117,1,9,1
1956847,0,1,0,1,0,0,117,1,9,1
1957350,1,1,1,1,1,0,117,1,9,1
1957719,0,0,1,1,0,0,117,1,9,1
1958124,1,0,0,1,1,0,117,1,9,1
1958143,0,0,0,0,1,0,117,1,9,1
1958258,0,1,0,1,0,0,117,1,9,1
1958823,1,1,1,1,1,0,117,1,9,1
1959204,0,1,1,0,1,0,117,1,9,1
1959251,0,0,0,0,1,0,117,1,9,1
1959256,0,1,1,0,1,0,117,1,9,1
1959383,1,0,0,1,1,0,117,1,9,1
1959834,1,0,0,1,1,0,117,1,9,1
1959925,1,1,1,1,1,0,117,1,9,1
1959942,0,1,1,0,1,0,117,1,9,1
1960190,0,1,0,1,0,0,117,1,9,1
1960254,1,1,0,0,0,0,117,1,9,1
1961035,0,1,1,0,1,0,117,1,9,1
1961731,1,1,0,0,0,0,117,1,9,1
1961809,0,0,0,0,1,0,117,1,9,1
1961874,0,0,0,0,1,0,117,1,9,1
1961973,0,0,0,0,1,0,117,1,9,1
1962305,0,0,0,1,1,1,117,1,9,1
1962959,0,0,1,1,0,0,117,1,9,1
1963559,1,0,0,1,1,0,117,1,9,1
1964794,0,1,0,1,0,0,117,1,9,1
1964886,1,1,0,1,0,0,117,1,9,1
1966249,1,1,1,1,1,0,111,2,9,1
1966920,0,1,0,1,0,0,111,2,9,1
1967341,0,1,0,1,0,0,111,2,9,1
1967384,0,1,1,0,1,0,111,2,9,1
1967573,0,1,1,0,1,0,111,2,9,1
1968015,0,1,0,1,0,0,111,2,9,1
1968121,1,1,0,0,0,0,111,2,9,1
1968852,1,0,1,0,0,0,111,2,9,1
1968901,0,1,0,1,0,0,111,2,9,1
1969178,0,0,1,1,0,0,111,2,9,1
1970310,1,0,0,1,1,0,111,2,9,1
1970909,1,0,1,0,0,0,111,2,9,1
1972597,0,0,1,1,0,0,111,2,9,1
1972721,0,1,0,1,0,0,111,2,9,1
1973324,0,1,0,1,0,0,111,2,9,1
1974024,1,0,0,1,1,0,111,2,9,1
1974628,0,1,0,1,0,0,111,2,9,1
1974757,0,1,1,0,1,0,111,2,9,1
1975273,1,1,0,0,0,0,111,2,9,1
1975822,0,0,0,0,1,0,111,2,9,1
1976951,1,0,0,1,1,0,111,2,9,1
1977394,1,0,0,1,1,0,111,2,9,1
1978419,0,0,0,0,1,0,111,2,9,1
1978559,1,0,1,0,0,0,111,2,9,1
1978898,0,1,1,0,1,0,111,2,9,1
1978938,0,0,0,0,1,0,111,2,9,1
1979682,0,1,0,1,0,0,111,2,9,1
1980500,0,0,0,0,1,0,111,2,9,1
1980532,1,1,1,1,1,0,111,2,9,1
1981179,1,1,0,0,0,0,111,2,9,1
1981473,0,0,1,1,0,0,111,2,9,1
1981534,1,1,0,0,0,0,111,2,9,1
1983378,0,0,0,1,1,1,111,2,9,1
1983447,0,0,0,0,1,0,111,2,9,1
1983834,1,0,0,1,1,0,111,2,9,1
1984480,0,0,1,1,0,0,111,2,9,1
1984503,0,0,1,1,0,0,111,2,9,1
1984630,0,1,0,1,0,0,111,2,9,1
1984718,1,1,1,1,1,0,111,2,9,1
1985284,1,0,1,0,0,0,111,2,9,1
1985316,0,1,1,0,1,0,111,2,9,1
1985773,1,1,0,0,0,0,111,2,9,1
1986337,1,0,1,0,0,0,111,2,9,1
1986698,0,0,0,0,1,0,111,2,9,1
1987052,0,1,1,0,1,0,111,2,9,1
1987907,0,0,0,0,1,0,111,2,9,1
1988005,1,1,0,0,0,0,111,2,9,1
1988277,1,0,0,1,1,0,111,2,9,1
1988363,0,1,1,0,1,0,111,2,9,1
1989288,1,1,0,0,0,0,111,2,9,1
1989767,0,0,1,1,0,0,111,2,9,1
1990092,1,1,1,1,1,0,111,2,9,1
1990269,0,1,1,0,1,0,111,2,9,1
1990670,1,1,0,0,0,0,111,2,9,1
1992573,1,0,0,1,1,0,111,2,9,1
1992795,0,0,1,1,0,0,111,2,9,1
1992946,1,0,0,1,1,0,111,2,9,1
1993662,0,1,1,0,1,0,111,2,9,1
1993986,1,0,0,1,1,0,111,2,9,1
1994097,1,1,1,1,1,0,111,2,9,1
1994995,1,0,1,0,0,0,111,2,9,1
1995265,0,0,1,1,0,0,111,2,9,1
1995695,0,1,1,0,1,0,111,2,9,1
1995967,0,0,1,1,0,0,111,2,9,1
1996674,1,1,0,0,0,0,111,2,9,1
1996683,0,0,0,0,1,0,111,2,9,1
1997062,0,1,0,1,0,0,111,2,9,1
1997068,1,0,0,1,1,0,111,2,9,1
1997079,1,1,0,0,0,0,111,2,9,1
1997090,1,0,1,0,0,0,111,2,9,1
1997104,0,1,1,0,1,0,111,2,9,1
1997560,1,0,1,0,0,0,111,2,9,1
1997652,0,1,0,1,0,0,111,2,9,1
1997702,0,1,0,1,0,0,111,2,9,1
1998094,1,0,1,0,0,0,111,2,9,1
1998363,1,1,1,0,1,1,111,2,9,1
1998949,0,1,1,0,1,0,111,2,9,1
1999326,1,1,1,0,1,1,111,2,9,1
2000228,0,1,1,0,1,0,111,2,9,1
2001012,0,1,0,1,0,0,111,2,9,1
2001079,0,0,0,0,1,0,111,2,9,1
2001206,0,0,1,1,0,0,111,2,9,1
2001268,0,1,1,0,1,0,111,2,9,1
2001547,0,0,0,0,1,0,111,2,9,1
2002066,0,1,1,0,1,0,111,2,9,1
2002374,0,0,0,0,1,0,111,2,9,1
2003269,1,0,1,0,0,0,111,2,9,1
2003347,0,0,1,1,0,0,111,2,9,1
2003511,1,0,1,0,0,0,111,2,9,1
2003583,0,1,0,1,0,0,111,2,9,1
2003654,0,0,1,1,0,0,111,2,9,1
2004906,1,0,1,0,0,0,111,2,9,1
2005979,0,1,1,0,1,0,111,2,9,1
2006853,1,1,1,1,1,0,111,2,9,1
2007041,1,1,0,0,0,0,111,2,9,1
2007188,0,0,0,0,1,0,111,2,9,1
2007305,1,1,0,0,0,0,111,2,9,1
2007760,1,1,0,0,0,0,111,2,9,1
2007766,0,1,1,0,1,0,111,2,9,1
2007989,1,1,0,0,0,0,111,2,9,1
2008063,1,1,0,1,0,0,111,2,9,1
2008399,0,1,0,1,0,0,111,2,9,1
2008834,1,0,0,1,1,0,111,2,9,1
2009618,1,0,0,1,1,0,111,2,9,1
2010484,1,1,0,0,0,0,111,2,9,1
2010555,0,0,0,0,1,0,111,2,9,1
2010956,1,1,0,0,0,0,111,2,9,1
2011062,1,1,1,1,1,0,111,2,9,1
2011208,1,0,1,0,0,0,111,2,9,1
2011363,1,1,0,0,0,0,111,2,9,1
2011468,0,0,0,0,1,0,111,2,9,1
2011587,1,0,0,1,1,0,111,2,9,1
2011743,0,0,1,1,0,0,111,2,9,1
2011994,0,0,0,0,1,0,111,2,9,1
2012721,1,0,1,0,0,0,111,2,9,1
2012994,0,0,1,1,0,0,111,2,9,1
2013333,0,1,1,0,1,0,111,2,9,1
2013718,0,1,0,1,0,0,111,2,9,1
2014167,1,0,1,0,0,0,111,2,9,1
2014191,0,1,0,1,0,0,111,2,9,1
2014355,0,0,1,1,0,0,111,2,9,1
2014955,0,1,1,1,1,1,111,2,9,1
2015157,1,1,1,1,1,0,111,2,9,1
2015814,0,0,0,0,1,0,111,2,9,1
2016070,0,0,0,0,1,0,111,2,9,1
2016497,1,0,0,1,1,0,111,2,9,1
2016613,1,0,0,1,1,0,111,2,9,1
2017348,1,1,1,1,1,0,111,2,9,1
2017982,0,1,1,1,1,1,111,2,9,1
2018367,1,1,0,0,0,0,111,2,9,1
2019368,0,0,0,0,1,0,111,2,9,1
2019391,0,0,0,0,1,0,111,2,9,1
2019406,0,1,1,1,1,1,111,2,9,1
2019664,0,1,1,0,1,0,111,2,9,1
2019776,0,1,0,0,0,0,111,2,9,1
2020345,1,0,0,1,1,0,111,2,9,1
2020938,1,1,0,0,0,0,111,2,9,1
2020973,0,0,1,1,0,0,111,2,9,1
2021445,1,1,0,0,0,0,111,2,9,1
2021570,0,0,0,0,1,0,111,2,9,1
2022156,0,1,0,1,0,0,111,2,9,1
2022802,0,1,0,1,0,0,111,2,9,1
2023222,1,0,1,0,0,0,111,2,9,1
2023521,1,1,0,0,0,0,111,2,9,1
2024247,1,0,0,1,1,0,111,2,9,1
2024585,0,1,0,1,0,0,111,2,9,1
2024945,1,0,1,0,0,0,111,2,9,1
2025149,1,0,0,1,1,0,111,2,9,1
2025425,1,1,0,0,0,0,111,2,9,1
2025977,1,1,1,1,1,0,111,2,9,1
2026754,1,1,1,1,1,0,111,2,9,1
2027210,1,1,1,1,1,0,111,2,9,1
2028312,0,0,1,1,0,0,111,2,9,1
2028929,0,1,0,1,0,0,111,2,9,1
2029468,0,1,1,0,1,0,111,2,9,1
2029553,1,1,0,0,0,0,111,2,9,1
2030353,1,1,0,0,0,0,111,2,9,1
2030895,1,0,0,1,1,0,111,2,9,1
2031060,1,0,0,1,1,0,111,2,9,1
2031638,1,0,1,0,0,0,138,2,12,1
2031845,1,1,1,1,1,0,138,2,12,1
2031882,1,1,1,1,1,0,138,2,12,1
2031939,0,1,1,0,1,0,138,2,12,1
2032059,1,0,1,0,0,0,138,2,12,1
2032061,1,0,1,0,0,0,138,2,12,1
2032149,0,0,0,0,1,0,138,2,12,1
2032588,1,1,0,0,0,0,138,2,12,1
2032888,1,0,0,0,1,1,138,2,12,1
2032900,1,0,0,1,1,0,138,2,12,1
2033084,1,1,1,1,1,0,138,2,12,1
2033160,0,1,1,0,1,0,138,2,12,1
2033164,1,1,0,0,0,0,138,2,12,1
2033860,1,1,0,0,0,0,138,2,12,1
2034189,1,1,1,1,1,0,138,2,12,1
2034305,1,0,0,1,1,0,138,2,12,1
2034488,0,1,0,1,0,0,138,2,12,1
2034574,1,1,0,0,0,0,138,2,12,1
2034695,0,0,0,0,1,0,138,2,12,1
2035025,1,1,0,0,0,0,138,2,12,1
2035314,0,1,0,1,0,0,138,2,12,1
2035683,1,0,1,0,0,0,138,2,12,1
2035787,0,1,1,0,1,0,138,2,12,1
2036107,0,0,1,1,0,0,138,2,12,1
2036258,1,0,1,0,0,0,138,2,12,1
2036411,0,1,1,0,1,0,138,2,12,1
2036674,0,0,0,0,1,0,138,2,12,1
2036766,1,1,1,1,1,0,138,2,12,1
2037115,0,0,1,1,0,0,138,2,12,1
2037579,1,0,1,1,0,0,138,2,12,1
2037743,1,1,1,1,1,0,138,2,12,1
2038466,0,0,1,1,0,0,138,2,12,1
2038765,0,0,1,1,0,0,138,2,12,1
2038820,1,1,0,0,0,0,138,2,12,1
2038949,1,1,0,0,0,0,138,2,12,1
2039011,1,1,1,1,1,0,138,2,12,1
2039278,1,1,1,1,1,0,138,2,12,1
2039350,1,0,0,1,1,0,138,2,12,1
2039397,0,0,0,0,1,0,138,2,12,1
2039424,0,0,0,0,1,0,138,2,12,1
2039702,0,0,1,1,0,0,138,2,12,1
2040134,0,1,0,1,0,0,138,2,12,1
2040372,1,1,1,1,1,0,138,2,12,1
2040750,0,0,0,0,1,0,138,2,12,1
2040881,0,1,0,1,0,0,138,2,12,1
2041115,1,1,0,0,0,0,138,2,12,1
2041153,1,1,0,0,0,0,138,2,12,1
2041154,1,1,1,1,1,0,138,2,12,1
2041770,0,0,0,0,1,0,138,2,12,1
2041881,1,1,0,0,0,0,138,2,12,1
2042050,0,0,1,1,0,0,138,2,12,1
2042181,1,0,0,1,1,0,138,2,12,1
2042245,0,0,0,0,1,0,138,2,12,1
2042387,0,0,0,0,1,0,138,2,12,1
2042743,1,1,0,0,0,0,138,2,12,1
2042757,0,0,1,1,0,0,138,2,12,1
2042766,0,1,0,1,0,0,138,2,12,1
2042965,0,1,1,0,1,0,138,2,12,1
2043472,0,1,1,0,1,0,138,2,12,1
2043697,1,0,1,0,0,0,138,2,12,1
2044165,0,1,1,0,1,0,138,2,12,1
2044451,0,1,0,1,0,0,138,2,12,1
2044618,1,0,1,0,0,0,138,2,12,1
2044659,0,1,0,1,0,0,138,2,12,1
2044863,1,0,0,1,1,0,138,2,12,1
2045133,0,1,1,1,1,1,138,2,12,1
2045313,1,1,1,1,1,0,138,2,12,1
2045316,1,1,1,1,1,0,138,2,12,1
2045611,0,1,1,0,1,0,138,2,12,1
2045728,1,1,0,0,0,0,138,2,12,1
2045771,1,1,1,1,1,0,138,2,12,1
2047087,1,0,1,0,0,0,138,2,12,1
2047123,0,1,0,1,0,0,138,2,12,1
2047495,1,0,1,0,0,0,138,2,12,1
2047564,1,0,0,1,1,0,138,2,12,1
2047659,0,0,1,1,0,0,138,2,12,1
2047944,0,0,1,1,0,0,138,2,12,1
2048124,1,1,1,1,1,0,138,2,12,1
2049010,0,1,0,1,0,0,138,2,12,1
2050066,0,1,0,1,0,0,138,2,12,1
2050169,0,0,1,1,0,0,138,2,12,1
2050658,1,0,1,0,0,0,138,2,12,1
2050661,0,0,1,1,0,0,138,2,12,1
2050720,0,1,1,0,1,0,138,2,12,1
2050926,1,1,1,1,1,0,138,2,12,1
2050990,1,1,1,0,1,1,138,2,12,1
2051228,0,0,0,0,1,0,138,2,12,1
2051418,0,1,1,0,1,0,138,2,12,1
2051611,0,1,0,1,0,0,138,2,12,1
2051771,1,1,0,0,0,0,138,2,12,1
2051924,1,1,0,0,0,0,138,2,12,1
2052592,1,0,0,1,1,0,138,2,12,1
2052889,1,1,0,0,0,0,138,2,12,1
2053445,1,1,0,0,0,0,138,2,12,1
2053453,0,0,1,1,0,0,138,2,12,1
2053554,1,0,1,0,0,0,138,2,12,1
2053587,0,1,0,1,0,0,138,2,12,1
2053877,0,1,1,0,1,0,138,2,12,1
2054115,0,0,1,1,0,0,138,2,12,1
2054255,1,1,1,1,1,0,138,2,12,1
2055083,0,1,1,0,1,0,138,2,12,1
2055588,0,0,1,1,0,0,138,2,12,1
2056149,0,1,1,0,1,0,138,2,12,1
2056636,0,0,1,1,0,0,138,2,12,1
2056705,1,0,1,0,0,0,138,2,12,1
2056987,0,1,0,1,0,0,138,2,12,1
2057033,0,0,1,1,0,0,138,2,12,1
2057163,1,0,0,1,1,0,138,2,12,1
2057420,0,1,1,0,1,0,138,2,12,1
2057822,0,1,1,0,1,0,138,2,12,1
2058278,1,1,0,0,0,0,138,2,12,1
2058441,1,1,1,1,1,0,138,2,12,1
2058458,0,0,0,1,1,1,138,2,12,1
2058917,0,1,1,0,1,0,138,2,12,1
2059043,0,1,0,1,0,0,138,2,12,1
2059052,1,1,1,1,1,0,138,2,12,1
2059095,1,0,1,0,0,0,138,2,12,1
2059227,0,1,0,1,0,0,138,2,12,1
2059460,1,0,1,0,0,0,138,2,12,1
2060097,1,0,0,1,1,0,138,2,12,1
2060183,1,0,0,1,1,0,138,2,12,1
2060200,0,0,1,0,0,0,138,2,12,1
2060252,0,0,1,1,0,0,138,2,12,1
2060296,0,0,1,1,0,0,138,2,12,1
2061169,1,1,1,1,1,0,138,2,12,1
2061192,0,0,0,0,1,0,138,2,12,1
2061293,0,1,1,0,1,0,138,2,12,1
2061978,1,1,0,0,0,0,138,2,12,1
2061980,1,1,0,0,0,0,138,2,12,1
2062024,1,1,0,0,0,0,138,2,12,1
2062263,1,0,1,0,0,0,138,2,12,1
2062356,0,0,1,1,0,0,138,2,12,1
2062571,0,0,0,0,1,0,138,2,12,1
2062865,0,1,0,1,0,0,138,2,12,1
2063101,1,1,1,1,1,0,138,2,12,1
2063115,1,0,0,1,1,0,138,2,12,1
2063375,1,1,1,1,1,0,138,2,12,1
2063495,1,0,1,0,0,0,138,2,12,1
2063556,0,1,1,0,1,0,138,2,12,1
2063694,0,1,1,0,1,0,138,2,12,1
2063774,0,1,1,0,1,0,138,2,12,1
2064075,1,0,0,1,1,0,138,2,12,1
2064919,0,0,0,0,1,0,138,2,12,1
2064956,1,0,0,1,1,0,138,2,12,1
2065088,1,1,1,1,1,0,138,2,12,1
2065650,0,1,0,1,0,0,138,2,12,1
2065771,1,0,1,0,0,0,138,2,12,1
2066246,0,0,1,1,0,0,138,2,12,1
2066314,1,0,0,1,1,0,138,2,12,1
2066388,1,1,0,0,0,0,138,2,12,1
2066583,1,1,1,1,1,0,138,2,12,1
2066812,1,0,0,1,1,0,138,2,12,1
2066910,1,0,1,0,0,0,138,2,12,1
2067313,1,1,0,0,0,0,138,2,12,1
2067472,1,0,0,1,1,0,138,2,12,1
2067611,0,1,1,0,1,0,138,2,12,1
2067945,0,0,1,1,0,0,138,2,12,1
2068721,1,0,0,1,1,0,138,2,12,1
2068730,1,0,0,0,1,1,138,2,12,1
2068930,1,0,1,0,0,0,138,2,12,1
2069042,0,1,0,1,0,0,138,2,12,1
2069139,0,0,1,1,0,0,138,2,12,1
2069166,0,1,1,0,1,0,138,2,12,1
2069233,1,1,1,1,1,0,138,2,12,1
2070336,0,0,1,1,0,0,138,2,12,1
2070599,1,1,1,1,1,0,138,2,12,1
2071214,0,1,0,1,0,0,138,2,12,1
2071293,0,0,0,0,1,0,138,2,12,1
2071332,0,0,1,1,0,0,138,2,12,1
2071650,0,0,0,0,1,0,138,2,12,1
2071677,0,1,1,0,1,0,138,2,12,1
2071899,1,0,0,1,1,0,138,2,12,1
2072059,1,1,1,1,1,0,138,2,12,1
2072159,1,0,0,1,1,0,138,2,12,1
2072454,0,1,0,1,0,0,138,2,12,1
2073418,1,1,0,0,0,0,138,2,12,1
2073446,0,1,1,0,1,0,138,2,12,1
2073448,0,0,1,1,0,0,138,2,12,1
2073760,1,0,0,1,1,0,138,2,12,1
2074001,1,0,1,0,0,0,138,2,12,1
2074045,0,0,0,0,1,0,138,2,12,1
2074166,1,1,1,1,1,0,138,2,12,1
2074355,1,0,1,0,0,0,138,2,12,1
2074922,1,0,1,0,0,0,138,2,12,1
2075165,1,1,0,0,0,0,138,2,12,1
2075179,1,0,1,0,0,0,138,2,12,1
2075550,1,1,1,1,1,0,138,2,12,1
2076026,0,0,1,1,0,0,138,2,12,1
2076295,1,1,0,1,0,0,138,2,12,1
2076313,0,0,1,1,0,0,138,2,12,1
2076921,1,0,0,1,1,0,138,2,12,1
2077032,1,0,1,0,0,0,138,2,12,1
2077121,0,0,0,0,1,0,138,2,12,1
2077190,0,1,1,0,1,0,138,2,12,1
2077265,1,1,0,0,0,0,138,2,12,1
2077313,0,0,0,0,1,0,138,2,12,1
2077398,0,0,1,1,0,0,138,2,12,1
2077702,1,0,1,0,0,0,138,2,12,1
2078197,1,0,1,1,0,0,138,2,12,1
2078282,1,1,1,1,1,0,138,2,12,1
2078942,1,1,1,1,1,0,138,2,12,1
2079191,0,0,0,0,1,0,138,2,12,1
2079266,1,0,0,1,1,0,138,2,12,1
2079518,0,0,0,0,1,0,138,2,12,1
2079526,1,0,1,0,0,0,138,2,12,1
2079578,0,0,0,0,1,0,138,2,12,1
2080075,1,1,1,1,1,0,138,2,12,1
2080334,0,1,1,0,1,0,138,2,12,1
2080997,0,0,1,1,0,0,138,2,12,1
2081792,1,0,1,0,0,0,138,2,12,1
2081964,0,0,1,1,0,0,138,2,12,1
2082142,0,1,0,1,0,0,138,2,12,1
2082395,0,1,0,1,0,0,138,2,12,1
2083209,1,1,1,1,1,0,138,2,12,1
2083366,1,1,0,0,0,0,138,2,12,1
2083783,0,1,1,0,1,0,138,2,12,1
2083795,0,0,1,1,0,0,138,2,12,1
2083839,1,0,0,1,1,0,138,2,12,1
2083945,0,1,0,1,0,0,138,2,12,1
2084552,0,0,1,1,0,0,138,2,12,1
2085006,0,1,1,0,1,0,138,2,12,1
2085071,0,0,1,1,0,0,138,2,12,1
2085105,0,1,1,0,1,0,138,2,12,1
2085124,0,1,0,1,0,0,138,2,12,1
2085291,1,1,1,1,1,0,138,2,12,1
2085697,1,0,1,0,0,0,138,2,12,1
2085769,1,1,1,1,1,0,138,2,12,1
2086465,0,0,0,0,1,0,138,2,12,1
2086636,0,1,0,1,0,0,138,2,12,1
2086849,0,1,1,0,1,0,138,2,12,1
2086951,0,1,1,0,1,0,138,2,12,1
2087436,0,1,0,1,0,0,138,2,12,1
2087507,0,1,1,0,1,0,138,2,12,1
2087588,1,0,0,1,1,0,138,2,12,1
2087599,1,0,1,0,0,0,138,2,12,1
2087837,0,1,1,0,1,0,138,2,12,1
2088413,0,1,0,1,0,0,138,2,12,1
2088672,0,1,0,1,0,0,138,2,12,1
2088884,1,1,0,0,0,0,138,2,12,1
2089333,1,1,1,1,1,0,138,2,12,1
2089775,0,0,1,1,0,0,138,2,12,1
2090110,0,0,0,0,1,0,138,2,12,1
2090220,1,1,1,1,1,0,138,2,12,1
2090435,0,0,0,0,1,0,138,2,12,1
2090447,0,0,1,1,0,0,138,2,12,1
2090948,0,1,0,1,0,0,138,2,12,1
2090977,1,0,1,1,0,0,138,2,12,1
2091061,0,0,0,0,1,0,138,2,12,1
2091177,1,1,0,0,0,0,138,2,12,1
2091870,1,0,1,0,0,0,138,2,12,1
2092052,1,1,0,0,0,0,138,2,12,1
2092462,1,0,0,1,1,0,138,2,12,1
2092831,0,1,1,0,1,0,138,2,12,1
2092985,0,0,0,0,1,0,138,2,12,1
2093666,0,1,1,0,1,0,138,2,12,1
2093964,0,1,0,1,0,0,138,2,12,1
2094034,1,0,1,0,0,0,138,2,12,1
2094389,1,0,1,0,0,0,138,2,12,1
2094822,1,1,1,1,1,0,138,2,12,1
2095072,0,0,1,1,0,0,138,2,12,1
2095211,1,0,1,0,0,0,138,2,12,1
2096040,0,0,1,1,0,0,138,2,12,1
2096561,1,0,1,0,0,0,138,2,12,1
2096838,0,0,0,0,1,0,138,2,12,1
2096912,0,0,0,0,1,0,138,2,12,1
2097103,0,1,1,0,1,0,138,2,12,1
2097330,1,0,0,1,1,0,161,2,12,2
2098222,1,0,0,1,1,0,161,2,12,2
2098365,1,0,1,0,0,0,161,2,12,2
2098368,0,0,1,1,0,0,161,2,12,2
2098889,0,0,0,0,1,0,161,2,12,2
2098987,1,0,0,1,1,0,161,2,12,2
2099252,0,1,1,0,1,0,161,2,12,2
2099947,0,1,0,1,0,0,161,2,12,2
2101492,1,0,0,1,1,0,161,2,12,2
2101947,0,1,0,1,0,0,161,2,12,2
2103334,0,1,1,0,1,0,161,2,12,2
2103346,0,0,1,1,0,0,161,2,12,2
2103649,1,1,1,1,1,0,161,2,12,2
2104700,1,0,0,1,1,0,161,2,12,2
2104718,1,0,0,1,1,0,161,2,12,2
2105194,0,0,0,0,1,0,161,2,12,2
2105551,0,1,1,0,1,0,161,2,12,2
2106769,1,1,0,0,0,0,161,2,12,2
2106881,0,0,0,0,1,0,161,2,12,2
2107220,1,0,0,1,1,0,161,2,12,2
2107479,0,0,0,0,1,0,161,2,12,2
2107670,0,0,1,1,0,0,161,2,12,2
2107900,0,1,1,0,1,0,161,2,12,2
2109160,1,1,0,0,0,0,161,2,12,2
2109422,0,0,0,0,1,0,161,2,12,2
2109502,1,0,0,1,1,0,161,2,12,2
2109588,0,1,0,1,0,0,161,2,12,2
2110016,1,0,0,1,1,0,161,2,12,2
2110292,0,1,0,1,0,0,161,2,12,2
2110936,0,0,1,1,0,0,161,2,12,2
2111906,1,0,0,1,1,0,161,2,12,2
2112134,0,1,1,0,1,0,161,2,12,2
2112799,0,0,0,0,1,0,161,2,12,2
2112960,1,1,0,0,0,0,161,2,12,2
2113279,1,0,0,1,1,0,161,2,12,2
2113620,1,0,0,0,1,1,161,2,12,2
2114250,0,1,1,0,1,0,161,2,12,2
2114378,0,0,0,0,1,0,161,2,12,2
2114387,1,1,1,1,1,0,161,2,12,2
2114541,0,1,0,1,0,0,161,2,12,2
2117607,0,1,0,1,0,0,161,2,12,2
2118576,0,1,0,1,0,0,161,2,12,2
2120228,0,1,1,1,1,1,161,2,12,2
2120499,0,0,1,1,0,0,161,2,12,2
2120730,0,0,0,1,1,1,161,2,12,2
2121436,1,1,1,1,1,0,161,2,12,2
2122606,0,0,0,0,1,0,161,2,12,2
2122868,1,1,0,0,0,0,161,2,12,2
2123109,0,1,0,1,0,0,161,2,12,2
2123241,0,0,0,0,1,0,161,2,12,2
2125876,1,1,0,0,0,0,161,2,12,2
2127409,1,1,1,1,1,0,161,2,12,2
2127746,1,1,0,0,0,0,161,2,12,2
2128192,0,0,0,0,1,0,161,2,12,2
2129645,1,1,1,1,1,0,161,2,12,2
2129696,1,0,1,1,0,0,161,2,12,2
2129923,0,0,0,0,1,0,161,2,12,2
2130175,1,0,0,1,1,0,161,2,12,2
2130514,0,0,1,1,0,0,161,2,12,2
2130541,0,0,0,0,1,0,161,2,12,2
2130548,0,1,1,0,1,0,161,2,12,2
2130582,0,1,1,0,1,0,161,2,12,2
2131448,1,0,0,1,1,0,161,2,12,2
2132483,1,0,1,0,0,0,161,2,12,2
2132484,0,0,1,1,0,0,161,2,12,2
2132846,0,1,0,1,0,0,161,2,12,2
2132970,0,0,0,0,1,0,161,2,12,2
2134884,1,1,0,0,0,0,161,2,12,2
2135417,0,1,0,1,0,0,161,2,12,2
2137667,1,1,1,1,1,0,161,2,12,2
2138178,0,0,1,1,0,0,161,2,12,2
2139523,1,1,1,1,1,0,161,2,12,2
2140062,1,1,1,1,1,0,161,2,12,2
2140730,0,1,1,0,1,0,161,2,12,2
2142698,1,1,0,0,0,0,161,2,12,2
2142705,0,1,1,0,1,0,161,2,12,2
2143937,1,0,0,1,1,0,161,2,12,2
2144359,0,1,1,1,1,1,161,2,12,2
2144600,1,1,1,1,1,0,161,2,12,2
2145263,0,1,0,1,0,0,161,2,12,2
2145524,1,1,0,0,0,0,161,2,12,2
2146347,0,1,1,0,1,0,161,2,12,2
2146403,1,0,1,0,0,0,161,2,12,2
2146573,1,0,1,0,0,0,161,2,12,2
2147109,1,1,0,0,0,0,161,2,12,2
2147237,1,1,1,1,1,0,161,2,12,2
2147997,0,0,0,0,1,0,161,2,12,2
2148442,0,0,1,0,0,0,161,2,12,2
2149096,1,1,1,1,1,0,161,2,12,2
2149127,1,0,0,1,1,0,161,2,12,2
2150777,0,1,0,1,0,0,161,2,12,2
2151245,0,0,1,1,0,0,161,2,12,2
2151722,1,0,1,0,0,0,161,2,12,2
2152957,0,1,0,1,0,0,161,2,12,2
2153918,1,0,1,0,0,0,161,2,12,2
2153939,0,0,0,0,1,0,161,2,12,2
2154921,1,1,1,1,1,0,161,2,12,2
2155325,0,1,1,0,1,0,161,2,12,2
2155381,0,1,0,1,0,0,161,2,12,2
2156044,0,0,1,1,0,0,161,2,12,2
2156357,0,0,1,0,0,0,161,2,12,2
2157239,1,1,0,0,0,0,161,2,12,2
2157476,1,1,1,1,1,0,161,2,12,2
2157722,1,1,0,0,0,0,161,2,12,2
2157901,1,0,1,0,0,0,161,2,12,2
2157999,0,1,0,1,0,0,161,2,12,2
2158268,0,1,1,0,1,0,161,2,12,2
2158709,1,0,1,0,0,0,161,2,12,2
2159053,1,1,0,0,0,0,161,2,12,2
2159135,1,0,1,0,0,0,161,2,12,2
2159879,1,0,0,1,1,0,161,2,12,2
2160088,0,1,1,0,1,0,161,2,12,2
2162118,1,1,0,0,0,0,161,2,12,2
2163100,1,1,0,0,0,0,163,2,12,2
2163252,1,0,1,0,0,0,163,2,12,2
2163531,1,0,0,1,1,0,163,2,12,2
2163660,0,1,1,0,1,0,163,2,12,2
2164180,0,1,1,0,1,0,163,2,12,2
2165189,0,1,1,0,1,0,163,2,12,2
2166155,1,1,1,1,1,0,163,2,12,2
2166637,0,1,1,0,1,0,163,2,12,2
2166932,0,1,1,0,1,0,163,2,12,2
2167159,1,0,0,1,1,0,163,2,12,2
2167342,1,0,0,1,1,0,163,2,12,2
2167402,0,0,0,0,1,0,163,2,12,2
2167641,0,0,0,0,1,0,163,2,12,2
2169826,0,1,0,0,0,0,163,2,12,2
2170378,0,0,1,1,0,0,163,2,12,2
2172076,0,1,0,1,0,0,163,2,12,2
2172182,1,0,1,0,0,0,163,2,12,2
2172242,0,1,1,0,1,0,163,2,12,2
2172511,0,0,0,0,1,0,163,2,12,2
2173124,1,0,0,0,1,1,163,2,12,2
2173217,1,1,0,0,0,0,163,2,12,2
2173882,0,1,0,1,0,0,163,2,12,2
2175052,0,0,1,1,0,0,163,2,12,2
2175364,1,1,0,0,0,0,163,2,12,2
2175507,0,0,0,0,1,0,163,2,12,2
2176080,1,0,0,1,1,0,163,2,12,2
2177459,1,0,1,0,0,0,163,2,12,2
2177491,0,0,0,0,1,0,163,2,12,2
2178677,0,0,0,0,1,0,163,2,12,2
2178899,1,0,1,0,0,0,163,2,12,2
2179277,0,0,0,1,1,1,163,2,12,2
2179528,1,1,0,0,0,0,163,2,12,2
2179856,0,1,0,1,0,0,163,2,12,2
2180906,0,0,1,0,0,0,163,2,12,2
2181417,1,0,0,1,1,0,163,2,12,2
2181998,0,1,0,1,0,0,163,2,12,2
2182480,0,1,1,0,1,0,163,2,12,2
2182884,0,1,1,0,1,0,163,2,12,2
2183837,0,0,0,0,1,0,163,2,12,2
2184093,0,0,0,0,1,0,163,2,12,2
2184925,1,1,0,0,0,0,163,2,12,2
2185210,1,1,0,0,0,0,163,2,12,2
2185900,0,1,0,1,0,0,163,2,12,2
2186412,1,1,1,1,1,0,163,2,12,2
2186684,1,1,0,0,0,0,163,2,12,2
2186793,0,1,1,0,1,0,163,2,12,2
2187020,1,0,1,0,0,0,163,2,12,2
2187620,0,0,0,0,1,0,163,2,12,2
2188385,0,0,0,0,1,0,163,2,12,2
2188737,1,1,1,1,1,0,163,2,12,2
2190523,1,1,0,0,0,0,163,2,12,2
2190976,1,0,0,1,1,0,163,2,12,2
2191130,0,0,0,0,1,0,163,2,12,2
2191257,0,1,1,0,1,0,163,2,12,2
2191714,0,1,0,1,0,0,163,2,12,2
2192378,1,1,1,1,1,0,163,2,12,2
2192595,1,0,1,0,0,0,163,2,12,2
2193138,0,1,0,1,0,0,163,2,12,2
2193149,0,0,0,0,1,0,163,2,12,2
2195653,0,0,1,1,0,0,163,2,12,2
2196003,1,0,0,1,1,0,163,2,12,2
2196262,1,0,1,0,0,0,163,2,12,2
2197110,0,0,1,1,0,0,163,2,12,2
2199032,1,1,1,1,1,0,163,2,12,2
2199217,1,1,0,0,0,0,163,2,12,2
2199267,1,0,1,0,0,0,163,2,12,2
2199495,0,1,0,1,0,0,163,2,12,2
2200436,0,1,1,0,1,0,163,2,12,2
2200527,1,0,1,0,0,0,163,2,12,2
2200908,0,0,1,1,0,0,163,2,12,2
2202057,0,0,0,0,1,0,163,2,12,2
2202293,1,0,1,0,0,0,163,2,12,2
2203463,0,0,0,0,1,0,163,2,12,2
2204074,0,1,1,0,1,0,163,2,12,2
2204700,1,0,1,0,0,0,163,2,12,2
2205610,0,0,1,1,0,0,163,2,12,2
2205757,0,0,0,0,1,0,163,2,12,2
2207048,0,0,0,0,1,0,163,2,12,2
2207964,0,0,0,0,1,0,163,2,12,2
2207997,1,1,1,0,1,1,163,2,12,2
2208002,0,1,0,1,0,0,163,2,12,2
2210424,1,0,1,0,0,0,163,2,12,2
2210691,0,0,0,0,1,0,163,2,12,2
2210845,0,0,1,1,0,0,163,2,12,2
2210860,1,1,0,0,0,0,163,2,12,2
2211750,1,0,1,1,0,0,163,2,12,2
2212742,1,0,1,0,0,0,163,2,12,2
2213008,1,0,0,1,1,0,163,2,12,2
2213038,1,1,1,1,1,0,163,2,12,2
2213044,1,0,0,1,1,0,163,2,12,2
2213750,0,0,0,0,1,0,163,2,12,2
2213961,0,0,1,1,0,0,163,2,12,2
2216161,0,1,0,0,0,0,163,2,12,2
2216336,1,1,1,1,1,0,163,2,12,2
2217234,1,0,1,0,0,0,163,2,12,2
2217345,1,1,0,0,0,0,163,2,12,2
2217876,0,0,1,1,0,0,163,2,12,2
2219109,1,1,0,0,0,0,163,2,12,2
2219248,1,0,0,1,1,0,163,2,12,2
2219269,1,1,0,0,0,0,163,2,12,2
2220045,1,0,0,1,1,0,163,2,12,2
2220496,0,1,0,1,0,0,163,2,12,2
2220731,0,0,1,1,0,0,163,2,12,2
2221028,1,1,0,0,0,0,163,2,12,2
2221382,1,0,0,1,1,0,163,2,12,2
2221433,0,1,1,0,1,0,163,2,12,2
2221792,0,0,1,1,0,0,163,2,12,2
2222395,0,0,0,0,1,0,163,2,12,2
2222544,0,0,1,1,0,0,163,2,12,2
2222777,0,0,0,0,1,0,163,2,12,2
2223737,1,1,0,0,0,0,163,2,12,2
2223838,0,1,0,1,0,0,163,2,12,2
2224502,1,1,0,0,0,0,163,2,12,2
2225689,0,1,0,1,0,0,163,2,12,2
2226973,1,1,0,0,0,0,163,2,12,2
2227635,0,1,0,0,0,0,163,2,12,2
2227700,0,0,1,0,0,0,163,2,12,2
2227725,1,0,0,1,1,0,163,2,12,2
2228928,0,0,0,0,1,0,111,1,12,2
2229998,0,0,1,1,0,0,111,1,12,2
2230603,1,0,0,1,1,0,111,1,12,2
2230824,0,1,0,1,0,0,111,1,12,2
2231426,0,0,1,1,0,0,111,1,12,2
2231657,0,1,1,0,1,0,111,1,12,2
2232060,1,0,1,0,0,0,111,1,12,2
2232400,0,0,1,1,0,0,111,1,12,2
2232416,1,0,1,0,0,0,111,1,12,2
2233676,0,1,1,0,1,0,111,1,12,2
2233725,1,1,1,1,1,0,111,1,12,2
2234365,1,1,1,1,1,0,111,1,12,2
2235454,0,1,0,1,0,0,111,1,12,2
2236195,1,0,1,0,0,0,111,1,12,2
2237796,0,0,1,1,0,0,111,1,12,2
2238120,1,1,0,0,0,0,111,1,12,2
2239663,1,1,1,1,1,0,111,1,12,2
2239790,1,0,1,0,0,0,111,1,12,2
2240519,0,0,0,0,1,0,111,1,12,2
2240703,1,1,0,0,0,0,111,1,12,2
2241370,0,0,0,0,1,0,111,1,12,2
2245965,0,1,0,0,0,0,111,1,12,2
2246635,0,0,1,1,0,0,111,1,12,2
2247567,0,0,0,0,1,0,111,1,12,2
2248355,1,0,0,1,1,0,111,1,12,2
2248728,0,0,1,1,0,0,111,1,12,2
2249122,1,0,0,1,1,0,111,1,12,2
2249377,0,0,0,0,1,0,111,1,12,2
2249720,1,0,1,0,0,0,111,1,12,2
2250639,1,1,0,0,0,0,111,1,12,2
2250666,0,1,1,0,1,0,111,1,12,2
2251552,1,0,1,0,0,0,111,1,12,2
2252305,1,1,0,0,0,0,111,1,12,2
2255480,1,0,0,1,1,0,111,1,12,2
2255643,0,0,1,1,0,0,111,1,12,2
2256825,1,0,0,1,1,0,111,1,12,2
2257219,1,1,1,1,1,0,111,1,12,2
2257337,1,0,0,1,1,0,111,1,12,2
2258437,1,1,0,0,0,0,111,1,12,2
2259451,0,1,0,1,0,0,111,1,12,2
2259598,1,0,0,1,1,0,111,1,12,2
2260469,1,1,0,0,0,0,111,1,12,2
2261132,0,1,0,1,0,0,111,1,12,2
2261224,0,1,1,1,1,1,111,1,12,2
2261483,1,1,0,0,0,0,111,1,12,2
2261594,0,1,0,1,0,0,111,1,12,2
2261749,0,1,0,1,0,0,111,1,12,2
2264208,1,0,0,1,1,0,111,1,12,2
2265011,0,0,0,0,1,0,111,1,12,2
2266696,0,1,0,1,0,0,111,1,12,2
2268506,0,0,0,0,1,0,111,1,12,2
2269318,1,1,0,0,0,0,111,1,12,2
2270145,1,1,0,0,0,0,111,1,12,2
2270552,0,1,0,1,0,0,111,1,12,2
2272591,1,1,0,0,0,0,111,1,12,2
2273909,1,0,0,1,1,0,111,1,12,2
2275348,1,1,1,1,1,0,111,1,12,2
2276972,0,0,0,0,1,0,111,1,12,2
2279139,0,1,1,0,1,0,111,1,12,2
2280936,1,0,1,0,0,0,111,1,12,2
2281332,0,0,1,1,0,0,111,1,12,2
2281447,0,1,1,0,1,0,111,1,12,2
2282088,0,0,1,1,0,0,111,1,12,2
2283076,1,1,0,0,0,0,111,1,12,2
2283311,0,1,0,1,0,0,111,1,12,2
2283415,0,0,0,0,1,0,111,1,12,2
2283755,0,1,1,0,1,0,111,1,12,2
2283869,1,0,1,0,0,0,111,1,12,2
2285515,1,1,0,1,0,0,111,1,12,2
2285576,0,0,0,0,1,0,111,1,12,2
2285613,1,1,1,1,1,0,111,1,12,2
2286102,0,1,1,0,1,0,111,1,12,2
2286294,0,0,1,1,0,0,111,1,12,2
2286433,1,0,1,0,0,0,111,1,12,2
2287479,0,0,1,1,0,0,111,1,12,2
2287705,0,1,1,0,1,0,111,1,12,2
2288791,0,1,0,1,0,0,111,1,12,2
2288837,1,0,1,0,0,0,111,1,12,2
2289612,0,1,0,1,0,0,111,1,12,2
2290077,0,0,1,1,0,0,111,1,12,2
2290498,1,1,0,0,0,0,111,1,12,2
2291681,0,1,1,0,1,0,111,1,12,2
2295695,0,1,0,1,0,0,133,1,9,2
2297794,1,1,0,0,0,0,133,1,9,2
2299433,0,1,0,1,0,0,133,1,9,2
2299957,1,1,1,1,1,0,133,1,9,2
2300176,1,0,1,0,0,0,133,1,9,2
2300446,0,0,1,1,0,0,133,1,9,2
2300815,1,0,1,0,0,0,133,1,9,2
2301065,0,1,0,1,0,0,133,1,9,2
2301292,1,0,0,1,1,0,133,1,9,2
2301336,1,1,0,0,0,0,133,1,9,2
2303226,0,1,0,1,0,0,133,1,9,2
2303582,1,0,1,0,0,0,133,1,9,2
2304147,1,1,1,1,1,0,133,1,9,2
2304440,0,0,0,0,1,0,133,1,9,2
2304865,1,1,1,1,1,0,133,1,9,2
2305343,1,1,0,0,0,0,133,1,9,2
2305812,1,1,1,1,1,0,133,1,9,2
2310080,0,1,1,0,1,0,133,1,9,2
2310112,0,1,0,1,0,0,133,1,9,2
2310488,0,1,1,0,1,0,133,1,9,2
2310932,1,1,0,0,0,0,133,1,9,2
2312082,1,1,0,0,0,0,133,1,9,2
2312281,1,0,1,0,0,0,133,1,9,2
2312613,1,0,0,1,1,0,133,1,9,2
2314075,0,1,0,1,0,0,133,1,9,2
2314111,0,0,0,0,1,0,133,1,9,2
2314611,1,1,1,1,1,0,133,1,9,2
2314901,0,1,0,1,0,0,133,1,9,2
2315374,0,1,1,1,1,1,133,1,9,2
2315892,1,0,1,0,0,0,133,1,9,2
2317034,1,0,0,1,1,0,133,1,9,2
2318860,0,1,0,1,0,0,133,1,9,2
2319421,1,1,1,1,1,0,133,1,9,2
2319692,1,0,0,1,1,0,133,1,9,2
2325328,0,1,1,0,1,0,133,1,9,2
2325627,1,0,0,1,1,0,133,1,9,2
2326896,1,0,1,0,0,0,133,1,9,2
2327024,1,0,0,1,1,0,133,1,9,2
2328091,0,0,1,1,0,0,133,1,9,2
2328192,0,0,1,1,0,0,133,1,9,2
2330148,0,0,1,1,0,0,133,1,9,2
2331178,1,0,0,1,1,0,133,1,9,2
2333442,1,1,0,0,0,0,133,1,9,2
2334958,1,1,1,0,1,1,133,1,9,2
2335116,1,0,0,1,1,0,133,1,9,2
2336613,1,0,0,1,1,0,133,1,9,2
2337049,0,0,0,0,1,0,133,1,9,2
2338533,1,0,0,1,1,0,133,1,9,2
2338563,0,0,0,0,1,0,133,1,9,2
2338621,0,0,0,0,1,0,133,1,9,2
2341985,0,1,1,0,1,0,133,1,9,2
2342342,1,0,0,1,1,0,133,1,9,2
2342451,0,1,1,0,1,0,133,1,9,2
2342561,0,0,1,1,0,0,133,1,9,2
2342955,0,1,0,1,0,0,133,1,9,2
2343293,0,0,0,0,1,0,133,1,9,2
2343563,1,0,1,1,0,0,133,1,9,2
2344276,0,0,0,0,1,0,133,1,9,2
2344566,1,0,1,0,0,0,133,1,9,2
2344907,1,1,0,0,0,0,133,1,9,2
2345760,0,0,1,1,0,0,133,1,9,2
2346020,1,0,0,1,1,0,133,1,9,2
2347253,0,0,0,0,1,0,133,1,9,2
2348524,0,1,1,0,1,0,133,1,9,2
2349699,1,0,0,1,1,0,133,1,9,2
2350412,1,0,0,1,1,0,133,1,9,2
2350442,0,0,1,1,0,0,133,1,9,2
2352550,0,1,0,1,0,0,133,1,9,2
2352904,0,1,0,1,0,0,133,1,9,2
2355272,0,1,0,1,0,0,133,1,9,2
2355301,1,1,0,0,0,0,133,1,9,2
2356449,0,1,0,1,0,0,133,1,9,2
2356733,0,0,1,1,0,0,133,1,9,2
2358022,0,1,1,0,1,0,133,1,9,2
2359608,0,1,0,1,0,0,91,1,9,1
2359755,1,1,0,0,0,0,91,1,9,1
2360824,1,0,0,1,1,0,91,1,9,1
2361208,1,0,1,0,0,0,91,1,9,1
2361550,0,1,0,1,0,0,91,1,9,1
2362519,1,0,0,1,1,0,91,1,9,1
2363701,0,0,1,1,0,0,91,1,9,1
2364147,0,1,0,1,0,0,91,1,9,1
2364697,0,1,1,0,1,0,91,1,9,1
2367584,0,0,0,0,1,0,91,1,9,1
2367625,1,1,0,0,0,0,91,1,9,1
2368611,0,0,0,0,1,0,91,1,9,1
2369968,1,0,1,0,0,0,91,1,9,1
2370040,0,1,0,1,0,0,91,1,9,1
2370122,1,0,1,0,0,0,91,1,9,1
2370430,0,1,0,1,0,0,91,1,9,1
2370436,1,0,0,1,1,0,91,1,9,1
2371055,1,0,0,1,1,0,91,1,9,1
2371355,1,0,1,0,0,0,91,1,9,1
2372211,1,0,0,1,1,0,91,1,9,1
2372521,1,1,1,1,1,0,91,1,9,1
2372933,1,1,1,1,1,0,91,1,9,1
2373097,0,1,0,1,0,0,91,1,9,1
2373191,0,0,1,1,0,0,91,1,9,1
2373457,1,0,0,1,1,0,91,1,9,1
2373529,0,0,1,1,0,0,91,1,9,1
2373593,0,0,0,0,1,0,91,1,9,1
2373775,0,1,0,1,0,0,91,1,9,1
2375269,0,1,1,0,1,0,91,1,9,1
2375490,0,1,1,0,1,0,91,1,9,1
2375883,0,0,0,0,1,0,91,1,9,1
2376874,0,0,1,0,0,0,91,1,9,1
2377176,1,1,0,0,0,0,91,1,9,1
2377563,1,1,0,0,0,0,91,1,9,1
2377576,1,1,0,0,0,0,91,1,9,1
2377734,1,0,0,1,1,0,91,1,9,1
2378395,1,0,0,1,1,0,91,1,9,1
2378828,1,0,1,0,0,0,91,1,9,1
2379709,1,0,1,0,0,0,91,1,9,1
2380385,0,0,1,1,0,0,91,1,9,1
2380613,0,0,0,0,1,0,91,1,9,1
2381745,1,0,1,0,0,0,91,1,9,1
2382421,0,0,0,0,1,0,91,1,9,1
2382506,1,1,0,0,0,0,91,1,9,1
2383278,0,1,1,0,1,0,91,1,9,1
2383539,1,1,1,1,1,0,91,1,9,1
2384328,1,0,1,0,0,0,91,1,9,1
2384665,1,1,0,0,0,0,91,1,9,1
2387080,1,0,1,0,0,0,91,1,9,1
2387123,1,1,1,1,1,0,91,1,9,1
2387311,0,1,0,1,0,0,91,1,9,1
2387453,1,1,1,1,1,0,91,1,9,1
2387640,0,0,1,1,0,0,91,1,9,1
2389187,0,1,1,0,1,0,91,1,9,1
2389540,0,0,0,0,1,0,91,1,9,1
2390229,1,0,1,0,0,0,91,1,9,1
2390308,1,1,0,0,0,0,91,1,9,1
2392097,1,1,1,0,1,1,91,1,9,1
2392444,1,0,1,0,0,0,91,1,9,1
2393446,1,1,0,0,0,0,91,1,9,1
2394237,0,1,0,1,0,0,91,1,9,1
2394690,1,0,0,1,1,0,91,1,9,1
2395089,0,1,1,0,1,0,91,1,9,1
2395188,1,0,0,1,1,0,91,1,9,1
2395473,1,1,1,1,1,0,91,1,9,1
2395733,0,1,0,1,0,0,91,1,9,1
2396134,0,1,0,1,0,0,91,1,9,1
2396696,1,1,1,1,1,0,91,1,9,1
2397314,1,1,1,1,1,0,91,1,9,1
2397545,1,0,1,0,0,0,91,1,9,1
2399344,0,1,1,0,1,0,91,1,9,1
2399605,1,1,0,0,0,0,91,1,9,1
2399971,1,0,1,0,0,0,91,1,9,1
2400035,1,1,1,0,1,1,91,1,9,1
2400951,1,1,0,0,0,0,91,1,9,1
2401008,1,1,0,0,0,0,91,1,9,1
2401033,1,1,1,1,1,0,91,1,9,1
2401253,0,0,0,0,1,0,91,1,9,1
2401407,1,1,1,1,1,0,91,1,9,1
2401803,0,0,0,0,1,0,91,1,9,1
2402601,0,0,0,0,1,0,91,1,9,1
2402646,0,0,1,1,0,0,91,1,9,1
2403680,0,0,1,1,0,0,91,1,9,1
2403792,1,1,1,1,1,0,91,1,9,1
2404152,1,1,0,0,0,0,91,1,9,1
2404669,0,0,1,1,0,0,91,1,9,1
2405209,0,1,0,1,0,0,91,1,9,1
2406026,1,0,1,0,0,0,91,1,9,1
2406154,1,1,1,1,1,0,91,1,9,1
2406259,0,0,1,1,0,0,91,1,9,1
2406887,0,1,1,0,1,0,91,1,9,1
2407061,0,0,1,1,0,0,91,1,9,1
2407349,0,0,0,0,1,0,91,1,9,1
2407411,1,1,0,0,0,0,91,1,9,1
2408821,0,1,0,1,0,0,91,1,9,1
2409161,0,1,1,0,1,0,91,1,9,1
2409941,1,1,1,1,1,0,91,1,9,1
2410025,0,1,0,1,0,0,91,1,9,1
2410817,1,0,0,0,1,1,91,1,9,1
2410920,0,0,1,1,0,0,91,1,9,1
2410962,1,1,1,1,1,0,91,1,9,1
2411046,0,1,1,0,1,0,91,1,9,1
2411489,1,0,0,1,1,0,91,1,9,1
2411503,0,0,1,1,0,0,91,1,9,1
2411794,0,0,0,0,1,0,91,1,9,1
2413861,0,1,1,0,1,0,91,1,9,1
2413869,0,1,0,1,0,0,91,1,9,1
2415368,1,0,0,1,1,0,91,1,9,1
2415966,1,1,0,0,0,0,91,1,9,1
2416540,0,0,1,1,0,0,91,1,9,1
2417832,1,0,0,1,1,0,91,1,9,1
2418313,0,1,1,0,1,0,91,1,9,1
2418391,0,0,1,1,0,0,91,1,9,1
2419458,1,0,0,1,1,0,91,1,9,1
2419558,0,0,0,0,1,0,91,1,9,1
2420319,0,0,0,0,1,0,91,1,9,1
2421335,1,1,1,1,1,0,91,1,9,1
2421861,1,0,1,0,0,0,91,1,9,1
2423859,0,0,1,1,0,0,91,1,9,1
2424734,1,1,1,1,1,0,91,1,9,1
2424894,1,1,1,1,1,0,116,1,9,1
2424927,1,0,1,0,0,0,116,1,9,1
2425300,1,1,1,1,1,0,116,1,9,1
2425420,0,1,1,0,1,0,116,1,9,1
2425635,0,0,0,0,1,0,116,1,9,1
2426439,1,1,0,0,0,0,116,1,9,1
2426648,1,1,1,1,1,0,116,1,9,1
2426974,1,0,1,0,0,0,116,1,9,1
2428553,0,1,0,1,0,0,116,1,9,1
2429732,0,0,1,1,0,0,116,1,9,1
2429763,0,1,1,0,1,0,116,1,9,1
2430219,1,1,0,0,0,0,116,1,9,1
2431708,1,1,0,0,0,0,116,1,9,1
2432270,1,1,1,1,1,0,116,1,9,1
2432449,0,1,0,1,0,0,116,1,9,1
2432579,1,1,1,1,1,0,116,1,9,1
2433750,0,0,1,1,0,0,116,1,9,1
2434272,1,1,1,1,1,0,116,1,9,1
2434526,0,1,1,0,1,0,116,1,9,1
2434627,1,1,1,1,1,0,116,1,9,1
2435349,0,0,1,1,0,0,116,1,9,1
2435394,0,1,0,1,0,0,116,1,9,1
2435522,0,1,0,1,0,0,116,1,9,1
2435524,1,0,0,1,1,0,116,1,9,1
2435670,1,1,0,0,0,0,116,1,9,1
2435813,1,0,0,1,1,0,116,1,9,1
2436611,1,1,1,1,1,0,116,1,9,1
2436746,0,0,1,1,0,0,116,1,9,1
2436768,1,1,0,0,0,0,116,1,9,1
2437422,0,1,0,1,0,0,116,1,9,1
2437797,1,0,1,0,0,0,116,1,9,1
2438027,0,1,0,1,0,0,116,1,9,1
2438328,0,0,1,1,0,0,116,1,9,1
2438494,0,0,1,1,0,0,116,1,9,1
2439425,0,0,1,1,0,0,116,1,9,1
2439476,0,1,0,0,0,0,116,1,9,1
2439505,0,1,0,1,0,0,116,1,9,1
2439575,1,1,0,0,0,0,116,1,9,1
2439685,0,1,0,1,0,0,116,1,9,1
2439715,0,0,0,0,1,0,116,1,9,1
2439896,0,1,1,0,1,0,116,1,9,1
2440436,0,0,1,1,0,0,116,1,9,1
2440489,0,1,0,0,0,0,116,1,9,1
2440800,1,0,1,1,0,0,116,1,9,1
2440924,1,1,0,0,0,0,116,1,9,1
2441410,0,1,1,0,1,0,116,1,9,1
2441587,1,1,0,0,0,0,116,1,9,1
2441770,0,1,1,0,1,0,116,1,9,1
2441862,0,0,0,0,1,0,116,1,9,1
2442191,1,1,1,1,1,0,116,1,9,1
2442292,1,0,1,0,0,0,116,1,9,1
2442451,1,1,0,0,0,0,116,1,9,1
2442647,1,0,1,0,0,0,116,1,9,1
2442668,0,1,1,0,1,0,116,1,9,1
2442989,0,0,1,1,0,0,116,1,9,1
2443376,1,0,1,0,0,0,116,1,9,1
2443894,0,0,0,0,1,0,116,1,9,1
2444026,1,1,1,1,1,0,116,1,9,1
2445168,1,0,0,1,1,0,116,1,9,1
2445220,1,0,0,1,1,0,116,1,9,1
2445569,1,1,1,1,1,0,116,1,9,1
2445871,0,0,1,1,0,0,116,1,9,1
2445968,1,1,1,1,1,0,116,1,9,1
2446173,0,1,1,0,1,0,116,1,9,1
2446607,1,0,1,0,0,0,116,1,9,1
2447234,0,0,1,1,0,0,116,1,9,1
2447332,0,1,1,0,1,0,116,1,9,1
2447401,0,0,0,0,1,0,116,1,9,1
2447448,1,0,1,0,0,0,116,1,9,1
2447613,0,1,0,1,0,0,116,1,9,1
2448255,0,0,0,0,1,0,116,1,9,1
2449438,1,1,0,0,0,0,116,1,9,1
2449821,0,0,0,0,1,0,116,1,9,1
2450046,0,0,0,0,1,0,116,1,9,1
2450054,1,1,0,0,0,0,116,1,9,1
2450275,0,1,1,0,1,0,116,1,9,1
2450299,1,1,1,1,1,0,116,1,9,1
2450328,0,1,0,1,0,0,116,1,9,1
2450570,0,0,1,1,0,0,116,1,9,1
2450748,0,1,1,0,1,0,116,1,9,1
2450816,1,0,0,1,1,0,116,1,9,1
2451148,1,1,1,1,1,0,116,1,9,1
2451165,1,0,0,1,1,0,116,1,9,1
2451784,0,0,1,1,0,0,116,1,9,1
2452095,0,0,0,0,1,0,116,1,9,1
2452346,1,1,0,0,0,0,116,1,9,1
2453631,0,1,1,1,1,1,116,1,9,1
2453856,1,0,1,0,0,0,116,1,9,1
2453934,0,1,0,1,0,0,116,1,9,1
2453947,0,1,0,1,0,0,116,1,9,1
2453999,0,0,0,0,1,0,116,1,9,1
2454007,1,0,0,1,1,0,116,1,9,1
2454121,0,0,0,0,1,0,116,1,9,1
2454461,0,0,0,0,1,0,116,1,9,1
2454534,0,0,1,1,0,0,116,1,9,1
2454644,0,0,1,1,0,0,116,1,9,1
2455847,0,1,0,1,0,0,116,1,9,1
2456129,0,0,0,0,1,0,116,1,9,1
2456541,0,0,1,1,0,0,116,1,9,1
2458521,1,1,0,0,0,0,116,1,9,1
2458736,1,0,0,1,1,0,116,1,9,1
2459004,0,1,0,1,0,0,116,1,9,1
2460429,0,1,1,0,1,0,116,1,9,1
2461590,0,1,0,1,0,0,116,1,9,1
2461793,0,0,1,1,0,0,116,1,9,1
2462148,0,0,1,1,0,0,116,1,9,1
2462582,1,1,0,0,0,0,116,1,9,1
2462754,0,0,0,0,1,0,116,1,9,1
2462837,0,1,1,0,1,0,116,1,9,1
2463185,0,1,1,0,1,0,116,1,9,1
2463645,1,1,1,1,1,0,116,1,9,1
2464181,0,1,1,0,1,0,116,1,9,1
2464343,1,0,0,1,1,0,116,1,9,1
2464524,0,0,0,0,1,0,116,1,9,1
2464701,1,1,1,1,1,0,116,1,9,1
2465326,1,0,0,1,1,0,116,1,9,1
2465659,1,1,0,0,0,0,116,1,9,1
2466475,0,1,1,0,1,0,116,1,9,1
2466544,0,1,1,0,1,0,116,1,9,1
2466779,0,0,1,1,0,0,116,1,9,1
2466983,0,0,1,1,0,0,116,1,9,1
2467451,0,0,1,1,0,0,116,1,9,1
2468289,0,0,1,1,0,0,116,1,9,1
2468519,0,0,1,1,0,0,116,1,9,1
2469371,0,1,1,0,1,0,116,1,9,1
2470508,1,1,0,0,0,0,116,1,9,1
2470578,0,1,0,0,0,0,116,1,9,1
2471379,1,1,0,0,0,0,116,1,9,1
2471853,0,1,0,1,0,0,116,1,9,1
2472034,0,0,1,1,0,0,116,1,9,1
2472485,0,1,0,1,0,0,116,1,9,1
2472566,1,0,1,0,0,0,116,1,9,1
2473035,0,1,0,1,0,0,116,1,9,1
2473382,0,1,0,1,0,0,116,1,9,1
2473756,1,0,1,0,0,0,116,1,9,1
2475091,0,0,1,1,0,0,116,1,9,1
2475639,1,0,1,0,0,0,116,1,9,1
2476724,1,1,1,1,1,0,116,1,9,1
2477016,1,1,0,0,0,0,116,1,9,1
2477621,0,0,0,0,1,0,116,1,9,1
2477666,1,1,0,0,0,0,116,1,9,1
2477877,1,1,0,0,0,0,116,1,9,1
2477971,0,0,1,1,0,0,116,1,9,1
2479068,1,0,0,1,1,0,116,1,9,1
2479727,0,0,0,0,1,0,116,1,9,1
2479872,1,0,0,1,1,0,116,1,9,1
2480004,0,1,1,0,1,0,116,1,9,1
2480420,1,0,1,0,0,0,116,1,9,1
2480821,1,1,0,1,0,0,116,1,9,1
2481254,0,1,1,0,1,0,116,1,9,1
2481363,1,1,0,0,0,0,116,1,9,1
2481457,1,1,0,0,0,0,116,1,9,1
2482680,0,0,1,1,0,0,116,1,9,1
2483204,0,1,0,1,0,0,116,1,9,1
2483312,0,0,0,0,1,0,116,1,9,1
2483515,0,1,1,0,1,0,116,1,9,1
2484018,1,0,0,1,1,0,116,1,9,1
2484799,0,0,1,1,0,0,116,1,9,1
2485484,0,1,1,0,1,0,116,1,9,1
2485578,1,0,1,0,0,0,116,1,9,1
2488400,1,1,1,1,1,0,116,1,9,1
2488472,1,1,1,1,1,0,116,1,9,1
2488533,0,0,1,1,0,0,116,1,9,1
2488548,1,1,1,1,1,0,116,1,9,1
2488641,1,0,1,0,0,0,116,1,9,1
2488646,0,1,1,0,1,0,116,1,9,1
2488658,0,1,0,1,0,0,116,1,9,1
2488716,1,1,1,1,1,0,116,1,9,1
2489929,0,0,0,0,1,0,116,1,9,1
2489989,0,0,0,0,1,0,116,1,9,1
2490092,0,0,0,0,1,0,116,1,9,1
2490512,1,0,1,0,0,0,108,1,9,1
2492141,1,0,1,0,0,0,108,1,9,1
2492611,0,1,1,0,1,0,108,1,9,1
2492798,0,0,1,1,0,0,108,1,9,1
2492817,1,1,1,1,1,0,108,1,9,1
2493278,1,1,0,0,0,0,108,1,9,1
2494288,0,1,0,1,0,0,108,1,9,1
2495153,1,1,1,1,1,0,108,1,9,1
2495715,0,1,0,1,0,0,108,1,9,1
2495730,1,1,1,1,1,0,108,1,9,1
2495736,0,1,0,1,0,0,108,1,9,1
2495785,0,1,1,0,1,0,108,1,9,1
2496093,1,1,1,1,1,0,108,1,9,1
2496922,1,0,1,0,0,0,108,1,9,1
2497533,0,0,1,1,0,0,108,1,9,1
2498771,1,0,1,0,0,0,108,1,9,1
2498995,0,1,0,1,0,0,108,1,9,1
2499356,1,0,0,1,1,0,108,1,9,1
2499742,0,0,1,1,0,0,108,1,9,1
2499922,1,0,1,0,0,0,108,1,9,1
2500125,0,0,0,0,1,0,108,1,9,1
2500528,0,0,0,0,1,0,108,1,9,1
2500771,0,1,0,1,0,0,108,1,9,1
2501439,0,0,0,0,1,0,108,1,9,1
2502564,0,1,1,0,1,0,108,1,9,1
2502699,1,1,1,1,1,0,108,1,9,1
2502816,0,0,0,0,1,0,108,1,9,1
2503323,1,1,1,1,1,0,108,1,9,1
2503339,0,1,1,0,1,0,108,1,9,1
2504703,1,0,1,0,0,0,108,1,9,1
2504869,0,0,1,1,0,0,108,1,9,1
2504913,1,1,1,1,1,0,108,1,9,1
2505519,1,0,0,1,1,0,108,1,9,1
2506616,1,0,1,0,0,0,108,1,9,1
2506871,1,0,1,0,0,0,108,1,9,1
2506890,1,0,0,1,1,0,108,1,9,1
2507433,1,0,0,1,1,0,108,1,9,1
2507933,0,0,1,1,0,0,108,1,9,1
2508037,1,1,0,0,0,0,108,1,9,1
2508759,0,1,1,0,1,0,108,1,9,1
2509063,0,0,1,1,0,0,108,1,9,1
2509144,1,1,1,1,1,0,108,1,9,1
2509296,1,1,0,0,0,0,108,1,9,1
2509433,0,1,1,0,1,0,108,1,9,1
2509469,0,0,0,0,1,0,108,1,9,1
2509517,0,0,0,0,1,0,108,1,9,1
2510013,0,0,0,0,1,0,108,1,9,1
2510048,0,0,0,0,1,0,108,1,9,1
2512671,0,0,0,0,1,0,108,1,9,1
2512790,0,0,1,1,0,0,108,1,9,1
2513067,1,1,0,0,0,0,108,1,9,1
2513468,1,1,1,1,1,0,108,1,9,1
2514322,1,1,1,1,1,0,108,1,9,1
2515133,0,0,0,0,1,0,108,1,9,1
2515199,1,0,1,0,0,0,108,1,9,1
2515281,0,0,0,0,1,0,108,1,9,1
2516092,1,0,0,1,1,0,108,1,9,1
2516212,1,1,0,0,0,0,108,1,9,1
2516532,1,1,0,1,0,0,108,1,9,1
2516974,0,0,0,0,1,0,108,1,9,1
2517339,0,1,0,1,0,0,108,1,9,1
2517411,0,0,0,0,1,0,108,1,9,1
2518788,1,0,1,0,0,0,108,1,9,1
2519468,0,0,1,1,0,0,108,1,9,1
2519549,0,0,1,1,0,0,108,1,9,1
2519963,1,0,0,1,1,0,108,1,9,1
2520684,1,0,1,0,0,0,108,1,9,1
2520701,1,1,0,0,0,0,108,1,9,1
2520706,0,0,1,1,0,0,108,1,9,1
2520791,0,0,1,1,0,0,108,1,9,1
2520832,1,1,1,1,1,0,108,1,9,1
2521747,1,1,1,1,1,0,108,1,9,1
2522334,1,1,1,1,1,0,108,1,9,1
2522617,0,0,1,1,0,0,108,1,9,1
2522618,1,0,0,0,1,1,108,1,9,1
2522674,1,1,0,0,0,0,108,1,9,1
2523274,1,0,0,1,1,0,108,1,9,1
2523907,1,1,1,1,1,0,108,1,9,1
2524875,0,1,1,0,1,0,108,1,9,1
2524957,0,0,0,0,1,0,108,1,9,1
2526141,1,1,0,1,0,0,108,1,9,1
2526173,0,1,0,1,0,0,108,1,9,1
2526483,1,1,1,1,1,0,108,1,9,1
2527271,1,0,1,0,0,0,108,1,9,1
2528654,0,0,1,1,0,0,108,1,9,1
2528831,1,1,0,0,0,0,108,1,9,1
2529086,1,1,0,1,0,0,108,1,9,1
2529440,1,0,0,1,1,0,108,1,9,1
2529827,1,0,0,1,1,0,108,1,9,1
2529972,1,0,1,0,0,0,108,1,9,1
2530754,0,1,1,0,1,0,108,1,9,1
2531011,1,1,1,1,1,0,108,1,9,1
2531120,0,0,1,1,0,0,108,1,9,1
2531659,0,0,1,1,0,0,108,1,9,1
2531874,0,1,1,0,1,0,108,1,9,1
2532237,0,1,0,1,0,0,108,1,9,1
2533470,0,1,1,0,1,0,108,1,9,1
2533637,1,1,1,1,1,0,108,1,9,1
2533907,1,0,1,0,0,0,108,1,9,1
2534111,1,0,0,1,1,0,108,1,9,1
2534184,1,1,0,0,0,0,108,1,9,1
2534547,1,1,1,1,1,0,108,1,9,1
2535575,1,0,1,0,0,0,108,1,9,1
2536716,1,1,0,0,0,0,108,1,9,1
2536822,1,1,1,1,1,0,108,1,9,1
2537547,0,1,1,0,1,0,108,1,9,1
2538701,0,1,1,0,1,0,108,1,9,1
2538993,1,0,1,0,0,0,108,1,9,1
2539206,1,0,0,1,1,0,108,1,9,1
2539260,0,1,1,0,1,0,108,1,9,1
2539315,0,1,0,1,0,0,108,1,9,1
2540649,1,0,1,0,0,0,108,1,9,1
2541162,1,0,0,1,1,0,108,1,9,1
2541243,0,0,1,1,0,0,108,1,9,1
2541884,1,0,0,1,1,0,108,1,9,1
2543163,0,0,1,1,0,0,108,1,9,1
2543501,0,1,0,1,0,0,108,1,9,1
2543780,0,0,0,0,1,0,108,1,9,1
2545013,1,1,0,0,0,0,108,1,9,1
2546299,1,0,0,1,1,0,108,1,9,1
2546770,0,1,1,0,1,0,108,1,9,1
2546970,0,0,1,1,0,0,108,1,9,1
2547332,1,1,0,0,0,0,108,1,9,1
2547488,0,0,1,1,0,0,108,1,9,1
2547527,1,1,0,0,0,0,108,1,9,1
2548479,0,0,1,1,0,0,108,1,9,1
2548771,1,1,1,1,1,0,108,1,9,1
2548933,1,1,0,0,0,0,108,1,9,1
2549233,0,1,1,0,1,0,108,1,9,1
2549462,1,1,0,0,0,0,108,1,9,1
2549497,1,0,1,0,0,0,108,1,9,1
2549750,1,0,1,0,0,0,108,1,9,1
2550113,1,1,0,0,0,0,108,1,9,1
2550613,1,0,0,1,1,0,108,1,9,1
2550657,1,0,0,1,1,0,108,1,9,1
2550739,1,1,1,1,1,0,108,1,9,1
2551188,1,1,0,0,0,0,108,1,9,1
2553035,0,1,1,0,1,0,108,1,9,1
2553268,1,1,1,1,1,0,108,1,9,1
2555603,1,0,1,0,0,0,108,1,9,1
2555724,1,0,1,0,0,0,108,1,9,1
2555828,0,1,0,1,0,0,108,1,9,1
2556038,0,0,1,1,0,0,127,1,9,1
2556060,0,0,1,1,0,0,127,1,9,1
2556303,0,1,1,0,1,0,127,1,9,1
2556995,0,1,1,0,1,0,127,1,9,1
2557078,0,1,1,0,1,0,127,1,9,1
2557103,0,1,1,0,1,0,127,1,9,1
2557153,1,1,1,1,1,0,127,1,9,1
2557235,0,1,0,1,0,0,127,1,9,1
2558067,1,1,1,1,1,0,127,1,9,1
2558124,1,0,0,1,1,0,127,1,9,1
2558308,0,1,1,0,1,0,127,1,9,1
2558412,0,1,0,1,0,0,127,1,9,1
2558477,1,0,1,0,0,0,127,1,9,1
2559106,1,1,0,0,0,0,127,1,9,1
2559694,1,0,0,1,1,0,127,1,9,1
2559705,0,0,1,1,0,0,127,1,9,1
2560784,1,1,1,1,1,0,127,1,9,1
2561175,0,1,1,0,1,0,127,1,9,1
2561402,1,1,1,1,1,0,127,1,9,1
2562055,0,0,0,0,1,0,127,1,9,1
2562490,0,0,1,1,0,0,127,1,9,1
2562955,0,1,1,0,1,0,127,1,9,1
2563170,1,1,0,0,0,0,127,1,9,1
2563205,1,1,1,1,1,0,127,1,9,1
2563332,1,1,0,0,0,0,127,1,9,1
2564757,1,1,0,0,0,0,127,1,9,1
2565291,1,1,0,0,0,0,127,1,9,1
2565713,0,0,1,1,0,0,127,1,9,1
2566273,0,1,1,0,1,0,127,1,9,1
2566467,0,1,1,0,1,0,127,1,9,1
2566600,0,1,0,1,0,0,127,1,9,1
2567347,1,0,1,0,0,0,127,1,9,1
2568018,0,0,1,1,0,0,127,1,9,1
2568020,0,1,1,1,1,1,127,1,9,1
2568361,0,0,0,0,1,0,127,1,9,1
2569859,1,0,0,1,1,0,127,1,9,1
2570613,1,1,0,0,0,0,127,1,9,1
2570870,0,1,1,0,1,0,127,1,9,1
2571708,1,0,1,0,0,0,127,1,9,1
2572025,0,1,0,0,0,0,127,1,9,1
2572125,0,1,1,1,1,1,127,1,9,1
2572226,0,0,0,0,1,0,127,1,9,1
2572733,1,0,0,1,1,0,127,1,9,1
2574103,0,0,1,1,0,0,127,1,9,1
2574252,0,0,0,0,1,0,127,1,9,1
2574413,1,0,0,1,1,0,127,1,9,1
2574517,0,0,1,1,0,0,127,1,9,1
2575026,0,0,0,0,1,0,127,1,9,1
2575055,1,1,1,1,1,0,127,1,9,1
2575437,0,0,1,1,0,0,127,1,9,1
2575557,1,1,1,1,1,0,127,1,9,1
2576376,0,0,0,0,1,0,127,1,9,1
2576745,0,1,0,1,0,0,127,1,9,1
2576838,0,0,1,1,0,0,127,1,9,1
2577100,0,0,1,1,0,0,127,1,9,1
2577706,1,0,1,0,0,0,127,1,9,1
2577967,1,0,0,1,1,0,127,1,9,1
2578060,0,0,0,0,1,0,127,1,9,1
2578879,1,0,1,0,0,0,127,1,9,1
2579000,0,0,0,0,1,0,127,1,9,1
2579863,0,1,1,0,1,0,127,1,9,1
2580323,0,1,0,1,0,0,127,1,9,1
2580496,0,1,1,0,1,0,127,1,9,1
2581026,1,1,0,0,0,0,127,1,9,1
2581187,1,1,1,1,1,0,127,1,9,1
2581451,0,1,1,0,1,0,127,1,9,1
2581782,1,0,1,0,0,0,127,1,9,1
2582898,0,1,0,1,0,0,127,1,9,1
2583766,1,1,0,0,0,0,127,1,9,1
2584205,1,1,1,1,1,0,127,1,9,1
2587088,0,0,0,0,1,0,127,1,9,1
2587225,1,1,0,0,0,0,127,1,9,1
2587247,0,1,1,0,1,0,127,1,9,1
2587276,0,1,0,1,0,0,127,1,9,1
2587323,1,1,0,0,0,0,127,1,9,1
2587354,1,1,0,0,0,0,127,1,9,1
2587482,0,1,1,0,1,0,127,1,9,1
2587577,0,0,0,0,1,0,127,1,9,1
2588025,0,1,0,1,0,0,127,1,9,1
2588369,0,0,0,0,1,0,127,1,9,1
2588417,1,1,1,1,1,0,127,1,9,1
2588464,1,0,0,1,1,0,127,1,9,1
2588682,0,0,0,0,1,0,127,1,9,1
2589011,1,1,1,1,1,0,127,1,9,1
2589201,0,0,0,0,1,0,127,1,9,1
2589240,1,0,0,1,1,0,127,1,9,1
2589334,1,1,1,1,1,0,127,1,9,1
2589419,0,1,1,0,1,0,127,1,9,1
2589692,0,0,0,0,1,0,127,1,9,1
2589810,1,0,0,1,1,0,127,1,9,1
2590268,1,1,1,1,1,0,127,1,9,1
2590717,0,1,1,0,1,0,127,1,9,1
2590896,0,1,1,0,1,0,127,1,9,1
2591183,0,1,0,1,0,0,127,1,9,1
2591678,1,1,0,0,0,0,127,1,9,1
2592071,1,1,0,0,0,0,127,1,9,1
2592361,0,0,0,0,1,0,127,1,9,1
2593189,0,1,0,1,0,0,127,1,9,1
2593836,1,1,0,0,0,0,127,1,9,1
2595038,0,1,0,1,0,0,127,1,9,1
2595804,1,0,0,1,1,0,127,1,9,1
2596837,1,0,0,1,1,0,127,1,9,1
2597134,0,0,0,0,1,0,127,1,9,1
2597152,1,1,0,0,0,0,127,1,9,1
2598106,0,1,0,1,0,0,127,1,9,1
2598127,1,1,1,1,1,0,127,1,9,1
2598186,0,1,0,1,0,0,127,1,9,1
2598296,1,1,0,0,0,0,127,1,9,1
2598747,1,1,0,1,0,0,127,1,9,1
2599171,1,1,0,0,0,0,127,1,9,1
2599754,1,1,0,0,0,0,127,1,9,1
2599875,1,0,1,0,0,0,127,1,9,1
2599996,1,0,0,1,1,0,127,1,9,1
2600229,1,1,1,1,1,0,127,1,9,1
2600330,0,1,1,0,1,0,127,1,9,1
2600474,1,0,0,1,1,0,127,1,9,1
2601390,1,0,1,0,0,0,127,1,9,1
2602366,1,1,0,0,0,0,127,1,9,1
2602381,0,0,0,0,1,0,127,1,9,1
2602420,1,0,0,1,1,0,127,1,9,1
2602494,1,1,0,0,0,0,127,1,9,1
2602599,1,1,1,1,1,0,127,1,9,1
2602914,1,0,1,0,0,0,127,1,9,1
2602997,0,1,0,1,0,0,127,1,9,1
2603337,0,0,1,1,0,0,127,1,9,1
2603709,0,0,1,1,0,0,127,1,9,1
2603992,0,1,1,0,1,0,127,1,9,1
2605185,0,0,1,1,0,0,127,1,9,1
2605687,1,0,1,0,0,0,127,1,9,1
2607308,0,0,0,0,1,0,127,1,9,1
2608252,0,0,1,1,0,0,127,1,9,1
2608524,1,1,0,0,0,0,127,1,9,1
2608570,1,1,0,0,0,0,127,1,9,1
2609160,0,1,0,1,0,0,127,1,9,1
2609507,1,1,0,0,0,0,127,1,9,1
2609705,1,0,0,1,1,0,127,1,9,1
2609764,1,0,1,0,0,0,127,1,9,1
2610227,1,0,0,1,1,0,127,1,9,1
2610642,0,1,0,1,0,0,127,1,9,1
2611689,0,1,1,0,1,0,127,1,9,1
2612037,1,1,0,0,0,0,127,1,9,1
2612232,1,0,1,0,0,0,127,1,9,1
2612425,0,1,1,0,1,0,127,1,9,1
2613419,1,0,1,0,0,0,127,1,9,1
2613801,0,1,1,1,1,1,127,1,9,1
2614438,0,0,1,1,0,0,127,1,9,1
2614480,0,0,1,1,0,0,127,1,9,1
2614632,0,1,1,0,1,0,127,1,9,1
2614665,0,0,1,1,0,0,127,1,9,1
2615000,0,1,0,1,0,0,127,1,9,1
2615091,0,0,1,1,0,0,127,1,9,1
2615214,0,1,0,1,0,0,127,1,9,1
2615492,0,1,1,0,1,0,127,1,9,1
2615867,1,1,1,1,1,0,127,1,9,1
2616127,0,1,1,0,1,0,127,1,9,1
2616514,1,0,0,1,1,0,127,1,9,1
2616640,0,0,0,0,1,0,127,1,9,1
2616739,0,1,1,0,1,0,127,1,9,1
2616752,1,0,1,0,0,0,127,1,9,1
2617185,0,1,1,0,1,0,127,1,9,1
2617331,0,0,0,0,1,0,127,1,9,1
2617638,1,0,1,0,0,0,127,1,9,1
2617728,1,1,0,0,0,0,127,1,9,1
2617972,0,1,0,1,0,0,127,1,9,1
2618327,1,1,1,1,1,0,127,1,9,1
2618589,1,1,1,0,1,1,127,1,9,1
2618898,0,0,1,1,0,0,127,1,9,1
2619911,1,0,0,1,1,0,127,1,9,1
2619951,0,0,0,0,1,0,127,1,9,1
2619993,0,0,0,1,1,1,127,1,9,1
2620236,0,0,0,0,1,0,127,1,9,1
2620619,1,1,1,1,1,0,127,1,9,1
2620851,0,1,0,1,0,0,127,1,9,1
2621370,0,1,1,0,1,0,127,1,9,1
2621708,0,1,0,1,0,0,135,1,9,1
2621835,1,0,0,1,1,0,135,1,9,1
2621962,0,1,1,0,1,0,135,1,9,1
2622868,1,1,1,1,1,0,135,1,9,1
2623012,0,1,1,0,1,0,135,1,9,1
2623754,1,1,0,0,0,0,135,1,9,1
2623758,0,1,0,1,0,0,135,1,9,1
2623958,1,0,1,0,0,0,135,1,9,1
2624151,0,1,1,0,1,0,135,1,9,1
2624372,1,0,0,1,1,0,135,1,9,1
2625274,1,0,1,1,0,0,135,1,9,1
2627353,0,1,1,0,1,0,135,1,9,1
2627483,0,1,1,0,1,0,135,1,9,1
2627575,1,0,0,1,1,0,135,1,9,1
2627790,1,1,1,1,1,0,135,1,9,1
2628041,1,1,1,1,1,0,135,1,9,1
2628278,1,0,0,1,1,0,135,1,9,1
2628406,1,0,0,1,1,0,135,1,9,1
2628544,1,1,0,0,0,0,135,1,9,1
2629600,0,1,0,1,0,0,135,1,9,1
2629938,0,1,1,0,1,0,135,1,9,1
2630514,1,1,0,0,0,0,135,1,9,1
2630518,0,1,1,0,1,0,135,1,9,1
2630821,1,1,0,0,0,0,135,1,9,1
2630962,0,0,0,0,1,0,135,1,9,1
2631103,0,1,0,1,0,0,135,1,9,1
2631445,1,0,0,1,1,0,135,1,9,1
2631731,0,1,0,1,0,0,135,1,9,1
2632240,0,0,0,0,1,0,135,1,9,1
2634043,1,1,0,0,0,0,135,1,9,1
2634523,0,0,1,1,0,0,135,1,9,1
2634583,1,1,0,0,0,0,135,1,9,1
2634646,1,1,1,1,1,0,135,1,9,1
2635126,1,1,1,0,1,1,135,1,9,1
2635162,1,1,0,0,0,0,135,1,9,1
2635653,1,1,0,0,0,0,135,1,9,1
2636008,0,0,0,0,1,0,135,1,9,1
2636493,0,0,0,0,1,0,135,1,9,1
2636843,0,1,0,1,0,0,135,1,9,1
2638071,0,0,0,0,1,0,135,1,9,1
2638082,1,0,0,1,1,0,135,1,9,1
2639009,0,0,0,0,1,0,135,1,9,1
2639179,1,1,0,0,0,0,135,1,9,1
2639805,1,0,0,1,1,0,135,1,9,1
2640419,1,1,0,0,0,0,135,1,9,1
2640599,1,1,0,0,0,0,135,1,9,1
2640915,0,1,0,1,0,0,135,1,9,1
2641135,1,1,1,1,1,0,135,1,9,1
2641221,1,0,1,0,0,0,135,1,9,1
2641249,1,0,0,1,1,0,135,1,9,1
2641294,0,0,0,0,1,0,135,1,9,1
2642274,0,0,1,1,0,0,135,1,9,1
2642493,1,1,1,1,1,0,135,1,9,1
2643135,1,1,1,0,1,1,135,1,9,1
2643376,1,0,1,0,0,0,135,1,9,1
2643521,0,1,1,0,1,0,135,1,9,1
2643963,0,1,1,0,1,0,135,1,9,1
2643966,0,0,1,1,0,0,135,1,9,1
2644197,0,1,0,1,0,0,135,1,9,1
2644225,0,1,1,0,1,0,135,1,9,1
2644322,0,0,1,1,0,0,135,1,9,1
2644660,0,1,0,1,0,0,135,1,9,1
2645474,1,0,1,0,0,0,135,1,9,1
2645872,0,0,0,0,1,0,135,1,9,1
2646319,0,1,0,1,0,0,135,1,9,1
2647387,0,1,0,1,0,0,135,1,9,1
2648274,1,1,0,0,0,0,135,1,9,1
2648595,1,0,1,0,0,0,135,1,9,1
2648604,0,1,0,1,0,0,135,1,9,1
2648677,1,1,1,1,1,0,135,1,9,1
2648798,0,0,0,0,1,0,135,1,9,1
2648900,1,0,1,0,0,0,135,1,9,1
2648986,1,0,1,0,0,0,135,1,9,1
2649722,0,1,0,1,0,0,135,1,9,1
2650036,1,0,0,1,1,0,135,1,9,1
2650570,0,1,1,0,1,0,135,1,9,1
2651079,1,0,1,0,0,0,135,1,9,1
2651540,1,0,1,0,0,0,135,1,9,1
2651726,1,1,1,1,1,0,135,1,9,1
2652144,1,0,1,0,0,0,135,1,9,1
2652178,1,1,0,0,0,0,135,1,9,1
2652202,0,0,1,1,0,0,135,1,9,1
2652349,0,0,0,0,1,0,135,1,9,1
2652423,1,0,0,1,1,0,135,1,9,1
2652647,1,1,1,1,1,0,135,1,9,1
2652649,0,0,1,1,0,0,135,1,9,1
2653122,0,1,0,1,0,0,135,1,9,1
2653728,0,1,0,1,0,0,135,1,9,1
2653980,1,0,1,0,0,0,135,1,9,1
2654506,1,0,1,0,0,0,135,1,9,1
2654639,1,0,1,0,0,0,135,1,9,1
2655170,1,1,0,0,0,0,135,1,9,1
2656112,0,1,1,0,1,0,135,1,9,1
2656399,0,1,0,1,0,0,135,1,9,1
2656902,0,1,1,0,1,0,135,1,9,1
2657708,0,1,0,1,0,0,135,1,9,1
2658354,0,0,1,1,0,0,135,1,9,1
2658439,1,0,0,1,1,0,135,1,9,1
2658724,1,1,0,0,0,0,135,1,9,1
2658839,0,0,0,0,1,0,135,1,9,1
2658919,0,1,1,0,1,0,135,1,9,1
2658977,1,0,0,1,1,0,135,1,9,1
2659420,1,1,0,0,0,0,135,1,9,1
2659818,1,1,1,1,1,0,135,1,9,1
2660652,0,1,1,0,1,0,135,1,9,1
2661824,0,0,1,1,0,0,135,1,9,1
2661924,0,1,1,0,1,0,135,1,9,1
2662017,1,1,0,0,0,0,135,1,9,1
2662085,1,1,1,1,1,0,135,1,9,1
2662091,0,1,0,1,0,0,135,1,9,1
2662258,1,0,0,1,1,0,135,1,9,1
2662673,0,0,0,0,1,0,135,1,9,1
2662880,1,1,1,1,1,0,135,1,9,1
2663274,1,1,1,1,1,0,135,1,9,1
2663641,1,1,1,1,1,0,135,1,9,1
2663858,1,1,1,1,1,0,135,1,9,1
2664489,1,1,0,0,0,0,135,1,9,1
2665003,1,0,0,1,1,0,135,1,9,1
2666737,1,0,1,0,0,0,135,1,9,1
2666784,0,0,0,0,1,0,135,1,9,1
2666811,0,1,0,1,0,0,135,1,9,1
2666878,1,1,0,0,0,0,135,1,9,1
2667700,1,1,0,0,0,0,135,1,9,1
2668291,0,1,1,0,1,0,135,1,9,1
2668501,1,0,1,1,0,0,135,1,9,1
2669060,1,1,1,1,1,0,135,1,9,1
2669150,0,1,0,1,0,0,135,1,9,1
2669779,0,0,0,0,1,0,135,1,9,1
2670390,1,1,0,0,0,0,135,1,9,1
2670575,0,1,0,1,0,0,135,1,9,1
2670862,1,0,1,0,0,0,135,1,9,1
2671036,1,0,1,0,0,0,135,1,9,1
2672168,1,0,1,0,0,0,135,1,9,1
2672253,0,0,1,1,0,0,135,1,9,1
2672304,1,1,1,1,1,0,135,1,9,1
2673675,0,1,1,0,1,0,135,1,9,1
2673801,0,1,1,0,1,0,135,1,9,1
2674354,1,1,1,1,1,0,135,1,9,1
2674639,0,1,0,1,0,0,135,1,9,1
2674746,1,1,0,1,0,0,135,1,9,1
2674920,1,1,1,1,1,0,135,1,9,1
2675535,1,0,1,0,0,0,135,1,9,1
2675892,1,1,0,0,0,0,135,1,9,1
2676129,0,0,0,0,1,0,135,1,9,1
2676179,0,0,1,1,0,0,135,1,9,1
2676333,0,0,1,1,0,0,135,1,9,1
2676478,1,0,1,0,0,0,135,1,9,1
2676640,0,1,1,0,1,0,135,1,9,1
2676727,1,1,1,1,1,0,135,1,9,1
2676921,0,0,0,0,1,0,135,1,9,1
2677736,1,0,1,0,0,0,135,1,9,1
2677795,0,0,1,1,0,0,135,1,9,1
2677798,0,1,1,0,1,0,135,1,9,1
2677826,1,0,0,1,1,0,135,1,9,1
2677888,1,0,1,0,0,0,135,1,9,1
2677977,1,1,1,1,1,0,135,1,9,1
2678029,0,0,0,1,1,1,135,1,9,1
2678924,0,0,1,1,0,0,135,1,9,1
2679057,0,0,1,1,0,0,135,1,9,1
2679595,1,1,1,1,1,0,135,1,9,1
2680292,0,1,1,0,1,0,135,1,9,1
2680807,0,1,1,0,1,0,135,1,9,1
2681096,1,0,1,0,0,0,135,1,9,1
2681542,1,1,1,1,1,0,135,1,9,1
2681977,0,1,1,0,1,0,135,1,9,1
2682326,0,1,1,0,1,0,135,1,9,1
2683313,1,0,0,1,1,0,135,1,9,1
2683969,0,0,1,1,0,0,135,1,9,1
2684357,0,0,1,1,0,0,135,1,9,1
2684451,1,1,0,0,0,0,135,1,9,1
2684623,1,1,0,0,0,0,135,1,9,1
2684799,1,1,0,0,0,0,135,1,9,1
2685469,1,1,1,1,1,0,135,1,9,1
2685949,0,0,0,0,1,0,135,1,9,1
2686169,0,1,0,1,0,0,135,1,9,1
2686480,1,0,1,0,0,0,135,1,9,1
2687956,1,1,1,1,1,0,110,1,9,1
2688397,1,0,0,1,1,0,110,1,9,1
2688467,0,0,0,1,1,1,110,1,9,1
2689282,0,1,1,0,1,0,110,1,9,1
2689293,1,0,0,1,1,0,110,1,9,1
2689363,1,1,1,1,1,0,110,1,9,1
2689401,1,1,0,0,0,0,110,1,9,1
2689694,0,0,0,0,1,0,110,1,9,1
2690135,0,1,0,1,0,0,110,1,9,1
2690480,1,0,1,0,0,0,110,1,9,1
2691413,0,0,0,0,1,0,110,1,9,1
2691667,0,1,1,0,1,0,110,1,9,1
2691720,0,0,1,1,0,0,110,1,9,1
2691891,1,1,1,1,1,0,110,1,9,1
2692726,0,1,1,0,1,0,110,1,9,1
2692949,1,0,1,0,0,0,110,1,9,1
2693323,0,0,0,0,1,0,110,1,9,1
2693847,0,0,0,0,1,0,110,1,9,1
2694977,1,1,0,0,0,0,110,1,9,1
2695151,1,0,0,1,1,0,110,1,9,1
2696301,0,0,1,1,0,0,110,1,9,1
2696551,1,1,1,1,1,0,110,1,9,1
2697045,0,1,1,0,1,0,110,1,9,1
2697378,0,0,1,1,0,0,110,1,9,1
2697508,0,0,0,0,1,0,110,1,9,1
2698510,0,1,1,0,1,0,110,1,9,1
2698773,0,1,0,0,0,0,110,1,9,1
2698776,1,0,1,0,0,0,110,1,9,1
2699042,0,1,0,1,0,0,110,1,9,1
2699425,1,1,0,0,0,0,110,1,9,1
2701666,0,1,0,1,0,0,110,1,9,1
2703024,1,0,0,1,1,0,110,1,9,1
2703067,0,1,0,1,0,0,110,1,9,1
2703283,1,1,0,0,0,0,110,1,9,1
2704310,0,0,0,0,1,0,110,1,9,1
2704428,1,0,1,0,0,0,110,1,9,1
2704556,0,1,0,1,0,0,110,1,9,1
2704861,1,1,1,1,1,0,110,1,9,1
2705087,0,0,1,1,0,0,110,1,9,1
2705449,1,0,0,1,1,0,110,1,9,1
2705834,1,0,0,1,1,0,110,1,9,1
2706117,0,1,1,1,1,1,110,1,9,1
2706184,1,1,1,1,1,0,110,1,9,1
2706249,1,1,0,0,0,0,110,1,9,1
2706689,0,0,1,1,0,0,110,1,9,1
2707635,0,1,0,1,0,0,110,1,9,1
2707961,1,1,0,0,0,0,110,1,9,1
2708015,0,1,0,1,0,0,110,1,9,1
2708541,1,1,0,0,0,0,110,1,9,1
2708946,0,1,0,1,0,0,110,1,9,1
2709090,0,0,0,0,1,0,110,1,9,1
2709298,0,1,1,0,1,0,110,1,9,1
2710262,1,1,1,1,1,0,110,1,9,1
2710610,0,0,0,0,1,0,110,1,9,1
2711378,1,1,0,0,0,0,110,1,9,1
2712198,1,1,1,1,1,0,110,1,9,1
2712210,0,0,0,0,1,0,110,1,9,1
2712604,0,1,1,0,1,0,110,1,9,1
2713529,0,1,1,0,1,0,110,1,9,1
2713893,1,0,1,0,0,0,110,1,9,1
2714598,0,1,0,1,0,0,110,1,9,1
2715375,1,0,0,1,1,0,110,1,9,1
2715524,0,1,1,0,1,0,110,1,9,1
2716087,1,1,1,1,1,0,110,1,9,1
2716331,1,1,1,1,1,0,110,1,9,1
2716345,0,0,0,0,1,0,110,1,9,1
2716446,1,0,0,1,1,0,110,1,9,1
2716896,0,0,0,0,1,0,110,1,9,1
2717159,1,1,1,1,1,0,110,1,9,1
2717473,0,0,1,1,0,0,110,1,9,1
2717895,1,0,0,1,1,0,110,1,9,1
2718283,1,0,1,0,0,0,110,1,9,1
2718814,1,1,0,0,0,0,110,1,9,1
2718986,0,1,0,1,0,0,110,1,9,1
2719170,1,0,1,0,0,0,110,1,9,1
2719323,0,1,0,1,0,0,110,1,9,1
2719434,1,1,0,0,0,0,110,1,9,1
2719625,1,1,1,1,1,0,110,1,9,1
2719627,1,0,0,1,1,0,110,1,9,1
2719947,0,0,0,0,1,0,110,1,9,1
2720345,0,0,0,1,1,1,110,1,9,1
2720496,0,0,1,1,0,0,110,1,9,1
2720608,0,1,0,1,0,0,110,1,9,1
2722045,0,0,1,1,0,0,110,1,9,1
2722094,0,1,0,1,0,0,110,1,9,1
2722390,1,0,1,0,0,0,110,1,9,1
2722509,0,0,0,0,1,0,110,1,9,1
2722606,0,1,0,1,0,0,110,1,9,1
2722619,1,1,0,0,0,0,110,1,9,1
2723085,0,1,0,1,0,0,110,1,9,1
2723430,1,1,1,1,1,0,110,1,9,1
2723749,0,1,1,0,1,0,110,1,9,1
2723885,1,0,1,0,0,0,110,1,9,1
2724112,1,0,0,1,1,0,110,1,9,1
2724244,0,1,0,1,0,0,110,1,9,1
2724684,1,0,1,0,0,0,110,1,9,1
2724797,0,0,0,0,1,0,110,1,9,1
2725005,0,0,1,1,0,0,110,1,9,1
2725076,1,0,0,1,1,0,110,1,9,1
2725309,0,0,0,1,1,1,110,1,9,1
2726642,0,0,0,0,1,0,110,1,9,1
2726742,0,1,1,0,1,0,110,1,9,1
2727046,0,1,0,0,0,0,110,1,9,1
2727522,1,0,1,0,0,0,110,1,9,1
2727911,0,0,0,0,1,0,110,1,9,1
2728145,1,1,1,1,1,0,110,1,9,1
2729852,1,0,1,0,0,0,110,1,9,1
2729884,0,1,0,1,0,0,110,1,9,1
2731638,1,0,1,0,0,0,110,1,9,1
2732184,0,0,1,1,0,0,110,1,9,1
2732237,0,0,0,1,1,1,110,1,9,1
2732535,1,0,0,1,1,0,110,1,9,1
2732938,1,0,1,0,0,0,110,1,9,1
2733664,1,1,1,1,1,0,110,1,9,1
2733781,0,1,1,0,1,0,110,1,9,1
2733962,0,1,1,0,1,0,110,1,9,1
2734139,1,1,1,1,1,0,110,1,9,1
2734250,1,1,1,1,1,0,110,1,9,1
2734273,0,1,1,0,1,0,110,1,9,1
2734535,0,0,1,1,0,0,110,1,9,1
2734818,1,1,1,1,1,0,110,1,9,1
2735200,1,1,1,0,1,1,110,1,9,1
2735622,0,0,1,1,0,0,110,1,9,1
2735791,1,0,0,1,1,0,110,1,9,1
2735961,0,0,0,1,1,1,110,1,9,1
2738028,0,1,1,0,1,0,110,1,9,1
2738682,0,0,1,1,0,0,110,1,9,1
2739094,0,1,1,0,1,0,110,1,9,1
2739264,1,0,0,1,1,0,110,1,9,1
2740009,1,0,1,0,0,0,110,1,9,1
2741332,1,1,1,1,1,0,110,1,9,1
2741606,0,1,1,1,1,1,110,1,9,1
2741870,0,0,0,0,1,0,110,1,9,1
2741920,1,0,0,1,1,0,110,1,9,1
2742344,1,1,1,1,1,0,110,1,9,1
2743487,0,1,1,0,1,0,110,1,9,1
2743520,1,1,0,0,0,0,110,1,9,1
2743721,1,1,0,0,0,0,110,1,9,1
2743840,0,0,0,0,1,0,110,1,9,1
2743912,1,1,1,1,1,0,110,1,9,1
2744700,1,0,0,1,1,0,110,1,9,1
2745181,1,1,1,1,1,0,110,1,9,1
2745197,1,0,0,1,1,0,110,1,9,1
2745779,0,0,0,0,1,0,110,1,9,1
2746512,1,1,1,1,1,0,110,1,9,1
2746721,0,0,0,0,1,0,110,1,9,1
2747230,1,0,0,1,1,0,110,1,9,1
2748086,0,0,1,1,0,0,110,1,9,1
2748349,1,1,0,0,0,0,110,1,9,1
2748874,0,1,1,0,1,0,110,1,9,1
2749357,0,1,1,0,1,0,110,1,9,1
2749703,0,0,1,1,0,0,110,1,9,1
2749858,1,1,1,1,1,0,110,1,9,1
2750189,0,1,1,0,1,0,110,1,9,1
2750297,0,0,0,0,1,0,110,1,9,1
2750351,0,0,0,0,1,0,110,1,9,1
2750450,1,0,1,0,0,0,110,1,9,1
2750595,1,1,0,0,0,0,110,1,9,1
2751184,0,0,1,1,0,0,110,1,9,1
2751669,1,0,1,0,0,0,110,1,9,1
2752524,1,1,1,1,1,0,106,2,9,1
2752619,1,1,0,1,0,0,106,2,9,1
2753748,0,0,1,1,0,0,106,2,9,1
2753785,0,0,1,0,0,0,106,2,9,1
2754607,1,1,0,0,0,0,106,2,9,1
2755342,0,1,1,0,1,0,106,2,9,1
2755401,0,0,1,1,0,0,106,2,9,1
2755431,1,0,1,0,0,0,106,2,9,1
2755505,1,0,0,1,1,0,106,2,9,1
2755887,1,1,1,1,1,0,106,2,9,1
2756170,0,0,1,1,0,0,106,2,9,1
2756465,1,0,1,0,0,0,106,2,9,1
2756862,0,1,0,1,0,0,106,2,9,1
2756935,0,1,0,1,0,0,106,2,9,1
2759310,0,1,1,0,1,0,106,2,9,1
2759434,0,1,0,1,0,0,106,2,9,1
2759506,1,0,1,0,0,0,106,2,9,1
2759719,0,0,0,0,1,0,106,2,9,1
2760140,1,0,1,0,0,0,106,2,9,1
2760188,1,1,1,1,1,0,106,2,9,1
2760590,1,0,1,1,0,0,106,2,9,1
2760828,0,1,1,0,1,0,106,2,9,1
2762394,1,0,0,1,1,0,106,2,9,1
2762456,0,0,1,1,0,0,106,2,9,1
2763139,0,1,1,0,1,0,106,2,9,1
2763202,0,1,0,1,0,0,106,2,9,1
2763225,1,1,1,1,1,0,106,2,9,1
2763239,0,0,0,0,1,0,106,2,9,1
2763594,0,0,1,1,0,0,106,2,9,1
2764339,1,1,0,0,0,0,106,2,9,1
2764530,1,1,1,1,1,0,106,2,9,1
2765283,0,0,0,0,1,0,106,2,9,1
2765700,1,0,1,0,0,0,106,2,9,1
2765740,1,1,0,0,0,0,106,2,9,1
2767182,0,1,1,1,1,1,106,2,9,1
2767446,1,1,1,1,1,0,106,2,9,1
2767913,1,1,1,1,1,0,106,2,9,1
2768013,1,1,1,1,1,0,106,2,9,1
2769392,1,0,0,1,1,0,106,2,9,1
2770139,1,1,1,1,1,0,106,2,9,1
2770368,1,1,1,1,1,0,106,2,9,1
2771137,0,0,1,1,0,0,106,2,9,1
2771212,0,0,0,0,1,0,106,2,9,1
2771848,1,0,1,0,0,0,106,2,9,1
2771975,0,1,1,0,1,0,106,2,9,1
2771992,0,0,1,1,0,0,106,2,9,1
2772093,0,0,0,0,1,0,106,2,9,1
2772343,1,0,0,1,1,0,106,2,9,1
2772388,1,0,0,1,1,0,106,2,9,1
2772447,0,1,1,0,1,0,106,2,9,1
2772620,0,1,0,1,0,0,106,2,9,1
2773524,0,0,0,0,1,0,106,2,9,1
2773945,0,1,1,0,1,0,106,2,9,1
2774171,1,1,0,0,0,0,106,2,9,1
2774480,1,0,0,1,1,0,106,2,9,1
2774683,0,1,1,0,1,0,106,2,9,1
2774865,0,0,1,1,0,0,106,2,9,1
2775727,1,0,0,1,1,0,106,2,9,1
2775893,1,0,0,1,1,0,106,2,9,1
2777032,1,1,0,0,0,0,106,2,9,1
2777985,1,1,1,1,1,0,106,2,9,1
2778605,1,1,0,0,0,0,106,2,9,1
2778724,1,1,0,0,0,0,106,2,9,1
2779145,0,0,0,0,1,0,106,2,9,1
2779466,1,0,0,1,1,0,106,2,9,1
2779774,0,1,1,0,1,0,106,2,9,1
2780559,0,1,1,0,1,0,106,2,9,1
2780844,0,0,0,0,1,0,106,2,9,1
2782109,0,0,1,1,0,0,106,2,9,1
2782111,1,0,0,1,1,0,106,2,9,1
2782577,0,0,1,1,0,0,106,2,9,1
2783588,1,1,0,0,0,0,106,2,9,1
2783591,1,0,0,1,1,0,106,2,9,1
2783790,1,1,1,1,1,0,106,2,9,1
2784206,0,1,1,0,1,0,106,2,9,1
2784291,0,1,1,0,1,0,106,2,9,1
2784673,1,0,0,1,1,0,106,2,9,1
2785030,0,0,1,1,0,0,106,2,9,1
2785723,0,0,1,1,0,0,106,2,9,1
2785899,0,0,1,1,0,0,106,2,9,1
2786165,1,1,0,0,0,0,106,2,9,1
2786228,0,0,0,0,1,0,106,2,9,1
2787425,1,0,0,1,1,0,106,2,9,1
2787488,1,1,1,1,1,0,106,2,9,1
2787594,1,1,0,0,0,0,106,2,9,1
2787972,1,0,1,0,0,0,106,2,9,1
2788526,1,0,0,1,1,0,106,2,9,1
2788607,1,1,1,1,1,0,106,2,9,1
2789119,1,0,0,1,1,0,106,2,9,1
2789214,1,1,0,0,0,0,106,2,9,1
2790886,0,1,0,1,0,0,106,2,9,1
2791188,1,0,0,1,1,0,106,2,9,1
2791321,1,1,1,1,1,0,106,2,9,1
2791681,0,1,1,0,1,0,106,2,9,1
2791990,1,0,0,1,1,0,106,2,9,1
2792089,0,1,0,1,0,0,106,2,9,1
2792315,1,1,0,0,0,0,106,2,9,1
2793191,1,0,0,1,1,0,106,2,9,1
2794791,1,0,0,1,1,0,106,2,9,1
2794876,0,1,1,0,1,0,106,2,9,1
2795409,0,1,1,0,1,0,106,2,9,1
2795420,0,0,0,0,1,0,106,2,9,1
2795937,1,1,0,0,0,0,106,2,9,1
2796091,0,0,0,0,1,0,106,2,9,1
2796539,0,1,0,1,0,0,106,2,9,1
2796540,0,1,1,0,1,0,106,2,9,1
2796654,1,0,1,0,0,0,106,2,9,1
2796781,1,1,0,0,0,0,106,2,9,1
2797084,0,1,1,0,1,0,106,2,9,1
2797887,1,0,1,1,0,0,106,2,9,1
2797976,0,1,0,1,0,0,106,2,9,1
2798376,1,0,0,1,1,0,106,2,9,1
2798513,0,1,1,0,1,0,106,2,9,1
2799031,1,0,0,1,1,0,106,2,9,1
2799271,0,0,0,0,1,0,106,2,9,1
2799848,0,0,1,1,0,0,106,2,9,1
2800449,0,0,0,0,1,0,106,2,9,1
2801024,0,1,0,1,0,0,106,2,9,1
2801075,0,1,1,0,1,0,106,2,9,1
2801175,1,1,1,1,1,0,106,2,9,1
2803196,1,1,0,0,0,0,106,2,9,1
2803203,1,0,1,0,0,0,106,2,9,1
2803355,0,1,0,1,0,0,106,2,9,1
2803408,1,0,1,0,0,0,106,2,9,1
2803733,1,0,1,0,0,0,106,2,9,1
2804798,1,0,1,0,0,0,106,2,9,1
2805023,1,1,1,1,1,0,106,2,9,1
2805629,1,1,0,0,0,0,106,2,9,1
2806967,1,1,0,0,0,0,106,2,9,1
2807003,1,0,0,1,1,0,106,2,9,1
2807018,1,0,0,1,1,0,106,2,9,1
2807500,0,1,0,1,0,0,106,2,9,1
2807524,0,1,1,0,1,0,106,2,9,1
2807601,0,1,1,1,1,1,106,2,9,1
2807876,0,0,0,0,1,0,106,2,9,1
2808567,1,0,1,0,0,0,106,2,9,1
2808846,1,1,0,0,0,0,106,2,9,1
2808932,0,0,0,1,1,1,106,2,9,1
2808995,0,0,1,1,0,0,106,2,9,1
2810283,1,0,0,1,1,0,106,2,9,1
2811258,1,0,1,0,0,0,106,2,9,1
2811522,1,0,1,0,0,0,106,2,9,1
2811525,0,0,0,0,1,0,106,2,9,1
2811674,1,0,0,0,1,1,106,2,9,1
2811686,1,1,0,0,0,0,106,2,9,1
2812225,1,1,1,1,1,0,106,2,9,1
2812561,1,1,0,0,0,0,106,2,9,1
2813733,1,1,0,0,0,0,106,2,9,1
2813764,1,1,0,0,0,0,106,2,9,1
2814134,1,1,0,1,0,0,106,2,9,1
2814188,1,1,0,0,0,0,106,2,9,1
2814300,0,1,1,0,1,0,106,2,9,1
2814547,1,1,0,0,0,0,106,2,9,1
2814599,1,0,0,1,1,0,106,2,9,1
2814718,0,1,1,0,1,0,106,2,9,1
2815360,1,1,1,1,1,0,106,2,9,1
2816096,1,1,1,1,1,0,106,2,9,1
2816393,0,0,0,0,1,0,106,2,9,1
2816623,1,1,0,0,0,0,106,2,9,1
2816980,0,0,0,0,1,0,106,2,9,1
2817340,1,1,1,0,1,1,106,2,9,1
2817440,0,0,1,1,0,0,106,2,9,1
2817739,0,1,0,1,0,0,106,2,9,1
2818333,1,1,0,0,0,0,117,2,12,1
2818550,0,0,1,1,0,0,117,2,12,1
2818737,0,1,1,0,1,0,117,2,12,1
2818811,0,0,1,1,0,0,117,2,12,1
2818955,0,0,0,0,1,0,117,2,12,1
2818980,0,0,1,1,0,0,117,2,12,1
2819299,0,1,1,0,1,0,117,2,12,1
2819503,0,0,0,0,1,0,117,2,12,1
2819870,0,0,1,1,0,0,117,2,12,1
2820041,1,1,0,0,0,0,117,2,12,1
2820128,0,1,1,0,1,0,117,2,12,1
2820289,1,0,1,0,0,0,117,2,12,1
2820336,0,1,1,0,1,0,117,2,12,1
2820627,1,0,1,0,0,0,117,2,12,1
2821239,0,0,0,0,1,0,117,2,12,1
2821337,1,0,0,1,1,0,117,2,12,1
2821355,0,0,0,0,1,0,117,2,12,1
2821502,0,0,0,0,1,0,117,2,12,1
2821508,0,1,1,0,1,0,117,2,12,1
2821602,0,1,0,1,0,0,117,2,12,1
2821653,1,1,0,0,0,0,117,2,12,1
2822279,1,0,0,0,1,1,117,2,12,1
2822359,1,1,0,0,0,0,117,2,12,1
2822865,1,0,0,1,1,0,117,2,12,1
2823310,1,1,1,1,1,0,117,2,12,1
2823349,0,1,1,0,1,0,117,2,12,1
2823503,0,0,1,1,0,0,117,2,12,1
2823752,0,1,1,0,1,0,117,2,12,1
2823986,0,1,1,0,1,0,117,2,12,1
2824162,0,0,1,1,0,0,117,2,12,1
2824216,0,0,0,0,1,0,117,2,12,1
2824251,0,0,1,1,0,0,117,2,12,1
2824590,1,0,0,1,1,0,117,2,12,1
2824759,1,0,1,0,0,0,117,2,12,1
2826066,1,0,0,1,1,0,117,2,12,1
2826350,0,1,0,1,0,0,117,2,12,1
2826879,0,0,0,0,1,0,117,2,12,1
2826889,1,0,0,1,1,0,117,2,12,1
2827266,1,1,0,0,0,0,117,2,12,1
2827821,1,0,1,0,0,0,117,2,12,1
2827845,1,1,1,1,1,0,117,2,12,1
2828249,0,0,1,0,0,0,117,2,12,1
2828307,1,0,0,1,1,0,117,2,12,1
2828746,1,1,1,1,1,0,117,2,12,1
2829089,0,0,0,0,1,0,117,2,12,1
2829143,0,1,1,0,1,0,117,2,12,1
2829186,0,1,0,1,0,0,117,2,12,1
2829620,1,0,1,0,0,0,117,2,12,1
2829625,0,0,1,1,0,0,117,2,12,1
2830050,0,0,0,0,1,0,117,2,12,1
2830195,1,1,1,1,1,0,117,2,12,1
2830231,0,1,0,1,0,0,117,2,12,1
2830553,0,1,0,1,0,0,117,2,12,1
2831139,0,1,0,1,0,0,117,2,12,1
2831203,1,1,1,1,1,0,117,2,12,1
2831405,0,1,0,1,0,0,117,2,12,1
2831756,1,0,1,0,0,0,117,2,12,1
2831864,1,0,0,1,1,0,117,2,12,1
2831996,0,0,1,1,0,0,117,2,12,1
2832699,1,0,0,1,1,0,117,2,12,1
2832877,0,0,0,0,1,0,117,2,12,1
2832970,1,1,1,1,1,0,117,2,12,1
2833139,0,0,0,0,1,0,117,2,12,1
2833324,0,1,0,1,0,0,117,2,12,1
2834025,1,1,1,1,1,0,117,2,12,1
2834242,1,1,1,1,1,0,117,2,12,1
2834632,1,1,1,1,1,0,117,2,12,1
2834869,1,1,1,1,1,0,117,2,12,1
2834963,1,0,1,0,0,0,117,2,12,1
2835105,1,1,1,1,1,0,117,2,12,1
2835111,0,1,1,0,1,0,117,2,12,1
2835182,1,1,0,0,0,0,117,2,12,1
2835285,0,1,0,1,0,0,117,2,12,1
2835326,1,1,1,1,1,0,117,2,12,1
2835386,0,1,1,0,1,0,117,2,12,1
2835613,1,0,0,1,1,0,117,2,12,1
2835822,1,1,0,0,0,0,117,2,12,1
2836083,1,0,1,0,0,0,117,2,12,1
2836130,0,0,0,0,1,0,117,2,12,1
2836195,1,1,0,0,0,0,117,2,12,1
2836411,1,0,0,1,1,0,117,2,12,1
2836572,0,0,1,1,0,0,117,2,12,1
2836581,0,1,1,0,1,0,117,2,12,1
2836770,0,1,1,0,1,0,117,2,12,1
2837505,0,0,1,1,0,0,117,2,12,1
2837729,0,1,1,0,1,0,117,2,12,1
2838178,0,0,0,0,1,0,117,2,12,1
2838211,1,1,0,0,0,0,117,2,12,1
2838415,1,1,0,0,0,0,117,2,12,1
2838561,0,0,1,1,0,0,117,2,12,1
2839614,0,0,0,1,1,1,117,2,12,1
2841053,0,1,0,1,0,0,117,2,12,1
2842161,1,0,1,0,0,0,117,2,12,1
2842198,1,0,1,0,0,0,117,2,12,1
2842278,0,0,0,0,1,0,117,2,12,1
2842942,0,0,0,0,1,0,117,2,12,1
2842999,1,0,0,1,1,0,117,2,12,1
2843039,1,1,1,1,1,0,117,2,12,1
2843291,0,0,0,0,1,0,117,2,12,1
2843352,1,1,1,1,1,0,117,2,12,1
2843787,1,1,1,1,1,0,117,2,12,1
2843892,1,0,0,1,1,0,117,2,12,1
2843920,0,0,1,1,0,0,117,2,12,1
2844640,0,1,0,1,0,0,117,2,12,1
2844678,1,1,0,0,0,0,117,2,12,1
2844844,0,1,0,1,0,0,117,2,12,1
2844906,1,0,0,1,1,0,117,2,12,1
2845127,0,0,0,0,1,0,117,2,12,1
2845323,0,0,0,0,1,0,117,2,12,1
2845609,1,0,1,0,0,0,117,2,12,1
2846258,1,0,0,0,1,1,117,2,12,1
2846267,0,0,0,0,1,0,117,2,12,1
2846527,0,0,1,1,0,0,117,2,12,1
2846805,0,0,0,0,1,0,117,2,12,1
2847175,1,1,0,0,0,0,117,2,12,1
2847371,0,1,0,1,0,0,117,2,12,1
2847908,1,1,0,0,0,0,117,2,12,1
2848120,1,0,0,1,1,0,117,2,12,1
2848446,0,0,1,1,0,0,117,2,12,1
2848699,1,1,0,0,0,0,117,2,12,1
2848840,0,1,0,1,0,0,117,2,12,1
2849501,1,0,0,1,1,0,117,2,12,1
2849509,0,1,0,1,0,0,117,2,12,1
2849937,0,1,1,0,1,0,117,2,12,1
2850527,1,0,0,1,1,0,117,2,12,1
2851130,0,1,0,1,0,0,117,2,12,1
2851648,1,1,1,1,1,0,117,2,12,1
2851777,1,0,0,1,1,0,117,2,12,1
2852004,1,0,0,1,1,0,117,2,12,1
2852402,0,1,1,0,1,0,117,2,12,1
2852528,0,1,0,1,0,0,117,2,12,1
2853639,0,1,1,0,1,0,117,2,12,1
2853676,1,0,1,0,0,0,117,2,12,1
2854036,1,0,0,1,1,0,117,2,12,1
2854093,0,0,0,0,1,0,117,2,12,1
2854103,1,0,0,1,1,0,117,2,12,1
2854634,0,0,1,1,0,0,117,2,12,1
2854785,1,0,1,0,0,0,117,2,12,1
2854792,1,1,1,0,1,1,117,2,12,1
2854999,1,1,1,1,1,0,117,2,12,1
2855036,0,0,0,0,1,0,117,2,12,1
2855735,1,0,0,1,1,0,117,2,12,1
2855883,0,0,0,0,1,0,117,2,12,1
2856012,1,0,0,1,1,0,117,2,12,1
2856258,0,1,0,1,0,0,117,2,12,1
2856532,1,1,1,0,1,1,117,2,12,1
2856930,1,1,0,0,0,0,117,2,12,1
2857161,0,1,1,0,1,0,117,2,12,1
2857422,1,1,0,0,0,0,117,2,12,1
2857427,1,1,1,1,1,0,117,2,12,1
2857594,0,1,1,0,1,0,117,2,12,1
2858056,1,0,1,0,0,0,117,2,12,1
2858074,0,1,0,1,0,0,117,2,12,1
2858783,0,0,1,1,0,0,117,2,12,1
2858831,1,0,0,1,1,0,117,2,12,1
2858891,0,0,0,0,1,0,117,2,12,1
2859041,1,1,0,0,0,0,117,2,12,1
2860181,1,0,0,1,1,0,117,2,12,1
2860192,0,1,1,0,1,0,117,2,12,1
2860612,0,1,1,0,1,0,117,2,12,1
2861268,0,1,1,0,1,0,117,2,12,1
2861331,0,1,1,0,1,0,117,2,12,1
2861491,1,0,1,0,0,0,117,2,12,1
2862385,1,1,1,1,1,0,117,2,12,1
2862554,0,0,1,0,0,0,117,2,12,1
2862946,0,0,1,1,0,0,117,2,12,1
2862990,1,1,0,0,0,0,117,2,12,1
2863081,1,0,0,1,1,0,117,2,12,1
2863330,1,0,1,0,0,0,117,2,12,1
2863894,1,0,0,1,1,0,117,2,12,1
2864068,0,1,1,0,1,0,117,2,12,1
2864745,1,0,0,1,1,0,117,2,12,1
2864844,1,1,1,1,1,0,117,2,12,1
2864878,1,1,1,1,1,0,117,2,12,1
2864923,0,1,0,1,0,0,117,2,12,1
2865229,1,1,1,1,1,0,117,2,12,1
2865323,0,0,1,1,0,0,117,2,12,1
2865628,0,0,1,1,0,0,117,2,12,1
2865697,1,1,1,1,1,0,117,2,12,1
2865942,1,1,0,0,0,0,117,2,12,1
2866020,0,1,1,0,1,0,117,2,12,1
2867403,1,1,0,0,0,0,117,2,12,1
2867662,1,0,1,0,0,0,117,2,12,1
2868507,0,1,0,1,0,0,117,2,12,1
2868867,0,1,0,1,0,0,117,2,12,1
2868873,1,1,1,1,1,0,117,2,12,1
2869102,0,0,0,0,1,0,117,2,12,1
2869223,0,0,0,0,1,0,117,2,12,1
2869543,1,1,0,0,0,0,117,2,12,1
2870924,0,1,0,1,0,0,117,2,12,1
2871080,1,0,0,1,1,0,117,2,12,1
2871093,1,0,0,1,1,0,117,2,12,1
2871201,1,1,1,1,1,0,117,2,12,1
2872144,1,1,1,1,1,0,117,2,12,1
2872659,0,0,1,1,0,0,117,2,12,1
2872965,1,0,1,0,0,0,117,2,12,1
2873097,0,0,1,1,0,0,117,2,12,1
2873466,1,0,1,0,0,0,117,2,12,1
2873650,1,0,1,0,0,0,117,2,12,1
2873690,0,0,1,1,0,0,117,2,12,1
2873881,0,0,0,0,1,0,117,2,12,1
2874233,0,0,0,0,1,0,117,2,12,1
2874688,0,0,0,0,1,0,117,2,12,1
2875333,1,0,1,0,0,0,117,2,12,1
2876030,1,0,0,0,1,1,117,2,12,1
2876064,0,0,1,1,0,0,117,2,12,1
2876161,1,1,0,0,0,0,117,2,12,1
2876523,0,1,0,1,0,0,117,2,12,1
2876639,1,1,1,1,1,0,117,2,12,1
2876795,1,1,0,0,0,0,117,2,12,1
2876921,0,0,0,0,1,0,117,2,12,1
2877062,1,0,0,1,1,0,117,2,12,1
2877245,0,0,1,1,0,0,117,2,12,1
2877822,1,0,0,1,1,0,117,2,12,1
2877903,0,0,1,1,0,0,117,2,12,1
2877915,1,0,1,0,0,0,117,2,12,1
2877949,0,0,0,0,1,0,117,2,12,1
2878175,1,0,1,0,0,0,117,2,12,1
2878325,1,0,0,1,1,0,117,2,12,1
2880066,0,1,1,0,1,0,117,2,12,1
2880382,0,0,0,0,1,0,117,2,12,1
2880762,0,0,0,0,1,0,117,2,12,1
2881096,0,0,0,0,1,0,117,2,12,1
2881556,1,1,1,0,1,1,117,2,12,1
2882073,0,1,0,1,0,0,117,2,12,1
2882478,1,0,1,0,0,0,117,2,12,1
2882494,1,1,0,0,0,0,117,2,12,1
2882611,0,1,1,0,1,0,117,2,12,1
2882672,0,1,0,1,0,0,117,2,12,1
2882744,0,0,1,1,0,0,117,2,12,1
2882792,0,1,1,0,1,0,117,2,12,1
2882824,1,1,0,0,0,0,117,2,12,1
2882852,1,1,1,1,1,0,117,2,12,1
2883207,0,0,0,0,1,0,117,2,12,1
2883727,1,1,1,1,1,0,147,2,12,0
2883895,0,0,0,0,1,0,147,2,12,0
2884070,1,0,0,1,1,0,147,2,12,0
2884506,0,0,1,1,0,0,147,2,12,0
2885298,1,1,1,1,1,0,147,2,12,0
2885637,1,1,0,1,0,0,147,2,12,0
2885720,0,0,0,0,1,0,147,2,12,0
2885907,1,1,0,0,0,0,147,2,12,0
2885999,1,0,0,1,1,0,147,2,12,0
2886081,1,1,0,0,0,0,147,2,12,0
2886085,1,0,0,1,1,0,147,2,12,0
2886465,1,0,0,1,1,0,147,2,12,0
2887125,0,1,0,1,0,0,147,2,12,0
2887173,0,1,0,1,0,0,147,2,12,0
2887646,1,1,1,1,1,0,147,2,12,0
2887892,1,0,0,1,1,0,147,2,12,0
2888115,1,1,1,1,1,0,147,2,12,0
2888628,1,1,1,1,1,0,147,2,12,0
2890083,0,1,0,1,0,0,147,2,12,0
2890194,1,1,0,0,0,0,147,2,12,0
2890587,0,0,1,1,0,0,147,2,12,0
2890705,1,0,1,0,0,0,147,2,12,0
2891715,0,0,0,0,1,0,147,2,12,0
2892006,1,1,0,0,0,0,147,2,12,0
2892240,0,0,1,1,0,0,147,2,12,0
2892458,1,0,1,0,0,0,147,2,12,0
2892494,0,1,0,1,0,0,147,2,12,0
2893202,0,1,0,1,0,0,147,2,12,0
2893394,1,1,1,1,1,0,147,2,12,0
2893774,1,0,1,0,0,0,147,2,12,0
2893941,0,0,0,0,1,0,147,2,12,0
2894307,0,1,0,1,0,0,147,2,12,0
2894525,0,0,0,0,1,0,147,2,12,0
2894540,1,1,0,1,0,0,147,2,12,0
2894787,1,0,0,1,1,0,147,2,12,0
2894889,0,1,0,1,0,0,147,2,12,0
2895276,1,0,0,1,1,0,147,2,12,0
2895312,1,0,0,1,1,0,147,2,12,0
2895853,1,1,1,1,1,0,147,2,12,0
2896007,0,1,0,1,0,0,147,2,12,0
2896110,0,1,1,1,1,1,147,2,12,0
2896628,0,1,1,0,1,0,147,2,12,0
2896748,0,1,0,1,0,0,147,2,12,0
2896754,1,0,0,1,1,0,147,2,12,0
2897230,1,0,1,0,0,0,147,2,12,0
2897555,0,0,0,0,1,0,147,2,12,0
2897818,1,0,0,1,1,0,147,2,12,0
2898048,0,0,1,1,0,0,147,2,12,0
2898259,1,1,0,0,0,0,147,2,12,0
2898356,1,1,0,0,0,0,147,2,12,0
2898486,1,1,1,1,1,0,147,2,12,0
2898687,1,0,0,1,1,0,147,2,12,0
2898809,1,1,0,0,0,0,147,2,12,0
2898810,1,1,1,1,1,0,147,2,12,0
2899434,1,1,0,0,0,0,147,2,12,0
2899812,1,1,1,1,1,0,147,2,12,0
2899991,1,0,0,1,1,0,147,2,12,0
2900323,0,0,1,1,0,0,147,2,12,0
2900651,1,0,1,0,0,0,147,2,12,0
2900677,1,1,0,0,0,0,147,2,12,0
2900885,0,0,0,0,1,0,147,2,12,0
2901045,1,0,1,0,0,0,147,2,12,0
2901560,0,1,0,1,0,0,147,2,12,0
2901696,1,0,0,1,1,0,147,2,12,0
2902492,1,0,0,1,1,0,147,2,12,0
2902594,0,0,1,1,0,0,147,2,12,0
2902630,1,1,1,1,1,0,147,2,12,0
2903105,0,1,1,0,1,0,147,2,12,0
2903593,0,0,0,0,1,0,147,2,12,0
2903712,0,0,1,1,0,0,147,2,12,0
2903862,0,0,0,0,1,0,147,2,12,0
2904480,1,1,1,1,1,0,147,2,12,0
2904646,1,1,0,0,0,0,147,2,12,0
2904667,1,0,0,1,1,0,147,2,12,0
2904760,1,0,0,1,1,0,147,2,12,0
2905014,1,1,0,0,0,0,147,2,12,0
2905690,0,1,0,1,0,0,147,2,12,0
2906303,0,0,0,0,1,0,147,2,12,0
2906449,0,0,1,1,0,0,147,2,12,0
2906549,0,1,1,0,1,0,147,2,12,0
2906684,1,0,1,0,0,0,147,2,12,0
2907160,1,1,0,0,0,0,147,2,12,0
2907338,0,1,1,0,1,0,147,2,12,0
2907789,0,1,0,1,0,0,147,2,12,0
2908778,1,1,0,0,0,0,147,2,12,0
2909170,0,1,0,1,0,0,147,2,12,0
2909436,0,1,0,1,0,0,147,2,12,0
2909501,0,0,1,1,0,0,147,2,12,0
2909804,1,1,0,0,0,0,147,2,12,0
2909848,0,1,0,1,0,0,147,2,12,0
2910469,1,1,0,0,0,0,147,2,12,0
2910552,1,1,1,1,1,0,147,2,12,0
2910574,0,1,0,1,0,0,147,2,12,0
2910669,1,1,0,0,0,0,147,2,12,0
2910885,0,0,0,0,1,0,147,2,12,0
2911006,1,0,1,0,0,0,147,2,12,0
2911140,0,1,0,1,0,0,147,2,12,0
2911525,0,1,1,0,1,0,147,2,12,0
2912017,1,0,0,1,1,0,147,2,12,0
2912158,1,0,1,0,0,0,147,2,12,0
2912520,0,0,1,1,0,0,147,2,12,0
2912948,1,1,1,1,1,0,147,2,12,0
2913255,1,0,1,0,0,0,147,2,12,0
2913507,0,1,1,0,1,0,147,2,12,0
2914061,1,1,0,0,0,0,147,2,12,0
2914295,0,0,1,1,0,0,147,2,12,0
2914431,1,1,1,1,1,0,147,2,12,0
2914551,0,0,0,0,1,0,147,2,12,0
2914631,1,0,0,1,1,0,147,2,12,0
2914652,0,1,1,1,1,1,147,2,12,0
2915277,1,1,1,1,1,0,147,2,12,0
2915469,1,1,1,1,1,0,147,2,12,0
2915767,0,1,1,0,1,0,147,2,12,0
2915990,1,0,1,0,0,0,147,2,12,0
2916220,1,1,1,1,1,0,147,2,12,0
2916918,0,1,0,1,0,0,147,2,12,0
2917016,0,0,1,1,0,0,147,2,12,0
2918060,1,1,0,0,0,0,147,2,12,0
2918367,1,0,1,0,0,0,147,2,12,0
2918617,1,0,1,1,0,0,147,2,12,0
2919151,1,1,0,0,0,0,147,2,12,0
2919184,1,0,0,1,1,0,147,2,12,0
2919227,0,0,0,0,1,0,147,2,12,0
2919243,1,1,0,1,0,0,147,2,12,0
2919327,0,1,0,1,0,0,147,2,12,0
2919416,1,1,1,1,1,0,147,2,12,0
2919476,1,0,1,0,0,0,147,2,12,0
2919659,0,1,0,1,0,0,147,2,12,0
2919889,0,0,0,0,1,0,147,2,12,0
2920000,0,1,1,0,1,0,147,2,12,0
2920843,0,0,1,1,0,0,147,2,12,0
2921747,0,1,1,1,1,1,147,2,12,0
2921767,1,0,1,0,0,0,147,2,12,0
2921855,1,1,0,0,0,0,147,2,12,0
2921865,1,1,0,0,0,0,147,2,12,0
2922137,0,1,1,0,1,0,147,2,12,0
2922515,0,0,0,0,1,0,147,2,12,0
2922920,1,1,1,1,1,0,147,2,12,0
2923121,1,0,1,0,0,0,147,2,12,0
2923550,0,1,1,0,1,0,147,2,12,0
2923846,1,0,1,0,0,0,147,2,12,0
2923978,1,1,0,0,0,0,147,2,12,0
2924100,1,0,0,1,1,0,147,2,12,0
2924413,0,1,1,0,1,0,147,2,12,0
2924524,0,0,0,0,1,0,147,2,12,0
2924804,1,1,0,0,0,0,147,2,12,0
2925210,0,0,0,0,1,0,147,2,12,0
2925743,1,0,1,0,0,0,147,2,12,0
2925943,0,0,0,0,1,0,147,2,12,0
2926133,0,0,1,1,0,0,147,2,12,0
2926310,1,1,1,1,1,0,147,2,12,0
2926420,1,0,0,1,1,0,147,2,12,0
2926682,0,0,0,0,1,0,147,2,12,0
2926807,1,0,0,1,1,0,147,2,12,0
2927182,0,0,0,0,1,0,147,2,12,0
2927501,0,1,1,0,1,0,147,2,12,0
2927634,0,0,0,0,1,0,147,2,12,0
2927925,0,0,0,0,1,0,147,2,12,0
2928482,0,0,1,0,0,0,147,2,12,0
2929297,0,1,0,1,0,0,147,2,12,0
2930183,1,0,1,0,0,0,147,2,12,0
2930620,0,1,0,1,0,0,147,2,12,0
2930680,1,1,0,0,0,0,147,2,12,0
2930747,0,0,1,1,0,0,147,2,12,0
2930949,0,0,0,0,1,0,147,2,12,0
2931525,0,1,1,0,1,0,147,2,12,0
2931667,0,1,1,0,1,0,147,2,12,0
2931816,1,1,1,1,1,0,147,2,12,0
2932005,1,0,0,1,1,0,147,2,12,0
2932171,1,0,0,1,1,0,147,2,12,0
2932760,0,0,0,0,1,0,147,2,12,0
2932849,1,0,1,0,0,0,147,2,12,0
2932946,1,0,0,1,1,0,147,2,12,0
2933454,0,0,1,1,0,0,147,2,12,0
2933849,1,0,1,0,0,0,147,2,12,0
2934014,0,1,1,0,1,0,147,2,12,0
2934304,1,1,0,0,0,0,147,2,12,0
2934439,1,1,1,1,1,0,147,2,12,0
2934454,0,1,0,1,0,0,147,2,12,0
2934753,0,1,0,1,0,0,147,2,12,0
2934872,1,1,1,1,1,0,147,2,12,0
2935078,1,1,1,1,1,0,147,2,12,0
2935092,1,0,0,0,1,1,147,2,12,0
2935392,1,1,1,1,1,0,147,2,12,0
2935842,0,0,0,0,1,0,147,2,12,0
2936526,1,0,0,1,1,0,147,2,12,0
2937084,1,0,0,1,1,0,147,2,12,0
2938053,0,1,0,1,0,0,147,2,12,0
2938184,1,1,0,0,0,0,147,2,12,0
2939027,1,0,1,0,0,0,147,2,12,0
2939184,0,0,1,1,0,0,147,2,12,0
2939661,0,1,1,0,1,0,147,2,12,0
2940228,1,1,1,1,1,0,147,2,12,0
2940232,0,0,1,1,0,0,147,2,12,0
2940299,1,0,0,1,1,0,147,2,12,0
2940438,0,0,0,0,1,0,147,2,12,0
2940750,1,0,1,0,0,0,147,2,12,0
2941331,0,0,0,0,1,0,147,2,12,0
2941416,0,0,0,0,1,0,147,2,12,0
2941605,0,1,1,0,1,0,147,2,12,0
2941641,0,1,1,0,1,0,147,2,12,0
2941798,1,1,1,1,1,0,147,2,12,0
2942435,0,0,0,0,1,0,147,2,12,0
2942599,0,0,0,0,1,0,147,2,12,0
2943233,1,1,0,0,0,0,147,2,12,0
2943437,0,0,1,1,0,0,147,2,12,0
2943703,0,1,1,0,1,0,147,2,12,0
2944798,0,1,0,1,0,0,147,2,12,0
2945394,0,1,1,0,1,0,147,2,12,0
2945881,1,0,1,0,0,0,147,2,12,0
2945947,1,1,1,1,1,0,147,2,12,0
2946124,0,0,0,0,1,0,147,2,12,0
2946588,1,0,0,1,1,0,147,2,12,0
2946742,0,1,0,1,0,0,147,2,12,0
2946767,1,0,1,0,0,0,147,2,12,0
2946982,0,1,1,0,1,0,147,2,12,0
2947325,1,0,0,1,1,0,147,2,12,0
2947661,1,1,0,0,0,0,147,2,12,0
2947673,1,1,1,1,1,0,147,2,12,0
2948402,1,0,0,1,1,0,147,2,12,0
2948662,0,1,1,0,1,0,147,2,12,0
2948715,0,1,0,1,0,0,147,2,12,0
2948883,0,1,0,1,0,0,147,2,12,0
2949088,0,1,0,1,0,0,147,2,12,0
2949153,1,0,0,1,1,0,122,2,12,0
2949828,0,1,0,1,0,0,122,2,12,0
2950036,0,1,0,1,0,0,122,2,12,0
2950209,1,1,0,0,0,0,122,2,12,0
2951107,0,1,1,0,1,0,122,2,12,0
2951328,0,0,1,1,0,0,122,2,12,0
2951385,0,1,0,1,0,0,122,2,12,0
2951584,0,1,0,1,0,0,122,2,12,0
2952281,1,0,0,1,1,0,122,2,12,0
2952511,0,0,1,1,0,0,122,2,12,0
2952636,0,0,1,1,0,0,122,2,12,0
2952977,0,0,1,1,0,0,122,2,12,0
2953063,1,0,0,1,1,0,122,2,12,0
2954247,0,0,1,1,0,0,122,2,12,0
2954668,1,1,0,0,0,0,122,2,12,0
2955016,0,1,0,1,0,0,122,2,12,0
2955383,1,1,1,0,1,1,122,2,12,0
2956165,1,0,0,1,1,0,122,2,12,0
2956311,1,1,1,1,1,0,122,2,12,0
2957051,1,1,0,0,0,0,122,2,12,0
2957173,1,1,0,0,0,0,122,2,12,0
2957674,0,1,0,1,0,0,122,2,12,0
2957689,0,0,1,1,0,0,122,2,12,0
2958328,0,1,1,0,1,0,122,2,12,0
2958347,0,0,0,0,1,0,122,2,12,0
2958408,0,0,1,1,0,0,122,2,12,0
2958627,0,0,0,0,1,0,122,2,12,0
2958729,0,0,1,1,0,0,122,2,12,0
2959161,1,1,0,1,0,0,122,2,12,0
2959191,0,0,1,1,0,0,122,2,12,0
2959510,0,1,1,0,1,0,122,2,12,0
2959781,1,0,0,1,1,0,122,2,12,0
2959867,1,1,0,0,0,0,122,2,12,0
2959955,1,1,1,1,1,0,122,2,12,0
2960173,0,1,1,0,1,0,122,2,12,0
2960216,0,1,0,1,0,0,122,2,12,0
2960375,1,0,1,0,0,0,122,2,12,0
2961087,1,0,0,1,1,0,122,2,12,0
2961209,1,0,1,0,0,0,122,2,12,0
2961284,1,0,0,1,1,0,122,2,12,0
2961483,1,1,0,0,0,0,122,2,12,0
2961647,0,1,1,0,1,0,122,2,12,0
2962575,1,0,1,0,0,0,122,2,12,0
2962864,1,0,0,1,1,0,122,2,12,0
2963230,0,1,1,0,1,0,122,2,12,0
2963611,0,1,0,1,0,0,122,2,12,0
2963962,1,0,1,0,0,0,122,2,12,0
2964428,0,1,1,0,1,0,122,2,12,0
2964580,1,1,0,0,0,0,122,2,12,0
2965046,0,0,1,1,0,0,122,2,12,0
2965734,0,1,0,1,0,0,122,2,12,0
2965811,1,1,1,1,1,0,122,2,12,0
2966081,1,0,0,1,1,0,122,2,12,0
2966183,1,0,0,1,1,0,122,2,12,0
2966226,1,0,0,1,1,0,122,2,12,0
2966428,0,0,1,1,0,0,122,2,12,0
2967327,1,0,1,0,0,0,122,2,12,0
2967530,1,0,0,1,1,0,122,2,12,0
2967585,0,0,1,1,0,0,122,2,12,0
2967645,1,1,0,0,0,0,122,2,12,0
2968067,0,1,0,1,0,0,122,2,12,0
2968368,1,0,1,0,0,0,122,2,12,0
2968926,1,1,0,0,0,0,122,2,12,0
2969107,1,1,1,1,1,0,122,2,12,0
2969988,0,1,1,0,1,0,122,2,12,0
2970205,0,1,1,0,1,0,122,2,12,0
2970222,1,1,1,1,1,0,122,2,12,0
2970584,0,0,1,1,0,0,122,2,12,0
2970916,0,0,1,1,0,0,122,2,12,0
2971008,0,1,0,1,0,0,122,2,12,0
2971423,0,0,1,1,0,0,122,2,12,0
2971835,0,1,0,1,0,0,122,2,12,0
2972046,0,0,0,0,1,0,122,2,12,0
2973602,1,1,1,1,1,0,122,2,12,0
2974358,0,1,1,0,1,0,122,2,12,0
2974504,0,0,0,0,1,0,122,2,12,0
2975527,0,1,0,1,0,0,122,2,12,0
2975952,1,1,1,1,1,0,122,2,12,0
2976000,0,1,0,0,0,0,122,2,12,0
2976460,1,0,0,0,1,1,122,2,12,0
2977906,1,1,0,0,0,0,122,2,12,0
2978535,1,1,1,1,1,0,122,2,12,0
2978599,0,1,0,1,0,0,122,2,12,0
2980192,0,0,0,0,1,0,122,2,12,0
2980718,0,1,1,0,1,0,122,2,12,0
2982889,0,1,1,0,1,0,122,2,12,0
2983377,0,1,1,0,1,0,122,2,12,0
2984607,1,1,0,0,0,0,122,2,12,0
2984758,1,1,0,1,0,0,122,2,12,0
2984794,0,0,1,0,0,0,122,2,12,0
2984929,0,0,0,0,1,0,122,2,12,0
2985138,0,0,0,1,1,1,122,2,12,0
2985245,0,0,1,1,0,0,122,2,12,0
2985309,1,0,0,1,1,0,122,2,12,0
2986248,0,1,0,1,0,0,122,2,12,0
2986425,0,1,0,1,0,0,122,2,12,0
2988054,1,1,1,1,1,0,122,2,12,0
2988507,0,1,1,0,1,0,122,2,12,0
2988843,0,0,0,0,1,0,122,2,12,0
2989120,0,1,0,1,0,0,122,2,12,0
2989758,0,0,1,1,0,0,122,2,12,0
2989885,0,0,0,0,1,0,122,2,12,0
2990630,1,1,0,0,0,0,122,2,12,0
2990936,1,0,1,0,0,0,122,2,12,0
2991981,0,0,1,1,0,0,122,2,12,0
2992874,0,0,0,0,1,0,122,2,12,0
2992891,1,0,0,1,1,0,122,2,12,0
2993552,1,0,0,0,1,1,122,2,12,0
2993721,0,1,0,0,0,0,122,2,12,0
2993835,1,1,1,1,1,0,122,2,12,0
2994227,1,0,1,0,0,0,122,2,12,0
2994415,0,1,0,1,0,0,122,2,12,0
2994593,0,1,0,1,0,0,122,2,12,0
2994824,1,1,0,1,0,0,122,2,12,0
2995152,0,1,0,1,0,0,122,2,12,0
2995724,0,1,0,1,0,0,122,2,12,0
2995948,1,1,0,0,0,0,122,2,12,0
2996049,1,0,0,1,1,0,122,2,12,0
2996204,1,0,0,1,1,0,122,2,12,0
2996209,1,0,1,0,0,0,122,2,12,0
2996531,0,0,0,0,1,0,122,2,12,0
2996924,1,1,1,1,1,0,122,2,12,0
2998436,1,0,1,0,0,0,122,2,12,0
2998656,1,0,1,0,0,0,122,2,12,0
2999028,1,0,1,0,0,0,122,2,12,0
2999470,0,1,0,1,0,0,122,2,12,0
2999660,0,0,1,1,0,0,122,2,12,0
2999704,1,0,0,1,1,0,122,2,12,0
3000011,1,0,1,0,0,0,122,2,12,0
3000146,0,1,1,0,1,0,122,2,12,0
3000345,1,0,0,1,1,0,122,2,12,0
3000570,0,1,0,1,0,0,122,2,12,0
3000985,0,0,0,0,1,0,122,2,12,0
3001240,1,0,1,0,0,0,122,2,12,0
3001345,1,1,0,0,0,0,122,2,12,0
3001667,1,0,1,0,0,0,122,2,12,0
3001793,0,0,0,0,1,0,122,2,12,0
3003290,0,0,1,1,0,0,122,2,12,0
3003298,0,0,1,1,0,0,122,2,12,0
3003334,0,1,1,0,1,0,122,2,12,0
3003781,1,1,1,1,1,0,122,2,12,0
3003855,1,0,0,1,1,0,122,2,12,0
3004233,1,0,0,1,1,0,122,2,12,0
3004818,0,1,0,1,0,0,122,2,12,0
3004900,1,1,0,0,0,0,122,2,12,0
3004929,0,1,1,0,1,0,122,2,12,0
3005785,0,1,0,1,0,0,122,2,12,0
3005801,0,1,0,1,0,0,122,2,12,0
3006066,0,0,1,1,0,0,122,2,12,0
3006081,0,1,0,1,0,0,122,2,12,0
3006336,0,1,0,1,0,0,122,2,12,0
3006522,0,1,0,1,0,0,122,2,12,0
3006766,0,1,1,0,1,0,122,2,12,0
3007009,1,0,0,1,1,0,122,2,12,0
3007035,0,1,1,0,1,0,122,2,12,0
3007280,1,0,1,0,0,0,122,2,12,0
3007820,1,1,0,0,0,0,122,2,12,0
3007868,1,0,1,0,0,0,122,2,12,0
3008175,0,1,0,1,0,0,122,2,12,0
3008875,1,0,1,0,0,0,122,2,12,0
3008880,0,0,1,1,0,0,122,2,12,0
3009970,1,1,0,0,0,0,122,2,12,0
3010768,0,1,0,1,0,0,122,2,12,0
3011012,0,0,0,0,1,0,122,2,12,0
3011013,0,1,0,1,0,0,122,2,12,0
3011297,1,1,1,1,1,0,122,2,12,0
3011580,1,0,1,0,0,0,122,2,12,0
3011613,0,0,0,0,1,0,122,2,12,0
3011719,1,0,0,1,1,0,122,2,12,0
3011783,0,0,1,1,0,0,122,2,12,0
3012042,0,0,0,0,1,0,122,2,12,0
3012085,0,0,1,1,0,0,122,2,12,0
3012235,0,1,1,0,1,0,122,2,12,0
3012917,0,1,1,0,1,0,122,2,12,0
3013081,1,0,1,0,0,0,122,2,12,0
3013203,1,0,0,1,1,0,122,2,12,0
3013820,1,0,1,0,0,0,122,2,12,0
3014485,0,1,0,1,0,0,122,2,12,0
3015160,0,1,0,1,0,0,180,1,12,0
3015239,0,0,1,1,0,0,180,1,12,0
3015371,1,0,0,1,1,0,180,1,12,0
3015617,1,1,1,1,1,0,180,1,12,0
3016660,1,0,1,0,0,0,180,1,12,0
3016690,0,0,1,1,0,0,180,1,12,0
3017001,0,0,1,1,0,0,180,1,12,0
3017171,1,1,1,1,1,0,180,1,12,0
3017273,0,1,1,0,1,0,180,1,12,0
3017898,1,1,0,0,0,0,180,1,12,0
3018193,0,0,0,0,1,0,180,1,12,0
3018199,0,1,0,1,0,0,180,1,12,0
3018208,0,1,1,0,1,0,180,1,12,0
3018231,0,1,1,0,1,0,180,1,12,0
3018455,0,1,0,1,0,0,180,1,12,0
3019434,0,0,1,1,0,0,180,1,12,0
3019601,0,1,0,1,0,0,180,1,12,0
3020209,0,0,1,1,0,0,180,1,12,0
3021040,1,0,0,1,1,0,180,1,12,0
3021859,0,0,1,1,0,0,180,1,12,0
3021860,0,1,0,1,0,0,180,1,12,0
3021892,0,0,1,1,0,0,180,1,12,0
3022126,1,0,1,0,0,0,180,1,12,0
3022502,0,0,1,1,0,0,180,1,12,0
3022760,0,0,0,0,1,0,180,1,12,0
3022982,0,1,0,1,0,0,180,1,12,0
3023048,0,1,1,0,1,0,180,1,12,0
3023586,1,1,1,1,1,0,180,1,12,0
3023737,1,0,1,0,0,0,180,1,12,0
3023781,0,0,1,1,0,0,180,1,12,0
3023876,1,1,1,1,1,0,180,1,12,0
3024118,1,0,1,0,0,0,180,1,12,0
3024288,1,1,0,0,0,0,180,1,12,0
3024336,0,1,1,0,1,0,180,1,12,0
3024369,1,1,1,1,1,0,180,1,12,0
3024400,1,0,0,1,1,0,180,1,12,0
3025077,0,1,0,1,0,0,180,1,12,0
3025170,0,0,1,1,0,0,180,1,12,0
3025768,1,0,1,0,0,0,180,1,12,0
3025896,1,1,1,1,1,0,180,1,12,0
3026052,0,0,1,1,0,0,180,1,12,0
3027375,0,0,0,1,1,1,180,1,12,0
3027572,0,1,0,1,0,0,180,1,12,0
3027770,0,1,1,0,1,0,180,1,12,0
3027848,1,1,0,0,0,0,180,1,12,0
3027993,1,0,1,0,0,0,180,1,12,0
3029049,0,1,1,0,1,0,180,1,12,0
3029435,0,1,0,1,0,0,180,1,12,0
3029532,1,1,1,1,1,0,180,1,12,0
3029710,1,0,0,1,1,0,180,1,12,0
3029757,0,0,0,0,1,0,180,1,12,0
3029884,1,0,0,1,1,0,180,1,12,0
3030035,0,1,1,0,1,0,180,1,12,0
3030443,1,0,1,0,0,0,180,1,12,0
3030602,0,0,1,1,0,0,180,1,12,0
3030629,1,0,1,0,0,0,180,1,12,0
3031558,0,1,1,0,1,0,180,1,12,0
3031579,1,1,0,0,0,0,180,1,12,0
3031656,1,0,1,0,0,0,180,1,12,0
3031787,1,0,1,0,0,0,180,1,12,0
3031887,1,0,1,0,0,0,180,1,12,0
3032225,1,1,0,0,0,0,180,1,12,0
3032390,0,1,0,1,0,0,180,1,12,0
3033077,0,0,1,1,0,0,180,1,12,0
3033637,1,1,0,0,0,0,180,1,12,0
3033668,0,1,1,0,1,0,180,1,12,0
3034037,0,0,1,1,0,0,180,1,12,0
3034237,1,0,0,1,1,0,180,1,12,0
3034251,0,1,1,0,1,0,180,1,12,0
3034367,0,0,1,1,0,0,180,1,12,0
3034369,0,0,0,1,1,1,180,1,12,0
3034612,0,1,1,0,1,0,180,1,12,0
3034621,1,1,0,0,0,0,180,1,12,0
3034746,1,0,0,1,1,0,180,1,12,0
3034952,0,0,1,0,0,0,180,1,12,0
3036027,0,1,1,1,1,1,180,1,12,0
3036181,0,1,1,0,1,0,180,1,12,0
3036199,1,0,0,1,1,0,180,1,12,0
3036575,1,1,1,1,1,0,180,1,12,0
3036954,1,1,0,0,0,0,180,1,12,0
3037133,0,1,0,1,0,0,180,1,12,0
3037529,0,0,1,1,0,0,180,1,12,0
3037555,0,1,1,0,1,0,180,1,12,0
3037892,1,1,0,0,0,0,180,1,12,0
3037930,1,0,1,0,0,0,180,1,12,0
3038308,1,1,1,1,1,0,180,1,12,0
3038500,0,0,0,0,1,0,180,1,12,0
3038684,1,1,1,1,1,0,180,1,12,0
3038776,0,1,1,0,1,0,180,1,12,0
3039098,0,1,0,1,0,0,180,1,12,0
3039485,0,1,1,0,1,0,180,1,12,0
3039497,1,0,0,1,1,0,180,1,12,0
3039498,0,1,0,1,0,0,180,1,12,0
3039650,0,0,1,1,0,0,180,1,12,0
3039685,1,0,0,1,1,0,180,1,12,0
3039933,1,0,0,1,1,0,180,1,12,0
3040227,1,0,0,1,1,0,180,1,12,0
3040726,1,1,1,1,1,0,180,1,12,0
3041277,0,1,1,0,1,0,180,1,12,0
3041390,0,1,0,1,0,0,180,1,12,0
3041618,0,0,1,0,0,0,180,1,12,0
3041663,1,0,0,1,1,0,180,1,12,0
3041712,0,1,0,1,0,0,180,1,12,0
3042523,0,0,1,1,0,0,180,1,12,0
3042543,0,1,1,0,1,0,180,1,12,0
3042645,0,0,0,0,1,0,180,1,12,0
3042680,0,0,1,1,0,0,180,1,12,0
3042844,1,1,0,0,0,0,180,1,12,0
3042982,0,1,0,1,0,0,180,1,12,0
3043005,1,0,1,0,0,0,180,1,12,0
3043443,0,0,1,1,0,0,180,1,12,0
3043646,1,0,1,0,0,0,180,1,12,0
3044033,1,0,0,1,1,0,180,1,12,0
3044369,1,1,0,0,0,0,180,1,12,0
3044629,1,1,0,0,0,0,180,1,12,0
3044726,1,0,1,0,0,0,180,1,12,0
3044746,0,1,0,1,0,0,180,1,12,0
3044981,0,0,1,1,0,0,180,1,12,0
3045938,1,1,1,1,1,0,180,1,12,0
3046012,1,1,0,0,0,0,180,1,12,0
3046525,1,0,1,0,0,0,180,1,12,0
3046696,1,0,0,1,1,0,180,1,12,0
3046815,1,0,1,0,0,0,180,1,12,0
3047183,0,1,1,0,1,0,180,1,12,0
3047292,1,1,1,1,1,0,180,1,12,0
3047546,1,1,0,0,0,0,180,1,12,0
3048135,0,1,0,1,0,0,180,1,12,0
3048542,0,1,1,0,1,0,180,1,12,0
3048674,1,0,0,1,1,0,180,1,12,0
3049337,1,0,0,1,1,0,180,1,12,0
3049437,0,0,0,0,1,0,180,1,12,0
3049590,0,1,1,0,1,0,180,1,12,0
3050327,0,0,0,0,1,0,180,1,12,0
3050466,0,1,1,0,1,0,180,1,12,0
3050830,1,0,0,1,1,0,180,1,12,0
3050888,0,0,0,0,1,0,180,1,12,0
3051053,1,1,1,0,1,1,180,1,12,0
3051098,1,0,1,0,0,0,180,1,12,0
3051577,0,1,1,0,1,0,180,1,12,0
3051635,1,1,0,0,0,0,180,1,12,0
3051694,0,0,0,0,1,0,180,1,12,0
3051814,1,0,1,0,0,0,180,1,12,0
3051993,0,1,1,0,1,0,180,1,12,0
3052208,0,1,1,0,1,0,180,1,12,0
3052522,1,0,0,1,1,0,180,1,12,0
3052731,0,1,0,1,0,0,180,1,12,0
3052870,0,1,1,0,1,0,180,1,12,0
3053520,0,1,0,1,0,0,180,1,12,0
3053529,0,0,1,1,0,0,180,1,12,0
3053627,0,0,1,1,0,0,180,1,12,0
3053763,0,1,1,0,1,0,180,1,12,0
3053888,1,1,0,0,0,0,180,1,12,0
3053926,1,0,0,1,1,0,180,1,12,0
3053990,1,0,1,0,0,0,180,1,12,0
3054129,0,0,1,1,0,0,180,1,12,0
3054661,0,1,0,1,0,0,180,1,12,0
3054909,0,1,1,0,1,0,180,1,12,0
3054927,0,1,1,0,1,0,180,1,12,0
3055156,0,1,1,0,1,0,180,1,12,0
3055400,0,1,0,1,0,0,180,1,12,0
3055525,1,1,0,0,0,0,180,1,12,0
3055634,1,1,1,1,1,0,180,1,12,0
3055899,1,0,1,0,0,0,180,1,12,0
3056232,1,0,0,1,1,0,180,1,12,0
3056373,0,0,1,1,0,0,180,1,12,0
3057097,0,0,1,1,0,0,180,1,12,0
3057430,1,1,1,1,1,0,180,1,12,0
3057878,0,0,0,0,1,0,180,1,12,0
3058339,0,0,0,0,1,0,180,1,12,0
3058911,1,1,1,1,1,0,180,1,12,0
3059148,1,1,0,0,0,0,180,1,12,0
3059626,0,1,1,0,1,0,180,1,12,0
3059667,1,1,1,0,1,1,180,1,12,0
3059822,0,0,1,1,0,0,180,1,12,0
3059948,0,1,0,1,0,0,180,1,12,0
3060053,0,0,1,1,0,0,180,1,12,0
3060385,1,1,0,0,0,0,180,1,12,0
3061022,0,1,1,0,1,0,180,1,12,0
3062091,1,0,0,1,1,0,180,1,12,0
3062479,1,1,0,0,0,0,180,1,12,0
3062727,1,0,1,0,0,0,180,1,12,0
3063041,1,0,1,0,0,0,180,1,12,0
3063121,0,1,1,0,1,0,180,1,12,0
3063242,0,1,1,0,1,0,180,1,12,0
3063494,1,1,0,0,0,0,180,1,12,0
3063743,0,0,0,0,1,0,180,1,12,0
3063785,1,1,0,0,0,0,180,1,12,0
3063800,1,1,1,1,1,0,180,1,12,0
3064063,1,1,1,1,1,0,180,1,12,0
3064588,0,0,1,1,0,0,180,1,12,0
3064880,1,1,0,0,0,0,180,1,12,0
3065273,0,1,0,1,0,0,180,1,12,0
3065742,1,1,1,1,1,0,180,1,12,0
3066021,0,1,0,1,0,0,180,1,12,0
3066246,0,1,0,1,0,0,180,1,12,0
3066730,0,1,1,0,1,0,180,1,12,0
3067468,1,1,1,1,1,0,180,1,12,0
3067540,1,1,0,0,0,0,180,1,12,0
3067569,1,1,1,1,1,0,180,1,12,0
3067635,1,1,1,1,1,0,180,1,12,0
3067679,0,1,1,0,1,0,180,1,12,0
3067849,1,0,1,0,0,0,180,1,12,0
3067940,0,0,1,1,0,0,180,1,12,0
3068173,1,0,1,0,0,0,180,1,12,0
3068802,0,1,0,1,0,0,180,1,12,0
3069887,1,0,1,0,0,0,180,1,12,0
3069931,0,1,0,0,0,0,180,1,12,0
3070093,0,1,0,1,0,0,180,1,12,0
3070518,1,1,1,1,1,0,180,1,12,0
3070670,1,1,1,1,1,0,180,1,12,0
3070679,1,1,0,0,0,0,180,1,12,0
3070874,0,0,0,1,1,1,180,1,12,0
3071323,0,1,0,1,0,0,180,1,12,0
3071579,0,1,1,0,1,0,180,1,12,0
3071716,1,0,0,1,1,0,180,1,12,0
3072111,0,0,1,1,0,0,180,1,12,0
3072138,0,0,0,0,1,0,180,1,12,0
3072249,0,1,0,0,0,0,180,1,12,0
3072347,0,1,1,0,1,0,180,1,12,0
3072748,1,1,0,0,0,0,180,1,12,0
3072752,0,1,0,1,0,0,180,1,12,0
3073243,1,1,0,0,0,0,180,1,12,0
3073410,0,0,1,1,0,0,180,1,12,0
3073442,1,1,0,1,0,0,180,1,12,0
3074028,0,0,1,1,0,0,180,1,12,0
3074151,0,1,1,0,1,0,180,1,12,0
3074156,1,0,0,1,1,0,180,1,12,0
3074774,0,0,1,1,0,0,180,1,12,0
3074785,0,1,1,0,1,0,180,1,12,0
3075101,0,1,0,1,0,0,180,1,12,0
3075105,0,1,1,0,1,0,180,1,12,0
3075547,0,0,0,0,1,0,180,1,12,0
3075744,0,1,1,0,1,0,180,1,12,0
3076094,0,1,0,0,0,0,180,1,12,0
3076159,0,1,1,1,1,1,180,1,12,0
3076456,1,0,1,0,0,0,180,1,12,0
3076694,1,1,1,1,1,0,180,1,12,0
3076734,1,1,1,1,1,0,180,1,12,0
3076803,0,0,0,0,1,0,180,1,12,0
3077867,1,1,1,1,1,0,180,1,12,0
3079020,1,0,0,1,1,0,180,1,12,0
3079410,1,1,0,0,0,0,180,1,12,0
3079797,1,0,1,0,0,0,180,1,12,0
3082758,1,0,1,0,0,0,98,1,9,0
3083630,1,1,1,1,1,0,98,1,9,0
3084435,0,1,1,0,1,0,98,1,9,0
3085105,0,1,0,1,0,0,98,1,9,0
3085356,1,0,0,1,1,0,98,1,9,0
3085634,0,1,1,0,1,0,98,1,9,0
3085907,1,0,0,1,1,0,98,1,9,0
3086291,1,1,0,0,0,0,98,1,9,0
3086867,1,1,1,1,1,0,98,1,9,0
3087370,0,0,0,0,1,0,98,1,9,0
3087556,0,0,1,1,0,0,98,1,9,0
3088001,0,0,1,1,0,0,98,1,9,0
3088924,0,1,0,1,0,0,98,1,9,0
3089163,1,1,1,1,1,0,98,1,9,0
3090081,1,0,1,0,0,0,98,1,9,0
3090964,0,1,1,0,1,0,98,1,9,0
3091015,0,1,0,1,0,0,98,1,9,0
3091343,1,0,1,0,0,0,98,1,9,0
3091494,0,1,0,1,0,0,98,1,9,0
3091982,1,1,1,1,1,0,98,1,9,0
3092469,1,1,1,1,1,0,98,1,9,0
3092588,1,1,0,0,0,0,98,1,9,0
3092593,0,0,1,1,0,0,98,1,9,0
3093068,0,1,0,1,0,0,98,1,9,0
3093596,1,0,1,0,0,0,98,1,9,0
3094154,1,0,0,1,1,0,98,1,9,0
3094860,1,1,0,0,0,0,98,1,9,0
3095167,1,0,1,0,0,0,98,1,9,0
3095380,0,0,1,1,0,0,98,1,9,0
3096322,0,0,0,0,1,0,98,1,9,0
3096403,1,0,1,0,0,0,98,1,9,0
3096417,0,0,0,0,1,0,98,1,9,0
3099384,1,0,1,0,0,0,98,1,9,0
3099476,1,0,1,0,0,0,98,1,9,0
3099855,1,0,1,0,0,0,98,1,9,0
3099997,0,1,0,1,0,0,98,1,9,0
3100578,0,1,1,0,1,0,98,1,9,0
3102335,0,1,0,1,0,0,98,1,9,0
3102569,0,0,1,1,0,0,98,1,9,0
3103439,1,0,1,0,0,0,98,1,9,0
3103616,0,1,1,0,1,0,98,1,9,0
3104962,1,1,0,0,0,0,98,1,9,0
3107550,0,1,0,1,0,0,98,1,9,0
3107599,0,0,1,1,0,0,98,1,9,0
3108091,0,0,1,1,0,0,98,1,9,0
3108420,0,0,1,1,0,0,98,1,9,0
3110824,1,1,0,0,0,0,98,1,9,0
3111529,1,1,1,1,1,0,98,1,9,0
3114178,1,0,1,0,0,0,98,1,9,0
3114539,0,0,0,0,1,0,98,1,9,0
3115198,1,1,1,1,1,0,98,1,9,0
3117813,1,1,1,1,1,0,98,1,9,0
3119176,1,1,0,1,0,0,98,1,9,0
3120250,1,0,0,1,1,0,98,1,9,0
3120320,0,1,0,1,0,0,98,1,9,0
3120335,1,1,1,1,1,0,98,1,9,0
3120767,0,1,1,0,1,0,98,1,9,0
3122026,1,1,1,1,1,0,98,1,9,0
3122084,1,1,1,1,1,0,98,1,9,0
3122559,0,1,0,1,0,0,98,1,9,0
3122830,0,1,1,0,1,0,98,1,9,0
3124032,0,1,0,1,0,0,98,1,9,0
3125708,0,1,1,0,1,0,98,1,9,0
3127261,0,1,1,0,1,0,98,1,9,0
3127587,0,0,1,1,0,0,98,1,9,0
3128079,1,0,1,0,0,0,98,1,9,0
3129881,0,0,1,1,0,0,98,1,9,0
3131882,0,0,1,1,0,0,98,1,9,0
3132352,1,1,0,0,0,0,98,1,9,0
3134048,1,1,1,1,1,0,98,1,9,0
3134436,1,1,1,1,1,0,98,1,9,0
3134623,0,1,0,1,0,0,98,1,9,0
3134975,1,0,1,0,0,0,98,1,9,0
3135092,1,1,0,0,0,0,98,1,9,0
3135635,1,1,1,1,1,0,98,1,9,0
3137523,0,0,1,1,0,0,98,1,9,0
3137560,1,0,1,0,0,0,98,1,9,0
3137612,0,1,0,1,0,0,98,1,9,0
3137889,0,1,1,0,1,0,98,1,9,0
3138510,0,1,1,0,1,0,98,1,9,0
3139476,0,0,1,1,0,0,98,1,9,0
3139721,0,0,0,0,1,0,98,1,9,0
3139992,1,1,0,0,0,0,98,1,9,0
3141579,0,1,0,1,0,0,98,1,9,0
3144169,1,1,1,1,1,0,98,1,9,0
3144697,1,1,1,1,1,0,98,1,9,0
3144870,1,0,0,1,1,0,98,1,9,0
3146979,1,1,0,0,0,0,106,2,9,0
3148322,0,0,1,1,0,0,106,2,9,0
3151180,0,0,0,0,1,0,106,2,9,0
3151497,0,1,0,1,0,0,106,2,9,0
3151902,0,1,0,1,0,0,106,2,9,0
3152352,1,1,1,1,1,0,106,2,9,0
3152673,0,0,0,0,1,0,106,2,9,0
3153297,1,1,1,1,1,0,106,2,9,0
3154448,1,1,1,1,1,0,106,2,9,0
3155064,1,0,0,1,1,0,106,2,9,0
3155367,0,1,1,0,1,0,106,2,9,0
3155613,0,1,1,0,1,0,106,2,9,0
3155618,0,1,1,0,1,0,106,2,9,0
3156115,1,1,1,0,1,1,106,2,9,0
3156170,1,1,0,0,0,0,106,2,9,0
3156259,0,0,0,0,1,0,106,2,9,0
3156613,1,1,1,1,1,0,106,2,9,0
3157852,0,1,1,0,1,0,106,2,9,0
3157854,1,0,1,0,0,0,106,2,9,0
3157918,0,0,0,0,1,0,106,2,9,0
3158935,0,0,0,0,1,0,106,2,9,0
3159086,1,0,0,1,1,0,106,2,9,0
3159604,0,1,0,1,0,0,106,2,9,0
3159737,1,1,1,1,1,0,106,2,9,0
3160801,0,1,0,1,0,0,106,2,9,0
3161539,1,1,0,0,0,0,106,2,9,0
3161744,1,1,0,0,0,0,106,2,9,0
3162127,1,1,0,0,0,0,106,2,9,0
3163672,0,1,1,0,1,0,106,2,9,0
3164102,0,0,1,0,0,0,106,2,9,0
3164743,0,0,0,0,1,0,106,2,9,0
3165676,1,0,0,1,1,0,106,2,9,0
3165885,0,1,0,1,0,0,106,2,9,0
3165972,1,1,1,1,1,0,106,2,9,0
3166121,1,1,0,0,0,0,106,2,9,0
3166184,1,0,0,1,1,0,106,2,9,0
3166289,0,0,0,0,1,0,106,2,9,0
3167438,1,0,1,0,0,0,106,2,9,0
3167526,1,0,1,0,0,0,106,2,9,0
3167534,0,1,1,0,1,0,106,2,9,0
3168342,0,1,0,1,0,0,106,2,9,0
3169806,0,1,0,1,0,0,106,2,9,0
3170803,1,1,0,0,0,0,106,2,9,0
3170825,1,1,0,0,0,0,106,2,9,0
3171207,0,0,1,1,0,0,106,2,9,0
3172735,1,0,1,0,0,0,106,2,9,0
3172744,1,0,1,0,0,0,106,2,9,0
3172902,1,1,1,1,1,0,106,2,9,0
