attempt,a_data,a_basis,b_basis,bob,bmatch,err,irrad
805,0,1,0,1,0,0,73
2887,0,1,0,1,0,0,73
10617,1,1,1,1,1,0,73
12279,1,0,0,1,1,0,73
17574,1,0,0,1,1,0,73
18542,0,0,0,0,1,0,73
21564,1,0,0,1,1,0,73
23942,0,1,1,0,1,0,73
25352,0,1,0,1,0,0,73
25707,1,1,0,0,0,0,73
26733,0,1,1,0,1,0,73
28037,1,0,0,1,1,0,73
28822,1,0,0,1,1,0,73
34415,0,1,1,1,1,1,73
35365,0,1,1,0,1,0,73
36674,1,1,0,0,0,0,73
37009,0,1,1,0,1,0,73
37160,0,1,0,1,0,0,73
38143,0,1,0,1,0,0,73
42072,0,0,1,1,0,0,73
42279,0,0,0,0,1,0,73
44720,0,0,1,1,0,0,73
45969,0,0,0,0,1,0,73
48901,0,1,1,0,1,0,73
49073,1,0,0,1,1,0,73
50339,0,0,1,1,0,0,73
56428,0,1,1,0,1,0,73
57619,1,1,1,1,1,0,73
60934,1,0,0,1,1,0,73
61675,1,0,0,1,1,0,73
62164,1,0,0,1,1,0,73
62990,0,1,0,1,0,0,73
64071,0,0,1,1,0,0,73
64300,1,1,1,1,1,0,73
65423,0,0,1,1,0,0,73
65860,0,1,0,0,0,0,115
65956,0,1,0,1,0,0,115
66196,0,0,1,1,0,0,115
66380,1,1,0,0,0,0,115
67940,1,0,1,0,0,0,115
69344,0,0,0,0,1,0,115
72289,1,1,1,1,1,0,115
73387,1,1,0,0,0,0,115
74352,0,0,1,1,0,0,115
75306,1,0,0,1,1,0,115
76954,1,0,0,1,1,0,115
79377,1,1,1,1,1,0,115
80036,0,0,0,0,1,0,115
80204,1,0,1,0,0,0,115
81247,0,1,0,1,0,0,115
81331,1,0,0,1,1,0,115
84905,0,1,0,1,0,0,115
85788,0,1,0,1,0,0,115
85902,1,0,0,1,1,0,115
85981,1,0,1,0,0,0,115
86153,0,0,0,0,1,0,115
88349,1,0,1,0,0,0,115
88641,1,0,1,0,0,0,115
88940,1,0,0,1,1,0,115
90024,0,1,0,1,0,0,115
90899,0,1,1,0,1,0,115
91427,1,1,0,0,0,0,115
96073,0,0,1,1,0,0,115
96176,0,1,0,1,0,0,115
96269,1,0,1,0,0,0,115
98892,1,0,1,0,0,0,115
99058,1,1,1,1,1,0,115
99953,0,1,0,1,0,0,115
100085,0,1,1,0,1,0,115
100170,1,1,0,0,0,0,115
100323,0,0,0,0,1,0,115
100791,1,0,1,0,0,0,115
100793,0,0,0,0,1,0,115
101577,1,0,1,0,0,0,115
103268,0,0,0,1,1,1,115
104520,0,0,1,1,0,0,115
105002,0,1,1,0,1,0,115
105656,1,1,1,1,1,0,115
105713,1,0,0,1,1,0,115
107721,1,0,1,0,0,0,115
108323,0,1,0,1,0,0,115
109315,0,0,1,1,0,0,115
109341,0,1,1,1,1,1,115
111828,1,1,1,1,1,0,115
112106,0,0,0,0,1,0,115
114427,0,0,0,0,1,0,115
114611,0,1,0,1,0,0,115
114766,0,0,0,0,1,0,115
115343,1,1,1,1,1,0,115
116696,0,0,1,1,0,0,115
116775,1,0,1,0,0,0,115
116882,1,0,1,1,0,0,115
118262,0,1,1,0,1,0,115
118829,0,0,1,1,0,0,115
120113,1,1,1,0,1,1,115
125010,0,0,1,1,0,0,115
126126,0,0,1,1,0,0,115
127063,0,0,1,1,0,0,115
127267,1,0,1,1,0,0,115
129067,0,0,1,1,0,0,115
129991,0,1,1,0,1,0,115
130912,1,0,0,1,1,0,115
131693,1,1,0,0,0,0,107
134308,0,1,1,0,1,0,107
134338,0,0,1,1,0,0,107
135778,1,1,1,1,1,0,107
136409,1,1,1,1,1,0,107
136552,1,1,1,1,1,0,107
137021,1,1,1,1,1,0,107
137910,0,1,0,1,0,0,107
140926,0,1,0,1,0,0,107
142323,1,1,0,0,0,0,107
144625,1,0,0,1,1,0,107
144920,1,0,1,0,0,0,107
145127,0,1,1,1,1,1,107
149696,0,1,1,0,1,0,107
150286,0,1,1,0,1,0,107
150927,0,0,1,1,0,0,107
151041,0,0,1,1,0,0,107
153482,1,1,0,0,0,0,107
153671,1,1,1,1,1,0,107
155238,1,1,1,1,1,0,107
155702,1,1,0,0,0,0,107
155746,1,0,0,1,1,0,107
157647,0,0,1,1,0,0,107
160062,0,1,0,1,0,0,107
164705,0,1,1,0,1,0,107
164841,1,0,1,0,0,0,107
165721,0,0,0,0,1,0,107
165910,1,0,0,1,1,0,107
166846,0,1,0,1,0,0,107
168722,0,0,1,1,0,0,107
169389,1,0,0,1,1,0,107
171158,0,1,0,1,0,0,107
171408,0,0,1,1,0,0,107
171524,0,1,0,1,0,0,107
172993,1,1,0,0,0,0,107
173138,0,0,0,0,1,0,107
174834,0,0,1,1,0,0,107
176522,0,1,1,0,1,0,107
179539,1,0,1,0,0,0,107
179619,0,0,1,0,0,0,107
180148,1,1,1,1,1,0,107
182645,1,1,1,1,1,0,107
183328,1,0,1,0,0,0,107
184785,1,1,1,1,1,0,107
185744,1,0,0,1,1,0,107
186335,0,0,1,1,0,0,107
187999,1,1,0,0,0,0,107
189188,0,0,0,1,1,1,107
189460,1,1,1,1,1,0,107
189637,0,1,0,1,0,0,107
191760,0,0,1,1,0,0,107
192782,0,0,0,0,1,0,107
194013,1,0,1,0,0,0,107
195021,1,1,0,0,0,0,107
195613,0,1,1,0,1,0,107
196391,1,1,1,1,1,0,107
197608,1,1,1,1,1,0,156
198769,1,1,0,0,0,0,156
199480,1,0,0,1,1,0,156
200713,1,0,1,0,0,0,156
201323,0,0,0,0,1,0,156
202247,0,0,0,0,1,0,156
204277,0,0,0,0,1,0,156
204828,1,1,0,0,0,0,156
205977,0,0,1,1,0,0,156
206484,0,1,0,1,0,0,156
207367,0,1,1,0,1,0,156
207426,1,1,0,0,0,0,156
209157,1,1,1,1,1,0,156
212658,1,1,0,0,0,0,156
212754,0,1,0,1,0,0,156
213069,1,1,1,1,1,0,156
215704,1,1,1,1,1,0,156
217651,1,0,0,1,1,0,156
219087,0,1,0,1,0,0,156
219334,1,0,0,1,1,0,156
219644,1,0,1,1,0,0,156
220008,1,0,0,1,1,0,156
220510,1,0,1,0,0,0,156
221666,1,0,1,0,0,0,156
221670,0,1,0,1,0,0,156
223139,1,1,1,1,1,0,156
224260,1,1,1,1,1,0,156
224826,1,0,0,1,1,0,156
227324,0,0,1,1,0,0,156
230418,0,0,0,0,1,0,156
230922,0,0,0,0,1,0,156
231127,0,1,1,0,1,0,156
232958,0,1,1,0,1,0,156
233480,0,0,0,0,1,0,156
234345,1,0,0,1,1,0,156
234631,1,1,1,1,1,0,156
235039,0,1,1,0,1,0,156
236774,1,0,1,0,0,0,156
237688,0,1,0,1,0,0,156
239889,0,0,1,1,0,0,156
243099,1,0,1,0,0,0,156
245522,1,0,1,0,0,0,156
246347,1,0,1,0,0,0,156
246454,0,1,1,0,1,0,156
248268,1,1,1,1,1,0,156
248271,1,1,0,0,0,0,156
249030,0,1,1,0,1,0,156
250283,0,0,0,1,1,1,156
252433,0,0,0,0,1,0,156
253877,1,0,0,1,1,0,156
255324,0,0,0,0,1,0,156
255377,0,0,1,1,0,0,156
256813,0,1,0,1,0,0,156
257866,0,0,0,0,1,0,156
258715,1,1,1,1,1,0,156
259013,0,1,0,1,0,0,156
264501,1,0,1,0,0,0,89
266373,0,0,0,0,1,0,89
266773,0,1,1,0,1,0,89
272244,1,0,0,1,1,0,89
274006,1,0,0,1,1,0,89
274932,1,1,0,0,0,0,89
280313,1,1,1,1,1,0,89
286111,0,1,0,1,0,0,89
286304,1,1,0,0,0,0,89
287654,0,1,1,0,1,0,89
289134,1,1,0,0,0,0,89
289952,1,0,1,0,0,0,89
290955,0,1,1,0,1,0,89
291761,1,1,1,1,1,0,89
294833,1,1,1,1,1,0,89
295744,1,0,0,1,1,0,89
296141,1,1,0,0,0,0,89
297361,1,0,1,0,0,0,89
300245,1,0,0,0,1,1,89
300340,1,1,1,1,1,0,89
300641,1,0,1,0,0,0,89
304730,1,1,0,1,0,0,89
307341,0,0,0,0,1,0,89
308913,1,0,0,1,1,0,89
311051,1,1,1,1,1,0,89
311144,0,1,0,0,0,0,89
313305,0,1,0,1,0,0,89
313406,1,1,1,1,1,0,89
316058,0,1,0,1,0,0,89
316658,0,0,0,0,1,0,89
317456,1,0,0,1,1,0,89
317695,0,0,0,0,1,0,89
320855,0,1,0,1,0,0,89
322721,1,0,1,0,0,0,89
323074,1,1,0,0,0,0,89
324689,0,1,1,0,1,0,89
328069,0,1,1,0,1,0,171
328951,1,0,1,0,0,0,171
329852,1,0,1,0,0,0,171
332148,0,0,1,1,0,0,171
332684,1,1,1,0,1,1,171
333037,0,1,1,0,1,0,171
335604,1,1,1,1,1,0,171
338746,1,1,0,0,0,0,171
339799,0,1,0,1,0,0,171
340082,1,1,0,0,0,0,171
340143,1,1,0,0,0,0,171
340584,1,1,1,1,1,0,171
341044,1,0,0,1,1,0,171
342609,1,0,0,1,1,0,171
343973,1,1,1,1,1,0,171
344119,1,0,0,1,1,0,171
344292,0,1,0,1,0,0,171
344887,0,0,1,1,0,0,171
345155,0,0,0,1,1,1,171
345689,1,1,0,0,0,0,171
348099,1,1,0,0,0,0,171
349756,1,0,1,0,0,0,171
350914,0,0,0,0,1,0,171
351052,0,0,0,0,1,0,171
351081,0,1,1,0,1,0,171
351955,0,1,0,1,0,0,171
352755,1,1,0,0,0,0,171
352878,1,1,1,1,1,0,171
353732,0,0,0,0,1,0,171
355789,0,1,0,1,0,0,171
356188,0,1,1,0,1,0,171
356496,0,1,0,1,0,0,171
356772,0,0,1,1,0,0,171
356863,0,0,1,1,0,0,171
357177,1,0,0,1,1,0,171
358267,1,0,0,1,1,0,171
358608,1,1,1,1,1,0,171
358636,0,1,1,0,1,0,171
358987,0,0,1,1,0,0,171
359679,0,0,0,0,1,0,171
359842,0,1,1,0,1,0,171
361042,1,0,0,1,1,0,171
362220,1,1,1,1,1,0,171
362739,0,1,1,0,1,0,171
362985,1,0,0,0,1,1,171
363449,0,0,0,0,1,0,171
363649,0,0,1,1,0,0,171
365123,1,0,0,1,1,0,171
365154,0,0,0,0,1,0,171
365371,0,1,0,1,0,0,171
365588,1,0,1,0,0,0,171
365819,1,1,1,1,1,0,171
368597,1,0,0,1,1,0,171
368673,1,0,0,1,1,0,171
369586,1,1,1,1,1,0,171
369782,1,1,1,1,1,0,171
372582,1,0,1,0,0,0,171
373009,0,1,1,0,1,0,171
373916,0,1,0,1,0,0,171
373993,0,1,1,0,1,0,171
374823,1,1,1,1,1,0,171
376712,1,0,0,1,1,0,171
376995,0,1,0,1,0,0,171
377387,0,1,1,0,1,0,171
381012,0,1,0,1,0,0,171
381398,1,0,0,1,1,0,171
381408,1,1,0,0,0,0,171
382324,0,1,0,1,0,0,171
382383,0,1,1,0,1,0,171
383674,0,0,1,1,0,0,171
383871,1,0,0,1,1,0,171
383886,1,0,0,1,1,0,171
384727,1,1,0,0,0,0,171
386261,0,0,1,1,0,0,171
386295,0,0,1,1,0,0,171
387482,0,0,1,1,0,0,171
390113,0,1,1,0,1,0,171
390273,0,0,1,1,0,0,171
390672,1,0,0,0,1,1,171
390751,1,1,1,1,1,0,171
391073,0,1,1,0,1,0,171
391830,1,0,0,1,1,0,171
392100,1,0,0,1,1,0,171
392493,0,1,0,1,0,0,171
394174,0,0,0,0,1,0,88
395050,0,1,1,0,1,0,88
396515,0,0,1,1,0,0,88
397425,0,1,0,1,0,0,88
406279,1,1,1,1,1,0,88
406436,1,1,0,0,0,0,88
408795,0,0,0,0,1,0,88
412105,0,0,1,1,0,0,88
412756,1,0,1,0,0,0,88
417401,1,1,0,0,0,0,88
417874,0,0,1,1,0,0,88
417967,0,1,1,0,1,0,88
419880,1,1,1,1,1,0,88
419980,0,0,0,0,1,0,88
420183,1,1,0,0,0,0,88
421519,1,1,1,1,1,0,88
422220,1,0,1,1,0,0,88
422559,1,0,0,1,1,0,88
423332,0,1,1,0,1,0,88
423670,1,0,1,0,0,0,88
428221,1,1,0,0,0,0,88
429859,1,0,1,0,0,0,88
431145,1,0,1,0,0,0,88
431528,1,1,1,1,1,0,88
433682,1,1,0,0,0,0,88
434601,1,1,1,1,1,0,88
436485,0,1,1,0,1,0,88
437696,1,1,0,0,0,0,88
439019,0,0,1,1,0,0,88
440768,0,1,1,1,1,1,88
444414,1,1,0,0,0,0,88
445429,0,0,0,0,1,0,88
446601,0,1,1,0,1,0,88
446932,0,0,0,0,1,0,88
447206,1,0,1,0,0,0,88
447470,1,0,0,1,1,0,88
451624,1,1,1,1,1,0,88
453019,0,1,1,0,1,0,88
453422,0,1,0,1,0,0,88
454691,1,0,0,1,1,0,88
455945,0,1,0,1,0,0,88
456482,0,0,0,1,1,1,88
457397,1,1,1,1,1,0,88
458933,0,1,0,1,0,0,112
459239,1,1,1,1,1,0,112
460453,0,1,0,1,0,0,112
462109,1,1,0,0,0,0,112
463927,1,0,1,0,0,0,112
464116,1,0,1,0,0,0,112
465445,0,0,1,1,0,0,112
467821,1,1,1,1,1,0,112
469040,1,1,1,1,1,0,112
469416,1,1,0,0,0,0,112
469535,1,1,1,1,1,0,112
471851,1,0,1,1,0,0,112
471927,0,0,0,0,1,0,112
473303,0,0,0,0,1,0,112
473670,0,1,0,1,0,0,112
475370,0,0,1,1,0,0,112
481958,1,1,0,0,0,0,112
482051,1,1,1,1,1,0,112
482995,0,0,1,1,0,0,112
485873,0,0,1,1,0,0,112
487129,1,1,0,0,0,0,112
489427,1,0,1,0,0,0,112
489843,0,0,1,1,0,0,112
493291,1,1,0,0,0,0,112
493648,1,1,1,1,1,0,112
494765,1,1,0,0,0,0,112
495807,1,1,0,0,0,0,112
496914,1,1,1,0,1,1,112
498044,1,1,0,0,0,0,112
499535,1,0,0,1,1,0,112
501796,0,1,1,0,1,0,112
502514,1,1,1,1,1,0,112
505542,0,0,1,1,0,0,112
507574,0,0,1,1,0,0,112
508432,0,0,1,1,0,0,112
511056,0,1,0,1,0,0,112
511205,1,1,0,0,0,0,112
513207,0,1,1,0,1,0,112
514573,0,1,1,0,1,0,112
515566,1,0,0,1,1,0,112
516085,1,0,1,0,0,0,112
518131,1,0,0,1,1,0,112
518187,0,1,1,0,1,0,112
519225,1,1,1,1,1,0,112
519937,1,0,0,1,1,0,112
520146,0,0,1,1,0,0,112
525352,0,0,1,1,0,0,100
527030,0,0,1,1,0,0,100
530095,1,0,0,1,1,0,100
531864,1,1,1,1,1,0,100
532147,1,1,1,1,1,0,100
534886,0,0,0,0,1,0,100
535010,1,0,0,1,1,0,100
535054,1,0,0,1,1,0,100
535798,1,1,1,1,1,0,100
537922,0,1,0,1,0,0,100
537967,1,1,1,1,1,0,100
538057,0,0,0,0,1,0,100
543193,0,0,1,1,0,0,100
543930,0,1,1,0,1,0,100
545302,0,1,1,0,1,0,100
555210,1,1,1,1,1,0,100
555843,0,1,0,1,0,0,100
557908,1,1,1,1,1,0,100
558404,0,1,0,1,0,0,100
559262,0,1,0,1,0,0,100
559266,1,0,1,0,0,0,100
560309,1,1,1,1,1,0,100
560629,1,1,1,1,1,0,100
565262,0,0,0,0,1,0,100
565862,1,0,0,0,1,1,100
568886,0,1,1,0,1,0,100
569115,0,1,1,0,1,0,100
569369,1,1,0,0,0,0,100
575100,1,0,0,1,1,0,100
575323,0,0,1,1,0,0,100
575535,0,0,0,0,1,0,100
576216,0,0,0,0,1,0,100
578722,1,0,1,0,0,0,100
580351,1,1,1,1,1,0,100
580607,1,0,1,0,0,0,100
581988,0,1,0,1,0,0,100
582771,1,1,1,1,1,0,100
588530,1,0,1,0,0,0,100
588836,1,1,1,1,1,0,100
592041,0,0,1,1,0,0,125
592132,1,0,1,1,0,0,125
593081,1,0,0,1,1,0,125
593808,0,1,0,1,0,0,125
595984,0,1,1,0,1,0,125
596884,1,0,1,0,0,0,125
597257,1,0,0,1,1,0,125
599421,1,1,0,0,0,0,125
604602,1,1,0,0,0,0,125
604964,0,1,0,1,0,0,125
605521,1,1,1,1,1,0,125
606637,0,1,1,0,1,0,125
607021,1,1,1,1,1,0,125
607701,1,0,0,1,1,0,125
608470,1,0,1,0,0,0,125
608949,0,1,1,0,1,0,125
609703,1,1,1,1,1,0,125
610376,0,0,0,0,1,0,125
612823,0,1,0,1,0,0,125
614368,1,1,0,0,0,0,125
615174,1,0,0,1,1,0,125
615345,0,0,1,1,0,0,125
616116,1,1,0,0,0,0,125
618707,1,0,0,1,1,0,125
618755,0,1,1,0,1,0,125
618781,1,0,0,1,1,0,125
619020,0,1,0,1,0,0,125
621183,1,1,1,1,1,0,125
621464,0,1,1,1,1,1,125
621989,1,0,0,1,1,0,125
624041,1,1,0,0,0,0,125
624234,1,0,1,0,0,0,125
624669,1,1,0,0,0,0,125
624934,0,1,0,1,0,0,125
625174,1,0,1,0,0,0,125
625231,0,1,0,1,0,0,125
625744,1,0,1,1,0,0,125
626329,1,0,0,1,1,0,125
627476,1,1,1,1,1,0,125
629722,1,0,0,1,1,0,125
629771,0,1,1,0,1,0,125
630571,0,1,1,0,1,0,125
631193,1,1,1,1,1,0,125
632480,1,0,0,1,1,0,125
632545,0,0,1,1,0,0,125
632736,1,1,0,0,0,0,125
632751,1,0,1,0,0,0,125
634199,0,0,0,1,1,1,125
636836,1,0,0,1,1,0,125
637192,0,0,0,0,1,0,125
637491,0,0,0,0,1,0,125
638614,0,0,0,0,1,0,125
639386,1,0,0,1,1,0,125
639449,1,0,0,1,1,0,125
639557,1,0,0,1,1,0,125
640194,0,1,0,1,0,0,125
640360,1,0,1,0,0,0,125
640910,0,1,1,0,1,0,125
642158,1,0,1,0,0,0,125
642306,1,1,1,1,1,0,125
645739,0,0,0,0,1,0,125
647557,1,1,0,0,0,0,125
648668,0,0,1,1,0,0,125
649507,0,0,0,0,1,0,125
652521,0,1,0,1,0,0,125
654050,0,0,1,1,0,0,125
656473,0,1,1,0,1,0,141
656671,0,1,1,0,1,0,141
659034,1,0,1,0,0,0,141
659498,1,1,0,0,0,0,141
661527,1,1,0,0,0,0,141
662739,1,0,1,0,0,0,141
662854,0,0,0,0,1,0,141
663975,0,1,1,0,1,0,141
664393,1,1,1,1,1,0,141
667475,1,1,0,0,0,0,141
667743,1,0,0,1,1,0,141
669618,1,0,0,1,1,0,141
669645,1,1,0,0,0,0,141
670008,1,0,0,1,1,0,141
670905,0,1,1,0,1,0,141
672128,0,1,1,0,1,0,141
673111,1,0,1,0,0,0,141
673476,1,0,1,0,0,0,141
674005,1,0,1,0,0,0,141
674330,0,1,0,1,0,0,141
675660,0,1,1,0,1,0,141
675950,0,0,1,1,0,0,141
676284,1,1,0,0,0,0,141
676819,0,1,1,0,1,0,141
679046,1,0,1,0,0,0,141
680277,0,0,0,0,1,0,141
680490,1,0,1,0,0,0,141
681040,1,1,1,1,1,0,141
681445,0,1,1,0,1,0,141
681695,1,0,0,1,1,0,141
681951,1,0,0,1,1,0,141
684178,1,0,0,1,1,0,141
684892,1,0,0,1,1,0,141
686532,0,0,0,0,1,0,141
687561,1,0,0,1,1,0,141
690212,0,0,0,0,1,0,141
690524,1,0,1,1,0,0,141
691985,1,0,1,0,0,0,141
692910,1,0,1,0,0,0,141
693505,0,0,0,0,1,0,141
693548,0,1,0,1,0,0,141
693607,0,0,1,1,0,0,141
694253,1,1,1,1,1,0,141
694827,0,1,0,1,0,0,141
695754,0,0,0,1,1,1,141
696283,1,1,0,0,0,0,141
697433,0,0,0,0,1,0,141
697677,1,0,0,1,1,0,141
697903,1,1,0,0,0,0,141
698278,0,0,1,1,0,0,141
699174,0,0,0,0,1,0,141
701138,0,1,1,0,1,0,141
703184,0,1,1,0,1,0,141
704115,1,0,1,0,0,0,141
704586,1,0,0,1,1,0,141
705642,0,0,1,1,0,0,141
706911,1,0,1,0,0,0,141
708364,0,0,0,0,1,0,141
709848,1,1,1,0,1,1,141
713355,1,1,0,0,0,0,141
713677,1,0,0,1,1,0,141
714824,1,0,0,1,1,0,141
714891,1,0,0,1,1,0,141
716358,1,0,0,1,1,0,141
719846,0,1,0,1,0,0,141
720511,0,1,1,0,1,0,141
720760,1,0,0,1,1,0,141
722950,1,0,0,1,1,0,98
724175,1,0,0,0,1,1,98
724609,1,1,1,1,1,0,98
725475,0,1,1,0,1,0,98
727459,0,0,1,1,0,0,98
728344,0,1,1,1,1,1,98
729141,1,0,1,0,0,0,98
730261,0,0,1,1,0,0,98
730524,0,1,0,1,0,0,98
730999,0,1,1,0,1,0,98
734185,1,1,0,0,0,0,98
734422,1,1,1,0,1,1,98
734997,0,1,1,0,1,0,98
736272,0,1,0,1,0,0,98
738115,0,1,0,1,0,0,98
739918,0,1,0,1,0,0,98
741306,0,1,1,0,1,0,98
741929,0,1,0,1,0,0,98
746607,1,0,1,0,0,0,98
746839,1,0,1,0,0,0,98
749127,0,1,1,0,1,0,98
750019,1,0,0,1,1,0,98
751583,0,1,1,0,1,0,98
753555,1,0,1,0,0,0,98
754879,1,0,0,1,1,0,98
755954,0,1,0,1,0,0,98
763192,1,0,1,0,0,0,98
764852,0,1,1,0,1,0,98
768316,1,0,1,0,0,0,98
768534,0,0,0,0,1,0,98
768700,1,0,0,1,1,0,98
772372,1,0,1,0,0,0,98
772458,0,0,1,1,0,0,98
773917,1,1,1,1,1,0,98
775053,1,0,0,1,1,0,98
776011,0,0,0,0,1,0,98
776066,0,1,0,1,0,0,98
776640,0,1,1,0,1,0,98
779145,1,1,0,0,0,0,98
779531,0,0,0,0,1,0,98
780455,0,0,0,0,1,0,98
781926,0,0,1,1,0,0,98
785525,0,0,1,1,0,0,98
788269,1,1,0,0,0,0,89
789570,1,0,0,1,1,0,89
790038,0,0,1,1,0,0,89
794213,1,0,1,0,0,0,89
796306,0,0,0,0,1,0,89
797441,0,0,1,1,0,0,89
797644,1,0,1,1,0,0,89
801023,1,0,0,1,1,0,89
804168,0,1,0,0,0,0,89
806358,0,1,0,1,0,0,89
807784,1,0,1,0,0,0,89
810795,1,1,0,0,0,0,89
812747,1,1,1,1,1,0,89
813574,1,1,1,1,1,0,89
814831,1,0,1,0,0,0,89
814871,0,1,0,1,0,0,89
816623,1,0,0,1,1,0,89
816645,0,1,1,0,1,0,89
817263,0,0,0,0,1,0,89
817729,0,0,0,0,1,0,89
818857,1,1,0,0,0,0,89
819114,0,1,1,0,1,0,89
820633,0,0,0,0,1,0,89
820650,1,0,1,0,0,0,89
822223,0,1,0,0,0,0,89
823163,0,0,0,0,1,0,89
823681,1,0,1,0,0,0,89
826446,0,0,0,0,1,0,89
828026,0,0,1,1,0,0,89
828424,0,0,0,0,1,0,89
829289,1,1,0,0,0,0,89
833294,1,1,1,1,1,0,89
834944,1,0,1,0,0,0,89
837242,0,1,1,0,1,0,89
837457,1,1,1,1,1,0,89
837489,0,1,1,0,1,0,89
838869,0,0,0,0,1,0,89
839905,0,1,1,0,1,0,89
841783,0,0,0,0,1,0,89
845926,0,0,0,0,1,0,89
848015,0,1,1,0,1,0,89
849355,1,0,0,1,1,0,89
851704,1,0,1,0,0,0,89
851764,0,1,1,0,1,0,89
852366,1,0,1,0,0,0,112
853733,1,1,0,0,0,0,112
858064,1,0,0,1,1,0,112
864086,0,1,1,0,1,0,112
866901,0,1,0,1,0,0,112
868646,0,1,0,1,0,0,112
870569,1,0,0,1,1,0,112
873262,0,0,1,1,0,0,112
874935,1,0,1,0,0,0,112
877196,1,1,0,0,0,0,112
877746,0,1,0,1,0,0,112
877974,0,0,0,0,1,0,112
879606,1,0,1,0,0,0,112
879801,1,1,1,1,1,0,112
880412,1,0,1,0,0,0,112
880882,0,0,1,1,0,0,112
884753,0,1,1,0,1,0,112
888719,1,0,0,1,1,0,112
891079,1,1,1,1,1,0,112
891848,1,1,0,0,0,0,112
892374,0,1,0,1,0,0,112
894909,0,0,1,1,0,0,112
897130,1,1,1,0,1,1,112
901144,1,1,0,0,0,0,112
903299,1,0,1,0,0,0,112
904393,0,0,0,0,1,0,112
904590,0,0,1,1,0,0,112
905981,1,0,1,0,0,0,112
906021,0,1,1,1,1,1,112
906910,1,0,0,1,1,0,112
908704,0,1,0,1,0,0,112
909532,1,0,0,1,1,0,112
911363,0,0,0,0,1,0,112
913787,1,0,0,1,1,0,112
913854,0,0,1,1,0,0,112
914200,0,1,0,0,0,0,112
914604,0,0,1,1,0,0,112
919002,1,0,0,1,1,0,163
920437,0,0,0,0,1,0,163
920707,0,0,0,0,1,0,163
921349,1,0,0,1,1,0,163
923726,0,1,0,1,0,0,163
924164,0,1,1,0,1,0,163
925136,0,1,0,1,0,0,163
925173,1,1,0,0,0,0,163
925649,1,0,1,0,0,0,163
926354,0,1,1,0,1,0,163
929274,1,1,1,1,1,0,163
929432,1,1,1,1,1,0,163
929934,0,1,0,1,0,0,163
933087,1,0,1,1,0,0,163
933464,0,1,1,0,1,0,163
933507,0,1,0,1,0,0,163
934403,0,0,0,0,1,0,163
934562,1,0,0,1,1,0,163
934687,1,0,0,1,1,0,163
935175,1,0,0,1,1,0,163
935508,1,0,0,1,1,0,163
936576,1,0,0,1,1,0,163
937881,1,0,0,1,1,0,163
939415,0,0,1,1,0,0,163
939560,0,1,0,1,0,0,163
940530,0,0,0,0,1,0,163
941266,1,1,1,1,1,0,163
942381,0,1,1,0,1,0,163
945826,0,1,1,0,1,0,163
945845,0,1,0,1,0,0,163
946926,1,1,0,0,0,0,163
947607,0,1,1,0,1,0,163
948381,0,1,0,1,0,0,163
949455,1,1,0,0,0,0,163
949664,0,0,0,0,1,0,163
949886,1,1,1,0,1,1,163
950085,1,1,1,1,1,0,163
952064,0,1,1,1,1,1,163
952104,1,1,0,0,0,0,163
954578,0,1,1,0,1,0,163
955765,0,1,0,1,0,0,163
955845,0,0,1,1,0,0,163
956147,0,1,1,0,1,0,163
956275,0,0,1,1,0,0,163
958065,0,1,1,0,1,0,163
958624,0,0,1,1,0,0,163
959384,1,1,1,1,1,0,163
961053,0,0,1,1,0,0,163
961249,0,0,1,1,0,0,163
961273,0,1,1,0,1,0,163
961839,0,1,0,1,0,0,163
962754,1,0,0,1,1,0,163
962996,0,1,0,1,0,0,163
963414,1,1,0,0,0,0,163
964834,0,1,1,0,1,0,163
966331,0,0,1,1,0,0,163
968260,0,1,0,1,0,0,163
968336,0,1,0,1,0,0,163
968494,1,0,1,0,0,0,163
969848,0,0,0,0,1,0,163
970591,0,1,1,0,1,0,163
971241,0,0,0,0,1,0,163
972046,0,1,1,0,1,0,163
973210,0,0,0,0,1,0,163
973430,0,1,0,1,0,0,163
974839,0,1,1,0,1,0,163
975125,0,0,1,1,0,0,163
975575,0,0,0,0,1,0,163
975696,1,1,0,0,0,0,163
977299,1,0,1,0,0,0,163
978306,1,1,0,1,0,0,163
978427,1,0,0,1,1,0,163
978986,1,0,0,1,1,0,163
979098,0,1,1,0,1,0,163
980645,0,0,0,0,1,0,163
981059,0,1,1,0,1,0,163
981157,1,1,1,0,1,1,163
981701,1,1,1,1,1,0,163
983994,0,1,1,0,1,0,122
984047,0,0,0,0,1,0,122
986306,0,1,1,0,1,0,122
987284,0,0,1,1,0,0,122
987930,0,0,1,1,0,0,122
988276,1,0,1,0,0,0,122
988791,1,0,1,0,0,0,122
988970,1,1,1,0,1,1,122
991964,1,1,1,1,1,0,122
993389,1,0,1,0,0,0,122
993932,1,1,1,1,1,0,122
994313,0,1,1,0,1,0,122
994671,0,1,0,1,0,0,122
995800,0,1,0,1,0,0,122
1001413,0,0,0,0,1,0,122
1002013,1,0,1,0,0,0,122
1002913,0,0,1,0,0,0,122
1003017,0,1,1,0,1,0,122
1005372,1,0,1,0,0,0,122
1005509,0,1,1,0,1,0,122
1005744,0,0,0,1,1,1,122
1007025,1,0,1,0,0,0,122
1007347,0,0,1,1,0,0,122
1007907,1,0,0,0,1,1,122
1008337,0,0,0,0,1,0,122
1008870,1,1,1,1,1,0,122
1009485,0,0,0,0,1,0,122
1010085,0,1,1,0,1,0,122
1010609,0,0,0,0,1,0,122
1010684,1,0,0,1,1,0,122
1011556,1,1,1,1,1,0,122
1012808,1,0,0,1,1,0,122
1013850,0,1,0,1,0,0,122
1014362,0,1,1,0,1,0,122
1015005,0,1,1,0,1,0,122
1015224,0,1,0,1,0,0,122
1019084,1,1,1,1,1,0,122
1023743,0,1,0,1,0,0,122
1023823,1,1,0,0,0,0,122
1024088,0,1,1,0,1,0,122
1025884,0,1,0,1,0,0,122
1026001,0,0,1,1,0,0,122
1026581,1,0,1,0,0,0,122
1026598,1,0,0,1,1,0,122
1027725,1,1,1,1,1,0,122
1027838,0,0,1,1,0,0,122
1028680,1,1,0,0,0,0,122
1031052,0,0,1,1,0,0,122
1031814,1,1,1,1,1,0,122
1034555,0,1,0,1,0,0,122
1035036,1,1,0,0,0,0,122
1035772,1,0,1,0,0,0,122
1036942,0,0,1,1,0,0,122
1038906,1,0,0,1,1,0,122
1040032,0,1,0,1,0,0,122
1040819,0,0,1,1,0,0,122
1042060,0,0,1,1,0,0,122
1044779,1,1,0,0,0,0,122
1045322,1,1,0,1,0,0,122
1048076,1,0,1,0,0,0,122
1048636,0,1,0,1,0,0,216
1049563,1,1,0,0,0,0,216
1049941,1,1,1,1,1,0,216
1050217,0,1,0,1,0,0,216
1050327,0,1,1,0,1,0,216
1050601,1,1,1,1,1,0,216
1051028,0,0,0,0,1,0,216
1051493,0,1,0,1,0,0,216
1052064,1,1,1,1,1,0,216
1052684,0,0,0,0,1,0,216
1053762,1,1,1,1,1,0,216
1054518,0,1,1,0,1,0,216
1054998,1,1,1,1,1,0,216
1055114,1,1,0,0,0,0,216
1055557,1,0,1,1,0,0,216
1055693,0,0,0,0,1,0,216
1056307,1,0,1,0,0,0,216
1057654,1,0,1,0,0,0,216
1057690,0,1,1,0,1,0,216
1058154,1,0,1,0,0,0,216
1059846,1,0,0,1,1,0,216
1060511,0,1,0,1,0,0,216
1061540,0,0,1,1,0,0,216
1062681,0,1,0,1,0,0,216
1064117,0,0,1,1,0,0,216
1065114,1,1,0,0,0,0,216
1065183,0,1,1,0,1,0,216
1065724,1,0,0,1,1,0,216
1065941,0,0,0,0,1,0,216
1066285,1,1,1,1,1,0,216
1067012,0,0,1,1,0,0,216
1067918,1,1,0,0,0,0,216
1068183,0,0,0,0,1,0,216
1068884,0,1,0,1,0,0,216
1069598,0,0,1,1,0,0,216
1069605,0,0,1,1,0,0,216
1069709,1,1,0,0,0,0,216
1070531,0,1,0,1,0,0,216
1070790,1,0,0,1,1,0,216
1072696,1,0,0,1,1,0,216
1073211,1,0,1,0,0,0,216
1073492,0,1,1,0,1,0,216
1073806,0,1,0,1,0,0,216
1074525,1,0,0,1,1,0,216
1075342,1,1,0,0,0,0,216
1075704,0,0,1,1,0,0,216
1075894,0,0,0,0,1,0,216
1076527,0,0,0,1,1,1,216
1077184,0,0,0,0,1,0,216
1077340,1,1,0,0,0,0,216
1077827,0,1,1,0,1,0,216
1078406,1,0,1,0,0,0,216
1078426,1,1,0,0,0,0,216
1078428,0,1,1,0,1,0,216
1078455,1,0,0,1,1,0,216
1078936,1,1,0,0,0,0,216
1079189,0,0,1,1,0,0,216
1079351,0,1,1,0,1,0,216
1079722,0,1,0,1,0,0,216
1079988,1,1,0,0,0,0,216
1080425,1,0,0,1,1,0,216
1080430,0,1,1,0,1,0,216
1080621,1,1,0,0,0,0,216
1081196,1,1,0,0,0,0,216
1081254,0,0,0,0,1,0,216
1081321,0,0,0,0,1,0,216
1081394,0,0,1,1,0,0,216
1081404,0,1,0,1,0,0,216
1082007,1,0,0,1,1,0,216
1082058,0,1,1,0,1,0,216
1083501,0,0,1,1,0,0,216
1083910,1,1,0,1,0,0,216
1084445,1,0,0,1,1,0,216
1084710,0,1,0,1,0,0,216
1084847,0,0,0,0,1,0,216
1085040,0,1,0,1,0,0,216
1085580,0,1,1,0,1,0,216
1085973,1,0,0,1,1,0,216
1087506,1,0,0,1,1,0,216
1087797,0,0,0,0,1,0,216
1088095,0,1,0,0,0,0,216
1088546,1,0,1,0,0,0,216
1088885,1,1,0,0,0,0,216
1088911,0,1,1,0,1,0,216
1089317,0,1,1,0,1,0,216
1090278,1,0,0,1,1,0,216
1091673,1,1,1,1,1,0,216
1091815,1,0,0,1,1,0,216
1093077,0,0,1,1,0,0,216
1095079,1,0,0,1,1,0,216
1095129,0,1,1,0,1,0,216
1095373,1,0,0,1,1,0,216
1095376,1,1,1,0,1,1,216
1096104,1,1,0,0,0,0,216
1098159,0,1,1,0,1,0,216
1099468,0,1,0,0,0,0,216
1099491,0,1,1,0,1,0,216
1100099,1,0,1,0,0,0,216
1100629,1,1,1,1,1,0,216
1102295,0,0,0,0,1,0,216
1103209,1,1,1,0,1,1,216
1103231,0,0,0,1,1,1,216
1103316,0,1,1,0,1,0,216
1103385,0,0,1,1,0,0,216
1103405,1,1,0,0,0,0,216
1103839,1,1,0,0,0,0,216
1105956,1,1,0,0,0,0,216
1106128,0,1,0,1,0,0,216
1106755,1,1,1,1,1,0,216
1106883,0,1,1,0,1,0,216
1107004,0,1,1,0,1,0,216
1107915,0,0,0,0,1,0,216
1108002,0,0,0,0,1,0,216
1108213,1,0,1,0,0,0,216
1108795,0,0,1,1,0,0,216
1109440,0,1,1,0,1,0,216
1109813,1,0,0,1,1,0,216
1109827,1,1,1,1,1,0,216
1110484,0,0,1,1,0,0,216
1110733,1,0,0,1,1,0,216
1114013,0,0,0,0,1,0,216
1115731,1,0,1,0,0,0,173
1116754,1,1,0,0,0,0,173
1117057,0,1,1,0,1,0,173
1117235,1,0,0,1,1,0,173
1117493,1,0,0,1,1,0,173
1119559,0,0,0,0,1,0,173
1124271,1,0,1,0,0,0,173
1125505,1,0,0,1,1,0,173
1126776,0,1,0,1,0,0,173
1128514,0,0,0,0,1,0,173
1128873,0,0,0,0,1,0,173
1129448,0,0,0,0,1,0,173
1130691,1,1,1,1,1,0,173
1130935,1,0,1,0,0,0,173
1131579,1,1,0,0,0,0,173
1132244,1,0,1,0,0,0,173
1133117,1,0,1,0,0,0,173
1133150,0,0,1,1,0,0,173
1133173,1,0,1,0,0,0,173
1133511,1,1,0,0,0,0,173
1133783,1,0,1,0,0,0,173
1133847,0,1,0,1,0,0,173
1133851,1,1,1,0,1,1,173
1134176,1,1,1,1,1,0,173
1135193,1,1,0,0,0,0,173
1136893,0,0,1,1,0,0,173
1136959,0,0,0,1,1,1,173
1137968,1,0,0,1,1,0,173
1139007,0,0,1,1,0,0,173
1139277,0,1,0,1,0,0,173
1139321,0,0,0,0,1,0,173
1140139,0,1,0,1,0,0,173
1140770,0,0,1,1,0,0,173
1141241,0,0,0,0,1,0,173
1141388,1,1,0,0,0,0,173
1141428,0,0,1,1,0,0,173
1143563,1,0,1,0,0,0,173
1144152,1,0,0,1,1,0,173
1146441,0,0,0,0,1,0,173
1147258,0,1,0,0,0,0,173
1147381,1,1,0,0,0,0,173
1147660,0,1,1,0,1,0,173
1148395,1,0,1,0,0,0,173
1150321,1,0,0,1,1,0,173
1151463,1,0,0,1,1,0,173
1152562,0,1,1,0,1,0,173
1153919,0,1,0,0,0,0,173
1157152,1,0,1,1,0,0,173
1159830,0,1,1,1,1,1,173
1162413,0,0,0,0,1,0,173
1162802,0,1,0,1,0,0,173
1164284,0,1,1,0,1,0,173
1165361,1,1,0,0,0,0,173
1166460,0,0,0,0,1,0,173
1166978,1,0,0,1,1,0,173
1170038,0,0,1,1,0,0,173
1170803,1,1,0,0,0,0,173
1170949,0,1,1,0,1,0,173
1171341,0,1,1,1,1,1,173
1171722,0,0,0,0,1,0,173
1172869,0,0,1,1,0,0,173
1173259,1,1,1,1,1,0,173
1173683,0,0,1,1,0,0,173
1174854,1,0,0,1,1,0,173
1175951,1,0,0,1,1,0,173
1176105,1,0,0,1,1,0,173
1176524,0,0,1,1,0,0,173
1176948,1,1,1,1,1,0,173
1176963,0,0,0,0,1,0,173
1178320,0,1,1,0,1,0,173
1178599,1,0,1,0,0,0,173
1178968,0,1,0,1,0,0,173
1179374,0,0,0,0,1,0,173
1179453,1,1,1,1,1,0,173
1179668,1,1,1,1,1,0,168
1179855,0,0,1,1,0,0,168
1180885,0,0,0,0,1,0,168
1182020,1,0,1,0,0,0,168
1182752,0,0,0,0,1,0,168
1183274,1,0,0,0,1,1,168
1184537,0,0,1,0,0,0,168
1187009,1,1,0,0,0,0,168
1187183,0,1,1,0,1,0,168
1187518,1,0,1,0,0,0,168
1188222,1,0,0,1,1,0,168
1191919,1,1,1,1,1,0,168
1194656,0,0,1,1,0,0,168
1196084,1,1,1,1,1,0,168
1196649,0,0,0,0,1,0,168
1197748,0,0,0,0,1,0,168
1198328,1,1,1,1,1,0,168
1198616,1,0,0,1,1,0,168
1198861,1,1,1,1,1,0,168
1199205,0,0,0,0,1,0,168
1199894,0,0,0,0,1,0,168
1202523,1,0,1,0,0,0,168
1202570,1,0,0,1,1,0,168
1203277,0,0,1,1,0,0,168
1203725,1,0,0,1,1,0,168
1204583,0,0,0,0,1,0,168
1205533,0,0,0,1,1,1,168
1207387,0,1,0,0,0,0,168
1208447,0,0,0,0,1,0,168
1208742,1,0,1,0,0,0,168
1208784,0,1,0,1,0,0,168
1211038,0,0,1,1,0,0,168
1213974,1,1,0,0,0,0,168
1214244,1,1,1,1,1,0,168
1214432,0,1,0,1,0,0,168
1215218,0,1,1,0,1,0,168
1215353,1,0,0,1,1,0,168
1215744,0,1,1,0,1,0,168
1216826,0,1,1,0,1,0,168
1217174,1,0,1,0,0,0,168
1219569,0,1,0,1,0,0,168
1220817,1,1,0,0,0,0,168
1220887,1,0,0,1,1,0,168
1223355,0,0,1,1,0,0,168
1223410,1,1,1,1,1,0,168
1224733,1,0,0,1,1,0,168
1224772,1,1,1,1,1,0,168
1224878,0,0,0,0,1,0,168
1225554,1,1,1,1,1,0,168
1225579,1,0,1,0,0,0,168
1225986,1,0,1,0,0,0,168
1227517,0,1,1,0,1,0,168
1228478,1,0,0,1,1,0,168
1229528,0,0,0,0,1,0,168
1229843,1,0,1,0,0,0,168
1230706,1,0,0,1,1,0,168
1231622,0,0,1,1,0,0,168
1232504,0,0,0,1,1,1,168
1235290,1,1,1,1,1,0,168
1235940,0,0,0,0,1,0,168
1236978,1,1,1,0,1,1,168
1238108,1,0,0,1,1,0,168
1239049,1,1,0,0,0,0,168
1240278,0,0,0,0,1,0,168
1240434,1,1,1,1,1,0,168
1243125,1,1,1,1,1,0,168
1243388,1,0,0,1,1,0,168
1243451,0,1,0,1,0,0,168
1243638,1,0,1,0,0,0,168
1243863,0,0,1,1,0,0,168
1243957,1,0,1,0,0,0,168
1245636,1,1,1,1,1,0,137
1246561,1,0,0,1,1,0,137
1248271,0,0,1,0,0,0,137
1249069,1,0,1,0,0,0,137
1251466,0,1,0,1,0,0,137
1251782,0,1,0,1,0,0,137
1252354,1,0,0,1,1,0,137
1252510,0,1,1,0,1,0,137
1255151,1,0,0,1,1,0,137
1256560,0,0,1,1,0,0,137
1257452,0,1,1,0,1,0,137
1257565,1,0,0,1,1,0,137
1258809,0,1,0,1,0,0,137
1259041,1,0,0,1,1,0,137
1260135,1,0,1,0,0,0,137
1263082,0,1,1,0,1,0,137
1263824,0,0,0,0,1,0,137
1265689,0,0,1,1,0,0,137
1265872,0,1,1,0,1,0,137
1268102,1,1,1,1,1,0,137
1268903,1,1,0,0,0,0,137
1269162,0,1,1,0,1,0,137
1269212,0,0,1,1,0,0,137
1269834,0,1,1,0,1,0,137
1270253,1,0,1,0,0,0,137
1273409,1,0,1,0,0,0,137
1273746,1,1,1,1,1,0,137
1275545,0,0,1,1,0,0,137
1275599,1,1,0,0,0,0,137
1275625,1,1,0,0,0,0,137
1275751,0,1,1,0,1,0,137
1278630,0,1,0,1,0,0,137
1278669,0,1,0,1,0,0,137
1279475,1,0,0,1,1,0,137
1280764,0,0,1,1,0,0,137
1281054,1,1,1,1,1,0,137
1281823,0,1,0,1,0,0,137
1282362,0,0,1,1,0,0,137
1282797,1,1,0,0,0,0,137
1284441,1,1,1,1,1,0,137
1286414,0,1,0,1,0,0,137
1286792,1,1,1,1,1,0,137
1286963,0,1,1,0,1,0,137
1287048,1,1,1,1,1,0,137
1287172,0,1,1,0,1,0,137
1287774,0,1,1,0,1,0,137
1288080,1,0,0,1,1,0,137
1293332,0,1,0,1,0,0,137
1293985,1,1,1,1,1,0,137
1295688,1,0,0,1,1,0,137
1296400,0,1,0,1,0,0,137
1296638,0,1,1,0,1,0,137
1298762,1,0,0,1,1,0,137
1299358,1,0,0,1,1,0,137
1299976,1,1,1,1,1,0,137
1301342,1,1,1,1,1,0,137
1301546,0,0,1,1,0,0,137
1304062,1,0,0,1,1,0,137
1304509,0,0,1,1,0,0,137
1305773,1,0,1,1,0,0,137
1307521,1,1,1,1,1,0,137
1308342,0,1,1,0,1,0,137
1309626,0,0,1,1,0,0,137
1310365,0,1,0,1,0,0,137
1311723,0,0,0,0,1,0,115
1313610,0,0,1,1,0,0,115
1314397,1,1,0,0,0,0,115
1317079,0,0,1,1,0,0,115
1317922,0,1,0,1,0,0,115
1318675,1,0,1,0,0,0,115
1322184,0,1,0,1,0,0,115
1322631,0,1,1,0,1,0,115
1322685,1,1,1,1,1,0,115
1322874,0,0,0,0,1,0,115
1323970,1,1,1,1,1,0,115
1324982,1,0,1,0,0,0,115
1326136,1,1,1,1,1,0,115
1326724,1,0,0,1,1,0,115
1329754,1,1,1,1,1,0,115
1331146,0,1,0,1,0,0,115
1332292,0,0,0,0,1,0,115
1333113,1,0,1,0,0,0,115
1333447,1,0,1,0,0,0,115
1335553,0,0,0,0,1,0,115
1340549,1,0,0,1,1,0,115
1341051,0,1,1,0,1,0,115
1341242,0,0,1,1,0,0,115
1341784,0,0,1,1,0,0,115
1341983,0,1,1,0,1,0,115
1342513,1,1,0,0,0,0,115
1342714,1,1,1,1,1,0,115
1344348,0,1,0,1,0,0,115
1345337,1,1,1,1,1,0,115
1346695,0,1,0,1,0,0,115
1348024,1,1,1,1,1,0,115
1353168,0,1,1,0,1,0,115
1353301,1,1,1,1,1,0,115
1355345,0,0,0,0,1,0,115
1357360,0,0,0,0,1,0,115
1360084,0,0,1,1,0,0,115
1360608,0,1,1,0,1,0,115
1360704,0,0,1,1,0,0,115
1360878,1,0,1,1,0,0,115
1362406,1,0,1,0,0,0,115
1362452,0,0,0,0,1,0,115
1362552,1,1,0,0,0,0,115
1362914,1,1,0,0,0,0,115
1365323,0,1,1,1,1,1,115
1365585,1,0,1,0,0,0,115
1367388,1,0,0,0,1,1,115
1367412,1,1,1,1,1,0,115
1368242,0,1,1,0,1,0,115
1369125,1,1,1,1,1,0,115
1369211,0,1,1,0,1,0,115
1369426,1,0,0,1,1,0,115
1370182,1,1,1,1,1,0,115
1372664,1,1,0,1,0,0,115
1372921,0,1,1,0,1,0,115
1373670,1,1,1,1,1,0,115
1374069,0,1,1,0,1,0,115
1375316,0,1,1,0,1,0,115
1375421,1,0,1,0,0,0,115
1376008,1,1,1,1,1,0,115
1377824,0,0,0,0,1,0,133
1378168,0,1,0,0,0,0,133
1380832,1,0,0,1,1,0,133
1380993,1,0,1,0,0,0,133
1382053,1,0,1,0,0,0,133
1382802,1,1,1,1,1,0,133
1383525,1,0,1,0,0,0,133
1383684,0,1,0,1,0,0,133
1384181,1,1,0,0,0,0,133
1385862,0,1,1,0,1,0,133
1388249,0,1,1,0,1,0,133
1388331,0,1,0,1,0,0,133
1389566,1,1,0,0,0,0,133
1389821,1,0,1,0,0,0,133
1390747,1,1,1,1,1,0,133
1393045,1,1,1,1,1,0,133
1394084,1,1,1,1,1,0,133
1394896,1,1,1,1,1,0,133
1396478,1,1,0,0,0,0,133
1396926,1,0,1,0,0,0,133
1399114,0,0,1,1,0,0,133
1399473,0,0,0,0,1,0,133
1399770,1,0,0,1,1,0,133
1400870,1,0,0,1,1,0,133
1400884,1,0,0,1,1,0,133
1402481,1,1,0,0,0,0,133
1403428,1,0,0,1,1,0,133
1403940,1,0,1,1,0,0,133
1405062,0,0,0,0,1,0,133
1406788,1,0,0,1,1,0,133
1407543,0,0,1,0,0,0,133
1408476,0,1,1,0,1,0,133
1408503,0,0,0,1,1,1,133
1408931,1,0,0,1,1,0,133
1409422,0,0,0,0,1,0,133
1409951,1,0,1,0,0,0,133
1410236,1,1,0,0,0,0,133
1411072,0,1,1,0,1,0,133
1411198,0,1,0,1,0,0,133
1414505,0,1,0,1,0,0,133
1415753,1,1,0,0,0,0,133
1416346,0,0,0,0,1,0,133
1417577,0,1,1,0,1,0,133
1419863,0,0,0,0,1,0,133
1421110,0,0,0,0,1,0,133
1421398,1,1,0,0,0,0,133
1424242,0,0,0,0,1,0,133
1425648,1,1,1,1,1,0,133
1426485,0,1,1,0,1,0,133
1429333,0,1,0,1,0,0,133
1429441,0,0,1,1,0,0,133
1429873,0,0,1,1,0,0,133
1431614,0,0,0,0,1,0,133
1431651,0,1,0,1,0,0,133
1432735,0,1,0,1,0,0,133
1433523,1,0,0,1,1,0,133
1433596,1,0,0,1,1,0,133
1433865,0,0,1,1,0,0,133
1436898,1,1,1,1,1,0,133
1439366,1,1,0,0,0,0,133
1439597,0,0,0,0,1,0,133
1441515,0,1,0,1,0,0,133
1441908,0,1,0,1,0,0,98
1443435,0,0,1,1,0,0,98
1443589,0,0,0,0,1,0,98
1446197,1,0,1,0,0,0,98
1446399,0,1,0,1,0,0,98
1446654,1,1,1,1,1,0,98
1447468,1,1,1,1,1,0,98
1448830,1,1,0,0,0,0,98
1450914,0,0,0,0,1,0,98
1452741,0,0,0,0,1,0,98
1455378,0,1,1,0,1,0,98
1456955,0,1,0,1,0,0,98
1457486,1,1,1,1,1,0,98
1463623,1,1,1,1,1,0,98
1464037,0,1,0,1,0,0,98
1464753,1,0,0,1,1,0,98
1466797,1,1,0,0,0,0,98
1467139,0,1,1,0,1,0,98
1467369,0,1,1,0,1,0,98
1467571,0,1,1,0,1,0,98
1467762,1,1,1,1,1,0,98
1468076,0,1,1,0,1,0,98
1469219,0,1,0,1,0,0,98
1474479,0,1,0,1,0,0,98
1475013,1,1,1,1,1,0,98
1475210,1,1,1,0,1,1,98
1478096,1,1,1,1,1,0,98
1480733,1,0,0,1,1,0,98
1484434,1,1,0,0,0,0,98
1486713,0,1,0,1,0,0,98
1489660,0,1,0,1,0,0,98
1490342,1,1,0,0,0,0,98
1495101,0,0,0,0,1,0,98
1495839,0,0,1,1,0,0,98
1497436,0,0,1,1,0,0,98
1497979,1,0,1,0,0,0,98
1499127,0,1,1,0,1,0,98
1499688,1,0,1,0,0,0,98
1501212,1,0,1,0,0,0,98
1502931,0,1,1,0,1,0,98
1504006,1,1,1,1,1,0,98
1506528,0,1,1,0,1,0,98
1508708,0,0,1,1,0,0,175
1509481,0,1,0,1,0,0,175
1511422,1,0,1,0,0,0,175
1513189,0,1,1,0,1,0,175
1513540,1,1,1,1,1,0,175
1513993,1,1,0,0,0,0,175
1514090,1,0,0,1,1,0,175
1514118,1,1,1,1,1,0,175
1514206,0,0,0,0,1,0,175
1515606,1,0,1,0,0,0,175
1516845,0,1,0,1,0,0,175
1516966,1,1,1,1,1,0,175
1517501,1,1,0,0,0,0,175
1518440,0,1,0,1,0,0,175
1519281,1,0,1,0,0,0,175
1519393,0,1,0,1,0,0,175
1520026,0,1,0,1,0,0,175
1521521,0,0,0,0,1,0,175
1522388,1,0,0,1,1,0,175
1522747,1,0,0,1,1,0,175
1525522,1,0,1,0,0,0,175
1525711,1,0,1,0,0,0,175
1525720,1,0,0,1,1,0,175
1525732,1,1,1,1,1,0,175
1526358,1,0,0,1,1,0,175
1527390,0,0,0,0,1,0,175
1527617,0,1,0,1,0,0,175
1527715,1,1,0,0,0,0,175
1528518,1,1,0,0,0,0,175
1529145,0,0,0,0,1,0,175
1529366,1,0,0,1,1,0,175
1530081,0,1,0,1,0,0,175
1530430,0,1,1,0,1,0,175
1531224,0,1,1,0,1,0,175
1533739,0,1,1,0,1,0,175
1535268,1,0,1,0,0,0,175
1535290,0,0,0,1,1,1,175
1536378,1,0,0,1,1,0,175
1536491,0,0,0,0,1,0,175
1537090,1,1,1,1,1,0,175
1537993,0,1,1,0,1,0,175
1538391,1,1,1,1,1,0,175
1538785,0,0,1,1,0,0,175
1539254,1,1,1,0,1,1,175
1539948,1,1,0,0,0,0,175
1540227,0,1,1,0,1,0,175
1540359,0,0,1,1,0,0,175
1543352,0,1,1,0,1,0,175
1543855,0,0,1,1,0,0,175
1544340,0,1,1,0,1,0,175
1544603,0,0,0,0,1,0,175
1545535,0,1,0,1,0,0,175
1546275,1,1,0,0,0,0,175
1546506,0,0,1,1,0,0,175
1548473,0,1,0,1,0,0,175
1548624,1,0,0,1,1,0,175
1548742,1,0,0,0,1,1,175
1549675,0,0,1,1,0,0,175
1549966,1,0,1,0,0,0,175
1553294,1,1,0,0,0,0,175
1553677,0,1,0,1,0,0,175
1553770,1,0,0,1,1,0,175
1553921,1,1,0,0,0,0,175
1554066,0,0,1,1,0,0,175
1554652,1,0,0,0,1,1,175
1554697,1,1,1,1,1,0,175
1554940,0,1,1,0,1,0,175
1555242,1,1,1,1,1,0,175
1555346,0,1,1,0,1,0,175
1556661,1,0,1,0,0,0,175
1557317,0,1,1,0,1,0,175
1558185,0,0,0,0,1,0,175
1558200,1,1,0,0,0,0,175
1559070,0,1,1,0,1,0,175
1559239,1,1,1,1,1,0,175
1559608,0,1,1,0,1,0,175
1559637,0,1,0,1,0,0,175
1562834,0,1,0,1,0,0,175
1563211,0,1,1,0,1,0,175
1563486,1,0,0,1,1,0,175
1563558,1,0,1,0,0,0,175
1564143,0,0,0,0,1,0,175
1564396,1,1,0,0,0,0,175
1565384,1,1,0,0,0,0,175
1565753,0,1,0,1,0,0,175
1566393,1,1,0,0,0,0,175
1568155,1,1,1,1,1,0,175
1568289,0,1,0,1,0,0,175
1569903,0,1,1,0,1,0,175
1569963,1,0,1,1,0,0,175
1570275,0,1,0,1,0,0,175
1571032,1,1,0,0,0,0,175
1571497,0,0,0,0,1,0,175
1572330,0,0,1,1,0,0,175
1574910,1,1,1,1,1,0,117
1575491,0,1,1,0,1,0,117
1577026,0,0,0,0,1,0,117
1577467,0,0,1,1,0,0,117
1578360,0,1,1,1,1,1,117
1578971,1,0,0,1,1,0,117
1579226,0,1,1,0,1,0,117
1580448,1,0,0,1,1,0,117
1580561,0,1,0,1,0,0,117
1582091,0,1,1,0,1,0,117
1583263,1,1,0,0,0,0,117
1584192,0,1,0,1,0,0,117
1585332,0,0,1,1,0,0,117
1590159,1,0,1,0,0,0,117
1591116,0,0,0,0,1,0,117
1594299,1,0,0,1,1,0,117
1594750,0,1,0,1,0,0,117
1595819,0,1,0,1,0,0,117
1596485,0,0,0,0,1,0,117
1597500,0,1,0,1,0,0,117
1598316,1,0,1,0,0,0,117
1598395,0,0,0,0,1,0,117
1598486,0,0,1,0,0,0,117
1599911,1,1,1,1,1,0,117
1600481,1,1,1,1,1,0,117
1600487,1,0,0,1,1,0,117
1602647,1,0,0,1,1,0,117
1604052,1,0,1,0,0,0,117
1606086,0,1,0,1,0,0,117
1606106,1,1,1,1,1,0,117
1608096,0,1,0,1,0,0,117
1609611,1,0,0,1,1,0,117
1612733,1,0,1,1,0,0,117
1614698,1,0,0,1,1,0,117
1615012,1,0,1,0,0,0,117
1615839,1,1,1,1,1,0,117
1615973,0,0,0,0,1,0,117
1617078,0,0,1,0,0,0,117
1617264,1,0,0,1,1,0,117
1618435,1,0,0,1,1,0,117
1619206,0,0,0,0,1,0,117
1619369,0,1,1,0,1,0,117
1620007,0,0,0,0,1,0,117
1620072,0,0,1,1,0,0,117
1620166,0,1,1,0,1,0,117
1620689,0,1,0,0,0,0,117
1621496,0,0,1,1,0,0,117
1621861,1,0,1,0,0,0,117
1622147,0,1,0,0,0,0,117
1626274,1,1,0,0,0,0,117
1627751,1,0,1,0,0,0,117
1629072,0,0,0,0,1,0,117
1630160,1,0,0,1,1,0,117
1630198,0,1,0,1,0,0,117
1630887,0,0,0,0,1,0,117
1633259,1,1,0,0,0,0,117
1634885,1,0,1,0,0,0,117
1635017,1,0,0,1,1,0,117
1635418,1,1,1,1,1,0,117
1638942,1,1,0,0,0,0,131
1639554,1,0,1,0,0,0,131
1640453,1,0,0,1,1,0,131
1641664,1,0,1,1,0,0,131
1644243,0,0,0,0,1,0,131
1647858,0,0,1,1,0,0,131
1649035,1,1,0,0,0,0,131
1653268,0,1,0,1,0,0,131
1653402,1,0,1,0,0,0,131
1657742,0,0,1,1,0,0,131
1659947,0,1,0,1,0,0,131
1660496,1,1,0,0,0,0,131
1662246,0,0,1,1,0,0,131
1664538,1,1,0,0,0,0,131
1664716,0,0,0,0,1,0,131
1665674,1,0,0,1,1,0,131
1667306,0,0,1,1,0,0,131
1669359,1,1,1,1,1,0,131
1670516,0,1,1,0,1,0,131
1670801,0,0,0,0,1,0,131
1672253,0,1,0,1,0,0,131
1673011,0,0,1,1,0,0,131
1674933,1,1,0,0,0,0,131
1678289,0,0,1,1,0,0,131
1678959,0,1,0,0,0,0,131
1679554,0,1,1,0,1,0,131
1679597,1,0,1,0,0,0,131
1679687,1,1,0,0,0,0,131
1680615,1,0,1,0,0,0,131
1682948,0,1,0,1,0,0,131
1683504,1,1,0,1,0,0,131
1683527,1,1,0,0,0,0,131
1684226,1,0,1,0,0,0,131
1684374,1,1,1,1,1,0,131
1684780,1,0,1,1,0,0,131
1685175,0,0,0,0,1,0,131
1689029,1,1,0,0,0,0,131
1689242,1,1,1,1,1,0,131
1689261,0,0,0,0,1,0,131
1689528,1,0,1,0,0,0,131
1689535,1,0,0,1,1,0,131
1693272,1,0,1,0,0,0,131
1695183,1,0,1,0,0,0,131
1697172,1,1,0,0,0,0,131
1697473,0,1,1,0,1,0,131
1699364,1,1,1,1,1,0,131
1700391,1,1,0,0,0,0,131
1700731,1,0,0,1,1,0,131
1700855,0,1,0,1,0,0,131
1705719,0,1,0,1,0,0,123
1706418,0,1,0,1,0,0,123
1706897,0,1,0,1,0,0,123
1709339,1,1,0,0,0,0,123
1709882,1,1,1,1,1,0,123
1712371,0,0,0,0,1,0,123
1713804,1,1,1,1,1,0,123
1716991,0,0,1,1,0,0,123
1717062,1,1,1,1,1,0,123
1717424,1,1,0,0,0,0,123
1717489,1,1,0,0,0,0,123
1718576,0,0,0,0,1,0,123
1719694,0,1,1,0,1,0,123
1720984,0,0,1,1,0,0,123
1721240,1,1,1,1,1,0,123
1722332,0,1,0,1,0,0,123
1723143,1,0,0,1,1,0,123
1723549,0,1,0,1,0,0,123
1724078,1,0,1,0,0,0,123
1724601,1,1,0,1,0,0,123
1729400,0,1,0,1,0,0,123
1730461,1,0,0,1,1,0,123
1732994,1,0,0,0,1,1,123
1733861,1,0,0,1,1,0,123
1734273,0,1,0,1,0,0,123
1735287,0,1,0,1,0,0,123
1739005,0,0,1,1,0,0,123
1739575,0,0,0,0,1,0,123
1739879,0,0,1,1,0,0,123
1739959,0,0,1,1,0,0,123
1741601,0,1,0,1,0,0,123
1742141,0,1,1,0,1,0,123
1742765,0,0,1,1,0,0,123
1746239,1,0,0,1,1,0,123
1746927,1,0,1,0,0,0,123
1748687,0,0,1,1,0,0,123
1749252,1,0,1,0,0,0,123
1749989,1,1,0,1,0,0,123
1750144,1,1,1,1,1,0,123
1750897,1,1,1,1,1,0,123
1751057,1,0,0,1,1,0,123
1751371,1,0,1,0,0,0,123
1758352,0,0,0,0,1,0,123
1760589,0,1,0,1,0,0,123
1763796,0,1,0,1,0,0,123
1765254,0,1,0,1,0,0,123
1767946,1,1,1,1,1,0,123
1770542,1,1,1,1,1,0,145
1772144,1,1,0,0,0,0,145
1772680,1,0,0,1,1,0,145
1773565,0,1,1,0,1,0,145
1773827,0,1,1,0,1,0,145
1773837,0,0,1,1,0,0,145
1774481,1,1,1,1,1,0,145
1777547,0,0,1,1,0,0,145
1778715,0,0,0,0,1,0,145
1779525,1,0,1,0,0,0,145
1781169,0,0,0,1,1,1,145
1781224,0,0,1,0,0,0,145
1781834,0,0,0,0,1,0,145
1783612,0,1,1,0,1,0,145
1784438,0,0,1,1,0,0,145
1784687,0,1,0,1,0,0,145
1785444,1,1,1,1,1,0,145
1786694,1,1,1,1,1,0,145
1786967,1,0,0,0,1,1,145
1787106,0,0,0,0,1,0,145
1787127,1,1,0,0,0,0,145
1787643,0,1,1,0,1,0,145
1789224,1,0,0,1,1,0,145
1790936,1,0,1,0,0,0,145
1791111,1,0,0,1,1,0,145
1791392,1,0,1,0,0,0,145
1791966,0,1,0,1,0,0,145
1792261,1,1,1,1,1,0,145
1793328,0,0,1,1,0,0,145
1795798,1,1,0,0,0,0,145
1795937,1,1,0,0,0,0,145
1796064,1,0,0,1,1,0,145
1796571,1,1,1,1,1,0,145
1797380,0,0,0,0,1,0,145
1797384,0,1,0,1,0,0,145
1798008,0,0,1,1,0,0,145
1798284,0,1,0,1,0,0,145
1799821,0,1,1,0,1,0,145
1800842,0,0,0,0,1,0,145
1802091,1,1,1,1,1,0,145
1802300,0,1,0,1,0,0,145
1803892,1,1,1,1,1,0,145
1804987,0,0,1,1,0,0,145
1807378,1,1,0,0,0,0,145
1807418,1,0,0,1,1,0,145
1809597,1,0,0,1,1,0,145
1809931,0,1,1,0,1,0,145
1811362,0,0,1,1,0,0,145
1811402,0,1,1,0,1,0,145
1811712,1,1,0,0,0,0,145
1812189,1,1,0,0,0,0,145
1814794,0,1,1,0,1,0,145
1815525,0,1,0,1,0,0,145
1816860,0,0,0,0,1,0,145
1817773,0,0,1,1,0,0,145
1817969,0,1,0,1,0,0,145
1818093,0,0,0,0,1,0,145
1818903,0,1,0,1,0,0,145
1820042,0,1,0,1,0,0,145
1820788,0,1,0,1,0,0,145
1822890,0,1,0,1,0,0,145
1822916,1,1,1,1,1,0,145
1824746,0,0,0,0,1,0,145
1825923,0,1,0,1,0,0,145
1826813,0,1,0,1,0,0,145
1827023,0,1,1,0,1,0,145
1827410,1,0,1,0,0,0,145
1829753,1,1,0,1,0,0,145
1832611,0,0,0,0,1,0,145
1836359,0,1,1,0,1,0,117
1836959,1,1,1,1,1,0,117
1837734,0,1,0,1,0,0,117
1840371,1,1,1,1,1,0,117
1840993,0,0,1,1,0,0,117
1841090,1,1,1,1,1,0,117
1841800,0,0,0,0,1,0,117
1842114,0,0,1,1,0,0,117
1846000,1,1,1,1,1,0,117
1846629,0,0,1,0,0,0,117
1846715,1,1,0,0,0,0,117
1847907,1,0,0,1,1,0,117
1848097,1,1,1,1,1,0,117
1849567,0,0,1,1,0,0,117
1850678,1,0,0,1,1,0,117
1851035,0,0,0,1,1,1,117
1851125,0,0,0,0,1,0,117
1852384,0,1,1,0,1,0,117
1853141,1,0,1,0,0,0,117
1857119,0,0,1,1,0,0,117
1857296,0,1,0,1,0,0,117
1859531,1,1,0,0,0,0,117
1859535,0,0,1,1,0,0,117
1860859,0,1,0,1,0,0,117
1862483,0,1,1,0,1,0,117
1862671,0,0,1,0,0,0,117
1864352,1,1,1,1,1,0,117
1864614,1,0,1,0,0,0,117
1866214,1,1,1,1,1,0,117
1870590,1,1,0,0,0,0,117
1870593,0,1,0,1,0,0,117
1875967,0,1,1,0,1,0,117
1876378,0,1,1,0,1,0,117
1877293,1,0,1,0,0,0,117
1878782,0,0,1,1,0,0,117
1880070,1,0,0,1,1,0,117
1883187,1,1,0,0,0,0,117
1887716,1,1,1,1,1,0,117
1888348,0,0,1,1,0,0,117
1889812,1,1,0,1,0,0,117
1889868,1,1,1,1,1,0,117
1891917,1,1,0,0,0,0,117
1892884,1,0,0,1,1,0,117
1893082,1,0,0,1,1,0,117
1895929,1,1,1,1,1,0,117
1899747,0,0,1,1,0,0,117
1900430,0,1,0,1,0,0,117
1900730,1,0,1,0,0,0,101
1901169,1,0,0,1,1,0,101
1901333,0,0,1,1,0,0,101
1901337,1,0,0,1,1,0,101
1901866,1,0,1,0,0,0,101
1902105,0,0,0,0,1,0,101
1902640,0,1,1,0,1,0,101
1902647,0,1,1,0,1,0,101
1903181,1,0,1,0,0,0,101
1903209,0,1,1,0,1,0,101
1903503,1,1,0,0,0,0,101
1903686,0,1,0,1,0,0,101
1904353,1,0,0,1,1,0,101
1905432,1,0,0,1,1,0,101
1905796,1,1,0,0,0,0,101
1909886,0,1,1,0,1,0,101
1910248,1,1,0,0,0,0,101
1913650,0,0,1,1,0,0,101
1914265,0,0,0,0,1,0,101
1915522,1,0,1,0,0,0,101
1916997,0,0,0,0,1,0,101
1920905,1,1,1,1,1,0,101
1920922,1,1,1,1,1,0,101
1921095,1,0,0,1,1,0,101
1921249,0,0,0,0,1,0,101
1921808,0,0,0,0,1,0,101
1921858,1,0,0,1,1,0,101
1922105,1,1,0,0,0,0,101
1922293,0,1,1,0,1,0,101
1922889,1,1,1,1,1,0,101
1923411,1,0,0,1,1,0,101
1927469,0,0,1,1,0,0,101
1930973,0,1,1,0,1,0,101
1933090,1,0,0,1,1,0,101
1933535,0,0,1,1,0,0,101
1936904,1,1,0,0,0,0,101
1939416,1,1,0,0,0,0,101
1941881,0,1,1,0,1,0,101
1941959,0,1,0,1,0,0,101
1942010,1,1,0,0,0,0,101
1943080,1,0,1,0,0,0,101
1943980,0,0,1,1,0,0,101
1945367,0,0,0,0,1,0,101
1945962,0,1,1,0,1,0,101
1946855,0,0,1,1,0,0,101
1951787,1,0,0,1,1,0,101
1953048,1,1,1,1,1,0,101
1955913,0,1,0,1,0,0,101
1956742,1,1,1,1,1,0,101
1959000,1,1,0,0,0,0,101
1963527,1,0,1,0,0,0,101
1966419,1,0,0,1,1,0,180
1967881,0,0,1,1,0,0,180
1968047,1,1,1,1,1,0,180
1968870,0,0,1,1,0,0,180
1969770,1,1,1,1,1,0,180
1970150,0,1,0,1,0,0,180
1970398,1,1,1,1,1,0,180
1972365,0,0,0,1,1,1,180
1972523,0,1,0,1,0,0,180
1973421,0,1,0,1,0,0,180
1976059,0,1,1,0,1,0,180
1976394,1,0,1,0,0,0,180
1976701,1,0,1,0,0,0,180
1976771,0,1,0,1,0,0,180
1977050,1,0,1,0,0,0,180
1977452,1,0,0,1,1,0,180
1981106,1,1,0,0,0,0,180
1981156,0,0,1,1,0,0,180
1981703,1,1,1,1,1,0,180
1983030,1,1,1,1,1,0,180
1986257,0,1,1,0,1,0,180
1988064,1,1,1,1,1,0,180
1988858,1,1,0,0,0,0,180
1991364,1,0,0,1,1,0,180
1994050,1,1,0,0,0,0,180
1994954,1,1,1,1,1,0,180
1995184,1,1,0,1,0,0,180
1995199,1,0,0,1,1,0,180
1996867,0,0,1,1,0,0,180
1996902,1,1,1,1,1,0,180
1997763,1,1,1,1,1,0,180
1998475,0,1,1,0,1,0,180
1998872,0,1,1,0,1,0,180
2000010,0,0,1,1,0,0,180
2000365,1,1,0,0,0,0,180
2000390,0,1,0,1,0,0,180
2000660,0,1,0,1,0,0,180
2001003,1,0,0,1,1,0,180
2001526,0,0,0,1,1,1,180
2002676,0,1,0,1,0,0,180
2002958,0,0,0,0,1,0,180
2003876,0,0,1,1,0,0,180
2004363,1,0,0,1,1,0,180
2005010,0,1,0,1,0,0,180
2006055,1,1,1,1,1,0,180
2006483,0,0,1,1,0,0,180
2007668,1,0,0,1,1,0,180
2008634,1,1,0,0,0,0,180
2010260,1,0,0,1,1,0,180
2010490,1,0,0,1,1,0,180
2012533,1,0,0,1,1,0,180
2013902,0,0,0,0,1,0,180
2016537,1,0,0,1,1,0,180
2017652,0,0,1,1,0,0,180
2017685,1,0,0,1,1,0,180
2017734,0,0,0,0,1,0,180
2018020,0,0,1,1,0,0,180
2018618,0,1,1,0,1,0,180
2019099,0,0,0,0,1,0,180
2019150,1,0,0,1,1,0,180
2019421,1,1,0,0,0,0,180
2019582,0,1,0,1,0,0,180
2020278,0,0,1,1,0,0,180
2020853,1,1,1,1,1,0,180
2021220,1,1,1,0,1,1,180
2021775,0,1,1,0,1,0,180
2022299,1,1,1,1,1,0,180
2023102,0,1,1,0,1,0,180
2023957,0,1,1,0,1,0,180
2024481,1,1,1,1,1,0,180
2024625,0,0,0,0,1,0,180
2025079,1,0,1,0,0,0,180
2027128,0,1,0,1,0,0,180
2028931,0,0,0,0,1,0,180
2029364,1,0,0,0,1,1,180
2029563,0,1,0,1,0,0,180
2029715,0,1,0,1,0,0,180
2030539,0,1,0,1,0,0,180
2031156,1,1,1,1,1,0,180
2031341,1,0,1,0,0,0,180
2031506,0,1,1,0,1,0,180
2031679,0,1,0,1,0,0,148
2033295,1,0,1,0,0,0,148
2033438,0,0,0,0,1,0,148
2034059,0,0,1,1,0,0,148
2035395,0,1,0,1,0,0,148
2036835,0,0,0,0,1,0,148
2036839,1,1,1,1,1,0,148
2038865,1,0,1,0,0,0,148
2039110,0,0,0,0,1,0,148
2041897,0,1,0,1,0,0,148
2041950,0,1,0,1,0,0,148
2042169,0,0,1,1,0,0,148
2042958,1,1,0,0,0,0,148
2043781,1,1,1,1,1,0,148
2044174,1,0,1,0,0,0,148
2044589,1,0,1,0,0,0,148
2044873,0,1,0,1,0,0,148
2044963,1,1,1,1,1,0,148
2045262,0,0,1,1,0,0,148
2045574,1,1,0,0,0,0,148
2045769,0,1,1,0,1,0,148
2046278,0,1,1,0,1,0,148
2047459,1,1,1,1,1,0,148
2050704,1,0,0,0,1,1,148
2050848,0,1,0,1,0,0,148
2052160,1,1,0,0,0,0,148
2052491,1,0,0,1,1,0,148
2053325,0,0,0,0,1,0,148
2054534,0,1,0,1,0,0,148
2056053,1,1,1,1,1,0,148
2056894,0,0,0,0,1,0,148
2058681,1,1,1,1,1,0,148
2059040,0,1,1,0,1,0,148
2062326,1,0,0,1,1,0,148
2062442,1,1,0,0,0,0,148
2063116,0,1,1,0,1,0,148
2063267,1,0,1,0,0,0,148
2063307,0,1,0,1,0,0,148
2064078,1,1,1,1,1,0,148
2064824,1,0,1,0,0,0,148
2066322,0,0,1,1,0,0,148
2066678,0,0,1,1,0,0,148
2067472,1,1,1,1,1,0,148
2068989,0,0,1,1,0,0,148
2069890,0,1,1,0,1,0,148
2070527,1,1,0,0,0,0,148
2070822,1,0,0,1,1,0,148
2073147,1,0,1,0,0,0,148
2073499,1,0,1,0,0,0,148
2073731,0,0,1,1,0,0,148
2073866,1,0,0,1,1,0,148
2073957,0,0,0,0,1,0,148
2075013,0,1,1,0,1,0,148
2077372,0,1,1,0,1,0,148
2079024,0,1,0,0,0,0,148
2079036,1,0,0,1,1,0,148
2079308,1,0,1,0,0,0,148
2079782,0,1,1,0,1,0,148
2079968,1,1,1,1,1,0,148
2080136,0,1,1,0,1,0,148
2080225,1,1,0,0,0,0,148
2081202,1,1,0,0,0,0,148
2081714,1,1,1,1,1,0,148
2081841,0,0,0,0,1,0,148
2082469,0,0,0,0,1,0,148
2082570,0,1,0,1,0,0,148
2082706,1,0,1,0,0,0,148
2082943,1,1,0,0,0,0,148
2084711,1,1,0,0,0,0,148
2087531,1,0,1,0,0,0,148
2088634,0,1,1,0,1,0,148
2088968,0,0,0,0,1,0,148
2089991,0,0,0,0,1,0,148
2090664,0,0,0,0,1,0,148
2091506,1,0,0,0,1,1,148
2094152,1,0,1,1,0,0,148
2094357,0,0,0,0,1,0,148
2095209,0,1,0,1,0,0,148
2095704,0,1,1,0,1,0,148
2096140,1,0,1,0,0,0,148
2096255,0,0,1,1,0,0,148
2096525,1,1,0,0,0,0,148
2097083,1,0,0,1,1,0,148
2099482,1,1,0,0,0,0,94
2100067,1,1,0,0,0,0,94
2100319,1,0,0,1,1,0,94
2100507,0,1,1,0,1,0,94
2100898,0,1,0,1,0,0,94
2101658,1,0,0,1,1,0,94
2105253,1,1,1,1,1,0,94
2105721,0,0,0,0,1,0,94
2108948,1,1,0,0,0,0,94
2109598,0,0,1,1,0,0,94
2111776,0,1,0,1,0,0,94
2112752,0,0,1,1,0,0,94
2115832,0,1,0,1,0,0,94
2116553,0,0,0,0,1,0,94
2118137,1,1,1,1,1,0,94
2118223,0,0,0,0,1,0,94
2118907,1,0,1,0,0,0,94
2119184,0,0,0,0,1,0,94
2122169,0,1,0,1,0,0,94
2124886,0,1,1,0,1,0,94
2126435,0,1,1,0,1,0,94
2127547,0,0,0,0,1,0,94
2128427,1,1,1,1,1,0,94
2129949,1,1,1,1,1,0,94
2132826,0,0,1,1,0,0,94
2134302,0,0,1,1,0,0,94
2135364,0,1,0,1,0,0,94
2135654,0,0,0,0,1,0,94
2139740,0,0,1,1,0,0,94
2140665,1,1,1,1,1,0,94
2141472,0,1,1,0,1,0,94
2141921,1,0,0,1,1,0,94
2141937,0,1,0,1,0,0,94
2147106,1,1,1,1,1,0,94
2148113,1,0,1,0,0,0,94
2148420,0,0,1,1,0,0,94
2148452,1,0,1,0,0,0,94
2151569,0,0,1,1,0,0,94
2151799,1,1,1,1,1,0,94
2155217,1,1,1,1,1,0,94
2155492,1,1,0,0,0,0,94
2157723,0,1,1,0,1,0,94
2158824,0,1,1,0,1,0,94
2159190,0,0,0,0,1,0,94
2159229,0,1,1,0,1,0,94
2160239,1,1,0,0,0,0,94
2161254,1,0,0,1,1,0,94
2162652,0,0,1,1,0,0,94
2164318,1,1,1,1,1,0,147
2165784,1,0,0,1,1,0,147
2167763,1,0,0,1,1,0,147
2170903,1,1,1,1,1,0,147
2171678,0,0,0,0,1,0,147
2172068,0,0,0,0,1,0,147
2173932,1,1,0,0,0,0,147
2175551,0,0,0,0,1,0,147
2179442,1,1,1,1,1,0,147
2179692,1,1,1,0,1,1,147
2179918,1,0,1,0,0,0,147
2180221,1,0,0,1,1,0,147
2180265,1,1,0,0,0,0,147
2180374,0,0,1,1,0,0,147
2181465,1,1,1,1,1,0,147
2181508,1,1,0,0,0,0,147
2182608,0,1,0,1,0,0,147
2182866,1,0,1,0,0,0,147
2183775,0,0,1,1,0,0,147
2184272,0,0,0,0,1,0,147
2184598,1,1,0,0,0,0,147
2186141,1,0,1,0,0,0,147
2186531,1,1,0,0,0,0,147
2186914,1,0,0,1,1,0,147
2188045,1,0,1,0,0,0,147
2190063,0,0,1,1,0,0,147
2190536,1,1,1,1,1,0,147
2190815,1,1,1,1,1,0,147
2192559,0,1,0,1,0,0,147
2192566,1,1,0,0,0,0,147
2192819,1,1,0,0,0,0,147
2193748,0,1,0,1,0,0,147
2194457,0,1,1,0,1,0,147
2195895,1,0,1,0,0,0,147
2196050,0,0,0,1,1,1,147
2196267,0,0,1,1,0,0,147
2196578,1,0,0,1,1,0,147
2196947,0,0,1,1,0,0,147
2197520,0,0,0,0,1,0,147
2198577,1,0,0,1,1,0,147
2198647,1,0,0,1,1,0,147
2198750,0,0,0,0,1,0,147
2199073,1,0,0,1,1,0,147
2199448,0,1,0,1,0,0,147
2199780,0,1,0,1,0,0,147
2203018,0,1,0,1,0,0,147
2203396,0,1,1,0,1,0,147
2204840,0,0,0,0,1,0,147
2205439,0,0,1,1,0,0,147
2205785,0,0,1,1,0,0,147
2209504,1,1,0,0,0,0,147
2210929,0,0,0,0,1,0,147
2211240,0,0,1,1,0,0,147
2211366,0,1,1,0,1,0,147
2212433,0,0,0,0,1,0,147
2213242,0,1,1,0,1,0,147
2213962,1,1,1,1,1,0,147
2213980,1,0,0,1,1,0,147
2216198,1,1,1,1,1,0,147
2216608,1,0,0,1,1,0,147
2216659,0,0,1,1,0,0,147
2216773,0,1,1,0,1,0,147
2216820,0,0,0,0,1,0,147
2217089,1,1,1,1,1,0,147
2219269,0,1,0,1,0,0,147
2220494,1,0,0,1,1,0,147
2222521,0,1,0,1,0,0,147
2222997,1,1,1,1,1,0,147
2225232,0,0,0,0,1,0,147
2227457,0,0,0,0,1,0,147
2228113,0,1,0,1,0,0,147
2229999,0,1,0,1,0,0,100
2231105,1,1,1,1,1,0,100
2237085,1,1,1,1,1,0,100
2237217,1,0,1,0,0,0,100
2238426,0,0,0,0,1,0,100
2238905,0,0,1,1,0,0,100
2239146,0,0,1,1,0,0,100
2239218,0,1,0,1,0,0,100
2239504,1,0,0,0,1,1,100
2242189,1,0,1,0,0,0,100
2247666,1,0,1,0,0,0,100
2249898,0,0,0,0,1,0,100
2250217,0,0,0,0,1,0,100
2252130,0,1,1,0,1,0,100
2252538,1,0,0,1,1,0,100
2253248,0,0,0,0,1,0,100
2253707,1,1,1,1,1,0,100
2255594,1,0,0,1,1,0,100
2257159,1,0,1,0,0,0,100
2257779,1,1,0,0,0,0,100
2257891,1,0,1,0,0,0,100
2260101,1,0,0,1,1,0,100
2260258,0,0,1,1,0,0,100
2260513,0,1,1,0,1,0,100
2261133,0,0,1,1,0,0,100
2261424,0,1,1,0,1,0,100
2263547,1,1,0,0,0,0,100
2267694,1,1,0,0,0,0,100
2268854,1,0,1,0,0,0,100
2269033,1,1,0,0,0,0,100
2271658,0,0,1,1,0,0,100
2271912,1,1,0,0,0,0,100
2272201,0,1,1,0,1,0,100
2272494,1,1,1,1,1,0,100
2273733,1,1,1,1,1,0,100
2276520,1,1,1,1,1,0,100
2277358,0,1,1,0,1,0,100
2278753,0,1,0,1,0,0,100
2283179,0,1,1,0,1,0,100
2283271,0,0,0,0,1,0,100
2283330,0,1,1,0,1,0,100
2283466,0,1,0,1,0,0,100
2284244,1,1,1,1,1,0,100
2284585,1,0,0,1,1,0,100
2284870,1,0,0,1,1,0,100
2285020,0,1,1,0,1,0,100
2285917,0,1,0,1,0,0,100
2286126,0,0,0,0,1,0,100
2288307,1,1,0,0,0,0,100
2289499,0,1,1,0,1,0,100
2289793,0,0,0,0,1,0,100
2292501,1,0,1,0,0,0,100
2295338,1,0,0,1,1,0,110
2295625,0,1,1,0,1,0,110
2296617,0,1,0,1,0,0,110
2298653,0,1,1,0,1,0,110
2299122,1,0,1,0,0,0,110
2301310,0,1,0,1,0,0,110
2304698,1,0,1,0,0,0,110
2305812,1,0,1,0,0,0,110
2310553,0,0,0,0,1,0,110
2311489,1,0,1,0,0,0,110
2311559,0,0,1,1,0,0,110
2312691,1,0,1,0,0,0,110
2313349,1,0,1,0,0,0,110
2314067,1,0,0,1,1,0,110
2315263,0,1,1,0,1,0,110
2315559,0,1,0,1,0,0,110
2317850,0,1,0,0,0,0,110
2319092,1,1,1,1,1,0,110
2321823,1,0,0,1,1,0,110
2324437,1,1,0,0,0,0,110
2324565,1,1,1,1,1,0,110
2326154,1,1,0,0,0,0,110
2327145,1,1,0,0,0,0,110
2328638,1,0,1,0,0,0,110
2331125,0,1,1,0,1,0,110
2332145,0,0,0,0,1,0,110
2332230,0,0,0,0,1,0,110
2333371,1,0,0,1,1,0,110
2334430,1,1,1,0,1,1,110
2334480,0,0,0,0,1,0,110
2335133,1,1,1,1,1,0,110
2336980,1,1,0,0,0,0,110
2337006,0,1,1,0,1,0,110
2337996,0,0,0,0,1,0,110
2340541,0,1,0,0,0,0,110
2341540,0,1,1,0,1,0,110
2345813,1,1,0,0,0,0,110
2345826,1,1,1,1,1,0,110
2345970,0,0,1,1,0,0,110
2347162,0,0,0,0,1,0,110
2348024,0,1,0,1,0,0,110
2350561,0,0,0,1,1,1,110
2350648,1,0,1,0,0,0,110
2352388,0,1,1,0,1,0,110
2352442,1,1,0,0,0,0,110
2355183,1,1,0,0,0,0,110
2355908,1,0,1,0,0,0,110
2356993,0,0,0,0,1,0,110
2358266,1,1,0,0,0,0,110
2362709,1,0,0,1,1,0,101
2363851,0,0,1,1,0,0,101
2365575,1,0,1,0,0,0,101
2368143,0,0,0,0,1,0,101
2368638,1,1,0,0,0,0,101
2368803,1,0,1,0,0,0,101
2370506,1,1,1,1,1,0,101
2374162,0,1,1,0,1,0,101
2376979,0,1,0,1,0,0,101
2378328,0,0,0,0,1,0,101
2380057,1,1,0,1,0,0,101
2382155,0,0,0,1,1,1,101
2382609,1,0,1,0,0,0,101
2382659,1,1,0,0,0,0,101
2382740,0,1,1,0,1,0,101
2386620,0,1,0,1,0,0,101
2386638,0,0,1,1,0,0,101
2387846,0,0,1,1,0,0,101
2388313,0,0,1,1,0,0,101
2389041,1,1,1,1,1,0,101
2390016,1,0,1,0,0,0,101
2392007,1,1,0,0,0,0,101
2394034,1,0,1,0,0,0,101
2394692,0,0,0,0,1,0,101
2394796,1,0,1,0,0,0,101
2400492,0,1,0,1,0,0,101
2403524,1,1,1,1,1,0,101
2404204,0,1,0,1,0,0,101
2404439,0,0,1,1,0,0,101
2404536,1,1,1,1,1,0,101
2405718,0,1,0,1,0,0,101
2406732,0,0,1,1,0,0,101
2406764,0,0,0,0,1,0,101
2407951,1,1,1,1,1,0,101
2409388,0,1,1,0,1,0,101
2409604,0,0,0,0,1,0,101
2411353,1,0,0,1,1,0,101
2411403,0,0,0,0,1,0,101
2414614,1,0,0,1,1,0,101
2415071,0,0,0,0,1,0,101
2415624,0,1,1,0,1,0,101
2415912,0,1,0,1,0,0,101
2416261,1,0,1,0,0,0,101
2416865,0,0,0,0,1,0,101
2417535,1,1,1,1,1,0,101
2418216,0,1,1,0,1,0,101
2418644,1,0,0,1,1,0,101
2420105,1,0,1,0,0,0,101
2420193,0,0,0,0,1,0,101
2433287,0,0,1,1,0,0,81
2434174,1,1,1,1,1,0,81
2434457,1,1,1,1,1,0,81
2434561,1,1,0,0,0,0,81
2435125,1,1,1,1,1,0,81
2436582,0,1,0,1,0,0,81
2440993,0,1,0,1,0,0,81
2441480,1,1,0,0,0,0,81
2444293,0,1,0,1,0,0,81
2448169,1,1,0,0,0,0,81
2448815,1,1,1,1,1,0,81
2450188,0,0,1,1,0,0,81
2451353,1,1,0,0,0,0,81
2455786,0,0,1,1,0,0,81
2455907,1,1,1,1,1,0,81
2462166,0,1,0,1,0,0,81
2465095,0,0,1,1,0,0,81
2468899,0,1,1,0,1,0,81
2471729,1,1,0,0,0,0,81
2473976,0,0,1,1,0,0,81
2474363,0,1,0,1,0,0,81
2474539,0,0,0,0,1,0,81
2475004,1,0,0,1,1,0,81
2475487,1,0,0,1,1,0,81
2476468,1,1,1,0,1,1,81
2478592,0,0,0,0,1,0,81
2478649,1,0,0,1,1,0,81
2481165,0,1,1,0,1,0,81
2483910,0,0,1,1,0,0,81
2492815,1,0,1,0,0,0,178
2493345,0,1,0,1,0,0,178
2493353,0,0,0,0,1,0,178
2493536,0,1,0,1,0,0,178
2494191,0,1,1,0,1,0,178
2494868,1,0,1,0,0,0,178
2494915,1,1,0,0,0,0,178
2496830,1,1,0,1,0,0,178
2497266,0,1,0,1,0,0,178
2498412,1,0,1,0,0,0,178
2501229,1,0,1,0,0,0,178
2502157,1,1,0,0,0,0,178
2502933,1,0,1,0,0,0,178
2503467,1,1,0,0,0,0,178
2505930,1,1,1,1,1,0,178
2506052,0,0,0,0,1,0,178
2506611,0,1,0,1,0,0,178
2507410,0,0,1,1,0,0,178
2507566,0,0,0,0,1,0,178
2508236,1,0,0,1,1,0,178
2508832,1,0,1,0,0,0,178
2509703,0,0,1,1,0,0,178
2509946,0,1,1,0,1,0,178
2511839,1,0,1,0,0,0,178
2512696,0,0,1,1,0,0,178
2514514,0,0,0,0,1,0,178
2514968,0,0,1,1,0,0,178
2515289,0,1,0,1,0,0,178
2516386,1,1,1,1,1,0,178
2516778,0,1,0,1,0,0,178
2517183,1,0,1,0,0,0,178
2518116,0,0,0,0,1,0,178
2519736,0,0,1,1,0,0,178
2519899,1,1,0,0,0,0,178
2520538,0,1,1,0,1,0,178
2520962,0,1,0,1,0,0,178
2521276,1,1,0,0,0,0,178
2521545,0,0,0,0,1,0,178
2522130,1,1,0,0,0,0,178
2522773,1,1,1,1,1,0,178
2524141,0,0,1,1,0,0,178
2524238,0,1,1,0,1,0,178
2525326,0,0,1,1,0,0,178
2525513,1,1,1,1,1,0,178
2525992,1,0,0,1,1,0,178
2528944,1,0,1,0,0,0,178
2528964,1,1,1,1,1,0,178
2532343,0,0,0,0,1,0,178
2533531,0,0,0,0,1,0,178
2534499,0,0,0,0,1,0,178
2534675,1,0,0,1,1,0,178
2535497,0,1,0,1,0,0,178
2536282,0,0,0,1,1,1,178
2536520,1,1,1,1,1,0,178
2537470,1,0,0,1,1,0,178
2537705,1,0,0,1,1,0,178
2539935,1,1,0,0,0,0,178
2540802,1,0,0,1,1,0,178
2541808,1,0,1,1,0,0,178
2542140,1,1,1,1,1,0,178
2543843,0,1,0,1,0,0,178
2544205,1,1,1,1,1,0,178
2544678,1,0,0,1,1,0,178
2544798,0,0,0,0,1,0,178
2544891,1,1,0,0,0,0,178
2546481,0,1,0,1,0,0,178
2546949,0,1,1,0,1,0,178
2547987,0,1,1,0,1,0,178
2548777,0,1,1,0,1,0,178
2550038,1,1,0,0,0,0,178
2550058,1,0,0,1,1,0,178
2550206,1,1,1,1,1,0,178
2554195,1,1,0,0,0,0,178
2555782,0,1,0,1,0,0,178
2556167,0,1,1,0,1,0,114
2556546,1,1,0,0,0,0,114
2556740,0,1,1,0,1,0,114
2556952,1,1,0,0,0,0,114
2557325,0,0,0,0,1,0,114
2559345,1,1,0,0,0,0,114
2561005,1,0,0,1,1,0,114
2562746,1,1,0,0,0,0,114
2562855,0,1,1,0,1,0,114
2563439,0,1,1,1,1,1,114
2563771,0,0,1,1,0,0,114
2563790,1,0,0,1,1,0,114
2566417,1,1,0,0,0,0,114
2567960,0,0,0,0,1,0,114
2568107,1,1,0,0,0,0,114
2571303,1,1,1,1,1,0,114
2572853,0,1,0,1,0,0,114
2573510,1,0,1,0,0,0,114
2573769,1,0,0,1,1,0,114
2574497,1,1,1,1,1,0,114
2574707,0,0,1,1,0,0,114
2576301,1,0,1,0,0,0,114
2578296,0,1,1,0,1,0,114
2583055,0,1,0,1,0,0,114
2584175,1,0,0,0,1,1,114
2585422,0,0,0,0,1,0,114
2588633,0,1,0,0,0,0,114
2589118,0,0,1,1,0,0,114
2590786,0,1,1,0,1,0,114
2592442,0,0,1,1,0,0,114
2592534,1,1,0,0,0,0,114
2593070,0,0,1,1,0,0,114
2594245,1,0,0,1,1,0,114
2596493,0,1,0,1,0,0,114
2598250,0,0,0,1,1,1,114
2599316,1,0,0,1,1,0,114
2600446,1,1,1,1,1,0,114
2604815,1,1,0,0,0,0,114
2605553,0,0,0,0,1,0,114
2606364,1,1,0,0,0,0,114
2606543,1,0,0,1,1,0,114
2607782,1,0,0,1,1,0,114
2608004,0,1,0,1,0,0,114
2610879,1,1,0,0,0,0,114
2611027,0,1,0,1,0,0,114
2613512,1,0,0,1,1,0,114
2615307,1,1,1,1,1,0,114
2615598,1,1,1,1,1,0,114
2616050,1,1,1,1,1,0,114
2617570,1,0,1,0,0,0,114
2618602,0,1,0,1,0,0,114
2619959,1,0,1,0,0,0,114
2621386,0,1,1,0,1,0,114
2623671,0,0,1,1,0,0,105
2623775,0,0,0,0,1,0,105
2628484,0,0,0,0,1,0,105
2629110,1,1,1,1,1,0,105
2633916,0,1,1,0,1,0,105
2634160,1,0,0,1,1,0,105
2634192,1,0,1,0,0,0,105
2635051,1,0,1,0,0,0,105
2636969,1,1,0,0,0,0,105
2638745,1,1,1,1,1,0,105
2640894,1,1,1,1,1,0,105
2643342,0,0,0,0,1,0,105
2644759,0,0,0,0,1,0,105
2649389,1,0,0,1,1,0,105
2650008,1,0,1,0,0,0,105
2651173,0,1,1,0,1,0,105
2652652,0,0,0,0,1,0,105
2653862,0,1,1,0,1,0,105
2655597,1,0,0,1,1,0,105
2655822,1,1,0,0,0,0,105
2656125,0,0,1,1,0,0,105
2657478,1,1,0,0,0,0,105
2658903,0,1,1,0,1,0,105
2658930,1,0,1,1,0,0,105
2660135,1,1,0,0,0,0,105
2662041,1,0,0,1,1,0,105
2663174,1,1,1,1,1,0,105
2663889,1,1,1,1,1,0,105
2663953,0,1,0,1,0,0,105
2664213,0,0,0,0,1,0,105
2664345,0,0,1,1,0,0,105
2664492,0,1,0,1,0,0,105
2665249,0,0,0,0,1,0,105
2665868,1,0,1,0,0,0,105
2669012,0,1,1,0,1,0,105
2669131,1,0,0,0,1,1,105
2670069,1,1,0,0,0,0,105
2671646,0,1,1,0,1,0,105
2672276,1,0,1,0,0,0,105
2674367,0,1,1,0,1,0,105
2678967,0,1,1,0,1,0,105
2682052,0,0,1,1,0,0,105
2682172,1,1,1,1,1,0,105
2685556,0,0,0,0,1,0,105
2686136,0,0,1,1,0,0,105
2687358,0,0,0,0,1,0,67
2687597,1,1,1,1,1,0,67
2690395,0,1,0,1,0,0,67
2694568,0,0,1,1,0,0,67
2697263,1,0,1,0,0,0,67
2697429,0,1,1,0,1,0,67
2698569,1,1,1,1,1,0,67
2698624,1,1,1,1,1,0,67
2699690,1,1,0,0,0,0,67
2710014,1,0,0,1,1,0,67
2713271,1,1,1,1,1,0,67
2719542,0,0,1,1,0,0,67
2720327,1,0,1,0,0,0,67
2723966,1,0,0,1,1,0,67
2726173,0,1,0,1,0,0,67
2728050,1,1,0,0,0,0,67
2728437,1,1,0,0,0,0,67
2730181,0,0,1,1,0,0,67
2737971,0,0,0,0,1,0,67
2738274,0,1,0,1,0,0,67
2740701,1,0,0,1,1,0,67
2741136,0,0,1,1,0,0,67
2742467,0,1,0,1,0,0,67
2749170,1,0,1,0,0,0,67
2751294,1,0,1,0,0,0,67
2752046,0,0,0,0,1,0,67
2752988,0,0,0,0,1,0,255
2753055,0,1,0,1,0,0,255
2754690,0,1,0,1,0,0,255
2755970,1,1,1,1,1,0,255
2756342,1,0,1,0,0,0,255
2756836,1,1,0,0,0,0,255
2757939,1,0,0,1,1,0,255
2759022,1,1,0,0,0,0,255
2759157,1,0,1,0,0,0,255
2759713,0,1,1,0,1,0,255
2759749,0,1,0,1,0,0,255
2761346,1,1,1,1,1,0,255
2761401,1,0,0,1,1,0,255
2761905,0,1,0,1,0,0,255
2761931,1,1,1,1,1,0,255
2762235,0,0,1,1,0,0,255
2762882,0,0,1,1,0,0,255
2763439,1,1,0,0,0,0,255
2764406,1,0,1,0,0,0,255
2764808,1,0,1,0,0,0,255
2764971,1,1,1,1,1,0,255
2765409,1,0,0,1,1,0,255
2765748,1,0,1,0,0,0,255
2766668,1,0,1,0,0,0,255
2767085,1,0,1,0,0,0,255
2769290,0,1,0,1,0,0,255
2769624,0,0,1,1,0,0,255
2770236,0,0,1,0,0,0,255
2770817,0,0,1,1,0,0,255
2771377,1,1,1,1,1,0,255
2772035,0,1,1,0,1,0,255
2773204,1,1,0,0,0,0,255
2773570,1,0,1,0,0,0,255
2774471,1,0,1,0,0,0,255
2774891,1,1,0,0,0,0,255
2775586,1,0,0,1,1,0,255
2776664,0,0,1,1,0,0,255
2776902,1,1,1,1,1,0,255
2777515,0,0,0,0,1,0,255
2777689,0,1,0,1,0,0,255
2777759,1,1,1,1,1,0,255
2778280,0,1,0,1,0,0,255
2778523,1,1,1,1,1,0,255
2778986,0,1,1,0,1,0,255
2779580,1,1,1,1,1,0,255
2779841,0,1,0,1,0,0,255
2780061,1,0,0,1,1,0,255
2780255,1,0,0,1,1,0,255
2780514,1,0,0,1,1,0,255
2780585,1,0,0,1,1,0,255
2780705,1,1,0,0,0,0,255
2780734,0,0,1,1,0,0,255
2780880,1,1,1,1,1,0,255
2780893,1,1,1,1,1,0,255
2781152,0,0,0,0,1,0,255
2781523,1,0,1,0,0,0,255
2781891,1,0,0,1,1,0,255
2783552,1,1,1,0,1,1,255
2784844,0,1,0,1,0,0,255
2785785,0,0,1,0,0,0,255
2786560,0,1,1,0,1,0,255
2787289,0,1,0,1,0,0,255
2788276,0,1,1,0,1,0,255
2788389,0,0,0,0,1,0,255
2788689,0,0,0,0,1,0,255
2789002,0,1,0,1,0,0,255
2790231,0,0,1,1,0,0,255
2790608,1,0,0,1,1,0,255
2791390,0,1,0,0,0,0,255
2791501,1,0,1,0,0,0,255
2791823,1,0,1,0,0,0,255
2792039,1,0,0,1,1,0,255
2792287,1,1,0,0,0,0,255
2793481,1,0,0,1,1,0,255
2793528,0,1,0,1,0,0,255
2793923,1,1,0,0,0,0,255
2794395,1,1,0,0,0,0,255
2794413,1,1,0,0,0,0,255
2794683,0,1,0,0,0,0,255
2795627,1,1,1,1,1,0,255
2796707,0,0,1,1,0,0,255
2797163,0,1,1,0,1,0,255
2797596,0,1,0,1,0,0,255
2797776,1,0,1,0,0,0,255
2798307,1,1,1,1,1,0,255
2798703,0,1,1,0,1,0,255
2800031,0,1,0,1,0,0,255
2800802,0,1,0,1,0,0,255
2800975,0,0,1,1,0,0,255
2801569,0,1,0,1,0,0,255
2801874,1,1,1,1,1,0,255
2802053,1,0,1,0,0,0,255
2802659,1,1,1,1,1,0,255
2803170,0,1,0,1,0,0,255
2803387,1,0,0,1,1,0,255
2803740,1,1,1,1,1,0,255
2804199,1,0,0,1,1,0,255
2804439,0,1,0,1,0,0,255
2804941,1,0,1,0,0,0,255
2805045,0,1,1,0,1,0,255
2805882,1,0,0,1,1,0,255
2806342,0,0,0,0,1,0,255
2806443,0,0,0,0,1,0,255
2806727,0,0,0,0,1,0,255
2807138,1,0,1,0,0,0,255
2807363,1,0,1,0,0,0,255
2807959,0,1,0,1,0,0,255
2808046,1,1,0,1,0,0,255
2808366,1,1,0,1,0,0,255
2808400,0,0,1,1,0,0,255
2808878,0,0,0,0,1,0,255
2810021,1,0,0,1,1,0,255
2810058,1,1,1,1,1,0,255
2810262,0,1,0,1,0,0,255
2810656,1,0,1,0,0,0,255
2810742,0,0,0,0,1,0,255
2810833,0,1,0,1,0,0,255
2810912,1,1,0,0,0,0,255
2811348,0,1,1,0,1,0,255
2811700,1,1,1,1,1,0,255
2811729,0,0,0,0,1,0,255
2812728,0,1,1,0,1,0,255
2813130,0,1,0,1,0,0,255
2814001,0,1,1,1,1,1,255
2814003,1,1,1,1,1,0,255
2814220,0,0,1,1,0,0,255
2814308,1,0,1,0,0,0,255
2815529,0,1,0,1,0,0,255
2815754,1,0,1,0,0,0,255
2815932,0,0,0,0,1,0,255
2816418,1,0,1,0,0,0,255
2816862,0,0,0,0,1,0,255
2816987,0,1,0,1,0,0,255
2817881,1,1,0,0,0,0,255
2818817,0,0,1,1,0,0,127
2820085,0,1,1,0,1,0,127
2820186,1,1,0,0,0,0,127
2820446,1,0,0,1,1,0,127
2821436,0,1,0,1,0,0,127
2821615,1,0,1,0,0,0,127
2825567,0,1,1,0,1,0,127
2826802,1,1,0,0,0,0,127
2827746,0,0,1,1,0,0,127
2828214,0,1,1,0,1,0,127
2828240,1,1,1,1,1,0,127
2828687,0,1,1,0,1,0,127
2829006,0,1,0,1,0,0,127
2830464,0,0,0,0,1,0,127
2830750,1,1,1,1,1,0,127
2831268,1,0,1,0,0,0,127
2831411,1,0,1,0,0,0,127
2832050,0,1,0,0,0,0,127
2832197,0,0,1,1,0,0,127
2832235,1,1,0,0,0,0,127
2832366,0,1,0,1,0,0,127
2834655,0,0,1,1,0,0,127
2835838,1,0,0,1,1,0,127
2836663,1,1,1,1,1,0,127
2837473,1,0,1,0,0,0,127
2838041,1,1,0,0,0,0,127
2838197,0,0,1,1,0,0,127
2839335,1,0,0,1,1,0,127
2839925,1,1,1,1,1,0,127
2840098,0,1,0,1,0,0,127
2840940,0,0,1,1,0,0,127
2843081,0,1,0,1,0,0,127
2843730,1,1,0,0,0,0,127
2843899,1,0,1,0,0,0,127
2845987,0,0,0,0,1,0,127
2846249,1,0,1,0,0,0,127
2847370,1,0,0,1,1,0,127
2848117,1,0,1,0,0,0,127
2848663,0,1,1,0,1,0,127
2851656,1,1,1,1,1,0,127
2851661,1,1,1,1,1,0,127
2852187,0,0,1,1,0,0,127
2853403,1,0,1,0,0,0,127
2853502,0,1,1,0,1,0,127
2855222,1,0,1,0,0,0,127
2855677,1,0,1,0,0,0,127
2857260,0,0,1,1,0,0,127
2859020,1,0,1,0,0,0,127
2859765,0,1,0,1,0,0,127
2860594,0,0,1,1,0,0,127
2863024,0,0,1,1,0,0,127
2866987,1,1,0,0,0,0,127
2867576,1,1,1,0,1,1,127
2867779,0,1,0,1,0,0,127
2868317,1,1,0,0,0,0,127
2869386,0,0,0,0,1,0,127
2871705,0,1,1,0,1,0,127
2871863,1,0,0,1,1,0,127
2872882,1,0,1,0,0,0,127
2873348,1,1,0,0,0,0,127
2876309,1,1,1,1,1,0,127
2876394,1,1,0,0,0,0,127
2877042,1,1,0,0,0,0,127
2879431,0,1,0,1,0,0,127
2881971,0,0,0,0,1,0,127
2884323,1,1,1,1,1,0,151
2884548,0,1,1,0,1,0,151
2885638,1,0,0,1,1,0,151
2885709,1,1,0,0,0,0,151
2887303,0,1,1,0,1,0,151
2887695,0,0,0,0,1,0,151
2889950,1,0,0,1,1,0,151
2891992,1,0,0,1,1,0,151
2892116,0,0,0,0,1,0,151
2892684,0,0,0,0,1,0,151
2893470,0,0,1,1,0,0,151
2894640,0,1,1,0,1,0,151
2894896,0,0,1,1,0,0,151
2896746,1,0,1,0,0,0,151
2896908,0,1,0,1,0,0,151
2898426,0,0,1,1,0,0,151
2898880,1,0,0,1,1,0,151
2901956,1,0,1,0,0,0,151
2902028,0,0,1,1,0,0,151
2902501,0,1,1,0,1,0,151
2903439,0,1,0,1,0,0,151
2904135,1,0,0,1,1,0,151
2904770,1,1,1,1,1,0,151
2906408,1,0,0,0,1,1,151
2907062,0,1,0,1,0,0,151
2907226,1,0,1,1,0,0,151
2908430,1,1,0,0,0,0,151
2908628,0,0,0,0,1,0,151
2909164,0,0,1,1,0,0,151
2912515,1,1,1,0,1,1,151
2913026,0,1,1,0,1,0,151
2913228,0,1,1,0,1,0,151
2916969,0,1,0,1,0,0,151
2919837,0,1,0,0,0,0,151
2919969,1,1,0,1,0,0,151
2920918,0,0,0,0,1,0,151
2922175,0,1,0,1,0,0,151
2926668,0,1,0,1,0,0,151
2926700,1,0,0,1,1,0,151
2927262,0,0,1,1,0,0,151
2927294,0,1,1,0,1,0,151
2928275,1,0,1,0,0,0,151
2928322,1,1,0,0,0,0,151
2928628,0,1,1,0,1,0,151
2928917,0,1,0,1,0,0,151
2928980,1,0,1,0,0,0,151
2930821,0,0,0,0,1,0,151
2931199,1,1,1,1,1,0,151
2932316,0,1,1,0,1,0,151
2933073,0,1,1,0,1,0,151
2934044,1,0,0,1,1,0,151
2935290,1,1,1,1,1,0,151
2935499,0,1,0,1,0,0,151
2937789,0,0,1,1,0,0,151
2937827,0,0,1,1,0,0,151
2939290,0,1,1,0,1,0,151
2940723,0,0,0,0,1,0,151
2942946,0,1,0,1,0,0,151
2943102,0,0,1,1,0,0,151
2943345,1,0,1,0,0,0,151
2943636,0,1,0,1,0,0,151
2944087,0,0,0,0,1,0,151
2944968,0,0,0,0,1,0,151
2945044,1,0,1,0,0,0,151
2945239,1,1,0,0,0,0,151
2948255,0,1,0,1,0,0,151
2950049,1,1,0,0,0,0,92
2952843,0,0,0,0,1,0,92
2953465,0,0,0,0,1,0,92
2955570,0,0,1,1,0,0,92
2956654,0,1,0,1,0,0,92
2960260,1,1,0,0,0,0,92
2960847,1,0,1,0,0,0,92
2960989,1,0,1,0,0,0,92
2961784,0,0,1,1,0,0,92
2961959,1,1,1,1,1,0,92
2962300,0,1,0,1,0,0,92
2965536,0,0,0,0,1,0,92
2972853,1,1,1,1,1,0,92
2976289,0,1,0,1,0,0,92
2976307,1,1,1,1,1,0,92
2976544,0,0,0,0,1,0,92
2977053,0,1,1,0,1,0,92
2978052,1,0,1,0,0,0,92
2980785,1,0,0,1,1,0,92
2982356,1,1,1,0,1,1,92
2987242,1,0,1,0,0,0,92
2987340,1,1,1,1,1,0,92
2987343,0,1,0,1,0,0,92
2987546,0,1,0,1,0,0,92
2993471,1,1,0,0,0,0,92
2995530,0,0,1,1,0,0,92
3000580,1,1,0,0,0,0,92
3001145,0,1,1,0,1,0,92
3001956,0,1,1,0,1,0,92
3001960,0,0,1,1,0,0,92
3003315,0,1,1,0,1,0,92
3004098,0,0,1,1,0,0,92
3005049,0,1,1,0,1,0,92
3005081,0,0,1,1,0,0,92
3005245,1,1,0,0,0,0,92
3006956,0,1,0,1,0,0,92
3007881,1,0,0,1,1,0,92
3009775,0,1,1,0,1,0,92
3010029,1,0,1,1,0,0,92
3012395,0,0,1,1,0,0,92
3013289,1,0,1,0,0,0,92
3013949,1,0,1,0,0,0,92
3014589,1,0,1,0,0,0,92
3015369,1,0,0,1,1,0,212
3015691,0,0,1,1,0,0,212
3015822,0,1,1,0,1,0,212
3016528,1,1,0,0,0,0,212
3016716,0,1,1,0,1,0,212
3016880,1,0,0,1,1,0,212
3017896,1,0,1,0,0,0,212
3018772,0,1,1,1,1,1,212
3019295,0,1,0,1,0,0,212
3019585,1,0,0,1,1,0,212
3019786,0,1,0,1,0,0,212
3019827,0,1,0,1,0,0,212
3021601,1,0,0,1,1,0,212
3022232,0,0,1,1,0,0,212
3022843,0,0,0,0,1,0,212
3022850,0,1,0,1,0,0,212
3023534,0,0,1,1,0,0,212
3023726,0,0,0,0,1,0,212
3026103,1,1,1,0,1,1,212
3026293,0,0,1,1,0,0,212
3027120,1,0,1,0,0,0,212
3027986,1,1,0,0,0,0,212
3028476,0,0,1,1,0,0,212
3029093,0,0,0,0,1,0,212
3029549,0,0,0,0,1,0,212
3029881,0,0,1,1,0,0,212
3030014,0,0,1,1,0,0,212
3030757,1,0,1,0,0,0,212
3033299,1,0,0,1,1,0,212
3033549,1,1,1,1,1,0,212
3033773,1,0,1,0,0,0,212
3036905,1,0,1,0,0,0,212
3036934,1,1,0,0,0,0,212
3037167,0,0,1,1,0,0,212
3037368,0,1,0,1,0,0,212
3037824,0,1,0,1,0,0,212
3039497,0,0,0,0,1,0,212
3039514,1,1,1,1,1,0,212
3039640,0,1,0,1,0,0,212
3041436,1,0,0,1,1,0,212
3041721,0,1,0,0,0,0,212
3042553,1,0,1,0,0,0,212
3045285,0,0,0,0,1,0,212
3045303,0,0,1,1,0,0,212
3046437,1,0,0,1,1,0,212
3046914,1,0,0,1,1,0,212
3047551,0,0,1,1,0,0,212
3048111,0,1,0,1,0,0,212
3049580,1,1,1,1,1,0,212
3050588,0,0,1,1,0,0,212
3050705,1,1,0,0,0,0,212
3051845,0,0,1,1,0,0,212
3053409,0,1,0,1,0,0,212
3053670,0,1,0,1,0,0,212
3053707,0,0,0,0,1,0,212
3054860,0,0,1,1,0,0,212
3055481,0,1,1,0,1,0,212
3055860,0,1,1,0,1,0,212
3058130,0,1,0,1,0,0,212
3059155,1,1,0,0,0,0,212
3059273,0,0,1,1,0,0,212
3059310,0,0,1,1,0,0,212
3060202,0,0,0,0,1,0,212
3060479,0,1,0,1,0,0,212
3061434,0,1,0,1,0,0,212
3061556,1,0,1,0,0,0,212
3061791,1,1,1,0,1,1,212
3063081,1,0,0,1,1,0,212
3063269,1,0,1,0,0,0,212
3063372,0,0,0,0,1,0,212
3063612,1,0,0,1,1,0,212
3063812,1,1,1,1,1,0,212
3063938,0,1,1,0,1,0,212
3064245,0,1,0,1,0,0,212
3064258,0,1,0,1,0,0,212
3065841,1,0,0,1,1,0,212
3066050,1,1,1,1,1,0,212
3066540,0,1,1,0,1,0,212
3066685,1,1,0,0,0,0,212
3067414,0,0,0,0,1,0,212
3067531,0,1,0,1,0,0,212
3068236,0,1,0,1,0,0,212
3068254,1,0,1,0,0,0,212
3068426,1,0,0,1,1,0,212
3068772,1,0,0,0,1,1,212
3068775,1,1,1,0,1,1,212
3068981,1,1,1,1,1,0,212
3070580,0,0,1,1,0,0,212
3071997,1,0,1,0,0,0,212
3073633,0,1,0,1,0,0,212
3074319,0,0,1,1,0,0,212
3075324,0,0,1,1,0,0,212
3076375,0,1,1,1,1,1,212
3077698,0,0,0,0,1,0,212
3081830,1,1,1,1,1,0,98
3081927,1,1,1,1,1,0,98
3083256,1,0,0,1,1,0,98
3084188,1,1,0,1,0,0,98
3087291,0,0,0,1,1,1,98
3087467,1,0,1,0,0,0,98
3089151,1,1,0,0,0,0,98
3090905,0,0,0,0,1,0,98
3091423,0,0,1,1,0,0,98
3091444,1,0,1,0,0,0,98
3092001,1,1,1,1,1,0,98
3092086,1,1,1,1,1,0,98
3094911,1,1,0,0,0,0,98
3097086,1,0,0,1,1,0,98
3104107,0,1,0,1,0,0,98
3104334,1,0,1,0,0,0,98
3109146,0,1,1,0,1,0,98
3109479,0,0,1,1,0,0,98
3110473,1,0,0,1,1,0,98
3112310,0,0,1,1,0,0,98
3114389,1,0,0,1,1,0,98
3116868,0,1,1,1,1,1,98
3117341,0,1,0,1,0,0,98
3119020,0,0,1,1,0,0,98
3120152,1,1,1,1,1,0,98
3120752,1,0,1,0,0,0,98
3121836,1,1,1,1,1,0,98
3125102,1,1,0,0,0,0,98
3125605,1,1,0,0,0,0,98
3129885,0,1,1,0,1,0,98
3130544,1,0,0,1,1,0,98
3132868,0,0,1,1,0,0,98
3134792,1,0,0,1,1,0,98
3134799,1,0,1,0,0,0,98
3136342,0,0,1,1,0,0,98
3136359,1,0,1,1,0,0,98
3136548,1,0,1,0,0,0,98
3137287,1,1,0,0,0,0,98
3137304,0,0,1,1,0,0,98
3142277,1,0,1,0,0,0,98
3143216,0,0,0,0,1,0,98
3143397,1,1,1,1,1,0,98
3144388,0,1,0,1,0,0,98
3146606,1,0,1,1,0,0,165
3146955,0,0,0,0,1,0,165
3150485,0,0,1,0,0,0,165
3150487,1,1,0,0,0,0,165
3150622,0,1,1,0,1,0,165
3153934,0,1,0,1,0,0,165
3155070,0,1,0,1,0,0,165
3157305,0,1,0,0,0,0,165
3157428,0,1,1,0,1,0,165
3160474,1,0,1,0,0,0,165
3160509,1,1,1,1,1,0,165
3161156,0,1,1,0,1,0,165
3162390,1,0,0,1,1,0,165
3162525,0,1,0,1,0,0,165
3163264,0,1,0,1,0,0,165
3164501,0,0,1,1,0,0,165
3165416,1,0,0,1,1,0,165
3166248,1,1,1,1,1,0,165
3166521,0,0,1,1,0,0,165
3167656,1,1,0,0,0,0,165
3169034,0,0,0,0,1,0,165
3171047,1,0,0,1,1,0,165
3171103,1,0,0,1,1,0,165
3172171,1,1,1,1,1,0,165
3172330,1,1,1,1,1,0,165
3173773,1,1,0,0,0,0,165
3174513,1,1,1,1,1,0,165
3174803,0,1,1,0,1,0,165
3175346,1,1,1,1,1,0,165
3177505,0,1,1,1,1,1,165
3178040,1,1,1,1,1,0,165
3178294,0,1,0,1,0,0,165
3178661,0,0,0,0,1,0,165
3179485,1,1,1,1,1,0,165
3179700,0,1,1,0,1,0,165
3179900,0,0,0,0,1,0,165
3180909,1,1,1,0,1,1,165
3182048,0,0,1,1,0,0,165
3182449,0,1,0,1,0,0,165
3182574,0,0,1,1,0,0,165
3183458,0,1,1,0,1,0,165
3183798,0,0,1,1,0,0,165
3184328,0,0,1,1,0,0,165
3184536,0,0,0,0,1,0,165
3185937,0,0,0,0,1,0,165
3186210,0,0,0,0,1,0,165
3186476,0,1,1,0,1,0,165
3186485,1,0,1,1,0,0,165
3186575,0,1,1,0,1,0,165
3189007,1,1,1,1,1,0,165
3189643,0,0,0,0,1,0,165
3190530,0,1,1,0,1,0,165
3192187,1,0,1,0,0,0,165
3193404,1,0,0,1,1,0,165
3193929,1,0,0,0,1,1,165
3194015,1,0,0,1,1,0,165
3195657,0,1,1,0,1,0,165
3195682,1,0,1,0,0,0,165
3195986,0,1,1,0,1,0,165
3196170,0,1,0,1,0,0,165
3197336,1,1,0,0,0,0,165
3197691,0,0,0,0,1,0,165
3198045,1,0,0,1,1,0,165
3198799,0,0,1,1,0,0,165
3202267,0,1,1,0,1,0,165
3202393,0,0,1,0,0,0,165
3203686,0,0,1,1,0,0,165
3204139,1,1,1,1,1,0,165
3204827,1,0,1,0,0,0,165
3206115,1,0,0,1,1,0,165
3206461,1,1,1,1,1,0,165
3206592,1,1,0,0,0,0,165
3207080,0,1,1,0,1,0,165
3207628,1,0,1,0,0,0,165
3208086,1,1,1,1,1,0,165
3208687,0,0,1,0,0,0,165
3208740,0,0,0,0,1,0,165
3209215,0,1,1,0,1,0,165
3209312,0,0,1,1,0,0,165
3209369,0,1,1,0,1,0,165
3210033,1,0,1,0,0,0,165
3211960,0,0,1,1,0,0,227
3212258,1,1,0,0,0,0,227
3213472,1,1,1,1,1,0,227
3213780,1,1,1,1,1,0,227
3214144,0,1,0,1,0,0,227
3214842,0,0,0,0,1,0,227
3215807,1,0,0,1,1,0,227
3216170,0,0,0,0,1,0,227
3217618,0,0,1,1,0,0,227
3217626,0,0,1,1,0,0,227
3219180,0,0,0,0,1,0,227
3219563,0,1,0,1,0,0,227
3220856,0,1,1,0,1,0,227
3220911,0,0,1,1,0,0,227
3221395,0,0,1,1,0,0,227
3221845,0,0,1,1,0,0,227
3222032,1,1,0,0,0,0,227
3222361,1,1,1,1,1,0,227
3224173,0,1,0,1,0,0,227
3225159,0,1,0,1,0,0,227
3226179,0,0,0,0,1,0,227
3226637,1,1,0,0,0,0,227
3226796,0,1,0,1,0,0,227
3227534,1,0,0,1,1,0,227
3227760,0,0,1,1,0,0,227
3229448,0,0,1,1,0,0,227
3229981,0,0,0,0,1,0,227
3230625,1,1,0,0,0,0,227
3230675,0,1,1,0,1,0,227
3231025,1,1,0,0,0,0,227
3232603,1,0,1,0,0,0,227
3232953,1,0,1,0,0,0,227
3233044,0,0,0,0,1,0,227
3233545,0,1,1,0,1,0,227
3233708,0,0,0,1,1,1,227
3233924,1,1,1,1,1,0,227
3235679,1,1,1,1,1,0,227
3237003,1,1,1,1,1,0,227
3238125,0,0,1,1,0,0,227
3239019,1,0,1,0,0,0,227
3239063,0,1,0,1,0,0,227
3239288,1,1,1,1,1,0,227
3239989,1,1,0,0,0,0,227
3240370,0,1,0,1,0,0,227
3240386,0,1,0,1,0,0,227
3240585,0,0,1,1,0,0,227
3241753,1,0,0,1,1,0,227
3242065,0,1,0,1,0,0,227
3242885,0,0,1,1,0,0,227
3243729,1,1,0,0,0,0,227
3244283,0,0,0,0,1,0,227
3245090,0,1,0,1,0,0,227
3245778,0,1,0,1,0,0,227
3246763,0,0,1,1,0,0,227
3247012,0,1,1,0,1,0,227
3247148,0,0,1,1,0,0,227
3247405,0,1,0,1,0,0,227
3247685,1,0,0,1,1,0,227
3248136,1,0,0,1,1,0,227
3248150,0,1,1,0,1,0,227
3248182,1,0,0,1,1,0,227
3248227,0,0,0,0,1,0,227
3248629,1,0,0,1,1,0,227
3248848,1,0,1,0,0,0,227
3249245,0,1,1,1,1,1,227
3249567,0,1,0,1,0,0,227
3249802,0,0,1,1,0,0,227
3249973,1,0,1,0,0,0,227
3251867,0,0,1,1,0,0,227
3254586,0,0,0,0,1,0,227
3255077,1,0,1,0,0,0,227
3255412,0,0,0,0,1,0,227
3255464,0,0,1,1,0,0,227
3255751,0,0,1,1,0,0,227
3256028,1,1,1,1,1,0,227
3256584,1,0,0,1,1,0,227
3257163,0,1,1,0,1,0,227
3257709,1,1,0,0,0,0,227
3260029,1,0,0,0,1,1,227
3260514,1,0,1,0,0,0,227
3260578,0,1,0,1,0,0,227
3260933,0,1,1,0,1,0,227
3261658,1,1,1,1,1,0,227
3262033,0,1,1,0,1,0,227
3263017,1,1,1,1,1,0,227
3264181,0,1,0,1,0,0,227
3264692,0,0,1,1,0,0,227
3265263,1,0,0,1,1,0,227
3265292,1,0,1,0,0,0,227
3265755,0,0,1,0,0,0,227
3265839,0,1,1,0,1,0,227
3266005,0,1,0,1,0,0,227
3266653,1,1,1,1,1,0,227
3267107,0,1,1,0,1,0,227
3267744,0,0,0,0,1,0,227
3267804,1,0,0,1,1,0,227
3267996,0,1,0,1,0,0,227
3268022,0,0,0,0,1,0,227
3268340,0,0,0,0,1,0,227
3269016,1,0,1,0,0,0,227
3269139,1,1,0,0,0,0,227
3269535,0,0,1,1,0,0,227
3270024,0,0,1,1,0,0,227
3271403,1,0,0,1,1,0,227
3271560,1,1,0,0,0,0,227
3272085,1,0,1,0,0,0,227
3272972,0,1,1,0,1,0,227
3273166,1,1,0,0,0,0,227
3273728,0,0,1,1,0,0,227
3273966,0,0,0,0,1,0,227
3274627,0,0,1,1,0,0,227
3275071,0,1,1,0,1,0,227
3275309,1,0,0,1,1,0,227
3277461,0,1,0,1,0,0,148
3279476,1,0,0,1,1,0,148
3281175,1,1,0,0,0,0,148
3281281,0,1,0,1,0,0,148
3281349,0,1,0,1,0,0,148
3282906,0,1,0,1,0,0,148
3282951,0,0,0,0,1,0,148
3283352,1,0,1,0,0,0,148
3283412,0,0,1,1,0,0,148
3285066,1,1,1,1,1,0,148
3285209,1,0,1,0,0,0,148
3285236,1,0,1,0,0,0,148
3285254,1,1,1,1,1,0,148
3285307,1,1,0,0,0,0,148
3286088,0,1,0,1,0,0,148
3286285,1,0,0,1,1,0,148
3287711,1,0,1,0,0,0,148
3288997,1,1,1,1,1,0,148
3289121,1,1,1,1,1,0,148
3290342,0,0,0,0,1,0,148
3290396,0,0,0,0,1,0,148
3291082,1,0,0,1,1,0,148
3291109,1,1,0,1,0,0,148
3292979,0,1,0,1,0,0,148
3293861,1,0,1,1,0,0,148
3294245,1,1,1,1,1,0,148
3295520,1,0,0,1,1,0,148
3296495,1,1,0,0,0,0,148
3296630,1,0,0,0,1,1,148
3297002,0,1,1,0,1,0,148
3299218,0,1,0,1,0,0,148
3300467,1,0,1,0,0,0,148
3300641,0,1,1,0,1,0,148
3300650,1,1,0,0,0,0,148
3301385,1,1,0,0,0,0,148
3304023,0,0,1,1,0,0,148
3304111,1,0,0,1,1,0,148
3304443,0,0,1,1,0,0,148
3305979,1,1,0,0,0,0,148
3306680,1,1,1,1,1,0,148
3307800,0,1,0,1,0,0,148
3308069,0,0,1,1,0,0,148
3308559,0,1,1,0,1,0,148
3309379,0,0,0,0,1,0,148
3310573,0,0,1,1,0,0,148
3311870,0,1,0,1,0,0,148
3312089,1,0,0,1,1,0,148
3312839,1,0,1,0,0,0,148
3313102,0,0,0,0,1,0,148
3314200,0,0,0,0,1,0,148
3314387,0,1,0,1,0,0,148
3314660,0,0,1,1,0,0,148
3315142,1,0,1,0,0,0,148
3315289,0,1,0,1,0,0,148
3316504,1,0,1,0,0,0,148
3317371,0,0,0,0,1,0,148
3317524,0,0,0,0,1,0,148
3317746,0,0,1,1,0,0,148
3318988,1,0,1,1,0,0,148
3318997,1,0,0,1,1,0,148
3319672,0,0,1,1,0,0,148
3319930,0,0,0,0,1,0,148
3321020,1,0,0,1,1,0,148
3322115,1,0,1,0,0,0,148
3322288,0,0,0,0,1,0,148
3322720,0,0,0,1,1,1,148
3322965,0,0,1,1,0,0,148
3323007,1,0,1,0,0,0,148
3323634,0,1,0,1,0,0,148
3324100,0,1,0,1,0,0,148
3324599,0,1,1,0,1,0,148
3325153,0,0,0,0,1,0,148
3326322,1,1,0,0,0,0,148
3328176,0,0,1,1,0,0,148
3330767,0,0,1,1,0,0,148
3330954,1,1,1,1,1,0,148
3332352,0,1,0,1,0,0,148
3332934,1,0,0,1,1,0,148
3333926,1,1,0,0,0,0,148
3333952,0,1,0,1,0,0,148
3337116,1,1,0,0,0,0,148
3338089,1,0,0,1,1,0,148
3339730,0,1,1,0,1,0,148
3340053,0,1,0,1,0,0,148
3341798,0,1,0,1,0,0,148
3345305,0,1,1,1,1,1,158
3349620,0,0,0,0,1,0,158
3349829,0,1,0,1,0,0,158
3349831,1,0,0,0,1,1,158
3350371,1,1,0,0,0,0,158
3351035,1,0,0,0,1,1,158
3351551,0,0,1,1,0,0,158
3351555,1,0,0,1,1,0,158
3352113,1,1,1,1,1,0,158
3356165,1,1,1,1,1,0,158
3357176,0,0,1,1,0,0,158
3357650,1,0,0,1,1,0,158
3358175,1,1,1,1,1,0,158
3359065,0,1,1,0,1,0,158
3359208,1,0,0,0,1,1,158
3359407,1,1,0,0,0,0,158
3360729,0,0,0,0,1,0,158
3361256,1,0,1,0,0,0,158
3361366,1,0,1,0,0,0,158
3362627,1,0,1,0,0,0,158
3364717,0,1,1,0,1,0,158
3366285,0,1,1,0,1,0,158
3366352,0,1,0,1,0,0,158
3367191,1,0,0,1,1,0,158
3368961,0,1,0,1,0,0,158
3370617,1,1,0,0,0,0,158
3371540,1,1,0,0,0,0,158
3371703,1,1,0,0,0,0,158
3374065,0,1,0,1,0,0,158
3376152,0,1,0,0,0,0,158
3376290,0,0,1,1,0,0,158
3376952,1,0,1,0,0,0,158
3377032,1,1,1,1,1,0,158
3377863,0,1,1,0,1,0,158
3379883,1,0,0,1,1,0,158
3380707,1,0,1,0,0,0,158
3380709,0,1,1,0,1,0,158
3382683,1,0,1,0,0,0,158
3382909,0,0,1,1,0,0,158
3384474,1,1,0,0,0,0,158
3384518,1,0,0,1,1,0,158
3386314,0,1,0,1,0,0,158
3386465,1,0,1,0,0,0,158
3387603,0,1,0,1,0,0,158
3388199,0,0,0,1,1,1,158
3388245,0,1,0,1,0,0,158
3388638,1,0,0,1,1,0,158
3389819,1,0,0,1,1,0,158
3390416,0,0,1,1,0,0,158
3392408,1,0,1,0,0,0,158
3393207,0,1,0,1,0,0,158
3394625,1,0,1,0,0,0,158
3394691,0,0,1,1,0,0,158
3396673,0,1,0,0,0,0,158
3397067,1,0,1,0,0,0,158
3398563,1,1,0,0,0,0,158
3399229,1,0,0,1,1,0,158
3399820,1,1,1,1,1,0,158
3401851,1,1,0,0,0,0,158
3403423,1,0,0,1,1,0,158
3404611,1,0,0,1,1,0,158
3404958,1,1,1,0,1,1,158
3406043,0,0,0,0,1,0,158
3407104,1,1,0,1,0,0,158
3410324,0,1,1,0,1,0,91
3410855,1,1,0,0,0,0,91
3411289,0,1,1,0,1,0,91
3411598,0,0,0,0,1,0,91
3411991,0,0,0,0,1,0,91
3413642,1,1,0,0,0,0,91
3413999,1,0,0,0,1,1,91
3415489,0,1,1,0,1,0,91
3415697,0,1,0,1,0,0,91
3415938,1,1,1,1,1,0,91
3416475,1,1,0,0,0,0,91
3417693,0,1,1,0,1,0,91
3418538,1,0,0,1,1,0,91
3421115,1,0,0,1,1,0,91
3422975,0,0,1,1,0,0,91
3423236,1,1,1,1,1,0,91
3423264,0,0,1,1,0,0,91
3427113,0,1,1,0,1,0,91
3427134,0,0,0,0,1,0,91
3427449,1,1,1,1,1,0,91
3427619,0,1,0,1,0,0,91
3433078,1,1,0,0,0,0,91
3435330,1,1,1,1,1,0,91
3436078,1,1,0,1,0,0,91
3437839,1,0,0,1,1,0,91
3438640,1,0,0,1,1,0,91
3438735,1,0,0,1,1,0,91
3439699,1,0,0,1,1,0,91
3440198,0,0,0,0,1,0,91
3441049,1,1,0,0,0,0,91
3442037,0,0,0,0,1,0,91
3443126,1,1,1,1,1,0,91
3443760,1,1,0,1,0,0,91
3443779,1,1,1,1,1,0,91
3445902,1,1,1,1,1,0,91
3446346,1,1,0,0,0,0,91
3446722,0,0,1,1,0,0,91
3447937,1,0,0,1,1,0,91
3448491,0,0,0,0,1,0,91
3451026,1,1,0,0,0,0,91
3451101,0,0,0,0,1,0,91
3451304,0,0,1,1,0,0,91
3455381,1,1,0,0,0,0,91
3456835,0,1,1,0,1,0,91
3457153,0,0,0,0,1,0,91
3458637,1,1,1,1,1,0,91
3460393,0,1,0,1,0,0,91
3461184,1,1,0,0,0,0,91
3462061,0,0,0,0,1,0,91
3465690,0,0,0,0,1,0,91
3467935,1,1,1,1,1,0,91
3468878,0,0,1,1,0,0,91
3472011,0,0,0,0,1,0,91
3473074,0,1,0,1,0,0,91
3475057,0,0,1,1,0,0,197
3475831,0,1,0,1,0,0,197
3476133,0,0,0,0,1,0,197
3476546,0,1,0,1,0,0,197
3476681,1,1,1,1,1,0,197
3476705,1,0,0,1,1,0,197
3478266,0,0,1,1,0,0,197
3478475,1,1,0,0,0,0,197
3479109,1,1,1,1,1,0,197
3479762,1,1,1,1,1,0,197
3480009,0,1,0,1,0,0,197
3480407,1,0,0,1,1,0,197
3480616,1,1,0,0,0,0,197
3480719,0,1,1,0,1,0,197
3481140,1,1,1,1,1,0,197
3482206,0,0,1,0,0,0,197
3482312,1,0,0,1,1,0,197
3482687,1,1,1,1,1,0,197
3482958,1,1,1,1,1,0,197
3484972,1,1,1,1,1,0,197
3486012,1,1,0,0,0,0,197
3486355,1,1,1,1,1,0,197
3486925,1,0,0,1,1,0,197
3487068,0,1,1,0,1,0,197
3489121,1,0,1,0,0,0,197
3489757,1,1,1,1,1,0,197
3491530,0,1,0,1,0,0,197
3491755,1,0,0,1,1,0,197
3492141,0,0,1,1,0,0,197
3492539,0,0,0,0,1,0,197
3492988,1,0,1,0,0,0,197
3493527,0,1,1,0,1,0,197
3493623,0,0,1,1,0,0,197
3494399,1,1,0,0,0,0,197
3494641,1,1,1,0,1,1,197
3496798,1,0,0,1,1,0,197
3497539,1,1,0,0,0,0,197
3497796,1,1,0,0,0,0,197
3498669,0,0,1,1,0,0,197
3501081,1,1,0,0,0,0,197
3501641,1,1,0,0,0,0,197
3502101,0,0,1,1,0,0,197
3502494,1,1,0,0,0,0,197
3504012,0,1,0,1,0,0,197
3505002,1,0,1,0,0,0,197
3505320,0,0,1,1,0,0,197
3505867,0,0,1,1,0,0,197
3506278,1,1,1,1,1,0,197
3506438,0,0,0,0,1,0,197
3506614,1,0,0,1,1,0,197
3507231,1,1,0,0,0,0,197
3509097,1,0,0,1,1,0,197
3509274,1,1,0,0,0,0,197
3509359,0,1,0,1,0,0,197
3509459,1,0,0,1,1,0,197
3510386,1,0,0,1,1,0,197
3510517,0,1,1,0,1,0,197
3511638,0,1,1,0,1,0,197
3511882,1,1,0,0,0,0,197
3512032,0,0,0,0,1,0,197
3513399,1,0,1,0,0,0,197
3513842,1,1,1,1,1,0,197
3514576,0,1,0,1,0,0,197
3515354,0,0,1,1,0,0,197
3515456,1,1,0,0,0,0,197
3516947,1,0,0,1,1,0,197
3517523,1,0,1,0,0,0,197
3517653,1,1,1,1,1,0,197
3519093,0,1,1,0,1,0,197
3520798,1,1,0,0,0,0,197
3521316,1,0,0,0,1,1,197
3521858,1,1,1,1,1,0,197
3522187,1,1,1,1,1,0,197
3522446,1,0,0,1,1,0,197
3526657,1,1,1,1,1,0,197
3526672,1,0,0,1,1,0,197
3526736,1,0,0,1,1,0,197
3527399,1,1,0,0,0,0,197
3527497,0,0,1,1,0,0,197
3527802,0,0,0,0,1,0,197
3528628,0,1,1,0,1,0,197
3529241,0,0,0,0,1,0,197
3532391,0,1,0,1,0,0,197
3532653,0,1,1,0,1,0,197
3533368,0,1,1,0,1,0,197
3533621,0,1,0,1,0,0,197
3533816,0,1,0,1,0,0,197
3534766,0,0,0,0,1,0,197
3535427,1,0,0,1,1,0,197
3535430,1,0,1,0,0,0,197
3535854,1,1,1,1,1,0,197
3535885,0,1,0,1,0,0,197
3536585,1,1,0,0,0,0,197
3537008,1,0,1,0,0,0,197
3537938,1,1,1,1,1,0,197
3537945,0,0,1,1,0,0,197
3538633,1,0,0,1,1,0,197
3539081,0,1,0,1,0,0,108
3539539,0,0,1,1,0,0,108
3542491,0,1,1,0,1,0,108
3543219,0,1,1,0,1,0,108
3543335,1,0,0,1,1,0,108
3543918,1,1,1,1,1,0,108
3544724,1,1,0,0,0,0,108
3547083,1,1,1,1,1,0,108
3549873,1,1,0,0,0,0,108
3552556,0,0,1,1,0,0,108
3553271,1,0,1,0,0,0,108
3556799,0,0,1,1,0,0,108
3561251,0,1,1,0,1,0,108
3561362,1,0,1,0,0,0,108
3562498,1,0,1,0,0,0,108
3562908,1,0,0,1,1,0,108
3563532,1,0,0,1,1,0,108
3563982,1,1,1,1,1,0,108
3564298,0,1,1,1,1,1,108
3565155,1,0,1,0,0,0,108
3565935,1,0,1,0,0,0,108
3566483,0,0,0,0,1,0,108
3566991,0,1,1,0,1,0,108
3569809,1,0,1,0,0,0,108
3569892,1,0,0,1,1,0,108
3569927,0,0,0,0,1,0,108
3570344,1,0,0,1,1,0,108
3577964,0,0,0,0,1,0,108
3578017,0,1,0,1,0,0,108
3581940,1,0,0,1,1,0,108
3582274,1,1,0,0,0,0,108
3584568,0,1,0,1,0,0,108
3586019,1,0,0,1,1,0,108
3586116,0,1,1,0,1,0,108
3586143,0,1,0,1,0,0,108
3586684,1,0,1,0,0,0,108
3587869,1,1,0,0,0,0,108
3588686,0,1,0,1,0,0,108
3589371,0,0,1,1,0,0,108
3590904,1,0,1,0,0,0,108
3591615,0,1,0,1,0,0,108
3592474,1,1,1,1,1,0,108
3592649,1,0,0,1,1,0,108
3593710,0,1,1,0,1,0,108
3594705,1,0,1,0,0,0,108
3595318,0,1,0,1,0,0,108
3595358,0,0,1,1,0,0,108
3595695,0,1,1,0,1,0,108
3599533,1,0,1,0,0,0,108
3605282,0,0,1,1,0,0,103
3606832,0,0,1,1,0,0,103
3607097,0,1,0,0,0,0,103
3607322,1,0,0,1,1,0,103
3609180,1,1,1,1,1,0,103
3609639,1,0,0,1,1,0,103
3611118,0,1,1,0,1,0,103
3612455,1,0,1,0,0,0,103
3615086,1,1,1,1,1,0,103
3615153,1,1,0,0,0,0,103
3615392,0,1,0,1,0,0,103
3615491,1,1,1,1,1,0,103
3616638,0,1,0,0,0,0,103
3618263,0,0,1,1,0,0,103
3618968,0,1,0,0,0,0,103
3619086,0,1,1,0,1,0,103
3619238,0,0,0,0,1,0,103
3620040,0,0,0,0,1,0,103
3620068,1,0,1,0,0,0,103
3620229,1,0,0,1,1,0,103
3621006,1,1,1,1,1,0,103
3621213,0,1,1,1,1,1,103
3626185,1,0,1,0,0,0,103
3626660,1,1,0,0,0,0,103
3626716,1,1,1,1,1,0,103
3627205,0,0,1,1,0,0,103
3629069,1,1,1,1,1,0,103
3631534,0,0,0,0,1,0,103
3631622,0,0,1,1,0,0,103
3632148,1,1,1,1,1,0,103
3632480,1,1,0,0,0,0,103
3632927,1,1,1,1,1,0,103
3633366,1,0,1,0,0,0,103
3633587,1,1,1,1,1,0,103
3635265,1,1,1,1,1,0,103
3638975,0,0,0,0,1,0,103
3644637,0,0,0,1,1,1,103
3645952,0,1,0,1,0,0,103
3645980,1,0,1,0,0,0,103
3646586,1,0,0,1,1,0,103
3646645,1,0,0,1,1,0,103
3647673,0,1,0,1,0,0,103
3648229,1,1,1,1,1,0,103
3648431,1,1,1,1,1,0,103
3648459,1,0,0,1,1,0,103
3650821,0,1,0,1,0,0,103
3653347,1,0,1,0,0,0,103
3653909,0,0,1,1,0,0,103
3654029,0,1,1,0,1,0,103
3655413,0,1,1,0,1,0,103
3658881,1,1,1,1,1,0,103
3661985,1,0,1,0,0,0,103
3664012,1,0,1,0,0,0,103
3666492,0,0,0,0,1,0,103
3666887,1,0,1,0,0,0,103
3666991,0,1,0,1,0,0,103
3670507,1,0,0,1,1,0,79
3672058,0,1,1,0,1,0,79
3677667,0,1,1,0,1,0,79
3678884,0,1,0,1,0,0,79
3684289,0,1,0,1,0,0,79
3685760,1,0,0,1,1,0,79
3686059,1,0,1,0,0,0,79
3686131,1,1,1,1,1,0,79
3687038,1,1,0,0,0,0,79
3688706,0,0,1,1,0,0,79
3689870,1,0,1,1,0,0,79
3691484,1,1,1,1,1,0,79
3693431,0,1,1,0,1,0,79
3694942,0,1,1,0,1,0,79
3695669,0,0,1,1,0,0,79
3696275,0,0,0,0,1,0,79
3698040,1,1,0,1,0,0,79
3699859,0,0,1,1,0,0,79
3705758,0,1,0,1,0,0,79
3707398,0,0,1,1,0,0,79
3713009,0,1,0,1,0,0,79
3713768,0,0,1,0,0,0,79
3718080,0,1,1,0,1,0,79
3719002,1,1,1,1,1,0,79
3721350,1,1,1,1,1,0,79
3721897,0,0,0,0,1,0,79
3726175,1,0,0,1,1,0,79
3730529,1,1,1,1,1,0,79
3730879,1,0,0,1,1,0,79
3732415,0,1,0,1,0,0,79
3732687,1,0,1,0,0,0,79
3733236,0,0,0,0,1,0,79
3736566,1,1,0,0,0,0,101
3737136,0,0,0,0,1,0,101
3737896,1,1,1,1,1,0,101
3741006,1,1,0,0,0,0,101
3741748,1,0,1,0,0,0,101
3747323,1,1,1,1,1,0,101
3747725,0,1,1,0,1,0,101
3749599,1,1,1,1,1,0,101
3750828,1,1,0,0,0,0,101
3750890,0,1,1,0,1,0,101
3751733,0,1,1,0,1,0,101
3755370,1,1,1,1,1,0,101
3756223,0,1,1,0,1,0,101
3756552,1,0,0,0,1,1,101
3757088,1,1,1,1,1,0,101
3758569,0,1,0,1,0,0,101
3761609,0,0,1,1,0,0,101
3762486,1,0,0,1,1,0,101
3763139,0,0,0,0,1,0,101
3764326,0,1,0,1,0,0,101
3766058,0,1,0,1,0,0,101
3766195,1,1,0,0,0,0,101
3767765,0,0,1,1,0,0,101
3771115,1,0,0,1,1,0,101
3771596,0,0,1,1,0,0,101
3772478,1,0,0,1,1,0,101
3776810,1,0,0,1,1,0,101
3777004,0,1,1,0,1,0,101
3780033,0,0,1,1,0,0,101
3784172,1,1,1,1,1,0,101
3784296,0,1,0,1,0,0,101
3786798,1,0,0,0,1,1,101
3788683,0,1,0,1,0,0,101
3789119,1,1,1,1,1,0,101
3790126,1,1,0,0,0,0,101
3790698,1,1,0,0,0,0,101
3791386,1,1,1,1,1,0,101
3791840,1,0,1,0,0,0,101
3792984,0,0,0,0,1,0,101
3794610,0,1,0,1,0,0,101
3794976,0,0,0,0,1,0,101
3797107,1,1,0,0,0,0,101
3797895,0,0,1,1,0,0,101
3799254,0,0,1,1,0,0,101
3799367,1,1,0,0,0,0,101
3801560,1,0,0,1,1,0,149
3802157,0,0,1,1,0,0,149
3802761,1,1,1,1,1,0,149
3803037,1,0,0,1,1,0,149
3803380,0,1,0,1,0,0,149
3807116,1,0,0,1,1,0,149
3807123,1,1,0,0,0,0,149
3807282,0,1,0,1,0,0,149
3807697,1,0,0,1,1,0,149
3811026,1,1,1,1,1,0,149
3811271,1,0,1,0,0,0,149
3811311,0,0,1,1,0,0,149
3815283,0,0,0,0,1,0,149
3815756,0,0,0,0,1,0,149
3816343,0,1,1,0,1,0,149
3816595,1,0,1,0,0,0,149
3817891,1,1,1,1,1,0,149
3818155,0,1,0,1,0,0,149
3819726,0,0,0,0,1,0,149
3820031,1,1,1,1,1,0,149
3820201,0,1,0,1,0,0,149
3821217,0,0,0,0,1,0,149
3822492,1,1,1,1,1,0,149
3824197,1,1,1,1,1,0,149
3824336,0,1,1,0,1,0,149
3825268,0,0,1,1,0,0,149
3831177,0,1,0,1,0,0,149
3832056,0,1,1,0,1,0,149
3833752,0,1,1,0,1,0,149
3835450,1,1,1,1,1,0,149
3836855,0,0,0,0,1,0,149
3836880,1,0,1,0,0,0,149
3837099,0,1,0,1,0,0,149
3837201,1,1,0,0,0,0,149
3837308,0,1,1,0,1,0,149
3840073,1,1,0,0,0,0,149
3840848,0,1,0,1,0,0,149
3841782,0,0,0,0,1,0,149
3841883,0,1,0,1,0,0,149
3841983,0,1,0,1,0,0,149
3844014,0,0,1,1,0,0,149
3845996,0,0,1,1,0,0,149
3847267,1,1,1,1,1,0,149
3847326,0,0,0,0,1,0,149
3848054,0,1,1,1,1,1,149
3848405,1,0,0,1,1,0,149
3848809,0,0,0,0,1,0,149
3848961,1,1,1,1,1,0,149
3849065,1,1,1,1,1,0,149
3850716,1,1,1,1,1,0,149
3850718,0,0,1,1,0,0,149
3851304,0,0,0,0,1,0,149
3851312,1,1,0,0,0,0,149
3854644,0,0,1,1,0,0,149
3855741,1,1,1,1,1,0,149
3855826,1,1,0,0,0,0,149
3856190,0,1,0,1,0,0,149
3856560,1,1,1,1,1,0,149
3856683,0,0,1,1,0,0,149
3857021,0,0,0,0,1,0,149
3857707,0,1,1,0,1,0,149
3858500,0,0,1,1,0,0,149
3858645,0,1,1,0,1,0,149
3859322,1,1,0,0,0,0,149
3859457,0,0,1,1,0,0,149
3860454,0,0,0,0,1,0,149
3860770,1,1,1,0,1,1,149
3864406,1,1,0,0,0,0,149
3864840,0,0,0,0,1,0,149
3865015,1,0,0,1,1,0,149
3866106,1,1,0,0,0,0,149
3869463,1,1,1,1,1,0,133
3869967,0,1,0,1,0,0,133
3870735,1,1,0,0,0,0,133
3871128,0,1,0,1,0,0,133
3872439,0,0,0,0,1,0,133
3872796,1,1,1,1,1,0,133
3874240,0,0,0,0,1,0,133
3875535,1,1,0,0,0,0,133
3875940,1,1,0,1,0,0,133
3876845,1,0,0,1,1,0,133
3878927,0,1,0,1,0,0,133
3879145,1,1,0,0,0,0,133
3881073,0,0,0,0,1,0,133
3881358,1,1,0,0,0,0,133
3884061,1,1,1,1,1,0,133
3884468,0,0,1,1,0,0,133
3885474,1,0,0,1,1,0,133
3885538,1,1,1,1,1,0,133
3885897,0,1,0,1,0,0,133
3887140,0,1,0,1,0,0,133
3888183,1,0,1,1,0,0,133
3889898,1,0,1,0,0,0,133
3892051,1,0,0,1,1,0,133
3892221,0,1,0,1,0,0,133
3897691,0,1,0,1,0,0,133
3897958,1,1,1,1,1,0,133
3899320,1,0,1,0,0,0,133
3899788,0,0,0,0,1,0,133
3900230,0,0,1,1,0,0,133
3900664,0,1,0,1,0,0,133
3901582,0,1,0,1,0,0,133
3902711,0,0,0,0,1,0,133
3904205,0,0,1,1,0,0,133
3904555,0,1,1,0,1,0,133
3905008,0,1,0,1,0,0,133
3905125,1,0,1,0,0,0,133
3906145,0,1,0,1,0,0,133
3909488,0,0,0,0,1,0,133
3909913,0,1,1,0,1,0,133
3910036,0,1,1,0,1,0,133
3911313,1,0,0,1,1,0,133
3912323,1,0,0,1,1,0,133
3912917,0,1,0,1,0,0,133
3913084,1,1,1,1,1,0,133
3913239,1,0,0,1,1,0,133
3913864,1,1,0,0,0,0,133
3916717,0,1,0,1,0,0,133
3919391,1,1,1,1,1,0,133
3919744,0,1,0,1,0,0,133
3920868,0,0,0,0,1,0,133
3921561,0,0,0,0,1,0,133
3922384,1,1,0,0,0,0,133
3923297,0,1,0,1,0,0,133
3923548,0,1,1,0,1,0,133
3925896,0,1,0,1,0,0,133
3926983,1,0,0,1,1,0,133
3927545,0,1,1,0,1,0,133
3928390,0,1,0,1,0,0,133
3928707,0,1,1,0,1,0,133
3929558,1,0,1,0,0,0,133
3930362,1,1,1,1,1,0,133
3931150,0,1,1,0,1,0,133
3931251,1,0,0,1,1,0,133
3931691,0,0,1,1,0,0,133
3932615,1,0,1,0,0,0,116
3934156,0,1,0,1,0,0,116
3937659,1,1,1,1,1,0,116
3941061,0,1,1,0,1,0,116
3942954,1,1,0,0,0,0,116
3946118,1,1,0,0,0,0,116
3946211,1,1,1,1,1,0,116
3946565,0,0,0,0,1,0,116
3946882,1,1,0,0,0,0,116
3948077,1,1,1,1,1,0,116
3950813,0,1,0,1,0,0,116
3951301,0,1,0,1,0,0,116
3952004,1,1,0,0,0,0,116
3952605,1,0,1,0,0,0,116
3952741,1,1,1,1,1,0,116
3953267,1,1,0,1,0,0,116
3953383,0,0,0,0,1,0,116
3954067,1,1,0,0,0,0,116
3954241,0,0,0,0,1,0,116
3954796,1,0,0,1,1,0,116
3957261,1,0,0,1,1,0,116
3959932,0,0,0,0,1,0,116
3961206,0,0,0,0,1,0,116
3962808,1,0,1,0,0,0,116
3965592,1,0,1,0,0,0,116
3967710,1,0,0,1,1,0,116
3968359,1,0,0,1,1,0,116
3968743,1,0,0,1,1,0,116
3970802,1,0,1,0,0,0,116
3970986,1,1,0,0,0,0,116
3980006,1,0,0,1,1,0,116
3980083,0,0,0,0,1,0,116
3980167,1,1,0,1,0,0,116
3982773,1,1,0,0,0,0,116
3985195,1,0,1,0,0,0,116
3988155,0,0,1,1,0,0,116
3989050,1,1,0,0,0,0,116
3989238,0,0,0,0,1,0,116
3990330,1,0,0,1,1,0,116
3990532,0,0,1,0,0,0,116
3991078,1,0,0,1,1,0,116
3993422,0,0,1,1,0,0,116
3993979,1,1,0,0,0,0,116
3993998,0,0,1,1,0,0,116
3995679,0,1,1,0,1,0,116
3996984,0,0,0,0,1,0,116
3997050,0,1,0,1,0,0,116
3997845,0,1,1,0,1,0,145
3998903,1,1,1,1,1,0,145
3999367,0,1,0,1,0,0,145
4000243,0,0,0,0,1,0,145
4000933,1,1,1,1,1,0,145
4003034,0,0,1,1,0,0,145
4003948,0,1,1,0,1,0,145
4004595,1,0,0,1,1,0,145
4007086,1,1,1,1,1,0,145
4008244,0,0,1,1,0,0,145
4009093,1,1,1,1,1,0,145
4009809,1,1,0,0,0,0,145
4010369,1,0,1,1,0,0,145
4011440,1,1,0,0,0,0,145
4012274,0,0,0,0,1,0,145
4014603,0,0,1,1,0,0,145
4015126,1,1,1,1,1,0,145
4015482,1,0,0,1,1,0,145
4017991,0,0,0,0,1,0,145
4019464,0,0,0,0,1,0,145
4020513,1,1,1,1,1,0,145
4020613,1,0,0,0,1,1,145
4021544,0,1,0,1,0,0,145
4022154,1,0,1,0,0,0,145
4022785,0,1,0,1,0,0,145
4023702,1,0,0,1,1,0,145
4024004,1,0,1,0,0,0,145
4024080,0,1,1,0,1,0,145
4025498,1,1,1,1,1,0,145
4025802,1,1,0,0,0,0,145
4026624,1,0,1,1,0,0,145
4027461,0,1,0,1,0,0,145
4027569,1,1,1,1,1,0,145
4027644,0,1,1,0,1,0,145
4028818,1,0,1,0,0,0,145
4029053,0,1,1,0,1,0,145
4030914,1,0,0,1,1,0,145
4031543,0,0,0,0,1,0,145
4031788,0,1,0,1,0,0,145
4032172,0,1,1,0,1,0,145
4034183,1,0,1,0,0,0,145
4034683,1,1,1,1,1,0,145
4037776,0,0,0,0,1,0,145
4038117,1,1,1,1,1,0,145
4038200,1,1,1,1,1,0,145
4038417,0,0,0,0,1,0,145
4039550,1,0,1,0,0,0,145
4041109,0,1,1,0,1,0,145
4044190,0,1,0,1,0,0,145
4047383,1,1,1,1,1,0,145
4047554,1,1,1,1,1,0,145
4047642,0,1,0,1,0,0,145
4048098,0,0,0,0,1,0,145
4048149,0,0,0,0,1,0,145
4051081,1,1,1,1,1,0,145
4051444,1,1,1,1,1,0,145
4054316,0,1,1,0,1,0,145
4056232,0,0,1,1,0,0,145
4056350,1,1,1,1,1,0,145
4056493,0,0,1,1,0,0,145
4058780,1,0,0,1,1,0,145
4059702,1,1,1,1,1,0,145
4060739,1,1,1,1,1,0,145
4061143,0,0,1,1,0,0,145
4061446,1,0,0,1,1,0,145
4061472,0,1,0,1,0,0,145
4062628,1,1,0,0,0,0,145
4063406,1,1,0,0,0,0,125
4063528,1,0,1,0,0,0,125
4064311,0,1,1,0,1,0,125
4064813,0,0,1,1,0,0,125
4065434,0,1,1,0,1,0,125
4065708,1,1,0,0,0,0,125
4066669,0,1,0,1,0,0,125
4067392,1,0,0,1,1,0,125
4067887,1,0,0,1,1,0,125
4068043,1,0,0,1,1,0,125
4069631,1,1,1,1,1,0,125
4069885,1,0,1,0,0,0,125
4070738,1,1,1,1,1,0,125
4074038,1,0,0,1,1,0,125
4074501,0,1,0,0,0,0,125
4074938,1,1,0,0,0,0,125
4075277,1,1,0,0,0,0,125
4077271,1,1,1,1,1,0,125
4077403,1,0,0,1,1,0,125
4078356,1,1,0,0,0,0,125
4079040,1,0,0,1,1,0,125
4079167,0,1,1,0,1,0,125
4080704,0,1,0,1,0,0,125
4081621,1,0,0,1,1,0,125
4081935,1,1,0,0,0,0,125
4082614,0,0,1,1,0,0,125
4086450,1,1,0,0,0,0,125
4087070,1,0,0,1,1,0,125
4088675,0,0,0,0,1,0,125
4089090,0,0,0,0,1,0,125
4089821,0,0,1,1,0,0,125
4090259,1,1,0,0,0,0,125
4091682,0,1,0,1,0,0,125
4092708,1,1,1,1,1,0,125
4094335,1,0,1,0,0,0,125
4094338,1,0,0,1,1,0,125
4096020,0,1,0,1,0,0,125
4096556,0,1,0,1,0,0,125
4096861,1,1,0,0,0,0,125
4096972,0,1,0,0,0,0,125
4099445,1,0,1,0,0,0,125
4100828,1,0,1,0,0,0,125
4100837,1,1,0,0,0,0,125
4102334,0,1,0,1,0,0,125
4104251,1,1,0,0,0,0,125
4106065,0,0,1,1,0,0,125
4106592,1,0,0,1,1,0,125
4109844,0,1,1,0,1,0,125
4110523,0,0,0,0,1,0,125
4114458,1,1,0,0,0,0,125
4114883,1,1,1,0,1,1,125
4115487,0,0,1,1,0,0,125
4115762,0,1,1,0,1,0,125
4117237,1,1,1,1,1,0,125
4117937,1,0,0,1,1,0,125
4118914,0,0,0,0,1,0,125
4119025,1,0,0,1,1,0,125
4120830,0,1,1,0,1,0,125
4121549,0,1,1,0,1,0,125
4121826,1,1,0,0,0,0,125
4124095,0,0,1,1,0,0,125
4126607,1,1,1,1,1,0,125
4126772,0,1,1,0,1,0,125
4128927,0,1,1,0,1,0,76
4129010,1,1,0,0,0,0,76
4129199,1,1,0,0,0,0,76
4130773,1,0,1,0,0,0,76
4130815,0,0,1,1,0,0,76
4131210,0,1,0,1,0,0,76
4131271,1,0,1,0,0,0,76
4133735,1,0,0,1,1,0,76
4135552,0,0,1,1,0,0,76
4135571,1,1,1,1,1,0,76
4135740,0,1,1,0,1,0,76
4136069,1,1,1,1,1,0,76
4137256,1,1,1,0,1,1,76
4139280,1,1,0,0,0,0,76
4143872,0,1,1,0,1,0,76
4147198,1,0,0,1,1,0,76
4147507,1,0,1,0,0,0,76
4148057,1,1,1,1,1,0,76
4148222,0,0,1,1,0,0,76
4148552,0,1,1,0,1,0,76
4150309,1,0,1,0,0,0,76
4157292,1,1,1,1,1,0,76
4157387,1,1,1,0,1,1,76
4157417,1,0,1,0,0,0,76
4157563,1,0,1,0,0,0,76
4159434,0,1,0,1,0,0,76
4160349,0,1,0,1,0,0,76
4162247,1,0,1,0,0,0,76
4162795,1,0,0,1,1,0,76
4163544,1,1,0,0,0,0,76
4165432,1,1,1,1,1,0,76
4168548,1,1,0,0,0,0,76
4169151,1,0,0,1,1,0,76
4174040,0,0,0,0,1,0,76
4175238,0,0,0,0,1,0,76
4175338,1,1,0,0,0,0,76
4175458,1,0,0,1,1,0,76
4177171,1,1,1,1,1,0,76
4177833,1,1,1,1,1,0,76
4178066,0,1,0,1,0,0,76
4179973,1,1,0,0,0,0,76
4183061,0,0,0,0,1,0,76
4183442,0,0,1,1,0,0,76
4183892,1,0,1,0,0,0,76
4184627,0,1,1,0,1,0,76
4185669,0,1,0,1,0,0,76
4186153,0,0,0,0,1,0,76
4188203,0,0,0,0,1,0,76
4189084,1,1,0,0,0,0,76
4190875,1,1,0,0,0,0,76
4193790,0,1,0,0,0,0,76
4195672,1,0,0,1,1,0,116
4196493,0,1,0,1,0,0,116
4197128,1,1,0,0,0,0,116
4197441,0,0,1,1,0,0,116
4198251,1,0,0,1,1,0,116
4204042,0,0,0,0,1,0,116
4205119,1,1,1,1,1,0,116
4205236,1,0,0,1,1,0,116
4205546,0,1,0,1,0,0,116
4206197,1,0,0,1,1,0,116
4206521,0,1,1,1,1,1,116
4208008,0,1,0,1,0,0,116
4208274,1,0,1,0,0,0,116
4209476,1,0,0,1,1,0,116
4212438,1,0,1,0,0,0,116
4212953,1,1,1,1,1,0,116
4214803,0,0,0,0,1,0,116
4214825,0,0,0,0,1,0,116
4215296,0,1,0,1,0,0,116
4216283,0,0,0,0,1,0,116
4219562,0,1,0,1,0,0,116
4220836,1,0,1,0,0,0,116
4221239,0,0,0,0,1,0,116
4222294,1,0,0,1,1,0,116
4224010,0,0,1,1,0,0,116
4224258,1,0,0,1,1,0,116
4225099,0,0,0,0,1,0,116
4225684,1,1,0,0,0,0,116
4226608,0,1,0,1,0,0,116
4227158,1,1,0,0,0,0,116
4229649,1,1,1,1,1,0,116
4231192,0,0,1,1,0,0,116
4232213,1,1,1,1,1,0,116
4232695,0,0,1,1,0,0,116
4233763,1,1,0,0,0,0,116
4233841,1,0,0,1,1,0,116
4234085,0,1,1,0,1,0,116
4234291,0,1,0,1,0,0,116
4234898,0,0,1,1,0,0,116
4236018,0,0,1,1,0,0,116
4236351,0,0,0,0,1,0,116
4236965,0,1,0,1,0,0,116
4237556,1,0,1,0,0,0,116
4238631,1,1,0,0,0,0,116
4241624,1,1,1,1,1,0,116
4244051,1,0,1,0,0,0,116
4244441,1,0,0,1,1,0,116
4244969,1,0,0,1,1,0,116
4245382,0,0,1,1,0,0,116
4246201,0,0,0,0,1,0,116
4246853,0,0,1,1,0,0,116
4247655,1,0,1,0,0,0,116
4247964,1,0,0,1,1,0,116
4249192,1,1,0,0,0,0,116
4249359,1,1,1,1,1,0,116
4249878,0,1,0,1,0,0,116
4250429,1,1,0,0,0,0,116
4252045,0,0,0,0,1,0,116
4252440,1,0,0,0,1,1,116
4253058,0,0,0,0,1,0,116
4253090,1,1,1,1,1,0,116
4253209,0,0,1,1,0,0,116
4253837,0,1,1,0,1,0,116
4255578,1,0,1,0,0,0,116
4255789,0,0,0,0,1,0,116
4257510,1,0,1,0,0,0,116
4260777,1,1,0,0,0,0,87
4260795,0,1,1,0,1,0,87
4261691,0,1,1,0,1,0,87
4266530,1,1,1,1,1,0,87
4268928,0,0,0,0,1,0,87
4274033,1,0,0,1,1,0,87
4275987,1,1,0,0,0,0,87
4278138,1,0,0,1,1,0,87
4278281,0,1,0,1,0,0,87
4278573,1,1,1,1,1,0,87
4280054,0,1,1,1,1,1,87
4281717,1,0,1,0,0,0,87
4283430,0,0,1,0,0,0,87
4284149,1,0,0,1,1,0,87
4288965,0,0,0,0,1,0,87
4289147,0,0,1,1,0,0,87
4290703,1,0,0,1,1,0,87
4291392,1,1,0,0,0,0,87
4297632,0,0,0,0,1,0,87
4298444,1,0,0,1,1,0,87
4299078,1,0,0,1,1,0,87
4300292,1,1,0,0,0,0,87
4300707,1,1,1,1,1,0,87
4304495,0,0,0,0,1,0,87
4304962,0,1,1,0,1,0,87
4305100,1,1,0,0,0,0,87
4305503,1,0,1,0,0,0,87
4306029,1,0,1,0,0,0,87
4307302,0,0,1,1,0,0,87
4311270,1,1,0,0,0,0,87
4315512,1,0,1,0,0,0,87
4315840,0,1,1,0,1,0,87
4316399,0,0,0,0,1,0,87
4318343,0,0,0,0,1,0,87
4318551,0,0,1,1,0,0,87
4318907,0,1,1,0,1,0,87
4320095,1,1,1,1,1,0,87
4322665,1,0,1,0,0,0,87
4324682,0,0,0,0,1,0,87
4325795,1,0,1,0,0,0,138
4325817,0,1,0,1,0,0,138
4326614,1,0,0,1,1,0,138
4327828,1,0,1,0,0,0,138
4329160,1,0,1,0,0,0,138
4329284,1,0,0,1,1,0,138
4331239,0,0,1,1,0,0,138
4333036,1,0,0,1,1,0,138
4334714,0,1,1,0,1,0,138
4335027,0,1,0,1,0,0,138
4336250,0,1,0,1,0,0,138
4337068,1,0,0,1,1,0,138
4337167,0,1,0,1,0,0,138
4338758,0,0,0,0,1,0,138
4340026,0,0,0,0,1,0,138
4340821,1,0,1,0,0,0,138
4344899,1,1,1,1,1,0,138
4345234,0,1,0,1,0,0,138
4346982,0,0,0,0,1,0,138
4349028,0,0,0,0,1,0,138
4351355,1,1,1,1,1,0,138
4351601,0,1,1,0,1,0,138
4351667,0,0,1,0,0,0,138
4352128,0,1,0,1,0,0,138
4355145,0,1,0,1,0,0,138
4358129,1,0,1,0,0,0,138
4360142,0,1,0,1,0,0,138
4360405,0,0,1,1,0,0,138
4360421,0,0,0,0,1,0,138
4360702,0,0,1,1,0,0,138
4360952,1,1,1,1,1,0,138
4361152,0,0,0,0,1,0,138
4361762,0,0,0,0,1,0,138
4362012,0,1,1,0,1,0,138
4364170,1,1,1,0,1,1,138
4364949,1,1,0,0,0,0,138
4365177,0,0,1,1,0,0,138
4365483,0,0,0,0,1,0,138
4367183,0,0,1,1,0,0,138
4369720,1,0,0,1,1,0,138
4369987,0,0,1,1,0,0,138
4370186,1,0,0,1,1,0,138
4370553,0,0,0,1,1,1,138
4370876,0,0,1,1,0,0,138
4372113,0,0,1,1,0,0,138
4373351,1,0,0,1,1,0,138
4374605,1,1,1,1,1,0,138
4374824,0,0,1,0,0,0,138
4376886,1,1,1,1,1,0,138
4377128,1,0,0,1,1,0,138
4377645,0,1,1,0,1,0,138
4378969,1,1,0,0,0,0,138
4379506,1,1,0,0,0,0,138
4383048,1,0,1,0,0,0,138
4384615,1,0,0,1,1,0,138
4384700,1,0,0,1,1,0,138
4389470,0,1,1,0,1,0,138
4391443,1,1,1,1,1,0,105
4392101,0,0,1,1,0,0,105
4392178,1,0,0,1,1,0,105
4393165,1,1,0,0,0,0,105
4393784,0,1,0,1,0,0,105
4396272,1,0,0,1,1,0,105
4398421,1,0,0,1,1,0,105
4398647,0,0,1,1,0,0,105
4399992,1,0,0,1,1,0,105
4401752,0,1,0,1,0,0,105
4403419,0,0,0,0,1,0,105
4404392,1,0,0,1,1,0,105
4406980,0,0,1,1,0,0,105
4407879,1,1,1,1,1,0,105
4409472,0,0,0,0,1,0,105
4410189,1,1,0,0,0,0,105
4410493,1,0,1,0,0,0,105
4410638,1,0,1,0,0,0,105
4410882,0,1,0,1,0,0,105
4412468,0,1,0,1,0,0,105
4413908,0,1,0,1,0,0,105
4417979,0,1,1,0,1,0,105
4422554,1,1,0,0,0,0,105
4422810,1,0,1,0,0,0,105
4423850,1,0,0,1,1,0,105
4424036,0,1,1,0,1,0,105
4425547,1,1,1,1,1,0,105
4425728,1,1,1,0,1,1,105
4425736,0,1,0,1,0,0,105
4428587,1,0,1,0,0,0,105
4432027,1,1,0,0,0,0,105
4433351,1,0,1,0,0,0,105
4435632,1,0,1,0,0,0,105
4437341,0,1,1,1,1,1,105
4440190,1,0,0,1,1,0,105
4440539,0,1,0,1,0,0,105
4442331,0,0,1,1,0,0,105
4443124,1,0,0,1,1,0,105
4445587,1,0,1,0,0,0,105
4445958,1,0,1,0,0,0,105
4447555,1,0,1,0,0,0,105
4448286,0,1,0,1,0,0,105
4449307,0,0,0,0,1,0,105
4450459,0,1,1,0,1,0,105
4451627,0,1,0,1,0,0,105
4451717,1,1,0,0,0,0,105
4451794,0,0,0,0,1,0,105
4451849,1,1,1,1,1,0,105
4452033,0,1,0,1,0,0,105
4452239,1,0,0,1,1,0,105
4455968,0,0,1,1,0,0,105
4456259,0,1,0,1,0,0,105
4457085,1,0,0,1,1,0,106
4457848,1,1,1,1,1,0,106
4459823,1,1,1,1,1,0,106
4461351,0,1,0,1,0,0,106
4462330,0,1,0,1,0,0,106
4463258,0,1,0,1,0,0,106
4463259,0,1,0,1,0,0,106
4467078,0,0,1,1,0,0,106
4468541,0,1,1,0,1,0,106
4468605,0,0,0,0,1,0,106
4468788,0,0,0,0,1,0,106
4469349,0,1,0,1,0,0,106
4469744,1,0,0,1,1,0,106
4470577,1,1,0,0,0,0,106
4470971,1,1,1,1,1,0,106
4471818,1,0,0,1,1,0,106
4472232,0,1,1,0,1,0,106
4472558,0,0,0,0,1,0,106
4475090,1,1,1,1,1,0,106
4477422,1,1,1,1,1,0,106
4478181,0,0,1,1,0,0,106
4479566,0,0,1,1,0,0,106
4481099,0,1,1,0,1,0,106
4482508,0,1,1,0,1,0,106
4482866,0,0,0,0,1,0,106
4484105,1,1,1,1,1,0,106
4486168,0,0,1,1,0,0,106
4486282,1,1,1,1,1,0,106
4488945,0,0,0,0,1,0,106
4491127,0,1,0,1,0,0,106
4492033,0,0,1,1,0,0,106
4493222,1,1,0,0,0,0,106
4497196,1,0,1,0,0,0,106
4497542,1,1,1,0,1,1,106
4499198,1,0,1,0,0,0,106
4502086,1,1,1,1,1,0,106
4502247,1,0,1,0,0,0,106
4503212,1,0,1,0,0,0,106
4505408,0,1,0,0,0,0,106
4508653,0,0,0,0,1,0,106
4509192,1,0,0,1,1,0,106
4509698,0,1,1,0,1,0,106
4510303,1,1,0,0,0,0,106
4510803,1,1,0,0,0,0,106
4510982,0,1,0,1,0,0,106
4511920,0,0,0,0,1,0,106
4515574,0,1,1,0,1,0,106
4516864,0,1,1,0,1,0,106
4519385,1,1,0,0,0,0,106
4519585,1,1,0,0,0,0,106
4520382,0,0,1,1,0,0,106
4520923,0,0,1,1,0,0,106
4522376,0,1,0,1,0,0,104
4522492,1,0,1,0,0,0,104
4523838,1,0,1,0,0,0,104
4526222,0,1,1,0,1,0,104
4526987,0,0,0,0,1,0,104
4528247,1,0,1,0,0,0,104
4528397,1,1,1,1,1,0,104
4529158,1,0,0,1,1,0,104
4529565,0,0,0,0,1,0,104
4529893,0,0,1,1,0,0,104
4530009,0,1,0,1,0,0,104
4530265,0,1,0,1,0,0,104
4531062,1,0,1,0,0,0,104
4532766,1,1,1,1,1,0,104
4536637,0,0,1,1,0,0,104
4537798,0,0,0,0,1,0,104
4537940,0,0,0,0,1,0,104
4538081,0,1,1,0,1,0,104
4538326,0,0,0,0,1,0,104
4544359,1,1,1,1,1,0,104
4548503,1,0,0,1,1,0,104
4549227,0,1,1,0,1,0,104
4551608,0,1,0,1,0,0,104
4552681,1,0,1,0,0,0,104
4552774,0,1,1,0,1,0,104
4553913,1,0,0,1,1,0,104
4553918,0,0,1,1,0,0,104
4554583,1,0,1,0,0,0,104
4556531,1,1,1,1,1,0,104
4558158,0,1,0,1,0,0,104
4558608,0,0,1,1,0,0,104
4559424,1,1,1,1,1,0,104
4560583,0,0,0,0,1,0,104
4560697,1,1,1,1,1,0,104
4562552,0,1,0,1,0,0,104
4563178,1,1,1,0,1,1,104
4565865,1,0,1,0,0,0,104
4566502,1,0,0,1,1,0,104
4567579,1,1,1,1,1,0,104
4568204,1,1,0,0,0,0,104
4568629,1,0,0,1,1,0,104
4569307,1,1,0,0,0,0,104
4569478,0,1,1,0,1,0,104
4569792,0,1,0,1,0,0,104
4570162,0,0,0,0,1,0,104
4572129,1,1,0,1,0,0,104
4573065,0,1,0,1,0,0,104
4574719,0,0,1,1,0,0,104
4576380,0,1,0,1,0,0,104
4579006,0,0,1,1,0,0,104
4579075,1,0,1,0,0,0,104
4582153,1,0,0,0,1,1,104
4582184,0,0,1,1,0,0,104
4582979,1,0,0,1,1,0,104
4586099,0,1,1,0,1,0,104
4586465,1,1,0,0,0,0,104
4586643,0,0,1,1,0,0,104
4587915,0,1,0,0,0,0,93
4588907,0,1,1,0,1,0,93
4589243,0,1,0,1,0,0,93
4589458,0,1,0,1,0,0,93
4591617,0,1,0,1,0,0,93
4594972,1,0,0,1,1,0,93
4596523,0,0,1,1,0,0,93
4597040,1,0,0,1,1,0,93
4597104,0,1,0,1,0,0,93
4598453,0,0,1,1,0,0,93
4598516,1,0,0,1,1,0,93
4602115,1,1,0,0,0,0,93
4605135,0,0,0,0,1,0,93
4607176,1,0,1,0,0,0,93
4607888,1,1,1,1,1,0,93
4611451,0,1,1,0,1,0,93
4614183,0,0,1,1,0,0,93
4615903,0,0,0,0,1,0,93
4616619,0,1,0,1,0,0,93
4616863,0,0,1,1,0,0,93
4619949,1,0,1,0,0,0,93
4621008,0,1,1,0,1,0,93
4622469,1,0,1,0,0,0,93
4623844,1,1,0,0,0,0,93
4624434,1,1,1,1,1,0,93
4625627,1,0,0,1,1,0,93
4626610,0,0,1,1,0,0,93
4629889,0,0,0,0,1,0,93
4630412,0,1,1,0,1,0,93
4632220,0,0,1,0,0,0,93
4633067,0,1,1,1,1,1,93
4633131,1,0,0,1,1,0,93
4633221,0,1,1,0,1,0,93
4637513,1,1,0,0,0,0,93
4638385,1,0,0,1,1,0,93
4640367,0,1,0,1,0,0,93
4640792,1,0,1,0,0,0,93
4641035,1,0,0,1,1,0,93
4641606,0,0,1,1,0,0,93
4642821,0,0,1,1,0,0,93
4642878,0,1,0,1,0,0,93
4649403,0,0,1,1,0,0,93
4649990,0,0,1,1,0,0,93
4651687,1,1,0,0,0,0,93
4652756,1,0,0,1,1,0,93
4653224,1,0,0,1,1,0,189
4656172,1,0,1,0,0,0,189
4657132,1,0,0,1,1,0,189
4658416,1,1,1,1,1,0,189
4659278,1,1,1,1,1,0,189
4660039,0,0,0,0,1,0,189
4660420,1,0,0,1,1,0,189
4660883,1,1,1,1,1,0,189
4661288,0,1,0,1,0,0,189
4662123,1,0,1,0,0,0,189
4663318,1,1,0,0,0,0,189
4666639,0,1,1,0,1,0,189
4672057,1,1,1,1,1,0,189
4672726,1,0,0,1,1,0,189
4673077,0,1,0,1,0,0,189
4674570,0,0,0,0,1,0,189
4674933,1,0,0,1,1,0,189
4676118,0,1,0,1,0,0,189
4677064,0,0,0,0,1,0,189
4677550,1,0,0,1,1,0,189
4677882,1,0,0,1,1,0,189
4678176,0,1,0,1,0,0,189
4679481,0,0,0,0,1,0,189
4679624,1,1,1,1,1,0,189
4681244,0,0,1,1,0,0,189
4683608,0,1,1,0,1,0,189
4686403,0,0,0,0,1,0,189
4686565,1,0,0,1,1,0,189
4686865,1,1,1,1,1,0,189
4686915,0,1,1,0,1,0,189
4688230,1,1,0,0,0,0,189
4688841,1,0,1,0,0,0,189
4690527,1,1,0,0,0,0,189
4693754,1,1,1,1,1,0,189
4694396,1,0,1,0,0,0,189
4696327,1,1,1,1,1,0,189
4699008,1,1,1,1,1,0,189
4699874,0,0,0,0,1,0,189
4700135,0,1,0,1,0,0,189
4700261,1,0,1,0,0,0,189
4700754,0,1,1,0,1,0,189
4700907,1,0,1,0,0,0,189
4701848,1,1,1,1,1,0,189
4702481,1,0,0,1,1,0,189
4704244,0,1,0,1,0,0,189
4705366,0,0,0,0,1,0,189
4705901,0,1,0,1,0,0,189
4706113,1,0,0,0,1,1,189
4707543,1,1,0,0,0,0,189
4707780,0,1,0,0,0,0,189
4708159,0,1,1,0,1,0,189
4708486,0,1,0,1,0,0,189
4708934,1,1,0,0,0,0,189
4709614,1,1,1,1,1,0,189
4709885,1,1,0,0,0,0,189
4710239,1,1,0,0,0,0,189
4710549,1,1,1,1,1,0,189
4710801,1,0,1,1,0,0,189
4711013,1,0,1,0,0,0,189
4711312,0,1,0,1,0,0,189
4711995,1,0,1,0,0,0,189
4712170,1,1,0,0,0,0,189
4712783,1,0,1,0,0,0,189
4712798,1,0,1,0,0,0,189
4713148,1,0,0,1,1,0,189
4714300,1,1,0,0,0,0,189
4716250,1,1,1,1,1,0,189
4717829,1,0,1,0,0,0,189
4719699,0,1,0,1,0,0,81
4720420,1,1,0,0,0,0,81
4720503,0,0,1,0,0,0,81
4724349,0,0,1,1,0,0,81
4724992,1,0,1,0,0,0,81
4725592,0,0,0,0,1,0,81
4729233,1,1,0,0,0,0,81
4735492,1,1,1,1,1,0,81
4736477,0,0,1,1,0,0,81
4736890,1,1,0,0,0,0,81
4739936,0,1,1,1,1,1,81
4743388,1,1,1,1,1,0,81
4744145,0,1,1,0,1,0,81
4745022,1,0,1,0,0,0,81
4745485,0,1,0,1,0,0,81
4746319,1,0,1,0,0,0,81
4746362,0,1,0,1,0,0,81
4746977,1,1,0,0,0,0,81
4747053,1,1,1,1,1,0,81
4747826,0,0,0,0,1,0,81
4748037,0,1,0,1,0,0,81
4749448,0,0,1,1,0,0,81
4753000,1,0,0,1,1,0,81
4753239,1,1,0,0,0,0,81
4753687,0,1,1,0,1,0,81
4755803,0,1,0,1,0,0,81
4755985,0,1,0,1,0,0,81
4756260,1,1,1,1,1,0,81
4761120,0,1,0,1,0,0,81
4765057,1,1,0,0,0,0,81
4767009,1,1,0,0,0,0,81
4769510,0,0,1,1,0,0,81
4769555,1,1,1,1,1,0,81
4770245,0,0,1,0,0,0,81
4770456,0,1,0,1,0,0,81
4771999,0,0,1,1,0,0,81
4772473,0,0,0,0,1,0,81
4773811,1,0,1,0,0,0,81
4773839,1,1,0,0,0,0,81
4774603,1,0,0,1,1,0,81
4778216,0,1,1,0,1,0,81
4783594,1,0,0,1,1,0,81
4784530,1,1,0,0,0,0,146
4784792,0,1,1,0,1,0,146
4785942,1,0,0,1,1,0,146
4786390,0,0,0,0,1,0,146
4786432,1,0,1,0,0,0,146
4788173,1,1,0,0,0,0,146
4792251,1,1,0,0,0,0,146
4792300,1,0,0,1,1,0,146
4792425,1,0,0,1,1,0,146
4792856,0,1,0,1,0,0,146
4793600,1,0,1,0,0,0,146
4793749,1,1,0,0,0,0,146
4794249,0,0,0,0,1,0,146
4794611,1,0,1,0,0,0,146
4795921,1,1,0,0,0,0,146
4796517,0,0,0,0,1,0,146
4799664,0,1,0,1,0,0,146
4805790,0,0,1,1,0,0,146
4806022,0,1,1,0,1,0,146
4806262,1,1,1,1,1,0,146
4806491,1,0,0,1,1,0,146
4807475,1,1,1,1,1,0,146
4807931,1,1,0,0,0,0,146
4809723,0,1,0,1,0,0,146
4810090,0,1,0,1,0,0,146
4810195,1,0,0,0,1,1,146
4810299,0,0,0,0,1,0,146
4812094,1,0,0,1,1,0,146
4813762,1,1,0,0,0,0,146
4815776,0,1,0,1,0,0,146
4817045,0,0,1,1,0,0,146
4817391,0,0,1,1,0,0,146
4818517,0,1,0,1,0,0,146
4818658,1,1,0,0,0,0,146
4820708,1,1,1,1,1,0,146
4821652,0,1,0,1,0,0,146
4824246,0,1,0,1,0,0,146
4824847,0,0,0,0,1,0,146
4826283,0,1,1,0,1,0,146
4826628,1,1,0,0,0,0,146
4826875,1,0,1,0,0,0,146
4827854,0,1,1,0,1,0,146
4827966,1,1,1,1,1,0,146
4828447,1,1,0,0,0,0,146
4829132,0,0,1,1,0,0,146
4829986,1,1,1,1,1,0,146
4830182,0,1,0,1,0,0,146
4833828,1,0,1,0,0,0,146
4833970,1,1,1,1,1,0,146
4834722,0,1,0,1,0,0,146
4835820,1,0,1,0,0,0,146
4835940,1,0,1,0,0,0,146
4836464,1,1,0,0,0,0,146
4837490,1,0,0,0,1,1,146
4837873,0,0,1,1,0,0,146
4838436,0,1,0,1,0,0,146
4839312,0,1,0,1,0,0,146
4839353,1,0,0,1,1,0,146
4840362,0,1,0,1,0,0,146
4840628,1,0,0,1,1,0,146
4842057,0,1,0,1,0,0,146
4842846,1,0,1,0,0,0,146
4843557,1,1,1,1,1,0,146
4845577,0,0,0,0,1,0,146
4847070,0,0,0,1,1,1,146
4848850,1,0,0,1,1,0,146
4849070,1,0,0,1,1,0,146
4849483,1,1,1,1,1,0,146
4850956,0,1,1,0,1,0,160
4851095,0,1,0,1,0,0,160
4851694,1,1,1,1,1,0,160
4851819,0,1,1,0,1,0,160
4852183,0,0,0,1,1,1,160
4854838,0,1,1,0,1,0,160
4855293,0,1,1,0,1,0,160
4855443,1,1,1,1,1,0,160
4856959,0,1,0,1,0,0,160
4857818,1,1,0,0,0,0,160
4858318,1,0,1,0,0,0,160
4858980,0,0,0,0,1,0,160
4860806,1,0,1,0,0,0,160
4860903,0,1,1,0,1,0,160
4861939,0,1,1,0,1,0,160
4862918,1,1,0,0,0,0,160
4863468,0,0,1,1,0,0,160
4863757,0,0,0,0,1,0,160
4867709,1,1,0,0,0,0,160
4868942,1,0,0,1,1,0,160
4869023,0,1,0,0,0,0,160
4869191,1,1,1,1,1,0,160
4869362,0,1,1,0,1,0,160
4870214,0,0,0,0,1,0,160
4870394,0,0,1,1,0,0,160
4870525,0,0,1,1,0,0,160
4870675,1,1,1,1,1,0,160
4871687,1,0,1,0,0,0,160
4872242,0,1,1,0,1,0,160
4872359,0,0,0,0,1,0,160
4872693,0,1,0,1,0,0,160
4873016,1,0,0,1,1,0,160
4873887,1,0,0,1,1,0,160
4873974,1,1,0,0,0,0,160
4874909,1,0,0,1,1,0,160
4875719,0,1,0,1,0,0,160
4875883,1,0,1,0,0,0,160
4878160,1,1,0,0,0,0,160
4878889,1,0,0,1,1,0,160
4879167,0,0,1,1,0,0,160
4879433,1,1,0,0,0,0,160
4879839,0,1,0,1,0,0,160
4880062,1,1,0,0,0,0,160
4881204,0,1,0,1,0,0,160
4883813,0,1,0,1,0,0,160
4883994,0,1,0,1,0,0,160
4886364,0,0,0,0,1,0,160
4886920,0,1,0,1,0,0,160
4886988,0,1,1,0,1,0,160
4888645,0,0,1,1,0,0,160
4888747,1,1,1,1,1,0,160
4889856,1,0,1,0,0,0,160
4890624,1,0,0,1,1,0,160
4890866,0,0,1,1,0,0,160
4892972,0,1,0,0,0,0,160
4893231,1,0,1,0,0,0,160
4893291,0,0,1,1,0,0,160
4893527,1,1,1,1,1,0,160
4893967,1,1,0,0,0,0,160
4894213,0,1,0,1,0,0,160
4894263,0,0,0,0,1,0,160
4894808,1,0,0,1,1,0,160
4895314,1,1,1,1,1,0,160
4897213,0,1,0,1,0,0,160
4897344,0,1,1,0,1,0,160
4897493,1,1,0,0,0,0,160
4897552,1,1,0,0,0,0,160
4897794,1,0,1,0,0,0,160
4898173,0,0,1,1,0,0,160
4899029,0,0,1,1,0,0,160
4900660,1,0,0,1,1,0,160
4901237,1,0,1,0,0,0,160
4901301,0,1,1,0,1,0,160
4901887,1,1,0,0,0,0,160
4902230,1,1,0,0,0,0,160
4902306,1,1,0,0,0,0,160
4902386,0,1,0,1,0,0,160
4903251,0,0,1,1,0,0,160
4903420,0,0,0,0,1,0,160
4904469,1,1,0,0,0,0,160
4905122,1,1,0,0,0,0,160
4905497,1,1,1,1,1,0,160
4906130,0,1,0,1,0,0,160
4906868,1,1,0,0,0,0,160
4908248,0,1,1,0,1,0,160
4910496,1,0,0,1,1,0,160
4910968,1,1,0,0,0,0,160
4911240,1,1,0,0,0,0,160
4913246,0,0,1,1,0,0,160
4914638,1,0,0,0,1,1,160
4916748,0,1,1,0,1,0,78
4917175,1,0,0,1,1,0,78
4917473,1,1,1,1,1,0,78
4923355,0,0,1,1,0,0,78
4924353,1,0,0,1,1,0,78
4925011,1,1,0,0,0,0,78
4925305,1,0,1,0,0,0,78
4925784,0,0,1,1,0,0,78
4925792,1,1,0,0,0,0,78
4928451,1,1,0,0,0,0,78
4930544,0,0,0,0,1,0,78
4931215,1,1,0,0,0,0,78
4933283,1,0,1,0,0,0,78
4938229,0,0,1,1,0,0,78
4939336,1,1,0,0,0,0,78
4941976,1,0,1,0,0,0,78
4944285,0,1,0,1,0,0,78
4945574,0,1,1,0,1,0,78
4945812,1,0,1,0,0,0,78
4945826,0,1,0,1,0,0,78
4947940,1,1,1,1,1,0,78
4948599,0,0,1,1,0,0,78
4948610,0,0,0,0,1,0,78
4951115,1,0,0,1,1,0,78
4951883,1,0,0,1,1,0,78
4952101,1,1,0,0,0,0,78
4956332,0,0,0,0,1,0,78
4957512,1,1,0,0,0,0,78
4960825,0,0,1,1,0,0,78
4966708,1,1,0,0,0,0,78
4967675,1,1,1,1,1,0,78
4968845,1,1,1,1,1,0,78
4969815,1,1,0,0,0,0,78
4970425,0,1,0,1,0,0,78
4970649,1,0,0,1,1,0,78
4971114,0,1,1,0,1,0,78
4972711,1,0,0,1,1,0,78
4974411,1,1,1,1,1,0,78
4974884,0,1,0,1,0,0,78
4975124,0,0,1,1,0,0,78
4975157,0,1,0,1,0,0,78
4977923,1,0,0,1,1,0,78
4978843,1,0,1,0,0,0,78
4980874,1,1,0,0,0,0,97
4981126,1,1,1,1,1,0,97
4982810,1,1,0,0,0,0,97
4986143,1,1,0,0,0,0,97
4988434,1,0,1,0,0,0,97
4988520,0,0,0,0,1,0,97
4988910,0,0,0,0,1,0,97
4997316,1,0,0,1,1,0,97
4999327,0,0,0,0,1,0,97
5000419,0,0,1,0,0,0,97
5000913,0,1,1,0,1,0,97
5003546,1,1,0,0,0,0,97
5003568,1,0,0,1,1,0,97
5004217,1,1,0,0,0,0,97
5005836,1,0,1,0,0,0,97
5006823,0,1,0,1,0,0,97
5008455,1,0,0,1,1,0,97
5009072,0,0,0,0,1,0,97
5009140,1,1,0,0,0,0,97
5009203,0,1,0,1,0,0,97
5010046,1,1,1,1,1,0,97
5011249,1,0,0,1,1,0,97
5014607,0,1,1,0,1,0,97
5015809,0,0,0,0,1,0,97
5020375,1,0,0,1,1,0,97
5021201,1,0,1,0,0,0,97
5022706,0,0,1,1,0,0,97
5025144,1,1,0,0,0,0,97
5025467,1,1,1,1,1,0,97
5026683,1,1,0,0,0,0,97
5027351,0,1,1,0,1,0,97
5027861,1,1,1,1,1,0,97
5029067,1,0,0,1,1,0,97
5032847,0,1,1,0,1,0,97
5033015,1,0,1,0,0,0,97
5033381,1,0,1,0,0,0,97
5033396,1,1,1,1,1,0,97
5037917,1,1,1,1,1,0,97
5038397,0,0,0,0,1,0,97
5041156,1,1,0,0,0,0,97
5046419,0,0,0,0,1,0,100
5047649,0,0,0,0,1,0,100
5048098,0,0,1,1,0,0,100
5048359,1,1,0,0,0,0,100
5048520,0,0,0,0,1,0,100
5049482,1,1,0,0,0,0,100
5050492,0,0,0,0,1,0,100
5050552,0,1,1,0,1,0,100
5052353,1,1,0,0,0,0,100
5056319,1,1,0,0,0,0,100
5056566,0,1,0,1,0,0,100
5056935,1,0,1,0,0,0,100
5058377,1,1,0,0,0,0,100
5059242,1,1,0,0,0,0,100
5062267,1,1,0,0,0,0,100
5064696,1,1,1,1,1,0,100
5067004,1,0,1,0,0,0,100
5069944,0,1,0,1,0,0,100
5070175,1,0,0,1,1,0,100
5073544,1,0,1,0,0,0,100
5073579,1,1,1,1,1,0,100
5074359,1,0,1,0,0,0,100
5074488,0,0,0,0,1,0,100
5074877,1,1,0,0,0,0,100
5079595,1,0,0,1,1,0,100
5080230,1,1,1,1,1,0,100
5084731,0,0,0,0,1,0,100
5086129,0,0,1,1,0,0,100
5086950,0,1,1,0,1,0,100
5089293,1,0,1,0,0,0,100
5092247,1,1,1,1,1,0,100
5094369,0,1,0,1,0,0,100
5099048,1,1,0,0,0,0,100
5100616,0,1,0,1,0,0,100
5102732,1,0,1,0,0,0,100
5102989,0,1,0,0,0,0,100
5105604,1,1,1,1,1,0,100
5105703,0,0,1,1,0,0,100
5106727,1,0,0,1,1,0,100
5108315,0,0,0,0,1,0,100
5110049,0,0,0,0,1,0,100
5111389,1,1,1,1,1,0,100
5112456,1,1,0,0,0,0,156
5116092,1,0,0,1,1,0,156
5116221,0,0,1,1,0,0,156
5117601,1,1,1,1,1,0,156
5117961,1,1,1,1,1,0,156
5118286,0,1,1,0,1,0,156
5119902,0,1,1,0,1,0,156
5120811,0,1,0,1,0,0,156
5120969,0,1,1,0,1,0,156
5121141,0,0,1,1,0,0,156
5121270,0,0,1,1,0,0,156
5122224,0,1,0,1,0,0,156
5123777,1,1,1,1,1,0,156
5124851,0,0,0,0,1,0,156
5125644,1,1,1,1,1,0,156
5126310,1,0,1,0,0,0,156
5126380,1,1,1,0,1,1,156
5126720,0,1,0,1,0,0,156
5127103,0,0,0,0,1,0,156
5127424,1,1,1,1,1,0,156
5127505,1,0,0,1,1,0,156
5129502,1,0,1,0,0,0,156
5130663,0,0,0,1,1,1,156
5132234,1,0,1,0,0,0,156
5133351,1,1,1,1,1,0,156
5134434,1,1,1,1,1,0,156
5135466,0,0,0,0,1,0,156
5137543,1,0,1,0,0,0,156
5138156,1,1,1,1,1,0,156
5138350,1,1,1,1,1,0,156
5139766,0,1,1,0,1,0,156
5141778,0,0,0,0,1,0,156
5141901,1,0,0,1,1,0,156
5142420,1,0,0,1,1,0,156
5142720,0,0,1,1,0,0,156
5142990,1,1,1,1,1,0,156
5143262,0,0,0,0,1,0,156
5143618,0,1,0,1,0,0,156
5144241,1,1,0,0,0,0,156
5144247,1,1,1,0,1,1,156
5145973,0,1,0,1,0,0,156
5146195,0,1,0,1,0,0,156
5146293,1,1,0,0,0,0,156
5146843,0,1,0,1,0,0,156
5147078,1,0,1,0,0,0,156
5147524,1,0,1,0,0,0,156
5147601,1,1,0,0,0,0,156
5148101,0,1,0,1,0,0,156
5148147,0,0,1,1,0,0,156
5148759,0,1,1,0,1,0,156
5148765,0,0,1,1,0,0,156
5150188,1,1,0,0,0,0,156
5150948,0,0,1,1,0,0,156
5151351,1,0,0,1,1,0,156
5152078,1,1,0,0,0,0,156
5152985,1,0,0,1,1,0,156
5154562,0,0,0,0,1,0,156
5156096,0,0,1,1,0,0,156
5156220,0,0,1,1,0,0,156
5157125,0,1,0,0,0,0,156
5157495,0,0,1,1,0,0,156
5157990,0,1,1,0,1,0,156
5158251,1,0,1,0,0,0,156
5159162,0,0,1,1,0,0,156
5160211,0,0,1,1,0,0,156
5161352,1,0,0,1,1,0,156
5161455,0,1,1,0,1,0,156
5162080,0,0,0,0,1,0,156
5162178,1,0,1,1,0,0,156
5164735,1,0,0,1,1,0,156
5164817,0,0,1,1,0,0,156
5164969,1,0,1,1,0,0,156
5166167,0,1,0,1,0,0,156
5168107,0,1,0,1,0,0,156
5168357,0,1,0,1,0,0,156
5172357,0,1,0,1,0,0,156
5173092,1,1,0,0,0,0,156
5174594,1,0,0,1,1,0,156
5174653,0,0,0,1,1,1,156
5175142,1,0,1,0,0,0,156
5175539,0,0,0,0,1,0,156
5176715,1,0,0,1,1,0,156
5176764,1,0,1,0,0,0,156
5176781,1,0,0,1,1,0,156
5177140,0,1,1,0,1,0,156
5177585,0,0,1,1,0,0,102
5177842,1,0,1,0,0,0,102
5178988,0,0,1,1,0,0,102
5180324,1,1,1,1,1,0,102
5181785,0,1,0,1,0,0,102
5181978,0,1,1,0,1,0,102
5185206,1,0,0,1,1,0,102
5185627,0,1,0,1,0,0,102
5186099,0,0,0,0,1,0,102
5186663,0,0,1,1,0,0,102
5188755,1,0,1,0,0,0,102
5190716,0,1,1,0,1,0,102
5191860,1,1,1,1,1,0,102
5192468,0,1,0,1,0,0,102
5193350,1,0,0,1,1,0,102
5197325,0,1,1,0,1,0,102
5198327,0,1,1,0,1,0,102
5199307,0,0,1,1,0,0,102
5199367,0,0,1,1,0,0,102
5202067,1,1,1,1,1,0,102
5202321,0,0,1,1,0,0,102
5204558,0,0,1,1,0,0,102
5205729,0,0,1,1,0,0,102
5206532,0,1,0,1,0,0,102
5207935,1,0,0,1,1,0,102
5211782,0,1,0,1,0,0,102
5212617,1,1,0,1,0,0,102
5212756,1,1,0,0,0,0,102
5213601,1,1,0,0,0,0,102
5213876,1,1,0,0,0,0,102
5214270,0,1,1,0,1,0,102
5214401,1,0,1,0,0,0,102
5215732,1,1,1,1,1,0,102
5216089,1,1,0,1,0,0,102
5218952,0,1,1,0,1,0,102
5219953,0,1,0,1,0,0,102
5221776,1,1,1,1,1,0,102
5222341,1,0,1,0,0,0,102
5224396,1,0,1,0,0,0,102
5225085,0,1,1,0,1,0,102
5226129,0,1,0,1,0,0,102
5226499,0,1,1,0,1,0,102
5227124,1,0,0,1,1,0,102
5230059,0,0,1,1,0,0,102
5232105,1,0,0,1,1,0,102
5236202,0,0,0,0,1,0,102
5237001,1,0,0,1,1,0,102
5237538,1,0,1,0,0,0,102
5238181,0,0,0,0,1,0,102
5238234,1,1,0,0,0,0,102
5238658,1,0,0,1,1,0,102
5240880,1,0,1,0,0,0,102
5241675,0,0,0,0,1,0,102
5242375,1,0,0,1,1,0,102
5242669,1,1,1,1,1,0,102
5243599,0,0,1,1,0,0,97
5244726,1,0,0,1,1,0,97
5246362,0,1,0,1,0,0,97
5247299,1,0,0,1,1,0,97
5247904,1,1,1,1,1,0,97
5251188,0,1,1,0,1,0,97
5256089,1,1,1,1,1,0,97
5256885,0,0,1,1,0,0,97
5258513,1,1,1,1,1,0,97
5258785,0,1,0,1,0,0,97
5265691,1,0,1,0,0,0,97
5268298,1,0,0,1,1,0,97
5268711,0,0,0,0,1,0,97
5269051,0,1,0,1,0,0,97
5269478,0,1,1,0,1,0,97
5269567,1,0,1,0,0,0,97
5270749,1,1,1,1,1,0,97
5270852,1,1,1,1,1,0,97
5272091,0,0,1,1,0,0,97
5272245,1,1,1,1,1,0,97
5272360,0,1,0,1,0,0,97
5273663,1,1,0,0,0,0,97
5277850,1,1,0,0,0,0,97
5280522,0,0,1,1,0,0,97
5281329,0,1,0,1,0,0,97
5281420,1,1,0,0,0,0,97
5281671,0,0,1,1,0,0,97
5282075,0,0,0,0,1,0,97
5283907,1,1,0,0,0,0,97
5286180,0,1,1,0,1,0,97
5288183,1,0,0,1,1,0,97
5290123,0,1,0,1,0,0,97
5294256,0,0,0,0,1,0,97
5294346,1,1,0,0,0,0,97
5297942,0,1,1,0,1,0,97
5298152,1,0,0,1,1,0,97
5298551,0,1,0,1,0,0,97
5300656,0,1,1,0,1,0,97
5302035,0,0,0,0,1,0,97
5302775,0,1,0,1,0,0,97
5304175,1,0,0,1,1,0,97
5306140,1,0,0,1,1,0,97
5310323,0,0,0,0,1,0,83
5312015,0,0,0,0,1,0,83
5314972,1,0,0,1,1,0,83
5317732,1,1,0,0,0,0,83
5323368,0,0,1,1,0,0,83
5323589,1,0,1,0,0,0,83
5328877,1,1,1,1,1,0,83
5330175,1,1,0,0,0,0,83
5331332,1,1,0,0,0,0,83
5333965,0,0,1,1,0,0,83
5335123,0,0,1,1,0,0,83
5338426,0,1,1,0,1,0,83
5339522,1,1,0,0,0,0,83
5341227,0,1,1,0,1,0,83
5346422,0,1,0,1,0,0,83
5347506,0,1,1,0,1,0,83
5353345,0,0,0,0,1,0,83
5353376,0,0,1,1,0,0,83
5356181,0,0,0,0,1,0,83
5356340,1,0,0,1,1,0,83
5356626,1,1,0,0,0,0,83
5360397,0,0,1,1,0,0,83
5361375,0,1,1,0,1,0,83
5362029,1,0,1,0,0,0,83
5362680,0,1,0,1,0,0,83
5363071,0,0,0,0,1,0,83
5365697,1,1,1,1,1,0,83
5366549,0,0,0,0,1,0,83
5368728,0,1,1,0,1,0,83
5368880,1,1,0,0,0,0,83
5370372,0,0,1,1,0,0,83
5373185,0,0,1,1,0,0,83
5376170,1,0,0,1,1,0,104
5376217,1,0,1,0,0,0,104
5377722,0,0,1,0,0,0,104
5378696,1,1,0,0,0,0,104
5379741,0,0,0,0,1,0,104
5382668,1,0,0,1,1,0,104
5382943,1,0,1,0,0,0,104
5383124,1,0,0,1,1,0,104
5383428,1,0,1,0,0,0,104
5384625,0,1,0,1,0,0,104
5384750,1,0,1,0,0,0,104
5386080,0,1,1,0,1,0,104
5386312,0,1,1,0,1,0,104
5386944,0,1,0,1,0,0,104
5388159,0,1,1,0,1,0,104
5392671,1,1,0,0,0,0,104
5394760,0,0,1,1,0,0,104
5395401,1,0,1,0,0,0,104
5396171,0,1,1,0,1,0,104
5400995,0,1,0,1,0,0,104
5402591,0,1,0,1,0,0,104
5402648,0,0,0,0,1,0,104
5403247,0,0,1,0,0,0,104
5405748,1,0,0,1,1,0,104
5406667,0,0,1,1,0,0,104
5407456,1,1,1,1,1,0,104
5409976,0,0,0,0,1,0,104
5410003,1,0,1,0,0,0,104
5410231,1,1,0,0,0,0,104
5410463,0,1,0,1,0,0,104
5414232,1,1,0,0,0,0,104
5415922,1,1,0,0,0,0,104
5418387,0,0,1,1,0,0,104
5418821,0,0,1,1,0,0,104
5419852,0,0,0,0,1,0,104
5420130,1,1,1,1,1,0,104
5420362,1,1,0,0,0,0,104
5420378,1,1,1,1,1,0,104
5421218,1,1,0,0,0,0,104
5423612,0,1,1,0,1,0,104
5426882,0,0,0,0,1,0,104
5428860,1,0,1,0,0,0,104
5431192,1,0,1,0,0,0,104
5432765,0,1,1,0,1,0,104
5433072,1,0,1,0,0,0,104
5433489,1,0,1,0,0,0,104
5436717,0,0,1,1,0,0,104
5439175,0,1,1,0,1,0,104
5439498,0,1,0,1,0,0,146
5440433,1,1,0,0,0,0,146
5440482,0,1,1,1,1,1,146
5440719,1,1,0,0,0,0,146
5441466,1,1,0,0,0,0,146
5442493,0,0,1,1,0,0,146
5442844,0,1,0,1,0,0,146
5444471,1,0,1,0,0,0,146
5444990,0,0,0,0,1,0,146
5447060,0,1,1,0,1,0,146
5447624,1,1,1,1,1,0,146
5447883,0,1,1,0,1,0,146
5447898,1,1,0,0,0,0,146
5448296,1,0,1,0,0,0,146
5448371,1,0,1,0,0,0,146
5448774,0,0,1,1,0,0,146
5448900,0,0,0,0,1,0,146
5451052,0,1,0,1,0,0,146
5451495,1,1,0,0,0,0,146
5452605,1,1,1,1,1,0,146
5452677,1,0,0,1,1,0,146
5454008,0,0,1,1,0,0,146
5454498,1,0,0,1,1,0,146
5455592,0,0,0,0,1,0,146
5455894,0,0,1,1,0,0,146
5456104,1,0,0,1,1,0,146
5456214,0,0,1,1,0,0,146
5458186,1,1,1,1,1,0,146
5458402,1,0,1,0,0,0,146
5458756,1,1,1,1,1,0,146
5459596,0,1,1,0,1,0,146
5462559,1,0,1,0,0,0,146
5464231,0,1,0,1,0,0,146
5464602,0,0,1,1,0,0,146
5465485,1,0,1,1,0,0,146
5467373,1,0,0,1,1,0,146
5467743,1,0,0,1,1,0,146
5468489,0,0,1,1,0,0,146
5468529,1,0,0,1,1,0,146
5470101,0,1,0,1,0,0,146
5470166,0,1,1,0,1,0,146
5474811,1,1,0,0,0,0,146
5475093,1,0,1,0,0,0,146
5475570,0,1,0,1,0,0,146
5476967,1,0,1,0,0,0,146
5477400,1,0,0,1,1,0,146
5478742,0,0,1,1,0,0,146
5478775,0,0,0,0,1,0,146
5478874,0,0,1,1,0,0,146
5479741,0,0,1,1,0,0,146
5481697,0,0,0,0,1,0,146
5482674,1,0,1,0,0,0,146
5483066,1,1,0,0,0,0,146
5484715,0,0,1,1,0,0,146
5485356,0,1,1,0,1,0,146
5486489,1,0,1,0,0,0,146
5487242,0,1,1,0,1,0,146
5487565,0,0,1,1,0,0,146
5488176,0,0,0,0,1,0,146
5490615,1,1,1,1,1,0,146
5490898,1,0,0,1,1,0,146
5492594,1,1,0,0,0,0,146
5494383,1,1,0,0,0,0,146
5495572,1,1,0,0,0,0,146
5495915,0,0,1,1,0,0,146
5497162,1,0,1,0,0,0,146
5497855,1,0,1,0,0,0,146
5499742,0,1,1,0,1,0,146
5500156,0,0,1,1,0,0,146
5501782,1,1,0,0,0,0,146
5504371,1,0,0,0,1,1,146
5505148,1,0,1,0,0,0,67
5507893,1,1,0,0,0,0,67
5510956,0,1,0,1,0,0,67
5512266,1,1,0,0,0,0,67
5512316,0,0,1,1,0,0,67
5514287,1,0,0,1,1,0,67
5519417,1,0,0,1,1,0,67
5525008,0,1,0,1,0,0,67
5525309,0,0,1,1,0,0,67
5526267,0,1,0,1,0,0,67
5531296,1,1,1,1,1,0,67
5534994,0,0,1,0,0,0,67
5535132,1,0,1,0,0,0,67
5536877,0,1,0,1,0,0,67
5539324,0,0,0,0,1,0,67
5545164,1,0,0,1,1,0,67
5545381,0,0,1,1,0,0,67
5548158,0,0,0,0,1,0,67
5548328,1,0,1,0,0,0,67
5551023,0,1,0,1,0,0,67
5551067,1,1,0,0,0,0,67
5553092,0,0,1,1,0,0,67
5553803,0,0,1,1,0,0,67
5557827,0,1,1,0,1,0,67
5561492,0,1,0,1,0,0,67
5562048,0,1,1,0,1,0,67
5562122,1,0,1,0,0,0,67
5562745,0,1,1,0,1,0,67
5563602,1,0,0,1,1,0,67
5568116,1,0,1,0,0,0,67
5569868,0,0,0,0,1,0,67
5571118,0,1,1,0,1,0,84
5571291,1,0,0,1,1,0,84
5573078,0,1,0,0,0,0,84
5573230,1,1,0,0,0,0,84
5574966,1,0,0,1,1,0,84
5575790,1,0,1,0,0,0,84
5576004,1,0,0,1,1,0,84
5577271,0,1,1,0,1,0,84
5580017,0,1,0,1,0,0,84
5581248,0,0,0,1,1,1,84
5581542,0,1,0,1,0,0,84
5583951,0,1,0,1,0,0,84
5585012,1,1,1,1,1,0,84
5591561,1,0,0,1,1,0,84
5592538,0,0,0,0,1,0,84
5593367,0,1,0,1,0,0,84
5595425,0,0,1,1,0,0,84
5596587,1,1,1,1,1,0,84
5597677,1,0,0,1,1,0,84
5601716,0,1,0,1,0,0,84
5603059,0,1,0,1,0,0,84
5610307,0,0,0,0,1,0,84
5611611,1,0,0,1,1,0,84
5613592,0,0,1,1,0,0,84
5614146,0,0,0,0,1,0,84
5620012,1,1,0,0,0,0,84
5620472,1,0,0,1,1,0,84
5621361,1,1,0,0,0,0,84
5625510,1,1,1,1,1,0,84
5628167,0,0,0,0,1,0,84
5628231,1,0,0,1,1,0,84
5630752,0,0,0,0,1,0,84
5631653,1,1,1,1,1,0,84
5632335,1,1,1,0,1,1,84
5632722,1,0,1,0,0,0,84
5633487,0,1,0,0,0,0,84
5633968,0,1,0,1,0,0,84
5634336,1,1,0,0,0,0,84
5635476,1,0,0,1,1,0,84
5636077,0,1,1,0,1,0,84
5638974,0,0,0,0,1,0,135
5639820,1,1,0,0,0,0,135
5640677,1,1,1,1,1,0,135
5641680,0,0,0,0,1,0,135
5642938,1,1,1,1,1,0,135
5645626,0,1,1,0,1,0,135
5648037,0,1,0,1,0,0,135
5648404,0,1,1,0,1,0,135
5649074,1,1,0,0,0,0,135
5649855,0,0,0,0,1,0,135
5651005,0,1,0,1,0,0,135
5653314,1,0,0,1,1,0,135
5653646,0,0,1,1,0,0,135
5653747,0,0,1,1,0,0,135
5653847,0,0,0,0,1,0,135
5654669,1,1,1,1,1,0,135
5655301,1,0,0,1,1,0,135
5657084,0,1,1,0,1,0,135
5658439,1,1,0,0,0,0,135
5659948,1,0,1,0,0,0,135
5660085,0,1,1,0,1,0,135
5660880,1,1,1,1,1,0,135
5661367,1,1,1,1,1,0,135
5661683,0,1,1,0,1,0,135
5662200,0,1,0,1,0,0,135
5662326,0,1,0,1,0,0,135
5665299,0,0,1,1,0,0,135
5665450,0,1,1,0,1,0,135
5665586,1,1,1,1,1,0,135
5666378,1,0,1,0,0,0,135
5669129,0,0,0,0,1,0,135
5669678,1,1,1,1,1,0,135
5669803,0,0,1,1,0,0,135
5669928,1,1,0,0,0,0,135
5670095,1,0,0,1,1,0,135
5671703,0,0,1,1,0,0,135
5672703,0,0,0,0,1,0,135
5675726,0,1,0,1,0,0,135
5676488,0,0,1,1,0,0,135
5677656,1,1,0,0,0,0,135
5678479,1,1,1,1,1,0,135
5679268,0,0,0,0,1,0,135
5679732,0,1,1,1,1,1,135
5680646,1,1,1,1,1,0,135
5680774,1,1,0,0,0,0,135
5681446,0,1,1,0,1,0,135
5681865,1,1,0,0,0,0,135
5683433,1,1,0,0,0,0,135
5684113,1,0,1,0,0,0,135
5684195,0,0,1,1,0,0,135
5684332,0,0,1,1,0,0,135
5685960,1,1,0,1,0,0,135
5686473,1,1,0,0,0,0,135
5688964,0,1,0,1,0,0,135
5689268,1,1,0,0,0,0,135
5690301,0,0,0,0,1,0,135
5692462,1,0,0,1,1,0,135
5692846,0,0,0,0,1,0,135
5696882,1,1,0,0,0,0,135
5697039,1,0,0,1,1,0,135
5697479,1,0,0,1,1,0,135
5697596,0,0,0,0,1,0,135
5700072,0,1,0,0,0,0,135
5700092,1,0,1,0,0,0,135
5700097,0,0,0,0,1,0,135
5705368,0,0,1,1,0,0,71
5705528,0,1,0,1,0,0,71
5706282,1,1,1,1,1,0,71
5710507,1,0,1,0,0,0,71
5711332,0,0,1,1,0,0,71
5712011,1,0,0,1,1,0,71
5714189,1,0,0,1,1,0,71
5716777,1,1,0,0,0,0,71
5721426,0,1,0,1,0,0,71
5724649,1,0,0,1,1,0,71
5724702,0,0,1,1,0,0,71
5724840,0,1,0,1,0,0,71
5725190,0,0,0,0,1,0,71
5725406,1,1,1,1,1,0,71
5726675,0,1,0,1,0,0,71
5729074,0,0,1,0,0,0,71
5731084,0,0,0,0,1,0,71
5736605,1,1,1,1,1,0,71
5741471,0,1,0,1,0,0,71
5741847,1,0,0,1,1,0,71
5742240,0,1,1,0,1,0,71
5742924,1,0,1,0,0,0,71
5743693,0,0,0,0,1,0,71
5744228,0,1,1,0,1,0,71
5751299,1,1,0,0,0,0,71
5753008,1,0,1,0,0,0,71
5754878,0,0,1,1,0,0,71
5755950,1,0,0,1,1,0,71
5756091,0,1,1,0,1,0,71
5757728,1,1,0,0,0,0,71
5758056,0,0,1,1,0,0,71
5758135,0,1,0,1,0,0,71
5762140,0,1,0,1,0,0,71
5767730,0,0,1,1,0,0,121
5770326,0,1,1,0,1,0,121
5771861,0,1,0,1,0,0,121
5773020,0,0,1,1,0,0,121
5774484,1,1,1,1,1,0,121
5776844,1,0,0,1,1,0,121
5777058,1,1,0,0,0,0,121
5777150,1,0,1,0,0,0,121
5777212,1,0,1,0,0,0,121
5777752,1,0,1,0,0,0,121
5780274,0,0,0,0,1,0,121
5781840,0,0,0,0,1,0,121
5782129,1,0,0,1,1,0,121
5783330,1,1,1,1,1,0,121
5784465,1,0,0,1,1,0,121
5786837,1,0,1,0,0,0,121
5786954,1,0,1,0,0,0,121
5789829,1,1,0,0,0,0,121
5791048,1,1,0,0,0,0,121
5791534,1,0,0,1,1,0,121
5792969,0,0,0,0,1,0,121
5797055,1,1,1,1,1,0,121
5797227,0,0,1,1,0,0,121
5798267,0,1,1,0,1,0,121
5801054,0,0,0,0,1,0,121
5801427,1,1,1,1,1,0,121
5801573,0,1,1,0,1,0,121
5801988,0,1,0,1,0,0,121
5807742,1,1,0,0,0,0,121
5809751,1,1,1,1,1,0,121
5811626,0,1,0,1,0,0,121
5811663,1,0,1,0,0,0,121
5813490,0,1,0,1,0,0,121
5813665,0,1,1,0,1,0,121
5815757,1,0,1,0,0,0,121
5816768,1,1,0,0,0,0,121
5820235,1,1,1,1,1,0,121
5822420,0,0,1,1,0,0,121
5822671,1,1,0,0,0,0,121
5824071,0,1,1,0,1,0,121
5824333,1,0,0,0,1,1,121
5824802,1,1,0,0,0,0,121
5825042,0,1,1,1,1,1,121
5827749,1,1,1,1,1,0,121
5830085,0,0,0,0,1,0,121
5830207,0,1,1,0,1,0,121
5830529,1,1,1,1,1,0,121
5831628,1,1,0,0,0,0,121
5832794,0,1,1,0,1,0,162
5833275,0,0,0,0,1,0,162
5834506,1,0,0,1,1,0,162
5836756,0,0,0,0,1,0,162
5838582,0,0,0,0,1,0,162
5839942,0,1,1,0,1,0,162
5840694,1,0,0,1,1,0,162
5840733,0,0,0,0,1,0,162
5841350,1,1,1,1,1,0,162
5841786,0,1,0,1,0,0,162
5842350,1,1,1,1,1,0,162
5843313,1,0,1,0,0,0,162
5843724,1,1,0,0,0,0,162
5844085,1,0,1,0,0,0,162
5844693,1,1,0,0,0,0,162
5847017,0,0,1,1,0,0,162
5847088,0,1,1,0,1,0,162
5847118,0,1,1,0,1,0,162
5847339,1,1,1,1,1,0,162
5849742,1,1,0,0,0,0,162
5850280,1,0,0,1,1,0,162
5852054,0,1,0,1,0,0,162
5852461,0,1,1,0,1,0,162
5854822,1,1,0,0,0,0,162
5855056,0,1,0,1,0,0,162
5856172,0,1,0,1,0,0,162
5856657,0,1,0,1,0,0,162
5858716,0,0,0,0,1,0,162
5859185,1,1,0,0,0,0,162
5859581,0,1,0,1,0,0,162
5859637,0,1,1,0,1,0,162
5860292,0,0,0,0,1,0,162
5861737,1,1,1,1,1,0,162
5861854,1,0,0,0,1,1,162
5862644,0,1,1,0,1,0,162
5863310,0,0,1,1,0,0,162
5864220,0,0,1,1,0,0,162
5864540,0,1,0,1,0,0,162
5865349,1,1,0,0,0,0,162
5865561,1,0,1,0,0,0,162
5865834,1,0,0,1,1,0,162
5866642,0,0,0,0,1,0,162
5868074,1,1,1,1,1,0,162
5869723,1,0,1,0,0,0,162
5869829,1,0,0,1,1,0,162
5870277,0,1,0,1,0,0,162
5871959,0,0,1,1,0,0,162
5872212,0,0,1,1,0,0,162
5874383,1,0,0,1,1,0,162
5874460,1,1,0,0,0,0,162
5874769,1,0,0,1,1,0,162
5874815,0,1,0,1,0,0,162
5876461,0,0,1,1,0,0,162
5877627,0,0,1,1,0,0,162
5879262,0,1,1,0,1,0,162
5879459,1,0,1,0,0,0,162
5880145,0,0,1,1,0,0,162
5880727,1,1,0,0,0,0,162
5880790,1,0,0,1,1,0,162
5880839,1,0,0,1,1,0,162
5882176,1,0,1,0,0,0,162
5884875,0,1,1,0,1,0,162
5885530,1,0,0,1,1,0,162
5885694,1,0,1,0,0,0,162
5885927,0,1,1,0,1,0,162
5886568,1,1,0,0,0,0,162
5886864,0,1,0,1,0,0,162
5887665,1,0,0,1,1,0,162
5890495,0,1,0,1,0,0,162
5892875,0,1,1,0,1,0,162
5893964,0,1,1,0,1,0,162
5894880,0,1,0,1,0,0,162
5895572,0,1,1,0,1,0,162
5896201,0,1,1,0,1,0,162
5897446,1,0,0,0,1,1,162
5897662,0,1,1,0,1,0,162
5898224,1,1,1,0,1,1,162
5899711,1,1,0,1,0,0,151
5900079,0,1,0,0,0,0,151
5900166,1,0,1,0,0,0,151
5900668,1,1,0,0,0,0,151
5900789,1,0,1,0,0,0,151
5905290,1,1,0,0,0,0,151
5906393,1,0,0,1,1,0,151
5907285,0,0,1,1,0,0,151
5909747,1,0,1,0,0,0,151
5911126,0,0,0,0,1,0,151
5911183,1,0,1,0,0,0,151
5911381,1,0,1,0,0,0,151
5912430,0,0,1,1,0,0,151
5914023,1,0,1,0,0,0,151
5914959,1,1,0,0,0,0,151
5918125,1,1,0,0,0,0,151
5918819,0,0,1,1,0,0,151
5919501,0,1,1,0,1,0,151
5920005,1,1,0,0,0,0,151
5923110,0,1,1,0,1,0,151
5923788,0,1,1,0,1,0,151
5925408,1,0,0,1,1,0,151
5925629,1,0,1,0,0,0,151
5926229,1,1,1,1,1,0,151
5926649,0,0,0,0,1,0,151
5927126,0,0,0,0,1,0,151
5927782,0,1,0,1,0,0,151
5928590,0,0,1,1,0,0,151
5930060,0,0,0,0,1,0,151
5932147,1,0,1,0,0,0,151
5932756,0,0,1,1,0,0,151
5935641,1,1,1,1,1,0,151
5935879,0,0,1,1,0,0,151
5936373,1,1,0,0,0,0,151
5936517,1,1,1,1,1,0,151
5936959,1,0,0,1,1,0,151
5938013,1,0,0,1,1,0,151
5939519,0,1,0,1,0,0,151
5940754,1,0,0,1,1,0,151
5942443,1,0,0,1,1,0,151
5943982,0,1,0,1,0,0,151
5944163,0,0,1,1,0,0,151
5944684,0,1,1,0,1,0,151
5945126,0,0,0,0,1,0,151
5947201,0,0,0,0,1,0,151
5947428,1,1,1,1,1,0,151
5948410,1,1,0,0,0,0,151
5949349,1,1,1,1,1,0,151
5950245,1,0,0,1,1,0,151
5950882,0,1,1,0,1,0,151
5950972,1,1,0,0,0,0,151
5951622,1,0,1,0,0,0,151
5953302,0,1,0,1,0,0,151
5953552,1,1,1,1,1,0,151
5953909,0,1,1,0,1,0,151
5954228,0,0,0,0,1,0,151
5955324,0,0,0,0,1,0,151
5957671,0,1,1,0,1,0,151
5958596,1,0,1,0,0,0,151
5958611,0,0,1,1,0,0,151
5960090,1,0,0,1,1,0,151
5960459,1,1,0,0,0,0,151
5960678,1,1,1,1,1,0,151
5960748,0,1,0,1,0,0,151
5961134,0,1,1,0,1,0,151
5961337,1,1,1,1,1,0,151
5962423,1,1,1,1,1,0,151
5963333,1,1,1,1,1,0,151
5963710,0,1,1,0,1,0,151
5966374,0,0,1,1,0,0,118
5966956,1,1,0,0,0,0,118
5970353,0,1,0,1,0,0,118
5970769,1,1,1,1,1,0,118
5971486,1,0,0,1,1,0,118
5972438,0,1,0,1,0,0,118
5972983,1,0,0,1,1,0,118
5973025,0,0,0,0,1,0,118
5973027,1,1,0,0,0,0,118
5973724,0,1,0,1,0,0,118
5975353,0,1,0,1,0,0,118
5975554,0,0,1,1,0,0,118
5975622,0,1,0,1,0,0,118
5976605,0,0,1,1,0,0,118
5978339,0,0,1,1,0,0,118
5978641,0,0,1,1,0,0,118
5980047,1,0,0,1,1,0,118
5982594,0,1,0,1,0,0,118
5982753,0,0,1,1,0,0,118
5983122,1,0,0,1,1,0,118
5983156,0,0,0,0,1,0,118
5985523,1,1,1,0,1,1,118
5986937,0,0,0,0,1,0,118
5987486,1,0,1,0,0,0,118
5989977,1,1,1,1,1,0,118
5991062,1,1,0,0,0,0,118
5991433,0,1,1,0,1,0,118
5992927,1,1,1,1,1,0,118
5994753,1,1,0,1,0,0,118
5995265,1,0,1,0,0,0,118
5995526,1,0,0,0,1,1,118
5995617,0,0,1,1,0,0,118
5999077,0,1,0,1,0,0,118
6000804,0,0,1,1,0,0,118
6001628,0,1,0,1,0,0,118
6003137,0,0,0,0,1,0,118
6005273,1,0,0,1,1,0,118
6005523,1,0,1,0,0,0,118
6005573,1,0,0,1,1,0,118
6006596,1,0,0,1,1,0,118
6006870,0,1,0,1,0,0,118
6008767,1,0,1,0,0,0,118
6009241,0,0,0,0,1,0,118
6010573,1,1,0,0,0,0,118
6011133,0,1,1,0,1,0,118
6011603,0,0,0,0,1,0,118
6015306,1,1,1,1,1,0,118
6016132,1,1,1,1,1,0,118
6017345,0,1,1,0,1,0,118
6017895,1,1,1,1,1,0,118
6019112,0,0,0,0,1,0,118
6019390,0,0,1,1,0,0,118
6019948,1,0,0,1,1,0,118
6020072,0,0,0,0,1,0,118
6020418,0,1,0,1,0,0,118
6023162,1,0,0,1,1,0,118
6023347,1,1,0,0,0,0,118
6026567,1,0,1,0,0,0,118
6027327,0,1,1,0,1,0,118
6027479,0,1,0,1,0,0,118
6028244,0,1,0,1,0,0,118
6031138,0,1,1,0,1,0,84
6031621,0,1,0,1,0,0,84
6031704,0,0,1,1,0,0,84
6033891,0,1,0,1,0,0,84
6033917,0,1,0,1,0,0,84
6034499,1,1,0,0,0,0,84
6036525,1,1,0,0,0,0,84
6037402,0,0,0,0,1,0,84
6038926,0,1,1,0,1,0,84
6039410,0,1,1,0,1,0,84
6042416,1,0,0,1,1,0,84
6042567,0,1,0,1,0,0,84
6043587,0,0,0,0,1,0,84
6045078,1,0,1,0,0,0,84
6045127,0,1,1,0,1,0,84
6047886,1,1,0,0,0,0,84
6048166,1,0,1,0,0,0,84
6049059,1,1,1,1,1,0,84
6049644,1,1,0,0,0,0,84
6051211,1,1,0,0,0,0,84
6054243,1,1,1,1,1,0,84
6054387,1,0,1,0,0,0,84
6055923,0,1,0,1,0,0,84
6056920,1,1,0,0,0,0,84
6057317,0,1,1,0,1,0,84
6059596,0,1,0,1,0,0,84
6059616,1,0,0,1,1,0,84
6061323,0,0,0,0,1,0,84
6063445,1,1,1,1,1,0,84
6063967,0,1,0,1,0,0,84
6067835,0,0,0,0,1,0,84
6068726,1,0,0,0,1,1,84
6068753,0,1,0,1,0,0,84
6069608,1,1,0,0,0,0,84
6075320,1,1,0,0,0,0,84
6077130,1,0,1,0,0,0,84
6078136,1,0,1,0,0,0,84
6078868,1,1,0,0,0,0,84
6079285,0,0,0,0,1,0,84
6079934,0,0,0,0,1,0,84
6085455,1,0,0,1,1,0,84
6086704,0,0,0,0,1,0,84
6086975,0,0,1,1,0,0,84
6087600,0,1,0,1,0,0,84
6087811,0,1,1,0,1,0,84
6090020,1,0,0,1,1,0,84
6091818,0,1,0,1,0,0,84
6093016,0,1,1,0,1,0,84
6096190,1,1,0,0,0,0,161
6096639,1,0,1,0,0,0,161
6100123,0,0,0,0,1,0,161
6100300,0,0,0,0,1,0,161
6103498,1,0,0,1,1,0,161
6103825,0,0,1,1,0,0,161
6105195,0,1,0,1,0,0,161
6105702,0,1,1,0,1,0,161
6105912,0,1,1,0,1,0,161
6107481,1,1,1,1,1,0,161
6108654,1,1,1,1,1,0,161
6108657,1,0,0,1,1,0,161
6109782,0,0,1,1,0,0,161
6111260,0,1,0,1,0,0,161
6111600,0,1,0,1,0,0,161
6112738,1,0,0,1,1,0,161
6112917,1,1,1,1,1,0,161
6112945,0,1,0,1,0,0,161
6114414,1,1,1,1,1,0,161
6114953,1,1,0,0,0,0,161
6114977,0,0,0,0,1,0,161
6115402,1,0,0,1,1,0,161
6115461,1,0,1,0,0,0,161
6115990,0,0,0,0,1,0,161
6118076,1,1,0,0,0,0,161
6119736,0,1,1,0,1,0,161
6120624,0,0,1,1,0,0,161
6120739,1,1,1,1,1,0,161
6125048,1,0,1,0,0,0,161
6125133,1,1,0,0,0,0,161
6125960,0,0,0,0,1,0,161
6127120,0,0,1,1,0,0,161
6128343,1,0,0,1,1,0,161
6128347,0,1,0,1,0,0,161
6128678,1,1,0,0,0,0,161
6129429,1,0,0,1,1,0,161
6129515,1,1,0,0,0,0,161
6129695,0,0,0,0,1,0,161
6130156,1,0,0,1,1,0,161
6130186,1,1,1,1,1,0,161
6130259,1,1,1,1,1,0,161
6130383,0,0,1,1,0,0,161
6130784,0,0,1,1,0,0,161
6131014,0,1,1,0,1,0,161
6131325,0,0,1,1,0,0,161
6131367,1,0,0,1,1,0,161
6133049,1,1,1,1,1,0,161
6133061,1,1,1,1,1,0,161
6133406,1,1,0,0,0,0,161
6133708,1,0,0,1,1,0,161
6133867,1,1,0,0,0,0,161
6134148,1,1,0,0,0,0,161
6134786,0,1,0,1,0,0,161
6135345,0,1,0,1,0,0,161
6137013,1,1,0,0,0,0,161
6138006,1,1,0,0,0,0,161
6138517,0,0,1,1,0,0,161
6138867,0,1,1,0,1,0,161
6139313,1,0,0,0,1,1,161
6141481,1,0,0,1,1,0,161
6142813,0,0,1,1,0,0,161
6143005,0,0,1,1,0,0,161
6143728,0,0,1,1,0,0,161
6143816,1,0,1,0,0,0,161
6143817,0,0,1,1,0,0,161
6143896,0,0,0,0,1,0,161
6145178,1,1,1,1,1,0,161
6147189,0,0,1,1,0,0,161
6147587,0,1,0,1,0,0,161
6150571,0,0,0,0,1,0,161
6150814,1,0,1,0,0,0,161
6153210,1,0,1,0,0,0,161
6156496,1,0,1,0,0,0,161
6157293,0,0,0,0,1,0,161
6159740,1,1,0,0,0,0,161
6159888,0,0,0,0,1,0,161
6160482,0,1,1,0,1,0,132
6162181,0,1,0,1,0,0,132
6162636,1,1,1,1,1,0,132
6163706,0,1,1,0,1,0,132
6165626,0,0,1,1,0,0,132
6167831,0,0,1,1,0,0,132
6167976,1,0,0,1,1,0,132
6168456,1,0,0,1,1,0,132
6169106,1,1,0,0,0,0,132
6171072,1,1,1,0,1,1,132
6171462,1,0,1,0,0,0,132
6172366,0,1,0,1,0,0,132
6173088,0,0,1,0,0,0,132
6173178,1,0,1,0,0,0,132
6174731,0,0,1,1,0,0,132
6178810,0,1,1,0,1,0,132
6180011,0,0,1,1,0,0,132
6181488,1,1,1,1,1,0,132
6182993,1,1,0,0,0,0,132
6183043,1,0,1,0,0,0,132
6183340,1,0,0,1,1,0,132
6183723,0,0,1,1,0,0,132
6185030,0,0,1,1,0,0,132
6185841,0,1,1,0,1,0,132
6186691,0,0,0,0,1,0,132
6187274,1,1,0,0,0,0,132
6187915,0,1,1,0,1,0,132
6187964,0,1,1,0,1,0,132
6189596,0,1,0,1,0,0,132
6192320,1,1,1,1,1,0,132
6194294,1,1,0,1,0,0,132
6195148,1,1,0,0,0,0,132
6195578,0,1,1,0,1,0,132
6195793,1,0,0,1,1,0,132
6196943,1,0,0,1,1,0,132
6197374,1,1,1,1,1,0,132
6198981,1,0,0,1,1,0,132
6199503,1,0,1,0,0,0,132
6200302,0,0,1,1,0,0,132
6201082,0,1,0,0,0,0,132
6201687,0,0,0,0,1,0,132
6202144,1,0,1,0,0,0,132
6202163,1,0,0,1,1,0,132
6202349,1,1,1,1,1,0,132
6202978,1,1,0,1,0,0,132
6203942,0,0,1,1,0,0,132
6205121,0,0,0,0,1,0,132
6206053,1,0,0,1,1,0,132
6207003,0,0,0,1,1,1,132
6208006,0,0,0,0,1,0,132
6209554,1,0,0,1,1,0,132
6212272,0,1,0,1,0,0,132
6212841,1,1,1,1,1,0,132
6213080,0,1,0,1,0,0,132
6214112,0,1,1,0,1,0,132
6214613,0,1,0,1,0,0,132
6214659,1,1,0,0,0,0,132
6215610,0,0,0,0,1,0,132
6215684,0,0,0,0,1,0,132
6216892,0,0,1,1,0,0,132
6217156,1,0,1,0,0,0,132
6219273,0,1,0,1,0,0,132
6219387,0,0,0,0,1,0,132
6219439,1,0,0,1,1,0,132
6222729,0,1,1,0,1,0,132
6224534,0,0,0,0,1,0,132
6225644,0,0,1,1,0,0,132
6226047,1,1,1,1,1,0,116
6226262,0,1,1,0,1,0,116
6227505,1,0,1,0,0,0,116
6229951,1,1,0,0,0,0,116
6230384,1,1,0,0,0,0,116
6230666,1,1,0,0,0,0,116
6230741,0,1,0,1,0,0,116
6230765,0,1,0,1,0,0,116
6232698,0,1,0,1,0,0,116
6233346,1,0,0,1,1,0,116
6233487,0,0,0,0,1,0,116
6234143,0,1,1,0,1,0,116
6237223,0,1,1,0,1,0,116
6237322,1,1,0,0,0,0,116
6238750,1,1,0,0,0,0,116
6239274,1,0,0,1,1,0,116
6239691,0,0,1,0,0,0,116
6240329,1,0,1,0,0,0,116
6241352,1,0,0,1,1,0,116
6242052,1,1,0,0,0,0,116
6242365,0,1,0,1,0,0,116
6242475,0,0,1,1,0,0,116
6242930,1,1,1,1,1,0,116
6243044,1,0,0,1,1,0,116
6243069,1,1,1,1,1,0,116
6243218,0,1,1,0,1,0,116
6243574,1,0,0,1,1,0,116
6243580,0,0,0,0,1,0,116
6243725,0,1,0,1,0,0,116
6243868,1,1,0,0,0,0,116
6245653,1,0,0,1,1,0,116
6247096,1,0,0,1,1,0,116
6248881,0,1,0,1,0,0,116
6252558,1,1,1,1,1,0,116
6254917,0,0,0,0,1,0,116
6255627,1,1,0,0,0,0,116
6255695,1,0,0,1,1,0,116
6256085,0,0,0,0,1,0,116
6256142,1,0,0,1,1,0,116
6257061,0,1,0,1,0,0,116
6257143,1,0,1,0,0,0,116
6257893,1,1,0,0,0,0,116
6257922,1,1,0,0,0,0,116
6258329,1,1,1,1,1,0,116
6260350,0,0,1,1,0,0,116
6260523,1,1,0,0,0,0,116
6260572,0,0,1,1,0,0,116
6263046,0,1,0,1,0,0,116
6263585,1,1,1,1,1,0,116
6264255,0,1,0,1,0,0,116
6264648,0,1,0,1,0,0,116
6265128,1,0,0,1,1,0,116
6265949,0,1,1,0,1,0,116
6266111,1,0,1,0,0,0,116
6266421,0,1,1,0,1,0,116
6267074,1,1,1,0,1,1,116
6267422,1,0,1,0,0,0,116
6267868,1,0,1,0,0,0,116
6268509,0,1,0,1,0,0,116
6269818,1,1,0,0,0,0,116
6271429,0,1,1,0,1,0,116
6273024,1,1,0,0,0,0,116
6276593,1,0,1,0,0,0,116
6277622,1,0,1,0,0,0,116
6279904,1,0,0,1,1,0,116
6281290,0,1,0,1,0,0,116
6283005,0,1,0,1,0,0,116
6284230,1,1,0,0,0,0,116
6284735,1,0,1,0,0,0,116
6286791,0,1,1,0,1,0,116
6288121,1,0,1,0,0,0,116
6289897,1,0,1,0,0,0,116
6289989,0,0,0,0,1,0,116
6290589,1,0,1,0,0,0,116
6291048,1,1,1,1,1,0,116
6294892,0,0,1,1,0,0,83
6295928,0,1,0,1,0,0,83
6299465,0,1,0,1,0,0,83
6302631,1,1,1,1,1,0,83
6305704,1,1,0,0,0,0,83
6306414,0,1,1,0,1,0,83
6313943,0,0,1,1,0,0,83
6314326,1,1,0,0,0,0,83
6314532,0,1,0,1,0,0,83
6314960,1,1,1,1,1,0,83
6316534,1,1,0,0,0,0,83
6318118,0,0,1,1,0,0,83
6319472,1,0,1,0,0,0,83
6321366,1,0,1,0,0,0,83
6321993,1,0,0,1,1,0,83
6322714,1,0,1,0,0,0,83
6324401,0,0,0,0,1,0,83
6325807,0,0,1,1,0,0,83
6329587,0,0,0,0,1,0,83
6331152,0,0,1,1,0,0,83
6333307,1,1,1,1,1,0,83
6333776,1,1,0,0,0,0,83
6333883,1,0,0,1,1,0,83
6334735,1,0,1,0,0,0,83
6335832,1,0,0,1,1,0,83
6336016,1,0,0,1,1,0,83
6336898,0,1,1,0,1,0,83
6337724,0,1,1,0,1,0,83
6337761,0,0,0,0,1,0,83
6338684,0,1,1,0,1,0,83
6339710,1,1,1,1,1,0,83
6342772,0,0,0,0,1,0,83
6344825,0,1,0,1,0,0,83
6345823,1,0,0,1,1,0,83
6347373,1,1,0,0,0,0,83
6348657,0,1,0,1,0,0,83
6350574,0,0,0,0,1,0,83
6351243,1,1,0,0,0,0,83
6351788,0,1,1,0,1,0,83
6352533,0,0,1,1,0,0,83
6353010,1,1,1,1,1,0,83
6354408,0,0,0,0,1,0,83
6354772,0,1,0,1,0,0,83
6355218,0,0,0,0,1,0,83
6355507,1,0,0,1,1,0,83
6357265,0,0,1,1,0,0,119
6358217,1,0,0,1,1,0,119
6359174,0,1,1,0,1,0,119
6361283,1,1,1,1,1,0,119
6361965,1,0,0,1,1,0,119
6363872,0,1,1,0,1,0,119
6364693,0,0,0,0,1,0,119
6365310,0,0,0,0,1,0,119
6365312,0,1,1,0,1,0,119
6365355,1,0,1,0,0,0,119
6365861,1,0,0,1,1,0,119
6369532,0,0,0,0,1,0,119
6369643,0,0,0,0,1,0,119
6370013,0,1,1,0,1,0,119
6370913,1,0,1,0,0,0,119
6373641,1,0,1,0,0,0,119
6373825,0,0,0,0,1,0,119
6373988,0,1,0,1,0,0,119
6374153,0,1,1,0,1,0,119
6374333,0,1,0,1,0,0,119
6375470,1,0,1,0,0,0,119
6375883,0,0,1,1,0,0,119
6377654,0,1,1,1,1,1,119
6378448,1,1,1,1,1,0,119
6379603,0,1,0,1,0,0,119
6380697,1,0,1,0,0,0,119
6380780,1,0,1,0,0,0,119
6381371,0,0,1,1,0,0,119
6382760,1,1,0,0,0,0,119
6383648,1,1,1,1,1,0,119
6384879,1,0,1,1,0,0,119
6385433,0,1,1,0,1,0,119
6385483,0,1,1,0,1,0,119
6385846,1,1,0,0,0,0,119
6392264,0,1,1,0,1,0,119
6393928,1,0,1,0,0,0,119
6396621,0,0,0,0,1,0,119
6398521,1,0,0,1,1,0,119
6398576,0,1,1,0,1,0,119
6400948,0,1,1,0,1,0,119
6401058,1,0,1,0,0,0,119
6403592,1,0,0,1,1,0,119
6405106,0,1,0,1,0,0,119
6406138,0,0,0,0,1,0,119
6406332,1,1,0,0,0,0,119
6406409,1,1,0,0,0,0,119
6408486,0,0,1,1,0,0,119
6409612,1,0,0,0,1,1,119
6411142,0,1,0,1,0,0,119
6412074,0,1,1,0,1,0,119
6413658,1,1,0,0,0,0,119
6415548,1,1,1,1,1,0,119
6416908,1,0,1,0,0,0,119
6416916,0,0,1,1,0,0,119
6417026,0,1,0,1,0,0,119
6417436,0,1,0,1,0,0,119
6419244,0,0,0,0,1,0,119
6420697,0,0,1,1,0,0,119
6421191,1,0,1,0,0,0,119
6424152,1,1,0,0,0,0,127
6426275,0,1,0,1,0,0,127
6426315,1,0,1,0,0,0,127
6427453,1,1,0,0,0,0,127
6429601,1,0,0,1,1,0,127
6430302,0,1,1,0,1,0,127
6432952,0,1,0,1,0,0,127
6433896,0,0,1,1,0,0,127
6434124,1,0,1,0,0,0,127
6436915,0,1,1,1,1,1,127
6441839,0,1,0,1,0,0,127
6443151,0,0,0,0,1,0,127
6443247,1,1,0,0,0,0,127
6444613,1,1,1,0,1,1,127
6445082,0,0,1,1,0,0,127
6445232,0,0,1,1,0,0,127
6446083,0,0,1,1,0,0,127
6446640,0,1,1,0,1,0,127
6446926,1,1,0,0,0,0,127
6447921,1,0,0,1,1,0,127
6448737,0,0,0,0,1,0,127
6457420,0,0,1,1,0,0,127
6458170,0,1,0,1,0,0,127
6459137,0,1,1,0,1,0,127
6459286,0,1,1,0,1,0,127
6459647,0,0,0,0,1,0,127
6461945,0,1,0,1,0,0,127
6462264,1,0,1,0,0,0,127
6462501,1,1,0,0,0,0,127
6462841,0,0,1,1,0,0,127
6462933,0,1,1,0,1,0,127
6463153,0,1,1,0,1,0,127
6463742,0,0,0,0,1,0,127
6467279,0,0,0,0,1,0,127
6469493,1,1,1,1,1,0,127
6469615,1,1,0,0,0,0,127
6469640,1,0,0,1,1,0,127
6473339,1,1,1,1,1,0,127
6475127,1,1,0,0,0,0,127
6475360,0,0,0,0,1,0,127
6476286,1,1,1,1,1,0,127
6477597,0,0,0,0,1,0,127
6479675,0,1,0,1,0,0,127
6481445,0,1,1,0,1,0,127
6482489,1,0,0,1,1,0,127
6483902,0,0,1,1,0,0,127
6484244,0,1,1,0,1,0,127
6484602,0,1,0,1,0,0,127
6485764,0,1,0,1,0,0,127
6486996,1,0,1,1,0,0,127
6488475,1,0,1,0,0,0,108
6488619,1,0,1,0,0,0,108
6488830,1,0,0,1,1,0,108
6489480,0,0,1,1,0,0,108
6490206,0,0,1,1,0,0,108
6491605,0,0,1,1,0,0,108
6492708,1,1,0,0,0,0,108
6492866,0,1,1,0,1,0,108
6492972,1,0,1,0,0,0,108
6497982,0,0,1,1,0,0,108
6497996,1,1,1,1,1,0,108
6502540,0,1,0,1,0,0,108
6502615,0,0,0,0,1,0,108
6503483,1,0,0,1,1,0,108
6503606,1,1,1,1,1,0,108
6511334,1,1,0,0,0,0,108
6513196,1,1,1,1,1,0,108
6515656,0,0,0,0,1,0,108
6515747,0,1,1,0,1,0,108
6516093,1,1,0,0,0,0,108
6516639,1,1,1,0,1,1,108
6516856,1,1,1,1,1,0,108
6517675,1,0,0,1,1,0,108
6517968,1,1,1,1,1,0,108
6519462,1,0,0,1,1,0,108
6519951,1,0,0,1,1,0,108
6521740,1,0,0,1,1,0,108
6522250,1,1,0,0,0,0,108
6523016,0,0,1,1,0,0,108
6525402,1,1,1,1,1,0,108
6526269,1,1,0,0,0,0,108
6526495,1,0,0,1,1,0,108
6526632,0,0,1,1,0,0,108
6528248,0,0,1,0,0,0,108
6528752,0,0,1,1,0,0,108
6528805,1,0,0,1,1,0,108
6529404,1,1,0,0,0,0,108
6530170,0,1,0,1,0,0,108
6530517,1,1,0,0,0,0,108
6533796,0,0,1,1,0,0,108
6534463,0,0,1,1,0,0,108
6534754,1,0,1,0,0,0,108
6535032,1,1,1,1,1,0,108
6535900,0,1,0,1,0,0,108
6536239,1,0,0,1,1,0,108
6536287,1,0,0,1,1,0,108
6536576,0,1,0,1,0,0,108
6539661,1,0,0,1,1,0,108
6544648,0,1,1,0,1,0,108
6545074,0,1,1,0,1,0,108
6546400,0,0,0,0,1,0,108
6547283,1,0,1,0,0,0,108
6552125,1,1,1,1,1,0,108
6553656,1,0,1,0,0,0,113
6557228,0,0,0,0,1,0,113
6557814,0,1,0,1,0,0,113
6560451,1,1,1,1,1,0,113
6561505,0,0,0,0,1,0,113
6561828,0,1,1,0,1,0,113
6561984,0,1,0,0,0,0,113
6563512,0,0,1,1,0,0,113
6563557,0,1,1,0,1,0,113
6566208,0,1,1,0,1,0,113
6567627,0,0,1,1,0,0,113
6567978,0,0,0,0,1,0,113
6568222,0,1,1,0,1,0,113
6568702,1,1,0,0,0,0,113
6568989,0,0,1,1,0,0,113
6569212,0,0,1,1,0,0,113
6569342,0,0,0,0,1,0,113
6570826,1,0,0,1,1,0,113
6571177,0,1,1,0,1,0,113
6571610,1,0,1,0,0,0,113
6571771,0,1,0,1,0,0,113
6571989,0,0,0,0,1,0,113
6572037,0,0,1,1,0,0,113
6572473,1,0,1,0,0,0,113
6573498,1,0,1,0,0,0,113
6575620,1,1,1,1,1,0,113
6575847,1,1,0,0,0,0,113
6575966,1,1,0,0,0,0,113
6577131,1,1,1,1,1,0,113
6577350,1,1,0,0,0,0,113
6577658,1,0,1,0,0,0,113
6578129,1,1,1,1,1,0,113
6578359,0,0,0,0,1,0,113
6581265,1,1,1,1,1,0,113
6581779,0,1,1,0,1,0,113
6584630,0,0,1,1,0,0,113
6585267,1,1,0,0,0,0,113
6586256,1,1,1,0,1,1,113
6588017,0,0,1,1,0,0,113
6589036,1,0,1,0,0,0,113
6589676,1,0,0,1,1,0,113
6591329,1,0,1,0,0,0,113
6593243,1,1,0,0,0,0,113
6597293,1,0,0,1,1,0,113
6597520,1,1,1,1,1,0,113
6605280,0,1,0,1,0,0,113
6608035,1,1,1,1,1,0,113
6608634,0,1,1,0,1,0,113
6610566,0,0,0,0,1,0,113
6611362,1,0,0,1,1,0,113
6611741,1,1,1,1,1,0,113
6612301,0,1,0,0,0,0,113
6612336,0,1,0,1,0,0,113
6612853,1,1,0,0,0,0,113
6613044,1,0,1,0,0,0,113
6616714,1,0,0,1,1,0,113
6617930,1,0,0,1,1,0,113
6618024,0,0,1,1,0,0,113
6618530,0,0,1,1,0,0,113
6620492,0,1,0,1,0,0,134
6620679,1,0,1,0,0,0,134
6620758,0,1,1,0,1,0,134
6623651,0,0,0,0,1,0,134
6626115,1,0,1,0,0,0,134
6628030,1,1,1,1,1,0,134
6628646,0,1,0,0,0,0,134
6629150,0,0,1,1,0,0,134
6629409,1,1,1,1,1,0,134
6629710,1,1,0,0,0,0,134
6629955,1,1,0,0,0,0,134
6631501,1,1,0,0,0,0,134
6631519,1,1,0,0,0,0,134
6631520,0,1,1,0,1,0,134
6632216,0,1,0,1,0,0,134
6632221,1,0,1,0,0,0,134
6632572,1,1,0,1,0,0,134
6635331,1,0,0,1,1,0,134
6639633,1,1,1,1,1,0,134
6639779,0,0,1,1,0,0,134
6644487,1,1,0,0,0,0,134
6646681,0,1,1,0,1,0,134
6646874,1,0,1,0,0,0,134
6646926,0,1,1,0,1,0,134
6647576,0,1,0,1,0,0,134
6647859,0,1,0,1,0,0,134
6647883,1,1,1,1,1,0,134
6650038,1,1,1,1,1,0,134
6650860,1,1,0,0,0,0,134
6651972,0,1,0,1,0,0,134
6653119,1,1,1,1,1,0,134
6653471,0,0,0,0,1,0,134
6654017,0,1,1,0,1,0,134
6654591,0,1,1,0,1,0,134
6655486,0,1,0,1,0,0,134
6655490,1,0,1,0,0,0,134
6655634,1,0,1,0,0,0,134
6656280,1,1,1,1,1,0,134
6660641,0,1,1,1,1,1,134
